center_x,center_y,center_z,half_length_x,half_length_y,half_length_z
0.738277,-0.357500,0.401307,0.1,0.1,0.1
0.723075,-0.198162,0.784615,0.1,0.1,0.1
0.745714,-0.594273,0.582352,0.1,0.1,0.1
0.640313,-0.096248,0.784615,0.1,0.1,0.1
0.209587,-0.378074,0.114393,0.1,0.1,0.1
0.370679,0.213333,0.387307,0.1,0.1,0.1
0.326987,0.061055,0.152493,0.1,0.1,0.1
0.950462,0.399075,0.549234,0.1,0.1,0.1
0.627288,-0.010930,0.397307,0.1,0.1,0.1
0.603374,0.003829,0.531948,0.1,0.1,0.1
0.768065,-0.597565,0.416762,0.1,0.1,0.1
0.506468,-0.358638,0.505851,0.1,0.1,0.1
0.582831,-0.273537,0.774615,0.1,0.1,0.1
0.697857,-0.059470,0.397307,0.1,0.1,0.1
0.631332,-0.624821,0.784615,0.1,0.1,0.1
0.374679,0.006412,0.012565,0.1,0.1,0.1
0.361162,0.115319,0.290393,0.1,0.1,0.1
0.220084,-0.338810,0.217943,0.1,0.1,0.1
0.630920,-0.062093,0.017388,0.1,0.1,0.1
0.996038,0.216434,0.545250,0.1,0.1,0.1
0.745425,0.437599,0.097062,0.1,0.1,0.1
0.599179,-0.461182,0.387307,0.1,0.1,0.1
0.722870,0.459921,0.535075,0.1,0.1,0.1
0.493792,-0.088195,0.014000,0.1,0.1,0.1
0.722228,0.207148,0.401307,0.1,0.1,0.1
1.010561,0.393358,0.575870,0.1,0.1,0.1
0.829474,-0.367870,0.628642,0.1,0.1,0.1
0.896647,-0.116613,0.422329,0.1,0.1,0.1
0.508572,-0.277206,0.695449,0.1,0.1,0.1
0.936561,0.402791,0.191494,0.1,0.1,0.1
0.925687,-0.046708,0.095888,0.1,0.1,0.1
0.879736,0.058683,0.000000,0.1,0.1,0.1
0.716131,0.328027,0.113690,0.1,0.1,0.1
0.798918,-0.379779,0.629027,0.1,0.1,0.1
0.557731,-0.093331,0.690830,0.1,0.1,0.1
0.305247,-0.527833,0.097557,0.1,0.1,0.1
0.674995,0.298882,0.014000,0.1,0.1,0.1
0.600703,-0.064366,0.068713,0.1,0.1,0.1
0.637901,-0.265902,0.401307,0.1,0.1,0.1
0.754802,-0.400761,0.397307,0.1,0.1,0.1
0.998713,0.386175,0.704673,0.1,0.1,0.1
0.492202,-0.412002,0.575071,0.1,0.1,0.1
0.590593,-0.141540,0.384189,0.1,0.1,0.1
1.036126,0.386523,0.056046,0.1,0.1,0.1
0.496207,0.516379,0.205739,0.1,0.1,0.1
0.812431,0.290027,0.774615,0.1,0.1,0.1
0.508436,-0.471117,0.784615,0.1,0.1,0.1
0.569209,-0.237014,0.133018,0.1,0.1,0.1
0.799151,-0.371065,0.387307,0.1,0.1,0.1
0.824212,0.184822,0.774615,0.1,0.1,0.1
0.484461,-0.579886,0.731400,0.1,0.1,0.1
0.798894,-0.308751,0.387307,0.1,0.1,0.1
0.972785,0.366781,0.397307,0.1,0.1,0.1
0.597187,-0.393170,0.774615,0.1,0.1,0.1
0.268299,-0.232031,0.383196,0.1,0.1,0.1
0.649114,0.380173,0.014000,0.1,0.1,0.1
0.237365,-0.347737,0.073528,0.1,0.1,0.1
0.248631,-0.305596,0.268681,0.1,0.1,0.1
0.756486,0.126979,0.784615,0.1,0.1,0.1
0.765143,-0.213093,0.387307,0.1,0.1,0.1
0.976361,0.361944,0.397307,0.1,0.1,0.1
0.627493,0.094046,0.483669,0.1,0.1,0.1
0.720940,0.443578,0.646280,0.1,0.1,0.1
0.888503,-0.060181,0.403952,0.1,0.1,0.1
0.994175,0.350566,0.513161,0.1,0.1,0.1
0.951421,0.049548,0.112579,0.1,0.1,0.1
0.515884,-0.031339,0.056401,0.1,0.1,0.1
0.799340,0.063823,0.397307,0.1,0.1,0.1
0.487941,0.409397,0.010000,0.1,0.1,0.1
0.952573,0.398510,0.732095,0.1,0.1,0.1
0.417917,-0.005148,0.292255,0.1,0.1,0.1
0.543570,-0.219862,0.511936,0.1,0.1,0.1
0.611798,-0.056981,0.011230,0.1,0.1,0.1
0.553789,-0.037332,0.047704,0.1,0.1,0.1
0.359530,-0.116883,0.014000,0.1,0.1,0.1
0.736615,-0.628306,0.736894,0.1,0.1,0.1
0.961386,0.125538,0.559734,0.1,0.1,0.1
0.644733,-0.622013,0.774615,0.1,0.1,0.1
0.980286,0.157515,0.179848,0.1,0.1,0.1
0.662463,0.476071,0.210081,0.1,0.1,0.1
0.737118,-0.131177,0.000000,0.1,0.1,0.1
0.665929,-0.001883,0.397307,0.1,0.1,0.1
0.960397,0.208734,0.763497,0.1,0.1,0.1
0.552365,-0.186966,0.577075,0.1,0.1,0.1
0.759709,-0.653474,0.274088,0.1,0.1,0.1
0.777835,0.334459,0.774615,0.1,0.1,0.1
0.857886,-0.300313,0.773378,0.1,0.1,0.1
0.902534,0.396450,0.774615,0.1,0.1,0.1
0.351159,0.077902,0.118885,0.1,0.1,0.1
0.584397,-0.067152,0.593347,0.1,0.1,0.1
0.776731,-0.111427,0.147575,0.1,0.1,0.1
0.701931,-0.019200,0.397307,0.1,0.1,0.1
0.936196,0.031315,0.769619,0.1,0.1,0.1
0.338926,-0.536837,0.356707,0.1,0.1,0.1
0.890907,0.425348,0.133536,0.1,0.1,0.1
0.603798,0.078981,0.611408,0.1,0.1,0.1
0.918065,-0.036502,0.633184,0.1,0.1,0.1
0.475292,-0.401687,0.702142,0.1,0.1,0.1
0.968146,0.394347,0.121875,0.1,0.1,0.1
0.729923,-0.374726,0.397307,0.1,0.1,0.1
0.977204,0.199687,0.397307,0.1,0.1,0.1
0.570255,0.496582,0.031398,0.1,0.1,0.1
0.384071,-0.548907,0.074549,0.1,0.1,0.1
0.464996,-0.574682,0.599102,0.1,0.1,0.1
0.636213,0.029099,0.206074,0.1,0.1,0.1
0.941306,0.011713,0.772362,0.1,0.1,0.1
0.509907,-0.345775,0.483300,0.1,0.1,0.1
0.607658,0.019855,0.458433,0.1,0.1,0.1
0.528769,-0.049275,0.254008,0.1,0.1,0.1
0.734122,0.467264,0.722373,0.1,0.1,0.1
0.493689,-0.025405,0.316478,0.1,0.1,0.1
0.881911,-0.084840,0.427019,0.1,0.1,0.1
0.952996,0.196539,0.736019,0.1,0.1,0.1
0.768622,-0.394823,0.387307,0.1,0.1,0.1
0.634854,0.121578,0.750665,0.1,0.1,0.1
0.621489,-0.354036,0.387307,0.1,0.1,0.1
0.717750,0.431648,0.427176,0.1,0.1,0.1
0.684928,0.308876,0.465830,0.1,0.1,0.1
0.517190,-0.588636,0.440811,0.1,0.1,0.1
0.184642,-0.471377,0.241633,0.1,0.1,0.1
0.493951,0.516982,0.015027,0.1,0.1,0.1
0.241906,-0.515040,0.063068,0.1,0.1,0.1
0.567637,-0.611684,0.000000,0.1,0.1,0.1
0.667421,-0.518840,0.000000,0.1,0.1,0.1
0.965442,0.395070,0.319241,0.1,0.1,0.1
1.028444,0.337644,0.029010,0.1,0.1,0.1
0.527732,-0.279101,0.668595,0.1,0.1,0.1
0.379681,0.005075,0.340537,0.1,0.1,0.1
0.873820,0.419565,0.428041,0.1,0.1,0.1
0.351638,0.153261,0.077428,0.1,0.1,0.1
0.593098,-0.034605,0.588377,0.1,0.1,0.1
0.246056,-0.387703,0.014000,0.1,0.1,0.1
0.360857,-0.334037,0.014000,0.1,0.1,0.1
0.865680,0.210548,0.774615,0.1,0.1,0.1
0.507814,-0.280042,0.713033,0.1,0.1,0.1
0.638388,0.146257,0.010000,0.1,0.1,0.1
0.679556,0.280153,0.010000,0.1,0.1,0.1
0.873660,0.429959,0.189998,0.1,0.1,0.1
1.007066,0.257684,0.409966,0.1,0.1,0.1
0.502532,-0.580577,0.598265,0.1,0.1,0.1
0.599444,-0.071596,0.397307,0.1,0.1,0.1
0.489454,-0.535332,0.347776,0.1,0.1,0.1
0.765815,-0.357491,0.401307,0.1,0.1,0.1
0.560776,-0.043341,0.057843,0.1,0.1,0.1
0.504848,-0.477752,0.083244,0.1,0.1,0.1
0.463252,-0.031760,0.305637,0.1,0.1,0.1
0.799876,-0.216911,0.397307,0.1,0.1,0.1
0.232414,-0.292689,0.149563,0.1,0.1,0.1
0.617775,0.131260,0.409532,0.1,0.1,0.1
0.596874,-0.521271,0.010000,0.1,0.1,0.1
0.531762,-0.592532,0.587991,0.1,0.1,0.1
0.681478,0.470987,0.046762,0.1,0.1,0.1
0.495931,-0.026004,0.180540,0.1,0.1,0.1
0.584867,0.496816,0.157311,0.1,0.1,0.1
0.875159,-0.127391,0.190894,0.1,0.1,0.1
0.887385,0.426289,0.308626,0.1,0.1,0.1
0.733260,0.457143,0.747796,0.1,0.1,0.1
0.614682,0.119692,0.398764,0.1,0.1,0.1
0.261474,-0.183992,0.232466,0.1,0.1,0.1
0.883703,-0.062650,0.722388,0.1,0.1,0.1
0.797615,0.439938,0.543461,0.1,0.1,0.1
0.608213,-0.051882,0.042175,0.1,0.1,0.1
0.568512,-0.224134,0.057274,0.1,0.1,0.1
0.694397,0.417860,0.465932,0.1,0.1,0.1
0.600977,0.488369,0.338286,0.1,0.1,0.1
1.026134,0.378844,0.265976,0.1,0.1,0.1
0.513336,-0.177206,0.010000,0.1,0.1,0.1
0.865258,0.417713,0.685393,0.1,0.1,0.1
0.648143,0.073723,0.023468,0.1,0.1,0.1
0.944046,0.147575,0.602821,0.1,0.1,0.1
0.703639,-0.491133,0.774615,0.1,0.1,0.1
0.668596,0.247789,0.718897,0.1,0.1,0.1
0.743148,-0.378624,0.784615,0.1,0.1,0.1
0.975110,0.392485,0.522504,0.1,0.1,0.1
0.435353,-0.566757,0.119258,0.1,0.1,0.1
0.608275,-0.611017,0.784615,0.1,0.1,0.1
0.735945,0.452285,0.214943,0.1,0.1,0.1
0.541303,-0.228342,0.557392,0.1,0.1,0.1
0.634068,0.192202,0.734985,0.1,0.1,0.1
0.581113,-0.048778,0.122201,0.1,0.1,0.1
0.551981,-0.055481,0.024611,0.1,0.1,0.1
0.457022,0.473877,0.081496,0.1,0.1,0.1
0.321017,-0.034839,0.341299,0.1,0.1,0.1
0.494539,-0.500824,0.328126,0.1,0.1,0.1
0.652982,-0.542639,0.397307,0.1,0.1,0.1
0.691951,0.335149,0.441092,0.1,0.1,0.1
0.745814,-0.593900,0.736946,0.1,0.1,0.1
0.852064,-0.210085,0.000000,0.1,0.1,0.1
0.585085,-0.162142,0.090882,0.1,0.1,0.1
0.627732,-0.614049,0.444033,0.1,0.1,0.1
0.889227,-0.183086,0.664125,0.1,0.1,0.1
0.513078,-0.026448,0.141138,0.1,0.1,0.1
0.457125,0.530968,0.328045,0.1,0.1,0.1
0.978570,0.276708,0.607418,0.1,0.1,0.1
0.571144,-0.229777,0.071666,0.1,0.1,0.1
0.742584,0.171795,0.784615,0.1,0.1,0.1
0.612877,0.192522,0.014000,0.1,0.1,0.1
0.469749,-0.571813,0.156996,0.1,0.1,0.1
0.715886,0.037636,0.397307,0.1,0.1,0.1
0.331886,0.003361,0.358600,0.1,0.1,0.1
0.638874,-0.055346,0.397307,0.1,0.1,0.1
0.777902,-0.473876,0.675907,0.1,0.1,0.1
0.462857,-0.574111,0.383221,0.1,0.1,0.1
0.775036,-0.484598,0.720347,0.1,0.1,0.1
0.985639,0.303151,0.520814,0.1,0.1,0.1
0.975939,0.179972,0.479335,0.1,0.1,0.1
0.529720,-0.591986,0.653835,0.1,0.1,0.1
0.593629,0.015736,0.010000,0.1,0.1,0.1
0.922232,-0.020915,0.007680,0.1,0.1,0.1
0.740354,-0.379620,0.387307,0.1,0.1,0.1
1.002722,0.395454,0.120070,0.1,0.1,0.1
0.906943,0.008791,0.702861,0.1,0.1,0.1
0.782004,-0.028226,0.774615,0.1,0.1,0.1
0.685528,0.198070,0.273437,0.1,0.1,0.1
0.919112,0.417807,0.331169,0.1,0.1,0.1
0.761037,0.445577,0.534233,0.1,0.1,0.1
0.436122,-0.566963,0.416978,0.1,0.1,0.1
0.972125,0.126988,0.493439,0.1,0.1,0.1
0.599438,-0.324550,0.397307,0.1,0.1,0.1
0.950078,0.348769,0.000000,0.1,0.1,0.1
0.869701,-0.115020,0.603540,0.1,0.1,0.1
0.824920,-0.423621,0.466456,0.1,0.1,0.1
0.547809,-0.301572,0.333079,0.1,0.1,0.1
0.646954,0.069274,0.213989,0.1,0.1,0.1
0.780507,-0.464132,0.530233,0.1,0.1,0.1
0.697063,-0.240023,0.010000,0.1,0.1,0.1
0.351170,-0.526726,0.014000,0.1,0.1,0.1
0.577076,0.494758,0.299884,0.1,0.1,0.1
0.989708,0.388582,0.748598,0.1,0.1,0.1
0.739752,0.400891,0.317674,0.1,0.1,0.1
0.522809,-0.410569,0.381496,0.1,0.1,0.1
0.922928,-0.018313,0.717429,0.1,0.1,0.1
0.760135,0.034058,0.401307,0.1,0.1,0.1
0.445818,0.431969,0.019736,0.1,0.1,0.1
0.293774,-0.198673,0.010000,0.1,0.1,0.1
0.665860,-0.628383,0.782356,0.1,0.1,0.1
0.743779,0.415956,0.327496,0.1,0.1,0.1
0.489750,-0.347606,0.466707,0.1,0.1,0.1
0.515712,-0.598592,0.586552,0.1,0.1,0.1
0.542217,-0.038379,0.085967,0.1,0.1,0.1
0.510630,-0.456125,0.126448,0.1,0.1,0.1
0.652419,0.019348,0.397307,0.1,0.1,0.1
0.827706,-0.125055,0.258647,0.1,0.1,0.1
0.644256,-0.065659,0.337264,0.1,0.1,0.1
0.434926,-0.552674,0.712024,0.1,0.1,0.1
0.565196,-0.236536,0.034379,0.1,0.1,0.1
0.975378,0.219909,0.010000,0.1,0.1,0.1
0.969175,0.154673,0.473933,0.1,0.1,0.1
0.664935,0.185700,0.000000,0.1,0.1,0.1
1.030772,0.387955,0.370705,0.1,0.1,0.1
0.842052,0.423917,0.633769,0.1,0.1,0.1
0.831514,-0.360239,0.237049,0.1,0.1,0.1
0.276604,-0.329209,0.014000,0.1,0.1,0.1
0.609100,-0.066611,0.250379,0.1,0.1,0.1
0.737936,-0.229839,0.397307,0.1,0.1,0.1
0.606782,-0.070132,0.364648,0.1,0.1,0.1
0.704610,0.456060,0.571621,0.1,0.1,0.1
0.665176,0.065508,0.397307,0.1,0.1,0.1
0.681281,-0.002794,0.000000,0.1,0.1,0.1
0.978063,0.149200,0.775518,0.1,0.1,0.1
0.450730,0.523907,0.128067,0.1,0.1,0.1
0.533031,-0.050415,0.377410,0.1,0.1,0.1
0.673935,-0.640893,0.732243,0.1,0.1,0.1
0.684062,-0.265231,0.397307,0.1,0.1,0.1
0.356848,0.015320,0.120505,0.1,0.1,0.1
0.610819,-0.067071,0.291175,0.1,0.1,0.1
0.387787,0.288473,0.049905,0.1,0.1,0.1
0.616562,-0.625555,0.762023,0.1,0.1,0.1
0.912085,0.043512,0.475993,0.1,0.1,0.1
0.531551,-0.588335,0.774189,0.1,0.1,0.1
0.850263,-0.290112,0.159765,0.1,0.1,0.1
0.576609,-0.513775,0.010000,0.1,0.1,0.1
0.950832,0.086061,0.682809,0.1,0.1,0.1
0.223854,-0.398271,0.087354,0.1,0.1,0.1
0.499614,0.172092,0.014000,0.1,0.1,0.1
0.760915,-0.663027,0.545774,0.1,0.1,0.1
0.269154,-0.518184,0.293898,0.1,0.1,0.1
0.634597,-0.620025,0.486071,0.1,0.1,0.1
0.454661,0.465047,0.078338,0.1,0.1,0.1
0.578359,-0.190923,0.784615,0.1,0.1,0.1
0.750311,-0.094013,0.015980,0.1,0.1,0.1
0.685732,-0.644047,0.410216,0.1,0.1,0.1
0.299201,-0.526217,0.351658,0.1,0.1,0.1
0.705090,-0.294391,0.010000,0.1,0.1,0.1
0.592782,-0.148839,0.138415,0.1,0.1,0.1
0.684051,0.338234,0.010000,0.1,0.1,0.1
1.000630,0.381522,0.698051,0.1,0.1,0.1
0.648416,0.074741,0.032736,0.1,0.1,0.1
0.760570,-0.285029,0.397307,0.1,0.1,0.1
0.861907,0.061840,0.010000,0.1,0.1,0.1
0.898235,0.423389,0.773813,0.1,0.1,0.1
0.671327,0.160439,0.118950,0.1,0.1,0.1
0.863370,-0.138702,0.423655,0.1,0.1,0.1
0.571148,-0.116707,0.691485,0.1,0.1,0.1
0.606295,-0.065861,0.171087,0.1,0.1,0.1
0.364205,-0.547736,0.204266,0.1,0.1,0.1
0.977136,0.286833,0.547891,0.1,0.1,0.1
0.814373,-0.463071,0.044104,0.1,0.1,0.1
0.856147,-0.085606,0.401307,0.1,0.1,0.1
0.929624,0.380642,0.784615,0.1,0.1,0.1
0.787302,-0.525610,0.637523,0.1,0.1,0.1
0.602495,-0.621794,0.166012,0.1,0.1,0.1
1.010763,0.271511,0.619240,0.1,0.1,0.1
0.784649,0.453756,0.707597,0.1,0.1,0.1
0.974537,0.261623,0.403399,0.1,0.1,0.1
0.420971,0.339031,0.361265,0.1,0.1,0.1
0.635680,-0.620315,0.356371,0.1,0.1,0.1
0.502609,-0.595090,0.007382,0.1,0.1,0.1
0.730341,0.095355,0.397307,0.1,0.1,0.1
0.386675,0.284314,0.259956,0.1,0.1,0.1
0.651531,-0.269960,0.397307,0.1,0.1,0.1
0.913355,0.375932,0.010000,0.1,0.1,0.1
0.883868,-0.164413,0.699074,0.1,0.1,0.1
0.362920,0.121896,0.267762,0.1,0.1,0.1
0.237209,-0.274756,0.070153,0.1,0.1,0.1
0.572175,-0.434938,0.397307,0.1,0.1,0.1
0.420258,-0.438226,0.014000,0.1,0.1,0.1
0.700441,0.136454,0.010000,0.1,0.1,0.1
0.920120,0.080633,0.397307,0.1,0.1,0.1
0.824012,-0.113716,0.104297,0.1,0.1,0.1
0.916878,0.061443,0.457631,0.1,0.1,0.1
0.463715,-0.574340,0.086734,0.1,0.1,0.1
0.460208,-0.461036,0.010000,0.1,0.1,0.1
0.908612,-0.071859,0.150929,0.1,0.1,0.1
0.462158,-0.524379,0.402266,0.1,0.1,0.1
0.205973,-0.501292,0.037939,0.1,0.1,0.1
0.871291,-0.126356,0.190391,0.1,0.1,0.1
0.992913,0.387725,0.052861,0.1,0.1,0.1
0.717041,0.033259,0.010000,0.1,0.1,0.1
0.822396,0.143608,0.784615,0.1,0.1,0.1
0.788223,0.442449,0.566799,0.1,0.1,0.1
0.471650,-0.034004,0.069880,0.1,0.1,0.1
0.471732,0.377093,0.010000,0.1,0.1,0.1
0.977510,0.391843,0.627260,0.1,0.1,0.1
0.183688,-0.474945,0.203961,0.1,0.1,0.1
0.901735,0.407961,0.462469,0.1,0.1,0.1
0.484650,-0.440247,0.474588,0.1,0.1,0.1
0.830139,0.065850,0.401307,0.1,0.1,0.1
0.790509,-0.281473,0.784615,0.1,0.1,0.1
0.551083,-0.118196,0.449272,0.1,0.1,0.1
0.479639,-0.572042,0.257727,0.1,0.1,0.1
0.505850,-0.281626,0.010000,0.1,0.1,0.1
0.521831,-0.398739,0.358504,0.1,0.1,0.1
0.525519,-0.590863,0.557167,0.1,0.1,0.1
0.744777,0.454064,0.113528,0.1,0.1,0.1
0.432678,-0.566042,0.380943,0.1,0.1,0.1
0.835673,-0.383403,0.071285,0.1,0.1,0.1
0.797053,-0.527858,0.559739,0.1,0.1,0.1
0.776364,0.445619,0.507773,0.1,0.1,0.1
0.478789,-0.559735,0.057129,0.1,0.1,0.1
0.586813,-0.311844,0.784615,0.1,0.1,0.1
0.381003,0.189532,0.047907,0.1,0.1,0.1
0.736605,-0.306120,0.784615,0.1,0.1,0.1
0.766722,0.069718,0.774615,0.1,0.1,0.1
0.530219,-0.382851,0.123998,0.1,0.1,0.1
0.558194,-0.053001,0.070251,0.1,0.1,0.1
0.592137,0.131185,0.010000,0.1,0.1,0.1
0.466020,-0.179680,0.010000,0.1,0.1,0.1
0.720055,0.456533,0.107293,0.1,0.1,0.1
0.544662,-0.328831,0.346865,0.1,0.1,0.1
0.519009,-0.311731,0.784081,0.1,0.1,0.1
0.477772,-0.021150,0.361267,0.1,0.1,0.1
0.738187,-0.658071,0.665658,0.1,0.1,0.1
0.802633,-0.242271,0.010000,0.1,0.1,0.1
0.899584,-0.144347,0.068201,0.1,0.1,0.1
0.830738,-0.276246,0.482124,0.1,0.1,0.1
0.783398,0.443739,0.451171,0.1,0.1,0.1
0.286295,-0.164715,0.093770,0.1,0.1,0.1
0.372004,0.229437,0.312489,0.1,0.1,0.1
0.816639,0.356397,0.010000,0.1,0.1,0.1
0.426497,0.344853,0.010000,0.1,0.1,0.1
0.852801,-0.319336,0.516774,0.1,0.1,0.1
0.992250,0.343366,0.433200,0.1,0.1,0.1
0.478013,0.492597,0.014000,0.1,0.1,0.1
0.500701,-0.027280,0.094007,0.1,0.1,0.1
0.423007,-0.427264,0.010000,0.1,0.1,0.1
0.648236,-0.477497,0.784615,0.1,0.1,0.1
0.566126,-0.248546,0.012511,0.1,0.1,0.1
0.615781,-0.129236,0.000000,0.1,0.1,0.1
0.545289,-0.049551,0.250659,0.1,0.1,0.1
0.589967,-0.547599,0.774615,0.1,0.1,0.1
0.216491,-0.504104,0.192667,0.1,0.1,0.1
0.600673,0.186912,0.014000,0.1,0.1,0.1
0.768797,-0.594830,0.669415,0.1,0.1,0.1
0.543017,-0.503591,0.397307,0.1,0.1,0.1
0.731381,0.467997,0.366876,0.1,0.1,0.1
0.636853,0.245808,0.010000,0.1,0.1,0.1
0.848238,0.024960,0.774615,0.1,0.1,0.1
0.512899,-0.430711,0.014000,0.1,0.1,0.1
0.681231,0.280132,0.014000,0.1,0.1,0.1
0.841395,0.372242,0.784615,0.1,0.1,0.1
0.593565,-0.543240,0.397307,0.1,0.1,0.1
0.567458,-0.045127,0.037012,0.1,0.1,0.1
0.594659,-0.052399,0.310348,0.1,0.1,0.1
0.668601,-0.624976,0.410199,0.1,0.1,0.1
0.329098,-0.004614,0.074744,0.1,0.1,0.1
0.580539,-0.605573,0.275794,0.1,0.1,0.1
0.404893,0.278893,0.010375,0.1,0.1,0.1
0.398686,0.329237,0.293766,0.1,0.1,0.1
0.457501,-0.532553,0.774615,0.1,0.1,0.1
0.762047,0.449447,0.735321,0.1,0.1,0.1
0.510706,-0.029955,0.240015,0.1,0.1,0.1
0.614432,-0.624985,0.585285,0.1,0.1,0.1
0.456220,-0.546588,0.509043,0.1,0.1,0.1
0.386725,-0.155942,0.010000,0.1,0.1,0.1
0.639134,-0.621238,0.117366,0.1,0.1,0.1
0.353953,-0.002538,0.360206,0.1,0.1,0.1
0.531660,0.511041,0.242011,0.1,0.1,0.1
0.977934,0.274331,0.673279,0.1,0.1,0.1
0.369055,0.218404,0.359053,0.1,0.1,0.1
0.890771,0.159216,0.010000,0.1,0.1,0.1
0.324980,-0.020016,0.317167,0.1,0.1,0.1
0.744954,-0.581628,0.716317,0.1,0.1,0.1
0.573661,-0.042645,0.273839,0.1,0.1,0.1
0.247137,-0.311184,0.336072,0.1,0.1,0.1
0.468561,-0.029038,0.359325,0.1,0.1,0.1
0.788545,-0.434065,0.648918,0.1,0.1,0.1
0.855159,0.424554,0.406028,0.1,0.1,0.1
0.633250,-0.253048,0.387307,0.1,0.1,0.1
0.910147,-0.104837,0.543569,0.1,0.1,0.1
0.227688,-0.429088,0.014000,0.1,0.1,0.1
0.701099,0.360082,0.397307,0.1,0.1,0.1
0.334293,0.002718,0.010158,0.1,0.1,0.1
0.866971,-0.125234,0.398180,0.1,0.1,0.1
0.877667,-0.187606,0.565035,0.1,0.1,0.1
0.794824,-0.489527,0.000000,0.1,0.1,0.1
0.622876,-0.020787,0.204438,0.1,0.1,0.1
0.685382,0.384138,0.708463,0.1,0.1,0.1
0.728477,-0.643260,0.447521,0.1,0.1,0.1
0.893366,-0.132258,0.190753,0.1,0.1,0.1
0.222868,-0.401960,0.106892,0.1,0.1,0.1
0.605586,-0.065672,0.032590,0.1,0.1,0.1
0.582358,-0.044970,0.134916,0.1,0.1,0.1
0.947813,0.410134,0.118465,0.1,0.1,0.1
0.772802,0.446572,0.777252,0.1,0.1,0.1
0.853658,-0.277413,0.749050,0.1,0.1,0.1
0.676416,0.350602,0.677163,0.1,0.1,0.1
0.789668,0.156805,0.774615,0.1,0.1,0.1
0.918226,-0.035898,0.414626,0.1,0.1,0.1
0.645226,0.233941,0.696045,0.1,0.1,0.1
0.894358,-0.125175,0.297906,0.1,0.1,0.1
0.879938,0.263561,0.774615,0.1,0.1,0.1
0.427493,-0.564656,0.248052,0.1,0.1,0.1
0.403432,-0.015766,0.026677,0.1,0.1,0.1
0.210386,-0.448649,0.253007,0.1,0.1,0.1
0.665488,-0.423784,0.397307,0.1,0.1,0.1
0.783189,0.439654,0.399367,0.1,0.1,0.1
0.959831,0.322759,0.784615,0.1,0.1,0.1
0.439913,0.409881,0.352771,0.1,0.1,0.1
0.860259,-0.141533,0.774615,0.1,0.1,0.1
0.450948,-0.009838,0.128731,0.1,0.1,0.1
0.603393,-0.622034,0.311246,0.1,0.1,0.1
0.684189,-0.540560,0.000000,0.1,0.1,0.1
0.594693,-0.052408,0.167938,0.1,0.1,0.1
0.997386,0.221475,0.103428,0.1,0.1,0.1
0.318562,0.029541,0.152736,0.1,0.1,0.1
0.575070,0.190298,0.014000,0.1,0.1,0.1
0.257910,-0.270888,0.277856,0.1,0.1,0.1
0.598771,-0.090856,0.397307,0.1,0.1,0.1
0.489757,0.038669,0.010000,0.1,0.1,0.1
0.625586,-0.608526,0.397307,0.1,0.1,0.1
0.908039,0.028380,0.430372,0.1,0.1,0.1
0.944642,0.024190,0.374616,0.1,0.1,0.1
0.538472,-0.051869,0.291383,0.1,0.1,0.1
0.957052,0.316758,0.000000,0.1,0.1,0.1
0.535488,-0.255470,0.401307,0.1,0.1,0.1
0.422503,0.158832,0.010000,0.1,0.1,0.1
0.930989,0.330047,0.010000,0.1,0.1,0.1
0.874497,-0.238182,0.349299,0.1,0.1,0.1
0.771072,-0.099563,0.065738,0.1,0.1,0.1
0.793278,0.047868,0.774615,0.1,0.1,0.1
0.694571,0.272400,0.014000,0.1,0.1,0.1
0.628852,-0.382319,0.397307,0.1,0.1,0.1
0.874248,-0.200397,0.304813,0.1,0.1,0.1
0.520654,-0.042965,0.347649,0.1,0.1,0.1
0.339785,0.015741,0.077353,0.1,0.1,0.1
0.599732,0.492842,0.227630,0.1,0.1,0.1
0.453055,-0.317564,0.014000,0.1,0.1,0.1
0.578941,-0.087559,0.565763,0.1,0.1,0.1
0.736247,0.403269,0.152179,0.1,0.1,0.1
0.813063,-0.429254,0.417691,0.1,0.1,0.1
0.961824,0.396037,0.474131,0.1,0.1,0.1
0.787273,-0.273129,0.397307,0.1,0.1,0.1
0.698424,0.359358,0.594299,0.1,0.1,0.1
0.861018,-0.249881,0.289700,0.1,0.1,0.1
0.694784,-0.631976,0.518296,0.1,0.1,0.1
0.760509,0.422629,0.401307,0.1,0.1,0.1
0.651262,0.085387,0.283229,0.1,0.1,0.1
0.572753,-0.223756,0.063950,0.1,0.1,0.1
0.589446,-0.046865,0.169744,0.1,0.1,0.1
0.641707,-0.617785,0.732555,0.1,0.1,0.1
0.766227,-0.483298,0.784615,0.1,0.1,0.1
0.992381,0.202754,0.421491,0.1,0.1,0.1
0.919225,-0.070880,0.008687,0.1,0.1,0.1
0.663945,0.132827,0.018450,0.1,0.1,0.1
0.589149,-0.254990,0.397307,0.1,0.1,0.1
0.756132,-0.240646,0.010000,0.1,0.1,0.1
0.500761,-0.379987,0.719487,0.1,0.1,0.1
0.396943,-0.009891,0.277070,0.1,0.1,0.1
0.916308,0.418557,0.640949,0.1,0.1,0.1
0.865140,0.421885,0.660722,0.1,0.1,0.1
0.919324,0.280846,0.010000,0.1,0.1,0.1
0.924182,-0.052340,0.728806,0.1,0.1,0.1
0.767066,0.149157,0.397307,0.1,0.1,0.1
0.719584,-0.653097,0.756740,0.1,0.1,0.1
0.538739,-0.594398,0.642686,0.1,0.1,0.1
0.628939,-0.109506,0.000000,0.1,0.1,0.1
0.486185,-0.532071,0.013489,0.1,0.1,0.1
0.458826,-0.011944,0.127294,0.1,0.1,0.1
0.991128,0.223767,0.000000,0.1,0.1,0.1
0.731110,-0.595420,0.387307,0.1,0.1,0.1
0.859368,0.081168,0.397307,0.1,0.1,0.1
0.474839,-0.403382,0.611011,0.1,0.1,0.1
0.706603,-0.154687,0.401307,0.1,0.1,0.1
0.771147,-0.009137,0.387307,0.1,0.1,0.1
0.429911,-0.008354,0.159321,0.1,0.1,0.1
0.379823,0.009177,0.384073,0.1,0.1,0.1
0.496315,-0.583055,0.720607,0.1,0.1,0.1
0.745709,0.438661,0.013678,0.1,0.1,0.1
0.852847,-0.319163,0.124978,0.1,0.1,0.1
0.478961,0.525130,0.217392,0.1,0.1,0.1
0.632098,0.484189,0.180834,0.1,0.1,0.1
0.665661,0.221558,0.397307,0.1,0.1,0.1
0.430821,-0.018948,0.299157,0.1,0.1,0.1
1.022565,0.379798,0.561961,0.1,0.1,0.1
0.992405,0.202846,0.387955,0.1,0.1,0.1
0.986773,0.181777,0.685916,0.1,0.1,0.1
0.851033,0.363453,0.387307,0.1,0.1,0.1
0.910980,-0.101719,0.103212,0.1,0.1,0.1
0.566196,0.013971,0.010000,0.1,0.1,0.1
0.972852,0.270808,0.440865,0.1,0.1,0.1
0.640733,0.477740,0.306954,0.1,0.1,0.1
0.732195,0.450041,0.000000,0.1,0.1,0.1
0.858486,0.155808,0.397307,0.1,0.1,0.1
0.450176,-0.566580,0.351656,0.1,0.1,0.1
0.889734,0.341556,0.397307,0.1,0.1,0.1
0.753141,-0.100291,0.774615,0.1,0.1,0.1
0.816769,-0.415393,0.582534,0.1,0.1,0.1
0.835825,-0.382831,0.561567,0.1,0.1,0.1
0.527162,-0.394287,0.190695,0.1,0.1,0.1
0.934104,0.023491,0.557382,0.1,0.1,0.1
0.575749,-0.061835,0.023844,0.1,0.1,0.1
0.815337,-0.420748,0.013818,0.1,0.1,0.1
0.634330,-0.106463,0.387307,0.1,0.1,0.1
0.712948,0.413683,0.514387,0.1,0.1,0.1
0.443023,0.495080,0.279509,0.1,0.1,0.1
0.741385,0.099306,0.397307,0.1,0.1,0.1
0.594083,-0.609194,0.700194,0.1,0.1,0.1
0.455492,-0.572142,0.455576,0.1,0.1,0.1
0.891114,-0.142007,0.355836,0.1,0.1,0.1
0.433954,0.387593,0.214669,0.1,0.1,0.1
0.765534,-0.645751,0.007516,0.1,0.1,0.1
0.752356,0.452038,0.345120,0.1,0.1,0.1
0.811045,0.436347,0.730531,0.1,0.1,0.1
0.801223,-0.107624,0.277236,0.1,0.1,0.1
0.675225,-0.628963,0.387307,0.1,0.1,0.1
0.626320,0.163223,0.458188,0.1,0.1,0.1
0.863183,0.008134,0.000000,0.1,0.1,0.1
0.457650,-0.568578,0.336993,0.1,0.1,0.1
0.834610,0.425907,0.411895,0.1,0.1,0.1
0.946163,0.068596,0.487557,0.1,0.1,0.1
0.316012,-0.318162,0.010000,0.1,0.1,0.1
0.902361,0.007141,0.548567,0.1,0.1,0.1
0.958157,0.200353,0.613343,0.1,0.1,0.1
0.665088,0.471228,0.011164,0.1,0.1,0.1
0.358358,-0.542032,0.015095,0.1,0.1,0.1
1.004389,0.286390,0.722207,0.1,0.1,0.1
0.705552,-0.638995,0.227472,0.1,0.1,0.1
0.870540,0.403120,0.774615,0.1,0.1,0.1
0.851592,-0.285140,0.227333,0.1,0.1,0.1
0.418771,-0.562324,0.104198,0.1,0.1,0.1
0.402620,0.270390,0.233839,0.1,0.1,0.1
0.435452,-0.550707,0.531008,0.1,0.1,0.1
0.593212,-0.327264,0.010000,0.1,0.1,0.1
0.544240,-0.217358,0.754439,0.1,0.1,0.1
0.739222,-0.603068,0.742271,0.1,0.1,0.1
1.000306,0.271117,0.734199,0.1,0.1,0.1
0.932108,0.016025,0.313389,0.1,0.1,0.1
0.938109,0.391164,0.401307,0.1,0.1,0.1
0.272303,-0.488823,0.014000,0.1,0.1,0.1
0.833220,-0.268132,0.397307,0.1,0.1,0.1
0.678225,-0.085092,0.178874,0.1,0.1,0.1
0.815345,-0.318336,0.464465,0.1,0.1,0.1
0.942261,0.401267,0.459337,0.1,0.1,0.1
0.884960,-0.199046,0.722501,0.1,0.1,0.1
0.480005,-0.021747,0.352647,0.1,0.1,0.1
0.582798,-0.080511,0.387307,0.1,0.1,0.1
0.632926,-0.328222,0.387307,0.1,0.1,0.1
1.035704,0.376285,0.235425,0.1,0.1,0.1
0.519101,-0.028058,0.332262,0.1,0.1,0.1
0.945558,0.066334,0.751447,0.1,0.1,0.1
0.598296,0.489085,0.018728,0.1,0.1,0.1
0.841810,0.428123,0.619853,0.1,0.1,0.1
0.758688,-0.632639,0.351254,0.1,0.1,0.1
0.383542,-0.010449,0.071169,0.1,0.1,0.1
0.994888,0.353233,0.475345,0.1,0.1,0.1
0.365993,-0.001617,0.250215,0.1,0.1,0.1
0.335767,0.020331,0.131936,0.1,0.1,0.1
0.891455,-0.036889,0.774615,0.1,0.1,0.1
0.336047,0.094944,0.262925,0.1,0.1,0.1
0.205635,-0.392855,0.170252,0.1,0.1,0.1
0.844714,0.427346,0.774928,0.1,0.1,0.1
0.489160,-0.034545,0.168201,0.1,0.1,0.1
0.560689,-0.600266,0.419769,0.1,0.1,0.1
0.596352,-0.067344,0.046623,0.1,0.1,0.1
0.690871,0.233544,0.149816,0.1,0.1,0.1
0.921943,0.402558,0.429142,0.1,0.1,0.1
0.688416,-0.634413,0.707042,0.1,0.1,0.1
0.605911,0.013320,0.746450,0.1,0.1,0.1
0.644967,-0.531211,0.000000,0.1,0.1,0.1
0.927145,-0.041258,0.187559,0.1,0.1,0.1
0.392221,-0.452174,0.014000,0.1,0.1,0.1
0.896269,-0.133034,0.021103,0.1,0.1,0.1
0.884581,-0.161745,0.063738,0.1,0.1,0.1
0.999360,0.369961,0.630418,0.1,0.1,0.1
0.558816,0.499640,0.368023,0.1,0.1,0.1
0.558203,-0.225878,0.010000,0.1,0.1,0.1
0.544524,-0.595944,0.663333,0.1,0.1,0.1
0.945265,0.167619,0.587688,0.1,0.1,0.1
0.493814,-0.571617,0.774615,0.1,0.1,0.1
0.431866,-0.564120,0.560051,0.1,0.1,0.1
0.583120,-0.540500,0.401307,0.1,0.1,0.1
0.877451,-0.227133,0.191438,0.1,0.1,0.1
0.362380,0.193439,0.060894,0.1,0.1,0.1
0.834958,-0.347358,0.438043,0.1,0.1,0.1
0.798936,-0.270979,0.784615,0.1,0.1,0.1
0.471388,-0.416289,0.603497,0.1,0.1,0.1
0.865294,0.421844,0.709363,0.1,0.1,0.1
0.556384,-0.042166,0.069821,0.1,0.1,0.1
0.800300,-0.374612,0.565838,0.1,0.1,0.1
0.880041,0.417902,0.301710,0.1,0.1,0.1
0.913075,0.072671,0.000000,0.1,0.1,0.1
0.678665,0.187886,0.327458,0.1,0.1,0.1
0.527048,-0.379228,0.026485,0.1,0.1,0.1
0.695290,0.347636,0.411569,0.1,0.1,0.1
0.566628,-0.044905,0.250102,0.1,0.1,0.1
0.511609,-0.597496,0.151625,0.1,0.1,0.1
0.281979,-0.107294,0.147135,0.1,0.1,0.1
1.035793,0.386613,0.737975,0.1,0.1,0.1
0.988328,0.399302,0.222600,0.1,0.1,0.1
0.468861,-0.575716,0.378909,0.1,0.1,0.1
0.580649,-0.081171,0.656753,0.1,0.1,0.1
0.282665,-0.521796,0.217205,0.1,0.1,0.1
0.838917,0.428896,0.751160,0.1,0.1,0.1
0.606687,0.456042,0.010000,0.1,0.1,0.1
0.272523,-0.429806,0.010000,0.1,0.1,0.1
0.600080,-0.156240,0.397307,0.1,0.1,0.1
0.686619,-0.633933,0.689683,0.1,0.1,0.1
0.342085,-0.541822,0.156028,0.1,0.1,0.1
0.764660,-0.120365,0.397307,0.1,0.1,0.1
0.203591,-0.400501,0.173676,0.1,0.1,0.1
0.626006,-0.617728,0.256155,0.1,0.1,0.1
0.592855,-0.051917,0.177255,0.1,0.1,0.1
0.487758,-0.496711,0.000000,0.1,0.1,0.1
0.694000,-0.635907,0.749395,0.1,0.1,0.1
0.877722,-0.128076,0.151376,0.1,0.1,0.1
0.451315,-0.564936,0.425466,0.1,0.1,0.1
0.960118,0.223176,0.586398,0.1,0.1,0.1
0.631501,0.109038,0.691471,0.1,0.1,0.1
0.797625,-0.375447,0.010000,0.1,0.1,0.1
0.546047,0.503054,0.241793,0.1,0.1,0.1
0.724893,0.345314,0.032270,0.1,0.1,0.1
0.957573,0.407525,0.308288,0.1,0.1,0.1
0.761391,0.449623,0.423815,0.1,0.1,0.1
0.828938,-0.369874,0.258700,0.1,0.1,0.1
0.618205,-0.296195,0.387307,0.1,0.1,0.1
0.409542,-0.559857,0.152319,0.1,0.1,0.1
0.529368,-0.272985,0.574789,0.1,0.1,0.1
0.599776,-0.621067,0.000095,0.1,0.1,0.1
0.951897,0.394550,0.547971,0.1,0.1,0.1
0.450626,0.449951,0.074624,0.1,0.1,0.1
0.717039,0.461480,0.458182,0.1,0.1,0.1
0.491132,0.348147,0.010000,0.1,0.1,0.1
0.546615,-0.606854,0.319513,0.1,0.1,0.1
0.242235,-0.329521,0.047757,0.1,0.1,0.1
0.918450,0.407633,0.592791,0.1,0.1,0.1
0.357311,-0.003436,0.103768,0.1,0.1,0.1
1.010976,0.272309,0.781708,0.1,0.1,0.1
0.845985,-0.219215,0.754009,0.1,0.1,0.1
0.537807,-0.315490,0.784615,0.1,0.1,0.1
0.798294,-0.397601,0.474197,0.1,0.1,0.1
0.196050,-0.428709,0.342441,0.1,0.1,0.1
0.835235,-0.346322,0.160868,0.1,0.1,0.1
0.547561,-0.204934,0.567719,0.1,0.1,0.1
1.001944,0.385311,0.632611,0.1,0.1,0.1
0.622440,-0.287958,0.387307,0.1,0.1,0.1
0.943164,0.194372,0.000000,0.1,0.1,0.1
0.840393,-0.327030,0.503751,0.1,0.1,0.1
0.964447,0.136989,0.144055,0.1,0.1,0.1
0.831090,-0.361824,0.143797,0.1,0.1,0.1
0.547386,-0.592569,0.693956,0.1,0.1,0.1
0.844199,0.427484,0.335054,0.1,0.1,0.1
0.842118,0.398546,0.387307,0.1,0.1,0.1
0.570444,0.188761,0.010000,0.1,0.1,0.1
0.696187,-0.151082,0.387307,0.1,0.1,0.1
0.640137,0.101801,0.774615,0.1,0.1,0.1
0.567596,-0.243046,0.121141,0.1,0.1,0.1
0.579837,-0.197261,0.148244,0.1,0.1,0.1
0.481872,-0.032597,0.220428,0.1,0.1,0.1
0.629773,0.005010,0.275391,0.1,0.1,0.1
0.618693,-0.611633,0.739840,0.1,0.1,0.1
0.781150,0.082514,0.401307,0.1,0.1,0.1
0.447638,0.354541,0.010000,0.1,0.1,0.1
0.406828,0.359694,0.373024,0.1,0.1,0.1
0.718427,0.321128,0.338422,0.1,0.1,0.1
0.978474,0.150737,0.530631,0.1,0.1,0.1
0.732875,-0.223162,0.387307,0.1,0.1,0.1
0.496387,0.375288,0.014000,0.1,0.1,0.1
1.008227,0.393982,0.431248,0.1,0.1,0.1
0.466006,-0.013864,0.371423,0.1,0.1,0.1
0.653521,-0.625084,0.608692,0.1,0.1,0.1
0.401638,-0.011147,0.273839,0.1,0.1,0.1
0.565164,0.008795,0.010000,0.1,0.1,0.1
0.523712,-0.391704,0.228246,0.1,0.1,0.1
1.014887,0.392202,0.777509,0.1,0.1,0.1
0.503865,-0.309363,0.014000,0.1,0.1,0.1
0.758870,0.460648,0.677818,0.1,0.1,0.1
0.732780,-0.028441,0.000000,0.1,0.1,0.1
1.009997,0.268646,0.574073,0.1,0.1,0.1
0.644257,0.181646,0.774615,0.1,0.1,0.1
0.767017,-0.640203,0.514513,0.1,0.1,0.1
0.272306,-0.519026,0.016046,0.1,0.1,0.1
0.929230,0.400610,0.418749,0.1,0.1,0.1
0.205894,-0.465450,0.365909,0.1,0.1,0.1
0.792664,-0.403171,0.727816,0.1,0.1,0.1
0.636658,0.122085,0.010000,0.1,0.1,0.1
0.825621,-0.128613,0.010000,0.1,0.1,0.1
0.920496,-0.066125,0.202762,0.1,0.1,0.1
0.749464,-0.580246,0.472061,0.1,0.1,0.1
0.271333,-0.321391,0.014000,0.1,0.1,0.1
0.927808,-0.038776,0.164048,0.1,0.1,0.1
0.619140,-0.295939,0.774615,0.1,0.1,0.1
0.861182,0.422944,0.412115,0.1,0.1,0.1
0.481565,-0.451786,0.668823,0.1,0.1,0.1
1.029220,0.340549,0.624899,0.1,0.1,0.1
0.388273,0.002778,0.173857,0.1,0.1,0.1
0.797461,0.084015,0.000000,0.1,0.1,0.1
0.777874,-0.473981,0.526003,0.1,0.1,0.1
0.639984,0.482080,0.211040,0.1,0.1,0.1
0.342603,0.000496,0.114665,0.1,0.1,0.1
0.374981,0.240572,0.327243,0.1,0.1,0.1
0.738923,-0.638054,0.774615,0.1,0.1,0.1
0.380290,-0.079775,0.010000,0.1,0.1,0.1
0.728278,0.458475,0.615322,0.1,0.1,0.1
0.458856,-0.573041,0.598888,0.1,0.1,0.1
0.776139,-0.100918,0.289938,0.1,0.1,0.1
0.733037,0.091822,0.401307,0.1,0.1,0.1
0.929619,0.109097,0.453836,0.1,0.1,0.1
0.484660,-0.575799,0.504784,0.1,0.1,0.1
0.203422,-0.401133,0.367449,0.1,0.1,0.1
0.538479,-0.590188,0.750056,0.1,0.1,0.1
0.695597,-0.632193,0.436663,0.1,0.1,0.1
0.704519,0.460687,0.179166,0.1,0.1,0.1
0.703143,0.268552,0.387307,0.1,0.1,0.1
0.753081,-0.662053,0.358892,0.1,0.1,0.1
0.472054,-0.576569,0.684928,0.1,0.1,0.1
0.913773,0.049828,0.431602,0.1,0.1,0.1
1.003377,0.282602,0.099362,0.1,0.1,0.1
0.888344,-0.021703,0.397307,0.1,0.1,0.1
0.640747,0.143623,0.622984,0.1,0.1,0.1
0.999303,0.228645,0.376645,0.1,0.1,0.1
0.987894,0.399418,0.544169,0.1,0.1,0.1
0.674935,-0.084212,0.016659,0.1,0.1,0.1
0.701253,-0.648197,0.573964,0.1,0.1,0.1
0.978498,0.276439,0.686506,0.1,0.1,0.1
0.690870,0.331103,0.717145,0.1,0.1,0.1
0.523003,-0.600542,0.317066,0.1,0.1,0.1
0.735075,0.452517,0.168812,0.1,0.1,0.1
1.031252,0.377475,0.520136,0.1,0.1,0.1
0.814326,0.435470,0.693235,0.1,0.1,0.1
0.953770,0.183944,0.617268,0.1,0.1,0.1
0.317478,-0.048078,0.198504,0.1,0.1,0.1
0.237048,-0.513741,0.096044,0.1,0.1,0.1
0.496527,-0.036515,0.218219,0.1,0.1,0.1
0.828516,-0.153851,0.774615,0.1,0.1,0.1
0.559538,0.095355,0.014000,0.1,0.1,0.1
0.568262,-0.053938,0.743339,0.1,0.1,0.1
0.813316,0.303870,0.000000,0.1,0.1,0.1
0.864352,-0.135028,0.608401,0.1,0.1,0.1
0.460023,0.485102,0.108302,0.1,0.1,0.1
0.725042,0.098398,0.397307,0.1,0.1,0.1
0.656751,0.203485,0.508439,0.1,0.1,0.1
0.939857,0.351004,0.774615,0.1,0.1,0.1
0.947318,0.034200,0.773195,0.1,0.1,0.1
0.754161,-0.662342,0.642901,0.1,0.1,0.1
0.888898,0.167980,0.010000,0.1,0.1,0.1
0.642049,-0.558919,0.000000,0.1,0.1,0.1
0.641172,-0.066693,0.774615,0.1,0.1,0.1
0.541572,-0.479237,0.000000,0.1,0.1,0.1
0.489395,-0.038749,0.135584,0.1,0.1,0.1
0.241531,-0.320779,0.010000,0.1,0.1,0.1
0.842419,-0.358169,0.710142,0.1,0.1,0.1
0.677006,-0.631363,0.327977,0.1,0.1,0.1
0.957250,0.397260,0.640698,0.1,0.1,0.1
0.491552,-0.592133,0.206511,0.1,0.1,0.1
0.924038,-0.052878,0.016474,0.1,0.1,0.1
0.908870,-0.109611,0.651839,0.1,0.1,0.1
0.770365,-0.502070,0.530853,0.1,0.1,0.1
0.796329,-0.389464,0.576219,0.1,0.1,0.1
1.010964,0.272265,0.588386,0.1,0.1,0.1
0.679619,-0.075113,0.041944,0.1,0.1,0.1
0.423896,-0.021238,0.266507,0.1,0.1,0.1
0.617032,0.128482,0.692329,0.1,0.1,0.1
0.547237,-0.453114,0.397307,0.1,0.1,0.1
0.707729,0.044495,0.784615,0.1,0.1,0.1
0.514094,-0.026720,0.125712,0.1,0.1,0.1
0.651622,0.257861,0.420196,0.1,0.1,0.1
0.868669,-0.125655,0.068833,0.1,0.1,0.1
0.502584,-0.299604,0.598440,0.1,0.1,0.1
0.295667,-0.056097,0.130062,0.1,0.1,0.1
0.932290,0.119088,0.639568,0.1,0.1,0.1
0.638388,-0.621039,0.395679,0.1,0.1,0.1
0.467837,-0.575442,0.532640,0.1,0.1,0.1
0.397264,0.179246,0.010000,0.1,0.1,0.1
0.487363,-0.038205,0.063741,0.1,0.1,0.1
0.215363,-0.503803,0.230134,0.1,0.1,0.1
0.610366,0.485858,0.366051,0.1,0.1,0.1
0.667280,0.470642,0.333770,0.1,0.1,0.1
0.519947,0.186371,0.010000,0.1,0.1,0.1
0.988469,0.188121,0.404497,0.1,0.1,0.1
0.408798,-0.516234,0.014000,0.1,0.1,0.1
0.663557,0.115891,0.258755,0.1,0.1,0.1
0.927219,-0.040981,0.556273,0.1,0.1,0.1
1.019794,0.305290,0.449116,0.1,0.1,0.1
0.796265,0.310549,0.397307,0.1,0.1,0.1
0.302916,-0.028983,0.247299,0.1,0.1,0.1
0.447989,-0.458172,0.010000,0.1,0.1,0.1
0.666015,-0.006874,0.387307,0.1,0.1,0.1
0.891358,0.414876,0.630242,0.1,0.1,0.1
0.608622,0.020354,0.401307,0.1,0.1,0.1
0.725174,-0.014720,0.000000,0.1,0.1,0.1
0.724065,0.075358,0.397307,0.1,0.1,0.1
0.488654,-0.538324,0.202221,0.1,0.1,0.1
0.725408,-0.267391,0.397307,0.1,0.1,0.1
0.626162,0.162631,0.402717,0.1,0.1,0.1
0.808784,-0.483977,0.775414,0.1,0.1,0.1
0.177919,-0.496526,0.087722,0.1,0.1,0.1
0.736640,0.452099,0.600859,0.1,0.1,0.1
0.371480,-0.399569,0.014000,0.1,0.1,0.1
0.671366,0.473691,0.344824,0.1,0.1,0.1
0.935011,-0.011832,0.657059,0.1,0.1,0.1
1.001157,0.274300,0.309264,0.1,0.1,0.1
0.344930,0.054604,0.192211,0.1,0.1,0.1
0.724512,0.413012,0.397307,0.1,0.1,0.1
0.736444,0.404007,0.316232,0.1,0.1,0.1
0.785554,-0.445254,0.642457,0.1,0.1,0.1
0.701151,0.184880,0.784615,0.1,0.1,0.1
0.708993,0.285838,0.301865,0.1,0.1,0.1
0.852249,-0.321398,0.121226,0.1,0.1,0.1
0.461672,-0.027197,0.096231,0.1,0.1,0.1
0.490089,-0.366946,0.397307,0.1,0.1,0.1
0.897300,-0.011789,0.733084,0.1,0.1,0.1
0.790192,-0.243116,0.784615,0.1,0.1,0.1
0.758550,0.348468,0.401307,0.1,0.1,0.1
0.926852,0.182889,0.401307,0.1,0.1,0.1
0.470713,-0.130556,0.014000,0.1,0.1,0.1
0.516207,-0.588374,0.210381,0.1,0.1,0.1
0.841921,-0.321314,0.146944,0.1,0.1,0.1
0.378583,0.180479,0.338706,0.1,0.1,0.1
0.910945,-0.101853,0.715871,0.1,0.1,0.1
0.726538,0.464519,0.151850,0.1,0.1,0.1
0.770820,-0.625980,0.622740,0.1,0.1,0.1
0.652868,-0.391260,0.387307,0.1,0.1,0.1
0.665007,-0.498433,0.387307,0.1,0.1,0.1
0.325025,-0.019848,0.095029,0.1,0.1,0.1
0.483514,-0.370932,0.726674,0.1,0.1,0.1
0.815946,-0.316087,0.683125,0.1,0.1,0.1
0.479993,-0.032095,0.375880,0.1,0.1,0.1
0.643659,-0.075851,0.374255,0.1,0.1,0.1
0.804623,0.319566,0.401307,0.1,0.1,0.1
0.852218,-0.121257,0.127302,0.1,0.1,0.1
0.485150,0.523475,0.232094,0.1,0.1,0.1
0.770780,-0.626129,0.532598,0.1,0.1,0.1
0.210154,-0.506551,0.356738,0.1,0.1,0.1
0.538206,-0.590115,0.446126,0.1,0.1,0.1
0.827797,-0.243780,0.397307,0.1,0.1,0.1
0.847840,-0.337891,0.304426,0.1,0.1,0.1
0.817620,0.444941,0.145384,0.1,0.1,0.1
0.766327,-0.501683,0.413642,0.1,0.1,0.1
0.277127,-0.524456,0.230501,0.1,0.1,0.1
0.445295,-0.012467,0.031825,0.1,0.1,0.1
0.753598,0.451706,0.436234,0.1,0.1,0.1
0.655058,-0.635847,0.302941,0.1,0.1,0.1
0.812082,-0.016872,0.387307,0.1,0.1,0.1
0.854484,0.342874,0.397307,0.1,0.1,0.1
1.026128,0.328983,0.294817,0.1,0.1,0.1
0.475838,-0.577581,0.070854,0.1,0.1,0.1
0.758748,-0.663568,0.758955,0.1,0.1,0.1
0.346428,0.018106,0.016138,0.1,0.1,0.1
0.485431,-0.550378,0.201488,0.1,0.1,0.1
0.349290,0.144476,0.282937,0.1,0.1,0.1
0.938471,0.001107,0.744033,0.1,0.1,0.1
0.567630,-0.597981,0.647859,0.1,0.1,0.1
0.629498,-0.558843,0.397307,0.1,0.1,0.1
0.826063,0.432333,0.502886,0.1,0.1,0.1
0.487226,-0.019537,0.286404,0.1,0.1,0.1
0.747019,-0.660432,0.650953,0.1,0.1,0.1
0.846181,0.422813,0.772361,0.1,0.1,0.1
0.565773,-0.137018,0.397307,0.1,0.1,0.1
0.403533,-0.011653,0.126471,0.1,0.1,0.1
0.870539,-0.252986,0.270270,0.1,0.1,0.1
0.814955,0.435302,0.487802,0.1,0.1,0.1
0.886567,-0.193036,0.492933,0.1,0.1,0.1
0.644247,-0.622605,0.671847,0.1,0.1,0.1
0.830819,0.122418,0.010000,0.1,0.1,0.1
0.716289,-0.226213,0.397307,0.1,0.1,0.1
0.521858,0.394522,0.010000,0.1,0.1,0.1
0.634839,0.195086,0.719032,0.1,0.1,0.1
0.982808,0.166947,0.777357,0.1,0.1,0.1
0.456603,-0.086201,0.010000,0.1,0.1,0.1
0.838482,-0.334178,0.644757,0.1,0.1,0.1
0.629571,0.480724,0.350887,0.1,0.1,0.1
0.685556,-0.633649,0.730717,0.1,0.1,0.1
0.989614,0.325039,0.397307,0.1,0.1,0.1
0.948880,0.374870,0.387307,0.1,0.1,0.1
0.593803,-0.129533,0.290724,0.1,0.1,0.1
0.538205,-0.563245,0.387307,0.1,0.1,0.1
0.988510,0.329374,0.728428,0.1,0.1,0.1
0.731593,-0.286313,0.387307,0.1,0.1,0.1
0.645008,0.046507,0.340684,0.1,0.1,0.1
0.709839,0.383560,0.010000,0.1,0.1,0.1
0.639222,-0.064313,0.263733,0.1,0.1,0.1
0.812011,-0.330809,0.460268,0.1,0.1,0.1
0.481135,-0.017908,0.156863,0.1,0.1,0.1
0.740927,-0.596693,0.706424,0.1,0.1,0.1
0.515487,-0.437955,0.297323,0.1,0.1,0.1
0.439272,0.407485,0.187902,0.1,0.1,0.1
0.837074,0.042376,0.397307,0.1,0.1,0.1
0.931216,0.099584,0.646457,0.1,0.1,0.1
0.792976,0.437038,0.533992,0.1,0.1,0.1
0.198967,-0.417795,0.369082,0.1,0.1,0.1
0.537555,-0.594081,0.509490,0.1,0.1,0.1
0.624059,-0.016363,0.015286,0.1,0.1,0.1
1.014997,0.326066,0.305708,0.1,0.1,0.1
0.760230,-0.107016,0.118471,0.1,0.1,0.1
0.624909,0.053370,0.397307,0.1,0.1,0.1
0.642472,-0.622130,0.250702,0.1,0.1,0.1
0.771905,-0.480819,0.453545,0.1,0.1,0.1
0.839803,-0.242338,0.526337,0.1,0.1,0.1
0.651422,-0.042401,0.010000,0.1,0.1,0.1
0.231131,-0.297490,0.099758,0.1,0.1,0.1
0.445163,-0.399582,0.014000,0.1,0.1,0.1
0.698196,0.358508,0.660633,0.1,0.1,0.1
0.766379,-0.642591,0.182733,0.1,0.1,0.1
0.698745,-0.637175,0.296568,0.1,0.1,0.1
0.630798,-0.377182,0.401307,0.1,0.1,0.1
0.535176,-0.246412,0.010000,0.1,0.1,0.1
0.791459,-0.548780,0.000652,0.1,0.1,0.1
0.909462,0.033704,0.724550,0.1,0.1,0.1
0.368309,-0.312121,0.010000,0.1,0.1,0.1
0.545926,-0.324100,0.245265,0.1,0.1,0.1
0.519204,0.514371,0.012804,0.1,0.1,0.1
0.825346,0.418197,0.387307,0.1,0.1,0.1
0.406666,-0.002140,0.317606,0.1,0.1,0.1
0.864540,-0.236706,0.206879,0.1,0.1,0.1
0.191977,-0.443941,0.210445,0.1,0.1,0.1
1.006569,0.294543,0.776418,0.1,0.1,0.1
0.884010,-0.163881,0.756118,0.1,0.1,0.1
0.702577,-0.143706,0.387307,0.1,0.1,0.1
0.543296,-0.318453,0.274812,0.1,0.1,0.1
0.700323,-0.491169,0.774615,0.1,0.1,0.1
0.634230,-0.615786,0.449971,0.1,0.1,0.1
0.570357,-0.056253,0.166886,0.1,0.1,0.1
0.699486,0.265768,0.112430,0.1,0.1,0.1
0.857614,0.419757,0.709963,0.1,0.1,0.1
0.335180,0.016972,0.303154,0.1,0.1,0.1
0.639129,0.040004,0.366953,0.1,0.1,0.1
1.028703,0.338614,0.428408,0.1,0.1,0.1
0.225191,-0.506430,0.254744,0.1,0.1,0.1
0.858963,-0.155187,0.631505,0.1,0.1,0.1
0.726283,0.101896,0.401307,0.1,0.1,0.1
0.984371,0.211511,0.434317,0.1,0.1,0.1
0.454161,-0.010697,0.238353,0.1,0.1,0.1
0.482199,-0.240501,0.010000,0.1,0.1,0.1
0.470484,0.186471,0.010000,0.1,0.1,0.1
0.833085,-0.127489,0.784615,0.1,0.1,0.1
0.817648,-0.112015,0.385141,0.1,0.1,0.1
0.347603,0.138165,0.014462,0.1,0.1,0.1
0.990492,0.234408,0.051179,0.1,0.1,0.1
0.668928,-0.629204,0.006427,0.1,0.1,0.1
0.407427,0.288369,0.089690,0.1,0.1,0.1
0.911136,-0.019025,0.784615,0.1,0.1,0.1
0.648670,0.173258,0.427540,0.1,0.1,0.1
0.553810,-0.279126,0.242089,0.1,0.1,0.1
0.869694,0.326026,0.010000,0.1,0.1,0.1
0.933610,0.021645,0.729759,0.1,0.1,0.1
0.600865,-0.406193,0.010000,0.1,0.1,0.1
0.630092,-0.085079,0.387307,0.1,0.1,0.1
0.684586,0.210035,0.071394,0.1,0.1,0.1
0.760337,0.196490,0.401307,0.1,0.1,0.1
0.528867,-0.387908,0.015441,0.1,0.1,0.1
0.496880,0.516199,0.246720,0.1,0.1,0.1
0.733878,-0.656919,0.348470,0.1,0.1,0.1
0.617131,0.484050,0.107934,0.1,0.1,0.1
0.334390,0.002692,0.143342,0.1,0.1,0.1
0.816079,0.337134,0.774615,0.1,0.1,0.1
0.394744,-0.555901,0.131218,0.1,0.1,0.1
0.854101,-0.125571,0.010000,0.1,0.1,0.1
0.661836,-0.627307,0.445234,0.1,0.1,0.1
0.934836,0.255888,0.387307,0.1,0.1,0.1
0.812068,-0.025861,0.387307,0.1,0.1,0.1
0.758694,-0.632619,0.287755,0.1,0.1,0.1
0.246667,-0.312941,0.380936,0.1,0.1,0.1
1.012101,0.351597,0.774615,0.1,0.1,0.1
0.805103,-0.372133,0.448564,0.1,0.1,0.1
0.589061,-0.049705,0.760760,0.1,0.1,0.1
0.767792,-0.637304,0.208066,0.1,0.1,0.1
0.476038,-0.587986,0.033637,0.1,0.1,0.1
0.823088,-0.238695,0.387307,0.1,0.1,0.1
0.328672,0.067358,0.340551,0.1,0.1,0.1
0.234138,-0.299608,0.010000,0.1,0.1,0.1
0.923957,0.289970,0.784615,0.1,0.1,0.1
0.766898,-0.004705,0.401307,0.1,0.1,0.1
0.735620,0.400925,0.025296,0.1,0.1,0.1
0.446139,0.391236,0.014000,0.1,0.1,0.1
0.672153,0.473480,0.186006,0.1,0.1,0.1
0.468660,0.516171,0.014000,0.1,0.1,0.1
0.964567,0.391163,0.524650,0.1,0.1,0.1
0.624644,-0.537845,0.000000,0.1,0.1,0.1
0.375578,0.169242,0.164044,0.1,0.1,0.1
0.247954,-0.512516,0.381251,0.1,0.1,0.1
0.633035,0.001724,0.146599,0.1,0.1,0.1
0.966318,0.246367,0.569020,0.1,0.1,0.1
0.995164,0.382983,0.419878,0.1,0.1,0.1
0.672127,-0.345558,0.387307,0.1,0.1,0.1
0.401287,0.003439,0.141276,0.1,0.1,0.1
0.362469,0.193773,0.190293,0.1,0.1,0.1
0.963255,0.395654,0.616141,0.1,0.1,0.1
0.520511,-0.313750,0.387307,0.1,0.1,0.1
0.879295,0.418101,0.210393,0.1,0.1,0.1
0.458389,-0.060836,0.014000,0.1,0.1,0.1
0.869799,0.420640,0.598834,0.1,0.1,0.1
0.434280,-0.562330,0.040687,0.1,0.1,0.1
0.736385,-0.441592,0.784615,0.1,0.1,0.1
0.746111,-0.142091,0.784615,0.1,0.1,0.1
0.177697,-0.497355,0.304833,0.1,0.1,0.1
0.981430,0.386655,0.708708,0.1,0.1,0.1
0.742858,0.454577,0.106213,0.1,0.1,0.1
0.862416,0.168752,0.784615,0.1,0.1,0.1
0.889739,0.091810,0.401307,0.1,0.1,0.1
0.784210,-0.575896,0.178476,0.1,0.1,0.1
0.713083,0.301138,0.345406,0.1,0.1,0.1
0.606610,-0.044610,0.401307,0.1,0.1,0.1
0.776036,0.285595,0.387307,0.1,0.1,0.1
0.375267,0.168079,0.141001,0.1,0.1,0.1
0.701633,0.371360,0.442393,0.1,0.1,0.1
0.928824,-0.034975,0.432932,0.1,0.1,0.1
0.762986,0.111606,0.010000,0.1,0.1,0.1
0.965733,0.228693,0.545615,0.1,0.1,0.1
0.499431,-0.041432,0.285183,0.1,0.1,0.1
0.814120,-0.338406,0.560961,0.1,0.1,0.1
0.999526,0.268197,0.215907,0.1,0.1,0.1
0.799489,-0.377645,0.515094,0.1,0.1,0.1
0.483195,-0.575407,0.574162,0.1,0.1,0.1
0.703439,-0.091833,0.337260,0.1,0.1,0.1
0.329131,0.069074,0.186756,0.1,0.1,0.1
0.843637,0.403233,0.000000,0.1,0.1,0.1
0.543084,-0.038611,0.362451,0.1,0.1,0.1
0.741937,0.424551,0.017151,0.1,0.1,0.1
0.698274,-0.321582,0.010000,0.1,0.1,0.1
0.607000,-0.527526,0.397307,0.1,0.1,0.1
0.778495,0.257850,0.387307,0.1,0.1,0.1
0.284209,-0.098955,0.302911,0.1,0.1,0.1
0.210741,-0.447321,0.222612,0.1,0.1,0.1
0.645590,-0.135274,0.774615,0.1,0.1,0.1
0.606603,-0.055592,0.243740,0.1,0.1,0.1
0.647331,0.475976,0.040204,0.1,0.1,0.1
0.988781,0.314901,0.753842,0.1,0.1,0.1
0.529138,-0.386895,0.228840,0.1,0.1,0.1
0.260226,-0.262225,0.314674,0.1,0.1,0.1
0.929618,0.006712,0.753823,0.1,0.1,0.1
0.838404,-0.373184,0.661129,0.1,0.1,0.1
0.919739,-0.030239,0.204201,0.1,0.1,0.1
0.497319,-0.519859,0.397307,0.1,0.1,0.1
0.730778,-0.582293,0.387307,0.1,0.1,0.1
0.854514,-0.274208,0.273453,0.1,0.1,0.1
0.821568,-0.436159,0.517275,0.1,0.1,0.1
0.881231,-0.208670,0.397307,0.1,0.1,0.1
0.908814,-0.024215,0.000000,0.1,0.1,0.1
0.318155,0.028017,0.169800,0.1,0.1,0.1
0.942872,0.056288,0.570691,0.1,0.1,0.1
0.569631,-0.602657,0.508811,0.1,0.1,0.1
0.478835,0.525163,0.245580,0.1,0.1,0.1
0.787980,-0.224945,0.000000,0.1,0.1,0.1
0.978657,0.343869,0.010000,0.1,0.1,0.1
0.654518,-0.476789,0.774615,0.1,0.1,0.1
0.862724,0.418391,0.670415,0.1,0.1,0.1
0.578248,-0.203201,0.335198,0.1,0.1,0.1
0.457795,-0.467132,0.497933,0.1,0.1,0.1
0.855972,-0.166375,0.733106,0.1,0.1,0.1
0.490657,-0.544942,0.784615,0.1,0.1,0.1
0.654834,-0.635786,0.120676,0.1,0.1,0.1
0.503633,-0.023923,0.312069,0.1,0.1,0.1
0.534707,-0.350578,0.020748,0.1,0.1,0.1
0.515305,-0.539719,0.000000,0.1,0.1,0.1
0.421831,-0.559002,0.071561,0.1,0.1,0.1
0.440256,-0.563928,0.186558,0.1,0.1,0.1
0.455650,-0.582535,0.466426,0.1,0.1,0.1
0.818438,0.305421,0.784615,0.1,0.1,0.1
0.823630,-0.428446,0.527862,0.1,0.1,0.1
0.606703,-0.055619,0.266779,0.1,0.1,0.1
0.554478,-0.037516,0.373232,0.1,0.1,0.1
0.666318,-0.343531,0.387307,0.1,0.1,0.1
0.291094,-0.146766,0.256375,0.1,0.1,0.1
0.619064,-0.058924,0.208483,0.1,0.1,0.1
0.744489,0.418608,0.044493,0.1,0.1,0.1
0.609297,-0.331784,0.010000,0.1,0.1,0.1
0.714198,-0.147951,0.387307,0.1,0.1,0.1
0.342787,-0.542010,0.133243,0.1,0.1,0.1
1.014699,0.324951,0.711404,0.1,0.1,0.1
0.383040,0.133473,0.014000,0.1,0.1,0.1
0.724030,0.414635,0.014000,0.1,0.1,0.1
0.675247,0.175101,0.196813,0.1,0.1,0.1
0.270139,-0.151584,0.254075,0.1,0.1,0.1
0.695672,0.135700,0.774615,0.1,0.1,0.1
0.484254,-0.579831,0.699661,0.1,0.1,0.1
0.333797,0.002850,0.208844,0.1,0.1,0.1
0.810327,0.059038,0.010000,0.1,0.1,0.1
0.634185,-0.615775,0.515678,0.1,0.1,0.1
0.399944,-0.404284,0.010000,0.1,0.1,0.1
0.508748,-0.259969,0.014000,0.1,0.1,0.1
0.460537,0.530056,0.245928,0.1,0.1,0.1
0.816179,-0.456316,0.576027,0.1,0.1,0.1
0.761196,0.002991,0.010000,0.1,0.1,0.1
0.616207,-0.625460,0.384591,0.1,0.1,0.1
0.658810,-0.420873,0.010000,0.1,0.1,0.1
0.652266,0.186706,0.598487,0.1,0.1,0.1
0.577283,-0.093760,0.000532,0.1,0.1,0.1
0.207150,-0.419427,0.387307,0.1,0.1,0.1
0.527755,-0.130613,0.010000,0.1,0.1,0.1
0.911775,0.042352,0.616002,0.1,0.1,0.1
0.493615,-0.559460,0.397307,0.1,0.1,0.1
0.835155,-0.259726,0.768217,0.1,0.1,0.1
0.446168,0.092298,0.010000,0.1,0.1,0.1
0.952241,0.052612,0.345854,0.1,0.1,0.1
0.861352,0.418758,0.549473,0.1,0.1,0.1
0.854035,0.026640,0.397307,0.1,0.1,0.1
1.017214,0.334361,0.444074,0.1,0.1,0.1
0.842417,-0.343402,0.010000,0.1,0.1,0.1
0.791881,0.441471,0.502830,0.1,0.1,0.1
0.682590,-0.086259,0.103261,0.1,0.1,0.1
0.645580,0.235265,0.489517,0.1,0.1,0.1
0.824515,-0.386420,0.091090,0.1,0.1,0.1
0.636047,-0.063464,0.381477,0.1,0.1,0.1
0.985005,0.175167,0.649947,0.1,0.1,0.1
0.693464,-0.460722,0.774615,0.1,0.1,0.1
0.774700,-0.262892,0.401307,0.1,0.1,0.1
0.526210,-0.034099,0.194906,0.1,0.1,0.1
0.927106,0.099303,0.774615,0.1,0.1,0.1
0.635209,0.480508,0.387307,0.1,0.1,0.1
0.300273,-0.038869,0.329904,0.1,0.1,0.1
0.328643,0.018720,0.128231,0.1,0.1,0.1
0.800517,-0.514898,0.026313,0.1,0.1,0.1
0.725183,0.346398,0.061781,0.1,0.1,0.1
0.741886,0.408875,0.240583,0.1,0.1,0.1
0.905632,0.092739,0.401307,0.1,0.1,0.1
0.713762,-0.520966,0.401307,0.1,0.1,0.1
0.643487,0.153872,0.752222,0.1,0.1,0.1
0.471728,-0.034025,0.132960,0.1,0.1,0.1
0.539951,-0.578590,0.784615,0.1,0.1,0.1
0.891655,-0.045304,0.784615,0.1,0.1,0.1
0.534027,-0.353120,0.124716,0.1,0.1,0.1
0.586608,0.323675,0.010000,0.1,0.1,0.1
0.587266,-0.056420,0.213463,0.1,0.1,0.1
0.852039,-0.132150,0.774615,0.1,0.1,0.1
0.821052,0.289644,0.784615,0.1,0.1,0.1
0.702549,0.461213,0.075338,0.1,0.1,0.1
0.773912,-0.124036,0.000000,0.1,0.1,0.1
0.417069,0.398000,0.155469,0.1,0.1,0.1
0.564845,-0.265003,0.387307,0.1,0.1,0.1
0.591842,-0.117974,0.387307,0.1,0.1,0.1
0.482904,0.471205,0.010000,0.1,0.1,0.1
0.693614,-0.631663,0.546694,0.1,0.1,0.1
0.481427,0.247462,0.010000,0.1,0.1,0.1
0.854101,0.065049,0.401307,0.1,0.1,0.1
0.912249,-0.058257,0.449194,0.1,0.1,0.1
0.760292,-0.653630,0.277824,0.1,0.1,0.1
0.497020,-0.507031,0.223127,0.1,0.1,0.1
0.650402,-0.353867,0.000000,0.1,0.1,0.1
0.502503,0.118835,0.014000,0.1,0.1,0.1
0.860915,-0.133934,0.207732,0.1,0.1,0.1
0.924625,0.401842,0.676194,0.1,0.1,0.1
0.981310,0.401179,0.763013,0.1,0.1,0.1
0.724933,0.458514,0.606956,0.1,0.1,0.1
0.731945,0.052867,0.784615,0.1,0.1,0.1
0.625732,-0.617655,0.521229,0.1,0.1,0.1
0.609579,-0.070526,0.126252,0.1,0.1,0.1
0.876077,-0.137987,0.238442,0.1,0.1,0.1
0.244610,-0.320637,0.042765,0.1,0.1,0.1
0.682554,-0.028548,0.397307,0.1,0.1,0.1
0.830935,0.431030,0.144583,0.1,0.1,0.1
1.003831,0.395158,0.082811,0.1,0.1,0.1
0.455605,-0.572172,0.086936,0.1,0.1,0.1
0.689795,-0.249723,0.397307,0.1,0.1,0.1
0.341172,-0.541578,0.235021,0.1,0.1,0.1
0.535349,-0.593491,0.366494,0.1,0.1,0.1
0.897843,-0.009759,0.742168,0.1,0.1,0.1
0.714072,-0.084324,0.274718,0.1,0.1,0.1
0.655657,-0.068707,0.370571,0.1,0.1,0.1
0.949424,0.080796,0.483458,0.1,0.1,0.1
0.822751,-0.113379,0.165858,0.1,0.1,0.1
0.337862,0.101730,0.068960,0.1,0.1,0.1
0.877381,0.407083,0.010000,0.1,0.1,0.1
0.568929,-0.598328,0.532683,0.1,0.1,0.1
0.664778,0.233508,0.629849,0.1,0.1,0.1
0.604961,-0.103286,0.251106,0.1,0.1,0.1
0.543300,-0.595617,0.699505,0.1,0.1,0.1
0.654988,0.083838,0.308169,0.1,0.1,0.1
0.541747,0.242070,0.010000,0.1,0.1,0.1
0.536626,0.417944,0.010000,0.1,0.1,0.1
0.481189,-0.409571,0.010000,0.1,0.1,0.1
0.896428,0.423872,0.152320,0.1,0.1,0.1
0.748751,-0.337930,0.401307,0.1,0.1,0.1
0.672541,0.336109,0.733785,0.1,0.1,0.1
0.245155,-0.515908,0.054500,0.1,0.1,0.1
0.742719,0.434785,0.397307,0.1,0.1,0.1
0.580381,-0.082171,0.495029,0.1,0.1,0.1
0.611228,-0.079843,0.214759,0.1,0.1,0.1
0.523553,0.445833,0.010000,0.1,0.1,0.1
0.858867,0.167992,0.784615,0.1,0.1,0.1
0.637302,-0.215984,0.397307,0.1,0.1,0.1
0.862232,-0.123935,0.177374,0.1,0.1,0.1
0.579261,-0.199414,0.013394,0.1,0.1,0.1
0.849732,0.161687,0.397307,0.1,0.1,0.1
1.002813,0.382875,0.589484,0.1,0.1,0.1
0.698516,-0.647465,0.338900,0.1,0.1,0.1
0.960975,0.226382,0.495245,0.1,0.1,0.1
0.837550,0.429262,0.731842,0.1,0.1,0.1
0.745262,0.436987,0.185709,0.1,0.1,0.1
0.518780,-0.584921,0.504486,0.1,0.1,0.1
1.000940,0.273486,0.366562,0.1,0.1,0.1
0.564343,-0.142163,0.616674,0.1,0.1,0.1
0.532552,-0.063453,0.014000,0.1,0.1,0.1
0.431939,-0.504538,0.014000,0.1,0.1,0.1
0.778082,-0.560100,0.590806,0.1,0.1,0.1
0.714600,-0.651765,0.696936,0.1,0.1,0.1
0.357738,0.102510,0.258917,0.1,0.1,0.1
0.349988,0.147088,0.208194,0.1,0.1,0.1
0.796634,-0.529424,0.424444,0.1,0.1,0.1
0.809213,0.436837,0.401319,0.1,0.1,0.1
0.928515,0.002587,0.686553,0.1,0.1,0.1
0.515083,-0.252850,0.630492,0.1,0.1,0.1
0.778039,-0.574237,0.784615,0.1,0.1,0.1
0.798800,-0.521322,0.558658,0.1,0.1,0.1
0.529576,-0.272206,0.748003,0.1,0.1,0.1
0.674528,-0.630701,0.700786,0.1,0.1,0.1
0.254242,-0.284610,0.262199,0.1,0.1,0.1
0.940622,0.098311,0.774615,0.1,0.1,0.1
0.733597,-0.099895,0.049294,0.1,0.1,0.1
0.587123,-0.170006,0.221042,0.1,0.1,0.1
0.488714,-0.581023,0.740855,0.1,0.1,0.1
0.749193,0.463235,0.187170,0.1,0.1,0.1
0.349320,-0.142933,0.010000,0.1,0.1,0.1
0.241376,-0.259167,0.146068,0.1,0.1,0.1
0.312698,0.007606,0.097928,0.1,0.1,0.1
0.883052,-0.080572,0.696540,0.1,0.1,0.1
0.585533,0.010663,0.521241,0.1,0.1,0.1
0.500903,-0.023193,0.086651,0.1,0.1,0.1
0.469883,-0.571849,0.227081,0.1,0.1,0.1
0.846636,-0.119765,0.343884,0.1,0.1,0.1
0.956255,0.407877,0.197431,0.1,0.1,0.1
0.420917,-0.042993,0.010000,0.1,0.1,0.1
0.494286,-0.582513,0.328622,0.1,0.1,0.1
0.348870,0.069342,0.047718,0.1,0.1,0.1
0.958212,0.113667,0.304796,0.1,0.1,0.1
0.918971,0.053782,0.399479,0.1,0.1,0.1
0.721722,-0.310134,0.397307,0.1,0.1,0.1
0.966959,0.405015,0.734054,0.1,0.1,0.1
0.434995,0.391486,0.012657,0.1,0.1,0.1
0.702337,-0.648486,0.367811,0.1,0.1,0.1
0.748785,-0.567300,0.404165,0.1,0.1,0.1
0.369232,0.219067,0.162438,0.1,0.1,0.1
0.675710,0.161345,0.164771,0.1,0.1,0.1
0.644982,-0.622801,0.225416,0.1,0.1,0.1
0.750950,-0.087348,0.397307,0.1,0.1,0.1
0.258274,-0.519416,0.063824,0.1,0.1,0.1
0.809716,-0.049881,0.401307,0.1,0.1,0.1
0.879311,-0.113246,0.000000,0.1,0.1,0.1
0.392449,0.305909,0.258268,0.1,0.1,0.1
0.261129,-0.258849,0.198810,0.1,0.1,0.1
0.595453,-0.045196,0.784615,0.1,0.1,0.1
0.389072,-0.011928,0.243609,0.1,0.1,0.1
0.712052,-0.371867,0.387307,0.1,0.1,0.1
0.830682,-0.363350,0.088750,0.1,0.1,0.1
0.735921,0.146142,0.397307,0.1,0.1,0.1
0.628255,-0.016157,0.044347,0.1,0.1,0.1
0.537061,-0.593949,0.176069,0.1,0.1,0.1
0.566894,-0.253454,0.000000,0.1,0.1,0.1
0.911071,-0.101380,0.274237,0.1,0.1,0.1
0.835429,-0.145620,0.010000,0.1,0.1,0.1
0.905686,-0.121523,0.393010,0.1,0.1,0.1
0.650953,-0.624398,0.198346,0.1,0.1,0.1
0.767791,0.447911,0.730816,0.1,0.1,0.1
0.463349,-0.446358,0.696402,0.1,0.1,0.1
0.792000,0.441439,0.050526,0.1,0.1,0.1
0.478788,0.428757,0.014000,0.1,0.1,0.1
0.536330,0.300521,0.010000,0.1,0.1,0.1
0.305767,-0.018318,0.122017,0.1,0.1,0.1
0.760388,-0.625982,0.784615,0.1,0.1,0.1
0.956944,0.332304,0.397307,0.1,0.1,0.1
0.588221,-0.052848,0.039872,0.1,0.1,0.1
0.654824,-0.159866,0.774615,0.1,0.1,0.1
0.255377,-0.280363,0.381685,0.1,0.1,0.1
0.589278,-0.061312,0.108005,0.1,0.1,0.1
0.642682,-0.283478,0.397307,0.1,0.1,0.1
0.882803,0.281389,0.387307,0.1,0.1,0.1
0.788019,0.020486,0.397307,0.1,0.1,0.1
0.657931,-0.565119,0.387307,0.1,0.1,0.1
0.682768,0.187748,0.196714,0.1,0.1,0.1
1.006615,0.381609,0.518568,0.1,0.1,0.1
0.686486,0.469648,0.310521,0.1,0.1,0.1
0.819933,0.150024,0.387307,0.1,0.1,0.1
0.547682,-0.302046,0.027821,0.1,0.1,0.1
0.331048,0.007726,0.213256,0.1,0.1,0.1
0.721918,-0.553868,0.784615,0.1,0.1,0.1
0.610377,-0.056601,0.255591,0.1,0.1,0.1
0.283857,-0.100273,0.332570,0.1,0.1,0.1
0.727302,-0.655161,0.569944,0.1,0.1,0.1
0.776388,0.445613,0.736566,0.1,0.1,0.1
0.571432,-0.145769,0.000000,0.1,0.1,0.1
0.760766,-0.663587,0.442801,0.1,0.1,0.1
0.498781,-0.446910,0.010000,0.1,0.1,0.1
0.655787,0.273441,0.719668,0.1,0.1,0.1
0.894593,-0.142938,0.153796,0.1,0.1,0.1
0.698776,0.466362,0.284160,0.1,0.1,0.1
0.662863,-0.637933,0.206239,0.1,0.1,0.1
0.735541,-0.533477,0.000000,0.1,0.1,0.1
0.549317,-0.050628,0.384345,0.1,0.1,0.1
0.439615,-0.021300,0.175929,0.1,0.1,0.1
0.580497,-0.048613,0.215742,0.1,0.1,0.1
0.819093,0.430055,0.603294,0.1,0.1,0.1
0.483397,-0.589953,0.594352,0.1,0.1,0.1
0.290636,-0.528067,0.227674,0.1,0.1,0.1
0.765374,-0.452645,0.010000,0.1,0.1,0.1
0.715857,-0.423502,0.397307,0.1,0.1,0.1
0.574264,-0.202619,0.190145,0.1,0.1,0.1
0.636028,0.125969,0.626058,0.1,0.1,0.1
0.640921,-0.203287,0.387307,0.1,0.1,0.1
0.424350,-0.563816,0.372470,0.1,0.1,0.1
0.325245,-0.019028,0.203659,0.1,0.1,0.1
0.478952,-0.188699,0.014000,0.1,0.1,0.1
0.441409,0.415477,0.191496,0.1,0.1,0.1
0.781698,0.032326,0.397307,0.1,0.1,0.1
0.604927,0.317793,0.014000,0.1,0.1,0.1
0.885586,-0.164627,0.000000,0.1,0.1,0.1
0.817175,-0.115987,0.397307,0.1,0.1,0.1
0.728431,-0.098514,0.052350,0.1,0.1,0.1
0.689705,-0.593785,0.397307,0.1,0.1,0.1
0.576244,-0.600284,0.722547,0.1,0.1,0.1
0.429916,0.334467,0.010000,0.1,0.1,0.1
0.224997,-0.393996,0.172080,0.1,0.1,0.1
0.971675,0.164022,0.484246,0.1,0.1,0.1
0.490226,-0.488774,0.014000,0.1,0.1,0.1
0.822315,-0.433366,0.395809,0.1,0.1,0.1
0.218399,-0.504615,0.083941,0.1,0.1,0.1
0.715107,0.081207,0.397307,0.1,0.1,0.1
0.687915,0.222487,0.232179,0.1,0.1,0.1
0.178919,-0.492786,0.133613,0.1,0.1,0.1
0.311540,-0.070287,0.042990,0.1,0.1,0.1
0.502634,-0.372981,0.626522,0.1,0.1,0.1
0.804599,-0.499632,0.139844,0.1,0.1,0.1
0.621951,-0.136078,0.387307,0.1,0.1,0.1
0.298442,-0.119281,0.272948,0.1,0.1,0.1
0.691469,0.220294,0.102707,0.1,0.1,0.1
0.649204,0.475475,0.283878,0.1,0.1,0.1
0.471240,-0.576352,0.058983,0.1,0.1,0.1
0.561285,-0.266653,0.089399,0.1,0.1,0.1
0.817059,-0.453025,0.237501,0.1,0.1,0.1
0.658343,0.111873,0.364808,0.1,0.1,0.1
0.803450,0.434237,0.502377,0.1,0.1,0.1
0.210193,-0.380618,0.387307,0.1,0.1,0.1
0.721710,0.134685,0.387307,0.1,0.1,0.1
0.968228,0.112414,0.638375,0.1,0.1,0.1
0.938646,0.412585,0.129439,0.1,0.1,0.1
0.796347,0.450628,0.336713,0.1,0.1,0.1
0.652755,-0.620739,0.600502,0.1,0.1,0.1
0.652957,0.262857,0.470797,0.1,0.1,0.1
1.018656,0.380843,0.178405,0.1,0.1,0.1
0.656331,-0.618279,0.401307,0.1,0.1,0.1
0.367185,0.211412,0.306108,0.1,0.1,0.1
0.928932,0.400690,0.403448,0.1,0.1,0.1
0.820429,0.292754,0.397307,0.1,0.1,0.1
0.465021,-0.570549,0.756075,0.1,0.1,0.1
0.995811,0.254302,0.557520,0.1,0.1,0.1
0.661169,0.220008,0.707713,0.1,0.1,0.1
0.795052,-0.285173,0.010000,0.1,0.1,0.1
0.558238,-0.595470,0.570764,0.1,0.1,0.1
0.632707,-0.144447,0.774615,0.1,0.1,0.1
0.613418,0.485042,0.245370,0.1,0.1,0.1
0.189157,-0.454489,0.240908,0.1,0.1,0.1
0.647895,0.112676,0.010000,0.1,0.1,0.1
0.839985,-0.330145,0.000000,0.1,0.1,0.1
0.809301,0.447165,0.080712,0.1,0.1,0.1
0.514940,-0.041438,0.303857,0.1,0.1,0.1
0.765334,-0.646501,0.568932,0.1,0.1,0.1
0.645597,-0.444673,0.397307,0.1,0.1,0.1
0.589019,-0.052567,0.397307,0.1,0.1,0.1
0.799634,-0.479483,0.576574,0.1,0.1,0.1
0.612977,-0.057296,0.305089,0.1,0.1,0.1
0.778675,-0.101596,0.082223,0.1,0.1,0.1
0.887117,-0.190977,0.162587,0.1,0.1,0.1
0.233560,-0.512808,0.154744,0.1,0.1,0.1
0.897007,-0.133232,0.173173,0.1,0.1,0.1
0.654655,-0.383546,0.401307,0.1,0.1,0.1
0.466551,-0.018150,0.100688,0.1,0.1,0.1
0.465794,-0.017935,0.387307,0.1,0.1,0.1
0.353784,0.141748,0.010000,0.1,0.1,0.1
0.883356,-0.035433,0.401307,0.1,0.1,0.1
0.224025,-0.324069,0.069475,0.1,0.1,0.1
0.474044,0.390270,0.010000,0.1,0.1,0.1
0.625259,0.367577,0.010000,0.1,0.1,0.1
0.548651,0.502358,0.170991,0.1,0.1,0.1
0.473608,-0.587336,0.401887,0.1,0.1,0.1
0.808333,-0.344564,0.752520,0.1,0.1,0.1
0.676634,0.472282,0.224214,0.1,0.1,0.1
0.789795,-0.413904,0.433438,0.1,0.1,0.1
0.550492,-0.193970,0.689861,0.1,0.1,0.1
0.797941,-0.383435,0.431212,0.1,0.1,0.1
0.668464,-0.022972,0.784615,0.1,0.1,0.1
0.975553,0.388226,0.725040,0.1,0.1,0.1
0.447458,-0.013045,0.179459,0.1,0.1,0.1
0.851210,-0.184186,0.514554,0.1,0.1,0.1
1.040121,0.381321,0.093065,0.1,0.1,0.1
0.536752,0.509679,0.366361,0.1,0.1,0.1
0.469496,0.199217,0.014000,0.1,0.1,0.1
0.686286,0.213616,0.010000,0.1,0.1,0.1
0.452650,-0.010293,0.051648,0.1,0.1,0.1
0.546106,-0.596367,0.293356,0.1,0.1,0.1
0.599385,-0.124143,0.281425,0.1,0.1,0.1
0.860526,0.052597,0.774615,0.1,0.1,0.1
0.807181,0.447732,0.641917,0.1,0.1,0.1
0.277329,-0.143366,0.010000,0.1,0.1,0.1
0.859018,-0.123075,0.174677,0.1,0.1,0.1
0.985451,0.302448,0.721731,0.1,0.1,0.1
0.815572,-0.119183,0.387307,0.1,0.1,0.1
0.544419,0.298703,0.014000,0.1,0.1,0.1
0.714563,-0.651755,0.540193,0.1,0.1,0.1
0.672143,-0.313167,0.397307,0.1,0.1,0.1
0.767439,-0.497525,0.509163,0.1,0.1,0.1
0.572370,-0.603389,0.356715,0.1,0.1,0.1
0.881562,-0.173037,0.691871,0.1,0.1,0.1
0.637248,0.017482,0.350449,0.1,0.1,0.1
0.420565,0.337510,0.355868,0.1,0.1,0.1
0.571547,-0.115218,0.648746,0.1,0.1,0.1
0.486843,-0.033926,0.350898,0.1,0.1,0.1
0.741776,-0.406196,0.784615,0.1,0.1,0.1
0.301044,-0.109548,0.191075,0.1,0.1,0.1
0.625971,-0.628070,0.113305,0.1,0.1,0.1
0.616394,-0.412999,0.010000,0.1,0.1,0.1
0.656045,-0.233173,0.000000,0.1,0.1,0.1
0.999633,0.385929,0.107175,0.1,0.1,0.1
0.864335,-0.124949,0.397307,0.1,0.1,0.1
0.852360,-0.161744,0.387307,0.1,0.1,0.1
0.960798,0.225719,0.505990,0.1,0.1,0.1
0.808505,-0.321120,0.010000,0.1,0.1,0.1
0.791167,-0.511153,0.059198,0.1,0.1,0.1
0.380332,0.187024,0.010543,0.1,0.1,0.1
0.804768,0.122700,0.397307,0.1,0.1,0.1
0.666108,-0.434398,0.010000,0.1,0.1,0.1
0.855812,-0.308071,0.005742,0.1,0.1,0.1
0.700944,0.461642,0.365106,0.1,0.1,0.1
0.919422,-0.070142,0.077540,0.1,0.1,0.1
0.456124,0.531235,0.156291,0.1,0.1,0.1
0.529912,-0.340690,0.010000,0.1,0.1,0.1
0.634340,0.119655,0.483687,0.1,0.1,0.1
0.928268,0.104044,0.647546,0.1,0.1,0.1
0.477193,-0.020995,0.041003,0.1,0.1,0.1
0.556185,-0.599062,0.155194,0.1,0.1,0.1
0.655481,-0.079011,0.343485,0.1,0.1,0.1
0.592297,-0.327502,0.387307,0.1,0.1,0.1
0.570781,-0.103887,0.397307,0.1,0.1,0.1
0.995856,0.356852,0.550204,0.1,0.1,0.1
0.590017,-0.143696,0.090857,0.1,0.1,0.1
0.634154,0.005909,0.362427,0.1,0.1,0.1
0.642426,0.052338,0.019843,0.1,0.1,0.1
0.497978,-0.476010,0.397307,0.1,0.1,0.1
0.237854,-0.345906,0.296937,0.1,0.1,0.1
0.877161,0.025951,0.401307,0.1,0.1,0.1
0.467755,-0.575420,0.620174,0.1,0.1,0.1
0.796533,0.206201,0.784615,0.1,0.1,0.1
0.712858,0.067302,0.000000,0.1,0.1,0.1
0.334468,-0.235500,0.010000,0.1,0.1,0.1
0.373559,0.235252,0.271857,0.1,0.1,0.1
0.689242,-0.077686,0.187756,0.1,0.1,0.1
0.940538,0.397587,0.464633,0.1,0.1,0.1
0.584875,0.008200,0.455514,0.1,0.1,0.1
0.660658,0.105046,0.275425,0.1,0.1,0.1
0.905539,0.217241,0.774615,0.1,0.1,0.1
0.778851,-0.595938,0.352680,0.1,0.1,0.1
0.962732,0.130573,0.464793,0.1,0.1,0.1
1.015705,0.328715,0.763032,0.1,0.1,0.1
0.785849,-0.531044,0.323770,0.1,0.1,0.1
0.888971,-0.184044,0.316408,0.1,0.1,0.1
0.559641,-0.599986,0.316187,0.1,0.1,0.1
0.742412,-0.222996,0.010000,0.1,0.1,0.1
0.795370,0.436398,0.451406,0.1,0.1,0.1
0.781807,0.454515,0.080376,0.1,0.1,0.1
0.642033,0.481533,0.070238,0.1,0.1,0.1
0.459904,-0.459246,0.429216,0.1,0.1,0.1
0.777080,0.396684,0.397307,0.1,0.1,0.1
0.929807,0.404597,0.513004,0.1,0.1,0.1
0.281705,-0.181885,0.250394,0.1,0.1,0.1
0.450561,-0.567755,0.641153,0.1,0.1,0.1
0.654740,0.217287,0.010000,0.1,0.1,0.1
0.829017,-0.408296,0.503600,0.1,0.1,0.1
0.791167,-0.511153,0.051504,0.1,0.1,0.1
0.500086,-0.495561,0.133144,0.1,0.1,0.1
0.977451,0.272522,0.552272,0.1,0.1,0.1
0.748436,-0.650460,0.046197,0.1,0.1,0.1
0.193468,-0.502090,0.287655,0.1,0.1,0.1
0.470275,0.097393,0.014000,0.1,0.1,0.1
0.635012,0.195735,0.473333,0.1,0.1,0.1
0.911787,0.405274,0.406357,0.1,0.1,0.1
0.721415,-0.653587,0.677718,0.1,0.1,0.1
0.323378,-0.350461,0.010000,0.1,0.1,0.1
0.909000,-0.070408,0.507721,0.1,0.1,0.1
0.486579,-0.359469,0.548101,0.1,0.1,0.1
0.738608,0.455713,0.414391,0.1,0.1,0.1
0.445036,-0.026889,0.320341,0.1,0.1,0.1
0.424688,-0.002817,0.029060,0.1,0.1,0.1
0.490009,-0.024421,0.069482,0.1,0.1,0.1
0.427521,-0.445686,0.010000,0.1,0.1,0.1
0.707386,0.279830,0.340447,0.1,0.1,0.1
0.732918,-0.118908,0.401307,0.1,0.1,0.1
0.493854,0.020946,0.010000,0.1,0.1,0.1
0.560479,-0.391396,0.397307,0.1,0.1,0.1
0.860531,-0.251702,0.573667,0.1,0.1,0.1
0.626759,-0.295147,0.401307,0.1,0.1,0.1
0.621266,-0.026811,0.017118,0.1,0.1,0.1
0.481611,-0.579124,0.744915,0.1,0.1,0.1
0.643677,0.481093,0.168596,0.1,0.1,0.1
0.377088,0.174889,0.083097,0.1,0.1,0.1
0.528982,-0.387478,0.383644,0.1,0.1,0.1
0.512393,-0.040757,0.250627,0.1,0.1,0.1
0.630464,-0.007892,0.116827,0.1,0.1,0.1
0.922848,0.068283,0.693422,0.1,0.1,0.1
0.773360,-0.187696,0.000000,0.1,0.1,0.1
0.425898,0.431025,0.300955,0.1,0.1,0.1
0.862094,-0.245856,0.522094,0.1,0.1,0.1
0.884980,-0.073357,0.599335,0.1,0.1,0.1
0.787867,-0.029308,0.010000,0.1,0.1,0.1
0.379758,0.258441,0.160876,0.1,0.1,0.1
0.739371,0.455510,0.398549,0.1,0.1,0.1
0.785380,-0.445906,0.659909,0.1,0.1,0.1
0.305209,-0.020406,0.277396,0.1,0.1,0.1
0.617361,0.483988,0.362469,0.1,0.1,0.1
0.302398,-0.030919,0.148117,0.1,0.1,0.1
1.015261,0.327055,0.054846,0.1,0.1,0.1
0.480528,-0.574694,0.701631,0.1,0.1,0.1
0.636286,0.031427,0.014000,0.1,0.1,0.1
0.848278,-0.130555,0.158826,0.1,0.1,0.1
1.018452,0.391249,0.306746,0.1,0.1,0.1
0.974276,0.260646,0.449748,0.1,0.1,0.1
0.316072,-0.053336,0.294722,0.1,0.1,0.1
0.426243,0.358751,0.371681,0.1,0.1,0.1
0.732082,-0.629776,0.740504,0.1,0.1,0.1
0.714172,-0.105777,0.774615,0.1,0.1,0.1
0.914094,0.051028,0.656343,0.1,0.1,0.1
1.021024,0.348611,0.597406,0.1,0.1,0.1
0.226037,-0.316543,0.134220,0.1,0.1,0.1
0.745446,0.422188,0.220652,0.1,0.1,0.1
0.738066,0.410072,0.162890,0.1,0.1,0.1
0.880580,-0.139191,0.193053,0.1,0.1,0.1
0.403750,-0.001360,0.091406,0.1,0.1,0.1
0.836492,-0.243584,0.784615,0.1,0.1,0.1
0.646044,0.476320,0.145760,0.1,0.1,0.1
0.997976,0.364783,0.572883,0.1,0.1,0.1
0.358660,-0.003797,0.132139,0.1,0.1,0.1
0.928112,-0.004363,0.010000,0.1,0.1,0.1
0.744312,0.464540,0.321238,0.1,0.1,0.1
0.839747,-0.242549,0.539465,0.1,0.1,0.1
0.339683,0.001277,0.020889,0.1,0.1,0.1
0.459088,0.481605,0.376817,0.1,0.1,0.1
0.886981,-0.065876,0.549849,0.1,0.1,0.1
0.800518,0.439162,0.726069,0.1,0.1,0.1
0.376468,0.246136,0.222871,0.1,0.1,0.1
0.442842,-0.339783,0.010000,0.1,0.1,0.1
0.844442,0.437770,0.074446,0.1,0.1,0.1
0.935152,0.011696,0.784615,0.1,0.1,0.1
0.914749,-0.087623,0.103929,0.1,0.1,0.1
0.459975,-0.026743,0.234345,0.1,0.1,0.1
0.892802,0.424841,0.490822,0.1,0.1,0.1
0.385089,-0.549179,0.386906,0.1,0.1,0.1
0.912992,-0.055476,0.057068,0.1,0.1,0.1
0.494418,0.516857,0.064222,0.1,0.1,0.1
0.517960,-0.027753,0.117588,0.1,0.1,0.1
0.505656,-0.024464,0.183205,0.1,0.1,0.1
0.851480,0.173981,0.397307,0.1,0.1,0.1
0.612425,0.322089,0.010000,0.1,0.1,0.1
0.451995,-0.488827,0.436303,0.1,0.1,0.1
0.835537,-0.049274,0.397307,0.1,0.1,0.1
0.612107,-0.091269,0.010000,0.1,0.1,0.1
0.900658,0.141565,0.774615,0.1,0.1,0.1
0.604242,-0.557722,0.000000,0.1,0.1,0.1
0.886204,-0.155676,0.487585,0.1,0.1,0.1
0.799584,-0.518390,0.649500,0.1,0.1,0.1
0.749563,-0.093813,0.317465,0.1,0.1,0.1
0.485109,0.523486,0.221341,0.1,0.1,0.1
0.968816,0.114612,0.241911,0.1,0.1,0.1
0.486795,-0.358662,0.675295,0.1,0.1,0.1
0.759711,0.144925,0.774615,0.1,0.1,0.1
0.403136,-0.558144,0.130494,0.1,0.1,0.1
0.688659,0.209783,0.351512,0.1,0.1,0.1
0.742694,-0.012888,0.397307,0.1,0.1,0.1
0.819961,0.444315,0.509482,0.1,0.1,0.1
0.966436,0.231324,0.435375,0.1,0.1,0.1
0.721776,-0.643332,0.154263,0.1,0.1,0.1
0.358860,-0.542167,0.160135,0.1,0.1,0.1
0.472179,0.522802,0.178322,0.1,0.1,0.1
0.770142,-0.487416,0.670287,0.1,0.1,0.1
0.552824,-0.594023,0.473951,0.1,0.1,0.1
0.417243,0.097970,0.010000,0.1,0.1,0.1
0.555193,-0.211614,0.397307,0.1,0.1,0.1
0.861131,-0.162566,0.743157,0.1,0.1,0.1
0.760302,-0.539709,0.676542,0.1,0.1,0.1
0.395039,-0.013523,0.290741,0.1,0.1,0.1
0.567981,-0.241607,0.152360,0.1,0.1,0.1
0.911579,0.026132,0.658206,0.1,0.1,0.1
0.461640,-0.573785,0.768835,0.1,0.1,0.1
0.303951,-0.025109,0.316794,0.1,0.1,0.1
0.534362,-0.345386,0.387307,0.1,0.1,0.1
0.247472,-0.309931,0.019507,0.1,0.1,0.1
0.482908,0.524074,0.163187,0.1,0.1,0.1
0.871213,-0.226791,0.387307,0.1,0.1,0.1
0.636352,0.014132,0.303147,0.1,0.1,0.1
0.672475,-0.413222,0.387307,0.1,0.1,0.1
0.718454,0.030559,0.010000,0.1,0.1,0.1
0.434239,0.462223,0.125335,0.1,0.1,0.1
0.874480,-0.137560,0.286293,0.1,0.1,0.1
0.568610,-0.223765,0.251181,0.1,0.1,0.1
0.472079,-0.413706,0.584683,0.1,0.1,0.1
0.380968,-0.005620,0.090857,0.1,0.1,0.1
0.514339,-0.442250,0.204206,0.1,0.1,0.1
0.594377,-0.062675,0.046771,0.1,0.1,0.1
0.488719,-0.038568,0.337302,0.1,0.1,0.1
0.817860,-0.324416,0.412166,0.1,0.1,0.1
0.298809,-0.044342,0.383215,0.1,0.1,0.1
0.938268,0.122863,0.774615,0.1,0.1,0.1
0.646402,0.067208,0.060534,0.1,0.1,0.1
0.947438,0.034647,0.619872,0.1,0.1,0.1
0.693200,-0.265634,0.774615,0.1,0.1,0.1
0.738737,0.455679,0.257525,0.1,0.1,0.1
0.743745,-0.649206,0.457419,0.1,0.1,0.1
0.985453,0.215560,0.163569,0.1,0.1,0.1
0.890289,0.101626,0.010000,0.1,0.1,0.1
0.659718,-0.080144,0.235151,0.1,0.1,0.1
0.260659,-0.187043,0.360142,0.1,0.1,0.1
0.788448,-0.521324,0.291061,0.1,0.1,0.1
0.487498,-0.580698,0.422840,0.1,0.1,0.1
0.716699,0.457430,0.067244,0.1,0.1,0.1
0.551796,-0.302550,0.000000,0.1,0.1,0.1
0.726373,-0.346081,0.010000,0.1,0.1,0.1
0.680475,-0.642642,0.750401,0.1,0.1,0.1
0.310919,-0.072610,0.377753,0.1,0.1,0.1
0.786481,0.187911,0.774615,0.1,0.1,0.1
0.613195,-0.046261,0.014000,0.1,0.1,0.1
0.420352,-0.362097,0.010000,0.1,0.1,0.1
0.793477,0.366165,0.397307,0.1,0.1,0.1
0.612724,0.038803,0.432445,0.1,0.1,0.1
0.626630,-0.460931,0.774615,0.1,0.1,0.1
0.583070,-0.606249,0.756051,0.1,0.1,0.1
0.326174,0.058012,0.269478,0.1,0.1,0.1
0.620987,0.069712,0.709636,0.1,0.1,0.1
0.916332,-0.042984,0.014067,0.1,0.1,0.1
0.470557,-0.419398,0.717263,0.1,0.1,0.1
0.898448,-0.109878,0.398217,0.1,0.1,0.1
0.554769,-0.419243,0.784615,0.1,0.1,0.1
0.757555,0.460999,0.672722,0.1,0.1,0.1
0.485240,-0.575954,0.525505,0.1,0.1,0.1
0.603572,0.487675,0.025336,0.1,0.1,0.1
0.585161,-0.064293,0.575421,0.1,0.1,0.1
0.653565,0.265132,0.730795,0.1,0.1,0.1
0.963487,0.405943,0.181773,0.1,0.1,0.1
0.330858,0.001969,0.208511,0.1,0.1,0.1
1.034320,0.387006,0.301772,0.1,0.1,0.1
0.527134,-0.207776,0.746922,0.1,0.1,0.1
0.250452,-0.517324,0.307981,0.1,0.1,0.1
0.728433,-0.643424,0.743395,0.1,0.1,0.1
0.682962,0.375090,0.653715,0.1,0.1,0.1
0.838665,-0.372210,0.418858,0.1,0.1,0.1
0.535528,0.489049,0.010000,0.1,0.1,0.1
0.637442,0.033695,0.337267,0.1,0.1,0.1
0.686026,0.054899,0.397307,0.1,0.1,0.1
0.853132,-0.176995,0.508861,0.1,0.1,0.1
0.700160,0.439417,0.558423,0.1,0.1,0.1
1.001592,0.385405,0.556479,0.1,0.1,0.1
0.881222,0.017787,0.401307,0.1,0.1,0.1
0.636602,0.201682,0.595720,0.1,0.1,0.1
0.687553,0.274933,0.397307,0.1,0.1,0.1
0.993499,0.206938,0.420386,0.1,0.1,0.1
0.410366,0.372926,0.240565,0.1,0.1,0.1
0.418807,0.330938,0.051334,0.1,0.1,0.1
0.720273,0.460615,0.229788,0.1,0.1,0.1
0.342753,-0.074131,0.014000,0.1,0.1,0.1
0.738680,0.412370,0.227691,0.1,0.1,0.1
0.694921,0.233204,0.336824,0.1,0.1,0.1
0.815988,-0.457032,0.661956,0.1,0.1,0.1
0.631042,-0.614934,0.638205,0.1,0.1,0.1
0.959465,0.205246,0.683038,0.1,0.1,0.1
0.780716,0.338796,0.401307,0.1,0.1,0.1
0.812180,-0.345661,0.738748,0.1,0.1,0.1
0.749424,-0.564910,0.566556,0.1,0.1,0.1
0.736800,-0.100752,0.382016,0.1,0.1,0.1
0.285010,-0.095957,0.234565,0.1,0.1,0.1
0.347853,0.003233,0.326421,0.1,0.1,0.1
1.016135,0.291605,0.378607,0.1,0.1,0.1
0.811466,-0.348332,0.609613,0.1,0.1,0.1
0.938272,0.000365,0.124361,0.1,0.1,0.1
0.828463,0.282584,0.387307,0.1,0.1,0.1
0.274381,-0.159281,0.387307,0.1,0.1,0.1
0.622989,-0.320678,0.397307,0.1,0.1,0.1
0.720511,-0.095764,0.401307,0.1,0.1,0.1
0.485877,0.519140,0.186021,0.1,0.1,0.1
0.768241,0.447791,0.121522,0.1,0.1,0.1
0.772062,-0.582617,0.466997,0.1,0.1,0.1
0.555753,-0.287344,0.024838,0.1,0.1,0.1
0.589513,-0.046883,0.132351,0.1,0.1,0.1
0.603435,-0.263959,0.010000,0.1,0.1,0.1
0.672799,0.337075,0.441183,0.1,0.1,0.1
0.770632,-0.626684,0.687048,0.1,0.1,0.1
0.985385,0.302200,0.546379,0.1,0.1,0.1
0.861617,-0.247640,0.710190,0.1,0.1,0.1
0.763995,-0.147963,0.010000,0.1,0.1,0.1
0.739162,-0.603294,0.682225,0.1,0.1,0.1
0.431610,-0.008808,0.342415,0.1,0.1,0.1
0.522360,-0.047562,0.232636,0.1,0.1,0.1
0.749121,-0.104046,0.175872,0.1,0.1,0.1
0.541840,-0.034138,0.093960,0.1,0.1,0.1
0.808739,-0.358531,0.602656,0.1,0.1,0.1
0.815709,0.445452,0.738819,0.1,0.1,0.1
0.652735,-0.160337,0.000000,0.1,0.1,0.1
0.859121,0.171871,0.000000,0.1,0.1,0.1
0.893913,0.033842,0.010000,0.1,0.1,0.1
0.576413,-0.546352,0.401307,0.1,0.1,0.1
0.595470,-0.138785,0.107496,0.1,0.1,0.1
0.750995,-0.661414,0.727299,0.1,0.1,0.1
0.702093,-0.192626,0.397307,0.1,0.1,0.1
0.898618,-0.109241,0.665764,0.1,0.1,0.1
0.810869,0.436394,0.407081,0.1,0.1,0.1
0.544160,-0.330708,0.180273,0.1,0.1,0.1
0.764270,-0.207589,0.397307,0.1,0.1,0.1
0.744904,0.454030,0.023898,0.1,0.1,0.1
0.630337,-0.618886,0.566479,0.1,0.1,0.1
0.511917,-0.587227,0.754324,0.1,0.1,0.1
0.595191,-0.026779,0.589938,0.1,0.1,0.1
0.558032,-0.092205,0.541638,0.1,0.1,0.1
0.603196,-0.094401,0.029256,0.1,0.1,0.1
0.527986,-0.312483,0.397307,0.1,0.1,0.1
0.425787,0.379910,0.387307,0.1,0.1,0.1
0.881295,-0.071656,0.603558,0.1,0.1,0.1
0.896857,-0.154547,0.680420,0.1,0.1,0.1
0.379592,-0.551850,0.031858,0.1,0.1,0.1
0.633252,-0.020702,0.397307,0.1,0.1,0.1
0.505762,-0.345114,0.774615,0.1,0.1,0.1
0.184851,-0.499786,0.038909,0.1,0.1,0.1
0.324478,-0.041912,0.014000,0.1,0.1,0.1
0.829844,-0.366487,0.760741,0.1,0.1,0.1
0.763923,-0.526166,0.739635,0.1,0.1,0.1
0.768059,-0.597588,0.447711,0.1,0.1,0.1
0.434375,0.389168,0.144832,0.1,0.1,0.1
0.664291,0.475582,0.231324,0.1,0.1,0.1
0.600949,-0.005241,0.444786,0.1,0.1,0.1
0.677241,0.167072,0.239935,0.1,0.1,0.1
0.989647,0.231247,0.492310,0.1,0.1,0.1
0.499113,0.265704,0.010000,0.1,0.1,0.1
0.708580,0.369937,0.010000,0.1,0.1,0.1
0.686823,0.315965,0.540553,0.1,0.1,0.1
0.261286,-0.184697,0.271610,0.1,0.1,0.1
0.693058,0.412853,0.717407,0.1,0.1,0.1
0.913746,-0.091374,0.371247,0.1,0.1,0.1
0.603470,0.004190,0.649027,0.1,0.1,0.1
0.568799,-0.602434,0.512374,0.1,0.1,0.1
0.523155,-0.033283,0.379868,0.1,0.1,0.1
0.646536,0.052224,0.259761,0.1,0.1,0.1
0.688135,0.223308,0.060067,0.1,0.1,0.1
0.682844,-0.632924,0.028451,0.1,0.1,0.1
0.573691,-0.228940,0.000000,0.1,0.1,0.1
0.781296,-0.461181,0.706951,0.1,0.1,0.1
0.809801,-0.480172,0.463844,0.1,0.1,0.1
0.706812,0.277680,0.224829,0.1,0.1,0.1
0.187280,-0.500435,0.383447,0.1,0.1,0.1
0.639796,-0.617275,0.538935,0.1,0.1,0.1
0.888974,-0.145313,0.197695,0.1,0.1,0.1
0.602350,-0.097565,0.362796,0.1,0.1,0.1
0.470994,-0.523744,0.401307,0.1,0.1,0.1
0.640087,0.214716,0.615333,0.1,0.1,0.1
0.644066,0.476849,0.300259,0.1,0.1,0.1
0.649704,0.064073,0.234612,0.1,0.1,0.1
0.868216,-0.222958,0.414211,0.1,0.1,0.1
0.567451,-0.602074,0.650738,0.1,0.1,0.1
0.365722,0.205939,0.055021,0.1,0.1,0.1
0.649731,0.177228,0.698388,0.1,0.1,0.1
0.917533,-0.038489,0.703302,0.1,0.1,0.1
0.416004,0.320450,0.270565,0.1,0.1,0.1
0.813575,-0.466059,0.154719,0.1,0.1,0.1
0.926408,-0.005295,0.498649,0.1,0.1,0.1
0.324840,0.053023,0.288575,0.1,0.1,0.1
0.680870,-0.195135,0.387307,0.1,0.1,0.1
0.890540,-0.178175,0.124846,0.1,0.1,0.1
0.376979,0.114145,0.014000,0.1,0.1,0.1
0.699537,-0.463862,0.000000,0.1,0.1,0.1
0.854463,0.435091,0.068439,0.1,0.1,0.1
0.984793,0.183393,0.387307,0.1,0.1,0.1
0.207387,-0.459867,0.260853,0.1,0.1,0.1
0.863768,0.272813,0.784615,0.1,0.1,0.1
0.686479,-0.644247,0.627368,0.1,0.1,0.1
0.644215,0.156593,0.770220,0.1,0.1,0.1
0.594346,0.490141,0.160597,0.1,0.1,0.1
0.279404,-0.424872,0.010000,0.1,0.1,0.1
0.739178,-0.318694,0.397307,0.1,0.1,0.1
0.618475,0.296411,0.014000,0.1,0.1,0.1
0.774509,-0.368776,0.397307,0.1,0.1,0.1
0.957057,0.146686,0.387307,0.1,0.1,0.1
0.772619,-0.248910,0.010000,0.1,0.1,0.1
0.600643,-0.266556,0.387307,0.1,0.1,0.1
0.948371,0.163752,0.597592,0.1,0.1,0.1
0.757979,-0.332749,0.774615,0.1,0.1,0.1
0.528062,0.512003,0.214099,0.1,0.1,0.1
0.401677,-0.424784,0.010000,0.1,0.1,0.1
0.364979,0.013146,0.210134,0.1,0.1,0.1
0.823224,-0.429965,0.572943,0.1,0.1,0.1
0.985441,0.215516,0.417528,0.1,0.1,0.1
0.708761,0.284972,0.118896,0.1,0.1,0.1
0.627278,0.086161,0.010000,0.1,0.1,0.1
0.996961,0.219886,0.430182,0.1,0.1,0.1
1.039815,0.380178,0.472631,0.1,0.1,0.1
0.794229,-0.412805,0.519863,0.1,0.1,0.1
0.885510,-0.196988,0.100158,0.1,0.1,0.1
0.399166,-0.010486,0.129813,0.1,0.1,0.1
0.492473,-0.508550,0.233423,0.1,0.1,0.1
0.953807,0.199572,0.708334,0.1,0.1,0.1
0.993022,0.243869,0.472521,0.1,0.1,0.1
0.579127,-0.605195,0.769398,0.1,0.1,0.1
0.846682,0.437171,0.260960,0.1,0.1,0.1
0.679420,0.175223,0.192983,0.1,0.1,0.1
0.923357,0.416672,0.431776,0.1,0.1,0.1
1.006651,0.394404,0.709821,0.1,0.1,0.1
0.596169,-0.450386,0.774615,0.1,0.1,0.1
0.341206,-0.399703,0.010000,0.1,0.1,0.1
0.666221,0.125853,0.155439,0.1,0.1,0.1
0.687014,0.203630,0.165807,0.1,0.1,0.1
0.951990,0.051675,0.555195,0.1,0.1,0.1
0.884972,-0.073390,0.558121,0.1,0.1,0.1
0.410898,-0.556079,0.010795,0.1,0.1,0.1
0.568461,0.365484,0.010000,0.1,0.1,0.1
0.324385,-0.537090,0.147977,0.1,0.1,0.1
0.782745,0.439773,0.722753,0.1,0.1,0.1
0.824765,-0.424200,0.371550,0.1,0.1,0.1
0.394891,0.315043,0.259262,0.1,0.1,0.1
0.995379,0.387066,0.091530,0.1,0.1,0.1
0.969481,0.320135,0.774615,0.1,0.1,0.1
0.935962,-0.008275,0.074653,0.1,0.1,0.1
0.623406,-0.462040,0.784615,0.1,0.1,0.1
0.647326,0.210418,0.014000,0.1,0.1,0.1
0.465652,-0.017909,0.138464,0.1,0.1,0.1
0.856566,0.424178,0.767413,0.1,0.1,0.1
0.698455,-0.090500,0.287942,0.1,0.1,0.1
0.498657,-0.387857,0.003282,0.1,0.1,0.1
0.656081,0.274540,0.460143,0.1,0.1,0.1
0.436150,-0.562830,0.141517,0.1,0.1,0.1
0.288465,-0.334052,0.014000,0.1,0.1,0.1
0.524110,0.513059,0.248601,0.1,0.1,0.1
0.394283,0.001171,0.222856,0.1,0.1,0.1
0.657682,0.109402,0.107430,0.1,0.1,0.1
0.422642,-0.002270,0.017032,0.1,0.1,0.1
0.896069,0.187566,0.010000,0.1,0.1,0.1
0.880849,-0.128912,0.093161,0.1,0.1,0.1
0.583357,-0.071040,0.626557,0.1,0.1,0.1
0.849883,-0.204636,0.672006,0.1,0.1,0.1
0.261694,-0.520330,0.236067,0.1,0.1,0.1
0.920350,0.186821,0.774615,0.1,0.1,0.1
0.765188,-0.505945,0.770284,0.1,0.1,0.1
0.522185,-0.412902,0.305875,0.1,0.1,0.1
0.546532,-0.019105,0.010000,0.1,0.1,0.1
0.552230,-0.003635,0.014000,0.1,0.1,0.1
0.606509,-0.097493,0.040012,0.1,0.1,0.1
0.535616,-0.603914,0.323066,0.1,0.1,0.1
0.227120,-0.386058,0.297416,0.1,0.1,0.1
0.882547,-0.139717,0.069968,0.1,0.1,0.1
1.005030,0.250066,0.680134,0.1,0.1,0.1
0.536066,-0.308650,0.401307,0.1,0.1,0.1
0.787587,0.441467,0.774615,0.1,0.1,0.1
0.710873,0.292871,0.345776,0.1,0.1,0.1
0.385278,-0.553370,0.216300,0.1,0.1,0.1
0.952405,0.199504,0.774615,0.1,0.1,0.1
0.842475,-0.319240,0.106031,0.1,0.1,0.1
0.510545,-0.292614,0.397307,0.1,0.1,0.1
0.439207,-0.025331,0.317722,0.1,0.1,0.1
0.717213,0.429636,0.641858,0.1,0.1,0.1
0.947922,0.399754,0.584412,0.1,0.1,0.1
0.696531,0.254712,0.104996,0.1,0.1,0.1
0.689516,0.307234,0.397307,0.1,0.1,0.1
0.929956,0.110357,0.432932,0.1,0.1,0.1
0.741243,0.291627,0.010000,0.1,0.1,0.1
1.031406,0.387443,0.668934,0.1,0.1,0.1
0.283568,-0.174915,0.235291,0.1,0.1,0.1
0.298245,-0.525961,0.231084,0.1,0.1,0.1
0.693847,-0.646217,0.511525,0.1,0.1,0.1
0.839127,-0.091803,0.774615,0.1,0.1,0.1
0.736051,0.402534,0.154088,0.1,0.1,0.1
0.565900,-0.118879,0.014000,0.1,0.1,0.1
0.336896,0.002022,0.353113,0.1,0.1,0.1
0.360920,0.187977,0.181402,0.1,0.1,0.1
0.519547,-0.589267,0.519130,0.1,0.1,0.1
0.312862,0.008219,0.138625,0.1,0.1,0.1
0.668465,0.134248,0.214924,0.1,0.1,0.1
0.687127,0.204050,0.152621,0.1,0.1,0.1
0.381308,-0.548168,0.013301,0.1,0.1,0.1
0.730538,0.366428,0.350591,0.1,0.1,0.1
0.410261,0.298972,0.076657,0.1,0.1,0.1
0.485230,-0.535642,0.335667,0.1,0.1,0.1
0.715622,-0.363890,0.397307,0.1,0.1,0.1
0.465416,-0.570654,0.371507,0.1,0.1,0.1
0.226525,-0.314718,0.043575,0.1,0.1,0.1
0.544250,-0.330371,0.358562,0.1,0.1,0.1
0.961786,0.213928,0.563552,0.1,0.1,0.1
0.539882,-0.048106,0.299843,0.1,0.1,0.1
0.874570,0.419364,0.776873,0.1,0.1,0.1
0.722468,0.204827,0.401307,0.1,0.1,0.1
0.220874,-0.335855,0.216985,0.1,0.1,0.1
0.836069,-0.216262,0.000000,0.1,0.1,0.1
0.491974,-0.581895,0.683379,0.1,0.1,0.1
0.444810,-0.515703,0.503125,0.1,0.1,0.1
0.667029,0.241929,0.639413,0.1,0.1,0.1
0.293579,-0.137471,0.179812,0.1,0.1,0.1
0.759558,0.027098,0.010000,0.1,0.1,0.1
0.515209,-0.031158,0.075338,0.1,0.1,0.1
0.344364,0.126050,0.059357,0.1,0.1,0.1
0.893694,-0.040764,0.672898,0.1,0.1,0.1
0.396740,0.000514,0.090854,0.1,0.1,0.1
0.643141,0.088095,0.010000,0.1,0.1,0.1
0.589885,-0.218958,0.000000,0.1,0.1,0.1
0.712625,-0.640886,0.760261,0.1,0.1,0.1
0.842394,0.427966,0.714192,0.1,0.1,0.1
0.534114,-0.590199,0.397307,0.1,0.1,0.1
0.581382,-0.191479,0.361460,0.1,0.1,0.1
0.483082,-0.446114,0.649477,0.1,0.1,0.1
1.007794,0.299123,0.761702,0.1,0.1,0.1
0.869027,0.420846,0.632510,0.1,0.1,0.1
0.403942,0.348897,0.335458,0.1,0.1,0.1
0.925610,-0.008278,0.415099,0.1,0.1,0.1
0.322542,-0.262232,0.014000,0.1,0.1,0.1
0.879569,0.309265,0.401307,0.1,0.1,0.1
0.975925,0.266817,0.765679,0.1,0.1,0.1
0.622935,-0.070310,0.100252,0.1,0.1,0.1
0.817862,0.167322,0.397307,0.1,0.1,0.1
0.440370,-0.011150,0.270732,0.1,0.1,0.1
0.751512,-0.557098,0.542811,0.1,0.1,0.1
0.500157,-0.453290,0.397307,0.1,0.1,0.1
0.544825,-0.328221,0.283913,0.1,0.1,0.1
0.547940,-0.054401,0.255205,0.1,0.1,0.1
0.568297,-0.194310,0.010000,0.1,0.1,0.1
0.586865,-0.155486,0.341441,0.1,0.1,0.1
0.346337,-0.538818,0.227697,0.1,0.1,0.1
0.765959,-0.644163,0.186767,0.1,0.1,0.1
0.411850,0.261491,0.014000,0.1,0.1,0.1
0.582684,-0.207947,0.397307,0.1,0.1,0.1
0.563713,-0.523952,0.397307,0.1,0.1,0.1
0.811944,-0.472156,0.401465,0.1,0.1,0.1
0.379505,0.009262,0.385661,0.1,0.1,0.1
0.617882,0.131662,0.404811,0.1,0.1,0.1
0.844467,-0.311789,0.624841,0.1,0.1,0.1
0.978383,0.150395,0.437420,0.1,0.1,0.1
1.018442,0.300232,0.225201,0.1,0.1,0.1
0.662771,0.112949,0.204761,0.1,0.1,0.1
0.575355,-0.420110,0.784615,0.1,0.1,0.1
0.910411,-0.065132,0.406430,0.1,0.1,0.1
1.002443,0.279110,0.706971,0.1,0.1,0.1
0.742977,0.412954,0.269403,0.1,0.1,0.1
0.760648,0.350320,0.387307,0.1,0.1,0.1
0.519153,-0.424243,0.157363,0.1,0.1,0.1
0.643413,0.056031,0.348958,0.1,0.1,0.1
0.640356,0.044593,0.368104,0.1,0.1,0.1
0.925415,-0.047728,0.511597,0.1,0.1,0.1
0.907414,-0.115058,0.346123,0.1,0.1,0.1
0.739830,-0.648159,0.569980,0.1,0.1,0.1
0.789243,0.438036,0.497849,0.1,0.1,0.1
0.549773,0.336983,0.014000,0.1,0.1,0.1
1.035650,0.364599,0.155183,0.1,0.1,0.1
0.602474,0.487968,0.058504,0.1,0.1,0.1
0.916444,0.059816,0.649543,0.1,0.1,0.1
0.576596,-0.043430,0.133812,0.1,0.1,0.1
0.881968,-0.155895,0.397307,0.1,0.1,0.1
1.025878,0.378912,0.459298,0.1,0.1,0.1
1.039279,0.378173,0.505312,0.1,0.1,0.1
0.962728,0.091839,0.491650,0.1,0.1,0.1
0.859663,-0.133599,0.354396,0.1,0.1,0.1
0.989769,0.192986,0.240040,0.1,0.1,0.1
0.950890,0.047561,0.717896,0.1,0.1,0.1
0.506510,-0.585781,0.579270,0.1,0.1,0.1
0.749939,0.438995,0.244996,0.1,0.1,0.1
0.598394,-0.112360,0.140105,0.1,0.1,0.1
0.841763,0.428135,0.480894,0.1,0.1,0.1
0.322949,0.045950,0.176330,0.1,0.1,0.1
0.913483,0.048742,0.474093,0.1,0.1,0.1
0.565191,-0.611821,0.196728,0.1,0.1,0.1
0.969819,0.259462,0.507365,0.1,0.1,0.1
0.599991,-0.610773,0.042157,0.1,0.1,0.1
0.810965,-0.437101,0.695704,0.1,0.1,0.1
0.222532,-0.329653,0.055290,0.1,0.1,0.1
0.489975,-0.346768,0.627958,0.1,0.1,0.1
0.896233,0.413572,0.013615,0.1,0.1,0.1
0.437315,0.400165,0.155210,0.1,0.1,0.1
1.020402,0.380376,0.166331,0.1,0.1,0.1
0.801893,0.068746,0.784615,0.1,0.1,0.1
0.501997,-0.506506,0.000000,0.1,0.1,0.1
1.000146,0.379288,0.397307,0.1,0.1,0.1
0.687881,0.206872,0.202733,0.1,0.1,0.1
0.780188,-0.372815,0.774615,0.1,0.1,0.1
0.753194,-0.662083,0.045757,0.1,0.1,0.1
0.615455,0.157097,0.010000,0.1,0.1,0.1
0.658319,0.111783,0.216645,0.1,0.1,0.1
0.667563,0.474707,0.318965,0.1,0.1,0.1
0.845991,-0.203707,0.647740,0.1,0.1,0.1
1.017777,0.297745,0.387598,0.1,0.1,0.1
0.819547,-0.122874,0.211802,0.1,0.1,0.1
0.588732,0.022627,0.703897,0.1,0.1,0.1
0.240891,-0.260983,0.230978,0.1,0.1,0.1
0.522768,-0.600479,0.623960,0.1,0.1,0.1
0.830828,-0.260422,0.679978,0.1,0.1,0.1
0.321933,0.042148,0.372470,0.1,0.1,0.1
0.487011,-0.431416,0.692344,0.1,0.1,0.1
0.537274,0.505399,0.051696,0.1,0.1,0.1
0.670025,-0.065537,0.401307,0.1,0.1,0.1
0.409441,-0.112152,0.014000,0.1,0.1,0.1
0.929241,0.092197,0.612173,0.1,0.1,0.1
0.692744,0.225060,0.308294,0.1,0.1,0.1
0.685863,0.300679,0.000000,0.1,0.1,0.1
0.375067,0.167328,0.350927,0.1,0.1,0.1
0.916474,-0.042453,0.603759,0.1,0.1,0.1
0.789311,0.442158,0.082183,0.1,0.1,0.1
0.935509,0.403072,0.132409,0.1,0.1,0.1
0.467747,0.513994,0.288267,0.1,0.1,0.1
0.367741,0.213492,0.224677,0.1,0.1,0.1
0.681648,0.199044,0.215768,0.1,0.1,0.1
0.729389,0.454038,0.016259,0.1,0.1,0.1
0.947825,0.074815,0.737408,0.1,0.1,0.1
0.596911,-0.052893,0.774615,0.1,0.1,0.1
0.537637,-0.355105,0.224250,0.1,0.1,0.1
0.467827,-0.018491,0.191775,0.1,0.1,0.1
0.800475,-0.117775,0.228790,0.1,0.1,0.1
0.932023,0.118090,0.736729,0.1,0.1,0.1
0.481425,0.280835,0.010000,0.1,0.1,0.1
1.015079,0.326374,0.699052,0.1,0.1,0.1
0.859457,-0.168824,0.727065,0.1,0.1,0.1
0.200399,-0.486006,0.010552,0.1,0.1,0.1
0.524664,0.508771,0.139757,0.1,0.1,0.1
0.782181,-0.102533,0.089946,0.1,0.1,0.1
0.492930,-0.506840,0.085698,0.1,0.1,0.1
0.592123,-0.051721,0.160671,0.1,0.1,0.1
0.605593,-0.085433,0.280154,0.1,0.1,0.1
0.942405,0.401229,0.183289,0.1,0.1,0.1
0.760694,-0.382923,0.397307,0.1,0.1,0.1
0.769250,-0.109427,0.166419,0.1,0.1,0.1
0.664894,0.136376,0.308561,0.1,0.1,0.1
0.446388,-0.569708,0.584678,0.1,0.1,0.1
0.679890,-0.189941,0.000000,0.1,0.1,0.1
0.857633,-0.262541,0.087681,0.1,0.1,0.1
0.809750,0.328218,0.784615,0.1,0.1,0.1
0.334164,-0.018087,0.010000,0.1,0.1,0.1
0.647537,0.169018,0.753251,0.1,0.1,0.1
0.767287,0.448046,0.403795,0.1,0.1,0.1
0.712686,-0.058916,0.000000,0.1,0.1,0.1
0.938214,0.125759,0.524770,0.1,0.1,0.1
0.928048,0.000840,0.457184,0.1,0.1,0.1
0.876613,0.414677,0.463681,0.1,0.1,0.1
0.906976,-0.077979,0.111145,0.1,0.1,0.1
0.921239,0.127114,0.401307,0.1,0.1,0.1
0.909397,-0.107643,0.525896,0.1,0.1,0.1
0.494472,-0.501074,0.258890,0.1,0.1,0.1
0.520793,-0.316760,0.774615,0.1,0.1,0.1
0.703487,0.265243,0.075414,0.1,0.1,0.1
0.638724,0.209618,0.553296,0.1,0.1,0.1
0.780991,-0.311335,0.387307,0.1,0.1,0.1
0.745206,0.351116,0.397307,0.1,0.1,0.1
0.586894,-0.057811,0.573464,0.1,0.1,0.1
0.709155,-0.639958,0.390105,0.1,0.1,0.1
0.455759,-0.582564,0.657364,0.1,0.1,0.1
0.806025,0.215795,0.397307,0.1,0.1,0.1
0.417160,0.398341,0.346218,0.1,0.1,0.1
0.714643,0.366589,0.010000,0.1,0.1,0.1
0.619411,0.276651,0.010000,0.1,0.1,0.1
0.873912,0.419540,0.643521,0.1,0.1,0.1
0.716531,-0.652281,0.652673,0.1,0.1,0.1
0.681663,0.199101,0.012923,0.1,0.1,0.1
0.984366,0.272285,0.010000,0.1,0.1,0.1
0.598745,-0.111050,0.111596,0.1,0.1,0.1
0.899921,-0.143086,0.593804,0.1,0.1,0.1
0.689241,0.292037,0.010000,0.1,0.1,0.1
0.438433,-0.460648,0.014000,0.1,0.1,0.1
0.395744,0.244670,0.011923,0.1,0.1,0.1
0.683355,-0.447025,0.784615,0.1,0.1,0.1
0.503460,-0.467454,0.234969,0.1,0.1,0.1
0.462382,-0.449978,0.587008,0.1,0.1,0.1
0.734403,0.262745,0.397307,0.1,0.1,0.1
0.579024,-0.184814,0.151634,0.1,0.1,0.1
0.773401,-0.561181,0.397307,0.1,0.1,0.1
0.967910,0.404761,0.249581,0.1,0.1,0.1
0.731943,-0.297068,0.401307,0.1,0.1,0.1
0.906921,-0.116904,0.399628,0.1,0.1,0.1
0.580518,-0.008098,0.684853,0.1,0.1,0.1
0.642378,-0.101338,0.784615,0.1,0.1,0.1
0.636635,0.128239,0.627000,0.1,0.1,0.1
0.771538,0.352336,0.010000,0.1,0.1,0.1
0.935319,-0.010683,0.248620,0.1,0.1,0.1
0.815947,-0.098429,0.397307,0.1,0.1,0.1
0.770693,-0.384538,0.387307,0.1,0.1,0.1
0.939468,0.239669,0.784615,0.1,0.1,0.1
0.407248,-0.555103,0.049565,0.1,0.1,0.1
0.641991,0.043254,0.387307,0.1,0.1,0.1
0.730063,0.380137,0.159640,0.1,0.1,0.1
0.630364,-0.332902,0.774615,0.1,0.1,0.1
0.679374,-0.602060,0.401307,0.1,0.1,0.1
0.740183,0.062552,0.401307,0.1,0.1,0.1
0.755547,-0.266898,0.774615,0.1,0.1,0.1
0.882995,0.417112,0.362715,0.1,0.1,0.1
0.913173,0.047584,0.647800,0.1,0.1,0.1
0.749468,0.437234,0.288917,0.1,0.1,0.1
0.487251,0.399692,0.010000,0.1,0.1,0.1
0.843584,0.226876,0.784615,0.1,0.1,0.1
0.883743,-0.203599,0.197226,0.1,0.1,0.1
0.767293,-0.098553,0.215751,0.1,0.1,0.1
0.830866,-0.275767,0.713646,0.1,0.1,0.1
0.756853,-0.663061,0.480889,0.1,0.1,0.1
0.748786,-0.567296,0.461733,0.1,0.1,0.1
0.658151,0.111154,0.027242,0.1,0.1,0.1
0.350489,0.148961,0.272908,0.1,0.1,0.1
0.828439,0.219782,0.387307,0.1,0.1,0.1
0.751792,0.115672,0.397307,0.1,0.1,0.1
0.756618,-0.082203,0.397307,0.1,0.1,0.1
0.373998,-0.190295,0.014000,0.1,0.1,0.1
0.613591,-0.624760,0.229625,0.1,0.1,0.1
0.594148,-0.066754,0.065863,0.1,0.1,0.1
0.939733,0.044547,0.739980,0.1,0.1,0.1
0.748482,0.449034,0.034125,0.1,0.1,0.1
0.532935,-0.563137,0.010000,0.1,0.1,0.1
0.821871,-0.435027,0.199838,0.1,0.1,0.1
0.504116,0.267321,0.010000,0.1,0.1,0.1
0.970222,0.389651,0.733316,0.1,0.1,0.1
0.596332,-0.022508,0.517980,0.1,0.1,0.1
0.535190,-0.593449,0.468103,0.1,0.1,0.1
0.882287,-0.209046,0.001684,0.1,0.1,0.1
0.937229,-0.003538,0.669116,0.1,0.1,0.1
0.528210,-0.390367,0.111222,0.1,0.1,0.1
0.837409,-0.117298,0.273308,0.1,0.1,0.1
0.387466,-0.147096,0.010000,0.1,0.1,0.1
0.972134,0.252636,0.716472,0.1,0.1,0.1
0.430218,-0.565385,0.141220,0.1,0.1,0.1
0.531584,0.511061,0.111794,0.1,0.1,0.1
0.550277,-0.186658,0.397307,0.1,0.1,0.1
0.558327,-0.514038,0.397307,0.1,0.1,0.1
0.510751,-0.440185,0.084130,0.1,0.1,0.1
0.461043,-0.528548,0.734175,0.1,0.1,0.1
0.988097,0.384872,0.547021,0.1,0.1,0.1
0.620318,0.483198,0.037325,0.1,0.1,0.1
0.653812,0.094927,0.274220,0.1,0.1,0.1
0.699969,-0.633362,0.526185,0.1,0.1,0.1
0.481937,-0.563446,0.342118,0.1,0.1,0.1
0.816300,-0.314764,0.742833,0.1,0.1,0.1
0.850234,-0.120727,0.029994,0.1,0.1,0.1
0.620480,-0.530259,0.397307,0.1,0.1,0.1
0.202040,-0.504381,0.016661,0.1,0.1,0.1
0.785382,0.443208,0.223928,0.1,0.1,0.1
0.762639,-0.617860,0.353295,0.1,0.1,0.1
0.286300,-0.091133,0.331842,0.1,0.1,0.1
0.617000,-0.377364,0.387307,0.1,0.1,0.1
0.761382,0.291142,0.397307,0.1,0.1,0.1
0.808535,-0.119930,0.366633,0.1,0.1,0.1
0.467784,-0.571287,0.752367,0.1,0.1,0.1
0.780496,-0.551068,0.225761,0.1,0.1,0.1
0.754952,-0.544233,0.551014,0.1,0.1,0.1
0.573427,-0.614022,0.514670,0.1,0.1,0.1
0.223438,-0.326263,0.308728,0.1,0.1,0.1
0.464941,-0.570527,0.022944,0.1,0.1,0.1
0.563043,-0.039806,0.155645,0.1,0.1,0.1
0.873349,-0.183201,0.784615,0.1,0.1,0.1
0.903401,-0.130069,0.556279,0.1,0.1,0.1
0.725528,-0.081578,0.401307,0.1,0.1,0.1
0.940442,0.008480,0.753940,0.1,0.1,0.1
0.441932,-0.021919,0.110718,0.1,0.1,0.1
0.702178,0.446963,0.516333,0.1,0.1,0.1
0.527513,-0.392975,0.329283,0.1,0.1,0.1
0.840582,0.428451,0.572967,0.1,0.1,0.1
0.683422,-0.633078,0.433425,0.1,0.1,0.1
0.710111,0.253186,0.401307,0.1,0.1,0.1
0.691939,0.308543,0.397307,0.1,0.1,0.1
0.684223,-0.547101,0.000000,0.1,0.1,0.1
1.002695,0.385110,0.299864,0.1,0.1,0.1
0.742122,-0.012459,0.397307,0.1,0.1,0.1
0.851322,-0.211326,0.774615,0.1,0.1,0.1
0.616272,-0.058177,0.278535,0.1,0.1,0.1
0.712186,0.054128,0.397307,0.1,0.1,0.1
0.516750,-0.417746,0.040258,0.1,0.1,0.1
0.635245,0.025479,0.122482,0.1,0.1,0.1
0.515253,-0.152447,0.010000,0.1,0.1,0.1
0.910103,0.409865,0.562807,0.1,0.1,0.1
0.566626,-0.612204,0.693028,0.1,0.1,0.1
0.408262,-0.555374,0.088171,0.1,0.1,0.1
0.892434,-0.029989,0.493492,0.1,0.1,0.1
0.534883,-0.252355,0.422848,0.1,0.1,0.1
0.265509,-0.169539,0.387307,0.1,0.1,0.1
0.935336,0.398978,0.717436,0.1,0.1,0.1
0.719293,0.349366,0.010000,0.1,0.1,0.1
0.663716,0.471595,0.110089,0.1,0.1,0.1
0.967606,0.148803,0.419078,0.1,0.1,0.1
0.868888,-0.220445,0.293544,0.1,0.1,0.1
0.759055,-0.631269,0.030422,0.1,0.1,0.1
0.432542,0.455874,0.339109,0.1,0.1,0.1
1.002741,0.385098,0.127592,0.1,0.1,0.1
0.890551,-0.037032,0.456671,0.1,0.1,0.1
0.638424,0.037368,0.051361,0.1,0.1,0.1
0.580153,-0.570885,0.774615,0.1,0.1,0.1
0.635322,0.196894,0.451944,0.1,0.1,0.1
0.457060,0.074983,0.010000,0.1,0.1,0.1
0.751475,-0.569119,0.397307,0.1,0.1,0.1
0.905076,-0.123806,0.553503,0.1,0.1,0.1
0.514571,-0.169198,0.014000,0.1,0.1,0.1
0.352048,0.002111,0.178675,0.1,0.1,0.1
0.909423,-0.068828,0.015766,0.1,0.1,0.1
0.423790,-0.297726,0.010000,0.1,0.1,0.1
0.940733,0.236427,0.401307,0.1,0.1,0.1
0.784918,-0.437106,0.784615,0.1,0.1,0.1
0.467202,-0.575272,0.430646,0.1,0.1,0.1
0.303684,-0.527415,0.011674,0.1,0.1,0.1
0.627902,0.095576,0.540912,0.1,0.1,0.1
0.825212,-0.281431,0.549327,0.1,0.1,0.1
0.520168,-0.307396,0.429346,0.1,0.1,0.1
0.524968,-0.289442,0.764057,0.1,0.1,0.1
0.721743,0.349017,0.107481,0.1,0.1,0.1
0.743863,0.314545,0.401307,0.1,0.1,0.1
0.824590,0.428586,0.644118,0.1,0.1,0.1
0.393702,-0.009025,0.335284,0.1,0.1,0.1
0.389372,-0.540836,0.014000,0.1,0.1,0.1
0.680997,-0.632430,0.063589,0.1,0.1,0.1
0.729661,0.378633,0.295514,0.1,0.1,0.1
0.607357,-0.258743,0.397307,0.1,0.1,0.1
0.610166,-0.056545,0.287932,0.1,0.1,0.1
0.784732,0.439242,0.446605,0.1,0.1,0.1
0.871964,0.420061,0.599860,0.1,0.1,0.1
0.473402,-0.034473,0.116505,0.1,0.1,0.1
0.405928,0.356329,0.029597,0.1,0.1,0.1
0.780936,-0.549425,0.455472,0.1,0.1,0.1
0.732523,-0.393844,0.000000,0.1,0.1,0.1
0.889757,0.411163,0.439908,0.1,0.1,0.1
0.239113,-0.341197,0.073457,0.1,0.1,0.1
0.653118,0.092330,0.087607,0.1,0.1,0.1
0.283036,-0.103342,0.282858,0.1,0.1,0.1
0.934043,0.002384,0.774615,0.1,0.1,0.1
0.891362,-0.136383,0.770971,0.1,0.1,0.1
0.509973,-0.443092,0.080693,0.1,0.1,0.1
0.275369,-0.132020,0.132382,0.1,0.1,0.1
0.943443,0.019704,0.493039,0.1,0.1,0.1
0.730837,-0.099157,0.320581,0.1,0.1,0.1
0.712651,-0.651244,0.625379,0.1,0.1,0.1
0.337114,0.098933,0.371747,0.1,0.1,0.1
0.716884,-0.637884,0.653008,0.1,0.1,0.1
0.793047,0.451510,0.728410,0.1,0.1,0.1
0.482824,-0.373513,0.540759,0.1,0.1,0.1
0.801514,0.062694,0.774615,0.1,0.1,0.1
0.974912,0.389881,0.010000,0.1,0.1,0.1
0.538733,-0.335517,0.176875,0.1,0.1,0.1
0.733530,-0.083291,0.387307,0.1,0.1,0.1
0.842430,-0.217025,0.425894,0.1,0.1,0.1
0.345328,0.129658,0.314064,0.1,0.1,0.1
0.626935,-0.240638,0.000000,0.1,0.1,0.1
0.614906,-0.050599,0.062176,0.1,0.1,0.1
0.512622,-0.375522,0.387307,0.1,0.1,0.1
0.837480,0.317843,0.000000,0.1,0.1,0.1
0.503116,-0.574221,0.784615,0.1,0.1,0.1
0.562296,-0.290481,0.397307,0.1,0.1,0.1
0.834728,-0.348219,0.479256,0.1,0.1,0.1
0.717516,-0.642193,0.154624,0.1,0.1,0.1
0.522012,-0.413552,0.057638,0.1,0.1,0.1
0.983567,0.208506,0.498780,0.1,0.1,0.1
0.748390,-0.103850,0.199627,0.1,0.1,0.1
0.726236,-0.087576,0.175216,0.1,0.1,0.1
0.676540,0.179937,0.162030,0.1,0.1,0.1
0.717072,-0.430424,0.397307,0.1,0.1,0.1
0.420429,0.337002,0.040546,0.1,0.1,0.1
0.412833,0.308590,0.324461,0.1,0.1,0.1
0.719680,0.429666,0.010000,0.1,0.1,0.1
0.369790,0.007719,0.088287,0.1,0.1,0.1
0.673100,-0.640670,0.231397,0.1,0.1,0.1
0.466147,-0.013901,0.096536,0.1,0.1,0.1
0.892121,-0.133542,0.763184,0.1,0.1,0.1
0.560788,-0.437369,0.387307,0.1,0.1,0.1
0.434545,-0.554100,0.607235,0.1,0.1,0.1
0.890538,0.410955,0.635592,0.1,0.1,0.1
0.578165,-0.203514,0.094911,0.1,0.1,0.1
1.020868,0.309308,0.005671,0.1,0.1,0.1
0.761745,-0.378245,0.401307,0.1,0.1,0.1
0.264697,-0.516992,0.221876,0.1,0.1,0.1
0.259143,-0.519648,0.324973,0.1,0.1,0.1
0.785514,-0.037957,0.387307,0.1,0.1,0.1
0.679972,-0.468449,0.784615,0.1,0.1,0.1
0.759022,-0.663641,0.746668,0.1,0.1,0.1
0.734510,0.381283,0.329951,0.1,0.1,0.1
0.958260,0.396990,0.476577,0.1,0.1,0.1
0.712834,0.458464,0.134648,0.1,0.1,0.1
1.030199,0.344212,0.082893,0.1,0.1,0.1
0.902290,0.411953,0.433690,0.1,0.1,0.1
0.662434,0.298306,0.496212,0.1,0.1,0.1
0.439425,0.481621,0.209583,0.1,0.1,0.1
0.712834,-0.499460,0.774615,0.1,0.1,0.1
0.697916,-0.632813,0.538960,0.1,0.1,0.1
0.977644,0.186350,0.188929,0.1,0.1,0.1
0.458769,-0.547827,0.397307,0.1,0.1,0.1
1.002606,0.395485,0.701842,0.1,0.1,0.1
0.403843,0.348528,0.087063,0.1,0.1,0.1
0.551898,-0.364322,0.784615,0.1,0.1,0.1
0.586703,-0.538062,0.401307,0.1,0.1,0.1
0.501140,-0.476131,0.260615,0.1,0.1,0.1
1.032690,0.387442,0.624363,0.1,0.1,0.1
0.796244,-0.492163,0.742083,0.1,0.1,0.1
0.883983,-0.202700,0.725406,0.1,0.1,0.1
0.494086,-0.502519,0.023893,0.1,0.1,0.1
0.762984,0.299721,0.387307,0.1,0.1,0.1
0.882661,-0.168926,0.049729,0.1,0.1,0.1
0.996154,0.216865,0.342591,0.1,0.1,0.1
0.657185,-0.626064,0.635259,0.1,0.1,0.1
0.705556,0.459598,0.547541,0.1,0.1,0.1
0.532970,-0.259509,0.665295,0.1,0.1,0.1
0.949438,0.042131,0.699795,0.1,0.1,0.1
0.955509,0.064839,0.423993,0.1,0.1,0.1
0.555567,-0.288039,0.249959,0.1,0.1,0.1
0.492227,-0.581963,0.373590,0.1,0.1,0.1
0.786651,0.058967,0.774615,0.1,0.1,0.1
0.742656,-0.359083,0.774615,0.1,0.1,0.1
0.779159,-0.453689,0.765173,0.1,0.1,0.1
0.823987,-0.113710,0.298475,0.1,0.1,0.1
0.448242,-0.012169,0.387307,0.1,0.1,0.1
0.829681,0.099768,0.397307,0.1,0.1,0.1
0.838193,-0.232876,0.687534,0.1,0.1,0.1
0.471205,-0.564759,0.014000,0.1,0.1,0.1
0.711013,0.406448,0.609033,0.1,0.1,0.1
0.370025,0.222036,0.063757,0.1,0.1,0.1
0.827547,0.173115,0.784615,0.1,0.1,0.1
0.881449,0.235609,0.397307,0.1,0.1,0.1
0.393605,-0.515780,0.014000,0.1,0.1,0.1
0.239507,-0.514398,0.167824,0.1,0.1,0.1
0.317173,-0.124191,0.014000,0.1,0.1,0.1
0.813643,0.049690,0.000000,0.1,0.1,0.1
0.391950,0.001795,0.089492,0.1,0.1,0.1
0.819199,-0.406304,0.739221,0.1,0.1,0.1
0.866983,-0.227570,0.271057,0.1,0.1,0.1
0.780103,0.444620,0.584954,0.1,0.1,0.1
0.684836,0.430905,0.010000,0.1,0.1,0.1
0.700261,0.039773,0.397307,0.1,0.1,0.1
0.518940,-0.599455,0.133047,0.1,0.1,0.1
0.357835,0.015056,0.054455,0.1,0.1,0.1
0.708109,-0.093081,0.347437,0.1,0.1,0.1
0.514171,-0.041232,0.144050,0.1,0.1,0.1
0.314053,-0.534328,0.174955,0.1,0.1,0.1
0.952140,0.193335,0.560425,0.1,0.1,0.1
0.807664,-0.488165,0.755349,0.1,0.1,0.1
0.323742,-0.532778,0.379269,0.1,0.1,0.1
0.880620,-0.175323,0.784615,0.1,0.1,0.1
0.743971,0.357883,0.401307,0.1,0.1,0.1
0.769496,-0.324836,0.397307,0.1,0.1,0.1
0.829513,-0.263444,0.000000,0.1,0.1,0.1
0.416801,-0.557657,0.181851,0.1,0.1,0.1
0.590452,-0.608223,0.497652,0.1,0.1,0.1
0.938319,0.000538,0.259514,0.1,0.1,0.1
0.727920,-0.374267,0.784615,0.1,0.1,0.1
0.821615,-0.328950,0.010000,0.1,0.1,0.1
0.979679,0.391263,0.644843,0.1,0.1,0.1
0.564535,-0.560451,0.387307,0.1,0.1,0.1
0.490015,0.320370,0.010000,0.1,0.1,0.1
0.532169,-0.375557,0.351998,0.1,0.1,0.1
0.942146,0.140468,0.677913,0.1,0.1,0.1
0.561331,-0.600438,0.513847,0.1,0.1,0.1
1.029818,0.381503,0.053672,0.1,0.1,0.1
0.482498,0.211771,0.014000,0.1,0.1,0.1
0.644235,-0.622602,0.709203,0.1,0.1,0.1
0.197322,-0.423948,0.368737,0.1,0.1,0.1
0.687782,0.206502,0.232881,0.1,0.1,0.1
0.488172,-0.353512,0.703274,0.1,0.1,0.1
0.724865,0.345208,0.333388,0.1,0.1,0.1
0.894346,-0.163937,0.576160,0.1,0.1,0.1
0.564200,0.502341,0.245636,0.1,0.1,0.1
0.223258,-0.400503,0.369827,0.1,0.1,0.1
0.919233,-0.070852,0.229937,0.1,0.1,0.1
0.739163,-0.618776,0.548926,0.1,0.1,0.1
0.567634,-0.612474,0.182236,0.1,0.1,0.1
0.824693,0.073603,0.397307,0.1,0.1,0.1
0.775916,-0.194182,0.000000,0.1,0.1,0.1
0.854568,0.123035,0.000000,0.1,0.1,0.1
0.499877,-0.584008,0.617148,0.1,0.1,0.1
0.734764,-0.554403,0.401307,0.1,0.1,0.1
0.672341,0.056402,0.010000,0.1,0.1,0.1
0.854001,-0.276130,0.701314,0.1,0.1,0.1
0.705670,0.464519,0.208468,0.1,0.1,0.1
0.798018,-0.524249,0.039713,0.1,0.1,0.1
0.588525,0.495838,0.067280,0.1,0.1,0.1
0.423535,0.348620,0.301660,0.1,0.1,0.1
0.634410,-0.619975,0.475308,0.1,0.1,0.1
0.472988,-0.410304,0.478577,0.1,0.1,0.1
0.952540,0.053733,0.560629,0.1,0.1,0.1
0.749975,-0.650871,0.184644,0.1,0.1,0.1
0.536007,-0.248149,0.475407,0.1,0.1,0.1
0.761599,-0.660471,0.456697,0.1,0.1,0.1
0.767841,-0.098699,0.278399,0.1,0.1,0.1
0.995087,0.251594,0.192287,0.1,0.1,0.1
0.427921,-0.270146,0.010000,0.1,0.1,0.1
0.833232,0.430416,0.604863,0.1,0.1,0.1
0.961392,0.406504,0.129562,0.1,0.1,0.1
0.769274,-0.490661,0.744333,0.1,0.1,0.1
0.720386,-0.642961,0.487911,0.1,0.1,0.1
0.853235,-0.278993,0.633597,0.1,0.1,0.1
0.759678,0.010110,0.397307,0.1,0.1,0.1
0.548744,0.141717,0.010000,0.1,0.1,0.1
0.544825,-0.141605,0.656171,0.1,0.1,0.1
0.318669,-0.013289,0.010000,0.1,0.1,0.1
0.652274,-0.635102,0.158181,0.1,0.1,0.1
0.540752,-0.594936,0.367625,0.1,0.1,0.1
0.506617,0.513596,0.014091,0.1,0.1,0.1
0.491053,-0.491083,0.774615,0.1,0.1,0.1
0.777395,-0.601385,0.613272,0.1,0.1,0.1
1.020801,0.347774,0.254634,0.1,0.1,0.1
0.900282,-0.103016,0.505714,0.1,0.1,0.1
0.478692,-0.031747,0.268805,0.1,0.1,0.1
0.737640,-0.464274,0.401307,0.1,0.1,0.1
0.601607,-0.064608,0.361009,0.1,0.1,0.1
0.525524,0.328853,0.014000,0.1,0.1,0.1
0.540531,-0.328793,0.098784,0.1,0.1,0.1
0.844432,-0.311920,0.499969,0.1,0.1,0.1
0.672834,-0.626107,0.655013,0.1,0.1,0.1
0.669144,-0.639612,0.265287,0.1,0.1,0.1
0.878411,0.414197,0.546536,0.1,0.1,0.1
0.659758,0.267669,0.014000,0.1,0.1,0.1
0.516399,-0.434546,0.137227,0.1,0.1,0.1
0.478812,-0.588727,0.635099,0.1,0.1,0.1
0.544832,-0.427214,0.401307,0.1,0.1,0.1
0.441002,-0.021670,0.264461,0.1,0.1,0.1
0.567379,-0.243859,0.377752,0.1,0.1,0.1
0.659412,0.213436,0.394154,0.1,0.1,0.1
0.938013,0.335211,0.000000,0.1,0.1,0.1
0.681589,0.451904,0.014000,0.1,0.1,0.1
0.923180,0.403677,0.397307,0.1,0.1,0.1
0.629276,-0.531332,0.010000,0.1,0.1,0.1
0.743572,-0.144090,0.387307,0.1,0.1,0.1
0.741608,-0.500119,0.010000,0.1,0.1,0.1
1.009671,0.353861,0.010000,0.1,0.1,0.1
0.829919,-0.404924,0.128803,0.1,0.1,0.1
0.858741,0.111123,0.397307,0.1,0.1,0.1
0.315536,-0.004942,0.010000,0.1,0.1,0.1
0.689911,-0.287376,0.397307,0.1,0.1,0.1
0.770589,-0.162780,0.000000,0.1,0.1,0.1
0.767138,-0.170884,0.397307,0.1,0.1,0.1
0.212507,-0.507180,0.101914,0.1,0.1,0.1
0.654035,0.095760,0.256022,0.1,0.1,0.1
0.660085,-0.563604,0.401307,0.1,0.1,0.1
0.911759,0.078377,0.401307,0.1,0.1,0.1
0.871772,-0.248377,0.615348,0.1,0.1,0.1
0.860822,-0.250616,0.515911,0.1,0.1,0.1
0.910396,-0.103903,0.062757,0.1,0.1,0.1
0.843017,-0.214830,0.754824,0.1,0.1,0.1
0.298796,-0.044394,0.335660,0.1,0.1,0.1
0.688174,0.394585,0.548900,0.1,0.1,0.1
0.787988,0.442512,0.514890,0.1,0.1,0.1
0.871741,0.430472,0.661784,0.1,0.1,0.1
0.827672,-0.333318,0.000000,0.1,0.1,0.1
0.866757,-0.125144,0.126615,0.1,0.1,0.1
0.538939,-0.237183,0.402538,0.1,0.1,0.1
0.324798,-0.490924,0.010000,0.1,0.1,0.1
0.866552,-0.142288,0.507320,0.1,0.1,0.1
0.484112,-0.539824,0.365671,0.1,0.1,0.1
0.709572,0.289900,0.010000,0.1,0.1,0.1
0.687653,0.221504,0.267575,0.1,0.1,0.1
0.507620,-0.586078,0.476482,0.1,0.1,0.1
0.724599,-0.644087,0.680872,0.1,0.1,0.1
0.641231,0.218996,0.408257,0.1,0.1,0.1
0.937445,0.138371,0.514227,0.1,0.1,0.1
0.250589,-0.298270,0.115317,0.1,0.1,0.1
0.695731,0.349284,0.627921,0.1,0.1,0.1
0.535965,-0.593656,0.505371,0.1,0.1,0.1
0.771034,-0.499567,0.566601,0.1,0.1,0.1
0.924037,0.072732,0.567094,0.1,0.1,0.1
0.806252,0.295743,0.774615,0.1,0.1,0.1
0.511639,-0.229449,0.014000,0.1,0.1,0.1
0.635248,-0.215171,0.401307,0.1,0.1,0.1
0.498192,-0.316033,0.523191,0.1,0.1,0.1
0.700066,0.421976,0.010000,0.1,0.1,0.1
0.732923,0.457233,0.219374,0.1,0.1,0.1
0.648266,0.014275,0.387307,0.1,0.1,0.1
0.896005,0.413634,0.112680,0.1,0.1,0.1
0.466136,-0.570847,0.261328,0.1,0.1,0.1
0.236791,-0.276319,0.265901,0.1,0.1,0.1
0.681734,0.296931,0.464057,0.1,0.1,0.1
0.691593,0.407374,0.750680,0.1,0.1,0.1
0.986010,0.304537,0.731727,0.1,0.1,0.1
0.832080,-0.358121,0.403694,0.1,0.1,0.1
0.535305,-0.458406,0.401307,0.1,0.1,0.1
0.894290,-0.038534,0.541982,0.1,0.1,0.1
0.666124,0.238543,0.449960,0.1,0.1,0.1
0.735696,0.466843,0.086299,0.1,0.1,0.1
0.849661,-0.029449,0.000000,0.1,0.1,0.1
0.200859,-0.499925,0.231003,0.1,0.1,0.1
0.820942,-0.112896,0.167153,0.1,0.1,0.1
0.415545,0.392298,0.110274,0.1,0.1,0.1
0.825752,0.432416,0.504727,0.1,0.1,0.1
0.664533,-0.623888,0.466883,0.1,0.1,0.1
0.664398,0.119034,0.372061,0.1,0.1,0.1
0.485205,-0.551223,0.345661,0.1,0.1,0.1
0.657009,-0.626017,0.092937,0.1,0.1,0.1
0.805369,-0.496750,0.162015,0.1,0.1,0.1
0.828737,-0.370627,0.101821,0.1,0.1,0.1
0.685208,-0.633556,0.492921,0.1,0.1,0.1
0.976152,0.267664,0.622262,0.1,0.1,0.1
0.362799,-0.004904,0.308814,0.1,0.1,0.1
0.942776,0.411481,0.220913,0.1,0.1,0.1
1.006919,0.257134,0.189453,0.1,0.1,0.1
0.806663,0.447870,0.329864,0.1,0.1,0.1
0.359161,-0.003931,0.255963,0.1,0.1,0.1
0.405894,0.356202,0.365486,0.1,0.1,0.1
0.534135,-0.416173,0.000000,0.1,0.1,0.1
0.484738,0.523585,0.326444,0.1,0.1,0.1
1.037162,0.370254,0.493828,0.1,0.1,0.1
0.491077,-0.581655,0.535284,0.1,0.1,0.1
0.672095,-0.053918,0.397307,0.1,0.1,0.1
0.770759,-0.150493,0.401307,0.1,0.1,0.1
0.854035,-0.314719,0.163218,0.1,0.1,0.1
0.651681,0.093093,0.010000,0.1,0.1,0.1
0.463948,-0.188073,0.014000,0.1,0.1,0.1
0.791551,-0.548438,0.125743,0.1,0.1,0.1
0.750091,-0.562413,0.608201,0.1,0.1,0.1
0.240030,-0.337767,0.135022,0.1,0.1,0.1
0.710945,0.293142,0.133596,0.1,0.1,0.1
0.676786,0.472241,0.275757,0.1,0.1,0.1
0.714078,-0.333784,0.397307,0.1,0.1,0.1
0.506388,-0.471990,0.280516,0.1,0.1,0.1
1.020449,0.390715,0.071316,0.1,0.1,0.1
0.388498,0.217568,0.167338,0.1,0.1,0.1
0.535031,0.510139,0.079632,0.1,0.1,0.1
0.444620,-0.203375,0.010000,0.1,0.1,0.1
0.741667,-0.578914,0.010000,0.1,0.1,0.1
0.668096,-0.444804,0.397307,0.1,0.1,0.1
0.260666,-0.373526,0.010000,0.1,0.1,0.1
0.386856,-0.007195,0.211586,0.1,0.1,0.1
0.752604,-0.104977,0.197899,0.1,0.1,0.1
0.508390,-0.043827,0.250843,0.1,0.1,0.1
0.367348,0.016096,0.014000,0.1,0.1,0.1
0.856562,-0.305269,0.233049,0.1,0.1,0.1
0.212789,-0.366095,0.205236,0.1,0.1,0.1
0.661383,-0.063895,0.397307,0.1,0.1,0.1
0.901049,0.002234,0.694115,0.1,0.1,0.1
0.666164,0.312256,0.427188,0.1,0.1,0.1
0.819045,-0.319982,0.474919,0.1,0.1,0.1
0.810895,-0.476081,0.325629,0.1,0.1,0.1
0.520196,-0.233727,0.420120,0.1,0.1,0.1
0.895562,0.424103,0.477131,0.1,0.1,0.1
0.766416,-0.533439,0.000000,0.1,0.1,0.1
0.279131,-0.520851,0.382075,0.1,0.1,0.1
0.647952,-0.623595,0.616432,0.1,0.1,0.1
0.948318,0.179039,0.756553,0.1,0.1,0.1
0.874800,-0.111436,0.637648,0.1,0.1,0.1
0.930906,0.096243,0.774615,0.1,0.1,0.1
0.634294,0.483602,0.335407,0.1,0.1,0.1
0.555247,-0.334385,0.774615,0.1,0.1,0.1
0.438513,-0.006513,0.036160,0.1,0.1,0.1
0.850971,-0.287462,0.046169,0.1,0.1,0.1
0.990896,0.313311,0.387307,0.1,0.1,0.1
0.820717,-0.400624,0.578131,0.1,0.1,0.1
0.380319,0.009045,0.240661,0.1,0.1,0.1
0.302629,-0.103621,0.318357,0.1,0.1,0.1
0.745863,0.240622,0.774615,0.1,0.1,0.1
0.648998,0.475530,0.218872,0.1,0.1,0.1
0.488595,-0.442237,0.397307,0.1,0.1,0.1
0.728716,-0.493814,0.774615,0.1,0.1,0.1
0.705132,-0.634742,0.595069,0.1,0.1,0.1
0.686991,-0.222544,0.784615,0.1,0.1,0.1
0.545773,-0.592138,0.625833,0.1,0.1,0.1
0.609141,-0.052130,0.309893,0.1,0.1,0.1
0.910826,-0.063578,0.023622,0.1,0.1,0.1
0.419800,0.408215,0.135540,0.1,0.1,0.1
0.822144,-0.113217,0.350214,0.1,0.1,0.1
0.423081,0.346923,0.048192,0.1,0.1,0.1
0.939295,0.088120,0.784615,0.1,0.1,0.1
0.664972,0.029743,0.774615,0.1,0.1,0.1
0.777502,-0.458699,0.401307,0.1,0.1,0.1
0.257700,-0.515122,0.245117,0.1,0.1,0.1
0.552799,-0.598157,0.549411,0.1,0.1,0.1
0.933350,0.403649,0.318082,0.1,0.1,0.1
0.494371,-0.025587,0.223513,0.1,0.1,0.1
0.334169,-0.535566,0.223640,0.1,0.1,0.1
0.648459,-0.364206,0.387307,0.1,0.1,0.1
0.779390,0.440670,0.428805,0.1,0.1,0.1
0.707701,0.394060,0.464126,0.1,0.1,0.1
0.733557,0.467415,0.182822,0.1,0.1,0.1
0.528238,-0.374774,0.021920,0.1,0.1,0.1
0.730747,0.192379,0.397307,0.1,0.1,0.1
0.543179,0.336976,0.010000,0.1,0.1,0.1
0.670943,0.143515,0.313797,0.1,0.1,0.1
0.545694,-0.053800,0.180790,0.1,0.1,0.1
0.663736,-0.623675,0.400753,0.1,0.1,0.1
0.905970,-0.120460,0.361292,0.1,0.1,0.1
0.759612,-0.259253,0.774615,0.1,0.1,0.1
0.652574,-0.624831,0.258938,0.1,0.1,0.1
0.484158,-0.037349,0.026585,0.1,0.1,0.1
0.669750,0.193904,0.397307,0.1,0.1,0.1
0.541063,-0.229238,0.734129,0.1,0.1,0.1
0.835992,-0.382206,0.306690,0.1,0.1,0.1
0.927277,-0.040764,0.062270,0.1,0.1,0.1
0.765588,-0.063473,0.397307,0.1,0.1,0.1
0.492212,-0.467899,0.014000,0.1,0.1,0.1
0.531823,-0.190236,0.605209,0.1,0.1,0.1
0.697038,-0.636719,0.462983,0.1,0.1,0.1
0.432007,-0.565863,0.696851,0.1,0.1,0.1
0.649863,-0.624106,0.584545,0.1,0.1,0.1
0.826044,0.432337,0.649137,0.1,0.1,0.1
0.619238,-0.570775,0.774615,0.1,0.1,0.1
0.713860,-0.085002,0.401307,0.1,0.1,0.1
0.779285,0.444838,0.322074,0.1,0.1,0.1
0.681822,-0.236731,0.784615,0.1,0.1,0.1
0.612793,-0.561871,0.387307,0.1,0.1,0.1
0.392284,-0.012786,0.150561,0.1,0.1,0.1
0.539403,-0.333013,0.158686,0.1,0.1,0.1
0.453947,0.230478,0.010000,0.1,0.1,0.1
0.469571,-0.571765,0.704778,0.1,0.1,0.1
0.670639,0.328996,0.741492,0.1,0.1,0.1
0.995750,0.383621,0.774615,0.1,0.1,0.1
0.903078,0.064728,0.000000,0.1,0.1,0.1
0.869063,-0.219790,0.311308,0.1,0.1,0.1
0.560811,-0.501357,0.010000,0.1,0.1,0.1
0.186578,-0.464138,0.113996,0.1,0.1,0.1
0.505997,-0.360403,0.387682,0.1,0.1,0.1
0.986577,0.389419,0.335686,0.1,0.1,0.1
0.688502,0.322246,0.469696,0.1,0.1,0.1
0.922102,-0.060120,0.018558,0.1,0.1,0.1
1.036056,0.386542,0.382013,0.1,0.1,0.1
0.883057,0.094910,0.397307,0.1,0.1,0.1
0.694402,0.246751,0.291036,0.1,0.1,0.1
0.678046,0.023622,0.774615,0.1,0.1,0.1
0.363221,0.123021,0.180980,0.1,0.1,0.1
0.834810,-0.095377,0.397307,0.1,0.1,0.1
0.811805,0.105988,0.397307,0.1,0.1,0.1
0.467346,-0.575311,0.781746,0.1,0.1,0.1
0.252404,-0.217919,0.258462,0.1,0.1,0.1
0.702160,-0.371558,0.387307,0.1,0.1,0.1
0.790673,-0.205761,0.010000,0.1,0.1,0.1
0.829495,-0.367790,0.099798,0.1,0.1,0.1
0.397914,-0.071482,0.014000,0.1,0.1,0.1
1.041001,0.384614,0.735708,0.1,0.1,0.1
0.354900,0.091895,0.290074,0.1,0.1,0.1
0.849233,0.131019,0.387307,0.1,0.1,0.1
0.584388,-0.164749,0.091726,0.1,0.1,0.1
0.866392,-0.125047,0.047991,0.1,0.1,0.1
0.726835,-0.175154,0.784615,0.1,0.1,0.1
0.605239,-0.585974,0.774615,0.1,0.1,0.1
0.402981,0.345303,0.083057,0.1,0.1,0.1
0.970034,0.244778,0.747617,0.1,0.1,0.1
0.930264,-0.029592,0.775916,0.1,0.1,0.1
0.857714,-0.262241,0.088872,0.1,0.1,0.1
0.317022,0.023781,0.254981,0.1,0.1,0.1
0.868863,-0.133641,0.473772,0.1,0.1,0.1
0.390948,-0.526015,0.010000,0.1,0.1,0.1
0.628989,-0.618526,0.393616,0.1,0.1,0.1
0.854034,0.059413,0.000000,0.1,0.1,0.1
0.524721,-0.290367,0.007646,0.1,0.1,0.1
0.565152,-0.252189,0.268851,0.1,0.1,0.1
0.273873,-0.211179,0.270135,0.1,0.1,0.1
0.234988,-0.283061,0.143034,0.1,0.1,0.1
0.957313,0.071587,0.180398,0.1,0.1,0.1
0.546838,0.502842,0.336667,0.1,0.1,0.1
0.604472,-0.089628,0.186244,0.1,0.1,0.1
0.390026,-0.554639,0.250136,0.1,0.1,0.1
0.374823,0.006374,0.246022,0.1,0.1,0.1
0.778472,-0.558639,0.582947,0.1,0.1,0.1
0.675934,0.275236,0.578980,0.1,0.1,0.1
0.834275,0.430137,0.602558,0.1,0.1,0.1
0.523804,-0.590405,0.485323,0.1,0.1,0.1
0.727367,-0.087878,0.148265,0.1,0.1,0.1
0.893689,-0.142696,0.149596,0.1,0.1,0.1
0.488316,-0.038460,0.333159,0.1,0.1,0.1
0.747770,0.449123,0.036909,0.1,0.1,0.1
0.499950,-0.383018,0.731449,0.1,0.1,0.1
0.709347,-0.640009,0.677580,0.1,0.1,0.1
0.821496,-0.146118,0.000000,0.1,0.1,0.1
0.208428,-0.501949,0.080480,0.1,0.1,0.1
0.832156,-0.126245,0.375923,0.1,0.1,0.1
0.586385,-0.060538,0.282783,0.1,0.1,0.1
0.485377,-0.437528,0.744208,0.1,0.1,0.1
0.259612,-0.264521,0.321178,0.1,0.1,0.1
0.838836,-0.033054,0.774615,0.1,0.1,0.1
0.810243,-0.120387,0.156334,0.1,0.1,0.1
0.865580,-0.232819,0.306529,0.1,0.1,0.1
0.505280,-0.363084,0.636860,0.1,0.1,0.1
0.577511,-0.420894,0.387307,0.1,0.1,0.1
0.929873,0.007666,0.168303,0.1,0.1,0.1
0.736512,0.438745,0.397307,0.1,0.1,0.1
0.568645,-0.162663,0.774615,0.1,0.1,0.1
0.654189,-0.621122,0.513911,0.1,0.1,0.1
0.776542,-0.574110,0.784615,0.1,0.1,0.1
0.429639,-0.004141,0.218090,0.1,0.1,0.1
0.818406,-0.119631,0.387307,0.1,0.1,0.1
0.647300,-0.066473,0.249708,0.1,0.1,0.1
0.222187,-0.404508,0.012333,0.1,0.1,0.1
0.628313,0.045497,0.000000,0.1,0.1,0.1
0.970320,0.120237,0.582963,0.1,0.1,0.1
0.557947,-0.190704,0.014000,0.1,0.1,0.1
0.464021,0.500057,0.124578,0.1,0.1,0.1
0.713686,-0.461294,0.397307,0.1,0.1,0.1
0.431175,-0.019043,0.364400,0.1,0.1,0.1
0.328769,-0.472306,0.010000,0.1,0.1,0.1
1.022864,0.390069,0.070071,0.1,0.1,0.1
0.486923,-0.544798,0.102327,0.1,0.1,0.1
0.571109,-0.613403,0.067999,0.1,0.1,0.1
0.936090,0.398776,0.759860,0.1,0.1,0.1
0.624823,-0.060464,0.206555,0.1,0.1,0.1
0.640782,-0.189046,0.774615,0.1,0.1,0.1
0.647095,0.223989,0.014000,0.1,0.1,0.1
1.004150,0.285494,0.229540,0.1,0.1,0.1
0.600004,-0.068320,0.097462,0.1,0.1,0.1
0.990220,0.388445,0.364428,0.1,0.1,0.1
0.986277,0.189752,0.000000,0.1,0.1,0.1
0.569180,-0.602536,0.215884,0.1,0.1,0.1
0.692153,-0.078464,0.064830,0.1,0.1,0.1
0.688018,-0.474376,0.010000,0.1,0.1,0.1
0.569696,-0.598533,0.434881,0.1,0.1,0.1
0.335066,-0.276759,0.014000,0.1,0.1,0.1
1.000371,0.271359,0.233551,0.1,0.1,0.1
0.622001,0.448966,0.010000,0.1,0.1,0.1
0.751081,-0.574199,0.679407,0.1,0.1,0.1
0.447777,-0.578169,0.113338,0.1,0.1,0.1
0.780956,-0.588067,0.669609,0.1,0.1,0.1
0.540273,-0.571689,0.774615,0.1,0.1,0.1
0.361569,-0.547031,0.139196,0.1,0.1,0.1
0.705534,-0.249114,0.397307,0.1,0.1,0.1
0.735032,0.267593,0.401307,0.1,0.1,0.1
0.476494,-0.131083,0.014000,0.1,0.1,0.1
0.734108,0.467268,0.331785,0.1,0.1,0.1
0.567672,0.077578,0.014000,0.1,0.1,0.1
0.591793,-0.051633,0.249135,0.1,0.1,0.1
0.884134,-0.076523,0.705267,0.1,0.1,0.1
0.374746,0.010535,0.376530,0.1,0.1,0.1
0.200031,-0.487382,0.272436,0.1,0.1,0.1
0.704769,0.383093,0.676122,0.1,0.1,0.1
0.603615,-0.589313,0.387307,0.1,0.1,0.1
0.946016,0.396123,0.654783,0.1,0.1,0.1
0.729524,0.454001,0.118425,0.1,0.1,0.1
0.898680,-0.022113,0.725035,0.1,0.1,0.1
0.776722,0.406536,0.387307,0.1,0.1,0.1
0.646281,-0.499230,0.397307,0.1,0.1,0.1
0.316375,-0.504939,0.014000,0.1,0.1,0.1
0.394019,-0.555707,0.023971,0.1,0.1,0.1
0.869845,-0.216865,0.236699,0.1,0.1,0.1
0.361015,0.114768,0.201404,0.1,0.1,0.1
0.837119,0.253846,0.784615,0.1,0.1,0.1
0.890625,0.277294,0.000000,0.1,0.1,0.1
0.714861,-0.210770,0.397307,0.1,0.1,0.1
0.768664,0.447678,0.205641,0.1,0.1,0.1
0.424294,0.425024,0.191472,0.1,0.1,0.1
0.477506,0.182655,0.014000,0.1,0.1,0.1
0.867969,0.073107,0.401307,0.1,0.1,0.1
0.740883,0.450965,0.211814,0.1,0.1,0.1
0.947429,0.073333,0.273435,0.1,0.1,0.1
0.676452,-0.390239,0.774615,0.1,0.1,0.1
0.472133,-0.324775,0.014000,0.1,0.1,0.1
0.856985,-0.178070,0.692939,0.1,0.1,0.1
0.873505,-0.116281,0.413496,0.1,0.1,0.1
0.619488,0.064102,0.408183,0.1,0.1,0.1
0.554300,-0.277292,0.079574,0.1,0.1,0.1
0.563313,0.122897,0.014000,0.1,0.1,0.1
0.689331,0.212296,0.132828,0.1,0.1,0.1
0.519556,-0.309687,0.603703,0.1,0.1,0.1
0.567923,0.230791,0.014000,0.1,0.1,0.1
0.908580,-0.110697,0.558522,0.1,0.1,0.1
0.608447,0.010056,0.784615,0.1,0.1,0.1
0.662695,-0.070589,0.198922,0.1,0.1,0.1
0.661739,0.295704,0.490964,0.1,0.1,0.1
0.874196,0.429815,0.344316,0.1,0.1,0.1
0.606505,-0.082022,0.064931,0.1,0.1,0.1
0.436739,-0.427040,0.014000,0.1,0.1,0.1
0.719828,-0.542666,0.397307,0.1,0.1,0.1
0.785247,-0.572018,0.589421,0.1,0.1,0.1
0.533907,-0.369057,0.197340,0.1,0.1,0.1
0.544241,-0.000739,0.010000,0.1,0.1,0.1
0.519944,-0.589373,0.642960,0.1,0.1,0.1
0.788998,-0.427717,0.774615,0.1,0.1,0.1
0.315139,-0.530478,0.025989,0.1,0.1,0.1
0.704679,-0.634621,0.507292,0.1,0.1,0.1
0.497110,-0.038255,0.387307,0.1,0.1,0.1
0.928616,0.089858,0.645246,0.1,0.1,0.1
0.743241,-0.603523,0.504041,0.1,0.1,0.1
0.770442,0.384871,0.000000,0.1,0.1,0.1
0.889542,-0.040807,0.732256,0.1,0.1,0.1
0.489261,-0.577029,0.587641,0.1,0.1,0.1
0.537302,-0.234899,0.014000,0.1,0.1,0.1
0.999268,0.359530,0.397307,0.1,0.1,0.1
1.000338,0.271234,0.717072,0.1,0.1,0.1
1.012124,0.276602,0.472194,0.1,0.1,0.1
0.953762,0.058302,0.052589,0.1,0.1,0.1
0.785506,0.453526,0.128997,0.1,0.1,0.1
0.471116,-0.586670,0.613543,0.1,0.1,0.1
0.639488,0.136875,0.397307,0.1,0.1,0.1
0.957830,0.397105,0.599836,0.1,0.1,0.1
0.496295,-0.509741,0.167642,0.1,0.1,0.1
0.946452,0.069678,0.125828,0.1,0.1,0.1
0.989548,0.398976,0.629824,0.1,0.1,0.1
0.839913,-0.039732,0.784615,0.1,0.1,0.1
0.920646,-0.065567,0.677872,0.1,0.1,0.1
0.486309,-0.547095,0.285735,0.1,0.1,0.1
0.743913,-0.657525,0.784615,0.1,0.1,0.1
0.983639,0.371619,0.397307,0.1,0.1,0.1
0.807456,0.024894,0.000000,0.1,0.1,0.1
0.550883,0.335310,0.014000,0.1,0.1,0.1
0.502725,0.142869,0.014000,0.1,0.1,0.1
0.848576,0.426314,0.732545,0.1,0.1,0.1
0.454351,-0.553579,0.726854,0.1,0.1,0.1
0.885973,-0.195257,0.028948,0.1,0.1,0.1
0.836640,-0.379785,0.723107,0.1,0.1,0.1
0.931051,0.373021,0.397307,0.1,0.1,0.1
0.412350,-0.014010,0.148658,0.1,0.1,0.1
0.813252,-0.467264,0.351954,0.1,0.1,0.1
0.759983,-0.229458,0.387307,0.1,0.1,0.1
0.526672,0.045972,0.014000,0.1,0.1,0.1
0.645131,-0.622841,0.687152,0.1,0.1,0.1
0.527341,-0.591350,0.623635,0.1,0.1,0.1
0.789607,-0.516989,0.185543,0.1,0.1,0.1
0.569333,-0.213172,0.010000,0.1,0.1,0.1
0.614802,-0.050987,0.062114,0.1,0.1,0.1
0.551773,-0.302230,0.266362,0.1,0.1,0.1
0.806727,0.233951,0.774615,0.1,0.1,0.1
0.822623,-0.291113,0.732508,0.1,0.1,0.1
0.783325,-0.453592,0.749780,0.1,0.1,0.1
0.859040,-0.170387,0.649940,0.1,0.1,0.1
0.828106,-0.286091,0.446525,0.1,0.1,0.1
0.619689,0.138421,0.712319,0.1,0.1,0.1
0.326713,-0.028811,0.014000,0.1,0.1,0.1
0.503107,-0.042414,0.367045,0.1,0.1,0.1
0.778612,0.206689,0.000000,0.1,0.1,0.1
0.248014,-0.307904,0.138428,0.1,0.1,0.1
0.545331,-0.213275,0.395053,0.1,0.1,0.1
0.833159,-0.251705,0.419363,0.1,0.1,0.1
0.771889,-0.496369,0.753061,0.1,0.1,0.1
0.992170,0.240685,0.424300,0.1,0.1,0.1
0.450735,-0.567106,0.685519,0.1,0.1,0.1
0.256943,-0.274506,0.105150,0.1,0.1,0.1
0.816567,-0.362459,0.784615,0.1,0.1,0.1
0.583849,-0.166765,0.019872,0.1,0.1,0.1
0.544738,-0.313059,0.283814,0.1,0.1,0.1
0.828893,-0.052903,0.000000,0.1,0.1,0.1
0.796567,-0.116730,0.303866,0.1,0.1,0.1
0.964500,0.137186,0.588193,0.1,0.1,0.1
0.853712,-0.277208,0.771160,0.1,0.1,0.1
0.806691,0.447863,0.748077,0.1,0.1,0.1
0.859593,0.394874,0.397307,0.1,0.1,0.1
0.454079,-0.582115,0.780310,0.1,0.1,0.1
0.755852,0.451103,0.747584,0.1,0.1,0.1
0.495828,-0.593277,0.242649,0.1,0.1,0.1
0.596401,-0.609813,0.039876,0.1,0.1,0.1
0.870437,0.430820,0.341083,0.1,0.1,0.1
0.908730,0.410232,0.582267,0.1,0.1,0.1
0.387015,0.285583,0.247939,0.1,0.1,0.1
0.634659,0.041019,0.387307,0.1,0.1,0.1
0.637857,-0.327145,0.397307,0.1,0.1,0.1
0.358579,0.105658,0.319000,0.1,0.1,0.1
0.632773,0.378625,0.010000,0.1,0.1,0.1
0.898005,-0.111536,0.155253,0.1,0.1,0.1
0.812162,-0.432623,0.266954,0.1,0.1,0.1
0.576645,0.259815,0.014000,0.1,0.1,0.1
0.524298,-0.590537,0.419564,0.1,0.1,0.1
0.543623,-0.332716,0.162549,0.1,0.1,0.1
0.571765,-0.211967,0.229384,0.1,0.1,0.1
0.831050,0.166716,0.774615,0.1,0.1,0.1
0.736654,0.404790,0.213462,0.1,0.1,0.1
0.749655,-0.661137,0.341969,0.1,0.1,0.1
0.730601,-0.645691,0.532787,0.1,0.1,0.1
0.784170,-0.436982,0.397307,0.1,0.1,0.1
0.709902,0.186928,0.010000,0.1,0.1,0.1
0.371151,-0.322498,0.010000,0.1,0.1,0.1
0.217306,-0.508463,0.350515,0.1,0.1,0.1
0.865700,-0.232367,0.586266,0.1,0.1,0.1
0.677523,-0.631501,0.054433,0.1,0.1,0.1
0.704913,0.286066,0.331374,0.1,0.1,0.1
0.544386,-0.143246,0.550170,0.1,0.1,0.1
0.895646,0.413729,0.422624,0.1,0.1,0.1
0.667653,-0.579258,0.401307,0.1,0.1,0.1
0.819049,-0.122741,0.379779,0.1,0.1,0.1
0.569525,0.500918,0.146563,0.1,0.1,0.1
0.487041,-0.431305,0.626914,0.1,0.1,0.1
0.737384,0.065626,0.000000,0.1,0.1,0.1
0.404509,0.351019,0.379290,0.1,0.1,0.1
0.979388,0.192873,0.392710,0.1,0.1,0.1
0.942095,0.014665,0.162960,0.1,0.1,0.1
0.229081,-0.305155,0.363585,0.1,0.1,0.1
0.814892,0.445670,0.175166,0.1,0.1,0.1
0.749856,-0.104242,0.329167,0.1,0.1,0.1
0.641416,-0.441900,0.784615,0.1,0.1,0.1
0.716051,0.049392,0.000000,0.1,0.1,0.1
0.861310,0.418769,0.632660,0.1,0.1,0.1
0.966828,0.394699,0.038776,0.1,0.1,0.1
0.693693,-0.397066,0.774615,0.1,0.1,0.1
0.766692,-0.602701,0.435012,0.1,0.1,0.1
0.581395,-0.004817,0.745936,0.1,0.1,0.1
0.520635,-0.042960,0.373130,0.1,0.1,0.1
0.855862,-0.307887,0.001045,0.1,0.1,0.1
0.354793,0.015869,0.140251,0.1,0.1,0.1
0.718687,-0.095909,0.275874,0.1,0.1,0.1
0.632179,0.111575,0.505086,0.1,0.1,0.1
0.209710,-0.377613,0.168117,0.1,0.1,0.1
0.979609,0.271763,0.000000,0.1,0.1,0.1
0.636862,-0.074084,0.401307,0.1,0.1,0.1
0.361712,0.014020,0.108177,0.1,0.1,0.1
0.734319,0.396056,0.242162,0.1,0.1,0.1
0.862884,0.432840,0.002294,0.1,0.1,0.1
0.295935,-0.454495,0.014000,0.1,0.1,0.1
0.957669,0.393007,0.539177,0.1,0.1,0.1
0.358646,0.179472,0.158907,0.1,0.1,0.1
0.914762,0.261877,0.010000,0.1,0.1,0.1
0.953574,0.057600,0.211606,0.1,0.1,0.1
0.566386,0.158892,0.014000,0.1,0.1,0.1
0.381967,0.266702,0.346918,0.1,0.1,0.1
0.387822,0.288603,0.174137,0.1,0.1,0.1
0.822986,-0.430854,0.007168,0.1,0.1,0.1
0.323337,0.047400,0.192240,0.1,0.1,0.1
0.220083,-0.369989,0.387307,0.1,0.1,0.1
0.859811,-0.152015,0.701404,0.1,0.1,0.1
0.795279,-0.106035,0.196893,0.1,0.1,0.1
0.513212,-0.259851,0.623543,0.1,0.1,0.1
0.874248,-0.200395,0.244104,0.1,0.1,0.1
0.705566,0.460407,0.071947,0.1,0.1,0.1
0.728360,0.083157,0.401307,0.1,0.1,0.1
0.665402,0.309406,0.688173,0.1,0.1,0.1
0.622488,-0.616788,0.489327,0.1,0.1,0.1
0.791555,-0.407319,0.560475,0.1,0.1,0.1
0.751848,-0.555841,0.542567,0.1,0.1,0.1
0.421254,0.340088,0.162764,0.1,0.1,0.1
0.734384,0.396300,0.222714,0.1,0.1,0.1
0.363805,0.125205,0.386328,0.1,0.1,0.1
0.837348,0.429315,0.499485,0.1,0.1,0.1
0.480920,0.398775,0.014000,0.1,0.1,0.1
0.588761,-0.603631,0.416493,0.1,0.1,0.1
0.875944,-0.102276,0.010000,0.1,0.1,0.1
0.720908,0.443459,0.392280,0.1,0.1,0.1
0.601356,-0.621489,0.260003,0.1,0.1,0.1
0.782926,0.454216,0.188750,0.1,0.1,0.1
0.705740,-0.303271,0.784615,0.1,0.1,0.1
0.577638,-0.099202,0.397307,0.1,0.1,0.1
0.622163,-0.023455,0.301116,0.1,0.1,0.1
0.660578,0.104745,0.366843,0.1,0.1,0.1
0.504653,0.508257,0.014000,0.1,0.1,0.1
0.585889,-0.607003,0.451756,0.1,0.1,0.1
0.685057,-0.086918,0.019603,0.1,0.1,0.1
1.028033,0.388687,0.434126,0.1,0.1,0.1
0.796465,0.440245,0.400580,0.1,0.1,0.1
0.802772,-0.506464,0.385159,0.1,0.1,0.1
0.485676,0.519194,0.241007,0.1,0.1,0.1
0.673917,0.154641,0.359031,0.1,0.1,0.1
0.521264,0.256633,0.014000,0.1,0.1,0.1
0.485599,0.338577,0.014000,0.1,0.1,0.1
0.630589,-0.062005,0.082805,0.1,0.1,0.1
0.300951,-0.109895,0.279516,0.1,0.1,0.1
0.975690,0.265934,0.580370,0.1,0.1,0.1
0.790543,0.452180,0.157798,0.1,0.1,0.1
0.337333,0.006045,0.119731,0.1,0.1,0.1
0.932037,0.102655,0.728436,0.1,0.1,0.1
0.732641,0.211488,0.010000,0.1,0.1,0.1
0.685189,-0.643902,0.139399,0.1,0.1,0.1
0.852285,0.435673,0.665311,0.1,0.1,0.1
1.027649,0.373391,0.084986,0.1,0.1,0.1
0.631545,0.480196,0.281361,0.1,0.1,0.1
0.923278,0.387607,0.397307,0.1,0.1,0.1
0.391692,-0.012628,0.184829,0.1,0.1,0.1
0.286404,-0.455372,0.010000,0.1,0.1,0.1
0.599703,-0.064099,0.076465,0.1,0.1,0.1
0.766269,-0.108630,0.044130,0.1,0.1,0.1
0.612709,-0.291970,0.784615,0.1,0.1,0.1
0.346902,0.061980,0.368800,0.1,0.1,0.1
0.622125,-0.616691,0.637520,0.1,0.1,0.1
0.655012,-0.238291,0.387307,0.1,0.1,0.1
0.808213,-0.486115,0.085532,0.1,0.1,0.1
0.702369,0.465402,0.010230,0.1,0.1,0.1
0.940094,0.401847,0.511331,0.1,0.1,0.1
0.905098,0.400344,0.774615,0.1,0.1,0.1
0.838648,-0.117629,0.010590,0.1,0.1,0.1
0.280947,-0.525477,0.184644,0.1,0.1,0.1
0.240598,-0.262078,0.386783,0.1,0.1,0.1
0.547192,-0.327559,0.000000,0.1,0.1,0.1
0.537820,-0.167805,0.744218,0.1,0.1,0.1
0.673857,-0.630521,0.302879,0.1,0.1,0.1
0.862801,-0.281932,0.443847,0.1,0.1,0.1
0.446337,-0.569694,0.230749,0.1,0.1,0.1
0.498814,-0.583724,0.158720,0.1,0.1,0.1
0.373115,-0.003521,0.224494,0.1,0.1,0.1
0.535934,-0.051191,0.053516,0.1,0.1,0.1
0.791296,-0.423776,0.438250,0.1,0.1,0.1
0.946275,0.030298,0.453406,0.1,0.1,0.1
0.830839,0.223421,0.000000,0.1,0.1,0.1
0.283561,-0.101378,0.347252,0.1,0.1,0.1
0.908980,0.117603,0.387307,0.1,0.1,0.1
0.652714,-0.620728,0.574152,0.1,0.1,0.1
0.792125,-0.306116,0.000000,0.1,0.1,0.1
0.542314,-0.038405,0.041339,0.1,0.1,0.1
0.913605,0.032618,0.010000,0.1,0.1,0.1
0.560503,0.503329,0.098663,0.1,0.1,0.1
0.410741,-0.443025,0.014000,0.1,0.1,0.1
0.918572,0.067778,0.506232,0.1,0.1,0.1
0.787087,-0.439519,0.577322,0.1,0.1,0.1
0.780772,0.219506,0.397307,0.1,0.1,0.1
0.839673,0.386555,0.397307,0.1,0.1,0.1
0.656934,0.023402,0.010000,0.1,0.1,0.1
0.892363,-0.132638,0.038859,0.1,0.1,0.1
0.581113,-0.177000,0.319798,0.1,0.1,0.1
0.363758,-0.005160,0.146858,0.1,0.1,0.1
0.183232,-0.476652,0.147121,0.1,0.1,0.1
0.956508,0.068573,0.777981,0.1,0.1,0.1
0.462531,-0.449418,0.657603,0.1,0.1,0.1
0.584967,-0.064300,0.169178,0.1,0.1,0.1
0.779087,-0.469446,0.632554,0.1,0.1,0.1
0.787159,-0.564865,0.434758,0.1,0.1,0.1
0.602710,-0.054552,0.045989,0.1,0.1,0.1
0.954211,0.059983,0.591233,0.1,0.1,0.1
0.734686,-0.620034,0.650136,0.1,0.1,0.1
0.202456,-0.404748,0.320831,0.1,0.1,0.1
0.513836,-0.428646,0.012041,0.1,0.1,0.1
0.815412,0.336536,0.784615,0.1,0.1,0.1
0.603227,0.070317,0.014000,0.1,0.1,0.1
0.953031,0.094286,0.580395,0.1,0.1,0.1
0.482809,-0.022496,0.323336,0.1,0.1,0.1
0.516998,-0.069926,0.010000,0.1,0.1,0.1
0.762429,-0.530837,0.774615,0.1,0.1,0.1
0.192058,-0.443640,0.383036,0.1,0.1,0.1
0.728804,-0.642039,0.661318,0.1,0.1,0.1
0.540686,-0.037970,0.158684,0.1,0.1,0.1
0.585402,-0.606873,0.580485,0.1,0.1,0.1
0.745996,0.439734,0.095050,0.1,0.1,0.1
0.278902,-0.192370,0.213596,0.1,0.1,0.1
0.557423,-0.168046,0.547788,0.1,0.1,0.1
0.773000,0.456870,0.065627,0.1,0.1,0.1
0.553311,0.505252,0.300134,0.1,0.1,0.1
0.363921,-0.282305,0.010000,0.1,0.1,0.1
0.470353,0.523742,0.349725,0.1,0.1,0.1
1.029767,0.342595,0.157758,0.1,0.1,0.1
0.919656,-0.030549,0.020570,0.1,0.1,0.1
0.254133,-0.302917,0.010000,0.1,0.1,0.1
0.458210,-0.465581,0.403001,0.1,0.1,0.1
0.500168,-0.441031,0.014000,0.1,0.1,0.1
0.871333,-0.211298,0.315677,0.1,0.1,0.1
0.581810,-0.553596,0.397307,0.1,0.1,0.1
0.842749,0.101589,0.774615,0.1,0.1,0.1
0.793625,-0.415067,0.662369,0.1,0.1,0.1
0.945152,0.026098,0.378598,0.1,0.1,0.1
0.665072,0.234607,0.481333,0.1,0.1,0.1
0.942052,0.014503,0.253752,0.1,0.1,0.1
1.024632,0.323389,0.381294,0.1,0.1,0.1
0.447417,-0.505950,0.448347,0.1,0.1,0.1
0.752879,-0.263227,0.000000,0.1,0.1,0.1
0.415703,-0.524438,0.010000,0.1,0.1,0.1
0.895592,-0.033666,0.761801,0.1,0.1,0.1
1.020801,0.390621,0.593826,0.1,0.1,0.1
0.730709,0.364506,0.774615,0.1,0.1,0.1
0.818243,-0.307496,0.506018,0.1,0.1,0.1
0.793587,-0.399720,0.582095,0.1,0.1,0.1
0.873507,0.029562,0.397307,0.1,0.1,0.1
0.367572,-0.201833,0.014000,0.1,0.1,0.1
0.520899,0.509777,0.169098,0.1,0.1,0.1
0.889677,-0.181403,0.485533,0.1,0.1,0.1
0.462109,-0.450997,0.644582,0.1,0.1,0.1
0.777093,0.455776,0.760774,0.1,0.1,0.1
0.507520,-0.229254,0.010000,0.1,0.1,0.1
0.735506,-0.616968,0.722029,0.1,0.1,0.1
0.629652,0.175687,0.515328,0.1,0.1,0.1
0.737474,0.456017,0.404987,0.1,0.1,0.1
0.918567,0.191916,0.774615,0.1,0.1,0.1
0.866705,-0.228612,0.272288,0.1,0.1,0.1
0.683588,-0.086526,0.069928,0.1,0.1,0.1
0.934530,-0.007692,0.774615,0.1,0.1,0.1
0.481995,-0.589578,0.301593,0.1,0.1,0.1
0.920090,-0.028926,0.607401,0.1,0.1,0.1
0.864957,0.421934,0.669786,0.1,0.1,0.1
0.197041,-0.498564,0.316857,0.1,0.1,0.1
0.500252,-0.494940,0.330111,0.1,0.1,0.1
0.687723,0.319331,0.393396,0.1,0.1,0.1
0.300485,-0.038075,0.176153,0.1,0.1,0.1
0.943073,0.411401,0.726556,0.1,0.1,0.1
0.548556,-0.597022,0.574174,0.1,0.1,0.1
0.736708,-0.480021,0.010000,0.1,0.1,0.1
0.745027,-0.170044,0.387307,0.1,0.1,0.1
0.615784,-0.614995,0.463650,0.1,0.1,0.1
0.959345,0.204798,0.767872,0.1,0.1,0.1
0.506090,-0.286489,0.596113,0.1,0.1,0.1
0.282395,-0.105739,0.236509,0.1,0.1,0.1
0.957045,0.109301,0.288831,0.1,0.1,0.1
0.769776,-0.413151,0.397307,0.1,0.1,0.1
0.749891,-0.032807,0.397307,0.1,0.1,0.1
0.917392,-0.039018,0.548591,0.1,0.1,0.1
0.358026,-0.011343,0.010000,0.1,0.1,0.1
0.513634,0.515860,0.353397,0.1,0.1,0.1
0.661555,-0.469137,0.397307,0.1,0.1,0.1
0.544944,-0.034967,0.369633,0.1,0.1,0.1
0.603503,-0.050623,0.314464,0.1,0.1,0.1
0.507222,-0.453384,0.140016,0.1,0.1,0.1
0.716734,0.192887,0.010000,0.1,0.1,0.1
0.380611,0.029113,0.010000,0.1,0.1,0.1
0.530744,-0.194273,0.768389,0.1,0.1,0.1
0.269054,-0.522298,0.075780,0.1,0.1,0.1
0.763618,0.265667,0.000000,0.1,0.1,0.1
0.783880,-0.230067,0.000000,0.1,0.1,0.1
0.754330,-0.520794,0.387307,0.1,0.1,0.1
0.990239,0.335841,0.606697,0.1,0.1,0.1
0.552154,-0.522401,0.401307,0.1,0.1,0.1
0.948450,0.077151,0.590715,0.1,0.1,0.1
0.914232,0.036055,0.427323,0.1,0.1,0.1
0.983291,0.168754,0.257569,0.1,0.1,0.1
0.534552,-0.366645,0.350944,0.1,0.1,0.1
0.300179,-0.039220,0.172826,0.1,0.1,0.1
0.342258,-0.535911,0.010000,0.1,0.1,0.1
0.909916,0.405774,0.577871,0.1,0.1,0.1
0.434437,0.462961,0.225710,0.1,0.1,0.1
0.731337,-0.200273,0.397307,0.1,0.1,0.1
0.776226,-0.136247,0.397307,0.1,0.1,0.1
0.867993,-0.135826,0.134392,0.1,0.1,0.1
0.576925,0.494799,0.362674,0.1,0.1,0.1
0.605058,-0.580773,0.401307,0.1,0.1,0.1
0.708904,0.463655,0.265778,0.1,0.1,0.1
0.506225,-0.039108,0.331886,0.1,0.1,0.1
0.695894,-0.089815,0.151111,0.1,0.1,0.1
0.599506,-0.431867,0.387307,0.1,0.1,0.1
0.903277,0.010568,0.687324,0.1,0.1,0.1
0.322886,-0.377644,0.010000,0.1,0.1,0.1
0.651293,-0.634840,0.562833,0.1,0.1,0.1
0.800357,-0.515499,0.310275,0.1,0.1,0.1
0.803683,-0.464338,0.564145,0.1,0.1,0.1
0.852356,-0.150962,0.784615,0.1,0.1,0.1
0.320848,0.038090,0.034803,0.1,0.1,0.1
0.381560,0.008713,0.223867,0.1,0.1,0.1
0.913574,0.049084,0.452985,0.1,0.1,0.1
0.622730,0.472619,0.010000,0.1,0.1,0.1
0.484484,-0.579893,0.755963,0.1,0.1,0.1
0.822989,0.359367,0.784615,0.1,0.1,0.1
0.957560,0.267053,0.401307,0.1,0.1,0.1
1.037229,0.386229,0.102658,0.1,0.1,0.1
0.852579,0.425244,0.281558,0.1,0.1,0.1
0.474609,-0.575372,0.103395,0.1,0.1,0.1
0.613163,0.040445,0.705064,0.1,0.1,0.1
0.702851,0.120509,0.387307,0.1,0.1,0.1
0.603235,-0.004982,0.014000,0.1,0.1,0.1
0.944945,0.025323,0.617850,0.1,0.1,0.1
0.458983,0.530471,0.075219,0.1,0.1,0.1
1.011848,0.275569,0.325822,0.1,0.1,0.1
0.983245,0.400661,0.701486,0.1,0.1,0.1
0.475188,-0.338392,0.014000,0.1,0.1,0.1
0.706590,-0.635132,0.491994,0.1,0.1,0.1
0.713204,0.317077,0.109429,0.1,0.1,0.1
0.765630,-0.606675,0.781317,0.1,0.1,0.1
0.426541,-0.564402,0.208790,0.1,0.1,0.1
0.511378,-0.587083,0.657907,0.1,0.1,0.1
0.945709,0.153795,0.627289,0.1,0.1,0.1
0.832075,-0.358139,0.712602,0.1,0.1,0.1
0.584473,-0.606624,0.470860,0.1,0.1,0.1
0.607299,-0.608586,0.632862,0.1,0.1,0.1
0.446228,0.507066,0.330033,0.1,0.1,0.1
0.338953,0.032246,0.374546,0.1,0.1,0.1
0.969075,0.394098,0.564496,0.1,0.1,0.1
0.787250,0.453060,0.129332,0.1,0.1,0.1
0.881353,0.178806,0.000000,0.1,0.1,0.1
0.389379,0.220861,0.191692,0.1,0.1,0.1
0.485831,-0.580253,0.280101,0.1,0.1,0.1
0.478282,-0.464067,0.519170,0.1,0.1,0.1
1.016974,0.333461,0.756116,0.1,0.1,0.1
0.221346,-0.419780,0.014000,0.1,0.1,0.1
0.560913,-0.081427,0.633182,0.1,0.1,0.1
0.970222,0.119872,0.627055,0.1,0.1,0.1
0.427777,-0.564732,0.203604,0.1,0.1,0.1
0.374324,0.238114,0.315313,0.1,0.1,0.1
0.831457,0.185639,0.401307,0.1,0.1,0.1
0.625414,-0.011295,0.067651,0.1,0.1,0.1
0.922792,0.416823,0.570820,0.1,0.1,0.1
0.565809,0.501911,0.121620,0.1,0.1,0.1
0.233089,-0.512682,0.097663,0.1,0.1,0.1
0.726152,0.459044,0.102751,0.1,0.1,0.1
0.688742,0.196572,0.000000,0.1,0.1,0.1
0.503529,-0.467195,0.225312,0.1,0.1,0.1
0.525356,-0.048363,0.288651,0.1,0.1,0.1
0.201639,-0.407803,0.164510,0.1,0.1,0.1
0.791365,-0.057261,0.397307,0.1,0.1,0.1
0.634781,0.023744,0.131738,0.1,0.1,0.1
0.404712,-0.001617,0.185017,0.1,0.1,0.1
0.458578,0.479696,0.114368,0.1,0.1,0.1
0.798846,0.416080,0.000000,0.1,0.1,0.1
0.539738,-0.241098,0.397307,0.1,0.1,0.1
0.628275,0.096971,0.579451,0.1,0.1,0.1
0.913219,0.057593,0.774615,0.1,0.1,0.1
0.268253,-0.158636,0.346656,0.1,0.1,0.1
0.575667,-0.197369,0.115889,0.1,0.1,0.1
0.757443,-0.483426,0.397307,0.1,0.1,0.1
0.900431,-0.141180,0.215647,0.1,0.1,0.1
0.459119,-0.452190,0.010000,0.1,0.1,0.1
0.351967,-0.002007,0.266791,0.1,0.1,0.1
0.397326,-0.552450,0.216239,0.1,0.1,0.1
0.461912,-0.525297,0.518470,0.1,0.1,0.1
1.012647,0.382449,0.262515,0.1,0.1,0.1
0.854215,0.194724,0.784615,0.1,0.1,0.1
0.726327,-0.329826,0.401307,0.1,0.1,0.1
0.561517,0.503058,0.138266,0.1,0.1,0.1
0.669653,0.325308,0.514408,0.1,0.1,0.1
0.822590,0.433261,0.622202,0.1,0.1,0.1
0.431362,0.451461,0.144427,0.1,0.1,0.1
0.293519,-0.137695,0.372751,0.1,0.1,0.1
0.836027,-0.251695,0.010000,0.1,0.1,0.1
0.885540,0.275734,0.010000,0.1,0.1,0.1
0.212418,-0.441047,0.025839,0.1,0.1,0.1
0.766060,-0.321070,0.397307,0.1,0.1,0.1
0.849523,-0.207661,0.774615,0.1,0.1,0.1
0.819318,0.086230,0.010000,0.1,0.1,0.1
0.734780,0.382295,0.291019,0.1,0.1,0.1
0.567331,0.497364,0.118262,0.1,0.1,0.1
0.679628,0.467341,0.056620,0.1,0.1,0.1
0.529914,-0.197377,0.469992,0.1,0.1,0.1
0.274153,-0.235370,0.014000,0.1,0.1,0.1
0.869143,-0.132596,0.703145,0.1,0.1,0.1
0.373444,-0.078194,0.014000,0.1,0.1,0.1
0.465901,0.143836,0.014000,0.1,0.1,0.1
0.642321,0.223073,0.596252,0.1,0.1,0.1
0.471111,-0.197439,0.010000,0.1,0.1,0.1
0.960553,0.406728,0.636253,0.1,0.1,0.1
0.873760,0.372294,0.401307,0.1,0.1,0.1
1.012393,0.277609,0.046050,0.1,0.1,0.1
1.005293,0.384416,0.195276,0.1,0.1,0.1
0.632152,0.013909,0.053486,0.1,0.1,0.1
0.699776,-0.142730,0.397307,0.1,0.1,0.1
0.591175,-0.139365,0.290594,0.1,0.1,0.1
0.603060,-0.054645,0.074555,0.1,0.1,0.1
0.673996,0.124652,0.000000,0.1,0.1,0.1
0.438531,0.404711,0.092157,0.1,0.1,0.1
0.400885,-0.553402,0.153131,0.1,0.1,0.1
0.942943,0.396944,0.419322,0.1,0.1,0.1
0.346817,-0.543087,0.287006,0.1,0.1,0.1
0.463000,-0.447663,0.436704,0.1,0.1,0.1
0.552991,-0.184625,0.713046,0.1,0.1,0.1
0.737054,0.037625,0.387307,0.1,0.1,0.1
0.645917,-0.065394,0.774615,0.1,0.1,0.1
0.413414,0.310763,0.191714,0.1,0.1,0.1
0.439088,0.480359,0.147299,0.1,0.1,0.1
0.963638,0.236343,0.477452,0.1,0.1,0.1
0.482622,-0.374269,0.611159,0.1,0.1,0.1
0.673375,0.370917,0.014000,0.1,0.1,0.1
1.002273,0.385223,0.741085,0.1,0.1,0.1
0.596108,0.472077,0.010000,0.1,0.1,0.1
0.484306,0.022559,0.010000,0.1,0.1,0.1
0.465173,-0.574730,0.612962,0.1,0.1,0.1
0.694703,-0.135276,0.397307,0.1,0.1,0.1
0.412797,-0.003779,0.126660,0.1,0.1,0.1
0.389520,0.002444,0.233728,0.1,0.1,0.1
0.759720,-0.526399,0.483153,0.1,0.1,0.1
0.450986,-0.566166,0.611815,0.1,0.1,0.1
0.292571,-0.360338,0.014000,0.1,0.1,0.1
0.796000,-0.073400,0.387307,0.1,0.1,0.1
0.331196,0.076796,0.060751,0.1,0.1,0.1
0.981224,0.199740,0.126184,0.1,0.1,0.1
0.917233,-0.078333,0.213408,0.1,0.1,0.1
0.869140,-0.258219,0.432291,0.1,0.1,0.1
0.830015,-0.365847,0.348320,0.1,0.1,0.1
0.509469,-0.039975,0.199470,0.1,0.1,0.1
0.645318,0.160720,0.405388,0.1,0.1,0.1
0.854256,0.094808,0.397307,0.1,0.1,0.1
0.968373,0.390146,0.708806,0.1,0.1,0.1
0.910779,0.323545,0.774615,0.1,0.1,0.1
0.332885,0.083116,0.317518,0.1,0.1,0.1
0.957246,0.212436,0.506241,0.1,0.1,0.1
0.767475,-0.638493,0.591634,0.1,0.1,0.1
0.487904,-0.454109,0.000000,0.1,0.1,0.1
0.950807,0.394842,0.613169,0.1,0.1,0.1
0.213121,-0.438418,0.328520,0.1,0.1,0.1
0.696768,0.240112,0.368599,0.1,0.1,0.1
0.478874,-0.388288,0.743296,0.1,0.1,0.1
0.351303,-0.370151,0.010000,0.1,0.1,0.1
0.516945,-0.588571,0.263032,0.1,0.1,0.1
0.725860,0.364416,0.216263,0.1,0.1,0.1
0.655471,0.452546,0.010000,0.1,0.1,0.1
0.620728,-0.044309,0.179004,0.1,0.1,0.1
0.728141,-0.655385,0.512997,0.1,0.1,0.1
0.633256,-0.619667,0.549092,0.1,0.1,0.1
0.940946,0.200407,0.000000,0.1,0.1,0.1
0.557431,-0.056938,0.050341,0.1,0.1,0.1
0.451068,-0.028502,0.057921,0.1,0.1,0.1
0.792845,-0.162580,0.387307,0.1,0.1,0.1
0.328169,0.008495,0.319302,0.1,0.1,0.1
0.230704,-0.507904,0.175201,0.1,0.1,0.1
0.469599,-0.575135,0.774615,0.1,0.1,0.1
0.714245,-0.366283,0.784615,0.1,0.1,0.1
0.794372,-0.537884,0.257896,0.1,0.1,0.1
0.989223,0.384571,0.518996,0.1,0.1,0.1
0.321030,-0.536193,0.167499,0.1,0.1,0.1
0.982423,0.165509,0.154808,0.1,0.1,0.1
0.570554,-0.128504,0.401307,0.1,0.1,0.1
0.666931,-0.314542,0.401307,0.1,0.1,0.1
0.428264,0.366310,0.083906,0.1,0.1,0.1
0.645920,-0.224457,0.397307,0.1,0.1,0.1
0.868812,-0.133835,0.735071,0.1,0.1,0.1
0.727976,0.321988,0.000000,0.1,0.1,0.1
0.647146,-0.165722,0.397307,0.1,0.1,0.1
0.785426,-0.113752,0.337281,0.1,0.1,0.1
0.733984,-0.646596,0.073241,0.1,0.1,0.1
0.852226,-0.195874,0.546167,0.1,0.1,0.1
0.197428,-0.499008,0.177829,0.1,0.1,0.1
0.249938,-0.227141,0.063054,0.1,0.1,0.1
0.780524,0.419703,0.010000,0.1,0.1,0.1
0.834680,0.430029,0.610203,0.1,0.1,0.1
0.360288,0.185613,0.130033,0.1,0.1,0.1
0.586408,0.013936,0.608117,0.1,0.1,0.1
0.438223,-0.010576,0.110964,0.1,0.1,0.1
1.031424,0.387781,0.515599,0.1,0.1,0.1
0.302879,-0.527200,0.128555,0.1,0.1,0.1
0.763503,-0.062188,0.784615,0.1,0.1,0.1
0.412443,-0.354481,0.010000,0.1,0.1,0.1
0.772777,-0.470286,0.784615,0.1,0.1,0.1
0.567350,-0.243965,0.236189,0.1,0.1,0.1
0.370561,-0.222296,0.010000,0.1,0.1,0.1
0.784119,0.453897,0.295374,0.1,0.1,0.1
0.860508,-0.149406,0.627870,0.1,0.1,0.1
1.034484,0.373690,0.000000,0.1,0.1,0.1
0.726212,-0.030792,0.774615,0.1,0.1,0.1
0.649673,0.177007,0.487449,0.1,0.1,0.1
0.533635,-0.183459,0.629459,0.1,0.1,0.1
0.771592,0.266477,0.397307,0.1,0.1,0.1
0.559583,-0.445921,0.401307,0.1,0.1,0.1
0.661278,0.293982,0.536385,0.1,0.1,0.1
0.731374,0.385040,0.220678,0.1,0.1,0.1
0.896204,-0.008774,0.774615,0.1,0.1,0.1
0.790602,-0.513269,0.181751,0.1,0.1,0.1
0.552700,-0.185712,0.654759,0.1,0.1,0.1
0.776402,-0.463999,0.586853,0.1,0.1,0.1
0.517828,-0.316149,0.640518,0.1,0.1,0.1
0.278841,-0.524914,0.157035,0.1,0.1,0.1
0.700153,-0.647903,0.558606,0.1,0.1,0.1
0.591512,-0.047417,0.015728,0.1,0.1,0.1
0.551779,-0.040935,0.162910,0.1,0.1,0.1
0.697393,0.273016,0.387307,0.1,0.1,0.1
0.752551,0.070161,0.387307,0.1,0.1,0.1
0.612635,-0.074582,0.061821,0.1,0.1,0.1
0.417493,-0.015385,0.384488,0.1,0.1,0.1
0.781285,-0.548118,0.199259,0.1,0.1,0.1
0.210210,-0.375744,0.031961,0.1,0.1,0.1
0.708312,0.283294,0.189752,0.1,0.1,0.1
0.666433,0.475009,0.346397,0.1,0.1,0.1
0.691710,0.334245,0.773741,0.1,0.1,0.1
0.603263,-0.611648,0.461140,0.1,0.1,0.1
0.731726,0.457553,0.232617,0.1,0.1,0.1
0.367610,-0.223822,0.014000,0.1,0.1,0.1
0.429009,-0.249899,0.010000,0.1,0.1,0.1
0.387824,0.288612,0.325838,0.1,0.1,0.1
0.591743,-0.039674,0.594397,0.1,0.1,0.1
0.846534,-0.342777,0.296597,0.1,0.1,0.1
0.607961,-0.623255,0.001004,0.1,0.1,0.1
0.726844,0.454718,0.096212,0.1,0.1,0.1
0.592946,-0.604749,0.549595,0.1,0.1,0.1
0.626069,-0.024332,0.092752,0.1,0.1,0.1
0.550513,-0.306945,0.309030,0.1,0.1,0.1
0.471453,-0.416047,0.715076,0.1,0.1,0.1
0.757110,-0.060788,0.784615,0.1,0.1,0.1
0.543311,-0.472748,0.774615,0.1,0.1,0.1
1.018162,0.391326,0.393425,0.1,0.1,0.1
0.546928,-0.606938,0.638481,0.1,0.1,0.1
0.667939,0.318895,0.456528,0.1,0.1,0.1
0.693669,0.415136,0.665068,0.1,0.1,0.1
0.915443,-0.085026,0.352449,0.1,0.1,0.1
0.296447,-0.126744,0.120599,0.1,0.1,0.1
0.657506,0.093257,0.350328,0.1,0.1,0.1
0.527163,-0.386127,0.401307,0.1,0.1,0.1
0.615108,-0.049845,0.193670,0.1,0.1,0.1
0.335215,0.006612,0.375540,0.1,0.1,0.1
0.658355,0.209484,0.000985,0.1,0.1,0.1
0.490599,0.522018,0.186731,0.1,0.1,0.1
0.855860,-0.148863,0.010000,0.1,0.1,0.1
0.570459,0.012908,0.010000,0.1,0.1,0.1
0.901045,-0.100163,0.149211,0.1,0.1,0.1
0.878867,0.418215,0.435656,0.1,0.1,0.1
0.405645,-0.012218,0.158722,0.1,0.1,0.1
0.735698,-0.527804,0.397307,0.1,0.1,0.1
0.209947,-0.492260,0.014000,0.1,0.1,0.1
0.283214,-0.176241,0.229714,0.1,0.1,0.1
0.801678,-0.107746,0.242132,0.1,0.1,0.1
0.740028,-0.238035,0.401307,0.1,0.1,0.1
0.487400,-0.034075,0.127301,0.1,0.1,0.1
0.205866,-0.505404,0.333100,0.1,0.1,0.1
0.547288,-0.226545,0.397307,0.1,0.1,0.1
0.777067,0.441291,0.708662,0.1,0.1,0.1
0.450444,-0.570792,0.024449,0.1,0.1,0.1
0.409535,-0.555714,0.019388,0.1,0.1,0.1
0.225823,-0.317344,0.070749,0.1,0.1,0.1
0.714637,0.420002,0.651987,0.1,0.1,0.1
0.569882,0.041441,0.010000,0.1,0.1,0.1
0.662015,0.223175,0.490899,0.1,0.1,0.1
0.635999,-0.369132,0.784615,0.1,0.1,0.1
0.231833,-0.294865,0.207975,0.1,0.1,0.1
0.638979,0.137010,0.413278,0.1,0.1,0.1
0.297937,-0.047605,0.172584,0.1,0.1,0.1
0.777243,-0.476340,0.749204,0.1,0.1,0.1
0.592514,-0.319606,0.010000,0.1,0.1,0.1
0.694336,0.463409,0.278011,0.1,0.1,0.1
0.408445,-0.002513,0.387307,0.1,0.1,0.1
0.456409,-0.582738,0.764595,0.1,0.1,0.1
0.758812,0.460663,0.715594,0.1,0.1,0.1
0.597976,-0.092321,0.774615,0.1,0.1,0.1
0.816477,-0.111702,0.119704,0.1,0.1,0.1
0.697702,0.159540,0.387307,0.1,0.1,0.1
0.907466,-0.076144,0.588882,0.1,0.1,0.1
0.583088,-0.169613,0.377016,0.1,0.1,0.1
0.800751,-0.292131,0.401307,0.1,0.1,0.1
0.331927,0.005966,0.286241,0.1,0.1,0.1
0.898390,-0.003591,0.000000,0.1,0.1,0.1
0.820800,0.429599,0.688188,0.1,0.1,0.1
0.823273,-0.392397,0.397307,0.1,0.1,0.1
0.798979,-0.335334,0.000000,0.1,0.1,0.1
0.236691,-0.350258,0.332410,0.1,0.1,0.1
0.557083,-0.254958,0.397307,0.1,0.1,0.1
0.481044,-0.566788,0.301344,0.1,0.1,0.1
0.758711,0.446198,0.620368,0.1,0.1,0.1
0.695761,-0.369318,0.784615,0.1,0.1,0.1
0.706193,-0.082218,0.103643,0.1,0.1,0.1
0.689953,-0.645176,0.227644,0.1,0.1,0.1
0.361826,-0.000503,0.179062,0.1,0.1,0.1
0.500172,-0.584087,0.727676,0.1,0.1,0.1
0.333829,-0.442104,0.014000,0.1,0.1,0.1
0.763666,-0.093182,0.010000,0.1,0.1,0.1
0.780693,0.444462,0.138282,0.1,0.1,0.1
0.699149,0.060327,0.397307,0.1,0.1,0.1
0.388601,0.217954,0.344980,0.1,0.1,0.1
0.347340,-0.539087,0.357057,0.1,0.1,0.1
0.712771,-0.640925,0.450662,0.1,0.1,0.1
0.789548,0.437954,0.514544,0.1,0.1,0.1
0.988196,0.388986,0.481230,0.1,0.1,0.1
0.804977,0.235654,0.397307,0.1,0.1,0.1
0.726895,0.352799,0.138675,0.1,0.1,0.1
0.624789,0.482002,0.256364,0.1,0.1,0.1
0.700350,0.033938,0.774615,0.1,0.1,0.1
0.757052,0.461134,0.138016,0.1,0.1,0.1
0.899828,-0.054777,0.774615,0.1,0.1,0.1
0.844445,-0.350591,0.118017,0.1,0.1,0.1
0.763752,0.397356,0.397307,0.1,0.1,0.1
0.620178,-0.069573,0.279510,0.1,0.1,0.1
0.957811,0.086268,0.397307,0.1,0.1,0.1
0.506102,0.275766,0.010000,0.1,0.1,0.1
0.986254,0.320938,0.724870,0.1,0.1,0.1
0.636337,0.029561,0.075597,0.1,0.1,0.1
0.523784,-0.600751,0.205611,0.1,0.1,0.1
0.716662,0.427575,0.727029,0.1,0.1,0.1
0.718894,-0.357406,0.397307,0.1,0.1,0.1
0.758078,-0.174323,0.010000,0.1,0.1,0.1
0.513588,-0.258445,0.634662,0.1,0.1,0.1
0.414630,-0.557077,0.048617,0.1,0.1,0.1
0.555781,-0.382998,0.387307,0.1,0.1,0.1
0.575204,-0.493905,0.401307,0.1,0.1,0.1
0.706646,-0.639287,0.418870,0.1,0.1,0.1
0.664397,-0.081395,0.230462,0.1,0.1,0.1
0.224033,-0.324041,0.310174,0.1,0.1,0.1
0.467931,-0.033010,0.083422,0.1,0.1,0.1
0.530593,-0.588079,0.491334,0.1,0.1,0.1
0.519968,-0.234578,0.567195,0.1,0.1,0.1
1.023729,0.389838,0.221299,0.1,0.1,0.1
0.712494,0.433107,0.010000,0.1,0.1,0.1
0.731481,0.467970,0.282207,0.1,0.1,0.1
0.959024,0.219084,0.541008,0.1,0.1,0.1
0.843386,0.438052,0.659309,0.1,0.1,0.1
0.717320,0.070083,0.010000,0.1,0.1,0.1
0.438245,-0.006442,0.366272,0.1,0.1,0.1
0.431583,0.319321,0.010000,0.1,0.1,0.1
0.276383,-0.303327,0.014000,0.1,0.1,0.1
0.700792,0.255163,0.109626,0.1,0.1,0.1
0.934018,0.335728,0.401307,0.1,0.1,0.1
0.732508,-0.085644,0.397307,0.1,0.1,0.1
0.553572,0.415014,0.014000,0.1,0.1,0.1
0.609272,-0.613254,0.702338,0.1,0.1,0.1
0.919810,0.364605,0.784615,0.1,0.1,0.1
0.840175,-0.366562,0.715218,0.1,0.1,0.1
0.510961,-0.517721,0.401307,0.1,0.1,0.1
0.662350,-0.040282,0.784615,0.1,0.1,0.1
0.682943,0.188401,0.116337,0.1,0.1,0.1
0.895595,-0.159267,0.513278,0.1,0.1,0.1
0.704760,0.456621,0.426127,0.1,0.1,0.1
0.880163,0.428220,0.637901,0.1,0.1,0.1
0.366496,-0.499235,0.014000,0.1,0.1,0.1
0.413057,0.382994,0.356912,0.1,0.1,0.1
0.876362,0.355749,0.397307,0.1,0.1,0.1
0.725189,0.180726,0.000000,0.1,0.1,0.1
0.881668,-0.172640,0.471695,0.1,0.1,0.1
0.993430,0.206680,0.215246,0.1,0.1,0.1
0.997997,0.382226,0.565877,0.1,0.1,0.1
0.648353,0.172071,0.487683,0.1,0.1,0.1
0.271408,-0.220399,0.037735,0.1,0.1,0.1
0.521876,-0.125372,0.010000,0.1,0.1,0.1
1.020234,0.324016,0.000000,0.1,0.1,0.1
0.751692,-0.658808,0.672673,0.1,0.1,0.1
0.396056,0.245838,0.183308,0.1,0.1,0.1
0.714103,0.320413,0.784615,0.1,0.1,0.1
0.623896,0.486381,0.044644,0.1,0.1,0.1
0.859635,0.419216,0.717622,0.1,0.1,0.1
0.638588,-0.616951,0.733218,0.1,0.1,0.1
0.854176,0.155044,0.401307,0.1,0.1,0.1
0.812661,-0.343863,0.583666,0.1,0.1,0.1
0.218616,-0.344300,0.350609,0.1,0.1,0.1
0.736161,-0.016258,0.397307,0.1,0.1,0.1
0.623319,-0.019131,0.171995,0.1,0.1,0.1
0.449655,-0.566441,0.311733,0.1,0.1,0.1
0.959944,0.207039,0.663576,0.1,0.1,0.1
0.335863,0.020689,0.028681,0.1,0.1,0.1
0.784772,-0.113577,0.329493,0.1,0.1,0.1
0.220282,-0.411632,0.323219,0.1,0.1,0.1
0.354419,-0.489783,0.014000,0.1,0.1,0.1
0.921199,0.417249,0.236995,0.1,0.1,0.1
0.702718,0.036798,0.000000,0.1,0.1,0.1
0.683020,0.375307,0.572044,0.1,0.1,0.1
0.196073,-0.502186,0.352407,0.1,0.1,0.1
0.314208,-0.534369,0.300583,0.1,0.1,0.1
0.863380,0.217209,0.010000,0.1,0.1,0.1
0.701526,-0.076037,0.774615,0.1,0.1,0.1
0.975090,0.402841,0.379501,0.1,0.1,0.1
0.935257,0.027805,0.666282,0.1,0.1,0.1
0.568071,-0.055642,0.142146,0.1,0.1,0.1
0.463397,-0.584606,0.260833,0.1,0.1,0.1
0.301005,-0.526699,0.361730,0.1,0.1,0.1
0.476974,-0.588236,0.399586,0.1,0.1,0.1
0.574427,-0.202006,0.314929,0.1,0.1,0.1
0.298764,-0.044514,0.133272,0.1,0.1,0.1
0.604737,-0.612042,0.393271,0.1,0.1,0.1
0.403532,-0.029070,0.010000,0.1,0.1,0.1
0.493574,-0.333304,0.536372,0.1,0.1,0.1
0.727692,-0.033765,0.387307,0.1,0.1,0.1
0.207553,-0.385682,0.210862,0.1,0.1,0.1
0.403447,-0.226746,0.010000,0.1,0.1,0.1
0.550308,-0.307710,0.336784,0.1,0.1,0.1
0.948992,0.391068,0.387307,0.1,0.1,0.1
0.977774,0.186836,0.521976,0.1,0.1,0.1
0.360394,0.010231,0.211320,0.1,0.1,0.1
0.979301,0.153830,0.200557,0.1,0.1,0.1
0.325509,-0.537391,0.163635,0.1,0.1,0.1
0.803360,0.054545,0.401307,0.1,0.1,0.1
0.978440,0.391595,0.781008,0.1,0.1,0.1
0.455519,-0.025552,0.282162,0.1,0.1,0.1
0.372738,0.232181,0.279504,0.1,0.1,0.1
0.268347,-0.231849,0.078496,0.1,0.1,0.1
0.346173,-0.524829,0.010000,0.1,0.1,0.1
0.960626,0.122696,0.316875,0.1,0.1,0.1
0.874560,-0.199229,0.480123,0.1,0.1,0.1
0.606079,-0.099105,0.240280,0.1,0.1,0.1
0.388177,-0.550004,0.306104,0.1,0.1,0.1
0.490092,-0.578624,0.784615,0.1,0.1,0.1
0.486151,-0.580338,0.663205,0.1,0.1,0.1
0.621799,-0.059655,0.128403,0.1,0.1,0.1
0.482172,-0.562570,0.015937,0.1,0.1,0.1
0.511771,0.395066,0.014000,0.1,0.1,0.1
0.778514,-0.558483,0.772488,0.1,0.1,0.1
0.919065,-0.071480,0.101337,0.1,0.1,0.1
0.669371,-0.406775,0.387307,0.1,0.1,0.1
0.829158,0.206318,0.784615,0.1,0.1,0.1
0.500068,-0.382578,0.475585,0.1,0.1,0.1
0.608921,-0.056212,0.219682,0.1,0.1,0.1
0.535356,-0.348151,0.035594,0.1,0.1,0.1
0.569176,-0.060078,0.281311,0.1,0.1,0.1
0.703703,-0.638501,0.575243,0.1,0.1,0.1
0.575918,-0.601928,0.774615,0.1,0.1,0.1
0.613901,-0.054358,0.369729,0.1,0.1,0.1
0.410233,-0.003093,0.324968,0.1,0.1,0.1
0.858570,-0.133307,0.328920,0.1,0.1,0.1
0.403102,-0.177624,0.014000,0.1,0.1,0.1
0.667703,0.318012,0.616868,0.1,0.1,0.1
1.010918,0.272091,0.762258,0.1,0.1,0.1
0.472215,-0.019664,0.087020,0.1,0.1,0.1
0.429746,-0.022802,0.020851,0.1,0.1,0.1
0.394739,-0.009302,0.269671,0.1,0.1,0.1
0.722129,0.455979,0.326347,0.1,0.1,0.1
0.454654,-0.567777,0.358038,0.1,0.1,0.1
0.577577,-0.205713,0.285619,0.1,0.1,0.1
0.446743,0.435427,0.381042,0.1,0.1,0.1
0.374169,0.010689,0.150252,0.1,0.1,0.1
0.804416,0.208757,0.000000,0.1,0.1,0.1
0.699173,0.249107,0.304245,0.1,0.1,0.1
0.641176,-0.551393,0.774615,0.1,0.1,0.1
0.965587,0.395031,0.437867,0.1,0.1,0.1
0.786503,-0.071397,0.387307,0.1,0.1,0.1
0.897592,-0.026185,0.579943,0.1,0.1,0.1
0.831869,-0.114488,0.774615,0.1,0.1,0.1
0.620756,-0.028719,0.299993,0.1,0.1,0.1
0.657283,0.092422,0.031542,0.1,0.1,0.1
0.644887,-0.633127,0.407972,0.1,0.1,0.1
0.671294,-0.629836,0.405513,0.1,0.1,0.1
0.788936,0.452610,0.028062,0.1,0.1,0.1
0.832535,0.440953,0.301958,0.1,0.1,0.1
0.511852,-0.436065,0.331898,0.1,0.1,0.1
0.657528,0.210448,0.010000,0.1,0.1,0.1
0.898107,-0.149869,0.667440,0.1,0.1,0.1
0.763644,0.124484,0.387307,0.1,0.1,0.1
0.334754,-0.216895,0.010000,0.1,0.1,0.1
0.884767,0.096798,0.397307,0.1,0.1,0.1
0.885340,0.412344,0.425487,0.1,0.1,0.1
0.864363,0.422093,0.438867,0.1,0.1,0.1
0.823107,-0.430402,0.015343,0.1,0.1,0.1
0.560617,-0.610598,0.245429,0.1,0.1,0.1
0.618398,0.133590,0.467169,0.1,0.1,0.1
0.931974,0.187527,0.401307,0.1,0.1,0.1
0.534914,0.510171,0.229685,0.1,0.1,0.1
0.896695,0.223721,0.000000,0.1,0.1,0.1
0.889732,-0.040095,0.561079,0.1,0.1,0.1
0.464520,-0.515545,0.675972,0.1,0.1,0.1
0.586263,-0.307149,0.774615,0.1,0.1,0.1
0.534330,-0.254424,0.565697,0.1,0.1,0.1
0.191600,-0.445353,0.206099,0.1,0.1,0.1
0.596386,-0.119873,0.164009,0.1,0.1,0.1
0.219166,-0.342244,0.110057,0.1,0.1,0.1
0.821959,0.433430,0.380125,0.1,0.1,0.1
0.501239,-0.041915,0.079982,0.1,0.1,0.1
0.577215,-0.604684,0.024322,0.1,0.1,0.1
0.710451,-0.185573,0.000000,0.1,0.1,0.1
0.521946,-0.398310,0.200040,0.1,0.1,0.1
0.476984,0.521518,0.297283,0.1,0.1,0.1
0.948149,0.287774,0.401307,0.1,0.1,0.1
0.389899,-0.012149,0.343145,0.1,0.1,0.1
0.816445,0.283257,0.397307,0.1,0.1,0.1
0.766313,-0.235604,0.387307,0.1,0.1,0.1
0.674395,0.171915,0.074965,0.1,0.1,0.1
0.918418,0.067202,0.585384,0.1,0.1,0.1
0.592925,-0.117261,0.000000,0.1,0.1,0.1
0.744880,-0.011891,0.010000,0.1,0.1,0.1
0.614031,-0.053871,0.151208,0.1,0.1,0.1
0.331892,0.005836,0.124693,0.1,0.1,0.1
0.398508,0.328572,0.353798,0.1,0.1,0.1
0.285290,-0.168476,0.258018,0.1,0.1,0.1
0.486574,-0.530615,0.144721,0.1,0.1,0.1
0.671197,-0.640161,0.705239,0.1,0.1,0.1
0.764520,-0.482671,0.010000,0.1,0.1,0.1
0.510623,-0.582740,0.623902,0.1,0.1,0.1
0.764016,-0.525816,0.614597,0.1,0.1,0.1
0.489028,0.440507,0.010000,0.1,0.1,0.1
0.558623,-0.567757,0.000000,0.1,0.1,0.1
0.531726,-0.050066,0.219854,0.1,0.1,0.1
0.452951,-0.558816,0.503718,0.1,0.1,0.1
0.890186,-0.141759,0.275832,0.1,0.1,0.1
0.486202,-0.370162,0.010000,0.1,0.1,0.1
0.499606,-0.583935,0.497035,0.1,0.1,0.1
0.442184,-0.525524,0.697320,0.1,0.1,0.1
0.483260,-0.022617,0.291006,0.1,0.1,0.1
0.799562,-0.398039,0.784615,0.1,0.1,0.1
0.844680,0.022724,0.387307,0.1,0.1,0.1
0.476459,-0.230573,0.010000,0.1,0.1,0.1
0.722501,-0.074220,0.397307,0.1,0.1,0.1
0.922687,-0.057931,0.314136,0.1,0.1,0.1
0.609334,-0.070814,0.154534,0.1,0.1,0.1
0.676778,-0.075064,0.397307,0.1,0.1,0.1
0.614416,-0.599485,0.784615,0.1,0.1,0.1
0.420712,0.338061,0.384157,0.1,0.1,0.1
0.626852,0.091647,0.662734,0.1,0.1,0.1
0.597387,-0.116128,0.066188,0.1,0.1,0.1
0.786732,-0.392936,0.397307,0.1,0.1,0.1
0.837705,0.061279,0.774615,0.1,0.1,0.1
0.358720,0.106184,0.284636,0.1,0.1,0.1
0.434334,0.389013,0.190627,0.1,0.1,0.1
0.691865,0.408389,0.741028,0.1,0.1,0.1
1.001466,0.236735,0.354677,0.1,0.1,0.1
0.594473,-0.424844,0.784615,0.1,0.1,0.1
0.997769,0.222908,0.264966,0.1,0.1,0.1
0.413530,0.338195,0.010000,0.1,0.1,0.1
0.520997,-0.585514,0.404993,0.1,0.1,0.1
0.578081,-0.600775,0.726430,0.1,0.1,0.1
0.322757,-0.028331,0.151225,0.1,0.1,0.1
0.700514,-0.288764,0.784615,0.1,0.1,0.1
0.595434,0.010024,0.774615,0.1,0.1,0.1
0.361704,-0.004611,0.130561,0.1,0.1,0.1
0.699253,-0.647662,0.182081,0.1,0.1,0.1
0.677006,0.360512,0.014000,0.1,0.1,0.1
0.356927,0.099478,0.310802,0.1,0.1,0.1
0.613215,-0.179982,0.397307,0.1,0.1,0.1
0.630882,-0.619032,0.584450,0.1,0.1,0.1
0.464773,0.502868,0.127405,0.1,0.1,0.1
0.876440,-0.230915,0.761802,0.1,0.1,0.1
0.946456,0.069692,0.759221,0.1,0.1,0.1
0.639705,0.139723,0.701481,0.1,0.1,0.1
0.302945,-0.531358,0.365192,0.1,0.1,0.1
0.744898,0.454032,0.522833,0.1,0.1,0.1
0.510581,-0.586869,0.053026,0.1,0.1,0.1
0.972707,0.403479,0.769474,0.1,0.1,0.1
0.503527,-0.296077,0.702944,0.1,0.1,0.1
0.864047,0.432529,0.517946,0.1,0.1,0.1
0.672118,0.207943,0.397307,0.1,0.1,0.1
0.997494,0.347491,0.549135,0.1,0.1,0.1
0.676532,0.164422,0.078970,0.1,0.1,0.1
0.415773,0.393153,0.033697,0.1,0.1,0.1
0.250924,-0.223455,0.232239,0.1,0.1,0.1
0.274809,-0.207678,0.018556,0.1,0.1,0.1
0.655619,0.157716,0.397307,0.1,0.1,0.1
0.863389,0.032552,0.774615,0.1,0.1,0.1
0.840403,0.191592,0.387307,0.1,0.1,0.1
0.960860,0.225953,0.481878,0.1,0.1,0.1
0.779786,0.212434,0.401307,0.1,0.1,0.1
0.760712,-0.038350,0.397307,0.1,0.1,0.1
0.675866,0.104890,0.784615,0.1,0.1,0.1
0.924605,0.405987,0.555658,0.1,0.1,0.1
0.626735,-0.617923,0.402853,0.1,0.1,0.1
0.698752,0.462228,0.132873,0.1,0.1,0.1
0.300124,-0.112989,0.327136,0.1,0.1,0.1
0.958371,0.407311,0.197539,0.1,0.1,0.1
0.359500,0.010470,0.064967,0.1,0.1,0.1
0.584286,-0.165132,0.158860,0.1,0.1,0.1
0.698502,0.359650,0.654435,0.1,0.1,0.1
0.878929,0.428550,0.248424,0.1,0.1,0.1
0.995204,0.354414,0.418080,0.1,0.1,0.1
0.206545,-0.464567,0.014000,0.1,0.1,0.1
0.662766,0.112930,0.176564,0.1,0.1,0.1
0.305482,-0.019384,0.116991,0.1,0.1,0.1
0.564765,-0.228161,0.010000,0.1,0.1,0.1
0.771353,-0.498373,0.569744,0.1,0.1,0.1
0.614132,-0.068981,0.352359,0.1,0.1,0.1
0.647426,0.162265,0.387307,0.1,0.1,0.1
0.860988,-0.288713,0.650645,0.1,0.1,0.1
0.804961,0.400160,0.387307,0.1,0.1,0.1
0.537868,-0.495139,0.000000,0.1,0.1,0.1
0.461338,0.434303,0.010000,0.1,0.1,0.1
0.276428,-0.524269,0.156906,0.1,0.1,0.1
0.658680,0.035755,0.401307,0.1,0.1,0.1
0.423381,-0.002468,0.183354,0.1,0.1,0.1
0.520777,-0.418768,0.387307,0.1,0.1,0.1
0.786911,-0.198983,0.784615,0.1,0.1,0.1
0.722869,0.299995,0.397307,0.1,0.1,0.1
0.800992,-0.513123,0.526361,0.1,0.1,0.1
0.508920,0.328348,0.014000,0.1,0.1,0.1
0.836399,-0.380687,0.692733,0.1,0.1,0.1
0.680832,0.183597,0.784615,0.1,0.1,0.1
0.833671,0.426158,0.470901,0.1,0.1,0.1
1.019977,0.380490,0.223636,0.1,0.1,0.1
0.552225,-0.285055,0.283371,0.1,0.1,0.1
0.556882,-0.328960,0.387307,0.1,0.1,0.1
0.456104,-0.547022,0.640810,0.1,0.1,0.1
0.769613,-0.630493,0.325728,0.1,0.1,0.1
0.269796,-0.152867,0.305584,0.1,0.1,0.1
0.693548,0.228068,0.317991,0.1,0.1,0.1
0.816160,0.422714,0.387307,0.1,0.1,0.1
0.234838,-0.509010,0.103527,0.1,0.1,0.1
0.514180,-0.598183,0.250447,0.1,0.1,0.1
0.838822,0.192353,0.397307,0.1,0.1,0.1
0.866650,0.421482,0.500390,0.1,0.1,0.1
0.836285,0.140851,0.387307,0.1,0.1,0.1
0.228268,-0.381762,0.127494,0.1,0.1,0.1
0.683289,0.169995,0.784615,0.1,0.1,0.1
0.948442,0.038404,0.166666,0.1,0.1,0.1
0.658821,0.284789,0.573559,0.1,0.1,0.1
0.800082,0.355874,0.784615,0.1,0.1,0.1
0.407779,-0.016929,0.037784,0.1,0.1,0.1
0.648409,0.074715,0.201829,0.1,0.1,0.1
0.811245,-0.023108,0.401307,0.1,0.1,0.1
0.399158,0.257442,0.183051,0.1,0.1,0.1
0.436728,-0.010176,0.052822,0.1,0.1,0.1
0.503949,-0.294496,0.608799,0.1,0.1,0.1
0.609879,0.145901,0.014000,0.1,0.1,0.1
0.760153,-0.663943,0.725034,0.1,0.1,0.1
0.546349,-0.606783,0.407866,0.1,0.1,0.1
0.888304,-0.141256,0.316750,0.1,0.1,0.1
0.528923,0.507632,0.064829,0.1,0.1,0.1
0.668558,0.041511,0.387307,0.1,0.1,0.1
0.577754,-0.371562,0.010000,0.1,0.1,0.1
0.397664,-0.123941,0.010000,0.1,0.1,0.1
0.856122,-0.268195,0.570027,0.1,0.1,0.1
0.590901,-0.226035,0.397307,0.1,0.1,0.1
0.680202,-0.628077,0.592293,0.1,0.1,0.1
0.761585,-0.246381,0.401307,0.1,0.1,0.1
0.658735,-0.069530,0.160147,0.1,0.1,0.1
0.655636,-0.380771,0.397307,0.1,0.1,0.1
0.276237,-0.524218,0.303162,0.1,0.1,0.1
0.980769,0.159319,0.368682,0.1,0.1,0.1
0.482036,-0.376460,0.643686,0.1,0.1,0.1
0.759083,0.450239,0.611342,0.1,0.1,0.1
0.748968,0.450851,0.269181,0.1,0.1,0.1
0.987790,0.224302,0.629415,0.1,0.1,0.1
0.547111,-0.473885,0.774615,0.1,0.1,0.1
0.918894,0.053493,0.500639,0.1,0.1,0.1
0.971497,0.149028,0.000000,0.1,0.1,0.1
0.463786,-0.574359,0.131181,0.1,0.1,0.1
0.432704,-0.566049,0.071055,0.1,0.1,0.1
0.238945,-0.497575,0.010000,0.1,0.1,0.1
0.319871,-0.341785,0.014000,0.1,0.1,0.1
0.557249,-0.052749,0.062629,0.1,0.1,0.1
0.449989,-0.028214,0.293705,0.1,0.1,0.1
0.404214,-0.554292,0.169076,0.1,0.1,0.1
0.668120,0.246010,0.530290,0.1,0.1,0.1
0.549887,-0.597378,0.366948,0.1,0.1,0.1
0.198920,-0.491536,0.234965,0.1,0.1,0.1
0.768567,-0.634407,0.294604,0.1,0.1,0.1
0.575042,-0.199707,0.229054,0.1,0.1,0.1
0.218189,-0.345897,0.209783,0.1,0.1,0.1
0.659427,-0.148290,0.784615,0.1,0.1,0.1
0.610024,-0.068858,0.357924,0.1,0.1,0.1
0.567358,-0.243935,0.046932,0.1,0.1,0.1
0.514215,-0.210518,0.010000,0.1,0.1,0.1
0.574325,-0.031262,0.706152,0.1,0.1,0.1
0.521430,0.513776,0.191356,0.1,0.1,0.1
0.295984,-0.128477,0.091006,0.1,0.1,0.1
0.896061,0.413619,0.582449,0.1,0.1,0.1
0.745083,-0.086416,0.397307,0.1,0.1,0.1
0.447363,0.437746,0.026285,0.1,0.1,0.1
0.728382,-0.083420,0.774615,0.1,0.1,0.1
0.602071,-0.054381,0.339094,0.1,0.1,0.1
0.518083,-0.315193,0.552283,0.1,0.1,0.1
0.437624,-0.024908,0.037975,0.1,0.1,0.1
0.335426,0.092619,0.083696,0.1,0.1,0.1
0.515189,-0.031153,0.368630,0.1,0.1,0.1
0.732564,0.222492,0.000000,0.1,0.1,0.1
0.740563,0.419413,0.047212,0.1,0.1,0.1
0.712559,0.145160,0.784615,0.1,0.1,0.1
0.187354,-0.461233,0.029473,0.1,0.1,0.1
0.752645,-0.655244,0.563923,0.1,0.1,0.1
0.500231,0.515303,0.130104,0.1,0.1,0.1
0.858240,-0.260273,0.542369,0.1,0.1,0.1
0.645678,-0.633339,0.403972,0.1,0.1,0.1
0.679280,-0.631971,0.760107,0.1,0.1,0.1
0.554151,-0.277848,0.285447,0.1,0.1,0.1
0.880698,-0.176271,0.042367,0.1,0.1,0.1
0.543302,-0.318430,0.250713,0.1,0.1,0.1
0.904121,-0.088659,0.253946,0.1,0.1,0.1
0.642406,0.477292,0.243986,0.1,0.1,0.1
0.406853,0.359788,0.092771,0.1,0.1,0.1
0.553881,-0.294345,0.251983,0.1,0.1,0.1
0.823867,0.017469,0.774615,0.1,0.1,0.1
0.634527,0.193922,0.708688,0.1,0.1,0.1
0.630778,-0.062056,0.281569,0.1,0.1,0.1
0.801340,0.402037,0.401307,0.1,0.1,0.1
0.799609,-0.377195,0.571828,0.1,0.1,0.1
0.970719,0.372833,0.397307,0.1,0.1,0.1
0.896569,0.423834,0.173451,0.1,0.1,0.1
0.457778,-0.568612,0.010301,0.1,0.1,0.1
0.661808,0.476246,0.098348,0.1,0.1,0.1
0.779292,-0.594289,0.417832,0.1,0.1,0.1
0.574088,0.267210,0.010000,0.1,0.1,0.1
0.576553,-0.265893,0.000000,0.1,0.1,0.1
0.258966,-0.430866,0.014000,0.1,0.1,0.1
0.831376,0.426772,0.718098,0.1,0.1,0.1
0.453819,-0.571694,0.367240,0.1,0.1,0.1
1.007070,0.394292,0.564488,0.1,0.1,0.1
0.653538,-0.216822,0.000000,0.1,0.1,0.1
0.556947,0.504280,0.316733,0.1,0.1,0.1
0.639254,-0.171550,0.401307,0.1,0.1,0.1
0.868283,-0.079792,0.000000,0.1,0.1,0.1
0.522258,-0.559649,0.774615,0.1,0.1,0.1
0.548692,-0.607410,0.465921,0.1,0.1,0.1
0.804370,0.433992,0.442578,0.1,0.1,0.1
0.662321,0.471968,0.028957,0.1,0.1,0.1
0.594502,-0.605165,0.444219,0.1,0.1,0.1
0.190251,-0.450397,0.251152,0.1,0.1,0.1
0.546650,-0.039564,0.018294,0.1,0.1,0.1
0.770161,0.443137,0.626967,0.1,0.1,0.1
0.257827,-0.271198,0.354965,0.1,0.1,0.1
0.269596,-0.415889,0.014000,0.1,0.1,0.1
0.639922,-0.621449,0.651257,0.1,0.1,0.1
0.717274,0.429864,0.613889,0.1,0.1,0.1
0.427061,0.435373,0.372816,0.1,0.1,0.1
0.669241,-0.629287,0.566921,0.1,0.1,0.1
0.667035,0.127444,0.397307,0.1,0.1,0.1
0.328608,0.067117,0.359691,0.1,0.1,0.1
0.812734,-0.430485,0.234256,0.1,0.1,0.1
0.492719,-0.416977,0.401307,0.1,0.1,0.1
0.355355,0.011578,0.164577,0.1,0.1,0.1
1.037899,0.386049,0.099523,0.1,0.1,0.1
0.507854,0.089290,0.014000,0.1,0.1,0.1
0.780494,0.007441,0.397307,0.1,0.1,0.1
0.533582,-0.453197,0.784615,0.1,0.1,0.1
0.638507,-0.528820,0.010000,0.1,0.1,0.1
0.427022,0.137873,0.014000,0.1,0.1,0.1
0.324920,-0.020241,0.146315,0.1,0.1,0.1
0.836231,-0.003920,0.774615,0.1,0.1,0.1
0.490241,-0.419334,0.590926,0.1,0.1,0.1
0.413007,0.382806,0.247186,0.1,0.1,0.1
0.845896,-0.219549,0.475583,0.1,0.1,0.1
0.656504,-0.223691,0.401307,0.1,0.1,0.1
0.474665,-0.477595,0.693924,0.1,0.1,0.1
0.721974,0.447444,0.498703,0.1,0.1,0.1
0.919395,0.089159,0.784615,0.1,0.1,0.1
0.659907,-0.217127,0.397307,0.1,0.1,0.1
0.548636,-0.233717,0.010000,0.1,0.1,0.1
0.656398,-0.625854,0.407753,0.1,0.1,0.1
0.410506,-0.555974,0.251058,0.1,0.1,0.1
0.651380,0.474893,0.036304,0.1,0.1,0.1
0.753267,-0.394404,0.000000,0.1,0.1,0.1
0.588883,-0.065347,0.104715,0.1,0.1,0.1
0.838355,0.126929,0.000000,0.1,0.1,0.1
0.880590,-0.215391,0.245301,0.1,0.1,0.1
0.826073,0.393651,0.000000,0.1,0.1,0.1
0.653241,-0.625009,0.396542,0.1,0.1,0.1
0.541210,-0.501710,0.387307,0.1,0.1,0.1
0.696196,0.351025,0.773575,0.1,0.1,0.1
0.649597,0.079161,0.337765,0.1,0.1,0.1
0.855267,-0.310113,0.199702,0.1,0.1,0.1
0.609707,-0.070047,0.308864,0.1,0.1,0.1
0.476391,-0.399906,0.397307,0.1,0.1,0.1
0.249991,-0.236872,0.010000,0.1,0.1,0.1
0.782280,0.454389,0.698497,0.1,0.1,0.1
0.601630,-0.064614,0.277669,0.1,0.1,0.1
0.888968,-0.058441,0.459294,0.1,0.1,0.1
0.539395,-0.047976,0.093043,0.1,0.1,0.1
0.977968,0.402072,0.470781,0.1,0.1,0.1
0.712103,-0.168566,0.397307,0.1,0.1,0.1
0.411998,-0.238863,0.010000,0.1,0.1,0.1
0.485447,-0.534833,0.276284,0.1,0.1,0.1
1.021135,0.310306,0.336078,0.1,0.1,0.1
0.560111,0.503434,0.137441,0.1,0.1,0.1
0.392850,-0.555394,0.298870,0.1,0.1,0.1
0.580654,-0.060317,0.010000,0.1,0.1,0.1
0.870397,-0.214801,0.299301,0.1,0.1,0.1
0.954639,0.100300,0.665552,0.1,0.1,0.1
1.035849,0.365344,0.002679,0.1,0.1,0.1
0.901683,-0.136497,0.112815,0.1,0.1,0.1
0.605015,-0.103083,0.128940,0.1,0.1,0.1
0.268962,-0.450792,0.014000,0.1,0.1,0.1
0.588377,-0.607668,0.480668,0.1,0.1,0.1
0.433298,-0.019611,0.106596,0.1,0.1,0.1
0.450915,0.524597,0.242068,0.1,0.1,0.1
0.836460,-0.063129,0.010000,0.1,0.1,0.1
0.500017,-0.041589,0.266526,0.1,0.1,0.1
0.790882,0.452089,0.151305,0.1,0.1,0.1
0.433936,0.461088,0.098928,0.1,0.1,0.1
0.836673,0.439847,0.750346,0.1,0.1,0.1
0.818151,0.397864,0.397307,0.1,0.1,0.1
0.372480,0.231216,0.147950,0.1,0.1,0.1
0.760799,-0.653765,0.480317,0.1,0.1,0.1
0.498805,-0.579581,0.704377,0.1,0.1,0.1
0.318288,-0.531320,0.102390,0.1,0.1,0.1
0.776120,-0.100912,0.339733,0.1,0.1,0.1
0.898244,-0.008257,0.743968,0.1,0.1,0.1
0.591433,-0.153885,0.142719,0.1,0.1,0.1
0.522612,-0.033138,0.316913,0.1,0.1,0.1
0.447855,0.439587,0.049468,0.1,0.1,0.1
0.724790,0.120394,0.397307,0.1,0.1,0.1
0.805245,-0.458496,0.023480,0.1,0.1,0.1
0.674758,0.270837,0.645486,0.1,0.1,0.1
0.959721,0.362523,0.010000,0.1,0.1,0.1
0.765189,-0.554370,0.387307,0.1,0.1,0.1
0.565411,0.186251,0.014000,0.1,0.1,0.1
0.471231,-0.054026,0.014000,0.1,0.1,0.1
0.543066,-0.148185,0.636394,0.1,0.1,0.1
0.538651,-0.335826,0.264324,0.1,0.1,0.1
0.807523,-0.450879,0.397307,0.1,0.1,0.1
0.776544,-0.478957,0.462315,0.1,0.1,0.1
0.384440,0.140940,0.014000,0.1,0.1,0.1
0.828040,-0.125144,0.072120,0.1,0.1,0.1
0.355415,-0.002929,0.257420,0.1,0.1,0.1
0.816835,-0.122149,0.219116,0.1,0.1,0.1
0.751320,0.082866,0.397307,0.1,0.1,0.1
0.512287,-0.434439,0.091465,0.1,0.1,0.1
0.571916,-0.226887,0.314589,0.1,0.1,0.1
0.603454,-0.054751,0.114199,0.1,0.1,0.1
0.646782,0.053145,0.238158,0.1,0.1,0.1
0.274921,-0.207259,0.165000,0.1,0.1,0.1
0.454239,0.463468,0.214238,0.1,0.1,0.1
0.777948,-0.560599,0.479274,0.1,0.1,0.1
0.931882,0.414393,0.163616,0.1,0.1,0.1
0.652677,0.141517,0.401307,0.1,0.1,0.1
0.787784,-0.114078,0.010000,0.1,0.1,0.1
0.624870,0.084234,0.613793,0.1,0.1,0.1
0.730813,-0.656099,0.216000,0.1,0.1,0.1
0.608477,0.490504,0.277775,0.1,0.1,0.1
0.486375,-0.037941,0.150216,0.1,0.1,0.1
0.767905,-0.496591,0.387307,0.1,0.1,0.1
0.863585,0.432652,0.528518,0.1,0.1,0.1
0.829002,-0.229588,0.401307,0.1,0.1,0.1
0.822501,0.433285,0.627964,0.1,0.1,0.1
0.368042,0.214619,0.063129,0.1,0.1,0.1
0.193283,-0.439056,0.078801,0.1,0.1,0.1
0.606378,-0.065884,0.084348,0.1,0.1,0.1
0.688046,0.222976,0.253429,0.1,0.1,0.1
0.604537,-0.264382,0.000000,0.1,0.1,0.1
1.023156,0.379640,0.325479,0.1,0.1,0.1
0.616555,0.107686,0.010000,0.1,0.1,0.1
1.019806,0.305334,0.358322,0.1,0.1,0.1
0.895389,-0.121319,0.688784,0.1,0.1,0.1
0.738258,0.451666,0.417177,0.1,0.1,0.1
0.240621,-0.407562,0.010000,0.1,0.1,0.1
0.400669,-0.000536,0.247451,0.1,0.1,0.1
0.465807,0.130518,0.010000,0.1,0.1,0.1
0.352431,0.002009,0.232988,0.1,0.1,0.1
0.783397,-0.319909,0.010000,0.1,0.1,0.1
0.294826,-0.216814,0.010000,0.1,0.1,0.1
0.776051,-0.567696,0.021813,0.1,0.1,0.1
0.956359,0.262664,0.397307,0.1,0.1,0.1
0.783414,-0.273899,0.397307,0.1,0.1,0.1
0.359718,0.109917,0.327226,0.1,0.1,0.1
0.768997,0.447589,0.516042,0.1,0.1,0.1
0.947391,0.034474,0.435298,0.1,0.1,0.1
0.978995,0.278299,0.547759,0.1,0.1,0.1
0.408618,-0.380002,0.010000,0.1,0.1,0.1
0.822004,0.443769,0.361703,0.1,0.1,0.1
0.676462,-0.627077,0.584120,0.1,0.1,0.1
1.004113,0.372251,0.753342,0.1,0.1,0.1
0.793386,-0.391638,0.387307,0.1,0.1,0.1
0.571843,-0.042159,0.385995,0.1,0.1,0.1
0.261021,-0.516009,0.068612,0.1,0.1,0.1
0.645176,0.047135,0.153688,0.1,0.1,0.1
0.784990,0.247256,0.010000,0.1,0.1,0.1
0.842087,-0.208588,0.784615,0.1,0.1,0.1
0.379495,0.257458,0.057594,0.1,0.1,0.1
0.450171,-0.028262,0.273507,0.1,0.1,0.1
0.507405,-0.281571,0.413471,0.1,0.1,0.1
0.314515,-0.122648,0.010000,0.1,0.1,0.1
0.456521,-0.471899,0.477722,0.1,0.1,0.1
0.841815,-0.321709,0.276392,0.1,0.1,0.1
0.317390,0.025155,0.073632,0.1,0.1,0.1
0.995635,0.382857,0.647215,0.1,0.1,0.1
0.831569,-0.360033,0.423188,0.1,0.1,0.1
0.236666,-0.276785,0.101633,0.1,0.1,0.1
0.635844,-0.019431,0.387307,0.1,0.1,0.1
0.584539,-0.606642,0.267915,0.1,0.1,0.1
0.739788,0.401025,0.302121,0.1,0.1,0.1
0.619589,-0.616013,0.734191,0.1,0.1,0.1
0.728939,-0.098650,0.300399,0.1,0.1,0.1
0.733478,0.377422,0.275588,0.1,0.1,0.1
0.796882,0.040214,0.401307,0.1,0.1,0.1
0.857249,-0.122602,0.358148,0.1,0.1,0.1
0.542978,-0.148514,0.563440,0.1,0.1,0.1
0.319257,-0.483057,0.010000,0.1,0.1,0.1
0.805430,0.285432,0.387307,0.1,0.1,0.1
0.714452,-0.397662,0.000000,0.1,0.1,0.1
0.329408,-0.003456,0.279431,0.1,0.1,0.1
0.487671,0.518661,0.127699,0.1,0.1,0.1
0.987915,0.327150,0.557636,0.1,0.1,0.1
0.659956,0.289038,0.539024,0.1,0.1,0.1
0.955188,0.393670,0.447997,0.1,0.1,0.1
0.933181,0.239871,0.010000,0.1,0.1,0.1
0.500810,-0.379804,0.473229,0.1,0.1,0.1
0.740808,0.222553,0.010000,0.1,0.1,0.1
0.865375,0.432174,0.556367,0.1,0.1,0.1
0.581469,-0.175668,0.230928,0.1,0.1,0.1
0.611411,0.107455,0.520644,0.1,0.1,0.1
0.640464,0.044999,0.223986,0.1,0.1,0.1
0.448036,-0.566008,0.275183,0.1,0.1,0.1
0.980493,0.283903,0.590843,0.1,0.1,0.1
0.568434,-0.053298,0.612538,0.1,0.1,0.1
0.820479,-0.112772,0.276765,0.1,0.1,0.1
0.232971,-0.364170,0.297244,0.1,0.1,0.1
0.516388,-0.598773,0.581231,0.1,0.1,0.1
0.390482,-0.550621,0.180865,0.1,0.1,0.1
0.472176,-0.586953,0.091895,0.1,0.1,0.1
0.448889,-0.009287,0.083749,0.1,0.1,0.1
0.641095,0.144923,0.454992,0.1,0.1,0.1
0.488519,0.229190,0.014000,0.1,0.1,0.1
0.828729,-0.139146,0.397307,0.1,0.1,0.1
0.578943,-0.605146,0.511546,0.1,0.1,0.1
0.932862,0.121227,0.401120,0.1,0.1,0.1
0.744286,-0.102753,0.063720,0.1,0.1,0.1
0.899724,-0.018210,0.608478,0.1,0.1,0.1
0.661472,-0.103765,0.397307,0.1,0.1,0.1
0.563899,-0.451855,0.000000,0.1,0.1,0.1
0.794250,-0.499624,0.018989,0.1,0.1,0.1
0.934040,0.413816,0.751916,0.1,0.1,0.1
0.785415,0.063299,0.784615,0.1,0.1,0.1
0.789031,-0.141944,0.000000,0.1,0.1,0.1
0.896338,0.028200,0.387307,0.1,0.1,0.1
0.343121,0.047836,0.141177,0.1,0.1,0.1
0.980668,0.386859,0.754203,0.1,0.1,0.1
0.937576,0.382325,0.397307,0.1,0.1,0.1
0.845483,-0.277343,0.784615,0.1,0.1,0.1
0.345155,-0.000186,0.379864,0.1,0.1,0.1
0.850079,-0.188415,0.589097,0.1,0.1,0.1
0.813724,-0.057729,0.010000,0.1,0.1,0.1
0.802196,-0.383005,0.664448,0.1,0.1,0.1
0.930736,-0.027824,0.647446,0.1,0.1,0.1
0.494717,-0.589490,0.000000,0.1,0.1,0.1
0.957922,0.149552,0.000000,0.1,0.1,0.1
1.016315,0.381469,0.537181,0.1,0.1,0.1
0.951797,0.176565,0.440519,0.1,0.1,0.1
0.278020,-0.520554,0.215874,0.1,0.1,0.1
0.514395,-0.480148,0.387307,0.1,0.1,0.1
0.765459,-0.505906,0.784615,0.1,0.1,0.1
0.530880,-0.275463,0.397307,0.1,0.1,0.1
0.465504,0.024716,0.010000,0.1,0.1,0.1
0.609667,0.100933,0.440932,0.1,0.1,0.1
0.865036,-0.234852,0.348229,0.1,0.1,0.1
0.585129,-0.177465,0.016993,0.1,0.1,0.1
0.716343,-0.247283,0.397307,0.1,0.1,0.1
0.616641,-0.058276,0.199172,0.1,0.1,0.1
0.296276,-0.529575,0.277515,0.1,0.1,0.1
0.393700,0.005467,0.327141,0.1,0.1,0.1
0.834003,0.426069,0.747756,0.1,0.1,0.1
0.504343,-0.464154,0.235841,0.1,0.1,0.1
0.722246,-0.643458,0.641695,0.1,0.1,0.1
0.881582,-0.129108,0.253462,0.1,0.1,0.1
0.576007,-0.506185,0.000000,0.1,0.1,0.1
0.268294,-0.232049,0.334253,0.1,0.1,0.1
0.596054,0.469620,0.014000,0.1,0.1,0.1
0.753553,-0.179556,0.397307,0.1,0.1,0.1
0.734269,-0.475231,0.401307,0.1,0.1,0.1
0.823777,-0.286796,0.569035,0.1,0.1,0.1
0.201673,-0.481238,0.020457,0.1,0.1,0.1
0.611601,-0.052788,0.030480,0.1,0.1,0.1
0.550522,-0.593407,0.611281,0.1,0.1,0.1
0.614262,0.118122,0.688856,0.1,0.1,0.1
0.418969,0.331544,0.143443,0.1,0.1,0.1
0.917683,0.407838,0.445962,0.1,0.1,0.1
0.836219,-0.240257,0.706529,0.1,0.1,0.1
0.458842,-0.026440,0.083769,0.1,0.1,0.1
0.764801,0.064378,0.401307,0.1,0.1,0.1
0.686170,0.465592,0.373340,0.1,0.1,0.1
0.577464,-0.093083,0.655253,0.1,0.1,0.1
0.604442,-0.607823,0.631026,0.1,0.1,0.1
0.553244,-0.055819,0.252675,0.1,0.1,0.1
0.318092,-0.502370,0.010000,0.1,0.1,0.1
0.754234,-0.552160,0.784615,0.1,0.1,0.1
0.703443,0.279791,0.010000,0.1,0.1,0.1
0.217527,-0.421937,0.221600,0.1,0.1,0.1
0.860952,0.418864,0.417093,0.1,0.1,0.1
0.878679,-0.183823,0.490605,0.1,0.1,0.1
0.663874,0.230128,0.734969,0.1,0.1,0.1
0.744297,0.417893,0.031702,0.1,0.1,0.1
0.756644,-0.640286,0.368513,0.1,0.1,0.1
0.630593,0.128187,0.010000,0.1,0.1,0.1
0.969920,0.157458,0.195283,0.1,0.1,0.1
0.253721,-0.286555,0.215159,0.1,0.1,0.1
0.700877,-0.637745,0.507643,0.1,0.1,0.1
0.956749,0.195089,0.521981,0.1,0.1,0.1
0.625947,-0.617712,0.431774,0.1,0.1,0.1
0.990867,0.235811,0.145295,0.1,0.1,0.1
0.962394,0.129308,0.675457,0.1,0.1,0.1
0.808399,0.432914,0.475550,0.1,0.1,0.1
0.983065,0.206627,0.240941,0.1,0.1,0.1
0.923887,-0.053444,0.065425,0.1,0.1,0.1
0.794113,-0.397752,0.754342,0.1,0.1,0.1
0.665102,0.471225,0.165321,0.1,0.1,0.1
0.746536,0.449453,0.055146,0.1,0.1,0.1
1.001220,0.274535,0.681141,0.1,0.1,0.1
0.454981,0.466241,0.210588,0.1,0.1,0.1
0.911040,0.024117,0.651252,0.1,0.1,0.1
0.725588,0.459194,0.155306,0.1,0.1,0.1
0.681750,0.245493,0.010000,0.1,0.1,0.1
0.354731,0.164828,0.330823,0.1,0.1,0.1
0.918706,0.311915,0.000000,0.1,0.1,0.1
0.818837,-0.320761,0.419424,0.1,0.1,0.1
0.698893,-0.347726,0.387307,0.1,0.1,0.1
0.683511,0.200928,0.397307,0.1,0.1,0.1
0.839628,-0.242996,0.487933,0.1,0.1,0.1
0.998323,0.382138,0.657773,0.1,0.1,0.1
0.986511,0.389437,0.704803,0.1,0.1,0.1
0.646181,-0.068389,0.387307,0.1,0.1,0.1
0.573563,-0.599567,0.431274,0.1,0.1,0.1
0.770284,-0.099352,0.376543,0.1,0.1,0.1
0.651590,0.071128,0.201626,0.1,0.1,0.1
0.783392,0.297270,0.000000,0.1,0.1,0.1
0.474545,-0.575609,0.187449,0.1,0.1,0.1
0.745803,-0.558917,0.401307,0.1,0.1,0.1
0.493821,-0.174510,0.010000,0.1,0.1,0.1
1.029895,0.343072,0.098724,0.1,0.1,0.1
0.692934,0.225773,0.374298,0.1,0.1,0.1
0.902053,0.412017,0.414272,0.1,0.1,0.1
0.372247,-0.479213,0.010000,0.1,0.1,0.1
0.507064,-0.063556,0.014000,0.1,0.1,0.1
0.783154,-0.299334,0.397307,0.1,0.1,0.1
0.682550,0.186933,0.114358,0.1,0.1,0.1
0.848330,-0.130569,0.348027,0.1,0.1,0.1
0.709928,-0.563521,0.784615,0.1,0.1,0.1
0.773934,-0.575615,0.710063,0.1,0.1,0.1
0.658665,0.030765,0.010000,0.1,0.1,0.1
0.587096,0.224877,0.014000,0.1,0.1,0.1
0.704223,0.267997,0.377545,0.1,0.1,0.1
0.836446,0.425416,0.608643,0.1,0.1,0.1
0.329509,0.070488,0.083456,0.1,0.1,0.1
0.693901,0.283811,0.010000,0.1,0.1,0.1
0.572272,-0.599222,0.434842,0.1,0.1,0.1
0.495055,-0.294563,0.010000,0.1,0.1,0.1
0.369522,-0.105244,0.010000,0.1,0.1,0.1
0.317211,-0.163435,0.014000,0.1,0.1,0.1
0.338634,0.093535,0.387307,0.1,0.1,0.1
1.017460,0.335278,0.689966,0.1,0.1,0.1
0.736020,0.386934,0.297108,0.1,0.1,0.1
0.943180,0.018722,0.283946,0.1,0.1,0.1
0.482603,-0.579390,0.701188,0.1,0.1,0.1
1.005361,0.341790,0.000000,0.1,0.1,0.1
1.000778,0.234165,0.464700,0.1,0.1,0.1
0.792517,-0.119070,0.397307,0.1,0.1,0.1
0.846240,-0.305156,0.465894,0.1,0.1,0.1
0.874294,0.133921,0.387307,0.1,0.1,0.1
1.039746,0.379921,0.683465,0.1,0.1,0.1
0.412853,0.382228,0.036541,0.1,0.1,0.1
0.864712,0.422000,0.523647,0.1,0.1,0.1
0.764809,0.448708,0.359237,0.1,0.1,0.1
0.690403,-0.630804,0.668162,0.1,0.1,0.1
0.570216,-0.188475,0.401307,0.1,0.1,0.1
0.671446,0.332015,0.713023,0.1,0.1,0.1
0.808118,-0.447751,0.508436,0.1,0.1,0.1
0.625685,-0.617642,0.087666,0.1,0.1,0.1
0.880239,-0.093559,0.774615,0.1,0.1,0.1
0.939291,0.004176,0.211315,0.1,0.1,0.1
0.502277,-0.471882,0.296102,0.1,0.1,0.1
0.441340,0.442383,0.387307,0.1,0.1,0.1
0.488337,-0.478371,0.774615,0.1,0.1,0.1
0.804432,0.438115,0.719024,0.1,0.1,0.1
0.738224,-0.622288,0.426425,0.1,0.1,0.1
0.663536,-0.555800,0.000000,0.1,0.1,0.1
0.586134,-0.617420,0.386434,0.1,0.1,0.1
0.946048,0.410606,0.399740,0.1,0.1,0.1
0.652800,0.075655,0.339770,0.1,0.1,0.1
0.627489,-0.061176,0.170179,0.1,0.1,0.1
0.913302,0.409009,0.557387,0.1,0.1,0.1
0.895080,-0.014146,0.397307,0.1,0.1,0.1
0.937612,-0.002107,0.263405,0.1,0.1,0.1
0.319706,-0.039746,0.119330,0.1,0.1,0.1
0.581598,-0.044767,0.372775,0.1,0.1,0.1
0.716686,0.457434,0.303382,0.1,0.1,0.1
0.709490,0.400750,0.754219,0.1,0.1,0.1
0.394057,0.311926,0.200134,0.1,0.1,0.1
0.838320,-0.334781,0.316615,0.1,0.1,0.1
0.856125,0.424295,0.512039,0.1,0.1,0.1
0.864215,-0.124465,0.043400,0.1,0.1,0.1
0.731233,-0.235510,0.010000,0.1,0.1,0.1
0.560806,-0.252957,0.354103,0.1,0.1,0.1
0.308001,-0.009962,0.260231,0.1,0.1,0.1
0.645420,0.041172,0.397307,0.1,0.1,0.1
0.857406,-0.154113,0.784615,0.1,0.1,0.1
0.530690,-0.592246,0.665964,0.1,0.1,0.1
0.958814,0.375884,0.784615,0.1,0.1,0.1
0.657151,0.107415,0.063104,0.1,0.1,0.1
0.614595,0.045803,0.453628,0.1,0.1,0.1
0.899419,0.127334,0.010000,0.1,0.1,0.1
0.757939,-0.635440,0.482536,0.1,0.1,0.1
0.438494,-0.567597,0.070596,0.1,0.1,0.1
0.863996,0.432542,0.047445,0.1,0.1,0.1
0.716859,0.078230,0.401307,0.1,0.1,0.1
0.781533,-0.585907,0.444270,0.1,0.1,0.1
0.835509,0.057197,0.010000,0.1,0.1,0.1
0.876667,-0.104452,0.525868,0.1,0.1,0.1
0.861723,0.422799,0.287360,0.1,0.1,0.1
0.837729,0.395514,0.784615,0.1,0.1,0.1
0.566908,-0.245619,0.314711,0.1,0.1,0.1
0.825463,-0.421590,0.465251,0.1,0.1,0.1
0.701876,0.445836,0.692607,0.1,0.1,0.1
0.274090,-0.136805,0.039576,0.1,0.1,0.1
0.894923,0.137016,0.784615,0.1,0.1,0.1
0.516562,0.428985,0.014000,0.1,0.1,0.1
0.561213,-0.153871,0.464510,0.1,0.1,0.1
0.795112,-0.496397,0.388888,0.1,0.1,0.1
0.878606,-0.222814,0.004356,0.1,0.1,0.1
0.788736,-0.520249,0.099362,0.1,0.1,0.1
0.979292,0.153796,0.728908,0.1,0.1,0.1
0.436628,-0.295212,0.010000,0.1,0.1,0.1
0.637666,-0.616705,0.472580,0.1,0.1,0.1
0.408445,0.365742,0.360352,0.1,0.1,0.1
0.682060,0.185098,0.129537,0.1,0.1,0.1
0.491735,-0.486615,0.010000,0.1,0.1,0.1
0.739880,0.465725,0.764804,0.1,0.1,0.1
0.505347,-0.595822,0.768660,0.1,0.1,0.1
0.573234,0.057940,0.014000,0.1,0.1,0.1
0.569555,-0.122666,0.592658,0.1,0.1,0.1
0.872607,0.328902,0.000000,0.1,0.1,0.1
0.542425,-0.321711,0.267943,0.1,0.1,0.1
0.549951,0.502010,0.341590,0.1,0.1,0.1
0.387141,-0.011411,0.237996,0.1,0.1,0.1
0.732372,-0.624117,0.401307,0.1,0.1,0.1
0.911152,0.249278,0.401307,0.1,0.1,0.1
0.503605,-0.585005,0.016250,0.1,0.1,0.1
0.485212,-0.536358,0.784615,0.1,0.1,0.1
0.428991,0.442594,0.368870,0.1,0.1,0.1
0.336215,0.006344,0.223534,0.1,0.1,0.1
0.720912,0.345909,0.161651,0.1,0.1,0.1
0.873023,-0.243697,0.499683,0.1,0.1,0.1
0.613857,0.043043,0.001513,0.1,0.1,0.1
0.710866,-0.291239,0.397307,0.1,0.1,0.1
0.445717,-0.008439,0.264548,0.1,0.1,0.1
0.968341,0.112833,0.643950,0.1,0.1,0.1
0.485487,-0.590512,0.710638,0.1,0.1,0.1
0.780090,-0.190130,0.000000,0.1,0.1,0.1
0.799696,-0.517971,0.520447,0.1,0.1,0.1
0.867765,0.180759,0.397307,0.1,0.1,0.1
0.529395,0.507506,0.168692,0.1,0.1,0.1
0.822358,0.433323,0.390203,0.1,0.1,0.1
0.207132,-0.387254,0.370621,0.1,0.1,0.1
0.411793,-0.486811,0.014000,0.1,0.1,0.1
0.283553,-0.498319,0.014000,0.1,0.1,0.1
0.922562,-0.019680,0.501958,0.1,0.1,0.1
0.675270,-0.129051,0.401307,0.1,0.1,0.1
0.869895,-0.095412,0.397307,0.1,0.1,0.1
0.741306,0.454992,0.350992,0.1,0.1,0.1
0.703452,0.334490,0.401307,0.1,0.1,0.1
0.517248,-0.415881,0.163747,0.1,0.1,0.1
0.909597,0.269054,0.010000,0.1,0.1,0.1
0.848615,-0.296275,0.449836,0.1,0.1,0.1
0.966240,0.394856,0.397036,0.1,0.1,0.1
0.665177,0.216273,0.784615,0.1,0.1,0.1
0.511314,-0.025976,0.187394,0.1,0.1,0.1
0.508219,-0.410409,0.010000,0.1,0.1,0.1
0.736957,-0.090443,0.197876,0.1,0.1,0.1
0.629555,0.480728,0.336606,0.1,0.1,0.1
0.991179,0.198257,0.595316,0.1,0.1,0.1
0.226062,-0.316448,0.155159,0.1,0.1,0.1
0.752967,-0.567145,0.673232,0.1,0.1,0.1
0.897055,-0.153806,0.430994,0.1,0.1,0.1
0.606923,-0.294553,0.387307,0.1,0.1,0.1
0.843334,-0.316028,0.525025,0.1,0.1,0.1
0.645454,0.161228,0.767884,0.1,0.1,0.1
0.704684,0.456339,0.511367,0.1,0.1,0.1
0.602946,-0.621914,0.049982,0.1,0.1,0.1
0.955559,0.065024,0.318851,0.1,0.1,0.1
0.569840,-0.176593,0.000000,0.1,0.1,0.1
0.821818,-0.435226,0.702937,0.1,0.1,0.1
0.860810,-0.255294,0.000000,0.1,0.1,0.1
0.978402,0.150466,0.663756,0.1,0.1,0.1
0.391575,0.229076,0.163365,0.1,0.1,0.1
0.659018,-0.297251,0.784615,0.1,0.1,0.1
0.684083,0.379282,0.721355,0.1,0.1,0.1
1.017095,0.333912,0.166418,0.1,0.1,0.1
0.671174,0.020041,0.774615,0.1,0.1,0.1
0.802126,-0.383269,0.727052,0.1,0.1,0.1
0.493723,0.517043,0.280956,0.1,0.1,0.1
0.572849,-0.223399,0.093177,0.1,0.1,0.1
0.652139,-0.034860,0.010000,0.1,0.1,0.1
0.674011,0.341607,0.656374,0.1,0.1,0.1
0.765251,-0.608090,0.206809,0.1,0.1,0.1
0.239302,-0.514343,0.106005,0.1,0.1,0.1
0.410943,-0.017775,0.370656,0.1,0.1,0.1
0.495140,-0.448546,0.397307,0.1,0.1,0.1
0.897293,0.409149,0.751954,0.1,0.1,0.1
0.518817,-0.599423,0.396735,0.1,0.1,0.1
0.902166,0.246502,0.401307,0.1,0.1,0.1
0.732338,0.112010,0.010000,0.1,0.1,0.1
0.452037,-0.567077,0.740261,0.1,0.1,0.1
0.859741,-0.123269,0.370871,0.1,0.1,0.1
0.404074,0.058931,0.010000,0.1,0.1,0.1
0.758221,-0.653076,0.522105,0.1,0.1,0.1
0.527287,-0.048879,0.209021,0.1,0.1,0.1
0.772307,-0.329664,0.397307,0.1,0.1,0.1
1.039570,0.385603,0.422216,0.1,0.1,0.1
0.575188,-0.614493,0.650117,0.1,0.1,0.1
0.995250,0.271302,0.774615,0.1,0.1,0.1
0.418981,0.331588,0.232095,0.1,0.1,0.1
1.031244,0.386836,0.105043,0.1,0.1,0.1
0.842010,0.423929,0.495389,0.1,0.1,0.1
0.412470,-0.018183,0.251414,0.1,0.1,0.1
0.857035,-0.178842,0.774615,0.1,0.1,0.1
0.531930,-0.554000,0.010000,0.1,0.1,0.1
0.637449,-0.620788,0.287174,0.1,0.1,0.1
0.469278,-0.033371,0.240642,0.1,0.1,0.1
0.893376,-0.167566,0.177002,0.1,0.1,0.1
0.810835,-0.110194,0.159819,0.1,0.1,0.1
0.449847,-0.496861,0.475855,0.1,0.1,0.1
0.213117,-0.507343,0.180720,0.1,0.1,0.1
0.658395,-0.626387,0.275484,0.1,0.1,0.1
0.404587,0.351313,0.289600,0.1,0.1,0.1
0.788614,-0.520703,0.262427,0.1,0.1,0.1
0.463759,-0.013263,0.067054,0.1,0.1,0.1
0.543516,-0.317628,0.060485,0.1,0.1,0.1
0.919243,-0.070814,0.171566,0.1,0.1,0.1
0.954845,0.370603,0.000000,0.1,0.1,0.1
0.643600,0.476973,0.238789,0.1,0.1,0.1
0.528036,-0.587396,0.629153,0.1,0.1,0.1
0.548536,0.191769,0.010000,0.1,0.1,0.1
0.715851,-0.095151,0.201226,0.1,0.1,0.1
0.639869,-0.617294,0.716827,0.1,0.1,0.1
0.455976,-0.572271,0.325175,0.1,0.1,0.1
0.889298,0.313780,0.397307,0.1,0.1,0.1
0.682698,-0.193901,0.000000,0.1,0.1,0.1
0.770762,-0.626198,0.294409,0.1,0.1,0.1
0.596726,-0.426642,0.397307,0.1,0.1,0.1
0.478698,-0.575564,0.327586,0.1,0.1,0.1
0.243183,-0.511241,0.051705,0.1,0.1,0.1
0.323196,-0.431351,0.014000,0.1,0.1,0.1
0.718580,0.321701,0.200041,0.1,0.1,0.1
0.645693,0.235686,0.671043,0.1,0.1,0.1
0.862084,-0.156825,0.774615,0.1,0.1,0.1
0.748364,-0.584363,0.709545,0.1,0.1,0.1
0.693415,-0.078802,0.231008,0.1,0.1,0.1
0.608803,-0.088668,0.397307,0.1,0.1,0.1
0.286528,-0.090281,0.370906,0.1,0.1,0.1
0.498078,0.515878,0.172567,0.1,0.1,0.1
0.405130,0.253116,0.014000,0.1,0.1,0.1
0.192864,-0.440624,0.049380,0.1,0.1,0.1
0.693184,-0.078740,0.371062,0.1,0.1,0.1
0.719085,0.036253,0.784615,0.1,0.1,0.1
0.902894,0.422143,0.612886,0.1,0.1,0.1
0.930099,0.291267,0.397307,0.1,0.1,0.1
0.503712,-0.368950,0.422896,0.1,0.1,0.1
0.448270,-0.576325,0.476302,0.1,0.1,0.1
0.257727,-0.519269,0.285271,0.1,0.1,0.1
0.508055,-0.392566,0.014000,0.1,0.1,0.1
0.657410,0.279512,0.470103,0.1,0.1,0.1
0.259633,-0.515638,0.232904,0.1,0.1,0.1
0.806924,-0.349835,0.615813,0.1,0.1,0.1
0.555030,0.107086,0.010000,0.1,0.1,0.1
0.885272,-0.197879,0.117062,0.1,0.1,0.1
0.771959,0.296544,0.397307,0.1,0.1,0.1
0.544883,-0.248477,0.397307,0.1,0.1,0.1
0.449981,-0.570668,0.305046,0.1,0.1,0.1
0.540557,-0.344185,0.313444,0.1,0.1,0.1
0.918640,0.181671,0.387307,0.1,0.1,0.1
0.713316,0.398334,0.397307,0.1,0.1,0.1
0.998939,0.266004,0.578244,0.1,0.1,0.1
0.507090,-0.469364,0.160001,0.1,0.1,0.1
0.744504,-0.598798,0.479588,0.1,0.1,0.1
0.420225,-0.016116,0.282464,0.1,0.1,0.1
0.825783,0.432407,0.597900,0.1,0.1,0.1
0.784936,-0.573181,0.610492,0.1,0.1,0.1
0.396654,0.168154,0.014000,0.1,0.1,0.1
0.476093,-0.485619,0.000000,0.1,0.1,0.1
0.494065,0.521092,0.022066,0.1,0.1,0.1
0.684188,0.208545,0.188309,0.1,0.1,0.1
0.814593,-0.329362,0.000000,0.1,0.1,0.1
0.918782,0.407544,0.749346,0.1,0.1,0.1
0.615191,-0.073352,0.784615,0.1,0.1,0.1
0.456951,-0.543853,0.730841,0.1,0.1,0.1
0.428668,0.027472,0.010000,0.1,0.1,0.1
0.995157,0.251856,0.554404,0.1,0.1,0.1
1.000870,0.385598,0.765455,0.1,0.1,0.1
0.902377,0.007200,0.418185,0.1,0.1,0.1
0.617413,-0.105844,0.387307,0.1,0.1,0.1
0.798469,0.439710,0.645603,0.1,0.1,0.1
0.874701,-0.096321,0.741533,0.1,0.1,0.1
0.569062,-0.055907,0.262098,0.1,0.1,0.1
0.705800,-0.082113,0.178280,0.1,0.1,0.1
0.592431,-0.134666,0.156212,0.1,0.1,0.1
0.378386,0.179743,0.158961,0.1,0.1,0.1
0.556829,-0.599234,0.524956,0.1,0.1,0.1
0.668490,0.149827,0.214945,0.1,0.1,0.1
0.735001,0.398608,0.364113,0.1,0.1,0.1
0.988565,0.227200,0.678872,0.1,0.1,0.1
0.566464,-0.582814,0.784615,0.1,0.1,0.1
0.229750,-0.507649,0.031191,0.1,0.1,0.1
0.879838,-0.218205,0.616644,0.1,0.1,0.1
0.528473,-0.462257,0.387307,0.1,0.1,0.1
0.394256,0.312668,0.231788,0.1,0.1,0.1
0.959452,0.079585,0.080358,0.1,0.1,0.1
0.679002,0.173661,0.143626,0.1,0.1,0.1
0.678687,-0.074864,0.270235,0.1,0.1,0.1
0.317992,-0.535381,0.363734,0.1,0.1,0.1
0.436573,-0.210510,0.014000,0.1,0.1,0.1
0.551001,-0.593535,0.400866,0.1,0.1,0.1
0.898709,-0.147620,0.388212,0.1,0.1,0.1
0.699448,-0.442454,0.397307,0.1,0.1,0.1
0.396233,0.000650,0.256283,0.1,0.1,0.1
0.647809,-0.590506,0.397307,0.1,0.1,0.1
0.737496,-0.657886,0.096048,0.1,0.1,0.1
0.786497,-0.567342,0.418005,0.1,0.1,0.1
0.615955,0.484364,0.064628,0.1,0.1,0.1
0.767297,-0.108905,0.103745,0.1,0.1,0.1
0.745031,0.453996,0.260462,0.1,0.1,0.1
0.891856,-0.173253,0.175432,0.1,0.1,0.1
0.875135,-0.197076,0.737627,0.1,0.1,0.1
0.201809,-0.407166,0.310721,0.1,0.1,0.1
0.551743,-0.608225,0.006872,0.1,0.1,0.1
0.307919,-0.010269,0.071770,0.1,0.1,0.1
0.658888,-0.011530,0.397307,0.1,0.1,0.1
0.671395,-0.629863,0.523670,0.1,0.1,0.1
0.685012,0.196141,0.277106,0.1,0.1,0.1
0.980820,0.198228,0.463570,0.1,0.1,0.1
0.558212,-0.108094,0.010000,0.1,0.1,0.1
0.522186,-0.546136,0.010000,0.1,0.1,0.1
0.457122,-0.015629,0.246383,0.1,0.1,0.1
0.723578,0.398760,0.397307,0.1,0.1,0.1
0.772350,0.141973,0.387307,0.1,0.1,0.1
0.939277,0.129734,0.740749,0.1,0.1,0.1
0.992753,0.322141,0.010000,0.1,0.1,0.1
0.542981,-0.605883,0.143899,0.1,0.1,0.1
0.224497,-0.395869,0.170805,0.1,0.1,0.1
0.557413,-0.599390,0.403619,0.1,0.1,0.1
0.296403,-0.126907,0.108908,0.1,0.1,0.1
0.628036,-0.628622,0.030677,0.1,0.1,0.1
1.037358,0.370989,0.409979,0.1,0.1,0.1
0.598703,0.410345,0.010000,0.1,0.1,0.1
0.925744,0.094602,0.426310,0.1,0.1,0.1
0.781927,-0.112816,0.222752,0.1,0.1,0.1
0.736377,-0.613710,0.503950,0.1,0.1,0.1
0.891438,-0.049204,0.711527,0.1,0.1,0.1
0.930344,0.102341,0.010000,0.1,0.1,0.1
0.552273,0.192833,0.010000,0.1,0.1,0.1
0.813709,-0.299305,0.774615,0.1,0.1,0.1
0.541767,-0.591067,0.451399,0.1,0.1,0.1
0.205712,-0.392566,0.034647,0.1,0.1,0.1
0.312721,0.007693,0.220946,0.1,0.1,0.1
0.515159,0.067461,0.014000,0.1,0.1,0.1
0.805737,0.437767,0.721427,0.1,0.1,0.1
0.661067,0.370348,0.014000,0.1,0.1,0.1
0.824873,0.443002,0.717937,0.1,0.1,0.1
1.017987,0.337252,0.547799,0.1,0.1,0.1
0.552770,-0.037060,0.156324,0.1,0.1,0.1
0.744021,0.147354,0.397307,0.1,0.1,0.1
0.481284,-0.022089,0.379651,0.1,0.1,0.1
0.842241,-0.322502,0.774615,0.1,0.1,0.1
0.881994,0.427731,0.035749,0.1,0.1,0.1
0.448097,-0.503408,0.656363,0.1,0.1,0.1
0.661910,-0.080730,0.296640,0.1,0.1,0.1
0.455691,0.531351,0.068784,0.1,0.1,0.1
0.882481,-0.169599,0.328021,0.1,0.1,0.1
0.482347,-0.589672,0.575423,0.1,0.1,0.1
0.463006,-0.521208,0.423605,0.1,0.1,0.1
0.846350,-0.217850,0.419276,0.1,0.1,0.1
0.526798,0.340766,0.010000,0.1,0.1,0.1
0.240233,-0.337006,0.097946,0.1,0.1,0.1
0.893812,-0.024837,0.412342,0.1,0.1,0.1
0.663613,-0.089838,0.010000,0.1,0.1,0.1
0.653139,0.076923,0.096643,0.1,0.1,0.1
0.889801,-0.180940,0.364166,0.1,0.1,0.1
0.509204,-0.274840,0.620852,0.1,0.1,0.1
0.859469,-0.133547,0.307552,0.1,0.1,0.1
0.926080,-0.006520,0.421237,0.1,0.1,0.1
0.256627,-0.275688,0.208719,0.1,0.1,0.1
0.431653,-0.023311,0.020315,0.1,0.1,0.1
0.939452,0.004776,0.633917,0.1,0.1,0.1
0.511269,-0.354418,0.010000,0.1,0.1,0.1
0.451417,-0.564553,0.576210,0.1,0.1,0.1
0.778385,-0.111869,0.155869,0.1,0.1,0.1
0.393135,0.001478,0.175726,0.1,0.1,0.1
0.436572,-0.008807,0.387307,0.1,0.1,0.1
0.452894,-0.010358,0.352068,0.1,0.1,0.1
0.482890,-0.579466,0.601150,0.1,0.1,0.1
0.520100,0.051642,0.014000,0.1,0.1,0.1
0.948711,0.095090,0.000000,0.1,0.1,0.1
0.878261,0.325558,0.401307,0.1,0.1,0.1
0.225041,-0.385797,0.010000,0.1,0.1,0.1
0.580051,-0.605442,0.609592,0.1,0.1,0.1
0.347274,0.063373,0.065186,0.1,0.1,0.1
0.652235,-0.491055,0.397307,0.1,0.1,0.1
0.529027,-0.362153,0.774615,0.1,0.1,0.1
0.566756,-0.059573,0.471968,0.1,0.1,0.1
0.571697,-0.041093,0.629277,0.1,0.1,0.1
0.851948,0.157903,0.000000,0.1,0.1,0.1
0.944411,0.400692,0.485648,0.1,0.1,0.1
0.555020,-0.594610,0.482441,0.1,0.1,0.1
0.622636,0.474666,0.014000,0.1,0.1,0.1
0.360185,0.185230,0.386484,0.1,0.1,0.1
0.731997,0.371885,0.278748,0.1,0.1,0.1
0.577358,-0.043633,0.244322,0.1,0.1,0.1
0.576272,0.499114,0.244328,0.1,0.1,0.1
0.490306,-0.024501,0.089711,0.1,0.1,0.1
0.677788,-0.028341,0.784615,0.1,0.1,0.1
0.492667,-0.410260,0.505804,0.1,0.1,0.1
0.697816,0.462479,0.055119,0.1,0.1,0.1
1.002986,0.383521,0.761616,0.1,0.1,0.1
0.953871,0.276381,0.010000,0.1,0.1,0.1
0.880772,0.413566,0.516681,0.1,0.1,0.1
0.869938,-0.255233,0.563212,0.1,0.1,0.1
0.386463,0.283520,0.107039,0.1,0.1,0.1
0.720624,0.442396,0.640712,0.1,0.1,0.1
0.474756,-0.514542,0.401307,0.1,0.1,0.1
0.871727,0.307928,0.387307,0.1,0.1,0.1
0.734828,0.381157,0.401307,0.1,0.1,0.1
0.838415,0.149536,0.784615,0.1,0.1,0.1
0.738558,0.451586,0.152647,0.1,0.1,0.1
0.419595,0.333883,0.088207,0.1,0.1,0.1
0.894844,0.388237,0.000000,0.1,0.1,0.1
0.325140,0.009305,0.145242,0.1,0.1,0.1
0.799737,-0.517816,0.517841,0.1,0.1,0.1
0.880461,0.428140,0.112323,0.1,0.1,0.1
0.992420,0.344002,0.612767,0.1,0.1,0.1
0.897760,-0.064354,0.774615,0.1,0.1,0.1
0.771019,0.447049,0.297031,0.1,0.1,0.1
0.951581,0.398775,0.473567,0.1,0.1,0.1
0.770452,-0.588344,0.387307,0.1,0.1,0.1
0.702112,0.260101,0.054672,0.1,0.1,0.1
0.823148,-0.304636,0.398124,0.1,0.1,0.1
0.832572,-0.356283,0.633976,0.1,0.1,0.1
0.485820,-0.548926,0.046928,0.1,0.1,0.1
0.533660,0.343288,0.014000,0.1,0.1,0.1
0.396591,0.247838,0.283448,0.1,0.1,0.1
0.405861,-0.012276,0.255584,0.1,0.1,0.1
0.758477,0.261368,0.000000,0.1,0.1,0.1
0.462511,-0.574018,0.364463,0.1,0.1,0.1
0.889519,-0.129266,0.397307,0.1,0.1,0.1
0.393398,-0.547214,0.014000,0.1,0.1,0.1
0.551663,0.501552,0.056321,0.1,0.1,0.1
0.799390,-0.429897,0.397307,0.1,0.1,0.1
0.918054,-0.075262,0.260690,0.1,0.1,0.1
0.630185,0.177681,0.407158,0.1,0.1,0.1
0.657409,-0.441164,0.784615,0.1,0.1,0.1
0.612508,-0.515013,0.397307,0.1,0.1,0.1
0.773294,0.196057,0.397307,0.1,0.1,0.1
0.890365,0.334417,0.000000,0.1,0.1,0.1
0.817596,0.100582,0.397307,0.1,0.1,0.1
0.592657,-0.149308,0.282992,0.1,0.1,0.1
0.639165,0.040141,0.300085,0.1,0.1,0.1
0.511797,0.516351,0.150167,0.1,0.1,0.1
0.608931,-0.072947,0.315580,0.1,0.1,0.1
0.570787,-0.215625,0.082715,0.1,0.1,0.1
0.767998,-0.495434,0.462491,0.1,0.1,0.1
0.694118,0.343014,0.784615,0.1,0.1,0.1
0.497898,-0.036881,0.194486,0.1,0.1,0.1
0.676160,0.276082,0.755962,0.1,0.1,0.1
0.455106,-0.225864,0.014000,0.1,0.1,0.1
0.958374,0.392819,0.628787,0.1,0.1,0.1
0.851066,-0.177993,0.387307,0.1,0.1,0.1
0.696710,0.239897,0.203706,0.1,0.1,0.1
0.575741,-0.057693,0.163329,0.1,0.1,0.1
0.520544,-0.503353,0.000000,0.1,0.1,0.1
0.227059,-0.386286,0.013201,0.1,0.1,0.1
0.566178,-0.248350,0.168824,0.1,0.1,0.1
0.748374,0.433141,0.134946,0.1,0.1,0.1
0.924682,0.405967,0.525597,0.1,0.1,0.1
0.509014,-0.275551,0.412770,0.1,0.1,0.1
0.753023,-0.616267,0.397307,0.1,0.1,0.1
0.737709,-0.657943,0.398295,0.1,0.1,0.1
0.528918,-0.429431,0.010000,0.1,0.1,0.1
0.915643,-0.045562,0.451389,0.1,0.1,0.1
0.331952,0.006062,0.222078,0.1,0.1,0.1
0.937097,0.412999,0.105823,0.1,0.1,0.1
0.615234,0.121755,0.565367,0.1,0.1,0.1
0.922007,0.347650,0.774615,0.1,0.1,0.1
0.869454,0.155618,0.397307,0.1,0.1,0.1
0.644657,-0.622715,0.571728,0.1,0.1,0.1
0.331413,0.017979,0.261348,0.1,0.1,0.1
0.608847,-0.088749,0.209525,0.1,0.1,0.1
0.250394,-0.471927,0.010000,0.1,0.1,0.1
0.913252,0.409022,0.440050,0.1,0.1,0.1
0.357877,-0.546044,0.290240,0.1,0.1,0.1
0.794676,0.441561,0.000000,0.1,0.1,0.1
0.933639,0.172976,0.397307,0.1,0.1,0.1
0.610171,0.490051,0.328263,0.1,0.1,0.1
0.553987,-0.598474,0.764614,0.1,0.1,0.1
0.751248,-0.660470,0.514071,0.1,0.1,0.1
0.799728,-0.479133,0.275131,0.1,0.1,0.1
0.880220,-0.174799,0.010000,0.1,0.1,0.1
0.651211,0.085197,0.232717,0.1,0.1,0.1
0.484181,-0.575671,0.576395,0.1,0.1,0.1
0.423478,-0.423743,0.014000,0.1,0.1,0.1
0.897231,-0.153148,0.483694,0.1,0.1,0.1
0.786913,0.438659,0.428530,0.1,0.1,0.1
0.522449,-0.349060,0.397307,0.1,0.1,0.1
0.994771,0.250414,0.555672,0.1,0.1,0.1
0.914980,-0.048041,0.195163,0.1,0.1,0.1
0.834054,0.440547,0.604864,0.1,0.1,0.1
0.976557,0.284668,0.767121,0.1,0.1,0.1
0.944828,0.188784,0.774615,0.1,0.1,0.1
0.934359,0.403380,0.387294,0.1,0.1,0.1
0.923668,0.232807,0.774615,0.1,0.1,0.1
0.447494,0.438236,0.386756,0.1,0.1,0.1
0.275823,-0.130322,0.184113,0.1,0.1,0.1
0.329745,0.018425,0.291242,0.1,0.1,0.1
0.560746,-0.268669,0.049203,0.1,0.1,0.1
0.797243,-0.488430,0.290579,0.1,0.1,0.1
0.254483,-0.283705,0.307333,0.1,0.1,0.1
0.655269,-0.099265,0.397307,0.1,0.1,0.1
0.859576,0.419232,0.698499,0.1,0.1,0.1
0.540738,-0.484594,0.774615,0.1,0.1,0.1
0.702234,0.373609,0.505000,0.1,0.1,0.1
0.534308,-0.036264,0.047329,0.1,0.1,0.1
0.931255,-0.025883,0.095436,0.1,0.1,0.1
0.531112,-0.364024,0.336341,0.1,0.1,0.1
0.900766,-0.101207,0.474532,0.1,0.1,0.1
0.536201,-0.051262,0.182101,0.1,0.1,0.1
0.536712,-0.358567,0.117739,0.1,0.1,0.1
0.836867,0.060492,0.000000,0.1,0.1,0.1
0.897929,0.413119,0.613763,0.1,0.1,0.1
0.723402,0.452786,0.634890,0.1,0.1,0.1
0.577085,-0.107254,0.010000,0.1,0.1,0.1
0.672111,-0.630054,0.133997,0.1,0.1,0.1
0.573083,-0.490253,0.010000,0.1,0.1,0.1
0.597359,-0.058074,0.774615,0.1,0.1,0.1
0.745960,0.072183,0.401307,0.1,0.1,0.1
0.677236,-0.323207,0.401307,0.1,0.1,0.1
0.550766,-0.597613,0.424469,0.1,0.1,0.1
1.008221,0.369167,0.774615,0.1,0.1,0.1
1.005249,0.289605,0.717954,0.1,0.1,0.1
0.556005,0.504532,0.368478,0.1,0.1,0.1
0.845415,-0.221349,0.586348,0.1,0.1,0.1
0.876088,-0.091130,0.676696,0.1,0.1,0.1
0.626134,-0.024088,0.056048,0.1,0.1,0.1
0.959573,0.221138,0.584296,0.1,0.1,0.1
0.598746,-0.591356,0.397307,0.1,0.1,0.1
0.196719,-0.499768,0.319912,0.1,0.1,0.1
0.617163,-0.058416,0.299543,0.1,0.1,0.1
0.402600,0.343879,0.015271,0.1,0.1,0.1
0.601313,0.204800,0.014000,0.1,0.1,0.1
0.817030,-0.312035,0.561213,0.1,0.1,0.1
0.593737,0.041347,0.737148,0.1,0.1,0.1
0.914461,-0.088700,0.200652,0.1,0.1,0.1
0.600007,-0.064180,0.315839,0.1,0.1,0.1
0.732397,-0.541821,0.774615,0.1,0.1,0.1
0.881417,0.014857,0.774615,0.1,0.1,0.1
0.825930,-0.381127,0.676076,0.1,0.1,0.1
0.551029,-0.305015,0.287224,0.1,0.1,0.1
0.390284,-0.132784,0.010000,0.1,0.1,0.1
0.664646,0.132872,0.774615,0.1,0.1,0.1
0.605114,0.083902,0.527975,0.1,0.1,0.1
0.379795,-0.547764,0.302472,0.1,0.1,0.1
0.462547,-0.569887,0.176668,0.1,0.1,0.1
0.422167,-0.006284,0.304883,0.1,0.1,0.1
0.503256,-0.468219,0.035939,0.1,0.1,0.1
0.843955,0.427549,0.655740,0.1,0.1,0.1
0.654273,-0.625285,0.764596,0.1,0.1,0.1
0.536066,0.447322,0.014000,0.1,0.1,0.1
0.973301,0.392969,0.410625,0.1,0.1,0.1
0.816208,0.434967,0.401410,0.1,0.1,0.1
0.934088,0.403452,0.542620,0.1,0.1,0.1
0.682444,-0.623008,0.397307,0.1,0.1,0.1
0.621733,-0.065931,0.397307,0.1,0.1,0.1
0.384142,-0.548926,0.197455,0.1,0.1,0.1
0.624402,0.156048,0.436965,0.1,0.1,0.1
0.918584,0.067821,0.422430,0.1,0.1,0.1
0.743810,0.416070,0.149603,0.1,0.1,0.1
0.683658,-0.560995,0.387307,0.1,0.1,0.1
0.862480,0.285354,0.397307,0.1,0.1,0.1
0.552838,-0.298248,0.161780,0.1,0.1,0.1
0.694542,-0.079103,0.191082,0.1,0.1,0.1
0.766839,-0.602152,0.579171,0.1,0.1,0.1
0.915094,0.408530,0.043427,0.1,0.1,0.1
0.610978,0.105838,0.423144,0.1,0.1,0.1
0.905998,0.421313,0.544277,0.1,0.1,0.1
0.587647,-0.054996,0.586732,0.1,0.1,0.1
0.490513,-0.581504,0.587395,0.1,0.1,0.1
0.985985,0.304445,0.479007,0.1,0.1,0.1
0.742148,0.454767,0.679007,0.1,0.1,0.1
0.927469,0.405222,0.570733,0.1,0.1,0.1
0.766938,-0.298121,0.397307,0.1,0.1,0.1
0.498539,-0.314733,0.447966,0.1,0.1,0.1
0.627053,-0.618008,0.139106,0.1,0.1,0.1
0.495700,0.169422,0.014000,0.1,0.1,0.1
0.269946,-0.225867,0.381567,0.1,0.1,0.1
1.019333,0.342286,0.616251,0.1,0.1,0.1
0.772030,-0.582737,0.336045,0.1,0.1,0.1
0.729815,-0.090807,0.000000,0.1,0.1,0.1
0.788371,-0.493864,0.010000,0.1,0.1,0.1
0.757139,-0.373429,0.397307,0.1,0.1,0.1
0.584400,0.006425,0.640192,0.1,0.1,0.1
0.417762,-0.310065,0.010000,0.1,0.1,0.1
0.779207,0.421868,0.774615,0.1,0.1,0.1
0.365088,-0.005515,0.330937,0.1,0.1,0.1
0.786902,0.442802,0.678563,0.1,0.1,0.1
0.450615,-0.009749,0.283671,0.1,0.1,0.1
0.380603,0.188035,0.355848,0.1,0.1,0.1
0.616809,-0.615269,0.522799,0.1,0.1,0.1
0.731923,0.371609,0.193923,0.1,0.1,0.1
0.329142,-0.127654,0.010000,0.1,0.1,0.1
0.328711,0.067501,0.348696,0.1,0.1,0.1
0.814232,-0.121453,0.335034,0.1,0.1,0.1
0.600486,0.492640,0.362849,0.1,0.1,0.1
0.760046,0.248258,0.000000,0.1,0.1,0.1
0.675594,0.347528,0.581665,0.1,0.1,0.1
0.320397,-0.037160,0.097506,0.1,0.1,0.1
0.749565,-0.661113,0.760548,0.1,0.1,0.1
0.824841,0.192551,0.397307,0.1,0.1,0.1
0.604039,-0.226043,0.397307,0.1,0.1,0.1
0.647117,0.069882,0.322916,0.1,0.1,0.1
0.295385,-0.057152,0.250148,0.1,0.1,0.1
0.343144,-0.542105,0.328427,0.1,0.1,0.1
0.404764,0.002510,0.313857,0.1,0.1,0.1
0.620044,-0.548312,0.401307,0.1,0.1,0.1
0.466007,-0.509981,0.497980,0.1,0.1,0.1
0.838795,-0.263528,0.784615,0.1,0.1,0.1
0.716114,0.425527,0.683471,0.1,0.1,0.1
0.321694,-0.032309,0.323685,0.1,0.1,0.1
0.749297,0.452856,0.461225,0.1,0.1,0.1
0.583286,0.493098,0.063778,0.1,0.1,0.1
0.490418,0.517926,0.060435,0.1,0.1,0.1
0.568848,-0.238364,0.276816,0.1,0.1,0.1
0.586888,-0.155398,0.347275,0.1,0.1,0.1
0.409919,0.180877,0.014000,0.1,0.1,0.1
0.656487,0.032257,0.000000,0.1,0.1,0.1
0.868755,-0.125679,0.355151,0.1,0.1,0.1
0.853495,-0.316739,0.425251,0.1,0.1,0.1
0.451366,-0.024441,0.223630,0.1,0.1,0.1
0.902412,0.368394,0.397307,0.1,0.1,0.1
0.733083,-0.641518,0.694493,0.1,0.1,0.1
0.621668,-0.381610,0.387307,0.1,0.1,0.1
0.751444,-0.239426,0.401307,0.1,0.1,0.1
0.438528,0.474116,0.387307,0.1,0.1,0.1
0.588081,-0.053373,0.129364,0.1,0.1,0.1
0.814780,0.431208,0.478281,0.1,0.1,0.1
0.755580,-0.146566,0.000000,0.1,0.1,0.1
0.601243,-0.611108,0.088636,0.1,0.1,0.1
0.623822,-0.612497,0.774615,0.1,0.1,0.1
0.669306,0.474241,0.343942,0.1,0.1,0.1
0.833423,0.426224,0.659023,0.1,0.1,0.1
0.391823,-0.555120,0.360522,0.1,0.1,0.1
0.662128,-0.465027,0.774615,0.1,0.1,0.1
0.557605,-0.280419,0.080105,0.1,0.1,0.1
0.596475,-0.052885,0.200353,0.1,0.1,0.1
0.541262,-0.154931,0.698737,0.1,0.1,0.1
0.468766,-0.575690,0.664972,0.1,0.1,0.1
0.322331,0.010056,0.209865,0.1,0.1,0.1
0.771969,-0.621681,0.006224,0.1,0.1,0.1
0.573904,-0.032836,0.695703,0.1,0.1,0.1
0.778386,-0.456577,0.726012,0.1,0.1,0.1
1.033012,0.354732,0.269812,0.1,0.1,0.1
0.237900,-0.272172,0.150535,0.1,0.1,0.1
0.681461,0.093271,0.397307,0.1,0.1,0.1
0.279114,-0.118014,0.083865,0.1,0.1,0.1
0.818967,0.368374,0.784615,0.1,0.1,0.1
0.874497,-0.199464,0.667141,0.1,0.1,0.1
0.341840,0.043048,0.020417,0.1,0.1,0.1
0.305212,-0.020394,0.344749,0.1,0.1,0.1
0.232647,-0.493406,0.014000,0.1,0.1,0.1
0.773335,-0.471938,0.397307,0.1,0.1,0.1
0.497791,-0.317532,0.762839,0.1,0.1,0.1
0.726579,0.464671,0.771362,0.1,0.1,0.1
0.565093,0.272937,0.010000,0.1,0.1,0.1
0.746541,0.463944,0.355743,0.1,0.1,0.1
1.034455,0.386970,0.662361,0.1,0.1,0.1
0.791625,0.451891,0.469861,0.1,0.1,0.1
0.974341,0.341840,0.010000,0.1,0.1,0.1
0.800939,-0.387708,0.720573,0.1,0.1,0.1
0.826603,-0.114409,0.017920,0.1,0.1,0.1
0.590620,-0.608268,0.724052,0.1,0.1,0.1
0.540679,-0.037968,0.319458,0.1,0.1,0.1
0.501358,-0.155578,0.010000,0.1,0.1,0.1
0.990225,0.233409,0.745454,0.1,0.1,0.1
0.762219,-0.517052,0.715314,0.1,0.1,0.1
0.839976,-0.124925,0.401307,0.1,0.1,0.1
0.465747,-0.032426,0.161173,0.1,0.1,0.1
0.927701,-0.039175,0.059622,0.1,0.1,0.1
0.703865,-0.080185,0.010000,0.1,0.1,0.1
0.474584,0.526300,0.095055,0.1,0.1,0.1
1.010416,0.393397,0.150984,0.1,0.1,0.1
0.325140,-0.064995,0.014000,0.1,0.1,0.1
0.477317,-0.467677,0.744051,0.1,0.1,0.1
0.663799,0.116795,0.083240,0.1,0.1,0.1
0.653386,0.077846,0.358358,0.1,0.1,0.1
0.578085,-0.492055,0.784615,0.1,0.1,0.1
0.995865,0.215785,0.701331,0.1,0.1,0.1
0.477691,-0.563842,0.167977,0.1,0.1,0.1
0.730479,-0.323168,0.000000,0.1,0.1,0.1
0.829962,-0.404763,0.765371,0.1,0.1,0.1
0.633046,0.001764,0.369919,0.1,0.1,0.1
0.549767,-0.371464,0.397307,0.1,0.1,0.1
0.394120,0.238595,0.337935,0.1,0.1,0.1
0.391570,0.006037,0.189688,0.1,0.1,0.1
0.336898,-0.024609,0.014000,0.1,0.1,0.1
0.887226,0.174747,0.387307,0.1,0.1,0.1
0.630556,0.480461,0.311093,0.1,0.1,0.1
0.183124,-0.477056,0.341019,0.1,0.1,0.1
1.002890,0.383162,0.706333,0.1,0.1,0.1
0.718155,0.178304,0.387307,0.1,0.1,0.1
0.629667,-0.582906,0.401307,0.1,0.1,0.1
0.375922,-0.314715,0.010000,0.1,0.1,0.1
0.543052,-0.034462,0.232466,0.1,0.1,0.1
0.940009,0.286411,0.401307,0.1,0.1,0.1
0.905566,0.249195,0.010000,0.1,0.1,0.1
0.765895,0.410126,0.774615,0.1,0.1,0.1
0.728096,-0.655373,0.559371,0.1,0.1,0.1
0.799990,-0.384678,0.397307,0.1,0.1,0.1
1.032551,0.353007,0.532704,0.1,0.1,0.1
0.667225,0.129608,0.263545,0.1,0.1,0.1
0.786646,-0.095832,0.397307,0.1,0.1,0.1
0.570116,-0.531515,0.397307,0.1,0.1,0.1
0.812729,-0.430504,0.097251,0.1,0.1,0.1
0.393521,-0.337262,0.010000,0.1,0.1,0.1
0.689508,-0.645057,0.568869,0.1,0.1,0.1
0.943252,0.018990,0.383523,0.1,0.1,0.1
0.594919,-0.140845,0.299253,0.1,0.1,0.1
0.782594,0.439813,0.763351,0.1,0.1,0.1
0.893113,-0.168552,0.222365,0.1,0.1,0.1
1.021747,0.351314,0.184510,0.1,0.1,0.1
0.285407,-0.104810,0.387307,0.1,0.1,0.1
0.203877,-0.399429,0.214686,0.1,0.1,0.1
0.329304,-0.534265,0.020484,0.1,0.1,0.1
0.859507,-0.294252,0.637501,0.1,0.1,0.1
0.534290,-0.181010,0.646492,0.1,0.1,0.1
0.767639,-0.615066,0.774615,0.1,0.1,0.1
0.497945,-0.583491,0.500286,0.1,0.1,0.1
0.482854,0.519948,0.380504,0.1,0.1,0.1
0.577018,-0.021188,0.503909,0.1,0.1,0.1
0.551144,0.137937,0.014000,0.1,0.1,0.1
0.800965,0.348123,0.397307,0.1,0.1,0.1
0.826886,-0.217516,0.397307,0.1,0.1,0.1
0.742036,0.409436,0.201721,0.1,0.1,0.1
0.303742,-0.527431,0.075754,0.1,0.1,0.1
0.911475,0.206094,0.397307,0.1,0.1,0.1
0.769066,-0.593824,0.411486,0.1,0.1,0.1
0.943238,0.407768,0.784615,0.1,0.1,0.1
0.504543,-0.463406,0.321187,0.1,0.1,0.1
0.959407,0.396683,0.395777,0.1,0.1,0.1
0.405584,-0.554658,0.341152,0.1,0.1,0.1
0.575757,-0.197034,0.141956,0.1,0.1,0.1
0.341717,-0.541724,0.075075,0.1,0.1,0.1
0.548506,-0.597009,0.115971,0.1,0.1,0.1
0.780658,-0.271178,0.784615,0.1,0.1,0.1
0.829400,-0.406866,0.242832,0.1,0.1,0.1
0.965573,0.141199,0.121405,0.1,0.1,0.1
0.984519,0.173347,0.241275,0.1,0.1,0.1
0.620811,-0.518269,0.387307,0.1,0.1,0.1
0.367929,0.008217,0.372676,0.1,0.1,0.1
0.446574,0.338300,0.014000,0.1,0.1,0.1
0.546658,-0.049917,0.218751,0.1,0.1,0.1
0.656898,-0.625987,0.265713,0.1,0.1,0.1
0.417025,0.324269,0.049013,0.1,0.1,0.1
0.398327,-0.556858,0.386511,0.1,0.1,0.1
0.999814,0.371657,0.650626,0.1,0.1,0.1
0.681171,0.181773,0.313828,0.1,0.1,0.1
0.459064,-0.072251,0.010000,0.1,0.1,0.1
0.464870,0.528897,0.302890,0.1,0.1,0.1
0.877161,0.004580,0.010000,0.1,0.1,0.1
0.669998,0.326597,0.437934,0.1,0.1,0.1
1.018245,0.299498,0.143079,0.1,0.1,0.1
0.643997,-0.075941,0.325711,0.1,0.1,0.1
0.615926,0.484372,0.013404,0.1,0.1,0.1
0.871535,0.420175,0.527719,0.1,0.1,0.1
0.742664,-0.329790,0.774615,0.1,0.1,0.1
0.726325,-0.471105,0.000000,0.1,0.1,0.1
0.868208,-0.222988,0.684994,0.1,0.1,0.1
0.337288,0.026019,0.094849,0.1,0.1,0.1
0.612528,0.457751,0.010000,0.1,0.1,0.1
0.639083,0.066979,0.010000,0.1,0.1,0.1
0.822320,-0.433346,0.288136,0.1,0.1,0.1
0.951380,0.088112,0.639691,0.1,0.1,0.1
0.578530,-0.562691,0.010000,0.1,0.1,0.1
0.452131,-0.567103,0.520243,0.1,0.1,0.1
0.748511,-0.055225,0.387307,0.1,0.1,0.1
0.894755,0.288936,0.000000,0.1,0.1,0.1
0.926557,0.082159,0.457052,0.1,0.1,0.1
0.629389,-0.614492,0.506439,0.1,0.1,0.1
0.814584,0.445752,0.474468,0.1,0.1,0.1
0.447592,-0.027573,0.033526,0.1,0.1,0.1
0.863210,-0.075613,0.387307,0.1,0.1,0.1
0.549631,-0.310244,0.149754,0.1,0.1,0.1
0.611183,0.489780,0.323858,0.1,0.1,0.1
0.561335,-0.087477,0.774615,0.1,0.1,0.1
0.873002,0.419783,0.305829,0.1,0.1,0.1
0.916627,-0.041880,0.227097,0.1,0.1,0.1
0.191128,-0.447119,0.289675,0.1,0.1,0.1
0.632819,-0.062601,0.038402,0.1,0.1,0.1
0.880057,0.176550,0.401307,0.1,0.1,0.1
0.926852,-0.042352,0.542615,0.1,0.1,0.1
0.673831,-0.626374,0.718962,0.1,0.1,0.1
0.874257,0.169600,0.401307,0.1,0.1,0.1
0.913479,0.200371,0.401307,0.1,0.1,0.1
0.661566,-0.313841,0.000000,0.1,0.1,0.1
0.894711,0.355866,0.010000,0.1,0.1,0.1
0.882323,-0.083296,0.625899,0.1,0.1,0.1
0.468364,-0.018634,0.165559,0.1,0.1,0.1
1.005653,0.394670,0.516287,0.1,0.1,0.1
0.447879,0.420473,0.014000,0.1,0.1,0.1
0.474848,0.517687,0.010000,0.1,0.1,0.1
0.572876,-0.061067,0.128990,0.1,0.1,0.1
0.769769,0.378719,0.397307,0.1,0.1,0.1
0.739476,-0.434915,0.387307,0.1,0.1,0.1
0.886917,0.411923,0.732226,0.1,0.1,0.1
0.816719,-0.286294,0.774615,0.1,0.1,0.1
0.681695,-0.628476,0.718166,0.1,0.1,0.1
0.912550,0.213949,0.397307,0.1,0.1,0.1
0.741586,-0.147174,0.387307,0.1,0.1,0.1
0.689942,-0.088224,0.112159,0.1,0.1,0.1
0.814494,0.431285,0.405556,0.1,0.1,0.1
0.726324,-0.212427,0.784615,0.1,0.1,0.1
0.690131,-0.524205,0.774615,0.1,0.1,0.1
0.769694,0.447403,0.656566,0.1,0.1,0.1
0.822814,0.336088,0.397307,0.1,0.1,0.1
0.670751,0.329414,0.713840,0.1,0.1,0.1
0.806975,0.113394,0.397307,0.1,0.1,0.1
0.483520,-0.557526,0.339165,0.1,0.1,0.1
0.511986,-0.264434,0.444731,0.1,0.1,0.1
0.450693,-0.570859,0.396661,0.1,0.1,0.1
0.698572,0.359912,0.723212,0.1,0.1,0.1
0.478686,-0.578342,0.541586,0.1,0.1,0.1
0.731299,-0.280068,0.397307,0.1,0.1,0.1
0.803176,-0.504953,0.526083,0.1,0.1,0.1
0.523051,0.160554,0.010000,0.1,0.1,0.1
0.497792,-0.504142,0.127736,0.1,0.1,0.1
0.991292,0.324294,0.408632,0.1,0.1,0.1
0.731749,-0.019849,0.397307,0.1,0.1,0.1
0.510886,-0.040354,0.125785,0.1,0.1,0.1
0.946730,0.173101,0.511085,0.1,0.1,0.1
1.026918,0.331936,0.470084,0.1,0.1,0.1
0.732233,0.383731,0.010000,0.1,0.1,0.1
0.746867,-0.003120,0.784615,0.1,0.1,0.1
0.592908,-0.608879,0.698635,0.1,0.1,0.1
0.780587,0.440350,0.766831,0.1,0.1,0.1
1.007118,0.296595,0.782845,0.1,0.1,0.1
0.566237,0.291070,0.010000,0.1,0.1,0.1
0.958932,0.077642,0.427575,0.1,0.1,0.1
0.906974,-0.000454,0.010000,0.1,0.1,0.1
0.507664,-0.039492,0.296700,0.1,0.1,0.1
0.711634,0.223077,0.010000,0.1,0.1,0.1
0.649819,0.064504,0.050774,0.1,0.1,0.1
0.696257,-0.244474,0.000000,0.1,0.1,0.1
0.777247,-0.399381,0.774615,0.1,0.1,0.1
1.040802,0.383871,0.348121,0.1,0.1,0.1
0.760464,-0.523616,0.773841,0.1,0.1,0.1
0.963448,0.220145,0.665612,0.1,0.1,0.1
0.940768,0.009700,0.043298,0.1,0.1,0.1
0.795843,-0.147110,0.010000,0.1,0.1,0.1
0.314841,-0.057941,0.065512,0.1,0.1,0.1
0.595845,0.493881,0.034362,0.1,0.1,0.1
0.984480,0.211918,0.554039,0.1,0.1,0.1
0.835403,-0.258796,0.692619,0.1,0.1,0.1
0.597311,-0.606458,0.387307,0.1,0.1,0.1
0.866404,-0.268453,0.569612,0.1,0.1,0.1
0.890539,-0.178177,0.662927,0.1,0.1,0.1
0.375283,-0.004101,0.270907,0.1,0.1,0.1
0.565753,-0.223651,0.774615,0.1,0.1,0.1
0.361147,-0.272112,0.014000,0.1,0.1,0.1
0.495774,-0.511691,0.037642,0.1,0.1,0.1
0.320128,0.035398,0.238582,0.1,0.1,0.1
0.503263,-0.580287,0.774615,0.1,0.1,0.1
1.001307,0.236141,0.215302,0.1,0.1,0.1
0.586854,-0.155527,0.024691,0.1,0.1,0.1
0.479824,-0.588998,0.496311,0.1,0.1,0.1
0.638429,-0.293171,0.000000,0.1,0.1,0.1
0.838878,0.424766,0.588219,0.1,0.1,0.1
0.663952,-0.211133,0.397307,0.1,0.1,0.1
0.713531,0.458277,0.041041,0.1,0.1,0.1
0.935696,0.413373,0.125159,0.1,0.1,0.1
0.707726,-0.649927,0.682252,0.1,0.1,0.1
0.552903,-0.051587,0.236138,0.1,0.1,0.1
0.592015,-0.608641,0.348770,0.1,0.1,0.1
0.405620,-0.012211,0.151985,0.1,0.1,0.1
0.689469,0.399427,0.692693,0.1,0.1,0.1
1.016684,0.332377,0.690979,0.1,0.1,0.1
0.587203,-0.056657,0.073666,0.1,0.1,0.1
0.960187,0.121054,0.769701,0.1,0.1,0.1
0.519489,-0.042654,0.325944,0.1,0.1,0.1
0.839260,0.035810,0.397307,0.1,0.1,0.1
0.802691,-0.506766,0.681524,0.1,0.1,0.1
0.734696,-0.657138,0.744961,0.1,0.1,0.1
0.823990,0.428746,0.433379,0.1,0.1,0.1
0.574108,-0.061397,0.342024,0.1,0.1,0.1
0.966025,0.394914,0.528014,0.1,0.1,0.1
0.735969,0.000203,0.774615,0.1,0.1,0.1
0.774236,-0.253701,0.397307,0.1,0.1,0.1
0.622350,-0.022756,0.024669,0.1,0.1,0.1
0.239636,-0.339241,0.178085,0.1,0.1,0.1
0.601554,-0.621542,0.651193,0.1,0.1,0.1
0.867525,-0.225543,0.746302,0.1,0.1,0.1
0.386176,0.282445,0.022227,0.1,0.1,0.1
0.543549,-0.233856,0.000000,0.1,0.1,0.1
0.480485,-0.514900,0.401307,0.1,0.1,0.1
0.444312,-0.436541,0.014000,0.1,0.1,0.1
0.705448,-0.397963,0.010000,0.1,0.1,0.1
0.290898,-0.147500,0.136557,0.1,0.1,0.1
0.912383,0.419606,0.529557,0.1,0.1,0.1
0.966539,0.106093,0.664210,0.1,0.1,0.1
0.689852,0.229732,0.151136,0.1,0.1,0.1
0.726370,0.463888,0.503891,0.1,0.1,0.1
0.956738,0.108154,0.388433,0.1,0.1,0.1
0.662358,0.111403,0.240682,0.1,0.1,0.1
0.628033,-0.401083,0.010000,0.1,0.1,0.1
0.358591,0.179266,0.025738,0.1,0.1,0.1
0.360172,-0.000061,0.172495,0.1,0.1,0.1
0.525799,-0.399387,0.264999,0.1,0.1,0.1
0.486070,0.519089,0.146111,0.1,0.1,0.1
0.700386,-0.091016,0.240075,0.1,0.1,0.1
0.486869,-0.576390,0.622546,0.1,0.1,0.1
0.281885,-0.181211,0.039351,0.1,0.1,0.1
0.632794,0.187439,0.566755,0.1,0.1,0.1
0.558737,-0.595603,0.500874,0.1,0.1,0.1
0.859385,0.140152,0.784615,0.1,0.1,0.1
0.947188,0.159325,0.711817,0.1,0.1,0.1
0.602825,0.075342,0.464196,0.1,0.1,0.1
0.954880,0.293331,0.774615,0.1,0.1,0.1
0.612671,-0.610023,0.549226,0.1,0.1,0.1
0.745584,0.395780,0.387307,0.1,0.1,0.1
0.856335,-0.306117,0.196988,0.1,0.1,0.1
0.854669,-0.312348,0.395487,0.1,0.1,0.1
0.829194,-0.075943,0.397307,0.1,0.1,0.1
0.282889,-0.521856,0.253266,0.1,0.1,0.1
0.716079,0.425397,0.497460,0.1,0.1,0.1
0.807771,-0.141167,0.010000,0.1,0.1,0.1
0.512436,0.017351,0.014000,0.1,0.1,0.1
0.489458,-0.034625,0.045444,0.1,0.1,0.1
0.527978,-0.523953,0.784615,0.1,0.1,0.1
0.351094,-0.439876,0.010000,0.1,0.1,0.1
0.385966,0.007535,0.022480,0.1,0.1,0.1
0.374333,-0.550444,0.292000,0.1,0.1,0.1
1.006607,0.294686,0.163585,0.1,0.1,0.1
0.565513,-0.034999,0.014000,0.1,0.1,0.1
0.733675,0.378162,0.320863,0.1,0.1,0.1
0.917777,0.407813,0.231500,0.1,0.1,0.1
0.452151,0.347997,0.010000,0.1,0.1,0.1
0.730581,0.366586,0.146681,0.1,0.1,0.1
0.559912,-0.281770,0.000000,0.1,0.1,0.1
0.769620,-0.630470,0.356250,0.1,0.1,0.1
0.486616,-0.033865,0.034959,0.1,0.1,0.1
0.906103,0.410934,0.558516,0.1,0.1,0.1
0.490321,-0.532088,0.059013,0.1,0.1,0.1
0.250370,-0.289226,0.387307,0.1,0.1,0.1
1.016415,0.292650,0.364213,0.1,0.1,0.1
0.959715,0.406952,0.357731,0.1,0.1,0.1
0.620529,0.446858,0.010000,0.1,0.1,0.1
0.772843,-0.477311,0.735060,0.1,0.1,0.1
0.703857,-0.091944,0.356529,0.1,0.1,0.1
0.638015,0.169677,0.010000,0.1,0.1,0.1
0.861123,0.422959,0.582508,0.1,0.1,0.1
0.880218,0.269390,0.774615,0.1,0.1,0.1
0.655868,-0.333658,0.397307,0.1,0.1,0.1
0.743340,-0.204076,0.397307,0.1,0.1,0.1
0.341953,0.117033,0.115356,0.1,0.1,0.1
0.600552,-0.104288,0.373614,0.1,0.1,0.1
0.400466,0.096677,0.014000,0.1,0.1,0.1
0.533415,0.510572,0.294303,0.1,0.1,0.1
0.461568,-0.569626,0.642850,0.1,0.1,0.1
0.925043,-0.049117,0.187441,0.1,0.1,0.1
0.623745,-0.033024,0.252469,0.1,0.1,0.1
0.572687,0.500072,0.152826,0.1,0.1,0.1
0.776903,0.455826,0.339691,0.1,0.1,0.1
0.525402,-0.287816,0.450378,0.1,0.1,0.1
0.817655,0.031609,0.401307,0.1,0.1,0.1
0.462395,0.019445,0.010000,0.1,0.1,0.1
0.604389,-0.611949,0.133558,0.1,0.1,0.1
0.568988,-0.222351,0.237539,0.1,0.1,0.1
0.635520,-0.063323,0.339969,0.1,0.1,0.1
0.666950,0.241633,0.771536,0.1,0.1,0.1
0.669659,-0.361788,0.774615,0.1,0.1,0.1
0.781721,0.440047,0.421704,0.1,0.1,0.1
0.763204,-0.615747,0.659540,0.1,0.1,0.1
0.647417,-0.623452,0.539175,0.1,0.1,0.1
0.844328,-0.190226,0.401307,0.1,0.1,0.1
0.543071,0.351527,0.014000,0.1,0.1,0.1
0.965463,0.361211,0.397307,0.1,0.1,0.1
0.525116,-0.586615,0.526880,0.1,0.1,0.1
0.746021,-0.577638,0.420012,0.1,0.1,0.1
0.489646,-0.020184,0.185279,0.1,0.1,0.1
0.815441,-0.320853,0.000000,0.1,0.1,0.1
0.751000,-0.661397,0.389202,0.1,0.1,0.1
0.594886,0.489997,0.069348,0.1,0.1,0.1
0.661312,-0.430248,0.397307,0.1,0.1,0.1
0.502120,-0.023518,0.053333,0.1,0.1,0.1
0.565411,-0.611879,0.741222,0.1,0.1,0.1
0.647059,-0.534445,0.401307,0.1,0.1,0.1
0.871709,0.415989,0.639466,0.1,0.1,0.1
0.733873,-0.099969,0.164143,0.1,0.1,0.1
0.979035,0.152833,0.608797,0.1,0.1,0.1
0.960534,0.209246,0.459446,0.1,0.1,0.1
0.411707,0.377944,0.365494,0.1,0.1,0.1
0.465733,-0.511006,0.624628,0.1,0.1,0.1
0.814089,-0.320816,0.000000,0.1,0.1,0.1
0.517552,-0.027644,0.298637,0.1,0.1,0.1
0.391655,-0.189962,0.014000,0.1,0.1,0.1
0.906853,0.008454,0.428897,0.1,0.1,0.1
0.548585,-0.298670,0.157668,0.1,0.1,0.1
0.225875,-0.390713,0.020401,0.1,0.1,0.1
0.655376,-0.621440,0.739885,0.1,0.1,0.1
0.337095,0.025298,0.213713,0.1,0.1,0.1
0.814917,0.321311,0.010000,0.1,0.1,0.1
0.778533,0.300390,0.000000,0.1,0.1,0.1
0.606481,0.491037,0.257844,0.1,0.1,0.1
0.906242,0.421248,0.390710,0.1,0.1,0.1
0.617375,-0.572918,0.397307,0.1,0.1,0.1
0.801955,-0.509522,0.163606,0.1,0.1,0.1
0.940908,0.048940,0.224347,0.1,0.1,0.1
0.566590,-0.044895,0.096149,0.1,0.1,0.1
0.539216,-0.594525,0.509729,0.1,0.1,0.1
0.884450,-0.162234,0.467205,0.1,0.1,0.1
0.242924,-0.515312,0.352262,0.1,0.1,0.1
0.710780,0.308010,0.321129,0.1,0.1,0.1
0.716500,0.329406,0.292850,0.1,0.1,0.1
0.291096,-0.320291,0.010000,0.1,0.1,0.1
0.793000,-0.230830,0.387307,0.1,0.1,0.1
0.928228,0.103895,0.607368,0.1,0.1,0.1
0.743600,0.450238,0.503037,0.1,0.1,0.1
0.578454,-0.393016,0.784615,0.1,0.1,0.1
0.563597,0.425280,0.010000,0.1,0.1,0.1
0.659318,0.100034,0.057221,0.1,0.1,0.1
0.759805,-0.628464,0.017799,0.1,0.1,0.1
0.581408,-0.601664,0.686486,0.1,0.1,0.1
0.607923,-0.623245,0.055558,0.1,0.1,0.1
0.387593,-0.549848,0.023541,0.1,0.1,0.1
0.787956,-0.420782,0.656311,0.1,0.1,0.1
1.015762,0.328928,0.430341,0.1,0.1,0.1
0.674194,0.468794,0.093524,0.1,0.1,0.1
0.993744,0.246569,0.657642,0.1,0.1,0.1
0.993325,0.387615,0.652588,0.1,0.1,0.1
0.703407,0.125225,0.784615,0.1,0.1,0.1
0.542942,-0.222209,0.391018,0.1,0.1,0.1
0.259449,-0.191566,0.324861,0.1,0.1,0.1
0.525183,0.512772,0.218512,0.1,0.1,0.1
0.761369,-0.622612,0.653178,0.1,0.1,0.1
0.964047,0.237875,0.412157,0.1,0.1,0.1
0.543543,-0.317529,0.293973,0.1,0.1,0.1
0.787715,-0.036591,0.784615,0.1,0.1,0.1
0.618601,-0.373454,0.784615,0.1,0.1,0.1
0.794957,-0.535697,0.565109,0.1,0.1,0.1
0.854903,0.060730,0.774615,0.1,0.1,0.1
0.778522,0.445042,0.520162,0.1,0.1,0.1
0.851783,0.435807,0.283593,0.1,0.1,0.1
0.458662,-0.572989,0.252679,0.1,0.1,0.1
0.347693,-0.058008,0.010000,0.1,0.1,0.1
0.367646,-0.548656,0.282335,0.1,0.1,0.1
0.458101,-0.568699,0.714724,0.1,0.1,0.1
1.031452,0.348895,0.609252,0.1,0.1,0.1
0.433068,0.457842,0.120947,0.1,0.1,0.1
0.868613,-0.260193,0.045427,0.1,0.1,0.1
0.291754,-0.070732,0.364185,0.1,0.1,0.1
0.682620,0.202680,0.053166,0.1,0.1,0.1
0.445547,-0.012534,0.338010,0.1,0.1,0.1
0.848202,-0.130535,0.068289,0.1,0.1,0.1
0.700617,-0.585882,0.774615,0.1,0.1,0.1
0.515125,-0.423822,0.136380,0.1,0.1,0.1
0.801651,-0.385045,0.710448,0.1,0.1,0.1
0.647031,-0.268202,0.397307,0.1,0.1,0.1
0.297076,-0.527588,0.387307,0.1,0.1,0.1
0.457127,0.460214,0.014000,0.1,0.1,0.1
0.750803,0.452453,0.026829,0.1,0.1,0.1
0.480400,-0.553710,0.333700,0.1,0.1,0.1
0.861477,-0.161268,0.475901,0.1,0.1,0.1
0.633326,0.002812,0.272603,0.1,0.1,0.1
0.593163,-0.460596,0.000000,0.1,0.1,0.1
0.928656,0.003113,0.728534,0.1,0.1,0.1
0.441244,0.488424,0.207626,0.1,0.1,0.1
0.851429,0.161991,0.000000,0.1,0.1,0.1
0.905863,0.406858,0.719659,0.1,0.1,0.1
0.347349,0.063652,0.097981,0.1,0.1,0.1
0.586817,-0.060654,0.249479,0.1,0.1,0.1
0.771624,-0.268045,0.401307,0.1,0.1,0.1
0.233710,-0.361408,0.259446,0.1,0.1,0.1
0.421163,-0.016367,0.025664,0.1,0.1,0.1
0.723634,-0.500658,0.401307,0.1,0.1,0.1
0.840084,0.424443,0.587056,0.1,0.1,0.1
0.810251,0.432419,0.501697,0.1,0.1,0.1
0.474958,-0.587697,0.367144,0.1,0.1,0.1
0.411149,0.302292,0.154081,0.1,0.1,0.1
0.608163,0.151966,0.010000,0.1,0.1,0.1
0.506940,-0.356873,0.436202,0.1,0.1,0.1
0.943417,0.400958,0.660617,0.1,0.1,0.1
0.736817,0.389913,0.339193,0.1,0.1,0.1
0.634626,0.120728,0.541742,0.1,0.1,0.1
0.624909,-0.613294,0.480092,0.1,0.1,0.1
0.933351,0.123056,0.685398,0.1,0.1,0.1
0.522535,-0.298543,0.005374,0.1,0.1,0.1
0.326126,0.057833,0.177007,0.1,0.1,0.1
0.693158,-0.646033,0.192719,0.1,0.1,0.1
0.647187,0.285716,0.010000,0.1,0.1,0.1
0.617215,-0.107554,0.397307,0.1,0.1,0.1
0.992568,0.242172,0.301388,0.1,0.1,0.1
0.649279,-0.634301,0.272720,0.1,0.1,0.1
0.222768,-0.328770,0.055816,0.1,0.1,0.1
0.815199,-0.334370,0.764975,0.1,0.1,0.1
0.609742,0.150426,0.014000,0.1,0.1,0.1
0.289085,-0.154280,0.242000,0.1,0.1,0.1
0.242530,-0.515206,0.322669,0.1,0.1,0.1
0.669511,-0.625219,0.425577,0.1,0.1,0.1
0.941507,0.051181,0.217949,0.1,0.1,0.1
0.971699,0.164113,0.195675,0.1,0.1,0.1
0.235396,-0.355100,0.019428,0.1,0.1,0.1
1.002557,0.279534,0.371981,0.1,0.1,0.1
0.665786,0.427070,0.014000,0.1,0.1,0.1
1.018910,0.340701,0.212557,0.1,0.1,0.1
0.771843,0.446828,0.053915,0.1,0.1,0.1
0.534008,0.506272,0.342518,0.1,0.1,0.1
0.804828,-0.118939,0.209288,0.1,0.1,0.1
0.642430,-0.617979,0.456714,0.1,0.1,0.1
0.763833,-0.107979,0.114927,0.1,0.1,0.1
0.593893,-0.129196,0.145225,0.1,0.1,0.1
0.517984,-0.413130,0.351966,0.1,0.1,0.1
0.474756,-0.574822,0.244564,0.1,0.1,0.1
0.512523,-0.433557,0.273526,0.1,0.1,0.1
0.701899,-0.081070,0.058772,0.1,0.1,0.1
0.705625,-0.639014,0.486392,0.1,0.1,0.1
0.801163,-0.371383,0.601986,0.1,0.1,0.1
0.284041,-0.173148,0.315623,0.1,0.1,0.1
0.866884,-0.125557,0.557781,0.1,0.1,0.1
0.495150,-0.582744,0.505171,0.1,0.1,0.1
0.373978,-0.546208,0.189830,0.1,0.1,0.1
0.720388,-0.214124,0.397307,0.1,0.1,0.1
0.439512,-0.006780,0.038176,0.1,0.1,0.1
0.497120,-0.506657,0.341162,0.1,0.1,0.1
0.941755,0.013391,0.328522,0.1,0.1,0.1
0.299194,-0.042902,0.167031,0.1,0.1,0.1
0.830537,-0.125812,0.211716,0.1,0.1,0.1
0.375174,0.241295,0.045382,0.1,0.1,0.1
0.802202,-0.118237,0.264894,0.1,0.1,0.1
0.750079,-0.440158,0.000000,0.1,0.1,0.1
0.615648,0.484446,0.132715,0.1,0.1,0.1
0.557383,-0.281246,0.103298,0.1,0.1,0.1
0.544522,-0.595944,0.549282,0.1,0.1,0.1
0.920880,0.417334,0.697272,0.1,0.1,0.1
0.541042,-0.326883,0.173313,0.1,0.1,0.1
0.856894,-0.265309,0.163229,0.1,0.1,0.1
0.739322,-0.047966,0.010000,0.1,0.1,0.1
0.743012,0.428573,0.179220,0.1,0.1,0.1
0.367803,0.213725,0.303625,0.1,0.1,0.1
0.779183,0.006080,0.401307,0.1,0.1,0.1
0.500790,-0.594603,0.147249,0.1,0.1,0.1
0.479112,-0.387397,0.521840,0.1,0.1,0.1
0.720752,-0.534030,0.774615,0.1,0.1,0.1
0.961877,0.127373,0.554658,0.1,0.1,0.1
0.680660,0.091879,0.387307,0.1,0.1,0.1
0.314048,-0.060909,0.272419,0.1,0.1,0.1
0.613367,0.041209,0.755663,0.1,0.1,0.1
0.657250,-0.172453,0.401307,0.1,0.1,0.1
0.878589,-0.081777,0.397635,0.1,0.1,0.1
0.874474,0.119838,0.397307,0.1,0.1,0.1
0.519304,-0.032253,0.145277,0.1,0.1,0.1
0.752863,0.462254,0.241462,0.1,0.1,0.1
0.849299,0.421980,0.752584,0.1,0.1,0.1
0.891137,-0.088177,0.000000,0.1,0.1,0.1
0.635657,-0.630660,0.072429,0.1,0.1,0.1
0.736182,-0.397698,0.401307,0.1,0.1,0.1
0.837809,-0.127756,0.056662,0.1,0.1,0.1
0.631674,0.109685,0.645043,0.1,0.1,0.1
0.482821,-0.032851,0.072460,0.1,0.1,0.1
0.773645,0.217041,0.401307,0.1,0.1,0.1
0.623639,-0.033420,0.308065,0.1,0.1,0.1
0.663998,0.471520,0.270452,0.1,0.1,0.1
0.968406,0.404628,0.759049,0.1,0.1,0.1
0.371317,0.153301,0.357039,0.1,0.1,0.1
0.530049,-0.270438,0.513025,0.1,0.1,0.1
0.234816,-0.513144,0.094286,0.1,0.1,0.1
0.333518,0.007065,0.264812,0.1,0.1,0.1
0.447209,-0.023330,0.259089,0.1,0.1,0.1
0.896070,0.155894,0.401307,0.1,0.1,0.1
0.197507,-0.496822,0.213406,0.1,0.1,0.1
0.246625,-0.239536,0.161865,0.1,0.1,0.1
0.724123,-0.097363,0.367167,0.1,0.1,0.1
0.848368,0.436720,0.024077,0.1,0.1,0.1
0.596669,-0.557857,0.774615,0.1,0.1,0.1
0.884341,0.284755,0.397307,0.1,0.1,0.1
0.756601,-0.538065,0.656481,0.1,0.1,0.1
0.743328,0.450311,0.555299,0.1,0.1,0.1
0.809891,-0.051436,0.401307,0.1,0.1,0.1
0.610028,-0.613457,0.429353,0.1,0.1,0.1
0.986798,0.220591,0.639211,0.1,0.1,0.1
0.653622,0.474294,0.335135,0.1,0.1,0.1
0.388241,0.002786,0.290747,0.1,0.1,0.1
0.990194,0.384312,0.733496,0.1,0.1,0.1
0.785084,-0.533906,0.016888,0.1,0.1,0.1
0.324289,0.050962,0.280926,0.1,0.1,0.1
0.615974,0.124525,0.562902,0.1,0.1,0.1
0.846952,0.057855,0.397307,0.1,0.1,0.1
0.774718,-0.611400,0.623543,0.1,0.1,0.1
0.602546,-0.165821,0.401307,0.1,0.1,0.1
0.565527,-0.601559,0.493380,0.1,0.1,0.1
0.354626,0.164434,0.375862,0.1,0.1,0.1
0.504110,-0.367461,0.510965,0.1,0.1,0.1
0.866202,-0.230492,0.092945,0.1,0.1,0.1
0.717304,0.316926,0.060211,0.1,0.1,0.1
0.876211,-0.138023,0.319210,0.1,0.1,0.1
0.689378,0.325521,0.772384,0.1,0.1,0.1
0.691962,0.222137,0.178776,0.1,0.1,0.1
0.460679,0.073434,0.014000,0.1,0.1,0.1
0.982459,0.306743,0.705582,0.1,0.1,0.1
0.696957,0.240820,0.347704,0.1,0.1,0.1
0.795647,0.450815,0.620561,0.1,0.1,0.1
0.722330,0.460065,0.157340,0.1,0.1,0.1
0.776092,-0.606261,0.585897,0.1,0.1,0.1
0.684816,-0.455453,0.784615,0.1,0.1,0.1
0.871572,-0.108022,0.541478,0.1,0.1,0.1
0.295450,-0.375429,0.010000,0.1,0.1,0.1
0.589881,-0.046981,0.252803,0.1,0.1,0.1
0.988367,0.399292,0.250110,0.1,0.1,0.1
0.520285,-0.404523,0.311786,0.1,0.1,0.1
0.958044,0.074318,0.670179,0.1,0.1,0.1
0.634964,-0.183221,0.397307,0.1,0.1,0.1
0.957055,0.070620,0.421041,0.1,0.1,0.1
0.657218,-0.264876,0.774615,0.1,0.1,0.1
0.852274,-0.282590,0.689426,0.1,0.1,0.1
0.917267,-0.078203,0.695956,0.1,0.1,0.1
0.677693,0.281814,0.420862,0.1,0.1,0.1
0.783375,0.439605,0.448453,0.1,0.1,0.1
0.496662,-0.036551,0.026089,0.1,0.1,0.1
0.502919,-0.403627,0.010000,0.1,0.1,0.1
0.332010,0.007468,0.103830,0.1,0.1,0.1
0.887823,-0.141127,0.141811,0.1,0.1,0.1
0.586574,-0.603046,0.745934,0.1,0.1,0.1
0.389415,0.212416,0.014000,0.1,0.1,0.1
0.953699,0.183681,0.501340,0.1,0.1,0.1
0.690106,-0.497771,0.401307,0.1,0.1,0.1
0.958366,0.075525,0.063280,0.1,0.1,0.1
0.486727,-0.023544,0.244850,0.1,0.1,0.1
0.676686,-0.074329,0.312424,0.1,0.1,0.1
0.882520,0.137554,0.387307,0.1,0.1,0.1
0.446067,-0.482912,0.014000,0.1,0.1,0.1
1.037843,0.372803,0.003735,0.1,0.1,0.1
0.332765,0.017618,0.075388,0.1,0.1,0.1
0.860925,0.208393,0.774615,0.1,0.1,0.1
1.022846,0.390074,0.624299,0.1,0.1,0.1
0.800936,-0.387719,0.522444,0.1,0.1,0.1
0.293349,-0.138332,0.251172,0.1,0.1,0.1
0.942850,0.321365,0.784615,0.1,0.1,0.1
0.536852,-0.171425,0.607804,0.1,0.1,0.1
0.726301,0.463632,0.511651,0.1,0.1,0.1
0.800486,-0.476298,0.040468,0.1,0.1,0.1
0.498726,-0.485164,0.140764,0.1,0.1,0.1
0.431534,0.452106,0.137624,0.1,0.1,0.1
0.891099,-0.057230,0.774615,0.1,0.1,0.1
0.328629,-0.538225,0.239019,0.1,0.1,0.1
0.692649,0.002050,0.401307,0.1,0.1,0.1
0.594976,-0.027583,0.395630,0.1,0.1,0.1
0.909639,0.034363,0.598001,0.1,0.1,0.1
0.784126,-0.576209,0.078171,0.1,0.1,0.1
0.765004,-0.609017,0.130786,0.1,0.1,0.1
0.636832,0.083525,0.784615,0.1,0.1,0.1
0.443579,-0.007868,0.059723,0.1,0.1,0.1
1.028430,0.376313,0.160165,0.1,0.1,0.1
0.991513,0.199509,0.228566,0.1,0.1,0.1
0.394034,0.311839,0.222917,0.1,0.1,0.1
0.506679,-0.470903,0.121966,0.1,0.1,0.1
0.687227,0.391042,0.727735,0.1,0.1,0.1
1.019083,0.362213,0.387307,0.1,0.1,0.1
0.614294,-0.363032,0.784615,0.1,0.1,0.1
0.695912,0.130287,0.401307,0.1,0.1,0.1
0.790211,0.452269,0.407338,0.1,0.1,0.1
0.437705,-0.068516,0.014000,0.1,0.1,0.1
0.518860,0.510322,0.061619,0.1,0.1,0.1
0.542092,-0.322953,0.243063,0.1,0.1,0.1
0.847008,0.437084,0.092574,0.1,0.1,0.1
0.914455,0.322336,0.784615,0.1,0.1,0.1
0.747127,0.449295,0.653667,0.1,0.1,0.1
0.504930,-0.445655,0.397307,0.1,0.1,0.1
0.666761,0.127873,0.214697,0.1,0.1,0.1
0.751404,0.462644,0.190041,0.1,0.1,0.1
0.575356,-0.614538,0.139297,0.1,0.1,0.1
0.544473,-0.606282,0.092677,0.1,0.1,0.1
0.337908,0.101904,0.029378,0.1,0.1,0.1
0.599002,-0.068052,0.100553,0.1,0.1,0.1
0.661963,-0.496515,0.401307,0.1,0.1,0.1
0.521355,-0.558933,0.387307,0.1,0.1,0.1
0.953126,0.230189,0.401307,0.1,0.1,0.1
0.377749,0.005591,0.078498,0.1,0.1,0.1
0.707396,0.295354,0.351994,0.1,0.1,0.1
0.706244,-0.639180,0.081200,0.1,0.1,0.1
0.475651,-0.473909,0.567846,0.1,0.1,0.1
0.804985,-0.459469,0.370621,0.1,0.1,0.1
0.574058,-0.614191,0.708005,0.1,0.1,0.1
0.962684,0.130394,0.347538,0.1,0.1,0.1
0.947005,0.072186,0.387307,0.1,0.1,0.1
0.360105,-0.000043,0.151959,0.1,0.1,0.1
0.759236,-0.096399,0.343772,0.1,0.1,0.1
0.219032,-0.416308,0.057643,0.1,0.1,0.1
0.475915,-0.331833,0.014000,0.1,0.1,0.1
0.697355,0.242309,0.058863,0.1,0.1,0.1
0.647217,0.054769,0.082415,0.1,0.1,0.1
0.686755,0.218147,0.253861,0.1,0.1,0.1
0.642608,-0.632518,0.566687,0.1,0.1,0.1
1.017200,0.391583,0.448296,0.1,0.1,0.1
0.532588,0.220498,0.014000,0.1,0.1,0.1
0.434919,0.175903,0.014000,0.1,0.1,0.1
0.726272,-0.045907,0.397307,0.1,0.1,0.1
0.897423,0.405630,0.401307,0.1,0.1,0.1
0.521436,-0.415703,0.097412,0.1,0.1,0.1
0.896201,-0.031388,0.399910,0.1,0.1,0.1
0.603372,-0.109229,0.013434,0.1,0.1,0.1
0.733920,0.404955,0.774615,0.1,0.1,0.1
0.460633,-0.529181,0.010000,0.1,0.1,0.1
0.573295,-0.221729,0.052918,0.1,0.1,0.1
0.361124,-0.040856,0.014000,0.1,0.1,0.1
0.642125,0.041423,0.784615,0.1,0.1,0.1
0.656852,0.473430,0.369002,0.1,0.1,0.1
0.395849,-0.308011,0.010000,0.1,0.1,0.1
0.775462,0.445860,0.317083,0.1,0.1,0.1
0.409148,-0.017295,0.250245,0.1,0.1,0.1
0.213654,-0.503346,0.279439,0.1,0.1,0.1
0.879636,-0.093346,0.549906,0.1,0.1,0.1
0.387056,-0.447748,0.010000,0.1,0.1,0.1
0.836233,0.425473,0.610205,0.1,0.1,0.1
0.870976,0.430676,0.155044,0.1,0.1,0.1
0.491958,-0.451399,0.014000,0.1,0.1,0.1
0.787678,-0.114354,0.307426,0.1,0.1,0.1
0.813614,-0.427192,0.577885,0.1,0.1,0.1
0.371793,0.228649,0.305107,0.1,0.1,0.1
0.719744,0.161409,0.774615,0.1,0.1,0.1
0.868753,-0.220951,0.004474,0.1,0.1,0.1
0.640296,0.215498,0.675951,0.1,0.1,0.1
0.707886,-0.262332,0.000000,0.1,0.1,0.1
0.909806,-0.067394,0.089122,0.1,0.1,0.1
0.575778,-0.194426,0.401307,0.1,0.1,0.1
0.564707,-0.601340,0.553555,0.1,0.1,0.1
0.584450,-0.066953,0.488728,0.1,0.1,0.1
0.623207,-0.627331,0.332426,0.1,0.1,0.1
0.826635,-0.114418,0.108510,0.1,0.1,0.1
0.948911,0.165773,0.638394,0.1,0.1,0.1
0.533044,-0.020786,0.010000,0.1,0.1,0.1
0.577532,-0.088279,0.010000,0.1,0.1,0.1
0.553409,-0.280623,0.010180,0.1,0.1,0.1
0.427481,0.363381,0.184232,0.1,0.1,0.1
0.908486,0.410297,0.268760,0.1,0.1,0.1
0.940389,0.193026,0.387307,0.1,0.1,0.1
0.999890,0.385860,0.438274,0.1,0.1,0.1
0.867982,-0.223834,0.255160,0.1,0.1,0.1
0.324053,0.050080,0.295388,0.1,0.1,0.1
0.604474,-0.105106,0.092420,0.1,0.1,0.1
0.683220,-0.643376,0.669329,0.1,0.1,0.1
0.582049,-0.002369,0.500142,0.1,0.1,0.1
0.786938,-0.526973,0.432073,0.1,0.1,0.1
0.697827,0.101059,0.000000,0.1,0.1,0.1
0.704728,-0.638775,0.389931,0.1,0.1,0.1
0.949890,0.082536,0.473407,0.1,0.1,0.1
0.479520,-0.031968,0.030189,0.1,0.1,0.1
0.816279,-0.330329,0.728627,0.1,0.1,0.1
0.668155,-0.082400,0.210330,0.1,0.1,0.1
0.505223,-0.535066,0.774615,0.1,0.1,0.1
0.568028,-0.372980,0.387307,0.1,0.1,0.1
0.707051,0.149198,0.774615,0.1,0.1,0.1
0.513225,0.511829,0.228483,0.1,0.1,0.1
0.573106,-0.222435,0.290684,0.1,0.1,0.1
0.608611,-0.074144,0.277094,0.1,0.1,0.1
0.959366,0.117982,0.558089,0.1,0.1,0.1
0.541930,-0.605602,0.346431,0.1,0.1,0.1
0.623914,0.029098,0.387307,0.1,0.1,0.1
0.876870,0.418749,0.622195,0.1,0.1,0.1
0.495809,-0.582920,0.735522,0.1,0.1,0.1
0.770556,-0.626966,0.217664,0.1,0.1,0.1
0.562135,-0.055830,0.387307,0.1,0.1,0.1
0.614833,0.046693,0.765641,0.1,0.1,0.1
0.760787,-0.663507,0.009933,0.1,0.1,0.1
0.760076,0.445833,0.495721,0.1,0.1,0.1
0.959504,0.396657,0.577546,0.1,0.1,0.1
0.836475,-0.341681,0.710139,0.1,0.1,0.1
0.577077,0.498899,0.387277,0.1,0.1,0.1
0.746327,-0.212524,0.397307,0.1,0.1,0.1
0.433149,-0.566168,0.625367,0.1,0.1,0.1
0.870396,0.267747,0.401307,0.1,0.1,0.1
0.558623,-0.053116,0.384485,0.1,0.1,0.1
0.916637,0.045051,0.685586,0.1,0.1,0.1
0.928475,0.326301,0.397307,0.1,0.1,0.1
0.707610,-0.649896,0.455522,0.1,0.1,0.1
0.756643,-0.640289,0.455877,0.1,0.1,0.1
0.391188,0.216023,0.010000,0.1,0.1,0.1
0.898007,0.408958,0.543627,0.1,0.1,0.1
0.336705,0.002073,0.114199,0.1,0.1,0.1
0.687076,-0.629915,0.447537,0.1,0.1,0.1
0.572418,-0.042313,0.328881,0.1,0.1,0.1
0.594546,-0.029188,0.720964,0.1,0.1,0.1
0.493826,0.521156,0.321615,0.1,0.1,0.1
0.583971,-0.606490,0.128434,0.1,0.1,0.1
0.761888,-0.518290,0.703574,0.1,0.1,0.1
0.245588,-0.243414,0.327080,0.1,0.1,0.1
0.689957,0.214637,0.370224,0.1,0.1,0.1
0.744869,0.464391,0.732755,0.1,0.1,0.1
0.753321,-0.255533,0.774615,0.1,0.1,0.1
0.796767,0.232717,0.774615,0.1,0.1,0.1
0.849077,-0.130769,0.333803,0.1,0.1,0.1
0.308442,-0.210692,0.014000,0.1,0.1,0.1
0.676266,0.350044,0.763182,0.1,0.1,0.1
0.725833,0.459129,0.009247,0.1,0.1,0.1
0.410167,-0.003075,0.200786,0.1,0.1,0.1
0.757845,0.084084,0.397307,0.1,0.1,0.1
0.919240,-0.032105,0.239718,0.1,0.1,0.1
0.802034,-0.469996,0.387307,0.1,0.1,0.1
0.545915,-0.356997,0.397307,0.1,0.1,0.1
0.725750,0.332817,0.774615,0.1,0.1,0.1
0.363818,-0.547633,0.094115,0.1,0.1,0.1
0.983843,0.296430,0.492800,0.1,0.1,0.1
1.031209,0.377487,0.052428,0.1,0.1,0.1
0.551026,-0.593542,0.609458,0.1,0.1,0.1
0.707284,0.311319,0.774615,0.1,0.1,0.1
0.947394,0.378083,0.397307,0.1,0.1,0.1
0.593118,-0.352105,0.774615,0.1,0.1,0.1
0.218705,-0.417530,0.269194,0.1,0.1,0.1
0.880582,0.417757,0.607499,0.1,0.1,0.1
0.454830,0.160051,0.010000,0.1,0.1,0.1
0.680196,0.284341,0.014000,0.1,0.1,0.1
0.371414,-0.007207,0.238525,0.1,0.1,0.1
0.869973,-0.216385,0.263132,0.1,0.1,0.1
0.990854,0.197042,0.782907,0.1,0.1,0.1
0.625887,0.004371,0.010000,0.1,0.1,0.1
0.312044,0.005162,0.163412,0.1,0.1,0.1
0.804730,-0.460423,0.511451,0.1,0.1,0.1
0.996620,0.218611,0.393815,0.1,0.1,0.1
0.774434,-0.486850,0.423664,0.1,0.1,0.1
1.025661,0.378970,0.213531,0.1,0.1,0.1
0.783065,0.443828,0.708377,0.1,0.1,0.1
0.480942,-0.567170,0.364309,0.1,0.1,0.1
0.952053,0.390518,0.397307,0.1,0.1,0.1
0.756490,-0.379471,0.387307,0.1,0.1,0.1
0.510232,-0.586776,0.169274,0.1,0.1,0.1
0.546405,-0.594401,0.397307,0.1,0.1,0.1
0.909767,-0.083714,0.000000,0.1,0.1,0.1
0.729275,0.458208,0.596342,0.1,0.1,0.1
0.374729,0.166064,0.212407,0.1,0.1,0.1
0.981151,0.390870,0.003785,0.1,0.1,0.1
0.889761,-0.055474,0.508661,0.1,0.1,0.1
1.013468,0.281628,0.388860,0.1,0.1,0.1
0.599665,0.016918,0.014000,0.1,0.1,0.1
0.801108,-0.473972,0.635885,0.1,0.1,0.1
0.963060,0.093082,0.457783,0.1,0.1,0.1
0.472371,0.016610,0.010000,0.1,0.1,0.1
0.506580,-0.039203,0.053333,0.1,0.1,0.1
0.530485,0.507215,0.139319,0.1,0.1,0.1
0.611428,-0.079095,0.248427,0.1,0.1,0.1
0.736417,0.382383,0.397307,0.1,0.1,0.1
0.658016,0.095162,0.053408,0.1,0.1,0.1
0.835437,-0.345564,0.202398,0.1,0.1,0.1
0.655031,0.099484,0.158544,0.1,0.1,0.1
0.245835,-0.511950,0.116179,0.1,0.1,0.1
0.619586,-0.611871,0.539605,0.1,0.1,0.1
0.898853,-0.144076,0.139685,0.1,0.1,0.1
0.858864,-0.155557,0.439018,0.1,0.1,0.1
0.327364,-0.533746,0.145949,0.1,0.1,0.1
0.806565,-0.173718,0.774615,0.1,0.1,0.1
0.990977,0.197504,0.438262,0.1,0.1,0.1
0.850479,-0.052486,0.397307,0.1,0.1,0.1
0.625180,-0.012172,0.252589,0.1,0.1,0.1
0.595435,0.260212,0.010000,0.1,0.1,0.1
0.841619,0.424033,0.558790,0.1,0.1,0.1
0.589973,-0.618446,0.213691,0.1,0.1,0.1
0.226409,-0.315150,0.012291,0.1,0.1,0.1
0.953773,0.058344,0.500105,0.1,0.1,0.1
0.921348,0.417209,0.190969,0.1,0.1,0.1
0.793608,-0.540743,0.575546,0.1,0.1,0.1
0.888409,0.415664,0.046646,0.1,0.1,0.1
0.589630,-0.377743,0.774615,0.1,0.1,0.1
0.595101,0.494080,0.355148,0.1,0.1,0.1
0.499623,-0.594291,0.249035,0.1,0.1,0.1
0.769887,0.128485,0.010000,0.1,0.1,0.1
0.476090,-0.472266,0.736407,0.1,0.1,0.1
0.245457,-0.243903,0.207535,0.1,0.1,0.1
0.736032,-0.587016,0.000000,0.1,0.1,0.1
0.238273,-0.514068,0.203004,0.1,0.1,0.1
1.000846,0.234416,0.118506,0.1,0.1,0.1
0.376557,0.010962,0.014000,0.1,0.1,0.1
0.788521,-0.363515,0.010000,0.1,0.1,0.1
0.596668,-0.027508,0.784615,0.1,0.1,0.1
0.735467,-0.213040,0.397307,0.1,0.1,0.1
0.596332,-0.541885,0.387307,0.1,0.1,0.1
0.909497,-0.107268,0.390834,0.1,0.1,0.1
0.885996,-0.069558,0.570581,0.1,0.1,0.1
0.665398,0.122776,0.074023,0.1,0.1,0.1
0.391688,0.303063,0.381161,0.1,0.1,0.1
0.399880,0.003815,0.321540,0.1,0.1,0.1
0.837514,-0.338876,0.387307,0.1,0.1,0.1
0.521632,-0.380930,0.774615,0.1,0.1,0.1
0.961217,0.211801,0.537319,0.1,0.1,0.1
0.761955,-0.659137,0.209564,0.1,0.1,0.1
0.843194,-0.234095,0.000000,0.1,0.1,0.1
0.807389,0.433184,0.517751,0.1,0.1,0.1
0.240537,-0.262308,0.326667,0.1,0.1,0.1
0.945422,0.027109,0.013970,0.1,0.1,0.1
0.263810,-0.175254,0.363928,0.1,0.1,0.1
0.520902,-0.417703,0.253748,0.1,0.1,0.1
0.545308,-0.475201,0.774615,0.1,0.1,0.1
0.578100,-0.062464,0.367682,0.1,0.1,0.1
0.697602,-0.068110,0.000000,0.1,0.1,0.1
0.717733,-0.642252,0.642911,0.1,0.1,0.1
1.030914,0.382206,0.784615,0.1,0.1,0.1
0.967874,0.149807,0.415957,0.1,0.1,0.1
0.374973,0.240543,0.133450,0.1,0.1,0.1
0.652812,0.078577,0.784615,0.1,0.1,0.1
0.875379,-0.234884,0.311594,0.1,0.1,0.1
1.040338,0.382136,0.157158,0.1,0.1,0.1
0.659667,0.287955,0.736146,0.1,0.1,0.1
0.890707,-0.138833,0.468604,0.1,0.1,0.1
0.529949,-0.543073,0.010000,0.1,0.1,0.1
0.936151,0.402900,0.783519,0.1,0.1,0.1
0.992058,0.327158,0.774418,0.1,0.1,0.1
0.599010,-0.620862,0.257013,0.1,0.1,0.1
0.862123,0.220260,0.397307,0.1,0.1,0.1
0.207376,-0.459907,0.157577,0.1,0.1,0.1
1.020345,0.380391,0.643263,0.1,0.1,0.1
0.862871,-0.242952,0.443072,0.1,0.1,0.1
0.606810,-0.502846,0.010000,0.1,0.1,0.1
0.555557,-0.432932,0.397307,0.1,0.1,0.1
0.390443,-0.012294,0.045393,0.1,0.1,0.1
0.780614,0.027222,0.387307,0.1,0.1,0.1
0.635608,0.011346,0.080215,0.1,0.1,0.1
0.453108,-0.571504,0.555504,0.1,0.1,0.1
0.531949,-0.263328,0.593516,0.1,0.1,0.1
0.628263,0.096926,0.470298,0.1,0.1,0.1
0.355783,0.001113,0.051455,0.1,0.1,0.1
0.662366,-0.627449,0.541153,0.1,0.1,0.1
0.489639,-0.348023,0.494590,0.1,0.1,0.1
0.564845,-0.597236,0.624164,0.1,0.1,0.1
0.645165,0.047094,0.153252,0.1,0.1,0.1
0.493694,-0.332857,0.699929,0.1,0.1,0.1
0.633543,0.308358,0.014000,0.1,0.1,0.1
0.596503,-0.067384,0.133416,0.1,0.1,0.1
0.960843,0.123505,0.011491,0.1,0.1,0.1
0.646788,-0.619144,0.499941,0.1,0.1,0.1
0.459049,-0.536007,0.622599,0.1,0.1,0.1
0.582801,-0.045088,0.032059,0.1,0.1,0.1
0.771080,0.447032,0.053262,0.1,0.1,0.1
0.769342,-0.490406,0.405939,0.1,0.1,0.1
0.652778,-0.624886,0.131925,0.1,0.1,0.1
0.749113,0.451391,0.100142,0.1,0.1,0.1
0.657695,0.280579,0.434938,0.1,0.1,0.1
0.731476,-0.645926,0.752559,0.1,0.1,0.1
0.738284,-0.606579,0.534513,0.1,0.1,0.1
0.689662,0.213532,0.166430,0.1,0.1,0.1
0.770418,-0.501868,0.402712,0.1,0.1,0.1
0.968962,0.115156,0.185441,0.1,0.1,0.1
0.456355,0.357183,0.014000,0.1,0.1,0.1
0.984011,0.210166,0.261855,0.1,0.1,0.1
0.554775,0.504861,0.126561,0.1,0.1,0.1
0.447377,-0.569972,0.611455,0.1,0.1,0.1
0.616167,-0.085676,0.010000,0.1,0.1,0.1
0.644890,-0.622777,0.416139,0.1,0.1,0.1
0.608928,0.098167,0.494905,0.1,0.1,0.1
0.964625,0.395288,0.638459,0.1,0.1,0.1
0.584582,0.180889,0.014000,0.1,0.1,0.1
0.546816,-0.054100,0.134959,0.1,0.1,0.1
0.758110,-0.159034,0.784615,0.1,0.1,0.1
0.879848,-0.179448,0.096478,0.1,0.1,0.1
0.938619,0.402241,0.517255,0.1,0.1,0.1
0.817198,0.330575,0.397307,0.1,0.1,0.1
0.984763,0.389904,0.535078,0.1,0.1,0.1
0.738060,0.466211,0.666675,0.1,0.1,0.1
0.845041,0.437610,0.244861,0.1,0.1,0.1
0.414395,0.387996,0.221743,0.1,0.1,0.1
0.418122,0.328372,0.101776,0.1,0.1,0.1
0.591798,0.490822,0.296003,0.1,0.1,0.1
0.768756,-0.234588,0.397307,0.1,0.1,0.1
0.368651,0.143332,0.372774,0.1,0.1,0.1
0.537630,0.319438,0.014000,0.1,0.1,0.1
0.794705,-0.395540,0.656139,0.1,0.1,0.1
0.237410,-0.274002,0.302776,0.1,0.1,0.1
0.606830,-0.066004,0.183671,0.1,0.1,0.1
0.719840,-0.541767,0.010000,0.1,0.1,0.1
0.364523,-0.547821,0.139309,0.1,0.1,0.1
0.856939,-0.076238,0.401307,0.1,0.1,0.1
0.682732,0.187613,0.306199,0.1,0.1,0.1
0.364978,-0.001346,0.124569,0.1,0.1,0.1
0.850175,-0.203546,0.602374,0.1,0.1,0.1
0.770421,-0.206794,0.401307,0.1,0.1,0.1
0.708409,-0.322489,0.387307,0.1,0.1,0.1
0.581661,-0.360765,0.401307,0.1,0.1,0.1
0.289102,-0.523517,0.364715,0.1,0.1,0.1
0.840477,0.428479,0.190982,0.1,0.1,0.1
0.437374,-0.567298,0.346097,0.1,0.1,0.1
0.776047,-0.567710,0.407195,0.1,0.1,0.1
0.508475,-0.586306,0.014510,0.1,0.1,0.1
0.605483,-0.131589,0.387307,0.1,0.1,0.1
0.579310,-0.086181,0.003311,0.1,0.1,0.1
0.772167,-0.289481,0.000000,0.1,0.1,0.1
0.656324,-0.621693,0.489484,0.1,0.1,0.1
0.946354,0.171694,0.589283,0.1,0.1,0.1
0.826685,0.428026,0.747021,0.1,0.1,0.1
0.392236,-0.098651,0.014000,0.1,0.1,0.1
0.873086,-0.126836,0.065625,0.1,0.1,0.1
0.568856,-0.125283,0.716619,0.1,0.1,0.1
0.912482,0.029511,0.749191,0.1,0.1,0.1
0.526506,-0.034179,0.161433,0.1,0.1,0.1
0.965204,0.139820,0.194573,0.1,0.1,0.1
0.325342,-0.533206,0.275871,0.1,0.1,0.1
0.374741,0.166111,0.017957,0.1,0.1,0.1
0.381141,0.004685,0.280726,0.1,0.1,0.1
0.341739,0.116231,0.306991,0.1,0.1,0.1
0.668040,-0.628966,0.567012,0.1,0.1,0.1
0.523122,0.014494,0.010000,0.1,0.1,0.1
0.779691,-0.554079,0.359667,0.1,0.1,0.1
0.411212,0.376091,0.082509,0.1,0.1,0.1
0.679946,0.192678,0.208634,0.1,0.1,0.1
0.829237,0.213137,0.387307,0.1,0.1,0.1
0.461785,-0.452211,0.414907,0.1,0.1,0.1
0.859437,-0.184219,0.000000,0.1,0.1,0.1
0.479558,-0.431334,0.014000,0.1,0.1,0.1
0.605344,-0.055256,0.275378,0.1,0.1,0.1
0.390835,0.299871,0.028333,0.1,0.1,0.1
0.330457,0.000467,0.274738,0.1,0.1,0.1
0.729227,-0.645324,0.023044,0.1,0.1,0.1
0.530920,-0.045710,0.296122,0.1,0.1,0.1
0.751513,-0.651283,0.638685,0.1,0.1,0.1
0.263293,-0.250753,0.367370,0.1,0.1,0.1
0.854316,-0.252814,0.397307,0.1,0.1,0.1
0.924309,0.406830,0.000000,0.1,0.1,0.1
0.956026,0.407938,0.328471,0.1,0.1,0.1
0.523545,-0.221199,0.649618,0.1,0.1,0.1
0.636574,-0.030920,0.397307,0.1,0.1,0.1
0.771121,-0.624853,0.761099,0.1,0.1,0.1
0.866644,-0.141944,0.708341,0.1,0.1,0.1
0.535876,-0.207854,0.774615,0.1,0.1,0.1
0.864174,-0.241214,0.774615,0.1,0.1,0.1
0.549858,-0.293907,0.348088,0.1,0.1,0.1
0.380013,-0.115880,0.010000,0.1,0.1,0.1
0.985597,0.177380,0.709818,0.1,0.1,0.1
0.329711,-0.002320,0.178930,0.1,0.1,0.1
0.846209,-0.128227,0.774615,0.1,0.1,0.1
0.849521,0.436412,0.296847,0.1,0.1,0.1
0.899102,0.289520,0.774615,0.1,0.1,0.1
0.610684,-0.613632,0.564326,0.1,0.1,0.1
0.912994,0.057446,0.401307,0.1,0.1,0.1
0.718290,-0.642400,0.308089,0.1,0.1,0.1
0.914455,-0.032431,0.774615,0.1,0.1,0.1
0.341698,0.015230,0.078080,0.1,0.1,0.1
0.483969,-0.442794,0.479115,0.1,0.1,0.1
0.606728,-0.065977,0.043758,0.1,0.1,0.1
0.464921,0.427655,0.010000,0.1,0.1,0.1
0.369036,-0.006571,0.287798,0.1,0.1,0.1
0.728585,0.189748,0.387307,0.1,0.1,0.1
0.449120,-0.013490,0.259637,0.1,0.1,0.1
0.680970,-0.632423,0.675047,0.1,0.1,0.1
0.310230,-0.529166,0.291306,0.1,0.1,0.1
0.938148,0.125511,0.764896,0.1,0.1,0.1
0.727645,0.371094,0.243401,0.1,0.1,0.1
0.732113,-0.656447,0.403408,0.1,0.1,0.1
0.866054,-0.269761,0.272686,0.1,0.1,0.1
0.198481,-0.493179,0.181672,0.1,0.1,0.1
0.828777,0.427466,0.750133,0.1,0.1,0.1
0.522197,0.226335,0.010000,0.1,0.1,0.1
0.511167,-0.597377,0.710028,0.1,0.1,0.1
0.776492,-0.604764,0.247633,0.1,0.1,0.1
0.927207,0.084589,0.601026,0.1,0.1,0.1
0.820724,-0.298218,0.680430,0.1,0.1,0.1
0.504459,-0.290016,0.010000,0.1,0.1,0.1
0.469476,-0.289500,0.010000,0.1,0.1,0.1
0.579155,-0.199811,0.020583,0.1,0.1,0.1
0.987164,0.183242,0.207244,0.1,0.1,0.1
0.785861,0.453432,0.436170,0.1,0.1,0.1
0.679088,0.287034,0.704749,0.1,0.1,0.1
0.845518,-0.346576,0.713729,0.1,0.1,0.1
0.997300,0.221155,0.599610,0.1,0.1,0.1
0.641505,0.048894,0.114305,0.1,0.1,0.1
0.821043,-0.020778,0.397307,0.1,0.1,0.1
0.613412,0.485044,0.049927,0.1,0.1,0.1
0.763602,-0.652976,0.487257,0.1,0.1,0.1
0.530729,0.507149,0.350218,0.1,0.1,0.1
0.512554,-0.583257,0.558877,0.1,0.1,0.1
0.871061,0.416162,0.576667,0.1,0.1,0.1
0.678298,0.357642,0.425921,0.1,0.1,0.1
0.959750,0.206314,0.736206,0.1,0.1,0.1
0.530766,-0.586734,0.010000,0.1,0.1,0.1
0.839692,-0.368368,0.320767,0.1,0.1,0.1
0.637025,0.239912,0.014000,0.1,0.1,0.1
0.611226,-0.609636,0.693073,0.1,0.1,0.1
0.492591,-0.483229,0.010000,0.1,0.1,0.1
0.482227,0.371722,0.014000,0.1,0.1,0.1
0.883911,0.416867,0.428700,0.1,0.1,0.1
0.235547,-0.354535,0.384491,0.1,0.1,0.1
0.943441,0.160798,0.744229,0.1,0.1,0.1
0.880709,-0.214946,0.394491,0.1,0.1,0.1
0.743400,0.454432,0.562904,0.1,0.1,0.1
0.828630,-0.268644,0.515462,0.1,0.1,0.1
0.883475,-0.165884,0.519933,0.1,0.1,0.1
0.653421,-0.533168,0.000000,0.1,0.1,0.1
0.953266,0.320623,0.401307,0.1,0.1,0.1
0.987474,0.223118,0.075948,0.1,0.1,0.1
0.293750,-0.063266,0.358583,0.1,0.1,0.1
0.424625,-0.017292,0.131313,0.1,0.1,0.1
0.332001,-0.041224,0.010000,0.1,0.1,0.1
0.665953,-0.628408,0.424808,0.1,0.1,0.1
0.457079,-0.451614,0.014000,0.1,0.1,0.1
0.997485,0.396854,0.059231,0.1,0.1,0.1
0.810280,-0.460890,0.397307,0.1,0.1,0.1
1.000688,0.385647,0.606335,0.1,0.1,0.1
0.937667,0.139199,0.534202,0.1,0.1,0.1
0.709035,-0.544104,0.397307,0.1,0.1,0.1
0.278995,-0.192020,0.379688,0.1,0.1,0.1
0.859857,0.403416,0.387307,0.1,0.1,0.1
0.809122,0.326838,0.401307,0.1,0.1,0.1
0.383011,-0.379126,0.010000,0.1,0.1,0.1
0.638820,-0.311876,0.387307,0.1,0.1,0.1
0.685009,0.470043,0.029649,0.1,0.1,0.1
0.675722,0.472526,0.110661,0.1,0.1,0.1
0.460599,-0.573507,0.757872,0.1,0.1,0.1
0.297023,-0.525635,0.136549,0.1,0.1,0.1
0.419113,-0.562416,0.176941,0.1,0.1,0.1
0.980332,0.157687,0.519857,0.1,0.1,0.1
0.594299,0.490154,0.381002,0.1,0.1,0.1
0.967948,0.111363,0.273408,0.1,0.1,0.1
0.656737,-0.625944,0.021800,0.1,0.1,0.1
0.520810,0.513942,0.051045,0.1,0.1,0.1
0.860730,-0.164065,0.728466,0.1,0.1,0.1
0.535204,0.138993,0.014000,0.1,0.1,0.1
0.779022,-0.595301,0.006145,0.1,0.1,0.1
0.753194,-0.662083,0.038084,0.1,0.1,0.1
0.357064,-0.003370,0.157495,0.1,0.1,0.1
0.780409,-0.324451,0.010000,0.1,0.1,0.1
0.693934,0.026978,0.010000,0.1,0.1,0.1
0.483719,-0.579688,0.449327,0.1,0.1,0.1
0.880236,0.413709,0.768199,0.1,0.1,0.1
0.447185,-0.569921,0.285047,0.1,0.1,0.1
0.579645,-0.201094,0.000000,0.1,0.1,0.1
1.036757,0.386355,0.782059,0.1,0.1,0.1
0.572406,-0.209567,0.094051,0.1,0.1,0.1
0.407599,0.001751,0.071311,0.1,0.1,0.1
0.835895,0.425563,0.537140,0.1,0.1,0.1
0.434355,0.389091,0.101213,0.1,0.1,0.1
1.017646,0.335973,0.331857,0.1,0.1,0.1
0.855668,-0.269895,0.045461,0.1,0.1,0.1
0.321421,-0.536298,0.364172,0.1,0.1,0.1
0.822164,-0.292829,0.673213,0.1,0.1,0.1
0.604982,0.491438,0.184543,0.1,0.1,0.1
0.972278,0.393242,0.000884,0.1,0.1,0.1
0.795462,0.249405,0.774615,0.1,0.1,0.1
0.833231,-0.233654,0.784615,0.1,0.1,0.1
0.377976,-0.146800,0.014000,0.1,0.1,0.1
0.974983,0.176396,0.773983,0.1,0.1,0.1
0.370244,-0.002753,0.136841,0.1,0.1,0.1
0.501358,-0.437743,0.397307,0.1,0.1,0.1
0.218570,-0.508801,0.109207,0.1,0.1,0.1
0.973227,0.169826,0.003923,0.1,0.1,0.1
0.457877,-0.015831,0.040571,0.1,0.1,0.1
0.643249,-0.005112,0.401307,0.1,0.1,0.1
0.617128,0.484051,0.262562,0.1,0.1,0.1
0.592252,-0.038111,0.387307,0.1,0.1,0.1
0.721448,-0.653596,0.486938,0.1,0.1,0.1
0.985584,0.318431,0.749516,0.1,0.1,0.1
0.943040,0.185336,0.397307,0.1,0.1,0.1
0.690182,-0.316717,0.387307,0.1,0.1,0.1
0.718343,-0.652766,0.021838,0.1,0.1,0.1
0.510581,-0.597221,0.630933,0.1,0.1,0.1
0.854370,-0.178654,0.784615,0.1,0.1,0.1
0.929492,0.415032,0.299857,0.1,0.1,0.1
0.847551,-0.220282,0.397307,0.1,0.1,0.1
0.499042,-0.474211,0.401307,0.1,0.1,0.1
0.819814,-0.432492,0.397307,0.1,0.1,0.1
0.705477,0.013964,0.387307,0.1,0.1,0.1
0.971488,0.130212,0.387307,0.1,0.1,0.1
0.865256,-0.124743,0.242487,0.1,0.1,0.1
0.320321,-0.226925,0.014000,0.1,0.1,0.1
0.696836,0.222391,0.397307,0.1,0.1,0.1
0.856661,0.434503,0.370774,0.1,0.1,0.1
0.374404,0.075248,0.014000,0.1,0.1,0.1
0.945463,0.410762,0.095734,0.1,0.1,0.1
0.579906,-0.409094,0.774615,0.1,0.1,0.1
0.697592,-0.023715,0.774615,0.1,0.1,0.1
0.476301,-0.035248,0.275110,0.1,0.1,0.1
1.027803,0.335250,0.276584,0.1,0.1,0.1
0.585989,-0.064593,0.397307,0.1,0.1,0.1
0.796089,-0.526627,0.000000,0.1,0.1,0.1
0.606948,-0.095853,0.266996,0.1,0.1,0.1
0.506037,-0.286687,0.687823,0.1,0.1,0.1
0.448215,-0.023599,0.156233,0.1,0.1,0.1
0.725623,-0.644361,0.198628,0.1,0.1,0.1
0.736005,0.456409,0.377787,0.1,0.1,0.1
0.577182,-0.207191,0.199712,0.1,0.1,0.1
0.936513,0.402804,0.021835,0.1,0.1,0.1
0.672324,-0.437149,0.397307,0.1,0.1,0.1
0.651025,-0.165563,0.397307,0.1,0.1,0.1
0.693770,0.310253,0.397307,0.1,0.1,0.1
0.640244,0.028690,0.257248,0.1,0.1,0.1
0.924582,-0.039753,0.000000,0.1,0.1,0.1
0.516924,-0.390881,0.000000,0.1,0.1,0.1
0.639266,0.211648,0.524195,0.1,0.1,0.1
0.724361,-0.169144,0.401307,0.1,0.1,0.1
0.656762,-0.544387,0.387307,0.1,0.1,0.1
0.894885,-0.020822,0.739298,0.1,0.1,0.1
0.779093,-0.230498,0.000000,0.1,0.1,0.1
0.774345,-0.037923,0.010000,0.1,0.1,0.1
0.851422,-0.131396,0.018361,0.1,0.1,0.1
0.686481,-0.246812,0.387307,0.1,0.1,0.1
0.646649,0.052645,0.079782,0.1,0.1,0.1
0.839522,-0.227903,0.436617,0.1,0.1,0.1
0.685671,-0.377884,0.387307,0.1,0.1,0.1
0.563564,-0.601034,0.665934,0.1,0.1,0.1
0.904491,0.101388,0.774615,0.1,0.1,0.1
0.848896,-0.197574,0.397307,0.1,0.1,0.1
0.839271,-0.369944,0.281593,0.1,0.1,0.1
0.555491,-0.175273,0.584024,0.1,0.1,0.1
0.523587,-0.221044,0.616234,0.1,0.1,0.1
0.793200,-0.542270,0.422778,0.1,0.1,0.1
0.833729,-0.381220,0.000000,0.1,0.1,0.1
0.409923,0.371271,0.193066,0.1,0.1,0.1
0.417445,-0.214974,0.010000,0.1,0.1,0.1
0.932306,0.414280,0.751371,0.1,0.1,0.1
0.462311,-0.569386,0.774615,0.1,0.1,0.1
1.004662,0.287408,0.515668,0.1,0.1,0.1
0.596277,-0.095713,0.014000,0.1,0.1,0.1
0.920055,0.057836,0.666484,0.1,0.1,0.1
0.562718,0.270040,0.010000,0.1,0.1,0.1
0.913267,-0.093166,0.198947,0.1,0.1,0.1
0.484153,-0.396042,0.010000,0.1,0.1,0.1
0.588802,-0.453046,0.784615,0.1,0.1,0.1
0.345414,-0.000255,0.128528,0.1,0.1,0.1
0.497525,-0.036782,0.134871,0.1,0.1,0.1
0.411624,0.377634,0.021714,0.1,0.1,0.1
1.038236,0.385959,0.288104,0.1,0.1,0.1
1.025941,0.328283,0.360604,0.1,0.1,0.1
0.514541,-0.030980,0.370356,0.1,0.1,0.1
0.937687,0.123787,0.456779,0.1,0.1,0.1
0.898360,-0.148924,0.035952,0.1,0.1,0.1
0.888846,0.411407,0.536194,0.1,0.1,0.1
0.766029,0.458734,0.374060,0.1,0.1,0.1
0.784656,-0.448613,0.422071,0.1,0.1,0.1
0.313329,-0.063598,0.297663,0.1,0.1,0.1
0.530527,-0.049745,0.371040,0.1,0.1,0.1
0.537194,0.372976,0.010000,0.1,0.1,0.1
0.471004,-0.033832,0.282982,0.1,0.1,0.1
0.259604,-0.229284,0.010000,0.1,0.1,0.1
0.738500,0.411696,0.129433,0.1,0.1,0.1
0.606918,-0.055677,0.351396,0.1,0.1,0.1
0.521023,-0.032713,0.244106,0.1,0.1,0.1
0.189279,-0.454032,0.199923,0.1,0.1,0.1
0.842705,-0.318379,0.407015,0.1,0.1,0.1
0.452698,-0.571395,0.649612,0.1,0.1,0.1
0.857790,-0.257257,0.000000,0.1,0.1,0.1
0.538369,0.509247,0.253149,0.1,0.1,0.1
0.368039,-0.002164,0.107521,0.1,0.1,0.1
0.961077,0.085664,0.458708,0.1,0.1,0.1
0.671844,-0.073034,0.248163,0.1,0.1,0.1
0.976094,0.282935,0.560702,0.1,0.1,0.1
0.865931,-0.124924,0.385251,0.1,0.1,0.1
0.811713,0.354309,0.784615,0.1,0.1,0.1
0.725664,0.172445,0.774615,0.1,0.1,0.1
0.233811,-0.374962,0.014000,0.1,0.1,0.1
0.569466,-0.049436,0.428506,0.1,0.1,0.1
0.942987,0.018000,0.508770,0.1,0.1,0.1
0.385659,-0.168172,0.014000,0.1,0.1,0.1
0.434163,0.388376,0.272612,0.1,0.1,0.1
0.683165,0.189232,0.177462,0.1,0.1,0.1
0.537639,-0.051647,0.044601,0.1,0.1,0.1
0.900847,0.412339,0.399812,0.1,0.1,0.1
0.898163,0.411232,0.010000,0.1,0.1,0.1
0.633521,0.019028,0.223943,0.1,0.1,0.1
0.766088,-0.273757,0.397307,0.1,0.1,0.1
0.687100,0.469484,0.303687,0.1,0.1,0.1
0.825505,0.442833,0.760181,0.1,0.1,0.1
0.951499,0.190937,0.469462,0.1,0.1,0.1
0.349766,0.017213,0.247302,0.1,0.1,0.1
0.469515,-0.029293,0.040651,0.1,0.1,0.1
0.599229,-0.049481,0.071467,0.1,0.1,0.1
0.667104,0.242208,0.495413,0.1,0.1,0.1
0.551696,-0.302521,0.220250,0.1,0.1,0.1
1.038707,0.376033,0.234381,0.1,0.1,0.1
0.854942,-0.311328,0.313746,0.1,0.1,0.1
0.624196,0.105376,0.014000,0.1,0.1,0.1
0.408191,-0.012898,0.196906,0.1,0.1,0.1
0.623537,0.081561,0.397307,0.1,0.1,0.1
0.384696,-0.006617,0.161055,0.1,0.1,0.1
0.708762,0.300464,0.288983,0.1,0.1,0.1
0.792170,-0.517306,0.784615,0.1,0.1,0.1
0.457122,0.243070,0.014000,0.1,0.1,0.1
0.486837,-0.358504,0.475039,0.1,0.1,0.1
0.910688,0.296806,0.387307,0.1,0.1,0.1
0.662763,-0.637907,0.121584,0.1,0.1,0.1
0.687140,-0.634072,0.263485,0.1,0.1,0.1
0.614682,-0.134420,0.774615,0.1,0.1,0.1
0.948898,0.399493,0.703050,0.1,0.1,0.1
0.937447,-0.002722,0.226249,0.1,0.1,0.1
0.719312,-0.638533,0.632825,0.1,0.1,0.1
0.259107,-0.519638,0.361455,0.1,0.1,0.1
0.592418,-0.062151,0.166653,0.1,0.1,0.1
0.932233,0.414299,0.027970,0.1,0.1,0.1
0.319712,0.033840,0.107787,0.1,0.1,0.1
0.392668,-0.012889,0.387127,0.1,0.1,0.1
0.529334,-0.034935,0.323199,0.1,0.1,0.1
0.816394,-0.086580,0.774615,0.1,0.1,0.1
0.464107,-0.574445,0.490686,0.1,0.1,0.1
0.787526,-0.437880,0.671533,0.1,0.1,0.1
0.836459,-0.380460,0.274839,0.1,0.1,0.1
0.631519,-0.629553,0.182236,0.1,0.1,0.1
0.468912,0.204536,0.010000,0.1,0.1,0.1
0.745525,0.422486,0.046274,0.1,0.1,0.1
0.187529,-0.460581,0.352154,0.1,0.1,0.1
0.781122,-0.452978,0.387307,0.1,0.1,0.1
1.000533,0.233248,0.773290,0.1,0.1,0.1
0.512212,-0.495844,0.397307,0.1,0.1,0.1
1.031190,0.386634,0.496193,0.1,0.1,0.1
0.832599,-0.265480,0.774615,0.1,0.1,0.1
0.694065,0.071900,0.397307,0.1,0.1,0.1
0.681214,0.197420,0.369266,0.1,0.1,0.1
0.822566,0.378703,0.401307,0.1,0.1,0.1
0.972050,0.403654,0.618640,0.1,0.1,0.1
0.618659,-0.139147,0.397307,0.1,0.1,0.1
0.594666,-0.141794,0.067664,0.1,0.1,0.1
0.987520,0.325674,0.723700,0.1,0.1,0.1
0.736918,-0.611686,0.770414,0.1,0.1,0.1
0.578636,-0.097786,0.010000,0.1,0.1,0.1
0.927118,0.084257,0.753740,0.1,0.1,0.1
0.688017,-0.087709,0.279978,0.1,0.1,0.1
0.742518,-0.590739,0.758680,0.1,0.1,0.1
0.809379,-0.328028,0.397307,0.1,0.1,0.1
0.749447,0.129845,0.401307,0.1,0.1,0.1
0.729986,0.458018,0.043899,0.1,0.1,0.1
0.253714,-0.286585,0.290906,0.1,0.1,0.1
0.906260,0.113332,0.397307,0.1,0.1,0.1
0.867526,0.421247,0.769117,0.1,0.1,0.1
0.638407,-0.431733,0.387307,0.1,0.1,0.1
0.786545,0.228167,0.774615,0.1,0.1,0.1
0.419781,-0.508955,0.010000,0.1,0.1,0.1
0.409042,0.302079,0.010000,0.1,0.1,0.1
0.218976,-0.342952,0.237211,0.1,0.1,0.1
0.789199,0.442188,0.622213,0.1,0.1,0.1
0.451236,-0.581355,0.382784,0.1,0.1,0.1
0.709447,0.303024,0.103197,0.1,0.1,0.1
0.443910,0.070691,0.010000,0.1,0.1,0.1
0.239171,-0.340981,0.087047,0.1,0.1,0.1
0.809684,0.168441,0.397307,0.1,0.1,0.1
0.569011,-0.237755,0.039143,0.1,0.1,0.1
0.529016,-0.280155,0.010000,0.1,0.1,0.1
0.763562,-0.653128,0.174223,0.1,0.1,0.1
0.548335,-0.202037,0.491729,0.1,0.1,0.1
0.897415,0.409116,0.661252,0.1,0.1,0.1
0.454615,0.464871,0.165059,0.1,0.1,0.1
0.981574,0.287945,0.666385,0.1,0.1,0.1
0.283093,-0.176694,0.082025,0.1,0.1,0.1
0.624826,-0.627764,0.258186,0.1,0.1,0.1
0.713214,0.376914,0.010000,0.1,0.1,0.1
0.449124,-0.573131,0.222732,0.1,0.1,0.1
0.757014,-0.638903,0.498259,0.1,0.1,0.1
0.440556,-0.007060,0.233811,0.1,0.1,0.1
0.695773,-0.600034,0.397307,0.1,0.1,0.1
0.470705,-0.492407,0.732691,0.1,0.1,0.1
0.896425,-0.015064,0.639686,0.1,0.1,0.1
0.376386,0.005956,0.090099,0.1,0.1,0.1
0.825796,-0.350610,0.397307,0.1,0.1,0.1
0.280993,-0.297562,0.014000,0.1,0.1,0.1
0.731239,-0.158203,0.000000,0.1,0.1,0.1
0.960174,0.396478,0.714582,0.1,0.1,0.1
0.464337,-0.570366,0.137278,0.1,0.1,0.1
0.542004,-0.437600,0.397307,0.1,0.1,0.1
0.824977,-0.384689,0.628581,0.1,0.1,0.1
0.806070,0.272272,0.000000,0.1,0.1,0.1
0.914574,0.408669,0.588290,0.1,0.1,0.1
0.956058,0.105609,0.403965,0.1,0.1,0.1
0.668417,0.149553,0.031641,0.1,0.1,0.1
1.031091,0.387870,0.008429,0.1,0.1,0.1
0.629251,-0.367635,0.397307,0.1,0.1,0.1
0.887943,-0.130808,0.205529,0.1,0.1,0.1
0.621348,0.089917,0.014000,0.1,0.1,0.1
0.246944,-0.311908,0.046228,0.1,0.1,0.1
0.934055,-0.015411,0.588542,0.1,0.1,0.1
0.844166,-0.083491,0.784615,0.1,0.1,0.1
0.536110,-0.345328,0.273490,0.1,0.1,0.1
0.794809,-0.395151,0.602680,0.1,0.1,0.1
0.817907,-0.251115,0.000000,0.1,0.1,0.1
0.581537,-0.190900,0.097713,0.1,0.1,0.1
0.918190,0.407702,0.593621,0.1,0.1,0.1
0.413575,0.000154,0.215459,0.1,0.1,0.1
0.578965,-0.044063,0.111008,0.1,0.1,0.1
0.982757,0.307857,0.505976,0.1,0.1,0.1
0.987715,0.185301,0.242459,0.1,0.1,0.1
0.442144,0.418227,0.162918,0.1,0.1,0.1
0.868408,-0.260956,0.282794,0.1,0.1,0.1
0.438680,-0.225156,0.014000,0.1,0.1,0.1
0.661341,-0.627175,0.543002,0.1,0.1,0.1
0.890228,-0.140624,0.654002,0.1,0.1,0.1
0.909318,0.315232,0.000000,0.1,0.1,0.1
0.271782,-0.145435,0.263060,0.1,0.1,0.1
0.603633,-0.054798,0.350129,0.1,0.1,0.1
0.649723,0.064145,0.208983,0.1,0.1,0.1
0.985908,0.304155,0.582471,0.1,0.1,0.1
0.859615,-0.168235,0.683363,0.1,0.1,0.1
0.481709,-0.564300,0.068930,0.1,0.1,0.1
0.828341,-0.269727,0.758507,0.1,0.1,0.1
0.845206,-0.222129,0.587766,0.1,0.1,0.1
0.181787,-0.482057,0.175670,0.1,0.1,0.1
0.241398,-0.259085,0.272792,0.1,0.1,0.1
0.712833,-0.461062,0.784615,0.1,0.1,0.1
0.937544,0.123255,0.734874,0.1,0.1,0.1
0.991426,0.199181,0.009523,0.1,0.1,0.1
0.899748,-0.133964,0.159618,0.1,0.1,0.1
0.959544,0.243004,0.397307,0.1,0.1,0.1
0.412909,0.308876,0.012386,0.1,0.1,0.1
0.510615,-0.343127,0.544091,0.1,0.1,0.1
0.345117,0.128866,0.041823,0.1,0.1,0.1
0.973499,0.356211,0.397307,0.1,0.1,0.1
0.358661,0.105965,0.181765,0.1,0.1,0.1
0.855949,-0.204958,0.010000,0.1,0.1,0.1
0.453338,0.214550,0.014000,0.1,0.1,0.1
0.900109,0.412536,0.550857,0.1,0.1,0.1
0.982255,0.305979,0.543574,0.1,0.1,0.1
0.583871,-0.149802,0.010000,0.1,0.1,0.1
0.735437,-0.632713,0.663309,0.1,0.1,0.1
0.724263,-0.011472,0.000000,0.1,0.1,0.1
0.255281,-0.280723,0.287980,0.1,0.1,0.1
0.856614,0.369346,0.397307,0.1,0.1,0.1
0.533257,-0.588791,0.647712,0.1,0.1,0.1
0.776694,0.441391,0.706015,0.1,0.1,0.1
0.655803,0.102374,0.231783,0.1,0.1,0.1
0.233914,-0.360645,0.042341,0.1,0.1,0.1
0.204178,-0.500812,0.111832,0.1,0.1,0.1
0.522594,-0.411373,0.092122,0.1,0.1,0.1
0.428629,-0.003871,0.297368,0.1,0.1,0.1
0.492379,-0.505876,0.397307,0.1,0.1,0.1
0.927017,0.065725,0.397307,0.1,0.1,0.1
0.549537,-0.442313,0.010000,0.1,0.1,0.1
0.784821,-0.534893,0.142225,0.1,0.1,0.1
0.674211,-0.640967,0.495876,0.1,0.1,0.1
0.943629,0.400901,0.287870,0.1,0.1,0.1
0.660884,-0.169916,0.000000,0.1,0.1,0.1
0.888488,-0.185849,0.095144,0.1,0.1,0.1
0.361096,-0.015720,0.014000,0.1,0.1,0.1
0.811550,-0.348020,0.497443,0.1,0.1,0.1
0.770885,0.447084,0.426852,0.1,0.1,0.1
0.752050,-0.136472,0.397307,0.1,0.1,0.1
0.436798,-0.444385,0.014000,0.1,0.1,0.1
0.968559,0.239263,0.548790,0.1,0.1,0.1
0.882118,-0.028950,0.401307,0.1,0.1,0.1
0.726518,-0.286314,0.397307,0.1,0.1,0.1
0.878584,-0.081795,0.506532,0.1,0.1,0.1
0.570670,-0.216062,0.359812,0.1,0.1,0.1
0.466751,-0.501488,0.010000,0.1,0.1,0.1
0.835557,-0.258220,0.648127,0.1,0.1,0.1
0.631565,0.320491,0.010000,0.1,0.1,0.1
0.777581,-0.600691,0.709195,0.1,0.1,0.1
0.563589,-0.611392,0.114126,0.1,0.1,0.1
0.723199,0.354462,0.153966,0.1,0.1,0.1
0.206787,-0.501510,0.076080,0.1,0.1,0.1
1.027808,0.388747,0.587185,0.1,0.1,0.1
0.792316,-0.506858,0.591591,0.1,0.1,0.1
0.586426,-0.059564,0.149148,0.1,0.1,0.1
0.859768,-0.133627,0.349912,0.1,0.1,0.1
0.570151,-0.613147,0.036019,0.1,0.1,0.1
0.862438,0.432959,0.348594,0.1,0.1,0.1
0.699024,0.389892,0.397307,0.1,0.1,0.1
0.640264,-0.631891,0.366959,0.1,0.1,0.1
1.010969,0.272281,0.769984,0.1,0.1,0.1
0.467472,-0.505574,0.774615,0.1,0.1,0.1
0.850030,0.314521,0.774615,0.1,0.1,0.1
0.674705,0.169156,0.387307,0.1,0.1,0.1
0.610450,-0.067268,0.372525,0.1,0.1,0.1
0.684626,0.238246,0.000000,0.1,0.1,0.1
0.939074,0.003364,0.022113,0.1,0.1,0.1
0.521929,-0.413862,0.201398,0.1,0.1,0.1
1.033214,0.387302,0.732652,0.1,0.1,0.1
0.893497,0.414304,0.589737,0.1,0.1,0.1
0.683298,0.205215,0.157430,0.1,0.1,0.1
0.758318,-0.531641,0.546156,0.1,0.1,0.1
0.221874,-0.405677,0.084760,0.1,0.1,0.1
0.541583,-0.276658,0.397307,0.1,0.1,0.1
0.759286,0.450185,0.668962,0.1,0.1,0.1
0.819774,-0.442868,0.132395,0.1,0.1,0.1
0.450078,0.296081,0.010000,0.1,0.1,0.1
0.603697,-0.611764,0.705200,0.1,0.1,0.1
0.199400,-0.489740,0.305169,0.1,0.1,0.1
0.675650,-0.164703,0.397307,0.1,0.1,0.1
0.486853,0.523020,0.053515,0.1,0.1,0.1
0.731384,-0.578417,0.000000,0.1,0.1,0.1
0.627379,0.006184,0.397307,0.1,0.1,0.1
0.723399,0.355212,0.013375,0.1,0.1,0.1
0.623762,-0.617128,0.184566,0.1,0.1,0.1
0.912293,-0.096808,0.499558,0.1,0.1,0.1
0.673091,-0.401493,0.774615,0.1,0.1,0.1
0.829199,0.427354,0.623418,0.1,0.1,0.1
0.525374,-0.543882,0.774615,0.1,0.1,0.1
0.584941,-0.567414,0.397307,0.1,0.1,0.1
0.341704,0.116100,0.111358,0.1,0.1,0.1
0.308718,-0.080843,0.297308,0.1,0.1,0.1
0.938303,0.000478,0.126078,0.1,0.1,0.1
0.802553,-0.366185,0.659472,0.1,0.1,0.1
0.574612,-0.103752,0.665983,0.1,0.1,0.1
0.229145,-0.459004,0.010000,0.1,0.1,0.1
1.001664,0.300157,0.387307,0.1,0.1,0.1
0.527587,-0.206082,0.699291,0.1,0.1,0.1
0.740200,0.451147,0.409713,0.1,0.1,0.1
0.779821,0.455046,0.288235,0.1,0.1,0.1
0.474741,-0.152419,0.014000,0.1,0.1,0.1
0.933249,-0.018424,0.043720,0.1,0.1,0.1
0.522294,-0.463015,0.401307,0.1,0.1,0.1
0.747690,0.430584,0.083907,0.1,0.1,0.1
0.470750,0.527325,0.093241,0.1,0.1,0.1
0.985298,0.176262,0.050509,0.1,0.1,0.1
0.357330,0.174550,0.054951,0.1,0.1,0.1
0.225571,-0.510673,0.338718,0.1,0.1,0.1
0.961414,0.212539,0.649236,0.1,0.1,0.1
0.783923,-0.576969,0.004780,0.1,0.1,0.1
0.776131,-0.567397,0.113227,0.1,0.1,0.1
0.416396,-0.561689,0.277783,0.1,0.1,0.1
0.728307,-0.643897,0.546150,0.1,0.1,0.1
0.793673,0.400841,0.000000,0.1,0.1,0.1
0.742245,0.025941,0.397307,0.1,0.1,0.1
0.723762,0.133416,0.000000,0.1,0.1,0.1
0.399414,0.258398,0.310016,0.1,0.1,0.1
0.862822,-0.156238,0.472509,0.1,0.1,0.1
0.899312,-0.144199,0.216776,0.1,0.1,0.1
0.416207,-0.475870,0.014000,0.1,0.1,0.1
0.876317,0.429248,0.292982,0.1,0.1,0.1
0.526107,0.385461,0.010000,0.1,0.1,0.1
1.027938,0.374470,0.112493,0.1,0.1,0.1
0.453217,-0.581884,0.471263,0.1,0.1,0.1
0.838051,-0.374507,0.393167,0.1,0.1,0.1
0.537824,-0.165969,0.014000,0.1,0.1,0.1
0.682649,-0.076796,0.010000,0.1,0.1,0.1
0.780124,0.323206,0.397307,0.1,0.1,0.1
0.485244,0.523450,0.313226,0.1,0.1,0.1
0.563102,-0.596770,0.493672,0.1,0.1,0.1
0.519814,-0.028249,0.190990,0.1,0.1,0.1
1.002061,0.277681,0.156237,0.1,0.1,0.1
0.672375,0.261926,0.419084,0.1,0.1,0.1
0.882346,-0.208825,0.563886,0.1,0.1,0.1
0.638236,-0.620998,0.052742,0.1,0.1,0.1
0.458285,-0.465301,0.637522,0.1,0.1,0.1
0.788301,-0.560591,0.162306,0.1,0.1,0.1
0.799977,-0.516918,0.480117,0.1,0.1,0.1
0.586153,-0.140723,0.000000,0.1,0.1,0.1
0.451988,-0.134806,0.010000,0.1,0.1,0.1
0.432193,-0.136442,0.010000,0.1,0.1,0.1
0.850711,-0.201538,0.605477,0.1,0.1,0.1
0.361536,0.009926,0.320881,0.1,0.1,0.1
0.339664,0.108472,0.305857,0.1,0.1,0.1
0.896629,-0.014297,0.489611,0.1,0.1,0.1
0.481150,-0.453342,0.587760,0.1,0.1,0.1
0.662553,-0.018636,0.784615,0.1,0.1,0.1
0.362417,0.120013,0.165044,0.1,0.1,0.1
0.515009,-0.598404,0.192927,0.1,0.1,0.1
0.676443,-0.003845,0.010000,0.1,0.1,0.1
0.495241,-0.400635,0.588904,0.1,0.1,0.1
0.799746,-0.376685,0.745645,0.1,0.1,0.1
0.524133,-0.390130,0.309285,0.1,0.1,0.1
0.827352,0.123016,0.774615,0.1,0.1,0.1
0.665900,-0.439611,0.401307,0.1,0.1,0.1
0.609207,-0.071914,0.036490,0.1,0.1,0.1
0.959235,0.078774,0.166322,0.1,0.1,0.1
0.738460,-0.388001,0.397307,0.1,0.1,0.1
0.633831,-0.073223,0.048125,0.1,0.1,0.1
0.400704,-0.330701,0.014000,0.1,0.1,0.1
0.707249,-0.193925,0.000000,0.1,0.1,0.1
0.998646,0.382052,0.416279,0.1,0.1,0.1
0.246869,-0.512226,0.070916,0.1,0.1,0.1
0.955524,0.064893,0.014544,0.1,0.1,0.1
0.802273,-0.201505,0.401307,0.1,0.1,0.1
0.462385,-0.573984,0.642986,0.1,0.1,0.1
0.682015,0.200419,0.375823,0.1,0.1,0.1
0.625611,0.087006,0.551437,0.1,0.1,0.1
0.821999,0.056196,0.401307,0.1,0.1,0.1
0.578193,-0.043857,0.051074,0.1,0.1,0.1
0.629640,-0.566185,0.774615,0.1,0.1,0.1
0.354167,0.001545,0.295830,0.1,0.1,0.1
0.728881,0.375717,0.064883,0.1,0.1,0.1
0.817948,-0.410984,0.712331,0.1,0.1,0.1
0.811083,-0.110260,0.146597,0.1,0.1,0.1
0.667582,0.320099,0.014000,0.1,0.1,0.1
0.954762,0.062045,0.538104,0.1,0.1,0.1
0.744974,0.266231,0.784615,0.1,0.1,0.1
0.412949,0.309024,0.374054,0.1,0.1,0.1
1.013814,0.382137,0.098724,0.1,0.1,0.1
0.553541,-0.598355,0.655960,0.1,0.1,0.1
1.035077,0.386804,0.778913,0.1,0.1,0.1
1.015917,0.290789,0.242643,0.1,0.1,0.1
0.525878,-0.286038,0.003216,0.1,0.1,0.1
0.889220,-0.002472,0.387307,0.1,0.1,0.1
0.528154,-0.277525,0.753340,0.1,0.1,0.1
0.422037,0.416583,0.202855,0.1,0.1,0.1
0.731712,0.457557,0.027011,0.1,0.1,0.1
0.755401,0.137248,0.000000,0.1,0.1,0.1
0.576523,-0.604499,0.619715,0.1,0.1,0.1
0.254522,-0.209995,0.130207,0.1,0.1,0.1
0.849575,-0.190301,0.734823,0.1,0.1,0.1
0.748515,0.433667,0.040138,0.1,0.1,0.1
0.474424,-0.577203,0.393409,0.1,0.1,0.1
0.714794,-0.394380,0.401307,0.1,0.1,0.1
0.935139,0.283919,0.397307,0.1,0.1,0.1
0.616950,0.488238,0.191075,0.1,0.1,0.1
0.728602,0.194503,0.397307,0.1,0.1,0.1
1.005439,0.251596,0.500332,0.1,0.1,0.1
0.972434,0.128146,0.437398,0.1,0.1,0.1
0.619046,-0.035112,0.344241,0.1,0.1,0.1
0.763121,-0.529166,0.508365,0.1,0.1,0.1
0.531367,-0.592427,0.704366,0.1,0.1,0.1
0.634791,0.008292,0.191267,0.1,0.1,0.1
0.447745,-0.023473,0.253022,0.1,0.1,0.1
0.904751,0.411295,0.545955,0.1,0.1,0.1
0.613655,-0.055278,0.268278,0.1,0.1,0.1
0.900120,0.298337,0.774615,0.1,0.1,0.1
0.700862,0.465805,0.011985,0.1,0.1,0.1
0.795315,-0.408746,0.605668,0.1,0.1,0.1
0.913869,0.343082,0.387307,0.1,0.1,0.1
0.535038,-0.349341,0.367762,0.1,0.1,0.1
0.413862,0.000077,0.037169,0.1,0.1,0.1
0.275649,-0.204537,0.326676,0.1,0.1,0.1
0.950600,0.049711,0.784615,0.1,0.1,0.1
0.515496,-0.324873,0.437993,0.1,0.1,0.1
0.234747,-0.357528,0.302356,0.1,0.1,0.1
0.825335,-0.146967,0.010000,0.1,0.1,0.1
0.378211,-0.009024,0.239580,0.1,0.1,0.1
0.232496,-0.512524,0.297239,0.1,0.1,0.1
0.471954,-0.414171,0.738778,0.1,0.1,0.1
0.885033,0.140638,0.774615,0.1,0.1,0.1
0.964058,0.391299,0.481407,0.1,0.1,0.1
0.888370,-0.186291,0.674284,0.1,0.1,0.1
0.718206,0.053247,0.784615,0.1,0.1,0.1
0.616561,-0.265657,0.010000,0.1,0.1,0.1
0.872000,-0.126546,0.095638,0.1,0.1,0.1
0.751636,-0.425928,0.774615,0.1,0.1,0.1
0.521326,-0.600093,0.025060,0.1,0.1,0.1
0.243668,-0.503577,0.010000,0.1,0.1,0.1
0.817029,0.434748,0.751498,0.1,0.1,0.1
0.730251,0.365355,0.017946,0.1,0.1,0.1
0.276243,-0.128749,0.191161,0.1,0.1,0.1
0.635952,-0.399872,0.401307,0.1,0.1,0.1
0.552358,0.501367,0.289021,0.1,0.1,0.1
0.600405,-0.064287,0.200998,0.1,0.1,0.1
0.887204,-0.151934,0.045107,0.1,0.1,0.1
0.868354,0.174894,0.397307,0.1,0.1,0.1
0.681597,0.369983,0.479420,0.1,0.1,0.1
0.521231,-0.116011,0.010000,0.1,0.1,0.1
0.838126,-0.368024,0.784615,0.1,0.1,0.1
0.969857,0.157222,0.080125,0.1,0.1,0.1
0.564524,-0.067919,0.669369,0.1,0.1,0.1
0.668418,0.134071,0.228545,0.1,0.1,0.1
0.731970,0.454780,0.387307,0.1,0.1,0.1
0.374073,-0.007918,0.084006,0.1,0.1,0.1
0.935771,-0.008990,0.235890,0.1,0.1,0.1
0.671695,-0.629943,0.530218,0.1,0.1,0.1
0.786883,-0.440283,0.756316,0.1,0.1,0.1
0.787986,-0.043352,0.774615,0.1,0.1,0.1
0.655107,0.099769,0.187116,0.1,0.1,0.1
0.419442,0.333309,0.214052,0.1,0.1,0.1
0.892420,0.013837,0.784615,0.1,0.1,0.1
0.339082,-0.536879,0.093476,0.1,0.1,0.1
0.545862,0.503103,0.049084,0.1,0.1,0.1
0.882910,0.075815,0.387307,0.1,0.1,0.1
0.500728,-0.027287,0.136243,0.1,0.1,0.1
0.493988,-0.405321,0.737689,0.1,0.1,0.1
0.901744,0.412099,0.298207,0.1,0.1,0.1
0.763853,-0.526426,0.425957,0.1,0.1,0.1
0.738124,0.151690,0.774615,0.1,0.1,0.1
0.769787,-0.629844,0.187481,0.1,0.1,0.1
0.694573,0.344953,0.702606,0.1,0.1,0.1
0.476976,-0.577885,0.556913,0.1,0.1,0.1
0.733845,0.467338,0.367233,0.1,0.1,0.1
0.829624,-0.337492,0.784615,0.1,0.1,0.1
0.531561,-0.035530,0.219588,0.1,0.1,0.1
0.476212,-0.020733,0.234584,0.1,0.1,0.1
0.598505,-0.063779,0.340978,0.1,0.1,0.1
0.912752,-0.095094,0.678911,0.1,0.1,0.1
0.501500,-0.027493,0.376864,0.1,0.1,0.1
0.811090,0.436335,0.197971,0.1,0.1,0.1
0.578299,0.498572,0.318428,0.1,0.1,0.1
0.854024,0.435208,0.552536,0.1,0.1,0.1
0.676675,0.278009,0.399851,0.1,0.1,0.1
0.311020,-0.072232,0.135675,0.1,0.1,0.1
0.788823,-0.519921,0.133165,0.1,0.1,0.1
0.684558,-0.629241,0.455883,0.1,0.1,0.1
0.464137,-0.013364,0.052600,0.1,0.1,0.1
0.601885,0.117480,0.010000,0.1,0.1,0.1
0.700000,-0.164222,0.387307,0.1,0.1,0.1
0.724851,-0.377585,0.010000,0.1,0.1,0.1
0.826544,-0.114393,0.227989,0.1,0.1,0.1
0.737817,-0.067637,0.000000,0.1,0.1,0.1
0.636983,-0.074066,0.082004,0.1,0.1,0.1
0.847878,-0.337750,0.289379,0.1,0.1,0.1
0.396052,-0.009653,0.366334,0.1,0.1,0.1
0.646198,-0.099460,0.397307,0.1,0.1,0.1
0.738508,0.455740,0.698579,0.1,0.1,0.1
0.499940,-0.041568,0.104143,0.1,0.1,0.1
0.695795,-0.460386,0.774615,0.1,0.1,0.1
0.330005,-0.001221,0.230915,0.1,0.1,0.1
0.695583,0.235680,0.320362,0.1,0.1,0.1
0.331664,0.004983,0.327697,0.1,0.1,0.1
0.573312,0.499905,0.087285,0.1,0.1,0.1
0.448654,-0.501324,0.514928,0.1,0.1,0.1
0.694692,0.173012,0.397307,0.1,0.1,0.1
0.713259,-0.437011,0.010000,0.1,0.1,0.1
0.740700,0.414012,0.397307,0.1,0.1,0.1
0.456032,-0.547292,0.744698,0.1,0.1,0.1
0.710662,-0.483621,0.397307,0.1,0.1,0.1
0.620903,-0.028678,0.000000,0.1,0.1,0.1
0.904724,0.015980,0.709786,0.1,0.1,0.1
0.928446,0.104709,0.483977,0.1,0.1,0.1
0.975538,0.388230,0.556680,0.1,0.1,0.1
0.320879,0.010444,0.342610,0.1,0.1,0.1
0.825876,0.432382,0.693086,0.1,0.1,0.1
0.323340,-0.026150,0.172242,0.1,0.1,0.1
0.446677,-0.569785,0.691604,0.1,0.1,0.1
0.913597,0.419282,0.165124,0.1,0.1,0.1
0.624068,0.009724,0.000000,0.1,0.1,0.1
0.745681,-0.360752,0.387307,0.1,0.1,0.1
0.908125,0.028703,0.501304,0.1,0.1,0.1
0.993914,0.247206,0.278153,0.1,0.1,0.1
0.398407,0.254630,0.104355,0.1,0.1,0.1
0.954116,0.059625,0.018589,0.1,0.1,0.1
0.528067,-0.527946,0.010000,0.1,0.1,0.1
0.678119,0.185846,0.276088,0.1,0.1,0.1
0.594565,-0.126684,0.063350,0.1,0.1,0.1
0.626522,0.090413,0.667905,0.1,0.1,0.1
0.992826,0.243138,0.550812,0.1,0.1,0.1
0.246609,-0.239596,0.311616,0.1,0.1,0.1
0.882100,-0.084130,0.591229,0.1,0.1,0.1
0.453244,-0.567400,0.109894,0.1,0.1,0.1
0.596326,-0.063196,0.255258,0.1,0.1,0.1
0.694583,-0.241520,0.784615,0.1,0.1,0.1
0.848180,-0.248571,0.000000,0.1,0.1,0.1
0.706977,0.293785,0.264621,0.1,0.1,0.1
0.655755,-0.224687,0.784615,0.1,0.1,0.1
0.705519,-0.492189,0.387307,0.1,0.1,0.1
0.976881,0.392011,0.541958,0.1,0.1,0.1
0.557453,-0.599401,0.400278,0.1,0.1,0.1
1.022182,0.379900,0.337918,0.1,0.1,0.1
0.467571,0.528175,0.079486,0.1,0.1,0.1
0.444232,0.499602,0.090051,0.1,0.1,0.1
0.625528,-0.071003,0.364318,0.1,0.1,0.1
0.661916,0.472077,0.075085,0.1,0.1,0.1
0.616297,0.125731,0.638770,0.1,0.1,0.1
0.304292,-0.531718,0.215327,0.1,0.1,0.1
0.426329,0.359072,0.377098,0.1,0.1,0.1
0.370595,0.224167,0.269266,0.1,0.1,0.1
0.851490,-0.099538,0.387307,0.1,0.1,0.1
0.816669,-0.415768,0.318821,0.1,0.1,0.1
0.941014,0.397460,0.586382,0.1,0.1,0.1
0.730248,0.291974,0.397307,0.1,0.1,0.1
0.851229,-0.199601,0.724868,0.1,0.1,0.1
0.783413,0.102760,0.774615,0.1,0.1,0.1
0.992238,0.387906,0.476852,0.1,0.1,0.1
0.401193,0.003464,0.091130,0.1,0.1,0.1
0.885690,-0.070705,0.572403,0.1,0.1,0.1
0.406275,0.357624,0.033208,0.1,0.1,0.1
0.861200,-0.134010,0.050590,0.1,0.1,0.1
0.305082,-0.020880,0.284183,0.1,0.1,0.1
1.005046,0.394833,0.134592,0.1,0.1,0.1
0.521899,-0.482062,0.387307,0.1,0.1,0.1
0.674283,-0.201809,0.397307,0.1,0.1,0.1
0.634450,-0.506784,0.774615,0.1,0.1,0.1
0.346237,-0.365948,0.010000,0.1,0.1,0.1
0.933700,0.322229,0.000000,0.1,0.1,0.1
0.385338,0.279313,0.118905,0.1,0.1,0.1
0.606464,-0.610017,0.397307,0.1,0.1,0.1
0.921007,0.076887,0.744936,0.1,0.1,0.1
0.570625,-0.216229,0.110206,0.1,0.1,0.1
0.813423,0.246358,0.784615,0.1,0.1,0.1
0.456089,-0.025704,0.281861,0.1,0.1,0.1
0.283153,-0.526067,0.262734,0.1,0.1,0.1
0.795713,0.033682,0.397307,0.1,0.1,0.1
0.712990,0.462562,0.642298,0.1,0.1,0.1
0.422563,-0.020881,0.307023,0.1,0.1,0.1
0.887119,-0.140939,0.368878,0.1,0.1,0.1
0.532528,-0.603088,0.213758,0.1,0.1,0.1
0.618998,-0.035294,0.333177,0.1,0.1,0.1
0.437731,0.189599,0.014000,0.1,0.1,0.1
0.202998,-0.476281,0.032684,0.1,0.1,0.1
0.871711,0.238501,0.397307,0.1,0.1,0.1
0.598180,-0.015596,0.637361,0.1,0.1,0.1
0.973514,0.273283,0.695895,0.1,0.1,0.1
0.782011,0.285648,0.010000,0.1,0.1,0.1
0.844108,0.423368,0.614529,0.1,0.1,0.1
0.433521,0.447047,0.010000,0.1,0.1,0.1
0.776290,-0.605519,0.365234,0.1,0.1,0.1
0.755766,0.436842,0.010000,0.1,0.1,0.1
0.922981,-0.018115,0.714381,0.1,0.1,0.1
0.870888,0.430700,0.425636,0.1,0.1,0.1
0.516902,-0.432665,0.215643,0.1,0.1,0.1
0.355863,0.095499,0.247006,0.1,0.1,0.1
0.733463,0.392855,0.371422,0.1,0.1,0.1
0.449063,-0.580774,0.213089,0.1,0.1,0.1
0.607120,-0.055731,0.383523,0.1,0.1,0.1
0.578465,-0.015774,0.693711,0.1,0.1,0.1
0.799163,-0.394351,0.698130,0.1,0.1,0.1
0.236174,-0.278628,0.097300,0.1,0.1,0.1
0.746776,0.463881,0.503255,0.1,0.1,0.1
0.700693,0.462031,0.010000,0.1,0.1,0.1
0.450543,0.523205,0.336910,0.1,0.1,0.1
0.711758,0.296181,0.023412,0.1,0.1,0.1
0.813436,-0.466575,0.191098,0.1,0.1,0.1
0.626048,0.088641,0.487209,0.1,0.1,0.1
0.596564,-0.119207,0.177073,0.1,0.1,0.1
0.599205,-0.620914,0.640166,0.1,0.1,0.1
0.829917,-0.263829,0.548345,0.1,0.1,0.1
0.862223,0.120904,0.000000,0.1,0.1,0.1
0.782798,-0.023213,0.401307,0.1,0.1,0.1
0.772466,-0.478722,0.542102,0.1,0.1,0.1
0.732887,0.453102,0.708424,0.1,0.1,0.1
0.498017,-0.583510,0.710102,0.1,0.1,0.1
0.920341,0.074393,0.501530,0.1,0.1,0.1
0.867403,-0.123618,0.591790,0.1,0.1,0.1
0.852568,-0.225152,0.784615,0.1,0.1,0.1
0.909054,0.406005,0.663201,0.1,0.1,0.1
0.597700,-0.588095,0.010000,0.1,0.1,0.1
0.817726,-0.450532,0.776034,0.1,0.1,0.1
0.703423,0.465120,0.072810,0.1,0.1,0.1
0.596083,-0.063131,0.177851,0.1,0.1,0.1
0.590692,-0.049112,0.774615,0.1,0.1,0.1
0.920122,0.415587,0.784615,0.1,0.1,0.1
0.784988,0.090449,0.774615,0.1,0.1,0.1
0.477016,-0.395237,0.540262,0.1,0.1,0.1
0.704837,0.285782,0.232907,0.1,0.1,0.1
0.827793,0.442221,0.683249,0.1,0.1,0.1
0.600171,0.410811,0.014000,0.1,0.1,0.1
0.728850,-0.641865,0.521642,0.1,0.1,0.1
0.833994,-0.264068,0.423502,0.1,0.1,0.1
0.229335,-0.373285,0.010000,0.1,0.1,0.1
0.871317,-0.250078,0.300728,0.1,0.1,0.1
0.589623,-0.037097,0.014000,0.1,0.1,0.1
0.906356,-0.119017,0.151553,0.1,0.1,0.1
0.266617,-0.238321,0.079771,0.1,0.1,0.1
0.925188,-0.009859,0.465154,0.1,0.1,0.1
0.478867,-0.388315,0.701626,0.1,0.1,0.1
0.510439,0.252567,0.010000,0.1,0.1,0.1
0.813879,0.230686,0.387307,0.1,0.1,0.1
0.346569,-0.000564,0.025523,0.1,0.1,0.1
0.738937,-0.618883,0.774615,0.1,0.1,0.1
0.590488,-0.438416,0.401307,0.1,0.1,0.1
0.936501,0.162151,0.401307,0.1,0.1,0.1
0.738154,0.455835,0.514440,0.1,0.1,0.1
0.557256,-0.281724,0.244469,0.1,0.1,0.1
0.655542,0.163221,0.397307,0.1,0.1,0.1
0.968757,0.390043,0.501392,0.1,0.1,0.1
0.214696,-0.432528,0.119285,0.1,0.1,0.1
0.610879,0.105466,0.409300,0.1,0.1,0.1
0.700457,0.440527,0.531407,0.1,0.1,0.1
0.315838,-0.534805,0.186068,0.1,0.1,0.1
0.844782,-0.010818,0.000000,0.1,0.1,0.1
0.904487,-0.126005,0.470531,0.1,0.1,0.1
0.742487,-0.648869,0.699323,0.1,0.1,0.1
0.869804,0.420638,0.017879,0.1,0.1,0.1
0.753759,-0.214112,0.397307,0.1,0.1,0.1
0.258296,-0.449392,0.014000,0.1,0.1,0.1
0.254310,-0.210790,0.325397,0.1,0.1,0.1
0.476820,-0.437448,0.397307,0.1,0.1,0.1
0.713675,-0.053567,0.774615,0.1,0.1,0.1
0.605970,0.087107,0.634247,0.1,0.1,0.1
0.449913,-0.570180,0.519426,0.1,0.1,0.1
0.627883,0.485316,0.137081,0.1,0.1,0.1
0.811526,-0.110378,0.259560,0.1,0.1,0.1
0.783215,-0.579616,0.451259,0.1,0.1,0.1
0.874336,-0.238784,0.042465,0.1,0.1,0.1
0.569173,-0.050532,0.662306,0.1,0.1,0.1
0.946631,0.321165,0.397307,0.1,0.1,0.1
0.536736,-0.258414,0.397307,0.1,0.1,0.1
0.647659,0.071911,0.020430,0.1,0.1,0.1
0.529343,-0.370643,0.024345,0.1,0.1,0.1
0.933029,0.106364,0.525749,0.1,0.1,0.1
0.637440,0.033686,0.093532,0.1,0.1,0.1
0.490247,-0.532366,0.121782,0.1,0.1,0.1
0.961369,0.086755,0.338869,0.1,0.1,0.1
0.494185,-0.592837,0.180774,0.1,0.1,0.1
0.679229,0.287560,0.498818,0.1,0.1,0.1
0.758188,-0.021901,0.387307,0.1,0.1,0.1
0.700232,0.253071,0.267273,0.1,0.1,0.1
0.600120,-0.610808,0.632542,0.1,0.1,0.1
0.696475,-0.636568,0.744961,0.1,0.1,0.1
0.915999,0.086591,0.387307,0.1,0.1,0.1
0.742925,0.464910,0.703725,0.1,0.1,0.1
0.251467,-0.513455,0.064474,0.1,0.1,0.1
0.685831,-0.087125,0.128471,0.1,0.1,0.1
0.696123,0.467072,0.016471,0.1,0.1,0.1
0.385352,0.205799,0.255772,0.1,0.1,0.1
0.311894,-0.491277,0.014000,0.1,0.1,0.1
0.813333,0.431595,0.601046,0.1,0.1,0.1
0.952280,0.168326,0.784615,0.1,0.1,0.1
0.713987,0.326683,0.401307,0.1,0.1,0.1
0.415698,0.259989,0.010000,0.1,0.1,0.1
0.320384,-0.037210,0.025308,0.1,0.1,0.1
0.607597,0.093190,0.483471,0.1,0.1,0.1
0.359998,-0.004154,0.258112,0.1,0.1,0.1
0.442665,-0.568712,0.273368,0.1,0.1,0.1
0.562413,-0.075817,0.417385,0.1,0.1,0.1
0.196483,-0.427089,0.217433,0.1,0.1,0.1
0.748680,0.449772,0.183846,0.1,0.1,0.1
0.640245,0.028693,0.376541,0.1,0.1,0.1
0.950075,0.393587,0.774615,0.1,0.1,0.1
0.919216,0.215055,0.401307,0.1,0.1,0.1
0.902982,-0.100814,0.784615,0.1,0.1,0.1
0.894510,-0.163325,0.014104,0.1,0.1,0.1
0.502008,0.518968,0.273561,0.1,0.1,0.1
0.386107,0.282188,0.332169,0.1,0.1,0.1
0.539777,-0.594675,0.402194,0.1,0.1,0.1
0.663217,-0.365650,0.010000,0.1,0.1,0.1
0.586008,-0.174176,0.134368,0.1,0.1,0.1
0.692927,-0.509725,0.397307,0.1,0.1,0.1
0.182563,-0.499174,0.104032,0.1,0.1,0.1
0.735070,0.299448,0.010000,0.1,0.1,0.1
0.743930,0.416520,0.059387,0.1,0.1,0.1
0.383913,0.200416,0.127319,0.1,0.1,0.1
0.436730,0.404516,0.387307,0.1,0.1,0.1
0.875945,-0.232767,0.215807,0.1,0.1,0.1
0.228924,-0.379309,0.092252,0.1,0.1,0.1
0.951449,0.060402,0.387307,0.1,0.1,0.1
0.710137,0.305606,0.036460,0.1,0.1,0.1
0.706278,-0.649540,0.337074,0.1,0.1,0.1
0.554883,-0.275112,0.223362,0.1,0.1,0.1
0.752591,0.415067,0.784615,0.1,0.1,0.1
0.953011,0.180069,0.000000,0.1,0.1,0.1
0.470629,-0.089227,0.010000,0.1,0.1,0.1
0.872719,-0.137089,0.049696,0.1,0.1,0.1
0.347005,0.017951,0.330870,0.1,0.1,0.1
0.770356,-0.610743,0.000000,0.1,0.1,0.1
0.566468,-0.040722,0.198704,0.1,0.1,0.1
0.360290,0.010259,0.021512,0.1,0.1,0.1
0.525008,-0.569155,0.397307,0.1,0.1,0.1
0.450736,-0.028413,0.232086,0.1,0.1,0.1
0.563505,-0.336179,0.774615,0.1,0.1,0.1
0.675180,0.345980,0.513264,0.1,0.1,0.1
1.006280,0.293459,0.672202,0.1,0.1,0.1
0.721494,0.319635,0.397307,0.1,0.1,0.1
1.015590,0.328283,0.507092,0.1,0.1,0.1
0.914990,-0.086720,0.358430,0.1,0.1,0.1
0.983007,0.308792,0.738467,0.1,0.1,0.1
0.786678,0.369782,0.397307,0.1,0.1,0.1
0.713244,-0.432679,0.010000,0.1,0.1,0.1
0.417609,0.171446,0.014000,0.1,0.1,0.1
0.563387,-0.072174,0.675333,0.1,0.1,0.1
0.961632,0.228840,0.421797,0.1,0.1,0.1
0.224561,-0.322064,0.022940,0.1,0.1,0.1
0.674029,-0.532070,0.397307,0.1,0.1,0.1
0.614062,-0.053758,0.337922,0.1,0.1,0.1
0.701554,-0.638033,0.784615,0.1,0.1,0.1
0.466408,0.508984,0.341801,0.1,0.1,0.1
0.607442,-0.553570,0.387307,0.1,0.1,0.1
0.659790,-0.080163,0.166741,0.1,0.1,0.1
0.450010,0.447647,0.076055,0.1,0.1,0.1
0.673961,-0.236460,0.774615,0.1,0.1,0.1
0.917802,0.012314,0.000000,0.1,0.1,0.1
0.486796,0.332123,0.014000,0.1,0.1,0.1
0.959884,0.119919,0.044451,0.1,0.1,0.1
0.450812,-0.570890,0.556035,0.1,0.1,0.1
0.700411,-0.091023,0.136126,0.1,0.1,0.1
0.641787,-0.075350,0.367248,0.1,0.1,0.1
0.199927,-0.503817,0.129424,0.1,0.1,0.1
0.472428,-0.015580,0.064921,0.1,0.1,0.1
0.833352,-0.091438,0.784615,0.1,0.1,0.1
0.297780,-0.048192,0.209928,0.1,0.1,0.1
0.844104,0.437860,0.151644,0.1,0.1,0.1
0.811844,0.109236,0.784615,0.1,0.1,0.1
0.819375,-0.444362,0.693742,0.1,0.1,0.1
0.462958,-0.159149,0.010000,0.1,0.1,0.1
0.986052,0.320180,0.584097,0.1,0.1,0.1
0.398743,-0.000021,0.323869,0.1,0.1,0.1
0.742643,0.427191,0.080330,0.1,0.1,0.1
0.872380,0.419950,0.711124,0.1,0.1,0.1
0.470266,-0.571951,0.430794,0.1,0.1,0.1
0.644265,0.156780,0.771230,0.1,0.1,0.1
0.938057,0.401265,0.010000,0.1,0.1,0.1
1.009767,0.311387,0.774615,0.1,0.1,0.1
0.621493,-0.626873,0.564439,0.1,0.1,0.1
0.491794,-0.024898,0.383461,0.1,0.1,0.1
0.964587,0.391158,0.528178,0.1,0.1,0.1
0.865386,0.126967,0.387307,0.1,0.1,0.1
0.770925,-0.625586,0.070541,0.1,0.1,0.1
0.780621,0.444481,0.207495,0.1,0.1,0.1
0.695852,-0.280057,0.010000,0.1,0.1,0.1
0.720059,0.109107,0.401307,0.1,0.1,0.1
0.569994,-0.234077,0.140304,0.1,0.1,0.1
0.998844,0.265647,0.054679,0.1,0.1,0.1
0.678974,-0.449740,0.401307,0.1,0.1,0.1
0.645704,-0.375443,0.401307,0.1,0.1,0.1
0.573944,-0.219304,0.245092,0.1,0.1,0.1
1.008694,0.263771,0.367309,0.1,0.1,0.1
0.826814,-0.290926,0.709997,0.1,0.1,0.1
0.470684,0.523202,0.064188,0.1,0.1,0.1
0.847171,0.422549,0.767688,0.1,0.1,0.1
0.905384,-0.083932,0.441085,0.1,0.1,0.1
0.555157,-0.346474,0.401307,0.1,0.1,0.1
0.722963,-0.181415,0.401307,0.1,0.1,0.1
0.442870,-0.522959,0.465308,0.1,0.1,0.1
0.892133,-0.172215,0.007353,0.1,0.1,0.1
0.863374,0.060473,0.401307,0.1,0.1,0.1
0.547900,-0.130104,0.673726,0.1,0.1,0.1
0.582087,-0.029424,0.010000,0.1,0.1,0.1
0.441985,-0.011582,0.385606,0.1,0.1,0.1
0.647584,-0.432853,0.397307,0.1,0.1,0.1
0.479849,-0.021705,0.070433,0.1,0.1,0.1
0.799983,-0.391284,0.516064,0.1,0.1,0.1
0.965852,0.142242,0.406500,0.1,0.1,0.1
0.772305,-0.494811,0.544387,0.1,0.1,0.1
0.789535,-0.104499,0.043304,0.1,0.1,0.1
0.626927,-0.613834,0.706856,0.1,0.1,0.1
0.529979,-0.587915,0.556870,0.1,0.1,0.1
0.693756,-0.631701,0.461287,0.1,0.1,0.1
0.812123,-0.330388,0.521263,0.1,0.1,0.1
0.861841,-0.285521,0.472443,0.1,0.1,0.1
0.741805,0.338189,0.784615,0.1,0.1,0.1
0.944044,0.021954,0.003936,0.1,0.1,0.1
0.966727,0.394726,0.144333,0.1,0.1,0.1
0.621689,-0.044752,0.397307,0.1,0.1,0.1
0.481444,-0.022131,0.333424,0.1,0.1,0.1
0.283361,-0.521982,0.110759,0.1,0.1,0.1
1.010670,0.393329,0.611709,0.1,0.1,0.1
0.256472,-0.276267,0.308671,0.1,0.1,0.1
0.723212,-0.097119,0.037747,0.1,0.1,0.1
0.774324,0.446165,0.269998,0.1,0.1,0.1
0.486415,-0.023460,0.272620,0.1,0.1,0.1
0.559844,-0.272044,0.143427,0.1,0.1,0.1
0.742035,-0.468725,0.387307,0.1,0.1,0.1
0.348469,0.003068,0.061050,0.1,0.1,0.1
0.680821,-0.358963,0.401307,0.1,0.1,0.1
0.536041,-0.593676,0.585059,0.1,0.1,0.1
0.782125,-0.583692,0.272285,0.1,0.1,0.1
0.813306,0.030611,0.000000,0.1,0.1,0.1
0.707456,0.459901,0.076912,0.1,0.1,0.1
0.711318,-0.640536,0.620319,0.1,0.1,0.1
0.741179,0.424227,0.010000,0.1,0.1,0.1
0.559628,-0.599167,0.000000,0.1,0.1,0.1
0.512151,-0.450436,0.026714,0.1,0.1,0.1
0.907913,-0.074473,0.580202,0.1,0.1,0.1
0.653135,-0.261607,0.401307,0.1,0.1,0.1
0.651788,0.087357,0.028144,0.1,0.1,0.1
0.911384,-0.069278,0.397307,0.1,0.1,0.1
0.976753,0.253933,0.387307,0.1,0.1,0.1
0.937831,0.124329,0.489292,0.1,0.1,0.1
0.532906,-0.035890,0.236151,0.1,0.1,0.1
0.395599,0.244128,0.261103,0.1,0.1,0.1
0.362967,0.122068,0.167297,0.1,0.1,0.1
0.551450,-0.040847,0.283829,0.1,0.1,0.1
0.696641,-0.632472,0.625178,0.1,0.1,0.1
0.910413,0.037261,0.503130,0.1,0.1,0.1
0.485214,-0.502347,0.784615,0.1,0.1,0.1
0.463052,0.496430,0.306048,0.1,0.1,0.1
0.263214,-0.251050,0.105014,0.1,0.1,0.1
0.546227,-0.212828,0.784615,0.1,0.1,0.1
0.725952,-0.087500,0.065242,0.1,0.1,0.1
0.468263,-0.151739,0.014000,0.1,0.1,0.1
0.583475,-0.595775,0.000000,0.1,0.1,0.1
0.276836,-0.200098,0.350181,0.1,0.1,0.1
0.724063,0.453348,0.387307,0.1,0.1,0.1
0.328049,-0.217641,0.010000,0.1,0.1,0.1
0.590029,-0.021240,0.010000,0.1,0.1,0.1
0.765835,-0.114381,0.387307,0.1,0.1,0.1
0.820831,-0.438917,0.565914,0.1,0.1,0.1
0.713041,-0.640997,0.605413,0.1,0.1,0.1
0.955295,0.070550,0.784615,0.1,0.1,0.1
0.475869,-0.399530,0.658776,0.1,0.1,0.1
0.185617,-0.467732,0.077654,0.1,0.1,0.1
0.508886,0.512989,0.015344,0.1,0.1,0.1
0.630664,-0.007145,0.013627,0.1,0.1,0.1
0.379102,-0.551719,0.161383,0.1,0.1,0.1
0.946871,0.400035,0.539917,0.1,0.1,0.1
0.369088,0.144965,0.262577,0.1,0.1,0.1
0.447491,0.511790,0.360805,0.1,0.1,0.1
0.847250,-0.214486,0.584040,0.1,0.1,0.1
0.669655,0.470007,0.316676,0.1,0.1,0.1
0.969453,0.155711,0.713488,0.1,0.1,0.1
0.434952,-0.562510,0.102810,0.1,0.1,0.1
0.195992,-0.502490,0.213453,0.1,0.1,0.1
0.736840,-0.231512,0.784615,0.1,0.1,0.1
1.026075,0.367501,0.273634,0.1,0.1,0.1
0.688880,0.367015,0.774615,0.1,0.1,0.1
0.692611,-0.631395,0.760578,0.1,0.1,0.1
0.524874,-0.387356,0.104425,0.1,0.1,0.1
0.904461,0.323084,0.387307,0.1,0.1,0.1
0.578477,-0.209908,0.387307,0.1,0.1,0.1
0.930301,0.199914,0.401307,0.1,0.1,0.1
0.441658,-0.568443,0.013206,0.1,0.1,0.1
0.760681,-0.611655,0.387307,0.1,0.1,0.1
0.953717,0.398204,0.762491,0.1,0.1,0.1
1.003044,0.308204,0.000000,0.1,0.1,0.1
0.593722,-0.246329,0.401307,0.1,0.1,0.1
0.267406,-0.517716,0.303536,0.1,0.1,0.1
0.417247,0.325102,0.326364,0.1,0.1,0.1
0.534666,-0.179603,0.572516,0.1,0.1,0.1
0.430244,-0.235542,0.010000,0.1,0.1,0.1
0.605809,-0.551282,0.387307,0.1,0.1,0.1
0.358306,0.178201,0.332581,0.1,0.1,0.1
0.534783,-0.589200,0.610115,0.1,0.1,0.1
0.902341,0.407799,0.619500,0.1,0.1,0.1
0.674147,0.342118,0.611329,0.1,0.1,0.1
0.915765,0.086715,0.387307,0.1,0.1,0.1
0.572275,-0.518738,0.784615,0.1,0.1,0.1
0.830769,-0.013667,0.397307,0.1,0.1,0.1
0.518581,-0.426383,0.291861,0.1,0.1,0.1
0.724960,-0.644183,0.628920,0.1,0.1,0.1
0.586923,-0.060682,0.375248,0.1,0.1,0.1
0.408804,-0.515587,0.010000,0.1,0.1,0.1
0.661991,-0.637700,0.409966,0.1,0.1,0.1
0.664964,0.136641,0.337227,0.1,0.1,0.1
0.951968,0.177207,0.690496,0.1,0.1,0.1
0.741302,-0.101955,0.341929,0.1,0.1,0.1
0.608773,-0.294282,0.010000,0.1,0.1,0.1
0.345265,0.018416,0.367772,0.1,0.1,0.1
1.001217,0.376905,0.493086,0.1,0.1,0.1
0.905138,-0.123570,0.141336,0.1,0.1,0.1
0.732309,0.373052,0.031789,0.1,0.1,0.1
0.493479,-0.578157,0.599295,0.1,0.1,0.1
0.837883,-0.234036,0.578732,0.1,0.1,0.1
0.431296,-0.449449,0.014000,0.1,0.1,0.1
0.395129,-0.556004,0.365747,0.1,0.1,0.1
0.341099,0.040274,0.292027,0.1,0.1,0.1
0.720011,-0.509312,0.397307,0.1,0.1,0.1
0.884896,-0.073674,0.412586,0.1,0.1,0.1
0.470515,0.524346,0.186361,0.1,0.1,0.1
0.263334,-0.250600,0.202879,0.1,0.1,0.1
0.537516,0.120006,0.014000,0.1,0.1,0.1
0.761584,-0.534911,0.635047,0.1,0.1,0.1
0.555921,-0.206952,0.397307,0.1,0.1,0.1
0.588731,-0.050940,0.586690,0.1,0.1,0.1
0.612117,-0.100039,0.784615,0.1,0.1,0.1
0.209177,-0.502149,0.029447,0.1,0.1,0.1
0.600674,-0.006270,0.759436,0.1,0.1,0.1
0.665722,-0.628346,0.723224,0.1,0.1,0.1
0.507972,-0.450578,0.340407,0.1,0.1,0.1
0.582967,-0.185551,0.308743,0.1,0.1,0.1
0.695065,-0.646542,0.247910,0.1,0.1,0.1
0.278201,-0.192959,0.387307,0.1,0.1,0.1
0.748838,0.452978,0.760848,0.1,0.1,0.1
0.586007,-0.174180,0.116049,0.1,0.1,0.1
0.812058,0.446428,0.530433,0.1,0.1,0.1
0.211854,-0.369592,0.011198,0.1,0.1,0.1
0.760199,-0.626987,0.625227,0.1,0.1,0.1
0.465750,-0.437377,0.646199,0.1,0.1,0.1
0.940759,0.048385,0.358419,0.1,0.1,0.1
0.669644,0.474151,0.068353,0.1,0.1,0.1
0.954011,0.309785,0.000000,0.1,0.1,0.1
0.726206,0.350223,0.346371,0.1,0.1,0.1
0.588854,-0.607796,0.433256,0.1,0.1,0.1
0.816107,-0.315484,0.624787,0.1,0.1,0.1
0.818378,-0.409374,0.030149,0.1,0.1,0.1
0.509644,-0.346759,0.774776,0.1,0.1,0.1
0.768507,0.458071,0.587179,0.1,0.1,0.1
0.540719,-0.230527,0.767215,0.1,0.1,0.1
0.515194,0.377976,0.014000,0.1,0.1,0.1
0.347790,0.138864,0.237796,0.1,0.1,0.1
0.359074,-0.003908,0.165324,0.1,0.1,0.1
0.502396,-0.373872,0.650971,0.1,0.1,0.1
0.733634,-0.639458,0.497051,0.1,0.1,0.1
0.421396,-0.016429,0.309868,0.1,0.1,0.1
0.202724,-0.477306,0.244730,0.1,0.1,0.1
0.447376,0.092069,0.014000,0.1,0.1,0.1
0.416424,-0.004748,0.312313,0.1,0.1,0.1
0.994581,0.210982,0.550118,0.1,0.1,0.1
0.551842,-0.040952,0.201178,0.1,0.1,0.1
0.766347,0.163551,0.397307,0.1,0.1,0.1
1.031118,0.377511,0.355190,0.1,0.1,0.1
0.992251,0.387902,0.614955,0.1,0.1,0.1
0.732254,0.236945,0.010000,0.1,0.1,0.1
0.430789,0.375754,0.190893,0.1,0.1,0.1
0.262047,-0.255415,0.117352,0.1,0.1,0.1
0.464988,-0.371400,0.010000,0.1,0.1,0.1
0.891500,-0.135866,0.632154,0.1,0.1,0.1
0.826309,-0.418426,0.117098,0.1,0.1,0.1
0.374692,0.239490,0.256510,0.1,0.1,0.1
0.728223,-0.644209,0.763528,0.1,0.1,0.1
0.729505,0.378049,0.039907,0.1,0.1,0.1
0.549504,-0.050678,0.102534,0.1,0.1,0.1
0.885143,-0.072748,0.413723,0.1,0.1,0.1
0.846115,-0.218730,0.559606,0.1,0.1,0.1
0.643274,0.055508,0.344465,0.1,0.1,0.1
0.854269,-0.121806,0.051550,0.1,0.1,0.1
0.296570,-0.095982,0.387307,0.1,0.1,0.1
0.941981,0.139850,0.609164,0.1,0.1,0.1
0.519872,0.388420,0.014000,0.1,0.1,0.1
0.911455,0.409503,0.656770,0.1,0.1,0.1
0.810217,0.446920,0.540728,0.1,0.1,0.1
0.855864,0.424365,0.252613,0.1,0.1,0.1
0.519163,-0.237592,0.754583,0.1,0.1,0.1
0.454617,0.400440,0.014000,0.1,0.1,0.1
0.752772,-0.053920,0.010000,0.1,0.1,0.1
0.802594,0.173639,0.387307,0.1,0.1,0.1
0.649563,-0.077429,0.053828,0.1,0.1,0.1
0.850497,-0.278626,0.387307,0.1,0.1,0.1
0.554494,0.343036,0.014000,0.1,0.1,0.1
0.831352,0.388561,0.387307,0.1,0.1,0.1
1.007430,0.337500,0.397307,0.1,0.1,0.1
0.268611,-0.230864,0.362290,0.1,0.1,0.1
0.683153,-0.151972,0.774615,0.1,0.1,0.1
0.817020,-0.443200,0.784615,0.1,0.1,0.1
0.616327,-0.625492,0.169877,0.1,0.1,0.1
0.970351,0.120352,0.468191,0.1,0.1,0.1
0.712609,0.299364,0.106058,0.1,0.1,0.1
0.847009,-0.130216,0.328584,0.1,0.1,0.1
0.387533,0.002976,0.013652,0.1,0.1,0.1
0.873079,0.419763,0.278409,0.1,0.1,0.1
0.567033,-0.229666,0.129917,0.1,0.1,0.1
0.380830,0.008908,0.198949,0.1,0.1,0.1
0.781956,-0.545608,0.342302,0.1,0.1,0.1
0.776960,0.262914,0.010000,0.1,0.1,0.1
0.644199,-0.061542,0.397307,0.1,0.1,0.1
0.434337,-0.566486,0.580829,0.1,0.1,0.1
0.244535,-0.320916,0.305617,0.1,0.1,0.1
0.184419,-0.499670,0.287516,0.1,0.1,0.1
0.859521,0.231719,0.397307,0.1,0.1,0.1
0.708562,0.321079,0.401307,0.1,0.1,0.1
0.687658,0.221526,0.127028,0.1,0.1,0.1
0.652488,-0.624808,0.406086,0.1,0.1,0.1
0.644541,0.044763,0.253679,0.1,0.1,0.1
0.445788,0.191744,0.010000,0.1,0.1,0.1
0.854667,0.424685,0.772990,0.1,0.1,0.1
0.605780,-0.084733,0.014523,0.1,0.1,0.1
0.602493,-0.064845,0.349681,0.1,0.1,0.1
0.607634,-0.055868,0.099197,0.1,0.1,0.1
0.348084,0.139967,0.272410,0.1,0.1,0.1
0.618585,-0.052326,0.058068,0.1,0.1,0.1
0.766496,-0.603434,0.539626,0.1,0.1,0.1
0.939952,0.045367,0.624824,0.1,0.1,0.1
0.582506,0.437300,0.014000,0.1,0.1,0.1
0.606553,-0.038652,0.401307,0.1,0.1,0.1
0.665779,0.041193,0.784615,0.1,0.1,0.1
0.370184,-0.006878,0.024393,0.1,0.1,0.1
1.016883,0.333121,0.106323,0.1,0.1,0.1
0.960396,0.318807,0.401307,0.1,0.1,0.1
0.966908,0.107475,0.676567,0.1,0.1,0.1
0.540998,-0.327045,0.200248,0.1,0.1,0.1
0.718988,-0.095990,0.136777,0.1,0.1,0.1
0.712103,0.211009,0.387307,0.1,0.1,0.1
0.830679,-0.244199,0.774615,0.1,0.1,0.1
0.652162,0.073269,0.036236,0.1,0.1,0.1
0.824691,-0.283379,0.723701,0.1,0.1,0.1
0.684944,0.308939,0.778916,0.1,0.1,0.1
0.382668,0.195759,0.178032,0.1,0.1,0.1
0.735837,-0.615732,0.528044,0.1,0.1,0.1
0.249362,-0.514265,0.010000,0.1,0.1,0.1
0.985599,0.400032,0.547719,0.1,0.1,0.1
0.981263,0.302269,0.443040,0.1,0.1,0.1
0.586230,-0.607094,0.353803,0.1,0.1,0.1
0.465629,-0.028254,0.049862,0.1,0.1,0.1
0.488216,-0.186065,0.014000,0.1,0.1,0.1
0.570034,-0.218441,0.293950,0.1,0.1,0.1
0.624485,-0.617322,0.694079,0.1,0.1,0.1
0.947574,0.035158,0.434363,0.1,0.1,0.1
0.854422,-0.274552,0.009109,0.1,0.1,0.1
0.722320,0.220860,0.387307,0.1,0.1,0.1
0.614213,0.044372,0.439318,0.1,0.1,0.1
0.689686,0.367865,0.010000,0.1,0.1,0.1
0.879715,0.417989,0.656639,0.1,0.1,0.1
1.030860,0.385402,0.244572,0.1,0.1,0.1
0.394433,0.033666,0.010000,0.1,0.1,0.1
0.942949,0.411434,0.037919,0.1,0.1,0.1
0.446614,-0.012819,0.383218,0.1,0.1,0.1
0.259887,-0.437357,0.014000,0.1,0.1,0.1
0.265596,-0.242139,0.211564,0.1,0.1,0.1
0.631413,-0.159047,0.000000,0.1,0.1,0.1
0.965806,0.188815,0.397307,0.1,0.1,0.1
0.460089,-0.016422,0.125314,0.1,0.1,0.1
1.000432,0.271585,0.294996,0.1,0.1,0.1
0.456441,-0.568255,0.401495,0.1,0.1,0.1
0.361621,0.014044,0.281830,0.1,0.1,0.1
0.684501,0.380845,0.443824,0.1,0.1,0.1
0.748189,-0.569528,0.602363,0.1,0.1,0.1
0.887542,0.113552,0.000000,0.1,0.1,0.1
0.346004,-0.360526,0.014000,0.1,0.1,0.1
0.726890,0.368270,0.186946,0.1,0.1,0.1
0.558480,-0.595535,0.464535,0.1,0.1,0.1
0.473178,-0.409596,0.771231,0.1,0.1,0.1
0.784140,0.319596,0.397307,0.1,0.1,0.1
0.582870,-0.349272,0.387307,0.1,0.1,0.1
0.997591,0.260960,0.593919,0.1,0.1,0.1
0.543964,-0.606146,0.100107,0.1,0.1,0.1
0.956854,0.069867,0.490507,0.1,0.1,0.1
0.368255,0.141850,0.208487,0.1,0.1,0.1
0.921023,0.233326,0.010000,0.1,0.1,0.1
0.658976,-0.626543,0.652850,0.1,0.1,0.1
0.737788,-0.623919,0.716942,0.1,0.1,0.1
0.872817,0.419715,0.784615,0.1,0.1,0.1
0.672971,0.264152,0.667028,0.1,0.1,0.1
0.643998,-0.632889,0.367055,0.1,0.1,0.1
0.490111,-0.517385,0.199836,0.1,0.1,0.1
0.730356,0.047375,0.010000,0.1,0.1,0.1
0.774268,0.341827,0.010000,0.1,0.1,0.1
0.672349,-0.476047,0.387307,0.1,0.1,0.1
0.955719,0.104341,0.332939,0.1,0.1,0.1
0.815611,-0.121822,0.376229,0.1,0.1,0.1
0.683470,-0.633091,0.390282,0.1,0.1,0.1
0.260637,-0.515907,0.230279,0.1,0.1,0.1
0.626318,-0.071214,0.340637,0.1,0.1,0.1
1.040457,0.382578,0.125002,0.1,0.1,0.1
0.796163,-0.206829,0.010000,0.1,0.1,0.1
0.695860,0.467142,0.288012,0.1,0.1,0.1
0.815595,-0.458503,0.158520,0.1,0.1,0.1
0.844582,-0.311358,0.286326,0.1,0.1,0.1
0.394313,0.001163,0.381132,0.1,0.1,0.1
0.452088,0.455421,0.261076,0.1,0.1,0.1
0.618218,-0.038210,0.027189,0.1,0.1,0.1
0.877946,0.166937,0.397307,0.1,0.1,0.1
0.640320,0.142025,0.682240,0.1,0.1,0.1
0.912867,0.409126,0.472471,0.1,0.1,0.1
0.689703,-0.077809,0.289725,0.1,0.1,0.1
0.483894,-0.556126,0.218931,0.1,0.1,0.1
0.644177,-0.065638,0.214007,0.1,0.1,0.1
0.572991,-0.056957,0.271895,0.1,0.1,0.1
0.814652,-0.061620,0.774615,0.1,0.1,0.1
0.347533,0.003318,0.385095,0.1,0.1,0.1
0.569271,-0.228219,0.397307,0.1,0.1,0.1
0.809319,-0.308293,0.397307,0.1,0.1,0.1
0.298316,-0.119754,0.197623,0.1,0.1,0.1
0.706978,0.278303,0.244607,0.1,0.1,0.1
0.731191,0.457696,0.486985,0.1,0.1,0.1
0.217617,-0.421603,0.108051,0.1,0.1,0.1
0.442271,-0.026150,0.380797,0.1,0.1,0.1
0.643839,-0.075899,0.192133,0.1,0.1,0.1
0.597543,-0.131033,0.188793,0.1,0.1,0.1
0.705667,0.273397,0.124382,0.1,0.1,0.1
0.761007,-0.662684,0.372843,0.1,0.1,0.1
0.703025,-0.634179,0.643172,0.1,0.1,0.1
0.772192,-0.607736,0.000000,0.1,0.1,0.1
0.850508,-0.202299,0.713517,0.1,0.1,0.1
0.898875,-0.108282,0.084688,0.1,0.1,0.1
0.792304,0.437217,0.749723,0.1,0.1,0.1
0.911950,0.027520,0.650903,0.1,0.1,0.1
0.543312,-0.595620,0.594223,0.1,0.1,0.1
0.638439,-0.616912,0.765083,0.1,0.1,0.1
0.606021,0.013730,0.671802,0.1,0.1,0.1
0.644078,0.048309,0.010000,0.1,0.1,0.1
0.974171,0.403087,0.197528,0.1,0.1,0.1
0.709817,-0.640135,0.774139,0.1,0.1,0.1
0.771920,0.119261,0.000000,0.1,0.1,0.1
0.993013,0.205119,0.074631,0.1,0.1,0.1
0.956189,0.397543,0.218460,0.1,0.1,0.1
0.917846,-0.037321,0.061740,0.1,0.1,0.1
0.349164,0.002882,0.239083,0.1,0.1,0.1
0.251753,-0.293917,0.355024,0.1,0.1,0.1
0.600901,-0.611016,0.530130,0.1,0.1,0.1
0.917046,-0.079031,0.078777,0.1,0.1,0.1
0.742675,-0.013186,0.000000,0.1,0.1,0.1
0.290900,-0.375464,0.014000,0.1,0.1,0.1
0.416623,-0.015153,0.152314,0.1,0.1,0.1
0.687365,0.220428,0.199861,0.1,0.1,0.1
0.207026,-0.461215,0.209250,0.1,0.1,0.1
0.559385,-0.264997,0.401307,0.1,0.1,0.1
0.742448,0.465038,0.313924,0.1,0.1,0.1
0.979561,0.401646,0.170355,0.1,0.1,0.1
0.774904,-0.610704,0.437459,0.1,0.1,0.1
0.821147,-0.239519,0.000000,0.1,0.1,0.1
0.481845,-0.579187,0.698792,0.1,0.1,0.1
1.018446,0.300248,0.566372,0.1,0.1,0.1
0.893364,0.032716,0.387307,0.1,0.1,0.1
0.807997,0.170618,0.774615,0.1,0.1,0.1
0.840001,-0.226114,0.556466,0.1,0.1,0.1
0.900750,-0.139985,0.223984,0.1,0.1,0.1
0.902097,-0.096227,0.652006,0.1,0.1,0.1
0.541852,0.063545,0.010000,0.1,0.1,0.1
0.660904,-0.637409,0.202819,0.1,0.1,0.1
0.794228,-0.135902,0.397307,0.1,0.1,0.1
0.878201,0.150986,0.397307,0.1,0.1,0.1
0.918179,-0.074793,0.604195,0.1,0.1,0.1
0.776165,-0.380487,0.774615,0.1,0.1,0.1
0.446985,0.436335,0.381913,0.1,0.1,0.1
0.359976,0.184448,0.163089,0.1,0.1,0.1
0.858393,0.274730,0.387307,0.1,0.1,0.1
0.517830,-0.042210,0.071939,0.1,0.1,0.1
0.957526,0.072380,0.288918,0.1,0.1,0.1
0.623055,-0.020118,0.363999,0.1,0.1,0.1
0.481636,-0.377959,0.575315,0.1,0.1,0.1
0.442260,-0.568604,0.281754,0.1,0.1,0.1
0.697205,-0.647114,0.208601,0.1,0.1,0.1
0.758876,-0.631936,0.397707,0.1,0.1,0.1
0.874401,0.419409,0.732616,0.1,0.1,0.1
0.664477,0.248855,0.397307,0.1,0.1,0.1
0.480929,-0.454166,0.751421,0.1,0.1,0.1
0.487890,-0.525694,0.071920,0.1,0.1,0.1
0.836645,-0.341046,0.178040,0.1,0.1,0.1
0.571824,-0.603243,0.011730,0.1,0.1,0.1
0.750165,-0.577625,0.685830,0.1,0.1,0.1
0.570652,0.496476,0.037279,0.1,0.1,0.1
0.813328,-0.341367,0.404719,0.1,0.1,0.1
0.704243,-0.071936,0.401307,0.1,0.1,0.1
0.502104,0.342518,0.010000,0.1,0.1,0.1
0.724279,0.456067,0.682491,0.1,0.1,0.1
0.927534,0.088599,0.774615,0.1,0.1,0.1
0.490006,-0.420213,0.452872,0.1,0.1,0.1
0.625040,-0.335672,0.000000,0.1,0.1,0.1
0.679417,0.288266,0.769202,0.1,0.1,0.1
0.982332,0.384427,0.387307,0.1,0.1,0.1
0.234062,-0.360092,0.018506,0.1,0.1,0.1
0.536205,0.509826,0.074109,0.1,0.1,0.1
0.716435,0.313678,0.121695,0.1,0.1,0.1
0.640575,-0.340993,0.784615,0.1,0.1,0.1
0.926877,0.130021,0.000000,0.1,0.1,0.1
0.671033,0.143854,0.355009,0.1,0.1,0.1
0.245968,-0.511985,0.270215,0.1,0.1,0.1
0.759362,-0.053344,0.010000,0.1,0.1,0.1
0.598536,0.198420,0.014000,0.1,0.1,0.1
0.640834,-0.064744,0.062958,0.1,0.1,0.1
0.383966,0.200616,0.042337,0.1,0.1,0.1
0.757552,-0.652897,0.629334,0.1,0.1,0.1
0.335394,0.018936,0.304877,0.1,0.1,0.1
0.988430,0.187977,0.307879,0.1,0.1,0.1
0.648970,-0.077270,0.263694,0.1,0.1,0.1
0.879315,-0.181443,0.115449,0.1,0.1,0.1
0.645987,0.050171,0.077489,0.1,0.1,0.1
0.980018,0.156510,0.631613,0.1,0.1,0.1
0.888601,-0.146711,0.023918,0.1,0.1,0.1
0.806644,-0.491981,0.135765,0.1,0.1,0.1
0.682293,0.372588,0.568822,0.1,0.1,0.1
0.503754,-0.042588,0.313002,0.1,0.1,0.1
0.768567,0.425878,0.000000,0.1,0.1,0.1
0.797077,-0.116867,0.239023,0.1,0.1,0.1
0.737917,0.455898,0.081456,0.1,0.1,0.1
0.598696,-0.053478,0.119548,0.1,0.1,0.1
0.749766,-0.268961,0.784615,0.1,0.1,0.1
1.004113,0.285354,0.684349,0.1,0.1,0.1
0.780399,-0.551433,0.760697,0.1,0.1,0.1
0.660087,-0.366442,0.397307,0.1,0.1,0.1
1.025271,0.325778,0.491449,0.1,0.1,0.1
0.631486,-0.067328,0.000000,0.1,0.1,0.1
0.603639,0.077968,0.774615,0.1,0.1,0.1
0.715308,0.309461,0.376710,0.1,0.1,0.1
0.531700,-0.190698,0.676237,0.1,0.1,0.1
0.428686,-0.560835,0.356561,0.1,0.1,0.1
0.497781,-0.036850,0.099981,0.1,0.1,0.1
0.613030,-0.067662,0.141455,0.1,0.1,0.1
1.040732,0.383607,0.590563,0.1,0.1,0.1
0.506462,-0.456226,0.293920,0.1,0.1,0.1
0.988516,0.227014,0.567566,0.1,0.1,0.1
0.566036,-0.233393,0.335421,0.1,0.1,0.1
0.611374,0.182137,0.010000,0.1,0.1,0.1
0.501771,-0.027566,0.033172,0.1,0.1,0.1
0.379693,-0.005279,0.155527,0.1,0.1,0.1
1.031977,0.387633,0.423719,0.1,0.1,0.1
0.770119,-0.589884,0.371395,0.1,0.1,0.1
0.868888,-0.259162,0.436062,0.1,0.1,0.1
0.629463,0.164440,0.774615,0.1,0.1,0.1
0.952842,0.093580,0.714909,0.1,0.1,0.1
0.636140,-0.021603,0.000000,0.1,0.1,0.1
0.874370,-0.238657,0.380302,0.1,0.1,0.1
0.301818,-0.531057,0.113157,0.1,0.1,0.1
0.723715,0.459695,0.238984,0.1,0.1,0.1
0.571150,-0.116701,0.659213,0.1,0.1,0.1
0.273162,-0.140277,0.116355,0.1,0.1,0.1
0.938229,0.398205,0.471543,0.1,0.1,0.1
0.268841,-0.230002,0.206131,0.1,0.1,0.1
0.753765,-0.662236,0.328407,0.1,0.1,0.1
0.815623,-0.419678,0.208507,0.1,0.1,0.1
0.992391,0.328403,0.559821,0.1,0.1,0.1
0.305471,-0.527893,0.276104,0.1,0.1,0.1
0.501031,-0.476542,0.092002,0.1,0.1,0.1
0.850086,-0.120687,0.125115,0.1,0.1,0.1
0.539600,-0.305686,0.010000,0.1,0.1,0.1
1.013174,0.280531,0.713281,0.1,0.1,0.1
0.799098,-0.117407,0.034628,0.1,0.1,0.1
0.539891,-0.539205,0.010000,0.1,0.1,0.1
0.603683,-0.092578,0.378736,0.1,0.1,0.1
0.475156,-0.402197,0.602875,0.1,0.1,0.1
0.724842,0.360609,0.285460,0.1,0.1,0.1
0.720421,0.344074,0.089303,0.1,0.1,0.1
0.868621,0.420955,0.032025,0.1,0.1,0.1
0.255421,-0.206635,0.164710,0.1,0.1,0.1
0.593058,-0.296665,0.401307,0.1,0.1,0.1
0.905550,0.421433,0.780287,0.1,0.1,0.1
0.374006,0.163361,0.262890,0.1,0.1,0.1
0.882357,0.059749,0.397307,0.1,0.1,0.1
0.486364,-0.019306,0.328280,0.1,0.1,0.1
0.853433,-0.316971,0.228882,0.1,0.1,0.1
0.559698,-0.272588,0.246031,0.1,0.1,0.1
0.429240,0.443526,0.046239,0.1,0.1,0.1
0.565397,-0.255194,0.387307,0.1,0.1,0.1
0.804778,0.082381,0.397307,0.1,0.1,0.1
0.920634,-0.026891,0.152820,0.1,0.1,0.1
0.729782,-0.384483,0.010000,0.1,0.1,0.1
0.460636,-0.530072,0.671798,0.1,0.1,0.1
0.541825,-0.392467,0.397307,0.1,0.1,0.1
0.582749,-0.616515,0.165611,0.1,0.1,0.1
0.576648,-0.177987,0.397307,0.1,0.1,0.1
0.737765,-0.324011,0.401307,0.1,0.1,0.1
0.235096,-0.356224,0.258870,0.1,0.1,0.1
0.975885,0.392278,0.720319,0.1,0.1,0.1
0.697757,0.336135,0.397307,0.1,0.1,0.1
0.925170,0.015823,0.397307,0.1,0.1,0.1
0.622705,-0.481931,0.401307,0.1,0.1,0.1
0.715708,-0.095113,0.109695,0.1,0.1,0.1
0.582867,-0.185925,0.093475,0.1,0.1,0.1
0.501331,-0.037799,0.145962,0.1,0.1,0.1
0.956545,0.068714,0.665629,0.1,0.1,0.1
0.969261,0.154993,0.658672,0.1,0.1,0.1
0.507244,-0.282171,0.762729,0.1,0.1,0.1
0.633188,-0.619648,0.694579,0.1,0.1,0.1
0.720545,-0.086055,0.013314,0.1,0.1,0.1
0.795429,-0.533929,0.681773,0.1,0.1,0.1
0.499778,-0.579841,0.614575,0.1,0.1,0.1
0.263698,-0.175673,0.118134,0.1,0.1,0.1
0.569938,-0.228837,0.397307,0.1,0.1,0.1
0.591428,-0.061887,0.119760,0.1,0.1,0.1
0.808113,-0.119817,0.287163,0.1,0.1,0.1
0.232241,-0.366900,0.104975,0.1,0.1,0.1
0.675354,0.009290,0.000000,0.1,0.1,0.1
0.751910,0.151240,0.397307,0.1,0.1,0.1
0.916788,0.109418,0.000000,0.1,0.1,0.1
0.987203,0.183385,0.608001,0.1,0.1,0.1
0.835262,-0.116724,0.033562,0.1,0.1,0.1
0.475762,-0.577561,0.730554,0.1,0.1,0.1
0.703142,0.377006,0.473472,0.1,0.1,0.1
0.681264,-0.632501,0.145805,0.1,0.1,0.1
0.812283,-0.031614,0.397307,0.1,0.1,0.1
0.779122,0.170850,0.010000,0.1,0.1,0.1
0.878419,-0.128262,0.108086,0.1,0.1,0.1
0.639601,0.212900,0.698159,0.1,0.1,0.1
0.633590,-0.366412,0.774615,0.1,0.1,0.1
0.720963,-0.086166,0.251624,0.1,0.1,0.1
0.485712,-0.033623,0.014531,0.1,0.1,0.1
0.660092,-0.506605,0.774615,0.1,0.1,0.1
0.488425,-0.034349,0.270726,0.1,0.1,0.1
0.267354,-0.521843,0.205982,0.1,0.1,0.1
0.544821,-0.275211,0.387307,0.1,0.1,0.1
0.732249,-0.646132,0.698857,0.1,0.1,0.1
0.901278,0.412224,0.683348,0.1,0.1,0.1
0.982844,0.369545,0.774615,0.1,0.1,0.1
0.896973,0.413375,0.741114,0.1,0.1,0.1
0.794596,0.066381,0.000000,0.1,0.1,0.1
0.617103,0.055181,0.612649,0.1,0.1,0.1
0.680756,-0.064318,0.774615,0.1,0.1,0.1
0.774750,-0.572560,0.675125,0.1,0.1,0.1
0.438087,0.222566,0.014000,0.1,0.1,0.1
0.396611,-0.009803,0.013869,0.1,0.1,0.1
0.698619,-0.090544,0.191502,0.1,0.1,0.1
0.552041,0.116530,0.014000,0.1,0.1,0.1
0.761289,-0.661629,0.383062,0.1,0.1,0.1
0.638452,-0.213001,0.000000,0.1,0.1,0.1
0.232711,-0.291580,0.047743,0.1,0.1,0.1
0.870744,0.420387,0.755315,0.1,0.1,0.1
0.709837,-0.640140,0.341799,0.1,0.1,0.1
1.002082,0.380140,0.691209,0.1,0.1,0.1
0.515909,0.280491,0.010000,0.1,0.1,0.1
0.652899,-0.635269,0.508129,0.1,0.1,0.1
0.723719,-0.613409,0.784615,0.1,0.1,0.1
0.607377,-0.094248,0.140551,0.1,0.1,0.1
0.707268,0.392439,0.676448,0.1,0.1,0.1
0.440733,0.412949,0.244477,0.1,0.1,0.1
0.262219,-0.181208,0.357627,0.1,0.1,0.1
0.671822,-0.325722,0.397307,0.1,0.1,0.1
0.746661,0.442222,0.377022,0.1,0.1,0.1
0.600131,-0.105866,0.108721,0.1,0.1,0.1
0.621671,-0.616569,0.573567,0.1,0.1,0.1
0.787953,-0.346253,0.774615,0.1,0.1,0.1
1.018812,0.301617,0.301322,0.1,0.1,0.1
0.594007,-0.457389,0.010000,0.1,0.1,0.1
0.515170,-0.588096,0.564814,0.1,0.1,0.1
0.481867,-0.589544,0.438801,0.1,0.1,0.1
0.691544,-0.574256,0.784615,0.1,0.1,0.1
0.788290,-0.343688,0.387307,0.1,0.1,0.1
0.880077,-0.178595,0.025830,0.1,0.1,0.1
0.438242,-0.032178,0.014000,0.1,0.1,0.1
0.870291,-0.253916,0.075032,0.1,0.1,0.1
0.415291,-0.548307,0.014000,0.1,0.1,0.1
0.341299,0.114585,0.085875,0.1,0.1,0.1
0.658650,0.472950,0.102975,0.1,0.1,0.1
0.328036,-0.008587,0.180024,0.1,0.1,0.1
0.564534,0.413368,0.014000,0.1,0.1,0.1
0.341315,0.041082,0.165799,0.1,0.1,0.1
0.516022,-0.588324,0.455176,0.1,0.1,0.1
0.732257,-0.656486,0.589928,0.1,0.1,0.1
0.651985,0.073858,0.397307,0.1,0.1,0.1
0.614357,0.484791,0.115969,0.1,0.1,0.1
0.469981,-0.571875,0.194371,0.1,0.1,0.1
0.523586,-0.407662,0.191076,0.1,0.1,0.1
0.749446,0.423861,0.784615,0.1,0.1,0.1
0.798473,-0.418643,0.784615,0.1,0.1,0.1
0.255150,-0.281213,0.225016,0.1,0.1,0.1
0.783209,-0.454028,0.687380,0.1,0.1,0.1
0.682544,0.202398,0.251822,0.1,0.1,0.1
0.873529,0.429994,0.226700,0.1,0.1,0.1
0.583936,0.497065,0.157059,0.1,0.1,0.1
0.516331,-0.031458,0.161577,0.1,0.1,0.1
0.619413,-0.069368,0.264651,0.1,0.1,0.1
0.291808,-0.144095,0.340091,0.1,0.1,0.1
0.690187,-0.077938,0.269207,0.1,0.1,0.1
0.791394,0.002215,0.387307,0.1,0.1,0.1
0.220369,-0.509282,0.060542,0.1,0.1,0.1
0.747397,0.429489,0.277507,0.1,0.1,0.1
0.497122,-0.026323,0.056587,0.1,0.1,0.1
0.699133,0.248959,0.169600,0.1,0.1,0.1
0.802009,0.438763,0.765124,0.1,0.1,0.1
0.780276,-0.449510,0.561190,0.1,0.1,0.1
0.634593,0.194166,0.724338,0.1,0.1,0.1
0.775416,-0.608787,0.091147,0.1,0.1,0.1
0.185978,-0.477752,0.010000,0.1,0.1,0.1
0.533215,-0.592921,0.691042,0.1,0.1,0.1
0.559054,0.499577,0.232731,0.1,0.1,0.1
0.728257,-0.644084,0.517121,0.1,0.1,0.1
0.718086,-0.455973,0.000000,0.1,0.1,0.1
0.545835,-0.444242,0.774615,0.1,0.1,0.1
0.529394,-0.385937,0.120227,0.1,0.1,0.1
0.498525,0.519899,0.119291,0.1,0.1,0.1
0.509847,-0.272436,0.616179,0.1,0.1,0.1
0.534059,-0.036198,0.061232,0.1,0.1,0.1
0.557874,-0.496407,0.000000,0.1,0.1,0.1
0.570472,-0.045933,0.341921,0.1,0.1,0.1
0.538143,0.509307,0.010642,0.1,0.1,0.1
0.466946,-0.575204,0.574284,0.1,0.1,0.1
0.508670,-0.043902,0.342808,0.1,0.1,0.1
0.777860,-0.474034,0.684381,0.1,0.1,0.1
0.209735,-0.377518,0.215486,0.1,0.1,0.1
0.569356,-0.494788,0.397307,0.1,0.1,0.1
0.696770,0.426737,0.529265,0.1,0.1,0.1
0.394619,-0.420914,0.014000,0.1,0.1,0.1
0.301122,-0.109258,0.131523,0.1,0.1,0.1
0.585240,-0.560858,0.387307,0.1,0.1,0.1
0.596624,-0.620224,0.672511,0.1,0.1,0.1
0.851999,0.421258,0.635937,0.1,0.1,0.1
0.428146,0.439433,0.242712,0.1,0.1,0.1
0.309690,-0.077210,0.028919,0.1,0.1,0.1
0.653461,0.093612,0.242672,0.1,0.1,0.1
0.972945,0.168773,0.184217,0.1,0.1,0.1
0.790352,-0.349526,0.387307,0.1,0.1,0.1
0.642106,0.164042,0.010000,0.1,0.1,0.1
0.625169,-0.507938,0.401307,0.1,0.1,0.1
0.929341,0.108058,0.532992,0.1,0.1,0.1
0.763224,0.459484,0.424833,0.1,0.1,0.1
0.380061,-0.009518,0.201383,0.1,0.1,0.1
0.587535,-0.412518,0.397307,0.1,0.1,0.1
0.584470,-0.179929,0.175219,0.1,0.1,0.1
0.828395,-0.125240,0.050741,0.1,0.1,0.1
0.526250,-0.034110,0.069484,0.1,0.1,0.1
0.350060,-0.001498,0.375200,0.1,0.1,0.1
0.607945,-0.623083,0.784615,0.1,0.1,0.1
0.426528,-0.017801,0.271417,0.1,0.1,0.1
0.833072,-0.354413,0.491263,0.1,0.1,0.1
0.796920,-0.387254,0.706724,0.1,0.1,0.1
0.802310,0.434542,0.527541,0.1,0.1,0.1
1.026118,0.328945,0.602902,0.1,0.1,0.1
0.989340,0.399032,0.625753,0.1,0.1,0.1
0.643633,0.056852,0.272684,0.1,0.1,0.1
0.388409,-0.011750,0.279772,0.1,0.1,0.1
0.525236,-0.568365,0.397307,0.1,0.1,0.1
0.645698,-0.378505,0.401307,0.1,0.1,0.1
0.819681,-0.443218,0.321164,0.1,0.1,0.1
0.991673,0.238825,0.172382,0.1,0.1,0.1
0.320021,-0.251697,0.014000,0.1,0.1,0.1
0.506506,-0.456064,0.118661,0.1,0.1,0.1
0.637829,-0.616749,0.648034,0.1,0.1,0.1
0.556705,-0.283783,0.030426,0.1,0.1,0.1
0.829271,-0.281736,0.734150,0.1,0.1,0.1
0.596893,-0.303940,0.784615,0.1,0.1,0.1
0.752503,-0.655777,0.725211,0.1,0.1,0.1
0.913711,0.042057,0.397307,0.1,0.1,0.1
0.654013,0.051238,0.401307,0.1,0.1,0.1
0.436595,-0.010141,0.062842,0.1,0.1,0.1
0.868817,-0.259429,0.615617,0.1,0.1,0.1
0.494763,-0.499985,0.379312,0.1,0.1,0.1
0.455746,-0.582561,0.776092,0.1,0.1,0.1
0.583568,-0.059785,0.031819,0.1,0.1,0.1
0.733686,0.378203,0.332631,0.1,0.1,0.1
0.822851,-0.392641,0.274377,0.1,0.1,0.1
0.604460,-0.065371,0.169240,0.1,0.1,0.1
0.952454,0.394401,0.556487,0.1,0.1,0.1
1.029047,0.378618,0.630569,0.1,0.1,0.1
0.355794,-0.264370,0.014000,0.1,0.1,0.1
0.683892,-0.021073,0.784615,0.1,0.1,0.1
0.940015,0.345098,0.397307,0.1,0.1,0.1
0.942417,0.397085,0.474253,0.1,0.1,0.1
0.739271,-0.618374,0.695487,0.1,0.1,0.1
0.687136,-0.629931,0.453986,0.1,0.1,0.1
0.839772,-0.117930,0.122068,0.1,0.1,0.1
0.374229,-0.511885,0.014000,0.1,0.1,0.1
0.726137,0.349965,0.328529,0.1,0.1,0.1
0.617572,-0.068876,0.177189,0.1,0.1,0.1
0.538305,-0.337121,0.168186,0.1,0.1,0.1
0.572824,-0.046562,0.147277,0.1,0.1,0.1
0.594312,-0.609255,0.386323,0.1,0.1,0.1
0.965857,0.390818,0.574889,0.1,0.1,0.1
0.753753,-0.662233,0.751264,0.1,0.1,0.1
0.491414,-0.035148,0.201825,0.1,0.1,0.1
0.726812,-0.169473,0.784615,0.1,0.1,0.1
0.192087,-0.443529,0.193355,0.1,0.1,0.1
0.658631,0.130788,0.010000,0.1,0.1,0.1
0.820838,-0.313278,0.742604,0.1,0.1,0.1
0.697865,-0.204126,0.397307,0.1,0.1,0.1
0.598654,-0.610416,0.716376,0.1,0.1,0.1
0.498787,-0.055378,0.010000,0.1,0.1,0.1
0.581500,-0.021933,0.010000,0.1,0.1,0.1
0.943063,0.150991,0.397307,0.1,0.1,0.1
0.641902,0.050377,0.123549,0.1,0.1,0.1
0.531782,0.506868,0.165920,0.1,0.1,0.1
0.873438,-0.137282,0.349552,0.1,0.1,0.1
0.214855,-0.503667,0.214462,0.1,0.1,0.1
0.498828,-0.493103,0.387307,0.1,0.1,0.1
0.402745,-0.011442,0.303189,0.1,0.1,0.1
0.786545,-0.441549,0.549514,0.1,0.1,0.1
0.582070,-0.391552,0.784615,0.1,0.1,0.1
0.841202,-0.176150,0.401307,0.1,0.1,0.1
0.898000,-0.005680,0.387307,0.1,0.1,0.1
0.745166,0.442815,0.397307,0.1,0.1,0.1
0.886062,-0.130305,0.256831,0.1,0.1,0.1
0.487780,-0.315429,0.014000,0.1,0.1,0.1
0.811021,-0.475611,0.180226,0.1,0.1,0.1
0.770808,-0.484926,0.468848,0.1,0.1,0.1
1.009283,0.304692,0.048536,0.1,0.1,0.1
0.951578,0.191234,0.400933,0.1,0.1,0.1
0.352016,0.012471,0.027844,0.1,0.1,0.1
0.806413,0.100855,0.010000,0.1,0.1,0.1
0.599618,-0.123270,0.246416,0.1,0.1,0.1
0.763908,0.331266,0.784615,0.1,0.1,0.1
0.811525,0.436219,0.244274,0.1,0.1,0.1
0.653933,-0.635546,0.615358,0.1,0.1,0.1
0.831062,-0.115601,0.298021,0.1,0.1,0.1
0.681031,-0.367150,0.401307,0.1,0.1,0.1
0.583150,-0.045182,0.094724,0.1,0.1,0.1
0.726900,-0.548752,0.397307,0.1,0.1,0.1
0.555619,-0.041962,0.119155,0.1,0.1,0.1
0.555272,-0.289143,0.309259,0.1,0.1,0.1
0.464876,-0.570510,0.702697,0.1,0.1,0.1
0.501169,-0.476024,0.325033,0.1,0.1,0.1
0.820178,0.433906,0.606625,0.1,0.1,0.1
0.472537,-0.576698,0.666455,0.1,0.1,0.1
0.732364,0.373258,0.152900,0.1,0.1,0.1
0.860759,-0.250851,0.037736,0.1,0.1,0.1
0.388849,0.218879,0.297413,0.1,0.1,0.1
0.620777,-0.028638,0.030608,0.1,0.1,0.1
0.734516,0.396792,0.071264,0.1,0.1,0.1
0.310884,-0.072743,0.112944,0.1,0.1,0.1
0.557388,-0.052786,0.041533,0.1,0.1,0.1
0.710005,0.171945,0.774615,0.1,0.1,0.1
0.543778,-0.595745,0.455507,0.1,0.1,0.1
0.473763,-0.561693,0.010000,0.1,0.1,0.1
0.713807,0.416898,0.417762,0.1,0.1,0.1
0.737645,-0.435100,0.387307,0.1,0.1,0.1
0.574028,-0.218987,0.146082,0.1,0.1,0.1
0.533078,-0.046287,0.314564,0.1,0.1,0.1
0.543252,0.503801,0.295117,0.1,0.1,0.1
0.265588,-0.168605,0.114063,0.1,0.1,0.1
0.616098,0.124990,0.426903,0.1,0.1,0.1
0.436730,-0.152436,0.010000,0.1,0.1,0.1
0.707039,0.267879,0.401307,0.1,0.1,0.1
0.385111,-0.549185,0.311841,0.1,0.1,0.1
0.857109,-0.126112,0.000000,0.1,0.1,0.1
0.468283,-0.585912,0.738092,0.1,0.1,0.1
0.311681,0.003803,0.245778,0.1,0.1,0.1
0.803710,-0.377344,0.680644,0.1,0.1,0.1
0.799153,0.222334,0.010000,0.1,0.1,0.1
0.596138,-0.180106,0.387307,0.1,0.1,0.1
0.885677,-0.070753,0.506469,0.1,0.1,0.1
0.785435,-0.571312,0.017179,0.1,0.1,0.1
0.796411,-0.404645,0.706609,0.1,0.1,0.1
0.755963,0.347553,0.397307,0.1,0.1,0.1
0.743951,-0.649261,0.022313,0.1,0.1,0.1
0.548001,-0.300852,0.335135,0.1,0.1,0.1
0.600326,-0.529529,0.784615,0.1,0.1,0.1
0.846125,-0.122062,0.397307,0.1,0.1,0.1
0.792922,0.356488,0.397307,0.1,0.1,0.1
0.690261,-0.088310,0.323874,0.1,0.1,0.1
0.699583,0.437257,0.488233,0.1,0.1,0.1
0.582557,-0.606112,0.422147,0.1,0.1,0.1
0.658204,-0.092551,0.397307,0.1,0.1,0.1
1.020616,0.308366,0.117362,0.1,0.1,0.1
0.897255,-0.133298,0.026301,0.1,0.1,0.1
0.705241,0.287294,0.044955,0.1,0.1,0.1
0.519860,-0.415733,0.784615,0.1,0.1,0.1
0.849819,-0.204877,0.448456,0.1,0.1,0.1
0.800307,-0.232623,0.010000,0.1,0.1,0.1
0.398322,-0.267632,0.014000,0.1,0.1,0.1
0.984085,0.356119,0.000000,0.1,0.1,0.1
0.787489,0.452996,0.161036,0.1,0.1,0.1
0.462974,-0.031685,0.010671,0.1,0.1,0.1
0.456821,-0.470775,0.484890,0.1,0.1,0.1
0.526845,-0.282421,0.535487,0.1,0.1,0.1
0.270228,-0.151250,0.280552,0.1,0.1,0.1
0.594409,0.043861,0.670766,0.1,0.1,0.1
0.420078,-0.005725,0.339400,0.1,0.1,0.1
0.345140,0.055388,0.385511,0.1,0.1,0.1
0.449415,-0.570517,0.444646,0.1,0.1,0.1
0.427359,-0.018445,0.387307,0.1,0.1,0.1
0.950296,0.186440,0.572407,0.1,0.1,0.1
0.234379,-0.358904,0.134676,0.1,0.1,0.1
0.791461,-0.335255,0.774615,0.1,0.1,0.1
0.853705,-0.315952,0.209767,0.1,0.1,0.1
0.445909,-0.027123,0.328419,0.1,0.1,0.1
0.343914,0.072987,0.010000,0.1,0.1,0.1
0.577983,0.498656,0.373487,0.1,0.1,0.1
0.283745,-0.522085,0.237930,0.1,0.1,0.1
1.004731,0.248951,0.393973,0.1,0.1,0.1
0.679285,-0.247612,0.401307,0.1,0.1,0.1
0.520844,-0.369030,0.014000,0.1,0.1,0.1
0.960945,0.406623,0.541141,0.1,0.1,0.1
0.244993,-0.481401,0.014000,0.1,0.1,0.1
0.497125,-0.506638,0.296899,0.1,0.1,0.1
0.328162,-0.234198,0.010000,0.1,0.1,0.1
0.479998,-0.273051,0.010000,0.1,0.1,0.1
0.451365,0.452715,0.036833,0.1,0.1,0.1
0.752887,0.450023,0.053326,0.1,0.1,0.1
0.746452,0.441438,0.093994,0.1,0.1,0.1
0.673585,0.153398,0.167005,0.1,0.1,0.1
0.435178,0.392172,0.052552,0.1,0.1,0.1
0.598672,-0.587883,0.397307,0.1,0.1,0.1
0.362356,-0.547242,0.331309,0.1,0.1,0.1
0.407399,-0.555143,0.248762,0.1,0.1,0.1
0.506455,-0.590114,0.784615,0.1,0.1,0.1
0.617562,-0.068873,0.260217,0.1,0.1,0.1
0.324211,-0.128537,0.010000,0.1,0.1,0.1
0.420422,-0.122696,0.014000,0.1,0.1,0.1
0.765403,0.448550,0.505460,0.1,0.1,0.1
0.361134,0.115215,0.025271,0.1,0.1,0.1
0.491797,0.403292,0.010000,0.1,0.1,0.1
0.485299,-0.456657,0.397307,0.1,0.1,0.1
0.880312,-0.216432,0.309997,0.1,0.1,0.1
0.800449,-0.117768,0.057909,0.1,0.1,0.1
0.596762,-0.020900,0.644878,0.1,0.1,0.1
1.037903,0.373026,0.088579,0.1,0.1,0.1
0.743569,0.415168,0.308156,0.1,0.1,0.1
0.647746,0.243364,0.525084,0.1,0.1,0.1
0.693257,0.242469,0.217049,0.1,0.1,0.1
0.683916,-0.612232,0.774615,0.1,0.1,0.1
0.770318,-0.486758,0.559633,0.1,0.1,0.1
1.020988,0.309758,0.493792,0.1,0.1,0.1
0.689566,0.468825,0.197602,0.1,0.1,0.1
0.260290,-0.519955,0.154023,0.1,0.1,0.1
0.534699,-0.383069,0.774615,0.1,0.1,0.1
0.831045,-0.259613,0.400131,0.1,0.1,0.1
0.911039,0.409614,0.645707,0.1,0.1,0.1
0.599583,-0.107915,0.265569,0.1,0.1,0.1
0.377274,0.249147,0.159597,0.1,0.1,0.1
0.748311,-0.584560,0.758688,0.1,0.1,0.1
0.278670,-0.424976,0.010000,0.1,0.1,0.1
0.511585,0.516408,0.296601,0.1,0.1,0.1
0.504073,-0.595481,0.350811,0.1,0.1,0.1
0.934375,0.111402,0.474092,0.1,0.1,0.1
0.879597,-0.083041,0.774615,0.1,0.1,0.1
0.358159,0.177649,0.305521,0.1,0.1,0.1
0.758950,-0.544767,0.758921,0.1,0.1,0.1
0.640929,-0.365620,0.401307,0.1,0.1,0.1
0.643730,-0.478572,0.774615,0.1,0.1,0.1
0.726494,0.464352,0.322163,0.1,0.1,0.1
0.204474,-0.397197,0.289828,0.1,0.1,0.1
0.889447,-0.041162,0.620791,0.1,0.1,0.1
0.763443,-0.614856,0.553132,0.1,0.1,0.1
0.829370,-0.139131,0.401307,0.1,0.1,0.1
0.823190,-0.248454,0.784615,0.1,0.1,0.1
0.338557,0.030765,0.359777,0.1,0.1,0.1
0.534500,-0.325610,0.010000,0.1,0.1,0.1
0.585092,-0.049842,0.038668,0.1,0.1,0.1
0.794598,-0.498322,0.048761,0.1,0.1,0.1
0.826355,-0.292642,0.532976,0.1,0.1,0.1
0.881423,-0.071177,0.707099,0.1,0.1,0.1
0.331230,0.018028,0.268483,0.1,0.1,0.1
0.754069,0.461931,0.421545,0.1,0.1,0.1
0.210781,-0.373606,0.024244,0.1,0.1,0.1
0.911341,0.409534,0.437550,0.1,0.1,0.1
0.387427,0.003004,0.221988,0.1,0.1,0.1
0.853052,0.425117,0.729639,0.1,0.1,0.1
0.701709,0.437063,0.014000,0.1,0.1,0.1
0.456203,0.531214,0.166965,0.1,0.1,0.1
0.918455,0.407631,0.690007,0.1,0.1,0.1
0.991892,0.398349,0.544001,0.1,0.1,0.1
0.515691,0.515310,0.079247,0.1,0.1,0.1
0.757109,0.262870,0.000000,0.1,0.1,0.1
0.735844,-0.090145,0.088782,0.1,0.1,0.1
0.217000,-0.423910,0.081482,0.1,0.1,0.1
0.427080,-0.007597,0.245563,0.1,0.1,0.1
0.385589,0.280252,0.242164,0.1,0.1,0.1
0.832614,-0.116016,0.313803,0.1,0.1,0.1
0.904744,-0.086327,0.597150,0.1,0.1,0.1
0.582781,-0.170762,0.026762,0.1,0.1,0.1
0.536858,-0.358021,0.136590,0.1,0.1,0.1
0.449907,-0.570649,0.544437,0.1,0.1,0.1
0.678460,0.409819,0.010000,0.1,0.1,0.1
0.799213,-0.079314,0.774615,0.1,0.1,0.1
0.810392,-0.260130,0.401307,0.1,0.1,0.1
0.314429,-0.184050,0.014000,0.1,0.1,0.1
0.859554,0.067633,0.397307,0.1,0.1,0.1
0.727740,-0.084906,0.397307,0.1,0.1,0.1
0.267183,-0.517657,0.062157,0.1,0.1,0.1
0.732362,0.373251,0.015058,0.1,0.1,0.1
0.674415,-0.155392,0.387307,0.1,0.1,0.1
0.386587,0.003229,0.278020,0.1,0.1,0.1
0.734044,0.268496,0.784615,0.1,0.1,0.1
0.802862,-0.467409,0.268058,0.1,0.1,0.1
0.520602,-0.232208,0.405384,0.1,0.1,0.1
0.451387,-0.249937,0.010000,0.1,0.1,0.1
0.529013,-0.338833,0.010000,0.1,0.1,0.1
0.367417,0.138714,0.356157,0.1,0.1,0.1
0.960862,0.123577,0.666476,0.1,0.1,0.1
0.572883,-0.207784,0.182213,0.1,0.1,0.1
0.704439,0.253957,0.397307,0.1,0.1,0.1
0.643978,0.042655,0.373313,0.1,0.1,0.1
0.320766,-0.035781,0.195216,0.1,0.1,0.1
0.303887,-0.025349,0.088231,0.1,0.1,0.1
0.970009,0.393849,0.648206,0.1,0.1,0.1
0.717308,0.461408,0.581192,0.1,0.1,0.1
0.777032,0.025602,0.010000,0.1,0.1,0.1
0.626390,-0.617831,0.612303,0.1,0.1,0.1
0.320231,0.035784,0.286207,0.1,0.1,0.1
0.247240,-0.516466,0.038597,0.1,0.1,0.1
0.623584,-0.047570,0.401307,0.1,0.1,0.1
0.861786,0.418641,0.457311,0.1,0.1,0.1
0.580442,0.487624,0.010000,0.1,0.1,0.1
0.620085,-0.046713,0.186899,0.1,0.1,0.1
0.574907,-0.614418,0.173770,0.1,0.1,0.1
0.829239,0.441835,0.210381,0.1,0.1,0.1
0.747940,0.431519,0.243147,0.1,0.1,0.1
0.703908,0.460850,0.123300,0.1,0.1,0.1
0.577770,-0.189506,0.320686,0.1,0.1,0.1
0.493047,-0.506403,0.278283,0.1,0.1,0.1
0.647150,0.167571,0.002671,0.1,0.1,0.1
0.540552,-0.157588,0.531263,0.1,0.1,0.1
0.500726,-0.477682,0.329927,0.1,0.1,0.1
0.481992,-0.579226,0.610566,0.1,0.1,0.1
0.999913,0.372028,0.744123,0.1,0.1,0.1
0.814965,-0.319759,0.675412,0.1,0.1,0.1
0.569445,-0.395273,0.774615,0.1,0.1,0.1
0.636119,0.028746,0.335041,0.1,0.1,0.1
0.859494,-0.294300,0.160399,0.1,0.1,0.1
0.495540,0.194381,0.010000,0.1,0.1,0.1
0.520996,-0.032705,0.347119,0.1,0.1,0.1
0.898399,-0.143955,0.272900,0.1,0.1,0.1
0.719956,0.439897,0.412598,0.1,0.1,0.1
1.039717,0.379812,0.194189,0.1,0.1,0.1
0.689988,0.327804,0.543427,0.1,0.1,0.1
0.871035,-0.251131,0.450079,0.1,0.1,0.1
0.856713,-0.304704,0.621400,0.1,0.1,0.1
0.693658,-0.235708,0.397307,0.1,0.1,0.1
0.267945,-0.233353,0.012398,0.1,0.1,0.1
0.434032,-0.562264,0.304021,0.1,0.1,0.1
0.717115,-0.095489,0.376630,0.1,0.1,0.1
0.846377,-0.304645,0.473113,0.1,0.1,0.1
0.721699,0.446418,0.593091,0.1,0.1,0.1
0.562025,-0.039534,0.357400,0.1,0.1,0.1
0.620077,0.066306,0.531205,0.1,0.1,0.1
0.879566,-0.180504,0.312087,0.1,0.1,0.1
0.566082,-0.233221,0.069007,0.1,0.1,0.1
0.486310,-0.576240,0.427144,0.1,0.1,0.1
0.783899,0.453956,0.135863,0.1,0.1,0.1
0.508802,-0.389955,0.397307,0.1,0.1,0.1
0.538619,0.476666,0.010000,0.1,0.1,0.1
0.792587,-0.038055,0.784615,0.1,0.1,0.1
0.891579,0.425168,0.678779,0.1,0.1,0.1
0.699663,-0.600239,0.387307,0.1,0.1,0.1
0.822012,0.197835,0.000000,0.1,0.1,0.1
0.799130,-0.117416,0.315266,0.1,0.1,0.1
0.723220,-0.516850,0.784615,0.1,0.1,0.1
0.834855,-0.232049,0.010000,0.1,0.1,0.1
0.946058,0.029488,0.571622,0.1,0.1,0.1
0.724541,0.457048,0.389124,0.1,0.1,0.1
0.441671,0.050001,0.010000,0.1,0.1,0.1
0.985098,0.175513,0.088465,0.1,0.1,0.1
0.782369,-0.112934,0.018136,0.1,0.1,0.1
0.466513,0.509378,0.364446,0.1,0.1,0.1
0.780750,0.415795,0.397307,0.1,0.1,0.1
0.950684,0.085507,0.011158,0.1,0.1,0.1
0.819193,-0.319428,0.416186,0.1,0.1,0.1
0.750002,0.185239,0.010000,0.1,0.1,0.1
0.799392,0.342225,0.397307,0.1,0.1,0.1
0.698365,0.462332,0.156063,0.1,0.1,0.1
0.891958,0.362742,0.000000,0.1,0.1,0.1
0.264913,-0.171129,0.089529,0.1,0.1,0.1
0.622073,0.073773,0.401820,0.1,0.1,0.1
0.518625,-0.599371,0.188319,0.1,0.1,0.1
0.632033,0.184594,0.467308,0.1,0.1,0.1
0.899575,0.012545,0.387307,0.1,0.1,0.1
0.612682,-0.614166,0.511626,0.1,0.1,0.1
0.511921,-0.338242,0.638838,0.1,0.1,0.1
0.688572,0.209455,0.162476,0.1,0.1,0.1
0.820510,-0.314505,0.746420,0.1,0.1,0.1
0.613773,0.116293,0.691285,0.1,0.1,0.1
0.447661,-0.008959,0.366962,0.1,0.1,0.1
0.375749,-0.042707,0.014000,0.1,0.1,0.1
0.252204,-0.292231,0.159854,0.1,0.1,0.1
0.763034,-0.514002,0.757980,0.1,0.1,0.1
0.463367,-0.519858,0.484654,0.1,0.1,0.1
0.617344,-0.615413,0.181895,0.1,0.1,0.1
0.180669,-0.486238,0.229815,0.1,0.1,0.1
0.849220,0.436493,0.599705,0.1,0.1,0.1
0.647840,-0.633917,0.171568,0.1,0.1,0.1
0.893356,-0.142607,0.370698,0.1,0.1,0.1
1.033020,0.354762,0.606392,0.1,0.1,0.1
0.422874,-0.002332,0.034588,0.1,0.1,0.1
0.366819,0.171039,0.010000,0.1,0.1,0.1
0.503590,-0.482457,0.079991,0.1,0.1,0.1
0.535229,-0.051002,0.042508,0.1,0.1,0.1
0.231343,-0.296698,0.344349,0.1,0.1,0.1
0.572305,0.496034,0.011416,0.1,0.1,0.1
0.471120,0.523086,0.094175,0.1,0.1,0.1
0.929806,-0.031303,0.239778,0.1,0.1,0.1
0.196645,-0.500046,0.302328,0.1,0.1,0.1
0.962892,0.131172,0.691304,0.1,0.1,0.1
0.315279,-0.056305,0.263659,0.1,0.1,0.1
0.399362,0.258203,0.101254,0.1,0.1,0.1
0.601822,-0.621614,0.512152,0.1,0.1,0.1
0.698856,0.360975,0.563990,0.1,0.1,0.1
0.241380,-0.259154,0.259867,0.1,0.1,0.1
0.712095,0.439261,0.397307,0.1,0.1,0.1
0.529233,-0.591856,0.434628,0.1,0.1,0.1
0.503029,-0.072848,0.014000,0.1,0.1,0.1
0.552956,0.505347,0.360625,0.1,0.1,0.1
0.658869,0.173916,0.014000,0.1,0.1,0.1
0.617494,-0.068855,0.086659,0.1,0.1,0.1
0.775927,-0.055235,0.401307,0.1,0.1,0.1
0.500839,-0.041808,0.066133,0.1,0.1,0.1
0.731839,-0.656374,0.670721,0.1,0.1,0.1
0.724827,-0.639608,0.387307,0.1,0.1,0.1
0.724772,0.457911,0.591882,0.1,0.1,0.1
0.893994,0.376457,0.401307,0.1,0.1,0.1
0.624978,0.384455,0.014000,0.1,0.1,0.1
0.927998,0.400940,0.702796,0.1,0.1,0.1
0.483276,-0.371825,0.767300,0.1,0.1,0.1
0.937433,0.122840,0.765778,0.1,0.1,0.1
0.544947,-0.328587,0.401307,0.1,0.1,0.1
0.498622,-0.485552,0.071440,0.1,0.1,0.1
0.740466,-0.613903,0.568504,0.1,0.1,0.1
0.452127,0.529131,0.013354,0.1,0.1,0.1
0.571404,-0.528607,0.397307,0.1,0.1,0.1
0.303831,-0.099123,0.235157,0.1,0.1,0.1
0.417674,-0.019574,0.248945,0.1,0.1,0.1
0.494500,-0.329842,0.487739,0.1,0.1,0.1
0.720638,-0.109236,0.401307,0.1,0.1,0.1
0.507674,0.517453,0.289409,0.1,0.1,0.1
0.883255,-0.156889,0.774615,0.1,0.1,0.1
0.438997,-0.567732,0.511714,0.1,0.1,0.1
0.296025,-0.456573,0.014000,0.1,0.1,0.1
0.880871,-0.095793,0.000000,0.1,0.1,0.1
0.529157,-0.386826,0.336871,0.1,0.1,0.1
0.200229,-0.486641,0.161020,0.1,0.1,0.1
0.675996,0.311703,0.397307,0.1,0.1,0.1
0.951363,0.049329,0.009677,0.1,0.1,0.1
0.986173,0.389527,0.119654,0.1,0.1,0.1
0.929499,-0.011342,0.387307,0.1,0.1,0.1
0.477645,0.218860,0.014000,0.1,0.1,0.1
0.811433,0.432103,0.419564,0.1,0.1,0.1
0.762059,0.344695,0.397307,0.1,0.1,0.1
0.534936,0.079379,0.010000,0.1,0.1,0.1
0.377325,0.069071,0.010000,0.1,0.1,0.1
0.763005,-0.514110,0.632862,0.1,0.1,0.1
0.832057,0.413037,0.000000,0.1,0.1,0.1
0.668893,-0.301407,0.387307,0.1,0.1,0.1
0.743041,-0.585411,0.010000,0.1,0.1,0.1
0.477690,-0.391898,0.014000,0.1,0.1,0.1
0.944162,0.061112,0.760803,0.1,0.1,0.1
0.923704,0.147768,0.000000,0.1,0.1,0.1
0.534064,-0.255420,0.630945,0.1,0.1,0.1
0.519683,-0.309210,0.515473,0.1,0.1,0.1
0.616026,0.124718,0.467727,0.1,0.1,0.1
0.331674,0.017910,0.300064,0.1,0.1,0.1
0.541025,-0.342434,0.139484,0.1,0.1,0.1
0.652138,-0.142225,0.387307,0.1,0.1,0.1
0.640282,0.028833,0.113412,0.1,0.1,0.1
0.308428,-0.166939,0.014000,0.1,0.1,0.1
0.798204,0.252538,0.397307,0.1,0.1,0.1
0.441550,-0.568414,0.237165,0.1,0.1,0.1
0.862215,-0.245404,0.594205,0.1,0.1,0.1
0.613404,-0.053270,0.100575,0.1,0.1,0.1
0.748398,-0.584234,0.545996,0.1,0.1,0.1
0.286130,-0.526863,0.166049,0.1,0.1,0.1
0.680376,-0.284931,0.397307,0.1,0.1,0.1
0.593834,-0.057760,0.010000,0.1,0.1,0.1
0.773801,-0.514623,0.397307,0.1,0.1,0.1
0.635137,0.025074,0.064067,0.1,0.1,0.1
0.772939,-0.476954,0.603639,0.1,0.1,0.1
0.704766,-0.634644,0.558020,0.1,0.1,0.1
0.447422,-0.535465,0.014000,0.1,0.1,0.1
0.490138,0.518001,0.012558,0.1,0.1,0.1
0.924055,-0.052815,0.593149,0.1,0.1,0.1
0.979099,0.391419,0.518277,0.1,0.1,0.1
0.849582,-0.161673,0.397307,0.1,0.1,0.1
0.343624,0.049718,0.268194,0.1,0.1,0.1
0.659191,0.286174,0.723725,0.1,0.1,0.1
0.217821,-0.420838,0.173346,0.1,0.1,0.1
0.864901,-0.134999,0.356318,0.1,0.1,0.1
0.330150,-0.538632,0.252500,0.1,0.1,0.1
0.478369,-0.031660,0.192561,0.1,0.1,0.1
0.404373,-0.001527,0.381404,0.1,0.1,0.1
0.808600,-0.445947,0.106254,0.1,0.1,0.1
0.328769,-0.005845,0.307283,0.1,0.1,0.1
1.000067,0.365359,0.774615,0.1,0.1,0.1
0.412628,0.000407,0.254112,0.1,0.1,0.1
0.521898,-0.413975,0.075090,0.1,0.1,0.1
0.600737,-0.064375,0.261079,0.1,0.1,0.1
0.847344,0.327085,0.401307,0.1,0.1,0.1
0.585948,-0.147132,0.387307,0.1,0.1,0.1
0.555148,-0.102990,0.565920,0.1,0.1,0.1
0.314480,-0.034912,0.387307,0.1,0.1,0.1
0.515804,-0.588266,0.043213,0.1,0.1,0.1
0.635871,0.274441,0.010000,0.1,0.1,0.1
0.780193,-0.532816,0.397307,0.1,0.1,0.1
0.604374,-0.622296,0.590884,0.1,0.1,0.1
0.945255,0.167583,0.430591,0.1,0.1,0.1
0.840187,-0.256531,0.784615,0.1,0.1,0.1
0.738274,-0.622101,0.437067,0.1,0.1,0.1
0.353172,0.158998,0.197261,0.1,0.1,0.1
0.711084,0.447948,0.010000,0.1,0.1,0.1
0.649086,-0.345702,0.000000,0.1,0.1,0.1
0.281843,-0.107805,0.175790,0.1,0.1,0.1
0.914341,0.404591,0.576538,0.1,0.1,0.1
0.967144,0.388817,0.401307,0.1,0.1,0.1
0.553214,-0.110225,0.400523,0.1,0.1,0.1
0.830385,0.431177,0.693228,0.1,0.1,0.1
0.829527,-0.406389,0.724845,0.1,0.1,0.1
0.730120,-0.196675,0.401307,0.1,0.1,0.1
0.757279,-0.637912,0.477158,0.1,0.1,0.1
0.802343,-0.508069,0.776705,0.1,0.1,0.1
0.791763,-0.547644,0.557081,0.1,0.1,0.1
0.844252,0.250495,0.010000,0.1,0.1,0.1
0.694504,0.231644,0.022565,0.1,0.1,0.1
0.970286,0.158828,0.096971,0.1,0.1,0.1
0.911482,0.025769,0.731275,0.1,0.1,0.1
0.354284,0.089591,0.322072,0.1,0.1,0.1
0.683306,0.049433,0.000000,0.1,0.1,0.1
0.492764,0.119989,0.014000,0.1,0.1,0.1
0.490803,-0.514799,0.354885,0.1,0.1,0.1
0.598946,-0.620845,0.434969,0.1,0.1,0.1
0.736800,0.456197,0.075316,0.1,0.1,0.1
0.329391,0.070047,0.138657,0.1,0.1,0.1
0.554948,-0.250246,0.014000,0.1,0.1,0.1
0.606323,-0.098192,0.376806,0.1,0.1,0.1
0.805556,-0.457333,0.525925,0.1,0.1,0.1
0.654184,-0.635613,0.424171,0.1,0.1,0.1
0.911595,-0.099421,0.088214,0.1,0.1,0.1
0.722515,0.460016,0.332094,0.1,0.1,0.1
0.890768,-0.051710,0.495950,0.1,0.1,0.1
0.857709,-0.159877,0.729326,0.1,0.1,0.1
0.813533,-0.121266,0.073682,0.1,0.1,0.1
0.221836,-0.332258,0.324015,0.1,0.1,0.1
0.448072,-0.009069,0.337123,0.1,0.1,0.1
0.196372,-0.427502,0.067841,0.1,0.1,0.1
0.569666,-0.340175,0.401307,0.1,0.1,0.1
0.552644,-0.276913,0.014000,0.1,0.1,0.1
0.581257,-0.005331,0.725551,0.1,0.1,0.1
0.594405,-0.127281,0.133217,0.1,0.1,0.1
0.707217,0.392248,0.426083,0.1,0.1,0.1
0.926526,0.415825,0.293799,0.1,0.1,0.1
0.890666,-0.052089,0.401769,0.1,0.1,0.1
0.770644,0.427320,0.397307,0.1,0.1,0.1
0.741493,-0.102006,0.114641,0.1,0.1,0.1
0.864357,-0.151955,0.000000,0.1,0.1,0.1
0.297035,-0.050978,0.143995,0.1,0.1,0.1
0.907607,-0.075618,0.450592,0.1,0.1,0.1
0.200575,-0.485346,0.085546,0.1,0.1,0.1
0.880489,-0.014388,0.397307,0.1,0.1,0.1
0.513374,0.264453,0.014000,0.1,0.1,0.1
0.434304,0.462466,0.347461,0.1,0.1,0.1
0.415238,-0.557239,0.015017,0.1,0.1,0.1
0.767555,0.418100,0.397307,0.1,0.1,0.1
0.996247,0.358317,0.756718,0.1,0.1,0.1
0.632441,-0.619449,0.347833,0.1,0.1,0.1
0.900456,0.000014,0.673854,0.1,0.1,0.1
0.576076,-0.604380,0.192114,0.1,0.1,0.1
0.497864,-0.317257,0.558953,0.1,0.1,0.1
0.462235,0.392740,0.010000,0.1,0.1,0.1
0.495192,0.462620,0.014000,0.1,0.1,0.1
0.659657,0.214353,0.426473,0.1,0.1,0.1
0.980761,0.300391,0.476932,0.1,0.1,0.1
0.420851,0.014103,0.014000,0.1,0.1,0.1
0.812302,-0.329718,0.398217,0.1,0.1,0.1
0.842469,-0.129002,0.380391,0.1,0.1,0.1
0.820269,-0.245299,0.784615,0.1,0.1,0.1
0.792384,0.301302,0.784615,0.1,0.1,0.1
0.481670,0.485929,0.010000,0.1,0.1,0.1
0.764661,-0.649015,0.605519,0.1,0.1,0.1
0.595973,-0.023851,0.415779,0.1,0.1,0.1
0.484499,-0.505100,0.014000,0.1,0.1,0.1
0.536149,-0.589565,0.646419,0.1,0.1,0.1
0.605715,-0.519245,0.401307,0.1,0.1,0.1
0.867989,0.421124,0.601179,0.1,0.1,0.1
0.573823,0.499768,0.283546,0.1,0.1,0.1
0.575252,-0.198924,0.141769,0.1,0.1,0.1
0.461455,-0.573736,0.728710,0.1,0.1,0.1
0.453212,-0.010443,0.102604,0.1,0.1,0.1
0.433692,0.460174,0.065050,0.1,0.1,0.1
0.323359,-0.532675,0.217352,0.1,0.1,0.1
0.506402,-0.581612,0.611075,0.1,0.1,0.1
0.852942,-0.280089,0.689790,0.1,0.1,0.1
1.015767,0.328946,0.120182,0.1,0.1,0.1
0.736104,-0.552440,0.010000,0.1,0.1,0.1
0.517544,-0.599082,0.091301,0.1,0.1,0.1
0.605736,-0.055361,0.292928,0.1,0.1,0.1
0.322098,-0.532338,0.312003,0.1,0.1,0.1
0.904089,0.421824,0.698154,0.1,0.1,0.1
0.809040,-0.410240,0.784615,0.1,0.1,0.1
0.419708,0.407869,0.267688,0.1,0.1,0.1
0.643024,-0.618137,0.610730,0.1,0.1,0.1
0.583492,-0.224837,0.010000,0.1,0.1,0.1
0.754868,-0.233480,0.401307,0.1,0.1,0.1
0.610977,-0.045055,0.010000,0.1,0.1,0.1
0.319343,0.032463,0.011462,0.1,0.1,0.1
0.404215,-0.015976,0.053161,0.1,0.1,0.1
0.722376,-0.207235,0.784615,0.1,0.1,0.1
0.666883,-0.628657,0.299269,0.1,0.1,0.1
0.571944,-0.060818,0.076566,0.1,0.1,0.1
0.611281,0.106969,0.435929,0.1,0.1,0.1
0.449446,-0.571928,0.431284,0.1,0.1,0.1
0.457214,-0.511088,0.010000,0.1,0.1,0.1
0.935727,0.131943,0.745147,0.1,0.1,0.1
0.878772,-0.222193,0.588568,0.1,0.1,0.1
0.394527,-0.551702,0.369540,0.1,0.1,0.1
0.697499,0.355898,0.676164,0.1,0.1,0.1
0.591726,-0.001187,0.014000,0.1,0.1,0.1
0.504362,-0.475616,0.387307,0.1,0.1,0.1
0.919833,0.285324,0.010000,0.1,0.1,0.1
0.744838,0.449907,0.192271,0.1,0.1,0.1
0.703155,0.264002,0.310995,0.1,0.1,0.1
0.517905,-0.242295,0.454761,0.1,0.1,0.1
0.987320,0.399572,0.191536,0.1,0.1,0.1
0.628047,-0.614134,0.497448,0.1,0.1,0.1
0.687950,-0.341750,0.010000,0.1,0.1,0.1
0.768049,-0.086960,0.401307,0.1,0.1,0.1
0.681447,0.151150,0.387307,0.1,0.1,0.1
0.910650,0.409718,0.429645,0.1,0.1,0.1
0.961399,0.125585,0.707023,0.1,0.1,0.1
0.488959,-0.576948,0.716522,0.1,0.1,0.1
0.917850,0.407793,0.526194,0.1,0.1,0.1
0.619023,-0.296484,0.010000,0.1,0.1,0.1
0.215475,-0.503833,0.364236,0.1,0.1,0.1
0.231959,-0.381364,0.014000,0.1,0.1,0.1
0.728451,-0.643358,0.614646,0.1,0.1,0.1
0.800238,0.449588,0.600100,0.1,0.1,0.1
0.347743,0.065125,0.104863,0.1,0.1,0.1
0.988379,0.388937,0.276016,0.1,0.1,0.1
0.893257,-0.168013,0.263289,0.1,0.1,0.1
0.676949,-0.193228,0.401307,0.1,0.1,0.1
0.735485,0.400417,0.197371,0.1,0.1,0.1
0.522518,0.147279,0.010000,0.1,0.1,0.1
0.467932,-0.028870,0.018133,0.1,0.1,0.1
0.717266,-0.410179,0.784615,0.1,0.1,0.1
0.990283,0.194909,0.487183,0.1,0.1,0.1
0.397061,0.249598,0.354043,0.1,0.1,0.1
0.916770,0.403941,0.720031,0.1,0.1,0.1
0.887353,0.411806,0.622009,0.1,0.1,0.1
0.449992,-0.566531,0.337809,0.1,0.1,0.1
0.703404,-0.611025,0.010000,0.1,0.1,0.1
0.669522,-0.198683,0.774615,0.1,0.1,0.1
0.948394,0.038225,0.191537,0.1,0.1,0.1
0.544378,-0.038957,0.206353,0.1,0.1,0.1
0.491783,-0.581844,0.419062,0.1,0.1,0.1
0.583652,0.293476,0.010000,0.1,0.1,0.1
0.863532,0.422315,0.585428,0.1,0.1,0.1
0.644112,0.084062,0.387307,0.1,0.1,0.1
0.975961,0.180054,0.714874,0.1,0.1,0.1
0.855948,0.388199,0.010000,0.1,0.1,0.1
0.601167,-0.004424,0.638427,0.1,0.1,0.1
0.978501,0.189554,0.548428,0.1,0.1,0.1
0.246583,-0.239691,0.128699,0.1,0.1,0.1
0.301895,-0.068076,0.010000,0.1,0.1,0.1
0.814674,-0.336331,0.553706,0.1,0.1,0.1
0.578876,-0.014237,0.520171,0.1,0.1,0.1
0.952108,0.233165,0.784615,0.1,0.1,0.1
0.619121,-0.615888,0.628284,0.1,0.1,0.1
0.549897,-0.122633,0.750714,0.1,0.1,0.1
0.349122,-0.524866,0.010000,0.1,0.1,0.1
0.552368,-0.284517,0.362379,0.1,0.1,0.1
0.319319,-0.531595,0.246177,0.1,0.1,0.1
0.603479,0.004223,0.619045,0.1,0.1,0.1
0.915337,0.166620,0.387307,0.1,0.1,0.1
0.866650,-0.267535,0.509450,0.1,0.1,0.1
0.953267,0.095169,0.095339,0.1,0.1,0.1
0.663236,0.252595,0.774615,0.1,0.1,0.1
0.629736,-0.045618,0.387307,0.1,0.1,0.1
1.027430,0.372570,0.457029,0.1,0.1,0.1
0.666490,0.239910,0.412003,0.1,0.1,0.1
0.668203,-0.082412,0.242013,0.1,0.1,0.1
0.790507,-0.353316,0.397307,0.1,0.1,0.1
0.715378,0.166515,0.397307,0.1,0.1,0.1
0.578069,-0.181666,0.000000,0.1,0.1,0.1
1.019407,0.380642,0.657552,0.1,0.1,0.1
0.586041,-0.174054,0.279474,0.1,0.1,0.1
0.983735,0.311515,0.576150,0.1,0.1,0.1
0.717492,0.011500,0.397307,0.1,0.1,0.1
0.650208,-0.058515,0.401307,0.1,0.1,0.1
0.284735,-0.526490,0.229970,0.1,0.1,0.1
0.514554,0.125259,0.014000,0.1,0.1,0.1
0.702207,0.360158,0.397307,0.1,0.1,0.1
0.345860,0.032206,0.010000,0.1,0.1,0.1
0.273488,-0.519343,0.183727,0.1,0.1,0.1
0.822422,0.397458,0.000000,0.1,0.1,0.1
0.470071,-0.494779,0.675694,0.1,0.1,0.1
0.898763,0.003885,0.397307,0.1,0.1,0.1
0.716952,0.305826,0.000000,0.1,0.1,0.1
0.946493,0.172213,0.500979,0.1,0.1,0.1
1.007568,0.259559,0.213282,0.1,0.1,0.1
0.600280,-0.053902,0.381149,0.1,0.1,0.1
0.503128,-0.445774,0.387307,0.1,0.1,0.1
0.595331,-0.048438,0.346414,0.1,0.1,0.1
0.368255,-0.490338,0.010000,0.1,0.1,0.1
0.645571,-0.066010,0.375434,0.1,0.1,0.1
0.573411,-0.108244,0.661511,0.1,0.1,0.1
0.683159,-0.251205,0.387307,0.1,0.1,0.1
0.476346,-0.125341,0.010000,0.1,0.1,0.1
0.828120,-0.411654,0.071266,0.1,0.1,0.1
0.479997,-0.457652,0.690406,0.1,0.1,0.1
0.496836,-0.040738,0.200911,0.1,0.1,0.1
0.781927,0.006268,0.000000,0.1,0.1,0.1
0.946348,0.396034,0.406852,0.1,0.1,0.1
0.459475,-0.012117,0.297364,0.1,0.1,0.1
0.440431,0.321966,0.010000,0.1,0.1,0.1
0.953339,0.095440,0.495114,0.1,0.1,0.1
0.854089,-0.275798,0.173118,0.1,0.1,0.1
0.915599,-0.045725,0.541709,0.1,0.1,0.1
0.739153,0.149128,0.784615,0.1,0.1,0.1
0.568254,0.158324,0.010000,0.1,0.1,0.1
0.807923,-0.487198,0.667950,0.1,0.1,0.1
0.333398,-0.535359,0.255003,0.1,0.1,0.1
0.572938,-0.320951,0.010000,0.1,0.1,0.1
0.857411,0.434303,0.612078,0.1,0.1,0.1
0.840492,-0.254763,0.010000,0.1,0.1,0.1
0.280992,-0.110989,0.213550,0.1,0.1,0.1
0.979515,0.154629,0.322505,0.1,0.1,0.1
0.455529,-0.002232,0.010000,0.1,0.1,0.1
0.588596,-0.149011,0.265222,0.1,0.1,0.1
0.818739,-0.154091,0.010000,0.1,0.1,0.1
0.582502,0.493308,0.202788,0.1,0.1,0.1
0.391562,0.229028,0.190273,0.1,0.1,0.1
0.832548,0.426458,0.584639,0.1,0.1,0.1
0.779757,-0.553831,0.491312,0.1,0.1,0.1
0.558797,-0.610111,0.409078,0.1,0.1,0.1
0.316680,-0.175323,0.010000,0.1,0.1,0.1
0.381242,-0.552291,0.355237,0.1,0.1,0.1
0.612249,0.110591,0.687959,0.1,0.1,0.1
0.266215,-0.239823,0.111698,0.1,0.1,0.1
0.469220,-0.497964,0.706946,0.1,0.1,0.1
0.620057,-0.616138,0.742500,0.1,0.1,0.1
0.473092,-0.015758,0.145195,0.1,0.1,0.1
0.662756,0.131966,0.397307,0.1,0.1,0.1
0.986775,0.220505,0.278659,0.1,0.1,0.1
0.474411,-0.352704,0.010000,0.1,0.1,0.1
0.268550,-0.157526,0.274280,0.1,0.1,0.1
1.015572,0.289498,0.101268,0.1,0.1,0.1
0.569445,-0.045658,0.374319,0.1,0.1,0.1
0.580197,-0.082860,0.649567,0.1,0.1,0.1
0.902207,-0.008922,0.584035,0.1,0.1,0.1
1.006767,0.382177,0.423116,0.1,0.1,0.1
0.626652,-0.517794,0.000000,0.1,0.1,0.1
0.909939,0.409908,0.502348,0.1,0.1,0.1
0.490492,-0.517358,0.397307,0.1,0.1,0.1
0.666730,-0.071667,0.029486,0.1,0.1,0.1
0.698389,0.432791,0.487873,0.1,0.1,0.1
0.616004,-0.005997,0.397307,0.1,0.1,0.1
0.538299,-0.337143,0.156127,0.1,0.1,0.1
0.567583,-0.602109,0.527664,0.1,0.1,0.1
0.869024,-0.136102,0.021054,0.1,0.1,0.1
0.234361,-0.285406,0.247381,0.1,0.1,0.1
0.814866,-0.335616,0.424753,0.1,0.1,0.1
0.809552,-0.442386,0.291603,0.1,0.1,0.1
0.836356,-0.380845,0.720079,0.1,0.1,0.1
0.824564,-0.386234,0.703176,0.1,0.1,0.1
0.512391,-0.262920,0.758847,0.1,0.1,0.1
0.588185,-0.617968,0.210971,0.1,0.1,0.1
0.417094,-0.015279,0.376774,0.1,0.1,0.1
0.415005,0.390279,0.296731,0.1,0.1,0.1
0.379111,-0.172832,0.010000,0.1,0.1,0.1
0.598529,-0.620734,0.239281,0.1,0.1,0.1
0.833024,0.148624,0.010000,0.1,0.1,0.1
0.535047,-0.334717,0.397307,0.1,0.1,0.1
0.654156,0.478292,0.360846,0.1,0.1,0.1
0.221396,-0.333901,0.186927,0.1,0.1,0.1
0.549619,0.461575,0.010000,0.1,0.1,0.1
0.866762,-0.228399,0.701349,0.1,0.1,0.1
0.378808,0.254888,0.148312,0.1,0.1,0.1
0.959550,0.205564,0.490949,0.1,0.1,0.1
0.552765,-0.037058,0.057512,0.1,0.1,0.1
0.717952,0.432403,0.703247,0.1,0.1,0.1
0.911007,0.405482,0.556763,0.1,0.1,0.1
0.250931,-0.223427,0.101798,0.1,0.1,0.1
0.871593,-0.107945,0.493050,0.1,0.1,0.1
0.468666,0.130561,0.014000,0.1,0.1,0.1
0.488946,0.036104,0.014000,0.1,0.1,0.1
0.698568,-0.577454,0.401307,0.1,0.1,0.1
0.947084,0.033324,0.211860,0.1,0.1,0.1
0.872285,-0.246458,0.537286,0.1,0.1,0.1
0.429123,0.443087,0.138177,0.1,0.1,0.1
0.456149,-0.015369,0.038580,0.1,0.1,0.1
0.908265,0.410356,0.620044,0.1,0.1,0.1
0.528295,-0.334482,0.387307,0.1,0.1,0.1
1.017869,0.298093,0.448543,0.1,0.1,0.1
0.537657,0.172274,0.014000,0.1,0.1,0.1
0.553977,-0.189290,0.010000,0.1,0.1,0.1
0.814644,0.273716,0.397307,0.1,0.1,0.1
0.731556,0.370234,0.090311,0.1,0.1,0.1
0.674183,0.155635,0.241124,0.1,0.1,0.1
0.775087,-0.100636,0.084749,0.1,0.1,0.1
0.479177,-0.036017,0.331802,0.1,0.1,0.1
0.510500,-0.428927,0.000000,0.1,0.1,0.1
0.871059,0.099538,0.401307,0.1,0.1,0.1
0.569286,-0.041475,0.228127,0.1,0.1,0.1
0.500728,-0.493160,0.186914,0.1,0.1,0.1
1.002559,0.240823,0.000200,0.1,0.1,0.1
0.439697,-0.563778,0.194613,0.1,0.1,0.1
0.282313,-0.179611,0.140916,0.1,0.1,0.1
0.272011,-0.218146,0.029345,0.1,0.1,0.1
0.709856,0.077768,0.387307,0.1,0.1,0.1
0.702380,0.276591,0.025311,0.1,0.1,0.1
0.740254,-0.019365,0.784615,0.1,0.1,0.1
0.772481,-0.099940,0.176056,0.1,0.1,0.1
0.457228,0.474646,0.333076,0.1,0.1,0.1
0.858406,-0.122912,0.082412,0.1,0.1,0.1
0.402147,0.268620,0.138411,0.1,0.1,0.1
0.886121,-0.194702,0.043427,0.1,0.1,0.1
0.528659,-0.587562,0.659819,0.1,0.1,0.1
0.439342,-0.025367,0.212223,0.1,0.1,0.1
0.793134,0.341995,0.387307,0.1,0.1,0.1
0.686919,0.389890,0.727419,0.1,0.1,0.1
0.780465,-0.142837,0.774615,0.1,0.1,0.1
0.920392,-0.006603,0.010000,0.1,0.1,0.1
0.944417,0.148962,0.666788,0.1,0.1,0.1
0.637546,-0.631165,0.006619,0.1,0.1,0.1
0.635730,0.360298,0.014000,0.1,0.1,0.1
1.029629,0.342079,0.403082,0.1,0.1,0.1
0.477874,-0.578125,0.386613,0.1,0.1,0.1
0.768241,0.264908,0.000000,0.1,0.1,0.1
0.911648,-0.099221,0.630585,0.1,0.1,0.1
1.040989,0.384571,0.090544,0.1,0.1,0.1
0.706999,0.293867,0.295242,0.1,0.1,0.1
0.670715,0.142664,0.274224,0.1,0.1,0.1
0.558468,-0.053075,0.258823,0.1,0.1,0.1
0.445612,0.504763,0.165802,0.1,0.1,0.1
0.569479,-0.598475,0.589545,0.1,0.1,0.1
0.295042,-0.058435,0.202915,0.1,0.1,0.1
0.534879,-0.502884,0.387307,0.1,0.1,0.1
0.775833,0.320984,0.397307,0.1,0.1,0.1
0.815488,-0.458901,0.101956,0.1,0.1,0.1
0.680270,-0.078806,0.774615,0.1,0.1,0.1
0.443757,0.497825,0.346595,0.1,0.1,0.1
0.892985,-0.169028,0.258633,0.1,0.1,0.1
0.266186,-0.343617,0.014000,0.1,0.1,0.1
0.434925,-0.552677,0.597730,0.1,0.1,0.1
0.626206,-0.613641,0.408577,0.1,0.1,0.1
0.563392,-0.039900,0.310206,0.1,0.1,0.1
0.418159,-0.019704,0.153419,0.1,0.1,0.1
0.505789,-0.474233,0.030598,0.1,0.1,0.1
0.271090,-0.522842,0.027042,0.1,0.1,0.1
0.729021,-0.641224,0.498294,0.1,0.1,0.1
0.598628,0.059641,0.524887,0.1,0.1,0.1
0.565162,0.181873,0.010000,0.1,0.1,0.1
0.592217,-0.608695,0.517039,0.1,0.1,0.1
0.705605,-0.082061,0.193121,0.1,0.1,0.1
0.882053,0.413223,0.643039,0.1,0.1,0.1
0.240799,-0.334891,0.130136,0.1,0.1,0.1
0.210216,-0.417977,0.387307,0.1,0.1,0.1
0.910469,-0.064914,0.370698,0.1,0.1,0.1
0.378658,0.005348,0.321900,0.1,0.1,0.1
0.395711,0.244547,0.354106,0.1,0.1,0.1
0.320770,-0.426768,0.014000,0.1,0.1,0.1
0.519186,0.510235,0.051140,0.1,0.1,0.1
0.256018,-0.277966,0.334682,0.1,0.1,0.1
0.711489,-0.093985,0.106381,0.1,0.1,0.1
0.344759,0.127527,0.275559,0.1,0.1,0.1
0.489215,-0.520737,0.016269,0.1,0.1,0.1
0.552864,-0.111535,0.442521,0.1,0.1,0.1
0.871832,-0.152759,0.010000,0.1,0.1,0.1
0.371386,-0.003059,0.168721,0.1,0.1,0.1
0.544146,-0.217708,0.675903,0.1,0.1,0.1
0.942852,0.056212,0.549203,0.1,0.1,0.1
0.648157,-0.005124,0.774615,0.1,0.1,0.1
0.753239,-0.396995,0.397307,0.1,0.1,0.1
0.417434,-0.561967,0.217474,0.1,0.1,0.1
0.894990,-0.122811,0.309603,0.1,0.1,0.1
0.721941,-0.639236,0.742584,0.1,0.1,0.1
0.762467,0.449335,0.574332,0.1,0.1,0.1
0.749711,0.452745,0.350738,0.1,0.1,0.1
0.469153,-0.586145,0.720309,0.1,0.1,0.1
0.478095,0.525361,0.194611,0.1,0.1,0.1
0.504566,-0.042805,0.172370,0.1,0.1,0.1
0.688579,0.396099,0.597882,0.1,0.1,0.1
0.702976,0.283840,0.401307,0.1,0.1,0.1
0.922259,0.120065,0.397307,0.1,0.1,0.1
0.316294,-0.534927,0.346369,0.1,0.1,0.1
0.854158,-0.188647,0.454865,0.1,0.1,0.1
0.894509,0.351826,0.010000,0.1,0.1,0.1
0.845101,-0.207036,0.474506,0.1,0.1,0.1
0.493437,-0.333819,0.562624,0.1,0.1,0.1
0.811926,-0.472224,0.283605,0.1,0.1,0.1
0.449473,0.519205,0.345851,0.1,0.1,0.1
0.765968,-0.009272,0.774615,0.1,0.1,0.1
0.320857,0.020802,0.068828,0.1,0.1,0.1
0.493805,-0.021296,0.037429,0.1,0.1,0.1
0.540361,-0.594831,0.766904,0.1,0.1,0.1
0.901148,0.333622,0.401307,0.1,0.1,0.1
0.377973,0.251762,0.360597,0.1,0.1,0.1
0.679123,-0.531643,0.784615,0.1,0.1,0.1
0.918726,-0.072746,0.650260,0.1,0.1,0.1
0.219661,-0.340392,0.169792,0.1,0.1,0.1
0.666440,0.142159,0.360637,0.1,0.1,0.1
0.414914,-0.146953,0.010000,0.1,0.1,0.1
0.572271,-0.038943,0.763444,0.1,0.1,0.1
0.762457,-0.657259,0.064540,0.1,0.1,0.1
0.533966,-0.273083,0.000000,0.1,0.1,0.1
0.575496,-0.198010,0.249082,0.1,0.1,0.1
0.860503,0.058216,0.387307,0.1,0.1,0.1
0.673529,-0.513686,0.397307,0.1,0.1,0.1
0.433156,-0.019573,0.121612,0.1,0.1,0.1
1.011809,0.275423,0.614207,0.1,0.1,0.1
0.906590,0.410804,0.502313,0.1,0.1,0.1
0.363923,-0.547661,0.336761,0.1,0.1,0.1
0.663126,-0.627652,0.550993,0.1,0.1,0.1
0.651229,0.182829,0.421233,0.1,0.1,0.1
0.873694,0.325081,0.397307,0.1,0.1,0.1
0.828438,-0.371745,0.658073,0.1,0.1,0.1
0.406093,-0.012338,0.210329,0.1,0.1,0.1
0.738738,-0.165340,0.010000,0.1,0.1,0.1
0.828990,-0.369681,0.031092,0.1,0.1,0.1
0.329489,-0.538455,0.011858,0.1,0.1,0.1
0.592776,-0.047755,0.099350,0.1,0.1,0.1
0.650224,-0.353933,0.397307,0.1,0.1,0.1
0.782473,-0.441291,0.432869,0.1,0.1,0.1
0.899509,-0.144625,0.540427,0.1,0.1,0.1
0.603229,-0.109765,0.324248,0.1,0.1,0.1
0.823307,-0.304042,0.585384,0.1,0.1,0.1
0.621751,0.043302,0.774615,0.1,0.1,0.1
0.904673,-0.086593,0.152297,0.1,0.1,0.1
0.851726,-0.323354,0.564771,0.1,0.1,0.1
1.006615,0.286396,0.387307,0.1,0.1,0.1
0.756796,-0.397453,0.401307,0.1,0.1,0.1
0.794847,-0.295051,0.784615,0.1,0.1,0.1
0.751300,-0.232963,0.397307,0.1,0.1,0.1
0.710541,-0.064469,0.774615,0.1,0.1,0.1
0.940364,0.046908,0.275381,0.1,0.1,0.1
0.715673,0.326312,0.374898,0.1,0.1,0.1
0.263182,-0.516587,0.290197,0.1,0.1,0.1
0.556864,-0.042295,0.261407,0.1,0.1,0.1
0.936262,0.031562,0.107302,0.1,0.1,0.1
0.827293,0.442355,0.600503,0.1,0.1,0.1
0.617681,0.130909,0.561168,0.1,0.1,0.1
0.664228,-0.627947,0.550315,0.1,0.1,0.1
0.823420,0.433039,0.708731,0.1,0.1,0.1
0.719118,-0.638481,0.741150,0.1,0.1,0.1
0.892043,0.414693,0.593927,0.1,0.1,0.1
0.713871,0.458186,0.219941,0.1,0.1,0.1
0.853834,-0.189857,0.618521,0.1,0.1,0.1
0.534003,0.510414,0.061226,0.1,0.1,0.1
0.835587,0.254871,0.397307,0.1,0.1,0.1
0.501985,-0.416677,0.397307,0.1,0.1,0.1
0.513710,-0.429117,0.283791,0.1,0.1,0.1
0.876395,0.003837,0.401307,0.1,0.1,0.1
0.411662,0.362206,0.387307,0.1,0.1,0.1
0.543842,-0.595762,0.486866,0.1,0.1,0.1
0.740420,-0.658668,0.107476,0.1,0.1,0.1
0.426128,-0.564291,0.359231,0.1,0.1,0.1
0.570273,0.483460,0.010000,0.1,0.1,0.1
0.657165,-0.079461,0.188282,0.1,0.1,0.1
0.876824,-0.138187,0.135836,0.1,0.1,0.1
0.202201,-0.479263,0.330112,0.1,0.1,0.1
0.966907,0.233083,0.731271,0.1,0.1,0.1
1.031362,0.348559,0.470957,0.1,0.1,0.1
0.640864,-0.125276,0.010000,0.1,0.1,0.1
0.318508,-0.300449,0.010000,0.1,0.1,0.1
0.394966,-0.234691,0.010000,0.1,0.1,0.1
0.454718,-0.567794,0.205001,0.1,0.1,0.1
0.576858,0.354872,0.014000,0.1,0.1,0.1
0.988927,0.388791,0.779762,0.1,0.1,0.1
0.464675,0.161430,0.010000,0.1,0.1,0.1
0.452769,-0.010325,0.187500,0.1,0.1,0.1
0.936403,0.402833,0.070019,0.1,0.1,0.1
0.461332,-0.573703,0.712247,0.1,0.1,0.1
0.354519,0.164033,0.173110,0.1,0.1,0.1
0.736695,-0.179138,0.774615,0.1,0.1,0.1
0.919905,-0.068339,0.298459,0.1,0.1,0.1
0.899334,0.412744,0.047094,0.1,0.1,0.1
0.855398,-0.132459,0.146048,0.1,0.1,0.1
0.627259,-0.618063,0.665533,0.1,0.1,0.1
0.771515,-0.584660,0.338794,0.1,0.1,0.1
0.538213,0.509289,0.201568,0.1,0.1,0.1
0.682435,0.230871,0.387307,0.1,0.1,0.1
0.340608,-0.523116,0.014000,0.1,0.1,0.1
0.827469,0.427816,0.748598,0.1,0.1,0.1
0.436154,-0.566972,0.497757,0.1,0.1,0.1
0.600267,-0.120843,0.276284,0.1,0.1,0.1
0.844912,-0.310126,0.365409,0.1,0.1,0.1
0.637312,0.478654,0.067362,0.1,0.1,0.1
0.566200,-0.232782,0.378076,0.1,0.1,0.1
0.823236,-0.304309,0.499738,0.1,0.1,0.1
0.658422,-0.075751,0.397307,0.1,0.1,0.1
0.594582,-0.409173,0.000000,0.1,0.1,0.1
0.218437,-0.508765,0.227387,0.1,0.1,0.1
0.472390,-0.576659,0.248449,0.1,0.1,0.1
0.555132,-0.289665,0.247370,0.1,0.1,0.1
0.483550,-0.557416,0.187441,0.1,0.1,0.1
1.002666,0.279943,0.058961,0.1,0.1,0.1
0.626022,-0.407346,0.397307,0.1,0.1,0.1
0.837980,-0.374773,0.058483,0.1,0.1,0.1
0.465367,-0.017833,0.146699,0.1,0.1,0.1
0.245608,-0.243338,0.217681,0.1,0.1,0.1
0.336118,-0.163226,0.014000,0.1,0.1,0.1
0.537535,0.112568,0.010000,0.1,0.1,0.1
0.444634,0.449366,0.387307,0.1,0.1,0.1
0.511693,-0.587167,0.716028,0.1,0.1,0.1
0.866930,0.251895,0.010000,0.1,0.1,0.1
0.313784,-0.061896,0.348058,0.1,0.1,0.1
0.589250,0.024567,0.753173,0.1,0.1,0.1
0.786002,-0.428093,0.606078,0.1,0.1,0.1
0.892779,-0.132101,0.165102,0.1,0.1,0.1
0.980481,0.401400,0.025588,0.1,0.1,0.1
0.868265,-0.196580,0.774615,0.1,0.1,0.1
0.271926,-0.163048,0.387307,0.1,0.1,0.1
0.448910,-0.573933,0.638058,0.1,0.1,0.1
0.272265,-0.523156,0.100547,0.1,0.1,0.1
0.654444,-0.357138,0.000000,0.1,0.1,0.1
0.996239,0.386836,0.623974,0.1,0.1,0.1
0.638339,0.134613,0.587151,0.1,0.1,0.1
0.286596,-0.090027,0.342876,0.1,0.1,0.1
0.849041,0.436541,0.250901,0.1,0.1,0.1
0.843962,-0.352396,0.318597,0.1,0.1,0.1
1.016531,0.331803,0.350352,0.1,0.1,0.1
0.741850,0.087957,0.774615,0.1,0.1,0.1
0.874036,0.209469,0.010000,0.1,0.1,0.1
0.950326,0.399111,0.756688,0.1,0.1,0.1
0.794131,-0.397686,0.532399,0.1,0.1,0.1
0.518280,-0.584787,0.635101,0.1,0.1,0.1
0.836101,0.429649,0.223788,0.1,0.1,0.1
0.576226,-0.577519,0.010000,0.1,0.1,0.1
1.027914,0.388719,0.008707,0.1,0.1,0.1
0.598656,-0.388704,0.397307,0.1,0.1,0.1
0.648487,-0.634090,0.762322,0.1,0.1,0.1
0.422507,0.344777,0.363875,0.1,0.1,0.1
0.998881,0.227067,0.434691,0.1,0.1,0.1
0.852098,0.320478,0.774615,0.1,0.1,0.1
0.897152,0.413327,0.553123,0.1,0.1,0.1
0.587392,-0.083748,0.401307,0.1,0.1,0.1
0.923002,0.406416,0.201165,0.1,0.1,0.1
0.663324,-0.444542,0.397307,0.1,0.1,0.1
0.675039,0.468568,0.248651,0.1,0.1,0.1
0.970373,0.261536,0.569093,0.1,0.1,0.1
0.850722,-0.288392,0.256749,0.1,0.1,0.1
0.621692,0.140990,0.397307,0.1,0.1,0.1
0.588628,-0.164379,0.277155,0.1,0.1,0.1
0.607235,-0.612710,0.409217,0.1,0.1,0.1
0.712804,-0.531177,0.774615,0.1,0.1,0.1
0.416699,-0.338057,0.014000,0.1,0.1,0.1
0.912423,0.239163,0.784615,0.1,0.1,0.1
0.900787,-0.139846,0.683945,0.1,0.1,0.1
0.621527,-0.025835,0.140269,0.1,0.1,0.1
0.854710,0.351224,0.397307,0.1,0.1,0.1
0.310281,-0.074999,0.243583,0.1,0.1,0.1
0.487891,-0.576663,0.421554,0.1,0.1,0.1
0.824320,0.432798,0.212954,0.1,0.1,0.1
0.844683,0.437706,0.395375,0.1,0.1,0.1
0.545837,-0.596295,0.702224,0.1,0.1,0.1
0.726215,0.459027,0.379164,0.1,0.1,0.1
0.658926,0.211619,0.655771,0.1,0.1,0.1
0.511914,-0.587226,0.623694,0.1,0.1,0.1
0.563560,-0.203177,0.774615,0.1,0.1,0.1
0.628777,-0.198398,0.397307,0.1,0.1,0.1
0.468075,-0.091001,0.014000,0.1,0.1,0.1
0.919810,0.403129,0.483520,0.1,0.1,0.1
0.811805,-0.347064,0.553798,0.1,0.1,0.1
0.756154,-0.475087,0.397307,0.1,0.1,0.1
0.824706,0.400506,0.397307,0.1,0.1,0.1
0.453483,0.460640,0.138498,0.1,0.1,0.1
0.346244,-0.076582,0.014000,0.1,0.1,0.1
0.206351,-0.435590,0.010000,0.1,0.1,0.1
0.927748,0.086613,0.521104,0.1,0.1,0.1
0.597133,-0.456913,0.000000,0.1,0.1,0.1
0.844045,-0.352086,0.218204,0.1,0.1,0.1
0.953010,0.375294,0.387307,0.1,0.1,0.1
0.950201,0.083702,0.073105,0.1,0.1,0.1
0.920642,0.407047,0.564547,0.1,0.1,0.1
0.797413,-0.385410,0.701655,0.1,0.1,0.1
0.534780,-0.252740,0.703277,0.1,0.1,0.1
0.855985,0.194142,0.784615,0.1,0.1,0.1
0.645381,0.160956,0.676485,0.1,0.1,0.1
1.010800,0.310367,0.412542,0.1,0.1,0.1
0.890463,0.415115,0.287995,0.1,0.1,0.1
0.730080,-0.543167,0.401307,0.1,0.1,0.1
0.636057,-0.475356,0.010000,0.1,0.1,0.1
0.462740,-0.522202,0.407876,0.1,0.1,0.1
0.676891,0.181253,0.368927,0.1,0.1,0.1
0.742153,0.454766,0.527461,0.1,0.1,0.1
0.888177,-0.187014,0.196757,0.1,0.1,0.1
0.714703,0.322686,0.110911,0.1,0.1,0.1
0.978251,0.188622,0.567703,0.1,0.1,0.1
0.825611,-0.114144,0.074535,0.1,0.1,0.1
0.565756,-0.602677,0.000000,0.1,0.1,0.1
0.998993,0.266204,0.478189,0.1,0.1,0.1
0.586262,-0.060505,0.340968,0.1,0.1,0.1
0.817185,0.324146,0.401307,0.1,0.1,0.1
0.555204,-0.273911,0.022174,0.1,0.1,0.1
0.871294,0.324937,0.010000,0.1,0.1,0.1
0.996374,0.343304,0.552004,0.1,0.1,0.1
0.976443,0.284240,0.687783,0.1,0.1,0.1
0.590437,-0.157612,0.314788,0.1,0.1,0.1
0.490370,-0.512906,0.401307,0.1,0.1,0.1
0.703482,0.378279,0.442754,0.1,0.1,0.1
0.668050,-0.639320,0.529914,0.1,0.1,0.1
0.415160,-0.018902,0.292480,0.1,0.1,0.1
0.845205,-0.347747,0.531571,0.1,0.1,0.1
0.459991,0.335776,0.010000,0.1,0.1,0.1
0.880404,-0.216086,0.410483,0.1,0.1,0.1
0.253963,-0.285651,0.077815,0.1,0.1,0.1
0.584698,-0.339943,0.000000,0.1,0.1,0.1
0.656453,0.275934,0.579525,0.1,0.1,0.1
0.386257,-0.007034,0.066976,0.1,0.1,0.1
0.546467,-0.209027,0.594658,0.1,0.1,0.1
0.811185,0.446661,0.267342,0.1,0.1,0.1
0.918567,0.052272,0.639941,0.1,0.1,0.1
0.890840,-0.051441,0.704237,0.1,0.1,0.1
0.344914,-0.401306,0.014000,0.1,0.1,0.1
0.462852,0.495684,0.093540,0.1,0.1,0.1
0.509992,-0.443023,0.243715,0.1,0.1,0.1
0.902179,0.411983,0.378330,0.1,0.1,0.1
0.898622,-0.109228,0.599547,0.1,0.1,0.1
0.847969,0.099748,0.000000,0.1,0.1,0.1
1.024522,0.379275,0.375483,0.1,0.1,0.1
1.005659,0.252421,0.766790,0.1,0.1,0.1
0.467097,-0.575244,0.641427,0.1,0.1,0.1
0.809636,0.397036,0.000000,0.1,0.1,0.1
0.506603,-0.432140,0.397307,0.1,0.1,0.1
0.617126,0.055268,0.519350,0.1,0.1,0.1
0.582634,-0.589856,0.387307,0.1,0.1,0.1
0.978210,0.387516,0.753795,0.1,0.1,0.1
0.644050,0.387413,0.014000,0.1,0.1,0.1
0.813999,-0.425751,0.437894,0.1,0.1,0.1
0.428007,0.438911,0.217940,0.1,0.1,0.1
0.913725,0.342167,0.784615,0.1,0.1,0.1
0.637228,-0.631080,0.609230,0.1,0.1,0.1
0.914442,-0.088771,0.001929,0.1,0.1,0.1
0.401732,-0.015312,0.165677,0.1,0.1,0.1
0.517602,-0.002309,0.010000,0.1,0.1,0.1
0.318840,-0.457611,0.014000,0.1,0.1,0.1
0.802357,-0.366918,0.398100,0.1,0.1,0.1
0.610906,-0.067094,0.170449,0.1,0.1,0.1
0.539398,-0.047976,0.220348,0.1,0.1,0.1
0.798515,-0.106900,0.148697,0.1,0.1,0.1
0.393147,-0.555474,0.366285,0.1,0.1,0.1
0.611926,-0.274597,0.397307,0.1,0.1,0.1
0.728254,-0.147154,0.010000,0.1,0.1,0.1
0.433570,-0.009332,0.182336,0.1,0.1,0.1
0.779458,0.088737,0.397307,0.1,0.1,0.1
0.635705,-0.630673,0.505175,0.1,0.1,0.1
0.276930,-0.520263,0.115936,0.1,0.1,0.1
0.773661,-0.576636,0.291129,0.1,0.1,0.1
0.464746,-0.032159,0.195436,0.1,0.1,0.1
0.544507,-0.049342,0.091014,0.1,0.1,0.1
0.726673,-0.644641,0.318826,0.1,0.1,0.1
0.574845,-0.029315,0.746231,0.1,0.1,0.1
0.545974,-0.592191,0.472251,0.1,0.1,0.1
0.614299,-0.102309,0.010000,0.1,0.1,0.1
0.628379,-0.618363,0.276022,0.1,0.1,0.1
0.600023,0.220273,0.010000,0.1,0.1,0.1
0.959172,0.396746,0.443312,0.1,0.1,0.1
0.686602,-0.629788,0.434408,0.1,0.1,0.1
0.229150,-0.304898,0.086045,0.1,0.1,0.1
0.500286,-0.494815,0.054829,0.1,0.1,0.1
0.581142,-0.577137,0.784615,0.1,0.1,0.1
0.680801,-0.075429,0.115973,0.1,0.1,0.1
0.772763,0.151828,0.010000,0.1,0.1,0.1
0.351035,-0.293221,0.010000,0.1,0.1,0.1
0.678707,0.188042,0.166378,0.1,0.1,0.1
0.534477,-0.593258,0.733155,0.1,0.1,0.1
0.494254,0.079520,0.010000,0.1,0.1,0.1
0.334905,0.002554,0.317211,0.1,0.1,0.1
0.703717,0.379158,0.558099,0.1,0.1,0.1
0.819489,-0.443935,0.242155,0.1,0.1,0.1
0.730142,0.396125,0.010000,0.1,0.1,0.1
0.526966,-0.292183,0.010000,0.1,0.1,0.1
0.726370,0.458985,0.043410,0.1,0.1,0.1
0.786473,-0.441817,0.419094,0.1,0.1,0.1
0.904641,-0.086711,0.640115,0.1,0.1,0.1
0.709215,-0.072366,0.387307,0.1,0.1,0.1
0.353748,0.087587,0.157755,0.1,0.1,0.1
0.577032,-0.207751,0.305242,0.1,0.1,0.1
0.907050,0.347995,0.401307,0.1,0.1,0.1
0.774569,0.314314,0.401307,0.1,0.1,0.1
0.658541,0.477119,0.040912,0.1,0.1,0.1
0.539497,-0.332660,0.221148,0.1,0.1,0.1
0.775623,0.320807,0.401307,0.1,0.1,0.1
1.000935,0.234750,0.227820,0.1,0.1,0.1
0.413220,-0.560840,0.276518,0.1,0.1,0.1
0.536172,-0.173968,0.440350,0.1,0.1,0.1
0.752152,-0.570192,0.530754,0.1,0.1,0.1
0.863019,-0.281116,0.651741,0.1,0.1,0.1
0.720258,-0.566366,0.397307,0.1,0.1,0.1
0.483242,-0.371950,0.468555,0.1,0.1,0.1
0.992119,0.387938,0.562626,0.1,0.1,0.1
0.670232,0.156345,0.378300,0.1,0.1,0.1
0.676546,0.277610,0.014000,0.1,0.1,0.1
0.638663,-0.332086,0.000000,0.1,0.1,0.1
0.885521,-0.158229,0.436230,0.1,0.1,0.1
0.631536,-0.072609,0.162437,0.1,0.1,0.1
0.771892,0.457166,0.024041,0.1,0.1,0.1
0.295275,-0.529308,0.028991,0.1,0.1,0.1
0.847197,-0.214682,0.632954,0.1,0.1,0.1
0.526126,-0.048569,0.236137,0.1,0.1,0.1
0.548418,-0.421713,0.774615,0.1,0.1,0.1
0.850312,-0.289927,0.541975,0.1,0.1,0.1
0.719784,0.439254,0.486259,0.1,0.1,0.1
0.576573,-0.062056,0.206856,0.1,0.1,0.1
0.539499,-0.348143,0.331553,0.1,0.1,0.1
0.711864,-0.085931,0.010000,0.1,0.1,0.1
0.387835,0.215088,0.192378,0.1,0.1,0.1
0.515944,-0.249632,0.579960,0.1,0.1,0.1
0.532125,-0.035681,0.016853,0.1,0.1,0.1
0.670035,-0.117189,0.401307,0.1,0.1,0.1
0.929581,0.146719,0.000000,0.1,0.1,0.1
0.941938,0.107551,0.387307,0.1,0.1,0.1
0.935048,0.113917,0.412997,0.1,0.1,0.1
0.611343,-0.001290,0.387307,0.1,0.1,0.1
0.523407,-0.029210,0.019719,0.1,0.1,0.1
0.932004,0.399869,0.688964,0.1,0.1,0.1
0.354775,-0.362918,0.014000,0.1,0.1,0.1
0.760153,0.263570,0.784615,0.1,0.1,0.1
0.726697,-0.644648,0.546982,0.1,0.1,0.1
0.507751,-0.586113,0.340883,0.1,0.1,0.1
0.330806,0.075339,0.344611,0.1,0.1,0.1
0.798541,-0.396676,0.564977,0.1,0.1,0.1
0.926304,0.011896,0.784615,0.1,0.1,0.1
0.807771,-0.487767,0.498868,0.1,0.1,0.1
0.862735,-0.124069,0.311473,0.1,0.1,0.1
0.543594,0.507850,0.166018,0.1,0.1,0.1
0.873409,0.419674,0.679616,0.1,0.1,0.1
0.820173,0.370775,0.010000,0.1,0.1,0.1
0.770527,0.457531,0.632525,0.1,0.1,0.1
0.684912,-0.076528,0.308791,0.1,0.1,0.1
0.706715,-0.181443,0.010000,0.1,0.1,0.1
0.880118,0.178608,0.387307,0.1,0.1,0.1
0.570896,0.500551,0.365455,0.1,0.1,0.1
0.952998,0.181060,0.708289,0.1,0.1,0.1
0.405449,-0.198482,0.010000,0.1,0.1,0.1
0.581726,-0.605890,0.441411,0.1,0.1,0.1
0.630097,0.103784,0.607743,0.1,0.1,0.1
0.594619,0.044648,0.608674,0.1,0.1,0.1
0.592572,-0.149627,0.206302,0.1,0.1,0.1
0.600392,-0.621232,0.447194,0.1,0.1,0.1
0.646577,-0.338294,0.397307,0.1,0.1,0.1
0.572036,-0.039823,0.426500,0.1,0.1,0.1
0.480487,-0.578824,0.238095,0.1,0.1,0.1
0.646212,-0.066913,0.401307,0.1,0.1,0.1
0.764409,-0.169702,0.397307,0.1,0.1,0.1
0.535089,-0.364637,0.302093,0.1,0.1,0.1
0.848143,-0.153618,0.387307,0.1,0.1,0.1
0.686339,0.201105,0.330572,0.1,0.1,0.1
0.971893,0.164838,0.447632,0.1,0.1,0.1
0.993079,0.387681,0.685020,0.1,0.1,0.1
0.908756,0.015573,0.509849,0.1,0.1,0.1
0.632908,0.016738,0.265405,0.1,0.1,0.1
0.821638,-0.397181,0.079660,0.1,0.1,0.1
0.537710,0.509423,0.101312,0.1,0.1,0.1
0.702340,-0.382488,0.784615,0.1,0.1,0.1
0.633910,0.118048,0.435393,0.1,0.1,0.1
0.891393,-0.131731,0.152464,0.1,0.1,0.1
0.387153,-0.007274,0.257557,0.1,0.1,0.1
0.821562,0.080438,0.401307,0.1,0.1,0.1
0.515341,-0.564558,0.397307,0.1,0.1,0.1
0.423694,-0.017043,0.016777,0.1,0.1,0.1
0.891967,0.149123,0.401307,0.1,0.1,0.1
0.896988,-0.115338,0.121656,0.1,0.1,0.1
0.947195,0.345910,0.387307,0.1,0.1,0.1
0.501176,0.154584,0.010000,0.1,0.1,0.1
0.497219,-0.583297,0.285684,0.1,0.1,0.1
0.618513,-0.027611,0.397307,0.1,0.1,0.1
0.440445,0.356503,0.014000,0.1,0.1,0.1
0.845891,-0.297219,0.397307,0.1,0.1,0.1
0.768843,0.457981,0.571297,0.1,0.1,0.1
0.872184,0.139458,0.401307,0.1,0.1,0.1
0.869639,0.363373,0.397307,0.1,0.1,0.1
0.979312,0.153871,0.782612,0.1,0.1,0.1
0.570716,-0.118326,0.653210,0.1,0.1,0.1
0.830257,-0.364941,0.171615,0.1,0.1,0.1
0.673970,0.468854,0.042264,0.1,0.1,0.1
0.619569,-0.611867,0.505997,0.1,0.1,0.1
0.227544,-0.511200,0.124154,0.1,0.1,0.1
0.493327,0.234884,0.014000,0.1,0.1,0.1
0.711413,-0.083613,0.057826,0.1,0.1,0.1
1.007836,0.260565,0.626294,0.1,0.1,0.1
0.580751,-0.615981,0.013857,0.1,0.1,0.1
0.504094,-0.577152,0.387307,0.1,0.1,0.1
0.612415,0.037648,0.406151,0.1,0.1,0.1
0.686838,0.463863,0.014000,0.1,0.1,0.1
0.667668,-0.639218,0.259815,0.1,0.1,0.1
0.592020,0.465515,0.014000,0.1,0.1,0.1
0.571331,-0.213587,0.275763,0.1,0.1,0.1
0.883747,-0.077971,0.765896,0.1,0.1,0.1
0.553047,-0.281977,0.356760,0.1,0.1,0.1
0.495955,-0.593311,0.706576,0.1,0.1,0.1
0.331073,-0.534738,0.024284,0.1,0.1,0.1
0.461924,-0.525254,0.670729,0.1,0.1,0.1
0.510318,-0.441805,0.270892,0.1,0.1,0.1
0.972658,0.167701,0.320475,0.1,0.1,0.1
0.554622,-0.594503,0.582130,0.1,0.1,0.1
0.593887,0.005639,0.010000,0.1,0.1,0.1
0.628267,-0.000624,0.183708,0.1,0.1,0.1
0.869992,0.420588,0.056159,0.1,0.1,0.1
0.966807,0.248198,0.407840,0.1,0.1,0.1
0.402061,0.154937,0.010000,0.1,0.1,0.1
0.766671,-0.131351,0.397307,0.1,0.1,0.1
0.547113,-0.596636,0.777872,0.1,0.1,0.1
0.521855,-0.414138,0.170014,0.1,0.1,0.1
0.700855,0.030841,0.397307,0.1,0.1,0.1
0.909251,0.032912,0.702764,0.1,0.1,0.1
0.752655,0.447818,0.670740,0.1,0.1,0.1
0.762654,-0.656524,0.350802,0.1,0.1,0.1
0.846819,-0.302994,0.778774,0.1,0.1,0.1
0.734712,-0.199488,0.397307,0.1,0.1,0.1
0.941954,0.014138,0.313113,0.1,0.1,0.1
0.472009,-0.512255,0.401307,0.1,0.1,0.1
0.700756,0.465833,0.032914,0.1,0.1,0.1
0.753806,0.228325,0.387307,0.1,0.1,0.1
0.303041,-0.028515,0.225999,0.1,0.1,0.1
0.929738,0.341665,0.774615,0.1,0.1,0.1
0.840510,0.424330,0.773976,0.1,0.1,0.1
0.410869,0.301245,0.259663,0.1,0.1,0.1
0.572263,-0.207287,0.774615,0.1,0.1,0.1
0.545663,-0.584140,0.010000,0.1,0.1,0.1
0.858462,-0.298159,0.660015,0.1,0.1,0.1
0.829795,0.063193,0.010000,0.1,0.1,0.1
0.378123,0.009632,0.101047,0.1,0.1,0.1
0.609894,-0.069347,0.230453,0.1,0.1,0.1
0.794621,-0.279762,0.397307,0.1,0.1,0.1
0.994431,0.387320,0.013010,0.1,0.1,0.1
0.675324,0.159901,0.043670,0.1,0.1,0.1
0.441730,0.340230,0.010000,0.1,0.1,0.1
0.579470,0.498259,0.032945,0.1,0.1,0.1
0.547984,0.502536,0.105953,0.1,0.1,0.1
0.516543,-0.418518,0.332812,0.1,0.1,0.1
0.873440,0.430017,0.713258,0.1,0.1,0.1
0.661468,0.123562,0.275386,0.1,0.1,0.1
0.883457,-0.063566,0.496621,0.1,0.1,0.1
0.629292,-0.176657,0.010000,0.1,0.1,0.1
0.683533,0.181232,0.784615,0.1,0.1,0.1
0.847379,-0.245282,0.397307,0.1,0.1,0.1
0.927999,0.087553,0.501941,0.1,0.1,0.1
0.734699,-0.646787,0.674774,0.1,0.1,0.1
1.019461,0.304045,0.595683,0.1,0.1,0.1
0.260918,-0.520123,0.134288,0.1,0.1,0.1
0.732416,0.453228,0.194667,0.1,0.1,0.1
0.619013,0.135890,0.672376,0.1,0.1,0.1
0.494337,-0.040070,0.193804,0.1,0.1,0.1
0.546991,-0.207064,0.652821,0.1,0.1,0.1
0.557811,-0.279646,0.086790,0.1,0.1,0.1
0.924965,0.024621,0.000000,0.1,0.1,0.1
0.764519,-0.108162,0.285222,0.1,0.1,0.1
0.539750,0.140746,0.014000,0.1,0.1,0.1
0.545982,-0.035245,0.359461,0.1,0.1,0.1
0.760737,-0.624978,0.709927,0.1,0.1,0.1
0.224873,-0.320897,0.254650,0.1,0.1,0.1
0.938481,0.327797,0.397307,0.1,0.1,0.1
0.824881,-0.423768,0.729979,0.1,0.1,0.1
0.934287,0.349957,0.784615,0.1,0.1,0.1
0.243519,-0.251151,0.192151,0.1,0.1,0.1
0.563081,-0.501841,0.397307,0.1,0.1,0.1
0.901375,-0.137647,0.085609,0.1,0.1,0.1
0.859336,-0.256173,0.353648,0.1,0.1,0.1
0.707229,-0.639443,0.565165,0.1,0.1,0.1
0.541053,-0.229277,0.522721,0.1,0.1,0.1
0.375419,-0.546594,0.183988,0.1,0.1,0.1
0.763672,-0.527103,0.646411,0.1,0.1,0.1
0.608480,-0.066445,0.382083,0.1,0.1,0.1
0.427732,0.364320,0.058401,0.1,0.1,0.1
0.676550,-0.627101,0.492750,0.1,0.1,0.1
0.778012,-0.272372,0.774615,0.1,0.1,0.1
0.211085,-0.446035,0.203975,0.1,0.1,0.1
0.249497,-0.302356,0.016677,0.1,0.1,0.1
0.815301,0.431069,0.537372,0.1,0.1,0.1
0.770241,-0.109692,0.256209,0.1,0.1,0.1
0.872617,0.196772,0.397307,0.1,0.1,0.1
0.422273,-0.206644,0.010000,0.1,0.1,0.1
1.027426,0.338972,0.000000,0.1,0.1,0.1
0.697643,0.258872,0.197995,0.1,0.1,0.1
0.337301,-0.536403,0.350743,0.1,0.1,0.1
0.751607,0.297474,0.000000,0.1,0.1,0.1
0.809736,-0.441699,0.712609,0.1,0.1,0.1
0.608747,-0.089123,0.081686,0.1,0.1,0.1
0.338838,-0.540954,0.244533,0.1,0.1,0.1
0.736867,-0.095659,0.784615,0.1,0.1,0.1
0.878579,0.009168,0.010000,0.1,0.1,0.1
0.584089,0.388604,0.014000,0.1,0.1,0.1
0.277714,-0.524613,0.352147,0.1,0.1,0.1
0.615547,-0.610792,0.633319,0.1,0.1,0.1
0.342401,0.045144,0.333937,0.1,0.1,0.1
0.571977,-0.188588,0.397307,0.1,0.1,0.1
0.735330,0.452449,0.125924,0.1,0.1,0.1
0.981301,0.200030,0.000658,0.1,0.1,0.1
0.339379,-0.479362,0.010000,0.1,0.1,0.1
0.854791,-0.300543,0.774615,0.1,0.1,0.1
0.933186,0.122441,0.598750,0.1,0.1,0.1
0.900837,-0.100943,0.053730,0.1,0.1,0.1
0.995566,0.253387,0.291159,0.1,0.1,0.1
0.437130,0.473037,0.044123,0.1,0.1,0.1
0.824183,-0.387659,0.329959,0.1,0.1,0.1
0.952059,0.398648,0.282654,0.1,0.1,0.1
0.489778,-0.347502,0.485664,0.1,0.1,0.1
0.515976,-0.433410,0.397307,0.1,0.1,0.1
0.782828,-0.211310,0.784615,0.1,0.1,0.1
0.696927,0.256196,0.063653,0.1,0.1,0.1
0.711523,0.458814,0.157473,0.1,0.1,0.1
0.701696,0.274034,0.173722,0.1,0.1,0.1
0.705491,0.250240,0.387307,0.1,0.1,0.1
0.479408,-0.371619,0.014000,0.1,0.1,0.1
0.946468,0.031020,0.148193,0.1,0.1,0.1
0.629947,-0.629133,0.268525,0.1,0.1,0.1
0.867969,-0.135820,0.156816,0.1,0.1,0.1
0.857125,0.434379,0.602874,0.1,0.1,0.1
0.871215,-0.211741,0.200907,0.1,0.1,0.1
0.729153,-0.118019,0.774615,0.1,0.1,0.1
0.422365,-0.016688,0.147255,0.1,0.1,0.1
0.688605,0.469082,0.046032,0.1,0.1,0.1
0.704140,-0.092020,0.174212,0.1,0.1,0.1
0.600748,-0.621327,0.543684,0.1,0.1,0.1
0.454602,-0.571904,0.578310,0.1,0.1,0.1
0.651730,0.478940,0.271770,0.1,0.1,0.1
0.598421,-0.053405,0.330717,0.1,0.1,0.1
0.878696,-0.222477,0.607786,0.1,0.1,0.1
0.582988,-0.072420,0.442133,0.1,0.1,0.1
0.983994,0.312482,0.752242,0.1,0.1,0.1
0.239015,-0.341565,0.344289,0.1,0.1,0.1
1.029748,0.377878,0.333868,0.1,0.1,0.1
0.556974,-0.042324,0.012800,0.1,0.1,0.1
0.658167,-0.065463,0.401307,0.1,0.1,0.1
0.325159,-0.019348,0.209089,0.1,0.1,0.1
0.858542,0.423649,0.698855,0.1,0.1,0.1
0.508204,0.145063,0.010000,0.1,0.1,0.1
0.875356,0.173258,0.401307,0.1,0.1,0.1
0.338362,0.005770,0.114150,0.1,0.1,0.1
0.531809,0.210944,0.014000,0.1,0.1,0.1
0.754227,-0.649325,0.587931,0.1,0.1,0.1
0.872951,-0.243967,0.744525,0.1,0.1,0.1
0.405463,-0.012169,0.205669,0.1,0.1,0.1
0.462058,-0.573897,0.066735,0.1,0.1,0.1
0.726047,-0.087526,0.246207,0.1,0.1,0.1
0.440191,-0.025594,0.203393,0.1,0.1,0.1
0.372366,0.230791,0.052287,0.1,0.1,0.1
0.343654,-0.037019,0.014000,0.1,0.1,0.1
0.179246,-0.498287,0.030969,0.1,0.1,0.1
0.268775,-0.230248,0.272033,0.1,0.1,0.1
0.796491,0.397643,0.000000,0.1,0.1,0.1
0.489684,-0.024334,0.158698,0.1,0.1,0.1
0.392052,0.230861,0.283314,0.1,0.1,0.1
0.847722,-0.214185,0.010000,0.1,0.1,0.1
0.429666,0.445116,0.010517,0.1,0.1,0.1
0.687468,0.318380,0.609447,0.1,0.1,0.1
0.792513,-0.506119,0.595241,0.1,0.1,0.1
0.835300,-0.166681,0.401307,0.1,0.1,0.1
0.530666,-0.450188,0.397307,0.1,0.1,0.1
0.864227,0.422129,0.491584,0.1,0.1,0.1
0.629153,-0.071057,0.401307,0.1,0.1,0.1
0.798833,-0.521199,0.550942,0.1,0.1,0.1
0.471068,-0.417485,0.516282,0.1,0.1,0.1
0.755315,-0.645257,0.112688,0.1,0.1,0.1
0.750933,-0.447425,0.397307,0.1,0.1,0.1
0.685675,0.385234,0.613793,0.1,0.1,0.1
0.757026,-0.551963,0.749576,0.1,0.1,0.1
1.003199,0.243220,0.639491,0.1,0.1,0.1
0.549719,-0.309913,0.358297,0.1,0.1,0.1
0.488401,-0.367825,0.397307,0.1,0.1,0.1
0.311775,-0.342392,0.014000,0.1,0.1,0.1
0.569616,-0.220004,0.363444,0.1,0.1,0.1
0.895133,-0.160997,0.751627,0.1,0.1,0.1
0.433465,0.459326,0.261344,0.1,0.1,0.1
0.672098,0.334452,0.715861,0.1,0.1,0.1
0.762742,-0.617477,0.047486,0.1,0.1,0.1
0.522324,-0.590009,0.719540,0.1,0.1,0.1
0.434435,-0.009564,0.060243,0.1,0.1,0.1
0.899618,-0.144220,0.036540,0.1,0.1,0.1
0.573991,0.495583,0.275119,0.1,0.1,0.1
0.355871,-0.541368,0.159796,0.1,0.1,0.1
0.800713,0.153448,0.010000,0.1,0.1,0.1
0.804335,-0.359517,0.555559,0.1,0.1,0.1
0.842269,-0.128949,0.267625,0.1,0.1,0.1
0.746474,-0.335107,0.010000,0.1,0.1,0.1
0.513826,-0.331116,0.742022,0.1,0.1,0.1
0.617261,-0.401598,0.010000,0.1,0.1,0.1
0.806035,0.437687,0.363558,0.1,0.1,0.1
0.664223,-0.638297,0.564965,0.1,0.1,0.1
0.514148,-0.442967,0.110992,0.1,0.1,0.1
0.749477,-0.564710,0.404177,0.1,0.1,0.1
0.656972,-0.115354,0.401307,0.1,0.1,0.1
0.659852,0.215084,0.717424,0.1,0.1,0.1
0.728528,-0.643070,0.708005,0.1,0.1,0.1
0.669060,-0.639590,0.050511,0.1,0.1,0.1
0.662780,0.471846,0.327956,0.1,0.1,0.1
0.911758,-0.054227,0.010000,0.1,0.1,0.1
0.791161,0.441664,0.009631,0.1,0.1,0.1
0.785474,-0.430068,0.671999,0.1,0.1,0.1
0.893326,-0.167753,0.253148,0.1,0.1,0.1
0.529580,-0.369756,0.280922,0.1,0.1,0.1
0.254187,-0.514182,0.067248,0.1,0.1,0.1
0.676792,-0.641657,0.628814,0.1,0.1,0.1
0.993887,0.247105,0.470254,0.1,0.1,0.1
0.411762,-0.556310,0.225509,0.1,0.1,0.1
0.811300,-0.299694,0.010000,0.1,0.1,0.1
0.536865,0.194939,0.014000,0.1,0.1,0.1
0.758678,-0.108706,0.397307,0.1,0.1,0.1
0.697015,0.466833,0.350883,0.1,0.1,0.1
0.784524,-0.433618,0.401751,0.1,0.1,0.1
0.297418,-0.123111,0.316352,0.1,0.1,0.1
0.896538,-0.117021,0.175823,0.1,0.1,0.1
0.786118,-0.568758,0.673531,0.1,0.1,0.1
0.783611,-0.529324,0.000000,0.1,0.1,0.1
0.747312,0.453386,0.087952,0.1,0.1,0.1
0.461214,-0.548739,0.010000,0.1,0.1,0.1
0.653678,-0.448761,0.397307,0.1,0.1,0.1
0.549195,-0.597193,0.460653,0.1,0.1,0.1
0.735807,-0.647084,0.203151,0.1,0.1,0.1
0.665330,-0.025565,0.000000,0.1,0.1,0.1
0.699163,0.435688,0.668572,0.1,0.1,0.1
0.797618,0.180618,0.397307,0.1,0.1,0.1
0.681705,-0.632275,0.784615,0.1,0.1,0.1
0.851544,-0.182938,0.616408,0.1,0.1,0.1
0.934024,0.161174,0.784615,0.1,0.1,0.1
0.560471,-0.083082,0.557235,0.1,0.1,0.1
0.955961,0.207629,0.663124,0.1,0.1,0.1
0.392465,-0.221179,0.014000,0.1,0.1,0.1
0.699412,-0.545372,0.010000,0.1,0.1,0.1
0.723809,0.459670,0.640315,0.1,0.1,0.1
0.495970,0.516442,0.196833,0.1,0.1,0.1
0.589326,-0.146281,0.291776,0.1,0.1,0.1
0.505350,0.513934,0.099682,0.1,0.1,0.1
0.784095,-0.450710,0.567817,0.1,0.1,0.1
0.722889,-0.064951,0.401307,0.1,0.1,0.1
0.894386,0.414066,0.308955,0.1,0.1,0.1
0.834370,-0.116486,0.281306,0.1,0.1,0.1
0.472224,-0.486729,0.615334,0.1,0.1,0.1
0.573281,-0.206296,0.032094,0.1,0.1,0.1
0.788987,0.442245,0.675311,0.1,0.1,0.1
0.976494,0.268944,0.712427,0.1,0.1,0.1
0.404947,0.352659,0.341980,0.1,0.1,0.1
0.610843,0.474630,0.010000,0.1,0.1,0.1
0.445189,-0.569387,0.302816,0.1,0.1,0.1
0.748392,-0.650448,0.234790,0.1,0.1,0.1
0.803014,-0.505561,0.774827,0.1,0.1,0.1
0.748142,-0.585192,0.730885,0.1,0.1,0.1
0.818373,-0.275155,0.397307,0.1,0.1,0.1
0.334839,-0.535745,0.053542,0.1,0.1,0.1
0.611222,-0.613776,0.704171,0.1,0.1,0.1
0.788930,0.153248,0.397307,0.1,0.1,0.1
0.295089,-0.131821,0.353659,0.1,0.1,0.1
0.816991,-0.430958,0.784615,0.1,0.1,0.1
0.924543,0.406004,0.448709,0.1,0.1,0.1
0.794485,-0.313912,0.401307,0.1,0.1,0.1
0.839967,-0.367341,0.470075,0.1,0.1,0.1
0.762929,-0.616777,0.211832,0.1,0.1,0.1
0.548384,0.506570,0.342539,0.1,0.1,0.1
0.950574,0.171990,0.402933,0.1,0.1,0.1
0.905977,-0.037449,0.774615,0.1,0.1,0.1
0.917922,0.065347,0.623211,0.1,0.1,0.1
0.666790,0.314598,0.766087,0.1,0.1,0.1
0.239195,-0.267328,0.229077,0.1,0.1,0.1
0.786618,-0.114070,0.012040,0.1,0.1,0.1
1.039375,0.378533,0.247311,0.1,0.1,0.1
0.200534,-0.485500,0.025027,0.1,0.1,0.1
0.937331,0.122458,0.621515,0.1,0.1,0.1
0.966103,0.390752,0.686062,0.1,0.1,0.1
0.406052,0.111422,0.010000,0.1,0.1,0.1
0.216522,-0.449019,0.010000,0.1,0.1,0.1
0.880148,-0.178328,0.606285,0.1,0.1,0.1
0.832789,-0.394188,0.594435,0.1,0.1,0.1
0.785457,0.225935,0.774615,0.1,0.1,0.1
0.576600,-0.604520,0.586222,0.1,0.1,0.1
0.454392,0.464041,0.169843,0.1,0.1,0.1
0.981642,0.401090,0.099478,0.1,0.1,0.1
0.721139,0.331272,0.252926,0.1,0.1,0.1
0.941371,0.050675,0.544966,0.1,0.1,0.1
0.294791,-0.132938,0.327418,0.1,0.1,0.1
0.834863,-0.343345,0.774615,0.1,0.1,0.1
0.420559,-0.016205,0.247111,0.1,0.1,0.1
0.470907,0.523142,0.163425,0.1,0.1,0.1
0.626560,-0.384238,0.010000,0.1,0.1,0.1
0.528958,0.150567,0.010000,0.1,0.1,0.1
0.653150,0.474420,0.183427,0.1,0.1,0.1
0.282237,-0.179895,0.156803,0.1,0.1,0.1
0.916786,-0.080001,0.591523,0.1,0.1,0.1
0.935047,-0.011699,0.189094,0.1,0.1,0.1
0.624137,-0.617229,0.651847,0.1,0.1,0.1
0.745950,0.171368,0.387307,0.1,0.1,0.1
0.497228,-0.477880,0.397307,0.1,0.1,0.1
0.696793,-0.636653,0.705585,0.1,0.1,0.1
0.534241,-0.181193,0.516085,0.1,0.1,0.1
0.605773,0.255857,0.014000,0.1,0.1,0.1
0.746274,0.453664,0.644298,0.1,0.1,0.1
1.019702,0.390915,0.481215,0.1,0.1,0.1
0.690051,-0.634851,0.646976,0.1,0.1,0.1
0.629772,-0.629086,0.171572,0.1,0.1,0.1
0.753975,0.451605,0.669737,0.1,0.1,0.1
0.370533,-0.549428,0.264483,0.1,0.1,0.1
0.443661,0.423900,0.224418,0.1,0.1,0.1
0.740030,0.401933,0.235873,0.1,0.1,0.1
0.835838,-0.241683,0.398832,0.1,0.1,0.1
0.664393,0.232067,0.627122,0.1,0.1,0.1
0.518887,-0.425240,0.024867,0.1,0.1,0.1
0.725513,0.460684,0.617981,0.1,0.1,0.1
0.786095,-0.530125,0.525248,0.1,0.1,0.1
0.437606,-0.024903,0.131403,0.1,0.1,0.1
0.731367,-0.450872,0.774615,0.1,0.1,0.1
0.593041,-0.132383,0.146060,0.1,0.1,0.1
0.650228,0.201711,0.774615,0.1,0.1,0.1
0.702185,0.059509,0.397307,0.1,0.1,0.1
0.493995,-0.405295,0.521395,0.1,0.1,0.1
0.777518,0.379359,0.401307,0.1,0.1,0.1
0.631358,0.484387,0.344390,0.1,0.1,0.1
0.963008,0.281191,0.397307,0.1,0.1,0.1
0.672305,-0.499887,0.010000,0.1,0.1,0.1
1.001098,0.379728,0.000000,0.1,0.1,0.1
0.689371,0.399061,0.516413,0.1,0.1,0.1
0.876112,-0.137996,0.022181,0.1,0.1,0.1
0.538115,-0.047633,0.161681,0.1,0.1,0.1
0.960445,0.083300,0.411072,0.1,0.1,0.1
1.017920,0.337000,0.462534,0.1,0.1,0.1
0.416572,-0.019280,0.329513,0.1,0.1,0.1
0.357416,-0.118333,0.014000,0.1,0.1,0.1
0.894454,-0.022433,0.579300,0.1,0.1,0.1
0.881992,0.417380,0.204802,0.1,0.1,0.1
0.948364,0.399635,0.708205,0.1,0.1,0.1
0.603800,0.005423,0.551475,0.1,0.1,0.1
0.734282,-0.646676,0.730572,0.1,0.1,0.1
0.742538,-0.084633,0.000000,0.1,0.1,0.1
0.741922,0.299589,0.397307,0.1,0.1,0.1
0.644996,0.476600,0.328927,0.1,0.1,0.1
0.564237,-0.332481,0.397307,0.1,0.1,0.1
0.815044,0.135775,0.387307,0.1,0.1,0.1
0.931909,0.006370,0.397307,0.1,0.1,0.1
0.828145,-0.012699,0.010000,0.1,0.1,0.1
0.754522,0.076366,0.397307,0.1,0.1,0.1
0.578881,-0.394396,0.387307,0.1,0.1,0.1
0.751876,-0.162742,0.397307,0.1,0.1,0.1
0.518248,-0.314578,0.685839,0.1,0.1,0.1
0.754177,-0.654075,0.000000,0.1,0.1,0.1
0.861301,-0.287540,0.647249,0.1,0.1,0.1
0.609742,-0.069913,0.095207,0.1,0.1,0.1
0.847208,0.010162,0.774615,0.1,0.1,0.1
0.234354,-0.500202,0.014000,0.1,0.1,0.1
0.626967,0.076365,0.000000,0.1,0.1,0.1
0.690360,-0.573181,0.774615,0.1,0.1,0.1
0.726771,-0.640527,0.741847,0.1,0.1,0.1
0.569192,-0.612890,0.283973,0.1,0.1,0.1
0.935353,0.028164,0.342770,0.1,0.1,0.1
0.872764,0.430198,0.713813,0.1,0.1,0.1
0.810592,-0.457314,0.387307,0.1,0.1,0.1
0.504048,-0.580982,0.657462,0.1,0.1,0.1
0.759475,0.172944,0.784615,0.1,0.1,0.1
0.694902,0.419749,0.450599,0.1,0.1,0.1
0.744602,0.464462,0.327824,0.1,0.1,0.1
0.603626,0.004772,0.702374,0.1,0.1,0.1
0.616217,-0.008091,0.397307,0.1,0.1,0.1
0.542588,-0.034338,0.235658,0.1,0.1,0.1
0.253145,-0.288711,0.138170,0.1,0.1,0.1
0.813391,-0.096172,0.774615,0.1,0.1,0.1
0.884667,-0.200144,0.457210,0.1,0.1,0.1
0.647171,0.070087,0.025440,0.1,0.1,0.1
0.876824,-0.127122,0.784615,0.1,0.1,0.1
0.964879,0.395220,0.268401,0.1,0.1,0.1
0.736258,-0.516896,0.387307,0.1,0.1,0.1
0.220638,-0.336738,0.095760,0.1,0.1,0.1
0.981430,0.200513,0.196742,0.1,0.1,0.1
0.801667,-0.471880,0.373082,0.1,0.1,0.1
0.660971,0.219267,0.428128,0.1,0.1,0.1
0.615875,0.484385,0.280951,0.1,0.1,0.1
0.618798,-0.058853,0.326290,0.1,0.1,0.1
0.355521,0.094218,0.146639,0.1,0.1,0.1
0.777380,-0.111601,0.229076,0.1,0.1,0.1
0.419980,0.335322,0.277694,0.1,0.1,0.1
0.730065,-0.637321,0.634944,0.1,0.1,0.1
0.633564,-0.171459,0.784615,0.1,0.1,0.1
0.891088,0.366203,0.401307,0.1,0.1,0.1
0.692215,0.409697,0.667209,0.1,0.1,0.1
0.651537,-0.176077,0.784615,0.1,0.1,0.1
0.958260,0.113845,0.254049,0.1,0.1,0.1
0.722175,0.350634,0.181715,0.1,0.1,0.1
0.562582,-0.261800,0.281465,0.1,0.1,0.1
0.609465,-0.070951,0.292172,0.1,0.1,0.1
0.623986,0.181188,0.014000,0.1,0.1,0.1
0.542305,0.007138,0.014000,0.1,0.1,0.1
0.339865,0.035658,0.181168,0.1,0.1,0.1
0.498513,-0.061269,0.014000,0.1,0.1,0.1
0.745858,0.325056,0.387307,0.1,0.1,0.1
0.556464,0.419292,0.010000,0.1,0.1,0.1
0.762515,-0.399060,0.397307,0.1,0.1,0.1
0.418136,-0.562154,0.183676,0.1,0.1,0.1
0.726462,0.366670,0.175632,0.1,0.1,0.1
0.258650,-0.194555,0.312138,0.1,0.1,0.1
0.473838,-0.587398,0.259120,0.1,0.1,0.1
0.995381,0.213975,0.694038,0.1,0.1,0.1
0.626698,-0.279970,0.401307,0.1,0.1,0.1
0.974243,0.387055,0.000000,0.1,0.1,0.1
0.698647,0.360192,0.636074,0.1,0.1,0.1
0.585710,-0.602815,0.406198,0.1,0.1,0.1
0.384652,-0.382270,0.014000,0.1,0.1,0.1
0.664701,0.225138,0.784615,0.1,0.1,0.1
0.760286,-0.539768,0.445173,0.1,0.1,0.1
0.512324,-0.263170,0.636228,0.1,0.1,0.1
0.691472,-0.139687,0.397307,0.1,0.1,0.1
0.457237,-0.011519,0.252662,0.1,0.1,0.1
0.981660,0.162653,0.542765,0.1,0.1,0.1
0.467958,-0.429121,0.417528,0.1,0.1,0.1
0.765550,-0.645690,0.040067,0.1,0.1,0.1
0.658308,0.209307,0.737267,0.1,0.1,0.1
1.025960,0.367072,0.548359,0.1,0.1,0.1
0.593832,-0.052178,0.088201,0.1,0.1,0.1
0.872961,-0.118314,0.678113,0.1,0.1,0.1
0.798849,-0.482419,0.061187,0.1,0.1,0.1
0.978264,0.242263,0.784615,0.1,0.1,0.1
0.513007,-0.447232,0.204785,0.1,0.1,0.1
0.802452,-0.107952,0.175425,0.1,0.1,0.1
0.876163,0.095832,0.010000,0.1,0.1,0.1
0.529162,-0.034889,0.069144,0.1,0.1,0.1
0.659293,0.099940,0.043094,0.1,0.1,0.1
0.714393,-0.490285,0.000000,0.1,0.1,0.1
0.720134,0.440563,0.670816,0.1,0.1,0.1
0.441044,-0.165238,0.010000,0.1,0.1,0.1
0.316745,0.022746,0.133264,0.1,0.1,0.1
0.718974,-0.146987,0.397307,0.1,0.1,0.1
0.584986,-0.617113,0.077806,0.1,0.1,0.1
0.533328,-0.553118,0.000000,0.1,0.1,0.1
0.769019,-0.185905,0.784615,0.1,0.1,0.1
0.938787,0.412547,0.720905,0.1,0.1,0.1
0.702202,0.373492,0.612361,0.1,0.1,0.1
0.683827,-0.443341,0.397307,0.1,0.1,0.1
0.815329,-0.459495,0.464287,0.1,0.1,0.1
0.383940,0.274082,0.322572,0.1,0.1,0.1
0.544935,-0.147811,0.397307,0.1,0.1,0.1
0.732940,-0.178474,0.774615,0.1,0.1,0.1
0.285868,-0.092748,0.017411,0.1,0.1,0.1
1.017080,0.295140,0.449652,0.1,0.1,0.1
0.732328,0.457392,0.343168,0.1,0.1,0.1
0.487102,-0.357511,0.540655,0.1,0.1,0.1
0.821359,0.433590,0.780077,0.1,0.1,0.1
0.710148,-0.528209,0.401307,0.1,0.1,0.1
0.761407,-0.520087,0.400285,0.1,0.1,0.1
0.533613,-0.593027,0.578534,0.1,0.1,0.1
0.210917,-0.446663,0.318350,0.1,0.1,0.1
0.549512,-0.054821,0.347842,0.1,0.1,0.1
0.975196,0.206373,0.784615,0.1,0.1,0.1
0.998040,0.349535,0.558996,0.1,0.1,0.1
0.898593,-0.148054,0.109331,0.1,0.1,0.1
0.638406,-0.621043,0.709084,0.1,0.1,0.1
0.531522,-0.592468,0.496472,0.1,0.1,0.1
0.821168,-0.398940,0.686977,0.1,0.1,0.1
0.734844,0.382532,0.160992,0.1,0.1,0.1
0.537232,-0.070781,0.010000,0.1,0.1,0.1
0.830482,0.431151,0.419283,0.1,0.1,0.1
0.911210,-0.062141,0.544211,0.1,0.1,0.1
0.523030,0.513348,0.356383,0.1,0.1,0.1
0.940952,0.049105,0.128152,0.1,0.1,0.1
1.004066,0.246463,0.313288,0.1,0.1,0.1
0.740232,0.465630,0.706600,0.1,0.1,0.1
0.397896,-0.399935,0.010000,0.1,0.1,0.1
0.539223,0.415854,0.014000,0.1,0.1,0.1
0.723125,-0.086745,0.297433,0.1,0.1,0.1
0.370936,-0.007079,0.039990,0.1,0.1,0.1
0.550752,-0.055152,0.080173,0.1,0.1,0.1
0.284507,-0.171405,0.278116,0.1,0.1,0.1
0.257851,-0.271107,0.067794,0.1,0.1,0.1
0.437322,-0.543712,0.422460,0.1,0.1,0.1
0.663887,0.303738,0.632187,0.1,0.1,0.1
0.699164,0.249075,0.050382,0.1,0.1,0.1
0.588102,0.495951,0.346276,0.1,0.1,0.1
0.856969,0.078656,0.397307,0.1,0.1,0.1
0.789125,-0.518793,0.441769,0.1,0.1,0.1
0.660356,0.216967,0.481549,0.1,0.1,0.1
0.986265,0.305490,0.670560,0.1,0.1,0.1
0.771376,-0.438395,0.397307,0.1,0.1,0.1
0.486043,-0.159052,0.014000,0.1,0.1,0.1
0.280192,-0.187544,0.277161,0.1,0.1,0.1
0.669989,-0.082890,0.195596,0.1,0.1,0.1
0.588161,-0.485781,0.401307,0.1,0.1,0.1
0.964037,0.135455,0.307822,0.1,0.1,0.1
0.611598,0.485529,0.059187,0.1,0.1,0.1
0.571083,-0.043387,0.456287,0.1,0.1,0.1
0.670527,0.141959,0.174708,0.1,0.1,0.1
0.801016,-0.394184,0.774615,0.1,0.1,0.1
0.773620,-0.345604,0.401307,0.1,0.1,0.1
0.365215,-0.264788,0.014000,0.1,0.1,0.1
0.522787,0.509272,0.131341,0.1,0.1,0.1
0.546003,-0.592199,0.583621,0.1,0.1,0.1
0.363925,0.125654,0.207909,0.1,0.1,0.1
0.641654,0.481634,0.374323,0.1,0.1,0.1
0.356281,-0.344433,0.010000,0.1,0.1,0.1
1.029015,0.378073,0.742091,0.1,0.1,0.1
0.782099,0.444086,0.165231,0.1,0.1,0.1
0.431622,0.408261,0.010000,0.1,0.1,0.1
0.507952,-0.586167,0.449685,0.1,0.1,0.1
0.695074,0.420391,0.554804,0.1,0.1,0.1
0.718285,0.385842,0.014000,0.1,0.1,0.1
0.736997,0.264382,0.397307,0.1,0.1,0.1
0.752943,0.451881,0.004931,0.1,0.1,0.1
0.267433,-0.252153,0.014000,0.1,0.1,0.1
0.552962,-0.598200,0.053403,0.1,0.1,0.1
0.343190,-0.324004,0.010000,0.1,0.1,0.1
0.676773,0.180811,0.167382,0.1,0.1,0.1
0.868058,-0.128674,0.010000,0.1,0.1,0.1
0.571383,-0.598984,0.711629,0.1,0.1,0.1
0.459026,-0.026489,0.098118,0.1,0.1,0.1
0.532869,-0.603180,0.659954,0.1,0.1,0.1
0.514456,-0.030957,0.036871,0.1,0.1,0.1
0.370354,0.149702,0.226400,0.1,0.1,0.1
0.732989,0.391080,0.157337,0.1,0.1,0.1
0.651974,0.029160,0.000000,0.1,0.1,0.1
0.729958,0.458026,0.138531,0.1,0.1,0.1
0.691557,0.220621,0.182201,0.1,0.1,0.1
0.826257,0.416283,0.000000,0.1,0.1,0.1
1.024809,0.324048,0.778006,0.1,0.1,0.1
0.823016,0.433147,0.399902,0.1,0.1,0.1
0.746964,0.351310,0.397307,0.1,0.1,0.1
0.556648,-0.581055,0.387307,0.1,0.1,0.1
0.866803,-0.141348,0.611340,0.1,0.1,0.1
0.620001,0.066023,0.591239,0.1,0.1,0.1
0.529025,-0.278015,0.014000,0.1,0.1,0.1
0.960794,0.225706,0.481306,0.1,0.1,0.1
0.643935,-0.048404,0.000000,0.1,0.1,0.1
0.637297,0.337738,0.010000,0.1,0.1,0.1
0.522338,-0.431203,0.784615,0.1,0.1,0.1
0.734674,-0.003553,0.784615,0.1,0.1,0.1
0.617741,0.488027,0.278688,0.1,0.1,0.1
0.478960,-0.574275,0.690795,0.1,0.1,0.1
0.587146,-0.056869,0.199194,0.1,0.1,0.1
1.018993,0.380753,0.166356,0.1,0.1,0.1
0.719079,0.436618,0.400931,0.1,0.1,0.1
0.787607,-0.332050,0.401307,0.1,0.1,0.1
0.746406,0.425781,0.329535,0.1,0.1,0.1
0.449819,-0.570625,0.434021,0.1,0.1,0.1
0.485738,0.154864,0.014000,0.1,0.1,0.1
0.785918,0.453416,0.332049,0.1,0.1,0.1
0.822542,-0.306905,0.518435,0.1,0.1,0.1
0.582738,0.000207,0.410429,0.1,0.1,0.1
0.559883,-0.038962,0.039060,0.1,0.1,0.1
0.394299,0.239267,0.211194,0.1,0.1,0.1
0.925142,0.092351,0.463013,0.1,0.1,0.1
0.388135,0.216209,0.300993,0.1,0.1,0.1
0.725295,0.455132,0.215973,0.1,0.1,0.1
0.579368,-0.475677,0.010000,0.1,0.1,0.1
0.713070,-0.315193,0.401307,0.1,0.1,0.1
0.461627,-0.573782,0.068490,0.1,0.1,0.1
0.522932,-0.394622,0.184222,0.1,0.1,0.1
0.271624,-0.219591,0.385314,0.1,0.1,0.1
0.927347,0.401114,0.534106,0.1,0.1,0.1
0.669047,0.136426,0.076717,0.1,0.1,0.1
0.287795,-0.085540,0.052469,0.1,0.1,0.1
0.686023,0.224066,0.000000,0.1,0.1,0.1
0.805782,0.135127,0.010000,0.1,0.1,0.1
0.568207,-0.602276,0.548951,0.1,0.1,0.1
0.614768,-0.146845,0.401307,0.1,0.1,0.1
0.558445,-0.164223,0.462748,0.1,0.1,0.1
0.710510,0.404564,0.760914,0.1,0.1,0.1
0.802365,-0.507988,0.156957,0.1,0.1,0.1
0.346107,-0.000441,0.342457,0.1,0.1,0.1
0.650831,-0.366600,0.387307,0.1,0.1,0.1
0.921874,0.402577,0.646484,0.1,0.1,0.1
0.844217,0.423338,0.740079,0.1,0.1,0.1
0.669282,-0.494862,0.401307,0.1,0.1,0.1
0.568467,0.497060,0.314692,0.1,0.1,0.1
0.698401,-0.647434,0.778576,0.1,0.1,0.1
0.405088,0.199746,0.010000,0.1,0.1,0.1
0.604664,-0.055074,0.078973,0.1,0.1,0.1
0.922990,-0.056797,0.184423,0.1,0.1,0.1
0.356342,0.000963,0.357198,0.1,0.1,0.1
0.305281,-0.527842,0.204807,0.1,0.1,0.1
0.606778,-0.055639,0.143938,0.1,0.1,0.1
0.696401,0.254226,0.114463,0.1,0.1,0.1
0.430341,0.374080,0.054938,0.1,0.1,0.1
0.605770,0.012792,0.638498,0.1,0.1,0.1
0.819270,0.444500,0.192868,0.1,0.1,0.1
0.627964,0.095808,0.744240,0.1,0.1,0.1
0.657688,-0.075233,0.010000,0.1,0.1,0.1
0.602828,-0.611532,0.499546,0.1,0.1,0.1
0.845289,0.241872,0.010000,0.1,0.1,0.1
0.594939,-0.062825,0.344674,0.1,0.1,0.1
1.014265,0.382017,0.176440,0.1,0.1,0.1
0.747827,0.119529,0.397307,0.1,0.1,0.1
0.974862,0.137227,0.269993,0.1,0.1,0.1
0.334092,-0.535545,0.269221,0.1,0.1,0.1
0.648736,-0.255417,0.387307,0.1,0.1,0.1
0.727760,-0.644932,0.506952,0.1,0.1,0.1
0.463597,0.286245,0.014000,0.1,0.1,0.1
0.738396,-0.201369,0.784615,0.1,0.1,0.1
0.975241,0.143987,0.784615,0.1,0.1,0.1
0.770652,-0.587888,0.259070,0.1,0.1,0.1
1.038168,0.374018,0.564947,0.1,0.1,0.1
0.516213,-0.027286,0.326033,0.1,0.1,0.1
0.963176,0.093514,0.596269,0.1,0.1,0.1
0.837727,-0.361605,0.774615,0.1,0.1,0.1
0.859874,0.197903,0.774615,0.1,0.1,0.1
0.627011,0.060258,0.000000,0.1,0.1,0.1
0.938829,0.077243,0.774615,0.1,0.1,0.1
0.701291,-0.637856,0.680950,0.1,0.1,0.1
0.547609,-0.596769,0.493230,0.1,0.1,0.1
0.862331,0.087931,0.397307,0.1,0.1,0.1
0.230319,-0.507801,0.244995,0.1,0.1,0.1
0.468132,0.515431,0.304933,0.1,0.1,0.1
0.597187,-0.610023,0.499662,0.1,0.1,0.1
0.500952,-0.476835,0.224142,0.1,0.1,0.1
0.466006,-0.574952,0.484975,0.1,0.1,0.1
0.942015,0.401333,0.012806,0.1,0.1,0.1
0.714408,0.093847,0.784615,0.1,0.1,0.1
0.662764,0.365420,0.010000,0.1,0.1,0.1
0.526506,-0.030038,0.184863,0.1,0.1,0.1
0.556090,0.248788,0.010000,0.1,0.1,0.1
0.507810,-0.466672,0.384678,0.1,0.1,0.1
0.846187,-0.205594,0.397307,0.1,0.1,0.1
0.869152,0.170795,0.401307,0.1,0.1,0.1
0.673153,0.109508,0.000000,0.1,0.1,0.1
0.204707,-0.500954,0.020775,0.1,0.1,0.1
0.831870,0.430780,0.708588,0.1,0.1,0.1
0.734092,0.395206,0.148628,0.1,0.1,0.1
0.783706,-0.483851,0.387307,0.1,0.1,0.1
0.796242,0.440305,0.408668,0.1,0.1,0.1
0.424720,0.160233,0.010000,0.1,0.1,0.1
0.776450,-0.092889,0.387307,0.1,0.1,0.1
0.908509,-0.072245,0.312211,0.1,0.1,0.1
0.479441,-0.459731,0.474427,0.1,0.1,0.1
0.711997,0.279129,0.784615,0.1,0.1,0.1
0.387557,0.214046,0.358744,0.1,0.1,0.1
0.332401,0.081304,0.207268,0.1,0.1,0.1
0.457151,-0.469541,0.568155,0.1,0.1,0.1
0.429060,-0.061422,0.014000,0.1,0.1,0.1
0.683020,-0.362900,0.387307,0.1,0.1,0.1
0.384897,-0.335159,0.010000,0.1,0.1,0.1
0.487699,-0.541896,0.185602,0.1,0.1,0.1
0.823738,-0.286943,0.663500,0.1,0.1,0.1
0.882675,-0.168874,0.522120,0.1,0.1,0.1
0.625611,-0.613482,0.593319,0.1,0.1,0.1
0.336068,0.021455,0.267806,0.1,0.1,0.1
0.814281,-0.463418,0.755740,0.1,0.1,0.1
0.614374,-0.176682,0.784615,0.1,0.1,0.1
0.932178,0.239302,0.000000,0.1,0.1,0.1
0.751349,-0.609951,0.000000,0.1,0.1,0.1
0.712731,0.258705,0.000000,0.1,0.1,0.1
0.693571,0.463614,0.164292,0.1,0.1,0.1
0.874752,0.429667,0.318373,0.1,0.1,0.1
0.790822,-0.381378,0.397307,0.1,0.1,0.1
0.559056,-0.038740,0.321489,0.1,0.1,0.1
0.818357,-0.409452,0.598106,0.1,0.1,0.1
0.182603,-0.479006,0.314257,0.1,0.1,0.1
0.399575,-0.553052,0.154137,0.1,0.1,0.1
0.445387,0.430357,0.197967,0.1,0.1,0.1
0.669754,0.154558,0.188962,0.1,0.1,0.1
0.614608,-0.614681,0.277290,0.1,0.1,0.1
0.467097,-0.585595,0.548880,0.1,0.1,0.1
0.412138,0.194245,0.010000,0.1,0.1,0.1
0.470210,-0.586428,0.027716,0.1,0.1,0.1
0.932134,0.395123,0.401307,0.1,0.1,0.1
0.608946,-0.070711,0.328289,0.1,0.1,0.1
0.264075,-0.174264,0.053022,0.1,0.1,0.1
0.803687,0.448666,0.458706,0.1,0.1,0.1
0.582298,-0.606043,0.089078,0.1,0.1,0.1
0.756095,0.446898,0.709736,0.1,0.1,0.1
0.703861,-0.648894,0.417765,0.1,0.1,0.1
0.989952,0.319281,0.428856,0.1,0.1,0.1
0.827310,0.427858,0.531776,0.1,0.1,0.1
0.688263,0.469173,0.250943,0.1,0.1,0.1
0.940787,0.401661,0.135868,0.1,0.1,0.1
0.567516,-0.130294,0.523438,0.1,0.1,0.1
0.656189,0.203903,0.014000,0.1,0.1,0.1
0.641668,0.220632,0.513058,0.1,0.1,0.1
0.337883,0.101809,0.158831,0.1,0.1,0.1
0.674848,0.173611,0.263851,0.1,0.1,0.1
0.735810,0.231781,0.401307,0.1,0.1,0.1
0.849567,0.426049,0.687648,0.1,0.1,0.1
0.940018,0.147996,0.713373,0.1,0.1,0.1
0.203857,-0.399507,0.355105,0.1,0.1,0.1
0.894488,-0.124689,0.190642,0.1,0.1,0.1
0.713597,0.462400,0.017093,0.1,0.1,0.1
0.645290,0.234177,0.676670,0.1,0.1,0.1
0.856964,-0.132877,0.382677,0.1,0.1,0.1
0.966765,0.390575,0.720302,0.1,0.1,0.1
0.809747,-0.480376,0.063174,0.1,0.1,0.1
0.601234,-0.064746,0.010000,0.1,0.1,0.1
0.493042,-0.025232,0.037415,0.1,0.1,0.1
0.660767,-0.334169,0.010000,0.1,0.1,0.1
0.798413,-0.381670,0.725864,0.1,0.1,0.1
0.439266,-0.010855,0.030312,0.1,0.1,0.1
0.549010,-0.125948,0.677807,0.1,0.1,0.1
0.766518,0.448252,0.731652,0.1,0.1,0.1
0.467916,-0.429277,0.626778,0.1,0.1,0.1
0.460461,0.486739,0.363882,0.1,0.1,0.1
0.841646,-0.118431,0.024802,0.1,0.1,0.1
0.529386,0.217043,0.010000,0.1,0.1,0.1
0.197296,-0.497610,0.240830,0.1,0.1,0.1
0.632757,-0.467871,0.784615,0.1,0.1,0.1
0.914480,0.207534,0.397307,0.1,0.1,0.1
0.715720,-0.219986,0.397307,0.1,0.1,0.1
0.717540,-0.085251,0.352077,0.1,0.1,0.1
0.837831,-0.234230,0.665403,0.1,0.1,0.1
0.587535,-0.046354,0.286222,0.1,0.1,0.1
0.338288,-0.536667,0.292906,0.1,0.1,0.1
0.701899,0.240967,0.401307,0.1,0.1,0.1
0.754843,-0.647023,0.563862,0.1,0.1,0.1
0.851443,-0.324415,0.570014,0.1,0.1,0.1
1.023476,0.377206,0.774615,0.1,0.1,0.1
0.993982,0.397791,0.771382,0.1,0.1,0.1
0.661340,0.123085,0.117234,0.1,0.1,0.1
0.653551,-0.625092,0.751748,0.1,0.1,0.1
0.219381,-0.341441,0.050499,0.1,0.1,0.1
0.787102,-0.526359,0.300643,0.1,0.1,0.1
0.895768,0.413697,0.449012,0.1,0.1,0.1
0.517705,-0.414174,0.071234,0.1,0.1,0.1
0.781690,0.440055,0.611018,0.1,0.1,0.1
0.523119,-0.590221,0.449225,0.1,0.1,0.1
0.485958,-0.458191,0.014000,0.1,0.1,0.1
0.706585,0.020160,0.397307,0.1,0.1,0.1
0.817462,-0.298067,0.010000,0.1,0.1,0.1
0.882346,0.417285,0.698868,0.1,0.1,0.1
0.593338,-0.090784,0.387307,0.1,0.1,0.1
0.636611,0.015100,0.090682,0.1,0.1,0.1
0.876099,-0.091088,0.506948,0.1,0.1,0.1
0.894537,-0.037612,0.449800,0.1,0.1,0.1
0.776029,-0.154905,0.000000,0.1,0.1,0.1
0.572059,-0.226352,0.362265,0.1,0.1,0.1
0.288716,-0.523414,0.055962,0.1,0.1,0.1
0.691026,-0.635111,0.371981,0.1,0.1,0.1
0.321965,-0.532303,0.324169,0.1,0.1,0.1
0.802505,-0.507462,0.486415,0.1,0.1,0.1
0.759244,-0.585237,0.784615,0.1,0.1,0.1
0.618070,-0.038766,0.308185,0.1,0.1,0.1
0.607523,0.092913,0.513147,0.1,0.1,0.1
0.583016,0.273770,0.014000,0.1,0.1,0.1
0.479206,-0.017392,0.061924,0.1,0.1,0.1
0.873058,0.009218,0.397307,0.1,0.1,0.1
0.542398,-0.595376,0.242984,0.1,0.1,0.1
0.805006,-0.372496,0.431393,0.1,0.1,0.1
0.299590,-0.530461,0.020681,0.1,0.1,0.1
0.559629,-0.257360,0.234901,0.1,0.1,0.1
0.493837,-0.518935,0.058410,0.1,0.1,0.1
0.459959,0.317076,0.014000,0.1,0.1,0.1
0.619338,-0.615945,0.770457,0.1,0.1,0.1
0.849624,0.427290,0.784615,0.1,0.1,0.1
0.785238,-0.210442,0.000000,0.1,0.1,0.1
0.878864,-0.221848,0.354710,0.1,0.1,0.1
0.469944,0.124425,0.014000,0.1,0.1,0.1
0.534371,0.510316,0.123788,0.1,0.1,0.1
0.545316,-0.592015,0.647025,0.1,0.1,0.1
0.821911,-0.328953,0.784615,0.1,0.1,0.1
1.027123,0.371424,0.529769,0.1,0.1,0.1
0.394518,0.313648,0.267084,0.1,0.1,0.1
0.600615,-0.606800,0.496855,0.1,0.1,0.1
0.831692,-0.359572,0.245707,0.1,0.1,0.1
0.731678,0.185283,0.000000,0.1,0.1,0.1
0.857074,-0.303353,0.571001,0.1,0.1,0.1
0.687272,-0.087511,0.201076,0.1,0.1,0.1
0.389228,-0.554426,0.328515,0.1,0.1,0.1
0.609695,-0.317387,0.387307,0.1,0.1,0.1
0.415604,0.309699,0.010000,0.1,0.1,0.1
0.495043,-0.498939,0.194683,0.1,0.1,0.1
0.405954,0.282859,0.175691,0.1,0.1,0.1
0.738568,0.451584,0.222935,0.1,0.1,0.1
0.885907,-0.193696,0.784615,0.1,0.1,0.1
0.496392,-0.493891,0.189579,0.1,0.1,0.1
0.743647,-0.033742,0.401307,0.1,0.1,0.1
0.638925,-0.136420,0.401307,0.1,0.1,0.1
0.534576,-0.036336,0.131112,0.1,0.1,0.1
0.786272,0.442971,0.712747,0.1,0.1,0.1
0.612692,-0.614169,0.331157,0.1,0.1,0.1
0.223489,-0.505975,0.240226,0.1,0.1,0.1
0.766107,-0.277040,0.397307,0.1,0.1,0.1
0.544662,0.056762,0.014000,0.1,0.1,0.1
0.679252,0.147765,0.000000,0.1,0.1,0.1
1.019786,0.305262,0.023227,0.1,0.1,0.1
0.915860,0.418677,0.466274,0.1,0.1,0.1
0.760517,0.422844,0.401307,0.1,0.1,0.1
0.759718,0.460421,0.088689,0.1,0.1,0.1
0.573737,-0.486436,0.401307,0.1,0.1,0.1
0.994104,0.397758,0.546741,0.1,0.1,0.1
0.518391,0.514588,0.287406,0.1,0.1,0.1
0.568078,-0.602241,0.749504,0.1,0.1,0.1
0.353832,0.087901,0.071699,0.1,0.1,0.1
0.950601,0.085199,0.110284,0.1,0.1,0.1
0.677127,0.166646,0.282149,0.1,0.1,0.1
0.634930,0.195428,0.530709,0.1,0.1,0.1
0.470426,-0.586485,0.163437,0.1,0.1,0.1
0.903358,-0.091514,0.061782,0.1,0.1,0.1
0.614461,-0.598714,0.397307,0.1,0.1,0.1
0.888326,0.411546,0.614453,0.1,0.1,0.1
0.623587,-0.587786,0.397307,0.1,0.1,0.1
0.867278,0.431665,0.204459,0.1,0.1,0.1
0.509919,-0.448180,0.010000,0.1,0.1,0.1
0.823786,-0.427862,0.340194,0.1,0.1,0.1
0.528754,-0.388331,0.266089,0.1,0.1,0.1
0.576519,-0.057901,0.111233,0.1,0.1,0.1
0.630569,0.434168,0.010000,0.1,0.1,0.1
0.561629,-0.600517,0.505426,0.1,0.1,0.1
0.744818,0.464404,0.633239,0.1,0.1,0.1
0.764907,0.088381,0.784615,0.1,0.1,0.1
0.944936,0.166391,0.679157,0.1,0.1,0.1
0.397106,0.000416,0.069323,0.1,0.1,0.1
0.727439,0.454559,0.335301,0.1,0.1,0.1
0.633451,0.018766,0.206496,0.1,0.1,0.1
0.534169,-0.603527,0.318324,0.1,0.1,0.1
0.582813,-0.606181,0.676883,0.1,0.1,0.1
0.638572,-0.196416,0.397307,0.1,0.1,0.1
0.898435,-0.109925,0.039621,0.1,0.1,0.1
0.727324,-0.118959,0.784615,0.1,0.1,0.1
0.571676,-0.549515,0.784615,0.1,0.1,0.1
0.252823,-0.289917,0.232846,0.1,0.1,0.1
0.818940,-0.304888,0.397481,0.1,0.1,0.1
0.666966,-0.333054,0.784615,0.1,0.1,0.1
0.861926,0.384865,0.000000,0.1,0.1,0.1
0.557489,-0.102652,0.010000,0.1,0.1,0.1
0.797098,-0.402074,0.448955,0.1,0.1,0.1
0.637930,0.101751,0.387307,0.1,0.1,0.1
0.733358,-0.640488,0.573679,0.1,0.1,0.1
0.865719,0.348329,0.774615,0.1,0.1,0.1
0.690146,-0.587628,0.397307,0.1,0.1,0.1
0.695797,-0.632246,0.736138,0.1,0.1,0.1
0.377049,-0.547030,0.243348,0.1,0.1,0.1
0.869343,0.416621,0.739330,0.1,0.1,0.1
0.398914,0.330092,0.198523,0.1,0.1,0.1
0.606773,-0.081019,0.263115,0.1,0.1,0.1
0.328432,-0.538172,0.165810,0.1,0.1,0.1
0.583836,-0.602314,0.687930,0.1,0.1,0.1
0.779143,-0.594847,0.018540,0.1,0.1,0.1
0.444872,-0.026846,0.221695,0.1,0.1,0.1
0.803889,-0.502287,0.618903,0.1,0.1,0.1
0.745889,-0.578133,0.688392,0.1,0.1,0.1
0.694139,-0.577836,0.000000,0.1,0.1,0.1
0.406186,0.283727,0.208683,0.1,0.1,0.1
0.701774,-0.091387,0.119855,0.1,0.1,0.1
0.656102,0.319468,0.014000,0.1,0.1,0.1
0.761244,-0.055909,0.401307,0.1,0.1,0.1
0.296662,-0.529679,0.316308,0.1,0.1,0.1
0.655894,0.200279,0.435361,0.1,0.1,0.1
0.609837,-0.040230,0.000000,0.1,0.1,0.1
0.634325,0.022035,0.011848,0.1,0.1,0.1
0.760096,-0.653577,0.443535,0.1,0.1,0.1
0.735421,0.452425,0.194479,0.1,0.1,0.1
0.416243,-0.557508,0.189168,0.1,0.1,0.1
0.542490,0.504005,0.079457,0.1,0.1,0.1
0.602443,-0.379084,0.784615,0.1,0.1,0.1
0.542428,0.081189,0.010000,0.1,0.1,0.1
0.819005,0.031613,0.010000,0.1,0.1,0.1
0.603673,0.004949,0.753302,0.1,0.1,0.1
0.565493,-0.059094,0.118934,0.1,0.1,0.1
0.627811,-0.628562,0.338781,0.1,0.1,0.1
0.779044,-0.469603,0.549554,0.1,0.1,0.1
0.435664,0.467551,0.293281,0.1,0.1,0.1
0.745818,0.439070,0.032438,0.1,0.1,0.1
0.662661,-0.139714,0.000000,0.1,0.1,0.1
0.438230,0.403588,0.042420,0.1,0.1,0.1
0.923657,0.071312,0.522039,0.1,0.1,0.1
0.487801,-0.591130,0.391111,0.1,0.1,0.1
0.591231,0.397721,0.014000,0.1,0.1,0.1
0.869284,-0.218964,0.362210,0.1,0.1,0.1
0.574015,-0.406604,0.397307,0.1,0.1,0.1
0.995769,0.382821,0.430333,0.1,0.1,0.1
0.600081,-0.121539,0.094481,0.1,0.1,0.1
0.978412,0.401953,0.066638,0.1,0.1,0.1
0.816563,-0.416163,0.355171,0.1,0.1,0.1
0.363666,0.009357,0.181057,0.1,0.1,0.1
0.948973,0.399473,0.706759,0.1,0.1,0.1
0.509497,-0.025491,0.279233,0.1,0.1,0.1
0.865874,0.397055,0.401307,0.1,0.1,0.1
0.544358,-0.329965,0.352634,0.1,0.1,0.1
0.543049,-0.319376,0.382060,0.1,0.1,0.1
0.649052,0.107689,0.774615,0.1,0.1,0.1
1.016169,0.330449,0.771400,0.1,0.1,0.1
0.541861,-0.520456,0.397307,0.1,0.1,0.1
0.834423,0.430097,0.454479,0.1,0.1,0.1
0.945857,0.400306,0.017038,0.1,0.1,0.1
0.752774,0.447786,0.503235,0.1,0.1,0.1
0.857414,0.095287,0.000000,0.1,0.1,0.1
0.553495,-0.280302,0.352194,0.1,0.1,0.1
0.549203,-0.311843,0.036608,0.1,0.1,0.1
0.582382,-0.383525,0.401307,0.1,0.1,0.1
0.460981,-0.016661,0.189893,0.1,0.1,0.1
0.733357,-0.625005,0.481707,0.1,0.1,0.1
1.013817,0.282936,0.559835,0.1,0.1,0.1
0.730404,-0.348386,0.010000,0.1,0.1,0.1
0.593175,-0.052002,0.309565,0.1,0.1,0.1
0.936887,0.402704,0.620125,0.1,0.1,0.1
0.820699,-0.048663,0.000000,0.1,0.1,0.1
0.674928,0.468598,0.335177,0.1,0.1,0.1
0.534380,-0.271693,0.014000,0.1,0.1,0.1
0.812948,0.362825,0.387307,0.1,0.1,0.1
0.485416,-0.019053,0.272704,0.1,0.1,0.1
0.556140,-0.594909,0.479360,0.1,0.1,0.1
0.327832,0.008586,0.274910,0.1,0.1,0.1
0.599808,-0.122559,0.255125,0.1,0.1,0.1
0.508033,-0.439866,0.401307,0.1,0.1,0.1
0.386715,0.269608,0.010000,0.1,0.1,0.1
0.452256,-0.028820,0.224424,0.1,0.1,0.1
0.646000,0.163272,0.624013,0.1,0.1,0.1
0.894088,0.414146,0.607240,0.1,0.1,0.1
0.675398,-0.412727,0.000000,0.1,0.1,0.1
0.444716,-0.012312,0.022513,0.1,0.1,0.1
0.290978,-0.073634,0.183430,0.1,0.1,0.1
0.948866,0.039990,0.464515,0.1,0.1,0.1
0.264675,-0.245584,0.097331,0.1,0.1,0.1
0.819256,0.017681,0.397307,0.1,0.1,0.1
0.462682,0.495046,0.148358,0.1,0.1,0.1
0.887076,-0.152415,0.358952,0.1,0.1,0.1
0.534729,-0.589185,0.488543,0.1,0.1,0.1
0.930576,0.028828,0.000000,0.1,0.1,0.1
0.764290,-0.611685,0.465265,0.1,0.1,0.1
0.756223,0.340732,0.784615,0.1,0.1,0.1
0.643994,0.229331,0.616137,0.1,0.1,0.1
0.276849,-0.200047,0.329668,0.1,0.1,0.1
0.648364,0.090767,0.000000,0.1,0.1,0.1
0.813345,-0.466919,0.740486,0.1,0.1,0.1
0.766977,-0.463104,0.397307,0.1,0.1,0.1
0.978793,0.277541,0.452016,0.1,0.1,0.1
0.779062,0.192402,0.774615,0.1,0.1,0.1
0.941859,0.154882,0.402319,0.1,0.1,0.1
0.913679,0.076650,0.784615,0.1,0.1,0.1
0.866276,-0.215097,0.397307,0.1,0.1,0.1
0.368478,0.142685,0.296307,0.1,0.1,0.1
0.714388,-0.641357,0.397433,0.1,0.1,0.1
0.610472,0.413105,0.010000,0.1,0.1,0.1
0.933143,0.365200,0.387307,0.1,0.1,0.1
0.773459,0.294233,0.401307,0.1,0.1,0.1
0.847331,-0.301076,0.393176,0.1,0.1,0.1
0.641274,0.048030,0.142874,0.1,0.1,0.1
0.599634,-0.606537,0.561902,0.1,0.1,0.1
0.881507,-0.070863,0.399019,0.1,0.1,0.1
0.896754,0.320100,0.397307,0.1,0.1,0.1
0.966922,0.394674,0.270741,0.1,0.1,0.1
0.585311,-0.617200,0.149213,0.1,0.1,0.1
0.635931,0.028043,0.011819,0.1,0.1,0.1
0.687198,-0.592265,0.010000,0.1,0.1,0.1
0.714045,0.382674,0.000000,0.1,0.1,0.1
0.811685,0.436176,0.719970,0.1,0.1,0.1
0.900174,-0.001039,0.677821,0.1,0.1,0.1
0.960347,0.224035,0.727291,0.1,0.1,0.1
0.824378,-0.180613,0.401307,0.1,0.1,0.1
0.449751,-0.566466,0.102110,0.1,0.1,0.1
0.615765,0.123741,0.646546,0.1,0.1,0.1
0.215769,-0.354951,0.245349,0.1,0.1,0.1
0.546061,-0.308109,0.190099,0.1,0.1,0.1
0.513850,-0.026655,0.049899,0.1,0.1,0.1
0.661825,-0.175011,0.774615,0.1,0.1,0.1
0.928493,0.089400,0.613887,0.1,0.1,0.1
0.919459,0.071094,0.580065,0.1,0.1,0.1
0.665135,0.014874,0.000000,0.1,0.1,0.1
0.523556,-0.392151,0.014000,0.1,0.1,0.1
0.637134,0.129637,0.000000,0.1,0.1,0.1
0.511834,-0.587205,0.617614,0.1,0.1,0.1
0.725538,-0.087065,0.000000,0.1,0.1,0.1
0.839366,-0.369587,0.493889,0.1,0.1,0.1
0.731614,0.269383,0.784615,0.1,0.1,0.1
0.750054,0.027875,0.774615,0.1,0.1,0.1
0.242923,-0.253383,0.270744,0.1,0.1,0.1
0.564719,-0.582055,0.784615,0.1,0.1,0.1
0.475713,-0.473677,0.453575,0.1,0.1,0.1
0.366474,0.208751,0.088537,0.1,0.1,0.1
0.999008,0.266259,0.490664,0.1,0.1,0.1
0.714615,0.322354,0.342279,0.1,0.1,0.1
0.823365,0.443405,0.371169,0.1,0.1,0.1
0.579678,-0.601202,0.483534,0.1,0.1,0.1
0.953839,0.058591,0.104076,0.1,0.1,0.1
0.724691,-0.446148,0.010000,0.1,0.1,0.1
0.942822,0.158483,0.421926,0.1,0.1,0.1
0.422529,0.010828,0.010000,0.1,0.1,0.1
0.868741,0.431274,0.287273,0.1,0.1,0.1
0.975746,0.392315,0.120566,0.1,0.1,0.1
0.490895,-0.581606,0.544063,0.1,0.1,0.1
0.526060,-0.044410,0.368205,0.1,0.1,0.1
0.820223,0.342370,0.397307,0.1,0.1,0.1
0.874309,0.330292,0.397307,0.1,0.1,0.1
0.890080,-0.131380,0.340683,0.1,0.1,0.1
0.497518,-0.481018,0.774615,0.1,0.1,0.1
0.506838,-0.357255,0.546193,0.1,0.1,0.1
0.937613,0.402510,0.247730,0.1,0.1,0.1
0.942882,0.161226,0.387307,0.1,0.1,0.1
0.970935,0.122536,0.239023,0.1,0.1,0.1
0.184882,-0.470482,0.049646,0.1,0.1,0.1
0.773887,-0.473407,0.442265,0.1,0.1,0.1
0.784401,0.314878,0.387307,0.1,0.1,0.1
0.850277,-0.328775,0.577486,0.1,0.1,0.1
0.753074,-0.328386,0.010000,0.1,0.1,0.1
0.468639,-0.564870,0.774615,0.1,0.1,0.1
0.890938,-0.099092,0.784615,0.1,0.1,0.1
0.413601,-0.305645,0.014000,0.1,0.1,0.1
0.515452,-0.325035,0.784006,0.1,0.1,0.1
0.542180,-0.052861,0.019531,0.1,0.1,0.1
0.651948,0.185518,0.729871,0.1,0.1,0.1
0.640864,0.031008,0.310376,0.1,0.1,0.1
0.984171,0.390062,0.485022,0.1,0.1,0.1
0.253693,-0.286663,0.371912,0.1,0.1,0.1
0.626105,0.162418,0.621217,0.1,0.1,0.1
0.761114,0.126746,0.010000,0.1,0.1,0.1
0.273082,-0.237901,0.010000,0.1,0.1,0.1
0.538482,-0.238893,0.606276,0.1,0.1,0.1
0.537965,-0.604542,0.470385,0.1,0.1,0.1
0.603450,-0.607558,0.625692,0.1,0.1,0.1
0.808979,0.385008,0.010000,0.1,0.1,0.1
0.480881,0.524616,0.114504,0.1,0.1,0.1
0.393227,-0.555495,0.365496,0.1,0.1,0.1
0.927398,0.100790,0.739987,0.1,0.1,0.1
0.561426,-0.445184,0.010000,0.1,0.1,0.1
0.953695,0.199154,0.462294,0.1,0.1,0.1
0.855106,-0.310714,0.696569,0.1,0.1,0.1
0.524845,-0.252596,0.014000,0.1,0.1,0.1
0.618444,-0.037365,0.126835,0.1,0.1,0.1
0.629662,-0.010891,0.064605,0.1,0.1,0.1
0.969326,0.155236,0.509454,0.1,0.1,0.1
0.743327,0.454452,0.082616,0.1,0.1,0.1
0.702439,-0.648514,0.317598,0.1,0.1,0.1
0.702287,-0.003180,0.784615,0.1,0.1,0.1
0.499842,-0.383423,0.623553,0.1,0.1,0.1
0.894793,-0.162267,0.012553,0.1,0.1,0.1
0.450617,-0.009749,0.361191,0.1,0.1,0.1
0.842214,0.428015,0.489033,0.1,0.1,0.1
0.436679,-0.546115,0.437867,0.1,0.1,0.1
0.796056,0.436214,0.516835,0.1,0.1,0.1
0.978973,0.391452,0.060928,0.1,0.1,0.1
0.772115,-0.621136,0.781193,0.1,0.1,0.1
0.756752,-0.089485,0.387307,0.1,0.1,0.1
0.503422,-0.401169,0.010000,0.1,0.1,0.1
0.357223,0.100586,0.353205,0.1,0.1,0.1
0.530662,-0.035290,0.107272,0.1,0.1,0.1
0.515662,-0.584087,0.547241,0.1,0.1,0.1
0.761351,-0.661395,0.735696,0.1,0.1,0.1
0.769870,-0.503919,0.670616,0.1,0.1,0.1
0.637222,0.478678,0.045962,0.1,0.1,0.1
0.899840,0.422959,0.314020,0.1,0.1,0.1
0.723646,0.356137,0.261625,0.1,0.1,0.1
0.766869,0.458509,0.180858,0.1,0.1,0.1
0.779985,0.059767,0.397307,0.1,0.1,0.1
0.816853,-0.328185,0.552557,0.1,0.1,0.1
0.631465,-0.615047,0.468159,0.1,0.1,0.1
0.281088,-0.521374,0.152819,0.1,0.1,0.1
0.549803,-0.309601,0.027416,0.1,0.1,0.1
0.751916,-0.657971,0.031744,0.1,0.1,0.1
0.640562,-0.570612,0.397307,0.1,0.1,0.1
0.655692,-0.344895,0.401307,0.1,0.1,0.1
0.235898,-0.509293,0.313816,0.1,0.1,0.1
0.656836,-0.625971,0.628217,0.1,0.1,0.1
0.467634,-0.571247,0.679431,0.1,0.1,0.1
0.585150,-0.177388,0.351586,0.1,0.1,0.1
0.744014,0.450128,0.429592,0.1,0.1,0.1
0.580082,-0.180855,0.361036,0.1,0.1,0.1
0.513463,-0.445527,0.181192,0.1,0.1,0.1
0.614838,0.120276,0.529695,0.1,0.1,0.1
0.570360,-0.598582,0.401307,0.1,0.1,0.1
0.819684,0.374238,0.774615,0.1,0.1,0.1
0.993950,0.397799,0.611135,0.1,0.1,0.1
0.501081,-0.491839,0.208254,0.1,0.1,0.1
0.535863,-0.361741,0.136730,0.1,0.1,0.1
0.572568,-0.060985,0.121406,0.1,0.1,0.1
0.450168,0.521803,0.216630,0.1,0.1,0.1
0.245952,-0.470490,0.014000,0.1,0.1,0.1
0.632348,-0.413990,0.397307,0.1,0.1,0.1
0.395668,0.000801,0.129950,0.1,0.1,0.1
0.487525,-0.527058,0.212880,0.1,0.1,0.1
0.600815,0.456525,0.010000,0.1,0.1,0.1
0.657937,0.110355,0.140002,0.1,0.1,0.1
0.870461,-0.134723,0.387307,0.1,0.1,0.1
0.586791,-0.058197,0.778079,0.1,0.1,0.1
0.784272,-0.482982,0.010000,0.1,0.1,0.1
0.342886,0.046960,0.131282,0.1,0.1,0.1
0.354225,0.011881,0.346618,0.1,0.1,0.1
0.671833,0.333462,0.556370,0.1,0.1,0.1
0.841462,-0.361748,0.048296,0.1,0.1,0.1
0.875792,0.118675,0.000000,0.1,0.1,0.1
0.860149,-0.291849,0.312377,0.1,0.1,0.1
0.682478,-0.510912,0.784615,0.1,0.1,0.1
0.913309,0.404867,0.675704,0.1,0.1,0.1
0.655965,0.147685,0.010000,0.1,0.1,0.1
0.835612,-0.242527,0.485110,0.1,0.1,0.1
0.449132,0.444363,0.077643,0.1,0.1,0.1
0.526298,-0.482584,0.774615,0.1,0.1,0.1
0.888347,0.338997,0.774615,0.1,0.1,0.1
0.683858,0.191823,0.215511,0.1,0.1,0.1
0.596430,-0.320101,0.000000,0.1,0.1,0.1
0.867656,-0.122670,0.460620,0.1,0.1,0.1
0.514249,-0.442585,0.121725,0.1,0.1,0.1
0.746107,0.464060,0.049612,0.1,0.1,0.1
0.831486,0.140147,0.397307,0.1,0.1,0.1
0.558280,0.067595,0.010000,0.1,0.1,0.1
0.663268,0.275008,0.014000,0.1,0.1,0.1
0.880777,0.417705,0.205422,0.1,0.1,0.1
0.529796,0.120815,0.010000,0.1,0.1,0.1
0.714758,-0.083473,0.000000,0.1,0.1,0.1
0.520370,0.361004,0.010000,0.1,0.1,0.1
0.848345,-0.297285,0.761592,0.1,0.1,0.1
0.473116,-0.030256,0.177780,0.1,0.1,0.1
0.720869,0.443313,0.400153,0.1,0.1,0.1
0.591243,-0.058234,0.010000,0.1,0.1,0.1
0.722662,0.352455,0.297912,0.1,0.1,0.1
0.488032,-0.488570,0.387307,0.1,0.1,0.1
0.667555,0.317460,0.717231,0.1,0.1,0.1
0.776822,0.090297,0.397307,0.1,0.1,0.1
0.945161,0.151745,0.546818,0.1,0.1,0.1
0.905784,-0.082437,0.391009,0.1,0.1,0.1
0.586579,-0.488694,0.784615,0.1,0.1,0.1
0.778329,0.445094,0.357930,0.1,0.1,0.1
0.662140,0.086153,0.000000,0.1,0.1,0.1
0.641598,-0.490542,0.010000,0.1,0.1,0.1
0.545423,-0.185406,0.014000,0.1,0.1,0.1
0.728209,-0.070384,0.774615,0.1,0.1,0.1
0.509760,-0.443889,0.174825,0.1,0.1,0.1
0.797391,-0.106599,0.028357,0.1,0.1,0.1
0.691413,0.220083,0.083289,0.1,0.1,0.1
0.589144,-0.010813,0.014000,0.1,0.1,0.1
0.799787,-0.441802,0.397307,0.1,0.1,0.1
0.518478,-0.588981,0.592659,0.1,0.1,0.1
0.787568,-0.422234,0.769978,0.1,0.1,0.1
0.655079,-0.123681,0.401307,0.1,0.1,0.1
0.742053,-0.071883,0.784615,0.1,0.1,0.1
0.958833,0.232392,0.401307,0.1,0.1,0.1
0.728676,0.458369,0.473546,0.1,0.1,0.1
0.756669,-0.537809,0.631826,0.1,0.1,0.1
0.352168,0.012431,0.172966,0.1,0.1,0.1
0.795059,-0.000749,0.397307,0.1,0.1,0.1
0.902713,0.159512,0.387307,0.1,0.1,0.1
0.492105,-0.525415,0.218513,0.1,0.1,0.1
0.325010,-0.019757,0.010000,0.1,0.1,0.1
0.784703,-0.535332,0.449899,0.1,0.1,0.1
0.992396,0.328422,0.652529,0.1,0.1,0.1
0.319484,-0.040576,0.324303,0.1,0.1,0.1
0.464689,-0.032144,0.254088,0.1,0.1,0.1
0.873242,-0.237616,0.000000,0.1,0.1,0.1
0.890657,-0.036637,0.606820,0.1,0.1,0.1
0.901399,-0.098840,0.226345,0.1,0.1,0.1
0.749840,0.133522,0.387307,0.1,0.1,0.1
0.384499,0.276174,0.217058,0.1,0.1,0.1
0.777627,-0.459417,0.426938,0.1,0.1,0.1
0.403714,-0.015842,0.293646,0.1,0.1,0.1
0.459953,-0.532626,0.002275,0.1,0.1,0.1
0.663200,0.130040,0.208592,0.1,0.1,0.1
0.718434,0.461107,0.485366,0.1,0.1,0.1
0.940476,0.149707,0.445217,0.1,0.1,0.1
0.479848,0.520752,0.213450,0.1,0.1,0.1
0.983206,0.294047,0.629261,0.1,0.1,0.1
0.432889,-0.566099,0.088572,0.1,0.1,0.1
0.700179,-0.637558,0.537513,0.1,0.1,0.1
0.762885,0.272611,0.397307,0.1,0.1,0.1
0.725938,-0.640304,0.769051,0.1,0.1,0.1
0.665229,0.475331,0.215546,0.1,0.1,0.1
0.820183,-0.441340,0.078992,0.1,0.1,0.1
0.546643,-0.302990,0.401307,0.1,0.1,0.1
0.657728,-0.101411,0.397307,0.1,0.1,0.1
0.733629,-0.175880,0.774615,0.1,0.1,0.1
0.542065,-0.117141,0.010000,0.1,0.1,0.1
0.967348,0.147839,0.301304,0.1,0.1,0.1
0.698533,-0.518973,0.397307,0.1,0.1,0.1
0.756924,0.149203,0.000000,0.1,0.1,0.1
0.731796,0.104940,0.774615,0.1,0.1,0.1
0.697528,0.466696,0.105831,0.1,0.1,0.1
0.763346,-0.615217,0.362794,0.1,0.1,0.1
0.699184,0.366917,0.014000,0.1,0.1,0.1
0.532792,-0.035859,0.333250,0.1,0.1,0.1
0.739826,0.455388,0.075509,0.1,0.1,0.1
0.457146,-0.572584,0.525994,0.1,0.1,0.1
0.703594,0.419396,0.397307,0.1,0.1,0.1
0.981895,0.386530,0.505512,0.1,0.1,0.1
0.637706,0.034683,0.301526,0.1,0.1,0.1
0.615809,0.005900,0.000000,0.1,0.1,0.1
0.936945,0.034117,0.103621,0.1,0.1,0.1
0.657532,-0.622016,0.399376,0.1,0.1,0.1
0.916180,0.408240,0.420100,0.1,0.1,0.1
0.680279,0.178438,0.231363,0.1,0.1,0.1
0.780387,0.146203,0.387307,0.1,0.1,0.1
0.774125,-0.613619,0.001717,0.1,0.1,0.1
0.451230,-0.571002,0.098066,0.1,0.1,0.1
0.991320,0.198784,0.513936,0.1,0.1,0.1
0.529742,-0.591992,0.399841,0.1,0.1,0.1
0.775585,-0.467057,0.773072,0.1,0.1,0.1
0.658414,0.193060,0.784615,0.1,0.1,0.1
0.251143,-0.296199,0.382550,0.1,0.1,0.1
0.549451,-0.498921,0.397307,0.1,0.1,0.1
0.465488,-0.511921,0.627879,0.1,0.1,0.1
0.626698,0.330953,0.010000,0.1,0.1,0.1
0.653264,0.111875,0.387307,0.1,0.1,0.1
0.896590,-0.133120,0.031165,0.1,0.1,0.1
0.506457,0.513638,0.030326,0.1,0.1,0.1
0.996973,0.345543,0.537461,0.1,0.1,0.1
0.745717,-0.424992,0.000000,0.1,0.1,0.1
0.504233,-0.212896,0.010000,0.1,0.1,0.1
0.399760,-0.553101,0.176212,0.1,0.1,0.1
0.279816,-0.115385,0.050993,0.1,0.1,0.1
0.773401,-0.490712,0.426051,0.1,0.1,0.1
0.456540,-0.568281,0.133054,0.1,0.1,0.1
0.414722,0.315657,0.107820,0.1,0.1,0.1
0.491003,-0.581635,0.730745,0.1,0.1,0.1
0.545269,0.052169,0.010000,0.1,0.1,0.1
0.935218,0.235205,0.397307,0.1,0.1,0.1
0.461187,-0.031207,0.054747,0.1,0.1,0.1
1.005804,0.394630,0.075723,0.1,0.1,0.1
0.744926,-0.076212,0.010000,0.1,0.1,0.1
0.647343,0.055242,0.297642,0.1,0.1,0.1
0.625012,-0.070865,0.113543,0.1,0.1,0.1
0.874704,0.009797,0.000000,0.1,0.1,0.1
0.787873,0.268666,0.401307,0.1,0.1,0.1
0.819388,-0.318700,0.709641,0.1,0.1,0.1
0.592824,-0.283385,0.397307,0.1,0.1,0.1
1.023452,0.357693,0.352335,0.1,0.1,0.1
0.852397,0.435643,0.501891,0.1,0.1,0.1
0.705945,0.289926,0.271901,0.1,0.1,0.1
0.472898,-0.410641,0.401510,0.1,0.1,0.1
0.960803,0.318140,0.774615,0.1,0.1,0.1
0.332296,0.017743,0.078796,0.1,0.1,0.1
0.991035,0.292810,0.397307,0.1,0.1,0.1
0.669586,-0.625239,0.616770,0.1,0.1,0.1
0.357695,-0.545996,0.335571,0.1,0.1,0.1
0.462586,0.494688,0.200207,0.1,0.1,0.1
0.658709,0.210806,0.640233,0.1,0.1,0.1
0.288679,-0.527544,0.031952,0.1,0.1,0.1
0.882995,-0.167678,0.544016,0.1,0.1,0.1
0.529535,-0.045340,0.143484,0.1,0.1,0.1
0.833363,-0.134917,0.010000,0.1,0.1,0.1
0.602106,-0.421075,0.774615,0.1,0.1,0.1
0.705814,-0.477224,0.774615,0.1,0.1,0.1
0.617704,0.488037,0.375912,0.1,0.1,0.1
0.481368,-0.378961,0.458358,0.1,0.1,0.1
0.544521,-0.034855,0.258562,0.1,0.1,0.1
0.657450,-0.069186,0.325610,0.1,0.1,0.1
0.905646,0.258652,0.397307,0.1,0.1,0.1
0.924011,0.104454,0.774615,0.1,0.1,0.1
0.658588,0.154241,0.784615,0.1,0.1,0.1
0.517412,-0.588696,0.408994,0.1,0.1,0.1
0.686767,0.202707,0.152426,0.1,0.1,0.1
0.566977,0.501599,0.262079,0.1,0.1,0.1
0.945558,0.027615,0.156300,0.1,0.1,0.1
0.620257,-0.626542,0.774828,0.1,0.1,0.1
0.652917,-0.024615,0.397307,0.1,0.1,0.1
0.761613,-0.107385,0.245435,0.1,0.1,0.1
0.774934,-0.484979,0.423345,0.1,0.1,0.1
0.552514,-0.484836,0.401307,0.1,0.1,0.1
0.524866,0.512857,0.023488,0.1,0.1,0.1
0.786095,-0.241648,0.397307,0.1,0.1,0.1
0.538452,-0.579681,0.397307,0.1,0.1,0.1
0.544811,0.431140,0.014000,0.1,0.1,0.1
0.421376,-0.191000,0.010000,0.1,0.1,0.1
0.875254,-0.196632,0.297629,0.1,0.1,0.1
0.698168,-0.637021,0.700185,0.1,0.1,0.1
0.491267,-0.581706,0.657223,0.1,0.1,0.1
0.738037,-0.452782,0.784615,0.1,0.1,0.1
0.388671,-0.257675,0.014000,0.1,0.1,0.1
0.646687,0.476148,0.256077,0.1,0.1,0.1
0.805617,-0.457104,0.073124,0.1,0.1,0.1
0.574006,-0.020971,0.014000,0.1,0.1,0.1
0.852319,-0.195523,0.562640,0.1,0.1,0.1
0.493392,-0.592625,0.152062,0.1,0.1,0.1
0.486922,-0.590896,0.644674,0.1,0.1,0.1
0.880523,0.043573,0.010000,0.1,0.1,0.1
0.690136,0.215307,0.057019,0.1,0.1,0.1
0.723178,-0.494736,0.397307,0.1,0.1,0.1
0.448832,-0.570361,0.256126,0.1,0.1,0.1
0.613418,-0.624714,0.372275,0.1,0.1,0.1
0.912950,-0.055635,0.597839,0.1,0.1,0.1
0.697808,-0.112253,0.784615,0.1,0.1,0.1
0.595573,-0.062995,0.087292,0.1,0.1,0.1
0.658516,0.210084,0.593811,0.1,0.1,0.1
0.413562,0.311315,0.304431,0.1,0.1,0.1
0.804574,-0.118871,0.031669,0.1,0.1,0.1
0.645117,-0.622838,0.630741,0.1,0.1,0.1
0.618464,-0.191326,0.397307,0.1,0.1,0.1
0.288906,-0.081388,0.356876,0.1,0.1,0.1
0.565304,-0.044551,0.025940,0.1,0.1,0.1
0.725713,-0.615066,0.784615,0.1,0.1,0.1
0.286552,-0.090192,0.074145,0.1,0.1,0.1
0.497937,0.383642,0.014000,0.1,0.1,0.1
0.272414,-0.143072,0.151665,0.1,0.1,0.1
0.769784,-0.109570,0.368859,0.1,0.1,0.1
0.640745,0.252836,0.014000,0.1,0.1,0.1
0.794966,-0.496943,0.696526,0.1,0.1,0.1
0.571003,-0.613375,0.331052,0.1,0.1,0.1
0.504122,-0.367416,0.706231,0.1,0.1,0.1
0.347367,0.137283,0.321616,0.1,0.1,0.1
0.578421,0.440766,0.014000,0.1,0.1,0.1
0.584145,-0.181145,0.270107,0.1,0.1,0.1
0.871104,0.214160,0.000000,0.1,0.1,0.1
0.650959,0.181818,0.545864,0.1,0.1,0.1
0.774105,-0.488079,0.681151,0.1,0.1,0.1
0.819424,-0.114966,0.397307,0.1,0.1,0.1
0.729188,-0.645314,0.674210,0.1,0.1,0.1
0.848798,0.006088,0.397307,0.1,0.1,0.1
0.949823,0.399245,0.100810,0.1,0.1,0.1
0.353265,0.012137,0.181891,0.1,0.1,0.1
0.202163,-0.405841,0.041477,0.1,0.1,0.1
0.896219,-0.020485,0.397307,0.1,0.1,0.1
0.606656,-0.622906,0.383992,0.1,0.1,0.1
0.936479,-0.006343,0.092583,0.1,0.1,0.1
0.690677,-0.645369,0.780360,0.1,0.1,0.1
0.677931,-0.631610,0.730765,0.1,0.1,0.1
0.345227,0.055716,0.241564,0.1,0.1,0.1
0.586393,0.013878,0.569993,0.1,0.1,0.1
0.722734,-0.312933,0.784615,0.1,0.1,0.1
0.773941,-0.494812,0.010000,0.1,0.1,0.1
0.727475,0.354971,0.312596,0.1,0.1,0.1
0.795828,-0.532440,0.547895,0.1,0.1,0.1
0.873901,-0.114797,0.466115,0.1,0.1,0.1
0.874296,-0.035624,0.387307,0.1,0.1,0.1
0.475244,0.523749,0.387307,0.1,0.1,0.1
0.793367,-0.416032,0.571498,0.1,0.1,0.1
0.979900,0.156070,0.687044,0.1,0.1,0.1
0.856295,-0.180652,0.484288,0.1,0.1,0.1
0.780224,-0.287279,0.401307,0.1,0.1,0.1
0.565100,-0.597305,0.644032,0.1,0.1,0.1
0.862937,-0.119074,0.010000,0.1,0.1,0.1
0.504070,-0.465175,0.072040,0.1,0.1,0.1
0.888763,-0.184822,0.042258,0.1,0.1,0.1
0.544086,-0.126310,0.010000,0.1,0.1,0.1
0.952269,0.398591,0.599085,0.1,0.1,0.1
1.003292,0.384666,0.661828,0.1,0.1,0.1
0.540683,0.120461,0.010000,0.1,0.1,0.1
0.832339,-0.115943,0.086363,0.1,0.1,0.1
0.673220,-0.626210,0.425518,0.1,0.1,0.1
0.650983,-0.620265,0.478457,0.1,0.1,0.1
0.603305,-0.093993,0.172709,0.1,0.1,0.1
0.353107,0.001828,0.224954,0.1,0.1,0.1
0.530100,-0.592088,0.633110,0.1,0.1,0.1
0.879020,-0.080164,0.740587,0.1,0.1,0.1
0.457782,-0.030297,0.238399,0.1,0.1,0.1
0.439422,0.307905,0.010000,0.1,0.1,0.1
0.685511,0.213494,0.195326,0.1,0.1,0.1
1.014115,0.322768,0.729760,0.1,0.1,0.1
0.704688,0.464782,0.198733,0.1,0.1,0.1
0.323819,0.020010,0.263840,0.1,0.1,0.1
0.558820,-0.457799,0.784615,0.1,0.1,0.1
0.692392,-0.645828,0.637333,0.1,0.1,0.1
0.699330,0.329724,0.014000,0.1,0.1,0.1
0.912061,0.409341,0.035950,0.1,0.1,0.1
0.847383,0.016899,0.774615,0.1,0.1,0.1
0.520495,-0.042923,0.297748,0.1,0.1,0.1
0.903883,0.385634,0.397307,0.1,0.1,0.1
0.586387,-0.602996,0.607373,0.1,0.1,0.1
0.667703,-0.592388,0.397307,0.1,0.1,0.1
0.667234,0.316259,0.709385,0.1,0.1,0.1
0.689631,-0.048986,0.774615,0.1,0.1,0.1
0.590518,-0.604100,0.551891,0.1,0.1,0.1
0.933873,0.109524,0.594964,0.1,0.1,0.1
0.624999,0.481946,0.126671,0.1,0.1,0.1
0.922327,-0.020558,0.369085,0.1,0.1,0.1
0.567136,-0.040901,0.047292,0.1,0.1,0.1
0.815356,-0.100104,0.397307,0.1,0.1,0.1
0.624858,-0.617421,0.691938,0.1,0.1,0.1
0.358541,0.179077,0.299293,0.1,0.1,0.1
0.670556,-0.277363,0.774615,0.1,0.1,0.1
0.607307,-0.601056,0.397307,0.1,0.1,0.1
0.871990,-0.106461,0.400099,0.1,0.1,0.1
0.777686,-0.218621,0.401307,0.1,0.1,0.1
0.878099,-0.099096,0.535024,0.1,0.1,0.1
0.478549,-0.578306,0.769607,0.1,0.1,0.1
0.834027,-0.389556,0.403286,0.1,0.1,0.1
0.494549,-0.582583,0.350920,0.1,0.1,0.1
0.393922,0.001267,0.034592,0.1,0.1,0.1
0.403750,0.274616,0.343578,0.1,0.1,0.1
0.818009,-0.308373,0.674182,0.1,0.1,0.1
0.560007,-0.271433,0.309732,0.1,0.1,0.1
1.016797,0.332798,0.574615,0.1,0.1,0.1
0.839748,-0.329442,0.351572,0.1,0.1,0.1
0.948682,0.409902,0.494886,0.1,0.1,0.1
0.569007,0.143681,0.014000,0.1,0.1,0.1
0.450230,-0.495428,0.612354,0.1,0.1,0.1
0.607246,0.018315,0.637907,0.1,0.1,0.1
0.799419,-0.377905,0.519973,0.1,0.1,0.1
1.004809,0.384545,0.096049,0.1,0.1,0.1
0.906555,0.410813,0.346365,0.1,0.1,0.1
0.427177,-0.022115,0.078348,0.1,0.1,0.1
0.954040,0.200443,0.468165,0.1,0.1,0.1
0.666672,0.314156,0.627338,0.1,0.1,0.1
0.245363,-0.244254,0.379840,0.1,0.1,0.1
0.707368,-0.313267,0.401307,0.1,0.1,0.1
0.807399,0.433182,0.521097,0.1,0.1,0.1
0.638020,-0.160225,0.784615,0.1,0.1,0.1
0.802730,0.255809,0.000000,0.1,0.1,0.1
0.726938,-0.655064,0.772253,0.1,0.1,0.1
0.937691,0.199405,0.010000,0.1,0.1,0.1
0.454269,-0.567674,0.532810,0.1,0.1,0.1
0.534558,-0.593280,0.683357,0.1,0.1,0.1
0.796266,-0.492081,0.262854,0.1,0.1,0.1
0.965468,0.140805,0.072075,0.1,0.1,0.1
0.481075,-0.036524,0.062650,0.1,0.1,0.1
0.605327,-0.068291,0.774615,0.1,0.1,0.1
0.832053,-0.396943,0.326783,0.1,0.1,0.1
0.916086,-0.082622,0.004826,0.1,0.1,0.1
0.656512,-0.621743,0.541099,0.1,0.1,0.1
0.941114,0.411925,0.507751,0.1,0.1,0.1
0.575000,-0.047143,0.239629,0.1,0.1,0.1
0.607325,-0.055785,0.209393,0.1,0.1,0.1
0.739304,-0.658370,0.239006,0.1,0.1,0.1
0.683244,0.466374,0.346421,0.1,0.1,0.1
0.808570,0.437009,0.418001,0.1,0.1,0.1
0.856783,-0.172085,0.000000,0.1,0.1,0.1
0.715356,-0.444410,0.010000,0.1,0.1,0.1
0.715575,-0.477938,0.784615,0.1,0.1,0.1
0.560528,-0.585862,0.387307,0.1,0.1,0.1
0.337664,0.027426,0.052133,0.1,0.1,0.1
0.545311,-0.113222,0.014000,0.1,0.1,0.1
0.263188,-0.458420,0.010000,0.1,0.1,0.1
1.000028,0.385823,0.293206,0.1,0.1,0.1
0.884839,0.414468,0.774615,0.1,0.1,0.1
0.495110,-0.036136,0.332534,0.1,0.1,0.1
0.404571,-0.558528,0.315173,0.1,0.1,0.1
0.947649,0.218821,0.387307,0.1,0.1,0.1
0.855424,0.423251,0.784615,0.1,0.1,0.1
1.029217,0.379255,0.597551,0.1,0.1,0.1
0.990494,0.195697,0.757972,0.1,0.1,0.1
0.393382,-0.551396,0.123357,0.1,0.1,0.1
0.581535,-0.059242,0.204944,0.1,0.1,0.1
0.435839,0.394644,0.371076,0.1,0.1,0.1
0.483232,-0.579558,0.009278,0.1,0.1,0.1
0.394463,-0.132574,0.014000,0.1,0.1,0.1
0.838973,0.424741,0.690928,0.1,0.1,0.1
0.450616,-0.387376,0.014000,0.1,0.1,0.1
0.357672,-0.003533,0.346627,0.1,0.1,0.1
0.636986,-0.616523,0.492781,0.1,0.1,0.1
0.354984,0.092212,0.105174,0.1,0.1,0.1
0.916814,0.061202,0.738237,0.1,0.1,0.1
0.465266,-0.013666,0.074424,0.1,0.1,0.1
0.795882,0.036455,0.397307,0.1,0.1,0.1
0.417342,-0.015345,0.092049,0.1,0.1,0.1
0.522341,-0.396833,0.183081,0.1,0.1,0.1
1.022188,0.352963,0.540938,0.1,0.1,0.1
0.618358,0.483722,0.021533,0.1,0.1,0.1
0.831894,-0.045527,0.774615,0.1,0.1,0.1
0.411668,0.377796,0.302514,0.1,0.1,0.1
0.795514,0.068493,0.401307,0.1,0.1,0.1
0.558780,-0.089408,0.646824,0.1,0.1,0.1
0.529493,0.507480,0.054134,0.1,0.1,0.1
0.857252,-0.161586,0.510795,0.1,0.1,0.1
1.009784,0.393566,0.192526,0.1,0.1,0.1
0.627247,0.166690,0.436262,0.1,0.1,0.1
0.743520,0.450260,0.607785,0.1,0.1,0.1
0.996411,0.343442,0.504390,0.1,0.1,0.1
0.636504,0.478870,0.204478,0.1,0.1,0.1
0.592394,-0.051794,0.293929,0.1,0.1,0.1
0.732837,0.453116,0.584146,0.1,0.1,0.1
0.824694,-0.298853,0.677485,0.1,0.1,0.1
0.750256,0.035056,0.774615,0.1,0.1,0.1
0.588933,-0.163235,0.238566,0.1,0.1,0.1
0.376666,-0.546927,0.233908,0.1,0.1,0.1
0.375754,-0.008367,0.196295,0.1,0.1,0.1
0.683194,0.189339,0.040244,0.1,0.1,0.1
0.320314,-0.037472,0.385332,0.1,0.1,0.1
0.896731,0.413439,0.008884,0.1,0.1,0.1
0.383380,-0.552862,0.268669,0.1,0.1,0.1
0.596125,0.050280,0.749899,0.1,0.1,0.1
0.645254,-0.618734,0.680696,0.1,0.1,0.1
0.917350,-0.077893,0.249465,0.1,0.1,0.1
0.335122,-0.323177,0.010000,0.1,0.1,0.1
0.452271,0.456107,0.070340,0.1,0.1,0.1
0.811923,-0.433518,0.204666,0.1,0.1,0.1
0.599072,-0.125314,0.174855,0.1,0.1,0.1
0.944482,0.164692,0.524973,0.1,0.1,0.1
0.798623,-0.380884,0.762377,0.1,0.1,0.1
0.629065,0.002363,0.290872,0.1,0.1,0.1
0.893304,-0.167835,0.677308,0.1,0.1,0.1
0.806351,-0.351979,0.671706,0.1,0.1,0.1
0.401155,0.003474,0.325601,0.1,0.1,0.1
0.692847,0.412062,0.580697,0.1,0.1,0.1
0.659166,-0.088098,0.397307,0.1,0.1,0.1
0.282703,-0.178150,0.278845,0.1,0.1,0.1
0.845441,-0.129797,0.381254,0.1,0.1,0.1
0.478810,-0.035919,0.221782,0.1,0.1,0.1
0.587049,-0.060716,0.159198,0.1,0.1,0.1
0.366835,0.210102,0.067037,0.1,0.1,0.1
0.901523,0.416346,0.784615,0.1,0.1,0.1
0.291789,-0.524235,0.229892,0.1,0.1,0.1
0.759879,-0.463968,0.000000,0.1,0.1,0.1
0.347171,-0.012386,0.014000,0.1,0.1,0.1
0.374577,-0.550509,0.180134,0.1,0.1,0.1
0.928196,0.149583,0.397307,0.1,0.1,0.1
0.741765,-0.154980,0.774615,0.1,0.1,0.1
0.670641,-0.640013,0.736873,0.1,0.1,0.1
0.888062,0.350907,0.774615,0.1,0.1,0.1
0.485222,-0.364546,0.548933,0.1,0.1,0.1
0.899111,-0.107396,0.243382,0.1,0.1,0.1
0.696580,-0.089999,0.128483,0.1,0.1,0.1
0.959288,0.117690,0.283355,0.1,0.1,0.1
0.669078,-0.024087,0.401307,0.1,0.1,0.1
0.535430,-0.363361,0.240229,0.1,0.1,0.1
0.665055,-0.480651,0.397307,0.1,0.1,0.1
0.513340,-0.375864,0.010000,0.1,0.1,0.1
0.404218,0.349932,0.327624,0.1,0.1,0.1
0.679936,-0.632146,0.492624,0.1,0.1,0.1
0.592167,-0.151140,0.126386,0.1,0.1,0.1
0.552869,-0.349286,0.401307,0.1,0.1,0.1
0.516855,-0.009149,0.014000,0.1,0.1,0.1
0.996588,0.359590,0.757311,0.1,0.1,0.1
0.701313,-0.648213,0.012674,0.1,0.1,0.1
0.592018,-0.604501,0.764437,0.1,0.1,0.1
0.839770,0.035753,0.000000,0.1,0.1,0.1
0.574328,0.191225,0.010000,0.1,0.1,0.1
0.329086,-0.239462,0.010000,0.1,0.1,0.1
0.675757,-0.130500,0.387307,0.1,0.1,0.1
0.952340,0.347406,0.397307,0.1,0.1,0.1
0.760128,-0.663937,0.751787,0.1,0.1,0.1
0.942454,0.409941,0.784615,0.1,0.1,0.1
0.428521,-0.007982,0.080371,0.1,0.1,0.1
0.494298,-0.517211,0.356201,0.1,0.1,0.1
0.759807,-0.519449,0.010000,0.1,0.1,0.1
0.928008,0.400937,0.585455,0.1,0.1,0.1
0.457947,-0.546440,0.010000,0.1,0.1,0.1
0.675003,0.267037,0.010000,0.1,0.1,0.1
0.612879,-0.267407,0.397307,0.1,0.1,0.1
0.400824,0.337238,0.229587,0.1,0.1,0.1
0.238414,-0.469976,0.010000,0.1,0.1,0.1
0.618743,-0.615787,0.599967,0.1,0.1,0.1
0.817945,0.434503,0.163063,0.1,0.1,0.1
0.584457,-0.064163,0.283422,0.1,0.1,0.1
0.688840,-0.238455,0.784615,0.1,0.1,0.1
0.577602,-0.205621,0.039074,0.1,0.1,0.1
0.614080,0.489006,0.028794,0.1,0.1,0.1
0.639835,-0.423197,0.401307,0.1,0.1,0.1
0.527146,-0.581087,0.401307,0.1,0.1,0.1
0.589280,0.024678,0.508668,0.1,0.1,0.1
0.180054,-0.488541,0.021673,0.1,0.1,0.1
0.915315,0.040108,0.463735,0.1,0.1,0.1
0.539664,-0.218245,0.010000,0.1,0.1,0.1
0.531162,-0.035423,0.247608,0.1,0.1,0.1
0.368995,-0.544876,0.176288,0.1,0.1,0.1
0.340759,0.112566,0.096377,0.1,0.1,0.1
0.722528,0.449519,0.746332,0.1,0.1,0.1
1.002020,0.379909,0.628411,0.1,0.1,0.1
0.322513,-0.029244,0.070040,0.1,0.1,0.1
0.946867,0.173614,0.626296,0.1,0.1,0.1
0.922727,-0.019062,0.124977,0.1,0.1,0.1
0.746347,0.337193,0.387307,0.1,0.1,0.1
0.729237,0.055747,0.000000,0.1,0.1,0.1
0.678593,0.172131,0.315065,0.1,0.1,0.1
0.506767,-0.357522,0.753516,0.1,0.1,0.1
0.354988,-0.062339,0.010000,0.1,0.1,0.1
0.810178,0.432439,0.467492,0.1,0.1,0.1
0.256914,-0.514911,0.202517,0.1,0.1,0.1
0.706354,0.291455,0.338409,0.1,0.1,0.1
0.319343,0.032461,0.053762,0.1,0.1,0.1
0.590481,-0.061634,0.110024,0.1,0.1,0.1
1.009952,0.268479,0.779862,0.1,0.1,0.1
0.874715,-0.237365,0.103298,0.1,0.1,0.1
0.576808,-0.614927,0.296975,0.1,0.1,0.1
0.548766,0.502327,0.141956,0.1,0.1,0.1
0.506566,0.213182,0.014000,0.1,0.1,0.1
0.205142,-0.394701,0.334243,0.1,0.1,0.1
0.605846,-0.065741,0.072573,0.1,0.1,0.1
0.786092,-0.407170,0.000000,0.1,0.1,0.1
0.779708,-0.112223,0.275524,0.1,0.1,0.1
0.504490,0.518305,0.287517,0.1,0.1,0.1
0.384379,-0.006532,0.319178,0.1,0.1,0.1
0.857880,-0.300336,0.483756,0.1,0.1,0.1
0.668625,0.134847,0.149568,0.1,0.1,0.1
0.544654,-0.329536,0.387307,0.1,0.1,0.1
0.248324,-0.233180,0.338877,0.1,0.1,0.1
0.477627,0.521346,0.296612,0.1,0.1,0.1
0.990465,0.195589,0.169756,0.1,0.1,0.1
0.692463,-0.315921,0.387307,0.1,0.1,0.1
0.593335,0.247664,0.014000,0.1,0.1,0.1
0.405451,-0.554623,0.233140,0.1,0.1,0.1
0.873825,0.125172,0.397307,0.1,0.1,0.1
0.578021,-0.062443,0.202637,0.1,0.1,0.1
0.694942,-0.404340,0.000000,0.1,0.1,0.1
0.752183,-0.570078,0.537743,0.1,0.1,0.1
0.335075,-0.539948,0.334342,0.1,0.1,0.1
0.875508,0.262365,0.397307,0.1,0.1,0.1
0.645326,-0.076296,0.016858,0.1,0.1,0.1
0.264405,-0.173028,0.367070,0.1,0.1,0.1
0.682722,0.261382,0.014000,0.1,0.1,0.1
0.674169,0.171069,0.054430,0.1,0.1,0.1
0.606591,0.015865,0.561271,0.1,0.1,0.1
0.609830,0.490142,0.378430,0.1,0.1,0.1
0.248745,-0.432786,0.014000,0.1,0.1,0.1
0.772649,-0.110336,0.154569,0.1,0.1,0.1
0.972799,0.388962,0.502751,0.1,0.1,0.1
0.786381,-0.405814,0.000000,0.1,0.1,0.1
0.394971,0.315342,0.359335,0.1,0.1,0.1
0.790933,-0.299680,0.010000,0.1,0.1,0.1
0.639895,0.140435,0.431504,0.1,0.1,0.1
0.583872,-0.124639,0.784615,0.1,0.1,0.1
0.678644,0.172322,0.106002,0.1,0.1,0.1
0.461050,0.529918,0.222103,0.1,0.1,0.1
0.514792,0.104162,0.010000,0.1,0.1,0.1
0.472800,-0.493841,0.401307,0.1,0.1,0.1
0.717269,0.429846,0.633831,0.1,0.1,0.1
0.865831,-0.270595,0.025041,0.1,0.1,0.1
0.181263,-0.498827,0.225917,0.1,0.1,0.1
0.829064,-0.408122,0.641084,0.1,0.1,0.1
0.827398,0.128812,0.010000,0.1,0.1,0.1
0.640736,-0.632018,0.104577,0.1,0.1,0.1
0.939215,0.003891,0.327699,0.1,0.1,0.1
0.601955,-0.611298,0.656014,0.1,0.1,0.1
0.564027,-0.069779,0.661578,0.1,0.1,0.1
0.281884,-0.372867,0.010000,0.1,0.1,0.1
0.697631,-0.090280,0.347956,0.1,0.1,0.1
0.747145,-0.103517,0.173423,0.1,0.1,0.1
0.980976,0.401268,0.636621,0.1,0.1,0.1
0.329044,0.068748,0.254376,0.1,0.1,0.1
0.732380,-0.053554,0.000000,0.1,0.1,0.1
0.754853,0.194940,0.784615,0.1,0.1,0.1
0.560218,-0.600140,0.521455,0.1,0.1,0.1
0.414243,0.313865,0.101361,0.1,0.1,0.1
0.479790,-0.578637,0.002872,0.1,0.1,0.1
0.664233,0.231471,0.698784,0.1,0.1,0.1
0.328052,-0.008525,0.266544,0.1,0.1,0.1
0.746188,0.164403,0.397307,0.1,0.1,0.1
0.734282,0.063114,0.774615,0.1,0.1,0.1
0.621110,0.059403,0.010000,0.1,0.1,0.1
0.282576,-0.178628,0.072745,0.1,0.1,0.1
0.539697,-0.594654,0.755567,0.1,0.1,0.1
0.609731,0.101174,0.658849,0.1,0.1,0.1
0.817091,-0.327294,0.509886,0.1,0.1,0.1
0.982939,0.308538,0.469845,0.1,0.1,0.1
0.737869,0.356025,0.000000,0.1,0.1,0.1
0.383298,-0.552841,0.275089,0.1,0.1,0.1
0.934542,0.281622,0.784615,0.1,0.1,0.1
0.859786,0.067043,0.774615,0.1,0.1,0.1
0.432761,-0.019467,0.263334,0.1,0.1,0.1
0.582618,-0.000242,0.506348,0.1,0.1,0.1
0.699993,-0.471327,0.387307,0.1,0.1,0.1
0.942771,0.356129,0.401307,0.1,0.1,0.1
0.380880,0.262638,0.213539,0.1,0.1,0.1
0.731940,-0.646050,0.417032,0.1,0.1,0.1
0.762635,-0.617876,0.360650,0.1,0.1,0.1
0.757961,-0.264804,0.387307,0.1,0.1,0.1
0.954099,0.098281,0.511544,0.1,0.1,0.1
0.907918,0.269244,0.401307,0.1,0.1,0.1
0.720641,0.344897,0.280656,0.1,0.1,0.1
0.586888,0.414397,0.014000,0.1,0.1,0.1
0.434598,-0.005467,0.324046,0.1,0.1,0.1
0.494542,-0.329683,0.493180,0.1,0.1,0.1
0.220533,-0.337131,0.254212,0.1,0.1,0.1
0.672619,-0.073242,0.236005,0.1,0.1,0.1
0.684078,0.306326,0.010000,0.1,0.1,0.1
0.184601,-0.471532,0.361595,0.1,0.1,0.1
0.678552,0.467629,0.187599,0.1,0.1,0.1
0.965912,0.103748,0.622417,0.1,0.1,0.1
0.214123,-0.434671,0.189142,0.1,0.1,0.1
0.872487,-0.245702,0.587099,0.1,0.1,0.1
0.818214,-0.409987,0.755699,0.1,0.1,0.1
0.735466,0.384858,0.261435,0.1,0.1,0.1
0.806116,-0.375088,0.784615,0.1,0.1,0.1
0.931263,-0.025852,0.297950,0.1,0.1,0.1
0.680753,0.275790,0.397307,0.1,0.1,0.1
0.843790,0.187728,0.397307,0.1,0.1,0.1
0.356529,0.011265,0.308686,0.1,0.1,0.1
0.724355,0.456354,0.491783,0.1,0.1,0.1
0.820545,0.369505,0.010000,0.1,0.1,0.1
1.007628,0.394143,0.114264,0.1,0.1,0.1
0.454110,-0.480918,0.648812,0.1,0.1,0.1
0.293890,-0.062743,0.126366,0.1,0.1,0.1
0.605502,-0.192154,0.397307,0.1,0.1,0.1
0.974522,0.402993,0.738969,0.1,0.1,0.1
0.640088,-0.621493,0.551934,0.1,0.1,0.1
0.564172,-0.054600,0.242757,0.1,0.1,0.1
0.430309,-0.018812,0.183079,0.1,0.1,0.1
0.937396,0.035805,0.671597,0.1,0.1,0.1
0.806570,-0.405096,0.000000,0.1,0.1,0.1
0.911204,0.419921,0.130086,0.1,0.1,0.1
0.617622,0.052313,0.397307,0.1,0.1,0.1
0.846646,-0.201258,0.628415,0.1,0.1,0.1
0.732648,-0.656590,0.489393,0.1,0.1,0.1
0.745445,0.437672,0.111777,0.1,0.1,0.1
0.698616,0.141318,0.397307,0.1,0.1,0.1
0.890828,-0.051485,0.418179,0.1,0.1,0.1
0.738657,-0.277679,0.000000,0.1,0.1,0.1
0.481672,0.503923,0.010000,0.1,0.1,0.1
0.580999,-0.192789,0.784615,0.1,0.1,0.1
0.507177,-0.469040,0.183848,0.1,0.1,0.1
0.986979,0.389312,0.658420,0.1,0.1,0.1
0.374728,0.239626,0.326572,0.1,0.1,0.1
0.945574,0.027676,0.267600,0.1,0.1,0.1
0.587010,0.016187,0.649802,0.1,0.1,0.1
0.485758,-0.033636,0.143123,0.1,0.1,0.1
0.640591,0.477778,0.133218,0.1,0.1,0.1
0.614323,0.484800,0.313891,0.1,0.1,0.1
0.772709,0.446597,0.039395,0.1,0.1,0.1
0.836491,-0.380341,0.107212,0.1,0.1,0.1
0.687577,-0.634189,0.335143,0.1,0.1,0.1
0.624494,-0.343112,0.010000,0.1,0.1,0.1
0.639722,-0.064447,0.150195,0.1,0.1,0.1
0.861994,-0.143848,0.452882,0.1,0.1,0.1
0.610332,-0.066941,0.062879,0.1,0.1,0.1
0.879340,-0.094454,0.571052,0.1,0.1,0.1
0.285916,-0.092571,0.197454,0.1,0.1,0.1
0.999733,0.371355,0.524531,0.1,0.1,0.1
0.536701,-0.589712,0.490119,0.1,0.1,0.1
0.839747,0.387762,0.401307,0.1,0.1,0.1
0.528383,0.036643,0.014000,0.1,0.1,0.1
0.198767,-0.418544,0.045640,0.1,0.1,0.1
0.538619,-0.164816,0.743886,0.1,0.1,0.1
0.840284,-0.118067,0.260095,0.1,0.1,0.1
0.287981,-0.527358,0.319628,0.1,0.1,0.1
0.614092,-0.053643,0.311025,0.1,0.1,0.1
0.627846,-0.618220,0.678880,0.1,0.1,0.1
0.512306,-0.449856,0.341768,0.1,0.1,0.1
0.606519,-0.051429,0.328048,0.1,0.1,0.1
0.976825,0.285668,0.543489,0.1,0.1,0.1
0.674745,0.344354,0.498248,0.1,0.1,0.1
0.569479,-0.236001,0.286119,0.1,0.1,0.1
0.615548,-0.068335,0.137503,0.1,0.1,0.1
0.692815,-0.518820,0.401307,0.1,0.1,0.1
0.302222,-0.031579,0.220580,0.1,0.1,0.1
0.347242,0.003396,0.375730,0.1,0.1,0.1
0.418329,0.402713,0.179047,0.1,0.1,0.1
0.489044,0.360125,0.014000,0.1,0.1,0.1
0.778039,-0.473366,0.760910,0.1,0.1,0.1
0.420782,-0.311266,0.014000,0.1,0.1,0.1
0.800910,-0.513430,0.576411,0.1,0.1,0.1
0.844594,-0.350031,0.191244,0.1,0.1,0.1
0.813328,-0.428265,0.400484,0.1,0.1,0.1
0.563288,-0.515757,0.401307,0.1,0.1,0.1
0.985027,0.300860,0.479071,0.1,0.1,0.1
0.789509,-0.517356,0.387701,0.1,0.1,0.1
0.653717,0.107456,0.010000,0.1,0.1,0.1
0.936203,0.118237,0.618315,0.1,0.1,0.1
0.532129,-0.360222,0.056888,0.1,0.1,0.1
0.797771,-0.525169,0.664685,0.1,0.1,0.1
0.753408,0.451757,0.418350,0.1,0.1,0.1
0.541443,-0.450780,0.000000,0.1,0.1,0.1
0.966656,0.285015,0.000000,0.1,0.1,0.1
0.959820,0.222062,0.657812,0.1,0.1,0.1
0.484261,-0.579833,0.523618,0.1,0.1,0.1
0.268290,-0.280239,0.010000,0.1,0.1,0.1
0.647042,-0.552722,0.397307,0.1,0.1,0.1
0.440748,0.413004,0.215969,0.1,0.1,0.1
0.804462,0.438107,0.400007,0.1,0.1,0.1
0.948112,0.075887,0.260501,0.1,0.1,0.1
0.418336,0.104676,0.010000,0.1,0.1,0.1
0.536928,-0.342270,0.253003,0.1,0.1,0.1
0.325226,0.054466,0.012040,0.1,0.1,0.1
0.776964,-0.564803,0.010000,0.1,0.1,0.1
0.233714,-0.287829,0.098852,0.1,0.1,0.1
0.871038,0.430660,0.329289,0.1,0.1,0.1
0.452878,-0.571443,0.157950,0.1,0.1,0.1
0.563735,-0.611431,0.619950,0.1,0.1,0.1
0.782139,-0.544925,0.442976,0.1,0.1,0.1
0.968165,0.150893,0.580785,0.1,0.1,0.1
0.671010,-0.209469,0.387307,0.1,0.1,0.1
0.656338,-0.220280,0.010000,0.1,0.1,0.1
0.711560,-0.627180,0.387307,0.1,0.1,0.1
0.445049,-0.065541,0.014000,0.1,0.1,0.1
0.698381,0.291837,0.784615,0.1,0.1,0.1
0.640459,-0.617452,0.693336,0.1,0.1,0.1
0.708248,-0.037776,0.784615,0.1,0.1,0.1
0.822315,-0.292266,0.538159,0.1,0.1,0.1
0.637997,-0.045966,0.010000,0.1,0.1,0.1
0.524639,-0.217109,0.429578,0.1,0.1,0.1
1.028370,0.376086,0.511540,0.1,0.1,0.1
0.841638,-0.235478,0.689877,0.1,0.1,0.1
0.748561,0.394504,0.397307,0.1,0.1,0.1
0.474771,0.522109,0.142861,0.1,0.1,0.1
0.730477,0.381685,0.010842,0.1,0.1,0.1
0.602252,-0.621729,0.611703,0.1,0.1,0.1
0.844676,-0.349726,0.633640,0.1,0.1,0.1
0.679529,0.288683,0.675951,0.1,0.1,0.1
0.356684,-0.545725,0.286369,0.1,0.1,0.1
0.669100,0.152110,0.159804,0.1,0.1,0.1
0.806043,0.437685,0.501763,0.1,0.1,0.1
0.572164,-0.210473,0.194826,0.1,0.1,0.1
0.662554,-0.627499,0.535119,0.1,0.1,0.1
0.879482,-0.078436,0.400983,0.1,0.1,0.1
0.771806,-0.583573,0.186030,0.1,0.1,0.1
0.758732,-0.545579,0.408630,0.1,0.1,0.1
0.650951,0.479149,0.339532,0.1,0.1,0.1
0.608672,-0.608954,0.626684,0.1,0.1,0.1
0.498150,-0.487316,0.170577,0.1,0.1,0.1
0.373907,-0.406078,0.014000,0.1,0.1,0.1
0.846342,-0.343494,0.174092,0.1,0.1,0.1
0.443881,-0.022440,0.066720,0.1,0.1,0.1
0.679639,0.266033,0.010000,0.1,0.1,0.1
0.793407,0.451414,0.651370,0.1,0.1,0.1
0.557092,0.408769,0.010000,0.1,0.1,0.1
0.438916,-0.006621,0.102546,0.1,0.1,0.1
0.695121,0.249438,0.033332,0.1,0.1,0.1
0.825501,0.232225,0.397307,0.1,0.1,0.1
0.557650,-0.167198,0.783912,0.1,0.1,0.1
0.985604,0.400031,0.356013,0.1,0.1,0.1
0.429652,-0.138716,0.010000,0.1,0.1,0.1
0.862695,-0.282326,0.523392,0.1,0.1,0.1
0.353293,0.085886,0.117377,0.1,0.1,0.1
0.731177,0.047416,0.387307,0.1,0.1,0.1
0.783158,-0.450834,0.784615,0.1,0.1,0.1
0.595013,-0.551409,0.010000,0.1,0.1,0.1
0.954619,0.202610,0.653999,0.1,0.1,0.1
0.555874,-0.609330,0.428176,0.1,0.1,0.1
0.562198,0.498736,0.206319,0.1,0.1,0.1
0.526751,-0.048736,0.231188,0.1,0.1,0.1
0.669227,-0.294443,0.774615,0.1,0.1,0.1
0.925214,0.077135,0.459185,0.1,0.1,0.1
0.707300,0.279508,0.030663,0.1,0.1,0.1
0.810658,-0.335868,0.630054,0.1,0.1,0.1
1.011908,0.275794,0.535191,0.1,0.1,0.1
0.617825,-0.615541,0.017721,0.1,0.1,0.1
0.601725,0.071226,0.590095,0.1,0.1,0.1
0.807389,-0.396500,0.774615,0.1,0.1,0.1
0.507097,-0.469338,0.042316,0.1,0.1,0.1
0.941454,0.137879,0.549339,0.1,0.1,0.1
0.917811,-0.030074,0.774615,0.1,0.1,0.1
0.954220,0.132096,0.000000,0.1,0.1,0.1
0.682930,0.188353,0.064022,0.1,0.1,0.1
0.754196,0.451546,0.707601,0.1,0.1,0.1
0.272613,-0.142328,0.299319,0.1,0.1,0.1
0.251470,-0.221411,0.381855,0.1,0.1,0.1
0.978963,0.191282,0.727726,0.1,0.1,0.1
0.387110,0.007229,0.195298,0.1,0.1,0.1
0.663015,0.113862,0.230644,0.1,0.1,0.1
0.362499,-0.000683,0.185724,0.1,0.1,0.1
0.235531,-0.354594,0.047734,0.1,0.1,0.1
0.888461,-0.060337,0.726305,0.1,0.1,0.1
0.769683,0.447406,0.214597,0.1,0.1,0.1
0.679090,-0.629834,0.774615,0.1,0.1,0.1
0.675163,0.174787,0.266062,0.1,0.1,0.1
0.898948,0.412847,0.047009,0.1,0.1,0.1
0.871790,-0.112707,0.000000,0.1,0.1,0.1
0.666959,-0.242969,0.784615,0.1,0.1,0.1
0.562401,-0.058267,0.169916,0.1,0.1,0.1
0.852356,-0.282280,0.055154,0.1,0.1,0.1
0.752730,0.449437,0.372273,0.1,0.1,0.1
0.264530,-0.172562,0.235131,0.1,0.1,0.1
0.465906,-0.028328,0.046729,0.1,0.1,0.1
0.517344,-0.431011,0.137428,0.1,0.1,0.1
0.530409,-0.049714,0.280364,0.1,0.1,0.1
0.209942,-0.506494,0.365427,0.1,0.1,0.1
0.537596,-0.168642,0.639056,0.1,0.1,0.1
0.291524,-0.071594,0.248913,0.1,0.1,0.1
0.607287,-0.608583,0.417081,0.1,0.1,0.1
0.777437,-0.601228,0.543356,0.1,0.1,0.1
0.644397,0.230837,0.500919,0.1,0.1,0.1
1.011921,0.392995,0.039687,0.1,0.1,0.1
0.792016,-0.421082,0.716847,0.1,0.1,0.1
0.860195,-0.291679,0.094173,0.1,0.1,0.1
0.653041,0.169815,0.397307,0.1,0.1,0.1
0.718585,0.430527,0.010000,0.1,0.1,0.1
0.618455,0.026636,0.784615,0.1,0.1,0.1
0.677889,-0.579609,0.401307,0.1,0.1,0.1
0.796214,-0.006906,0.774615,0.1,0.1,0.1
0.704304,-0.649012,0.308081,0.1,0.1,0.1
0.832376,0.348299,0.774615,0.1,0.1,0.1
0.521504,-0.285964,0.397307,0.1,0.1,0.1
0.494291,-0.330622,0.715602,0.1,0.1,0.1
0.899273,-0.003100,0.784615,0.1,0.1,0.1
0.687946,0.393732,0.706795,0.1,0.1,0.1
0.787041,-0.526589,0.542706,0.1,0.1,0.1
0.378152,-0.004868,0.133526,0.1,0.1,0.1
0.368961,-0.549008,0.155434,0.1,0.1,0.1
0.800193,0.439249,0.508478,0.1,0.1,0.1
0.815760,0.263775,0.774615,0.1,0.1,0.1
0.668379,0.246976,0.446040,0.1,0.1,0.1
0.547965,0.502541,0.011316,0.1,0.1,0.1
0.697819,0.466618,0.138438,0.1,0.1,0.1
0.535501,0.254010,0.014000,0.1,0.1,0.1
0.644345,-0.586455,0.774615,0.1,0.1,0.1
0.587465,0.367242,0.014000,0.1,0.1,0.1
0.608973,0.098339,0.708807,0.1,0.1,0.1
0.614028,-0.011153,0.010000,0.1,0.1,0.1
0.851836,-0.181846,0.510797,0.1,0.1,0.1
0.998630,0.396548,0.306611,0.1,0.1,0.1
0.312156,-0.067984,0.386542,0.1,0.1,0.1
0.247276,-0.310662,0.115789,0.1,0.1,0.1
0.460801,-0.529454,0.004237,0.1,0.1,0.1
0.508187,0.474138,0.010000,0.1,0.1,0.1
0.956446,0.278050,0.401307,0.1,0.1,0.1
0.540636,-0.539598,0.387307,0.1,0.1,0.1
0.594154,-0.126543,0.397307,0.1,0.1,0.1
0.339614,0.001295,0.042476,0.1,0.1,0.1
0.919804,-0.029998,0.402386,0.1,0.1,0.1
0.772815,-0.161914,0.397307,0.1,0.1,0.1
0.617091,-0.042428,0.106668,0.1,0.1,0.1
0.662154,-0.291426,0.397307,0.1,0.1,0.1
0.999998,0.385831,0.608790,0.1,0.1,0.1
0.447800,-0.323052,0.014000,0.1,0.1,0.1
0.730542,-0.231779,0.774615,0.1,0.1,0.1
0.743721,-0.541790,0.387307,0.1,0.1,0.1
0.810992,-0.475717,0.416369,0.1,0.1,0.1
0.714979,0.380016,0.014000,0.1,0.1,0.1
0.416137,-0.004671,0.034165,0.1,0.1,0.1
0.828130,0.442131,0.455523,0.1,0.1,0.1
0.949930,0.243475,0.000000,0.1,0.1,0.1
0.743149,0.301740,0.397307,0.1,0.1,0.1
0.226883,-0.511023,0.310551,0.1,0.1,0.1
0.655711,-0.181732,0.010000,0.1,0.1,0.1
0.992066,0.327190,0.619738,0.1,0.1,0.1
0.675523,0.017541,0.397307,0.1,0.1,0.1
0.333707,0.086189,0.357981,0.1,0.1,0.1
0.448149,0.440687,0.090388,0.1,0.1,0.1
0.408789,-0.013058,0.192205,0.1,0.1,0.1
0.470958,0.523129,0.277758,0.1,0.1,0.1
1.020829,0.313145,0.010000,0.1,0.1,0.1
0.888994,0.317308,0.784615,0.1,0.1,0.1
0.646019,0.050289,0.307239,0.1,0.1,0.1
0.878769,0.418241,0.629257,0.1,0.1,0.1
0.575612,0.399713,0.014000,0.1,0.1,0.1
0.407821,-0.002448,0.052384,0.1,0.1,0.1
0.200667,-0.411436,0.250143,0.1,0.1,0.1
0.707860,0.394652,0.503491,0.1,0.1,0.1
0.190087,-0.501186,0.095690,0.1,0.1,0.1
0.493305,-0.035654,0.026794,0.1,0.1,0.1
0.605123,0.487260,0.214750,0.1,0.1,0.1
0.887049,0.339437,0.397307,0.1,0.1,0.1
0.618493,-0.243230,0.010000,0.1,0.1,0.1
0.286433,-0.090637,0.348458,0.1,0.1,0.1
0.621354,-0.616485,0.006561,0.1,0.1,0.1
0.648243,-0.504486,0.784615,0.1,0.1,0.1
0.284633,-0.522322,0.112439,0.1,0.1,0.1
0.548780,-0.297938,0.327997,0.1,0.1,0.1
0.703204,-0.479787,0.401307,0.1,0.1,0.1
0.910337,0.128645,0.784615,0.1,0.1,0.1
0.583103,-0.049310,0.052668,0.1,0.1,0.1
0.420698,-0.160822,0.010000,0.1,0.1,0.1
0.816056,-0.418060,0.618338,0.1,0.1,0.1
0.596165,0.489655,0.333825,0.1,0.1,0.1
0.751123,0.452368,0.145502,0.1,0.1,0.1
0.523951,-0.590444,0.424513,0.1,0.1,0.1
0.719014,0.338811,0.251329,0.1,0.1,0.1
0.383136,0.042929,0.010000,0.1,0.1,0.1
0.619250,0.195628,0.014000,0.1,0.1,0.1
0.717384,0.430279,0.710640,0.1,0.1,0.1
0.976731,0.269828,0.542221,0.1,0.1,0.1
0.537185,0.505423,0.376283,0.1,0.1,0.1
0.994215,0.350713,0.526153,0.1,0.1,0.1
0.380121,0.186233,0.276827,0.1,0.1,0.1
0.648456,-0.435552,0.010000,0.1,0.1,0.1
0.788256,-0.435147,0.503128,0.1,0.1,0.1
0.777502,0.159203,0.397307,0.1,0.1,0.1
0.575485,-0.550358,0.397307,0.1,0.1,0.1
0.874328,-0.200096,0.041429,0.1,0.1,0.1
1.021505,0.390432,0.593074,0.1,0.1,0.1
0.245402,-0.244111,0.320083,0.1,0.1,0.1
0.314722,-0.128561,0.010000,0.1,0.1,0.1
0.792648,0.451617,0.146432,0.1,0.1,0.1
0.638401,-0.631393,0.452614,0.1,0.1,0.1
0.543274,-0.318533,0.147709,0.1,0.1,0.1
0.440504,0.412093,0.167885,0.1,0.1,0.1
0.548960,-0.518106,0.387307,0.1,0.1,0.1
1.023053,0.317482,0.295935,0.1,0.1,0.1
0.255879,-0.204921,0.164261,0.1,0.1,0.1
0.821865,0.117799,0.401307,0.1,0.1,0.1
0.247322,-0.236927,0.294343,0.1,0.1,0.1
0.734842,-0.619450,0.691691,0.1,0.1,0.1
0.784042,-0.078705,0.397307,0.1,0.1,0.1
0.781603,0.140228,0.010000,0.1,0.1,0.1
0.400665,0.003605,0.213799,0.1,0.1,0.1
0.676856,-0.212641,0.397307,0.1,0.1,0.1
0.688530,0.224787,0.262497,0.1,0.1,0.1
0.659293,0.099940,0.200900,0.1,0.1,0.1
0.721490,0.358379,0.010000,0.1,0.1,0.1
0.784489,0.443447,0.735238,0.1,0.1,0.1
0.932225,0.253784,0.397307,0.1,0.1,0.1
0.755339,0.231832,0.774615,0.1,0.1,0.1
0.871381,0.430568,0.257212,0.1,0.1,0.1
0.852233,0.056542,0.387307,0.1,0.1,0.1
0.638119,-0.340726,0.397307,0.1,0.1,0.1
0.868775,-0.220866,0.320481,0.1,0.1,0.1
0.564336,0.502305,0.174522,0.1,0.1,0.1
0.425408,0.355625,0.253113,0.1,0.1,0.1
0.409285,0.295318,0.193391,0.1,0.1,0.1
0.522307,0.033584,0.010000,0.1,0.1,0.1
0.392972,-0.008830,0.242714,0.1,0.1,0.1
0.633362,-0.250746,0.397307,0.1,0.1,0.1
0.225828,-0.510741,0.192636,0.1,0.1,0.1
0.901186,-0.134349,0.384203,0.1,0.1,0.1
0.578977,-0.044066,0.317177,0.1,0.1,0.1
0.581123,-0.605729,0.411644,0.1,0.1,0.1
0.939980,0.006753,0.672577,0.1,0.1,0.1
0.491348,-0.577587,0.560865,0.1,0.1,0.1
0.843053,0.438141,0.248120,0.1,0.1,0.1
0.365789,0.206190,0.309852,0.1,0.1,0.1
0.489874,-0.006547,0.010000,0.1,0.1,0.1
0.538401,-0.352247,0.329225,0.1,0.1,0.1
0.605609,0.487130,0.259580,0.1,0.1,0.1
0.934309,0.126640,0.649642,0.1,0.1,0.1
0.599842,-0.106945,0.035752,0.1,0.1,0.1
0.203085,-0.402394,0.239100,0.1,0.1,0.1
0.997191,0.361845,0.644338,0.1,0.1,0.1
0.390502,0.006322,0.128297,0.1,0.1,0.1
0.967397,0.290328,0.397307,0.1,0.1,0.1
0.732106,0.035802,0.397307,0.1,0.1,0.1
0.930261,0.261530,0.397307,0.1,0.1,0.1
0.199319,-0.490044,0.074142,0.1,0.1,0.1
0.661522,-0.623083,0.412347,0.1,0.1,0.1
0.910863,0.023456,0.453773,0.1,0.1,0.1
0.564636,-0.611672,0.051537,0.1,0.1,0.1
0.921287,-0.024449,0.574802,0.1,0.1,0.1
0.593913,-0.052200,0.268985,0.1,0.1,0.1
0.778243,0.084858,0.397307,0.1,0.1,0.1
0.928398,-0.036568,0.324302,0.1,0.1,0.1
0.861130,-0.106579,0.774615,0.1,0.1,0.1
0.465732,-0.033304,0.014000,0.1,0.1,0.1
0.853837,-0.315458,0.244036,0.1,0.1,0.1
0.369056,0.144845,0.374442,0.1,0.1,0.1
0.850341,-0.289817,0.603906,0.1,0.1,0.1
0.456324,-0.568223,0.096614,0.1,0.1,0.1
0.382696,0.008409,0.141041,0.1,0.1,0.1
0.825693,0.428291,0.669707,0.1,0.1,0.1
0.280023,-0.114611,0.307089,0.1,0.1,0.1
0.246856,-0.238670,0.065604,0.1,0.1,0.1
0.680160,-0.146013,0.397307,0.1,0.1,0.1
0.999471,0.267993,0.363377,0.1,0.1,0.1
0.920204,0.058395,0.750001,0.1,0.1,0.1
0.726163,0.282075,0.000000,0.1,0.1,0.1
0.732326,0.275656,0.000000,0.1,0.1,0.1
0.948031,0.177967,0.750252,0.1,0.1,0.1
0.309340,-0.066740,0.010000,0.1,0.1,0.1
0.388501,0.168776,0.010000,0.1,0.1,0.1
0.890674,-0.017520,0.397307,0.1,0.1,0.1
0.335706,-0.540117,0.061388,0.1,0.1,0.1
0.908225,-0.073308,0.362172,0.1,0.1,0.1
0.499568,-0.026977,0.052932,0.1,0.1,0.1
0.992061,0.342656,0.462187,0.1,0.1,0.1
0.988685,0.227648,0.587602,0.1,0.1,0.1
0.289251,-0.527697,0.342221,0.1,0.1,0.1
0.636228,0.110096,0.014000,0.1,0.1,0.1
0.531991,-0.376226,0.122025,0.1,0.1,0.1
0.718039,0.335161,0.073646,0.1,0.1,0.1
0.936030,0.133078,0.622342,0.1,0.1,0.1
0.205871,-0.438661,0.387307,0.1,0.1,0.1
0.543433,-0.464441,0.000000,0.1,0.1,0.1
0.776900,0.440338,0.387307,0.1,0.1,0.1
0.725229,0.459290,0.151589,0.1,0.1,0.1
0.311026,0.001354,0.121023,0.1,0.1,0.1
0.509373,0.295019,0.014000,0.1,0.1,0.1
0.431107,0.170689,0.014000,0.1,0.1,0.1
0.524997,-0.386896,0.153267,0.1,0.1,0.1
0.682987,-0.323650,0.000000,0.1,0.1,0.1
0.919049,-0.071539,0.461626,0.1,0.1,0.1
0.582545,-0.171643,0.027962,0.1,0.1,0.1
0.575153,0.495272,0.204870,0.1,0.1,0.1
0.918977,0.403352,0.689125,0.1,0.1,0.1
0.840121,-0.328045,0.217427,0.1,0.1,0.1
0.575920,0.495067,0.285708,0.1,0.1,0.1
0.962908,0.092514,0.143925,0.1,0.1,0.1
0.487290,-0.580643,0.607769,0.1,0.1,0.1
0.873833,-0.201949,0.387659,0.1,0.1,0.1
0.844588,0.138826,0.387307,0.1,0.1,0.1
0.984299,0.172523,0.639775,0.1,0.1,0.1
0.902401,0.316433,0.401307,0.1,0.1,0.1
0.449009,-0.573559,0.732016,0.1,0.1,0.1
0.919027,0.251011,0.774615,0.1,0.1,0.1
0.538945,-0.163596,0.651793,0.1,0.1,0.1
0.537206,-0.047390,0.021988,0.1,0.1,0.1
0.312177,-0.322431,0.014000,0.1,0.1,0.1
0.621445,-0.626860,0.080264,0.1,0.1,0.1
0.786788,0.438692,0.449229,0.1,0.1,0.1
0.868290,-0.261398,0.138822,0.1,0.1,0.1
0.719336,0.324529,0.038650,0.1,0.1,0.1
0.697461,-0.056728,0.401307,0.1,0.1,0.1
0.558744,-0.053149,0.130668,0.1,0.1,0.1
0.435789,0.394455,0.354610,0.1,0.1,0.1
0.430030,-0.561194,0.118319,0.1,0.1,0.1
0.711397,0.294833,0.172428,0.1,0.1,0.1
0.989526,0.199942,0.784615,0.1,0.1,0.1
0.482057,-0.002147,0.010000,0.1,0.1,0.1
0.927360,-0.001733,0.204569,0.1,0.1,0.1
0.347905,-0.000921,0.099754,0.1,0.1,0.1
0.524135,0.508912,0.236429,0.1,0.1,0.1
0.649536,0.176496,0.466834,0.1,0.1,0.1
0.847134,0.426699,0.083408,0.1,0.1,0.1
0.907721,-0.075191,0.126732,0.1,0.1,0.1
0.936807,0.033601,0.463466,0.1,0.1,0.1
0.525074,-0.402098,0.146439,0.1,0.1,0.1
0.733461,0.317321,0.000000,0.1,0.1,0.1
0.512994,-0.045058,0.041808,0.1,0.1,0.1
0.623263,0.482080,0.010000,0.1,0.1,0.1
0.751051,-0.592309,0.010000,0.1,0.1,0.1
0.632691,0.479890,0.351111,0.1,0.1,0.1
0.642864,0.151539,0.623865,0.1,0.1,0.1
0.966340,0.394830,0.566472,0.1,0.1,0.1
0.340843,0.100359,0.387307,0.1,0.1,0.1
0.724060,-0.478520,0.784615,0.1,0.1,0.1
0.848771,-0.208795,0.564755,0.1,0.1,0.1
0.577732,-0.058225,0.363760,0.1,0.1,0.1
0.631800,-0.506521,0.397307,0.1,0.1,0.1
0.768348,-0.494126,0.653359,0.1,0.1,0.1
0.906793,0.406609,0.564920,0.1,0.1,0.1
0.292396,-0.068330,0.354645,0.1,0.1,0.1
0.693096,0.241866,0.280221,0.1,0.1,0.1
0.559468,-0.042991,0.051180,0.1,0.1,0.1
0.417109,-0.019423,0.110697,0.1,0.1,0.1
0.479478,0.153941,0.014000,0.1,0.1,0.1
0.706558,0.276733,0.359264,0.1,0.1,0.1
0.252316,-0.513682,0.080050,0.1,0.1,0.1
0.499509,-0.497723,0.268634,0.1,0.1,0.1
0.782138,-0.544925,0.420969,0.1,0.1,0.1
0.754943,-0.652200,0.447310,0.1,0.1,0.1
0.426869,-0.564489,0.066986,0.1,0.1,0.1
0.718268,-0.095797,0.151489,0.1,0.1,0.1
0.659988,-0.637164,0.721864,0.1,0.1,0.1
0.449650,0.204686,0.010000,0.1,0.1,0.1
0.918733,-0.009797,0.784615,0.1,0.1,0.1
0.423768,0.423055,0.375350,0.1,0.1,0.1
0.778820,-0.464809,0.397307,0.1,0.1,0.1
0.947469,0.410226,0.542116,0.1,0.1,0.1
0.299550,-0.483477,0.010000,0.1,0.1,0.1
0.406458,0.002057,0.012501,0.1,0.1,0.1
0.744161,0.450088,0.290281,0.1,0.1,0.1
0.456524,-0.568277,0.411403,0.1,0.1,0.1
0.905712,0.411038,0.768219,0.1,0.1,0.1
0.580317,-0.058916,0.159539,0.1,0.1,0.1
0.710083,0.305404,0.172323,0.1,0.1,0.1
0.708373,0.353182,0.397307,0.1,0.1,0.1
0.762873,-0.655704,0.450708,0.1,0.1,0.1
0.807863,-0.476896,0.010000,0.1,0.1,0.1
0.713397,0.317800,0.184556,0.1,0.1,0.1
0.760098,-0.663929,0.524204,0.1,0.1,0.1
0.631855,0.110361,0.640146,0.1,0.1,0.1
0.636317,0.013999,0.373400,0.1,0.1,0.1
0.899033,-0.146408,0.325072,0.1,0.1,0.1
0.331798,-0.017691,0.010000,0.1,0.1,0.1
0.580765,-0.210623,0.387307,0.1,0.1,0.1
0.536546,-0.476137,0.784615,0.1,0.1,0.1
0.799299,-0.480738,0.481149,0.1,0.1,0.1
0.754589,-0.034161,0.401307,0.1,0.1,0.1
0.603430,0.077606,0.417174,0.1,0.1,0.1
0.920273,-0.066961,0.741401,0.1,0.1,0.1
0.806530,0.340342,0.774615,0.1,0.1,0.1
0.756067,0.451046,0.706509,0.1,0.1,0.1
0.493050,-0.521882,0.255116,0.1,0.1,0.1
0.523643,-0.590362,0.736002,0.1,0.1,0.1
0.624546,-0.014541,0.347127,0.1,0.1,0.1
0.701052,0.369189,0.721696,0.1,0.1,0.1
0.982591,0.390485,0.683378,0.1,0.1,0.1
0.764007,0.377871,0.401307,0.1,0.1,0.1
0.546131,0.503031,0.227812,0.1,0.1,0.1
0.380314,-0.005445,0.240668,0.1,0.1,0.1
0.676250,-0.149478,0.387307,0.1,0.1,0.1
0.850344,-0.289807,0.216940,0.1,0.1,0.1
0.873523,0.307078,0.387307,0.1,0.1,0.1
0.895583,0.020408,0.774615,0.1,0.1,0.1
0.561987,0.498792,0.030966,0.1,0.1,0.1
0.661272,-0.623016,0.649927,0.1,0.1,0.1
0.950503,0.084830,0.130099,0.1,0.1,0.1
0.579356,-0.605256,0.606707,0.1,0.1,0.1
0.765348,-0.568830,0.774615,0.1,0.1,0.1
0.575450,-0.362569,0.000000,0.1,0.1,0.1
0.833185,0.233792,0.397307,0.1,0.1,0.1
0.734088,0.254350,0.387307,0.1,0.1,0.1
0.513879,-0.041154,0.132697,0.1,0.1,0.1
0.608475,-0.074655,0.321945,0.1,0.1,0.1
0.407201,-0.247807,0.014000,0.1,0.1,0.1
0.465456,-0.512043,0.616990,0.1,0.1,0.1
0.554371,-0.037488,0.242894,0.1,0.1,0.1
0.863495,-0.138233,0.521372,0.1,0.1,0.1
0.605585,-0.069812,0.193584,0.1,0.1,0.1
0.715492,-0.652003,0.208895,0.1,0.1,0.1
0.776385,0.013388,0.000000,0.1,0.1,0.1
0.931146,-0.005832,0.784615,0.1,0.1,0.1
0.931521,-0.024888,0.236500,0.1,0.1,0.1
0.766315,0.190979,0.000000,0.1,0.1,0.1
0.684437,-0.293284,0.010000,0.1,0.1,0.1
0.504292,-0.366777,0.752316,0.1,0.1,0.1
0.809063,0.436877,0.563656,0.1,0.1,0.1
0.667117,0.474827,0.154009,0.1,0.1,0.1
0.638183,-0.114944,0.387307,0.1,0.1,0.1
0.673925,-0.058726,0.000000,0.1,0.1,0.1
0.602619,-0.112045,0.246811,0.1,0.1,0.1
0.498190,-0.502655,0.116775,0.1,0.1,0.1
0.837922,0.429162,0.450795,0.1,0.1,0.1
0.375231,-0.408406,0.010000,0.1,0.1,0.1
0.367964,0.140760,0.119904,0.1,0.1,0.1
0.627525,-0.478149,0.784615,0.1,0.1,0.1
0.586226,0.118501,0.014000,0.1,0.1,0.1
0.283318,-0.310111,0.014000,0.1,0.1,0.1
0.903695,-0.128968,0.354254,0.1,0.1,0.1
0.480778,-0.574761,0.712514,0.1,0.1,0.1
0.795943,0.440385,0.585050,0.1,0.1,0.1
0.739073,-0.091008,0.357718,0.1,0.1,0.1
0.883269,0.417038,0.403369,0.1,0.1,0.1
1.010139,0.307896,0.129927,0.1,0.1,0.1
0.954419,0.227698,0.774615,0.1,0.1,0.1
0.508548,-0.009365,0.014000,0.1,0.1,0.1
0.635474,-0.073662,0.230109,0.1,0.1,0.1
0.416535,-0.004778,0.033466,0.1,0.1,0.1
0.580021,0.056344,0.014000,0.1,0.1,0.1
0.928320,0.153449,0.387307,0.1,0.1,0.1
0.928451,-0.036369,0.246771,0.1,0.1,0.1
0.775681,0.445802,0.223491,0.1,0.1,0.1
0.560006,-0.382408,0.000000,0.1,0.1,0.1
0.359107,0.107633,0.220616,0.1,0.1,0.1
0.964924,0.225668,0.580029,0.1,0.1,0.1
0.899145,-0.004889,0.434177,0.1,0.1,0.1
0.447249,-0.008849,0.038982,0.1,0.1,0.1
0.776241,-0.605702,0.626883,0.1,0.1,0.1
0.375334,0.166842,0.014000,0.1,0.1,0.1
0.324376,-0.022278,0.299356,0.1,0.1,0.1
0.624197,-0.013011,0.010000,0.1,0.1,0.1
0.870013,0.290132,0.397307,0.1,0.1,0.1
0.749377,0.452379,0.175023,0.1,0.1,0.1
0.230984,-0.298040,0.025745,0.1,0.1,0.1
0.844734,-0.349511,0.146020,0.1,0.1,0.1
0.617704,-0.058560,0.354658,0.1,0.1,0.1
0.319037,0.010937,0.337757,0.1,0.1,0.1
0.792618,-0.544444,0.386620,0.1,0.1,0.1
0.672812,0.150508,0.319528,0.1,0.1,0.1
0.643861,0.042217,0.362386,0.1,0.1,0.1
0.540402,-0.344764,0.053406,0.1,0.1,0.1
0.510872,-0.305862,0.010000,0.1,0.1,0.1
0.667090,-0.639063,0.288165,0.1,0.1,0.1
0.505565,-0.322252,0.014000,0.1,0.1,0.1
0.227029,-0.511062,0.011713,0.1,0.1,0.1
0.753981,-0.651942,0.003211,0.1,0.1,0.1
0.748784,0.450162,0.092013,0.1,0.1,0.1
0.647831,0.170120,0.611563,0.1,0.1,0.1
0.230410,-0.511966,0.023203,0.1,0.1,0.1
0.933484,-0.017546,0.553661,0.1,0.1,0.1
0.931212,0.400081,0.421602,0.1,0.1,0.1
0.641426,0.146162,0.713329,0.1,0.1,0.1
0.480439,-0.389949,0.014000,0.1,0.1,0.1
0.388560,-0.426903,0.014000,0.1,0.1,0.1
0.696223,-0.590454,0.387307,0.1,0.1,0.1
0.790630,-0.332332,0.774615,0.1,0.1,0.1
0.789149,-0.557419,0.303101,0.1,0.1,0.1
0.587190,-0.169756,0.156882,0.1,0.1,0.1
0.647126,-0.239027,0.774615,0.1,0.1,0.1
0.335126,-0.539962,0.182312,0.1,0.1,0.1
0.405108,0.353259,0.210623,0.1,0.1,0.1
0.669936,-0.629473,0.759897,0.1,0.1,0.1
0.417131,0.398231,0.127871,0.1,0.1,0.1
0.423598,0.259774,0.010000,0.1,0.1,0.1
0.286551,-0.522835,0.150406,0.1,0.1,0.1
0.961700,0.196728,0.397307,0.1,0.1,0.1
0.978751,0.322932,0.010000,0.1,0.1,0.1
0.724590,0.459461,0.284285,0.1,0.1,0.1
0.230701,-0.507903,0.142523,0.1,0.1,0.1
0.577421,-0.058142,0.032482,0.1,0.1,0.1
0.233455,-0.512780,0.111036,0.1,0.1,0.1
0.740247,-0.599236,0.646019,0.1,0.1,0.1
0.482147,-0.562662,0.309774,0.1,0.1,0.1
0.780053,-0.500317,0.000000,0.1,0.1,0.1
0.680375,0.194285,0.316269,0.1,0.1,0.1
0.552528,-0.546317,0.397307,0.1,0.1,0.1
0.694839,-0.472627,0.387307,0.1,0.1,0.1
0.336163,0.020850,0.034457,0.1,0.1,0.1
0.495921,-0.398090,0.402345,0.1,0.1,0.1
0.636706,-0.546204,0.397307,0.1,0.1,0.1
0.791909,-0.115485,0.302853,0.1,0.1,0.1
0.623912,0.154217,0.568732,0.1,0.1,0.1
0.684567,0.381090,0.713949,0.1,0.1,0.1
0.937140,0.222428,0.784615,0.1,0.1,0.1
0.691761,0.407999,0.620542,0.1,0.1,0.1
0.685125,-0.629393,0.700080,0.1,0.1,0.1
0.516548,-0.418502,0.271289,0.1,0.1,0.1
0.521871,-0.585747,0.656290,0.1,0.1,0.1
0.302961,-0.461478,0.010000,0.1,0.1,0.1
0.401975,-0.159482,0.010000,0.1,0.1,0.1
0.737795,0.393570,0.378418,0.1,0.1,0.1
0.301738,-0.106952,0.383759,0.1,0.1,0.1
0.785068,0.016311,0.010000,0.1,0.1,0.1
0.984767,0.299889,0.759130,0.1,0.1,0.1
0.868366,-0.222396,0.428224,0.1,0.1,0.1
0.564302,-0.068749,0.404104,0.1,0.1,0.1
0.770236,-0.468015,0.774615,0.1,0.1,0.1
0.980963,0.390920,0.232951,0.1,0.1,0.1
0.510469,-0.374785,0.397307,0.1,0.1,0.1
0.307069,-0.013450,0.303845,0.1,0.1,0.1
0.854060,-0.305613,0.784615,0.1,0.1,0.1
0.383795,-0.219093,0.014000,0.1,0.1,0.1
0.738344,-0.250358,0.401307,0.1,0.1,0.1
0.830851,-0.401437,0.408827,0.1,0.1,0.1
0.631919,-0.619309,0.406273,0.1,0.1,0.1
0.389587,0.002426,0.141595,0.1,0.1,0.1
0.738814,-0.027266,0.397307,0.1,0.1,0.1
0.930180,0.414848,0.490623,0.1,0.1,0.1
0.889401,0.415399,0.652702,0.1,0.1,0.1
0.690068,0.328105,0.431490,0.1,0.1,0.1
0.288003,-0.158327,0.159188,0.1,0.1,0.1
0.652525,-0.588597,0.000000,0.1,0.1,0.1
0.790173,-0.541367,0.010000,0.1,0.1,0.1
0.261017,-0.259267,0.173166,0.1,0.1,0.1
0.735013,0.467026,0.447135,0.1,0.1,0.1
0.596963,-0.133201,0.276345,0.1,0.1,0.1
0.964941,0.100116,0.235021,0.1,0.1,0.1
0.654900,-0.038315,0.401307,0.1,0.1,0.1
0.904472,-0.000450,0.485403,0.1,0.1,0.1
1.018977,0.391108,0.640050,0.1,0.1,0.1
0.262438,-0.520529,0.265811,0.1,0.1,0.1
0.895568,-0.119764,0.000000,0.1,0.1,0.1
0.409816,-0.212448,0.014000,0.1,0.1,0.1
0.580343,-0.615872,0.639551,0.1,0.1,0.1
0.804719,0.433898,0.587342,0.1,0.1,0.1
0.439389,-0.563696,0.085226,0.1,0.1,0.1
0.413343,0.087113,0.010000,0.1,0.1,0.1
0.743837,0.454315,0.373046,0.1,0.1,0.1
0.291385,-0.072115,0.020460,0.1,0.1,0.1
0.564894,-0.505303,0.010000,0.1,0.1,0.1
0.915603,0.418745,0.134124,0.1,0.1,0.1
0.543184,-0.516570,0.784615,0.1,0.1,0.1
0.996539,0.343919,0.738441,0.1,0.1,0.1
0.722153,-0.653784,0.002629,0.1,0.1,0.1
0.632944,0.030597,0.401307,0.1,0.1,0.1
0.703833,-0.648887,0.232065,0.1,0.1,0.1
0.860257,-0.165834,0.519862,0.1,0.1,0.1
0.849085,-0.333234,0.315429,0.1,0.1,0.1
0.218023,-0.346520,0.347707,0.1,0.1,0.1
0.901007,0.002076,0.577584,0.1,0.1,0.1
0.445966,-0.027138,0.052523,0.1,0.1,0.1
0.781757,0.444177,0.325718,0.1,0.1,0.1
1.013768,0.321470,0.209105,0.1,0.1,0.1
0.655420,-0.523780,0.387307,0.1,0.1,0.1
0.309652,-0.074014,0.387307,0.1,0.1,0.1
0.771727,0.446859,0.046630,0.1,0.1,0.1
0.784542,0.318544,0.397307,0.1,0.1,0.1
0.747801,0.453256,0.485604,0.1,0.1,0.1
0.556792,-0.181840,0.387307,0.1,0.1,0.1
0.571843,-0.401152,0.401307,0.1,0.1,0.1
0.446145,0.433191,0.370258,0.1,0.1,0.1
0.797329,-0.090046,0.397307,0.1,0.1,0.1
0.753194,-0.653191,0.153104,0.1,0.1,0.1
0.613361,-0.057399,0.099130,0.1,0.1,0.1
0.875096,0.351308,0.774615,0.1,0.1,0.1
0.530080,-0.309195,0.397307,0.1,0.1,0.1
0.999012,0.266277,0.191357,0.1,0.1,0.1
0.894512,-0.124599,0.284539,0.1,0.1,0.1
0.490338,-0.024509,0.364181,0.1,0.1,0.1
0.238783,-0.514205,0.217286,0.1,0.1,0.1
0.921756,0.406749,0.639304,0.1,0.1,0.1
0.948964,0.165969,0.564821,0.1,0.1,0.1
0.755126,0.451297,0.255021,0.1,0.1,0.1
0.796655,-0.388245,0.451197,0.1,0.1,0.1
0.633808,-0.210533,0.401307,0.1,0.1,0.1
0.220180,-0.505091,0.245681,0.1,0.1,0.1
0.506444,0.513642,0.059282,0.1,0.1,0.1
0.497980,-0.316824,0.691257,0.1,0.1,0.1
0.514069,-0.467945,0.401307,0.1,0.1,0.1
0.583536,-0.070370,0.433016,0.1,0.1,0.1
0.747897,0.446844,0.144483,0.1,0.1,0.1
0.406501,0.284907,0.101306,0.1,0.1,0.1
0.646174,0.066357,0.100413,0.1,0.1,0.1
0.441833,-0.564349,0.153033,0.1,0.1,0.1
0.729455,-0.486498,0.397307,0.1,0.1,0.1
0.730714,0.457824,0.167546,0.1,0.1,0.1
0.789000,-0.416878,0.408409,0.1,0.1,0.1
0.757721,-0.636256,0.432809,0.1,0.1,0.1
0.702103,-0.638073,0.077202,0.1,0.1,0.1
0.413662,0.385255,0.041277,0.1,0.1,0.1
0.836078,-0.240787,0.588618,0.1,0.1,0.1
0.623562,0.152908,0.617196,0.1,0.1,0.1
0.430797,-0.561399,0.059661,0.1,0.1,0.1
0.496698,-0.036561,0.365924,0.1,0.1,0.1
0.972660,0.167707,0.111511,0.1,0.1,0.1
0.740793,-0.597194,0.751824,0.1,0.1,0.1
0.826264,0.432279,0.594270,0.1,0.1,0.1
0.642089,-0.604621,0.397307,0.1,0.1,0.1
0.838841,-0.245937,0.750311,0.1,0.1,0.1
0.713545,0.318353,0.304098,0.1,0.1,0.1
0.826147,0.101101,0.401307,0.1,0.1,0.1
0.395991,-0.374298,0.014000,0.1,0.1,0.1
0.797566,-0.400324,0.497497,0.1,0.1,0.1
0.914556,0.037269,0.440050,0.1,0.1,0.1
0.587525,-0.607440,0.720314,0.1,0.1,0.1
0.566579,-0.040752,0.028509,0.1,0.1,0.1
0.446458,0.507925,0.044622,0.1,0.1,0.1
0.595749,-0.155367,0.397307,0.1,0.1,0.1
0.670503,-0.219421,0.397307,0.1,0.1,0.1
0.883252,-0.205434,0.215792,0.1,0.1,0.1
0.656915,0.106534,0.074863,0.1,0.1,0.1
0.567807,-0.244981,0.000000,0.1,0.1,0.1
0.448237,-0.013254,0.046217,0.1,0.1,0.1
0.689102,-0.626697,0.010000,0.1,0.1,0.1
0.594243,-0.126776,0.774615,0.1,0.1,0.1
0.514254,-0.442570,0.336971,0.1,0.1,0.1
0.791240,-0.423987,0.601708,0.1,0.1,0.1
0.738926,-0.060198,0.784615,0.1,0.1,0.1
0.697908,0.259863,0.111363,0.1,0.1,0.1
0.874415,-0.108223,0.010000,0.1,0.1,0.1
0.825142,0.428438,0.521271,0.1,0.1,0.1
0.458986,-0.265754,0.014000,0.1,0.1,0.1
0.827542,-0.114660,0.218936,0.1,0.1,0.1
0.449545,-0.571556,0.382878,0.1,0.1,0.1
0.488242,-0.353249,0.643691,0.1,0.1,0.1
0.760991,-0.537129,0.596709,0.1,0.1,0.1
0.660208,-0.387949,0.397307,0.1,0.1,0.1
0.296961,-0.124819,0.328621,0.1,0.1,0.1
0.656691,-0.625932,0.614108,0.1,0.1,0.1
0.817346,-0.451951,0.013277,0.1,0.1,0.1
0.705479,-0.123436,0.000000,0.1,0.1,0.1
0.982151,0.203210,0.471032,0.1,0.1,0.1
0.779402,-0.452778,0.638235,0.1,0.1,0.1
0.726264,0.292942,0.397307,0.1,0.1,0.1
0.878746,0.418248,0.183039,0.1,0.1,0.1
0.245558,-0.317092,0.154688,0.1,0.1,0.1
0.676583,0.277665,0.765949,0.1,0.1,0.1
0.463050,0.003899,0.014000,0.1,0.1,0.1
0.731424,0.369741,0.169790,0.1,0.1,0.1
0.564674,-0.601331,0.157345,0.1,0.1,0.1
0.650146,-0.624182,0.530129,0.1,0.1,0.1
0.514122,-0.598167,0.369152,0.1,0.1,0.1
0.463077,-0.447375,0.679500,0.1,0.1,0.1
0.592418,-0.494320,0.397307,0.1,0.1,0.1
0.624572,0.141202,0.010000,0.1,0.1,0.1
0.740513,0.451064,0.413906,0.1,0.1,0.1
0.733165,0.301997,0.784615,0.1,0.1,0.1
0.971883,0.126085,0.148412,0.1,0.1,0.1
0.355010,0.092306,0.317063,0.1,0.1,0.1
0.739685,-0.658472,0.709102,0.1,0.1,0.1
0.876691,-0.185503,0.010000,0.1,0.1,0.1
0.600494,-0.104508,0.117067,0.1,0.1,0.1
0.757685,0.028205,0.774615,0.1,0.1,0.1
0.779890,-0.466440,0.552053,0.1,0.1,0.1
0.604269,-0.239502,0.774615,0.1,0.1,0.1
0.645841,-0.576165,0.397307,0.1,0.1,0.1
0.491724,0.046193,0.010000,0.1,0.1,0.1
0.810399,-0.116251,0.774615,0.1,0.1,0.1
0.803101,-0.505234,0.690601,0.1,0.1,0.1
0.672623,0.336417,0.468378,0.1,0.1,0.1
0.791656,-0.105066,0.356832,0.1,0.1,0.1
0.881282,0.137449,0.784615,0.1,0.1,0.1
0.829618,-0.367330,0.560354,0.1,0.1,0.1
0.685947,0.312689,0.538796,0.1,0.1,0.1
0.754399,-0.095105,0.364925,0.1,0.1,0.1
0.725330,-0.484064,0.010000,0.1,0.1,0.1
0.313536,0.010740,0.106639,0.1,0.1,0.1
0.922347,-0.059202,0.347898,0.1,0.1,0.1
0.529755,-0.271534,0.763984,0.1,0.1,0.1
0.245657,-0.511902,0.161344,0.1,0.1,0.1
0.659252,0.099785,0.285987,0.1,0.1,0.1
0.635756,-0.049650,0.397307,0.1,0.1,0.1
0.867569,-0.135483,0.387307,0.1,0.1,0.1
0.576824,-0.600439,0.723969,0.1,0.1,0.1
0.554097,-0.037414,0.200467,0.1,0.1,0.1
0.481238,-0.453010,0.474319,0.1,0.1,0.1
0.496702,-0.040702,0.106453,0.1,0.1,0.1
0.693867,0.244748,0.305590,0.1,0.1,0.1
0.341899,-0.051424,0.010000,0.1,0.1,0.1
0.820514,0.343068,0.000000,0.1,0.1,0.1
0.366023,0.207065,0.226623,0.1,0.1,0.1
0.857018,-0.264843,0.097512,0.1,0.1,0.1
0.679228,0.189994,0.149701,0.1,0.1,0.1
0.837264,-0.057523,0.401307,0.1,0.1,0.1
0.304271,-0.097478,0.238595,0.1,0.1,0.1
0.786147,0.443004,0.625872,0.1,0.1,0.1
0.503300,-0.038326,0.157267,0.1,0.1,0.1
0.910736,0.022980,0.476247,0.1,0.1,0.1
0.332856,0.003102,0.013529,0.1,0.1,0.1
0.636460,0.201150,0.476884,0.1,0.1,0.1
0.801881,-0.471080,0.208343,0.1,0.1,0.1
0.719177,0.436984,0.633400,0.1,0.1,0.1
0.445488,-0.569467,0.371613,0.1,0.1,0.1
0.457022,-0.547039,0.000000,0.1,0.1,0.1
0.296266,-0.243921,0.010000,0.1,0.1,0.1
0.187305,-0.461419,0.325971,0.1,0.1,0.1
0.847355,-0.337579,0.397307,0.1,0.1,0.1
0.873643,-0.115765,0.637868,0.1,0.1,0.1
0.777572,0.342909,0.010000,0.1,0.1,0.1
0.957528,0.111106,0.551231,0.1,0.1,0.1
1.005239,0.289567,0.542662,0.1,0.1,0.1
1.017138,0.334073,0.398153,0.1,0.1,0.1
0.433924,0.387480,0.220349,0.1,0.1,0.1
0.348957,0.013289,0.212978,0.1,0.1,0.1
0.983536,0.386092,0.678872,0.1,0.1,0.1
0.975162,0.177066,0.609029,0.1,0.1,0.1
0.353696,0.001671,0.225995,0.1,0.1,0.1
0.770951,-0.586771,0.013345,0.1,0.1,0.1
0.621128,-0.026038,0.784615,0.1,0.1,0.1
0.883613,0.284560,0.010000,0.1,0.1,0.1
0.822840,-0.142132,0.397307,0.1,0.1,0.1
0.812843,0.384301,0.397307,0.1,0.1,0.1
0.748907,0.452821,0.784615,0.1,0.1,0.1
0.465918,-0.570788,0.060191,0.1,0.1,0.1
0.348292,-0.543482,0.286673,0.1,0.1,0.1
0.581078,0.497829,0.355487,0.1,0.1,0.1
0.799254,-0.394011,0.431423,0.1,0.1,0.1
0.755033,-0.600727,0.000000,0.1,0.1,0.1
0.668477,-0.082486,0.215319,0.1,0.1,0.1
0.936218,0.133780,0.455565,0.1,0.1,0.1
0.689677,-0.088512,0.387307,0.1,0.1,0.1
0.819532,0.444430,0.109767,0.1,0.1,0.1
0.896197,-0.157014,0.376741,0.1,0.1,0.1
0.904819,-0.124767,0.766130,0.1,0.1,0.1
0.973540,0.403256,0.094639,0.1,0.1,0.1
0.835654,0.429768,0.315656,0.1,0.1,0.1
0.666720,0.127721,0.245958,0.1,0.1,0.1
0.485842,-0.576115,0.491353,0.1,0.1,0.1
0.350358,0.074909,0.211076,0.1,0.1,0.1
0.670318,-0.629575,0.707159,0.1,0.1,0.1
1.018685,0.380251,0.774615,0.1,0.1,0.1
0.384827,0.203836,0.286404,0.1,0.1,0.1
0.670850,-0.629717,0.533582,0.1,0.1,0.1
0.870677,-0.240309,0.784615,0.1,0.1,0.1
0.842508,0.438287,0.330461,0.1,0.1,0.1
0.744234,-0.407268,0.774615,0.1,0.1,0.1
0.777255,-0.601911,0.084499,0.1,0.1,0.1
0.436131,-0.481529,0.014000,0.1,0.1,0.1
0.797300,0.435882,0.463591,0.1,0.1,0.1
0.475763,0.086303,0.014000,0.1,0.1,0.1
0.483506,-0.370963,0.691380,0.1,0.1,0.1
0.530960,0.507087,0.097462,0.1,0.1,0.1
0.501901,-0.187522,0.010000,0.1,0.1,0.1
0.515992,-0.598667,0.392182,0.1,0.1,0.1
0.719407,0.373513,0.401307,0.1,0.1,0.1
0.674553,0.172506,0.025308,0.1,0.1,0.1
0.743607,-0.119010,0.401307,0.1,0.1,0.1
0.602905,-0.607412,0.711721,0.1,0.1,0.1
0.549580,-0.294947,0.077324,0.1,0.1,0.1
0.790494,0.029069,0.397307,0.1,0.1,0.1
0.685543,-0.230510,0.010000,0.1,0.1,0.1
0.879967,0.393900,0.010000,0.1,0.1,0.1
0.468499,0.516805,0.387253,0.1,0.1,0.1
0.807637,-0.362655,0.736319,0.1,0.1,0.1
0.892541,0.414560,0.519804,0.1,0.1,0.1
0.556101,0.500366,0.363000,0.1,0.1,0.1
0.547359,-0.039754,0.382066,0.1,0.1,0.1
0.890969,-0.050956,0.538932,0.1,0.1,0.1
0.417117,0.324613,0.301026,0.1,0.1,0.1
0.482791,0.524106,0.075214,0.1,0.1,0.1
0.553338,0.456656,0.014000,0.1,0.1,0.1
0.455527,-0.572151,0.762410,0.1,0.1,0.1
0.427567,-0.007727,0.043630,0.1,0.1,0.1
0.563425,-0.058541,0.043515,0.1,0.1,0.1
0.320217,-0.037833,0.274012,0.1,0.1,0.1
0.659739,-0.570877,0.784615,0.1,0.1,0.1
0.489643,-0.168330,0.014000,0.1,0.1,0.1
0.964669,0.099101,0.104579,0.1,0.1,0.1
0.424910,0.427328,0.090898,0.1,0.1,0.1
0.961323,0.396171,0.315985,0.1,0.1,0.1
0.686571,-0.428875,0.774615,0.1,0.1,0.1
0.458756,-0.026417,0.352501,0.1,0.1,0.1
0.335499,-0.535921,0.148861,0.1,0.1,0.1
0.520857,-0.231255,0.536588,0.1,0.1,0.1
0.987300,0.183748,0.002386,0.1,0.1,0.1
0.877038,-0.036502,0.401307,0.1,0.1,0.1
0.519838,-0.406194,0.027331,0.1,0.1,0.1
0.583525,-0.059774,0.238691,0.1,0.1,0.1
0.375105,0.010439,0.183756,0.1,0.1,0.1
0.641159,0.124250,0.010000,0.1,0.1,0.1
0.872515,-0.206878,0.696758,0.1,0.1,0.1
0.523255,-0.408902,0.063684,0.1,0.1,0.1
0.786677,-0.441053,0.708472,0.1,0.1,0.1
0.543837,-0.049163,0.058222,0.1,0.1,0.1
0.771053,-0.465917,0.784615,0.1,0.1,0.1
0.582303,-0.601904,0.583169,0.1,0.1,0.1
0.773401,0.446411,0.391699,0.1,0.1,0.1
0.506076,-0.473156,0.201657,0.1,0.1,0.1
0.824068,-0.301194,0.471297,0.1,0.1,0.1
0.899460,-0.144809,0.780395,0.1,0.1,0.1
0.421836,-0.016546,0.066894,0.1,0.1,0.1
0.631108,-0.266387,0.397307,0.1,0.1,0.1
0.536542,-0.343715,0.108453,0.1,0.1,0.1
0.648020,-0.633965,0.261122,0.1,0.1,0.1
0.403160,-0.226586,0.010000,0.1,0.1,0.1
0.458352,-0.568766,0.302454,0.1,0.1,0.1
0.812518,-0.454904,0.010000,0.1,0.1,0.1
0.761963,0.249264,0.401307,0.1,0.1,0.1
0.979720,0.401604,0.099120,0.1,0.1,0.1
0.919299,0.171094,0.401307,0.1,0.1,0.1
0.757470,0.171166,0.401307,0.1,0.1,0.1
0.755090,-0.646098,0.547570,0.1,0.1,0.1
0.764181,0.448876,0.580040,0.1,0.1,0.1
0.343491,0.014750,0.207444,0.1,0.1,0.1
0.677831,-0.074635,0.168061,0.1,0.1,0.1
0.725366,-0.595908,0.010000,0.1,0.1,0.1
0.507840,-0.471039,0.784615,0.1,0.1,0.1
0.796657,-0.009064,0.401307,0.1,0.1,0.1
0.819763,-0.442913,0.084641,0.1,0.1,0.1
0.824609,-0.125582,0.000000,0.1,0.1,0.1
0.661090,0.476438,0.116210,0.1,0.1,0.1
0.962512,0.216643,0.652941,0.1,0.1,0.1
0.445412,-0.513451,0.649736,0.1,0.1,0.1
0.451209,-0.014048,0.214869,0.1,0.1,0.1
0.715514,-0.334531,0.401307,0.1,0.1,0.1
0.655855,0.477837,0.333588,0.1,0.1,0.1
0.884050,-0.076837,0.451131,0.1,0.1,0.1
0.841177,-0.348237,0.010000,0.1,0.1,0.1
0.985383,0.317680,0.711107,0.1,0.1,0.1
0.510100,-0.345053,0.659111,0.1,0.1,0.1
0.753876,-0.198976,0.784615,0.1,0.1,0.1
0.958359,0.114216,0.764043,0.1,0.1,0.1
0.896349,0.413542,0.365576,0.1,0.1,0.1
0.881356,-0.139398,0.045668,0.1,0.1,0.1
0.540948,-0.327233,0.206543,0.1,0.1,0.1
0.786615,0.442879,0.321005,0.1,0.1,0.1
0.913033,0.409081,0.038072,0.1,0.1,0.1
0.235731,-0.513389,0.078922,0.1,0.1,0.1
0.588590,-0.149034,0.153518,0.1,0.1,0.1
0.952290,0.178411,0.444212,0.1,0.1,0.1
0.655941,-0.409103,0.784615,0.1,0.1,0.1
0.779919,-0.466330,0.558960,0.1,0.1,0.1
0.825500,-0.280351,0.712592,0.1,0.1,0.1
0.221901,-0.509691,0.122269,0.1,0.1,0.1
0.796867,-0.402941,0.767207,0.1,0.1,0.1
0.295048,-0.277660,0.014000,0.1,0.1,0.1
0.586558,-0.391527,0.000000,0.1,0.1,0.1
0.458254,0.380861,0.014000,0.1,0.1,0.1
0.408947,0.367621,0.147539,0.1,0.1,0.1
0.957050,0.070602,0.499694,0.1,0.1,0.1
0.588457,-0.165016,0.170785,0.1,0.1,0.1
0.781545,-0.585862,0.017522,0.1,0.1,0.1
0.671601,0.161463,0.167096,0.1,0.1,0.1
0.687959,-0.634291,0.244733,0.1,0.1,0.1
0.728071,0.371663,0.774615,0.1,0.1,0.1
0.650314,0.066356,0.383613,0.1,0.1,0.1
0.356740,-0.066303,0.010000,0.1,0.1,0.1
0.434386,-0.024042,0.385738,0.1,0.1,0.1
0.328635,-0.538226,0.084399,0.1,0.1,0.1
0.493106,-0.582198,0.647412,0.1,0.1,0.1
0.552028,-0.597950,0.554339,0.1,0.1,0.1
0.702390,0.374194,0.457170,0.1,0.1,0.1
0.892934,-0.043607,0.757720,0.1,0.1,0.1
0.399045,-0.231519,0.014000,0.1,0.1,0.1
0.662968,-0.285043,0.387307,0.1,0.1,0.1
0.874302,-0.137513,0.073365,0.1,0.1,0.1
0.390737,-0.012373,0.370158,0.1,0.1,0.1
0.420241,0.336298,0.012931,0.1,0.1,0.1
0.736071,0.387125,0.347002,0.1,0.1,0.1
0.845436,-0.221272,0.419126,0.1,0.1,0.1
0.965635,0.230686,0.774615,0.1,0.1,0.1
0.865780,0.099007,0.401307,0.1,0.1,0.1
0.882592,0.209456,0.774615,0.1,0.1,0.1
0.711995,0.312557,0.208525,0.1,0.1,0.1
0.619303,-0.553459,0.397307,0.1,0.1,0.1
0.987271,0.368887,0.397307,0.1,0.1,0.1
0.579732,-0.264086,0.010000,0.1,0.1,0.1
0.537712,-0.241773,0.546558,0.1,0.1,0.1
0.871691,0.053611,0.784615,0.1,0.1,0.1
0.820222,-0.300094,0.524276,0.1,0.1,0.1
0.615674,-0.018533,0.397307,0.1,0.1,0.1
0.707901,-0.623941,0.387307,0.1,0.1,0.1
0.437095,0.472904,0.239313,0.1,0.1,0.1
0.481770,-0.377456,0.547660,0.1,0.1,0.1
0.438221,-0.020927,0.089159,0.1,0.1,0.1
0.633562,-0.615608,0.445365,0.1,0.1,0.1
0.465211,0.504509,0.014025,0.1,0.1,0.1
0.838969,0.439233,0.597497,0.1,0.1,0.1
0.865632,0.417613,0.403862,0.1,0.1,0.1
0.784057,0.132033,0.401307,0.1,0.1,0.1
0.203599,-0.474033,0.101162,0.1,0.1,0.1
0.489638,-0.519155,0.182464,0.1,0.1,0.1
0.220993,-0.335408,0.122835,0.1,0.1,0.1
0.468026,-0.585844,0.580265,0.1,0.1,0.1
0.659762,-0.349398,0.784615,0.1,0.1,0.1
1.012017,0.382618,0.181835,0.1,0.1,0.1
0.450034,-0.024085,0.093319,0.1,0.1,0.1
0.741204,0.465371,0.267579,0.1,0.1,0.1
0.480697,0.520525,0.064403,0.1,0.1,0.1
0.814709,-0.423097,0.001248,0.1,0.1,0.1
0.500450,0.519385,0.331704,0.1,0.1,0.1
0.315039,-0.519194,0.010000,0.1,0.1,0.1
0.533300,0.506462,0.386898,0.1,0.1,0.1
0.275160,-0.206368,0.193317,0.1,0.1,0.1
0.463296,-0.446557,0.724489,0.1,0.1,0.1
0.717081,0.331578,0.243590,0.1,0.1,0.1
0.751237,-0.140202,0.784615,0.1,0.1,0.1
0.731870,0.386897,0.251872,0.1,0.1,0.1
0.805743,-0.456634,0.199660,0.1,0.1,0.1
0.614930,-0.050508,0.305811,0.1,0.1,0.1
0.619955,0.036429,0.010000,0.1,0.1,0.1
0.951711,0.191732,0.508699,0.1,0.1,0.1
0.598795,-0.013296,0.435608,0.1,0.1,0.1
0.595147,-0.139992,0.197905,0.1,0.1,0.1
0.647360,-0.142241,0.401307,0.1,0.1,0.1
0.932442,0.279201,0.774615,0.1,0.1,0.1
0.577968,-0.007504,0.014000,0.1,0.1,0.1
0.885459,-0.071566,0.591624,0.1,0.1,0.1
0.560104,-0.158018,0.438930,0.1,0.1,0.1
0.986851,0.265303,0.774615,0.1,0.1,0.1
0.430951,-0.136515,0.014000,0.1,0.1,0.1
0.586964,-0.057549,0.102639,0.1,0.1,0.1
0.999047,0.227687,0.702315,0.1,0.1,0.1
0.633350,-0.062743,0.029801,0.1,0.1,0.1
0.803028,0.448842,0.773432,0.1,0.1,0.1
0.556806,-0.170355,0.611902,0.1,0.1,0.1
0.376489,-0.551020,0.018747,0.1,0.1,0.1
0.805736,0.437767,0.395049,0.1,0.1,0.1
0.863374,-0.241071,0.429969,0.1,0.1,0.1
0.634528,0.009080,0.397307,0.1,0.1,0.1
0.548900,-0.130400,0.014000,0.1,0.1,0.1
0.524737,0.202630,0.014000,0.1,0.1,0.1
0.883118,-0.139870,0.351144,0.1,0.1,0.1
0.462967,-0.584491,0.617083,0.1,0.1,0.1
0.559994,-0.158428,0.523400,0.1,0.1,0.1
1.029885,0.343035,0.460897,0.1,0.1,0.1
0.302721,-0.103277,0.236515,0.1,0.1,0.1
0.549598,-0.597301,0.221201,0.1,0.1,0.1
0.710095,0.289961,0.074752,0.1,0.1,0.1
0.744840,-0.510667,0.397307,0.1,0.1,0.1
0.446931,0.436131,0.090501,0.1,0.1,0.1
0.522195,-0.043377,0.033587,0.1,0.1,0.1
0.478823,0.163212,0.010000,0.1,0.1,0.1
0.845683,-0.345958,0.015031,0.1,0.1,0.1
0.781591,-0.585691,0.511220,0.1,0.1,0.1
0.654829,-0.120915,0.000000,0.1,0.1,0.1
0.911234,0.128479,0.784615,0.1,0.1,0.1
0.582721,-0.102114,0.010000,0.1,0.1,0.1
0.236276,-0.351810,0.253673,0.1,0.1,0.1
0.829279,-0.269066,0.397307,0.1,0.1,0.1
0.942560,0.411538,0.172208,0.1,0.1,0.1
0.623075,-0.627296,0.070625,0.1,0.1,0.1
0.506849,-0.283651,0.483309,0.1,0.1,0.1
0.508887,-0.583297,0.774615,0.1,0.1,0.1
0.662934,-0.081004,0.142519,0.1,0.1,0.1
1.010281,0.287874,0.387307,0.1,0.1,0.1
0.773720,0.247251,0.784615,0.1,0.1,0.1
0.527644,-0.565160,0.010000,0.1,0.1,0.1
0.786832,-0.566086,0.600890,0.1,0.1,0.1
0.775766,0.084415,0.397307,0.1,0.1,0.1
0.675347,0.346604,0.522678,0.1,0.1,0.1
0.912191,0.043908,0.704908,0.1,0.1,0.1
0.544395,-0.034821,0.291017,0.1,0.1,0.1
0.428918,0.368755,0.370951,0.1,0.1,0.1
0.453982,-0.582089,0.661446,0.1,0.1,0.1
0.366130,0.008698,0.309423,0.1,0.1,0.1
0.713716,0.462368,0.128450,0.1,0.1,0.1
0.222685,-0.509901,0.372429,0.1,0.1,0.1
0.438062,-0.540944,0.537278,0.1,0.1,0.1
0.444576,-0.569223,0.014260,0.1,0.1,0.1
0.624297,0.111024,0.014000,0.1,0.1,0.1
0.729044,-0.641139,0.611956,0.1,0.1,0.1
0.515508,-0.031238,0.241860,0.1,0.1,0.1
0.971955,0.126352,0.493557,0.1,0.1,0.1
0.399604,-0.426620,0.014000,0.1,0.1,0.1
0.905931,-0.096638,0.397307,0.1,0.1,0.1
0.475045,-0.573229,0.462266,0.1,0.1,0.1
0.673025,0.459656,0.010000,0.1,0.1,0.1
0.599387,-0.606471,0.732641,0.1,0.1,0.1
0.846985,-0.302369,0.126100,0.1,0.1,0.1
0.662649,-0.325945,0.401307,0.1,0.1,0.1
0.799279,0.080646,0.010000,0.1,0.1,0.1
0.285768,-0.526766,0.018300,0.1,0.1,0.1
1.008362,0.393946,0.658980,0.1,0.1,0.1
0.902025,0.422375,0.356081,0.1,0.1,0.1
0.874683,-0.237489,0.588217,0.1,0.1,0.1
0.361662,0.190751,0.126265,0.1,0.1,0.1
0.538130,0.049375,0.014000,0.1,0.1,0.1
0.587938,-0.617902,0.122600,0.1,0.1,0.1
0.623210,0.078027,0.683418,0.1,0.1,0.1
0.764736,0.170583,0.010000,0.1,0.1,0.1
0.457639,-0.583067,0.650479,0.1,0.1,0.1
0.481793,0.520232,0.193761,0.1,0.1,0.1
0.924993,0.405884,0.741457,0.1,0.1,0.1
0.338182,0.020310,0.338335,0.1,0.1,0.1
0.760681,-0.663902,0.413126,0.1,0.1,0.1
0.428947,0.329631,0.014000,0.1,0.1,0.1
1.018642,0.300981,0.607728,0.1,0.1,0.1
0.737033,0.328378,0.774615,0.1,0.1,0.1
0.549177,-0.607539,0.216567,0.1,0.1,0.1
0.339938,0.035931,0.229665,0.1,0.1,0.1
0.545250,-0.326631,0.275833,0.1,0.1,0.1
0.562488,-0.043798,0.314228,0.1,0.1,0.1
0.746441,0.256812,0.010000,0.1,0.1,0.1
0.835466,0.425678,0.609664,0.1,0.1,0.1
0.596422,-0.119735,0.354821,0.1,0.1,0.1
0.877106,-0.228425,0.715611,0.1,0.1,0.1
0.658181,0.208833,0.008082,0.1,0.1,0.1
0.292360,-0.524388,0.289242,0.1,0.1,0.1
0.612258,0.485352,0.216734,0.1,0.1,0.1
0.670873,-0.598068,0.387307,0.1,0.1,0.1
0.226447,-0.388573,0.100488,0.1,0.1,0.1
0.619230,-0.208313,0.774615,0.1,0.1,0.1
0.228166,-0.511366,0.273057,0.1,0.1,0.1
0.754352,0.451504,0.540461,0.1,0.1,0.1
0.579195,-0.013043,0.479486,0.1,0.1,0.1
0.542484,-0.223924,0.398439,0.1,0.1,0.1
0.906295,-0.080525,0.531312,0.1,0.1,0.1
0.967079,0.394632,0.284770,0.1,0.1,0.1
0.993029,0.387694,0.413182,0.1,0.1,0.1
0.519767,-0.032377,0.174259,0.1,0.1,0.1
0.739427,-0.602301,0.744554,0.1,0.1,0.1
0.721885,-0.225856,0.397307,0.1,0.1,0.1
0.945004,0.349559,0.774615,0.1,0.1,0.1
0.577976,-0.188731,0.306121,0.1,0.1,0.1
0.791661,0.055409,0.010000,0.1,0.1,0.1
0.835747,0.303714,0.000000,0.1,0.1,0.1
0.567932,-0.258946,0.397307,0.1,0.1,0.1
0.773824,-0.180294,0.397307,0.1,0.1,0.1
0.657109,-0.447894,0.000000,0.1,0.1,0.1
0.594007,-0.144256,0.381118,0.1,0.1,0.1
0.655031,0.083998,0.183454,0.1,0.1,0.1
0.562517,-0.611106,0.766832,0.1,0.1,0.1
0.761108,-0.653848,0.505031,0.1,0.1,0.1
0.864298,-0.150719,0.636725,0.1,0.1,0.1
0.645659,0.304017,0.014000,0.1,0.1,0.1
0.550622,-0.291049,0.295385,0.1,0.1,0.1
0.854675,-0.036439,0.000000,0.1,0.1,0.1
0.886482,-0.052253,0.669828,0.1,0.1,0.1
0.635443,0.197347,0.559362,0.1,0.1,0.1
0.983014,0.264547,0.010000,0.1,0.1,0.1
0.500666,-0.477908,0.177397,0.1,0.1,0.1
0.240610,-0.335596,0.209436,0.1,0.1,0.1
0.228306,-0.507263,0.261943,0.1,0.1,0.1
0.701545,0.257982,0.247218,0.1,0.1,0.1
0.442664,-0.564571,0.074517,0.1,0.1,0.1
0.814082,0.445887,0.779109,0.1,0.1,0.1
0.485386,-0.363932,0.481849,0.1,0.1,0.1
0.363888,0.199080,0.267825,0.1,0.1,0.1
0.618540,-0.037008,0.152599,0.1,0.1,0.1
0.773366,0.441159,0.401307,0.1,0.1,0.1
0.269104,-0.522311,0.090229,0.1,0.1,0.1
0.710174,0.393016,0.774615,0.1,0.1,0.1
0.988744,0.388840,0.502424,0.1,0.1,0.1
0.300282,-0.038833,0.286344,0.1,0.1,0.1
0.478115,-0.578190,0.506314,0.1,0.1,0.1
0.336412,0.020783,0.277828,0.1,0.1,0.1
0.962362,0.090470,0.548738,0.1,0.1,0.1
0.486149,-0.529013,0.774615,0.1,0.1,0.1
0.702003,0.288106,0.010000,0.1,0.1,0.1
0.400952,-0.029427,0.010000,0.1,0.1,0.1
0.430304,0.447505,0.379413,0.1,0.1,0.1
0.576133,-0.024500,0.517557,0.1,0.1,0.1
0.670175,0.273968,0.014000,0.1,0.1,0.1
0.567473,-0.130455,0.481804,0.1,0.1,0.1
0.709151,0.399483,0.633332,0.1,0.1,0.1
0.484301,0.126011,0.014000,0.1,0.1,0.1
0.734215,-0.463909,0.774615,0.1,0.1,0.1
0.506698,-0.322786,0.014000,0.1,0.1,0.1
1.028866,0.339226,0.153293,0.1,0.1,0.1
1.001244,0.381357,0.501476,0.1,0.1,0.1
0.850277,-0.328776,0.485322,0.1,0.1,0.1
0.442499,-0.070764,0.010000,0.1,0.1,0.1
0.604027,-0.106779,0.059719,0.1,0.1,0.1
0.996106,0.357789,0.525237,0.1,0.1,0.1
1.004112,0.372248,0.641304,0.1,0.1,0.1
0.830501,-0.327722,0.397307,0.1,0.1,0.1
0.952334,0.408925,0.236482,0.1,0.1,0.1
0.789856,-0.516059,0.453307,0.1,0.1,0.1
0.715808,-0.550482,0.784615,0.1,0.1,0.1
0.765173,-0.647101,0.002513,0.1,0.1,0.1
0.933033,0.106381,0.701584,0.1,0.1,0.1
0.686875,0.103717,0.774615,0.1,0.1,0.1
0.749770,-0.093868,0.021489,0.1,0.1,0.1
0.400916,-0.553410,0.283445,0.1,0.1,0.1
0.462731,-0.574077,0.312107,0.1,0.1,0.1
0.475835,0.525966,0.044487,0.1,0.1,0.1
0.818536,-0.145538,0.000000,0.1,0.1,0.1
0.529596,0.507452,0.269193,0.1,0.1,0.1
0.933776,0.360166,0.000000,0.1,0.1,0.1
0.632946,0.188008,0.675139,0.1,0.1,0.1
0.813748,-0.426693,0.421190,0.1,0.1,0.1
0.777432,-0.475635,0.709108,0.1,0.1,0.1
0.808128,-0.345331,0.520508,0.1,0.1,0.1
0.788714,-0.214171,0.397307,0.1,0.1,0.1
0.540411,-0.048247,0.163316,0.1,0.1,0.1
0.835434,0.429827,0.297302,0.1,0.1,0.1
0.587522,-0.153026,0.074144,0.1,0.1,0.1
0.632269,0.484143,0.204181,0.1,0.1,0.1
0.692803,0.373530,0.397307,0.1,0.1,0.1
0.726563,-0.640471,0.436069,0.1,0.1,0.1
0.760179,-0.524681,0.446013,0.1,0.1,0.1
0.619539,0.137858,0.615821,0.1,0.1,0.1
0.545753,-0.324748,0.218303,0.1,0.1,0.1
0.515610,-0.422008,0.340196,0.1,0.1,0.1
0.328983,-0.005046,0.121387,0.1,0.1,0.1
0.326829,0.060463,0.072217,0.1,0.1,0.1
0.489928,-0.420508,0.516482,0.1,0.1,0.1
0.579297,-0.601100,0.604535,0.1,0.1,0.1
1.013530,0.320579,0.025973,0.1,0.1,0.1
0.985789,0.216816,0.169516,0.1,0.1,0.1
0.405662,-0.032476,0.010000,0.1,0.1,0.1
0.717162,0.457307,0.033074,0.1,0.1,0.1
0.509723,0.516906,0.350249,0.1,0.1,0.1
0.443988,-0.327179,0.014000,0.1,0.1,0.1
0.919820,-0.029936,0.473142,0.1,0.1,0.1
0.868241,-0.261581,0.539586,0.1,0.1,0.1
0.671959,0.147317,0.334914,0.1,0.1,0.1
0.459117,-0.223850,0.010000,0.1,0.1,0.1
0.974716,0.136681,0.627180,0.1,0.1,0.1
0.761903,0.445345,0.541276,0.1,0.1,0.1
0.611210,-0.300170,0.387307,0.1,0.1,0.1
0.402119,-0.538122,0.010000,0.1,0.1,0.1
0.335907,0.020855,0.280957,0.1,0.1,0.1
0.852643,0.435577,0.518056,0.1,0.1,0.1
0.871017,-0.125585,0.412456,0.1,0.1,0.1
0.977425,0.185529,0.326843,0.1,0.1,0.1
0.598272,-0.606173,0.433411,0.1,0.1,0.1
0.980526,0.158411,0.300355,0.1,0.1,0.1
0.823528,-0.428827,0.109926,0.1,0.1,0.1
0.407068,-0.002247,0.114586,0.1,0.1,0.1
0.491180,-0.528876,0.334774,0.1,0.1,0.1
0.499388,-0.583877,0.408517,0.1,0.1,0.1
0.655850,-0.625707,0.195922,0.1,0.1,0.1
0.457261,-0.568474,0.242496,0.1,0.1,0.1
0.506779,-0.039256,0.098899,0.1,0.1,0.1
0.716835,0.136636,0.387307,0.1,0.1,0.1
0.826967,0.246430,0.000000,0.1,0.1,0.1
0.256309,-0.276878,0.246609,0.1,0.1,0.1
0.617152,-0.541274,0.000000,0.1,0.1,0.1
0.873691,-0.241196,0.590293,0.1,0.1,0.1
0.525865,0.145874,0.010000,0.1,0.1,0.1
0.300348,-0.530664,0.266467,0.1,0.1,0.1
0.682226,0.185720,0.296222,0.1,0.1,0.1
0.606552,-0.239999,0.401307,0.1,0.1,0.1
0.531324,-0.378718,0.149496,0.1,0.1,0.1
0.538399,0.406218,0.014000,0.1,0.1,0.1
0.852581,-0.306011,0.387307,0.1,0.1,0.1
0.313894,-0.534285,0.017833,0.1,0.1,0.1
0.710852,-0.573763,0.010000,0.1,0.1,0.1
0.771906,0.446811,0.777749,0.1,0.1,0.1
1.041091,0.384950,0.600624,0.1,0.1,0.1
0.803599,-0.503373,0.182988,0.1,0.1,0.1
0.954440,0.393870,0.567613,0.1,0.1,0.1
0.698061,0.431564,0.652692,0.1,0.1,0.1
0.832072,0.426586,0.720838,0.1,0.1,0.1
0.922269,0.416963,0.163130,0.1,0.1,0.1
0.483763,-0.541131,0.141669,0.1,0.1,0.1
0.550368,-0.593366,0.460329,0.1,0.1,0.1
0.914874,-0.048436,0.056094,0.1,0.1,0.1
1.000355,0.373681,0.672384,0.1,0.1,0.1
0.675636,-0.523827,0.401307,0.1,0.1,0.1
0.785166,0.415868,0.397307,0.1,0.1,0.1
0.856852,-0.132847,0.075804,0.1,0.1,0.1
0.972436,0.389059,0.629187,0.1,0.1,0.1
0.595063,0.325705,0.014000,0.1,0.1,0.1
0.476175,-0.031074,0.302930,0.1,0.1,0.1
0.659187,-0.006996,0.784615,0.1,0.1,0.1
0.332802,-0.320723,0.014000,0.1,0.1,0.1
0.650620,-0.101907,0.784615,0.1,0.1,0.1
0.716158,-0.084882,0.147408,0.1,0.1,0.1
0.948937,0.165868,0.520716,0.1,0.1,0.1
0.674335,0.156204,0.326415,0.1,0.1,0.1
0.944529,0.149381,0.604812,0.1,0.1,0.1
0.909139,0.405982,0.459704,0.1,0.1,0.1
0.595884,-0.620026,0.230273,0.1,0.1,0.1
0.860591,-0.123496,0.102449,0.1,0.1,0.1
0.391341,0.301766,0.263342,0.1,0.1,0.1
0.803634,0.102600,0.784615,0.1,0.1,0.1
0.568290,-0.224963,0.269339,0.1,0.1,0.1
0.465662,-0.585212,0.210744,0.1,0.1,0.1
0.646202,0.050976,0.022492,0.1,0.1,0.1
0.694259,-0.029636,0.000000,0.1,0.1,0.1
0.985311,0.400109,0.719453,0.1,0.1,0.1
0.484613,-0.537950,0.183688,0.1,0.1,0.1
0.858500,0.434012,0.418584,0.1,0.1,0.1
0.482992,-0.037037,0.379412,0.1,0.1,0.1
0.369324,0.145849,0.029740,0.1,0.1,0.1
0.444235,-0.564991,0.270300,0.1,0.1,0.1
0.626959,-0.005516,0.197259,0.1,0.1,0.1
0.641151,-0.233674,0.010000,0.1,0.1,0.1
0.929733,0.108954,0.000000,0.1,0.1,0.1
0.199876,-0.499662,0.042920,0.1,0.1,0.1
0.811118,-0.110269,0.046182,0.1,0.1,0.1
0.613960,-0.442262,0.784615,0.1,0.1,0.1
0.939210,0.339655,0.010000,0.1,0.1,0.1
0.363971,0.125826,0.140414,0.1,0.1,0.1
0.962284,0.215791,0.676759,0.1,0.1,0.1
0.951402,0.224850,0.000000,0.1,0.1,0.1
0.946427,0.156479,0.420031,0.1,0.1,0.1
0.629216,-0.548131,0.774615,0.1,0.1,0.1
0.651183,0.043668,0.397307,0.1,0.1,0.1
0.455657,0.468771,0.320027,0.1,0.1,0.1
0.458254,-0.465417,0.748210,0.1,0.1,0.1
0.807601,-0.119680,0.138356,0.1,0.1,0.1
0.518948,-0.042509,0.344734,0.1,0.1,0.1
0.796424,-0.452304,0.784615,0.1,0.1,0.1
0.484399,-0.022921,0.385328,0.1,0.1,0.1
0.995297,0.387088,0.597908,0.1,0.1,0.1
0.460638,-0.530064,0.766720,0.1,0.1,0.1
0.806550,-0.119399,0.335543,0.1,0.1,0.1
0.631992,0.184438,0.430922,0.1,0.1,0.1
0.887271,0.015330,0.387307,0.1,0.1,0.1
0.666919,-0.034440,0.010000,0.1,0.1,0.1
0.784399,-0.434087,0.530988,0.1,0.1,0.1
0.470977,-0.576281,0.693161,0.1,0.1,0.1
0.437014,0.186254,0.010000,0.1,0.1,0.1
0.644743,0.061005,0.066920,0.1,0.1,0.1
0.694918,0.419811,0.706221,0.1,0.1,0.1
0.587497,0.491972,0.174303,0.1,0.1,0.1
0.578232,-0.048008,0.200311,0.1,0.1,0.1
0.631694,0.307918,0.014000,0.1,0.1,0.1
0.217680,-0.508563,0.132935,0.1,0.1,0.1
0.695052,-0.079239,0.235203,0.1,0.1,0.1
0.463375,-0.446263,0.538629,0.1,0.1,0.1
0.362161,0.119054,0.308552,0.1,0.1,0.1
1.031780,0.350123,0.667742,0.1,0.1,0.1
0.478381,-0.390134,0.732349,0.1,0.1,0.1
0.454920,-0.551450,0.578509,0.1,0.1,0.1
0.697747,-0.647259,0.053764,0.1,0.1,0.1
0.466186,-0.570860,0.676203,0.1,0.1,0.1
0.549718,-0.597333,0.503220,0.1,0.1,0.1
0.643292,0.270413,0.014000,0.1,0.1,0.1
0.737956,0.451747,0.369126,0.1,0.1,0.1
0.520314,-0.042874,0.324794,0.1,0.1,0.1
0.447213,-0.580278,0.305470,0.1,0.1,0.1
0.683065,0.301910,0.512098,0.1,0.1,0.1
0.672305,-0.073158,0.021458,0.1,0.1,0.1
0.644735,0.045487,0.034383,0.1,0.1,0.1
0.729613,-0.052723,0.784615,0.1,0.1,0.1
0.696198,0.253469,0.272940,0.1,0.1,0.1
0.214430,-0.359958,0.328775,0.1,0.1,0.1
0.665264,-0.133198,0.774615,0.1,0.1,0.1
0.963183,0.132259,0.387749,0.1,0.1,0.1
0.863391,-0.124244,0.324187,0.1,0.1,0.1
0.777263,-0.601880,0.013158,0.1,0.1,0.1
0.311445,-0.070644,0.098009,0.1,0.1,0.1
0.256871,-0.486641,0.014000,0.1,0.1,0.1
0.444156,0.499314,0.211454,0.1,0.1,0.1
0.488481,0.518444,0.209176,0.1,0.1,0.1
0.558835,-0.275817,0.195637,0.1,0.1,0.1
0.814028,0.379327,0.000000,0.1,0.1,0.1
0.450908,-0.028459,0.216669,0.1,0.1,0.1
0.958954,0.186492,0.397307,0.1,0.1,0.1
0.679056,-0.481794,0.397307,0.1,0.1,0.1
0.969767,0.118170,0.532118,0.1,0.1,0.1
0.770696,-0.450817,0.401307,0.1,0.1,0.1
0.916155,0.043250,0.571803,0.1,0.1,0.1
0.728170,0.454364,0.029374,0.1,0.1,0.1
0.631538,-0.356083,0.774615,0.1,0.1,0.1
0.823289,-0.391004,0.723739,0.1,0.1,0.1
1.017284,0.334621,0.697783,0.1,0.1,0.1
0.817153,-0.327061,0.715474,0.1,0.1,0.1
0.319068,-0.531528,0.100812,0.1,0.1,0.1
0.268872,-0.229885,0.067283,0.1,0.1,0.1
0.711831,0.296455,0.162938,0.1,0.1,0.1
0.820345,-0.315122,0.739337,0.1,0.1,0.1
0.842856,0.438194,0.198632,0.1,0.1,0.1
0.603844,0.079154,0.768022,0.1,0.1,0.1
0.360134,0.106044,0.010000,0.1,0.1,0.1
0.984083,0.400437,0.154062,0.1,0.1,0.1
0.659389,-0.636734,0.000000,0.1,0.1,0.1
0.493861,0.425242,0.010000,0.1,0.1,0.1
0.421330,0.413938,0.192123,0.1,0.1,0.1
0.484116,-0.368682,0.524530,0.1,0.1,0.1
0.497048,-0.583252,0.507477,0.1,0.1,0.1
0.475934,0.521799,0.011287,0.1,0.1,0.1
0.552182,0.505554,0.150909,0.1,0.1,0.1
0.477362,-0.031391,0.255286,0.1,0.1,0.1
0.649537,-0.262166,0.397307,0.1,0.1,0.1
0.802311,0.438682,0.486778,0.1,0.1,0.1
0.392610,-0.008733,0.161407,0.1,0.1,0.1
0.881027,0.040900,0.774615,0.1,0.1,0.1
0.889466,-0.182190,0.393337,0.1,0.1,0.1
0.275313,-0.205794,0.084784,0.1,0.1,0.1
0.727221,0.354019,0.079939,0.1,0.1,0.1
1.040414,0.382418,0.276964,0.1,0.1,0.1
0.238166,-0.271174,0.047108,0.1,0.1,0.1
0.357181,0.173992,0.030865,0.1,0.1,0.1
0.407790,-0.016932,0.378843,0.1,0.1,0.1
0.278331,-0.194506,0.277978,0.1,0.1,0.1
0.761824,-0.659626,0.343416,0.1,0.1,0.1
0.232503,-0.365921,0.060555,0.1,0.1,0.1
0.412174,-0.440282,0.014000,0.1,0.1,0.1
0.273281,-0.213392,0.122435,0.1,0.1,0.1
0.411711,-0.003488,0.385887,0.1,0.1,0.1
0.272969,-0.140998,0.012182,0.1,0.1,0.1
0.994123,0.209270,0.172016,0.1,0.1,0.1
0.588938,-0.433037,0.397307,0.1,0.1,0.1
0.481686,-0.548899,0.201427,0.1,0.1,0.1
0.373070,-0.550106,0.200158,0.1,0.1,0.1
0.813377,-0.466799,0.395560,0.1,0.1,0.1
0.861316,0.433259,0.753262,0.1,0.1,0.1
0.309638,-0.077402,0.094584,0.1,0.1,0.1
0.959575,0.406989,0.031716,0.1,0.1,0.1
0.451201,0.133266,0.010000,0.1,0.1,0.1
0.280593,-0.186042,0.084236,0.1,0.1,0.1
0.916515,-0.072386,0.000000,0.1,0.1,0.1
0.551013,-0.305075,0.157659,0.1,0.1,0.1
0.382586,-0.420165,0.014000,0.1,0.1,0.1
0.763249,0.444985,0.573197,0.1,0.1,0.1
0.838367,-0.334606,0.424609,0.1,0.1,0.1
0.840226,-0.327653,0.330048,0.1,0.1,0.1
0.860006,-0.166771,0.582105,0.1,0.1,0.1
0.526588,-0.601500,0.319550,0.1,0.1,0.1
0.901011,0.096132,0.397307,0.1,0.1,0.1
0.996765,0.344764,0.489288,0.1,0.1,0.1
0.895285,0.413826,0.657915,0.1,0.1,0.1
0.644435,0.221962,0.014000,0.1,0.1,0.1
0.583288,-0.514757,0.401307,0.1,0.1,0.1
0.752589,0.448906,0.372160,0.1,0.1,0.1
0.501729,-0.376367,0.707031,0.1,0.1,0.1
0.904701,-0.086488,0.291185,0.1,0.1,0.1
0.425955,-0.007297,0.075394,0.1,0.1,0.1
0.732643,0.296056,0.784615,0.1,0.1,0.1
0.827345,-0.124959,0.118851,0.1,0.1,0.1
0.476877,-0.469323,0.547735,0.1,0.1,0.1
0.586383,0.010021,0.014000,0.1,0.1,0.1
0.844942,-0.310012,0.605852,0.1,0.1,0.1
0.974894,0.176065,0.167532,0.1,0.1,0.1
0.632677,0.113436,0.501826,0.1,0.1,0.1
0.214196,-0.384201,0.387307,0.1,0.1,0.1
1.020858,0.309273,0.594699,0.1,0.1,0.1
0.620597,0.141817,0.634564,0.1,0.1,0.1
0.393493,-0.008969,0.369538,0.1,0.1,0.1
0.953962,0.059052,0.585309,0.1,0.1,0.1
0.439882,-0.025511,0.165900,0.1,0.1,0.1
0.864021,0.418044,0.713458,0.1,0.1,0.1
0.610992,-0.080725,0.360008,0.1,0.1,0.1
0.738245,0.255595,0.000000,0.1,0.1,0.1
0.599280,-0.063986,0.150124,0.1,0.1,0.1
0.686961,0.001692,0.774615,0.1,0.1,0.1
0.534279,-0.593205,0.308223,0.1,0.1,0.1
0.876570,-0.230430,0.169443,0.1,0.1,0.1
0.816115,-0.456558,0.216615,0.1,0.1,0.1
0.345109,0.003967,0.216793,0.1,0.1,0.1
0.919655,0.403170,0.575140,0.1,0.1,0.1
0.782974,-0.439416,0.650840,0.1,0.1,0.1
0.545434,0.245331,0.014000,0.1,0.1,0.1
0.905528,-0.083395,0.419831,0.1,0.1,0.1
0.681750,0.142700,0.397307,0.1,0.1,0.1
0.426286,0.358910,0.081340,0.1,0.1,0.1
0.423248,-0.559381,0.338747,0.1,0.1,0.1
0.298735,-0.526092,0.074869,0.1,0.1,0.1
0.638004,0.020310,0.225729,0.1,0.1,0.1
0.638738,-0.438480,0.010000,0.1,0.1,0.1
0.994688,0.250100,0.518726,0.1,0.1,0.1
0.744594,-0.092484,0.380260,0.1,0.1,0.1
0.709163,-0.093363,0.149070,0.1,0.1,0.1
0.585350,-0.606859,0.678943,0.1,0.1,0.1
0.922552,-0.058436,0.585991,0.1,0.1,0.1
0.722352,0.335810,0.332805,0.1,0.1,0.1
0.320757,-0.035812,0.292618,0.1,0.1,0.1
0.765419,-0.458596,0.401307,0.1,0.1,0.1
0.919981,0.403083,0.459600,0.1,0.1,0.1
0.700487,0.461765,0.095982,0.1,0.1,0.1
0.790574,-0.513372,0.487345,0.1,0.1,0.1
0.475605,-0.035062,0.192225,0.1,0.1,0.1
0.735142,-0.618330,0.510854,0.1,0.1,0.1
0.746545,-0.485988,0.397307,0.1,0.1,0.1
0.612539,-0.614128,0.401648,0.1,0.1,0.1
0.900238,0.410650,0.774615,0.1,0.1,0.1
0.349704,0.072463,0.079219,0.1,0.1,0.1
0.559857,-0.256506,0.122975,0.1,0.1,0.1
0.614306,-0.057652,0.304644,0.1,0.1,0.1
0.742849,-0.451317,0.387307,0.1,0.1,0.1
0.423268,-0.021070,0.296401,0.1,0.1,0.1
1.001874,0.276979,0.280752,0.1,0.1,0.1
0.379325,-0.053468,0.010000,0.1,0.1,0.1
0.534024,-0.368621,0.026499,0.1,0.1,0.1
0.502048,-0.037991,0.040313,0.1,0.1,0.1
0.560238,-0.219578,0.784615,0.1,0.1,0.1
0.517027,-0.584452,0.678203,0.1,0.1,0.1
0.407424,0.288359,0.190497,0.1,0.1,0.1
0.663520,0.475788,0.378641,0.1,0.1,0.1
0.699675,0.266168,0.010000,0.1,0.1,0.1
0.503285,-0.042462,0.054637,0.1,0.1,0.1
1.027129,0.332726,0.428774,0.1,0.1,0.1
0.934441,0.024752,0.538513,0.1,0.1,0.1
0.897274,0.358397,0.401307,0.1,0.1,0.1
0.605123,-0.087193,0.363043,0.1,0.1,0.1
0.731794,-0.622831,0.397307,0.1,0.1,0.1
0.776763,0.455864,0.194262,0.1,0.1,0.1
0.378708,0.254514,0.316873,0.1,0.1,0.1
0.349847,0.072995,0.112312,0.1,0.1,0.1
0.721966,-0.048571,0.397307,0.1,0.1,0.1
0.342780,-0.362803,0.014000,0.1,0.1,0.1
0.713794,0.395918,0.774615,0.1,0.1,0.1
0.823442,-0.429150,0.301736,0.1,0.1,0.1
0.316039,0.011738,0.066606,0.1,0.1,0.1
0.732602,0.456660,0.784615,0.1,0.1,0.1
1.002287,0.239807,0.521056,0.1,0.1,0.1
0.678359,-0.181776,0.397307,0.1,0.1,0.1
0.902083,0.006102,0.751147,0.1,0.1,0.1
0.821199,0.094004,0.784615,0.1,0.1,0.1
0.827876,0.414232,0.397307,0.1,0.1,0.1
0.701183,0.465719,0.263781,0.1,0.1,0.1
0.737116,-0.218343,0.397307,0.1,0.1,0.1
0.768369,0.447757,0.047709,0.1,0.1,0.1
0.841112,-0.237442,0.642058,0.1,0.1,0.1
0.808215,-0.119844,0.235528,0.1,0.1,0.1
0.970591,0.159967,0.515495,0.1,0.1,0.1
0.999101,0.227889,0.707464,0.1,0.1,0.1
0.940309,0.412140,0.053354,0.1,0.1,0.1
1.025421,0.326337,0.564746,0.1,0.1,0.1
0.784397,-0.278654,0.387307,0.1,0.1,0.1
0.755627,0.451164,0.638336,0.1,0.1,0.1
0.791142,0.437528,0.506754,0.1,0.1,0.1
0.673888,-0.217767,0.774615,0.1,0.1,0.1
0.513775,-0.472534,0.387307,0.1,0.1,0.1
0.858441,-0.298240,0.051000,0.1,0.1,0.1
0.958676,0.202296,0.463869,0.1,0.1,0.1
0.860333,-0.150061,0.441381,0.1,0.1,0.1
0.747939,-0.570464,0.537624,0.1,0.1,0.1
0.950986,0.173532,0.679033,0.1,0.1,0.1
0.624375,-0.030668,0.152737,0.1,0.1,0.1
0.395857,0.318659,0.102604,0.1,0.1,0.1
0.521449,-0.364925,0.401307,0.1,0.1,0.1
0.252120,-0.513630,0.128573,0.1,0.1,0.1
0.938529,0.040042,0.599194,0.1,0.1,0.1
0.845724,-0.345807,0.466330,0.1,0.1,0.1
0.282819,-0.104153,0.053821,0.1,0.1,0.1
0.742515,-0.290732,0.397307,0.1,0.1,0.1
0.926060,-0.045313,0.247549,0.1,0.1,0.1
0.249848,-0.227478,0.062176,0.1,0.1,0.1
0.913145,-0.054903,0.202355,0.1,0.1,0.1
0.337099,0.098877,0.305185,0.1,0.1,0.1
0.495854,-0.495906,0.367670,0.1,0.1,0.1
0.469835,-0.014887,0.218925,0.1,0.1,0.1
0.469055,-0.457721,0.010000,0.1,0.1,0.1
0.728773,-0.642154,0.761712,0.1,0.1,0.1
0.224370,-0.396344,0.272872,0.1,0.1,0.1
1.002226,0.385236,0.520125,0.1,0.1,0.1
0.663123,-0.638003,0.329779,0.1,0.1,0.1
0.294848,-0.132723,0.195522,0.1,0.1,0.1
0.565508,-0.017349,0.010000,0.1,0.1,0.1
0.503850,-0.238446,0.010000,0.1,0.1,0.1
1.037643,0.372055,0.179870,0.1,0.1,0.1
0.650728,-0.484943,0.387307,0.1,0.1,0.1
0.794666,-0.498067,0.125868,0.1,0.1,0.1
0.964578,0.395300,0.691737,0.1,0.1,0.1
0.569463,0.472424,0.010000,0.1,0.1,0.1
0.416135,0.320942,0.122856,0.1,0.1,0.1
0.938774,0.040957,0.683319,0.1,0.1,0.1
0.590558,-0.604111,0.599468,0.1,0.1,0.1
0.723172,-0.086757,0.134170,0.1,0.1,0.1
0.299455,-0.526285,0.307385,0.1,0.1,0.1
0.781957,-0.584324,0.568364,0.1,0.1,0.1
0.723842,-0.654236,0.326924,0.1,0.1,0.1
0.696637,-0.544076,0.387307,0.1,0.1,0.1
0.994593,0.249747,0.167969,0.1,0.1,0.1
0.833068,-0.393144,0.340194,0.1,0.1,0.1
0.984697,0.174013,0.105819,0.1,0.1,0.1
0.350032,0.073688,0.294868,0.1,0.1,0.1
0.655156,0.099954,0.070921,0.1,0.1,0.1
0.999551,0.268293,0.554009,0.1,0.1,0.1
0.544646,-0.215836,0.492128,0.1,0.1,0.1
0.732204,0.388147,0.327105,0.1,0.1,0.1
0.938352,0.402312,0.031980,0.1,0.1,0.1
0.529767,0.249956,0.014000,0.1,0.1,0.1
0.699264,0.436066,0.664363,0.1,0.1,0.1
0.538676,-0.401447,0.000000,0.1,0.1,0.1
0.734833,-0.619486,0.525365,0.1,0.1,0.1
0.853263,0.435412,0.391035,0.1,0.1,0.1
0.841917,-0.128855,0.151920,0.1,0.1,0.1
0.527346,0.472272,0.014000,0.1,0.1,0.1
0.705724,-0.102675,0.774615,0.1,0.1,0.1
0.636207,-0.226724,0.387307,0.1,0.1,0.1
0.849056,-0.192241,0.746656,0.1,0.1,0.1
0.372105,-0.549848,0.225066,0.1,0.1,0.1
0.336259,0.095736,0.131639,0.1,0.1,0.1
0.408834,0.062937,0.010000,0.1,0.1,0.1
0.793289,-0.400836,0.413047,0.1,0.1,0.1
0.527597,-0.206042,0.763300,0.1,0.1,0.1
0.708738,0.284888,0.118019,0.1,0.1,0.1
0.755283,0.451255,0.538489,0.1,0.1,0.1
0.544946,-0.591916,0.617990,0.1,0.1,0.1
0.598223,-0.113001,0.249621,0.1,0.1,0.1
0.519715,-0.235527,0.536873,0.1,0.1,0.1
0.887396,-0.151215,0.393298,0.1,0.1,0.1
0.387536,-0.553973,0.326962,0.1,0.1,0.1
0.827877,0.442199,0.233466,0.1,0.1,0.1
0.689668,-0.402187,0.401307,0.1,0.1,0.1
0.428707,0.441529,0.289817,0.1,0.1,0.1
0.588176,-0.328198,0.000000,0.1,0.1,0.1
0.658190,0.208865,0.509055,0.1,0.1,0.1
0.644176,0.230012,0.674239,0.1,0.1,0.1
0.582644,-0.073708,0.540445,0.1,0.1,0.1
0.542184,-0.378382,0.397307,0.1,0.1,0.1
0.645036,-0.444601,0.401307,0.1,0.1,0.1
0.893432,0.247263,0.000000,0.1,0.1,0.1
0.750157,-0.093971,0.212270,0.1,0.1,0.1
0.571304,-0.613455,0.423185,0.1,0.1,0.1
0.730825,0.250981,0.401307,0.1,0.1,0.1
0.368003,-0.213606,0.010000,0.1,0.1,0.1
0.573059,-0.109562,0.600260,0.1,0.1,0.1
0.547543,-0.054294,0.076468,0.1,0.1,0.1
0.849249,0.369249,0.784615,0.1,0.1,0.1
0.777064,0.364123,0.401307,0.1,0.1,0.1
0.869608,-0.130855,0.548383,0.1,0.1,0.1
0.701168,-0.561421,0.010000,0.1,0.1,0.1
0.502386,-0.486960,0.058660,0.1,0.1,0.1
0.922216,0.081409,0.489002,0.1,0.1,0.1
0.460592,0.397459,0.014000,0.1,0.1,0.1
0.549476,-0.607619,0.516664,0.1,0.1,0.1
0.352022,-0.266481,0.010000,0.1,0.1,0.1
0.717799,0.247049,0.401307,0.1,0.1,0.1
0.643297,-0.065402,0.083542,0.1,0.1,0.1
0.954838,0.203428,0.507741,0.1,0.1,0.1
0.945924,0.067705,0.310270,0.1,0.1,0.1
0.734984,0.456682,0.333569,0.1,0.1,0.1
0.819606,0.061687,0.774615,0.1,0.1,0.1
0.436000,0.445280,0.387307,0.1,0.1,0.1
0.583944,-0.045394,0.059368,0.1,0.1,0.1
0.801054,0.434878,0.703021,0.1,0.1,0.1
0.192536,-0.441852,0.338858,0.1,0.1,0.1
0.772337,0.296480,0.010000,0.1,0.1,0.1
0.422655,0.105104,0.010000,0.1,0.1,0.1
0.495901,-0.406383,0.010000,0.1,0.1,0.1
0.566066,-0.062152,0.649982,0.1,0.1,0.1
0.937031,0.353531,0.397307,0.1,0.1,0.1
0.997927,0.262217,0.255079,0.1,0.1,0.1
0.805049,-0.118998,0.374481,0.1,0.1,0.1
0.255717,-0.279091,0.142754,0.1,0.1,0.1
0.698368,-0.439773,0.784615,0.1,0.1,0.1
0.663177,0.114467,0.269282,0.1,0.1,0.1
0.934682,0.025652,0.558424,0.1,0.1,0.1
0.420334,0.410210,0.230018,0.1,0.1,0.1
0.891908,0.425080,0.272725,0.1,0.1,0.1
0.916137,0.418602,0.200788,0.1,0.1,0.1
0.922424,0.066698,0.429111,0.1,0.1,0.1
0.504284,0.180055,0.014000,0.1,0.1,0.1
0.735967,-0.100529,0.159851,0.1,0.1,0.1
0.251481,-0.270854,0.010000,0.1,0.1,0.1
0.582642,-0.171282,0.084291,0.1,0.1,0.1
0.613736,-0.079682,0.784615,0.1,0.1,0.1
0.771490,-0.584755,0.232056,0.1,0.1,0.1
0.677485,-0.641842,0.636875,0.1,0.1,0.1
0.790041,-0.515367,0.558608,0.1,0.1,0.1
0.209835,-0.377145,0.200496,0.1,0.1,0.1
0.767689,-0.598973,0.759414,0.1,0.1,0.1
0.737920,0.409528,0.212546,0.1,0.1,0.1
0.564824,-0.484766,0.387307,0.1,0.1,0.1
0.290475,-0.193737,0.014000,0.1,0.1,0.1
0.770808,-0.484922,0.557621,0.1,0.1,0.1
0.511494,-0.339840,0.553481,0.1,0.1,0.1
0.771213,0.446996,0.616515,0.1,0.1,0.1
0.767967,-0.597932,0.270497,0.1,0.1,0.1
0.685390,-0.643956,0.523288,0.1,0.1,0.1
0.306704,-0.088377,0.135851,0.1,0.1,0.1
0.262287,-0.463159,0.010000,0.1,0.1,0.1
0.468338,-0.575576,0.543661,0.1,0.1,0.1
0.411223,0.264161,0.014000,0.1,0.1,0.1
0.631089,-0.619087,0.474829,0.1,0.1,0.1
0.800478,0.115388,0.010000,0.1,0.1,0.1
0.781824,-0.334415,0.784615,0.1,0.1,0.1
1.026256,0.389162,0.197675,0.1,0.1,0.1
0.458522,-0.318663,0.014000,0.1,0.1,0.1
0.214143,-0.361032,0.098933,0.1,0.1,0.1
0.842514,0.427934,0.592485,0.1,0.1,0.1
0.907177,0.410647,0.693470,0.1,0.1,0.1
0.943819,0.400851,0.557498,0.1,0.1,0.1
0.834600,-0.387415,0.069577,0.1,0.1,0.1
0.254874,-0.282246,0.130199,0.1,0.1,0.1
0.278118,-0.520580,0.263615,0.1,0.1,0.1
0.543234,0.507946,0.173301,0.1,0.1,0.1
0.965974,0.142699,0.099800,0.1,0.1,0.1
0.970832,0.122153,0.498337,0.1,0.1,0.1
0.725095,-0.644220,0.088253,0.1,0.1,0.1
0.727684,0.371239,0.180350,0.1,0.1,0.1
0.524645,-0.403703,0.081658,0.1,0.1,0.1
0.539379,-0.333103,0.377241,0.1,0.1,0.1
0.959048,0.396779,0.298681,0.1,0.1,0.1
0.395264,0.242876,0.054391,0.1,0.1,0.1
0.892112,-0.172296,0.752565,0.1,0.1,0.1
0.563905,0.055464,0.010000,0.1,0.1,0.1
0.589116,-0.353563,0.387307,0.1,0.1,0.1
0.569814,-0.598565,0.680309,0.1,0.1,0.1
0.606987,-0.608503,0.712328,0.1,0.1,0.1
0.754042,0.089238,0.397307,0.1,0.1,0.1
0.362321,0.119653,0.053918,0.1,0.1,0.1
0.988975,0.206097,0.397307,0.1,0.1,0.1
0.890543,0.403936,0.387307,0.1,0.1,0.1
0.960688,0.392200,0.688824,0.1,0.1,0.1
0.724174,-0.654325,0.100744,0.1,0.1,0.1
0.480274,-0.192760,0.014000,0.1,0.1,0.1
0.696284,0.253791,0.066051,0.1,0.1,0.1
0.233257,-0.512727,0.035385,0.1,0.1,0.1
0.211842,-0.502862,0.200588,0.1,0.1,0.1
0.439748,-0.434414,0.014000,0.1,0.1,0.1
0.693648,-0.282966,0.000000,0.1,0.1,0.1
0.404312,0.276720,0.064536,0.1,0.1,0.1
0.891312,0.410748,0.415428,0.1,0.1,0.1
0.504399,-0.042760,0.339578,0.1,0.1,0.1
0.953381,0.182490,0.527571,0.1,0.1,0.1
0.496082,-0.323925,0.575067,0.1,0.1,0.1
0.426424,-0.021914,0.352233,0.1,0.1,0.1
0.480724,-0.578887,0.571674,0.1,0.1,0.1
0.371387,0.227129,0.045980,0.1,0.1,0.1
0.619461,0.044233,0.784615,0.1,0.1,0.1
0.854880,0.246707,0.774615,0.1,0.1,0.1
0.331761,0.005347,0.266563,0.1,0.1,0.1
0.855045,0.430613,0.784615,0.1,0.1,0.1
0.427238,0.362472,0.041083,0.1,0.1,0.1
0.205261,-0.467816,0.327757,0.1,0.1,0.1
0.650718,-0.624335,0.711485,0.1,0.1,0.1
0.397734,0.325679,0.227608,0.1,0.1,0.1
0.726151,0.463071,0.534473,0.1,0.1,0.1
0.822393,0.429173,0.463399,0.1,0.1,0.1
0.217933,-0.420421,0.363687,0.1,0.1,0.1
0.735046,-0.440236,0.397307,0.1,0.1,0.1
0.586207,-0.060381,0.116468,0.1,0.1,0.1
0.265701,-0.521401,0.219919,0.1,0.1,0.1
0.470902,0.525795,0.236272,0.1,0.1,0.1
0.579807,-0.584861,0.774615,0.1,0.1,0.1
0.654101,0.377027,0.010000,0.1,0.1,0.1
0.739167,0.062251,0.397307,0.1,0.1,0.1
0.614198,-0.290264,0.000000,0.1,0.1,0.1
0.426000,0.431404,0.103831,0.1,0.1,0.1
0.636826,-0.152333,0.774615,0.1,0.1,0.1
0.759878,0.138606,0.000000,0.1,0.1,0.1
0.742404,-0.091899,0.076919,0.1,0.1,0.1
0.883617,-0.078458,0.635448,0.1,0.1,0.1
0.682589,-0.621869,0.010000,0.1,0.1,0.1
0.919443,0.055549,0.694162,0.1,0.1,0.1
0.991385,0.340131,0.510535,0.1,0.1,0.1
0.720651,-0.643032,0.616018,0.1,0.1,0.1
0.783601,-0.437074,0.403718,0.1,0.1,0.1
0.449036,-0.570415,0.522037,0.1,0.1,0.1
0.484577,0.259809,0.014000,0.1,0.1,0.1
0.805240,-0.042155,0.401307,0.1,0.1,0.1
0.388740,0.292037,0.129768,0.1,0.1,0.1
0.599507,-0.573990,0.397307,0.1,0.1,0.1
0.751612,0.445255,0.105162,0.1,0.1,0.1
0.880595,-0.139195,0.201271,0.1,0.1,0.1
0.750292,-0.650956,0.384179,0.1,0.1,0.1
0.195528,-0.430658,0.120167,0.1,0.1,0.1
0.339871,0.078443,0.010000,0.1,0.1,0.1
0.866268,-0.054165,0.397307,0.1,0.1,0.1
0.703272,-0.634245,0.656712,0.1,0.1,0.1
0.343735,0.018826,0.050102,0.1,0.1,0.1
0.587468,-0.603285,0.513375,0.1,0.1,0.1
0.708828,0.463675,0.549478,0.1,0.1,0.1
0.747888,0.291791,0.397307,0.1,0.1,0.1
0.795963,0.377808,0.387307,0.1,0.1,0.1
0.926078,-0.045245,0.595188,0.1,0.1,0.1
0.982314,0.390559,0.764529,0.1,0.1,0.1
0.971203,0.331728,0.784615,0.1,0.1,0.1
0.250338,-0.299213,0.217443,0.1,0.1,0.1
0.617651,0.057234,0.541698,0.1,0.1,0.1
0.465570,-0.438051,0.543149,0.1,0.1,0.1
0.514047,-0.256725,0.544946,0.1,0.1,0.1
0.711795,0.296322,0.177392,0.1,0.1,0.1
0.625573,-0.627964,0.482203,0.1,0.1,0.1
0.524016,0.460360,0.014000,0.1,0.1,0.1
0.884583,-0.059357,0.590149,0.1,0.1,0.1
0.788316,-0.443030,0.397307,0.1,0.1,0.1
0.865986,0.049748,0.397307,0.1,0.1,0.1
0.296663,-0.203313,0.014000,0.1,0.1,0.1
0.692075,0.224245,0.387307,0.1,0.1,0.1
0.687769,-0.634241,0.401203,0.1,0.1,0.1
0.528765,-0.566298,0.397307,0.1,0.1,0.1
0.396092,0.000688,0.135832,0.1,0.1,0.1
0.373999,0.006594,0.283369,0.1,0.1,0.1
0.889224,0.415446,0.425936,0.1,0.1,0.1
0.256283,-0.518883,0.315334,0.1,0.1,0.1
0.517632,-0.243317,0.411583,0.1,0.1,0.1
0.889148,-0.141482,0.250658,0.1,0.1,0.1
0.897340,-0.114023,0.176055,0.1,0.1,0.1
0.658137,-0.622178,0.622438,0.1,0.1,0.1
0.726699,0.458897,0.592198,0.1,0.1,0.1
0.688974,-0.634563,0.595879,0.1,0.1,0.1
0.847320,-0.301118,0.230257,0.1,0.1,0.1
0.873156,-0.117585,0.691795,0.1,0.1,0.1
0.780166,-0.465792,0.010000,0.1,0.1,0.1
0.873588,0.222396,0.010000,0.1,0.1,0.1
0.608553,-0.063279,0.401307,0.1,0.1,0.1
0.917423,0.418259,0.550221,0.1,0.1,0.1
0.362249,-0.547213,0.228378,0.1,0.1,0.1
1.006371,0.293802,0.544739,0.1,0.1,0.1
0.853045,-0.121478,0.269449,0.1,0.1,0.1
0.740400,0.403315,0.239234,0.1,0.1,0.1
0.303207,-0.101457,0.319925,0.1,0.1,0.1
0.527040,-0.379256,0.035544,0.1,0.1,0.1
0.439038,0.381329,0.010000,0.1,0.1,0.1
0.855896,-0.269042,0.744019,0.1,0.1,0.1
0.524495,-0.404264,0.092467,0.1,0.1,0.1
0.792034,-0.405529,0.600191,0.1,0.1,0.1
0.344978,-0.000139,0.351304,0.1,0.1,0.1
0.964821,0.225281,0.564414,0.1,0.1,0.1
0.420759,-0.469017,0.014000,0.1,0.1,0.1
0.405865,-0.279302,0.014000,0.1,0.1,0.1
0.712718,-0.393794,0.774615,0.1,0.1,0.1
0.483012,-0.037042,0.233240,0.1,0.1,0.1
0.590189,-0.158538,0.011830,0.1,0.1,0.1
0.729456,0.019397,0.000000,0.1,0.1,0.1
0.952311,0.394440,0.431755,0.1,0.1,0.1
0.863046,-0.242297,0.476000,0.1,0.1,0.1
0.825410,-0.130862,0.397307,0.1,0.1,0.1
0.722095,-0.096820,0.076517,0.1,0.1,0.1
0.695171,-0.636219,0.353781,0.1,0.1,0.1
0.584177,-0.064089,0.032662,0.1,0.1,0.1
0.506605,-0.471178,0.368887,0.1,0.1,0.1
0.956708,0.397405,0.448182,0.1,0.1,0.1
0.738599,0.455716,0.416104,0.1,0.1,0.1
0.323331,-0.536808,0.031961,0.1,0.1,0.1
0.544489,-0.216424,0.768659,0.1,0.1,0.1
0.666388,-0.264782,0.397307,0.1,0.1,0.1
0.900815,0.197464,0.397307,0.1,0.1,0.1
0.752297,0.363646,0.784615,0.1,0.1,0.1
0.677314,0.353963,0.596576,0.1,0.1,0.1
0.449162,-0.238862,0.014000,0.1,0.1,0.1
0.632624,-0.106801,0.397307,0.1,0.1,0.1
0.816318,-0.455795,0.685751,0.1,0.1,0.1
0.986165,0.305119,0.700940,0.1,0.1,0.1
0.709979,0.141030,0.387307,0.1,0.1,0.1
0.880785,-0.089048,0.611481,0.1,0.1,0.1
0.551564,-0.287525,0.114156,0.1,0.1,0.1
0.678992,0.461813,0.014000,0.1,0.1,0.1
0.878358,0.428703,0.599804,0.1,0.1,0.1
0.378335,0.253116,0.341954,0.1,0.1,0.1
0.874627,-0.096595,0.499173,0.1,0.1,0.1
0.403020,0.105537,0.010000,0.1,0.1,0.1
0.800538,-0.358786,0.774615,0.1,0.1,0.1
0.903054,0.251426,0.010000,0.1,0.1,0.1
0.684760,0.120825,0.000000,0.1,0.1,0.1
0.450373,0.210095,0.014000,0.1,0.1,0.1
0.495794,-0.021827,0.317187,0.1,0.1,0.1
0.821000,-0.312673,0.436754,0.1,0.1,0.1
0.335316,0.018643,0.321258,0.1,0.1,0.1
1.001147,0.235543,0.008360,0.1,0.1,0.1
0.309647,-0.077369,0.190525,0.1,0.1,0.1
0.619495,-0.221851,0.774615,0.1,0.1,0.1
0.858208,-0.262324,0.774615,0.1,0.1,0.1
0.853576,-0.029553,0.000000,0.1,0.1,0.1
0.999380,0.326784,0.010000,0.1,0.1,0.1
1.002148,0.278005,0.149608,0.1,0.1,0.1
0.672578,0.050199,0.774615,0.1,0.1,0.1
0.542686,-0.048856,0.323698,0.1,0.1,0.1
0.739006,0.413587,0.357201,0.1,0.1,0.1
0.718905,-0.642565,0.002387,0.1,0.1,0.1
0.361189,-0.360512,0.014000,0.1,0.1,0.1
0.676894,0.191939,0.397307,0.1,0.1,0.1
0.476382,-0.573586,0.537314,0.1,0.1,0.1
0.382192,0.008544,0.339245,0.1,0.1,0.1
0.828936,-0.408602,0.690834,0.1,0.1,0.1
0.742303,-0.648820,0.495926,0.1,0.1,0.1
0.826390,-0.418124,0.472064,0.1,0.1,0.1
0.734212,0.380169,0.376616,0.1,0.1,0.1
0.794815,-0.497510,0.078507,0.1,0.1,0.1
0.509216,-0.348359,0.420569,0.1,0.1,0.1
0.946325,0.225648,0.010000,0.1,0.1,0.1
0.368225,-0.544670,0.045368,0.1,0.1,0.1
0.485311,-0.580114,0.669123,0.1,0.1,0.1
0.724369,0.456403,0.688798,0.1,0.1,0.1
0.384415,0.003809,0.095730,0.1,0.1,0.1
0.600420,-0.064291,0.073813,0.1,0.1,0.1
0.709921,0.119335,0.010000,0.1,0.1,0.1
0.699472,-0.633229,0.743788,0.1,0.1,0.1
0.473217,-0.423767,0.014000,0.1,0.1,0.1
0.630584,0.008045,0.252485,0.1,0.1,0.1
0.241376,-0.332732,0.286763,0.1,0.1,0.1
0.406967,-0.472152,0.010000,0.1,0.1,0.1
1.015383,0.327510,0.354338,0.1,0.1,0.1
0.277063,-0.520298,0.152994,0.1,0.1,0.1
0.938442,0.142100,0.720257,0.1,0.1,0.1
0.824906,-0.423674,0.482329,0.1,0.1,0.1
0.757597,-0.082866,0.774615,0.1,0.1,0.1
0.774461,-0.110820,0.158532,0.1,0.1,0.1
0.667376,0.316791,0.585507,0.1,0.1,0.1
0.853310,0.425048,0.522926,0.1,0.1,0.1
0.330577,0.074481,0.381841,0.1,0.1,0.1
0.748654,0.035789,0.401307,0.1,0.1,0.1
0.760703,-0.663822,0.727258,0.1,0.1,0.1
0.811175,-0.436315,0.328592,0.1,0.1,0.1
0.626645,-0.022176,0.340947,0.1,0.1,0.1
0.876546,-0.089418,0.619198,0.1,0.1,0.1
0.817768,0.136784,0.401307,0.1,0.1,0.1
0.830225,-0.081452,0.397307,0.1,0.1,0.1
0.357859,-0.541899,0.277517,0.1,0.1,0.1
0.517804,-0.599152,0.383624,0.1,0.1,0.1
0.970407,0.246174,0.491338,0.1,0.1,0.1
0.741148,0.421600,0.078266,0.1,0.1,0.1
0.684297,-0.643663,0.311545,0.1,0.1,0.1
0.754904,-0.211468,0.397307,0.1,0.1,0.1
0.828537,0.282126,0.774615,0.1,0.1,0.1
0.436794,0.471777,0.187277,0.1,0.1,0.1
0.750002,0.452667,0.669849,0.1,0.1,0.1
0.523112,-0.033271,0.282268,0.1,0.1,0.1
0.500562,-0.580051,0.547272,0.1,0.1,0.1
0.778343,-0.597841,0.283534,0.1,0.1,0.1
0.800932,-0.474629,0.526803,0.1,0.1,0.1
0.765849,-0.605856,0.126997,0.1,0.1,0.1
0.898427,0.408845,0.433258,0.1,0.1,0.1
0.670397,-0.278744,0.010000,0.1,0.1,0.1
0.496796,-0.026236,0.325041,0.1,0.1,0.1
0.983674,0.386055,0.468792,0.1,0.1,0.1
0.754754,0.410263,0.774615,0.1,0.1,0.1
0.795672,-0.131847,0.784615,0.1,0.1,0.1
0.839699,-0.368342,0.154693,0.1,0.1,0.1
0.501420,-0.475086,0.289832,0.1,0.1,0.1
0.475846,-0.035126,0.060187,0.1,0.1,0.1
0.915236,0.055300,0.713203,0.1,0.1,0.1
0.463346,-0.446371,0.537324,0.1,0.1,0.1
0.481659,-0.589489,0.076867,0.1,0.1,0.1
0.440308,-0.113910,0.014000,0.1,0.1,0.1
0.658194,-0.044828,0.397307,0.1,0.1,0.1
0.644045,0.229522,0.502190,0.1,0.1,0.1
0.452290,-0.487726,0.499828,0.1,0.1,0.1
0.820324,-0.402096,0.575045,0.1,0.1,0.1
0.511166,0.040846,0.010000,0.1,0.1,0.1
0.862848,-0.134450,0.370671,0.1,0.1,0.1
0.906362,-0.118992,0.486667,0.1,0.1,0.1
0.215743,-0.503904,0.266288,0.1,0.1,0.1
0.895454,-0.159793,0.520040,0.1,0.1,0.1
0.865245,0.417717,0.656047,0.1,0.1,0.1
0.736571,-0.333668,0.397307,0.1,0.1,0.1
0.651824,0.153114,0.014000,0.1,0.1,0.1
0.454040,-0.554742,0.438804,0.1,0.1,0.1
0.864357,-0.190556,0.000000,0.1,0.1,0.1
0.750516,0.462881,0.034942,0.1,0.1,0.1
0.517451,-0.588706,0.755262,0.1,0.1,0.1
0.824556,-0.386265,0.281160,0.1,0.1,0.1
0.334475,0.089062,0.299823,0.1,0.1,0.1
0.550277,-0.147792,0.014000,0.1,0.1,0.1
0.911261,-0.100668,0.522908,0.1,0.1,0.1
0.489802,-0.556095,0.397307,0.1,0.1,0.1
0.730823,-0.634486,0.584244,0.1,0.1,0.1
0.393320,0.309169,0.207340,0.1,0.1,0.1
0.563839,-0.611459,0.603790,0.1,0.1,0.1
0.481308,0.306348,0.010000,0.1,0.1,0.1
0.954337,0.060455,0.290375,0.1,0.1,0.1
0.801798,-0.107778,0.175348,0.1,0.1,0.1
0.302715,-0.029732,0.143558,0.1,0.1,0.1
0.535158,-0.272479,0.401307,0.1,0.1,0.1
0.890400,-0.178697,0.545466,0.1,0.1,0.1
0.380132,0.186273,0.048579,0.1,0.1,0.1
0.720285,0.268527,0.010000,0.1,0.1,0.1
0.647804,-0.469863,0.397307,0.1,0.1,0.1
0.975118,0.271660,0.000000,0.1,0.1,0.1
0.798069,-0.316147,0.387307,0.1,0.1,0.1
0.392170,0.304867,0.282361,0.1,0.1,0.1
0.348895,-0.539503,0.214020,0.1,0.1,0.1
0.708974,0.285768,0.186320,0.1,0.1,0.1
0.483922,-0.033145,0.064150,0.1,0.1,0.1
0.922013,0.406680,0.481158,0.1,0.1,0.1
0.762261,-0.087572,0.397307,0.1,0.1,0.1
0.414470,-0.561174,0.307913,0.1,0.1,0.1
0.452061,-0.581575,0.131135,0.1,0.1,0.1
0.518860,-0.042486,0.154549,0.1,0.1,0.1
0.550131,-0.195320,0.388587,0.1,0.1,0.1
0.968917,0.240602,0.488556,0.1,0.1,0.1
0.606416,-0.126869,0.397307,0.1,0.1,0.1
0.828883,-0.370079,0.580089,0.1,0.1,0.1
0.896561,-0.133112,0.357989,0.1,0.1,0.1
0.631324,-0.286868,0.397307,0.1,0.1,0.1
0.682948,0.204611,0.010000,0.1,0.1,0.1
0.715098,0.421727,0.522961,0.1,0.1,0.1
0.308219,-0.528628,0.206114,0.1,0.1,0.1
0.493604,-0.424488,0.401307,0.1,0.1,0.1
0.477631,-0.466504,0.396711,0.1,0.1,0.1
0.542561,-0.595419,0.553576,0.1,0.1,0.1
0.410358,0.001014,0.352391,0.1,0.1,0.1
0.649491,-0.309817,0.784615,0.1,0.1,0.1
0.515703,-0.588239,0.079501,0.1,0.1,0.1
0.387758,0.214799,0.113016,0.1,0.1,0.1
0.809262,0.436824,0.539225,0.1,0.1,0.1
0.817863,-0.273407,0.387307,0.1,0.1,0.1
0.675268,-0.541802,0.010000,0.1,0.1,0.1
0.377350,0.009839,0.372137,0.1,0.1,0.1
0.652445,0.474608,0.070733,0.1,0.1,0.1
0.755852,0.185419,0.397307,0.1,0.1,0.1
0.463261,-0.027621,0.062550,0.1,0.1,0.1
0.864178,-0.135680,0.760035,0.1,0.1,0.1
0.976032,0.141602,0.191591,0.1,0.1,0.1
0.750494,-0.560906,0.673276,0.1,0.1,0.1
0.601757,-0.621597,0.018823,0.1,0.1,0.1
0.984379,0.400358,0.381030,0.1,0.1,0.1
0.655558,-0.043426,0.397307,0.1,0.1,0.1
0.754069,-0.649918,0.055177,0.1,0.1,0.1
0.449110,0.444284,0.365564,0.1,0.1,0.1
0.656407,-0.636207,0.714820,0.1,0.1,0.1
0.918138,0.318263,0.774615,0.1,0.1,0.1
0.638655,0.326095,0.014000,0.1,0.1,0.1
0.386177,0.282448,0.172703,0.1,0.1,0.1
0.725800,0.454997,0.461847,0.1,0.1,0.1
0.531200,-0.238190,0.010000,0.1,0.1,0.1
0.538176,-0.240040,0.771585,0.1,0.1,0.1
0.351542,-0.544351,0.026141,0.1,0.1,0.1
0.870595,-0.252779,0.550620,0.1,0.1,0.1
0.565937,-0.360602,0.010000,0.1,0.1,0.1
0.544297,-0.314709,0.384756,0.1,0.1,0.1
0.472362,-0.587003,0.298335,0.1,0.1,0.1
0.544269,-0.330298,0.048901,0.1,0.1,0.1
0.872509,0.419915,0.588363,0.1,0.1,0.1
0.455506,-0.029689,0.087792,0.1,0.1,0.1
0.447526,-0.579108,0.206408,0.1,0.1,0.1
0.548832,-0.054639,0.123931,0.1,0.1,0.1
0.971006,0.161520,0.669329,0.1,0.1,0.1
0.488961,-0.521687,0.172318,0.1,0.1,0.1
0.424481,-0.451479,0.014000,0.1,0.1,0.1
0.984329,0.270253,0.784615,0.1,0.1,0.1
0.560998,-0.053751,0.252606,0.1,0.1,0.1
0.756007,-0.642670,0.600304,0.1,0.1,0.1
0.968580,0.239340,0.599537,0.1,0.1,0.1
0.527340,-0.591350,0.090485,0.1,0.1,0.1
0.540876,-0.590828,0.538852,0.1,0.1,0.1
0.766830,0.223535,0.010000,0.1,0.1,0.1
0.542703,-0.038509,0.101557,0.1,0.1,0.1
0.966304,0.394839,0.459764,0.1,0.1,0.1
0.658248,0.209083,0.495611,0.1,0.1,0.1
0.541798,-0.052758,0.382904,0.1,0.1,0.1
0.820049,0.444291,0.052021,0.1,0.1,0.1
0.763662,0.449015,0.601240,0.1,0.1,0.1
0.872279,0.108754,0.774615,0.1,0.1,0.1
0.451594,0.453575,0.182422,0.1,0.1,0.1
0.567542,-0.597958,0.675806,0.1,0.1,0.1
0.892589,-0.082621,0.397307,0.1,0.1,0.1
0.605638,0.491263,0.271974,0.1,0.1,0.1
0.779495,0.440642,0.411386,0.1,0.1,0.1
0.716559,-0.081078,0.401307,0.1,0.1,0.1
0.619143,-0.016532,0.387307,0.1,0.1,0.1
0.732734,-0.656613,0.278295,0.1,0.1,0.1
0.587433,-0.607416,0.697966,0.1,0.1,0.1
0.246073,-0.315164,0.073941,0.1,0.1,0.1
0.325685,0.056182,0.161689,0.1,0.1,0.1
0.190149,-0.501202,0.283652,0.1,0.1,0.1
0.572316,-0.056777,0.039498,0.1,0.1,0.1
0.591185,0.495127,0.079063,0.1,0.1,0.1
0.699487,0.462032,0.194013,0.1,0.1,0.1
0.676295,-0.136445,0.000000,0.1,0.1,0.1
0.614350,0.118450,0.454851,0.1,0.1,0.1
0.606437,0.015287,0.528270,0.1,0.1,0.1
0.747745,-0.571188,0.708396,0.1,0.1,0.1
0.606703,-0.070111,0.300720,0.1,0.1,0.1
0.875075,0.419229,0.596825,0.1,0.1,0.1
0.745730,0.438741,0.227907,0.1,0.1,0.1
0.519797,-0.308784,0.448703,0.1,0.1,0.1
0.297068,-0.445761,0.010000,0.1,0.1,0.1
0.442891,-0.568773,0.592600,0.1,0.1,0.1
0.699847,-0.134328,0.774615,0.1,0.1,0.1
0.666262,-0.351959,0.397307,0.1,0.1,0.1
0.941735,0.154417,0.445929,0.1,0.1,0.1
0.467124,-0.571111,0.454609,0.1,0.1,0.1
0.793597,-0.415170,0.462863,0.1,0.1,0.1
0.787217,-0.114231,0.350216,0.1,0.1,0.1
0.352597,-0.544633,0.269847,0.1,0.1,0.1
0.465765,-0.570747,0.452222,0.1,0.1,0.1
0.535175,-0.251265,0.666589,0.1,0.1,0.1
0.433652,0.162420,0.010000,0.1,0.1,0.1
0.542890,-0.148843,0.445764,0.1,0.1,0.1
0.622078,0.147356,0.474010,0.1,0.1,0.1
0.533874,-0.369182,0.281395,0.1,0.1,0.1
0.866666,-0.126372,0.629082,0.1,0.1,0.1
0.750661,0.462842,0.589356,0.1,0.1,0.1
0.374272,0.164357,0.174538,0.1,0.1,0.1
0.619639,-0.626377,0.375664,0.1,0.1,0.1
0.858251,0.434078,0.141505,0.1,0.1,0.1
0.280906,-0.111309,0.291619,0.1,0.1,0.1
0.280353,-0.525318,0.366445,0.1,0.1,0.1
0.808601,-0.343560,0.679193,0.1,0.1,0.1
0.568333,0.501236,0.308725,0.1,0.1,0.1
0.806755,-0.119454,0.183741,0.1,0.1,0.1
0.504202,-0.402129,0.387307,0.1,0.1,0.1
0.367630,-0.544511,0.171248,0.1,0.1,0.1
0.316639,-0.530879,0.270509,0.1,0.1,0.1
0.746345,0.453645,0.336908,0.1,0.1,0.1
0.699544,0.140130,0.397307,0.1,0.1,0.1
0.576289,-0.195044,0.172325,0.1,0.1,0.1
0.687793,-0.644598,0.426132,0.1,0.1,0.1
0.686642,-0.633939,0.444519,0.1,0.1,0.1
0.373671,0.235672,0.302111,0.1,0.1,0.1
0.527110,-0.048832,0.310117,0.1,0.1,0.1
0.777013,-0.352154,0.397307,0.1,0.1,0.1
0.803307,-0.118532,0.246705,0.1,0.1,0.1
0.758233,-0.663430,0.316751,0.1,0.1,0.1
0.886649,-0.051628,0.511004,0.1,0.1,0.1
0.575185,-0.061685,0.188154,0.1,0.1,0.1
0.288514,-0.082851,0.041607,0.1,0.1,0.1
0.352386,-0.002120,0.289384,0.1,0.1,0.1
0.658490,-0.626413,0.406616,0.1,0.1,0.1
0.694478,-0.631894,0.759570,0.1,0.1,0.1
0.415222,-0.105747,0.014000,0.1,0.1,0.1
0.530187,0.504282,0.014000,0.1,0.1,0.1
0.589321,-0.061323,0.146458,0.1,0.1,0.1
0.868871,0.024980,0.784615,0.1,0.1,0.1
0.911384,0.025405,0.426327,0.1,0.1,0.1
0.498284,0.447166,0.010000,0.1,0.1,0.1
0.816487,-0.455166,0.612197,0.1,0.1,0.1
0.269677,-0.153312,0.067859,0.1,0.1,0.1
0.701036,0.271564,0.011891,0.1,0.1,0.1
0.179422,-0.498335,0.091108,0.1,0.1,0.1
0.879554,0.418032,0.607836,0.1,0.1,0.1
0.733838,0.269663,0.387307,0.1,0.1,0.1
0.367732,-0.548679,0.374762,0.1,0.1,0.1
0.892984,-0.142507,0.038487,0.1,0.1,0.1
0.331941,0.079585,0.334525,0.1,0.1,0.1
0.428535,0.367323,0.080489,0.1,0.1,0.1
0.499436,-0.384941,0.444545,0.1,0.1,0.1
0.531502,0.107077,0.010000,0.1,0.1,0.1
0.826556,0.442552,0.508295,0.1,0.1,0.1
0.703136,-0.251345,0.010000,0.1,0.1,0.1
0.894287,-0.125441,0.263217,0.1,0.1,0.1
0.883691,-0.078180,0.697434,0.1,0.1,0.1
0.751226,-0.558168,0.689713,0.1,0.1,0.1
0.754276,0.451525,0.699858,0.1,0.1,0.1
0.355961,0.169429,0.090984,0.1,0.1,0.1
0.534287,0.510338,0.277992,0.1,0.1,0.1
0.630130,0.484715,0.134825,0.1,0.1,0.1
0.600105,-0.064206,0.089703,0.1,0.1,0.1
0.496410,-0.036484,0.324725,0.1,0.1,0.1
0.497915,-0.390631,0.731338,0.1,0.1,0.1
0.483680,-0.579677,0.689537,0.1,0.1,0.1
0.468809,-0.014613,0.107065,0.1,0.1,0.1
0.520170,-0.032485,0.087539,0.1,0.1,0.1
0.535942,-0.032561,0.313306,0.1,0.1,0.1
0.747932,-0.650325,0.166707,0.1,0.1,0.1
0.460432,-0.031006,0.192627,0.1,0.1,0.1
0.249612,-0.460126,0.014000,0.1,0.1,0.1
0.274468,-0.519604,0.361418,0.1,0.1,0.1
0.595915,-0.067792,0.000000,0.1,0.1,0.1
0.586268,-0.173206,0.080029,0.1,0.1,0.1
0.453849,0.439686,0.014000,0.1,0.1,0.1
0.764009,-0.337191,0.401307,0.1,0.1,0.1
0.951257,0.190035,0.404978,0.1,0.1,0.1
0.532037,-0.273113,0.010000,0.1,0.1,0.1
0.770148,-0.332165,0.397307,0.1,0.1,0.1
0.779967,0.363422,0.000000,0.1,0.1,0.1
0.356264,0.096998,0.110145,0.1,0.1,0.1
0.703206,-0.648719,0.748986,0.1,0.1,0.1
0.660741,-0.627015,0.170472,0.1,0.1,0.1
0.682176,0.470800,0.096131,0.1,0.1,0.1
0.407646,0.362752,0.135924,0.1,0.1,0.1
0.900569,0.412413,0.262534,0.1,0.1,0.1
0.284248,-0.386619,0.014000,0.1,0.1,0.1
0.406458,-0.261046,0.010000,0.1,0.1,0.1
0.561010,-0.234418,0.014000,0.1,0.1,0.1
0.449081,-0.573293,0.008926,0.1,0.1,0.1
0.938128,0.206440,0.000000,0.1,0.1,0.1
0.418415,0.403033,0.236421,0.1,0.1,0.1
0.370655,0.224389,0.041450,0.1,0.1,0.1
0.776084,-0.567570,0.610756,0.1,0.1,0.1
0.940792,0.388698,0.387307,0.1,0.1,0.1
0.730544,-0.421866,0.401307,0.1,0.1,0.1
0.581825,-0.601776,0.444241,0.1,0.1,0.1
0.850528,-0.120806,0.305017,0.1,0.1,0.1
0.883986,-0.129750,0.057206,0.1,0.1,0.1
0.653219,0.190272,0.644997,0.1,0.1,0.1
0.621874,-0.083796,0.397307,0.1,0.1,0.1
0.683694,0.304263,0.472372,0.1,0.1,0.1
1.031003,0.347219,0.421301,0.1,0.1,0.1
0.733375,0.452972,0.563619,0.1,0.1,0.1
0.857249,-0.302699,0.451413,0.1,0.1,0.1
0.563515,-0.071696,0.452323,0.1,0.1,0.1
0.482197,-0.546989,0.357540,0.1,0.1,0.1
0.526845,-0.395473,0.314362,0.1,0.1,0.1
0.659551,0.116394,0.058551,0.1,0.1,0.1
0.598919,0.060731,0.434921,0.1,0.1,0.1
0.803082,-0.154260,0.000000,0.1,0.1,0.1
0.706104,0.460263,0.208356,0.1,0.1,0.1
0.594891,-0.125464,0.151314,0.1,0.1,0.1
0.656297,-0.636178,0.480693,0.1,0.1,0.1
0.774392,-0.100451,0.179874,0.1,0.1,0.1
0.340190,-0.322222,0.010000,0.1,0.1,0.1
0.355192,-0.169771,0.010000,0.1,0.1,0.1
0.751141,0.443492,0.074505,0.1,0.1,0.1
0.968060,0.252885,0.504420,0.1,0.1,0.1
0.757671,-0.549550,0.663888,0.1,0.1,0.1
0.512765,-0.597805,0.780734,0.1,0.1,0.1
0.814561,-0.336755,0.537018,0.1,0.1,0.1
0.611866,-0.624299,0.177656,0.1,0.1,0.1
0.728388,-0.088152,0.052703,0.1,0.1,0.1
0.851568,-0.323946,0.462530,0.1,0.1,0.1
0.691819,-0.645675,0.197902,0.1,0.1,0.1
0.824636,-0.424685,0.274835,0.1,0.1,0.1
0.211692,-0.370199,0.242507,0.1,0.1,0.1
0.546488,-0.322001,0.386725,0.1,0.1,0.1
0.862105,-0.143434,0.423792,0.1,0.1,0.1
0.737011,-0.611340,0.761300,0.1,0.1,0.1
0.571476,0.018032,0.014000,0.1,0.1,0.1
0.641400,0.146064,0.615402,0.1,0.1,0.1
0.405834,0.002224,0.258402,0.1,0.1,0.1
0.945177,0.400487,0.576985,0.1,0.1,0.1
0.323963,-0.379255,0.014000,0.1,0.1,0.1
0.447159,0.436983,0.194884,0.1,0.1,0.1
0.954012,0.408477,0.082899,0.1,0.1,0.1
0.731903,-0.099442,0.288249,0.1,0.1,0.1
0.810256,0.170936,0.010000,0.1,0.1,0.1
0.884805,-0.182381,0.774615,0.1,0.1,0.1
0.629022,-0.614394,0.743824,0.1,0.1,0.1
0.716856,0.086814,0.774615,0.1,0.1,0.1
0.790969,-0.409514,0.615168,0.1,0.1,0.1
0.641062,-0.589158,0.387307,0.1,0.1,0.1
0.674109,-0.083991,0.243730,0.1,0.1,0.1
0.189436,-0.453447,0.012924,0.1,0.1,0.1
0.829606,0.133073,0.387307,0.1,0.1,0.1
0.800221,0.435101,0.495834,0.1,0.1,0.1
1.027275,0.333275,0.106625,0.1,0.1,0.1
0.978178,0.149628,0.291638,0.1,0.1,0.1
0.608130,0.486456,0.078847,0.1,0.1,0.1
0.933559,0.399453,0.639200,0.1,0.1,0.1
0.804976,-0.357122,0.609312,0.1,0.1,0.1
1.009224,0.265755,0.380928,0.1,0.1,0.1
0.623003,-0.616925,0.358716,0.1,0.1,0.1
0.850418,-0.187148,0.427872,0.1,0.1,0.1
0.898325,-0.026836,0.387307,0.1,0.1,0.1
0.470150,-0.576060,0.587266,0.1,0.1,0.1
0.302587,-0.030215,0.298853,0.1,0.1,0.1
0.668598,-0.362376,0.397307,0.1,0.1,0.1
0.762732,-0.294450,0.010000,0.1,0.1,0.1
0.599431,0.492922,0.205962,0.1,0.1,0.1
0.839427,0.287762,0.397307,0.1,0.1,0.1
0.849545,-0.120543,0.244061,0.1,0.1,0.1
0.608949,0.486237,0.265361,0.1,0.1,0.1
0.902431,0.212484,0.397307,0.1,0.1,0.1
0.767909,-0.109069,0.075235,0.1,0.1,0.1
0.781128,-0.446321,0.422556,0.1,0.1,0.1
0.860084,-0.123360,0.256876,0.1,0.1,0.1
0.700874,-0.461513,0.397307,0.1,0.1,0.1
0.866181,0.100692,0.784615,0.1,0.1,0.1
0.437081,-0.563079,0.175019,0.1,0.1,0.1
0.852163,0.435706,0.293434,0.1,0.1,0.1
0.567280,-0.040939,0.030479,0.1,0.1,0.1
0.726055,0.026289,0.397307,0.1,0.1,0.1
0.201975,-0.500224,0.102299,0.1,0.1,0.1
1.012052,0.365517,0.010000,0.1,0.1,0.1
0.501917,-0.406149,0.774615,0.1,0.1,0.1
0.743517,-0.516330,0.774615,0.1,0.1,0.1
0.819718,-0.415937,0.784615,0.1,0.1,0.1
0.905385,-0.122648,0.775064,0.1,0.1,0.1
0.207421,-0.501680,0.175086,0.1,0.1,0.1
0.885956,-0.069706,0.726564,0.1,0.1,0.1
0.548398,-0.339504,0.397307,0.1,0.1,0.1
0.872719,0.113876,0.010000,0.1,0.1,0.1
1.019981,0.305989,0.384950,0.1,0.1,0.1
0.898768,0.169593,0.000000,0.1,0.1,0.1
0.750031,0.331575,0.774615,0.1,0.1,0.1
0.546639,-0.035421,0.156870,0.1,0.1,0.1
0.706274,0.388720,0.545379,0.1,0.1,0.1
0.958518,0.076093,0.388630,0.1,0.1,0.1
0.954942,0.203817,0.639566,0.1,0.1,0.1
0.584811,-0.065604,0.574314,0.1,0.1,0.1
0.403397,0.314663,0.387307,0.1,0.1,0.1
0.548728,-0.417138,0.401307,0.1,0.1,0.1
0.544205,-0.595859,0.599591,0.1,0.1,0.1
0.813667,0.429527,0.397307,0.1,0.1,0.1
0.484552,-0.022962,0.125595,0.1,0.1,0.1
0.864101,-0.045908,0.397307,0.1,0.1,0.1
0.691837,0.468218,0.044390,0.1,0.1,0.1
0.371551,-0.108132,0.014000,0.1,0.1,0.1
0.764301,0.269991,0.010000,0.1,0.1,0.1
0.522440,-0.590040,0.600987,0.1,0.1,0.1
0.576489,0.486006,0.010000,0.1,0.1,0.1
0.696578,-0.030763,0.784615,0.1,0.1,0.1
0.643879,-0.600272,0.774615,0.1,0.1,0.1
0.973939,0.403149,0.734202,0.1,0.1,0.1
0.549584,-0.197368,0.640472,0.1,0.1,0.1
0.653505,0.021876,0.774615,0.1,0.1,0.1
0.699836,0.239957,0.387307,0.1,0.1,0.1
0.637136,0.032552,0.011376,0.1,0.1,0.1
0.784033,-0.435457,0.740548,0.1,0.1,0.1
0.496072,0.520555,0.064161,0.1,0.1,0.1
0.609379,-0.071273,0.144696,0.1,0.1,0.1
0.954119,0.383165,0.784615,0.1,0.1,0.1
0.860036,-0.056916,0.401307,0.1,0.1,0.1
0.763490,-0.097536,0.044651,0.1,0.1,0.1
0.630279,-0.629222,0.041819,0.1,0.1,0.1
0.229014,-0.507453,0.100991,0.1,0.1,0.1
0.812090,-0.345997,0.450866,0.1,0.1,0.1
0.799096,-0.137033,0.401307,0.1,0.1,0.1
0.873593,0.419625,0.477303,0.1,0.1,0.1
0.490041,-0.533135,0.104605,0.1,0.1,0.1
0.962237,0.215615,0.665745,0.1,0.1,0.1
0.832464,-0.332416,0.000000,0.1,0.1,0.1
0.514148,-0.440391,0.387307,0.1,0.1,0.1
0.657944,0.281509,0.696091,0.1,0.1,0.1
0.817730,-0.112037,0.326665,0.1,0.1,0.1
0.758544,-0.438744,0.397307,0.1,0.1,0.1
0.618230,-0.384051,0.010000,0.1,0.1,0.1
0.840601,-0.326251,0.523650,0.1,0.1,0.1
0.703242,-0.634237,0.484093,0.1,0.1,0.1
0.495608,-0.512311,0.268496,0.1,0.1,0.1
0.718150,0.433141,0.696168,0.1,0.1,0.1
0.437889,-0.006346,0.131440,0.1,0.1,0.1
0.652916,0.091575,0.237229,0.1,0.1,0.1
0.539332,-0.257388,0.010000,0.1,0.1,0.1
0.538052,-0.033699,0.010000,0.1,0.1,0.1
0.583833,-0.182314,0.067886,0.1,0.1,0.1
0.706562,0.463362,0.726079,0.1,0.1,0.1
0.556165,-0.001704,0.014000,0.1,0.1,0.1
0.657250,-0.184648,0.784615,0.1,0.1,0.1
0.935227,0.114588,0.463609,0.1,0.1,0.1
0.756210,-0.361455,0.401307,0.1,0.1,0.1
0.511497,-0.437392,0.288272,0.1,0.1,0.1
1.041071,0.384875,0.515981,0.1,0.1,0.1
0.536644,-0.343335,0.162457,0.1,0.1,0.1
0.944056,0.021999,0.342490,0.1,0.1,0.1
0.445993,0.432623,0.227801,0.1,0.1,0.1
0.833197,-0.126523,0.199122,0.1,0.1,0.1
0.983837,0.400503,0.213956,0.1,0.1,0.1
0.931663,0.116744,0.593398,0.1,0.1,0.1
1.022709,0.354913,0.009502,0.1,0.1,0.1
0.597909,-0.067760,0.385739,0.1,0.1,0.1
0.392542,-0.410603,0.010000,0.1,0.1,0.1
0.746953,0.449041,0.397307,0.1,0.1,0.1
0.805716,-0.190293,0.010000,0.1,0.1,0.1
0.824492,0.162968,0.784615,0.1,0.1,0.1
0.737736,0.408837,0.383669,0.1,0.1,0.1
0.850081,-0.329507,0.651565,0.1,0.1,0.1
0.979312,0.391361,0.771678,0.1,0.1,0.1
0.684382,-0.076387,0.298982,0.1,0.1,0.1
0.565956,-0.156593,0.000000,0.1,0.1,0.1
0.833666,-0.390907,0.103536,0.1,0.1,0.1
0.449727,-0.570600,0.157775,0.1,0.1,0.1
0.633737,-0.608627,0.401307,0.1,0.1,0.1
0.715417,-0.593938,0.397307,0.1,0.1,0.1
0.567975,-0.241628,0.038708,0.1,0.1,0.1
0.710901,-0.093828,0.117285,0.1,0.1,0.1
0.782670,-0.456042,0.560113,0.1,0.1,0.1
0.739834,-0.021600,0.397307,0.1,0.1,0.1
0.739050,-0.565130,0.397307,0.1,0.1,0.1
0.265579,-0.168638,0.170355,0.1,0.1,0.1
0.755417,0.288478,0.774615,0.1,0.1,0.1
0.586025,-0.174113,0.315657,0.1,0.1,0.1
0.924264,0.089069,0.398282,0.1,0.1,0.1
0.251169,-0.222540,0.381075,0.1,0.1,0.1
1.019147,0.341588,0.493953,0.1,0.1,0.1
0.965656,0.141510,0.277813,0.1,0.1,0.1
0.835238,-0.346310,0.232220,0.1,0.1,0.1
0.746874,0.453503,0.338534,0.1,0.1,0.1
0.846457,-0.130068,0.277226,0.1,0.1,0.1
0.531752,-0.602881,0.674694,0.1,0.1,0.1
0.845631,-0.307434,0.643651,0.1,0.1,0.1
0.872276,0.318069,0.784615,0.1,0.1,0.1
0.878649,-0.097041,0.740894,0.1,0.1,0.1
0.459897,-0.569179,0.061547,0.1,0.1,0.1
0.469596,-0.571772,0.073582,0.1,0.1,0.1
0.885001,-0.198894,0.738353,0.1,0.1,0.1
0.784690,0.403132,0.387307,0.1,0.1,0.1
0.981501,0.200779,0.520678,0.1,0.1,0.1
0.368428,-0.002268,0.285414,0.1,0.1,0.1
0.628629,-0.618429,0.612928,0.1,0.1,0.1
0.924942,0.416248,0.337943,0.1,0.1,0.1
0.926337,0.405524,0.351887,0.1,0.1,0.1
0.838737,-0.230842,0.757611,0.1,0.1,0.1
0.734985,0.356462,0.010000,0.1,0.1,0.1
0.577680,-0.018710,0.424939,0.1,0.1,0.1
0.440887,-0.021640,0.169137,0.1,0.1,0.1
0.551931,-0.564585,0.784615,0.1,0.1,0.1
0.426112,0.358260,0.099286,0.1,0.1,0.1
0.490025,-0.533195,0.080761,0.1,0.1,0.1
0.718338,0.317042,0.401307,0.1,0.1,0.1
0.763352,0.107385,0.784615,0.1,0.1,0.1
0.852217,-0.282801,0.056576,0.1,0.1,0.1
0.815861,-0.052596,0.401307,0.1,0.1,0.1
0.378868,0.255110,0.148257,0.1,0.1,0.1
0.760874,-0.079372,0.397307,0.1,0.1,0.1
0.938762,0.412554,0.585489,0.1,0.1,0.1
0.377912,0.251535,0.198055,0.1,0.1,0.1
0.806441,-0.492742,0.779958,0.1,0.1,0.1
0.512929,-0.173463,0.010000,0.1,0.1,0.1
0.861457,0.422870,0.056288,0.1,0.1,0.1
0.540495,-0.323115,0.014000,0.1,0.1,0.1
0.659110,-0.223830,0.401307,0.1,0.1,0.1
0.902172,-0.009054,0.502751,0.1,0.1,0.1
0.544602,-0.595965,0.570197,0.1,0.1,0.1
0.616395,-0.068561,0.035726,0.1,0.1,0.1
0.889026,-0.145121,0.053078,0.1,0.1,0.1
1.039391,0.385651,0.575821,0.1,0.1,0.1
0.932804,0.403795,0.735869,0.1,0.1,0.1
0.396111,0.004823,0.356667,0.1,0.1,0.1
0.648693,-0.122774,0.397307,0.1,0.1,0.1
0.435787,0.394449,0.168376,0.1,0.1,0.1
0.834230,0.430149,0.569220,0.1,0.1,0.1
0.773642,-0.611523,0.784615,0.1,0.1,0.1
0.490522,-0.344722,0.528516,0.1,0.1,0.1
0.383030,0.270678,0.084644,0.1,0.1,0.1
0.599455,-0.620981,0.782317,0.1,0.1,0.1
0.540439,-0.594852,0.302911,0.1,0.1,0.1
0.503367,-0.027992,0.095798,0.1,0.1,0.1
0.405976,-0.104718,0.014000,0.1,0.1,0.1
0.513776,-0.587724,0.096827,0.1,0.1,0.1
0.806613,-0.492099,0.263854,0.1,0.1,0.1
0.528346,-0.389856,0.263548,0.1,0.1,0.1
0.901713,0.422459,0.705336,0.1,0.1,0.1
0.830660,0.431104,0.426794,0.1,0.1,0.1
0.951992,0.177294,0.656455,0.1,0.1,0.1
0.931787,0.414419,0.221459,0.1,0.1,0.1
0.654507,0.474057,0.098653,0.1,0.1,0.1
0.793753,-0.540200,0.113633,0.1,0.1,0.1
0.635197,-0.630537,0.413711,0.1,0.1,0.1
0.828603,0.427513,0.733213,0.1,0.1,0.1
0.925811,0.075940,0.000000,0.1,0.1,0.1
0.830850,-0.260341,0.734279,0.1,0.1,0.1
0.780476,0.376569,0.000000,0.1,0.1,0.1
0.782233,-0.384949,0.397307,0.1,0.1,0.1
0.342489,0.015018,0.070136,0.1,0.1,0.1
0.522426,-0.590036,0.539966,0.1,0.1,0.1
0.890143,-0.140940,0.711561,0.1,0.1,0.1
0.502806,-0.372339,0.460034,0.1,0.1,0.1
0.828955,0.422238,0.401307,0.1,0.1,0.1
0.521929,0.509502,0.104845,0.1,0.1,0.1
0.404398,0.150774,0.014000,0.1,0.1,0.1
0.564066,-0.058712,0.248371,0.1,0.1,0.1
0.524199,0.063622,0.014000,0.1,0.1,0.1
0.816369,-0.329991,0.568298,0.1,0.1,0.1
0.405060,0.353081,0.337437,0.1,0.1,0.1
0.522471,-0.298782,0.565329,0.1,0.1,0.1
0.724984,0.458705,0.724921,0.1,0.1,0.1
0.781459,-0.445084,0.744674,0.1,0.1,0.1
0.353693,0.160947,0.254264,0.1,0.1,0.1
0.956874,0.397360,0.452137,0.1,0.1,0.1
0.593782,0.167216,0.014000,0.1,0.1,0.1
0.969849,0.157192,0.168169,0.1,0.1,0.1
0.576748,-0.544654,0.397307,0.1,0.1,0.1
0.836181,0.385349,0.774615,0.1,0.1,0.1
0.574127,-0.218617,0.259429,0.1,0.1,0.1
0.725880,-0.406486,0.774615,0.1,0.1,0.1
0.208297,-0.382899,0.019190,0.1,0.1,0.1
1.026744,0.370005,0.059488,0.1,0.1,0.1
0.956834,0.397371,0.627452,0.1,0.1,0.1
0.597563,0.004262,0.774615,0.1,0.1,0.1
0.261479,-0.516132,0.375888,0.1,0.1,0.1
0.864040,-0.277296,0.701703,0.1,0.1,0.1
0.179629,-0.490130,0.013209,0.1,0.1,0.1
0.780239,0.058670,0.784615,0.1,0.1,0.1
0.882016,0.427725,0.616094,0.1,0.1,0.1
0.889939,-0.180421,0.154092,0.1,0.1,0.1
0.629168,-0.628925,0.675547,0.1,0.1,0.1
0.474467,-0.404774,0.673700,0.1,0.1,0.1
0.529908,-0.567971,0.401307,0.1,0.1,0.1
0.409426,0.369412,0.115986,0.1,0.1,0.1
0.768094,0.421459,0.784615,0.1,0.1,0.1
0.802748,-0.467836,0.260261,0.1,0.1,0.1
0.873820,-0.240713,0.518018,0.1,0.1,0.1
1.021841,0.351666,0.711386,0.1,0.1,0.1
0.917133,-0.078706,0.370601,0.1,0.1,0.1
0.640421,-0.621582,0.727505,0.1,0.1,0.1
0.715634,-0.201577,0.010000,0.1,0.1,0.1
0.470833,-0.561057,0.387307,0.1,0.1,0.1
0.691445,-0.606831,0.387307,0.1,0.1,0.1
0.845732,-0.286567,0.010000,0.1,0.1,0.1
0.651275,-0.384664,0.784615,0.1,0.1,0.1
0.674482,0.468717,0.235737,0.1,0.1,0.1
0.506254,-0.585713,0.707382,0.1,0.1,0.1
0.964961,0.225807,0.660897,0.1,0.1,0.1
0.810240,-0.239745,0.401307,0.1,0.1,0.1
0.758106,0.193645,0.397307,0.1,0.1,0.1
0.547454,-0.039779,0.209056,0.1,0.1,0.1
0.209623,-0.506409,0.028483,0.1,0.1,0.1
0.456695,-0.568323,0.525468,0.1,0.1,0.1
0.404411,0.277087,0.152253,0.1,0.1,0.1
0.291856,-0.325711,0.010000,0.1,0.1,0.1
0.695380,0.234922,0.114576,0.1,0.1,0.1
0.380225,0.186621,0.235592,0.1,0.1,0.1
0.716570,0.287125,0.397307,0.1,0.1,0.1
0.499589,-0.026982,0.358919,0.1,0.1,0.1
0.361402,0.014102,0.246553,0.1,0.1,0.1
0.953573,0.057596,0.395275,0.1,0.1,0.1
0.624004,0.080994,0.718013,0.1,0.1,0.1
0.874667,-0.126390,0.010000,0.1,0.1,0.1
0.574281,-0.104992,0.389732,0.1,0.1,0.1
0.773124,-0.116213,0.000000,0.1,0.1,0.1
0.939632,0.044169,0.772396,0.1,0.1,0.1
0.525915,-0.398951,0.048812,0.1,0.1,0.1
0.824555,-0.283888,0.737887,0.1,0.1,0.1
0.839167,0.084902,0.774615,0.1,0.1,0.1
0.755454,-0.542356,0.433253,0.1,0.1,0.1
0.698175,-0.098531,0.401307,0.1,0.1,0.1
0.410243,-0.017587,0.241112,0.1,0.1,0.1
0.362171,-0.547192,0.204547,0.1,0.1,0.1
0.780198,0.444594,0.498495,0.1,0.1,0.1
0.458300,-0.465246,0.648336,0.1,0.1,0.1
0.503000,0.518703,0.147974,0.1,0.1,0.1
0.398355,-0.556866,0.350812,0.1,0.1,0.1
0.780051,-0.552733,0.478839,0.1,0.1,0.1
0.405171,-0.558688,0.325968,0.1,0.1,0.1
0.246989,-0.293257,0.010000,0.1,0.1,0.1
0.907975,0.304611,0.010000,0.1,0.1,0.1
0.634783,-0.587348,0.774615,0.1,0.1,0.1
0.205262,-0.501102,0.260954,0.1,0.1,0.1
0.859546,-0.123217,0.168180,0.1,0.1,0.1
0.628297,-0.015998,0.072294,0.1,0.1,0.1
0.256898,-0.519048,0.102849,0.1,0.1,0.1
0.757465,-0.607120,0.000000,0.1,0.1,0.1
0.841289,-0.221295,0.509878,0.1,0.1,0.1
0.505961,-0.474706,0.010000,0.1,0.1,0.1
0.885824,-0.157098,0.034597,0.1,0.1,0.1
0.612709,-0.614173,0.360940,0.1,0.1,0.1
0.617143,-0.042231,0.133113,0.1,0.1,0.1
0.230852,-0.372095,0.382931,0.1,0.1,0.1
0.707223,-0.219189,0.397307,0.1,0.1,0.1
0.507834,-0.478858,0.401307,0.1,0.1,0.1
0.516892,-0.041960,0.049672,0.1,0.1,0.1
0.432173,0.142957,0.014000,0.1,0.1,0.1
0.479391,0.525015,0.274635,0.1,0.1,0.1
0.883200,-0.129540,0.219761,0.1,0.1,0.1
0.704823,0.270241,0.266005,0.1,0.1,0.1
0.551446,-0.597795,0.294203,0.1,0.1,0.1
0.613629,0.115752,0.720368,0.1,0.1,0.1
0.685621,-0.087069,0.082908,0.1,0.1,0.1
0.692337,-0.633608,0.010000,0.1,0.1,0.1
0.538056,-0.594215,0.512056,0.1,0.1,0.1
0.869992,0.161406,0.784615,0.1,0.1,0.1
0.832042,0.317084,0.397307,0.1,0.1,0.1
0.462057,-0.524755,0.553680,0.1,0.1,0.1
0.589300,-0.146375,0.316127,0.1,0.1,0.1
0.373224,0.160434,0.226804,0.1,0.1,0.1
0.370319,0.011718,0.333796,0.1,0.1,0.1
0.855103,0.434920,0.265804,0.1,0.1,0.1
0.615125,-0.049779,0.264721,0.1,0.1,0.1
0.779774,0.328783,0.000000,0.1,0.1,0.1
0.572056,0.118035,0.014000,0.1,0.1,0.1
0.616983,0.128298,0.666155,0.1,0.1,0.1
0.529784,-0.384478,0.205575,0.1,0.1,0.1
0.236795,-0.349867,0.366269,0.1,0.1,0.1
0.719724,-0.636831,0.397307,0.1,0.1,0.1
0.959712,0.396602,0.380451,0.1,0.1,0.1
0.728967,0.458291,0.071981,0.1,0.1,0.1
0.964391,0.395351,0.616899,0.1,0.1,0.1
1.036314,0.367084,0.211905,0.1,0.1,0.1
0.869793,0.420641,0.052057,0.1,0.1,0.1
0.917385,0.141423,0.774615,0.1,0.1,0.1
0.730941,0.383420,0.317874,0.1,0.1,0.1
0.507491,-0.281248,0.473701,0.1,0.1,0.1
0.313860,-0.444317,0.014000,0.1,0.1,0.1
0.380847,-0.552185,0.341578,0.1,0.1,0.1
0.376146,-0.267362,0.014000,0.1,0.1,0.1
0.841810,-0.360447,0.019957,0.1,0.1,0.1
0.580115,-0.305692,0.010000,0.1,0.1,0.1
0.230695,-0.372683,0.193870,0.1,0.1,0.1
0.964908,0.138711,0.156828,0.1,0.1,0.1
0.815599,0.435130,0.368162,0.1,0.1,0.1
0.924452,-0.051327,0.002283,0.1,0.1,0.1
0.911794,0.409412,0.464085,0.1,0.1,0.1
0.457161,-0.030131,0.252573,0.1,0.1,0.1
0.759042,-0.106698,0.342541,0.1,0.1,0.1
0.585896,-0.607005,0.062845,0.1,0.1,0.1
0.620944,-0.038169,0.401307,0.1,0.1,0.1
0.377562,0.176660,0.035821,0.1,0.1,0.1
0.479276,-0.031903,0.124894,0.1,0.1,0.1
0.281511,-0.109045,0.012542,0.1,0.1,0.1
0.607176,-0.055746,0.252393,0.1,0.1,0.1
0.724806,-0.279170,0.387307,0.1,0.1,0.1
0.498934,-0.577297,0.397307,0.1,0.1,0.1
0.737639,-0.624477,0.403497,0.1,0.1,0.1
0.737582,-0.156545,0.397307,0.1,0.1,0.1
0.672863,0.166183,0.209524,0.1,0.1,0.1
0.539801,-0.331523,0.294417,0.1,0.1,0.1
0.443279,0.496035,0.333536,0.1,0.1,0.1
0.505496,-0.585510,0.708404,0.1,0.1,0.1
0.607386,-0.078727,0.072863,0.1,0.1,0.1
0.273091,-0.140541,0.091169,0.1,0.1,0.1
0.671872,-0.063220,0.774615,0.1,0.1,0.1
0.220883,-0.409384,0.250190,0.1,0.1,0.1
0.642172,0.035900,0.250319,0.1,0.1,0.1
0.457773,-0.568611,0.295235,0.1,0.1,0.1
0.679584,-0.642403,0.081911,0.1,0.1,0.1
0.559789,-0.272248,0.169371,0.1,0.1,0.1
0.820984,-0.399626,0.134918,0.1,0.1,0.1
0.940000,0.401871,0.478916,0.1,0.1,0.1
0.966011,0.245220,0.680623,0.1,0.1,0.1
0.485557,0.519226,0.335279,0.1,0.1,0.1
0.646598,0.052454,0.239967,0.1,0.1,0.1
0.868085,-0.223449,0.297843,0.1,0.1,0.1
0.756088,0.446900,0.516825,0.1,0.1,0.1
0.491297,-0.003770,0.010000,0.1,0.1,0.1
0.593743,-0.609103,0.023495,0.1,0.1,0.1
0.975731,0.392319,0.393588,0.1,0.1,0.1
0.694729,0.419104,0.756204,0.1,0.1,0.1
0.719685,0.156860,0.000000,0.1,0.1,0.1
0.959477,0.118398,0.161529,0.1,0.1,0.1
0.499062,-0.425093,0.401307,0.1,0.1,0.1
0.531265,-0.592399,0.644723,0.1,0.1,0.1
0.511422,-0.044638,0.362790,0.1,0.1,0.1
0.596352,-0.211736,0.397307,0.1,0.1,0.1
0.944903,0.150779,0.562319,0.1,0.1,0.1
0.761925,-0.659249,0.002843,0.1,0.1,0.1
0.940202,0.007583,0.565318,0.1,0.1,0.1
0.737932,-0.515081,0.401307,0.1,0.1,0.1
0.902013,0.135753,0.784615,0.1,0.1,0.1
0.538579,-0.336097,0.097548,0.1,0.1,0.1
0.825793,-0.381640,0.171922,0.1,0.1,0.1
0.656565,-0.058846,0.387307,0.1,0.1,0.1
0.854886,0.045768,0.774615,0.1,0.1,0.1
0.809131,-0.341580,0.400965,0.1,0.1,0.1
0.741481,-0.610108,0.462144,0.1,0.1,0.1
0.550911,-0.246560,0.784615,0.1,0.1,0.1
0.511356,-0.453407,0.192892,0.1,0.1,0.1
0.309282,-0.528912,0.102525,0.1,0.1,0.1
0.700333,-0.381607,0.397307,0.1,0.1,0.1
0.532404,-0.274135,0.784615,0.1,0.1,0.1
0.541038,-0.342386,0.277214,0.1,0.1,0.1
0.805659,0.433647,0.752443,0.1,0.1,0.1
1.002307,0.297346,0.000000,0.1,0.1,0.1
0.869866,0.416481,0.409882,0.1,0.1,0.1
0.589713,-0.061428,0.286327,0.1,0.1,0.1
1.039344,0.385663,0.362050,0.1,0.1,0.1
0.701702,0.258570,0.096157,0.1,0.1,0.1
0.684325,-0.144342,0.387307,0.1,0.1,0.1
1.002134,0.277951,0.021657,0.1,0.1,0.1
0.889827,-0.142124,0.245219,0.1,0.1,0.1
0.968703,0.390057,0.398191,0.1,0.1,0.1
0.521342,-0.047290,0.364033,0.1,0.1,0.1
0.753395,0.232406,0.397307,0.1,0.1,0.1
0.939034,0.412481,0.630253,0.1,0.1,0.1
0.647401,-0.417682,0.401307,0.1,0.1,0.1
0.840961,0.438701,0.249084,0.1,0.1,0.1
0.660622,0.291527,0.413647,0.1,0.1,0.1
0.425760,-0.007244,0.331317,0.1,0.1,0.1
0.929594,0.093518,0.509495,0.1,0.1,0.1
0.905554,0.411081,0.534717,0.1,0.1,0.1
0.758776,-0.529927,0.745986,0.1,0.1,0.1
0.813164,-0.428876,0.769120,0.1,0.1,0.1
0.675808,0.177202,0.178059,0.1,0.1,0.1
0.722204,-0.426558,0.401307,0.1,0.1,0.1
0.284512,-0.097820,0.175917,0.1,0.1,0.1
0.814455,0.338298,0.000000,0.1,0.1,0.1
0.593843,-0.486599,0.784615,0.1,0.1,0.1
0.678940,0.173428,0.112364,0.1,0.1,0.1
0.886582,-0.154260,0.231295,0.1,0.1,0.1
0.687655,-0.309562,0.397307,0.1,0.1,0.1
0.753208,0.002784,0.774615,0.1,0.1,0.1
0.592622,-0.133949,0.345855,0.1,0.1,0.1
0.484833,-0.484602,0.401307,0.1,0.1,0.1
0.565908,0.501884,0.193641,0.1,0.1,0.1
0.800173,0.439254,0.445434,0.1,0.1,0.1
0.808909,-0.120030,0.250538,0.1,0.1,0.1
0.885810,-0.070252,0.471044,0.1,0.1,0.1
0.649779,0.079839,0.017659,0.1,0.1,0.1
0.779484,-0.342326,0.010000,0.1,0.1,0.1
0.602871,-0.607403,0.652403,0.1,0.1,0.1
0.661318,0.123000,0.035068,0.1,0.1,0.1
0.943905,0.162533,0.492006,0.1,0.1,0.1
0.892606,0.301996,0.387307,0.1,0.1,0.1
0.793336,-0.503042,0.074957,0.1,0.1,0.1
0.652701,-0.624865,0.549936,0.1,0.1,0.1
0.313507,0.010634,0.144144,0.1,0.1,0.1
0.890541,0.425446,0.143371,0.1,0.1,0.1
0.522078,-0.542235,0.774615,0.1,0.1,0.1
0.817304,0.429302,0.774615,0.1,0.1,0.1
0.802982,-0.174738,0.774615,0.1,0.1,0.1
0.483024,-0.589853,0.013636,0.1,0.1,0.1
0.637480,-0.097216,0.000000,0.1,0.1,0.1
0.791092,-0.409052,0.495765,0.1,0.1,0.1
0.655881,0.102665,0.085310,0.1,0.1,0.1
1.001334,0.236244,0.142368,0.1,0.1,0.1
0.863204,0.276842,0.010000,0.1,0.1,0.1
0.789182,-0.114756,0.038594,0.1,0.1,0.1
0.370714,-0.545336,0.376416,0.1,0.1,0.1
0.777128,-0.529898,0.784615,0.1,0.1,0.1
0.692793,-0.133793,0.397307,0.1,0.1,0.1
0.436728,-0.562985,0.323845,0.1,0.1,0.1
0.794209,-0.412881,0.618291,0.1,0.1,0.1
0.203145,-0.402169,0.305438,0.1,0.1,0.1
0.512295,0.097650,0.014000,0.1,0.1,0.1
0.723217,0.332972,0.774615,0.1,0.1,0.1
0.727124,-0.644762,0.264909,0.1,0.1,0.1
0.766109,-0.604883,0.446979,0.1,0.1,0.1
0.609463,0.026605,0.668332,0.1,0.1,0.1
0.421740,-0.016521,0.221209,0.1,0.1,0.1
0.367938,0.012355,0.311103,0.1,0.1,0.1
0.659886,0.102158,0.154221,0.1,0.1,0.1
0.595108,0.473182,0.010000,0.1,0.1,0.1
0.319944,0.034708,0.267173,0.1,0.1,0.1
0.642392,-0.632460,0.219707,0.1,0.1,0.1
0.652306,0.101492,0.401307,0.1,0.1,0.1
0.887995,-0.141173,0.219111,0.1,0.1,0.1
0.824203,0.428689,0.580454,0.1,0.1,0.1
0.927806,0.102315,0.680068,0.1,0.1,0.1
0.630589,0.105625,0.435554,0.1,0.1,0.1
0.399068,-0.010459,0.115603,0.1,0.1,0.1
0.705105,0.457912,0.584593,0.1,0.1,0.1
0.940299,0.412143,0.378377,0.1,0.1,0.1
0.875441,-0.093551,0.706334,0.1,0.1,0.1
0.493946,-0.578282,0.557845,0.1,0.1,0.1
0.762184,0.351882,0.401307,0.1,0.1,0.1
0.877756,0.323097,0.401307,0.1,0.1,0.1
0.720290,-0.339868,0.387307,0.1,0.1,0.1
0.279416,-0.520927,0.304823,0.1,0.1,0.1
0.744938,-0.507532,0.397307,0.1,0.1,0.1
0.467527,0.369283,0.014000,0.1,0.1,0.1
0.912529,0.409216,0.044002,0.1,0.1,0.1
0.950208,0.399142,0.501268,0.1,0.1,0.1
0.317734,0.021636,0.122526,0.1,0.1,0.1
0.496645,-0.531086,0.774615,0.1,0.1,0.1
0.982363,0.390546,0.557238,0.1,0.1,0.1
0.877323,-0.086511,0.472482,0.1,0.1,0.1
0.620016,-0.046973,0.273494,0.1,0.1,0.1
0.553877,-0.382098,0.784615,0.1,0.1,0.1
0.674298,0.156065,0.085935,0.1,0.1,0.1
0.921820,0.064438,0.674239,0.1,0.1,0.1
0.198275,-0.420384,0.150955,0.1,0.1,0.1
0.888973,0.415513,0.622534,0.1,0.1,0.1
0.857217,-0.132945,0.231326,0.1,0.1,0.1
0.529298,0.234576,0.014000,0.1,0.1,0.1
0.972844,0.234298,0.784615,0.1,0.1,0.1
0.906731,0.007999,0.703447,0.1,0.1,0.1
0.474347,0.522223,0.342879,0.1,0.1,0.1
0.734143,-0.622068,0.473320,0.1,0.1,0.1
0.885786,-0.177670,0.387307,0.1,0.1,0.1
0.973723,0.258579,0.551524,0.1,0.1,0.1
0.854731,-0.312117,0.451746,0.1,0.1,0.1
0.734961,-0.657208,0.364366,0.1,0.1,0.1
0.736016,0.052313,0.401307,0.1,0.1,0.1
1.007545,0.259473,0.489306,0.1,0.1,0.1
0.412469,-0.363726,0.014000,0.1,0.1,0.1
0.348888,0.142973,0.361335,0.1,0.1,0.1
0.697026,-0.636715,0.403155,0.1,0.1,0.1
0.381801,0.004508,0.291824,0.1,0.1,0.1
0.906230,0.021615,0.407129,0.1,0.1,0.1
0.837382,-0.117291,0.153877,0.1,0.1,0.1
0.604884,0.009480,0.494543,0.1,0.1,0.1
0.383322,0.198206,0.199518,0.1,0.1,0.1
0.435383,0.392939,0.060018,0.1,0.1,0.1
0.360916,-0.004400,0.347644,0.1,0.1,0.1
0.893026,0.067019,0.000000,0.1,0.1,0.1
0.579889,-0.087398,0.401307,0.1,0.1,0.1
0.474470,-0.571193,0.397307,0.1,0.1,0.1
0.662004,-0.627352,0.628943,0.1,0.1,0.1
0.868284,0.263838,0.397307,0.1,0.1,0.1
0.498846,-0.579592,0.491017,0.1,0.1,0.1
0.745734,-0.592094,0.774615,0.1,0.1,0.1
0.806686,-0.491823,0.527020,0.1,0.1,0.1
0.528084,-0.277785,0.399027,0.1,0.1,0.1
0.665991,0.238044,0.754001,0.1,0.1,0.1
1.015097,0.359528,0.784615,0.1,0.1,0.1
0.330566,-0.538743,0.212832,0.1,0.1,0.1
0.191304,-0.446458,0.067051,0.1,0.1,0.1
0.354935,0.092028,0.276169,0.1,0.1,0.1
0.514581,-0.254731,0.643221,0.1,0.1,0.1
0.318982,-0.058198,0.014000,0.1,0.1,0.1
0.592167,-0.062084,0.333689,0.1,0.1,0.1
0.818581,-0.384471,0.387307,0.1,0.1,0.1
0.717282,0.318911,0.387307,0.1,0.1,0.1
0.398273,-0.552704,0.109709,0.1,0.1,0.1
0.457419,-0.011568,0.350085,0.1,0.1,0.1
0.761129,-0.662228,0.354144,0.1,0.1,0.1
0.790489,-0.261140,0.401307,0.1,0.1,0.1
0.736525,-0.647275,0.434795,0.1,0.1,0.1
0.750356,-0.576910,0.612839,0.1,0.1,0.1
0.822882,0.289116,0.387307,0.1,0.1,0.1
0.768738,0.151376,0.387307,0.1,0.1,0.1
0.821980,-0.395900,0.587424,0.1,0.1,0.1
0.714929,0.308041,0.012030,0.1,0.1,0.1
0.568675,-0.125959,0.548285,0.1,0.1,0.1
0.790454,-0.513820,0.325482,0.1,0.1,0.1
0.759283,-0.630416,0.519011,0.1,0.1,0.1
0.552350,-0.593896,0.601930,0.1,0.1,0.1
0.754397,-0.648689,0.018915,0.1,0.1,0.1
0.616766,-0.625609,0.120604,0.1,0.1,0.1
0.837557,-0.190240,0.784615,0.1,0.1,0.1
0.742262,0.374964,0.397307,0.1,0.1,0.1
0.961180,0.396209,0.372908,0.1,0.1,0.1
0.511767,-0.451871,0.028241,0.1,0.1,0.1
0.808613,0.436998,0.453281,0.1,0.1,0.1
0.696461,-0.202101,0.401307,0.1,0.1,0.1
0.661078,-0.107211,0.000000,0.1,0.1,0.1
0.918260,0.158736,0.387307,0.1,0.1,0.1
0.765008,-0.522107,0.488817,0.1,0.1,0.1
0.734876,-0.657186,0.283128,0.1,0.1,0.1
0.681589,0.369953,0.663229,0.1,0.1,0.1
0.732621,0.251961,0.401307,0.1,0.1,0.1
0.790632,-0.513155,0.144455,0.1,0.1,0.1
0.776971,-0.602973,0.379709,0.1,0.1,0.1
0.817624,-0.325299,0.483381,0.1,0.1,0.1
0.587505,-0.050487,0.208091,0.1,0.1,0.1
0.677048,-0.631374,0.394658,0.1,0.1,0.1
0.802344,0.438674,0.115489,0.1,0.1,0.1
0.462412,-0.573992,0.250048,0.1,0.1,0.1
0.755196,-0.156320,0.774615,0.1,0.1,0.1
0.665968,-0.624272,0.405172,0.1,0.1,0.1
0.270539,-0.223651,0.263633,0.1,0.1,0.1
0.890524,-0.141850,0.241215,0.1,0.1,0.1
0.682732,-0.519015,0.387307,0.1,0.1,0.1
0.574367,-0.104669,0.626508,0.1,0.1,0.1
0.781686,-0.112752,0.231987,0.1,0.1,0.1
0.752888,0.450026,0.281848,0.1,0.1,0.1
0.372272,0.230438,0.247959,0.1,0.1,0.1
0.552162,-0.608337,0.720202,0.1,0.1,0.1
0.687014,-0.619112,0.397307,0.1,0.1,0.1
0.581481,-0.616176,0.551134,0.1,0.1,0.1
0.450742,-0.552019,0.010000,0.1,0.1,0.1
0.766718,-0.387346,0.387307,0.1,0.1,0.1
0.896388,0.423882,0.654806,0.1,0.1,0.1
0.745687,0.453821,0.011576,0.1,0.1,0.1
0.793862,-0.501075,0.407061,0.1,0.1,0.1
0.603100,0.076370,0.451978,0.1,0.1,0.1
0.703907,-0.081607,0.331112,0.1,0.1,0.1
0.410923,0.375009,0.150807,0.1,0.1,0.1
0.810408,-0.477905,0.393360,0.1,0.1,0.1
0.716556,0.202398,0.397307,0.1,0.1,0.1
0.733837,-0.646557,0.164342,0.1,0.1,0.1
0.890828,-0.141931,0.207967,0.1,0.1,0.1
0.713861,0.437783,0.010000,0.1,0.1,0.1
1.007624,0.394144,0.549148,0.1,0.1,0.1
0.798779,-0.395786,0.746375,0.1,0.1,0.1
0.525250,-0.288388,0.442816,0.1,0.1,0.1
0.995301,0.387087,0.643780,0.1,0.1,0.1
0.890439,0.415121,0.165802,0.1,0.1,0.1
0.777448,-0.006473,0.397307,0.1,0.1,0.1
0.646952,-0.135371,0.784615,0.1,0.1,0.1
0.510070,-0.586733,0.573230,0.1,0.1,0.1
0.644187,-0.622589,0.536410,0.1,0.1,0.1
0.476848,-0.469432,0.431787,0.1,0.1,0.1
0.753779,-0.297000,0.401307,0.1,0.1,0.1
0.562594,-0.075141,0.650499,0.1,0.1,0.1
0.716201,0.328289,0.262247,0.1,0.1,0.1
0.940378,0.149343,0.419051,0.1,0.1,0.1
0.351167,0.151496,0.260117,0.1,0.1,0.1
0.958590,0.396901,0.601111,0.1,0.1,0.1
0.525088,-0.386558,0.382302,0.1,0.1,0.1
0.562468,-0.223285,0.774615,0.1,0.1,0.1
0.507085,0.128648,0.010000,0.1,0.1,0.1
0.862771,-0.189456,0.784615,0.1,0.1,0.1
0.886527,-0.140781,0.142337,0.1,0.1,0.1
0.628992,0.099654,0.575285,0.1,0.1,0.1
0.924944,-0.049488,0.312982,0.1,0.1,0.1
0.651431,-0.012918,0.397307,0.1,0.1,0.1
0.754345,-0.125890,0.784615,0.1,0.1,0.1
0.500990,-0.476696,0.286213,0.1,0.1,0.1
1.014414,0.323884,0.011005,0.1,0.1,0.1
0.393034,-0.012987,0.186374,0.1,0.1,0.1
0.361250,-0.542805,0.010532,0.1,0.1,0.1
0.654790,0.478122,0.190496,0.1,0.1,0.1
0.517316,-0.029021,0.387307,0.1,0.1,0.1
0.613870,0.116656,0.725745,0.1,0.1,0.1
0.743348,-0.603125,0.523576,0.1,0.1,0.1
0.821282,-0.398511,0.218117,0.1,0.1,0.1
0.815637,-0.332731,0.576984,0.1,0.1,0.1
0.894824,-0.162151,0.238325,0.1,0.1,0.1
0.965465,0.405415,0.646509,0.1,0.1,0.1
0.527931,-0.391411,0.238884,0.1,0.1,0.1
0.594608,-0.052385,0.233477,0.1,0.1,0.1
0.191710,-0.444941,0.370239,0.1,0.1,0.1
0.762416,0.445208,0.611699,0.1,0.1,0.1
0.418884,-0.365563,0.010000,0.1,0.1,0.1
0.954127,0.380970,0.397307,0.1,0.1,0.1
0.968250,0.253593,0.756977,0.1,0.1,0.1
0.913980,-0.051783,0.556834,0.1,0.1,0.1
0.789169,0.335156,0.387307,0.1,0.1,0.1
0.370879,-0.549520,0.194794,0.1,0.1,0.1
0.681675,-0.249719,0.401307,0.1,0.1,0.1
0.594705,-0.075392,0.774615,0.1,0.1,0.1
0.683861,0.378451,0.698087,0.1,0.1,0.1
0.906341,0.377477,0.401307,0.1,0.1,0.1
0.402482,-0.015513,0.065781,0.1,0.1,0.1
0.785059,-0.423002,0.387307,0.1,0.1,0.1
0.606521,-0.500315,0.397307,0.1,0.1,0.1
0.570266,-0.217573,0.101175,0.1,0.1,0.1
0.271290,-0.522895,0.185519,0.1,0.1,0.1
0.687847,0.393362,0.595839,0.1,0.1,0.1
0.877523,-0.226863,0.002196,0.1,0.1,0.1
0.674153,0.205264,0.401307,0.1,0.1,0.1
0.396581,-0.492682,0.014000,0.1,0.1,0.1
0.915697,0.404229,0.493083,0.1,0.1,0.1
0.288031,-0.523231,0.016148,0.1,0.1,0.1
0.823756,-0.427976,0.116524,0.1,0.1,0.1
0.597593,-0.063535,0.216712,0.1,0.1,0.1
0.512091,-0.030325,0.380876,0.1,0.1,0.1
0.670509,0.124796,0.401307,0.1,0.1,0.1
0.938810,0.127990,0.538621,0.1,0.1,0.1
0.470554,-0.507517,0.000000,0.1,0.1,0.1
0.428358,-0.330471,0.010000,0.1,0.1,0.1
0.556853,-0.283230,0.088040,0.1,0.1,0.1
0.740325,-0.436124,0.784615,0.1,0.1,0.1
0.864771,0.050450,0.401307,0.1,0.1,0.1
0.632123,-0.619364,0.552249,0.1,0.1,0.1
0.514406,-0.229103,0.014000,0.1,0.1,0.1
0.611634,0.214951,0.014000,0.1,0.1,0.1
0.539306,-0.037601,0.164318,0.1,0.1,0.1
0.404293,0.276648,0.302837,0.1,0.1,0.1
0.880900,-0.175514,0.388550,0.1,0.1,0.1
0.697655,0.276569,0.401307,0.1,0.1,0.1
0.381835,-0.548309,0.284641,0.1,0.1,0.1
0.888182,-0.186996,0.587874,0.1,0.1,0.1
0.663389,-0.623582,0.655082,0.1,0.1,0.1
0.815981,0.445379,0.107913,0.1,0.1,0.1
0.718033,0.432706,0.546865,0.1,0.1,0.1
0.740389,0.403274,0.324258,0.1,0.1,0.1
0.850127,0.436250,0.409424,0.1,0.1,0.1
0.252926,-0.215968,0.371935,0.1,0.1,0.1
0.898295,-0.008067,0.583815,0.1,0.1,0.1
0.504702,-0.373279,0.397307,0.1,0.1,0.1
0.459991,-0.532485,0.686911,0.1,0.1,0.1
0.511528,-0.266148,0.531294,0.1,0.1,0.1
0.679527,0.161126,0.000000,0.1,0.1,0.1
0.660871,-0.292899,0.774615,0.1,0.1,0.1
0.421915,0.342562,0.050397,0.1,0.1,0.1
0.866823,0.323802,0.010000,0.1,0.1,0.1
0.681799,0.307728,0.010000,0.1,0.1,0.1
0.326116,-0.015769,0.243999,0.1,0.1,0.1
0.469476,-0.497006,0.556839,0.1,0.1,0.1
0.729660,0.405514,0.010000,0.1,0.1,0.1
0.989566,0.192224,0.016763,0.1,0.1,0.1
0.755499,-0.542188,0.671734,0.1,0.1,0.1
0.838578,-0.149901,0.000000,0.1,0.1,0.1
0.533075,-0.592883,0.298264,0.1,0.1,0.1
0.512075,-0.435232,0.034036,0.1,0.1,0.1
0.844941,-0.310017,0.461723,0.1,0.1,0.1
0.476301,-0.533566,0.010000,0.1,0.1,0.1
0.303967,-0.025051,0.296088,0.1,0.1,0.1
0.277790,-0.196530,0.195666,0.1,0.1,0.1
0.226859,-0.387033,0.200599,0.1,0.1,0.1
0.727405,0.454568,0.247132,0.1,0.1,0.1
0.426251,0.341049,0.014000,0.1,0.1,0.1
0.576794,-0.427346,0.000000,0.1,0.1,0.1
0.584187,-0.616899,0.399157,0.1,0.1,0.1
0.488359,-0.591280,0.635311,0.1,0.1,0.1
0.716679,0.330075,0.367823,0.1,0.1,0.1
0.212884,-0.439305,0.374543,0.1,0.1,0.1
0.845573,0.313450,0.397307,0.1,0.1,0.1
0.848020,-0.298500,0.221539,0.1,0.1,0.1
0.706241,-0.296932,0.397307,0.1,0.1,0.1
0.280973,-0.374552,0.014000,0.1,0.1,0.1
0.485209,-0.303057,0.010000,0.1,0.1,0.1
0.853251,-0.317653,0.177645,0.1,0.1,0.1
0.920025,0.417563,0.621846,0.1,0.1,0.1
0.695803,0.010704,0.397307,0.1,0.1,0.1
0.331563,-0.275099,0.014000,0.1,0.1,0.1
0.529411,-0.057842,0.010000,0.1,0.1,0.1
0.590710,0.030028,0.682914,0.1,0.1,0.1
1.009886,0.393539,0.413173,0.1,0.1,0.1
0.621842,-0.040142,0.210252,0.1,0.1,0.1
0.843872,0.404069,0.010000,0.1,0.1,0.1
0.674021,0.468840,0.233762,0.1,0.1,0.1
1.015493,0.327923,0.300777,0.1,0.1,0.1
0.773893,-0.575765,0.739562,0.1,0.1,0.1
0.508064,-0.326866,0.397307,0.1,0.1,0.1
0.562182,-0.247809,0.315982,0.1,0.1,0.1
0.736134,-0.213263,0.000000,0.1,0.1,0.1
0.905330,-0.122854,0.607862,0.1,0.1,0.1
0.841082,0.424177,0.455680,0.1,0.1,0.1
0.721211,0.331542,0.055403,0.1,0.1,0.1
0.845402,-0.221399,0.736443,0.1,0.1,0.1
0.671886,0.162529,0.151006,0.1,0.1,0.1
0.899100,-0.146155,0.359726,0.1,0.1,0.1
0.766415,0.074431,0.387307,0.1,0.1,0.1
0.733134,-0.646369,0.723762,0.1,0.1,0.1
0.690719,-0.630889,0.425074,0.1,0.1,0.1
0.822730,-0.264069,0.397307,0.1,0.1,0.1
0.565309,-0.318853,0.784615,0.1,0.1,0.1
0.491576,-0.414343,0.457496,0.1,0.1,0.1
0.668011,-0.628958,0.522259,0.1,0.1,0.1
0.505756,0.513826,0.284931,0.1,0.1,0.1
0.865214,-0.272904,0.499978,0.1,0.1,0.1
0.869289,-0.125821,0.293524,0.1,0.1,0.1
0.218953,-0.415920,0.387307,0.1,0.1,0.1
0.717052,-0.385451,0.010000,0.1,0.1,0.1
0.460575,-0.464036,0.010000,0.1,0.1,0.1
0.698538,0.359783,0.780148,0.1,0.1,0.1
0.932449,-0.021416,0.031090,0.1,0.1,0.1
0.568037,-0.602230,0.050808,0.1,0.1,0.1
0.283837,-0.326425,0.014000,0.1,0.1,0.1
0.567055,-0.229583,0.139270,0.1,0.1,0.1
0.659646,0.277350,0.014000,0.1,0.1,0.1
0.693671,0.415143,0.462245,0.1,0.1,0.1
0.542689,-0.450376,0.401307,0.1,0.1,0.1
0.584605,-0.240332,0.784615,0.1,0.1,0.1
0.627632,-0.618163,0.673291,0.1,0.1,0.1
0.833441,-0.353033,0.584054,0.1,0.1,0.1
0.661757,-0.090894,0.401307,0.1,0.1,0.1
0.527668,-0.235066,0.774615,0.1,0.1,0.1
0.348667,0.003015,0.286345,0.1,0.1,0.1
0.502021,-0.584581,0.571551,0.1,0.1,0.1
0.746932,0.449348,0.612041,0.1,0.1,0.1
0.758814,-0.096286,0.317179,0.1,0.1,0.1
0.857675,0.316497,0.784615,0.1,0.1,0.1
0.660407,-0.104693,0.784615,0.1,0.1,0.1
0.306873,-0.528268,0.263439,0.1,0.1,0.1
0.598656,-0.527830,0.397307,0.1,0.1,0.1
0.651443,0.053963,0.784615,0.1,0.1,0.1
0.484039,-0.555585,0.135963,0.1,0.1,0.1
0.732139,-0.326402,0.784615,0.1,0.1,0.1
0.603025,0.444940,0.010000,0.1,0.1,0.1
0.526140,0.512516,0.112429,0.1,0.1,0.1
0.732962,-0.646323,0.501098,0.1,0.1,0.1
0.781904,-0.584520,0.400862,0.1,0.1,0.1
0.603811,-0.107588,0.201185,0.1,0.1,0.1
0.948944,0.165895,0.656160,0.1,0.1,0.1
0.841950,-0.234309,0.425455,0.1,0.1,0.1
0.983958,0.171249,0.737413,0.1,0.1,0.1
0.319514,-0.093176,0.010000,0.1,0.1,0.1
0.820881,-0.297630,0.409454,0.1,0.1,0.1
0.604366,-0.105510,0.024547,0.1,0.1,0.1
0.334538,0.089299,0.346617,0.1,0.1,0.1
0.601099,-0.102242,0.126547,0.1,0.1,0.1
0.395759,-0.556172,0.280267,0.1,0.1,0.1
0.928713,0.105711,0.601550,0.1,0.1,0.1
0.791296,-0.549390,0.063965,0.1,0.1,0.1
0.971443,0.124439,0.207616,0.1,0.1,0.1
0.895545,0.330516,0.397307,0.1,0.1,0.1
0.794153,-0.085437,0.387307,0.1,0.1,0.1
0.493080,-0.335152,0.457838,0.1,0.1,0.1
0.744318,0.450046,0.750046,0.1,0.1,0.1
0.480401,0.141630,0.014000,0.1,0.1,0.1
0.684076,0.417223,0.010000,0.1,0.1,0.1
0.743061,-0.015937,0.397307,0.1,0.1,0.1
0.272784,-0.432020,0.010000,0.1,0.1,0.1
0.788417,0.275326,0.387307,0.1,0.1,0.1
0.835784,0.423674,0.401307,0.1,0.1,0.1
0.490632,-0.581536,0.066953,0.1,0.1,0.1
0.787321,-0.114259,0.179482,0.1,0.1,0.1
0.969004,0.240926,0.771874,0.1,0.1,0.1
0.806077,-0.255873,0.000000,0.1,0.1,0.1
0.302653,-0.531280,0.362773,0.1,0.1,0.1
0.810207,0.094566,0.397307,0.1,0.1,0.1
0.577269,-0.191378,0.051378,0.1,0.1,0.1
0.571952,-0.113700,0.518011,0.1,0.1,0.1
0.424610,0.352642,0.308546,0.1,0.1,0.1
0.347690,-0.231925,0.014000,0.1,0.1,0.1
0.519018,-0.409260,0.013521,0.1,0.1,0.1
0.722668,-0.383228,0.784615,0.1,0.1,0.1
0.930188,0.111227,0.759899,0.1,0.1,0.1
0.435659,-0.005750,0.307154,0.1,0.1,0.1
0.587083,-0.057106,0.635883,0.1,0.1,0.1
0.790330,-0.411903,0.496169,0.1,0.1,0.1
0.448006,0.299308,0.010000,0.1,0.1,0.1
0.605897,-0.069895,0.373733,0.1,0.1,0.1
0.532602,-0.373939,0.153560,0.1,0.1,0.1
0.565992,-0.233559,0.203824,0.1,0.1,0.1
0.311465,-0.529495,0.077401,0.1,0.1,0.1
0.227737,-0.310182,0.119071,0.1,0.1,0.1
0.790027,0.441967,0.395893,0.1,0.1,0.1
0.864501,0.422056,0.267088,0.1,0.1,0.1
1.030136,0.343974,0.725599,0.1,0.1,0.1
0.582276,-0.063580,0.141959,0.1,0.1,0.1
0.885211,0.416519,0.701751,0.1,0.1,0.1
0.365735,-0.396051,0.014000,0.1,0.1,0.1
0.292664,-0.346936,0.010000,0.1,0.1,0.1
0.938455,0.001047,0.266860,0.1,0.1,0.1
0.640675,0.030303,0.362407,0.1,0.1,0.1
0.583371,-0.184040,0.128935,0.1,0.1,0.1
0.927547,-0.039753,0.009376,0.1,0.1,0.1
0.541362,0.508447,0.042963,0.1,0.1,0.1
0.656303,-0.625828,0.138065,0.1,0.1,0.1
0.748732,-0.567498,0.671014,0.1,0.1,0.1
0.582712,0.138788,0.010000,0.1,0.1,0.1
0.265782,-0.241445,0.192001,0.1,0.1,0.1
0.556753,-0.434092,0.000000,0.1,0.1,0.1
0.844821,-0.349183,0.672862,0.1,0.1,0.1
0.724384,-0.242815,0.387307,0.1,0.1,0.1
0.787051,0.347556,0.387307,0.1,0.1,0.1
0.937487,0.398403,0.750491,0.1,0.1,0.1
0.496659,-0.321763,0.535514,0.1,0.1,0.1
0.553781,-0.348194,0.387307,0.1,0.1,0.1
0.566579,-0.231364,0.158097,0.1,0.1,0.1
0.685927,0.465657,0.181672,0.1,0.1,0.1
0.233453,-0.362367,0.192518,0.1,0.1,0.1
0.502741,-0.042317,0.279828,0.1,0.1,0.1
0.678330,0.186635,0.222119,0.1,0.1,0.1
0.935455,0.413438,0.394647,0.1,0.1,0.1
0.717554,0.333348,0.064322,0.1,0.1,0.1
0.959899,0.109845,0.010000,0.1,0.1,0.1
0.537722,-0.410723,0.000000,0.1,0.1,0.1
0.197471,-0.496955,0.247019,0.1,0.1,0.1
0.955533,0.408070,0.243143,0.1,0.1,0.1
0.214288,-0.434054,0.229134,0.1,0.1,0.1
0.541094,-0.155560,0.748458,0.1,0.1,0.1
0.777821,0.445230,0.644989,0.1,0.1,0.1
0.602263,0.073239,0.639426,0.1,0.1,0.1
0.502839,0.485527,0.010000,0.1,0.1,0.1
0.323049,-0.532592,0.362735,0.1,0.1,0.1
0.506729,0.489891,0.014000,0.1,0.1,0.1
0.466669,-0.028532,0.161529,0.1,0.1,0.1
0.744238,-0.659689,0.552883,0.1,0.1,0.1
0.538455,-0.594322,0.248892,0.1,0.1,0.1
0.349899,-0.543911,0.322082,0.1,0.1,0.1
0.696302,0.462883,0.042925,0.1,0.1,0.1
0.671855,0.333542,0.643810,0.1,0.1,0.1
0.728174,-0.088094,0.068459,0.1,0.1,0.1
0.883935,-0.202880,0.013054,0.1,0.1,0.1
0.923007,-0.056735,0.500177,0.1,0.1,0.1
0.385191,0.205196,0.025779,0.1,0.1,0.1
0.255598,-0.205970,0.264942,0.1,0.1,0.1
0.633629,0.370391,0.010000,0.1,0.1,0.1
0.525354,-0.590819,0.231551,0.1,0.1,0.1
0.916364,0.408191,0.734082,0.1,0.1,0.1
0.947169,0.072360,0.350001,0.1,0.1,0.1
0.346107,0.003700,0.328639,0.1,0.1,0.1
0.744908,0.435663,0.381864,0.1,0.1,0.1
1.024580,0.389610,0.441141,0.1,0.1,0.1
0.582534,-0.616457,0.405837,0.1,0.1,0.1
0.470749,-0.576220,0.293636,0.1,0.1,0.1
0.956807,0.369685,0.010000,0.1,0.1,0.1
1.038784,0.376321,0.383367,0.1,0.1,0.1
0.935567,-0.009755,0.616888,0.1,0.1,0.1
0.391495,-0.550891,0.213558,0.1,0.1,0.1
0.888415,-0.147406,0.494734,0.1,0.1,0.1
0.452765,-0.567272,0.527859,0.1,0.1,0.1
0.730708,-0.636642,0.000000,0.1,0.1,0.1
0.836611,-0.379892,0.353473,0.1,0.1,0.1
0.805915,-0.464781,0.397307,0.1,0.1,0.1
0.866859,-0.228032,0.356316,0.1,0.1,0.1
0.220920,-0.509429,0.087518,0.1,0.1,0.1
0.747371,0.463722,0.675198,0.1,0.1,0.1
0.533554,-0.370379,0.305895,0.1,0.1,0.1
0.411636,0.377676,0.068595,0.1,0.1,0.1
0.239659,-0.339154,0.040347,0.1,0.1,0.1
0.765460,-0.299732,0.387307,0.1,0.1,0.1
0.471453,0.527137,0.247812,0.1,0.1,0.1
0.893216,0.290541,0.784615,0.1,0.1,0.1
0.537766,-0.354622,0.146251,0.1,0.1,0.1
0.704330,-0.634528,0.724101,0.1,0.1,0.1
0.501656,-0.462414,0.387307,0.1,0.1,0.1
1.013588,0.282079,0.266633,0.1,0.1,0.1
0.671250,-0.466103,0.000000,0.1,0.1,0.1
0.892238,-0.171823,0.580259,0.1,0.1,0.1
0.326074,0.006164,0.010000,0.1,0.1,0.1
0.346683,0.003546,0.142712,0.1,0.1,0.1
0.605581,0.012085,0.651662,0.1,0.1,0.1
0.471863,-0.572378,0.070883,0.1,0.1,0.1
0.986400,0.219102,0.194776,0.1,0.1,0.1
0.740366,0.184265,0.000000,0.1,0.1,0.1
0.740672,-0.597645,0.448475,0.1,0.1,0.1
0.785065,0.443293,0.015081,0.1,0.1,0.1
0.537253,-0.047403,0.114711,0.1,0.1,0.1
0.521685,-0.414772,0.237221,0.1,0.1,0.1
0.776932,-0.564399,0.724380,0.1,0.1,0.1
0.764544,0.304171,0.401307,0.1,0.1,0.1
0.487950,-0.427905,0.695495,0.1,0.1,0.1
0.961464,0.125830,0.693994,0.1,0.1,0.1
0.838925,-0.195691,0.401307,0.1,0.1,0.1
0.372944,-0.028023,0.014000,0.1,0.1,0.1
0.474705,-0.564412,0.784615,0.1,0.1,0.1
0.327312,-0.533732,0.070550,0.1,0.1,0.1
0.739056,0.455594,0.611561,0.1,0.1,0.1
0.545797,-0.076135,0.014000,0.1,0.1,0.1
0.921441,0.067926,0.774615,0.1,0.1,0.1
0.542766,-0.053017,0.325634,0.1,0.1,0.1
0.785881,-0.428544,0.455778,0.1,0.1,0.1
0.457407,-0.174548,0.010000,0.1,0.1,0.1
0.326484,-0.014393,0.317377,0.1,0.1,0.1
0.685761,-0.644055,0.455669,0.1,0.1,0.1
0.603782,-0.092209,0.012509,0.1,0.1,0.1
0.370298,0.223054,0.291983,0.1,0.1,0.1
0.657437,0.092996,0.083817,0.1,0.1,0.1
0.888457,-0.147247,0.645358,0.1,0.1,0.1
0.638441,-0.367286,0.010000,0.1,0.1,0.1
0.632034,0.111033,0.726090,0.1,0.1,0.1
0.741671,0.408068,0.253022,0.1,0.1,0.1
0.870043,-0.129229,0.603293,0.1,0.1,0.1
0.516856,-0.430466,0.397307,0.1,0.1,0.1
0.761767,0.449522,0.406164,0.1,0.1,0.1
0.229544,-0.507594,0.073524,0.1,0.1,0.1
0.633066,0.114893,0.574586,0.1,0.1,0.1
0.615419,-0.478981,0.401307,0.1,0.1,0.1
0.493659,0.517060,0.298774,0.1,0.1,0.1
0.663900,0.132658,0.059309,0.1,0.1,0.1
0.847274,-0.340009,0.154115,0.1,0.1,0.1
0.657179,0.205085,0.458909,0.1,0.1,0.1
0.445693,-0.512399,0.725630,0.1,0.1,0.1
0.601627,-0.422423,0.387307,0.1,0.1,0.1
0.793148,-0.416851,0.436551,0.1,0.1,0.1
0.805884,0.093594,0.397307,0.1,0.1,0.1
0.620121,-0.616155,0.676415,0.1,0.1,0.1
0.474423,-0.577203,0.755064,0.1,0.1,0.1
0.461254,-0.124877,0.014000,0.1,0.1,0.1
0.527415,-0.030281,0.157608,0.1,0.1,0.1
0.848231,-0.336430,0.136641,0.1,0.1,0.1
0.958671,0.115383,0.613081,0.1,0.1,0.1
0.608824,-0.073350,0.352955,0.1,0.1,0.1
0.854154,-0.173173,0.553808,0.1,0.1,0.1
0.708818,0.463678,0.129067,0.1,0.1,0.1
0.745141,0.346353,0.774615,0.1,0.1,0.1
0.698792,-0.038493,0.387307,0.1,0.1,0.1
0.257709,-0.286901,0.010000,0.1,0.1,0.1
0.843585,-0.353808,0.488471,0.1,0.1,0.1
0.595525,-0.025527,0.746830,0.1,0.1,0.1
0.484814,0.523565,0.257293,0.1,0.1,0.1
0.643065,-0.578332,0.784615,0.1,0.1,0.1
0.773618,-0.615515,0.165913,0.1,0.1,0.1
0.180409,-0.498598,0.295200,0.1,0.1,0.1
0.967641,0.110218,0.086367,0.1,0.1,0.1
0.887687,0.411717,0.554791,0.1,0.1,0.1
1.036408,0.367435,0.724788,0.1,0.1,0.1
0.438593,-0.538958,0.771341,0.1,0.1,0.1
0.727983,0.454414,0.322809,0.1,0.1,0.1
0.757985,-0.240329,0.387307,0.1,0.1,0.1
1.030024,0.382273,0.486931,0.1,0.1,0.1
0.830906,-0.275619,0.519544,0.1,0.1,0.1
0.526682,0.280280,0.014000,0.1,0.1,0.1
0.811822,0.313864,0.397307,0.1,0.1,0.1
0.630516,-0.007699,0.020305,0.1,0.1,0.1
0.863955,-0.277616,0.780285,0.1,0.1,0.1
0.573156,-0.042510,0.332102,0.1,0.1,0.1
0.514704,-0.041374,0.050980,0.1,0.1,0.1
0.573081,-0.603579,0.535586,0.1,0.1,0.1
0.574372,-0.217701,0.183405,0.1,0.1,0.1
0.431204,-0.004559,0.321158,0.1,0.1,0.1
0.683508,0.226440,0.774615,0.1,0.1,0.1
0.810524,-0.438751,0.598830,0.1,0.1,0.1
0.850968,0.363685,0.397307,0.1,0.1,0.1
0.854188,-0.314147,0.188598,0.1,0.1,0.1
0.947877,0.338818,0.784615,0.1,0.1,0.1
0.444128,-0.012155,0.050348,0.1,0.1,0.1
0.597458,-0.053148,0.011792,0.1,0.1,0.1
0.656488,-0.095310,0.774615,0.1,0.1,0.1
0.675033,-0.626695,0.533001,0.1,0.1,0.1
0.947489,0.399869,0.723019,0.1,0.1,0.1
0.640412,0.481966,0.194896,0.1,0.1,0.1
0.404436,0.277180,0.042048,0.1,0.1,0.1
0.703689,-0.638497,0.521906,0.1,0.1,0.1
0.601182,-0.064494,0.366114,0.1,0.1,0.1
0.447692,0.438978,0.148585,0.1,0.1,0.1
0.924784,0.075524,0.482047,0.1,0.1,0.1
0.834519,-0.387717,0.642493,0.1,0.1,0.1
0.350948,-0.402332,0.010000,0.1,0.1,0.1
0.665694,0.041046,0.784615,0.1,0.1,0.1
0.926135,0.096065,0.417090,0.1,0.1,0.1
0.544751,-0.596005,0.733403,0.1,0.1,0.1
0.940913,0.411979,0.531547,0.1,0.1,0.1
0.920670,0.407039,0.774359,0.1,0.1,0.1
0.414982,0.316630,0.136729,0.1,0.1,0.1
0.680502,0.365888,0.648893,0.1,0.1,0.1
0.526776,-0.591199,0.727606,0.1,0.1,0.1
0.595046,-0.124883,0.038746,0.1,0.1,0.1
0.915127,-0.086210,0.264294,0.1,0.1,0.1
0.607361,-0.024607,0.387307,0.1,0.1,0.1
0.596289,-0.052835,0.331846,0.1,0.1,0.1
0.996513,0.258030,0.774615,0.1,0.1,0.1
0.515597,-0.027122,0.217095,0.1,0.1,0.1
0.582029,-0.002445,0.733826,0.1,0.1,0.1
0.628280,-0.614196,0.479004,0.1,0.1,0.1
0.746822,0.260735,0.784615,0.1,0.1,0.1
0.707115,0.150475,0.784615,0.1,0.1,0.1
0.713589,-0.086641,0.387307,0.1,0.1,0.1
0.940538,0.401728,0.597115,0.1,0.1,0.1
0.395236,-0.013575,0.188416,0.1,0.1,0.1
0.538039,-0.506508,0.774615,0.1,0.1,0.1
0.542541,-0.034325,0.036003,0.1,0.1,0.1
0.667456,-0.082213,0.073973,0.1,0.1,0.1
0.877333,-0.188858,0.182587,0.1,0.1,0.1
0.839233,-0.223206,0.000000,0.1,0.1,0.1
0.743957,-0.649262,0.760517,0.1,0.1,0.1
0.478352,-0.578253,0.604421,0.1,0.1,0.1
0.575479,-0.198074,0.128775,0.1,0.1,0.1
0.827318,-0.414651,0.575436,0.1,0.1,0.1
0.962768,0.406136,0.220122,0.1,0.1,0.1
0.478287,-0.451751,0.014000,0.1,0.1,0.1
0.408619,0.366393,0.059191,0.1,0.1,0.1
0.200234,-0.503898,0.148135,0.1,0.1,0.1
0.792789,-0.505086,0.769973,0.1,0.1,0.1
0.852330,-0.321097,0.486239,0.1,0.1,0.1
0.613205,0.423541,0.010000,0.1,0.1,0.1
0.983496,0.238896,0.010000,0.1,0.1,0.1
0.723799,0.115027,0.387307,0.1,0.1,0.1
0.897664,0.205467,0.397307,0.1,0.1,0.1
0.918481,0.251430,0.397307,0.1,0.1,0.1
0.558531,-0.276952,0.064746,0.1,0.1,0.1
0.454349,-0.320469,0.014000,0.1,0.1,0.1
0.849010,0.426198,0.126686,0.1,0.1,0.1
0.666355,-0.461110,0.397307,0.1,0.1,0.1
0.422064,-0.563205,0.028173,0.1,0.1,0.1
0.697098,0.354397,0.449175,0.1,0.1,0.1
0.441378,-0.568368,0.132410,0.1,0.1,0.1
0.787200,0.190704,0.784615,0.1,0.1,0.1
0.515715,-0.041645,0.135554,0.1,0.1,0.1
0.593598,0.494482,0.060159,0.1,0.1,0.1
0.818732,-0.393761,0.784615,0.1,0.1,0.1
0.599407,-0.064020,0.248291,0.1,0.1,0.1
0.483244,-0.022613,0.230306,0.1,0.1,0.1
0.792897,-0.402303,0.470891,0.1,0.1,0.1
0.646000,0.236835,0.447558,0.1,0.1,0.1
0.956068,0.066929,0.393807,0.1,0.1,0.1
0.675262,-0.055676,0.397307,0.1,0.1,0.1
0.512355,-0.040747,0.108825,0.1,0.1,0.1
0.800720,-0.475421,0.531713,0.1,0.1,0.1
0.645552,-0.281059,0.000000,0.1,0.1,0.1
0.781835,-0.459167,0.482921,0.1,0.1,0.1
0.453847,0.462002,0.332098,0.1,0.1,0.1
0.468215,-0.028946,0.321034,0.1,0.1,0.1
0.395062,0.242121,0.384631,0.1,0.1,0.1
0.221625,-0.333045,0.203227,0.1,0.1,0.1
0.624522,-0.617331,0.491842,0.1,0.1,0.1
0.950791,0.130294,0.774615,0.1,0.1,0.1
0.637463,-0.571842,0.774615,0.1,0.1,0.1
0.217672,-0.421396,0.298047,0.1,0.1,0.1
0.694833,0.243963,0.774615,0.1,0.1,0.1
0.522554,-0.396037,0.336963,0.1,0.1,0.1
0.540572,-0.257917,0.014000,0.1,0.1,0.1
0.234577,-0.508940,0.376031,0.1,0.1,0.1
0.722150,0.350538,0.294572,0.1,0.1,0.1
0.711907,-0.136643,0.397307,0.1,0.1,0.1
0.233673,-0.328720,0.010000,0.1,0.1,0.1
0.881392,0.417540,0.461118,0.1,0.1,0.1
0.517976,-0.031898,0.119031,0.1,0.1,0.1
0.467036,-0.575228,0.072296,0.1,0.1,0.1
0.821301,-0.112992,0.308392,0.1,0.1,0.1
0.647382,0.070876,0.340228,0.1,0.1,0.1
0.368762,-0.430476,0.014000,0.1,0.1,0.1
0.600344,-0.415524,0.000000,0.1,0.1,0.1
0.706341,0.291408,0.029983,0.1,0.1,0.1
0.901178,-0.138383,0.406646,0.1,0.1,0.1
0.991575,0.340841,0.506318,0.1,0.1,0.1
0.831702,-0.336385,0.000000,0.1,0.1,0.1
0.339762,0.108837,0.169042,0.1,0.1,0.1
0.457301,-0.468983,0.466913,0.1,0.1,0.1
0.613687,-0.495341,0.774615,0.1,0.1,0.1
0.673007,-0.630294,0.248688,0.1,0.1,0.1
0.726064,0.459067,0.769159,0.1,0.1,0.1
0.634961,-0.620122,0.653832,0.1,0.1,0.1
0.677603,-0.084925,0.374468,0.1,0.1,0.1
0.762783,-0.190545,0.000000,0.1,0.1,0.1
0.341071,0.040169,0.067858,0.1,0.1,0.1
0.949771,0.082092,0.632619,0.1,0.1,0.1
0.927278,0.387662,0.397307,0.1,0.1,0.1
0.810024,-0.479339,0.370101,0.1,0.1,0.1
0.790039,0.230076,0.784615,0.1,0.1,0.1
0.882255,-0.170446,0.525993,0.1,0.1,0.1
0.695326,-0.222481,0.387307,0.1,0.1,0.1
0.370475,-0.002815,0.227733,0.1,0.1,0.1
0.916591,-0.080734,0.279976,0.1,0.1,0.1
0.585538,-0.137736,0.397307,0.1,0.1,0.1
0.771349,-0.179538,0.010000,0.1,0.1,0.1
0.685491,0.328759,0.014000,0.1,0.1,0.1
0.643044,0.125008,0.014000,0.1,0.1,0.1
0.552691,-0.598128,0.666739,0.1,0.1,0.1
0.549890,-0.122659,0.619934,0.1,0.1,0.1
0.419707,0.407865,0.162137,0.1,0.1,0.1
0.481291,-0.579039,0.429834,0.1,0.1,0.1
0.497047,0.319200,0.010000,0.1,0.1,0.1
0.803455,-0.017122,0.397307,0.1,0.1,0.1
0.665741,-0.624211,0.706788,0.1,0.1,0.1
0.642117,0.051181,0.093241,0.1,0.1,0.1
0.458232,-0.572874,0.701102,0.1,0.1,0.1
0.450770,-0.493411,0.697758,0.1,0.1,0.1
0.334213,0.088081,0.183098,0.1,0.1,0.1
0.794201,-0.042637,0.401307,0.1,0.1,0.1
0.497782,-0.583448,0.594629,0.1,0.1,0.1
0.682078,0.298216,0.512041,0.1,0.1,0.1
0.782950,-0.028877,0.397307,0.1,0.1,0.1
0.681990,-0.086098,0.259103,0.1,0.1,0.1
0.306268,-0.532247,0.051592,0.1,0.1,0.1
0.572837,-0.342136,0.397307,0.1,0.1,0.1
0.494223,0.291848,0.014000,0.1,0.1,0.1
0.365930,0.158355,0.387307,0.1,0.1,0.1
0.418052,-0.001043,0.278714,0.1,0.1,0.1
0.700623,0.367584,0.760912,0.1,0.1,0.1
0.799829,-0.376372,0.462257,0.1,0.1,0.1
0.419313,0.406393,0.035233,0.1,0.1,0.1
0.593897,0.494402,0.021358,0.1,0.1,0.1
0.489490,-0.535198,0.104015,0.1,0.1,0.1
0.931984,0.404014,0.388229,0.1,0.1,0.1
0.694219,-0.646316,0.392504,0.1,0.1,0.1
0.898477,0.214414,0.397307,0.1,0.1,0.1
0.965482,0.154749,0.397307,0.1,0.1,0.1
0.618177,0.487910,0.187491,0.1,0.1,0.1
0.922439,0.359438,0.397307,0.1,0.1,0.1
0.500962,0.519248,0.147945,0.1,0.1,0.1
1.029240,0.340623,0.344714,0.1,0.1,0.1
0.461538,-0.526697,0.430679,0.1,0.1,0.1
0.779884,-0.013160,0.784615,0.1,0.1,0.1
0.423223,-0.002426,0.091879,0.1,0.1,0.1
0.597166,-0.606320,0.010000,0.1,0.1,0.1
0.422063,0.245794,0.010000,0.1,0.1,0.1
0.418027,0.401581,0.096882,0.1,0.1,0.1
0.707506,0.464029,0.342487,0.1,0.1,0.1
0.416975,-0.030574,0.014000,0.1,0.1,0.1
0.650784,-0.158921,0.010000,0.1,0.1,0.1
1.023245,0.389967,0.074324,0.1,0.1,0.1
0.903616,-0.090546,0.517376,0.1,0.1,0.1
0.738079,-0.169083,0.397307,0.1,0.1,0.1
0.670995,0.143711,0.212043,0.1,0.1,0.1
0.576891,-0.268353,0.784615,0.1,0.1,0.1
0.910188,-0.003058,0.000000,0.1,0.1,0.1
0.571542,-0.562582,0.010000,0.1,0.1,0.1
0.757171,-0.456119,0.387307,0.1,0.1,0.1
0.797691,-0.486750,0.043703,0.1,0.1,0.1
0.818229,0.126364,0.000000,0.1,0.1,0.1
0.934062,-0.015384,0.352450,0.1,0.1,0.1
0.413890,-0.561019,0.020465,0.1,0.1,0.1
0.679024,0.189231,0.059678,0.1,0.1,0.1
0.554414,-0.179301,0.411669,0.1,0.1,0.1
0.600914,0.068193,0.606360,0.1,0.1,0.1
0.767925,-0.155221,0.397307,0.1,0.1,0.1
0.669857,-0.639803,0.095652,0.1,0.1,0.1
0.675831,-0.626908,0.422563,0.1,0.1,0.1
0.988173,0.388993,0.480774,0.1,0.1,0.1
0.515492,-0.251322,0.724905,0.1,0.1,0.1
0.562794,0.502717,0.028618,0.1,0.1,0.1
1.025233,0.364354,0.518946,0.1,0.1,0.1
0.300920,-0.526676,0.062495,0.1,0.1,0.1
0.938037,0.163600,0.784615,0.1,0.1,0.1
0.485267,0.442517,0.014000,0.1,0.1,0.1
0.708365,0.278747,0.774615,0.1,0.1,0.1
0.750681,-0.575694,0.475805,0.1,0.1,0.1
0.239888,-0.514500,0.025180,0.1,0.1,0.1
0.421159,-0.016365,0.060117,0.1,0.1,0.1
0.627117,-0.618025,0.405510,0.1,0.1,0.1
0.293031,-0.139520,0.140589,0.1,0.1,0.1
0.580704,-0.436791,0.000000,0.1,0.1,0.1
0.620430,-0.045424,0.046947,0.1,0.1,0.1
0.453684,-0.025061,0.048617,0.1,0.1,0.1
0.700310,0.253361,0.291161,0.1,0.1,0.1
0.891306,-0.124922,0.784615,0.1,0.1,0.1
0.471245,0.527076,0.196679,0.1,0.1,0.1
0.209202,-0.495244,0.014000,0.1,0.1,0.1
0.911593,-0.089053,0.387307,0.1,0.1,0.1
0.500879,-0.027327,0.316039,0.1,0.1,0.1
0.682356,-0.086196,0.235473,0.1,0.1,0.1
0.484589,-0.437130,0.397307,0.1,0.1,0.1
0.389866,-0.012140,0.124870,0.1,0.1,0.1
0.981282,0.302339,0.624931,0.1,0.1,0.1
0.894429,-0.156675,0.000000,0.1,0.1,0.1
0.707003,0.075007,0.000000,0.1,0.1,0.1
0.913791,0.034405,0.533446,0.1,0.1,0.1
0.506332,-0.359149,0.584320,0.1,0.1,0.1
0.512881,-0.261090,0.491697,0.1,0.1,0.1
0.742333,-0.093075,0.010000,0.1,0.1,0.1
1.013430,0.281488,0.722143,0.1,0.1,0.1
0.849886,-0.005431,0.397307,0.1,0.1,0.1
0.635440,0.026208,0.108322,0.1,0.1,0.1
0.835889,-0.145541,0.397307,0.1,0.1,0.1
0.717677,-0.004767,0.401307,0.1,0.1,0.1
0.882182,0.150913,0.397307,0.1,0.1,0.1
0.999316,0.228693,0.490030,0.1,0.1,0.1
0.619597,0.249461,0.014000,0.1,0.1,0.1
0.809532,-0.481181,0.622596,0.1,0.1,0.1
0.420926,-0.016303,0.112985,0.1,0.1,0.1
0.466718,-0.585494,0.021364,0.1,0.1,0.1
0.780214,-0.590840,0.722405,0.1,0.1,0.1
0.651026,0.069019,0.343660,0.1,0.1,0.1
0.642347,0.100458,0.387307,0.1,0.1,0.1
0.741114,-0.611479,0.703487,0.1,0.1,0.1
0.735730,0.213018,0.000000,0.1,0.1,0.1
0.448626,-0.574993,0.266337,0.1,0.1,0.1
0.880672,-0.215086,0.324911,0.1,0.1,0.1
0.515094,0.239714,0.010000,0.1,0.1,0.1
0.225418,-0.318857,0.272039,0.1,0.1,0.1
0.666319,-0.028510,0.010000,0.1,0.1,0.1
0.620689,-0.246984,0.401307,0.1,0.1,0.1
0.267792,-0.433140,0.010000,0.1,0.1,0.1
0.683263,0.044708,0.000000,0.1,0.1,0.1
0.502602,-0.380298,0.014000,0.1,0.1,0.1
0.422698,0.345488,0.272084,0.1,0.1,0.1
0.946786,0.285462,0.774615,0.1,0.1,0.1
0.584804,0.007934,0.740343,0.1,0.1,0.1
0.530397,-0.356501,0.774615,0.1,0.1,0.1
0.806217,-0.352477,0.398486,0.1,0.1,0.1
0.684707,-0.633422,0.521997,0.1,0.1,0.1
0.728073,-0.644771,0.569167,0.1,0.1,0.1
0.424376,-0.002734,0.222695,0.1,0.1,0.1
0.548100,-0.596900,0.706556,0.1,0.1,0.1
0.581006,0.493708,0.322798,0.1,0.1,0.1
0.635309,0.033136,0.000000,0.1,0.1,0.1
0.709592,0.288079,0.070588,0.1,0.1,0.1
0.758627,-0.663536,0.264990,0.1,0.1,0.1
0.702831,0.021082,0.774615,0.1,0.1,0.1
0.822908,0.433176,0.514613,0.1,0.1,0.1
0.508461,-0.464238,0.346749,0.1,0.1,0.1
0.705383,0.385390,0.576852,0.1,0.1,0.1
0.766012,0.104622,0.401307,0.1,0.1,0.1
0.286547,-0.163774,0.083378,0.1,0.1,0.1
0.677593,-0.220396,0.397307,0.1,0.1,0.1
0.668704,-0.528228,0.397307,0.1,0.1,0.1
0.293368,-0.138260,0.117649,0.1,0.1,0.1
0.695554,0.235573,0.058320,0.1,0.1,0.1
0.844286,0.140237,0.397307,0.1,0.1,0.1
0.782567,-0.543321,0.400775,0.1,0.1,0.1
0.474512,-0.575734,0.285552,0.1,0.1,0.1
0.819449,-0.165055,0.000000,0.1,0.1,0.1
1.026656,0.330957,0.784607,0.1,0.1,0.1
0.573015,-0.488725,0.397307,0.1,0.1,0.1
0.975509,0.280746,0.754049,0.1,0.1,0.1
0.356369,0.011307,0.362695,0.1,0.1,0.1
0.927186,0.184502,0.397307,0.1,0.1,0.1
0.875993,0.011170,0.401307,0.1,0.1,0.1
0.391521,-0.337266,0.014000,0.1,0.1,0.1
0.324021,-0.023606,0.021688,0.1,0.1,0.1
0.731092,-0.645823,0.000418,0.1,0.1,0.1
0.311600,-0.070064,0.222815,0.1,0.1,0.1
0.870395,-0.214809,0.177912,0.1,0.1,0.1
0.480287,-0.569619,0.094868,0.1,0.1,0.1
0.465842,-0.529874,0.010000,0.1,0.1,0.1
0.581760,-0.048951,0.356640,0.1,0.1,0.1
0.473414,-0.576933,0.180286,0.1,0.1,0.1
0.544406,-0.314298,0.334302,0.1,0.1,0.1
0.741887,-0.141616,0.000000,0.1,0.1,0.1
0.392138,-0.555204,0.165012,0.1,0.1,0.1
0.377418,-0.041280,0.010000,0.1,0.1,0.1
0.916014,0.368748,0.397307,0.1,0.1,0.1
0.781048,0.440227,0.446880,0.1,0.1,0.1
0.292598,-0.274784,0.014000,0.1,0.1,0.1
0.553815,-0.223141,0.014000,0.1,0.1,0.1
0.710420,-0.423610,0.397307,0.1,0.1,0.1
0.308478,-0.081742,0.168996,0.1,0.1,0.1
0.325750,-0.017136,0.087913,0.1,0.1,0.1
0.697608,0.082346,0.774615,0.1,0.1,0.1
0.719677,-0.204770,0.010000,0.1,0.1,0.1
0.775440,-0.395486,0.397307,0.1,0.1,0.1
0.581222,0.493650,0.372409,0.1,0.1,0.1
0.896115,-0.157322,0.241095,0.1,0.1,0.1
0.791528,-0.407422,0.577329,0.1,0.1,0.1
0.826413,-0.418036,0.556355,0.1,0.1,0.1
0.634567,0.007454,0.291990,0.1,0.1,0.1
0.795503,-0.392554,0.440346,0.1,0.1,0.1
0.294121,-0.135442,0.058387,0.1,0.1,0.1
0.770741,-0.465053,0.397307,0.1,0.1,0.1
0.509778,-0.443824,0.243110,0.1,0.1,0.1
0.441762,0.416799,0.382182,0.1,0.1,0.1
0.571407,-0.042042,0.154066,0.1,0.1,0.1
0.446664,0.435131,0.071130,0.1,0.1,0.1
0.566566,-0.239746,0.774615,0.1,0.1,0.1
0.633826,0.087851,0.010000,0.1,0.1,0.1
0.483432,-0.475028,0.397307,0.1,0.1,0.1
0.989322,0.191314,0.230888,0.1,0.1,0.1
0.394184,0.238834,0.128121,0.1,0.1,0.1
0.759047,-0.106699,0.024015,0.1,0.1,0.1
0.423404,0.348130,0.128566,0.1,0.1,0.1
0.895624,-0.159157,0.146600,0.1,0.1,0.1
0.509472,-0.586573,0.765534,0.1,0.1,0.1
0.600066,-0.606653,0.618130,0.1,0.1,0.1
0.710533,0.327815,0.387307,0.1,0.1,0.1
0.406170,-0.467545,0.014000,0.1,0.1,0.1
0.986779,0.181802,0.565952,0.1,0.1,0.1
0.571066,-0.214581,0.202312,0.1,0.1,0.1
0.479592,-0.289647,0.010000,0.1,0.1,0.1
0.475171,-0.475705,0.540440,0.1,0.1,0.1
0.519303,-0.310631,0.695570,0.1,0.1,0.1
0.967209,0.234214,0.751282,0.1,0.1,0.1
0.804977,-0.459500,0.088253,0.1,0.1,0.1
0.684506,0.057920,0.397307,0.1,0.1,0.1
0.917535,-0.038483,0.523792,0.1,0.1,0.1
0.491072,-0.592005,0.254084,0.1,0.1,0.1
0.938145,0.125502,0.442591,0.1,0.1,0.1
0.596919,-0.117877,0.362334,0.1,0.1,0.1
0.462694,-0.574067,0.509366,0.1,0.1,0.1
0.490890,-0.434669,0.774615,0.1,0.1,0.1
0.245588,-0.511883,0.303165,0.1,0.1,0.1
0.766036,-0.467068,0.000000,0.1,0.1,0.1
0.730447,-0.263427,0.397307,0.1,0.1,0.1
0.491590,-0.577652,0.676913,0.1,0.1,0.1
0.767456,0.371991,0.387307,0.1,0.1,0.1
0.836531,-0.341472,0.232839,0.1,0.1,0.1
0.612988,0.039792,0.580970,0.1,0.1,0.1
0.795173,0.293614,0.774615,0.1,0.1,0.1
0.473813,-0.030442,0.331438,0.1,0.1,0.1
0.702486,0.276988,0.314852,0.1,0.1,0.1
0.702302,0.260812,0.042380,0.1,0.1,0.1
0.255463,-0.280041,0.159158,0.1,0.1,0.1
0.689892,0.102091,0.397307,0.1,0.1,0.1
0.984195,0.172135,0.650694,0.1,0.1,0.1
0.707497,-0.282659,0.397307,0.1,0.1,0.1
0.719449,0.460836,0.351451,0.1,0.1,0.1
0.984107,0.210524,0.731227,0.1,0.1,0.1
0.660297,0.083983,0.010000,0.1,0.1,0.1
0.563641,-0.071222,0.653190,0.1,0.1,0.1
1.028584,0.338170,0.656423,0.1,0.1,0.1
0.635385,0.010513,0.044260,0.1,0.1,0.1
1.032935,0.354444,0.406871,0.1,0.1,0.1
0.324756,0.009408,0.249883,0.1,0.1,0.1
0.470387,-0.571983,0.204981,0.1,0.1,0.1
0.237323,-0.347891,0.290596,0.1,0.1,0.1
0.649726,-0.617643,0.397307,0.1,0.1,0.1
0.679843,0.192294,0.209142,0.1,0.1,0.1
0.778553,-0.597053,0.260899,0.1,0.1,0.1
0.462135,0.493000,0.083504,0.1,0.1,0.1
0.619526,-0.033319,0.297756,0.1,0.1,0.1
0.570631,-0.598783,0.463016,0.1,0.1,0.1
0.705250,-0.089395,0.784615,0.1,0.1,0.1
0.690350,-0.088333,0.213136,0.1,0.1,0.1
0.512289,-0.449919,0.095504,0.1,0.1,0.1
0.404132,0.276044,0.233881,0.1,0.1,0.1
0.798408,-0.397176,0.579071,0.1,0.1,0.1
0.906432,0.006881,0.480568,0.1,0.1,0.1
0.417448,-0.557830,0.316038,0.1,0.1,0.1
1.035580,0.364338,0.512385,0.1,0.1,0.1
0.641314,-0.621821,0.403225,0.1,0.1,0.1
0.623413,-0.318598,0.000000,0.1,0.1,0.1
0.632723,0.188671,0.014000,0.1,0.1,0.1
0.407188,-0.448333,0.014000,0.1,0.1,0.1
0.793842,0.352876,0.387307,0.1,0.1,0.1
0.753567,-0.662183,0.555573,0.1,0.1,0.1
0.758035,-0.380015,0.401307,0.1,0.1,0.1
0.903993,0.013245,0.599464,0.1,0.1,0.1
0.471195,-0.572199,0.239301,0.1,0.1,0.1
0.641772,-0.617803,0.525231,0.1,0.1,0.1
0.774475,0.446124,0.699510,0.1,0.1,0.1
0.546229,-0.606751,0.315470,0.1,0.1,0.1
0.657321,0.279182,0.557254,0.1,0.1,0.1
0.292268,-0.068811,0.203076,0.1,0.1,0.1
0.749306,0.452114,0.035179,0.1,0.1,0.1
0.545381,-0.053717,0.220175,0.1,0.1,0.1
0.422472,0.344643,0.196956,0.1,0.1,0.1
0.635933,0.479023,0.224211,0.1,0.1,0.1
0.696950,0.466851,0.084895,0.1,0.1,0.1
0.668314,-0.625706,0.387307,0.1,0.1,0.1
0.870025,-0.254910,0.227475,0.1,0.1,0.1
0.958829,0.115974,0.342596,0.1,0.1,0.1
0.696664,0.352774,0.703063,0.1,0.1,0.1
0.448371,-0.502382,0.462761,0.1,0.1,0.1
0.820167,-0.300300,0.604646,0.1,0.1,0.1
0.715409,-0.651981,0.442036,0.1,0.1,0.1
0.317270,0.024707,0.199490,0.1,0.1,0.1
0.546937,-0.039641,0.165956,0.1,0.1,0.1
0.715209,0.324578,0.172009,0.1,0.1,0.1
0.396288,0.233422,0.010000,0.1,0.1,0.1
0.334502,0.089163,0.275049,0.1,0.1,0.1
0.952090,0.177661,0.501326,0.1,0.1,0.1
0.972627,0.167583,0.431773,0.1,0.1,0.1
0.453708,-0.436415,0.014000,0.1,0.1,0.1
0.639107,-0.074633,0.235922,0.1,0.1,0.1
0.710835,-0.125474,0.397307,0.1,0.1,0.1
0.997755,0.222854,0.246319,0.1,0.1,0.1
0.260637,-0.187124,0.181821,0.1,0.1,0.1
0.712389,-0.636682,0.659095,0.1,0.1,0.1
0.490147,-0.024458,0.054771,0.1,0.1,0.1
0.820076,-0.441739,0.612939,0.1,0.1,0.1
0.913014,0.234993,0.401307,0.1,0.1,0.1
0.954354,0.060516,0.350734,0.1,0.1,0.1
0.728195,0.373149,0.195453,0.1,0.1,0.1
0.717659,-0.194344,0.387307,0.1,0.1,0.1
0.924158,0.088670,0.620962,0.1,0.1,0.1
0.678804,0.188406,0.228277,0.1,0.1,0.1
0.541400,0.504296,0.232217,0.1,0.1,0.1
0.563970,-0.389311,0.387307,0.1,0.1,0.1
0.978695,0.292662,0.503924,0.1,0.1,0.1
0.435876,-0.024441,0.300973,0.1,0.1,0.1
0.202300,-0.405328,0.010713,0.1,0.1,0.1
0.526383,-0.586954,0.767737,0.1,0.1,0.1
0.934529,0.025082,0.651522,0.1,0.1,0.1
0.532657,-0.592772,0.095360,0.1,0.1,0.1
0.797391,-0.400979,0.442709,0.1,0.1,0.1
0.409769,-0.555777,0.280048,0.1,0.1,0.1
0.985558,0.243753,0.774615,0.1,0.1,0.1
0.774848,-0.469811,0.739610,0.1,0.1,0.1
0.812259,-0.329880,0.652243,0.1,0.1,0.1
0.334142,-0.200899,0.010000,0.1,0.1,0.1
0.893609,-0.142674,0.102242,0.1,0.1,0.1
0.771393,0.442808,0.624927,0.1,0.1,0.1
0.838972,0.424741,0.420260,0.1,0.1,0.1
0.371461,-0.007219,0.361464,0.1,0.1,0.1
1.017365,0.296204,0.563983,0.1,0.1,0.1
0.773001,-0.579105,0.591964,0.1,0.1,0.1
0.522889,-0.310948,0.000000,0.1,0.1,0.1
0.647822,0.057032,0.367666,0.1,0.1,0.1
0.653604,-0.625107,0.268543,0.1,0.1,0.1
0.473801,-0.480829,0.536951,0.1,0.1,0.1
0.671033,-0.363608,0.010000,0.1,0.1,0.1
0.285889,-0.338111,0.010000,0.1,0.1,0.1
0.732286,0.467755,0.652587,0.1,0.1,0.1
0.409752,0.001176,0.172819,0.1,0.1,0.1
0.458029,-0.539824,0.428885,0.1,0.1,0.1
0.760769,-0.663575,0.672010,0.1,0.1,0.1
0.446888,0.435970,0.053324,0.1,0.1,0.1
0.818670,-0.408282,0.055230,0.1,0.1,0.1
0.482373,-0.561818,0.220766,0.1,0.1,0.1
0.608149,-0.612954,0.400690,0.1,0.1,0.1
0.835877,-0.382639,0.208939,0.1,0.1,0.1
0.674238,0.342458,0.730712,0.1,0.1,0.1
1.011548,0.313167,0.609429,0.1,0.1,0.1
0.551968,-0.036845,0.094028,0.1,0.1,0.1
0.747705,-0.586826,0.525419,0.1,0.1,0.1
0.705596,0.459750,0.627948,0.1,0.1,0.1
0.294035,-0.062201,0.346804,0.1,0.1,0.1
0.470314,-0.571964,0.706597,0.1,0.1,0.1
0.405481,0.281092,0.222681,0.1,0.1,0.1
0.587081,-0.057111,0.512837,0.1,0.1,0.1
0.365259,-0.432221,0.010000,0.1,0.1,0.1
0.519961,-0.421220,0.107437,0.1,0.1,0.1
0.515767,-0.436909,0.129169,0.1,0.1,0.1
0.721388,0.347688,0.258934,0.1,0.1,0.1
0.698353,0.462335,0.379026,0.1,0.1,0.1
0.575956,-0.428553,0.010000,0.1,0.1,0.1
0.749134,0.435983,0.126930,0.1,0.1,0.1
0.376398,-0.178352,0.010000,0.1,0.1,0.1
0.506674,0.361325,0.014000,0.1,0.1,0.1
0.965508,0.405403,0.171607,0.1,0.1,0.1
0.759063,0.026822,0.397307,0.1,0.1,0.1
0.736484,-0.647265,0.542638,0.1,0.1,0.1
0.302131,-0.531141,0.094574,0.1,0.1,0.1
0.665651,-0.638679,0.084947,0.1,0.1,0.1
0.342222,-0.537718,0.054328,0.1,0.1,0.1
0.451901,-0.562742,0.459524,0.1,0.1,0.1
0.710262,-0.640254,0.344622,0.1,0.1,0.1
0.331826,0.079154,0.024913,0.1,0.1,0.1
0.955129,0.124450,0.784615,0.1,0.1,0.1
0.868417,-0.222207,0.527012,0.1,0.1,0.1
0.729640,-0.411796,0.401307,0.1,0.1,0.1
0.559880,-0.256419,0.250727,0.1,0.1,0.1
0.988000,0.225087,0.241778,0.1,0.1,0.1
0.455145,-0.010960,0.048560,0.1,0.1,0.1
0.907382,-0.115177,0.327032,0.1,0.1,0.1
0.772561,-0.619466,0.432771,0.1,0.1,0.1
0.415842,-0.559617,0.010000,0.1,0.1,0.1
0.195413,-0.431092,0.150514,0.1,0.1,0.1
0.760540,0.449850,0.190584,0.1,0.1,0.1
0.594393,0.494269,0.212744,0.1,0.1,0.1
0.722241,0.045680,0.010000,0.1,0.1,0.1
0.568433,-0.126865,0.669573,0.1,0.1,0.1
0.507054,-0.024838,0.297436,0.1,0.1,0.1
0.698097,-0.180398,0.387307,0.1,0.1,0.1
0.751580,-0.651300,0.138075,0.1,0.1,0.1
0.469945,-0.019057,0.148984,0.1,0.1,0.1
0.270539,-0.180325,0.387307,0.1,0.1,0.1
0.991816,0.388019,0.677914,0.1,0.1,0.1
0.513778,-0.428860,0.125158,0.1,0.1,0.1
0.687585,0.221250,0.210753,0.1,0.1,0.1
0.701821,0.465548,0.331443,0.1,0.1,0.1
0.693478,0.073135,0.401307,0.1,0.1,0.1
0.495107,-0.514187,0.331221,0.1,0.1,0.1
0.248757,-0.516871,0.298399,0.1,0.1,0.1
0.815442,-0.420357,0.137518,0.1,0.1,0.1
0.921781,0.417094,0.604857,0.1,0.1,0.1
0.472114,-0.487139,0.625721,0.1,0.1,0.1
0.578776,-0.220835,0.397307,0.1,0.1,0.1
0.644444,0.059885,0.038327,0.1,0.1,0.1
0.575952,-0.057749,0.042513,0.1,0.1,0.1
0.640706,0.013033,0.397307,0.1,0.1,0.1
0.396440,0.247272,0.362166,0.1,0.1,0.1
0.611472,-0.052754,0.119265,0.1,0.1,0.1
0.894923,-0.123061,0.410825,0.1,0.1,0.1
0.763058,0.338232,0.010000,0.1,0.1,0.1
0.580385,-0.082159,0.520648,0.1,0.1,0.1
0.906207,0.230301,0.774615,0.1,0.1,0.1
0.742449,-0.300851,0.784615,0.1,0.1,0.1
0.925604,-0.047020,0.271991,0.1,0.1,0.1
0.747686,0.446057,0.364615,0.1,0.1,0.1
0.570612,0.500627,0.037530,0.1,0.1,0.1
0.821087,-0.312346,0.739120,0.1,0.1,0.1
0.516173,-0.419902,0.051834,0.1,0.1,0.1
0.657804,-0.351515,0.401307,0.1,0.1,0.1
0.623637,-0.627446,0.672258,0.1,0.1,0.1
0.911170,-0.101009,0.388246,0.1,0.1,0.1
0.826257,0.442632,0.253156,0.1,0.1,0.1
0.668268,0.470378,0.195389,0.1,0.1,0.1
0.674237,0.214999,0.010000,0.1,0.1,0.1
0.600709,-0.532301,0.784615,0.1,0.1,0.1
0.489366,-0.520171,0.216151,0.1,0.1,0.1
0.878811,-0.080946,0.567534,0.1,0.1,0.1
0.837149,-0.349352,0.774615,0.1,0.1,0.1
0.574126,-0.042769,0.189240,0.1,0.1,0.1
0.688959,0.210905,0.158715,0.1,0.1,0.1
0.760066,-0.663920,0.591158,0.1,0.1,0.1
0.825944,-0.156060,0.397307,0.1,0.1,0.1
0.956314,0.208948,0.456563,0.1,0.1,0.1
0.663504,0.228744,0.703869,0.1,0.1,0.1
0.793128,0.192841,0.010000,0.1,0.1,0.1
0.653655,-0.220862,0.000000,0.1,0.1,0.1
0.428955,-0.018450,0.106215,0.1,0.1,0.1
0.403220,0.272635,0.015021,0.1,0.1,0.1
0.770366,0.447223,0.358307,0.1,0.1,0.1
0.294407,-0.134375,0.011312,0.1,0.1,0.1
0.648249,-0.619534,0.774003,0.1,0.1,0.1
0.573540,-0.061245,0.095336,0.1,0.1,0.1
0.693871,-0.631732,0.729027,0.1,0.1,0.1
0.760717,-0.663770,0.635704,0.1,0.1,0.1
0.718163,-0.296731,0.784615,0.1,0.1,0.1
0.874264,0.374304,0.401307,0.1,0.1,0.1
0.726651,0.351887,0.152077,0.1,0.1,0.1
0.864968,-0.235108,0.030644,0.1,0.1,0.1
0.745677,-0.577866,0.010000,0.1,0.1,0.1
0.911795,-0.098674,0.138500,0.1,0.1,0.1
0.532005,-0.427006,0.784615,0.1,0.1,0.1
0.315635,-0.530610,0.013225,0.1,0.1,0.1
0.968621,0.239495,0.527453,0.1,0.1,0.1
0.635443,-0.368775,0.000000,0.1,0.1,0.1
0.719529,-0.480908,0.401307,0.1,0.1,0.1
1.012246,0.315775,0.445101,0.1,0.1,0.1
0.820898,0.429573,0.432616,0.1,0.1,0.1
0.899209,0.423128,0.609772,0.1,0.1,0.1
0.765298,0.079349,0.387307,0.1,0.1,0.1
0.723111,-0.481351,0.000000,0.1,0.1,0.1
0.863765,-0.124345,0.182566,0.1,0.1,0.1
0.203797,-0.473294,0.356902,0.1,0.1,0.1
0.610820,-0.081371,0.011912,0.1,0.1,0.1
0.289646,-0.078619,0.336151,0.1,0.1,0.1
0.724642,-0.639958,0.763376,0.1,0.1,0.1
0.481359,-0.452557,0.003011,0.1,0.1,0.1
0.970809,0.247681,0.703515,0.1,0.1,0.1
0.889905,-0.039451,0.505384,0.1,0.1,0.1
0.304443,-0.023272,0.172982,0.1,0.1,0.1
0.726666,0.464997,0.373713,0.1,0.1,0.1
0.733178,0.457165,0.354238,0.1,0.1,0.1
0.551370,-0.288253,0.099749,0.1,0.1,0.1
0.658273,-0.626355,0.285127,0.1,0.1,0.1
0.634875,-0.063151,0.168545,0.1,0.1,0.1
0.391664,0.229409,0.030555,0.1,0.1,0.1
0.840310,-0.128425,0.246135,0.1,0.1,0.1
0.777941,-0.154964,0.774615,0.1,0.1,0.1
0.810620,-0.477110,0.612854,0.1,0.1,0.1
0.995151,0.213115,0.700431,0.1,0.1,0.1
0.353007,-0.135777,0.014000,0.1,0.1,0.1
0.588501,-0.164851,0.311693,0.1,0.1,0.1
0.700327,-0.161224,0.784615,0.1,0.1,0.1
0.745421,0.115398,0.000000,0.1,0.1,0.1
0.216492,-0.352245,0.236461,0.1,0.1,0.1
0.699363,0.462065,0.189030,0.1,0.1,0.1
0.501133,-0.037746,0.078974,0.1,0.1,0.1
0.551584,0.176759,0.014000,0.1,0.1,0.1
0.487045,-0.431289,0.417016,0.1,0.1,0.1
0.699965,0.365123,0.597820,0.1,0.1,0.1
0.820513,0.336962,0.784615,0.1,0.1,0.1
0.631324,0.099696,0.014000,0.1,0.1,0.1
0.291565,-0.071438,0.261100,0.1,0.1,0.1
0.616830,-0.615275,0.460765,0.1,0.1,0.1
0.899402,-0.106309,0.180346,0.1,0.1,0.1
0.927081,0.058150,0.387307,0.1,0.1,0.1
0.512751,-0.432704,0.035459,0.1,0.1,0.1
0.904090,-0.036684,0.010000,0.1,0.1,0.1
1.024924,0.363199,0.231895,0.1,0.1,0.1
0.852356,0.425303,0.555815,0.1,0.1,0.1
1.021634,0.312172,0.505669,0.1,0.1,0.1
0.754202,-0.562524,0.726143,0.1,0.1,0.1
0.838829,-0.014054,0.774615,0.1,0.1,0.1
0.971926,0.164961,0.401150,0.1,0.1,0.1
0.808916,0.436917,0.027594,0.1,0.1,0.1
0.977231,0.146088,0.100298,0.1,0.1,0.1
0.695239,0.249881,0.342968,0.1,0.1,0.1
0.774050,-0.391889,0.774615,0.1,0.1,0.1
0.310866,0.000755,0.387056,0.1,0.1,0.1
0.833769,0.346594,0.397307,0.1,0.1,0.1
0.648285,0.058764,0.214685,0.1,0.1,0.1
0.495810,0.032018,0.010000,0.1,0.1,0.1
0.574494,-0.241944,0.010000,0.1,0.1,0.1
0.981079,0.199197,0.405187,0.1,0.1,0.1
0.744380,-0.172065,0.397307,0.1,0.1,0.1
0.631179,-0.072514,0.095160,0.1,0.1,0.1
0.648527,0.419734,0.010000,0.1,0.1,0.1
0.871572,-0.210404,0.255479,0.1,0.1,0.1
0.918120,-0.075014,0.284632,0.1,0.1,0.1
0.645290,-0.524986,0.774615,0.1,0.1,0.1
0.672719,-0.073269,0.180056,0.1,0.1,0.1
0.565240,-0.483408,0.401307,0.1,0.1,0.1
0.621415,0.487045,0.204517,0.1,0.1,0.1
0.362090,0.009778,0.168210,0.1,0.1,0.1
0.704453,0.460704,0.213523,0.1,0.1,0.1
0.470745,0.287652,0.010000,0.1,0.1,0.1
0.500652,-0.027266,0.266563,0.1,0.1,0.1
0.541182,-0.252714,0.397307,0.1,0.1,0.1
0.716441,0.457499,0.199088,0.1,0.1,0.1
0.633844,0.117803,0.624831,0.1,0.1,0.1
0.889005,-0.058304,0.769667,0.1,0.1,0.1
0.679370,0.190523,0.061430,0.1,0.1,0.1
0.486719,-0.023542,0.055881,0.1,0.1,0.1
0.510398,-0.597172,0.361961,0.1,0.1,0.1
0.881837,-0.172010,0.632303,0.1,0.1,0.1
0.727295,-0.098210,0.017375,0.1,0.1,0.1
0.851643,-0.323666,0.672345,0.1,0.1,0.1
0.739324,-0.618176,0.599949,0.1,0.1,0.1
0.589687,-0.618370,0.385092,0.1,0.1,0.1
0.707000,0.348648,0.401307,0.1,0.1,0.1
0.654540,-0.334917,0.397307,0.1,0.1,0.1
0.963966,0.135187,0.589626,0.1,0.1,0.1
0.494864,-0.328481,0.461812,0.1,0.1,0.1
0.942252,0.156351,0.432956,0.1,0.1,0.1
0.793743,-0.501520,0.447940,0.1,0.1,0.1
0.654067,-0.068282,0.350877,0.1,0.1,0.1
0.701287,-0.637855,0.713121,0.1,0.1,0.1
0.473565,0.076162,0.010000,0.1,0.1,0.1
0.565167,-0.044515,0.309941,0.1,0.1,0.1
0.701316,-0.091265,0.330119,0.1,0.1,0.1
0.537598,0.217397,0.010000,0.1,0.1,0.1
0.880922,-0.088537,0.699337,0.1,0.1,0.1
0.738950,-0.647924,0.053226,0.1,0.1,0.1
0.987620,0.310558,0.754936,0.1,0.1,0.1
0.924430,0.074200,0.647699,0.1,0.1,0.1
0.952011,0.398660,0.769033,0.1,0.1,0.1
0.697054,0.303249,0.000000,0.1,0.1,0.1
0.427821,0.364653,0.129261,0.1,0.1,0.1
0.632672,0.484035,0.259239,0.1,0.1,0.1
0.761021,0.460072,0.462217,0.1,0.1,0.1
0.509340,-0.460950,0.106404,0.1,0.1,0.1
0.704199,-0.039651,0.784615,0.1,0.1,0.1
0.352666,0.157104,0.321746,0.1,0.1,0.1
0.875049,0.207149,0.010000,0.1,0.1,0.1
0.470611,-0.029586,0.223184,0.1,0.1,0.1
0.338678,0.089761,0.387307,0.1,0.1,0.1
0.406978,-0.002223,0.111905,0.1,0.1,0.1
0.761020,-0.653824,0.216498,0.1,0.1,0.1
0.803254,-0.465945,0.022921,0.1,0.1,0.1
0.701556,-0.484986,0.387307,0.1,0.1,0.1
0.609558,-0.056382,0.218320,0.1,0.1,0.1
0.583064,-0.185190,0.288315,0.1,0.1,0.1
0.849717,0.426009,0.706658,0.1,0.1,0.1
1.027930,0.378363,0.611696,0.1,0.1,0.1
0.727018,0.170283,0.010000,0.1,0.1,0.1
0.709939,-0.548665,0.401307,0.1,0.1,0.1
0.627798,-0.618207,0.359692,0.1,0.1,0.1
0.641054,0.420918,0.014000,0.1,0.1,0.1
0.484003,-0.540232,0.374001,0.1,0.1,0.1
0.599181,-0.068100,0.053073,0.1,0.1,0.1
0.814939,-0.121642,0.332140,0.1,0.1,0.1
0.756301,-0.641568,0.122891,0.1,0.1,0.1
0.621785,0.146261,0.734772,0.1,0.1,0.1
0.933428,0.107858,0.691496,0.1,0.1,0.1
0.659623,0.116663,0.316204,0.1,0.1,0.1
0.712922,0.128455,0.000000,0.1,0.1,0.1
0.991230,0.228834,0.774615,0.1,0.1,0.1
0.521217,-0.229907,0.750248,0.1,0.1,0.1
0.729690,-0.638724,0.510239,0.1,0.1,0.1
0.597853,0.056744,0.714574,0.1,0.1,0.1
0.992484,0.344240,0.689119,0.1,0.1,0.1
0.774186,-0.574670,0.651419,0.1,0.1,0.1
0.759395,-0.543102,0.740143,0.1,0.1,0.1
0.621593,-0.069951,0.092602,0.1,0.1,0.1
0.903770,-0.003981,0.387307,0.1,0.1,0.1
0.644308,0.390827,0.010000,0.1,0.1,0.1
0.946282,0.030323,0.052045,0.1,0.1,0.1
0.492686,-0.507756,0.320460,0.1,0.1,0.1
0.433046,-0.009192,0.092142,0.1,0.1,0.1
0.390458,-0.550614,0.278307,0.1,0.1,0.1
0.377486,-0.547146,0.243214,0.1,0.1,0.1
0.533446,-0.588842,0.469774,0.1,0.1,0.1
0.507548,-0.043602,0.057502,0.1,0.1,0.1
0.627961,-0.223182,0.397307,0.1,0.1,0.1
0.737988,-0.658018,0.756684,0.1,0.1,0.1
0.763641,-0.614113,0.377791,0.1,0.1,0.1
0.483702,-0.022735,0.042209,0.1,0.1,0.1
0.505978,-0.039042,0.278562,0.1,0.1,0.1
0.635828,-0.289992,0.387307,0.1,0.1,0.1
0.930828,-0.027478,0.381596,0.1,0.1,0.1
0.310998,-0.529371,0.318499,0.1,0.1,0.1
0.334524,0.089246,0.274110,0.1,0.1,0.1
0.830184,-0.403933,0.172365,0.1,0.1,0.1
0.767715,0.266697,0.000000,0.1,0.1,0.1
0.760126,-0.663936,0.339714,0.1,0.1,0.1
0.654135,0.267262,0.617625,0.1,0.1,0.1
0.758678,-0.663549,0.565318,0.1,0.1,0.1
0.346907,-0.543111,0.207012,0.1,0.1,0.1
0.598212,-0.060129,0.397307,0.1,0.1,0.1
0.963332,0.240472,0.397307,0.1,0.1,0.1
0.778912,-0.556992,0.695974,0.1,0.1,0.1
0.827568,-0.272616,0.605010,0.1,0.1,0.1
0.458457,-0.572934,0.458946,0.1,0.1,0.1
0.754330,0.447370,0.755553,0.1,0.1,0.1
0.428762,0.441737,0.158057,0.1,0.1,0.1
0.729962,0.344497,0.397307,0.1,0.1,0.1
0.824848,0.073188,0.774615,0.1,0.1,0.1
0.814367,-0.121489,0.311787,0.1,0.1,0.1
0.506652,-0.596170,0.366853,0.1,0.1,0.1
0.290921,-0.147412,0.131105,0.1,0.1,0.1
0.649135,-0.592977,0.387307,0.1,0.1,0.1
0.805701,0.437776,0.532354,0.1,0.1,0.1
0.275886,-0.471752,0.014000,0.1,0.1,0.1
0.732252,0.467764,0.607293,0.1,0.1,0.1
0.986143,0.389535,0.720573,0.1,0.1,0.1
0.575003,0.198186,0.014000,0.1,0.1,0.1
0.257058,-0.200512,0.011591,0.1,0.1,0.1
0.984045,0.385956,0.535755,0.1,0.1,0.1
0.694082,-0.532813,0.774615,0.1,0.1,0.1
0.482663,-0.589757,0.329690,0.1,0.1,0.1
0.580904,-0.601240,0.774615,0.1,0.1,0.1
0.424251,-0.116629,0.014000,0.1,0.1,0.1
0.338810,-0.134190,0.014000,0.1,0.1,0.1
0.699846,0.438242,0.468076,0.1,0.1,0.1
0.460477,-0.573474,0.235068,0.1,0.1,0.1
0.917912,0.259407,0.397307,0.1,0.1,0.1
0.822520,-0.118585,0.397307,0.1,0.1,0.1
0.753964,-0.563416,0.542028,0.1,0.1,0.1
0.334782,-0.304708,0.014000,0.1,0.1,0.1
0.623649,0.031519,0.401307,0.1,0.1,0.1
0.613119,-0.544060,0.000000,0.1,0.1,0.1
0.661212,0.122604,0.351965,0.1,0.1,0.1
0.712057,-0.651085,0.159039,0.1,0.1,0.1
0.872551,0.419904,0.310883,0.1,0.1,0.1
0.522326,-0.225761,0.543122,0.1,0.1,0.1
0.859591,-0.209431,0.010000,0.1,0.1,0.1
0.573311,-0.613992,0.298552,0.1,0.1,0.1
0.536131,-0.032611,0.339516,0.1,0.1,0.1
0.743750,-0.366632,0.784615,0.1,0.1,0.1
0.873283,-0.242724,0.268654,0.1,0.1,0.1
0.428647,-0.514307,0.014000,0.1,0.1,0.1
0.545487,0.503204,0.057273,0.1,0.1,0.1
0.783815,0.374818,0.784615,0.1,0.1,0.1
0.480218,-0.578752,0.753079,0.1,0.1,0.1
0.747000,-0.005353,0.010000,0.1,0.1,0.1
0.569445,-0.041518,0.070678,0.1,0.1,0.1
0.999409,0.267762,0.247176,0.1,0.1,0.1
0.959166,0.078516,0.691058,0.1,0.1,0.1
0.605205,-0.622518,0.706907,0.1,0.1,0.1
0.731144,-0.656188,0.496354,0.1,0.1,0.1
0.653075,-0.110372,0.010000,0.1,0.1,0.1
0.820872,-0.297663,0.556009,0.1,0.1,0.1
0.879514,-0.219418,0.635261,0.1,0.1,0.1
0.735764,0.456474,0.582764,0.1,0.1,0.1
0.251413,-0.295192,0.174653,0.1,0.1,0.1
0.738251,-0.101140,0.163752,0.1,0.1,0.1
0.680809,0.367036,0.718995,0.1,0.1,0.1
0.468778,0.517850,0.338587,0.1,0.1,0.1
0.316738,0.021903,0.027982,0.1,0.1,0.1
0.637491,-0.376924,0.397307,0.1,0.1,0.1
0.666857,0.143720,0.115660,0.1,0.1,0.1
0.784278,0.439363,0.510563,0.1,0.1,0.1
0.258555,-0.194913,0.376583,0.1,0.1,0.1
0.458127,-0.011757,0.318099,0.1,0.1,0.1
0.633518,0.019016,0.061305,0.1,0.1,0.1
0.892703,-0.088366,0.397307,0.1,0.1,0.1
0.936600,0.402780,0.746437,0.1,0.1,0.1
0.752976,0.450355,0.369890,0.1,0.1,0.1
0.746791,0.356376,0.000000,0.1,0.1,0.1
0.420704,-0.016244,0.239803,0.1,0.1,0.1
0.624945,-0.052654,0.774615,0.1,0.1,0.1
0.213816,-0.362255,0.255915,0.1,0.1,0.1
0.557188,0.500075,0.155470,0.1,0.1,0.1
0.347683,-0.214385,0.014000,0.1,0.1,0.1
0.692571,-0.635524,0.596822,0.1,0.1,0.1
0.494941,-0.508723,0.401307,0.1,0.1,0.1
0.951869,0.409050,0.533006,0.1,0.1,0.1
0.768935,-0.098992,0.120058,0.1,0.1,0.1
0.388056,-0.007515,0.380889,0.1,0.1,0.1
0.832085,-0.396823,0.324465,0.1,0.1,0.1
0.450118,-0.566564,0.325918,0.1,0.1,0.1
0.577439,-0.518726,0.000000,0.1,0.1,0.1
0.342101,0.044022,0.302323,0.1,0.1,0.1
0.639656,0.213106,0.726956,0.1,0.1,0.1
0.493642,-0.582341,0.335708,0.1,0.1,0.1
0.209270,-0.379258,0.356896,0.1,0.1,0.1
1.012264,0.277124,0.751677,0.1,0.1,0.1
0.629516,0.004048,0.083294,0.1,0.1,0.1
0.520495,-0.032572,0.346665,0.1,0.1,0.1
0.783735,0.079587,0.774615,0.1,0.1,0.1
0.477897,-0.465507,0.595964,0.1,0.1,0.1
0.881194,-0.072031,0.557290,0.1,0.1,0.1
0.652966,-0.635287,0.353170,0.1,0.1,0.1
0.942601,0.157655,0.750100,0.1,0.1,0.1
0.674895,0.271349,0.520328,0.1,0.1,0.1
0.569734,-0.196251,0.000000,0.1,0.1,0.1
0.850252,-0.328868,0.183191,0.1,0.1,0.1
0.981246,0.199822,0.680402,0.1,0.1,0.1
0.527502,-0.393015,0.028763,0.1,0.1,0.1
0.630782,0.145774,0.014000,0.1,0.1,0.1
0.352740,-0.002214,0.119505,0.1,0.1,0.1
0.561277,-0.251194,0.162491,0.1,0.1,0.1
0.875542,-0.093172,0.465951,0.1,0.1,0.1
0.908301,0.029360,0.499010,0.1,0.1,0.1
0.829559,0.253364,0.784615,0.1,0.1,0.1
0.516491,-0.121697,0.010000,0.1,0.1,0.1
0.812030,-0.346223,0.681892,0.1,0.1,0.1
0.595936,0.049575,0.676966,0.1,0.1,0.1
0.847520,-0.339089,0.303963,0.1,0.1,0.1
0.836588,-0.127430,0.020144,0.1,0.1,0.1
0.658539,-0.264677,0.774615,0.1,0.1,0.1
0.562329,0.376496,0.010000,0.1,0.1,0.1
0.882063,-0.084268,0.408920,0.1,0.1,0.1
0.578967,-0.048204,0.241408,0.1,0.1,0.1
0.621295,0.070864,0.772044,0.1,0.1,0.1
0.793801,-0.457716,0.010000,0.1,0.1,0.1
0.559472,-0.600867,0.784615,0.1,0.1,0.1
0.793392,-0.502834,0.543986,0.1,0.1,0.1
0.662213,0.165538,0.784615,0.1,0.1,0.1
0.638139,0.020815,0.058194,0.1,0.1,0.1
0.790823,-0.410058,0.507898,0.1,0.1,0.1
0.503358,-0.455010,0.010000,0.1,0.1,0.1
0.690989,-0.243958,0.401307,0.1,0.1,0.1
0.260461,-0.261347,0.154191,0.1,0.1,0.1
0.785587,-0.532027,0.126300,0.1,0.1,0.1
0.599592,-0.010314,0.704868,0.1,0.1,0.1
0.661623,0.276090,0.010000,0.1,0.1,0.1
0.389689,-0.550409,0.243501,0.1,0.1,0.1
0.707438,-0.434237,0.387307,0.1,0.1,0.1
0.298331,-0.530125,0.385005,0.1,0.1,0.1
0.971288,0.249471,0.713231,0.1,0.1,0.1
0.306854,-0.014252,0.064074,0.1,0.1,0.1
0.676562,-0.146850,0.774615,0.1,0.1,0.1
0.439598,0.482266,0.218466,0.1,0.1,0.1
0.591770,0.252792,0.014000,0.1,0.1,0.1
0.814208,0.435502,0.126026,0.1,0.1,0.1
0.459181,0.481953,0.331700,0.1,0.1,0.1
0.779273,0.440701,0.556126,0.1,0.1,0.1
0.810312,-0.478262,0.185092,0.1,0.1,0.1
0.531605,0.161943,0.014000,0.1,0.1,0.1
0.651146,0.182519,0.629097,0.1,0.1,0.1
0.676115,0.275913,0.596164,0.1,0.1,0.1
0.618304,-0.058721,0.198740,0.1,0.1,0.1
0.551143,-0.608065,0.318397,0.1,0.1,0.1
0.967281,0.333216,0.774615,0.1,0.1,0.1
0.533175,-0.533680,0.397307,0.1,0.1,0.1
0.456045,-0.015341,0.147308,0.1,0.1,0.1
0.454258,-0.571812,0.091396,0.1,0.1,0.1
0.236552,-0.350777,0.263686,0.1,0.1,0.1
0.821753,-0.435467,0.550726,0.1,0.1,0.1
0.902538,0.365762,0.000000,0.1,0.1,0.1
0.528021,-0.204459,0.578740,0.1,0.1,0.1
0.635258,-0.105688,0.397307,0.1,0.1,0.1
0.444043,0.498895,0.338140,0.1,0.1,0.1
0.705873,-0.631249,0.397307,0.1,0.1,0.1
0.401469,-0.557698,0.121120,0.1,0.1,0.1
0.391684,0.303048,0.290025,0.1,0.1,0.1
0.595695,0.048672,0.654015,0.1,0.1,0.1
0.623065,-0.107695,0.397307,0.1,0.1,0.1
0.852898,0.361988,0.774615,0.1,0.1,0.1
0.550730,-0.036514,0.300008,0.1,0.1,0.1
0.542194,-0.422761,0.387307,0.1,0.1,0.1
0.608951,-0.623520,0.035128,0.1,0.1,0.1
0.880064,0.417895,0.689236,0.1,0.1,0.1
0.534893,-0.365370,0.289363,0.1,0.1,0.1
0.676223,-0.641505,0.041579,0.1,0.1,0.1
0.870872,-0.213022,0.655527,0.1,0.1,0.1
0.482214,-0.375796,0.737291,0.1,0.1,0.1
0.922043,0.199375,0.401307,0.1,0.1,0.1
1.009444,0.266578,0.698443,0.1,0.1,0.1
0.589470,-0.281316,0.401307,0.1,0.1,0.1
0.729114,-0.241071,0.401307,0.1,0.1,0.1
0.452028,-0.488706,0.532989,0.1,0.1,0.1
0.707854,-0.639610,0.388133,0.1,0.1,0.1
0.739430,0.399685,0.105835,0.1,0.1,0.1
0.527145,-0.293489,0.000000,0.1,0.1,0.1
0.682266,0.182279,0.010000,0.1,0.1,0.1
1.023374,0.318681,0.129891,0.1,0.1,0.1
0.297430,-0.123067,0.343322,0.1,0.1,0.1
0.601421,-0.184980,0.774615,0.1,0.1,0.1
0.841009,-0.128612,0.312933,0.1,0.1,0.1
0.471157,-0.453293,0.397307,0.1,0.1,0.1
0.829784,-0.405427,0.714300,0.1,0.1,0.1
0.515535,-0.031246,0.124173,0.1,0.1,0.1
0.275866,-0.524119,0.054498,0.1,0.1,0.1
0.630041,0.006012,0.211102,0.1,0.1,0.1
0.834192,-0.169373,0.774615,0.1,0.1,0.1
0.743395,-0.587462,0.641012,0.1,0.1,0.1
0.917338,-0.039220,0.329605,0.1,0.1,0.1
0.662207,0.110840,0.365095,0.1,0.1,0.1
0.990350,0.195157,0.394425,0.1,0.1,0.1
0.854667,-0.273636,0.000973,0.1,0.1,0.1
0.484434,-0.033282,0.204116,0.1,0.1,0.1
0.542826,-0.149081,0.680699,0.1,0.1,0.1
0.739908,0.067449,0.401307,0.1,0.1,0.1
0.594482,-0.052352,0.165387,0.1,0.1,0.1
0.645265,-0.633228,0.211128,0.1,0.1,0.1
0.428035,0.365453,0.174667,0.1,0.1,0.1
0.795738,0.440440,0.703857,0.1,0.1,0.1
0.572207,0.500201,0.109261,0.1,0.1,0.1
0.799321,-0.480653,0.609555,0.1,0.1,0.1
0.937156,0.402632,0.381059,0.1,0.1,0.1
0.710430,0.459106,0.170239,0.1,0.1,0.1
0.615645,0.003271,0.000000,0.1,0.1,0.1
0.957134,0.212015,0.749932,0.1,0.1,0.1
0.418972,-0.019921,0.302620,0.1,0.1,0.1
0.501683,-0.580350,0.471400,0.1,0.1,0.1
0.647734,0.243321,0.633349,0.1,0.1,0.1
1.002912,0.280865,0.442251,0.1,0.1,0.1
1.026734,0.369969,0.712080,0.1,0.1,0.1
0.417482,-0.005031,0.027858,0.1,0.1,0.1
0.476869,-0.035400,0.221395,0.1,0.1,0.1
0.752990,0.462220,0.724095,0.1,0.1,0.1
0.727658,0.371142,0.348719,0.1,0.1,0.1
0.805860,-0.353815,0.511901,0.1,0.1,0.1
0.775033,-0.484609,0.759434,0.1,0.1,0.1
0.335808,0.094047,0.137738,0.1,0.1,0.1
0.749115,-0.104044,0.045017,0.1,0.1,0.1
0.769582,-0.591893,0.141054,0.1,0.1,0.1
0.451670,-0.490045,0.708201,0.1,0.1,0.1
0.929712,0.093957,0.437171,0.1,0.1,0.1
0.766906,-0.098449,0.266582,0.1,0.1,0.1
0.522622,-0.585948,0.632785,0.1,0.1,0.1
0.764024,0.108847,0.401307,0.1,0.1,0.1
0.528213,-0.049127,0.344236,0.1,0.1,0.1
0.823807,-0.124013,0.286056,0.1,0.1,0.1
0.974288,0.135079,0.746392,0.1,0.1,0.1
0.513942,-0.428247,0.254623,0.1,0.1,0.1
0.768398,0.149797,0.000000,0.1,0.1,0.1
0.783601,0.309479,0.784615,0.1,0.1,0.1
0.810250,0.446911,0.548793,0.1,0.1,0.1
0.320611,-0.036361,0.013736,0.1,0.1,0.1
0.863468,-0.238339,0.387307,0.1,0.1,0.1
0.771117,-0.079094,0.784615,0.1,0.1,0.1
0.374515,-0.008036,0.160549,0.1,0.1,0.1
0.578507,0.498516,0.297697,0.1,0.1,0.1
0.853903,-0.276496,0.563359,0.1,0.1,0.1
0.977546,0.384053,0.010000,0.1,0.1,0.1
0.883664,-0.078280,0.503850,0.1,0.1,0.1
0.586986,-0.155032,0.045389,0.1,0.1,0.1
0.492199,-0.525062,0.023903,0.1,0.1,0.1
0.341116,-0.014700,0.014000,0.1,0.1,0.1
0.709474,-0.093446,0.202426,0.1,0.1,0.1
0.237056,-0.337683,0.010000,0.1,0.1,0.1
0.651293,0.091543,0.014000,0.1,0.1,0.1
0.582258,-0.606032,0.748770,0.1,0.1,0.1
0.803933,-0.361022,0.675761,0.1,0.1,0.1
0.189091,-0.454736,0.059949,0.1,0.1,0.1
0.873842,-0.043656,0.401307,0.1,0.1,0.1
0.754723,-0.454540,0.387307,0.1,0.1,0.1
0.344530,-0.276323,0.014000,0.1,0.1,0.1
0.891881,0.023053,0.397307,0.1,0.1,0.1
0.752524,-0.651553,0.280262,0.1,0.1,0.1
0.617476,-0.625799,0.056789,0.1,0.1,0.1
0.379868,-0.009467,0.147876,0.1,0.1,0.1
0.262464,-0.253854,0.188005,0.1,0.1,0.1
0.318095,-0.045770,0.385068,0.1,0.1,0.1
0.705728,0.090590,0.774615,0.1,0.1,0.1
0.556566,-0.268816,0.264501,0.1,0.1,0.1
0.470340,0.523693,0.133458,0.1,0.1,0.1
0.391489,0.001918,0.224940,0.1,0.1,0.1
0.918056,-0.075253,0.720505,0.1,0.1,0.1
0.545048,-0.214335,0.654540,0.1,0.1,0.1
0.866772,-0.267077,0.763157,0.1,0.1,0.1
0.872875,-0.205530,0.559977,0.1,0.1,0.1
0.535278,-0.348443,0.342523,0.1,0.1,0.1
0.849296,-0.293726,0.325792,0.1,0.1,0.1
0.364218,-0.001142,0.022527,0.1,0.1,0.1
0.324498,0.019828,0.369545,0.1,0.1,0.1
0.504550,-0.515983,0.000000,0.1,0.1,0.1
0.279289,-0.117357,0.050789,0.1,0.1,0.1
0.905047,0.411216,0.724489,0.1,0.1,0.1
0.533180,0.505615,0.014000,0.1,0.1,0.1
0.733003,-0.364575,0.397307,0.1,0.1,0.1
0.533636,-0.588893,0.599598,0.1,0.1,0.1
0.408308,-0.555386,0.012279,0.1,0.1,0.1
0.548151,-0.596914,0.151868,0.1,0.1,0.1
0.841541,-0.128754,0.344004,0.1,0.1,0.1
0.673891,0.037052,0.397307,0.1,0.1,0.1
0.496345,-0.396503,0.424292,0.1,0.1,0.1
0.925859,0.416003,0.461950,0.1,0.1,0.1
0.866309,-0.230091,0.606965,0.1,0.1,0.1
0.487313,-0.527854,0.053174,0.1,0.1,0.1
0.557491,-0.542150,0.387307,0.1,0.1,0.1
0.363147,-0.547453,0.198385,0.1,0.1,0.1
0.424942,0.353884,0.330469,0.1,0.1,0.1
0.697914,-0.080004,0.101804,0.1,0.1,0.1
0.237819,-0.346036,0.286723,0.1,0.1,0.1
0.455052,-0.550957,0.696801,0.1,0.1,0.1
0.674749,0.157751,0.063017,0.1,0.1,0.1
0.579497,0.478950,0.014000,0.1,0.1,0.1
0.884468,0.307386,0.397307,0.1,0.1,0.1
0.407616,-0.016885,0.106936,0.1,0.1,0.1
0.501559,0.514948,0.190764,0.1,0.1,0.1
0.532109,-0.375783,0.332093,0.1,0.1,0.1
0.726557,0.464590,0.296097,0.1,0.1,0.1
0.463924,-0.574396,0.530618,0.1,0.1,0.1
0.640441,-0.534067,0.387307,0.1,0.1,0.1
0.517965,-0.588844,0.764170,0.1,0.1,0.1
0.648828,-0.619689,0.446612,0.1,0.1,0.1
0.842894,0.382976,0.397307,0.1,0.1,0.1
0.606645,-0.242910,0.784615,0.1,0.1,0.1
0.747684,0.453287,0.749334,0.1,0.1,0.1
0.570967,0.261573,0.010000,0.1,0.1,0.1
0.909735,-0.067657,0.170673,0.1,0.1,0.1
0.806771,-0.109107,0.287359,0.1,0.1,0.1
0.744026,-0.436722,0.774615,0.1,0.1,0.1
0.557111,-0.258961,0.010000,0.1,0.1,0.1
0.384617,0.007896,0.103329,0.1,0.1,0.1
0.625096,0.088518,0.774615,0.1,0.1,0.1
0.666790,0.474914,0.322457,0.1,0.1,0.1
0.922142,0.065643,0.675132,0.1,0.1,0.1
0.950286,0.159512,0.010000,0.1,0.1,0.1
0.551498,-0.363619,0.010000,0.1,0.1,0.1
0.891835,-0.134614,0.193490,0.1,0.1,0.1
0.664963,0.234199,0.574278,0.1,0.1,0.1
0.474041,0.003554,0.014000,0.1,0.1,0.1
0.973766,0.171846,0.293871,0.1,0.1,0.1
0.884534,-0.140248,0.258045,0.1,0.1,0.1
0.300217,-0.530629,0.125094,0.1,0.1,0.1
0.345484,0.056677,0.334533,0.1,0.1,0.1
0.637629,0.131959,0.656434,0.1,0.1,0.1
0.886093,0.239635,0.774615,0.1,0.1,0.1
0.945717,0.309381,0.397307,0.1,0.1,0.1
0.622081,-0.616679,0.576766,0.1,0.1,0.1
0.871295,0.420240,0.517629,0.1,0.1,0.1
0.415165,-0.557220,0.011159,0.1,0.1,0.1
0.649846,0.128140,0.010000,0.1,0.1,0.1
0.280255,-0.187309,0.112422,0.1,0.1,0.1
0.415375,0.391661,0.341816,0.1,0.1,0.1
0.481371,-0.579060,0.589418,0.1,0.1,0.1
0.681255,-0.628359,0.763729,0.1,0.1,0.1
0.767148,-0.378632,0.774615,0.1,0.1,0.1
0.488980,-0.345063,0.010000,0.1,0.1,0.1
0.762514,-0.376551,0.774615,0.1,0.1,0.1
0.605327,-0.086427,0.279189,0.1,0.1,0.1
0.459939,-0.467351,0.014000,0.1,0.1,0.1
0.650700,0.083287,0.042180,0.1,0.1,0.1
0.730783,-0.180123,0.010000,0.1,0.1,0.1
0.634916,0.024247,0.248089,0.1,0.1,0.1
0.897356,0.074947,0.397307,0.1,0.1,0.1
0.597068,-0.053043,0.195747,0.1,0.1,0.1
0.908509,-0.072245,0.209316,0.1,0.1,0.1
0.907717,0.420853,0.082281,0.1,0.1,0.1
0.844799,-0.223653,0.623776,0.1,0.1,0.1
0.870101,0.015372,0.387307,0.1,0.1,0.1
0.828002,-0.373377,0.000276,0.1,0.1,0.1
0.543195,-0.595589,0.673192,0.1,0.1,0.1
0.990806,0.196863,0.687280,0.1,0.1,0.1
0.831448,-0.273592,0.772002,0.1,0.1,0.1
0.198333,-0.493732,0.296984,0.1,0.1,0.1
0.360460,0.186259,0.196481,0.1,0.1,0.1
0.606891,-0.622969,0.495564,0.1,0.1,0.1
0.812063,0.436075,0.444404,0.1,0.1,0.1
0.494652,-0.500400,0.184593,0.1,0.1,0.1
0.391087,0.300814,0.048756,0.1,0.1,0.1
0.746992,0.449332,0.166732,0.1,0.1,0.1
0.749789,-0.650821,0.002668,0.1,0.1,0.1
0.776850,-0.564707,0.062525,0.1,0.1,0.1
0.880516,0.258476,0.784615,0.1,0.1,0.1
0.516351,-0.248109,0.647685,0.1,0.1,0.1
0.741200,-0.091577,0.204151,0.1,0.1,0.1
0.730920,-0.645777,0.700631,0.1,0.1,0.1
0.560465,0.503340,0.296031,0.1,0.1,0.1
0.978093,0.188031,0.113188,0.1,0.1,0.1
0.891126,0.228768,0.774615,0.1,0.1,0.1
1.015436,0.288991,0.661642,0.1,0.1,0.1
0.551085,-0.304805,0.103177,0.1,0.1,0.1
0.410490,0.299825,0.031142,0.1,0.1,0.1
0.654782,0.196117,0.423794,0.1,0.1,0.1
0.584304,-0.064123,0.375106,0.1,0.1,0.1
0.828241,-0.250061,0.401307,0.1,0.1,0.1
0.874480,-0.097147,0.429173,0.1,0.1,0.1
0.571349,-0.213521,0.209686,0.1,0.1,0.1
0.432681,-0.566043,0.054594,0.1,0.1,0.1
0.334864,0.002565,0.184972,0.1,0.1,0.1
0.759819,-0.052214,0.784615,0.1,0.1,0.1
0.341107,0.015388,0.224879,0.1,0.1,0.1
0.463403,-0.584608,0.455580,0.1,0.1,0.1
0.365385,-0.005595,0.127418,0.1,0.1,0.1
0.929053,0.383825,0.010000,0.1,0.1,0.1
0.263712,-0.249185,0.339195,0.1,0.1,0.1
0.472452,-0.412310,0.636098,0.1,0.1,0.1
0.436168,-0.548028,0.402432,0.1,0.1,0.1
0.649128,0.237194,0.014000,0.1,0.1,0.1
0.666378,0.239493,0.522294,0.1,0.1,0.1
0.741468,-0.424347,0.774615,0.1,0.1,0.1
0.824188,0.182520,0.774615,0.1,0.1,0.1
0.635172,0.196332,0.416292,0.1,0.1,0.1
0.423602,-0.231448,0.014000,0.1,0.1,0.1
0.476181,0.099790,0.014000,0.1,0.1,0.1
0.906309,0.410879,0.464410,0.1,0.1,0.1
0.836227,-0.131512,0.397307,0.1,0.1,0.1
0.965098,0.139422,0.613068,0.1,0.1,0.1
0.786878,-0.565917,0.506139,0.1,0.1,0.1
0.472182,-0.015515,0.343944,0.1,0.1,0.1
0.744316,-0.043043,0.401307,0.1,0.1,0.1
0.797278,0.440028,0.520201,0.1,0.1,0.1
0.657817,-0.626233,0.481813,0.1,0.1,0.1
0.688563,0.435405,0.014000,0.1,0.1,0.1
0.824674,-0.298928,0.673426,0.1,0.1,0.1
0.804863,-0.459927,0.669498,0.1,0.1,0.1
0.516002,-0.322980,0.422952,0.1,0.1,0.1
0.509738,-0.482665,0.397307,0.1,0.1,0.1
0.787602,0.227130,0.010000,0.1,0.1,0.1
0.912689,-0.056610,0.379885,0.1,0.1,0.1
0.680725,0.139088,0.397307,0.1,0.1,0.1
0.526481,-0.044523,0.371279,0.1,0.1,0.1
0.522105,-0.300151,0.613338,0.1,0.1,0.1
0.931895,0.102125,0.404399,0.1,0.1,0.1
0.694617,0.247554,0.315622,0.1,0.1,0.1
0.872449,0.419931,0.460194,0.1,0.1,0.1
0.523000,0.277540,0.014000,0.1,0.1,0.1
1.019576,0.343192,0.040577,0.1,0.1,0.1
0.862551,0.422577,0.386252,0.1,0.1,0.1
0.543781,0.191506,0.014000,0.1,0.1,0.1
0.910022,0.055425,0.784615,0.1,0.1,0.1
0.345703,-0.468787,0.010000,0.1,0.1,0.1
0.298062,-0.120703,0.053169,0.1,0.1,0.1
0.965278,0.192748,0.774615,0.1,0.1,0.1
0.448661,-0.242880,0.010000,0.1,0.1,0.1
0.822382,-0.307503,0.468800,0.1,0.1,0.1
0.411311,-0.560330,0.019622,0.1,0.1,0.1
0.984633,0.389939,0.176074,0.1,0.1,0.1
0.351281,0.012668,0.215256,0.1,0.1,0.1
0.909623,0.034303,0.411922,0.1,0.1,0.1
0.199453,-0.415979,0.301053,0.1,0.1,0.1
0.628362,-0.061410,0.023572,0.1,0.1,0.1
0.857750,-0.159723,0.474087,0.1,0.1,0.1
0.692752,-0.176721,0.387307,0.1,0.1,0.1
0.531471,-0.329850,0.774615,0.1,0.1,0.1
0.779481,-0.518486,0.397307,0.1,0.1,0.1
0.553270,-0.037193,0.187214,0.1,0.1,0.1
0.823146,-0.123836,0.326026,0.1,0.1,0.1
0.768634,-0.493057,0.399302,0.1,0.1,0.1
0.538152,-0.353179,0.175558,0.1,0.1,0.1
0.836682,-0.108853,0.397307,0.1,0.1,0.1
0.938392,0.039529,0.754924,0.1,0.1,0.1
0.747661,0.453293,0.706718,0.1,0.1,0.1
0.762213,-0.107546,0.012081,0.1,0.1,0.1
0.543550,-0.146371,0.472034,0.1,0.1,0.1
0.950764,0.085806,0.478906,0.1,0.1,0.1
0.901668,-0.097832,0.703987,0.1,0.1,0.1
0.767947,0.447870,0.031135,0.1,0.1,0.1
0.697008,0.256499,0.206483,0.1,0.1,0.1
0.435735,-0.005771,0.239305,0.1,0.1,0.1
0.433021,-0.312095,0.010000,0.1,0.1,0.1
0.259558,-0.264724,0.344274,0.1,0.1,0.1
0.702087,0.292412,0.784615,0.1,0.1,0.1
0.748519,0.453064,0.096757,0.1,0.1,0.1
0.426257,0.256375,0.010000,0.1,0.1,0.1
0.838182,-0.374015,0.314841,0.1,0.1,0.1
0.728379,0.186717,0.010000,0.1,0.1,0.1
0.966420,0.144367,0.744229,0.1,0.1,0.1
0.187345,-0.500453,0.129570,0.1,0.1,0.1
0.381476,-0.009897,0.313378,0.1,0.1,0.1
0.624348,-0.194998,0.397307,0.1,0.1,0.1
0.501830,-0.584530,0.692063,0.1,0.1,0.1
0.988538,0.388895,0.729516,0.1,0.1,0.1
0.294999,-0.058596,0.020802,0.1,0.1,0.1
0.335639,0.093416,0.232001,0.1,0.1,0.1
0.973650,0.132694,0.667181,0.1,0.1,0.1
0.863077,-0.242179,0.475017,0.1,0.1,0.1
0.936344,0.060467,0.397307,0.1,0.1,0.1
0.873878,-0.023038,0.401307,0.1,0.1,0.1
0.894064,-0.164993,0.315967,0.1,0.1,0.1
0.948794,0.078438,0.101589,0.1,0.1,0.1
0.919380,-0.031581,0.440010,0.1,0.1,0.1
0.265634,-0.446708,0.010000,0.1,0.1,0.1
0.772045,-0.110174,0.309417,0.1,0.1,0.1
0.626648,-0.617900,0.413589,0.1,0.1,0.1
0.441766,-0.340219,0.010000,0.1,0.1,0.1
0.354705,0.091167,0.243165,0.1,0.1,0.1
0.737077,0.406374,0.010381,0.1,0.1,0.1
0.751404,0.329039,0.401307,0.1,0.1,0.1
0.880256,0.413704,0.730772,0.1,0.1,0.1
0.508038,-0.450333,0.132840,0.1,0.1,0.1
0.356305,-0.003167,0.327180,0.1,0.1,0.1
0.194143,-0.502270,0.113202,0.1,0.1,0.1
0.717709,-0.013908,0.784615,0.1,0.1,0.1
0.649427,-0.466311,0.401307,0.1,0.1,0.1
0.506054,-0.028711,0.087488,0.1,0.1,0.1
0.841069,0.420600,0.010000,0.1,0.1,0.1
0.243022,-0.511197,0.114332,0.1,0.1,0.1
0.231180,-0.370870,0.093412,0.1,0.1,0.1
0.722308,-0.639334,0.664208,0.1,0.1,0.1
0.202975,-0.476368,0.375642,0.1,0.1,0.1
0.810359,-0.478085,0.353590,0.1,0.1,0.1
0.617808,-0.055231,0.302281,0.1,0.1,0.1
0.871260,-0.124678,0.448003,0.1,0.1,0.1
0.834758,-0.116589,0.060502,0.1,0.1,0.1
0.569194,-0.050454,0.609282,0.1,0.1,0.1
0.738149,0.165261,0.401307,0.1,0.1,0.1
0.939187,0.099433,0.010000,0.1,0.1,0.1
0.736942,0.466510,0.437948,0.1,0.1,0.1
1.017646,0.381113,0.716899,0.1,0.1,0.1
0.806178,-0.455008,0.698666,0.1,0.1,0.1
0.768001,-0.597806,0.056887,0.1,0.1,0.1
0.584587,-0.157955,0.397307,0.1,0.1,0.1
0.724383,0.456457,0.643215,0.1,0.1,0.1
0.712065,0.312817,0.098022,0.1,0.1,0.1
0.471035,-0.417612,0.513911,0.1,0.1,0.1
1.024767,0.362610,0.100402,0.1,0.1,0.1
0.952370,0.053096,0.272490,0.1,0.1,0.1
0.932829,0.403789,0.745579,0.1,0.1,0.1
0.735001,0.383121,0.251991,0.1,0.1,0.1
0.835725,-0.220535,0.387307,0.1,0.1,0.1
0.856456,-0.132741,0.325919,0.1,0.1,0.1
0.753296,0.451552,0.203394,0.1,0.1,0.1
0.982940,0.390391,0.498585,0.1,0.1,0.1
0.540218,-0.345452,0.080483,0.1,0.1,0.1
0.213546,-0.363264,0.276748,0.1,0.1,0.1
0.798711,-0.106952,0.157869,0.1,0.1,0.1
0.412926,0.308937,0.022140,0.1,0.1,0.1
0.749290,0.344093,0.397307,0.1,0.1,0.1
0.859517,0.271905,0.784615,0.1,0.1,0.1
0.585308,-0.606848,0.499784,0.1,0.1,0.1
0.319073,-0.058248,0.014000,0.1,0.1,0.1
0.605055,-0.406071,0.774615,0.1,0.1,0.1
0.861000,0.433343,0.705904,0.1,0.1,0.1
0.950895,0.173192,0.749933,0.1,0.1,0.1
0.638851,-0.621162,0.526629,0.1,0.1,0.1
0.448599,0.442370,0.240353,0.1,0.1,0.1
0.447141,0.510482,0.084842,0.1,0.1,0.1
0.658636,-0.626452,0.442936,0.1,0.1,0.1
0.698374,0.254334,0.774615,0.1,0.1,0.1
0.534009,-0.593133,0.514218,0.1,0.1,0.1
0.628950,0.485030,0.329958,0.1,0.1,0.1
0.670191,0.245419,0.000000,0.1,0.1,0.1
0.786485,-0.441771,0.474361,0.1,0.1,0.1
0.829520,-0.115189,0.273230,0.1,0.1,0.1
0.605820,0.012978,0.703374,0.1,0.1,0.1
0.817552,0.444959,0.783107,0.1,0.1,0.1
0.975382,0.177890,0.395967,0.1,0.1,0.1
0.557523,-0.265236,0.308841,0.1,0.1,0.1
0.977620,0.147541,0.713229,0.1,0.1,0.1
0.672998,0.223778,0.010000,0.1,0.1,0.1
0.788327,0.438281,0.498660,0.1,0.1,0.1
0.538342,-0.165854,0.407911,0.1,0.1,0.1
1.024979,0.324686,0.225048,0.1,0.1,0.1
0.678618,0.187711,0.251192,0.1,0.1,0.1
0.792923,0.094995,0.387307,0.1,0.1,0.1
1.015623,0.289691,0.098316,0.1,0.1,0.1
1.006815,0.295462,0.221983,0.1,0.1,0.1
0.210539,-0.448077,0.042996,0.1,0.1,0.1
0.972848,0.393090,0.574032,0.1,0.1,0.1
0.515147,-0.499660,0.774615,0.1,0.1,0.1
0.480671,-0.455133,0.400035,0.1,0.1,0.1
0.764969,-0.609147,0.001616,0.1,0.1,0.1
0.921682,0.063924,0.673780,0.1,0.1,0.1
0.326206,-0.283459,0.014000,0.1,0.1,0.1
0.623012,-0.231733,0.387307,0.1,0.1,0.1
0.518250,-0.031971,0.129698,0.1,0.1,0.1
0.367810,0.213751,0.025769,0.1,0.1,0.1
0.950533,0.157206,0.387307,0.1,0.1,0.1
0.574211,-0.599740,0.672301,0.1,0.1,0.1
0.758246,-0.653082,0.650202,0.1,0.1,0.1
0.585000,-0.060168,0.329186,0.1,0.1,0.1
0.414913,-0.557152,0.113851,0.1,0.1,0.1
1.014408,0.323864,0.226528,0.1,0.1,0.1
0.840839,0.424242,0.675009,0.1,0.1,0.1
0.528464,-0.034702,0.195240,0.1,0.1,0.1
0.930005,0.008161,0.404781,0.1,0.1,0.1
0.701460,-0.637901,0.231375,0.1,0.1,0.1
0.806666,0.447869,0.188293,0.1,0.1,0.1
0.990461,0.398732,0.195704,0.1,0.1,0.1
0.964410,0.136849,0.357446,0.1,0.1,0.1
0.875032,-0.095082,0.476571,0.1,0.1,0.1
0.428449,-0.054174,0.014000,0.1,0.1,0.1
0.836025,-0.111881,0.000000,0.1,0.1,0.1
0.844931,-0.223160,0.551949,0.1,0.1,0.1
0.293769,-0.524765,0.020332,0.1,0.1,0.1
0.545405,-0.326048,0.059111,0.1,0.1,0.1
0.667875,-0.427956,0.010000,0.1,0.1,0.1
0.904513,-0.087192,0.025259,0.1,0.1,0.1
0.565286,-0.575606,0.774615,0.1,0.1,0.1
0.800092,-0.477771,0.023377,0.1,0.1,0.1
0.535558,-0.362883,0.091105,0.1,0.1,0.1
0.913668,0.376029,0.010000,0.1,0.1,0.1
0.842760,-0.215791,0.632309,0.1,0.1,0.1
0.693763,-0.016114,0.397307,0.1,0.1,0.1
0.838420,0.429029,0.449347,0.1,0.1,0.1
0.634998,0.195683,0.473637,0.1,0.1,0.1
0.229088,-0.305130,0.206897,0.1,0.1,0.1
0.369914,0.148055,0.049103,0.1,0.1,0.1
0.913561,-0.092066,0.395606,0.1,0.1,0.1
0.564897,0.231071,0.014000,0.1,0.1,0.1
0.786094,0.311724,0.784615,0.1,0.1,0.1
0.530603,-0.123769,0.014000,0.1,0.1,0.1
0.807216,-0.429586,0.397307,0.1,0.1,0.1
0.435723,-0.024400,0.098560,0.1,0.1,0.1
0.852352,0.163442,0.774615,0.1,0.1,0.1
0.701232,0.256812,0.147538,0.1,0.1,0.1
0.620431,-0.626589,0.209522,0.1,0.1,0.1
0.686504,0.314773,0.498939,0.1,0.1,0.1
0.807166,-0.232256,0.387307,0.1,0.1,0.1
0.780291,0.372111,0.401307,0.1,0.1,0.1
0.475164,-0.573294,0.090662,0.1,0.1,0.1
0.505714,-0.557053,0.401307,0.1,0.1,0.1
0.771200,-0.624559,0.503187,0.1,0.1,0.1
0.628880,-0.358645,0.000000,0.1,0.1,0.1
0.583005,-0.471517,0.397307,0.1,0.1,0.1
0.773575,-0.615674,0.464574,0.1,0.1,0.1
0.626101,0.481652,0.296260,0.1,0.1,0.1
0.519760,-0.028235,0.088066,0.1,0.1,0.1
0.393795,-0.551506,0.068278,0.1,0.1,0.1
0.633996,0.191933,0.768778,0.1,0.1,0.1
0.551125,-0.051112,0.249020,0.1,0.1,0.1
0.892398,-0.171226,0.420453,0.1,0.1,0.1
0.500743,-0.477620,0.317090,0.1,0.1,0.1
0.267238,-0.162434,0.295232,0.1,0.1,0.1
0.535763,-0.589462,0.683912,0.1,0.1,0.1
0.879049,-0.138782,0.162304,0.1,0.1,0.1
0.759259,0.460544,0.399256,0.1,0.1,0.1
0.897009,0.092380,0.010000,0.1,0.1,0.1
0.401505,-0.015251,0.031663,0.1,0.1,0.1
0.375792,0.170040,0.205612,0.1,0.1,0.1
0.543556,-0.038737,0.237109,0.1,0.1,0.1
0.742934,-0.589184,0.417728,0.1,0.1,0.1
0.763970,-0.510500,0.722030,0.1,0.1,0.1
0.557182,0.504218,0.158201,0.1,0.1,0.1
0.863885,0.247035,0.000000,0.1,0.1,0.1
0.703284,0.377538,0.779115,0.1,0.1,0.1
0.702816,0.375788,0.454312,0.1,0.1,0.1
0.588427,-0.616856,0.000000,0.1,0.1,0.1
0.546827,-0.305243,0.075137,0.1,0.1,0.1
0.651292,0.085502,0.063722,0.1,0.1,0.1
1.039156,0.377713,0.225120,0.1,0.1,0.1
0.440033,0.483895,0.286076,0.1,0.1,0.1
0.631324,-0.072553,0.176742,0.1,0.1,0.1
0.436716,-0.567122,0.513002,0.1,0.1,0.1
0.755800,-0.029524,0.397307,0.1,0.1,0.1
0.496493,-0.395949,0.458608,0.1,0.1,0.1
0.728848,-0.475020,0.397307,0.1,0.1,0.1
0.758850,0.404486,0.397307,0.1,0.1,0.1
0.563895,-0.241404,0.358603,0.1,0.1,0.1
0.739405,0.455500,0.191126,0.1,0.1,0.1
0.503239,-0.468283,0.356085,0.1,0.1,0.1
0.703194,-0.573807,0.397307,0.1,0.1,0.1
0.750383,-0.282101,0.010000,0.1,0.1,0.1
0.694992,0.420086,0.647115,0.1,0.1,0.1
0.420897,0.412318,0.227245,0.1,0.1,0.1
0.587624,-0.306511,0.784615,0.1,0.1,0.1
0.835554,0.265492,0.397307,0.1,0.1,0.1
0.449591,-0.570564,0.245801,0.1,0.1,0.1
0.948854,0.181043,0.586784,0.1,0.1,0.1
0.780370,-0.551539,0.613368,0.1,0.1,0.1
0.527484,-0.280032,0.630249,0.1,0.1,0.1
0.539649,-0.347581,0.147692,0.1,0.1,0.1
0.434261,-0.009517,0.315290,0.1,0.1,0.1
0.684733,0.195095,0.063956,0.1,0.1,0.1
0.554683,-0.609011,0.520496,0.1,0.1,0.1
1.029912,0.377834,0.054711,0.1,0.1,0.1
0.628359,0.097287,0.466724,0.1,0.1,0.1
0.757163,-0.105518,0.010000,0.1,0.1,0.1
0.542191,-0.038372,0.298846,0.1,0.1,0.1
0.695122,0.236584,0.000000,0.1,0.1,0.1
0.770151,-0.589765,0.590660,0.1,0.1,0.1
0.538075,-0.594220,0.540402,0.1,0.1,0.1
0.555563,-0.288054,0.197812,0.1,0.1,0.1
0.611502,-0.078821,0.275013,0.1,0.1,0.1
0.642555,0.052820,0.032713,0.1,0.1,0.1
0.296186,-0.127721,0.289783,0.1,0.1,0.1
0.914512,0.408686,0.632948,0.1,0.1,0.1
0.871805,-0.126494,0.046051,0.1,0.1,0.1
0.697990,0.466573,0.241020,0.1,0.1,0.1
0.935921,-0.008432,0.121380,0.1,0.1,0.1
0.738821,0.376939,0.010000,0.1,0.1,0.1
0.581074,-0.063259,0.216279,0.1,0.1,0.1
0.822865,-0.290207,0.600853,0.1,0.1,0.1
0.589107,-0.065407,0.377702,0.1,0.1,0.1
0.747486,0.390353,0.000000,0.1,0.1,0.1
0.735815,-0.615812,0.628744,0.1,0.1,0.1
0.795061,-0.496589,0.107516,0.1,0.1,0.1
0.915217,0.122057,0.397307,0.1,0.1,0.1
0.700419,-0.544577,0.774615,0.1,0.1,0.1
0.747451,0.198139,0.774615,0.1,0.1,0.1
0.439603,-0.388437,0.014000,0.1,0.1,0.1
0.337684,0.101064,0.320503,0.1,0.1,0.1
0.938205,0.038832,0.358931,0.1,0.1,0.1
0.301470,-0.450625,0.014000,0.1,0.1,0.1
0.218782,-0.504717,0.246146,0.1,0.1,0.1
0.568515,-0.041269,0.187182,0.1,0.1,0.1
0.681162,-0.075526,0.224055,0.1,0.1,0.1
0.938852,0.402178,0.699444,0.1,0.1,0.1
0.908121,0.028687,0.770479,0.1,0.1,0.1
0.325989,-0.248139,0.014000,0.1,0.1,0.1
0.945341,0.175111,0.401307,0.1,0.1,0.1
0.755147,-0.363341,0.774615,0.1,0.1,0.1
0.793013,-0.115780,0.338729,0.1,0.1,0.1
0.291585,-0.144931,0.216088,0.1,0.1,0.1
0.684545,0.023973,0.000000,0.1,0.1,0.1
0.846523,-0.304098,0.771409,0.1,0.1,0.1
0.752315,0.462400,0.426758,0.1,0.1,0.1
0.669225,0.063981,0.000000,0.1,0.1,0.1
0.993256,0.331639,0.423097,0.1,0.1,0.1
0.989816,0.388553,0.217672,0.1,0.1,0.1
0.993111,0.244204,0.450078,0.1,0.1,0.1
0.333952,0.002809,0.036347,0.1,0.1,0.1
0.817719,-0.394357,0.784615,0.1,0.1,0.1
0.890001,0.425590,0.209936,0.1,0.1,0.1
0.773782,-0.614901,0.535792,0.1,0.1,0.1
0.662144,-0.375536,0.401307,0.1,0.1,0.1
0.650208,0.179011,0.556907,0.1,0.1,0.1
0.673143,-0.092527,0.397307,0.1,0.1,0.1
0.772583,0.173895,0.401307,0.1,0.1,0.1
0.434420,-0.256222,0.010000,0.1,0.1,0.1
0.454568,-0.571894,0.020528,0.1,0.1,0.1
0.609210,-0.325764,0.010000,0.1,0.1,0.1
0.511178,0.125779,0.014000,0.1,0.1,0.1
0.373032,-0.550096,0.233298,0.1,0.1,0.1
0.518292,-0.031983,0.017077,0.1,0.1,0.1
0.654016,0.193254,0.397743,0.1,0.1,0.1
0.243086,-0.326335,0.230209,0.1,0.1,0.1
0.852875,-0.280339,0.393418,0.1,0.1,0.1
0.281487,-0.525621,0.132613,0.1,0.1,0.1
0.432263,-0.019334,0.157936,0.1,0.1,0.1
0.195460,-0.430913,0.106529,0.1,0.1,0.1
0.680102,-0.075242,0.343437,0.1,0.1,0.1
0.633923,0.468871,0.010000,0.1,0.1,0.1
0.587618,-0.055104,0.108717,0.1,0.1,0.1
0.934144,0.413788,0.623241,0.1,0.1,0.1
0.479492,-0.031961,0.297817,0.1,0.1,0.1
0.661610,-0.318537,0.387307,0.1,0.1,0.1
0.348451,0.013424,0.110878,0.1,0.1,0.1
0.596024,-0.048624,0.051487,0.1,0.1,0.1
0.721403,0.347747,0.382247,0.1,0.1,0.1
0.239243,-0.267147,0.327635,0.1,0.1,0.1
0.388273,-0.103468,0.010000,0.1,0.1,0.1
0.413118,0.383222,0.358782,0.1,0.1,0.1
0.666738,0.474928,0.027062,0.1,0.1,0.1
0.812811,-0.121073,0.297450,0.1,0.1,0.1
0.837926,-0.336256,0.354615,0.1,0.1,0.1
0.879584,-0.128574,0.128452,0.1,0.1,0.1
0.261708,-0.183118,0.363463,0.1,0.1,0.1
0.512614,-0.587413,0.419471,0.1,0.1,0.1
0.603248,-0.109692,0.069286,0.1,0.1,0.1
0.776245,-0.605687,0.483480,0.1,0.1,0.1
0.629048,-0.169441,0.000000,0.1,0.1,0.1
0.791666,0.451880,0.657735,0.1,0.1,0.1
0.684631,-0.632502,0.397307,0.1,0.1,0.1
0.351589,0.079511,0.350063,0.1,0.1,0.1
0.504163,-0.212656,0.010000,0.1,0.1,0.1
0.518563,-0.426451,0.224074,0.1,0.1,0.1
0.491929,-0.581883,0.452586,0.1,0.1,0.1
0.711564,0.310943,0.337899,0.1,0.1,0.1
0.608258,0.022099,0.578260,0.1,0.1,0.1
0.503674,-0.539898,0.774615,0.1,0.1,0.1
0.743321,0.053175,0.397307,0.1,0.1,0.1
0.403372,-0.001259,0.093622,0.1,0.1,0.1
0.754991,-0.544086,0.769062,0.1,0.1,0.1
0.541689,-0.339949,0.201668,0.1,0.1,0.1
0.642960,0.225463,0.716748,0.1,0.1,0.1
0.546247,-0.592264,0.416592,0.1,0.1,0.1
0.757075,-0.652770,0.695814,0.1,0.1,0.1
0.603818,0.005492,0.675767,0.1,0.1,0.1
1.017252,0.334500,0.595433,0.1,0.1,0.1
0.440474,0.411979,0.036556,0.1,0.1,0.1
0.370895,0.151722,0.017050,0.1,0.1,0.1
0.969912,0.244323,0.664339,0.1,0.1,0.1
0.638348,-0.462346,0.784615,0.1,0.1,0.1
0.632452,-0.445722,0.401307,0.1,0.1,0.1
0.617178,0.479615,0.010000,0.1,0.1,0.1
0.459809,-0.583647,0.439743,0.1,0.1,0.1
0.657680,0.477349,0.230349,0.1,0.1,0.1
0.303047,-0.102056,0.289506,0.1,0.1,0.1
0.650454,-0.111084,0.000000,0.1,0.1,0.1
0.455747,-0.561710,0.397307,0.1,0.1,0.1
0.538805,-0.037467,0.308216,0.1,0.1,0.1
0.736111,-0.100567,0.142837,0.1,0.1,0.1
0.650110,-0.428656,0.000000,0.1,0.1,0.1
0.348275,-0.336281,0.010000,0.1,0.1,0.1
0.680496,0.365866,0.507376,0.1,0.1,0.1
0.463405,-0.584608,0.029403,0.1,0.1,0.1
0.460955,-0.289179,0.014000,0.1,0.1,0.1
0.564076,-0.054574,0.367335,0.1,0.1,0.1
0.743685,-0.659541,0.674256,0.1,0.1,0.1
0.605491,-0.610144,0.387307,0.1,0.1,0.1
0.523165,-0.222622,0.450024,0.1,0.1,0.1
0.882212,0.417321,0.439738,0.1,0.1,0.1
0.511483,-0.597462,0.343172,0.1,0.1,0.1
0.189964,-0.451470,0.171849,0.1,0.1,0.1
0.627634,-0.071566,0.147092,0.1,0.1,0.1
1.000430,0.396067,0.027422,0.1,0.1,0.1
0.999383,0.267662,0.578260,0.1,0.1,0.1
0.277460,-0.520404,0.013238,0.1,0.1,0.1
0.603799,0.005419,0.569830,0.1,0.1,0.1
0.762344,0.445227,0.433708,0.1,0.1,0.1
0.582823,0.493222,0.043804,0.1,0.1,0.1
0.486582,-0.019364,0.237882,0.1,0.1,0.1
0.917624,-0.076869,0.706197,0.1,0.1,0.1
0.757502,-0.619547,0.774615,0.1,0.1,0.1
0.813611,0.435661,0.723920,0.1,0.1,0.1
0.524398,-0.547475,0.774615,0.1,0.1,0.1
0.546778,-0.596547,0.402807,0.1,0.1,0.1
0.488686,-0.581016,0.752938,0.1,0.1,0.1
0.844192,-0.351535,0.501151,0.1,0.1,0.1
0.485823,0.071960,0.014000,0.1,0.1,0.1
0.234615,-0.284456,0.181782,0.1,0.1,0.1
0.951835,0.145520,0.000000,0.1,0.1,0.1
1.018198,0.338039,0.632495,0.1,0.1,0.1
0.588940,-0.163210,0.300440,0.1,0.1,0.1
0.787314,-0.483024,0.774615,0.1,0.1,0.1
0.446870,-0.027380,0.324790,0.1,0.1,0.1
0.888994,-0.145240,0.773763,0.1,0.1,0.1
0.623926,-0.032348,0.347242,0.1,0.1,0.1
0.707877,-0.333872,0.401307,0.1,0.1,0.1
0.484187,0.305830,0.014000,0.1,0.1,0.1
1.036176,0.386510,0.016860,0.1,0.1,0.1
0.232827,-0.291147,0.220338,0.1,0.1,0.1
0.524237,-0.402806,0.387307,0.1,0.1,0.1
0.490241,0.404673,0.014000,0.1,0.1,0.1
0.833580,-0.391230,0.764159,0.1,0.1,0.1
0.714605,0.082194,0.401307,0.1,0.1,0.1
0.759531,0.460471,0.175957,0.1,0.1,0.1
0.865584,0.421767,0.487324,0.1,0.1,0.1
0.597573,-0.115433,0.124540,0.1,0.1,0.1
0.477463,-0.564696,0.161613,0.1,0.1,0.1
0.717359,-0.642151,0.496164,0.1,0.1,0.1
0.960305,0.121493,0.054796,0.1,0.1,0.1
0.703682,-0.395837,0.397307,0.1,0.1,0.1
0.777811,0.455584,0.373588,0.1,0.1,0.1
0.664109,-0.638266,0.233600,0.1,0.1,0.1
0.794686,-0.172940,0.387307,0.1,0.1,0.1
0.582093,-0.075770,0.560895,0.1,0.1,0.1
0.779195,-0.555935,0.390456,0.1,0.1,0.1
0.511185,-0.587031,0.682576,0.1,0.1,0.1
0.980439,0.391060,0.637412,0.1,0.1,0.1
0.361421,-0.247739,0.010000,0.1,0.1,0.1
0.501828,-0.375995,0.397570,0.1,0.1,0.1
0.699086,-0.155045,0.784615,0.1,0.1,0.1
0.267418,-0.521860,0.010579,0.1,0.1,0.1
0.568675,-0.239012,0.376056,0.1,0.1,0.1
0.989486,0.333026,0.634014,0.1,0.1,0.1
0.368870,-0.002386,0.043657,0.1,0.1,0.1
0.499453,-0.583895,0.075686,0.1,0.1,0.1
0.461553,-0.097913,0.014000,0.1,0.1,0.1
0.623226,-0.627336,0.004308,0.1,0.1,0.1
0.837455,-0.117310,0.102433,0.1,0.1,0.1
0.471928,-0.576536,0.441763,0.1,0.1,0.1
0.716742,0.330313,0.161178,0.1,0.1,0.1
0.786519,0.168908,0.010000,0.1,0.1,0.1
0.798513,-0.483676,0.345710,0.1,0.1,0.1
0.849118,-0.192011,0.417133,0.1,0.1,0.1
0.576751,-0.474322,0.784615,0.1,0.1,0.1
0.351776,-0.183127,0.014000,0.1,0.1,0.1
0.853942,-0.276348,0.177435,0.1,0.1,0.1
0.815148,0.189032,0.401307,0.1,0.1,0.1
0.497406,-0.392537,0.397296,0.1,0.1,0.1
0.768358,0.443619,0.650203,0.1,0.1,0.1
0.889338,0.415416,0.433332,0.1,0.1,0.1
0.937641,0.036720,0.120600,0.1,0.1,0.1
0.550200,-0.195062,0.508579,0.1,0.1,0.1
0.905776,-0.121184,0.684894,0.1,0.1,0.1
0.575105,-0.199473,0.095565,0.1,0.1,0.1
0.515284,-0.325665,0.783400,0.1,0.1,0.1
0.668091,-0.286341,0.387307,0.1,0.1,0.1
0.527175,-0.378753,0.254584,0.1,0.1,0.1
0.556886,-0.042301,0.359640,0.1,0.1,0.1
0.740226,-0.648265,0.714801,0.1,0.1,0.1
0.606000,-0.483900,0.387307,0.1,0.1,0.1
0.436052,-0.566944,0.410363,0.1,0.1,0.1
0.251568,-0.228034,0.010000,0.1,0.1,0.1
0.348747,-0.035737,0.014000,0.1,0.1,0.1
0.576286,0.105781,0.014000,0.1,0.1,0.1
0.722371,0.329237,0.397307,0.1,0.1,0.1
0.758500,-0.515527,0.397307,0.1,0.1,0.1
0.689125,-0.081588,0.387307,0.1,0.1,0.1
0.895072,-0.024460,0.774615,0.1,0.1,0.1
0.434731,0.464061,0.288628,0.1,0.1,0.1
0.952667,0.398485,0.162227,0.1,0.1,0.1
0.706527,0.389668,0.782873,0.1,0.1,0.1
1.021668,0.351018,0.650787,0.1,0.1,0.1
0.425350,-0.559943,0.321031,0.1,0.1,0.1
0.484232,0.477033,0.014000,0.1,0.1,0.1
0.577067,-0.094568,0.586194,0.1,0.1,0.1
0.598947,-0.045192,0.010000,0.1,0.1,0.1
0.783530,-0.539719,0.388088,0.1,0.1,0.1
0.845211,-0.206625,0.462668,0.1,0.1,0.1
0.559029,-0.088474,0.482677,0.1,0.1,0.1
0.534800,0.113246,0.010000,0.1,0.1,0.1
0.482263,-0.449176,0.414121,0.1,0.1,0.1
0.941726,0.154382,0.708523,0.1,0.1,0.1
0.528698,-0.602064,0.214462,0.1,0.1,0.1
0.683919,0.207538,0.108877,0.1,0.1,0.1
0.341423,-0.537505,0.247646,0.1,0.1,0.1
0.692803,-0.078638,0.243615,0.1,0.1,0.1
0.652418,-0.124845,0.387307,0.1,0.1,0.1
0.874631,0.192555,0.397307,0.1,0.1,0.1
0.433804,0.460595,0.143388,0.1,0.1,0.1
0.596016,-0.379817,0.774615,0.1,0.1,0.1
0.513466,-0.529832,0.397307,0.1,0.1,0.1
0.726763,-0.655017,0.197579,0.1,0.1,0.1
0.961856,0.088577,0.593838,0.1,0.1,0.1
0.447911,-0.570115,0.460218,0.1,0.1,0.1
0.987221,0.399598,0.103208,0.1,0.1,0.1
0.638587,0.318470,0.010000,0.1,0.1,0.1
0.822540,0.126595,0.397307,0.1,0.1,0.1
0.644645,-0.003558,0.387307,0.1,0.1,0.1
0.590115,0.491272,0.210401,0.1,0.1,0.1
0.710386,0.291049,0.348405,0.1,0.1,0.1
0.587029,0.016257,0.737553,0.1,0.1,0.1
0.889326,-0.143997,0.672627,0.1,0.1,0.1
0.586715,-0.404755,0.387307,0.1,0.1,0.1
0.441348,0.415249,0.195595,0.1,0.1,0.1
0.637205,-0.620722,0.457031,0.1,0.1,0.1
0.762910,-0.655565,0.398295,0.1,0.1,0.1
0.418236,0.328800,0.173166,0.1,0.1,0.1
0.476110,-0.472192,0.534221,0.1,0.1,0.1
0.796837,-0.307268,0.010000,0.1,0.1,0.1
0.449579,-0.496071,0.010000,0.1,0.1,0.1
0.806614,0.437532,0.096510,0.1,0.1,0.1
0.730036,0.453865,0.548240,0.1,0.1,0.1
0.725074,0.345988,0.238602,0.1,0.1,0.1
0.665318,-0.081641,0.280492,0.1,0.1,0.1
0.686951,-0.634022,0.628143,0.1,0.1,0.1
0.494242,0.521044,0.163886,0.1,0.1,0.1
0.256395,-0.202992,0.291512,0.1,0.1,0.1
0.311967,-0.529630,0.313400,0.1,0.1,0.1
0.630992,0.107135,0.719360,0.1,0.1,0.1
0.627439,-0.417319,0.397307,0.1,0.1,0.1
0.898436,0.025676,0.397307,0.1,0.1,0.1
1.035938,0.365676,0.238588,0.1,0.1,0.1
0.429732,-0.004166,0.376894,0.1,0.1,0.1
0.580261,-0.615850,0.739625,0.1,0.1,0.1
0.692666,0.464113,0.010000,0.1,0.1,0.1
0.628020,-0.628618,0.767427,0.1,0.1,0.1
0.748626,-0.103913,0.049356,0.1,0.1,0.1
0.455781,-0.572219,0.487517,0.1,0.1,0.1
0.636636,-0.620570,0.454199,0.1,0.1,0.1
0.764798,0.459063,0.012249,0.1,0.1,0.1
0.416760,-0.000698,0.221067,0.1,0.1,0.1
0.297998,-0.120943,0.045395,0.1,0.1,0.1
0.232694,-0.365208,0.237171,0.1,0.1,0.1
0.732807,-0.627065,0.644542,0.1,0.1,0.1
0.396806,0.322206,0.377544,0.1,0.1,0.1
0.280092,-0.525248,0.119031,0.1,0.1,0.1
0.676246,-0.258154,0.387307,0.1,0.1,0.1
0.803913,-0.502195,0.700407,0.1,0.1,0.1
0.829232,0.130152,0.784615,0.1,0.1,0.1
0.632386,0.112346,0.521476,0.1,0.1,0.1
0.870574,-0.214139,0.169272,0.1,0.1,0.1
0.362450,0.046775,0.014000,0.1,0.1,0.1
0.465883,-0.166256,0.010000,0.1,0.1,0.1
0.955867,0.207278,0.475899,0.1,0.1,0.1
0.357715,0.102426,0.371302,0.1,0.1,0.1
0.530035,0.081190,0.014000,0.1,0.1,0.1
0.879106,0.418151,0.456752,0.1,0.1,0.1
0.737778,0.466287,0.186626,0.1,0.1,0.1
0.599506,0.492902,0.371430,0.1,0.1,0.1
0.590866,0.030611,0.512248,0.1,0.1,0.1
0.801650,-0.471944,0.546796,0.1,0.1,0.1
0.541703,-0.034101,0.280859,0.1,0.1,0.1
0.820381,-0.107770,0.010000,0.1,0.1,0.1
0.786796,0.253221,0.397307,0.1,0.1,0.1
0.561402,0.323177,0.010000,0.1,0.1,0.1
0.914184,0.404633,0.503554,0.1,0.1,0.1
0.689590,0.326314,0.668243,0.1,0.1,0.1
0.734603,0.452644,0.304486,0.1,0.1,0.1
0.283011,-0.103434,0.198904,0.1,0.1,0.1
0.423774,-0.002573,0.381928,0.1,0.1,0.1
0.239401,-0.401913,0.010000,0.1,0.1,0.1
1.022821,0.355333,0.759770,0.1,0.1,0.1
0.965529,0.102316,0.746780,0.1,0.1,0.1
0.698143,0.174450,0.397307,0.1,0.1,0.1
0.451126,0.525387,0.228800,0.1,0.1,0.1
0.892120,-0.131925,0.123383,0.1,0.1,0.1
0.319146,0.031723,0.150187,0.1,0.1,0.1
0.489799,-0.591665,0.578398,0.1,0.1,0.1
0.703257,0.377435,0.426942,0.1,0.1,0.1
0.422422,-0.016703,0.351464,0.1,0.1,0.1
0.635507,0.124021,0.756877,0.1,0.1,0.1
0.897834,-0.133453,0.318238,0.1,0.1,0.1
0.738377,-0.330705,0.397307,0.1,0.1,0.1
0.385052,-0.549169,0.366483,0.1,0.1,0.1
0.508568,0.510571,0.010000,0.1,0.1,0.1
0.629196,-0.628932,0.595089,0.1,0.1,0.1
0.615735,-0.614982,0.610672,0.1,0.1,0.1
0.591471,0.032874,0.572639,0.1,0.1,0.1
0.735067,0.383367,0.251122,0.1,0.1,0.1
0.943955,0.400814,0.244757,0.1,0.1,0.1
0.815320,0.435204,0.447794,0.1,0.1,0.1
0.610660,-0.052537,0.052830,0.1,0.1,0.1
0.701804,-0.633852,0.399701,0.1,0.1,0.1
0.382448,0.268501,0.239885,0.1,0.1,0.1
0.644496,0.480874,0.142173,0.1,0.1,0.1
0.995301,0.213678,0.013014,0.1,0.1,0.1
0.468718,0.134133,0.010000,0.1,0.1,0.1
0.606279,-0.612454,0.285784,0.1,0.1,0.1
0.671676,-0.364426,0.774615,0.1,0.1,0.1
0.839966,-0.367341,0.200007,0.1,0.1,0.1
0.769046,-0.507002,0.407894,0.1,0.1,0.1
0.765229,0.448596,0.069832,0.1,0.1,0.1
0.797594,0.187937,0.397307,0.1,0.1,0.1
0.846940,0.355018,0.401307,0.1,0.1,0.1
0.589692,-0.160398,0.055987,0.1,0.1,0.1
0.582393,-0.134375,0.014000,0.1,0.1,0.1
0.890269,-0.179187,0.388004,0.1,0.1,0.1
0.729734,0.468437,0.158278,0.1,0.1,0.1
0.453095,0.532045,0.257747,0.1,0.1,0.1
0.823207,-0.430030,0.030111,0.1,0.1,0.1
0.241106,-0.333744,0.359970,0.1,0.1,0.1
0.746684,-0.575157,0.709579,0.1,0.1,0.1
0.669809,0.219316,0.010000,0.1,0.1,0.1
0.617625,0.045815,0.397307,0.1,0.1,0.1
0.967059,0.108038,0.044371,0.1,0.1,0.1
0.400563,0.262697,0.042414,0.1,0.1,0.1
0.709019,0.301423,0.191582,0.1,0.1,0.1
0.721753,-0.075428,0.774615,0.1,0.1,0.1
0.908059,0.410411,0.251293,0.1,0.1,0.1
0.553895,-0.278806,0.152846,0.1,0.1,0.1
0.745750,0.349741,0.000000,0.1,0.1,0.1
0.829409,0.431438,0.671492,0.1,0.1,0.1
0.350516,0.017013,0.076646,0.1,0.1,0.1
0.918192,-0.074745,0.660953,0.1,0.1,0.1
0.610476,-0.623927,0.718647,0.1,0.1,0.1
0.927560,0.101397,0.398415,0.1,0.1,0.1
0.545301,0.171390,0.010000,0.1,0.1,0.1
0.692902,0.467933,0.149585,0.1,0.1,0.1
0.352356,0.016521,0.041343,0.1,0.1,0.1
0.500799,-0.379845,0.701039,0.1,0.1,0.1
0.787885,0.238378,0.387307,0.1,0.1,0.1
0.995591,0.253478,0.263605,0.1,0.1,0.1
0.641997,0.221862,0.646835,0.1,0.1,0.1
0.765282,-0.521082,0.673719,0.1,0.1,0.1
0.453398,-0.567441,0.017646,0.1,0.1,0.1
0.574768,-0.029605,0.591486,0.1,0.1,0.1
0.803485,-0.465081,0.433813,0.1,0.1,0.1
0.451866,0.528156,0.234954,0.1,0.1,0.1
0.866630,-0.228891,0.706007,0.1,0.1,0.1
0.806955,0.433300,0.632700,0.1,0.1,0.1
0.957191,0.212229,0.473794,0.1,0.1,0.1
0.596939,-0.350253,0.387307,0.1,0.1,0.1
0.627216,-0.020043,0.349147,0.1,0.1,0.1
0.951564,0.050082,0.395003,0.1,0.1,0.1
0.261304,-0.516085,0.273913,0.1,0.1,0.1
0.656348,0.201977,0.689497,0.1,0.1,0.1
0.517303,-0.588667,0.208663,0.1,0.1,0.1
0.740248,-0.101674,0.238891,0.1,0.1,0.1
0.883997,-0.099400,0.784615,0.1,0.1,0.1
0.679127,0.174128,0.334626,0.1,0.1,0.1
0.902262,0.411961,0.483297,0.1,0.1,0.1
0.350070,-0.312572,0.010000,0.1,0.1,0.1
0.625858,-0.492687,0.774615,0.1,0.1,0.1
0.948424,0.399619,0.323267,0.1,0.1,0.1
0.766340,-0.005752,0.000000,0.1,0.1,0.1
0.847823,-0.337954,0.320506,0.1,0.1,0.1
0.627639,0.481240,0.296904,0.1,0.1,0.1
0.829297,-0.368532,0.233283,0.1,0.1,0.1
0.440399,0.485263,0.367032,0.1,0.1,0.1
0.227667,-0.384011,0.051485,0.1,0.1,0.1
0.597115,0.489401,0.052861,0.1,0.1,0.1
0.667815,0.318432,0.479495,0.1,0.1,0.1
0.586668,-0.607211,0.261434,0.1,0.1,0.1
0.573235,-0.565028,0.401307,0.1,0.1,0.1
0.964649,0.099024,0.041245,0.1,0.1,0.1
0.650206,-0.634549,0.342207,0.1,0.1,0.1
0.574237,-0.105153,0.006868,0.1,0.1,0.1
0.698950,-0.326553,0.397307,0.1,0.1,0.1
0.642423,-0.075520,0.367136,0.1,0.1,0.1
0.753713,-0.105273,0.212362,0.1,0.1,0.1
0.687139,0.204096,0.348430,0.1,0.1,0.1
0.421967,-0.241305,0.014000,0.1,0.1,0.1
0.395060,-0.009388,0.130175,0.1,0.1,0.1
0.428363,-0.035369,0.010000,0.1,0.1,0.1
0.488449,0.223052,0.010000,0.1,0.1,0.1
0.494661,-0.582613,0.426670,0.1,0.1,0.1
0.992199,0.202073,0.473675,0.1,0.1,0.1
0.882220,-0.209297,0.383246,0.1,0.1,0.1
0.291977,-0.140297,0.387307,0.1,0.1,0.1
0.756735,0.461218,0.116202,0.1,0.1,0.1
0.449750,-0.570606,0.697955,0.1,0.1,0.1
0.689803,-0.088187,0.143751,0.1,0.1,0.1
0.697552,0.243046,0.351999,0.1,0.1,0.1
0.442406,0.419205,0.363042,0.1,0.1,0.1
0.871132,0.311112,0.387307,0.1,0.1,0.1
0.750010,-0.661232,0.332341,0.1,0.1,0.1
0.919064,-0.032764,0.385503,0.1,0.1,0.1
0.390588,0.006299,0.252599,0.1,0.1,0.1
0.940815,0.009875,0.180773,0.1,0.1,0.1
0.570974,0.496390,0.143476,0.1,0.1,0.1
0.426958,-0.560372,0.203108,0.1,0.1,0.1
0.977754,0.186761,0.371738,0.1,0.1,0.1
0.700841,0.255349,0.074522,0.1,0.1,0.1
0.613390,-0.614355,0.464854,0.1,0.1,0.1
0.945071,0.025793,0.131222,0.1,0.1,0.1
0.638715,0.136022,0.387936,0.1,0.1,0.1
0.441802,-0.568482,0.194431,0.1,0.1,0.1
0.436607,-0.546387,0.705854,0.1,0.1,0.1
0.853509,0.435346,0.010203,0.1,0.1,0.1
0.882858,-0.081297,0.732749,0.1,0.1,0.1
0.813715,0.086859,0.397307,0.1,0.1,0.1
0.758202,-0.325746,0.000000,0.1,0.1,0.1
0.929879,-0.031028,0.727655,0.1,0.1,0.1
0.843471,0.438030,0.522372,0.1,0.1,0.1
0.729292,-0.566383,0.000000,0.1,0.1,0.1
0.668332,0.191295,0.010000,0.1,0.1,0.1
0.492930,-0.489428,0.010000,0.1,0.1,0.1
0.598321,-0.063730,0.332772,0.1,0.1,0.1
0.563327,0.500543,0.010000,0.1,0.1,0.1
0.372519,-0.003362,0.129217,0.1,0.1,0.1
0.815860,-0.331895,0.492447,0.1,0.1,0.1
0.640060,0.482060,0.147900,0.1,0.1,0.1
0.626947,0.485566,0.031547,0.1,0.1,0.1
0.522548,-0.033121,0.298458,0.1,0.1,0.1
0.604592,-0.391359,0.000000,0.1,0.1,0.1
0.591031,-0.608378,0.622187,0.1,0.1,0.1
0.772037,-0.364683,0.010000,0.1,0.1,0.1
0.721848,0.274859,0.784615,0.1,0.1,0.1
0.664963,-0.534069,0.000000,0.1,0.1,0.1
0.441790,0.490467,0.053689,0.1,0.1,0.1
0.554796,-0.598690,0.575660,0.1,0.1,0.1
0.566856,-0.044966,0.309831,0.1,0.1,0.1
0.271542,-0.518822,0.170677,0.1,0.1,0.1
0.321574,0.040807,0.120832,0.1,0.1,0.1
0.865957,0.417526,0.666669,0.1,0.1,0.1
0.703748,-0.638513,0.464252,0.1,0.1,0.1
1.003334,0.395291,0.439480,0.1,0.1,0.1
0.823864,-0.143890,0.774615,0.1,0.1,0.1
0.465453,-0.438490,0.500292,0.1,0.1,0.1
0.255002,-0.281767,0.138397,0.1,0.1,0.1
0.375423,0.168661,0.122107,0.1,0.1,0.1
0.467135,0.528291,0.045098,0.1,0.1,0.1
0.914312,-0.072310,0.397307,0.1,0.1,0.1
0.864836,-0.274317,0.310440,0.1,0.1,0.1
0.721365,-0.643222,0.262380,0.1,0.1,0.1
0.554828,-0.275317,0.373506,0.1,0.1,0.1
0.795343,-0.393151,0.721316,0.1,0.1,0.1
0.490004,-0.581368,0.177491,0.1,0.1,0.1
0.763150,0.449152,0.442794,0.1,0.1,0.1
0.492291,-0.577839,0.747418,0.1,0.1,0.1
0.474694,-0.403922,0.489189,0.1,0.1,0.1
0.656291,0.201762,0.758639,0.1,0.1,0.1
0.491222,-0.039237,0.076235,0.1,0.1,0.1
0.647254,0.472074,0.014000,0.1,0.1,0.1
0.860840,-0.289266,0.134379,0.1,0.1,0.1
0.550513,-0.291457,0.362112,0.1,0.1,0.1
0.706770,-0.639321,0.767137,0.1,0.1,0.1
0.636359,0.483050,0.314535,0.1,0.1,0.1
0.643720,0.228308,0.465969,0.1,0.1,0.1
0.628062,-0.001388,0.311832,0.1,0.1,0.1
0.509104,-0.586475,0.551467,0.1,0.1,0.1
0.609695,-0.609227,0.746121,0.1,0.1,0.1
0.204278,-0.471496,0.088978,0.1,0.1,0.1
0.731697,-0.099387,0.296568,0.1,0.1,0.1
0.930995,-0.026857,0.181680,0.1,0.1,0.1
0.747719,-0.571285,0.416602,0.1,0.1,0.1
0.741452,-0.101995,0.265188,0.1,0.1,0.1
0.623719,-0.617117,0.441589,0.1,0.1,0.1
0.745336,0.449774,0.602340,0.1,0.1,0.1
0.872732,-0.119171,0.478896,0.1,0.1,0.1
0.282012,-0.180738,0.054492,0.1,0.1,0.1
0.636701,0.015436,0.188275,0.1,0.1,0.1
0.881123,0.341189,0.000000,0.1,0.1,0.1
0.725820,-0.115867,0.401307,0.1,0.1,0.1
0.389812,-0.491122,0.014000,0.1,0.1,0.1
0.882910,-0.167994,0.348695,0.1,0.1,0.1
0.985781,0.389632,0.761234,0.1,0.1,0.1
0.843114,-0.186317,0.010000,0.1,0.1,0.1
0.739449,0.451348,0.331730,0.1,0.1,0.1
0.280110,-0.175827,0.010000,0.1,0.1,0.1
0.962336,0.090371,0.470837,0.1,0.1,0.1
0.606814,-0.080866,0.121586,0.1,0.1,0.1
0.461941,-0.573866,0.013959,0.1,0.1,0.1
0.503987,-0.480972,0.202093,0.1,0.1,0.1
0.641088,-0.632112,0.367800,0.1,0.1,0.1
0.661275,-0.627157,0.496277,0.1,0.1,0.1
0.679718,0.176340,0.287274,0.1,0.1,0.1
0.277421,-0.197909,0.074793,0.1,0.1,0.1
1.022964,0.340926,0.784615,0.1,0.1,0.1
0.956345,0.209065,0.743539,0.1,0.1,0.1
0.849938,-0.330045,0.228912,0.1,0.1,0.1
0.266453,-0.291444,0.010000,0.1,0.1,0.1
0.541488,-0.325214,0.145114,0.1,0.1,0.1
0.528968,-0.274479,0.737207,0.1,0.1,0.1
0.727093,0.260264,0.774615,0.1,0.1,0.1
0.889560,0.087505,0.784615,0.1,0.1,0.1
0.699781,-0.617830,0.000000,0.1,0.1,0.1
0.718823,-0.085594,0.296844,0.1,0.1,0.1
0.289419,-0.079466,0.087904,0.1,0.1,0.1
0.490816,-0.572769,0.000000,0.1,0.1,0.1
0.866447,0.421536,0.407053,0.1,0.1,0.1
0.615365,-0.112869,0.401307,0.1,0.1,0.1
0.651801,0.474781,0.028624,0.1,0.1,0.1
0.793576,-0.399763,0.408290,0.1,0.1,0.1
0.769211,0.066658,0.387307,0.1,0.1,0.1
0.671113,0.159638,0.252531,0.1,0.1,0.1
0.882968,-0.206497,0.255093,0.1,0.1,0.1
0.938536,0.001351,0.233526,0.1,0.1,0.1
0.719181,0.399121,0.000000,0.1,0.1,0.1
0.743243,0.413949,0.127878,0.1,0.1,0.1
0.622646,0.482575,0.365300,0.1,0.1,0.1
0.778058,-0.598907,0.476536,0.1,0.1,0.1
0.587227,-0.056565,0.068239,0.1,0.1,0.1
0.622844,0.150220,0.490324,0.1,0.1,0.1
0.959694,0.080490,0.277758,0.1,0.1,0.1
0.896245,-0.015737,0.727246,0.1,0.1,0.1
0.656391,0.161708,0.397307,0.1,0.1,0.1
0.595505,-0.609574,0.710798,0.1,0.1,0.1
0.675476,0.164623,0.774615,0.1,0.1,0.1
0.519786,-0.589330,0.230354,0.1,0.1,0.1
0.610824,0.105262,0.403960,0.1,0.1,0.1
0.859416,-0.168979,0.702931,0.1,0.1,0.1
0.646189,-0.633475,0.350058,0.1,0.1,0.1
0.572814,-0.042418,0.260031,0.1,0.1,0.1
0.525517,-0.586722,0.549327,0.1,0.1,0.1
0.998222,0.350215,0.442634,0.1,0.1,0.1
0.277014,-0.199432,0.042469,0.1,0.1,0.1
0.872916,-0.205379,0.229493,0.1,0.1,0.1
0.970349,0.159065,0.186200,0.1,0.1,0.1
0.892571,-0.170578,0.085821,0.1,0.1,0.1
0.427632,-0.146038,0.014000,0.1,0.1,0.1
0.343237,0.004467,0.312845,0.1,0.1,0.1
0.647732,0.092312,0.014000,0.1,0.1,0.1
0.776851,-0.111459,0.080075,0.1,0.1,0.1
0.499445,-0.026944,0.124600,0.1,0.1,0.1
0.528905,-0.591768,0.714681,0.1,0.1,0.1
0.378009,-0.344767,0.010000,0.1,0.1,0.1
0.784244,-0.113436,0.087912,0.1,0.1,0.1
0.855589,-0.308906,0.776206,0.1,0.1,0.1
0.701119,-0.083050,0.784615,0.1,0.1,0.1
0.524069,-0.048019,0.313944,0.1,0.1,0.1
0.745610,-0.579177,0.766459,0.1,0.1,0.1
0.705477,0.385738,0.589971,0.1,0.1,0.1
0.546957,-0.039646,0.365438,0.1,0.1,0.1
0.481279,-0.565908,0.206133,0.1,0.1,0.1
0.611870,-0.624300,0.600455,0.1,0.1,0.1
0.879320,0.165878,0.000000,0.1,0.1,0.1
0.910484,-0.064857,0.061130,0.1,0.1,0.1
0.572003,-0.599150,0.485257,0.1,0.1,0.1
0.312766,0.007861,0.124037,0.1,0.1,0.1
0.935543,0.131255,0.772699,0.1,0.1,0.1
0.822528,-0.393850,0.764818,0.1,0.1,0.1
0.522322,-0.199893,0.010000,0.1,0.1,0.1
0.522252,-0.404128,0.387307,0.1,0.1,0.1
0.494342,-0.501560,0.118503,0.1,0.1,0.1
0.828872,-0.326338,0.010000,0.1,0.1,0.1
0.846132,-0.211494,0.397307,0.1,0.1,0.1
0.836538,-0.127417,0.329190,0.1,0.1,0.1
0.626070,-0.024329,0.033737,0.1,0.1,0.1
0.428612,-0.033233,0.010000,0.1,0.1,0.1
0.381202,-0.552280,0.151515,0.1,0.1,0.1
0.742223,0.454747,0.745148,0.1,0.1,0.1
0.237874,-0.345832,0.169578,0.1,0.1,0.1
1.016351,0.331132,0.269481,0.1,0.1,0.1
0.532730,-0.260408,0.756153,0.1,0.1,0.1
0.755544,0.333156,0.010000,0.1,0.1,0.1
0.455591,-0.572168,0.639047,0.1,0.1,0.1
0.801011,-0.387438,0.571165,0.1,0.1,0.1
0.784748,0.380362,0.010000,0.1,0.1,0.1
0.748957,-0.056143,0.397307,0.1,0.1,0.1
0.557275,-0.577052,0.000000,0.1,0.1,0.1
0.499313,-0.311838,0.664827,0.1,0.1,0.1
0.341224,0.114304,0.280608,0.1,0.1,0.1
0.737463,0.221479,0.397307,0.1,0.1,0.1
0.253126,-0.435638,0.014000,0.1,0.1,0.1
0.723957,0.336757,0.397307,0.1,0.1,0.1
0.458516,0.066169,0.010000,0.1,0.1,0.1
0.258158,-0.196396,0.294862,0.1,0.1,0.1
0.314368,-0.530272,0.166677,0.1,0.1,0.1
0.242759,-0.327561,0.273798,0.1,0.1,0.1
0.641221,0.047829,0.066066,0.1,0.1,0.1
0.377891,0.177893,0.313756,0.1,0.1,0.1
0.769747,-0.591273,0.049354,0.1,0.1,0.1
0.225152,-0.319854,0.093638,0.1,0.1,0.1
0.328808,0.067867,0.089188,0.1,0.1,0.1
1.001936,0.238494,0.239246,0.1,0.1,0.1
0.869471,0.158920,0.774615,0.1,0.1,0.1
0.765281,-0.151718,0.401307,0.1,0.1,0.1
0.418906,0.371156,0.387307,0.1,0.1,0.1
0.428854,-0.373439,0.014000,0.1,0.1,0.1
0.689239,0.398568,0.750754,0.1,0.1,0.1
0.713776,0.462352,0.111732,0.1,0.1,0.1
0.844018,-0.121419,0.387307,0.1,0.1,0.1
0.532174,-0.035694,0.374329,0.1,0.1,0.1
0.806190,-0.206297,0.397307,0.1,0.1,0.1
1.012080,0.392952,0.027959,0.1,0.1,0.1
0.613365,0.346275,0.014000,0.1,0.1,0.1
0.564433,-0.601267,0.069777,0.1,0.1,0.1
0.941879,0.139468,0.592270,0.1,0.1,0.1
0.654859,-0.149783,0.397307,0.1,0.1,0.1
0.706297,-0.588154,0.401307,0.1,0.1,0.1
0.998616,0.386201,0.472036,0.1,0.1,0.1
0.578471,-0.202368,0.029297,0.1,0.1,0.1
0.839562,-0.330136,0.283209,0.1,0.1,0.1
0.624326,-0.627630,0.120186,0.1,0.1,0.1
0.831308,-0.399727,0.484831,0.1,0.1,0.1
0.408106,-0.421984,0.014000,0.1,0.1,0.1
0.822781,0.433210,0.668057,0.1,0.1,0.1
0.449356,-0.491686,0.010000,0.1,0.1,0.1
0.632128,0.111383,0.517665,0.1,0.1,0.1
0.638242,-0.631351,0.005527,0.1,0.1,0.1
0.477569,-0.530807,0.000000,0.1,0.1,0.1
0.484902,-0.536869,0.222522,0.1,0.1,0.1
0.647658,-0.429904,0.000000,0.1,0.1,0.1
0.588481,0.495850,0.137554,0.1,0.1,0.1
0.959183,0.396743,0.610976,0.1,0.1,0.1
0.907350,0.025804,0.423275,0.1,0.1,0.1
0.765616,0.448493,0.438057,0.1,0.1,0.1
0.735713,-0.657410,0.039703,0.1,0.1,0.1
0.485957,-0.486439,0.387307,0.1,0.1,0.1
0.751452,-0.659704,0.590480,0.1,0.1,0.1
0.601008,-0.054097,0.305381,0.1,0.1,0.1
0.901605,-0.098068,0.731374,0.1,0.1,0.1
0.181013,-0.484952,0.095942,0.1,0.1,0.1
0.858278,-0.260130,0.182974,0.1,0.1,0.1
0.455760,-0.474746,0.475086,0.1,0.1,0.1
0.670987,0.143680,0.139674,0.1,0.1,0.1
0.668162,0.148602,0.010130,0.1,0.1,0.1
0.496678,-0.026204,0.167124,0.1,0.1,0.1
0.493359,-0.582265,0.471208,0.1,0.1,0.1
0.677377,0.262511,0.014000,0.1,0.1,0.1
0.958774,0.077050,0.510124,0.1,0.1,0.1
0.616491,0.484221,0.383258,0.1,0.1,0.1
0.598158,-0.128730,0.351571,0.1,0.1,0.1
0.710782,-0.244087,0.784615,0.1,0.1,0.1
0.201729,-0.407466,0.264739,0.1,0.1,0.1
0.674786,-0.630770,0.688299,0.1,0.1,0.1
0.903524,0.281738,0.784615,0.1,0.1,0.1
0.622945,0.150600,0.506276,0.1,0.1,0.1
0.433065,0.384267,0.127230,0.1,0.1,0.1
0.763430,0.449077,0.557681,0.1,0.1,0.1
0.788364,0.237567,0.387307,0.1,0.1,0.1
1.034081,0.358730,0.696709,0.1,0.1,0.1
0.898647,0.265628,0.774615,0.1,0.1,0.1
0.739184,0.183858,0.387307,0.1,0.1,0.1
0.216730,-0.508309,0.014332,0.1,0.1,0.1
0.744517,0.151609,0.397307,0.1,0.1,0.1
0.609862,0.028098,0.504871,0.1,0.1,0.1
0.469459,0.520395,0.308456,0.1,0.1,0.1
0.562459,-0.246775,0.170674,0.1,0.1,0.1
0.682411,0.086296,0.000000,0.1,0.1,0.1
0.723471,-0.263518,0.774615,0.1,0.1,0.1
0.434494,0.389612,0.099415,0.1,0.1,0.1
0.535730,-0.589453,0.477520,0.1,0.1,0.1
0.636858,-0.167166,0.397307,0.1,0.1,0.1
0.766376,0.448290,0.528895,0.1,0.1,0.1
0.705695,-0.649384,0.153676,0.1,0.1,0.1
0.806358,-0.493052,0.406992,0.1,0.1,0.1
0.555984,-0.099865,0.511763,0.1,0.1,0.1
0.592820,-0.542373,0.401307,0.1,0.1,0.1
0.614717,0.119822,0.664834,0.1,0.1,0.1
0.537236,-0.169989,0.560136,0.1,0.1,0.1
0.485134,0.282228,0.014000,0.1,0.1,0.1
0.862958,0.422469,0.763553,0.1,0.1,0.1
0.195061,-0.432406,0.126672,0.1,0.1,0.1
0.568958,-0.051337,0.441580,0.1,0.1,0.1
0.758032,-0.635093,0.723043,0.1,0.1,0.1
0.723409,0.399451,0.010000,0.1,0.1,0.1
0.631853,-0.502984,0.010000,0.1,0.1,0.1
0.662413,0.191364,0.014000,0.1,0.1,0.1
0.950906,0.047619,0.390207,0.1,0.1,0.1
0.851441,0.421407,0.466945,0.1,0.1,0.1
0.546817,-0.207719,0.532783,0.1,0.1,0.1
0.744267,0.450060,0.582479,0.1,0.1,0.1
0.287487,-0.086694,0.280490,0.1,0.1,0.1
0.998651,0.264926,0.661389,0.1,0.1,0.1
0.761178,-0.662044,0.146860,0.1,0.1,0.1
0.757432,-0.637337,0.154182,0.1,0.1,0.1
0.517455,-0.415108,0.305842,0.1,0.1,0.1
0.355963,0.015556,0.361488,0.1,0.1,0.1
0.796671,-0.490568,0.240409,0.1,0.1,0.1
0.792387,-0.404210,0.752986,0.1,0.1,0.1
0.538337,-0.239437,0.397307,0.1,0.1,0.1
0.740078,-0.586263,0.784615,0.1,0.1,0.1
0.673828,0.126904,0.397307,0.1,0.1,0.1
0.604640,-0.078985,0.401307,0.1,0.1,0.1
0.286358,-0.090917,0.064145,0.1,0.1,0.1
0.603231,0.003297,0.629484,0.1,0.1,0.1
0.524568,-0.228061,0.774615,0.1,0.1,0.1
0.512139,0.516260,0.268483,0.1,0.1,0.1
0.289913,-0.077619,0.341627,0.1,0.1,0.1
1.005336,0.251211,0.505852,0.1,0.1,0.1
0.755028,-0.559435,0.694540,0.1,0.1,0.1
0.457561,-0.170651,0.010000,0.1,0.1,0.1
0.971856,0.125982,0.762934,0.1,0.1,0.1
0.958082,0.356485,0.000000,0.1,0.1,0.1
0.735588,-0.100428,0.181847,0.1,0.1,0.1
0.797451,-0.385269,0.566140,0.1,0.1,0.1
0.538292,-0.352654,0.382378,0.1,0.1,0.1
1.037260,0.370622,0.051459,0.1,0.1,0.1
0.911963,0.401844,0.774615,0.1,0.1,0.1
0.947087,0.033334,0.143728,0.1,0.1,0.1
0.328725,-0.182005,0.014000,0.1,0.1,0.1
0.841149,-0.128649,0.020003,0.1,0.1,0.1
0.790150,-0.514959,0.474575,0.1,0.1,0.1
0.552654,-0.598118,0.163146,0.1,0.1,0.1
0.909263,-0.069424,0.276153,0.1,0.1,0.1
0.895422,-0.117565,0.000000,0.1,0.1,0.1
0.735123,-0.618402,0.720969,0.1,0.1,0.1
0.704336,0.381472,0.646294,0.1,0.1,0.1
0.838921,-0.332535,0.724006,0.1,0.1,0.1
0.924172,-0.013658,0.687748,0.1,0.1,0.1
0.397042,0.249527,0.147248,0.1,0.1,0.1
0.245627,-0.511894,0.019608,0.1,0.1,0.1
0.775530,0.456194,0.684233,0.1,0.1,0.1
0.910676,0.357882,0.387307,0.1,0.1,0.1
0.862300,0.418504,0.758240,0.1,0.1,0.1
0.311369,0.002634,0.032387,0.1,0.1,0.1
0.944979,0.025449,0.313842,0.1,0.1,0.1
0.439552,0.408530,0.226990,0.1,0.1,0.1
0.619808,-0.626422,0.718307,0.1,0.1,0.1
0.209289,-0.379187,0.379760,0.1,0.1,0.1
0.736227,-0.629760,0.503599,0.1,0.1,0.1
0.369604,0.220461,0.356396,0.1,0.1,0.1
0.897435,-0.113668,0.575869,0.1,0.1,0.1
0.382654,0.195708,0.051971,0.1,0.1,0.1
0.474386,-0.461287,0.014000,0.1,0.1,0.1
0.812723,-0.328143,0.640311,0.1,0.1,0.1
0.508326,-0.278127,0.719575,0.1,0.1,0.1
0.722210,-0.178151,0.397307,0.1,0.1,0.1
0.542916,-0.239320,0.387307,0.1,0.1,0.1
0.954709,0.100563,0.555486,0.1,0.1,0.1
0.368150,-0.006777,0.010000,0.1,0.1,0.1
0.666017,-0.057163,0.774615,0.1,0.1,0.1
0.485610,-0.436659,0.580215,0.1,0.1,0.1
0.177821,-0.497906,0.383023,0.1,0.1,0.1
0.351206,0.002337,0.297970,0.1,0.1,0.1
0.914276,0.404608,0.571097,0.1,0.1,0.1
0.765356,-0.505317,0.636190,0.1,0.1,0.1
0.823684,0.432969,0.204639,0.1,0.1,0.1
0.844064,0.427520,0.497358,0.1,0.1,0.1
0.251384,-0.513433,0.134517,0.1,0.1,0.1
0.536383,-0.344311,0.237150,0.1,0.1,0.1
0.518060,-0.428330,0.107556,0.1,0.1,0.1
0.797543,0.342189,0.387307,0.1,0.1,0.1
0.585049,-0.510290,0.397307,0.1,0.1,0.1
1.019573,0.304463,0.500254,0.1,0.1,0.1
0.510309,-0.586797,0.547965,0.1,0.1,0.1
0.608519,-0.051964,0.234466,0.1,0.1,0.1
0.598715,0.377202,0.014000,0.1,0.1,0.1
0.629046,-0.013195,0.352200,0.1,0.1,0.1
0.435987,0.468761,0.281224,0.1,0.1,0.1
0.757153,-0.663142,0.606248,0.1,0.1,0.1
0.355468,0.091737,0.014000,0.1,0.1,0.1
0.527675,-0.438230,0.387307,0.1,0.1,0.1
0.757066,-0.095818,0.067152,0.1,0.1,0.1
0.880010,-0.091947,0.399762,0.1,0.1,0.1
0.513098,0.388779,0.014000,0.1,0.1,0.1
0.779590,-0.377784,0.401307,0.1,0.1,0.1
0.580799,0.497904,0.173209,0.1,0.1,0.1
0.461563,-0.526602,0.748896,0.1,0.1,0.1
0.503568,-0.467049,0.014291,0.1,0.1,0.1
0.532016,-0.590567,0.397307,0.1,0.1,0.1
0.723228,-0.299539,0.784615,0.1,0.1,0.1
0.690674,0.232805,0.189079,0.1,0.1,0.1
0.952963,0.398406,0.618935,0.1,0.1,0.1
1.040315,0.382048,0.177549,0.1,0.1,0.1
0.639660,0.026504,0.301751,0.1,0.1,0.1
0.963517,0.235892,0.705834,0.1,0.1,0.1
0.512005,-0.337929,0.494596,0.1,0.1,0.1
0.976802,0.382844,0.397307,0.1,0.1,0.1
0.943414,0.396818,0.666686,0.1,0.1,0.1
0.433427,-0.558282,0.399161,0.1,0.1,0.1
0.459322,0.530380,0.196359,0.1,0.1,0.1
0.631324,0.091328,0.000000,0.1,0.1,0.1
0.805666,-0.483935,0.000000,0.1,0.1,0.1
0.380057,-0.547833,0.174279,0.1,0.1,0.1
0.285106,-0.522449,0.067390,0.1,0.1,0.1
0.875713,0.245112,0.397307,0.1,0.1,0.1
0.957080,0.109432,0.438729,0.1,0.1,0.1
0.753025,-0.651687,0.331342,0.1,0.1,0.1
0.635780,-0.115295,0.784615,0.1,0.1,0.1
0.868129,0.395336,0.774615,0.1,0.1,0.1
0.960137,0.120864,0.379989,0.1,0.1,0.1
0.613715,-0.310979,0.401307,0.1,0.1,0.1
1.018935,0.391120,0.073123,0.1,0.1,0.1
0.672409,-0.326539,0.784615,0.1,0.1,0.1
0.550571,-0.593420,0.732993,0.1,0.1,0.1
0.584883,-0.606734,0.436349,0.1,0.1,0.1
0.540499,-0.477635,0.784615,0.1,0.1,0.1
0.638573,0.478317,0.012442,0.1,0.1,0.1
0.731171,-0.302230,0.000000,0.1,0.1,0.1
0.468228,-0.571406,0.440594,0.1,0.1,0.1
0.802618,0.438600,0.560791,0.1,0.1,0.1
0.710988,0.293301,0.044946,0.1,0.1,0.1
0.630012,-0.061851,0.059930,0.1,0.1,0.1
0.556565,-0.268819,0.288085,0.1,0.1,0.1
0.640255,0.215345,0.545012,0.1,0.1,0.1
0.704995,0.460559,0.171907,0.1,0.1,0.1
0.541519,-0.227535,0.501972,0.1,0.1,0.1
0.553986,0.500931,0.251127,0.1,0.1,0.1
0.694503,0.418255,0.663903,0.1,0.1,0.1
0.192280,-0.442810,0.026150,0.1,0.1,0.1
0.764719,-0.097865,0.079965,0.1,0.1,0.1
0.449746,-0.570805,0.635443,0.1,0.1,0.1
0.947450,0.073410,0.259571,0.1,0.1,0.1
0.670758,-0.546871,0.387307,0.1,0.1,0.1
0.921897,0.080213,0.564133,0.1,0.1,0.1
0.826270,-0.114320,0.330813,0.1,0.1,0.1
0.520618,-0.585412,0.511849,0.1,0.1,0.1
0.241245,-0.333223,0.385928,0.1,0.1,0.1
0.356126,-0.545576,0.124271,0.1,0.1,0.1
0.650945,-0.077799,0.249654,0.1,0.1,0.1
0.907623,0.026822,0.647704,0.1,0.1,0.1
0.917200,0.095600,0.397307,0.1,0.1,0.1
0.820990,-0.312708,0.759157,0.1,0.1,0.1
0.495461,-0.399811,0.458907,0.1,0.1,0.1
1.008112,0.261594,0.245514,0.1,0.1,0.1
0.752009,-0.657624,0.331917,0.1,0.1,0.1
0.577070,-0.568034,0.774615,0.1,0.1,0.1
0.499628,-0.576579,0.397307,0.1,0.1,0.1
0.573920,-0.106340,0.697158,0.1,0.1,0.1
0.629371,0.480777,0.204877,0.1,0.1,0.1
0.499135,0.020662,0.010000,0.1,0.1,0.1
0.827213,-0.397514,0.000000,0.1,0.1,0.1
0.656021,0.087701,0.370086,0.1,0.1,0.1
0.677439,-0.276886,0.397307,0.1,0.1,0.1
1.024029,0.344356,0.010000,0.1,0.1,0.1
0.890820,0.016989,0.397307,0.1,0.1,0.1
0.517851,-0.429114,0.359950,0.1,0.1,0.1
0.735145,0.383659,0.101836,0.1,0.1,0.1
0.887613,0.426228,0.164984,0.1,0.1,0.1
0.618828,-0.615809,0.739578,0.1,0.1,0.1
0.914377,0.171664,0.401307,0.1,0.1,0.1
1.002987,0.385032,0.416379,0.1,0.1,0.1
0.636433,-0.620516,0.355857,0.1,0.1,0.1
0.236828,-0.276179,0.039106,0.1,0.1,0.1
0.698567,-0.637127,0.539998,0.1,0.1,0.1
0.631238,0.281195,0.010000,0.1,0.1,0.1
0.919784,-0.030070,0.314752,0.1,0.1,0.1
0.786429,0.453280,0.404063,0.1,0.1,0.1
0.875818,0.294698,0.401307,0.1,0.1,0.1
0.483827,-0.579717,0.315947,0.1,0.1,0.1
0.508666,-0.447984,0.188362,0.1,0.1,0.1
0.580772,-0.615986,0.055235,0.1,0.1,0.1
0.796329,0.440282,0.756592,0.1,0.1,0.1
0.345851,0.014119,0.229603,0.1,0.1,0.1
0.480505,-0.553315,0.294095,0.1,0.1,0.1
0.658307,0.282869,0.543253,0.1,0.1,0.1
0.902684,-0.132749,0.098490,0.1,0.1,0.1
0.900114,0.412535,0.699087,0.1,0.1,0.1
0.941460,0.137900,0.614361,0.1,0.1,0.1
0.737556,0.408166,0.302735,0.1,0.1,0.1
0.769954,-0.629220,0.264021,0.1,0.1,0.1
0.999491,0.296416,0.397307,0.1,0.1,0.1
1.031193,0.377491,0.025247,0.1,0.1,0.1
0.948302,0.037881,0.086098,0.1,0.1,0.1
1.021010,0.390565,0.462442,0.1,0.1,0.1
0.544042,0.068593,0.014000,0.1,0.1,0.1
0.713320,-0.094474,0.187018,0.1,0.1,0.1
0.351592,0.079523,0.272603,0.1,0.1,0.1
0.489066,-0.034520,0.124081,0.1,0.1,0.1
0.447647,-0.578656,0.275060,0.1,0.1,0.1
0.546191,-0.307622,0.199104,0.1,0.1,0.1
0.996611,0.239888,0.397307,0.1,0.1,0.1
0.878149,-0.098911,0.496997,0.1,0.1,0.1
0.852338,-0.131641,0.329457,0.1,0.1,0.1
0.572800,-0.061047,0.038478,0.1,0.1,0.1
0.755874,0.166126,0.784615,0.1,0.1,0.1
1.007807,0.394095,0.177556,0.1,0.1,0.1
0.737760,-0.520001,0.401307,0.1,0.1,0.1
0.499437,-0.384938,0.489590,0.1,0.1,0.1
0.681354,0.295509,0.659423,0.1,0.1,0.1
0.498200,-0.502617,0.286412,0.1,0.1,0.1
0.676277,-0.489671,0.397307,0.1,0.1,0.1
0.657184,-0.619848,0.397307,0.1,0.1,0.1
0.702496,0.374591,0.642493,0.1,0.1,0.1
0.603446,-0.368664,0.387307,0.1,0.1,0.1
0.917460,-0.013846,0.774615,0.1,0.1,0.1
0.449682,-0.571042,0.371913,0.1,0.1,0.1
0.777532,-0.475260,0.596080,0.1,0.1,0.1
0.322837,-0.536676,0.252665,0.1,0.1,0.1
0.796926,0.440122,0.041990,0.1,0.1,0.1
0.566585,-0.246827,0.335148,0.1,0.1,0.1
0.731083,0.425669,0.010000,0.1,0.1,0.1
0.652438,-0.497532,0.397307,0.1,0.1,0.1
0.858940,0.423543,0.115709,0.1,0.1,0.1
0.926359,-0.005477,0.751285,0.1,0.1,0.1
0.822712,0.433228,0.176272,0.1,0.1,0.1
0.508426,-0.422441,0.014000,0.1,0.1,0.1
0.624149,0.230127,0.014000,0.1,0.1,0.1
0.833817,-0.390343,0.306178,0.1,0.1,0.1
0.538195,0.505153,0.022420,0.1,0.1,0.1
0.712549,-0.094268,0.384808,0.1,0.1,0.1
0.450683,0.389207,0.014000,0.1,0.1,0.1
0.408111,-0.559474,0.313938,0.1,0.1,0.1
0.508355,-0.351582,0.727143,0.1,0.1,0.1
0.540011,-0.605089,0.779897,0.1,0.1,0.1
0.267497,-0.521881,0.289544,0.1,0.1,0.1
0.395707,0.318095,0.320334,0.1,0.1,0.1
1.024430,0.361348,0.113655,0.1,0.1,0.1
0.777304,-0.111580,0.314204,0.1,0.1,0.1
0.422638,-0.002269,0.289151,0.1,0.1,0.1
0.943694,0.400884,0.445165,0.1,0.1,0.1
0.520650,-0.075629,0.010000,0.1,0.1,0.1
0.776729,-0.603877,0.619806,0.1,0.1,0.1
0.759983,0.286886,0.000000,0.1,0.1,0.1
0.514777,-0.327561,0.399658,0.1,0.1,0.1
0.367912,-0.002130,0.069522,0.1,0.1,0.1
0.939966,0.045416,0.374700,0.1,0.1,0.1
0.569261,-0.123768,0.544823,0.1,0.1,0.1
0.255774,-0.278878,0.321512,0.1,0.1,0.1
0.549059,-0.416348,0.784615,0.1,0.1,0.1
0.616263,0.467852,0.010000,0.1,0.1,0.1
0.970361,0.159107,0.041660,0.1,0.1,0.1
0.849367,-0.191079,0.765199,0.1,0.1,0.1
0.336479,-0.540324,0.088207,0.1,0.1,0.1
0.891999,-0.142590,0.387307,0.1,0.1,0.1
0.884744,0.416644,0.702695,0.1,0.1,0.1
0.444220,-0.012180,0.119234,0.1,0.1,0.1
0.588072,-0.607587,0.723688,0.1,0.1,0.1
0.851236,-0.184089,0.511154,0.1,0.1,0.1
0.528168,-0.293983,0.014000,0.1,0.1,0.1
0.809171,0.432708,0.720370,0.1,0.1,0.1
0.390326,-0.008122,0.134575,0.1,0.1,0.1
0.897722,-0.112593,0.582961,0.1,0.1,0.1
0.724625,-0.087146,0.312332,0.1,0.1,0.1
0.859801,0.423313,0.771231,0.1,0.1,0.1
0.914132,0.419139,0.258789,0.1,0.1,0.1
0.530869,-0.383088,0.000000,0.1,0.1,0.1
0.606962,0.017253,0.649469,0.1,0.1,0.1
0.690052,0.401607,0.667437,0.1,0.1,0.1
0.517464,0.151595,0.014000,0.1,0.1,0.1
0.570895,-0.117655,0.677220,0.1,0.1,0.1
0.603447,-0.554110,0.387307,0.1,0.1,0.1
0.865347,-0.146793,0.641400,0.1,0.1,0.1
0.760444,-0.626073,0.673390,0.1,0.1,0.1
0.872137,0.420014,0.718012,0.1,0.1,0.1
0.324197,-0.022946,0.218316,0.1,0.1,0.1
0.691585,0.236215,0.148327,0.1,0.1,0.1
0.652865,-0.414474,0.774615,0.1,0.1,0.1
0.270534,-0.223669,0.076456,0.1,0.1,0.1
0.411617,0.377605,0.253762,0.1,0.1,0.1
0.858230,-0.260308,0.770664,0.1,0.1,0.1
0.597201,-0.496667,0.397307,0.1,0.1,0.1
0.888093,-0.148610,0.572374,0.1,0.1,0.1
0.327161,-0.533692,0.021677,0.1,0.1,0.1
0.489124,-0.576992,0.654475,0.1,0.1,0.1
0.632180,0.111579,0.484687,0.1,0.1,0.1
0.370072,0.148647,0.151840,0.1,0.1,0.1
0.747842,0.271846,0.401307,0.1,0.1,0.1
0.587618,-0.055103,0.333180,0.1,0.1,0.1
0.933855,0.413866,0.548483,0.1,0.1,0.1
0.767893,-0.400918,0.401307,0.1,0.1,0.1
0.992040,0.241985,0.387307,0.1,0.1,0.1
0.366187,-0.053850,0.010000,0.1,0.1,0.1
0.562242,-0.600681,0.525824,0.1,0.1,0.1
0.377698,0.250736,0.051996,0.1,0.1,0.1
0.629791,0.005078,0.319344,0.1,0.1,0.1
0.856636,-0.179378,0.558380,0.1,0.1,0.1
0.622721,-0.627201,0.616729,0.1,0.1,0.1
0.199342,-0.503660,0.355403,0.1,0.1,0.1
0.804282,0.434015,0.467683,0.1,0.1,0.1
0.710462,0.186207,0.010000,0.1,0.1,0.1
0.828819,-0.283425,0.464596,0.1,0.1,0.1
0.702499,0.374601,0.599253,0.1,0.1,0.1
0.514256,0.511553,0.047339,0.1,0.1,0.1
1.030880,0.377575,0.444799,0.1,0.1,0.1
0.657541,0.108873,0.243728,0.1,0.1,0.1
1.001258,0.361572,0.559343,0.1,0.1,0.1
0.788464,0.045050,0.401307,0.1,0.1,0.1
0.661100,0.106700,0.152402,0.1,0.1,0.1
0.812085,0.386027,0.397307,0.1,0.1,0.1
0.777674,-0.561626,0.717637,0.1,0.1,0.1
0.765404,-0.109399,0.000000,0.1,0.1,0.1
0.303670,-0.531552,0.183071,0.1,0.1,0.1
1.012071,0.276405,0.028333,0.1,0.1,0.1
0.978007,0.391710,0.392772,0.1,0.1,0.1
1.025784,0.327696,0.064241,0.1,0.1,0.1
0.863319,-0.241274,0.366962,0.1,0.1,0.1
0.329479,-0.003190,0.254263,0.1,0.1,0.1
0.980807,0.198180,0.605173,0.1,0.1,0.1
0.550292,-0.607837,0.443299,0.1,0.1,0.1
0.673324,-0.144779,0.397307,0.1,0.1,0.1
0.367353,0.104488,0.010000,0.1,0.1,0.1
0.396701,0.248251,0.280538,0.1,0.1,0.1
0.498741,-0.041247,0.076631,0.1,0.1,0.1
0.563721,-0.144489,0.782663,0.1,0.1,0.1
0.785882,-0.569640,0.589949,0.1,0.1,0.1
0.855474,0.194468,0.774615,0.1,0.1,0.1
0.665949,0.131228,0.401307,0.1,0.1,0.1
0.705362,0.287744,0.077223,0.1,0.1,0.1
0.538666,-0.351256,0.230520,0.1,0.1,0.1
0.614593,-0.625028,0.637917,0.1,0.1,0.1
0.508469,-0.029356,0.346176,0.1,0.1,0.1
0.849668,-0.331052,0.584248,0.1,0.1,0.1
0.328407,-0.080819,0.014000,0.1,0.1,0.1
0.675074,0.272021,0.692198,0.1,0.1,0.1
0.627248,-0.019921,0.038449,0.1,0.1,0.1
0.559817,-0.085528,0.710400,0.1,0.1,0.1
0.721721,0.348936,0.328369,0.1,0.1,0.1
0.432668,0.382781,0.078480,0.1,0.1,0.1
0.541189,-0.341819,0.079922,0.1,0.1,0.1
0.793473,-0.541248,0.780119,0.1,0.1,0.1
0.742012,0.450663,0.323605,0.1,0.1,0.1
0.573226,-0.221987,0.138901,0.1,0.1,0.1
0.673524,0.168659,0.014348,0.1,0.1,0.1
0.617524,-0.433061,0.397307,0.1,0.1,0.1
0.977524,0.402191,0.134843,0.1,0.1,0.1
0.491227,-0.513211,0.264593,0.1,0.1,0.1
0.661444,0.165096,0.401307,0.1,0.1,0.1
0.555729,-0.052343,0.266549,0.1,0.1,0.1
0.895137,-0.019880,0.415752,0.1,0.1,0.1
0.600230,-0.007930,0.684373,0.1,0.1,0.1
0.929078,0.344307,0.784615,0.1,0.1,0.1
0.440255,-0.532741,0.398153,0.1,0.1,0.1
0.814128,0.037820,0.000000,0.1,0.1,0.1
0.750613,0.269454,0.387307,0.1,0.1,0.1
0.622191,-0.612568,0.481996,0.1,0.1,0.1
0.871104,-0.250873,0.417265,0.1,0.1,0.1
0.941899,0.052648,0.295095,0.1,0.1,0.1
0.598641,-0.126924,0.352893,0.1,0.1,0.1
0.851394,-0.183497,0.638548,0.1,0.1,0.1
0.986362,0.180240,0.333300,0.1,0.1,0.1
0.720152,-0.653249,0.089910,0.1,0.1,0.1
0.746983,0.453475,0.599611,0.1,0.1,0.1
0.999018,0.396444,0.710237,0.1,0.1,0.1
0.449009,-0.198784,0.010000,0.1,0.1,0.1
0.471014,-0.085558,0.010000,0.1,0.1,0.1
0.731731,0.457552,0.680788,0.1,0.1,0.1
0.902348,0.007093,0.651459,0.1,0.1,0.1
0.607228,0.459311,0.010000,0.1,0.1,0.1
0.648974,-0.160823,0.401307,0.1,0.1,0.1
0.583771,0.120842,0.014000,0.1,0.1,0.1
0.807200,-0.348801,0.614002,0.1,0.1,0.1
0.949550,0.081265,0.777996,0.1,0.1,0.1
0.594791,-0.241401,0.774615,0.1,0.1,0.1
0.683241,0.214154,0.397307,0.1,0.1,0.1
0.525187,-0.590775,0.394819,0.1,0.1,0.1
0.960228,0.330734,0.387307,0.1,0.1,0.1
0.717731,0.371357,0.010000,0.1,0.1,0.1
0.525029,-0.029643,0.142878,0.1,0.1,0.1
0.658916,-0.069578,0.191581,0.1,0.1,0.1
0.893168,0.133293,0.010000,0.1,0.1,0.1
0.808811,-0.445160,0.559916,0.1,0.1,0.1
0.832477,0.313186,0.784615,0.1,0.1,0.1
0.453686,-0.582010,0.458478,0.1,0.1,0.1
0.720074,-0.107718,0.010000,0.1,0.1,0.1
0.605468,-0.085903,0.170631,0.1,0.1,0.1
0.774024,0.344557,0.784615,0.1,0.1,0.1
0.392193,0.001730,0.277841,0.1,0.1,0.1
0.778206,0.445127,0.328662,0.1,0.1,0.1
0.471559,0.261814,0.010000,0.1,0.1,0.1
0.542841,-0.591354,0.510670,0.1,0.1,0.1
0.821720,0.443845,0.327334,0.1,0.1,0.1
0.961177,0.086038,0.502909,0.1,0.1,0.1
0.899283,-0.145473,0.068230,0.1,0.1,0.1
0.205324,-0.505259,0.147384,0.1,0.1,0.1
0.464829,-0.223814,0.014000,0.1,0.1,0.1
0.629820,-0.010301,0.339250,0.1,0.1,0.1
0.497001,0.059268,0.010000,0.1,0.1,0.1
0.847962,-0.211820,0.574369,0.1,0.1,0.1
0.577231,-0.191520,0.059606,0.1,0.1,0.1
0.481043,-0.022024,0.111122,0.1,0.1,0.1
1.028768,0.377577,0.090252,0.1,0.1,0.1
0.508989,-0.582304,0.470206,0.1,0.1,0.1
0.512781,-0.335027,0.751149,0.1,0.1,0.1
0.950166,0.383671,0.397307,0.1,0.1,0.1
0.761676,-0.036782,0.397307,0.1,0.1,0.1
0.531751,-0.035581,0.368776,0.1,0.1,0.1
0.490022,-0.117371,0.014000,0.1,0.1,0.1
1.040572,0.383008,0.266312,0.1,0.1,0.1
0.342184,0.117896,0.374476,0.1,0.1,0.1
0.946611,0.031554,0.665974,0.1,0.1,0.1
0.733542,0.023502,0.387307,0.1,0.1,0.1
0.352657,-0.540508,0.317385,0.1,0.1,0.1
0.579972,-0.615772,0.070277,0.1,0.1,0.1
0.499108,-0.386169,0.531695,0.1,0.1,0.1
0.918193,-0.036023,0.594094,0.1,0.1,0.1
0.508539,-0.596675,0.385028,0.1,0.1,0.1
0.713069,0.462541,0.073465,0.1,0.1,0.1
0.778456,0.015110,0.784615,0.1,0.1,0.1
0.301334,-0.108464,0.345726,0.1,0.1,0.1
0.202093,-0.479667,0.131812,0.1,0.1,0.1
0.971921,0.164943,0.612455,0.1,0.1,0.1
0.280762,-0.111846,0.369315,0.1,0.1,0.1
0.900734,0.390041,0.774615,0.1,0.1,0.1
0.640762,-0.632024,0.182899,0.1,0.1,0.1
0.744793,-0.537167,0.397307,0.1,0.1,0.1
0.749412,0.463176,0.376285,0.1,0.1,0.1
0.649980,0.065106,0.090050,0.1,0.1,0.1
0.641028,0.031620,0.377486,0.1,0.1,0.1
0.652478,0.474600,0.269907,0.1,0.1,0.1
0.888155,-0.148377,0.733039,0.1,0.1,0.1
0.860459,0.014085,0.010000,0.1,0.1,0.1
0.568260,0.501256,0.252416,0.1,0.1,0.1
0.523234,-0.586112,0.658002,0.1,0.1,0.1
0.925536,0.405739,0.630018,0.1,0.1,0.1
0.865278,-0.160353,0.784615,0.1,0.1,0.1
0.807613,-0.449641,0.547251,0.1,0.1,0.1
0.716456,0.368142,0.397307,0.1,0.1,0.1
0.862024,-0.284838,0.242634,0.1,0.1,0.1
0.782852,-0.538606,0.397307,0.1,0.1,0.1
0.969520,0.258346,0.599361,0.1,0.1,0.1
0.838410,-0.117566,0.066288,0.1,0.1,0.1
0.571781,-0.211907,0.324063,0.1,0.1,0.1
0.546131,-0.049776,0.287576,0.1,0.1,0.1
0.400489,0.335983,0.070904,0.1,0.1,0.1
0.495093,-0.498751,0.287527,0.1,0.1,0.1
0.523643,-0.391963,0.333641,0.1,0.1,0.1
1.015096,0.326438,0.564034,0.1,0.1,0.1
0.706726,-0.117251,0.397307,0.1,0.1,0.1
0.796827,-0.403089,0.445217,0.1,0.1,0.1
0.816567,0.390136,0.774615,0.1,0.1,0.1
0.779426,-0.101796,0.219297,0.1,0.1,0.1
1.006508,0.255594,0.278589,0.1,0.1,0.1
0.702047,0.259860,0.206633,0.1,0.1,0.1
1.040150,0.381433,0.682126,0.1,0.1,0.1
0.523336,-0.221982,0.762279,0.1,0.1,0.1
0.931563,-0.024731,0.231432,0.1,0.1,0.1
0.842533,-0.127611,0.784615,0.1,0.1,0.1
0.683823,-0.114921,0.000000,0.1,0.1,0.1
0.208550,-0.381954,0.269761,0.1,0.1,0.1
0.886155,-0.194577,0.123377,0.1,0.1,0.1
0.864346,0.422097,0.501002,0.1,0.1,0.1
0.735959,0.386705,0.045920,0.1,0.1,0.1
0.751952,0.448005,0.542926,0.1,0.1,0.1
0.710201,0.459167,0.095824,0.1,0.1,0.1
0.948681,0.078016,0.313088,0.1,0.1,0.1
0.515701,-0.394363,0.397307,0.1,0.1,0.1
0.694766,0.248110,0.312801,0.1,0.1,0.1
1.010724,0.310084,0.636510,0.1,0.1,0.1
0.376144,0.189500,0.010000,0.1,0.1,0.1
0.537258,0.063777,0.010000,0.1,0.1,0.1
0.762494,-0.657122,0.637996,0.1,0.1,0.1
0.764188,-0.097722,0.132866,0.1,0.1,0.1
0.698713,0.466379,0.080211,0.1,0.1,0.1
0.831735,0.074810,0.397307,0.1,0.1,0.1
0.901032,-0.100214,0.712034,0.1,0.1,0.1
0.712570,-0.167744,0.784615,0.1,0.1,0.1
0.192454,-0.442157,0.025214,0.1,0.1,0.1
0.746270,-0.026890,0.397307,0.1,0.1,0.1
0.703823,0.069858,0.397307,0.1,0.1,0.1
0.767998,-0.610987,0.784615,0.1,0.1,0.1
0.602296,0.471936,0.010000,0.1,0.1,0.1
0.889887,0.425620,0.740990,0.1,0.1,0.1
0.346719,0.134860,0.067116,0.1,0.1,0.1
0.783085,0.443823,0.481658,0.1,0.1,0.1
0.607411,-0.623108,0.774124,0.1,0.1,0.1
0.300063,-0.039654,0.189544,0.1,0.1,0.1
0.501316,-0.475476,0.284553,0.1,0.1,0.1
0.904465,-0.000477,0.594209,0.1,0.1,0.1
0.360655,0.113423,0.047458,0.1,0.1,0.1
0.974404,0.276611,0.514124,0.1,0.1,0.1
0.743654,-0.659533,0.135660,0.1,0.1,0.1
0.335780,0.016812,0.226261,0.1,0.1,0.1
0.352521,-0.205214,0.010000,0.1,0.1,0.1
0.518441,-0.032022,0.027999,0.1,0.1,0.1
0.860592,-0.290193,0.708786,0.1,0.1,0.1
0.766757,-0.044601,0.010000,0.1,0.1,0.1
0.917328,0.084531,0.784615,0.1,0.1,0.1
0.733536,0.006370,0.774615,0.1,0.1,0.1
0.523721,-0.391671,0.057234,0.1,0.1,0.1
0.848369,-0.327364,0.397307,0.1,0.1,0.1
1.033762,0.357538,0.687690,0.1,0.1,0.1
0.750189,-0.562046,0.486960,0.1,0.1,0.1
0.727871,0.439579,0.784615,0.1,0.1,0.1
0.582665,-0.297174,0.774615,0.1,0.1,0.1
0.791210,-0.510996,0.226203,0.1,0.1,0.1
0.859311,-0.133505,0.151827,0.1,0.1,0.1
0.765430,-0.096423,0.774615,0.1,0.1,0.1
0.556644,-0.056728,0.015346,0.1,0.1,0.1
0.320597,0.037152,0.013882,0.1,0.1,0.1
0.727619,-0.655246,0.552872,0.1,0.1,0.1
0.733246,-0.099801,0.051690,0.1,0.1,0.1
1.032096,0.377250,0.092324,0.1,0.1,0.1
0.541357,-0.182901,0.014000,0.1,0.1,0.1
0.504106,-0.028190,0.141110,0.1,0.1,0.1
0.887932,0.294271,0.784615,0.1,0.1,0.1
0.528904,-0.201154,0.509835,0.1,0.1,0.1
0.707697,0.394043,0.588855,0.1,0.1,0.1
0.765722,-0.503946,0.771902,0.1,0.1,0.1
0.919613,0.417673,0.651009,0.1,0.1,0.1
0.740749,-0.648405,0.493341,0.1,0.1,0.1
0.921533,0.006917,0.000000,0.1,0.1,0.1
0.436701,0.471430,0.083608,0.1,0.1,0.1
0.553638,-0.037292,0.127511,0.1,0.1,0.1
0.919245,-0.070804,0.394881,0.1,0.1,0.1
0.668848,-0.082585,0.025967,0.1,0.1,0.1
0.685852,-0.470977,0.397307,0.1,0.1,0.1
0.707636,-0.514015,0.010000,0.1,0.1,0.1
0.391119,0.300936,0.054859,0.1,0.1,0.1
0.900702,-0.140163,0.425249,0.1,0.1,0.1
0.616791,-0.313681,0.000000,0.1,0.1,0.1
0.961202,0.124848,0.546874,0.1,0.1,0.1
0.274661,-0.208231,0.252192,0.1,0.1,0.1
0.584642,-0.163800,0.072793,0.1,0.1,0.1