center_x,center_y,center_z,half_length_x,half_length_y,half_length_z
1.207425,-0.636282,0.497874,0.1,0.1,0.1
1.088826,-0.640111,0.664041,0.1,0.1,0.1
1.053728,-0.056361,0.512297,0.1,0.1,0.1
1.031593,-0.517459,0.185072,0.1,0.1,0.1
0.974420,0.126683,0.185072,0.1,0.1,0.1
0.546295,0.624953,0.431319,0.1,0.1,0.1
0.989108,0.291239,0.512297,0.1,0.1,0.1
0.875680,0.336356,0.664041,0.1,0.1,0.1
0.921938,-0.184020,0.683724,0.1,0.1,0.1
1.109449,-0.038606,0.524694,0.1,0.1,0.1
1.218391,-0.551399,0.116923,0.1,0.1,0.1
0.630285,0.067046,0.204755,0.1,0.1,0.1
1.219544,-0.441099,0.207177,0.1,0.1,0.1
1.065775,-0.143437,0.185072,0.1,0.1,0.1
1.034383,0.644413,0.660207,0.1,0.1,0.1
0.975120,-0.675907,0.257699,0.1,0.1,0.1
0.918136,0.688379,0.316642,0.1,0.1,0.1
1.171162,-0.274517,0.374775,0.1,0.1,0.1
0.912417,0.280294,0.664041,0.1,0.1,0.1
0.554022,0.626271,0.571737,0.1,0.1,0.1
0.947417,-0.606562,0.204755,0.1,0.1,0.1
0.856629,0.284824,0.512297,0.1,0.1,0.1
1.164345,-0.117491,0.520127,0.1,0.1,0.1
1.011121,-0.042142,0.683724,0.1,0.1,0.1
0.907608,-0.073035,0.325023,0.1,0.1,0.1
1.158983,-0.664512,0.303138,0.1,0.1,0.1
1.010607,0.042121,0.683724,0.1,0.1,0.1
0.781619,0.154778,0.204755,0.1,0.1,0.1
0.731764,-0.548847,0.204755,0.1,0.1,0.1
1.166088,-0.593023,0.512297,0.1,0.1,0.1
0.718443,0.634349,0.366404,0.1,0.1,0.1
0.790553,0.175584,0.664041,0.1,0.1,0.1
1.031292,-0.411620,0.683724,0.1,0.1,0.1
0.749838,0.565507,0.512297,0.1,0.1,0.1
0.574418,0.251927,0.198261,0.1,0.1,0.1
1.052660,0.537262,0.001677,0.1,0.1,0.1
1.076564,-0.528221,0.512297,0.1,0.1,0.1
0.716216,0.145213,0.683724,0.1,0.1,0.1
0.914653,-0.678433,0.185072,0.1,0.1,0.1
1.162970,-0.226492,0.617410,0.1,0.1,0.1
0.551883,0.620678,0.683724,0.1,0.1,0.1
0.889715,0.434116,0.664041,0.1,0.1,0.1
1.179310,-0.499118,0.512297,0.1,0.1,0.1
0.988436,-0.536393,0.512297,0.1,0.1,0.1
1.191181,-0.274820,0.230409,0.1,0.1,0.1
0.897065,-0.709189,0.621489,0.1,0.1,0.1
0.682538,0.490739,0.512297,0.1,0.1,0.1
0.710405,-0.177749,0.683724,0.1,0.1,0.1
0.767823,-0.374208,0.204755,0.1,0.1,0.1
1.007751,-0.670341,0.326988,0.1,0.1,0.1
1.037915,0.623709,0.264507,0.1,0.1,0.1
0.748993,-0.100091,0.552233,0.1,0.1,0.1
0.963394,-0.574537,0.185072,0.1,0.1,0.1
1.041996,0.599780,0.630579,0.1,0.1,0.1
0.870552,-0.203059,0.185072,0.1,0.1,0.1
0.746718,-0.492710,0.512297,0.1,0.1,0.1
0.690648,-0.110043,0.454981,0.1,0.1,0.1
0.705197,0.568325,0.683724,0.1,0.1,0.1
0.904581,-0.594760,0.204755,0.1,0.1,0.1
0.716413,0.464638,0.185072,0.1,0.1,0.1
1.122391,-0.291866,0.185072,0.1,0.1,0.1
1.064158,0.469859,0.446474,0.1,0.1,0.1
0.939851,0.281294,0.512297,0.1,0.1,0.1
1.162042,-0.390111,0.512297,0.1,0.1,0.1
1.204421,-0.352439,0.051460,0.1,0.1,0.1
0.566340,0.524908,0.664041,0.1,0.1,0.1
0.880631,-0.692024,0.577460,0.1,0.1,0.1
0.952271,-0.289762,0.683724,0.1,0.1,0.1
0.834971,-0.699813,0.250777,0.1,0.1,0.1
0.659403,0.296399,0.512297,0.1,0.1,0.1
1.187376,-0.252515,0.050970,0.1,0.1,0.1
0.625092,0.399767,0.512297,0.1,0.1,0.1
1.021402,-0.687980,0.547845,0.1,0.1,0.1
0.721532,-0.557237,0.185072,0.1,0.1,0.1
0.595885,0.200647,0.664041,0.1,0.1,0.1
0.932023,-0.140972,0.512297,0.1,0.1,0.1
1.086780,0.337233,0.528886,0.1,0.1,0.1
0.782304,0.645242,0.457913,0.1,0.1,0.1
1.030131,0.552283,0.105666,0.1,0.1,0.1
0.590229,0.252295,0.683724,0.1,0.1,0.1
1.140739,0.020899,0.549622,0.1,0.1,0.1
0.807930,-0.090038,0.275421,0.1,0.1,0.1
0.860751,0.205496,0.512297,0.1,0.1,0.1
1.065229,-0.053919,0.512297,0.1,0.1,0.1
1.058427,-0.164803,0.185072,0.1,0.1,0.1
1.063610,0.473067,0.175889,0.1,0.1,0.1
0.982220,-0.060308,0.520934,0.1,0.1,0.1
1.241682,-0.570885,0.079337,0.1,0.1,0.1
0.994957,-0.635033,0.512297,0.1,0.1,0.1
1.098817,-0.199155,0.185072,0.1,0.1,0.1
0.836739,-0.085124,0.449425,0.1,0.1,0.1
1.005766,-0.510562,0.512297,0.1,0.1,0.1
0.747539,-0.734694,0.457297,0.1,0.1,0.1
0.716025,0.060153,0.683724,0.1,0.1,0.1
1.143952,-0.268325,0.204755,0.1,0.1,0.1
0.781426,0.049463,0.664041,0.1,0.1,0.1
0.868602,0.075339,0.185072,0.1,0.1,0.1
0.732340,-0.237521,0.664041,0.1,0.1,0.1
0.887482,-0.607241,0.512297,0.1,0.1,0.1
1.039796,-0.609653,0.512297,0.1,0.1,0.1
1.076775,-0.471763,0.683724,0.1,0.1,0.1
1.226207,-0.480162,0.192440,0.1,0.1,0.1
1.128317,-0.023340,0.026315,0.1,0.1,0.1
0.776760,0.008989,0.683724,0.1,0.1,0.1
1.075921,-0.658713,0.411807,0.1,0.1,0.1
0.669550,0.626009,0.352429,0.1,0.1,0.1
0.702882,-0.501196,0.664925,0.1,0.1,0.1
1.016920,0.629729,0.087302,0.1,0.1,0.1
0.728408,-0.103602,0.469050,0.1,0.1,0.1
0.641674,0.551349,0.512297,0.1,0.1,0.1
0.608999,0.263723,0.512297,0.1,0.1,0.1
1.186641,-0.589097,0.512297,0.1,0.1,0.1
1.129890,0.084502,0.318318,0.1,0.1,0.1
0.658011,0.606543,0.683724,0.1,0.1,0.1
1.148219,-0.022956,0.081976,0.1,0.1,0.1
1.057810,0.507069,0.598274,0.1,0.1,0.1
0.841821,-0.463957,0.683724,0.1,0.1,0.1
0.713327,-0.106175,0.448168,0.1,0.1,0.1
1.158604,-0.200894,0.130755,0.1,0.1,0.1
1.223104,-0.579029,0.293884,0.1,0.1,0.1
1.124444,0.116427,0.020654,0.1,0.1,0.1
0.826894,0.405198,0.683724,0.1,0.1,0.1
0.918535,0.301474,0.512297,0.1,0.1,0.1
0.984725,-0.674269,0.364078,0.1,0.1,0.1
0.795049,-0.092235,0.303657,0.1,0.1,0.1
0.785454,-0.506992,0.204755,0.1,0.1,0.1
1.200261,-0.445112,0.599734,0.1,0.1,0.1
1.137708,0.038665,0.455193,0.1,0.1,0.1
1.206020,-0.361816,0.034949,0.1,0.1,0.1
1.083534,0.356264,0.632764,0.1,0.1,0.1
1.185188,-0.356744,0.148583,0.1,0.1,0.1
1.052511,0.421079,0.115762,0.1,0.1,0.1
1.106285,-0.009010,0.683724,0.1,0.1,0.1
1.136618,-0.072005,0.271572,0.1,0.1,0.1
1.170609,-0.154219,0.603130,0.1,0.1,0.1
0.772285,-0.730473,0.243544,0.1,0.1,0.1
1.203786,-0.465779,0.503081,0.1,0.1,0.1
0.659516,0.236728,0.185072,0.1,0.1,0.1
1.028407,0.679450,0.519386,0.1,0.1,0.1
1.236580,-0.641292,0.179604,0.1,0.1,0.1
1.195830,-0.419137,0.246227,0.1,0.1,0.1
0.982854,0.492525,0.512297,0.1,0.1,0.1
1.167887,-0.255318,0.450253,0.1,0.1,0.1
1.161322,-0.642908,0.664041,0.1,0.1,0.1
1.198761,-0.437466,0.185072,0.1,0.1,0.1
0.703490,0.651766,0.413147,0.1,0.1,0.1
1.048087,-0.083174,0.512297,0.1,0.1,0.1
0.944302,0.006281,0.204755,0.1,0.1,0.1
0.887564,-0.570323,0.512297,0.1,0.1,0.1
0.970617,0.388132,0.664041,0.1,0.1,0.1
1.043581,-0.179424,0.512297,0.1,0.1,0.1
0.806950,-0.090205,0.477356,0.1,0.1,0.1
0.719117,-0.423312,0.185072,0.1,0.1,0.1
1.014589,0.272935,0.683724,0.1,0.1,0.1
1.004730,0.703150,0.352070,0.1,0.1,0.1
1.027960,0.565011,0.426574,0.1,0.1,0.1
0.866390,0.679553,0.658316,0.1,0.1,0.1
0.667355,0.607550,0.664041,0.1,0.1,0.1
1.118138,0.153394,0.533817,0.1,0.1,0.1
1.041506,0.485596,0.306271,0.1,0.1,0.1
0.755992,0.036386,0.664041,0.1,0.1,0.1
1.228987,-0.496460,0.395184,0.1,0.1,0.1
1.150650,-0.154265,0.371160,0.1,0.1,0.1
0.934746,-0.068406,0.186846,0.1,0.1,0.1
0.778515,0.110027,0.512297,0.1,0.1,0.1
0.969389,-0.676885,0.252018,0.1,0.1,0.1
0.699344,-0.108560,0.603044,0.1,0.1,0.1
0.664102,0.449782,0.683724,0.1,0.1,0.1
1.113610,0.062885,0.532674,0.1,0.1,0.1
1.063489,0.356717,0.059048,0.1,0.1,0.1
0.993289,-0.371123,0.185072,0.1,0.1,0.1
1.079297,0.381101,0.200230,0.1,0.1,0.1
0.809435,0.288176,0.204755,0.1,0.1,0.1
0.675711,0.075158,0.185072,0.1,0.1,0.1
1.145867,-0.009167,0.055289,0.1,0.1,0.1
1.153641,-0.425867,0.185072,0.1,0.1,0.1
1.039156,0.374452,0.512297,0.1,0.1,0.1
1.028137,0.563968,0.294967,0.1,0.1,0.1
0.673152,-0.113027,0.238260,0.1,0.1,0.1
1.177678,-0.641356,0.546771,0.1,0.1,0.1
1.110715,0.196911,0.013040,0.1,0.1,0.1
1.127264,-0.073049,0.185072,0.1,0.1,0.1
1.032875,0.653254,0.587677,0.1,0.1,0.1
1.075673,-0.044367,0.507254,0.1,0.1,0.1
0.923741,0.665282,0.512297,0.1,0.1,0.1
0.688834,-0.043256,0.512297,0.1,0.1,0.1
0.926329,0.254394,0.512297,0.1,0.1,0.1
0.998505,0.277374,0.683724,0.1,0.1,0.1
1.152720,-0.049344,0.547993,0.1,0.1,0.1
0.742742,-0.044962,0.204755,0.1,0.1,0.1
0.978786,-0.695249,0.210483,0.1,0.1,0.1
0.661671,0.174185,0.664041,0.1,0.1,0.1
0.716948,0.518881,0.185072,0.1,0.1,0.1
0.843775,0.074970,0.185072,0.1,0.1,0.1
0.817283,0.671176,0.639654,0.1,0.1,0.1
0.879147,-0.712245,0.431077,0.1,0.1,0.1
1.036917,0.629556,0.298525,0.1,0.1,0.1
0.864154,0.659204,0.343077,0.1,0.1,0.1
0.893343,0.545110,0.204755,0.1,0.1,0.1
0.975263,0.430087,0.512297,0.1,0.1,0.1
1.012638,0.534298,0.512297,0.1,0.1,0.1
1.035881,-0.685510,0.528961,0.1,0.1,0.1
0.851803,0.102831,0.512297,0.1,0.1,0.1
1.148419,-0.356492,0.185072,0.1,0.1,0.1
0.785342,0.645761,0.324538,0.1,0.1,0.1
0.718137,-0.041796,0.185072,0.1,0.1,0.1
0.626431,0.618654,0.336165,0.1,0.1,0.1
0.957269,0.695054,0.590023,0.1,0.1,0.1
0.965466,-0.218160,0.512297,0.1,0.1,0.1
0.684541,-0.305476,0.664041,0.1,0.1,0.1
1.067576,-0.397965,0.512297,0.1,0.1,0.1
0.823408,0.300460,0.683724,0.1,0.1,0.1
0.783619,-0.351512,0.185072,0.1,0.1,0.1
0.695481,-0.457811,0.682299,0.1,0.1,0.1
1.175575,-0.241858,0.670824,0.1,0.1,0.1
1.030817,0.665321,0.617488,0.1,0.1,0.1
1.028158,-0.642584,0.204755,0.1,0.1,0.1
1.040088,-0.050437,0.387374,0.1,0.1,0.1
1.208180,-0.374479,0.372774,0.1,0.1,0.1
0.971848,0.697541,0.405514,0.1,0.1,0.1
0.982972,0.153415,0.512297,0.1,0.1,0.1
0.738276,-0.101919,0.677728,0.1,0.1,0.1
1.182248,-0.222450,0.399510,0.1,0.1,0.1
0.652018,0.254927,0.512297,0.1,0.1,0.1
1.017808,0.624525,0.433187,0.1,0.1,0.1
1.016719,0.501093,0.512297,0.1,0.1,0.1
0.780957,-0.319828,0.512297,0.1,0.1,0.1
0.789479,0.646466,0.611392,0.1,0.1,0.1
1.130709,-0.034980,0.478963,0.1,0.1,0.1
1.073031,0.235672,0.664041,0.1,0.1,0.1
1.014253,0.269524,0.664041,0.1,0.1,0.1
1.074938,-0.044493,0.325833,0.1,0.1,0.1
1.116392,0.046572,0.239700,0.1,0.1,0.1
0.665716,-0.114296,0.504101,0.1,0.1,0.1
1.235521,-0.534766,0.501366,0.1,0.1,0.1
1.155541,-0.583676,0.512297,0.1,0.1,0.1
0.660018,0.099094,0.664041,0.1,0.1,0.1
1.055806,-0.199765,0.683724,0.1,0.1,0.1
1.062715,-0.664068,0.512297,0.1,0.1,0.1
1.186839,-0.475156,0.204755,0.1,0.1,0.1
0.560580,0.472765,0.512297,0.1,0.1,0.1
1.103196,-0.251097,0.204755,0.1,0.1,0.1
0.908191,0.672235,0.185072,0.1,0.1,0.1
0.687361,0.162375,0.512297,0.1,0.1,0.1
1.070592,0.315079,0.321092,0.1,0.1,0.1
0.961172,0.675460,0.204755,0.1,0.1,0.1
0.853629,0.677376,0.351029,0.1,0.1,0.1
1.100907,-0.040063,0.557935,0.1,0.1,0.1
0.953614,-0.536849,0.512297,0.1,0.1,0.1
1.188043,-0.256426,0.388909,0.1,0.1,0.1
0.671540,0.011920,0.683724,0.1,0.1,0.1
0.977971,0.101403,0.512297,0.1,0.1,0.1
0.983020,0.077525,0.185072,0.1,0.1,0.1
1.121395,-0.299158,0.512297,0.1,0.1,0.1
0.774817,0.107175,0.664041,0.1,0.1,0.1
1.130149,-0.593554,0.204755,0.1,0.1,0.1
0.910984,0.687159,0.638431,0.1,0.1,0.1
1.240447,-0.563643,0.660794,0.1,0.1,0.1
1.098704,-0.543119,0.512297,0.1,0.1,0.1
1.185020,-0.238700,0.237258,0.1,0.1,0.1
0.976559,0.678377,0.367918,0.1,0.1,0.1
1.158936,-0.085781,0.323025,0.1,0.1,0.1
0.911585,0.636841,0.664041,0.1,0.1,0.1
0.904570,-0.073553,0.486842,0.1,0.1,0.1
0.970911,-0.362314,0.664041,0.1,0.1,0.1
1.119158,0.030357,0.072880,0.1,0.1,0.1
0.793295,0.184677,0.512297,0.1,0.1,0.1
0.864866,-0.714681,0.635748,0.1,0.1,0.1
0.725562,-0.253066,0.185072,0.1,0.1,0.1
0.827607,-0.344472,0.664041,0.1,0.1,0.1
0.723412,-0.410750,0.512297,0.1,0.1,0.1
0.914671,-0.019450,0.664041,0.1,0.1,0.1
0.740474,-0.106519,0.512297,0.1,0.1,0.1
1.012962,0.652932,0.546956,0.1,0.1,0.1
0.991128,0.219087,0.512297,0.1,0.1,0.1
0.827186,-0.721108,0.469086,0.1,0.1,0.1
1.103623,0.238491,0.628957,0.1,0.1,0.1
0.840577,-0.399355,0.512297,0.1,0.1,0.1
0.752614,0.520249,0.185072,0.1,0.1,0.1
0.891204,0.223231,0.664041,0.1,0.1,0.1
1.071153,-0.239127,0.683724,0.1,0.1,0.1
0.927711,0.156354,0.683724,0.1,0.1,0.1
1.029312,0.674143,0.580386,0.1,0.1,0.1
0.799640,0.213637,0.204755,0.1,0.1,0.1
0.849416,-0.666314,0.204755,0.1,0.1,0.1
0.657051,0.214411,0.185072,0.1,0.1,0.1
1.009831,0.257593,0.683724,0.1,0.1,0.1
0.696314,-0.412716,0.512297,0.1,0.1,0.1
1.002733,0.682842,0.423036,0.1,0.1,0.1
1.004874,0.652300,0.185072,0.1,0.1,0.1
0.573392,0.629575,0.518221,0.1,0.1,0.1
1.060826,-0.553253,0.664041,0.1,0.1,0.1
1.189706,-0.593648,0.512297,0.1,0.1,0.1
1.135621,-0.034142,0.588788,0.1,0.1,0.1
0.957133,-0.592866,0.204755,0.1,0.1,0.1
0.743138,0.428979,0.683724,0.1,0.1,0.1
0.919094,0.625285,0.204755,0.1,0.1,0.1
1.195378,-0.299427,0.228485,0.1,0.1,0.1
1.094896,0.172595,0.105186,0.1,0.1,0.1
0.928171,0.274544,0.683724,0.1,0.1,0.1
0.653187,0.475761,0.683724,0.1,0.1,0.1
0.720342,0.276930,0.512297,0.1,0.1,0.1
0.720576,-0.215685,0.683724,0.1,0.1,0.1
0.866632,-0.088509,0.512297,0.1,0.1,0.1
1.040257,0.609976,0.035723,0.1,0.1,0.1
0.922608,-0.070477,0.628444,0.1,0.1,0.1
0.936753,-0.682451,0.356831,0.1,0.1,0.1
1.031927,-0.051830,0.559733,0.1,0.1,0.1
0.861645,-0.080875,0.583548,0.1,0.1,0.1
0.934123,-0.296150,0.664041,0.1,0.1,0.1
0.904242,-0.061325,0.204755,0.1,0.1,0.1
0.662516,0.492321,0.683724,0.1,0.1,0.1
0.863038,-0.695025,0.301630,0.1,0.1,0.1
1.065940,0.240244,0.185072,0.1,0.1,0.1
0.916533,-0.380003,0.512297,0.1,0.1,0.1
1.089644,-0.041984,0.425499,0.1,0.1,0.1
0.749899,0.289057,0.683724,0.1,0.1,0.1
1.176852,-0.190818,0.292565,0.1,0.1,0.1
1.033341,0.587784,0.512297,0.1,0.1,0.1
0.708167,-0.135847,0.204755,0.1,0.1,0.1
0.838648,-0.622853,0.683724,0.1,0.1,0.1
0.783093,0.295202,0.512297,0.1,0.1,0.1
1.198513,-0.317807,0.023881,0.1,0.1,0.1
1.054555,0.409094,0.594049,0.1,0.1,0.1
0.758967,-0.198716,0.683724,0.1,0.1,0.1
0.978002,-0.185491,0.204755,0.1,0.1,0.1
0.824648,-0.600655,0.185072,0.1,0.1,0.1
1.134829,-0.668632,0.483561,0.1,0.1,0.1
1.022775,0.696244,0.122263,0.1,0.1,0.1
0.817310,-0.702825,0.195534,0.1,0.1,0.1
1.160185,-0.114295,0.673882,0.1,0.1,0.1
0.577682,0.243914,0.512297,0.1,0.1,0.1
0.654963,0.466938,0.185072,0.1,0.1,0.1
1.162950,-0.226376,0.663920,0.1,0.1,0.1
1.130172,0.082848,0.561444,0.1,0.1,0.1
0.626956,0.082058,0.683724,0.1,0.1,0.1
0.710806,0.653014,0.248690,0.1,0.1,0.1
0.659963,-0.168591,0.512297,0.1,0.1,0.1
0.791703,0.666813,0.583448,0.1,0.1,0.1
0.858769,-0.695753,0.578401,0.1,0.1,0.1
1.208707,-0.377565,0.618388,0.1,0.1,0.1
1.199112,-0.321315,0.403055,0.1,0.1,0.1
1.054835,-0.047922,0.372726,0.1,0.1,0.1
1.165196,-0.122483,0.162082,0.1,0.1,0.1
1.040095,0.493864,0.465335,0.1,0.1,0.1
0.974008,-0.507744,0.512297,0.1,0.1,0.1
0.776911,-0.095329,0.664178,0.1,0.1,0.1
1.026142,0.553336,0.204755,0.1,0.1,0.1
0.566017,0.478141,0.512297,0.1,0.1,0.1
1.038148,0.505283,0.096497,0.1,0.1,0.1
0.797054,-0.359721,0.683724,0.1,0.1,0.1
1.220120,-0.634116,0.680695,0.1,0.1,0.1
0.764644,-0.097421,0.360234,0.1,0.1,0.1
1.069990,-0.003282,0.512297,0.1,0.1,0.1
0.871152,0.680365,0.596338,0.1,0.1,0.1
1.169766,-0.238281,0.512297,0.1,0.1,0.1
1.075459,0.403603,0.506349,0.1,0.1,0.1
1.016935,0.629641,0.603715,0.1,0.1,0.1
0.820240,-0.087938,0.295910,0.1,0.1,0.1
0.884019,0.662592,0.340652,0.1,0.1,0.1
0.990886,0.447184,0.512297,0.1,0.1,0.1
0.990212,-0.058945,0.235535,0.1,0.1,0.1
0.740087,-0.143289,0.512297,0.1,0.1,0.1
0.760624,-0.387862,0.204755,0.1,0.1,0.1
1.028034,0.681632,0.581611,0.1,0.1,0.1
1.035657,-0.441412,0.683724,0.1,0.1,0.1
0.852896,-0.401648,0.185072,0.1,0.1,0.1
1.074004,0.295074,0.321513,0.1,0.1,0.1
0.942877,0.185564,0.512297,0.1,0.1,0.1
1.031155,0.346331,0.204755,0.1,0.1,0.1
1.062151,-0.681029,0.367195,0.1,0.1,0.1
1.063160,-0.438297,0.512297,0.1,0.1,0.1
0.742050,-0.730821,0.654744,0.1,0.1,0.1
1.063521,-0.059586,0.683724,0.1,0.1,0.1
1.181459,-0.276357,0.680316,0.1,0.1,0.1
1.126086,-0.010260,0.585933,0.1,0.1,0.1
0.873990,0.614086,0.664041,0.1,0.1,0.1
0.588768,0.349653,0.204755,0.1,0.1,0.1
1.045987,0.576386,0.048999,0.1,0.1,0.1
0.706290,0.275221,0.185072,0.1,0.1,0.1
0.934420,0.627423,0.185072,0.1,0.1,0.1
0.959420,0.435750,0.185072,0.1,0.1,0.1
0.794265,-0.368313,0.664041,0.1,0.1,0.1
1.153984,-0.075156,0.673882,0.1,0.1,0.1
0.827022,0.571542,0.185072,0.1,0.1,0.1
0.936718,0.279588,0.683724,0.1,0.1,0.1
0.965738,-0.063120,0.258883,0.1,0.1,0.1
0.953779,-0.689531,0.664606,0.1,0.1,0.1
1.085209,-0.661800,0.185072,0.1,0.1,0.1
1.083578,0.356005,0.397384,0.1,0.1,0.1
0.758392,-0.262992,0.512297,0.1,0.1,0.1
0.967811,0.676885,0.201686,0.1,0.1,0.1
1.142408,-0.105945,0.063666,0.1,0.1,0.1
0.875229,-0.280576,0.204755,0.1,0.1,0.1
1.185922,-0.243992,0.037146,0.1,0.1,0.1
0.701874,-0.446803,0.664041,0.1,0.1,0.1
0.779783,0.644812,0.641458,0.1,0.1,0.1
0.780948,0.187756,0.664041,0.1,0.1,0.1
1.067354,-0.229574,0.512297,0.1,0.1,0.1
1.151396,-0.158641,0.287600,0.1,0.1,0.1
0.829892,-0.662285,0.512297,0.1,0.1,0.1
1.207369,-0.486782,0.408661,0.1,0.1,0.1
1.028340,0.621310,0.667708,0.1,0.1,0.1
1.093853,0.178711,0.083128,0.1,0.1,0.1
0.756222,0.583178,0.683724,0.1,0.1,0.1
1.025364,-0.667337,0.460337,0.1,0.1,0.1
0.923639,0.277305,0.185072,0.1,0.1,0.1
0.980042,0.401064,0.512297,0.1,0.1,0.1
0.840495,-0.718838,0.651874,0.1,0.1,0.1
0.704880,-0.042063,0.512297,0.1,0.1,0.1
0.767249,0.481475,0.512297,0.1,0.1,0.1
1.149475,-0.147376,0.625523,0.1,0.1,0.1
0.852060,0.657141,0.612400,0.1,0.1,0.1
1.177798,-0.313421,0.330121,0.1,0.1,0.1
1.041021,0.268530,0.512297,0.1,0.1,0.1
0.677692,0.563855,0.512297,0.1,0.1,0.1
1.213616,-0.635226,0.333730,0.1,0.1,0.1
0.915764,-0.071644,0.459304,0.1,0.1,0.1
1.150577,-0.195206,0.683724,0.1,0.1,0.1
1.075136,-0.658847,0.602578,0.1,0.1,0.1
0.784903,-0.648761,0.185072,0.1,0.1,0.1
1.223536,-0.581563,0.599211,0.1,0.1,0.1
1.137304,-0.076027,0.336103,0.1,0.1,0.1
1.172098,-0.162944,0.153889,0.1,0.1,0.1
1.218720,-0.553329,0.387517,0.1,0.1,0.1
0.723846,0.184531,0.204755,0.1,0.1,0.1
0.653011,-0.208827,0.681383,0.1,0.1,0.1
0.705657,0.334310,0.512297,0.1,0.1,0.1
1.160732,-0.096311,0.468267,0.1,0.1,0.1
1.113973,-0.089046,0.512297,0.1,0.1,0.1
0.927028,-0.069723,0.549708,0.1,0.1,0.1
0.850659,0.676869,0.654973,0.1,0.1,0.1
0.958879,0.421695,0.204755,0.1,0.1,0.1
1.227046,-0.632935,0.449422,0.1,0.1,0.1
1.164407,-0.117856,0.011583,0.1,0.1,0.1
1.043292,-0.049891,0.522861,0.1,0.1,0.1
0.880371,0.652191,0.664041,0.1,0.1,0.1
1.138918,0.031574,0.664191,0.1,0.1,0.1
1.001069,-0.514652,0.683724,0.1,0.1,0.1
0.814048,0.380984,0.664041,0.1,0.1,0.1
0.971877,0.365018,0.512297,0.1,0.1,0.1
1.115242,-0.009086,0.512297,0.1,0.1,0.1
1.091501,-0.492863,0.185072,0.1,0.1,0.1
0.753328,0.640300,0.460770,0.1,0.1,0.1
1.046106,-0.049411,0.579828,0.1,0.1,0.1
1.142985,-0.392183,0.204755,0.1,0.1,0.1
1.149590,-0.030990,0.027029,0.1,0.1,0.1
1.204172,-0.350981,0.569126,0.1,0.1,0.1
0.960339,-0.040775,0.185072,0.1,0.1,0.1
0.852451,0.487603,0.664041,0.1,0.1,0.1
0.918829,-0.071121,0.235150,0.1,0.1,0.1
0.773922,-0.710226,0.563940,0.1,0.1,0.1
0.682680,-0.382762,0.672642,0.1,0.1,0.1
1.206583,-0.365115,0.198961,0.1,0.1,0.1
1.186488,-0.305839,0.665507,0.1,0.1,0.1
0.663553,-0.114665,0.655387,0.1,0.1,0.1
0.834904,0.654215,0.223211,0.1,0.1,0.1
0.783889,-0.547590,0.185072,0.1,0.1,0.1
1.005314,0.305889,0.683724,0.1,0.1,0.1
1.186775,-0.248990,0.345544,0.1,0.1,0.1
0.677212,0.361966,0.512297,0.1,0.1,0.1
1.169757,-0.503658,0.204755,0.1,0.1,0.1
1.221829,-0.633825,0.599402,0.1,0.1,0.1
0.780744,-0.317062,0.185072,0.1,0.1,0.1
0.764824,0.228206,0.512297,0.1,0.1,0.1
0.989822,0.484005,0.204755,0.1,0.1,0.1
1.019974,-0.053868,0.530088,0.1,0.1,0.1
0.924983,-0.704426,0.389827,0.1,0.1,0.1
0.590842,0.272909,0.512297,0.1,0.1,0.1
1.015823,0.694694,0.330428,0.1,0.1,0.1
1.013642,0.116396,0.512297,0.1,0.1,0.1
0.838268,-0.462039,0.683724,0.1,0.1,0.1
0.854067,-0.326393,0.683724,0.1,0.1,0.1
0.914666,0.040187,0.204755,0.1,0.1,0.1
1.035004,-0.665692,0.474335,0.1,0.1,0.1
0.603134,0.474233,0.185072,0.1,0.1,0.1
0.776357,0.441808,0.185072,0.1,0.1,0.1
1.086197,-0.089687,0.204755,0.1,0.1,0.1
0.837841,-0.719291,0.357033,0.1,0.1,0.1
1.147597,-0.019309,0.365660,0.1,0.1,0.1
1.060885,-0.046890,0.627969,0.1,0.1,0.1
0.797751,0.483614,0.512297,0.1,0.1,0.1
1.133605,0.062723,0.307426,0.1,0.1,0.1
0.971167,-0.093194,0.512297,0.1,0.1,0.1
0.666631,0.567092,0.204755,0.1,0.1,0.1
0.657042,-0.066641,0.683724,0.1,0.1,0.1
1.000307,-0.096997,0.204755,0.1,0.1,0.1
0.848217,0.592338,0.185072,0.1,0.1,0.1
0.957956,0.418251,0.204755,0.1,0.1,0.1
1.033697,0.531377,0.124336,0.1,0.1,0.1
0.916398,-0.585584,0.204755,0.1,0.1,0.1
0.663469,0.633641,0.185072,0.1,0.1,0.1
1.102281,0.246361,0.620702,0.1,0.1,0.1
0.953886,-0.129246,0.185072,0.1,0.1,0.1
1.077414,-0.414505,0.664041,0.1,0.1,0.1
0.583640,0.197863,0.200530,0.1,0.1,0.1
1.071940,0.307175,0.189901,0.1,0.1,0.1
0.984179,-0.694329,0.268979,0.1,0.1,0.1
0.933893,-0.682939,0.580364,0.1,0.1,0.1
0.891646,0.133698,0.512297,0.1,0.1,0.1
1.181617,-0.335811,0.068026,0.1,0.1,0.1
1.231438,-0.627889,0.613272,0.1,0.1,0.1
0.784443,0.665575,0.590229,0.1,0.1,0.1
1.093627,0.180031,0.405188,0.1,0.1,0.1
0.893213,0.058892,0.204755,0.1,0.1,0.1
1.194010,-0.408463,0.317270,0.1,0.1,0.1
0.959474,-0.064188,0.609121,0.1,0.1,0.1
0.978268,-0.095981,0.512297,0.1,0.1,0.1
0.606284,0.555602,0.185072,0.1,0.1,0.1
1.174514,-0.177108,0.258303,0.1,0.1,0.1
1.068266,0.218818,0.512297,0.1,0.1,0.1
0.881073,0.662090,0.318805,0.1,0.1,0.1
0.980263,-0.154323,0.664041,0.1,0.1,0.1
0.723846,0.200207,0.204755,0.1,0.1,0.1
0.857820,0.114458,0.512297,0.1,0.1,0.1
0.756145,0.660748,0.400942,0.1,0.1,0.1
1.042424,-0.588413,0.204755,0.1,0.1,0.1
0.728691,-0.268996,0.512297,0.1,0.1,0.1
0.706177,0.087687,0.512297,0.1,0.1,0.1
1.143396,-0.111737,0.355980,0.1,0.1,0.1
0.904932,0.565559,0.664041,0.1,0.1,0.1
0.563094,0.607851,0.283556,0.1,0.1,0.1
1.033241,0.420613,0.512297,0.1,0.1,0.1
0.746091,-0.212973,0.512297,0.1,0.1,0.1
0.965636,-0.327439,0.204755,0.1,0.1,0.1
1.251014,-0.625593,0.659033,0.1,0.1,0.1
0.747694,-0.383184,0.664041,0.1,0.1,0.1
0.990410,-0.241572,0.512297,0.1,0.1,0.1
0.770482,-0.479703,0.664041,0.1,0.1,0.1
0.801850,0.662546,0.683724,0.1,0.1,0.1
1.044664,-0.454009,0.683724,0.1,0.1,0.1
1.086815,-0.530518,0.664041,0.1,0.1,0.1
0.996322,-0.520742,0.683724,0.1,0.1,0.1
0.625933,0.156158,0.512297,0.1,0.1,0.1
1.022819,0.595148,0.506162,0.1,0.1,0.1
0.863024,0.165440,0.204755,0.1,0.1,0.1
0.866219,0.153813,0.664041,0.1,0.1,0.1
0.836519,0.674458,0.487644,0.1,0.1,0.1
1.078495,0.385804,0.312704,0.1,0.1,0.1
0.643464,-0.152857,0.189769,0.1,0.1,0.1
1.170851,-0.662488,0.617709,0.1,0.1,0.1
1.223410,-0.550288,0.683724,0.1,0.1,0.1
0.845964,-0.064614,0.664041,0.1,0.1,0.1
0.746447,-0.111992,0.512297,0.1,0.1,0.1
1.080228,0.094669,0.185072,0.1,0.1,0.1
1.103662,-0.223388,0.512297,0.1,0.1,0.1
0.934264,-0.068488,0.632330,0.1,0.1,0.1
1.089855,0.319208,0.270591,0.1,0.1,0.1
1.112284,0.187714,0.569816,0.1,0.1,0.1
1.124270,0.117449,0.339917,0.1,0.1,0.1
1.226754,-0.483370,0.325226,0.1,0.1,0.1
0.630422,0.369368,0.512297,0.1,0.1,0.1
0.798723,-0.613833,0.664041,0.1,0.1,0.1
1.140374,0.023036,0.267588,0.1,0.1,0.1
1.194172,-0.292355,0.360986,0.1,0.1,0.1
1.200137,-0.527162,0.512297,0.1,0.1,0.1
1.047467,-0.670724,0.683724,0.1,0.1,0.1
1.112740,-0.662416,0.670611,0.1,0.1,0.1
1.134356,0.058317,0.268547,0.1,0.1,0.1
0.855386,-0.697264,0.512297,0.1,0.1,0.1
0.718036,0.654247,0.288437,0.1,0.1,0.1
1.089092,-0.000900,0.512297,0.1,0.1,0.1
0.799786,-0.201044,0.185072,0.1,0.1,0.1
0.920186,0.042086,0.664041,0.1,0.1,0.1
0.964493,0.347168,0.512297,0.1,0.1,0.1
1.022129,0.599194,0.531272,0.1,0.1,0.1
1.043217,-0.243174,0.512297,0.1,0.1,0.1
1.054682,0.525411,0.075585,0.1,0.1,0.1
0.742148,-0.101258,0.297655,0.1,0.1,0.1
1.237172,-0.641191,0.648485,0.1,0.1,0.1
1.076286,0.281695,0.209332,0.1,0.1,0.1
1.024389,0.287435,0.512297,0.1,0.1,0.1
0.792887,-0.233759,0.512297,0.1,0.1,0.1
0.900187,-0.128286,0.683724,0.1,0.1,0.1
0.594050,0.451043,0.204755,0.1,0.1,0.1
0.929523,-0.626895,0.683724,0.1,0.1,0.1
0.854860,0.051739,0.683724,0.1,0.1,0.1
1.149865,-0.032603,0.495912,0.1,0.1,0.1
0.888870,-0.154660,0.512297,0.1,0.1,0.1
1.162056,-0.104073,0.445393,0.1,0.1,0.1
0.863368,-0.081204,0.204755,0.1,0.1,0.1
0.696786,-0.073590,0.512297,0.1,0.1,0.1
0.613039,0.636337,0.441251,0.1,0.1,0.1
0.997957,0.053903,0.683724,0.1,0.1,0.1
1.139886,-0.091160,0.211983,0.1,0.1,0.1
0.759907,0.568090,0.204755,0.1,0.1,0.1
1.033144,-0.648006,0.204755,0.1,0.1,0.1
0.893811,-0.158015,0.683724,0.1,0.1,0.1
0.970072,0.061800,0.664041,0.1,0.1,0.1
0.652127,-0.116614,0.278480,0.1,0.1,0.1
1.122174,0.026501,0.664041,0.1,0.1,0.1
1.129533,-0.030466,0.521157,0.1,0.1,0.1
0.652664,0.567832,0.664041,0.1,0.1,0.1
0.981831,0.584088,0.512297,0.1,0.1,0.1
0.565650,0.608287,0.518542,0.1,0.1,0.1
0.860114,-0.695524,0.595440,0.1,0.1,0.1
1.109294,-0.232207,0.683724,0.1,0.1,0.1
1.104443,0.233684,0.375043,0.1,0.1,0.1
0.996760,-0.141980,0.512297,0.1,0.1,0.1
1.129387,0.087446,0.230845,0.1,0.1,0.1
1.196216,-0.421399,0.242942,0.1,0.1,0.1
1.038648,-0.033024,0.512297,0.1,0.1,0.1
1.125894,-0.132155,0.664041,0.1,0.1,0.1
1.227209,-0.486034,0.275035,0.1,0.1,0.1
1.164453,-0.122013,0.000000,0.1,0.1,0.1
0.705075,-0.332194,0.683724,0.1,0.1,0.1
1.140465,-0.616506,0.512297,0.1,0.1,0.1
0.801450,0.335822,0.185072,0.1,0.1,0.1
1.128317,0.093724,0.559388,0.1,0.1,0.1
0.989310,-0.059099,0.269865,0.1,0.1,0.1
0.957643,0.144641,0.204755,0.1,0.1,0.1
0.792134,-0.343161,0.512297,0.1,0.1,0.1
0.655818,0.139817,0.512297,0.1,0.1,0.1
1.134563,-0.034322,0.607025,0.1,0.1,0.1
0.824256,0.571260,0.683724,0.1,0.1,0.1
1.170565,-0.332512,0.204755,0.1,0.1,0.1
0.961948,0.675885,0.653240,0.1,0.1,0.1
0.603971,0.423994,0.512297,0.1,0.1,0.1
0.809237,-0.704202,0.322859,0.1,0.1,0.1
1.148742,-0.427902,0.664041,0.1,0.1,0.1
0.857168,0.677980,0.516321,0.1,0.1,0.1
1.235318,-0.651491,0.552412,0.1,0.1,0.1
0.817950,-0.447926,0.185072,0.1,0.1,0.1
1.174868,-0.474875,0.683724,0.1,0.1,0.1
0.859604,0.225244,0.204755,0.1,0.1,0.1
0.565758,0.566050,0.512297,0.1,0.1,0.1
1.248811,-0.612677,0.433731,0.1,0.1,0.1
0.735107,-0.563826,0.512297,0.1,0.1,0.1
1.083994,0.353566,0.039292,0.1,0.1,0.1
0.839439,-0.414400,0.512297,0.1,0.1,0.1
1.134846,-0.517363,0.512297,0.1,0.1,0.1
0.839675,-0.004300,0.683724,0.1,0.1,0.1
1.010253,-0.130634,0.512297,0.1,0.1,0.1
0.831107,-0.468658,0.204755,0.1,0.1,0.1
0.889725,-0.674955,0.512297,0.1,0.1,0.1
0.620252,0.392361,0.683724,0.1,0.1,0.1
0.865006,-0.127021,0.512297,0.1,0.1,0.1
1.086558,0.338537,0.608463,0.1,0.1,0.1
1.015857,-0.157153,0.512297,0.1,0.1,0.1
1.115993,-0.037490,0.448696,0.1,0.1,0.1
0.893774,-0.278329,0.185072,0.1,0.1,0.1
0.648209,0.530866,0.664041,0.1,0.1,0.1
0.817051,0.671137,0.435537,0.1,0.1,0.1
0.557532,0.350921,0.671920,0.1,0.1,0.1
0.668579,0.106179,0.185072,0.1,0.1,0.1
0.918545,0.688449,0.488443,0.1,0.1,0.1
0.573314,0.507187,0.512297,0.1,0.1,0.1
0.706753,0.014365,0.683724,0.1,0.1,0.1
1.233737,-0.524305,0.477068,0.1,0.1,0.1
0.707689,0.264258,0.512297,0.1,0.1,0.1
1.007971,0.283034,0.683724,0.1,0.1,0.1
0.798038,-0.091725,0.512648,0.1,0.1,0.1
0.904916,0.172249,0.683724,0.1,0.1,0.1
0.783185,-0.011284,0.204755,0.1,0.1,0.1
0.832533,0.664604,0.185072,0.1,0.1,0.1
0.745874,0.658996,0.370977,0.1,0.1,0.1
0.787597,-0.144921,0.512297,0.1,0.1,0.1
0.790510,0.028037,0.204755,0.1,0.1,0.1
1.084084,0.231515,0.512297,0.1,0.1,0.1
0.979999,0.470866,0.664041,0.1,0.1,0.1
0.867597,0.301602,0.185072,0.1,0.1,0.1
1.187701,-0.371478,0.521932,0.1,0.1,0.1
0.823528,-0.108948,0.683724,0.1,0.1,0.1
0.564974,0.369975,0.512297,0.1,0.1,0.1
1.190870,-0.331526,0.664902,0.1,0.1,0.1
1.020752,-0.053736,0.600408,0.1,0.1,0.1
1.153291,-0.665483,0.423612,0.1,0.1,0.1
1.216278,-0.421953,0.490713,0.1,0.1,0.1
0.882493,0.633941,0.204755,0.1,0.1,0.1
1.094385,0.292651,0.279785,0.1,0.1,0.1
1.015283,0.684983,0.392048,0.1,0.1,0.1
1.200877,-0.358318,0.000000,0.1,0.1,0.1
0.913190,-0.465983,0.204755,0.1,0.1,0.1
0.775754,-0.729881,0.529882,0.1,0.1,0.1
0.657785,-0.115649,0.290482,0.1,0.1,0.1
1.073865,0.412949,0.602348,0.1,0.1,0.1
0.730565,-0.663488,0.670311,0.1,0.1,0.1
1.055052,0.523241,0.232420,0.1,0.1,0.1
1.122978,0.125023,0.463838,0.1,0.1,0.1
1.014940,0.641336,0.538768,0.1,0.1,0.1
0.592511,0.164258,0.512297,0.1,0.1,0.1
1.083252,-0.236205,0.683724,0.1,0.1,0.1
0.613169,0.496031,0.512297,0.1,0.1,0.1
0.756844,0.640900,0.496300,0.1,0.1,0.1
0.931562,-0.163674,0.512297,0.1,0.1,0.1
0.797159,0.110711,0.512297,0.1,0.1,0.1
1.117214,0.158816,0.323535,0.1,0.1,0.1
0.823722,0.672275,0.234167,0.1,0.1,0.1
0.731550,0.436318,0.204755,0.1,0.1,0.1
1.078336,-0.435634,0.512297,0.1,0.1,0.1
0.807887,-0.013365,0.512297,0.1,0.1,0.1
0.765117,0.662278,0.234273,0.1,0.1,0.1
0.827862,-0.335898,0.204755,0.1,0.1,0.1
0.783598,0.097868,0.185072,0.1,0.1,0.1
0.814240,0.101341,0.512297,0.1,0.1,0.1
0.788870,-0.727644,0.576820,0.1,0.1,0.1
1.040206,0.610275,0.484963,0.1,0.1,0.1
1.113873,0.178400,0.403175,0.1,0.1,0.1
0.787495,-0.346263,0.512297,0.1,0.1,0.1
0.811159,-0.656523,0.512297,0.1,0.1,0.1
0.946368,0.111575,0.683724,0.1,0.1,0.1
1.047888,0.448178,0.270080,0.1,0.1,0.1
1.213550,-0.523019,0.176944,0.1,0.1,0.1
0.776792,0.452070,0.512297,0.1,0.1,0.1
0.845084,-0.589725,0.512297,0.1,0.1,0.1
1.136443,-0.658373,0.192283,0.1,0.1,0.1
0.786801,-0.634604,0.664041,0.1,0.1,0.1
1.116344,0.046856,0.480132,0.1,0.1,0.1
1.034804,-0.061565,0.664041,0.1,0.1,0.1
1.234022,-0.635330,0.204755,0.1,0.1,0.1
0.898141,-0.429594,0.683724,0.1,0.1,0.1
0.747947,0.594983,0.683724,0.1,0.1,0.1
1.250747,-0.638876,0.081157,0.1,0.1,0.1
0.867927,-0.707764,0.185072,0.1,0.1,0.1
1.141479,-0.100501,0.272445,0.1,0.1,0.1
0.802076,-0.705424,0.544210,0.1,0.1,0.1
0.544517,0.465072,0.683724,0.1,0.1,0.1
1.059991,-0.633007,0.512297,0.1,0.1,0.1
0.941825,-0.067199,0.578427,0.1,0.1,0.1
1.140380,-0.094060,0.137759,0.1,0.1,0.1
1.073298,-0.422171,0.512297,0.1,0.1,0.1
0.762838,-0.097729,0.522613,0.1,0.1,0.1
0.973486,0.056674,0.683724,0.1,0.1,0.1
0.664532,-0.011288,0.512297,0.1,0.1,0.1
0.598552,0.613899,0.335503,0.1,0.1,0.1
0.621378,0.637760,0.450172,0.1,0.1,0.1
0.764764,-0.409349,0.664041,0.1,0.1,0.1
0.832570,-0.720190,0.271010,0.1,0.1,0.1
1.074548,0.274938,0.204755,0.1,0.1,0.1
1.140057,-0.539469,0.683724,0.1,0.1,0.1
1.236161,-0.538516,0.594085,0.1,0.1,0.1
0.696615,0.377280,0.204755,0.1,0.1,0.1
1.230822,-0.507219,0.059080,0.1,0.1,0.1
1.218798,-0.506250,0.673882,0.1,0.1,0.1
0.834859,-0.321040,0.512297,0.1,0.1,0.1
1.062486,0.479660,0.207670,0.1,0.1,0.1
0.936175,-0.682550,0.411359,0.1,0.1,0.1
0.549751,0.497393,0.664041,0.1,0.1,0.1
0.654145,-0.200741,0.204755,0.1,0.1,0.1
0.933230,-0.585097,0.512297,0.1,0.1,0.1
0.807754,-0.704455,0.245531,0.1,0.1,0.1
0.898689,-0.405552,0.512297,0.1,0.1,0.1
0.628917,0.639046,0.507334,0.1,0.1,0.1
0.753858,0.640390,0.432650,0.1,0.1,0.1
0.829944,0.465613,0.664041,0.1,0.1,0.1
0.866592,0.641462,0.512297,0.1,0.1,0.1
1.092739,0.302298,0.004161,0.1,0.1,0.1
0.707165,-0.107226,0.585401,0.1,0.1,0.1
0.514755,0.619573,0.317242,0.1,0.1,0.1
0.964468,-0.220214,0.512297,0.1,0.1,0.1
1.108340,-0.600107,0.204755,0.1,0.1,0.1
0.851199,-0.628253,0.185072,0.1,0.1,0.1
0.802235,-0.091009,0.305411,0.1,0.1,0.1
1.069826,0.295278,0.512297,0.1,0.1,0.1
1.051905,0.339179,0.512297,0.1,0.1,0.1
0.827075,0.672847,0.522564,0.1,0.1,0.1
0.740420,-0.608980,0.512297,0.1,0.1,0.1
0.712718,-0.448560,0.512297,0.1,0.1,0.1
1.063056,-0.471969,0.185072,0.1,0.1,0.1
0.669476,0.048695,0.512297,0.1,0.1,0.1
1.021365,0.603674,0.158603,0.1,0.1,0.1
1.220399,-0.563171,0.401817,0.1,0.1,0.1
1.183748,-0.231246,0.484182,0.1,0.1,0.1
0.805202,-0.607515,0.512297,0.1,0.1,0.1
0.834557,-0.701468,0.512297,0.1,0.1,0.1
0.895221,-0.186848,0.185072,0.1,0.1,0.1
0.914834,0.204236,0.512297,0.1,0.1,0.1
1.003254,0.020902,0.664041,0.1,0.1,0.1
1.193916,-0.290856,0.515116,0.1,0.1,0.1
0.562304,0.449001,0.512297,0.1,0.1,0.1
1.183784,-0.398179,0.185072,0.1,0.1,0.1
0.579754,0.337607,0.185072,0.1,0.1,0.1
0.763611,-0.347720,0.512297,0.1,0.1,0.1
0.749036,-0.701323,0.512297,0.1,0.1,0.1
1.022545,0.696205,0.016961,0.1,0.1,0.1
0.736346,-0.328429,0.512297,0.1,0.1,0.1
1.188253,-0.257654,0.271881,0.1,0.1,0.1
0.940049,0.038448,0.512297,0.1,0.1,0.1
0.816202,0.588930,0.512297,0.1,0.1,0.1
1.137003,-0.074258,0.646501,0.1,0.1,0.1
0.867726,-0.079838,0.620813,0.1,0.1,0.1
1.134665,0.056507,0.190315,0.1,0.1,0.1
0.890548,-0.218717,0.204755,0.1,0.1,0.1
0.889480,-0.520855,0.512297,0.1,0.1,0.1
1.057586,0.193894,0.185072,0.1,0.1,0.1
0.647755,0.225973,0.512297,0.1,0.1,0.1
0.999393,0.138603,0.204755,0.1,0.1,0.1
1.068281,-0.679983,0.274545,0.1,0.1,0.1
1.023513,-0.165916,0.185072,0.1,0.1,0.1
0.915132,-0.508286,0.185072,0.1,0.1,0.1
0.712554,-0.389297,0.204755,0.1,0.1,0.1
0.942754,-0.472758,0.683724,0.1,0.1,0.1
0.928419,0.184505,0.664041,0.1,0.1,0.1
1.111325,-0.672641,0.360292,0.1,0.1,0.1
0.574702,0.609831,0.406488,0.1,0.1,0.1
0.986875,0.018229,0.204755,0.1,0.1,0.1
1.202989,-0.344048,0.214886,0.1,0.1,0.1
0.554021,0.434197,0.683724,0.1,0.1,0.1
1.015552,-0.124500,0.204755,0.1,0.1,0.1
0.792357,0.408424,0.185072,0.1,0.1,0.1
1.159916,-0.150058,0.672944,0.1,0.1,0.1
1.019078,-0.668409,0.647825,0.1,0.1,0.1
0.752237,-0.575168,0.204755,0.1,0.1,0.1
0.796439,0.647653,0.368962,0.1,0.1,0.1
0.787960,0.666175,0.665545,0.1,0.1,0.1
0.716934,-0.105559,0.407044,0.1,0.1,0.1
1.208091,-0.373955,0.136158,0.1,0.1,0.1
0.973188,0.697770,0.475488,0.1,0.1,0.1
0.918839,-0.454583,0.664041,0.1,0.1,0.1
0.812335,0.648850,0.512297,0.1,0.1,0.1
0.523047,0.581664,0.185072,0.1,0.1,0.1
1.195516,-0.300235,0.601201,0.1,0.1,0.1
0.785710,0.410128,0.664041,0.1,0.1,0.1
1.082088,-0.657661,0.477022,0.1,0.1,0.1
0.886553,0.422183,0.512297,0.1,0.1,0.1
1.063623,0.355934,0.395097,0.1,0.1,0.1
0.663530,0.086517,0.683724,0.1,0.1,0.1
1.099468,-0.674664,0.399715,0.1,0.1,0.1
1.006212,0.683435,0.294405,0.1,0.1,0.1
0.926710,0.672703,0.683724,0.1,0.1,0.1
0.979196,-0.318881,0.204755,0.1,0.1,0.1
1.142635,0.009783,0.096685,0.1,0.1,0.1
1.062112,0.056122,0.683724,0.1,0.1,0.1
0.707937,-0.502003,0.664041,0.1,0.1,0.1
0.525307,0.552696,0.683724,0.1,0.1,0.1
1.186793,-0.366154,0.540882,0.1,0.1,0.1
0.717862,-0.505548,0.512297,0.1,0.1,0.1
1.060063,0.493861,0.348910,0.1,0.1,0.1
0.946851,-0.658395,0.204755,0.1,0.1,0.1
0.992327,0.681067,0.610400,0.1,0.1,0.1
1.077727,0.208292,0.683724,0.1,0.1,0.1
0.731246,-0.343551,0.512297,0.1,0.1,0.1
1.182051,-0.535972,0.664041,0.1,0.1,0.1
1.057638,-0.047444,0.520843,0.1,0.1,0.1
0.842805,-0.549761,0.683724,0.1,0.1,0.1
0.729308,-0.634523,0.185072,0.1,0.1,0.1
0.804815,-0.090569,0.534428,0.1,0.1,0.1
0.788724,0.007344,0.512297,0.1,0.1,0.1
1.237462,-0.546143,0.139583,0.1,0.1,0.1
1.068838,-0.549232,0.185072,0.1,0.1,0.1
1.161561,-0.605755,0.204755,0.1,0.1,0.1
1.174166,-0.537790,0.204755,0.1,0.1,0.1
1.007817,0.683099,0.172190,0.1,0.1,0.1
0.826197,-0.675464,0.204755,0.1,0.1,0.1
0.603546,0.346372,0.683724,0.1,0.1,0.1
0.806791,-0.123842,0.512297,0.1,0.1,0.1
0.952652,0.008229,0.185072,0.1,0.1,0.1
0.681195,0.556752,0.512297,0.1,0.1,0.1
0.928417,-0.181520,0.683724,0.1,0.1,0.1
1.156124,-0.186356,0.541383,0.1,0.1,0.1
0.760538,-0.324652,0.664041,0.1,0.1,0.1
0.898854,-0.321877,0.204755,0.1,0.1,0.1
1.141537,-0.100839,0.169226,0.1,0.1,0.1
1.041192,0.487435,0.135861,0.1,0.1,0.1
1.172832,-0.284306,0.607645,0.1,0.1,0.1
1.023559,0.506768,0.204755,0.1,0.1,0.1
1.075428,-0.489982,0.204755,0.1,0.1,0.1
0.767164,-0.605491,0.512297,0.1,0.1,0.1
0.866079,0.557668,0.512297,0.1,0.1,0.1
0.949228,0.470713,0.683724,0.1,0.1,0.1
1.067959,-0.660071,0.222137,0.1,0.1,0.1
1.241302,-0.568659,0.559366,0.1,0.1,0.1
0.797838,0.667860,0.509808,0.1,0.1,0.1
0.731620,0.636597,0.254245,0.1,0.1,0.1
0.965322,0.349692,0.664041,0.1,0.1,0.1
0.707546,0.004011,0.683724,0.1,0.1,0.1
0.597210,0.592676,0.204755,0.1,0.1,0.1
1.196084,-0.420621,0.616691,0.1,0.1,0.1
1.054566,0.117676,0.185072,0.1,0.1,0.1
1.006790,-0.283337,0.664041,0.1,0.1,0.1
1.083964,0.236681,0.154351,0.1,0.1,0.1
1.110616,0.080432,0.477743,0.1,0.1,0.1
0.813734,0.590740,0.204755,0.1,0.1,0.1
0.757001,-0.582532,0.512297,0.1,0.1,0.1
0.729139,-0.534117,0.512297,0.1,0.1,0.1
0.849199,-0.697386,0.611207,0.1,0.1,0.1
0.789374,-0.093203,0.421799,0.1,0.1,0.1
0.852172,-0.360658,0.512297,0.1,0.1,0.1
0.650241,-0.114658,0.185072,0.1,0.1,0.1
1.043189,0.475725,0.284305,0.1,0.1,0.1
0.697018,-0.238434,0.185072,0.1,0.1,0.1
1.237857,-0.619883,0.683724,0.1,0.1,0.1
0.704221,0.284368,0.204755,0.1,0.1,0.1
0.894799,-0.629822,0.185072,0.1,0.1,0.1
0.713399,0.633489,0.339975,0.1,0.1,0.1
1.077136,0.393770,0.459818,0.1,0.1,0.1
0.779897,-0.709207,0.514855,0.1,0.1,0.1
1.142178,-0.050556,0.683724,0.1,0.1,0.1
0.725291,-0.375709,0.664041,0.1,0.1,0.1
0.792810,-0.151832,0.664041,0.1,0.1,0.1
0.870489,0.680252,0.580514,0.1,0.1,0.1
0.854813,-0.423360,0.185072,0.1,0.1,0.1
1.216362,-0.617179,0.204755,0.1,0.1,0.1
1.042476,-0.050030,0.204442,0.1,0.1,0.1
0.982429,0.313248,0.512297,0.1,0.1,0.1
0.595580,0.633359,0.483039,0.1,0.1,0.1
1.050152,-0.683076,0.618555,0.1,0.1,0.1
1.140760,0.020776,0.418577,0.1,0.1,0.1
0.556011,0.433951,0.664041,0.1,0.1,0.1
1.122962,0.125116,0.570406,0.1,0.1,0.1
0.637800,-0.119650,0.194792,0.1,0.1,0.1
0.925020,0.112604,0.512297,0.1,0.1,0.1
0.882223,0.631417,0.683724,0.1,0.1,0.1
1.078504,-0.411366,0.204755,0.1,0.1,0.1
1.179501,-0.206346,0.085674,0.1,0.1,0.1
0.962890,-0.114738,0.512297,0.1,0.1,0.1
1.032871,0.243985,0.664041,0.1,0.1,0.1
0.968833,-0.624878,0.664041,0.1,0.1,0.1
1.128965,-0.649665,0.540377,0.1,0.1,0.1
0.938076,0.569432,0.185072,0.1,0.1,0.1
1.073143,-0.679154,0.486312,0.1,0.1,0.1
0.789708,-0.715778,0.204755,0.1,0.1,0.1
1.058409,0.386499,0.242789,0.1,0.1,0.1
1.145590,-0.007544,0.247370,0.1,0.1,0.1
0.923083,-0.432634,0.683724,0.1,0.1,0.1
1.085217,-0.605426,0.512297,0.1,0.1,0.1
0.863475,0.659088,0.497466,0.1,0.1,0.1
1.249284,-0.618057,0.673882,0.1,0.1,0.1
0.837064,-0.699641,0.683724,0.1,0.1,0.1
0.801199,-0.246419,0.185072,0.1,0.1,0.1
0.800673,-0.705663,0.287562,0.1,0.1,0.1
1.211184,-0.392088,0.463562,0.1,0.1,0.1
0.997894,0.425112,0.512297,0.1,0.1,0.1
0.542849,0.604397,0.323398,0.1,0.1,0.1
1.088050,0.265837,0.000000,0.1,0.1,0.1
1.062987,-0.429137,0.512297,0.1,0.1,0.1
0.769533,-0.245407,0.664041,0.1,0.1,0.1
0.967896,0.217150,0.512297,0.1,0.1,0.1
1.045257,-0.049556,0.376196,0.1,0.1,0.1
1.014170,-0.138292,0.204755,0.1,0.1,0.1
1.052770,-0.097186,0.204755,0.1,0.1,0.1
1.182048,-0.394423,0.664041,0.1,0.1,0.1
0.800767,-0.705647,0.632006,0.1,0.1,0.1
1.026772,0.571970,0.510876,0.1,0.1,0.1
1.221533,-0.452759,0.075113,0.1,0.1,0.1
0.720030,-0.551504,0.204755,0.1,0.1,0.1
0.949535,-0.033804,0.204755,0.1,0.1,0.1
0.719669,0.392345,0.185072,0.1,0.1,0.1
1.105573,0.227061,0.635788,0.1,0.1,0.1
0.729109,0.294274,0.185072,0.1,0.1,0.1
1.033080,0.534991,0.600742,0.1,0.1,0.1
1.094199,0.176678,0.235070,0.1,0.1,0.1
1.023709,0.589927,0.562979,0.1,0.1,0.1
0.823820,-0.087327,0.616216,0.1,0.1,0.1
0.923755,-0.388580,0.664041,0.1,0.1,0.1
0.628099,-0.062779,0.199677,0.1,0.1,0.1
1.137598,-0.447259,0.204755,0.1,0.1,0.1
1.233549,-0.640264,0.426160,0.1,0.1,0.1
1.031751,-0.024478,0.664041,0.1,0.1,0.1
1.096115,0.003970,0.185072,0.1,0.1,0.1
1.143349,0.003105,0.000000,0.1,0.1,0.1
0.561099,0.627478,0.578803,0.1,0.1,0.1
0.904600,0.398379,0.512297,0.1,0.1,0.1
1.093005,-0.598528,0.512297,0.1,0.1,0.1
0.586353,0.276243,0.185072,0.1,0.1,0.1
1.193707,-0.289629,0.360994,0.1,0.1,0.1
0.765358,-0.731654,0.341072,0.1,0.1,0.1
0.729908,0.120970,0.512297,0.1,0.1,0.1
0.803660,-0.090766,0.488169,0.1,0.1,0.1
0.724529,-0.229625,0.512297,0.1,0.1,0.1
0.965304,0.551818,0.683724,0.1,0.1,0.1
0.762762,0.207821,0.204755,0.1,0.1,0.1
0.621203,0.637730,0.404603,0.1,0.1,0.1
1.238630,-0.552992,0.075189,0.1,0.1,0.1
0.599413,0.396506,0.683724,0.1,0.1,0.1
1.153879,-0.173198,0.300538,0.1,0.1,0.1
1.105174,0.229400,0.587726,0.1,0.1,0.1
0.801596,-0.446402,0.185072,0.1,0.1,0.1
1.023904,0.531095,0.512297,0.1,0.1,0.1
0.785213,-0.388460,0.204755,0.1,0.1,0.1
0.888918,0.305156,0.683724,0.1,0.1,0.1
0.692964,-0.443055,0.198224,0.1,0.1,0.1
1.232941,-0.636701,0.485227,0.1,0.1,0.1
0.631374,0.639465,0.567308,0.1,0.1,0.1
0.939839,0.355226,0.683724,0.1,0.1,0.1
0.994570,-0.548401,0.204755,0.1,0.1,0.1
0.815444,-0.723111,0.509421,0.1,0.1,0.1
0.813902,-0.089019,0.505513,0.1,0.1,0.1
1.075746,-0.604416,0.683724,0.1,0.1,0.1
1.152307,-0.163979,0.146837,0.1,0.1,0.1
0.637812,0.161169,0.204755,0.1,0.1,0.1
1.084423,0.351052,0.567753,0.1,0.1,0.1
0.856740,0.258100,0.512297,0.1,0.1,0.1
1.186296,-0.363243,0.609491,0.1,0.1,0.1
0.724514,0.655352,0.467131,0.1,0.1,0.1
0.787538,0.648342,0.683724,0.1,0.1,0.1
0.840031,-0.278419,0.185072,0.1,0.1,0.1
0.887891,-0.076398,0.186741,0.1,0.1,0.1
1.011381,0.684317,0.436018,0.1,0.1,0.1
0.961776,-0.063795,0.200854,0.1,0.1,0.1
0.922683,0.669188,0.485751,0.1,0.1,0.1
0.895051,0.386139,0.185072,0.1,0.1,0.1
0.781428,0.352199,0.185072,0.1,0.1,0.1
1.056333,0.515731,0.299651,0.1,0.1,0.1
1.072888,0.418676,0.294585,0.1,0.1,0.1
0.601274,0.416772,0.683724,0.1,0.1,0.1
0.620126,0.563822,0.185072,0.1,0.1,0.1
1.038106,-0.665163,0.239958,0.1,0.1,0.1
0.733162,-0.235797,0.185072,0.1,0.1,0.1
1.233966,-0.525647,0.274597,0.1,0.1,0.1
1.210984,-0.635674,0.537533,0.1,0.1,0.1
0.514265,0.604578,0.296416,0.1,0.1,0.1
1.009525,-0.474832,0.664041,0.1,0.1,0.1
1.049778,-0.559387,0.185072,0.1,0.1,0.1
1.025149,0.581485,0.565596,0.1,0.1,0.1
0.824018,-0.718482,0.185072,0.1,0.1,0.1
0.553337,0.606186,0.296947,0.1,0.1,0.1
0.960517,-0.615684,0.664041,0.1,0.1,0.1
0.647013,0.258341,0.683724,0.1,0.1,0.1
1.035626,0.637128,0.519323,0.1,0.1,0.1
0.767780,-0.096886,0.490912,0.1,0.1,0.1
1.127143,0.100607,0.253263,0.1,0.1,0.1
1.004957,-0.113550,0.512297,0.1,0.1,0.1
1.195310,-0.299027,0.322886,0.1,0.1,0.1
0.788563,0.552603,0.204755,0.1,0.1,0.1
0.995984,-0.672348,0.546190,0.1,0.1,0.1
0.785030,-0.093944,0.411879,0.1,0.1,0.1
1.015165,0.640019,0.098883,0.1,0.1,0.1
0.719932,-0.217101,0.664041,0.1,0.1,0.1
0.992954,0.701141,0.638623,0.1,0.1,0.1
0.935879,-0.259736,0.185072,0.1,0.1,0.1
0.942840,-0.293475,0.512297,0.1,0.1,0.1
0.894166,0.664323,0.302407,0.1,0.1,0.1
0.554868,0.606448,0.606785,0.1,0.1,0.1
0.636209,0.630306,0.676239,0.1,0.1,0.1
0.832577,0.653818,0.234307,0.1,0.1,0.1
1.112578,-0.038072,0.428038,0.1,0.1,0.1
0.785498,0.300723,0.664041,0.1,0.1,0.1
0.685667,-0.283948,0.204755,0.1,0.1,0.1
0.722395,-0.238202,0.512297,0.1,0.1,0.1
1.203961,-0.349743,0.006050,0.1,0.1,0.1
0.901251,0.665532,0.225623,0.1,0.1,0.1
0.742212,-0.101247,0.596386,0.1,0.1,0.1
0.657173,0.452914,0.683724,0.1,0.1,0.1
1.066274,-0.056596,0.683724,0.1,0.1,0.1
0.872092,-0.535854,0.512297,0.1,0.1,0.1
0.798281,0.252705,0.512297,0.1,0.1,0.1
0.762087,0.148525,0.664041,0.1,0.1,0.1
0.888263,0.017712,0.683724,0.1,0.1,0.1
0.615356,0.414175,0.683724,0.1,0.1,0.1
0.781066,-0.728975,0.254490,0.1,0.1,0.1
0.765635,0.642399,0.556186,0.1,0.1,0.1
0.702593,0.269084,0.204755,0.1,0.1,0.1
1.245079,-0.649326,0.658319,0.1,0.1,0.1
1.088714,0.175681,0.512297,0.1,0.1,0.1
1.072117,-0.669345,0.193045,0.1,0.1,0.1
0.741745,0.271872,0.512297,0.1,0.1,0.1
0.800082,-0.621751,0.512297,0.1,0.1,0.1
0.774913,0.266157,0.512297,0.1,0.1,0.1
0.766278,0.645129,0.664041,0.1,0.1,0.1
0.740609,-0.722371,0.418816,0.1,0.1,0.1
1.071398,-0.679452,0.331629,0.1,0.1,0.1
1.154556,-0.177165,0.578914,0.1,0.1,0.1
0.751044,0.659878,0.299983,0.1,0.1,0.1
0.965493,0.676490,0.525742,0.1,0.1,0.1
0.749582,-0.714378,0.537926,0.1,0.1,0.1
0.646838,-0.117516,0.489871,0.1,0.1,0.1
0.730591,0.656389,0.530641,0.1,0.1,0.1
1.098921,-0.106827,0.512297,0.1,0.1,0.1
1.081122,0.253344,0.646068,0.1,0.1,0.1
1.213092,-0.520337,0.552272,0.1,0.1,0.1
0.714101,-0.106043,0.518951,0.1,0.1,0.1
0.748435,-0.433005,0.512297,0.1,0.1,0.1
1.034998,0.640809,0.388591,0.1,0.1,0.1
1.193748,-0.658582,0.609841,0.1,0.1,0.1
0.799589,-0.116673,0.185072,0.1,0.1,0.1
1.025394,-0.052944,0.505594,0.1,0.1,0.1
0.797341,0.127376,0.664041,0.1,0.1,0.1
0.844143,-0.205174,0.512297,0.1,0.1,0.1
1.008481,-0.402487,0.683724,0.1,0.1,0.1
1.181765,-0.640659,0.672230,0.1,0.1,0.1
1.040787,0.489808,0.217518,0.1,0.1,0.1
1.090907,-0.656157,0.455980,0.1,0.1,0.1
0.949320,-0.526438,0.664041,0.1,0.1,0.1
0.954463,-0.065043,0.282738,0.1,0.1,0.1
1.077929,0.003998,0.683724,0.1,0.1,0.1
0.927113,-0.684096,0.667325,0.1,0.1,0.1
0.964450,0.696279,0.398895,0.1,0.1,0.1
1.024124,-0.666599,0.204755,0.1,0.1,0.1
0.867715,-0.694228,0.466237,0.1,0.1,0.1
1.024295,0.696504,0.038054,0.1,0.1,0.1
1.022410,0.696182,0.593424,0.1,0.1,0.1
0.861308,-0.476976,0.512297,0.1,0.1,0.1
0.850695,0.328398,0.664041,0.1,0.1,0.1
1.112183,0.071247,0.495079,0.1,0.1,0.1
0.778524,-0.095054,0.492015,0.1,0.1,0.1
0.660676,0.644463,0.261863,0.1,0.1,0.1
0.628143,-0.061760,0.185072,0.1,0.1,0.1
0.745926,0.447166,0.683724,0.1,0.1,0.1
0.704244,0.200660,0.683724,0.1,0.1,0.1
1.154926,-0.179336,0.007832,0.1,0.1,0.1
0.949562,-0.680267,0.362168,0.1,0.1,0.1
0.897769,-0.709068,0.610209,0.1,0.1,0.1
0.820577,-0.381380,0.683724,0.1,0.1,0.1
1.057240,-0.239577,0.512297,0.1,0.1,0.1
0.994670,0.566047,0.683724,0.1,0.1,0.1
1.134284,-0.034370,0.405106,0.1,0.1,0.1
1.005752,-0.495434,0.512297,0.1,0.1,0.1
0.833864,-0.678060,0.512297,0.1,0.1,0.1
0.817239,-0.384571,0.512297,0.1,0.1,0.1
0.680260,0.256870,0.185072,0.1,0.1,0.1
0.729865,-0.621976,0.512297,0.1,0.1,0.1
1.058805,0.501236,0.013849,0.1,0.1,0.1
0.712917,0.653374,0.660088,0.1,0.1,0.1
1.234507,-0.528822,0.135802,0.1,0.1,0.1
1.123117,-0.326160,0.512297,0.1,0.1,0.1
0.779826,0.374224,0.204755,0.1,0.1,0.1
0.654900,0.231658,0.512297,0.1,0.1,0.1
1.008458,0.680928,0.185072,0.1,0.1,0.1
0.745565,-0.303200,0.683724,0.1,0.1,0.1
0.514353,0.604062,0.626202,0.1,0.1,0.1
0.839543,-0.661761,0.683724,0.1,0.1,0.1
1.213370,-0.568955,0.185072,0.1,0.1,0.1
0.827284,-0.400665,0.683724,0.1,0.1,0.1
1.120725,0.138233,0.059288,0.1,0.1,0.1
0.647894,-0.117336,0.625184,0.1,0.1,0.1
0.980513,0.243382,0.683724,0.1,0.1,0.1
0.769626,-0.096571,0.368283,0.1,0.1,0.1
1.150851,-0.155444,0.135406,0.1,0.1,0.1
1.162199,-0.221971,0.570049,0.1,0.1,0.1
0.739165,-0.670797,0.664041,0.1,0.1,0.1
0.892298,0.310671,0.512297,0.1,0.1,0.1
0.901507,0.438554,0.683724,0.1,0.1,0.1
1.125170,-0.004886,0.294712,0.1,0.1,0.1
0.634999,0.436159,0.683724,0.1,0.1,0.1
0.549980,0.605614,0.602644,0.1,0.1,0.1
0.905782,0.666305,0.618104,0.1,0.1,0.1
1.147023,-0.441956,0.683724,0.1,0.1,0.1
0.808875,-0.546695,0.664041,0.1,0.1,0.1
0.741827,-0.720118,0.512297,0.1,0.1,0.1
1.047466,-0.049179,0.656241,0.1,0.1,0.1
1.030751,0.548646,0.306498,0.1,0.1,0.1
1.134064,-0.034407,0.453786,0.1,0.1,0.1
0.685150,-0.289266,0.185072,0.1,0.1,0.1
1.019305,0.378443,0.185072,0.1,0.1,0.1
1.226910,-0.484283,0.353996,0.1,0.1,0.1
0.759756,0.147430,0.664041,0.1,0.1,0.1
1.154693,-0.060911,0.074898,0.1,0.1,0.1
0.797182,0.000404,0.204755,0.1,0.1,0.1
0.575256,0.546563,0.204755,0.1,0.1,0.1
0.541726,0.443587,0.196934,0.1,0.1,0.1
0.889450,-0.118875,0.683724,0.1,0.1,0.1
1.055322,-0.682194,0.187120,0.1,0.1,0.1
1.083299,-0.436133,0.664041,0.1,0.1,0.1
0.920322,0.295500,0.512297,0.1,0.1,0.1
0.965465,0.259835,0.204755,0.1,0.1,0.1
1.131066,0.077605,0.069596,0.1,0.1,0.1
0.662619,-0.048228,0.664041,0.1,0.1,0.1
1.219668,-0.441826,0.282765,0.1,0.1,0.1
0.686586,0.628915,0.617000,0.1,0.1,0.1
1.037309,0.627257,0.605543,0.1,0.1,0.1
0.819352,0.623299,0.512297,0.1,0.1,0.1
1.188731,-0.377519,0.522543,0.1,0.1,0.1
1.100744,0.004499,0.204755,0.1,0.1,0.1
0.844114,-0.104339,0.204755,0.1,0.1,0.1
0.902278,0.159429,0.512297,0.1,0.1,0.1
0.861922,-0.080828,0.549441,0.1,0.1,0.1
1.063179,-0.016008,0.664041,0.1,0.1,0.1
1.009914,0.670804,0.169904,0.1,0.1,0.1
0.618759,0.617346,0.272440,0.1,0.1,0.1
1.091127,0.311748,0.521197,0.1,0.1,0.1
0.845899,-0.717916,0.338962,0.1,0.1,0.1
1.072599,0.303312,0.197820,0.1,0.1,0.1
0.806238,-0.370457,0.185072,0.1,0.1,0.1
0.902731,-0.356286,0.185072,0.1,0.1,0.1
0.912713,0.568314,0.185072,0.1,0.1,0.1
1.009628,0.703986,0.522277,0.1,0.1,0.1
0.689876,-0.069498,0.185072,0.1,0.1,0.1
1.036769,-0.051003,0.411702,0.1,0.1,0.1
1.206060,-0.656482,0.247372,0.1,0.1,0.1
0.769226,-0.720019,0.683724,0.1,0.1,0.1
0.831508,-0.086016,0.461630,0.1,0.1,0.1
0.739772,0.217896,0.204755,0.1,0.1,0.1
0.798384,-0.726021,0.265642,0.1,0.1,0.1
0.906634,-0.687589,0.302646,0.1,0.1,0.1
1.080392,-0.395580,0.512297,0.1,0.1,0.1
0.737758,0.657611,0.408251,0.1,0.1,0.1
0.708699,-0.203136,0.185072,0.1,0.1,0.1
0.599262,0.633987,0.512966,0.1,0.1,0.1
0.669589,-0.180838,0.512297,0.1,0.1,0.1
1.073556,0.414763,0.056414,0.1,0.1,0.1
0.783537,-0.094199,0.618739,0.1,0.1,0.1
1.081596,0.250564,0.478601,0.1,0.1,0.1
0.993153,0.701175,0.294948,0.1,0.1,0.1
0.620521,0.408208,0.185072,0.1,0.1,0.1
0.914436,-0.071870,0.504102,0.1,0.1,0.1
0.768918,-0.131418,0.512297,0.1,0.1,0.1
1.050497,0.549944,0.463775,0.1,0.1,0.1
1.153743,-0.055337,0.001879,0.1,0.1,0.1
0.795200,0.234562,0.185072,0.1,0.1,0.1
1.137585,-0.631390,0.683724,0.1,0.1,0.1
0.833662,0.411455,0.664041,0.1,0.1,0.1
0.646101,0.165533,0.512297,0.1,0.1,0.1
0.884760,0.562259,0.185072,0.1,0.1,0.1
0.982409,-0.150307,0.683724,0.1,0.1,0.1
1.118906,0.031832,0.624886,0.1,0.1,0.1
0.678849,0.279045,0.664041,0.1,0.1,0.1
1.115081,-0.037645,0.660554,0.1,0.1,0.1
0.784823,0.038320,0.683724,0.1,0.1,0.1
1.120495,-0.609189,0.185072,0.1,0.1,0.1
0.702886,-0.229914,0.185072,0.1,0.1,0.1
0.797600,0.093826,0.204755,0.1,0.1,0.1
0.876277,-0.461338,0.664041,0.1,0.1,0.1
0.738829,-0.528766,0.204755,0.1,0.1,0.1
1.162922,-0.226208,0.085603,0.1,0.1,0.1
0.805003,0.649114,0.518727,0.1,0.1,0.1
0.748153,0.245186,0.683724,0.1,0.1,0.1
1.180411,-0.328742,0.453417,0.1,0.1,0.1
0.759910,-0.712616,0.427675,0.1,0.1,0.1
1.235423,-0.641489,0.650493,0.1,0.1,0.1
0.854644,0.449888,0.185072,0.1,0.1,0.1
0.840757,-0.495995,0.204755,0.1,0.1,0.1
1.111094,0.100166,0.204755,0.1,0.1,0.1
0.925722,-0.260815,0.185072,0.1,0.1,0.1
1.173818,-0.173030,0.059472,0.1,0.1,0.1
1.088784,0.208426,0.017043,0.1,0.1,0.1
1.037687,0.179552,0.512297,0.1,0.1,0.1
0.718278,-0.416774,0.204755,0.1,0.1,0.1
0.844904,-0.698119,0.587375,0.1,0.1,0.1
1.177325,-0.310648,0.623836,0.1,0.1,0.1
0.986484,-0.571557,0.185072,0.1,0.1,0.1
1.017781,0.624683,0.137963,0.1,0.1,0.1
1.042206,-0.684431,0.297074,0.1,0.1,0.1
0.913025,-0.137942,0.204755,0.1,0.1,0.1
1.059194,0.381899,0.191810,0.1,0.1,0.1
1.041057,-0.517377,0.204755,0.1,0.1,0.1
1.174590,-0.294615,0.540549,0.1,0.1,0.1
0.653930,0.563043,0.664041,0.1,0.1,0.1
1.126811,-0.670000,0.332330,0.1,0.1,0.1
0.807050,0.277650,0.683724,0.1,0.1,0.1
0.925461,-0.704345,0.279882,0.1,0.1,0.1
1.210216,-0.503475,0.502654,0.1,0.1,0.1
1.203734,-0.554928,0.683724,0.1,0.1,0.1
0.884480,0.682638,0.399105,0.1,0.1,0.1
1.195538,-0.300362,0.523113,0.1,0.1,0.1
0.856767,0.225137,0.683724,0.1,0.1,0.1
1.242671,-0.650237,0.270000,0.1,0.1,0.1
0.949579,0.507182,0.512297,0.1,0.1,0.1
1.041889,0.043213,0.512297,0.1,0.1,0.1
1.209136,-0.380085,0.331133,0.1,0.1,0.1
0.754669,-0.591836,0.204755,0.1,0.1,0.1
1.098029,-0.040554,0.363458,0.1,0.1,0.1
0.839328,0.674937,0.274324,0.1,0.1,0.1
1.206999,-0.367552,0.227729,0.1,0.1,0.1
1.157193,-0.646265,0.683724,0.1,0.1,0.1
1.218459,-0.434741,0.110017,0.1,0.1,0.1
0.923240,0.669283,0.568379,0.1,0.1,0.1
1.216679,-0.541363,0.034313,0.1,0.1,0.1
1.111810,0.073433,0.493020,0.1,0.1,0.1
0.777354,-0.392254,0.683724,0.1,0.1,0.1
0.857289,-0.353368,0.683724,0.1,0.1,0.1
0.725707,-0.470884,0.512297,0.1,0.1,0.1
1.045695,0.066586,0.683724,0.1,0.1,0.1
1.163008,-0.109654,0.660512,0.1,0.1,0.1
0.750609,-0.734170,0.251269,0.1,0.1,0.1
1.232547,-0.634388,0.326269,0.1,0.1,0.1
1.077763,-0.044011,0.197498,0.1,0.1,0.1
0.827712,-0.024599,0.664041,0.1,0.1,0.1
0.914011,-0.303554,0.512297,0.1,0.1,0.1
1.072322,0.421996,0.422178,0.1,0.1,0.1
1.110707,0.079899,0.436181,0.1,0.1,0.1
0.660960,-0.138350,0.664041,0.1,0.1,0.1
0.833359,-0.461825,0.683724,0.1,0.1,0.1
0.966511,-0.697343,0.294570,0.1,0.1,0.1
0.696722,0.323804,0.664041,0.1,0.1,0.1
0.780535,-0.321480,0.512297,0.1,0.1,0.1
1.127873,-0.020733,0.617346,0.1,0.1,0.1
1.126634,-0.013473,0.170287,0.1,0.1,0.1
1.200947,-0.449132,0.553482,0.1,0.1,0.1
1.180756,-0.449076,0.185072,0.1,0.1,0.1
0.649336,0.430701,0.204755,0.1,0.1,0.1
1.149529,-0.030634,0.565941,0.1,0.1,0.1
1.100331,0.140730,0.151287,0.1,0.1,0.1
1.034109,-0.051457,0.284520,0.1,0.1,0.1
0.898951,-0.074512,0.274852,0.1,0.1,0.1
1.144427,-0.000727,0.046663,0.1,0.1,0.1
0.853944,-0.082078,0.512297,0.1,0.1,0.1
0.664870,0.272342,0.204755,0.1,0.1,0.1
0.981855,-0.674758,0.226985,0.1,0.1,0.1
0.562790,0.533546,0.185072,0.1,0.1,0.1
0.789644,0.428436,0.512297,0.1,0.1,0.1
1.189167,-0.263012,0.258659,0.1,0.1,0.1
0.854745,0.441270,0.204755,0.1,0.1,0.1
0.801486,0.668482,0.673126,0.1,0.1,0.1
0.837464,0.508798,0.185072,0.1,0.1,0.1
1.208920,-0.439017,0.673882,0.1,0.1,0.1
0.946221,-0.056587,0.683724,0.1,0.1,0.1
0.993848,0.400522,0.204755,0.1,0.1,0.1
0.696513,0.619988,0.204755,0.1,0.1,0.1
0.801659,0.395538,0.512297,0.1,0.1,0.1
0.747799,-0.713651,0.683724,0.1,0.1,0.1
1.078842,-0.043827,0.197096,0.1,0.1,0.1
1.105262,0.111826,0.395132,0.1,0.1,0.1
0.826408,0.672733,0.276586,0.1,0.1,0.1
1.077659,-0.202293,0.664041,0.1,0.1,0.1
1.110211,0.199869,0.218794,0.1,0.1,0.1
1.082657,0.244343,0.415843,0.1,0.1,0.1
1.013137,0.122352,0.664041,0.1,0.1,0.1
0.805902,-0.704771,0.240501,0.1,0.1,0.1
0.701956,0.056125,0.185072,0.1,0.1,0.1
1.014300,-0.072627,0.683724,0.1,0.1,0.1
1.132338,0.070150,0.590255,0.1,0.1,0.1
0.724714,-0.516447,0.204755,0.1,0.1,0.1
1.092550,0.303406,0.485129,0.1,0.1,0.1
0.885587,-0.267784,0.683724,0.1,0.1,0.1
1.203684,-0.465180,0.617565,0.1,0.1,0.1
1.006502,0.156031,0.185072,0.1,0.1,0.1
0.910809,-0.686877,0.208116,0.1,0.1,0.1
1.008788,0.400947,0.512297,0.1,0.1,0.1
1.172950,-0.662130,0.637078,0.1,0.1,0.1
1.089770,0.202646,0.440317,0.1,0.1,0.1
0.844610,-0.083781,0.608227,0.1,0.1,0.1
0.710405,-0.323232,0.683724,0.1,0.1,0.1
0.700759,0.641317,0.674592,0.1,0.1,0.1
1.066599,0.455546,0.537971,0.1,0.1,0.1
1.099371,-0.125703,0.512297,0.1,0.1,0.1
1.030259,0.668589,0.642008,0.1,0.1,0.1
0.951790,0.328934,0.185072,0.1,0.1,0.1
0.576770,0.359388,0.683724,0.1,0.1,0.1
0.835327,0.546805,0.664041,0.1,0.1,0.1
1.089315,0.210452,0.185072,0.1,0.1,0.1
0.918597,-0.656966,0.664041,0.1,0.1,0.1
0.962471,0.064219,0.204755,0.1,0.1,0.1
0.848169,0.676445,0.538224,0.1,0.1,0.1
0.892959,-0.689922,0.236780,0.1,0.1,0.1
0.933056,0.425759,0.683724,0.1,0.1,0.1
0.853253,-0.132536,0.512297,0.1,0.1,0.1
0.791384,0.402096,0.204755,0.1,0.1,0.1
0.789416,-0.001744,0.683724,0.1,0.1,0.1
0.798431,-0.644121,0.664041,0.1,0.1,0.1
1.062827,-0.660946,0.635081,0.1,0.1,0.1
0.913953,-0.025233,0.664041,0.1,0.1,0.1
1.170290,-0.269404,0.429830,0.1,0.1,0.1
0.784882,0.584587,0.512297,0.1,0.1,0.1
0.521060,0.601499,0.512297,0.1,0.1,0.1
0.689514,0.551902,0.664041,0.1,0.1,0.1
0.585555,0.353236,0.512297,0.1,0.1,0.1
0.950816,0.693954,0.423815,0.1,0.1,0.1
0.810965,0.623297,0.204755,0.1,0.1,0.1
0.707410,0.652435,0.240381,0.1,0.1,0.1
1.128452,-0.024131,0.449340,0.1,0.1,0.1
0.906912,0.666497,0.273928,0.1,0.1,0.1
0.766811,-0.586987,0.664041,0.1,0.1,0.1
1.144265,-0.583626,0.512297,0.1,0.1,0.1
0.892797,0.343339,0.512297,0.1,0.1,0.1
0.932377,0.550396,0.512297,0.1,0.1,0.1
0.821418,-0.087737,0.533216,0.1,0.1,0.1
0.749862,-0.222277,0.683724,0.1,0.1,0.1
1.056631,0.396925,0.439549,0.1,0.1,0.1
1.047619,-0.003700,0.185072,0.1,0.1,0.1
1.162761,-0.225266,0.265924,0.1,0.1,0.1
0.856924,0.677938,0.224243,0.1,0.1,0.1
1.119718,0.073277,0.204755,0.1,0.1,0.1
1.059336,-0.296425,0.204755,0.1,0.1,0.1
0.571199,0.609233,0.274355,0.1,0.1,0.1
0.701382,0.374737,0.683724,0.1,0.1,0.1
1.035721,-0.057484,0.683724,0.1,0.1,0.1
0.849504,0.496082,0.664041,0.1,0.1,0.1
1.222841,-0.577490,0.554266,0.1,0.1,0.1
1.006150,0.683425,0.356227,0.1,0.1,0.1
0.955160,-0.579166,0.683724,0.1,0.1,0.1
0.775782,0.616694,0.683724,0.1,0.1,0.1
1.124259,0.000451,0.028005,0.1,0.1,0.1
1.025787,0.577750,0.219553,0.1,0.1,0.1
1.143064,0.007269,0.246616,0.1,0.1,0.1
1.057782,0.390178,0.022462,0.1,0.1,0.1
0.616630,0.394887,0.512297,0.1,0.1,0.1
1.015213,-0.334042,0.185072,0.1,0.1,0.1
0.921699,-0.463628,0.683724,0.1,0.1,0.1
1.044371,0.226826,0.204755,0.1,0.1,0.1
1.168303,-0.140697,0.076435,0.1,0.1,0.1
1.033986,0.424717,0.683724,0.1,0.1,0.1
0.572068,0.629349,0.356268,0.1,0.1,0.1
1.036510,-0.665435,0.594290,0.1,0.1,0.1
0.896004,0.664637,0.220904,0.1,0.1,0.1
1.227780,-0.489383,0.327692,0.1,0.1,0.1
1.158781,-0.664546,0.406807,0.1,0.1,0.1
1.187467,-0.326031,0.512297,0.1,0.1,0.1
1.085795,0.225948,0.261374,0.1,0.1,0.1
0.943336,0.692678,0.226711,0.1,0.1,0.1
1.202632,-0.513771,0.512297,0.1,0.1,0.1
0.662404,0.486678,0.664041,0.1,0.1,0.1
0.960855,-0.603560,0.664041,0.1,0.1,0.1
0.542164,0.604281,0.289835,0.1,0.1,0.1
0.931817,-0.638177,0.683724,0.1,0.1,0.1
0.515565,0.599743,0.588437,0.1,0.1,0.1
1.220472,-0.654024,0.528210,0.1,0.1,0.1
0.988997,-0.639634,0.204755,0.1,0.1,0.1
0.684612,0.628579,0.301422,0.1,0.1,0.1
0.917461,0.243239,0.512297,0.1,0.1,0.1
1.201360,-0.451557,0.445648,0.1,0.1,0.1
0.977565,-0.478161,0.512297,0.1,0.1,0.1
1.220151,-0.634111,0.454044,0.1,0.1,0.1
0.878410,-0.711880,0.683724,0.1,0.1,0.1
0.909397,0.495151,0.185072,0.1,0.1,0.1
1.098461,0.268754,0.083374,0.1,0.1,0.1
0.668002,-0.296714,0.203857,0.1,0.1,0.1
1.237656,-0.636294,0.512297,0.1,0.1,0.1
0.746623,-0.244970,0.683724,0.1,0.1,0.1
1.074194,-0.668991,0.668462,0.1,0.1,0.1
0.782478,-0.691687,0.512297,0.1,0.1,0.1
0.512076,0.617406,0.265935,0.1,0.1,0.1
0.561805,0.425932,0.512297,0.1,0.1,0.1
0.892853,-0.134111,0.185072,0.1,0.1,0.1
0.711993,-0.554608,0.198706,0.1,0.1,0.1
1.151805,-0.043978,0.579639,0.1,0.1,0.1
1.109386,-0.435237,0.512297,0.1,0.1,0.1
0.668261,0.578148,0.512297,0.1,0.1,0.1
1.179609,-0.376264,0.512297,0.1,0.1,0.1
1.192297,-0.638862,0.663537,0.1,0.1,0.1
1.158607,-0.200913,0.447027,0.1,0.1,0.1
1.057233,0.510454,0.274566,0.1,0.1,0.1
1.044807,0.543326,0.673882,0.1,0.1,0.1
0.910596,-0.350616,0.512297,0.1,0.1,0.1
0.831203,-0.585844,0.512297,0.1,0.1,0.1
1.041664,-0.684524,0.441594,0.1,0.1,0.1
0.737987,0.508264,0.512297,0.1,0.1,0.1
1.065002,0.054557,0.512297,0.1,0.1,0.1
1.234396,-0.651648,0.425349,0.1,0.1,0.1
1.040484,0.608646,0.261426,0.1,0.1,0.1
0.598967,0.546311,0.204755,0.1,0.1,0.1
0.528728,0.621956,0.448107,0.1,0.1,0.1
0.702213,-0.108070,0.546217,0.1,0.1,0.1
1.089543,0.067131,0.512297,0.1,0.1,0.1
1.021765,-0.559386,0.512297,0.1,0.1,0.1
0.882856,-0.623872,0.664041,0.1,0.1,0.1
0.760432,0.399150,0.512297,0.1,0.1,0.1
1.152173,-0.469604,0.204755,0.1,0.1,0.1
0.719485,-0.053003,0.204755,0.1,0.1,0.1
1.060681,0.141672,0.185072,0.1,0.1,0.1
0.983152,0.234560,0.512297,0.1,0.1,0.1
0.688621,0.116870,0.664041,0.1,0.1,0.1
1.034085,0.646158,0.072737,0.1,0.1,0.1
0.605734,0.349148,0.185072,0.1,0.1,0.1
0.805485,0.649197,0.518936,0.1,0.1,0.1
1.194237,-0.292739,0.325841,0.1,0.1,0.1
0.749781,-0.734311,0.392258,0.1,0.1,0.1
0.707878,-0.437483,0.204755,0.1,0.1,0.1
1.143547,-0.183975,0.512297,0.1,0.1,0.1
0.649164,-0.117119,0.490425,0.1,0.1,0.1
1.058120,-0.047362,0.436217,0.1,0.1,0.1
0.752684,-0.099461,0.308677,0.1,0.1,0.1
1.183768,-0.348419,0.626475,0.1,0.1,0.1
0.969247,-0.313806,0.185072,0.1,0.1,0.1
0.599650,0.605724,0.204755,0.1,0.1,0.1
1.133522,-0.053851,0.008431,0.1,0.1,0.1
0.883249,-0.276955,0.664041,0.1,0.1,0.1
0.979770,0.678925,0.642638,0.1,0.1,0.1
1.192739,-0.401016,0.363093,0.1,0.1,0.1
0.777587,0.173794,0.185072,0.1,0.1,0.1
1.024683,-0.478709,0.512297,0.1,0.1,0.1
0.899214,-0.074467,0.368102,0.1,0.1,0.1
0.992983,-0.212116,0.512297,0.1,0.1,0.1
0.809206,0.381023,0.204755,0.1,0.1,0.1
0.997583,0.175579,0.512297,0.1,0.1,0.1
0.999650,0.030861,0.512297,0.1,0.1,0.1
1.045000,-0.387693,0.204755,0.1,0.1,0.1
0.938356,0.485450,0.512297,0.1,0.1,0.1
0.846891,0.214552,0.683724,0.1,0.1,0.1
0.842805,0.675530,0.578445,0.1,0.1,0.1
1.059391,0.497801,0.255376,0.1,0.1,0.1
1.033056,0.473105,0.683724,0.1,0.1,0.1
0.868376,-0.360271,0.185072,0.1,0.1,0.1
0.847429,-0.083300,0.453228,0.1,0.1,0.1
0.941638,0.174617,0.512297,0.1,0.1,0.1
1.196977,-0.308798,0.283631,0.1,0.1,0.1
0.712781,0.653351,0.617237,0.1,0.1,0.1
0.793395,-0.302859,0.185072,0.1,0.1,0.1
0.990629,-0.058874,0.613603,0.1,0.1,0.1
0.940824,-0.067369,0.469825,0.1,0.1,0.1
0.973803,-0.061744,0.275480,0.1,0.1,0.1
0.863322,-0.575039,0.683724,0.1,0.1,0.1
0.843132,-0.012550,0.512297,0.1,0.1,0.1
1.249194,-0.614921,0.609628,0.1,0.1,0.1
1.182179,-0.222048,0.001908,0.1,0.1,0.1
1.088429,-0.574116,0.664041,0.1,0.1,0.1
1.138545,-0.374952,0.512297,0.1,0.1,0.1
0.726238,-0.442809,0.512297,0.1,0.1,0.1
1.181045,-0.278402,0.204755,0.1,0.1,0.1
1.181642,-0.432169,0.204755,0.1,0.1,0.1
1.132336,-0.046902,0.291296,0.1,0.1,0.1
1.051582,0.227616,0.664041,0.1,0.1,0.1
1.112376,0.187177,0.275050,0.1,0.1,0.1
1.192417,-0.399127,0.090026,0.1,0.1,0.1
0.792432,-0.187181,0.204755,0.1,0.1,0.1
0.980832,0.079014,0.683724,0.1,0.1,0.1
1.182996,-0.343897,0.136443,0.1,0.1,0.1
1.128874,-0.436317,0.664041,0.1,0.1,0.1
1.175103,-0.297624,0.661977,0.1,0.1,0.1
1.065651,0.344041,0.155421,0.1,0.1,0.1
0.840994,-0.084398,0.408475,0.1,0.1,0.1
0.840052,-0.084559,0.480422,0.1,0.1,0.1
0.872490,-0.251921,0.683724,0.1,0.1,0.1
1.053483,-0.662540,0.468749,0.1,0.1,0.1
1.088787,0.219487,0.512297,0.1,0.1,0.1
1.037709,0.624915,0.006991,0.1,0.1,0.1
0.964556,0.676330,0.621241,0.1,0.1,0.1
0.970505,-0.005820,0.512297,0.1,0.1,0.1
0.627163,0.622934,0.204755,0.1,0.1,0.1
0.753736,-0.099282,0.534805,0.1,0.1,0.1
1.054329,0.410422,0.378420,0.1,0.1,0.1
1.126034,-0.009956,0.422778,0.1,0.1,0.1
1.061621,0.245571,0.185072,0.1,0.1,0.1
1.221021,-0.566818,0.391945,0.1,0.1,0.1
0.849256,0.107777,0.512297,0.1,0.1,0.1
0.768988,0.493059,0.204755,0.1,0.1,0.1
1.112045,-0.672518,0.669411,0.1,0.1,0.1
0.869199,-0.693974,0.557576,0.1,0.1,0.1
1.058652,0.502134,0.304009,0.1,0.1,0.1
0.995298,0.701541,0.482611,0.1,0.1,0.1
1.090217,0.317082,0.325792,0.1,0.1,0.1
0.848245,-0.717516,0.200199,0.1,0.1,0.1
1.092339,-0.675880,0.679149,0.1,0.1,0.1
0.702059,-0.136069,0.185072,0.1,0.1,0.1
0.950497,0.681435,0.185072,0.1,0.1,0.1
0.926707,0.522420,0.512297,0.1,0.1,0.1
0.885187,-0.711215,0.585479,0.1,0.1,0.1
0.714864,-0.571443,0.203538,0.1,0.1,0.1
1.163251,-0.395399,0.185072,0.1,0.1,0.1
0.825442,0.135265,0.664041,0.1,0.1,0.1
0.651731,-0.116681,0.570823,0.1,0.1,0.1
0.676366,-0.244976,0.683724,0.1,0.1,0.1
1.007197,-0.567947,0.204755,0.1,0.1,0.1
0.804835,-0.176159,0.185072,0.1,0.1,0.1
0.715579,-0.105790,0.473450,0.1,0.1,0.1
0.758439,-0.712867,0.509634,0.1,0.1,0.1
0.755394,0.061302,0.664041,0.1,0.1,0.1
1.023053,-0.279404,0.683724,0.1,0.1,0.1
1.084040,0.236238,0.146673,0.1,0.1,0.1
0.659093,0.624226,0.292779,0.1,0.1,0.1
0.982212,0.065589,0.664041,0.1,0.1,0.1
0.833152,-0.094936,0.664041,0.1,0.1,0.1
1.106112,-0.039175,0.645702,0.1,0.1,0.1
1.149330,-0.513718,0.683724,0.1,0.1,0.1
0.645877,-0.142690,0.683724,0.1,0.1,0.1
0.878081,0.074358,0.664041,0.1,0.1,0.1
1.018579,0.555675,0.512297,0.1,0.1,0.1
0.790790,-0.092961,0.424130,0.1,0.1,0.1
0.903477,-0.073740,0.460873,0.1,0.1,0.1
1.039387,0.434158,0.683724,0.1,0.1,0.1
1.096351,-0.021961,0.185072,0.1,0.1,0.1
0.861709,-0.080864,0.680269,0.1,0.1,0.1
0.738228,-0.083880,0.512297,0.1,0.1,0.1
0.870364,0.168199,0.512297,0.1,0.1,0.1
0.745799,0.431382,0.204755,0.1,0.1,0.1
0.813306,-0.723476,0.390554,0.1,0.1,0.1
0.666435,0.265901,0.664041,0.1,0.1,0.1
0.712409,-0.419689,0.683724,0.1,0.1,0.1
1.092098,0.188997,0.036889,0.1,0.1,0.1
1.074480,-0.044571,0.435745,0.1,0.1,0.1
0.646298,-0.161143,0.185072,0.1,0.1,0.1
0.760211,-0.277498,0.204755,0.1,0.1,0.1
0.963587,-0.415472,0.512297,0.1,0.1,0.1
0.951577,-0.462411,0.664041,0.1,0.1,0.1
0.862460,-0.080736,0.517443,0.1,0.1,0.1
0.594959,0.623270,0.666606,0.1,0.1,0.1
0.597167,0.124985,0.664041,0.1,0.1,0.1
0.914927,-0.322963,0.185072,0.1,0.1,0.1
1.226729,-0.600283,0.211745,0.1,0.1,0.1
1.129533,-0.030469,0.171346,0.1,0.1,0.1
1.055887,-0.630166,0.204755,0.1,0.1,0.1
0.983793,0.067481,0.204755,0.1,0.1,0.1
1.149767,-0.115401,0.664041,0.1,0.1,0.1
1.177250,-0.582128,0.683724,0.1,0.1,0.1
1.086310,0.339990,0.567660,0.1,0.1,0.1
0.641718,0.116931,0.664041,0.1,0.1,0.1
1.109885,-0.652919,0.508232,0.1,0.1,0.1
0.979698,-0.060738,0.595210,0.1,0.1,0.1
0.719278,-0.351077,0.683724,0.1,0.1,0.1
0.719893,-0.112391,0.512297,0.1,0.1,0.1
1.223676,-0.465324,0.422616,0.1,0.1,0.1
0.851381,0.423846,0.185072,0.1,0.1,0.1
0.871151,-0.540466,0.185072,0.1,0.1,0.1
0.891328,-0.077733,0.512297,0.1,0.1,0.1
1.043236,0.077900,0.512297,0.1,0.1,0.1
1.123780,0.061788,0.201932,0.1,0.1,0.1
0.731256,0.636535,0.237397,0.1,0.1,0.1
0.659961,0.407503,0.204755,0.1,0.1,0.1
0.781709,0.352347,0.683724,0.1,0.1,0.1
1.141059,-0.453400,0.204755,0.1,0.1,0.1
1.105725,-0.173141,0.204755,0.1,0.1,0.1
0.835440,0.654306,0.606533,0.1,0.1,0.1
1.100401,0.140318,0.369623,0.1,0.1,0.1
1.033515,0.532441,0.504857,0.1,0.1,0.1
0.892462,-0.632068,0.204755,0.1,0.1,0.1
1.161180,-0.098937,0.320624,0.1,0.1,0.1
0.918273,0.668435,0.298480,0.1,0.1,0.1
1.017914,0.623904,0.660358,0.1,0.1,0.1
0.893211,-0.445625,0.204755,0.1,0.1,0.1
1.197027,-0.638055,0.303073,0.1,0.1,0.1
0.971598,-0.069660,0.664041,0.1,0.1,0.1
0.818238,-0.702667,0.612258,0.1,0.1,0.1
1.043442,0.474244,0.562692,0.1,0.1,0.1
0.782372,0.332048,0.664041,0.1,0.1,0.1
1.231106,-0.625943,0.605148,0.1,0.1,0.1
1.227073,-0.602300,0.611239,0.1,0.1,0.1
0.810554,0.650061,0.192900,0.1,0.1,0.1
1.013971,0.647019,0.263310,0.1,0.1,0.1
0.866897,0.106561,0.204755,0.1,0.1,0.1
1.057426,0.509322,0.581508,0.1,0.1,0.1
1.020423,-0.341960,0.512297,0.1,0.1,0.1
0.838939,-0.265454,0.512297,0.1,0.1,0.1
0.806971,0.369665,0.185072,0.1,0.1,0.1
0.901430,0.637059,0.512297,0.1,0.1,0.1
0.990117,-0.403667,0.664041,0.1,0.1,0.1
1.244832,-0.649868,0.520027,0.1,0.1,0.1
1.070993,0.291476,0.185072,0.1,0.1,0.1
1.156222,-0.069874,0.252645,0.1,0.1,0.1
1.012880,-0.646961,0.185072,0.1,0.1,0.1
0.963722,-0.234269,0.664041,0.1,0.1,0.1
0.882755,0.607831,0.185072,0.1,0.1,0.1
0.894881,-0.674474,0.204755,0.1,0.1,0.1
1.178291,-0.582436,0.683724,0.1,0.1,0.1
0.542209,0.440750,0.189709,0.1,0.1,0.1
1.021761,-0.579854,0.664041,0.1,0.1,0.1
1.037015,-0.523002,0.683724,0.1,0.1,0.1
0.926381,-0.101349,0.683724,0.1,0.1,0.1
1.076814,0.395660,0.008018,0.1,0.1,0.1
1.137954,-0.525433,0.512297,0.1,0.1,0.1
0.961584,-0.063828,0.366201,0.1,0.1,0.1
1.010001,0.694066,0.050503,0.1,0.1,0.1
1.120873,0.020300,0.383925,0.1,0.1,0.1
1.018374,-0.054141,0.422634,0.1,0.1,0.1
0.727971,-0.361384,0.683724,0.1,0.1,0.1
1.219786,-0.625274,0.683724,0.1,0.1,0.1
0.898575,-0.385698,0.185072,0.1,0.1,0.1
0.903500,0.685883,0.421391,0.1,0.1,0.1
1.024919,-0.053025,0.615070,0.1,0.1,0.1
0.713097,-0.437846,0.512297,0.1,0.1,0.1
0.726060,-0.027977,0.512297,0.1,0.1,0.1
0.939316,-0.439849,0.204755,0.1,0.1,0.1
0.952826,-0.659731,0.512297,0.1,0.1,0.1
0.972418,0.570744,0.683724,0.1,0.1,0.1
0.724356,-0.418955,0.512297,0.1,0.1,0.1
0.845838,0.216202,0.683724,0.1,0.1,0.1
1.074274,0.129679,0.512297,0.1,0.1,0.1
1.024818,-0.008773,0.683724,0.1,0.1,0.1
0.633967,0.248861,0.512297,0.1,0.1,0.1
0.965542,-0.697508,0.221317,0.1,0.1,0.1
1.224490,-0.653338,0.650588,0.1,0.1,0.1
0.896281,0.664684,0.457965,0.1,0.1,0.1
0.897063,0.684785,0.216191,0.1,0.1,0.1
0.724688,0.601945,0.512297,0.1,0.1,0.1
0.973068,-0.061869,0.285191,0.1,0.1,0.1
1.122946,0.119914,0.000000,0.1,0.1,0.1
0.825465,-0.087047,0.468924,0.1,0.1,0.1
1.100586,0.167538,0.664041,0.1,0.1,0.1
0.698726,-0.108665,0.566425,0.1,0.1,0.1
0.842902,0.409029,0.512297,0.1,0.1,0.1
0.869240,0.031380,0.204755,0.1,0.1,0.1
0.785716,-0.728182,0.543854,0.1,0.1,0.1
1.200281,-0.637500,0.465678,0.1,0.1,0.1
1.124264,0.058952,0.664646,0.1,0.1,0.1
0.525948,0.621482,0.427306,0.1,0.1,0.1
1.153114,-0.634035,0.512297,0.1,0.1,0.1
0.916591,0.307906,0.512297,0.1,0.1,0.1
1.049420,0.439201,0.619629,0.1,0.1,0.1
1.116428,-0.304806,0.204755,0.1,0.1,0.1
1.140301,-0.093592,0.012682,0.1,0.1,0.1
1.226062,-0.565180,0.664041,0.1,0.1,0.1
0.877553,0.327824,0.664041,0.1,0.1,0.1
0.730576,0.656386,0.334205,0.1,0.1,0.1
1.056500,0.216947,0.664041,0.1,0.1,0.1
1.090709,-0.237521,0.204755,0.1,0.1,0.1
1.088678,0.326109,0.186503,0.1,0.1,0.1
0.624102,0.638224,0.637023,0.1,0.1,0.1
0.941722,-0.701571,0.260453,0.1,0.1,0.1
1.086393,0.222443,0.669261,0.1,0.1,0.1
1.201335,-0.451410,0.640013,0.1,0.1,0.1
0.898058,0.684954,0.662549,0.1,0.1,0.1
0.959363,-0.064207,0.531617,0.1,0.1,0.1
0.722476,-0.398416,0.512297,0.1,0.1,0.1
1.209944,-0.518925,0.683724,0.1,0.1,0.1
0.515078,0.599810,0.564269,0.1,0.1,0.1
0.720619,0.634721,0.368459,0.1,0.1,0.1
0.627954,0.150390,0.512297,0.1,0.1,0.1
1.204208,-0.351192,0.666198,0.1,0.1,0.1
1.076845,0.278420,0.461255,0.1,0.1,0.1
1.068446,-0.200225,0.512297,0.1,0.1,0.1
0.652900,0.321258,0.204755,0.1,0.1,0.1
1.158720,-0.590821,0.512297,0.1,0.1,0.1
1.146459,-0.129694,0.039703,0.1,0.1,0.1
0.732750,0.656757,0.304430,0.1,0.1,0.1
1.073398,0.245726,0.512297,0.1,0.1,0.1
0.685527,0.457205,0.683724,0.1,0.1,0.1
1.033464,0.532743,0.569194,0.1,0.1,0.1
1.051984,0.199914,0.683724,0.1,0.1,0.1
0.715622,0.653836,0.581814,0.1,0.1,0.1
1.138050,-0.474098,0.185072,0.1,0.1,0.1
0.801606,-0.616140,0.683724,0.1,0.1,0.1
0.661705,0.488953,0.683724,0.1,0.1,0.1
0.543534,0.604514,0.544069,0.1,0.1,0.1
0.869710,0.156219,0.683724,0.1,0.1,0.1
1.026154,0.575596,0.426642,0.1,0.1,0.1
0.546747,0.625030,0.466904,0.1,0.1,0.1
0.994492,-0.226047,0.512297,0.1,0.1,0.1
1.213951,-0.408310,0.544162,0.1,0.1,0.1
0.864014,0.140813,0.512297,0.1,0.1,0.1
1.151579,-0.159712,0.364247,0.1,0.1,0.1
0.869406,0.234139,0.185072,0.1,0.1,0.1
0.894900,0.057723,0.512297,0.1,0.1,0.1
1.036756,0.630503,0.582760,0.1,0.1,0.1
1.238549,-0.552515,0.580997,0.1,0.1,0.1
0.895122,0.120961,0.512297,0.1,0.1,0.1
1.213312,-0.521624,0.210663,0.1,0.1,0.1
1.230507,-0.632344,0.421361,0.1,0.1,0.1
0.649380,0.197865,0.664041,0.1,0.1,0.1
1.114788,-0.550822,0.512297,0.1,0.1,0.1
0.726214,-0.424976,0.512297,0.1,0.1,0.1
0.523749,0.601139,0.667969,0.1,0.1,0.1
1.039976,-0.050456,0.629036,0.1,0.1,0.1
1.065932,-0.477665,0.512297,0.1,0.1,0.1
1.176750,-0.190217,0.315899,0.1,0.1,0.1
0.719913,0.654567,0.582559,0.1,0.1,0.1
1.046323,0.457356,0.228252,0.1,0.1,0.1
1.245116,-0.591018,0.134844,0.1,0.1,0.1
0.860300,-0.167844,0.683724,0.1,0.1,0.1
0.876576,0.142224,0.185072,0.1,0.1,0.1
0.790677,-0.613004,0.512297,0.1,0.1,0.1
1.008975,-0.055744,0.201788,0.1,0.1,0.1
0.962783,-0.053761,0.683724,0.1,0.1,0.1
0.696584,0.181841,0.204755,0.1,0.1,0.1
0.779386,0.361958,0.512297,0.1,0.1,0.1
0.836482,-0.594478,0.683724,0.1,0.1,0.1
0.868088,0.448296,0.664041,0.1,0.1,0.1
0.854617,-0.093642,0.512297,0.1,0.1,0.1
1.154650,-0.645284,0.526971,0.1,0.1,0.1
0.770557,-0.034929,0.204755,0.1,0.1,0.1
1.028839,-0.666744,0.371277,0.1,0.1,0.1
0.932289,0.420768,0.512297,0.1,0.1,0.1
0.870326,-0.713750,0.681267,0.1,0.1,0.1
1.191392,-0.393120,0.478482,0.1,0.1,0.1
1.082098,0.364682,0.669847,0.1,0.1,0.1
1.217434,-0.654542,0.245254,0.1,0.1,0.1
0.708124,0.241295,0.185072,0.1,0.1,0.1
1.027692,-0.278367,0.204755,0.1,0.1,0.1
0.950047,-0.347577,0.512297,0.1,0.1,0.1
0.881731,0.662202,0.233982,0.1,0.1,0.1
1.076355,0.398352,0.179520,0.1,0.1,0.1
1.143569,-0.507006,0.204755,0.1,0.1,0.1
0.953150,0.147892,0.512297,0.1,0.1,0.1
0.920070,-0.705264,0.423035,0.1,0.1,0.1
1.220326,-0.445682,0.134061,0.1,0.1,0.1
1.072219,-0.044957,0.674376,0.1,0.1,0.1
0.513813,0.607226,0.403482,0.1,0.1,0.1
0.862002,0.035749,0.664041,0.1,0.1,0.1
0.930002,0.517414,0.204755,0.1,0.1,0.1
0.660990,0.541040,0.204755,0.1,0.1,0.1
1.127070,0.101033,0.642164,0.1,0.1,0.1
0.667006,0.251534,0.204755,0.1,0.1,0.1
1.133580,-0.054193,0.273332,0.1,0.1,0.1
1.086625,0.279612,0.185982,0.1,0.1,0.1
0.772125,-0.143701,0.185072,0.1,0.1,0.1
1.130876,0.078718,0.484188,0.1,0.1,0.1
0.999523,0.560974,0.512297,0.1,0.1,0.1
0.998888,0.329353,0.683724,0.1,0.1,0.1
0.812164,-0.240966,0.512297,0.1,0.1,0.1
1.042054,0.319641,0.204755,0.1,0.1,0.1
0.864669,-0.027763,0.683724,0.1,0.1,0.1
0.760460,-0.732490,0.645887,0.1,0.1,0.1
1.008264,-0.015650,0.512297,0.1,0.1,0.1
0.692459,-0.276953,0.664041,0.1,0.1,0.1
0.911264,-0.706766,0.596374,0.1,0.1,0.1
0.956757,0.493519,0.683724,0.1,0.1,0.1
1.233316,-0.521837,0.569263,0.1,0.1,0.1
0.904139,-0.472132,0.512297,0.1,0.1,0.1
1.037825,-0.070999,0.204755,0.1,0.1,0.1
0.576551,0.436071,0.185072,0.1,0.1,0.1
1.044976,0.465251,0.236402,0.1,0.1,0.1
0.734976,-0.064974,0.664041,0.1,0.1,0.1
0.751360,-0.714075,0.333349,0.1,0.1,0.1
1.114296,-0.373857,0.664041,0.1,0.1,0.1
0.635899,-0.108504,0.667450,0.1,0.1,0.1
0.963770,-0.666037,0.683724,0.1,0.1,0.1
1.222085,-0.573057,0.103886,0.1,0.1,0.1
0.839331,-0.341629,0.204755,0.1,0.1,0.1
0.846368,0.656170,0.309478,0.1,0.1,0.1
0.910863,0.512970,0.664041,0.1,0.1,0.1
0.650466,-0.116897,0.240165,0.1,0.1,0.1
1.097809,-0.115809,0.185072,0.1,0.1,0.1
1.135635,0.050818,0.294504,0.1,0.1,0.1
1.073948,0.412464,0.568168,0.1,0.1,0.1
1.179076,-0.299013,0.673882,0.1,0.1,0.1
0.796314,-0.706407,0.529109,0.1,0.1,0.1
1.040499,0.608559,0.612507,0.1,0.1,0.1
1.139669,0.027173,0.533361,0.1,0.1,0.1
1.041581,-0.548981,0.664041,0.1,0.1,0.1
0.700029,0.500524,0.512297,0.1,0.1,0.1
0.794998,0.398090,0.664041,0.1,0.1,0.1
0.915028,-0.071770,0.597387,0.1,0.1,0.1
1.107957,-0.376153,0.185072,0.1,0.1,0.1
0.759769,-0.172845,0.512297,0.1,0.1,0.1
1.096903,-0.041222,0.204755,0.1,0.1,0.1
1.112446,-0.331694,0.185072,0.1,0.1,0.1
0.597079,0.308196,0.683724,0.1,0.1,0.1
1.085270,0.346088,0.656079,0.1,0.1,0.1
0.759198,-0.005117,0.512297,0.1,0.1,0.1
0.799935,0.469590,0.204755,0.1,0.1,0.1
0.660283,-0.164105,0.683724,0.1,0.1,0.1
0.929124,-0.353867,0.512297,0.1,0.1,0.1
1.066675,0.121140,0.185072,0.1,0.1,0.1
1.040195,-0.201500,0.683724,0.1,0.1,0.1
1.050316,0.433948,0.037197,0.1,0.1,0.1
0.843314,0.070239,0.185072,0.1,0.1,0.1
0.588021,0.612103,0.568483,0.1,0.1,0.1
0.786383,-0.657994,0.204755,0.1,0.1,0.1
0.931543,-0.703307,0.423931,0.1,0.1,0.1
0.787444,-0.707920,0.283487,0.1,0.1,0.1
0.913117,-0.686483,0.197321,0.1,0.1,0.1
0.901927,-0.074004,0.491254,0.1,0.1,0.1
0.915863,-0.071627,0.379052,0.1,0.1,0.1
0.863870,0.133333,0.512297,0.1,0.1,0.1
0.724915,-0.330687,0.512297,0.1,0.1,0.1
1.224425,-0.586774,0.314867,0.1,0.1,0.1
1.045384,-0.049534,0.402071,0.1,0.1,0.1
0.923443,0.689285,0.551777,0.1,0.1,0.1
0.893697,-0.412445,0.204755,0.1,0.1,0.1
1.099507,0.262621,0.168788,0.1,0.1,0.1
1.119118,-0.532647,0.664041,0.1,0.1,0.1
0.849060,0.276901,0.512297,0.1,0.1,0.1
0.793595,-0.119174,0.185072,0.1,0.1,0.1
1.063365,-0.680822,0.380364,0.1,0.1,0.1
1.033034,-0.405586,0.664041,0.1,0.1,0.1
0.899591,-0.229634,0.204755,0.1,0.1,0.1
1.079043,-0.658180,0.263825,0.1,0.1,0.1
0.783760,-0.728516,0.429405,0.1,0.1,0.1
0.933569,-0.682995,0.260654,0.1,0.1,0.1
0.782299,-0.094410,0.208135,0.1,0.1,0.1
0.847828,-0.492411,0.664041,0.1,0.1,0.1
0.625898,0.384837,0.664041,0.1,0.1,0.1
1.145572,-0.193160,0.185072,0.1,0.1,0.1
0.952493,0.694240,0.580627,0.1,0.1,0.1
0.630862,0.542907,0.664041,0.1,0.1,0.1
0.816572,-0.283586,0.204755,0.1,0.1,0.1
1.184897,-0.559333,0.512297,0.1,0.1,0.1
0.824181,-0.709417,0.512297,0.1,0.1,0.1
0.877348,-0.481967,0.683724,0.1,0.1,0.1
0.850605,0.656893,0.515445,0.1,0.1,0.1
0.813870,0.462441,0.512297,0.1,0.1,0.1
0.755833,-0.098924,0.225857,0.1,0.1,0.1
1.026632,-0.057314,0.512297,0.1,0.1,0.1
0.803003,-0.705266,0.261013,0.1,0.1,0.1
0.781950,0.656955,0.185072,0.1,0.1,0.1
1.130050,-0.669447,0.597302,0.1,0.1,0.1
0.947243,0.475253,0.512297,0.1,0.1,0.1
0.575378,0.410281,0.204755,0.1,0.1,0.1
0.857051,-0.492624,0.683724,0.1,0.1,0.1
1.162215,-0.105009,0.607310,0.1,0.1,0.1
0.649072,0.577767,0.683724,0.1,0.1,0.1
0.886308,0.662983,0.445947,0.1,0.1,0.1
1.012616,-0.689478,0.249359,0.1,0.1,0.1
0.811260,0.446789,0.683724,0.1,0.1,0.1
0.809588,-0.667737,0.185072,0.1,0.1,0.1
1.209681,-0.500338,0.201958,0.1,0.1,0.1
1.167071,-0.133476,0.347095,0.1,0.1,0.1
0.564569,0.459065,0.185072,0.1,0.1,0.1
0.852473,0.512492,0.664041,0.1,0.1,0.1
1.245486,-0.593187,0.430158,0.1,0.1,0.1
0.799739,-0.063695,0.512297,0.1,0.1,0.1
1.076294,0.340179,0.186644,0.1,0.1,0.1
1.107141,0.217867,0.323121,0.1,0.1,0.1
0.817215,-0.146567,0.512297,0.1,0.1,0.1
1.023424,0.591599,0.354658,0.1,0.1,0.1
0.914861,-0.456437,0.512297,0.1,0.1,0.1
1.067636,-0.068308,0.185072,0.1,0.1,0.1
1.034271,0.245577,0.664041,0.1,0.1,0.1
0.545436,0.624806,0.460207,0.1,0.1,0.1
1.043862,0.221127,0.512297,0.1,0.1,0.1
0.925692,0.335132,0.512297,0.1,0.1,0.1
1.026570,0.573157,0.062162,0.1,0.1,0.1
1.112590,0.185920,0.319495,0.1,0.1,0.1
0.932990,0.486175,0.683724,0.1,0.1,0.1
1.215113,-0.532180,0.552251,0.1,0.1,0.1
0.812591,-0.452225,0.683724,0.1,0.1,0.1
1.178543,-0.405305,0.664041,0.1,0.1,0.1
0.962740,-0.052558,0.683724,0.1,0.1,0.1
0.982098,0.573294,0.683724,0.1,0.1,0.1
1.192864,-0.284689,0.173617,0.1,0.1,0.1
0.645264,0.621867,0.410501,0.1,0.1,0.1
0.962088,-0.439592,0.512297,0.1,0.1,0.1
1.000159,-0.671636,0.537814,0.1,0.1,0.1
1.079571,-0.323020,0.512297,0.1,0.1,0.1
0.785797,-0.093813,0.196259,0.1,0.1,0.1
1.037494,0.342157,0.664041,0.1,0.1,0.1
0.970598,-0.537684,0.683724,0.1,0.1,0.1
0.981496,0.137405,0.683724,0.1,0.1,0.1
1.142212,-0.104796,0.641792,0.1,0.1,0.1
0.516426,0.599890,0.422447,0.1,0.1,0.1
1.035020,-0.051302,0.544201,0.1,0.1,0.1
1.139043,-0.559013,0.204755,0.1,0.1,0.1
1.131475,-0.066269,0.204755,0.1,0.1,0.1
1.140420,0.022769,0.147248,0.1,0.1,0.1
0.980489,-0.674991,0.536564,0.1,0.1,0.1
0.721810,0.634924,0.195704,0.1,0.1,0.1
1.145459,-0.462528,0.512297,0.1,0.1,0.1
0.881067,-0.256811,0.512297,0.1,0.1,0.1
1.157183,-0.590497,0.512297,0.1,0.1,0.1
0.688458,-0.416634,0.667548,0.1,0.1,0.1
1.113549,0.180297,0.046819,0.1,0.1,0.1
1.129745,-0.649532,0.437762,0.1,0.1,0.1
1.058903,-0.661616,0.386775,0.1,0.1,0.1
0.858069,0.599396,0.512297,0.1,0.1,0.1
0.599893,0.365175,0.185072,0.1,0.1,0.1
1.090234,0.199924,0.107649,0.1,0.1,0.1
1.075934,0.327953,0.512297,0.1,0.1,0.1
0.975288,0.307936,0.204755,0.1,0.1,0.1
0.708944,-0.086198,0.683724,0.1,0.1,0.1
1.019288,0.615850,0.627601,0.1,0.1,0.1
0.911906,0.674867,0.512297,0.1,0.1,0.1
0.953599,0.004246,0.664041,0.1,0.1,0.1
1.034930,-0.051317,0.201906,0.1,0.1,0.1
0.896854,0.149094,0.512297,0.1,0.1,0.1
1.073643,-0.659101,0.328009,0.1,0.1,0.1
0.857067,-0.081656,0.224114,0.1,0.1,0.1
1.087572,0.215533,0.377202,0.1,0.1,0.1
1.026122,-0.064300,0.664041,0.1,0.1,0.1
1.132017,-0.045031,0.572127,0.1,0.1,0.1
0.847937,0.450681,0.512297,0.1,0.1,0.1
0.845336,-0.646541,0.512297,0.1,0.1,0.1
0.916073,-0.656376,0.664041,0.1,0.1,0.1
0.920953,-0.146209,0.664041,0.1,0.1,0.1
0.992568,-0.637057,0.664041,0.1,0.1,0.1
0.836398,-0.085182,0.246294,0.1,0.1,0.1
1.222852,-0.653618,0.372139,0.1,0.1,0.1
1.225829,-0.477944,0.360393,0.1,0.1,0.1
1.103497,0.239228,0.035975,0.1,0.1,0.1
0.902779,0.685760,0.552395,0.1,0.1,0.1
0.918065,0.441146,0.664041,0.1,0.1,0.1
0.727703,0.655896,0.291544,0.1,0.1,0.1
0.793722,0.647190,0.619400,0.1,0.1,0.1
0.850135,-0.717194,0.501854,0.1,0.1,0.1
1.083828,-0.657364,0.464381,0.1,0.1,0.1
1.074121,-0.044632,0.510415,0.1,0.1,0.1
1.027574,0.567272,0.598659,0.1,0.1,0.1
0.667130,-0.114055,0.593045,0.1,0.1,0.1
1.086592,0.262137,0.683724,0.1,0.1,0.1
0.959048,0.471884,0.512297,0.1,0.1,0.1
1.095316,0.287192,0.550484,0.1,0.1,0.1
0.799703,0.648210,0.410640,0.1,0.1,0.1
0.665500,0.625319,0.586731,0.1,0.1,0.1
0.925213,-0.288650,0.512297,0.1,0.1,0.1
1.037225,-0.309248,0.204755,0.1,0.1,0.1
1.177062,-0.250576,0.194926,0.1,0.1,0.1
0.686294,-0.308775,0.185072,0.1,0.1,0.1
0.618966,0.617381,0.298593,0.1,0.1,0.1
1.241599,-0.570397,0.471411,0.1,0.1,0.1
1.203994,-0.466995,0.505020,0.1,0.1,0.1
0.825773,-0.649639,0.204755,0.1,0.1,0.1
1.079343,0.380835,0.044108,0.1,0.1,0.1
1.045897,0.459849,0.176846,0.1,0.1,0.1
1.164343,-0.643630,0.198434,0.1,0.1,0.1
0.814953,-0.589711,0.185072,0.1,0.1,0.1
1.166182,-0.245324,0.246666,0.1,0.1,0.1
0.784733,0.645657,0.564112,0.1,0.1,0.1
1.195009,-0.297262,0.051460,0.1,0.1,0.1
0.986478,0.622875,0.512297,0.1,0.1,0.1
1.023255,0.592593,0.480058,0.1,0.1,0.1
1.029322,-0.666662,0.472849,0.1,0.1,0.1
1.038502,0.620263,0.653498,0.1,0.1,0.1
1.127318,-0.564078,0.683724,0.1,0.1,0.1
1.055014,0.406401,0.186802,0.1,0.1,0.1
0.774011,0.282416,0.204755,0.1,0.1,0.1
0.844747,0.675861,0.429522,0.1,0.1,0.1
0.724266,0.635343,0.284961,0.1,0.1,0.1
0.689808,0.410416,0.512297,0.1,0.1,0.1
1.044143,-0.503180,0.512297,0.1,0.1,0.1
1.108760,0.208375,0.126356,0.1,0.1,0.1
0.659529,-0.115351,0.403760,0.1,0.1,0.1
0.696272,0.630568,0.267649,0.1,0.1,0.1
0.969716,0.677210,0.538549,0.1,0.1,0.1
0.933848,0.091267,0.204755,0.1,0.1,0.1
0.914796,-0.686197,0.527102,0.1,0.1,0.1
1.141455,-0.100358,0.041470,0.1,0.1,0.1
1.156773,-0.190165,0.451407,0.1,0.1,0.1
1.012659,0.694519,0.476866,0.1,0.1,0.1
1.011742,0.205653,0.512297,0.1,0.1,0.1
0.998954,-0.299026,0.683724,0.1,0.1,0.1
1.022511,0.240026,0.664041,0.1,0.1,0.1
1.168449,-0.141554,0.341848,0.1,0.1,0.1
0.801423,-0.413085,0.185072,0.1,0.1,0.1
0.971200,0.306482,0.185072,0.1,0.1,0.1
0.951242,-0.679980,0.343183,0.1,0.1,0.1
1.184126,-0.233458,0.248338,0.1,0.1,0.1
0.761593,-0.097942,0.593441,0.1,0.1,0.1
0.978014,-0.207347,0.512297,0.1,0.1,0.1
1.188640,-0.259922,0.225803,0.1,0.1,0.1
0.645312,0.390892,0.512297,0.1,0.1,0.1
1.032165,-0.686144,0.219953,0.1,0.1,0.1
0.528576,0.607432,0.185072,0.1,0.1,0.1
0.815516,0.473485,0.185072,0.1,0.1,0.1
0.944879,-0.516906,0.664041,0.1,0.1,0.1
1.245067,-0.590728,0.591482,0.1,0.1,0.1
1.179404,-0.205775,0.197402,0.1,0.1,0.1
1.064322,0.351838,0.201128,0.1,0.1,0.1
1.186948,-0.639774,0.563827,0.1,0.1,0.1
1.216902,-0.425610,0.320623,0.1,0.1,0.1
1.025606,0.655801,0.673882,0.1,0.1,0.1
1.035626,-0.051198,0.311912,0.1,0.1,0.1
0.776420,-0.375908,0.664041,0.1,0.1,0.1
1.011605,0.427842,0.204755,0.1,0.1,0.1
1.040978,-0.684641,0.510519,0.1,0.1,0.1
0.944213,0.342252,0.683724,0.1,0.1,0.1
0.621211,0.289378,0.664041,0.1,0.1,0.1
0.587020,0.344978,0.185072,0.1,0.1,0.1
0.512794,0.613199,0.223763,0.1,0.1,0.1
1.142470,-0.106311,0.294862,0.1,0.1,0.1
1.143074,-0.109851,0.370146,0.1,0.1,0.1
0.941001,0.135379,0.683724,0.1,0.1,0.1
1.174306,-0.458576,0.664041,0.1,0.1,0.1
1.076314,0.398590,0.281574,0.1,0.1,0.1
1.137694,0.038750,0.348143,0.1,0.1,0.1
0.621444,0.396041,0.664041,0.1,0.1,0.1
1.053224,0.392363,0.512297,0.1,0.1,0.1
0.924655,0.275958,0.512297,0.1,0.1,0.1
0.532078,0.622528,0.604761,0.1,0.1,0.1
0.864716,0.114249,0.185072,0.1,0.1,0.1
0.904873,-0.325161,0.512297,0.1,0.1,0.1
1.015821,0.636173,0.324773,0.1,0.1,0.1
1.006238,-0.670599,0.261198,0.1,0.1,0.1
0.954278,0.361306,0.683724,0.1,0.1,0.1
1.039753,-0.578450,0.185072,0.1,0.1,0.1
1.037490,0.432975,0.664041,0.1,0.1,0.1
0.652309,-0.162707,0.204755,0.1,0.1,0.1
0.607647,0.150576,0.512297,0.1,0.1,0.1
1.044318,0.586170,0.661258,0.1,0.1,0.1
0.939499,0.629369,0.512297,0.1,0.1,0.1
1.017979,0.623520,0.114225,0.1,0.1,0.1
1.174376,-0.386014,0.512297,0.1,0.1,0.1
1.142047,-0.103829,0.362874,0.1,0.1,0.1
0.986895,-0.673898,0.638870,0.1,0.1,0.1
0.624142,0.194738,0.204755,0.1,0.1,0.1
0.919845,-0.070948,0.233343,0.1,0.1,0.1
0.826537,-0.394413,0.512297,0.1,0.1,0.1
0.754753,-0.307314,0.185072,0.1,0.1,0.1
0.759649,-0.098273,0.622551,0.1,0.1,0.1
1.049721,-0.096412,0.512297,0.1,0.1,0.1
1.152335,-0.164141,0.312024,0.1,0.1,0.1
1.045836,-0.001401,0.664041,0.1,0.1,0.1
0.722041,0.037818,0.185072,0.1,0.1,0.1
0.929473,0.690313,0.305697,0.1,0.1,0.1
1.066831,0.337123,0.543438,0.1,0.1,0.1
0.993562,-0.585298,0.185072,0.1,0.1,0.1
0.737172,0.107115,0.664041,0.1,0.1,0.1
0.890399,0.032559,0.204755,0.1,0.1,0.1
1.203909,-0.466499,0.632212,0.1,0.1,0.1
0.899422,0.327777,0.664041,0.1,0.1,0.1
0.942715,-0.284898,0.185072,0.1,0.1,0.1
0.829403,-0.720730,0.546786,0.1,0.1,0.1
0.820617,-0.595187,0.185072,0.1,0.1,0.1
0.864244,0.659219,0.395967,0.1,0.1,0.1
0.956982,-0.064613,0.242978,0.1,0.1,0.1
0.883910,-0.181550,0.204755,0.1,0.1,0.1
0.865485,-0.080220,0.402287,0.1,0.1,0.1
0.715259,0.089368,0.512297,0.1,0.1,0.1
0.927663,0.569477,0.204755,0.1,0.1,0.1
0.926871,0.349378,0.512297,0.1,0.1,0.1
1.149021,-0.260570,0.512297,0.1,0.1,0.1
1.025117,-0.667379,0.413810,0.1,0.1,0.1
1.052331,-0.204455,0.664041,0.1,0.1,0.1
1.043327,0.474921,0.378860,0.1,0.1,0.1
1.074042,-0.044646,0.602163,0.1,0.1,0.1
0.658346,-0.115553,0.431066,0.1,0.1,0.1
1.124597,-0.001529,0.004475,0.1,0.1,0.1
0.877587,-0.240963,0.185072,0.1,0.1,0.1
0.881788,-0.711794,0.330437,0.1,0.1,0.1
0.646290,-0.117609,0.568103,0.1,0.1,0.1
0.771324,0.192377,0.664041,0.1,0.1,0.1
0.967917,-0.192695,0.512297,0.1,0.1,0.1
1.142239,-0.104958,0.197586,0.1,0.1,0.1
1.169016,-0.261935,0.095345,0.1,0.1,0.1
0.750564,0.659796,0.222601,0.1,0.1,0.1
0.629554,0.289318,0.185072,0.1,0.1,0.1
1.033040,-0.048686,0.204755,0.1,0.1,0.1
0.937784,0.197000,0.204755,0.1,0.1,0.1
0.843085,-0.436890,0.664041,0.1,0.1,0.1
0.961818,-0.063788,0.526609,0.1,0.1,0.1
1.171243,-0.157934,0.673319,0.1,0.1,0.1
0.907628,-0.439464,0.512297,0.1,0.1,0.1
0.635161,0.640111,0.630005,0.1,0.1,0.1
1.073214,-0.600038,0.683724,0.1,0.1,0.1
1.234072,-0.631736,0.428277,0.1,0.1,0.1
0.882564,-0.636611,0.204755,0.1,0.1,0.1
0.942259,0.672527,0.226584,0.1,0.1,0.1
1.188448,-0.258798,0.180547,0.1,0.1,0.1
0.783296,-0.708627,0.668165,0.1,0.1,0.1
1.012581,0.694506,0.515960,0.1,0.1,0.1
0.683267,-0.134923,0.512297,0.1,0.1,0.1
0.596954,0.633594,0.194458,0.1,0.1,0.1
0.808739,0.147886,0.664041,0.1,0.1,0.1
1.062985,0.169757,0.683724,0.1,0.1,0.1
1.127656,-0.035500,0.366747,0.1,0.1,0.1
1.166523,-0.404445,0.512297,0.1,0.1,0.1
0.929846,-0.703597,0.305395,0.1,0.1,0.1
1.067000,-0.045847,0.680741,0.1,0.1,0.1
1.134509,0.057423,0.309136,0.1,0.1,0.1
0.702273,-0.040477,0.185072,0.1,0.1,0.1
0.784077,0.457096,0.664041,0.1,0.1,0.1
0.572150,0.629363,0.367971,0.1,0.1,0.1
0.836946,-0.085088,0.314768,0.1,0.1,0.1
0.902875,0.303052,0.512297,0.1,0.1,0.1
0.866234,-0.080092,0.629935,0.1,0.1,0.1
1.180595,-0.281939,0.185072,0.1,0.1,0.1
1.030347,-0.346215,0.512297,0.1,0.1,0.1
1.045833,0.535639,0.000000,0.1,0.1,0.1
0.867314,0.659743,0.300867,0.1,0.1,0.1
1.135844,0.049593,0.037813,0.1,0.1,0.1
1.061117,-0.403288,0.204755,0.1,0.1,0.1
1.025945,-0.116155,0.204755,0.1,0.1,0.1
1.130089,0.083333,0.629398,0.1,0.1,0.1
0.879566,-0.077818,0.330013,0.1,0.1,0.1
0.754902,-0.099083,0.609165,0.1,0.1,0.1
0.680036,0.307999,0.185072,0.1,0.1,0.1
0.605031,0.615004,0.680648,0.1,0.1,0.1
0.788454,0.306390,0.512297,0.1,0.1,0.1
0.563082,0.324798,0.204755,0.1,0.1,0.1
1.051384,0.544745,0.454527,0.1,0.1,0.1
0.888438,-0.468735,0.185072,0.1,0.1,0.1
0.954704,-0.029995,0.512297,0.1,0.1,0.1
1.147883,-0.020986,0.543416,0.1,0.1,0.1
1.020846,-0.120771,0.512297,0.1,0.1,0.1
1.062982,0.476749,0.651468,0.1,0.1,0.1
0.632715,0.637286,0.185072,0.1,0.1,0.1
1.173921,-0.290693,0.411373,0.1,0.1,0.1
1.088998,-0.152313,0.204755,0.1,0.1,0.1
0.717449,0.046690,0.683724,0.1,0.1,0.1
1.150550,-0.153677,0.512896,0.1,0.1,0.1
0.833039,-0.148565,0.512297,0.1,0.1,0.1
0.986267,0.581524,0.204755,0.1,0.1,0.1
1.167457,-0.589435,0.664041,0.1,0.1,0.1
1.046678,0.572335,0.008433,0.1,0.1,0.1
1.100940,-0.549573,0.185072,0.1,0.1,0.1
1.111271,0.193653,0.487342,0.1,0.1,0.1
1.138593,-0.455688,0.683724,0.1,0.1,0.1
1.120577,-0.513391,0.204755,0.1,0.1,0.1
0.570503,0.348584,0.664041,0.1,0.1,0.1
0.865740,0.396877,0.512297,0.1,0.1,0.1
0.874354,0.387290,0.185072,0.1,0.1,0.1
0.798187,0.377412,0.204755,0.1,0.1,0.1
0.981371,0.259940,0.664041,0.1,0.1,0.1
1.054719,-0.384877,0.512297,0.1,0.1,0.1
1.067007,0.394621,0.186546,0.1,0.1,0.1
1.071221,0.428450,0.496408,0.1,0.1,0.1
1.050122,-0.587523,0.204755,0.1,0.1,0.1
1.049120,0.558015,0.423157,0.1,0.1,0.1
0.978590,-0.695282,0.292809,0.1,0.1,0.1
0.932505,0.690830,0.206868,0.1,0.1,0.1
0.655587,0.051322,0.512297,0.1,0.1,0.1
1.065345,-0.569248,0.683724,0.1,0.1,0.1
1.155524,-0.364492,0.512297,0.1,0.1,0.1
1.045612,0.461522,0.022429,0.1,0.1,0.1
1.007542,0.177714,0.512297,0.1,0.1,0.1
1.064679,0.466802,0.647911,0.1,0.1,0.1
0.931550,0.327417,0.185072,0.1,0.1,0.1
1.059117,0.382352,0.392766,0.1,0.1,0.1
0.805772,-0.724761,0.256670,0.1,0.1,0.1
0.986437,-0.273845,0.512297,0.1,0.1,0.1
1.013938,-0.644477,0.512297,0.1,0.1,0.1
0.649661,-0.117034,0.189505,0.1,0.1,0.1
0.789917,-0.093110,0.437586,0.1,0.1,0.1
1.190101,-0.385546,0.527771,0.1,0.1,0.1
0.655791,0.085006,0.512297,0.1,0.1,0.1
1.100628,-0.040111,0.652240,0.1,0.1,0.1
1.101639,0.250121,0.231773,0.1,0.1,0.1
1.221888,-0.508380,0.673882,0.1,0.1,0.1
0.867192,-0.060019,0.664041,0.1,0.1,0.1
1.218103,-0.549712,0.566007,0.1,0.1,0.1
0.568613,0.608792,0.554524,0.1,0.1,0.1
0.960070,-0.118699,0.512297,0.1,0.1,0.1
0.923496,-0.684713,0.372621,0.1,0.1,0.1
0.886104,-0.076703,0.362883,0.1,0.1,0.1
0.977942,-0.598599,0.683724,0.1,0.1,0.1
1.009386,0.673897,0.424737,0.1,0.1,0.1
0.878934,0.227269,0.512297,0.1,0.1,0.1
0.952456,-0.065385,0.512008,0.1,0.1,0.1
1.195625,-0.417932,0.164429,0.1,0.1,0.1
1.018041,0.382756,0.204755,0.1,0.1,0.1
1.012478,-0.521829,0.204755,0.1,0.1,0.1
1.102514,0.127934,0.206649,0.1,0.1,0.1
0.732610,-0.532803,0.185072,0.1,0.1,0.1
1.145128,-0.624751,0.512297,0.1,0.1,0.1
0.790646,0.539019,0.683724,0.1,0.1,0.1
1.074587,0.291659,0.560581,0.1,0.1,0.1
1.006496,0.690841,0.299005,0.1,0.1,0.1
1.038058,-0.287146,0.204755,0.1,0.1,0.1
1.174675,-0.295115,0.351030,0.1,0.1,0.1
1.049604,0.029928,0.204755,0.1,0.1,0.1
1.209840,-0.501270,0.265124,0.1,0.1,0.1
0.794259,0.291003,0.683724,0.1,0.1,0.1
1.047097,0.452817,0.638723,0.1,0.1,0.1
0.761214,0.637206,0.204755,0.1,0.1,0.1
0.850428,-0.707160,0.198956,0.1,0.1,0.1
1.178125,-0.315338,0.176735,0.1,0.1,0.1
1.039232,-0.426177,0.683724,0.1,0.1,0.1
1.033281,0.232381,0.512297,0.1,0.1,0.1
0.590011,0.335660,0.683724,0.1,0.1,0.1
0.880920,-0.400148,0.512297,0.1,0.1,0.1
1.086877,0.219607,0.337289,0.1,0.1,0.1
0.873531,0.483237,0.204755,0.1,0.1,0.1
1.129805,-0.032059,0.429832,0.1,0.1,0.1
0.573821,0.454619,0.512297,0.1,0.1,0.1
0.775807,-0.095517,0.478270,0.1,0.1,0.1
0.924063,-0.582145,0.512297,0.1,0.1,0.1
0.816590,-0.491068,0.664041,0.1,0.1,0.1
1.048276,0.445903,0.187465,0.1,0.1,0.1
0.761652,-0.712319,0.290462,0.1,0.1,0.1
0.824188,-0.466199,0.512297,0.1,0.1,0.1
0.651701,0.608611,0.683724,0.1,0.1,0.1
0.973579,-0.519125,0.683724,0.1,0.1,0.1
1.056886,-0.661960,0.583832,0.1,0.1,0.1
1.212719,-0.532723,0.664041,0.1,0.1,0.1
0.875283,-0.130360,0.512297,0.1,0.1,0.1
1.217072,-0.426606,0.000060,0.1,0.1,0.1
0.523176,0.601042,0.217068,0.1,0.1,0.1
0.853020,-0.508584,0.512297,0.1,0.1,0.1
1.047494,0.450487,0.489257,0.1,0.1,0.1
0.742577,-0.733911,0.670233,0.1,0.1,0.1
0.817203,0.481496,0.512297,0.1,0.1,0.1
0.791896,0.441608,0.664041,0.1,0.1,0.1
1.063486,-0.660834,0.396970,0.1,0.1,0.1
0.884253,0.682600,0.460020,0.1,0.1,0.1
0.966076,-0.677450,0.386159,0.1,0.1,0.1
0.955827,0.683395,0.683724,0.1,0.1,0.1
0.852328,0.667170,0.669099,0.1,0.1,0.1
1.228259,-0.492189,0.193051,0.1,0.1,0.1
0.837417,-0.284893,0.664041,0.1,0.1,0.1
0.852287,0.589713,0.664041,0.1,0.1,0.1
1.024243,0.586801,0.114458,0.1,0.1,0.1
0.925354,0.442045,0.664041,0.1,0.1,0.1
1.056661,-0.194800,0.683724,0.1,0.1,0.1
1.034083,-0.051462,0.287360,0.1,0.1,0.1
1.161703,-0.219065,0.323967,0.1,0.1,0.1
1.145815,-0.125919,0.327231,0.1,0.1,0.1
0.783300,-0.393937,0.185072,0.1,0.1,0.1
0.651256,-0.116762,0.260975,0.1,0.1,0.1
1.144555,-0.001472,0.549098,0.1,0.1,0.1
0.684388,-0.057925,0.204755,0.1,0.1,0.1
0.609403,0.390925,0.185072,0.1,0.1,0.1
0.939733,-0.067555,0.442888,0.1,0.1,0.1
0.936401,0.447236,0.512297,0.1,0.1,0.1
1.009280,-0.098504,0.185072,0.1,0.1,0.1
0.554445,0.369018,0.204350,0.1,0.1,0.1
0.786082,0.645887,0.422615,0.1,0.1,0.1
1.142548,-0.153227,0.204755,0.1,0.1,0.1
1.058106,-0.394933,0.512297,0.1,0.1,0.1
0.773959,0.099527,0.204755,0.1,0.1,0.1
0.923741,-0.512016,0.512297,0.1,0.1,0.1
0.650642,-0.194433,0.683724,0.1,0.1,0.1
1.098856,0.194728,0.512297,0.1,0.1,0.1
0.666625,-0.114141,0.372003,0.1,0.1,0.1
1.239033,-0.630890,0.555135,0.1,0.1,0.1
1.044043,-0.462485,0.204755,0.1,0.1,0.1
0.854399,-0.533459,0.512297,0.1,0.1,0.1
0.521908,0.620793,0.504180,0.1,0.1,0.1
0.948755,-0.700372,0.548641,0.1,0.1,0.1
1.064657,0.349870,0.177719,0.1,0.1,0.1
1.010925,-0.055412,0.618037,0.1,0.1,0.1
0.628915,0.430692,0.664041,0.1,0.1,0.1
1.107766,0.097141,0.374677,0.1,0.1,0.1
0.653720,0.643277,0.258421,0.1,0.1,0.1
0.847549,-0.717635,0.616276,0.1,0.1,0.1
1.172787,-0.284044,0.386167,0.1,0.1,0.1
0.936507,0.097563,0.512297,0.1,0.1,0.1
1.156997,-0.191478,0.147527,0.1,0.1,0.1
1.091270,0.195711,0.683724,0.1,0.1,0.1
0.742884,0.203581,0.512297,0.1,0.1,0.1
0.713063,0.633432,0.235081,0.1,0.1,0.1
1.206080,-0.362164,0.197221,0.1,0.1,0.1
0.775042,-0.095647,0.258457,0.1,0.1,0.1
1.107835,0.213800,0.178383,0.1,0.1,0.1
1.205311,-0.474715,0.090266,0.1,0.1,0.1
0.879097,0.103047,0.512297,0.1,0.1,0.1
1.023419,0.557348,0.204755,0.1,0.1,0.1
1.076921,0.395033,0.070391,0.1,0.1,0.1
1.031855,0.659234,0.254145,0.1,0.1,0.1
0.641717,0.641229,0.346565,0.1,0.1,0.1
1.003188,0.331570,0.683724,0.1,0.1,0.1
1.107934,0.213219,0.609667,0.1,0.1,0.1
0.830491,-0.485697,0.204755,0.1,0.1,0.1
1.025924,-0.668834,0.512297,0.1,0.1,0.1
0.646390,-0.117592,0.401662,0.1,0.1,0.1
1.122936,-0.509099,0.204755,0.1,0.1,0.1
0.673806,0.593078,0.683724,0.1,0.1,0.1
1.039758,0.285902,0.512297,0.1,0.1,0.1
1.195523,-0.300274,0.139095,0.1,0.1,0.1
0.717468,0.179374,0.185072,0.1,0.1,0.1
0.717297,0.305017,0.512297,0.1,0.1,0.1
0.648385,0.468940,0.512297,0.1,0.1,0.1
0.659811,0.253831,0.683724,0.1,0.1,0.1
0.781720,-0.094509,0.603576,0.1,0.1,0.1
0.744098,-0.100926,0.199755,0.1,0.1,0.1
1.189652,-0.382917,0.540268,0.1,0.1,0.1
1.156457,-0.664943,0.262510,0.1,0.1,0.1
0.917408,0.240469,0.512297,0.1,0.1,0.1
0.636063,0.236064,0.185072,0.1,0.1,0.1
1.112744,0.067957,0.026843,0.1,0.1,0.1
1.075647,0.285442,0.457831,0.1,0.1,0.1
0.873296,0.251411,0.185072,0.1,0.1,0.1
0.704929,0.274910,0.512297,0.1,0.1,0.1
1.116660,0.162063,0.075370,0.1,0.1,0.1
1.001791,-0.310254,0.683724,0.1,0.1,0.1
1.233782,-0.641631,0.194864,0.1,0.1,0.1
0.988599,0.405930,0.664041,0.1,0.1,0.1
0.899008,-0.708857,0.514577,0.1,0.1,0.1
0.666095,-0.040524,0.683724,0.1,0.1,0.1
0.980750,-0.674947,0.366902,0.1,0.1,0.1
0.886491,-0.655849,0.512297,0.1,0.1,0.1
1.085493,0.344781,0.049601,0.1,0.1,0.1
0.731514,0.656546,0.602893,0.1,0.1,0.1
1.173417,-0.287741,0.494177,0.1,0.1,0.1
1.173774,-0.172773,0.308649,0.1,0.1,0.1
0.794544,0.106734,0.683724,0.1,0.1,0.1
0.880024,0.550104,0.512297,0.1,0.1,0.1
1.177130,-0.192446,0.139391,0.1,0.1,0.1
0.763734,0.410348,0.664041,0.1,0.1,0.1
0.604728,0.255427,0.512297,0.1,0.1,0.1
0.887773,-0.076418,0.327597,0.1,0.1,0.1
0.826157,0.504043,0.683724,0.1,0.1,0.1
1.080937,0.371487,0.383874,0.1,0.1,0.1
1.110679,-0.662768,0.189960,0.1,0.1,0.1
1.035286,0.639117,0.100059,0.1,0.1,0.1
1.224082,-0.626195,0.185072,0.1,0.1,0.1
1.105870,0.225317,0.668853,0.1,0.1,0.1
0.970211,-0.572263,0.664041,0.1,0.1,0.1
0.767976,0.480599,0.185072,0.1,0.1,0.1
0.862400,0.678872,0.399708,0.1,0.1,0.1
1.100162,0.141721,0.406687,0.1,0.1,0.1
0.771359,0.445560,0.512297,0.1,0.1,0.1
1.003960,0.703019,0.524307,0.1,0.1,0.1
1.217826,-0.548085,0.092975,0.1,0.1,0.1
1.147031,-0.504300,0.185072,0.1,0.1,0.1
0.955465,0.646141,0.512297,0.1,0.1,0.1
0.992134,-0.009417,0.185072,0.1,0.1,0.1
0.867204,0.124665,0.683724,0.1,0.1,0.1
0.857244,-0.243794,0.185072,0.1,0.1,0.1
0.644335,-0.117943,0.217964,0.1,0.1,0.1
1.013334,-0.689356,0.394326,0.1,0.1,0.1
0.821333,-0.722106,0.604780,0.1,0.1,0.1
1.063308,0.258218,0.512297,0.1,0.1,0.1
1.242585,-0.634706,0.501347,0.1,0.1,0.1
0.957084,0.539974,0.204755,0.1,0.1,0.1
0.928351,0.176008,0.204755,0.1,0.1,0.1
1.206216,-0.362965,0.246790,0.1,0.1,0.1
1.239808,-0.559895,0.023667,0.1,0.1,0.1
1.192864,-0.401744,0.469420,0.1,0.1,0.1
0.921036,-0.645716,0.664041,0.1,0.1,0.1
0.840698,-0.371779,0.664041,0.1,0.1,0.1
0.600166,0.614174,0.588389,0.1,0.1,0.1
0.776013,0.644169,0.551315,0.1,0.1,0.1
1.077580,0.391172,0.569182,0.1,0.1,0.1
0.838517,-0.084820,0.291254,0.1,0.1,0.1
1.136250,-0.648422,0.196444,0.1,0.1,0.1
0.980335,-0.232460,0.512297,0.1,0.1,0.1
1.042070,0.266998,0.683724,0.1,0.1,0.1
1.148636,-0.224357,0.664041,0.1,0.1,0.1
0.756772,0.660855,0.462745,0.1,0.1,0.1
0.671755,0.646353,0.592270,0.1,0.1,0.1
0.883740,-0.077106,0.654198,0.1,0.1,0.1
0.800169,0.148150,0.512297,0.1,0.1,0.1
0.859991,0.428521,0.664041,0.1,0.1,0.1
0.753757,-0.533104,0.683724,0.1,0.1,0.1
1.071862,0.363504,0.512297,0.1,0.1,0.1
1.047839,0.478471,0.664041,0.1,0.1,0.1
1.173901,-0.555805,0.185072,0.1,0.1,0.1
1.219594,-0.634206,0.303427,0.1,0.1,0.1
0.914441,0.062256,0.512297,0.1,0.1,0.1
1.152501,-0.099402,0.673882,0.1,0.1,0.1
0.990441,0.507830,0.683724,0.1,0.1,0.1
0.718498,0.124044,0.512297,0.1,0.1,0.1
0.693501,-0.115037,0.664041,0.1,0.1,0.1
0.959980,0.695517,0.523697,0.1,0.1,0.1
0.829527,-0.502792,0.204755,0.1,0.1,0.1
0.908135,-0.072945,0.651057,0.1,0.1,0.1
0.910001,0.638256,0.664041,0.1,0.1,0.1
0.669514,0.327064,0.664041,0.1,0.1,0.1
1.057850,0.506838,0.347772,0.1,0.1,0.1
1.154776,-0.061395,0.565127,0.1,0.1,0.1
0.955574,0.401779,0.512297,0.1,0.1,0.1
0.745739,0.171226,0.683724,0.1,0.1,0.1
0.990046,-0.693328,0.511516,0.1,0.1,0.1
1.099564,0.145230,0.402987,0.1,0.1,0.1
1.022968,-0.053358,0.433929,0.1,0.1,0.1
1.106117,0.223868,0.038044,0.1,0.1,0.1
0.693505,-0.285447,0.512297,0.1,0.1,0.1
1.081250,-0.043416,0.469870,0.1,0.1,0.1
0.790232,0.527991,0.204755,0.1,0.1,0.1
0.566660,0.343914,0.664041,0.1,0.1,0.1
1.025372,0.165078,0.512297,0.1,0.1,0.1
0.832187,0.438840,0.512297,0.1,0.1,0.1
0.726192,-0.637851,0.204719,0.1,0.1,0.1
0.911636,0.012435,0.185072,0.1,0.1,0.1
0.827988,-0.149595,0.683724,0.1,0.1,0.1
1.217590,-0.546704,0.297424,0.1,0.1,0.1
1.128987,-0.027267,0.638797,0.1,0.1,0.1
1.130247,-0.560654,0.204755,0.1,0.1,0.1
1.151591,-0.042721,0.544895,0.1,0.1,0.1
1.201718,-0.428238,0.000000,0.1,0.1,0.1
0.934619,0.376543,0.512297,0.1,0.1,0.1
1.165011,-0.238456,0.581109,0.1,0.1,0.1
0.570905,0.412074,0.512297,0.1,0.1,0.1
0.792262,0.191390,0.512297,0.1,0.1,0.1
1.121295,0.017826,0.466837,0.1,0.1,0.1
1.036192,-0.433446,0.185072,0.1,0.1,0.1
1.185065,-0.356024,0.665601,0.1,0.1,0.1
1.000832,0.665960,0.664041,0.1,0.1,0.1
0.767833,0.486831,0.185072,0.1,0.1,0.1
1.121639,-0.643175,0.664041,0.1,0.1,0.1
1.193579,-0.333646,0.000000,0.1,0.1,0.1
0.522568,0.573319,0.512297,0.1,0.1,0.1
1.165809,-0.184605,0.188337,0.1,0.1,0.1
1.037127,-0.139884,0.512297,0.1,0.1,0.1
0.583485,0.631296,0.211936,0.1,0.1,0.1
0.760976,-0.621429,0.185072,0.1,0.1,0.1
0.830889,0.673497,0.418400,0.1,0.1,0.1
1.112517,-0.379406,0.185072,0.1,0.1,0.1
0.672787,0.224794,0.683724,0.1,0.1,0.1
1.227396,-0.604191,0.559847,0.1,0.1,0.1
0.724879,0.144839,0.512297,0.1,0.1,0.1
0.909421,-0.620878,0.512297,0.1,0.1,0.1
0.764678,0.642236,0.548070,0.1,0.1,0.1
0.568133,0.608710,0.619615,0.1,0.1,0.1
1.040294,0.451645,0.512297,0.1,0.1,0.1
1.028270,0.680250,0.468835,0.1,0.1,0.1
1.184537,-0.640186,0.625894,0.1,0.1,0.1
0.996368,0.487585,0.512297,0.1,0.1,0.1
1.159177,-0.312300,0.512297,0.1,0.1,0.1
0.944231,-0.701143,0.434872,0.1,0.1,0.1
0.832490,0.009818,0.683724,0.1,0.1,0.1
0.638503,0.640681,0.387668,0.1,0.1,0.1
0.770551,-0.730769,0.443427,0.1,0.1,0.1
0.968996,-0.107014,0.664041,0.1,0.1,0.1
1.156661,-0.101284,0.000000,0.1,0.1,0.1
1.221421,-0.633894,0.669117,0.1,0.1,0.1
1.160860,-0.214122,0.505645,0.1,0.1,0.1
1.072162,0.305876,0.554153,0.1,0.1,0.1
0.984195,0.577119,0.185072,0.1,0.1,0.1
0.632945,0.173346,0.204755,0.1,0.1,0.1
0.782503,0.426270,0.664041,0.1,0.1,0.1
1.186579,-0.247839,0.042897,0.1,0.1,0.1
0.686203,-0.110801,0.215430,0.1,0.1,0.1
1.125804,-0.008604,0.592045,0.1,0.1,0.1
0.867135,-0.079939,0.359359,0.1,0.1,0.1
1.025239,0.580959,0.528718,0.1,0.1,0.1
1.047157,0.452464,0.168236,0.1,0.1,0.1
0.907417,-0.073068,0.542605,0.1,0.1,0.1
0.954041,0.057344,0.683724,0.1,0.1,0.1
1.059176,-0.190752,0.664041,0.1,0.1,0.1
1.132022,0.050019,0.673882,0.1,0.1,0.1
1.221758,-0.454079,0.421693,0.1,0.1,0.1
1.117911,0.154726,0.558618,0.1,0.1,0.1
1.193529,-0.565062,0.683724,0.1,0.1,0.1
0.990972,0.250542,0.683724,0.1,0.1,0.1
1.055644,-0.474640,0.185072,0.1,0.1,0.1
0.706892,0.632379,0.637483,0.1,0.1,0.1
0.747047,0.659196,0.575600,0.1,0.1,0.1
1.224845,-0.472175,0.435559,0.1,0.1,0.1
1.141780,0.014795,0.466402,0.1,0.1,0.1
1.013330,-0.689357,0.299375,0.1,0.1,0.1
1.033725,0.648270,0.096682,0.1,0.1,0.1
1.066775,-0.045885,0.637006,0.1,0.1,0.1
0.835502,-0.719690,0.275566,0.1,0.1,0.1
0.655700,0.421671,0.664041,0.1,0.1,0.1
1.007326,0.685978,0.621531,0.1,0.1,0.1
0.834377,-0.457161,0.664041,0.1,0.1,0.1
0.933112,0.373003,0.185072,0.1,0.1,0.1
1.182483,-0.340886,0.590921,0.1,0.1,0.1
0.876841,0.397981,0.204755,0.1,0.1,0.1
0.528446,0.529008,0.204755,0.1,0.1,0.1
0.811165,-0.368335,0.664041,0.1,0.1,0.1
1.238621,-0.552938,0.369647,0.1,0.1,0.1
1.170240,-0.152054,0.178125,0.1,0.1,0.1
0.748675,0.324032,0.512297,0.1,0.1,0.1
1.044966,-0.503081,0.204755,0.1,0.1,0.1
0.555170,0.449239,0.664041,0.1,0.1,0.1
1.185970,-0.244269,0.517156,0.1,0.1,0.1
1.051668,-0.048462,0.380427,0.1,0.1,0.1
0.946999,-0.630086,0.664041,0.1,0.1,0.1
0.837270,-0.085033,0.420226,0.1,0.1,0.1
1.013499,0.609402,0.664041,0.1,0.1,0.1
0.956590,0.626812,0.204755,0.1,0.1,0.1
0.915138,-0.686138,0.356153,0.1,0.1,0.1
1.123986,-0.215233,0.185072,0.1,0.1,0.1
0.944539,0.500883,0.512297,0.1,0.1,0.1
0.897701,-0.618651,0.512297,0.1,0.1,0.1
0.696277,-0.000568,0.512297,0.1,0.1,0.1
1.008071,-0.008908,0.185072,0.1,0.1,0.1
1.031789,0.542561,0.560611,0.1,0.1,0.1
1.042826,0.594918,0.087184,0.1,0.1,0.1
0.878511,0.235251,0.204755,0.1,0.1,0.1
0.838551,0.075937,0.185072,0.1,0.1,0.1
0.796090,-0.410593,0.683724,0.1,0.1,0.1
0.719975,0.299461,0.512297,0.1,0.1,0.1
0.675161,-0.119950,0.512297,0.1,0.1,0.1
1.171105,-0.274181,0.642217,0.1,0.1,0.1
0.966120,-0.650265,0.664041,0.1,0.1,0.1
0.823785,0.244562,0.204755,0.1,0.1,0.1
0.751511,0.659957,0.382532,0.1,0.1,0.1
1.111373,-0.652666,0.681110,0.1,0.1,0.1
1.102932,-0.039718,0.204862,0.1,0.1,0.1
0.988412,-0.556691,0.512297,0.1,0.1,0.1
0.938654,-0.702095,0.300158,0.1,0.1,0.1
0.834743,-0.379675,0.664041,0.1,0.1,0.1
0.538680,0.603686,0.576995,0.1,0.1,0.1
1.051828,0.111348,0.512297,0.1,0.1,0.1
0.922692,0.669189,0.589518,0.1,0.1,0.1
0.629676,0.566723,0.512297,0.1,0.1,0.1
0.856233,-0.081798,0.477941,0.1,0.1,0.1
1.185187,-0.356738,0.570060,0.1,0.1,0.1
1.219148,-0.555836,0.246781,0.1,0.1,0.1
1.162720,-0.225028,0.034574,0.1,0.1,0.1
0.592604,0.612884,0.285597,0.1,0.1,0.1
0.943139,0.148206,0.204755,0.1,0.1,0.1
1.134058,-0.056993,0.592717,0.1,0.1,0.1
0.782890,-0.455694,0.512297,0.1,0.1,0.1
0.714960,-0.468299,0.512297,0.1,0.1,0.1
1.045809,0.577426,0.436530,0.1,0.1,0.1
0.860980,0.658662,0.389552,0.1,0.1,0.1
0.728422,-0.219650,0.204755,0.1,0.1,0.1
0.960701,-0.607509,0.512297,0.1,0.1,0.1
0.631117,0.301657,0.204755,0.1,0.1,0.1
1.062104,-0.046682,0.636477,0.1,0.1,0.1
0.555654,0.594640,0.664041,0.1,0.1,0.1
0.664440,0.227372,0.185072,0.1,0.1,0.1
0.733842,-0.170460,0.512297,0.1,0.1,0.1
1.221411,-0.633896,0.578202,0.1,0.1,0.1
1.160486,-0.094872,0.566287,0.1,0.1,0.1
1.013472,-0.689332,0.609662,0.1,0.1,0.1
0.732941,-0.673257,0.512297,0.1,0.1,0.1
1.052048,0.540852,0.666596,0.1,0.1,0.1
0.751593,0.659971,0.342976,0.1,0.1,0.1
0.732719,-0.383295,0.185072,0.1,0.1,0.1
1.154967,-0.143650,0.664041,0.1,0.1,0.1
0.781228,-0.372956,0.512297,0.1,0.1,0.1
0.871550,-0.511098,0.204755,0.1,0.1,0.1
0.998515,-0.057529,0.315832,0.1,0.1,0.1
0.918035,0.647845,0.512297,0.1,0.1,0.1
0.589697,0.553932,0.204755,0.1,0.1,0.1
0.782310,-0.409108,0.512297,0.1,0.1,0.1
0.666684,0.006776,0.664041,0.1,0.1,0.1
1.134880,0.055248,0.281516,0.1,0.1,0.1
1.123313,-0.120854,0.204755,0.1,0.1,0.1
0.755910,-0.273267,0.512297,0.1,0.1,0.1
1.052790,0.205666,0.185072,0.1,0.1,0.1
0.761169,-0.732369,0.275289,0.1,0.1,0.1
1.031543,-0.405146,0.185072,0.1,0.1,0.1
0.622965,0.392826,0.664041,0.1,0.1,0.1
1.248153,-0.608820,0.068945,0.1,0.1,0.1
0.954192,-0.065089,0.244524,0.1,0.1,0.1
1.227625,-0.488473,0.613368,0.1,0.1,0.1
1.070187,-0.003489,0.664041,0.1,0.1,0.1
0.655196,-0.035620,0.512297,0.1,0.1,0.1
1.149893,-0.094195,0.673882,0.1,0.1,0.1
1.148575,-0.025041,0.070786,0.1,0.1,0.1
1.010063,0.669929,0.331811,0.1,0.1,0.1
0.645135,0.594268,0.185072,0.1,0.1,0.1
1.122735,0.009388,0.486884,0.1,0.1,0.1
1.220525,-0.446853,0.545684,0.1,0.1,0.1
0.584977,0.190025,0.197992,0.1,0.1,0.1
0.800203,0.139309,0.512297,0.1,0.1,0.1
0.986992,-0.059494,0.527679,0.1,0.1,0.1
1.054325,-0.048009,0.414154,0.1,0.1,0.1
0.968890,-0.696937,0.460582,0.1,0.1,0.1
1.108605,-0.442720,0.204755,0.1,0.1,0.1
1.040498,0.608566,0.454533,0.1,0.1,0.1
0.762482,0.641861,0.529313,0.1,0.1,0.1
0.986008,-0.201996,0.683724,0.1,0.1,0.1
0.834437,-0.085516,0.344641,0.1,0.1,0.1
1.198135,-0.315589,0.647927,0.1,0.1,0.1
0.581115,0.221225,0.185072,0.1,0.1,0.1
1.096622,-0.040794,0.415798,0.1,0.1,0.1
0.941155,-0.681700,0.652503,0.1,0.1,0.1
1.233391,-0.639337,0.332786,0.1,0.1,0.1
1.193253,-0.658666,0.256367,0.1,0.1,0.1
0.923300,0.598112,0.204755,0.1,0.1,0.1
1.015133,0.640208,0.020027,0.1,0.1,0.1
0.987113,-0.168063,0.512297,0.1,0.1,0.1
0.855265,-0.081963,0.518352,0.1,0.1,0.1
0.513013,0.611916,0.233804,0.1,0.1,0.1
0.753493,0.064990,0.185072,0.1,0.1,0.1
1.141512,-0.647525,0.571562,0.1,0.1,0.1
0.650369,-0.101166,0.204755,0.1,0.1,0.1
1.105048,-0.039357,0.405707,0.1,0.1,0.1
0.859447,-0.639663,0.185072,0.1,0.1,0.1
0.773709,-0.402880,0.664041,0.1,0.1,0.1
1.219185,-0.654243,0.207147,0.1,0.1,0.1
0.875721,-0.585840,0.185072,0.1,0.1,0.1
0.883118,0.118673,0.204755,0.1,0.1,0.1
1.044402,-0.652621,0.512297,0.1,0.1,0.1
1.134061,-0.057013,0.197777,0.1,0.1,0.1
1.113184,-0.422106,0.204755,0.1,0.1,0.1
1.044722,0.462673,0.512297,0.1,0.1,0.1
1.080139,-0.657993,0.290073,0.1,0.1,0.1
1.041311,-0.664616,0.315964,0.1,0.1,0.1
1.012994,-0.128632,0.185072,0.1,0.1,0.1
0.921333,-0.036144,0.512297,0.1,0.1,0.1
0.758393,0.241957,0.185072,0.1,0.1,0.1
0.636361,0.546536,0.683724,0.1,0.1,0.1
1.138353,0.034885,0.207680,0.1,0.1,0.1
0.888615,-0.690663,0.676957,0.1,0.1,0.1
1.131971,-0.411027,0.204755,0.1,0.1,0.1
0.708735,0.277585,0.512297,0.1,0.1,0.1
0.584587,0.332658,0.204755,0.1,0.1,0.1
1.232274,-0.632792,0.461099,0.1,0.1,0.1
0.803119,0.053933,0.204755,0.1,0.1,0.1
1.056313,-0.026171,0.683724,0.1,0.1,0.1
1.187247,-0.368815,0.331709,0.1,0.1,0.1
0.951590,-0.500486,0.512297,0.1,0.1,0.1
0.701153,0.168126,0.683724,0.1,0.1,0.1
1.134209,-0.057880,0.054825,0.1,0.1,0.1
0.933079,-0.121235,0.664041,0.1,0.1,0.1
0.699815,-0.300236,0.204755,0.1,0.1,0.1
0.717961,-0.084162,0.204755,0.1,0.1,0.1
1.140301,-0.093592,0.440837,0.1,0.1,0.1
0.718662,-0.385041,0.664041,0.1,0.1,0.1
1.163445,-0.411180,0.664041,0.1,0.1,0.1
0.958805,-0.664107,0.512297,0.1,0.1,0.1
0.750076,0.627739,0.664041,0.1,0.1,0.1
1.183990,-0.660246,0.322125,0.1,0.1,0.1
1.140870,-0.096929,0.190590,0.1,0.1,0.1
0.838076,-0.416978,0.185072,0.1,0.1,0.1
0.931086,-0.703385,0.393383,0.1,0.1,0.1
0.550683,0.625701,0.652037,0.1,0.1,0.1
0.893480,-0.075445,0.339209,0.1,0.1,0.1
0.830443,-0.055602,0.683724,0.1,0.1,0.1
0.798020,0.099800,0.512297,0.1,0.1,0.1
1.084677,-0.042832,0.591285,0.1,0.1,0.1
1.046617,0.075955,0.204755,0.1,0.1,0.1
1.014519,-0.689154,0.323384,0.1,0.1,0.1
0.723039,0.367355,0.185072,0.1,0.1,0.1
0.785439,-0.424182,0.683724,0.1,0.1,0.1
0.763952,0.652096,0.199414,0.1,0.1,0.1
1.123080,0.124425,0.108611,0.1,0.1,0.1
1.139668,0.027175,0.527425,0.1,0.1,0.1
1.078869,0.278582,0.512297,0.1,0.1,0.1
1.235369,-0.631515,0.554680,0.1,0.1,0.1
0.985610,-0.674118,0.644189,0.1,0.1,0.1
1.116332,-0.056904,0.664041,0.1,0.1,0.1
1.121651,-0.473283,0.683724,0.1,0.1,0.1
0.889791,-0.365571,0.185072,0.1,0.1,0.1
1.182278,-0.339688,0.353134,0.1,0.1,0.1
0.771443,0.067724,0.683724,0.1,0.1,0.1
0.820107,-0.087961,0.657742,0.1,0.1,0.1
1.123537,0.121746,0.555106,0.1,0.1,0.1
0.975696,0.686364,0.664041,0.1,0.1,0.1
1.084234,-0.459653,0.664041,0.1,0.1,0.1
1.108200,0.211656,0.116860,0.1,0.1,0.1
1.022414,0.084103,0.204755,0.1,0.1,0.1
1.138954,-0.085700,0.643309,0.1,0.1,0.1
1.006165,-0.616017,0.664041,0.1,0.1,0.1
1.206799,-0.366381,0.030617,0.1,0.1,0.1
0.904059,-0.688028,0.579256,0.1,0.1,0.1
0.733945,0.335762,0.512297,0.1,0.1,0.1
0.948277,-0.066098,0.206958,0.1,0.1,0.1
0.939354,-0.552324,0.512297,0.1,0.1,0.1
1.118992,0.031330,0.373103,0.1,0.1,0.1
0.919357,-0.686963,0.185072,0.1,0.1,0.1
1.159830,-0.091025,0.397655,0.1,0.1,0.1
0.656999,0.005619,0.683724,0.1,0.1,0.1
0.994317,0.701374,0.322787,0.1,0.1,0.1
1.132367,-0.175592,0.185072,0.1,0.1,0.1
1.143106,0.007023,0.150580,0.1,0.1,0.1
0.769295,-0.096628,0.220713,0.1,0.1,0.1
0.602478,0.571147,0.512297,0.1,0.1,0.1
0.603663,0.085320,0.512297,0.1,0.1,0.1
0.842058,0.384514,0.512297,0.1,0.1,0.1
0.610520,0.635908,0.317362,0.1,0.1,0.1
0.998749,-0.057489,0.255795,0.1,0.1,0.1
0.787171,0.057992,0.512297,0.1,0.1,0.1
0.745868,0.325506,0.512297,0.1,0.1,0.1
1.176097,-0.186391,0.241298,0.1,0.1,0.1
1.069187,0.323313,0.273857,0.1,0.1,0.1
1.011925,0.221773,0.185072,0.1,0.1,0.1
1.118740,-0.671376,0.248590,0.1,0.1,0.1
1.043027,0.476678,0.574173,0.1,0.1,0.1
0.867275,-0.699115,0.683724,0.1,0.1,0.1
1.041086,0.251905,0.683724,0.1,0.1,0.1
1.214341,-0.410600,0.570216,0.1,0.1,0.1
1.103265,0.066592,0.512297,0.1,0.1,0.1
0.893551,0.608599,0.204755,0.1,0.1,0.1
0.934932,0.209421,0.512297,0.1,0.1,0.1
1.013182,-0.434734,0.683724,0.1,0.1,0.1
1.092771,0.043777,0.512297,0.1,0.1,0.1
0.597229,0.633641,0.406802,0.1,0.1,0.1
0.955466,-0.064872,0.533228,0.1,0.1,0.1
0.673508,0.245221,0.683724,0.1,0.1,0.1
0.739870,-0.374781,0.683724,0.1,0.1,0.1
1.002969,-0.691124,0.629588,0.1,0.1,0.1
0.935784,-0.068229,0.621883,0.1,0.1,0.1
0.838826,-0.084768,0.246575,0.1,0.1,0.1
0.730611,-0.162509,0.512297,0.1,0.1,0.1
0.834825,0.378882,0.204755,0.1,0.1,0.1
0.808628,0.649733,0.279517,0.1,0.1,0.1
0.822877,-0.087488,0.335878,0.1,0.1,0.1
0.725819,-0.566455,0.664041,0.1,0.1,0.1
1.140505,-0.094788,0.508011,0.1,0.1,0.1
0.891898,-0.593322,0.683724,0.1,0.1,0.1
0.820384,-0.702301,0.630539,0.1,0.1,0.1
1.102621,0.244364,0.207714,0.1,0.1,0.1
0.581015,0.610908,0.476110,0.1,0.1,0.1
0.757894,0.206681,0.683724,0.1,0.1,0.1
0.582457,0.213318,0.683724,0.1,0.1,0.1
0.774629,0.150404,0.664041,0.1,0.1,0.1
0.658252,0.372303,0.185072,0.1,0.1,0.1
1.087429,0.333429,0.296776,0.1,0.1,0.1
0.991026,-0.128583,0.512297,0.1,0.1,0.1
1.022058,-0.264129,0.204755,0.1,0.1,0.1
1.075001,-0.658870,0.403235,0.1,0.1,0.1
0.852782,0.222021,0.664041,0.1,0.1,0.1
1.218111,-0.549757,0.045396,0.1,0.1,0.1
0.988343,-0.089454,0.204755,0.1,0.1,0.1
1.014687,0.642822,0.114444,0.1,0.1,0.1
1.095050,0.171690,0.220867,0.1,0.1,0.1
0.934600,0.671220,0.264051,0.1,0.1,0.1
1.121009,0.019507,0.102375,0.1,0.1,0.1
0.912585,-0.072186,0.645085,0.1,0.1,0.1
1.158816,-0.202138,0.352643,0.1,0.1,0.1
0.917794,0.146655,0.204755,0.1,0.1,0.1
1.003973,0.337748,0.512297,0.1,0.1,0.1
0.710118,-0.106722,0.254989,0.1,0.1,0.1
0.865726,-0.080179,0.530026,0.1,0.1,0.1
1.071075,-0.434954,0.185072,0.1,0.1,0.1
0.622609,0.155634,0.512297,0.1,0.1,0.1
0.927566,-0.320196,0.512297,0.1,0.1,0.1
0.799852,-0.275265,0.204755,0.1,0.1,0.1
0.964260,-0.151004,0.185072,0.1,0.1,0.1
0.866395,-0.080065,0.543336,0.1,0.1,0.1
0.745935,-0.679625,0.185072,0.1,0.1,0.1
1.104554,0.115977,0.238470,0.1,0.1,0.1
0.708899,0.311101,0.664041,0.1,0.1,0.1
0.866987,-0.714319,0.327575,0.1,0.1,0.1
0.736740,0.512572,0.683724,0.1,0.1,0.1
0.930943,-0.315144,0.683724,0.1,0.1,0.1
0.866323,-0.714432,0.655933,0.1,0.1,0.1
1.097106,-0.174928,0.664041,0.1,0.1,0.1
0.797134,-0.675625,0.512297,0.1,0.1,0.1
0.644064,-0.034672,0.683724,0.1,0.1,0.1
0.744504,0.658762,0.364317,0.1,0.1,0.1
0.865103,-0.426036,0.683724,0.1,0.1,0.1
0.643397,-0.034215,0.683724,0.1,0.1,0.1
0.583897,0.611399,0.560899,0.1,0.1,0.1
1.093283,0.299109,0.155049,0.1,0.1,0.1
0.906225,0.135751,0.683724,0.1,0.1,0.1
0.803167,-0.090850,0.568204,0.1,0.1,0.1
0.583672,0.237163,0.204755,0.1,0.1,0.1
0.952645,0.136373,0.512297,0.1,0.1,0.1
1.117997,0.154224,0.114578,0.1,0.1,0.1
1.230203,-0.503585,0.436626,0.1,0.1,0.1
1.239747,-0.559540,0.190656,0.1,0.1,0.1
0.751190,0.629482,0.683724,0.1,0.1,0.1
0.644598,-0.067373,0.204755,0.1,0.1,0.1
1.054822,0.412780,0.683724,0.1,0.1,0.1
1.026918,0.571117,0.113743,0.1,0.1,0.1
1.003428,0.133538,0.512297,0.1,0.1,0.1
1.093266,-0.041366,0.263583,0.1,0.1,0.1
0.978633,-0.675308,0.386015,0.1,0.1,0.1
1.220938,-0.566330,0.448182,0.1,0.1,0.1
0.997598,-0.456869,0.204755,0.1,0.1,0.1
1.060135,-0.047018,0.203990,0.1,0.1,0.1
0.978385,-0.695317,0.674182,0.1,0.1,0.1
0.959106,-0.385603,0.185072,0.1,0.1,0.1
0.806138,0.220933,0.664041,0.1,0.1,0.1
0.960997,-0.418292,0.204755,0.1,0.1,0.1
1.063543,0.473461,0.181016,0.1,0.1,0.1
0.813399,-0.036163,0.512297,0.1,0.1,0.1
0.947860,-0.401614,0.512297,0.1,0.1,0.1
0.704749,0.651981,0.314470,0.1,0.1,0.1
0.912724,-0.244583,0.185072,0.1,0.1,0.1
0.608667,0.268454,0.683724,0.1,0.1,0.1
1.145399,-0.006420,0.027562,0.1,0.1,0.1
0.969510,0.655104,0.512297,0.1,0.1,0.1
1.030523,-0.666457,0.521424,0.1,0.1,0.1
1.126790,-0.375813,0.512297,0.1,0.1,0.1
0.939134,0.398138,0.512297,0.1,0.1,0.1
1.211140,-0.508891,0.583204,0.1,0.1,0.1
1.088999,-0.470041,0.664041,0.1,0.1,0.1
0.754441,0.531733,0.512297,0.1,0.1,0.1
1.112350,-0.487667,0.512297,0.1,0.1,0.1
0.809966,-0.139547,0.664041,0.1,0.1,0.1
0.880333,0.037305,0.185072,0.1,0.1,0.1
0.806706,0.275653,0.204755,0.1,0.1,0.1
0.949249,-0.333345,0.664041,0.1,0.1,0.1
1.178795,-0.202210,0.383300,0.1,0.1,0.1
0.625745,-0.048978,0.186550,0.1,0.1,0.1
1.099623,0.261941,0.567261,0.1,0.1,0.1
0.582345,0.581940,0.664041,0.1,0.1,0.1
0.975153,-0.505800,0.512297,0.1,0.1,0.1
1.104442,-0.039460,0.327998,0.1,0.1,0.1
0.690190,0.134484,0.683724,0.1,0.1,0.1
0.956702,-0.699016,0.302906,0.1,0.1,0.1
1.126839,-0.607654,0.683724,0.1,0.1,0.1
1.013227,-0.293256,0.512297,0.1,0.1,0.1
0.723436,-0.216431,0.185072,0.1,0.1,0.1
1.136183,-0.648434,0.609605,0.1,0.1,0.1
1.154917,-0.387884,0.512297,0.1,0.1,0.1
0.657481,0.643918,0.295312,0.1,0.1,0.1
0.999284,-0.656304,0.185072,0.1,0.1,0.1
1.005879,-0.415771,0.512297,0.1,0.1,0.1
0.749170,-0.734416,0.647707,0.1,0.1,0.1
1.112313,0.187545,0.305167,0.1,0.1,0.1
0.842004,-0.084225,0.450526,0.1,0.1,0.1
0.812796,0.305994,0.204755,0.1,0.1,0.1
0.962911,0.209448,0.683724,0.1,0.1,0.1
1.074753,-0.668896,0.198456,0.1,0.1,0.1
0.783183,-0.094259,0.549828,0.1,0.1,0.1
0.893280,0.264356,0.664041,0.1,0.1,0.1
1.089274,0.322612,0.471341,0.1,0.1,0.1
1.093359,-0.086418,0.664041,0.1,0.1,0.1
1.013203,-0.132550,0.512297,0.1,0.1,0.1
1.004044,-0.598817,0.512297,0.1,0.1,0.1
1.027443,-0.588270,0.683724,0.1,0.1,0.1
1.050881,0.430632,0.176816,0.1,0.1,0.1
0.836093,-0.458211,0.512297,0.1,0.1,0.1
1.135855,-0.646250,0.512297,0.1,0.1,0.1
0.794924,0.059506,0.512297,0.1,0.1,0.1
1.223616,-0.582028,0.463044,0.1,0.1,0.1
0.841326,0.429591,0.683724,0.1,0.1,0.1
1.107271,0.100043,0.345826,0.1,0.1,0.1
0.738737,0.637811,0.667646,0.1,0.1,0.1
0.951822,-0.679881,0.665268,0.1,0.1,0.1
1.088184,0.211944,0.276661,0.1,0.1,0.1
1.059614,0.379434,0.363754,0.1,0.1,0.1
1.103451,-0.136679,0.683724,0.1,0.1,0.1
0.810886,-0.089533,0.580804,0.1,0.1,0.1
0.872949,0.660704,0.360392,0.1,0.1,0.1
1.046048,0.576024,0.536588,0.1,0.1,0.1
1.015282,0.367833,0.512297,0.1,0.1,0.1
1.004845,-0.273635,0.683724,0.1,0.1,0.1
0.868013,-0.714144,0.445736,0.1,0.1,0.1
1.112183,0.071246,0.290816,0.1,0.1,0.1
0.678802,0.529278,0.683724,0.1,0.1,0.1
0.910893,-0.308653,0.204755,0.1,0.1,0.1
0.799887,0.598279,0.664041,0.1,0.1,0.1
0.624837,0.618383,0.285697,0.1,0.1,0.1
0.851150,-0.717020,0.185241,0.1,0.1,0.1
0.953209,-0.679644,0.415365,0.1,0.1,0.1
0.904494,-0.073566,0.421427,0.1,0.1,0.1
1.029194,0.305618,0.664041,0.1,0.1,0.1
0.873974,0.670863,0.669134,0.1,0.1,0.1
0.950075,0.147314,0.512297,0.1,0.1,0.1
0.917150,-0.215056,0.512297,0.1,0.1,0.1
0.741756,-0.729095,0.643714,0.1,0.1,0.1
0.681589,-0.182967,0.683724,0.1,0.1,0.1
0.831779,-0.077492,0.512297,0.1,0.1,0.1
0.661205,0.644553,0.498063,0.1,0.1,0.1
1.037358,0.010855,0.664041,0.1,0.1,0.1
1.027403,-0.615494,0.664041,0.1,0.1,0.1
0.966212,0.676613,0.503828,0.1,0.1,0.1
0.650115,-0.116957,0.510248,0.1,0.1,0.1
1.127809,-0.020358,0.353709,0.1,0.1,0.1
0.705505,-0.107509,0.621628,0.1,0.1,0.1
0.835517,0.563386,0.185072,0.1,0.1,0.1
0.741034,0.429279,0.512297,0.1,0.1,0.1
0.927729,0.498302,0.185072,0.1,0.1,0.1
0.834608,0.438283,0.683724,0.1,0.1,0.1
0.689818,-0.110185,0.328136,0.1,0.1,0.1
1.015940,0.638841,0.185072,0.1,0.1,0.1
0.822816,0.652153,0.441109,0.1,0.1,0.1
1.093599,0.297257,0.125435,0.1,0.1,0.1
1.040254,-0.508972,0.683724,0.1,0.1,0.1
0.842076,0.675405,0.330030,0.1,0.1,0.1
0.666806,-0.289701,0.678552,0.1,0.1,0.1
1.045518,0.579132,0.408990,0.1,0.1,0.1
1.018968,0.404802,0.512297,0.1,0.1,0.1
0.988019,-0.029923,0.512297,0.1,0.1,0.1
0.702627,0.635812,0.664041,0.1,0.1,0.1
0.933727,0.350038,0.204755,0.1,0.1,0.1
1.139035,-0.647947,0.517773,0.1,0.1,0.1
1.018148,0.695455,0.103289,0.1,0.1,0.1
0.792296,-0.011914,0.204755,0.1,0.1,0.1
0.989534,0.195845,0.204755,0.1,0.1,0.1
1.151812,-0.161076,0.011361,0.1,0.1,0.1
0.754601,0.137561,0.512297,0.1,0.1,0.1
1.224251,-0.585754,0.346687,0.1,0.1,0.1
0.731221,0.205216,0.664041,0.1,0.1,0.1
0.782554,0.572428,0.664041,0.1,0.1,0.1
0.943094,0.148681,0.512297,0.1,0.1,0.1
0.930923,-0.315061,0.664041,0.1,0.1,0.1
0.949849,-0.271251,0.664041,0.1,0.1,0.1
1.089010,0.207099,0.632103,0.1,0.1,0.1
0.946989,-0.066318,0.514351,0.1,0.1,0.1
1.209562,-0.432168,0.673882,0.1,0.1,0.1
1.157735,-0.238922,0.512297,0.1,0.1,0.1
1.016690,0.269731,0.185072,0.1,0.1,0.1
0.775840,0.607925,0.204755,0.1,0.1,0.1
1.066756,-0.680244,0.487399,0.1,0.1,0.1
0.845521,-0.218197,0.512297,0.1,0.1,0.1
1.215108,-0.634971,0.659883,0.1,0.1,0.1
0.847218,-0.697724,0.669187,0.1,0.1,0.1
0.599760,0.614105,0.343214,0.1,0.1,0.1
1.138858,-0.158581,0.512297,0.1,0.1,0.1
0.775300,-0.095604,0.234487,0.1,0.1,0.1
1.233184,-0.638124,0.357454,0.1,0.1,0.1
0.896131,-0.251400,0.512297,0.1,0.1,0.1
0.743013,0.543039,0.512297,0.1,0.1,0.1
0.731504,-0.103074,0.347388,0.1,0.1,0.1
0.835856,0.674344,0.404522,0.1,0.1,0.1
0.662868,0.634853,0.675783,0.1,0.1,0.1
0.948031,0.157616,0.512297,0.1,0.1,0.1
0.850714,-0.136217,0.512297,0.1,0.1,0.1
1.099864,-0.654629,0.658257,0.1,0.1,0.1
1.020138,-0.229420,0.512297,0.1,0.1,0.1
0.574332,0.433994,0.512297,0.1,0.1,0.1
1.107777,-0.267926,0.204755,0.1,0.1,0.1
1.186893,-0.639784,0.407526,0.1,0.1,0.1
0.958981,0.179430,0.683724,0.1,0.1,0.1
1.027446,0.685079,0.186101,0.1,0.1,0.1
0.812841,-0.723555,0.215140,0.1,0.1,0.1
1.038884,-0.321790,0.512297,0.1,0.1,0.1
1.065151,0.035640,0.664041,0.1,0.1,0.1
0.741795,-0.601248,0.512297,0.1,0.1,0.1
0.781799,0.665124,0.200539,0.1,0.1,0.1
0.668407,-0.082110,0.512297,0.1,0.1,0.1
0.552430,0.478955,0.512297,0.1,0.1,0.1
0.842040,0.133431,0.664041,0.1,0.1,0.1
1.213415,-0.405166,0.611819,0.1,0.1,0.1
0.613050,0.264593,0.512297,0.1,0.1,0.1
1.046200,-0.232300,0.512297,0.1,0.1,0.1
1.184520,-0.506559,0.512297,0.1,0.1,0.1
1.180807,-0.214005,0.631226,0.1,0.1,0.1
1.213874,-0.407857,0.091372,0.1,0.1,0.1
0.875884,0.133644,0.204755,0.1,0.1,0.1
0.663799,0.442164,0.664041,0.1,0.1,0.1
0.952225,0.011211,0.683724,0.1,0.1,0.1
1.153818,-0.299347,0.683724,0.1,0.1,0.1
1.244087,-0.640012,0.110010,0.1,0.1,0.1
0.977150,0.535413,0.664041,0.1,0.1,0.1
0.785657,-0.093837,0.357389,0.1,0.1,0.1
0.837169,0.555856,0.683724,0.1,0.1,0.1
0.546431,0.468528,0.512297,0.1,0.1,0.1
0.742615,-0.734132,0.542814,0.1,0.1,0.1
1.139227,-0.087297,0.015192,0.1,0.1,0.1
0.667283,0.340213,0.512297,0.1,0.1,0.1
0.701658,0.651454,0.240276,0.1,0.1,0.1
0.689955,-0.120733,0.204755,0.1,0.1,0.1
1.059428,0.380523,0.041675,0.1,0.1,0.1
0.831315,0.653602,0.199332,0.1,0.1,0.1
0.927824,-0.069587,0.681116,0.1,0.1,0.1
1.222834,-0.522225,0.512297,0.1,0.1,0.1
0.811691,0.650255,0.342465,0.1,0.1,0.1
0.875778,-0.078465,0.569799,0.1,0.1,0.1
0.704328,0.073840,0.512297,0.1,0.1,0.1
1.102902,-0.474304,0.204755,0.1,0.1,0.1
0.941796,0.144645,0.683724,0.1,0.1,0.1
0.800867,0.649461,0.185072,0.1,0.1,0.1
0.883594,-0.691519,0.234029,0.1,0.1,0.1
0.710855,0.653022,0.319824,0.1,0.1,0.1
0.853655,-0.622430,0.185072,0.1,0.1,0.1
1.094691,0.173799,0.133038,0.1,0.1,0.1
0.919362,-0.071030,0.507886,0.1,0.1,0.1
0.742690,-0.734572,0.190936,0.1,0.1,0.1
1.010882,-0.440058,0.664041,0.1,0.1,0.1
1.251140,-0.626334,0.207455,0.1,0.1,0.1
0.837382,0.083592,0.204755,0.1,0.1,0.1
1.020601,0.608151,0.040395,0.1,0.1,0.1
1.110797,0.079374,0.147708,0.1,0.1,0.1
1.045285,-0.049551,0.591630,0.1,0.1,0.1
0.801000,0.668399,0.274228,0.1,0.1,0.1
1.033225,-0.298810,0.512297,0.1,0.1,0.1
0.833102,0.444829,0.512297,0.1,0.1,0.1
0.987522,0.123188,0.512297,0.1,0.1,0.1
0.995870,-0.305762,0.512297,0.1,0.1,0.1
0.904186,0.108373,0.185072,0.1,0.1,0.1
0.887812,0.382606,0.683724,0.1,0.1,0.1
0.819105,0.671487,0.663653,0.1,0.1,0.1
0.780080,0.589523,0.664041,0.1,0.1,0.1
0.551748,0.605915,0.189040,0.1,0.1,0.1
1.148565,-0.142040,0.411980,0.1,0.1,0.1
1.067241,0.334721,0.673312,0.1,0.1,0.1
0.844842,-0.690094,0.512297,0.1,0.1,0.1
0.756994,0.274274,0.683724,0.1,0.1,0.1
0.976344,-0.675698,0.414458,0.1,0.1,0.1
1.131555,-0.034835,0.205096,0.1,0.1,0.1
0.667675,0.085669,0.664041,0.1,0.1,0.1
0.940167,-0.424071,0.185072,0.1,0.1,0.1
0.878880,0.397502,0.664041,0.1,0.1,0.1
1.076296,0.331022,0.185072,0.1,0.1,0.1
0.741349,-0.042645,0.204755,0.1,0.1,0.1
0.676831,0.627251,0.652391,0.1,0.1,0.1
0.628528,0.274251,0.664041,0.1,0.1,0.1
0.515651,0.619725,0.244989,0.1,0.1,0.1
1.187285,-0.422160,0.204755,0.1,0.1,0.1
1.091262,-0.041708,0.542516,0.1,0.1,0.1
1.038449,0.159667,0.683724,0.1,0.1,0.1
1.190495,-0.270801,0.200093,0.1,0.1,0.1
0.876461,-0.137426,0.664041,0.1,0.1,0.1
0.813727,0.134977,0.204755,0.1,0.1,0.1
0.796574,0.667644,0.484250,0.1,0.1,0.1
0.991505,0.259949,0.512297,0.1,0.1,0.1
0.841878,0.468128,0.512297,0.1,0.1,0.1
0.766074,0.154089,0.204755,0.1,0.1,0.1
0.733286,-0.679443,0.683453,0.1,0.1,0.1
0.956218,0.337238,0.204755,0.1,0.1,0.1
1.139975,-0.653378,0.664041,0.1,0.1,0.1
1.015825,0.636148,0.155448,0.1,0.1,0.1
0.937579,-0.702278,0.343220,0.1,0.1,0.1
1.053143,-0.048210,0.326584,0.1,0.1,0.1
0.781938,-0.708859,0.681510,0.1,0.1,0.1
0.828339,-0.720911,0.270571,0.1,0.1,0.1
0.814705,-0.088882,0.276629,0.1,0.1,0.1
0.972833,0.409125,0.683724,0.1,0.1,0.1
1.057034,0.511621,0.596387,0.1,0.1,0.1
1.205881,-0.645794,0.683724,0.1,0.1,0.1
1.027443,-0.402758,0.683724,0.1,0.1,0.1
1.221478,-0.653852,0.514850,0.1,0.1,0.1
0.895869,0.560959,0.664041,0.1,0.1,0.1
0.951154,-0.679995,0.389377,0.1,0.1,0.1
0.768303,0.108438,0.664041,0.1,0.1,0.1
1.144448,-0.059376,0.192349,0.1,0.1,0.1
0.561518,0.349481,0.512297,0.1,0.1,0.1
1.040770,0.489911,0.597553,0.1,0.1,0.1
1.207318,-0.656267,0.541843,0.1,0.1,0.1
1.195291,-0.415973,0.455847,0.1,0.1,0.1
0.963630,0.545519,0.664041,0.1,0.1,0.1
0.907848,-0.072994,0.272698,0.1,0.1,0.1
1.239158,-0.640852,0.027390,0.1,0.1,0.1
0.822483,0.259121,0.204755,0.1,0.1,0.1
0.974864,0.698056,0.225051,0.1,0.1,0.1
1.102834,0.112249,0.185072,0.1,0.1,0.1
1.034179,0.587079,0.202327,0.1,0.1,0.1
1.106479,0.221749,0.182495,0.1,0.1,0.1
1.121832,0.014683,0.606223,0.1,0.1,0.1
0.896853,0.311147,0.683724,0.1,0.1,0.1
0.951518,-0.162852,0.185072,0.1,0.1,0.1
0.703692,0.631833,0.526387,0.1,0.1,0.1
0.935813,-0.068224,0.337837,0.1,0.1,0.1
0.851684,-0.082574,0.408409,0.1,0.1,0.1
0.879784,-0.413917,0.204755,0.1,0.1,0.1
0.715413,-0.446247,0.185072,0.1,0.1,0.1
0.727494,0.575622,0.512297,0.1,0.1,0.1
0.734922,-0.682285,0.683724,0.1,0.1,0.1
0.991539,-0.175490,0.185072,0.1,0.1,0.1
0.681209,0.510477,0.204755,0.1,0.1,0.1
1.119702,-0.204118,0.512297,0.1,0.1,0.1
0.512585,0.614422,0.352875,0.1,0.1,0.1
0.755092,-0.099051,0.319214,0.1,0.1,0.1
0.934054,-0.188671,0.204755,0.1,0.1,0.1
0.623738,-0.037214,0.677874,0.1,0.1,0.1
0.686700,0.498548,0.185072,0.1,0.1,0.1
0.511819,0.618916,0.404740,0.1,0.1,0.1
1.103749,0.237754,0.465563,0.1,0.1,0.1
0.732917,0.519103,0.683724,0.1,0.1,0.1
0.788500,-0.048437,0.683724,0.1,0.1,0.1
1.060198,0.376012,0.561525,0.1,0.1,0.1
1.006978,0.440161,0.204755,0.1,0.1,0.1
1.214223,-0.586578,0.204755,0.1,0.1,0.1
0.727863,-0.103695,0.593652,0.1,0.1,0.1
1.039314,0.498445,0.445978,0.1,0.1,0.1
1.221688,-0.570728,0.326241,0.1,0.1,0.1
1.075583,0.058513,0.512297,0.1,0.1,0.1
0.634847,0.620090,0.456045,0.1,0.1,0.1
0.993661,-0.317859,0.664041,0.1,0.1,0.1
0.909458,-0.504529,0.664041,0.1,0.1,0.1
0.994764,-0.463715,0.512297,0.1,0.1,0.1
1.121557,-0.036541,0.578216,0.1,0.1,0.1
1.044854,0.583026,0.649629,0.1,0.1,0.1
1.151193,-0.645873,0.369260,0.1,0.1,0.1
0.865312,-0.714605,0.398609,0.1,0.1,0.1
0.925136,0.689573,0.565254,0.1,0.1,0.1
1.031308,0.545381,0.663893,0.1,0.1,0.1
0.963059,-0.342459,0.512297,0.1,0.1,0.1
0.956410,0.674940,0.600539,0.1,0.1,0.1
1.005342,0.207321,0.683724,0.1,0.1,0.1
1.168538,-0.642915,0.519457,0.1,0.1,0.1
1.202385,-0.435922,0.512297,0.1,0.1,0.1
0.592219,0.178504,0.185072,0.1,0.1,0.1
0.876948,-0.063087,0.512297,0.1,0.1,0.1
0.964349,0.676474,0.683724,0.1,0.1,0.1
1.012601,-0.055126,0.454333,0.1,0.1,0.1
1.108283,-0.673160,0.214321,0.1,0.1,0.1
1.100543,0.256549,0.532160,0.1,0.1,0.1
0.959460,-0.283549,0.185072,0.1,0.1,0.1
1.119382,0.029043,0.472398,0.1,0.1,0.1
0.898948,-0.708867,0.381089,0.1,0.1,0.1
0.713484,0.625232,0.512297,0.1,0.1,0.1
0.917682,0.688302,0.500219,0.1,0.1,0.1
1.008893,-0.055758,0.377173,0.1,0.1,0.1
1.203310,-0.656951,0.282549,0.1,0.1,0.1
1.010209,0.669077,0.137931,0.1,0.1,0.1
0.926665,-0.495381,0.683724,0.1,0.1,0.1
0.920951,-0.392001,0.683724,0.1,0.1,0.1
0.965978,-0.677466,0.610256,0.1,0.1,0.1
0.689727,0.629451,0.458450,0.1,0.1,0.1
1.120817,-0.671022,0.681280,0.1,0.1,0.1
1.120110,0.024774,0.129262,0.1,0.1,0.1
0.576660,0.584314,0.204755,0.1,0.1,0.1
0.964729,-0.063292,0.612775,0.1,0.1,0.1
1.246990,-0.602003,0.252429,0.1,0.1,0.1
1.018931,0.434155,0.512297,0.1,0.1,0.1
0.825520,0.332648,0.512297,0.1,0.1,0.1
1.044067,0.273396,0.185072,0.1,0.1,0.1
1.066081,0.341520,0.406623,0.1,0.1,0.1
0.796007,0.614139,0.683724,0.1,0.1,0.1
1.106249,0.223097,0.220834,0.1,0.1,0.1
0.524985,0.541731,0.664895,0.1,0.1,0.1
0.910740,-0.266452,0.512297,0.1,0.1,0.1
1.033759,0.648073,0.245343,0.1,0.1,0.1
0.782101,-0.715604,0.512297,0.1,0.1,0.1
1.064454,-0.314178,0.185072,0.1,0.1,0.1
1.184650,-0.326119,0.000000,0.1,0.1,0.1
0.717392,0.237018,0.664041,0.1,0.1,0.1
0.805787,-0.090403,0.503092,0.1,0.1,0.1
1.014605,0.025260,0.204755,0.1,0.1,0.1
0.911248,-0.706769,0.429907,0.1,0.1,0.1
1.164441,-0.235115,0.618496,0.1,0.1,0.1
0.940572,0.058381,0.512297,0.1,0.1,0.1
0.991696,0.700927,0.270302,0.1,0.1,0.1
1.244579,-0.587869,0.162435,0.1,0.1,0.1
0.788390,0.194309,0.512297,0.1,0.1,0.1
1.007975,0.682174,0.268985,0.1,0.1,0.1
0.738932,-0.603045,0.185072,0.1,0.1,0.1
0.805882,0.508875,0.185072,0.1,0.1,0.1
1.019612,0.613950,0.509375,0.1,0.1,0.1
1.153064,-0.645554,0.238227,0.1,0.1,0.1
1.065939,0.342356,0.299088,0.1,0.1,0.1
1.100404,0.159533,0.185072,0.1,0.1,0.1
1.127117,-0.649980,0.218331,0.1,0.1,0.1
1.053275,-0.397306,0.512297,0.1,0.1,0.1
1.133087,-0.051302,0.448621,0.1,0.1,0.1
1.072337,0.075645,0.204755,0.1,0.1,0.1
1.132974,0.066421,0.359977,0.1,0.1,0.1
0.744032,-0.573521,0.512297,0.1,0.1,0.1
0.874460,0.196752,0.683724,0.1,0.1,0.1
1.072680,-0.170932,0.512297,0.1,0.1,0.1
0.977360,-0.061137,0.348181,0.1,0.1,0.1
0.663036,0.624898,0.196643,0.1,0.1,0.1
1.117971,0.037318,0.206460,0.1,0.1,0.1
0.678606,0.031996,0.512297,0.1,0.1,0.1
0.936031,-0.682575,0.672118,0.1,0.1,0.1
0.888576,0.663370,0.279359,0.1,0.1,0.1
0.677486,0.637347,0.188851,0.1,0.1,0.1
1.093145,0.233281,0.512297,0.1,0.1,0.1
1.140524,0.022157,0.648524,0.1,0.1,0.1
0.520622,0.620574,0.679026,0.1,0.1,0.1
1.226324,-0.480850,0.185838,0.1,0.1,0.1
1.147593,-0.019285,0.445480,0.1,0.1,0.1
1.182569,-0.605627,0.185072,0.1,0.1,0.1
1.092001,-0.332561,0.204755,0.1,0.1,0.1
1.103700,0.105532,0.664041,0.1,0.1,0.1
0.691438,0.044935,0.512297,0.1,0.1,0.1
0.617937,0.276785,0.683724,0.1,0.1,0.1
0.751534,-0.651619,0.185072,0.1,0.1,0.1
0.513787,0.607376,0.630674,0.1,0.1,0.1
1.202119,-0.338947,0.458019,0.1,0.1,0.1
0.681785,0.615704,0.204755,0.1,0.1,0.1
0.766623,0.550324,0.664041,0.1,0.1,0.1
0.749489,0.113706,0.512297,0.1,0.1,0.1
1.012018,-0.337996,0.185072,0.1,0.1,0.1
0.751861,-0.099602,0.481052,0.1,0.1,0.1
0.711184,-0.106540,0.378057,0.1,0.1,0.1
1.047702,0.188707,0.512297,0.1,0.1,0.1
0.782384,0.665223,0.370810,0.1,0.1,0.1
0.688569,-0.036302,0.185072,0.1,0.1,0.1
0.782478,-0.098567,0.185072,0.1,0.1,0.1
0.712038,0.620397,0.512297,0.1,0.1,0.1
0.773031,-0.395052,0.683724,0.1,0.1,0.1
1.220981,-0.553436,0.664041,0.1,0.1,0.1
1.120188,-0.661146,0.683707,0.1,0.1,0.1
0.789636,-0.683510,0.683724,0.1,0.1,0.1
0.852750,0.657259,0.341705,0.1,0.1,0.1
0.894012,0.664297,0.189600,0.1,0.1,0.1
1.098056,-0.008974,0.512297,0.1,0.1,0.1
0.671107,-0.314918,0.666691,0.1,0.1,0.1
0.689697,-0.011610,0.204755,0.1,0.1,0.1
0.888228,-0.112702,0.204755,0.1,0.1,0.1
0.784811,-0.582437,0.185072,0.1,0.1,0.1
0.757417,-0.572291,0.204755,0.1,0.1,0.1
0.849206,-0.082997,0.340514,0.1,0.1,0.1
1.076240,0.281967,0.530681,0.1,0.1,0.1
1.072743,-0.259499,0.683724,0.1,0.1,0.1
0.594081,0.537687,0.664041,0.1,0.1,0.1
1.101731,-0.659858,0.683724,0.1,0.1,0.1
0.982233,0.343598,0.185072,0.1,0.1,0.1
0.895236,0.379661,0.512297,0.1,0.1,0.1
1.172734,-0.348434,0.664041,0.1,0.1,0.1
1.131036,-0.669279,0.387319,0.1,0.1,0.1
0.585403,0.187529,0.665064,0.1,0.1,0.1
0.947909,-0.680548,0.634277,0.1,0.1,0.1
1.026205,0.374155,0.185072,0.1,0.1,0.1
1.226196,-0.480095,0.410744,0.1,0.1,0.1
1.047785,-0.638369,0.512297,0.1,0.1,0.1
1.019265,0.615982,0.600747,0.1,0.1,0.1
1.005461,-0.154367,0.512297,0.1,0.1,0.1
1.026356,0.574411,0.535744,0.1,0.1,0.1
0.914338,-0.570889,0.683724,0.1,0.1,0.1
0.755861,-0.631610,0.512297,0.1,0.1,0.1
1.050735,0.431488,0.195352,0.1,0.1,0.1
1.076087,-0.044297,0.470050,0.1,0.1,0.1
0.839935,-0.084578,0.414176,0.1,0.1,0.1
0.894575,-0.051281,0.683724,0.1,0.1,0.1
1.122317,0.060101,0.512297,0.1,0.1,0.1
0.675415,0.100371,0.185072,0.1,0.1,0.1
1.146962,-0.015585,0.602983,0.1,0.1,0.1
0.921034,-0.705100,0.293475,0.1,0.1,0.1
0.822639,0.565821,0.512297,0.1,0.1,0.1
1.013963,-0.642441,0.512297,0.1,0.1,0.1
0.790378,-0.270124,0.512297,0.1,0.1,0.1
1.054481,-0.042033,0.512297,0.1,0.1,0.1
1.000583,0.013128,0.512297,0.1,0.1,0.1
1.205376,-0.475097,0.208798,0.1,0.1,0.1
1.193301,-0.404310,0.410346,0.1,0.1,0.1
0.944360,0.333992,0.664041,0.1,0.1,0.1
0.711775,-0.034117,0.204755,0.1,0.1,0.1
1.044566,0.467655,0.222823,0.1,0.1,0.1
1.216594,-0.423807,0.640124,0.1,0.1,0.1
0.711124,-0.142410,0.664041,0.1,0.1,0.1
0.769072,0.222126,0.204755,0.1,0.1,0.1
1.018044,-0.054198,0.416393,0.1,0.1,0.1
0.730183,0.186733,0.683724,0.1,0.1,0.1
0.762834,-0.002098,0.185072,0.1,0.1,0.1
0.968130,0.141116,0.683724,0.1,0.1,0.1
1.184381,-0.352017,0.629507,0.1,0.1,0.1
0.562224,0.522530,0.512297,0.1,0.1,0.1
1.149834,-0.646105,0.563863,0.1,0.1,0.1
0.989821,-0.693367,0.440667,0.1,0.1,0.1
1.040265,-0.671648,0.185072,0.1,0.1,0.1
0.703432,-0.107862,0.571531,0.1,0.1,0.1
0.737571,0.494002,0.683724,0.1,0.1,0.1
0.903686,0.685915,0.222693,0.1,0.1,0.1
1.203125,-0.437974,0.204755,0.1,0.1,0.1
1.203322,-0.641978,0.664041,0.1,0.1,0.1
1.197824,-0.430824,0.456636,0.1,0.1,0.1
0.808857,-0.179745,0.664041,0.1,0.1,0.1
0.747412,-0.734716,0.669685,0.1,0.1,0.1
0.730556,-0.636269,0.512297,0.1,0.1,0.1
1.220253,-0.562317,0.038581,0.1,0.1,0.1
1.075403,0.286871,0.321361,0.1,0.1,0.1
0.980079,0.624944,0.683724,0.1,0.1,0.1
0.719921,0.654569,0.201728,0.1,0.1,0.1
0.771739,-0.344786,0.512297,0.1,0.1,0.1
0.795216,0.667412,0.315375,0.1,0.1,0.1
0.782629,-0.718725,0.196415,0.1,0.1,0.1
1.039460,0.497587,0.659742,0.1,0.1,0.1
0.666304,0.625456,0.294558,0.1,0.1,0.1
1.053428,0.415703,0.278768,0.1,0.1,0.1
0.731349,-0.103100,0.608132,0.1,0.1,0.1
0.589881,0.632387,0.315172,0.1,0.1,0.1
0.876994,-0.260268,0.185072,0.1,0.1,0.1
0.794191,-0.713835,0.185072,0.1,0.1,0.1
0.992998,0.496309,0.204755,0.1,0.1,0.1
0.927491,0.223303,0.204755,0.1,0.1,0.1
1.031053,0.663933,0.417805,0.1,0.1,0.1
0.934328,0.490239,0.664041,0.1,0.1,0.1
1.236156,-0.631381,0.218318,0.1,0.1,0.1
1.131115,0.077317,0.359108,0.1,0.1,0.1
1.111368,0.193088,0.144334,0.1,0.1,0.1
0.946647,-0.183100,0.683724,0.1,0.1,0.1
0.969497,-0.696834,0.388281,0.1,0.1,0.1
1.141301,-0.099455,0.252373,0.1,0.1,0.1
0.568709,0.372994,0.512297,0.1,0.1,0.1
0.773548,0.373494,0.512297,0.1,0.1,0.1
1.113702,-0.625375,0.683724,0.1,0.1,0.1
1.208756,-0.377854,0.462685,0.1,0.1,0.1
0.805702,0.039524,0.683724,0.1,0.1,0.1
0.626531,-0.053586,0.664213,0.1,0.1,0.1
1.083282,0.240680,0.039593,0.1,0.1,0.1
1.243301,-0.580376,0.643662,0.1,0.1,0.1
1.046515,0.345622,0.204755,0.1,0.1,0.1
1.025824,0.452251,0.512297,0.1,0.1,0.1
0.913493,-0.322950,0.185072,0.1,0.1,0.1
1.076163,-0.658672,0.207718,0.1,0.1,0.1
1.142831,0.008632,0.647463,0.1,0.1,0.1
0.796254,-0.357129,0.683724,0.1,0.1,0.1
0.612069,0.636172,0.231482,0.1,0.1,0.1
0.575326,0.547458,0.204755,0.1,0.1,0.1
0.795078,0.002433,0.512297,0.1,0.1,0.1
0.605553,0.069395,0.670377,0.1,0.1,0.1
1.238025,-0.549444,0.142988,0.1,0.1,0.1
0.864491,-0.694778,0.309007,0.1,0.1,0.1
1.132635,-0.048654,0.431048,0.1,0.1,0.1
0.571459,0.306764,0.664041,0.1,0.1,0.1
1.090289,-0.315177,0.204755,0.1,0.1,0.1
0.777786,-0.729535,0.682822,0.1,0.1,0.1
0.788915,0.666337,0.493338,0.1,0.1,0.1
1.178126,-0.315343,0.073414,0.1,0.1,0.1
0.827088,0.300600,0.512297,0.1,0.1,0.1
0.772172,0.310888,0.683724,0.1,0.1,0.1
0.783144,0.001808,0.185072,0.1,0.1,0.1
0.831896,-0.548553,0.683724,0.1,0.1,0.1
0.697926,-0.108802,0.556023,0.1,0.1,0.1
0.876510,0.066889,0.512297,0.1,0.1,0.1
1.119346,0.146317,0.330833,0.1,0.1,0.1
1.105119,0.229720,0.481032,0.1,0.1,0.1
1.028958,-0.052336,0.260165,0.1,0.1,0.1
0.754320,0.204038,0.185072,0.1,0.1,0.1
0.933519,-0.578464,0.683724,0.1,0.1,0.1
0.802434,-0.272390,0.512297,0.1,0.1,0.1
1.091067,0.195041,0.597801,0.1,0.1,0.1
0.765931,0.148775,0.512297,0.1,0.1,0.1
0.969888,0.650912,0.512297,0.1,0.1,0.1
0.981993,-0.576333,0.664041,0.1,0.1,0.1
1.160194,-0.210217,0.504135,0.1,0.1,0.1
1.173548,-0.288507,0.604439,0.1,0.1,0.1
0.897852,-0.074699,0.498727,0.1,0.1,0.1
0.758944,0.641258,0.355373,0.1,0.1,0.1
0.906157,0.666369,0.604437,0.1,0.1,0.1
1.149055,-0.291830,0.683724,0.1,0.1,0.1
1.040020,0.611365,0.372700,0.1,0.1,0.1
0.775444,0.664040,0.661285,0.1,0.1,0.1
1.170258,-0.275704,0.512297,0.1,0.1,0.1
0.955755,-0.064822,0.658725,0.1,0.1,0.1
0.585130,0.631577,0.602909,0.1,0.1,0.1
0.912057,-0.072276,0.323699,0.1,0.1,0.1
1.105960,0.224791,0.057040,0.1,0.1,0.1
0.766309,-0.731492,0.670845,0.1,0.1,0.1
0.966071,-0.396027,0.664041,0.1,0.1,0.1
0.926107,0.669771,0.325266,0.1,0.1,0.1
0.672665,-0.113110,0.571514,0.1,0.1,0.1
0.922057,0.243867,0.512297,0.1,0.1,0.1
1.084865,-0.677155,0.231714,0.1,0.1,0.1
0.654862,-0.116147,0.239985,0.1,0.1,0.1
0.818132,0.651354,0.509682,0.1,0.1,0.1
0.973117,-0.257241,0.512297,0.1,0.1,0.1
1.132456,-0.371837,0.683724,0.1,0.1,0.1
0.856648,-0.309379,0.512297,0.1,0.1,0.1
0.938971,0.226265,0.512297,0.1,0.1,0.1
1.205582,-0.476306,0.577632,0.1,0.1,0.1
0.756360,0.154647,0.664041,0.1,0.1,0.1
1.185414,-0.241011,0.062217,0.1,0.1,0.1
0.760265,-0.166717,0.664041,0.1,0.1,0.1
1.229073,-0.614024,0.137737,0.1,0.1,0.1
0.741199,-0.143062,0.683724,0.1,0.1,0.1
0.710405,0.459190,0.185072,0.1,0.1,0.1
0.864735,-0.350417,0.683724,0.1,0.1,0.1
1.128280,-0.002633,0.673882,0.1,0.1,0.1
0.514920,0.600738,0.340582,0.1,0.1,0.1
0.706997,0.632397,0.241982,0.1,0.1,0.1
0.846827,0.540400,0.683724,0.1,0.1,0.1
0.941473,0.692360,0.488915,0.1,0.1,0.1
1.216902,-0.425608,0.233941,0.1,0.1,0.1
0.775713,-0.468116,0.204755,0.1,0.1,0.1
0.688194,0.629190,0.534422,0.1,0.1,0.1
0.885387,0.408546,0.512297,0.1,0.1,0.1
0.898961,-0.688898,0.363653,0.1,0.1,0.1
1.185199,-0.472126,0.512297,0.1,0.1,0.1
0.711925,0.040423,0.664041,0.1,0.1,0.1
1.157937,-0.196985,0.673063,0.1,0.1,0.1
0.732596,0.145642,0.204755,0.1,0.1,0.1
0.660915,0.030928,0.683724,0.1,0.1,0.1
1.043725,0.589647,0.078287,0.1,0.1,0.1
0.726357,-0.103952,0.496935,0.1,0.1,0.1
1.066954,0.453466,0.623242,0.1,0.1,0.1
0.950227,-0.700120,0.404986,0.1,0.1,0.1
1.161486,-0.664085,0.574446,0.1,0.1,0.1
0.717322,0.479298,0.664041,0.1,0.1,0.1
1.042673,0.478755,0.493973,0.1,0.1,0.1
1.201072,-0.449865,0.425374,0.1,0.1,0.1
0.934399,-0.437704,0.664041,0.1,0.1,0.1
1.069850,-0.374371,0.512297,0.1,0.1,0.1
0.991816,0.443866,0.512297,0.1,0.1,0.1
0.736127,0.047106,0.512297,0.1,0.1,0.1
0.631441,0.639476,0.344371,0.1,0.1,0.1
0.942992,0.692619,0.614568,0.1,0.1,0.1
1.097108,-0.040711,0.380426,0.1,0.1,0.1
0.806169,-0.503575,0.185072,0.1,0.1,0.1
0.669029,0.625921,0.416361,0.1,0.1,0.1
0.875074,-0.277256,0.204755,0.1,0.1,0.1
0.869495,-0.264142,0.512297,0.1,0.1,0.1
0.840555,-0.183687,0.683724,0.1,0.1,0.1
0.853820,0.144112,0.664041,0.1,0.1,0.1
0.887109,-0.290377,0.512297,0.1,0.1,0.1
0.763885,0.662068,0.287103,0.1,0.1,0.1
0.750175,-0.714277,0.475124,0.1,0.1,0.1
0.926889,0.577492,0.512297,0.1,0.1,0.1
0.949095,-0.498201,0.512297,0.1,0.1,0.1
1.182311,-0.485915,0.185072,0.1,0.1,0.1
1.119685,-0.554021,0.683724,0.1,0.1,0.1
0.795071,-0.711032,0.683724,0.1,0.1,0.1
1.087204,-0.676756,0.276860,0.1,0.1,0.1
0.901358,-0.129227,0.204755,0.1,0.1,0.1
0.658876,-0.115462,0.307106,0.1,0.1,0.1
0.966285,-0.308167,0.512297,0.1,0.1,0.1
0.654322,0.643379,0.275556,0.1,0.1,0.1
1.112566,0.186060,0.235611,0.1,0.1,0.1
1.197117,-0.309618,0.226555,0.1,0.1,0.1
1.197211,-0.427233,0.672917,0.1,0.1,0.1
0.963362,-0.063525,0.327659,0.1,0.1,0.1
1.214471,-0.411361,0.635477,0.1,0.1,0.1
1.123878,0.119747,0.558018,0.1,0.1,0.1
0.837876,-0.046719,0.683724,0.1,0.1,0.1
0.775183,0.482505,0.512297,0.1,0.1,0.1
0.704966,-0.232209,0.185072,0.1,0.1,0.1
1.038062,-0.050783,0.503351,0.1,0.1,0.1
0.665088,0.399706,0.512297,0.1,0.1,0.1
1.187116,-0.399096,0.664041,0.1,0.1,0.1
0.638006,0.631980,0.683724,0.1,0.1,0.1
0.606545,0.098840,0.204755,0.1,0.1,0.1
0.666937,0.533491,0.664041,0.1,0.1,0.1
0.982071,-0.568410,0.204755,0.1,0.1,0.1
1.117716,-0.037196,0.627328,0.1,0.1,0.1
0.911802,-0.059112,0.512297,0.1,0.1,0.1
1.111578,0.074797,0.181520,0.1,0.1,0.1
1.148671,-0.084820,0.512297,0.1,0.1,0.1
0.764695,-0.731768,0.219501,0.1,0.1,0.1
1.053531,0.256108,0.204755,0.1,0.1,0.1
1.223170,-0.579419,0.628299,0.1,0.1,0.1
0.939249,0.672013,0.396781,0.1,0.1,0.1
0.929084,0.518334,0.664041,0.1,0.1,0.1
0.835601,0.069380,0.185072,0.1,0.1,0.1
0.987720,-0.462616,0.185072,0.1,0.1,0.1
0.740989,0.208462,0.204755,0.1,0.1,0.1
0.803217,0.079361,0.683724,0.1,0.1,0.1
1.113112,-0.423306,0.204755,0.1,0.1,0.1
1.018134,0.622613,0.379898,0.1,0.1,0.1
1.107311,-0.482754,0.664041,0.1,0.1,0.1
1.036737,-0.051009,0.545558,0.1,0.1,0.1
1.130378,0.081636,0.200893,0.1,0.1,0.1
0.682326,-0.099475,0.512297,0.1,0.1,0.1
1.094047,-0.456417,0.204755,0.1,0.1,0.1
0.681082,0.138992,0.204755,0.1,0.1,0.1
1.062612,0.361861,0.107040,0.1,0.1,0.1
0.899542,-0.074411,0.594418,0.1,0.1,0.1
1.108901,0.207548,0.263318,0.1,0.1,0.1
1.074108,0.294467,0.242105,0.1,0.1,0.1
0.884973,0.494767,0.185072,0.1,0.1,0.1
1.222576,-0.517406,0.676067,0.1,0.1,0.1
1.083374,0.357200,0.173493,0.1,0.1,0.1
0.987374,-0.001445,0.512297,0.1,0.1,0.1
0.837356,0.586557,0.185072,0.1,0.1,0.1
0.781259,-0.714692,0.185072,0.1,0.1,0.1
1.137347,-0.128459,0.664041,0.1,0.1,0.1
0.797111,-0.726238,0.224770,0.1,0.1,0.1
0.963229,0.676104,0.235482,0.1,0.1,0.1
0.717243,0.481173,0.664041,0.1,0.1,0.1
1.119587,0.144899,0.542613,0.1,0.1,0.1
0.936120,0.671480,0.345265,0.1,0.1,0.1
0.982528,-0.442412,0.683724,0.1,0.1,0.1
1.109030,0.206790,0.364717,0.1,0.1,0.1
0.780186,0.226783,0.512297,0.1,0.1,0.1
0.853751,0.657430,0.578629,0.1,0.1,0.1
1.173592,-0.288767,0.265028,0.1,0.1,0.1
0.773771,0.643787,0.419568,0.1,0.1,0.1
1.097894,0.155016,0.040722,0.1,0.1,0.1
1.177230,-0.310092,0.648584,0.1,0.1,0.1
1.026139,-0.052817,0.240877,0.1,0.1,0.1
0.830826,-0.210772,0.204755,0.1,0.1,0.1
1.140273,-0.381036,0.512297,0.1,0.1,0.1
1.161541,-0.218114,0.513369,0.1,0.1,0.1
0.816676,0.236496,0.664041,0.1,0.1,0.1
0.814415,-0.088931,0.199348,0.1,0.1,0.1
0.606398,0.082560,0.185072,0.1,0.1,0.1
0.894338,0.223976,0.204755,0.1,0.1,0.1
1.089716,-0.610943,0.185072,0.1,0.1,0.1
0.970782,-0.676647,0.350387,0.1,0.1,0.1
1.074799,0.290416,0.378842,0.1,0.1,0.1
0.849346,-0.226153,0.512297,0.1,0.1,0.1
0.918780,-0.686466,0.204755,0.1,0.1,0.1
1.226879,-0.484101,0.533376,0.1,0.1,0.1
0.820277,0.572479,0.512297,0.1,0.1,0.1
0.580736,0.473463,0.185072,0.1,0.1,0.1
0.977100,0.698437,0.276997,0.1,0.1,0.1
1.051732,0.542705,0.004412,0.1,0.1,0.1
0.544074,0.449715,0.185072,0.1,0.1,0.1
0.815727,-0.562531,0.185072,0.1,0.1,0.1
0.704795,0.651989,0.376385,0.1,0.1,0.1
0.641932,0.183976,0.204755,0.1,0.1,0.1
0.929280,-0.580656,0.512297,0.1,0.1,0.1
0.772745,-0.096039,0.417758,0.1,0.1,0.1
0.589462,0.286055,0.683724,0.1,0.1,0.1
0.905298,0.018313,0.204755,0.1,0.1,0.1
1.076636,0.291086,0.673882,0.1,0.1,0.1
0.761343,-0.097984,0.189825,0.1,0.1,0.1
1.143663,0.003757,0.013409,0.1,0.1,0.1
1.094534,-0.297306,0.664041,0.1,0.1,0.1
1.043151,-0.049915,0.295955,0.1,0.1,0.1
0.819790,-0.430751,0.512297,0.1,0.1,0.1
0.920994,-0.685140,0.297693,0.1,0.1,0.1
0.747310,-0.100378,0.336770,0.1,0.1,0.1
0.873624,-0.561293,0.204755,0.1,0.1,0.1
1.030788,0.665491,0.219991,0.1,0.1,0.1
1.055059,-0.182393,0.512297,0.1,0.1,0.1
0.972268,-0.244259,0.204755,0.1,0.1,0.1
1.156129,-0.069328,0.163721,0.1,0.1,0.1
0.657234,0.643876,0.663120,0.1,0.1,0.1
1.185573,-0.359004,0.412955,0.1,0.1,0.1
0.967183,0.696746,0.294294,0.1,0.1,0.1
0.831548,-0.284988,0.512297,0.1,0.1,0.1
0.856924,-0.696068,0.261211,0.1,0.1,0.1
1.028997,0.246877,0.664041,0.1,0.1,0.1
0.641676,0.338500,0.512297,0.1,0.1,0.1
1.064349,-0.660687,0.665692,0.1,0.1,0.1
0.684220,-0.111139,0.580374,0.1,0.1,0.1
0.944856,0.637861,0.204755,0.1,0.1,0.1
1.100152,0.258840,0.016429,0.1,0.1,0.1
1.145897,-0.009343,0.241002,0.1,0.1,0.1
1.130604,-0.036743,0.465710,0.1,0.1,0.1
1.174755,-0.295581,0.115232,0.1,0.1,0.1
1.090118,0.301425,0.000000,0.1,0.1,0.1
1.075406,0.286857,0.201036,0.1,0.1,0.1
0.706195,-0.475410,0.204755,0.1,0.1,0.1
0.958129,-0.688789,0.201246,0.1,0.1,0.1
0.906968,0.666507,0.342945,0.1,0.1,0.1
0.862044,0.678811,0.516940,0.1,0.1,0.1
1.114438,-0.242339,0.664041,0.1,0.1,0.1
0.884224,0.682595,0.390834,0.1,0.1,0.1
0.948592,0.052175,0.512297,0.1,0.1,0.1
0.751165,-0.734075,0.517970,0.1,0.1,0.1
0.785098,0.665686,0.551466,0.1,0.1,0.1
0.813668,0.323473,0.512297,0.1,0.1,0.1
0.911058,-0.509289,0.512297,0.1,0.1,0.1
1.007260,0.703582,0.591230,0.1,0.1,0.1
0.957596,-0.698863,0.293799,0.1,0.1,0.1
1.170907,-0.155963,0.301601,0.1,0.1,0.1
0.862873,0.190313,0.664041,0.1,0.1,0.1
0.903994,-0.708007,0.313492,0.1,0.1,0.1
0.669890,-0.095826,0.664041,0.1,0.1,0.1
0.602999,0.614657,0.499028,0.1,0.1,0.1
0.817697,-0.088372,0.652453,0.1,0.1,0.1
0.690253,-0.033877,0.683724,0.1,0.1,0.1
0.701678,0.457235,0.683724,0.1,0.1,0.1
1.088403,-0.431327,0.204755,0.1,0.1,0.1
1.080855,0.254910,0.081998,0.1,0.1,0.1
0.822943,-0.212747,0.683724,0.1,0.1,0.1
1.037560,-0.188372,0.664041,0.1,0.1,0.1
0.772586,-0.711728,0.185072,0.1,0.1,0.1
1.032334,-0.051760,0.471248,0.1,0.1,0.1
0.821141,0.548439,0.664041,0.1,0.1,0.1
1.209868,-0.501436,0.533464,0.1,0.1,0.1
0.842660,-0.270128,0.204755,0.1,0.1,0.1
0.847630,0.539737,0.204755,0.1,0.1,0.1
1.100482,0.139849,0.342513,0.1,0.1,0.1
1.099679,0.261611,0.448628,0.1,0.1,0.1
1.183533,-0.619895,0.683724,0.1,0.1,0.1
0.968683,-0.322319,0.512297,0.1,0.1,0.1
0.783568,-0.094193,0.319007,0.1,0.1,0.1
1.065749,0.343470,0.633924,0.1,0.1,0.1
1.171387,-0.275839,0.631205,0.1,0.1,0.1
0.533685,0.490725,0.669087,0.1,0.1,0.1
1.117782,-0.357665,0.664041,0.1,0.1,0.1
1.172315,-0.642270,0.218053,0.1,0.1,0.1
0.837645,0.144430,0.204755,0.1,0.1,0.1
1.060942,0.488708,0.480885,0.1,0.1,0.1
1.103805,-0.035162,0.512297,0.1,0.1,0.1
0.566221,0.437703,0.512297,0.1,0.1,0.1
1.082360,0.246088,0.123997,0.1,0.1,0.1
0.840266,-0.084522,0.194488,0.1,0.1,0.1
1.095679,0.285063,0.544698,0.1,0.1,0.1
1.097716,-0.649574,0.204755,0.1,0.1,0.1
1.086374,0.148831,0.512297,0.1,0.1,0.1
0.833298,-0.436135,0.683724,0.1,0.1,0.1
0.944904,-0.123921,0.512297,0.1,0.1,0.1
0.926197,-0.605048,0.512297,0.1,0.1,0.1
0.639972,0.620964,0.423045,0.1,0.1,0.1
1.207663,-0.636241,0.616449,0.1,0.1,0.1
1.194259,-0.498517,0.683724,0.1,0.1,0.1
1.047995,-0.683444,0.489136,0.1,0.1,0.1
0.943697,0.398691,0.512297,0.1,0.1,0.1
1.205084,-0.356329,0.394443,0.1,0.1,0.1
1.212348,-0.515972,0.104326,0.1,0.1,0.1
1.023226,0.592763,0.277046,0.1,0.1,0.1
1.002125,-0.377625,0.683724,0.1,0.1,0.1
0.876085,-0.712767,0.194267,0.1,0.1,0.1
1.038214,0.621951,0.051537,0.1,0.1,0.1
0.758558,0.641192,0.566190,0.1,0.1,0.1
0.822382,0.662062,0.681062,0.1,0.1,0.1
1.179384,-0.205662,0.634371,0.1,0.1,0.1
0.875408,-0.324517,0.683724,0.1,0.1,0.1
0.696147,0.042112,0.512297,0.1,0.1,0.1
0.816572,0.051516,0.204755,0.1,0.1,0.1
1.158187,-0.664648,0.292190,0.1,0.1,0.1
0.725735,-0.517775,0.204755,0.1,0.1,0.1
1.214163,-0.526611,0.441693,0.1,0.1,0.1
1.104339,0.144440,0.000000,0.1,0.1,0.1
1.245193,-0.591469,0.432424,0.1,0.1,0.1
0.955831,0.582658,0.512297,0.1,0.1,0.1
0.514381,0.603896,0.350796,0.1,0.1,0.1
0.578837,0.610536,0.653623,0.1,0.1,0.1
1.213764,-0.524273,0.300673,0.1,0.1,0.1
0.705998,-0.107425,0.351908,0.1,0.1,0.1
0.661933,-0.261135,0.677649,0.1,0.1,0.1
1.072416,0.304381,0.669678,0.1,0.1,0.1
0.796020,0.067943,0.185072,0.1,0.1,0.1
0.658227,0.451341,0.512297,0.1,0.1,0.1
1.220082,-0.444254,0.087192,0.1,0.1,0.1
0.667642,0.625684,0.634207,0.1,0.1,0.1
0.710392,-0.367238,0.512297,0.1,0.1,0.1
1.094371,0.175673,0.298015,0.1,0.1,0.1
0.670443,0.646129,0.247249,0.1,0.1,0.1
1.149990,-0.150394,0.269215,0.1,0.1,0.1
0.704656,-0.022502,0.185072,0.1,0.1,0.1
0.771665,0.418464,0.204755,0.1,0.1,0.1
1.014284,-0.689194,0.234176,0.1,0.1,0.1
1.193555,-0.405797,0.555314,0.1,0.1,0.1
1.134048,0.060123,0.655514,0.1,0.1,0.1
1.223137,-0.604860,0.204755,0.1,0.1,0.1
1.002013,-0.497289,0.204755,0.1,0.1,0.1
1.224585,-0.566930,0.664041,0.1,0.1,0.1
0.569725,0.608982,0.391508,0.1,0.1,0.1
0.737413,-0.483392,0.664041,0.1,0.1,0.1
1.223985,-0.584192,0.012933,0.1,0.1,0.1
1.091525,0.309416,0.647229,0.1,0.1,0.1
1.026334,0.127854,0.204755,0.1,0.1,0.1
0.767201,0.190335,0.512297,0.1,0.1,0.1
0.944710,-0.066706,0.387647,0.1,0.1,0.1
1.133879,-0.055945,0.240964,0.1,0.1,0.1
0.845100,0.078753,0.204755,0.1,0.1,0.1
0.923008,-0.150869,0.512297,0.1,0.1,0.1
1.138690,0.032908,0.056479,0.1,0.1,0.1
0.951606,-0.699885,0.329799,0.1,0.1,0.1
0.977270,-0.061152,0.326559,0.1,0.1,0.1
0.991834,-0.649635,0.204755,0.1,0.1,0.1
1.014046,0.646578,0.089983,0.1,0.1,0.1
1.217426,-0.545742,0.489128,0.1,0.1,0.1
0.792045,-0.092747,0.642538,0.1,0.1,0.1
1.078440,0.325033,0.512297,0.1,0.1,0.1
0.732261,0.402919,0.512297,0.1,0.1,0.1
1.059837,0.222685,0.664041,0.1,0.1,0.1
1.108525,0.209754,0.428486,0.1,0.1,0.1
1.107223,0.217387,0.270506,0.1,0.1,0.1
0.986321,-0.601696,0.185072,0.1,0.1,0.1
0.724558,0.635392,0.416219,0.1,0.1,0.1
1.017477,0.359774,0.512297,0.1,0.1,0.1
0.642539,0.621402,0.436933,0.1,0.1,0.1
0.897056,-0.525687,0.204755,0.1,0.1,0.1
1.211717,-0.512271,0.351627,0.1,0.1,0.1
1.100998,-0.291072,0.512297,0.1,0.1,0.1
0.669509,-0.258199,0.185072,0.1,0.1,0.1
0.626044,-0.050733,0.671353,0.1,0.1,0.1
1.069935,0.435986,0.557381,0.1,0.1,0.1
0.919110,-0.410858,0.204755,0.1,0.1,0.1
1.198276,-0.316418,0.206698,0.1,0.1,0.1
1.200232,-0.444941,0.605022,0.1,0.1,0.1
1.203198,-0.345268,0.208629,0.1,0.1,0.1
1.077487,0.274653,0.055636,0.1,0.1,0.1
0.715713,0.633884,0.224838,0.1,0.1,0.1
1.059315,-0.106592,0.512297,0.1,0.1,0.1
0.845711,-0.518168,0.664041,0.1,0.1,0.1
1.248052,-0.639335,0.381259,0.1,0.1,0.1
1.027407,-0.686956,0.522864,0.1,0.1,0.1
0.967548,0.654613,0.204755,0.1,0.1,0.1
1.245085,-0.649365,0.391928,0.1,0.1,0.1
1.163884,-0.231853,0.663632,0.1,0.1,0.1
1.079586,0.379407,0.525582,0.1,0.1,0.1
1.048181,0.140784,0.683724,0.1,0.1,0.1
0.638513,-0.114414,0.185072,0.1,0.1,0.1
1.018615,0.695535,0.491957,0.1,0.1,0.1
0.949387,-0.344707,0.664041,0.1,0.1,0.1
0.796989,0.343319,0.664041,0.1,0.1,0.1
0.797845,-0.091758,0.410622,0.1,0.1,0.1
0.946892,-0.700689,0.540232,0.1,0.1,0.1
1.158623,-0.600385,0.512297,0.1,0.1,0.1
0.864140,-0.714805,0.504836,0.1,0.1,0.1
0.867725,-0.358587,0.683724,0.1,0.1,0.1
0.967270,0.254325,0.512297,0.1,0.1,0.1
1.128772,-0.147237,0.683724,0.1,0.1,0.1
1.107419,-0.420017,0.683724,0.1,0.1,0.1
1.116410,0.046465,0.631731,0.1,0.1,0.1
0.963049,-0.697933,0.641492,0.1,0.1,0.1
0.546965,0.605100,0.304928,0.1,0.1,0.1
0.911079,-0.686831,0.646175,0.1,0.1,0.1
0.776992,0.160490,0.204755,0.1,0.1,0.1
0.798505,-0.608557,0.512297,0.1,0.1,0.1
0.918603,-0.071160,0.613112,0.1,0.1,0.1
1.077174,-0.373656,0.185072,0.1,0.1,0.1
1.017550,0.623663,0.664041,0.1,0.1,0.1
1.116937,0.043378,0.002750,0.1,0.1,0.1
0.595101,0.393714,0.683724,0.1,0.1,0.1
1.157123,-0.192211,0.605010,0.1,0.1,0.1
1.118497,0.034231,0.494706,0.1,0.1,0.1
1.111328,0.113143,0.664041,0.1,0.1,0.1
1.083652,0.225137,0.683724,0.1,0.1,0.1
1.002930,0.431327,0.512297,0.1,0.1,0.1
0.860259,-0.186828,0.664041,0.1,0.1,0.1
0.849678,0.550800,0.683724,0.1,0.1,0.1
1.100302,-0.654554,0.662154,0.1,0.1,0.1
0.793512,-0.101573,0.664041,0.1,0.1,0.1
0.917843,0.258600,0.512297,0.1,0.1,0.1
1.064490,0.132274,0.185072,0.1,0.1,0.1
0.860006,0.678464,0.654384,0.1,0.1,0.1
0.741043,-0.101447,0.401735,0.1,0.1,0.1
1.035292,-0.665643,0.234450,0.1,0.1,0.1
0.922298,-0.567693,0.683724,0.1,0.1,0.1
1.053361,0.533156,0.112215,0.1,0.1,0.1
0.868984,-0.079623,0.365291,0.1,0.1,0.1
1.215922,-0.419863,0.314892,0.1,0.1,0.1
0.905715,0.557616,0.512297,0.1,0.1,0.1
1.007062,0.687525,0.601177,0.1,0.1,0.1
1.174907,-0.179416,0.613139,0.1,0.1,0.1
1.043198,0.416450,0.683724,0.1,0.1,0.1
1.214721,-0.412823,0.545694,0.1,0.1,0.1
0.850112,0.474750,0.512297,0.1,0.1,0.1
1.113172,-0.203610,0.185072,0.1,0.1,0.1
0.570245,0.629038,0.340667,0.1,0.1,0.1
0.851816,-0.390178,0.185072,0.1,0.1,0.1
0.902018,0.054769,0.512297,0.1,0.1,0.1
1.165910,-0.229778,0.673882,0.1,0.1,0.1
0.817516,0.121456,0.204755,0.1,0.1,0.1
0.592765,0.436052,0.512297,0.1,0.1,0.1
0.716527,0.287010,0.512297,0.1,0.1,0.1
1.211116,-0.564977,0.512297,0.1,0.1,0.1
1.124746,-0.035997,0.560831,0.1,0.1,0.1
0.771778,0.639796,0.683724,0.1,0.1,0.1
1.168218,-0.140199,0.296559,0.1,0.1,0.1
0.745753,-0.100643,0.285545,0.1,0.1,0.1
0.988325,-0.641691,0.204755,0.1,0.1,0.1
0.996352,0.216184,0.512297,0.1,0.1,0.1
0.952696,-0.699699,0.244460,0.1,0.1,0.1
1.057060,-0.047542,0.362459,0.1,0.1,0.1
1.015632,-0.171363,0.683724,0.1,0.1,0.1
1.064063,0.353352,0.348203,0.1,0.1,0.1
0.586174,0.611788,0.479383,0.1,0.1,0.1
1.131638,-0.042809,0.216653,0.1,0.1,0.1
0.917667,0.449549,0.204755,0.1,0.1,0.1
1.094319,0.293036,0.389989,0.1,0.1,0.1
0.647117,-0.120994,0.683724,0.1,0.1,0.1
0.702040,-0.294454,0.512297,0.1,0.1,0.1
1.135887,-0.540285,0.683724,0.1,0.1,0.1
0.573698,0.538258,0.204755,0.1,0.1,0.1
1.062070,-0.548086,0.683724,0.1,0.1,0.1
1.227982,-0.652742,0.358957,0.1,0.1,0.1
1.086142,-0.656969,0.488999,0.1,0.1,0.1
0.870323,0.042178,0.512297,0.1,0.1,0.1
0.998258,-0.057572,0.580779,0.1,0.1,0.1
0.684763,0.525288,0.512297,0.1,0.1,0.1
1.017085,0.695274,0.478798,0.1,0.1,0.1
1.249087,-0.639159,0.143120,0.1,0.1,0.1
1.212034,-0.655463,0.283780,0.1,0.1,0.1
0.575428,0.618993,0.204755,0.1,0.1,0.1
1.040085,-0.036489,0.683724,0.1,0.1,0.1
1.115704,0.167665,0.527027,0.1,0.1,0.1
1.126024,0.107163,0.592494,0.1,0.1,0.1
0.832937,-0.096436,0.185072,0.1,0.1,0.1
0.921674,0.623368,0.664041,0.1,0.1,0.1
0.811973,-0.194066,0.664041,0.1,0.1,0.1
0.849294,0.676637,0.229403,0.1,0.1,0.1
1.189383,-0.322810,0.670877,0.1,0.1,0.1
1.137263,-0.033862,0.464345,0.1,0.1,0.1
0.733020,-0.492248,0.185072,0.1,0.1,0.1
1.063647,0.388887,0.000000,0.1,0.1,0.1
0.783125,0.045319,0.512297,0.1,0.1,0.1
0.841599,-0.205499,0.664041,0.1,0.1,0.1
1.225662,-0.476964,0.423105,0.1,0.1,0.1
1.085232,-0.042737,0.289610,0.1,0.1,0.1
1.021365,0.696004,0.271480,0.1,0.1,0.1
1.060244,0.492804,0.287149,0.1,0.1,0.1
1.114422,-0.652146,0.496421,0.1,0.1,0.1
0.836639,-0.085141,0.646432,0.1,0.1,0.1
1.119063,0.030914,0.280570,0.1,0.1,0.1
1.030515,-0.510005,0.204755,0.1,0.1,0.1
0.617546,0.227133,0.185072,0.1,0.1,0.1
0.918772,0.647746,0.683724,0.1,0.1,0.1
0.696841,0.329413,0.512297,0.1,0.1,0.1
0.606487,0.416603,0.683724,0.1,0.1,0.1
0.762419,-0.449851,0.664041,0.1,0.1,0.1
1.126206,-0.035748,0.363463,0.1,0.1,0.1
1.141576,-0.101069,0.306456,0.1,0.1,0.1
0.832259,0.250034,0.512297,0.1,0.1,0.1
0.872526,0.077705,0.185072,0.1,0.1,0.1
0.838081,-0.405637,0.185072,0.1,0.1,0.1
1.108088,0.212313,0.637231,0.1,0.1,0.1
0.759128,-0.732717,0.211343,0.1,0.1,0.1
0.849471,-0.433256,0.185072,0.1,0.1,0.1
0.783712,-0.708556,0.673404,0.1,0.1,0.1
0.793044,-0.022544,0.185072,0.1,0.1,0.1
0.746325,-0.487941,0.683724,0.1,0.1,0.1
1.125662,-0.417726,0.512297,0.1,0.1,0.1
1.015643,0.444879,0.185072,0.1,0.1,0.1
0.769493,0.467937,0.664041,0.1,0.1,0.1
1.095298,-0.641394,0.664041,0.1,0.1,0.1
0.986193,-0.674018,0.413951,0.1,0.1,0.1
0.668418,-0.113835,0.591981,0.1,0.1,0.1
0.781123,0.541732,0.512297,0.1,0.1,0.1
0.755053,-0.029875,0.512297,0.1,0.1,0.1
1.136071,-0.668420,0.358078,0.1,0.1,0.1
1.184440,-0.352359,0.247368,0.1,0.1,0.1
0.743939,-0.158642,0.185072,0.1,0.1,0.1
1.083761,-0.677343,0.439445,0.1,0.1,0.1
0.890991,-0.678606,0.185072,0.1,0.1,0.1
0.737878,0.243706,0.512297,0.1,0.1,0.1
1.221900,-0.454909,0.004750,0.1,0.1,0.1
1.056670,0.396698,0.293018,0.1,0.1,0.1
0.871472,0.660452,0.372349,0.1,0.1,0.1
0.886654,-0.128685,0.185072,0.1,0.1,0.1
0.636655,0.118394,0.204755,0.1,0.1,0.1
1.019016,-0.461093,0.512297,0.1,0.1,0.1
0.916406,0.668117,0.202948,0.1,0.1,0.1
1.021885,0.600621,0.634475,0.1,0.1,0.1
0.969284,-0.602777,0.664041,0.1,0.1,0.1
0.824785,0.481284,0.512297,0.1,0.1,0.1
0.568693,0.386414,0.512297,0.1,0.1,0.1
0.531348,0.622403,0.627365,0.1,0.1,0.1
1.251727,-0.629772,0.035388,0.1,0.1,0.1
0.964494,0.676319,0.226412,0.1,0.1,0.1
1.062781,0.360871,0.619723,0.1,0.1,0.1
0.725725,0.655559,0.221244,0.1,0.1,0.1
0.993606,-0.692721,0.641691,0.1,0.1,0.1
0.997660,-0.000936,0.683724,0.1,0.1,0.1
1.065652,0.461095,0.610272,0.1,0.1,0.1
1.164326,-0.626572,0.204755,0.1,0.1,0.1
0.890343,-0.690368,0.274255,0.1,0.1,0.1
0.861949,0.153690,0.512297,0.1,0.1,0.1
1.086259,-0.207133,0.664041,0.1,0.1,0.1
1.060682,-0.010108,0.664041,0.1,0.1,0.1
1.192495,-0.399581,0.483928,0.1,0.1,0.1
0.890408,-0.710324,0.360403,0.1,0.1,0.1
0.849769,-0.277646,0.204755,0.1,0.1,0.1
0.832975,0.186301,0.664041,0.1,0.1,0.1
1.226873,-0.601126,0.075657,0.1,0.1,0.1
0.652666,0.094021,0.512297,0.1,0.1,0.1
1.102850,-0.525855,0.664041,0.1,0.1,0.1
1.122301,0.011930,0.395587,0.1,0.1,0.1
0.766856,-0.097044,0.188148,0.1,0.1,0.1
0.806865,0.368200,0.512297,0.1,0.1,0.1
1.040225,0.282948,0.683724,0.1,0.1,0.1
1.132533,-0.034669,0.356920,0.1,0.1,0.1
0.963381,0.084083,0.512297,0.1,0.1,0.1
0.667983,0.081909,0.204755,0.1,0.1,0.1
1.027984,-0.052502,0.273938,0.1,0.1,0.1
0.770419,0.212732,0.512297,0.1,0.1,0.1
0.756786,0.650873,0.669592,0.1,0.1,0.1
1.024699,-0.539190,0.664041,0.1,0.1,0.1
1.093852,-0.509335,0.512297,0.1,0.1,0.1
0.991103,0.008448,0.204755,0.1,0.1,0.1
0.915357,0.620185,0.185072,0.1,0.1,0.1
1.182212,-0.339301,0.573597,0.1,0.1,0.1
1.038323,0.504258,0.258792,0.1,0.1,0.1
1.103981,-0.653927,0.216603,0.1,0.1,0.1
0.639969,0.359036,0.512297,0.1,0.1,0.1
0.687848,0.516430,0.185072,0.1,0.1,0.1
0.695193,0.453892,0.683724,0.1,0.1,0.1
1.196965,-0.308732,0.665106,0.1,0.1,0.1
0.639255,0.079629,0.185072,0.1,0.1,0.1
1.175427,-0.240989,0.668011,0.1,0.1,0.1
0.712951,-0.112942,0.683724,0.1,0.1,0.1
0.838537,-0.699205,0.673017,0.1,0.1,0.1
0.656022,0.627611,0.683724,0.1,0.1,0.1
0.774528,-0.265256,0.512297,0.1,0.1,0.1
1.193471,-0.288247,0.599610,0.1,0.1,0.1
0.944787,0.692925,0.552984,0.1,0.1,0.1
0.880766,0.510470,0.204755,0.1,0.1,0.1
1.110677,0.197134,0.247973,0.1,0.1,0.1
0.881289,0.238337,0.512297,0.1,0.1,0.1
1.078755,-0.007431,0.512297,0.1,0.1,0.1
0.850088,0.051147,0.185072,0.1,0.1,0.1
1.136943,0.043150,0.106892,0.1,0.1,0.1
0.765145,0.149313,0.185072,0.1,0.1,0.1
1.164352,-0.234595,0.582491,0.1,0.1,0.1
1.126353,0.105233,0.545225,0.1,0.1,0.1
0.777886,-0.709550,0.496370,0.1,0.1,0.1
0.744372,0.658740,0.525673,0.1,0.1,0.1
0.946132,-0.066464,0.235855,0.1,0.1,0.1
1.042898,-0.049958,0.214426,0.1,0.1,0.1
1.059303,-0.362489,0.185072,0.1,0.1,0.1
0.769746,-0.324013,0.185072,0.1,0.1,0.1
1.048795,0.137188,0.185072,0.1,0.1,0.1
0.954557,-0.065027,0.385398,0.1,0.1,0.1
1.019137,0.616733,0.275984,0.1,0.1,0.1
1.140556,-0.572015,0.512297,0.1,0.1,0.1
0.626876,0.506122,0.204755,0.1,0.1,0.1
0.665953,0.625396,0.487110,0.1,0.1,0.1
0.905425,-0.662584,0.204755,0.1,0.1,0.1
1.124928,-0.003469,0.297092,0.1,0.1,0.1
0.968967,-0.521073,0.664041,0.1,0.1,0.1
0.592525,0.612871,0.672932,0.1,0.1,0.1
1.086822,0.025810,0.204755,0.1,0.1,0.1
0.513186,0.619305,0.308015,0.1,0.1,0.1
0.520221,0.600538,0.291120,0.1,0.1,0.1
1.221575,-0.453004,0.451188,0.1,0.1,0.1
0.731748,0.636619,0.384071,0.1,0.1,0.1
0.658013,-0.115610,0.458348,0.1,0.1,0.1
0.980979,0.557729,0.664041,0.1,0.1,0.1
0.916861,0.502248,0.512297,0.1,0.1,0.1
0.972504,-0.120424,0.185072,0.1,0.1,0.1
1.029099,0.558332,0.627588,0.1,0.1,0.1
1.104795,-0.524642,0.683724,0.1,0.1,0.1
1.067383,0.450947,0.379690,0.1,0.1,0.1
0.854547,-0.696474,0.274133,0.1,0.1,0.1
1.033586,-0.674174,0.185072,0.1,0.1,0.1
1.180179,-0.327379,0.616213,0.1,0.1,0.1
0.971713,-0.696456,0.517255,0.1,0.1,0.1
0.829231,-0.086404,0.327623,0.1,0.1,0.1
0.929280,-0.683726,0.520454,0.1,0.1,0.1
1.030933,0.547578,0.300845,0.1,0.1,0.1
0.959198,0.581279,0.512297,0.1,0.1,0.1
0.941234,-0.701655,0.498280,0.1,0.1,0.1
0.900581,-0.074234,0.269208,0.1,0.1,0.1
0.764148,-0.456658,0.512297,0.1,0.1,0.1
0.861786,0.678767,0.642622,0.1,0.1,0.1
0.801774,-0.453570,0.185072,0.1,0.1,0.1
0.790847,-0.562153,0.204755,0.1,0.1,0.1
1.177222,-0.192985,0.108488,0.1,0.1,0.1
0.569129,0.456019,0.185072,0.1,0.1,0.1
1.030172,0.112867,0.664041,0.1,0.1,0.1
0.688160,0.465363,0.512297,0.1,0.1,0.1
0.788512,-0.464318,0.185072,0.1,0.1,0.1
0.922708,-0.339687,0.185072,0.1,0.1,0.1
1.053917,-0.662466,0.429904,0.1,0.1,0.1
1.105416,-0.536404,0.185072,0.1,0.1,0.1
0.762340,0.608380,0.204755,0.1,0.1,0.1
0.665893,-0.114266,0.538263,0.1,0.1,0.1
0.622488,0.617982,0.520546,0.1,0.1,0.1
0.705498,0.632141,0.453282,0.1,0.1,0.1
1.175034,-0.297215,0.084291,0.1,0.1,0.1
0.804012,0.490846,0.512297,0.1,0.1,0.1
0.844930,0.125433,0.185072,0.1,0.1,0.1
1.234859,-0.631602,0.429120,0.1,0.1,0.1
1.054100,0.411764,0.454234,0.1,0.1,0.1
1.069205,0.321600,0.683724,0.1,0.1,0.1
1.004623,0.061936,0.204755,0.1,0.1,0.1
0.730589,-0.248587,0.185072,0.1,0.1,0.1
1.079866,0.008029,0.204755,0.1,0.1,0.1
1.212266,-0.398432,0.638486,0.1,0.1,0.1
0.860939,0.499533,0.512297,0.1,0.1,0.1
0.995802,0.632653,0.512297,0.1,0.1,0.1
1.026185,0.520557,0.185072,0.1,0.1,0.1
1.156361,-0.187744,0.447666,0.1,0.1,0.1
1.134651,-0.034307,0.670038,0.1,0.1,0.1
0.824281,0.501933,0.512297,0.1,0.1,0.1
0.851214,0.410869,0.204755,0.1,0.1,0.1
0.727446,-0.036277,0.664041,0.1,0.1,0.1
0.897200,-0.695368,0.683724,0.1,0.1,0.1
0.719497,-0.105122,0.597124,0.1,0.1,0.1
0.972731,-0.676314,0.585690,0.1,0.1,0.1
0.854049,0.591837,0.185072,0.1,0.1,0.1
1.135429,0.052028,0.402343,0.1,0.1,0.1
0.675443,-0.333198,0.185072,0.1,0.1,0.1
0.688431,-0.046021,0.664041,0.1,0.1,0.1
1.021941,-0.580420,0.204755,0.1,0.1,0.1
1.068487,-0.005823,0.512297,0.1,0.1,0.1
0.782986,-0.685339,0.683724,0.1,0.1,0.1
1.096688,-0.040783,0.409053,0.1,0.1,0.1
0.847148,-0.083348,0.635525,0.1,0.1,0.1
1.100648,-0.040107,0.249352,0.1,0.1,0.1
0.711856,-0.151829,0.664041,0.1,0.1,0.1
0.912197,0.687366,0.197770,0.1,0.1,0.1
1.089942,0.111321,0.185072,0.1,0.1,0.1
0.783754,0.665457,0.501475,0.1,0.1,0.1
1.078174,0.387687,0.240582,0.1,0.1,0.1
0.901184,0.372630,0.204755,0.1,0.1,0.1
0.701105,0.397312,0.512297,0.1,0.1,0.1
0.649674,0.258837,0.683724,0.1,0.1,0.1
0.822851,0.172486,0.683724,0.1,0.1,0.1
0.587283,0.553856,0.664041,0.1,0.1,0.1
1.085298,0.188539,0.185072,0.1,0.1,0.1
0.889307,0.683462,0.493436,0.1,0.1,0.1
1.019243,-0.436406,0.683724,0.1,0.1,0.1
1.151657,-0.043109,0.471094,0.1,0.1,0.1
0.812541,-0.661084,0.683724,0.1,0.1,0.1
0.646129,-0.117637,0.280328,0.1,0.1,0.1
0.896666,-0.657465,0.512297,0.1,0.1,0.1
0.857143,0.112372,0.204755,0.1,0.1,0.1
0.986226,-0.062281,0.664041,0.1,0.1,0.1
0.758324,0.362269,0.512297,0.1,0.1,0.1
0.702920,0.544436,0.683724,0.1,0.1,0.1
1.020166,-0.319357,0.683724,0.1,0.1,0.1
0.689582,-0.110225,0.580447,0.1,0.1,0.1
1.062987,-0.113827,0.512297,0.1,0.1,0.1
0.819829,-0.215710,0.683724,0.1,0.1,0.1
1.198775,-0.319340,0.583896,0.1,0.1,0.1
0.948498,-0.160410,0.204755,0.1,0.1,0.1
0.638630,0.295410,0.204755,0.1,0.1,0.1
1.096868,0.278095,0.235734,0.1,0.1,0.1
1.003404,0.029491,0.512297,0.1,0.1,0.1
0.731883,-0.103009,0.332198,0.1,0.1,0.1
1.102422,0.245531,0.065654,0.1,0.1,0.1
1.089128,0.264938,0.670184,0.1,0.1,0.1
0.828010,0.658194,0.512297,0.1,0.1,0.1
0.864712,0.493996,0.683724,0.1,0.1,0.1
0.615185,0.636704,0.436657,0.1,0.1,0.1
1.031392,0.661949,0.463327,0.1,0.1,0.1
1.136645,0.044900,0.628304,0.1,0.1,0.1
0.577702,0.526589,0.664041,0.1,0.1,0.1
1.167518,-0.346908,0.512297,0.1,0.1,0.1
1.007182,0.235659,0.512297,0.1,0.1,0.1
1.065186,0.346770,0.168386,0.1,0.1,0.1
0.897148,-0.698454,0.185072,0.1,0.1,0.1
0.884682,-0.606514,0.664041,0.1,0.1,0.1
0.741544,-0.101361,0.675963,0.1,0.1,0.1
1.137132,-0.110669,0.512297,0.1,0.1,0.1
0.920340,-0.695235,0.667610,0.1,0.1,0.1
1.075549,0.403075,0.390088,0.1,0.1,0.1
0.820389,0.671706,0.316483,0.1,0.1,0.1
1.030280,0.411669,0.683724,0.1,0.1,0.1
0.617850,0.637158,0.433617,0.1,0.1,0.1
0.568854,0.433037,0.664041,0.1,0.1,0.1
0.935076,-0.411455,0.512297,0.1,0.1,0.1
0.914515,-0.071857,0.495201,0.1,0.1,0.1
0.602554,0.493701,0.683724,0.1,0.1,0.1
0.886151,0.036239,0.512297,0.1,0.1,0.1
0.676532,0.191836,0.204755,0.1,0.1,0.1
1.065945,-0.493522,0.512297,0.1,0.1,0.1
0.983445,-0.060099,0.462366,0.1,0.1,0.1
0.991728,-0.673074,0.610220,0.1,0.1,0.1
1.203109,-0.461806,0.587590,0.1,0.1,0.1
0.912482,-0.072204,0.473513,0.1,0.1,0.1
1.076090,-0.044296,0.310322,0.1,0.1,0.1
0.737300,-0.102085,0.504333,0.1,0.1,0.1
1.020183,-0.325296,0.512297,0.1,0.1,0.1
1.212910,-0.460735,0.187967,0.1,0.1,0.1
0.607367,0.248258,0.512297,0.1,0.1,0.1
0.905236,0.557898,0.512297,0.1,0.1,0.1
1.061036,0.488161,0.293898,0.1,0.1,0.1
0.822992,-0.557290,0.204755,0.1,0.1,0.1
1.177732,-0.313034,0.235470,0.1,0.1,0.1
1.107728,0.097367,0.187226,0.1,0.1,0.1
1.166666,-0.248158,0.444063,0.1,0.1,0.1
1.125020,-0.354777,0.512297,0.1,0.1,0.1
1.156578,-0.071957,0.296426,0.1,0.1,0.1
1.102067,0.247614,0.587601,0.1,0.1,0.1
1.164436,-0.235089,0.388349,0.1,0.1,0.1
0.813075,-0.632961,0.512297,0.1,0.1,0.1
0.877918,-0.688436,0.185072,0.1,0.1,0.1
0.643226,0.075293,0.664041,0.1,0.1,0.1
0.715003,0.633762,0.517481,0.1,0.1,0.1
1.135574,-0.668505,0.627327,0.1,0.1,0.1
0.809545,0.233144,0.512297,0.1,0.1,0.1
1.099140,-0.330249,0.512297,0.1,0.1,0.1
1.159946,-0.374579,0.683724,0.1,0.1,0.1
0.693878,-0.278426,0.512297,0.1,0.1,0.1
1.191082,-0.415387,0.664041,0.1,0.1,0.1
0.790306,0.142756,0.512297,0.1,0.1,0.1
0.741517,0.055329,0.204755,0.1,0.1,0.1
0.841384,0.221330,0.185072,0.1,0.1,0.1
0.945266,-0.066612,0.534649,0.1,0.1,0.1
0.930793,0.262641,0.512297,0.1,0.1,0.1
0.876900,0.481960,0.512297,0.1,0.1,0.1
0.862239,-0.357049,0.204755,0.1,0.1,0.1
1.141632,-0.042866,0.675477,0.1,0.1,0.1
0.979543,0.204483,0.204755,0.1,0.1,0.1
0.857179,0.057529,0.683724,0.1,0.1,0.1
1.045119,-0.049579,0.618044,0.1,0.1,0.1
1.114825,-0.037689,0.220440,0.1,0.1,0.1
0.803637,0.022255,0.683724,0.1,0.1,0.1
0.744274,-0.412996,0.512297,0.1,0.1,0.1
1.070302,0.316775,0.356354,0.1,0.1,0.1
0.566582,0.608446,0.563837,0.1,0.1,0.1
1.071710,0.308524,0.304974,0.1,0.1,0.1
0.595891,0.633412,0.490357,0.1,0.1,0.1
1.124560,-0.116655,0.204755,0.1,0.1,0.1
1.196994,-0.308902,0.629858,0.1,0.1,0.1
0.775440,0.118707,0.683724,0.1,0.1,0.1
0.814909,-0.703235,0.420616,0.1,0.1,0.1
0.703879,-0.107786,0.399734,0.1,0.1,0.1
1.156427,-0.188133,0.543310,0.1,0.1,0.1
0.805227,-0.090499,0.485136,0.1,0.1,0.1
0.714424,0.241488,0.204755,0.1,0.1,0.1
0.719363,0.262083,0.185072,0.1,0.1,0.1
0.810934,0.606475,0.512297,0.1,0.1,0.1
0.614319,0.179061,0.512297,0.1,0.1,0.1
1.175106,-0.297641,0.233333,0.1,0.1,0.1
0.596795,0.633567,0.511191,0.1,0.1,0.1
1.208568,-0.493809,0.573442,0.1,0.1,0.1
0.972731,-0.061927,0.525608,0.1,0.1,0.1
1.196060,-0.658187,0.229980,0.1,0.1,0.1
0.886060,-0.501008,0.185072,0.1,0.1,0.1
0.641273,0.621186,0.565545,0.1,0.1,0.1
0.714862,-0.250911,0.664041,0.1,0.1,0.1
0.867090,-0.079946,0.529559,0.1,0.1,0.1
1.136284,0.047013,0.083304,0.1,0.1,0.1
1.110923,0.078638,0.389812,0.1,0.1,0.1
1.232953,-0.631927,0.319789,0.1,0.1,0.1
1.063511,-0.379507,0.185072,0.1,0.1,0.1
0.899041,-0.074496,0.477960,0.1,0.1,0.1
1.230374,-0.504588,0.570023,0.1,0.1,0.1
1.015751,0.695113,0.223698,0.1,0.1,0.1
0.680309,0.126212,0.185072,0.1,0.1,0.1
0.851665,-0.716933,0.573310,0.1,0.1,0.1
0.743193,0.638571,0.543689,0.1,0.1,0.1
1.160744,-0.096384,0.520333,0.1,0.1,0.1
0.965391,0.532372,0.512297,0.1,0.1,0.1
0.929687,0.225573,0.204755,0.1,0.1,0.1
0.907255,-0.214919,0.185072,0.1,0.1,0.1
0.788643,-0.611887,0.204755,0.1,0.1,0.1
1.146571,-0.013293,0.011756,0.1,0.1,0.1
1.126614,-0.172828,0.185072,0.1,0.1,0.1
0.886931,0.492345,0.185072,0.1,0.1,0.1
0.661055,0.350444,0.185072,0.1,0.1,0.1
0.614652,0.547990,0.204755,0.1,0.1,0.1
0.759234,0.661275,0.592209,0.1,0.1,0.1
0.992556,0.547025,0.512297,0.1,0.1,0.1
1.057423,-0.225415,0.512297,0.1,0.1,0.1
0.766112,-0.097171,0.358129,0.1,0.1,0.1
1.067786,-0.660100,0.531979,0.1,0.1,0.1
0.717839,0.071434,0.512297,0.1,0.1,0.1
1.056226,0.516356,0.057560,0.1,0.1,0.1
1.075756,0.401864,0.235286,0.1,0.1,0.1
1.229565,-0.616910,0.097658,0.1,0.1,0.1
1.225554,-0.476335,0.445006,0.1,0.1,0.1
0.950887,0.673998,0.219696,0.1,0.1,0.1
1.017908,-0.050720,0.512297,0.1,0.1,0.1
1.055421,0.323462,0.185072,0.1,0.1,0.1
1.226601,-0.482474,0.669891,0.1,0.1,0.1
1.030477,0.550254,0.171346,0.1,0.1,0.1
0.798385,0.514981,0.683724,0.1,0.1,0.1
0.896868,-0.689255,0.603661,0.1,0.1,0.1
0.998433,-0.675176,0.185072,0.1,0.1,0.1
1.042925,0.477275,0.124642,0.1,0.1,0.1
1.077966,-0.611626,0.512297,0.1,0.1,0.1
0.768760,-0.362863,0.512297,0.1,0.1,0.1
1.102466,-0.039797,0.194068,0.1,0.1,0.1
0.723711,-0.603563,0.204755,0.1,0.1,0.1
1.062297,-0.626450,0.512297,0.1,0.1,0.1
1.242086,-0.573254,0.623660,0.1,0.1,0.1
1.118889,0.031932,0.606819,0.1,0.1,0.1
1.219172,-0.438920,0.544151,0.1,0.1,0.1
0.728863,0.044549,0.664041,0.1,0.1,0.1
0.642176,0.641307,0.511946,0.1,0.1,0.1
1.117499,0.040084,0.365702,0.1,0.1,0.1
0.723495,-0.104440,0.346871,0.1,0.1,0.1
0.942301,0.385215,0.185072,0.1,0.1,0.1
0.753839,0.582754,0.512297,0.1,0.1,0.1
1.192979,-0.402421,0.567050,0.1,0.1,0.1
0.847005,-0.083373,0.303308,0.1,0.1,0.1
0.992791,-0.672893,0.203892,0.1,0.1,0.1
1.195747,-0.301587,0.477921,0.1,0.1,0.1
1.032522,0.085588,0.683724,0.1,0.1,0.1
0.905574,-0.073382,0.239902,0.1,0.1,0.1
0.595608,0.613397,0.425749,0.1,0.1,0.1
0.956145,-0.584643,0.664041,0.1,0.1,0.1
0.728080,0.635993,0.499375,0.1,0.1,0.1
1.242823,-0.636104,0.546248,0.1,0.1,0.1
0.853573,-0.603318,0.204755,0.1,0.1,0.1
1.092890,-0.085453,0.204755,0.1,0.1,0.1
0.873443,-0.052095,0.683724,0.1,0.1,0.1
0.922569,0.689135,0.676217,0.1,0.1,0.1
0.785194,-0.689483,0.204755,0.1,0.1,0.1
0.962872,0.579091,0.664041,0.1,0.1,0.1
0.733040,-0.004126,0.683724,0.1,0.1,0.1
1.103676,0.121124,0.662364,0.1,0.1,0.1
1.128243,-0.022904,0.261569,0.1,0.1,0.1
0.790688,0.329832,0.512297,0.1,0.1,0.1
0.514803,0.601421,0.233064,0.1,0.1,0.1
0.855888,-0.308141,0.683724,0.1,0.1,0.1
1.104261,0.117690,0.287074,0.1,0.1,0.1
1.134120,-0.057881,0.664041,0.1,0.1,0.1
1.051548,0.095697,0.204755,0.1,0.1,0.1
0.735625,0.462514,0.512297,0.1,0.1,0.1
0.833229,0.004662,0.204755,0.1,0.1,0.1
0.678154,0.647444,0.355291,0.1,0.1,0.1
0.868134,0.242721,0.185072,0.1,0.1,0.1
1.100208,-0.566460,0.204755,0.1,0.1,0.1
0.740525,0.182115,0.185072,0.1,0.1,0.1
0.946411,-0.629032,0.204755,0.1,0.1,0.1
0.770117,0.281096,0.683724,0.1,0.1,0.1
0.982651,-0.674622,0.290933,0.1,0.1,0.1
1.166420,-0.510175,0.512297,0.1,0.1,0.1
1.179444,-0.641054,0.321614,0.1,0.1,0.1
0.946591,-0.680773,0.636104,0.1,0.1,0.1
0.940984,0.623244,0.512297,0.1,0.1,0.1
0.579260,0.291231,0.512297,0.1,0.1,0.1
1.032031,0.658203,0.440365,0.1,0.1,0.1
1.079409,0.380446,0.482375,0.1,0.1,0.1
0.750245,-0.699397,0.664041,0.1,0.1,0.1
0.715674,0.337038,0.185072,0.1,0.1,0.1
0.855044,0.328120,0.512297,0.1,0.1,0.1
1.116955,0.043272,0.221638,0.1,0.1,0.1
1.231632,-0.511963,0.032684,0.1,0.1,0.1
1.229899,-0.501804,0.404463,0.1,0.1,0.1
1.218878,-0.634328,0.678082,0.1,0.1,0.1
0.740206,0.447549,0.512297,0.1,0.1,0.1
0.698137,0.339110,0.683724,0.1,0.1,0.1
1.119326,0.146432,0.262117,0.1,0.1,0.1
1.055375,-0.047830,0.598758,0.1,0.1,0.1
1.232621,-0.517762,0.572481,0.1,0.1,0.1
0.854732,-0.082054,0.679335,0.1,0.1,0.1
0.822103,-0.702008,0.472049,0.1,0.1,0.1
0.837040,0.525593,0.512297,0.1,0.1,0.1
1.080017,-0.043626,0.191602,0.1,0.1,0.1
1.108353,0.093704,0.554245,0.1,0.1,0.1
1.031775,0.542646,0.174473,0.1,0.1,0.1
1.041649,-0.664559,0.300749,0.1,0.1,0.1
1.042059,0.482353,0.652065,0.1,0.1,0.1
1.163586,-0.113046,0.243340,0.1,0.1,0.1
0.652497,0.373884,0.512297,0.1,0.1,0.1
0.757786,-0.276636,0.664041,0.1,0.1,0.1
1.122246,0.012253,0.402462,0.1,0.1,0.1
1.149988,-0.646079,0.188569,0.1,0.1,0.1
0.864697,0.646633,0.204755,0.1,0.1,0.1
1.172601,-0.282952,0.477777,0.1,0.1,0.1
1.132638,0.068392,0.284889,0.1,0.1,0.1
0.601776,0.152821,0.204755,0.1,0.1,0.1
0.592872,0.342917,0.512297,0.1,0.1,0.1
1.087502,-0.676705,0.550861,0.1,0.1,0.1
1.041479,0.602813,0.243328,0.1,0.1,0.1
1.116360,0.163818,0.424586,0.1,0.1,0.1
1.153172,-0.240383,0.185072,0.1,0.1,0.1
0.900064,0.529091,0.512297,0.1,0.1,0.1
1.083236,-0.295909,0.664041,0.1,0.1,0.1
0.890448,-0.302762,0.683724,0.1,0.1,0.1
0.787010,0.606502,0.512297,0.1,0.1,0.1
0.741281,0.516739,0.683724,0.1,0.1,0.1
1.076891,0.395211,0.533675,0.1,0.1,0.1
0.941983,0.682463,0.667202,0.1,0.1,0.1
1.049008,0.441611,0.616762,0.1,0.1,0.1
1.055255,-0.017220,0.512297,0.1,0.1,0.1
1.100211,0.127852,0.664041,0.1,0.1,0.1
1.012284,0.025806,0.512297,0.1,0.1,0.1
0.908904,-0.515180,0.664041,0.1,0.1,0.1
0.901621,-0.052696,0.664041,0.1,0.1,0.1
0.676219,0.647114,0.456686,0.1,0.1,0.1
0.862027,-0.426429,0.204755,0.1,0.1,0.1
1.072666,0.419979,0.326730,0.1,0.1,0.1
0.989128,0.422988,0.664041,0.1,0.1,0.1
1.248596,-0.611416,0.347411,0.1,0.1,0.1
1.089516,0.204132,0.625355,0.1,0.1,0.1
0.768886,0.652937,0.197336,0.1,0.1,0.1
1.152156,-0.417480,0.204755,0.1,0.1,0.1
1.101486,0.251020,0.598127,0.1,0.1,0.1
0.879817,-0.077776,0.626111,0.1,0.1,0.1
0.968459,0.034358,0.185072,0.1,0.1,0.1
0.722940,-0.477371,0.512297,0.1,0.1,0.1
1.091911,0.145037,0.664041,0.1,0.1,0.1
1.208352,-0.434013,0.672978,0.1,0.1,0.1
1.044358,0.499575,0.185072,0.1,0.1,0.1
0.587513,0.631983,0.631944,0.1,0.1,0.1
1.180164,-0.640932,0.638049,0.1,0.1,0.1
0.849840,-0.082889,0.635507,0.1,0.1,0.1
1.173706,-0.172373,0.043563,0.1,0.1,0.1
0.983836,-0.643420,0.664041,0.1,0.1,0.1
1.074992,-0.044484,0.570383,0.1,0.1,0.1
0.854616,0.642930,0.683724,0.1,0.1,0.1
0.840876,-0.670249,0.512297,0.1,0.1,0.1
0.846420,-0.717827,0.416041,0.1,0.1,0.1
0.980080,-0.695028,0.674782,0.1,0.1,0.1
0.623070,0.434005,0.512297,0.1,0.1,0.1
0.677132,0.102969,0.664041,0.1,0.1,0.1
1.175959,-0.185579,0.668228,0.1,0.1,0.1
0.852606,-0.554212,0.664041,0.1,0.1,0.1
0.844176,-0.590250,0.204755,0.1,0.1,0.1
1.091594,0.191950,0.046921,0.1,0.1,0.1
1.234756,-0.641603,0.334184,0.1,0.1,0.1
0.881161,0.682072,0.293472,0.1,0.1,0.1
1.160622,-0.454640,0.512297,0.1,0.1,0.1
1.090618,0.183064,0.512297,0.1,0.1,0.1
0.727454,-0.310064,0.683724,0.1,0.1,0.1
0.617604,0.424246,0.664041,0.1,0.1,0.1
1.160492,-0.664255,0.492362,0.1,0.1,0.1
1.148384,-0.023922,0.628852,0.1,0.1,0.1
0.821202,-0.651548,0.185072,0.1,0.1,0.1
0.924067,-0.157128,0.512297,0.1,0.1,0.1
0.987474,-0.631821,0.664041,0.1,0.1,0.1
1.130900,-0.114750,0.185072,0.1,0.1,0.1
1.030086,0.669603,0.458040,0.1,0.1,0.1
0.752373,0.343946,0.683724,0.1,0.1,0.1
0.964193,0.322881,0.664041,0.1,0.1,0.1
1.031155,-0.116046,0.683724,0.1,0.1,0.1
1.084618,-0.644785,0.204755,0.1,0.1,0.1
0.800371,-0.670677,0.204755,0.1,0.1,0.1
0.876992,-0.712612,0.287983,0.1,0.1,0.1
1.226559,-0.599285,0.226984,0.1,0.1,0.1
1.033667,0.531551,0.535238,0.1,0.1,0.1
1.154621,-0.177544,0.067698,0.1,0.1,0.1
1.034100,0.646072,0.512649,0.1,0.1,0.1
0.637492,-0.117845,0.195294,0.1,0.1,0.1
0.813406,-0.655633,0.512297,0.1,0.1,0.1
0.542125,0.580819,0.683724,0.1,0.1,0.1
1.031935,-0.644572,0.185072,0.1,0.1,0.1
1.049353,0.303730,0.664041,0.1,0.1,0.1
0.656849,0.630315,0.185072,0.1,0.1,0.1
0.645013,0.128365,0.512297,0.1,0.1,0.1
0.784442,-0.528877,0.204755,0.1,0.1,0.1
0.796397,-0.555973,0.204755,0.1,0.1,0.1
0.802886,0.668721,0.388233,0.1,0.1,0.1
0.996483,-0.057875,0.673758,0.1,0.1,0.1
1.069651,-0.045395,0.290886,0.1,0.1,0.1
0.772808,0.592644,0.185072,0.1,0.1,0.1
0.822179,-0.102649,0.185072,0.1,0.1,0.1
0.863317,0.679029,0.587215,0.1,0.1,0.1
0.556069,0.626620,0.581109,0.1,0.1,0.1
1.045009,0.034601,0.683724,0.1,0.1,0.1
0.943803,0.285612,0.204755,0.1,0.1,0.1
0.943989,0.692789,0.571741,0.1,0.1,0.1
1.209458,-0.645919,0.200781,0.1,0.1,0.1
1.016203,0.692462,0.220791,0.1,0.1,0.1
0.799317,-0.232280,0.512297,0.1,0.1,0.1
0.648017,0.642304,0.682332,0.1,0.1,0.1
0.823931,0.654463,0.185072,0.1,0.1,0.1
1.009692,-0.689977,0.248542,0.1,0.1,0.1
1.244029,-0.643172,0.371749,0.1,0.1,0.1
0.930409,0.670505,0.255981,0.1,0.1,0.1
1.141198,0.018207,0.182309,0.1,0.1,0.1
0.848572,-0.198653,0.683724,0.1,0.1,0.1
0.540985,0.604079,0.245217,0.1,0.1,0.1
0.997900,0.672284,0.664041,0.1,0.1,0.1
1.003683,0.683004,0.248029,0.1,0.1,0.1
0.884357,0.369655,0.683724,0.1,0.1,0.1
0.809165,-0.547646,0.512297,0.1,0.1,0.1
1.158367,-0.664617,0.585411,0.1,0.1,0.1
1.228259,-0.637761,0.683724,0.1,0.1,0.1
0.777508,0.644424,0.189861,0.1,0.1,0.1
1.198850,-0.436838,0.295484,0.1,0.1,0.1
1.066169,0.458065,0.172874,0.1,0.1,0.1
1.195573,-0.417629,0.302539,0.1,0.1,0.1
1.092153,0.071724,0.204755,0.1,0.1,0.1
0.924960,-0.070075,0.366903,0.1,0.1,0.1
1.014153,0.684790,0.574713,0.1,0.1,0.1
1.052816,0.536350,0.537203,0.1,0.1,0.1
0.531717,0.502260,0.664414,0.1,0.1,0.1
1.040146,0.493567,0.174133,0.1,0.1,0.1
1.047462,0.567734,0.509766,0.1,0.1,0.1
1.133728,-0.055062,0.221949,0.1,0.1,0.1
0.857821,0.364669,0.664041,0.1,0.1,0.1
1.048172,0.358889,0.512297,0.1,0.1,0.1
1.053317,0.401034,0.512297,0.1,0.1,0.1
1.065704,0.343734,0.651053,0.1,0.1,0.1
0.793890,0.482140,0.512297,0.1,0.1,0.1
0.927900,0.566674,0.185072,0.1,0.1,0.1
0.944493,-0.494817,0.664041,0.1,0.1,0.1
1.060809,0.393069,0.512297,0.1,0.1,0.1
1.165110,-0.121979,0.220390,0.1,0.1,0.1
0.821855,0.589625,0.185072,0.1,0.1,0.1
1.094917,0.216292,0.664041,0.1,0.1,0.1
1.078632,0.326473,0.191511,0.1,0.1,0.1
1.047138,-0.049235,0.359123,0.1,0.1,0.1
0.890774,0.002116,0.185072,0.1,0.1,0.1
1.171859,-0.161544,0.172896,0.1,0.1,0.1
0.791578,0.648510,0.664041,0.1,0.1,0.1
0.748782,0.114061,0.512297,0.1,0.1,0.1
0.795881,-0.185299,0.512297,0.1,0.1,0.1
1.050645,0.068432,0.185072,0.1,0.1,0.1
0.677753,-0.055167,0.512297,0.1,0.1,0.1
0.737794,-0.139058,0.683724,0.1,0.1,0.1
0.830165,0.488700,0.683724,0.1,0.1,0.1
1.006084,-0.065553,0.185072,0.1,0.1,0.1
1.073610,-0.679074,0.240140,0.1,0.1,0.1
0.868143,0.471960,0.683724,0.1,0.1,0.1
1.074738,-0.296090,0.185072,0.1,0.1,0.1
1.102657,0.144747,0.204755,0.1,0.1,0.1
0.874234,-0.499873,0.512297,0.1,0.1,0.1
1.192661,-0.283500,0.059386,0.1,0.1,0.1
0.789768,0.666483,0.469816,0.1,0.1,0.1
1.015110,0.694937,0.244070,0.1,0.1,0.1
0.924752,0.645972,0.185072,0.1,0.1,0.1
0.903370,0.620832,0.664041,0.1,0.1,0.1
1.135026,0.054390,0.023543,0.1,0.1,0.1
0.903679,-0.572549,0.512297,0.1,0.1,0.1
1.234346,-0.527876,0.088808,0.1,0.1,0.1
0.885090,-0.050744,0.664041,0.1,0.1,0.1
0.679334,0.627678,0.403017,0.1,0.1,0.1
0.637624,-0.070782,0.683724,0.1,0.1,0.1
0.877626,0.329343,0.512297,0.1,0.1,0.1
1.090323,0.316460,0.013655,0.1,0.1,0.1
0.850488,-0.697166,0.547306,0.1,0.1,0.1
0.549609,0.625518,0.669400,0.1,0.1,0.1
0.910330,-0.072571,0.299185,0.1,0.1,0.1
0.794287,-0.706753,0.534452,0.1,0.1,0.1
1.224614,-0.587883,0.373538,0.1,0.1,0.1
1.111144,0.194397,0.314510,0.1,0.1,0.1
0.988224,0.615558,0.683724,0.1,0.1,0.1
1.141803,-0.102399,0.129856,0.1,0.1,0.1
0.920456,-0.070844,0.282365,0.1,0.1,0.1
0.728136,-0.418310,0.512297,0.1,0.1,0.1
0.733578,0.507263,0.512297,0.1,0.1,0.1
1.083942,-0.657345,0.418615,0.1,0.1,0.1
1.077679,0.279998,0.512297,0.1,0.1,0.1
1.200940,-0.638759,0.664041,0.1,0.1,0.1
1.103561,-0.039611,0.230583,0.1,0.1,0.1
1.214249,-0.527120,0.050120,0.1,0.1,0.1
1.157909,-0.079760,0.284586,0.1,0.1,0.1
1.087583,0.332526,0.207753,0.1,0.1,0.1
0.700352,-0.287426,0.204755,0.1,0.1,0.1
1.234133,-0.526630,0.582398,0.1,0.1,0.1
1.023872,0.528847,0.664041,0.1,0.1,0.1
1.015302,0.694970,0.254829,0.1,0.1,0.1
0.856136,-0.696203,0.639261,0.1,0.1,0.1
1.060760,-0.293503,0.664041,0.1,0.1,0.1
0.926874,-0.646694,0.512297,0.1,0.1,0.1
1.151225,-0.645868,0.323329,0.1,0.1,0.1
0.710230,-0.437133,0.185072,0.1,0.1,0.1
0.759425,-0.732666,0.366810,0.1,0.1,0.1
1.067289,-0.186346,0.185072,0.1,0.1,0.1
1.071718,0.425536,0.515803,0.1,0.1,0.1
1.110111,-0.672848,0.350544,0.1,0.1,0.1
0.894761,-0.709582,0.563818,0.1,0.1,0.1
0.846347,0.563345,0.664041,0.1,0.1,0.1
1.083614,0.238734,0.159549,0.1,0.1,0.1
1.021039,0.029742,0.512297,0.1,0.1,0.1
1.040666,-0.495007,0.512297,0.1,0.1,0.1
1.012207,0.657359,0.336928,0.1,0.1,0.1
1.139138,0.030281,0.261474,0.1,0.1,0.1
1.171680,-0.338233,0.664041,0.1,0.1,0.1
1.106530,-0.397657,0.664041,0.1,0.1,0.1
1.161096,-0.098446,0.172775,0.1,0.1,0.1
0.895159,-0.420925,0.185072,0.1,0.1,0.1
0.895954,0.500705,0.204755,0.1,0.1,0.1
1.052552,0.420840,0.643511,0.1,0.1,0.1
0.680029,-0.111854,0.590789,0.1,0.1,0.1
1.034432,-0.665790,0.190057,0.1,0.1,0.1
0.626171,0.077507,0.512297,0.1,0.1,0.1
0.755579,-0.098967,0.435310,0.1,0.1,0.1
0.763742,0.563462,0.185072,0.1,0.1,0.1
0.976765,0.349486,0.512297,0.1,0.1,0.1
1.002003,-0.158632,0.512297,0.1,0.1,0.1
1.220133,-0.561611,0.111016,0.1,0.1,0.1
1.074257,-0.658997,0.443714,0.1,0.1,0.1
1.097216,-0.040693,0.274059,0.1,0.1,0.1
1.051767,-0.340550,0.512297,0.1,0.1,0.1
1.026013,0.394964,0.664041,0.1,0.1,0.1
1.115221,-0.450275,0.683724,0.1,0.1,0.1
1.182975,-0.660419,0.335746,0.1,0.1,0.1
1.212053,-0.514240,0.477366,0.1,0.1,0.1
0.838629,0.262760,0.683724,0.1,0.1,0.1
1.116714,-0.406686,0.185072,0.1,0.1,0.1
1.082839,0.360337,0.572644,0.1,0.1,0.1
0.673712,-0.119117,0.664041,0.1,0.1,0.1
1.117447,0.157446,0.590722,0.1,0.1,0.1
1.225445,-0.592756,0.166534,0.1,0.1,0.1
1.198693,-0.435919,0.017314,0.1,0.1,0.1
1.033138,-0.051623,0.288551,0.1,0.1,0.1
1.064248,0.469326,0.019296,0.1,0.1,0.1
0.637442,0.101684,0.664041,0.1,0.1,0.1
1.043180,0.023324,0.512297,0.1,0.1,0.1
0.855688,0.076496,0.204755,0.1,0.1,0.1
0.699012,-0.398581,0.664041,0.1,0.1,0.1
1.026111,0.190566,0.512297,0.1,0.1,0.1
0.859866,-0.629778,0.185072,0.1,0.1,0.1
1.208372,-0.375603,0.465832,0.1,0.1,0.1
1.081332,0.252112,0.477194,0.1,0.1,0.1
1.097282,-0.216589,0.204755,0.1,0.1,0.1
0.948159,0.565595,0.512297,0.1,0.1,0.1
0.939475,-0.067599,0.291876,0.1,0.1,0.1
1.015634,0.124978,0.512297,0.1,0.1,0.1
1.153071,-0.051398,0.556684,0.1,0.1,0.1
0.703168,0.631744,0.278898,0.1,0.1,0.1
0.686886,-0.110685,0.541588,0.1,0.1,0.1
0.979648,0.215100,0.512297,0.1,0.1,0.1
1.108780,-0.093743,0.204755,0.1,0.1,0.1
1.175178,-0.181004,0.341544,0.1,0.1,0.1
1.225638,-0.476824,0.161658,0.1,0.1,0.1
1.175958,-0.185572,0.082473,0.1,0.1,0.1
0.713370,0.510460,0.512297,0.1,0.1,0.1
0.682164,-0.098493,0.664041,0.1,0.1,0.1
1.029233,0.674605,0.094646,0.1,0.1,0.1
0.583800,0.631350,0.529465,0.1,0.1,0.1
1.140238,-0.093224,0.211201,0.1,0.1,0.1
1.022671,0.596017,0.102830,0.1,0.1,0.1
0.743124,0.627945,0.512297,0.1,0.1,0.1
0.854570,0.082592,0.683724,0.1,0.1,0.1
1.011891,-0.468986,0.664041,0.1,0.1,0.1
0.812971,0.478039,0.683724,0.1,0.1,0.1
1.097867,-0.204400,0.512297,0.1,0.1,0.1
0.889052,0.178742,0.512297,0.1,0.1,0.1
1.028510,0.678843,0.125860,0.1,0.1,0.1
0.864397,-0.080406,0.467813,0.1,0.1,0.1
1.245226,-0.639817,0.409999,0.1,0.1,0.1
1.160219,-0.093305,0.073997,0.1,0.1,0.1
1.200252,-0.445058,0.172870,0.1,0.1,0.1
0.911687,0.687279,0.376167,0.1,0.1,0.1
1.095304,0.000109,0.512297,0.1,0.1,0.1
1.079727,-0.678031,0.356172,0.1,0.1,0.1
0.959064,-0.064258,0.219832,0.1,0.1,0.1
0.726442,-0.314139,0.512297,0.1,0.1,0.1
0.868542,-0.714054,0.245526,0.1,0.1,0.1
0.745451,-0.100695,0.414186,0.1,0.1,0.1
1.244514,-0.587489,0.444269,0.1,0.1,0.1
0.867592,0.215973,0.204755,0.1,0.1,0.1
1.232824,-0.636016,0.278697,0.1,0.1,0.1
0.761521,0.241032,0.512297,0.1,0.1,0.1
0.764635,0.662196,0.680460,0.1,0.1,0.1
0.724072,0.490805,0.512297,0.1,0.1,0.1
0.806337,-0.428843,0.512297,0.1,0.1,0.1
0.668165,-0.176693,0.683724,0.1,0.1,0.1
0.664669,0.166779,0.683724,0.1,0.1,0.1
0.991387,-0.058745,0.535687,0.1,0.1,0.1
0.814861,0.133435,0.512297,0.1,0.1,0.1
1.248916,-0.639188,0.492190,0.1,0.1,0.1
1.060030,0.376998,0.535170,0.1,0.1,0.1
1.029036,0.675762,0.483361,0.1,0.1,0.1
1.080768,-0.278093,0.204755,0.1,0.1,0.1
1.115330,0.052798,0.306717,0.1,0.1,0.1
1.067543,0.450009,0.658122,0.1,0.1,0.1
1.008058,0.564000,0.664041,0.1,0.1,0.1
0.876301,-0.078375,0.318265,0.1,0.1,0.1
0.675510,-0.112625,0.225808,0.1,0.1,0.1
0.660126,0.194962,0.185072,0.1,0.1,0.1
0.829682,0.591131,0.185072,0.1,0.1,0.1
0.713827,-0.029016,0.512297,0.1,0.1,0.1
1.126186,-0.010845,0.662195,0.1,0.1,0.1
0.648165,-0.180418,0.185604,0.1,0.1,0.1
0.919707,0.688647,0.497744,0.1,0.1,0.1
1.157224,-0.075746,0.208703,0.1,0.1,0.1
1.163727,-0.230932,0.468261,0.1,0.1,0.1
1.014461,-0.517040,0.664041,0.1,0.1,0.1
1.235952,-0.537289,0.666951,0.1,0.1,0.1
1.220090,-0.561362,0.230791,0.1,0.1,0.1
0.513664,0.608097,0.586972,0.1,0.1,0.1
0.809365,-0.529373,0.204755,0.1,0.1,0.1
1.051739,-0.682805,0.232778,0.1,0.1,0.1
0.816869,-0.521644,0.664041,0.1,0.1,0.1
0.943664,-0.004764,0.683724,0.1,0.1,0.1
0.812921,0.650465,0.354063,0.1,0.1,0.1
1.132649,0.068325,0.553952,0.1,0.1,0.1
0.953437,0.588031,0.512297,0.1,0.1,0.1
0.787470,0.133655,0.204755,0.1,0.1,0.1
1.073393,-0.158229,0.185072,0.1,0.1,0.1
1.052519,0.268569,0.664041,0.1,0.1,0.1
1.028816,0.471704,0.512297,0.1,0.1,0.1
0.974035,-0.289816,0.512297,0.1,0.1,0.1
0.669672,0.431361,0.204755,0.1,0.1,0.1
0.766697,-0.122538,0.512297,0.1,0.1,0.1
1.182803,-0.641087,0.185072,0.1,0.1,0.1
1.017040,-0.252912,0.512297,0.1,0.1,0.1
1.044466,0.013783,0.204755,0.1,0.1,0.1
1.238715,-0.553487,0.062569,0.1,0.1,0.1
1.219950,-0.560539,0.580666,0.1,0.1,0.1
1.117104,0.159461,0.141702,0.1,0.1,0.1
1.075015,0.406207,0.511699,0.1,0.1,0.1
0.784009,-0.196968,0.512297,0.1,0.1,0.1
1.102791,0.126311,0.307763,0.1,0.1,0.1
1.235673,-0.535657,0.654660,0.1,0.1,0.1
0.979817,0.203017,0.512297,0.1,0.1,0.1
1.029503,-0.593122,0.204755,0.1,0.1,0.1
0.773301,-0.411735,0.204755,0.1,0.1,0.1
0.711614,0.055085,0.664041,0.1,0.1,0.1
0.891158,0.378536,0.185072,0.1,0.1,0.1
1.128654,-0.035330,0.550587,0.1,0.1,0.1
0.891052,0.649054,0.683724,0.1,0.1,0.1
0.921432,0.555894,0.664041,0.1,0.1,0.1
1.058323,-0.089146,0.512297,0.1,0.1,0.1
0.560274,0.627337,0.393722,0.1,0.1,0.1
1.133895,-0.375529,0.512297,0.1,0.1,0.1
1.080470,0.257169,0.366899,0.1,0.1,0.1
1.062351,0.480451,0.643245,0.1,0.1,0.1
1.040899,-0.437695,0.185072,0.1,0.1,0.1
1.004874,-0.690799,0.524695,0.1,0.1,0.1
0.985748,-0.047309,0.512297,0.1,0.1,0.1
0.982302,0.410932,0.683724,0.1,0.1,0.1
0.902416,0.345567,0.512297,0.1,0.1,0.1
0.705643,0.255527,0.664041,0.1,0.1,0.1
0.727459,-0.564508,0.683724,0.1,0.1,0.1
1.219818,-0.634168,0.469566,0.1,0.1,0.1
1.157146,-0.291119,0.512297,0.1,0.1,0.1
0.887982,0.407937,0.664041,0.1,0.1,0.1
0.916374,-0.509461,0.683724,0.1,0.1,0.1
0.822786,-0.631671,0.204755,0.1,0.1,0.1
0.725585,-0.409680,0.512297,0.1,0.1,0.1
1.126599,-0.500465,0.664041,0.1,0.1,0.1
0.948204,-0.595113,0.664041,0.1,0.1,0.1
0.797844,-0.483133,0.683724,0.1,0.1,0.1
0.723930,0.392957,0.512297,0.1,0.1,0.1
1.081555,-0.531867,0.683724,0.1,0.1,0.1
0.862259,0.086273,0.185072,0.1,0.1,0.1
1.005796,-0.007855,0.185072,0.1,0.1,0.1
0.587904,0.350432,0.512297,0.1,0.1,0.1
0.687995,0.649123,0.383308,0.1,0.1,0.1
1.188936,-0.261662,0.281382,0.1,0.1,0.1
0.840582,0.189132,0.185072,0.1,0.1,0.1
0.840274,-0.268201,0.204755,0.1,0.1,0.1
0.600536,0.634205,0.600836,0.1,0.1,0.1
1.063749,0.472253,0.168128,0.1,0.1,0.1
1.006424,0.691265,0.254075,0.1,0.1,0.1
0.963521,-0.697853,0.272060,0.1,0.1,0.1
1.231849,-0.630296,0.654941,0.1,0.1,0.1
1.040586,-0.079016,0.185072,0.1,0.1,0.1
1.148344,-0.140744,0.022733,0.1,0.1,0.1
1.102011,-0.470188,0.683724,0.1,0.1,0.1
1.162985,-0.226580,0.309290,0.1,0.1,0.1
1.031798,-0.051851,0.249887,0.1,0.1,0.1
0.687274,-0.110619,0.521364,0.1,0.1,0.1
0.863096,-0.080628,0.543657,0.1,0.1,0.1
0.982372,-0.232729,0.683724,0.1,0.1,0.1
0.831940,-0.525575,0.204755,0.1,0.1,0.1
1.180222,-0.210573,0.099887,0.1,0.1,0.1
1.141242,-0.099113,0.388941,0.1,0.1,0.1
0.956219,0.618320,0.185072,0.1,0.1,0.1
1.156635,-0.644945,0.305776,0.1,0.1,0.1
0.644674,-0.117885,0.446472,0.1,0.1,0.1
1.040127,0.493680,0.595781,0.1,0.1,0.1
1.115314,0.037738,0.204755,0.1,0.1,0.1
0.669505,-0.113649,0.380098,0.1,0.1,0.1
0.979092,0.277200,0.683724,0.1,0.1,0.1
0.651992,-0.192961,0.512297,0.1,0.1,0.1
1.177562,-0.194979,0.459720,0.1,0.1,0.1
0.993976,0.563358,0.683724,0.1,0.1,0.1
1.165759,-0.502694,0.512297,0.1,0.1,0.1
1.218883,-0.554283,0.068832,0.1,0.1,0.1
1.098632,0.117857,0.512297,0.1,0.1,0.1
0.957717,-0.064488,0.505506,0.1,0.1,0.1
0.863038,0.150682,0.204755,0.1,0.1,0.1
0.605141,0.588458,0.664041,0.1,0.1,0.1
0.977831,0.678594,0.238010,0.1,0.1,0.1
1.039029,-0.142386,0.512297,0.1,0.1,0.1
1.159645,-0.250840,0.512297,0.1,0.1,0.1
0.932401,-0.683194,0.301637,0.1,0.1,0.1
0.663552,0.390549,0.512297,0.1,0.1,0.1
1.013329,-0.689357,0.631597,0.1,0.1,0.1
0.995055,-0.071084,0.683724,0.1,0.1,0.1
0.922348,-0.033533,0.512297,0.1,0.1,0.1
0.655851,0.372590,0.185072,0.1,0.1,0.1
1.048017,0.564481,0.343482,0.1,0.1,0.1
0.956636,-0.064672,0.450062,0.1,0.1,0.1
1.057589,-0.428448,0.664041,0.1,0.1,0.1
0.733522,-0.102730,0.324262,0.1,0.1,0.1
0.898015,0.658009,0.683724,0.1,0.1,0.1
1.081442,0.251467,0.465706,0.1,0.1,0.1
1.174263,-0.607836,0.204755,0.1,0.1,0.1
0.954394,-0.679442,0.435648,0.1,0.1,0.1
0.815325,-0.088776,0.192534,0.1,0.1,0.1
0.906432,0.473963,0.512297,0.1,0.1,0.1
1.000203,-0.450061,0.512297,0.1,0.1,0.1
0.602938,0.474910,0.512297,0.1,0.1,0.1
1.146409,-0.612136,0.664041,0.1,0.1,0.1
0.669703,0.058172,0.512297,0.1,0.1,0.1
0.836444,0.654477,0.452818,0.1,0.1,0.1
1.094752,-0.240332,0.512297,0.1,0.1,0.1
1.035132,0.640025,0.198604,0.1,0.1,0.1
0.734750,-0.568269,0.512297,0.1,0.1,0.1
0.878345,-0.005945,0.185072,0.1,0.1,0.1
0.890196,0.652773,0.683724,0.1,0.1,0.1
0.656597,-0.182211,0.512297,0.1,0.1,0.1
1.118729,-0.037023,0.413967,0.1,0.1,0.1
0.729408,-0.256412,0.512297,0.1,0.1,0.1
0.924557,-0.033923,0.512297,0.1,0.1,0.1
0.642038,0.169267,0.512297,0.1,0.1,0.1
0.792439,-0.727035,0.224300,0.1,0.1,0.1
1.097741,0.211611,0.664041,0.1,0.1,0.1
1.096292,0.164410,0.609884,0.1,0.1,0.1
1.059007,-0.265689,0.512297,0.1,0.1,0.1
1.223757,-0.532772,0.664041,0.1,0.1,0.1
1.160323,-0.644316,0.584192,0.1,0.1,0.1
1.132099,-0.634953,0.204755,0.1,0.1,0.1
1.025407,0.579977,0.044181,0.1,0.1,0.1
1.114142,-0.184071,0.512297,0.1,0.1,0.1
0.799743,0.503707,0.512297,0.1,0.1,0.1
0.989918,-0.658057,0.683724,0.1,0.1,0.1
1.198949,-0.320358,0.620864,0.1,0.1,0.1
0.831993,-0.700321,0.399142,0.1,0.1,0.1
0.799381,0.668123,0.385644,0.1,0.1,0.1
0.911890,0.687314,0.510624,0.1,0.1,0.1
1.029606,0.672418,0.076518,0.1,0.1,0.1
0.867483,0.504279,0.512297,0.1,0.1,0.1
0.805293,-0.047847,0.185072,0.1,0.1,0.1
1.081974,0.365410,0.083278,0.1,0.1,0.1
0.882982,0.216319,0.185072,0.1,0.1,0.1
0.776596,-0.017481,0.683724,0.1,0.1,0.1
0.783674,0.392988,0.664041,0.1,0.1,0.1
1.057512,0.391758,0.623600,0.1,0.1,0.1
1.123932,0.119428,0.178792,0.1,0.1,0.1
1.011942,-0.533503,0.512297,0.1,0.1,0.1
0.896392,0.434467,0.664041,0.1,0.1,0.1
1.246402,-0.598557,0.556573,0.1,0.1,0.1
0.617124,0.393366,0.185072,0.1,0.1,0.1
0.806065,-0.090356,0.664273,0.1,0.1,0.1
1.056295,0.398896,0.140994,0.1,0.1,0.1
1.222041,-0.572799,0.007434,0.1,0.1,0.1
1.085100,0.230023,0.505512,0.1,0.1,0.1
1.187127,-0.433891,0.204755,0.1,0.1,0.1
0.854441,0.661985,0.185072,0.1,0.1,0.1
1.210371,-0.635779,0.341972,0.1,0.1,0.1
0.654622,0.397384,0.512297,0.1,0.1,0.1
0.732422,0.636734,0.624053,0.1,0.1,0.1
0.708876,0.293139,0.683724,0.1,0.1,0.1
1.075991,-0.044313,0.392348,0.1,0.1,0.1
0.910075,-0.662084,0.512297,0.1,0.1,0.1
1.155117,-0.180453,0.310899,0.1,0.1,0.1
0.750428,0.372514,0.204755,0.1,0.1,0.1
0.908836,-0.689831,0.512297,0.1,0.1,0.1
1.112035,-0.112635,0.204755,0.1,0.1,0.1
0.851677,0.002055,0.683724,0.1,0.1,0.1
0.643839,-0.118027,0.382046,0.1,0.1,0.1
1.073597,0.414520,0.514289,0.1,0.1,0.1
0.667229,0.625613,0.265863,0.1,0.1,0.1
1.070993,0.312726,0.360326,0.1,0.1,0.1
0.947013,0.662682,0.512297,0.1,0.1,0.1
0.769025,0.231084,0.683724,0.1,0.1,0.1
0.988850,0.481416,0.512297,0.1,0.1,0.1
1.134143,-0.632306,0.512297,0.1,0.1,0.1
1.053278,0.533640,0.329946,0.1,0.1,0.1
1.157271,-0.280568,0.185072,0.1,0.1,0.1
1.228488,-0.493536,0.228098,0.1,0.1,0.1
1.033471,-0.491812,0.512297,0.1,0.1,0.1
0.852944,0.657292,0.432810,0.1,0.1,0.1
0.878640,0.370024,0.185072,0.1,0.1,0.1
1.194527,-0.459199,0.204755,0.1,0.1,0.1
0.953455,-0.522724,0.512297,0.1,0.1,0.1
0.925523,0.171553,0.683724,0.1,0.1,0.1
0.948550,0.546916,0.512297,0.1,0.1,0.1
1.097375,-0.040666,0.221650,0.1,0.1,0.1
0.823735,0.419222,0.512297,0.1,0.1,0.1
1.240392,-0.563319,0.446493,0.1,0.1,0.1
0.572207,0.629372,0.397186,0.1,0.1,0.1
1.213987,-0.408521,0.301235,0.1,0.1,0.1
0.681668,0.628076,0.349511,0.1,0.1,0.1
1.171392,-0.275867,0.048860,0.1,0.1,0.1
1.114130,0.059836,0.336333,0.1,0.1,0.1
0.950370,0.673910,0.298855,0.1,0.1,0.1
1.044368,0.527343,0.201362,0.1,0.1,0.1
1.097364,-0.356722,0.185072,0.1,0.1,0.1
0.777677,0.644453,0.556746,0.1,0.1,0.1
0.756123,0.640777,0.498471,0.1,0.1,0.1
1.160192,-0.468026,0.683724,0.1,0.1,0.1
0.790729,0.561583,0.185072,0.1,0.1,0.1
1.166052,-0.127500,0.061816,0.1,0.1,0.1
0.684174,-0.025104,0.664041,0.1,0.1,0.1
0.655957,0.168671,0.512297,0.1,0.1,0.1
0.790063,-0.110064,0.185072,0.1,0.1,0.1
1.136913,0.043328,0.609604,0.1,0.1,0.1
0.889886,0.453828,0.512297,0.1,0.1,0.1
1.192151,-0.582326,0.683724,0.1,0.1,0.1
0.916438,-0.233895,0.185072,0.1,0.1,0.1
1.199546,-0.440921,0.133467,0.1,0.1,0.1
1.126069,0.106898,0.517331,0.1,0.1,0.1
0.766626,0.291562,0.683724,0.1,0.1,0.1
1.206657,-0.365548,0.291300,0.1,0.1,0.1
0.802669,-0.406897,0.512297,0.1,0.1,0.1
0.854956,0.677602,0.400390,0.1,0.1,0.1
0.740188,0.638058,0.218288,0.1,0.1,0.1
0.908238,0.666724,0.388309,0.1,0.1,0.1
0.607631,0.434357,0.512297,0.1,0.1,0.1
0.738075,0.089482,0.512297,0.1,0.1,0.1
0.741178,-0.245549,0.512297,0.1,0.1,0.1
0.847275,0.580265,0.683724,0.1,0.1,0.1
0.939318,-0.037461,0.683724,0.1,0.1,0.1
0.775189,0.605505,0.512297,0.1,0.1,0.1
1.069354,0.380867,0.186475,0.1,0.1,0.1
0.712974,-0.042807,0.664041,0.1,0.1,0.1
0.590190,0.373911,0.512297,0.1,0.1,0.1
1.170436,-0.270262,0.308096,0.1,0.1,0.1
1.147064,-0.129987,0.204755,0.1,0.1,0.1
0.647863,0.622310,0.672347,0.1,0.1,0.1
0.776653,0.419327,0.204755,0.1,0.1,0.1
1.239265,-0.556716,0.018230,0.1,0.1,0.1
0.686055,-0.320866,0.683724,0.1,0.1,0.1
0.604796,0.634931,0.665354,0.1,0.1,0.1
0.654316,-0.013120,0.512297,0.1,0.1,0.1
0.982809,-0.163679,0.512297,0.1,0.1,0.1
0.821676,0.060230,0.512297,0.1,0.1,0.1
0.741723,-0.351180,0.664041,0.1,0.1,0.1
1.150656,-0.499648,0.683724,0.1,0.1,0.1
0.663133,-0.268170,0.682696,0.1,0.1,0.1
0.608642,0.426029,0.664041,0.1,0.1,0.1
0.645197,0.145365,0.185072,0.1,0.1,0.1
1.202484,-0.341087,0.052323,0.1,0.1,0.1
1.137190,0.041701,0.020575,0.1,0.1,0.1
0.925795,-0.335161,0.185072,0.1,0.1,0.1
0.952217,0.339535,0.512297,0.1,0.1,0.1
0.993030,-0.058464,0.483273,0.1,0.1,0.1
1.033352,-0.567036,0.664041,0.1,0.1,0.1
0.640056,-0.118673,0.376105,0.1,0.1,0.1
1.212676,-0.517893,0.634065,0.1,0.1,0.1
1.131550,-0.042294,0.239032,0.1,0.1,0.1
1.090482,-0.676197,0.436778,0.1,0.1,0.1
0.667728,0.179492,0.512297,0.1,0.1,0.1
0.657546,0.063013,0.683724,0.1,0.1,0.1
1.008183,0.680953,0.032801,0.1,0.1,0.1
1.040455,-0.446995,0.664041,0.1,0.1,0.1
0.993934,0.193485,0.185072,0.1,0.1,0.1
0.768937,-0.731044,0.575536,0.1,0.1,0.1
1.121058,-0.036626,0.597203,0.1,0.1,0.1
1.210039,-0.385375,0.442289,0.1,0.1,0.1
0.710446,0.072295,0.204755,0.1,0.1,0.1
1.016100,-0.237681,0.512297,0.1,0.1,0.1
1.022266,0.334111,0.185072,0.1,0.1,0.1
1.148406,-0.082581,0.673829,0.1,0.1,0.1
1.053718,-0.250845,0.204755,0.1,0.1,0.1
1.077158,0.393643,0.103491,0.1,0.1,0.1
0.601946,0.586909,0.512297,0.1,0.1,0.1
0.862662,-0.695089,0.467007,0.1,0.1,0.1
0.761146,0.651617,0.190098,0.1,0.1,0.1
1.088235,-0.656612,0.643728,0.1,0.1,0.1
1.032363,-0.051755,0.663883,0.1,0.1,0.1
0.756145,0.650764,0.190608,0.1,0.1,0.1
0.858027,0.508338,0.664041,0.1,0.1,0.1
0.929497,0.670350,0.225747,0.1,0.1,0.1
1.023286,-0.641175,0.185072,0.1,0.1,0.1
1.072537,0.162132,0.683724,0.1,0.1,0.1
0.856278,-0.565112,0.204755,0.1,0.1,0.1
1.158999,-0.086151,0.124907,0.1,0.1,0.1
1.027934,0.682218,0.300058,0.1,0.1,0.1
0.826804,0.360313,0.204755,0.1,0.1,0.1
0.991364,-0.064804,0.512297,0.1,0.1,0.1
0.766131,0.440343,0.185072,0.1,0.1,0.1
1.218335,-0.434013,0.456732,0.1,0.1,0.1
0.915164,0.110014,0.664041,0.1,0.1,0.1
0.730932,-0.665640,0.669380,0.1,0.1,0.1
0.874855,-0.693010,0.288913,0.1,0.1,0.1
0.997188,0.690736,0.683724,0.1,0.1,0.1
0.662207,0.081099,0.204755,0.1,0.1,0.1
0.898338,0.460106,0.204755,0.1,0.1,0.1
1.065104,-0.660558,0.405404,0.1,0.1,0.1
1.123982,-0.036127,0.410291,0.1,0.1,0.1
0.819041,0.573474,0.185072,0.1,0.1,0.1
0.821537,-0.339151,0.512297,0.1,0.1,0.1
0.758880,-0.129199,0.185072,0.1,0.1,0.1
1.155058,-0.063047,0.598720,0.1,0.1,0.1
1.232760,-0.635636,0.251455,0.1,0.1,0.1
1.037574,0.625704,0.467519,0.1,0.1,0.1
1.077730,0.273228,0.430275,0.1,0.1,0.1
0.816852,0.429224,0.204755,0.1,0.1,0.1
1.044750,0.528906,0.673882,0.1,0.1,0.1
0.773498,-0.095911,0.336496,0.1,0.1,0.1
0.738439,-0.647802,0.683724,0.1,0.1,0.1
0.932246,0.437874,0.512297,0.1,0.1,0.1
1.110829,-0.652758,0.359116,0.1,0.1,0.1
1.060972,-0.089109,0.512297,0.1,0.1,0.1
0.937031,-0.577351,0.512297,0.1,0.1,0.1
0.793814,-0.199138,0.185072,0.1,0.1,0.1
1.091017,0.195337,0.618318,0.1,0.1,0.1
1.044212,0.195387,0.185072,0.1,0.1,0.1
0.855395,-0.222611,0.664041,0.1,0.1,0.1
1.048458,-0.638920,0.683724,0.1,0.1,0.1
1.159267,-0.087724,0.529933,0.1,0.1,0.1
1.167994,-0.255946,0.481786,0.1,0.1,0.1
0.935947,0.691417,0.570872,0.1,0.1,0.1
1.185453,-0.395014,0.664041,0.1,0.1,0.1
1.075384,0.286984,0.432261,0.1,0.1,0.1
1.002697,-0.593259,0.683724,0.1,0.1,0.1
0.920638,-0.330783,0.185072,0.1,0.1,0.1
1.041920,-0.664513,0.440438,0.1,0.1,0.1
0.770686,-0.710778,0.289316,0.1,0.1,0.1
0.982206,0.406908,0.664041,0.1,0.1,0.1
0.590447,0.632484,0.633166,0.1,0.1,0.1
0.761438,-0.626881,0.664041,0.1,0.1,0.1
0.924257,-0.535192,0.512297,0.1,0.1,0.1
1.050434,0.550314,0.116517,0.1,0.1,0.1
1.013126,0.651972,0.111389,0.1,0.1,0.1
0.652679,0.026770,0.185072,0.1,0.1,0.1
0.709651,0.632850,0.396939,0.1,0.1,0.1
1.056232,-0.662071,0.677071,0.1,0.1,0.1
1.140363,-0.093957,0.303371,0.1,0.1,0.1
1.112535,-0.096943,0.512297,0.1,0.1,0.1
0.665413,-0.058799,0.512297,0.1,0.1,0.1
1.226355,-0.633053,0.355059,0.1,0.1,0.1
0.930988,0.690571,0.552709,0.1,0.1,0.1
0.646329,0.508355,0.683724,0.1,0.1,0.1
0.824864,0.407343,0.512297,0.1,0.1,0.1
0.807507,-0.004911,0.204755,0.1,0.1,0.1
0.935353,-0.068303,0.542608,0.1,0.1,0.1
0.845764,-0.267785,0.204755,0.1,0.1,0.1
0.860645,-0.219394,0.512297,0.1,0.1,0.1
1.173114,-0.629775,0.512297,0.1,0.1,0.1
0.878197,0.585067,0.683724,0.1,0.1,0.1
0.940960,-0.681734,0.490906,0.1,0.1,0.1
0.528489,0.610627,0.185072,0.1,0.1,0.1
1.129314,-0.605788,0.512297,0.1,0.1,0.1
0.792236,0.234554,0.512297,0.1,0.1,0.1
1.151460,-0.041953,0.020285,0.1,0.1,0.1
1.055735,-0.101258,0.512297,0.1,0.1,0.1
1.002911,-0.056779,0.598591,0.1,0.1,0.1
0.737423,-0.433167,0.512297,0.1,0.1,0.1
0.980513,-0.185462,0.185072,0.1,0.1,0.1
0.883869,-0.199871,0.512297,0.1,0.1,0.1
1.118015,0.153825,0.673882,0.1,0.1,0.1
1.246668,-0.600118,0.249577,0.1,0.1,0.1
1.074777,0.290544,0.496362,0.1,0.1,0.1
1.068571,0.294698,0.512297,0.1,0.1,0.1
1.010937,-0.571733,0.512297,0.1,0.1,0.1
0.587455,0.612006,0.588624,0.1,0.1,0.1
1.250193,-0.620783,0.167187,0.1,0.1,0.1
0.755991,-0.422056,0.664041,0.1,0.1,0.1
1.215317,-0.634935,0.414144,0.1,0.1,0.1
0.700200,-0.473224,0.683724,0.1,0.1,0.1
0.839375,0.674945,0.448548,0.1,0.1,0.1
1.126092,-0.010292,0.010353,0.1,0.1,0.1
1.209420,-0.498809,0.591274,0.1,0.1,0.1
1.023385,-0.651429,0.664041,0.1,0.1,0.1
1.161598,-0.289487,0.664041,0.1,0.1,0.1
1.109742,0.085559,0.514715,0.1,0.1,0.1
0.841199,-0.203436,0.683724,0.1,0.1,0.1
0.861363,0.558966,0.512297,0.1,0.1,0.1
0.688385,0.080738,0.683724,0.1,0.1,0.1
0.814456,0.592768,0.185072,0.1,0.1,0.1
1.018707,-0.054084,0.512789,0.1,0.1,0.1
1.149566,-0.147910,0.449763,0.1,0.1,0.1
0.577676,0.329177,0.683724,0.1,0.1,0.1
1.201407,-0.451830,0.201200,0.1,0.1,0.1
0.570218,0.598417,0.683724,0.1,0.1,0.1
0.879818,-0.712130,0.620521,0.1,0.1,0.1
0.761420,-0.732326,0.203352,0.1,0.1,0.1
1.200208,-0.327743,0.580616,0.1,0.1,0.1
1.203791,-0.432899,0.512297,0.1,0.1,0.1
1.089478,-0.565786,0.185072,0.1,0.1,0.1
0.754124,0.640436,0.371596,0.1,0.1,0.1
0.724594,0.573284,0.204755,0.1,0.1,0.1
0.625694,0.638496,0.375468,0.1,0.1,0.1
0.773239,0.645101,0.185072,0.1,0.1,0.1
1.049765,0.554233,0.489498,0.1,0.1,0.1
0.823001,0.274566,0.204755,0.1,0.1,0.1
0.877375,-0.261346,0.204755,0.1,0.1,0.1
0.764318,0.020752,0.512297,0.1,0.1,0.1
0.890302,-0.071317,0.683724,0.1,0.1,0.1
1.057761,-0.457377,0.512297,0.1,0.1,0.1
0.986376,-0.059599,0.553892,0.1,0.1,0.1
0.695281,-0.125104,0.683724,0.1,0.1,0.1
1.125855,-0.035808,0.199162,0.1,0.1,0.1
1.068001,-0.415326,0.204755,0.1,0.1,0.1
0.920668,-0.070807,0.459897,0.1,0.1,0.1
1.039272,0.113201,0.683724,0.1,0.1,0.1
1.050705,0.518673,0.000000,0.1,0.1,0.1
1.237990,-0.549239,0.116649,0.1,0.1,0.1
0.905192,-0.707802,0.285398,0.1,0.1,0.1
0.628771,0.411525,0.204755,0.1,0.1,0.1
0.936693,-0.068074,0.495656,0.1,0.1,0.1
1.041832,0.600741,0.234187,0.1,0.1,0.1
1.048948,-0.155346,0.664041,0.1,0.1,0.1
1.171678,-0.272887,0.683724,0.1,0.1,0.1
0.531879,0.622494,0.306296,0.1,0.1,0.1
1.131302,-0.040837,0.239132,0.1,0.1,0.1
0.986284,0.450177,0.664041,0.1,0.1,0.1
0.637299,0.171273,0.683724,0.1,0.1,0.1
1.004552,0.288783,0.204755,0.1,0.1,0.1
0.982431,0.314857,0.185072,0.1,0.1,0.1
0.862342,-0.653986,0.512297,0.1,0.1,0.1
0.843996,-0.718241,0.447592,0.1,0.1,0.1
0.575627,0.337727,0.512297,0.1,0.1,0.1
1.071988,0.365423,0.678543,0.1,0.1,0.1
0.659625,0.431363,0.664041,0.1,0.1,0.1
0.977372,-0.635181,0.204755,0.1,0.1,0.1
1.092781,-0.655837,0.593054,0.1,0.1,0.1
1.044272,0.469380,0.485521,0.1,0.1,0.1
0.741412,-0.366349,0.512297,0.1,0.1,0.1
1.161188,-0.216044,0.169923,0.1,0.1,0.1
0.757087,0.652420,0.683724,0.1,0.1,0.1
0.763101,-0.097684,0.555344,0.1,0.1,0.1
0.622748,0.618026,0.426466,0.1,0.1,0.1
1.188066,-0.256558,0.475643,0.1,0.1,0.1
1.216512,-0.540383,0.160201,0.1,0.1,0.1
0.922352,-0.592873,0.664041,0.1,0.1,0.1
0.741946,0.305852,0.185072,0.1,0.1,0.1
0.857441,-0.587871,0.683724,0.1,0.1,0.1
0.915902,-0.686008,0.421225,0.1,0.1,0.1
1.108996,0.104370,0.204755,0.1,0.1,0.1
1.159072,-0.086580,0.541115,0.1,0.1,0.1
1.129563,-0.404406,0.204755,0.1,0.1,0.1
0.615013,0.636674,0.665510,0.1,0.1,0.1
0.736908,-0.328581,0.683724,0.1,0.1,0.1
0.995019,0.486125,0.512297,0.1,0.1,0.1
1.035214,0.639543,0.534777,0.1,0.1,0.1
1.178394,-0.199856,0.467371,0.1,0.1,0.1
0.565854,0.618305,0.190658,0.1,0.1,0.1
0.725044,-0.104176,0.397162,0.1,0.1,0.1
1.123360,0.005721,0.538449,0.1,0.1,0.1
1.047118,0.091871,0.512297,0.1,0.1,0.1
0.709596,-0.454200,0.512297,0.1,0.1,0.1
1.226537,-0.633022,0.389602,0.1,0.1,0.1
1.077318,-0.298883,0.204755,0.1,0.1,0.1
0.905046,-0.296626,0.512297,0.1,0.1,0.1
1.014637,0.701643,0.290245,0.1,0.1,0.1
1.097751,0.272917,0.050686,0.1,0.1,0.1
0.733200,-0.102785,0.207610,0.1,0.1,0.1
0.801649,-0.091109,0.371642,0.1,0.1,0.1
0.964332,0.696259,0.415735,0.1,0.1,0.1
1.183708,-0.231008,0.384063,0.1,0.1,0.1
0.931392,-0.099244,0.512297,0.1,0.1,0.1
1.004979,0.534131,0.512297,0.1,0.1,0.1
1.082722,0.243967,0.108606,0.1,0.1,0.1
1.140875,-0.393151,0.664041,0.1,0.1,0.1
1.017572,-0.054278,0.661269,0.1,0.1,0.1
0.572075,0.609383,0.537085,0.1,0.1,0.1
1.242490,-0.575623,0.103982,0.1,0.1,0.1
0.844877,0.551601,0.185072,0.1,0.1,0.1
0.859520,0.678381,0.648645,0.1,0.1,0.1
0.823775,-0.087335,0.470006,0.1,0.1,0.1
1.184355,-0.640217,0.317401,0.1,0.1,0.1
0.669077,0.625929,0.613757,0.1,0.1,0.1
1.163674,-0.545223,0.683724,0.1,0.1,0.1
0.998950,-0.057455,0.524377,0.1,0.1,0.1
1.137445,-0.391983,0.512297,0.1,0.1,0.1
1.084918,-0.188312,0.185072,0.1,0.1,0.1
1.070673,-0.045220,0.630166,0.1,0.1,0.1
1.206609,-0.365266,0.196804,0.1,0.1,0.1
0.813575,0.409296,0.664041,0.1,0.1,0.1
0.798345,-0.389137,0.512297,0.1,0.1,0.1
1.129794,0.085064,0.287033,0.1,0.1,0.1
0.639720,0.322189,0.512297,0.1,0.1,0.1
0.646660,0.464989,0.204755,0.1,0.1,0.1
1.177249,-0.310201,0.189131,0.1,0.1,0.1
1.226907,-0.601322,0.245677,0.1,0.1,0.1
1.115135,0.170999,0.587902,0.1,0.1,0.1
0.783196,-0.507247,0.664041,0.1,0.1,0.1
0.903344,0.225644,0.683724,0.1,0.1,0.1
0.733359,-0.679870,0.669502,0.1,0.1,0.1
0.686247,-0.100611,0.664041,0.1,0.1,0.1
1.220156,-0.654077,0.195684,0.1,0.1,0.1
0.774889,-0.041399,0.683724,0.1,0.1,0.1
0.877504,-0.103372,0.512297,0.1,0.1,0.1
0.697301,0.515894,0.185072,0.1,0.1,0.1
1.017113,-0.102182,0.512297,0.1,0.1,0.1
1.017822,0.624443,0.306267,0.1,0.1,0.1
0.893850,-0.689770,0.185503,0.1,0.1,0.1
0.814980,0.669292,0.683724,0.1,0.1,0.1
1.078112,0.276144,0.000000,0.1,0.1,0.1
0.761281,0.641656,0.622355,0.1,0.1,0.1
1.190430,-0.606003,0.512297,0.1,0.1,0.1
1.036374,0.236629,0.512297,0.1,0.1,0.1
1.159957,-0.644378,0.522445,0.1,0.1,0.1
1.041789,0.600995,0.484362,0.1,0.1,0.1
1.046636,-0.651876,0.512297,0.1,0.1,0.1
0.884553,0.379722,0.185072,0.1,0.1,0.1
0.847980,-0.360020,0.683724,0.1,0.1,0.1
0.886619,0.563171,0.512297,0.1,0.1,0.1
0.994792,0.386107,0.664041,0.1,0.1,0.1
0.985989,0.613567,0.512297,0.1,0.1,0.1
0.841031,0.594088,0.204755,0.1,0.1,0.1
0.910090,-0.607439,0.204755,0.1,0.1,0.1
0.975453,0.167700,0.204755,0.1,0.1,0.1
1.087464,0.216162,0.245751,0.1,0.1,0.1
0.761020,-0.001580,0.683724,0.1,0.1,0.1
0.803336,-0.169136,0.204755,0.1,0.1,0.1
1.156795,-0.229654,0.512297,0.1,0.1,0.1
1.225458,-0.592828,0.603821,0.1,0.1,0.1
1.199879,-0.384342,0.681251,0.1,0.1,0.1
1.076915,0.395070,0.620298,0.1,0.1,0.1
1.105085,-0.571246,0.185072,0.1,0.1,0.1
0.942165,0.692478,0.508188,0.1,0.1,0.1
1.188102,-0.256772,0.447754,0.1,0.1,0.1
1.092260,-0.597833,0.512297,0.1,0.1,0.1
1.149140,-0.200334,0.185072,0.1,0.1,0.1
0.919155,-0.685453,0.526317,0.1,0.1,0.1
0.756357,-0.703106,0.204755,0.1,0.1,0.1
1.073103,-0.679161,0.498433,0.1,0.1,0.1
0.861029,-0.715335,0.617158,0.1,0.1,0.1
0.849424,0.676659,0.225634,0.1,0.1,0.1
0.859475,-0.682922,0.185072,0.1,0.1,0.1
1.063400,0.357241,0.642110,0.1,0.1,0.1
1.081382,0.368882,0.663846,0.1,0.1,0.1
0.739709,-0.717097,0.545800,0.1,0.1,0.1
1.153253,-0.169523,0.221544,0.1,0.1,0.1
0.828116,-0.713045,0.185072,0.1,0.1,0.1
0.779658,-0.136651,0.204755,0.1,0.1,0.1
1.185288,-0.240272,0.065981,0.1,0.1,0.1
1.147497,-0.077254,0.204020,0.1,0.1,0.1
0.912325,0.614098,0.512297,0.1,0.1,0.1
1.145336,-0.032795,0.673882,0.1,0.1,0.1
1.050335,0.433834,0.190645,0.1,0.1,0.1
1.095900,-0.675272,0.600245,0.1,0.1,0.1
1.190691,-0.271949,0.621150,0.1,0.1,0.1
1.226536,-0.599151,0.081474,0.1,0.1,0.1
1.066768,-0.375524,0.664041,0.1,0.1,0.1
0.790379,-0.648714,0.512297,0.1,0.1,0.1
0.546523,0.624992,0.478667,0.1,0.1,0.1
1.178473,-0.200320,0.583807,0.1,0.1,0.1
0.756210,-0.593774,0.683724,0.1,0.1,0.1
0.905069,0.114756,0.683724,0.1,0.1,0.1
1.159740,-0.207555,0.360229,0.1,0.1,0.1
0.840717,-0.633796,0.512297,0.1,0.1,0.1
0.978583,-0.453642,0.683724,0.1,0.1,0.1
0.600021,0.101828,0.185220,0.1,0.1,0.1
1.211622,-0.635566,0.654132,0.1,0.1,0.1
1.139216,-0.087232,0.178692,0.1,0.1,0.1
1.013284,-0.545535,0.185072,0.1,0.1,0.1
1.219401,-0.557321,0.213101,0.1,0.1,0.1
1.025642,0.578598,0.626768,0.1,0.1,0.1
1.111372,-0.038278,0.422096,0.1,0.1,0.1
0.872811,0.153980,0.512297,0.1,0.1,0.1
0.915918,-0.071618,0.311849,0.1,0.1,0.1
1.135391,-0.239371,0.512297,0.1,0.1,0.1
1.199296,-0.322392,0.152798,0.1,0.1,0.1
0.696101,0.155680,0.683724,0.1,0.1,0.1
0.688779,0.639273,0.666361,0.1,0.1,0.1
0.634849,0.472836,0.512297,0.1,0.1,0.1
1.218966,-0.554772,0.669788,0.1,0.1,0.1
1.153608,-0.054545,0.502994,0.1,0.1,0.1
1.165008,-0.646472,0.664041,0.1,0.1,0.1
1.083686,-0.068270,0.512297,0.1,0.1,0.1
0.858317,-0.460686,0.185072,0.1,0.1,0.1
1.075613,0.402698,0.559581,0.1,0.1,0.1
1.155913,-0.185121,0.564078,0.1,0.1,0.1
0.627067,0.151111,0.185072,0.1,0.1,0.1
1.097055,0.159936,0.312769,0.1,0.1,0.1
0.769980,-0.087026,0.185072,0.1,0.1,0.1
1.216380,-0.466508,0.000000,0.1,0.1,0.1
0.770524,0.215109,0.664041,0.1,0.1,0.1
0.697374,-0.177240,0.664041,0.1,0.1,0.1
1.055346,-0.223137,0.204755,0.1,0.1,0.1
0.759201,-0.175129,0.204755,0.1,0.1,0.1
0.886620,-0.035950,0.204755,0.1,0.1,0.1
0.835696,0.126313,0.185072,0.1,0.1,0.1
0.860525,0.188704,0.204755,0.1,0.1,0.1
1.056136,0.399824,0.613819,0.1,0.1,0.1
0.796428,-0.653326,0.664041,0.1,0.1,0.1
1.159311,-0.205043,0.170167,0.1,0.1,0.1
1.004826,-0.670840,0.659043,0.1,0.1,0.1
1.143860,-0.301928,0.204755,0.1,0.1,0.1
0.920955,0.647401,0.204755,0.1,0.1,0.1
1.166705,-0.131329,0.661794,0.1,0.1,0.1
0.990122,-0.588920,0.512297,0.1,0.1,0.1
0.814457,0.315581,0.664041,0.1,0.1,0.1
0.792664,-0.726997,0.429356,0.1,0.1,0.1
0.877366,0.461617,0.185072,0.1,0.1,0.1
0.833832,0.658050,0.683724,0.1,0.1,0.1
0.872526,0.358095,0.185072,0.1,0.1,0.1
0.993160,0.357791,0.512297,0.1,0.1,0.1
1.063963,-0.026192,0.512297,0.1,0.1,0.1
1.030964,0.664459,0.219140,0.1,0.1,0.1
0.666700,0.625523,0.658824,0.1,0.1,0.1
0.993127,-0.058448,0.200841,0.1,0.1,0.1
1.250393,-0.621956,0.443258,0.1,0.1,0.1
1.037008,-0.050963,0.500778,0.1,0.1,0.1
1.013281,0.651062,0.602450,0.1,0.1,0.1
0.809470,0.649876,0.662594,0.1,0.1,0.1
1.137413,-0.076666,0.383804,0.1,0.1,0.1
1.049910,0.553388,0.141049,0.1,0.1,0.1
0.734408,0.487397,0.185072,0.1,0.1,0.1
1.172232,-0.580593,0.512297,0.1,0.1,0.1
1.179448,-0.281805,0.673882,0.1,0.1,0.1
0.932270,-0.566447,0.664041,0.1,0.1,0.1
0.848473,0.030531,0.512297,0.1,0.1,0.1
1.022726,0.479722,0.185072,0.1,0.1,0.1
0.847168,0.656307,0.620602,0.1,0.1,0.1
0.822988,-0.701857,0.492332,0.1,0.1,0.1
0.724289,-0.104305,0.326769,0.1,0.1,0.1
0.926412,-0.608837,0.512297,0.1,0.1,0.1
0.932432,-0.647997,0.664041,0.1,0.1,0.1
0.933463,-0.068625,0.421771,0.1,0.1,0.1
1.053370,-0.362225,0.664041,0.1,0.1,0.1
0.906862,0.668699,0.683724,0.1,0.1,0.1
1.230627,-0.652291,0.472743,0.1,0.1,0.1
1.033126,-0.685980,0.574040,0.1,0.1,0.1
0.847042,0.118335,0.512297,0.1,0.1,0.1
0.697085,-0.108945,0.303347,0.1,0.1,0.1
0.948265,-0.450121,0.512297,0.1,0.1,0.1
1.032205,-0.355446,0.683724,0.1,0.1,0.1
1.027946,0.565092,0.643765,0.1,0.1,0.1
1.056992,0.394805,0.205109,0.1,0.1,0.1
1.061088,0.487856,0.271837,0.1,0.1,0.1
0.801274,0.351976,0.185072,0.1,0.1,0.1
1.112706,0.185245,0.059073,0.1,0.1,0.1
0.851041,-0.171004,0.512297,0.1,0.1,0.1
0.926438,0.571677,0.683724,0.1,0.1,0.1
0.997428,0.701904,0.263597,0.1,0.1,0.1
0.641734,0.520008,0.185072,0.1,0.1,0.1
1.040722,0.607251,0.267869,0.1,0.1,0.1
0.915798,0.227710,0.185072,0.1,0.1,0.1
1.226450,-0.481585,0.399352,0.1,0.1,0.1
0.733696,0.528615,0.512297,0.1,0.1,0.1
1.068316,-0.005129,0.512297,0.1,0.1,0.1
1.050065,0.552477,0.018990,0.1,0.1,0.1
1.152649,-0.165987,0.216119,0.1,0.1,0.1
1.061459,0.485679,0.638915,0.1,0.1,0.1
0.764848,-0.731741,0.595132,0.1,0.1,0.1
1.208102,-0.569182,0.664041,0.1,0.1,0.1
0.854426,-0.357128,0.204755,0.1,0.1,0.1
1.045990,-0.250385,0.512297,0.1,0.1,0.1
1.079430,0.380321,0.389443,0.1,0.1,0.1
0.777751,0.251282,0.185072,0.1,0.1,0.1
0.802753,-0.047647,0.185072,0.1,0.1,0.1
1.155813,-0.201776,0.512297,0.1,0.1,0.1
1.012903,0.653280,0.275415,0.1,0.1,0.1
0.595318,0.525836,0.664041,0.1,0.1,0.1
1.233651,-0.640860,0.404269,0.1,0.1,0.1
0.592112,0.185508,0.512297,0.1,0.1,0.1
0.809794,0.233252,0.185072,0.1,0.1,0.1
0.963810,-0.063448,0.223653,0.1,0.1,0.1
0.549525,0.537923,0.512297,0.1,0.1,0.1
0.660933,-0.106489,0.204755,0.1,0.1,0.1
0.782697,-0.661264,0.185072,0.1,0.1,0.1
1.080294,0.375255,0.091263,0.1,0.1,0.1
1.067971,-0.680036,0.202621,0.1,0.1,0.1
0.829878,0.001692,0.185072,0.1,0.1,0.1
0.681086,-0.111674,0.389108,0.1,0.1,0.1
0.860218,-0.695506,0.376400,0.1,0.1,0.1
0.716870,0.483396,0.185072,0.1,0.1,0.1
0.756892,0.276940,0.204755,0.1,0.1,0.1
0.626952,0.638711,0.618401,0.1,0.1,0.1
0.973322,0.496541,0.185072,0.1,0.1,0.1
1.099008,-0.245665,0.204755,0.1,0.1,0.1
0.689610,-0.162228,0.512297,0.1,0.1,0.1
0.979127,-0.451388,0.664041,0.1,0.1,0.1
0.976795,-0.240159,0.512297,0.1,0.1,0.1
1.016673,-0.363031,0.512297,0.1,0.1,0.1
1.127915,0.096077,0.079251,0.1,0.1,0.1
1.015432,0.626684,0.185072,0.1,0.1,0.1
1.019012,-0.668420,0.321820,0.1,0.1,0.1
0.749416,-0.135262,0.664041,0.1,0.1,0.1
1.082031,0.121653,0.185072,0.1,0.1,0.1
0.872274,-0.386804,0.512297,0.1,0.1,0.1
0.980937,-0.074159,0.664041,0.1,0.1,0.1
0.994228,-0.100847,0.204755,0.1,0.1,0.1
1.058218,0.504677,0.541030,0.1,0.1,0.1
0.996530,-0.210348,0.512297,0.1,0.1,0.1
0.664303,-0.070470,0.683724,0.1,0.1,0.1
1.007061,0.688988,0.185072,0.1,0.1,0.1
0.786298,-0.330194,0.664041,0.1,0.1,0.1
1.148551,-0.231208,0.512297,0.1,0.1,0.1
0.997591,-0.492683,0.512297,0.1,0.1,0.1
1.139955,-0.582458,0.512297,0.1,0.1,0.1
0.641353,-0.118451,0.544967,0.1,0.1,0.1
0.916649,0.668158,0.415375,0.1,0.1,0.1
1.031954,0.541593,0.418398,0.1,0.1,0.1
0.910712,0.609194,0.185072,0.1,0.1,0.1
1.224304,-0.469004,0.436638,0.1,0.1,0.1
1.033475,-0.435363,0.664041,0.1,0.1,0.1
0.892262,-0.253363,0.512297,0.1,0.1,0.1
1.020557,0.018316,0.185072,0.1,0.1,0.1
1.213237,-0.521185,0.024108,0.1,0.1,0.1
0.911510,0.074554,0.204755,0.1,0.1,0.1
1.156262,-0.070107,0.338303,0.1,0.1,0.1
0.831476,-0.116696,0.664041,0.1,0.1,0.1
1.188975,-0.261888,0.180998,0.1,0.1,0.1
0.637382,0.459988,0.512297,0.1,0.1,0.1
0.559203,0.591824,0.664041,0.1,0.1,0.1
0.728576,-0.179665,0.512297,0.1,0.1,0.1
0.815850,0.591925,0.204755,0.1,0.1,0.1
1.012313,-0.233411,0.683724,0.1,0.1,0.1
1.076839,0.009234,0.664041,0.1,0.1,0.1
1.160799,-0.213767,0.137412,0.1,0.1,0.1
0.695957,-0.109137,0.565184,0.1,0.1,0.1
0.800737,-0.257962,0.204755,0.1,0.1,0.1
0.726713,0.040477,0.664041,0.1,0.1,0.1
0.571411,0.629237,0.659880,0.1,0.1,0.1
1.082164,-0.235274,0.512297,0.1,0.1,0.1
0.862198,-0.163812,0.664041,0.1,0.1,0.1
0.884631,-0.261567,0.512297,0.1,0.1,0.1
1.141511,-0.100687,0.503773,0.1,0.1,0.1
1.047784,-0.411940,0.683724,0.1,0.1,0.1
0.768184,-0.567668,0.204755,0.1,0.1,0.1
0.726575,-0.584899,0.664041,0.1,0.1,0.1
1.239564,-0.558465,0.188436,0.1,0.1,0.1
0.933125,-0.024637,0.512297,0.1,0.1,0.1
0.783939,0.645521,0.411313,0.1,0.1,0.1
0.734581,-0.141362,0.185072,0.1,0.1,0.1
0.977222,0.443075,0.512297,0.1,0.1,0.1
1.075587,0.285791,0.450371,0.1,0.1,0.1
1.021936,0.552503,0.664041,0.1,0.1,0.1
0.792291,0.013125,0.204755,0.1,0.1,0.1
1.103508,0.122106,0.594852,0.1,0.1,0.1
0.980271,-0.269373,0.683724,0.1,0.1,0.1
0.923262,-0.684753,0.518713,0.1,0.1,0.1
0.797235,0.647789,0.585192,0.1,0.1,0.1
1.190190,-0.345938,0.664041,0.1,0.1,0.1
0.759153,-0.040661,0.664041,0.1,0.1,0.1
0.875541,-0.303598,0.204755,0.1,0.1,0.1
0.667930,0.259812,0.664041,0.1,0.1,0.1
1.159463,-0.147400,0.194112,0.1,0.1,0.1
0.999165,-0.691773,0.417108,0.1,0.1,0.1
1.215444,-0.534123,0.507996,0.1,0.1,0.1
0.965913,-0.677477,0.621278,0.1,0.1,0.1
0.828540,0.582591,0.512297,0.1,0.1,0.1
1.212426,-0.516427,0.563277,0.1,0.1,0.1
1.180447,-0.211892,0.105744,0.1,0.1,0.1
0.964328,-0.428628,0.185072,0.1,0.1,0.1
0.949396,-0.065907,0.237245,0.1,0.1,0.1
0.652451,0.043529,0.204755,0.1,0.1,0.1
1.035030,0.640621,0.037242,0.1,0.1,0.1
1.233536,-0.640189,0.538789,0.1,0.1,0.1
1.108036,0.144938,0.673882,0.1,0.1,0.1
1.161563,-0.664072,0.474176,0.1,0.1,0.1
0.572405,0.629406,0.422767,0.1,0.1,0.1
0.914505,-0.686246,0.574933,0.1,0.1,0.1
0.922329,0.202766,0.512297,0.1,0.1,0.1
0.513049,0.611704,0.576820,0.1,0.1,0.1
0.715135,-0.003029,0.512297,0.1,0.1,0.1
1.097331,-0.040673,0.488343,0.1,0.1,0.1
1.157854,-0.196498,0.312303,0.1,0.1,0.1
0.820368,-0.702304,0.668999,0.1,0.1,0.1
0.911622,-0.072350,0.594798,0.1,0.1,0.1
1.121991,0.130805,0.074438,0.1,0.1,0.1
1.067437,0.392103,0.669481,0.1,0.1,0.1
0.974985,0.535861,0.683724,0.1,0.1,0.1
1.133851,0.061279,0.328436,0.1,0.1,0.1
1.034516,-0.298213,0.512297,0.1,0.1,0.1
0.792414,-0.555333,0.204755,0.1,0.1,0.1
0.915470,0.667957,0.214498,0.1,0.1,0.1
0.584283,0.611465,0.599405,0.1,0.1,0.1
0.825649,0.240511,0.683724,0.1,0.1,0.1
0.904263,-0.544579,0.185072,0.1,0.1,0.1
1.132698,-0.049022,0.016285,0.1,0.1,0.1
0.720875,0.537359,0.512297,0.1,0.1,0.1
1.168130,-0.139684,0.383721,0.1,0.1,0.1
0.650027,0.060963,0.204755,0.1,0.1,0.1
1.094433,0.292370,0.034589,0.1,0.1,0.1
0.673943,-0.314513,0.204755,0.1,0.1,0.1
0.700353,-0.228837,0.185072,0.1,0.1,0.1
1.058293,0.504241,0.661692,0.1,0.1,0.1
0.569426,0.281193,0.191077,0.1,0.1,0.1
0.793802,0.647204,0.329038,0.1,0.1,0.1
1.017329,-0.054320,0.445829,0.1,0.1,0.1
0.898754,0.202979,0.512297,0.1,0.1,0.1
0.812649,-0.447972,0.512297,0.1,0.1,0.1
0.831152,0.494615,0.664041,0.1,0.1,0.1
0.729152,-0.186882,0.683724,0.1,0.1,0.1
1.135888,-0.175777,0.683724,0.1,0.1,0.1
0.816185,-0.486481,0.664041,0.1,0.1,0.1
0.650216,-0.192439,0.193055,0.1,0.1,0.1
0.915061,0.547394,0.204755,0.1,0.1,0.1
1.159335,-0.463322,0.512297,0.1,0.1,0.1
1.142727,0.009242,0.428436,0.1,0.1,0.1
0.829398,0.462869,0.683724,0.1,0.1,0.1
1.030255,0.546625,0.204755,0.1,0.1,0.1
0.651435,-0.107871,0.683724,0.1,0.1,0.1
1.086606,0.338253,0.454067,0.1,0.1,0.1
1.182439,-0.614494,0.664041,0.1,0.1,0.1
1.032504,0.538366,0.076063,0.1,0.1,0.1
1.035185,-0.272241,0.512297,0.1,0.1,0.1
1.185639,-0.242330,0.321792,0.1,0.1,0.1
0.801330,0.185181,0.683724,0.1,0.1,0.1
0.865508,-0.519559,0.512297,0.1,0.1,0.1
1.101279,0.252232,0.384939,0.1,0.1,0.1
0.784936,-0.222688,0.664041,0.1,0.1,0.1
0.782372,-0.708785,0.268571,0.1,0.1,0.1
0.620202,0.637559,0.597971,0.1,0.1,0.1
1.203581,-0.656905,0.507409,0.1,0.1,0.1
1.200066,-0.326911,0.367598,0.1,0.1,0.1
0.907660,0.193513,0.185072,0.1,0.1,0.1
1.193282,-0.638694,0.582760,0.1,0.1,0.1
1.086952,-0.656831,0.562603,0.1,0.1,0.1
0.678790,0.286192,0.185072,0.1,0.1,0.1
1.009065,-0.670117,0.542978,0.1,0.1,0.1
0.755591,0.660653,0.368713,0.1,0.1,0.1
0.711880,-0.150572,0.683724,0.1,0.1,0.1
1.038011,-0.061339,0.512297,0.1,0.1,0.1
0.839463,0.203673,0.512297,0.1,0.1,0.1
1.032712,-0.051695,0.560848,0.1,0.1,0.1
1.206821,-0.366511,0.668770,0.1,0.1,0.1
1.051750,-0.036091,0.204755,0.1,0.1,0.1
1.008668,0.678107,0.192471,0.1,0.1,0.1
0.941322,-0.338816,0.185072,0.1,0.1,0.1
1.095492,0.169097,0.512655,0.1,0.1,0.1
0.889245,-0.490172,0.512297,0.1,0.1,0.1
1.043641,0.473076,0.501090,0.1,0.1,0.1
1.064285,-0.147363,0.185072,0.1,0.1,0.1
0.735611,-0.112453,0.683724,0.1,0.1,0.1
0.846780,0.222786,0.512297,0.1,0.1,0.1
0.762189,-0.023085,0.664041,0.1,0.1,0.1
0.707980,-0.531087,0.196364,0.1,0.1,0.1
1.198776,-0.427115,0.000000,0.1,0.1,0.1
1.117591,0.039546,0.606210,0.1,0.1,0.1
1.094400,-0.530887,0.664041,0.1,0.1,0.1
0.751810,-0.535494,0.204755,0.1,0.1,0.1
0.744617,0.397315,0.185072,0.1,0.1,0.1
1.042873,0.158600,0.683724,0.1,0.1,0.1
0.913599,-0.674342,0.683724,0.1,0.1,0.1
0.685259,0.071977,0.185072,0.1,0.1,0.1
1.185403,-0.660005,0.214948,0.1,0.1,0.1
1.104044,0.119325,0.000000,0.1,0.1,0.1
0.582669,0.228590,0.683724,0.1,0.1,0.1
0.789425,-0.093194,0.547504,0.1,0.1,0.1
0.669787,0.646017,0.518661,0.1,0.1,0.1
0.742652,-0.289860,0.683724,0.1,0.1,0.1
0.949380,-0.065910,0.494553,0.1,0.1,0.1
1.100793,0.138025,0.610046,0.1,0.1,0.1
1.076002,0.400419,0.323751,0.1,0.1,0.1
0.838668,-0.084795,0.520674,0.1,0.1,0.1
0.951060,0.591995,0.512297,0.1,0.1,0.1
1.185542,-0.241761,0.434636,0.1,0.1,0.1
1.033101,-0.685984,0.555721,0.1,0.1,0.1
0.961858,0.675870,0.457635,0.1,0.1,0.1
0.857098,-0.090439,0.512297,0.1,0.1,0.1
1.132991,-0.033107,0.000000,0.1,0.1,0.1
1.083499,-0.610165,0.185072,0.1,0.1,0.1
1.042077,0.141606,0.683724,0.1,0.1,0.1
0.632492,0.515008,0.512297,0.1,0.1,0.1
0.679833,-0.227317,0.512297,0.1,0.1,0.1
0.849602,-0.469799,0.512297,0.1,0.1,0.1
1.204905,-0.472336,0.435746,0.1,0.1,0.1
1.155399,-0.653148,0.204755,0.1,0.1,0.1
1.026045,0.357385,0.683724,0.1,0.1,0.1
1.196517,-0.423163,0.388215,0.1,0.1,0.1
0.696040,-0.047749,0.683724,0.1,0.1,0.1
1.064942,0.465261,0.123544,0.1,0.1,0.1
1.052223,0.539825,0.163098,0.1,0.1,0.1
1.057364,0.392624,0.410469,0.1,0.1,0.1
1.078632,0.385001,0.127454,0.1,0.1,0.1
1.040848,-0.060078,0.683724,0.1,0.1,0.1
0.804590,0.535536,0.204755,0.1,0.1,0.1
0.954897,0.032881,0.683724,0.1,0.1,0.1
1.196064,-0.420506,0.239122,0.1,0.1,0.1
1.027685,-0.598047,0.683724,0.1,0.1,0.1
0.918408,-0.071193,0.238871,0.1,0.1,0.1
1.165965,-0.126991,0.129515,0.1,0.1,0.1
1.029751,-0.052201,0.524215,0.1,0.1,0.1
1.052951,0.535557,0.464444,0.1,0.1,0.1
0.853199,0.677303,0.464680,0.1,0.1,0.1
0.600116,0.324710,0.512297,0.1,0.1,0.1
0.727346,-0.644621,0.196360,0.1,0.1,0.1
0.938225,0.671839,0.372656,0.1,0.1,0.1
1.151637,-0.042992,0.300917,0.1,0.1,0.1
0.975739,-0.061414,0.330073,0.1,0.1,0.1
0.966742,-0.347406,0.204755,0.1,0.1,0.1
0.636985,0.620455,0.379371,0.1,0.1,0.1
0.946919,0.309094,0.512297,0.1,0.1,0.1
1.110986,0.195325,0.314311,0.1,0.1,0.1
0.945796,-0.649550,0.185072,0.1,0.1,0.1
1.140198,-0.092991,0.432577,0.1,0.1,0.1
0.666261,0.509942,0.512297,0.1,0.1,0.1
1.061503,0.170119,0.664041,0.1,0.1,0.1
1.230001,-0.652398,0.674245,0.1,0.1,0.1
0.804282,0.439052,0.512297,0.1,0.1,0.1
0.623945,0.302733,0.512297,0.1,0.1,0.1
1.013698,-0.618163,0.683724,0.1,0.1,0.1
1.154461,-0.176608,0.346210,0.1,0.1,0.1
0.645308,0.641842,0.433054,0.1,0.1,0.1
0.573735,0.609666,0.579087,0.1,0.1,0.1
1.160835,-0.096913,0.048832,0.1,0.1,0.1
1.170522,-0.642576,0.235171,0.1,0.1,0.1
0.661004,-0.214420,0.185072,0.1,0.1,0.1
0.855903,-0.642243,0.204755,0.1,0.1,0.1
0.629319,0.588299,0.512297,0.1,0.1,0.1
1.010237,0.152109,0.664041,0.1,0.1,0.1
0.832951,-0.281472,0.512297,0.1,0.1,0.1
1.045296,0.141897,0.185072,0.1,0.1,0.1
1.189234,-0.380464,0.625743,0.1,0.1,0.1
0.771459,0.663360,0.396663,0.1,0.1,0.1
0.936669,-0.238464,0.185072,0.1,0.1,0.1
0.961606,-0.644178,0.512297,0.1,0.1,0.1
0.524539,0.548194,0.683724,0.1,0.1,0.1
0.666752,0.486046,0.204755,0.1,0.1,0.1
1.050878,-0.451040,0.185072,0.1,0.1,0.1
0.920027,-0.593323,0.204755,0.1,0.1,0.1
1.032739,-0.312068,0.204755,0.1,0.1,0.1
1.074218,-0.085543,0.683724,0.1,0.1,0.1
1.186008,-0.361552,0.044280,0.1,0.1,0.1
1.217740,-0.430525,0.663328,0.1,0.1,0.1
0.568631,0.361649,0.185072,0.1,0.1,0.1
0.653315,-0.107176,0.512297,0.1,0.1,0.1
0.977734,0.678578,0.553577,0.1,0.1,0.1
0.778726,-0.729374,0.573644,0.1,0.1,0.1
0.676394,0.593819,0.664041,0.1,0.1,0.1
0.691916,0.194631,0.664041,0.1,0.1,0.1
0.991497,-0.643439,0.683724,0.1,0.1,0.1
1.185579,-0.241978,0.396785,0.1,0.1,0.1
0.527762,0.560611,0.512297,0.1,0.1,0.1
1.045917,0.459735,0.076336,0.1,0.1,0.1
1.069074,0.441035,0.204532,0.1,0.1,0.1
0.820541,0.320106,0.683724,0.1,0.1,0.1
0.705901,-0.127051,0.204755,0.1,0.1,0.1
1.009965,0.670507,0.666156,0.1,0.1,0.1
0.741081,-0.725140,0.480673,0.1,0.1,0.1
1.188332,-0.375179,0.103177,0.1,0.1,0.1
0.789493,-0.707570,0.529221,0.1,0.1,0.1
0.795083,-0.126741,0.204755,0.1,0.1,0.1
1.147031,-0.133047,0.041665,0.1,0.1,0.1
1.189889,-0.267248,0.101607,0.1,0.1,0.1
0.876647,0.500000,0.664041,0.1,0.1,0.1
1.111165,-0.621112,0.185072,0.1,0.1,0.1
1.020818,-0.530998,0.512297,0.1,0.1,0.1
0.955970,0.694833,0.349054,0.1,0.1,0.1
1.213991,-0.525602,0.448762,0.1,0.1,0.1
0.796662,-0.622530,0.683724,0.1,0.1,0.1
0.929485,0.670348,0.325396,0.1,0.1,0.1
1.045119,-0.659637,0.512297,0.1,0.1,0.1
0.986131,-0.059641,0.427688,0.1,0.1,0.1
0.743419,-0.656829,0.204755,0.1,0.1,0.1
1.012936,0.653089,0.341609,0.1,0.1,0.1
0.684290,0.628524,0.280403,0.1,0.1,0.1
1.190225,-0.386277,0.042484,0.1,0.1,0.1
1.222984,-0.461268,0.004203,0.1,0.1,0.1
0.965421,0.237534,0.185072,0.1,0.1,0.1
0.721666,-0.405003,0.683724,0.1,0.1,0.1
0.763986,-0.012122,0.664041,0.1,0.1,0.1
1.048115,-0.049068,0.306339,0.1,0.1,0.1
1.160574,-0.095387,0.074635,0.1,0.1,0.1
1.178328,-0.199469,0.301710,0.1,0.1,0.1
0.901065,0.665500,0.640218,0.1,0.1,0.1
1.173864,-0.173297,0.097746,0.1,0.1,0.1
0.734647,0.248925,0.664041,0.1,0.1,0.1
0.804527,-0.692325,0.664041,0.1,0.1,0.1
0.896938,0.296177,0.683724,0.1,0.1,0.1
0.742107,0.619287,0.512297,0.1,0.1,0.1
1.047414,0.568017,0.408747,0.1,0.1,0.1
0.792860,-0.545023,0.512297,0.1,0.1,0.1
1.194681,-0.412397,0.008833,0.1,0.1,0.1
0.713807,0.372216,0.185072,0.1,0.1,0.1
1.055293,-0.682199,0.662064,0.1,0.1,0.1
0.941255,-0.660321,0.204755,0.1,0.1,0.1
0.969647,0.697166,0.479489,0.1,0.1,0.1
1.034919,0.641271,0.361561,0.1,0.1,0.1
1.078767,0.384212,0.055186,0.1,0.1,0.1
1.188828,-0.353040,0.204755,0.1,0.1,0.1
1.160316,-0.210933,0.640623,0.1,0.1,0.1
1.059141,0.345645,0.683724,0.1,0.1,0.1
1.044838,0.583119,0.560474,0.1,0.1,0.1
1.009814,0.267630,0.683724,0.1,0.1,0.1
0.880741,-0.255792,0.664041,0.1,0.1,0.1
1.119035,0.148135,0.132919,0.1,0.1,0.1
1.027451,0.567994,0.597746,0.1,0.1,0.1
1.124787,0.114415,0.273805,0.1,0.1,0.1
1.068281,-0.644131,0.664041,0.1,0.1,0.1
0.767559,-0.731279,0.641047,0.1,0.1,0.1
0.598363,0.617661,0.664041,0.1,0.1,0.1
0.540583,0.454666,0.185072,0.1,0.1,0.1
1.131865,-0.044141,0.581780,0.1,0.1,0.1
0.927045,0.283205,0.664041,0.1,0.1,0.1
1.044077,0.587579,0.057099,0.1,0.1,0.1
1.150308,-0.152263,0.592244,0.1,0.1,0.1
0.962046,0.675902,0.421586,0.1,0.1,0.1
1.169479,-0.264653,0.610620,0.1,0.1,0.1
0.916360,-0.071542,0.402818,0.1,0.1,0.1
0.858468,-0.081417,0.336965,0.1,0.1,0.1
0.814616,0.216848,0.512297,0.1,0.1,0.1
1.080198,-0.314997,0.204755,0.1,0.1,0.1
0.910753,0.356272,0.204755,0.1,0.1,0.1
1.050716,-0.436768,0.512297,0.1,0.1,0.1
1.007485,-0.301440,0.512297,0.1,0.1,0.1
0.658598,0.556684,0.683724,0.1,0.1,0.1
0.818898,0.023445,0.512297,0.1,0.1,0.1
1.030291,0.668399,0.502701,0.1,0.1,0.1
1.147552,-0.136103,0.364651,0.1,0.1,0.1
1.199290,-0.322361,0.651627,0.1,0.1,0.1
1.205224,-0.397416,0.673882,0.1,0.1,0.1
1.060100,0.376589,0.615854,0.1,0.1,0.1
1.047575,0.175989,0.512297,0.1,0.1,0.1
0.683682,-0.111231,0.204671,0.1,0.1,0.1
0.993649,0.497955,0.664041,0.1,0.1,0.1
1.084081,0.236000,0.527800,0.1,0.1,0.1
1.184627,-0.294925,0.682400,0.1,0.1,0.1
0.907379,0.481363,0.204755,0.1,0.1,0.1
0.993634,0.681290,0.254953,0.1,0.1,0.1
0.868120,-0.079771,0.555366,0.1,0.1,0.1
0.798852,-0.725941,0.519452,0.1,0.1,0.1
1.188546,-0.659469,0.448728,0.1,0.1,0.1
1.195051,-0.297511,0.612265,0.1,0.1,0.1
0.747623,-0.100325,0.205596,0.1,0.1,0.1
0.772396,-0.019183,0.185072,0.1,0.1,0.1
0.819251,-0.043219,0.683724,0.1,0.1,0.1
0.799467,-0.415145,0.683724,0.1,0.1,0.1
0.551196,0.595388,0.512297,0.1,0.1,0.1
0.626000,0.568249,0.185072,0.1,0.1,0.1
0.758495,-0.678515,0.185072,0.1,0.1,0.1
1.065416,-0.046117,0.634809,0.1,0.1,0.1
0.874632,-0.458553,0.512297,0.1,0.1,0.1
1.049959,0.114272,0.185072,0.1,0.1,0.1
0.782615,-0.024834,0.204755,0.1,0.1,0.1
0.691403,-0.087188,0.204755,0.1,0.1,0.1
1.015324,-0.054661,0.326203,0.1,0.1,0.1
1.198572,-0.462421,0.512297,0.1,0.1,0.1
1.227264,-0.603417,0.266806,0.1,0.1,0.1
0.764702,-0.030792,0.185072,0.1,0.1,0.1
0.898195,-0.137657,0.185072,0.1,0.1,0.1
0.838122,0.151626,0.664041,0.1,0.1,0.1
0.829989,-0.086275,0.589284,0.1,0.1,0.1
1.085256,-0.677088,0.406530,0.1,0.1,0.1
0.848264,-0.678645,0.512297,0.1,0.1,0.1
1.038230,0.504801,0.640403,0.1,0.1,0.1
1.090957,0.312749,0.622922,0.1,0.1,0.1
0.570134,0.629019,0.632514,0.1,0.1,0.1
1.076510,0.397441,0.020387,0.1,0.1,0.1
1.118774,0.032610,0.496776,0.1,0.1,0.1
1.243506,-0.640105,0.383253,0.1,0.1,0.1
0.909019,0.666857,0.353059,0.1,0.1,0.1
1.220500,-0.654019,0.196491,0.1,0.1,0.1
0.777012,-0.095312,0.546571,0.1,0.1,0.1
1.041569,-0.310762,0.512297,0.1,0.1,0.1
0.817585,-0.668854,0.664041,0.1,0.1,0.1
1.045799,-0.041282,0.512297,0.1,0.1,0.1
0.904962,0.278180,0.512297,0.1,0.1,0.1
1.236366,-0.631345,0.504037,0.1,0.1,0.1
0.953605,0.294627,0.512297,0.1,0.1,0.1
0.645848,-0.130344,0.185072,0.1,0.1,0.1
0.778171,0.204456,0.204755,0.1,0.1,0.1
0.930676,-0.122442,0.512297,0.1,0.1,0.1
0.680411,0.475521,0.512297,0.1,0.1,0.1
1.084245,-0.296849,0.185072,0.1,0.1,0.1
1.198944,-0.437392,0.141529,0.1,0.1,0.1
1.172233,-0.280799,0.107034,0.1,0.1,0.1
1.155014,-0.645222,0.529021,0.1,0.1,0.1
0.614086,0.611653,0.204755,0.1,0.1,0.1
0.971234,0.286558,0.185072,0.1,0.1,0.1
1.063873,0.471529,0.555877,0.1,0.1,0.1
1.039930,0.494835,0.148555,0.1,0.1,0.1
0.734783,0.420995,0.664041,0.1,0.1,0.1
0.992276,-0.692948,0.430580,0.1,0.1,0.1
0.831571,-0.086005,0.548337,0.1,0.1,0.1
0.687724,0.649077,0.190875,0.1,0.1,0.1
0.887225,-0.532906,0.683724,0.1,0.1,0.1
1.020425,-0.053791,0.193242,0.1,0.1,0.1
0.899596,0.451959,0.185072,0.1,0.1,0.1
0.679642,-0.329568,0.204755,0.1,0.1,0.1
0.731630,0.636599,0.624618,0.1,0.1,0.1
1.044685,-0.684008,0.669076,0.1,0.1,0.1
0.636432,0.106526,0.204755,0.1,0.1,0.1
0.771877,-0.399425,0.185072,0.1,0.1,0.1
0.951548,0.674111,0.442855,0.1,0.1,0.1
0.786598,-0.093676,0.385627,0.1,0.1,0.1
1.016203,0.633931,0.029206,0.1,0.1,0.1
0.968194,0.034778,0.512297,0.1,0.1,0.1
1.055988,0.400692,0.574278,0.1,0.1,0.1
0.969441,-0.676876,0.626167,0.1,0.1,0.1
1.219516,-0.440937,0.139034,0.1,0.1,0.1
0.938348,0.479814,0.204755,0.1,0.1,0.1
0.608579,0.393801,0.512297,0.1,0.1,0.1
0.596356,0.492927,0.204755,0.1,0.1,0.1
1.195842,-0.302144,0.413289,0.1,0.1,0.1
0.885901,-0.443710,0.664041,0.1,0.1,0.1
0.687102,0.076092,0.683724,0.1,0.1,0.1
1.022654,0.696224,0.036025,0.1,0.1,0.1
0.617051,0.130168,0.512297,0.1,0.1,0.1
1.200696,-0.657397,0.572437,0.1,0.1,0.1
0.768730,-0.499194,0.204755,0.1,0.1,0.1
0.775589,0.664064,0.274810,0.1,0.1,0.1
1.158989,-0.648007,0.512297,0.1,0.1,0.1
1.066752,0.454648,0.435505,0.1,0.1,0.1
0.584950,0.533715,0.512297,0.1,0.1,0.1
1.009637,0.672427,0.127923,0.1,0.1,0.1
0.631310,0.619487,0.565315,0.1,0.1,0.1
0.859706,0.581555,0.683724,0.1,0.1,0.1
0.774308,0.552765,0.204755,0.1,0.1,0.1
0.730438,-0.086809,0.512297,0.1,0.1,0.1
0.852439,-0.716801,0.203979,0.1,0.1,0.1
1.164876,-0.179137,0.195664,0.1,0.1,0.1
0.693551,-0.196382,0.683724,0.1,0.1,0.1
1.042302,-0.664447,0.239893,0.1,0.1,0.1
0.764641,-0.551109,0.683724,0.1,0.1,0.1
1.011471,0.156223,0.204755,0.1,0.1,0.1
0.587142,0.506727,0.512297,0.1,0.1,0.1
0.552661,0.416819,0.512297,0.1,0.1,0.1
1.098323,-0.052192,0.683724,0.1,0.1,0.1
1.028945,0.009460,0.512297,0.1,0.1,0.1
0.954848,-0.699332,0.259618,0.1,0.1,0.1
1.126579,-0.035684,0.214837,0.1,0.1,0.1
1.077691,0.390516,0.359461,0.1,0.1,0.1
1.050890,0.430580,0.249791,0.1,0.1,0.1
1.003334,0.162555,0.512297,0.1,0.1,0.1
1.011131,-0.055377,0.356643,0.1,0.1,0.1
0.757126,0.253879,0.683724,0.1,0.1,0.1
0.814648,-0.703279,0.616396,0.1,0.1,0.1
0.860644,-0.695434,0.463226,0.1,0.1,0.1
0.937954,0.202579,0.185072,0.1,0.1,0.1
0.931237,-0.266625,0.185072,0.1,0.1,0.1
1.164768,-0.119972,0.486404,0.1,0.1,0.1
1.129534,0.086590,0.308139,0.1,0.1,0.1
1.070927,-0.139527,0.185072,0.1,0.1,0.1
1.033311,-0.371119,0.512297,0.1,0.1,0.1
0.669514,0.324113,0.185072,0.1,0.1,0.1
0.671824,0.646365,0.238719,0.1,0.1,0.1
0.861324,-0.080930,0.508889,0.1,0.1,0.1
1.161071,-0.664156,0.469753,0.1,0.1,0.1
0.579978,0.610731,0.209057,0.1,0.1,0.1
1.126252,-0.011232,0.572637,0.1,0.1,0.1
1.030583,0.666691,0.512882,0.1,0.1,0.1
1.084446,0.233670,0.185072,0.1,0.1,0.1
0.962661,0.676007,0.681563,0.1,0.1,0.1
1.025400,0.611986,0.673882,0.1,0.1,0.1
0.737382,-0.267301,0.512297,0.1,0.1,0.1
0.590479,0.416296,0.204755,0.1,0.1,0.1
0.678034,0.447681,0.204755,0.1,0.1,0.1
0.654956,0.040695,0.204755,0.1,0.1,0.1
0.857489,0.620339,0.664041,0.1,0.1,0.1
1.006974,0.688038,0.174782,0.1,0.1,0.1
0.716463,-0.495007,0.512297,0.1,0.1,0.1
0.736152,-0.675963,0.683724,0.1,0.1,0.1
1.097623,-0.040623,0.417858,0.1,0.1,0.1
1.130836,-0.038106,0.214022,0.1,0.1,0.1
0.853755,0.162147,0.185072,0.1,0.1,0.1
1.047087,0.569937,0.559318,0.1,0.1,0.1
0.854288,-0.082130,0.240105,0.1,0.1,0.1
0.963257,-0.063543,0.454950,0.1,0.1,0.1
0.980126,-0.695020,0.359911,0.1,0.1,0.1
0.634123,0.451210,0.664041,0.1,0.1,0.1
1.026982,0.629271,0.665933,0.1,0.1,0.1
1.098791,0.266821,0.255018,0.1,0.1,0.1
0.735274,-0.370682,0.683724,0.1,0.1,0.1
1.159600,-0.089675,0.617341,0.1,0.1,0.1
0.944270,0.074661,0.664041,0.1,0.1,0.1
0.789867,0.666500,0.307193,0.1,0.1,0.1
0.655368,-0.042334,0.204755,0.1,0.1,0.1
0.804911,-0.704940,0.279076,0.1,0.1,0.1
1.143442,-0.224705,0.683724,0.1,0.1,0.1
1.119226,0.029960,0.257320,0.1,0.1,0.1
0.634324,0.639968,0.473873,0.1,0.1,0.1
0.745473,-0.715079,0.262987,0.1,0.1,0.1
0.940624,0.458317,0.185072,0.1,0.1,0.1
1.103063,-0.499589,0.512297,0.1,0.1,0.1
0.776355,-0.630311,0.185072,0.1,0.1,0.1
0.975793,-0.061405,0.300345,0.1,0.1,0.1
1.043086,0.593388,0.225609,0.1,0.1,0.1
0.902825,-0.540912,0.512297,0.1,0.1,0.1
1.007785,0.683288,0.128312,0.1,0.1,0.1
0.876652,-0.068312,0.185072,0.1,0.1,0.1
1.233565,-0.640357,0.199218,0.1,0.1,0.1
1.022654,0.696224,0.489637,0.1,0.1,0.1
0.854160,0.657499,0.509215,0.1,0.1,0.1
1.016947,-0.054385,0.197293,0.1,0.1,0.1
0.651199,-0.113318,0.664041,0.1,0.1,0.1
0.653909,0.070293,0.512297,0.1,0.1,0.1
0.726993,0.079464,0.664041,0.1,0.1,0.1
0.903986,0.342098,0.512297,0.1,0.1,0.1
1.010275,0.668685,0.123490,0.1,0.1,0.1
0.897128,-0.689210,0.564435,0.1,0.1,0.1
1.183768,-0.231364,0.647928,0.1,0.1,0.1
0.909076,-0.254991,0.512297,0.1,0.1,0.1
1.165622,-0.242040,0.133890,0.1,0.1,0.1
0.875862,-0.274502,0.683724,0.1,0.1,0.1
1.241328,-0.640482,0.152097,0.1,0.1,0.1
0.867306,0.604730,0.664041,0.1,0.1,0.1
1.007720,-0.690314,0.484377,0.1,0.1,0.1
0.664521,-0.204089,0.683724,0.1,0.1,0.1
1.114307,0.175857,0.002601,0.1,0.1,0.1
0.745388,-0.466454,0.204755,0.1,0.1,0.1
0.902548,-0.181848,0.185072,0.1,0.1,0.1
1.251719,-0.629725,0.346861,0.1,0.1,0.1
1.092427,0.042939,0.664041,0.1,0.1,0.1
1.147968,-0.138543,0.576104,0.1,0.1,0.1
1.154945,-0.179443,0.459116,0.1,0.1,0.1
0.810511,0.073553,0.512297,0.1,0.1,0.1
0.953658,-0.699535,0.477346,0.1,0.1,0.1
1.112511,0.186386,0.048632,0.1,0.1,0.1
1.175842,-0.661636,0.427419,0.1,0.1,0.1
1.118206,-0.337861,0.185072,0.1,0.1,0.1
1.028797,-0.686718,0.269526,0.1,0.1,0.1
0.743962,-0.061364,0.204755,0.1,0.1,0.1
1.076341,-0.044253,0.261203,0.1,0.1,0.1
1.209075,-0.496783,0.569807,0.1,0.1,0.1
0.951536,-0.027989,0.512297,0.1,0.1,0.1
0.656483,0.623781,0.422145,0.1,0.1,0.1
1.106859,0.219518,0.541421,0.1,0.1,0.1
0.889820,0.663582,0.487108,0.1,0.1,0.1
0.937000,0.363352,0.512297,0.1,0.1,0.1
0.946375,0.683659,0.185072,0.1,0.1,0.1
0.584552,0.611511,0.459776,0.1,0.1,0.1
1.069912,0.319063,0.424050,0.1,0.1,0.1
0.943014,-0.082854,0.185072,0.1,0.1,0.1
1.123905,0.119586,0.190290,0.1,0.1,0.1
1.057432,0.509290,0.368143,0.1,0.1,0.1
1.031770,0.659729,0.659364,0.1,0.1,0.1
1.193129,-0.403298,0.373682,0.1,0.1,0.1
1.096699,0.162025,0.194344,0.1,0.1,0.1
0.526571,0.565400,0.512297,0.1,0.1,0.1
0.729580,0.121334,0.512297,0.1,0.1,0.1
0.834461,-0.517348,0.512297,0.1,0.1,0.1
1.126646,-0.670028,0.249234,0.1,0.1,0.1
0.970716,-0.171970,0.664041,0.1,0.1,0.1
0.754929,0.640573,0.645816,0.1,0.1,0.1
0.918004,-0.071262,0.189920,0.1,0.1,0.1
0.705589,0.018994,0.204755,0.1,0.1,0.1
0.977787,-0.695419,0.331759,0.1,0.1,0.1
1.114341,0.058599,0.545312,0.1,0.1,0.1
1.031109,-0.407523,0.512297,0.1,0.1,0.1
0.925526,-0.193369,0.185072,0.1,0.1,0.1
0.779954,-0.094810,0.396412,0.1,0.1,0.1
1.003174,-0.691089,0.409556,0.1,0.1,0.1
1.091831,0.241023,0.204755,0.1,0.1,0.1
0.804950,0.391248,0.204755,0.1,0.1,0.1
0.647268,0.238660,0.185072,0.1,0.1,0.1
1.071892,-0.348771,0.664041,0.1,0.1,0.1
0.844819,0.442390,0.185072,0.1,0.1,0.1
0.772180,0.555370,0.512297,0.1,0.1,0.1
1.053703,0.414089,0.447085,0.1,0.1,0.1
0.899455,-0.220534,0.204755,0.1,0.1,0.1
1.091408,-0.041684,0.567468,0.1,0.1,0.1
1.171478,-0.246806,0.185072,0.1,0.1,0.1
0.959257,-0.406150,0.512297,0.1,0.1,0.1
0.837227,0.234469,0.683724,0.1,0.1,0.1
0.629103,0.048397,0.683724,0.1,0.1,0.1
1.156899,-0.558197,0.204755,0.1,0.1,0.1
1.151776,-0.043809,0.006690,0.1,0.1,0.1
0.786193,-0.093745,0.374022,0.1,0.1,0.1
1.031864,-0.518263,0.204755,0.1,0.1,0.1
1.075488,0.286374,0.315995,0.1,0.1,0.1
1.100719,-0.654483,0.243903,0.1,0.1,0.1
0.755888,0.640737,0.202317,0.1,0.1,0.1
1.116469,0.046122,0.593592,0.1,0.1,0.1
1.097621,-0.040624,0.186728,0.1,0.1,0.1
1.018937,0.617904,0.618473,0.1,0.1,0.1
0.775771,-0.082648,0.512297,0.1,0.1,0.1
0.810257,-0.089641,0.599351,0.1,0.1,0.1
0.972888,-0.188929,0.185072,0.1,0.1,0.1
0.944909,0.556616,0.512297,0.1,0.1,0.1
0.744756,0.658805,0.262632,0.1,0.1,0.1
0.792786,-0.124817,0.204755,0.1,0.1,0.1
1.190720,-0.389179,0.089320,0.1,0.1,0.1
0.826429,-0.701270,0.273250,0.1,0.1,0.1
0.658106,-0.115594,0.393414,0.1,0.1,0.1
0.986474,0.512081,0.512297,0.1,0.1,0.1
0.847141,-0.697737,0.393091,0.1,0.1,0.1
0.873220,-0.511935,0.664041,0.1,0.1,0.1
1.000898,-0.057122,0.549688,0.1,0.1,0.1
0.829339,-0.253065,0.185072,0.1,0.1,0.1
0.874453,-0.693078,0.351197,0.1,0.1,0.1
0.946146,0.296266,0.512297,0.1,0.1,0.1
0.599545,0.593654,0.512297,0.1,0.1,0.1
0.961135,-0.193493,0.204755,0.1,0.1,0.1
1.218000,-0.654445,0.565840,0.1,0.1,0.1
0.712798,0.633386,0.368093,0.1,0.1,0.1
0.964276,0.395034,0.683724,0.1,0.1,0.1
1.077955,0.271913,0.417484,0.1,0.1,0.1
0.820332,0.241748,0.512297,0.1,0.1,0.1
0.860643,-0.247461,0.683724,0.1,0.1,0.1
1.216125,-0.421054,0.039761,0.1,0.1,0.1
1.075224,0.287919,0.339476,0.1,0.1,0.1
0.962888,0.676045,0.419222,0.1,0.1,0.1
1.204335,-0.420982,0.185072,0.1,0.1,0.1
1.139524,-0.089041,0.392704,0.1,0.1,0.1
0.573659,0.348843,0.185072,0.1,0.1,0.1
0.761661,0.641721,0.343266,0.1,0.1,0.1
1.027706,-0.113358,0.683724,0.1,0.1,0.1
0.912526,0.254051,0.204755,0.1,0.1,0.1
1.105767,0.225923,0.295344,0.1,0.1,0.1
0.674740,-0.272332,0.664041,0.1,0.1,0.1
1.064530,-0.530958,0.204755,0.1,0.1,0.1
1.042747,0.478318,0.015924,0.1,0.1,0.1
0.831151,-0.720432,0.310693,0.1,0.1,0.1
1.219148,-0.555838,0.510239,0.1,0.1,0.1
0.856424,0.477168,0.683724,0.1,0.1,0.1
1.044290,0.586330,0.634562,0.1,0.1,0.1
0.834943,0.549446,0.512297,0.1,0.1,0.1
0.553810,0.606267,0.674490,0.1,0.1,0.1
1.106084,0.224066,0.132347,0.1,0.1,0.1
0.807867,0.477735,0.512297,0.1,0.1,0.1
0.934075,-0.492400,0.664041,0.1,0.1,0.1
0.913793,-0.443658,0.512297,0.1,0.1,0.1
1.189119,-0.659371,0.271448,0.1,0.1,0.1
0.867127,-0.149622,0.512297,0.1,0.1,0.1
1.046768,0.068209,0.683724,0.1,0.1,0.1
1.075324,0.404396,0.212528,0.1,0.1,0.1
0.884635,0.329892,0.512297,0.1,0.1,0.1
1.098477,0.151602,0.139104,0.1,0.1,0.1
1.047985,0.044649,0.664041,0.1,0.1,0.1
1.044387,0.585762,0.163152,0.1,0.1,0.1
1.062619,0.478879,0.165698,0.1,0.1,0.1
1.155239,-0.645183,0.617347,0.1,0.1,0.1
0.797945,-0.250853,0.512297,0.1,0.1,0.1
1.153273,-0.169642,0.510222,0.1,0.1,0.1
1.192230,-0.280973,0.001347,0.1,0.1,0.1
0.981445,-0.243166,0.512297,0.1,0.1,0.1
0.795818,-0.490560,0.512297,0.1,0.1,0.1
1.227771,-0.547862,0.187907,0.1,0.1,0.1
1.013328,0.650792,0.580505,0.1,0.1,0.1
0.814034,-0.035912,0.512297,0.1,0.1,0.1
1.140575,0.021860,0.246287,0.1,0.1,0.1
0.766970,0.019220,0.664041,0.1,0.1,0.1
1.091573,-0.656043,0.498318,0.1,0.1,0.1
1.074127,0.352880,0.193327,0.1,0.1,0.1
0.892237,0.663994,0.470784,0.1,0.1,0.1
1.100442,-0.493529,0.512297,0.1,0.1,0.1
0.887190,-0.710873,0.496716,0.1,0.1,0.1
1.173674,-0.289243,0.268857,0.1,0.1,0.1
1.122273,0.129153,0.601930,0.1,0.1,0.1
0.707187,0.150190,0.683724,0.1,0.1,0.1
1.196258,-0.421645,0.479821,0.1,0.1,0.1
1.004305,0.683110,0.537892,0.1,0.1,0.1
0.708198,-0.238128,0.204755,0.1,0.1,0.1
0.774669,0.588129,0.512297,0.1,0.1,0.1
1.010680,-0.055454,0.293831,0.1,0.1,0.1
0.968403,-0.128439,0.664041,0.1,0.1,0.1
1.056685,-0.681961,0.258710,0.1,0.1,0.1
1.103093,-0.584167,0.512297,0.1,0.1,0.1
0.756215,-0.098859,0.616774,0.1,0.1,0.1
0.545445,0.546265,0.664041,0.1,0.1,0.1
1.012165,0.634487,0.185072,0.1,0.1,0.1
1.018422,-0.224787,0.664041,0.1,0.1,0.1
0.717350,0.020316,0.204755,0.1,0.1,0.1
1.059462,0.497388,0.116456,0.1,0.1,0.1
0.937956,-0.067858,0.338457,0.1,0.1,0.1
1.010690,0.616706,0.185072,0.1,0.1,0.1
0.991297,-0.669995,0.185072,0.1,0.1,0.1
1.126572,0.103953,0.033352,0.1,0.1,0.1
1.100324,0.140773,0.393560,0.1,0.1,0.1
0.866346,-0.205935,0.204755,0.1,0.1,0.1
0.888816,-0.690628,0.639774,0.1,0.1,0.1
0.733661,0.636945,0.317149,0.1,0.1,0.1
0.785706,-0.651546,0.664041,0.1,0.1,0.1
0.820666,-0.564937,0.683724,0.1,0.1,0.1
0.857089,0.115365,0.185072,0.1,0.1,0.1
1.249198,-0.614947,0.004064,0.1,0.1,0.1
0.686906,-0.351151,0.683724,0.1,0.1,0.1
1.087016,-0.392514,0.185072,0.1,0.1,0.1
0.770792,-0.567373,0.664041,0.1,0.1,0.1
0.804505,0.649029,0.571337,0.1,0.1,0.1
1.076558,-0.044217,0.466624,0.1,0.1,0.1
0.928079,-0.703898,0.363234,0.1,0.1,0.1
1.241582,-0.570298,0.520474,0.1,0.1,0.1
1.088289,-0.656603,0.556558,0.1,0.1,0.1
0.960720,-0.698331,0.440243,0.1,0.1,0.1
1.004266,0.683103,0.427431,0.1,0.1,0.1
1.047214,0.143541,0.664041,0.1,0.1,0.1
1.105865,-0.556546,0.664041,0.1,0.1,0.1
0.827055,0.502888,0.683724,0.1,0.1,0.1
0.703150,0.251088,0.204755,0.1,0.1,0.1
0.725509,0.553722,0.204755,0.1,0.1,0.1
0.806993,-0.326455,0.664041,0.1,0.1,0.1
1.044724,0.583786,0.426389,0.1,0.1,0.1
1.042939,0.594253,0.029132,0.1,0.1,0.1
0.747125,-0.525897,0.512297,0.1,0.1,0.1
1.044498,-0.553204,0.185072,0.1,0.1,0.1
1.109937,0.201477,0.291068,0.1,0.1,0.1
0.968500,-0.062649,0.524062,0.1,0.1,0.1
0.949821,-0.689500,0.683724,0.1,0.1,0.1
1.037279,0.035934,0.683724,0.1,0.1,0.1
0.980414,0.679035,0.418404,0.1,0.1,0.1
1.095413,-0.363370,0.683724,0.1,0.1,0.1
1.140284,-0.667702,0.378108,0.1,0.1,0.1
0.967458,0.676825,0.418884,0.1,0.1,0.1
1.079368,-0.394059,0.512297,0.1,0.1,0.1
1.183498,-0.229778,0.441525,0.1,0.1,0.1
1.060198,-0.432802,0.664041,0.1,0.1,0.1
1.123902,-0.036141,0.313292,0.1,0.1,0.1
0.937976,-0.528658,0.512297,0.1,0.1,0.1
0.682794,-0.185815,0.512297,0.1,0.1,0.1
0.800336,0.409508,0.512297,0.1,0.1,0.1
1.152683,-0.049124,0.018220,0.1,0.1,0.1
0.860514,-0.220299,0.512297,0.1,0.1,0.1
0.875767,-0.376328,0.512297,0.1,0.1,0.1
0.944036,-0.542361,0.185072,0.1,0.1,0.1
1.094790,0.290272,0.542754,0.1,0.1,0.1
1.153426,-0.170540,0.622817,0.1,0.1,0.1
1.072570,0.420541,0.042553,0.1,0.1,0.1
1.068978,-0.300731,0.512297,0.1,0.1,0.1
1.000698,-0.671544,0.412319,0.1,0.1,0.1
0.975550,-0.557503,0.664041,0.1,0.1,0.1
0.904216,0.602750,0.512297,0.1,0.1,0.1
0.756687,-0.713166,0.487943,0.1,0.1,0.1
0.996037,-0.464134,0.664041,0.1,0.1,0.1
0.888048,-0.076372,0.368884,0.1,0.1,0.1
0.754915,-0.019578,0.512297,0.1,0.1,0.1
0.863715,-0.080522,0.244981,0.1,0.1,0.1
0.704300,-0.509509,0.192821,0.1,0.1,0.1
0.716843,-0.092116,0.185072,0.1,0.1,0.1
1.155827,-0.184615,0.282810,0.1,0.1,0.1
0.972299,-0.062000,0.201953,0.1,0.1,0.1
1.103874,0.237017,0.650629,0.1,0.1,0.1
0.795391,-0.706564,0.222997,0.1,0.1,0.1
0.927230,-0.704043,0.455708,0.1,0.1,0.1
0.837944,-0.314792,0.204755,0.1,0.1,0.1
0.948249,-0.622549,0.204755,0.1,0.1,0.1
0.753730,0.538421,0.683724,0.1,0.1,0.1
0.678321,-0.348711,0.204755,0.1,0.1,0.1
0.909185,0.686853,0.627847,0.1,0.1,0.1
1.149830,-0.124659,0.673882,0.1,0.1,0.1
0.599943,0.604939,0.512297,0.1,0.1,0.1
1.127741,-0.669841,0.663865,0.1,0.1,0.1
0.578373,0.588149,0.204755,0.1,0.1,0.1
0.826354,0.080771,0.512297,0.1,0.1,0.1
0.635745,0.620243,0.589578,0.1,0.1,0.1
0.731620,0.372492,0.204755,0.1,0.1,0.1
1.082932,0.359791,0.177702,0.1,0.1,0.1
0.795110,0.505786,0.185072,0.1,0.1,0.1
1.093224,0.182396,0.064264,0.1,0.1,0.1
0.860936,-0.695384,0.227017,0.1,0.1,0.1
0.966410,0.696614,0.644236,0.1,0.1,0.1
1.043758,-0.664199,0.307224,0.1,0.1,0.1
1.068238,-0.670007,0.675232,0.1,0.1,0.1
0.708022,-0.066838,0.512297,0.1,0.1,0.1
0.827342,-0.086726,0.340818,0.1,0.1,0.1
1.102193,0.129816,0.118740,0.1,0.1,0.1
0.940103,0.460125,0.512297,0.1,0.1,0.1
1.119679,0.027305,0.625617,0.1,0.1,0.1
0.844013,-0.083883,0.442635,0.1,0.1,0.1
0.785575,0.465091,0.185072,0.1,0.1,0.1
1.112036,0.072113,0.446614,0.1,0.1,0.1
0.832430,0.208443,0.664041,0.1,0.1,0.1
0.868253,-0.694136,0.427271,0.1,0.1,0.1
0.990010,0.019830,0.185072,0.1,0.1,0.1
0.950322,-0.275561,0.664041,0.1,0.1,0.1
1.019996,0.069534,0.512297,0.1,0.1,0.1
1.066730,0.454779,0.596049,0.1,0.1,0.1
1.095667,-0.040957,0.275546,0.1,0.1,0.1
0.769466,0.523208,0.683724,0.1,0.1,0.1
0.992286,0.314812,0.512297,0.1,0.1,0.1
1.055451,0.350620,0.683724,0.1,0.1,0.1
0.771964,0.406747,0.664041,0.1,0.1,0.1
1.080417,-0.052713,0.512297,0.1,0.1,0.1
1.128006,-0.035441,0.207921,0.1,0.1,0.1
1.144034,-0.115477,0.431837,0.1,0.1,0.1
1.084590,-0.242072,0.185072,0.1,0.1,0.1
1.072738,0.182427,0.664041,0.1,0.1,0.1
0.759155,-0.079821,0.512297,0.1,0.1,0.1
1.132029,-0.045097,0.504697,0.1,0.1,0.1
1.066191,0.340875,0.369601,0.1,0.1,0.1
0.853062,0.135133,0.683724,0.1,0.1,0.1
1.017416,-0.408545,0.664041,0.1,0.1,0.1
1.082828,-0.018729,0.185072,0.1,0.1,0.1
0.772069,-0.600568,0.664041,0.1,0.1,0.1
1.048494,-0.663391,0.506507,0.1,0.1,0.1
0.890762,-0.154350,0.185072,0.1,0.1,0.1
1.196151,-0.303956,0.589620,0.1,0.1,0.1
1.029365,0.088728,0.204755,0.1,0.1,0.1
0.918576,-0.459098,0.512297,0.1,0.1,0.1
1.033298,-0.643160,0.512297,0.1,0.1,0.1
0.905752,-0.687739,0.682731,0.1,0.1,0.1
1.023367,-0.420912,0.664041,0.1,0.1,0.1
0.574663,0.629791,0.594860,0.1,0.1,0.1
1.091524,-0.676019,0.330544,0.1,0.1,0.1
0.985400,0.419131,0.185072,0.1,0.1,0.1
1.240455,-0.563690,0.605834,0.1,0.1,0.1
0.707630,-0.107146,0.367632,0.1,0.1,0.1
1.112197,0.188225,0.005769,0.1,0.1,0.1
0.892784,0.164270,0.664041,0.1,0.1,0.1
0.872808,-0.242710,0.683724,0.1,0.1,0.1
1.119940,0.025770,0.081269,0.1,0.1,0.1
0.574020,0.360986,0.185072,0.1,0.1,0.1
0.700550,-0.109306,0.512297,0.1,0.1,0.1
1.032950,0.535755,0.203267,0.1,0.1,0.1
0.928141,-0.376714,0.512297,0.1,0.1,0.1
0.949052,-0.065966,0.236204,0.1,0.1,0.1
0.915292,-0.161356,0.512297,0.1,0.1,0.1
0.865376,-0.227803,0.204755,0.1,0.1,0.1
1.176243,-0.325753,0.512297,0.1,0.1,0.1
0.700485,0.168769,0.185072,0.1,0.1,0.1
0.679862,-0.349900,0.683724,0.1,0.1,0.1
0.709140,0.513525,0.204755,0.1,0.1,0.1
0.614430,0.193761,0.683724,0.1,0.1,0.1
1.128286,0.093902,0.662976,0.1,0.1,0.1
0.952612,-0.679746,0.211308,0.1,0.1,0.1
1.179956,-0.326073,0.306346,0.1,0.1,0.1
1.135741,0.050198,0.023019,0.1,0.1,0.1
0.641380,-0.039174,0.683724,0.1,0.1,0.1
0.895083,-0.435881,0.512297,0.1,0.1,0.1
1.011739,0.704346,0.608011,0.1,0.1,0.1
1.227984,-0.607641,0.048895,0.1,0.1,0.1
1.057513,0.450280,0.193514,0.1,0.1,0.1
1.135201,-0.063695,0.102913,0.1,0.1,0.1
0.668471,-0.113826,0.671351,0.1,0.1,0.1
0.803103,-0.087178,0.204755,0.1,0.1,0.1
1.117946,-0.467643,0.204755,0.1,0.1,0.1
1.222022,-0.653759,0.331700,0.1,0.1,0.1
1.225262,-0.474624,0.111501,0.1,0.1,0.1
0.539817,0.623848,0.439804,0.1,0.1,0.1
0.901199,-0.145902,0.512297,0.1,0.1,0.1
0.649852,-0.117002,0.678460,0.1,0.1,0.1
0.625104,0.223792,0.204755,0.1,0.1,0.1
0.775436,0.644071,0.620980,0.1,0.1,0.1
0.743950,0.349776,0.185072,0.1,0.1,0.1
0.593397,0.622495,0.185072,0.1,0.1,0.1
1.076330,-0.276616,0.185072,0.1,0.1,0.1
0.600934,0.614305,0.683635,0.1,0.1,0.1
1.181374,-0.334386,0.286755,0.1,0.1,0.1
1.067812,-0.489647,0.204755,0.1,0.1,0.1
1.006971,0.463611,0.185072,0.1,0.1,0.1
0.628503,0.574305,0.512297,0.1,0.1,0.1
1.056346,-0.047664,0.381737,0.1,0.1,0.1
0.672179,0.008124,0.204755,0.1,0.1,0.1
1.244317,-0.586330,0.540053,0.1,0.1,0.1
1.081175,0.370095,0.531644,0.1,0.1,0.1
0.524687,0.601299,0.196429,0.1,0.1,0.1
0.682780,-0.013322,0.204755,0.1,0.1,0.1
0.671376,-0.252299,0.204755,0.1,0.1,0.1
0.785903,-0.708183,0.329759,0.1,0.1,0.1
0.887643,-0.076441,0.524551,0.1,0.1,0.1
0.656640,0.394734,0.512297,0.1,0.1,0.1
0.621362,0.173557,0.683724,0.1,0.1,0.1
0.737660,-0.584666,0.185072,0.1,0.1,0.1
0.959232,-0.580027,0.664041,0.1,0.1,0.1
0.638230,0.630651,0.681937,0.1,0.1,0.1
0.856632,0.493514,0.683724,0.1,0.1,0.1
0.790422,0.666594,0.641303,0.1,0.1,0.1
1.043534,0.059512,0.664041,0.1,0.1,0.1
0.924437,0.669487,0.434498,0.1,0.1,0.1
0.555983,0.606638,0.440146,0.1,0.1,0.1
0.827181,-0.109257,0.204755,0.1,0.1,0.1
1.046280,-0.302402,0.204755,0.1,0.1,0.1
1.155870,-0.067810,0.214137,0.1,0.1,0.1
1.014509,0.702395,0.188197,0.1,0.1,0.1
0.940201,0.188417,0.512297,0.1,0.1,0.1
1.022307,-0.053470,0.426682,0.1,0.1,0.1
0.735265,0.494417,0.683724,0.1,0.1,0.1
1.034878,0.641511,0.115888,0.1,0.1,0.1
1.162072,-0.104165,0.440193,0.1,0.1,0.1
0.856883,-0.696075,0.616430,0.1,0.1,0.1
0.736474,-0.102226,0.199226,0.1,0.1,0.1
0.640249,-0.085136,0.204755,0.1,0.1,0.1
0.936637,-0.370663,0.204755,0.1,0.1,0.1
0.771374,0.643378,0.468080,0.1,0.1,0.1
0.750749,-0.714179,0.228372,0.1,0.1,0.1
1.096768,-0.422377,0.185072,0.1,0.1,0.1
1.108007,-0.038852,0.195882,0.1,0.1,0.1
1.012574,0.657795,0.664041,0.1,0.1,0.1
0.948531,-0.700410,0.598721,0.1,0.1,0.1
1.073198,0.416860,0.169599,0.1,0.1,0.1
1.199556,-0.440976,0.335745,0.1,0.1,0.1
1.136891,0.043454,0.605124,0.1,0.1,0.1
1.008887,-0.267975,0.664041,0.1,0.1,0.1
1.162697,-0.224892,0.382384,0.1,0.1,0.1
0.993365,0.701211,0.333551,0.1,0.1,0.1
0.758744,-0.712815,0.418021,0.1,0.1,0.1
1.059544,-0.642121,0.664041,0.1,0.1,0.1
0.812881,0.670425,0.398412,0.1,0.1,0.1
0.665421,-0.114346,0.369751,0.1,0.1,0.1
0.773093,0.643671,0.403007,0.1,0.1,0.1
1.072217,0.422612,0.224827,0.1,0.1,0.1
1.089207,0.323004,0.153012,0.1,0.1,0.1
0.823855,0.652330,0.371586,0.1,0.1,0.1
0.760895,-0.666760,0.512297,0.1,0.1,0.1
0.910082,-0.001477,0.664041,0.1,0.1,0.1
0.834271,0.360988,0.204755,0.1,0.1,0.1
0.677173,0.647277,0.538400,0.1,0.1,0.1
0.949020,0.422321,0.683724,0.1,0.1,0.1
1.133021,-0.050913,0.367697,0.1,0.1,0.1
1.118716,0.032947,0.610342,0.1,0.1,0.1
0.911100,-0.072439,0.669205,0.1,0.1,0.1
0.973282,0.458706,0.512297,0.1,0.1,0.1
1.249261,-0.615316,0.662859,0.1,0.1,0.1
1.108484,0.209991,0.588642,0.1,0.1,0.1
0.831150,0.218340,0.204755,0.1,0.1,0.1
0.703771,0.265436,0.204755,0.1,0.1,0.1
0.861496,0.391943,0.512297,0.1,0.1,0.1
0.846101,0.656125,0.585825,0.1,0.1,0.1
1.220442,-0.446366,0.053754,0.1,0.1,0.1
0.727198,-0.103808,0.632032,0.1,0.1,0.1
0.854053,0.194625,0.512297,0.1,0.1,0.1
1.087751,-0.210545,0.512297,0.1,0.1,0.1
1.145600,-0.124660,0.644949,0.1,0.1,0.1
0.815657,-0.723075,0.341990,0.1,0.1,0.1
1.213473,-0.405509,0.384678,0.1,0.1,0.1
0.864972,0.136266,0.683724,0.1,0.1,0.1
0.810525,0.670024,0.614377,0.1,0.1,0.1
1.055002,-0.514476,0.512297,0.1,0.1,0.1
1.033852,-0.051501,0.598894,0.1,0.1,0.1
0.757261,0.166837,0.683724,0.1,0.1,0.1
0.885250,-0.245768,0.512297,0.1,0.1,0.1
1.075564,-0.194078,0.185072,0.1,0.1,0.1
1.068037,0.330054,0.123277,0.1,0.1,0.1
0.826534,-0.086864,0.670596,0.1,0.1,0.1
0.610586,0.354174,0.664041,0.1,0.1,0.1
0.782554,0.258663,0.512297,0.1,0.1,0.1
0.806982,-0.211553,0.204755,0.1,0.1,0.1
1.093250,0.299303,0.305092,0.1,0.1,0.1
1.086085,0.341305,0.049526,0.1,0.1,0.1
0.697405,0.630761,0.257168,0.1,0.1,0.1
1.082617,-0.657571,0.292787,0.1,0.1,0.1
1.061608,-0.110998,0.664041,0.1,0.1,0.1
0.826203,-0.311438,0.204755,0.1,0.1,0.1
0.838574,-0.699198,0.599072,0.1,0.1,0.1
0.844461,-0.002242,0.512297,0.1,0.1,0.1
0.825712,0.319020,0.664041,0.1,0.1,0.1
1.154501,-0.560231,0.512297,0.1,0.1,0.1
0.692003,-0.168571,0.512297,0.1,0.1,0.1
1.127771,0.096922,0.559453,0.1,0.1,0.1
1.040026,0.552801,0.667915,0.1,0.1,0.1
0.925018,0.553977,0.512297,0.1,0.1,0.1
1.198510,-0.434848,0.293734,0.1,0.1,0.1
0.675172,-0.243736,0.512297,0.1,0.1,0.1
0.935357,0.117738,0.512297,0.1,0.1,0.1
1.242280,-0.574390,0.643560,0.1,0.1,0.1
0.923269,-0.475904,0.683724,0.1,0.1,0.1
1.016000,0.693652,0.652564,0.1,0.1,0.1
0.953562,-0.615048,0.683724,0.1,0.1,0.1
1.056916,0.452014,0.512297,0.1,0.1,0.1
1.174895,-0.179343,0.246955,0.1,0.1,0.1
1.219357,-0.557064,0.298450,0.1,0.1,0.1
0.908449,-0.407141,0.664041,0.1,0.1,0.1
1.126569,-0.393687,0.683724,0.1,0.1,0.1
0.538419,0.603642,0.488683,0.1,0.1,0.1
1.243930,-0.640038,0.636054,0.1,0.1,0.1
0.823425,0.672224,0.357826,0.1,0.1,0.1
1.030105,-0.462868,0.683724,0.1,0.1,0.1
0.580688,0.357249,0.204755,0.1,0.1,0.1
0.876689,-0.078309,0.391710,0.1,0.1,0.1
0.952477,-0.605663,0.664041,0.1,0.1,0.1
0.869856,-0.693862,0.327979,0.1,0.1,0.1
1.132557,-0.034664,0.508029,0.1,0.1,0.1
1.205411,-0.419163,0.673882,0.1,0.1,0.1
0.859878,0.678442,0.608336,0.1,0.1,0.1
0.752325,-0.575438,0.512297,0.1,0.1,0.1
1.161636,-0.101614,0.029200,0.1,0.1,0.1
0.870807,0.517091,0.204755,0.1,0.1,0.1
0.790216,-0.093059,0.639147,0.1,0.1,0.1
0.765070,-0.097349,0.331233,0.1,0.1,0.1
0.687564,0.572481,0.512297,0.1,0.1,0.1
0.904594,0.325495,0.204755,0.1,0.1,0.1
1.051606,0.543441,0.117504,0.1,0.1,0.1
1.068262,-0.045632,0.511974,0.1,0.1,0.1
1.056746,0.513311,0.469847,0.1,0.1,0.1
1.164554,-0.235779,0.068820,0.1,0.1,0.1
1.096113,-0.040881,0.503485,0.1,0.1,0.1
0.952797,0.190899,0.683724,0.1,0.1,0.1
0.946725,-0.301744,0.512297,0.1,0.1,0.1
1.121149,0.135743,0.036932,0.1,0.1,0.1
0.750737,-0.099793,0.621716,0.1,0.1,0.1
1.188788,-0.659428,0.389471,0.1,0.1,0.1
1.068563,-0.678528,0.683724,0.1,0.1,0.1
0.993677,0.460939,0.512297,0.1,0.1,0.1
1.008882,-0.038335,0.512297,0.1,0.1,0.1
0.969826,0.488708,0.683724,0.1,0.1,0.1
1.145624,-0.124801,0.463457,0.1,0.1,0.1
0.870491,-0.713721,0.258782,0.1,0.1,0.1
1.001929,-0.154050,0.204755,0.1,0.1,0.1
0.663649,0.294056,0.512297,0.1,0.1,0.1
1.226585,-0.482378,0.633392,0.1,0.1,0.1
0.851694,0.509210,0.204755,0.1,0.1,0.1
1.009238,0.674764,0.633255,0.1,0.1,0.1
1.242514,-0.650264,0.510957,0.1,0.1,0.1
1.153520,-0.054031,0.129721,0.1,0.1,0.1
1.186231,-0.245800,0.359829,0.1,0.1,0.1
0.583225,0.379059,0.185072,0.1,0.1,0.1
0.647032,-0.010232,0.683724,0.1,0.1,0.1
1.182453,-0.552436,0.512297,0.1,0.1,0.1
0.912850,-0.299584,0.512297,0.1,0.1,0.1
1.172145,-0.163223,0.068402,0.1,0.1,0.1
0.973436,-0.009934,0.683724,0.1,0.1,0.1
0.889406,0.294888,0.512297,0.1,0.1,0.1
1.142309,-0.105367,0.220435,0.1,0.1,0.1
1.136407,0.046297,0.337204,0.1,0.1,0.1
1.034335,0.158346,0.512297,0.1,0.1,0.1
1.133102,-0.047584,0.664041,0.1,0.1,0.1
0.709859,0.001870,0.512297,0.1,0.1,0.1
0.655551,-0.116030,0.530383,0.1,0.1,0.1
0.961700,0.067492,0.683724,0.1,0.1,0.1
1.044962,0.465336,0.413290,0.1,0.1,0.1
0.883909,-0.558351,0.512297,0.1,0.1,0.1
0.805538,-0.090446,0.378004,0.1,0.1,0.1
0.558945,0.627110,0.683429,0.1,0.1,0.1
0.851038,-0.442264,0.512297,0.1,0.1,0.1
0.806174,0.669281,0.333685,0.1,0.1,0.1
1.044462,-0.520721,0.512297,0.1,0.1,0.1
0.809119,-0.609772,0.664041,0.1,0.1,0.1
0.814575,0.221605,0.683724,0.1,0.1,0.1
0.945940,0.672714,0.185072,0.1,0.1,0.1
0.705194,-0.178021,0.512297,0.1,0.1,0.1
1.106845,-0.576568,0.683724,0.1,0.1,0.1
1.136185,0.047596,0.450072,0.1,0.1,0.1
1.216369,-0.539545,0.121690,0.1,0.1,0.1
0.957406,-0.698896,0.599476,0.1,0.1,0.1
0.795200,-0.092209,0.199186,0.1,0.1,0.1
0.761459,-0.518693,0.512297,0.1,0.1,0.1
0.860932,0.678622,0.278211,0.1,0.1,0.1
1.124095,-0.652115,0.664041,0.1,0.1,0.1
0.682636,-0.319904,0.185072,0.1,0.1,0.1
1.015321,0.337937,0.512297,0.1,0.1,0.1
1.188230,-0.257518,0.256681,0.1,0.1,0.1
1.119839,0.143424,0.114156,0.1,0.1,0.1
1.012290,0.704440,0.284540,0.1,0.1,0.1
0.581993,0.207517,0.669273,0.1,0.1,0.1
0.905201,0.481547,0.512297,0.1,0.1,0.1
0.786317,0.212242,0.683724,0.1,0.1,0.1
1.203702,-0.348223,0.022493,0.1,0.1,0.1
0.965822,0.236632,0.512297,0.1,0.1,0.1
1.109210,-0.108986,0.683724,0.1,0.1,0.1
1.160501,-0.596865,0.204755,0.1,0.1,0.1
0.766235,-0.417162,0.512297,0.1,0.1,0.1
0.974502,-0.241346,0.683724,0.1,0.1,0.1
0.762876,0.235090,0.185072,0.1,0.1,0.1
1.093910,0.178376,0.361456,0.1,0.1,0.1
0.698811,0.531518,0.185072,0.1,0.1,0.1
0.641580,-0.134444,0.664041,0.1,0.1,0.1
1.205657,-0.636583,0.353087,0.1,0.1,0.1
0.688866,0.367549,0.204755,0.1,0.1,0.1
1.032459,0.655693,0.514842,0.1,0.1,0.1
1.098827,0.266605,0.354076,0.1,0.1,0.1
1.034141,-0.614823,0.683724,0.1,0.1,0.1
1.216496,-0.423231,0.610974,0.1,0.1,0.1
0.736999,0.395876,0.185072,0.1,0.1,0.1
0.665251,0.603154,0.512297,0.1,0.1,0.1
1.039671,0.496352,0.060711,0.1,0.1,0.1
1.029678,-0.666601,0.634234,0.1,0.1,0.1
0.708775,-0.106951,0.286052,0.1,0.1,0.1
1.136195,0.047535,0.359721,0.1,0.1,0.1
0.731332,0.424278,0.664041,0.1,0.1,0.1
1.208298,-0.433698,0.673202,0.1,0.1,0.1
1.185972,-0.244280,0.183513,0.1,0.1,0.1
1.007781,-0.002709,0.664041,0.1,0.1,0.1
0.755621,-0.689125,0.664041,0.1,0.1,0.1
1.063082,0.046696,0.512297,0.1,0.1,0.1
0.892536,0.649564,0.664041,0.1,0.1,0.1
0.774097,0.614153,0.512297,0.1,0.1,0.1
1.171504,-0.159462,0.186920,0.1,0.1,0.1
1.024872,0.226499,0.683724,0.1,0.1,0.1
1.038813,0.363037,0.664041,0.1,0.1,0.1
1.197153,-0.309831,0.077315,0.1,0.1,0.1
0.722395,-0.189269,0.512297,0.1,0.1,0.1
0.996064,0.699684,0.185072,0.1,0.1,0.1
0.901694,-0.074044,0.206476,0.1,0.1,0.1
0.790782,-0.727318,0.222040,0.1,0.1,0.1
0.880191,-0.454058,0.683724,0.1,0.1,0.1
1.014147,0.704516,0.564683,0.1,0.1,0.1
0.784576,0.537649,0.512297,0.1,0.1,0.1
0.874636,0.660992,0.541860,0.1,0.1,0.1
0.962534,0.675985,0.283356,0.1,0.1,0.1
0.845445,0.164199,0.185072,0.1,0.1,0.1
0.568536,0.435412,0.185072,0.1,0.1,0.1
1.109725,-0.288284,0.512297,0.1,0.1,0.1
0.893522,-0.075438,0.345075,0.1,0.1,0.1
0.860506,-0.302821,0.185072,0.1,0.1,0.1
0.678078,-0.273745,0.664041,0.1,0.1,0.1
0.919808,-0.070954,0.584266,0.1,0.1,0.1
0.706291,0.640747,0.185072,0.1,0.1,0.1
0.814098,0.506104,0.683724,0.1,0.1,0.1
0.771081,0.101604,0.185072,0.1,0.1,0.1
0.784657,0.540730,0.512297,0.1,0.1,0.1
0.871499,-0.693582,0.532248,0.1,0.1,0.1
0.889127,-0.035965,0.204755,0.1,0.1,0.1
0.640495,0.093923,0.683724,0.1,0.1,0.1
1.221416,-0.452072,0.390600,0.1,0.1,0.1
0.680311,0.627845,0.353625,0.1,0.1,0.1
0.728468,0.043955,0.683724,0.1,0.1,0.1
1.143943,-0.114948,0.599773,0.1,0.1,0.1
0.868880,0.660010,0.356313,0.1,0.1,0.1
1.180005,-0.640959,0.352113,0.1,0.1,0.1
1.058938,-0.016918,0.512297,0.1,0.1,0.1
0.584374,0.621464,0.682678,0.1,0.1,0.1
0.937274,-0.109907,0.204755,0.1,0.1,0.1
0.792430,-0.191970,0.185072,0.1,0.1,0.1
0.804460,0.668989,0.232702,0.1,0.1,0.1
0.854996,0.155939,0.683724,0.1,0.1,0.1
1.114849,-0.672040,0.297433,0.1,0.1,0.1
1.220772,-0.565357,0.218179,0.1,0.1,0.1
1.159851,-0.644315,0.185072,0.1,0.1,0.1
0.752690,-0.065339,0.683724,0.1,0.1,0.1
0.749877,0.529004,0.683724,0.1,0.1,0.1
1.057313,0.509984,0.214944,0.1,0.1,0.1
0.772693,-0.096048,0.515325,0.1,0.1,0.1
1.171143,-0.455417,0.664041,0.1,0.1,0.1
0.737188,-0.377386,0.683724,0.1,0.1,0.1
1.071216,0.428477,0.040348,0.1,0.1,0.1
0.700628,-0.092058,0.185072,0.1,0.1,0.1
1.238139,-0.629907,0.000000,0.1,0.1,0.1
0.933503,0.366866,0.664041,0.1,0.1,0.1
0.981175,0.679165,0.284772,0.1,0.1,0.1
0.825729,-0.701389,0.203654,0.1,0.1,0.1
1.104706,0.115085,0.355597,0.1,0.1,0.1
0.555804,0.626575,0.206077,0.1,0.1,0.1
0.737009,0.630033,0.204755,0.1,0.1,0.1
1.012544,0.099038,0.683724,0.1,0.1,0.1
0.692654,-0.017246,0.683724,0.1,0.1,0.1
0.803835,0.573600,0.204755,0.1,0.1,0.1
0.562723,0.507681,0.185072,0.1,0.1,0.1
0.596424,0.200947,0.512297,0.1,0.1,0.1
0.923157,0.669268,0.385443,0.1,0.1,0.1
1.038140,0.622388,0.003781,0.1,0.1,0.1
1.163063,-0.530528,0.512297,0.1,0.1,0.1
1.048849,-0.048943,0.606963,0.1,0.1,0.1
1.183597,-0.230362,0.400841,0.1,0.1,0.1
1.082079,-0.412585,0.204755,0.1,0.1,0.1
0.866619,0.195125,0.185072,0.1,0.1,0.1
1.082186,-0.677612,0.532208,0.1,0.1,0.1
1.057271,-0.659858,0.204755,0.1,0.1,0.1
1.076949,-0.678505,0.414786,0.1,0.1,0.1
0.733627,-0.067649,0.512297,0.1,0.1,0.1
0.962405,-0.661259,0.683724,0.1,0.1,0.1
1.147677,-0.019774,0.252797,0.1,0.1,0.1
1.040517,0.608451,0.417149,0.1,0.1,0.1
0.872417,-0.079038,0.431990,0.1,0.1,0.1
0.872780,-0.498290,0.512297,0.1,0.1,0.1
1.061428,-0.046797,0.227264,0.1,0.1,0.1
1.215928,-0.654798,0.301024,0.1,0.1,0.1
1.129584,-0.021049,0.185072,0.1,0.1,0.1
0.722065,-0.035140,0.664041,0.1,0.1,0.1
1.018909,0.618071,0.652199,0.1,0.1,0.1
1.031186,0.663156,0.356016,0.1,0.1,0.1
0.825769,0.128455,0.185072,0.1,0.1,0.1
0.861400,-0.715272,0.374538,0.1,0.1,0.1
1.055147,0.405621,0.484018,0.1,0.1,0.1
1.232637,-0.634915,0.393555,0.1,0.1,0.1
0.820179,-0.389345,0.185072,0.1,0.1,0.1
1.158651,-0.084113,0.241668,0.1,0.1,0.1
0.821332,-0.565377,0.683724,0.1,0.1,0.1
1.137644,-0.078016,0.599380,0.1,0.1,0.1
1.090666,-0.041810,0.565408,0.1,0.1,0.1
0.993819,0.353049,0.683724,0.1,0.1,0.1
1.113081,0.183040,0.656794,0.1,0.1,0.1
0.658877,0.277733,0.512297,0.1,0.1,0.1
0.815712,-0.509375,0.185072,0.1,0.1,0.1
1.028344,-0.102175,0.185072,0.1,0.1,0.1
1.091360,0.193323,0.084811,0.1,0.1,0.1
0.871076,-0.079267,0.269042,0.1,0.1,0.1
0.954660,-0.377020,0.512297,0.1,0.1,0.1
0.902518,0.592763,0.683724,0.1,0.1,0.1
1.042525,0.479618,0.286052,0.1,0.1,0.1
0.651369,0.461640,0.512297,0.1,0.1,0.1
0.758825,0.013719,0.204755,0.1,0.1,0.1
0.953425,-0.065220,0.634150,0.1,0.1,0.1
1.089532,0.321101,0.600528,0.1,0.1,0.1
0.804588,0.024923,0.683724,0.1,0.1,0.1
0.835369,-0.370775,0.664041,0.1,0.1,0.1
0.898410,0.665047,0.624810,0.1,0.1,0.1
0.971386,-0.696511,0.645797,0.1,0.1,0.1
0.856372,-0.424011,0.512297,0.1,0.1,0.1
1.165150,-0.122212,0.061749,0.1,0.1,0.1
0.828757,0.045459,0.683724,0.1,0.1,0.1
1.030440,0.455427,0.512297,0.1,0.1,0.1
0.779096,0.129378,0.512297,0.1,0.1,0.1
0.990461,0.115134,0.185072,0.1,0.1,0.1
0.585424,0.611660,0.193453,0.1,0.1,0.1
0.813328,-0.174017,0.185072,0.1,0.1,0.1
0.655613,0.388912,0.185072,0.1,0.1,0.1
1.039129,0.499532,0.454672,0.1,0.1,0.1
1.222703,-0.633675,0.420833,0.1,0.1,0.1
1.237501,-0.546372,0.064999,0.1,0.1,0.1
1.141942,-0.357931,0.204755,0.1,0.1,0.1
0.541827,0.604223,0.191030,0.1,0.1,0.1
1.007402,0.703606,0.377938,0.1,0.1,0.1
0.762586,0.562532,0.683724,0.1,0.1,0.1
0.667812,-0.273184,0.512297,0.1,0.1,0.1
1.039597,0.496785,0.273668,0.1,0.1,0.1
1.119232,0.146983,0.505276,0.1,0.1,0.1
0.849583,-0.501207,0.204755,0.1,0.1,0.1
1.118271,0.152619,0.240656,0.1,0.1,0.1
1.159105,-0.203835,0.090260,0.1,0.1,0.1
0.737420,-0.036178,0.512297,0.1,0.1,0.1
1.035731,0.636509,0.111631,0.1,0.1,0.1
0.845008,-0.127357,0.204755,0.1,0.1,0.1
0.860071,0.311900,0.664041,0.1,0.1,0.1
1.057206,0.510611,0.657589,0.1,0.1,0.1
1.079019,-0.060271,0.512297,0.1,0.1,0.1
1.132355,-0.034699,0.531449,0.1,0.1,0.1
0.984915,0.679803,0.328593,0.1,0.1,0.1
1.090264,0.199747,0.026459,0.1,0.1,0.1
0.652641,0.035076,0.185072,0.1,0.1,0.1
0.816760,-0.088531,0.305537,0.1,0.1,0.1
0.906992,-0.073140,0.603104,0.1,0.1,0.1
0.704814,0.443877,0.664041,0.1,0.1,0.1
0.849686,0.464113,0.204755,0.1,0.1,0.1
0.729344,-0.580819,0.185072,0.1,0.1,0.1
0.760047,0.109105,0.185072,0.1,0.1,0.1
0.763154,-0.712063,0.679120,0.1,0.1,0.1
1.040227,0.525920,0.204755,0.1,0.1,0.1
1.200754,-0.448004,0.013580,0.1,0.1,0.1
0.893767,0.431375,0.185072,0.1,0.1,0.1
1.029404,-0.666647,0.626126,0.1,0.1,0.1
0.595438,0.295808,0.185072,0.1,0.1,0.1
0.993111,-0.406144,0.664041,0.1,0.1,0.1
0.629079,0.434487,0.683724,0.1,0.1,0.1
0.983427,0.448685,0.185072,0.1,0.1,0.1
0.822240,0.672022,0.287258,0.1,0.1,0.1
0.957316,-0.254084,0.683724,0.1,0.1,0.1
1.179398,-0.205745,0.528633,0.1,0.1,0.1
0.733497,-0.361152,0.512297,0.1,0.1,0.1
0.764565,-0.309918,0.185072,0.1,0.1,0.1
0.783831,0.631367,0.204755,0.1,0.1,0.1
1.113422,0.181042,0.064461,0.1,0.1,0.1
0.699979,0.377142,0.512297,0.1,0.1,0.1
0.669244,-0.063154,0.512297,0.1,0.1,0.1
1.234632,-0.631392,0.664041,0.1,0.1,0.1
0.796920,0.206749,0.185072,0.1,0.1,0.1
0.839175,0.238713,0.204755,0.1,0.1,0.1
1.150467,-0.036135,0.240388,0.1,0.1,0.1
0.770369,-0.402942,0.664041,0.1,0.1,0.1
0.861604,0.678736,0.536564,0.1,0.1,0.1
0.880079,-0.692118,0.378432,0.1,0.1,0.1
1.157859,-0.196528,0.219823,0.1,0.1,0.1
1.050404,0.550488,0.479101,0.1,0.1,0.1
0.736584,0.590925,0.683724,0.1,0.1,0.1
1.131329,-0.040994,0.383907,0.1,0.1,0.1
0.804883,-0.487540,0.204755,0.1,0.1,0.1
0.914695,0.280128,0.512297,0.1,0.1,0.1
0.808730,-0.304358,0.664041,0.1,0.1,0.1
0.892106,0.113016,0.204755,0.1,0.1,0.1
1.243391,-0.639430,0.457412,0.1,0.1,0.1
0.563350,0.372712,0.664041,0.1,0.1,0.1
0.694335,-0.406050,0.512297,0.1,0.1,0.1
0.809892,-0.724058,0.498224,0.1,0.1,0.1
1.075387,-0.044416,0.333175,0.1,0.1,0.1
0.886465,0.273147,0.204755,0.1,0.1,0.1
0.976056,0.678292,0.402201,0.1,0.1,0.1
1.243385,-0.580869,0.417417,0.1,0.1,0.1
1.043188,-0.181374,0.204755,0.1,0.1,0.1
0.740702,0.260530,0.185072,0.1,0.1,0.1
1.076268,0.398859,0.351647,0.1,0.1,0.1
0.934684,0.671235,0.553285,0.1,0.1,0.1
0.779207,-0.709325,0.464701,0.1,0.1,0.1
0.893955,-0.170340,0.664041,0.1,0.1,0.1
1.136225,-0.069699,0.170450,0.1,0.1,0.1
1.080967,-0.427369,0.664041,0.1,0.1,0.1
1.015536,-0.505692,0.664041,0.1,0.1,0.1
0.632721,0.206207,0.204755,0.1,0.1,0.1
1.047356,0.568359,0.272595,0.1,0.1,0.1
0.932859,0.013925,0.204755,0.1,0.1,0.1
0.802591,-0.725303,0.193350,0.1,0.1,0.1
1.017353,-0.668703,0.670231,0.1,0.1,0.1
0.837073,-0.394472,0.664041,0.1,0.1,0.1
1.070791,0.430973,0.231035,0.1,0.1,0.1
0.922361,0.532778,0.512297,0.1,0.1,0.1
0.551113,0.612245,0.204755,0.1,0.1,0.1
1.140671,-0.095763,0.127918,0.1,0.1,0.1
0.741733,-0.728960,0.636240,0.1,0.1,0.1
1.070356,0.057485,0.512297,0.1,0.1,0.1
0.935610,-0.702614,0.269686,0.1,0.1,0.1
1.078054,0.191961,0.512297,0.1,0.1,0.1
1.133491,0.063391,0.229873,0.1,0.1,0.1
0.753349,-0.733703,0.469328,0.1,0.1,0.1
1.111442,-0.050746,0.185072,0.1,0.1,0.1
0.963704,0.696152,0.188890,0.1,0.1,0.1
0.825168,-0.721452,0.666432,0.1,0.1,0.1
0.933663,0.219975,0.185072,0.1,0.1,0.1
0.916264,0.668093,0.324655,0.1,0.1,0.1
1.078641,0.267892,0.303788,0.1,0.1,0.1
0.721753,-0.441335,0.204755,0.1,0.1,0.1
0.616543,0.616968,0.614769,0.1,0.1,0.1
0.680513,-0.111772,0.298765,0.1,0.1,0.1
0.863256,0.091299,0.204755,0.1,0.1,0.1
0.695396,0.454988,0.204755,0.1,0.1,0.1
1.007340,-0.537473,0.512297,0.1,0.1,0.1
0.658404,0.254551,0.512297,0.1,0.1,0.1
1.080517,0.256894,0.027196,0.1,0.1,0.1
1.123699,-0.670530,0.520646,0.1,0.1,0.1
0.580336,0.610792,0.540275,0.1,0.1,0.1
0.962605,-0.678042,0.539366,0.1,0.1,0.1
0.777985,0.644506,0.484170,0.1,0.1,0.1
1.072021,0.146307,0.204755,0.1,0.1,0.1
1.172145,-0.237161,0.664041,0.1,0.1,0.1
1.179880,-0.325629,0.664814,0.1,0.1,0.1
1.223485,-0.581261,0.627600,0.1,0.1,0.1
0.742668,-0.553262,0.204755,0.1,0.1,0.1
0.718380,-0.105313,0.363008,0.1,0.1,0.1
0.829559,-0.524121,0.204755,0.1,0.1,0.1
1.045337,0.234948,0.512297,0.1,0.1,0.1
1.193334,-0.287444,0.139545,0.1,0.1,0.1
1.190726,-0.272154,0.058940,0.1,0.1,0.1
0.994195,0.701353,0.399280,0.1,0.1,0.1
1.056465,-0.570678,0.683724,0.1,0.1,0.1
0.613248,0.636373,0.203658,0.1,0.1,0.1
0.820538,-0.487034,0.683724,0.1,0.1,0.1
1.215717,-0.535721,0.276724,0.1,0.1,0.1
1.043917,0.035725,0.664041,0.1,0.1,0.1
0.657820,0.510299,0.683724,0.1,0.1,0.1
1.234672,-0.651601,0.595895,0.1,0.1,0.1
0.958881,0.321500,0.664041,0.1,0.1,0.1
0.633077,0.501427,0.683724,0.1,0.1,0.1
0.808941,-0.089865,0.208913,0.1,0.1,0.1
0.743359,0.138676,0.185072,0.1,0.1,0.1
0.768224,0.166830,0.664041,0.1,0.1,0.1
0.777108,0.538426,0.204755,0.1,0.1,0.1
0.767746,-0.028944,0.512297,0.1,0.1,0.1
0.717436,0.300724,0.185072,0.1,0.1,0.1
0.945798,-0.346485,0.185072,0.1,0.1,0.1
0.832301,-0.421829,0.683724,0.1,0.1,0.1
0.846706,-0.697811,0.249108,0.1,0.1,0.1
0.862918,0.079080,0.204755,0.1,0.1,0.1
1.224065,-0.584662,0.016309,0.1,0.1,0.1
0.628522,0.364040,0.683724,0.1,0.1,0.1
0.922634,-0.704827,0.637539,0.1,0.1,0.1
0.833489,-0.319647,0.204755,0.1,0.1,0.1
1.237364,-0.641158,0.161865,0.1,0.1,0.1
1.114268,-0.611345,0.683724,0.1,0.1,0.1
1.112621,0.068679,0.148028,0.1,0.1,0.1
1.184059,-0.350129,0.330394,0.1,0.1,0.1
1.007965,0.682227,0.123001,0.1,0.1,0.1
0.810390,0.585064,0.664041,0.1,0.1,0.1
1.073869,0.295864,0.103378,0.1,0.1,0.1
0.905061,0.686149,0.670269,0.1,0.1,0.1
1.204604,-0.353512,0.127878,0.1,0.1,0.1
1.096208,0.281964,0.301115,0.1,0.1,0.1
0.931350,0.358549,0.204755,0.1,0.1,0.1
1.225361,-0.592261,0.609594,0.1,0.1,0.1
0.806315,0.635390,0.512297,0.1,0.1,0.1
0.810567,-0.124383,0.512297,0.1,0.1,0.1
0.722388,0.635022,0.678518,0.1,0.1,0.1
1.006526,0.410638,0.683724,0.1,0.1,0.1
1.122857,-0.219973,0.512297,0.1,0.1,0.1
1.227610,-0.605444,0.049908,0.1,0.1,0.1
0.835935,0.340636,0.512297,0.1,0.1,0.1
0.938426,-0.141226,0.512297,0.1,0.1,0.1
1.052947,-0.561597,0.664041,0.1,0.1,0.1
1.210180,-0.386204,0.462919,0.1,0.1,0.1
0.819118,-0.712501,0.678766,0.1,0.1,0.1
1.068507,0.444360,0.243854,0.1,0.1,0.1
0.677569,0.461547,0.664041,0.1,0.1,0.1
1.042759,0.167740,0.185072,0.1,0.1,0.1
0.984350,-0.694300,0.349398,0.1,0.1,0.1
1.105968,-0.638828,0.512297,0.1,0.1,0.1
1.054064,0.427127,0.512297,0.1,0.1,0.1
1.072341,-0.662826,0.683724,0.1,0.1,0.1
0.884919,-0.147582,0.204755,0.1,0.1,0.1
1.124690,-0.670361,0.664162,0.1,0.1,0.1
1.206906,-0.484068,0.221552,0.1,0.1,0.1
0.854216,-0.154380,0.664041,0.1,0.1,0.1
1.094501,0.291970,0.168850,0.1,0.1,0.1
0.566083,0.628328,0.633052,0.1,0.1,0.1
1.015716,0.695317,0.592365,0.1,0.1,0.1
1.012044,0.279844,0.204755,0.1,0.1,0.1
0.554494,0.626351,0.572170,0.1,0.1,0.1
1.037808,0.624336,0.480939,0.1,0.1,0.1
1.186538,-0.639844,0.348864,0.1,0.1,0.1
1.009426,0.673664,0.493949,0.1,0.1,0.1
0.980589,-0.694941,0.472918,0.1,0.1,0.1
1.001947,0.076154,0.185072,0.1,0.1,0.1
1.002630,0.682824,0.306061,0.1,0.1,0.1
1.045127,0.581427,0.341953,0.1,0.1,0.1
0.674277,0.510209,0.683724,0.1,0.1,0.1
1.147441,-0.018395,0.567913,0.1,0.1,0.1
0.911578,-0.072358,0.504425,0.1,0.1,0.1
1.009761,0.671702,0.387247,0.1,0.1,0.1
0.624810,0.381495,0.512297,0.1,0.1,0.1
0.834812,-0.317655,0.512297,0.1,0.1,0.1
0.922786,-0.452181,0.512297,0.1,0.1,0.1
0.811027,-0.498072,0.512297,0.1,0.1,0.1
0.845256,-0.550669,0.512297,0.1,0.1,0.1
1.046239,-0.683743,0.563091,0.1,0.1,0.1
0.953577,0.348661,0.683724,0.1,0.1,0.1
0.898433,-0.447100,0.204755,0.1,0.1,0.1
0.590111,0.436967,0.185072,0.1,0.1,0.1
1.040384,-0.392072,0.512297,0.1,0.1,0.1
1.166891,-0.249481,0.598907,0.1,0.1,0.1
1.093382,0.298530,0.559311,0.1,0.1,0.1
1.200064,-0.657504,0.279201,0.1,0.1,0.1
1.180860,-0.541646,0.664041,0.1,0.1,0.1
1.167437,-0.135618,0.559575,0.1,0.1,0.1
0.766407,-0.263538,0.185072,0.1,0.1,0.1
0.583514,0.198603,0.666410,0.1,0.1,0.1
0.765423,-0.629190,0.185072,0.1,0.1,0.1
1.056789,0.395998,0.477583,0.1,0.1,0.1
1.196736,-0.492741,0.664041,0.1,0.1,0.1
1.187262,-0.424778,0.512297,0.1,0.1,0.1
0.925554,-0.704329,0.316056,0.1,0.1,0.1
1.046351,0.488207,0.512297,0.1,0.1,0.1
0.904112,-0.073632,0.306456,0.1,0.1,0.1
0.796960,-0.599421,0.185072,0.1,0.1,0.1
1.035662,-0.556537,0.512297,0.1,0.1,0.1
0.564796,0.628108,0.336750,0.1,0.1,0.1
0.993471,-0.058389,0.457357,0.1,0.1,0.1
1.200472,-0.446346,0.173882,0.1,0.1,0.1
0.652946,0.643145,0.611054,0.1,0.1,0.1
0.695876,-0.109151,0.192098,0.1,0.1,0.1
0.788043,0.113588,0.664041,0.1,0.1,0.1
0.948926,-0.345261,0.512297,0.1,0.1,0.1
0.715034,0.421365,0.204755,0.1,0.1,0.1
1.069982,0.342493,0.000000,0.1,0.1,0.1
1.018296,0.504511,0.204755,0.1,0.1,0.1
1.005068,0.627631,0.683724,0.1,0.1,0.1
1.104575,-0.653825,0.635525,0.1,0.1,0.1
1.093902,0.295478,0.106870,0.1,0.1,0.1
0.760437,0.037584,0.683724,0.1,0.1,0.1
0.714253,0.633635,0.576940,0.1,0.1,0.1
1.137746,-0.489802,0.512297,0.1,0.1,0.1
0.676977,-0.003804,0.512297,0.1,0.1,0.1
0.688481,0.450548,0.512297,0.1,0.1,0.1
0.676981,-0.094559,0.204755,0.1,0.1,0.1
0.827247,-0.486363,0.664041,0.1,0.1,0.1
0.911898,0.538008,0.664041,0.1,0.1,0.1
0.693673,-0.109527,0.631094,0.1,0.1,0.1
0.795724,-0.092120,0.481921,0.1,0.1,0.1
0.732374,-0.310267,0.664041,0.1,0.1,0.1
0.998206,0.579181,0.683724,0.1,0.1,0.1
0.789239,-0.707614,0.493161,0.1,0.1,0.1
0.641433,-0.118438,0.358761,0.1,0.1,0.1
1.189937,-0.384587,0.203493,0.1,0.1,0.1
0.846686,-0.013864,0.204755,0.1,0.1,0.1
0.852412,-0.716805,0.490094,0.1,0.1,0.1
1.077949,-0.165859,0.512297,0.1,0.1,0.1
0.518028,0.620131,0.316915,0.1,0.1,0.1
0.660224,0.644386,0.653700,0.1,0.1,0.1
0.906323,-0.268796,0.664041,0.1,0.1,0.1
1.035025,0.422463,0.683724,0.1,0.1,0.1
1.205874,-0.496773,0.512297,0.1,0.1,0.1
0.930039,0.412728,0.683724,0.1,0.1,0.1
0.678501,0.186272,0.683724,0.1,0.1,0.1
1.077813,-0.413265,0.512297,0.1,0.1,0.1
0.996591,0.487563,0.204755,0.1,0.1,0.1
0.857562,0.678047,0.568384,0.1,0.1,0.1
0.862971,0.629510,0.512297,0.1,0.1,0.1
0.901915,0.067748,0.185072,0.1,0.1,0.1
1.052402,-0.083966,0.512297,0.1,0.1,0.1
0.915695,-0.117138,0.204755,0.1,0.1,0.1
1.011559,0.135186,0.683724,0.1,0.1,0.1
0.978746,-0.675288,0.233218,0.1,0.1,0.1
0.835383,-0.719710,0.245369,0.1,0.1,0.1
0.809495,0.474830,0.185072,0.1,0.1,0.1
0.937890,-0.067870,0.214488,0.1,0.1,0.1
0.963048,-0.697934,0.589996,0.1,0.1,0.1
0.767646,-0.096909,0.629002,0.1,0.1,0.1
0.740744,-0.723167,0.417393,0.1,0.1,0.1
0.744473,0.081787,0.512297,0.1,0.1,0.1
1.058624,0.502299,0.324680,0.1,0.1,0.1
1.028458,0.679146,0.494782,0.1,0.1,0.1
0.808995,0.249549,0.664041,0.1,0.1,0.1
0.925659,0.101207,0.664041,0.1,0.1,0.1
1.025596,-0.687264,0.617860,0.1,0.1,0.1
0.905430,-0.579934,0.683724,0.1,0.1,0.1
0.937229,-0.681284,0.185072,0.1,0.1,0.1
1.088342,-0.042206,0.305790,0.1,0.1,0.1
0.758292,-0.098505,0.523970,0.1,0.1,0.1
0.630371,0.619326,0.232364,0.1,0.1,0.1
0.823285,-0.214356,0.683724,0.1,0.1,0.1
1.134402,-0.387948,0.512297,0.1,0.1,0.1
1.095545,0.168789,0.242160,0.1,0.1,0.1
0.888716,-0.609025,0.185072,0.1,0.1,0.1
0.802476,-0.192311,0.664041,0.1,0.1,0.1
0.848794,-0.385216,0.185072,0.1,0.1,0.1
1.125700,-0.035834,0.474754,0.1,0.1,0.1
1.079811,0.261031,0.034037,0.1,0.1,0.1
1.053801,0.413517,0.288171,0.1,0.1,0.1
1.130878,-0.038350,0.369462,0.1,0.1,0.1
0.964516,-0.160335,0.683724,0.1,0.1,0.1
0.640042,0.548302,0.204755,0.1,0.1,0.1
1.112217,0.071048,0.265501,0.1,0.1,0.1
1.020025,0.611525,0.177268,0.1,0.1,0.1
1.096280,0.281540,0.334892,0.1,0.1,0.1
1.090489,-0.676195,0.402769,0.1,0.1,0.1
0.897791,0.668173,0.185072,0.1,0.1,0.1
1.054640,0.049245,0.204755,0.1,0.1,0.1
0.948288,0.693523,0.269788,0.1,0.1,0.1
0.684612,0.338417,0.185072,0.1,0.1,0.1
0.594174,0.456603,0.512297,0.1,0.1,0.1
0.833411,0.269995,0.185072,0.1,0.1,0.1
0.908180,-0.425566,0.664041,0.1,0.1,0.1
0.952273,-0.699772,0.528669,0.1,0.1,0.1
0.896001,-0.075015,0.305096,0.1,0.1,0.1
1.030639,-0.438275,0.204755,0.1,0.1,0.1
0.984800,0.699751,0.540770,0.1,0.1,0.1
0.785732,0.574688,0.512297,0.1,0.1,0.1
1.107601,-0.142431,0.512297,0.1,0.1,0.1
0.516442,0.599893,0.286811,0.1,0.1,0.1
1.148408,-0.024064,0.093546,0.1,0.1,0.1
1.084783,0.348941,0.289590,0.1,0.1,0.1
0.939028,-0.702031,0.225018,0.1,0.1,0.1
1.081147,-0.043434,0.612433,0.1,0.1,0.1
0.776662,0.583826,0.185072,0.1,0.1,0.1
0.898103,0.684962,0.497383,0.1,0.1,0.1
0.760609,-0.196920,0.512297,0.1,0.1,0.1
0.997349,-0.120827,0.664041,0.1,0.1,0.1
0.597258,0.620369,0.185072,0.1,0.1,0.1
1.055979,0.400746,0.630543,0.1,0.1,0.1
0.757782,-0.098592,0.321035,0.1,0.1,0.1
0.575870,0.610030,0.617713,0.1,0.1,0.1
1.157529,-0.194596,0.313165,0.1,0.1,0.1
1.246413,-0.598618,0.465217,0.1,0.1,0.1
1.050570,-0.340695,0.664041,0.1,0.1,0.1
1.188722,-0.377465,0.502008,0.1,0.1,0.1
0.652655,-0.116524,0.272106,0.1,0.1,0.1
0.839917,0.482364,0.204755,0.1,0.1,0.1
0.889918,-0.206292,0.512297,0.1,0.1,0.1
0.841032,-0.039370,0.664041,0.1,0.1,0.1
1.033838,0.629728,0.673882,0.1,0.1,0.1
1.073183,-0.179320,0.185072,0.1,0.1,0.1
0.824729,0.652479,0.490282,0.1,0.1,0.1
0.781009,0.593585,0.204755,0.1,0.1,0.1
0.963064,-0.063492,0.204755,0.1,0.1,0.1
0.821181,0.651874,0.627086,0.1,0.1,0.1
1.193066,-0.402930,0.009023,0.1,0.1,0.1
0.776557,0.632942,0.512297,0.1,0.1,0.1
1.028590,0.310456,0.683724,0.1,0.1,0.1
1.249498,-0.616708,0.061915,0.1,0.1,0.1
0.696387,0.413616,0.512297,0.1,0.1,0.1
1.252977,-0.637102,0.539846,0.1,0.1,0.1
0.683084,-0.111333,0.328287,0.1,0.1,0.1
0.717980,0.032090,0.185072,0.1,0.1,0.1
1.022183,-0.160624,0.512297,0.1,0.1,0.1
0.750200,-0.566935,0.512297,0.1,0.1,0.1
0.993100,-0.058452,0.672383,0.1,0.1,0.1
0.743357,-0.200039,0.664041,0.1,0.1,0.1
0.541710,0.446089,0.664041,0.1,0.1,0.1
1.246968,-0.601873,0.216286,0.1,0.1,0.1
0.774423,-0.730108,0.217592,0.1,0.1,0.1
1.102255,0.129454,0.645216,0.1,0.1,0.1
0.938310,0.627218,0.664041,0.1,0.1,0.1
1.230355,-0.504479,0.479261,0.1,0.1,0.1
1.231988,-0.631111,0.631706,0.1,0.1,0.1
0.946040,0.673172,0.547733,0.1,0.1,0.1
1.068136,-0.045653,0.486888,0.1,0.1,0.1
0.682308,-0.111466,0.658062,0.1,0.1,0.1
0.785627,-0.093842,0.234475,0.1,0.1,0.1
0.750547,0.483547,0.683724,0.1,0.1,0.1
0.830484,0.170627,0.512297,0.1,0.1,0.1
0.653262,0.170958,0.512297,0.1,0.1,0.1
0.839636,-0.168412,0.512297,0.1,0.1,0.1
0.987071,-0.693836,0.416487,0.1,0.1,0.1
1.119050,-0.465873,0.204755,0.1,0.1,0.1
1.095818,0.167191,0.280685,0.1,0.1,0.1
1.056842,-0.661967,0.324312,0.1,0.1,0.1
1.029992,0.127896,0.512297,0.1,0.1,0.1
1.115909,0.049403,0.590959,0.1,0.1,0.1
0.563996,0.516913,0.512297,0.1,0.1,0.1
0.927872,-0.474908,0.664041,0.1,0.1,0.1
0.690635,-0.429400,0.191581,0.1,0.1,0.1
0.550886,0.434655,0.512297,0.1,0.1,0.1
1.010386,-0.558692,0.683724,0.1,0.1,0.1
0.902044,-0.073984,0.255492,0.1,0.1,0.1
0.829657,0.603103,0.204755,0.1,0.1,0.1
1.070662,0.431726,0.000685,0.1,0.1,0.1
1.180379,-0.211494,0.402651,0.1,0.1,0.1
0.575893,0.630001,0.207856,0.1,0.1,0.1
0.864094,0.663926,0.204755,0.1,0.1,0.1
1.241644,-0.650412,0.674653,0.1,0.1,0.1
0.818431,-0.722601,0.553145,0.1,0.1,0.1
1.011339,0.417865,0.683724,0.1,0.1,0.1
0.673940,-0.060339,0.204755,0.1,0.1,0.1
0.634287,0.614958,0.664041,0.1,0.1,0.1
1.046360,0.481885,0.664041,0.1,0.1,0.1
0.842879,0.361745,0.204755,0.1,0.1,0.1
0.961147,-0.678290,0.550333,0.1,0.1,0.1
0.591737,0.285579,0.204755,0.1,0.1,0.1
1.177619,-0.312373,0.085576,0.1,0.1,0.1
1.106581,-0.039095,0.502401,0.1,0.1,0.1
1.111818,0.190449,0.331822,0.1,0.1,0.1
1.067813,-0.660096,0.254541,0.1,0.1,0.1
0.704295,0.193685,0.185072,0.1,0.1,0.1
0.916968,0.379358,0.512297,0.1,0.1,0.1
1.209936,-0.635853,0.632644,0.1,0.1,0.1
1.155594,-0.108064,0.000000,0.1,0.1,0.1
0.741923,-0.101297,0.307987,0.1,0.1,0.1
0.643021,0.641452,0.402498,0.1,0.1,0.1
1.116997,0.160087,0.488943,0.1,0.1,0.1
0.791542,0.419494,0.664041,0.1,0.1,0.1
0.829244,0.042039,0.512297,0.1,0.1,0.1
0.986924,0.215000,0.204755,0.1,0.1,0.1
0.821289,-0.247237,0.204755,0.1,0.1,0.1
0.997036,-0.353025,0.512297,0.1,0.1,0.1
1.070835,0.430712,0.637054,0.1,0.1,0.1
0.671822,-0.135112,0.664041,0.1,0.1,0.1
0.964410,0.632465,0.185072,0.1,0.1,0.1
0.667171,0.457462,0.512297,0.1,0.1,0.1
0.835782,0.445463,0.683724,0.1,0.1,0.1
1.103995,0.119251,0.070353,0.1,0.1,0.1
0.905647,0.686249,0.469550,0.1,0.1,0.1
0.628966,0.523890,0.204755,0.1,0.1,0.1
1.215214,-0.458145,0.673882,0.1,0.1,0.1
1.038532,-0.225770,0.683724,0.1,0.1,0.1
0.888447,-0.301300,0.204755,0.1,0.1,0.1
0.917599,-0.477184,0.204755,0.1,0.1,0.1
1.088544,0.326892,0.250949,0.1,0.1,0.1
0.847858,0.676392,0.597445,0.1,0.1,0.1
0.551888,0.623007,0.185072,0.1,0.1,0.1
0.888637,0.157283,0.185072,0.1,0.1,0.1
1.026511,-0.236824,0.512297,0.1,0.1,0.1
1.207306,-0.486415,0.095504,0.1,0.1,0.1
0.789336,-0.707597,0.408284,0.1,0.1,0.1
0.637086,0.640439,0.360150,0.1,0.1,0.1
0.823377,-0.109993,0.185072,0.1,0.1,0.1
1.199650,-0.324471,0.470144,0.1,0.1,0.1
1.169745,-0.271708,0.664041,0.1,0.1,0.1
0.552558,0.537797,0.512297,0.1,0.1,0.1
0.826196,0.112640,0.512297,0.1,0.1,0.1
1.201466,-0.657265,0.552408,0.1,0.1,0.1
1.131651,-0.034819,0.624360,0.1,0.1,0.1
1.219818,-0.559764,0.266661,0.1,0.1,0.1
0.778577,-0.709432,0.463753,0.1,0.1,0.1
0.812633,-0.700784,0.664041,0.1,0.1,0.1
0.923672,-0.541122,0.512297,0.1,0.1,0.1
0.941856,0.692425,0.413232,0.1,0.1,0.1
1.219418,-0.557421,0.251040,0.1,0.1,0.1
0.938349,0.434968,0.664041,0.1,0.1,0.1
0.751650,-0.099638,0.488842,0.1,0.1,0.1
0.696809,0.576923,0.683724,0.1,0.1,0.1
0.683750,0.625171,0.512297,0.1,0.1,0.1
1.076956,-0.658536,0.451909,0.1,0.1,0.1
1.149365,-0.154461,0.664041,0.1,0.1,0.1
0.616129,0.121306,0.204755,0.1,0.1,0.1
0.797989,0.647918,0.450476,0.1,0.1,0.1
1.060944,-0.046880,0.566240,0.1,0.1,0.1
0.816837,0.461879,0.664041,0.1,0.1,0.1
1.216418,-0.422773,0.493818,0.1,0.1,0.1
1.173418,-0.287745,0.452879,0.1,0.1,0.1
0.911864,0.155084,0.664041,0.1,0.1,0.1
0.635277,0.640131,0.338295,0.1,0.1,0.1
1.177502,-0.661353,0.638653,0.1,0.1,0.1
1.082269,0.246617,0.654628,0.1,0.1,0.1
1.092360,0.304519,0.128595,0.1,0.1,0.1
0.983945,0.699605,0.345621,0.1,0.1,0.1
1.054752,0.170571,0.185072,0.1,0.1,0.1
0.792219,0.646934,0.232245,0.1,0.1,0.1
0.911943,-0.678371,0.185072,0.1,0.1,0.1
0.687145,-0.122543,0.664041,0.1,0.1,0.1
0.622154,0.197165,0.185072,0.1,0.1,0.1
1.145124,-0.121870,0.195424,0.1,0.1,0.1
0.951986,-0.699820,0.360921,0.1,0.1,0.1
0.851292,-0.082641,0.387411,0.1,0.1,0.1
0.685185,-0.110975,0.428975,0.1,0.1,0.1
0.720075,0.569165,0.204755,0.1,0.1,0.1
0.982174,0.431081,0.204755,0.1,0.1,0.1
1.109936,-0.672878,0.272705,0.1,0.1,0.1
1.155712,-0.066881,0.162985,0.1,0.1,0.1
1.245613,-0.639751,0.212434,0.1,0.1,0.1
1.066055,0.458737,0.629219,0.1,0.1,0.1
0.564996,0.628143,0.659728,0.1,0.1,0.1
0.667717,0.226481,0.204755,0.1,0.1,0.1
0.959715,-0.278367,0.512297,0.1,0.1,0.1
1.117290,-0.037269,0.193557,0.1,0.1,0.1
1.003506,-0.452466,0.512297,0.1,0.1,0.1
1.195865,-0.419340,0.292908,0.1,0.1,0.1
0.992962,0.470784,0.683724,0.1,0.1,0.1
0.992599,0.101955,0.512297,0.1,0.1,0.1
0.913182,0.667567,0.381669,0.1,0.1,0.1
0.916748,0.381868,0.512297,0.1,0.1,0.1
0.550639,0.391330,0.194666,0.1,0.1,0.1
0.618244,0.500124,0.664041,0.1,0.1,0.1
0.917976,-0.695638,0.198799,0.1,0.1,0.1
0.962450,0.695938,0.678495,0.1,0.1,0.1
0.841940,-0.698624,0.591841,0.1,0.1,0.1
0.890473,0.607220,0.683724,0.1,0.1,0.1
1.091129,0.219844,0.673882,0.1,0.1,0.1
0.856394,-0.672938,0.512297,0.1,0.1,0.1
0.818339,0.204518,0.512297,0.1,0.1,0.1
1.024956,-0.682529,0.185072,0.1,0.1,0.1
1.014388,0.644577,0.601302,0.1,0.1,0.1
1.034842,0.641722,0.140210,0.1,0.1,0.1
1.114743,0.056242,0.032569,0.1,0.1,0.1
1.137060,0.042466,0.210381,0.1,0.1,0.1
1.087725,0.020383,0.664041,0.1,0.1,0.1
0.672531,-0.060639,0.185072,0.1,0.1,0.1
0.877354,-0.040355,0.512297,0.1,0.1,0.1
1.106698,0.220461,0.312279,0.1,0.1,0.1
1.115779,-0.661022,0.683724,0.1,0.1,0.1
1.055841,0.401557,0.102381,0.1,0.1,0.1
1.186630,-0.659796,0.368431,0.1,0.1,0.1
0.965820,-0.449504,0.512297,0.1,0.1,0.1
1.081024,0.370978,0.237788,0.1,0.1,0.1
1.018976,-0.054039,0.655479,0.1,0.1,0.1
0.941858,0.408263,0.185072,0.1,0.1,0.1
0.796579,0.256998,0.204755,0.1,0.1,0.1
0.690754,-0.110025,0.472064,0.1,0.1,0.1
0.737620,0.105266,0.683724,0.1,0.1,0.1
1.092155,-0.041556,0.572511,0.1,0.1,0.1
1.041655,0.601779,0.667952,0.1,0.1,0.1
1.175058,-0.641803,0.486507,0.1,0.1,0.1
1.038216,0.559355,0.204755,0.1,0.1,0.1
0.686881,0.648933,0.265735,0.1,0.1,0.1
0.930206,-0.703535,0.639840,0.1,0.1,0.1
0.900032,-0.684704,0.204755,0.1,0.1,0.1
0.565612,0.608280,0.493488,0.1,0.1,0.1
1.065127,-0.046166,0.288548,0.1,0.1,0.1
0.762414,0.600084,0.512297,0.1,0.1,0.1
0.762341,-0.097814,0.563114,0.1,0.1,0.1
0.713968,0.592708,0.185072,0.1,0.1,0.1
0.643734,-0.154440,0.674435,0.1,0.1,0.1
0.971032,-0.062217,0.657864,0.1,0.1,0.1
0.557661,0.412491,0.512297,0.1,0.1,0.1
1.174427,-0.176599,0.300725,0.1,0.1,0.1
0.854974,-0.432887,0.204755,0.1,0.1,0.1
0.969356,-0.696857,0.429506,0.1,0.1,0.1
0.704301,0.404806,0.185072,0.1,0.1,0.1
1.110567,-0.652803,0.570966,0.1,0.1,0.1
1.125121,-0.670288,0.649931,0.1,0.1,0.1
0.741760,-0.627473,0.683724,0.1,0.1,0.1
0.964924,0.238183,0.683724,0.1,0.1,0.1
1.012419,0.158173,0.664041,0.1,0.1,0.1
1.098469,0.151647,0.517180,0.1,0.1,0.1
0.648636,0.622442,0.232081,0.1,0.1,0.1
0.693526,0.094547,0.185072,0.1,0.1,0.1
1.017608,0.638969,0.000000,0.1,0.1,0.1
0.774833,0.570843,0.664041,0.1,0.1,0.1
1.189553,-0.659298,0.459928,0.1,0.1,0.1
1.026400,-0.052772,0.504389,0.1,0.1,0.1
1.095077,-0.655445,0.351824,0.1,0.1,0.1
0.793078,0.094426,0.512297,0.1,0.1,0.1
0.703183,0.436939,0.512297,0.1,0.1,0.1
0.812907,0.085482,0.683724,0.1,0.1,0.1
1.190393,-0.427015,0.512297,0.1,0.1,0.1
0.916704,-0.180718,0.204755,0.1,0.1,0.1
1.154057,-0.057182,0.522609,0.1,0.1,0.1
1.065331,-0.046132,0.633422,0.1,0.1,0.1
0.808194,-0.667762,0.512297,0.1,0.1,0.1
0.877104,-0.692626,0.204576,0.1,0.1,0.1
0.821765,0.614036,0.512297,0.1,0.1,0.1
0.827511,0.418126,0.683724,0.1,0.1,0.1
0.805100,-0.056465,0.512297,0.1,0.1,0.1
0.999315,0.667335,0.185072,0.1,0.1,0.1
0.936723,0.691550,0.627881,0.1,0.1,0.1
1.040348,-0.017768,0.683724,0.1,0.1,0.1
1.113228,-0.334639,0.204755,0.1,0.1,0.1
1.112114,-0.128214,0.185072,0.1,0.1,0.1
1.032784,0.536729,0.390296,0.1,0.1,0.1
0.742546,-0.733728,0.677619,0.1,0.1,0.1
0.967147,-0.062879,0.465153,0.1,0.1,0.1
0.746897,0.168081,0.664041,0.1,0.1,0.1
0.592125,0.632770,0.481552,0.1,0.1,0.1
0.972842,-0.398450,0.664041,0.1,0.1,0.1
1.100171,-0.021851,0.512297,0.1,0.1,0.1
1.034595,0.643172,0.576766,0.1,0.1,0.1
1.226105,-0.479562,0.085960,0.1,0.1,0.1
0.753983,0.484291,0.204755,0.1,0.1,0.1
0.682786,0.239538,0.512297,0.1,0.1,0.1
1.043359,-0.351811,0.204755,0.1,0.1,0.1
1.020453,0.609020,0.305860,0.1,0.1,0.1
0.712472,-0.173637,0.664041,0.1,0.1,0.1
0.663309,0.346110,0.185072,0.1,0.1,0.1
0.912721,0.191422,0.512297,0.1,0.1,0.1
0.967716,0.696836,0.277833,0.1,0.1,0.1
1.122945,-0.251209,0.683724,0.1,0.1,0.1
1.187922,-0.255716,0.320554,0.1,0.1,0.1
0.907151,0.086196,0.512297,0.1,0.1,0.1
1.115409,0.169393,0.429317,0.1,0.1,0.1
0.875322,0.661109,0.388002,0.1,0.1,0.1
0.674609,0.229176,0.664041,0.1,0.1,0.1
0.772617,-0.681601,0.683724,0.1,0.1,0.1
0.776503,0.578935,0.512297,0.1,0.1,0.1
1.077693,0.273447,0.408924,0.1,0.1,0.1
1.016739,-0.517809,0.683724,0.1,0.1,0.1
1.020305,-0.569296,0.204755,0.1,0.1,0.1
1.251927,-0.630948,0.261277,0.1,0.1,0.1
0.962217,-0.327148,0.664041,0.1,0.1,0.1
1.126022,-0.670134,0.465473,0.1,0.1,0.1
0.863885,-0.257139,0.185072,0.1,0.1,0.1
0.688069,0.059097,0.683724,0.1,0.1,0.1
0.800254,-0.435756,0.204755,0.1,0.1,0.1
0.823969,0.592918,0.204755,0.1,0.1,0.1
0.846846,0.359330,0.204755,0.1,0.1,0.1
0.886525,0.645411,0.664041,0.1,0.1,0.1
0.877353,-0.418163,0.512297,0.1,0.1,0.1
0.644817,0.079025,0.185072,0.1,0.1,0.1
0.712232,-0.070561,0.683724,0.1,0.1,0.1
1.183348,-0.228899,0.667872,0.1,0.1,0.1
0.632376,0.639636,0.492932,0.1,0.1,0.1
0.947513,-0.700583,0.354959,0.1,0.1,0.1
1.160843,-0.096961,0.377258,0.1,0.1,0.1
1.093522,-0.397243,0.664041,0.1,0.1,0.1
1.179712,-0.207585,0.644648,0.1,0.1,0.1
0.951692,-0.380181,0.683724,0.1,0.1,0.1
0.893720,-0.075404,0.570812,0.1,0.1,0.1
1.130514,-0.044435,0.512297,0.1,0.1,0.1
1.013363,0.650582,0.238664,0.1,0.1,0.1
0.707152,0.319039,0.512297,0.1,0.1,0.1
1.147796,-0.308001,0.664041,0.1,0.1,0.1
1.063339,0.474660,0.633943,0.1,0.1,0.1
1.032132,0.657610,0.557122,0.1,0.1,0.1
1.137303,0.041039,0.084562,0.1,0.1,0.1
0.951844,-0.679877,0.376547,0.1,0.1,0.1
0.955057,0.136915,0.512297,0.1,0.1,0.1
1.058999,0.500101,0.664973,0.1,0.1,0.1
1.222493,-0.575447,0.483378,0.1,0.1,0.1
0.780874,0.644998,0.385033,0.1,0.1,0.1
0.715544,0.653822,0.585134,0.1,0.1,0.1
0.969686,-0.289171,0.683724,0.1,0.1,0.1
1.068524,-0.045587,0.375801,0.1,0.1,0.1
0.749647,-0.125886,0.185072,0.1,0.1,0.1
1.022962,0.652836,0.197319,0.1,0.1,0.1
1.019159,0.675133,0.200408,0.1,0.1,0.1
0.738734,-0.543628,0.204755,0.1,0.1,0.1
0.819888,-0.061583,0.512297,0.1,0.1,0.1
0.648489,0.488105,0.204755,0.1,0.1,0.1
0.745076,-0.095085,0.683724,0.1,0.1,0.1
1.162924,-0.226225,0.607584,0.1,0.1,0.1
1.033226,0.651194,0.575307,0.1,0.1,0.1
0.717906,0.117831,0.512297,0.1,0.1,0.1
0.826932,0.485330,0.683724,0.1,0.1,0.1
0.956860,-0.698989,0.338067,0.1,0.1,0.1
0.729514,-0.533413,0.683724,0.1,0.1,0.1
1.114269,-0.018324,0.683724,0.1,0.1,0.1
1.014711,0.642679,0.448817,0.1,0.1,0.1
0.774252,-0.095782,0.333080,0.1,0.1,0.1
0.713252,0.269292,0.204755,0.1,0.1,0.1
1.167665,-0.254014,0.307514,0.1,0.1,0.1
1.075873,0.284116,0.360207,0.1,0.1,0.1
0.751635,-0.733995,0.371303,0.1,0.1,0.1
0.946504,-0.066400,0.435208,0.1,0.1,0.1
0.957348,-0.427245,0.204755,0.1,0.1,0.1
1.031087,-0.307750,0.512297,0.1,0.1,0.1
1.148332,-0.230987,0.185072,0.1,0.1,0.1
1.062241,-0.046659,0.465643,0.1,0.1,0.1
1.007882,-0.259558,0.185072,0.1,0.1,0.1
0.887039,0.461540,0.512297,0.1,0.1,0.1
0.859259,0.215102,0.512297,0.1,0.1,0.1
0.953514,-0.596822,0.185072,0.1,0.1,0.1
0.802517,0.145930,0.664041,0.1,0.1,0.1
0.825259,-0.399976,0.204755,0.1,0.1,0.1
1.175624,-0.300674,0.003332,0.1,0.1,0.1
1.067895,-0.045694,0.624939,0.1,0.1,0.1
0.634561,0.536193,0.185072,0.1,0.1,0.1
0.709256,0.090122,0.185072,0.1,0.1,0.1
1.197934,-0.422168,0.664041,0.1,0.1,0.1
1.013273,0.651111,0.148368,0.1,0.1,0.1
1.253104,-0.637847,0.604308,0.1,0.1,0.1
0.882084,-0.077389,0.601048,0.1,0.1,0.1
0.781196,-0.094598,0.677629,0.1,0.1,0.1
1.064875,0.465653,0.642529,0.1,0.1,0.1
0.923455,-0.070332,0.290659,0.1,0.1,0.1
0.696229,-0.121496,0.664041,0.1,0.1,0.1
0.573366,0.306236,0.683724,0.1,0.1,0.1
0.841171,-0.271272,0.683724,0.1,0.1,0.1
0.798072,-0.446279,0.512297,0.1,0.1,0.1
0.770506,0.654334,0.683724,0.1,0.1,0.1
1.072313,0.422049,0.232868,0.1,0.1,0.1
0.763520,-0.115256,0.683724,0.1,0.1,0.1
0.954430,0.556771,0.185072,0.1,0.1,0.1
0.936546,0.332928,0.512297,0.1,0.1,0.1
0.796798,-0.129585,0.512297,0.1,0.1,0.1
0.964489,-0.063333,0.487103,0.1,0.1,0.1
0.646804,0.479831,0.512297,0.1,0.1,0.1
1.057568,0.181820,0.204755,0.1,0.1,0.1
1.171102,-0.274169,0.155800,0.1,0.1,0.1
1.190997,-0.639084,0.620638,0.1,0.1,0.1
0.513402,0.609636,0.245788,0.1,0.1,0.1
0.848639,0.676525,0.244738,0.1,0.1,0.1
0.695686,0.593167,0.512297,0.1,0.1,0.1
0.995732,-0.692358,0.639406,0.1,0.1,0.1
0.821384,-0.419036,0.664041,0.1,0.1,0.1
1.174990,-0.179902,0.542649,0.1,0.1,0.1
1.228897,-0.632619,0.244911,0.1,0.1,0.1
0.874273,-0.078721,0.635217,0.1,0.1,0.1
1.115617,0.051116,0.375485,0.1,0.1,0.1
0.894445,-0.689668,0.452767,0.1,0.1,0.1
0.918316,0.051025,0.512297,0.1,0.1,0.1
0.696355,-0.109070,0.351263,0.1,0.1,0.1
0.618296,0.002682,0.204755,0.1,0.1,0.1
1.192742,-0.401030,0.174096,0.1,0.1,0.1
1.128248,-0.022936,0.524816,0.1,0.1,0.1
1.173128,-0.286045,0.524867,0.1,0.1,0.1
1.137998,-0.080092,0.446367,0.1,0.1,0.1
0.947082,-0.066302,0.426300,0.1,0.1,0.1
0.791545,-0.092833,0.480654,0.1,0.1,0.1
1.177950,-0.314315,0.397975,0.1,0.1,0.1
1.011290,0.592372,0.512297,0.1,0.1,0.1
1.036010,0.634873,0.003043,0.1,0.1,0.1
0.814045,-0.264127,0.664041,0.1,0.1,0.1
1.011127,-0.411192,0.185072,0.1,0.1,0.1
0.736952,0.030284,0.512297,0.1,0.1,0.1
1.101937,-0.039888,0.339264,0.1,0.1,0.1
0.759998,0.641437,0.222244,0.1,0.1,0.1
1.125578,0.109778,0.431145,0.1,0.1,0.1
1.011759,-0.055270,0.190854,0.1,0.1,0.1
0.873068,0.222314,0.664041,0.1,0.1,0.1
1.141544,-0.221123,0.512297,0.1,0.1,0.1
1.047144,0.409275,0.683724,0.1,0.1,0.1
0.673468,-0.272813,0.683724,0.1,0.1,0.1
0.770369,-0.730800,0.459204,0.1,0.1,0.1
0.713137,0.213263,0.664041,0.1,0.1,0.1
0.733269,0.307376,0.512297,0.1,0.1,0.1
1.033947,-0.414176,0.683724,0.1,0.1,0.1
1.070105,-0.045317,0.430727,0.1,0.1,0.1
0.863357,0.679035,0.208449,0.1,0.1,0.1
1.101885,0.131620,0.294868,0.1,0.1,0.1
1.069823,0.436643,0.497535,0.1,0.1,0.1
0.688816,0.102777,0.185072,0.1,0.1,0.1
0.775373,0.664028,0.439003,0.1,0.1,0.1
0.935156,0.589368,0.512297,0.1,0.1,0.1
0.651271,0.637527,0.185072,0.1,0.1,0.1
0.881250,0.476410,0.512297,0.1,0.1,0.1
1.080210,0.206428,0.512297,0.1,0.1,0.1
0.880693,-0.241026,0.185072,0.1,0.1,0.1
1.188290,-0.428806,0.204755,0.1,0.1,0.1
0.766626,-0.097083,0.578628,0.1,0.1,0.1
0.856920,-0.553242,0.204755,0.1,0.1,0.1
1.204162,-0.467980,0.383898,0.1,0.1,0.1
0.944527,-0.626223,0.512297,0.1,0.1,0.1
1.141979,-0.137188,0.664041,0.1,0.1,0.1
0.772033,-0.096161,0.533131,0.1,0.1,0.1
1.189640,-0.265785,0.009977,0.1,0.1,0.1
0.671496,0.087150,0.512297,0.1,0.1,0.1
0.898452,-0.688985,0.426304,0.1,0.1,0.1
0.971153,-0.602466,0.683724,0.1,0.1,0.1
0.776873,-0.225578,0.683724,0.1,0.1,0.1
1.025858,0.694390,0.105593,0.1,0.1,0.1
1.137415,0.040385,0.010824,0.1,0.1,0.1
0.689237,0.608769,0.512297,0.1,0.1,0.1
0.792554,-0.341305,0.204755,0.1,0.1,0.1
1.155159,-0.136275,0.512297,0.1,0.1,0.1
1.018293,-0.623788,0.185072,0.1,0.1,0.1
0.631678,0.384360,0.683724,0.1,0.1,0.1
0.932422,0.690816,0.430954,0.1,0.1,0.1
1.199862,-0.442774,0.275443,0.1,0.1,0.1
0.691994,0.016946,0.204755,0.1,0.1,0.1
0.717762,-0.105418,0.388799,0.1,0.1,0.1
0.638072,-0.119011,0.245416,0.1,0.1,0.1
0.974421,0.318590,0.512297,0.1,0.1,0.1
0.683094,0.022212,0.512297,0.1,0.1,0.1
1.242149,-0.573620,0.396532,0.1,0.1,0.1
1.110493,0.198213,0.235188,0.1,0.1,0.1
1.121469,-0.036556,0.397438,0.1,0.1,0.1
1.152497,-0.383889,0.683724,0.1,0.1,0.1
1.219694,-0.589040,0.664041,0.1,0.1,0.1
0.867840,0.168610,0.512297,0.1,0.1,0.1
1.079763,-0.043670,0.677350,0.1,0.1,0.1
1.042743,0.595402,0.663930,0.1,0.1,0.1
0.733206,-0.574853,0.664041,0.1,0.1,0.1
1.090299,-0.277034,0.204755,0.1,0.1,0.1
0.746975,-0.386437,0.664041,0.1,0.1,0.1
0.903313,-0.022270,0.512297,0.1,0.1,0.1
1.176626,-0.306550,0.025727,0.1,0.1,0.1
1.125580,0.109769,0.080265,0.1,0.1,0.1
0.646399,0.008044,0.204755,0.1,0.1,0.1
1.135438,-0.358439,0.204755,0.1,0.1,0.1
1.063658,0.355729,0.266512,0.1,0.1,0.1
1.038179,0.622157,0.577039,0.1,0.1,0.1
0.863944,-0.080483,0.532282,0.1,0.1,0.1
0.822624,0.136137,0.512297,0.1,0.1,0.1
0.886594,-0.002600,0.512297,0.1,0.1,0.1
0.819220,-0.684514,0.664041,0.1,0.1,0.1
0.624164,0.231320,0.683724,0.1,0.1,0.1
0.529636,0.535213,0.664041,0.1,0.1,0.1
0.875659,-0.078485,0.278009,0.1,0.1,0.1
0.792207,0.319393,0.512297,0.1,0.1,0.1
0.828639,0.262291,0.185072,0.1,0.1,0.1
0.593968,0.137315,0.189076,0.1,0.1,0.1
1.158883,-0.085471,0.278075,0.1,0.1,0.1
0.662156,-0.114903,0.259975,0.1,0.1,0.1
1.061871,-0.296522,0.683724,0.1,0.1,0.1
1.087951,0.330369,0.113783,0.1,0.1,0.1
0.828514,0.320864,0.683724,0.1,0.1,0.1
1.125151,0.112283,0.646620,0.1,0.1,0.1
1.104479,0.116411,0.181351,0.1,0.1,0.1
0.817188,-0.710588,0.683724,0.1,0.1,0.1
1.219724,-0.442152,0.263119,0.1,0.1,0.1
0.637680,0.256292,0.664041,0.1,0.1,0.1
0.976676,0.418614,0.512297,0.1,0.1,0.1
0.742577,-0.733908,0.210208,0.1,0.1,0.1
0.958890,0.156856,0.512297,0.1,0.1,0.1
1.222148,-0.573426,0.210472,0.1,0.1,0.1
1.131515,0.074971,0.649925,0.1,0.1,0.1
0.911109,-0.072438,0.376898,0.1,0.1,0.1
1.180004,-0.272551,0.512297,0.1,0.1,0.1
0.964815,-0.470571,0.512297,0.1,0.1,0.1
1.103646,0.220618,0.673882,0.1,0.1,0.1
0.874078,0.003257,0.683724,0.1,0.1,0.1
0.801590,0.575846,0.512297,0.1,0.1,0.1
0.974973,-0.124469,0.512297,0.1,0.1,0.1
0.696118,0.559563,0.185072,0.1,0.1,0.1
1.045419,-0.663916,0.369236,0.1,0.1,0.1
1.169274,-0.146392,0.297990,0.1,0.1,0.1
0.844692,0.655884,0.398312,0.1,0.1,0.1
0.721506,0.634872,0.342370,0.1,0.1,0.1
0.781919,-0.040434,0.512297,0.1,0.1,0.1
1.134726,-0.060910,0.273541,0.1,0.1,0.1
0.813551,-0.330493,0.204755,0.1,0.1,0.1
0.877434,-0.712537,0.266336,0.1,0.1,0.1
0.733714,-0.175082,0.683724,0.1,0.1,0.1
0.801781,0.127191,0.204755,0.1,0.1,0.1
1.051835,-0.682789,0.680528,0.1,0.1,0.1
0.750700,-0.327057,0.204755,0.1,0.1,0.1
0.903152,0.665856,0.580701,0.1,0.1,0.1
0.857574,0.678049,0.457599,0.1,0.1,0.1
1.230434,-0.622003,0.634685,0.1,0.1,0.1
0.962881,-0.437373,0.512297,0.1,0.1,0.1
0.604336,0.097157,0.185072,0.1,0.1,0.1
1.076274,0.398826,0.172791,0.1,0.1,0.1
0.763179,-0.453064,0.512297,0.1,0.1,0.1
1.099823,0.143712,0.273896,0.1,0.1,0.1
1.145849,-0.329344,0.185072,0.1,0.1,0.1
0.764414,0.662158,0.391061,0.1,0.1,0.1
1.252686,-0.635397,0.308339,0.1,0.1,0.1
0.778512,-0.234192,0.512297,0.1,0.1,0.1
1.015252,0.660511,0.673882,0.1,0.1,0.1
1.186917,-0.366885,0.572578,0.1,0.1,0.1
1.139002,-0.556587,0.512297,0.1,0.1,0.1
0.869041,-0.079614,0.615095,0.1,0.1,0.1
0.963032,0.467833,0.512297,0.1,0.1,0.1
0.744672,0.420081,0.512297,0.1,0.1,0.1
0.957316,-0.698911,0.440953,0.1,0.1,0.1
0.728096,0.236600,0.185072,0.1,0.1,0.1
0.746473,-0.500404,0.185072,0.1,0.1,0.1
0.586762,0.460564,0.683724,0.1,0.1,0.1
0.607119,0.207730,0.185072,0.1,0.1,0.1
1.027137,0.686891,0.422004,0.1,0.1,0.1
1.207146,-0.368414,0.594599,0.1,0.1,0.1
1.218931,-0.437504,0.421706,0.1,0.1,0.1
0.957434,-0.122097,0.512297,0.1,0.1,0.1
1.013476,0.017024,0.512297,0.1,0.1,0.1
0.630973,0.452992,0.683724,0.1,0.1,0.1
0.835969,-0.085255,0.185675,0.1,0.1,0.1
1.053975,-0.313573,0.683724,0.1,0.1,0.1
0.577487,0.233935,0.672505,0.1,0.1,0.1
1.083876,0.354257,0.309055,0.1,0.1,0.1
0.976672,-0.675642,0.611212,0.1,0.1,0.1
1.015198,0.698358,0.623484,0.1,0.1,0.1
0.805408,-0.461982,0.185072,0.1,0.1,0.1
0.726978,0.207782,0.664041,0.1,0.1,0.1
0.826697,-0.672859,0.683724,0.1,0.1,0.1
0.724404,-0.387512,0.512297,0.1,0.1,0.1
1.052146,-0.662768,0.526138,0.1,0.1,0.1
1.110092,0.142036,0.677546,0.1,0.1,0.1
0.724996,-0.630843,0.669442,0.1,0.1,0.1
0.942837,0.041478,0.512297,0.1,0.1,0.1
0.830751,0.608343,0.664041,0.1,0.1,0.1
0.680884,-0.175909,0.683724,0.1,0.1,0.1
0.828750,-0.150979,0.204755,0.1,0.1,0.1
1.165423,-0.240874,0.520179,0.1,0.1,0.1
1.121385,0.017299,0.081828,0.1,0.1,0.1
1.125417,0.110726,0.098457,0.1,0.1,0.1
0.793783,0.290270,0.683724,0.1,0.1,0.1
0.922966,0.129414,0.512297,0.1,0.1,0.1
1.242837,-0.640225,0.267934,0.1,0.1,0.1
1.057313,-0.011280,0.185072,0.1,0.1,0.1
1.068466,0.327538,0.194346,0.1,0.1,0.1
0.798226,-0.706081,0.538593,0.1,0.1,0.1
1.062878,0.132339,0.204755,0.1,0.1,0.1
0.831211,0.653585,0.316787,0.1,0.1,0.1
0.760884,-0.237691,0.512297,0.1,0.1,0.1
0.790052,-0.146579,0.512297,0.1,0.1,0.1
1.146645,-0.528147,0.204755,0.1,0.1,0.1
0.795965,-0.581218,0.664041,0.1,0.1,0.1
0.798655,0.092787,0.512297,0.1,0.1,0.1
0.811193,-0.703869,0.200524,0.1,0.1,0.1
0.687737,-0.293598,0.664041,0.1,0.1,0.1
1.143046,-0.207565,0.512297,0.1,0.1,0.1
1.076966,0.328227,0.000000,0.1,0.1,0.1
1.041814,0.450923,0.512297,0.1,0.1,0.1
0.825747,0.662636,0.196724,0.1,0.1,0.1
1.091888,0.190230,0.287301,0.1,0.1,0.1
0.747525,-0.642141,0.512297,0.1,0.1,0.1
1.094018,-0.664717,0.185072,0.1,0.1,0.1
0.870483,-0.079368,0.554670,0.1,0.1,0.1
1.013232,0.504559,0.185072,0.1,0.1,0.1
1.064289,0.352028,0.348050,0.1,0.1,0.1
0.698197,0.650863,0.585677,0.1,0.1,0.1
0.597511,0.633689,0.573844,0.1,0.1,0.1
0.845108,-0.718051,0.202321,0.1,0.1,0.1
1.132141,-0.045757,0.497194,0.1,0.1,0.1
0.754046,-0.733584,0.391896,0.1,0.1,0.1
0.789319,0.638860,0.664041,0.1,0.1,0.1
0.732393,-0.306323,0.204755,0.1,0.1,0.1
0.635633,-0.106948,0.191817,0.1,0.1,0.1
0.723363,-0.329998,0.185072,0.1,0.1,0.1
1.138919,0.031568,0.296167,0.1,0.1,0.1
0.815501,0.126783,0.683724,0.1,0.1,0.1
0.610127,0.061669,0.512297,0.1,0.1,0.1
0.595896,0.127725,0.204755,0.1,0.1,0.1
0.876932,-0.676763,0.512297,0.1,0.1,0.1
0.637315,0.578583,0.185072,0.1,0.1,0.1
1.137878,-0.668112,0.516601,0.1,0.1,0.1
1.044966,-0.221484,0.512297,0.1,0.1,0.1
0.997390,-0.672108,0.321680,0.1,0.1,0.1
0.722822,-0.380632,0.185072,0.1,0.1,0.1
0.653868,0.169191,0.204755,0.1,0.1,0.1
0.825200,0.247240,0.664041,0.1,0.1,0.1
0.656403,0.144722,0.512297,0.1,0.1,0.1
1.136642,-0.261314,0.512297,0.1,0.1,0.1
1.050433,0.433260,0.420771,0.1,0.1,0.1
0.586674,0.611873,0.269853,0.1,0.1,0.1
0.696715,-0.263832,0.512297,0.1,0.1,0.1
1.054781,0.524826,0.014074,0.1,0.1,0.1
1.088760,-0.636760,0.512297,0.1,0.1,0.1
1.096872,-0.039458,0.204755,0.1,0.1,0.1
0.595330,0.613349,0.224655,0.1,0.1,0.1
1.076555,-0.037860,0.664041,0.1,0.1,0.1
0.906116,0.049161,0.204755,0.1,0.1,0.1
0.825290,-0.721431,0.537472,0.1,0.1,0.1
0.736697,-0.096333,0.512297,0.1,0.1,0.1
0.831146,0.673541,0.660301,0.1,0.1,0.1
1.117717,0.097332,0.187899,0.1,0.1,0.1
0.975178,-0.636424,0.512297,0.1,0.1,0.1
0.908389,-0.473237,0.185072,0.1,0.1,0.1
1.141008,0.019318,0.040606,0.1,0.1,0.1
0.887091,0.683084,0.468996,0.1,0.1,0.1
1.115938,0.049233,0.113741,0.1,0.1,0.1
0.966581,-0.270854,0.204755,0.1,0.1,0.1
1.109279,0.088271,0.318763,0.1,0.1,0.1
1.229864,-0.501601,0.253419,0.1,0.1,0.1
0.689683,0.614470,0.204755,0.1,0.1,0.1
0.569945,0.436865,0.512297,0.1,0.1,0.1
0.531621,0.602482,0.235770,0.1,0.1,0.1
1.113834,0.061568,0.618339,0.1,0.1,0.1
0.938025,-0.118408,0.664041,0.1,0.1,0.1
0.698512,0.650917,0.218732,0.1,0.1,0.1
0.992055,0.127037,0.512297,0.1,0.1,0.1
1.101981,0.248120,0.476166,0.1,0.1,0.1
1.056018,-0.662108,0.568905,0.1,0.1,0.1
0.739114,-0.604906,0.664041,0.1,0.1,0.1
1.044511,0.048750,0.664041,0.1,0.1,0.1
0.707055,0.554946,0.204755,0.1,0.1,0.1
1.102977,-0.313008,0.204755,0.1,0.1,0.1
0.597571,0.633699,0.342756,0.1,0.1,0.1
1.096952,0.160539,0.285488,0.1,0.1,0.1
1.091603,0.308961,0.452931,0.1,0.1,0.1
1.177477,-0.194478,0.330985,0.1,0.1,0.1
0.698430,-0.108716,0.674961,0.1,0.1,0.1
0.924341,-0.684569,0.612045,0.1,0.1,0.1
0.909744,-0.062050,0.204755,0.1,0.1,0.1
1.030212,0.225622,0.683724,0.1,0.1,0.1
1.102095,-0.614730,0.664041,0.1,0.1,0.1
1.030901,0.259261,0.683724,0.1,0.1,0.1
1.066885,0.453868,0.437756,0.1,0.1,0.1
1.037272,-0.630376,0.204755,0.1,0.1,0.1
1.044133,0.587254,0.109272,0.1,0.1,0.1
0.912167,-0.010790,0.512297,0.1,0.1,0.1
0.910769,0.202052,0.512297,0.1,0.1,0.1
1.033102,0.534862,0.211394,0.1,0.1,0.1
1.120807,-0.236351,0.683724,0.1,0.1,0.1
0.741222,-0.725967,0.361041,0.1,0.1,0.1
1.044506,0.585064,0.366545,0.1,0.1,0.1
0.631795,0.148326,0.185072,0.1,0.1,0.1
0.960443,0.360839,0.512297,0.1,0.1,0.1
1.199137,-0.321462,0.172026,0.1,0.1,0.1
0.873235,-0.605397,0.185072,0.1,0.1,0.1
0.740858,-0.210639,0.664041,0.1,0.1,0.1
0.576925,0.536570,0.512297,0.1,0.1,0.1
1.074135,0.294304,0.489461,0.1,0.1,0.1
1.188516,-0.376254,0.007655,0.1,0.1,0.1
0.966074,-0.063062,0.355240,0.1,0.1,0.1
1.119164,0.030325,0.297603,0.1,0.1,0.1
0.795747,-0.277230,0.512297,0.1,0.1,0.1
1.094799,0.173161,0.334718,0.1,0.1,0.1
0.583425,0.631286,0.518851,0.1,0.1,0.1
1.055726,-0.372895,0.512297,0.1,0.1,0.1
0.768124,0.026783,0.664041,0.1,0.1,0.1
0.878825,-0.692332,0.379451,0.1,0.1,0.1
0.583294,0.226563,0.512297,0.1,0.1,0.1
1.061042,0.371066,0.156606,0.1,0.1,0.1
0.688091,-0.000068,0.185072,0.1,0.1,0.1
1.002285,-0.100965,0.664041,0.1,0.1,0.1
1.084446,0.061547,0.683724,0.1,0.1,0.1
1.188699,-0.377331,0.594885,0.1,0.1,0.1
0.905887,-0.295259,0.204755,0.1,0.1,0.1
1.054349,-0.048005,0.419282,0.1,0.1,0.1
1.156268,-0.167626,0.512297,0.1,0.1,0.1
1.125584,-0.007313,0.098455,0.1,0.1,0.1
0.967390,0.412342,0.512297,0.1,0.1,0.1
1.171619,-0.160138,0.400370,0.1,0.1,0.1
1.119542,-0.364471,0.204755,0.1,0.1,0.1
0.747708,-0.734665,0.649282,0.1,0.1,0.1
0.548645,0.526556,0.683724,0.1,0.1,0.1
1.107498,0.215776,0.616629,0.1,0.1,0.1
1.120232,0.141122,0.043764,0.1,0.1,0.1
1.152424,-0.645663,0.665740,0.1,0.1,0.1
0.990540,-0.573365,0.185072,0.1,0.1,0.1
0.740291,0.658043,0.496679,0.1,0.1,0.1
0.867892,-0.681459,0.204755,0.1,0.1,0.1
0.847722,-0.324188,0.683724,0.1,0.1,0.1
0.671043,0.646232,0.194347,0.1,0.1,0.1
1.188187,-0.659530,0.602617,0.1,0.1,0.1
1.036614,0.292169,0.512297,0.1,0.1,0.1
1.014675,0.694863,0.443452,0.1,0.1,0.1
0.797591,0.642431,0.664041,0.1,0.1,0.1
1.078629,0.267963,0.451469,0.1,0.1,0.1
1.037278,0.627443,0.037444,0.1,0.1,0.1
0.878626,-0.077979,0.461982,0.1,0.1,0.1
0.818332,0.024397,0.664041,0.1,0.1,0.1
0.912007,-0.536955,0.512297,0.1,0.1,0.1
1.031640,-0.556001,0.683724,0.1,0.1,0.1
0.978416,0.149091,0.664041,0.1,0.1,0.1
0.723119,-0.357610,0.185072,0.1,0.1,0.1
0.884505,0.005641,0.204755,0.1,0.1,0.1
1.210257,-0.570232,0.512297,0.1,0.1,0.1
0.804503,-0.272701,0.683724,0.1,0.1,0.1
1.112647,-0.308270,0.683724,0.1,0.1,0.1
0.576212,0.524873,0.512297,0.1,0.1,0.1
0.732289,0.656678,0.422892,0.1,0.1,0.1
0.792997,-0.419064,0.664041,0.1,0.1,0.1
0.549661,0.625527,0.505952,0.1,0.1,0.1
0.893959,-0.620146,0.512297,0.1,0.1,0.1
1.139078,-0.647940,0.329494,0.1,0.1,0.1
1.067177,0.301955,0.512297,0.1,0.1,0.1
0.826902,0.476992,0.512297,0.1,0.1,0.1
1.191891,-0.638931,0.331116,0.1,0.1,0.1
1.080145,0.376134,0.517210,0.1,0.1,0.1
0.849110,-0.430264,0.204755,0.1,0.1,0.1
0.682001,0.114534,0.204755,0.1,0.1,0.1
1.080627,-0.677877,0.670104,0.1,0.1,0.1
0.953492,0.684427,0.198212,0.1,0.1,0.1
1.027326,0.568727,0.267832,0.1,0.1,0.1
0.669516,0.366411,0.204755,0.1,0.1,0.1
0.930528,-0.683513,0.327101,0.1,0.1,0.1
0.982385,-0.674668,0.247256,0.1,0.1,0.1
0.968975,0.677084,0.255218,0.1,0.1,0.1
0.906869,-0.073161,0.530567,0.1,0.1,0.1
1.239837,-0.650720,0.419143,0.1,0.1,0.1
1.120411,-0.671091,0.371946,0.1,0.1,0.1
1.010243,0.033057,0.185072,0.1,0.1,0.1
1.005307,-0.137175,0.185072,0.1,0.1,0.1
0.971475,0.677510,0.373585,0.1,0.1,0.1
1.043266,0.475276,0.453663,0.1,0.1,0.1
1.009403,0.673799,0.597858,0.1,0.1,0.1
0.648891,0.391085,0.512297,0.1,0.1,0.1
1.101044,-0.674395,0.496747,0.1,0.1,0.1
0.552150,0.625951,0.225311,0.1,0.1,0.1
1.157142,-0.133794,0.677298,0.1,0.1,0.1
1.216190,-0.479966,0.668362,0.1,0.1,0.1
1.129126,-0.442738,0.185072,0.1,0.1,0.1
0.723486,0.004005,0.185072,0.1,0.1,0.1
1.075692,0.343710,0.199621,0.1,0.1,0.1
0.988537,-0.059231,0.481492,0.1,0.1,0.1
1.018327,0.143679,0.185072,0.1,0.1,0.1
0.847613,0.645982,0.512297,0.1,0.1,0.1
0.695288,0.459776,0.512297,0.1,0.1,0.1
0.689764,0.034319,0.185072,0.1,0.1,0.1
0.825186,0.047002,0.185072,0.1,0.1,0.1
0.617907,0.362885,0.512297,0.1,0.1,0.1
1.166525,-0.241346,0.673882,0.1,0.1,0.1
0.654749,-0.116863,0.185072,0.1,0.1,0.1
0.773343,0.663681,0.384143,0.1,0.1,0.1
0.662500,0.120464,0.204755,0.1,0.1,0.1
1.191931,-0.279217,0.091779,0.1,0.1,0.1
1.196828,-0.307924,0.187870,0.1,0.1,0.1
1.030926,-0.432165,0.683724,0.1,0.1,0.1
1.098532,0.268335,0.511406,0.1,0.1,0.1
1.082350,-0.373904,0.664041,0.1,0.1,0.1
1.062920,0.360055,0.329866,0.1,0.1,0.1
0.713571,0.420364,0.664041,0.1,0.1,0.1
0.958260,-0.401026,0.185072,0.1,0.1,0.1
0.850457,-0.717139,0.408568,0.1,0.1,0.1
0.750616,0.199989,0.512297,0.1,0.1,0.1
1.128816,0.032267,0.193704,0.1,0.1,0.1
1.076110,-0.044293,0.244955,0.1,0.1,0.1
1.051277,0.545370,0.458107,0.1,0.1,0.1
1.123538,0.121741,0.263537,0.1,0.1,0.1
1.224913,-0.472576,0.365205,0.1,0.1,0.1
0.804857,-0.137127,0.185072,0.1,0.1,0.1
0.973540,-0.469963,0.204755,0.1,0.1,0.1
0.702916,-0.107950,0.212703,0.1,0.1,0.1
0.971580,-0.649454,0.185072,0.1,0.1,0.1
0.843996,0.655766,0.375292,0.1,0.1,0.1
1.177731,-0.195967,0.487574,0.1,0.1,0.1
1.100474,0.178447,0.664041,0.1,0.1,0.1
0.932830,0.566192,0.664041,0.1,0.1,0.1
0.538257,0.623582,0.662042,0.1,0.1,0.1
0.829183,-0.523146,0.683724,0.1,0.1,0.1
0.797545,-0.041633,0.185072,0.1,0.1,0.1
1.049807,0.553990,0.324839,0.1,0.1,0.1
0.624412,0.618310,0.603910,0.1,0.1,0.1
0.856520,-0.114583,0.683724,0.1,0.1,0.1
1.048176,-0.080235,0.204755,0.1,0.1,0.1
0.701964,0.329603,0.512297,0.1,0.1,0.1
0.577476,0.564245,0.683724,0.1,0.1,0.1
0.780295,0.180884,0.664041,0.1,0.1,0.1
1.195236,-0.599743,0.512297,0.1,0.1,0.1
0.793727,-0.092460,0.387433,0.1,0.1,0.1
0.881716,-0.077452,0.280454,0.1,0.1,0.1
1.122017,0.130654,0.031310,0.1,0.1,0.1
0.829417,0.518622,0.185072,0.1,0.1,0.1
1.227277,-0.603494,0.615386,0.1,0.1,0.1
1.090632,-0.652113,0.683724,0.1,0.1,0.1
0.888658,-0.076268,0.609849,0.1,0.1,0.1
1.012545,0.655379,0.652444,0.1,0.1,0.1
0.722426,0.315798,0.683724,0.1,0.1,0.1
0.899363,0.158977,0.664041,0.1,0.1,0.1
0.970728,0.686151,0.664041,0.1,0.1,0.1
0.761521,-0.287946,0.512297,0.1,0.1,0.1
0.997927,0.566022,0.683724,0.1,0.1,0.1
0.957823,0.675182,0.293377,0.1,0.1,0.1
1.236422,-0.641319,0.637906,0.1,0.1,0.1
0.648994,-0.179584,0.664041,0.1,0.1,0.1
0.897211,-0.709164,0.253128,0.1,0.1,0.1
0.914591,-0.448225,0.683724,0.1,0.1,0.1
1.007524,-0.055992,0.246544,0.1,0.1,0.1
1.248553,-0.611165,0.147645,0.1,0.1,0.1
1.028569,-0.052402,0.540301,0.1,0.1,0.1
0.934371,0.105422,0.683724,0.1,0.1,0.1
1.029438,-0.587231,0.185072,0.1,0.1,0.1
1.189193,-0.263165,0.033586,0.1,0.1,0.1
0.766273,0.642508,0.501557,0.1,0.1,0.1
1.198834,-0.381749,0.683724,0.1,0.1,0.1
0.736211,0.246820,0.185072,0.1,0.1,0.1
0.701278,0.191331,0.204755,0.1,0.1,0.1
0.698435,-0.423786,0.204755,0.1,0.1,0.1
0.927676,-0.542977,0.204755,0.1,0.1,0.1
0.948044,0.673513,0.596210,0.1,0.1,0.1
1.210418,-0.504657,0.058313,0.1,0.1,0.1
1.066907,0.453742,0.488330,0.1,0.1,0.1
0.947212,0.693339,0.267952,0.1,0.1,0.1
0.846753,-0.053487,0.185072,0.1,0.1,0.1
1.105352,0.228353,0.643482,0.1,0.1,0.1
1.208344,-0.453863,0.664041,0.1,0.1,0.1
0.686698,-0.110717,0.653099,0.1,0.1,0.1
1.025139,-0.665973,0.664041,0.1,0.1,0.1
0.737468,0.252384,0.664041,0.1,0.1,0.1
0.877848,-0.264638,0.512297,0.1,0.1,0.1
0.837841,-0.699323,0.308545,0.1,0.1,0.1
0.903989,-0.294755,0.664041,0.1,0.1,0.1
1.056582,0.130776,0.664041,0.1,0.1,0.1
1.205271,-0.621856,0.512297,0.1,0.1,0.1
1.096435,0.053439,0.683724,0.1,0.1,0.1
1.075870,-0.044334,0.493683,0.1,0.1,0.1
0.752383,0.177340,0.512297,0.1,0.1,0.1
1.015315,-0.389388,0.512297,0.1,0.1,0.1
0.548154,0.443272,0.185072,0.1,0.1,0.1
0.804954,-0.724900,0.294986,0.1,0.1,0.1
0.813248,-0.234025,0.185072,0.1,0.1,0.1
0.878360,-0.548183,0.683724,0.1,0.1,0.1
0.960943,0.674994,0.683724,0.1,0.1,0.1
1.145891,-0.009305,0.167738,0.1,0.1,0.1
1.155490,-0.182638,0.575175,0.1,0.1,0.1
0.926807,-0.069760,0.516425,0.1,0.1,0.1
0.825143,0.203897,0.185072,0.1,0.1,0.1
0.981285,-0.482318,0.512297,0.1,0.1,0.1
0.643535,0.631556,0.192786,0.1,0.1,0.1
0.860439,-0.435800,0.683724,0.1,0.1,0.1
0.637150,0.640450,0.228685,0.1,0.1,0.1
0.910775,-0.706850,0.302964,0.1,0.1,0.1
0.991347,-0.252832,0.512297,0.1,0.1,0.1
1.056183,-0.296685,0.512297,0.1,0.1,0.1
0.666844,-0.148896,0.512297,0.1,0.1,0.1
0.779223,-0.708575,0.512297,0.1,0.1,0.1
1.193479,-0.405352,0.188442,0.1,0.1,0.1
0.692687,0.618784,0.185072,0.1,0.1,0.1
0.606943,0.635298,0.296842,0.1,0.1,0.1
0.923297,-0.673392,0.664041,0.1,0.1,0.1
1.161400,-0.217289,0.100727,0.1,0.1,0.1
0.949221,-0.083089,0.512297,0.1,0.1,0.1
1.081633,0.367405,0.022941,0.1,0.1,0.1
0.779587,0.644779,0.209003,0.1,0.1,0.1
0.833299,-0.187474,0.512297,0.1,0.1,0.1
1.123250,-0.159911,0.512297,0.1,0.1,0.1
0.581649,0.320063,0.512297,0.1,0.1,0.1
0.688599,0.289864,0.185072,0.1,0.1,0.1
1.118578,0.051192,0.000000,0.1,0.1,0.1
1.156292,-0.460353,0.683724,0.1,0.1,0.1
1.062303,-0.661036,0.342255,0.1,0.1,0.1
0.992367,0.681074,0.584726,0.1,0.1,0.1
1.226228,-0.652364,0.683724,0.1,0.1,0.1
0.713865,0.465389,0.185072,0.1,0.1,0.1
1.144815,-0.120055,0.177566,0.1,0.1,0.1
1.240331,-0.640652,0.354109,0.1,0.1,0.1
0.619034,0.154168,0.204755,0.1,0.1,0.1
0.691440,-0.109908,0.671586,0.1,0.1,0.1
0.866125,-0.080111,0.192325,0.1,0.1,0.1
1.007810,0.683138,0.562593,0.1,0.1,0.1
1.066113,0.341335,0.205854,0.1,0.1,0.1
0.926167,-0.358021,0.512297,0.1,0.1,0.1
0.762555,-0.097777,0.326364,0.1,0.1,0.1
0.572351,0.488114,0.664041,0.1,0.1,0.1
1.031407,0.603160,0.512297,0.1,0.1,0.1
1.179637,-0.207141,0.394871,0.1,0.1,0.1
0.866159,-0.588351,0.204755,0.1,0.1,0.1
1.181951,-0.393115,0.204755,0.1,0.1,0.1
0.726142,0.580732,0.512297,0.1,0.1,0.1
1.080487,-0.654164,0.204755,0.1,0.1,0.1
0.837102,0.234944,0.185072,0.1,0.1,0.1
1.016788,-0.688767,0.215533,0.1,0.1,0.1
0.727986,0.278131,0.664041,0.1,0.1,0.1
1.145566,-0.007402,0.235093,0.1,0.1,0.1
0.997878,-0.267639,0.512297,0.1,0.1,0.1
0.783789,0.665463,0.443414,0.1,0.1,0.1
1.159887,-0.091361,0.620134,0.1,0.1,0.1
0.927223,0.205312,0.185072,0.1,0.1,0.1
0.783806,-0.684009,0.683724,0.1,0.1,0.1
0.752617,-0.112513,0.185072,0.1,0.1,0.1
0.800168,0.336439,0.664041,0.1,0.1,0.1
0.690432,0.183660,0.204755,0.1,0.1,0.1
0.994015,-0.672684,0.537276,0.1,0.1,0.1
0.865850,0.229627,0.512297,0.1,0.1,0.1
0.962493,0.695946,0.219528,0.1,0.1,0.1
1.097204,0.120627,0.204755,0.1,0.1,0.1
0.593967,0.567119,0.204755,0.1,0.1,0.1
1.085838,-0.042634,0.508975,0.1,0.1,0.1
1.030336,0.551076,0.577033,0.1,0.1,0.1
0.620068,0.637536,0.334701,0.1,0.1,0.1
0.827762,0.424090,0.512297,0.1,0.1,0.1
0.542908,0.604407,0.308897,0.1,0.1,0.1
1.159882,-0.091327,0.348977,0.1,0.1,0.1
0.528946,0.621993,0.584480,0.1,0.1,0.1
0.712303,0.653269,0.577118,0.1,0.1,0.1
0.969198,0.677122,0.465382,0.1,0.1,0.1
1.112149,0.071450,0.075230,0.1,0.1,0.1
0.984303,-0.674341,0.438006,0.1,0.1,0.1
0.940029,-0.133098,0.683724,0.1,0.1,0.1
0.912830,-0.072144,0.643830,0.1,0.1,0.1
0.937328,-0.431727,0.512297,0.1,0.1,0.1
1.198779,-0.460124,0.512297,0.1,0.1,0.1
0.539807,0.623846,0.211690,0.1,0.1,0.1
0.623335,0.638094,0.635696,0.1,0.1,0.1
1.063968,0.470972,0.368118,0.1,0.1,0.1
1.077301,-0.157764,0.664041,0.1,0.1,0.1
0.664987,0.625231,0.538860,0.1,0.1,0.1
0.845386,0.399279,0.204755,0.1,0.1,0.1
0.736337,-0.102250,0.670821,0.1,0.1,0.1
1.092854,-0.655825,0.251364,0.1,0.1,0.1
0.979865,-0.395728,0.683724,0.1,0.1,0.1
1.112766,-0.561565,0.664041,0.1,0.1,0.1
0.956173,-0.457480,0.204755,0.1,0.1,0.1
0.875310,-0.071899,0.185072,0.1,0.1,0.1
1.093606,0.297215,0.559420,0.1,0.1,0.1
0.790591,0.430862,0.512297,0.1,0.1,0.1
0.608236,0.597393,0.512297,0.1,0.1,0.1
0.625758,0.638507,0.611580,0.1,0.1,0.1
1.208961,-0.379056,0.043366,0.1,0.1,0.1
0.832729,0.463853,0.204755,0.1,0.1,0.1
0.932307,0.202414,0.664041,0.1,0.1,0.1
0.578330,0.630417,0.245736,0.1,0.1,0.1
1.082176,0.063045,0.664041,0.1,0.1,0.1
1.019473,-0.515325,0.204755,0.1,0.1,0.1
0.876107,-0.692796,0.512767,0.1,0.1,0.1
0.993219,-0.305551,0.664041,0.1,0.1,0.1
1.107458,-0.374229,0.683724,0.1,0.1,0.1
1.040362,0.492303,0.513121,0.1,0.1,0.1
1.230979,-0.625195,0.326099,0.1,0.1,0.1
0.617898,0.573968,0.185072,0.1,0.1,0.1
0.866995,-0.375153,0.664041,0.1,0.1,0.1
1.231767,-0.512756,0.457853,0.1,0.1,0.1
0.610587,0.588773,0.512297,0.1,0.1,0.1
1.166546,-0.247459,0.030870,0.1,0.1,0.1
1.043217,-0.252658,0.512297,0.1,0.1,0.1
1.185100,-0.356229,0.140720,0.1,0.1,0.1
0.857281,0.030340,0.664041,0.1,0.1,0.1
0.821039,0.438460,0.204755,0.1,0.1,0.1
1.123668,0.023692,0.664041,0.1,0.1,0.1
1.242281,-0.632925,0.237326,0.1,0.1,0.1
0.675663,-0.112599,0.391184,0.1,0.1,0.1
0.790630,-0.021105,0.204755,0.1,0.1,0.1
1.032830,0.410230,0.185072,0.1,0.1,0.1
1.068759,0.442883,0.448006,0.1,0.1,0.1
1.202570,-0.341591,0.460378,0.1,0.1,0.1
1.048585,-0.203644,0.664041,0.1,0.1,0.1
0.909056,-0.456362,0.512297,0.1,0.1,0.1
1.029781,0.554332,0.600539,0.1,0.1,0.1
1.116073,0.165501,0.107123,0.1,0.1,0.1
1.244508,-0.645980,0.356241,0.1,0.1,0.1
1.032189,0.540216,0.074371,0.1,0.1,0.1
0.974430,0.163675,0.204755,0.1,0.1,0.1
0.856954,0.657976,0.454229,0.1,0.1,0.1
1.089262,0.322682,0.482472,0.1,0.1,0.1
0.910971,-0.567469,0.204755,0.1,0.1,0.1
0.932164,0.202506,0.204755,0.1,0.1,0.1
1.071194,0.428606,0.494400,0.1,0.1,0.1
0.674684,-0.138744,0.204755,0.1,0.1,0.1
1.043430,-0.135705,0.512297,0.1,0.1,0.1
1.068508,-0.045590,0.250833,0.1,0.1,0.1
0.813733,0.349250,0.683724,0.1,0.1,0.1
0.962604,-0.541367,0.512297,0.1,0.1,0.1
0.642631,0.329695,0.512297,0.1,0.1,0.1
0.785170,-0.093920,0.623560,0.1,0.1,0.1
1.140917,-0.097206,0.000889,0.1,0.1,0.1
0.984348,0.679706,0.537223,0.1,0.1,0.1
1.028275,0.563162,0.326765,0.1,0.1,0.1
0.780771,0.212304,0.185072,0.1,0.1,0.1
0.982809,-0.170795,0.664041,0.1,0.1,0.1
1.105035,0.230212,0.093376,0.1,0.1,0.1
0.944160,-0.126950,0.204755,0.1,0.1,0.1
1.098263,-0.371103,0.683724,0.1,0.1,0.1
0.672697,0.370984,0.185072,0.1,0.1,0.1
1.201898,-0.337647,0.077825,0.1,0.1,0.1
1.098731,-0.021922,0.185072,0.1,0.1,0.1
0.932211,-0.630429,0.185072,0.1,0.1,0.1
0.801165,0.043037,0.683724,0.1,0.1,0.1
0.808581,-0.214087,0.512297,0.1,0.1,0.1
0.999289,-0.057397,0.333102,0.1,0.1,0.1
1.171066,-0.500486,0.683724,0.1,0.1,0.1
1.116648,-0.308665,0.664041,0.1,0.1,0.1
0.735083,0.637188,0.437662,0.1,0.1,0.1
0.994456,0.411923,0.664041,0.1,0.1,0.1
0.581832,0.631014,0.523421,0.1,0.1,0.1
0.783284,-0.515998,0.683724,0.1,0.1,0.1
1.084258,0.234957,0.671336,0.1,0.1,0.1
0.664748,0.148285,0.204755,0.1,0.1,0.1
0.848029,0.584997,0.664041,0.1,0.1,0.1
1.115990,-0.647829,0.204755,0.1,0.1,0.1
1.098202,0.147028,0.512297,0.1,0.1,0.1
0.891320,-0.498866,0.185072,0.1,0.1,0.1
0.822890,0.324069,0.683724,0.1,0.1,0.1
0.648416,-0.176291,0.512297,0.1,0.1,0.1
1.031632,0.258187,0.512297,0.1,0.1,0.1
0.764704,-0.129856,0.683724,0.1,0.1,0.1
0.718265,0.654286,0.342367,0.1,0.1,0.1
0.758414,0.148294,0.664041,0.1,0.1,0.1
1.020267,0.521048,0.512297,0.1,0.1,0.1
1.161661,-0.101756,0.624718,0.1,0.1,0.1
1.074034,0.294896,0.289254,0.1,0.1,0.1
0.733839,-0.007152,0.664041,0.1,0.1,0.1
1.054059,0.529060,0.541189,0.1,0.1,0.1
0.868039,0.529999,0.512297,0.1,0.1,0.1
1.054532,0.409232,0.568079,0.1,0.1,0.1
1.136849,0.043705,0.106222,0.1,0.1,0.1
1.099980,0.142792,0.290094,0.1,0.1,0.1
1.059811,-0.533498,0.664041,0.1,0.1,0.1
0.853541,-0.381964,0.664041,0.1,0.1,0.1
0.935760,-0.553628,0.664041,0.1,0.1,0.1
1.180039,-0.577865,0.204755,0.1,0.1,0.1
1.205004,-0.593214,0.185072,0.1,0.1,0.1
1.075514,-0.044395,0.658563,0.1,0.1,0.1
1.066998,0.336145,0.271487,0.1,0.1,0.1
1.182127,-0.221742,0.639933,0.1,0.1,0.1
0.702339,-0.429671,0.512297,0.1,0.1,0.1
0.642760,-0.118211,0.420701,0.1,0.1,0.1
0.885790,-0.076757,0.608231,0.1,0.1,0.1
0.794138,0.116018,0.664041,0.1,0.1,0.1
0.768597,-0.642129,0.512297,0.1,0.1,0.1
1.086402,0.222388,0.247538,0.1,0.1,0.1
1.045543,0.461929,0.063991,0.1,0.1,0.1
1.110295,0.199377,0.154480,0.1,0.1,0.1
1.103327,0.240224,0.651740,0.1,0.1,0.1
0.888048,0.349820,0.683724,0.1,0.1,0.1
0.881584,0.682144,0.334860,0.1,0.1,0.1
0.936522,-0.119698,0.204755,0.1,0.1,0.1
1.127923,-0.649843,0.475144,0.1,0.1,0.1
0.963221,-0.440606,0.512297,0.1,0.1,0.1
1.222748,-0.576944,0.573468,0.1,0.1,0.1
0.924201,-0.653633,0.185072,0.1,0.1,0.1
1.085565,0.344355,0.258529,0.1,0.1,0.1
1.082330,0.363320,0.453632,0.1,0.1,0.1
0.968629,0.334563,0.683724,0.1,0.1,0.1
0.778574,0.009512,0.512297,0.1,0.1,0.1
0.901337,-0.708460,0.397923,0.1,0.1,0.1
0.790177,0.646585,0.201659,0.1,0.1,0.1
0.987247,-0.673838,0.285305,0.1,0.1,0.1
1.199813,-0.547790,0.683724,0.1,0.1,0.1
1.161402,-0.271199,0.204755,0.1,0.1,0.1
1.181375,-0.217330,0.234739,0.1,0.1,0.1
1.131033,-0.039260,0.045815,0.1,0.1,0.1
0.577564,0.568918,0.512297,0.1,0.1,0.1
0.941015,0.009304,0.664041,0.1,0.1,0.1
1.177745,-0.313111,0.557682,0.1,0.1,0.1
1.078774,0.384169,0.343791,0.1,0.1,0.1
0.811480,-0.723787,0.337158,0.1,0.1,0.1
0.903855,0.425979,0.512297,0.1,0.1,0.1
0.861270,0.658712,0.573527,0.1,0.1,0.1
1.009368,0.674004,0.230116,0.1,0.1,0.1
1.139797,-0.667785,0.425341,0.1,0.1,0.1
0.717141,-0.584793,0.188634,0.1,0.1,0.1
0.886975,0.250439,0.683724,0.1,0.1,0.1
0.711247,0.000651,0.512297,0.1,0.1,0.1
0.747185,0.639252,0.221673,0.1,0.1,0.1
0.927084,0.614440,0.512297,0.1,0.1,0.1
0.663876,0.435493,0.204755,0.1,0.1,0.1
0.841189,-0.718720,0.401797,0.1,0.1,0.1
0.891464,0.663862,0.668290,0.1,0.1,0.1
1.202670,-0.657060,0.318769,0.1,0.1,0.1
1.095780,0.040919,0.683724,0.1,0.1,0.1
0.861498,0.051543,0.204755,0.1,0.1,0.1
0.676485,0.304818,0.683724,0.1,0.1,0.1
0.756118,0.437227,0.664041,0.1,0.1,0.1
1.108652,0.126332,0.512297,0.1,0.1,0.1
1.092013,0.306552,0.015666,0.1,0.1,0.1
0.705087,0.270513,0.204755,0.1,0.1,0.1
0.741619,-0.470242,0.512297,0.1,0.1,0.1
0.743984,-0.100945,0.329954,0.1,0.1,0.1
0.999377,-0.447670,0.185072,0.1,0.1,0.1
0.797908,0.513900,0.512297,0.1,0.1,0.1
0.695026,0.650322,0.421925,0.1,0.1,0.1
0.924629,0.661078,0.512297,0.1,0.1,0.1
1.090182,0.200229,0.294284,0.1,0.1,0.1
1.039645,-0.346355,0.512297,0.1,0.1,0.1
1.177177,-0.217298,0.000000,0.1,0.1,0.1
0.587003,0.465826,0.185072,0.1,0.1,0.1
0.896242,-0.699345,0.664745,0.1,0.1,0.1
1.083900,0.237058,0.501671,0.1,0.1,0.1
1.034688,-0.642423,0.664041,0.1,0.1,0.1
1.019398,0.411427,0.204755,0.1,0.1,0.1
1.093726,0.296512,0.356776,0.1,0.1,0.1
0.638554,0.220367,0.664041,0.1,0.1,0.1
1.080874,0.254796,0.242416,0.1,0.1,0.1
1.115452,-0.554471,0.664041,0.1,0.1,0.1
0.639241,0.640807,0.205969,0.1,0.1,0.1
0.921165,-0.330577,0.683724,0.1,0.1,0.1
0.719078,0.654425,0.217264,0.1,0.1,0.1
0.984212,0.078696,0.185072,0.1,0.1,0.1
1.134948,-0.062210,0.411251,0.1,0.1,0.1
0.785316,-0.374087,0.512297,0.1,0.1,0.1
1.060911,0.230656,0.204755,0.1,0.1,0.1
0.666622,-0.114141,0.220407,0.1,0.1,0.1
0.835055,-0.679035,0.664041,0.1,0.1,0.1
0.848140,0.676440,0.198736,0.1,0.1,0.1
0.821620,0.374784,0.683724,0.1,0.1,0.1
1.172490,-0.642241,0.198685,0.1,0.1,0.1
0.712288,0.633299,0.399276,0.1,0.1,0.1
1.053119,0.417513,0.542515,0.1,0.1,0.1
0.915587,0.144146,0.204755,0.1,0.1,0.1
1.218161,-0.634450,0.674190,0.1,0.1,0.1
1.070219,0.239596,0.512297,0.1,0.1,0.1
1.018628,-0.546836,0.683724,0.1,0.1,0.1
0.763500,-0.097616,0.458358,0.1,0.1,0.1
0.969844,-0.483338,0.185072,0.1,0.1,0.1
1.015261,0.639459,0.104089,0.1,0.1,0.1
0.768852,-0.096703,0.239278,0.1,0.1,0.1
0.998501,0.524322,0.512297,0.1,0.1,0.1
1.034028,0.165983,0.512297,0.1,0.1,0.1
1.087533,0.332817,0.096641,0.1,0.1,0.1
1.030190,-0.241472,0.664041,0.1,0.1,0.1
0.960192,0.017032,0.664041,0.1,0.1,0.1
0.769177,-0.711036,0.224294,0.1,0.1,0.1
1.126291,-0.011458,0.044134,0.1,0.1,0.1
0.624340,0.618298,0.221123,0.1,0.1,0.1
0.659445,0.624286,0.682544,0.1,0.1,0.1
1.029691,0.554863,0.588671,0.1,0.1,0.1
0.595272,0.153811,0.512297,0.1,0.1,0.1
1.250188,-0.620749,0.216647,0.1,0.1,0.1
1.120872,0.020306,0.654302,0.1,0.1,0.1
0.760227,-0.620090,0.664041,0.1,0.1,0.1
0.655940,0.392051,0.512297,0.1,0.1,0.1
1.053161,0.329883,0.664041,0.1,0.1,0.1
1.058284,0.387235,0.384992,0.1,0.1,0.1
1.135333,-0.034191,0.622296,0.1,0.1,0.1
1.232831,-0.518994,0.183669,0.1,0.1,0.1
0.940117,-0.519322,0.204755,0.1,0.1,0.1
1.190674,-0.271846,0.010687,0.1,0.1,0.1
0.738036,-0.101960,0.375739,0.1,0.1,0.1
1.065070,0.464507,0.137555,0.1,0.1,0.1
1.024297,0.159204,0.683724,0.1,0.1,0.1
0.727505,0.655862,0.375840,0.1,0.1,0.1
0.669676,-0.115632,0.664041,0.1,0.1,0.1
1.041367,0.603470,0.389201,0.1,0.1,0.1
1.091942,0.306969,0.451480,0.1,0.1,0.1
1.215809,-0.419204,0.504547,0.1,0.1,0.1
1.129264,-0.284688,0.664041,0.1,0.1,0.1
0.889609,0.673352,0.512297,0.1,0.1,0.1
1.043623,0.473186,0.015502,0.1,0.1,0.1
0.780891,-0.633928,0.185072,0.1,0.1,0.1
1.054450,0.526768,0.461653,0.1,0.1,0.1
0.976394,-0.148736,0.512297,0.1,0.1,0.1
0.900050,-0.528814,0.664041,0.1,0.1,0.1
0.901980,0.665656,0.295146,0.1,0.1,0.1
1.038263,-0.586389,0.683724,0.1,0.1,0.1
1.172890,-0.598145,0.185072,0.1,0.1,0.1
1.012184,-0.055197,0.599998,0.1,0.1,0.1
0.876165,0.406745,0.664041,0.1,0.1,0.1
0.776565,-0.126560,0.512297,0.1,0.1,0.1
1.102884,0.242824,0.538325,0.1,0.1,0.1
1.188764,-0.377709,0.063942,0.1,0.1,0.1
0.882280,0.551599,0.664041,0.1,0.1,0.1
1.210360,-0.655748,0.283987,0.1,0.1,0.1
1.054405,0.468501,0.198995,0.1,0.1,0.1
0.822178,-0.421142,0.204755,0.1,0.1,0.1
0.881257,0.468035,0.664041,0.1,0.1,0.1
1.033773,0.647988,0.479378,0.1,0.1,0.1
0.966815,-0.087213,0.664041,0.1,0.1,0.1
0.809614,-0.615602,0.512297,0.1,0.1,0.1
0.912184,-0.250355,0.683724,0.1,0.1,0.1
0.990511,0.387526,0.185072,0.1,0.1,0.1
1.200235,-0.327900,0.296506,0.1,0.1,0.1
0.859094,-0.081310,0.442015,0.1,0.1,0.1
0.827109,0.009934,0.204755,0.1,0.1,0.1
1.075315,0.287386,0.496118,0.1,0.1,0.1
1.117911,0.037670,0.410946,0.1,0.1,0.1
1.193786,-0.407153,0.212787,0.1,0.1,0.1
0.866333,-0.070385,0.204755,0.1,0.1,0.1
0.936468,-0.068112,0.483636,0.1,0.1,0.1
0.649987,-0.116979,0.323890,0.1,0.1,0.1
0.643469,-0.118091,0.380316,0.1,0.1,0.1
0.619484,0.023434,0.185072,0.1,0.1,0.1
1.040960,0.488796,0.418919,0.1,0.1,0.1
0.961456,-0.430620,0.664041,0.1,0.1,0.1
0.885619,-0.711141,0.670583,0.1,0.1,0.1
1.040376,0.492218,0.340798,0.1,0.1,0.1
0.758136,0.542477,0.683724,0.1,0.1,0.1
1.024736,-0.388093,0.664041,0.1,0.1,0.1
0.867954,-0.079799,0.507870,0.1,0.1,0.1
1.094921,0.172449,0.358267,0.1,0.1,0.1
0.622446,0.021485,0.664041,0.1,0.1,0.1
0.707438,0.475210,0.185072,0.1,0.1,0.1
0.837485,0.662977,0.683724,0.1,0.1,0.1
0.653430,0.063956,0.512297,0.1,0.1,0.1
0.905777,-0.073347,0.526162,0.1,0.1,0.1
1.161388,-0.217216,0.576338,0.1,0.1,0.1
0.723313,0.066856,0.512297,0.1,0.1,0.1
0.788794,-0.677299,0.683724,0.1,0.1,0.1
0.769179,0.210433,0.664041,0.1,0.1,0.1
0.525568,0.601450,0.657007,0.1,0.1,0.1
0.943786,-0.211787,0.512297,0.1,0.1,0.1
0.879764,-0.412056,0.512297,0.1,0.1,0.1
0.815851,-0.556505,0.512297,0.1,0.1,0.1
0.692070,0.461267,0.683724,0.1,0.1,0.1
1.219608,-0.441477,0.421564,0.1,0.1,0.1
0.681810,0.224922,0.683724,0.1,0.1,0.1
0.638150,-0.118998,0.428739,0.1,0.1,0.1
0.601919,0.144779,0.683724,0.1,0.1,0.1
1.103679,0.179632,0.189255,0.1,0.1,0.1
1.048623,0.380899,0.204755,0.1,0.1,0.1
0.654949,0.379142,0.185072,0.1,0.1,0.1
0.961469,0.067483,0.512297,0.1,0.1,0.1
0.847615,-0.717623,0.625015,0.1,0.1,0.1
0.937624,-0.431023,0.683724,0.1,0.1,0.1
0.969050,-0.660339,0.683724,0.1,0.1,0.1
0.914674,0.667821,0.631945,0.1,0.1,0.1
1.230935,-0.624940,0.022925,0.1,0.1,0.1
0.903473,-0.253704,0.204755,0.1,0.1,0.1
0.877531,-0.712520,0.599733,0.1,0.1,0.1
1.052043,0.423822,0.582105,0.1,0.1,0.1
0.717340,-0.105490,0.467792,0.1,0.1,0.1
0.886727,-0.546015,0.683724,0.1,0.1,0.1
0.838516,0.674798,0.401049,0.1,0.1,0.1
1.155797,-0.184442,0.447007,0.1,0.1,0.1
1.152636,-0.048852,0.346927,0.1,0.1,0.1
0.824332,0.297637,0.512297,0.1,0.1,0.1
1.154280,-0.271041,0.664041,0.1,0.1,0.1
1.010108,0.669668,0.150013,0.1,0.1,0.1
0.642891,0.308061,0.512297,0.1,0.1,0.1
1.143039,-0.513486,0.664041,0.1,0.1,0.1
0.948713,-0.544919,0.512297,0.1,0.1,0.1
0.923784,-0.421012,0.185072,0.1,0.1,0.1
0.921131,0.430257,0.512297,0.1,0.1,0.1
1.056758,0.160500,0.204755,0.1,0.1,0.1
0.730025,-0.551225,0.664041,0.1,0.1,0.1
1.149763,-0.149066,0.260150,0.1,0.1,0.1
1.225911,-0.478426,0.649357,0.1,0.1,0.1
1.019951,-0.053872,0.666249,0.1,0.1,0.1
0.708101,0.273048,0.512297,0.1,0.1,0.1
0.943991,-0.701184,0.378187,0.1,0.1,0.1
1.017450,0.626621,0.084140,0.1,0.1,0.1
1.026077,0.576049,0.522925,0.1,0.1,0.1
0.696117,-0.109110,0.291658,0.1,0.1,0.1
1.013569,-0.358426,0.512297,0.1,0.1,0.1
0.533358,0.543867,0.664041,0.1,0.1,0.1
1.118277,0.035521,0.645213,0.1,0.1,0.1
1.016148,0.634256,0.654188,0.1,0.1,0.1
1.192849,-0.284597,0.173143,0.1,0.1,0.1
0.972170,0.463636,0.512297,0.1,0.1,0.1
1.188952,-0.261750,0.250528,0.1,0.1,0.1
0.922865,-0.519087,0.512297,0.1,0.1,0.1
1.173758,-0.289736,0.217580,0.1,0.1,0.1
1.112569,0.033378,0.512297,0.1,0.1,0.1
0.757018,0.400816,0.512297,0.1,0.1,0.1
0.512087,0.617347,0.551303,0.1,0.1,0.1
1.122358,0.011600,0.471139,0.1,0.1,0.1
0.593667,0.633033,0.611689,0.1,0.1,0.1
0.768838,-0.096706,0.353333,0.1,0.1,0.1
1.226721,-0.483176,0.332346,0.1,0.1,0.1
0.805045,-0.090530,0.474283,0.1,0.1,0.1
1.064635,-0.046250,0.462799,0.1,0.1,0.1
1.214194,-0.655094,0.628359,0.1,0.1,0.1
0.966793,-0.295530,0.683724,0.1,0.1,0.1
1.098102,0.153801,0.005863,0.1,0.1,0.1
1.168606,-0.259533,0.246494,0.1,0.1,0.1
0.915223,0.370731,0.204755,0.1,0.1,0.1
1.150645,-0.186881,0.204755,0.1,0.1,0.1
1.128770,0.091068,0.346830,0.1,0.1,0.1
0.707377,0.614133,0.683724,0.1,0.1,0.1
0.611036,0.593224,0.512297,0.1,0.1,0.1
0.801134,0.648454,0.554042,0.1,0.1,0.1
0.993055,0.040524,0.512297,0.1,0.1,0.1
1.002577,0.682815,0.607208,0.1,0.1,0.1
0.936589,-0.163868,0.204755,0.1,0.1,0.1
1.083494,0.356499,0.010351,0.1,0.1,0.1
1.011069,0.664031,0.016097,0.1,0.1,0.1
0.718899,0.503531,0.512297,0.1,0.1,0.1
1.200990,-0.332329,0.088991,0.1,0.1,0.1
0.657831,0.028498,0.664041,0.1,0.1,0.1
1.194628,-0.412087,0.387160,0.1,0.1,0.1
0.842983,0.182559,0.204755,0.1,0.1,0.1
1.101246,-0.631171,0.683724,0.1,0.1,0.1
0.753763,-0.071773,0.204755,0.1,0.1,0.1
0.737516,-0.290037,0.664041,0.1,0.1,0.1
1.124946,-0.035963,0.601087,0.1,0.1,0.1
1.128291,-0.669747,0.442378,0.1,0.1,0.1
0.923996,-0.704595,0.324680,0.1,0.1,0.1
0.749945,0.424008,0.185072,0.1,0.1,0.1
1.184177,-0.660215,0.185907,0.1,0.1,0.1
0.845712,0.656058,0.340473,0.1,0.1,0.1
1.097020,-0.557707,0.185072,0.1,0.1,0.1
0.941327,-0.067283,0.498758,0.1,0.1,0.1
0.921859,-0.007747,0.512297,0.1,0.1,0.1
0.557878,0.418593,0.664041,0.1,0.1,0.1
0.921699,-0.548386,0.185072,0.1,0.1,0.1
0.741168,-0.101426,0.607299,0.1,0.1,0.1
0.704914,0.105710,0.683724,0.1,0.1,0.1
0.767646,0.488046,0.512297,0.1,0.1,0.1
1.064020,0.470668,0.626938,0.1,0.1,0.1
1.051524,0.426863,0.446726,0.1,0.1,0.1
0.779156,0.386384,0.512297,0.1,0.1,0.1
0.650316,-0.116923,0.647553,0.1,0.1,0.1
0.914045,-0.452056,0.512297,0.1,0.1,0.1
0.717399,-0.105480,0.507410,0.1,0.1,0.1
0.885612,0.453729,0.683724,0.1,0.1,0.1
1.036831,0.328335,0.512297,0.1,0.1,0.1
1.130176,-0.472175,0.185072,0.1,0.1,0.1
0.927379,-0.069663,0.579024,0.1,0.1,0.1
0.917479,-0.185825,0.204755,0.1,0.1,0.1
1.174461,-0.176796,0.229352,0.1,0.1,0.1
1.155995,-0.068541,0.313997,0.1,0.1,0.1
0.683941,-0.351877,0.185072,0.1,0.1,0.1
0.923636,-0.070301,0.253873,0.1,0.1,0.1
1.218270,-0.433633,0.481032,0.1,0.1,0.1
0.683748,-0.111220,0.660583,0.1,0.1,0.1
0.981450,-0.568851,0.512297,0.1,0.1,0.1
1.023743,-0.432736,0.185072,0.1,0.1,0.1
0.596521,0.418717,0.683724,0.1,0.1,0.1
0.740076,-0.719248,0.389031,0.1,0.1,0.1
0.656612,0.295928,0.683724,0.1,0.1,0.1
1.062673,0.361504,0.054265,0.1,0.1,0.1
1.226415,-0.598439,0.549687,0.1,0.1,0.1
0.991376,-0.339447,0.512297,0.1,0.1,0.1
0.750518,-0.297880,0.512297,0.1,0.1,0.1
0.993217,0.648582,0.204755,0.1,0.1,0.1
0.700740,0.631330,0.331618,0.1,0.1,0.1
1.082219,0.363970,0.326603,0.1,0.1,0.1
1.041964,-0.426538,0.683724,0.1,0.1,0.1
1.105775,-0.039233,0.671793,0.1,0.1,0.1
0.835840,0.138590,0.664041,0.1,0.1,0.1
0.789830,0.646526,0.285131,0.1,0.1,0.1
0.792602,0.444327,0.664041,0.1,0.1,0.1
0.959797,-0.654619,0.512297,0.1,0.1,0.1
1.065220,0.312211,0.664041,0.1,0.1,0.1
0.700823,-0.108307,0.285768,0.1,0.1,0.1
0.899721,0.063756,0.512297,0.1,0.1,0.1
1.096431,0.009247,0.512297,0.1,0.1,0.1
1.096354,0.164048,0.571727,0.1,0.1,0.1
1.195243,-0.298634,0.426578,0.1,0.1,0.1
1.089066,-0.313321,0.204755,0.1,0.1,0.1
1.028425,-0.676798,0.671144,0.1,0.1,0.1
0.844409,0.546222,0.512297,0.1,0.1,0.1
1.066216,0.457793,0.453680,0.1,0.1,0.1
0.926139,0.023161,0.512297,0.1,0.1,0.1
0.935183,-0.068332,0.351715,0.1,0.1,0.1
0.677772,-0.353791,0.512297,0.1,0.1,0.1
1.042973,0.162198,0.664041,0.1,0.1,0.1
0.997131,0.613407,0.185072,0.1,0.1,0.1
1.214951,-0.531233,0.542498,0.1,0.1,0.1
1.063665,0.355689,0.192247,0.1,0.1,0.1
0.750567,0.189287,0.512297,0.1,0.1,0.1
1.056575,0.397251,0.350157,0.1,0.1,0.1
1.208631,-0.377119,0.428538,0.1,0.1,0.1
1.088173,-0.509039,0.683724,0.1,0.1,0.1
1.042044,-0.292888,0.185072,0.1,0.1,0.1
0.951296,0.164741,0.683724,0.1,0.1,0.1
0.571850,0.629312,0.244322,0.1,0.1,0.1
1.225292,-0.474799,0.077501,0.1,0.1,0.1
0.895197,-0.387188,0.683724,0.1,0.1,0.1
0.879635,-0.357786,0.185072,0.1,0.1,0.1
0.814277,-0.175360,0.512297,0.1,0.1,0.1
0.811418,-0.634111,0.664041,0.1,0.1,0.1
0.991332,-0.459815,0.512297,0.1,0.1,0.1
0.858212,-0.539110,0.512297,0.1,0.1,0.1
1.119877,-0.184976,0.185072,0.1,0.1,0.1
0.809279,0.123357,0.204755,0.1,0.1,0.1
0.799744,0.265426,0.185072,0.1,0.1,0.1
0.694776,-0.427232,0.683724,0.1,0.1,0.1
0.919405,-0.162528,0.683724,0.1,0.1,0.1
0.784567,-0.635528,0.664041,0.1,0.1,0.1
0.952369,0.344096,0.683724,0.1,0.1,0.1
0.607998,0.135818,0.204755,0.1,0.1,0.1
0.820594,-0.486989,0.512297,0.1,0.1,0.1
0.817439,0.671203,0.392437,0.1,0.1,0.1
0.723612,-0.294939,0.512297,0.1,0.1,0.1
0.654571,-0.195513,0.512297,0.1,0.1,0.1
1.049629,-0.048810,0.340558,0.1,0.1,0.1
1.084732,0.195423,0.204755,0.1,0.1,0.1
0.970085,-0.062378,0.358944,0.1,0.1,0.1
1.161508,-0.366089,0.512297,0.1,0.1,0.1
1.074027,0.075525,0.185072,0.1,0.1,0.1
1.070693,0.431542,0.023031,0.1,0.1,0.1
0.668330,0.266083,0.683724,0.1,0.1,0.1
0.815025,-0.065275,0.683724,0.1,0.1,0.1
0.981558,0.679230,0.457464,0.1,0.1,0.1
0.899022,0.685119,0.409447,0.1,0.1,0.1
1.150709,-0.154614,0.129381,0.1,0.1,0.1
0.522738,0.600967,0.354199,0.1,0.1,0.1
1.035077,0.640345,0.353502,0.1,0.1,0.1
1.192297,-0.281366,0.506467,0.1,0.1,0.1
0.601373,0.588440,0.185072,0.1,0.1,0.1
1.146106,-0.231735,0.664041,0.1,0.1,0.1
0.560773,0.565033,0.683724,0.1,0.1,0.1
0.839863,-0.477834,0.185072,0.1,0.1,0.1
1.176910,-0.191157,0.359899,0.1,0.1,0.1
0.759122,-0.461601,0.512297,0.1,0.1,0.1
0.687114,-0.236808,0.512297,0.1,0.1,0.1
1.231099,-0.652211,0.317525,0.1,0.1,0.1
1.136567,-0.204579,0.664041,0.1,0.1,0.1
1.086863,0.219689,0.626495,0.1,0.1,0.1
1.102934,-0.070333,0.185072,0.1,0.1,0.1
0.825661,-0.721368,0.268180,0.1,0.1,0.1
1.233052,-0.647877,0.185072,0.1,0.1,0.1
1.075785,0.401692,0.500711,0.1,0.1,0.1
1.195513,-0.417276,0.047349,0.1,0.1,0.1
1.115084,-0.070525,0.683724,0.1,0.1,0.1
1.050356,-0.453722,0.512297,0.1,0.1,0.1
1.172129,-0.163125,0.606622,0.1,0.1,0.1
1.043032,-0.684290,0.361033,0.1,0.1,0.1
0.712727,0.160976,0.512297,0.1,0.1,0.1
0.622315,0.637920,0.563486,0.1,0.1,0.1
1.039630,-0.684871,0.502144,0.1,0.1,0.1
0.837062,-0.085069,0.556789,0.1,0.1,0.1
1.038397,0.503822,0.448438,0.1,0.1,0.1
1.190637,-0.659113,0.228129,0.1,0.1,0.1
0.756400,-0.733182,0.338322,0.1,0.1,0.1
0.797690,-0.245545,0.664041,0.1,0.1,0.1
0.871330,-0.546373,0.204755,0.1,0.1,0.1
1.247505,-0.639429,0.282931,0.1,0.1,0.1
0.627413,0.618822,0.227990,0.1,0.1,0.1
0.848562,-0.083107,0.520654,0.1,0.1,0.1
0.821776,0.396671,0.512297,0.1,0.1,0.1
0.891091,-0.488394,0.512297,0.1,0.1,0.1
1.034439,-0.022134,0.683724,0.1,0.1,0.1
1.106282,0.105841,0.260975,0.1,0.1,0.1
0.955105,0.684702,0.682819,0.1,0.1,0.1
1.010184,0.641381,0.512297,0.1,0.1,0.1
0.729747,0.092757,0.664041,0.1,0.1,0.1
0.829680,-0.460109,0.204755,0.1,0.1,0.1
1.205354,-0.416441,0.195386,0.1,0.1,0.1
0.850363,-0.082800,0.526155,0.1,0.1,0.1
0.767574,0.662697,0.351215,0.1,0.1,0.1
1.202633,-0.459016,0.311632,0.1,0.1,0.1
0.767916,-0.190550,0.683724,0.1,0.1,0.1
1.007473,0.076762,0.512297,0.1,0.1,0.1
1.220463,-0.563544,0.326519,0.1,0.1,0.1
1.187972,-0.373070,0.083497,0.1,0.1,0.1
1.182463,-0.223712,0.047204,0.1,0.1,0.1
0.722970,-0.095644,0.512297,0.1,0.1,0.1
1.208668,-0.494398,0.129908,0.1,0.1,0.1
1.202425,-0.340737,0.257393,0.1,0.1,0.1
0.965075,0.631239,0.683724,0.1,0.1,0.1
0.889889,-0.690445,0.584960,0.1,0.1,0.1
1.204132,-0.350743,0.129720,0.1,0.1,0.1
0.856315,0.071273,0.512297,0.1,0.1,0.1
0.934180,0.691116,0.373851,0.1,0.1,0.1
1.135052,-0.062822,0.544386,0.1,0.1,0.1
0.747198,-0.100397,0.622543,0.1,0.1,0.1
1.108507,0.067956,0.512297,0.1,0.1,0.1
0.997547,0.612173,0.512297,0.1,0.1,0.1
0.782792,-0.398542,0.664041,0.1,0.1,0.1
1.078000,0.271645,0.468774,0.1,0.1,0.1
1.062942,-0.343492,0.185072,0.1,0.1,0.1
1.067854,0.448188,0.529016,0.1,0.1,0.1
0.781681,0.519960,0.512297,0.1,0.1,0.1
0.826883,0.410346,0.664041,0.1,0.1,0.1
0.804354,0.668971,0.594156,0.1,0.1,0.1
1.000716,0.230547,0.512297,0.1,0.1,0.1
0.995902,-0.519081,0.683724,0.1,0.1,0.1
1.076831,0.227620,0.185072,0.1,0.1,0.1
1.005416,0.703267,0.307123,0.1,0.1,0.1
1.171303,-0.275347,0.512871,0.1,0.1,0.1
0.840807,0.095846,0.185072,0.1,0.1,0.1
1.101572,0.133454,0.363849,0.1,0.1,0.1
0.975046,-0.516665,0.204755,0.1,0.1,0.1
0.548496,0.448032,0.664041,0.1,0.1,0.1
0.868972,-0.257923,0.185072,0.1,0.1,0.1
1.092116,-0.407272,0.512297,0.1,0.1,0.1
0.792577,0.324241,0.185072,0.1,0.1,0.1
0.885590,0.078806,0.683724,0.1,0.1,0.1
0.703935,0.396332,0.185072,0.1,0.1,0.1
0.639906,0.413232,0.664041,0.1,0.1,0.1
0.601395,0.614384,0.635766,0.1,0.1,0.1
0.951929,-0.679863,0.259228,0.1,0.1,0.1
1.184053,-0.350091,0.460645,0.1,0.1,0.1
1.111379,0.193020,0.130662,0.1,0.1,0.1
1.053400,-0.327917,0.185072,0.1,0.1,0.1
1.023377,0.057182,0.683724,0.1,0.1,0.1
0.978431,-0.241442,0.204755,0.1,0.1,0.1
0.676499,0.642852,0.185072,0.1,0.1,0.1
1.119919,-0.442429,0.512297,0.1,0.1,0.1
0.689762,0.271063,0.204755,0.1,0.1,0.1
0.925322,-0.070014,0.339928,0.1,0.1,0.1
0.840214,-0.206682,0.512297,0.1,0.1,0.1
0.853682,-0.696621,0.410018,0.1,0.1,0.1
0.521649,0.589265,0.204755,0.1,0.1,0.1
1.201399,-0.334727,0.210912,0.1,0.1,0.1
1.175827,-0.646475,0.512297,0.1,0.1,0.1
0.693839,-0.384234,0.683724,0.1,0.1,0.1
0.675131,0.141620,0.664041,0.1,0.1,0.1
1.164803,-0.120181,0.628346,0.1,0.1,0.1
1.018318,0.431766,0.185072,0.1,0.1,0.1
0.968159,0.375527,0.512297,0.1,0.1,0.1
0.813788,0.670580,0.427837,0.1,0.1,0.1
0.786962,0.206818,0.683724,0.1,0.1,0.1
1.011911,-0.055244,0.630670,0.1,0.1,0.1
0.576757,0.554672,0.204755,0.1,0.1,0.1
0.903360,-0.346316,0.512297,0.1,0.1,0.1
0.975032,0.348114,0.204755,0.1,0.1,0.1
0.667687,-0.192702,0.185072,0.1,0.1,0.1
1.150383,-0.152702,0.372673,0.1,0.1,0.1
1.152233,-0.046487,0.202312,0.1,0.1,0.1
0.680365,-0.277856,0.204755,0.1,0.1,0.1
1.043043,0.046547,0.204755,0.1,0.1,0.1
0.784430,-0.001406,0.664041,0.1,0.1,0.1
1.059390,-0.440903,0.683724,0.1,0.1,0.1
0.732745,-0.107704,0.683724,0.1,0.1,0.1
0.812253,-0.723655,0.641225,0.1,0.1,0.1
1.132632,-0.649039,0.625125,0.1,0.1,0.1
1.022954,0.366803,0.204755,0.1,0.1,0.1
1.168246,-0.257421,0.516147,0.1,0.1,0.1
0.916449,-0.071527,0.642711,0.1,0.1,0.1
0.849106,-0.525444,0.185072,0.1,0.1,0.1
1.121692,-0.121180,0.204755,0.1,0.1,0.1
0.576708,0.610173,0.387917,0.1,0.1,0.1
1.113990,0.177715,0.527913,0.1,0.1,0.1
0.757650,-0.098614,0.486246,0.1,0.1,0.1
1.131425,0.075502,0.274533,0.1,0.1,0.1
1.068153,0.329375,0.023250,0.1,0.1,0.1
0.869253,0.680041,0.402362,0.1,0.1,0.1
0.632833,-0.090534,0.191882,0.1,0.1,0.1
1.040987,0.540327,0.664041,0.1,0.1,0.1
0.920997,0.586082,0.512297,0.1,0.1,0.1
0.743980,-0.100946,0.508638,0.1,0.1,0.1
0.799115,-0.009719,0.683724,0.1,0.1,0.1
1.091537,-0.156098,0.512297,0.1,0.1,0.1
0.833935,0.152375,0.683724,0.1,0.1,0.1
0.713220,-0.561805,0.202231,0.1,0.1,0.1
0.688344,0.337786,0.204755,0.1,0.1,0.1
0.653824,0.078598,0.512297,0.1,0.1,0.1
0.512018,0.619106,0.560899,0.1,0.1,0.1
0.840202,-0.084533,0.432728,0.1,0.1,0.1
0.778698,0.664595,0.301357,0.1,0.1,0.1
0.724631,-0.115719,0.512297,0.1,0.1,0.1
0.975164,0.698107,0.462345,0.1,0.1,0.1
0.871000,0.660690,0.664041,0.1,0.1,0.1
1.214115,-0.409270,0.143952,0.1,0.1,0.1
0.581167,0.586779,0.512297,0.1,0.1,0.1
1.167053,-0.250430,0.248731,0.1,0.1,0.1
0.930820,0.625345,0.185072,0.1,0.1,0.1
0.838919,0.508463,0.512297,0.1,0.1,0.1
0.780784,-0.180092,0.185072,0.1,0.1,0.1
0.842690,-0.330313,0.185072,0.1,0.1,0.1
0.799284,0.196901,0.512297,0.1,0.1,0.1
1.032630,0.110619,0.512297,0.1,0.1,0.1
1.004588,-0.056493,0.324522,0.1,0.1,0.1
0.841449,-0.393495,0.185072,0.1,0.1,0.1
0.925447,-0.396661,0.185072,0.1,0.1,0.1
0.902259,-0.688335,0.576381,0.1,0.1,0.1
1.037142,0.628236,0.570609,0.1,0.1,0.1
0.679150,0.068743,0.512297,0.1,0.1,0.1
1.007153,-0.556074,0.512297,0.1,0.1,0.1
0.545543,0.570275,0.683724,0.1,0.1,0.1
0.707212,0.144663,0.683724,0.1,0.1,0.1
1.194138,-0.638548,0.363929,0.1,0.1,0.1
1.226883,-0.484124,0.005101,0.1,0.1,0.1
0.847383,-0.083308,0.200268,0.1,0.1,0.1
0.824144,0.474097,0.683724,0.1,0.1,0.1
1.120212,0.141239,0.192711,0.1,0.1,0.1
1.061489,-0.661175,0.634176,0.1,0.1,0.1
1.030254,-0.649805,0.683724,0.1,0.1,0.1
0.966591,0.696644,0.497539,0.1,0.1,0.1
0.902379,-0.431205,0.204755,0.1,0.1,0.1
1.002014,0.574003,0.683724,0.1,0.1,0.1
0.705974,-0.191213,0.204755,0.1,0.1,0.1
0.635835,0.492550,0.683724,0.1,0.1,0.1
1.109991,-0.038514,0.240620,0.1,0.1,0.1
0.883502,-0.627298,0.683724,0.1,0.1,0.1
1.092746,0.185196,0.569879,0.1,0.1,0.1
1.143913,-0.114769,0.592117,0.1,0.1,0.1
1.167821,-0.137873,0.240504,0.1,0.1,0.1
0.658570,-0.228837,0.664041,0.1,0.1,0.1
1.096971,0.277488,0.250208,0.1,0.1,0.1
0.513417,0.609547,0.626592,0.1,0.1,0.1
0.770991,0.329362,0.512297,0.1,0.1,0.1
0.998876,-0.376272,0.512297,0.1,0.1,0.1
1.035389,0.521454,0.107853,0.1,0.1,0.1
0.758128,-0.144917,0.664041,0.1,0.1,0.1
1.083579,-0.677374,0.328073,0.1,0.1,0.1
0.713003,-0.181535,0.512297,0.1,0.1,0.1
0.897139,0.671996,0.185072,0.1,0.1,0.1
1.035713,0.519559,0.646562,0.1,0.1,0.1
1.070225,0.317227,0.229877,0.1,0.1,0.1
0.595689,0.613411,0.518354,0.1,0.1,0.1
0.847006,0.435573,0.185072,0.1,0.1,0.1
1.136631,-0.033970,0.662915,0.1,0.1,0.1
1.039462,0.370491,0.512297,0.1,0.1,0.1
1.025714,0.157258,0.664041,0.1,0.1,0.1
1.113248,-0.538149,0.664041,0.1,0.1,0.1
1.207419,-0.518560,0.512297,0.1,0.1,0.1
0.843595,0.008419,0.204755,0.1,0.1,0.1
0.951337,-0.679964,0.656726,0.1,0.1,0.1
1.192783,-0.401273,0.398689,0.1,0.1,0.1
0.779255,-0.729284,0.369560,0.1,0.1,0.1
1.050555,0.549607,0.622533,0.1,0.1,0.1
1.236897,-0.542830,0.450894,0.1,0.1,0.1
0.843329,-0.084000,0.494195,0.1,0.1,0.1
1.195098,-0.638384,0.254455,0.1,0.1,0.1
1.150048,-0.150735,0.352209,0.1,0.1,0.1
0.993373,-0.692761,0.577166,0.1,0.1,0.1
1.020288,-0.098413,0.512297,0.1,0.1,0.1
1.016043,-0.501250,0.664041,0.1,0.1,0.1
0.690360,-0.155474,0.185072,0.1,0.1,0.1
1.034383,0.644411,0.122022,0.1,0.1,0.1
1.068169,0.329283,0.336645,0.1,0.1,0.1
0.847241,-0.083332,0.199343,0.1,0.1,0.1
0.917162,-0.685793,0.658055,0.1,0.1,0.1
0.945808,0.666313,0.204755,0.1,0.1,0.1
0.689153,0.410572,0.185072,0.1,0.1,0.1
1.133773,-0.055322,0.279943,0.1,0.1,0.1
0.646130,-0.156541,0.204755,0.1,0.1,0.1
0.907349,-0.342576,0.664041,0.1,0.1,0.1
0.815949,-0.090426,0.683724,0.1,0.1,0.1
1.035620,-0.665587,0.216771,0.1,0.1,0.1
0.868775,0.490084,0.185072,0.1,0.1,0.1
0.953276,-0.023282,0.204755,0.1,0.1,0.1
0.727744,-0.086316,0.185072,0.1,0.1,0.1
0.886247,-0.482717,0.683724,0.1,0.1,0.1
1.062377,0.480295,0.220018,0.1,0.1,0.1
0.944912,0.361195,0.683724,0.1,0.1,0.1
0.818613,-0.104728,0.512297,0.1,0.1,0.1
1.193585,-0.405972,0.112445,0.1,0.1,0.1
0.737856,0.263627,0.683724,0.1,0.1,0.1
0.823004,-0.721822,0.677284,0.1,0.1,0.1
0.778064,0.518327,0.683724,0.1,0.1,0.1
1.064239,-0.660705,0.209288,0.1,0.1,0.1
1.027346,-0.532065,0.512297,0.1,0.1,0.1
0.955918,0.674857,0.427063,0.1,0.1,0.1
1.059361,-0.153824,0.185072,0.1,0.1,0.1
0.957339,-0.678940,0.523342,0.1,0.1,0.1
0.760619,0.468428,0.512297,0.1,0.1,0.1
1.144272,-0.125548,0.204755,0.1,0.1,0.1
0.822179,-0.087607,0.566167,0.1,0.1,0.1
0.875094,0.269870,0.664041,0.1,0.1,0.1
0.692660,0.500160,0.185072,0.1,0.1,0.1
0.898365,-0.708967,0.555718,0.1,0.1,0.1
1.070421,-0.241700,0.512297,0.1,0.1,0.1
1.057494,0.391866,0.114383,0.1,0.1,0.1
0.595789,0.126638,0.194341,0.1,0.1,0.1
1.015081,0.380599,0.512297,0.1,0.1,0.1
0.701800,0.651478,0.373957,0.1,0.1,0.1
0.993447,-0.161637,0.664041,0.1,0.1,0.1
1.113932,-0.037841,0.535090,0.1,0.1,0.1
0.753214,-0.546552,0.185072,0.1,0.1,0.1
0.938156,-0.099291,0.664041,0.1,0.1,0.1
0.756409,-0.098826,0.278501,0.1,0.1,0.1
0.994612,0.029826,0.664041,0.1,0.1,0.1
1.024006,0.696454,0.593108,0.1,0.1,0.1
0.720548,-0.181911,0.185072,0.1,0.1,0.1
1.234131,-0.526619,0.146191,0.1,0.1,0.1
0.628826,0.048112,0.664041,0.1,0.1,0.1
0.756643,0.446216,0.512297,0.1,0.1,0.1
1.108501,0.092835,0.496236,0.1,0.1,0.1
0.896310,-0.430814,0.185072,0.1,0.1,0.1
0.852904,-0.082366,0.525612,0.1,0.1,0.1
1.106494,0.104602,0.282626,0.1,0.1,0.1
1.010925,0.664876,0.366488,0.1,0.1,0.1
1.247559,-0.605337,0.191914,0.1,0.1,0.1
1.046553,-0.403204,0.185072,0.1,0.1,0.1
0.542802,0.570220,0.683724,0.1,0.1,0.1
0.672776,-0.113092,0.653025,0.1,0.1,0.1
1.040233,0.493058,0.585288,0.1,0.1,0.1
1.103232,0.240785,0.101229,0.1,0.1,0.1
1.192425,-0.353158,0.664041,0.1,0.1,0.1
0.695382,-0.291497,0.512297,0.1,0.1,0.1
0.815265,-0.442662,0.185072,0.1,0.1,0.1
0.760344,-0.642885,0.512297,0.1,0.1,0.1
0.809502,-0.190747,0.204755,0.1,0.1,0.1
0.771689,0.015641,0.664041,0.1,0.1,0.1
0.605099,0.225019,0.683724,0.1,0.1,0.1
1.231942,-0.513783,0.485351,0.1,0.1,0.1
0.716154,-0.394075,0.185072,0.1,0.1,0.1
1.138907,-0.667936,0.627978,0.1,0.1,0.1
0.798576,0.004088,0.664041,0.1,0.1,0.1
1.190481,-0.270717,0.337433,0.1,0.1,0.1
1.042274,0.598149,0.419951,0.1,0.1,0.1
0.864084,0.140496,0.512297,0.1,0.1,0.1
1.105424,0.061651,0.185072,0.1,0.1,0.1
0.737933,0.344884,0.204755,0.1,0.1,0.1
0.645488,0.433745,0.512297,0.1,0.1,0.1
1.177538,-0.194841,0.229519,0.1,0.1,0.1
1.169131,-0.351245,0.664041,0.1,0.1,0.1
0.558059,0.606992,0.242171,0.1,0.1,0.1
0.848828,0.676557,0.436068,0.1,0.1,0.1
1.163735,-0.113918,0.087353,0.1,0.1,0.1
0.985339,-0.053366,0.683724,0.1,0.1,0.1
0.839767,-0.084607,0.235387,0.1,0.1,0.1
1.018242,-0.003122,0.185072,0.1,0.1,0.1
0.784421,0.273444,0.683724,0.1,0.1,0.1
1.008992,0.676211,0.012279,0.1,0.1,0.1
0.717091,-0.498029,0.512297,0.1,0.1,0.1
1.127825,0.096605,0.545848,0.1,0.1,0.1
1.112534,0.186252,0.513608,0.1,0.1,0.1
0.979491,0.421206,0.664041,0.1,0.1,0.1
0.823462,0.327803,0.204755,0.1,0.1,0.1
0.929630,-0.005795,0.683724,0.1,0.1,0.1
1.229140,-0.614419,0.069591,0.1,0.1,0.1
1.153963,-0.665368,0.418828,0.1,0.1,0.1
1.168388,-0.515376,0.683724,0.1,0.1,0.1
1.137294,-0.524486,0.185072,0.1,0.1,0.1
0.915608,0.448718,0.683724,0.1,0.1,0.1
1.229654,-0.617427,0.597456,0.1,0.1,0.1
1.007880,0.682726,0.026090,0.1,0.1,0.1
0.710538,-0.546082,0.681674,0.1,0.1,0.1
0.683213,-0.274397,0.683724,0.1,0.1,0.1
1.141275,0.017755,0.267449,0.1,0.1,0.1
0.880926,-0.077586,0.489670,0.1,0.1,0.1
1.004434,-0.056519,0.336810,0.1,0.1,0.1
1.038053,0.008521,0.185072,0.1,0.1,0.1
1.071623,0.086113,0.512297,0.1,0.1,0.1
1.188621,-0.376872,0.608099,0.1,0.1,0.1
0.765396,-0.229826,0.204755,0.1,0.1,0.1
0.917123,-0.685800,0.570524,0.1,0.1,0.1
0.667554,0.353326,0.512297,0.1,0.1,0.1
0.716311,-0.497018,0.664041,0.1,0.1,0.1
1.036614,0.631331,0.308323,0.1,0.1,0.1
0.721690,0.017315,0.683724,0.1,0.1,0.1
1.108595,-0.266767,0.683724,0.1,0.1,0.1
1.142656,-0.107400,0.242097,0.1,0.1,0.1
0.904065,0.685979,0.186683,0.1,0.1,0.1
1.083504,-0.297765,0.512297,0.1,0.1,0.1
0.876168,0.123494,0.683724,0.1,0.1,0.1
1.206099,-0.362276,0.047906,0.1,0.1,0.1
0.856993,0.160923,0.683724,0.1,0.1,0.1
0.817882,-0.381117,0.664041,0.1,0.1,0.1
0.802668,0.648716,0.303608,0.1,0.1,0.1
1.002777,-0.671189,0.339212,0.1,0.1,0.1
0.848377,0.676480,0.585752,0.1,0.1,0.1
1.074907,0.289782,0.539999,0.1,0.1,0.1
0.809869,0.669912,0.255610,0.1,0.1,0.1
0.764769,-0.346319,0.512297,0.1,0.1,0.1
0.746213,-0.060675,0.512297,0.1,0.1,0.1
0.685271,0.565724,0.512297,0.1,0.1,0.1
1.126412,-0.012169,0.291004,0.1,0.1,0.1
0.858418,-0.415324,0.512297,0.1,0.1,0.1
1.076526,0.280288,0.308348,0.1,0.1,0.1
0.798188,0.346805,0.664041,0.1,0.1,0.1
0.711708,0.449740,0.664041,0.1,0.1,0.1
1.125196,-0.005042,0.172313,0.1,0.1,0.1
0.880532,0.490198,0.204755,0.1,0.1,0.1
1.022948,0.377785,0.683724,0.1,0.1,0.1
1.084157,-0.308683,0.185072,0.1,0.1,0.1
1.030559,-0.546853,0.204755,0.1,0.1,0.1
0.976566,-0.404759,0.664041,0.1,0.1,0.1
1.179488,-0.323326,0.042643,0.1,0.1,0.1
1.110608,-0.038408,0.446680,0.1,0.1,0.1
0.930107,-0.683585,0.594389,0.1,0.1,0.1
0.737814,0.210393,0.204755,0.1,0.1,0.1
0.641984,0.464209,0.664041,0.1,0.1,0.1
1.252312,-0.633205,0.043717,0.1,0.1,0.1
1.085090,0.166476,0.185072,0.1,0.1,0.1
1.046599,0.572797,0.064293,0.1,0.1,0.1
1.065195,0.346715,0.178317,0.1,0.1,0.1
1.151086,-0.645892,0.357205,0.1,0.1,0.1
1.011590,0.660975,0.111694,0.1,0.1,0.1
1.024009,0.696455,0.488340,0.1,0.1,0.1
1.087321,-0.656768,0.222634,0.1,0.1,0.1
0.775364,0.574747,0.512297,0.1,0.1,0.1
0.920504,-0.685223,0.586522,0.1,0.1,0.1
0.678713,0.177229,0.185072,0.1,0.1,0.1
1.066961,-0.680209,0.249282,0.1,0.1,0.1
0.776348,-0.019421,0.512297,0.1,0.1,0.1
0.569669,0.568374,0.512297,0.1,0.1,0.1
1.048996,0.441683,0.085310,0.1,0.1,0.1
0.821319,-0.594501,0.512297,0.1,0.1,0.1
0.711634,0.633188,0.471584,0.1,0.1,0.1
1.048605,0.443975,0.453517,0.1,0.1,0.1
0.953529,0.027922,0.512297,0.1,0.1,0.1
0.668476,0.044818,0.204755,0.1,0.1,0.1
1.059163,-0.047184,0.631699,0.1,0.1,0.1
0.716694,-0.324399,0.512297,0.1,0.1,0.1
1.154511,-0.176901,0.022835,0.1,0.1,0.1
1.001036,-0.615364,0.683724,0.1,0.1,0.1
1.111010,-0.642295,0.683724,0.1,0.1,0.1
1.029753,-0.052200,0.290919,0.1,0.1,0.1
0.736039,0.637351,0.619327,0.1,0.1,0.1
0.775223,-0.095617,0.211576,0.1,0.1,0.1
1.023756,0.589653,0.148670,0.1,0.1,0.1
0.945549,-0.442411,0.664041,0.1,0.1,0.1
1.076162,0.399485,0.611114,0.1,0.1,0.1
1.167997,-0.138903,0.554146,0.1,0.1,0.1
0.870879,-0.545492,0.512297,0.1,0.1,0.1
0.528723,0.519817,0.202090,0.1,0.1,0.1
0.892153,-0.481614,0.204755,0.1,0.1,0.1
0.899597,0.504184,0.204755,0.1,0.1,0.1
0.977675,0.698535,0.269244,0.1,0.1,0.1
0.950859,-0.065658,0.556507,0.1,0.1,0.1
0.751320,-0.702302,0.512297,0.1,0.1,0.1
1.010043,-0.630138,0.204755,0.1,0.1,0.1
1.032238,-0.051776,0.480419,0.1,0.1,0.1
1.155366,-0.174989,0.512297,0.1,0.1,0.1
1.235497,-0.641477,0.289987,0.1,0.1,0.1
0.519830,0.600471,0.552086,0.1,0.1,0.1
0.904931,-0.707847,0.484002,0.1,0.1,0.1
0.937400,0.565741,0.185072,0.1,0.1,0.1
0.940487,-0.067427,0.531100,0.1,0.1,0.1
1.061395,0.368994,0.119086,0.1,0.1,0.1
0.879191,-0.692270,0.525645,0.1,0.1,0.1
1.178851,-0.319595,0.142109,0.1,0.1,0.1
0.794235,-0.406536,0.204755,0.1,0.1,0.1
1.108377,0.097646,0.683724,0.1,0.1,0.1
0.750535,-0.402915,0.512297,0.1,0.1,0.1
0.993227,-0.488693,0.204755,0.1,0.1,0.1
0.725849,0.635613,0.600739,0.1,0.1,0.1
0.837054,-0.699458,0.482911,0.1,0.1,0.1
0.848124,-0.024135,0.204755,0.1,0.1,0.1
1.111974,-0.652563,0.628950,0.1,0.1,0.1
0.989240,-0.376342,0.683724,0.1,0.1,0.1
0.716377,-0.580310,0.666954,0.1,0.1,0.1
0.725003,-0.098243,0.664041,0.1,0.1,0.1
1.031782,0.659659,0.511450,0.1,0.1,0.1
0.631607,0.346503,0.664041,0.1,0.1,0.1
0.710833,0.633051,0.363255,0.1,0.1,0.1
1.022421,0.597482,0.397635,0.1,0.1,0.1
0.905559,-0.343796,0.683724,0.1,0.1,0.1
1.115718,0.050522,0.606376,0.1,0.1,0.1
0.985631,0.080602,0.683724,0.1,0.1,0.1
1.029439,-0.061218,0.204755,0.1,0.1,0.1
0.813266,-0.089127,0.336796,0.1,0.1,0.1
1.068627,0.326595,0.461118,0.1,0.1,0.1
0.792207,-0.014064,0.683724,0.1,0.1,0.1
0.811498,-0.395097,0.185072,0.1,0.1,0.1
1.242278,-0.632908,0.472675,0.1,0.1,0.1
1.021491,-0.341661,0.664041,0.1,0.1,0.1
1.067994,0.330310,0.367415,0.1,0.1,0.1
0.923209,-0.684762,0.557742,0.1,0.1,0.1
0.931911,-0.349297,0.683724,0.1,0.1,0.1
0.962750,0.695989,0.675966,0.1,0.1,0.1
1.051923,-0.089250,0.512297,0.1,0.1,0.1
0.876979,-0.386538,0.683724,0.1,0.1,0.1
0.786518,-0.093690,0.627641,0.1,0.1,0.1
1.091964,0.306842,0.386699,0.1,0.1,0.1
1.034506,0.526633,0.622120,0.1,0.1,0.1
1.188742,-0.377581,0.249035,0.1,0.1,0.1
1.136644,0.044902,0.269967,0.1,0.1,0.1
0.879813,0.133984,0.664041,0.1,0.1,0.1
1.228417,-0.493120,0.510482,0.1,0.1,0.1
1.243337,-0.639116,0.381520,0.1,0.1,0.1
1.233227,-0.521319,0.218589,0.1,0.1,0.1
1.148205,-0.134310,0.204755,0.1,0.1,0.1
0.679668,0.327273,0.664041,0.1,0.1,0.1
1.087582,-0.042336,0.606535,0.1,0.1,0.1
1.080132,0.015801,0.185072,0.1,0.1,0.1
0.661625,0.644625,0.353818,0.1,0.1,0.1
0.829075,-0.086431,0.414783,0.1,0.1,0.1
1.024030,0.588048,0.116931,0.1,0.1,0.1
1.004639,-0.501597,0.683724,0.1,0.1,0.1
0.645781,0.572732,0.512297,0.1,0.1,0.1
1.054671,0.525475,0.274521,0.1,0.1,0.1
1.049283,-0.177799,0.204755,0.1,0.1,0.1
0.755191,-0.482630,0.512297,0.1,0.1,0.1
0.930104,-0.039272,0.512297,0.1,0.1,0.1
1.144076,-0.115726,0.417770,0.1,0.1,0.1
1.200032,-0.637543,0.281851,0.1,0.1,0.1
0.544411,0.487678,0.185072,0.1,0.1,0.1
0.938430,0.691841,0.609749,0.1,0.1,0.1
0.676189,0.190784,0.185072,0.1,0.1,0.1
0.535237,0.603099,0.544259,0.1,0.1,0.1
1.031100,0.152005,0.512297,0.1,0.1,0.1
0.739379,-0.167458,0.683724,0.1,0.1,0.1
1.081363,0.368990,0.050329,0.1,0.1,0.1
1.099086,-0.368973,0.512297,0.1,0.1,0.1
0.838603,0.529973,0.512297,0.1,0.1,0.1
0.792872,-0.181064,0.512297,0.1,0.1,0.1
0.678898,-0.083231,0.512297,0.1,0.1,0.1
0.868636,-0.079683,0.677859,0.1,0.1,0.1
1.054838,0.407434,0.523476,0.1,0.1,0.1
0.796304,0.589152,0.683724,0.1,0.1,0.1
0.647106,0.373985,0.683724,0.1,0.1,0.1
0.816291,-0.696120,0.512297,0.1,0.1,0.1
0.755624,-0.082814,0.664041,0.1,0.1,0.1
1.075642,-0.044373,0.502020,0.1,0.1,0.1
1.181849,-0.220112,0.006821,0.1,0.1,0.1
0.817967,0.480212,0.512297,0.1,0.1,0.1
1.068324,-0.035193,0.512297,0.1,0.1,0.1
0.954464,-0.203945,0.512297,0.1,0.1,0.1
1.047262,-0.549804,0.664041,0.1,0.1,0.1
1.009938,-0.430584,0.204755,0.1,0.1,0.1
1.184855,-0.237737,0.117443,0.1,0.1,0.1
0.588771,0.612231,0.675060,0.1,0.1,0.1
1.021099,-0.688031,0.256581,0.1,0.1,0.1
0.731288,-0.103111,0.364056,0.1,0.1,0.1
1.244798,-0.647679,0.652411,0.1,0.1,0.1
0.963345,-0.677915,0.306294,0.1,0.1,0.1
0.746227,0.079957,0.204755,0.1,0.1,0.1
1.104295,-0.039485,0.553656,0.1,0.1,0.1
0.918297,-0.429995,0.683724,0.1,0.1,0.1
1.077408,-0.658459,0.468337,0.1,0.1,0.1
0.671197,-0.218449,0.683724,0.1,0.1,0.1
1.068381,0.350870,0.664041,0.1,0.1,0.1
1.143017,-0.144856,0.204755,0.1,0.1,0.1
1.113581,0.180112,0.485757,0.1,0.1,0.1
1.092758,0.302188,0.662279,0.1,0.1,0.1
0.714286,0.062951,0.664041,0.1,0.1,0.1
1.060234,0.375801,0.122397,0.1,0.1,0.1
1.128088,-0.021994,0.136690,0.1,0.1,0.1
0.796150,0.647604,0.506680,0.1,0.1,0.1
1.092781,0.302053,0.009186,0.1,0.1,0.1
0.545673,0.484525,0.664041,0.1,0.1,0.1
1.129197,-0.117783,0.664041,0.1,0.1,0.1
0.532662,0.496721,0.681241,0.1,0.1,0.1
0.746425,0.267770,0.512297,0.1,0.1,0.1
1.016273,0.681950,0.683724,0.1,0.1,0.1
0.943024,0.484465,0.683724,0.1,0.1,0.1
1.062665,0.361548,0.071283,0.1,0.1,0.1
1.041464,-0.674574,0.197714,0.1,0.1,0.1
0.908066,-0.625670,0.683724,0.1,0.1,0.1
0.967142,-0.233595,0.664041,0.1,0.1,0.1
0.800977,-0.091224,0.365137,0.1,0.1,0.1
0.919561,-0.518832,0.204755,0.1,0.1,0.1
1.073460,0.415325,0.618430,0.1,0.1,0.1
0.807692,-0.090078,0.654402,0.1,0.1,0.1
0.722903,0.454076,0.512297,0.1,0.1,0.1
0.855323,0.651261,0.512297,0.1,0.1,0.1
0.608230,0.068758,0.185072,0.1,0.1,0.1
1.072790,0.419251,0.126333,0.1,0.1,0.1
1.203014,-0.461253,0.655936,0.1,0.1,0.1
1.106850,0.219576,0.172210,0.1,0.1,0.1
0.753568,0.660308,0.349864,0.1,0.1,0.1
0.779182,0.491478,0.512297,0.1,0.1,0.1
0.969450,-0.696842,0.208638,0.1,0.1,0.1
1.246412,-0.598612,0.455571,0.1,0.1,0.1
0.679661,0.627734,0.207845,0.1,0.1,0.1
1.068043,-0.670040,0.199733,0.1,0.1,0.1
0.778845,0.569369,0.204755,0.1,0.1,0.1
0.987837,-0.673738,0.316975,0.1,0.1,0.1
0.989424,-0.352671,0.185072,0.1,0.1,0.1
0.708157,0.463599,0.512297,0.1,0.1,0.1
1.068174,0.329251,0.067996,0.1,0.1,0.1
0.932337,-0.306797,0.664041,0.1,0.1,0.1
0.812960,-0.089180,0.518652,0.1,0.1,0.1
0.913671,-0.140558,0.664041,0.1,0.1,0.1
1.201460,-0.452143,0.164887,0.1,0.1,0.1
1.025520,0.579312,0.093872,0.1,0.1,0.1
1.225290,-0.633234,0.512812,0.1,0.1,0.1
1.084138,0.352721,0.283503,0.1,0.1,0.1
0.838196,0.278223,0.683724,0.1,0.1,0.1
0.581363,0.533116,0.512297,0.1,0.1,0.1
1.013829,-0.054917,0.386601,0.1,0.1,0.1
0.614584,0.636601,0.272057,0.1,0.1,0.1
1.085949,-0.050849,0.512297,0.1,0.1,0.1
1.129353,0.087647,0.328543,0.1,0.1,0.1
0.965811,-0.063107,0.471385,0.1,0.1,0.1
1.146482,-0.523648,0.512297,0.1,0.1,0.1
0.901469,-0.569361,0.512297,0.1,0.1,0.1
1.107370,-0.447116,0.512297,0.1,0.1,0.1
1.229965,-0.502195,0.297863,0.1,0.1,0.1
1.001472,0.099670,0.185072,0.1,0.1,0.1
1.197991,-0.431805,0.518963,0.1,0.1,0.1
1.166003,-0.244273,0.566422,0.1,0.1,0.1
0.824791,-0.437465,0.185072,0.1,0.1,0.1
0.823258,0.406746,0.185072,0.1,0.1,0.1
0.959677,-0.097715,0.512297,0.1,0.1,0.1
1.054131,0.502355,0.673882,0.1,0.1,0.1
0.976438,-0.565630,0.512297,0.1,0.1,0.1
0.890291,-0.690377,0.470019,0.1,0.1,0.1
1.067017,0.336035,0.359674,0.1,0.1,0.1
0.684895,0.022138,0.683724,0.1,0.1,0.1
0.984094,-0.288682,0.512297,0.1,0.1,0.1
0.518488,0.604544,0.185072,0.1,0.1,0.1
0.785276,0.416134,0.683724,0.1,0.1,0.1
0.981969,-0.000710,0.204755,0.1,0.1,0.1
0.967741,-0.106323,0.512297,0.1,0.1,0.1
0.679478,-0.349644,0.664041,0.1,0.1,0.1
1.127186,0.100350,0.492624,0.1,0.1,0.1
0.844896,-0.107493,0.185072,0.1,0.1,0.1
0.598078,0.313696,0.664041,0.1,0.1,0.1
0.894997,0.001927,0.512297,0.1,0.1,0.1
0.711279,0.211254,0.204755,0.1,0.1,0.1
1.047115,0.452712,0.178689,0.1,0.1,0.1
1.069846,-0.073825,0.683724,0.1,0.1,0.1
1.154395,-0.518689,0.512297,0.1,0.1,0.1
0.715021,0.633766,0.591022,0.1,0.1,0.1
1.107514,-0.142358,0.683724,0.1,0.1,0.1
0.751036,0.639909,0.501748,0.1,0.1,0.1
1.005756,0.604901,0.683724,0.1,0.1,0.1
1.040177,0.493383,0.077899,0.1,0.1,0.1
1.141676,0.015401,0.582439,0.1,0.1,0.1
0.603854,0.303146,0.512297,0.1,0.1,0.1
0.957823,0.271892,0.512297,0.1,0.1,0.1
0.895204,-0.415635,0.185072,0.1,0.1,0.1
1.204944,-0.414036,0.199570,0.1,0.1,0.1
1.086012,-0.042604,0.578242,0.1,0.1,0.1
0.917467,0.006370,0.512297,0.1,0.1,0.1
0.909144,0.686845,0.574474,0.1,0.1,0.1
0.970722,0.677382,0.309006,0.1,0.1,0.1
0.976157,-0.095536,0.664041,0.1,0.1,0.1
0.919960,0.339988,0.512297,0.1,0.1,0.1
0.817634,0.463053,0.204755,0.1,0.1,0.1
1.144239,0.000380,0.665471,0.1,0.1,0.1
0.745097,-0.100755,0.551709,0.1,0.1,0.1
1.056382,0.456916,0.196520,0.1,0.1,0.1
0.579102,0.630549,0.268679,0.1,0.1,0.1
1.132780,0.067559,0.331374,0.1,0.1,0.1
1.057996,0.388921,0.379529,0.1,0.1,0.1
1.094722,0.290676,0.293090,0.1,0.1,0.1
0.857760,-0.662514,0.185072,0.1,0.1,0.1
0.863736,-0.670753,0.512297,0.1,0.1,0.1
1.151831,-0.044131,0.594877,0.1,0.1,0.1
1.043240,0.592487,0.279123,0.1,0.1,0.1
0.815962,-0.723023,0.301150,0.1,0.1,0.1
0.653260,-0.146221,0.664041,0.1,0.1,0.1
0.985932,-0.674063,0.487512,0.1,0.1,0.1
1.040363,0.609354,0.109850,0.1,0.1,0.1
1.078857,-0.658212,0.540439,0.1,0.1,0.1
0.523766,0.606031,0.664041,0.1,0.1,0.1
0.606354,0.288950,0.683724,0.1,0.1,0.1
1.178285,-0.199217,0.158142,0.1,0.1,0.1
0.754837,0.309889,0.185072,0.1,0.1,0.1
0.611906,0.281305,0.512297,0.1,0.1,0.1
1.226115,-0.653061,0.237520,0.1,0.1,0.1
1.108384,0.093521,0.651249,0.1,0.1,0.1
1.085602,-0.042674,0.394731,0.1,0.1,0.1
0.831036,-0.086096,0.668669,0.1,0.1,0.1
0.713206,-0.106195,0.612540,0.1,0.1,0.1
0.649062,-0.117137,0.549043,0.1,0.1,0.1
0.895389,0.664532,0.262772,0.1,0.1,0.1
0.982602,0.683494,0.204755,0.1,0.1,0.1
0.997550,0.041456,0.683724,0.1,0.1,0.1
1.016825,0.052859,0.683724,0.1,0.1,0.1
0.882722,0.346681,0.683724,0.1,0.1,0.1
0.950448,-0.680115,0.550485,0.1,0.1,0.1
0.818699,0.432255,0.512297,0.1,0.1,0.1
0.844829,0.031984,0.664041,0.1,0.1,0.1
1.028469,-0.069242,0.512297,0.1,0.1,0.1
1.187283,-0.659685,0.439200,0.1,0.1,0.1
1.033494,0.532566,0.200087,0.1,0.1,0.1
1.017380,0.627034,0.226413,0.1,0.1,0.1
1.042516,0.396612,0.204755,0.1,0.1,0.1
0.942521,-0.600766,0.512297,0.1,0.1,0.1
0.728299,0.202484,0.512297,0.1,0.1,0.1
0.531939,0.622504,0.528086,0.1,0.1,0.1
1.000606,-0.691527,0.338811,0.1,0.1,0.1
1.123411,0.122484,0.190809,0.1,0.1,0.1
0.831649,0.653659,0.222663,0.1,0.1,0.1
0.625267,-0.046174,0.201077,0.1,0.1,0.1
0.994143,0.392916,0.683724,0.1,0.1,0.1
1.054082,0.528925,0.512495,0.1,0.1,0.1
0.759863,-0.191268,0.185072,0.1,0.1,0.1
0.880686,-0.077627,0.296490,0.1,0.1,0.1
1.195165,-0.298175,0.669160,0.1,0.1,0.1
0.631621,0.353139,0.512297,0.1,0.1,0.1
1.014529,0.161445,0.204755,0.1,0.1,0.1
1.100074,-0.098170,0.185072,0.1,0.1,0.1
1.177376,-0.310949,0.068433,0.1,0.1,0.1
0.689982,0.355769,0.683724,0.1,0.1,0.1
1.112674,-0.137830,0.683724,0.1,0.1,0.1
0.777468,-0.709621,0.487222,0.1,0.1,0.1
1.174012,-0.291226,0.475128,0.1,0.1,0.1
0.824032,-0.707650,0.185072,0.1,0.1,0.1
0.955293,-0.359320,0.683724,0.1,0.1,0.1
0.724532,-0.387847,0.185072,0.1,0.1,0.1
0.606199,0.393642,0.664041,0.1,0.1,0.1
1.138797,-0.173739,0.683724,0.1,0.1,0.1
0.917974,0.677862,0.204755,0.1,0.1,0.1
1.206708,-0.365846,0.246097,0.1,0.1,0.1
0.793185,-0.092553,0.250355,0.1,0.1,0.1
0.959983,-0.678489,0.247275,0.1,0.1,0.1
0.763288,0.197385,0.512297,0.1,0.1,0.1
0.850502,-0.070796,0.683724,0.1,0.1,0.1
0.996349,0.701721,0.290617,0.1,0.1,0.1
0.762588,-0.097772,0.662942,0.1,0.1,0.1
1.101438,0.251303,0.078679,0.1,0.1,0.1
0.947287,-0.201969,0.664041,0.1,0.1,0.1
1.218955,-0.554706,0.176095,0.1,0.1,0.1
1.085445,0.345061,0.225458,0.1,0.1,0.1
0.772986,0.528775,0.512297,0.1,0.1,0.1
0.946208,0.155396,0.683724,0.1,0.1,0.1
1.085162,0.229657,0.595446,0.1,0.1,0.1
0.858308,-0.312602,0.664041,0.1,0.1,0.1
0.590913,0.252572,0.512297,0.1,0.1,0.1
1.142200,-0.104730,0.326164,0.1,0.1,0.1
0.977740,-0.054695,0.683724,0.1,0.1,0.1
0.699667,-0.131926,0.512297,0.1,0.1,0.1
0.947261,-0.690643,0.674084,0.1,0.1,0.1
1.028788,-0.668472,0.512297,0.1,0.1,0.1
1.048268,0.305300,0.512297,0.1,0.1,0.1
0.989177,0.700497,0.386726,0.1,0.1,0.1
0.809763,-0.053228,0.664041,0.1,0.1,0.1
0.639471,0.608174,0.512297,0.1,0.1,0.1
0.978632,0.678731,0.389514,0.1,0.1,0.1
0.617874,0.447103,0.512297,0.1,0.1,0.1
1.032413,0.655961,0.525627,0.1,0.1,0.1
0.755781,0.508063,0.664041,0.1,0.1,0.1
1.172454,-0.370710,0.683724,0.1,0.1,0.1
1.217829,-0.489576,0.195977,0.1,0.1,0.1
0.612119,0.475209,0.185072,0.1,0.1,0.1
1.051259,-0.393357,0.185072,0.1,0.1,0.1
1.221178,-0.567736,0.082076,0.1,0.1,0.1
1.152046,-0.162451,0.537828,0.1,0.1,0.1
0.877791,-0.701893,0.204755,0.1,0.1,0.1
0.845165,-0.512476,0.683724,0.1,0.1,0.1
0.899549,-0.334339,0.204755,0.1,0.1,0.1
0.873771,0.645759,0.664041,0.1,0.1,0.1
0.806928,-0.090209,0.643478,0.1,0.1,0.1
0.736550,-0.186587,0.185072,0.1,0.1,0.1
0.667778,-0.282051,0.683724,0.1,0.1,0.1
1.017481,0.626441,0.089685,0.1,0.1,0.1
0.885483,0.627750,0.204755,0.1,0.1,0.1
0.986243,0.680029,0.527480,0.1,0.1,0.1
1.052290,0.539430,0.303167,0.1,0.1,0.1
0.904959,0.132897,0.185072,0.1,0.1,0.1
0.703228,-0.145499,0.185072,0.1,0.1,0.1
1.028899,0.676564,0.512855,0.1,0.1,0.1
0.783715,0.559042,0.512297,0.1,0.1,0.1
0.894142,-0.669352,0.664041,0.1,0.1,0.1
0.921057,0.291528,0.664041,0.1,0.1,0.1
1.211065,-0.474721,0.512297,0.1,0.1,0.1
0.610264,0.496319,0.683724,0.1,0.1,0.1
0.698783,0.231257,0.512297,0.1,0.1,0.1
1.125930,-0.266280,0.512297,0.1,0.1,0.1
1.027033,0.570445,0.572780,0.1,0.1,0.1
0.778829,-0.709389,0.557932,0.1,0.1,0.1
0.705783,-0.107461,0.615504,0.1,0.1,0.1
0.964833,-0.677662,0.208944,0.1,0.1,0.1
0.701429,-0.108204,0.438912,0.1,0.1,0.1
0.659103,-0.153420,0.512297,0.1,0.1,0.1
1.246573,-0.599559,0.339195,0.1,0.1,0.1
1.035244,0.639363,0.283059,0.1,0.1,0.1
1.059880,0.494936,0.586919,0.1,0.1,0.1
0.642306,-0.118289,0.578021,0.1,0.1,0.1
1.124098,-0.036107,0.645069,0.1,0.1,0.1
0.844336,-0.385752,0.683724,0.1,0.1,0.1
1.065918,0.459540,0.195110,0.1,0.1,0.1
0.627913,0.360046,0.512297,0.1,0.1,0.1
1.173110,-0.168879,0.417456,0.1,0.1,0.1
0.894406,-0.075287,0.315672,0.1,0.1,0.1
0.969188,-0.323937,0.683724,0.1,0.1,0.1
0.606068,0.167694,0.664041,0.1,0.1,0.1
1.137597,0.039318,0.241842,0.1,0.1,0.1
0.838010,0.654745,0.585984,0.1,0.1,0.1
1.148021,-0.080322,0.202217,0.1,0.1,0.1
0.765921,0.470265,0.512297,0.1,0.1,0.1
0.820826,-0.244254,0.664041,0.1,0.1,0.1
0.932596,0.489288,0.185072,0.1,0.1,0.1
0.686679,0.102022,0.204755,0.1,0.1,0.1
0.981992,-0.674735,0.312880,0.1,0.1,0.1
0.973652,-0.369139,0.683724,0.1,0.1,0.1
1.214218,-0.409873,0.530526,0.1,0.1,0.1
0.922688,-0.685670,0.204755,0.1,0.1,0.1
1.059493,0.497203,0.298076,0.1,0.1,0.1
0.901517,-0.129771,0.185072,0.1,0.1,0.1
0.764445,-0.379713,0.683724,0.1,0.1,0.1
0.736678,-0.102192,0.449144,0.1,0.1,0.1
0.846244,-0.042685,0.683724,0.1,0.1,0.1
1.018703,0.619280,0.250046,0.1,0.1,0.1
1.024252,-0.387784,0.664041,0.1,0.1,0.1
1.109680,-0.025334,0.512297,0.1,0.1,0.1
0.705036,0.632062,0.325168,0.1,0.1,0.1
0.766317,-0.386007,0.512297,0.1,0.1,0.1
1.048730,0.443246,0.234762,0.1,0.1,0.1
0.944889,-0.275571,0.185072,0.1,0.1,0.1
1.021877,-0.317166,0.185072,0.1,0.1,0.1
1.013746,0.648337,0.379109,0.1,0.1,0.1
1.112136,0.188585,0.359989,0.1,0.1,0.1
1.108620,-0.592677,0.512297,0.1,0.1,0.1
0.951450,0.404258,0.185072,0.1,0.1,0.1
0.920370,0.668894,0.664041,0.1,0.1,0.1
1.233641,-0.523745,0.349067,0.1,0.1,0.1
0.820481,-0.506923,0.185072,0.1,0.1,0.1
1.178864,-0.202614,0.019892,0.1,0.1,0.1
1.006511,-0.622851,0.204755,0.1,0.1,0.1
1.013204,-0.476725,0.185072,0.1,0.1,0.1
0.699999,0.192407,0.683724,0.1,0.1,0.1
1.078501,0.268709,0.374186,0.1,0.1,0.1
1.161818,-0.219738,0.433171,0.1,0.1,0.1
1.188216,-0.374497,0.145651,0.1,0.1,0.1
0.980906,-0.674920,0.542723,0.1,0.1,0.1
0.824232,0.507806,0.683724,0.1,0.1,0.1
1.045710,0.460949,0.482504,0.1,0.1,0.1
0.837237,-0.085039,0.303082,0.1,0.1,0.1
1.093491,-0.468817,0.664041,0.1,0.1,0.1
0.784182,0.517013,0.683724,0.1,0.1,0.1
0.920318,-0.705222,0.320088,0.1,0.1,0.1
0.737962,-0.101972,0.334158,0.1,0.1,0.1
0.723014,0.461652,0.512297,0.1,0.1,0.1
0.919917,0.547265,0.204755,0.1,0.1,0.1
1.130685,0.079839,0.572424,0.1,0.1,0.1
1.249659,-0.617648,0.572975,0.1,0.1,0.1
0.748155,-0.714621,0.589423,0.1,0.1,0.1
0.936281,-0.006939,0.664041,0.1,0.1,0.1
0.969823,0.151064,0.683724,0.1,0.1,0.1
0.819805,0.380441,0.512297,0.1,0.1,0.1
1.234482,-0.651634,0.633356,0.1,0.1,0.1
1.109209,0.205743,0.647741,0.1,0.1,0.1
0.773217,-0.178661,0.683724,0.1,0.1,0.1
0.931261,0.613924,0.512297,0.1,0.1,0.1
0.712768,-0.539287,0.185072,0.1,0.1,0.1
1.054570,0.409006,0.491167,0.1,0.1,0.1
1.066445,0.135779,0.185072,0.1,0.1,0.1
0.960101,0.042267,0.664041,0.1,0.1,0.1
0.913881,-0.053204,0.204755,0.1,0.1,0.1
0.694942,0.650308,0.536828,0.1,0.1,0.1
0.603308,0.093195,0.204755,0.1,0.1,0.1
0.719509,0.169738,0.185072,0.1,0.1,0.1
0.935626,-0.321743,0.185072,0.1,0.1,0.1
0.650695,-0.091660,0.683724,0.1,0.1,0.1
0.757295,0.169156,0.512297,0.1,0.1,0.1
0.870181,-0.693807,0.515402,0.1,0.1,0.1
0.704630,0.631993,0.352657,0.1,0.1,0.1
0.707236,0.652405,0.201807,0.1,0.1,0.1
1.126963,-0.015399,0.615913,0.1,0.1,0.1
1.092051,-0.655962,0.375970,0.1,0.1,0.1
1.049488,0.438797,0.399640,0.1,0.1,0.1
0.650405,0.558613,0.204755,0.1,0.1,0.1
0.949580,0.678658,0.185072,0.1,0.1,0.1
1.005653,0.301401,0.185072,0.1,0.1,0.1
0.956490,0.674954,0.280702,0.1,0.1,0.1
1.057879,-0.047403,0.662322,0.1,0.1,0.1
1.183920,-0.433949,0.512297,0.1,0.1,0.1
1.056949,-0.233571,0.185072,0.1,0.1,0.1
1.213938,-0.525292,0.453988,0.1,0.1,0.1
1.224984,-0.472989,0.078917,0.1,0.1,0.1
0.726113,0.489813,0.204755,0.1,0.1,0.1
0.601237,0.592927,0.204755,0.1,0.1,0.1
0.774286,0.643875,0.578556,0.1,0.1,0.1
0.996742,0.701788,0.486035,0.1,0.1,0.1
0.557464,0.351320,0.676073,0.1,0.1,0.1
1.001114,0.682566,0.197346,0.1,0.1,0.1
0.945891,-0.700860,0.427932,0.1,0.1,0.1
0.633052,0.309884,0.683724,0.1,0.1,0.1
0.866442,0.140546,0.664041,0.1,0.1,0.1
1.232709,-0.518282,0.662027,0.1,0.1,0.1
1.196655,-0.306914,0.575466,0.1,0.1,0.1
0.992455,0.250236,0.204755,0.1,0.1,0.1
1.127610,0.097867,0.573514,0.1,0.1,0.1
1.000057,0.702353,0.326443,0.1,0.1,0.1
1.045991,0.124218,0.185072,0.1,0.1,0.1
0.837563,0.674636,0.455347,0.1,0.1,0.1
0.890094,0.483302,0.204755,0.1,0.1,0.1
0.653514,0.225128,0.683724,0.1,0.1,0.1
0.886453,0.542047,0.185072,0.1,0.1,0.1
0.593405,0.490421,0.204755,0.1,0.1,0.1
0.892507,-0.075611,0.606759,0.1,0.1,0.1
0.989299,0.017575,0.664041,0.1,0.1,0.1
0.895355,-0.056410,0.664041,0.1,0.1,0.1
0.907435,-0.557163,0.664041,0.1,0.1,0.1
0.783592,-0.301669,0.204755,0.1,0.1,0.1
0.564578,0.383992,0.512297,0.1,0.1,0.1
1.021077,0.605359,0.629900,0.1,0.1,0.1
1.015771,0.685066,0.664186,0.1,0.1,0.1
1.085614,0.344072,0.086649,0.1,0.1,0.1
0.973533,0.677861,0.201230,0.1,0.1,0.1
1.216061,-0.654776,0.246062,0.1,0.1,0.1
0.608804,0.355666,0.512297,0.1,0.1,0.1
0.811461,0.436335,0.204755,0.1,0.1,0.1
0.928254,-0.592745,0.204755,0.1,0.1,0.1
0.894794,-0.147236,0.683724,0.1,0.1,0.1
0.634787,0.640047,0.252219,0.1,0.1,0.1
0.740790,-0.723433,0.369094,0.1,0.1,0.1
0.645475,-0.117748,0.343328,0.1,0.1,0.1
1.073650,0.297152,0.004621,0.1,0.1,0.1
0.805417,-0.090466,0.377965,0.1,0.1,0.1
0.829363,-0.253239,0.204755,0.1,0.1,0.1
0.889074,0.391438,0.204755,0.1,0.1,0.1
1.163231,-0.228020,0.244047,0.1,0.1,0.1
1.212296,-0.398607,0.587218,0.1,0.1,0.1
1.183681,-0.303464,0.204755,0.1,0.1,0.1
0.755308,-0.713401,0.538290,0.1,0.1,0.1
1.012614,-0.181956,0.185072,0.1,0.1,0.1
1.244967,-0.648675,0.242813,0.1,0.1,0.1
0.926706,-0.059111,0.512297,0.1,0.1,0.1
0.848422,-0.702221,0.683724,0.1,0.1,0.1
0.988766,0.680460,0.465881,0.1,0.1,0.1
1.061554,0.366666,0.664041,0.1,0.1,0.1
1.002004,-0.111772,0.664041,0.1,0.1,0.1
0.895487,0.684516,0.657239,0.1,0.1,0.1
0.761104,0.641626,0.398240,0.1,0.1,0.1
0.768418,-0.731132,0.335593,0.1,0.1,0.1
0.640163,-0.118654,0.542542,0.1,0.1,0.1
0.864823,0.297393,0.185072,0.1,0.1,0.1
0.690201,0.289922,0.512297,0.1,0.1,0.1
1.030599,0.549536,0.601818,0.1,0.1,0.1
1.105168,0.112372,0.562170,0.1,0.1,0.1
1.073326,-0.679123,0.570695,0.1,0.1,0.1
0.542963,0.446919,0.683724,0.1,0.1,0.1
0.862561,-0.695107,0.663525,0.1,0.1,0.1
0.840794,0.675187,0.559534,0.1,0.1,0.1
0.875121,-0.036387,0.512297,0.1,0.1,0.1
0.693366,0.499173,0.512297,0.1,0.1,0.1
0.952842,-0.556621,0.185072,0.1,0.1,0.1
0.791684,0.334952,0.185072,0.1,0.1,0.1
0.937132,-0.122423,0.204755,0.1,0.1,0.1
1.048663,0.443638,0.116788,0.1,0.1,0.1
0.985042,-0.478214,0.512297,0.1,0.1,0.1
1.114007,-0.400042,0.512297,0.1,0.1,0.1
0.895101,-0.273672,0.512297,0.1,0.1,0.1
0.940999,0.665794,0.185072,0.1,0.1,0.1
0.984488,0.699697,0.371007,0.1,0.1,0.1
0.875182,0.681052,0.505922,0.1,0.1,0.1
1.087585,-0.178278,0.512297,0.1,0.1,0.1
0.938666,-0.045494,0.664041,0.1,0.1,0.1
1.234219,-0.585659,0.185214,0.1,0.1,0.1
1.062584,-0.104725,0.512297,0.1,0.1,0.1
1.252349,-0.633421,0.475823,0.1,0.1,0.1
0.786202,-0.270482,0.683724,0.1,0.1,0.1
0.953547,0.680981,0.204755,0.1,0.1,0.1
1.145575,-0.099579,0.204755,0.1,0.1,0.1
1.153392,-0.170338,0.466482,0.1,0.1,0.1
0.719350,0.157289,0.512297,0.1,0.1,0.1
1.073023,0.300824,0.181479,0.1,0.1,0.1
1.146006,-0.142292,0.512297,0.1,0.1,0.1
0.816508,-0.088574,0.588904,0.1,0.1,0.1
0.736283,-0.300593,0.512297,0.1,0.1,0.1
0.804647,-0.724953,0.637686,0.1,0.1,0.1
1.096911,-0.172343,0.664041,0.1,0.1,0.1
1.088287,-0.676571,0.230324,0.1,0.1,0.1
0.811106,0.365938,0.204755,0.1,0.1,0.1
1.167098,-0.362867,0.664041,0.1,0.1,0.1
1.219238,-0.556366,0.179678,0.1,0.1,0.1
1.233672,-0.640983,0.177417,0.1,0.1,0.1
1.134228,-0.643957,0.683724,0.1,0.1,0.1
0.920396,-0.211076,0.512297,0.1,0.1,0.1
0.888740,-0.690641,0.516716,0.1,0.1,0.1
0.596856,0.633577,0.293489,0.1,0.1,0.1
1.122342,-0.082243,0.683724,0.1,0.1,0.1
0.931212,0.426054,0.664041,0.1,0.1,0.1
0.844725,0.675857,0.583408,0.1,0.1,0.1
1.156720,-0.664898,0.606704,0.1,0.1,0.1
0.699087,0.611323,0.683724,0.1,0.1,0.1
0.981328,-0.694815,0.615974,0.1,0.1,0.1
0.784782,-0.104874,0.512297,0.1,0.1,0.1
1.075856,-0.099057,0.683724,0.1,0.1,0.1
0.620854,0.610211,0.512297,0.1,0.1,0.1
1.141626,-0.117242,0.512297,0.1,0.1,0.1
0.659209,-0.155148,0.512297,0.1,0.1,0.1
0.705391,-0.107528,0.231934,0.1,0.1,0.1
0.834273,-0.563971,0.683724,0.1,0.1,0.1
0.817713,-0.103866,0.512297,0.1,0.1,0.1
0.807112,0.669441,0.441598,0.1,0.1,0.1
0.871608,-0.022567,0.204755,0.1,0.1,0.1
1.006228,-0.056213,0.214726,0.1,0.1,0.1
1.053819,0.110445,0.204755,0.1,0.1,0.1
0.540168,0.623907,0.248272,0.1,0.1,0.1
1.002390,0.702751,0.256123,0.1,0.1,0.1
0.854369,0.677502,0.581920,0.1,0.1,0.1
0.788044,0.656205,0.670720,0.1,0.1,0.1
1.029387,0.556643,0.195545,0.1,0.1,0.1
0.954263,0.386769,0.512297,0.1,0.1,0.1
1.034082,0.529120,0.461732,0.1,0.1,0.1
0.770866,-0.654193,0.683724,0.1,0.1,0.1
1.054103,0.365199,0.512297,0.1,0.1,0.1
0.695922,0.582452,0.683724,0.1,0.1,0.1
0.658916,-0.115456,0.372203,0.1,0.1,0.1
1.132727,-0.379339,0.512297,0.1,0.1,0.1
0.998032,0.240401,0.204755,0.1,0.1,0.1
1.184566,-0.470888,0.683724,0.1,0.1,0.1
0.887941,-0.076390,0.602199,0.1,0.1,0.1
0.627661,0.101761,0.664041,0.1,0.1,0.1
0.976980,-0.061202,0.247651,0.1,0.1,0.1
1.131388,-0.034864,0.250700,0.1,0.1,0.1
0.848399,-0.605473,0.512297,0.1,0.1,0.1
1.040898,0.606218,0.241360,0.1,0.1,0.1
1.064656,0.349876,0.005304,0.1,0.1,0.1
0.646109,0.622011,0.478535,0.1,0.1,0.1
0.651925,0.568733,0.204755,0.1,0.1,0.1
0.955455,-0.612217,0.185072,0.1,0.1,0.1
0.930397,0.060890,0.512297,0.1,0.1,0.1
0.825066,-0.686720,0.204755,0.1,0.1,0.1
1.207775,-0.372102,0.086823,0.1,0.1,0.1
1.048410,-0.641875,0.512297,0.1,0.1,0.1
0.885556,-0.551612,0.683724,0.1,0.1,0.1
1.178602,-0.318136,0.073948,0.1,0.1,0.1
1.171200,-0.157680,0.010922,0.1,0.1,0.1
1.110244,0.199675,0.455237,0.1,0.1,0.1
1.225486,-0.592996,0.004875,0.1,0.1,0.1
1.012106,-0.669598,0.565722,0.1,0.1,0.1
0.935240,0.599368,0.185072,0.1,0.1,0.1
0.967325,-0.680693,0.683724,0.1,0.1,0.1
0.882683,-0.077287,0.225257,0.1,0.1,0.1
1.020398,-0.254516,0.204755,0.1,0.1,0.1
0.945278,0.034933,0.664041,0.1,0.1,0.1
0.843011,0.140881,0.664041,0.1,0.1,0.1
0.906137,-0.393534,0.664041,0.1,0.1,0.1
0.950116,-0.078595,0.512297,0.1,0.1,0.1
1.010883,-0.055419,0.499810,0.1,0.1,0.1
0.882346,0.142646,0.204755,0.1,0.1,0.1
0.690856,0.649611,0.209905,0.1,0.1,0.1
1.106506,-0.673463,0.210575,0.1,0.1,0.1
1.063265,0.358034,0.510531,0.1,0.1,0.1
0.959450,-0.698547,0.466713,0.1,0.1,0.1
0.999716,0.682327,0.261930,0.1,0.1,0.1
1.004255,-0.056550,0.629882,0.1,0.1,0.1
0.785886,0.645853,0.488774,0.1,0.1,0.1
1.195367,-0.481012,0.664041,0.1,0.1,0.1
1.248784,-0.612517,0.226843,0.1,0.1,0.1
0.985580,-0.694090,0.485891,0.1,0.1,0.1
1.107875,-0.673230,0.517129,0.1,0.1,0.1
0.942930,-0.101822,0.683724,0.1,0.1,0.1
0.974907,-0.169503,0.185072,0.1,0.1,0.1
1.078043,-0.658351,0.333588,0.1,0.1,0.1
1.067832,-0.292365,0.664041,0.1,0.1,0.1
1.095783,0.167396,0.310344,0.1,0.1,0.1
0.712590,-0.106300,0.548749,0.1,0.1,0.1
0.873846,-0.554971,0.683724,0.1,0.1,0.1
0.656473,-0.229124,0.666952,0.1,0.1,0.1
1.125499,-0.670224,0.669019,0.1,0.1,0.1
0.670247,0.360700,0.664041,0.1,0.1,0.1
0.697152,0.630718,0.535734,0.1,0.1,0.1
0.903671,-0.065923,0.512297,0.1,0.1,0.1
0.822098,-0.087621,0.635874,0.1,0.1,0.1
0.745175,0.635488,0.185072,0.1,0.1,0.1
0.570251,0.629039,0.225283,0.1,0.1,0.1
1.101302,0.135036,0.311935,0.1,0.1,0.1
0.815782,-0.703086,0.494365,0.1,0.1,0.1
0.888159,0.683266,0.580514,0.1,0.1,0.1
1.234845,-0.530804,0.517952,0.1,0.1,0.1
0.774153,0.021775,0.512297,0.1,0.1,0.1
0.876229,-0.660263,0.512297,0.1,0.1,0.1
0.586396,0.611825,0.253471,0.1,0.1,0.1
1.114211,0.176420,0.159444,0.1,0.1,0.1
0.782682,-0.024547,0.664041,0.1,0.1,0.1
0.716430,-0.053225,0.185072,0.1,0.1,0.1
1.096767,0.278687,0.462931,0.1,0.1,0.1
0.861197,0.658700,0.506572,0.1,0.1,0.1
1.047459,-0.353823,0.185072,0.1,0.1,0.1
0.643506,0.641534,0.642122,0.1,0.1,0.1
1.060036,-0.661422,0.243505,0.1,0.1,0.1
0.813389,-0.100442,0.664041,0.1,0.1,0.1
1.177215,-0.610071,0.512297,0.1,0.1,0.1
1.108508,-0.630186,0.512297,0.1,0.1,0.1
0.584575,0.192382,0.203617,0.1,0.1,0.1
1.079385,-0.644764,0.664041,0.1,0.1,0.1
0.782982,-0.541752,0.512297,0.1,0.1,0.1
0.683533,-0.111257,0.247321,0.1,0.1,0.1
0.795588,-0.345676,0.512297,0.1,0.1,0.1
1.024804,0.450269,0.683724,0.1,0.1,0.1
0.863267,-0.237583,0.512297,0.1,0.1,0.1
1.120056,0.025095,0.361687,0.1,0.1,0.1
1.092098,0.188999,0.540019,0.1,0.1,0.1
1.239376,-0.557364,0.206744,0.1,0.1,0.1
1.187295,-0.610356,0.664041,0.1,0.1,0.1
0.584822,0.611557,0.228090,0.1,0.1,0.1
0.804848,-0.710850,0.664041,0.1,0.1,0.1
0.906170,0.537897,0.664041,0.1,0.1,0.1
1.052553,0.537891,0.486973,0.1,0.1,0.1
0.917415,-0.221942,0.204755,0.1,0.1,0.1
1.030488,0.550186,0.133428,0.1,0.1,0.1
1.164438,-0.235098,0.506766,0.1,0.1,0.1
1.182304,-0.650550,0.670649,0.1,0.1,0.1
0.995615,-0.672411,0.675895,0.1,0.1,0.1
1.070599,-0.679588,0.570280,0.1,0.1,0.1
1.062670,-0.306031,0.664041,0.1,0.1,0.1
1.064652,0.349903,0.119250,0.1,0.1,0.1
1.046333,-0.377106,0.185072,0.1,0.1,0.1
1.221952,-0.455215,0.256344,0.1,0.1,0.1
0.617403,0.617115,0.282212,0.1,0.1,0.1
1.029805,0.566860,0.673882,0.1,0.1,0.1
0.633724,-0.028935,0.512297,0.1,0.1,0.1
0.973854,-0.447355,0.185072,0.1,0.1,0.1
1.211011,-0.508134,0.272508,0.1,0.1,0.1
0.935332,0.242798,0.664041,0.1,0.1,0.1
0.886931,0.319009,0.683724,0.1,0.1,0.1
1.094578,0.142761,0.204755,0.1,0.1,0.1
0.774318,-0.321904,0.664041,0.1,0.1,0.1
0.778687,-0.435496,0.683724,0.1,0.1,0.1
1.178326,-0.316520,0.602029,0.1,0.1,0.1
0.641949,0.641269,0.597247,0.1,0.1,0.1
0.955913,0.672573,0.185072,0.1,0.1,0.1
0.805661,-0.109330,0.204755,0.1,0.1,0.1
1.132496,-0.387261,0.664041,0.1,0.1,0.1
0.715041,-0.444829,0.204755,0.1,0.1,0.1
0.974566,-0.061614,0.205940,0.1,0.1,0.1
1.052824,0.419245,0.635913,0.1,0.1,0.1
0.938097,0.302319,0.683724,0.1,0.1,0.1
1.240786,-0.565630,0.188863,0.1,0.1,0.1
1.092518,-0.366570,0.512297,0.1,0.1,0.1
1.148780,-0.026243,0.274816,0.1,0.1,0.1
1.140692,0.021176,0.164630,0.1,0.1,0.1
1.005517,-0.626264,0.204755,0.1,0.1,0.1
0.768883,-0.711086,0.437645,0.1,0.1,0.1
1.136401,-0.353656,0.512297,0.1,0.1,0.1
1.236691,-0.541622,0.660810,0.1,0.1,0.1
1.204058,-0.350315,0.530322,0.1,0.1,0.1
0.706953,-0.063728,0.664041,0.1,0.1,0.1
1.140541,0.022058,0.216068,0.1,0.1,0.1
0.925995,0.244734,0.185072,0.1,0.1,0.1
1.220091,-0.499443,0.000000,0.1,0.1,0.1
0.870822,-0.673806,0.204755,0.1,0.1,0.1
0.745968,0.639044,0.339325,0.1,0.1,0.1
1.225291,-0.591852,0.291199,0.1,0.1,0.1
0.704783,-0.238653,0.185072,0.1,0.1,0.1
0.858355,0.607822,0.512297,0.1,0.1,0.1
0.756590,0.050312,0.204755,0.1,0.1,0.1
1.086145,0.223897,0.197911,0.1,0.1,0.1
1.061011,0.488307,0.279474,0.1,0.1,0.1
0.779295,0.664696,0.606845,0.1,0.1,0.1
0.534716,0.622978,0.234699,0.1,0.1,0.1
0.843650,0.117908,0.185072,0.1,0.1,0.1
1.055372,-0.662218,0.298619,0.1,0.1,0.1
1.086324,-0.251365,0.683724,0.1,0.1,0.1
0.805589,0.021441,0.204755,0.1,0.1,0.1
1.222370,-0.536133,0.673882,0.1,0.1,0.1
1.103165,0.241179,0.608876,0.1,0.1,0.1
0.746971,-0.288729,0.204755,0.1,0.1,0.1
0.714558,-0.132320,0.512297,0.1,0.1,0.1
1.126926,0.101877,0.604188,0.1,0.1,0.1
0.682410,-0.381179,0.194296,0.1,0.1,0.1
1.014659,0.149126,0.512297,0.1,0.1,0.1
1.129650,-0.591468,0.204755,0.1,0.1,0.1
1.064495,0.383222,0.185072,0.1,0.1,0.1
0.799824,-0.091420,0.256495,0.1,0.1,0.1
0.804253,-0.432179,0.204755,0.1,0.1,0.1
1.032942,-0.467767,0.683724,0.1,0.1,0.1
1.105493,0.227526,0.013517,0.1,0.1,0.1
0.948993,0.159077,0.512297,0.1,0.1,0.1
1.050212,-0.683065,0.481807,0.1,0.1,0.1
0.948476,-0.072540,0.664041,0.1,0.1,0.1
0.851589,-0.141196,0.512297,0.1,0.1,0.1
1.100117,0.259045,0.495671,0.1,0.1,0.1
0.668962,0.583446,0.204755,0.1,0.1,0.1
0.878991,0.308935,0.683724,0.1,0.1,0.1
1.006755,-0.308226,0.683724,0.1,0.1,0.1
0.670895,0.249798,0.204755,0.1,0.1,0.1
0.756112,0.625275,0.204755,0.1,0.1,0.1
1.019365,0.253827,0.204755,0.1,0.1,0.1
0.530375,0.602270,0.278715,0.1,0.1,0.1
1.240770,-0.565539,0.418526,0.1,0.1,0.1
0.884115,-0.168186,0.683724,0.1,0.1,0.1
0.826236,-0.164423,0.683724,0.1,0.1,0.1
0.690227,-0.110115,0.544143,0.1,0.1,0.1
0.645128,-0.162613,0.680101,0.1,0.1,0.1
1.242602,-0.576278,0.389731,0.1,0.1,0.1
0.843388,0.070335,0.664041,0.1,0.1,0.1
1.001059,0.096083,0.185072,0.1,0.1,0.1
1.101622,0.250223,0.654775,0.1,0.1,0.1
0.893943,-0.312874,0.512297,0.1,0.1,0.1
1.224145,-0.585133,0.447460,0.1,0.1,0.1
0.982413,0.656779,0.185072,0.1,0.1,0.1
1.190618,-0.388582,0.378020,0.1,0.1,0.1
1.121144,0.135776,0.635516,0.1,0.1,0.1
0.801007,-0.091219,0.665119,0.1,0.1,0.1
0.902554,0.665754,0.659430,0.1,0.1,0.1
1.195069,-0.297614,0.513271,0.1,0.1,0.1
0.807050,-0.090188,0.459553,0.1,0.1,0.1
0.875874,-0.632213,0.664041,0.1,0.1,0.1
0.801944,-0.510950,0.512297,0.1,0.1,0.1
1.011501,0.119111,0.512297,0.1,0.1,0.1
0.850689,0.656907,0.393443,0.1,0.1,0.1
0.725046,0.380125,0.204755,0.1,0.1,0.1
1.123001,0.007828,0.554484,0.1,0.1,0.1
0.925615,-0.150956,0.512297,0.1,0.1,0.1
0.722114,-0.104676,0.495308,0.1,0.1,0.1
0.649018,0.610234,0.512297,0.1,0.1,0.1
1.168718,-0.260192,0.354558,0.1,0.1,0.1
0.832663,0.356719,0.512297,0.1,0.1,0.1
0.842846,-0.035920,0.185072,0.1,0.1,0.1
0.864017,-0.711543,0.683724,0.1,0.1,0.1
1.049615,0.438058,0.453757,0.1,0.1,0.1
1.218540,-0.435213,0.605623,0.1,0.1,0.1
1.059863,0.495034,0.364588,0.1,0.1,0.1
0.970288,0.079060,0.512297,0.1,0.1,0.1
1.109463,-0.038604,0.600111,0.1,0.1,0.1
1.170428,-0.652530,0.683724,0.1,0.1,0.1
0.959175,0.236378,0.683724,0.1,0.1,0.1
0.820988,-0.126840,0.512297,0.1,0.1,0.1
0.870108,-0.693819,0.537134,0.1,0.1,0.1
0.762778,-0.097740,0.666523,0.1,0.1,0.1
1.117410,0.157666,0.047224,0.1,0.1,0.1
0.840978,-0.698788,0.240869,0.1,0.1,0.1
0.923462,0.419288,0.664041,0.1,0.1,0.1
0.820094,-0.042521,0.683724,0.1,0.1,0.1
0.838199,0.621737,0.683724,0.1,0.1,0.1
0.816817,-0.365984,0.512297,0.1,0.1,0.1
0.907559,0.093722,0.683724,0.1,0.1,0.1
0.762457,0.277768,0.512297,0.1,0.1,0.1
1.152891,-0.216573,0.664041,0.1,0.1,0.1
0.917036,-0.147143,0.204755,0.1,0.1,0.1
0.848287,0.676465,0.587831,0.1,0.1,0.1
0.806276,0.594904,0.185072,0.1,0.1,0.1
0.727862,0.218618,0.512297,0.1,0.1,0.1
0.630308,-0.037159,0.664041,0.1,0.1,0.1
0.762650,-0.097761,0.405305,0.1,0.1,0.1
1.012345,-0.097188,0.664041,0.1,0.1,0.1
0.972980,-0.153115,0.664041,0.1,0.1,0.1
1.088010,0.115235,0.512297,0.1,0.1,0.1
0.983183,-0.652921,0.512297,0.1,0.1,0.1
0.715263,0.395228,0.512297,0.1,0.1,0.1
1.179700,-0.207515,0.108531,0.1,0.1,0.1
1.092811,-0.309777,0.185072,0.1,0.1,0.1
0.976729,-0.326915,0.683724,0.1,0.1,0.1
0.990002,-0.693336,0.325700,0.1,0.1,0.1
0.943355,0.277812,0.683724,0.1,0.1,0.1
1.029192,0.616313,0.670093,0.1,0.1,0.1
1.116137,0.165126,0.261778,0.1,0.1,0.1
1.174575,-0.651869,0.677928,0.1,0.1,0.1
1.132598,0.068625,0.094785,0.1,0.1,0.1
1.201247,-0.450893,0.367599,0.1,0.1,0.1
1.120717,0.021218,0.216129,0.1,0.1,0.1
1.042017,0.599660,0.516740,0.1,0.1,0.1
0.750151,-0.484212,0.185072,0.1,0.1,0.1
1.003003,-0.056763,0.254504,0.1,0.1,0.1
0.678914,0.467653,0.512297,0.1,0.1,0.1
0.789142,-0.093243,0.511086,0.1,0.1,0.1
0.903766,-0.688078,0.245433,0.1,0.1,0.1
0.920932,-0.684153,0.512297,0.1,0.1,0.1
1.100732,0.255441,0.460806,0.1,0.1,0.1
1.056638,0.396885,0.649739,0.1,0.1,0.1
0.815457,0.670865,0.607744,0.1,0.1,0.1
1.166523,-0.247319,0.288690,0.1,0.1,0.1
0.857610,-0.295863,0.512297,0.1,0.1,0.1
0.736550,-0.102213,0.489070,0.1,0.1,0.1
0.864675,-0.105763,0.683724,0.1,0.1,0.1
0.769415,0.367453,0.664041,0.1,0.1,0.1
0.920856,-0.111279,0.512297,0.1,0.1,0.1
1.162192,-0.221931,0.214357,0.1,0.1,0.1
0.949423,-0.688451,0.204755,0.1,0.1,0.1
0.706143,0.642235,0.196482,0.1,0.1,0.1
0.824455,0.652432,0.575831,0.1,0.1,0.1
1.062910,0.477173,0.646215,0.1,0.1,0.1
0.963552,0.538542,0.664041,0.1,0.1,0.1
0.606545,0.556305,0.512297,0.1,0.1,0.1
1.201971,-0.338075,0.455410,0.1,0.1,0.1
0.897928,-0.074686,0.241507,0.1,0.1,0.1
1.182071,-0.221413,0.632040,0.1,0.1,0.1
1.066321,0.340118,0.435498,0.1,0.1,0.1
0.946860,-0.066340,0.627390,0.1,0.1,0.1
0.996978,-0.692146,0.499900,0.1,0.1,0.1
1.034258,0.528087,0.268439,0.1,0.1,0.1
1.184642,-0.353547,0.669085,0.1,0.1,0.1
0.978086,0.157876,0.185072,0.1,0.1,0.1
0.879803,0.114339,0.204755,0.1,0.1,0.1
0.984187,0.699646,0.474760,0.1,0.1,0.1
0.919344,-0.635105,0.185072,0.1,0.1,0.1
0.690376,0.639357,0.185072,0.1,0.1,0.1
0.913852,-0.071970,0.557135,0.1,0.1,0.1
0.545360,0.604826,0.197044,0.1,0.1,0.1
0.796345,0.566686,0.512297,0.1,0.1,0.1
0.931537,0.205546,0.512297,0.1,0.1,0.1
0.772629,-0.730414,0.255196,0.1,0.1,0.1
1.094027,0.294749,0.117817,0.1,0.1,0.1
0.717937,0.041388,0.185072,0.1,0.1,0.1
1.048926,-0.383720,0.185072,0.1,0.1,0.1
0.742517,0.192766,0.512297,0.1,0.1,0.1
0.844394,-0.485886,0.683724,0.1,0.1,0.1
0.975455,0.293846,0.664041,0.1,0.1,0.1
0.737464,0.554782,0.512297,0.1,0.1,0.1
1.125494,-0.006788,0.023176,0.1,0.1,0.1
1.017779,0.624696,0.371215,0.1,0.1,0.1
0.967676,-0.394746,0.664041,0.1,0.1,0.1
1.142710,0.009344,0.626578,0.1,0.1,0.1
0.898989,0.205362,0.185072,0.1,0.1,0.1
1.200172,-0.391171,0.683724,0.1,0.1,0.1
0.803481,0.323647,0.204755,0.1,0.1,0.1
1.071721,0.164039,0.185072,0.1,0.1,0.1
1.106348,-0.645478,0.512297,0.1,0.1,0.1
0.834444,-0.050491,0.512297,0.1,0.1,0.1
1.032327,0.206987,0.683724,0.1,0.1,0.1
1.221141,-0.450461,0.019793,0.1,0.1,0.1
1.010524,0.704138,0.504161,0.1,0.1,0.1
1.027667,-0.106418,0.664041,0.1,0.1,0.1
1.109554,-0.038588,0.488618,0.1,0.1,0.1
1.095582,-0.652792,0.512297,0.1,0.1,0.1
1.110124,-0.038491,0.463008,0.1,0.1,0.1
0.895613,-0.410679,0.512297,0.1,0.1,0.1
0.563485,0.321784,0.185072,0.1,0.1,0.1
1.006189,-0.056220,0.487984,0.1,0.1,0.1
0.766738,-0.097064,0.648484,0.1,0.1,0.1
1.065436,-0.609213,0.185072,0.1,0.1,0.1
0.982645,-0.054452,0.204755,0.1,0.1,0.1
0.823202,-0.000027,0.185072,0.1,0.1,0.1
1.071584,-0.679420,0.641126,0.1,0.1,0.1
0.647641,-0.037696,0.683724,0.1,0.1,0.1
0.875214,-0.355579,0.512297,0.1,0.1,0.1
0.538498,0.603655,0.492230,0.1,0.1,0.1
0.735150,-0.102452,0.246141,0.1,0.1,0.1
1.081348,-0.515679,0.683724,0.1,0.1,0.1
0.888356,-0.076319,0.387200,0.1,0.1,0.1
0.944159,-0.097657,0.512297,0.1,0.1,0.1
0.747764,-0.214622,0.204755,0.1,0.1,0.1
1.033683,0.400812,0.512297,0.1,0.1,0.1
0.941250,-0.005609,0.204755,0.1,0.1,0.1
0.954583,0.662240,0.204755,0.1,0.1,0.1
0.703088,-0.387787,0.204755,0.1,0.1,0.1
0.875769,-0.696935,0.512297,0.1,0.1,0.1
0.634082,0.619959,0.537974,0.1,0.1,0.1
0.937632,-0.050150,0.204755,0.1,0.1,0.1
0.560615,0.582179,0.512297,0.1,0.1,0.1
0.739208,-0.101760,0.247234,0.1,0.1,0.1
1.028228,0.680497,0.036928,0.1,0.1,0.1
0.794134,-0.379810,0.664041,0.1,0.1,0.1
0.998985,-0.691804,0.225147,0.1,0.1,0.1
1.197670,-0.429921,0.104629,0.1,0.1,0.1
0.678948,-0.097335,0.204755,0.1,0.1,0.1
0.841638,0.603958,0.512297,0.1,0.1,0.1
0.799126,-0.446828,0.185072,0.1,0.1,0.1
0.891800,-0.710087,0.415299,0.1,0.1,0.1
1.089676,-0.658249,0.683724,0.1,0.1,0.1
1.090509,-0.267365,0.683724,0.1,0.1,0.1
0.956266,-0.064735,0.367128,0.1,0.1,0.1
1.065489,0.462051,0.367896,0.1,0.1,0.1
0.540658,0.623991,0.425407,0.1,0.1,0.1
1.064114,-0.120330,0.512297,0.1,0.1,0.1
1.183412,-0.298989,0.512297,0.1,0.1,0.1
0.764695,-0.171283,0.204755,0.1,0.1,0.1
1.247976,-0.639348,0.517894,0.1,0.1,0.1
0.837378,-0.278491,0.185072,0.1,0.1,0.1
0.875371,-0.105942,0.664041,0.1,0.1,0.1
1.176231,-0.561728,0.512297,0.1,0.1,0.1
1.230930,-0.507851,0.647347,0.1,0.1,0.1
0.834613,0.674132,0.226581,0.1,0.1,0.1
1.210632,-0.388852,0.332853,0.1,0.1,0.1
0.936148,-0.068167,0.373597,0.1,0.1,0.1
0.696919,-0.090113,0.512297,0.1,0.1,0.1
0.697967,-0.459917,0.512297,0.1,0.1,0.1
1.147950,-0.021375,0.016102,0.1,0.1,0.1
1.109889,0.161602,0.673882,0.1,0.1,0.1
0.626227,0.542321,0.512297,0.1,0.1,0.1
1.018205,0.658581,0.000000,0.1,0.1,0.1
0.787271,0.584669,0.664041,0.1,0.1,0.1
0.968916,-0.219432,0.512297,0.1,0.1,0.1
0.611225,0.172434,0.204755,0.1,0.1,0.1
1.083602,-0.544386,0.185072,0.1,0.1,0.1
0.936832,0.691568,0.341069,0.1,0.1,0.1
0.834973,0.047959,0.683724,0.1,0.1,0.1
1.201391,-0.334679,0.397289,0.1,0.1,0.1
0.740313,-0.720640,0.377261,0.1,0.1,0.1
0.732890,0.015573,0.664041,0.1,0.1,0.1
0.867007,-0.134705,0.664041,0.1,0.1,0.1
0.627217,0.262210,0.683724,0.1,0.1,0.1
0.575750,0.608264,0.664041,0.1,0.1,0.1
0.933401,-0.047588,0.185072,0.1,0.1,0.1
0.684160,0.648469,0.340161,0.1,0.1,0.1
0.998960,-0.264035,0.683724,0.1,0.1,0.1
0.934759,0.317840,0.185072,0.1,0.1,0.1
1.198256,-0.637846,0.448071,0.1,0.1,0.1
1.092507,0.303660,0.465422,0.1,0.1,0.1
0.624087,0.080105,0.185072,0.1,0.1,0.1
1.027257,0.280790,0.683724,0.1,0.1,0.1
1.023466,0.591353,0.614556,0.1,0.1,0.1
0.811479,0.670186,0.525119,0.1,0.1,0.1
0.687584,-0.110566,0.298825,0.1,0.1,0.1
1.042027,0.457003,0.512297,0.1,0.1,0.1
1.088109,0.212385,0.635245,0.1,0.1,0.1
0.516242,0.592985,0.185139,0.1,0.1,0.1
0.802668,0.522605,0.185072,0.1,0.1,0.1
1.005766,-0.056292,0.524258,0.1,0.1,0.1
1.085371,-0.677068,0.286076,0.1,0.1,0.1
1.057760,0.507363,0.598142,0.1,0.1,0.1
0.655746,-0.115996,0.349306,0.1,0.1,0.1
0.885308,-0.592815,0.512297,0.1,0.1,0.1
1.181860,-0.640642,0.283502,0.1,0.1,0.1
0.778264,-0.550350,0.204755,0.1,0.1,0.1
1.097830,-0.000714,0.512297,0.1,0.1,0.1
1.019453,-0.164620,0.512297,0.1,0.1,0.1
0.806903,-0.539298,0.512297,0.1,0.1,0.1
1.221644,-0.603133,0.683724,0.1,0.1,0.1
1.231366,-0.510405,0.283085,0.1,0.1,0.1
1.166014,-0.127275,0.144092,0.1,0.1,0.1
0.918808,-0.186225,0.683724,0.1,0.1,0.1
1.080154,-0.181286,0.664041,0.1,0.1,0.1
1.063639,-0.046420,0.474876,0.1,0.1,0.1
1.072968,0.301148,0.130518,0.1,0.1,0.1
0.618411,-0.005986,0.683084,0.1,0.1,0.1
0.960411,-0.426019,0.664041,0.1,0.1,0.1
0.713458,-0.563197,0.674999,0.1,0.1,0.1
1.082263,-0.043243,0.245040,0.1,0.1,0.1
0.994010,-0.672685,0.511311,0.1,0.1,0.1
0.740798,0.576920,0.512297,0.1,0.1,0.1
0.895542,-0.238074,0.512297,0.1,0.1,0.1
0.726994,-0.103843,0.307248,0.1,0.1,0.1
0.846383,-0.614198,0.512297,0.1,0.1,0.1
1.000623,-0.691524,0.672393,0.1,0.1,0.1
1.076641,-0.411283,0.512297,0.1,0.1,0.1
1.110626,-0.672760,0.246618,0.1,0.1,0.1
0.995289,-0.058079,0.212073,0.1,0.1,0.1
1.154681,-0.665246,0.366098,0.1,0.1,0.1
0.961020,0.407893,0.204755,0.1,0.1,0.1
0.869110,-0.652850,0.683724,0.1,0.1,0.1
0.618545,0.467645,0.664041,0.1,0.1,0.1
1.048020,0.447407,0.341453,0.1,0.1,0.1
1.131900,-0.669132,0.656899,0.1,0.1,0.1
0.632812,0.619743,0.665226,0.1,0.1,0.1
0.538970,0.513713,0.664041,0.1,0.1,0.1
1.144328,-0.000141,0.241436,0.1,0.1,0.1
0.658904,0.219703,0.683724,0.1,0.1,0.1
1.156289,-0.187322,0.198490,0.1,0.1,0.1
0.790110,-0.169911,0.512297,0.1,0.1,0.1
1.020183,-0.053833,0.561999,0.1,0.1,0.1
1.144849,-0.003200,0.343081,0.1,0.1,0.1
1.080430,0.257399,0.466697,0.1,0.1,0.1
0.700432,0.065487,0.664041,0.1,0.1,0.1
0.557278,0.606859,0.552540,0.1,0.1,0.1
0.722207,0.479608,0.512297,0.1,0.1,0.1
1.162117,-0.228854,0.512297,0.1,0.1,0.1
1.166865,-0.643200,0.414575,0.1,0.1,0.1
0.900372,0.084582,0.512297,0.1,0.1,0.1
0.759803,0.661372,0.576307,0.1,0.1,0.1
0.874724,-0.108573,0.512297,0.1,0.1,0.1
0.790078,0.332834,0.512297,0.1,0.1,0.1
1.089812,0.202400,0.605591,0.1,0.1,0.1
0.862420,0.484745,0.185072,0.1,0.1,0.1
0.701444,0.519274,0.512297,0.1,0.1,0.1
0.739704,0.637976,0.380254,0.1,0.1,0.1
0.738344,0.657711,0.632845,0.1,0.1,0.1
0.829892,0.154578,0.204755,0.1,0.1,0.1
1.094599,0.174333,0.241946,0.1,0.1,0.1
0.955341,0.206313,0.664041,0.1,0.1,0.1
1.244715,-0.588667,0.440201,0.1,0.1,0.1
1.213040,-0.520031,0.380865,0.1,0.1,0.1
0.832115,0.653739,0.283837,0.1,0.1,0.1
1.182530,-0.412088,0.512297,0.1,0.1,0.1
1.181651,-0.336009,0.350660,0.1,0.1,0.1
0.944249,0.181220,0.512297,0.1,0.1,0.1
0.830931,-0.086114,0.385509,0.1,0.1,0.1
0.726605,0.655709,0.264562,0.1,0.1,0.1
0.876135,0.303883,0.204755,0.1,0.1,0.1
0.788641,-0.093328,0.662695,0.1,0.1,0.1
1.119941,-0.549232,0.512297,0.1,0.1,0.1
0.962452,-0.297293,0.512297,0.1,0.1,0.1
0.543172,0.435107,0.668252,0.1,0.1,0.1
1.207490,-0.636270,0.492994,0.1,0.1,0.1
1.156629,-0.447802,0.204755,0.1,0.1,0.1
1.104478,0.233479,0.328355,0.1,0.1,0.1
0.976618,0.698355,0.504716,0.1,0.1,0.1
1.057968,0.389088,0.087764,0.1,0.1,0.1
0.977108,0.678471,0.226634,0.1,0.1,0.1
0.930396,-0.308770,0.185072,0.1,0.1,0.1
1.052759,-0.624745,0.512297,0.1,0.1,0.1
1.238703,-0.650914,0.363482,0.1,0.1,0.1
1.090205,0.200096,0.598531,0.1,0.1,0.1
0.601106,0.556525,0.185072,0.1,0.1,0.1
0.781370,0.285872,0.683724,0.1,0.1,0.1
0.733016,0.636835,0.600505,0.1,0.1,0.1
0.793358,-0.706911,0.565440,0.1,0.1,0.1
0.896999,0.613301,0.512297,0.1,0.1,0.1
1.000380,0.682441,0.321299,0.1,0.1,0.1
1.133041,-0.034582,0.656945,0.1,0.1,0.1
0.605647,0.615109,0.358427,0.1,0.1,0.1
0.821281,-0.302008,0.185072,0.1,0.1,0.1
1.137042,-0.072313,0.000000,0.1,0.1,0.1
0.738571,-0.101869,0.244229,0.1,0.1,0.1
1.223366,-0.463509,0.481091,0.1,0.1,0.1
0.580147,0.610760,0.486307,0.1,0.1,0.1
1.066463,-0.045938,0.658365,0.1,0.1,0.1
0.939846,0.300176,0.683724,0.1,0.1,0.1
1.106458,-0.538595,0.204755,0.1,0.1,0.1
1.129305,-0.035219,0.326796,0.1,0.1,0.1
1.013500,0.649779,0.472347,0.1,0.1,0.1
0.910229,-0.061697,0.683724,0.1,0.1,0.1
0.642149,0.531119,0.512297,0.1,0.1,0.1
0.691257,-0.348063,0.512297,0.1,0.1,0.1
1.069832,0.319534,0.202894,0.1,0.1,0.1
1.062734,0.361145,0.656011,0.1,0.1,0.1
0.822240,-0.087597,0.678269,0.1,0.1,0.1
1.122813,0.008931,0.513896,0.1,0.1,0.1
0.822591,-0.578947,0.185072,0.1,0.1,0.1
1.085801,0.266226,0.204755,0.1,0.1,0.1
1.057342,-0.661882,0.586053,0.1,0.1,0.1
0.994588,-0.385804,0.683724,0.1,0.1,0.1
0.910162,0.667052,0.618053,0.1,0.1,0.1
0.921032,0.668906,0.579575,0.1,0.1,0.1
1.043417,0.401793,0.683724,0.1,0.1,0.1
0.558118,0.626969,0.363814,0.1,0.1,0.1
1.163621,-0.113249,0.288948,0.1,0.1,0.1
1.039230,-0.216416,0.204755,0.1,0.1,0.1
1.203234,-0.345480,0.189588,0.1,0.1,0.1
1.215877,-0.596710,0.512297,0.1,0.1,0.1
1.118694,0.033077,0.442981,0.1,0.1,0.1
1.215756,-0.548275,0.664041,0.1,0.1,0.1
1.036002,-0.665522,0.611161,0.1,0.1,0.1
0.936729,-0.682456,0.207426,0.1,0.1,0.1
0.807894,-0.135687,0.683724,0.1,0.1,0.1
0.559701,0.627239,0.398607,0.1,0.1,0.1
0.861948,0.280570,0.512297,0.1,0.1,0.1
0.790259,-0.078128,0.204755,0.1,0.1,0.1
0.897164,-0.689204,0.383636,0.1,0.1,0.1
0.638076,0.450676,0.683724,0.1,0.1,0.1
1.047710,0.449225,0.452753,0.1,0.1,0.1
0.793202,-0.132806,0.512297,0.1,0.1,0.1
1.119486,0.028434,0.529207,0.1,0.1,0.1
1.223277,-0.462983,0.390447,0.1,0.1,0.1
1.157955,-0.197089,0.346117,0.1,0.1,0.1
1.176015,-0.302971,0.586313,0.1,0.1,0.1
1.065150,0.464039,0.422122,0.1,0.1,0.1
0.836140,0.114442,0.512297,0.1,0.1,0.1
1.145655,-0.007924,0.413841,0.1,0.1,0.1
1.189827,-0.392355,0.204755,0.1,0.1,0.1
1.186031,-0.244629,0.013325,0.1,0.1,0.1
1.033675,-0.051531,0.408832,0.1,0.1,0.1
0.964760,-0.063286,0.310317,0.1,0.1,0.1
0.665496,-0.177680,0.204755,0.1,0.1,0.1
1.130142,-0.218836,0.512297,0.1,0.1,0.1
1.024132,0.587448,0.565281,0.1,0.1,0.1
1.076977,0.277645,0.094005,0.1,0.1,0.1
1.104171,0.235280,0.443063,0.1,0.1,0.1
0.859676,0.661352,0.185072,0.1,0.1,0.1
0.975451,-0.061463,0.495400,0.1,0.1,0.1
0.681335,0.143956,0.185072,0.1,0.1,0.1
0.760995,0.101574,0.683724,0.1,0.1,0.1
1.225266,-0.591705,0.323346,0.1,0.1,0.1
0.839821,0.047925,0.204755,0.1,0.1,0.1
1.053128,-0.504397,0.664041,0.1,0.1,0.1
0.852272,0.445971,0.185072,0.1,0.1,0.1
0.789813,-0.509760,0.683724,0.1,0.1,0.1
1.041243,0.604194,0.601601,0.1,0.1,0.1
0.799535,0.102809,0.664041,0.1,0.1,0.1
1.148033,-0.246708,0.185072,0.1,0.1,0.1
0.938584,0.691867,0.660434,0.1,0.1,0.1
1.078651,0.267830,0.249373,0.1,0.1,0.1
0.824331,-0.721595,0.384828,0.1,0.1,0.1
0.958105,-0.377882,0.512297,0.1,0.1,0.1
1.046079,0.575845,0.303622,0.1,0.1,0.1
1.023269,-0.572411,0.512297,0.1,0.1,0.1
0.683909,-0.379399,0.683724,0.1,0.1,0.1
0.686952,0.628978,0.216212,0.1,0.1,0.1
0.893058,0.577374,0.683724,0.1,0.1,0.1
0.602340,0.600053,0.185072,0.1,0.1,0.1
1.040570,0.608144,0.438268,0.1,0.1,0.1
0.878872,-0.241395,0.664041,0.1,0.1,0.1
0.936343,-0.665311,0.664041,0.1,0.1,0.1
0.576462,0.630098,0.257537,0.1,0.1,0.1
1.208289,-0.375117,0.210613,0.1,0.1,0.1
1.036041,0.634694,0.386305,0.1,0.1,0.1
0.776355,0.292772,0.204755,0.1,0.1,0.1
1.054270,0.151589,0.512297,0.1,0.1,0.1
0.868670,0.321606,0.185072,0.1,0.1,0.1
0.860533,-0.695453,0.563850,0.1,0.1,0.1
0.971252,-0.062179,0.205927,0.1,0.1,0.1
1.008252,0.683783,0.568888,0.1,0.1,0.1
0.576122,0.610073,0.477335,0.1,0.1,0.1
1.155111,-0.063360,0.003093,0.1,0.1,0.1
1.035460,0.521042,0.456798,0.1,0.1,0.1
0.787101,0.646061,0.198207,0.1,0.1,0.1
0.729304,-0.204260,0.683724,0.1,0.1,0.1
0.913044,0.486592,0.512297,0.1,0.1,0.1
1.170951,-0.156219,0.500339,0.1,0.1,0.1
0.833452,-0.272925,0.185072,0.1,0.1,0.1
1.235017,-0.651543,0.271092,0.1,0.1,0.1
1.054891,0.407122,0.611033,0.1,0.1,0.1
1.028809,-0.092049,0.683724,0.1,0.1,0.1
1.225112,-0.590799,0.307105,0.1,0.1,0.1
1.189774,-0.474739,0.512297,0.1,0.1,0.1
1.011439,0.661863,0.323458,0.1,0.1,0.1
0.783170,0.557899,0.512297,0.1,0.1,0.1
0.706579,0.124447,0.204755,0.1,0.1,0.1
0.772747,0.643612,0.402999,0.1,0.1,0.1
0.636303,0.523265,0.204755,0.1,0.1,0.1
0.706793,0.652330,0.332239,0.1,0.1,0.1
0.861081,-0.695359,0.410849,0.1,0.1,0.1
1.092728,-0.675797,0.185072,0.1,0.1,0.1
0.880961,-0.077581,0.470161,0.1,0.1,0.1
1.001033,0.366740,0.683724,0.1,0.1,0.1
0.845140,-0.231165,0.512297,0.1,0.1,0.1
0.957647,-0.064500,0.562789,0.1,0.1,0.1
1.099207,0.264379,0.467988,0.1,0.1,0.1
0.716173,0.653930,0.211322,0.1,0.1,0.1
0.812225,0.463843,0.185072,0.1,0.1,0.1
0.995284,-0.692435,0.465550,0.1,0.1,0.1
1.160111,-0.092670,0.131393,0.1,0.1,0.1
0.704681,0.131443,0.512297,0.1,0.1,0.1
0.908451,-0.167418,0.512297,0.1,0.1,0.1
0.964317,-0.254547,0.512297,0.1,0.1,0.1
0.581591,0.274399,0.185072,0.1,0.1,0.1
0.818801,-0.088183,0.471127,0.1,0.1,0.1
0.642807,0.641415,0.315202,0.1,0.1,0.1
1.027538,0.108761,0.204755,0.1,0.1,0.1
1.012646,-0.455586,0.512297,0.1,0.1,0.1
1.065668,0.343944,0.142241,0.1,0.1,0.1
0.720445,0.469069,0.664041,0.1,0.1,0.1
1.057785,-0.011686,0.512297,0.1,0.1,0.1
0.830057,-0.700651,0.325742,0.1,0.1,0.1
1.215283,-0.591436,0.185072,0.1,0.1,0.1
1.030954,-0.254084,0.664041,0.1,0.1,0.1
0.779060,-0.238246,0.185072,0.1,0.1,0.1
0.928469,-0.683865,0.343749,0.1,0.1,0.1
0.990638,-0.198617,0.512297,0.1,0.1,0.1
1.166228,-0.245592,0.355358,0.1,0.1,0.1
0.864197,0.549008,0.512297,0.1,0.1,0.1
0.919016,-0.071089,0.578336,0.1,0.1,0.1
1.012184,-0.055197,0.623300,0.1,0.1,0.1
0.827678,-0.711040,0.676513,0.1,0.1,0.1
1.037749,-0.315741,0.204755,0.1,0.1,0.1
1.140419,-0.667679,0.389632,0.1,0.1,0.1
1.027689,0.566599,0.328947,0.1,0.1,0.1
1.125746,0.108796,0.420517,0.1,0.1,0.1
0.831583,-0.419179,0.204755,0.1,0.1,0.1
1.116247,-0.651834,0.480016,0.1,0.1,0.1
0.672498,0.402879,0.512297,0.1,0.1,0.1
0.703030,0.265849,0.185072,0.1,0.1,0.1
1.034504,0.643703,0.654163,0.1,0.1,0.1
1.142606,0.009955,0.376341,0.1,0.1,0.1
1.063667,0.406928,0.673882,0.1,0.1,0.1
1.243814,-0.641914,0.365096,0.1,0.1,0.1
0.864551,0.656515,0.204755,0.1,0.1,0.1
1.189171,-0.263039,0.327180,0.1,0.1,0.1
0.645878,0.231233,0.664041,0.1,0.1,0.1
0.813150,-0.547748,0.664041,0.1,0.1,0.1
0.617445,0.111191,0.204755,0.1,0.1,0.1
0.760225,-0.672971,0.512297,0.1,0.1,0.1
1.021128,0.605061,0.398090,0.1,0.1,0.1
1.228137,-0.608538,0.123343,0.1,0.1,0.1
0.802219,0.395442,0.512297,0.1,0.1,0.1
0.860577,0.324165,0.512297,0.1,0.1,0.1
1.027389,-0.052604,0.351125,0.1,0.1,0.1
0.706062,0.632237,0.378525,0.1,0.1,0.1
0.897361,-0.516352,0.664041,0.1,0.1,0.1
0.876094,-0.471223,0.683724,0.1,0.1,0.1
0.907801,0.382532,0.683724,0.1,0.1,0.1
1.002537,0.702776,0.410128,0.1,0.1,0.1
0.795490,0.647492,0.220062,0.1,0.1,0.1
1.110475,0.135775,0.512297,0.1,0.1,0.1
0.985314,-0.019314,0.204755,0.1,0.1,0.1
0.996495,0.453018,0.512297,0.1,0.1,0.1
1.226506,-0.481913,0.061177,0.1,0.1,0.1
1.115682,0.050736,0.224717,0.1,0.1,0.1
0.702535,0.631636,0.352201,0.1,0.1,0.1
0.767025,-0.097015,0.447422,0.1,0.1,0.1
0.912495,-0.433116,0.204755,0.1,0.1,0.1
1.069030,0.324237,0.001445,0.1,0.1,0.1
0.885390,0.533704,0.664041,0.1,0.1,0.1
1.072603,0.420349,0.318196,0.1,0.1,0.1
1.102373,0.128759,0.303264,0.1,0.1,0.1
0.703974,-0.507601,0.668895,0.1,0.1,0.1
1.083012,0.359326,0.133376,0.1,0.1,0.1
1.039926,0.494857,0.104938,0.1,0.1,0.1
0.897904,-0.304917,0.185072,0.1,0.1,0.1
1.200429,-0.329039,0.023156,0.1,0.1,0.1
1.088387,-0.648904,0.185072,0.1,0.1,0.1
1.094728,0.145650,0.204755,0.1,0.1,0.1
1.137930,-0.033748,0.364751,0.1,0.1,0.1
0.874138,-0.703116,0.185930,0.1,0.1,0.1
0.929673,0.670380,0.609360,0.1,0.1,0.1
0.800400,0.070225,0.512297,0.1,0.1,0.1
1.003808,-0.496744,0.512297,0.1,0.1,0.1
1.214945,-0.531198,0.181180,0.1,0.1,0.1
0.998584,0.702102,0.455895,0.1,0.1,0.1
0.745912,-0.100616,0.239115,0.1,0.1,0.1
1.024211,0.696489,0.520500,0.1,0.1,0.1
1.235620,-0.651440,0.261501,0.1,0.1,0.1
0.671595,0.426931,0.664041,0.1,0.1,0.1
1.002194,0.376370,0.185072,0.1,0.1,0.1
1.075217,0.405023,0.381136,0.1,0.1,0.1
0.859122,0.586006,0.512297,0.1,0.1,0.1
0.745376,-0.735063,0.191558,0.1,0.1,0.1
1.015903,0.694224,0.616101,0.1,0.1,0.1
1.107885,-0.038873,0.523788,0.1,0.1,0.1
1.163225,-0.227987,0.519489,0.1,0.1,0.1
1.156508,-0.071548,0.299291,0.1,0.1,0.1
0.640240,-0.007717,0.512297,0.1,0.1,0.1
1.042493,-0.050027,0.367886,0.1,0.1,0.1
1.046440,0.456668,0.364985,0.1,0.1,0.1
0.575305,0.609934,0.611351,0.1,0.1,0.1
0.987378,-0.059428,0.328856,0.1,0.1,0.1
0.772254,-0.645246,0.664041,0.1,0.1,0.1
0.740538,0.638118,0.440412,0.1,0.1,0.1
1.038160,0.409038,0.683724,0.1,0.1,0.1
0.734238,0.486357,0.204755,0.1,0.1,0.1
0.564398,0.628040,0.417143,0.1,0.1,0.1
0.900808,-0.119117,0.664041,0.1,0.1,0.1
1.045143,0.464272,0.346358,0.1,0.1,0.1
0.709198,-0.189495,0.204755,0.1,0.1,0.1
1.052283,0.187015,0.204755,0.1,0.1,0.1
0.852974,-0.082354,0.289487,0.1,0.1,0.1
1.038257,0.621701,0.166118,0.1,0.1,0.1
1.193625,-0.406208,0.124404,0.1,0.1,0.1
1.171878,-0.161655,0.589754,0.1,0.1,0.1
1.193752,-0.406951,0.075382,0.1,0.1,0.1
0.774971,0.315706,0.185072,0.1,0.1,0.1
0.681588,0.339300,0.664041,0.1,0.1,0.1
0.708881,0.156987,0.664041,0.1,0.1,0.1
1.139348,-0.088005,0.338060,0.1,0.1,0.1
0.774429,0.506820,0.204755,0.1,0.1,0.1
1.086150,0.223867,0.288658,0.1,0.1,0.1
0.987350,-0.042029,0.683724,0.1,0.1,0.1
1.121379,0.017335,0.014344,0.1,0.1,0.1
1.227725,-0.606123,0.562005,0.1,0.1,0.1
1.012650,0.528041,0.512297,0.1,0.1,0.1
0.965892,0.523106,0.185072,0.1,0.1,0.1
0.838909,0.533314,0.204755,0.1,0.1,0.1
1.032484,0.012931,0.185072,0.1,0.1,0.1
0.741530,0.464582,0.512297,0.1,0.1,0.1
1.175445,-0.182566,0.136790,0.1,0.1,0.1
0.769924,-0.227545,0.512297,0.1,0.1,0.1
1.197891,-0.609614,0.683724,0.1,0.1,0.1
1.153205,-0.543035,0.512297,0.1,0.1,0.1
0.936774,-0.355466,0.512297,0.1,0.1,0.1
0.676573,-0.010995,0.512297,0.1,0.1,0.1
1.187253,-0.368853,0.592236,0.1,0.1,0.1
1.022206,0.410816,0.664041,0.1,0.1,0.1
1.063643,-0.071575,0.512297,0.1,0.1,0.1
0.981773,-0.326748,0.512297,0.1,0.1,0.1
0.897167,-0.527780,0.512297,0.1,0.1,0.1
1.094980,-0.245823,0.204755,0.1,0.1,0.1
0.903997,-0.073651,0.197472,0.1,0.1,0.1
0.711115,0.633099,0.396554,0.1,0.1,0.1
1.136265,0.047124,0.069064,0.1,0.1,0.1
0.597980,0.497114,0.204755,0.1,0.1,0.1
0.556003,0.584029,0.185072,0.1,0.1,0.1
1.180015,-0.621169,0.683724,0.1,0.1,0.1
0.715522,-0.051955,0.683724,0.1,0.1,0.1
1.181478,-0.334993,0.528792,0.1,0.1,0.1
0.760845,-0.098069,0.469391,0.1,0.1,0.1
0.834363,-0.085529,0.449354,0.1,0.1,0.1
1.150506,-0.153422,0.458794,0.1,0.1,0.1
1.239316,-0.640825,0.352605,0.1,0.1,0.1
0.932305,-0.068822,0.348331,0.1,0.1,0.1
1.050603,-0.663031,0.263577,0.1,0.1,0.1
0.945015,0.292616,0.185072,0.1,0.1,0.1
1.093198,-0.041378,0.270379,0.1,0.1,0.1
0.836891,-0.085098,0.423689,0.1,0.1,0.1
0.794325,-0.003056,0.512297,0.1,0.1,0.1
0.770090,0.653143,0.680302,0.1,0.1,0.1
0.829961,-0.638519,0.204755,0.1,0.1,0.1
0.736771,-0.486617,0.185072,0.1,0.1,0.1
0.939307,-0.701983,0.583971,0.1,0.1,0.1
1.030209,0.474661,0.512297,0.1,0.1,0.1
1.215727,-0.535779,0.590431,0.1,0.1,0.1
0.655920,0.643652,0.189114,0.1,0.1,0.1
0.865267,-0.639365,0.683724,0.1,0.1,0.1
0.600610,0.614250,0.577415,0.1,0.1,0.1
0.842022,0.161183,0.683724,0.1,0.1,0.1
1.077613,0.390978,0.020629,0.1,0.1,0.1
1.233641,-0.651777,0.274229,0.1,0.1,0.1
1.041716,0.484360,0.454440,0.1,0.1,0.1
0.908394,-0.022390,0.683724,0.1,0.1,0.1
0.737355,-0.648487,0.664041,0.1,0.1,0.1
0.938092,-0.682223,0.378369,0.1,0.1,0.1
0.779307,-0.214575,0.664041,0.1,0.1,0.1
0.942361,0.575347,0.512297,0.1,0.1,0.1
0.846414,0.501904,0.512297,0.1,0.1,0.1
0.913889,-0.300903,0.204755,0.1,0.1,0.1
0.964233,0.053489,0.512297,0.1,0.1,0.1
0.945271,0.673040,0.598092,0.1,0.1,0.1
1.003724,-0.671028,0.383121,0.1,0.1,0.1
0.823029,0.652189,0.277195,0.1,0.1,0.1
1.059388,0.380761,0.047005,0.1,0.1,0.1
1.212515,-0.399890,0.330260,0.1,0.1,0.1
0.916541,0.139019,0.664041,0.1,0.1,0.1
0.668500,-0.004616,0.683724,0.1,0.1,0.1
0.848202,-0.663018,0.512297,0.1,0.1,0.1
1.233233,-0.651847,0.436111,0.1,0.1,0.1
1.237197,-0.544590,0.580582,0.1,0.1,0.1
1.138014,-0.080189,0.222745,0.1,0.1,0.1
1.188513,-0.259181,0.573103,0.1,0.1,0.1
0.946157,0.510867,0.683724,0.1,0.1,0.1
0.753617,0.640349,0.246828,0.1,0.1,0.1
0.870153,-0.375161,0.512297,0.1,0.1,0.1
0.819465,-0.088070,0.377955,0.1,0.1,0.1
1.150952,-0.038974,0.155535,0.1,0.1,0.1
1.054760,0.054477,0.512297,0.1,0.1,0.1
1.042960,0.477071,0.347861,0.1,0.1,0.1
0.997220,0.516402,0.512297,0.1,0.1,0.1
0.735623,0.258134,0.204755,0.1,0.1,0.1
1.029401,-0.052260,0.359464,0.1,0.1,0.1
0.972562,0.582688,0.512297,0.1,0.1,0.1
0.955418,0.684755,0.674002,0.1,0.1,0.1
1.047514,-0.341895,0.512297,0.1,0.1,0.1
1.140806,0.020506,0.329297,0.1,0.1,0.1
0.910256,-0.438832,0.664041,0.1,0.1,0.1
0.937230,0.365195,0.512297,0.1,0.1,0.1
0.738191,0.280840,0.512297,0.1,0.1,0.1
1.136358,-0.070479,0.618664,0.1,0.1,0.1
1.114712,-0.672063,0.244530,0.1,0.1,0.1
0.803276,0.066743,0.683724,0.1,0.1,0.1
1.070147,-0.659698,0.273301,0.1,0.1,0.1
0.930161,-0.572828,0.664041,0.1,0.1,0.1
1.019822,-0.688249,0.472263,0.1,0.1,0.1
1.063268,0.358013,0.337760,0.1,0.1,0.1
0.767211,0.642668,0.235248,0.1,0.1,0.1
0.717279,-0.523494,0.204755,0.1,0.1,0.1
1.030339,0.551064,0.146139,0.1,0.1,0.1
1.024412,0.585809,0.090159,0.1,0.1,0.1
1.174501,-0.494058,0.185072,0.1,0.1,0.1
0.962845,-0.135831,0.512297,0.1,0.1,0.1
1.243712,-0.641317,0.469035,0.1,0.1,0.1
1.071080,0.312217,0.425125,0.1,0.1,0.1
1.166599,-0.328070,0.204755,0.1,0.1,0.1
0.873697,-0.298443,0.185072,0.1,0.1,0.1
0.844791,0.675868,0.562543,0.1,0.1,0.1
0.839505,0.189228,0.512297,0.1,0.1,0.1
0.800914,-0.091234,0.217375,0.1,0.1,0.1
0.626707,0.511115,0.683724,0.1,0.1,0.1
0.841071,0.445127,0.185072,0.1,0.1,0.1
1.011824,-0.037068,0.185072,0.1,0.1,0.1
1.176974,-0.191534,0.479521,0.1,0.1,0.1
1.071316,0.310830,0.447505,0.1,0.1,0.1
0.755061,-0.099056,0.415660,0.1,0.1,0.1
0.978316,-0.246107,0.664041,0.1,0.1,0.1
0.819314,0.671523,0.643835,0.1,0.1,0.1
0.980943,0.227626,0.512297,0.1,0.1,0.1
1.227606,-0.605421,0.394263,0.1,0.1,0.1
1.050753,0.431384,0.090297,0.1,0.1,0.1
1.180564,-0.329640,0.142762,0.1,0.1,0.1
0.632424,0.384678,0.185072,0.1,0.1,0.1
0.941349,-0.088828,0.664041,0.1,0.1,0.1
1.103866,0.120008,0.025541,0.1,0.1,0.1
0.704642,-0.107656,0.540472,0.1,0.1,0.1
0.940263,0.505366,0.185072,0.1,0.1,0.1
0.677902,-0.112217,0.492024,0.1,0.1,0.1
1.091120,-0.040917,0.185072,0.1,0.1,0.1
0.648196,-0.180600,0.193263,0.1,0.1,0.1
1.098315,0.269607,0.168533,0.1,0.1,0.1
0.512498,0.614932,0.405507,0.1,0.1,0.1
0.561829,0.466463,0.185072,0.1,0.1,0.1
1.127579,0.030550,0.204755,0.1,0.1,0.1
0.914334,-0.071888,0.211356,0.1,0.1,0.1
1.223557,-0.553027,0.512297,0.1,0.1,0.1
1.026697,0.572411,0.273118,0.1,0.1,0.1
0.668120,-0.113886,0.639020,0.1,0.1,0.1
0.876884,0.468023,0.664041,0.1,0.1,0.1
0.706932,-0.222122,0.683724,0.1,0.1,0.1
0.954501,0.674615,0.548981,0.1,0.1,0.1
1.082321,0.246317,0.011065,0.1,0.1,0.1
0.574399,0.549741,0.185072,0.1,0.1,0.1
0.780137,-0.094779,0.612321,0.1,0.1,0.1
0.783709,0.586079,0.204755,0.1,0.1,0.1
0.700976,-0.108281,0.343258,0.1,0.1,0.1
0.993994,-0.328753,0.512297,0.1,0.1,0.1
1.060803,0.372467,0.411654,0.1,0.1,0.1
0.770577,-0.214649,0.512297,0.1,0.1,0.1
0.596791,0.181810,0.512297,0.1,0.1,0.1
1.060832,0.372293,0.554111,0.1,0.1,0.1
0.852672,-0.042041,0.512297,0.1,0.1,0.1
0.623842,0.638180,0.626359,0.1,0.1,0.1
0.865078,0.003233,0.512297,0.1,0.1,0.1
1.220810,-0.653966,0.481227,0.1,0.1,0.1
0.906479,-0.707583,0.524086,0.1,0.1,0.1
1.027550,-0.200898,0.204755,0.1,0.1,0.1
0.808513,-0.583676,0.683724,0.1,0.1,0.1
0.960646,0.675663,0.558734,0.1,0.1,0.1
0.934689,0.681219,0.187439,0.1,0.1,0.1
1.207451,-0.370205,0.047583,0.1,0.1,0.1
0.813353,-0.029120,0.512297,0.1,0.1,0.1
0.552892,0.612285,0.512297,0.1,0.1,0.1
0.831568,0.616092,0.683724,0.1,0.1,0.1
1.126342,-0.035725,0.644751,0.1,0.1,0.1
1.097506,0.157292,0.424797,0.1,0.1,0.1
0.942302,-0.098580,0.512297,0.1,0.1,0.1
1.211653,-0.394840,0.037491,0.1,0.1,0.1
0.977274,-0.061152,0.473455,0.1,0.1,0.1
0.900474,0.685367,0.372836,0.1,0.1,0.1
1.071275,0.314838,0.185072,0.1,0.1,0.1
1.041749,-0.056563,0.204755,0.1,0.1,0.1
1.009533,0.678333,0.512297,0.1,0.1,0.1
1.103190,-0.039674,0.444200,0.1,0.1,0.1
1.194463,-0.294059,0.005554,0.1,0.1,0.1
1.098106,0.153776,0.307071,0.1,0.1,0.1
0.991908,0.700963,0.469452,0.1,0.1,0.1
0.550380,0.424756,0.204755,0.1,0.1,0.1
0.934432,-0.642974,0.664041,0.1,0.1,0.1
1.238023,-0.549435,0.492268,0.1,0.1,0.1
0.662710,-0.114808,0.512405,0.1,0.1,0.1
0.979062,-0.585098,0.185072,0.1,0.1,0.1
1.147586,-0.534750,0.664041,0.1,0.1,0.1
0.845114,-0.223015,0.185072,0.1,0.1,0.1
1.038117,0.622525,0.624195,0.1,0.1,0.1
1.124632,0.023030,0.512297,0.1,0.1,0.1
0.671044,-0.131478,0.683724,0.1,0.1,0.1
1.085777,0.284585,0.669253,0.1,0.1,0.1
0.750152,0.038425,0.664041,0.1,0.1,0.1
0.791342,0.437399,0.683724,0.1,0.1,0.1
0.596550,0.633525,0.304217,0.1,0.1,0.1
1.199013,-0.320734,0.599988,0.1,0.1,0.1
0.863605,-0.080541,0.265912,0.1,0.1,0.1
0.876224,-0.307839,0.204755,0.1,0.1,0.1
0.803767,-0.090748,0.430073,0.1,0.1,0.1
1.227649,-0.605675,0.216950,0.1,0.1,0.1
1.224019,-0.467335,0.659889,0.1,0.1,0.1
0.967657,-0.000198,0.185072,0.1,0.1,0.1
1.026929,-0.687037,0.480662,0.1,0.1,0.1
1.039350,0.498234,0.324857,0.1,0.1,0.1
0.613372,0.616427,0.434688,0.1,0.1,0.1
0.712005,0.612322,0.664041,0.1,0.1,0.1
0.949410,0.131696,0.512297,0.1,0.1,0.1
0.942465,0.184231,0.664041,0.1,0.1,0.1
1.030078,0.669651,0.267679,0.1,0.1,0.1
1.138424,-0.082588,0.064195,0.1,0.1,0.1
1.137210,-0.208422,0.683724,0.1,0.1,0.1
0.765950,-0.731554,0.427871,0.1,0.1,0.1
0.866330,-0.049972,0.512297,0.1,0.1,0.1
0.681335,-0.111632,0.674383,0.1,0.1,0.1
1.151212,-0.349651,0.185072,0.1,0.1,0.1
0.803462,-0.052832,0.512297,0.1,0.1,0.1
0.816923,-0.088504,0.676238,0.1,0.1,0.1
0.793651,0.622923,0.512297,0.1,0.1,0.1
0.848048,-0.316693,0.185072,0.1,0.1,0.1
1.148666,-0.142635,0.357983,0.1,0.1,0.1
1.083466,0.356659,0.228121,0.1,0.1,0.1
1.178509,-0.317590,0.630540,0.1,0.1,0.1
0.665629,-0.166649,0.664041,0.1,0.1,0.1
1.040232,0.493061,0.429537,0.1,0.1,0.1
0.892545,0.505765,0.204755,0.1,0.1,0.1
0.993488,0.681265,0.510062,0.1,0.1,0.1
0.741759,-0.729115,0.324047,0.1,0.1,0.1
0.808489,0.669676,0.258608,0.1,0.1,0.1
0.843125,-0.698422,0.661978,0.1,0.1,0.1
1.074032,-0.242512,0.512297,0.1,0.1,0.1
0.674673,0.096719,0.512297,0.1,0.1,0.1
0.705752,0.632185,0.629999,0.1,0.1,0.1
1.020904,0.103243,0.512297,0.1,0.1,0.1
1.229759,-0.618044,0.120344,0.1,0.1,0.1
0.806644,-0.444715,0.512297,0.1,0.1,0.1
0.962676,0.066893,0.683724,0.1,0.1,0.1
1.110358,-0.113048,0.185072,0.1,0.1,0.1
1.074065,0.411773,0.626269,0.1,0.1,0.1
1.189399,-0.264376,0.557568,0.1,0.1,0.1
0.641336,0.064530,0.512297,0.1,0.1,0.1
1.063781,0.472064,0.367970,0.1,0.1,0.1
1.077109,0.393933,0.121337,0.1,0.1,0.1
0.987329,-0.059437,0.339143,0.1,0.1,0.1
0.940635,-0.701757,0.337583,0.1,0.1,0.1
1.133093,-0.051339,0.165587,0.1,0.1,0.1
0.621151,0.060680,0.204755,0.1,0.1,0.1
1.056218,-0.047686,0.584363,0.1,0.1,0.1
1.212900,-0.402147,0.186135,0.1,0.1,0.1
1.147362,-0.017928,0.192008,0.1,0.1,0.1
0.701760,-0.205923,0.683724,0.1,0.1,0.1
1.180955,-0.214872,0.543295,0.1,0.1,0.1
0.855136,-0.613935,0.185072,0.1,0.1,0.1
1.040447,0.608864,0.460327,0.1,0.1,0.1
1.094729,0.173571,0.515411,0.1,0.1,0.1
0.872502,0.680595,0.538023,0.1,0.1,0.1
1.144920,-0.508722,0.185072,0.1,0.1,0.1
0.771818,-0.034200,0.512297,0.1,0.1,0.1
0.620424,0.637597,0.317619,0.1,0.1,0.1
0.813444,-0.542425,0.664041,0.1,0.1,0.1
1.138598,-0.083612,0.341562,0.1,0.1,0.1
1.022006,-0.325226,0.204755,0.1,0.1,0.1
1.009476,0.431187,0.185072,0.1,0.1,0.1
0.948007,0.238107,0.664041,0.1,0.1,0.1
1.046088,-0.183203,0.185072,0.1,0.1,0.1
1.075821,0.284422,0.257242,0.1,0.1,0.1
0.812365,-0.326044,0.512297,0.1,0.1,0.1
0.846441,-0.717824,0.607127,0.1,0.1,0.1
1.202143,-0.456148,0.213577,0.1,0.1,0.1
1.061029,0.488201,0.231080,0.1,0.1,0.1
1.047088,0.452868,0.348083,0.1,0.1,0.1
1.096615,0.061391,0.185072,0.1,0.1,0.1
0.811271,0.018433,0.512297,0.1,0.1,0.1
0.659904,0.624364,0.353964,0.1,0.1,0.1
0.894602,0.674075,0.185072,0.1,0.1,0.1
1.173129,-0.203423,0.000000,0.1,0.1,0.1
0.677520,0.117537,0.664041,0.1,0.1,0.1
0.951752,-0.315113,0.512297,0.1,0.1,0.1
0.688072,0.467281,0.664041,0.1,0.1,0.1
0.801013,-0.663299,0.512297,0.1,0.1,0.1
0.774059,-0.259103,0.512297,0.1,0.1,0.1
0.695552,0.323439,0.512297,0.1,0.1,0.1
0.897438,0.211026,0.185072,0.1,0.1,0.1
1.022207,0.598733,0.416761,0.1,0.1,0.1
0.960055,0.483197,0.683724,0.1,0.1,0.1
1.228735,-0.494982,0.307937,0.1,0.1,0.1
1.165191,-0.122452,0.474282,0.1,0.1,0.1
0.992601,0.095193,0.204755,0.1,0.1,0.1
1.100902,-0.035947,0.204755,0.1,0.1,0.1
1.160502,-0.397392,0.683724,0.1,0.1,0.1
0.955720,0.404020,0.512297,0.1,0.1,0.1
0.908892,-0.072816,0.565958,0.1,0.1,0.1
0.845036,-0.414707,0.683724,0.1,0.1,0.1
1.008842,0.677089,0.365485,0.1,0.1,0.1
0.914602,0.371509,0.512297,0.1,0.1,0.1
0.863831,-0.466483,0.664041,0.1,0.1,0.1
0.952636,0.439762,0.185072,0.1,0.1,0.1
1.025808,-0.667261,0.342315,0.1,0.1,0.1
1.113519,0.180476,0.154769,0.1,0.1,0.1
1.052198,-0.553515,0.683724,0.1,0.1,0.1
0.736126,-0.426408,0.185072,0.1,0.1,0.1
0.670372,-0.032806,0.512297,0.1,0.1,0.1
1.031894,0.659007,0.155643,0.1,0.1,0.1
1.194906,-0.413717,0.383090,0.1,0.1,0.1
0.913647,-0.616168,0.512297,0.1,0.1,0.1
0.826813,-0.361498,0.204755,0.1,0.1,0.1
1.174881,-0.179264,0.292058,0.1,0.1,0.1
1.090044,0.201042,0.534202,0.1,0.1,0.1
1.073132,0.300184,0.541687,0.1,0.1,0.1
0.653747,0.153995,0.683724,0.1,0.1,0.1
1.043764,-0.130439,0.512297,0.1,0.1,0.1
1.089823,-0.123648,0.512297,0.1,0.1,0.1
1.062574,0.479141,0.153561,0.1,0.1,0.1
0.700449,0.320826,0.664041,0.1,0.1,0.1
0.894086,0.664310,0.677460,0.1,0.1,0.1
0.993625,0.477750,0.512297,0.1,0.1,0.1
0.829157,0.453877,0.512297,0.1,0.1,0.1
1.027741,0.566290,0.651593,0.1,0.1,0.1
1.056920,-0.109334,0.683724,0.1,0.1,0.1
1.117210,-0.037282,0.546401,0.1,0.1,0.1
0.766500,0.118565,0.512297,0.1,0.1,0.1
0.696281,-0.366393,0.664041,0.1,0.1,0.1
0.524497,0.544593,0.192329,0.1,0.1,0.1
0.740778,-0.720068,0.185072,0.1,0.1,0.1
1.099650,0.261784,0.469547,0.1,0.1,0.1
0.849231,-0.121164,0.683724,0.1,0.1,0.1
0.984815,-0.694221,0.357772,0.1,0.1,0.1
0.820630,-0.087871,0.548410,0.1,0.1,0.1
1.132986,0.066349,0.086371,0.1,0.1,0.1
0.689792,0.602909,0.664041,0.1,0.1,0.1
0.679608,0.280651,0.664041,0.1,0.1,0.1
0.844664,-0.718127,0.645353,0.1,0.1,0.1
1.153992,-0.173856,0.424395,0.1,0.1,0.1
0.645631,0.628678,0.664041,0.1,0.1,0.1
0.846343,0.296565,0.512297,0.1,0.1,0.1
0.984611,0.699718,0.549702,0.1,0.1,0.1
0.939666,0.329025,0.683724,0.1,0.1,0.1
1.040547,0.608279,0.295487,0.1,0.1,0.1
0.768193,0.642835,0.266861,0.1,0.1,0.1
1.194350,-0.410459,0.041609,0.1,0.1,0.1
0.870686,-0.713688,0.379314,0.1,0.1,0.1
0.775476,0.445541,0.185072,0.1,0.1,0.1
0.862187,0.668852,0.204263,0.1,0.1,0.1
0.852380,-0.316106,0.204755,0.1,0.1,0.1
1.193227,-0.552055,0.664041,0.1,0.1,0.1
0.940606,-0.067406,0.392053,0.1,0.1,0.1
1.179429,-0.322982,0.186291,0.1,0.1,0.1
0.892442,0.524696,0.185072,0.1,0.1,0.1
0.794239,-0.718235,0.683724,0.1,0.1,0.1
0.708090,-0.107068,0.239440,0.1,0.1,0.1
1.229489,-0.616459,0.567770,0.1,0.1,0.1
1.080928,-0.315070,0.512297,0.1,0.1,0.1
1.201379,-0.451669,0.011618,0.1,0.1,0.1
0.580161,0.475330,0.512297,0.1,0.1,0.1
0.728085,0.655961,0.230208,0.1,0.1,0.1
0.982501,-0.678279,0.185072,0.1,0.1,0.1
1.090058,0.064155,0.683724,0.1,0.1,0.1
0.773622,-0.562718,0.204755,0.1,0.1,0.1
1.009261,0.674633,0.224129,0.1,0.1,0.1
1.223789,-0.633490,0.358076,0.1,0.1,0.1
0.800894,-0.352276,0.185072,0.1,0.1,0.1
0.881415,0.336374,0.512297,0.1,0.1,0.1
0.845151,0.655962,0.622622,0.1,0.1,0.1
0.753062,-0.099397,0.425997,0.1,0.1,0.1
0.683303,0.149478,0.185072,0.1,0.1,0.1
0.719793,0.239576,0.512297,0.1,0.1,0.1
1.038008,-0.423752,0.512297,0.1,0.1,0.1
1.002790,0.682852,0.671071,0.1,0.1,0.1
1.072961,0.291778,0.204755,0.1,0.1,0.1
0.770859,-0.710749,0.348958,0.1,0.1,0.1
0.961504,-0.512413,0.512297,0.1,0.1,0.1
0.980690,-0.506734,0.185072,0.1,0.1,0.1
0.810874,0.208952,0.512297,0.1,0.1,0.1
1.065854,0.405562,0.673882,0.1,0.1,0.1
0.942305,-0.462222,0.683724,0.1,0.1,0.1
0.898350,-0.689002,0.216932,0.1,0.1,0.1
1.088170,0.329085,0.528731,0.1,0.1,0.1
1.076713,0.304908,0.664041,0.1,0.1,0.1
0.800753,-0.232258,0.683724,0.1,0.1,0.1
1.199073,-0.511055,0.683724,0.1,0.1,0.1
0.662631,0.302347,0.185072,0.1,0.1,0.1
1.173272,-0.358600,0.512297,0.1,0.1,0.1
0.904357,-0.222615,0.512297,0.1,0.1,0.1
1.013702,0.684713,0.516642,0.1,0.1,0.1
0.790013,-0.093094,0.193670,0.1,0.1,0.1
0.536977,0.593579,0.664041,0.1,0.1,0.1
0.616915,0.617031,0.426653,0.1,0.1,0.1
0.566775,0.556427,0.204755,0.1,0.1,0.1
1.039522,0.614287,0.192682,0.1,0.1,0.1
0.660208,0.462792,0.204755,0.1,0.1,0.1
0.923017,0.669975,0.185072,0.1,0.1,0.1
0.845054,0.375015,0.664041,0.1,0.1,0.1
1.071704,0.291053,0.512297,0.1,0.1,0.1
1.191243,-0.392243,0.544089,0.1,0.1,0.1
0.757102,0.640944,0.458477,0.1,0.1,0.1
1.116940,-0.437851,0.512297,0.1,0.1,0.1
1.068563,0.444030,0.348945,0.1,0.1,0.1
1.010575,0.686004,0.185072,0.1,0.1,0.1
1.146428,-0.646686,0.508228,0.1,0.1,0.1
1.206678,-0.465650,0.204755,0.1,0.1,0.1
0.785429,-0.093876,0.649828,0.1,0.1,0.1
0.853522,-0.716616,0.534749,0.1,0.1,0.1
0.877332,0.661452,0.230438,0.1,0.1,0.1
0.772336,0.643542,0.625316,0.1,0.1,0.1
0.740381,-0.721036,0.315084,0.1,0.1,0.1
1.111386,-0.377694,0.185072,0.1,0.1,0.1
0.881809,-0.077436,0.441499,0.1,0.1,0.1
0.947403,0.018348,0.204755,0.1,0.1,0.1
1.194593,-0.638470,0.196558,0.1,0.1,0.1
1.020635,0.073643,0.683724,0.1,0.1,0.1
0.885674,-0.493869,0.204755,0.1,0.1,0.1
1.121680,-0.281009,0.185072,0.1,0.1,0.1
1.236515,-0.641303,0.198241,0.1,0.1,0.1
0.926875,0.689870,0.362444,0.1,0.1,0.1
1.105698,-0.497232,0.512297,0.1,0.1,0.1
0.899625,0.685222,0.582799,0.1,0.1,0.1
1.095413,-0.041000,0.481826,0.1,0.1,0.1
0.587284,0.578313,0.683724,0.1,0.1,0.1
1.023728,-0.639088,0.185072,0.1,0.1,0.1
0.834547,0.353455,0.185072,0.1,0.1,0.1
0.917156,0.677590,0.512297,0.1,0.1,0.1
1.215231,-0.532873,0.636115,0.1,0.1,0.1
1.133913,0.060912,0.495162,0.1,0.1,0.1
1.165589,-0.124789,0.588514,0.1,0.1,0.1
0.895308,-0.709488,0.442287,0.1,0.1,0.1
1.151396,-0.645839,0.486438,0.1,0.1,0.1
0.689272,0.373961,0.664041,0.1,0.1,0.1
1.109147,0.206109,0.241637,0.1,0.1,0.1
1.204893,-0.472270,0.584890,0.1,0.1,0.1
1.124685,0.115015,0.554921,0.1,0.1,0.1
0.707793,-0.107119,0.546620,0.1,0.1,0.1
0.762932,-0.712101,0.431798,0.1,0.1,0.1
1.067199,0.334971,0.403233,0.1,0.1,0.1
0.966575,0.671909,0.185072,0.1,0.1,0.1
0.878793,0.010455,0.683724,0.1,0.1,0.1
1.065270,0.346279,0.586084,0.1,0.1,0.1
0.993154,0.028695,0.512297,0.1,0.1,0.1
1.071585,-0.679420,0.519044,0.1,0.1,0.1
0.842071,-0.084214,0.358273,0.1,0.1,0.1
0.766964,0.283930,0.185072,0.1,0.1,0.1
0.597779,0.389339,0.512297,0.1,0.1,0.1
1.128814,-0.175528,0.185072,0.1,0.1,0.1
0.745805,0.438124,0.204755,0.1,0.1,0.1
0.649287,0.603679,0.204755,0.1,0.1,0.1
0.655851,-0.115978,0.295010,0.1,0.1,0.1
0.754181,0.640445,0.193986,0.1,0.1,0.1
0.924661,0.277042,0.204755,0.1,0.1,0.1
1.164092,-0.195214,0.185072,0.1,0.1,0.1
0.925100,-0.704406,0.453771,0.1,0.1,0.1
1.214579,-0.635061,0.572830,0.1,0.1,0.1
0.934956,0.190230,0.512297,0.1,0.1,0.1
1.116908,0.102076,0.679359,0.1,0.1,0.1
0.661883,0.089244,0.185072,0.1,0.1,0.1
1.102030,-0.398766,0.512297,0.1,0.1,0.1
0.954354,-0.167855,0.664041,0.1,0.1,0.1
1.074435,0.292546,0.277313,0.1,0.1,0.1
0.711525,0.633169,0.564088,0.1,0.1,0.1
0.908362,-0.072906,0.670030,0.1,0.1,0.1
0.901759,0.056988,0.512297,0.1,0.1,0.1
0.851862,0.414841,0.512297,0.1,0.1,0.1
0.814269,-0.269506,0.185072,0.1,0.1,0.1
0.632278,0.361548,0.185072,0.1,0.1,0.1
0.996461,-0.692234,0.466869,0.1,0.1,0.1
0.516739,0.619911,0.620939,0.1,0.1,0.1
1.157946,-0.644721,0.438540,0.1,0.1,0.1
1.213852,-0.524789,0.401196,0.1,0.1,0.1
0.616642,0.366318,0.683724,0.1,0.1,0.1
0.991461,0.192115,0.204755,0.1,0.1,0.1
1.127430,-0.018135,0.629300,0.1,0.1,0.1
1.148335,-0.140693,0.592070,0.1,0.1,0.1
0.989086,0.700482,0.542379,0.1,0.1,0.1
1.217322,-0.562621,0.204755,0.1,0.1,0.1
0.916212,-0.540893,0.204755,0.1,0.1,0.1
0.900334,0.029259,0.664041,0.1,0.1,0.1
1.141463,-0.667500,0.460241,0.1,0.1,0.1
0.547973,0.625239,0.373811,0.1,0.1,0.1
0.958277,0.675259,0.631124,0.1,0.1,0.1
0.817627,0.070155,0.512297,0.1,0.1,0.1
0.704461,0.651932,0.285711,0.1,0.1,0.1
0.608914,0.250495,0.512297,0.1,0.1,0.1
0.665687,0.129796,0.664041,0.1,0.1,0.1
1.145184,-0.453777,0.512297,0.1,0.1,0.1
0.654599,0.354606,0.185072,0.1,0.1,0.1
0.588638,0.598263,0.204755,0.1,0.1,0.1
1.106415,-0.039124,0.644563,0.1,0.1,0.1
1.035466,0.494008,0.512297,0.1,0.1,0.1
1.229162,-0.652541,0.499867,0.1,0.1,0.1
1.063987,-0.046361,0.495938,0.1,0.1,0.1
0.771293,0.643364,0.192815,0.1,0.1,0.1
0.691197,0.127983,0.512297,0.1,0.1,0.1
0.808880,-0.701088,0.204755,0.1,0.1,0.1
0.791108,0.646941,0.683724,0.1,0.1,0.1
1.208160,-0.374359,0.360901,0.1,0.1,0.1
0.874194,-0.139052,0.512297,0.1,0.1,0.1
1.026471,-0.677132,0.192190,0.1,0.1,0.1
1.181505,-0.335152,0.548691,0.1,0.1,0.1
1.009709,0.672005,0.636660,0.1,0.1,0.1
0.952251,-0.679808,0.580604,0.1,0.1,0.1
1.133824,0.061435,0.392735,0.1,0.1,0.1
0.825291,-0.630878,0.512297,0.1,0.1,0.1
0.946251,0.057111,0.664041,0.1,0.1,0.1
0.796332,-0.225567,0.664041,0.1,0.1,0.1
1.057193,0.203486,0.512297,0.1,0.1,0.1
1.054668,0.444981,0.512297,0.1,0.1,0.1
1.038504,0.257115,0.683724,0.1,0.1,0.1
1.130092,-0.483682,0.185072,0.1,0.1,0.1
0.757786,-0.649557,0.185072,0.1,0.1,0.1
0.756674,-0.127569,0.664041,0.1,0.1,0.1
0.577588,0.281150,0.512297,0.1,0.1,0.1
1.121256,0.135115,0.346415,0.1,0.1,0.1
0.958877,-0.543281,0.185072,0.1,0.1,0.1
1.038874,-0.665032,0.592548,0.1,0.1,0.1
1.139363,-0.088096,0.016131,0.1,0.1,0.1
0.719049,0.141798,0.512297,0.1,0.1,0.1
1.091459,-0.321161,0.204755,0.1,0.1,0.1
1.119167,-0.495429,0.204755,0.1,0.1,0.1
1.081178,0.253016,0.609192,0.1,0.1,0.1
0.567884,0.377850,0.185072,0.1,0.1,0.1
1.029088,0.558394,0.643374,0.1,0.1,0.1
0.927673,-0.069613,0.201236,0.1,0.1,0.1
0.652054,-0.127712,0.683724,0.1,0.1,0.1
1.038627,-0.551131,0.683724,0.1,0.1,0.1
0.995922,0.448925,0.204755,0.1,0.1,0.1
0.838679,0.113300,0.204755,0.1,0.1,0.1
0.885621,0.551292,0.204755,0.1,0.1,0.1
1.094462,0.134109,0.664041,0.1,0.1,0.1
1.067324,0.334236,0.105358,0.1,0.1,0.1
0.685916,0.469695,0.664041,0.1,0.1,0.1
0.560937,0.436525,0.664041,0.1,0.1,0.1
1.175737,-0.283555,0.664041,0.1,0.1,0.1
1.166759,-0.452796,0.512297,0.1,0.1,0.1
0.711887,-0.525831,0.512297,0.1,0.1,0.1
1.132537,-0.335675,0.664041,0.1,0.1,0.1
0.815126,0.670808,0.263298,0.1,0.1,0.1
0.750117,0.203746,0.185072,0.1,0.1,0.1
1.049292,-0.683222,0.444726,0.1,0.1,0.1
0.812417,-0.089272,0.601421,0.1,0.1,0.1
0.737771,-0.102005,0.308971,0.1,0.1,0.1
1.083374,-0.545652,0.512297,0.1,0.1,0.1
1.112055,-0.486815,0.512297,0.1,0.1,0.1
0.651292,-0.116756,0.222292,0.1,0.1,0.1
0.556680,0.606757,0.365392,0.1,0.1,0.1
1.071440,0.310107,0.134069,0.1,0.1,0.1
1.175794,-0.184611,0.142046,0.1,0.1,0.1
1.033101,-0.685984,0.428407,0.1,0.1,0.1
0.847724,0.546920,0.204755,0.1,0.1,0.1
1.105592,-0.673619,0.236371,0.1,0.1,0.1
1.229230,-0.652529,0.355548,0.1,0.1,0.1
1.131880,-0.044226,0.670983,0.1,0.1,0.1
1.130143,-0.034043,0.351743,0.1,0.1,0.1
0.877436,0.681437,0.328021,0.1,0.1,0.1
1.086434,0.146248,0.664041,0.1,0.1,0.1
0.851365,0.657022,0.650349,0.1,0.1,0.1
0.736045,0.518199,0.683724,0.1,0.1,0.1
0.853787,-0.176769,0.683724,0.1,0.1,0.1
1.112865,0.184307,0.245615,0.1,0.1,0.1
0.905303,0.208402,0.512297,0.1,0.1,0.1
1.082453,0.362600,0.041884,0.1,0.1,0.1
0.979586,0.109447,0.683724,0.1,0.1,0.1
1.147407,-0.217832,0.683724,0.1,0.1,0.1
1.117655,0.039169,0.504450,0.1,0.1,0.1
0.756973,0.038460,0.512297,0.1,0.1,0.1
1.031505,-0.686256,0.555259,0.1,0.1,0.1
0.879447,0.661813,0.414847,0.1,0.1,0.1
0.992361,-0.513530,0.185072,0.1,0.1,0.1
1.014558,-0.500432,0.512297,0.1,0.1,0.1
1.181370,-0.217304,0.453674,0.1,0.1,0.1
0.966096,0.696560,0.434546,0.1,0.1,0.1
0.867897,0.262519,0.512297,0.1,0.1,0.1
0.880514,-0.055705,0.204755,0.1,0.1,0.1
1.002472,0.018184,0.664041,0.1,0.1,0.1
0.858994,-0.715683,0.223380,0.1,0.1,0.1
1.221262,-0.451169,0.250430,0.1,0.1,0.1
0.652051,0.107081,0.683724,0.1,0.1,0.1
1.081346,0.134539,0.204755,0.1,0.1,0.1
1.109723,0.085670,0.172692,0.1,0.1,0.1
0.953130,-0.679658,0.444138,0.1,0.1,0.1
1.213259,-0.511828,0.185072,0.1,0.1,0.1
0.854949,0.422649,0.185072,0.1,0.1,0.1
1.150359,-0.314648,0.204755,0.1,0.1,0.1
0.880161,0.622034,0.185072,0.1,0.1,0.1
0.783012,-0.290392,0.204755,0.1,0.1,0.1
0.883832,0.682528,0.415260,0.1,0.1,0.1
1.128938,-0.026977,0.119394,0.1,0.1,0.1
0.993281,-0.248500,0.512297,0.1,0.1,0.1
1.175061,-0.180319,0.098163,0.1,0.1,0.1
0.971935,-0.618183,0.512297,0.1,0.1,0.1
0.881554,-0.711834,0.393273,0.1,0.1,0.1
0.968971,0.545518,0.512297,0.1,0.1,0.1
1.212603,-0.517467,0.182309,0.1,0.1,0.1
0.810744,-0.089558,0.399582,0.1,0.1,0.1
0.911461,-0.686766,0.534520,0.1,0.1,0.1
0.830131,-0.720074,0.185072,0.1,0.1,0.1
1.082681,-0.657560,0.390306,0.1,0.1,0.1
0.745649,-0.715049,0.315206,0.1,0.1,0.1
1.188165,-0.374196,0.314595,0.1,0.1,0.1
0.594520,0.322170,0.185072,0.1,0.1,0.1
1.021895,-0.425491,0.512297,0.1,0.1,0.1
0.748046,0.093421,0.512297,0.1,0.1,0.1
0.928213,0.400094,0.204755,0.1,0.1,0.1
1.089147,-0.450188,0.204755,0.1,0.1,0.1
0.572264,0.609415,0.221638,0.1,0.1,0.1
1.028919,-0.436451,0.512297,0.1,0.1,0.1
0.921513,-0.468856,0.683724,0.1,0.1,0.1
0.826955,0.331994,0.512297,0.1,0.1,0.1
0.774452,0.643903,0.678780,0.1,0.1,0.1
0.812762,0.650438,0.548150,0.1,0.1,0.1
1.181304,-0.216917,0.382764,0.1,0.1,0.1
1.048620,0.443887,0.380690,0.1,0.1,0.1
0.991574,-0.465884,0.185072,0.1,0.1,0.1
0.665358,0.625294,0.665576,0.1,0.1,0.1
1.030369,-0.595772,0.512297,0.1,0.1,0.1
0.996205,0.701696,0.368148,0.1,0.1,0.1
1.058393,0.503651,0.597944,0.1,0.1,0.1
0.923651,-0.704654,0.355238,0.1,0.1,0.1
0.549676,0.567926,0.185072,0.1,0.1,0.1
1.031420,0.544725,0.011295,0.1,0.1,0.1
1.156713,-0.552345,0.664041,0.1,0.1,0.1
1.061106,0.487748,0.311356,0.1,0.1,0.1
0.940836,0.672284,0.399742,0.1,0.1,0.1
0.816709,-0.134839,0.512297,0.1,0.1,0.1
0.653816,0.335014,0.185072,0.1,0.1,0.1
0.999024,-0.481848,0.512297,0.1,0.1,0.1
1.158355,-0.603643,0.512297,0.1,0.1,0.1
0.894414,-0.709641,0.439405,0.1,0.1,0.1
0.980765,-0.100189,0.664041,0.1,0.1,0.1
0.921335,-0.705049,0.232225,0.1,0.1,0.1
0.806531,0.669342,0.643862,0.1,0.1,0.1
0.863361,-0.694970,0.504347,0.1,0.1,0.1
1.017526,0.491544,0.664041,0.1,0.1,0.1
0.775358,-0.329863,0.512297,0.1,0.1,0.1
1.113956,-0.672192,0.575059,0.1,0.1,0.1
0.803055,-0.408787,0.512297,0.1,0.1,0.1
1.209315,-0.381131,0.329334,0.1,0.1,0.1
1.250137,-0.638980,0.333567,0.1,0.1,0.1
0.587476,0.364710,0.664041,0.1,0.1,0.1
0.982360,-0.602421,0.185072,0.1,0.1,0.1
0.793096,0.640730,0.185072,0.1,0.1,0.1
0.512957,0.612244,0.638501,0.1,0.1,0.1
0.661624,0.556963,0.683724,0.1,0.1,0.1
1.144727,-0.450547,0.185072,0.1,0.1,0.1
1.054259,0.410829,0.488571,0.1,0.1,0.1
0.940984,-0.067342,0.448043,0.1,0.1,0.1
1.214030,-0.408776,0.503299,0.1,0.1,0.1
1.069553,-0.620588,0.185072,0.1,0.1,0.1
0.700174,-0.415380,0.185072,0.1,0.1,0.1
0.872262,-0.693452,0.635283,0.1,0.1,0.1
0.907877,0.057586,0.512297,0.1,0.1,0.1
1.147510,-0.018795,0.241499,0.1,0.1,0.1
1.198504,-0.434813,0.559668,0.1,0.1,0.1
0.768186,-0.201418,0.204755,0.1,0.1,0.1
0.911619,-0.072351,0.617222,0.1,0.1,0.1
0.619492,0.617471,0.589957,0.1,0.1,0.1
1.068219,0.310076,0.664041,0.1,0.1,0.1
0.951263,-0.699944,0.481157,0.1,0.1,0.1
1.245581,-0.593740,0.047803,0.1,0.1,0.1
1.198022,-0.314924,0.358302,0.1,0.1,0.1
1.206452,-0.364347,0.194446,0.1,0.1,0.1
0.910146,-0.673791,0.664041,0.1,0.1,0.1
1.042564,0.499696,0.664041,0.1,0.1,0.1
0.769418,-0.336568,0.664041,0.1,0.1,0.1
0.701932,-0.059163,0.683724,0.1,0.1,0.1
0.853332,-0.321521,0.512297,0.1,0.1,0.1
1.154168,-0.645366,0.589226,0.1,0.1,0.1
0.916184,-0.468100,0.185072,0.1,0.1,0.1
0.840422,-0.222661,0.185072,0.1,0.1,0.1
0.872777,0.660675,0.263181,0.1,0.1,0.1
0.762037,0.641785,0.444608,0.1,0.1,0.1
1.226034,-0.653075,0.498629,0.1,0.1,0.1
1.007229,0.686546,0.041646,0.1,0.1,0.1
1.222640,-0.576310,0.270205,0.1,0.1,0.1
1.228537,-0.610882,0.641646,0.1,0.1,0.1
1.032176,0.447862,0.683724,0.1,0.1,0.1
0.925380,-0.130784,0.512297,0.1,0.1,0.1
0.650527,-0.071222,0.664041,0.1,0.1,0.1
0.698458,0.315409,0.512297,0.1,0.1,0.1
1.012610,0.654997,0.286376,0.1,0.1,0.1
0.875122,-0.078576,0.440660,0.1,0.1,0.1
1.035395,-0.597195,0.512297,0.1,0.1,0.1
0.994794,0.102798,0.683724,0.1,0.1,0.1
0.587716,0.602792,0.512297,0.1,0.1,0.1
0.985461,-0.404248,0.204755,0.1,0.1,0.1
1.212112,-0.397532,0.115684,0.1,0.1,0.1
0.555248,0.566499,0.185072,0.1,0.1,0.1
0.743549,-0.555976,0.185072,0.1,0.1,0.1
0.864724,0.593991,0.204755,0.1,0.1,0.1
1.229296,-0.615332,0.197665,0.1,0.1,0.1
0.779413,0.662514,0.683724,0.1,0.1,0.1
1.014299,0.703626,0.594948,0.1,0.1,0.1
0.652254,0.540364,0.512297,0.1,0.1,0.1
1.235434,-0.534256,0.515190,0.1,0.1,0.1
0.744033,0.606561,0.683724,0.1,0.1,0.1
1.140570,-0.085529,0.673882,0.1,0.1,0.1
0.813372,-0.089109,0.316353,0.1,0.1,0.1
0.743097,-0.520115,0.664041,0.1,0.1,0.1
0.621674,0.578377,0.185072,0.1,0.1,0.1
0.780010,-0.094800,0.634995,0.1,0.1,0.1
1.209704,-0.610736,0.512297,0.1,0.1,0.1
0.812876,-0.723549,0.614290,0.1,0.1,0.1
1.066648,-0.546987,0.683724,0.1,0.1,0.1
1.217519,-0.429226,0.375519,0.1,0.1,0.1
0.854553,0.161641,0.512297,0.1,0.1,0.1
1.146426,-0.129499,0.183376,0.1,0.1,0.1
1.090653,-0.202552,0.185072,0.1,0.1,0.1
1.102216,0.246739,0.554981,0.1,0.1,0.1
1.026433,-0.027403,0.664041,0.1,0.1,0.1
1.088884,-0.579668,0.512297,0.1,0.1,0.1
0.682291,-0.152918,0.664041,0.1,0.1,0.1
1.002261,-0.237719,0.683724,0.1,0.1,0.1
0.874194,0.323080,0.512297,0.1,0.1,0.1
0.732159,-0.588442,0.185072,0.1,0.1,0.1
1.223793,-0.583070,0.082594,0.1,0.1,0.1
0.791188,0.666725,0.673137,0.1,0.1,0.1
0.977123,0.400506,0.185072,0.1,0.1,0.1
1.152062,-0.347050,0.512297,0.1,0.1,0.1
0.558212,0.399037,0.664041,0.1,0.1,0.1
0.891051,-0.690247,0.527388,0.1,0.1,0.1
0.994045,0.195344,0.512297,0.1,0.1,0.1
0.639997,-0.072188,0.664041,0.1,0.1,0.1
1.084915,0.348165,0.573228,0.1,0.1,0.1
0.630885,0.355190,0.185072,0.1,0.1,0.1
0.793487,-0.617545,0.683724,0.1,0.1,0.1
0.621644,0.088118,0.512297,0.1,0.1,0.1
1.140594,-0.095311,0.237098,0.1,0.1,0.1
1.127839,-0.649857,0.426352,0.1,0.1,0.1
1.044139,0.587219,0.020270,0.1,0.1,0.1
1.089183,0.206084,0.301878,0.1,0.1,0.1
0.987393,-0.052063,0.204755,0.1,0.1,0.1
0.954569,0.514516,0.185072,0.1,0.1,0.1
1.242408,-0.650282,0.270703,0.1,0.1,0.1
1.015337,0.639014,0.192645,0.1,0.1,0.1
1.059806,-0.489269,0.512297,0.1,0.1,0.1
0.563431,0.383814,0.664041,0.1,0.1,0.1
0.722522,-0.295606,0.664041,0.1,0.1,0.1
0.775311,-0.709248,0.683724,0.1,0.1,0.1
0.848885,-0.275590,0.683724,0.1,0.1,0.1
1.067990,-0.532693,0.512297,0.1,0.1,0.1
0.880496,-0.219199,0.185072,0.1,0.1,0.1
1.045282,0.580519,0.594586,0.1,0.1,0.1
0.629758,0.094966,0.512297,0.1,0.1,0.1
0.970414,-0.298164,0.664041,0.1,0.1,0.1
1.131981,-0.044820,0.414563,0.1,0.1,0.1
1.172551,-0.652214,0.664521,0.1,0.1,0.1
0.711880,-0.085952,0.185072,0.1,0.1,0.1
0.778374,-0.056509,0.664041,0.1,0.1,0.1
1.062725,0.478258,0.518033,0.1,0.1,0.1
0.743778,-0.100980,0.521945,0.1,0.1,0.1
0.936645,-0.123179,0.683724,0.1,0.1,0.1
0.968367,0.225826,0.185072,0.1,0.1,0.1
1.091343,-0.532529,0.185072,0.1,0.1,0.1
0.674764,-0.045826,0.512297,0.1,0.1,0.1
1.217241,-0.544657,0.268295,0.1,0.1,0.1
0.919937,0.104667,0.204755,0.1,0.1,0.1
1.059807,-0.355904,0.512297,0.1,0.1,0.1
1.099166,-0.568207,0.512297,0.1,0.1,0.1
0.654986,0.492580,0.664041,0.1,0.1,0.1
0.928920,0.549078,0.683724,0.1,0.1,0.1
0.846327,0.074934,0.512297,0.1,0.1,0.1
1.053847,0.413246,0.572776,0.1,0.1,0.1
0.772792,-0.730386,0.536689,0.1,0.1,0.1
0.873976,0.324512,0.664041,0.1,0.1,0.1
1.066918,0.336618,0.620269,0.1,0.1,0.1
1.023974,0.016116,0.512297,0.1,0.1,0.1
1.087710,-0.212007,0.185072,0.1,0.1,0.1
0.934678,-0.068418,0.372672,0.1,0.1,0.1
1.208851,-0.495468,0.443103,0.1,0.1,0.1
0.816765,0.008067,0.512297,0.1,0.1,0.1
1.084176,0.137553,0.683724,0.1,0.1,0.1
1.134289,-0.034369,0.525974,0.1,0.1,0.1
1.056821,0.512867,0.081503,0.1,0.1,0.1
0.859822,0.186225,0.664041,0.1,0.1,0.1
0.858709,-0.698543,0.512297,0.1,0.1,0.1
1.148888,-0.026874,0.098823,0.1,0.1,0.1
1.011868,0.546129,0.683724,0.1,0.1,0.1
0.994613,-0.058194,0.245010,0.1,0.1,0.1
1.122939,0.125253,0.424218,0.1,0.1,0.1
0.802155,-0.653656,0.204755,0.1,0.1,0.1
1.122425,-0.447506,0.683724,0.1,0.1,0.1
0.537179,0.603430,0.231683,0.1,0.1,0.1
1.200606,-0.330074,0.486376,0.1,0.1,0.1
0.514987,0.600343,0.521027,0.1,0.1,0.1
0.818662,0.068740,0.204755,0.1,0.1,0.1
0.812141,-0.291025,0.204755,0.1,0.1,0.1
0.860041,-0.081149,0.207618,0.1,0.1,0.1
1.118405,-0.671434,0.376126,0.1,0.1,0.1
0.998621,-0.255166,0.512297,0.1,0.1,0.1
0.809676,0.649911,0.638807,0.1,0.1,0.1
1.067212,-0.660198,0.512352,0.1,0.1,0.1
1.016843,0.688709,0.648452,0.1,0.1,0.1
1.066622,0.338353,0.171196,0.1,0.1,0.1
1.252173,-0.632388,0.336208,0.1,0.1,0.1
1.107769,0.097125,0.552048,0.1,0.1,0.1
0.803600,-0.213344,0.664041,0.1,0.1,0.1
0.903490,-0.193272,0.185072,0.1,0.1,0.1
1.032659,-0.024931,0.512297,0.1,0.1,0.1
1.153945,-0.056525,0.417759,0.1,0.1,0.1
1.068986,-0.045508,0.440415,0.1,0.1,0.1
0.668321,-0.113851,0.536942,0.1,0.1,0.1
0.872428,0.680583,0.500280,0.1,0.1,0.1
1.045662,0.461228,0.414124,0.1,0.1,0.1
1.151335,-0.041224,0.303690,0.1,0.1,0.1
0.714314,0.543872,0.512297,0.1,0.1,0.1
0.905630,-0.613929,0.512297,0.1,0.1,0.1
0.786524,-0.708077,0.394535,0.1,0.1,0.1
0.610685,0.587507,0.512297,0.1,0.1,0.1
1.021971,0.488772,0.512297,0.1,0.1,0.1
1.068675,-0.462901,0.204755,0.1,0.1,0.1
1.142508,-0.106530,0.607386,0.1,0.1,0.1
1.063178,-0.660886,0.434427,0.1,0.1,0.1
1.039253,0.498804,0.395066,0.1,0.1,0.1
0.957795,0.313064,0.683724,0.1,0.1,0.1
1.019292,-0.403851,0.664041,0.1,0.1,0.1
0.941832,0.034156,0.683724,0.1,0.1,0.1
0.935358,-0.068302,0.326143,0.1,0.1,0.1
0.685284,0.628693,0.580055,0.1,0.1,0.1
0.657537,0.623960,0.207194,0.1,0.1,0.1
1.118057,-0.037138,0.449141,0.1,0.1,0.1
0.918176,0.678402,0.673866,0.1,0.1,0.1
0.651516,0.083909,0.204755,0.1,0.1,0.1
1.199999,-0.637548,0.309611,0.1,0.1,0.1
1.085555,0.344416,0.177520,0.1,0.1,0.1
0.829009,-0.700830,0.496079,0.1,0.1,0.1
1.074352,-0.181917,0.185072,0.1,0.1,0.1
1.102611,0.127366,0.410285,0.1,0.1,0.1
1.042734,-0.664374,0.516275,0.1,0.1,0.1
0.715848,-0.105745,0.618879,0.1,0.1,0.1
0.877909,-0.483844,0.512297,0.1,0.1,0.1
1.080272,0.375385,0.273704,0.1,0.1,0.1
0.965919,-0.622951,0.512297,0.1,0.1,0.1
1.148943,-0.144256,0.565460,0.1,0.1,0.1
0.639626,0.201855,0.512297,0.1,0.1,0.1
0.648064,-0.117307,0.639215,0.1,0.1,0.1
1.014835,-0.091032,0.512297,0.1,0.1,0.1
0.943779,-0.174458,0.185072,0.1,0.1,0.1
0.774468,-0.302140,0.683724,0.1,0.1,0.1
1.034993,0.640835,0.250924,0.1,0.1,0.1
0.967999,0.000216,0.683724,0.1,0.1,0.1
0.878103,0.661583,0.509438,0.1,0.1,0.1
1.065679,0.343879,0.096013,0.1,0.1,0.1
1.094952,-0.041079,0.370162,0.1,0.1,0.1
1.038173,-0.438934,0.512297,0.1,0.1,0.1
0.633906,0.471619,0.664041,0.1,0.1,0.1
1.061908,-0.046715,0.501547,0.1,0.1,0.1
0.842674,-0.394986,0.512297,0.1,0.1,0.1
0.861305,-0.695321,0.662076,0.1,0.1,0.1
1.012309,0.656765,0.291882,0.1,0.1,0.1
1.056188,0.397258,0.204755,0.1,0.1,0.1
1.095600,0.285525,0.338047,0.1,0.1,0.1
1.130008,-0.345926,0.185072,0.1,0.1,0.1
0.941942,-0.067179,0.202097,0.1,0.1,0.1
1.045535,-0.550136,0.185072,0.1,0.1,0.1
0.887196,-0.076517,0.352580,0.1,0.1,0.1
0.745242,0.646282,0.683724,0.1,0.1,0.1
0.796906,0.506844,0.204755,0.1,0.1,0.1
0.800029,-0.443610,0.664041,0.1,0.1,0.1
0.899620,0.234849,0.664041,0.1,0.1,0.1
0.851889,-0.455502,0.512297,0.1,0.1,0.1
1.142095,-0.104113,0.573331,0.1,0.1,0.1
1.024681,0.326522,0.512297,0.1,0.1,0.1
1.017322,0.244738,0.185072,0.1,0.1,0.1
1.156966,-0.074231,0.172830,0.1,0.1,0.1
0.724211,-0.082136,0.204755,0.1,0.1,0.1
0.766481,-0.421058,0.664041,0.1,0.1,0.1
0.972866,-0.676291,0.379429,0.1,0.1,0.1
0.721654,0.211978,0.664041,0.1,0.1,0.1
0.933434,-0.514595,0.512297,0.1,0.1,0.1
0.734062,0.216172,0.512297,0.1,0.1,0.1
1.037792,0.624429,0.109144,0.1,0.1,0.1
1.078391,-0.161565,0.512297,0.1,0.1,0.1
0.685670,-0.012926,0.664041,0.1,0.1,0.1
0.987104,-0.478512,0.185072,0.1,0.1,0.1
0.912273,0.249561,0.185072,0.1,0.1,0.1
0.531081,0.567355,0.512297,0.1,0.1,0.1
1.193982,-0.291239,0.314732,0.1,0.1,0.1
0.660007,0.644349,0.322550,0.1,0.1,0.1
1.168437,-0.263282,0.664041,0.1,0.1,0.1
0.704664,-0.498812,0.683724,0.1,0.1,0.1
0.712213,-0.408684,0.512297,0.1,0.1,0.1
0.881770,-0.090822,0.664041,0.1,0.1,0.1
0.888495,0.475149,0.204755,0.1,0.1,0.1
0.818709,0.254925,0.664041,0.1,0.1,0.1
0.571544,0.333706,0.512297,0.1,0.1,0.1
0.824152,0.672348,0.578588,0.1,0.1,0.1
1.230723,-0.632307,0.248740,0.1,0.1,0.1
0.890615,0.515576,0.683724,0.1,0.1,0.1
0.917677,-0.223282,0.664041,0.1,0.1,0.1
1.013854,0.647708,0.179897,0.1,0.1,0.1
0.632279,0.300607,0.512297,0.1,0.1,0.1
0.877368,0.217334,0.512297,0.1,0.1,0.1
0.763427,-0.151121,0.664041,0.1,0.1,0.1
1.107228,-0.038985,0.528195,0.1,0.1,0.1
1.133926,-0.668786,0.572988,0.1,0.1,0.1
0.708895,-0.106931,0.588321,0.1,0.1,0.1
1.097054,-0.040720,0.423909,0.1,0.1,0.1
0.901060,-0.166503,0.664041,0.1,0.1,0.1
1.222371,-0.457671,0.066406,0.1,0.1,0.1
0.931090,0.047615,0.185072,0.1,0.1,0.1
0.710266,0.572315,0.683724,0.1,0.1,0.1
0.581668,0.267163,0.664041,0.1,0.1,0.1
0.542680,0.513133,0.512297,0.1,0.1,0.1
0.567739,0.291924,0.512297,0.1,0.1,0.1
0.764992,-0.422468,0.512297,0.1,0.1,0.1
1.020648,-0.668141,0.217361,0.1,0.1,0.1
0.704474,-0.107685,0.219645,0.1,0.1,0.1
1.035444,-0.540733,0.664041,0.1,0.1,0.1
1.178646,-0.201332,0.328590,0.1,0.1,0.1
0.817416,0.651232,0.436091,0.1,0.1,0.1
1.115849,-0.037515,0.683138,0.1,0.1,0.1
1.086662,0.260773,0.683724,0.1,0.1,0.1
1.175156,-0.180875,0.204120,0.1,0.1,0.1
0.859508,0.032638,0.204755,0.1,0.1,0.1
1.097134,0.276533,0.028830,0.1,0.1,0.1
0.759376,0.310697,0.664041,0.1,0.1,0.1
1.165890,-0.243611,0.446102,0.1,0.1,0.1
1.247029,-0.602232,0.210452,0.1,0.1,0.1
1.086261,-0.627460,0.204755,0.1,0.1,0.1
1.096484,0.280345,0.341702,0.1,0.1,0.1
0.768969,-0.096683,0.518059,0.1,0.1,0.1
0.766960,0.300307,0.664041,0.1,0.1,0.1
0.969978,-0.062396,0.281067,0.1,0.1,0.1
1.156843,-0.190573,0.312332,0.1,0.1,0.1
1.029046,0.558641,0.366522,0.1,0.1,0.1
0.839569,0.603049,0.185072,0.1,0.1,0.1
0.640198,-0.098089,0.512297,0.1,0.1,0.1
0.682975,-0.149089,0.512297,0.1,0.1,0.1
0.811968,0.215972,0.512297,0.1,0.1,0.1
0.883564,-0.337975,0.683724,0.1,0.1,0.1
0.830025,0.482395,0.185072,0.1,0.1,0.1
1.112902,-0.038017,0.219837,0.1,0.1,0.1
1.056033,0.400429,0.369296,0.1,0.1,0.1
0.876143,0.223502,0.664041,0.1,0.1,0.1
1.220640,-0.564583,0.049353,0.1,0.1,0.1
0.785326,0.665725,0.549796,0.1,0.1,0.1
1.129237,0.088330,0.167889,0.1,0.1,0.1
0.998000,-0.105763,0.512297,0.1,0.1,0.1
0.648643,-0.183218,0.185769,0.1,0.1,0.1
0.967119,0.651305,0.185072,0.1,0.1,0.1
1.203368,-0.346268,0.095554,0.1,0.1,0.1
0.923448,-0.234909,0.664041,0.1,0.1,0.1
1.071291,-0.256121,0.683724,0.1,0.1,0.1
0.777560,-0.095218,0.431911,0.1,0.1,0.1
0.918104,0.668406,0.254136,0.1,0.1,0.1
0.594344,0.633149,0.449805,0.1,0.1,0.1
0.832009,-0.104478,0.512297,0.1,0.1,0.1
1.004678,0.063481,0.664041,0.1,0.1,0.1
0.742831,-0.038536,0.664041,0.1,0.1,0.1
1.046320,0.010444,0.512297,0.1,0.1,0.1
1.111834,0.073295,0.465553,0.1,0.1,0.1
0.621252,0.036185,0.185072,0.1,0.1,0.1
1.039277,-0.385318,0.512297,0.1,0.1,0.1
0.882917,-0.077247,0.404071,0.1,0.1,0.1
0.890005,0.656590,0.512297,0.1,0.1,0.1
0.911050,-0.354578,0.512297,0.1,0.1,0.1
0.752356,0.178965,0.512297,0.1,0.1,0.1
1.090010,-0.041922,0.677834,0.1,0.1,0.1
1.228438,-0.493242,0.599306,0.1,0.1,0.1
0.744959,-0.075956,0.185072,0.1,0.1,0.1
0.586288,0.502064,0.204755,0.1,0.1,0.1
0.949899,-0.065821,0.638351,0.1,0.1,0.1
1.010892,-0.578092,0.512297,0.1,0.1,0.1
0.982268,0.282733,0.204755,0.1,0.1,0.1
1.177598,-0.195192,0.140343,0.1,0.1,0.1
1.061018,-0.681222,0.337044,0.1,0.1,0.1
0.713615,0.264286,0.683724,0.1,0.1,0.1
0.567828,0.344408,0.683724,0.1,0.1,0.1
1.184873,-0.660096,0.212825,0.1,0.1,0.1
0.816424,-0.615604,0.512297,0.1,0.1,0.1
0.874352,0.251844,0.664041,0.1,0.1,0.1
1.109115,0.206291,0.424967,0.1,0.1,0.1
1.161610,-0.101458,0.178152,0.1,0.1,0.1
1.229099,-0.497115,0.469032,0.1,0.1,0.1
0.908161,0.604762,0.185072,0.1,0.1,0.1
0.921478,-0.070669,0.218619,0.1,0.1,0.1
0.793099,-0.706955,0.674914,0.1,0.1,0.1
1.105369,0.228253,0.240021,0.1,0.1,0.1
0.556168,0.546641,0.664041,0.1,0.1,0.1
0.571516,0.341404,0.683724,0.1,0.1,0.1
1.229268,-0.498106,0.383729,0.1,0.1,0.1
0.805655,-0.068099,0.204755,0.1,0.1,0.1
1.219242,-0.614833,0.204755,0.1,0.1,0.1
0.728569,0.533163,0.512297,0.1,0.1,0.1
1.091812,-0.041615,0.460263,0.1,0.1,0.1
1.197186,-0.586050,0.512297,0.1,0.1,0.1
1.044855,0.465963,0.438822,0.1,0.1,0.1
0.653582,0.531700,0.683724,0.1,0.1,0.1
1.010618,0.694171,0.597211,0.1,0.1,0.1
0.941284,-0.109482,0.512297,0.1,0.1,0.1
0.822841,0.085245,0.512297,0.1,0.1,0.1
0.880267,0.681920,0.488566,0.1,0.1,0.1
0.567951,0.435984,0.512297,0.1,0.1,0.1
0.626301,0.402447,0.204755,0.1,0.1,0.1
1.097729,0.273046,0.110629,0.1,0.1,0.1
1.179841,-0.342797,0.683724,0.1,0.1,0.1
1.151476,-0.042047,0.255730,0.1,0.1,0.1
0.632463,-0.003616,0.512297,0.1,0.1,0.1
1.059124,0.382309,0.081473,0.1,0.1,0.1
0.869327,-0.337280,0.204755,0.1,0.1,0.1
1.205049,-0.656654,0.466165,0.1,0.1,0.1
1.063676,0.472680,0.406124,0.1,0.1,0.1
1.207185,-0.568545,0.683724,0.1,0.1,0.1
0.748674,-0.538861,0.185072,0.1,0.1,0.1
0.977150,0.081465,0.683724,0.1,0.1,0.1
0.844628,-0.083778,0.477368,0.1,0.1,0.1
1.064233,-0.680674,0.602619,0.1,0.1,0.1
0.553255,0.615381,0.204755,0.1,0.1,0.1
0.966887,-0.146154,0.204755,0.1,0.1,0.1
0.740946,-0.101463,0.642984,0.1,0.1,0.1
1.097404,-0.630231,0.512297,0.1,0.1,0.1
1.199291,-0.439425,0.239460,0.1,0.1,0.1
1.175304,-0.181744,0.532179,0.1,0.1,0.1
1.015414,0.685005,0.226007,0.1,0.1,0.1
0.773974,0.035745,0.512297,0.1,0.1,0.1
0.743390,-0.101047,0.422449,0.1,0.1,0.1
0.982142,-0.060322,0.395001,0.1,0.1,0.1
0.873812,0.267078,0.204755,0.1,0.1,0.1
1.059145,0.382186,0.480863,0.1,0.1,0.1
1.058062,-0.052593,0.664041,0.1,0.1,0.1
1.196037,-0.420350,0.448385,0.1,0.1,0.1
0.699312,0.006501,0.512297,0.1,0.1,0.1
1.051548,0.543780,0.084006,0.1,0.1,0.1
1.058768,0.442923,0.664196,0.1,0.1,0.1
0.827702,-0.419118,0.664041,0.1,0.1,0.1
1.203444,-0.443437,0.512297,0.1,0.1,0.1
1.056331,-0.047667,0.556200,0.1,0.1,0.1
0.747058,0.639230,0.544616,0.1,0.1,0.1
0.620208,0.486224,0.683724,0.1,0.1,0.1
0.966643,-0.062965,0.610554,0.1,0.1,0.1
1.175388,-0.299296,0.475288,0.1,0.1,0.1
0.696579,0.402049,0.185072,0.1,0.1,0.1
0.697814,0.114008,0.204755,0.1,0.1,0.1
1.065282,0.346209,0.597644,0.1,0.1,0.1
0.720349,0.654642,0.676102,0.1,0.1,0.1
0.888141,-0.076356,0.620556,0.1,0.1,0.1
0.967144,-0.404971,0.185072,0.1,0.1,0.1
0.955144,-0.357448,0.683724,0.1,0.1,0.1
1.094096,0.177283,0.429814,0.1,0.1,0.1
0.963369,0.316946,0.683724,0.1,0.1,0.1
0.954069,0.566600,0.512297,0.1,0.1,0.1
1.067045,-0.457862,0.185072,0.1,0.1,0.1
1.244043,-0.584728,0.176209,0.1,0.1,0.1
1.210790,-0.506839,0.315612,0.1,0.1,0.1
0.531409,0.622413,0.484034,0.1,0.1,0.1
1.199565,-0.323971,0.308501,0.1,0.1,0.1
0.522389,0.590849,0.664041,0.1,0.1,0.1
0.947271,0.206924,0.683724,0.1,0.1,0.1
1.108953,-0.038691,0.229017,0.1,0.1,0.1
0.712820,-0.106261,0.186463,0.1,0.1,0.1
0.680031,0.018575,0.683724,0.1,0.1,0.1
1.130347,-0.035238,0.658123,0.1,0.1,0.1
1.219090,-0.555495,0.240092,0.1,0.1,0.1
1.120311,0.023596,0.296385,0.1,0.1,0.1
0.837405,-0.230215,0.664041,0.1,0.1,0.1
0.997212,0.208760,0.185072,0.1,0.1,0.1
1.075164,-0.536572,0.512297,0.1,0.1,0.1
1.004036,0.370313,0.185072,0.1,0.1,0.1
0.850134,-0.596698,0.683724,0.1,0.1,0.1
0.843834,0.314233,0.185072,0.1,0.1,0.1
0.600288,0.470108,0.664041,0.1,0.1,0.1
0.936377,0.120874,0.664041,0.1,0.1,0.1
1.108786,-0.340769,0.512297,0.1,0.1,0.1
0.824537,-0.721560,0.601051,0.1,0.1,0.1
1.119664,0.027389,0.659567,0.1,0.1,0.1
1.152224,-0.645698,0.529377,0.1,0.1,0.1
1.003766,-0.035806,0.185072,0.1,0.1,0.1
1.161106,-0.428923,0.683724,0.1,0.1,0.1
1.228973,-0.613439,0.040118,0.1,0.1,0.1
0.892621,-0.258432,0.185072,0.1,0.1,0.1
0.728344,0.334792,0.512297,0.1,0.1,0.1
1.036582,0.514461,0.546707,0.1,0.1,0.1
0.984181,-0.161247,0.664041,0.1,0.1,0.1
1.060465,0.178037,0.683724,0.1,0.1,0.1
1.060904,0.488935,0.235791,0.1,0.1,0.1
1.202204,-0.456500,0.655475,0.1,0.1,0.1
1.223292,-0.463075,0.037834,0.1,0.1,0.1
0.959966,-0.025791,0.185072,0.1,0.1,0.1
1.040516,-0.201544,0.512297,0.1,0.1,0.1
1.016859,0.018680,0.512297,0.1,0.1,0.1
0.699335,-0.105616,0.512297,0.1,0.1,0.1
1.012567,0.656097,0.664041,0.1,0.1,0.1
1.076345,-0.044253,0.434302,0.1,0.1,0.1
0.726086,-0.103998,0.225041,0.1,0.1,0.1
0.648194,0.102443,0.683724,0.1,0.1,0.1
0.789138,0.646408,0.383149,0.1,0.1,0.1
1.112941,-0.531694,0.664041,0.1,0.1,0.1
0.602307,0.167116,0.512297,0.1,0.1,0.1
0.636858,0.542918,0.204755,0.1,0.1,0.1
0.941110,-0.067321,0.665945,0.1,0.1,0.1
0.993928,-0.058311,0.447937,0.1,0.1,0.1
1.215441,-0.534105,0.498662,0.1,0.1,0.1
1.051398,0.427604,0.173634,0.1,0.1,0.1
1.085290,-0.042727,0.437226,0.1,0.1,0.1
1.175012,-0.297089,0.477973,0.1,0.1,0.1
0.977831,0.511488,0.512297,0.1,0.1,0.1
0.920808,-0.070783,0.518580,0.1,0.1,0.1
1.214317,-0.498641,0.000000,0.1,0.1,0.1
1.174257,-0.369556,0.512297,0.1,0.1,0.1
1.020483,0.322743,0.204755,0.1,0.1,0.1
0.871730,0.402456,0.185072,0.1,0.1,0.1
1.102121,0.247297,0.065267,0.1,0.1,0.1
1.004654,-0.421916,0.512297,0.1,0.1,0.1
0.968940,0.055125,0.185072,0.1,0.1,0.1
1.017090,-0.406294,0.664041,0.1,0.1,0.1
0.835647,-0.719665,0.253064,0.1,0.1,0.1
1.067698,0.449103,0.376085,0.1,0.1,0.1
0.808008,-0.214087,0.683724,0.1,0.1,0.1
0.764057,-0.204840,0.204755,0.1,0.1,0.1
0.883447,-0.698319,0.512297,0.1,0.1,0.1
1.011396,-0.231661,0.512297,0.1,0.1,0.1
1.207374,-0.449078,0.204755,0.1,0.1,0.1
0.819426,-0.324418,0.683724,0.1,0.1,0.1
1.033391,0.650229,0.531773,0.1,0.1,0.1
0.953669,-0.679566,0.275346,0.1,0.1,0.1
0.731576,-0.189327,0.185072,0.1,0.1,0.1
0.914025,0.157674,0.512297,0.1,0.1,0.1
0.929909,-0.031214,0.512297,0.1,0.1,0.1
0.724430,-0.440761,0.185072,0.1,0.1,0.1
0.669791,0.646018,0.252137,0.1,0.1,0.1
1.077497,-0.259110,0.204755,0.1,0.1,0.1
0.753190,-0.221563,0.512297,0.1,0.1,0.1
0.742416,0.159169,0.683724,0.1,0.1,0.1
1.008694,0.677958,0.301907,0.1,0.1,0.1
0.973786,0.542624,0.683724,0.1,0.1,0.1
0.759442,-0.558525,0.664041,0.1,0.1,0.1
1.008152,-0.184245,0.683724,0.1,0.1,0.1
1.248931,-0.613380,0.211903,0.1,0.1,0.1
0.681252,-0.177819,0.683724,0.1,0.1,0.1
0.596518,0.613552,0.234632,0.1,0.1,0.1
1.007817,0.683097,0.375736,0.1,0.1,0.1
1.162858,-0.108779,0.156452,0.1,0.1,0.1
0.826585,0.193279,0.683724,0.1,0.1,0.1
0.778349,0.416106,0.512297,0.1,0.1,0.1
0.911107,-0.648487,0.664041,0.1,0.1,0.1
1.082485,-0.677561,0.248523,0.1,0.1,0.1
1.224653,-0.471054,0.335417,0.1,0.1,0.1
0.778069,0.477919,0.204755,0.1,0.1,0.1
0.975328,0.580338,0.664041,0.1,0.1,0.1
0.824530,0.611024,0.664041,0.1,0.1,0.1
0.709167,0.035566,0.204755,0.1,0.1,0.1
0.994074,0.163627,0.512297,0.1,0.1,0.1
1.019237,0.398254,0.185072,0.1,0.1,0.1
0.899283,-0.708810,0.205825,0.1,0.1,0.1
0.774550,-0.204219,0.683724,0.1,0.1,0.1
1.171013,-0.642493,0.646536,0.1,0.1,0.1
1.069571,0.438119,0.304799,0.1,0.1,0.1
1.171455,-0.159175,0.356957,0.1,0.1,0.1
0.779938,0.077123,0.204755,0.1,0.1,0.1
0.876203,0.681227,0.389957,0.1,0.1,0.1
0.902337,-0.225110,0.664041,0.1,0.1,0.1
0.816774,0.635849,0.204755,0.1,0.1,0.1
0.868621,-0.694073,0.513674,0.1,0.1,0.1
1.126561,0.104019,0.300279,0.1,0.1,0.1
0.921503,-0.692864,0.664041,0.1,0.1,0.1
1.098469,-0.654867,0.236021,0.1,0.1,0.1
0.790725,-0.092972,0.560549,0.1,0.1,0.1
0.787675,-0.230634,0.683724,0.1,0.1,0.1
0.756739,-0.116552,0.512297,0.1,0.1,0.1
1.086967,0.336137,0.564982,0.1,0.1,0.1
1.120117,0.024734,0.366739,0.1,0.1,0.1
1.013828,0.647860,0.078222,0.1,0.1,0.1
1.208977,-0.496212,0.016841,0.1,0.1,0.1
1.066546,0.338795,0.426800,0.1,0.1,0.1
0.911149,0.569484,0.185072,0.1,0.1,0.1
1.084535,-0.235505,0.204755,0.1,0.1,0.1
1.250152,-0.638977,0.234756,0.1,0.1,0.1
0.625524,0.638467,0.294401,0.1,0.1,0.1
0.999131,-0.057424,0.191419,0.1,0.1,0.1
0.797748,-0.521506,0.512297,0.1,0.1,0.1
0.879938,-0.655117,0.185072,0.1,0.1,0.1
0.917731,-0.010980,0.512297,0.1,0.1,0.1
1.130731,-0.034976,0.408315,0.1,0.1,0.1
1.121006,0.136583,0.102806,0.1,0.1,0.1
0.763607,0.210078,0.512297,0.1,0.1,0.1
0.663531,0.535575,0.185072,0.1,0.1,0.1
1.075195,-0.044449,0.575008,0.1,0.1,0.1
0.844761,0.675863,0.547422,0.1,0.1,0.1
0.711792,0.653182,0.224834,0.1,0.1,0.1
1.063128,0.152968,0.185072,0.1,0.1,0.1
1.222759,-0.459945,0.337161,0.1,0.1,0.1
0.641536,0.450934,0.683724,0.1,0.1,0.1
1.036862,-0.200116,0.185072,0.1,0.1,0.1
0.634972,0.166964,0.664041,0.1,0.1,0.1
0.921219,-0.641948,0.664041,0.1,0.1,0.1
0.616771,0.118584,0.683724,0.1,0.1,0.1
0.725300,-0.024320,0.204755,0.1,0.1,0.1
1.207209,-0.485846,0.442036,0.1,0.1,0.1
0.526288,0.534092,0.666415,0.1,0.1,0.1
0.849986,0.352292,0.204755,0.1,0.1,0.1
1.039832,0.545751,0.683724,0.1,0.1,0.1
0.927470,-0.378437,0.664041,0.1,0.1,0.1
0.925166,0.689578,0.654754,0.1,0.1,0.1
0.844524,-0.039767,0.512297,0.1,0.1,0.1
1.052769,0.467923,0.512297,0.1,0.1,0.1
0.846888,0.656259,0.588955,0.1,0.1,0.1
0.797609,0.125338,0.683724,0.1,0.1,0.1
0.772645,-0.710444,0.585889,0.1,0.1,0.1
1.206501,-0.364636,0.528907,0.1,0.1,0.1
0.851815,-0.172738,0.512297,0.1,0.1,0.1
0.573638,0.256499,0.201277,0.1,0.1,0.1
0.985709,-0.059713,0.486416,0.1,0.1,0.1
0.811837,-0.723726,0.622974,0.1,0.1,0.1
1.098097,0.153830,0.279464,0.1,0.1,0.1
0.759822,0.010531,0.683724,0.1,0.1,0.1
0.832065,0.365202,0.664041,0.1,0.1,0.1
0.669304,-0.186282,0.204755,0.1,0.1,0.1
0.789179,0.262087,0.512297,0.1,0.1,0.1
1.097721,0.156031,0.231897,0.1,0.1,0.1
1.115537,-0.671923,0.545921,0.1,0.1,0.1
0.860897,0.658648,0.610072,0.1,0.1,0.1
0.894538,-0.140245,0.683724,0.1,0.1,0.1
0.694120,0.630201,0.379002,0.1,0.1,0.1
0.944726,-0.416291,0.664041,0.1,0.1,0.1
1.192150,-0.656286,0.185072,0.1,0.1,0.1
1.121671,-0.583369,0.683724,0.1,0.1,0.1
1.080791,0.255283,0.063036,0.1,0.1,0.1
0.938843,-0.024811,0.512297,0.1,0.1,0.1
0.571528,0.461488,0.185072,0.1,0.1,0.1
0.667985,-0.113909,0.423553,0.1,0.1,0.1
0.641626,-0.118405,0.674971,0.1,0.1,0.1
0.688099,-0.390228,0.204755,0.1,0.1,0.1
0.952743,-0.065336,0.292203,0.1,0.1,0.1
0.710350,0.632969,0.454026,0.1,0.1,0.1
0.850253,0.273704,0.664041,0.1,0.1,0.1
0.689177,0.258415,0.512297,0.1,0.1,0.1
0.617809,0.422681,0.664041,0.1,0.1,0.1
1.042551,0.596530,0.336965,0.1,0.1,0.1
1.222076,-0.573001,0.496712,0.1,0.1,0.1
0.958480,-0.353766,0.683724,0.1,0.1,0.1
1.081309,-0.043406,0.231354,0.1,0.1,0.1
0.932536,0.043308,0.204755,0.1,0.1,0.1
0.959028,-0.064264,0.666323,0.1,0.1,0.1
1.015980,0.685102,0.282195,0.1,0.1,0.1
1.033060,0.535107,0.459793,0.1,0.1,0.1
1.107799,0.096952,0.464722,0.1,0.1,0.1
1.108623,-0.215633,0.664041,0.1,0.1,0.1
1.164706,-0.236672,0.362646,0.1,0.1,0.1
0.737231,0.494525,0.204755,0.1,0.1,0.1
0.711152,-0.106546,0.474444,0.1,0.1,0.1
1.135093,-0.063060,0.068716,0.1,0.1,0.1
1.026104,0.575892,0.250863,0.1,0.1,0.1
1.008387,0.679754,0.294716,0.1,0.1,0.1
0.599726,0.333925,0.185072,0.1,0.1,0.1
0.758957,-0.712779,0.343535,0.1,0.1,0.1
1.055139,0.522730,0.491372,0.1,0.1,0.1
1.102529,0.127845,0.036252,0.1,0.1,0.1
1.048290,-0.118216,0.204755,0.1,0.1,0.1
1.069082,0.440990,0.106869,0.1,0.1,0.1
1.040856,0.606462,0.041262,0.1,0.1,0.1
1.072071,0.306409,0.167110,0.1,0.1,0.1
1.086032,-0.042601,0.392294,0.1,0.1,0.1
0.878841,-0.712297,0.552078,0.1,0.1,0.1
0.842634,0.655533,0.682833,0.1,0.1,0.1
0.859268,0.414704,0.512297,0.1,0.1,0.1
0.618212,0.079226,0.664041,0.1,0.1,0.1
0.629291,0.552839,0.512297,0.1,0.1,0.1
0.924952,0.000654,0.512297,0.1,0.1,0.1
1.101192,0.252744,0.556141,0.1,0.1,0.1
1.024651,-0.687426,0.258884,0.1,0.1,0.1
1.015004,0.659926,0.204755,0.1,0.1,0.1
0.732814,-0.102851,0.498607,0.1,0.1,0.1
1.207038,-0.367783,0.374425,0.1,0.1,0.1
1.062665,0.361552,0.361803,0.1,0.1,0.1
0.936344,0.308980,0.185072,0.1,0.1,0.1
0.912417,0.232002,0.683724,0.1,0.1,0.1
0.773229,-0.095957,0.281973,0.1,0.1,0.1
0.847039,-0.083367,0.514050,0.1,0.1,0.1
1.223721,-0.465586,0.415530,0.1,0.1,0.1
0.735741,-0.355255,0.204755,0.1,0.1,0.1
0.786505,-0.093692,0.530041,0.1,0.1,0.1
0.892109,0.453397,0.204755,0.1,0.1,0.1
1.144425,-0.117769,0.175481,0.1,0.1,0.1
0.999990,0.132514,0.512297,0.1,0.1,0.1
1.116349,0.046826,0.539599,0.1,0.1,0.1
0.923001,-0.584673,0.204755,0.1,0.1,0.1
1.079840,0.377920,0.100016,0.1,0.1,0.1
1.099736,0.144217,0.449972,0.1,0.1,0.1
0.892668,0.067240,0.512297,0.1,0.1,0.1
0.875899,-0.572130,0.512297,0.1,0.1,0.1
0.960670,-0.698339,0.186633,0.1,0.1,0.1
1.230046,-0.619725,0.424862,0.1,0.1,0.1
1.062229,0.364105,0.006836,0.1,0.1,0.1
1.074904,-0.044499,0.519745,0.1,0.1,0.1
1.015216,0.639718,0.410066,0.1,0.1,0.1
1.112424,-0.425106,0.185072,0.1,0.1,0.1
0.709200,-0.268242,0.683724,0.1,0.1,0.1
0.853199,0.170693,0.512297,0.1,0.1,0.1
1.180684,-0.330340,0.273446,0.1,0.1,0.1
0.894036,-0.357116,0.512297,0.1,0.1,0.1
0.829603,-0.086341,0.392802,0.1,0.1,0.1
0.812396,0.536910,0.512297,0.1,0.1,0.1
0.878386,-0.078020,0.380075,0.1,0.1,0.1
0.914950,-0.706138,0.497677,0.1,0.1,0.1
0.699479,0.096414,0.185072,0.1,0.1,0.1
1.121551,-0.036542,0.486770,0.1,0.1,0.1
1.103527,0.121993,0.044105,0.1,0.1,0.1
1.071277,0.428122,0.187972,0.1,0.1,0.1
1.000640,-0.057166,0.400796,0.1,0.1,0.1
0.623660,0.359395,0.683724,0.1,0.1,0.1
0.924133,0.467948,0.204755,0.1,0.1,0.1
1.213796,-0.407400,0.155909,0.1,0.1,0.1
0.870707,0.654925,0.204755,0.1,0.1,0.1
0.780615,-0.227765,0.683724,0.1,0.1,0.1
0.807669,0.290855,0.185072,0.1,0.1,0.1
1.072455,0.304157,0.385983,0.1,0.1,0.1
0.678402,0.575748,0.512297,0.1,0.1,0.1
1.225298,-0.506735,0.673882,0.1,0.1,0.1
0.970247,-0.101551,0.512297,0.1,0.1,0.1
0.872798,0.447622,0.185072,0.1,0.1,0.1
0.864316,-0.341180,0.664041,0.1,0.1,0.1
1.214845,-0.472079,0.680256,0.1,0.1,0.1
0.866708,-0.694399,0.191052,0.1,0.1,0.1
0.820881,0.020568,0.664041,0.1,0.1,0.1
1.040970,-0.626838,0.512297,0.1,0.1,0.1
0.733010,0.080280,0.185072,0.1,0.1,0.1
1.139971,0.025400,0.137350,0.1,0.1,0.1
1.118422,-0.594054,0.185072,0.1,0.1,0.1
1.200265,-0.328077,0.598462,0.1,0.1,0.1
0.764646,0.328280,0.512297,0.1,0.1,0.1
0.983958,-0.694367,0.487695,0.1,0.1,0.1
1.148140,-0.196530,0.204755,0.1,0.1,0.1
1.058504,0.167340,0.204755,0.1,0.1,0.1
0.896619,0.188306,0.185072,0.1,0.1,0.1
1.152227,-0.046452,0.408598,0.1,0.1,0.1
0.952723,-0.132860,0.664041,0.1,0.1,0.1
0.810064,0.507313,0.185072,0.1,0.1,0.1
0.924479,0.669494,0.574925,0.1,0.1,0.1
1.037896,0.506756,0.065740,0.1,0.1,0.1
0.889265,0.276545,0.664041,0.1,0.1,0.1
0.864937,-0.694701,0.365727,0.1,0.1,0.1
0.868314,0.482227,0.683724,0.1,0.1,0.1
1.048447,0.411019,0.204755,0.1,0.1,0.1
0.977687,-0.684909,0.185072,0.1,0.1,0.1
1.032123,0.657665,0.116323,0.1,0.1,0.1
1.101166,0.252893,0.086637,0.1,0.1,0.1
0.719394,0.406903,0.512297,0.1,0.1,0.1
0.918082,0.117381,0.512297,0.1,0.1,0.1
0.939627,-0.317066,0.512297,0.1,0.1,0.1
1.060154,-0.405170,0.512297,0.1,0.1,0.1
1.063637,-0.660808,0.433445,0.1,0.1,0.1
0.833503,0.009988,0.512297,0.1,0.1,0.1
0.545749,0.502327,0.512297,0.1,0.1,0.1
1.084013,0.236393,0.484004,0.1,0.1,0.1
0.867592,-0.331166,0.185072,0.1,0.1,0.1
1.138519,-0.083145,0.355696,0.1,0.1,0.1
0.952278,0.026584,0.204755,0.1,0.1,0.1
1.158338,-0.199338,0.365291,0.1,0.1,0.1
0.595389,0.404170,0.512297,0.1,0.1,0.1
0.899838,0.665291,0.613160,0.1,0.1,0.1
0.900466,0.206340,0.204755,0.1,0.1,0.1
1.039421,0.354352,0.204755,0.1,0.1,0.1
0.703121,-0.477144,0.204755,0.1,0.1,0.1
1.018949,-0.466298,0.664041,0.1,0.1,0.1
0.740988,0.071370,0.204755,0.1,0.1,0.1
1.034971,0.282086,0.683724,0.1,0.1,0.1
1.007371,0.685715,0.411603,0.1,0.1,0.1
1.192251,-0.398151,0.631204,0.1,0.1,0.1
0.676103,0.543991,0.512297,0.1,0.1,0.1
0.990240,0.390835,0.512297,0.1,0.1,0.1
0.645306,0.621874,0.277989,0.1,0.1,0.1
0.850623,0.676863,0.432544,0.1,0.1,0.1
0.755017,0.120571,0.664041,0.1,0.1,0.1
1.236708,-0.651254,0.362517,0.1,0.1,0.1
1.110643,0.129188,0.512297,0.1,0.1,0.1
1.154455,-0.059515,0.196938,0.1,0.1,0.1
1.033555,0.649268,0.212045,0.1,0.1,0.1
0.841088,-0.718737,0.274335,0.1,0.1,0.1
1.029648,0.555113,0.568975,0.1,0.1,0.1
0.937438,0.520216,0.185072,0.1,0.1,0.1
0.825854,0.404262,0.512297,0.1,0.1,0.1
1.007833,-0.085189,0.683724,0.1,0.1,0.1
0.595512,0.633348,0.410639,0.1,0.1,0.1
1.231687,-0.629347,0.148579,0.1,0.1,0.1
1.199134,-0.438505,0.515231,0.1,0.1,0.1
0.871369,0.669975,0.185072,0.1,0.1,0.1
1.007382,-0.546438,0.512297,0.1,0.1,0.1
0.759478,-0.580364,0.512297,0.1,0.1,0.1
0.762533,-0.627988,0.512297,0.1,0.1,0.1
0.851610,-0.171645,0.185072,0.1,0.1,0.1
1.005463,0.262055,0.185072,0.1,0.1,0.1
0.662396,-0.114862,0.667442,0.1,0.1,0.1
0.898709,-0.078875,0.512297,0.1,0.1,0.1
0.768857,0.278490,0.512297,0.1,0.1,0.1
0.764098,-0.690372,0.664041,0.1,0.1,0.1
0.771813,-0.096198,0.219113,0.1,0.1,0.1
1.047799,-0.003741,0.683724,0.1,0.1,0.1
1.019116,0.233584,0.512297,0.1,0.1,0.1
1.129900,-0.032620,0.476208,0.1,0.1,0.1
0.775448,0.189216,0.683724,0.1,0.1,0.1
0.618041,0.637191,0.303806,0.1,0.1,0.1
1.222476,-0.458288,0.538133,0.1,0.1,0.1
0.961601,0.327544,0.512297,0.1,0.1,0.1
0.540030,0.623884,0.580288,0.1,0.1,0.1
0.887811,0.448654,0.512297,0.1,0.1,0.1
1.003740,0.683014,0.357125,0.1,0.1,0.1
0.745408,0.028472,0.664041,0.1,0.1,0.1
0.986619,-0.518881,0.683724,0.1,0.1,0.1
0.706699,0.538844,0.204755,0.1,0.1,0.1
0.781219,-0.341708,0.185072,0.1,0.1,0.1
0.875033,0.661060,0.600247,0.1,0.1,0.1
1.047251,-0.663603,0.283932,0.1,0.1,0.1
0.744237,-0.197666,0.512297,0.1,0.1,0.1
0.711356,-0.344142,0.204755,0.1,0.1,0.1
1.177202,-0.192867,0.286378,0.1,0.1,0.1
0.897539,-0.512843,0.185072,0.1,0.1,0.1
0.956397,0.684922,0.666774,0.1,0.1,0.1
0.925606,-0.069965,0.294563,0.1,0.1,0.1
0.761912,-0.097887,0.616665,0.1,0.1,0.1
1.083340,-0.479520,0.512297,0.1,0.1,0.1
0.841239,0.255232,0.664041,0.1,0.1,0.1
1.222796,-0.653627,0.572998,0.1,0.1,0.1
1.186284,-0.246112,0.222898,0.1,0.1,0.1
1.206356,-0.424477,0.673882,0.1,0.1,0.1
1.184141,-0.233546,0.425850,0.1,0.1,0.1
0.775991,0.644165,0.612629,0.1,0.1,0.1
0.947810,-0.175055,0.683724,0.1,0.1,0.1
0.874304,-0.693104,0.256945,0.1,0.1,0.1
0.776932,-0.095325,0.484697,0.1,0.1,0.1
1.220557,-0.634042,0.215302,0.1,0.1,0.1
1.103240,0.123677,0.545152,0.1,0.1,0.1
0.703391,-0.107869,0.445334,0.1,0.1,0.1
0.630484,0.397838,0.204755,0.1,0.1,0.1
1.076688,0.332102,0.673882,0.1,0.1,0.1
1.031845,0.611759,0.673882,0.1,0.1,0.1
0.734945,0.305004,0.512297,0.1,0.1,0.1
0.901385,-0.074097,0.562103,0.1,0.1,0.1
0.950137,-0.494791,0.204755,0.1,0.1,0.1
1.023110,-0.531722,0.664041,0.1,0.1,0.1
0.788719,-0.093315,0.662790,0.1,0.1,0.1
0.826085,0.119687,0.683724,0.1,0.1,0.1
0.883846,-0.301168,0.512297,0.1,0.1,0.1
1.023622,-0.053246,0.571187,0.1,0.1,0.1
1.034445,-0.410638,0.204755,0.1,0.1,0.1
1.031367,0.223310,0.664041,0.1,0.1,0.1
0.816488,-0.435903,0.512297,0.1,0.1,0.1
1.151776,-0.477929,0.683724,0.1,0.1,0.1
0.956249,-0.064738,0.518382,0.1,0.1,0.1
1.186376,-0.363712,0.257784,0.1,0.1,0.1
1.087598,0.215378,0.459683,0.1,0.1,0.1
0.998043,-0.630672,0.683724,0.1,0.1,0.1
1.138546,-0.083308,0.555068,0.1,0.1,0.1
1.055296,0.017570,0.512297,0.1,0.1,0.1
1.097852,-0.645006,0.512297,0.1,0.1,0.1
1.178400,-0.661200,0.639363,0.1,0.1,0.1
0.645206,-0.117794,0.577177,0.1,0.1,0.1
0.685103,-0.300525,0.683724,0.1,0.1,0.1
0.939168,0.515630,0.512297,0.1,0.1,0.1
1.104262,0.176214,0.201278,0.1,0.1,0.1
0.926752,-0.684157,0.542323,0.1,0.1,0.1
0.711356,0.584986,0.512297,0.1,0.1,0.1
0.675290,0.265220,0.664041,0.1,0.1,0.1
0.956723,0.445238,0.512297,0.1,0.1,0.1
1.126488,-0.586879,0.204755,0.1,0.1,0.1
1.150861,-0.645930,0.576455,0.1,0.1,0.1
0.727726,0.154050,0.664041,0.1,0.1,0.1
0.923164,-0.070382,0.218089,0.1,0.1,0.1
1.079671,0.378913,0.590171,0.1,0.1,0.1
0.790679,-0.451659,0.664041,0.1,0.1,0.1
1.010867,0.665214,0.494515,0.1,0.1,0.1
0.727031,0.655782,0.366296,0.1,0.1,0.1
1.100695,0.138594,0.282375,0.1,0.1,0.1
0.724138,-0.556282,0.512297,0.1,0.1,0.1
1.098716,-0.674792,0.621728,0.1,0.1,0.1
0.987857,-0.631378,0.512297,0.1,0.1,0.1
0.908250,0.572591,0.185072,0.1,0.1,0.1
0.692248,0.231975,0.683724,0.1,0.1,0.1
0.527660,0.601807,0.302718,0.1,0.1,0.1
1.047145,0.569598,0.487186,0.1,0.1,0.1
0.768999,-0.165788,0.204755,0.1,0.1,0.1
0.817070,-0.088479,0.376580,0.1,0.1,0.1
0.556211,0.532504,0.683724,0.1,0.1,0.1
0.751332,-0.734047,0.676655,0.1,0.1,0.1
1.189251,-0.380566,0.580043,0.1,0.1,0.1
1.251203,-0.626700,0.511648,0.1,0.1,0.1
0.975684,0.287490,0.664041,0.1,0.1,0.1
1.102320,0.129070,0.656596,0.1,0.1,0.1
0.581256,0.540603,0.204755,0.1,0.1,0.1
0.839912,0.445118,0.683724,0.1,0.1,0.1
0.650832,-0.116835,0.498587,0.1,0.1,0.1
0.551591,0.605889,0.589683,0.1,0.1,0.1
0.836307,-0.085197,0.310438,0.1,0.1,0.1
1.129742,0.085370,0.292759,0.1,0.1,0.1
0.740127,-0.587002,0.185072,0.1,0.1,0.1
1.138748,-0.342147,0.512297,0.1,0.1,0.1
1.034441,0.527016,0.571602,0.1,0.1,0.1
0.756008,-0.194633,0.512297,0.1,0.1,0.1
0.823971,-0.721657,0.258852,0.1,0.1,0.1
0.921494,-0.685054,0.563510,0.1,0.1,0.1
1.078639,0.289282,0.000000,0.1,0.1,0.1
1.233750,-0.524384,0.241108,0.1,0.1,0.1
0.967314,0.564922,0.664041,0.1,0.1,0.1
1.156666,-0.584943,0.185072,0.1,0.1,0.1
0.833268,-0.264988,0.512297,0.1,0.1,0.1
0.991036,-0.636682,0.204755,0.1,0.1,0.1
1.171152,-0.274459,0.554830,0.1,0.1,0.1
0.637003,0.005351,0.512297,0.1,0.1,0.1
0.976704,0.217271,0.204755,0.1,0.1,0.1
0.584617,0.522008,0.683724,0.1,0.1,0.1
1.069898,-0.659740,0.279077,0.1,0.1,0.1
1.140959,-0.210785,0.512297,0.1,0.1,0.1
1.164813,-0.237299,0.457693,0.1,0.1,0.1
0.664800,0.137434,0.204755,0.1,0.1,0.1
0.863379,0.659072,0.467691,0.1,0.1,0.1
0.721193,0.634818,0.517389,0.1,0.1,0.1
0.889196,0.309000,0.204755,0.1,0.1,0.1
1.222292,-0.457207,0.135249,0.1,0.1,0.1
1.116507,-0.123294,0.204755,0.1,0.1,0.1
0.605750,0.112093,0.664041,0.1,0.1,0.1
0.646752,0.143866,0.664041,0.1,0.1,0.1
0.798659,0.256694,0.512297,0.1,0.1,0.1
0.808337,0.649683,0.660286,0.1,0.1,0.1
0.936382,0.671524,0.226562,0.1,0.1,0.1
0.983816,-0.683355,0.683724,0.1,0.1,0.1
0.801297,-0.443744,0.664041,0.1,0.1,0.1
0.813231,-0.194991,0.512297,0.1,0.1,0.1
0.810704,-0.703952,0.319807,0.1,0.1,0.1
1.028963,0.246139,0.512297,0.1,0.1,0.1
0.889907,0.639021,0.204755,0.1,0.1,0.1
1.156261,-0.187159,0.617775,0.1,0.1,0.1
0.705256,-0.107551,0.377089,0.1,0.1,0.1
0.899385,0.369219,0.512297,0.1,0.1,0.1
1.047610,-0.467895,0.664041,0.1,0.1,0.1
0.963519,0.121829,0.512297,0.1,0.1,0.1
0.850420,0.237597,0.185072,0.1,0.1,0.1
0.583020,0.432385,0.512297,0.1,0.1,0.1
1.110766,-0.541036,0.664041,0.1,0.1,0.1
0.779933,0.664805,0.380423,0.1,0.1,0.1
0.980207,0.679000,0.263189,0.1,0.1,0.1
0.559040,0.342081,0.679528,0.1,0.1,0.1
1.085761,-0.228075,0.664041,0.1,0.1,0.1
1.240938,-0.566521,0.220219,0.1,0.1,0.1
1.131629,0.074306,0.650488,0.1,0.1,0.1
1.235154,-0.532612,0.391301,0.1,0.1,0.1
0.746343,0.125068,0.204755,0.1,0.1,0.1
0.780290,-0.149798,0.683724,0.1,0.1,0.1
0.920058,-0.685299,0.378371,0.1,0.1,0.1
0.842136,0.675416,0.335268,0.1,0.1,0.1
0.588696,0.612218,0.446019,0.1,0.1,0.1
1.157261,-0.075963,0.243850,0.1,0.1,0.1
0.823383,0.311634,0.512297,0.1,0.1,0.1
0.864061,-0.080463,0.455604,0.1,0.1,0.1
1.148644,-0.142504,0.125510,0.1,0.1,0.1
1.203668,-0.348024,0.039421,0.1,0.1,0.1
0.998573,-0.272812,0.664041,0.1,0.1,0.1
0.863413,-0.449359,0.512297,0.1,0.1,0.1
0.854746,0.235664,0.512297,0.1,0.1,0.1
1.183711,-0.348085,0.529678,0.1,0.1,0.1
1.110126,0.200369,0.238359,0.1,0.1,0.1
1.086634,0.221028,0.466548,0.1,0.1,0.1
0.768656,0.015574,0.512297,0.1,0.1,0.1
1.139094,-0.382151,0.204755,0.1,0.1,0.1
0.653823,0.236528,0.185072,0.1,0.1,0.1
0.929390,-0.683707,0.327108,0.1,0.1,0.1
1.022367,0.696175,0.600917,0.1,0.1,0.1
1.154640,-0.119130,0.200564,0.1,0.1,0.1
1.189014,-0.262117,0.485346,0.1,0.1,0.1
1.196374,-0.305264,0.258138,0.1,0.1,0.1
0.924513,-0.070152,0.647284,0.1,0.1,0.1
0.975273,-0.347658,0.683724,0.1,0.1,0.1
0.899588,-0.630297,0.664041,0.1,0.1,0.1
0.978772,0.361445,0.664041,0.1,0.1,0.1
1.027731,-0.492160,0.512297,0.1,0.1,0.1
0.928468,-0.703832,0.445202,0.1,0.1,0.1
1.138370,-0.082273,0.630615,0.1,0.1,0.1
0.619713,0.081234,0.683724,0.1,0.1,0.1
1.084451,0.111680,0.512297,0.1,0.1,0.1
1.002718,0.295857,0.185072,0.1,0.1,0.1
0.806861,-0.090220,0.499779,0.1,0.1,0.1
0.754647,0.660492,0.357402,0.1,0.1,0.1
0.943450,0.682714,0.189074,0.1,0.1,0.1
1.109172,-0.014622,0.664041,0.1,0.1,0.1
0.963590,-0.602275,0.683724,0.1,0.1,0.1
0.948508,0.693560,0.407836,0.1,0.1,0.1
0.756366,0.610783,0.683724,0.1,0.1,0.1
1.133872,0.061156,0.670815,0.1,0.1,0.1
0.549937,0.625574,0.587369,0.1,0.1,0.1
0.942025,-0.067164,0.394042,0.1,0.1,0.1
1.190355,-0.387035,0.565025,0.1,0.1,0.1
0.903824,-0.369004,0.204755,0.1,0.1,0.1
0.957358,0.385024,0.185072,0.1,0.1,0.1
1.013542,0.469395,0.512297,0.1,0.1,0.1
0.699761,-0.255946,0.204755,0.1,0.1,0.1
1.018662,0.073993,0.185072,0.1,0.1,0.1
0.767029,-0.731369,0.637842,0.1,0.1,0.1
0.945526,-0.066567,0.196594,0.1,0.1,0.1
0.717594,-0.100767,0.512297,0.1,0.1,0.1
1.064585,0.060207,0.512297,0.1,0.1,0.1
0.710597,-0.458936,0.512297,0.1,0.1,0.1
1.012078,-0.164517,0.512297,0.1,0.1,0.1
1.064915,-0.680558,0.464617,0.1,0.1,0.1
1.013963,0.289449,0.204755,0.1,0.1,0.1
0.840094,0.142858,0.185072,0.1,0.1,0.1
0.809910,-0.704088,0.401520,0.1,0.1,0.1
1.147334,-0.017764,0.034823,0.1,0.1,0.1
1.045005,-0.142045,0.185072,0.1,0.1,0.1
0.823048,0.264634,0.512297,0.1,0.1,0.1
0.870886,-0.207127,0.683724,0.1,0.1,0.1
0.973151,-0.103682,0.185072,0.1,0.1,0.1
0.873404,0.193799,0.512297,0.1,0.1,0.1
0.639292,0.028657,0.512297,0.1,0.1,0.1
0.887224,0.044881,0.204755,0.1,0.1,0.1
0.779009,-0.729326,0.570830,0.1,0.1,0.1
1.007373,-0.644011,0.512297,0.1,0.1,0.1
0.694542,-0.011429,0.185072,0.1,0.1,0.1
0.932324,-0.703174,0.597873,0.1,0.1,0.1
0.823275,-0.609615,0.204755,0.1,0.1,0.1
1.181174,-0.333212,0.307132,0.1,0.1,0.1
0.690064,0.629509,0.567058,0.1,0.1,0.1
1.062948,0.476950,0.552666,0.1,0.1,0.1
1.104789,0.114597,0.667040,0.1,0.1,0.1
0.627308,0.618804,0.349237,0.1,0.1,0.1
0.980402,0.699000,0.587292,0.1,0.1,0.1
1.010499,0.667375,0.033591,0.1,0.1,0.1
1.070848,-0.045190,0.562127,0.1,0.1,0.1
1.012937,0.653083,0.227055,0.1,0.1,0.1
0.981263,0.522993,0.204755,0.1,0.1,0.1
0.950684,-0.700043,0.650040,0.1,0.1,0.1
0.961196,0.208270,0.664041,0.1,0.1,0.1
0.545768,0.612708,0.683724,0.1,0.1,0.1
0.815171,0.670816,0.534707,0.1,0.1,0.1
1.214844,-0.530603,0.486186,0.1,0.1,0.1
0.955772,0.181230,0.512297,0.1,0.1,0.1
1.112464,0.069601,0.118454,0.1,0.1,0.1
1.060834,0.372286,0.556305,0.1,0.1,0.1
1.099053,-0.374708,0.512297,0.1,0.1,0.1
0.936430,-0.219310,0.512297,0.1,0.1,0.1
0.747137,0.440941,0.664041,0.1,0.1,0.1
0.908753,0.686779,0.597551,0.1,0.1,0.1
1.146726,-0.131262,0.175159,0.1,0.1,0.1
0.822836,0.014638,0.185072,0.1,0.1,0.1
0.734176,0.061123,0.512297,0.1,0.1,0.1
0.938376,-0.125110,0.512297,0.1,0.1,0.1
0.621881,0.071167,0.185072,0.1,0.1,0.1
1.188622,-0.376880,0.362074,0.1,0.1,0.1
0.859230,-0.081287,0.361803,0.1,0.1,0.1
1.029570,-0.141764,0.664041,0.1,0.1,0.1
1.032848,-0.571930,0.204755,0.1,0.1,0.1
1.041402,-0.021302,0.204755,0.1,0.1,0.1
0.869943,-0.079460,0.550252,0.1,0.1,0.1
1.027375,0.568439,0.278614,0.1,0.1,0.1
1.178584,-0.200970,0.242846,0.1,0.1,0.1
1.031482,0.520901,0.185072,0.1,0.1,0.1
0.941977,0.322673,0.512297,0.1,0.1,0.1
1.033176,0.168378,0.204755,0.1,0.1,0.1
1.020334,0.668246,0.668800,0.1,0.1,0.1
1.097831,0.272449,0.329366,0.1,0.1,0.1
1.023492,-0.667656,0.504536,0.1,0.1,0.1
1.099755,0.144108,0.122987,0.1,0.1,0.1
1.075562,-0.658774,0.335577,0.1,0.1,0.1
1.048393,0.445219,0.018986,0.1,0.1,0.1
0.769112,-0.671800,0.664041,0.1,0.1,0.1
0.773873,-0.361729,0.185072,0.1,0.1,0.1
0.512889,0.612642,0.676799,0.1,0.1,0.1
1.035535,0.520602,0.076273,0.1,0.1,0.1
0.797979,-0.542307,0.683724,0.1,0.1,0.1
1.016402,0.632767,0.227767,0.1,0.1,0.1
1.025111,0.216131,0.185072,0.1,0.1,0.1
0.617030,0.599409,0.512297,0.1,0.1,0.1
0.619904,0.073716,0.512297,0.1,0.1,0.1
1.149522,-0.490364,0.512297,0.1,0.1,0.1
0.919020,0.279276,0.204755,0.1,0.1,0.1
0.933426,-0.068631,0.246834,0.1,0.1,0.1
0.931780,-0.456072,0.185072,0.1,0.1,0.1
0.692291,-0.223170,0.512297,0.1,0.1,0.1
0.980958,0.699095,0.283298,0.1,0.1,0.1
0.966964,-0.070705,0.512297,0.1,0.1,0.1
0.753120,-0.713774,0.648828,0.1,0.1,0.1
0.733563,-0.035717,0.512297,0.1,0.1,0.1
0.890087,0.663627,0.316910,0.1,0.1,0.1
0.723283,-0.104476,0.367795,0.1,0.1,0.1
1.092830,-0.346884,0.512297,0.1,0.1,0.1
1.245159,-0.591266,0.658060,0.1,0.1,0.1
1.197291,-0.657978,0.572538,0.1,0.1,0.1
0.795566,-0.135337,0.683724,0.1,0.1,0.1
1.076478,-0.038649,0.664041,0.1,0.1,0.1
0.998630,-0.671897,0.415923,0.1,0.1,0.1
0.571949,0.291849,0.683724,0.1,0.1,0.1
0.848872,-0.515457,0.512297,0.1,0.1,0.1
0.536143,0.619536,0.185072,0.1,0.1,0.1
0.804668,0.636513,0.204755,0.1,0.1,0.1
0.790285,0.361232,0.512297,0.1,0.1,0.1
1.217847,-0.431153,0.323302,0.1,0.1,0.1
0.818639,-0.142431,0.204755,0.1,0.1,0.1
1.076449,-0.678590,0.499786,0.1,0.1,0.1
0.950609,-0.065700,0.619788,0.1,0.1,0.1
1.160055,-0.209403,0.319863,0.1,0.1,0.1
0.623097,0.423866,0.512297,0.1,0.1,0.1
1.179464,-0.206129,0.368261,0.1,0.1,0.1
0.723554,-0.104430,0.540084,0.1,0.1,0.1
0.990650,-0.058870,0.414029,0.1,0.1,0.1
0.719120,-0.135048,0.664041,0.1,0.1,0.1
0.733208,0.342648,0.664041,0.1,0.1,0.1
0.866613,-0.354762,0.204755,0.1,0.1,0.1
0.719115,-0.321065,0.683724,0.1,0.1,0.1
0.967415,-0.660692,0.683724,0.1,0.1,0.1
1.051133,-0.048553,0.405373,0.1,0.1,0.1
0.986957,0.286889,0.683724,0.1,0.1,0.1
0.703932,-0.500967,0.683724,0.1,0.1,0.1
1.171699,-0.277668,0.403223,0.1,0.1,0.1
0.662784,-0.114796,0.344027,0.1,0.1,0.1
1.070917,0.430231,0.292293,0.1,0.1,0.1
0.985783,-0.059700,0.585174,0.1,0.1,0.1
1.024493,0.279893,0.204755,0.1,0.1,0.1
0.884650,0.402666,0.683724,0.1,0.1,0.1
0.925761,-0.437130,0.204755,0.1,0.1,0.1
0.995272,-0.692437,0.200966,0.1,0.1,0.1
0.605898,0.151532,0.683724,0.1,0.1,0.1
0.619479,0.107475,0.664041,0.1,0.1,0.1
0.795545,-0.567043,0.512297,0.1,0.1,0.1
0.994571,-0.692557,0.491268,0.1,0.1,0.1
0.862977,-0.080648,0.213904,0.1,0.1,0.1
1.124755,-0.002458,0.441185,0.1,0.1,0.1
1.251220,-0.626801,0.550191,0.1,0.1,0.1
1.064168,-0.046330,0.510823,0.1,0.1,0.1
1.114461,-0.037751,0.367704,0.1,0.1,0.1
1.095159,-0.655431,0.581296,0.1,0.1,0.1
0.869473,0.582673,0.512297,0.1,0.1,0.1
0.999954,0.682368,0.643431,0.1,0.1,0.1
1.044724,-0.038544,0.185072,0.1,0.1,0.1
0.751354,-0.585606,0.683724,0.1,0.1,0.1
1.024305,0.326666,0.204755,0.1,0.1,0.1
0.706794,-0.479396,0.664041,0.1,0.1,0.1
0.922437,-0.070506,0.213372,0.1,0.1,0.1
0.864620,0.619831,0.204755,0.1,0.1,0.1
1.203716,-0.465369,0.599508,0.1,0.1,0.1
0.735858,-0.694518,0.204277,0.1,0.1,0.1
0.755541,-0.419012,0.185072,0.1,0.1,0.1
1.094529,-0.359290,0.204755,0.1,0.1,0.1
1.068374,0.445138,0.551756,0.1,0.1,0.1
0.651793,0.046810,0.512297,0.1,0.1,0.1
0.739420,-0.101724,0.525305,0.1,0.1,0.1
0.518713,0.606701,0.664041,0.1,0.1,0.1
0.781755,0.082504,0.185072,0.1,0.1,0.1
1.151483,-0.159149,0.108448,0.1,0.1,0.1
0.684955,0.563446,0.204755,0.1,0.1,0.1
0.616431,0.167931,0.664041,0.1,0.1,0.1
0.790024,0.666527,0.625178,0.1,0.1,0.1
0.548190,0.605308,0.454194,0.1,0.1,0.1
1.113196,0.065312,0.537470,0.1,0.1,0.1
1.166414,-0.129624,0.573967,0.1,0.1,0.1
0.661640,-0.042859,0.204755,0.1,0.1,0.1
0.880988,0.073219,0.512297,0.1,0.1,0.1
0.972244,-0.696365,0.664829,0.1,0.1,0.1
0.890815,-0.610954,0.512297,0.1,0.1,0.1
0.654899,0.165315,0.512297,0.1,0.1,0.1
0.919914,0.053130,0.185072,0.1,0.1,0.1
1.007732,-0.655639,0.204755,0.1,0.1,0.1
1.053090,0.534743,0.654553,0.1,0.1,0.1
1.010649,0.691688,0.185072,0.1,0.1,0.1
0.895806,0.404214,0.664041,0.1,0.1,0.1
1.054491,-0.662368,0.523923,0.1,0.1,0.1
1.140563,-0.095131,0.144187,0.1,0.1,0.1
1.047171,0.452382,0.426736,0.1,0.1,0.1
0.827595,-0.321880,0.683724,0.1,0.1,0.1
1.233218,-0.638324,0.245115,0.1,0.1,0.1
1.208550,-0.636090,0.677274,0.1,0.1,0.1
0.939585,0.305997,0.512297,0.1,0.1,0.1
1.013294,-0.643797,0.512297,0.1,0.1,0.1
0.679680,-0.130426,0.512297,0.1,0.1,0.1
0.769834,-0.145146,0.512297,0.1,0.1,0.1
1.135395,0.052227,0.530613,0.1,0.1,0.1
0.573057,0.593830,0.683724,0.1,0.1,0.1
0.984058,0.170674,0.512297,0.1,0.1,0.1
0.623932,0.155245,0.185072,0.1,0.1,0.1
1.052236,-0.475974,0.512297,0.1,0.1,0.1
0.948937,0.581446,0.185072,0.1,0.1,0.1
1.086934,-0.676802,0.370567,0.1,0.1,0.1
0.784516,0.439869,0.204755,0.1,0.1,0.1
0.958783,0.160218,0.204755,0.1,0.1,0.1
1.084637,0.349800,0.212022,0.1,0.1,0.1
1.209716,-0.383485,0.649486,0.1,0.1,0.1
0.787564,-0.302873,0.512297,0.1,0.1,0.1
0.769677,-0.236590,0.664041,0.1,0.1,0.1
0.813951,0.208276,0.664041,0.1,0.1,0.1
0.974635,0.678049,0.412236,0.1,0.1,0.1
0.555872,0.626586,0.578676,0.1,0.1,0.1
0.987550,0.333244,0.204755,0.1,0.1,0.1
1.194070,-0.638560,0.449371,0.1,0.1,0.1
0.793352,-0.706912,0.244881,0.1,0.1,0.1
1.016025,0.685109,0.379613,0.1,0.1,0.1
0.769159,-0.134147,0.512297,0.1,0.1,0.1
0.690265,-0.389970,0.512297,0.1,0.1,0.1
0.534286,0.622904,0.607571,0.1,0.1,0.1
0.554246,0.370973,0.185072,0.1,0.1,0.1
0.645097,0.621935,0.683724,0.1,0.1,0.1
0.726317,-0.103959,0.527643,0.1,0.1,0.1
0.769755,0.643102,0.364606,0.1,0.1,0.1
1.042643,0.478930,0.587410,0.1,0.1,0.1
0.967275,0.277857,0.664041,0.1,0.1,0.1
1.009794,0.671505,0.134272,0.1,0.1,0.1
1.012526,0.655492,0.177002,0.1,0.1,0.1
0.695452,-0.189701,0.512297,0.1,0.1,0.1
1.033880,-0.137357,0.185072,0.1,0.1,0.1
0.599734,0.625500,0.185072,0.1,0.1,0.1
0.949582,-0.559519,0.664041,0.1,0.1,0.1
1.083780,0.296291,0.682290,0.1,0.1,0.1
0.773122,-0.104959,0.512297,0.1,0.1,0.1
0.702824,-0.347487,0.512297,0.1,0.1,0.1
1.205554,-0.656568,0.630788,0.1,0.1,0.1
1.222757,-0.459935,0.015295,0.1,0.1,0.1
1.197669,-0.312854,0.309265,0.1,0.1,0.1
0.678711,0.254129,0.683724,0.1,0.1,0.1
0.549015,0.625417,0.606845,0.1,0.1,0.1
1.087967,0.330277,0.146593,0.1,0.1,0.1
0.829026,-0.362157,0.683724,0.1,0.1,0.1
1.172802,-0.642187,0.502475,0.1,0.1,0.1
0.770757,-0.048519,0.664041,0.1,0.1,0.1
1.059961,0.377403,0.376995,0.1,0.1,0.1
1.173972,-0.290990,0.230407,0.1,0.1,0.1
0.684661,-0.161701,0.683724,0.1,0.1,0.1
1.007986,0.255767,0.683724,0.1,0.1,0.1
1.184074,-0.350215,0.202155,0.1,0.1,0.1
1.182486,-0.627531,0.204755,0.1,0.1,0.1
1.007702,-0.690317,0.238134,0.1,0.1,0.1
0.795034,-0.147440,0.683724,0.1,0.1,0.1
0.927579,0.507032,0.683724,0.1,0.1,0.1
0.918096,-0.685634,0.269739,0.1,0.1,0.1
0.926812,0.364613,0.204755,0.1,0.1,0.1
1.083234,0.358022,0.444782,0.1,0.1,0.1
0.892325,0.254493,0.512297,0.1,0.1,0.1
0.963939,-0.374223,0.683724,0.1,0.1,0.1
0.739433,-0.659775,0.512297,0.1,0.1,0.1
1.225223,-0.653213,0.533815,0.1,0.1,0.1
0.962330,-0.678089,0.380907,0.1,0.1,0.1
1.066898,0.336734,0.109867,0.1,0.1,0.1
0.955139,-0.281355,0.185072,0.1,0.1,0.1
1.177139,-0.192501,0.293554,0.1,0.1,0.1
1.198547,-0.657763,0.353873,0.1,0.1,0.1
1.020079,-0.668238,0.371438,0.1,0.1,0.1
0.741592,-0.383163,0.512297,0.1,0.1,0.1
1.030894,0.664867,0.658928,0.1,0.1,0.1
1.010575,0.666931,0.357158,0.1,0.1,0.1
1.252253,-0.632857,0.670644,0.1,0.1,0.1
0.800361,0.017990,0.683724,0.1,0.1,0.1
0.660040,0.624387,0.242546,0.1,0.1,0.1
1.037529,0.508908,0.522439,0.1,0.1,0.1
1.217177,-0.427225,0.538339,0.1,0.1,0.1
0.777206,-0.716595,0.683724,0.1,0.1,0.1
1.144000,0.001779,0.373015,0.1,0.1,0.1
0.695334,-0.109244,0.288510,0.1,0.1,0.1
0.935177,0.567015,0.683724,0.1,0.1,0.1
0.646063,0.427924,0.683724,0.1,0.1,0.1
1.050642,0.549094,0.111037,0.1,0.1,0.1
1.065419,0.462465,0.251193,0.1,0.1,0.1
0.691598,-0.435042,0.197603,0.1,0.1,0.1
1.030264,0.017376,0.204755,0.1,0.1,0.1
1.055194,-0.365234,0.512297,0.1,0.1,0.1
1.068274,-0.045630,0.423008,0.1,0.1,0.1
0.768977,-0.711070,0.372918,0.1,0.1,0.1
0.896116,-0.074995,0.492658,0.1,0.1,0.1
0.741960,-0.125477,0.683724,0.1,0.1,0.1
0.875959,0.608967,0.512297,0.1,0.1,0.1
0.927508,-0.331839,0.683724,0.1,0.1,0.1
0.987485,-0.693765,0.219931,0.1,0.1,0.1
1.091831,0.190563,0.216225,0.1,0.1,0.1
0.946391,-0.680807,0.190635,0.1,0.1,0.1
0.976073,0.678294,0.434065,0.1,0.1,0.1
0.926268,-0.186034,0.512297,0.1,0.1,0.1
1.200986,-0.332303,0.206344,0.1,0.1,0.1
0.938151,-0.067825,0.365066,0.1,0.1,0.1
1.031666,0.475452,0.683724,0.1,0.1,0.1
0.863856,-0.666704,0.512297,0.1,0.1,0.1
0.647700,0.285747,0.512297,0.1,0.1,0.1
1.113048,-0.652380,0.504618,0.1,0.1,0.1
1.051393,-0.662897,0.517616,0.1,0.1,0.1
1.153623,-0.171692,0.424167,0.1,0.1,0.1
0.835959,-0.085257,0.408804,0.1,0.1,0.1
0.988078,0.437087,0.512297,0.1,0.1,0.1
0.867757,0.383999,0.512297,0.1,0.1,0.1
1.041671,0.484625,0.598981,0.1,0.1,0.1
0.786604,0.004074,0.512297,0.1,0.1,0.1
1.111742,0.132361,0.676406,0.1,0.1,0.1
1.159067,-0.203609,0.589612,0.1,0.1,0.1
0.999489,-0.029342,0.512297,0.1,0.1,0.1
0.838179,-0.699266,0.244180,0.1,0.1,0.1
1.059053,0.382723,0.603073,0.1,0.1,0.1
0.697437,0.617940,0.512297,0.1,0.1,0.1
1.040078,0.611027,0.013748,0.1,0.1,0.1
1.006366,-0.680561,0.194403,0.1,0.1,0.1
0.782611,0.087052,0.204755,0.1,0.1,0.1
1.066245,0.457619,0.317022,0.1,0.1,0.1
1.222534,-0.458627,0.417464,0.1,0.1,0.1
1.193320,-0.287359,0.417141,0.1,0.1,0.1
0.974385,-0.061645,0.607388,0.1,0.1,0.1
0.849644,0.656729,0.299965,0.1,0.1,0.1
1.125972,0.107467,0.520100,0.1,0.1,0.1
1.150519,-0.645988,0.564873,0.1,0.1,0.1
0.773870,0.156156,0.204755,0.1,0.1,0.1
0.932119,0.690764,0.402892,0.1,0.1,0.1
1.024123,0.587505,0.492794,0.1,0.1,0.1
0.928333,0.275044,0.204755,0.1,0.1,0.1
0.686690,0.081294,0.664041,0.1,0.1,0.1
1.070770,-0.358142,0.664041,0.1,0.1,0.1
0.865304,-0.034903,0.664041,0.1,0.1,0.1
0.819617,0.129354,0.683724,0.1,0.1,0.1
0.798142,-0.706095,0.416261,0.1,0.1,0.1
0.937196,0.691631,0.307334,0.1,0.1,0.1
0.931417,-0.683362,0.648759,0.1,0.1,0.1
0.699471,0.288792,0.204755,0.1,0.1,0.1
0.650424,0.561497,0.512297,0.1,0.1,0.1
1.242429,-0.575262,0.423199,0.1,0.1,0.1
1.016560,0.412387,0.683724,0.1,0.1,0.1
1.211577,-0.394393,0.042718,0.1,0.1,0.1
0.933178,0.670978,0.630422,0.1,0.1,0.1
0.740439,-0.392843,0.512297,0.1,0.1,0.1
1.027862,-0.507007,0.185072,0.1,0.1,0.1
1.091517,-0.656053,0.439572,0.1,0.1,0.1
1.065082,0.464437,0.479103,0.1,0.1,0.1
0.793149,-0.291082,0.664041,0.1,0.1,0.1
1.204146,-0.583195,0.683724,0.1,0.1,0.1
1.224936,-0.589770,0.284755,0.1,0.1,0.1
1.067774,-0.660103,0.200984,0.1,0.1,0.1
1.021504,-0.442476,0.204755,0.1,0.1,0.1
0.763920,-0.097545,0.259622,0.1,0.1,0.1
0.905989,-0.238144,0.664041,0.1,0.1,0.1
1.160183,-0.093092,0.454521,0.1,0.1,0.1
0.635621,0.620222,0.190936,0.1,0.1,0.1
0.607783,0.056321,0.673616,0.1,0.1,0.1
1.082493,0.023908,0.512297,0.1,0.1,0.1
1.043291,0.280937,0.512297,0.1,0.1,0.1
0.922415,0.121531,0.664041,0.1,0.1,0.1
0.872033,0.320521,0.512297,0.1,0.1,0.1
1.192741,-0.658754,0.351332,0.1,0.1,0.1
0.909275,-0.072751,0.620896,0.1,0.1,0.1
1.028342,0.679827,0.336392,0.1,0.1,0.1
1.020733,0.501010,0.664041,0.1,0.1,0.1
1.085661,-0.677019,0.277919,0.1,0.1,0.1
1.186694,-0.248517,0.416711,0.1,0.1,0.1
0.575391,0.519062,0.185072,0.1,0.1,0.1
1.140509,-0.593277,0.204755,0.1,0.1,0.1
1.162566,-0.651033,0.512297,0.1,0.1,0.1
0.675988,0.472545,0.683724,0.1,0.1,0.1
1.070957,-0.679527,0.528790,0.1,0.1,0.1
0.569671,0.532627,0.185072,0.1,0.1,0.1
0.993028,0.330172,0.185072,0.1,0.1,0.1
0.953879,-0.329053,0.664041,0.1,0.1,0.1
0.860423,-0.356940,0.185072,0.1,0.1,0.1
0.830811,-0.506158,0.664041,0.1,0.1,0.1
0.585012,0.329226,0.683724,0.1,0.1,0.1
0.741135,-0.725457,0.384865,0.1,0.1,0.1
0.566688,0.333866,0.512297,0.1,0.1,0.1
1.195822,-0.302030,0.514310,0.1,0.1,0.1
1.105273,-0.371768,0.512297,0.1,0.1,0.1
0.657870,0.405981,0.512297,0.1,0.1,0.1
0.939604,0.041798,0.683724,0.1,0.1,0.1
0.824787,0.652489,0.540816,0.1,0.1,0.1
0.955083,-0.418398,0.683724,0.1,0.1,0.1
1.123253,-0.650639,0.484602,0.1,0.1,0.1
1.227186,-0.637522,0.204755,0.1,0.1,0.1
1.204941,-0.472549,0.640022,0.1,0.1,0.1
1.227723,-0.652787,0.539899,0.1,0.1,0.1
0.704170,0.410862,0.185072,0.1,0.1,0.1
1.087780,0.214310,0.537201,0.1,0.1,0.1
0.686229,0.273835,0.204755,0.1,0.1,0.1
1.118853,-0.037002,0.544879,0.1,0.1,0.1
0.844977,0.675900,0.252319,0.1,0.1,0.1
1.024152,0.587335,0.200396,0.1,0.1,0.1
1.129860,-0.032384,0.034351,0.1,0.1,0.1
0.914379,0.413893,0.664041,0.1,0.1,0.1
1.124856,-0.574087,0.664041,0.1,0.1,0.1
1.190407,-0.270281,0.255709,0.1,0.1,0.1
1.097281,0.158610,0.502747,0.1,0.1,0.1
0.711254,0.391894,0.512297,0.1,0.1,0.1
0.697813,-0.054834,0.683724,0.1,0.1,0.1
1.197191,-0.638638,0.185072,0.1,0.1,0.1
0.878532,-0.048720,0.683724,0.1,0.1,0.1
1.153446,-0.645489,0.217739,0.1,0.1,0.1
1.075147,-0.678812,0.573562,0.1,0.1,0.1
0.946816,-0.044229,0.512297,0.1,0.1,0.1
1.105005,0.113332,0.427214,0.1,0.1,0.1
0.523569,0.601109,0.380067,0.1,0.1,0.1
1.014549,-0.041516,0.512297,0.1,0.1,0.1
0.690941,-0.431194,0.188417,0.1,0.1,0.1
1.050400,0.550513,0.438123,0.1,0.1,0.1
1.198821,-0.363299,0.673882,0.1,0.1,0.1
0.602030,0.451473,0.664041,0.1,0.1,0.1
0.708260,-0.291811,0.512297,0.1,0.1,0.1
0.901900,-0.556747,0.683724,0.1,0.1,0.1
1.005695,0.400301,0.512297,0.1,0.1,0.1
0.557138,0.419883,0.664041,0.1,0.1,0.1
0.798027,0.025603,0.512297,0.1,0.1,0.1
0.899120,0.201273,0.185072,0.1,0.1,0.1
0.535873,0.549482,0.204755,0.1,0.1,0.1
1.163814,-0.643720,0.367925,0.1,0.1,0.1
0.763928,-0.731898,0.472092,0.1,0.1,0.1
0.656597,-0.081519,0.664041,0.1,0.1,0.1
0.894673,-0.709597,0.232872,0.1,0.1,0.1
0.859366,-0.316740,0.512297,0.1,0.1,0.1
1.150516,-0.153482,0.450424,0.1,0.1,0.1
0.917441,0.626379,0.512297,0.1,0.1,0.1
1.071100,-0.183683,0.512297,0.1,0.1,0.1
1.207274,-0.486227,0.529553,0.1,0.1,0.1
0.826038,-0.185467,0.512297,0.1,0.1,0.1
1.173470,-0.170987,0.658934,0.1,0.1,0.1
0.774577,-0.095727,0.362796,0.1,0.1,0.1
0.625809,0.129075,0.664041,0.1,0.1,0.1
0.992692,-0.058522,0.384474,0.1,0.1,0.1
1.000538,-0.057184,0.650820,0.1,0.1,0.1
1.155861,-0.509354,0.512297,0.1,0.1,0.1
1.144554,-0.266959,0.204755,0.1,0.1,0.1
1.070642,0.314783,0.353800,0.1,0.1,0.1
0.887270,-0.453383,0.512297,0.1,0.1,0.1
0.730566,-0.103234,0.425463,0.1,0.1,0.1
0.576429,0.456930,0.512297,0.1,0.1,0.1
1.221916,-0.572064,0.584930,0.1,0.1,0.1
0.959967,-0.340836,0.683724,0.1,0.1,0.1
0.901503,0.665575,0.214556,0.1,0.1,0.1
0.893229,-0.075488,0.227311,0.1,0.1,0.1
1.184055,-0.233043,0.202516,0.1,0.1,0.1
0.721754,-0.439087,0.512297,0.1,0.1,0.1
0.735707,0.579991,0.512297,0.1,0.1,0.1
0.860444,-0.495296,0.512297,0.1,0.1,0.1
1.026751,0.071945,0.664041,0.1,0.1,0.1
0.919878,0.668709,0.492395,0.1,0.1,0.1
1.124677,-0.425880,0.185072,0.1,0.1,0.1
0.841921,-0.681735,0.512297,0.1,0.1,0.1
0.995002,-0.058128,0.579664,0.1,0.1,0.1
1.199680,-0.324647,0.323331,0.1,0.1,0.1
1.050083,0.230430,0.185072,0.1,0.1,0.1
0.904812,-0.548052,0.185072,0.1,0.1,0.1
1.098575,0.151026,0.157510,0.1,0.1,0.1
0.973254,-0.227657,0.512297,0.1,0.1,0.1
1.143183,-0.445208,0.185072,0.1,0.1,0.1
0.750688,-0.734157,0.653761,0.1,0.1,0.1
0.745096,-0.070000,0.204755,0.1,0.1,0.1
0.876433,-0.010793,0.512297,0.1,0.1,0.1
1.215941,-0.419978,0.506468,0.1,0.1,0.1
0.996798,0.528958,0.185072,0.1,0.1,0.1
1.034511,0.526602,0.194405,0.1,0.1,0.1
0.613436,0.460751,0.683724,0.1,0.1,0.1
0.986912,-0.636450,0.664041,0.1,0.1,0.1
0.623945,0.553624,0.204755,0.1,0.1,0.1
0.645764,0.277513,0.512297,0.1,0.1,0.1
1.152498,-0.165098,0.637731,0.1,0.1,0.1
1.234947,-0.531401,0.403016,0.1,0.1,0.1
0.990668,-0.304991,0.185072,0.1,0.1,0.1
1.129490,0.086846,0.167929,0.1,0.1,0.1
0.987176,0.417673,0.512297,0.1,0.1,0.1
1.006008,-0.422057,0.204755,0.1,0.1,0.1
0.832869,-0.420334,0.683724,0.1,0.1,0.1
1.084802,-0.042810,0.619401,0.1,0.1,0.1
1.016789,0.630499,0.481287,0.1,0.1,0.1
1.123365,-0.371193,0.512297,0.1,0.1,0.1
1.066458,0.339311,0.493764,0.1,0.1,0.1
0.805043,-0.090530,0.655515,0.1,0.1,0.1
0.591642,0.612720,0.601468,0.1,0.1,0.1
0.870604,0.072893,0.512297,0.1,0.1,0.1
0.747157,-0.147150,0.512297,0.1,0.1,0.1
1.069094,0.323857,0.413596,0.1,0.1,0.1
1.037732,-0.364803,0.683724,0.1,0.1,0.1
0.888051,-0.076371,0.541450,0.1,0.1,0.1
1.095829,0.140783,0.683724,0.1,0.1,0.1
1.026998,0.570646,0.070446,0.1,0.1,0.1
0.714145,0.376715,0.512297,0.1,0.1,0.1
1.071406,-0.171508,0.204755,0.1,0.1,0.1
0.743490,0.262927,0.683724,0.1,0.1,0.1
0.573369,0.530507,0.683724,0.1,0.1,0.1
0.866985,0.520658,0.683724,0.1,0.1,0.1
0.877955,-0.078093,0.408888,0.1,0.1,0.1
1.231000,-0.625321,0.474844,0.1,0.1,0.1
0.791018,0.656713,0.199522,0.1,0.1,0.1
0.811633,-0.440261,0.683724,0.1,0.1,0.1
1.202069,-0.637195,0.313117,0.1,0.1,0.1
1.009748,0.671776,0.196459,0.1,0.1,0.1
0.937174,0.339040,0.512297,0.1,0.1,0.1
0.986095,-0.348910,0.683724,0.1,0.1,0.1
1.197288,-0.427683,0.053756,0.1,0.1,0.1
1.122638,0.068483,0.197220,0.1,0.1,0.1
1.182478,-0.340859,0.591879,0.1,0.1,0.1
0.710550,0.044607,0.185072,0.1,0.1,0.1
0.726734,-0.641030,0.204135,0.1,0.1,0.1
1.008853,-0.264161,0.512297,0.1,0.1,0.1
1.125474,-0.006670,0.049365,0.1,0.1,0.1
1.021446,-0.687972,0.443320,0.1,0.1,0.1
1.022291,0.326013,0.512297,0.1,0.1,0.1
0.630403,0.619332,0.532039,0.1,0.1,0.1
0.683987,0.300576,0.185072,0.1,0.1,0.1
0.642889,0.250791,0.204755,0.1,0.1,0.1
0.744966,0.218514,0.512297,0.1,0.1,0.1
0.938056,0.353603,0.683724,0.1,0.1,0.1
1.165977,-0.663319,0.433801,0.1,0.1,0.1
0.854657,-0.082067,0.551316,0.1,0.1,0.1
1.110644,-0.517773,0.664041,0.1,0.1,0.1
0.799820,0.594728,0.683724,0.1,0.1,0.1
0.758855,0.400135,0.683724,0.1,0.1,0.1
0.647310,0.532859,0.204755,0.1,0.1,0.1
0.794267,0.351621,0.683724,0.1,0.1,0.1
0.760155,-0.142265,0.683724,0.1,0.1,0.1
0.866933,0.295907,0.185072,0.1,0.1,0.1
0.741458,0.146872,0.185072,0.1,0.1,0.1
1.226954,-0.512512,0.673882,0.1,0.1,0.1
1.151839,-0.161235,0.079734,0.1,0.1,0.1
1.145176,-0.524233,0.512297,0.1,0.1,0.1
0.730870,-0.665279,0.197375,0.1,0.1,0.1
0.979620,-0.407572,0.204755,0.1,0.1,0.1
1.051293,-0.336051,0.512297,0.1,0.1,0.1
0.680458,-0.133159,0.512297,0.1,0.1,0.1
0.784472,-0.708427,0.484806,0.1,0.1,0.1
1.019629,0.613850,0.212341,0.1,0.1,0.1
1.000888,0.682527,0.343233,0.1,0.1,0.1
1.232455,-0.633848,0.450018,0.1,0.1,0.1
0.628867,0.619070,0.473063,0.1,0.1,0.1
0.871379,0.027941,0.185072,0.1,0.1,0.1
0.963323,-0.697887,0.553267,0.1,0.1,0.1
1.225941,-0.595663,0.599732,0.1,0.1,0.1
1.080835,-0.051356,0.204755,0.1,0.1,0.1
0.708608,-0.192884,0.185072,0.1,0.1,0.1
0.921014,-0.533098,0.512297,0.1,0.1,0.1
1.075158,-0.044455,0.402559,0.1,0.1,0.1
1.197245,-0.427433,0.037904,0.1,0.1,0.1
0.962325,-0.341572,0.512297,0.1,0.1,0.1
1.051515,-0.333341,0.664041,0.1,0.1,0.1
0.725066,-0.397372,0.683724,0.1,0.1,0.1
0.807807,-0.304060,0.185072,0.1,0.1,0.1
1.084393,-0.441607,0.185072,0.1,0.1,0.1
1.072123,-0.124554,0.512297,0.1,0.1,0.1
1.038748,-0.665054,0.305330,0.1,0.1,0.1
1.210764,-0.506684,0.576168,0.1,0.1,0.1
1.109327,-0.018387,0.204755,0.1,0.1,0.1
1.119276,-0.036930,0.648678,0.1,0.1,0.1
0.868744,0.659987,0.290103,0.1,0.1,0.1
0.627414,0.454745,0.512297,0.1,0.1,0.1
0.720853,-0.221329,0.204755,0.1,0.1,0.1
1.172837,-0.284338,0.460745,0.1,0.1,0.1
0.665071,-0.140254,0.512297,0.1,0.1,0.1
1.099337,-0.594972,0.512297,0.1,0.1,0.1
1.102098,0.188904,0.195418,0.1,0.1,0.1
1.082361,0.246078,0.608200,0.1,0.1,0.1
0.893706,-0.325720,0.683724,0.1,0.1,0.1
0.963248,-0.560685,0.664041,0.1,0.1,0.1
0.735114,0.176547,0.185072,0.1,0.1,0.1
1.140527,-0.221331,0.512297,0.1,0.1,0.1
0.804811,-0.628241,0.683724,0.1,0.1,0.1
1.062034,-0.458441,0.204755,0.1,0.1,0.1
0.997643,-0.678148,0.185072,0.1,0.1,0.1
1.024691,0.584172,0.291439,0.1,0.1,0.1
0.816473,0.617438,0.664041,0.1,0.1,0.1
1.055493,-0.682165,0.604144,0.1,0.1,0.1
1.126682,-0.013752,0.053945,0.1,0.1,0.1
0.928962,0.032698,0.512297,0.1,0.1,0.1
0.941883,0.672463,0.651068,0.1,0.1,0.1
0.512640,0.614101,0.615444,0.1,0.1,0.1
1.154361,-0.058963,0.238194,0.1,0.1,0.1
0.647034,0.043548,0.185072,0.1,0.1,0.1
0.801748,-0.004336,0.683724,0.1,0.1,0.1
1.023611,-0.655436,0.512297,0.1,0.1,0.1
0.804139,0.411113,0.683724,0.1,0.1,0.1
1.112114,0.188711,0.218238,0.1,0.1,0.1
0.799946,-0.564797,0.512297,0.1,0.1,0.1
0.553086,0.606144,0.574722,0.1,0.1,0.1
1.059916,0.008337,0.664041,0.1,0.1,0.1
0.928529,-0.439930,0.204755,0.1,0.1,0.1
0.562272,0.607710,0.193258,0.1,0.1,0.1
1.145257,-0.122649,0.007143,0.1,0.1,0.1
0.658213,0.502222,0.185072,0.1,0.1,0.1
1.144188,0.000677,0.226756,0.1,0.1,0.1
0.912131,-0.387366,0.512297,0.1,0.1,0.1
0.671007,0.646225,0.533147,0.1,0.1,0.1
1.071898,-0.028432,0.512297,0.1,0.1,0.1
0.776609,-0.207552,0.512297,0.1,0.1,0.1
0.987284,-0.675036,0.204755,0.1,0.1,0.1
0.569670,0.628940,0.655929,0.1,0.1,0.1
1.007028,-0.588295,0.512297,0.1,0.1,0.1
0.891670,0.214934,0.664041,0.1,0.1,0.1
0.618844,0.281352,0.512297,0.1,0.1,0.1
0.745375,0.079775,0.664041,0.1,0.1,0.1
1.186412,-0.246860,0.419988,0.1,0.1,0.1
0.878142,0.681557,0.678632,0.1,0.1,0.1
1.044283,0.586376,0.553064,0.1,0.1,0.1
0.914725,-0.071821,0.211203,0.1,0.1,0.1
0.655877,-0.115974,0.252978,0.1,0.1,0.1
0.775373,0.353777,0.664041,0.1,0.1,0.1
1.180790,-0.330964,0.598880,0.1,0.1,0.1
0.680274,0.453500,0.204755,0.1,0.1,0.1
1.118292,0.035437,0.430042,0.1,0.1,0.1
0.678381,0.275877,0.204755,0.1,0.1,0.1
0.750808,-0.181084,0.512297,0.1,0.1,0.1
1.040135,0.493633,0.141032,0.1,0.1,0.1
0.861972,0.354095,0.204755,0.1,0.1,0.1
0.586456,0.631803,0.270777,0.1,0.1,0.1
0.833095,0.361727,0.204755,0.1,0.1,0.1
0.880490,0.345255,0.185072,0.1,0.1,0.1
1.074837,-0.033371,0.512297,0.1,0.1,0.1
1.065068,-0.423142,0.512297,0.1,0.1,0.1
1.238996,-0.555137,0.302046,0.1,0.1,0.1
1.192240,-0.658839,0.217905,0.1,0.1,0.1
0.873490,-0.078855,0.415408,0.1,0.1,0.1
1.045472,0.239223,0.512297,0.1,0.1,0.1
1.242487,-0.575601,0.220693,0.1,0.1,0.1
0.835586,-0.481565,0.512297,0.1,0.1,0.1
1.053588,0.414765,0.159603,0.1,0.1,0.1
1.131094,-0.039619,0.023632,0.1,0.1,0.1
0.870311,0.024740,0.512297,0.1,0.1,0.1
1.039373,0.208285,0.185072,0.1,0.1,0.1
0.825924,-0.114440,0.512297,0.1,0.1,0.1
0.567037,0.628491,0.296024,0.1,0.1,0.1
1.004146,0.477133,0.512297,0.1,0.1,0.1
1.011012,0.694238,0.672593,0.1,0.1,0.1
1.066182,0.154205,0.664041,0.1,0.1,0.1
0.681971,-0.378605,0.669748,0.1,0.1,0.1
0.874010,-0.078766,0.667474,0.1,0.1,0.1
0.811519,-0.489149,0.185072,0.1,0.1,0.1
1.034373,-0.434188,0.185072,0.1,0.1,0.1
0.971230,-0.545370,0.512297,0.1,0.1,0.1
0.906035,0.285757,0.185072,0.1,0.1,0.1
0.791999,0.370856,0.683724,0.1,0.1,0.1
0.875778,-0.692852,0.412362,0.1,0.1,0.1
0.970444,-0.106077,0.512297,0.1,0.1,0.1
0.815595,0.670888,0.570684,0.1,0.1,0.1
0.854435,-0.696493,0.479526,0.1,0.1,0.1
1.092351,0.304572,0.592674,0.1,0.1,0.1
1.086498,-0.656909,0.643794,0.1,0.1,0.1
1.161926,-0.360476,0.512297,0.1,0.1,0.1
1.065623,0.106931,0.512297,0.1,0.1,0.1
1.052610,0.537555,0.467588,0.1,0.1,0.1
0.700750,0.527219,0.664041,0.1,0.1,0.1
0.986216,-0.660628,0.204755,0.1,0.1,0.1
1.130469,-0.255087,0.683724,0.1,0.1,0.1
0.953256,-0.570362,0.185072,0.1,0.1,0.1
0.670973,0.309359,0.664041,0.1,0.1,0.1
0.939596,-0.067579,0.493574,0.1,0.1,0.1
1.147106,-0.485221,0.512297,0.1,0.1,0.1
0.838052,-0.719255,0.219176,0.1,0.1,0.1
1.045509,0.462124,0.212926,0.1,0.1,0.1
1.144458,-0.000906,0.308841,0.1,0.1,0.1
0.995298,-0.672465,0.216956,0.1,0.1,0.1
0.978276,0.596622,0.683724,0.1,0.1,0.1
1.005337,-0.690720,0.224469,0.1,0.1,0.1
1.195466,-0.401976,0.185072,0.1,0.1,0.1
0.748099,-0.714631,0.346724,0.1,0.1,0.1
1.054359,0.187290,0.204755,0.1,0.1,0.1
0.582689,0.631161,0.262605,0.1,0.1,0.1
0.744230,0.638748,0.384416,0.1,0.1,0.1
0.801887,-0.634664,0.664041,0.1,0.1,0.1
0.927650,0.037011,0.683724,0.1,0.1,0.1
1.139898,-0.018636,0.673882,0.1,0.1,0.1
1.193089,-0.286006,0.288662,0.1,0.1,0.1
1.103388,-0.409520,0.664041,0.1,0.1,0.1
0.661001,0.247708,0.185072,0.1,0.1,0.1
0.711356,-0.185517,0.664041,0.1,0.1,0.1
0.784948,0.665661,0.291435,0.1,0.1,0.1
0.979134,0.177111,0.204755,0.1,0.1,0.1
0.709007,-0.106911,0.383633,0.1,0.1,0.1
0.722888,-0.104544,0.462998,0.1,0.1,0.1
0.551208,0.503485,0.512297,0.1,0.1,0.1
1.016549,0.631904,0.338067,0.1,0.1,0.1
1.079235,0.264409,0.310204,0.1,0.1,0.1
1.204596,-0.353465,0.454707,0.1,0.1,0.1
0.775867,0.216225,0.185072,0.1,0.1,0.1
0.669126,0.398120,0.512297,0.1,0.1,0.1
1.026417,0.691111,0.485424,0.1,0.1,0.1
1.114654,-0.652106,0.497259,0.1,0.1,0.1
1.027787,0.566025,0.060391,0.1,0.1,0.1
0.723438,0.473584,0.664041,0.1,0.1,0.1
0.909801,-0.243365,0.185072,0.1,0.1,0.1
1.149722,-0.566168,0.512297,0.1,0.1,0.1
1.067268,-0.660189,0.222211,0.1,0.1,0.1
1.008876,0.703857,0.489901,0.1,0.1,0.1
1.042389,0.480416,0.216399,0.1,0.1,0.1
0.834978,-0.620766,0.204755,0.1,0.1,0.1
0.756075,-0.437439,0.664041,0.1,0.1,0.1
0.931194,-0.683400,0.656479,0.1,0.1,0.1
0.644064,-0.117989,0.600871,0.1,0.1,0.1
0.796179,-0.092042,0.324811,0.1,0.1,0.1
0.879508,-0.501791,0.512297,0.1,0.1,0.1
1.006564,0.690443,0.391812,0.1,0.1,0.1
0.979774,-0.221376,0.683724,0.1,0.1,0.1
0.847044,0.237360,0.185072,0.1,0.1,0.1
1.153452,-0.170690,0.164477,0.1,0.1,0.1
1.121941,0.131101,0.648150,0.1,0.1,0.1
0.831528,0.240291,0.512297,0.1,0.1,0.1
0.640851,0.641081,0.613454,0.1,0.1,0.1
1.018602,0.619871,0.244609,0.1,0.1,0.1
1.065515,-0.046100,0.425022,0.1,0.1,0.1
1.151288,-0.588736,0.512297,0.1,0.1,0.1
0.788864,0.173283,0.204755,0.1,0.1,0.1
1.021785,-0.053559,0.539640,0.1,0.1,0.1
0.744599,-0.735195,0.215040,0.1,0.1,0.1
0.857516,-0.695967,0.478133,0.1,0.1,0.1
0.839395,-0.084671,0.448376,0.1,0.1,0.1
0.818621,-0.003480,0.512297,0.1,0.1,0.1
0.757532,-0.240380,0.185072,0.1,0.1,0.1
0.584142,0.388847,0.664041,0.1,0.1,0.1
0.573071,0.609552,0.447644,0.1,0.1,0.1
0.878065,0.242946,0.185072,0.1,0.1,0.1
1.103913,0.119732,0.450731,0.1,0.1,0.1
0.938414,-0.067780,0.618234,0.1,0.1,0.1
1.235892,-0.577450,0.673882,0.1,0.1,0.1
0.819355,0.641149,0.204755,0.1,0.1,0.1
1.071682,0.346587,0.000000,0.1,0.1,0.1
0.876739,0.647087,0.204755,0.1,0.1,0.1
0.901705,-0.596800,0.664041,0.1,0.1,0.1
0.902622,-0.073886,0.383259,0.1,0.1,0.1
0.681525,0.648019,0.195548,0.1,0.1,0.1
1.138834,-0.302077,0.512297,0.1,0.1,0.1
0.812865,-0.340117,0.683724,0.1,0.1,0.1
0.761821,0.523550,0.185072,0.1,0.1,0.1
1.025730,-0.471735,0.512297,0.1,0.1,0.1
0.865395,0.255387,0.512297,0.1,0.1,0.1
1.069152,0.323519,0.381993,0.1,0.1,0.1
1.094530,0.291799,0.030026,0.1,0.1,0.1
0.938809,0.009834,0.204755,0.1,0.1,0.1
0.946386,0.550917,0.683724,0.1,0.1,0.1
0.710535,0.210793,0.683724,0.1,0.1,0.1
1.072326,-0.268928,0.185072,0.1,0.1,0.1
0.519156,0.620323,0.222659,0.1,0.1,0.1
1.241651,-0.570700,0.321977,0.1,0.1,0.1
1.055626,0.519874,0.667356,0.1,0.1,0.1
0.811842,-0.145311,0.204755,0.1,0.1,0.1
1.166190,-0.128312,0.515098,0.1,0.1,0.1
1.137148,0.041950,0.411494,0.1,0.1,0.1
1.206568,-0.539200,0.185072,0.1,0.1,0.1
1.025410,0.180082,0.664041,0.1,0.1,0.1
0.985550,0.429768,0.204755,0.1,0.1,0.1
1.043048,-0.354873,0.512297,0.1,0.1,0.1
0.780549,0.059819,0.512297,0.1,0.1,0.1
0.884439,0.633420,0.512297,0.1,0.1,0.1
1.143234,-0.110790,0.547651,0.1,0.1,0.1
0.852287,-0.435795,0.683724,0.1,0.1,0.1
1.041766,0.601132,0.168476,0.1,0.1,0.1
0.814894,0.650801,0.423689,0.1,0.1,0.1
1.093342,-0.575997,0.185072,0.1,0.1,0.1
0.921987,0.689036,0.187833,0.1,0.1,0.1
1.078747,-0.479178,0.512297,0.1,0.1,0.1
0.885985,-0.244565,0.683724,0.1,0.1,0.1
1.005178,0.330551,0.664041,0.1,0.1,0.1
0.908335,0.174191,0.185072,0.1,0.1,0.1
0.530899,0.602359,0.321359,0.1,0.1,0.1
0.855180,-0.696366,0.405516,0.1,0.1,0.1
0.877207,0.661430,0.368932,0.1,0.1,0.1
0.828988,0.022535,0.683724,0.1,0.1,0.1
0.779511,-0.564522,0.664041,0.1,0.1,0.1
0.669925,-0.113578,0.585540,0.1,0.1,0.1
1.108839,-0.381075,0.204755,0.1,0.1,0.1
1.183882,-0.232031,0.080470,0.1,0.1,0.1
0.685437,0.294139,0.512297,0.1,0.1,0.1
1.068420,-0.679960,0.275037,0.1,0.1,0.1
1.003930,0.703014,0.591623,0.1,0.1,0.1
1.169388,-0.147057,0.541328,0.1,0.1,0.1
0.678705,0.118600,0.664041,0.1,0.1,0.1
0.960112,0.168635,0.185072,0.1,0.1,0.1
1.176758,-0.190265,0.027879,0.1,0.1,0.1
1.042335,-0.684409,0.572170,0.1,0.1,0.1
1.014797,0.065618,0.185072,0.1,0.1,0.1
1.103678,-0.298271,0.185072,0.1,0.1,0.1
0.996532,0.515038,0.664041,0.1,0.1,0.1
1.050158,0.029418,0.512297,0.1,0.1,0.1
1.214094,-0.467678,0.666963,0.1,0.1,0.1
0.612649,0.426461,0.204755,0.1,0.1,0.1
0.746197,0.467816,0.664041,0.1,0.1,0.1
0.808905,-0.724226,0.420913,0.1,0.1,0.1
0.721140,-0.112420,0.185072,0.1,0.1,0.1
1.225315,-0.474933,0.465521,0.1,0.1,0.1
0.747194,-0.319173,0.512297,0.1,0.1,0.1
0.711525,-0.513330,0.204755,0.1,0.1,0.1
1.192380,-0.281847,0.160945,0.1,0.1,0.1
1.075550,-0.044389,0.468998,0.1,0.1,0.1
1.004679,-0.670865,0.397071,0.1,0.1,0.1
0.658563,0.209294,0.512297,0.1,0.1,0.1
1.218256,-0.433550,0.034791,0.1,0.1,0.1
0.939044,-0.067673,0.421063,0.1,0.1,0.1
0.670654,0.646165,0.314439,0.1,0.1,0.1
1.062032,0.365258,0.497310,0.1,0.1,0.1
1.058872,-0.534778,0.185072,0.1,0.1,0.1
1.148549,-0.483613,0.204755,0.1,0.1,0.1
0.861529,0.658756,0.260911,0.1,0.1,0.1
1.096004,0.071222,0.204755,0.1,0.1,0.1
0.841483,0.549834,0.512297,0.1,0.1,0.1
1.067202,0.334950,0.134145,0.1,0.1,0.1
1.024186,-0.385332,0.664041,0.1,0.1,0.1
0.758824,-0.051298,0.664041,0.1,0.1,0.1
0.633580,0.619874,0.296236,0.1,0.1,0.1
0.848536,0.509021,0.664041,0.1,0.1,0.1
1.239863,-0.560219,0.467438,0.1,0.1,0.1
1.042163,-0.050083,0.644999,0.1,0.1,0.1
0.925934,0.689710,0.497147,0.1,0.1,0.1
0.801606,0.378688,0.512297,0.1,0.1,0.1
1.239731,-0.559444,0.118799,0.1,0.1,0.1
0.974216,0.310579,0.204755,0.1,0.1,0.1
0.722715,0.466616,0.204755,0.1,0.1,0.1
1.110599,0.080532,0.462001,0.1,0.1,0.1
0.721076,-0.230615,0.512297,0.1,0.1,0.1
1.012454,-0.565522,0.664041,0.1,0.1,0.1
1.197662,-0.429877,0.126570,0.1,0.1,0.1
0.998868,-0.057468,0.567084,0.1,0.1,0.1
0.982838,0.699416,0.440935,0.1,0.1,0.1
0.845071,0.350220,0.185072,0.1,0.1,0.1
0.740855,-0.723813,0.489103,0.1,0.1,0.1
1.117765,0.038526,0.052562,0.1,0.1,0.1
1.195474,-0.417045,0.238174,0.1,0.1,0.1
1.035250,-0.051263,0.239546,0.1,0.1,0.1
0.750245,-0.714265,0.431776,0.1,0.1,0.1
1.161814,-0.131021,0.673882,0.1,0.1,0.1
1.163835,-0.114505,0.238116,0.1,0.1,0.1
0.876153,-0.635124,0.185072,0.1,0.1,0.1
1.002144,-0.056910,0.409473,0.1,0.1,0.1
1.185170,-0.239580,0.043811,0.1,0.1,0.1
0.622377,0.142356,0.683724,0.1,0.1,0.1
0.802439,-0.725329,0.354142,0.1,0.1,0.1
0.982314,0.304382,0.185072,0.1,0.1,0.1
1.048662,0.443642,0.569050,0.1,0.1,0.1
1.079433,-0.183918,0.512297,0.1,0.1,0.1
0.718241,-0.105336,0.273916,0.1,0.1,0.1
0.740161,0.589938,0.683724,0.1,0.1,0.1
1.124141,0.001142,0.235718,0.1,0.1,0.1
1.148601,-0.142253,0.077639,0.1,0.1,0.1
0.975113,-0.643346,0.664041,0.1,0.1,0.1
1.168605,-0.662871,0.648457,0.1,0.1,0.1
0.922006,0.252718,0.664041,0.1,0.1,0.1
1.046631,0.572607,0.634072,0.1,0.1,0.1
1.025008,-0.188893,0.512297,0.1,0.1,0.1
1.004763,0.683188,0.680490,0.1,0.1,0.1
0.621624,0.186591,0.512297,0.1,0.1,0.1
1.170721,-0.271931,0.182026,0.1,0.1,0.1
0.925959,-0.069905,0.445033,0.1,0.1,0.1
0.587408,0.411743,0.204755,0.1,0.1,0.1
0.993495,0.477403,0.512297,0.1,0.1,0.1
0.950011,0.623965,0.512297,0.1,0.1,0.1
0.972707,0.555770,0.512297,0.1,0.1,0.1
1.047741,0.403931,0.204755,0.1,0.1,0.1
0.884992,0.349346,0.204755,0.1,0.1,0.1
1.122709,0.068066,0.674441,0.1,0.1,0.1
0.846301,-0.707864,0.664558,0.1,0.1,0.1
1.207389,-0.486901,0.154778,0.1,0.1,0.1
1.105786,0.225813,0.518349,0.1,0.1,0.1
1.001557,-0.024168,0.683724,0.1,0.1,0.1
0.742731,0.297368,0.683724,0.1,0.1,0.1
0.887273,-0.035081,0.185072,0.1,0.1,0.1
1.120415,-0.418559,0.204755,0.1,0.1,0.1
0.924099,-0.234962,0.512297,0.1,0.1,0.1
1.062401,0.480155,0.223718,0.1,0.1,0.1
0.952421,-0.111546,0.512297,0.1,0.1,0.1
1.037379,0.509791,0.340223,0.1,0.1,0.1
1.010160,0.669361,0.355639,0.1,0.1,0.1
0.866352,0.150967,0.683724,0.1,0.1,0.1
0.977752,0.698548,0.522923,0.1,0.1,0.1
1.072150,-0.369648,0.204755,0.1,0.1,0.1
1.076705,0.279240,0.095264,0.1,0.1,0.1
1.051140,0.002670,0.664041,0.1,0.1,0.1
0.612606,0.158955,0.512297,0.1,0.1,0.1
0.878711,0.164061,0.185072,0.1,0.1,0.1
0.680696,0.603193,0.512297,0.1,0.1,0.1
1.030558,0.246256,0.664041,0.1,0.1,0.1
1.143765,-0.113901,0.000687,0.1,0.1,0.1
1.111196,0.039228,0.204755,0.1,0.1,0.1
1.088909,-0.400216,0.683724,0.1,0.1,0.1
0.640296,-0.060806,0.512297,0.1,0.1,0.1
1.015852,-0.445958,0.185072,0.1,0.1,0.1
0.686854,0.599816,0.512297,0.1,0.1,0.1
0.985702,-0.281863,0.512297,0.1,0.1,0.1
0.753672,-0.398196,0.512297,0.1,0.1,0.1
0.916610,-0.376711,0.185072,0.1,0.1,0.1
0.704572,0.651951,0.312137,0.1,0.1,0.1
0.770461,0.611596,0.185072,0.1,0.1,0.1
0.861898,0.658819,0.571978,0.1,0.1,0.1
0.886649,0.683008,0.519790,0.1,0.1,0.1
1.050534,-0.307554,0.204755,0.1,0.1,0.1
1.013194,-0.055025,0.301995,0.1,0.1,0.1
1.094917,-0.526225,0.512297,0.1,0.1,0.1
1.055740,-0.262282,0.683724,0.1,0.1,0.1
1.209136,-0.380082,0.553399,0.1,0.1,0.1
1.128373,-0.023666,0.596457,0.1,0.1,0.1
1.059323,-0.429256,0.204755,0.1,0.1,0.1
0.805997,0.223541,0.512297,0.1,0.1,0.1
0.964862,0.696350,0.671846,0.1,0.1,0.1
1.117269,0.041430,0.232509,0.1,0.1,0.1
0.782309,0.612247,0.185072,0.1,0.1,0.1
1.072177,0.422847,0.613402,0.1,0.1,0.1
0.773443,-0.098553,0.185072,0.1,0.1,0.1
0.888407,0.683308,0.345561,0.1,0.1,0.1
0.882520,0.682304,0.543966,0.1,0.1,0.1
0.751001,-0.099748,0.353022,0.1,0.1,0.1
0.868511,0.052176,0.664041,0.1,0.1,0.1
0.837130,-0.564275,0.185072,0.1,0.1,0.1
0.696840,0.280846,0.512297,0.1,0.1,0.1
1.156386,-0.152783,0.673882,0.1,0.1,0.1
0.896973,0.664802,0.256959,0.1,0.1,0.1
1.076614,0.218853,0.512297,0.1,0.1,0.1
1.191935,-0.279238,0.243166,0.1,0.1,0.1
0.631016,0.416396,0.185072,0.1,0.1,0.1
0.980298,-0.136666,0.204755,0.1,0.1,0.1
0.602809,0.085482,0.674434,0.1,0.1,0.1
0.778798,-0.356943,0.185072,0.1,0.1,0.1
1.025156,-0.350579,0.664041,0.1,0.1,0.1
0.921699,0.332713,0.512297,0.1,0.1,0.1
0.797805,-0.726120,0.633622,0.1,0.1,0.1
1.066176,0.340967,0.337217,0.1,0.1,0.1
0.923794,-0.487131,0.512297,0.1,0.1,0.1
0.742791,-0.735167,0.576700,0.1,0.1,0.1
0.996951,-0.692150,0.371547,0.1,0.1,0.1
0.908919,-0.550032,0.185072,0.1,0.1,0.1
0.964586,0.696303,0.375971,0.1,0.1,0.1
0.873802,0.051820,0.185072,0.1,0.1,0.1
0.804183,-0.347365,0.512297,0.1,0.1,0.1
0.818188,-0.442636,0.185072,0.1,0.1,0.1
1.119753,0.051391,0.512297,0.1,0.1,0.1
1.155649,-0.183575,0.244802,0.1,0.1,0.1
0.873907,0.132735,0.185072,0.1,0.1,0.1
1.163450,-0.112245,0.640332,0.1,0.1,0.1
1.046529,0.456146,0.050642,0.1,0.1,0.1
0.832902,-0.700166,0.340700,0.1,0.1,0.1
0.807607,-0.001199,0.512297,0.1,0.1,0.1
1.088379,-0.225058,0.512297,0.1,0.1,0.1
0.850376,0.676821,0.276721,0.1,0.1,0.1
1.171722,-0.420030,0.204755,0.1,0.1,0.1
1.028283,0.680172,0.247870,0.1,0.1,0.1
0.924547,-0.676559,0.664041,0.1,0.1,0.1
1.074369,0.292935,0.596184,0.1,0.1,0.1
1.242540,-0.650259,0.567724,0.1,0.1,0.1
0.923662,0.669354,0.567119,0.1,0.1,0.1
1.170634,-0.463201,0.664041,0.1,0.1,0.1
1.056920,0.512287,0.035739,0.1,0.1,0.1
0.995729,-0.058004,0.476790,0.1,0.1,0.1
0.590483,0.162260,0.683724,0.1,0.1,0.1
0.716296,0.653950,0.369607,0.1,0.1,0.1
1.189668,-0.605805,0.683724,0.1,0.1,0.1
0.872322,0.598030,0.512297,0.1,0.1,0.1
0.512009,0.617799,0.652635,0.1,0.1,0.1
0.598741,0.558902,0.185072,0.1,0.1,0.1
1.014979,0.627233,0.204755,0.1,0.1,0.1
0.624175,0.370907,0.204755,0.1,0.1,0.1
1.223359,-0.542595,0.185072,0.1,0.1,0.1
1.098217,-0.040522,0.661846,0.1,0.1,0.1
1.136765,0.044196,0.256978,0.1,0.1,0.1
1.028659,-0.283007,0.683724,0.1,0.1,0.1
1.072907,0.301506,0.651112,0.1,0.1,0.1
0.725636,0.655544,0.477922,0.1,0.1,0.1
0.555583,0.626537,0.342779,0.1,0.1,0.1
0.634530,0.081678,0.683724,0.1,0.1,0.1
0.995055,0.486562,0.664041,0.1,0.1,0.1
1.120138,-0.651170,0.255414,0.1,0.1,0.1
1.049774,0.232330,0.185072,0.1,0.1,0.1
0.540679,0.449721,0.195919,0.1,0.1,0.1
0.828720,0.673127,0.484958,0.1,0.1,0.1
0.635159,0.640111,0.285543,0.1,0.1,0.1
0.821706,-0.186862,0.512297,0.1,0.1,0.1
1.059062,-0.661589,0.597265,0.1,0.1,0.1
0.955407,-0.699237,0.479395,0.1,0.1,0.1
0.883963,-0.026759,0.512297,0.1,0.1,0.1
0.910224,-0.092734,0.185072,0.1,0.1,0.1
0.962329,-0.275284,0.512297,0.1,0.1,0.1
0.687164,0.628062,0.204755,0.1,0.1,0.1
1.133373,-0.492823,0.683724,0.1,0.1,0.1
1.101002,-0.040047,0.288743,0.1,0.1,0.1
1.053725,-0.048111,0.670151,0.1,0.1,0.1
1.019494,-0.668338,0.371779,0.1,0.1,0.1
0.844036,-0.083879,0.600202,0.1,0.1,0.1
0.781989,0.154293,0.185072,0.1,0.1,0.1
1.113695,0.062386,0.247096,0.1,0.1,0.1
0.697081,0.219112,0.512297,0.1,0.1,0.1
1.088369,-0.127902,0.664041,0.1,0.1,0.1
0.983105,-0.290536,0.204755,0.1,0.1,0.1
0.909480,-0.124730,0.185072,0.1,0.1,0.1
0.684315,0.174695,0.512297,0.1,0.1,0.1
0.960138,-0.246483,0.185072,0.1,0.1,0.1
0.953676,-0.448661,0.664041,0.1,0.1,0.1
0.982818,0.112988,0.512297,0.1,0.1,0.1
1.184474,-0.338778,0.512297,0.1,0.1,0.1
1.132486,0.069281,0.376790,0.1,0.1,0.1
0.934302,0.078766,0.204755,0.1,0.1,0.1
0.952598,0.013835,0.664041,0.1,0.1,0.1
0.518864,0.600306,0.671087,0.1,0.1,0.1
0.876345,0.432808,0.185072,0.1,0.1,0.1
1.014720,0.642628,0.133432,0.1,0.1,0.1
0.891178,0.154652,0.512297,0.1,0.1,0.1
1.022907,-0.144923,0.204755,0.1,0.1,0.1
0.802022,-0.461937,0.512297,0.1,0.1,0.1
0.814072,0.650661,0.260072,0.1,0.1,0.1
1.086789,-0.347850,0.683724,0.1,0.1,0.1
0.964446,-0.249002,0.204755,0.1,0.1,0.1
1.046518,0.342741,0.512297,0.1,0.1,0.1
1.059714,-0.283209,0.683724,0.1,0.1,0.1
0.978299,-0.027862,0.664041,0.1,0.1,0.1
1.104851,-0.653778,0.259609,0.1,0.1,0.1
1.129306,0.087922,0.055181,0.1,0.1,0.1
1.032165,0.325245,0.512297,0.1,0.1,0.1
1.047919,-0.049102,0.192246,0.1,0.1,0.1
0.700537,-0.160542,0.512297,0.1,0.1,0.1
1.016243,0.633698,0.225235,0.1,0.1,0.1
0.674352,-0.112823,0.411517,0.1,0.1,0.1
1.207555,-0.487874,0.335944,0.1,0.1,0.1
1.185310,-0.240401,0.081303,0.1,0.1,0.1
0.941520,-0.409989,0.185072,0.1,0.1,0.1
0.871950,0.530919,0.185072,0.1,0.1,0.1
1.061752,0.366901,0.099970,0.1,0.1,0.1
0.911410,-0.431601,0.512297,0.1,0.1,0.1
1.108369,0.093610,0.579103,0.1,0.1,0.1
1.169423,-0.264321,0.603443,0.1,0.1,0.1
1.076928,0.394994,0.060723,0.1,0.1,0.1
1.211265,-0.563834,0.683724,0.1,0.1,0.1
0.911858,-0.641030,0.185072,0.1,0.1,0.1
1.128692,0.091524,0.652006,0.1,0.1,0.1
0.800298,-0.522074,0.512297,0.1,0.1,0.1
1.138760,-0.647994,0.487961,0.1,0.1,0.1
1.127895,-0.617058,0.204755,0.1,0.1,0.1
0.736957,0.422484,0.204755,0.1,0.1,0.1
1.099678,-0.654660,0.659960,0.1,0.1,0.1
0.668050,0.625754,0.204090,0.1,0.1,0.1
1.176270,-0.304464,0.585026,0.1,0.1,0.1
1.028018,0.018499,0.664041,0.1,0.1,0.1
0.582242,0.545500,0.185072,0.1,0.1,0.1
1.226681,-0.549484,0.673882,0.1,0.1,0.1
1.065286,-0.322040,0.683724,0.1,0.1,0.1
0.752310,0.512692,0.204755,0.1,0.1,0.1
0.975461,0.197583,0.512297,0.1,0.1,0.1
0.652544,0.055440,0.512297,0.1,0.1,0.1
0.886862,-0.392112,0.664041,0.1,0.1,0.1
1.069315,0.349859,0.683724,0.1,0.1,0.1
0.894944,-0.075195,0.389237,0.1,0.1,0.1
1.053903,0.460878,0.000000,0.1,0.1,0.1
0.761744,-0.097916,0.248353,0.1,0.1,0.1
1.146820,-0.014755,0.520456,0.1,0.1,0.1
0.735397,0.087993,0.512297,0.1,0.1,0.1
1.000500,-0.097547,0.512297,0.1,0.1,0.1
1.104406,-0.039466,0.198638,0.1,0.1,0.1
0.731237,0.656499,0.368897,0.1,0.1,0.1
0.707147,0.309450,0.512297,0.1,0.1,0.1
0.921682,-0.343802,0.512297,0.1,0.1,0.1
0.892921,0.536274,0.204755,0.1,0.1,0.1
1.101923,0.248456,0.139719,0.1,0.1,0.1
1.134440,-0.000707,0.666241,0.1,0.1,0.1
0.870742,0.308805,0.512297,0.1,0.1,0.1
1.018071,-0.396331,0.683724,0.1,0.1,0.1
0.835173,0.016927,0.204755,0.1,0.1,0.1
0.668058,-0.173070,0.185072,0.1,0.1,0.1
1.067293,0.334416,0.521834,0.1,0.1,0.1
0.668986,0.231953,0.512297,0.1,0.1,0.1
1.055434,0.521003,0.502600,0.1,0.1,0.1
0.787799,0.435798,0.512297,0.1,0.1,0.1
1.129964,-0.032992,0.119961,0.1,0.1,0.1
0.934985,-0.087825,0.512297,0.1,0.1,0.1
1.214509,-0.635073,0.367167,0.1,0.1,0.1
1.090563,-0.149140,0.204755,0.1,0.1,0.1
0.802233,-0.091009,0.637160,0.1,0.1,0.1
1.123807,-0.650545,0.472347,0.1,0.1,0.1
0.700813,-0.264582,0.512297,0.1,0.1,0.1
1.048617,-0.350237,0.185072,0.1,0.1,0.1
0.950389,-0.065738,0.675562,0.1,0.1,0.1
0.903169,0.164113,0.204755,0.1,0.1,0.1
1.010049,0.670010,0.547195,0.1,0.1,0.1
0.679186,-0.223795,0.512297,0.1,0.1,0.1
1.175478,-0.299823,0.101232,0.1,0.1,0.1
0.948678,-0.117416,0.512297,0.1,0.1,0.1
1.231888,-0.513465,0.652504,0.1,0.1,0.1
0.950458,0.683882,0.185072,0.1,0.1,0.1
0.814746,0.031340,0.204755,0.1,0.1,0.1
0.844635,-0.718132,0.436147,0.1,0.1,0.1
1.102576,-0.376535,0.512297,0.1,0.1,0.1
0.768695,0.376919,0.512297,0.1,0.1,0.1
0.819426,-0.535912,0.512297,0.1,0.1,0.1
0.740185,0.347513,0.512297,0.1,0.1,0.1
0.772352,0.426144,0.664041,0.1,0.1,0.1
0.675535,0.195210,0.185072,0.1,0.1,0.1
1.076738,0.396105,0.627663,0.1,0.1,0.1
0.921879,-0.515493,0.204755,0.1,0.1,0.1
1.059171,-0.596134,0.664041,0.1,0.1,0.1
1.131479,-0.140871,0.664041,0.1,0.1,0.1
1.154947,-0.645233,0.391785,0.1,0.1,0.1
0.708363,0.632630,0.561989,0.1,0.1,0.1
1.050481,0.432978,0.577374,0.1,0.1,0.1
0.960982,-0.068744,0.512297,0.1,0.1,0.1
0.627377,0.185922,0.204755,0.1,0.1,0.1
1.061155,0.370403,0.649878,0.1,0.1,0.1
1.074990,-0.330899,0.664041,0.1,0.1,0.1
0.929818,-0.598153,0.683724,0.1,0.1,0.1
1.117047,0.007792,0.683724,0.1,0.1,0.1
1.210791,-0.389782,0.600019,0.1,0.1,0.1
1.093554,-0.027115,0.204755,0.1,0.1,0.1
0.832791,0.092109,0.664041,0.1,0.1,0.1
0.877189,-0.078224,0.261823,0.1,0.1,0.1
0.852371,0.583026,0.512297,0.1,0.1,0.1
0.830206,0.444274,0.204755,0.1,0.1,0.1
1.029698,-0.301470,0.512297,0.1,0.1,0.1
0.741568,-0.710770,0.512297,0.1,0.1,0.1
0.950072,-0.316975,0.185072,0.1,0.1,0.1
1.092218,-0.327862,0.512297,0.1,0.1,0.1
0.944923,0.168293,0.204755,0.1,0.1,0.1
1.246986,-0.601979,0.523173,0.1,0.1,0.1
1.203749,-0.473508,0.185072,0.1,0.1,0.1
1.196053,-0.303384,0.233697,0.1,0.1,0.1
0.993407,-0.108227,0.683724,0.1,0.1,0.1
0.713972,-0.461265,0.204755,0.1,0.1,0.1
0.830538,-0.529849,0.512297,0.1,0.1,0.1
1.015397,0.638658,0.251424,0.1,0.1,0.1
0.987905,0.596634,0.664041,0.1,0.1,0.1
0.830089,0.200434,0.204755,0.1,0.1,0.1
0.674112,0.151658,0.185072,0.1,0.1,0.1
0.827473,0.506217,0.204755,0.1,0.1,0.1
1.084735,0.349222,0.065570,0.1,0.1,0.1
1.091992,0.189616,0.181127,0.1,0.1,0.1
0.983832,-0.409032,0.683724,0.1,0.1,0.1
0.728449,-0.103595,0.290981,0.1,0.1,0.1
0.943673,0.529470,0.512297,0.1,0.1,0.1
0.761697,-0.709593,0.512297,0.1,0.1,0.1
1.005932,0.038310,0.204755,0.1,0.1,0.1
0.877510,-0.692557,0.394506,0.1,0.1,0.1
0.798529,-0.599502,0.512297,0.1,0.1,0.1
1.233496,-0.594374,0.000000,0.1,0.1,0.1
0.635761,-0.044235,0.204755,0.1,0.1,0.1
0.704945,0.652014,0.302345,0.1,0.1,0.1
0.623370,0.474666,0.185072,0.1,0.1,0.1
1.203275,-0.462780,0.013725,0.1,0.1,0.1
0.653098,-0.187731,0.512297,0.1,0.1,0.1
1.233086,-0.637549,0.224645,0.1,0.1,0.1
1.131371,0.075820,0.308839,0.1,0.1,0.1
0.981740,0.523656,0.512297,0.1,0.1,0.1
0.980850,0.218600,0.512297,0.1,0.1,0.1
1.149808,-0.542501,0.512297,0.1,0.1,0.1
1.007855,-0.203352,0.512297,0.1,0.1,0.1
0.883250,0.662461,0.465127,0.1,0.1,0.1
0.899711,-0.074382,0.195521,0.1,0.1,0.1
0.721332,0.223847,0.683724,0.1,0.1,0.1
0.937433,-0.423747,0.512297,0.1,0.1,0.1
0.573376,0.629572,0.290144,0.1,0.1,0.1
1.104006,0.119186,0.635406,0.1,0.1,0.1
0.822503,0.334138,0.683724,0.1,0.1,0.1
1.191442,-0.393412,0.021108,0.1,0.1,0.1
0.894109,0.438400,0.512297,0.1,0.1,0.1
0.941740,0.192445,0.512297,0.1,0.1,0.1
0.595053,0.230734,0.512297,0.1,0.1,0.1
1.043915,0.588530,0.046393,0.1,0.1,0.1
0.555828,0.606611,0.293861,0.1,0.1,0.1
0.953576,-0.065194,0.397279,0.1,0.1,0.1
1.218131,-0.432814,0.338720,0.1,0.1,0.1
1.035659,-0.654500,0.185072,0.1,0.1,0.1
1.065106,0.068408,0.185072,0.1,0.1,0.1
1.161562,-0.218235,0.216471,0.1,0.1,0.1
0.970098,0.697243,0.554218,0.1,0.1,0.1
1.181903,-0.337487,0.222646,0.1,0.1,0.1
0.795926,0.269093,0.185072,0.1,0.1,0.1
0.777742,-0.709575,0.308699,0.1,0.1,0.1
0.884826,0.277902,0.512297,0.1,0.1,0.1
1.112414,-0.184174,0.185072,0.1,0.1,0.1
0.759679,-0.098268,0.618518,0.1,0.1,0.1
0.679935,0.077945,0.185072,0.1,0.1,0.1
0.777721,0.664428,0.565221,0.1,0.1,0.1
1.031723,0.542949,0.625446,0.1,0.1,0.1
0.843754,0.335793,0.512297,0.1,0.1,0.1
0.741704,-0.090406,0.512297,0.1,0.1,0.1
0.825506,-0.229666,0.683724,0.1,0.1,0.1
0.966231,-0.063035,0.255997,0.1,0.1,0.1
0.670640,0.637104,0.185072,0.1,0.1,0.1
1.125881,-0.628710,0.664041,0.1,0.1,0.1
0.860708,-0.081035,0.461435,0.1,0.1,0.1
0.553095,0.416234,0.683724,0.1,0.1,0.1
0.740321,0.123978,0.185072,0.1,0.1,0.1
0.673380,-0.112989,0.507193,0.1,0.1,0.1
0.858250,-0.081454,0.228081,0.1,0.1,0.1
1.102766,-0.050096,0.512297,0.1,0.1,0.1
0.892535,-0.689994,0.391980,0.1,0.1,0.1
0.557210,0.608204,0.683724,0.1,0.1,0.1
0.825596,0.603116,0.512297,0.1,0.1,0.1
1.040092,0.493886,0.605424,0.1,0.1,0.1
1.243434,-0.639687,0.666711,0.1,0.1,0.1
0.921976,0.440200,0.512297,0.1,0.1,0.1
1.043904,0.125851,0.185072,0.1,0.1,0.1
0.903116,-0.708156,0.494771,0.1,0.1,0.1
1.129782,-0.242115,0.664041,0.1,0.1,0.1
0.871862,0.496989,0.512297,0.1,0.1,0.1
1.031287,0.545506,0.655683,0.1,0.1,0.1
0.958637,-0.064331,0.655107,0.1,0.1,0.1
0.975669,-0.550906,0.512297,0.1,0.1,0.1
0.794985,0.576908,0.683724,0.1,0.1,0.1
0.673544,0.190690,0.683724,0.1,0.1,0.1
1.200251,-0.657473,0.614093,0.1,0.1,0.1
0.894335,-0.516886,0.185072,0.1,0.1,0.1
0.547192,0.577110,0.204755,0.1,0.1,0.1
0.683042,0.374037,0.512297,0.1,0.1,0.1
0.582000,0.493616,0.512297,0.1,0.1,0.1
1.128864,-0.319534,0.185072,0.1,0.1,0.1
1.000814,-0.203743,0.664041,0.1,0.1,0.1
0.716229,-0.453811,0.664041,0.1,0.1,0.1
0.666214,0.173636,0.664041,0.1,0.1,0.1
0.904836,0.666143,0.374441,0.1,0.1,0.1
1.054411,-0.662382,0.253793,0.1,0.1,0.1
0.604197,0.509724,0.512297,0.1,0.1,0.1
0.896524,-0.074926,0.624125,0.1,0.1,0.1
0.695369,-0.284147,0.512297,0.1,0.1,0.1
0.910424,-0.653458,0.512297,0.1,0.1,0.1
1.091902,0.190149,0.583843,0.1,0.1,0.1
0.908709,-0.072847,0.311050,0.1,0.1,0.1
0.973473,0.222127,0.204755,0.1,0.1,0.1
0.725509,-0.104097,0.570867,0.1,0.1,0.1
1.181093,-0.650757,0.190902,0.1,0.1,0.1
1.248625,-0.639238,0.578134,0.1,0.1,0.1
0.805155,-0.080534,0.683724,0.1,0.1,0.1
1.164526,-0.550122,0.683724,0.1,0.1,0.1
1.108744,0.091412,0.514437,0.1,0.1,0.1
1.188887,-0.261369,0.544596,0.1,0.1,0.1
1.176247,-0.304330,0.621145,0.1,0.1,0.1
1.102486,0.128100,0.505091,0.1,0.1,0.1
0.912974,-0.053630,0.204755,0.1,0.1,0.1
1.087648,0.332146,0.316413,0.1,0.1,0.1
0.585618,0.611693,0.217428,0.1,0.1,0.1
0.968035,-0.447484,0.512297,0.1,0.1,0.1
1.035086,0.523232,0.513319,0.1,0.1,0.1
0.598639,0.434098,0.683724,0.1,0.1,0.1
1.134354,-0.058046,0.512297,0.1,0.1,0.1
1.086668,-0.676847,0.444435,0.1,0.1,0.1
1.046638,0.455509,0.153757,0.1,0.1,0.1
1.001831,-0.479040,0.512297,0.1,0.1,0.1
0.565438,0.502163,0.683724,0.1,0.1,0.1
0.801336,-0.477107,0.512297,0.1,0.1,0.1
0.644396,-0.132332,0.204755,0.1,0.1,0.1
0.861440,0.666863,0.683724,0.1,0.1,0.1
0.784709,0.196543,0.664041,0.1,0.1,0.1
1.097250,0.158796,0.638910,0.1,0.1,0.1
0.827321,0.652921,0.211457,0.1,0.1,0.1
1.076090,0.167572,0.512297,0.1,0.1,0.1
1.173883,-0.290471,0.568772,0.1,0.1,0.1
1.040280,-0.684760,0.463485,0.1,0.1,0.1
1.019152,0.616647,0.001654,0.1,0.1,0.1
0.708484,0.632651,0.594880,0.1,0.1,0.1
0.730565,0.576319,0.185072,0.1,0.1,0.1
1.203324,-0.346006,0.194299,0.1,0.1,0.1
0.541516,0.473146,0.683724,0.1,0.1,0.1
0.885094,0.682743,0.543927,0.1,0.1,0.1
1.218869,-0.437142,0.034174,0.1,0.1,0.1
0.894637,0.284904,0.683724,0.1,0.1,0.1
0.955045,-0.237601,0.683724,0.1,0.1,0.1
1.023392,-0.538986,0.512297,0.1,0.1,0.1
1.170962,-0.278313,0.683724,0.1,0.1,0.1
0.939324,-0.105863,0.185072,0.1,0.1,0.1
0.820862,-0.029242,0.204755,0.1,0.1,0.1
0.992464,-0.147414,0.512297,0.1,0.1,0.1
0.650700,-0.116857,0.455023,0.1,0.1,0.1
0.926869,0.595914,0.664041,0.1,0.1,0.1
1.076926,0.336472,0.188667,0.1,0.1,0.1
1.065445,-0.466783,0.185072,0.1,0.1,0.1
1.099167,-0.654748,0.365096,0.1,0.1,0.1
1.199879,-0.442870,0.388306,0.1,0.1,0.1
0.970938,-0.119722,0.664041,0.1,0.1,0.1
1.138934,-0.647964,0.405884,0.1,0.1,0.1
0.870630,0.680276,0.294112,0.1,0.1,0.1
0.521434,0.565983,0.512297,0.1,0.1,0.1
0.704803,0.638683,0.512297,0.1,0.1,0.1
1.127909,-0.020947,0.029731,0.1,0.1,0.1
0.946640,0.626111,0.512297,0.1,0.1,0.1
0.769498,0.132889,0.683724,0.1,0.1,0.1
0.854150,0.496256,0.185072,0.1,0.1,0.1
0.690661,-0.043036,0.512297,0.1,0.1,0.1
0.697394,-0.252011,0.512297,0.1,0.1,0.1
1.180457,-0.329011,0.283140,0.1,0.1,0.1
0.761666,-0.097929,0.200587,0.1,0.1,0.1
1.176965,-0.191481,0.599985,0.1,0.1,0.1
0.880505,-0.692046,0.418828,0.1,0.1,0.1
1.181209,-0.216362,0.201814,0.1,0.1,0.1
1.027304,0.239205,0.204755,0.1,0.1,0.1
0.890299,-0.690375,0.580183,0.1,0.1,0.1
0.727277,-0.529628,0.512297,0.1,0.1,0.1
0.639946,0.434904,0.512297,0.1,0.1,0.1
1.224374,-0.586474,0.230978,0.1,0.1,0.1
0.754754,-0.210959,0.185072,0.1,0.1,0.1
1.045428,0.462600,0.595419,0.1,0.1,0.1
0.601388,0.211560,0.204755,0.1,0.1,0.1
1.188196,-0.624149,0.204755,0.1,0.1,0.1
1.151487,-0.082923,0.673882,0.1,0.1,0.1
1.024458,-0.085587,0.512297,0.1,0.1,0.1
0.846060,0.578102,0.664041,0.1,0.1,0.1
0.833647,0.591406,0.683724,0.1,0.1,0.1
1.019344,0.217955,0.512297,0.1,0.1,0.1
0.821934,0.652002,0.590873,0.1,0.1,0.1
0.693853,0.597174,0.664041,0.1,0.1,0.1
1.118900,0.031867,0.636668,0.1,0.1,0.1
1.069510,0.321421,0.289572,0.1,0.1,0.1
1.092513,0.303624,0.200545,0.1,0.1,0.1
0.755970,-0.552589,0.512297,0.1,0.1,0.1
0.969367,-0.226397,0.204755,0.1,0.1,0.1
1.167159,-0.133988,0.596402,0.1,0.1,0.1
1.129583,-0.030759,0.147175,0.1,0.1,0.1
1.173081,-0.168710,0.086257,0.1,0.1,0.1
0.681895,0.261731,0.683724,0.1,0.1,0.1
1.015724,0.664896,0.664041,0.1,0.1,0.1
0.991701,-0.612071,0.683724,0.1,0.1,0.1
1.001524,-0.691370,0.330030,0.1,0.1,0.1
0.683695,0.585890,0.204755,0.1,0.1,0.1
0.652990,0.482370,0.204755,0.1,0.1,0.1
1.113514,0.063445,0.624796,0.1,0.1,0.1
1.161364,-0.217077,0.388313,0.1,0.1,0.1
0.770121,-0.710875,0.605790,0.1,0.1,0.1
0.799445,0.648166,0.519209,0.1,0.1,0.1
1.107142,0.100801,0.162758,0.1,0.1,0.1
1.124909,-0.660340,0.204739,0.1,0.1,0.1
1.091173,0.311480,0.608666,0.1,0.1,0.1
0.865655,-0.080191,0.249540,0.1,0.1,0.1
1.056383,0.190141,0.683724,0.1,0.1,0.1
0.779273,0.284519,0.683724,0.1,0.1,0.1
1.212694,-0.400944,0.052582,0.1,0.1,0.1
1.185049,-0.428649,0.664041,0.1,0.1,0.1
1.063465,0.356861,0.310851,0.1,0.1,0.1
0.743959,-0.034739,0.512297,0.1,0.1,0.1
0.700693,0.631322,0.238663,0.1,0.1,0.1
1.077594,-0.034965,0.683724,0.1,0.1,0.1
1.191230,-0.392167,0.384000,0.1,0.1,0.1
1.134162,0.059457,0.170707,0.1,0.1,0.1
0.811824,-0.723728,0.339460,0.1,0.1,0.1
1.108969,0.207147,0.529075,0.1,0.1,0.1
0.699643,0.651072,0.185072,0.1,0.1,0.1
0.976134,-0.556224,0.204755,0.1,0.1,0.1
1.232375,-0.516323,0.012970,0.1,0.1,0.1
0.750846,-0.734130,0.645614,0.1,0.1,0.1
0.891991,0.341043,0.512297,0.1,0.1,0.1
1.208809,-0.495226,0.099103,0.1,0.1,0.1
1.035980,0.517991,0.090984,0.1,0.1,0.1
0.656200,0.384260,0.204755,0.1,0.1,0.1
0.701520,-0.108189,0.230747,0.1,0.1,0.1
0.999235,0.326670,0.512297,0.1,0.1,0.1
1.196935,-0.308552,0.416487,0.1,0.1,0.1
0.956824,-0.453882,0.185072,0.1,0.1,0.1
0.828099,0.263741,0.185072,0.1,0.1,0.1
1.024291,0.160495,0.664041,0.1,0.1,0.1
1.056266,0.516123,0.637945,0.1,0.1,0.1
0.853847,0.657446,0.268048,0.1,0.1,0.1
0.786483,-0.406599,0.185072,0.1,0.1,0.1
0.667869,0.100628,0.204755,0.1,0.1,0.1
0.697396,-0.108892,0.479036,0.1,0.1,0.1
0.654131,-0.215396,0.671107,0.1,0.1,0.1
0.972089,-0.141579,0.185072,0.1,0.1,0.1
1.234660,-0.644936,0.185072,0.1,0.1,0.1
1.140227,-0.093160,0.181401,0.1,0.1,0.1
0.622783,0.155844,0.204755,0.1,0.1,0.1
0.737158,0.308473,0.185072,0.1,0.1,0.1
1.016805,-0.504990,0.683724,0.1,0.1,0.1
0.968457,-0.062656,0.530266,0.1,0.1,0.1
0.773281,-0.095948,0.397023,0.1,0.1,0.1
1.046816,0.454466,0.251545,0.1,0.1,0.1
0.977219,-0.061161,0.414740,0.1,0.1,0.1
0.930612,-0.513040,0.204755,0.1,0.1,0.1
0.896336,0.665984,0.185072,0.1,0.1,0.1
0.615141,0.199271,0.185072,0.1,0.1,0.1
0.787665,-0.070505,0.512297,0.1,0.1,0.1
1.204866,-0.355047,0.354448,0.1,0.1,0.1
0.883754,0.083150,0.664041,0.1,0.1,0.1
0.796545,-0.233150,0.683724,0.1,0.1,0.1
0.929256,0.277760,0.512297,0.1,0.1,0.1
1.031962,-0.227799,0.185072,0.1,0.1,0.1
0.697552,-0.315387,0.512297,0.1,0.1,0.1
1.209145,-0.380136,0.333818,0.1,0.1,0.1
0.835111,-0.031412,0.683724,0.1,0.1,0.1
1.174511,-0.474223,0.683724,0.1,0.1,0.1
0.933640,0.195413,0.204755,0.1,0.1,0.1
0.917587,0.445693,0.512297,0.1,0.1,0.1
0.737023,-0.102133,0.264479,0.1,0.1,0.1
0.723623,0.509207,0.512297,0.1,0.1,0.1
0.826346,-0.086896,0.455421,0.1,0.1,0.1
1.040030,-0.050447,0.630646,0.1,0.1,0.1
0.861485,0.678716,0.313141,0.1,0.1,0.1
1.221956,-0.455238,0.229885,0.1,0.1,0.1
0.849226,-0.657738,0.512297,0.1,0.1,0.1
0.706674,0.528885,0.512297,0.1,0.1,0.1
1.103355,0.240063,0.198769,0.1,0.1,0.1
0.839597,-0.084636,0.386811,0.1,0.1,0.1
0.904109,0.666019,0.469214,0.1,0.1,0.1
0.998851,0.682180,0.434882,0.1,0.1,0.1
0.734341,-0.234317,0.204755,0.1,0.1,0.1
0.816034,-0.088655,0.356224,0.1,0.1,0.1
1.062809,0.477765,0.189902,0.1,0.1,0.1
1.171301,-0.344505,0.664041,0.1,0.1,0.1
0.998652,0.343680,0.512297,0.1,0.1,0.1
0.868845,-0.613426,0.512297,0.1,0.1,0.1
1.135924,-0.067932,0.140879,0.1,0.1,0.1
0.951836,-0.065491,0.515495,0.1,0.1,0.1
1.066780,0.088371,0.204755,0.1,0.1,0.1
1.078707,0.267505,0.363178,0.1,0.1,0.1
1.023813,-0.584397,0.512297,0.1,0.1,0.1
0.994352,-0.058239,0.612222,0.1,0.1,0.1
0.752070,-0.495155,0.512297,0.1,0.1,0.1
1.069809,0.436727,0.061798,0.1,0.1,0.1
0.730274,-0.417872,0.204755,0.1,0.1,0.1
1.216382,-0.539619,0.576318,0.1,0.1,0.1
0.865064,0.058020,0.512297,0.1,0.1,0.1
0.683586,0.638387,0.672484,0.1,0.1,0.1
1.077278,0.275883,0.328248,0.1,0.1,0.1
1.185742,-0.359996,0.279717,0.1,0.1,0.1
0.581358,0.561128,0.512297,0.1,0.1,0.1
1.216222,-0.421626,0.404445,0.1,0.1,0.1
0.560657,0.627402,0.522710,0.1,0.1,0.1
1.140547,0.022024,0.161945,0.1,0.1,0.1
1.037651,0.508194,0.324753,0.1,0.1,0.1
0.930799,0.675121,0.664041,0.1,0.1,0.1
1.128119,-0.022177,0.247608,0.1,0.1,0.1
0.748272,-0.435551,0.185072,0.1,0.1,0.1
0.739022,-0.101792,0.279078,0.1,0.1,0.1
1.133519,-0.083911,0.664041,0.1,0.1,0.1
1.002841,-0.666646,0.204755,0.1,0.1,0.1
0.932154,-0.638633,0.664041,0.1,0.1,0.1
0.949297,-0.564466,0.664041,0.1,0.1,0.1
0.822776,-0.518537,0.512297,0.1,0.1,0.1
1.165143,-0.122172,0.665720,0.1,0.1,0.1
0.961113,0.675743,0.565462,0.1,0.1,0.1
0.697400,-0.019923,0.512297,0.1,0.1,0.1
1.004497,-0.563804,0.683724,0.1,0.1,0.1
0.907820,-0.072999,0.234245,0.1,0.1,0.1
0.795635,-0.686086,0.512297,0.1,0.1,0.1
0.920562,-0.599240,0.683724,0.1,0.1,0.1
0.686004,-0.014680,0.512297,0.1,0.1,0.1
1.155273,-0.181368,0.341071,0.1,0.1,0.1
0.862458,0.431313,0.683724,0.1,0.1,0.1
1.076049,0.283087,0.641733,0.1,0.1,0.1
0.815820,-0.258392,0.512297,0.1,0.1,0.1
0.754288,0.660431,0.568687,0.1,0.1,0.1
0.843915,-0.541090,0.185072,0.1,0.1,0.1
0.640384,0.641002,0.513406,0.1,0.1,0.1
0.844197,-0.580993,0.512297,0.1,0.1,0.1
1.228807,-0.612464,0.667060,0.1,0.1,0.1
0.710742,0.633036,0.201154,0.1,0.1,0.1
1.025491,0.579482,0.201246,0.1,0.1,0.1
0.859664,-0.284502,0.683724,0.1,0.1,0.1
1.060290,0.297125,0.664041,0.1,0.1,0.1
0.753455,-0.500908,0.204755,0.1,0.1,0.1
0.798760,-0.091602,0.278099,0.1,0.1,0.1
1.123382,0.122650,0.101740,0.1,0.1,0.1
1.041013,-0.239333,0.683724,0.1,0.1,0.1
0.756586,-0.733151,0.397685,0.1,0.1,0.1
1.137554,-0.048333,0.204755,0.1,0.1,0.1
1.146687,-0.131031,0.164477,0.1,0.1,0.1
0.604581,0.368251,0.185072,0.1,0.1,0.1
0.888635,-0.421071,0.204755,0.1,0.1,0.1
0.972051,-0.062043,0.301006,0.1,0.1,0.1
0.960735,-0.105291,0.512297,0.1,0.1,0.1
1.090312,0.031684,0.683724,0.1,0.1,0.1
1.083388,0.240062,0.410072,0.1,0.1,0.1
0.663638,0.644968,0.213966,0.1,0.1,0.1
0.838979,0.184630,0.204755,0.1,0.1,0.1
1.082828,-0.461247,0.204755,0.1,0.1,0.1
1.203556,-0.347368,0.493293,0.1,0.1,0.1
0.688272,0.420102,0.512297,0.1,0.1,0.1
0.916160,-0.685964,0.444733,0.1,0.1,0.1
0.961104,-0.589135,0.512297,0.1,0.1,0.1
1.009199,0.703912,0.395283,0.1,0.1,0.1
0.709361,0.390697,0.185072,0.1,0.1,0.1
1.022598,0.596443,0.475082,0.1,0.1,0.1
1.115225,-0.037621,0.546688,0.1,0.1,0.1
0.666223,0.166063,0.664041,0.1,0.1,0.1
0.988638,-0.693569,0.187693,0.1,0.1,0.1
0.951262,-0.559239,0.512297,0.1,0.1,0.1
0.627671,0.304112,0.512297,0.1,0.1,0.1
1.117210,0.041778,0.569296,0.1,0.1,0.1
1.103422,0.122610,0.319647,0.1,0.1,0.1
0.782429,-0.411270,0.683724,0.1,0.1,0.1
1.110383,-0.135797,0.512297,0.1,0.1,0.1
0.976833,0.421827,0.512297,0.1,0.1,0.1
1.089724,0.319977,0.373212,0.1,0.1,0.1
1.000460,-0.209983,0.512297,0.1,0.1,0.1
1.220915,-0.519956,0.673882,0.1,0.1,0.1
0.545526,0.604854,0.238887,0.1,0.1,0.1
1.177997,-0.197529,0.218914,0.1,0.1,0.1
0.892920,-0.571062,0.185072,0.1,0.1,0.1
0.978006,-0.336663,0.204755,0.1,0.1,0.1
1.038729,-0.385998,0.512297,0.1,0.1,0.1
1.252343,-0.633387,0.354762,0.1,0.1,0.1
1.092356,-0.187671,0.512297,0.1,0.1,0.1
1.066459,-0.045939,0.286409,0.1,0.1,0.1
0.572752,0.261693,0.681796,0.1,0.1,0.1
1.230492,-0.652314,0.434139,0.1,0.1,0.1
1.110176,-0.236065,0.512297,0.1,0.1,0.1
0.733597,0.309988,0.664041,0.1,0.1,0.1
0.984539,-0.694268,0.424674,0.1,0.1,0.1
0.824570,-0.131548,0.512297,0.1,0.1,0.1
1.013415,0.704632,0.361382,0.1,0.1,0.1
0.987120,0.344723,0.512297,0.1,0.1,0.1
0.815619,-0.723081,0.505413,0.1,0.1,0.1
0.645329,0.422231,0.185072,0.1,0.1,0.1
1.163847,-0.370498,0.512297,0.1,0.1,0.1
1.249072,-0.614206,0.273083,0.1,0.1,0.1
1.163153,-0.643833,0.394892,0.1,0.1,0.1
1.003755,0.177571,0.683724,0.1,0.1,0.1
1.027912,0.682351,0.522964,0.1,0.1,0.1
1.211186,-0.509162,0.434895,0.1,0.1,0.1
1.079572,0.262432,0.405228,0.1,0.1,0.1
0.792701,-0.321160,0.512297,0.1,0.1,0.1
1.134427,-0.059158,0.374065,0.1,0.1,0.1
0.808549,-0.089932,0.400199,0.1,0.1,0.1
1.021371,-0.668018,0.475544,0.1,0.1,0.1
1.043711,0.472665,0.391460,0.1,0.1,0.1
0.611687,0.055776,0.185072,0.1,0.1,0.1
1.097648,-0.386928,0.664041,0.1,0.1,0.1
1.093541,0.297598,0.233224,0.1,0.1,0.1
1.239201,-0.556341,0.643101,0.1,0.1,0.1
0.889710,-0.162305,0.512297,0.1,0.1,0.1
1.105437,0.227857,0.169635,0.1,0.1,0.1
0.791169,-0.152890,0.512297,0.1,0.1,0.1
1.114809,0.172916,0.222843,0.1,0.1,0.1
0.815731,-0.723062,0.334673,0.1,0.1,0.1
1.222000,-0.455499,0.249047,0.1,0.1,0.1
0.623431,0.638110,0.560441,0.1,0.1,0.1
0.770735,-0.335152,0.185072,0.1,0.1,0.1
1.117543,-0.515240,0.664041,0.1,0.1,0.1
1.208687,-0.377450,0.367504,0.1,0.1,0.1
1.040910,0.173830,0.185072,0.1,0.1,0.1
0.730365,0.192302,0.204755,0.1,0.1,0.1
0.875732,-0.078472,0.239478,0.1,0.1,0.1
1.163981,-0.663659,0.534383,0.1,0.1,0.1
1.144055,-0.115604,0.575779,0.1,0.1,0.1
0.885364,-0.379093,0.204755,0.1,0.1,0.1
0.524962,0.621314,0.291145,0.1,0.1,0.1
0.697855,0.204023,0.512297,0.1,0.1,0.1
0.799147,0.536794,0.512297,0.1,0.1,0.1
0.800872,-0.705629,0.452914,0.1,0.1,0.1
0.897068,0.609018,0.683724,0.1,0.1,0.1
1.088458,0.327397,0.116051,0.1,0.1,0.1
0.794479,0.667287,0.490996,0.1,0.1,0.1
1.000768,0.217728,0.204755,0.1,0.1,0.1
0.600703,0.596526,0.664041,0.1,0.1,0.1
0.932825,-0.703089,0.289435,0.1,0.1,0.1
0.715688,-0.042418,0.185072,0.1,0.1,0.1
0.676896,-0.191781,0.185072,0.1,0.1,0.1
0.900917,0.454049,0.683724,0.1,0.1,0.1
0.995370,0.701553,0.223032,0.1,0.1,0.1
1.102980,0.125204,0.171740,0.1,0.1,0.1
0.594695,0.320362,0.512297,0.1,0.1,0.1
0.900328,-0.074277,0.520764,0.1,0.1,0.1
1.115839,0.166873,0.671499,0.1,0.1,0.1
0.730271,-0.555478,0.683724,0.1,0.1,0.1
1.222352,-0.457561,0.446962,0.1,0.1,0.1
0.902928,-0.708188,0.236547,0.1,0.1,0.1
0.640267,0.576451,0.204755,0.1,0.1,0.1
0.924593,-0.070138,0.356412,0.1,0.1,0.1
0.718097,0.059907,0.204755,0.1,0.1,0.1
0.869803,-0.428005,0.512297,0.1,0.1,0.1
0.977959,-0.680508,0.683724,0.1,0.1,0.1
0.803178,-0.090848,0.484062,0.1,0.1,0.1
1.049892,0.288546,0.204755,0.1,0.1,0.1
0.777697,-0.095195,0.452314,0.1,0.1,0.1
1.143941,0.002128,0.419494,0.1,0.1,0.1
1.003915,0.347508,0.512297,0.1,0.1,0.1
0.996836,0.307999,0.664041,0.1,0.1,0.1
1.218020,-0.558200,0.664041,0.1,0.1,0.1
1.183114,-0.227530,0.605835,0.1,0.1,0.1
0.755915,-0.572833,0.512297,0.1,0.1,0.1
0.860913,0.186795,0.512297,0.1,0.1,0.1
0.693202,-0.031801,0.512297,0.1,0.1,0.1
0.652637,-0.206636,0.679572,0.1,0.1,0.1
1.086269,-0.210999,0.204755,0.1,0.1,0.1
1.151742,-0.160665,0.221638,0.1,0.1,0.1
1.086861,0.219697,0.220318,0.1,0.1,0.1
1.241487,-0.569739,0.161053,0.1,0.1,0.1
1.099565,-0.101208,0.185072,0.1,0.1,0.1
0.522485,0.557656,0.185072,0.1,0.1,0.1
0.760331,-0.225837,0.512297,0.1,0.1,0.1
0.862970,-0.303921,0.664041,0.1,0.1,0.1
0.939398,0.404206,0.512297,0.1,0.1,0.1
0.696057,0.092892,0.664041,0.1,0.1,0.1
1.058900,-0.634078,0.664041,0.1,0.1,0.1
0.921252,0.397104,0.512297,0.1,0.1,0.1
1.217505,-0.429144,0.500146,0.1,0.1,0.1
0.857408,-0.656132,0.204755,0.1,0.1,0.1
0.869349,-0.713916,0.589821,0.1,0.1,0.1
0.806247,-0.248251,0.185072,0.1,0.1,0.1
1.106109,0.106857,0.161424,0.1,0.1,0.1
1.047581,0.567039,0.083289,0.1,0.1,0.1
0.680081,0.647773,0.389404,0.1,0.1,0.1
0.608265,0.375198,0.664041,0.1,0.1,0.1
0.807929,-0.649147,0.185072,0.1,0.1,0.1
1.068176,-0.045646,0.306261,0.1,0.1,0.1
0.789876,0.035818,0.512297,0.1,0.1,0.1
0.682079,-0.111505,0.248058,0.1,0.1,0.1
1.028868,0.521009,0.512297,0.1,0.1,0.1
1.225836,-0.595049,0.360311,0.1,0.1,0.1
0.826540,0.139991,0.185072,0.1,0.1,0.1
1.044596,0.112445,0.512297,0.1,0.1,0.1
0.816903,0.651144,0.202455,0.1,0.1,0.1
0.974318,-0.696011,0.601094,0.1,0.1,0.1
0.634907,0.625573,0.204755,0.1,0.1,0.1
0.763327,-0.712033,0.409269,0.1,0.1,0.1
1.042881,0.109020,0.204755,0.1,0.1,0.1
0.606823,0.615310,0.189653,0.1,0.1,0.1
0.593803,0.613089,0.231194,0.1,0.1,0.1
0.939463,-0.358497,0.683724,0.1,0.1,0.1
1.210963,-0.390795,0.362110,0.1,0.1,0.1
1.179801,-0.208105,0.460432,0.1,0.1,0.1
1.059924,0.163720,0.512297,0.1,0.1,0.1
0.968936,0.244659,0.185072,0.1,0.1,0.1
1.110469,0.198357,0.405876,0.1,0.1,0.1
1.232469,-0.633932,0.571402,0.1,0.1,0.1
0.744327,0.658732,0.611449,0.1,0.1,0.1
0.841482,-0.698702,0.379252,0.1,0.1,0.1
0.996788,-0.528373,0.185072,0.1,0.1,0.1
0.832859,-0.695964,0.683724,0.1,0.1,0.1
1.150306,-0.035192,0.355959,0.1,0.1,0.1
0.663303,0.468277,0.512297,0.1,0.1,0.1
0.696708,-0.109009,0.429807,0.1,0.1,0.1
1.179387,-0.205680,0.525620,0.1,0.1,0.1
0.652381,0.643048,0.441676,0.1,0.1,0.1
0.561832,0.607635,0.494774,0.1,0.1,0.1
1.126535,-0.650079,0.646890,0.1,0.1,0.1
0.852448,-0.026927,0.204755,0.1,0.1,0.1
0.548949,0.549900,0.683724,0.1,0.1,0.1
0.647377,0.642195,0.472380,0.1,0.1,0.1
1.072037,-0.044988,0.288595,0.1,0.1,0.1
0.980646,0.679075,0.264963,0.1,0.1,0.1
0.709102,0.366699,0.683724,0.1,0.1,0.1
1.155961,-0.501243,0.512297,0.1,0.1,0.1
0.952499,-0.699733,0.669706,0.1,0.1,0.1
0.888670,-0.688325,0.185072,0.1,0.1,0.1
0.995575,-0.158771,0.204755,0.1,0.1,0.1
0.602556,0.528509,0.512297,0.1,0.1,0.1
0.756794,-0.555437,0.683724,0.1,0.1,0.1
1.020886,-0.132359,0.683724,0.1,0.1,0.1
1.185482,-0.241407,0.570500,0.1,0.1,0.1
0.964111,-0.677785,0.309418,0.1,0.1,0.1
1.122756,0.009262,0.565736,0.1,0.1,0.1
1.180509,-0.212257,0.451330,0.1,0.1,0.1
1.034442,0.527006,0.399507,0.1,0.1,0.1
1.104561,0.115934,0.195804,0.1,0.1,0.1
0.697803,0.294208,0.683724,0.1,0.1,0.1
1.178392,-0.661201,0.566405,0.1,0.1,0.1
1.055228,0.405151,0.450856,0.1,0.1,0.1
0.586290,0.342618,0.512297,0.1,0.1,0.1
0.905640,0.334289,0.185072,0.1,0.1,0.1
1.144768,-0.002722,0.235890,0.1,0.1,0.1
1.217858,-0.548275,0.299700,0.1,0.1,0.1
1.093559,0.180434,0.223572,0.1,0.1,0.1
1.197685,-0.430012,0.255890,0.1,0.1,0.1
0.967875,0.696863,0.243119,0.1,0.1,0.1
0.975641,0.376575,0.185072,0.1,0.1,0.1
0.888672,-0.076265,0.295585,0.1,0.1,0.1
0.575830,0.368015,0.185072,0.1,0.1,0.1
0.790584,-0.092996,0.364581,0.1,0.1,0.1
0.712593,0.406042,0.664041,0.1,0.1,0.1
1.176029,-0.185992,0.024101,0.1,0.1,0.1
1.215391,-0.416752,0.443852,0.1,0.1,0.1
0.823648,-0.552052,0.512297,0.1,0.1,0.1
1.076090,0.399906,0.097887,0.1,0.1,0.1
1.065685,-0.440261,0.512297,0.1,0.1,0.1
1.050415,0.550427,0.523901,0.1,0.1,0.1
0.880071,-0.219064,0.683724,0.1,0.1,0.1
0.932587,-0.692618,0.683724,0.1,0.1,0.1
0.732365,0.656691,0.461336,0.1,0.1,0.1
0.741700,-0.452027,0.512297,0.1,0.1,0.1
1.204114,-0.350639,0.300951,0.1,0.1,0.1
1.033507,-0.155586,0.512297,0.1,0.1,0.1
1.016811,0.630368,0.422913,0.1,0.1,0.1
0.705945,0.374262,0.512297,0.1,0.1,0.1
0.830251,-0.700618,0.344607,0.1,0.1,0.1
1.072001,-0.044994,0.666216,0.1,0.1,0.1
0.947237,-0.652185,0.512297,0.1,0.1,0.1
1.188820,-0.293950,0.000000,0.1,0.1,0.1
1.065129,0.464163,0.561117,0.1,0.1,0.1
0.933671,-0.682977,0.325659,0.1,0.1,0.1
0.785506,-0.229994,0.512297,0.1,0.1,0.1
0.797384,-0.091837,0.335926,0.1,0.1,0.1
1.043826,-0.111184,0.185072,0.1,0.1,0.1
1.181495,-0.492902,0.204755,0.1,0.1,0.1
0.781592,0.365285,0.512297,0.1,0.1,0.1
0.870174,-0.043416,0.512297,0.1,0.1,0.1
1.021537,0.425921,0.664041,0.1,0.1,0.1
1.001889,-0.358716,0.512297,0.1,0.1,0.1
0.779544,0.564693,0.683724,0.1,0.1,0.1
1.140359,-0.647721,0.214394,0.1,0.1,0.1
0.912170,-0.284723,0.204755,0.1,0.1,0.1
0.778023,0.124844,0.683724,0.1,0.1,0.1
1.211589,-0.642160,0.204755,0.1,0.1,0.1
1.050892,0.547629,0.217204,0.1,0.1,0.1
1.137329,0.040887,0.085164,0.1,0.1,0.1
1.059036,0.499882,0.353856,0.1,0.1,0.1
1.132953,0.066540,0.467429,0.1,0.1,0.1
1.073250,0.416553,0.314854,0.1,0.1,0.1
1.090043,0.318106,0.481611,0.1,0.1,0.1
0.549732,0.445448,0.512297,0.1,0.1,0.1
0.847147,0.311784,0.512297,0.1,0.1,0.1
0.808456,-0.137094,0.512297,0.1,0.1,0.1
1.081220,0.369827,0.519563,0.1,0.1,0.1
1.253100,-0.637825,0.266628,0.1,0.1,0.1
0.927184,-0.380849,0.512297,0.1,0.1,0.1
0.909283,-0.663925,0.664041,0.1,0.1,0.1
1.104542,-0.039443,0.620477,0.1,0.1,0.1
1.203355,-0.346189,0.569712,0.1,0.1,0.1
1.233692,-0.524041,0.093106,0.1,0.1,0.1
0.945441,-0.081253,0.664041,0.1,0.1,0.1
1.212577,-0.400256,0.238115,0.1,0.1,0.1
0.819658,-0.702425,0.453783,0.1,0.1,0.1
1.034342,0.340278,0.512297,0.1,0.1,0.1
1.027356,0.568547,0.124740,0.1,0.1,0.1
1.059596,0.065762,0.664041,0.1,0.1,0.1
0.833125,-0.278285,0.185072,0.1,0.1,0.1
1.127212,0.072550,0.000000,0.1,0.1,0.1
0.973307,-0.505896,0.204755,0.1,0.1,0.1
0.610292,0.142792,0.683724,0.1,0.1,0.1
1.176647,-0.392837,0.512297,0.1,0.1,0.1
0.690636,-0.170547,0.664041,0.1,0.1,0.1
1.189574,-0.265399,0.329720,0.1,0.1,0.1
0.683784,-0.111214,0.514780,0.1,0.1,0.1
1.016287,-0.265118,0.512297,0.1,0.1,0.1
0.962147,0.695886,0.615737,0.1,0.1,0.1
1.057549,0.391540,0.631940,0.1,0.1,0.1
0.861977,-0.210953,0.664041,0.1,0.1,0.1
0.845791,0.656072,0.453051,0.1,0.1,0.1
1.224579,-0.529145,0.195089,0.1,0.1,0.1
1.087725,0.087680,0.204755,0.1,0.1,0.1
0.660403,0.624449,0.403136,0.1,0.1,0.1
1.216563,-0.423626,0.064340,0.1,0.1,0.1
0.847025,0.656282,0.669386,0.1,0.1,0.1
0.807798,0.252245,0.683724,0.1,0.1,0.1
0.852049,0.657139,0.525089,0.1,0.1,0.1
1.054565,0.409037,0.409379,0.1,0.1,0.1
0.931753,0.690702,0.669340,0.1,0.1,0.1
1.069601,0.320886,0.148130,0.1,0.1,0.1
0.794655,-0.516388,0.185072,0.1,0.1,0.1
0.938689,-0.067733,0.395467,0.1,0.1,0.1
0.932963,-0.068710,0.391650,0.1,0.1,0.1
1.115970,0.049047,0.542832,0.1,0.1,0.1
1.090341,0.316360,0.240299,0.1,0.1,0.1
0.882526,0.395730,0.512297,0.1,0.1,0.1
1.162002,-0.620665,0.185072,0.1,0.1,0.1
1.168946,-0.266281,0.185072,0.1,0.1,0.1
0.810056,-0.627699,0.185072,0.1,0.1,0.1
0.910669,0.353581,0.512297,0.1,0.1,0.1
0.876022,-0.692811,0.588316,0.1,0.1,0.1
0.859383,0.126933,0.185072,0.1,0.1,0.1
0.808024,-0.704409,0.187457,0.1,0.1,0.1
0.965126,-0.063224,0.291882,0.1,0.1,0.1
0.783218,-0.562850,0.512297,0.1,0.1,0.1
0.736858,-0.102161,0.601697,0.1,0.1,0.1
1.069935,0.435986,0.475752,0.1,0.1,0.1
1.007492,0.685002,0.270262,0.1,0.1,0.1
1.094065,-0.041230,0.221745,0.1,0.1,0.1
0.921873,0.649530,0.204755,0.1,0.1,0.1
1.223293,-0.592730,0.204755,0.1,0.1,0.1
1.135244,0.053113,0.386761,0.1,0.1,0.1
1.036338,0.515892,0.144479,0.1,0.1,0.1
0.696782,-0.008455,0.185072,0.1,0.1,0.1
1.090348,-0.072790,0.512297,0.1,0.1,0.1
1.125759,-0.660195,0.189093,0.1,0.1,0.1
0.814467,-0.704386,0.512297,0.1,0.1,0.1
0.966969,0.068085,0.683724,0.1,0.1,0.1
0.747250,-0.307567,0.204755,0.1,0.1,0.1
0.793108,-0.399118,0.512297,0.1,0.1,0.1
0.900815,0.637061,0.664041,0.1,0.1,0.1
1.050599,0.190811,0.512297,0.1,0.1,0.1
0.737051,-0.301860,0.512297,0.1,0.1,0.1
0.987282,0.019922,0.683724,0.1,0.1,0.1
0.724433,-0.104280,0.447951,0.1,0.1,0.1
1.215368,-0.533679,0.281319,0.1,0.1,0.1
0.970091,0.677274,0.506935,0.1,0.1,0.1
0.745183,-0.488906,0.683724,0.1,0.1,0.1
1.013524,-0.326970,0.683724,0.1,0.1,0.1
0.605540,0.332775,0.512297,0.1,0.1,0.1
1.045103,0.464508,0.308560,0.1,0.1,0.1
1.177611,-0.641367,0.394702,0.1,0.1,0.1
0.687245,0.126582,0.512297,0.1,0.1,0.1
0.730299,-0.218592,0.664041,0.1,0.1,0.1
1.092554,-0.443338,0.664041,0.1,0.1,0.1
0.566052,0.300972,0.201904,0.1,0.1,0.1
1.072218,0.188795,0.185072,0.1,0.1,0.1
0.990009,-0.497053,0.683724,0.1,0.1,0.1
0.620288,0.279800,0.664041,0.1,0.1,0.1
0.925056,0.674910,0.683724,0.1,0.1,0.1
0.819109,0.517335,0.185072,0.1,0.1,0.1
1.074305,-0.044601,0.662454,0.1,0.1,0.1
1.242755,-0.635707,0.576786,0.1,0.1,0.1
1.204687,-0.636749,0.559343,0.1,0.1,0.1
0.967072,-0.677280,0.595833,0.1,0.1,0.1
0.999785,0.692323,0.666788,0.1,0.1,0.1
0.803918,-0.705110,0.523212,0.1,0.1,0.1
1.046378,0.112432,0.683724,0.1,0.1,0.1
0.643801,0.614092,0.185072,0.1,0.1,0.1
0.817217,-0.542168,0.512297,0.1,0.1,0.1
0.909500,-0.475047,0.512297,0.1,0.1,0.1
1.225748,-0.633156,0.375875,0.1,0.1,0.1
0.783966,0.645526,0.395580,0.1,0.1,0.1
0.825812,-0.442065,0.664041,0.1,0.1,0.1
0.758988,-0.098386,0.428699,0.1,0.1,0.1
1.084215,0.352269,0.010945,0.1,0.1,0.1
0.750520,0.251808,0.185072,0.1,0.1,0.1
0.896143,0.127877,0.512297,0.1,0.1,0.1
0.883670,-0.202293,0.664041,0.1,0.1,0.1
1.035676,-0.230032,0.512297,0.1,0.1,0.1
0.891654,-0.272418,0.204755,0.1,0.1,0.1
1.066411,-0.526855,0.512297,0.1,0.1,0.1
0.859263,0.658370,0.414279,0.1,0.1,0.1
1.053538,0.073142,0.664041,0.1,0.1,0.1
1.079698,-0.263461,0.664041,0.1,0.1,0.1
0.895210,-0.709505,0.609492,0.1,0.1,0.1
0.834627,0.654167,0.541395,0.1,0.1,0.1
0.986554,0.495285,0.204755,0.1,0.1,0.1
0.938463,0.552998,0.664041,0.1,0.1,0.1
0.717322,0.654126,0.584046,0.1,0.1,0.1
0.985963,-0.153782,0.185072,0.1,0.1,0.1
0.745366,0.408754,0.683724,0.1,0.1,0.1
0.739347,-0.101736,0.360921,0.1,0.1,0.1
1.074633,-0.413967,0.664041,0.1,0.1,0.1
0.869980,-0.693841,0.233113,0.1,0.1,0.1
0.680578,-0.111761,0.297227,0.1,0.1,0.1
0.855218,0.163956,0.185072,0.1,0.1,0.1
1.208162,-0.374374,0.604169,0.1,0.1,0.1
0.904656,0.632931,0.664041,0.1,0.1,0.1
0.888650,0.395890,0.683724,0.1,0.1,0.1
1.046200,0.575133,0.249008,0.1,0.1,0.1
0.793383,-0.162067,0.204755,0.1,0.1,0.1
1.207047,-0.484893,0.409734,0.1,0.1,0.1
1.068121,0.446625,0.533094,0.1,0.1,0.1
0.988299,-0.202668,0.664041,0.1,0.1,0.1
0.763048,0.186626,0.185072,0.1,0.1,0.1
0.836365,-0.307263,0.204755,0.1,0.1,0.1
1.120486,0.022571,0.368562,0.1,0.1,0.1
1.234074,-0.538909,0.000000,0.1,0.1,0.1
1.127919,0.096053,0.278282,0.1,0.1,0.1
0.612222,0.058723,0.664041,0.1,0.1,0.1
0.823932,0.556584,0.683724,0.1,0.1,0.1
0.964069,-0.677792,0.365354,0.1,0.1,0.1
0.674161,0.646763,0.284182,0.1,0.1,0.1
1.020770,0.607162,0.534645,0.1,0.1,0.1
0.726919,-0.198023,0.512297,0.1,0.1,0.1
0.556322,0.606696,0.464606,0.1,0.1,0.1
1.009448,0.286096,0.512297,0.1,0.1,0.1
0.913933,-0.686344,0.352455,0.1,0.1,0.1
0.853195,-0.696704,0.443869,0.1,0.1,0.1
0.883398,-0.357461,0.512297,0.1,0.1,0.1
0.692004,0.335702,0.204755,0.1,0.1,0.1
0.832161,0.482805,0.664041,0.1,0.1,0.1
0.896860,-0.421079,0.185072,0.1,0.1,0.1
0.693708,-0.109521,0.251873,0.1,0.1,0.1
1.003018,-0.056761,0.642429,0.1,0.1,0.1
1.069310,-0.183366,0.185072,0.1,0.1,0.1
0.909678,0.686937,0.512474,0.1,0.1,0.1
1.156445,-0.188239,0.647577,0.1,0.1,0.1
1.059157,0.382114,0.070341,0.1,0.1,0.1
0.708701,0.281427,0.664041,0.1,0.1,0.1
0.683202,0.514502,0.664041,0.1,0.1,0.1
0.956690,0.408442,0.185072,0.1,0.1,0.1
0.988740,0.644520,0.683724,0.1,0.1,0.1
1.056904,-0.002147,0.512297,0.1,0.1,0.1
1.094141,-0.355318,0.664041,0.1,0.1,0.1
1.161823,-0.219768,0.598590,0.1,0.1,0.1
1.169427,-0.521429,0.664041,0.1,0.1,0.1
1.078129,0.270892,0.360372,0.1,0.1,0.1
1.169835,-0.266741,0.118275,0.1,0.1,0.1
0.962669,0.623319,0.512297,0.1,0.1,0.1
0.805429,-0.724819,0.583086,0.1,0.1,0.1
0.865801,-0.714521,0.196311,0.1,0.1,0.1
0.845293,-0.100732,0.683724,0.1,0.1,0.1
0.993549,0.681275,0.651758,0.1,0.1,0.1
0.814869,-0.164892,0.204755,0.1,0.1,0.1
1.182198,-0.222160,0.180485,0.1,0.1,0.1
0.943441,-0.270561,0.512297,0.1,0.1,0.1
0.638961,0.567751,0.204755,0.1,0.1,0.1
0.886533,-0.661479,0.664041,0.1,0.1,0.1
0.725775,0.184514,0.185072,0.1,0.1,0.1
1.077259,-0.044097,0.498079,0.1,0.1,0.1
0.923416,0.347688,0.185072,0.1,0.1,0.1
1.107807,0.096904,0.586011,0.1,0.1,0.1
0.793371,-0.350533,0.185072,0.1,0.1,0.1
1.079815,0.378067,0.020583,0.1,0.1,0.1
1.153333,-0.597470,0.204755,0.1,0.1,0.1
0.993188,0.681214,0.407432,0.1,0.1,0.1
1.110996,0.195268,0.102670,0.1,0.1,0.1
1.061001,0.172118,0.664041,0.1,0.1,0.1
0.929507,-0.069300,0.279314,0.1,0.1,0.1
0.950595,0.693916,0.440128,0.1,0.1,0.1
0.696889,0.630673,0.460473,0.1,0.1,0.1
1.070596,-0.045233,0.270566,0.1,0.1,0.1
1.191252,-0.656615,0.185072,0.1,0.1,0.1
1.223464,-0.464079,0.561127,0.1,0.1,0.1
0.896867,-0.202023,0.683724,0.1,0.1,0.1
0.934789,0.605360,0.512297,0.1,0.1,0.1
1.194867,-0.413490,0.219957,0.1,0.1,0.1
1.123280,-0.650635,0.197748,0.1,0.1,0.1
1.087797,0.331271,0.276704,0.1,0.1,0.1
0.998291,0.531691,0.683724,0.1,0.1,0.1
1.024799,0.696590,0.032178,0.1,0.1,0.1
0.841350,0.648220,0.512297,0.1,0.1,0.1
0.647432,0.622237,0.500048,0.1,0.1,0.1
0.822599,0.652116,0.317142,0.1,0.1,0.1
0.992428,-0.443776,0.512297,0.1,0.1,0.1
0.976270,-0.061323,0.522265,0.1,0.1,0.1
1.102560,-0.320864,0.204755,0.1,0.1,0.1
0.882773,-0.417187,0.185072,0.1,0.1,0.1
0.850467,0.209410,0.185072,0.1,0.1,0.1
1.016887,0.619937,0.185072,0.1,0.1,0.1
1.216877,-0.425466,0.402219,0.1,0.1,0.1
1.061795,0.483706,0.280228,0.1,0.1,0.1
0.882539,0.359014,0.683724,0.1,0.1,0.1
0.931017,0.670609,0.670821,0.1,0.1,0.1
0.856870,0.657962,0.536990,0.1,0.1,0.1
1.011458,-0.055321,0.295940,0.1,0.1,0.1
0.909920,0.667010,0.616824,0.1,0.1,0.1
1.108075,-0.038840,0.274512,0.1,0.1,0.1
1.039444,0.482083,0.512297,0.1,0.1,0.1
1.015277,0.697890,0.359451,0.1,0.1,0.1
0.741770,-0.652008,0.683724,0.1,0.1,0.1
0.631816,0.249791,0.512297,0.1,0.1,0.1
1.205403,-0.475259,0.251509,0.1,0.1,0.1
0.848390,-0.654360,0.512297,0.1,0.1,0.1
1.226901,-0.601287,0.018928,0.1,0.1,0.1
1.171997,-0.162354,0.551824,0.1,0.1,0.1
0.560666,0.607437,0.651925,0.1,0.1,0.1
0.883834,0.682528,0.648920,0.1,0.1,0.1
0.860668,0.539945,0.512297,0.1,0.1,0.1
0.960372,-0.678423,0.382236,0.1,0.1,0.1
1.067172,0.301679,0.204755,0.1,0.1,0.1
0.795111,-0.699324,0.204755,0.1,0.1,0.1
0.930498,-0.703486,0.444027,0.1,0.1,0.1
0.574502,0.266738,0.683724,0.1,0.1,0.1
0.781443,-0.352276,0.185072,0.1,0.1,0.1
1.231023,-0.625452,0.134643,0.1,0.1,0.1
1.021204,0.373259,0.204755,0.1,0.1,0.1
0.770768,0.020124,0.204755,0.1,0.1,0.1
1.015870,0.337114,0.683724,0.1,0.1,0.1
0.697174,-0.396404,0.185072,0.1,0.1,0.1
0.832905,0.653874,0.239958,0.1,0.1,0.1
0.817025,-0.088486,0.247840,0.1,0.1,0.1
0.771631,0.663389,0.561320,0.1,0.1,0.1
0.922647,0.004133,0.185072,0.1,0.1,0.1
1.030847,0.548083,0.178605,0.1,0.1,0.1
1.168694,-0.142992,0.252908,0.1,0.1,0.1
0.706896,-0.196382,0.185072,0.1,0.1,0.1
0.875426,0.681094,0.288465,0.1,0.1,0.1
0.727180,0.635840,0.663798,0.1,0.1,0.1
1.076390,-0.353394,0.204755,0.1,0.1,0.1
0.822565,-0.434271,0.664041,0.1,0.1,0.1
1.146801,-0.131701,0.348913,0.1,0.1,0.1
0.838163,0.579726,0.512297,0.1,0.1,0.1
0.844231,-0.586407,0.683724,0.1,0.1,0.1
1.076036,-0.658693,0.207454,0.1,0.1,0.1
0.837627,-0.699360,0.683343,0.1,0.1,0.1
0.743581,0.658605,0.629021,0.1,0.1,0.1
0.892236,-0.347184,0.512297,0.1,0.1,0.1
1.051790,0.542366,0.663486,0.1,0.1,0.1
0.591989,0.267486,0.185072,0.1,0.1,0.1
1.098375,0.042283,0.512297,0.1,0.1,0.1
0.966093,0.082167,0.683724,0.1,0.1,0.1
1.133133,-0.648954,0.385871,0.1,0.1,0.1
1.056676,0.150926,0.683724,0.1,0.1,0.1
1.025500,-0.090263,0.512297,0.1,0.1,0.1
1.068275,0.328659,0.046313,0.1,0.1,0.1
0.971120,-0.676589,0.631071,0.1,0.1,0.1
0.909633,0.686929,0.567100,0.1,0.1,0.1
0.994611,-0.523826,0.683724,0.1,0.1,0.1
0.953337,0.115474,0.204755,0.1,0.1,0.1
1.115578,0.168403,0.007440,0.1,0.1,0.1
0.627825,0.352951,0.185072,0.1,0.1,0.1
1.123158,0.006906,0.297432,0.1,0.1,0.1
0.604911,0.634951,0.683013,0.1,0.1,0.1
0.886722,-0.167150,0.204755,0.1,0.1,0.1
0.899775,0.385747,0.512297,0.1,0.1,0.1
0.786845,0.646017,0.373061,0.1,0.1,0.1
1.029549,-0.676175,0.512297,0.1,0.1,0.1
0.695645,-0.047595,0.204755,0.1,0.1,0.1
0.880647,0.634792,0.664041,0.1,0.1,0.1
0.824336,-0.315727,0.204755,0.1,0.1,0.1
1.027873,0.682579,0.499635,0.1,0.1,0.1
1.104391,0.116931,0.173116,0.1,0.1,0.1
0.625180,0.114312,0.683724,0.1,0.1,0.1
1.038407,0.620822,0.387353,0.1,0.1,0.1
0.561192,0.567976,0.664041,0.1,0.1,0.1
1.117207,0.041797,0.005151,0.1,0.1,0.1
1.193392,-0.346310,0.670593,0.1,0.1,0.1
0.825130,-0.087104,0.565185,0.1,0.1,0.1
0.937834,0.325333,0.512297,0.1,0.1,0.1
0.959958,-0.301483,0.683724,0.1,0.1,0.1
0.849449,0.470250,0.683724,0.1,0.1,0.1
1.039748,-0.296940,0.512297,0.1,0.1,0.1
0.706618,-0.114302,0.204755,0.1,0.1,0.1
1.116107,-0.037470,0.612180,0.1,0.1,0.1
0.759010,0.042461,0.204755,0.1,0.1,0.1
0.840590,-0.494059,0.512297,0.1,0.1,0.1
0.801347,-0.455277,0.512297,0.1,0.1,0.1
0.564399,0.499445,0.204755,0.1,0.1,0.1
1.011908,0.301637,0.512297,0.1,0.1,0.1
1.210466,-0.504936,0.259928,0.1,0.1,0.1
0.764976,-0.180556,0.204755,0.1,0.1,0.1
1.073998,0.295107,0.559119,0.1,0.1,0.1
0.856347,0.226856,0.664041,0.1,0.1,0.1
1.101571,-0.287139,0.185072,0.1,0.1,0.1
1.091003,0.195417,0.100593,0.1,0.1,0.1
0.799911,-0.291168,0.512297,0.1,0.1,0.1
0.973731,-0.061756,0.602206,0.1,0.1,0.1
1.092041,-0.025075,0.204755,0.1,0.1,0.1
1.085044,0.347411,0.135581,0.1,0.1,0.1
1.068354,0.445256,0.466090,0.1,0.1,0.1
0.995812,-0.057990,0.415905,0.1,0.1,0.1
1.123004,0.124868,0.047316,0.1,0.1,0.1
0.828211,0.087488,0.512297,0.1,0.1,0.1
1.095934,0.283570,0.473163,0.1,0.1,0.1
1.074854,0.290093,0.423784,0.1,0.1,0.1
1.110603,0.080512,0.634228,0.1,0.1,0.1
1.184422,-0.613383,0.512297,0.1,0.1,0.1
1.185670,-0.359569,0.526432,0.1,0.1,0.1
1.233435,-0.609883,0.512297,0.1,0.1,0.1
0.966382,0.210065,0.512297,0.1,0.1,0.1
0.804272,0.648990,0.495274,0.1,0.1,0.1
1.115483,0.051903,0.302692,0.1,0.1,0.1
0.895163,0.373940,0.683724,0.1,0.1,0.1
0.748709,-0.734494,0.526674,0.1,0.1,0.1
1.019464,-0.336686,0.185072,0.1,0.1,0.1
1.093914,-0.304557,0.204755,0.1,0.1,0.1
0.957375,0.418511,0.512297,0.1,0.1,0.1
1.029325,-0.568800,0.683724,0.1,0.1,0.1
1.085649,-0.042666,0.672705,0.1,0.1,0.1
0.792517,-0.727022,0.430713,0.1,0.1,0.1
0.780914,-0.094646,0.396116,0.1,0.1,0.1
1.137129,-0.224779,0.512297,0.1,0.1,0.1
1.096512,0.105983,0.512297,0.1,0.1,0.1
0.853956,0.608135,0.204755,0.1,0.1,0.1
0.893441,-0.075452,0.309259,0.1,0.1,0.1
1.007947,-0.144449,0.204755,0.1,0.1,0.1
0.706146,0.652219,0.677859,0.1,0.1,0.1
0.681785,0.364014,0.185072,0.1,0.1,0.1
0.846421,-0.271737,0.683724,0.1,0.1,0.1
1.188985,-0.379007,0.068068,0.1,0.1,0.1
1.048873,0.559466,0.027080,0.1,0.1,0.1
1.153906,-0.645411,0.434941,0.1,0.1,0.1
1.090434,0.315812,0.325277,0.1,0.1,0.1
0.651663,-0.116693,0.558511,0.1,0.1,0.1
0.964882,-0.271475,0.512297,0.1,0.1,0.1
0.855893,-0.508173,0.664041,0.1,0.1,0.1
1.101887,0.248666,0.553484,0.1,0.1,0.1
1.066409,-0.553458,0.204755,0.1,0.1,0.1
0.993557,0.017824,0.512297,0.1,0.1,0.1
1.096341,-0.042262,0.512297,0.1,0.1,0.1
0.814564,0.422810,0.512297,0.1,0.1,0.1
0.738936,-0.246051,0.512297,0.1,0.1,0.1
0.648748,-0.117190,0.489229,0.1,0.1,0.1
0.913275,0.667583,0.414601,0.1,0.1,0.1
1.094338,0.216975,0.000000,0.1,0.1,0.1
1.134766,-0.180352,0.204755,0.1,0.1,0.1
0.999921,-0.057289,0.319146,0.1,0.1,0.1
1.180745,-0.213637,0.415095,0.1,0.1,0.1
0.814837,-0.335563,0.185072,0.1,0.1,0.1
0.826989,0.095354,0.512297,0.1,0.1,0.1
0.710119,0.632929,0.617145,0.1,0.1,0.1
0.734840,-0.102505,0.374931,0.1,0.1,0.1
0.693242,-0.379239,0.512297,0.1,0.1,0.1
1.182128,-0.338806,0.079530,0.1,0.1,0.1
0.975460,-0.061461,0.323757,0.1,0.1,0.1
1.183701,-0.359371,0.683724,0.1,0.1,0.1
0.887087,0.663116,0.589627,0.1,0.1,0.1
0.970071,-0.661545,0.204755,0.1,0.1,0.1
0.913846,-0.620264,0.185072,0.1,0.1,0.1
0.893101,-0.075510,0.343657,0.1,0.1,0.1
1.070390,-0.082486,0.512297,0.1,0.1,0.1
0.635634,-0.083751,0.683724,0.1,0.1,0.1
0.638531,0.297817,0.512297,0.1,0.1,0.1
0.946497,-0.680789,0.433948,0.1,0.1,0.1
0.718993,0.488914,0.664041,0.1,0.1,0.1
0.670074,-0.113552,0.416253,0.1,0.1,0.1
0.825871,0.322975,0.204755,0.1,0.1,0.1
1.049180,0.276547,0.664041,0.1,0.1,0.1
0.754287,-0.099188,0.436772,0.1,0.1,0.1
0.687345,0.266575,0.204755,0.1,0.1,0.1
1.069658,-0.619255,0.204755,0.1,0.1,0.1
1.016499,0.695174,0.290148,0.1,0.1,0.1
0.784071,-0.728463,0.466512,0.1,0.1,0.1
0.960497,0.675638,0.663206,0.1,0.1,0.1
0.714489,-0.099924,0.664041,0.1,0.1,0.1
0.673298,0.207713,0.204755,0.1,0.1,0.1
1.051078,0.546539,0.116142,0.1,0.1,0.1
0.732616,-0.349176,0.512297,0.1,0.1,0.1
0.670364,0.598461,0.664041,0.1,0.1,0.1
1.095882,0.020169,0.512297,0.1,0.1,0.1
1.058086,-0.464627,0.664041,0.1,0.1,0.1
1.101262,-0.040003,0.345714,0.1,0.1,0.1
0.902326,-0.252263,0.512297,0.1,0.1,0.1
0.603221,0.083067,0.666991,0.1,0.1,0.1
1.000792,-0.014285,0.185072,0.1,0.1,0.1
1.094611,0.174265,0.413682,0.1,0.1,0.1
0.517382,0.620021,0.539334,0.1,0.1,0.1
0.874900,-0.526542,0.204755,0.1,0.1,0.1
0.715405,0.207255,0.664041,0.1,0.1,0.1
0.714662,-0.105947,0.627690,0.1,0.1,0.1
0.779823,0.055642,0.683724,0.1,0.1,0.1
0.957515,0.675129,0.295322,0.1,0.1,0.1
0.605467,0.615078,0.319242,0.1,0.1,0.1
1.022236,-0.081750,0.664041,0.1,0.1,0.1
0.866366,-0.349752,0.512297,0.1,0.1,0.1
0.971140,-0.062198,0.333924,0.1,0.1,0.1
0.914876,-0.490331,0.512297,0.1,0.1,0.1
1.088876,-0.042115,0.322260,0.1,0.1,0.1
0.744434,-0.715256,0.205674,0.1,0.1,0.1
0.641082,-0.118498,0.318857,0.1,0.1,0.1
1.007209,0.686664,0.633770,0.1,0.1,0.1
0.728233,-0.438277,0.185072,0.1,0.1,0.1
0.870301,-0.079399,0.664323,0.1,0.1,0.1
0.711604,0.110622,0.512297,0.1,0.1,0.1
1.028694,-0.522946,0.683724,0.1,0.1,0.1
0.739547,-0.716147,0.566630,0.1,0.1,0.1
1.058804,-0.597412,0.512297,0.1,0.1,0.1
1.221396,-0.575442,0.683724,0.1,0.1,0.1
0.669413,0.490319,0.683724,0.1,0.1,0.1
0.864707,-0.694741,0.428427,0.1,0.1,0.1
1.133459,-0.053483,0.119694,0.1,0.1,0.1
1.121266,0.018000,0.078874,0.1,0.1,0.1
0.824259,0.652399,0.457301,0.1,0.1,0.1
1.049535,-0.140494,0.204755,0.1,0.1,0.1
1.110979,0.078305,0.340796,0.1,0.1,0.1
0.746399,-0.396709,0.185072,0.1,0.1,0.1
0.651893,-0.116654,0.593134,0.1,0.1,0.1
1.175112,-0.445574,0.683724,0.1,0.1,0.1
0.997728,0.681988,0.449050,0.1,0.1,0.1
0.805571,0.649401,0.185072,0.1,0.1,0.1
1.172230,-0.280781,0.656213,0.1,0.1,0.1
0.858589,-0.592807,0.204755,0.1,0.1,0.1
1.065826,-0.660435,0.323436,0.1,0.1,0.1
1.220857,-0.565855,0.370544,0.1,0.1,0.1
1.067079,0.452734,0.440866,0.1,0.1,0.1
0.538384,0.603636,0.610530,0.1,0.1,0.1
0.986403,0.606015,0.185072,0.1,0.1,0.1
1.210392,-0.504504,0.618870,0.1,0.1,0.1
0.764267,-0.182445,0.664041,0.1,0.1,0.1
1.002237,-0.625260,0.185072,0.1,0.1,0.1
1.102493,0.128057,0.102650,0.1,0.1,0.1
0.971972,0.596393,0.683724,0.1,0.1,0.1
1.036315,-0.229299,0.185072,0.1,0.1,0.1
0.780995,-0.709020,0.632625,0.1,0.1,0.1
0.923279,-0.639928,0.512297,0.1,0.1,0.1
0.889522,0.061495,0.683724,0.1,0.1,0.1
0.825733,-0.198749,0.683724,0.1,0.1,0.1
1.103629,0.238458,0.303218,0.1,0.1,0.1
0.990595,-0.320668,0.512297,0.1,0.1,0.1
0.837370,-0.070398,0.185072,0.1,0.1,0.1
1.169017,-0.144882,0.440995,0.1,0.1,0.1
1.212986,-0.519715,0.222180,0.1,0.1,0.1
0.815426,-0.113390,0.185072,0.1,0.1,0.1
1.088072,0.329661,0.487412,0.1,0.1,0.1
1.071795,-0.045029,0.392012,0.1,0.1,0.1
0.642940,-0.118181,0.394573,0.1,0.1,0.1
1.100992,0.136857,0.043862,0.1,0.1,0.1
0.602626,0.438995,0.204755,0.1,0.1,0.1
0.994259,-0.235575,0.512297,0.1,0.1,0.1
1.169910,-0.150120,0.201267,0.1,0.1,0.1
1.157469,-0.194243,0.562905,0.1,0.1,0.1
0.620873,0.637674,0.262272,0.1,0.1,0.1
1.037665,0.508114,0.155853,0.1,0.1,0.1
1.080977,0.194096,0.512297,0.1,0.1,0.1
1.072378,-0.355029,0.664041,0.1,0.1,0.1
1.111516,-0.662625,0.201035,0.1,0.1,0.1
0.690070,0.639493,0.667019,0.1,0.1,0.1
1.129417,-0.029786,0.622617,0.1,0.1,0.1
1.219486,-0.440761,0.381919,0.1,0.1,0.1
1.076616,-0.638426,0.204755,0.1,0.1,0.1
1.195792,-0.418914,0.006608,0.1,0.1,0.1
0.640570,0.222483,0.683724,0.1,0.1,0.1
0.741942,-0.730189,0.626255,0.1,0.1,0.1
1.049218,-0.402352,0.204755,0.1,0.1,0.1
0.914882,-0.482838,0.512297,0.1,0.1,0.1
1.044742,0.583685,0.276400,0.1,0.1,0.1
0.967633,0.154437,0.204755,0.1,0.1,0.1
1.040209,0.493197,0.495858,0.1,0.1,0.1
0.917899,-0.588122,0.204755,0.1,0.1,0.1
0.948701,-0.681524,0.185072,0.1,0.1,0.1
0.694475,-0.219864,0.512297,0.1,0.1,0.1
1.037693,-0.596186,0.185072,0.1,0.1,0.1
0.819063,-0.088139,0.261659,0.1,0.1,0.1
1.048708,0.501043,0.204755,0.1,0.1,0.1
0.971450,0.247770,0.512297,0.1,0.1,0.1
0.684208,0.628510,0.196081,0.1,0.1,0.1
1.047348,-0.116517,0.204755,0.1,0.1,0.1
1.080204,-0.677950,0.205184,0.1,0.1,0.1
0.834664,-0.539461,0.204755,0.1,0.1,0.1
1.057294,0.510097,0.493339,0.1,0.1,0.1
0.953428,-0.324418,0.512297,0.1,0.1,0.1
0.831220,0.295037,0.512297,0.1,0.1,0.1
0.999131,-0.057424,0.662300,0.1,0.1,0.1
0.741746,-0.479028,0.512297,0.1,0.1,0.1
0.852513,-0.082433,0.241890,0.1,0.1,0.1
0.759527,-0.148228,0.512297,0.1,0.1,0.1
1.048769,0.560072,0.170924,0.1,0.1,0.1
1.056206,-0.189718,0.204755,0.1,0.1,0.1
0.815198,-0.723153,0.399455,0.1,0.1,0.1
0.811401,-0.374197,0.512297,0.1,0.1,0.1
0.869202,-0.255032,0.512297,0.1,0.1,0.1
0.899124,0.291974,0.683724,0.1,0.1,0.1
0.609642,0.635758,0.476484,0.1,0.1,0.1
0.835370,0.038655,0.512297,0.1,0.1,0.1
1.216836,-0.654644,0.349878,0.1,0.1,0.1
0.943051,-0.066989,0.310637,0.1,0.1,0.1
1.235518,-0.534748,0.153961,0.1,0.1,0.1
1.012250,-0.216616,0.683724,0.1,0.1,0.1
1.194015,-0.408495,0.558442,0.1,0.1,0.1
0.745209,-0.553591,0.204755,0.1,0.1,0.1
0.992482,-0.692913,0.611465,0.1,0.1,0.1
1.110234,-0.672827,0.390659,0.1,0.1,0.1
1.192821,-0.401492,0.018814,0.1,0.1,0.1
1.062862,-0.566850,0.683724,0.1,0.1,0.1
0.691309,0.629721,0.401090,0.1,0.1,0.1
1.041761,0.484100,0.307950,0.1,0.1,0.1
1.129869,-0.512203,0.683724,0.1,0.1,0.1
0.733938,-0.599028,0.664041,0.1,0.1,0.1
0.882099,0.040981,0.204755,0.1,0.1,0.1
0.777881,0.652904,0.664041,0.1,0.1,0.1
0.598438,0.191028,0.683724,0.1,0.1,0.1
0.904051,-0.237016,0.185072,0.1,0.1,0.1
1.061433,0.050684,0.185072,0.1,0.1,0.1
1.159073,-0.462921,0.512297,0.1,0.1,0.1
0.667759,0.438538,0.512297,0.1,0.1,0.1
0.898417,0.685016,0.499731,0.1,0.1,0.1
0.821244,0.349131,0.512297,0.1,0.1,0.1
1.089371,0.322042,0.457578,0.1,0.1,0.1
0.810929,0.187815,0.683724,0.1,0.1,0.1
1.223296,-0.580153,0.151337,0.1,0.1,0.1
1.193549,-0.288701,0.279017,0.1,0.1,0.1
0.758881,-0.580542,0.664041,0.1,0.1,0.1
1.065087,0.066845,0.683724,0.1,0.1,0.1
0.769406,0.249006,0.204755,0.1,0.1,0.1
0.840063,0.021092,0.664041,0.1,0.1,0.1
1.174946,-0.296704,0.624592,0.1,0.1,0.1
1.087885,0.258443,0.673882,0.1,0.1,0.1
1.208437,-0.493046,0.270751,0.1,0.1,0.1
0.990488,0.548978,0.664041,0.1,0.1,0.1
0.869006,-0.694007,0.531189,0.1,0.1,0.1
0.840065,-0.084556,0.502452,0.1,0.1,0.1
1.032937,0.479314,0.512297,0.1,0.1,0.1
1.230710,-0.632310,0.406854,0.1,0.1,0.1
1.084657,0.349682,0.156492,0.1,0.1,0.1
0.641009,0.641109,0.493732,0.1,0.1,0.1
0.846172,-0.465895,0.185072,0.1,0.1,0.1
1.033197,-0.097432,0.512297,0.1,0.1,0.1
1.167011,-0.250184,0.354089,0.1,0.1,0.1
1.004451,0.038556,0.664041,0.1,0.1,0.1
1.245798,-0.595014,0.503024,0.1,0.1,0.1
0.658054,0.516011,0.185072,0.1,0.1,0.1
0.936329,-0.501337,0.683724,0.1,0.1,0.1
1.200068,-0.443980,0.020331,0.1,0.1,0.1
0.691060,-0.109973,0.552836,0.1,0.1,0.1
1.173790,-0.172867,0.634452,0.1,0.1,0.1
0.811129,-0.723847,0.573318,0.1,0.1,0.1
1.116407,0.163543,0.296175,0.1,0.1,0.1
1.067363,0.017692,0.512297,0.1,0.1,0.1
0.758028,-0.712937,0.568601,0.1,0.1,0.1
1.028385,-0.052434,0.563105,0.1,0.1,0.1
1.129965,0.084057,0.352695,0.1,0.1,0.1
0.938949,-0.485429,0.185072,0.1,0.1,0.1
1.005770,-0.092327,0.512297,0.1,0.1,0.1
0.788300,-0.707774,0.229878,0.1,0.1,0.1
0.738233,-0.269843,0.683724,0.1,0.1,0.1
0.908755,0.589124,0.664041,0.1,0.1,0.1
1.071816,0.307902,0.433383,0.1,0.1,0.1
1.059142,0.499261,0.442733,0.1,0.1,0.1
1.005925,-0.690620,0.348827,0.1,0.1,0.1
0.710009,-0.015912,0.204755,0.1,0.1,0.1
0.875583,0.625710,0.512297,0.1,0.1,0.1
0.978358,0.698652,0.252612,0.1,0.1,0.1
1.017318,-0.688676,0.404766,0.1,0.1,0.1
0.719338,-0.572671,0.512297,0.1,0.1,0.1
0.621245,0.035635,0.185072,0.1,0.1,0.1
0.770293,-0.611498,0.664041,0.1,0.1,0.1
0.920371,-0.685246,0.582651,0.1,0.1,0.1
1.189963,-0.309166,0.000000,0.1,0.1,0.1
1.012777,-0.380052,0.683724,0.1,0.1,0.1
0.976380,-0.675692,0.364088,0.1,0.1,0.1
1.094098,0.177275,0.135150,0.1,0.1,0.1
0.802774,0.618633,0.664041,0.1,0.1,0.1
0.850689,-0.082744,0.663706,0.1,0.1,0.1
0.689096,-0.322652,0.512297,0.1,0.1,0.1
0.832077,0.158129,0.512297,0.1,0.1,0.1
1.077977,0.271784,0.506923,0.1,0.1,0.1
1.110582,-0.038413,0.297360,0.1,0.1,0.1
1.165549,-0.447964,0.683724,0.1,0.1,0.1
0.559984,0.615528,0.185072,0.1,0.1,0.1
1.108974,-0.673042,0.662949,0.1,0.1,0.1
0.739583,-0.018606,0.664041,0.1,0.1,0.1
0.722833,-0.017377,0.683724,0.1,0.1,0.1
1.087262,-0.568474,0.683724,0.1,0.1,0.1
1.186680,-0.288675,0.673882,0.1,0.1,0.1
1.126873,0.102190,0.647358,0.1,0.1,0.1
1.042087,0.322567,0.204755,0.1,0.1,0.1
0.537688,0.623485,0.318527,0.1,0.1,0.1
1.010890,0.022970,0.185072,0.1,0.1,0.1
0.946885,-0.113133,0.185072,0.1,0.1,0.1
1.030980,0.359572,0.185072,0.1,0.1,0.1
0.743234,-0.066866,0.185072,0.1,0.1,0.1
1.192261,-0.281155,0.026605,0.1,0.1,0.1
0.722405,-0.104626,0.519178,0.1,0.1,0.1
1.161947,-0.644039,0.244241,0.1,0.1,0.1
1.061436,0.368755,0.245993,0.1,0.1,0.1
1.077483,-0.482195,0.185072,0.1,0.1,0.1
0.558091,0.544614,0.664041,0.1,0.1,0.1
0.581949,0.631034,0.283014,0.1,0.1,0.1
1.206886,-0.366890,0.590924,0.1,0.1,0.1
0.970111,0.562887,0.683724,0.1,0.1,0.1
0.807648,-0.521879,0.204755,0.1,0.1,0.1
0.953392,0.576490,0.512297,0.1,0.1,0.1
1.014599,0.546653,0.512297,0.1,0.1,0.1
0.575951,0.254226,0.204755,0.1,0.1,0.1
1.089794,-0.657195,0.683724,0.1,0.1,0.1
1.089897,0.318961,0.194722,0.1,0.1,0.1
1.146908,-0.132325,0.133008,0.1,0.1,0.1
0.822154,-0.049696,0.185072,0.1,0.1,0.1
0.596971,0.553872,0.204755,0.1,0.1,0.1
0.968375,0.676981,0.588976,0.1,0.1,0.1
0.896710,-0.441656,0.512297,0.1,0.1,0.1
0.876697,0.661344,0.333610,0.1,0.1,0.1
0.708750,-0.106955,0.310903,0.1,0.1,0.1
1.037251,0.627597,0.654295,0.1,0.1,0.1
0.977958,0.438524,0.512297,0.1,0.1,0.1
1.197064,-0.309307,0.530408,0.1,0.1,0.1
0.612268,0.057138,0.512297,0.1,0.1,0.1
1.041822,0.017851,0.512297,0.1,0.1,0.1
0.596807,0.327790,0.683724,0.1,0.1,0.1
0.739351,-0.101736,0.210232,0.1,0.1,0.1
1.150231,-0.151811,0.463379,0.1,0.1,0.1
0.628831,-0.053717,0.512297,0.1,0.1,0.1
1.076822,-0.658559,0.549311,0.1,0.1,0.1
0.973436,-0.127277,0.204755,0.1,0.1,0.1
0.979435,-0.085223,0.512297,0.1,0.1,0.1
0.820644,0.651782,0.379475,0.1,0.1,0.1
1.144044,-0.115535,0.119131,0.1,0.1,0.1
0.900407,-0.074263,0.416231,0.1,0.1,0.1
1.005649,-0.011740,0.185072,0.1,0.1,0.1
0.915745,-0.007207,0.512297,0.1,0.1,0.1
1.137402,0.040459,0.150936,0.1,0.1,0.1
1.016990,-0.399457,0.204755,0.1,0.1,0.1
0.838880,-0.084758,0.326594,0.1,0.1,0.1
1.052147,0.423213,0.576381,0.1,0.1,0.1
1.057041,-0.047546,0.463266,0.1,0.1,0.1
0.892720,0.302556,0.512297,0.1,0.1,0.1
1.004144,0.624245,0.204755,0.1,0.1,0.1
1.176326,-0.304793,0.467755,0.1,0.1,0.1
1.099677,0.212572,0.000000,0.1,0.1,0.1
0.836473,-0.085169,0.492980,0.1,0.1,0.1
1.098664,0.267562,0.003911,0.1,0.1,0.1
0.853357,-0.082289,0.281659,0.1,0.1,0.1
1.092527,0.303543,0.641297,0.1,0.1,0.1
0.675914,0.602481,0.512297,0.1,0.1,0.1
0.857231,0.658023,0.407142,0.1,0.1,0.1
1.244306,-0.586268,0.592364,0.1,0.1,0.1
1.135058,-0.038807,0.185072,0.1,0.1,0.1
0.951229,-0.642255,0.683724,0.1,0.1,0.1
1.079461,-0.024776,0.204755,0.1,0.1,0.1
0.675997,-0.152320,0.664041,0.1,0.1,0.1
0.839266,0.077306,0.512297,0.1,0.1,0.1
1.116744,-0.082270,0.664041,0.1,0.1,0.1
1.053855,-0.108666,0.512297,0.1,0.1,0.1
0.940555,-0.701770,0.571506,0.1,0.1,0.1
0.904396,-0.707938,0.615199,0.1,0.1,0.1
1.015594,0.637504,0.132562,0.1,0.1,0.1
0.819928,-0.087991,0.674301,0.1,0.1,0.1
0.972359,0.656632,0.512297,0.1,0.1,0.1
1.009765,0.685990,0.683724,0.1,0.1,0.1
0.995383,0.701556,0.618444,0.1,0.1,0.1
1.061333,-0.046813,0.362304,0.1,0.1,0.1
0.784614,-0.174438,0.512297,0.1,0.1,0.1
0.728108,-0.376601,0.512297,0.1,0.1,0.1
0.772522,-0.730432,0.391168,0.1,0.1,0.1
1.047137,-0.049235,0.672608,0.1,0.1,0.1
0.847676,-0.298060,0.512297,0.1,0.1,0.1
0.971127,-0.696555,0.577821,0.1,0.1,0.1
1.161656,-0.644174,0.185072,0.1,0.1,0.1
0.634692,0.008992,0.512297,0.1,0.1,0.1
0.851557,-0.082596,0.423180,0.1,0.1,0.1
1.146595,-0.013432,0.666694,0.1,0.1,0.1
0.967861,-0.333046,0.683724,0.1,0.1,0.1
1.064205,0.352519,0.391930,0.1,0.1,0.1
0.867500,-0.247456,0.664041,0.1,0.1,0.1
1.091005,-0.041752,0.250898,0.1,0.1,0.1
0.864722,-0.169702,0.185072,0.1,0.1,0.1
0.989879,-0.673389,0.594455,0.1,0.1,0.1
0.544702,0.551725,0.664041,0.1,0.1,0.1
1.162667,-0.224713,0.661528,0.1,0.1,0.1
0.961801,0.652349,0.664041,0.1,0.1,0.1
1.135122,-0.465844,0.683724,0.1,0.1,0.1
0.907439,-0.073064,0.534204,0.1,0.1,0.1
0.940063,0.020351,0.664041,0.1,0.1,0.1
1.020415,0.434407,0.204755,0.1,0.1,0.1
1.211280,-0.509710,0.203856,0.1,0.1,0.1
1.187843,-0.372310,0.442420,0.1,0.1,0.1
1.028847,-0.659882,0.664041,0.1,0.1,0.1
0.672718,-0.006980,0.664041,0.1,0.1,0.1
1.156099,-0.665004,0.195167,0.1,0.1,0.1
0.729374,-0.007884,0.512297,0.1,0.1,0.1
1.147483,-0.390689,0.683724,0.1,0.1,0.1
0.657661,0.643949,0.533456,0.1,0.1,0.1
1.096706,0.161983,0.313736,0.1,0.1,0.1
1.047295,-0.647985,0.664041,0.1,0.1,0.1
1.040128,0.493672,0.652066,0.1,0.1,0.1
1.175796,-0.532257,0.683724,0.1,0.1,0.1
1.191515,-0.462930,0.185072,0.1,0.1,0.1
1.043945,-0.230002,0.512297,0.1,0.1,0.1
1.034281,0.140024,0.512297,0.1,0.1,0.1
0.958273,-0.698748,0.207651,0.1,0.1,0.1
1.100863,0.254672,0.424599,0.1,0.1,0.1
0.972054,0.472000,0.683724,0.1,0.1,0.1
0.695345,0.630409,0.185877,0.1,0.1,0.1
0.899763,-0.058103,0.512297,0.1,0.1,0.1
1.016554,0.690404,0.553183,0.1,0.1,0.1
1.249353,-0.615854,0.158720,0.1,0.1,0.1
0.802468,-0.423291,0.512297,0.1,0.1,0.1
1.243232,-0.579968,0.353566,0.1,0.1,0.1
1.123942,0.119370,0.535185,0.1,0.1,0.1
1.102388,-0.046574,0.204755,0.1,0.1,0.1
0.954137,0.572068,0.512297,0.1,0.1,0.1
0.861183,0.343153,0.185072,0.1,0.1,0.1
0.565363,0.556171,0.204755,0.1,0.1,0.1
0.996088,-0.270652,0.664041,0.1,0.1,0.1
0.890654,0.100032,0.512297,0.1,0.1,0.1
0.902398,0.347209,0.185072,0.1,0.1,0.1
0.699807,-0.109108,0.683724,0.1,0.1,0.1
0.954404,-0.083677,0.664041,0.1,0.1,0.1
0.969697,0.529414,0.683724,0.1,0.1,0.1
0.974634,0.432314,0.683724,0.1,0.1,0.1
1.148983,-0.027435,0.014613,0.1,0.1,0.1
0.766215,0.101037,0.185072,0.1,0.1,0.1
0.547876,0.605255,0.534045,0.1,0.1,0.1
1.206188,-0.479856,0.311034,0.1,0.1,0.1
0.924194,-0.684594,0.398552,0.1,0.1,0.1
1.211499,-0.393937,0.088483,0.1,0.1,0.1
1.137871,-0.079347,0.072489,0.1,0.1,0.1
1.189642,-0.265799,0.307638,0.1,0.1,0.1
0.827060,-0.122876,0.512297,0.1,0.1,0.1
0.785586,-0.400655,0.512297,0.1,0.1,0.1
0.793359,-0.478909,0.683724,0.1,0.1,0.1
1.051116,0.429254,0.011550,0.1,0.1,0.1
0.788069,-0.707813,0.421852,0.1,0.1,0.1
1.013356,0.684654,0.647328,0.1,0.1,0.1
1.076639,-0.255567,0.683724,0.1,0.1,0.1
1.094084,0.177356,0.039894,0.1,0.1,0.1
0.921359,0.464537,0.204755,0.1,0.1,0.1
0.752272,-0.471900,0.512297,0.1,0.1,0.1
0.925364,0.651664,0.664041,0.1,0.1,0.1
1.054397,0.222166,0.512297,0.1,0.1,0.1
0.685843,0.009460,0.512297,0.1,0.1,0.1
1.016814,0.461086,0.512297,0.1,0.1,0.1
1.228180,-0.491727,0.614058,0.1,0.1,0.1
0.869561,0.066719,0.512297,0.1,0.1,0.1
0.947885,-0.680553,0.577098,0.1,0.1,0.1
1.034342,0.644651,0.208444,0.1,0.1,0.1
0.678183,-0.112169,0.310952,0.1,0.1,0.1
0.967003,-0.347893,0.664041,0.1,0.1,0.1
0.774890,0.027236,0.664041,0.1,0.1,0.1
1.033335,0.533497,0.614129,0.1,0.1,0.1
0.736526,0.365448,0.683724,0.1,0.1,0.1
0.879839,0.410668,0.664041,0.1,0.1,0.1
0.792520,0.198807,0.512297,0.1,0.1,0.1
1.107328,0.099709,0.666919,0.1,0.1,0.1
0.633327,-0.018334,0.185072,0.1,0.1,0.1
0.811660,0.670217,0.645052,0.1,0.1,0.1
1.047461,0.567745,0.198166,0.1,0.1,0.1
0.984952,-0.694197,0.567635,0.1,0.1,0.1
0.611019,0.265483,0.512297,0.1,0.1,0.1
0.797164,0.000822,0.204755,0.1,0.1,0.1
1.232383,-0.633427,0.632576,0.1,0.1,0.1
0.772840,-0.296221,0.185072,0.1,0.1,0.1
0.787448,-0.635545,0.204755,0.1,0.1,0.1
1.098879,0.064959,0.512297,0.1,0.1,0.1
1.179270,-0.204991,0.242847,0.1,0.1,0.1
1.077601,-0.555990,0.683724,0.1,0.1,0.1
1.044068,0.587633,0.282282,0.1,0.1,0.1
0.982343,0.243667,0.185072,0.1,0.1,0.1
1.019015,-0.181017,0.664041,0.1,0.1,0.1
0.543620,0.442497,0.512297,0.1,0.1,0.1
0.805459,-0.235752,0.512297,0.1,0.1,0.1
0.731565,0.616251,0.664041,0.1,0.1,0.1
0.701744,-0.061281,0.512297,0.1,0.1,0.1
1.095178,-0.041040,0.365866,0.1,0.1,0.1
0.875080,0.128646,0.204755,0.1,0.1,0.1
0.865271,-0.371889,0.185072,0.1,0.1,0.1
0.894083,-0.049780,0.664041,0.1,0.1,0.1
0.891414,0.595950,0.683724,0.1,0.1,0.1
0.946711,0.076292,0.512297,0.1,0.1,0.1
1.172790,-0.167005,0.165413,0.1,0.1,0.1
0.619656,0.450361,0.664041,0.1,0.1,0.1
0.842646,-0.168464,0.512297,0.1,0.1,0.1
1.055107,-0.288151,0.512297,0.1,0.1,0.1
1.081083,0.253575,0.185872,0.1,0.1,0.1
0.766980,-0.592443,0.185072,0.1,0.1,0.1
1.113577,-0.652290,0.355656,0.1,0.1,0.1
1.050138,0.434989,0.125856,0.1,0.1,0.1
0.836247,0.654444,0.521280,0.1,0.1,0.1
0.799865,0.363938,0.683724,0.1,0.1,0.1
0.917269,0.159229,0.512297,0.1,0.1,0.1
1.160399,-0.299158,0.683724,0.1,0.1,0.1
1.129469,-0.039024,0.512297,0.1,0.1,0.1
0.722527,0.388310,0.664041,0.1,0.1,0.1
0.909972,-0.392547,0.512297,0.1,0.1,0.1
1.017788,-0.054241,0.317710,0.1,0.1,0.1
0.741359,-0.726771,0.674564,0.1,0.1,0.1
0.732069,0.423550,0.683724,0.1,0.1,0.1
0.918344,0.104016,0.512297,0.1,0.1,0.1
0.922865,0.669219,0.559996,0.1,0.1,0.1
0.653713,0.389726,0.185072,0.1,0.1,0.1
0.644767,-0.117869,0.575338,0.1,0.1,0.1
0.817540,-0.722753,0.680483,0.1,0.1,0.1
0.571300,0.629218,0.350267,0.1,0.1,0.1
0.979271,-0.177881,0.683724,0.1,0.1,0.1
0.868418,0.659931,0.540242,0.1,0.1,0.1
1.082769,-0.043157,0.260048,0.1,0.1,0.1
1.073681,0.296965,0.504863,0.1,0.1,0.1
1.108428,0.125632,0.185072,0.1,0.1,0.1
1.131666,0.074090,0.436781,0.1,0.1,0.1
0.707843,-0.490980,0.204755,0.1,0.1,0.1
1.078142,0.272010,0.204755,0.1,0.1,0.1
1.076940,0.277863,0.059571,0.1,0.1,0.1
1.065739,0.343526,0.637024,0.1,0.1,0.1
0.989335,-0.076428,0.512297,0.1,0.1,0.1
1.220802,-0.507004,0.671866,0.1,0.1,0.1
0.710349,-0.367323,0.512297,0.1,0.1,0.1
0.513888,0.606784,0.518403,0.1,0.1,0.1
1.073122,-0.659190,0.570074,0.1,0.1,0.1
1.010394,-0.008921,0.664041,0.1,0.1,0.1
0.742210,-0.119355,0.512297,0.1,0.1,0.1
0.935495,0.087336,0.512297,0.1,0.1,0.1
1.154204,-0.058039,0.031054,0.1,0.1,0.1
1.120289,-0.651145,0.303185,0.1,0.1,0.1
0.863341,-0.360010,0.512297,0.1,0.1,0.1
0.804008,-0.617812,0.185072,0.1,0.1,0.1
0.650829,0.440902,0.664041,0.1,0.1,0.1
0.939232,0.647403,0.204755,0.1,0.1,0.1
0.820538,-0.159436,0.512297,0.1,0.1,0.1
1.080606,0.373431,0.227278,0.1,0.1,0.1
1.105414,-0.673649,0.565207,0.1,0.1,0.1
1.007694,-0.670351,0.639995,0.1,0.1,0.1
0.689878,0.628971,0.204755,0.1,0.1,0.1
1.032540,-0.666113,0.450605,0.1,0.1,0.1
1.056048,0.400341,0.056385,0.1,0.1,0.1
0.777176,-0.095283,0.259785,0.1,0.1,0.1
1.002780,0.355707,0.204755,0.1,0.1,0.1
0.997234,-0.326561,0.683724,0.1,0.1,0.1
0.732268,0.318631,0.512297,0.1,0.1,0.1
0.647055,-0.117479,0.462735,0.1,0.1,0.1
1.245987,-0.596122,0.113515,0.1,0.1,0.1
0.754672,-0.479718,0.512297,0.1,0.1,0.1
1.067863,0.448137,0.130939,0.1,0.1,0.1
1.014560,0.675572,0.673882,0.1,0.1,0.1
0.553442,0.626172,0.207525,0.1,0.1,0.1
1.161050,-0.215239,0.581067,0.1,0.1,0.1
1.164765,-0.237013,0.224182,0.1,0.1,0.1
0.845033,-0.073091,0.512297,0.1,0.1,0.1
1.131714,-0.110042,0.683724,0.1,0.1,0.1
1.117238,-0.651665,0.499434,0.1,0.1,0.1
0.764804,0.662225,0.240173,0.1,0.1,0.1
0.685056,0.628654,0.266226,0.1,0.1,0.1
1.079620,0.379208,0.190082,0.1,0.1,0.1
1.032474,-0.027593,0.512297,0.1,0.1,0.1
0.539536,0.456425,0.195610,0.1,0.1,0.1
1.170979,-0.273446,0.029014,0.1,0.1,0.1
1.075486,-0.044399,0.482669,0.1,0.1,0.1
0.924768,-0.704463,0.245290,0.1,0.1,0.1
0.992841,0.681155,0.263779,0.1,0.1,0.1
0.956222,-0.413716,0.204755,0.1,0.1,0.1
1.231608,-0.628883,0.085489,0.1,0.1,0.1
1.062987,0.027736,0.185072,0.1,0.1,0.1
1.235914,-0.537067,0.580437,0.1,0.1,0.1
0.699248,0.247004,0.185072,0.1,0.1,0.1
0.864010,-0.004555,0.512297,0.1,0.1,0.1
1.145725,-0.008333,0.264141,0.1,0.1,0.1
0.988461,-0.096227,0.512297,0.1,0.1,0.1
0.842392,0.225882,0.664041,0.1,0.1,0.1
0.633831,0.286227,0.185072,0.1,0.1,0.1
1.010556,-0.319916,0.664041,0.1,0.1,0.1
0.997195,0.322295,0.664041,0.1,0.1,0.1
0.948368,-0.066083,0.256896,0.1,0.1,0.1
1.052092,0.423533,0.253235,0.1,0.1,0.1
1.065287,0.463238,0.629602,0.1,0.1,0.1
1.218672,-0.553049,0.258358,0.1,0.1,0.1
1.097839,0.272399,0.519866,0.1,0.1,0.1
1.117778,-0.087091,0.512297,0.1,0.1,0.1
0.891461,-0.075789,0.381424,0.1,0.1,0.1
0.744265,0.638754,0.473821,0.1,0.1,0.1
0.902832,0.006841,0.185072,0.1,0.1,0.1
1.034462,0.526892,0.091015,0.1,0.1,0.1
0.663481,-0.114677,0.375023,0.1,0.1,0.1
1.033861,0.647476,0.546480,0.1,0.1,0.1
0.927194,-0.638734,0.185072,0.1,0.1,0.1
0.745563,0.622466,0.204755,0.1,0.1,0.1
1.218398,-0.434380,0.400141,0.1,0.1,0.1
1.054518,0.526369,0.232251,0.1,0.1,0.1
0.758543,-0.722833,0.196167,0.1,0.1,0.1
0.919255,0.688570,0.578869,0.1,0.1,0.1
0.933254,0.523527,0.512297,0.1,0.1,0.1
0.759038,-0.491926,0.512297,0.1,0.1,0.1
0.815071,-0.713191,0.194108,0.1,0.1,0.1
0.891593,0.549801,0.512297,0.1,0.1,0.1
1.104549,-0.621139,0.204755,0.1,0.1,0.1
0.762941,-0.097712,0.660373,0.1,0.1,0.1
1.064564,0.350419,0.027199,0.1,0.1,0.1
0.834100,0.398305,0.185072,0.1,0.1,0.1
1.115322,-0.556789,0.683724,0.1,0.1,0.1
1.045640,0.161472,0.512297,0.1,0.1,0.1
0.757320,0.597501,0.185072,0.1,0.1,0.1
0.949731,0.673801,0.536171,0.1,0.1,0.1
1.030321,-0.252268,0.512297,0.1,0.1,0.1
1.003059,-0.691109,0.223931,0.1,0.1,0.1
0.934810,0.691224,0.377056,0.1,0.1,0.1
0.888179,0.663302,0.534696,0.1,0.1,0.1
0.914661,-0.071832,0.634396,0.1,0.1,0.1
0.709088,0.070683,0.683724,0.1,0.1,0.1
0.944421,-0.677420,0.185072,0.1,0.1,0.1
0.971144,-0.062197,0.417951,0.1,0.1,0.1
0.993404,-0.548424,0.512297,0.1,0.1,0.1
1.116102,-0.654907,0.185072,0.1,0.1,0.1
1.041945,0.483019,0.527411,0.1,0.1,0.1
0.631531,0.446980,0.204755,0.1,0.1,0.1
0.957932,-0.608692,0.512297,0.1,0.1,0.1
0.635191,0.069663,0.683724,0.1,0.1,0.1
1.085996,-0.505497,0.204755,0.1,0.1,0.1
1.136371,-0.478846,0.204755,0.1,0.1,0.1
0.920473,0.551600,0.185072,0.1,0.1,0.1
0.990242,-0.693295,0.653685,0.1,0.1,0.1
0.678940,0.226094,0.683724,0.1,0.1,0.1
0.948778,0.673639,0.330279,0.1,0.1,0.1
0.732794,-0.204308,0.204755,0.1,0.1,0.1
0.963125,-0.612618,0.185072,0.1,0.1,0.1
0.798181,0.059505,0.512297,0.1,0.1,0.1
1.062674,-0.680940,0.207715,0.1,0.1,0.1
0.879493,0.661820,0.519421,0.1,0.1,0.1
0.673526,-0.088638,0.664041,0.1,0.1,0.1
1.155415,-0.645153,0.459884,0.1,0.1,0.1
1.051228,0.428598,0.458997,0.1,0.1,0.1
0.988237,-0.250660,0.512297,0.1,0.1,0.1
1.213938,-0.525294,0.583127,0.1,0.1,0.1
1.050273,0.119277,0.512297,0.1,0.1,0.1
1.182329,-0.597742,0.512297,0.1,0.1,0.1
0.726582,-0.029149,0.512297,0.1,0.1,0.1
0.760833,-0.696230,0.204755,0.1,0.1,0.1
0.905448,-0.003085,0.204755,0.1,0.1,0.1
0.841808,0.521618,0.664041,0.1,0.1,0.1
0.959382,0.695415,0.337438,0.1,0.1,0.1
0.842064,0.221838,0.664041,0.1,0.1,0.1
1.048763,0.560107,0.171433,0.1,0.1,0.1
0.668499,-0.113821,0.403503,0.1,0.1,0.1
0.686855,-0.110690,0.494254,0.1,0.1,0.1
0.954157,-0.070287,0.664041,0.1,0.1,0.1
1.053928,0.411966,0.204755,0.1,0.1,0.1
0.837286,-0.525194,0.185072,0.1,0.1,0.1
1.033448,0.372187,0.683724,0.1,0.1,0.1
1.078157,0.286699,0.185072,0.1,0.1,0.1
0.999540,0.692281,0.186838,0.1,0.1,0.1
0.647895,-0.062979,0.512297,0.1,0.1,0.1
0.974588,-0.095385,0.512297,0.1,0.1,0.1
1.146304,-0.585136,0.204755,0.1,0.1,0.1
0.882542,0.246460,0.664041,0.1,0.1,0.1
1.104356,-0.663336,0.512297,0.1,0.1,0.1
0.785582,-0.491344,0.185072,0.1,0.1,0.1
1.140847,-0.096798,0.078815,0.1,0.1,0.1
1.028804,-0.238252,0.664041,0.1,0.1,0.1
0.681751,-0.047764,0.512297,0.1,0.1,0.1
1.150516,-0.153482,0.408323,0.1,0.1,0.1
1.029077,-0.406624,0.512297,0.1,0.1,0.1
0.960575,-0.064000,0.461086,0.1,0.1,0.1
1.084109,-0.356884,0.512297,0.1,0.1,0.1
0.838621,-0.084802,0.396986,0.1,0.1,0.1
0.701552,-0.352806,0.683724,0.1,0.1,0.1
0.836250,0.406412,0.204755,0.1,0.1,0.1
0.690410,0.629568,0.484779,0.1,0.1,0.1
0.967290,0.334979,0.185072,0.1,0.1,0.1
1.004115,0.177108,0.185072,0.1,0.1,0.1
1.109113,-0.653051,0.613974,0.1,0.1,0.1
0.635715,0.630222,0.192169,0.1,0.1,0.1
0.636115,0.620306,0.359622,0.1,0.1,0.1
1.248968,-0.613596,0.213663,0.1,0.1,0.1
1.025309,0.575019,0.683724,0.1,0.1,0.1
1.116473,-0.430830,0.512297,0.1,0.1,0.1
1.046765,-0.638034,0.664041,0.1,0.1,0.1
0.806981,0.649452,0.547002,0.1,0.1,0.1
1.167823,-0.469418,0.664041,0.1,0.1,0.1
1.194808,-0.413142,0.436966,0.1,0.1,0.1
1.021812,-0.667942,0.270324,0.1,0.1,0.1
0.825503,-0.721395,0.547977,0.1,0.1,0.1
1.168308,-0.642954,0.215660,0.1,0.1,0.1
1.026983,-0.572254,0.664041,0.1,0.1,0.1
0.999898,-0.057293,0.456111,0.1,0.1,0.1
0.843586,-0.698343,0.361589,0.1,0.1,0.1
0.880913,0.662063,0.619057,0.1,0.1,0.1
0.534403,0.586417,0.204755,0.1,0.1,0.1
1.195020,-0.395059,0.000000,0.1,0.1,0.1
0.688049,-0.414237,0.189861,0.1,0.1,0.1
0.680847,0.615755,0.512297,0.1,0.1,0.1
0.768887,-0.318812,0.664041,0.1,0.1,0.1
0.632428,0.472525,0.683724,0.1,0.1,0.1
1.117586,-0.671573,0.482173,0.1,0.1,0.1
1.212455,-0.399539,0.483987,0.1,0.1,0.1
0.751420,0.414299,0.185072,0.1,0.1,0.1
1.125125,-0.004626,0.503475,0.1,0.1,0.1
0.984850,0.446078,0.512297,0.1,0.1,0.1
0.970373,0.677322,0.550385,0.1,0.1,0.1
1.105162,0.112408,0.399833,0.1,0.1,0.1
0.871699,-0.620885,0.664041,0.1,0.1,0.1
0.848092,-0.083187,0.352161,0.1,0.1,0.1
1.002024,-0.691285,0.293472,0.1,0.1,0.1
0.806513,-0.724635,0.389973,0.1,0.1,0.1
1.236260,-0.539099,0.285483,0.1,0.1,0.1
0.859745,0.658452,0.588329,0.1,0.1,0.1
1.219380,-0.498667,0.666579,0.1,0.1,0.1
1.156064,-0.645042,0.461059,0.1,0.1,0.1
0.645591,0.226824,0.664041,0.1,0.1,0.1
0.830291,0.069691,0.512297,0.1,0.1,0.1
0.893790,-0.075392,0.290215,0.1,0.1,0.1
0.852921,0.153244,0.204755,0.1,0.1,0.1
1.153011,-0.450712,0.512297,0.1,0.1,0.1
0.882296,-0.421613,0.683724,0.1,0.1,0.1
0.945270,0.610907,0.185072,0.1,0.1,0.1
0.992061,0.700989,0.579290,0.1,0.1,0.1
1.224490,-0.587153,0.284379,0.1,0.1,0.1
0.696614,-0.125328,0.204755,0.1,0.1,0.1
1.074623,-0.558197,0.185072,0.1,0.1,0.1
1.047831,-0.683472,0.604725,0.1,0.1,0.1
0.803347,-0.090819,0.297236,0.1,0.1,0.1
1.121107,0.135993,0.416201,0.1,0.1,0.1
0.912800,-0.072149,0.408088,0.1,0.1,0.1
0.856041,-0.600834,0.204755,0.1,0.1,0.1
0.786435,-0.334928,0.185072,0.1,0.1,0.1
1.034475,0.526816,0.191235,0.1,0.1,0.1
1.007772,0.683360,0.455499,0.1,0.1,0.1
0.765760,0.572785,0.664041,0.1,0.1,0.1
0.728829,-0.211679,0.512297,0.1,0.1,0.1
0.950335,0.256539,0.204755,0.1,0.1,0.1
0.712117,-0.053570,0.512297,0.1,0.1,0.1
0.839851,-0.698980,0.409590,0.1,0.1,0.1
0.865457,0.165631,0.512297,0.1,0.1,0.1
0.795162,-0.092216,0.482556,0.1,0.1,0.1
0.723844,-0.074043,0.185072,0.1,0.1,0.1
0.978380,-0.060963,0.506714,0.1,0.1,0.1
1.239745,-0.618061,0.673974,0.1,0.1,0.1
0.913489,-0.072032,0.449937,0.1,0.1,0.1
0.687221,0.648991,0.361113,0.1,0.1,0.1
0.790828,-0.287158,0.512297,0.1,0.1,0.1
0.716907,-0.465992,0.683724,0.1,0.1,0.1
0.883888,-0.711436,0.539570,0.1,0.1,0.1
1.027228,0.569298,0.521844,0.1,0.1,0.1
0.843573,0.655693,0.603642,0.1,0.1,0.1
0.952468,0.426275,0.664041,0.1,0.1,0.1
1.184480,-0.235536,0.280529,0.1,0.1,0.1
0.753709,-0.733642,0.350292,0.1,0.1,0.1
0.634514,0.011457,0.512297,0.1,0.1,0.1
0.741886,0.638348,0.322124,0.1,0.1,0.1
0.651781,-0.201617,0.672036,0.1,0.1,0.1
0.914972,0.667872,0.329967,0.1,0.1,0.1
0.560290,0.380697,0.512297,0.1,0.1,0.1
1.010242,0.176132,0.512297,0.1,0.1,0.1
1.017800,-0.538675,0.683724,0.1,0.1,0.1
1.177099,-0.309323,0.491405,0.1,0.1,0.1
0.545859,0.604911,0.672155,0.1,0.1,0.1
1.053963,0.412565,0.253838,0.1,0.1,0.1
1.122726,0.126499,0.465191,0.1,0.1,0.1
0.724561,-0.555351,0.204755,0.1,0.1,0.1
1.030757,-0.134680,0.185072,0.1,0.1,0.1
0.645765,-0.117699,0.387047,0.1,0.1,0.1
1.093478,-0.419907,0.512297,0.1,0.1,0.1
1.208903,-0.378715,0.634368,0.1,0.1,0.1
0.870786,0.248677,0.683724,0.1,0.1,0.1
0.656663,0.464251,0.204755,0.1,0.1,0.1
1.063551,0.473412,0.508183,0.1,0.1,0.1
0.739496,-0.285506,0.204755,0.1,0.1,0.1
1.007641,0.646960,0.683724,0.1,0.1,0.1
0.796027,0.301749,0.204755,0.1,0.1,0.1
1.164576,-0.235909,0.362385,0.1,0.1,0.1
0.595633,0.591543,0.204755,0.1,0.1,0.1
1.155368,-0.064867,0.497523,0.1,0.1,0.1
0.713044,0.600913,0.664041,0.1,0.1,0.1
1.052904,0.418776,0.349163,0.1,0.1,0.1
0.918902,-0.112088,0.185072,0.1,0.1,0.1
0.774955,0.525254,0.512297,0.1,0.1,0.1
0.774042,0.547086,0.512297,0.1,0.1,0.1
1.008473,-0.196754,0.512297,0.1,0.1,0.1
0.870509,0.383938,0.512297,0.1,0.1,0.1
0.850264,0.676802,0.453963,0.1,0.1,0.1
1.148194,-0.022811,0.646864,0.1,0.1,0.1
0.819182,-0.088118,0.270633,0.1,0.1,0.1
0.952087,0.569654,0.185072,0.1,0.1,0.1
0.633114,0.192315,0.512297,0.1,0.1,0.1
0.927271,0.240451,0.512297,0.1,0.1,0.1
1.052644,0.066831,0.683724,0.1,0.1,0.1
0.821487,0.387696,0.512297,0.1,0.1,0.1
1.166397,-0.246583,0.407958,0.1,0.1,0.1
0.970084,0.503368,0.512297,0.1,0.1,0.1
0.824067,0.056514,0.185072,0.1,0.1,0.1
1.159511,-0.206214,0.217455,0.1,0.1,0.1
1.090434,0.198750,0.628618,0.1,0.1,0.1
1.091506,0.309530,0.660843,0.1,0.1,0.1
0.709657,0.259667,0.512297,0.1,0.1,0.1
1.003027,0.060664,0.204755,0.1,0.1,0.1
0.734531,0.356508,0.683724,0.1,0.1,0.1
0.938630,0.671908,0.540686,0.1,0.1,0.1
1.242803,-0.635984,0.386696,0.1,0.1,0.1
1.190447,-0.270515,0.525772,0.1,0.1,0.1
0.952646,-0.616762,0.185072,0.1,0.1,0.1
1.137204,-0.075440,0.168726,0.1,0.1,0.1
1.085107,0.229980,0.318123,0.1,0.1,0.1
0.969357,-0.062502,0.663113,0.1,0.1,0.1
0.812035,-0.089337,0.403273,0.1,0.1,0.1
0.795180,0.417622,0.185072,0.1,0.1,0.1
1.006925,0.683557,0.268508,0.1,0.1,0.1
1.144696,-0.119362,0.284512,0.1,0.1,0.1
1.065295,-0.660525,0.532755,0.1,0.1,0.1
0.655425,0.465710,0.512297,0.1,0.1,0.1
1.139722,-0.156542,0.204755,0.1,0.1,0.1
1.118587,-0.671402,0.290405,0.1,0.1,0.1
0.851917,-0.716890,0.352876,0.1,0.1,0.1
1.201343,-0.637319,0.454910,0.1,0.1,0.1
1.165920,-0.243789,0.401683,0.1,0.1,0.1
1.063020,0.359470,0.253021,0.1,0.1,0.1
1.146284,-0.408247,0.512297,0.1,0.1,0.1
0.648062,0.642311,0.310158,0.1,0.1,0.1
1.114291,0.058888,0.115346,0.1,0.1,0.1
1.099968,-0.040223,0.463117,0.1,0.1,0.1
1.100554,0.197956,0.191612,0.1,0.1,0.1
1.167601,-0.253644,0.330312,0.1,0.1,0.1
0.982079,-0.681596,0.683724,0.1,0.1,0.1
0.768673,0.356149,0.683724,0.1,0.1,0.1
1.020555,-0.611303,0.185072,0.1,0.1,0.1
0.879280,-0.534501,0.185072,0.1,0.1,0.1
1.191556,-0.277022,0.118514,0.1,0.1,0.1
1.020998,-0.053694,0.571778,0.1,0.1,0.1
1.123099,0.012326,0.000000,0.1,0.1,0.1
1.229147,-0.497395,0.560578,0.1,0.1,0.1
0.667416,-0.114006,0.303042,0.1,0.1,0.1
1.130191,-0.034324,0.088703,0.1,0.1,0.1
1.150015,-0.033481,0.215812,0.1,0.1,0.1
1.244808,-0.589212,0.553204,0.1,0.1,0.1
0.784077,-0.494120,0.512297,0.1,0.1,0.1
1.022509,0.596964,0.051889,0.1,0.1,0.1
1.052734,0.419772,0.429484,0.1,0.1,0.1
0.818613,-0.702603,0.272170,0.1,0.1,0.1
1.019995,-0.065017,0.683724,0.1,0.1,0.1
0.786089,0.665855,0.433792,0.1,0.1,0.1
1.243173,-0.579623,0.404732,0.1,0.1,0.1
1.138355,0.034876,0.149815,0.1,0.1,0.1
1.021223,-0.668043,0.325671,0.1,0.1,0.1
0.948129,0.178800,0.664041,0.1,0.1,0.1
0.838215,0.160938,0.512297,0.1,0.1,0.1
0.749015,-0.609679,0.204755,0.1,0.1,0.1
0.915900,-0.278131,0.185072,0.1,0.1,0.1
0.882308,0.335684,0.683724,0.1,0.1,0.1
0.661957,0.621519,0.185072,0.1,0.1,0.1
1.011325,0.662533,0.063781,0.1,0.1,0.1
0.970511,0.123728,0.512297,0.1,0.1,0.1
0.826576,0.077683,0.664041,0.1,0.1,0.1
0.950575,0.263796,0.664041,0.1,0.1,0.1
0.639789,0.374715,0.664041,0.1,0.1,0.1
1.039159,0.616410,0.209255,0.1,0.1,0.1
1.206794,-0.622883,0.664041,0.1,0.1,0.1
0.817502,-0.702793,0.499764,0.1,0.1,0.1
0.925058,-0.070059,0.491387,0.1,0.1,0.1
0.791312,-0.375005,0.204755,0.1,0.1,0.1
0.922518,0.579761,0.204755,0.1,0.1,0.1
0.944617,0.154526,0.512297,0.1,0.1,0.1
1.027853,0.565636,0.219158,0.1,0.1,0.1
1.169329,-0.146711,0.295025,0.1,0.1,0.1
1.158423,-0.563694,0.664041,0.1,0.1,0.1
0.888176,-0.363276,0.512297,0.1,0.1,0.1
0.633227,0.124088,0.664041,0.1,0.1,0.1
1.074962,-0.622212,0.512297,0.1,0.1,0.1
0.861868,-0.291794,0.664041,0.1,0.1,0.1
0.952555,0.555209,0.204755,0.1,0.1,0.1
0.783972,-0.656104,0.512297,0.1,0.1,0.1
0.988736,0.392429,0.664041,0.1,0.1,0.1
1.088412,0.210606,0.582327,0.1,0.1,0.1
0.686590,0.145848,0.512297,0.1,0.1,0.1
0.758400,-0.098486,0.464890,0.1,0.1,0.1
0.936654,0.691538,0.594068,0.1,0.1,0.1
1.231321,-0.627201,0.442280,0.1,0.1,0.1
0.942448,-0.701447,0.295312,0.1,0.1,0.1
0.648734,0.436767,0.512297,0.1,0.1,0.1
0.864233,0.479061,0.683724,0.1,0.1,0.1
0.982144,-0.674709,0.199779,0.1,0.1,0.1
0.924174,0.147720,0.664041,0.1,0.1,0.1
0.854155,-0.576322,0.185072,0.1,0.1,0.1
1.249285,-0.615457,0.246453,0.1,0.1,0.1
0.958850,0.357721,0.512297,0.1,0.1,0.1
1.064311,0.468957,0.089388,0.1,0.1,0.1
1.021146,0.125039,0.664041,0.1,0.1,0.1
0.843125,0.675584,0.404762,0.1,0.1,0.1
0.751501,0.639988,0.381293,0.1,0.1,0.1
1.027818,0.682898,0.458128,0.1,0.1,0.1
0.679698,-0.111911,0.482366,0.1,0.1,0.1
0.657694,-0.072780,0.204755,0.1,0.1,0.1
1.072935,0.301338,0.105448,0.1,0.1,0.1
1.109561,0.120679,0.512297,0.1,0.1,0.1
0.937732,-0.682763,0.512297,0.1,0.1,0.1
0.662135,0.086068,0.683724,0.1,0.1,0.1
1.166762,-0.131661,0.623700,0.1,0.1,0.1
1.035039,0.523509,0.237506,0.1,0.1,0.1
0.655220,0.006602,0.204755,0.1,0.1,0.1
1.211631,-0.394712,0.513690,0.1,0.1,0.1
0.763796,-0.032592,0.512297,0.1,0.1,0.1
0.727729,0.069025,0.204755,0.1,0.1,0.1
1.012125,0.657844,0.023694,0.1,0.1,0.1
1.118391,-0.450090,0.512297,0.1,0.1,0.1
0.735766,0.637304,0.189715,0.1,0.1,0.1
0.645490,-0.164737,0.188537,0.1,0.1,0.1
1.081728,0.366850,0.632752,0.1,0.1,0.1
0.673821,0.309386,0.185072,0.1,0.1,0.1
0.740359,-0.720907,0.586953,0.1,0.1,0.1
0.649981,0.113357,0.512297,0.1,0.1,0.1
1.109136,0.089114,0.490665,0.1,0.1,0.1
0.954268,0.566568,0.664041,0.1,0.1,0.1
0.731814,0.151829,0.512297,0.1,0.1,0.1
0.727380,-0.241156,0.512297,0.1,0.1,0.1
0.949162,-0.335684,0.683724,0.1,0.1,0.1
0.906733,0.156244,0.185072,0.1,0.1,0.1
0.933321,-0.237377,0.512297,0.1,0.1,0.1
0.916776,0.688147,0.613339,0.1,0.1,0.1
0.622757,0.239224,0.664041,0.1,0.1,0.1
0.787243,-0.280131,0.204755,0.1,0.1,0.1
0.686121,-0.224047,0.512297,0.1,0.1,0.1
0.699082,-0.180435,0.664041,0.1,0.1,0.1
1.170870,-0.155748,0.191949,0.1,0.1,0.1
0.881880,-0.701795,0.191846,0.1,0.1,0.1
0.866286,-0.080084,0.546460,0.1,0.1,0.1
1.034511,-0.379143,0.512297,0.1,0.1,0.1
1.113942,-0.235544,0.204755,0.1,0.1,0.1
1.055146,-0.321480,0.512297,0.1,0.1,0.1
0.737955,-0.624310,0.512297,0.1,0.1,0.1
1.216890,-0.542597,0.246511,0.1,0.1,0.1
1.054932,0.406885,0.112806,0.1,0.1,0.1
0.785904,-0.712103,0.204755,0.1,0.1,0.1
0.997837,0.427086,0.512297,0.1,0.1,0.1
0.742074,0.307411,0.204755,0.1,0.1,0.1
1.166267,-0.128762,0.009152,0.1,0.1,0.1
0.662453,-0.264182,0.203563,0.1,0.1,0.1
0.788440,-0.313896,0.512297,0.1,0.1,0.1
1.037162,0.081911,0.664041,0.1,0.1,0.1
1.172132,-0.163144,0.460452,0.1,0.1,0.1
0.820259,0.528078,0.512297,0.1,0.1,0.1
0.788294,-0.093387,0.406131,0.1,0.1,0.1
0.661300,0.020560,0.664041,0.1,0.1,0.1
0.779778,0.664779,0.507556,0.1,0.1,0.1
0.801521,-0.421377,0.512297,0.1,0.1,0.1
1.154429,-0.059362,0.289197,0.1,0.1,0.1
1.096258,0.281668,0.008885,0.1,0.1,0.1
0.893020,-0.298726,0.512297,0.1,0.1,0.1
1.179241,-0.204819,0.288464,0.1,0.1,0.1
0.832690,-0.034724,0.185072,0.1,0.1,0.1
0.971862,0.685410,0.683724,0.1,0.1,0.1
0.647648,0.642241,0.198368,0.1,0.1,0.1
0.973982,-0.615709,0.512297,0.1,0.1,0.1
0.971982,-0.696410,0.267347,0.1,0.1,0.1
0.749632,-0.348730,0.185072,0.1,0.1,0.1
1.111165,0.194276,0.570511,0.1,0.1,0.1
0.897786,0.536560,0.683724,0.1,0.1,0.1
1.123303,-0.320867,0.512297,0.1,0.1,0.1
0.768120,0.124261,0.683724,0.1,0.1,0.1
0.513302,0.610222,0.244304,0.1,0.1,0.1
0.677688,0.562740,0.664041,0.1,0.1,0.1
1.097529,0.274218,0.018380,0.1,0.1,0.1
1.036424,0.632450,0.058275,0.1,0.1,0.1
1.174785,-0.178701,0.367668,0.1,0.1,0.1
1.204289,-0.656784,0.256372,0.1,0.1,0.1
0.613991,0.530738,0.185072,0.1,0.1,0.1
1.056906,0.512373,0.103191,0.1,0.1,0.1
0.575015,0.384232,0.664041,0.1,0.1,0.1
1.029225,0.610634,0.512297,0.1,0.1,0.1
1.091866,0.190360,0.268919,0.1,0.1,0.1
0.915444,-0.263974,0.512297,0.1,0.1,0.1
1.119084,-0.488517,0.512297,0.1,0.1,0.1
0.902537,-0.498509,0.185072,0.1,0.1,0.1
0.806229,-0.510568,0.185072,0.1,0.1,0.1
0.868346,-0.501176,0.204755,0.1,0.1,0.1
0.842529,-0.084136,0.505189,0.1,0.1,0.1
1.185031,-0.238766,0.016924,0.1,0.1,0.1
1.114321,0.175774,0.266666,0.1,0.1,0.1
0.944838,0.383375,0.512297,0.1,0.1,0.1
1.128017,0.095481,0.219483,0.1,0.1,0.1
1.005088,0.427649,0.512297,0.1,0.1,0.1
0.910425,0.667097,0.670906,0.1,0.1,0.1
1.183059,-0.562170,0.512297,0.1,0.1,0.1
0.819644,-0.504808,0.512297,0.1,0.1,0.1
0.818546,-0.213004,0.664041,0.1,0.1,0.1
0.886106,-0.644652,0.185072,0.1,0.1,0.1
1.057177,-0.155332,0.664041,0.1,0.1,0.1
0.955736,0.684809,0.193967,0.1,0.1,0.1
0.773431,-0.289283,0.185072,0.1,0.1,0.1
0.749573,-0.099992,0.519984,0.1,0.1,0.1
1.129243,-0.028769,0.487424,0.1,0.1,0.1
0.932528,0.628270,0.683724,0.1,0.1,0.1
1.242753,-0.635693,0.210498,0.1,0.1,0.1
1.243260,-0.638663,0.348226,0.1,0.1,0.1
0.782678,-0.036208,0.512297,0.1,0.1,0.1
0.681548,-0.111595,0.505438,0.1,0.1,0.1
1.038589,-0.062815,0.512297,0.1,0.1,0.1
0.941372,-0.448036,0.512297,0.1,0.1,0.1
1.141207,0.018155,0.409000,0.1,0.1,0.1
0.794256,0.079991,0.664041,0.1,0.1,0.1
0.629787,0.499482,0.185072,0.1,0.1,0.1
0.864995,0.669331,0.197368,0.1,0.1,0.1
1.167941,-0.138577,0.159976,0.1,0.1,0.1
0.780662,-0.245372,0.512297,0.1,0.1,0.1
0.702087,0.065141,0.664041,0.1,0.1,0.1
0.961347,-0.063869,0.207401,0.1,0.1,0.1
0.871260,-0.693623,0.433249,0.1,0.1,0.1
1.205516,-0.358859,0.214344,0.1,0.1,0.1
0.628632,0.485305,0.512297,0.1,0.1,0.1
1.149840,-0.408535,0.512297,0.1,0.1,0.1
1.216895,-0.425567,0.153474,0.1,0.1,0.1
0.826152,0.344047,0.683724,0.1,0.1,0.1
1.079854,-0.678009,0.410580,0.1,0.1,0.1
0.833442,-0.256939,0.512297,0.1,0.1,0.1
1.118677,-0.037032,0.367094,0.1,0.1,0.1
0.767416,-0.711336,0.600608,0.1,0.1,0.1
1.189650,-0.339250,0.185072,0.1,0.1,0.1
0.721162,0.361856,0.512297,0.1,0.1,0.1
1.060694,-0.175909,0.512297,0.1,0.1,0.1
0.700393,0.474118,0.664041,0.1,0.1,0.1
1.084690,-0.182770,0.683724,0.1,0.1,0.1
0.633760,0.436870,0.683724,0.1,0.1,0.1
1.059310,-0.420862,0.512297,0.1,0.1,0.1
1.202473,-0.341019,0.366741,0.1,0.1,0.1
0.899168,-0.640931,0.512297,0.1,0.1,0.1
1.122634,0.009976,0.576935,0.1,0.1,0.1
1.179550,-0.206635,0.439498,0.1,0.1,0.1
1.055589,0.403035,0.032997,0.1,0.1,0.1
0.613206,0.405453,0.664041,0.1,0.1,0.1
0.894159,-0.057215,0.683724,0.1,0.1,0.1
0.937962,-0.067857,0.461205,0.1,0.1,0.1
0.759564,0.565530,0.185072,0.1,0.1,0.1
1.148530,-0.024778,0.024277,0.1,0.1,0.1
0.661647,0.639789,0.683724,0.1,0.1,0.1
1.004245,0.119029,0.512297,0.1,0.1,0.1
0.935892,-0.323965,0.204755,0.1,0.1,0.1
0.968809,-0.669526,0.204755,0.1,0.1,0.1
1.184392,-0.235021,0.451477,0.1,0.1,0.1
0.760500,-0.620477,0.664041,0.1,0.1,0.1
0.821946,0.387958,0.512297,0.1,0.1,0.1
0.849309,-0.192234,0.204755,0.1,0.1,0.1
1.190922,-0.390361,0.135321,0.1,0.1,0.1
1.233523,-0.631830,0.381733,0.1,0.1,0.1
1.123271,0.123303,0.461988,0.1,0.1,0.1
1.232074,-0.631617,0.198557,0.1,0.1,0.1
0.770389,-0.394726,0.683724,0.1,0.1,0.1
1.007932,0.683729,0.193169,0.1,0.1,0.1
0.994641,0.094528,0.683724,0.1,0.1,0.1
0.548602,0.502633,0.185072,0.1,0.1,0.1
0.861757,-0.080856,0.637587,0.1,0.1,0.1
0.818324,-0.196380,0.512297,0.1,0.1,0.1
1.168361,-0.258098,0.341266,0.1,0.1,0.1
1.145067,-0.121533,0.193936,0.1,0.1,0.1
0.966037,-0.063069,0.383039,0.1,0.1,0.1
1.108273,0.094169,0.367035,0.1,0.1,0.1
0.829275,0.083892,0.204755,0.1,0.1,0.1
1.166917,-0.284448,0.512297,0.1,0.1,0.1
0.951748,0.196864,0.512297,0.1,0.1,0.1
0.751758,0.468858,0.683724,0.1,0.1,0.1
0.705768,0.635532,0.512297,0.1,0.1,0.1
0.744195,-0.100909,0.325056,0.1,0.1,0.1
1.112370,0.187214,0.284869,0.1,0.1,0.1
0.913172,-0.240175,0.512297,0.1,0.1,0.1
0.879642,-0.077805,0.671210,0.1,0.1,0.1
0.787426,-0.713505,0.204755,0.1,0.1,0.1
0.965069,0.302078,0.512297,0.1,0.1,0.1
1.075697,0.285152,0.625553,0.1,0.1,0.1
0.772235,-0.561696,0.204755,0.1,0.1,0.1
1.072698,0.419791,0.415208,0.1,0.1,0.1
1.122691,0.009647,0.660846,0.1,0.1,0.1
1.075831,-0.441019,0.664041,0.1,0.1,0.1
0.768533,-0.232724,0.204755,0.1,0.1,0.1
1.127697,0.097354,0.201282,0.1,0.1,0.1
0.886537,0.663022,0.374838,0.1,0.1,0.1
0.686513,0.260167,0.664041,0.1,0.1,0.1
1.047041,0.570203,0.547300,0.1,0.1,0.1
0.898067,0.215758,0.683724,0.1,0.1,0.1
1.210149,-0.655784,0.532185,0.1,0.1,0.1
1.132230,-0.024373,0.673882,0.1,0.1,0.1
1.193644,-0.611838,0.512297,0.1,0.1,0.1
1.068609,-0.045572,0.363281,0.1,0.1,0.1
0.975282,-0.354424,0.204755,0.1,0.1,0.1
1.052026,0.400237,0.185072,0.1,0.1,0.1
0.970429,0.131608,0.683724,0.1,0.1,0.1
1.161798,-0.464986,0.664041,0.1,0.1,0.1
0.981766,0.191383,0.512297,0.1,0.1,0.1
1.083115,0.241662,0.420634,0.1,0.1,0.1
0.935039,0.675038,0.204755,0.1,0.1,0.1
1.028778,0.677272,0.345152,0.1,0.1,0.1
1.196718,-0.424344,0.291393,0.1,0.1,0.1
1.099114,0.147866,0.552609,0.1,0.1,0.1
1.087161,0.335002,0.162779,0.1,0.1,0.1
0.890576,0.064748,0.683724,0.1,0.1,0.1
1.084323,-0.441579,0.664041,0.1,0.1,0.1
1.173426,-0.170728,0.543417,0.1,0.1,0.1
1.213077,-0.403189,0.579347,0.1,0.1,0.1
0.956421,0.694910,0.222210,0.1,0.1,0.1
1.133765,-0.668814,0.364262,0.1,0.1,0.1
1.066314,0.340155,0.118270,0.1,0.1,0.1
0.736879,-0.127567,0.512297,0.1,0.1,0.1
0.844310,-0.118918,0.512297,0.1,0.1,0.1
1.155024,-0.396667,0.512297,0.1,0.1,0.1
0.806867,-0.090219,0.265848,0.1,0.1,0.1
0.840591,-0.718822,0.513356,0.1,0.1,0.1
1.098145,-0.674889,0.576945,0.1,0.1,0.1
1.134118,-0.115445,0.512297,0.1,0.1,0.1
1.229091,-0.652553,0.510629,0.1,0.1,0.1
1.225478,-0.592947,0.672639,0.1,0.1,0.1
1.221591,-0.511629,0.192602,0.1,0.1,0.1
1.004951,0.484698,0.664041,0.1,0.1,0.1
0.964779,0.676368,0.565561,0.1,0.1,0.1
1.062229,-0.413089,0.204755,0.1,0.1,0.1
0.775027,-0.270679,0.664041,0.1,0.1,0.1
1.203500,-0.347042,0.181310,0.1,0.1,0.1
1.011628,0.197775,0.664041,0.1,0.1,0.1
0.883100,-0.077215,0.628006,0.1,0.1,0.1
0.927855,-0.683969,0.352914,0.1,0.1,0.1
0.999428,-0.541909,0.512297,0.1,0.1,0.1
0.699109,-0.056959,0.204755,0.1,0.1,0.1
0.760692,0.395318,0.204755,0.1,0.1,0.1
0.705122,-0.114364,0.185072,0.1,0.1,0.1
0.774533,0.197364,0.664041,0.1,0.1,0.1
1.052991,0.391152,0.185072,0.1,0.1,0.1
0.928628,-0.703805,0.547390,0.1,0.1,0.1
1.238380,-0.551525,0.321449,0.1,0.1,0.1
0.767597,0.290970,0.664041,0.1,0.1,0.1
1.157449,-0.077068,0.408711,0.1,0.1,0.1
0.551049,0.554679,0.683724,0.1,0.1,0.1
1.041650,-0.684526,0.511307,0.1,0.1,0.1
0.596057,0.125067,0.202290,0.1,0.1,0.1
0.841797,-0.354331,0.683724,0.1,0.1,0.1
0.902296,-0.073941,0.681855,0.1,0.1,0.1
0.808803,-0.597216,0.185072,0.1,0.1,0.1
0.678887,0.104317,0.683724,0.1,0.1,0.1
1.041448,-0.050205,0.453016,0.1,0.1,0.1
0.966376,0.640017,0.664041,0.1,0.1,0.1
0.819420,-0.088078,0.539864,0.1,0.1,0.1
0.609280,0.466610,0.664041,0.1,0.1,0.1
1.012326,0.694462,0.222105,0.1,0.1,0.1
1.187690,-0.254357,0.335983,0.1,0.1,0.1
0.733344,0.515656,0.683724,0.1,0.1,0.1
0.865011,0.659350,0.541550,0.1,0.1,0.1
0.955679,0.105314,0.185072,0.1,0.1,0.1
0.941260,0.532229,0.664041,0.1,0.1,0.1
0.995023,0.416008,0.512297,0.1,0.1,0.1
1.105157,-0.207727,0.204755,0.1,0.1,0.1
0.713177,0.320973,0.185072,0.1,0.1,0.1
0.655889,0.243349,0.664041,0.1,0.1,0.1
1.120049,-0.004795,0.185072,0.1,0.1,0.1
0.843829,0.675704,0.672974,0.1,0.1,0.1
0.749879,0.057767,0.185072,0.1,0.1,0.1
0.748163,-0.714620,0.537443,0.1,0.1,0.1
0.791143,-0.707289,0.536176,0.1,0.1,0.1
0.894250,-0.709669,0.563447,0.1,0.1,0.1
0.969689,-0.062446,0.430970,0.1,0.1,0.1
0.822241,0.652055,0.429506,0.1,0.1,0.1
0.800988,0.089204,0.512297,0.1,0.1,0.1
1.102194,0.129808,0.183961,0.1,0.1,0.1
0.677713,0.144760,0.185072,0.1,0.1,0.1
1.229020,-0.496654,0.054014,0.1,0.1,0.1
1.072701,0.238569,0.512297,0.1,0.1,0.1
1.044127,0.323607,0.512297,0.1,0.1,0.1
1.051445,-0.457399,0.512297,0.1,0.1,0.1
1.200608,-0.447143,0.540344,0.1,0.1,0.1
0.902703,-0.708227,0.525977,0.1,0.1,0.1
1.213981,-0.635163,0.332678,0.1,0.1,0.1
1.047302,-0.654083,0.683724,0.1,0.1,0.1
0.726330,0.402816,0.664041,0.1,0.1,0.1
0.848682,0.459083,0.683724,0.1,0.1,0.1
0.823510,-0.520427,0.683724,0.1,0.1,0.1
0.966111,0.129128,0.664041,0.1,0.1,0.1
0.977599,0.373447,0.185072,0.1,0.1,0.1
0.789216,-0.707617,0.594507,0.1,0.1,0.1
0.770086,-0.592469,0.185072,0.1,0.1,0.1
1.033037,0.535244,0.333214,0.1,0.1,0.1
1.000340,0.682434,0.400415,0.1,0.1,0.1
1.215114,-0.415128,0.557393,0.1,0.1,0.1
0.586271,0.611804,0.627402,0.1,0.1,0.1
1.070665,0.431708,0.098418,0.1,0.1,0.1
1.196858,-0.308104,0.411708,0.1,0.1,0.1
1.235972,-0.537412,0.105543,0.1,0.1,0.1
0.929144,0.368421,0.512297,0.1,0.1,0.1
0.962109,0.362264,0.185072,0.1,0.1,0.1
0.879385,-0.712204,0.563528,0.1,0.1,0.1
1.179279,-0.322107,0.563544,0.1,0.1,0.1
0.757892,-0.221046,0.185072,0.1,0.1,0.1
0.948850,-0.668779,0.683724,0.1,0.1,0.1
0.793437,-0.726865,0.680458,0.1,0.1,0.1
1.152604,-0.048663,0.259517,0.1,0.1,0.1
1.109062,-0.653060,0.581875,0.1,0.1,0.1
0.677066,-0.112360,0.612952,0.1,0.1,0.1
1.001601,-0.057002,0.561359,0.1,0.1,0.1
1.098243,0.270034,0.621246,0.1,0.1,0.1
0.971935,0.110608,0.204755,0.1,0.1,0.1
1.113323,0.181627,0.612779,0.1,0.1,0.1
1.158216,-0.644675,0.672496,0.1,0.1,0.1
1.138710,0.032791,0.434668,0.1,0.1,0.1
0.922464,0.568893,0.683724,0.1,0.1,0.1
0.903949,-0.688047,0.633709,0.1,0.1,0.1
1.041588,-0.050181,0.221196,0.1,0.1,0.1
0.642079,0.641291,0.604834,0.1,0.1,0.1
1.114411,-0.493851,0.204755,0.1,0.1,0.1
0.820335,-0.241598,0.204755,0.1,0.1,0.1
0.963627,0.696139,0.324965,0.1,0.1,0.1
1.081454,0.368456,0.667592,0.1,0.1,0.1
1.008724,0.677778,0.212884,0.1,0.1,0.1
0.962286,0.084579,0.664041,0.1,0.1,0.1
1.047258,-0.320245,0.683724,0.1,0.1,0.1
0.790364,-0.124276,0.512297,0.1,0.1,0.1
1.208397,-0.492812,0.169355,0.1,0.1,0.1
1.022695,0.496612,0.683724,0.1,0.1,0.1
1.145012,-0.121214,0.490263,0.1,0.1,0.1
0.791827,0.250353,0.664041,0.1,0.1,0.1
1.228626,-0.632665,0.424816,0.1,0.1,0.1
1.181447,-0.217752,0.405072,0.1,0.1,0.1
0.804594,-0.480137,0.683724,0.1,0.1,0.1
0.913229,0.264495,0.185072,0.1,0.1,0.1
0.542378,0.604317,0.397945,0.1,0.1,0.1
1.144161,-0.116222,0.457214,0.1,0.1,0.1
0.952047,-0.699810,0.446806,0.1,0.1,0.1
0.896545,0.455395,0.512297,0.1,0.1,0.1
0.778558,-0.412494,0.512297,0.1,0.1,0.1
0.985476,-0.548784,0.664041,0.1,0.1,0.1
0.765321,0.642345,0.403590,0.1,0.1,0.1
0.878478,-0.094725,0.204755,0.1,0.1,0.1
1.023830,0.589222,0.469648,0.1,0.1,0.1
1.014114,0.609514,0.204755,0.1,0.1,0.1
0.732840,0.548521,0.204755,0.1,0.1,0.1
0.664397,0.417334,0.512297,0.1,0.1,0.1
1.001934,-0.671333,0.652450,0.1,0.1,0.1
0.570782,0.629129,0.530621,0.1,0.1,0.1
1.040575,0.491052,0.160583,0.1,0.1,0.1
1.006199,0.683433,0.666349,0.1,0.1,0.1
0.844484,0.138735,0.512297,0.1,0.1,0.1
0.915904,-0.021721,0.664041,0.1,0.1,0.1
0.736637,0.334345,0.512297,0.1,0.1,0.1
0.850704,0.656910,0.581096,0.1,0.1,0.1
0.937991,-0.517358,0.664041,0.1,0.1,0.1
0.712311,-0.022534,0.512297,0.1,0.1,0.1
0.860305,-0.190181,0.204755,0.1,0.1,0.1
0.808338,-0.117629,0.204755,0.1,0.1,0.1
1.008013,-0.541147,0.204755,0.1,0.1,0.1
0.863022,-0.270568,0.683724,0.1,0.1,0.1
1.181682,-0.371763,0.204755,0.1,0.1,0.1
0.849607,0.035837,0.683724,0.1,0.1,0.1
0.794113,0.647257,0.456025,0.1,0.1,0.1
0.872457,0.382861,0.512297,0.1,0.1,0.1
0.922853,0.638479,0.512297,0.1,0.1,0.1
1.080578,0.256531,0.581147,0.1,0.1,0.1
1.017818,0.624465,0.339159,0.1,0.1,0.1
1.230462,-0.632352,0.293686,0.1,0.1,0.1
0.732227,0.656668,0.281745,0.1,0.1,0.1
1.163037,-0.109823,0.125033,0.1,0.1,0.1
0.991180,0.360179,0.664041,0.1,0.1,0.1
1.223848,-0.583390,0.338261,0.1,0.1,0.1
0.773008,-0.095995,0.638483,0.1,0.1,0.1
0.755415,0.660623,0.455281,0.1,0.1,0.1
0.971485,-0.011057,0.204755,0.1,0.1,0.1
0.898501,-0.195833,0.204755,0.1,0.1,0.1
1.009514,0.673147,0.253600,0.1,0.1,0.1
1.126993,-0.061934,0.512297,0.1,0.1,0.1
0.925926,0.391232,0.664041,0.1,0.1,0.1
1.054815,0.524627,0.418937,0.1,0.1,0.1
1.009332,-0.055684,0.471811,0.1,0.1,0.1
0.805768,-0.672806,0.204755,0.1,0.1,0.1
0.871325,-0.713579,0.293320,0.1,0.1,0.1
1.086428,0.222239,0.522930,0.1,0.1,0.1
0.720994,-0.314285,0.512297,0.1,0.1,0.1
0.894218,-0.075319,0.326238,0.1,0.1,0.1
1.154444,-0.059449,0.281354,0.1,0.1,0.1
0.985063,-0.626025,0.683724,0.1,0.1,0.1
0.584395,0.431247,0.512297,0.1,0.1,0.1
0.872155,-0.079083,0.337593,0.1,0.1,0.1
0.676812,-0.112403,0.281172,0.1,0.1,0.1
1.062556,0.479248,0.547011,0.1,0.1,0.1
1.207778,-0.489180,0.378694,0.1,0.1,0.1
0.783611,-0.324949,0.683724,0.1,0.1,0.1
1.040157,0.215875,0.512297,0.1,0.1,0.1
0.793035,-0.255994,0.664041,0.1,0.1,0.1
1.082186,-0.379366,0.512297,0.1,0.1,0.1
0.932818,0.682001,0.683724,0.1,0.1,0.1
0.897638,-0.142412,0.185072,0.1,0.1,0.1
1.129520,-0.603657,0.512297,0.1,0.1,0.1
0.886220,0.525014,0.664041,0.1,0.1,0.1
1.091034,0.312294,0.081083,0.1,0.1,0.1
1.176036,-0.186035,0.336635,0.1,0.1,0.1
0.988386,-0.540028,0.512297,0.1,0.1,0.1
0.942977,-0.358319,0.512297,0.1,0.1,0.1
1.078068,-0.596475,0.512297,0.1,0.1,0.1
1.098982,0.097733,0.664041,0.1,0.1,0.1
1.110736,0.070573,0.185072,0.1,0.1,0.1
1.060005,0.494203,0.122288,0.1,0.1,0.1
0.635942,0.121706,0.204755,0.1,0.1,0.1
0.901638,-0.688441,0.354806,0.1,0.1,0.1
0.941432,-0.478708,0.664041,0.1,0.1,0.1
0.567861,0.608664,0.296404,0.1,0.1,0.1
0.988897,0.692491,0.185072,0.1,0.1,0.1
0.664747,0.203054,0.204755,0.1,0.1,0.1
0.757181,-0.098694,0.657805,0.1,0.1,0.1
0.963798,-0.276636,0.204755,0.1,0.1,0.1
1.080744,0.372617,0.228879,0.1,0.1,0.1
0.618366,0.637246,0.242345,0.1,0.1,0.1
1.251662,-0.629393,0.106531,0.1,0.1,0.1
1.110365,0.032408,0.664041,0.1,0.1,0.1
0.846341,-0.083486,0.203819,0.1,0.1,0.1
0.897940,-0.598526,0.512297,0.1,0.1,0.1
0.785155,-0.525290,0.512297,0.1,0.1,0.1
0.904655,-0.073539,0.680426,0.1,0.1,0.1
0.777420,-0.440737,0.204755,0.1,0.1,0.1
0.535390,0.491331,0.204755,0.1,0.1,0.1
0.964092,-0.555190,0.512297,0.1,0.1,0.1
1.153492,-0.150586,0.683724,0.1,0.1,0.1
0.969506,-0.178127,0.683724,0.1,0.1,0.1
0.623630,0.618177,0.278972,0.1,0.1,0.1
0.654960,0.567856,0.683724,0.1,0.1,0.1
0.918959,-0.416510,0.512297,0.1,0.1,0.1
1.134958,-0.062271,0.320308,0.1,0.1,0.1
0.821697,-0.523232,0.185072,0.1,0.1,0.1
0.772834,-0.244404,0.664041,0.1,0.1,0.1
0.802634,0.648710,0.588084,0.1,0.1,0.1
1.229767,-0.618092,0.399259,0.1,0.1,0.1
1.019230,-0.688350,0.409296,0.1,0.1,0.1
0.586462,0.612144,0.185072,0.1,0.1,0.1
1.013297,0.704611,0.460146,0.1,0.1,0.1
1.002639,0.162834,0.512297,0.1,0.1,0.1
0.813426,0.150730,0.204755,0.1,0.1,0.1
0.816888,0.651142,0.345664,0.1,0.1,0.1
1.037092,0.368292,0.664041,0.1,0.1,0.1
0.739494,-0.024930,0.683724,0.1,0.1,0.1
0.728089,0.362525,0.512297,0.1,0.1,0.1
0.751323,-0.130602,0.664041,0.1,0.1,0.1
0.791051,0.398926,0.683724,0.1,0.1,0.1
1.193970,-0.291172,0.073466,0.1,0.1,0.1
0.681637,-0.348775,0.512297,0.1,0.1,0.1
1.028838,0.676921,0.208736,0.1,0.1,0.1
1.034571,0.526250,0.021404,0.1,0.1,0.1
1.210049,-0.502497,0.494942,0.1,0.1,0.1
0.978408,0.206001,0.512297,0.1,0.1,0.1
0.855607,-0.427585,0.512297,0.1,0.1,0.1
0.675089,-0.333682,0.204755,0.1,0.1,0.1
0.887605,-0.076447,0.536328,0.1,0.1,0.1
0.844699,-0.718121,0.606399,0.1,0.1,0.1
0.668211,0.160137,0.185072,0.1,0.1,0.1
0.868772,-0.044808,0.664041,0.1,0.1,0.1
1.065381,0.462688,0.314394,0.1,0.1,0.1
0.696169,0.650517,0.547189,0.1,0.1,0.1
0.778427,-0.460723,0.185072,0.1,0.1,0.1
0.912710,-0.034289,0.512297,0.1,0.1,0.1
1.162191,-0.104868,0.551832,0.1,0.1,0.1
1.241366,-0.569029,0.056838,0.1,0.1,0.1
1.017037,-0.556805,0.204755,0.1,0.1,0.1
0.685201,0.648646,0.363561,0.1,0.1,0.1
1.043870,0.471737,0.647517,0.1,0.1,0.1
0.841055,-0.405397,0.204755,0.1,0.1,0.1
0.730824,0.283153,0.683724,0.1,0.1,0.1
1.019587,-0.053934,0.477972,0.1,0.1,0.1
1.065648,0.461119,0.134716,0.1,0.1,0.1
1.097766,0.272825,0.327085,0.1,0.1,0.1
0.870848,-0.538598,0.204755,0.1,0.1,0.1
1.183080,-0.660402,0.566619,0.1,0.1,0.1
0.924834,0.265365,0.664041,0.1,0.1,0.1
0.758630,0.641204,0.312462,0.1,0.1,0.1
0.825502,-0.528219,0.512297,0.1,0.1,0.1
1.179429,-0.322985,0.638099,0.1,0.1,0.1
1.166327,-0.129114,0.578575,0.1,0.1,0.1
1.054964,0.523753,0.584611,0.1,0.1,0.1
1.111655,-0.392975,0.664041,0.1,0.1,0.1
0.770472,0.498065,0.185072,0.1,0.1,0.1
0.986405,-0.301913,0.664041,0.1,0.1,0.1
1.015678,0.637013,0.410625,0.1,0.1,0.1
1.077349,0.392524,0.196208,0.1,0.1,0.1
1.173116,-0.168913,0.156924,0.1,0.1,0.1
1.229883,-0.618774,0.145233,0.1,0.1,0.1
1.200820,-0.331330,0.102104,0.1,0.1,0.1
0.771351,0.022195,0.664041,0.1,0.1,0.1
0.781591,0.177768,0.683724,0.1,0.1,0.1
1.153212,-0.196660,0.664041,0.1,0.1,0.1
0.650312,-0.116923,0.370639,0.1,0.1,0.1
0.738657,-0.472841,0.204755,0.1,0.1,0.1
0.671625,-0.113288,0.590296,0.1,0.1,0.1
1.208295,-0.466791,0.664041,0.1,0.1,0.1
1.177043,-0.191938,0.280712,0.1,0.1,0.1
0.766551,-0.097096,0.513025,0.1,0.1,0.1
1.092897,-0.180915,0.683724,0.1,0.1,0.1
1.008058,-0.670289,0.416066,0.1,0.1,0.1
1.073279,0.357851,0.185164,0.1,0.1,0.1
0.979174,0.678823,0.642204,0.1,0.1,0.1
1.193056,-0.285813,0.236831,0.1,0.1,0.1
0.752590,0.660141,0.538552,0.1,0.1,0.1
0.771625,0.240232,0.512297,0.1,0.1,0.1
0.731549,0.436521,0.683724,0.1,0.1,0.1
1.040944,0.547420,0.679383,0.1,0.1,0.1
1.232877,-0.519267,0.149066,0.1,0.1,0.1
1.139491,0.028215,0.577531,0.1,0.1,0.1
0.815891,0.048863,0.664041,0.1,0.1,0.1
0.809406,-0.238593,0.204755,0.1,0.1,0.1
1.007993,0.255647,0.512297,0.1,0.1,0.1
0.833214,-0.680025,0.204755,0.1,0.1,0.1
1.135148,0.053675,0.539936,0.1,0.1,0.1
1.156874,-0.160968,0.204755,0.1,0.1,0.1
0.827703,0.652986,0.185169,0.1,0.1,0.1
0.898089,-0.497631,0.683724,0.1,0.1,0.1
0.957473,-0.698884,0.220557,0.1,0.1,0.1
1.013477,-0.054977,0.523096,0.1,0.1,0.1
1.159149,-0.398599,0.664041,0.1,0.1,0.1
1.165778,-0.392028,0.512297,0.1,0.1,0.1
1.138298,-0.081849,0.362007,0.1,0.1,0.1
1.141071,-0.234009,0.204755,0.1,0.1,0.1
0.687369,0.346601,0.204755,0.1,0.1,0.1
1.131767,-0.125091,0.683724,0.1,0.1,0.1
0.708401,-0.353447,0.664041,0.1,0.1,0.1
0.898167,-0.074645,0.219843,0.1,0.1,0.1
1.082731,-0.225387,0.512297,0.1,0.1,0.1
1.124955,0.113429,0.322928,0.1,0.1,0.1
0.881784,0.466851,0.512297,0.1,0.1,0.1
0.968271,-0.677075,0.621743,0.1,0.1,0.1
0.930424,-0.069143,0.428638,0.1,0.1,0.1
1.118082,-0.037134,0.628600,0.1,0.1,0.1
0.823476,0.158864,0.664041,0.1,0.1,0.1
0.736897,-0.321170,0.185072,0.1,0.1,0.1
1.025725,-0.052887,0.657998,0.1,0.1,0.1
1.086998,0.025227,0.683724,0.1,0.1,0.1
1.110838,0.046532,0.512297,0.1,0.1,0.1
0.886290,-0.630489,0.664041,0.1,0.1,0.1
0.991391,0.002210,0.512297,0.1,0.1,0.1
0.748403,0.659427,0.544523,0.1,0.1,0.1
0.666244,0.645413,0.246805,0.1,0.1,0.1
0.757938,0.486952,0.512297,0.1,0.1,0.1
1.021924,0.600395,0.520720,0.1,0.1,0.1
0.616399,0.616943,0.439322,0.1,0.1,0.1
0.964007,0.034051,0.185072,0.1,0.1,0.1
0.758932,0.569760,0.512297,0.1,0.1,0.1
0.911045,-0.361887,0.512297,0.1,0.1,0.1
0.813780,-0.222270,0.664041,0.1,0.1,0.1
1.210668,-0.430690,0.000000,0.1,0.1,0.1
1.048381,0.562350,0.446733,0.1,0.1,0.1
0.941192,-0.354926,0.664041,0.1,0.1,0.1
0.845066,-0.041435,0.683724,0.1,0.1,0.1
0.946305,0.635335,0.683724,0.1,0.1,0.1
0.843727,-0.083932,0.363786,0.1,0.1,0.1
0.713963,-0.106066,0.246261,0.1,0.1,0.1
1.193532,-0.288602,0.652247,0.1,0.1,0.1
0.657109,-0.013656,0.512297,0.1,0.1,0.1
0.928198,0.690096,0.625339,0.1,0.1,0.1
0.604614,0.614933,0.473908,0.1,0.1,0.1
0.796433,-0.618493,0.683724,0.1,0.1,0.1
1.132565,-0.447603,0.512297,0.1,0.1,0.1
0.978329,-0.695327,0.409025,0.1,0.1,0.1
1.244146,-0.643859,0.368121,0.1,0.1,0.1
0.914355,0.056355,0.664041,0.1,0.1,0.1
1.094003,0.177831,0.628870,0.1,0.1,0.1
0.681996,-0.148209,0.512297,0.1,0.1,0.1
0.712997,0.007642,0.512297,0.1,0.1,0.1
1.128053,-0.021788,0.461560,0.1,0.1,0.1
1.062798,0.477826,0.026067,0.1,0.1,0.1
1.116679,0.161947,0.519871,0.1,0.1,0.1
0.831689,-0.700373,0.496054,0.1,0.1,0.1
0.931184,0.150263,0.204755,0.1,0.1,0.1
1.213782,-0.524380,0.212057,0.1,0.1,0.1
1.011560,0.431272,0.664041,0.1,0.1,0.1
1.218179,-0.550159,0.224428,0.1,0.1,0.1
0.729967,0.380994,0.204755,0.1,0.1,0.1
1.030457,-0.400033,0.185072,0.1,0.1,0.1
0.702973,0.202908,0.512297,0.1,0.1,0.1
0.816576,0.666008,0.185072,0.1,0.1,0.1
1.112263,0.070782,0.542544,0.1,0.1,0.1
0.840498,-0.076115,0.683724,0.1,0.1,0.1
1.136303,-0.070154,0.122643,0.1,0.1,0.1
1.178908,-0.202871,0.018286,0.1,0.1,0.1
1.150564,-0.036703,0.074210,0.1,0.1,0.1
0.955202,0.389857,0.664041,0.1,0.1,0.1
1.093061,-0.655789,0.452699,0.1,0.1,0.1
1.095190,0.076528,0.512297,0.1,0.1,0.1
0.888682,-0.710619,0.212709,0.1,0.1,0.1
1.155435,-0.065258,0.217630,0.1,0.1,0.1
0.622596,0.618000,0.239514,0.1,0.1,0.1
0.574904,0.629833,0.288941,0.1,0.1,0.1
0.942112,0.665474,0.185072,0.1,0.1,0.1
0.913186,0.049076,0.683724,0.1,0.1,0.1
0.736211,-0.311149,0.683724,0.1,0.1,0.1
0.591592,0.151246,0.185324,0.1,0.1,0.1
1.151971,-0.428779,0.512297,0.1,0.1,0.1
0.917918,-0.686101,0.185072,0.1,0.1,0.1
1.170573,-0.154005,0.466281,0.1,0.1,0.1
0.762919,-0.344000,0.512297,0.1,0.1,0.1
0.780424,-0.663701,0.204755,0.1,0.1,0.1
0.984396,-0.674325,0.542179,0.1,0.1,0.1
0.893166,0.595241,0.664041,0.1,0.1,0.1
1.192332,-0.658823,0.569412,0.1,0.1,0.1
1.037277,0.627447,0.078165,0.1,0.1,0.1
0.758832,0.641239,0.595529,0.1,0.1,0.1
1.223482,-0.464184,0.455309,0.1,0.1,0.1
1.086781,0.337227,0.503091,0.1,0.1,0.1
0.717359,0.634164,0.198711,0.1,0.1,0.1
0.766699,-0.031763,0.683724,0.1,0.1,0.1
0.695017,0.579199,0.512297,0.1,0.1,0.1
0.854468,-0.696487,0.350300,0.1,0.1,0.1
0.997186,-0.097140,0.512297,0.1,0.1,0.1
0.789508,-0.557676,0.683724,0.1,0.1,0.1
1.111282,0.193588,0.642878,0.1,0.1,0.1
0.805293,0.529913,0.512297,0.1,0.1,0.1
1.222398,-0.457828,0.017764,0.1,0.1,0.1
0.982366,0.664287,0.512297,0.1,0.1,0.1
0.908634,0.666791,0.354051,0.1,0.1,0.1
1.034371,0.156336,0.512297,0.1,0.1,0.1
0.665399,0.349951,0.512297,0.1,0.1,0.1
0.894912,-0.075201,0.441921,0.1,0.1,0.1
0.865972,-0.451249,0.683724,0.1,0.1,0.1
0.838589,-0.225471,0.204755,0.1,0.1,0.1
1.154488,-0.059708,0.644216,0.1,0.1,0.1
0.719124,0.483608,0.512297,0.1,0.1,0.1
0.962321,-0.678090,0.187153,0.1,0.1,0.1
0.720279,0.345604,0.204755,0.1,0.1,0.1
1.013829,0.593212,0.185072,0.1,0.1,0.1
1.123064,0.007457,0.578691,0.1,0.1,0.1
1.061864,0.298279,0.204755,0.1,0.1,0.1
1.030678,0.099994,0.683724,0.1,0.1,0.1
1.023956,-0.053189,0.374360,0.1,0.1,0.1
0.902453,0.658848,0.683724,0.1,0.1,0.1
0.915176,-0.706099,0.533355,0.1,0.1,0.1
0.975018,0.678115,0.601650,0.1,0.1,0.1
0.896589,-0.019586,0.185072,0.1,0.1,0.1
1.161444,-0.625061,0.512297,0.1,0.1,0.1
0.628249,0.413061,0.512297,0.1,0.1,0.1
1.111699,-0.160814,0.512297,0.1,0.1,0.1
0.731056,0.155872,0.185072,0.1,0.1,0.1
0.753660,0.093932,0.204755,0.1,0.1,0.1
0.707376,-0.122549,0.204755,0.1,0.1,0.1
1.106692,0.220498,0.436622,0.1,0.1,0.1
0.784144,-0.519499,0.512297,0.1,0.1,0.1
1.035975,0.635080,0.570498,0.1,0.1,0.1
1.057154,-0.681881,0.510096,0.1,0.1,0.1
0.851766,-0.309376,0.185072,0.1,0.1,0.1
1.094271,0.176257,0.149306,0.1,0.1,0.1
0.971999,-0.311318,0.185072,0.1,0.1,0.1
1.060078,0.376717,0.055645,0.1,0.1,0.1
1.244453,-0.587131,0.505703,0.1,0.1,0.1
0.836906,-0.244293,0.512297,0.1,0.1,0.1
0.741222,0.551568,0.512297,0.1,0.1,0.1
0.877629,-0.712504,0.448248,0.1,0.1,0.1
1.119385,0.087555,0.672276,0.1,0.1,0.1
0.959588,0.411777,0.683724,0.1,0.1,0.1
1.040325,0.492519,0.407480,0.1,0.1,0.1
1.030413,0.550626,0.422168,0.1,0.1,0.1
0.851490,0.677011,0.665459,0.1,0.1,0.1
0.725362,-0.186044,0.185072,0.1,0.1,0.1
0.962127,0.160899,0.664041,0.1,0.1,0.1
0.679873,-0.111881,0.216305,0.1,0.1,0.1
1.108062,-0.508167,0.204755,0.1,0.1,0.1
1.126546,-0.012956,0.097401,0.1,0.1,0.1
0.619886,0.637505,0.613418,0.1,0.1,0.1
0.873882,0.498491,0.512297,0.1,0.1,0.1
0.833932,-0.522718,0.664041,0.1,0.1,0.1
1.021876,0.600676,0.208378,0.1,0.1,0.1
1.045594,0.578690,0.058088,0.1,0.1,0.1
0.905229,-0.066852,0.204755,0.1,0.1,0.1
1.054238,0.043953,0.512297,0.1,0.1,0.1
0.852006,-0.442306,0.512297,0.1,0.1,0.1
0.617013,0.499166,0.512297,0.1,0.1,0.1
0.560552,0.410098,0.664041,0.1,0.1,0.1
0.959921,0.685523,0.200431,0.1,0.1,0.1
1.057932,-0.000856,0.512297,0.1,0.1,0.1
0.960191,-0.064066,0.499499,0.1,0.1,0.1
1.012186,-0.200018,0.185072,0.1,0.1,0.1
0.938709,0.496200,0.185072,0.1,0.1,0.1
0.726784,0.338543,0.664041,0.1,0.1,0.1
0.962430,0.153626,0.204755,0.1,0.1,0.1
1.015586,0.695018,0.404280,0.1,0.1,0.1
0.945988,0.140982,0.185072,0.1,0.1,0.1
0.804276,0.668958,0.479492,0.1,0.1,0.1
0.656814,0.581154,0.204755,0.1,0.1,0.1
0.863029,0.678979,0.493263,0.1,0.1,0.1
1.077654,-0.044030,0.619248,0.1,0.1,0.1
0.853063,0.227953,0.512297,0.1,0.1,0.1
0.886747,-0.156798,0.185072,0.1,0.1,0.1
1.249329,-0.615717,0.456845,0.1,0.1,0.1
1.103544,0.121893,0.665712,0.1,0.1,0.1
1.087932,0.213422,0.191907,0.1,0.1,0.1
0.638510,-0.118936,0.472849,0.1,0.1,0.1
0.751695,-0.011946,0.512297,0.1,0.1,0.1
1.225728,-0.477353,0.617837,0.1,0.1,0.1
1.192396,-0.438876,0.204755,0.1,0.1,0.1
1.116112,0.048214,0.468170,0.1,0.1,0.1
1.013608,-0.527310,0.512297,0.1,0.1,0.1
1.088836,-0.676477,0.471192,0.1,0.1,0.1
1.035674,0.519785,0.660300,0.1,0.1,0.1
0.603447,0.488911,0.204755,0.1,0.1,0.1
0.978615,0.678728,0.323333,0.1,0.1,0.1
0.876994,-0.645200,0.512297,0.1,0.1,0.1
0.975161,-0.405532,0.204755,0.1,0.1,0.1
0.663174,0.357243,0.185072,0.1,0.1,0.1
0.930095,-0.069199,0.185959,0.1,0.1,0.1
1.018357,0.561771,0.683724,0.1,0.1,0.1
1.084012,-0.042945,0.484266,0.1,0.1,0.1
1.067795,-0.045711,0.566120,0.1,0.1,0.1
0.926169,0.669782,0.359444,0.1,0.1,0.1
0.950118,0.047070,0.664041,0.1,0.1,0.1
1.195058,-0.381673,0.512297,0.1,0.1,0.1
0.996077,0.681707,0.505932,0.1,0.1,0.1
1.157063,-0.498296,0.664041,0.1,0.1,0.1
0.817279,0.671176,0.404620,0.1,0.1,0.1
1.145890,-0.009303,0.326297,0.1,0.1,0.1
0.793779,0.556706,0.683724,0.1,0.1,0.1
0.651023,0.308502,0.512297,0.1,0.1,0.1
0.712379,0.304857,0.664041,0.1,0.1,0.1
0.905034,-0.151771,0.512297,0.1,0.1,0.1
1.037921,0.623673,0.493883,0.1,0.1,0.1
1.218448,-0.551732,0.340594,0.1,0.1,0.1
1.134658,-0.388168,0.512297,0.1,0.1,0.1
0.603873,0.634774,0.270215,0.1,0.1,0.1
1.080184,0.145508,0.185072,0.1,0.1,0.1
1.056700,0.393534,0.512297,0.1,0.1,0.1
0.968555,0.119054,0.512297,0.1,0.1,0.1
0.637747,-0.119067,0.372463,0.1,0.1,0.1
0.708220,-0.107046,0.252521,0.1,0.1,0.1
0.689071,-0.337530,0.683724,0.1,0.1,0.1
1.213124,-0.520519,0.353171,0.1,0.1,0.1
1.237692,-0.618690,0.512297,0.1,0.1,0.1
0.665510,0.501271,0.185072,0.1,0.1,0.1
1.166342,-0.663257,0.512682,0.1,0.1,0.1
1.015709,0.636830,0.188484,0.1,0.1,0.1
1.142104,-0.104167,0.074291,0.1,0.1,0.1
0.746244,-0.589245,0.512297,0.1,0.1,0.1
1.167197,-0.251271,0.376348,0.1,0.1,0.1
0.593105,0.566653,0.683724,0.1,0.1,0.1
0.876958,0.661388,0.584538,0.1,0.1,0.1
1.066430,0.339475,0.437284,0.1,0.1,0.1
0.794135,-0.356879,0.512297,0.1,0.1,0.1
1.072178,0.219246,0.512297,0.1,0.1,0.1
0.672799,0.304540,0.204755,0.1,0.1,0.1
1.045349,0.580126,0.190203,0.1,0.1,0.1
1.037704,0.423364,0.683724,0.1,0.1,0.1
0.700125,0.379647,0.204755,0.1,0.1,0.1
0.645808,-0.117692,0.277923,0.1,0.1,0.1
0.671778,0.407591,0.204755,0.1,0.1,0.1
0.734619,-0.412603,0.204755,0.1,0.1,0.1
1.119259,0.146822,0.044793,0.1,0.1,0.1
1.070597,-0.495121,0.204755,0.1,0.1,0.1
0.587890,0.486165,0.664041,0.1,0.1,0.1
0.838221,-0.699258,0.241824,0.1,0.1,0.1
0.909010,0.591255,0.185072,0.1,0.1,0.1
0.609180,0.308891,0.185072,0.1,0.1,0.1
1.244938,-0.589971,0.515108,0.1,0.1,0.1
0.880475,-0.077663,0.454319,0.1,0.1,0.1
0.919496,-0.172079,0.185072,0.1,0.1,0.1
0.679838,-0.280803,0.512297,0.1,0.1,0.1
1.134848,0.055433,0.498314,0.1,0.1,0.1
1.032275,0.539711,0.665605,0.1,0.1,0.1
0.984673,0.699729,0.567763,0.1,0.1,0.1
1.155388,-0.182043,0.345077,0.1,0.1,0.1
0.668822,-0.289962,0.512297,0.1,0.1,0.1
0.853652,0.657724,0.512297,0.1,0.1,0.1
0.782648,-0.523470,0.185072,0.1,0.1,0.1
0.894518,-0.240118,0.512297,0.1,0.1,0.1
0.729738,0.443117,0.512297,0.1,0.1,0.1
0.796275,0.667593,0.500971,0.1,0.1,0.1
0.988453,-0.673633,0.539592,0.1,0.1,0.1
0.962939,-0.273521,0.512297,0.1,0.1,0.1
1.181540,-0.638688,0.512297,0.1,0.1,0.1
0.949923,-0.065817,0.327244,0.1,0.1,0.1
0.626620,0.155192,0.683724,0.1,0.1,0.1
0.758362,0.466266,0.512297,0.1,0.1,0.1
1.006804,0.703504,0.224255,0.1,0.1,0.1
1.034365,-0.571082,0.664041,0.1,0.1,0.1
1.032478,-0.421837,0.185072,0.1,0.1,0.1
0.973840,0.677914,0.537083,0.1,0.1,0.1
1.071223,0.428437,0.317733,0.1,0.1,0.1
0.830893,0.326693,0.683724,0.1,0.1,0.1
0.856006,-0.704893,0.683724,0.1,0.1,0.1
1.113204,0.005422,0.664041,0.1,0.1,0.1
0.913959,-0.008439,0.664041,0.1,0.1,0.1
1.089832,-0.517143,0.512297,0.1,0.1,0.1
0.850038,-0.082855,0.467470,0.1,0.1,0.1
1.091631,0.191732,0.135578,0.1,0.1,0.1
0.657367,-0.023557,0.512297,0.1,0.1,0.1
1.058448,-0.524207,0.664041,0.1,0.1,0.1
1.156882,-0.378056,0.185072,0.1,0.1,0.1
0.578132,0.535844,0.512297,0.1,0.1,0.1
0.998146,0.135945,0.683724,0.1,0.1,0.1
1.094797,0.212875,0.204755,0.1,0.1,0.1
1.228932,-0.652580,0.419173,0.1,0.1,0.1
1.056392,-0.216131,0.185072,0.1,0.1,0.1
0.629728,0.456898,0.512297,0.1,0.1,0.1
1.122771,0.009178,0.413164,0.1,0.1,0.1
0.795285,-0.311881,0.512297,0.1,0.1,0.1
0.646755,0.077039,0.683724,0.1,0.1,0.1
0.851969,-0.001492,0.204755,0.1,0.1,0.1
0.868294,0.367603,0.204755,0.1,0.1,0.1
1.068801,-0.133559,0.512297,0.1,0.1,0.1
0.879002,-0.275309,0.512297,0.1,0.1,0.1
1.108897,0.079322,0.204755,0.1,0.1,0.1
0.570915,0.572689,0.683724,0.1,0.1,0.1
0.798949,0.460717,0.185072,0.1,0.1,0.1
0.638275,0.531183,0.683724,0.1,0.1,0.1
1.032899,0.536054,0.423544,0.1,0.1,0.1
0.752273,-0.576142,0.204755,0.1,0.1,0.1
0.820461,0.622746,0.512297,0.1,0.1,0.1
0.752556,0.640168,0.351673,0.1,0.1,0.1
1.194099,-0.408984,0.091580,0.1,0.1,0.1
0.889019,0.663445,0.534448,0.1,0.1,0.1
1.074356,0.410072,0.445661,0.1,0.1,0.1
0.961544,0.060512,0.185072,0.1,0.1,0.1
0.897240,0.009379,0.204755,0.1,0.1,0.1
0.763026,-0.057481,0.185072,0.1,0.1,0.1
0.846502,-0.717813,0.245586,0.1,0.1,0.1
0.912748,-0.686546,0.398322,0.1,0.1,0.1
1.244953,-0.590061,0.365802,0.1,0.1,0.1
0.810513,-0.507987,0.185072,0.1,0.1,0.1
1.138192,-0.081233,0.053452,0.1,0.1,0.1
0.692473,0.185889,0.512297,0.1,0.1,0.1
0.970652,-0.088429,0.204755,0.1,0.1,0.1
1.087035,-0.656817,0.366760,0.1,0.1,0.1
1.046357,-0.585531,0.664041,0.1,0.1,0.1
0.927780,0.064837,0.204755,0.1,0.1,0.1
1.124907,-0.650357,0.282006,0.1,0.1,0.1
0.786278,0.251020,0.185072,0.1,0.1,0.1
0.764844,-0.714375,0.512297,0.1,0.1,0.1
1.018142,-0.207322,0.204755,0.1,0.1,0.1
1.235069,-0.651534,0.505461,0.1,0.1,0.1
0.679885,0.164683,0.512297,0.1,0.1,0.1
0.811271,0.262860,0.512297,0.1,0.1,0.1
1.061141,0.487543,0.565388,0.1,0.1,0.1
0.724694,0.514639,0.664041,0.1,0.1,0.1
1.055595,0.520055,0.618761,0.1,0.1,0.1
0.521644,0.620748,0.587588,0.1,0.1,0.1
1.182393,-0.340361,0.064955,0.1,0.1,0.1
0.852290,-0.716826,0.268494,0.1,0.1,0.1
0.581449,0.413708,0.512297,0.1,0.1,0.1
0.832648,-0.436416,0.185072,0.1,0.1,0.1
1.034092,-0.656737,0.664041,0.1,0.1,0.1
0.898632,-0.103497,0.664041,0.1,0.1,0.1
1.085469,0.003458,0.185072,0.1,0.1,0.1
1.198446,-0.317410,0.515285,0.1,0.1,0.1
1.147877,-0.138010,0.003881,0.1,0.1,0.1
0.982457,0.699351,0.445644,0.1,0.1,0.1
0.842050,-0.520001,0.185072,0.1,0.1,0.1
0.617556,-0.000971,0.192810,0.1,0.1,0.1
0.698161,0.615830,0.664041,0.1,0.1,0.1
1.074199,0.410991,0.164695,0.1,0.1,0.1
1.190516,-0.478800,0.512297,0.1,0.1,0.1
1.113364,0.064322,0.077571,0.1,0.1,0.1
0.921838,0.689011,0.264396,0.1,0.1,0.1
1.098502,0.268512,0.340646,0.1,0.1,0.1
1.165719,-0.218389,0.204755,0.1,0.1,0.1
1.073362,-0.004543,0.683724,0.1,0.1,0.1
1.058518,0.183321,0.512297,0.1,0.1,0.1
1.214461,-0.469829,0.682692,0.1,0.1,0.1
0.951699,-0.699869,0.208818,0.1,0.1,0.1
1.015438,-0.688997,0.303529,0.1,0.1,0.1
1.041675,-0.250789,0.664041,0.1,0.1,0.1
1.035369,0.638630,0.172484,0.1,0.1,0.1
0.948187,-0.283957,0.664041,0.1,0.1,0.1
1.043924,0.193646,0.204755,0.1,0.1,0.1
1.041768,0.484058,0.412451,0.1,0.1,0.1
1.019903,0.407991,0.664041,0.1,0.1,0.1
1.016875,0.357029,0.664041,0.1,0.1,0.1
1.041547,0.602411,0.342460,0.1,0.1,0.1
1.089108,-0.395905,0.512297,0.1,0.1,0.1
0.905488,0.686222,0.341562,0.1,0.1,0.1
0.708813,0.113694,0.512297,0.1,0.1,0.1
0.587081,0.177689,0.672181,0.1,0.1,0.1
0.848380,-0.153085,0.664041,0.1,0.1,0.1
0.905992,0.666340,0.252040,0.1,0.1,0.1
0.784551,0.402246,0.512297,0.1,0.1,0.1
1.019039,0.617309,0.629279,0.1,0.1,0.1
1.102724,-0.579708,0.664041,0.1,0.1,0.1
0.923908,0.625447,0.512297,0.1,0.1,0.1
0.651800,0.595061,0.185072,0.1,0.1,0.1
0.528891,0.618088,0.185072,0.1,0.1,0.1
1.094793,0.290256,0.048148,0.1,0.1,0.1
1.066477,-0.198017,0.664041,0.1,0.1,0.1
0.721338,-0.609397,0.190856,0.1,0.1,0.1
1.085368,-0.677069,0.468854,0.1,0.1,0.1
0.748877,-0.633539,0.683724,0.1,0.1,0.1
1.084625,0.232809,0.478788,0.1,0.1,0.1
0.760450,-0.392352,0.512297,0.1,0.1,0.1
1.039613,0.613752,0.565203,0.1,0.1,0.1
1.109778,0.202406,0.093179,0.1,0.1,0.1
0.840723,0.204656,0.185072,0.1,0.1,0.1
0.846022,0.119720,0.512297,0.1,0.1,0.1
1.039642,0.496521,0.075689,0.1,0.1,0.1
1.182935,-0.343540,0.178557,0.1,0.1,0.1
1.086358,0.222651,0.461043,0.1,0.1,0.1
0.797536,-0.091811,0.643887,0.1,0.1,0.1
1.017565,0.625948,0.594489,0.1,0.1,0.1
0.616824,0.328863,0.204755,0.1,0.1,0.1
1.070791,0.145310,0.512297,0.1,0.1,0.1
1.242002,-0.631291,0.377039,0.1,0.1,0.1
0.703740,0.584143,0.204755,0.1,0.1,0.1
0.795324,0.572642,0.683724,0.1,0.1,0.1
1.243013,-0.637215,0.541177,0.1,0.1,0.1
1.204966,-0.633833,0.512297,0.1,0.1,0.1
0.660595,0.624482,0.554325,0.1,0.1,0.1
1.141628,0.015688,0.041594,0.1,0.1,0.1
0.969245,0.677130,0.472070,0.1,0.1,0.1
0.870826,-0.079309,0.277128,0.1,0.1,0.1
0.641267,0.064264,0.512297,0.1,0.1,0.1
1.036765,-0.134166,0.664041,0.1,0.1,0.1
0.642490,-0.147148,0.191109,0.1,0.1,0.1
0.725272,0.289680,0.512297,0.1,0.1,0.1
0.962657,-0.097188,0.204755,0.1,0.1,0.1
1.007063,-0.069496,0.185072,0.1,0.1,0.1
0.710325,0.278518,0.185072,0.1,0.1,0.1
1.061151,-0.046845,0.237907,0.1,0.1,0.1
0.844327,-0.083829,0.552397,0.1,0.1,0.1
0.971990,-0.053853,0.664041,0.1,0.1,0.1
1.185331,-0.240527,0.306111,0.1,0.1,0.1
0.541002,0.474376,0.204755,0.1,0.1,0.1
0.973904,0.677925,0.664468,0.1,0.1,0.1
0.834471,0.534616,0.512297,0.1,0.1,0.1
0.607369,0.615403,0.405142,0.1,0.1,0.1
0.582862,0.461976,0.512297,0.1,0.1,0.1
0.735330,-0.207534,0.664041,0.1,0.1,0.1
0.677060,0.627291,0.313567,0.1,0.1,0.1
1.061395,0.486052,0.435906,0.1,0.1,0.1
1.073870,0.412921,0.287649,0.1,0.1,0.1
0.899191,0.685148,0.369754,0.1,0.1,0.1
0.582276,0.325599,0.185072,0.1,0.1,0.1
1.025197,0.101581,0.683724,0.1,0.1,0.1
0.842815,-0.698475,0.678103,0.1,0.1,0.1
1.077353,0.275440,0.410267,0.1,0.1,0.1
0.902185,0.685658,0.297752,0.1,0.1,0.1
1.016599,-0.658005,0.683724,0.1,0.1,0.1
1.084806,-0.042810,0.532631,0.1,0.1,0.1
1.047181,-0.003134,0.204755,0.1,0.1,0.1
0.715848,0.486814,0.185072,0.1,0.1,0.1
0.706526,0.642300,0.677656,0.1,0.1,0.1
0.730985,0.595174,0.683724,0.1,0.1,0.1
0.594190,0.437916,0.664041,0.1,0.1,0.1
0.693747,-0.340623,0.512297,0.1,0.1,0.1
0.770198,0.136958,0.683724,0.1,0.1,0.1
1.204843,-0.604017,0.512297,0.1,0.1,0.1
1.113200,0.065286,0.275760,0.1,0.1,0.1
0.874323,0.440700,0.683724,0.1,0.1,0.1
0.981211,0.679171,0.601139,0.1,0.1,0.1
0.524410,0.608538,0.185072,0.1,0.1,0.1
1.019968,-0.053869,0.371542,0.1,0.1,0.1
0.819190,0.283342,0.512297,0.1,0.1,0.1
0.873575,0.400696,0.204755,0.1,0.1,0.1
0.619046,0.153668,0.204755,0.1,0.1,0.1
0.595878,0.567373,0.512297,0.1,0.1,0.1
0.837284,-0.699418,0.426304,0.1,0.1,0.1
1.125201,-0.005072,0.303705,0.1,0.1,0.1
0.672447,-0.113148,0.339975,0.1,0.1,0.1
0.538190,0.464315,0.670951,0.1,0.1,0.1
0.665520,-0.255582,0.664041,0.1,0.1,0.1
0.585279,0.631602,0.563423,0.1,0.1,0.1
1.217733,-0.430480,0.122589,0.1,0.1,0.1
0.722844,-0.390762,0.683724,0.1,0.1,0.1
0.913318,0.042613,0.512297,0.1,0.1,0.1
1.115857,0.166768,0.327838,0.1,0.1,0.1
1.150279,-0.152091,0.385035,0.1,0.1,0.1
0.881131,-0.711906,0.215334,0.1,0.1,0.1
0.859812,0.057885,0.512297,0.1,0.1,0.1
0.884154,0.409287,0.185072,0.1,0.1,0.1
0.754377,-0.086017,0.204755,0.1,0.1,0.1
1.001933,0.513982,0.512297,0.1,0.1,0.1
0.762940,-0.511449,0.683724,0.1,0.1,0.1
0.910497,-0.072542,0.274793,0.1,0.1,0.1
1.074576,0.339487,0.673882,0.1,0.1,0.1
0.724704,-0.104234,0.253121,0.1,0.1,0.1
0.961459,0.695769,0.473715,0.1,0.1,0.1
0.941650,0.692390,0.339478,0.1,0.1,0.1
1.033960,-0.655316,0.512297,0.1,0.1,0.1
0.741912,-0.730009,0.253984,0.1,0.1,0.1
0.530702,0.622293,0.520527,0.1,0.1,0.1
0.698331,0.416290,0.512297,0.1,0.1,0.1
1.115182,0.053667,0.440018,0.1,0.1,0.1
0.967489,-0.132144,0.512297,0.1,0.1,0.1
0.959917,-0.409820,0.664041,0.1,0.1,0.1
1.242585,-0.576178,0.035878,0.1,0.1,0.1
0.813815,-0.499262,0.512297,0.1,0.1,0.1
1.130881,0.078692,0.615802,0.1,0.1,0.1
0.775565,0.664060,0.589708,0.1,0.1,0.1
0.726125,0.485097,0.204755,0.1,0.1,0.1
0.944250,0.210101,0.204755,0.1,0.1,0.1
1.088428,-0.656579,0.609097,0.1,0.1,0.1
1.041898,-0.414634,0.512297,0.1,0.1,0.1
1.078201,0.304315,0.664041,0.1,0.1,0.1
0.967549,-0.047734,0.683724,0.1,0.1,0.1
0.850019,-0.082858,0.605012,0.1,0.1,0.1
1.232450,-0.516764,0.209392,0.1,0.1,0.1
1.135253,-0.233807,0.664041,0.1,0.1,0.1
0.796354,0.647639,0.229061,0.1,0.1,0.1
0.911095,-0.072440,0.428484,0.1,0.1,0.1
1.114065,0.060215,0.600663,0.1,0.1,0.1
1.093455,-0.675689,0.321202,0.1,0.1,0.1
1.035561,0.520449,0.184662,0.1,0.1,0.1
0.904865,-0.687891,0.466272,0.1,0.1,0.1
1.040705,-0.345844,0.683724,0.1,0.1,0.1
0.653063,-0.090954,0.664041,0.1,0.1,0.1
0.774990,-0.095656,0.391701,0.1,0.1,0.1
1.107379,-0.592053,0.204755,0.1,0.1,0.1
0.582151,0.591009,0.512297,0.1,0.1,0.1
1.040172,0.424386,0.683724,0.1,0.1,0.1
0.976585,-0.695624,0.216558,0.1,0.1,0.1
0.945345,0.431370,0.664041,0.1,0.1,0.1
1.056417,-0.392490,0.664041,0.1,0.1,0.1
1.066348,0.339960,0.089528,0.1,0.1,0.1
0.739312,0.483573,0.204755,0.1,0.1,0.1
0.850149,-0.056478,0.664041,0.1,0.1,0.1
1.099648,0.144734,0.307444,0.1,0.1,0.1
0.873106,-0.078920,0.639739,0.1,0.1,0.1
0.830583,0.664369,0.185072,0.1,0.1,0.1
0.991802,-0.058674,0.318816,0.1,0.1,0.1
1.114508,0.174679,0.388214,0.1,0.1,0.1
1.054458,0.409664,0.619198,0.1,0.1,0.1
0.716537,-0.257318,0.185072,0.1,0.1,0.1
1.086879,0.336651,0.045786,0.1,0.1,0.1
1.073728,0.089329,0.204755,0.1,0.1,0.1
0.916489,0.668131,0.379098,0.1,0.1,0.1
0.672648,-0.049436,0.683724,0.1,0.1,0.1
1.128376,-0.230849,0.185072,0.1,0.1,0.1
0.653138,0.001615,0.683724,0.1,0.1,0.1
0.717591,-0.536252,0.204755,0.1,0.1,0.1
0.982283,0.046463,0.512297,0.1,0.1,0.1
0.771403,0.643383,0.650533,0.1,0.1,0.1
0.945556,0.693056,0.324260,0.1,0.1,0.1
1.054711,0.408177,0.512381,0.1,0.1,0.1
1.114175,0.014410,0.512297,0.1,0.1,0.1
1.048457,0.561906,0.465330,0.1,0.1,0.1
0.944342,0.673806,0.664041,0.1,0.1,0.1
1.088026,0.329926,0.005853,0.1,0.1,0.1
0.860249,-0.323612,0.204755,0.1,0.1,0.1
0.956490,0.572728,0.185072,0.1,0.1,0.1
1.154974,-0.062558,0.240332,0.1,0.1,0.1
0.810534,-0.635164,0.512297,0.1,0.1,0.1
1.084658,0.056576,0.664041,0.1,0.1,0.1
0.738632,0.024795,0.664041,0.1,0.1,0.1
0.683706,-0.072834,0.512297,0.1,0.1,0.1
0.958402,0.495875,0.683724,0.1,0.1,0.1
0.900700,-0.620082,0.683724,0.1,0.1,0.1
1.047483,0.567614,0.641478,0.1,0.1,0.1
0.768579,-0.711138,0.388535,0.1,0.1,0.1
1.121644,-0.650914,0.242516,0.1,0.1,0.1
0.567419,0.628556,0.539195,0.1,0.1,0.1
0.660342,0.014761,0.512297,0.1,0.1,0.1
0.864900,0.679299,0.305932,0.1,0.1,0.1
0.927217,0.513277,0.512297,0.1,0.1,0.1
1.034759,0.399963,0.664041,0.1,0.1,0.1
0.740911,-0.536287,0.683724,0.1,0.1,0.1
0.886273,-0.399583,0.185072,0.1,0.1,0.1
1.176077,-0.303334,0.178935,0.1,0.1,0.1
1.037569,0.481575,0.664041,0.1,0.1,0.1
0.986731,0.680113,0.532528,0.1,0.1,0.1
1.043174,-0.112037,0.664041,0.1,0.1,0.1
0.940206,-0.067475,0.592140,0.1,0.1,0.1
0.776301,-0.127354,0.512297,0.1,0.1,0.1
0.594778,0.613255,0.274959,0.1,0.1,0.1
1.169851,-0.149775,0.602420,0.1,0.1,0.1
1.165273,-0.239995,0.211236,0.1,0.1,0.1
0.932662,0.087772,0.185072,0.1,0.1,0.1
1.184306,-0.234516,0.627898,0.1,0.1,0.1
0.926151,-0.684260,0.658518,0.1,0.1,0.1
0.781860,0.263458,0.185072,0.1,0.1,0.1
0.855114,-0.565823,0.204755,0.1,0.1,0.1
0.732296,-0.338796,0.512297,0.1,0.1,0.1
0.784948,0.519790,0.512297,0.1,0.1,0.1
0.909303,-0.619348,0.512297,0.1,0.1,0.1
0.905220,0.263199,0.683724,0.1,0.1,0.1
0.658278,-0.115564,0.333817,0.1,0.1,0.1
1.138222,-0.287945,0.512297,0.1,0.1,0.1
1.184611,-0.660140,0.457295,0.1,0.1,0.1
1.073386,0.380217,0.000000,0.1,0.1,0.1
0.980553,-0.415716,0.683724,0.1,0.1,0.1
0.652046,-0.116628,0.380334,0.1,0.1,0.1
0.630209,0.036341,0.683724,0.1,0.1,0.1
0.870341,-0.247707,0.185072,0.1,0.1,0.1
0.533402,0.496637,0.204755,0.1,0.1,0.1
1.030867,0.665026,0.663548,0.1,0.1,0.1
0.793545,-0.726846,0.543003,0.1,0.1,0.1
0.771909,-0.730537,0.577682,0.1,0.1,0.1
0.744591,-0.691498,0.512297,0.1,0.1,0.1
0.820741,-0.087852,0.645345,0.1,0.1,0.1
1.252038,-0.631597,0.296238,0.1,0.1,0.1
0.692914,0.649962,0.340736,0.1,0.1,0.1
0.699696,0.651119,0.556496,0.1,0.1,0.1
1.074161,0.139501,0.683724,0.1,0.1,0.1
0.705362,0.065548,0.512297,0.1,0.1,0.1
1.188480,-0.258986,0.104239,0.1,0.1,0.1
0.812464,0.668330,0.185072,0.1,0.1,0.1
1.222559,-0.641873,0.185072,0.1,0.1,0.1
1.107990,0.212891,0.020386,0.1,0.1,0.1
0.931592,-0.576128,0.204755,0.1,0.1,0.1
0.874865,-0.511073,0.204755,0.1,0.1,0.1
0.758299,0.161552,0.512297,0.1,0.1,0.1
0.646223,0.641998,0.317873,0.1,0.1,0.1
1.169383,-0.662738,0.502749,0.1,0.1,0.1
0.913100,0.438010,0.512297,0.1,0.1,0.1
1.042125,0.481967,0.453748,0.1,0.1,0.1
0.771746,0.643441,0.449788,0.1,0.1,0.1
0.828184,-0.029363,0.664041,0.1,0.1,0.1
0.780194,-0.488082,0.683724,0.1,0.1,0.1
0.682510,0.456696,0.512297,0.1,0.1,0.1
0.905242,-0.421839,0.512297,0.1,0.1,0.1
1.108089,0.212312,0.257457,0.1,0.1,0.1
0.821136,-0.632873,0.512297,0.1,0.1,0.1
0.932792,0.642154,0.204755,0.1,0.1,0.1
1.106160,-0.657602,0.204755,0.1,0.1,0.1
1.134796,-0.034283,0.427728,0.1,0.1,0.1
0.984102,0.099450,0.512297,0.1,0.1,0.1
0.973092,-0.508599,0.512297,0.1,0.1,0.1
1.250815,-0.624428,0.284997,0.1,0.1,0.1
0.716764,-0.050888,0.512297,0.1,0.1,0.1
0.740474,-0.570262,0.185072,0.1,0.1,0.1
0.808001,0.659609,0.192295,0.1,0.1,0.1
1.019218,-0.053997,0.342409,0.1,0.1,0.1
0.778005,-0.719514,0.674089,0.1,0.1,0.1
0.666354,-0.217245,0.683724,0.1,0.1,0.1
0.906697,-0.239009,0.512297,0.1,0.1,0.1
0.859526,0.008133,0.512297,0.1,0.1,0.1
1.206702,-0.365814,0.013539,0.1,0.1,0.1
0.718550,0.076064,0.512297,0.1,0.1,0.1
1.109166,0.088935,0.213146,0.1,0.1,0.1
0.604627,0.121570,0.185072,0.1,0.1,0.1
0.890324,0.575557,0.512297,0.1,0.1,0.1
0.648687,0.087197,0.512297,0.1,0.1,0.1
1.060631,0.490534,0.178279,0.1,0.1,0.1
1.215853,-0.463119,0.673882,0.1,0.1,0.1
1.049624,0.438002,0.223090,0.1,0.1,0.1
0.956217,-0.064744,0.289529,0.1,0.1,0.1
1.120707,-0.544548,0.512297,0.1,0.1,0.1
1.010703,0.684202,0.192932,0.1,0.1,0.1
1.100605,-0.379662,0.512297,0.1,0.1,0.1
0.992835,-0.692853,0.522923,0.1,0.1,0.1
0.658158,0.497600,0.512297,0.1,0.1,0.1
1.203738,-0.465497,0.157564,0.1,0.1,0.1
1.113029,-0.060383,0.185072,0.1,0.1,0.1
0.986021,-0.671419,0.204755,0.1,0.1,0.1
1.117350,-0.037258,0.539455,0.1,0.1,0.1
0.984466,-0.694280,0.646733,0.1,0.1,0.1
0.805884,-0.505386,0.185072,0.1,0.1,0.1
1.161356,-0.664107,0.603466,0.1,0.1,0.1
0.738231,0.113084,0.664041,0.1,0.1,0.1
0.961113,0.695710,0.479335,0.1,0.1,0.1
1.063320,0.038214,0.204755,0.1,0.1,0.1
0.833735,0.306519,0.185072,0.1,0.1,0.1
1.129090,0.089191,0.106157,0.1,0.1,0.1
1.030945,-0.515092,0.664041,0.1,0.1,0.1
0.643583,0.601647,0.185072,0.1,0.1,0.1
0.932295,0.256506,0.512297,0.1,0.1,0.1
0.684140,0.353470,0.683724,0.1,0.1,0.1
0.799226,-0.094335,0.512297,0.1,0.1,0.1
1.187244,-0.310268,0.190655,0.1,0.1,0.1
0.912489,0.667449,0.599983,0.1,0.1,0.1
0.855530,-0.563930,0.664041,0.1,0.1,0.1
0.946541,-0.156807,0.664041,0.1,0.1,0.1
0.891708,0.219524,0.512297,0.1,0.1,0.1
1.133926,-0.056220,0.310650,0.1,0.1,0.1
0.698045,0.630870,0.297977,0.1,0.1,0.1
1.116646,-0.049313,0.204755,0.1,0.1,0.1
0.598354,0.615867,0.204755,0.1,0.1,0.1
0.817968,-0.693417,0.683724,0.1,0.1,0.1
0.707506,-0.417247,0.683724,0.1,0.1,0.1
0.606117,0.177076,0.512297,0.1,0.1,0.1
1.100768,0.138171,0.490121,0.1,0.1,0.1
1.031927,0.067736,0.683724,0.1,0.1,0.1
1.115694,0.167724,0.519168,0.1,0.1,0.1
0.893912,-0.044722,0.512297,0.1,0.1,0.1
0.742706,-0.734669,0.345320,0.1,0.1,0.1
0.973637,0.051411,0.664041,0.1,0.1,0.1
0.906721,-0.168503,0.512297,0.1,0.1,0.1
0.763772,-0.579463,0.512297,0.1,0.1,0.1
0.654572,-0.116197,0.672632,0.1,0.1,0.1
0.776361,-0.665177,0.664041,0.1,0.1,0.1
1.025746,-0.667272,0.285446,0.1,0.1,0.1
1.002472,-0.691209,0.292084,0.1,0.1,0.1
0.920064,0.390350,0.664041,0.1,0.1,0.1
0.621127,-0.005260,0.683724,0.1,0.1,0.1
0.950992,-0.442446,0.664041,0.1,0.1,0.1
0.530943,0.622334,0.244164,0.1,0.1,0.1
0.923194,-0.070376,0.311297,0.1,0.1,0.1
0.849743,0.141353,0.664041,0.1,0.1,0.1
1.147279,-0.017444,0.386210,0.1,0.1,0.1
1.075211,0.405058,0.354436,0.1,0.1,0.1
0.746397,-0.540227,0.185072,0.1,0.1,0.1
0.811499,0.639965,0.512297,0.1,0.1,0.1
0.943759,0.692750,0.591891,0.1,0.1,0.1
1.221081,-0.567172,0.070429,0.1,0.1,0.1
0.694804,0.630317,0.208397,0.1,0.1,0.1
0.744028,-0.697116,0.664041,0.1,0.1,0.1
1.149399,-0.507537,0.683724,0.1,0.1,0.1
0.666393,0.645438,0.252740,0.1,0.1,0.1
0.691144,-0.175557,0.512297,0.1,0.1,0.1
1.186543,-0.364692,0.528540,0.1,0.1,0.1
0.824859,0.158443,0.185072,0.1,0.1,0.1
0.843170,-0.191639,0.683724,0.1,0.1,0.1
1.024532,0.561147,0.204755,0.1,0.1,0.1
0.864897,-0.109354,0.185072,0.1,0.1,0.1
0.767210,0.053765,0.185072,0.1,0.1,0.1
1.206595,-0.543465,0.512297,0.1,0.1,0.1
0.924061,0.427282,0.512297,0.1,0.1,0.1
1.194356,-0.293435,0.482902,0.1,0.1,0.1
1.096830,0.161256,0.666841,0.1,0.1,0.1
0.961795,-0.063792,0.339142,0.1,0.1,0.1
0.588815,0.391312,0.185072,0.1,0.1,0.1
1.219414,-0.440336,0.185680,0.1,0.1,0.1
0.823502,0.652270,0.357857,0.1,0.1,0.1
1.024975,-0.681518,0.683724,0.1,0.1,0.1
0.868269,-0.005503,0.512297,0.1,0.1,0.1
0.706206,0.150332,0.204755,0.1,0.1,0.1
1.050881,0.233471,0.512297,0.1,0.1,0.1
0.858613,-0.081392,0.335486,0.1,0.1,0.1
1.132020,0.072014,0.376153,0.1,0.1,0.1
1.054809,-0.306662,0.512297,0.1,0.1,0.1
0.703634,0.348549,0.683724,0.1,0.1,0.1
0.759746,-0.712644,0.582551,0.1,0.1,0.1
1.079089,0.323042,0.664041,0.1,0.1,0.1
0.825746,-0.461019,0.204755,0.1,0.1,0.1
0.879881,-0.158894,0.683724,0.1,0.1,0.1
1.104039,0.172786,0.664041,0.1,0.1,0.1
1.152006,-0.162218,0.451540,0.1,0.1,0.1
1.165415,-0.240826,0.037443,0.1,0.1,0.1
0.874847,-0.471471,0.512297,0.1,0.1,0.1
1.061223,-0.390493,0.512297,0.1,0.1,0.1
0.661398,0.624619,0.591832,0.1,0.1,0.1
0.938782,0.582584,0.512297,0.1,0.1,0.1
1.040422,0.491949,0.441197,0.1,0.1,0.1
1.120650,0.138671,0.047471,0.1,0.1,0.1
0.769017,0.547954,0.512297,0.1,0.1,0.1
0.809534,-0.724119,0.323911,0.1,0.1,0.1
0.854657,0.677551,0.492693,0.1,0.1,0.1
0.774878,-0.713663,0.185072,0.1,0.1,0.1
1.122328,0.070302,0.674811,0.1,0.1,0.1
0.662174,0.624751,0.459605,0.1,0.1,0.1
0.883493,-0.691536,0.435019,0.1,0.1,0.1
1.048216,0.067609,0.204755,0.1,0.1,0.1
1.216708,-0.541530,0.345100,0.1,0.1,0.1
1.077908,0.272189,0.328360,0.1,0.1,0.1
0.742521,-0.715583,0.359707,0.1,0.1,0.1
0.889165,-0.621394,0.185072,0.1,0.1,0.1
1.106190,0.223441,0.008228,0.1,0.1,0.1
1.168447,-0.141542,0.146882,0.1,0.1,0.1
1.176025,-0.641638,0.558769,0.1,0.1,0.1
1.088010,0.129743,0.664041,0.1,0.1,0.1
1.106484,0.104657,0.591793,0.1,0.1,0.1
1.165082,-0.254777,0.204755,0.1,0.1,0.1
0.811235,0.040936,0.185072,0.1,0.1,0.1
1.127231,-0.035573,0.628627,0.1,0.1,0.1
1.075661,-0.042932,0.185072,0.1,0.1,0.1
0.750882,0.375960,0.512297,0.1,0.1,0.1
0.992288,0.447774,0.512297,0.1,0.1,0.1
1.152263,-0.046665,0.070296,0.1,0.1,0.1
0.914532,-0.686242,0.529788,0.1,0.1,0.1
1.153134,-0.051771,0.254001,0.1,0.1,0.1
0.898773,-0.074542,0.347542,0.1,0.1,0.1
0.599149,0.370924,0.683724,0.1,0.1,0.1
0.852800,-0.000352,0.204755,0.1,0.1,0.1
0.892656,0.310156,0.683724,0.1,0.1,0.1
0.955159,-0.670570,0.204755,0.1,0.1,0.1
0.942452,-0.241627,0.664041,0.1,0.1,0.1
0.907171,-0.355327,0.204755,0.1,0.1,0.1
0.942612,-0.067064,0.593963,0.1,0.1,0.1
0.890481,-0.109035,0.204755,0.1,0.1,0.1
0.775101,-0.035850,0.204755,0.1,0.1,0.1
0.939755,-0.419000,0.204755,0.1,0.1,0.1
0.598890,0.613957,0.322365,0.1,0.1,0.1
0.800656,-0.604244,0.185072,0.1,0.1,0.1
1.124021,0.001847,0.297307,0.1,0.1,0.1
0.529512,0.580300,0.204755,0.1,0.1,0.1
0.645543,0.631898,0.202389,0.1,0.1,0.1
0.835893,-0.283361,0.512297,0.1,0.1,0.1
1.028231,0.680479,0.554578,0.1,0.1,0.1
1.082445,0.010447,0.512297,0.1,0.1,0.1
1.090302,-0.023651,0.664041,0.1,0.1,0.1
1.102454,0.245344,0.301441,0.1,0.1,0.1
1.164705,-0.381760,0.185072,0.1,0.1,0.1
1.078468,0.216037,0.683724,0.1,0.1,0.1
0.982933,0.699432,0.637635,0.1,0.1,0.1
0.684502,0.597051,0.185072,0.1,0.1,0.1
1.225449,-0.475715,0.641760,0.1,0.1,0.1
1.100908,-0.658505,0.683724,0.1,0.1,0.1
1.085665,0.343769,0.598127,0.1,0.1,0.1
0.950042,-0.010588,0.512297,0.1,0.1,0.1
1.041922,0.123472,0.512297,0.1,0.1,0.1
0.773154,0.643682,0.520584,0.1,0.1,0.1
1.048333,-0.641409,0.512297,0.1,0.1,0.1
1.056037,0.428199,0.185072,0.1,0.1,0.1
0.942003,-0.067168,0.277543,0.1,0.1,0.1
0.848455,-0.717480,0.356207,0.1,0.1,0.1
1.140856,-0.096849,0.557006,0.1,0.1,0.1
1.122295,-0.036415,0.591631,0.1,0.1,0.1
1.033057,0.535129,0.150073,0.1,0.1,0.1
1.206078,-0.460214,0.683724,0.1,0.1,0.1
0.848737,-0.705182,0.512297,0.1,0.1,0.1
0.889564,0.420730,0.664041,0.1,0.1,0.1
0.783231,-0.020603,0.683724,0.1,0.1,0.1
0.991309,-0.058758,0.360069,0.1,0.1,0.1
1.092674,0.185618,0.234228,0.1,0.1,0.1
0.686363,0.272398,0.204755,0.1,0.1,0.1
1.124469,0.116278,0.390212,0.1,0.1,0.1
1.135811,-0.179035,0.512297,0.1,0.1,0.1
1.105874,0.137843,0.664041,0.1,0.1,0.1
0.932428,0.455670,0.185072,0.1,0.1,0.1
0.639359,0.037626,0.512297,0.1,0.1,0.1
0.919895,-0.070939,0.356845,0.1,0.1,0.1
0.968299,0.375035,0.512297,0.1,0.1,0.1
0.818174,-0.033990,0.683724,0.1,0.1,0.1
0.783557,0.411169,0.512297,0.1,0.1,0.1
0.999463,-0.626616,0.204755,0.1,0.1,0.1
0.883951,0.622740,0.664041,0.1,0.1,0.1
0.902177,-0.108642,0.512297,0.1,0.1,0.1
1.015204,0.121574,0.664041,0.1,0.1,0.1
0.697338,-0.108902,0.427115,0.1,0.1,0.1
0.841952,0.128560,0.683724,0.1,0.1,0.1
1.225219,-0.591430,0.060476,0.1,0.1,0.1
0.769068,-0.731022,0.226946,0.1,0.1,0.1
1.044627,0.083021,0.512297,0.1,0.1,0.1
1.222674,-0.463831,0.673882,0.1,0.1,0.1
0.914765,-0.071814,0.239569,0.1,0.1,0.1
1.017446,0.026598,0.664041,0.1,0.1,0.1
1.141178,0.018323,0.107952,0.1,0.1,0.1
0.672616,0.383933,0.664041,0.1,0.1,0.1
1.105201,-0.375959,0.664041,0.1,0.1,0.1
0.586225,0.621780,0.187446,0.1,0.1,0.1
1.122585,-0.650753,0.331634,0.1,0.1,0.1
1.055345,0.521523,0.544029,0.1,0.1,0.1
0.724572,-0.024990,0.683724,0.1,0.1,0.1
0.585948,0.631716,0.408169,0.1,0.1,0.1
1.012901,0.653290,0.091197,0.1,0.1,0.1
1.148941,-0.027185,0.080651,0.1,0.1,0.1
0.701881,0.581241,0.512297,0.1,0.1,0.1
1.097193,0.159127,0.519452,0.1,0.1,0.1
1.220563,-0.505602,0.677111,0.1,0.1,0.1
0.675523,0.627028,0.489057,0.1,0.1,0.1
1.070221,0.291905,0.664041,0.1,0.1,0.1
1.042629,0.596068,0.359886,0.1,0.1,0.1
0.858621,0.678228,0.429864,0.1,0.1,0.1
0.910162,0.345544,0.185072,0.1,0.1,0.1
1.178388,-0.316883,0.217889,0.1,0.1,0.1
0.958015,0.695182,0.369946,0.1,0.1,0.1
1.233237,-0.638437,0.390441,0.1,0.1,0.1
1.012050,-0.490161,0.664041,0.1,0.1,0.1
0.693242,-0.444680,0.680381,0.1,0.1,0.1
0.827073,-0.228461,0.683724,0.1,0.1,0.1
1.065193,0.346726,0.461722,0.1,0.1,0.1
1.110410,-0.393260,0.204755,0.1,0.1,0.1
0.988079,-0.225901,0.204755,0.1,0.1,0.1
0.754388,0.087395,0.204755,0.1,0.1,0.1
1.014936,-0.054728,0.451361,0.1,0.1,0.1
1.099976,0.259874,0.074399,0.1,0.1,0.1
1.006892,-0.670487,0.312330,0.1,0.1,0.1
0.624952,0.373114,0.185072,0.1,0.1,0.1
0.989391,-0.162186,0.185072,0.1,0.1,0.1
1.043998,-0.049771,0.350113,0.1,0.1,0.1
1.036661,0.567695,0.204755,0.1,0.1,0.1
0.992937,-0.392993,0.512297,0.1,0.1,0.1
0.721130,-0.536502,0.204755,0.1,0.1,0.1
0.825514,-0.579558,0.683724,0.1,0.1,0.1
0.856040,-0.689122,0.512297,0.1,0.1,0.1
1.168098,-0.256558,0.176709,0.1,0.1,0.1
1.076986,0.394650,0.230939,0.1,0.1,0.1
0.936653,-0.552471,0.512297,0.1,0.1,0.1
1.109182,-0.038652,0.431529,0.1,0.1,0.1
0.871882,-0.387638,0.683724,0.1,0.1,0.1
0.588628,0.609516,0.512297,0.1,0.1,0.1
1.098997,0.148552,0.294476,0.1,0.1,0.1
1.117088,-0.614943,0.512297,0.1,0.1,0.1
0.991846,-0.287356,0.512297,0.1,0.1,0.1
1.037874,0.506889,0.577038,0.1,0.1,0.1
0.672484,0.565909,0.512297,0.1,0.1,0.1
0.691362,-0.078487,0.204755,0.1,0.1,0.1
0.639948,0.435118,0.185072,0.1,0.1,0.1
1.048863,0.442461,0.116854,0.1,0.1,0.1
1.172497,-0.165286,0.160776,0.1,0.1,0.1
1.231424,-0.510746,0.479486,0.1,0.1,0.1
1.034304,0.341331,0.664041,0.1,0.1,0.1
0.719857,-0.016438,0.185072,0.1,0.1,0.1
0.813083,-0.703546,0.626289,0.1,0.1,0.1
1.130269,-0.655162,0.512297,0.1,0.1,0.1
0.704767,-0.159668,0.204755,0.1,0.1,0.1
0.851553,0.172760,0.512297,0.1,0.1,0.1
0.718793,-0.105242,0.209932,0.1,0.1,0.1
0.613841,0.404030,0.512297,0.1,0.1,0.1
0.835721,0.015250,0.185072,0.1,0.1,0.1
0.697489,0.426790,0.683724,0.1,0.1,0.1
1.103742,-0.623692,0.204755,0.1,0.1,0.1
0.770035,0.663117,0.530438,0.1,0.1,0.1
1.105584,0.121899,0.673882,0.1,0.1,0.1
0.812617,-0.723593,0.283912,0.1,0.1,0.1
0.636497,0.162244,0.185072,0.1,0.1,0.1
1.122422,0.128282,0.329340,0.1,0.1,0.1
0.568991,0.471047,0.664041,0.1,0.1,0.1
0.920085,-0.070907,0.191877,0.1,0.1,0.1
0.858556,0.397268,0.512297,0.1,0.1,0.1
0.690484,-0.110071,0.384715,0.1,0.1,0.1
1.062127,0.364702,0.616448,0.1,0.1,0.1
1.209346,-0.381313,0.309875,0.1,0.1,0.1
0.647045,-0.154417,0.185072,0.1,0.1,0.1
0.512100,0.617270,0.282088,0.1,0.1,0.1
1.006398,-0.690539,0.425929,0.1,0.1,0.1
1.137455,-0.187272,0.512297,0.1,0.1,0.1
1.076058,0.283031,0.114329,0.1,0.1,0.1
0.596801,0.142908,0.683724,0.1,0.1,0.1
0.545200,0.423219,0.187754,0.1,0.1,0.1
1.106825,-0.166226,0.185072,0.1,0.1,0.1
1.037459,0.509319,0.375256,0.1,0.1,0.1
1.226514,-0.652993,0.611862,0.1,0.1,0.1
1.054048,0.445367,0.512297,0.1,0.1,0.1
0.800585,0.555976,0.512297,0.1,0.1,0.1
0.660809,-0.187416,0.683724,0.1,0.1,0.1
0.891728,0.604071,0.185072,0.1,0.1,0.1
0.801586,-0.187262,0.185072,0.1,0.1,0.1
0.734250,0.610490,0.185072,0.1,0.1,0.1
1.003078,0.341869,0.204755,0.1,0.1,0.1
0.780494,-0.709105,0.185767,0.1,0.1,0.1
0.838625,-0.084802,0.469180,0.1,0.1,0.1
0.885326,0.524380,0.664041,0.1,0.1,0.1
0.855675,-0.068348,0.185072,0.1,0.1,0.1
0.805035,-0.704919,0.188737,0.1,0.1,0.1
0.854774,-0.435310,0.683724,0.1,0.1,0.1
1.105778,0.225856,0.519085,0.1,0.1,0.1
0.851135,0.059069,0.664041,0.1,0.1,0.1
0.879856,-0.268918,0.683724,0.1,0.1,0.1
0.815896,-0.555002,0.683724,0.1,0.1,0.1
1.236940,-0.651214,0.517155,0.1,0.1,0.1
0.848739,0.332318,0.512297,0.1,0.1,0.1
1.227033,-0.602062,0.221411,0.1,0.1,0.1
0.616326,0.124849,0.512297,0.1,0.1,0.1
1.133362,-0.052916,0.199921,0.1,0.1,0.1
1.038247,0.504702,0.512800,0.1,0.1,0.1
1.073623,0.344971,0.000000,0.1,0.1,0.1
0.969100,-0.387502,0.664041,0.1,0.1,0.1
0.760892,0.407601,0.512297,0.1,0.1,0.1
1.061001,0.371304,0.634373,0.1,0.1,0.1
1.244760,-0.639897,0.229503,0.1,0.1,0.1
1.094653,0.174018,0.373999,0.1,0.1,0.1
0.721393,-0.104799,0.500190,0.1,0.1,0.1
0.741707,-0.715721,0.479776,0.1,0.1,0.1
1.152172,-0.538365,0.683724,0.1,0.1,0.1
0.704642,-0.107656,0.667719,0.1,0.1,0.1
0.719726,0.654536,0.589349,0.1,0.1,0.1
0.637013,0.249394,0.185072,0.1,0.1,0.1
1.167603,-0.253656,0.141943,0.1,0.1,0.1
1.024450,0.628868,0.204755,0.1,0.1,0.1
1.062918,0.360064,0.530395,0.1,0.1,0.1
0.936744,0.691553,0.472881,0.1,0.1,0.1
0.993541,-0.523040,0.512297,0.1,0.1,0.1
1.008194,-0.055878,0.671019,0.1,0.1,0.1
0.853726,-0.082226,0.460983,0.1,0.1,0.1
1.203872,-0.646871,0.673101,0.1,0.1,0.1
0.740754,-0.690977,0.664041,0.1,0.1,0.1
0.677350,-0.112311,0.334966,0.1,0.1,0.1
0.888992,-0.178629,0.512297,0.1,0.1,0.1
1.035720,0.519515,0.078789,0.1,0.1,0.1
1.233724,-0.641290,0.046531,0.1,0.1,0.1
1.043514,0.248726,0.683724,0.1,0.1,0.1
1.125424,-0.660253,0.672344,0.1,0.1,0.1
0.991312,-0.527070,0.683724,0.1,0.1,0.1
0.875607,-0.078494,0.302487,0.1,0.1,0.1
0.901123,-0.245233,0.185072,0.1,0.1,0.1
0.680993,-0.111690,0.422925,0.1,0.1,0.1
1.119845,0.026327,0.028236,0.1,0.1,0.1
1.134173,-0.057670,0.367045,0.1,0.1,0.1
0.939593,-0.701934,0.380836,0.1,0.1,0.1
1.183490,-0.346788,0.153538,0.1,0.1,0.1
0.810019,-0.704069,0.426189,0.1,0.1,0.1
0.852752,0.015623,0.512297,0.1,0.1,0.1
0.895992,-0.689404,0.374724,0.1,0.1,0.1
1.199096,-0.438281,0.315998,0.1,0.1,0.1
1.139166,-0.259594,0.512297,0.1,0.1,0.1
1.069162,0.323461,0.339732,0.1,0.1,0.1
1.235715,-0.535902,0.211278,0.1,0.1,0.1
0.773222,-0.019689,0.204755,0.1,0.1,0.1
0.951508,-0.065547,0.196630,0.1,0.1,0.1
0.990269,-0.693290,0.682645,0.1,0.1,0.1
1.070283,-0.045287,0.379781,0.1,0.1,0.1
0.711681,-0.174781,0.204755,0.1,0.1,0.1
1.084888,0.348326,0.592696,0.1,0.1,0.1
0.713376,0.496573,0.185072,0.1,0.1,0.1
0.718483,-0.187706,0.185072,0.1,0.1,0.1
1.096322,-0.040845,0.238608,0.1,0.1,0.1
1.183142,-0.569509,0.512297,0.1,0.1,0.1
1.041257,0.487055,0.306078,0.1,0.1,0.1
1.156577,-0.189015,0.174023,0.1,0.1,0.1
1.087319,-0.435884,0.512297,0.1,0.1,0.1
0.917222,-0.237322,0.204755,0.1,0.1,0.1
0.769076,-0.691460,0.512297,0.1,0.1,0.1
1.008540,0.678856,0.307079,0.1,0.1,0.1
0.857027,0.677956,0.219767,0.1,0.1,0.1
0.853139,0.657325,0.396300,0.1,0.1,0.1
0.831347,0.399946,0.512297,0.1,0.1,0.1
0.754237,-0.564826,0.185072,0.1,0.1,0.1
0.893662,0.317947,0.512297,0.1,0.1,0.1
1.108010,-0.673207,0.278888,0.1,0.1,0.1
0.821588,-0.702096,0.436374,0.1,0.1,0.1
0.806053,-0.210694,0.185072,0.1,0.1,0.1
1.096671,0.162188,0.487950,0.1,0.1,0.1
1.210021,-0.385270,0.636101,0.1,0.1,0.1
1.132430,0.069611,0.526094,0.1,0.1,0.1
1.057917,0.506442,0.464683,0.1,0.1,0.1
1.156045,-0.068832,0.019449,0.1,0.1,0.1
0.813882,0.589462,0.512297,0.1,0.1,0.1
0.896419,0.384755,0.185072,0.1,0.1,0.1
1.181742,-0.650646,0.670745,0.1,0.1,0.1
0.785433,0.665744,0.463359,0.1,0.1,0.1
0.978854,0.694382,0.185072,0.1,0.1,0.1
1.118037,0.153990,0.146333,0.1,0.1,0.1
1.065642,-0.007641,0.664041,0.1,0.1,0.1
1.155599,-0.645122,0.407729,0.1,0.1,0.1
1.191345,-0.392840,0.469861,0.1,0.1,0.1
1.143054,-0.567866,0.204755,0.1,0.1,0.1
1.244774,-0.589009,0.538466,0.1,0.1,0.1
1.153220,-0.169333,0.336586,0.1,0.1,0.1
1.183709,-0.231018,0.407328,0.1,0.1,0.1
0.924471,-0.684546,0.352877,0.1,0.1,0.1
0.785671,-0.269583,0.512297,0.1,0.1,0.1
0.713041,0.653395,0.325859,0.1,0.1,0.1
1.064581,-0.680615,0.399692,0.1,0.1,0.1
0.637400,0.123137,0.664041,0.1,0.1,0.1
0.572917,0.477508,0.204755,0.1,0.1,0.1
1.011870,-0.435161,0.664041,0.1,0.1,0.1
0.757194,-0.425585,0.204755,0.1,0.1,0.1
0.934338,0.287703,0.185072,0.1,0.1,0.1
1.100667,-0.040104,0.529744,0.1,0.1,0.1
0.721086,0.654767,0.247191,0.1,0.1,0.1
0.994153,0.701346,0.637680,0.1,0.1,0.1
0.562060,0.528260,0.512297,0.1,0.1,0.1
0.731569,-0.103063,0.443742,0.1,0.1,0.1
1.056343,0.398612,0.591073,0.1,0.1,0.1
0.820644,0.619209,0.204755,0.1,0.1,0.1
1.181660,-0.397726,0.204755,0.1,0.1,0.1
1.201147,-0.333245,0.438183,0.1,0.1,0.1
1.126479,-0.269235,0.512297,0.1,0.1,0.1
0.620940,0.363964,0.683724,0.1,0.1,0.1
0.954304,0.096499,0.185072,0.1,0.1,0.1
0.835483,0.375130,0.664041,0.1,0.1,0.1
1.091741,-0.663307,0.185072,0.1,0.1,0.1
0.737998,0.126734,0.512297,0.1,0.1,0.1
0.620415,0.617628,0.287886,0.1,0.1,0.1
0.844222,0.373927,0.683724,0.1,0.1,0.1
0.746267,-0.497223,0.185072,0.1,0.1,0.1
0.745181,-0.100741,0.559331,0.1,0.1,0.1
1.034848,-0.217430,0.683724,0.1,0.1,0.1
0.764493,0.375100,0.664041,0.1,0.1,0.1
1.203948,-0.349667,0.563845,0.1,0.1,0.1
0.798596,0.480211,0.683724,0.1,0.1,0.1
0.656504,0.643751,0.479569,0.1,0.1,0.1
1.102870,-0.654116,0.624241,0.1,0.1,0.1
1.093570,0.180365,0.578175,0.1,0.1,0.1
0.704342,0.651911,0.539948,0.1,0.1,0.1
1.031387,0.544915,0.354218,0.1,0.1,0.1
0.919584,0.290844,0.664041,0.1,0.1,0.1
0.590729,0.257577,0.204755,0.1,0.1,0.1
0.769001,0.642973,0.226536,0.1,0.1,0.1
0.977241,0.136658,0.683724,0.1,0.1,0.1
0.542088,0.551303,0.512297,0.1,0.1,0.1
0.665674,-0.201049,0.204755,0.1,0.1,0.1
0.995567,0.701587,0.346646,0.1,0.1,0.1
1.013524,0.072287,0.204755,0.1,0.1,0.1
1.090499,0.315432,0.562047,0.1,0.1,0.1
0.705203,0.198117,0.683724,0.1,0.1,0.1
1.023082,0.593605,0.415965,0.1,0.1,0.1
0.626943,0.569195,0.512297,0.1,0.1,0.1
1.127886,-0.020810,0.276571,0.1,0.1,0.1
1.029299,-0.060037,0.185072,0.1,0.1,0.1
1.015312,0.697689,0.224275,0.1,0.1,0.1
0.710028,0.222426,0.683724,0.1,0.1,0.1
0.747127,-0.734764,0.363703,0.1,0.1,0.1
0.529881,0.602185,0.367026,0.1,0.1,0.1
0.772057,-0.356430,0.204755,0.1,0.1,0.1
0.801803,0.431278,0.512297,0.1,0.1,0.1
0.575165,0.629877,0.252652,0.1,0.1,0.1
0.814089,-0.703375,0.287953,0.1,0.1,0.1
0.991996,-0.183695,0.512297,0.1,0.1,0.1
1.028766,0.166304,0.185072,0.1,0.1,0.1
1.017537,0.626113,0.429470,0.1,0.1,0.1
1.049673,0.437717,0.538677,0.1,0.1,0.1
1.159568,-0.206550,0.203041,0.1,0.1,0.1
1.086952,-0.656831,0.366366,0.1,0.1,0.1
0.742670,-0.622165,0.204755,0.1,0.1,0.1
0.909101,-0.430313,0.664041,0.1,0.1,0.1
0.740237,0.658034,0.604697,0.1,0.1,0.1
0.790096,-0.015246,0.683724,0.1,0.1,0.1
0.604019,0.251824,0.185072,0.1,0.1,0.1
0.686296,0.603487,0.204755,0.1,0.1,0.1
0.910151,-0.157033,0.185072,0.1,0.1,0.1
1.129232,-0.431112,0.512297,0.1,0.1,0.1
1.011713,-0.006164,0.683724,0.1,0.1,0.1
1.126083,-0.010240,0.473851,0.1,0.1,0.1
1.082786,-0.438405,0.664041,0.1,0.1,0.1
0.773981,0.031648,0.512297,0.1,0.1,0.1
1.045194,-0.663954,0.306155,0.1,0.1,0.1
0.982033,-0.679494,0.185072,0.1,0.1,0.1
0.880385,0.671956,0.671370,0.1,0.1,0.1
1.026761,0.689095,0.167551,0.1,0.1,0.1
1.077925,-0.043983,0.365958,0.1,0.1,0.1
0.850345,-0.075417,0.683724,0.1,0.1,0.1
1.132564,0.068826,0.266870,0.1,0.1,0.1
0.870439,0.364199,0.185072,0.1,0.1,0.1
0.872701,-0.249608,0.185072,0.1,0.1,0.1
0.945281,0.059353,0.204755,0.1,0.1,0.1
0.809917,-0.089699,0.253824,0.1,0.1,0.1
1.023173,-0.497246,0.683724,0.1,0.1,0.1
1.009534,0.673030,0.445310,0.1,0.1,0.1
1.086851,0.336820,0.354946,0.1,0.1,0.1
1.021685,-0.255540,0.512297,0.1,0.1,0.1
1.195076,-0.414713,0.225306,0.1,0.1,0.1
0.547625,0.431404,0.512297,0.1,0.1,0.1
0.910925,0.656327,0.185072,0.1,0.1,0.1
0.744601,0.585990,0.204755,0.1,0.1,0.1
0.988133,0.516106,0.512297,0.1,0.1,0.1
0.715516,0.653817,0.630968,0.1,0.1,0.1
0.647584,0.042746,0.512297,0.1,0.1,0.1
1.104012,0.119149,0.339157,0.1,0.1,0.1
0.840161,-0.144849,0.204755,0.1,0.1,0.1
1.204515,-0.470050,0.422101,0.1,0.1,0.1
0.644083,0.441746,0.683724,0.1,0.1,0.1
0.960747,0.357979,0.664041,0.1,0.1,0.1
0.620549,0.522922,0.204755,0.1,0.1,0.1
1.072249,-0.517595,0.683724,0.1,0.1,0.1
0.929385,-0.087607,0.664041,0.1,0.1,0.1
0.772108,0.643503,0.475491,0.1,0.1,0.1
1.078867,-0.658210,0.564633,0.1,0.1,0.1
1.142481,0.010683,0.021809,0.1,0.1,0.1
1.045244,-0.003029,0.664041,0.1,0.1,0.1
1.069688,-0.641683,0.185072,0.1,0.1,0.1
1.171979,-0.505652,0.683724,0.1,0.1,0.1
1.240991,-0.566834,0.017601,0.1,0.1,0.1
0.804061,0.393315,0.185072,0.1,0.1,0.1
0.990268,-0.058935,0.364993,0.1,0.1,0.1
0.670648,0.112965,0.512297,0.1,0.1,0.1
1.008047,0.681748,0.260990,0.1,0.1,0.1
0.917340,-0.277020,0.683724,0.1,0.1,0.1
1.178200,-0.198722,0.042031,0.1,0.1,0.1
1.127412,-0.563664,0.185072,0.1,0.1,0.1
0.722254,0.112077,0.683724,0.1,0.1,0.1
0.649070,0.618846,0.185072,0.1,0.1,0.1
1.087056,0.218559,0.084911,0.1,0.1,0.1
0.945555,0.165513,0.512297,0.1,0.1,0.1
0.699287,-0.227601,0.512297,0.1,0.1,0.1
1.122046,-0.534819,0.204755,0.1,0.1,0.1
0.743907,-0.437485,0.683724,0.1,0.1,0.1
1.040632,0.490716,0.171250,0.1,0.1,0.1
1.021157,0.604892,0.618569,0.1,0.1,0.1
0.529864,0.513129,0.676423,0.1,0.1,0.1
1.155864,-0.184830,0.038706,0.1,0.1,0.1
1.176189,-0.376516,0.512297,0.1,0.1,0.1
0.705130,-0.107573,0.269118,0.1,0.1,0.1
1.074810,0.407410,0.221485,0.1,0.1,0.1
1.235128,-0.532460,0.661011,0.1,0.1,0.1
0.679114,-0.291850,0.512297,0.1,0.1,0.1
0.934873,-0.541888,0.185072,0.1,0.1,0.1
0.705895,0.525435,0.683724,0.1,0.1,0.1
0.940756,-0.368263,0.512297,0.1,0.1,0.1
1.193960,-0.291110,0.376840,0.1,0.1,0.1
0.779937,-0.043963,0.204755,0.1,0.1,0.1
0.784597,-0.708405,0.554038,0.1,0.1,0.1
0.550899,0.605771,0.460573,0.1,0.1,0.1
0.588211,0.381767,0.664041,0.1,0.1,0.1
0.868658,0.502881,0.512297,0.1,0.1,0.1
0.854923,-0.308131,0.512297,0.1,0.1,0.1
0.696837,-0.107479,0.204755,0.1,0.1,0.1
1.052618,0.537509,0.185697,0.1,0.1,0.1
0.726686,0.000069,0.204755,0.1,0.1,0.1
0.932512,0.025570,0.512297,0.1,0.1,0.1
0.746375,-0.389146,0.683724,0.1,0.1,0.1
1.205443,-0.656587,0.323259,0.1,0.1,0.1
0.878560,0.097727,0.512297,0.1,0.1,0.1
1.191271,-0.392409,0.458911,0.1,0.1,0.1
0.987350,0.166251,0.512297,0.1,0.1,0.1
0.916067,-0.244264,0.512297,0.1,0.1,0.1
0.705323,0.069269,0.512297,0.1,0.1,0.1
0.620752,0.617686,0.657348,0.1,0.1,0.1
1.079642,-0.277816,0.185072,0.1,0.1,0.1
0.766932,0.509400,0.204755,0.1,0.1,0.1
1.070729,0.314273,0.586149,0.1,0.1,0.1
1.137494,0.039923,0.245822,0.1,0.1,0.1
0.778732,-0.403786,0.512297,0.1,0.1,0.1
1.005228,0.450089,0.683724,0.1,0.1,0.1
1.211333,-0.392960,0.325078,0.1,0.1,0.1
1.093508,0.297788,0.639666,0.1,0.1,0.1
0.879948,0.661898,0.375309,0.1,0.1,0.1
0.714513,-0.448993,0.204755,0.1,0.1,0.1
1.056748,0.513297,0.077427,0.1,0.1,0.1
1.039116,0.616663,0.578170,0.1,0.1,0.1
0.909378,-0.188300,0.512297,0.1,0.1,0.1
0.655561,0.150329,0.664041,0.1,0.1,0.1
1.128343,0.093568,0.192266,0.1,0.1,0.1
0.648537,0.096172,0.512297,0.1,0.1,0.1
1.183962,-0.652265,0.683724,0.1,0.1,0.1
0.992789,-0.672893,0.331516,0.1,0.1,0.1
0.855812,-0.702007,0.683724,0.1,0.1,0.1
0.855000,0.677610,0.438629,0.1,0.1,0.1
0.757508,-0.355569,0.512297,0.1,0.1,0.1
1.014547,-0.107011,0.683724,0.1,0.1,0.1
0.965052,-0.669651,0.512297,0.1,0.1,0.1
1.024471,-0.488868,0.512297,0.1,0.1,0.1
1.046660,0.572439,0.063151,0.1,0.1,0.1
1.064696,-0.046240,0.232189,0.1,0.1,0.1
0.561893,0.325355,0.197932,0.1,0.1,0.1
0.966912,0.696699,0.664223,0.1,0.1,0.1
0.952924,-0.065305,0.625283,0.1,0.1,0.1
1.092094,0.189022,0.383875,0.1,0.1,0.1
1.056053,0.517369,0.183190,0.1,0.1,0.1
0.948581,-0.572291,0.512297,0.1,0.1,0.1
1.145354,-0.006157,0.089377,0.1,0.1,0.1
0.905482,-0.197095,0.512297,0.1,0.1,0.1
0.794976,0.227635,0.185072,0.1,0.1,0.1
0.618298,0.430158,0.683724,0.1,0.1,0.1
1.109236,-0.038642,0.327517,0.1,0.1,0.1
1.031604,0.660704,0.482934,0.1,0.1,0.1
0.786896,-0.045788,0.664041,0.1,0.1,0.1
1.042473,0.479923,0.243915,0.1,0.1,0.1
0.835843,-0.061065,0.512297,0.1,0.1,0.1
1.015547,-0.421777,0.204755,0.1,0.1,0.1
1.211353,-0.510141,0.137148,0.1,0.1,0.1
1.061771,0.483848,0.446527,0.1,0.1,0.1
0.629750,0.422080,0.683724,0.1,0.1,0.1
0.623540,0.618161,0.327532,0.1,0.1,0.1
1.199082,-0.438200,0.230774,0.1,0.1,0.1
1.223251,-0.579889,0.634900,0.1,0.1,0.1
0.874721,-0.713000,0.273339,0.1,0.1,0.1
1.077506,0.274542,0.455394,0.1,0.1,0.1
0.901938,-0.150505,0.512297,0.1,0.1,0.1
0.567043,0.485709,0.512297,0.1,0.1,0.1
1.250613,-0.623240,0.167520,0.1,0.1,0.1
1.166273,-0.490469,0.664041,0.1,0.1,0.1
0.658432,0.207784,0.664041,0.1,0.1,0.1
1.023985,0.601157,0.673882,0.1,0.1,0.1
1.072053,0.423573,0.506191,0.1,0.1,0.1
1.227819,-0.489609,0.600675,0.1,0.1,0.1
1.080598,-0.222628,0.204755,0.1,0.1,0.1
0.918270,0.294510,0.683724,0.1,0.1,0.1
1.051960,0.541370,0.096297,0.1,0.1,0.1
1.216190,-0.421438,0.142341,0.1,0.1,0.1
0.590578,0.157189,0.201509,0.1,0.1,0.1
0.586736,0.338779,0.512297,0.1,0.1,0.1
0.834786,-0.085457,0.674937,0.1,0.1,0.1
1.029229,-0.052290,0.186865,0.1,0.1,0.1
0.911872,0.667343,0.316417,0.1,0.1,0.1
0.719791,0.634579,0.535662,0.1,0.1,0.1
0.666949,-0.057224,0.185072,0.1,0.1,0.1
1.075982,0.400538,0.086390,0.1,0.1,0.1
0.829545,-0.086351,0.207149,0.1,0.1,0.1
1.079016,0.265690,0.343217,0.1,0.1,0.1
1.249100,-0.614372,0.180182,0.1,0.1,0.1
0.943732,-0.681261,0.615078,0.1,0.1,0.1
0.827673,0.088685,0.683724,0.1,0.1,0.1
1.179521,-0.323525,0.126006,0.1,0.1,0.1
1.091916,0.307121,0.527027,0.1,0.1,0.1
1.076802,0.395728,0.369856,0.1,0.1,0.1
0.744161,-0.187951,0.512297,0.1,0.1,0.1
0.711715,0.467274,0.512297,0.1,0.1,0.1
0.927957,-0.703919,0.351801,0.1,0.1,0.1
0.676744,0.185982,0.683724,0.1,0.1,0.1
0.648543,0.547303,0.185072,0.1,0.1,0.1
0.775491,0.416141,0.512297,0.1,0.1,0.1
0.793925,-0.626248,0.204755,0.1,0.1,0.1
0.746279,0.639097,0.460368,0.1,0.1,0.1
0.569824,0.291535,0.512297,0.1,0.1,0.1
1.013261,0.704605,0.665781,0.1,0.1,0.1
1.110053,-0.402725,0.683724,0.1,0.1,0.1
0.981365,-0.241696,0.664041,0.1,0.1,0.1
1.190209,-0.386181,0.590204,0.1,0.1,0.1
1.130615,-0.036809,0.199918,0.1,0.1,0.1
0.760798,-0.574909,0.185072,0.1,0.1,0.1
0.974170,-0.167813,0.185072,0.1,0.1,0.1
0.831824,-0.173517,0.512297,0.1,0.1,0.1
1.208057,-0.636174,0.529287,0.1,0.1,0.1
0.705801,-0.480481,0.512297,0.1,0.1,0.1
0.765572,-0.367830,0.683724,0.1,0.1,0.1
0.831107,-0.086084,0.238574,0.1,0.1,0.1
0.750886,0.659851,0.251076,0.1,0.1,0.1
1.135890,-0.160282,0.683724,0.1,0.1,0.1
0.708759,-0.243164,0.664041,0.1,0.1,0.1
1.206179,-0.479804,0.201193,0.1,0.1,0.1
0.783362,0.006681,0.512297,0.1,0.1,0.1
1.011663,-0.329226,0.185072,0.1,0.1,0.1
1.104870,0.076249,0.683724,0.1,0.1,0.1
0.973764,-0.513075,0.683724,0.1,0.1,0.1
0.932322,0.690799,0.596660,0.1,0.1,0.1
1.111295,-0.391310,0.512297,0.1,0.1,0.1
0.676040,0.636887,0.185072,0.1,0.1,0.1
1.109029,0.206795,0.563473,0.1,0.1,0.1
0.863729,-0.714875,0.401712,0.1,0.1,0.1
0.944160,0.656484,0.683724,0.1,0.1,0.1
1.080988,-0.677816,0.319483,0.1,0.1,0.1
0.638321,0.160202,0.512297,0.1,0.1,0.1
0.834895,-0.500291,0.664041,0.1,0.1,0.1
0.738439,-0.062042,0.512297,0.1,0.1,0.1
0.722450,0.640208,0.204755,0.1,0.1,0.1
1.062891,-0.006686,0.664041,0.1,0.1,0.1
1.085456,0.344997,0.615928,0.1,0.1,0.1
0.738634,0.024545,0.512297,0.1,0.1,0.1
0.826602,-0.086853,0.247733,0.1,0.1,0.1
0.753565,-0.713699,0.225337,0.1,0.1,0.1
1.009818,-0.367782,0.512297,0.1,0.1,0.1
0.858311,-0.489325,0.185072,0.1,0.1,0.1
0.983326,0.408924,0.204755,0.1,0.1,0.1
1.116893,0.147875,0.673882,0.1,0.1,0.1
0.804881,-0.052548,0.512297,0.1,0.1,0.1
0.828384,-0.283343,0.512297,0.1,0.1,0.1
1.136799,-0.302912,0.512297,0.1,0.1,0.1
0.786426,-0.436355,0.204755,0.1,0.1,0.1
1.136369,-0.070545,0.574046,0.1,0.1,0.1
0.766834,0.249222,0.185072,0.1,0.1,0.1
1.161577,-0.101267,0.042424,0.1,0.1,0.1
0.936164,-0.692535,0.198132,0.1,0.1,0.1
0.809328,-0.050901,0.683724,0.1,0.1,0.1
0.870383,-0.051556,0.512297,0.1,0.1,0.1
1.207480,-0.487431,0.268179,0.1,0.1,0.1
0.917146,0.688210,0.630944,0.1,0.1,0.1
0.937446,-0.026481,0.664041,0.1,0.1,0.1
0.719586,-0.105107,0.393005,0.1,0.1,0.1
1.137787,-0.078855,0.003442,0.1,0.1,0.1
1.117650,-0.037207,0.543637,0.1,0.1,0.1
