pos,joint,obb_center_x,obb_center_y,obb_center_z,obb_axis_x1,obb_axis_y1,obb_axis_z1,obb_axis_x2,obb_axis_y2,obb_axis_z2,obb_axis_x3,obb_axis_y3,obb_axis_z3,obb_half_length_x,obb_half_length_y,obb_half_length_z
0,0,0.4376,-0.0088,0.4400,1.0000,-0.0046,0.0000,0.0046,1.0000,0.0000,0.0000,0.0000,1.0000,0.2577,0.2263,0.1400
0,1,0.4458,-0.0059,0.6052,1.0000,-0.0046,0.0000,0.0046,1.0000,0.0000,0.0000,0.0000,1.0000,0.1100,0.2168,0.3052
0,2,0.5214,-0.0666,0.5173,1.0000,-0.0046,0.0000,0.0046,1.0000,0.0000,0.0000,0.0000,1.0000,0.1101,0.3070,0.2173
0,3,0.5430,-0.2434,0.5889,1.0000,-0.0046,0.0000,0.0046,1.0000,0.0000,0.0000,0.0000,1.0000,0.2836,0.2073,0.2889
0,4,0.6608,-0.2904,0.5062,1.0000,-0.0046,0.0000,0.0046,1.0000,0.0000,0.0000,0.0000,1.0000,0.2820,0.2947,0.2062
0,5,0.8291,-0.1544,0.6614,1.0000,-0.0046,0.0000,0.0046,1.0000,0.0000,0.0000,0.0000,1.0000,0.1112,0.2100,0.3614
0,6,0.9222,-0.1353,0.4265,1.0000,-0.0046,0.0000,0.0046,1.0000,0.0000,0.0000,0.0000,1.0000,0.1972,0.1336,0.1265
0,7,1.0311,-0.1274,0.4491,1.0000,-0.0046,0.0000,0.0046,1.0000,0.0000,0.0000,0.0000,1.0000,0.1624,0.1625,0.0548
0,8,1.0587,-0.0844,0.4472,1.0000,-0.0046,0.0000,0.0046,1.0000,0.0000,0.0000,0.0000,1.0000,0.0831,0.2046,0.1050
0,9,1.0893,-0.0182,0.4544,1.0000,-0.0046,0.0000,0.0046,1.0000,0.0000,0.0000,0.0000,1.0000,0.0210,0.0279,0.0569
0,10,1.1329,-0.0783,0.4546,1.0000,-0.0046,0.0000,0.0046,1.0000,0.0000,0.0000,0.0000,1.0000,0.0210,0.0279,0.0569
1,0,0.9065,-0.0117,0.4400,1.0000,-0.0085,0.0000,0.0085,1.0000,0.0000,0.0000,0.0000,1.0000,0.2577,0.2263,0.1400
1,1,0.9146,-0.0089,0.6052,1.0000,-0.0085,0.0000,0.0085,1.0000,0.0000,0.0000,0.0000,1.0000,0.1100,0.2168,0.3052
1,2,0.9900,-0.0698,0.5173,1.0000,-0.0085,0.0000,0.0085,1.0000,0.0000,0.0000,0.0000,1.0000,0.1101,0.3070,0.2173
1,3,1.0109,-0.2467,0.5889,1.0000,-0.0085,0.0000,0.0085,1.0000,0.0000,0.0000,0.0000,1.0000,0.2836,0.2073,0.2889
1,4,1.1286,-0.2942,0.5062,1.0000,-0.0085,0.0000,0.0085,1.0000,0.0000,0.0000,0.0000,1.0000,0.2820,0.2947,0.2062
1,5,1.2974,-0.1589,0.6614,1.0000,-0.0085,0.0000,0.0085,1.0000,0.0000,0.0000,0.0000,1.0000,0.1112,0.2100,0.3614
1,6,1.3905,-0.1402,0.4265,1.0000,-0.0085,0.0000,0.0085,1.0000,0.0000,0.0000,0.0000,1.0000,0.1972,0.1336,0.1265
1,7,1.4995,-0.1327,0.4491,1.0000,-0.0085,0.0000,0.0085,1.0000,0.0000,0.0000,0.0000,1.0000,0.1624,0.1625,0.0548
1,8,1.5273,-0.0897,0.4472,1.0000,-0.0085,0.0000,0.0085,1.0000,0.0000,0.0000,0.0000,1.0000,0.0831,0.2046,0.1050
1,9,1.5581,-0.0237,0.4544,1.0000,-0.0085,0.0000,0.0085,1.0000,0.0000,0.0000,0.0000,1.0000,0.0210,0.0279,0.0569
1,10,1.6015,-0.0840,0.4546,1.0000,-0.0085,0.0000,0.0085,1.0000,0.0000,0.0000,0.0000,1.0000,0.0210,0.0279,0.0569
2,0,1.3667,-0.0164,0.4400,0.9999,-0.0127,0.0000,0.0127,0.9999,0.0000,0.0000,0.0000,1.0000,0.2577,0.2263,0.1400
2,1,1.3748,-0.0136,0.6052,0.9999,-0.0127,0.0000,0.0127,0.9999,0.0000,0.0000,0.0000,1.0000,0.1100,0.2168,0.3052
2,2,1.4500,-0.0749,0.5173,0.9999,-0.0127,0.0000,0.0127,0.9999,0.0000,0.0000,0.0000,1.0000,0.1101,0.3070,0.2173
2,3,1.4701,-0.2518,0.5889,0.9999,-0.0127,0.0000,0.0127,0.9999,0.0000,0.0000,0.0000,1.0000,0.2836,0.2073,0.2889
2,4,1.5876,-0.2998,0.5062,0.9999,-0.0127,0.0000,0.0127,0.9999,0.0000,0.0000,0.0000,1.0000,0.2820,0.2947,0.2062
2,5,1.7569,-0.1652,0.6614,0.9999,-0.0127,0.0000,0.0127,0.9999,0.0000,0.0000,0.0000,1.0000,0.1112,0.2100,0.3614
2,6,1.8502,-0.1469,0.4265,0.9999,-0.0127,0.0000,0.0127,0.9999,0.0000,0.0000,0.0000,1.0000,0.1972,0.1336,0.1265
2,7,1.9592,-0.1398,0.4491,0.9999,-0.0127,0.0000,0.0127,0.9999,0.0000,0.0000,0.0000,1.0000,0.1624,0.1625,0.0548
2,8,1.9871,-0.0970,0.4472,0.9999,-0.0127,0.0000,0.0127,0.9999,0.0000,0.0000,0.0000,1.0000,0.0831,0.2046,0.1050
2,9,2.0183,-0.0311,0.4544,0.9999,-0.0127,0.0000,0.0127,0.9999,0.0000,0.0000,0.0000,1.0000,0.0210,0.0279,0.0569
2,10,2.0614,-0.0915,0.4546,0.9999,-0.0127,0.0000,0.0127,0.9999,0.0000,0.0000,0.0000,1.0000,0.0210,0.0279,0.0569
3,0,1.8182,-0.0229,0.4400,0.9999,-0.0167,0.0000,0.0167,0.9999,0.0000,0.0000,0.0000,1.0000,0.2577,0.2263,0.1400
3,1,1.8264,-0.0201,0.6052,0.9999,-0.0167,0.0000,0.0167,0.9999,0.0000,0.0000,0.0000,1.0000,0.1100,0.2168,0.3052
3,2,1.9012,-0.0817,0.5173,0.9999,-0.0167,0.0000,0.0167,0.9999,0.0000,0.0000,0.0000,1.0000,0.1101,0.3070,0.2173
3,3,1.9207,-0.2587,0.5889,0.9999,-0.0167,0.0000,0.0167,0.9999,0.0000,0.0000,0.0000,1.0000,0.2836,0.2073,0.2889
3,4,2.0380,-0.3072,0.5062,0.9999,-0.0167,0.0000,0.0167,0.9999,0.0000,0.0000,0.0000,1.0000,0.2820,0.2947,0.2062
3,5,2.2078,-0.1732,0.6614,0.9999,-0.0167,0.0000,0.0167,0.9999,0.0000,0.0000,0.0000,1.0000,0.1112,0.2100,0.3614
3,6,2.3012,-0.1553,0.4265,0.9999,-0.0167,0.0000,0.0167,0.9999,0.0000,0.0000,0.0000,1.0000,0.1972,0.1336,0.1265
3,7,2.4102,-0.1487,0.4491,0.9999,-0.0167,0.0000,0.0167,0.9999,0.0000,0.0000,0.0000,1.0000,0.1624,0.1625,0.0548
3,8,2.4383,-0.1060,0.4472,0.9999,-0.0167,0.0000,0.0167,0.9999,0.0000,0.0000,0.0000,1.0000,0.0831,0.2046,0.1050
3,9,2.4697,-0.0402,0.4544,0.9999,-0.0167,0.0000,0.0167,0.9999,0.0000,0.0000,0.0000,1.0000,0.0210,0.0279,0.0569
3,10,2.5126,-0.1008,0.4546,0.9999,-0.0167,0.0000,0.0167,0.9999,0.0000,0.0000,0.0000,1.0000,0.0210,0.0279,0.0569
4,0,2.2601,-0.0309,0.4400,0.9998,-0.0204,0.0000,0.0204,0.9998,0.0000,0.0000,0.0000,1.0000,0.2577,0.2263,0.1400
4,1,2.2683,-0.0282,0.6052,0.9998,-0.0204,0.0000,0.0204,0.9998,0.0000,0.0000,0.0000,1.0000,0.1100,0.2168,0.3052
4,2,2.3429,-0.0900,0.5173,0.9998,-0.0204,0.0000,0.0204,0.9998,0.0000,0.0000,0.0000,1.0000,0.1101,0.3070,0.2173
4,3,2.3617,-0.2672,0.5889,0.9998,-0.0204,0.0000,0.0204,0.9998,0.0000,0.0000,0.0000,1.0000,0.2836,0.2073,0.2889
4,4,2.4788,-0.3161,0.5062,0.9998,-0.0204,0.0000,0.0204,0.9998,0.0000,0.0000,0.0000,1.0000,0.2820,0.2947,0.2062
4,5,2.6492,-0.1827,0.6614,0.9998,-0.0204,0.0000,0.0204,0.9998,0.0000,0.0000,0.0000,1.0000,0.1112,0.2100,0.3614
4,6,2.7426,-0.1651,0.4265,0.9998,-0.0204,0.0000,0.0204,0.9998,0.0000,0.0000,0.0000,1.0000,0.1972,0.1336,0.1265
4,7,2.8516,-0.1589,0.4491,0.9998,-0.0204,0.0000,0.0204,0.9998,0.0000,0.0000,0.0000,1.0000,0.1624,0.1625,0.0548
4,8,2.8799,-0.1163,0.4472,0.9998,-0.0204,0.0000,0.0204,0.9998,0.0000,0.0000,0.0000,1.0000,0.0831,0.2046,0.1050
4,9,2.9115,-0.0506,0.4544,0.9998,-0.0204,0.0000,0.0204,0.9998,0.0000,0.0000,0.0000,1.0000,0.0210,0.0279,0.0569
4,10,2.9542,-0.1114,0.4546,0.9998,-0.0204,0.0000,0.0204,0.9998,0.0000,0.0000,0.0000,1.0000,0.0210,0.0279,0.0569
5,0,2.6913,-0.0403,0.4400,0.9997,-0.0239,0.0000,0.0239,0.9997,0.0000,0.0000,0.0000,1.0000,0.2577,0.2263,0.1400
5,1,2.6994,-0.0376,0.6052,0.9997,-0.0239,0.0000,0.0239,0.9997,0.0000,0.0000,0.0000,1.0000,0.1100,0.2168,0.3052
5,2,2.7739,-0.0997,0.5173,0.9997,-0.0239,0.0000,0.0239,0.9997,0.0000,0.0000,0.0000,1.0000,0.1101,0.3070,0.2173
5,3,2.7920,-0.2769,0.5889,0.9997,-0.0239,0.0000,0.0239,0.9997,0.0000,0.0000,0.0000,1.0000,0.2836,0.2073,0.2889
5,4,2.9090,-0.3262,0.5062,0.9997,-0.0239,0.0000,0.0239,0.9997,0.0000,0.0000,0.0000,1.0000,0.2820,0.2947,0.2062
5,5,3.0798,-0.1935,0.6614,0.9997,-0.0239,0.0000,0.0239,0.9997,0.0000,0.0000,0.0000,1.0000,0.1112,0.2100,0.3614
5,6,3.1732,-0.1762,0.4265,0.9997,-0.0239,0.0000,0.0239,0.9997,0.0000,0.0000,0.0000,1.0000,0.1972,0.1336,0.1265
5,7,3.2823,-0.1704,0.4491,0.9997,-0.0239,0.0000,0.0239,0.9997,0.0000,0.0000,0.0000,1.0000,0.1624,0.1625,0.0548
5,8,3.3107,-0.1278,0.4472,0.9997,-0.0239,0.0000,0.0239,0.9997,0.0000,0.0000,0.0000,1.0000,0.0831,0.2046,0.1050
5,9,3.3426,-0.0623,0.4544,0.9997,-0.0239,0.0000,0.0239,0.9997,0.0000,0.0000,0.0000,1.0000,0.0210,0.0279,0.0569
5,10,3.3851,-0.1232,0.4546,0.9997,-0.0239,0.0000,0.0239,0.9997,0.0000,0.0000,0.0000,1.0000,0.0210,0.0279,0.0569
6,0,3.1107,-0.0507,0.4400,0.9997,-0.0262,0.0000,0.0262,0.9997,0.0000,0.0000,0.0000,1.0000,0.2577,0.2263,0.1400
6,1,3.1189,-0.0480,0.6052,0.9997,-0.0262,0.0000,0.0262,0.9997,0.0000,0.0000,0.0000,1.0000,0.1100,0.2168,0.3052
6,2,3.1931,-0.1103,0.5173,0.9997,-0.0262,0.0000,0.0262,0.9997,0.0000,0.0000,0.0000,1.0000,0.1101,0.3070,0.2173
6,3,3.2109,-0.2875,0.5889,0.9997,-0.0262,0.0000,0.0262,0.9997,0.0000,0.0000,0.0000,1.0000,0.2836,0.2073,0.2889
6,4,3.3278,-0.3371,0.5062,0.9997,-0.0262,0.0000,0.0262,0.9997,0.0000,0.0000,0.0000,1.0000,0.2820,0.2947,0.2062
6,5,3.4989,-0.2048,0.6614,0.9997,-0.0262,0.0000,0.0262,0.9997,0.0000,0.0000,0.0000,1.0000,0.1112,0.2100,0.3614
6,6,3.5924,-0.1877,0.4265,0.9997,-0.0262,0.0000,0.0262,0.9997,0.0000,0.0000,0.0000,1.0000,0.1972,0.1336,0.1265
6,7,3.7014,-0.1822,0.4491,0.9997,-0.0262,0.0000,0.0262,0.9997,0.0000,0.0000,0.0000,1.0000,0.1624,0.1625,0.0548
6,8,3.7300,-0.1397,0.4472,0.9997,-0.0262,0.0000,0.0262,0.9997,0.0000,0.0000,0.0000,1.0000,0.0831,0.2046,0.1050
6,9,3.7620,-0.0742,0.4544,0.9997,-0.0262,0.0000,0.0262,0.9997,0.0000,0.0000,0.0000,1.0000,0.0210,0.0279,0.0569
6,10,3.8043,-0.1352,0.4546,0.9997,-0.0262,0.0000,0.0262,0.9997,0.0000,0.0000,0.0000,1.0000,0.0210,0.0279,0.0569
7,0,3.5176,-0.0618,0.4400,0.9996,-0.0286,0.0000,0.0286,0.9996,0.0000,0.0000,0.0000,1.0000,0.2577,0.2263,0.1400
7,1,3.5257,-0.0591,0.6052,0.9996,-0.0286,0.0000,0.0286,0.9996,0.0000,0.0000,0.0000,1.0000,0.1100,0.2168,0.3052
7,2,3.5999,-0.1216,0.5173,0.9996,-0.0286,0.0000,0.0286,0.9996,0.0000,0.0000,0.0000,1.0000,0.1101,0.3070,0.2173
7,3,3.6172,-0.2988,0.5889,0.9996,-0.0286,0.0000,0.0286,0.9996,0.0000,0.0000,0.0000,1.0000,0.2836,0.2073,0.2889
7,4,3.7339,-0.3487,0.5062,0.9996,-0.0286,0.0000,0.0286,0.9996,0.0000,0.0000,0.0000,1.0000,0.2820,0.2947,0.2062
7,5,3.9054,-0.2168,0.6614,0.9996,-0.0286,0.0000,0.0286,0.9996,0.0000,0.0000,0.0000,1.0000,0.1112,0.2100,0.3614
7,6,3.9989,-0.1999,0.4265,0.9996,-0.0286,0.0000,0.0286,0.9996,0.0000,0.0000,0.0000,1.0000,0.1972,0.1336,0.1265
7,7,4.1080,-0.1947,0.4491,0.9996,-0.0286,0.0000,0.0286,0.9996,0.0000,0.0000,0.0000,1.0000,0.1624,0.1625,0.0548
7,8,4.1366,-0.1523,0.4472,0.9996,-0.0286,0.0000,0.0286,0.9996,0.0000,0.0000,0.0000,1.0000,0.0831,0.2046,0.1050
7,9,4.1688,-0.0869,0.4544,0.9996,-0.0286,0.0000,0.0286,0.9996,0.0000,0.0000,0.0000,1.0000,0.0210,0.0279,0.0569
7,10,4.2110,-0.1480,0.4546,0.9996,-0.0286,0.0000,0.0286,0.9996,0.0000,0.0000,0.0000,1.0000,0.0210,0.0279,0.0569
8,0,3.9116,-0.0734,0.4400,0.9995,-0.0310,0.0000,0.0310,0.9995,0.0000,0.0000,0.0000,1.0000,0.2577,0.2263,0.1400
8,1,3.9197,-0.0708,0.6052,0.9995,-0.0310,0.0000,0.0310,0.9995,0.0000,0.0000,0.0000,1.0000,0.1100,0.2168,0.3052
8,2,3.9937,-0.1334,0.5173,0.9995,-0.0310,0.0000,0.0310,0.9995,0.0000,0.0000,0.0000,1.0000,0.1101,0.3070,0.2173
8,3,4.0106,-0.3107,0.5889,0.9995,-0.0310,0.0000,0.0310,0.9995,0.0000,0.0000,0.0000,1.0000,0.2836,0.2073,0.2889
8,4,4.1273,-0.3609,0.5062,0.9995,-0.0310,0.0000,0.0310,0.9995,0.0000,0.0000,0.0000,1.0000,0.2820,0.2947,0.2062
8,5,4.2990,-0.2293,0.6614,0.9995,-0.0310,0.0000,0.0310,0.9995,0.0000,0.0000,0.0000,1.0000,0.1112,0.2100,0.3614
8,6,4.3926,-0.2127,0.4265,0.9995,-0.0310,0.0000,0.0310,0.9995,0.0000,0.0000,0.0000,1.0000,0.1972,0.1336,0.1265
8,7,4.5017,-0.2077,0.4491,0.9995,-0.0310,0.0000,0.0310,0.9995,0.0000,0.0000,0.0000,1.0000,0.1624,0.1625,0.0548
8,8,4.5304,-0.1654,0.4472,0.9995,-0.0310,0.0000,0.0310,0.9995,0.0000,0.0000,0.0000,1.0000,0.0831,0.2046,0.1050
8,9,4.5627,-0.1000,0.4544,0.9995,-0.0310,0.0000,0.0310,0.9995,0.0000,0.0000,0.0000,1.0000,0.0210,0.0279,0.0569
8,10,4.6048,-0.1613,0.4546,0.9995,-0.0310,0.0000,0.0310,0.9995,0.0000,0.0000,0.0000,1.0000,0.0210,0.0279,0.0569
9,0,4.2928,-0.0857,0.4400,0.9994,-0.0336,0.0000,0.0336,0.9994,0.0000,0.0000,0.0000,1.0000,0.2577,0.2263,0.1400
9,1,4.3010,-0.0830,0.6052,0.9994,-0.0336,0.0000,0.0336,0.9994,0.0000,0.0000,0.0000,1.0000,0.1100,0.2168,0.3052
9,2,4.3748,-0.1458,0.5173,0.9994,-0.0336,0.0000,0.0336,0.9994,0.0000,0.0000,0.0000,1.0000,0.1101,0.3070,0.2173
9,3,4.3913,-0.3232,0.5889,0.9994,-0.0336,0.0000,0.0336,0.9994,0.0000,0.0000,0.0000,1.0000,0.2836,0.2073,0.2889
9,4,4.5077,-0.3736,0.5062,0.9994,-0.0336,0.0000,0.0336,0.9994,0.0000,0.0000,0.0000,1.0000,0.2820,0.2947,0.2062
9,5,4.6798,-0.2426,0.6614,0.9994,-0.0336,0.0000,0.0336,0.9994,0.0000,0.0000,0.0000,1.0000,0.1112,0.2100,0.3614
9,6,4.7735,-0.2262,0.4265,0.9994,-0.0336,0.0000,0.0336,0.9994,0.0000,0.0000,0.0000,1.0000,0.1972,0.1336,0.1265
9,7,4.8826,-0.2215,0.4491,0.9994,-0.0336,0.0000,0.0336,0.9994,0.0000,0.0000,0.0000,1.0000,0.1624,0.1625,0.0548
9,8,4.9114,-0.1792,0.4472,0.9994,-0.0336,0.0000,0.0336,0.9994,0.0000,0.0000,0.0000,1.0000,0.0831,0.2046,0.1050
9,9,4.9439,-0.1140,0.4544,0.9994,-0.0336,0.0000,0.0336,0.9994,0.0000,0.0000,0.0000,1.0000,0.0210,0.0279,0.0569
9,10,4.9858,-0.1753,0.4546,0.9994,-0.0336,0.0000,0.0336,0.9994,0.0000,0.0000,0.0000,1.0000,0.0210,0.0279,0.0569
10,0,4.6608,-0.0983,0.4400,0.9994,-0.0356,0.0000,0.0356,0.9994,0.0000,0.0000,0.0000,1.0000,0.2577,0.2263,0.1400
10,1,4.6690,-0.0957,0.6052,0.9994,-0.0356,0.0000,0.0356,0.9994,0.0000,0.0000,0.0000,1.0000,0.1100,0.2168,0.3052
10,2,4.7427,-0.1587,0.5173,0.9994,-0.0356,0.0000,0.0356,0.9994,0.0000,0.0000,0.0000,1.0000,0.1101,0.3070,0.2173
10,3,4.7588,-0.3360,0.5889,0.9994,-0.0356,0.0000,0.0356,0.9994,0.0000,0.0000,0.0000,1.0000,0.2836,0.2073,0.2889
10,4,4.8752,-0.3867,0.5062,0.9994,-0.0356,0.0000,0.0356,0.9994,0.0000,0.0000,0.0000,1.0000,0.2820,0.2947,0.2062
10,5,5.0475,-0.2560,0.6614,0.9994,-0.0356,0.0000,0.0356,0.9994,0.0000,0.0000,0.0000,1.0000,0.1112,0.2100,0.3614
10,6,5.1412,-0.2398,0.4265,0.9994,-0.0356,0.0000,0.0356,0.9994,0.0000,0.0000,0.0000,1.0000,0.1972,0.1336,0.1265
10,7,5.2503,-0.2353,0.4491,0.9994,-0.0356,0.0000,0.0356,0.9994,0.0000,0.0000,0.0000,1.0000,0.1624,0.1625,0.0548
10,8,5.2792,-0.1931,0.4472,0.9994,-0.0356,0.0000,0.0356,0.9994,0.0000,0.0000,0.0000,1.0000,0.0831,0.2046,0.1050
10,9,5.3118,-0.1279,0.4544,0.9994,-0.0356,0.0000,0.0356,0.9994,0.0000,0.0000,0.0000,1.0000,0.0210,0.0279,0.0569
10,10,5.3536,-0.1893,0.4546,0.9994,-0.0356,0.0000,0.0356,0.9994,0.0000,0.0000,0.0000,1.0000,0.0210,0.0279,0.0569
11,0,5.0147,-0.1111,0.4400,0.9993,-0.0370,0.0000,0.0370,0.9993,0.0000,0.0000,0.0000,1.0000,0.2577,0.2263,0.1400
11,1,5.0229,-0.1085,0.6052,0.9993,-0.0370,0.0000,0.0370,0.9993,0.0000,0.0000,0.0000,1.0000,0.1100,0.2168,0.3052
11,2,5.0965,-0.1716,0.5173,0.9993,-0.0370,0.0000,0.0370,0.9993,0.0000,0.0000,0.0000,1.0000,0.1101,0.3070,0.2173
11,3,5.1124,-0.3490,0.5889,0.9993,-0.0370,0.0000,0.0370,0.9993,0.0000,0.0000,0.0000,1.0000,0.2836,0.2073,0.2889
11,4,5.2286,-0.3998,0.5062,0.9993,-0.0370,0.0000,0.0370,0.9993,0.0000,0.0000,0.0000,1.0000,0.2820,0.2947,0.2062
11,5,5.4012,-0.2693,0.6614,0.9993,-0.0370,0.0000,0.0370,0.9993,0.0000,0.0000,0.0000,1.0000,0.1112,0.2100,0.3614
11,6,5.4949,-0.2533,0.4265,0.9993,-0.0370,0.0000,0.0370,0.9993,0.0000,0.0000,0.0000,1.0000,0.1972,0.1336,0.1265
11,7,5.6040,-0.2489,0.4491,0.9993,-0.0370,0.0000,0.0370,0.9993,0.0000,0.0000,0.0000,1.0000,0.1624,0.1625,0.0548
11,8,5.6330,-0.2068,0.4472,0.9993,-0.0370,0.0000,0.0370,0.9993,0.0000,0.0000,0.0000,1.0000,0.0831,0.2046,0.1050
11,9,5.6657,-0.1416,0.4544,0.9993,-0.0370,0.0000,0.0370,0.9993,0.0000,0.0000,0.0000,1.0000,0.0210,0.0279,0.0569
11,10,5.7074,-0.2031,0.4546,0.9993,-0.0370,0.0000,0.0370,0.9993,0.0000,0.0000,0.0000,1.0000,0.0210,0.0279,0.0569
12,0,5.3540,-0.1239,0.4400,0.9992,-0.0391,0.0000,0.0391,0.9992,0.0000,0.0000,0.0000,1.0000,0.2577,0.2263,0.1400
12,1,5.3622,-0.1214,0.6052,0.9992,-0.0391,0.0000,0.0391,0.9992,0.0000,0.0000,0.0000,1.0000,0.1100,0.2168,0.3052
12,2,5.4357,-0.1846,0.5173,0.9992,-0.0391,0.0000,0.0391,0.9992,0.0000,0.0000,0.0000,1.0000,0.1101,0.3070,0.2173
12,3,5.4512,-0.3620,0.5889,0.9992,-0.0391,0.0000,0.0391,0.9992,0.0000,0.0000,0.0000,1.0000,0.2836,0.2073,0.2889
12,4,5.5673,-0.4131,0.5062,0.9992,-0.0391,0.0000,0.0391,0.9992,0.0000,0.0000,0.0000,1.0000,0.2820,0.2947,0.2062
12,5,5.7402,-0.2830,0.6614,0.9992,-0.0391,0.0000,0.0391,0.9992,0.0000,0.0000,0.0000,1.0000,0.1112,0.2100,0.3614
12,6,5.8339,-0.2671,0.4265,0.9992,-0.0391,0.0000,0.0391,0.9992,0.0000,0.0000,0.0000,1.0000,0.1972,0.1336,0.1265
12,7,5.9430,-0.2630,0.4491,0.9992,-0.0391,0.0000,0.0391,0.9992,0.0000,0.0000,0.0000,1.0000,0.1624,0.1625,0.0548
12,8,5.9721,-0.2209,0.4472,0.9992,-0.0391,0.0000,0.0391,0.9992,0.0000,0.0000,0.0000,1.0000,0.0831,0.2046,0.1050
12,9,6.0049,-0.1558,0.4544,0.9992,-0.0391,0.0000,0.0391,0.9992,0.0000,0.0000,0.0000,1.0000,0.0210,0.0279,0.0569
12,10,6.0465,-0.2174,0.4546,0.9992,-0.0391,0.0000,0.0391,0.9992,0.0000,0.0000,0.0000,1.0000,0.0210,0.0279,0.0569
13,0,5.6783,-0.1368,0.4400,0.9992,-0.0410,0.0000,0.0410,0.9992,0.0000,0.0000,0.0000,1.0000,0.2577,0.2263,0.1400
13,1,5.6865,-0.1343,0.6052,0.9992,-0.0410,0.0000,0.0410,0.9992,0.0000,0.0000,0.0000,1.0000,0.1100,0.2168,0.3052
13,2,5.7599,-0.1976,0.5173,0.9992,-0.0410,0.0000,0.0410,0.9992,0.0000,0.0000,0.0000,1.0000,0.1101,0.3070,0.2173
13,3,5.7750,-0.3751,0.5889,0.9992,-0.0410,0.0000,0.0410,0.9992,0.0000,0.0000,0.0000,1.0000,0.2836,0.2073,0.2889
13,4,5.8911,-0.4264,0.5062,0.9992,-0.0410,0.0000,0.0410,0.9992,0.0000,0.0000,0.0000,1.0000,0.2820,0.2947,0.2062
13,5,6.0642,-0.2966,0.6614,0.9992,-0.0410,0.0000,0.0410,0.9992,0.0000,0.0000,0.0000,1.0000,0.1112,0.2100,0.3614
13,6,6.1579,-0.2809,0.4265,0.9992,-0.0410,0.0000,0.0410,0.9992,0.0000,0.0000,0.0000,1.0000,0.1972,0.1336,0.1265
13,7,6.2671,-0.2770,0.4491,0.9992,-0.0410,0.0000,0.0410,0.9992,0.0000,0.0000,0.0000,1.0000,0.1624,0.1625,0.0548
13,8,6.2962,-0.2350,0.4472,0.9992,-0.0410,0.0000,0.0410,0.9992,0.0000,0.0000,0.0000,1.0000,0.0831,0.2046,0.1050
13,9,6.3292,-0.1699,0.4544,0.9992,-0.0410,0.0000,0.0410,0.9992,0.0000,0.0000,0.0000,1.0000,0.0210,0.0279,0.0569
13,10,6.3706,-0.2316,0.4546,0.9992,-0.0410,0.0000,0.0410,0.9992,0.0000,0.0000,0.0000,1.0000,0.0210,0.0279,0.0569
14,0,5.9875,-0.1497,0.4400,0.9991,-0.0426,0.0000,0.0426,0.9991,0.0000,0.0000,0.0000,1.0000,0.2577,0.2263,0.1400
14,1,5.9958,-0.1472,0.6052,0.9991,-0.0426,0.0000,0.0426,0.9991,0.0000,0.0000,0.0000,1.0000,0.1100,0.2168,0.3052
14,2,6.0690,-0.2106,0.5173,0.9991,-0.0426,0.0000,0.0426,0.9991,0.0000,0.0000,0.0000,1.0000,0.1101,0.3070,0.2173
14,3,6.0839,-0.3881,0.5889,0.9991,-0.0426,0.0000,0.0426,0.9991,0.0000,0.0000,0.0000,1.0000,0.2836,0.2073,0.2889
14,4,6.1999,-0.4396,0.5062,0.9991,-0.0426,0.0000,0.0426,0.9991,0.0000,0.0000,0.0000,1.0000,0.2820,0.2947,0.2062
14,5,6.3732,-0.3101,0.6614,0.9991,-0.0426,0.0000,0.0426,0.9991,0.0000,0.0000,0.0000,1.0000,0.1112,0.2100,0.3614
14,6,6.4669,-0.2946,0.4265,0.9991,-0.0426,0.0000,0.0426,0.9991,0.0000,0.0000,0.0000,1.0000,0.1972,0.1336,0.1265
14,7,6.5761,-0.2908,0.4491,0.9991,-0.0426,0.0000,0.0426,0.9991,0.0000,0.0000,0.0000,1.0000,0.1624,0.1625,0.0548
14,8,6.6053,-0.2488,0.4472,0.9991,-0.0426,0.0000,0.0426,0.9991,0.0000,0.0000,0.0000,1.0000,0.0831,0.2046,0.1050
14,9,6.6384,-0.1839,0.4544,0.9991,-0.0426,0.0000,0.0426,0.9991,0.0000,0.0000,0.0000,1.0000,0.0210,0.0279,0.0569
14,10,6.6797,-0.2456,0.4546,0.9991,-0.0426,0.0000,0.0426,0.9991,0.0000,0.0000,0.0000,1.0000,0.0210,0.0279,0.0569
15,0,6.2818,-0.1624,0.4400,0.9990,-0.0440,0.0000,0.0440,0.9990,0.0000,0.0000,0.0000,1.0000,0.2577,0.2263,0.1400
15,1,6.2901,-0.1599,0.6052,0.9990,-0.0440,0.0000,0.0440,0.9990,0.0000,0.0000,0.0000,1.0000,0.1100,0.2168,0.3052
15,2,6.3632,-0.2235,0.5173,0.9990,-0.0440,0.0000,0.0440,0.9990,0.0000,0.0000,0.0000,1.0000,0.1101,0.3070,0.2173
15,3,6.3778,-0.4010,0.5889,0.9990,-0.0440,0.0000,0.0440,0.9990,0.0000,0.0000,0.0000,1.0000,0.2836,0.2073,0.2889
15,4,6.4938,-0.4526,0.5062,0.9990,-0.0440,0.0000,0.0440,0.9990,0.0000,0.0000,0.0000,1.0000,0.2820,0.2947,0.2062
15,5,6.6672,-0.3233,0.6614,0.9990,-0.0440,0.0000,0.0440,0.9990,0.0000,0.0000,0.0000,1.0000,0.1112,0.2100,0.3614
15,6,6.7610,-0.3079,0.4265,0.9990,-0.0440,0.0000,0.0440,0.9990,0.0000,0.0000,0.0000,1.0000,0.1972,0.1336,0.1265
15,7,6.8702,-0.3044,0.4491,0.9990,-0.0440,0.0000,0.0440,0.9990,0.0000,0.0000,0.0000,1.0000,0.1624,0.1625,0.0548
15,8,6.8994,-0.2624,0.4472,0.9990,-0.0440,0.0000,0.0440,0.9990,0.0000,0.0000,0.0000,1.0000,0.0831,0.2046,0.1050
15,9,6.9326,-0.1975,0.4544,0.9990,-0.0440,0.0000,0.0440,0.9990,0.0000,0.0000,0.0000,1.0000,0.0210,0.0279,0.0569
15,10,6.9738,-0.2593,0.4546,0.9990,-0.0440,0.0000,0.0440,0.9990,0.0000,0.0000,0.0000,1.0000,0.0210,0.0279,0.0569
16,0,6.5619,-0.1749,0.4400,0.9990,-0.0454,0.0000,0.0454,0.9990,0.0000,0.0000,0.0000,1.0000,0.2577,0.2263,0.1400
16,1,6.5701,-0.1723,0.6052,0.9990,-0.0454,0.0000,0.0454,0.9990,0.0000,0.0000,0.0000,1.0000,0.1100,0.2168,0.3052
16,2,6.6432,-0.2360,0.5173,0.9990,-0.0454,0.0000,0.0454,0.9990,0.0000,0.0000,0.0000,1.0000,0.1101,0.3070,0.2173
16,3,6.6575,-0.4136,0.5889,0.9990,-0.0454,0.0000,0.0454,0.9990,0.0000,0.0000,0.0000,1.0000,0.2836,0.2073,0.2889
16,4,6.7734,-0.4654,0.5062,0.9990,-0.0454,0.0000,0.0454,0.9990,0.0000,0.0000,0.0000,1.0000,0.2820,0.2947,0.2062
16,5,6.9470,-0.3363,0.6614,0.9990,-0.0454,0.0000,0.0454,0.9990,0.0000,0.0000,0.0000,1.0000,0.1112,0.2100,0.3614
16,6,7.0408,-0.3211,0.4265,0.9990,-0.0454,0.0000,0.0454,0.9990,0.0000,0.0000,0.0000,1.0000,0.1972,0.1336,0.1265
16,7,7.1500,-0.3176,0.4491,0.9990,-0.0454,0.0000,0.0454,0.9990,0.0000,0.0000,0.0000,1.0000,0.1624,0.1625,0.0548
16,8,7.1793,-0.2757,0.4472,0.9990,-0.0454,0.0000,0.0454,0.9990,0.0000,0.0000,0.0000,1.0000,0.0831,0.2046,0.1050
16,9,7.2126,-0.2108,0.4544,0.9990,-0.0454,0.0000,0.0454,0.9990,0.0000,0.0000,0.0000,1.0000,0.0210,0.0279,0.0569
16,10,7.2538,-0.2727,0.4546,0.9990,-0.0454,0.0000,0.0454,0.9990,0.0000,0.0000,0.0000,1.0000,0.0210,0.0279,0.0569
17,0,6.8285,-0.1871,0.4400,0.9989,-0.0469,0.0000,0.0469,0.9989,0.0000,0.0000,0.0000,1.0000,0.2577,0.2263,0.1400
17,1,6.8367,-0.1846,0.6052,0.9989,-0.0469,0.0000,0.0469,0.9989,0.0000,0.0000,0.0000,1.0000,0.1100,0.2168,0.3052
17,2,6.9097,-0.2484,0.5173,0.9989,-0.0469,0.0000,0.0469,0.9989,0.0000,0.0000,0.0000,1.0000,0.1101,0.3070,0.2173
17,3,6.9238,-0.4260,0.5889,0.9989,-0.0469,0.0000,0.0469,0.9989,0.0000,0.0000,0.0000,1.0000,0.2836,0.2073,0.2889
17,4,7.0396,-0.4779,0.5062,0.9989,-0.0469,0.0000,0.0469,0.9989,0.0000,0.0000,0.0000,1.0000,0.2820,0.2947,0.2062
17,5,7.2134,-0.3492,0.6614,0.9989,-0.0469,0.0000,0.0469,0.9989,0.0000,0.0000,0.0000,1.0000,0.1112,0.2100,0.3614
17,6,7.3072,-0.3340,0.4265,0.9989,-0.0469,0.0000,0.0469,0.9989,0.0000,0.0000,0.0000,1.0000,0.1972,0.1336,0.1265
17,7,7.4164,-0.3308,0.4491,0.9989,-0.0469,0.0000,0.0469,0.9989,0.0000,0.0000,0.0000,1.0000,0.1624,0.1625,0.0548
17,8,7.4458,-0.2889,0.4472,0.9989,-0.0469,0.0000,0.0469,0.9989,0.0000,0.0000,0.0000,1.0000,0.0831,0.2046,0.1050
17,9,7.4792,-0.2241,0.4544,0.9989,-0.0469,0.0000,0.0469,0.9989,0.0000,0.0000,0.0000,1.0000,0.0210,0.0279,0.0569
17,10,7.5202,-0.2860,0.4546,0.9989,-0.0469,0.0000,0.0469,0.9989,0.0000,0.0000,0.0000,1.0000,0.0210,0.0279,0.0569
18,0,7.0824,-0.1991,0.4400,0.9988,-0.0480,0.0000,0.0480,0.9988,0.0000,0.0000,0.0000,1.0000,0.2577,0.2263,0.1400
18,1,7.0907,-0.1966,0.6052,0.9988,-0.0480,0.0000,0.0480,0.9988,0.0000,0.0000,0.0000,1.0000,0.1100,0.2168,0.3052
18,2,7.1636,-0.2605,0.5173,0.9988,-0.0480,0.0000,0.0480,0.9988,0.0000,0.0000,0.0000,1.0000,0.1101,0.3070,0.2173
18,3,7.1775,-0.4381,0.5889,0.9988,-0.0480,0.0000,0.0480,0.9988,0.0000,0.0000,0.0000,1.0000,0.2836,0.2073,0.2889
18,4,7.2932,-0.4902,0.5062,0.9988,-0.0480,0.0000,0.0480,0.9988,0.0000,0.0000,0.0000,1.0000,0.2820,0.2947,0.2062
18,5,7.4672,-0.3616,0.6614,0.9988,-0.0480,0.0000,0.0480,0.9988,0.0000,0.0000,0.0000,1.0000,0.1112,0.2100,0.3614
18,6,7.5610,-0.3466,0.4265,0.9988,-0.0480,0.0000,0.0480,0.9988,0.0000,0.0000,0.0000,1.0000,0.1972,0.1336,0.1265
18,7,7.6702,-0.3434,0.4491,0.9988,-0.0480,0.0000,0.0480,0.9988,0.0000,0.0000,0.0000,1.0000,0.1624,0.1625,0.0548
18,8,7.6996,-0.3016,0.4472,0.9988,-0.0480,0.0000,0.0480,0.9988,0.0000,0.0000,0.0000,1.0000,0.0831,0.2046,0.1050
18,9,7.7331,-0.2368,0.4544,0.9988,-0.0480,0.0000,0.0480,0.9988,0.0000,0.0000,0.0000,1.0000,0.0210,0.0279,0.0569
18,10,7.7740,-0.2988,0.4546,0.9988,-0.0480,0.0000,0.0480,0.9988,0.0000,0.0000,0.0000,1.0000,0.0210,0.0279,0.0569
19,0,7.3243,-0.2108,0.4400,0.9988,-0.0490,0.0000,0.0490,0.9988,0.0000,0.0000,0.0000,1.0000,0.2577,0.2263,0.1400
19,1,7.3325,-0.2083,0.6052,0.9988,-0.0490,0.0000,0.0490,0.9988,0.0000,0.0000,0.0000,1.0000,0.1100,0.2168,0.3052
19,2,7.4053,-0.2723,0.5173,0.9988,-0.0490,0.0000,0.0490,0.9988,0.0000,0.0000,0.0000,1.0000,0.1101,0.3070,0.2173
19,3,7.4191,-0.4499,0.5889,0.9988,-0.0490,0.0000,0.0490,0.9988,0.0000,0.0000,0.0000,1.0000,0.2836,0.2073,0.2889
19,4,7.5347,-0.5021,0.5062,0.9988,-0.0490,0.0000,0.0490,0.9988,0.0000,0.0000,0.0000,1.0000,0.2820,0.2947,0.2062
19,5,7.7088,-0.3737,0.6614,0.9988,-0.0490,0.0000,0.0490,0.9988,0.0000,0.0000,0.0000,1.0000,0.1112,0.2100,0.3614
19,6,7.8027,-0.3588,0.4265,0.9988,-0.0490,0.0000,0.0490,0.9988,0.0000,0.0000,0.0000,1.0000,0.1972,0.1336,0.1265
19,7,7.9119,-0.3557,0.4491,0.9988,-0.0490,0.0000,0.0490,0.9988,0.0000,0.0000,0.0000,1.0000,0.1624,0.1625,0.0548
19,8,7.9413,-0.3139,0.4472,0.9988,-0.0490,0.0000,0.0490,0.9988,0.0000,0.0000,0.0000,1.0000,0.0831,0.2046,0.1050
19,9,7.9749,-0.2492,0.4544,0.9988,-0.0490,0.0000,0.0490,0.9988,0.0000,0.0000,0.0000,1.0000,0.0210,0.0279,0.0569
19,10,8.0158,-0.3111,0.4546,0.9988,-0.0490,0.0000,0.0490,0.9988,0.0000,0.0000,0.0000,1.0000,0.0210,0.0279,0.0569
20,0,7.5542,-0.2222,0.4400,0.9988,-0.0499,0.0000,0.0499,0.9988,0.0000,0.0000,0.0000,1.0000,0.2577,0.2263,0.1400
20,1,7.5624,-0.2197,0.6052,0.9988,-0.0499,0.0000,0.0499,0.9988,0.0000,0.0000,0.0000,1.0000,0.1100,0.2168,0.3052
20,2,7.6352,-0.2837,0.5173,0.9988,-0.0499,0.0000,0.0499,0.9988,0.0000,0.0000,0.0000,1.0000,0.1101,0.3070,0.2173
20,3,7.6488,-0.4613,0.5889,0.9988,-0.0499,0.0000,0.0499,0.9988,0.0000,0.0000,0.0000,1.0000,0.2836,0.2073,0.2889
20,4,7.7644,-0.5136,0.5062,0.9988,-0.0499,0.0000,0.0499,0.9988,0.0000,0.0000,0.0000,1.0000,0.2820,0.2947,0.2062
20,5,7.9386,-0.3853,0.6614,0.9988,-0.0499,0.0000,0.0499,0.9988,0.0000,0.0000,0.0000,1.0000,0.1112,0.2100,0.3614
20,6,8.0325,-0.3705,0.4265,0.9988,-0.0499,0.0000,0.0499,0.9988,0.0000,0.0000,0.0000,1.0000,0.1972,0.1336,0.1265
20,7,8.1417,-0.3675,0.4491,0.9988,-0.0499,0.0000,0.0499,0.9988,0.0000,0.0000,0.0000,1.0000,0.1624,0.1625,0.0548
20,8,8.1712,-0.3258,0.4472,0.9988,-0.0499,0.0000,0.0499,0.9988,0.0000,0.0000,0.0000,1.0000,0.0831,0.2046,0.1050
20,9,8.2048,-0.2611,0.4544,0.9988,-0.0499,0.0000,0.0499,0.9988,0.0000,0.0000,0.0000,1.0000,0.0210,0.0279,0.0569
20,10,8.2456,-0.3231,0.4546,0.9988,-0.0499,0.0000,0.0499,0.9988,0.0000,0.0000,0.0000,1.0000,0.0210,0.0279,0.0569
21,0,7.7723,-0.2331,0.4400,0.9987,-0.0508,0.0000,0.0508,0.9987,0.0000,0.0000,0.0000,1.0000,0.2577,0.2263,0.1400
21,1,7.7806,-0.2306,0.6052,0.9987,-0.0508,0.0000,0.0508,0.9987,0.0000,0.0000,0.0000,1.0000,0.1100,0.2168,0.3052
21,2,7.8533,-0.2947,0.5173,0.9987,-0.0508,0.0000,0.0508,0.9987,0.0000,0.0000,0.0000,1.0000,0.1101,0.3070,0.2173
21,3,7.8667,-0.4723,0.5889,0.9987,-0.0508,0.0000,0.0508,0.9987,0.0000,0.0000,0.0000,1.0000,0.2836,0.2073,0.2889
21,4,7.9823,-0.5248,0.5062,0.9987,-0.0508,0.0000,0.0508,0.9987,0.0000,0.0000,0.0000,1.0000,0.2820,0.2947,0.2062
21,5,8.1566,-0.3967,0.6614,0.9987,-0.0508,0.0000,0.0508,0.9987,0.0000,0.0000,0.0000,1.0000,0.1112,0.2100,0.3614
21,6,8.2505,-0.3819,0.4265,0.9987,-0.0508,0.0000,0.0508,0.9987,0.0000,0.0000,0.0000,1.0000,0.1972,0.1336,0.1265
21,7,8.3597,-0.3791,0.4491,0.9987,-0.0508,0.0000,0.0508,0.9987,0.0000,0.0000,0.0000,1.0000,0.1624,0.1625,0.0548
21,8,8.3892,-0.3373,0.4472,0.9987,-0.0508,0.0000,0.0508,0.9987,0.0000,0.0000,0.0000,1.0000,0.0831,0.2046,0.1050
21,9,8.4229,-0.2726,0.4544,0.9987,-0.0508,0.0000,0.0508,0.9987,0.0000,0.0000,0.0000,1.0000,0.0210,0.0279,0.0569
21,10,8.4637,-0.3347,0.4546,0.9987,-0.0508,0.0000,0.0508,0.9987,0.0000,0.0000,0.0000,1.0000,0.0210,0.0279,0.0569
22,0,7.9788,-0.2437,0.4400,0.9987,-0.0516,0.0000,0.0516,0.9987,0.0000,0.0000,0.0000,1.0000,0.2577,0.2263,0.1400
22,1,7.9871,-0.2412,0.6052,0.9987,-0.0516,0.0000,0.0516,0.9987,0.0000,0.0000,0.0000,1.0000,0.1100,0.2168,0.3052
22,2,8.0598,-0.3053,0.5173,0.9987,-0.0516,0.0000,0.0516,0.9987,0.0000,0.0000,0.0000,1.0000,0.1101,0.3070,0.2173
22,3,8.0730,-0.4830,0.5889,0.9987,-0.0516,0.0000,0.0516,0.9987,0.0000,0.0000,0.0000,1.0000,0.2836,0.2073,0.2889
22,4,8.1886,-0.5355,0.5062,0.9987,-0.0516,0.0000,0.0516,0.9987,0.0000,0.0000,0.0000,1.0000,0.2820,0.2947,0.2062
22,5,8.3630,-0.4075,0.6614,0.9987,-0.0516,0.0000,0.0516,0.9987,0.0000,0.0000,0.0000,1.0000,0.1112,0.2100,0.3614
22,6,8.4569,-0.3929,0.4265,0.9987,-0.0516,0.0000,0.0516,0.9987,0.0000,0.0000,0.0000,1.0000,0.1972,0.1336,0.1265
22,7,8.5661,-0.3901,0.4491,0.9987,-0.0516,0.0000,0.0516,0.9987,0.0000,0.0000,0.0000,1.0000,0.1624,0.1625,0.0548
22,8,8.5957,-0.3484,0.4472,0.9987,-0.0516,0.0000,0.0516,0.9987,0.0000,0.0000,0.0000,1.0000,0.0831,0.2046,0.1050
22,9,8.6293,-0.2837,0.4544,0.9987,-0.0516,0.0000,0.0516,0.9987,0.0000,0.0000,0.0000,1.0000,0.0210,0.0279,0.0569
22,10,8.6701,-0.3458,0.4546,0.9987,-0.0516,0.0000,0.0516,0.9987,0.0000,0.0000,0.0000,1.0000,0.0210,0.0279,0.0569
23,0,8.1737,-0.2538,0.4400,0.9986,-0.0522,0.0000,0.0522,0.9986,0.0000,0.0000,0.0000,1.0000,0.2577,0.2263,0.1400
23,1,8.1820,-0.2513,0.6052,0.9986,-0.0522,0.0000,0.0522,0.9986,0.0000,0.0000,0.0000,1.0000,0.1100,0.2168,0.3052
23,2,8.2546,-0.3155,0.5173,0.9986,-0.0522,0.0000,0.0522,0.9986,0.0000,0.0000,0.0000,1.0000,0.1101,0.3070,0.2173
23,3,8.2678,-0.4931,0.5889,0.9986,-0.0522,0.0000,0.0522,0.9986,0.0000,0.0000,0.0000,1.0000,0.2836,0.2073,0.2889
23,4,8.3833,-0.5457,0.5062,0.9986,-0.0522,0.0000,0.0522,0.9986,0.0000,0.0000,0.0000,1.0000,0.2820,0.2947,0.2062
23,5,8.5578,-0.4179,0.6614,0.9986,-0.0522,0.0000,0.0522,0.9986,0.0000,0.0000,0.0000,1.0000,0.1112,0.2100,0.3614
23,6,8.6517,-0.4032,0.4265,0.9986,-0.0522,0.0000,0.0522,0.9986,0.0000,0.0000,0.0000,1.0000,0.1972,0.1336,0.1265
23,7,8.7609,-0.4005,0.4491,0.9986,-0.0522,0.0000,0.0522,0.9986,0.0000,0.0000,0.0000,1.0000,0.1624,0.1625,0.0548
23,8,8.7905,-0.3588,0.4472,0.9986,-0.0522,0.0000,0.0522,0.9986,0.0000,0.0000,0.0000,1.0000,0.0831,0.2046,0.1050
23,9,8.8242,-0.2942,0.4544,0.9986,-0.0522,0.0000,0.0522,0.9986,0.0000,0.0000,0.0000,1.0000,0.0210,0.0279,0.0569
23,10,8.8649,-0.3563,0.4546,0.9986,-0.0522,0.0000,0.0522,0.9986,0.0000,0.0000,0.0000,1.0000,0.0210,0.0279,0.0569
24,0,8.3569,-0.2634,0.4400,0.9986,-0.0527,0.0000,0.0527,0.9986,0.0000,0.0000,0.0000,1.0000,0.2577,0.2263,0.1400
24,1,8.3652,-0.2609,0.6052,0.9986,-0.0527,0.0000,0.0527,0.9986,0.0000,0.0000,0.0000,1.0000,0.1100,0.2168,0.3052
24,2,8.4378,-0.3251,0.5173,0.9986,-0.0527,0.0000,0.0527,0.9986,0.0000,0.0000,0.0000,1.0000,0.1101,0.3070,0.2173
24,3,8.4508,-0.5028,0.5889,0.9986,-0.0527,0.0000,0.0527,0.9986,0.0000,0.0000,0.0000,1.0000,0.2836,0.2073,0.2889
24,4,8.5663,-0.5554,0.5062,0.9986,-0.0527,0.0000,0.0527,0.9986,0.0000,0.0000,0.0000,1.0000,0.2820,0.2947,0.2062
24,5,8.7409,-0.4276,0.6614,0.9986,-0.0527,0.0000,0.0527,0.9986,0.0000,0.0000,0.0000,1.0000,0.1112,0.2100,0.3614
24,6,8.8348,-0.4131,0.4265,0.9986,-0.0527,0.0000,0.0527,0.9986,0.0000,0.0000,0.0000,1.0000,0.1972,0.1336,0.1265
24,7,8.9440,-0.4104,0.4491,0.9986,-0.0527,0.0000,0.0527,0.9986,0.0000,0.0000,0.0000,1.0000,0.1624,0.1625,0.0548
24,8,8.9736,-0.3687,0.4472,0.9986,-0.0527,0.0000,0.0527,0.9986,0.0000,0.0000,0.0000,1.0000,0.0831,0.2046,0.1050
24,9,9.0074,-0.3041,0.4544,0.9986,-0.0527,0.0000,0.0527,0.9986,0.0000,0.0000,0.0000,1.0000,0.0210,0.0279,0.0569
24,10,9.0481,-0.3663,0.4546,0.9986,-0.0527,0.0000,0.0527,0.9986,0.0000,0.0000,0.0000,1.0000,0.0210,0.0279,0.0569
25,0,8.5285,-0.2725,0.4400,0.9986,-0.0535,0.0000,0.0535,0.9986,0.0000,0.0000,0.0000,1.0000,0.2577,0.2263,0.1400
25,1,8.5368,-0.2700,0.6052,0.9986,-0.0535,0.0000,0.0535,0.9986,0.0000,0.0000,0.0000,1.0000,0.1100,0.2168,0.3052
25,2,8.6093,-0.3343,0.5173,0.9986,-0.0535,0.0000,0.0535,0.9986,0.0000,0.0000,0.0000,1.0000,0.1101,0.3070,0.2173
25,3,8.6222,-0.5119,0.5889,0.9986,-0.0535,0.0000,0.0535,0.9986,0.0000,0.0000,0.0000,1.0000,0.2836,0.2073,0.2889
25,4,8.7377,-0.5647,0.5062,0.9986,-0.0535,0.0000,0.0535,0.9986,0.0000,0.0000,0.0000,1.0000,0.2820,0.2947,0.2062
25,5,8.9124,-0.4370,0.6614,0.9986,-0.0535,0.0000,0.0535,0.9986,0.0000,0.0000,0.0000,1.0000,0.1112,0.2100,0.3614
25,6,9.0063,-0.4226,0.4265,0.9986,-0.0535,0.0000,0.0535,0.9986,0.0000,0.0000,0.0000,1.0000,0.1972,0.1336,0.1265
25,7,9.1155,-0.4200,0.4491,0.9986,-0.0535,0.0000,0.0535,0.9986,0.0000,0.0000,0.0000,1.0000,0.1624,0.1625,0.0548
25,8,9.1451,-0.3783,0.4472,0.9986,-0.0535,0.0000,0.0535,0.9986,0.0000,0.0000,0.0000,1.0000,0.0831,0.2046,0.1050
25,9,9.1789,-0.3137,0.4544,0.9986,-0.0535,0.0000,0.0535,0.9986,0.0000,0.0000,0.0000,1.0000,0.0210,0.0279,0.0569
25,10,9.2196,-0.3759,0.4546,0.9986,-0.0535,0.0000,0.0535,0.9986,0.0000,0.0000,0.0000,1.0000,0.0210,0.0279,0.0569
26,0,8.6888,-0.2811,0.4400,0.9985,-0.0539,0.0000,0.0539,0.9985,0.0000,0.0000,0.0000,1.0000,0.2577,0.2263,0.1400
26,1,8.6970,-0.2786,0.6052,0.9985,-0.0539,0.0000,0.0539,0.9985,0.0000,0.0000,0.0000,1.0000,0.1100,0.2168,0.3052
26,2,8.7696,-0.3429,0.5173,0.9985,-0.0539,0.0000,0.0539,0.9985,0.0000,0.0000,0.0000,1.0000,0.1101,0.3070,0.2173
26,3,8.7824,-0.5206,0.5889,0.9985,-0.0539,0.0000,0.0539,0.9985,0.0000,0.0000,0.0000,1.0000,0.2836,0.2073,0.2889
26,4,8.8978,-0.5734,0.5062,0.9985,-0.0539,0.0000,0.0539,0.9985,0.0000,0.0000,0.0000,1.0000,0.2820,0.2947,0.2062
26,5,9.0726,-0.4458,0.6614,0.9985,-0.0539,0.0000,0.0539,0.9985,0.0000,0.0000,0.0000,1.0000,0.1112,0.2100,0.3614
26,6,9.1665,-0.4314,0.4265,0.9985,-0.0539,0.0000,0.0539,0.9985,0.0000,0.0000,0.0000,1.0000,0.1972,0.1336,0.1265
26,7,9.2757,-0.4288,0.4491,0.9985,-0.0539,0.0000,0.0539,0.9985,0.0000,0.0000,0.0000,1.0000,0.1624,0.1625,0.0548
26,8,9.3054,-0.3872,0.4472,0.9985,-0.0539,0.0000,0.0539,0.9985,0.0000,0.0000,0.0000,1.0000,0.0831,0.2046,0.1050
26,9,9.3392,-0.3226,0.4544,0.9985,-0.0539,0.0000,0.0539,0.9985,0.0000,0.0000,0.0000,1.0000,0.0210,0.0279,0.0569
26,10,9.3798,-0.3848,0.4546,0.9985,-0.0539,0.0000,0.0539,0.9985,0.0000,0.0000,0.0000,1.0000,0.0210,0.0279,0.0569
27,0,8.8381,-0.2892,0.4400,0.9985,-0.0541,0.0000,0.0541,0.9985,0.0000,0.0000,0.0000,1.0000,0.2577,0.2263,0.1400
27,1,8.8464,-0.2867,0.6052,0.9985,-0.0541,0.0000,0.0541,0.9985,0.0000,0.0000,0.0000,1.0000,0.1100,0.2168,0.3052
27,2,8.9189,-0.3510,0.5173,0.9985,-0.0541,0.0000,0.0541,0.9985,0.0000,0.0000,0.0000,1.0000,0.1101,0.3070,0.2173
27,3,8.9317,-0.5287,0.5889,0.9985,-0.0541,0.0000,0.0541,0.9985,0.0000,0.0000,0.0000,1.0000,0.2836,0.2073,0.2889
27,4,9.0471,-0.5815,0.5062,0.9985,-0.0541,0.0000,0.0541,0.9985,0.0000,0.0000,0.0000,1.0000,0.2820,0.2947,0.2062
27,5,9.2219,-0.4540,0.6614,0.9985,-0.0541,0.0000,0.0541,0.9985,0.0000,0.0000,0.0000,1.0000,0.1112,0.2100,0.3614
27,6,9.3158,-0.4395,0.4265,0.9985,-0.0541,0.0000,0.0541,0.9985,0.0000,0.0000,0.0000,1.0000,0.1972,0.1336,0.1265
27,7,9.4250,-0.4370,0.4491,0.9985,-0.0541,0.0000,0.0541,0.9985,0.0000,0.0000,0.0000,1.0000,0.1624,0.1625,0.0548
27,8,9.4547,-0.3954,0.4472,0.9985,-0.0541,0.0000,0.0541,0.9985,0.0000,0.0000,0.0000,1.0000,0.0831,0.2046,0.1050
27,9,9.4885,-0.3308,0.4544,0.9985,-0.0541,0.0000,0.0541,0.9985,0.0000,0.0000,0.0000,1.0000,0.0210,0.0279,0.0569
27,10,9.5291,-0.3930,0.4546,0.9985,-0.0541,0.0000,0.0541,0.9985,0.0000,0.0000,0.0000,1.0000,0.0210,0.0279,0.0569
28,0,8.9773,-0.2967,0.4400,0.9985,-0.0546,0.0000,0.0546,0.9985,0.0000,0.0000,0.0000,1.0000,0.2577,0.2263,0.1400
28,1,8.9856,-0.2943,0.6052,0.9985,-0.0546,0.0000,0.0546,0.9985,0.0000,0.0000,0.0000,1.0000,0.1100,0.2168,0.3052
28,2,9.0581,-0.3586,0.5173,0.9985,-0.0546,0.0000,0.0546,0.9985,0.0000,0.0000,0.0000,1.0000,0.1101,0.3070,0.2173
28,3,9.0708,-0.5363,0.5889,0.9985,-0.0546,0.0000,0.0546,0.9985,0.0000,0.0000,0.0000,1.0000,0.2836,0.2073,0.2889
28,4,9.1862,-0.5891,0.5062,0.9985,-0.0546,0.0000,0.0546,0.9985,0.0000,0.0000,0.0000,1.0000,0.2820,0.2947,0.2062
28,5,9.3610,-0.4617,0.6614,0.9985,-0.0546,0.0000,0.0546,0.9985,0.0000,0.0000,0.0000,1.0000,0.1112,0.2100,0.3614
28,6,9.4549,-0.4473,0.4265,0.9985,-0.0546,0.0000,0.0546,0.9985,0.0000,0.0000,0.0000,1.0000,0.1972,0.1336,0.1265
28,7,9.5641,-0.4449,0.4491,0.9985,-0.0546,0.0000,0.0546,0.9985,0.0000,0.0000,0.0000,1.0000,0.1624,0.1625,0.0548
28,8,9.5938,-0.4032,0.4472,0.9985,-0.0546,0.0000,0.0546,0.9985,0.0000,0.0000,0.0000,1.0000,0.0831,0.2046,0.1050
28,9,9.6277,-0.3387,0.4544,0.9985,-0.0546,0.0000,0.0546,0.9985,0.0000,0.0000,0.0000,1.0000,0.0210,0.0279,0.0569
28,10,9.6683,-0.4009,0.4546,0.9985,-0.0546,0.0000,0.0546,0.9985,0.0000,0.0000,0.0000,1.0000,0.0210,0.0279,0.0569
29,0,9.1076,-0.3038,0.4400,0.9985,-0.0549,0.0000,0.0549,0.9985,0.0000,0.0000,0.0000,1.0000,0.2577,0.2263,0.1400
29,1,9.1158,-0.3014,0.6052,0.9985,-0.0549,0.0000,0.0549,0.9985,0.0000,0.0000,0.0000,1.0000,0.1100,0.2168,0.3052
29,2,9.1883,-0.3658,0.5173,0.9985,-0.0549,0.0000,0.0549,0.9985,0.0000,0.0000,0.0000,1.0000,0.1101,0.3070,0.2173
29,3,9.2010,-0.5434,0.5889,0.9985,-0.0549,0.0000,0.0549,0.9985,0.0000,0.0000,0.0000,1.0000,0.2836,0.2073,0.2889
29,4,9.3164,-0.5963,0.5062,0.9985,-0.0549,0.0000,0.0549,0.9985,0.0000,0.0000,0.0000,1.0000,0.2820,0.2947,0.2062
29,5,9.4912,-0.4689,0.6614,0.9985,-0.0549,0.0000,0.0549,0.9985,0.0000,0.0000,0.0000,1.0000,0.1112,0.2100,0.3614
29,6,9.5851,-0.4546,0.4265,0.9985,-0.0549,0.0000,0.0549,0.9985,0.0000,0.0000,0.0000,1.0000,0.1972,0.1336,0.1265
29,7,9.6943,-0.4522,0.4491,0.9985,-0.0549,0.0000,0.0549,0.9985,0.0000,0.0000,0.0000,1.0000,0.1624,0.1625,0.0548
29,8,9.7241,-0.4105,0.4472,0.9985,-0.0549,0.0000,0.0549,0.9985,0.0000,0.0000,0.0000,1.0000,0.0831,0.2046,0.1050
29,9,9.7580,-0.3460,0.4544,0.9985,-0.0549,0.0000,0.0549,0.9985,0.0000,0.0000,0.0000,1.0000,0.0210,0.0279,0.0569
29,10,9.7985,-0.4082,0.4546,0.9985,-0.0549,0.0000,0.0549,0.9985,0.0000,0.0000,0.0000,1.0000,0.0210,0.0279,0.0569
30,0,9.2307,-0.3106,0.4400,0.9985,-0.0551,0.0000,0.0551,0.9985,0.0000,0.0000,0.0000,1.0000,0.2577,0.2263,0.1400
30,1,9.2390,-0.3082,0.6052,0.9985,-0.0551,0.0000,0.0551,0.9985,0.0000,0.0000,0.0000,1.0000,0.1100,0.2168,0.3052
30,2,9.3114,-0.3726,0.5173,0.9985,-0.0551,0.0000,0.0551,0.9985,0.0000,0.0000,0.0000,1.0000,0.1101,0.3070,0.2173
30,3,9.3241,-0.5502,0.5889,0.9985,-0.0551,0.0000,0.0551,0.9985,0.0000,0.0000,0.0000,1.0000,0.2836,0.2073,0.2889
30,4,9.4394,-0.6032,0.5062,0.9985,-0.0551,0.0000,0.0551,0.9985,0.0000,0.0000,0.0000,1.0000,0.2820,0.2947,0.2062
30,5,9.6143,-0.4758,0.6614,0.9985,-0.0551,0.0000,0.0551,0.9985,0.0000,0.0000,0.0000,1.0000,0.1112,0.2100,0.3614
30,6,9.7082,-0.4614,0.4265,0.9985,-0.0551,0.0000,0.0551,0.9985,0.0000,0.0000,0.0000,1.0000,0.1972,0.1336,0.1265
30,7,9.8174,-0.4591,0.4491,0.9985,-0.0551,0.0000,0.0551,0.9985,0.0000,0.0000,0.0000,1.0000,0.1624,0.1625,0.0548
30,8,9.8472,-0.4174,0.4472,0.9985,-0.0551,0.0000,0.0551,0.9985,0.0000,0.0000,0.0000,1.0000,0.0831,0.2046,0.1050
30,9,9.8811,-0.3529,0.4544,0.9985,-0.0551,0.0000,0.0551,0.9985,0.0000,0.0000,0.0000,1.0000,0.0210,0.0279,0.0569
30,10,9.9216,-0.4151,0.4546,0.9985,-0.0551,0.0000,0.0551,0.9985,0.0000,0.0000,0.0000,1.0000,0.0210,0.0279,0.0569
31,0,9.3485,-0.3171,0.4400,0.9985,-0.0553,0.0000,0.0553,0.9985,0.0000,0.0000,0.0000,1.0000,0.2577,0.2263,0.1400
31,1,9.3567,-0.3147,0.6052,0.9985,-0.0553,0.0000,0.0553,0.9985,0.0000,0.0000,0.0000,1.0000,0.1100,0.2168,0.3052
31,2,9.4292,-0.3791,0.5173,0.9985,-0.0553,0.0000,0.0553,0.9985,0.0000,0.0000,0.0000,1.0000,0.1101,0.3070,0.2173
31,3,9.4418,-0.5567,0.5889,0.9985,-0.0553,0.0000,0.0553,0.9985,0.0000,0.0000,0.0000,1.0000,0.2836,0.2073,0.2889
31,4,9.5571,-0.6097,0.5062,0.9985,-0.0553,0.0000,0.0553,0.9985,0.0000,0.0000,0.0000,1.0000,0.2820,0.2947,0.2062
31,5,9.7320,-0.4824,0.6614,0.9985,-0.0553,0.0000,0.0553,0.9985,0.0000,0.0000,0.0000,1.0000,0.1112,0.2100,0.3614
31,6,9.8260,-0.4680,0.4265,0.9985,-0.0553,0.0000,0.0553,0.9985,0.0000,0.0000,0.0000,1.0000,0.1972,0.1336,0.1265
31,7,9.9352,-0.4657,0.4491,0.9985,-0.0553,0.0000,0.0553,0.9985,0.0000,0.0000,0.0000,1.0000,0.1624,0.1625,0.0548
31,8,9.9649,-0.4240,0.4472,0.9985,-0.0553,0.0000,0.0553,0.9985,0.0000,0.0000,0.0000,1.0000,0.0831,0.2046,0.1050
31,9,9.9988,-0.3595,0.4544,0.9985,-0.0553,0.0000,0.0553,0.9985,0.0000,0.0000,0.0000,1.0000,0.0210,0.0279,0.0569
31,10,10.0393,-0.4218,0.4546,0.9985,-0.0553,0.0000,0.0553,0.9985,0.0000,0.0000,0.0000,1.0000,0.0210,0.0279,0.0569
32,0,9.4625,-0.3234,0.4400,0.9985,-0.0556,0.0000,0.0556,0.9985,0.0000,0.0000,0.0000,1.0000,0.2577,0.2263,0.1400
32,1,9.4708,-0.3210,0.6052,0.9985,-0.0556,0.0000,0.0556,0.9985,0.0000,0.0000,0.0000,1.0000,0.1100,0.2168,0.3052
32,2,9.5432,-0.3854,0.5173,0.9985,-0.0556,0.0000,0.0556,0.9985,0.0000,0.0000,0.0000,1.0000,0.1101,0.3070,0.2173
32,3,9.5557,-0.5631,0.5889,0.9985,-0.0556,0.0000,0.0556,0.9985,0.0000,0.0000,0.0000,1.0000,0.2836,0.2073,0.2889
32,4,9.6711,-0.6161,0.5062,0.9985,-0.0556,0.0000,0.0556,0.9985,0.0000,0.0000,0.0000,1.0000,0.2820,0.2947,0.2062
32,5,9.8460,-0.4888,0.6614,0.9985,-0.0556,0.0000,0.0556,0.9985,0.0000,0.0000,0.0000,1.0000,0.1112,0.2100,0.3614
32,6,9.9400,-0.4745,0.4265,0.9985,-0.0556,0.0000,0.0556,0.9985,0.0000,0.0000,0.0000,1.0000,0.1972,0.1336,0.1265
32,7,10.0492,-0.4722,0.4491,0.9985,-0.0556,0.0000,0.0556,0.9985,0.0000,0.0000,0.0000,1.0000,0.1624,0.1625,0.0548
32,8,10.0789,-0.4306,0.4472,0.9985,-0.0556,0.0000,0.0556,0.9985,0.0000,0.0000,0.0000,1.0000,0.0831,0.2046,0.1050
32,9,10.1129,-0.3660,0.4544,0.9985,-0.0556,0.0000,0.0556,0.9985,0.0000,0.0000,0.0000,1.0000,0.0210,0.0279,0.0569
32,10,10.1534,-0.4283,0.4546,0.9985,-0.0556,0.0000,0.0556,0.9985,0.0000,0.0000,0.0000,1.0000,0.0210,0.0279,0.0569
33,0,9.5742,-0.3296,0.4400,0.9984,-0.0557,0.0000,0.0557,0.9984,0.0000,0.0000,0.0000,1.0000,0.2577,0.2263,0.1400
33,1,9.5824,-0.3272,0.6052,0.9984,-0.0557,0.0000,0.0557,0.9984,0.0000,0.0000,0.0000,1.0000,0.1100,0.2168,0.3052
33,2,9.6549,-0.3916,0.5173,0.9984,-0.0557,0.0000,0.0557,0.9984,0.0000,0.0000,0.0000,1.0000,0.1101,0.3070,0.2173
33,3,9.6674,-0.5693,0.5889,0.9984,-0.0557,0.0000,0.0557,0.9984,0.0000,0.0000,0.0000,1.0000,0.2836,0.2073,0.2889
33,4,9.7827,-0.6223,0.5062,0.9984,-0.0557,0.0000,0.0557,0.9984,0.0000,0.0000,0.0000,1.0000,0.2820,0.2947,0.2062
33,5,9.9577,-0.4951,0.6614,0.9984,-0.0557,0.0000,0.0557,0.9984,0.0000,0.0000,0.0000,1.0000,0.1112,0.2100,0.3614
33,6,10.0516,-0.4808,0.4265,0.9984,-0.0557,0.0000,0.0557,0.9984,0.0000,0.0000,0.0000,1.0000,0.1972,0.1336,0.1265
33,7,10.1608,-0.4785,0.4491,0.9984,-0.0557,0.0000,0.0557,0.9984,0.0000,0.0000,0.0000,1.0000,0.1624,0.1625,0.0548
33,8,10.1906,-0.4368,0.4472,0.9984,-0.0557,0.0000,0.0557,0.9984,0.0000,0.0000,0.0000,1.0000,0.0831,0.2046,0.1050
33,9,10.2245,-0.3723,0.4544,0.9984,-0.0557,0.0000,0.0557,0.9984,0.0000,0.0000,0.0000,1.0000,0.0210,0.0279,0.0569
33,10,10.2650,-0.4346,0.4546,0.9984,-0.0557,0.0000,0.0557,0.9984,0.0000,0.0000,0.0000,1.0000,0.0210,0.0279,0.0569
34,0,9.6841,-0.3358,0.4400,0.9984,-0.0559,0.0000,0.0559,0.9984,0.0000,0.0000,0.0000,1.0000,0.2577,0.2263,0.1400
34,1,9.6924,-0.3333,0.6052,0.9984,-0.0559,0.0000,0.0559,0.9984,0.0000,0.0000,0.0000,1.0000,0.1100,0.2168,0.3052
34,2,9.7648,-0.3978,0.5173,0.9984,-0.0559,0.0000,0.0559,0.9984,0.0000,0.0000,0.0000,1.0000,0.1101,0.3070,0.2173
34,3,9.7773,-0.5755,0.5889,0.9984,-0.0559,0.0000,0.0559,0.9984,0.0000,0.0000,0.0000,1.0000,0.2836,0.2073,0.2889
34,4,9.8926,-0.6285,0.5062,0.9984,-0.0559,0.0000,0.0559,0.9984,0.0000,0.0000,0.0000,1.0000,0.2820,0.2947,0.2062
34,5,10.0676,-0.5013,0.6614,0.9984,-0.0559,0.0000,0.0559,0.9984,0.0000,0.0000,0.0000,1.0000,0.1112,0.2100,0.3614
34,6,10.1615,-0.4870,0.4265,0.9984,-0.0559,0.0000,0.0559,0.9984,0.0000,0.0000,0.0000,1.0000,0.1972,0.1336,0.1265
34,7,10.2707,-0.4847,0.4491,0.9984,-0.0559,0.0000,0.0559,0.9984,0.0000,0.0000,0.0000,1.0000,0.1624,0.1625,0.0548
34,8,10.3005,-0.4431,0.4472,0.9984,-0.0559,0.0000,0.0559,0.9984,0.0000,0.0000,0.0000,1.0000,0.0831,0.2046,0.1050
34,9,10.3345,-0.3786,0.4544,0.9984,-0.0559,0.0000,0.0559,0.9984,0.0000,0.0000,0.0000,1.0000,0.0210,0.0279,0.0569
34,10,10.3749,-0.4408,0.4546,0.9984,-0.0559,0.0000,0.0559,0.9984,0.0000,0.0000,0.0000,1.0000,0.0210,0.0279,0.0569
35,0,9.7923,-0.3418,0.4400,0.9984,-0.0561,0.0000,0.0561,0.9984,0.0000,0.0000,0.0000,1.0000,0.2577,0.2263,0.1400
35,1,9.8006,-0.3394,0.6052,0.9984,-0.0561,0.0000,0.0561,0.9984,0.0000,0.0000,0.0000,1.0000,0.1100,0.2168,0.3052
35,2,9.8730,-0.4039,0.5173,0.9984,-0.0561,0.0000,0.0561,0.9984,0.0000,0.0000,0.0000,1.0000,0.1101,0.3070,0.2173
35,3,9.8854,-0.5815,0.5889,0.9984,-0.0561,0.0000,0.0561,0.9984,0.0000,0.0000,0.0000,1.0000,0.2836,0.2073,0.2889
35,4,10.0007,-0.6346,0.5062,0.9984,-0.0561,0.0000,0.0561,0.9984,0.0000,0.0000,0.0000,1.0000,0.2820,0.2947,0.2062
35,5,10.1758,-0.5074,0.6614,0.9984,-0.0561,0.0000,0.0561,0.9984,0.0000,0.0000,0.0000,1.0000,0.1112,0.2100,0.3614
35,6,10.2697,-0.4931,0.4265,0.9984,-0.0561,0.0000,0.0561,0.9984,0.0000,0.0000,0.0000,1.0000,0.1972,0.1336,0.1265
35,7,10.3789,-0.4909,0.4491,0.9984,-0.0561,0.0000,0.0561,0.9984,0.0000,0.0000,0.0000,1.0000,0.1624,0.1625,0.0548
35,8,10.4087,-0.4493,0.4472,0.9984,-0.0561,0.0000,0.0561,0.9984,0.0000,0.0000,0.0000,1.0000,0.0831,0.2046,0.1050
35,9,10.4426,-0.3848,0.4544,0.9984,-0.0561,0.0000,0.0561,0.9984,0.0000,0.0000,0.0000,1.0000,0.0210,0.0279,0.0569
35,10,10.4831,-0.4470,0.4546,0.9984,-0.0561,0.0000,0.0561,0.9984,0.0000,0.0000,0.0000,1.0000,0.0210,0.0279,0.0569
36,0,9.8986,-0.3478,0.4400,0.9984,-0.0561,0.0000,0.0561,0.9984,0.0000,0.0000,0.0000,1.0000,0.2577,0.2263,0.1400
36,1,9.9068,-0.3454,0.6052,0.9984,-0.0561,0.0000,0.0561,0.9984,0.0000,0.0000,0.0000,1.0000,0.1100,0.2168,0.3052
36,2,9.9792,-0.4098,0.5173,0.9984,-0.0561,0.0000,0.0561,0.9984,0.0000,0.0000,0.0000,1.0000,0.1101,0.3070,0.2173
36,3,9.9917,-0.5875,0.5889,0.9984,-0.0561,0.0000,0.0561,0.9984,0.0000,0.0000,0.0000,1.0000,0.2836,0.2073,0.2889
36,4,10.1070,-0.6406,0.5062,0.9984,-0.0561,0.0000,0.0561,0.9984,0.0000,0.0000,0.0000,1.0000,0.2820,0.2947,0.2062
36,5,10.2820,-0.5134,0.6614,0.9984,-0.0561,0.0000,0.0561,0.9984,0.0000,0.0000,0.0000,1.0000,0.1112,0.2100,0.3614
36,6,10.3759,-0.4991,0.4265,0.9984,-0.0561,0.0000,0.0561,0.9984,0.0000,0.0000,0.0000,1.0000,0.1972,0.1336,0.1265
36,7,10.4851,-0.4968,0.4491,0.9984,-0.0561,0.0000,0.0561,0.9984,0.0000,0.0000,0.0000,1.0000,0.1624,0.1625,0.0548
36,8,10.5149,-0.4552,0.4472,0.9984,-0.0561,0.0000,0.0561,0.9984,0.0000,0.0000,0.0000,1.0000,0.0831,0.2046,0.1050
36,9,10.5489,-0.3908,0.4544,0.9984,-0.0561,0.0000,0.0561,0.9984,0.0000,0.0000,0.0000,1.0000,0.0210,0.0279,0.0569
36,10,10.5894,-0.4530,0.4546,0.9984,-0.0561,0.0000,0.0561,0.9984,0.0000,0.0000,0.0000,1.0000,0.0210,0.0279,0.0569
37,0,10.0023,-0.3536,0.4400,0.9984,-0.0561,0.0000,0.0561,0.9984,0.0000,0.0000,0.0000,1.0000,0.2577,0.2263,0.1400
37,1,10.0106,-0.3512,0.6052,0.9984,-0.0561,0.0000,0.0561,0.9984,0.0000,0.0000,0.0000,1.0000,0.1100,0.2168,0.3052
37,2,10.0830,-0.4157,0.5173,0.9984,-0.0561,0.0000,0.0561,0.9984,0.0000,0.0000,0.0000,1.0000,0.1101,0.3070,0.2173
37,3,10.0954,-0.5933,0.5889,0.9984,-0.0561,0.0000,0.0561,0.9984,0.0000,0.0000,0.0000,1.0000,0.2836,0.2073,0.2889
37,4,10.2107,-0.6464,0.5062,0.9984,-0.0561,0.0000,0.0561,0.9984,0.0000,0.0000,0.0000,1.0000,0.2820,0.2947,0.2062
37,5,10.3858,-0.5192,0.6614,0.9984,-0.0561,0.0000,0.0561,0.9984,0.0000,0.0000,0.0000,1.0000,0.1112,0.2100,0.3614
37,6,10.4797,-0.5050,0.4265,0.9984,-0.0561,0.0000,0.0561,0.9984,0.0000,0.0000,0.0000,1.0000,0.1972,0.1336,0.1265
37,7,10.5889,-0.5027,0.4491,0.9984,-0.0561,0.0000,0.0561,0.9984,0.0000,0.0000,0.0000,1.0000,0.1624,0.1625,0.0548
37,8,10.6187,-0.4611,0.4472,0.9984,-0.0561,0.0000,0.0561,0.9984,0.0000,0.0000,0.0000,1.0000,0.0831,0.2046,0.1050
37,9,10.6527,-0.3966,0.4544,0.9984,-0.0561,0.0000,0.0561,0.9984,0.0000,0.0000,0.0000,1.0000,0.0210,0.0279,0.0569
37,10,10.6931,-0.4589,0.4546,0.9984,-0.0561,0.0000,0.0561,0.9984,0.0000,0.0000,0.0000,1.0000,0.0210,0.0279,0.0569
38,0,10.1031,-0.3593,0.4400,0.9984,-0.0563,0.0000,0.0563,0.9984,0.0000,0.0000,0.0000,1.0000,0.2577,0.2263,0.1400
38,1,10.1113,-0.3569,0.6052,0.9984,-0.0563,0.0000,0.0563,0.9984,0.0000,0.0000,0.0000,1.0000,0.1100,0.2168,0.3052
38,2,10.1837,-0.4213,0.5173,0.9984,-0.0563,0.0000,0.0563,0.9984,0.0000,0.0000,0.0000,1.0000,0.1101,0.3070,0.2173
38,3,10.1961,-0.5990,0.5889,0.9984,-0.0563,0.0000,0.0563,0.9984,0.0000,0.0000,0.0000,1.0000,0.2836,0.2073,0.2889
38,4,10.3114,-0.6521,0.5062,0.9984,-0.0563,0.0000,0.0563,0.9984,0.0000,0.0000,0.0000,1.0000,0.2820,0.2947,0.2062
38,5,10.4864,-0.5250,0.6614,0.9984,-0.0563,0.0000,0.0563,0.9984,0.0000,0.0000,0.0000,1.0000,0.1112,0.2100,0.3614
38,6,10.5804,-0.5107,0.4265,0.9984,-0.0563,0.0000,0.0563,0.9984,0.0000,0.0000,0.0000,1.0000,0.1972,0.1336,0.1265
38,7,10.6896,-0.5085,0.4491,0.9984,-0.0563,0.0000,0.0563,0.9984,0.0000,0.0000,0.0000,1.0000,0.1624,0.1625,0.0548
38,8,10.7194,-0.4669,0.4472,0.9984,-0.0563,0.0000,0.0563,0.9984,0.0000,0.0000,0.0000,1.0000,0.0831,0.2046,0.1050
38,9,10.7534,-0.4024,0.4544,0.9984,-0.0563,0.0000,0.0563,0.9984,0.0000,0.0000,0.0000,1.0000,0.0210,0.0279,0.0569
38,10,10.7938,-0.4647,0.4546,0.9984,-0.0563,0.0000,0.0563,0.9984,0.0000,0.0000,0.0000,1.0000,0.0210,0.0279,0.0569
39,0,10.2008,-0.3648,0.4400,0.9984,-0.0564,0.0000,0.0564,0.9984,0.0000,0.0000,0.0000,1.0000,0.2577,0.2263,0.1400
39,1,10.2091,-0.3624,0.6052,0.9984,-0.0564,0.0000,0.0564,0.9984,0.0000,0.0000,0.0000,1.0000,0.1100,0.2168,0.3052
39,2,10.2814,-0.4269,0.5173,0.9984,-0.0564,0.0000,0.0564,0.9984,0.0000,0.0000,0.0000,1.0000,0.1101,0.3070,0.2173
39,3,10.2938,-0.6046,0.5889,0.9984,-0.0564,0.0000,0.0564,0.9984,0.0000,0.0000,0.0000,1.0000,0.2836,0.2073,0.2889
39,4,10.4091,-0.6576,0.5062,0.9984,-0.0564,0.0000,0.0564,0.9984,0.0000,0.0000,0.0000,1.0000,0.2820,0.2947,0.2062
39,5,10.5842,-0.5305,0.6614,0.9984,-0.0564,0.0000,0.0564,0.9984,0.0000,0.0000,0.0000,1.0000,0.1112,0.2100,0.3614
39,6,10.6781,-0.5163,0.4265,0.9984,-0.0564,0.0000,0.0564,0.9984,0.0000,0.0000,0.0000,1.0000,0.1972,0.1336,0.1265
39,7,10.7873,-0.5141,0.4491,0.9984,-0.0564,0.0000,0.0564,0.9984,0.0000,0.0000,0.0000,1.0000,0.1624,0.1625,0.0548
39,8,10.8171,-0.4725,0.4472,0.9984,-0.0564,0.0000,0.0564,0.9984,0.0000,0.0000,0.0000,1.0000,0.0831,0.2046,0.1050
39,9,10.8511,-0.4080,0.4544,0.9984,-0.0564,0.0000,0.0564,0.9984,0.0000,0.0000,0.0000,1.0000,0.0210,0.0279,0.0569
39,10,10.8916,-0.4703,0.4546,0.9984,-0.0564,0.0000,0.0564,0.9984,0.0000,0.0000,0.0000,1.0000,0.0210,0.0279,0.0569
40,0,10.2963,-0.3702,0.4400,0.9984,-0.0565,0.0000,0.0565,0.9984,0.0000,0.0000,0.0000,1.0000,0.2577,0.2263,0.1400
40,1,10.3046,-0.3678,0.6052,0.9984,-0.0565,0.0000,0.0565,0.9984,0.0000,0.0000,0.0000,1.0000,0.1100,0.2168,0.3052
40,2,10.3770,-0.4323,0.5173,0.9984,-0.0565,0.0000,0.0565,0.9984,0.0000,0.0000,0.0000,1.0000,0.1101,0.3070,0.2173
40,3,10.3893,-0.6100,0.5889,0.9984,-0.0565,0.0000,0.0565,0.9984,0.0000,0.0000,0.0000,1.0000,0.2836,0.2073,0.2889
40,4,10.5046,-0.6631,0.5062,0.9984,-0.0565,0.0000,0.0565,0.9984,0.0000,0.0000,0.0000,1.0000,0.2820,0.2947,0.2062
40,5,10.6797,-0.5359,0.6614,0.9984,-0.0565,0.0000,0.0565,0.9984,0.0000,0.0000,0.0000,1.0000,0.1112,0.2100,0.3614
40,6,10.7736,-0.5217,0.4265,0.9984,-0.0565,0.0000,0.0565,0.9984,0.0000,0.0000,0.0000,1.0000,0.1972,0.1336,0.1265
40,7,10.8828,-0.5195,0.4491,0.9984,-0.0565,0.0000,0.0565,0.9984,0.0000,0.0000,0.0000,1.0000,0.1624,0.1625,0.0548
40,8,10.9126,-0.4779,0.4472,0.9984,-0.0565,0.0000,0.0565,0.9984,0.0000,0.0000,0.0000,1.0000,0.0831,0.2046,0.1050
40,9,10.9466,-0.4134,0.4544,0.9984,-0.0565,0.0000,0.0565,0.9984,0.0000,0.0000,0.0000,1.0000,0.0210,0.0279,0.0569
40,10,10.9871,-0.4757,0.4546,0.9984,-0.0565,0.0000,0.0565,0.9984,0.0000,0.0000,0.0000,1.0000,0.0210,0.0279,0.0569
41,0,10.3905,-0.3755,0.4400,0.9984,-0.0565,0.0000,0.0565,0.9984,0.0000,0.0000,0.0000,1.0000,0.2577,0.2263,0.1400
41,1,10.3987,-0.3731,0.6052,0.9984,-0.0565,0.0000,0.0565,0.9984,0.0000,0.0000,0.0000,1.0000,0.1100,0.2168,0.3052
41,2,10.4711,-0.4376,0.5173,0.9984,-0.0565,0.0000,0.0565,0.9984,0.0000,0.0000,0.0000,1.0000,0.1101,0.3070,0.2173
41,3,10.4835,-0.6153,0.5889,0.9984,-0.0565,0.0000,0.0565,0.9984,0.0000,0.0000,0.0000,1.0000,0.2836,0.2073,0.2889
41,4,10.5987,-0.6684,0.5062,0.9984,-0.0565,0.0000,0.0565,0.9984,0.0000,0.0000,0.0000,1.0000,0.2820,0.2947,0.2062
41,5,10.7738,-0.5413,0.6614,0.9984,-0.0565,0.0000,0.0565,0.9984,0.0000,0.0000,0.0000,1.0000,0.1112,0.2100,0.3614
41,6,10.8678,-0.5271,0.4265,0.9984,-0.0565,0.0000,0.0565,0.9984,0.0000,0.0000,0.0000,1.0000,0.1972,0.1336,0.1265
41,7,10.9770,-0.5248,0.4491,0.9984,-0.0565,0.0000,0.0565,0.9984,0.0000,0.0000,0.0000,1.0000,0.1624,0.1625,0.0548
41,8,11.0068,-0.4832,0.4472,0.9984,-0.0565,0.0000,0.0565,0.9984,0.0000,0.0000,0.0000,1.0000,0.0831,0.2046,0.1050
41,9,11.0408,-0.4188,0.4544,0.9984,-0.0565,0.0000,0.0565,0.9984,0.0000,0.0000,0.0000,1.0000,0.0210,0.0279,0.0569
41,10,11.0812,-0.4811,0.4546,0.9984,-0.0565,0.0000,0.0565,0.9984,0.0000,0.0000,0.0000,1.0000,0.0210,0.0279,0.0569
42,0,10.4840,-0.3808,0.4400,0.9984,-0.0566,0.0000,0.0566,0.9984,0.0000,0.0000,0.0000,1.0000,0.2577,0.2263,0.1400
42,1,10.4923,-0.3784,0.6052,0.9984,-0.0566,0.0000,0.0566,0.9984,0.0000,0.0000,0.0000,1.0000,0.1100,0.2168,0.3052
42,2,10.5646,-0.4429,0.5173,0.9984,-0.0566,0.0000,0.0566,0.9984,0.0000,0.0000,0.0000,1.0000,0.1101,0.3070,0.2173
42,3,10.5770,-0.6206,0.5889,0.9984,-0.0566,0.0000,0.0566,0.9984,0.0000,0.0000,0.0000,1.0000,0.2836,0.2073,0.2889
42,4,10.6923,-0.6737,0.5062,0.9984,-0.0566,0.0000,0.0566,0.9984,0.0000,0.0000,0.0000,1.0000,0.2820,0.2947,0.2062
42,5,10.8673,-0.5466,0.6614,0.9984,-0.0566,0.0000,0.0566,0.9984,0.0000,0.0000,0.0000,1.0000,0.1112,0.2100,0.3614
42,6,10.9613,-0.5324,0.4265,0.9984,-0.0566,0.0000,0.0566,0.9984,0.0000,0.0000,0.0000,1.0000,0.1972,0.1336,0.1265
42,7,11.0705,-0.5302,0.4491,0.9984,-0.0566,0.0000,0.0566,0.9984,0.0000,0.0000,0.0000,1.0000,0.1624,0.1625,0.0548
42,8,11.1003,-0.4886,0.4472,0.9984,-0.0566,0.0000,0.0566,0.9984,0.0000,0.0000,0.0000,1.0000,0.0831,0.2046,0.1050
42,9,11.1343,-0.4241,0.4544,0.9984,-0.0566,0.0000,0.0566,0.9984,0.0000,0.0000,0.0000,1.0000,0.0210,0.0279,0.0569
42,10,11.1747,-0.4864,0.4546,0.9984,-0.0566,0.0000,0.0566,0.9984,0.0000,0.0000,0.0000,1.0000,0.0210,0.0279,0.0569
43,0,10.5772,-0.3861,0.4400,0.9984,-0.0567,0.0000,0.0567,0.9984,0.0000,0.0000,0.0000,1.0000,0.2577,0.2263,0.1400
43,1,10.5854,-0.3837,0.6052,0.9984,-0.0567,0.0000,0.0567,0.9984,0.0000,0.0000,0.0000,1.0000,0.1100,0.2168,0.3052
43,2,10.6578,-0.4482,0.5173,0.9984,-0.0567,0.0000,0.0567,0.9984,0.0000,0.0000,0.0000,1.0000,0.1101,0.3070,0.2173
43,3,10.6701,-0.6259,0.5889,0.9984,-0.0567,0.0000,0.0567,0.9984,0.0000,0.0000,0.0000,1.0000,0.2836,0.2073,0.2889
43,4,10.7854,-0.6790,0.5062,0.9984,-0.0567,0.0000,0.0567,0.9984,0.0000,0.0000,0.0000,1.0000,0.2820,0.2947,0.2062
43,5,10.9605,-0.5519,0.6614,0.9984,-0.0567,0.0000,0.0567,0.9984,0.0000,0.0000,0.0000,1.0000,0.1112,0.2100,0.3614
43,6,11.0545,-0.5377,0.4265,0.9984,-0.0567,0.0000,0.0567,0.9984,0.0000,0.0000,0.0000,1.0000,0.1972,0.1336,0.1265
43,7,11.1637,-0.5355,0.4491,0.9984,-0.0567,0.0000,0.0567,0.9984,0.0000,0.0000,0.0000,1.0000,0.1624,0.1625,0.0548
43,8,11.1935,-0.4939,0.4472,0.9984,-0.0567,0.0000,0.0567,0.9984,0.0000,0.0000,0.0000,1.0000,0.0831,0.2046,0.1050
43,9,11.2275,-0.4295,0.4544,0.9984,-0.0567,0.0000,0.0567,0.9984,0.0000,0.0000,0.0000,1.0000,0.0210,0.0279,0.0569
43,10,11.2679,-0.4917,0.4546,0.9984,-0.0567,0.0000,0.0567,0.9984,0.0000,0.0000,0.0000,1.0000,0.0210,0.0279,0.0569
44,0,10.6700,-0.3914,0.4400,0.9984,-0.0568,0.0000,0.0568,0.9984,0.0000,0.0000,0.0000,1.0000,0.2577,0.2263,0.1400
44,1,10.6782,-0.3890,0.6052,0.9984,-0.0568,0.0000,0.0568,0.9984,0.0000,0.0000,0.0000,1.0000,0.1100,0.2168,0.3052
44,2,10.7506,-0.4535,0.5173,0.9984,-0.0568,0.0000,0.0568,0.9984,0.0000,0.0000,0.0000,1.0000,0.1101,0.3070,0.2173
44,3,10.7629,-0.6312,0.5889,0.9984,-0.0568,0.0000,0.0568,0.9984,0.0000,0.0000,0.0000,1.0000,0.2836,0.2073,0.2889
44,4,10.8782,-0.6843,0.5062,0.9984,-0.0568,0.0000,0.0568,0.9984,0.0000,0.0000,0.0000,1.0000,0.2820,0.2947,0.2062
44,5,11.0533,-0.5572,0.6614,0.9984,-0.0568,0.0000,0.0568,0.9984,0.0000,0.0000,0.0000,1.0000,0.1112,0.2100,0.3614
44,6,11.1472,-0.5430,0.4265,0.9984,-0.0568,0.0000,0.0568,0.9984,0.0000,0.0000,0.0000,1.0000,0.1972,0.1336,0.1265
44,7,11.2564,-0.5408,0.4491,0.9984,-0.0568,0.0000,0.0568,0.9984,0.0000,0.0000,0.0000,1.0000,0.1624,0.1625,0.0548
44,8,11.2862,-0.4993,0.4472,0.9984,-0.0568,0.0000,0.0568,0.9984,0.0000,0.0000,0.0000,1.0000,0.0831,0.2046,0.1050
44,9,11.3203,-0.4348,0.4544,0.9984,-0.0568,0.0000,0.0568,0.9984,0.0000,0.0000,0.0000,1.0000,0.0210,0.0279,0.0569
44,10,11.3607,-0.4971,0.4546,0.9984,-0.0568,0.0000,0.0568,0.9984,0.0000,0.0000,0.0000,1.0000,0.0210,0.0279,0.0569
45,0,10.7626,-0.3967,0.4400,0.9984,-0.0568,0.0000,0.0568,0.9984,0.0000,0.0000,0.0000,1.0000,0.2577,0.2263,0.1400
45,1,10.7709,-0.3942,0.6052,0.9984,-0.0568,0.0000,0.0568,0.9984,0.0000,0.0000,0.0000,1.0000,0.1100,0.2168,0.3052
45,2,10.8433,-0.4587,0.5173,0.9984,-0.0568,0.0000,0.0568,0.9984,0.0000,0.0000,0.0000,1.0000,0.1101,0.3070,0.2173
45,3,10.8556,-0.6364,0.5889,0.9984,-0.0568,0.0000,0.0568,0.9984,0.0000,0.0000,0.0000,1.0000,0.2836,0.2073,0.2889
45,4,10.9709,-0.6896,0.5062,0.9984,-0.0568,0.0000,0.0568,0.9984,0.0000,0.0000,0.0000,1.0000,0.2820,0.2947,0.2062
45,5,11.1459,-0.5625,0.6614,0.9984,-0.0568,0.0000,0.0568,0.9984,0.0000,0.0000,0.0000,1.0000,0.1112,0.2100,0.3614
45,6,11.2399,-0.5483,0.4265,0.9984,-0.0568,0.0000,0.0568,0.9984,0.0000,0.0000,0.0000,1.0000,0.1972,0.1336,0.1265
45,7,11.3491,-0.5461,0.4491,0.9984,-0.0568,0.0000,0.0568,0.9984,0.0000,0.0000,0.0000,1.0000,0.1624,0.1625,0.0548
45,8,11.3789,-0.5045,0.4472,0.9984,-0.0568,0.0000,0.0568,0.9984,0.0000,0.0000,0.0000,1.0000,0.0831,0.2046,0.1050
45,9,11.4129,-0.4401,0.4544,0.9984,-0.0568,0.0000,0.0568,0.9984,0.0000,0.0000,0.0000,1.0000,0.0210,0.0279,0.0569
45,10,11.4534,-0.5024,0.4546,0.9984,-0.0568,0.0000,0.0568,0.9984,0.0000,0.0000,0.0000,1.0000,0.0210,0.0279,0.0569
46,0,10.8552,-0.4019,0.4400,0.9984,-0.0569,0.0000,0.0569,0.9984,0.0000,0.0000,0.0000,1.0000,0.2577,0.2263,0.1400
46,1,10.8634,-0.3995,0.6052,0.9984,-0.0569,0.0000,0.0569,0.9984,0.0000,0.0000,0.0000,1.0000,0.1100,0.2168,0.3052
46,2,10.9358,-0.4640,0.5173,0.9984,-0.0569,0.0000,0.0569,0.9984,0.0000,0.0000,0.0000,1.0000,0.1101,0.3070,0.2173
46,3,10.9481,-0.6417,0.5889,0.9984,-0.0569,0.0000,0.0569,0.9984,0.0000,0.0000,0.0000,1.0000,0.2836,0.2073,0.2889
46,4,11.0633,-0.6948,0.5062,0.9984,-0.0569,0.0000,0.0569,0.9984,0.0000,0.0000,0.0000,1.0000,0.2820,0.2947,0.2062
46,5,11.2384,-0.5678,0.6614,0.9984,-0.0569,0.0000,0.0569,0.9984,0.0000,0.0000,0.0000,1.0000,0.1112,0.2100,0.3614
46,6,11.3324,-0.5536,0.4265,0.9984,-0.0569,0.0000,0.0569,0.9984,0.0000,0.0000,0.0000,1.0000,0.1972,0.1336,0.1265
46,7,11.4416,-0.5514,0.4491,0.9984,-0.0569,0.0000,0.0569,0.9984,0.0000,0.0000,0.0000,1.0000,0.1624,0.1625,0.0548
46,8,11.4714,-0.5099,0.4472,0.9984,-0.0569,0.0000,0.0569,0.9984,0.0000,0.0000,0.0000,1.0000,0.0831,0.2046,0.1050
46,9,11.5054,-0.4454,0.4544,0.9984,-0.0569,0.0000,0.0569,0.9984,0.0000,0.0000,0.0000,1.0000,0.0210,0.0279,0.0569
46,10,11.5459,-0.5077,0.4546,0.9984,-0.0569,0.0000,0.0569,0.9984,0.0000,0.0000,0.0000,1.0000,0.0210,0.0279,0.0569
47,0,10.9476,-0.4072,0.4400,0.9984,-0.0569,0.0000,0.0569,0.9984,0.0000,0.0000,0.0000,1.0000,0.2577,0.2263,0.1400
47,1,10.9559,-0.4048,0.6052,0.9984,-0.0569,0.0000,0.0569,0.9984,0.0000,0.0000,0.0000,1.0000,0.1100,0.2168,0.3052
47,2,11.0282,-0.4693,0.5173,0.9984,-0.0569,0.0000,0.0569,0.9984,0.0000,0.0000,0.0000,1.0000,0.1101,0.3070,0.2173
47,3,11.0405,-0.6470,0.5889,0.9984,-0.0569,0.0000,0.0569,0.9984,0.0000,0.0000,0.0000,1.0000,0.2836,0.2073,0.2889
47,4,11.1558,-0.7001,0.5062,0.9984,-0.0569,0.0000,0.0569,0.9984,0.0000,0.0000,0.0000,1.0000,0.2820,0.2947,0.2062
47,5,11.3309,-0.5731,0.6614,0.9984,-0.0569,0.0000,0.0569,0.9984,0.0000,0.0000,0.0000,1.0000,0.1112,0.2100,0.3614
47,6,11.4249,-0.5589,0.4265,0.9984,-0.0569,0.0000,0.0569,0.9984,0.0000,0.0000,0.0000,1.0000,0.1972,0.1336,0.1265
47,7,11.5341,-0.5567,0.4491,0.9984,-0.0569,0.0000,0.0569,0.9984,0.0000,0.0000,0.0000,1.0000,0.1624,0.1625,0.0548
47,8,11.5639,-0.5151,0.4472,0.9984,-0.0569,0.0000,0.0569,0.9984,0.0000,0.0000,0.0000,1.0000,0.0831,0.2046,0.1050
47,9,11.5979,-0.4507,0.4544,0.9984,-0.0569,0.0000,0.0569,0.9984,0.0000,0.0000,0.0000,1.0000,0.0210,0.0279,0.0569
47,10,11.6383,-0.5130,0.4546,0.9984,-0.0569,0.0000,0.0569,0.9984,0.0000,0.0000,0.0000,1.0000,0.0210,0.0279,0.0569
48,0,11.0401,-0.4125,0.4400,0.9984,-0.0568,0.0000,0.0568,0.9984,0.0000,0.0000,0.0000,1.0000,0.2577,0.2263,0.1400
48,1,11.0484,-0.4100,0.6052,0.9984,-0.0568,0.0000,0.0568,0.9984,0.0000,0.0000,0.0000,1.0000,0.1100,0.2168,0.3052
48,2,11.1207,-0.4745,0.5173,0.9984,-0.0568,0.0000,0.0568,0.9984,0.0000,0.0000,0.0000,1.0000,0.1101,0.3070,0.2173
48,3,11.1330,-0.6522,0.5889,0.9984,-0.0568,0.0000,0.0568,0.9984,0.0000,0.0000,0.0000,1.0000,0.2836,0.2073,0.2889
48,4,11.2483,-0.7054,0.5062,0.9984,-0.0568,0.0000,0.0568,0.9984,0.0000,0.0000,0.0000,1.0000,0.2820,0.2947,0.2062
48,5,11.4234,-0.5783,0.6614,0.9984,-0.0568,0.0000,0.0568,0.9984,0.0000,0.0000,0.0000,1.0000,0.1112,0.2100,0.3614
48,6,11.5174,-0.5641,0.4265,0.9984,-0.0568,0.0000,0.0568,0.9984,0.0000,0.0000,0.0000,1.0000,0.1972,0.1336,0.1265
48,7,11.6266,-0.5619,0.4491,0.9984,-0.0568,0.0000,0.0568,0.9984,0.0000,0.0000,0.0000,1.0000,0.1624,0.1625,0.0548
48,8,11.6564,-0.5204,0.4472,0.9984,-0.0568,0.0000,0.0568,0.9984,0.0000,0.0000,0.0000,1.0000,0.0831,0.2046,0.1050
48,9,11.6904,-0.4559,0.4544,0.9984,-0.0568,0.0000,0.0568,0.9984,0.0000,0.0000,0.0000,1.0000,0.0210,0.0279,0.0569
48,10,11.7308,-0.5182,0.4546,0.9984,-0.0568,0.0000,0.0568,0.9984,0.0000,0.0000,0.0000,1.0000,0.0210,0.0279,0.0569
49,0,11.1326,-0.4177,0.4400,0.9984,-0.0568,0.0000,0.0568,0.9984,0.0000,0.0000,0.0000,1.0000,0.2577,0.2263,0.1400
49,1,11.1409,-0.4153,0.6052,0.9984,-0.0568,0.0000,0.0568,0.9984,0.0000,0.0000,0.0000,1.0000,0.1100,0.2168,0.3052
49,2,11.2132,-0.4798,0.5173,0.9984,-0.0568,0.0000,0.0568,0.9984,0.0000,0.0000,0.0000,1.0000,0.1101,0.3070,0.2173
49,3,11.2256,-0.6575,0.5889,0.9984,-0.0568,0.0000,0.0568,0.9984,0.0000,0.0000,0.0000,1.0000,0.2836,0.2073,0.2889
49,4,11.3408,-0.7106,0.5062,0.9984,-0.0568,0.0000,0.0568,0.9984,0.0000,0.0000,0.0000,1.0000,0.2820,0.2947,0.2062
49,5,11.5159,-0.5836,0.6614,0.9984,-0.0568,0.0000,0.0568,0.9984,0.0000,0.0000,0.0000,1.0000,0.1112,0.2100,0.3614
49,6,11.6099,-0.5694,0.4265,0.9984,-0.0568,0.0000,0.0568,0.9984,0.0000,0.0000,0.0000,1.0000,0.1972,0.1336,0.1265
49,7,11.7191,-0.5672,0.4491,0.9984,-0.0568,0.0000,0.0568,0.9984,0.0000,0.0000,0.0000,1.0000,0.1624,0.1625,0.0548
49,8,11.7489,-0.5256,0.4472,0.9984,-0.0568,0.0000,0.0568,0.9984,0.0000,0.0000,0.0000,1.0000,0.0831,0.2046,0.1050
49,9,11.7829,-0.4611,0.4544,0.9984,-0.0568,0.0000,0.0568,0.9984,0.0000,0.0000,0.0000,1.0000,0.0210,0.0279,0.0569
49,10,11.8233,-0.5234,0.4546,0.9984,-0.0568,0.0000,0.0568,0.9984,0.0000,0.0000,0.0000,1.0000,0.0210,0.0279,0.0569
50,0,11.2252,-0.4230,0.4400,0.9984,-0.0567,0.0000,0.0567,0.9984,0.0000,0.0000,0.0000,1.0000,0.2577,0.2263,0.1400
50,1,11.2334,-0.4206,0.6052,0.9984,-0.0567,0.0000,0.0567,0.9984,0.0000,0.0000,0.0000,1.0000,0.1100,0.2168,0.3052
50,2,11.3058,-0.4851,0.5173,0.9984,-0.0567,0.0000,0.0567,0.9984,0.0000,0.0000,0.0000,1.0000,0.1101,0.3070,0.2173
50,3,11.3181,-0.6628,0.5889,0.9984,-0.0567,0.0000,0.0567,0.9984,0.0000,0.0000,0.0000,1.0000,0.2836,0.2073,0.2889
50,4,11.4334,-0.7159,0.5062,0.9984,-0.0567,0.0000,0.0567,0.9984,0.0000,0.0000,0.0000,1.0000,0.2820,0.2947,0.2062
50,5,11.6085,-0.5888,0.6614,0.9984,-0.0567,0.0000,0.0567,0.9984,0.0000,0.0000,0.0000,1.0000,0.1112,0.2100,0.3614
50,6,11.7024,-0.5746,0.4265,0.9984,-0.0567,0.0000,0.0567,0.9984,0.0000,0.0000,0.0000,1.0000,0.1972,0.1336,0.1265
50,7,11.8116,-0.5724,0.4491,0.9984,-0.0567,0.0000,0.0567,0.9984,0.0000,0.0000,0.0000,1.0000,0.1624,0.1625,0.0548
50,8,11.8414,-0.5308,0.4472,0.9984,-0.0567,0.0000,0.0567,0.9984,0.0000,0.0000,0.0000,1.0000,0.0831,0.2046,0.1050
50,9,11.8754,-0.4663,0.4544,0.9984,-0.0567,0.0000,0.0567,0.9984,0.0000,0.0000,0.0000,1.0000,0.0210,0.0279,0.0569
50,10,11.9159,-0.5286,0.4546,0.9984,-0.0567,0.0000,0.0567,0.9984,0.0000,0.0000,0.0000,1.0000,0.0210,0.0279,0.0569
51,0,11.3177,-0.4282,0.4400,0.9984,-0.0567,0.0000,0.0567,0.9984,0.0000,0.0000,0.0000,1.0000,0.2577,0.2263,0.1400
51,1,11.3259,-0.4258,0.6052,0.9984,-0.0567,0.0000,0.0567,0.9984,0.0000,0.0000,0.0000,1.0000,0.1100,0.2168,0.3052
51,2,11.3983,-0.4903,0.5173,0.9984,-0.0567,0.0000,0.0567,0.9984,0.0000,0.0000,0.0000,1.0000,0.1101,0.3070,0.2173
51,3,11.4106,-0.6680,0.5889,0.9984,-0.0567,0.0000,0.0567,0.9984,0.0000,0.0000,0.0000,1.0000,0.2836,0.2073,0.2889
51,4,11.5259,-0.7211,0.5062,0.9984,-0.0567,0.0000,0.0567,0.9984,0.0000,0.0000,0.0000,1.0000,0.2820,0.2947,0.2062
51,5,11.7010,-0.5941,0.6614,0.9984,-0.0567,0.0000,0.0567,0.9984,0.0000,0.0000,0.0000,1.0000,0.1112,0.2100,0.3614
51,6,11.7950,-0.5799,0.4265,0.9984,-0.0567,0.0000,0.0567,0.9984,0.0000,0.0000,0.0000,1.0000,0.1972,0.1336,0.1265
51,7,11.9042,-0.5777,0.4491,0.9984,-0.0567,0.0000,0.0567,0.9984,0.0000,0.0000,0.0000,1.0000,0.1624,0.1625,0.0548
51,8,11.9340,-0.5361,0.4472,0.9984,-0.0567,0.0000,0.0567,0.9984,0.0000,0.0000,0.0000,1.0000,0.0831,0.2046,0.1050
51,9,11.9680,-0.4716,0.4544,0.9984,-0.0567,0.0000,0.0567,0.9984,0.0000,0.0000,0.0000,1.0000,0.0210,0.0279,0.0569
51,10,12.0084,-0.5339,0.4546,0.9984,-0.0567,0.0000,0.0567,0.9984,0.0000,0.0000,0.0000,1.0000,0.0210,0.0279,0.0569
52,0,11.4104,-0.4335,0.4400,0.9984,-0.0569,0.0000,0.0569,0.9984,0.0000,0.0000,0.0000,1.0000,0.2577,0.2263,0.1400
52,1,11.4186,-0.4311,0.6052,0.9984,-0.0569,0.0000,0.0569,0.9984,0.0000,0.0000,0.0000,1.0000,0.1100,0.2168,0.3052
52,2,11.4910,-0.4956,0.5173,0.9984,-0.0569,0.0000,0.0569,0.9984,0.0000,0.0000,0.0000,1.0000,0.1101,0.3070,0.2173
52,3,11.5033,-0.6733,0.5889,0.9984,-0.0569,0.0000,0.0569,0.9984,0.0000,0.0000,0.0000,1.0000,0.2836,0.2073,0.2889
52,4,11.6186,-0.7264,0.5062,0.9984,-0.0569,0.0000,0.0569,0.9984,0.0000,0.0000,0.0000,1.0000,0.2820,0.2947,0.2062
52,5,11.7937,-0.5994,0.6614,0.9984,-0.0569,0.0000,0.0569,0.9984,0.0000,0.0000,0.0000,1.0000,0.1112,0.2100,0.3614
52,6,11.8876,-0.5852,0.4265,0.9984,-0.0569,0.0000,0.0569,0.9984,0.0000,0.0000,0.0000,1.0000,0.1972,0.1336,0.1265
52,7,11.9968,-0.5830,0.4491,0.9984,-0.0569,0.0000,0.0569,0.9984,0.0000,0.0000,0.0000,1.0000,0.1624,0.1625,0.0548
52,8,12.0266,-0.5414,0.4472,0.9984,-0.0569,0.0000,0.0569,0.9984,0.0000,0.0000,0.0000,1.0000,0.0831,0.2046,0.1050
52,9,12.0607,-0.4770,0.4544,0.9984,-0.0569,0.0000,0.0569,0.9984,0.0000,0.0000,0.0000,1.0000,0.0210,0.0279,0.0569
52,10,12.1011,-0.5393,0.4546,0.9984,-0.0569,0.0000,0.0569,0.9984,0.0000,0.0000,0.0000,1.0000,0.0210,0.0279,0.0569
53,0,11.5033,-0.4388,0.4400,0.9984,-0.0569,0.0000,0.0569,0.9984,0.0000,0.0000,0.0000,1.0000,0.2577,0.2263,0.1400
53,1,11.5116,-0.4364,0.6052,0.9984,-0.0569,0.0000,0.0569,0.9984,0.0000,0.0000,0.0000,1.0000,0.1100,0.2168,0.3052
53,2,11.5839,-0.5009,0.5173,0.9984,-0.0569,0.0000,0.0569,0.9984,0.0000,0.0000,0.0000,1.0000,0.1101,0.3070,0.2173
53,3,11.5962,-0.6786,0.5889,0.9984,-0.0569,0.0000,0.0569,0.9984,0.0000,0.0000,0.0000,1.0000,0.2836,0.2073,0.2889
53,4,11.7115,-0.7317,0.5062,0.9984,-0.0569,0.0000,0.0569,0.9984,0.0000,0.0000,0.0000,1.0000,0.2820,0.2947,0.2062
53,5,11.8866,-0.6047,0.6614,0.9984,-0.0569,0.0000,0.0569,0.9984,0.0000,0.0000,0.0000,1.0000,0.1112,0.2100,0.3614
53,6,11.9806,-0.5905,0.4265,0.9984,-0.0569,0.0000,0.0569,0.9984,0.0000,0.0000,0.0000,1.0000,0.1972,0.1336,0.1265
53,7,12.0898,-0.5883,0.4491,0.9984,-0.0569,0.0000,0.0569,0.9984,0.0000,0.0000,0.0000,1.0000,0.1624,0.1625,0.0548
53,8,12.1196,-0.5468,0.4472,0.9984,-0.0569,0.0000,0.0569,0.9984,0.0000,0.0000,0.0000,1.0000,0.0831,0.2046,0.1050
53,9,12.1536,-0.4823,0.4544,0.9984,-0.0569,0.0000,0.0569,0.9984,0.0000,0.0000,0.0000,1.0000,0.0210,0.0279,0.0569
53,10,12.1940,-0.5446,0.4546,0.9984,-0.0569,0.0000,0.0569,0.9984,0.0000,0.0000,0.0000,1.0000,0.0210,0.0279,0.0569
54,0,11.5963,-0.4441,0.4400,0.9984,-0.0568,0.0000,0.0568,0.9984,0.0000,0.0000,0.0000,1.0000,0.2577,0.2263,0.1400
54,1,11.6045,-0.4417,0.6052,0.9984,-0.0568,0.0000,0.0568,0.9984,0.0000,0.0000,0.0000,1.0000,0.1100,0.2168,0.3052
54,2,11.6769,-0.5062,0.5173,0.9984,-0.0568,0.0000,0.0568,0.9984,0.0000,0.0000,0.0000,1.0000,0.1101,0.3070,0.2173
54,3,11.6892,-0.6839,0.5889,0.9984,-0.0568,0.0000,0.0568,0.9984,0.0000,0.0000,0.0000,1.0000,0.2836,0.2073,0.2889
54,4,11.8045,-0.7370,0.5062,0.9984,-0.0568,0.0000,0.0568,0.9984,0.0000,0.0000,0.0000,1.0000,0.2820,0.2947,0.2062
54,5,11.9796,-0.6100,0.6614,0.9984,-0.0568,0.0000,0.0568,0.9984,0.0000,0.0000,0.0000,1.0000,0.1112,0.2100,0.3614
54,6,12.0735,-0.5958,0.4265,0.9984,-0.0568,0.0000,0.0568,0.9984,0.0000,0.0000,0.0000,1.0000,0.1972,0.1336,0.1265
54,7,12.1827,-0.5936,0.4491,0.9984,-0.0568,0.0000,0.0568,0.9984,0.0000,0.0000,0.0000,1.0000,0.1624,0.1625,0.0548
54,8,12.2126,-0.5520,0.4472,0.9984,-0.0568,0.0000,0.0568,0.9984,0.0000,0.0000,0.0000,1.0000,0.0831,0.2046,0.1050
54,9,12.2466,-0.4875,0.4544,0.9984,-0.0568,0.0000,0.0568,0.9984,0.0000,0.0000,0.0000,1.0000,0.0210,0.0279,0.0569
54,10,12.2870,-0.5498,0.4546,0.9984,-0.0568,0.0000,0.0568,0.9984,0.0000,0.0000,0.0000,1.0000,0.0210,0.0279,0.0569
55,0,11.6892,-0.4494,0.4400,0.9984,-0.0567,0.0000,0.0567,0.9984,0.0000,0.0000,0.0000,1.0000,0.2577,0.2263,0.1400
55,1,11.6975,-0.4470,0.6052,0.9984,-0.0567,0.0000,0.0567,0.9984,0.0000,0.0000,0.0000,1.0000,0.1100,0.2168,0.3052
55,2,11.7698,-0.5115,0.5173,0.9984,-0.0567,0.0000,0.0567,0.9984,0.0000,0.0000,0.0000,1.0000,0.1101,0.3070,0.2173
55,3,11.7822,-0.6892,0.5889,0.9984,-0.0567,0.0000,0.0567,0.9984,0.0000,0.0000,0.0000,1.0000,0.2836,0.2073,0.2889
55,4,11.8975,-0.7423,0.5062,0.9984,-0.0567,0.0000,0.0567,0.9984,0.0000,0.0000,0.0000,1.0000,0.2820,0.2947,0.2062
55,5,12.0725,-0.6152,0.6614,0.9984,-0.0567,0.0000,0.0567,0.9984,0.0000,0.0000,0.0000,1.0000,0.1112,0.2100,0.3614
55,6,12.1665,-0.6010,0.4265,0.9984,-0.0567,0.0000,0.0567,0.9984,0.0000,0.0000,0.0000,1.0000,0.1972,0.1336,0.1265
55,7,12.2757,-0.5988,0.4491,0.9984,-0.0567,0.0000,0.0567,0.9984,0.0000,0.0000,0.0000,1.0000,0.1624,0.1625,0.0548
55,8,12.3055,-0.5572,0.4472,0.9984,-0.0567,0.0000,0.0567,0.9984,0.0000,0.0000,0.0000,1.0000,0.0831,0.2046,0.1050
55,9,12.3395,-0.4928,0.4544,0.9984,-0.0567,0.0000,0.0567,0.9984,0.0000,0.0000,0.0000,1.0000,0.0210,0.0279,0.0569
55,10,12.3800,-0.5551,0.4546,0.9984,-0.0567,0.0000,0.0567,0.9984,0.0000,0.0000,0.0000,1.0000,0.0210,0.0279,0.0569
56,0,11.7821,-0.4547,0.4400,0.9984,-0.0567,0.0000,0.0567,0.9984,0.0000,0.0000,0.0000,1.0000,0.2577,0.2263,0.1400
56,1,11.7903,-0.4522,0.6052,0.9984,-0.0567,0.0000,0.0567,0.9984,0.0000,0.0000,0.0000,1.0000,0.1100,0.2168,0.3052
56,2,11.8627,-0.5167,0.5173,0.9984,-0.0567,0.0000,0.0567,0.9984,0.0000,0.0000,0.0000,1.0000,0.1101,0.3070,0.2173
56,3,11.8750,-0.6944,0.5889,0.9984,-0.0567,0.0000,0.0567,0.9984,0.0000,0.0000,0.0000,1.0000,0.2836,0.2073,0.2889
56,4,11.9903,-0.7476,0.5062,0.9984,-0.0567,0.0000,0.0567,0.9984,0.0000,0.0000,0.0000,1.0000,0.2820,0.2947,0.2062
56,5,12.1654,-0.6205,0.6614,0.9984,-0.0567,0.0000,0.0567,0.9984,0.0000,0.0000,0.0000,1.0000,0.1112,0.2100,0.3614
56,6,12.2594,-0.6063,0.4265,0.9984,-0.0567,0.0000,0.0567,0.9984,0.0000,0.0000,0.0000,1.0000,0.1972,0.1336,0.1265
56,7,12.3686,-0.6041,0.4491,0.9984,-0.0567,0.0000,0.0567,0.9984,0.0000,0.0000,0.0000,1.0000,0.1624,0.1625,0.0548
56,8,12.3984,-0.5625,0.4472,0.9984,-0.0567,0.0000,0.0567,0.9984,0.0000,0.0000,0.0000,1.0000,0.0831,0.2046,0.1050
56,9,12.4324,-0.4980,0.4544,0.9984,-0.0567,0.0000,0.0567,0.9984,0.0000,0.0000,0.0000,1.0000,0.0210,0.0279,0.0569
56,10,12.4728,-0.5603,0.4546,0.9984,-0.0567,0.0000,0.0567,0.9984,0.0000,0.0000,0.0000,1.0000,0.0210,0.0279,0.0569
57,0,11.8750,-0.4600,0.4400,0.9984,-0.0567,0.0000,0.0567,0.9984,0.0000,0.0000,0.0000,1.0000,0.2577,0.2263,0.1400
57,1,11.8832,-0.4575,0.6052,0.9984,-0.0567,0.0000,0.0567,0.9984,0.0000,0.0000,0.0000,1.0000,0.1100,0.2168,0.3052
57,2,11.9556,-0.5220,0.5173,0.9984,-0.0567,0.0000,0.0567,0.9984,0.0000,0.0000,0.0000,1.0000,0.1101,0.3070,0.2173
57,3,11.9679,-0.6997,0.5889,0.9984,-0.0567,0.0000,0.0567,0.9984,0.0000,0.0000,0.0000,1.0000,0.2836,0.2073,0.2889
57,4,12.0832,-0.7528,0.5062,0.9984,-0.0567,0.0000,0.0567,0.9984,0.0000,0.0000,0.0000,1.0000,0.2820,0.2947,0.2062
57,5,12.2583,-0.6258,0.6614,0.9984,-0.0567,0.0000,0.0567,0.9984,0.0000,0.0000,0.0000,1.0000,0.1112,0.2100,0.3614
57,6,12.3523,-0.6116,0.4265,0.9984,-0.0567,0.0000,0.0567,0.9984,0.0000,0.0000,0.0000,1.0000,0.1972,0.1336,0.1265
57,7,12.4615,-0.6094,0.4491,0.9984,-0.0567,0.0000,0.0567,0.9984,0.0000,0.0000,0.0000,1.0000,0.1624,0.1625,0.0548
57,8,12.4913,-0.5678,0.4472,0.9984,-0.0567,0.0000,0.0567,0.9984,0.0000,0.0000,0.0000,1.0000,0.0831,0.2046,0.1050
57,9,12.5253,-0.5033,0.4544,0.9984,-0.0567,0.0000,0.0567,0.9984,0.0000,0.0000,0.0000,1.0000,0.0210,0.0279,0.0569
57,10,12.5657,-0.5656,0.4546,0.9984,-0.0567,0.0000,0.0567,0.9984,0.0000,0.0000,0.0000,1.0000,0.0210,0.0279,0.0569
58,0,11.9680,-0.4652,0.4400,0.9984,-0.0567,0.0000,0.0567,0.9984,0.0000,0.0000,0.0000,1.0000,0.2577,0.2263,0.1400
58,1,11.9762,-0.4628,0.6052,0.9984,-0.0567,0.0000,0.0567,0.9984,0.0000,0.0000,0.0000,1.0000,0.1100,0.2168,0.3052
58,2,12.0486,-0.5273,0.5173,0.9984,-0.0567,0.0000,0.0567,0.9984,0.0000,0.0000,0.0000,1.0000,0.1101,0.3070,0.2173
58,3,12.0609,-0.7050,0.5889,0.9984,-0.0567,0.0000,0.0567,0.9984,0.0000,0.0000,0.0000,1.0000,0.2836,0.2073,0.2889
58,4,12.1762,-0.7581,0.5062,0.9984,-0.0567,0.0000,0.0567,0.9984,0.0000,0.0000,0.0000,1.0000,0.2820,0.2947,0.2062
58,5,12.3513,-0.6310,0.6614,0.9984,-0.0567,0.0000,0.0567,0.9984,0.0000,0.0000,0.0000,1.0000,0.1112,0.2100,0.3614
58,6,12.4453,-0.6168,0.4265,0.9984,-0.0567,0.0000,0.0567,0.9984,0.0000,0.0000,0.0000,1.0000,0.1972,0.1336,0.1265
58,7,12.5545,-0.6146,0.4491,0.9984,-0.0567,0.0000,0.0567,0.9984,0.0000,0.0000,0.0000,1.0000,0.1624,0.1625,0.0548
58,8,12.5843,-0.5731,0.4472,0.9984,-0.0567,0.0000,0.0567,0.9984,0.0000,0.0000,0.0000,1.0000,0.0831,0.2046,0.1050
58,9,12.6183,-0.5086,0.4544,0.9984,-0.0567,0.0000,0.0567,0.9984,0.0000,0.0000,0.0000,1.0000,0.0210,0.0279,0.0569
58,10,12.6587,-0.5709,0.4546,0.9984,-0.0567,0.0000,0.0567,0.9984,0.0000,0.0000,0.0000,1.0000,0.0210,0.0279,0.0569
59,0,12.0610,-0.4705,0.4400,0.9984,-0.0566,0.0000,0.0566,0.9984,0.0000,0.0000,0.0000,1.0000,0.2577,0.2263,0.1400
59,1,12.0692,-0.4681,0.6052,0.9984,-0.0566,0.0000,0.0566,0.9984,0.0000,0.0000,0.0000,1.0000,0.1100,0.2168,0.3052
59,2,12.1416,-0.5326,0.5173,0.9984,-0.0566,0.0000,0.0566,0.9984,0.0000,0.0000,0.0000,1.0000,0.1101,0.3070,0.2173
59,3,12.1540,-0.7103,0.5889,0.9984,-0.0566,0.0000,0.0566,0.9984,0.0000,0.0000,0.0000,1.0000,0.2836,0.2073,0.2889
59,4,12.2692,-0.7634,0.5062,0.9984,-0.0566,0.0000,0.0566,0.9984,0.0000,0.0000,0.0000,1.0000,0.2820,0.2947,0.2062
59,5,12.4443,-0.6363,0.6614,0.9984,-0.0566,0.0000,0.0566,0.9984,0.0000,0.0000,0.0000,1.0000,0.1112,0.2100,0.3614
59,6,12.5383,-0.6221,0.4265,0.9984,-0.0566,0.0000,0.0566,0.9984,0.0000,0.0000,0.0000,1.0000,0.1972,0.1336,0.1265
59,7,12.6475,-0.6199,0.4491,0.9984,-0.0566,0.0000,0.0566,0.9984,0.0000,0.0000,0.0000,1.0000,0.1624,0.1625,0.0548
59,8,12.6773,-0.5783,0.4472,0.9984,-0.0566,0.0000,0.0566,0.9984,0.0000,0.0000,0.0000,1.0000,0.0831,0.2046,0.1050
59,9,12.7113,-0.5138,0.4544,0.9984,-0.0566,0.0000,0.0566,0.9984,0.0000,0.0000,0.0000,1.0000,0.0210,0.0279,0.0569
59,10,12.7517,-0.5761,0.4546,0.9984,-0.0566,0.0000,0.0566,0.9984,0.0000,0.0000,0.0000,1.0000,0.0210,0.0279,0.0569
60,0,12.1542,-0.4758,0.4400,0.9984,-0.0566,0.0000,0.0566,0.9984,0.0000,0.0000,0.0000,1.0000,0.2577,0.2263,0.1400
60,1,12.1624,-0.4734,0.6052,0.9984,-0.0566,0.0000,0.0566,0.9984,0.0000,0.0000,0.0000,1.0000,0.1100,0.2168,0.3052
60,2,12.2348,-0.5379,0.5173,0.9984,-0.0566,0.0000,0.0566,0.9984,0.0000,0.0000,0.0000,1.0000,0.1101,0.3070,0.2173
60,3,12.2472,-0.7156,0.5889,0.9984,-0.0566,0.0000,0.0566,0.9984,0.0000,0.0000,0.0000,1.0000,0.2836,0.2073,0.2889
60,4,12.3624,-0.7687,0.5062,0.9984,-0.0566,0.0000,0.0566,0.9984,0.0000,0.0000,0.0000,1.0000,0.2820,0.2947,0.2062
60,5,12.5375,-0.6416,0.6614,0.9984,-0.0566,0.0000,0.0566,0.9984,0.0000,0.0000,0.0000,1.0000,0.1112,0.2100,0.3614
60,6,12.6315,-0.6274,0.4265,0.9984,-0.0566,0.0000,0.0566,0.9984,0.0000,0.0000,0.0000,1.0000,0.1972,0.1336,0.1265
60,7,12.7407,-0.6251,0.4491,0.9984,-0.0566,0.0000,0.0566,0.9984,0.0000,0.0000,0.0000,1.0000,0.1624,0.1625,0.0548
60,8,12.7705,-0.5836,0.4472,0.9984,-0.0566,0.0000,0.0566,0.9984,0.0000,0.0000,0.0000,1.0000,0.0831,0.2046,0.1050
60,9,12.8045,-0.5191,0.4544,0.9984,-0.0566,0.0000,0.0566,0.9984,0.0000,0.0000,0.0000,1.0000,0.0210,0.0279,0.0569
60,10,12.8449,-0.5814,0.4546,0.9984,-0.0566,0.0000,0.0566,0.9984,0.0000,0.0000,0.0000,1.0000,0.0210,0.0279,0.0569
61,0,12.2473,-0.4811,0.4400,0.9984,-0.0566,0.0000,0.0566,0.9984,0.0000,0.0000,0.0000,1.0000,0.2577,0.2263,0.1400
61,1,12.2556,-0.4786,0.6052,0.9984,-0.0566,0.0000,0.0566,0.9984,0.0000,0.0000,0.0000,1.0000,0.1100,0.2168,0.3052
61,2,12.3280,-0.5431,0.5173,0.9984,-0.0566,0.0000,0.0566,0.9984,0.0000,0.0000,0.0000,1.0000,0.1101,0.3070,0.2173
61,3,12.3403,-0.7208,0.5889,0.9984,-0.0566,0.0000,0.0566,0.9984,0.0000,0.0000,0.0000,1.0000,0.2836,0.2073,0.2889
61,4,12.4556,-0.7739,0.5062,0.9984,-0.0566,0.0000,0.0566,0.9984,0.0000,0.0000,0.0000,1.0000,0.2820,0.2947,0.2062
61,5,12.6307,-0.6468,0.6614,0.9984,-0.0566,0.0000,0.0566,0.9984,0.0000,0.0000,0.0000,1.0000,0.1112,0.2100,0.3614
61,6,12.7246,-0.6326,0.4265,0.9984,-0.0566,0.0000,0.0566,0.9984,0.0000,0.0000,0.0000,1.0000,0.1972,0.1336,0.1265
61,7,12.8338,-0.6304,0.4491,0.9984,-0.0566,0.0000,0.0566,0.9984,0.0000,0.0000,0.0000,1.0000,0.1624,0.1625,0.0548
61,8,12.8636,-0.5888,0.4472,0.9984,-0.0566,0.0000,0.0566,0.9984,0.0000,0.0000,0.0000,1.0000,0.0831,0.2046,0.1050
61,9,12.8976,-0.5243,0.4544,0.9984,-0.0566,0.0000,0.0566,0.9984,0.0000,0.0000,0.0000,1.0000,0.0210,0.0279,0.0569
61,10,12.9381,-0.5866,0.4546,0.9984,-0.0566,0.0000,0.0566,0.9984,0.0000,0.0000,0.0000,1.0000,0.0210,0.0279,0.0569
62,0,12.3398,-0.4863,0.4400,0.9984,-0.0565,0.0000,0.0565,0.9984,0.0000,0.0000,0.0000,1.0000,0.2577,0.2263,0.1400
62,1,12.3481,-0.4839,0.6052,0.9984,-0.0565,0.0000,0.0565,0.9984,0.0000,0.0000,0.0000,1.0000,0.1100,0.2168,0.3052
62,2,12.4205,-0.5484,0.5173,0.9984,-0.0565,0.0000,0.0565,0.9984,0.0000,0.0000,0.0000,1.0000,0.1101,0.3070,0.2173
62,3,12.4328,-0.7261,0.5889,0.9984,-0.0565,0.0000,0.0565,0.9984,0.0000,0.0000,0.0000,1.0000,0.2836,0.2073,0.2889
62,4,12.5481,-0.7792,0.5062,0.9984,-0.0565,0.0000,0.0565,0.9984,0.0000,0.0000,0.0000,1.0000,0.2820,0.2947,0.2062
62,5,12.7232,-0.6521,0.6614,0.9984,-0.0565,0.0000,0.0565,0.9984,0.0000,0.0000,0.0000,1.0000,0.1112,0.2100,0.3614
62,6,12.8171,-0.6379,0.4265,0.9984,-0.0565,0.0000,0.0565,0.9984,0.0000,0.0000,0.0000,1.0000,0.1972,0.1336,0.1265
62,7,12.9263,-0.6356,0.4491,0.9984,-0.0565,0.0000,0.0565,0.9984,0.0000,0.0000,0.0000,1.0000,0.1624,0.1625,0.0548
62,8,12.9561,-0.5940,0.4472,0.9984,-0.0565,0.0000,0.0565,0.9984,0.0000,0.0000,0.0000,1.0000,0.0831,0.2046,0.1050
62,9,12.9901,-0.5296,0.4544,0.9984,-0.0565,0.0000,0.0565,0.9984,0.0000,0.0000,0.0000,1.0000,0.0210,0.0279,0.0569
62,10,13.0306,-0.5919,0.4546,0.9984,-0.0565,0.0000,0.0565,0.9984,0.0000,0.0000,0.0000,1.0000,0.0210,0.0279,0.0569
63,0,12.4312,-0.4915,0.4400,0.9984,-0.0566,0.0000,0.0566,0.9984,0.0000,0.0000,0.0000,1.0000,0.2577,0.2263,0.1400
63,1,12.4394,-0.4891,0.6052,0.9984,-0.0566,0.0000,0.0566,0.9984,0.0000,0.0000,0.0000,1.0000,0.1100,0.2168,0.3052
63,2,12.5118,-0.5536,0.5173,0.9984,-0.0566,0.0000,0.0566,0.9984,0.0000,0.0000,0.0000,1.0000,0.1101,0.3070,0.2173
63,3,12.5242,-0.7312,0.5889,0.9984,-0.0566,0.0000,0.0566,0.9984,0.0000,0.0000,0.0000,1.0000,0.2836,0.2073,0.2889
63,4,12.6394,-0.7844,0.5062,0.9984,-0.0566,0.0000,0.0566,0.9984,0.0000,0.0000,0.0000,1.0000,0.2820,0.2947,0.2062
63,5,12.8145,-0.6573,0.6614,0.9984,-0.0566,0.0000,0.0566,0.9984,0.0000,0.0000,0.0000,1.0000,0.1112,0.2100,0.3614
63,6,12.9085,-0.6430,0.4265,0.9984,-0.0566,0.0000,0.0566,0.9984,0.0000,0.0000,0.0000,1.0000,0.1972,0.1336,0.1265
63,7,13.0177,-0.6408,0.4491,0.9984,-0.0566,0.0000,0.0566,0.9984,0.0000,0.0000,0.0000,1.0000,0.1624,0.1625,0.0548
63,8,13.0475,-0.5992,0.4472,0.9984,-0.0566,0.0000,0.0566,0.9984,0.0000,0.0000,0.0000,1.0000,0.0831,0.2046,0.1050
63,9,13.0815,-0.5348,0.4544,0.9984,-0.0566,0.0000,0.0566,0.9984,0.0000,0.0000,0.0000,1.0000,0.0210,0.0279,0.0569
63,10,13.1219,-0.5971,0.4546,0.9984,-0.0566,0.0000,0.0566,0.9984,0.0000,0.0000,0.0000,1.0000,0.0210,0.0279,0.0569
64,0,0.4381,-0.0087,0.4400,1.0000,-0.0042,0.0000,0.0042,1.0000,0.0000,0.0000,0.0000,1.0000,0.2577,0.2263,0.1400
64,1,0.4462,-0.0059,0.6052,1.0000,-0.0042,0.0000,0.0042,1.0000,0.0000,0.0000,0.0000,1.0000,0.1100,0.2168,0.3052
64,2,0.5219,-0.0665,0.5173,1.0000,-0.0042,0.0000,0.0042,1.0000,0.0000,0.0000,0.0000,1.0000,0.1101,0.3070,0.2173
64,3,0.5435,-0.2433,0.5889,1.0000,-0.0042,0.0000,0.0042,1.0000,0.0000,0.0000,0.0000,1.0000,0.2836,0.2073,0.2889
64,4,0.6614,-0.2903,0.5062,1.0000,-0.0042,0.0000,0.0042,1.0000,0.0000,0.0000,0.0000,1.0000,0.2820,0.2947,0.2062
64,5,0.8296,-0.1542,0.6614,1.0000,-0.0042,0.0000,0.0042,1.0000,0.0000,0.0000,0.0000,1.0000,0.1112,0.2100,0.3614
64,6,0.9227,-0.1351,0.4265,1.0000,-0.0042,0.0000,0.0042,1.0000,0.0000,0.0000,0.0000,1.0000,0.1972,0.1336,0.1265
64,7,1.0316,-0.1271,0.4491,1.0000,-0.0042,0.0000,0.0042,1.0000,0.0000,0.0000,0.0000,1.0000,0.1624,0.1625,0.0548
64,8,1.0592,-0.0840,0.4472,1.0000,-0.0042,0.0000,0.0042,1.0000,0.0000,0.0000,0.0000,1.0000,0.0831,0.2046,0.1050
64,9,1.0898,-0.0179,0.4544,1.0000,-0.0042,0.0000,0.0042,1.0000,0.0000,0.0000,0.0000,1.0000,0.0210,0.0279,0.0569
64,10,1.1334,-0.0779,0.4546,1.0000,-0.0042,0.0000,0.0042,1.0000,0.0000,0.0000,0.0000,1.0000,0.0210,0.0279,0.0569
65,0,0.9086,-0.0116,0.4400,1.0000,-0.0088,0.0000,0.0088,1.0000,0.0000,0.0000,0.0000,1.0000,0.2577,0.2263,0.1400
65,1,0.9167,-0.0088,0.6052,1.0000,-0.0088,0.0000,0.0088,1.0000,0.0000,0.0000,0.0000,1.0000,0.1100,0.2168,0.3052
65,2,0.9921,-0.0697,0.5173,1.0000,-0.0088,0.0000,0.0088,1.0000,0.0000,0.0000,0.0000,1.0000,0.1101,0.3070,0.2173
65,3,1.0130,-0.2466,0.5889,1.0000,-0.0088,0.0000,0.0088,1.0000,0.0000,0.0000,0.0000,1.0000,0.2836,0.2073,0.2889
65,4,1.1306,-0.2941,0.5062,1.0000,-0.0088,0.0000,0.0088,1.0000,0.0000,0.0000,0.0000,1.0000,0.2820,0.2947,0.2062
65,5,1.2994,-0.1588,0.6614,1.0000,-0.0088,0.0000,0.0088,1.0000,0.0000,0.0000,0.0000,1.0000,0.1112,0.2100,0.3614
65,6,1.3926,-0.1401,0.4265,1.0000,-0.0088,0.0000,0.0088,1.0000,0.0000,0.0000,0.0000,1.0000,0.1972,0.1336,0.1265
65,7,1.5016,-0.1327,0.4491,1.0000,-0.0088,0.0000,0.0088,1.0000,0.0000,0.0000,0.0000,1.0000,0.1624,0.1625,0.0548
65,8,1.5294,-0.0898,0.4472,1.0000,-0.0088,0.0000,0.0088,1.0000,0.0000,0.0000,0.0000,1.0000,0.0831,0.2046,0.1050
65,9,1.5602,-0.0237,0.4544,1.0000,-0.0088,0.0000,0.0088,1.0000,0.0000,0.0000,0.0000,1.0000,0.0210,0.0279,0.0569
65,10,1.6036,-0.0840,0.4546,1.0000,-0.0088,0.0000,0.0088,1.0000,0.0000,0.0000,0.0000,1.0000,0.0210,0.0279,0.0569
66,0,1.3722,-0.0166,0.4400,0.9999,-0.0136,0.0000,0.0136,0.9999,0.0000,0.0000,0.0000,1.0000,0.2577,0.2263,0.1400
66,1,1.3803,-0.0138,0.6052,0.9999,-0.0136,0.0000,0.0136,0.9999,0.0000,0.0000,0.0000,1.0000,0.1100,0.2168,0.3052
66,2,1.4554,-0.0751,0.5173,0.9999,-0.0136,0.0000,0.0136,0.9999,0.0000,0.0000,0.0000,1.0000,0.1101,0.3070,0.2173
66,3,1.4754,-0.2521,0.5889,0.9999,-0.0136,0.0000,0.0136,0.9999,0.0000,0.0000,0.0000,1.0000,0.2836,0.2073,0.2889
66,4,1.5928,-0.3002,0.5062,0.9999,-0.0136,0.0000,0.0136,0.9999,0.0000,0.0000,0.0000,1.0000,0.2820,0.2947,0.2062
66,5,1.7623,-0.1657,0.6614,0.9999,-0.0136,0.0000,0.0136,0.9999,0.0000,0.0000,0.0000,1.0000,0.1112,0.2100,0.3614
66,6,1.8556,-0.1475,0.4265,0.9999,-0.0136,0.0000,0.0136,0.9999,0.0000,0.0000,0.0000,1.0000,0.1972,0.1336,0.1265
66,7,1.9646,-0.1405,0.4491,0.9999,-0.0136,0.0000,0.0136,0.9999,0.0000,0.0000,0.0000,1.0000,0.1624,0.1625,0.0548
66,8,1.9925,-0.0977,0.4472,0.9999,-0.0136,0.0000,0.0136,0.9999,0.0000,0.0000,0.0000,1.0000,0.0831,0.2046,0.1050
66,9,2.0237,-0.0318,0.4544,0.9999,-0.0136,0.0000,0.0136,0.9999,0.0000,0.0000,0.0000,1.0000,0.0210,0.0279,0.0569
66,10,2.0668,-0.0923,0.4546,0.9999,-0.0136,0.0000,0.0136,0.9999,0.0000,0.0000,0.0000,1.0000,0.0210,0.0279,0.0569
67,0,1.8297,-0.0238,0.4400,0.9998,-0.0191,0.0000,0.0191,0.9998,0.0000,0.0000,0.0000,1.0000,0.2577,0.2263,0.1400
67,1,1.8378,-0.0211,0.6052,0.9998,-0.0191,0.0000,0.0191,0.9998,0.0000,0.0000,0.0000,1.0000,0.1100,0.2168,0.3052
67,2,1.9126,-0.0828,0.5173,0.9998,-0.0191,0.0000,0.0191,0.9998,0.0000,0.0000,0.0000,1.0000,0.1101,0.3070,0.2173
67,3,1.9316,-0.2599,0.5889,0.9998,-0.0191,0.0000,0.0191,0.9998,0.0000,0.0000,0.0000,1.0000,0.2836,0.2073,0.2889
67,4,2.0488,-0.3087,0.5062,0.9998,-0.0191,0.0000,0.0191,0.9998,0.0000,0.0000,0.0000,1.0000,0.2820,0.2947,0.2062
67,5,2.2190,-0.1751,0.6614,0.9998,-0.0191,0.0000,0.0191,0.9998,0.0000,0.0000,0.0000,1.0000,0.1112,0.2100,0.3614
67,6,2.3123,-0.1574,0.4265,0.9998,-0.0191,0.0000,0.0191,0.9998,0.0000,0.0000,0.0000,1.0000,0.1972,0.1336,0.1265
67,7,2.4214,-0.1510,0.4491,0.9998,-0.0191,0.0000,0.0191,0.9998,0.0000,0.0000,0.0000,1.0000,0.1624,0.1625,0.0548
67,8,2.4496,-0.1084,0.4472,0.9998,-0.0191,0.0000,0.0191,0.9998,0.0000,0.0000,0.0000,1.0000,0.0831,0.2046,0.1050
67,9,2.4811,-0.0427,0.4544,0.9998,-0.0191,0.0000,0.0191,0.9998,0.0000,0.0000,0.0000,1.0000,0.0210,0.0279,0.0569
67,10,2.5239,-0.1034,0.4546,0.9998,-0.0191,0.0000,0.0191,0.9998,0.0000,0.0000,0.0000,1.0000,0.0210,0.0279,0.0569
68,0,2.2815,-0.0335,0.4400,0.9997,-0.0249,0.0000,0.0249,0.9997,0.0000,0.0000,0.0000,1.0000,0.2577,0.2263,0.1400
68,1,2.2897,-0.0308,0.6052,0.9997,-0.0249,0.0000,0.0249,0.9997,0.0000,0.0000,0.0000,1.0000,0.1100,0.2168,0.3052
68,2,2.3641,-0.0930,0.5173,0.9997,-0.0249,0.0000,0.0249,0.9997,0.0000,0.0000,0.0000,1.0000,0.1101,0.3070,0.2173
68,3,2.3821,-0.2702,0.5889,0.9997,-0.0249,0.0000,0.0249,0.9997,0.0000,0.0000,0.0000,1.0000,0.2836,0.2073,0.2889
68,4,2.4990,-0.3196,0.5062,0.9997,-0.0249,0.0000,0.0249,0.9997,0.0000,0.0000,0.0000,1.0000,0.2820,0.2947,0.2062
68,5,2.6699,-0.1870,0.6614,0.9997,-0.0249,0.0000,0.0249,0.9997,0.0000,0.0000,0.0000,1.0000,0.1112,0.2100,0.3614
68,6,2.7634,-0.1699,0.4265,0.9997,-0.0249,0.0000,0.0249,0.9997,0.0000,0.0000,0.0000,1.0000,0.1972,0.1336,0.1265
68,7,2.8724,-0.1642,0.4491,0.9997,-0.0249,0.0000,0.0249,0.9997,0.0000,0.0000,0.0000,1.0000,0.1624,0.1625,0.0548
68,8,2.9009,-0.1217,0.4472,0.9997,-0.0249,0.0000,0.0249,0.9997,0.0000,0.0000,0.0000,1.0000,0.0831,0.2046,0.1050
68,9,2.9329,-0.0561,0.4544,0.9997,-0.0249,0.0000,0.0249,0.9997,0.0000,0.0000,0.0000,1.0000,0.0210,0.0279,0.0569
68,10,2.9752,-0.1171,0.4546,0.9997,-0.0249,0.0000,0.0249,0.9997,0.0000,0.0000,0.0000,1.0000,0.0210,0.0279,0.0569
69,0,2.7276,-0.0457,0.4400,0.9995,-0.0310,0.0000,0.0310,0.9995,0.0000,0.0000,0.0000,1.0000,0.2577,0.2263,0.1400
69,1,2.7358,-0.0431,0.6052,0.9995,-0.0310,0.0000,0.0310,0.9995,0.0000,0.0000,0.0000,1.0000,0.1100,0.2168,0.3052
69,2,2.8098,-0.1057,0.5173,0.9995,-0.0310,0.0000,0.0310,0.9995,0.0000,0.0000,0.0000,1.0000,0.1101,0.3070,0.2173
69,3,2.8267,-0.2830,0.5889,0.9995,-0.0310,0.0000,0.0310,0.9995,0.0000,0.0000,0.0000,1.0000,0.2836,0.2073,0.2889
69,4,2.9433,-0.3331,0.5062,0.9995,-0.0310,0.0000,0.0310,0.9995,0.0000,0.0000,0.0000,1.0000,0.2820,0.2947,0.2062
69,5,3.1151,-0.2016,0.6614,0.9995,-0.0310,0.0000,0.0310,0.9995,0.0000,0.0000,0.0000,1.0000,0.1112,0.2100,0.3614
69,6,3.2087,-0.1850,0.4265,0.9995,-0.0310,0.0000,0.0310,0.9995,0.0000,0.0000,0.0000,1.0000,0.1972,0.1336,0.1265
69,7,3.3178,-0.1800,0.4491,0.9995,-0.0310,0.0000,0.0310,0.9995,0.0000,0.0000,0.0000,1.0000,0.1624,0.1625,0.0548
69,8,3.3465,-0.1376,0.4472,0.9995,-0.0310,0.0000,0.0310,0.9995,0.0000,0.0000,0.0000,1.0000,0.0831,0.2046,0.1050
69,9,3.3788,-0.0723,0.4544,0.9995,-0.0310,0.0000,0.0310,0.9995,0.0000,0.0000,0.0000,1.0000,0.0210,0.0279,0.0569
69,10,3.4209,-0.1335,0.4546,0.9995,-0.0310,0.0000,0.0310,0.9995,0.0000,0.0000,0.0000,1.0000,0.0210,0.0279,0.0569
70,0,3.1677,-0.0605,0.4400,0.9993,-0.0374,0.0000,0.0374,0.9993,0.0000,0.0000,0.0000,1.0000,0.2577,0.2263,0.1400
70,1,3.1759,-0.0579,0.6052,0.9993,-0.0374,0.0000,0.0374,0.9993,0.0000,0.0000,0.0000,1.0000,0.1100,0.2168,0.3052
70,2,3.2495,-0.1210,0.5173,0.9993,-0.0374,0.0000,0.0374,0.9993,0.0000,0.0000,0.0000,1.0000,0.1101,0.3070,0.2173
70,3,3.2653,-0.2984,0.5889,0.9993,-0.0374,0.0000,0.0374,0.9993,0.0000,0.0000,0.0000,1.0000,0.2836,0.2073,0.2889
70,4,3.3815,-0.3493,0.5062,0.9993,-0.0374,0.0000,0.0374,0.9993,0.0000,0.0000,0.0000,1.0000,0.2820,0.2947,0.2062
70,5,3.5541,-0.2189,0.6614,0.9993,-0.0374,0.0000,0.0374,0.9993,0.0000,0.0000,0.0000,1.0000,0.1112,0.2100,0.3614
70,6,3.6478,-0.2029,0.4265,0.9993,-0.0374,0.0000,0.0374,0.9993,0.0000,0.0000,0.0000,1.0000,0.1972,0.1336,0.1265
70,7,3.7569,-0.1985,0.4491,0.9993,-0.0374,0.0000,0.0374,0.9993,0.0000,0.0000,0.0000,1.0000,0.1624,0.1625,0.0548
70,8,3.7859,-0.1564,0.4472,0.9993,-0.0374,0.0000,0.0374,0.9993,0.0000,0.0000,0.0000,1.0000,0.0831,0.2046,0.1050
70,9,3.8187,-0.0913,0.4544,0.9993,-0.0374,0.0000,0.0374,0.9993,0.0000,0.0000,0.0000,1.0000,0.0210,0.0279,0.0569
70,10,3.8603,-0.1528,0.4546,0.9993,-0.0374,0.0000,0.0374,0.9993,0.0000,0.0000,0.0000,1.0000,0.0210,0.0279,0.0569
71,0,3.6008,-0.0779,0.4400,0.9990,-0.0442,0.0000,0.0442,0.9990,0.0000,0.0000,0.0000,1.0000,0.2577,0.2263,0.1400
71,1,3.6090,-0.0754,0.6052,0.9990,-0.0442,0.0000,0.0442,0.9990,0.0000,0.0000,0.0000,1.0000,0.1100,0.2168,0.3052
71,2,3.6822,-0.1389,0.5173,0.9990,-0.0442,0.0000,0.0442,0.9990,0.0000,0.0000,0.0000,1.0000,0.1101,0.3070,0.2173
71,3,3.6967,-0.3165,0.5889,0.9990,-0.0442,0.0000,0.0442,0.9990,0.0000,0.0000,0.0000,1.0000,0.2836,0.2073,0.2889
71,4,3.8127,-0.3681,0.5062,0.9990,-0.0442,0.0000,0.0442,0.9990,0.0000,0.0000,0.0000,1.0000,0.2820,0.2947,0.2062
71,5,3.9861,-0.2389,0.6614,0.9990,-0.0442,0.0000,0.0442,0.9990,0.0000,0.0000,0.0000,1.0000,0.1112,0.2100,0.3614
71,6,4.0799,-0.2235,0.4265,0.9990,-0.0442,0.0000,0.0442,0.9990,0.0000,0.0000,0.0000,1.0000,0.1972,0.1336,0.1265
71,7,4.1891,-0.2199,0.4491,0.9990,-0.0442,0.0000,0.0442,0.9990,0.0000,0.0000,0.0000,1.0000,0.1624,0.1625,0.0548
71,8,4.2184,-0.1780,0.4472,0.9990,-0.0442,0.0000,0.0442,0.9990,0.0000,0.0000,0.0000,1.0000,0.0831,0.2046,0.1050
71,9,4.2516,-0.1131,0.4544,0.9990,-0.0442,0.0000,0.0442,0.9990,0.0000,0.0000,0.0000,1.0000,0.0210,0.0279,0.0569
71,10,4.2928,-0.1748,0.4546,0.9990,-0.0442,0.0000,0.0442,0.9990,0.0000,0.0000,0.0000,1.0000,0.0210,0.0279,0.0569
72,0,4.0259,-0.0979,0.4400,0.9987,-0.0514,0.0000,0.0514,0.9987,0.0000,0.0000,0.0000,1.0000,0.2577,0.2263,0.1400
72,1,4.0342,-0.0954,0.6052,0.9987,-0.0514,0.0000,0.0514,0.9987,0.0000,0.0000,0.0000,1.0000,0.1100,0.2168,0.3052
72,2,4.1069,-0.1596,0.5173,0.9987,-0.0514,0.0000,0.0514,0.9987,0.0000,0.0000,0.0000,1.0000,0.1101,0.3070,0.2173
72,3,4.1201,-0.3372,0.5889,0.9987,-0.0514,0.0000,0.0514,0.9987,0.0000,0.0000,0.0000,1.0000,0.2836,0.2073,0.2889
72,4,4.2357,-0.3897,0.5062,0.9987,-0.0514,0.0000,0.0514,0.9987,0.0000,0.0000,0.0000,1.0000,0.2820,0.2947,0.2062
72,5,4.4101,-0.2617,0.6614,0.9987,-0.0514,0.0000,0.0514,0.9987,0.0000,0.0000,0.0000,1.0000,0.1112,0.2100,0.3614
72,6,4.5040,-0.2470,0.4265,0.9987,-0.0514,0.0000,0.0514,0.9987,0.0000,0.0000,0.0000,1.0000,0.1972,0.1336,0.1265
72,7,4.6132,-0.2442,0.4491,0.9987,-0.0514,0.0000,0.0514,0.9987,0.0000,0.0000,0.0000,1.0000,0.1624,0.1625,0.0548
72,8,4.6428,-0.2025,0.4472,0.9987,-0.0514,0.0000,0.0514,0.9987,0.0000,0.0000,0.0000,1.0000,0.0831,0.2046,0.1050
72,9,4.6764,-0.1378,0.4544,0.9987,-0.0514,0.0000,0.0514,0.9987,0.0000,0.0000,0.0000,1.0000,0.0210,0.0279,0.0569
72,10,4.7172,-0.1999,0.4546,0.9987,-0.0514,0.0000,0.0514,0.9987,0.0000,0.0000,0.0000,1.0000,0.0210,0.0279,0.0569
73,0,4.4422,-0.1205,0.4400,0.9983,-0.0583,0.0000,0.0583,0.9983,0.0000,0.0000,0.0000,1.0000,0.2577,0.2263,0.1400
73,1,4.4505,-0.1181,0.6052,0.9983,-0.0583,0.0000,0.0583,0.9983,0.0000,0.0000,0.0000,1.0000,0.1100,0.2168,0.3052
73,2,4.5227,-0.1827,0.5173,0.9983,-0.0583,0.0000,0.0583,0.9983,0.0000,0.0000,0.0000,1.0000,0.1101,0.3070,0.2173
73,3,4.5348,-0.3604,0.5889,0.9983,-0.0583,0.0000,0.0583,0.9983,0.0000,0.0000,0.0000,1.0000,0.2836,0.2073,0.2889
73,4,4.6500,-0.4137,0.5062,0.9983,-0.0583,0.0000,0.0583,0.9983,0.0000,0.0000,0.0000,1.0000,0.2820,0.2947,0.2062
73,5,4.8253,-0.2869,0.6614,0.9983,-0.0583,0.0000,0.0583,0.9983,0.0000,0.0000,0.0000,1.0000,0.1112,0.2100,0.3614
73,6,4.9193,-0.2729,0.4265,0.9983,-0.0583,0.0000,0.0583,0.9983,0.0000,0.0000,0.0000,1.0000,0.1972,0.1336,0.1265
73,7,5.0285,-0.2708,0.4491,0.9983,-0.0583,0.0000,0.0583,0.9983,0.0000,0.0000,0.0000,1.0000,0.1624,0.1625,0.0548
73,8,5.0583,-0.2293,0.4472,0.9983,-0.0583,0.0000,0.0583,0.9983,0.0000,0.0000,0.0000,1.0000,0.0831,0.2046,0.1050
73,9,5.0924,-0.1649,0.4544,0.9983,-0.0583,0.0000,0.0583,0.9983,0.0000,0.0000,0.0000,1.0000,0.0210,0.0279,0.0569
73,10,5.1328,-0.2272,0.4546,0.9983,-0.0583,0.0000,0.0583,0.9983,0.0000,0.0000,0.0000,1.0000,0.0210,0.0279,0.0569
74,0,4.8489,-0.1454,0.4400,0.9979,-0.0654,0.0000,0.0654,0.9979,0.0000,0.0000,0.0000,1.0000,0.2577,0.2263,0.1400
74,1,4.8572,-0.1430,0.6052,0.9979,-0.0654,0.0000,0.0654,0.9979,0.0000,0.0000,0.0000,1.0000,0.1100,0.2168,0.3052
74,2,4.9290,-0.2082,0.5173,0.9979,-0.0654,0.0000,0.0654,0.9979,0.0000,0.0000,0.0000,1.0000,0.1101,0.3070,0.2173
74,3,4.9398,-0.3859,0.5889,0.9979,-0.0654,0.0000,0.0654,0.9979,0.0000,0.0000,0.0000,1.0000,0.2836,0.2073,0.2889
74,4,5.0546,-0.4401,0.5062,0.9979,-0.0654,0.0000,0.0654,0.9979,0.0000,0.0000,0.0000,1.0000,0.2820,0.2947,0.2062
74,5,5.2308,-0.3145,0.6614,0.9979,-0.0654,0.0000,0.0654,0.9979,0.0000,0.0000,0.0000,1.0000,0.1112,0.2100,0.3614
74,6,5.3249,-0.3011,0.4265,0.9979,-0.0654,0.0000,0.0654,0.9979,0.0000,0.0000,0.0000,1.0000,0.1972,0.1336,0.1265
74,7,5.4341,-0.2999,0.4491,0.9979,-0.0654,0.0000,0.0654,0.9979,0.0000,0.0000,0.0000,1.0000,0.1624,0.1625,0.0548
74,8,5.4643,-0.2586,0.4472,0.9979,-0.0654,0.0000,0.0654,0.9979,0.0000,0.0000,0.0000,1.0000,0.0831,0.2046,0.1050
74,9,5.4988,-0.1944,0.4544,0.9979,-0.0654,0.0000,0.0654,0.9979,0.0000,0.0000,0.0000,1.0000,0.0210,0.0279,0.0569
74,10,5.5387,-0.2570,0.4546,0.9979,-0.0654,0.0000,0.0654,0.9979,0.0000,0.0000,0.0000,1.0000,0.0210,0.0279,0.0569
75,0,5.2456,-0.1724,0.4400,0.9974,-0.0722,0.0000,0.0722,0.9974,0.0000,0.0000,0.0000,1.0000,0.2577,0.2263,0.1400
75,1,5.2539,-0.1701,0.6052,0.9974,-0.0722,0.0000,0.0722,0.9974,0.0000,0.0000,0.0000,1.0000,0.1100,0.2168,0.3052
75,2,5.3253,-0.2358,0.5173,0.9974,-0.0722,0.0000,0.0722,0.9974,0.0000,0.0000,0.0000,1.0000,0.1101,0.3070,0.2173
75,3,5.3348,-0.4136,0.5889,0.9974,-0.0722,0.0000,0.0722,0.9974,0.0000,0.0000,0.0000,1.0000,0.2836,0.2073,0.2889
75,4,5.4493,-0.4685,0.5062,0.9974,-0.0722,0.0000,0.0722,0.9974,0.0000,0.0000,0.0000,1.0000,0.2820,0.2947,0.2062
75,5,5.6263,-0.3442,0.6614,0.9974,-0.0722,0.0000,0.0722,0.9974,0.0000,0.0000,0.0000,1.0000,0.1112,0.2100,0.3614
75,6,5.7205,-0.3315,0.4265,0.9974,-0.0722,0.0000,0.0722,0.9974,0.0000,0.0000,0.0000,1.0000,0.1972,0.1336,0.1265
75,7,5.8297,-0.3310,0.4491,0.9974,-0.0722,0.0000,0.0722,0.9974,0.0000,0.0000,0.0000,1.0000,0.1624,0.1625,0.0548
75,8,5.8601,-0.2898,0.4472,0.9974,-0.0722,0.0000,0.0722,0.9974,0.0000,0.0000,0.0000,1.0000,0.0831,0.2046,0.1050
75,9,5.8952,-0.2259,0.4544,0.9974,-0.0722,0.0000,0.0722,0.9974,0.0000,0.0000,0.0000,1.0000,0.0210,0.0279,0.0569
75,10,5.9346,-0.2888,0.4546,0.9974,-0.0722,0.0000,0.0722,0.9974,0.0000,0.0000,0.0000,1.0000,0.0210,0.0279,0.0569
76,0,5.6322,-0.2015,0.4400,0.9969,-0.0792,0.0000,0.0792,0.9969,0.0000,0.0000,0.0000,1.0000,0.2577,0.2263,0.1400
76,1,5.6405,-0.1992,0.6052,0.9969,-0.0792,0.0000,0.0792,0.9969,0.0000,0.0000,0.0000,1.0000,0.1100,0.2168,0.3052
76,2,5.7114,-0.2654,0.5173,0.9969,-0.0792,0.0000,0.0792,0.9969,0.0000,0.0000,0.0000,1.0000,0.1101,0.3070,0.2173
76,3,5.7198,-0.4433,0.5889,0.9969,-0.0792,0.0000,0.0792,0.9969,0.0000,0.0000,0.0000,1.0000,0.2836,0.2073,0.2889
76,4,5.8338,-0.4990,0.5062,0.9969,-0.0792,0.0000,0.0792,0.9969,0.0000,0.0000,0.0000,1.0000,0.2820,0.2947,0.2062
76,5,6.0117,-0.3759,0.6614,0.9969,-0.0792,0.0000,0.0792,0.9969,0.0000,0.0000,0.0000,1.0000,0.1112,0.2100,0.3614
76,6,6.1060,-0.3638,0.4265,0.9969,-0.0792,0.0000,0.0792,0.9969,0.0000,0.0000,0.0000,1.0000,0.1972,0.1336,0.1265
76,7,6.2152,-0.3641,0.4491,0.9969,-0.0792,0.0000,0.0792,0.9969,0.0000,0.0000,0.0000,1.0000,0.1624,0.1625,0.0548
76,8,6.2459,-0.3232,0.4472,0.9969,-0.0792,0.0000,0.0792,0.9969,0.0000,0.0000,0.0000,1.0000,0.0831,0.2046,0.1050
76,9,6.2814,-0.2595,0.4544,0.9969,-0.0792,0.0000,0.0792,0.9969,0.0000,0.0000,0.0000,1.0000,0.0210,0.0279,0.0569
76,10,6.3204,-0.3227,0.4546,0.9969,-0.0792,0.0000,0.0792,0.9969,0.0000,0.0000,0.0000,1.0000,0.0210,0.0279,0.0569
77,0,6.0092,-0.2324,0.4400,0.9963,-0.0860,0.0000,0.0860,0.9963,0.0000,0.0000,0.0000,1.0000,0.2577,0.2263,0.1400
77,1,6.0175,-0.2302,0.6052,0.9963,-0.0860,0.0000,0.0860,0.9963,0.0000,0.0000,0.0000,1.0000,0.1100,0.2168,0.3052
77,2,6.0880,-0.2968,0.5173,0.9963,-0.0860,0.0000,0.0860,0.9963,0.0000,0.0000,0.0000,1.0000,0.1101,0.3070,0.2173
77,3,6.0951,-0.4748,0.5889,0.9963,-0.0860,0.0000,0.0860,0.9963,0.0000,0.0000,0.0000,1.0000,0.2836,0.2073,0.2889
77,4,6.2088,-0.5313,0.5062,0.9963,-0.0860,0.0000,0.0860,0.9963,0.0000,0.0000,0.0000,1.0000,0.2820,0.2947,0.2062
77,5,6.3875,-0.4094,0.6614,0.9963,-0.0860,0.0000,0.0860,0.9963,0.0000,0.0000,0.0000,1.0000,0.1112,0.2100,0.3614
77,6,6.4818,-0.3980,0.4265,0.9963,-0.0860,0.0000,0.0860,0.9963,0.0000,0.0000,0.0000,1.0000,0.1972,0.1336,0.1265
77,7,6.5910,-0.3990,0.4491,0.9963,-0.0860,0.0000,0.0860,0.9963,0.0000,0.0000,0.0000,1.0000,0.1624,0.1625,0.0548
77,8,6.6221,-0.3583,0.4472,0.9963,-0.0860,0.0000,0.0860,0.9963,0.0000,0.0000,0.0000,1.0000,0.0831,0.2046,0.1050
77,9,6.6579,-0.2948,0.4544,0.9963,-0.0860,0.0000,0.0860,0.9963,0.0000,0.0000,0.0000,1.0000,0.0210,0.0279,0.0569
77,10,6.6965,-0.3583,0.4546,0.9963,-0.0860,0.0000,0.0860,0.9963,0.0000,0.0000,0.0000,1.0000,0.0210,0.0279,0.0569
78,0,6.3773,-0.2651,0.4400,0.9957,-0.0924,0.0000,0.0924,0.9957,0.0000,0.0000,0.0000,1.0000,0.2577,0.2263,0.1400
78,1,6.3856,-0.2630,0.6052,0.9957,-0.0924,0.0000,0.0924,0.9957,0.0000,0.0000,0.0000,1.0000,0.1100,0.2168,0.3052
78,2,6.4556,-0.3300,0.5173,0.9957,-0.0924,0.0000,0.0924,0.9957,0.0000,0.0000,0.0000,1.0000,0.1101,0.3070,0.2173
78,3,6.4616,-0.5080,0.5889,0.9957,-0.0924,0.0000,0.0924,0.9957,0.0000,0.0000,0.0000,1.0000,0.2836,0.2073,0.2889
78,4,6.5749,-0.5652,0.5062,0.9957,-0.0924,0.0000,0.0924,0.9957,0.0000,0.0000,0.0000,1.0000,0.2820,0.2947,0.2062
78,5,6.7544,-0.4445,0.6614,0.9957,-0.0924,0.0000,0.0924,0.9957,0.0000,0.0000,0.0000,1.0000,0.1112,0.2100,0.3614
78,6,6.8488,-0.4337,0.4265,0.9957,-0.0924,0.0000,0.0924,0.9957,0.0000,0.0000,0.0000,1.0000,0.1972,0.1336,0.1265
78,7,6.9580,-0.4354,0.4491,0.9957,-0.0924,0.0000,0.0924,0.9957,0.0000,0.0000,0.0000,1.0000,0.1624,0.1625,0.0548
78,8,6.9893,-0.3949,0.4472,0.9957,-0.0924,0.0000,0.0924,0.9957,0.0000,0.0000,0.0000,1.0000,0.0831,0.2046,0.1050
78,9,7.0256,-0.3317,0.4544,0.9957,-0.0924,0.0000,0.0924,0.9957,0.0000,0.0000,0.0000,1.0000,0.0210,0.0279,0.0569
78,10,7.0638,-0.3954,0.4546,0.9957,-0.0924,0.0000,0.0924,0.9957,0.0000,0.0000,0.0000,1.0000,0.0210,0.0279,0.0569
79,0,6.7375,-0.2994,0.4400,0.9951,-0.0985,0.0000,0.0985,0.9951,0.0000,0.0000,0.0000,1.0000,0.2577,0.2263,0.1400
79,1,6.7459,-0.2973,0.6052,0.9951,-0.0985,0.0000,0.0985,0.9951,0.0000,0.0000,0.0000,1.0000,0.1100,0.2168,0.3052
79,2,6.8154,-0.3648,0.5173,0.9951,-0.0985,0.0000,0.0985,0.9951,0.0000,0.0000,0.0000,1.0000,0.1101,0.3070,0.2173
79,3,6.8203,-0.5428,0.5889,0.9951,-0.0985,0.0000,0.0985,0.9951,0.0000,0.0000,0.0000,1.0000,0.2836,0.2073,0.2889
79,4,6.9333,-0.6007,0.5062,0.9951,-0.0985,0.0000,0.0985,0.9951,0.0000,0.0000,0.0000,1.0000,0.2820,0.2947,0.2062
79,5,7.1135,-0.4811,0.6614,0.9951,-0.0985,0.0000,0.0985,0.9951,0.0000,0.0000,0.0000,1.0000,0.1112,0.2100,0.3614
79,6,7.2080,-0.4709,0.4265,0.9951,-0.0985,0.0000,0.0985,0.9951,0.0000,0.0000,0.0000,1.0000,0.1972,0.1336,0.1265
79,7,7.3172,-0.4733,0.4491,0.9951,-0.0985,0.0000,0.0985,0.9951,0.0000,0.0000,0.0000,1.0000,0.1624,0.1625,0.0548
79,8,7.3487,-0.4330,0.4472,0.9951,-0.0985,0.0000,0.0985,0.9951,0.0000,0.0000,0.0000,1.0000,0.0831,0.2046,0.1050
79,9,7.3854,-0.3700,0.4544,0.9951,-0.0985,0.0000,0.0985,0.9951,0.0000,0.0000,0.0000,1.0000,0.0210,0.0279,0.0569
79,10,7.4232,-0.4339,0.4546,0.9951,-0.0985,0.0000,0.0985,0.9951,0.0000,0.0000,0.0000,1.0000,0.0210,0.0279,0.0569
80,0,7.0910,-0.3352,0.4400,0.9945,-0.1047,0.0000,0.1047,0.9945,0.0000,0.0000,0.0000,1.0000,0.2577,0.2263,0.1400
80,1,7.0994,-0.3332,0.6052,0.9945,-0.1047,0.0000,0.1047,0.9945,0.0000,0.0000,0.0000,1.0000,0.1100,0.2168,0.3052
80,2,7.1686,-0.4011,0.5173,0.9945,-0.1047,0.0000,0.1047,0.9945,0.0000,0.0000,0.0000,1.0000,0.1101,0.3070,0.2173
80,3,7.1723,-0.5792,0.5889,0.9945,-0.1047,0.0000,0.1047,0.9945,0.0000,0.0000,0.0000,1.0000,0.2836,0.2073,0.2889
80,4,7.2849,-0.6378,0.5062,0.9945,-0.1047,0.0000,0.1047,0.9945,0.0000,0.0000,0.0000,1.0000,0.2820,0.2947,0.2062
80,5,7.4659,-0.5193,0.6614,0.9945,-0.1047,0.0000,0.1047,0.9945,0.0000,0.0000,0.0000,1.0000,0.1112,0.2100,0.3614
80,6,7.5604,-0.5096,0.4265,0.9945,-0.1047,0.0000,0.1047,0.9945,0.0000,0.0000,0.0000,1.0000,0.1972,0.1336,0.1265
80,7,7.6696,-0.5127,0.4491,0.9945,-0.1047,0.0000,0.1047,0.9945,0.0000,0.0000,0.0000,1.0000,0.1624,0.1625,0.0548
80,8,7.7014,-0.4726,0.4472,0.9945,-0.1047,0.0000,0.1047,0.9945,0.0000,0.0000,0.0000,1.0000,0.0831,0.2046,0.1050
80,9,7.7385,-0.4098,0.4544,0.9945,-0.1047,0.0000,0.1047,0.9945,0.0000,0.0000,0.0000,1.0000,0.0210,0.0279,0.0569
80,10,7.7759,-0.4740,0.4546,0.9945,-0.1047,0.0000,0.1047,0.9945,0.0000,0.0000,0.0000,1.0000,0.0210,0.0279,0.0569
81,0,7.4387,-0.3727,0.4400,0.9938,-0.1109,0.0000,0.1109,0.9938,0.0000,0.0000,0.0000,1.0000,0.2577,0.2263,0.1400
81,1,7.4470,-0.3707,0.6052,0.9938,-0.1109,0.0000,0.1109,0.9938,0.0000,0.0000,0.0000,1.0000,0.1100,0.2168,0.3052
81,2,7.5158,-0.4390,0.5173,0.9938,-0.1109,0.0000,0.1109,0.9938,0.0000,0.0000,0.0000,1.0000,0.1101,0.3070,0.2173
81,3,7.5185,-0.6171,0.5889,0.9938,-0.1109,0.0000,0.1109,0.9938,0.0000,0.0000,0.0000,1.0000,0.2836,0.2073,0.2889
81,4,7.6307,-0.6764,0.5062,0.9938,-0.1109,0.0000,0.1109,0.9938,0.0000,0.0000,0.0000,1.0000,0.2820,0.2947,0.2062
81,5,7.8124,-0.5591,0.6614,0.9938,-0.1109,0.0000,0.1109,0.9938,0.0000,0.0000,0.0000,1.0000,0.1112,0.2100,0.3614
81,6,7.9070,-0.5500,0.4265,0.9938,-0.1109,0.0000,0.1109,0.9938,0.0000,0.0000,0.0000,1.0000,0.1972,0.1336,0.1265
81,7,8.0162,-0.5537,0.4491,0.9938,-0.1109,0.0000,0.1109,0.9938,0.0000,0.0000,0.0000,1.0000,0.1624,0.1625,0.0548
81,8,8.0482,-0.5138,0.4472,0.9938,-0.1109,0.0000,0.1109,0.9938,0.0000,0.0000,0.0000,1.0000,0.0831,0.2046,0.1050
81,9,8.0856,-0.4513,0.4544,0.9938,-0.1109,0.0000,0.1109,0.9938,0.0000,0.0000,0.0000,1.0000,0.0210,0.0279,0.0569
81,10,8.1226,-0.5157,0.4546,0.9938,-0.1109,0.0000,0.1109,0.9938,0.0000,0.0000,0.0000,1.0000,0.0210,0.0279,0.0569
82,0,7.7809,-0.4117,0.4400,0.9931,-0.1170,0.0000,0.1170,0.9931,0.0000,0.0000,0.0000,1.0000,0.2577,0.2263,0.1400
82,1,7.7893,-0.4097,0.6052,0.9931,-0.1170,0.0000,0.1170,0.9931,0.0000,0.0000,0.0000,1.0000,0.1100,0.2168,0.3052
82,2,7.8576,-0.4785,0.5173,0.9931,-0.1170,0.0000,0.1170,0.9931,0.0000,0.0000,0.0000,1.0000,0.1101,0.3070,0.2173
82,3,7.8592,-0.6566,0.5889,0.9931,-0.1170,0.0000,0.1170,0.9931,0.0000,0.0000,0.0000,1.0000,0.2836,0.2073,0.2889
82,4,7.9710,-0.7166,0.5062,0.9931,-0.1170,0.0000,0.1170,0.9931,0.0000,0.0000,0.0000,1.0000,0.2820,0.2947,0.2062
82,5,8.1535,-0.6003,0.6614,0.9931,-0.1170,0.0000,0.1170,0.9931,0.0000,0.0000,0.0000,1.0000,0.1112,0.2100,0.3614
82,6,8.2481,-0.5918,0.4265,0.9931,-0.1170,0.0000,0.1170,0.9931,0.0000,0.0000,0.0000,1.0000,0.1972,0.1336,0.1265
82,7,8.3573,-0.5962,0.4491,0.9931,-0.1170,0.0000,0.1170,0.9931,0.0000,0.0000,0.0000,1.0000,0.1624,0.1625,0.0548
82,8,8.3895,-0.5565,0.4472,0.9931,-0.1170,0.0000,0.1170,0.9931,0.0000,0.0000,0.0000,1.0000,0.0831,0.2046,0.1050
82,9,8.4274,-0.4942,0.4544,0.9931,-0.1170,0.0000,0.1170,0.9931,0.0000,0.0000,0.0000,1.0000,0.0210,0.0279,0.0569
82,10,8.4640,-0.5589,0.4546,0.9931,-0.1170,0.0000,0.1170,0.9931,0.0000,0.0000,0.0000,1.0000,0.0210,0.0279,0.0569
83,0,8.1178,-0.4522,0.4400,0.9923,-0.1235,0.0000,0.1235,0.9923,0.0000,0.0000,0.0000,1.0000,0.2577,0.2263,0.1400
83,1,8.1262,-0.4503,0.6052,0.9923,-0.1235,0.0000,0.1235,0.9923,0.0000,0.0000,0.0000,1.0000,0.1100,0.2168,0.3052
83,2,8.1941,-0.5195,0.5173,0.9923,-0.1235,0.0000,0.1235,0.9923,0.0000,0.0000,0.0000,1.0000,0.1101,0.3070,0.2173
83,3,8.1945,-0.6976,0.5889,0.9923,-0.1235,0.0000,0.1235,0.9923,0.0000,0.0000,0.0000,1.0000,0.2836,0.2073,0.2889
83,4,8.3060,-0.7584,0.5062,0.9923,-0.1235,0.0000,0.1235,0.9923,0.0000,0.0000,0.0000,1.0000,0.2820,0.2947,0.2062
83,5,8.4892,-0.6433,0.6614,0.9923,-0.1235,0.0000,0.1235,0.9923,0.0000,0.0000,0.0000,1.0000,0.1112,0.2100,0.3614
83,6,8.5839,-0.6354,0.4265,0.9923,-0.1235,0.0000,0.1235,0.9923,0.0000,0.0000,0.0000,1.0000,0.1972,0.1336,0.1265
83,7,8.6930,-0.6406,0.4491,0.9923,-0.1235,0.0000,0.1235,0.9923,0.0000,0.0000,0.0000,1.0000,0.1624,0.1625,0.0548
83,8,8.7255,-0.6011,0.4472,0.9923,-0.1235,0.0000,0.1235,0.9923,0.0000,0.0000,0.0000,1.0000,0.0831,0.2046,0.1050
83,9,8.7637,-0.5390,0.4544,0.9923,-0.1235,0.0000,0.1235,0.9923,0.0000,0.0000,0.0000,1.0000,0.0210,0.0279,0.0569
83,10,8.7999,-0.6039,0.4546,0.9923,-0.1235,0.0000,0.1235,0.9923,0.0000,0.0000,0.0000,1.0000,0.0210,0.0279,0.0569
84,0,8.4499,-0.4944,0.4400,0.9915,-0.1301,0.0000,0.1301,0.9915,0.0000,0.0000,0.0000,1.0000,0.2577,0.2263,0.1400
84,1,8.4583,-0.4925,0.6052,0.9915,-0.1301,0.0000,0.1301,0.9915,0.0000,0.0000,0.0000,1.0000,0.1100,0.2168,0.3052
84,2,8.5257,-0.5622,0.5173,0.9915,-0.1301,0.0000,0.1301,0.9915,0.0000,0.0000,0.0000,1.0000,0.1101,0.3070,0.2173
84,3,8.5250,-0.7403,0.5889,0.9915,-0.1301,0.0000,0.1301,0.9915,0.0000,0.0000,0.0000,1.0000,0.2836,0.2073,0.2889
84,4,8.6360,-0.8018,0.5062,0.9915,-0.1301,0.0000,0.1301,0.9915,0.0000,0.0000,0.0000,1.0000,0.2820,0.2947,0.2062
84,5,8.8200,-0.6880,0.6614,0.9915,-0.1301,0.0000,0.1301,0.9915,0.0000,0.0000,0.0000,1.0000,0.1112,0.2100,0.3614
84,6,8.9147,-0.6807,0.4265,0.9915,-0.1301,0.0000,0.1301,0.9915,0.0000,0.0000,0.0000,1.0000,0.1972,0.1336,0.1265
84,7,9.0238,-0.6866,0.4491,0.9915,-0.1301,0.0000,0.1301,0.9915,0.0000,0.0000,0.0000,1.0000,0.1624,0.1625,0.0548
84,8,9.0566,-0.6473,0.4472,0.9915,-0.1301,0.0000,0.1301,0.9915,0.0000,0.0000,0.0000,1.0000,0.0831,0.2046,0.1050
84,9,9.0953,-0.5855,0.4544,0.9915,-0.1301,0.0000,0.1301,0.9915,0.0000,0.0000,0.0000,1.0000,0.0210,0.0279,0.0569
84,10,9.1310,-0.6506,0.4546,0.9915,-0.1301,0.0000,0.1301,0.9915,0.0000,0.0000,0.0000,1.0000,0.0210,0.0279,0.0569
85,0,8.7780,-0.5383,0.4400,0.9906,-0.1368,0.0000,0.1368,0.9906,0.0000,0.0000,0.0000,1.0000,0.2577,0.2263,0.1400
85,1,8.7864,-0.5365,0.6052,0.9906,-0.1368,0.0000,0.1368,0.9906,0.0000,0.0000,0.0000,1.0000,0.1100,0.2168,0.3052
85,2,8.8533,-0.6066,0.5173,0.9906,-0.1368,0.0000,0.1368,0.9906,0.0000,0.0000,0.0000,1.0000,0.1101,0.3070,0.2173
85,3,8.8514,-0.7847,0.5889,0.9906,-0.1368,0.0000,0.1368,0.9906,0.0000,0.0000,0.0000,1.0000,0.2836,0.2073,0.2889
85,4,8.9620,-0.8469,0.5062,0.9906,-0.1368,0.0000,0.1368,0.9906,0.0000,0.0000,0.0000,1.0000,0.2820,0.2947,0.2062
85,5,9.1467,-0.7343,0.6614,0.9906,-0.1368,0.0000,0.1368,0.9906,0.0000,0.0000,0.0000,1.0000,0.1112,0.2100,0.3614
85,6,9.2415,-0.7277,0.4265,0.9906,-0.1368,0.0000,0.1368,0.9906,0.0000,0.0000,0.0000,1.0000,0.1972,0.1336,0.1265
85,7,9.3505,-0.7343,0.4491,0.9906,-0.1368,0.0000,0.1368,0.9906,0.0000,0.0000,0.0000,1.0000,0.1624,0.1625,0.0548
85,8,9.3836,-0.6953,0.4472,0.9906,-0.1368,0.0000,0.1368,0.9906,0.0000,0.0000,0.0000,1.0000,0.0831,0.2046,0.1050
85,9,9.4227,-0.6337,0.4544,0.9906,-0.1368,0.0000,0.1368,0.9906,0.0000,0.0000,0.0000,1.0000,0.0210,0.0279,0.0569
85,10,9.4580,-0.6991,0.4546,0.9906,-0.1368,0.0000,0.1368,0.9906,0.0000,0.0000,0.0000,1.0000,0.0210,0.0279,0.0569
86,0,9.1031,-0.5840,0.4400,0.9896,-0.1439,0.0000,0.1439,0.9896,0.0000,0.0000,0.0000,1.0000,0.2577,0.2263,0.1400
86,1,9.1115,-0.5823,0.6052,0.9896,-0.1439,0.0000,0.1439,0.9896,0.0000,0.0000,0.0000,1.0000,0.1100,0.2168,0.3052
86,2,9.1780,-0.6529,0.5173,0.9896,-0.1439,0.0000,0.1439,0.9896,0.0000,0.0000,0.0000,1.0000,0.1101,0.3070,0.2173
86,3,9.1747,-0.8310,0.5889,0.9896,-0.1439,0.0000,0.1439,0.9896,0.0000,0.0000,0.0000,1.0000,0.2836,0.2073,0.2889
86,4,9.2849,-0.8940,0.5062,0.9896,-0.1439,0.0000,0.1439,0.9896,0.0000,0.0000,0.0000,1.0000,0.2820,0.2947,0.2062
86,5,9.4704,-0.7828,0.6614,0.9896,-0.1439,0.0000,0.1439,0.9896,0.0000,0.0000,0.0000,1.0000,0.1112,0.2100,0.3614
86,6,9.5653,-0.7768,0.4265,0.9896,-0.1439,0.0000,0.1439,0.9896,0.0000,0.0000,0.0000,1.0000,0.1972,0.1336,0.1265
86,7,9.6742,-0.7842,0.4491,0.9896,-0.1439,0.0000,0.1439,0.9896,0.0000,0.0000,0.0000,1.0000,0.1624,0.1625,0.0548
86,8,9.7076,-0.7454,0.4472,0.9896,-0.1439,0.0000,0.1439,0.9896,0.0000,0.0000,0.0000,1.0000,0.0831,0.2046,0.1050
86,9,9.7471,-0.6841,0.4544,0.9896,-0.1439,0.0000,0.1439,0.9896,0.0000,0.0000,0.0000,1.0000,0.0210,0.0279,0.0569
86,10,9.7819,-0.7497,0.4546,0.9896,-0.1439,0.0000,0.1439,0.9896,0.0000,0.0000,0.0000,1.0000,0.0210,0.0279,0.0569
87,0,9.4266,-0.6320,0.4400,0.9885,-0.1514,0.0000,0.1514,0.9885,0.0000,0.0000,0.0000,1.0000,0.2577,0.2263,0.1400
87,1,9.4351,-0.6304,0.6052,0.9885,-0.1514,0.0000,0.1514,0.9885,0.0000,0.0000,0.0000,1.0000,0.1100,0.2168,0.3052
87,2,9.5010,-0.7015,0.5173,0.9885,-0.1514,0.0000,0.1514,0.9885,0.0000,0.0000,0.0000,1.0000,0.1101,0.3070,0.2173
87,3,9.4964,-0.8795,0.5889,0.9885,-0.1514,0.0000,0.1514,0.9885,0.0000,0.0000,0.0000,1.0000,0.2836,0.2073,0.2889
87,4,9.6061,-0.9434,0.5062,0.9885,-0.1514,0.0000,0.1514,0.9885,0.0000,0.0000,0.0000,1.0000,0.2820,0.2947,0.2062
87,5,9.7924,-0.8335,0.6614,0.9885,-0.1514,0.0000,0.1514,0.9885,0.0000,0.0000,0.0000,1.0000,0.1112,0.2100,0.3614
87,6,9.8873,-0.8284,0.4265,0.9885,-0.1514,0.0000,0.1514,0.9885,0.0000,0.0000,0.0000,1.0000,0.1972,0.1336,0.1265
87,7,9.9962,-0.8365,0.4491,0.9885,-0.1514,0.0000,0.1514,0.9885,0.0000,0.0000,0.0000,1.0000,0.1624,0.1625,0.0548
87,8,10.0299,-0.7980,0.4472,0.9885,-0.1514,0.0000,0.1514,0.9885,0.0000,0.0000,0.0000,1.0000,0.0831,0.2046,0.1050
87,9,10.0699,-0.7370,0.4544,0.9885,-0.1514,0.0000,0.1514,0.9885,0.0000,0.0000,0.0000,1.0000,0.0210,0.0279,0.0569
87,10,10.1042,-0.8029,0.4546,0.9885,-0.1514,0.0000,0.1514,0.9885,0.0000,0.0000,0.0000,1.0000,0.0210,0.0279,0.0569
88,0,9.7500,-0.6825,0.4400,0.9872,-0.1592,0.0000,0.1592,0.9872,0.0000,0.0000,0.0000,1.0000,0.2577,0.2263,0.1400
88,1,9.7585,-0.6810,0.6052,0.9872,-0.1592,0.0000,0.1592,0.9872,0.0000,0.0000,0.0000,1.0000,0.1100,0.2168,0.3052
88,2,9.8238,-0.7526,0.5173,0.9872,-0.1592,0.0000,0.1592,0.9872,0.0000,0.0000,0.0000,1.0000,0.1101,0.3070,0.2173
88,3,9.8178,-0.9306,0.5889,0.9872,-0.1592,0.0000,0.1592,0.9872,0.0000,0.0000,0.0000,1.0000,0.2836,0.2073,0.2889
88,4,9.9270,-0.9953,0.5062,0.9872,-0.1592,0.0000,0.1592,0.9872,0.0000,0.0000,0.0000,1.0000,0.2820,0.2947,0.2062
88,5,10.1142,-0.8869,0.6614,0.9872,-0.1592,0.0000,0.1592,0.9872,0.0000,0.0000,0.0000,1.0000,0.1112,0.2100,0.3614
88,6,10.2092,-0.8825,0.4265,0.9872,-0.1592,0.0000,0.1592,0.9872,0.0000,0.0000,0.0000,1.0000,0.1972,0.1336,0.1265
88,7,10.3180,-0.8915,0.4491,0.9872,-0.1592,0.0000,0.1592,0.9872,0.0000,0.0000,0.0000,1.0000,0.1624,0.1625,0.0548
88,8,10.3519,-0.8532,0.4472,0.9872,-0.1592,0.0000,0.1592,0.9872,0.0000,0.0000,0.0000,1.0000,0.0831,0.2046,0.1050
88,9,10.3924,-0.7926,0.4544,0.9872,-0.1592,0.0000,0.1592,0.9872,0.0000,0.0000,0.0000,1.0000,0.0210,0.0279,0.0569
88,10,10.4262,-0.8587,0.4546,0.9872,-0.1592,0.0000,0.1592,0.9872,0.0000,0.0000,0.0000,1.0000,0.0210,0.0279,0.0569
89,0,10.0749,-0.7360,0.4400,0.9859,-0.1675,0.0000,0.1675,0.9859,0.0000,0.0000,0.0000,1.0000,0.2577,0.2263,0.1400
89,1,10.0833,-0.7345,0.6052,0.9859,-0.1675,0.0000,0.1675,0.9859,0.0000,0.0000,0.0000,1.0000,0.1100,0.2168,0.3052
89,2,10.1481,-0.8066,0.5173,0.9859,-0.1675,0.0000,0.1675,0.9859,0.0000,0.0000,0.0000,1.0000,0.1101,0.3070,0.2173
89,3,10.1405,-0.9846,0.5889,0.9859,-0.1675,0.0000,0.1675,0.9859,0.0000,0.0000,0.0000,1.0000,0.2836,0.2073,0.2889
89,4,10.2492,-1.0502,0.5062,0.9859,-0.1675,0.0000,0.1675,0.9859,0.0000,0.0000,0.0000,1.0000,0.2820,0.2947,0.2062
89,5,10.4373,-0.9434,0.6614,0.9859,-0.1675,0.0000,0.1675,0.9859,0.0000,0.0000,0.0000,1.0000,0.1112,0.2100,0.3614
89,6,10.5323,-0.9398,0.4265,0.9859,-0.1675,0.0000,0.1675,0.9859,0.0000,0.0000,0.0000,1.0000,0.1972,0.1336,0.1265
89,7,10.6411,-0.9497,0.4491,0.9859,-0.1675,0.0000,0.1675,0.9859,0.0000,0.0000,0.0000,1.0000,0.1624,0.1625,0.0548
89,8,10.6753,-0.9117,0.4472,0.9859,-0.1675,0.0000,0.1675,0.9859,0.0000,0.0000,0.0000,1.0000,0.0831,0.2046,0.1050
89,9,10.7163,-0.8514,0.4544,0.9859,-0.1675,0.0000,0.1675,0.9859,0.0000,0.0000,0.0000,1.0000,0.0210,0.0279,0.0569
89,10,10.7495,-0.9178,0.4546,0.9859,-0.1675,0.0000,0.1675,0.9859,0.0000,0.0000,0.0000,1.0000,0.0210,0.0279,0.0569
90,0,10.4029,-0.7928,0.4400,0.9843,-0.1763,0.0000,0.1763,0.9843,0.0000,0.0000,0.0000,1.0000,0.2577,0.2263,0.1400
90,1,10.4114,-0.7914,0.6052,0.9843,-0.1763,0.0000,0.1763,0.9843,0.0000,0.0000,0.0000,1.0000,0.1100,0.2168,0.3052
90,2,10.4754,-0.8642,0.5173,0.9843,-0.1763,0.0000,0.1763,0.9843,0.0000,0.0000,0.0000,1.0000,0.1101,0.3070,0.2173
90,3,10.4663,-1.0420,0.5889,0.9843,-0.1763,0.0000,0.1763,0.9843,0.0000,0.0000,0.0000,1.0000,0.2836,0.2073,0.2889
90,4,10.5744,-1.1086,0.5062,0.9843,-0.1763,0.0000,0.1763,0.9843,0.0000,0.0000,0.0000,1.0000,0.2820,0.2947,0.2062
90,5,10.7635,-1.0035,0.6614,0.9843,-0.1763,0.0000,0.1763,0.9843,0.0000,0.0000,0.0000,1.0000,0.1112,0.2100,0.3614
90,6,10.8585,-1.0007,0.4265,0.9843,-0.1763,0.0000,0.1763,0.9843,0.0000,0.0000,0.0000,1.0000,0.1972,0.1336,0.1265
90,7,10.9671,-1.0116,0.4491,0.9843,-0.1763,0.0000,0.1763,0.9843,0.0000,0.0000,0.0000,1.0000,0.1624,0.1625,0.0548
90,8,11.0017,-0.9739,0.4472,0.9843,-0.1763,0.0000,0.1763,0.9843,0.0000,0.0000,0.0000,1.0000,0.0831,0.2046,0.1050
90,9,11.0432,-0.9140,0.4544,0.9843,-0.1763,0.0000,0.1763,0.9843,0.0000,0.0000,0.0000,1.0000,0.0210,0.0279,0.0569
90,10,11.0759,-0.9807,0.4546,0.9843,-0.1763,0.0000,0.1763,0.9843,0.0000,0.0000,0.0000,1.0000,0.0210,0.0279,0.0569
91,0,10.7354,-0.8536,0.4400,0.9826,-0.1855,0.0000,0.1855,0.9826,0.0000,0.0000,0.0000,1.0000,0.2577,0.2263,0.1400
91,1,10.7439,-0.8523,0.6052,0.9826,-0.1855,0.0000,0.1855,0.9826,0.0000,0.0000,0.0000,1.0000,0.1100,0.2168,0.3052
91,2,10.8073,-0.9256,0.5173,0.9826,-0.1855,0.0000,0.1855,0.9826,0.0000,0.0000,0.0000,1.0000,0.1101,0.3070,0.2173
91,3,10.7965,-1.1034,0.5889,0.9826,-0.1855,0.0000,0.1855,0.9826,0.0000,0.0000,0.0000,1.0000,0.2836,0.2073,0.2889
91,4,10.9040,-1.1710,0.5062,0.9826,-0.1855,0.0000,0.1855,0.9826,0.0000,0.0000,0.0000,1.0000,0.2820,0.2947,0.2062
91,5,11.0940,-1.0677,0.6614,0.9826,-0.1855,0.0000,0.1855,0.9826,0.0000,0.0000,0.0000,1.0000,0.1112,0.2100,0.3614
91,6,11.1890,-1.0658,0.4265,0.9826,-0.1855,0.0000,0.1855,0.9826,0.0000,0.0000,0.0000,1.0000,0.1972,0.1336,0.1265
91,7,11.2976,-1.0777,0.4491,0.9826,-0.1855,0.0000,0.1855,0.9826,0.0000,0.0000,0.0000,1.0000,0.1624,0.1625,0.0548
91,8,11.3326,-1.0404,0.4472,0.9826,-0.1855,0.0000,0.1855,0.9826,0.0000,0.0000,0.0000,1.0000,0.0831,0.2046,0.1050
91,9,11.3746,-0.9808,0.4544,0.9826,-0.1855,0.0000,0.1855,0.9826,0.0000,0.0000,0.0000,1.0000,0.0210,0.0279,0.0569
91,10,11.4067,-1.0478,0.4546,0.9826,-0.1855,0.0000,0.1855,0.9826,0.0000,0.0000,0.0000,1.0000,0.0210,0.0279,0.0569
92,0,11.0734,-0.9188,0.4400,0.9807,-0.1953,0.0000,0.1953,0.9807,0.0000,0.0000,0.0000,1.0000,0.2577,0.2263,0.1400
92,1,11.0819,-0.9175,0.6052,0.9807,-0.1953,0.0000,0.1953,0.9807,0.0000,0.0000,0.0000,1.0000,0.1100,0.2168,0.3052
92,2,11.1446,-0.9915,0.5173,0.9807,-0.1953,0.0000,0.1953,0.9807,0.0000,0.0000,0.0000,1.0000,0.1101,0.3070,0.2173
92,3,11.1320,-1.1692,0.5889,0.9807,-0.1953,0.0000,0.1953,0.9807,0.0000,0.0000,0.0000,1.0000,0.2836,0.2073,0.2889
92,4,11.2388,-1.2378,0.5062,0.9807,-0.1953,0.0000,0.1953,0.9807,0.0000,0.0000,0.0000,1.0000,0.2820,0.2947,0.2062
92,5,11.4299,-1.1364,0.6614,0.9807,-0.1953,0.0000,0.1953,0.9807,0.0000,0.0000,0.0000,1.0000,0.1112,0.2100,0.3614
92,6,11.5249,-1.1355,0.4265,0.9807,-0.1953,0.0000,0.1953,0.9807,0.0000,0.0000,0.0000,1.0000,0.1972,0.1336,0.1265
92,7,11.6333,-1.1485,0.4491,0.9807,-0.1953,0.0000,0.1953,0.9807,0.0000,0.0000,0.0000,1.0000,0.1624,0.1625,0.0548
92,8,11.6687,-1.1115,0.4472,0.9807,-0.1953,0.0000,0.1953,0.9807,0.0000,0.0000,0.0000,1.0000,0.0831,0.2046,0.1050
92,9,11.7113,-1.0524,0.4544,0.9807,-0.1953,0.0000,0.1953,0.9807,0.0000,0.0000,0.0000,1.0000,0.0210,0.0279,0.0569
92,10,11.7427,-1.1197,0.4546,0.9807,-0.1953,0.0000,0.1953,0.9807,0.0000,0.0000,0.0000,1.0000,0.0210,0.0279,0.0569
93,0,11.4165,-0.9886,0.4400,0.9786,-0.2058,0.0000,0.2058,0.9786,0.0000,0.0000,0.0000,1.0000,0.2577,0.2263,0.1400
93,1,11.4250,-0.9874,0.6052,0.9786,-0.2058,0.0000,0.2058,0.9786,0.0000,0.0000,0.0000,1.0000,0.1100,0.2168,0.3052
93,2,11.4869,-1.0621,0.5173,0.9786,-0.2058,0.0000,0.2058,0.9786,0.0000,0.0000,0.0000,1.0000,0.1101,0.3070,0.2173
93,3,11.4725,-1.2396,0.5889,0.9786,-0.2058,0.0000,0.2058,0.9786,0.0000,0.0000,0.0000,1.0000,0.2836,0.2073,0.2889
93,4,11.5785,-1.3094,0.5062,0.9786,-0.2058,0.0000,0.2058,0.9786,0.0000,0.0000,0.0000,1.0000,0.2820,0.2947,0.2062
93,5,11.7706,-1.2100,0.6614,0.9786,-0.2058,0.0000,0.2058,0.9786,0.0000,0.0000,0.0000,1.0000,0.1112,0.2100,0.3614
93,6,11.8656,-1.2101,0.4265,0.9786,-0.2058,0.0000,0.2058,0.9786,0.0000,0.0000,0.0000,1.0000,0.1972,0.1336,0.1265
93,7,11.9739,-1.2243,0.4491,0.9786,-0.2058,0.0000,0.2058,0.9786,0.0000,0.0000,0.0000,1.0000,0.1624,0.1625,0.0548
93,8,12.0096,-1.1876,0.4472,0.9786,-0.2058,0.0000,0.2058,0.9786,0.0000,0.0000,0.0000,1.0000,0.0831,0.2046,0.1050
93,9,12.0529,-1.1290,0.4544,0.9786,-0.2058,0.0000,0.2058,0.9786,0.0000,0.0000,0.0000,1.0000,0.0210,0.0279,0.0569
93,10,12.0836,-1.1966,0.4546,0.9786,-0.2058,0.0000,0.2058,0.9786,0.0000,0.0000,0.0000,1.0000,0.0210,0.0279,0.0569
94,0,11.7632,-1.0631,0.4400,0.9763,-0.2166,0.0000,0.2166,0.9763,0.0000,0.0000,0.0000,1.0000,0.2577,0.2263,0.1400
94,1,11.7717,-1.0620,0.6052,0.9763,-0.2166,0.0000,0.2166,0.9763,0.0000,0.0000,0.0000,1.0000,0.1100,0.2168,0.3052
94,2,11.8328,-1.1373,0.5173,0.9763,-0.2166,0.0000,0.2166,0.9763,0.0000,0.0000,0.0000,1.0000,0.1101,0.3070,0.2173
94,3,11.8164,-1.3147,0.5889,0.9763,-0.2166,0.0000,0.2166,0.9763,0.0000,0.0000,0.0000,1.0000,0.2836,0.2073,0.2889
94,4,11.9216,-1.3856,0.5062,0.9763,-0.2166,0.0000,0.2166,0.9763,0.0000,0.0000,0.0000,1.0000,0.2820,0.2947,0.2062
94,5,12.1148,-1.2884,0.6614,0.9763,-0.2166,0.0000,0.2166,0.9763,0.0000,0.0000,0.0000,1.0000,0.1112,0.2100,0.3614
94,6,12.2099,-1.2895,0.4265,0.9763,-0.2166,0.0000,0.2166,0.9763,0.0000,0.0000,0.0000,1.0000,0.1972,0.1336,0.1265
94,7,12.3180,-1.3049,0.4491,0.9763,-0.2166,0.0000,0.2166,0.9763,0.0000,0.0000,0.0000,1.0000,0.1624,0.1625,0.0548
94,8,12.3541,-1.2686,0.4472,0.9763,-0.2166,0.0000,0.2166,0.9763,0.0000,0.0000,0.0000,1.0000,0.0831,0.2046,0.1050
94,9,12.3980,-1.2105,0.4544,0.9763,-0.2166,0.0000,0.2166,0.9763,0.0000,0.0000,0.0000,1.0000,0.0210,0.0279,0.0569
94,10,12.4279,-1.2785,0.4546,0.9763,-0.2166,0.0000,0.2166,0.9763,0.0000,0.0000,0.0000,1.0000,0.0210,0.0279,0.0569
95,0,12.1116,-1.1420,0.4400,0.9737,-0.2280,0.0000,0.2280,0.9737,0.0000,0.0000,0.0000,1.0000,0.2577,0.2263,0.1400
95,1,12.1201,-1.1410,0.6052,0.9737,-0.2280,0.0000,0.2280,0.9737,0.0000,0.0000,0.0000,1.0000,0.1100,0.2168,0.3052
95,2,12.1803,-1.2171,0.5173,0.9737,-0.2280,0.0000,0.2280,0.9737,0.0000,0.0000,0.0000,1.0000,0.1101,0.3070,0.2173
95,3,12.1618,-1.3942,0.5889,0.9737,-0.2280,0.0000,0.2280,0.9737,0.0000,0.0000,0.0000,1.0000,0.2836,0.2073,0.2889
95,4,12.2662,-1.4664,0.5062,0.9737,-0.2280,0.0000,0.2280,0.9737,0.0000,0.0000,0.0000,1.0000,0.2820,0.2947,0.2062
95,5,12.4605,-1.3714,0.6614,0.9737,-0.2280,0.0000,0.2280,0.9737,0.0000,0.0000,0.0000,1.0000,0.1112,0.2100,0.3614
95,6,12.5555,-1.3737,0.4265,0.9737,-0.2280,0.0000,0.2280,0.9737,0.0000,0.0000,0.0000,1.0000,0.1972,0.1336,0.1265
95,7,12.6635,-1.3903,0.4491,0.9737,-0.2280,0.0000,0.2280,0.9737,0.0000,0.0000,0.0000,1.0000,0.1624,0.1625,0.0548
95,8,12.7000,-1.3545,0.4472,0.9737,-0.2280,0.0000,0.2280,0.9737,0.0000,0.0000,0.0000,1.0000,0.0831,0.2046,0.1050
95,9,12.7446,-1.2969,0.4544,0.9737,-0.2280,0.0000,0.2280,0.9737,0.0000,0.0000,0.0000,1.0000,0.0210,0.0279,0.0569
95,10,12.7737,-1.3652,0.4546,0.9737,-0.2280,0.0000,0.2280,0.9737,0.0000,0.0000,0.0000,1.0000,0.0210,0.0279,0.0569
96,0,12.4603,-1.2254,0.4400,0.9708,-0.2401,0.0000,0.2401,0.9708,0.0000,0.0000,0.0000,1.0000,0.2577,0.2263,0.1400
96,1,12.4688,-1.2246,0.6052,0.9708,-0.2401,0.0000,0.2401,0.9708,0.0000,0.0000,0.0000,1.0000,0.1100,0.2168,0.3052
96,2,12.5280,-1.3013,0.5173,0.9708,-0.2401,0.0000,0.2401,0.9708,0.0000,0.0000,0.0000,1.0000,0.1101,0.3070,0.2173
96,3,12.5074,-1.4782,0.5889,0.9708,-0.2401,0.0000,0.2401,0.9708,0.0000,0.0000,0.0000,1.0000,0.2836,0.2073,0.2889
96,4,12.6108,-1.5517,0.5062,0.9708,-0.2401,0.0000,0.2401,0.9708,0.0000,0.0000,0.0000,1.0000,0.2820,0.2947,0.2062
96,5,12.8064,-1.4592,0.6614,0.9708,-0.2401,0.0000,0.2401,0.9708,0.0000,0.0000,0.0000,1.0000,0.1112,0.2100,0.3614
96,6,12.9013,-1.4626,0.4265,0.9708,-0.2401,0.0000,0.2401,0.9708,0.0000,0.0000,0.0000,1.0000,0.1972,0.1336,0.1265
96,7,13.0091,-1.4806,0.4491,0.9708,-0.2401,0.0000,0.2401,0.9708,0.0000,0.0000,0.0000,1.0000,0.1624,0.1625,0.0548
96,8,13.0460,-1.4452,0.4472,0.9708,-0.2401,0.0000,0.2401,0.9708,0.0000,0.0000,0.0000,1.0000,0.0831,0.2046,0.1050
96,9,13.0914,-1.3881,0.4544,0.9708,-0.2401,0.0000,0.2401,0.9708,0.0000,0.0000,0.0000,1.0000,0.0210,0.0279,0.0569
96,10,13.1196,-1.4568,0.4546,0.9708,-0.2401,0.0000,0.2401,0.9708,0.0000,0.0000,0.0000,1.0000,0.0210,0.0279,0.0569
97,0,12.8088,-1.3134,0.4400,0.9677,-0.2522,0.0000,0.2522,0.9677,0.0000,0.0000,0.0000,1.0000,0.2577,0.2263,0.1400
97,1,12.8174,-1.3127,0.6052,0.9677,-0.2522,0.0000,0.2522,0.9677,0.0000,0.0000,0.0000,1.0000,0.1100,0.2168,0.3052
97,2,12.8756,-1.3902,0.5173,0.9677,-0.2522,0.0000,0.2522,0.9677,0.0000,0.0000,0.0000,1.0000,0.1101,0.3070,0.2173
97,3,12.8527,-1.5668,0.5889,0.9677,-0.2522,0.0000,0.2522,0.9677,0.0000,0.0000,0.0000,1.0000,0.2836,0.2073,0.2889
97,4,12.9553,-1.6416,0.5062,0.9677,-0.2522,0.0000,0.2522,0.9677,0.0000,0.0000,0.0000,1.0000,0.2820,0.2947,0.2062
97,5,13.1519,-1.5515,0.6614,0.9677,-0.2522,0.0000,0.2522,0.9677,0.0000,0.0000,0.0000,1.0000,0.1112,0.2100,0.3614
97,6,13.2469,-1.5561,0.4265,0.9677,-0.2522,0.0000,0.2522,0.9677,0.0000,0.0000,0.0000,1.0000,0.1972,0.1336,0.1265
97,7,13.3544,-1.5754,0.4491,0.9677,-0.2522,0.0000,0.2522,0.9677,0.0000,0.0000,0.0000,1.0000,0.1624,0.1625,0.0548
97,8,13.3918,-1.5405,0.4472,0.9677,-0.2522,0.0000,0.2522,0.9677,0.0000,0.0000,0.0000,1.0000,0.0831,0.2046,0.1050
97,9,13.4378,-1.4840,0.4544,0.9677,-0.2522,0.0000,0.2522,0.9677,0.0000,0.0000,0.0000,1.0000,0.0210,0.0279,0.0569
97,10,13.4652,-1.5530,0.4546,0.9677,-0.2522,0.0000,0.2522,0.9677,0.0000,0.0000,0.0000,1.0000,0.0210,0.0279,0.0569
98,0,13.1568,-1.4060,0.4400,0.9644,-0.2645,0.0000,0.2645,0.9644,0.0000,0.0000,0.0000,1.0000,0.2577,0.2263,0.1400
98,1,13.1653,-1.4053,0.6052,0.9644,-0.2645,0.0000,0.2645,0.9644,0.0000,0.0000,0.0000,1.0000,0.1100,0.2168,0.3052
98,2,13.2226,-1.4835,0.5173,0.9644,-0.2645,0.0000,0.2645,0.9644,0.0000,0.0000,0.0000,1.0000,0.1101,0.3070,0.2173
98,3,13.1975,-1.6599,0.5889,0.9644,-0.2645,0.0000,0.2645,0.9644,0.0000,0.0000,0.0000,1.0000,0.2836,0.2073,0.2889
98,4,13.2991,-1.7360,0.5062,0.9644,-0.2645,0.0000,0.2645,0.9644,0.0000,0.0000,0.0000,1.0000,0.2820,0.2947,0.2062
98,5,13.4969,-1.6484,0.6614,0.9644,-0.2645,0.0000,0.2645,0.9644,0.0000,0.0000,0.0000,1.0000,0.1112,0.2100,0.3614
98,6,13.5917,-1.6541,0.4265,0.9644,-0.2645,0.0000,0.2645,0.9644,0.0000,0.0000,0.0000,1.0000,0.1972,0.1336,0.1265
98,7,13.6990,-1.6748,0.4491,0.9644,-0.2645,0.0000,0.2645,0.9644,0.0000,0.0000,0.0000,1.0000,0.1624,0.1625,0.0548
98,8,13.7368,-1.6404,0.4472,0.9644,-0.2645,0.0000,0.2645,0.9644,0.0000,0.0000,0.0000,1.0000,0.0831,0.2046,0.1050
98,9,13.7836,-1.5845,0.4544,0.9644,-0.2645,0.0000,0.2645,0.9644,0.0000,0.0000,0.0000,1.0000,0.0210,0.0279,0.0569
98,10,13.8101,-1.6539,0.4546,0.9644,-0.2645,0.0000,0.2645,0.9644,0.0000,0.0000,0.0000,1.0000,0.0210,0.0279,0.0569
99,0,13.5039,-1.5030,0.4400,0.9611,-0.2764,0.0000,0.2764,0.9611,0.0000,0.0000,0.0000,1.0000,0.2577,0.2263,0.1400
99,1,13.5125,-1.5024,0.6052,0.9611,-0.2764,0.0000,0.2764,0.9611,0.0000,0.0000,0.0000,1.0000,0.1100,0.2168,0.3052
99,2,13.5688,-1.5813,0.5173,0.9611,-0.2764,0.0000,0.2764,0.9611,0.0000,0.0000,0.0000,1.0000,0.1101,0.3070,0.2173
99,3,13.5415,-1.7573,0.5889,0.9611,-0.2764,0.0000,0.2764,0.9611,0.0000,0.0000,0.0000,1.0000,0.2836,0.2073,0.2889
99,4,13.6421,-1.8347,0.5062,0.9611,-0.2764,0.0000,0.2764,0.9611,0.0000,0.0000,0.0000,1.0000,0.2820,0.2947,0.2062
99,5,13.8410,-1.7495,0.6614,0.9611,-0.2764,0.0000,0.2764,0.9611,0.0000,0.0000,0.0000,1.0000,0.1112,0.2100,0.3614
99,6,13.9358,-1.7565,0.4265,0.9611,-0.2764,0.0000,0.2764,0.9611,0.0000,0.0000,0.0000,1.0000,0.1972,0.1336,0.1265
99,7,14.0428,-1.7785,0.4491,0.9611,-0.2764,0.0000,0.2764,0.9611,0.0000,0.0000,0.0000,1.0000,0.1624,0.1625,0.0548
99,8,14.0810,-1.7446,0.4472,0.9611,-0.2764,0.0000,0.2764,0.9611,0.0000,0.0000,0.0000,1.0000,0.0831,0.2046,0.1050
99,9,14.1285,-1.6892,0.4544,0.9611,-0.2764,0.0000,0.2764,0.9611,0.0000,0.0000,0.0000,1.0000,0.0210,0.0279,0.0569
99,10,14.1541,-1.7589,0.4546,0.9611,-0.2764,0.0000,0.2764,0.9611,0.0000,0.0000,0.0000,1.0000,0.0210,0.0279,0.0569
100,0,13.8503,-1.6042,0.4400,0.9579,-0.2872,0.0000,0.2872,0.9579,0.0000,0.0000,0.0000,1.0000,0.2577,0.2263,0.1400
100,1,13.8589,-1.6038,0.6052,0.9579,-0.2872,0.0000,0.2872,0.9579,0.0000,0.0000,0.0000,1.0000,0.1100,0.2168,0.3052
100,2,13.9143,-1.6833,0.5173,0.9579,-0.2872,0.0000,0.2872,0.9579,0.0000,0.0000,0.0000,1.0000,0.1101,0.3070,0.2173
100,3,13.8850,-1.8590,0.5889,0.9579,-0.2872,0.0000,0.2872,0.9579,0.0000,0.0000,0.0000,1.0000,0.2836,0.2073,0.2889
100,4,13.9847,-1.9375,0.5062,0.9579,-0.2872,0.0000,0.2872,0.9579,0.0000,0.0000,0.0000,1.0000,0.2820,0.2947,0.2062
100,5,14.1846,-1.8546,0.6614,0.9579,-0.2872,0.0000,0.2872,0.9579,0.0000,0.0000,0.0000,1.0000,0.1112,0.2100,0.3614
100,6,14.2793,-1.8626,0.4265,0.9579,-0.2872,0.0000,0.2872,0.9579,0.0000,0.0000,0.0000,1.0000,0.1972,0.1336,0.1265
100,7,14.3860,-1.8858,0.4491,0.9579,-0.2872,0.0000,0.2872,0.9579,0.0000,0.0000,0.0000,1.0000,0.1624,0.1625,0.0548
100,8,14.4246,-1.8523,0.4472,0.9579,-0.2872,0.0000,0.2872,0.9579,0.0000,0.0000,0.0000,1.0000,0.0831,0.2046,0.1050
100,9,14.4727,-1.7975,0.4544,0.9579,-0.2872,0.0000,0.2872,0.9579,0.0000,0.0000,0.0000,1.0000,0.0210,0.0279,0.0569
100,10,14.4975,-1.8675,0.4546,0.9579,-0.2872,0.0000,0.2872,0.9579,0.0000,0.0000,0.0000,1.0000,0.0210,0.0279,0.0569
101,0,14.1961,-1.7096,0.4400,0.9546,-0.2980,0.0000,0.2980,0.9546,0.0000,0.0000,0.0000,1.0000,0.2577,0.2263,0.1400
101,1,14.2047,-1.7092,0.6052,0.9546,-0.2980,0.0000,0.2980,0.9546,0.0000,0.0000,0.0000,1.0000,0.1100,0.2168,0.3052
101,2,14.2592,-1.7894,0.5173,0.9546,-0.2980,0.0000,0.2980,0.9546,0.0000,0.0000,0.0000,1.0000,0.1101,0.3070,0.2173
101,3,14.2279,-1.9647,0.5889,0.9546,-0.2980,0.0000,0.2980,0.9546,0.0000,0.0000,0.0000,1.0000,0.2836,0.2073,0.2889
101,4,14.3268,-2.0443,0.5062,0.9546,-0.2980,0.0000,0.2980,0.9546,0.0000,0.0000,0.0000,1.0000,0.2820,0.2947,0.2062
101,5,14.5275,-1.9637,0.6614,0.9546,-0.2980,0.0000,0.2980,0.9546,0.0000,0.0000,0.0000,1.0000,0.1112,0.2100,0.3614
101,6,14.6221,-1.9728,0.4265,0.9546,-0.2980,0.0000,0.2980,0.9546,0.0000,0.0000,0.0000,1.0000,0.1972,0.1336,0.1265
101,7,14.7286,-1.9972,0.4491,0.9546,-0.2980,0.0000,0.2980,0.9546,0.0000,0.0000,0.0000,1.0000,0.1624,0.1625,0.0548
101,8,14.7676,-1.9642,0.4472,0.9546,-0.2980,0.0000,0.2980,0.9546,0.0000,0.0000,0.0000,1.0000,0.0831,0.2046,0.1050
101,9,14.8163,-1.9099,0.4544,0.9546,-0.2980,0.0000,0.2980,0.9546,0.0000,0.0000,0.0000,1.0000,0.0210,0.0279,0.0569
101,10,14.8403,-1.9802,0.4546,0.9546,-0.2980,0.0000,0.2980,0.9546,0.0000,0.0000,0.0000,1.0000,0.0210,0.0279,0.0569
102,0,14.5421,-1.8191,0.4400,0.9515,-0.3078,0.0000,0.3078,0.9515,0.0000,0.0000,0.0000,1.0000,0.2577,0.2263,0.1400
102,1,14.5507,-1.8188,0.6052,0.9515,-0.3078,0.0000,0.3078,0.9515,0.0000,0.0000,0.0000,1.0000,0.1100,0.2168,0.3052
102,2,14.6043,-1.8996,0.5173,0.9515,-0.3078,0.0000,0.3078,0.9515,0.0000,0.0000,0.0000,1.0000,0.1101,0.3070,0.2173
102,3,14.5712,-2.0746,0.5889,0.9515,-0.3078,0.0000,0.3078,0.9515,0.0000,0.0000,0.0000,1.0000,0.2836,0.2073,0.2889
102,4,14.6693,-2.1552,0.5062,0.9515,-0.3078,0.0000,0.3078,0.9515,0.0000,0.0000,0.0000,1.0000,0.2820,0.2947,0.2062
102,5,14.8709,-2.0766,0.6614,0.9515,-0.3078,0.0000,0.3078,0.9515,0.0000,0.0000,0.0000,1.0000,0.1112,0.2100,0.3614
102,6,14.9653,-2.0867,0.4265,0.9515,-0.3078,0.0000,0.3078,0.9515,0.0000,0.0000,0.0000,1.0000,0.1972,0.1336,0.1265
102,7,15.0715,-2.1122,0.4491,0.9515,-0.3078,0.0000,0.3078,0.9515,0.0000,0.0000,0.0000,1.0000,0.1624,0.1625,0.0548
102,8,15.1109,-2.0795,0.4472,0.9515,-0.3078,0.0000,0.3078,0.9515,0.0000,0.0000,0.0000,1.0000,0.0831,0.2046,0.1050
102,9,15.1601,-2.0258,0.4544,0.9515,-0.3078,0.0000,0.3078,0.9515,0.0000,0.0000,0.0000,1.0000,0.0210,0.0279,0.0569
102,10,15.1835,-2.0963,0.4546,0.9515,-0.3078,0.0000,0.3078,0.9515,0.0000,0.0000,0.0000,1.0000,0.0210,0.0279,0.0569
103,0,14.8888,-1.9326,0.4400,0.9486,-0.3164,0.0000,0.3164,0.9486,0.0000,0.0000,0.0000,1.0000,0.2577,0.2263,0.1400
103,1,14.8974,-1.9324,0.6052,0.9486,-0.3164,0.0000,0.3164,0.9486,0.0000,0.0000,0.0000,1.0000,0.1100,0.2168,0.3052
103,2,14.9504,-2.0137,0.5173,0.9486,-0.3164,0.0000,0.3164,0.9486,0.0000,0.0000,0.0000,1.0000,0.1101,0.3070,0.2173
103,3,14.9157,-2.1884,0.5889,0.9486,-0.3164,0.0000,0.3164,0.9486,0.0000,0.0000,0.0000,1.0000,0.2836,0.2073,0.2889
103,4,15.0130,-2.2698,0.5062,0.9486,-0.3164,0.0000,0.3164,0.9486,0.0000,0.0000,0.0000,1.0000,0.2820,0.2947,0.2062
103,5,15.2153,-2.1931,0.6614,0.9486,-0.3164,0.0000,0.3164,0.9486,0.0000,0.0000,0.0000,1.0000,0.1112,0.2100,0.3614
103,6,15.3097,-2.2040,0.4265,0.9486,-0.3164,0.0000,0.3164,0.9486,0.0000,0.0000,0.0000,1.0000,0.1972,0.1336,0.1265
103,7,15.4156,-2.2305,0.4491,0.9486,-0.3164,0.0000,0.3164,0.9486,0.0000,0.0000,0.0000,1.0000,0.1624,0.1625,0.0548
103,8,15.4553,-2.1982,0.4472,0.9486,-0.3164,0.0000,0.3164,0.9486,0.0000,0.0000,0.0000,1.0000,0.0831,0.2046,0.1050
103,9,15.5050,-2.1449,0.4544,0.9486,-0.3164,0.0000,0.3164,0.9486,0.0000,0.0000,0.0000,1.0000,0.0210,0.0279,0.0569
103,10,15.5277,-2.2156,0.4546,0.9486,-0.3164,0.0000,0.3164,0.9486,0.0000,0.0000,0.0000,1.0000,0.0210,0.0279,0.0569
104,0,15.2368,-2.0499,0.4400,0.9461,-0.3239,0.0000,0.3239,0.9461,0.0000,0.0000,0.0000,1.0000,0.2577,0.2263,0.1400
104,1,15.2454,-2.0497,0.6052,0.9461,-0.3239,0.0000,0.3239,0.9461,0.0000,0.0000,0.0000,1.0000,0.1100,0.2168,0.3052
104,2,15.2976,-2.1314,0.5173,0.9461,-0.3239,0.0000,0.3239,0.9461,0.0000,0.0000,0.0000,1.0000,0.1101,0.3070,0.2173
104,3,15.2616,-2.3058,0.5889,0.9461,-0.3239,0.0000,0.3239,0.9461,0.0000,0.0000,0.0000,1.0000,0.2836,0.2073,0.2889
104,4,15.3583,-2.3880,0.5062,0.9461,-0.3239,0.0000,0.3239,0.9461,0.0000,0.0000,0.0000,1.0000,0.2820,0.2947,0.2062
104,5,15.5611,-2.3129,0.6614,0.9461,-0.3239,0.0000,0.3239,0.9461,0.0000,0.0000,0.0000,1.0000,0.1112,0.2100,0.3614
104,6,15.6554,-2.3246,0.4265,0.9461,-0.3239,0.0000,0.3239,0.9461,0.0000,0.0000,0.0000,1.0000,0.1972,0.1336,0.1265
104,7,15.7612,-2.3519,0.4491,0.9461,-0.3239,0.0000,0.3239,0.9461,0.0000,0.0000,0.0000,1.0000,0.1624,0.1625,0.0548
104,8,15.8011,-2.3199,0.4472,0.9461,-0.3239,0.0000,0.3239,0.9461,0.0000,0.0000,0.0000,1.0000,0.0831,0.2046,0.1050
104,9,15.8513,-2.2670,0.4544,0.9461,-0.3239,0.0000,0.3239,0.9461,0.0000,0.0000,0.0000,1.0000,0.0210,0.0279,0.0569
104,10,15.8734,-2.3379,0.4546,0.9461,-0.3239,0.0000,0.3239,0.9461,0.0000,0.0000,0.0000,1.0000,0.0210,0.0279,0.0569
105,0,15.5857,-2.1703,0.4400,0.9439,-0.3302,0.0000,0.3302,0.9439,0.0000,0.0000,0.0000,1.0000,0.2577,0.2263,0.1400
105,1,15.5943,-2.1703,0.6052,0.9439,-0.3302,0.0000,0.3302,0.9439,0.0000,0.0000,0.0000,1.0000,0.1100,0.2168,0.3052
105,2,15.6461,-2.2523,0.5173,0.9439,-0.3302,0.0000,0.3302,0.9439,0.0000,0.0000,0.0000,1.0000,0.1101,0.3070,0.2173
105,3,15.6089,-2.4264,0.5889,0.9439,-0.3302,0.0000,0.3302,0.9439,0.0000,0.0000,0.0000,1.0000,0.2836,0.2073,0.2889
105,4,15.7050,-2.5093,0.5062,0.9439,-0.3302,0.0000,0.3302,0.9439,0.0000,0.0000,0.0000,1.0000,0.2820,0.2947,0.2062
105,5,15.9084,-2.4355,0.6614,0.9439,-0.3302,0.0000,0.3302,0.9439,0.0000,0.0000,0.0000,1.0000,0.1112,0.2100,0.3614
105,6,16.0026,-2.4478,0.4265,0.9439,-0.3302,0.0000,0.3302,0.9439,0.0000,0.0000,0.0000,1.0000,0.1972,0.1336,0.1265
105,7,16.1081,-2.4759,0.4491,0.9439,-0.3302,0.0000,0.3302,0.9439,0.0000,0.0000,0.0000,1.0000,0.1624,0.1625,0.0548
105,8,16.1483,-2.4441,0.4472,0.9439,-0.3302,0.0000,0.3302,0.9439,0.0000,0.0000,0.0000,1.0000,0.0831,0.2046,0.1050
105,9,16.1988,-2.3916,0.4544,0.9439,-0.3302,0.0000,0.3302,0.9439,0.0000,0.0000,0.0000,1.0000,0.0210,0.0279,0.0569
105,10,16.2204,-2.4626,0.4546,0.9439,-0.3302,0.0000,0.3302,0.9439,0.0000,0.0000,0.0000,1.0000,0.0210,0.0279,0.0569
106,0,15.9353,-2.2933,0.4400,0.9423,-0.3347,0.0000,0.3347,0.9423,0.0000,0.0000,0.0000,1.0000,0.2577,0.2263,0.1400
106,1,15.9439,-2.2933,0.6052,0.9423,-0.3347,0.0000,0.3347,0.9423,0.0000,0.0000,0.0000,1.0000,0.1100,0.2168,0.3052
106,2,15.9952,-2.3755,0.5173,0.9423,-0.3347,0.0000,0.3347,0.9423,0.0000,0.0000,0.0000,1.0000,0.1101,0.3070,0.2173
106,3,15.9572,-2.5496,0.5889,0.9423,-0.3347,0.0000,0.3347,0.9423,0.0000,0.0000,0.0000,1.0000,0.2836,0.2073,0.2889
106,4,16.0529,-2.6329,0.5062,0.9423,-0.3347,0.0000,0.3347,0.9423,0.0000,0.0000,0.0000,1.0000,0.2820,0.2947,0.2062
106,5,16.2566,-2.5601,0.6614,0.9423,-0.3347,0.0000,0.3347,0.9423,0.0000,0.0000,0.0000,1.0000,0.1112,0.2100,0.3614
106,6,16.3508,-2.5728,0.4265,0.9423,-0.3347,0.0000,0.3347,0.9423,0.0000,0.0000,0.0000,1.0000,0.1972,0.1336,0.1265
106,7,16.4562,-2.6014,0.4491,0.9423,-0.3347,0.0000,0.3347,0.9423,0.0000,0.0000,0.0000,1.0000,0.1624,0.1625,0.0548
106,8,16.4965,-2.5698,0.4472,0.9423,-0.3347,0.0000,0.3347,0.9423,0.0000,0.0000,0.0000,1.0000,0.0831,0.2046,0.1050
106,9,16.5472,-2.5175,0.4544,0.9423,-0.3347,0.0000,0.3347,0.9423,0.0000,0.0000,0.0000,1.0000,0.0210,0.0279,0.0569
106,10,16.5686,-2.5886,0.4546,0.9423,-0.3347,0.0000,0.3347,0.9423,0.0000,0.0000,0.0000,1.0000,0.0210,0.0279,0.0569
107,0,16.2848,-2.4181,0.4400,0.9410,-0.3385,0.0000,0.3385,0.9410,0.0000,0.0000,0.0000,1.0000,0.2577,0.2263,0.1400
107,1,16.2934,-2.4181,0.6052,0.9410,-0.3385,0.0000,0.3385,0.9410,0.0000,0.0000,0.0000,1.0000,0.1100,0.2168,0.3052
107,2,16.3444,-2.5006,0.5173,0.9410,-0.3385,0.0000,0.3385,0.9410,0.0000,0.0000,0.0000,1.0000,0.1101,0.3070,0.2173
107,3,16.3057,-2.6744,0.5889,0.9410,-0.3385,0.0000,0.3385,0.9410,0.0000,0.0000,0.0000,1.0000,0.2836,0.2073,0.2889
107,4,16.4011,-2.7581,0.5062,0.9410,-0.3385,0.0000,0.3385,0.9410,0.0000,0.0000,0.0000,1.0000,0.2820,0.2947,0.2062
107,5,16.6051,-2.6861,0.6614,0.9410,-0.3385,0.0000,0.3385,0.9410,0.0000,0.0000,0.0000,1.0000,0.1112,0.2100,0.3614
107,6,16.6992,-2.6993,0.4265,0.9410,-0.3385,0.0000,0.3385,0.9410,0.0000,0.0000,0.0000,1.0000,0.1972,0.1336,0.1265
107,7,16.8045,-2.7282,0.4491,0.9410,-0.3385,0.0000,0.3385,0.9410,0.0000,0.0000,0.0000,1.0000,0.1624,0.1625,0.0548
107,8,16.8449,-2.6968,0.4472,0.9410,-0.3385,0.0000,0.3385,0.9410,0.0000,0.0000,0.0000,1.0000,0.0831,0.2046,0.1050
107,9,16.8959,-2.6447,0.4544,0.9410,-0.3385,0.0000,0.3385,0.9410,0.0000,0.0000,0.0000,1.0000,0.0210,0.0279,0.0569
107,10,16.9169,-2.7159,0.4546,0.9410,-0.3385,0.0000,0.3385,0.9410,0.0000,0.0000,0.0000,1.0000,0.0210,0.0279,0.0569
108,0,16.6338,-2.5440,0.4400,0.9401,-0.3410,0.0000,0.3410,0.9401,0.0000,0.0000,0.0000,1.0000,0.2577,0.2263,0.1400
108,1,16.6424,-2.5441,0.6052,0.9401,-0.3410,0.0000,0.3410,0.9401,0.0000,0.0000,0.0000,1.0000,0.1100,0.2168,0.3052
108,2,16.6931,-2.6266,0.5173,0.9401,-0.3410,0.0000,0.3410,0.9401,0.0000,0.0000,0.0000,1.0000,0.1101,0.3070,0.2173
108,3,16.6540,-2.8004,0.5889,0.9401,-0.3410,0.0000,0.3410,0.9401,0.0000,0.0000,0.0000,1.0000,0.2836,0.2073,0.2889
108,4,16.7491,-2.8844,0.5062,0.9401,-0.3410,0.0000,0.3410,0.9401,0.0000,0.0000,0.0000,1.0000,0.2820,0.2947,0.2062
108,5,16.9533,-2.8129,0.6614,0.9401,-0.3410,0.0000,0.3410,0.9401,0.0000,0.0000,0.0000,1.0000,0.1112,0.2100,0.3614
108,6,17.0474,-2.8263,0.4265,0.9401,-0.3410,0.0000,0.3410,0.9401,0.0000,0.0000,0.0000,1.0000,0.1972,0.1336,0.1265
108,7,17.1526,-2.8555,0.4491,0.9401,-0.3410,0.0000,0.3410,0.9401,0.0000,0.0000,0.0000,1.0000,0.1624,0.1625,0.0548
108,8,17.1931,-2.8243,0.4472,0.9401,-0.3410,0.0000,0.3410,0.9401,0.0000,0.0000,0.0000,1.0000,0.0831,0.2046,0.1050
108,9,17.2442,-2.7723,0.4544,0.9401,-0.3410,0.0000,0.3410,0.9401,0.0000,0.0000,0.0000,1.0000,0.0210,0.0279,0.0569
108,10,17.2651,-2.8435,0.4546,0.9401,-0.3410,0.0000,0.3410,0.9401,0.0000,0.0000,0.0000,1.0000,0.0210,0.0279,0.0569
109,0,16.9816,-2.6705,0.4400,0.9394,-0.3427,0.0000,0.3427,0.9394,0.0000,0.0000,0.0000,1.0000,0.2577,0.2263,0.1400
109,1,16.9902,-2.6705,0.6052,0.9394,-0.3427,0.0000,0.3427,0.9394,0.0000,0.0000,0.0000,1.0000,0.1100,0.2168,0.3052
109,2,17.0408,-2.7532,0.5173,0.9394,-0.3427,0.0000,0.3427,0.9394,0.0000,0.0000,0.0000,1.0000,0.1101,0.3070,0.2173
109,3,17.0013,-2.9269,0.5889,0.9394,-0.3427,0.0000,0.3427,0.9394,0.0000,0.0000,0.0000,1.0000,0.2836,0.2073,0.2889
109,4,17.0963,-3.0110,0.5062,0.9394,-0.3427,0.0000,0.3427,0.9394,0.0000,0.0000,0.0000,1.0000,0.2820,0.2947,0.2062
109,5,17.3007,-2.9400,0.6614,0.9394,-0.3427,0.0000,0.3427,0.9394,0.0000,0.0000,0.0000,1.0000,0.1112,0.2100,0.3614
109,6,17.3947,-2.9535,0.4265,0.9394,-0.3427,0.0000,0.3427,0.9394,0.0000,0.0000,0.0000,1.0000,0.1972,0.1336,0.1265
109,7,17.4999,-2.9829,0.4491,0.9394,-0.3427,0.0000,0.3427,0.9394,0.0000,0.0000,0.0000,1.0000,0.1624,0.1625,0.0548
109,8,17.5405,-2.9518,0.4472,0.9394,-0.3427,0.0000,0.3427,0.9394,0.0000,0.0000,0.0000,1.0000,0.0831,0.2046,0.1050
109,9,17.5916,-2.8999,0.4544,0.9394,-0.3427,0.0000,0.3427,0.9394,0.0000,0.0000,0.0000,1.0000,0.0210,0.0279,0.0569
109,10,17.6124,-2.9712,0.4546,0.9394,-0.3427,0.0000,0.3427,0.9394,0.0000,0.0000,0.0000,1.0000,0.0210,0.0279,0.0569
110,0,17.3279,-2.7970,0.4400,0.9391,-0.3437,0.0000,0.3437,0.9391,0.0000,0.0000,0.0000,1.0000,0.2577,0.2263,0.1400
110,1,17.3365,-2.7970,0.6052,0.9391,-0.3437,0.0000,0.3437,0.9391,0.0000,0.0000,0.0000,1.0000,0.1100,0.2168,0.3052
110,2,17.3870,-2.8797,0.5173,0.9391,-0.3437,0.0000,0.3437,0.9391,0.0000,0.0000,0.0000,1.0000,0.1101,0.3070,0.2173
110,3,17.3473,-3.0534,0.5889,0.9391,-0.3437,0.0000,0.3437,0.9391,0.0000,0.0000,0.0000,1.0000,0.2836,0.2073,0.2889
110,4,17.4423,-3.1376,0.5062,0.9391,-0.3437,0.0000,0.3437,0.9391,0.0000,0.0000,0.0000,1.0000,0.2820,0.2947,0.2062
110,5,17.6467,-3.0668,0.6614,0.9391,-0.3437,0.0000,0.3437,0.9391,0.0000,0.0000,0.0000,1.0000,0.1112,0.2100,0.3614
110,6,17.7407,-3.0804,0.4265,0.9391,-0.3437,0.0000,0.3437,0.9391,0.0000,0.0000,0.0000,1.0000,0.1972,0.1336,0.1265
110,7,17.8459,-3.1099,0.4491,0.9391,-0.3437,0.0000,0.3437,0.9391,0.0000,0.0000,0.0000,1.0000,0.1624,0.1625,0.0548
110,8,17.8864,-3.0788,0.4472,0.9391,-0.3437,0.0000,0.3437,0.9391,0.0000,0.0000,0.0000,1.0000,0.0831,0.2046,0.1050
110,9,17.9377,-3.0269,0.4544,0.9391,-0.3437,0.0000,0.3437,0.9391,0.0000,0.0000,0.0000,1.0000,0.0210,0.0279,0.0569
110,10,17.9583,-3.0983,0.4546,0.9391,-0.3437,0.0000,0.3437,0.9391,0.0000,0.0000,0.0000,1.0000,0.0210,0.0279,0.0569
111,0,17.6719,-2.9229,0.4400,0.9390,-0.3440,0.0000,0.3440,0.9390,0.0000,0.0000,0.0000,1.0000,0.2577,0.2263,0.1400
111,1,17.6806,-2.9230,0.6052,0.9390,-0.3440,0.0000,0.3440,0.9390,0.0000,0.0000,0.0000,1.0000,0.1100,0.2168,0.3052
111,2,17.7311,-3.0057,0.5173,0.9390,-0.3440,0.0000,0.3440,0.9390,0.0000,0.0000,0.0000,1.0000,0.1101,0.3070,0.2173
111,3,17.6913,-3.1793,0.5889,0.9390,-0.3440,0.0000,0.3440,0.9390,0.0000,0.0000,0.0000,1.0000,0.2836,0.2073,0.2889
111,4,17.7862,-3.2636,0.5062,0.9390,-0.3440,0.0000,0.3440,0.9390,0.0000,0.0000,0.0000,1.0000,0.2820,0.2947,0.2062
111,5,17.9907,-3.1928,0.6614,0.9390,-0.3440,0.0000,0.3440,0.9390,0.0000,0.0000,0.0000,1.0000,0.1112,0.2100,0.3614
111,6,18.0847,-3.2065,0.4265,0.9390,-0.3440,0.0000,0.3440,0.9390,0.0000,0.0000,0.0000,1.0000,0.1972,0.1336,0.1265
111,7,18.1898,-3.2361,0.4491,0.9390,-0.3440,0.0000,0.3440,0.9390,0.0000,0.0000,0.0000,1.0000,0.1624,0.1625,0.0548
111,8,18.2304,-3.2049,0.4472,0.9390,-0.3440,0.0000,0.3440,0.9390,0.0000,0.0000,0.0000,1.0000,0.0831,0.2046,0.1050
111,9,18.2817,-3.1531,0.4544,0.9390,-0.3440,0.0000,0.3440,0.9390,0.0000,0.0000,0.0000,1.0000,0.0210,0.0279,0.0569
111,10,18.3023,-3.2245,0.4546,0.9390,-0.3440,0.0000,0.3440,0.9390,0.0000,0.0000,0.0000,1.0000,0.0210,0.0279,0.0569
112,0,18.0134,-3.0480,0.4400,0.9390,-0.3439,0.0000,0.3439,0.9390,0.0000,0.0000,0.0000,1.0000,0.2577,0.2263,0.1400
112,1,18.0220,-3.0481,0.6052,0.9390,-0.3439,0.0000,0.3439,0.9390,0.0000,0.0000,0.0000,1.0000,0.1100,0.2168,0.3052
112,2,18.0725,-3.1308,0.5173,0.9390,-0.3439,0.0000,0.3439,0.9390,0.0000,0.0000,0.0000,1.0000,0.1101,0.3070,0.2173
112,3,18.0328,-3.3044,0.5889,0.9390,-0.3439,0.0000,0.3439,0.9390,0.0000,0.0000,0.0000,1.0000,0.2836,0.2073,0.2889
112,4,18.1277,-3.3887,0.5062,0.9390,-0.3439,0.0000,0.3439,0.9390,0.0000,0.0000,0.0000,1.0000,0.2820,0.2947,0.2062
112,5,18.3321,-3.3179,0.6614,0.9390,-0.3439,0.0000,0.3439,0.9390,0.0000,0.0000,0.0000,1.0000,0.1112,0.2100,0.3614
112,6,18.4262,-3.3315,0.4265,0.9390,-0.3439,0.0000,0.3439,0.9390,0.0000,0.0000,0.0000,1.0000,0.1972,0.1336,0.1265
112,7,18.5313,-3.3611,0.4491,0.9390,-0.3439,0.0000,0.3439,0.9390,0.0000,0.0000,0.0000,1.0000,0.1624,0.1625,0.0548
112,8,18.5719,-3.3299,0.4472,0.9390,-0.3439,0.0000,0.3439,0.9390,0.0000,0.0000,0.0000,1.0000,0.0831,0.2046,0.1050
112,9,18.6231,-3.2781,0.4544,0.9390,-0.3439,0.0000,0.3439,0.9390,0.0000,0.0000,0.0000,1.0000,0.0210,0.0279,0.0569
112,10,18.6438,-3.3494,0.4546,0.9390,-0.3439,0.0000,0.3439,0.9390,0.0000,0.0000,0.0000,1.0000,0.0210,0.0279,0.0569
113,0,18.3519,-3.1719,0.4400,0.9393,-0.3432,0.0000,0.3432,0.9393,0.0000,0.0000,0.0000,1.0000,0.2577,0.2263,0.1400
113,1,18.3605,-3.1719,0.6052,0.9393,-0.3432,0.0000,0.3432,0.9393,0.0000,0.0000,0.0000,1.0000,0.1100,0.2168,0.3052
113,2,18.4111,-3.2546,0.5173,0.9393,-0.3432,0.0000,0.3432,0.9393,0.0000,0.0000,0.0000,1.0000,0.1101,0.3070,0.2173
113,3,18.3715,-3.4283,0.5889,0.9393,-0.3432,0.0000,0.3432,0.9393,0.0000,0.0000,0.0000,1.0000,0.2836,0.2073,0.2889
113,4,18.4665,-3.5125,0.5062,0.9393,-0.3432,0.0000,0.3432,0.9393,0.0000,0.0000,0.0000,1.0000,0.2820,0.2947,0.2062
113,5,18.6709,-3.4415,0.6614,0.9393,-0.3432,0.0000,0.3432,0.9393,0.0000,0.0000,0.0000,1.0000,0.1112,0.2100,0.3614
113,6,18.7649,-3.4551,0.4265,0.9393,-0.3432,0.0000,0.3432,0.9393,0.0000,0.0000,0.0000,1.0000,0.1972,0.1336,0.1265
113,7,18.8701,-3.4846,0.4491,0.9393,-0.3432,0.0000,0.3432,0.9393,0.0000,0.0000,0.0000,1.0000,0.1624,0.1625,0.0548
113,8,18.9106,-3.4534,0.4472,0.9393,-0.3432,0.0000,0.3432,0.9393,0.0000,0.0000,0.0000,1.0000,0.0831,0.2046,0.1050
113,9,18.9618,-3.4015,0.4544,0.9393,-0.3432,0.0000,0.3432,0.9393,0.0000,0.0000,0.0000,1.0000,0.0210,0.0279,0.0569
113,10,18.9825,-3.4728,0.4546,0.9393,-0.3432,0.0000,0.3432,0.9393,0.0000,0.0000,0.0000,1.0000,0.0210,0.0279,0.0569
114,0,18.6874,-3.2942,0.4400,0.9397,-0.3421,0.0000,0.3421,0.9397,0.0000,0.0000,0.0000,1.0000,0.2577,0.2263,0.1400
114,1,18.6960,-3.2943,0.6052,0.9397,-0.3421,0.0000,0.3421,0.9397,0.0000,0.0000,0.0000,1.0000,0.1100,0.2168,0.3052
114,2,18.7467,-3.3769,0.5173,0.9397,-0.3421,0.0000,0.3421,0.9397,0.0000,0.0000,0.0000,1.0000,0.1101,0.3070,0.2173
114,3,18.7073,-3.5506,0.5889,0.9397,-0.3421,0.0000,0.3421,0.9397,0.0000,0.0000,0.0000,1.0000,0.2836,0.2073,0.2889
114,4,18.8023,-3.6347,0.5062,0.9397,-0.3421,0.0000,0.3421,0.9397,0.0000,0.0000,0.0000,1.0000,0.2820,0.2947,0.2062
114,5,19.0066,-3.5635,0.6614,0.9397,-0.3421,0.0000,0.3421,0.9397,0.0000,0.0000,0.0000,1.0000,0.1112,0.2100,0.3614
114,6,19.1007,-3.5770,0.4265,0.9397,-0.3421,0.0000,0.3421,0.9397,0.0000,0.0000,0.0000,1.0000,0.1972,0.1336,0.1265
114,7,19.2059,-3.6063,0.4491,0.9397,-0.3421,0.0000,0.3421,0.9397,0.0000,0.0000,0.0000,1.0000,0.1624,0.1625,0.0548
114,8,19.2464,-3.5751,0.4472,0.9397,-0.3421,0.0000,0.3421,0.9397,0.0000,0.0000,0.0000,1.0000,0.0831,0.2046,0.1050
114,9,19.2976,-3.5232,0.4544,0.9397,-0.3421,0.0000,0.3421,0.9397,0.0000,0.0000,0.0000,1.0000,0.0210,0.0279,0.0569
114,10,19.3183,-3.5945,0.4546,0.9397,-0.3421,0.0000,0.3421,0.9397,0.0000,0.0000,0.0000,1.0000,0.0210,0.0279,0.0569
115,0,19.0194,-3.4149,0.4400,0.9401,-0.3408,0.0000,0.3408,0.9401,0.0000,0.0000,0.0000,1.0000,0.2577,0.2263,0.1400
115,1,19.0280,-3.4150,0.6052,0.9401,-0.3408,0.0000,0.3408,0.9401,0.0000,0.0000,0.0000,1.0000,0.1100,0.2168,0.3052
115,2,19.0788,-3.4975,0.5173,0.9401,-0.3408,0.0000,0.3408,0.9401,0.0000,0.0000,0.0000,1.0000,0.1101,0.3070,0.2173
115,3,19.0396,-3.6713,0.5889,0.9401,-0.3408,0.0000,0.3408,0.9401,0.0000,0.0000,0.0000,1.0000,0.2836,0.2073,0.2889
115,4,19.1348,-3.7552,0.5062,0.9401,-0.3408,0.0000,0.3408,0.9401,0.0000,0.0000,0.0000,1.0000,0.2820,0.2947,0.2062
115,5,19.3390,-3.6838,0.6614,0.9401,-0.3408,0.0000,0.3408,0.9401,0.0000,0.0000,0.0000,1.0000,0.1112,0.2100,0.3614
115,6,19.4331,-3.6971,0.4265,0.9401,-0.3408,0.0000,0.3408,0.9401,0.0000,0.0000,0.0000,1.0000,0.1972,0.1336,0.1265
115,7,19.5383,-3.7263,0.4491,0.9401,-0.3408,0.0000,0.3408,0.9401,0.0000,0.0000,0.0000,1.0000,0.1624,0.1625,0.0548
115,8,19.5788,-3.6951,0.4472,0.9401,-0.3408,0.0000,0.3408,0.9401,0.0000,0.0000,0.0000,1.0000,0.0831,0.2046,0.1050
115,9,19.6299,-3.6431,0.4544,0.9401,-0.3408,0.0000,0.3408,0.9401,0.0000,0.0000,0.0000,1.0000,0.0210,0.0279,0.0569
115,10,19.6508,-3.7143,0.4546,0.9401,-0.3408,0.0000,0.3408,0.9401,0.0000,0.0000,0.0000,1.0000,0.0210,0.0279,0.0569
116,0,19.3475,-3.5336,0.4400,0.9406,-0.3394,0.0000,0.3394,0.9406,0.0000,0.0000,0.0000,1.0000,0.2577,0.2263,0.1400
116,1,19.3561,-3.5337,0.6052,0.9406,-0.3394,0.0000,0.3394,0.9406,0.0000,0.0000,0.0000,1.0000,0.1100,0.2168,0.3052
116,2,19.4070,-3.6162,0.5173,0.9406,-0.3394,0.0000,0.3394,0.9406,0.0000,0.0000,0.0000,1.0000,0.1101,0.3070,0.2173
116,3,19.3681,-3.7900,0.5889,0.9406,-0.3394,0.0000,0.3394,0.9406,0.0000,0.0000,0.0000,1.0000,0.2836,0.2073,0.2889
116,4,19.4634,-3.8738,0.5062,0.9406,-0.3394,0.0000,0.3394,0.9406,0.0000,0.0000,0.0000,1.0000,0.2820,0.2947,0.2062
116,5,19.6675,-3.8020,0.6614,0.9406,-0.3394,0.0000,0.3394,0.9406,0.0000,0.0000,0.0000,1.0000,0.1112,0.2100,0.3614
116,6,19.7616,-3.8152,0.4265,0.9406,-0.3394,0.0000,0.3394,0.9406,0.0000,0.0000,0.0000,1.0000,0.1972,0.1336,0.1265
116,7,19.8669,-3.8443,0.4491,0.9406,-0.3394,0.0000,0.3394,0.9406,0.0000,0.0000,0.0000,1.0000,0.1624,0.1625,0.0548
116,8,19.9073,-3.8129,0.4472,0.9406,-0.3394,0.0000,0.3394,0.9406,0.0000,0.0000,0.0000,1.0000,0.0831,0.2046,0.1050
116,9,19.9583,-3.7609,0.4544,0.9406,-0.3394,0.0000,0.3394,0.9406,0.0000,0.0000,0.0000,1.0000,0.0210,0.0279,0.0569
116,10,19.9793,-3.8321,0.4546,0.9406,-0.3394,0.0000,0.3394,0.9406,0.0000,0.0000,0.0000,1.0000,0.0210,0.0279,0.0569
117,0,19.6703,-3.6499,0.4400,0.9413,-0.3377,0.0000,0.3377,0.9413,0.0000,0.0000,0.0000,1.0000,0.2577,0.2263,0.1400
117,1,19.6789,-3.6499,0.6052,0.9413,-0.3377,0.0000,0.3377,0.9413,0.0000,0.0000,0.0000,1.0000,0.1100,0.2168,0.3052
117,2,19.7300,-3.7323,0.5173,0.9413,-0.3377,0.0000,0.3377,0.9413,0.0000,0.0000,0.0000,1.0000,0.1101,0.3070,0.2173
117,3,19.6914,-3.9062,0.5889,0.9413,-0.3377,0.0000,0.3377,0.9413,0.0000,0.0000,0.0000,1.0000,0.2836,0.2073,0.2889
117,4,19.7869,-3.9898,0.5062,0.9413,-0.3377,0.0000,0.3377,0.9413,0.0000,0.0000,0.0000,1.0000,0.2820,0.2947,0.2062
117,5,19.9908,-3.9176,0.6614,0.9413,-0.3377,0.0000,0.3377,0.9413,0.0000,0.0000,0.0000,1.0000,0.1112,0.2100,0.3614
117,6,20.0849,-3.9307,0.4265,0.9413,-0.3377,0.0000,0.3377,0.9413,0.0000,0.0000,0.0000,1.0000,0.1972,0.1336,0.1265
117,7,20.1903,-3.9596,0.4491,0.9413,-0.3377,0.0000,0.3377,0.9413,0.0000,0.0000,0.0000,1.0000,0.1624,0.1625,0.0548
117,8,20.2307,-3.9282,0.4472,0.9413,-0.3377,0.0000,0.3377,0.9413,0.0000,0.0000,0.0000,1.0000,0.0831,0.2046,0.1050
117,9,20.2816,-3.8760,0.4544,0.9413,-0.3377,0.0000,0.3377,0.9413,0.0000,0.0000,0.0000,1.0000,0.0210,0.0279,0.0569
117,10,20.3027,-3.9472,0.4546,0.9413,-0.3377,0.0000,0.3377,0.9413,0.0000,0.0000,0.0000,1.0000,0.0210,0.0279,0.0569
118,0,19.9861,-3.7629,0.4400,0.9420,-0.3356,0.0000,0.3356,0.9420,0.0000,0.0000,0.0000,1.0000,0.2577,0.2263,0.1400
118,1,19.9947,-3.7629,0.6052,0.9420,-0.3356,0.0000,0.3356,0.9420,0.0000,0.0000,0.0000,1.0000,0.1100,0.2168,0.3052
118,2,20.0460,-3.8452,0.5173,0.9420,-0.3356,0.0000,0.3356,0.9420,0.0000,0.0000,0.0000,1.0000,0.1101,0.3070,0.2173
118,3,20.0078,-4.0191,0.5889,0.9420,-0.3356,0.0000,0.3356,0.9420,0.0000,0.0000,0.0000,1.0000,0.2836,0.2073,0.2889
118,4,20.1034,-4.1026,0.5062,0.9420,-0.3356,0.0000,0.3356,0.9420,0.0000,0.0000,0.0000,1.0000,0.2820,0.2947,0.2062
118,5,20.3072,-4.0299,0.6614,0.9420,-0.3356,0.0000,0.3356,0.9420,0.0000,0.0000,0.0000,1.0000,0.1112,0.2100,0.3614
118,6,20.4013,-4.0428,0.4265,0.9420,-0.3356,0.0000,0.3356,0.9420,0.0000,0.0000,0.0000,1.0000,0.1972,0.1336,0.1265
118,7,20.5068,-4.0714,0.4491,0.9420,-0.3356,0.0000,0.3356,0.9420,0.0000,0.0000,0.0000,1.0000,0.1624,0.1625,0.0548
118,8,20.5471,-4.0399,0.4472,0.9420,-0.3356,0.0000,0.3356,0.9420,0.0000,0.0000,0.0000,1.0000,0.0831,0.2046,0.1050
118,9,20.5979,-3.9876,0.4544,0.9420,-0.3356,0.0000,0.3356,0.9420,0.0000,0.0000,0.0000,1.0000,0.0210,0.0279,0.0569
118,10,20.6191,-4.0588,0.4546,0.9420,-0.3356,0.0000,0.3356,0.9420,0.0000,0.0000,0.0000,1.0000,0.0210,0.0279,0.0569
119,0,20.2924,-3.8717,0.4400,0.9427,-0.3335,0.0000,0.3335,0.9427,0.0000,0.0000,0.0000,1.0000,0.2577,0.2263,0.1400
119,1,20.3010,-3.8717,0.6052,0.9427,-0.3335,0.0000,0.3335,0.9427,0.0000,0.0000,0.0000,1.0000,0.1100,0.2168,0.3052
119,2,20.3524,-3.9539,0.5173,0.9427,-0.3335,0.0000,0.3335,0.9427,0.0000,0.0000,0.0000,1.0000,0.1101,0.3070,0.2173
119,3,20.3146,-4.1279,0.5889,0.9427,-0.3335,0.0000,0.3335,0.9427,0.0000,0.0000,0.0000,1.0000,0.2836,0.2073,0.2889
119,4,20.4104,-4.2111,0.5062,0.9427,-0.3335,0.0000,0.3335,0.9427,0.0000,0.0000,0.0000,1.0000,0.2820,0.2947,0.2062
119,5,20.6141,-4.1381,0.6614,0.9427,-0.3335,0.0000,0.3335,0.9427,0.0000,0.0000,0.0000,1.0000,0.1112,0.2100,0.3614
119,6,20.7083,-4.1507,0.4265,0.9427,-0.3335,0.0000,0.3335,0.9427,0.0000,0.0000,0.0000,1.0000,0.1972,0.1336,0.1265
119,7,20.8137,-4.1791,0.4491,0.9427,-0.3335,0.0000,0.3335,0.9427,0.0000,0.0000,0.0000,1.0000,0.1624,0.1625,0.0548
119,8,20.8540,-4.1475,0.4472,0.9427,-0.3335,0.0000,0.3335,0.9427,0.0000,0.0000,0.0000,1.0000,0.0831,0.2046,0.1050
119,9,20.9046,-4.0951,0.4544,0.9427,-0.3335,0.0000,0.3335,0.9427,0.0000,0.0000,0.0000,1.0000,0.0210,0.0279,0.0569
119,10,20.9260,-4.1662,0.4546,0.9427,-0.3335,0.0000,0.3335,0.9427,0.0000,0.0000,0.0000,1.0000,0.0210,0.0279,0.0569
120,0,20.5865,-3.9755,0.4400,0.9435,-0.3313,0.0000,0.3313,0.9435,0.0000,0.0000,0.0000,1.0000,0.2577,0.2263,0.1400
120,1,20.5951,-3.9755,0.6052,0.9435,-0.3313,0.0000,0.3313,0.9435,0.0000,0.0000,0.0000,1.0000,0.1100,0.2168,0.3052
120,2,20.6467,-4.0575,0.5173,0.9435,-0.3313,0.0000,0.3313,0.9435,0.0000,0.0000,0.0000,1.0000,0.1101,0.3070,0.2173
120,3,20.6093,-4.2316,0.5889,0.9435,-0.3313,0.0000,0.3313,0.9435,0.0000,0.0000,0.0000,1.0000,0.2836,0.2073,0.2889
120,4,20.7053,-4.3146,0.5062,0.9435,-0.3313,0.0000,0.3313,0.9435,0.0000,0.0000,0.0000,1.0000,0.2820,0.2947,0.2062
120,5,20.9088,-4.2411,0.6614,0.9435,-0.3313,0.0000,0.3313,0.9435,0.0000,0.0000,0.0000,1.0000,0.1112,0.2100,0.3614
120,6,21.0030,-4.2535,0.4265,0.9435,-0.3313,0.0000,0.3313,0.9435,0.0000,0.0000,0.0000,1.0000,0.1972,0.1336,0.1265
120,7,21.1085,-4.2817,0.4491,0.9435,-0.3313,0.0000,0.3313,0.9435,0.0000,0.0000,0.0000,1.0000,0.1624,0.1625,0.0548
120,8,21.1487,-4.2500,0.4472,0.9435,-0.3313,0.0000,0.3313,0.9435,0.0000,0.0000,0.0000,1.0000,0.0831,0.2046,0.1050
120,9,21.1993,-4.1975,0.4544,0.9435,-0.3313,0.0000,0.3313,0.9435,0.0000,0.0000,0.0000,1.0000,0.0210,0.0279,0.0569
120,10,21.2208,-4.2685,0.4546,0.9435,-0.3313,0.0000,0.3313,0.9435,0.0000,0.0000,0.0000,1.0000,0.0210,0.0279,0.0569
121,0,20.8662,-4.0735,0.4400,0.9442,-0.3292,0.0000,0.3292,0.9442,0.0000,0.0000,0.0000,1.0000,0.2577,0.2263,0.1400
121,1,20.8748,-4.0734,0.6052,0.9442,-0.3292,0.0000,0.3292,0.9442,0.0000,0.0000,0.0000,1.0000,0.1100,0.2168,0.3052
121,2,20.9266,-4.1553,0.5173,0.9442,-0.3292,0.0000,0.3292,0.9442,0.0000,0.0000,0.0000,1.0000,0.1101,0.3070,0.2173
121,3,20.8896,-4.3296,0.5889,0.9442,-0.3292,0.0000,0.3292,0.9442,0.0000,0.0000,0.0000,1.0000,0.2836,0.2073,0.2889
121,4,20.9858,-4.4124,0.5062,0.9442,-0.3292,0.0000,0.3292,0.9442,0.0000,0.0000,0.0000,1.0000,0.2820,0.2947,0.2062
121,5,21.1891,-4.3384,0.6614,0.9442,-0.3292,0.0000,0.3292,0.9442,0.0000,0.0000,0.0000,1.0000,0.1112,0.2100,0.3614
121,6,21.2833,-4.3506,0.4265,0.9442,-0.3292,0.0000,0.3292,0.9442,0.0000,0.0000,0.0000,1.0000,0.1972,0.1336,0.1265
121,7,21.3889,-4.3785,0.4491,0.9442,-0.3292,0.0000,0.3292,0.9442,0.0000,0.0000,0.0000,1.0000,0.1624,0.1625,0.0548
121,8,21.4290,-4.3467,0.4472,0.9442,-0.3292,0.0000,0.3292,0.9442,0.0000,0.0000,0.0000,1.0000,0.0831,0.2046,0.1050
121,9,21.4794,-4.2941,0.4544,0.9442,-0.3292,0.0000,0.3292,0.9442,0.0000,0.0000,0.0000,1.0000,0.0210,0.0279,0.0569
121,10,21.5012,-4.3651,0.4546,0.9442,-0.3292,0.0000,0.3292,0.9442,0.0000,0.0000,0.0000,1.0000,0.0210,0.0279,0.0569
122,0,21.1301,-4.1653,0.4400,0.9450,-0.3271,0.0000,0.3271,0.9450,0.0000,0.0000,0.0000,1.0000,0.2577,0.2263,0.1400
122,1,21.1387,-4.1652,0.6052,0.9450,-0.3271,0.0000,0.3271,0.9450,0.0000,0.0000,0.0000,1.0000,0.1100,0.2168,0.3052
122,2,21.1907,-4.2470,0.5173,0.9450,-0.3271,0.0000,0.3271,0.9450,0.0000,0.0000,0.0000,1.0000,0.1101,0.3070,0.2173
122,3,21.1540,-4.4213,0.5889,0.9450,-0.3271,0.0000,0.3271,0.9450,0.0000,0.0000,0.0000,1.0000,0.2836,0.2073,0.2889
122,4,21.2504,-4.5039,0.5062,0.9450,-0.3271,0.0000,0.3271,0.9450,0.0000,0.0000,0.0000,1.0000,0.2820,0.2947,0.2062
122,5,21.4535,-4.4294,0.6614,0.9450,-0.3271,0.0000,0.3271,0.9450,0.0000,0.0000,0.0000,1.0000,0.1112,0.2100,0.3614
122,6,21.5478,-4.4414,0.4265,0.9450,-0.3271,0.0000,0.3271,0.9450,0.0000,0.0000,0.0000,1.0000,0.1972,0.1336,0.1265
122,7,21.6535,-4.4691,0.4491,0.9450,-0.3271,0.0000,0.3271,0.9450,0.0000,0.0000,0.0000,1.0000,0.1624,0.1625,0.0548
122,8,21.6935,-4.4373,0.4472,0.9450,-0.3271,0.0000,0.3271,0.9450,0.0000,0.0000,0.0000,1.0000,0.0831,0.2046,0.1050
122,9,21.7438,-4.3845,0.4544,0.9450,-0.3271,0.0000,0.3271,0.9450,0.0000,0.0000,0.0000,1.0000,0.0210,0.0279,0.0569
122,10,21.7657,-4.4555,0.4546,0.9450,-0.3271,0.0000,0.3271,0.9450,0.0000,0.0000,0.0000,1.0000,0.0210,0.0279,0.0569
123,0,21.3780,-4.2509,0.4400,0.9457,-0.3250,0.0000,0.3250,0.9457,0.0000,0.0000,0.0000,1.0000,0.2577,0.2263,0.1400
123,1,21.3866,-4.2508,0.6052,0.9457,-0.3250,0.0000,0.3250,0.9457,0.0000,0.0000,0.0000,1.0000,0.1100,0.2168,0.3052
123,2,21.4387,-4.3325,0.5173,0.9457,-0.3250,0.0000,0.3250,0.9457,0.0000,0.0000,0.0000,1.0000,0.1101,0.3070,0.2173
123,3,21.4025,-4.5069,0.5889,0.9457,-0.3250,0.0000,0.3250,0.9457,0.0000,0.0000,0.0000,1.0000,0.2836,0.2073,0.2889
123,4,21.4991,-4.5892,0.5062,0.9457,-0.3250,0.0000,0.3250,0.9457,0.0000,0.0000,0.0000,1.0000,0.2820,0.2947,0.2062
123,5,21.7020,-4.5143,0.6614,0.9457,-0.3250,0.0000,0.3250,0.9457,0.0000,0.0000,0.0000,1.0000,0.1112,0.2100,0.3614
123,6,21.7963,-4.5261,0.4265,0.9457,-0.3250,0.0000,0.3250,0.9457,0.0000,0.0000,0.0000,1.0000,0.1972,0.1336,0.1265
123,7,21.9021,-4.5535,0.4491,0.9457,-0.3250,0.0000,0.3250,0.9457,0.0000,0.0000,0.0000,1.0000,0.1624,0.1625,0.0548
123,8,21.9420,-4.5216,0.4472,0.9457,-0.3250,0.0000,0.3250,0.9457,0.0000,0.0000,0.0000,1.0000,0.0831,0.2046,0.1050
123,9,21.9922,-4.4687,0.4544,0.9457,-0.3250,0.0000,0.3250,0.9457,0.0000,0.0000,0.0000,1.0000,0.0210,0.0279,0.0569
123,10,22.0143,-4.5396,0.4546,0.9457,-0.3250,0.0000,0.3250,0.9457,0.0000,0.0000,0.0000,1.0000,0.0210,0.0279,0.0569
124,0,21.6105,-4.3306,0.4400,0.9464,-0.3229,0.0000,0.3229,0.9464,0.0000,0.0000,0.0000,1.0000,0.2577,0.2263,0.1400
124,1,21.6191,-4.3305,0.6052,0.9464,-0.3229,0.0000,0.3229,0.9464,0.0000,0.0000,0.0000,1.0000,0.1100,0.2168,0.3052
124,2,21.6714,-4.4121,0.5173,0.9464,-0.3229,0.0000,0.3229,0.9464,0.0000,0.0000,0.0000,1.0000,0.1101,0.3070,0.2173
124,3,21.6356,-4.5865,0.5889,0.9464,-0.3229,0.0000,0.3229,0.9464,0.0000,0.0000,0.0000,1.0000,0.2836,0.2073,0.2889
124,4,21.7323,-4.6687,0.5062,0.9464,-0.3229,0.0000,0.3229,0.9464,0.0000,0.0000,0.0000,1.0000,0.2820,0.2947,0.2062
124,5,21.9351,-4.5933,0.6614,0.9464,-0.3229,0.0000,0.3229,0.9464,0.0000,0.0000,0.0000,1.0000,0.1112,0.2100,0.3614
124,6,22.0294,-4.6049,0.4265,0.9464,-0.3229,0.0000,0.3229,0.9464,0.0000,0.0000,0.0000,1.0000,0.1972,0.1336,0.1265
124,7,22.1352,-4.6321,0.4491,0.9464,-0.3229,0.0000,0.3229,0.9464,0.0000,0.0000,0.0000,1.0000,0.1624,0.1625,0.0548
124,8,22.1751,-4.6001,0.4472,0.9464,-0.3229,0.0000,0.3229,0.9464,0.0000,0.0000,0.0000,1.0000,0.0831,0.2046,0.1050
124,9,22.2252,-4.5471,0.4544,0.9464,-0.3229,0.0000,0.3229,0.9464,0.0000,0.0000,0.0000,1.0000,0.0210,0.0279,0.0569
124,10,22.2474,-4.6180,0.4546,0.9464,-0.3229,0.0000,0.3229,0.9464,0.0000,0.0000,0.0000,1.0000,0.0210,0.0279,0.0569
125,0,21.8282,-4.4047,0.4400,0.9472,-0.3207,0.0000,0.3207,0.9472,0.0000,0.0000,0.0000,1.0000,0.2577,0.2263,0.1400
125,1,21.8368,-4.4046,0.6052,0.9472,-0.3207,0.0000,0.3207,0.9472,0.0000,0.0000,0.0000,1.0000,0.1100,0.2168,0.3052
125,2,21.8893,-4.4860,0.5173,0.9472,-0.3207,0.0000,0.3207,0.9472,0.0000,0.0000,0.0000,1.0000,0.1101,0.3070,0.2173
125,3,21.8539,-4.6606,0.5889,0.9472,-0.3207,0.0000,0.3207,0.9472,0.0000,0.0000,0.0000,1.0000,0.2836,0.2073,0.2889
125,4,21.9508,-4.7425,0.5062,0.9472,-0.3207,0.0000,0.3207,0.9472,0.0000,0.0000,0.0000,1.0000,0.2820,0.2947,0.2062
125,5,22.1535,-4.6667,0.6614,0.9472,-0.3207,0.0000,0.3207,0.9472,0.0000,0.0000,0.0000,1.0000,0.1112,0.2100,0.3614
125,6,22.2478,-4.6780,0.4265,0.9472,-0.3207,0.0000,0.3207,0.9472,0.0000,0.0000,0.0000,1.0000,0.1972,0.1336,0.1265
125,7,22.3537,-4.7050,0.4491,0.9472,-0.3207,0.0000,0.3207,0.9472,0.0000,0.0000,0.0000,1.0000,0.1624,0.1625,0.0548
125,8,22.3935,-4.6728,0.4472,0.9472,-0.3207,0.0000,0.3207,0.9472,0.0000,0.0000,0.0000,1.0000,0.0831,0.2046,0.1050
125,9,22.4434,-4.6198,0.4544,0.9472,-0.3207,0.0000,0.3207,0.9472,0.0000,0.0000,0.0000,1.0000,0.0210,0.0279,0.0569
125,10,22.4658,-4.6906,0.4546,0.9472,-0.3207,0.0000,0.3207,0.9472,0.0000,0.0000,0.0000,1.0000,0.0210,0.0279,0.0569
126,0,22.0314,-4.4734,0.4400,0.9480,-0.3183,0.0000,0.3183,0.9480,0.0000,0.0000,0.0000,1.0000,0.2577,0.2263,0.1400
126,1,22.0400,-4.4732,0.6052,0.9480,-0.3183,0.0000,0.3183,0.9480,0.0000,0.0000,0.0000,1.0000,0.1100,0.2168,0.3052
126,2,22.0928,-4.5545,0.5173,0.9480,-0.3183,0.0000,0.3183,0.9480,0.0000,0.0000,0.0000,1.0000,0.1101,0.3070,0.2173
126,3,22.0578,-4.7291,0.5889,0.9480,-0.3183,0.0000,0.3183,0.9480,0.0000,0.0000,0.0000,1.0000,0.2836,0.2073,0.2889
126,4,22.1549,-4.8108,0.5062,0.9480,-0.3183,0.0000,0.3183,0.9480,0.0000,0.0000,0.0000,1.0000,0.2820,0.2947,0.2062
126,5,22.3573,-4.7345,0.6614,0.9480,-0.3183,0.0000,0.3183,0.9480,0.0000,0.0000,0.0000,1.0000,0.1112,0.2100,0.3614
126,6,22.4517,-4.7456,0.4265,0.9480,-0.3183,0.0000,0.3183,0.9480,0.0000,0.0000,0.0000,1.0000,0.1972,0.1336,0.1265
126,7,22.5576,-4.7723,0.4491,0.9480,-0.3183,0.0000,0.3183,0.9480,0.0000,0.0000,0.0000,1.0000,0.1624,0.1625,0.0548
126,8,22.5973,-4.7401,0.4472,0.9480,-0.3183,0.0000,0.3183,0.9480,0.0000,0.0000,0.0000,1.0000,0.0831,0.2046,0.1050
126,9,22.6472,-4.6869,0.4544,0.9480,-0.3183,0.0000,0.3183,0.9480,0.0000,0.0000,0.0000,1.0000,0.0210,0.0279,0.0569
126,10,22.6697,-4.7576,0.4546,0.9480,-0.3183,0.0000,0.3183,0.9480,0.0000,0.0000,0.0000,1.0000,0.0210,0.0279,0.0569
127,0,22.2197,-4.5364,0.4400,0.9487,-0.3161,0.0000,0.3161,0.9487,0.0000,0.0000,0.0000,1.0000,0.2577,0.2263,0.1400
127,1,22.2283,-4.5363,0.6052,0.9487,-0.3161,0.0000,0.3161,0.9487,0.0000,0.0000,0.0000,1.0000,0.1100,0.2168,0.3052
127,2,22.2812,-4.6175,0.5173,0.9487,-0.3161,0.0000,0.3161,0.9487,0.0000,0.0000,0.0000,1.0000,0.1101,0.3070,0.2173
127,3,22.2466,-4.7922,0.5889,0.9487,-0.3161,0.0000,0.3161,0.9487,0.0000,0.0000,0.0000,1.0000,0.2836,0.2073,0.2889
127,4,22.3440,-4.8736,0.5062,0.9487,-0.3161,0.0000,0.3161,0.9487,0.0000,0.0000,0.0000,1.0000,0.2820,0.2947,0.2062
127,5,22.5462,-4.7968,0.6614,0.9487,-0.3161,0.0000,0.3161,0.9487,0.0000,0.0000,0.0000,1.0000,0.1112,0.2100,0.3614
127,6,22.6406,-4.8077,0.4265,0.9487,-0.3161,0.0000,0.3161,0.9487,0.0000,0.0000,0.0000,1.0000,0.1972,0.1336,0.1265
127,7,22.7466,-4.8342,0.4491,0.9487,-0.3161,0.0000,0.3161,0.9487,0.0000,0.0000,0.0000,1.0000,0.1624,0.1625,0.0548
127,8,22.7862,-4.8019,0.4472,0.9487,-0.3161,0.0000,0.3161,0.9487,0.0000,0.0000,0.0000,1.0000,0.0831,0.2046,0.1050
127,9,22.8359,-4.7485,0.4544,0.9487,-0.3161,0.0000,0.3161,0.9487,0.0000,0.0000,0.0000,1.0000,0.0210,0.0279,0.0569
127,10,22.8587,-4.8192,0.4546,0.9487,-0.3161,0.0000,0.3161,0.9487,0.0000,0.0000,0.0000,1.0000,0.0210,0.0279,0.0569
128,0,0.4361,-0.0085,0.4400,1.0000,-0.0030,0.0000,0.0030,1.0000,0.0000,0.0000,0.0000,1.0000,0.2577,0.2263,0.1400
128,1,0.4442,-0.0056,0.6052,1.0000,-0.0030,0.0000,0.0030,1.0000,0.0000,0.0000,0.0000,1.0000,0.1100,0.2168,0.3052
128,2,0.5199,-0.0661,0.5173,1.0000,-0.0030,0.0000,0.0030,1.0000,0.0000,0.0000,0.0000,1.0000,0.1101,0.3070,0.2173
128,3,0.5418,-0.2429,0.5889,1.0000,-0.0030,0.0000,0.0030,1.0000,0.0000,0.0000,0.0000,1.0000,0.2836,0.2073,0.2889
128,4,0.6598,-0.2897,0.5062,1.0000,-0.0030,0.0000,0.0030,1.0000,0.0000,0.0000,0.0000,1.0000,0.2820,0.2947,0.2062
128,5,0.8278,-0.1534,0.6614,1.0000,-0.0030,0.0000,0.0030,1.0000,0.0000,0.0000,0.0000,1.0000,0.1112,0.2100,0.3614
128,6,0.9208,-0.1342,0.4265,1.0000,-0.0030,0.0000,0.0030,1.0000,0.0000,0.0000,0.0000,1.0000,0.1972,0.1336,0.1265
128,7,1.0297,-0.1261,0.4491,1.0000,-0.0030,0.0000,0.0030,1.0000,0.0000,0.0000,0.0000,1.0000,0.1624,0.1625,0.0548
128,8,1.0573,-0.0830,0.4472,1.0000,-0.0030,0.0000,0.0030,1.0000,0.0000,0.0000,0.0000,1.0000,0.0831,0.2046,0.1050
128,9,1.0878,-0.0168,0.4544,1.0000,-0.0030,0.0000,0.0030,1.0000,0.0000,0.0000,0.0000,1.0000,0.0210,0.0279,0.0569
128,10,1.1315,-0.0768,0.4546,1.0000,-0.0030,0.0000,0.0030,1.0000,0.0000,0.0000,0.0000,1.0000,0.0210,0.0279,0.0569
129,0,0.8991,-0.0104,0.4400,1.0000,-0.0058,0.0000,0.0058,1.0000,0.0000,0.0000,0.0000,1.0000,0.2577,0.2263,0.1400
129,1,0.9072,-0.0075,0.6052,1.0000,-0.0058,0.0000,0.0058,1.0000,0.0000,0.0000,0.0000,1.0000,0.1100,0.2168,0.3052
129,2,0.9828,-0.0683,0.5173,1.0000,-0.0058,0.0000,0.0058,1.0000,0.0000,0.0000,0.0000,1.0000,0.1101,0.3070,0.2173
129,3,1.0042,-0.2451,0.5889,1.0000,-0.0058,0.0000,0.0058,1.0000,0.0000,0.0000,0.0000,1.0000,0.2836,0.2073,0.2889
129,4,1.1220,-0.2923,0.5062,1.0000,-0.0058,0.0000,0.0058,1.0000,0.0000,0.0000,0.0000,1.0000,0.2820,0.2947,0.2062
129,5,1.2904,-0.1564,0.6614,1.0000,-0.0058,0.0000,0.0058,1.0000,0.0000,0.0000,0.0000,1.0000,0.1112,0.2100,0.3614
129,6,1.3835,-0.1375,0.4265,1.0000,-0.0058,0.0000,0.0058,1.0000,0.0000,0.0000,0.0000,1.0000,0.1972,0.1336,0.1265
129,7,1.4924,-0.1297,0.4491,1.0000,-0.0058,0.0000,0.0058,1.0000,0.0000,0.0000,0.0000,1.0000,0.1624,0.1625,0.0548
129,8,1.5201,-0.0867,0.4472,1.0000,-0.0058,0.0000,0.0058,1.0000,0.0000,0.0000,0.0000,1.0000,0.0831,0.2046,0.1050
129,9,1.5508,-0.0205,0.4544,1.0000,-0.0058,0.0000,0.0058,1.0000,0.0000,0.0000,0.0000,1.0000,0.0210,0.0279,0.0569
129,10,1.5943,-0.0807,0.4546,1.0000,-0.0058,0.0000,0.0058,1.0000,0.0000,0.0000,0.0000,1.0000,0.0210,0.0279,0.0569
130,0,1.3473,-0.0135,0.4400,1.0000,-0.0086,0.0000,0.0086,1.0000,0.0000,0.0000,0.0000,1.0000,0.2577,0.2263,0.1400
130,1,1.3555,-0.0106,0.6052,1.0000,-0.0086,0.0000,0.0086,1.0000,0.0000,0.0000,0.0000,1.0000,0.1100,0.2168,0.3052
130,2,1.4308,-0.0716,0.5173,1.0000,-0.0086,0.0000,0.0086,1.0000,0.0000,0.0000,0.0000,1.0000,0.1101,0.3070,0.2173
130,3,1.4517,-0.2485,0.5889,1.0000,-0.0086,0.0000,0.0086,1.0000,0.0000,0.0000,0.0000,1.0000,0.2836,0.2073,0.2889
130,4,1.5694,-0.2960,0.5062,1.0000,-0.0086,0.0000,0.0086,1.0000,0.0000,0.0000,0.0000,1.0000,0.2820,0.2947,0.2062
130,5,1.7382,-0.1607,0.6614,1.0000,-0.0086,0.0000,0.0086,1.0000,0.0000,0.0000,0.0000,1.0000,0.1112,0.2100,0.3614
130,6,1.8314,-0.1420,0.4265,1.0000,-0.0086,0.0000,0.0086,1.0000,0.0000,0.0000,0.0000,1.0000,0.1972,0.1336,0.1265
130,7,1.9403,-0.1345,0.4491,1.0000,-0.0086,0.0000,0.0086,1.0000,0.0000,0.0000,0.0000,1.0000,0.1624,0.1625,0.0548
130,8,1.9681,-0.0915,0.4472,1.0000,-0.0086,0.0000,0.0086,1.0000,0.0000,0.0000,0.0000,1.0000,0.0831,0.2046,0.1050
130,9,1.9990,-0.0255,0.4544,1.0000,-0.0086,0.0000,0.0086,1.0000,0.0000,0.0000,0.0000,1.0000,0.0210,0.0279,0.0569
130,10,2.0423,-0.0858,0.4546,1.0000,-0.0086,0.0000,0.0086,1.0000,0.0000,0.0000,0.0000,1.0000,0.0210,0.0279,0.0569
131,0,1.7806,-0.0176,0.4400,0.9999,-0.0109,0.0000,0.0109,0.9999,0.0000,0.0000,0.0000,1.0000,0.2577,0.2263,0.1400
131,1,1.7887,-0.0148,0.6052,0.9999,-0.0109,0.0000,0.0109,0.9999,0.0000,0.0000,0.0000,1.0000,0.1100,0.2168,0.3052
131,2,1.8640,-0.0759,0.5173,0.9999,-0.0109,0.0000,0.0109,0.9999,0.0000,0.0000,0.0000,1.0000,0.1101,0.3070,0.2173
131,3,1.8845,-0.2529,0.5889,0.9999,-0.0109,0.0000,0.0109,0.9999,0.0000,0.0000,0.0000,1.0000,0.2836,0.2073,0.2889
131,4,2.0020,-0.3006,0.5062,0.9999,-0.0109,0.0000,0.0109,0.9999,0.0000,0.0000,0.0000,1.0000,0.2820,0.2947,0.2062
131,5,2.1711,-0.1657,0.6614,0.9999,-0.0109,0.0000,0.0109,0.9999,0.0000,0.0000,0.0000,1.0000,0.1112,0.2100,0.3614
131,6,2.2643,-0.1472,0.4265,0.9999,-0.0109,0.0000,0.0109,0.9999,0.0000,0.0000,0.0000,1.0000,0.1972,0.1336,0.1265
131,7,2.3733,-0.1400,0.4491,0.9999,-0.0109,0.0000,0.0109,0.9999,0.0000,0.0000,0.0000,1.0000,0.1624,0.1625,0.0548
131,8,2.4012,-0.0971,0.4472,0.9999,-0.0109,0.0000,0.0109,0.9999,0.0000,0.0000,0.0000,1.0000,0.0831,0.2046,0.1050
131,9,2.4322,-0.0311,0.4544,0.9999,-0.0109,0.0000,0.0109,0.9999,0.0000,0.0000,0.0000,1.0000,0.0210,0.0279,0.0569
131,10,2.4755,-0.0915,0.4546,0.9999,-0.0109,0.0000,0.0109,0.9999,0.0000,0.0000,0.0000,1.0000,0.0210,0.0279,0.0569
132,0,2.1996,-0.0226,0.4400,0.9999,-0.0136,0.0000,0.0136,0.9999,0.0000,0.0000,0.0000,1.0000,0.2577,0.2263,0.1400
132,1,2.2077,-0.0198,0.6052,0.9999,-0.0136,0.0000,0.0136,0.9999,0.0000,0.0000,0.0000,1.0000,0.1100,0.2168,0.3052
132,2,2.2828,-0.0812,0.5173,0.9999,-0.0136,0.0000,0.0136,0.9999,0.0000,0.0000,0.0000,1.0000,0.1101,0.3070,0.2173
132,3,2.3028,-0.2581,0.5889,0.9999,-0.0136,0.0000,0.0136,0.9999,0.0000,0.0000,0.0000,1.0000,0.2836,0.2073,0.2889
132,4,2.4203,-0.3062,0.5062,0.9999,-0.0136,0.0000,0.0136,0.9999,0.0000,0.0000,0.0000,1.0000,0.2820,0.2947,0.2062
132,5,2.5897,-0.1717,0.6614,0.9999,-0.0136,0.0000,0.0136,0.9999,0.0000,0.0000,0.0000,1.0000,0.1112,0.2100,0.3614
132,6,2.6830,-0.1535,0.4265,0.9999,-0.0136,0.0000,0.0136,0.9999,0.0000,0.0000,0.0000,1.0000,0.1972,0.1336,0.1265
132,7,2.7920,-0.1466,0.4491,0.9999,-0.0136,0.0000,0.0136,0.9999,0.0000,0.0000,0.0000,1.0000,0.1624,0.1625,0.0548
132,8,2.8200,-0.1037,0.4472,0.9999,-0.0136,0.0000,0.0136,0.9999,0.0000,0.0000,0.0000,1.0000,0.0831,0.2046,0.1050
132,9,2.8512,-0.0379,0.4544,0.9999,-0.0136,0.0000,0.0136,0.9999,0.0000,0.0000,0.0000,1.0000,0.0210,0.0279,0.0569
132,10,2.8942,-0.0983,0.4546,0.9999,-0.0136,0.0000,0.0136,0.9999,0.0000,0.0000,0.0000,1.0000,0.0210,0.0279,0.0569
133,0,2.6050,-0.0285,0.4400,0.9999,-0.0160,0.0000,0.0160,0.9999,0.0000,0.0000,0.0000,1.0000,0.2577,0.2263,0.1400
133,1,2.6132,-0.0257,0.6052,0.9999,-0.0160,0.0000,0.0160,0.9999,0.0000,0.0000,0.0000,1.0000,0.1100,0.2168,0.3052
133,2,2.6881,-0.0872,0.5173,0.9999,-0.0160,0.0000,0.0160,0.9999,0.0000,0.0000,0.0000,1.0000,0.1101,0.3070,0.2173
133,3,2.7077,-0.2643,0.5889,0.9999,-0.0160,0.0000,0.0160,0.9999,0.0000,0.0000,0.0000,1.0000,0.2836,0.2073,0.2889
133,4,2.8250,-0.3127,0.5062,0.9999,-0.0160,0.0000,0.0160,0.9999,0.0000,0.0000,0.0000,1.0000,0.2820,0.2947,0.2062
133,5,2.9948,-0.1785,0.6614,0.9999,-0.0160,0.0000,0.0160,0.9999,0.0000,0.0000,0.0000,1.0000,0.1112,0.2100,0.3614
133,6,3.0881,-0.1605,0.4265,0.9999,-0.0160,0.0000,0.0160,0.9999,0.0000,0.0000,0.0000,1.0000,0.1972,0.1336,0.1265
133,7,3.1971,-0.1539,0.4491,0.9999,-0.0160,0.0000,0.0160,0.9999,0.0000,0.0000,0.0000,1.0000,0.1624,0.1625,0.0548
133,8,3.2252,-0.1111,0.4472,0.9999,-0.0160,0.0000,0.0160,0.9999,0.0000,0.0000,0.0000,1.0000,0.0831,0.2046,0.1050
133,9,3.2565,-0.0453,0.4544,0.9999,-0.0160,0.0000,0.0160,0.9999,0.0000,0.0000,0.0000,1.0000,0.0210,0.0279,0.0569
133,10,3.2995,-0.1059,0.4546,0.9999,-0.0160,0.0000,0.0160,0.9999,0.0000,0.0000,0.0000,1.0000,0.0210,0.0279,0.0569
134,0,2.9969,-0.0351,0.4400,0.9998,-0.0183,0.0000,0.0183,0.9998,0.0000,0.0000,0.0000,1.0000,0.2577,0.2263,0.1400
134,1,3.0051,-0.0324,0.6052,0.9998,-0.0183,0.0000,0.0183,0.9998,0.0000,0.0000,0.0000,1.0000,0.1100,0.2168,0.3052
134,2,3.0798,-0.0940,0.5173,0.9998,-0.0183,0.0000,0.0183,0.9998,0.0000,0.0000,0.0000,1.0000,0.1101,0.3070,0.2173
134,3,3.0990,-0.2711,0.5889,0.9998,-0.0183,0.0000,0.0183,0.9998,0.0000,0.0000,0.0000,1.0000,0.2836,0.2073,0.2889
134,4,3.2162,-0.3198,0.5062,0.9998,-0.0183,0.0000,0.0183,0.9998,0.0000,0.0000,0.0000,1.0000,0.2820,0.2947,0.2062
134,5,3.3863,-0.1861,0.6614,0.9998,-0.0183,0.0000,0.0183,0.9998,0.0000,0.0000,0.0000,1.0000,0.1112,0.2100,0.3614
134,6,3.4796,-0.1683,0.4265,0.9998,-0.0183,0.0000,0.0183,0.9998,0.0000,0.0000,0.0000,1.0000,0.1972,0.1336,0.1265
134,7,3.5887,-0.1619,0.4491,0.9998,-0.0183,0.0000,0.0183,0.9998,0.0000,0.0000,0.0000,1.0000,0.1624,0.1625,0.0548
134,8,3.6169,-0.1192,0.4472,0.9998,-0.0183,0.0000,0.0183,0.9998,0.0000,0.0000,0.0000,1.0000,0.0831,0.2046,0.1050
134,9,3.6484,-0.0534,0.4544,0.9998,-0.0183,0.0000,0.0183,0.9998,0.0000,0.0000,0.0000,1.0000,0.0210,0.0279,0.0569
134,10,3.6912,-0.1141,0.4546,0.9998,-0.0183,0.0000,0.0183,0.9998,0.0000,0.0000,0.0000,1.0000,0.0210,0.0279,0.0569
135,0,3.3746,-0.0423,0.4400,0.9998,-0.0203,0.0000,0.0203,0.9998,0.0000,0.0000,0.0000,1.0000,0.2577,0.2263,0.1400
135,1,3.3828,-0.0396,0.6052,0.9998,-0.0203,0.0000,0.0203,0.9998,0.0000,0.0000,0.0000,1.0000,0.1100,0.2168,0.3052
135,2,3.4575,-0.1014,0.5173,0.9998,-0.0203,0.0000,0.0203,0.9998,0.0000,0.0000,0.0000,1.0000,0.1101,0.3070,0.2173
135,3,3.4763,-0.2785,0.5889,0.9998,-0.0203,0.0000,0.0203,0.9998,0.0000,0.0000,0.0000,1.0000,0.2836,0.2073,0.2889
135,4,3.5934,-0.3274,0.5062,0.9998,-0.0203,0.0000,0.0203,0.9998,0.0000,0.0000,0.0000,1.0000,0.2820,0.2947,0.2062
135,5,3.7637,-0.1941,0.6614,0.9998,-0.0203,0.0000,0.0203,0.9998,0.0000,0.0000,0.0000,1.0000,0.1112,0.2100,0.3614
135,6,3.8571,-0.1765,0.4265,0.9998,-0.0203,0.0000,0.0203,0.9998,0.0000,0.0000,0.0000,1.0000,0.1972,0.1336,0.1265
135,7,3.9662,-0.1703,0.4491,0.9998,-0.0203,0.0000,0.0203,0.9998,0.0000,0.0000,0.0000,1.0000,0.1624,0.1625,0.0548
135,8,3.9944,-0.1276,0.4472,0.9998,-0.0203,0.0000,0.0203,0.9998,0.0000,0.0000,0.0000,1.0000,0.0831,0.2046,0.1050
135,9,4.0261,-0.0620,0.4544,0.9998,-0.0203,0.0000,0.0203,0.9998,0.0000,0.0000,0.0000,1.0000,0.0210,0.0279,0.0569
135,10,4.0688,-0.1228,0.4546,0.9998,-0.0203,0.0000,0.0203,0.9998,0.0000,0.0000,0.0000,1.0000,0.0210,0.0279,0.0569
136,0,3.7373,-0.0500,0.4400,0.9998,-0.0222,0.0000,0.0222,0.9998,0.0000,0.0000,0.0000,1.0000,0.2577,0.2263,0.1400
136,1,3.7454,-0.0472,0.6052,0.9998,-0.0222,0.0000,0.0222,0.9998,0.0000,0.0000,0.0000,1.0000,0.1100,0.2168,0.3052
136,2,3.8200,-0.1092,0.5173,0.9998,-0.0222,0.0000,0.0222,0.9998,0.0000,0.0000,0.0000,1.0000,0.1101,0.3070,0.2173
136,3,3.8384,-0.2864,0.5889,0.9998,-0.0222,0.0000,0.0222,0.9998,0.0000,0.0000,0.0000,1.0000,0.2836,0.2073,0.2889
136,4,3.9555,-0.3355,0.5062,0.9998,-0.0222,0.0000,0.0222,0.9998,0.0000,0.0000,0.0000,1.0000,0.2820,0.2947,0.2062
136,5,4.1261,-0.2024,0.6614,0.9998,-0.0222,0.0000,0.0222,0.9998,0.0000,0.0000,0.0000,1.0000,0.1112,0.2100,0.3614
136,6,4.2195,-0.1850,0.4265,0.9998,-0.0222,0.0000,0.0222,0.9998,0.0000,0.0000,0.0000,1.0000,0.1972,0.1336,0.1265
136,7,4.3286,-0.1790,0.4491,0.9998,-0.0222,0.0000,0.0222,0.9998,0.0000,0.0000,0.0000,1.0000,0.1624,0.1625,0.0548
136,8,4.3569,-0.1364,0.4472,0.9998,-0.0222,0.0000,0.0222,0.9998,0.0000,0.0000,0.0000,1.0000,0.0831,0.2046,0.1050
136,9,4.3887,-0.0708,0.4544,0.9998,-0.0222,0.0000,0.0222,0.9998,0.0000,0.0000,0.0000,1.0000,0.0210,0.0279,0.0569
136,10,4.4312,-0.1317,0.4546,0.9998,-0.0222,0.0000,0.0222,0.9998,0.0000,0.0000,0.0000,1.0000,0.0210,0.0279,0.0569
137,0,4.0840,-0.0579,0.4400,0.9997,-0.0240,0.0000,0.0240,0.9997,0.0000,0.0000,0.0000,1.0000,0.2577,0.2263,0.1400
137,1,4.0922,-0.0552,0.6052,0.9997,-0.0240,0.0000,0.0240,0.9997,0.0000,0.0000,0.0000,1.0000,0.1100,0.2168,0.3052
137,2,4.1666,-0.1173,0.5173,0.9997,-0.0240,0.0000,0.0240,0.9997,0.0000,0.0000,0.0000,1.0000,0.1101,0.3070,0.2173
137,3,4.1848,-0.2945,0.5889,0.9997,-0.0240,0.0000,0.0240,0.9997,0.0000,0.0000,0.0000,1.0000,0.2836,0.2073,0.2889
137,4,4.3017,-0.3438,0.5062,0.9997,-0.0240,0.0000,0.0240,0.9997,0.0000,0.0000,0.0000,1.0000,0.2820,0.2947,0.2062
137,5,4.4725,-0.2111,0.6614,0.9997,-0.0240,0.0000,0.0240,0.9997,0.0000,0.0000,0.0000,1.0000,0.1112,0.2100,0.3614
137,6,4.5660,-0.1938,0.4265,0.9997,-0.0240,0.0000,0.0240,0.9997,0.0000,0.0000,0.0000,1.0000,0.1972,0.1336,0.1265
137,7,4.6751,-0.1880,0.4491,0.9997,-0.0240,0.0000,0.0240,0.9997,0.0000,0.0000,0.0000,1.0000,0.1624,0.1625,0.0548
137,8,4.7035,-0.1455,0.4472,0.9997,-0.0240,0.0000,0.0240,0.9997,0.0000,0.0000,0.0000,1.0000,0.0831,0.2046,0.1050
137,9,4.7354,-0.0799,0.4544,0.9997,-0.0240,0.0000,0.0240,0.9997,0.0000,0.0000,0.0000,1.0000,0.0210,0.0279,0.0569
137,10,4.7778,-0.1409,0.4546,0.9997,-0.0240,0.0000,0.0240,0.9997,0.0000,0.0000,0.0000,1.0000,0.0210,0.0279,0.0569
138,0,4.4147,-0.0660,0.4400,0.9997,-0.0256,0.0000,0.0256,0.9997,0.0000,0.0000,0.0000,1.0000,0.2577,0.2263,0.1400
138,1,4.4229,-0.0633,0.6052,0.9997,-0.0256,0.0000,0.0256,0.9997,0.0000,0.0000,0.0000,1.0000,0.1100,0.2168,0.3052
138,2,4.4972,-0.1256,0.5173,0.9997,-0.0256,0.0000,0.0256,0.9997,0.0000,0.0000,0.0000,1.0000,0.1101,0.3070,0.2173
138,3,4.5151,-0.3028,0.5889,0.9997,-0.0256,0.0000,0.0256,0.9997,0.0000,0.0000,0.0000,1.0000,0.2836,0.2073,0.2889
138,4,4.6319,-0.3523,0.5062,0.9997,-0.0256,0.0000,0.0256,0.9997,0.0000,0.0000,0.0000,1.0000,0.2820,0.2947,0.2062
138,5,4.8030,-0.2198,0.6614,0.9997,-0.0256,0.0000,0.0256,0.9997,0.0000,0.0000,0.0000,1.0000,0.1112,0.2100,0.3614
138,6,4.8965,-0.2027,0.4265,0.9997,-0.0256,0.0000,0.0256,0.9997,0.0000,0.0000,0.0000,1.0000,0.1972,0.1336,0.1265
138,7,5.0055,-0.1971,0.4491,0.9997,-0.0256,0.0000,0.0256,0.9997,0.0000,0.0000,0.0000,1.0000,0.1624,0.1625,0.0548
138,8,5.0340,-0.1546,0.4472,0.9997,-0.0256,0.0000,0.0256,0.9997,0.0000,0.0000,0.0000,1.0000,0.0831,0.2046,0.1050
138,9,5.0660,-0.0891,0.4544,0.9997,-0.0256,0.0000,0.0256,0.9997,0.0000,0.0000,0.0000,1.0000,0.0210,0.0279,0.0569
138,10,5.1084,-0.1501,0.4546,0.9997,-0.0256,0.0000,0.0256,0.9997,0.0000,0.0000,0.0000,1.0000,0.0210,0.0279,0.0569
139,0,4.7298,-0.0742,0.4400,0.9996,-0.0269,0.0000,0.0269,0.9996,0.0000,0.0000,0.0000,1.0000,0.2577,0.2263,0.1400
139,1,4.7379,-0.0716,0.6052,0.9996,-0.0269,0.0000,0.0269,0.9996,0.0000,0.0000,0.0000,1.0000,0.1100,0.2168,0.3052
139,2,4.8122,-0.1339,0.5173,0.9996,-0.0269,0.0000,0.0269,0.9996,0.0000,0.0000,0.0000,1.0000,0.1101,0.3070,0.2173
139,3,4.8298,-0.3111,0.5889,0.9996,-0.0269,0.0000,0.0269,0.9996,0.0000,0.0000,0.0000,1.0000,0.2836,0.2073,0.2889
139,4,4.9466,-0.3608,0.5062,0.9996,-0.0269,0.0000,0.0269,0.9996,0.0000,0.0000,0.0000,1.0000,0.2820,0.2947,0.2062
139,5,5.1178,-0.2286,0.6614,0.9996,-0.0269,0.0000,0.0269,0.9996,0.0000,0.0000,0.0000,1.0000,0.1112,0.2100,0.3614
139,6,5.2113,-0.2116,0.4265,0.9996,-0.0269,0.0000,0.0269,0.9996,0.0000,0.0000,0.0000,1.0000,0.1972,0.1336,0.1265
139,7,5.3204,-0.2061,0.4491,0.9996,-0.0269,0.0000,0.0269,0.9996,0.0000,0.0000,0.0000,1.0000,0.1624,0.1625,0.0548
139,8,5.3490,-0.1637,0.4472,0.9996,-0.0269,0.0000,0.0269,0.9996,0.0000,0.0000,0.0000,1.0000,0.0831,0.2046,0.1050
139,9,5.3811,-0.0982,0.4544,0.9996,-0.0269,0.0000,0.0269,0.9996,0.0000,0.0000,0.0000,1.0000,0.0210,0.0279,0.0569
139,10,5.4233,-0.1593,0.4546,0.9996,-0.0269,0.0000,0.0269,0.9996,0.0000,0.0000,0.0000,1.0000,0.0210,0.0279,0.0569
140,0,5.0298,-0.0825,0.4400,0.9996,-0.0282,0.0000,0.0282,0.9996,0.0000,0.0000,0.0000,1.0000,0.2577,0.2263,0.1400
140,1,5.0380,-0.0798,0.6052,0.9996,-0.0282,0.0000,0.0282,0.9996,0.0000,0.0000,0.0000,1.0000,0.1100,0.2168,0.3052
140,2,5.1122,-0.1422,0.5173,0.9996,-0.0282,0.0000,0.0282,0.9996,0.0000,0.0000,0.0000,1.0000,0.1101,0.3070,0.2173
140,3,5.1296,-0.3195,0.5889,0.9996,-0.0282,0.0000,0.0282,0.9996,0.0000,0.0000,0.0000,1.0000,0.2836,0.2073,0.2889
140,4,5.2464,-0.3693,0.5062,0.9996,-0.0282,0.0000,0.0282,0.9996,0.0000,0.0000,0.0000,1.0000,0.2820,0.2947,0.2062
140,5,5.4177,-0.2372,0.6614,0.9996,-0.0282,0.0000,0.0282,0.9996,0.0000,0.0000,0.0000,1.0000,0.1112,0.2100,0.3614
140,6,5.5113,-0.2204,0.4265,0.9996,-0.0282,0.0000,0.0282,0.9996,0.0000,0.0000,0.0000,1.0000,0.1972,0.1336,0.1265
140,7,5.6203,-0.2150,0.4491,0.9996,-0.0282,0.0000,0.0282,0.9996,0.0000,0.0000,0.0000,1.0000,0.1624,0.1625,0.0548
140,8,5.6490,-0.1726,0.4472,0.9996,-0.0282,0.0000,0.0282,0.9996,0.0000,0.0000,0.0000,1.0000,0.0831,0.2046,0.1050
140,9,5.6811,-0.1072,0.4544,0.9996,-0.0282,0.0000,0.0282,0.9996,0.0000,0.0000,0.0000,1.0000,0.0210,0.0279,0.0569
140,10,5.7233,-0.1683,0.4546,0.9996,-0.0282,0.0000,0.0282,0.9996,0.0000,0.0000,0.0000,1.0000,0.0210,0.0279,0.0569
141,0,5.3153,-0.0906,0.4400,0.9996,-0.0293,0.0000,0.0293,0.9996,0.0000,0.0000,0.0000,1.0000,0.2577,0.2263,0.1400
141,1,5.3235,-0.0880,0.6052,0.9996,-0.0293,0.0000,0.0293,0.9996,0.0000,0.0000,0.0000,1.0000,0.1100,0.2168,0.3052
141,2,5.3976,-0.1504,0.5173,0.9996,-0.0293,0.0000,0.0293,0.9996,0.0000,0.0000,0.0000,1.0000,0.1101,0.3070,0.2173
141,3,5.4148,-0.3277,0.5889,0.9996,-0.0293,0.0000,0.0293,0.9996,0.0000,0.0000,0.0000,1.0000,0.2836,0.2073,0.2889
141,4,5.5315,-0.3777,0.5062,0.9996,-0.0293,0.0000,0.0293,0.9996,0.0000,0.0000,0.0000,1.0000,0.2820,0.2947,0.2062
141,5,5.7030,-0.2458,0.6614,0.9996,-0.0293,0.0000,0.0293,0.9996,0.0000,0.0000,0.0000,1.0000,0.1112,0.2100,0.3614
141,6,5.7965,-0.2291,0.4265,0.9996,-0.0293,0.0000,0.0293,0.9996,0.0000,0.0000,0.0000,1.0000,0.1972,0.1336,0.1265
141,7,5.9056,-0.2239,0.4491,0.9996,-0.0293,0.0000,0.0293,0.9996,0.0000,0.0000,0.0000,1.0000,0.1624,0.1625,0.0548
141,8,5.9343,-0.1815,0.4472,0.9996,-0.0293,0.0000,0.0293,0.9996,0.0000,0.0000,0.0000,1.0000,0.0831,0.2046,0.1050
141,9,5.9665,-0.1161,0.4544,0.9996,-0.0293,0.0000,0.0293,0.9996,0.0000,0.0000,0.0000,1.0000,0.0210,0.0279,0.0569
141,10,6.0087,-0.1773,0.4546,0.9996,-0.0293,0.0000,0.0293,0.9996,0.0000,0.0000,0.0000,1.0000,0.0210,0.0279,0.0569
142,0,5.5862,-0.0986,0.4400,0.9995,-0.0304,0.0000,0.0304,0.9995,0.0000,0.0000,0.0000,1.0000,0.2577,0.2263,0.1400
142,1,5.5943,-0.0960,0.6052,0.9995,-0.0304,0.0000,0.0304,0.9995,0.0000,0.0000,0.0000,1.0000,0.1100,0.2168,0.3052
142,2,5.6684,-0.1586,0.5173,0.9995,-0.0304,0.0000,0.0304,0.9995,0.0000,0.0000,0.0000,1.0000,0.1101,0.3070,0.2173
142,3,5.6854,-0.3359,0.5889,0.9995,-0.0304,0.0000,0.0304,0.9995,0.0000,0.0000,0.0000,1.0000,0.2836,0.2073,0.2889
142,4,5.8020,-0.3859,0.5062,0.9995,-0.0304,0.0000,0.0304,0.9995,0.0000,0.0000,0.0000,1.0000,0.2820,0.2947,0.2062
142,5,5.9737,-0.2543,0.6614,0.9995,-0.0304,0.0000,0.0304,0.9995,0.0000,0.0000,0.0000,1.0000,0.1112,0.2100,0.3614
142,6,6.0673,-0.2376,0.4265,0.9995,-0.0304,0.0000,0.0304,0.9995,0.0000,0.0000,0.0000,1.0000,0.1972,0.1336,0.1265
142,7,6.1764,-0.2325,0.4491,0.9995,-0.0304,0.0000,0.0304,0.9995,0.0000,0.0000,0.0000,1.0000,0.1624,0.1625,0.0548
142,8,6.2051,-0.1902,0.4472,0.9995,-0.0304,0.0000,0.0304,0.9995,0.0000,0.0000,0.0000,1.0000,0.0831,0.2046,0.1050
142,9,6.2374,-0.1248,0.4544,0.9995,-0.0304,0.0000,0.0304,0.9995,0.0000,0.0000,0.0000,1.0000,0.0210,0.0279,0.0569
142,10,6.2794,-0.1860,0.4546,0.9995,-0.0304,0.0000,0.0304,0.9995,0.0000,0.0000,0.0000,1.0000,0.0210,0.0279,0.0569
143,0,5.8426,-0.1065,0.4400,0.9995,-0.0315,0.0000,0.0315,0.9995,0.0000,0.0000,0.0000,1.0000,0.2577,0.2263,0.1400
143,1,5.8508,-0.1039,0.6052,0.9995,-0.0315,0.0000,0.0315,0.9995,0.0000,0.0000,0.0000,1.0000,0.1100,0.2168,0.3052
143,2,5.9248,-0.1665,0.5173,0.9995,-0.0315,0.0000,0.0315,0.9995,0.0000,0.0000,0.0000,1.0000,0.1101,0.3070,0.2173
143,3,5.9416,-0.3439,0.5889,0.9995,-0.0315,0.0000,0.0315,0.9995,0.0000,0.0000,0.0000,1.0000,0.2836,0.2073,0.2889
143,4,6.0582,-0.3941,0.5062,0.9995,-0.0315,0.0000,0.0315,0.9995,0.0000,0.0000,0.0000,1.0000,0.2820,0.2947,0.2062
143,5,6.2300,-0.2626,0.6614,0.9995,-0.0315,0.0000,0.0315,0.9995,0.0000,0.0000,0.0000,1.0000,0.1112,0.2100,0.3614
143,6,6.3236,-0.2460,0.4265,0.9995,-0.0315,0.0000,0.0315,0.9995,0.0000,0.0000,0.0000,1.0000,0.1972,0.1336,0.1265
143,7,6.4327,-0.2411,0.4491,0.9995,-0.0315,0.0000,0.0315,0.9995,0.0000,0.0000,0.0000,1.0000,0.1624,0.1625,0.0548
143,8,6.4614,-0.1988,0.4472,0.9995,-0.0315,0.0000,0.0315,0.9995,0.0000,0.0000,0.0000,1.0000,0.0831,0.2046,0.1050
143,9,6.4938,-0.1334,0.4544,0.9995,-0.0315,0.0000,0.0315,0.9995,0.0000,0.0000,0.0000,1.0000,0.0210,0.0279,0.0569
143,10,6.5358,-0.1947,0.4546,0.9995,-0.0315,0.0000,0.0315,0.9995,0.0000,0.0000,0.0000,1.0000,0.0210,0.0279,0.0569
144,0,6.0851,-0.1142,0.4400,0.9995,-0.0325,0.0000,0.0325,0.9995,0.0000,0.0000,0.0000,1.0000,0.2577,0.2263,0.1400
144,1,6.0932,-0.1116,0.6052,0.9995,-0.0325,0.0000,0.0325,0.9995,0.0000,0.0000,0.0000,1.0000,0.1100,0.2168,0.3052
144,2,6.1672,-0.1743,0.5173,0.9995,-0.0325,0.0000,0.0325,0.9995,0.0000,0.0000,0.0000,1.0000,0.1101,0.3070,0.2173
144,3,6.1838,-0.3517,0.5889,0.9995,-0.0325,0.0000,0.0325,0.9995,0.0000,0.0000,0.0000,1.0000,0.2836,0.2073,0.2889
144,4,6.3003,-0.4020,0.5062,0.9995,-0.0325,0.0000,0.0325,0.9995,0.0000,0.0000,0.0000,1.0000,0.2820,0.2947,0.2062
144,5,6.4723,-0.2707,0.6614,0.9995,-0.0325,0.0000,0.0325,0.9995,0.0000,0.0000,0.0000,1.0000,0.1112,0.2100,0.3614
144,6,6.5659,-0.2542,0.4265,0.9995,-0.0325,0.0000,0.0325,0.9995,0.0000,0.0000,0.0000,1.0000,0.1972,0.1336,0.1265
144,7,6.6750,-0.2494,0.4491,0.9995,-0.0325,0.0000,0.0325,0.9995,0.0000,0.0000,0.0000,1.0000,0.1624,0.1625,0.0548
144,8,6.7038,-0.2071,0.4472,0.9995,-0.0325,0.0000,0.0325,0.9995,0.0000,0.0000,0.0000,1.0000,0.0831,0.2046,0.1050
144,9,6.7362,-0.1418,0.4544,0.9995,-0.0325,0.0000,0.0325,0.9995,0.0000,0.0000,0.0000,1.0000,0.0210,0.0279,0.0569
144,10,6.7781,-0.2031,0.4546,0.9995,-0.0325,0.0000,0.0325,0.9995,0.0000,0.0000,0.0000,1.0000,0.0210,0.0279,0.0569
145,0,6.3136,-0.1217,0.4400,0.9994,-0.0335,0.0000,0.0335,0.9994,0.0000,0.0000,0.0000,1.0000,0.2577,0.2263,0.1400
145,1,6.3218,-0.1191,0.6052,0.9994,-0.0335,0.0000,0.0335,0.9994,0.0000,0.0000,0.0000,1.0000,0.1100,0.2168,0.3052
145,2,6.3956,-0.1819,0.5173,0.9994,-0.0335,0.0000,0.0335,0.9994,0.0000,0.0000,0.0000,1.0000,0.1101,0.3070,0.2173
145,3,6.4121,-0.3593,0.5889,0.9994,-0.0335,0.0000,0.0335,0.9994,0.0000,0.0000,0.0000,1.0000,0.2836,0.2073,0.2889
145,4,6.5286,-0.4097,0.5062,0.9994,-0.0335,0.0000,0.0335,0.9994,0.0000,0.0000,0.0000,1.0000,0.2820,0.2947,0.2062
145,5,6.7007,-0.2786,0.6614,0.9994,-0.0335,0.0000,0.0335,0.9994,0.0000,0.0000,0.0000,1.0000,0.1112,0.2100,0.3614
145,6,6.7943,-0.2622,0.4265,0.9994,-0.0335,0.0000,0.0335,0.9994,0.0000,0.0000,0.0000,1.0000,0.1972,0.1336,0.1265
145,7,6.9034,-0.2575,0.4491,0.9994,-0.0335,0.0000,0.0335,0.9994,0.0000,0.0000,0.0000,1.0000,0.1624,0.1625,0.0548
145,8,6.9322,-0.2153,0.4472,0.9994,-0.0335,0.0000,0.0335,0.9994,0.0000,0.0000,0.0000,1.0000,0.0831,0.2046,0.1050
145,9,6.9647,-0.1500,0.4544,0.9994,-0.0335,0.0000,0.0335,0.9994,0.0000,0.0000,0.0000,1.0000,0.0210,0.0279,0.0569
145,10,7.0066,-0.2113,0.4546,0.9994,-0.0335,0.0000,0.0335,0.9994,0.0000,0.0000,0.0000,1.0000,0.0210,0.0279,0.0569
146,0,6.5285,-0.1290,0.4400,0.9994,-0.0348,0.0000,0.0348,0.9994,0.0000,0.0000,0.0000,1.0000,0.2577,0.2263,0.1400
146,1,6.5367,-0.1264,0.6052,0.9994,-0.0348,0.0000,0.0348,0.9994,0.0000,0.0000,0.0000,1.0000,0.1100,0.2168,0.3052
146,2,6.6105,-0.1893,0.5173,0.9994,-0.0348,0.0000,0.0348,0.9994,0.0000,0.0000,0.0000,1.0000,0.1101,0.3070,0.2173
146,3,6.6267,-0.3667,0.5889,0.9994,-0.0348,0.0000,0.0348,0.9994,0.0000,0.0000,0.0000,1.0000,0.2836,0.2073,0.2889
146,4,6.7431,-0.4173,0.5062,0.9994,-0.0348,0.0000,0.0348,0.9994,0.0000,0.0000,0.0000,1.0000,0.2820,0.2947,0.2062
146,5,6.9154,-0.2864,0.6614,0.9994,-0.0348,0.0000,0.0348,0.9994,0.0000,0.0000,0.0000,1.0000,0.1112,0.2100,0.3614
146,6,7.0090,-0.2701,0.4265,0.9994,-0.0348,0.0000,0.0348,0.9994,0.0000,0.0000,0.0000,1.0000,0.1972,0.1336,0.1265
146,7,7.1181,-0.2655,0.4491,0.9994,-0.0348,0.0000,0.0348,0.9994,0.0000,0.0000,0.0000,1.0000,0.1624,0.1625,0.0548
146,8,7.1470,-0.2233,0.4472,0.9994,-0.0348,0.0000,0.0348,0.9994,0.0000,0.0000,0.0000,1.0000,0.0831,0.2046,0.1050
146,9,7.1796,-0.1581,0.4544,0.9994,-0.0348,0.0000,0.0348,0.9994,0.0000,0.0000,0.0000,1.0000,0.0210,0.0279,0.0569
146,10,7.2214,-0.2195,0.4546,0.9994,-0.0348,0.0000,0.0348,0.9994,0.0000,0.0000,0.0000,1.0000,0.0210,0.0279,0.0569
147,0,6.7300,-0.1361,0.4400,0.9994,-0.0360,0.0000,0.0360,0.9994,0.0000,0.0000,0.0000,1.0000,0.2577,0.2263,0.1400
147,1,6.7382,-0.1335,0.6052,0.9994,-0.0360,0.0000,0.0360,0.9994,0.0000,0.0000,0.0000,1.0000,0.1100,0.2168,0.3052
147,2,6.8119,-0.1965,0.5173,0.9994,-0.0360,0.0000,0.0360,0.9994,0.0000,0.0000,0.0000,1.0000,0.1101,0.3070,0.2173
147,3,6.8279,-0.3739,0.5889,0.9994,-0.0360,0.0000,0.0360,0.9994,0.0000,0.0000,0.0000,1.0000,0.2836,0.2073,0.2889
147,4,6.9443,-0.4246,0.5062,0.9994,-0.0360,0.0000,0.0360,0.9994,0.0000,0.0000,0.0000,1.0000,0.2820,0.2947,0.2062
147,5,7.1167,-0.2940,0.6614,0.9994,-0.0360,0.0000,0.0360,0.9994,0.0000,0.0000,0.0000,1.0000,0.1112,0.2100,0.3614
147,6,7.2103,-0.2778,0.4265,0.9994,-0.0360,0.0000,0.0360,0.9994,0.0000,0.0000,0.0000,1.0000,0.1972,0.1336,0.1265
147,7,7.3195,-0.2733,0.4491,0.9994,-0.0360,0.0000,0.0360,0.9994,0.0000,0.0000,0.0000,1.0000,0.1624,0.1625,0.0548
147,8,7.3484,-0.2312,0.4472,0.9994,-0.0360,0.0000,0.0360,0.9994,0.0000,0.0000,0.0000,1.0000,0.0831,0.2046,0.1050
147,9,7.3811,-0.1660,0.4544,0.9994,-0.0360,0.0000,0.0360,0.9994,0.0000,0.0000,0.0000,1.0000,0.0210,0.0279,0.0569
147,10,7.4228,-0.2274,0.4546,0.9994,-0.0360,0.0000,0.0360,0.9994,0.0000,0.0000,0.0000,1.0000,0.0210,0.0279,0.0569
148,0,6.9181,-0.1430,0.4400,0.9993,-0.0374,0.0000,0.0374,0.9993,0.0000,0.0000,0.0000,1.0000,0.2577,0.2263,0.1400
148,1,6.9263,-0.1404,0.6052,0.9993,-0.0374,0.0000,0.0374,0.9993,0.0000,0.0000,0.0000,1.0000,0.1100,0.2168,0.3052
148,2,6.9999,-0.2035,0.5173,0.9993,-0.0374,0.0000,0.0374,0.9993,0.0000,0.0000,0.0000,1.0000,0.1101,0.3070,0.2173
148,3,7.0157,-0.3809,0.5889,0.9993,-0.0374,0.0000,0.0374,0.9993,0.0000,0.0000,0.0000,1.0000,0.2836,0.2073,0.2889
148,4,7.1320,-0.4318,0.5062,0.9993,-0.0374,0.0000,0.0374,0.9993,0.0000,0.0000,0.0000,1.0000,0.2820,0.2947,0.2062
148,5,7.3046,-0.3013,0.6614,0.9993,-0.0374,0.0000,0.0374,0.9993,0.0000,0.0000,0.0000,1.0000,0.1112,0.2100,0.3614
148,6,7.3982,-0.2853,0.4265,0.9993,-0.0374,0.0000,0.0374,0.9993,0.0000,0.0000,0.0000,1.0000,0.1972,0.1336,0.1265
148,7,7.5074,-0.2810,0.4491,0.9993,-0.0374,0.0000,0.0374,0.9993,0.0000,0.0000,0.0000,1.0000,0.1624,0.1625,0.0548
148,8,7.5364,-0.2389,0.4472,0.9993,-0.0374,0.0000,0.0374,0.9993,0.0000,0.0000,0.0000,1.0000,0.0831,0.2046,0.1050
148,9,7.5691,-0.1737,0.4544,0.9993,-0.0374,0.0000,0.0374,0.9993,0.0000,0.0000,0.0000,1.0000,0.0210,0.0279,0.0569
148,10,7.6107,-0.2352,0.4546,0.9993,-0.0374,0.0000,0.0374,0.9993,0.0000,0.0000,0.0000,1.0000,0.0210,0.0279,0.0569
149,0,7.0927,-0.1496,0.4400,0.9992,-0.0388,0.0000,0.0388,0.9992,0.0000,0.0000,0.0000,1.0000,0.2577,0.2263,0.1400
149,1,7.1009,-0.1470,0.6052,0.9992,-0.0388,0.0000,0.0388,0.9992,0.0000,0.0000,0.0000,1.0000,0.1100,0.2168,0.3052
149,2,7.1744,-0.2102,0.5173,0.9992,-0.0388,0.0000,0.0388,0.9992,0.0000,0.0000,0.0000,1.0000,0.1101,0.3070,0.2173
149,3,7.1899,-0.3876,0.5889,0.9992,-0.0388,0.0000,0.0388,0.9992,0.0000,0.0000,0.0000,1.0000,0.2836,0.2073,0.2889
149,4,7.3061,-0.4387,0.5062,0.9992,-0.0388,0.0000,0.0388,0.9992,0.0000,0.0000,0.0000,1.0000,0.2820,0.2947,0.2062
149,5,7.4789,-0.3085,0.6614,0.9992,-0.0388,0.0000,0.0388,0.9992,0.0000,0.0000,0.0000,1.0000,0.1112,0.2100,0.3614
149,6,7.5726,-0.2926,0.4265,0.9992,-0.0388,0.0000,0.0388,0.9992,0.0000,0.0000,0.0000,1.0000,0.1972,0.1336,0.1265
149,7,7.6818,-0.2885,0.4491,0.9992,-0.0388,0.0000,0.0388,0.9992,0.0000,0.0000,0.0000,1.0000,0.1624,0.1625,0.0548
149,8,7.7108,-0.2463,0.4472,0.9992,-0.0388,0.0000,0.0388,0.9992,0.0000,0.0000,0.0000,1.0000,0.0831,0.2046,0.1050
149,9,7.7437,-0.1813,0.4544,0.9992,-0.0388,0.0000,0.0388,0.9992,0.0000,0.0000,0.0000,1.0000,0.0210,0.0279,0.0569
149,10,7.7852,-0.2428,0.4546,0.9992,-0.0388,0.0000,0.0388,0.9992,0.0000,0.0000,0.0000,1.0000,0.0210,0.0279,0.0569
150,0,7.2540,-0.1559,0.4400,0.9992,-0.0403,0.0000,0.0403,0.9992,0.0000,0.0000,0.0000,1.0000,0.2577,0.2263,0.1400
150,1,7.2622,-0.1533,0.6052,0.9992,-0.0403,0.0000,0.0403,0.9992,0.0000,0.0000,0.0000,1.0000,0.1100,0.2168,0.3052
150,2,7.3356,-0.2166,0.5173,0.9992,-0.0403,0.0000,0.0403,0.9992,0.0000,0.0000,0.0000,1.0000,0.1101,0.3070,0.2173
150,3,7.3508,-0.3941,0.5889,0.9992,-0.0403,0.0000,0.0403,0.9992,0.0000,0.0000,0.0000,1.0000,0.2836,0.2073,0.2889
150,4,7.4670,-0.4453,0.5062,0.9992,-0.0403,0.0000,0.0403,0.9992,0.0000,0.0000,0.0000,1.0000,0.2820,0.2947,0.2062
150,5,7.6400,-0.3154,0.6614,0.9992,-0.0403,0.0000,0.0403,0.9992,0.0000,0.0000,0.0000,1.0000,0.1112,0.2100,0.3614
150,6,7.7337,-0.2996,0.4265,0.9992,-0.0403,0.0000,0.0403,0.9992,0.0000,0.0000,0.0000,1.0000,0.1972,0.1336,0.1265
150,7,7.8428,-0.2956,0.4491,0.9992,-0.0403,0.0000,0.0403,0.9992,0.0000,0.0000,0.0000,1.0000,0.1624,0.1625,0.0548
150,8,7.8719,-0.2536,0.4472,0.9992,-0.0403,0.0000,0.0403,0.9992,0.0000,0.0000,0.0000,1.0000,0.0831,0.2046,0.1050
150,9,7.9049,-0.1885,0.4544,0.9992,-0.0403,0.0000,0.0403,0.9992,0.0000,0.0000,0.0000,1.0000,0.0210,0.0279,0.0569
150,10,7.9463,-0.2502,0.4546,0.9992,-0.0403,0.0000,0.0403,0.9992,0.0000,0.0000,0.0000,1.0000,0.0210,0.0279,0.0569
151,0,7.4023,-0.1619,0.4400,0.9991,-0.0418,0.0000,0.0418,0.9991,0.0000,0.0000,0.0000,1.0000,0.2577,0.2263,0.1400
151,1,7.4105,-0.1594,0.6052,0.9991,-0.0418,0.0000,0.0418,0.9991,0.0000,0.0000,0.0000,1.0000,0.1100,0.2168,0.3052
151,2,7.4839,-0.2228,0.5173,0.9991,-0.0418,0.0000,0.0418,0.9991,0.0000,0.0000,0.0000,1.0000,0.1101,0.3070,0.2173
151,3,7.4989,-0.4003,0.5889,0.9991,-0.0418,0.0000,0.0418,0.9991,0.0000,0.0000,0.0000,1.0000,0.2836,0.2073,0.2889
151,4,7.6149,-0.4517,0.5062,0.9991,-0.0418,0.0000,0.0418,0.9991,0.0000,0.0000,0.0000,1.0000,0.2820,0.2947,0.2062
151,5,7.7881,-0.3220,0.6614,0.9991,-0.0418,0.0000,0.0418,0.9991,0.0000,0.0000,0.0000,1.0000,0.1112,0.2100,0.3614
151,6,7.8818,-0.3064,0.4265,0.9991,-0.0418,0.0000,0.0418,0.9991,0.0000,0.0000,0.0000,1.0000,0.1972,0.1336,0.1265
151,7,7.9910,-0.3025,0.4491,0.9991,-0.0418,0.0000,0.0418,0.9991,0.0000,0.0000,0.0000,1.0000,0.1624,0.1625,0.0548
151,8,8.0202,-0.2605,0.4472,0.9991,-0.0418,0.0000,0.0418,0.9991,0.0000,0.0000,0.0000,1.0000,0.0831,0.2046,0.1050
151,9,8.0532,-0.1955,0.4544,0.9991,-0.0418,0.0000,0.0418,0.9991,0.0000,0.0000,0.0000,1.0000,0.0210,0.0279,0.0569
151,10,8.0946,-0.2572,0.4546,0.9991,-0.0418,0.0000,0.0418,0.9991,0.0000,0.0000,0.0000,1.0000,0.0210,0.0279,0.0569
152,0,7.5386,-0.1676,0.4400,0.9991,-0.0432,0.0000,0.0432,0.9991,0.0000,0.0000,0.0000,1.0000,0.2577,0.2263,0.1400
152,1,7.5468,-0.1651,0.6052,0.9991,-0.0432,0.0000,0.0432,0.9991,0.0000,0.0000,0.0000,1.0000,0.1100,0.2168,0.3052
152,2,7.6200,-0.2286,0.5173,0.9991,-0.0432,0.0000,0.0432,0.9991,0.0000,0.0000,0.0000,1.0000,0.1101,0.3070,0.2173
152,3,7.6348,-0.4061,0.5889,0.9991,-0.0432,0.0000,0.0432,0.9991,0.0000,0.0000,0.0000,1.0000,0.2836,0.2073,0.2889
152,4,7.7507,-0.4577,0.5062,0.9991,-0.0432,0.0000,0.0432,0.9991,0.0000,0.0000,0.0000,1.0000,0.2820,0.2947,0.2062
152,5,7.9241,-0.3283,0.6614,0.9991,-0.0432,0.0000,0.0432,0.9991,0.0000,0.0000,0.0000,1.0000,0.1112,0.2100,0.3614
152,6,8.0178,-0.3128,0.4265,0.9991,-0.0432,0.0000,0.0432,0.9991,0.0000,0.0000,0.0000,1.0000,0.1972,0.1336,0.1265
152,7,8.1270,-0.3091,0.4491,0.9991,-0.0432,0.0000,0.0432,0.9991,0.0000,0.0000,0.0000,1.0000,0.1624,0.1625,0.0548
152,8,8.1562,-0.2672,0.4472,0.9991,-0.0432,0.0000,0.0432,0.9991,0.0000,0.0000,0.0000,1.0000,0.0831,0.2046,0.1050
152,9,8.1894,-0.2022,0.4544,0.9991,-0.0432,0.0000,0.0432,0.9991,0.0000,0.0000,0.0000,1.0000,0.0210,0.0279,0.0569
152,10,8.2307,-0.2640,0.4546,0.9991,-0.0432,0.0000,0.0432,0.9991,0.0000,0.0000,0.0000,1.0000,0.0210,0.0279,0.0569
153,0,7.6640,-0.1731,0.4400,0.9990,-0.0447,0.0000,0.0447,0.9990,0.0000,0.0000,0.0000,1.0000,0.2577,0.2263,0.1400
153,1,7.6722,-0.1706,0.6052,0.9990,-0.0447,0.0000,0.0447,0.9990,0.0000,0.0000,0.0000,1.0000,0.1100,0.2168,0.3052
153,2,7.7453,-0.2342,0.5173,0.9990,-0.0447,0.0000,0.0447,0.9990,0.0000,0.0000,0.0000,1.0000,0.1101,0.3070,0.2173
153,3,7.7598,-0.4117,0.5889,0.9990,-0.0447,0.0000,0.0447,0.9990,0.0000,0.0000,0.0000,1.0000,0.2836,0.2073,0.2889
153,4,7.8757,-0.4635,0.5062,0.9990,-0.0447,0.0000,0.0447,0.9990,0.0000,0.0000,0.0000,1.0000,0.2820,0.2947,0.2062
153,5,8.0493,-0.3343,0.6614,0.9990,-0.0447,0.0000,0.0447,0.9990,0.0000,0.0000,0.0000,1.0000,0.1112,0.2100,0.3614
153,6,8.1431,-0.3190,0.4265,0.9990,-0.0447,0.0000,0.0447,0.9990,0.0000,0.0000,0.0000,1.0000,0.1972,0.1336,0.1265
153,7,8.2522,-0.3154,0.4491,0.9990,-0.0447,0.0000,0.0447,0.9990,0.0000,0.0000,0.0000,1.0000,0.1624,0.1625,0.0548
153,8,8.2815,-0.2735,0.4472,0.9990,-0.0447,0.0000,0.0447,0.9990,0.0000,0.0000,0.0000,1.0000,0.0831,0.2046,0.1050
153,9,8.3148,-0.2086,0.4544,0.9990,-0.0447,0.0000,0.0447,0.9990,0.0000,0.0000,0.0000,1.0000,0.0210,0.0279,0.0569
153,10,8.3559,-0.2704,0.4546,0.9990,-0.0447,0.0000,0.0447,0.9990,0.0000,0.0000,0.0000,1.0000,0.0210,0.0279,0.0569
154,0,7.7802,-0.1783,0.4400,0.9989,-0.0461,0.0000,0.0461,0.9989,0.0000,0.0000,0.0000,1.0000,0.2577,0.2263,0.1400
154,1,7.7885,-0.1758,0.6052,0.9989,-0.0461,0.0000,0.0461,0.9989,0.0000,0.0000,0.0000,1.0000,0.1100,0.2168,0.3052
154,2,7.8615,-0.2395,0.5173,0.9989,-0.0461,0.0000,0.0461,0.9989,0.0000,0.0000,0.0000,1.0000,0.1101,0.3070,0.2173
154,3,7.8757,-0.4171,0.5889,0.9989,-0.0461,0.0000,0.0461,0.9989,0.0000,0.0000,0.0000,1.0000,0.2836,0.2073,0.2889
154,4,7.9916,-0.4690,0.5062,0.9989,-0.0461,0.0000,0.0461,0.9989,0.0000,0.0000,0.0000,1.0000,0.2820,0.2947,0.2062
154,5,8.1653,-0.3401,0.6614,0.9989,-0.0461,0.0000,0.0461,0.9989,0.0000,0.0000,0.0000,1.0000,0.1112,0.2100,0.3614
154,6,8.2591,-0.3249,0.4265,0.9989,-0.0461,0.0000,0.0461,0.9989,0.0000,0.0000,0.0000,1.0000,0.1972,0.1336,0.1265
154,7,8.3683,-0.3215,0.4491,0.9989,-0.0461,0.0000,0.0461,0.9989,0.0000,0.0000,0.0000,1.0000,0.1624,0.1625,0.0548
154,8,8.3976,-0.2796,0.4472,0.9989,-0.0461,0.0000,0.0461,0.9989,0.0000,0.0000,0.0000,1.0000,0.0831,0.2046,0.1050
154,9,8.4309,-0.2148,0.4544,0.9989,-0.0461,0.0000,0.0461,0.9989,0.0000,0.0000,0.0000,1.0000,0.0210,0.0279,0.0569
154,10,8.4720,-0.2766,0.4546,0.9989,-0.0461,0.0000,0.0461,0.9989,0.0000,0.0000,0.0000,1.0000,0.0210,0.0279,0.0569
155,0,7.8887,-0.1833,0.4400,0.9989,-0.0474,0.0000,0.0474,0.9989,0.0000,0.0000,0.0000,1.0000,0.2577,0.2263,0.1400
155,1,7.8969,-0.1808,0.6052,0.9989,-0.0474,0.0000,0.0474,0.9989,0.0000,0.0000,0.0000,1.0000,0.1100,0.2168,0.3052
155,2,7.9698,-0.2447,0.5173,0.9989,-0.0474,0.0000,0.0474,0.9989,0.0000,0.0000,0.0000,1.0000,0.1101,0.3070,0.2173
155,3,7.9838,-0.4222,0.5889,0.9989,-0.0474,0.0000,0.0474,0.9989,0.0000,0.0000,0.0000,1.0000,0.2836,0.2073,0.2889
155,4,8.0996,-0.4743,0.5062,0.9989,-0.0474,0.0000,0.0474,0.9989,0.0000,0.0000,0.0000,1.0000,0.2820,0.2947,0.2062
155,5,8.2735,-0.3456,0.6614,0.9989,-0.0474,0.0000,0.0474,0.9989,0.0000,0.0000,0.0000,1.0000,0.1112,0.2100,0.3614
155,6,8.3673,-0.3305,0.4265,0.9989,-0.0474,0.0000,0.0474,0.9989,0.0000,0.0000,0.0000,1.0000,0.1972,0.1336,0.1265
155,7,8.4765,-0.3273,0.4491,0.9989,-0.0474,0.0000,0.0474,0.9989,0.0000,0.0000,0.0000,1.0000,0.1624,0.1625,0.0548
155,8,8.5059,-0.2855,0.4472,0.9989,-0.0474,0.0000,0.0474,0.9989,0.0000,0.0000,0.0000,1.0000,0.0831,0.2046,0.1050
155,9,8.5393,-0.2207,0.4544,0.9989,-0.0474,0.0000,0.0474,0.9989,0.0000,0.0000,0.0000,1.0000,0.0210,0.0279,0.0569
155,10,8.5803,-0.2826,0.4546,0.9989,-0.0474,0.0000,0.0474,0.9989,0.0000,0.0000,0.0000,1.0000,0.0210,0.0279,0.0569
156,0,7.9904,-0.1882,0.4400,0.9988,-0.0488,0.0000,0.0488,0.9988,0.0000,0.0000,0.0000,1.0000,0.2577,0.2263,0.1400
156,1,7.9987,-0.1857,0.6052,0.9988,-0.0488,0.0000,0.0488,0.9988,0.0000,0.0000,0.0000,1.0000,0.1100,0.2168,0.3052
156,2,8.0715,-0.2496,0.5173,0.9988,-0.0488,0.0000,0.0488,0.9988,0.0000,0.0000,0.0000,1.0000,0.1101,0.3070,0.2173
156,3,8.0853,-0.4272,0.5889,0.9988,-0.0488,0.0000,0.0488,0.9988,0.0000,0.0000,0.0000,1.0000,0.2836,0.2073,0.2889
156,4,8.2010,-0.4794,0.5062,0.9988,-0.0488,0.0000,0.0488,0.9988,0.0000,0.0000,0.0000,1.0000,0.2820,0.2947,0.2062
156,5,8.3751,-0.3509,0.6614,0.9988,-0.0488,0.0000,0.0488,0.9988,0.0000,0.0000,0.0000,1.0000,0.1112,0.2100,0.3614
156,6,8.4689,-0.3360,0.4265,0.9988,-0.0488,0.0000,0.0488,0.9988,0.0000,0.0000,0.0000,1.0000,0.1972,0.1336,0.1265
156,7,8.5781,-0.3329,0.4491,0.9988,-0.0488,0.0000,0.0488,0.9988,0.0000,0.0000,0.0000,1.0000,0.1624,0.1625,0.0548
156,8,8.6076,-0.2911,0.4472,0.9988,-0.0488,0.0000,0.0488,0.9988,0.0000,0.0000,0.0000,1.0000,0.0831,0.2046,0.1050
156,9,8.6411,-0.2264,0.4544,0.9988,-0.0488,0.0000,0.0488,0.9988,0.0000,0.0000,0.0000,1.0000,0.0210,0.0279,0.0569
156,10,8.6820,-0.2883,0.4546,0.9988,-0.0488,0.0000,0.0488,0.9988,0.0000,0.0000,0.0000,1.0000,0.0210,0.0279,0.0569
157,0,8.0865,-0.1929,0.4400,0.9987,-0.0501,0.0000,0.0501,0.9987,0.0000,0.0000,0.0000,1.0000,0.2577,0.2263,0.1400
157,1,8.0947,-0.1904,0.6052,0.9987,-0.0501,0.0000,0.0501,0.9987,0.0000,0.0000,0.0000,1.0000,0.1100,0.2168,0.3052
157,2,8.1675,-0.2544,0.5173,0.9987,-0.0501,0.0000,0.0501,0.9987,0.0000,0.0000,0.0000,1.0000,0.1101,0.3070,0.2173
157,3,8.1810,-0.4320,0.5889,0.9987,-0.0501,0.0000,0.0501,0.9987,0.0000,0.0000,0.0000,1.0000,0.2836,0.2073,0.2889
157,4,8.2967,-0.4844,0.5062,0.9987,-0.0501,0.0000,0.0501,0.9987,0.0000,0.0000,0.0000,1.0000,0.2820,0.2947,0.2062
157,5,8.4709,-0.3562,0.6614,0.9987,-0.0501,0.0000,0.0501,0.9987,0.0000,0.0000,0.0000,1.0000,0.1112,0.2100,0.3614
157,6,8.5648,-0.3413,0.4265,0.9987,-0.0501,0.0000,0.0501,0.9987,0.0000,0.0000,0.0000,1.0000,0.1972,0.1336,0.1265
157,7,8.6740,-0.3384,0.4491,0.9987,-0.0501,0.0000,0.0501,0.9987,0.0000,0.0000,0.0000,1.0000,0.1624,0.1625,0.0548
157,8,8.7035,-0.2966,0.4472,0.9987,-0.0501,0.0000,0.0501,0.9987,0.0000,0.0000,0.0000,1.0000,0.0831,0.2046,0.1050
157,9,8.7371,-0.2319,0.4544,0.9987,-0.0501,0.0000,0.0501,0.9987,0.0000,0.0000,0.0000,1.0000,0.0210,0.0279,0.0569
157,10,8.7779,-0.2940,0.4546,0.9987,-0.0501,0.0000,0.0501,0.9987,0.0000,0.0000,0.0000,1.0000,0.0210,0.0279,0.0569
158,0,8.1773,-0.1974,0.4400,0.9987,-0.0513,0.0000,0.0513,0.9987,0.0000,0.0000,0.0000,1.0000,0.2577,0.2263,0.1400
158,1,8.1855,-0.1950,0.6052,0.9987,-0.0513,0.0000,0.0513,0.9987,0.0000,0.0000,0.0000,1.0000,0.1100,0.2168,0.3052
158,2,8.2582,-0.2591,0.5173,0.9987,-0.0513,0.0000,0.0513,0.9987,0.0000,0.0000,0.0000,1.0000,0.1101,0.3070,0.2173
158,3,8.2715,-0.4367,0.5889,0.9987,-0.0513,0.0000,0.0513,0.9987,0.0000,0.0000,0.0000,1.0000,0.2836,0.2073,0.2889
158,4,8.3871,-0.4892,0.5062,0.9987,-0.0513,0.0000,0.0513,0.9987,0.0000,0.0000,0.0000,1.0000,0.2820,0.2947,0.2062
158,5,8.5615,-0.3612,0.6614,0.9987,-0.0513,0.0000,0.0513,0.9987,0.0000,0.0000,0.0000,1.0000,0.1112,0.2100,0.3614
158,6,8.6553,-0.3465,0.4265,0.9987,-0.0513,0.0000,0.0513,0.9987,0.0000,0.0000,0.0000,1.0000,0.1972,0.1336,0.1265
158,7,8.7645,-0.3437,0.4491,0.9987,-0.0513,0.0000,0.0513,0.9987,0.0000,0.0000,0.0000,1.0000,0.1624,0.1625,0.0548
158,8,8.7941,-0.3019,0.4472,0.9987,-0.0513,0.0000,0.0513,0.9987,0.0000,0.0000,0.0000,1.0000,0.0831,0.2046,0.1050
158,9,8.8278,-0.2373,0.4544,0.9987,-0.0513,0.0000,0.0513,0.9987,0.0000,0.0000,0.0000,1.0000,0.0210,0.0279,0.0569
158,10,8.8685,-0.2994,0.4546,0.9987,-0.0513,0.0000,0.0513,0.9987,0.0000,0.0000,0.0000,1.0000,0.0210,0.0279,0.0569
159,0,8.2628,-0.2018,0.4400,0.9986,-0.0525,0.0000,0.0525,0.9986,0.0000,0.0000,0.0000,1.0000,0.2577,0.2263,0.1400
159,1,8.2711,-0.1994,0.6052,0.9986,-0.0525,0.0000,0.0525,0.9986,0.0000,0.0000,0.0000,1.0000,0.1100,0.2168,0.3052
159,2,8.3437,-0.2636,0.5173,0.9986,-0.0525,0.0000,0.0525,0.9986,0.0000,0.0000,0.0000,1.0000,0.1101,0.3070,0.2173
159,3,8.3568,-0.4412,0.5889,0.9986,-0.0525,0.0000,0.0525,0.9986,0.0000,0.0000,0.0000,1.0000,0.2836,0.2073,0.2889
159,4,8.4723,-0.4938,0.5062,0.9986,-0.0525,0.0000,0.0525,0.9986,0.0000,0.0000,0.0000,1.0000,0.2820,0.2947,0.2062
159,5,8.6468,-0.3660,0.6614,0.9986,-0.0525,0.0000,0.0525,0.9986,0.0000,0.0000,0.0000,1.0000,0.1112,0.2100,0.3614
159,6,8.7407,-0.3514,0.4265,0.9986,-0.0525,0.0000,0.0525,0.9986,0.0000,0.0000,0.0000,1.0000,0.1972,0.1336,0.1265
159,7,8.8499,-0.3488,0.4491,0.9986,-0.0525,0.0000,0.0525,0.9986,0.0000,0.0000,0.0000,1.0000,0.1624,0.1625,0.0548
159,8,8.8796,-0.3071,0.4472,0.9986,-0.0525,0.0000,0.0525,0.9986,0.0000,0.0000,0.0000,1.0000,0.0831,0.2046,0.1050
159,9,8.9133,-0.2425,0.4544,0.9986,-0.0525,0.0000,0.0525,0.9986,0.0000,0.0000,0.0000,1.0000,0.0210,0.0279,0.0569
159,10,8.9540,-0.3046,0.4546,0.9986,-0.0525,0.0000,0.0525,0.9986,0.0000,0.0000,0.0000,1.0000,0.0210,0.0279,0.0569
160,0,8.3433,-0.2061,0.4400,0.9986,-0.0536,0.0000,0.0536,0.9986,0.0000,0.0000,0.0000,1.0000,0.2577,0.2263,0.1400
160,1,8.3515,-0.2036,0.6052,0.9986,-0.0536,0.0000,0.0536,0.9986,0.0000,0.0000,0.0000,1.0000,0.1100,0.2168,0.3052
160,2,8.4241,-0.2679,0.5173,0.9986,-0.0536,0.0000,0.0536,0.9986,0.0000,0.0000,0.0000,1.0000,0.1101,0.3070,0.2173
160,3,8.4370,-0.4455,0.5889,0.9986,-0.0536,0.0000,0.0536,0.9986,0.0000,0.0000,0.0000,1.0000,0.2836,0.2073,0.2889
160,4,8.5524,-0.4983,0.5062,0.9986,-0.0536,0.0000,0.0536,0.9986,0.0000,0.0000,0.0000,1.0000,0.2820,0.2947,0.2062
160,5,8.7271,-0.3707,0.6614,0.9986,-0.0536,0.0000,0.0536,0.9986,0.0000,0.0000,0.0000,1.0000,0.1112,0.2100,0.3614
160,6,8.8210,-0.3562,0.4265,0.9986,-0.0536,0.0000,0.0536,0.9986,0.0000,0.0000,0.0000,1.0000,0.1972,0.1336,0.1265
160,7,8.9302,-0.3536,0.4491,0.9986,-0.0536,0.0000,0.0536,0.9986,0.0000,0.0000,0.0000,1.0000,0.1624,0.1625,0.0548
160,8,8.9599,-0.3120,0.4472,0.9986,-0.0536,0.0000,0.0536,0.9986,0.0000,0.0000,0.0000,1.0000,0.0831,0.2046,0.1050
160,9,8.9937,-0.2474,0.4544,0.9986,-0.0536,0.0000,0.0536,0.9986,0.0000,0.0000,0.0000,1.0000,0.0210,0.0279,0.0569
160,10,9.0344,-0.3096,0.4546,0.9986,-0.0536,0.0000,0.0536,0.9986,0.0000,0.0000,0.0000,1.0000,0.0210,0.0279,0.0569
161,0,8.4188,-0.2101,0.4400,0.9985,-0.0546,0.0000,0.0546,0.9985,0.0000,0.0000,0.0000,1.0000,0.2577,0.2263,0.1400
161,1,8.4270,-0.2077,0.6052,0.9985,-0.0546,0.0000,0.0546,0.9985,0.0000,0.0000,0.0000,1.0000,0.1100,0.2168,0.3052
161,2,8.4995,-0.2720,0.5173,0.9985,-0.0546,0.0000,0.0546,0.9985,0.0000,0.0000,0.0000,1.0000,0.1101,0.3070,0.2173
161,3,8.5123,-0.4497,0.5889,0.9985,-0.0546,0.0000,0.0546,0.9985,0.0000,0.0000,0.0000,1.0000,0.2836,0.2073,0.2889
161,4,8.6276,-0.5026,0.5062,0.9985,-0.0546,0.0000,0.0546,0.9985,0.0000,0.0000,0.0000,1.0000,0.2820,0.2947,0.2062
161,5,8.8025,-0.3751,0.6614,0.9985,-0.0546,0.0000,0.0546,0.9985,0.0000,0.0000,0.0000,1.0000,0.1112,0.2100,0.3614
161,6,8.8964,-0.3607,0.4265,0.9985,-0.0546,0.0000,0.0546,0.9985,0.0000,0.0000,0.0000,1.0000,0.1972,0.1336,0.1265
161,7,9.0056,-0.3583,0.4491,0.9985,-0.0546,0.0000,0.0546,0.9985,0.0000,0.0000,0.0000,1.0000,0.1624,0.1625,0.0548
161,8,9.0353,-0.3167,0.4472,0.9985,-0.0546,0.0000,0.0546,0.9985,0.0000,0.0000,0.0000,1.0000,0.0831,0.2046,0.1050
161,9,9.0692,-0.2521,0.4544,0.9985,-0.0546,0.0000,0.0546,0.9985,0.0000,0.0000,0.0000,1.0000,0.0210,0.0279,0.0569
161,10,9.1097,-0.3143,0.4546,0.9985,-0.0546,0.0000,0.0546,0.9985,0.0000,0.0000,0.0000,1.0000,0.0210,0.0279,0.0569
162,0,8.4894,-0.2140,0.4400,0.9985,-0.0556,0.0000,0.0556,0.9985,0.0000,0.0000,0.0000,1.0000,0.2577,0.2263,0.1400
162,1,8.4976,-0.2115,0.6052,0.9985,-0.0556,0.0000,0.0556,0.9985,0.0000,0.0000,0.0000,1.0000,0.1100,0.2168,0.3052
162,2,8.5701,-0.2760,0.5173,0.9985,-0.0556,0.0000,0.0556,0.9985,0.0000,0.0000,0.0000,1.0000,0.1101,0.3070,0.2173
162,3,8.5826,-0.4536,0.5889,0.9985,-0.0556,0.0000,0.0556,0.9985,0.0000,0.0000,0.0000,1.0000,0.2836,0.2073,0.2889
162,4,8.6979,-0.5066,0.5062,0.9985,-0.0556,0.0000,0.0556,0.9985,0.0000,0.0000,0.0000,1.0000,0.2820,0.2947,0.2062
162,5,8.8729,-0.3793,0.6614,0.9985,-0.0556,0.0000,0.0556,0.9985,0.0000,0.0000,0.0000,1.0000,0.1112,0.2100,0.3614
162,6,8.9668,-0.3650,0.4265,0.9985,-0.0556,0.0000,0.0556,0.9985,0.0000,0.0000,0.0000,1.0000,0.1972,0.1336,0.1265
162,7,9.0760,-0.3627,0.4491,0.9985,-0.0556,0.0000,0.0556,0.9985,0.0000,0.0000,0.0000,1.0000,0.1624,0.1625,0.0548
162,8,9.1058,-0.3211,0.4472,0.9985,-0.0556,0.0000,0.0556,0.9985,0.0000,0.0000,0.0000,1.0000,0.0831,0.2046,0.1050
162,9,9.1397,-0.2566,0.4544,0.9985,-0.0556,0.0000,0.0556,0.9985,0.0000,0.0000,0.0000,1.0000,0.0210,0.0279,0.0569
162,10,9.1802,-0.3188,0.4546,0.9985,-0.0556,0.0000,0.0556,0.9985,0.0000,0.0000,0.0000,1.0000,0.0210,0.0279,0.0569
163,0,8.5552,-0.2176,0.4400,0.9984,-0.0565,0.0000,0.0565,0.9984,0.0000,0.0000,0.0000,1.0000,0.2577,0.2263,0.1400
163,1,8.5634,-0.2152,0.6052,0.9984,-0.0565,0.0000,0.0565,0.9984,0.0000,0.0000,0.0000,1.0000,0.1100,0.2168,0.3052
163,2,8.6358,-0.2797,0.5173,0.9984,-0.0565,0.0000,0.0565,0.9984,0.0000,0.0000,0.0000,1.0000,0.1101,0.3070,0.2173
163,3,8.6482,-0.4574,0.5889,0.9984,-0.0565,0.0000,0.0565,0.9984,0.0000,0.0000,0.0000,1.0000,0.2836,0.2073,0.2889
163,4,8.7635,-0.5105,0.5062,0.9984,-0.0565,0.0000,0.0565,0.9984,0.0000,0.0000,0.0000,1.0000,0.2820,0.2947,0.2062
163,5,8.9385,-0.3833,0.6614,0.9984,-0.0565,0.0000,0.0565,0.9984,0.0000,0.0000,0.0000,1.0000,0.1112,0.2100,0.3614
163,6,9.0325,-0.3691,0.4265,0.9984,-0.0565,0.0000,0.0565,0.9984,0.0000,0.0000,0.0000,1.0000,0.1972,0.1336,0.1265
163,7,9.1417,-0.3669,0.4491,0.9984,-0.0565,0.0000,0.0565,0.9984,0.0000,0.0000,0.0000,1.0000,0.1624,0.1625,0.0548
163,8,9.1715,-0.3253,0.4472,0.9984,-0.0565,0.0000,0.0565,0.9984,0.0000,0.0000,0.0000,1.0000,0.0831,0.2046,0.1050
163,9,9.2055,-0.2608,0.4544,0.9984,-0.0565,0.0000,0.0565,0.9984,0.0000,0.0000,0.0000,1.0000,0.0210,0.0279,0.0569
163,10,9.2459,-0.3231,0.4546,0.9984,-0.0565,0.0000,0.0565,0.9984,0.0000,0.0000,0.0000,1.0000,0.0210,0.0279,0.0569
164,0,8.6165,-0.2211,0.4400,0.9984,-0.0572,0.0000,0.0572,0.9984,0.0000,0.0000,0.0000,1.0000,0.2577,0.2263,0.1400
164,1,8.6247,-0.2187,0.6052,0.9984,-0.0572,0.0000,0.0572,0.9984,0.0000,0.0000,0.0000,1.0000,0.1100,0.2168,0.3052
164,2,8.6970,-0.2832,0.5173,0.9984,-0.0572,0.0000,0.0572,0.9984,0.0000,0.0000,0.0000,1.0000,0.1101,0.3070,0.2173
164,3,8.7093,-0.4609,0.5889,0.9984,-0.0572,0.0000,0.0572,0.9984,0.0000,0.0000,0.0000,1.0000,0.2836,0.2073,0.2889
164,4,8.8245,-0.5141,0.5062,0.9984,-0.0572,0.0000,0.0572,0.9984,0.0000,0.0000,0.0000,1.0000,0.2820,0.2947,0.2062
164,5,8.9997,-0.3871,0.6614,0.9984,-0.0572,0.0000,0.0572,0.9984,0.0000,0.0000,0.0000,1.0000,0.1112,0.2100,0.3614
164,6,9.0937,-0.3730,0.4265,0.9984,-0.0572,0.0000,0.0572,0.9984,0.0000,0.0000,0.0000,1.0000,0.1972,0.1336,0.1265
164,7,9.2029,-0.3708,0.4491,0.9984,-0.0572,0.0000,0.0572,0.9984,0.0000,0.0000,0.0000,1.0000,0.1624,0.1625,0.0548
164,8,9.2327,-0.3292,0.4472,0.9984,-0.0572,0.0000,0.0572,0.9984,0.0000,0.0000,0.0000,1.0000,0.0831,0.2046,0.1050
164,9,9.2667,-0.2648,0.4544,0.9984,-0.0572,0.0000,0.0572,0.9984,0.0000,0.0000,0.0000,1.0000,0.0210,0.0279,0.0569
164,10,9.3071,-0.3271,0.4546,0.9984,-0.0572,0.0000,0.0572,0.9984,0.0000,0.0000,0.0000,1.0000,0.0210,0.0279,0.0569
165,0,8.6738,-0.2244,0.4400,0.9983,-0.0580,0.0000,0.0580,0.9983,0.0000,0.0000,0.0000,1.0000,0.2577,0.2263,0.1400
165,1,8.6820,-0.2219,0.6052,0.9983,-0.0580,0.0000,0.0580,0.9983,0.0000,0.0000,0.0000,1.0000,0.1100,0.2168,0.3052
165,2,8.7543,-0.2865,0.5173,0.9983,-0.0580,0.0000,0.0580,0.9983,0.0000,0.0000,0.0000,1.0000,0.1101,0.3070,0.2173
165,3,8.7664,-0.4642,0.5889,0.9983,-0.0580,0.0000,0.0580,0.9983,0.0000,0.0000,0.0000,1.0000,0.2836,0.2073,0.2889
165,4,8.8816,-0.5175,0.5062,0.9983,-0.0580,0.0000,0.0580,0.9983,0.0000,0.0000,0.0000,1.0000,0.2820,0.2947,0.2062
165,5,9.0569,-0.3907,0.6614,0.9983,-0.0580,0.0000,0.0580,0.9983,0.0000,0.0000,0.0000,1.0000,0.1112,0.2100,0.3614
165,6,9.1509,-0.3766,0.4265,0.9983,-0.0580,0.0000,0.0580,0.9983,0.0000,0.0000,0.0000,1.0000,0.1972,0.1336,0.1265
165,7,9.2601,-0.3745,0.4491,0.9983,-0.0580,0.0000,0.0580,0.9983,0.0000,0.0000,0.0000,1.0000,0.1624,0.1625,0.0548
165,8,9.2899,-0.3330,0.4472,0.9983,-0.0580,0.0000,0.0580,0.9983,0.0000,0.0000,0.0000,1.0000,0.0831,0.2046,0.1050
165,9,9.3240,-0.2685,0.4544,0.9983,-0.0580,0.0000,0.0580,0.9983,0.0000,0.0000,0.0000,1.0000,0.0210,0.0279,0.0569
165,10,9.3644,-0.3309,0.4546,0.9983,-0.0580,0.0000,0.0580,0.9983,0.0000,0.0000,0.0000,1.0000,0.0210,0.0279,0.0569
166,0,8.7278,-0.2275,0.4400,0.9983,-0.0586,0.0000,0.0586,0.9983,0.0000,0.0000,0.0000,1.0000,0.2577,0.2263,0.1400
166,1,8.7360,-0.2251,0.6052,0.9983,-0.0586,0.0000,0.0586,0.9983,0.0000,0.0000,0.0000,1.0000,0.1100,0.2168,0.3052
166,2,8.8083,-0.2897,0.5173,0.9983,-0.0586,0.0000,0.0586,0.9983,0.0000,0.0000,0.0000,1.0000,0.1101,0.3070,0.2173
166,3,8.8203,-0.4674,0.5889,0.9983,-0.0586,0.0000,0.0586,0.9983,0.0000,0.0000,0.0000,1.0000,0.2836,0.2073,0.2889
166,4,8.9355,-0.5208,0.5062,0.9983,-0.0586,0.0000,0.0586,0.9983,0.0000,0.0000,0.0000,1.0000,0.2820,0.2947,0.2062
166,5,9.1108,-0.3940,0.6614,0.9983,-0.0586,0.0000,0.0586,0.9983,0.0000,0.0000,0.0000,1.0000,0.1112,0.2100,0.3614
166,6,9.2048,-0.3800,0.4265,0.9983,-0.0586,0.0000,0.0586,0.9983,0.0000,0.0000,0.0000,1.0000,0.1972,0.1336,0.1265
166,7,9.3140,-0.3780,0.4491,0.9983,-0.0586,0.0000,0.0586,0.9983,0.0000,0.0000,0.0000,1.0000,0.1624,0.1625,0.0548
166,8,9.3439,-0.3365,0.4472,0.9983,-0.0586,0.0000,0.0586,0.9983,0.0000,0.0000,0.0000,1.0000,0.0831,0.2046,0.1050
166,9,9.3780,-0.2721,0.4544,0.9983,-0.0586,0.0000,0.0586,0.9983,0.0000,0.0000,0.0000,1.0000,0.0210,0.0279,0.0569
166,10,9.4183,-0.3344,0.4546,0.9983,-0.0586,0.0000,0.0586,0.9983,0.0000,0.0000,0.0000,1.0000,0.0210,0.0279,0.0569
167,0,8.7791,-0.2305,0.4400,0.9982,-0.0592,0.0000,0.0592,0.9982,0.0000,0.0000,0.0000,1.0000,0.2577,0.2263,0.1400
167,1,8.7874,-0.2281,0.6052,0.9982,-0.0592,0.0000,0.0592,0.9982,0.0000,0.0000,0.0000,1.0000,0.1100,0.2168,0.3052
167,2,8.8596,-0.2928,0.5173,0.9982,-0.0592,0.0000,0.0592,0.9982,0.0000,0.0000,0.0000,1.0000,0.1101,0.3070,0.2173
167,3,8.8715,-0.4705,0.5889,0.9982,-0.0592,0.0000,0.0592,0.9982,0.0000,0.0000,0.0000,1.0000,0.2836,0.2073,0.2889
167,4,8.9866,-0.5239,0.5062,0.9982,-0.0592,0.0000,0.0592,0.9982,0.0000,0.0000,0.0000,1.0000,0.2820,0.2947,0.2062
167,5,9.1620,-0.3973,0.6614,0.9982,-0.0592,0.0000,0.0592,0.9982,0.0000,0.0000,0.0000,1.0000,0.1112,0.2100,0.3614
167,6,9.2560,-0.3833,0.4265,0.9982,-0.0592,0.0000,0.0592,0.9982,0.0000,0.0000,0.0000,1.0000,0.1972,0.1336,0.1265
167,7,9.3652,-0.3814,0.4491,0.9982,-0.0592,0.0000,0.0592,0.9982,0.0000,0.0000,0.0000,1.0000,0.1624,0.1625,0.0548
167,8,9.3951,-0.3399,0.4472,0.9982,-0.0592,0.0000,0.0592,0.9982,0.0000,0.0000,0.0000,1.0000,0.0831,0.2046,0.1050
167,9,9.4293,-0.2755,0.4544,0.9982,-0.0592,0.0000,0.0592,0.9982,0.0000,0.0000,0.0000,1.0000,0.0210,0.0279,0.0569
167,10,9.4696,-0.3379,0.4546,0.9982,-0.0592,0.0000,0.0592,0.9982,0.0000,0.0000,0.0000,1.0000,0.0210,0.0279,0.0569
168,0,8.8284,-0.2334,0.4400,0.9982,-0.0598,0.0000,0.0598,0.9982,0.0000,0.0000,0.0000,1.0000,0.2577,0.2263,0.1400
168,1,8.8366,-0.2310,0.6052,0.9982,-0.0598,0.0000,0.0598,0.9982,0.0000,0.0000,0.0000,1.0000,0.1100,0.2168,0.3052
168,2,8.9088,-0.2957,0.5173,0.9982,-0.0598,0.0000,0.0598,0.9982,0.0000,0.0000,0.0000,1.0000,0.1101,0.3070,0.2173
168,3,8.9206,-0.4735,0.5889,0.9982,-0.0598,0.0000,0.0598,0.9982,0.0000,0.0000,0.0000,1.0000,0.2836,0.2073,0.2889
168,4,9.0357,-0.5269,0.5062,0.9982,-0.0598,0.0000,0.0598,0.9982,0.0000,0.0000,0.0000,1.0000,0.2820,0.2947,0.2062
168,5,9.2112,-0.4004,0.6614,0.9982,-0.0598,0.0000,0.0598,0.9982,0.0000,0.0000,0.0000,1.0000,0.1112,0.2100,0.3614
168,6,9.3052,-0.3865,0.4265,0.9982,-0.0598,0.0000,0.0598,0.9982,0.0000,0.0000,0.0000,1.0000,0.1972,0.1336,0.1265
168,7,9.4144,-0.3846,0.4491,0.9982,-0.0598,0.0000,0.0598,0.9982,0.0000,0.0000,0.0000,1.0000,0.1624,0.1625,0.0548
168,8,9.4443,-0.3431,0.4472,0.9982,-0.0598,0.0000,0.0598,0.9982,0.0000,0.0000,0.0000,1.0000,0.0831,0.2046,0.1050
168,9,9.4785,-0.2787,0.4544,0.9982,-0.0598,0.0000,0.0598,0.9982,0.0000,0.0000,0.0000,1.0000,0.0210,0.0279,0.0569
168,10,9.5188,-0.3412,0.4546,0.9982,-0.0598,0.0000,0.0598,0.9982,0.0000,0.0000,0.0000,1.0000,0.0210,0.0279,0.0569
169,0,8.8759,-0.2362,0.4400,0.9982,-0.0603,0.0000,0.0603,0.9982,0.0000,0.0000,0.0000,1.0000,0.2577,0.2263,0.1400
169,1,8.8841,-0.2338,0.6052,0.9982,-0.0603,0.0000,0.0603,0.9982,0.0000,0.0000,0.0000,1.0000,0.1100,0.2168,0.3052
169,2,8.9563,-0.2986,0.5173,0.9982,-0.0603,0.0000,0.0603,0.9982,0.0000,0.0000,0.0000,1.0000,0.1101,0.3070,0.2173
169,3,8.9680,-0.4763,0.5889,0.9982,-0.0603,0.0000,0.0603,0.9982,0.0000,0.0000,0.0000,1.0000,0.2836,0.2073,0.2889
169,4,9.0831,-0.5299,0.5062,0.9982,-0.0603,0.0000,0.0603,0.9982,0.0000,0.0000,0.0000,1.0000,0.2820,0.2947,0.2062
169,5,9.2586,-0.4034,0.6614,0.9982,-0.0603,0.0000,0.0603,0.9982,0.0000,0.0000,0.0000,1.0000,0.1112,0.2100,0.3614
169,6,9.3526,-0.3896,0.4265,0.9982,-0.0603,0.0000,0.0603,0.9982,0.0000,0.0000,0.0000,1.0000,0.1972,0.1336,0.1265
169,7,9.4618,-0.3877,0.4491,0.9982,-0.0603,0.0000,0.0603,0.9982,0.0000,0.0000,0.0000,1.0000,0.1624,0.1625,0.0548
169,8,9.4918,-0.3463,0.4472,0.9982,-0.0603,0.0000,0.0603,0.9982,0.0000,0.0000,0.0000,1.0000,0.0831,0.2046,0.1050
169,9,9.5260,-0.2819,0.4544,0.9982,-0.0603,0.0000,0.0603,0.9982,0.0000,0.0000,0.0000,1.0000,0.0210,0.0279,0.0569
169,10,9.5662,-0.3443,0.4546,0.9982,-0.0603,0.0000,0.0603,0.9982,0.0000,0.0000,0.0000,1.0000,0.0210,0.0279,0.0569
170,0,8.9217,-0.2390,0.4400,0.9982,-0.0607,0.0000,0.0607,0.9982,0.0000,0.0000,0.0000,1.0000,0.2577,0.2263,0.1400
170,1,8.9300,-0.2366,0.6052,0.9982,-0.0607,0.0000,0.0607,0.9982,0.0000,0.0000,0.0000,1.0000,0.1100,0.2168,0.3052
170,2,9.0021,-0.3014,0.5173,0.9982,-0.0607,0.0000,0.0607,0.9982,0.0000,0.0000,0.0000,1.0000,0.1101,0.3070,0.2173
170,3,9.0137,-0.4791,0.5889,0.9982,-0.0607,0.0000,0.0607,0.9982,0.0000,0.0000,0.0000,1.0000,0.2836,0.2073,0.2889
170,4,9.1288,-0.5327,0.5062,0.9982,-0.0607,0.0000,0.0607,0.9982,0.0000,0.0000,0.0000,1.0000,0.2820,0.2947,0.2062
170,5,9.3044,-0.4064,0.6614,0.9982,-0.0607,0.0000,0.0607,0.9982,0.0000,0.0000,0.0000,1.0000,0.1112,0.2100,0.3614
170,6,9.3984,-0.3925,0.4265,0.9982,-0.0607,0.0000,0.0607,0.9982,0.0000,0.0000,0.0000,1.0000,0.1972,0.1336,0.1265
170,7,9.5076,-0.3908,0.4491,0.9982,-0.0607,0.0000,0.0607,0.9982,0.0000,0.0000,0.0000,1.0000,0.1624,0.1625,0.0548
170,8,9.5376,-0.3493,0.4472,0.9982,-0.0607,0.0000,0.0607,0.9982,0.0000,0.0000,0.0000,1.0000,0.0831,0.2046,0.1050
170,9,9.5719,-0.2850,0.4544,0.9982,-0.0607,0.0000,0.0607,0.9982,0.0000,0.0000,0.0000,1.0000,0.0210,0.0279,0.0569
170,10,9.6120,-0.3474,0.4546,0.9982,-0.0607,0.0000,0.0607,0.9982,0.0000,0.0000,0.0000,1.0000,0.0210,0.0279,0.0569
171,0,8.9660,-0.2417,0.4400,0.9981,-0.0612,0.0000,0.0612,0.9981,0.0000,0.0000,0.0000,1.0000,0.2577,0.2263,0.1400
171,1,8.9743,-0.2393,0.6052,0.9981,-0.0612,0.0000,0.0612,0.9981,0.0000,0.0000,0.0000,1.0000,0.1100,0.2168,0.3052
171,2,9.0464,-0.3041,0.5173,0.9981,-0.0612,0.0000,0.0612,0.9981,0.0000,0.0000,0.0000,1.0000,0.1101,0.3070,0.2173
171,3,9.0579,-0.4819,0.5889,0.9981,-0.0612,0.0000,0.0612,0.9981,0.0000,0.0000,0.0000,1.0000,0.2836,0.2073,0.2889
171,4,9.1730,-0.5355,0.5062,0.9981,-0.0612,0.0000,0.0612,0.9981,0.0000,0.0000,0.0000,1.0000,0.2820,0.2947,0.2062
171,5,9.3486,-0.4092,0.6614,0.9981,-0.0612,0.0000,0.0612,0.9981,0.0000,0.0000,0.0000,1.0000,0.1112,0.2100,0.3614
171,6,9.4426,-0.3954,0.4265,0.9981,-0.0612,0.0000,0.0612,0.9981,0.0000,0.0000,0.0000,1.0000,0.1972,0.1336,0.1265
171,7,9.5518,-0.3937,0.4491,0.9981,-0.0612,0.0000,0.0612,0.9981,0.0000,0.0000,0.0000,1.0000,0.1624,0.1625,0.0548
171,8,9.5818,-0.3523,0.4472,0.9981,-0.0612,0.0000,0.0612,0.9981,0.0000,0.0000,0.0000,1.0000,0.0831,0.2046,0.1050
171,9,9.6161,-0.2880,0.4544,0.9981,-0.0612,0.0000,0.0612,0.9981,0.0000,0.0000,0.0000,1.0000,0.0210,0.0279,0.0569
171,10,9.6563,-0.3504,0.4546,0.9981,-0.0612,0.0000,0.0612,0.9981,0.0000,0.0000,0.0000,1.0000,0.0210,0.0279,0.0569
172,0,9.0088,-0.2443,0.4400,0.9981,-0.0616,0.0000,0.0616,0.9981,0.0000,0.0000,0.0000,1.0000,0.2577,0.2263,0.1400
172,1,9.0171,-0.2419,0.6052,0.9981,-0.0616,0.0000,0.0616,0.9981,0.0000,0.0000,0.0000,1.0000,0.1100,0.2168,0.3052
172,2,9.0891,-0.3068,0.5173,0.9981,-0.0616,0.0000,0.0616,0.9981,0.0000,0.0000,0.0000,1.0000,0.1101,0.3070,0.2173
172,3,9.1006,-0.4845,0.5889,0.9981,-0.0616,0.0000,0.0616,0.9981,0.0000,0.0000,0.0000,1.0000,0.2836,0.2073,0.2889
172,4,9.2156,-0.5382,0.5062,0.9981,-0.0616,0.0000,0.0616,0.9981,0.0000,0.0000,0.0000,1.0000,0.2820,0.2947,0.2062
172,5,9.3913,-0.4120,0.6614,0.9981,-0.0616,0.0000,0.0616,0.9981,0.0000,0.0000,0.0000,1.0000,0.1112,0.2100,0.3614
172,6,9.4854,-0.3982,0.4265,0.9981,-0.0616,0.0000,0.0616,0.9981,0.0000,0.0000,0.0000,1.0000,0.1972,0.1336,0.1265
172,7,9.5946,-0.3966,0.4491,0.9981,-0.0616,0.0000,0.0616,0.9981,0.0000,0.0000,0.0000,1.0000,0.1624,0.1625,0.0548
172,8,9.6246,-0.3551,0.4472,0.9981,-0.0616,0.0000,0.0616,0.9981,0.0000,0.0000,0.0000,1.0000,0.0831,0.2046,0.1050
172,9,9.6589,-0.2908,0.4544,0.9981,-0.0616,0.0000,0.0616,0.9981,0.0000,0.0000,0.0000,1.0000,0.0210,0.0279,0.0569
172,10,9.6990,-0.3533,0.4546,0.9981,-0.0616,0.0000,0.0616,0.9981,0.0000,0.0000,0.0000,1.0000,0.0210,0.0279,0.0569
173,0,9.0503,-0.2469,0.4400,0.9981,-0.0620,0.0000,0.0620,0.9981,0.0000,0.0000,0.0000,1.0000,0.2577,0.2263,0.1400
173,1,9.0586,-0.2445,0.6052,0.9981,-0.0620,0.0000,0.0620,0.9981,0.0000,0.0000,0.0000,1.0000,0.1100,0.2168,0.3052
173,2,9.1306,-0.3094,0.5173,0.9981,-0.0620,0.0000,0.0620,0.9981,0.0000,0.0000,0.0000,1.0000,0.1101,0.3070,0.2173
173,3,9.1420,-0.4871,0.5889,0.9981,-0.0620,0.0000,0.0620,0.9981,0.0000,0.0000,0.0000,1.0000,0.2836,0.2073,0.2889
173,4,9.2570,-0.5408,0.5062,0.9981,-0.0620,0.0000,0.0620,0.9981,0.0000,0.0000,0.0000,1.0000,0.2820,0.2947,0.2062
173,5,9.4328,-0.4147,0.6614,0.9981,-0.0620,0.0000,0.0620,0.9981,0.0000,0.0000,0.0000,1.0000,0.1112,0.2100,0.3614
173,6,9.5268,-0.4010,0.4265,0.9981,-0.0620,0.0000,0.0620,0.9981,0.0000,0.0000,0.0000,1.0000,0.1972,0.1336,0.1265
173,7,9.6360,-0.3993,0.4491,0.9981,-0.0620,0.0000,0.0620,0.9981,0.0000,0.0000,0.0000,1.0000,0.1624,0.1625,0.0548
173,8,9.6660,-0.3579,0.4472,0.9981,-0.0620,0.0000,0.0620,0.9981,0.0000,0.0000,0.0000,1.0000,0.0831,0.2046,0.1050
173,9,9.7004,-0.2936,0.4544,0.9981,-0.0620,0.0000,0.0620,0.9981,0.0000,0.0000,0.0000,1.0000,0.0210,0.0279,0.0569
173,10,9.7405,-0.3561,0.4546,0.9981,-0.0620,0.0000,0.0620,0.9981,0.0000,0.0000,0.0000,1.0000,0.0210,0.0279,0.0569
174,0,9.0906,-0.2494,0.4400,0.9981,-0.0623,0.0000,0.0623,0.9981,0.0000,0.0000,0.0000,1.0000,0.2577,0.2263,0.1400
174,1,9.0989,-0.2470,0.6052,0.9981,-0.0623,0.0000,0.0623,0.9981,0.0000,0.0000,0.0000,1.0000,0.1100,0.2168,0.3052
174,2,9.1709,-0.3119,0.5173,0.9981,-0.0623,0.0000,0.0623,0.9981,0.0000,0.0000,0.0000,1.0000,0.1101,0.3070,0.2173
174,3,9.1822,-0.4896,0.5889,0.9981,-0.0623,0.0000,0.0623,0.9981,0.0000,0.0000,0.0000,1.0000,0.2836,0.2073,0.2889
174,4,9.2972,-0.5434,0.5062,0.9981,-0.0623,0.0000,0.0623,0.9981,0.0000,0.0000,0.0000,1.0000,0.2820,0.2947,0.2062
174,5,9.4730,-0.4173,0.6614,0.9981,-0.0623,0.0000,0.0623,0.9981,0.0000,0.0000,0.0000,1.0000,0.1112,0.2100,0.3614
174,6,9.5670,-0.4036,0.4265,0.9981,-0.0623,0.0000,0.0623,0.9981,0.0000,0.0000,0.0000,1.0000,0.1972,0.1336,0.1265
174,7,9.6763,-0.4020,0.4491,0.9981,-0.0623,0.0000,0.0623,0.9981,0.0000,0.0000,0.0000,1.0000,0.1624,0.1625,0.0548
174,8,9.7063,-0.3606,0.4472,0.9981,-0.0623,0.0000,0.0623,0.9981,0.0000,0.0000,0.0000,1.0000,0.0831,0.2046,0.1050
174,9,9.7407,-0.2964,0.4544,0.9981,-0.0623,0.0000,0.0623,0.9981,0.0000,0.0000,0.0000,1.0000,0.0210,0.0279,0.0569
174,10,9.7807,-0.3589,0.4546,0.9981,-0.0623,0.0000,0.0623,0.9981,0.0000,0.0000,0.0000,1.0000,0.0210,0.0279,0.0569
175,0,9.1299,-0.2518,0.4400,0.9980,-0.0627,0.0000,0.0627,0.9980,0.0000,0.0000,0.0000,1.0000,0.2577,0.2263,0.1400
175,1,9.1382,-0.2494,0.6052,0.9980,-0.0627,0.0000,0.0627,0.9980,0.0000,0.0000,0.0000,1.0000,0.1100,0.2168,0.3052
175,2,9.2102,-0.3144,0.5173,0.9980,-0.0627,0.0000,0.0627,0.9980,0.0000,0.0000,0.0000,1.0000,0.1101,0.3070,0.2173
175,3,9.2215,-0.4921,0.5889,0.9980,-0.0627,0.0000,0.0627,0.9980,0.0000,0.0000,0.0000,1.0000,0.2836,0.2073,0.2889
175,4,9.3364,-0.5459,0.5062,0.9980,-0.0627,0.0000,0.0627,0.9980,0.0000,0.0000,0.0000,1.0000,0.2820,0.2947,0.2062
175,5,9.5123,-0.4199,0.6614,0.9980,-0.0627,0.0000,0.0627,0.9980,0.0000,0.0000,0.0000,1.0000,0.1112,0.2100,0.3614
175,6,9.6063,-0.4063,0.4265,0.9980,-0.0627,0.0000,0.0627,0.9980,0.0000,0.0000,0.0000,1.0000,0.1972,0.1336,0.1265
175,7,9.7155,-0.4047,0.4491,0.9980,-0.0627,0.0000,0.0627,0.9980,0.0000,0.0000,0.0000,1.0000,0.1624,0.1625,0.0548
175,8,9.7456,-0.3633,0.4472,0.9980,-0.0627,0.0000,0.0627,0.9980,0.0000,0.0000,0.0000,1.0000,0.0831,0.2046,0.1050
175,9,9.7799,-0.2990,0.4544,0.9980,-0.0627,0.0000,0.0627,0.9980,0.0000,0.0000,0.0000,1.0000,0.0210,0.0279,0.0569
175,10,9.8200,-0.3616,0.4546,0.9980,-0.0627,0.0000,0.0627,0.9980,0.0000,0.0000,0.0000,1.0000,0.0210,0.0279,0.0569
176,0,9.1684,-0.2542,0.4400,0.9980,-0.0630,0.0000,0.0630,0.9980,0.0000,0.0000,0.0000,1.0000,0.2577,0.2263,0.1400
176,1,9.1767,-0.2518,0.6052,0.9980,-0.0630,0.0000,0.0630,0.9980,0.0000,0.0000,0.0000,1.0000,0.1100,0.2168,0.3052
176,2,9.2487,-0.3168,0.5173,0.9980,-0.0630,0.0000,0.0630,0.9980,0.0000,0.0000,0.0000,1.0000,0.1101,0.3070,0.2173
176,3,9.2599,-0.4945,0.5889,0.9980,-0.0630,0.0000,0.0630,0.9980,0.0000,0.0000,0.0000,1.0000,0.2836,0.2073,0.2889
176,4,9.3748,-0.5484,0.5062,0.9980,-0.0630,0.0000,0.0630,0.9980,0.0000,0.0000,0.0000,1.0000,0.2820,0.2947,0.2062
176,5,9.5507,-0.4224,0.6614,0.9980,-0.0630,0.0000,0.0630,0.9980,0.0000,0.0000,0.0000,1.0000,0.1112,0.2100,0.3614
176,6,9.6448,-0.4088,0.4265,0.9980,-0.0630,0.0000,0.0630,0.9980,0.0000,0.0000,0.0000,1.0000,0.1972,0.1336,0.1265
176,7,9.7540,-0.4073,0.4491,0.9980,-0.0630,0.0000,0.0630,0.9980,0.0000,0.0000,0.0000,1.0000,0.1624,0.1625,0.0548
176,8,9.7840,-0.3659,0.4472,0.9980,-0.0630,0.0000,0.0630,0.9980,0.0000,0.0000,0.0000,1.0000,0.0831,0.2046,0.1050
176,9,9.8185,-0.3016,0.4544,0.9980,-0.0630,0.0000,0.0630,0.9980,0.0000,0.0000,0.0000,1.0000,0.0210,0.0279,0.0569
176,10,9.8585,-0.3642,0.4546,0.9980,-0.0630,0.0000,0.0630,0.9980,0.0000,0.0000,0.0000,1.0000,0.0210,0.0279,0.0569
177,0,9.2063,-0.2566,0.4400,0.9980,-0.0633,0.0000,0.0633,0.9980,0.0000,0.0000,0.0000,1.0000,0.2577,0.2263,0.1400
177,1,9.2145,-0.2542,0.6052,0.9980,-0.0633,0.0000,0.0633,0.9980,0.0000,0.0000,0.0000,1.0000,0.1100,0.2168,0.3052
177,2,9.2865,-0.3192,0.5173,0.9980,-0.0633,0.0000,0.0633,0.9980,0.0000,0.0000,0.0000,1.0000,0.1101,0.3070,0.2173
177,3,9.2976,-0.4970,0.5889,0.9980,-0.0633,0.0000,0.0633,0.9980,0.0000,0.0000,0.0000,1.0000,0.2836,0.2073,0.2889
177,4,9.4126,-0.5508,0.5062,0.9980,-0.0633,0.0000,0.0633,0.9980,0.0000,0.0000,0.0000,1.0000,0.2820,0.2947,0.2062
177,5,9.5885,-0.4249,0.6614,0.9980,-0.0633,0.0000,0.0633,0.9980,0.0000,0.0000,0.0000,1.0000,0.1112,0.2100,0.3614
177,6,9.6825,-0.4113,0.4265,0.9980,-0.0633,0.0000,0.0633,0.9980,0.0000,0.0000,0.0000,1.0000,0.1972,0.1336,0.1265
177,7,9.7917,-0.4098,0.4491,0.9980,-0.0633,0.0000,0.0633,0.9980,0.0000,0.0000,0.0000,1.0000,0.1624,0.1625,0.0548
177,8,9.8218,-0.3685,0.4472,0.9980,-0.0633,0.0000,0.0633,0.9980,0.0000,0.0000,0.0000,1.0000,0.0831,0.2046,0.1050
177,9,9.8563,-0.3042,0.4544,0.9980,-0.0633,0.0000,0.0633,0.9980,0.0000,0.0000,0.0000,1.0000,0.0210,0.0279,0.0569
177,10,9.8963,-0.3668,0.4546,0.9980,-0.0633,0.0000,0.0633,0.9980,0.0000,0.0000,0.0000,1.0000,0.0210,0.0279,0.0569
178,0,9.2434,-0.2589,0.4400,0.9980,-0.0635,0.0000,0.0635,0.9980,0.0000,0.0000,0.0000,1.0000,0.2577,0.2263,0.1400
178,1,9.2516,-0.2566,0.6052,0.9980,-0.0635,0.0000,0.0635,0.9980,0.0000,0.0000,0.0000,1.0000,0.1100,0.2168,0.3052
178,2,9.3236,-0.3216,0.5173,0.9980,-0.0635,0.0000,0.0635,0.9980,0.0000,0.0000,0.0000,1.0000,0.1101,0.3070,0.2173
178,3,9.3347,-0.4993,0.5889,0.9980,-0.0635,0.0000,0.0635,0.9980,0.0000,0.0000,0.0000,1.0000,0.2836,0.2073,0.2889
178,4,9.4496,-0.5532,0.5062,0.9980,-0.0635,0.0000,0.0635,0.9980,0.0000,0.0000,0.0000,1.0000,0.2820,0.2947,0.2062
178,5,9.6256,-0.4273,0.6614,0.9980,-0.0635,0.0000,0.0635,0.9980,0.0000,0.0000,0.0000,1.0000,0.1112,0.2100,0.3614
178,6,9.7196,-0.4138,0.4265,0.9980,-0.0635,0.0000,0.0635,0.9980,0.0000,0.0000,0.0000,1.0000,0.1972,0.1336,0.1265
178,7,9.8288,-0.4123,0.4491,0.9980,-0.0635,0.0000,0.0635,0.9980,0.0000,0.0000,0.0000,1.0000,0.1624,0.1625,0.0548
178,8,9.8589,-0.3709,0.4472,0.9980,-0.0635,0.0000,0.0635,0.9980,0.0000,0.0000,0.0000,1.0000,0.0831,0.2046,0.1050
178,9,9.8934,-0.3067,0.4544,0.9980,-0.0635,0.0000,0.0635,0.9980,0.0000,0.0000,0.0000,1.0000,0.0210,0.0279,0.0569
178,10,9.9334,-0.3693,0.4546,0.9980,-0.0635,0.0000,0.0635,0.9980,0.0000,0.0000,0.0000,1.0000,0.0210,0.0279,0.0569
179,0,9.2798,-0.2612,0.4400,0.9980,-0.0638,0.0000,0.0638,0.9980,0.0000,0.0000,0.0000,1.0000,0.2577,0.2263,0.1400
179,1,9.2881,-0.2589,0.6052,0.9980,-0.0638,0.0000,0.0638,0.9980,0.0000,0.0000,0.0000,1.0000,0.1100,0.2168,0.3052
179,2,9.3600,-0.3239,0.5173,0.9980,-0.0638,0.0000,0.0638,0.9980,0.0000,0.0000,0.0000,1.0000,0.1101,0.3070,0.2173
179,3,9.3711,-0.5017,0.5889,0.9980,-0.0638,0.0000,0.0638,0.9980,0.0000,0.0000,0.0000,1.0000,0.2836,0.2073,0.2889
179,4,9.4859,-0.5556,0.5062,0.9980,-0.0638,0.0000,0.0638,0.9980,0.0000,0.0000,0.0000,1.0000,0.2820,0.2947,0.2062
179,5,9.6619,-0.4298,0.6614,0.9980,-0.0638,0.0000,0.0638,0.9980,0.0000,0.0000,0.0000,1.0000,0.1112,0.2100,0.3614
179,6,9.7560,-0.4162,0.4265,0.9980,-0.0638,0.0000,0.0638,0.9980,0.0000,0.0000,0.0000,1.0000,0.1972,0.1336,0.1265
179,7,9.8652,-0.4148,0.4491,0.9980,-0.0638,0.0000,0.0638,0.9980,0.0000,0.0000,0.0000,1.0000,0.1624,0.1625,0.0548
179,8,9.8953,-0.3734,0.4472,0.9980,-0.0638,0.0000,0.0638,0.9980,0.0000,0.0000,0.0000,1.0000,0.0831,0.2046,0.1050
179,9,9.9298,-0.3092,0.4544,0.9980,-0.0638,0.0000,0.0638,0.9980,0.0000,0.0000,0.0000,1.0000,0.0210,0.0279,0.0569
179,10,9.9698,-0.3718,0.4546,0.9980,-0.0638,0.0000,0.0638,0.9980,0.0000,0.0000,0.0000,1.0000,0.0210,0.0279,0.0569
180,0,9.3155,-0.2635,0.4400,0.9979,-0.0640,0.0000,0.0640,0.9979,0.0000,0.0000,0.0000,1.0000,0.2577,0.2263,0.1400
180,1,9.3237,-0.2611,0.6052,0.9979,-0.0640,0.0000,0.0640,0.9979,0.0000,0.0000,0.0000,1.0000,0.1100,0.2168,0.3052
180,2,9.3956,-0.3262,0.5173,0.9979,-0.0640,0.0000,0.0640,0.9979,0.0000,0.0000,0.0000,1.0000,0.1101,0.3070,0.2173
180,3,9.4067,-0.5040,0.5889,0.9979,-0.0640,0.0000,0.0640,0.9979,0.0000,0.0000,0.0000,1.0000,0.2836,0.2073,0.2889
180,4,9.5215,-0.5579,0.5062,0.9979,-0.0640,0.0000,0.0640,0.9979,0.0000,0.0000,0.0000,1.0000,0.2820,0.2947,0.2062
180,5,9.6976,-0.4321,0.6614,0.9979,-0.0640,0.0000,0.0640,0.9979,0.0000,0.0000,0.0000,1.0000,0.1112,0.2100,0.3614
180,6,9.7916,-0.4186,0.4265,0.9979,-0.0640,0.0000,0.0640,0.9979,0.0000,0.0000,0.0000,1.0000,0.1972,0.1336,0.1265
180,7,9.9008,-0.4172,0.4491,0.9979,-0.0640,0.0000,0.0640,0.9979,0.0000,0.0000,0.0000,1.0000,0.1624,0.1625,0.0548
180,8,9.9309,-0.3758,0.4472,0.9979,-0.0640,0.0000,0.0640,0.9979,0.0000,0.0000,0.0000,1.0000,0.0831,0.2046,0.1050
180,9,9.9654,-0.3116,0.4544,0.9979,-0.0640,0.0000,0.0640,0.9979,0.0000,0.0000,0.0000,1.0000,0.0210,0.0279,0.0569
180,10,10.0054,-0.3742,0.4546,0.9979,-0.0640,0.0000,0.0640,0.9979,0.0000,0.0000,0.0000,1.0000,0.0210,0.0279,0.0569
181,0,9.3503,-0.2658,0.4400,0.9979,-0.0642,0.0000,0.0642,0.9979,0.0000,0.0000,0.0000,1.0000,0.2577,0.2263,0.1400
181,1,9.3586,-0.2634,0.6052,0.9979,-0.0642,0.0000,0.0642,0.9979,0.0000,0.0000,0.0000,1.0000,0.1100,0.2168,0.3052
181,2,9.4305,-0.3284,0.5173,0.9979,-0.0642,0.0000,0.0642,0.9979,0.0000,0.0000,0.0000,1.0000,0.1101,0.3070,0.2173
181,3,9.4415,-0.5062,0.5889,0.9979,-0.0642,0.0000,0.0642,0.9979,0.0000,0.0000,0.0000,1.0000,0.2836,0.2073,0.2889
181,4,9.5564,-0.5602,0.5062,0.9979,-0.0642,0.0000,0.0642,0.9979,0.0000,0.0000,0.0000,1.0000,0.2820,0.2947,0.2062
181,5,9.7324,-0.4344,0.6614,0.9979,-0.0642,0.0000,0.0642,0.9979,0.0000,0.0000,0.0000,1.0000,0.1112,0.2100,0.3614
181,6,9.8265,-0.4209,0.4265,0.9979,-0.0642,0.0000,0.0642,0.9979,0.0000,0.0000,0.0000,1.0000,0.1972,0.1336,0.1265
181,7,9.9357,-0.4196,0.4491,0.9979,-0.0642,0.0000,0.0642,0.9979,0.0000,0.0000,0.0000,1.0000,0.1624,0.1625,0.0548
181,8,9.9658,-0.3782,0.4472,0.9979,-0.0642,0.0000,0.0642,0.9979,0.0000,0.0000,0.0000,1.0000,0.0831,0.2046,0.1050
181,9,10.0003,-0.3140,0.4544,0.9979,-0.0642,0.0000,0.0642,0.9979,0.0000,0.0000,0.0000,1.0000,0.0210,0.0279,0.0569
181,10,10.0402,-0.3766,0.4546,0.9979,-0.0642,0.0000,0.0642,0.9979,0.0000,0.0000,0.0000,1.0000,0.0210,0.0279,0.0569
182,0,9.3844,-0.2679,0.4400,0.9979,-0.0644,0.0000,0.0644,0.9979,0.0000,0.0000,0.0000,1.0000,0.2577,0.2263,0.1400
182,1,9.3927,-0.2656,0.6052,0.9979,-0.0644,0.0000,0.0644,0.9979,0.0000,0.0000,0.0000,1.0000,0.1100,0.2168,0.3052
182,2,9.4646,-0.3306,0.5173,0.9979,-0.0644,0.0000,0.0644,0.9979,0.0000,0.0000,0.0000,1.0000,0.1101,0.3070,0.2173
182,3,9.4755,-0.5084,0.5889,0.9979,-0.0644,0.0000,0.0644,0.9979,0.0000,0.0000,0.0000,1.0000,0.2836,0.2073,0.2889
182,4,9.5904,-0.5624,0.5062,0.9979,-0.0644,0.0000,0.0644,0.9979,0.0000,0.0000,0.0000,1.0000,0.2820,0.2947,0.2062
182,5,9.7665,-0.4367,0.6614,0.9979,-0.0644,0.0000,0.0644,0.9979,0.0000,0.0000,0.0000,1.0000,0.1112,0.2100,0.3614
182,6,9.8605,-0.4232,0.4265,0.9979,-0.0644,0.0000,0.0644,0.9979,0.0000,0.0000,0.0000,1.0000,0.1972,0.1336,0.1265
182,7,9.9697,-0.4219,0.4491,0.9979,-0.0644,0.0000,0.0644,0.9979,0.0000,0.0000,0.0000,1.0000,0.1624,0.1625,0.0548
182,8,9.9999,-0.3805,0.4472,0.9979,-0.0644,0.0000,0.0644,0.9979,0.0000,0.0000,0.0000,1.0000,0.0831,0.2046,0.1050
182,9,10.0344,-0.3163,0.4544,0.9979,-0.0644,0.0000,0.0644,0.9979,0.0000,0.0000,0.0000,1.0000,0.0210,0.0279,0.0569
182,10,10.0743,-0.3789,0.4546,0.9979,-0.0644,0.0000,0.0644,0.9979,0.0000,0.0000,0.0000,1.0000,0.0210,0.0279,0.0569
183,0,9.4178,-0.2701,0.4400,0.9979,-0.0646,0.0000,0.0646,0.9979,0.0000,0.0000,0.0000,1.0000,0.2577,0.2263,0.1400
183,1,9.4261,-0.2677,0.6052,0.9979,-0.0646,0.0000,0.0646,0.9979,0.0000,0.0000,0.0000,1.0000,0.1100,0.2168,0.3052
183,2,9.4980,-0.3328,0.5173,0.9979,-0.0646,0.0000,0.0646,0.9979,0.0000,0.0000,0.0000,1.0000,0.1101,0.3070,0.2173
183,3,9.5089,-0.5106,0.5889,0.9979,-0.0646,0.0000,0.0646,0.9979,0.0000,0.0000,0.0000,1.0000,0.2836,0.2073,0.2889
183,4,9.6237,-0.5646,0.5062,0.9979,-0.0646,0.0000,0.0646,0.9979,0.0000,0.0000,0.0000,1.0000,0.2820,0.2947,0.2062
183,5,9.7998,-0.4389,0.6614,0.9979,-0.0646,0.0000,0.0646,0.9979,0.0000,0.0000,0.0000,1.0000,0.1112,0.2100,0.3614
183,6,9.8939,-0.4255,0.4265,0.9979,-0.0646,0.0000,0.0646,0.9979,0.0000,0.0000,0.0000,1.0000,0.1972,0.1336,0.1265
183,7,10.0031,-0.4241,0.4491,0.9979,-0.0646,0.0000,0.0646,0.9979,0.0000,0.0000,0.0000,1.0000,0.1624,0.1625,0.0548
183,8,10.0332,-0.3828,0.4472,0.9979,-0.0646,0.0000,0.0646,0.9979,0.0000,0.0000,0.0000,1.0000,0.0831,0.2046,0.1050
183,9,10.0678,-0.3186,0.4544,0.9979,-0.0646,0.0000,0.0646,0.9979,0.0000,0.0000,0.0000,1.0000,0.0210,0.0279,0.0569
183,10,10.1077,-0.3812,0.4546,0.9979,-0.0646,0.0000,0.0646,0.9979,0.0000,0.0000,0.0000,1.0000,0.0210,0.0279,0.0569
184,0,9.4508,-0.2722,0.4400,0.9979,-0.0647,0.0000,0.0647,0.9979,0.0000,0.0000,0.0000,1.0000,0.2577,0.2263,0.1400
184,1,9.4591,-0.2699,0.6052,0.9979,-0.0647,0.0000,0.0647,0.9979,0.0000,0.0000,0.0000,1.0000,0.1100,0.2168,0.3052
184,2,9.5310,-0.3349,0.5173,0.9979,-0.0647,0.0000,0.0647,0.9979,0.0000,0.0000,0.0000,1.0000,0.1101,0.3070,0.2173
184,3,9.5419,-0.5127,0.5889,0.9979,-0.0647,0.0000,0.0647,0.9979,0.0000,0.0000,0.0000,1.0000,0.2836,0.2073,0.2889
184,4,9.6567,-0.5668,0.5062,0.9979,-0.0647,0.0000,0.0647,0.9979,0.0000,0.0000,0.0000,1.0000,0.2820,0.2947,0.2062
184,5,9.8328,-0.4411,0.6614,0.9979,-0.0647,0.0000,0.0647,0.9979,0.0000,0.0000,0.0000,1.0000,0.1112,0.2100,0.3614
184,6,9.9269,-0.4277,0.4265,0.9979,-0.0647,0.0000,0.0647,0.9979,0.0000,0.0000,0.0000,1.0000,0.1972,0.1336,0.1265
184,7,10.0361,-0.4263,0.4491,0.9979,-0.0647,0.0000,0.0647,0.9979,0.0000,0.0000,0.0000,1.0000,0.1624,0.1625,0.0548
184,8,10.0662,-0.3850,0.4472,0.9979,-0.0647,0.0000,0.0647,0.9979,0.0000,0.0000,0.0000,1.0000,0.0831,0.2046,0.1050
184,9,10.1008,-0.3208,0.4544,0.9979,-0.0647,0.0000,0.0647,0.9979,0.0000,0.0000,0.0000,1.0000,0.0210,0.0279,0.0569
184,10,10.1407,-0.3834,0.4546,0.9979,-0.0647,0.0000,0.0647,0.9979,0.0000,0.0000,0.0000,1.0000,0.0210,0.0279,0.0569
185,0,9.4836,-0.2743,0.4400,0.9979,-0.0649,0.0000,0.0649,0.9979,0.0000,0.0000,0.0000,1.0000,0.2577,0.2263,0.1400
185,1,9.4919,-0.2720,0.6052,0.9979,-0.0649,0.0000,0.0649,0.9979,0.0000,0.0000,0.0000,1.0000,0.1100,0.2168,0.3052
185,2,9.5637,-0.3371,0.5173,0.9979,-0.0649,0.0000,0.0649,0.9979,0.0000,0.0000,0.0000,1.0000,0.1101,0.3070,0.2173
185,3,9.5746,-0.5149,0.5889,0.9979,-0.0649,0.0000,0.0649,0.9979,0.0000,0.0000,0.0000,1.0000,0.2836,0.2073,0.2889
185,4,9.6894,-0.5689,0.5062,0.9979,-0.0649,0.0000,0.0649,0.9979,0.0000,0.0000,0.0000,1.0000,0.2820,0.2947,0.2062
185,5,9.8655,-0.4433,0.6614,0.9979,-0.0649,0.0000,0.0649,0.9979,0.0000,0.0000,0.0000,1.0000,0.1112,0.2100,0.3614
185,6,9.9596,-0.4299,0.4265,0.9979,-0.0649,0.0000,0.0649,0.9979,0.0000,0.0000,0.0000,1.0000,0.1972,0.1336,0.1265
185,7,10.0688,-0.4285,0.4491,0.9979,-0.0649,0.0000,0.0649,0.9979,0.0000,0.0000,0.0000,1.0000,0.1624,0.1625,0.0548
185,8,10.0990,-0.3872,0.4472,0.9979,-0.0649,0.0000,0.0649,0.9979,0.0000,0.0000,0.0000,1.0000,0.0831,0.2046,0.1050
185,9,10.1335,-0.3230,0.4544,0.9979,-0.0649,0.0000,0.0649,0.9979,0.0000,0.0000,0.0000,1.0000,0.0210,0.0279,0.0569
185,10,10.1734,-0.3856,0.4546,0.9979,-0.0649,0.0000,0.0649,0.9979,0.0000,0.0000,0.0000,1.0000,0.0210,0.0279,0.0569
186,0,9.5162,-0.2765,0.4400,0.9979,-0.0650,0.0000,0.0650,0.9979,0.0000,0.0000,0.0000,1.0000,0.2577,0.2263,0.1400
186,1,9.5244,-0.2741,0.6052,0.9979,-0.0650,0.0000,0.0650,0.9979,0.0000,0.0000,0.0000,1.0000,0.1100,0.2168,0.3052
186,2,9.5963,-0.3392,0.5173,0.9979,-0.0650,0.0000,0.0650,0.9979,0.0000,0.0000,0.0000,1.0000,0.1101,0.3070,0.2173
186,3,9.6071,-0.5170,0.5889,0.9979,-0.0650,0.0000,0.0650,0.9979,0.0000,0.0000,0.0000,1.0000,0.2836,0.2073,0.2889
186,4,9.7220,-0.5711,0.5062,0.9979,-0.0650,0.0000,0.0650,0.9979,0.0000,0.0000,0.0000,1.0000,0.2820,0.2947,0.2062
186,5,9.8981,-0.4454,0.6614,0.9979,-0.0650,0.0000,0.0650,0.9979,0.0000,0.0000,0.0000,1.0000,0.1112,0.2100,0.3614
186,6,9.9922,-0.4320,0.4265,0.9979,-0.0650,0.0000,0.0650,0.9979,0.0000,0.0000,0.0000,1.0000,0.1972,0.1336,0.1265
186,7,10.1014,-0.4307,0.4491,0.9979,-0.0650,0.0000,0.0650,0.9979,0.0000,0.0000,0.0000,1.0000,0.1624,0.1625,0.0548
186,8,10.1315,-0.3894,0.4472,0.9979,-0.0650,0.0000,0.0650,0.9979,0.0000,0.0000,0.0000,1.0000,0.0831,0.2046,0.1050
186,9,10.1661,-0.3252,0.4544,0.9979,-0.0650,0.0000,0.0650,0.9979,0.0000,0.0000,0.0000,1.0000,0.0210,0.0279,0.0569
186,10,10.2060,-0.3878,0.4546,0.9979,-0.0650,0.0000,0.0650,0.9979,0.0000,0.0000,0.0000,1.0000,0.0210,0.0279,0.0569
187,0,9.5487,-0.2786,0.4400,0.9979,-0.0651,0.0000,0.0651,0.9979,0.0000,0.0000,0.0000,1.0000,0.2577,0.2263,0.1400
187,1,9.5570,-0.2762,0.6052,0.9979,-0.0651,0.0000,0.0651,0.9979,0.0000,0.0000,0.0000,1.0000,0.1100,0.2168,0.3052
187,2,9.6288,-0.3413,0.5173,0.9979,-0.0651,0.0000,0.0651,0.9979,0.0000,0.0000,0.0000,1.0000,0.1101,0.3070,0.2173
187,3,9.6396,-0.5191,0.5889,0.9979,-0.0651,0.0000,0.0651,0.9979,0.0000,0.0000,0.0000,1.0000,0.2836,0.2073,0.2889
187,4,9.7545,-0.5732,0.5062,0.9979,-0.0651,0.0000,0.0651,0.9979,0.0000,0.0000,0.0000,1.0000,0.2820,0.2947,0.2062
187,5,9.9306,-0.4476,0.6614,0.9979,-0.0651,0.0000,0.0651,0.9979,0.0000,0.0000,0.0000,1.0000,0.1112,0.2100,0.3614
187,6,10.0247,-0.4342,0.4265,0.9979,-0.0651,0.0000,0.0651,0.9979,0.0000,0.0000,0.0000,1.0000,0.1972,0.1336,0.1265
187,7,10.1339,-0.4329,0.4491,0.9979,-0.0651,0.0000,0.0651,0.9979,0.0000,0.0000,0.0000,1.0000,0.1624,0.1625,0.0548
187,8,10.1641,-0.3916,0.4472,0.9979,-0.0651,0.0000,0.0651,0.9979,0.0000,0.0000,0.0000,1.0000,0.0831,0.2046,0.1050
187,9,10.1986,-0.3274,0.4544,0.9979,-0.0651,0.0000,0.0651,0.9979,0.0000,0.0000,0.0000,1.0000,0.0210,0.0279,0.0569
187,10,10.2385,-0.3900,0.4546,0.9979,-0.0651,0.0000,0.0651,0.9979,0.0000,0.0000,0.0000,1.0000,0.0210,0.0279,0.0569
188,0,9.5812,-0.2807,0.4400,0.9979,-0.0652,0.0000,0.0652,0.9979,0.0000,0.0000,0.0000,1.0000,0.2577,0.2263,0.1400
188,1,9.5895,-0.2783,0.6052,0.9979,-0.0652,0.0000,0.0652,0.9979,0.0000,0.0000,0.0000,1.0000,0.1100,0.2168,0.3052
188,2,9.6613,-0.3435,0.5173,0.9979,-0.0652,0.0000,0.0652,0.9979,0.0000,0.0000,0.0000,1.0000,0.1101,0.3070,0.2173
188,3,9.6721,-0.5212,0.5889,0.9979,-0.0652,0.0000,0.0652,0.9979,0.0000,0.0000,0.0000,1.0000,0.2836,0.2073,0.2889
188,4,9.7869,-0.5753,0.5062,0.9979,-0.0652,0.0000,0.0652,0.9979,0.0000,0.0000,0.0000,1.0000,0.2820,0.2947,0.2062
188,5,9.9631,-0.4498,0.6614,0.9979,-0.0652,0.0000,0.0652,0.9979,0.0000,0.0000,0.0000,1.0000,0.1112,0.2100,0.3614
188,6,10.0572,-0.4364,0.4265,0.9979,-0.0652,0.0000,0.0652,0.9979,0.0000,0.0000,0.0000,1.0000,0.1972,0.1336,0.1265
188,7,10.1664,-0.4351,0.4491,0.9979,-0.0652,0.0000,0.0652,0.9979,0.0000,0.0000,0.0000,1.0000,0.1624,0.1625,0.0548
188,8,10.1965,-0.3938,0.4472,0.9979,-0.0652,0.0000,0.0652,0.9979,0.0000,0.0000,0.0000,1.0000,0.0831,0.2046,0.1050
188,9,10.2311,-0.3296,0.4544,0.9979,-0.0652,0.0000,0.0652,0.9979,0.0000,0.0000,0.0000,1.0000,0.0210,0.0279,0.0569
188,10,10.2710,-0.3922,0.4546,0.9979,-0.0652,0.0000,0.0652,0.9979,0.0000,0.0000,0.0000,1.0000,0.0210,0.0279,0.0569
189,0,9.6136,-0.2828,0.4400,0.9979,-0.0653,0.0000,0.0653,0.9979,0.0000,0.0000,0.0000,1.0000,0.2577,0.2263,0.1400
189,1,9.6219,-0.2804,0.6052,0.9979,-0.0653,0.0000,0.0653,0.9979,0.0000,0.0000,0.0000,1.0000,0.1100,0.2168,0.3052
189,2,9.6937,-0.3456,0.5173,0.9979,-0.0653,0.0000,0.0653,0.9979,0.0000,0.0000,0.0000,1.0000,0.1101,0.3070,0.2173
189,3,9.7045,-0.5234,0.5889,0.9979,-0.0653,0.0000,0.0653,0.9979,0.0000,0.0000,0.0000,1.0000,0.2836,0.2073,0.2889
189,4,9.8193,-0.5775,0.5062,0.9979,-0.0653,0.0000,0.0653,0.9979,0.0000,0.0000,0.0000,1.0000,0.2820,0.2947,0.2062
189,5,9.9955,-0.4519,0.6614,0.9979,-0.0653,0.0000,0.0653,0.9979,0.0000,0.0000,0.0000,1.0000,0.1112,0.2100,0.3614
189,6,10.0896,-0.4385,0.4265,0.9979,-0.0653,0.0000,0.0653,0.9979,0.0000,0.0000,0.0000,1.0000,0.1972,0.1336,0.1265
189,7,10.1988,-0.4373,0.4491,0.9979,-0.0653,0.0000,0.0653,0.9979,0.0000,0.0000,0.0000,1.0000,0.1624,0.1625,0.0548
189,8,10.2289,-0.3959,0.4472,0.9979,-0.0653,0.0000,0.0653,0.9979,0.0000,0.0000,0.0000,1.0000,0.0831,0.2046,0.1050
189,9,10.2635,-0.3318,0.4544,0.9979,-0.0653,0.0000,0.0653,0.9979,0.0000,0.0000,0.0000,1.0000,0.0210,0.0279,0.0569
189,10,10.3034,-0.3944,0.4546,0.9979,-0.0653,0.0000,0.0653,0.9979,0.0000,0.0000,0.0000,1.0000,0.0210,0.0279,0.0569
190,0,9.6460,-0.2849,0.4400,0.9979,-0.0654,0.0000,0.0654,0.9979,0.0000,0.0000,0.0000,1.0000,0.2577,0.2263,0.1400
190,1,9.6543,-0.2826,0.6052,0.9979,-0.0654,0.0000,0.0654,0.9979,0.0000,0.0000,0.0000,1.0000,0.1100,0.2168,0.3052
190,2,9.7261,-0.3477,0.5173,0.9979,-0.0654,0.0000,0.0654,0.9979,0.0000,0.0000,0.0000,1.0000,0.1101,0.3070,0.2173
190,3,9.7369,-0.5255,0.5889,0.9979,-0.0654,0.0000,0.0654,0.9979,0.0000,0.0000,0.0000,1.0000,0.2836,0.2073,0.2889
190,4,9.8517,-0.5796,0.5062,0.9979,-0.0654,0.0000,0.0654,0.9979,0.0000,0.0000,0.0000,1.0000,0.2820,0.2947,0.2062
190,5,10.0279,-0.4541,0.6614,0.9979,-0.0654,0.0000,0.0654,0.9979,0.0000,0.0000,0.0000,1.0000,0.1112,0.2100,0.3614
190,6,10.1220,-0.4407,0.4265,0.9979,-0.0654,0.0000,0.0654,0.9979,0.0000,0.0000,0.0000,1.0000,0.1972,0.1336,0.1265
190,7,10.2312,-0.4394,0.4491,0.9979,-0.0654,0.0000,0.0654,0.9979,0.0000,0.0000,0.0000,1.0000,0.1624,0.1625,0.0548
190,8,10.2614,-0.3981,0.4472,0.9979,-0.0654,0.0000,0.0654,0.9979,0.0000,0.0000,0.0000,1.0000,0.0831,0.2046,0.1050
190,9,10.2959,-0.3339,0.4544,0.9979,-0.0654,0.0000,0.0654,0.9979,0.0000,0.0000,0.0000,1.0000,0.0210,0.0279,0.0569
190,10,10.3358,-0.3966,0.4546,0.9979,-0.0654,0.0000,0.0654,0.9979,0.0000,0.0000,0.0000,1.0000,0.0210,0.0279,0.0569
191,0,9.6785,-0.2871,0.4400,0.9979,-0.0654,0.0000,0.0654,0.9979,0.0000,0.0000,0.0000,1.0000,0.2577,0.2263,0.1400
191,1,9.6868,-0.2847,0.6052,0.9979,-0.0654,0.0000,0.0654,0.9979,0.0000,0.0000,0.0000,1.0000,0.1100,0.2168,0.3052
191,2,9.7586,-0.3498,0.5173,0.9979,-0.0654,0.0000,0.0654,0.9979,0.0000,0.0000,0.0000,1.0000,0.1101,0.3070,0.2173
191,3,9.7694,-0.5276,0.5889,0.9979,-0.0654,0.0000,0.0654,0.9979,0.0000,0.0000,0.0000,1.0000,0.2836,0.2073,0.2889
191,4,9.8842,-0.5818,0.5062,0.9979,-0.0654,0.0000,0.0654,0.9979,0.0000,0.0000,0.0000,1.0000,0.2820,0.2947,0.2062
191,5,10.0604,-0.4562,0.6614,0.9979,-0.0654,0.0000,0.0654,0.9979,0.0000,0.0000,0.0000,1.0000,0.1112,0.2100,0.3614
191,6,10.1544,-0.4428,0.4265,0.9979,-0.0654,0.0000,0.0654,0.9979,0.0000,0.0000,0.0000,1.0000,0.1972,0.1336,0.1265
191,7,10.2637,-0.4416,0.4491,0.9979,-0.0654,0.0000,0.0654,0.9979,0.0000,0.0000,0.0000,1.0000,0.1624,0.1625,0.0548
191,8,10.2938,-0.4003,0.4472,0.9979,-0.0654,0.0000,0.0654,0.9979,0.0000,0.0000,0.0000,1.0000,0.0831,0.2046,0.1050
191,9,10.3284,-0.3361,0.4544,0.9979,-0.0654,0.0000,0.0654,0.9979,0.0000,0.0000,0.0000,1.0000,0.0210,0.0279,0.0569
191,10,10.3683,-0.3987,0.4546,0.9979,-0.0654,0.0000,0.0654,0.9979,0.0000,0.0000,0.0000,1.0000,0.0210,0.0279,0.0569
192,0,0.4363,-0.0084,0.4400,1.0000,-0.0027,0.0000,0.0027,1.0000,0.0000,0.0000,0.0000,1.0000,0.2577,0.2263,0.1400
192,1,0.4444,-0.0056,0.6052,1.0000,-0.0027,0.0000,0.0027,1.0000,0.0000,0.0000,0.0000,1.0000,0.1100,0.2168,0.3052
192,2,0.5201,-0.0661,0.5173,1.0000,-0.0027,0.0000,0.0027,1.0000,0.0000,0.0000,0.0000,1.0000,0.1101,0.3070,0.2173
192,3,0.5420,-0.2428,0.5889,1.0000,-0.0027,0.0000,0.0027,1.0000,0.0000,0.0000,0.0000,1.0000,0.2836,0.2073,0.2889
192,4,0.6600,-0.2896,0.5062,1.0000,-0.0027,0.0000,0.0027,1.0000,0.0000,0.0000,0.0000,1.0000,0.2820,0.2947,0.2062
192,5,0.8280,-0.1533,0.6614,1.0000,-0.0027,0.0000,0.0027,1.0000,0.0000,0.0000,0.0000,1.0000,0.1112,0.2100,0.3614
192,6,0.9210,-0.1341,0.4265,1.0000,-0.0027,0.0000,0.0027,1.0000,0.0000,0.0000,0.0000,1.0000,0.1972,0.1336,0.1265
192,7,1.0300,-0.1259,0.4491,1.0000,-0.0027,0.0000,0.0027,1.0000,0.0000,0.0000,0.0000,1.0000,0.1624,0.1625,0.0548
192,8,1.0575,-0.0828,0.4472,1.0000,-0.0027,0.0000,0.0027,1.0000,0.0000,0.0000,0.0000,1.0000,0.0831,0.2046,0.1050
192,9,1.0880,-0.0166,0.4544,1.0000,-0.0027,0.0000,0.0027,1.0000,0.0000,0.0000,0.0000,1.0000,0.0210,0.0279,0.0569
192,10,1.1317,-0.0766,0.4546,1.0000,-0.0027,0.0000,0.0027,1.0000,0.0000,0.0000,0.0000,1.0000,0.0210,0.0279,0.0569
193,0,0.9005,-0.0101,0.4400,1.0000,-0.0051,0.0000,0.0051,1.0000,0.0000,0.0000,0.0000,1.0000,0.2577,0.2263,0.1400
193,1,0.9086,-0.0073,0.6052,1.0000,-0.0051,0.0000,0.0051,1.0000,0.0000,0.0000,0.0000,1.0000,0.1100,0.2168,0.3052
193,2,0.9842,-0.0680,0.5173,1.0000,-0.0051,0.0000,0.0051,1.0000,0.0000,0.0000,0.0000,1.0000,0.1101,0.3070,0.2173
193,3,1.0057,-0.2448,0.5889,1.0000,-0.0051,0.0000,0.0051,1.0000,0.0000,0.0000,0.0000,1.0000,0.2836,0.2073,0.2889
193,4,1.1235,-0.2919,0.5062,1.0000,-0.0051,0.0000,0.0051,1.0000,0.0000,0.0000,0.0000,1.0000,0.2820,0.2947,0.2062
193,5,1.2918,-0.1559,0.6614,1.0000,-0.0051,0.0000,0.0051,1.0000,0.0000,0.0000,0.0000,1.0000,0.1112,0.2100,0.3614
193,6,1.3849,-0.1369,0.4265,1.0000,-0.0051,0.0000,0.0051,1.0000,0.0000,0.0000,0.0000,1.0000,0.1972,0.1336,0.1265
193,7,1.4939,-0.1291,0.4491,1.0000,-0.0051,0.0000,0.0051,1.0000,0.0000,0.0000,0.0000,1.0000,0.1624,0.1625,0.0548
193,8,1.5215,-0.0860,0.4472,1.0000,-0.0051,0.0000,0.0051,1.0000,0.0000,0.0000,0.0000,1.0000,0.0831,0.2046,0.1050
193,9,1.5521,-0.0198,0.4544,1.0000,-0.0051,0.0000,0.0051,1.0000,0.0000,0.0000,0.0000,1.0000,0.0210,0.0279,0.0569
193,10,1.5957,-0.0800,0.4546,1.0000,-0.0051,0.0000,0.0051,1.0000,0.0000,0.0000,0.0000,1.0000,0.0210,0.0279,0.0569
194,0,1.3519,-0.0128,0.4400,1.0000,-0.0072,0.0000,0.0072,1.0000,0.0000,0.0000,0.0000,1.0000,0.2577,0.2263,0.1400
194,1,1.3600,-0.0100,0.6052,1.0000,-0.0072,0.0000,0.0072,1.0000,0.0000,0.0000,0.0000,1.0000,0.1100,0.2168,0.3052
194,2,1.4355,-0.0708,0.5173,1.0000,-0.0072,0.0000,0.0072,1.0000,0.0000,0.0000,0.0000,1.0000,0.1101,0.3070,0.2173
194,3,1.4566,-0.2477,0.5889,1.0000,-0.0072,0.0000,0.0072,1.0000,0.0000,0.0000,0.0000,1.0000,0.2836,0.2073,0.2889
194,4,1.5744,-0.2950,0.5062,1.0000,-0.0072,0.0000,0.0072,1.0000,0.0000,0.0000,0.0000,1.0000,0.2820,0.2947,0.2062
194,5,1.7429,-0.1594,0.6614,1.0000,-0.0072,0.0000,0.0072,1.0000,0.0000,0.0000,0.0000,1.0000,0.1112,0.2100,0.3614
194,6,1.8361,-0.1406,0.4265,1.0000,-0.0072,0.0000,0.0072,1.0000,0.0000,0.0000,0.0000,1.0000,0.1972,0.1336,0.1265
194,7,1.9450,-0.1330,0.4491,1.0000,-0.0072,0.0000,0.0072,1.0000,0.0000,0.0000,0.0000,1.0000,0.1624,0.1625,0.0548
194,8,1.9727,-0.0900,0.4472,1.0000,-0.0072,0.0000,0.0072,1.0000,0.0000,0.0000,0.0000,1.0000,0.0831,0.2046,0.1050
194,9,2.0035,-0.0239,0.4544,1.0000,-0.0072,0.0000,0.0072,1.0000,0.0000,0.0000,0.0000,1.0000,0.0210,0.0279,0.0569
194,10,2.0470,-0.0841,0.4546,1.0000,-0.0072,0.0000,0.0072,1.0000,0.0000,0.0000,0.0000,1.0000,0.0210,0.0279,0.0569
195,0,1.7908,-0.0163,0.4400,1.0000,-0.0092,0.0000,0.0092,1.0000,0.0000,0.0000,0.0000,1.0000,0.2577,0.2263,0.1400
195,1,1.7990,-0.0135,0.6052,1.0000,-0.0092,0.0000,0.0092,1.0000,0.0000,0.0000,0.0000,1.0000,0.1100,0.2168,0.3052
195,2,1.8743,-0.0745,0.5173,1.0000,-0.0092,0.0000,0.0092,1.0000,0.0000,0.0000,0.0000,1.0000,0.1101,0.3070,0.2173
195,3,1.8951,-0.2514,0.5889,1.0000,-0.0092,0.0000,0.0092,1.0000,0.0000,0.0000,0.0000,1.0000,0.2836,0.2073,0.2889
195,4,2.0127,-0.2990,0.5062,1.0000,-0.0092,0.0000,0.0092,1.0000,0.0000,0.0000,0.0000,1.0000,0.2820,0.2947,0.2062
195,5,2.1816,-0.1638,0.6614,1.0000,-0.0092,0.0000,0.0092,1.0000,0.0000,0.0000,0.0000,1.0000,0.1112,0.2100,0.3614
195,6,2.2748,-0.1451,0.4265,1.0000,-0.0092,0.0000,0.0092,1.0000,0.0000,0.0000,0.0000,1.0000,0.1972,0.1336,0.1265
195,7,2.3837,-0.1377,0.4491,1.0000,-0.0092,0.0000,0.0092,1.0000,0.0000,0.0000,0.0000,1.0000,0.1624,0.1625,0.0548
195,8,2.4115,-0.0948,0.4472,1.0000,-0.0092,0.0000,0.0092,1.0000,0.0000,0.0000,0.0000,1.0000,0.0831,0.2046,0.1050
195,9,2.4425,-0.0288,0.4544,1.0000,-0.0092,0.0000,0.0092,1.0000,0.0000,0.0000,0.0000,1.0000,0.0210,0.0279,0.0569
195,10,2.4858,-0.0891,0.4546,1.0000,-0.0092,0.0000,0.0092,1.0000,0.0000,0.0000,0.0000,1.0000,0.0210,0.0279,0.0569
196,0,2.2178,-0.0206,0.4400,0.9999,-0.0110,0.0000,0.0110,0.9999,0.0000,0.0000,0.0000,1.0000,0.2577,0.2263,0.1400
196,1,2.2259,-0.0178,0.6052,0.9999,-0.0110,0.0000,0.0110,0.9999,0.0000,0.0000,0.0000,1.0000,0.1100,0.2168,0.3052
196,2,2.3011,-0.0789,0.5173,0.9999,-0.0110,0.0000,0.0110,0.9999,0.0000,0.0000,0.0000,1.0000,0.1101,0.3070,0.2173
196,3,2.3216,-0.2559,0.5889,0.9999,-0.0110,0.0000,0.0110,0.9999,0.0000,0.0000,0.0000,1.0000,0.2836,0.2073,0.2889
196,4,2.4392,-0.3037,0.5062,0.9999,-0.0110,0.0000,0.0110,0.9999,0.0000,0.0000,0.0000,1.0000,0.2820,0.2947,0.2062
196,5,2.6083,-0.1687,0.6614,0.9999,-0.0110,0.0000,0.0110,0.9999,0.0000,0.0000,0.0000,1.0000,0.1112,0.2100,0.3614
196,6,2.7015,-0.1502,0.4265,0.9999,-0.0110,0.0000,0.0110,0.9999,0.0000,0.0000,0.0000,1.0000,0.1972,0.1336,0.1265
196,7,2.8105,-0.1430,0.4491,0.9999,-0.0110,0.0000,0.0110,0.9999,0.0000,0.0000,0.0000,1.0000,0.1624,0.1625,0.0548
196,8,2.8383,-0.1001,0.4472,0.9999,-0.0110,0.0000,0.0110,0.9999,0.0000,0.0000,0.0000,1.0000,0.0831,0.2046,0.1050
196,9,2.8694,-0.0342,0.4544,0.9999,-0.0110,0.0000,0.0110,0.9999,0.0000,0.0000,0.0000,1.0000,0.0210,0.0279,0.0569
196,10,2.9126,-0.0946,0.4546,0.9999,-0.0110,0.0000,0.0110,0.9999,0.0000,0.0000,0.0000,1.0000,0.0210,0.0279,0.0569
197,0,2.6330,-0.0255,0.4400,0.9999,-0.0129,0.0000,0.0129,0.9999,0.0000,0.0000,0.0000,1.0000,0.2577,0.2263,0.1400
197,1,2.6412,-0.0227,0.6052,0.9999,-0.0129,0.0000,0.0129,0.9999,0.0000,0.0000,0.0000,1.0000,0.1100,0.2168,0.3052
197,2,2.7163,-0.0840,0.5173,0.9999,-0.0129,0.0000,0.0129,0.9999,0.0000,0.0000,0.0000,1.0000,0.1101,0.3070,0.2173
197,3,2.7364,-0.2609,0.5889,0.9999,-0.0129,0.0000,0.0129,0.9999,0.0000,0.0000,0.0000,1.0000,0.2836,0.2073,0.2889
197,4,2.8539,-0.3089,0.5062,0.9999,-0.0129,0.0000,0.0129,0.9999,0.0000,0.0000,0.0000,1.0000,0.2820,0.2947,0.2062
197,5,3.0232,-0.1743,0.6614,0.9999,-0.0129,0.0000,0.0129,0.9999,0.0000,0.0000,0.0000,1.0000,0.1112,0.2100,0.3614
197,6,3.1165,-0.1560,0.4265,0.9999,-0.0129,0.0000,0.0129,0.9999,0.0000,0.0000,0.0000,1.0000,0.1972,0.1336,0.1265
197,7,3.2255,-0.1490,0.4491,0.9999,-0.0129,0.0000,0.0129,0.9999,0.0000,0.0000,0.0000,1.0000,0.1624,0.1625,0.0548
197,8,3.2534,-0.1062,0.4472,0.9999,-0.0129,0.0000,0.0129,0.9999,0.0000,0.0000,0.0000,1.0000,0.0831,0.2046,0.1050
197,9,3.2846,-0.0403,0.4544,0.9999,-0.0129,0.0000,0.0129,0.9999,0.0000,0.0000,0.0000,1.0000,0.0210,0.0279,0.0569
197,10,3.3277,-0.1007,0.4546,0.9999,-0.0129,0.0000,0.0129,0.9999,0.0000,0.0000,0.0000,1.0000,0.0210,0.0279,0.0569
198,0,3.0369,-0.0309,0.4400,0.9999,-0.0145,0.0000,0.0145,0.9999,0.0000,0.0000,0.0000,1.0000,0.2577,0.2263,0.1400
198,1,3.0451,-0.0282,0.6052,0.9999,-0.0145,0.0000,0.0145,0.9999,0.0000,0.0000,0.0000,1.0000,0.1100,0.2168,0.3052
198,2,3.1201,-0.0896,0.5173,0.9999,-0.0145,0.0000,0.0145,0.9999,0.0000,0.0000,0.0000,1.0000,0.1101,0.3070,0.2173
198,3,3.1399,-0.2666,0.5889,0.9999,-0.0145,0.0000,0.0145,0.9999,0.0000,0.0000,0.0000,1.0000,0.2836,0.2073,0.2889
198,4,3.2573,-0.3148,0.5062,0.9999,-0.0145,0.0000,0.0145,0.9999,0.0000,0.0000,0.0000,1.0000,0.2820,0.2947,0.2062
198,5,3.4269,-0.1804,0.6614,0.9999,-0.0145,0.0000,0.0145,0.9999,0.0000,0.0000,0.0000,1.0000,0.1112,0.2100,0.3614
198,6,3.5202,-0.1623,0.4265,0.9999,-0.0145,0.0000,0.0145,0.9999,0.0000,0.0000,0.0000,1.0000,0.1972,0.1336,0.1265
198,7,3.6292,-0.1555,0.4491,0.9999,-0.0145,0.0000,0.0145,0.9999,0.0000,0.0000,0.0000,1.0000,0.1624,0.1625,0.0548
198,8,3.6572,-0.1127,0.4472,0.9999,-0.0145,0.0000,0.0145,0.9999,0.0000,0.0000,0.0000,1.0000,0.0831,0.2046,0.1050
198,9,3.6885,-0.0468,0.4544,0.9999,-0.0145,0.0000,0.0145,0.9999,0.0000,0.0000,0.0000,1.0000,0.0210,0.0279,0.0569
198,10,3.7315,-0.1073,0.4546,0.9999,-0.0145,0.0000,0.0145,0.9999,0.0000,0.0000,0.0000,1.0000,0.0210,0.0279,0.0569
199,0,3.4298,-0.0369,0.4400,0.9999,-0.0162,0.0000,0.0162,0.9999,0.0000,0.0000,0.0000,1.0000,0.2577,0.2263,0.1400
199,1,3.4379,-0.0341,0.6052,0.9999,-0.0162,0.0000,0.0162,0.9999,0.0000,0.0000,0.0000,1.0000,0.1100,0.2168,0.3052
199,2,3.5129,-0.0956,0.5173,0.9999,-0.0162,0.0000,0.0162,0.9999,0.0000,0.0000,0.0000,1.0000,0.1101,0.3070,0.2173
199,3,3.5324,-0.2727,0.5889,0.9999,-0.0162,0.0000,0.0162,0.9999,0.0000,0.0000,0.0000,1.0000,0.2836,0.2073,0.2889
199,4,3.6497,-0.3211,0.5062,0.9999,-0.0162,0.0000,0.0162,0.9999,0.0000,0.0000,0.0000,1.0000,0.2820,0.2947,0.2062
199,5,3.8195,-0.1870,0.6614,0.9999,-0.0162,0.0000,0.0162,0.9999,0.0000,0.0000,0.0000,1.0000,0.1112,0.2100,0.3614
199,6,3.9128,-0.1690,0.4265,0.9999,-0.0162,0.0000,0.0162,0.9999,0.0000,0.0000,0.0000,1.0000,0.1972,0.1336,0.1265
199,7,4.0218,-0.1624,0.4491,0.9999,-0.0162,0.0000,0.0162,0.9999,0.0000,0.0000,0.0000,1.0000,0.1624,0.1625,0.0548
199,8,4.0499,-0.1196,0.4472,0.9999,-0.0162,0.0000,0.0162,0.9999,0.0000,0.0000,0.0000,1.0000,0.0831,0.2046,0.1050
199,9,4.0813,-0.0538,0.4544,0.9999,-0.0162,0.0000,0.0162,0.9999,0.0000,0.0000,0.0000,1.0000,0.0210,0.0279,0.0569
199,10,4.1242,-0.1144,0.4546,0.9999,-0.0162,0.0000,0.0162,0.9999,0.0000,0.0000,0.0000,1.0000,0.0210,0.0279,0.0569
200,0,3.8117,-0.0433,0.4400,0.9998,-0.0177,0.0000,0.0177,0.9998,0.0000,0.0000,0.0000,1.0000,0.2577,0.2263,0.1400
200,1,3.8199,-0.0405,0.6052,0.9998,-0.0177,0.0000,0.0177,0.9998,0.0000,0.0000,0.0000,1.0000,0.1100,0.2168,0.3052
200,2,3.8947,-0.1022,0.5173,0.9998,-0.0177,0.0000,0.0177,0.9998,0.0000,0.0000,0.0000,1.0000,0.1101,0.3070,0.2173
200,3,3.9139,-0.2792,0.5889,0.9998,-0.0177,0.0000,0.0177,0.9998,0.0000,0.0000,0.0000,1.0000,0.2836,0.2073,0.2889
200,4,4.0312,-0.3278,0.5062,0.9998,-0.0177,0.0000,0.0177,0.9998,0.0000,0.0000,0.0000,1.0000,0.2820,0.2947,0.2062
200,5,4.2012,-0.1940,0.6614,0.9998,-0.0177,0.0000,0.0177,0.9998,0.0000,0.0000,0.0000,1.0000,0.1112,0.2100,0.3614
200,6,4.2945,-0.1762,0.4265,0.9998,-0.0177,0.0000,0.0177,0.9998,0.0000,0.0000,0.0000,1.0000,0.1972,0.1336,0.1265
200,7,4.4036,-0.1697,0.4491,0.9998,-0.0177,0.0000,0.0177,0.9998,0.0000,0.0000,0.0000,1.0000,0.1624,0.1625,0.0548
200,8,4.4317,-0.1270,0.4472,0.9998,-0.0177,0.0000,0.0177,0.9998,0.0000,0.0000,0.0000,1.0000,0.0831,0.2046,0.1050
200,9,4.4632,-0.0613,0.4544,0.9998,-0.0177,0.0000,0.0177,0.9998,0.0000,0.0000,0.0000,1.0000,0.0210,0.0279,0.0569
200,10,4.5060,-0.1219,0.4546,0.9998,-0.0177,0.0000,0.0177,0.9998,0.0000,0.0000,0.0000,1.0000,0.0210,0.0279,0.0569
201,0,4.1830,-0.0501,0.4400,0.9998,-0.0193,0.0000,0.0193,0.9998,0.0000,0.0000,0.0000,1.0000,0.2577,0.2263,0.1400
201,1,4.1911,-0.0474,0.6052,0.9998,-0.0193,0.0000,0.0193,0.9998,0.0000,0.0000,0.0000,1.0000,0.1100,0.2168,0.3052
201,2,4.2658,-0.1091,0.5173,0.9998,-0.0193,0.0000,0.0193,0.9998,0.0000,0.0000,0.0000,1.0000,0.1101,0.3070,0.2173
201,3,4.2848,-0.2862,0.5889,0.9998,-0.0193,0.0000,0.0193,0.9998,0.0000,0.0000,0.0000,1.0000,0.2836,0.2073,0.2889
201,4,4.4020,-0.3350,0.5062,0.9998,-0.0193,0.0000,0.0193,0.9998,0.0000,0.0000,0.0000,1.0000,0.2820,0.2947,0.2062
201,5,4.5722,-0.2015,0.6614,0.9998,-0.0193,0.0000,0.0193,0.9998,0.0000,0.0000,0.0000,1.0000,0.1112,0.2100,0.3614
201,6,4.6656,-0.1838,0.4265,0.9998,-0.0193,0.0000,0.0193,0.9998,0.0000,0.0000,0.0000,1.0000,0.1972,0.1336,0.1265
201,7,4.7746,-0.1775,0.4491,0.9998,-0.0193,0.0000,0.0193,0.9998,0.0000,0.0000,0.0000,1.0000,0.1624,0.1625,0.0548
201,8,4.8028,-0.1348,0.4472,0.9998,-0.0193,0.0000,0.0193,0.9998,0.0000,0.0000,0.0000,1.0000,0.0831,0.2046,0.1050
201,9,4.8344,-0.0691,0.4544,0.9998,-0.0193,0.0000,0.0193,0.9998,0.0000,0.0000,0.0000,1.0000,0.0210,0.0279,0.0569
201,10,4.8771,-0.1299,0.4546,0.9998,-0.0193,0.0000,0.0193,0.9998,0.0000,0.0000,0.0000,1.0000,0.0210,0.0279,0.0569
202,0,4.5440,-0.0573,0.4400,0.9998,-0.0210,0.0000,0.0210,0.9998,0.0000,0.0000,0.0000,1.0000,0.2577,0.2263,0.1400
202,1,4.5521,-0.0546,0.6052,0.9998,-0.0210,0.0000,0.0210,0.9998,0.0000,0.0000,0.0000,1.0000,0.1100,0.2168,0.3052
202,2,4.6268,-0.1165,0.5173,0.9998,-0.0210,0.0000,0.0210,0.9998,0.0000,0.0000,0.0000,1.0000,0.1101,0.3070,0.2173
202,3,4.6454,-0.2936,0.5889,0.9998,-0.0210,0.0000,0.0210,0.9998,0.0000,0.0000,0.0000,1.0000,0.2836,0.2073,0.2889
202,4,4.7625,-0.3426,0.5062,0.9998,-0.0210,0.0000,0.0210,0.9998,0.0000,0.0000,0.0000,1.0000,0.2820,0.2947,0.2062
202,5,4.9330,-0.2093,0.6614,0.9998,-0.0210,0.0000,0.0210,0.9998,0.0000,0.0000,0.0000,1.0000,0.1112,0.2100,0.3614
202,6,5.0264,-0.1918,0.4265,0.9998,-0.0210,0.0000,0.0210,0.9998,0.0000,0.0000,0.0000,1.0000,0.1972,0.1336,0.1265
202,7,5.1354,-0.1857,0.4491,0.9998,-0.0210,0.0000,0.0210,0.9998,0.0000,0.0000,0.0000,1.0000,0.1624,0.1625,0.0548
202,8,5.1637,-0.1431,0.4472,0.9998,-0.0210,0.0000,0.0210,0.9998,0.0000,0.0000,0.0000,1.0000,0.0831,0.2046,0.1050
202,9,5.1954,-0.0774,0.4544,0.9998,-0.0210,0.0000,0.0210,0.9998,0.0000,0.0000,0.0000,1.0000,0.0210,0.0279,0.0569
202,10,5.2380,-0.1382,0.4546,0.9998,-0.0210,0.0000,0.0210,0.9998,0.0000,0.0000,0.0000,1.0000,0.0210,0.0279,0.0569
203,0,4.8955,-0.0649,0.4400,0.9997,-0.0226,0.0000,0.0226,0.9997,0.0000,0.0000,0.0000,1.0000,0.2577,0.2263,0.1400
203,1,4.9037,-0.0622,0.6052,0.9997,-0.0226,0.0000,0.0226,0.9997,0.0000,0.0000,0.0000,1.0000,0.1100,0.2168,0.3052
203,2,4.9782,-0.1242,0.5173,0.9997,-0.0226,0.0000,0.0226,0.9997,0.0000,0.0000,0.0000,1.0000,0.1101,0.3070,0.2173
203,3,4.9966,-0.3014,0.5889,0.9997,-0.0226,0.0000,0.0226,0.9997,0.0000,0.0000,0.0000,1.0000,0.2836,0.2073,0.2889
203,4,5.1136,-0.3505,0.5062,0.9997,-0.0226,0.0000,0.0226,0.9997,0.0000,0.0000,0.0000,1.0000,0.2820,0.2947,0.2062
203,5,5.2843,-0.2176,0.6614,0.9997,-0.0226,0.0000,0.0226,0.9997,0.0000,0.0000,0.0000,1.0000,0.1112,0.2100,0.3614
203,6,5.3777,-0.2002,0.4265,0.9997,-0.0226,0.0000,0.0226,0.9997,0.0000,0.0000,0.0000,1.0000,0.1972,0.1336,0.1265
203,7,5.4867,-0.1942,0.4491,0.9997,-0.0226,0.0000,0.0226,0.9997,0.0000,0.0000,0.0000,1.0000,0.1624,0.1625,0.0548
203,8,5.5151,-0.1517,0.4472,0.9997,-0.0226,0.0000,0.0226,0.9997,0.0000,0.0000,0.0000,1.0000,0.0831,0.2046,0.1050
203,9,5.5469,-0.0861,0.4544,0.9997,-0.0226,0.0000,0.0226,0.9997,0.0000,0.0000,0.0000,1.0000,0.0210,0.0279,0.0569
203,10,5.5894,-0.1469,0.4546,0.9997,-0.0226,0.0000,0.0226,0.9997,0.0000,0.0000,0.0000,1.0000,0.0210,0.0279,0.0569
204,0,5.2387,-0.0729,0.4400,0.9997,-0.0244,0.0000,0.0244,0.9997,0.0000,0.0000,0.0000,1.0000,0.2577,0.2263,0.1400
204,1,5.2469,-0.0702,0.6052,0.9997,-0.0244,0.0000,0.0244,0.9997,0.0000,0.0000,0.0000,1.0000,0.1100,0.2168,0.3052
204,2,5.3213,-0.1323,0.5173,0.9997,-0.0244,0.0000,0.0244,0.9997,0.0000,0.0000,0.0000,1.0000,0.1101,0.3070,0.2173
204,3,5.3394,-0.3095,0.5889,0.9997,-0.0244,0.0000,0.0244,0.9997,0.0000,0.0000,0.0000,1.0000,0.2836,0.2073,0.2889
204,4,5.4563,-0.3589,0.5062,0.9997,-0.0244,0.0000,0.0244,0.9997,0.0000,0.0000,0.0000,1.0000,0.2820,0.2947,0.2062
204,5,5.6272,-0.2262,0.6614,0.9997,-0.0244,0.0000,0.0244,0.9997,0.0000,0.0000,0.0000,1.0000,0.1112,0.2100,0.3614
204,6,5.7207,-0.2090,0.4265,0.9997,-0.0244,0.0000,0.0244,0.9997,0.0000,0.0000,0.0000,1.0000,0.1972,0.1336,0.1265
204,7,5.8297,-0.2032,0.4491,0.9997,-0.0244,0.0000,0.0244,0.9997,0.0000,0.0000,0.0000,1.0000,0.1624,0.1625,0.0548
204,8,5.8582,-0.1607,0.4472,0.9997,-0.0244,0.0000,0.0244,0.9997,0.0000,0.0000,0.0000,1.0000,0.0831,0.2046,0.1050
204,9,5.8901,-0.0952,0.4544,0.9997,-0.0244,0.0000,0.0244,0.9997,0.0000,0.0000,0.0000,1.0000,0.0210,0.0279,0.0569
204,10,5.9325,-0.1561,0.4546,0.9997,-0.0244,0.0000,0.0244,0.9997,0.0000,0.0000,0.0000,1.0000,0.0210,0.0279,0.0569
205,0,5.5750,-0.0813,0.4400,0.9997,-0.0262,0.0000,0.0262,0.9997,0.0000,0.0000,0.0000,1.0000,0.2577,0.2263,0.1400
205,1,5.5832,-0.0786,0.6052,0.9997,-0.0262,0.0000,0.0262,0.9997,0.0000,0.0000,0.0000,1.0000,0.1100,0.2168,0.3052
205,2,5.6575,-0.1409,0.5173,0.9997,-0.0262,0.0000,0.0262,0.9997,0.0000,0.0000,0.0000,1.0000,0.1101,0.3070,0.2173
205,3,5.6752,-0.3181,0.5889,0.9997,-0.0262,0.0000,0.0262,0.9997,0.0000,0.0000,0.0000,1.0000,0.2836,0.2073,0.2889
205,4,5.7921,-0.3677,0.5062,0.9997,-0.0262,0.0000,0.0262,0.9997,0.0000,0.0000,0.0000,1.0000,0.2820,0.2947,0.2062
205,5,5.9632,-0.2353,0.6614,0.9997,-0.0262,0.0000,0.0262,0.9997,0.0000,0.0000,0.0000,1.0000,0.1112,0.2100,0.3614
205,6,6.0567,-0.2183,0.4265,0.9997,-0.0262,0.0000,0.0262,0.9997,0.0000,0.0000,0.0000,1.0000,0.1972,0.1336,0.1265
205,7,6.1658,-0.2127,0.4491,0.9997,-0.0262,0.0000,0.0262,0.9997,0.0000,0.0000,0.0000,1.0000,0.1624,0.1625,0.0548
205,8,6.1943,-0.1703,0.4472,0.9997,-0.0262,0.0000,0.0262,0.9997,0.0000,0.0000,0.0000,1.0000,0.0831,0.2046,0.1050
205,9,6.2263,-0.1048,0.4544,0.9997,-0.0262,0.0000,0.0262,0.9997,0.0000,0.0000,0.0000,1.0000,0.0210,0.0279,0.0569
205,10,6.2686,-0.1658,0.4546,0.9997,-0.0262,0.0000,0.0262,0.9997,0.0000,0.0000,0.0000,1.0000,0.0210,0.0279,0.0569
206,0,5.9058,-0.0902,0.4400,0.9996,-0.0281,0.0000,0.0281,0.9996,0.0000,0.0000,0.0000,1.0000,0.2577,0.2263,0.1400
206,1,5.9139,-0.0876,0.6052,0.9996,-0.0281,0.0000,0.0281,0.9996,0.0000,0.0000,0.0000,1.0000,0.1100,0.2168,0.3052
206,2,5.9881,-0.1500,0.5173,0.9996,-0.0281,0.0000,0.0281,0.9996,0.0000,0.0000,0.0000,1.0000,0.1101,0.3070,0.2173
206,3,6.0055,-0.3272,0.5889,0.9996,-0.0281,0.0000,0.0281,0.9996,0.0000,0.0000,0.0000,1.0000,0.2836,0.2073,0.2889
206,4,6.1223,-0.3770,0.5062,0.9996,-0.0281,0.0000,0.0281,0.9996,0.0000,0.0000,0.0000,1.0000,0.2820,0.2947,0.2062
206,5,6.2937,-0.2450,0.6614,0.9996,-0.0281,0.0000,0.0281,0.9996,0.0000,0.0000,0.0000,1.0000,0.1112,0.2100,0.3614
206,6,6.3872,-0.2281,0.4265,0.9996,-0.0281,0.0000,0.0281,0.9996,0.0000,0.0000,0.0000,1.0000,0.1972,0.1336,0.1265
206,7,6.4963,-0.2228,0.4491,0.9996,-0.0281,0.0000,0.0281,0.9996,0.0000,0.0000,0.0000,1.0000,0.1624,0.1625,0.0548
206,8,6.5249,-0.1804,0.4472,0.9996,-0.0281,0.0000,0.0281,0.9996,0.0000,0.0000,0.0000,1.0000,0.0831,0.2046,0.1050
206,9,6.5570,-0.1150,0.4544,0.9996,-0.0281,0.0000,0.0281,0.9996,0.0000,0.0000,0.0000,1.0000,0.0210,0.0279,0.0569
206,10,6.5992,-0.1761,0.4546,0.9996,-0.0281,0.0000,0.0281,0.9996,0.0000,0.0000,0.0000,1.0000,0.0210,0.0279,0.0569
207,0,6.2322,-0.0997,0.4400,0.9995,-0.0300,0.0000,0.0300,0.9995,0.0000,0.0000,0.0000,1.0000,0.2577,0.2263,0.1400
207,1,6.2404,-0.0970,0.6052,0.9995,-0.0300,0.0000,0.0300,0.9995,0.0000,0.0000,0.0000,1.0000,0.1100,0.2168,0.3052
207,2,6.3144,-0.1595,0.5173,0.9995,-0.0300,0.0000,0.0300,0.9995,0.0000,0.0000,0.0000,1.0000,0.1101,0.3070,0.2173
207,3,6.3315,-0.3368,0.5889,0.9995,-0.0300,0.0000,0.0300,0.9995,0.0000,0.0000,0.0000,1.0000,0.2836,0.2073,0.2889
207,4,6.4482,-0.3869,0.5062,0.9995,-0.0300,0.0000,0.0300,0.9995,0.0000,0.0000,0.0000,1.0000,0.2820,0.2947,0.2062
207,5,6.6198,-0.2552,0.6614,0.9995,-0.0300,0.0000,0.0300,0.9995,0.0000,0.0000,0.0000,1.0000,0.1112,0.2100,0.3614
207,6,6.7133,-0.2385,0.4265,0.9995,-0.0300,0.0000,0.0300,0.9995,0.0000,0.0000,0.0000,1.0000,0.1972,0.1336,0.1265
207,7,6.8224,-0.2333,0.4491,0.9995,-0.0300,0.0000,0.0300,0.9995,0.0000,0.0000,0.0000,1.0000,0.1624,0.1625,0.0548
207,8,6.8511,-0.1910,0.4472,0.9995,-0.0300,0.0000,0.0300,0.9995,0.0000,0.0000,0.0000,1.0000,0.0831,0.2046,0.1050
207,9,6.8834,-0.1256,0.4544,0.9995,-0.0300,0.0000,0.0300,0.9995,0.0000,0.0000,0.0000,1.0000,0.0210,0.0279,0.0569
207,10,6.9255,-0.1868,0.4546,0.9995,-0.0300,0.0000,0.0300,0.9995,0.0000,0.0000,0.0000,1.0000,0.0210,0.0279,0.0569
208,0,6.5552,-0.1096,0.4400,0.9995,-0.0321,0.0000,0.0321,0.9995,0.0000,0.0000,0.0000,1.0000,0.2577,0.2263,0.1400
208,1,6.5633,-0.1070,0.6052,0.9995,-0.0321,0.0000,0.0321,0.9995,0.0000,0.0000,0.0000,1.0000,0.1100,0.2168,0.3052
208,2,6.6373,-0.1697,0.5173,0.9995,-0.0321,0.0000,0.0321,0.9995,0.0000,0.0000,0.0000,1.0000,0.1101,0.3070,0.2173
208,3,6.6540,-0.3470,0.5889,0.9995,-0.0321,0.0000,0.0321,0.9995,0.0000,0.0000,0.0000,1.0000,0.2836,0.2073,0.2889
208,4,6.7706,-0.3972,0.5062,0.9995,-0.0321,0.0000,0.0321,0.9995,0.0000,0.0000,0.0000,1.0000,0.2820,0.2947,0.2062
208,5,6.9424,-0.2659,0.6614,0.9995,-0.0321,0.0000,0.0321,0.9995,0.0000,0.0000,0.0000,1.0000,0.1112,0.2100,0.3614
208,6,7.0360,-0.2494,0.4265,0.9995,-0.0321,0.0000,0.0321,0.9995,0.0000,0.0000,0.0000,1.0000,0.1972,0.1336,0.1265
208,7,7.1451,-0.2445,0.4491,0.9995,-0.0321,0.0000,0.0321,0.9995,0.0000,0.0000,0.0000,1.0000,0.1624,0.1625,0.0548
208,8,7.1739,-0.2022,0.4472,0.9995,-0.0321,0.0000,0.0321,0.9995,0.0000,0.0000,0.0000,1.0000,0.0831,0.2046,0.1050
208,9,7.2063,-0.1369,0.4544,0.9995,-0.0321,0.0000,0.0321,0.9995,0.0000,0.0000,0.0000,1.0000,0.0210,0.0279,0.0569
208,10,7.2483,-0.1982,0.4546,0.9995,-0.0321,0.0000,0.0321,0.9995,0.0000,0.0000,0.0000,1.0000,0.0210,0.0279,0.0569
209,0,6.8754,-0.1201,0.4400,0.9994,-0.0341,0.0000,0.0341,0.9994,0.0000,0.0000,0.0000,1.0000,0.2577,0.2263,0.1400
209,1,6.8836,-0.1175,0.6052,0.9994,-0.0341,0.0000,0.0341,0.9994,0.0000,0.0000,0.0000,1.0000,0.1100,0.2168,0.3052
209,2,6.9574,-0.1803,0.5173,0.9994,-0.0341,0.0000,0.0341,0.9994,0.0000,0.0000,0.0000,1.0000,0.1101,0.3070,0.2173
209,3,6.9738,-0.3577,0.5889,0.9994,-0.0341,0.0000,0.0341,0.9994,0.0000,0.0000,0.0000,1.0000,0.2836,0.2073,0.2889
209,4,7.0902,-0.4082,0.5062,0.9994,-0.0341,0.0000,0.0341,0.9994,0.0000,0.0000,0.0000,1.0000,0.2820,0.2947,0.2062
209,5,7.2624,-0.2772,0.6614,0.9994,-0.0341,0.0000,0.0341,0.9994,0.0000,0.0000,0.0000,1.0000,0.1112,0.2100,0.3614
209,6,7.3560,-0.2609,0.4265,0.9994,-0.0341,0.0000,0.0341,0.9994,0.0000,0.0000,0.0000,1.0000,0.1972,0.1336,0.1265
209,7,7.4651,-0.2562,0.4491,0.9994,-0.0341,0.0000,0.0341,0.9994,0.0000,0.0000,0.0000,1.0000,0.1624,0.1625,0.0548
209,8,7.4940,-0.2139,0.4472,0.9994,-0.0341,0.0000,0.0341,0.9994,0.0000,0.0000,0.0000,1.0000,0.0831,0.2046,0.1050
209,9,7.5265,-0.1487,0.4544,0.9994,-0.0341,0.0000,0.0341,0.9994,0.0000,0.0000,0.0000,1.0000,0.0210,0.0279,0.0569
209,10,7.5683,-0.2101,0.4546,0.9994,-0.0341,0.0000,0.0341,0.9994,0.0000,0.0000,0.0000,1.0000,0.0210,0.0279,0.0569
210,0,7.1936,-0.1312,0.4400,0.9994,-0.0360,0.0000,0.0360,0.9994,0.0000,0.0000,0.0000,1.0000,0.2577,0.2263,0.1400
210,1,7.2018,-0.1286,0.6052,0.9994,-0.0360,0.0000,0.0360,0.9994,0.0000,0.0000,0.0000,1.0000,0.1100,0.2168,0.3052
210,2,7.2754,-0.1916,0.5173,0.9994,-0.0360,0.0000,0.0360,0.9994,0.0000,0.0000,0.0000,1.0000,0.1101,0.3070,0.2173
210,3,7.2915,-0.3690,0.5889,0.9994,-0.0360,0.0000,0.0360,0.9994,0.0000,0.0000,0.0000,1.0000,0.2836,0.2073,0.2889
210,4,7.4078,-0.4197,0.5062,0.9994,-0.0360,0.0000,0.0360,0.9994,0.0000,0.0000,0.0000,1.0000,0.2820,0.2947,0.2062
210,5,7.5802,-0.2890,0.6614,0.9994,-0.0360,0.0000,0.0360,0.9994,0.0000,0.0000,0.0000,1.0000,0.1112,0.2100,0.3614
210,6,7.6739,-0.2729,0.4265,0.9994,-0.0360,0.0000,0.0360,0.9994,0.0000,0.0000,0.0000,1.0000,0.1972,0.1336,0.1265
210,7,7.7830,-0.2684,0.4491,0.9994,-0.0360,0.0000,0.0360,0.9994,0.0000,0.0000,0.0000,1.0000,0.1624,0.1625,0.0548
210,8,7.8119,-0.2262,0.4472,0.9994,-0.0360,0.0000,0.0360,0.9994,0.0000,0.0000,0.0000,1.0000,0.0831,0.2046,0.1050
210,9,7.8446,-0.1611,0.4544,0.9994,-0.0360,0.0000,0.0360,0.9994,0.0000,0.0000,0.0000,1.0000,0.0210,0.0279,0.0569
210,10,7.8863,-0.2225,0.4546,0.9994,-0.0360,0.0000,0.0360,0.9994,0.0000,0.0000,0.0000,1.0000,0.0210,0.0279,0.0569
211,0,7.5103,-0.1428,0.4400,0.9993,-0.0379,0.0000,0.0379,0.9993,0.0000,0.0000,0.0000,1.0000,0.2577,0.2263,0.1400
211,1,7.5185,-0.1402,0.6052,0.9993,-0.0379,0.0000,0.0379,0.9993,0.0000,0.0000,0.0000,1.0000,0.1100,0.2168,0.3052
211,2,7.5921,-0.2034,0.5173,0.9993,-0.0379,0.0000,0.0379,0.9993,0.0000,0.0000,0.0000,1.0000,0.1101,0.3070,0.2173
211,3,7.6078,-0.3808,0.5889,0.9993,-0.0379,0.0000,0.0379,0.9993,0.0000,0.0000,0.0000,1.0000,0.2836,0.2073,0.2889
211,4,7.7240,-0.4317,0.5062,0.9993,-0.0379,0.0000,0.0379,0.9993,0.0000,0.0000,0.0000,1.0000,0.2820,0.2947,0.2062
211,5,7.8967,-0.3014,0.6614,0.9993,-0.0379,0.0000,0.0379,0.9993,0.0000,0.0000,0.0000,1.0000,0.1112,0.2100,0.3614
211,6,7.9904,-0.2854,0.4265,0.9993,-0.0379,0.0000,0.0379,0.9993,0.0000,0.0000,0.0000,1.0000,0.1972,0.1336,0.1265
211,7,8.0995,-0.2811,0.4491,0.9993,-0.0379,0.0000,0.0379,0.9993,0.0000,0.0000,0.0000,1.0000,0.1624,0.1625,0.0548
211,8,8.1285,-0.2390,0.4472,0.9993,-0.0379,0.0000,0.0379,0.9993,0.0000,0.0000,0.0000,1.0000,0.0831,0.2046,0.1050
211,9,8.1613,-0.1739,0.4544,0.9993,-0.0379,0.0000,0.0379,0.9993,0.0000,0.0000,0.0000,1.0000,0.0210,0.0279,0.0569
211,10,8.2029,-0.2354,0.4546,0.9993,-0.0379,0.0000,0.0379,0.9993,0.0000,0.0000,0.0000,1.0000,0.0210,0.0279,0.0569
212,0,7.8263,-0.1550,0.4400,0.9992,-0.0396,0.0000,0.0396,0.9992,0.0000,0.0000,0.0000,1.0000,0.2577,0.2263,0.1400
212,1,7.8345,-0.1524,0.6052,0.9992,-0.0396,0.0000,0.0396,0.9992,0.0000,0.0000,0.0000,1.0000,0.1100,0.2168,0.3052
212,2,7.9079,-0.2157,0.5173,0.9992,-0.0396,0.0000,0.0396,0.9992,0.0000,0.0000,0.0000,1.0000,0.1101,0.3070,0.2173
212,3,7.9233,-0.3931,0.5889,0.9992,-0.0396,0.0000,0.0396,0.9992,0.0000,0.0000,0.0000,1.0000,0.2836,0.2073,0.2889
212,4,8.0395,-0.4443,0.5062,0.9992,-0.0396,0.0000,0.0396,0.9992,0.0000,0.0000,0.0000,1.0000,0.2820,0.2947,0.2062
212,5,8.2124,-0.3142,0.6614,0.9992,-0.0396,0.0000,0.0396,0.9992,0.0000,0.0000,0.0000,1.0000,0.1112,0.2100,0.3614
212,6,8.3061,-0.2984,0.4265,0.9992,-0.0396,0.0000,0.0396,0.9992,0.0000,0.0000,0.0000,1.0000,0.1972,0.1336,0.1265
212,7,8.4152,-0.2943,0.4491,0.9992,-0.0396,0.0000,0.0396,0.9992,0.0000,0.0000,0.0000,1.0000,0.1624,0.1625,0.0548
212,8,8.4443,-0.2522,0.4472,0.9992,-0.0396,0.0000,0.0396,0.9992,0.0000,0.0000,0.0000,1.0000,0.0831,0.2046,0.1050
212,9,8.4772,-0.1872,0.4544,0.9992,-0.0396,0.0000,0.0396,0.9992,0.0000,0.0000,0.0000,1.0000,0.0210,0.0279,0.0569
212,10,8.5187,-0.2488,0.4546,0.9992,-0.0396,0.0000,0.0396,0.9992,0.0000,0.0000,0.0000,1.0000,0.0210,0.0279,0.0569
213,0,8.1418,-0.1677,0.4400,0.9992,-0.0412,0.0000,0.0412,0.9992,0.0000,0.0000,0.0000,1.0000,0.2577,0.2263,0.1400
213,1,8.1501,-0.1651,0.6052,0.9992,-0.0412,0.0000,0.0412,0.9992,0.0000,0.0000,0.0000,1.0000,0.1100,0.2168,0.3052
213,2,8.2234,-0.2285,0.5173,0.9992,-0.0412,0.0000,0.0412,0.9992,0.0000,0.0000,0.0000,1.0000,0.1101,0.3070,0.2173
213,3,8.2385,-0.4060,0.5889,0.9992,-0.0412,0.0000,0.0412,0.9992,0.0000,0.0000,0.0000,1.0000,0.2836,0.2073,0.2889
213,4,8.3546,-0.4573,0.5062,0.9992,-0.0412,0.0000,0.0412,0.9992,0.0000,0.0000,0.0000,1.0000,0.2820,0.2947,0.2062
213,5,8.5277,-0.3275,0.6614,0.9992,-0.0412,0.0000,0.0412,0.9992,0.0000,0.0000,0.0000,1.0000,0.1112,0.2100,0.3614
213,6,8.6214,-0.3118,0.4265,0.9992,-0.0412,0.0000,0.0412,0.9992,0.0000,0.0000,0.0000,1.0000,0.1972,0.1336,0.1265
213,7,8.7306,-0.3079,0.4491,0.9992,-0.0412,0.0000,0.0412,0.9992,0.0000,0.0000,0.0000,1.0000,0.1624,0.1625,0.0548
213,8,8.7597,-0.2659,0.4472,0.9992,-0.0412,0.0000,0.0412,0.9992,0.0000,0.0000,0.0000,1.0000,0.0831,0.2046,0.1050
213,9,8.7927,-0.2009,0.4544,0.9992,-0.0412,0.0000,0.0412,0.9992,0.0000,0.0000,0.0000,1.0000,0.0210,0.0279,0.0569
213,10,8.8341,-0.2626,0.4546,0.9992,-0.0412,0.0000,0.0412,0.9992,0.0000,0.0000,0.0000,1.0000,0.0210,0.0279,0.0569
214,0,8.4573,-0.1809,0.4400,0.9991,-0.0427,0.0000,0.0427,0.9991,0.0000,0.0000,0.0000,1.0000,0.2577,0.2263,0.1400
214,1,8.4655,-0.1783,0.6052,0.9991,-0.0427,0.0000,0.0427,0.9991,0.0000,0.0000,0.0000,1.0000,0.1100,0.2168,0.3052
214,2,8.5388,-0.2418,0.5173,0.9991,-0.0427,0.0000,0.0427,0.9991,0.0000,0.0000,0.0000,1.0000,0.1101,0.3070,0.2173
214,3,8.5536,-0.4193,0.5889,0.9991,-0.0427,0.0000,0.0427,0.9991,0.0000,0.0000,0.0000,1.0000,0.2836,0.2073,0.2889
214,4,8.6696,-0.4708,0.5062,0.9991,-0.0427,0.0000,0.0427,0.9991,0.0000,0.0000,0.0000,1.0000,0.2820,0.2947,0.2062
214,5,8.8429,-0.3413,0.6614,0.9991,-0.0427,0.0000,0.0427,0.9991,0.0000,0.0000,0.0000,1.0000,0.1112,0.2100,0.3614
214,6,8.9366,-0.3258,0.4265,0.9991,-0.0427,0.0000,0.0427,0.9991,0.0000,0.0000,0.0000,1.0000,0.1972,0.1336,0.1265
214,7,9.0458,-0.3220,0.4491,0.9991,-0.0427,0.0000,0.0427,0.9991,0.0000,0.0000,0.0000,1.0000,0.1624,0.1625,0.0548
214,8,9.0750,-0.2801,0.4472,0.9991,-0.0427,0.0000,0.0427,0.9991,0.0000,0.0000,0.0000,1.0000,0.0831,0.2046,0.1050
214,9,9.1081,-0.2151,0.4544,0.9991,-0.0427,0.0000,0.0427,0.9991,0.0000,0.0000,0.0000,1.0000,0.0210,0.0279,0.0569
214,10,9.1494,-0.2768,0.4546,0.9991,-0.0427,0.0000,0.0427,0.9991,0.0000,0.0000,0.0000,1.0000,0.0210,0.0279,0.0569
215,0,8.7725,-0.1945,0.4400,0.9990,-0.0440,0.0000,0.0440,0.9990,0.0000,0.0000,0.0000,1.0000,0.2577,0.2263,0.1400
215,1,8.7807,-0.1920,0.6052,0.9990,-0.0440,0.0000,0.0440,0.9990,0.0000,0.0000,0.0000,1.0000,0.1100,0.2168,0.3052
215,2,8.8539,-0.2555,0.5173,0.9990,-0.0440,0.0000,0.0440,0.9990,0.0000,0.0000,0.0000,1.0000,0.1101,0.3070,0.2173
215,3,8.8685,-0.4330,0.5889,0.9990,-0.0440,0.0000,0.0440,0.9990,0.0000,0.0000,0.0000,1.0000,0.2836,0.2073,0.2889
215,4,8.9845,-0.4847,0.5062,0.9990,-0.0440,0.0000,0.0440,0.9990,0.0000,0.0000,0.0000,1.0000,0.2820,0.2947,0.2062
215,5,9.1579,-0.3554,0.6614,0.9990,-0.0440,0.0000,0.0440,0.9990,0.0000,0.0000,0.0000,1.0000,0.1112,0.2100,0.3614
215,6,9.2517,-0.3400,0.4265,0.9990,-0.0440,0.0000,0.0440,0.9990,0.0000,0.0000,0.0000,1.0000,0.1972,0.1336,0.1265
215,7,9.3608,-0.3364,0.4491,0.9990,-0.0440,0.0000,0.0440,0.9990,0.0000,0.0000,0.0000,1.0000,0.1624,0.1625,0.0548
215,8,9.3901,-0.2945,0.4472,0.9990,-0.0440,0.0000,0.0440,0.9990,0.0000,0.0000,0.0000,1.0000,0.0831,0.2046,0.1050
215,9,9.4233,-0.2296,0.4544,0.9990,-0.0440,0.0000,0.0440,0.9990,0.0000,0.0000,0.0000,1.0000,0.0210,0.0279,0.0569
215,10,9.4645,-0.2913,0.4546,0.9990,-0.0440,0.0000,0.0440,0.9990,0.0000,0.0000,0.0000,1.0000,0.0210,0.0279,0.0569
216,0,9.0874,-0.2085,0.4400,0.9990,-0.0452,0.0000,0.0452,0.9990,0.0000,0.0000,0.0000,1.0000,0.2577,0.2263,0.1400
216,1,9.0956,-0.2060,0.6052,0.9990,-0.0452,0.0000,0.0452,0.9990,0.0000,0.0000,0.0000,1.0000,0.1100,0.2168,0.3052
216,2,9.1687,-0.2696,0.5173,0.9990,-0.0452,0.0000,0.0452,0.9990,0.0000,0.0000,0.0000,1.0000,0.1101,0.3070,0.2173
216,3,9.1831,-0.4472,0.5889,0.9990,-0.0452,0.0000,0.0452,0.9990,0.0000,0.0000,0.0000,1.0000,0.2836,0.2073,0.2889
216,4,9.2990,-0.4990,0.5062,0.9990,-0.0452,0.0000,0.0452,0.9990,0.0000,0.0000,0.0000,1.0000,0.2820,0.2947,0.2062
216,5,9.4726,-0.3699,0.6614,0.9990,-0.0452,0.0000,0.0452,0.9990,0.0000,0.0000,0.0000,1.0000,0.1112,0.2100,0.3614
216,6,9.5664,-0.3546,0.4265,0.9990,-0.0452,0.0000,0.0452,0.9990,0.0000,0.0000,0.0000,1.0000,0.1972,0.1336,0.1265
216,7,9.6755,-0.3511,0.4491,0.9990,-0.0452,0.0000,0.0452,0.9990,0.0000,0.0000,0.0000,1.0000,0.1624,0.1625,0.0548
216,8,9.7049,-0.3092,0.4472,0.9990,-0.0452,0.0000,0.0452,0.9990,0.0000,0.0000,0.0000,1.0000,0.0831,0.2046,0.1050
216,9,9.7381,-0.2443,0.4544,0.9990,-0.0452,0.0000,0.0452,0.9990,0.0000,0.0000,0.0000,1.0000,0.0210,0.0279,0.0569
216,10,9.7793,-0.3062,0.4546,0.9990,-0.0452,0.0000,0.0452,0.9990,0.0000,0.0000,0.0000,1.0000,0.0210,0.0279,0.0569
217,0,9.4017,-0.2229,0.4400,0.9989,-0.0464,0.0000,0.0464,0.9989,0.0000,0.0000,0.0000,1.0000,0.2577,0.2263,0.1400
217,1,9.4099,-0.2203,0.6052,0.9989,-0.0464,0.0000,0.0464,0.9989,0.0000,0.0000,0.0000,1.0000,0.1100,0.2168,0.3052
217,2,9.4829,-0.2841,0.5173,0.9989,-0.0464,0.0000,0.0464,0.9989,0.0000,0.0000,0.0000,1.0000,0.1101,0.3070,0.2173
217,3,9.4971,-0.4616,0.5889,0.9989,-0.0464,0.0000,0.0464,0.9989,0.0000,0.0000,0.0000,1.0000,0.2836,0.2073,0.2889
217,4,9.6129,-0.5136,0.5062,0.9989,-0.0464,0.0000,0.0464,0.9989,0.0000,0.0000,0.0000,1.0000,0.2820,0.2947,0.2062
217,5,9.7867,-0.3847,0.6614,0.9989,-0.0464,0.0000,0.0464,0.9989,0.0000,0.0000,0.0000,1.0000,0.1112,0.2100,0.3614
217,6,9.8805,-0.3696,0.4265,0.9989,-0.0464,0.0000,0.0464,0.9989,0.0000,0.0000,0.0000,1.0000,0.1972,0.1336,0.1265
217,7,9.9897,-0.3662,0.4491,0.9989,-0.0464,0.0000,0.0464,0.9989,0.0000,0.0000,0.0000,1.0000,0.1624,0.1625,0.0548
217,8,10.0191,-0.3243,0.4472,0.9989,-0.0464,0.0000,0.0464,0.9989,0.0000,0.0000,0.0000,1.0000,0.0831,0.2046,0.1050
217,9,10.0524,-0.2595,0.4544,0.9989,-0.0464,0.0000,0.0464,0.9989,0.0000,0.0000,0.0000,1.0000,0.0210,0.0279,0.0569
217,10,10.0935,-0.3214,0.4546,0.9989,-0.0464,0.0000,0.0464,0.9989,0.0000,0.0000,0.0000,1.0000,0.0210,0.0279,0.0569
218,0,9.7153,-0.2376,0.4400,0.9989,-0.0477,0.0000,0.0477,0.9989,0.0000,0.0000,0.0000,1.0000,0.2577,0.2263,0.1400
218,1,9.7235,-0.2351,0.6052,0.9989,-0.0477,0.0000,0.0477,0.9989,0.0000,0.0000,0.0000,1.0000,0.1100,0.2168,0.3052
218,2,9.7965,-0.2989,0.5173,0.9989,-0.0477,0.0000,0.0477,0.9989,0.0000,0.0000,0.0000,1.0000,0.1101,0.3070,0.2173
218,3,9.8104,-0.4765,0.5889,0.9989,-0.0477,0.0000,0.0477,0.9989,0.0000,0.0000,0.0000,1.0000,0.2836,0.2073,0.2889
218,4,9.9262,-0.5286,0.5062,0.9989,-0.0477,0.0000,0.0477,0.9989,0.0000,0.0000,0.0000,1.0000,0.2820,0.2947,0.2062
218,5,10.1001,-0.3999,0.6614,0.9989,-0.0477,0.0000,0.0477,0.9989,0.0000,0.0000,0.0000,1.0000,0.1112,0.2100,0.3614
218,6,10.1939,-0.3849,0.4265,0.9989,-0.0477,0.0000,0.0477,0.9989,0.0000,0.0000,0.0000,1.0000,0.1972,0.1336,0.1265
218,7,10.3031,-0.3817,0.4491,0.9989,-0.0477,0.0000,0.0477,0.9989,0.0000,0.0000,0.0000,1.0000,0.1624,0.1625,0.0548
218,8,10.3325,-0.3398,0.4472,0.9989,-0.0477,0.0000,0.0477,0.9989,0.0000,0.0000,0.0000,1.0000,0.0831,0.2046,0.1050
218,9,10.3659,-0.2750,0.4544,0.9989,-0.0477,0.0000,0.0477,0.9989,0.0000,0.0000,0.0000,1.0000,0.0210,0.0279,0.0569
218,10,10.4069,-0.3370,0.4546,0.9989,-0.0477,0.0000,0.0477,0.9989,0.0000,0.0000,0.0000,1.0000,0.0210,0.0279,0.0569
219,0,10.0279,-0.2526,0.4400,0.9988,-0.0488,0.0000,0.0488,0.9988,0.0000,0.0000,0.0000,1.0000,0.2577,0.2263,0.1400
219,1,10.0361,-0.2501,0.6052,0.9988,-0.0488,0.0000,0.0488,0.9988,0.0000,0.0000,0.0000,1.0000,0.1100,0.2168,0.3052
219,2,10.1090,-0.3141,0.5173,0.9988,-0.0488,0.0000,0.0488,0.9988,0.0000,0.0000,0.0000,1.0000,0.1101,0.3070,0.2173
219,3,10.1228,-0.4916,0.5889,0.9988,-0.0488,0.0000,0.0488,0.9988,0.0000,0.0000,0.0000,1.0000,0.2836,0.2073,0.2889
219,4,10.2384,-0.5439,0.5062,0.9988,-0.0488,0.0000,0.0488,0.9988,0.0000,0.0000,0.0000,1.0000,0.2820,0.2947,0.2062
219,5,10.4125,-0.4154,0.6614,0.9988,-0.0488,0.0000,0.0488,0.9988,0.0000,0.0000,0.0000,1.0000,0.1112,0.2100,0.3614
219,6,10.5064,-0.4005,0.4265,0.9988,-0.0488,0.0000,0.0488,0.9988,0.0000,0.0000,0.0000,1.0000,0.1972,0.1336,0.1265
219,7,10.6155,-0.3974,0.4491,0.9988,-0.0488,0.0000,0.0488,0.9988,0.0000,0.0000,0.0000,1.0000,0.1624,0.1625,0.0548
219,8,10.6450,-0.3556,0.4472,0.9988,-0.0488,0.0000,0.0488,0.9988,0.0000,0.0000,0.0000,1.0000,0.0831,0.2046,0.1050
219,9,10.6785,-0.2908,0.4544,0.9988,-0.0488,0.0000,0.0488,0.9988,0.0000,0.0000,0.0000,1.0000,0.0210,0.0279,0.0569
219,10,10.7194,-0.3528,0.4546,0.9988,-0.0488,0.0000,0.0488,0.9988,0.0000,0.0000,0.0000,1.0000,0.0210,0.0279,0.0569
220,0,10.3389,-0.2680,0.4400,0.9988,-0.0500,0.0000,0.0500,0.9988,0.0000,0.0000,0.0000,1.0000,0.2577,0.2263,0.1400
220,1,10.3471,-0.2655,0.6052,0.9988,-0.0500,0.0000,0.0500,0.9988,0.0000,0.0000,0.0000,1.0000,0.1100,0.2168,0.3052
220,2,10.4199,-0.3295,0.5173,0.9988,-0.0500,0.0000,0.0500,0.9988,0.0000,0.0000,0.0000,1.0000,0.1101,0.3070,0.2173
220,3,10.4335,-0.5071,0.5889,0.9988,-0.0500,0.0000,0.0500,0.9988,0.0000,0.0000,0.0000,1.0000,0.2836,0.2073,0.2889
220,4,10.5491,-0.5594,0.5062,0.9988,-0.0500,0.0000,0.0500,0.9988,0.0000,0.0000,0.0000,1.0000,0.2820,0.2947,0.2062
220,5,10.7233,-0.4312,0.6614,0.9988,-0.0500,0.0000,0.0500,0.9988,0.0000,0.0000,0.0000,1.0000,0.1112,0.2100,0.3614
220,6,10.8172,-0.4163,0.4265,0.9988,-0.0500,0.0000,0.0500,0.9988,0.0000,0.0000,0.0000,1.0000,0.1972,0.1336,0.1265
220,7,10.9264,-0.4134,0.4491,0.9988,-0.0500,0.0000,0.0500,0.9988,0.0000,0.0000,0.0000,1.0000,0.1624,0.1625,0.0548
220,8,10.9559,-0.3716,0.4472,0.9988,-0.0500,0.0000,0.0500,0.9988,0.0000,0.0000,0.0000,1.0000,0.0831,0.2046,0.1050
220,9,10.9895,-0.3069,0.4544,0.9988,-0.0500,0.0000,0.0500,0.9988,0.0000,0.0000,0.0000,1.0000,0.0210,0.0279,0.0569
220,10,11.0303,-0.3689,0.4546,0.9988,-0.0500,0.0000,0.0500,0.9988,0.0000,0.0000,0.0000,1.0000,0.0210,0.0279,0.0569
221,0,10.6471,-0.2835,0.4400,0.9987,-0.0511,0.0000,0.0511,0.9987,0.0000,0.0000,0.0000,1.0000,0.2577,0.2263,0.1400
221,1,10.6553,-0.2810,0.6052,0.9987,-0.0511,0.0000,0.0511,0.9987,0.0000,0.0000,0.0000,1.0000,0.1100,0.2168,0.3052
221,2,10.7280,-0.3451,0.5173,0.9987,-0.0511,0.0000,0.0511,0.9987,0.0000,0.0000,0.0000,1.0000,0.1101,0.3070,0.2173
221,3,10.7413,-0.5227,0.5889,0.9987,-0.0511,0.0000,0.0511,0.9987,0.0000,0.0000,0.0000,1.0000,0.2836,0.2073,0.2889
221,4,10.8569,-0.5752,0.5062,0.9987,-0.0511,0.0000,0.0511,0.9987,0.0000,0.0000,0.0000,1.0000,0.2820,0.2947,0.2062
221,5,11.0313,-0.4472,0.6614,0.9987,-0.0511,0.0000,0.0511,0.9987,0.0000,0.0000,0.0000,1.0000,0.1112,0.2100,0.3614
221,6,11.1252,-0.4325,0.4265,0.9987,-0.0511,0.0000,0.0511,0.9987,0.0000,0.0000,0.0000,1.0000,0.1972,0.1336,0.1265
221,7,11.2344,-0.4296,0.4491,0.9987,-0.0511,0.0000,0.0511,0.9987,0.0000,0.0000,0.0000,1.0000,0.1624,0.1625,0.0548
221,8,11.2639,-0.3879,0.4472,0.9987,-0.0511,0.0000,0.0511,0.9987,0.0000,0.0000,0.0000,1.0000,0.0831,0.2046,0.1050
221,9,11.2976,-0.3232,0.4544,0.9987,-0.0511,0.0000,0.0511,0.9987,0.0000,0.0000,0.0000,1.0000,0.0210,0.0279,0.0569
221,10,11.3384,-0.3853,0.4546,0.9987,-0.0511,0.0000,0.0511,0.9987,0.0000,0.0000,0.0000,1.0000,0.0210,0.0279,0.0569
222,0,10.9508,-0.2992,0.4400,0.9986,-0.0522,0.0000,0.0522,0.9986,0.0000,0.0000,0.0000,1.0000,0.2577,0.2263,0.1400
222,1,10.9590,-0.2967,0.6052,0.9986,-0.0522,0.0000,0.0522,0.9986,0.0000,0.0000,0.0000,1.0000,0.1100,0.2168,0.3052
222,2,11.0317,-0.3609,0.5173,0.9986,-0.0522,0.0000,0.0522,0.9986,0.0000,0.0000,0.0000,1.0000,0.1101,0.3070,0.2173
222,3,11.0448,-0.5385,0.5889,0.9986,-0.0522,0.0000,0.0522,0.9986,0.0000,0.0000,0.0000,1.0000,0.2836,0.2073,0.2889
222,4,11.1603,-0.5911,0.5062,0.9986,-0.0522,0.0000,0.0522,0.9986,0.0000,0.0000,0.0000,1.0000,0.2820,0.2947,0.2062
222,5,11.3349,-0.4632,0.6614,0.9986,-0.0522,0.0000,0.0522,0.9986,0.0000,0.0000,0.0000,1.0000,0.1112,0.2100,0.3614
222,6,11.4288,-0.4486,0.4265,0.9986,-0.0522,0.0000,0.0522,0.9986,0.0000,0.0000,0.0000,1.0000,0.1972,0.1336,0.1265
222,7,11.5379,-0.4459,0.4491,0.9986,-0.0522,0.0000,0.0522,0.9986,0.0000,0.0000,0.0000,1.0000,0.1624,0.1625,0.0548
222,8,11.5676,-0.4042,0.4472,0.9986,-0.0522,0.0000,0.0522,0.9986,0.0000,0.0000,0.0000,1.0000,0.0831,0.2046,0.1050
222,9,11.6013,-0.3396,0.4544,0.9986,-0.0522,0.0000,0.0522,0.9986,0.0000,0.0000,0.0000,1.0000,0.0210,0.0279,0.0569
222,10,11.6420,-0.4017,0.4546,0.9986,-0.0522,0.0000,0.0522,0.9986,0.0000,0.0000,0.0000,1.0000,0.0210,0.0279,0.0569
223,0,11.2488,-0.3149,0.4400,0.9986,-0.0532,0.0000,0.0532,0.9986,0.0000,0.0000,0.0000,1.0000,0.2577,0.2263,0.1400
223,1,11.2570,-0.3124,0.6052,0.9986,-0.0532,0.0000,0.0532,0.9986,0.0000,0.0000,0.0000,1.0000,0.1100,0.2168,0.3052
223,2,11.3296,-0.3767,0.5173,0.9986,-0.0532,0.0000,0.0532,0.9986,0.0000,0.0000,0.0000,1.0000,0.1101,0.3070,0.2173
223,3,11.3425,-0.5543,0.5889,0.9986,-0.0532,0.0000,0.0532,0.9986,0.0000,0.0000,0.0000,1.0000,0.2836,0.2073,0.2889
223,4,11.4580,-0.6070,0.5062,0.9986,-0.0532,0.0000,0.0532,0.9986,0.0000,0.0000,0.0000,1.0000,0.2820,0.2947,0.2062
223,5,11.6326,-0.4793,0.6614,0.9986,-0.0532,0.0000,0.0532,0.9986,0.0000,0.0000,0.0000,1.0000,0.1112,0.2100,0.3614
223,6,11.7266,-0.4648,0.4265,0.9986,-0.0532,0.0000,0.0532,0.9986,0.0000,0.0000,0.0000,1.0000,0.1972,0.1336,0.1265
223,7,11.8357,-0.4622,0.4491,0.9986,-0.0532,0.0000,0.0532,0.9986,0.0000,0.0000,0.0000,1.0000,0.1624,0.1625,0.0548
223,8,11.8654,-0.4205,0.4472,0.9986,-0.0532,0.0000,0.0532,0.9986,0.0000,0.0000,0.0000,1.0000,0.0831,0.2046,0.1050
223,9,11.8992,-0.3559,0.4544,0.9986,-0.0532,0.0000,0.0532,0.9986,0.0000,0.0000,0.0000,1.0000,0.0210,0.0279,0.0569
223,10,11.9398,-0.4181,0.4546,0.9986,-0.0532,0.0000,0.0532,0.9986,0.0000,0.0000,0.0000,1.0000,0.0210,0.0279,0.0569
224,0,11.5400,-0.3305,0.4400,0.9985,-0.0542,0.0000,0.0542,0.9985,0.0000,0.0000,0.0000,1.0000,0.2577,0.2263,0.1400
224,1,11.5482,-0.3280,0.6052,0.9985,-0.0542,0.0000,0.0542,0.9985,0.0000,0.0000,0.0000,1.0000,0.1100,0.2168,0.3052
224,2,11.6208,-0.3924,0.5173,0.9985,-0.0542,0.0000,0.0542,0.9985,0.0000,0.0000,0.0000,1.0000,0.1101,0.3070,0.2173
224,3,11.6335,-0.5700,0.5889,0.9985,-0.0542,0.0000,0.0542,0.9985,0.0000,0.0000,0.0000,1.0000,0.2836,0.2073,0.2889
224,4,11.7490,-0.6228,0.5062,0.9985,-0.0542,0.0000,0.0542,0.9985,0.0000,0.0000,0.0000,1.0000,0.2820,0.2947,0.2062
224,5,11.9237,-0.4953,0.6614,0.9985,-0.0542,0.0000,0.0542,0.9985,0.0000,0.0000,0.0000,1.0000,0.1112,0.2100,0.3614
224,6,12.0176,-0.4809,0.4265,0.9985,-0.0542,0.0000,0.0542,0.9985,0.0000,0.0000,0.0000,1.0000,0.1972,0.1336,0.1265
224,7,12.1268,-0.4784,0.4491,0.9985,-0.0542,0.0000,0.0542,0.9985,0.0000,0.0000,0.0000,1.0000,0.1624,0.1625,0.0548
224,8,12.1565,-0.4368,0.4472,0.9985,-0.0542,0.0000,0.0542,0.9985,0.0000,0.0000,0.0000,1.0000,0.0831,0.2046,0.1050
224,9,12.1904,-0.3722,0.4544,0.9985,-0.0542,0.0000,0.0542,0.9985,0.0000,0.0000,0.0000,1.0000,0.0210,0.0279,0.0569
224,10,12.2310,-0.4344,0.4546,0.9985,-0.0542,0.0000,0.0542,0.9985,0.0000,0.0000,0.0000,1.0000,0.0210,0.0279,0.0569
225,0,11.8239,-0.3460,0.4400,0.9985,-0.0552,0.0000,0.0552,0.9985,0.0000,0.0000,0.0000,1.0000,0.2577,0.2263,0.1400
225,1,11.8321,-0.3435,0.6052,0.9985,-0.0552,0.0000,0.0552,0.9985,0.0000,0.0000,0.0000,1.0000,0.1100,0.2168,0.3052
225,2,11.9046,-0.4079,0.5173,0.9985,-0.0552,0.0000,0.0552,0.9985,0.0000,0.0000,0.0000,1.0000,0.1101,0.3070,0.2173
225,3,11.9172,-0.5856,0.5889,0.9985,-0.0552,0.0000,0.0552,0.9985,0.0000,0.0000,0.0000,1.0000,0.2836,0.2073,0.2889
225,4,12.0326,-0.6385,0.5062,0.9985,-0.0552,0.0000,0.0552,0.9985,0.0000,0.0000,0.0000,1.0000,0.2820,0.2947,0.2062
225,5,12.2075,-0.5112,0.6614,0.9985,-0.0552,0.0000,0.0552,0.9985,0.0000,0.0000,0.0000,1.0000,0.1112,0.2100,0.3614
225,6,12.3014,-0.4969,0.4265,0.9985,-0.0552,0.0000,0.0552,0.9985,0.0000,0.0000,0.0000,1.0000,0.1972,0.1336,0.1265
225,7,12.4106,-0.4945,0.4491,0.9985,-0.0552,0.0000,0.0552,0.9985,0.0000,0.0000,0.0000,1.0000,0.1624,0.1625,0.0548
225,8,12.4403,-0.4528,0.4472,0.9985,-0.0552,0.0000,0.0552,0.9985,0.0000,0.0000,0.0000,1.0000,0.0831,0.2046,0.1050
225,9,12.4743,-0.3883,0.4544,0.9985,-0.0552,0.0000,0.0552,0.9985,0.0000,0.0000,0.0000,1.0000,0.0210,0.0279,0.0569
225,10,12.5148,-0.4506,0.4546,0.9985,-0.0552,0.0000,0.0552,0.9985,0.0000,0.0000,0.0000,1.0000,0.0210,0.0279,0.0569
226,0,12.1001,-0.3613,0.4400,0.9984,-0.0560,0.0000,0.0560,0.9984,0.0000,0.0000,0.0000,1.0000,0.2577,0.2263,0.1400
226,1,12.1084,-0.3589,0.6052,0.9984,-0.0560,0.0000,0.0560,0.9984,0.0000,0.0000,0.0000,1.0000,0.1100,0.2168,0.3052
226,2,12.1808,-0.4233,0.5173,0.9984,-0.0560,0.0000,0.0560,0.9984,0.0000,0.0000,0.0000,1.0000,0.1101,0.3070,0.2173
226,3,12.1932,-0.6010,0.5889,0.9984,-0.0560,0.0000,0.0560,0.9984,0.0000,0.0000,0.0000,1.0000,0.2836,0.2073,0.2889
226,4,12.3085,-0.6541,0.5062,0.9984,-0.0560,0.0000,0.0560,0.9984,0.0000,0.0000,0.0000,1.0000,0.2820,0.2947,0.2062
226,5,12.4835,-0.5269,0.6614,0.9984,-0.0560,0.0000,0.0560,0.9984,0.0000,0.0000,0.0000,1.0000,0.1112,0.2100,0.3614
226,6,12.5775,-0.5126,0.4265,0.9984,-0.0560,0.0000,0.0560,0.9984,0.0000,0.0000,0.0000,1.0000,0.1972,0.1336,0.1265
226,7,12.6867,-0.5103,0.4491,0.9984,-0.0560,0.0000,0.0560,0.9984,0.0000,0.0000,0.0000,1.0000,0.1624,0.1625,0.0548
226,8,12.7165,-0.4687,0.4472,0.9984,-0.0560,0.0000,0.0560,0.9984,0.0000,0.0000,0.0000,1.0000,0.0831,0.2046,0.1050
226,9,12.7504,-0.4042,0.4544,0.9984,-0.0560,0.0000,0.0560,0.9984,0.0000,0.0000,0.0000,1.0000,0.0210,0.0279,0.0569
226,10,12.7909,-0.4665,0.4546,0.9984,-0.0560,0.0000,0.0560,0.9984,0.0000,0.0000,0.0000,1.0000,0.0210,0.0279,0.0569
227,0,12.3684,-0.3765,0.4400,0.9984,-0.0569,0.0000,0.0569,0.9984,0.0000,0.0000,0.0000,1.0000,0.2577,0.2263,0.1400
227,1,12.3766,-0.3740,0.6052,0.9984,-0.0569,0.0000,0.0569,0.9984,0.0000,0.0000,0.0000,1.0000,0.1100,0.2168,0.3052
227,2,12.4489,-0.4386,0.5173,0.9984,-0.0569,0.0000,0.0569,0.9984,0.0000,0.0000,0.0000,1.0000,0.1101,0.3070,0.2173
227,3,12.4613,-0.6162,0.5889,0.9984,-0.0569,0.0000,0.0569,0.9984,0.0000,0.0000,0.0000,1.0000,0.2836,0.2073,0.2889
227,4,12.5765,-0.6694,0.5062,0.9984,-0.0569,0.0000,0.0569,0.9984,0.0000,0.0000,0.0000,1.0000,0.2820,0.2947,0.2062
227,5,12.7516,-0.5424,0.6614,0.9984,-0.0569,0.0000,0.0569,0.9984,0.0000,0.0000,0.0000,1.0000,0.1112,0.2100,0.3614
227,6,12.8456,-0.5282,0.4265,0.9984,-0.0569,0.0000,0.0569,0.9984,0.0000,0.0000,0.0000,1.0000,0.1972,0.1336,0.1265
227,7,12.9548,-0.5260,0.4491,0.9984,-0.0569,0.0000,0.0569,0.9984,0.0000,0.0000,0.0000,1.0000,0.1624,0.1625,0.0548
227,8,12.9846,-0.4844,0.4472,0.9984,-0.0569,0.0000,0.0569,0.9984,0.0000,0.0000,0.0000,1.0000,0.0831,0.2046,0.1050
227,9,13.0186,-0.4200,0.4544,0.9984,-0.0569,0.0000,0.0569,0.9984,0.0000,0.0000,0.0000,1.0000,0.0210,0.0279,0.0569
227,10,13.0591,-0.4823,0.4546,0.9984,-0.0569,0.0000,0.0569,0.9984,0.0000,0.0000,0.0000,1.0000,0.0210,0.0279,0.0569
228,0,12.6284,-0.3914,0.4400,0.9983,-0.0577,0.0000,0.0577,0.9983,0.0000,0.0000,0.0000,1.0000,0.2577,0.2263,0.1400
228,1,12.6367,-0.3889,0.6052,0.9983,-0.0577,0.0000,0.0577,0.9983,0.0000,0.0000,0.0000,1.0000,0.1100,0.2168,0.3052
228,2,12.7090,-0.4535,0.5173,0.9983,-0.0577,0.0000,0.0577,0.9983,0.0000,0.0000,0.0000,1.0000,0.1101,0.3070,0.2173
228,3,12.7211,-0.6312,0.5889,0.9983,-0.0577,0.0000,0.0577,0.9983,0.0000,0.0000,0.0000,1.0000,0.2836,0.2073,0.2889
228,4,12.8363,-0.6845,0.5062,0.9983,-0.0577,0.0000,0.0577,0.9983,0.0000,0.0000,0.0000,1.0000,0.2820,0.2947,0.2062
228,5,13.0116,-0.5576,0.6614,0.9983,-0.0577,0.0000,0.0577,0.9983,0.0000,0.0000,0.0000,1.0000,0.1112,0.2100,0.3614
228,6,13.1055,-0.5435,0.4265,0.9983,-0.0577,0.0000,0.0577,0.9983,0.0000,0.0000,0.0000,1.0000,0.1972,0.1336,0.1265
228,7,13.2147,-0.5414,0.4491,0.9983,-0.0577,0.0000,0.0577,0.9983,0.0000,0.0000,0.0000,1.0000,0.1624,0.1625,0.0548
228,8,13.2446,-0.4998,0.4472,0.9983,-0.0577,0.0000,0.0577,0.9983,0.0000,0.0000,0.0000,1.0000,0.0831,0.2046,0.1050
228,9,13.2787,-0.4354,0.4544,0.9983,-0.0577,0.0000,0.0577,0.9983,0.0000,0.0000,0.0000,1.0000,0.0210,0.0279,0.0569
228,10,13.3190,-0.4977,0.4546,0.9983,-0.0577,0.0000,0.0577,0.9983,0.0000,0.0000,0.0000,1.0000,0.0210,0.0279,0.0569
229,0,12.8803,-0.4060,0.4400,0.9983,-0.0586,0.0000,0.0586,0.9983,0.0000,0.0000,0.0000,1.0000,0.2577,0.2263,0.1400
229,1,12.8885,-0.4036,0.6052,0.9983,-0.0586,0.0000,0.0586,0.9983,0.0000,0.0000,0.0000,1.0000,0.1100,0.2168,0.3052
229,2,12.9608,-0.4682,0.5173,0.9983,-0.0586,0.0000,0.0586,0.9983,0.0000,0.0000,0.0000,1.0000,0.1101,0.3070,0.2173
229,3,12.9728,-0.6459,0.5889,0.9983,-0.0586,0.0000,0.0586,0.9983,0.0000,0.0000,0.0000,1.0000,0.2836,0.2073,0.2889
229,4,13.0880,-0.6993,0.5062,0.9983,-0.0586,0.0000,0.0586,0.9983,0.0000,0.0000,0.0000,1.0000,0.2820,0.2947,0.2062
229,5,13.2633,-0.5725,0.6614,0.9983,-0.0586,0.0000,0.0586,0.9983,0.0000,0.0000,0.0000,1.0000,0.1112,0.2100,0.3614
229,6,13.3573,-0.5585,0.4265,0.9983,-0.0586,0.0000,0.0586,0.9983,0.0000,0.0000,0.0000,1.0000,0.1972,0.1336,0.1265
229,7,13.4665,-0.5565,0.4491,0.9983,-0.0586,0.0000,0.0586,0.9983,0.0000,0.0000,0.0000,1.0000,0.1624,0.1625,0.0548
229,8,13.4964,-0.5150,0.4472,0.9983,-0.0586,0.0000,0.0586,0.9983,0.0000,0.0000,0.0000,1.0000,0.0831,0.2046,0.1050
229,9,13.5305,-0.4506,0.4544,0.9983,-0.0586,0.0000,0.0586,0.9983,0.0000,0.0000,0.0000,1.0000,0.0210,0.0279,0.0569
229,10,13.5708,-0.5129,0.4546,0.9983,-0.0586,0.0000,0.0586,0.9983,0.0000,0.0000,0.0000,1.0000,0.0210,0.0279,0.0569
230,0,13.1241,-0.4204,0.4400,0.9982,-0.0593,0.0000,0.0593,0.9982,0.0000,0.0000,0.0000,1.0000,0.2577,0.2263,0.1400
230,1,13.1324,-0.4179,0.6052,0.9982,-0.0593,0.0000,0.0593,0.9982,0.0000,0.0000,0.0000,1.0000,0.1100,0.2168,0.3052
230,2,13.2046,-0.4826,0.5173,0.9982,-0.0593,0.0000,0.0593,0.9982,0.0000,0.0000,0.0000,1.0000,0.1101,0.3070,0.2173
230,3,13.2164,-0.6604,0.5889,0.9982,-0.0593,0.0000,0.0593,0.9982,0.0000,0.0000,0.0000,1.0000,0.2836,0.2073,0.2889
230,4,13.3316,-0.7138,0.5062,0.9982,-0.0593,0.0000,0.0593,0.9982,0.0000,0.0000,0.0000,1.0000,0.2820,0.2947,0.2062
230,5,13.5070,-0.5872,0.6614,0.9982,-0.0593,0.0000,0.0593,0.9982,0.0000,0.0000,0.0000,1.0000,0.1112,0.2100,0.3614
230,6,13.6010,-0.5732,0.4265,0.9982,-0.0593,0.0000,0.0593,0.9982,0.0000,0.0000,0.0000,1.0000,0.1972,0.1336,0.1265
230,7,13.7102,-0.5713,0.4491,0.9982,-0.0593,0.0000,0.0593,0.9982,0.0000,0.0000,0.0000,1.0000,0.1624,0.1625,0.0548
230,8,13.7401,-0.5298,0.4472,0.9982,-0.0593,0.0000,0.0593,0.9982,0.0000,0.0000,0.0000,1.0000,0.0831,0.2046,0.1050
230,9,13.7743,-0.4654,0.4544,0.9982,-0.0593,0.0000,0.0593,0.9982,0.0000,0.0000,0.0000,1.0000,0.0210,0.0279,0.0569
230,10,13.8146,-0.5278,0.4546,0.9982,-0.0593,0.0000,0.0593,0.9982,0.0000,0.0000,0.0000,1.0000,0.0210,0.0279,0.0569
231,0,13.3600,-0.4344,0.4400,0.9982,-0.0600,0.0000,0.0600,0.9982,0.0000,0.0000,0.0000,1.0000,0.2577,0.2263,0.1400
231,1,13.3683,-0.4320,0.6052,0.9982,-0.0600,0.0000,0.0600,0.9982,0.0000,0.0000,0.0000,1.0000,0.1100,0.2168,0.3052
231,2,13.4405,-0.4968,0.5173,0.9982,-0.0600,0.0000,0.0600,0.9982,0.0000,0.0000,0.0000,1.0000,0.1101,0.3070,0.2173
231,3,13.4522,-0.6745,0.5889,0.9982,-0.0600,0.0000,0.0600,0.9982,0.0000,0.0000,0.0000,1.0000,0.2836,0.2073,0.2889
231,4,13.5673,-0.7280,0.5062,0.9982,-0.0600,0.0000,0.0600,0.9982,0.0000,0.0000,0.0000,1.0000,0.2820,0.2947,0.2062
231,5,13.7428,-0.6015,0.6614,0.9982,-0.0600,0.0000,0.0600,0.9982,0.0000,0.0000,0.0000,1.0000,0.1112,0.2100,0.3614
231,6,13.8368,-0.5876,0.4265,0.9982,-0.0600,0.0000,0.0600,0.9982,0.0000,0.0000,0.0000,1.0000,0.1972,0.1336,0.1265
231,7,13.9460,-0.5858,0.4491,0.9982,-0.0600,0.0000,0.0600,0.9982,0.0000,0.0000,0.0000,1.0000,0.1624,0.1625,0.0548
231,8,13.9760,-0.5443,0.4472,0.9982,-0.0600,0.0000,0.0600,0.9982,0.0000,0.0000,0.0000,1.0000,0.0831,0.2046,0.1050
231,9,14.0102,-0.4799,0.4544,0.9982,-0.0600,0.0000,0.0600,0.9982,0.0000,0.0000,0.0000,1.0000,0.0210,0.0279,0.0569
231,10,14.0504,-0.5423,0.4546,0.9982,-0.0600,0.0000,0.0600,0.9982,0.0000,0.0000,0.0000,1.0000,0.0210,0.0279,0.0569
232,0,13.5881,-0.4482,0.4400,0.9982,-0.0606,0.0000,0.0606,0.9982,0.0000,0.0000,0.0000,1.0000,0.2577,0.2263,0.1400
232,1,13.5964,-0.4458,0.6052,0.9982,-0.0606,0.0000,0.0606,0.9982,0.0000,0.0000,0.0000,1.0000,0.1100,0.2168,0.3052
232,2,13.6685,-0.5106,0.5173,0.9982,-0.0606,0.0000,0.0606,0.9982,0.0000,0.0000,0.0000,1.0000,0.1101,0.3070,0.2173
232,3,13.6801,-0.6883,0.5889,0.9982,-0.0606,0.0000,0.0606,0.9982,0.0000,0.0000,0.0000,1.0000,0.2836,0.2073,0.2889
232,4,13.7952,-0.7419,0.5062,0.9982,-0.0606,0.0000,0.0606,0.9982,0.0000,0.0000,0.0000,1.0000,0.2820,0.2947,0.2062
232,5,13.9708,-0.6155,0.6614,0.9982,-0.0606,0.0000,0.0606,0.9982,0.0000,0.0000,0.0000,1.0000,0.1112,0.2100,0.3614
232,6,14.0648,-0.6017,0.4265,0.9982,-0.0606,0.0000,0.0606,0.9982,0.0000,0.0000,0.0000,1.0000,0.1972,0.1336,0.1265
232,7,14.1740,-0.5999,0.4491,0.9982,-0.0606,0.0000,0.0606,0.9982,0.0000,0.0000,0.0000,1.0000,0.1624,0.1625,0.0548
232,8,14.2040,-0.5584,0.4472,0.9982,-0.0606,0.0000,0.0606,0.9982,0.0000,0.0000,0.0000,1.0000,0.0831,0.2046,0.1050
232,9,14.2383,-0.4941,0.4544,0.9982,-0.0606,0.0000,0.0606,0.9982,0.0000,0.0000,0.0000,1.0000,0.0210,0.0279,0.0569
232,10,14.2784,-0.5566,0.4546,0.9982,-0.0606,0.0000,0.0606,0.9982,0.0000,0.0000,0.0000,1.0000,0.0210,0.0279,0.0569
233,0,13.8083,-0.4616,0.4400,0.9981,-0.0612,0.0000,0.0612,0.9981,0.0000,0.0000,0.0000,1.0000,0.2577,0.2263,0.1400
233,1,13.8165,-0.4592,0.6052,0.9981,-0.0612,0.0000,0.0612,0.9981,0.0000,0.0000,0.0000,1.0000,0.1100,0.2168,0.3052
233,2,13.8886,-0.5240,0.5173,0.9981,-0.0612,0.0000,0.0612,0.9981,0.0000,0.0000,0.0000,1.0000,0.1101,0.3070,0.2173
233,3,13.9001,-0.7018,0.5889,0.9981,-0.0612,0.0000,0.0612,0.9981,0.0000,0.0000,0.0000,1.0000,0.2836,0.2073,0.2889
233,4,14.0151,-0.7554,0.5062,0.9981,-0.0612,0.0000,0.0612,0.9981,0.0000,0.0000,0.0000,1.0000,0.2820,0.2947,0.2062
233,5,14.1908,-0.6291,0.6614,0.9981,-0.0612,0.0000,0.0612,0.9981,0.0000,0.0000,0.0000,1.0000,0.1112,0.2100,0.3614
233,6,14.2848,-0.6154,0.4265,0.9981,-0.0612,0.0000,0.0612,0.9981,0.0000,0.0000,0.0000,1.0000,0.1972,0.1336,0.1265
233,7,14.3940,-0.6137,0.4491,0.9981,-0.0612,0.0000,0.0612,0.9981,0.0000,0.0000,0.0000,1.0000,0.1624,0.1625,0.0548
233,8,14.4240,-0.5722,0.4472,0.9981,-0.0612,0.0000,0.0612,0.9981,0.0000,0.0000,0.0000,1.0000,0.0831,0.2046,0.1050
233,9,14.4583,-0.5079,0.4544,0.9981,-0.0612,0.0000,0.0612,0.9981,0.0000,0.0000,0.0000,1.0000,0.0210,0.0279,0.0569
233,10,14.4985,-0.5704,0.4546,0.9981,-0.0612,0.0000,0.0612,0.9981,0.0000,0.0000,0.0000,1.0000,0.0210,0.0279,0.0569
234,0,14.0203,-0.4746,0.4400,0.9981,-0.0618,0.0000,0.0618,0.9981,0.0000,0.0000,0.0000,1.0000,0.2577,0.2263,0.1400
234,1,14.0286,-0.4723,0.6052,0.9981,-0.0618,0.0000,0.0618,0.9981,0.0000,0.0000,0.0000,1.0000,0.1100,0.2168,0.3052
234,2,14.1006,-0.5371,0.5173,0.9981,-0.0618,0.0000,0.0618,0.9981,0.0000,0.0000,0.0000,1.0000,0.1101,0.3070,0.2173
234,3,14.1120,-0.7149,0.5889,0.9981,-0.0618,0.0000,0.0618,0.9981,0.0000,0.0000,0.0000,1.0000,0.2836,0.2073,0.2889
234,4,14.2270,-0.7686,0.5062,0.9981,-0.0618,0.0000,0.0618,0.9981,0.0000,0.0000,0.0000,1.0000,0.2820,0.2947,0.2062
234,5,14.4027,-0.6424,0.6614,0.9981,-0.0618,0.0000,0.0618,0.9981,0.0000,0.0000,0.0000,1.0000,0.1112,0.2100,0.3614
234,6,14.4968,-0.6287,0.4265,0.9981,-0.0618,0.0000,0.0618,0.9981,0.0000,0.0000,0.0000,1.0000,0.1972,0.1336,0.1265
234,7,14.6060,-0.6270,0.4491,0.9981,-0.0618,0.0000,0.0618,0.9981,0.0000,0.0000,0.0000,1.0000,0.1624,0.1625,0.0548
234,8,14.6360,-0.5856,0.4472,0.9981,-0.0618,0.0000,0.0618,0.9981,0.0000,0.0000,0.0000,1.0000,0.0831,0.2046,0.1050
234,9,14.6703,-0.5213,0.4544,0.9981,-0.0618,0.0000,0.0618,0.9981,0.0000,0.0000,0.0000,1.0000,0.0210,0.0279,0.0569
234,10,14.7105,-0.5838,0.4546,0.9981,-0.0618,0.0000,0.0618,0.9981,0.0000,0.0000,0.0000,1.0000,0.0210,0.0279,0.0569
235,0,14.2242,-0.4873,0.4400,0.9981,-0.0624,0.0000,0.0624,0.9981,0.0000,0.0000,0.0000,1.0000,0.2577,0.2263,0.1400
235,1,14.2325,-0.4849,0.6052,0.9981,-0.0624,0.0000,0.0624,0.9981,0.0000,0.0000,0.0000,1.0000,0.1100,0.2168,0.3052
235,2,14.3045,-0.5498,0.5173,0.9981,-0.0624,0.0000,0.0624,0.9981,0.0000,0.0000,0.0000,1.0000,0.1101,0.3070,0.2173
235,3,14.3158,-0.7276,0.5889,0.9981,-0.0624,0.0000,0.0624,0.9981,0.0000,0.0000,0.0000,1.0000,0.2836,0.2073,0.2889
235,4,14.4308,-0.7814,0.5062,0.9981,-0.0624,0.0000,0.0624,0.9981,0.0000,0.0000,0.0000,1.0000,0.2820,0.2947,0.2062
235,5,14.6066,-0.6553,0.6614,0.9981,-0.0624,0.0000,0.0624,0.9981,0.0000,0.0000,0.0000,1.0000,0.1112,0.2100,0.3614
235,6,14.7006,-0.6416,0.4265,0.9981,-0.0624,0.0000,0.0624,0.9981,0.0000,0.0000,0.0000,1.0000,0.1972,0.1336,0.1265
235,7,14.8098,-0.6400,0.4491,0.9981,-0.0624,0.0000,0.0624,0.9981,0.0000,0.0000,0.0000,1.0000,0.1624,0.1625,0.0548
235,8,14.8399,-0.5986,0.4472,0.9981,-0.0624,0.0000,0.0624,0.9981,0.0000,0.0000,0.0000,1.0000,0.0831,0.2046,0.1050
235,9,14.8742,-0.5343,0.4544,0.9981,-0.0624,0.0000,0.0624,0.9981,0.0000,0.0000,0.0000,1.0000,0.0210,0.0279,0.0569
235,10,14.9143,-0.5968,0.4546,0.9981,-0.0624,0.0000,0.0624,0.9981,0.0000,0.0000,0.0000,1.0000,0.0210,0.0279,0.0569
236,0,14.4201,-0.4996,0.4400,0.9980,-0.0629,0.0000,0.0629,0.9980,0.0000,0.0000,0.0000,1.0000,0.2577,0.2263,0.1400
236,1,14.4283,-0.4972,0.6052,0.9980,-0.0629,0.0000,0.0629,0.9980,0.0000,0.0000,0.0000,1.0000,0.1100,0.2168,0.3052
236,2,14.5003,-0.5621,0.5173,0.9980,-0.0629,0.0000,0.0629,0.9980,0.0000,0.0000,0.0000,1.0000,0.1101,0.3070,0.2173
236,3,14.5115,-0.7399,0.5889,0.9980,-0.0629,0.0000,0.0629,0.9980,0.0000,0.0000,0.0000,1.0000,0.2836,0.2073,0.2889
236,4,14.6265,-0.7937,0.5062,0.9980,-0.0629,0.0000,0.0629,0.9980,0.0000,0.0000,0.0000,1.0000,0.2820,0.2947,0.2062
236,5,14.8024,-0.6678,0.6614,0.9980,-0.0629,0.0000,0.0629,0.9980,0.0000,0.0000,0.0000,1.0000,0.1112,0.2100,0.3614
236,6,14.8964,-0.6541,0.4265,0.9980,-0.0629,0.0000,0.0629,0.9980,0.0000,0.0000,0.0000,1.0000,0.1972,0.1336,0.1265
236,7,15.0056,-0.6526,0.4491,0.9980,-0.0629,0.0000,0.0629,0.9980,0.0000,0.0000,0.0000,1.0000,0.1624,0.1625,0.0548
236,8,15.0357,-0.6112,0.4472,0.9980,-0.0629,0.0000,0.0629,0.9980,0.0000,0.0000,0.0000,1.0000,0.0831,0.2046,0.1050
236,9,15.0701,-0.5470,0.4544,0.9980,-0.0629,0.0000,0.0629,0.9980,0.0000,0.0000,0.0000,1.0000,0.0210,0.0279,0.0569
236,10,15.1101,-0.6095,0.4546,0.9980,-0.0629,0.0000,0.0629,0.9980,0.0000,0.0000,0.0000,1.0000,0.0210,0.0279,0.0569
237,0,14.6079,-0.5114,0.4400,0.9980,-0.0635,0.0000,0.0635,0.9980,0.0000,0.0000,0.0000,1.0000,0.2577,0.2263,0.1400
237,1,14.6161,-0.5091,0.6052,0.9980,-0.0635,0.0000,0.0635,0.9980,0.0000,0.0000,0.0000,1.0000,0.1100,0.2168,0.3052
237,2,14.6881,-0.5741,0.5173,0.9980,-0.0635,0.0000,0.0635,0.9980,0.0000,0.0000,0.0000,1.0000,0.1101,0.3070,0.2173
237,3,14.6992,-0.7518,0.5889,0.9980,-0.0635,0.0000,0.0635,0.9980,0.0000,0.0000,0.0000,1.0000,0.2836,0.2073,0.2889
237,4,14.8141,-0.8057,0.5062,0.9980,-0.0635,0.0000,0.0635,0.9980,0.0000,0.0000,0.0000,1.0000,0.2820,0.2947,0.2062
237,5,14.9901,-0.6798,0.6614,0.9980,-0.0635,0.0000,0.0635,0.9980,0.0000,0.0000,0.0000,1.0000,0.1112,0.2100,0.3614
237,6,15.0841,-0.6663,0.4265,0.9980,-0.0635,0.0000,0.0635,0.9980,0.0000,0.0000,0.0000,1.0000,0.1972,0.1336,0.1265
237,7,15.1933,-0.6648,0.4491,0.9980,-0.0635,0.0000,0.0635,0.9980,0.0000,0.0000,0.0000,1.0000,0.1624,0.1625,0.0548
237,8,15.2234,-0.6234,0.4472,0.9980,-0.0635,0.0000,0.0635,0.9980,0.0000,0.0000,0.0000,1.0000,0.0831,0.2046,0.1050
237,9,15.2579,-0.5592,0.4544,0.9980,-0.0635,0.0000,0.0635,0.9980,0.0000,0.0000,0.0000,1.0000,0.0210,0.0279,0.0569
237,10,15.2979,-0.6218,0.4546,0.9980,-0.0635,0.0000,0.0635,0.9980,0.0000,0.0000,0.0000,1.0000,0.0210,0.0279,0.0569
238,0,14.7875,-0.5229,0.4400,0.9980,-0.0640,0.0000,0.0640,0.9980,0.0000,0.0000,0.0000,1.0000,0.2577,0.2263,0.1400
238,1,14.7958,-0.5205,0.6052,0.9980,-0.0640,0.0000,0.0640,0.9980,0.0000,0.0000,0.0000,1.0000,0.1100,0.2168,0.3052
238,2,14.8677,-0.5855,0.5173,0.9980,-0.0640,0.0000,0.0640,0.9980,0.0000,0.0000,0.0000,1.0000,0.1101,0.3070,0.2173
238,3,14.8787,-0.7633,0.5889,0.9980,-0.0640,0.0000,0.0640,0.9980,0.0000,0.0000,0.0000,1.0000,0.2836,0.2073,0.2889
238,4,14.9936,-0.8173,0.5062,0.9980,-0.0640,0.0000,0.0640,0.9980,0.0000,0.0000,0.0000,1.0000,0.2820,0.2947,0.2062
238,5,15.1696,-0.6915,0.6614,0.9980,-0.0640,0.0000,0.0640,0.9980,0.0000,0.0000,0.0000,1.0000,0.1112,0.2100,0.3614
238,6,15.2637,-0.6780,0.4265,0.9980,-0.0640,0.0000,0.0640,0.9980,0.0000,0.0000,0.0000,1.0000,0.1972,0.1336,0.1265
238,7,15.3729,-0.6766,0.4491,0.9980,-0.0640,0.0000,0.0640,0.9980,0.0000,0.0000,0.0000,1.0000,0.1624,0.1625,0.0548
238,8,15.4030,-0.6352,0.4472,0.9980,-0.0640,0.0000,0.0640,0.9980,0.0000,0.0000,0.0000,1.0000,0.0831,0.2046,0.1050
238,9,15.4375,-0.5710,0.4544,0.9980,-0.0640,0.0000,0.0640,0.9980,0.0000,0.0000,0.0000,1.0000,0.0210,0.0279,0.0569
238,10,15.4774,-0.6336,0.4546,0.9980,-0.0640,0.0000,0.0640,0.9980,0.0000,0.0000,0.0000,1.0000,0.0210,0.0279,0.0569
239,0,14.9588,-0.5339,0.4400,0.9979,-0.0645,0.0000,0.0645,0.9979,0.0000,0.0000,0.0000,1.0000,0.2577,0.2263,0.1400
239,1,14.9671,-0.5315,0.6052,0.9979,-0.0645,0.0000,0.0645,0.9979,0.0000,0.0000,0.0000,1.0000,0.1100,0.2168,0.3052
239,2,15.0390,-0.5966,0.5173,0.9979,-0.0645,0.0000,0.0645,0.9979,0.0000,0.0000,0.0000,1.0000,0.1101,0.3070,0.2173
239,3,15.0499,-0.7744,0.5889,0.9979,-0.0645,0.0000,0.0645,0.9979,0.0000,0.0000,0.0000,1.0000,0.2836,0.2073,0.2889
239,4,15.1648,-0.8284,0.5062,0.9979,-0.0645,0.0000,0.0645,0.9979,0.0000,0.0000,0.0000,1.0000,0.2820,0.2947,0.2062
239,5,15.3408,-0.7027,0.6614,0.9979,-0.0645,0.0000,0.0645,0.9979,0.0000,0.0000,0.0000,1.0000,0.1112,0.2100,0.3614
239,6,15.4349,-0.6892,0.4265,0.9979,-0.0645,0.0000,0.0645,0.9979,0.0000,0.0000,0.0000,1.0000,0.1972,0.1336,0.1265
239,7,15.5441,-0.6879,0.4491,0.9979,-0.0645,0.0000,0.0645,0.9979,0.0000,0.0000,0.0000,1.0000,0.1624,0.1625,0.0548
239,8,15.5743,-0.6465,0.4472,0.9979,-0.0645,0.0000,0.0645,0.9979,0.0000,0.0000,0.0000,1.0000,0.0831,0.2046,0.1050
239,9,15.6088,-0.5823,0.4544,0.9979,-0.0645,0.0000,0.0645,0.9979,0.0000,0.0000,0.0000,1.0000,0.0210,0.0279,0.0569
239,10,15.6487,-0.6449,0.4546,0.9979,-0.0645,0.0000,0.0645,0.9979,0.0000,0.0000,0.0000,1.0000,0.0210,0.0279,0.0569
240,0,15.1217,-0.5444,0.4400,0.9979,-0.0650,0.0000,0.0650,0.9979,0.0000,0.0000,0.0000,1.0000,0.2577,0.2263,0.1400
240,1,15.1300,-0.5421,0.6052,0.9979,-0.0650,0.0000,0.0650,0.9979,0.0000,0.0000,0.0000,1.0000,0.1100,0.2168,0.3052
240,2,15.2018,-0.6072,0.5173,0.9979,-0.0650,0.0000,0.0650,0.9979,0.0000,0.0000,0.0000,1.0000,0.1101,0.3070,0.2173
240,3,15.2127,-0.7850,0.5889,0.9979,-0.0650,0.0000,0.0650,0.9979,0.0000,0.0000,0.0000,1.0000,0.2836,0.2073,0.2889
240,4,15.3275,-0.8390,0.5062,0.9979,-0.0650,0.0000,0.0650,0.9979,0.0000,0.0000,0.0000,1.0000,0.2820,0.2947,0.2062
240,5,15.5036,-0.7134,0.6614,0.9979,-0.0650,0.0000,0.0650,0.9979,0.0000,0.0000,0.0000,1.0000,0.1112,0.2100,0.3614
240,6,15.5977,-0.7000,0.4265,0.9979,-0.0650,0.0000,0.0650,0.9979,0.0000,0.0000,0.0000,1.0000,0.1972,0.1336,0.1265
240,7,15.7069,-0.6987,0.4491,0.9979,-0.0650,0.0000,0.0650,0.9979,0.0000,0.0000,0.0000,1.0000,0.1624,0.1625,0.0548
240,8,15.7371,-0.6574,0.4472,0.9979,-0.0650,0.0000,0.0650,0.9979,0.0000,0.0000,0.0000,1.0000,0.0831,0.2046,0.1050
240,9,15.7716,-0.5932,0.4544,0.9979,-0.0650,0.0000,0.0650,0.9979,0.0000,0.0000,0.0000,1.0000,0.0210,0.0279,0.0569
240,10,15.8115,-0.6558,0.4546,0.9979,-0.0650,0.0000,0.0650,0.9979,0.0000,0.0000,0.0000,1.0000,0.0210,0.0279,0.0569
241,0,15.2760,-0.5545,0.4400,0.9979,-0.0655,0.0000,0.0655,0.9979,0.0000,0.0000,0.0000,1.0000,0.2577,0.2263,0.1400
241,1,15.2842,-0.5521,0.6052,0.9979,-0.0655,0.0000,0.0655,0.9979,0.0000,0.0000,0.0000,1.0000,0.1100,0.2168,0.3052
241,2,15.3560,-0.6173,0.5173,0.9979,-0.0655,0.0000,0.0655,0.9979,0.0000,0.0000,0.0000,1.0000,0.1101,0.3070,0.2173
241,3,15.3668,-0.7951,0.5889,0.9979,-0.0655,0.0000,0.0655,0.9979,0.0000,0.0000,0.0000,1.0000,0.2836,0.2073,0.2889
241,4,15.4816,-0.8492,0.5062,0.9979,-0.0655,0.0000,0.0655,0.9979,0.0000,0.0000,0.0000,1.0000,0.2820,0.2947,0.2062
241,5,15.6578,-0.7237,0.6614,0.9979,-0.0655,0.0000,0.0655,0.9979,0.0000,0.0000,0.0000,1.0000,0.1112,0.2100,0.3614
241,6,15.7519,-0.7103,0.4265,0.9979,-0.0655,0.0000,0.0655,0.9979,0.0000,0.0000,0.0000,1.0000,0.1972,0.1336,0.1265
241,7,15.8611,-0.7091,0.4491,0.9979,-0.0655,0.0000,0.0655,0.9979,0.0000,0.0000,0.0000,1.0000,0.1624,0.1625,0.0548
241,8,15.8913,-0.6677,0.4472,0.9979,-0.0655,0.0000,0.0655,0.9979,0.0000,0.0000,0.0000,1.0000,0.0831,0.2046,0.1050
241,9,15.9258,-0.6036,0.4544,0.9979,-0.0655,0.0000,0.0655,0.9979,0.0000,0.0000,0.0000,1.0000,0.0210,0.0279,0.0569
241,10,15.9657,-0.6662,0.4546,0.9979,-0.0655,0.0000,0.0655,0.9979,0.0000,0.0000,0.0000,1.0000,0.0210,0.0279,0.0569
242,0,15.4215,-0.5641,0.4400,0.9978,-0.0660,0.0000,0.0660,0.9978,0.0000,0.0000,0.0000,1.0000,0.2577,0.2263,0.1400
242,1,15.4297,-0.5617,0.6052,0.9978,-0.0660,0.0000,0.0660,0.9978,0.0000,0.0000,0.0000,1.0000,0.1100,0.2168,0.3052
242,2,15.5015,-0.6269,0.5173,0.9978,-0.0660,0.0000,0.0660,0.9978,0.0000,0.0000,0.0000,1.0000,0.1101,0.3070,0.2173
242,3,15.5122,-0.8047,0.5889,0.9978,-0.0660,0.0000,0.0660,0.9978,0.0000,0.0000,0.0000,1.0000,0.2836,0.2073,0.2889
242,4,15.6270,-0.8589,0.5062,0.9978,-0.0660,0.0000,0.0660,0.9978,0.0000,0.0000,0.0000,1.0000,0.2820,0.2947,0.2062
242,5,15.8032,-0.7334,0.6614,0.9978,-0.0660,0.0000,0.0660,0.9978,0.0000,0.0000,0.0000,1.0000,0.1112,0.2100,0.3614
242,6,15.8973,-0.7201,0.4265,0.9978,-0.0660,0.0000,0.0660,0.9978,0.0000,0.0000,0.0000,1.0000,0.1972,0.1336,0.1265
242,7,16.0065,-0.7189,0.4491,0.9978,-0.0660,0.0000,0.0660,0.9978,0.0000,0.0000,0.0000,1.0000,0.1624,0.1625,0.0548
242,8,16.0367,-0.6776,0.4472,0.9978,-0.0660,0.0000,0.0660,0.9978,0.0000,0.0000,0.0000,1.0000,0.0831,0.2046,0.1050
242,9,16.0713,-0.6134,0.4544,0.9978,-0.0660,0.0000,0.0660,0.9978,0.0000,0.0000,0.0000,1.0000,0.0210,0.0279,0.0569
242,10,16.1112,-0.6761,0.4546,0.9978,-0.0660,0.0000,0.0660,0.9978,0.0000,0.0000,0.0000,1.0000,0.0210,0.0279,0.0569
243,0,15.5582,-0.5731,0.4400,0.9978,-0.0664,0.0000,0.0664,0.9978,0.0000,0.0000,0.0000,1.0000,0.2577,0.2263,0.1400
243,1,15.5665,-0.5708,0.6052,0.9978,-0.0664,0.0000,0.0664,0.9978,0.0000,0.0000,0.0000,1.0000,0.1100,0.2168,0.3052
243,2,15.6382,-0.6360,0.5173,0.9978,-0.0664,0.0000,0.0664,0.9978,0.0000,0.0000,0.0000,1.0000,0.1101,0.3070,0.2173
243,3,15.6489,-0.8138,0.5889,0.9978,-0.0664,0.0000,0.0664,0.9978,0.0000,0.0000,0.0000,1.0000,0.2836,0.2073,0.2889
243,4,15.7636,-0.8680,0.5062,0.9978,-0.0664,0.0000,0.0664,0.9978,0.0000,0.0000,0.0000,1.0000,0.2820,0.2947,0.2062
243,5,15.9399,-0.7426,0.6614,0.9978,-0.0664,0.0000,0.0664,0.9978,0.0000,0.0000,0.0000,1.0000,0.1112,0.2100,0.3614
243,6,16.0340,-0.7294,0.4265,0.9978,-0.0664,0.0000,0.0664,0.9978,0.0000,0.0000,0.0000,1.0000,0.1972,0.1336,0.1265
243,7,16.1432,-0.7282,0.4491,0.9978,-0.0664,0.0000,0.0664,0.9978,0.0000,0.0000,0.0000,1.0000,0.1624,0.1625,0.0548
243,8,16.1734,-0.6869,0.4472,0.9978,-0.0664,0.0000,0.0664,0.9978,0.0000,0.0000,0.0000,1.0000,0.0831,0.2046,0.1050
243,9,16.2081,-0.6228,0.4544,0.9978,-0.0664,0.0000,0.0664,0.9978,0.0000,0.0000,0.0000,1.0000,0.0210,0.0279,0.0569
243,10,16.2479,-0.6855,0.4546,0.9978,-0.0664,0.0000,0.0664,0.9978,0.0000,0.0000,0.0000,1.0000,0.0210,0.0279,0.0569
244,0,15.6866,-0.5817,0.4400,0.9978,-0.0669,0.0000,0.0669,0.9978,0.0000,0.0000,0.0000,1.0000,0.2577,0.2263,0.1400
244,1,15.6949,-0.5793,0.6052,0.9978,-0.0669,0.0000,0.0669,0.9978,0.0000,0.0000,0.0000,1.0000,0.1100,0.2168,0.3052
244,2,15.7666,-0.6446,0.5173,0.9978,-0.0669,0.0000,0.0669,0.9978,0.0000,0.0000,0.0000,1.0000,0.1101,0.3070,0.2173
244,3,15.7771,-0.8224,0.5889,0.9978,-0.0669,0.0000,0.0669,0.9978,0.0000,0.0000,0.0000,1.0000,0.2836,0.2073,0.2889
244,4,15.8919,-0.8767,0.5062,0.9978,-0.0669,0.0000,0.0669,0.9978,0.0000,0.0000,0.0000,1.0000,0.2820,0.2947,0.2062
244,5,16.0682,-0.7514,0.6614,0.9978,-0.0669,0.0000,0.0669,0.9978,0.0000,0.0000,0.0000,1.0000,0.1112,0.2100,0.3614
244,6,16.1623,-0.7381,0.4265,0.9978,-0.0669,0.0000,0.0669,0.9978,0.0000,0.0000,0.0000,1.0000,0.1972,0.1336,0.1265
244,7,16.2715,-0.7370,0.4491,0.9978,-0.0669,0.0000,0.0669,0.9978,0.0000,0.0000,0.0000,1.0000,0.1624,0.1625,0.0548
244,8,16.3018,-0.6958,0.4472,0.9978,-0.0669,0.0000,0.0669,0.9978,0.0000,0.0000,0.0000,1.0000,0.0831,0.2046,0.1050
244,9,16.3364,-0.6316,0.4544,0.9978,-0.0669,0.0000,0.0669,0.9978,0.0000,0.0000,0.0000,1.0000,0.0210,0.0279,0.0569
244,10,16.3762,-0.6943,0.4546,0.9978,-0.0669,0.0000,0.0669,0.9978,0.0000,0.0000,0.0000,1.0000,0.0210,0.0279,0.0569
245,0,15.8071,-0.5898,0.4400,0.9977,-0.0673,0.0000,0.0673,0.9977,0.0000,0.0000,0.0000,1.0000,0.2577,0.2263,0.1400
245,1,15.8154,-0.5874,0.6052,0.9977,-0.0673,0.0000,0.0673,0.9977,0.0000,0.0000,0.0000,1.0000,0.1100,0.2168,0.3052
245,2,15.8871,-0.6527,0.5173,0.9977,-0.0673,0.0000,0.0673,0.9977,0.0000,0.0000,0.0000,1.0000,0.1101,0.3070,0.2173
245,3,15.8975,-0.8305,0.5889,0.9977,-0.0673,0.0000,0.0673,0.9977,0.0000,0.0000,0.0000,1.0000,0.2836,0.2073,0.2889
245,4,16.0122,-0.8848,0.5062,0.9977,-0.0673,0.0000,0.0673,0.9977,0.0000,0.0000,0.0000,1.0000,0.2820,0.2947,0.2062
245,5,16.1887,-0.7596,0.6614,0.9977,-0.0673,0.0000,0.0673,0.9977,0.0000,0.0000,0.0000,1.0000,0.1112,0.2100,0.3614
245,6,16.2828,-0.7464,0.4265,0.9977,-0.0673,0.0000,0.0673,0.9977,0.0000,0.0000,0.0000,1.0000,0.1972,0.1336,0.1265
245,7,16.3920,-0.7454,0.4491,0.9977,-0.0673,0.0000,0.0673,0.9977,0.0000,0.0000,0.0000,1.0000,0.1624,0.1625,0.0548
245,8,16.4222,-0.7041,0.4472,0.9977,-0.0673,0.0000,0.0673,0.9977,0.0000,0.0000,0.0000,1.0000,0.0831,0.2046,0.1050
245,9,16.4569,-0.6400,0.4544,0.9977,-0.0673,0.0000,0.0673,0.9977,0.0000,0.0000,0.0000,1.0000,0.0210,0.0279,0.0569
245,10,16.4967,-0.7027,0.4546,0.9977,-0.0673,0.0000,0.0673,0.9977,0.0000,0.0000,0.0000,1.0000,0.0210,0.0279,0.0569
246,0,15.9205,-0.5974,0.4400,0.9977,-0.0677,0.0000,0.0677,0.9977,0.0000,0.0000,0.0000,1.0000,0.2577,0.2263,0.1400
246,1,15.9288,-0.5951,0.6052,0.9977,-0.0677,0.0000,0.0677,0.9977,0.0000,0.0000,0.0000,1.0000,0.1100,0.2168,0.3052
246,2,16.0004,-0.6604,0.5173,0.9977,-0.0677,0.0000,0.0677,0.9977,0.0000,0.0000,0.0000,1.0000,0.1101,0.3070,0.2173
246,3,16.0108,-0.8382,0.5889,0.9977,-0.0677,0.0000,0.0677,0.9977,0.0000,0.0000,0.0000,1.0000,0.2836,0.2073,0.2889
246,4,16.1255,-0.8926,0.5062,0.9977,-0.0677,0.0000,0.0677,0.9977,0.0000,0.0000,0.0000,1.0000,0.2820,0.2947,0.2062
246,5,16.3020,-0.7675,0.6614,0.9977,-0.0677,0.0000,0.0677,0.9977,0.0000,0.0000,0.0000,1.0000,0.1112,0.2100,0.3614
246,6,16.3961,-0.7543,0.4265,0.9977,-0.0677,0.0000,0.0677,0.9977,0.0000,0.0000,0.0000,1.0000,0.1972,0.1336,0.1265
246,7,16.5053,-0.7533,0.4491,0.9977,-0.0677,0.0000,0.0677,0.9977,0.0000,0.0000,0.0000,1.0000,0.1624,0.1625,0.0548
246,8,16.5356,-0.7121,0.4472,0.9977,-0.0677,0.0000,0.0677,0.9977,0.0000,0.0000,0.0000,1.0000,0.0831,0.2046,0.1050
246,9,16.5703,-0.6480,0.4544,0.9977,-0.0677,0.0000,0.0677,0.9977,0.0000,0.0000,0.0000,1.0000,0.0210,0.0279,0.0569
246,10,16.6100,-0.7107,0.4546,0.9977,-0.0677,0.0000,0.0677,0.9977,0.0000,0.0000,0.0000,1.0000,0.0210,0.0279,0.0569
247,0,16.0275,-0.6047,0.4400,0.9977,-0.0682,0.0000,0.0682,0.9977,0.0000,0.0000,0.0000,1.0000,0.2577,0.2263,0.1400
247,1,16.0358,-0.6023,0.6052,0.9977,-0.0682,0.0000,0.0682,0.9977,0.0000,0.0000,0.0000,1.0000,0.1100,0.2168,0.3052
247,2,16.1074,-0.6677,0.5173,0.9977,-0.0682,0.0000,0.0682,0.9977,0.0000,0.0000,0.0000,1.0000,0.1101,0.3070,0.2173
247,3,16.1177,-0.8455,0.5889,0.9977,-0.0682,0.0000,0.0682,0.9977,0.0000,0.0000,0.0000,1.0000,0.2836,0.2073,0.2889
247,4,16.2323,-0.8999,0.5062,0.9977,-0.0682,0.0000,0.0682,0.9977,0.0000,0.0000,0.0000,1.0000,0.2820,0.2947,0.2062
247,5,16.4089,-0.7749,0.6614,0.9977,-0.0682,0.0000,0.0682,0.9977,0.0000,0.0000,0.0000,1.0000,0.1112,0.2100,0.3614
247,6,16.5030,-0.7618,0.4265,0.9977,-0.0682,0.0000,0.0682,0.9977,0.0000,0.0000,0.0000,1.0000,0.1972,0.1336,0.1265
247,7,16.6122,-0.7608,0.4491,0.9977,-0.0682,0.0000,0.0682,0.9977,0.0000,0.0000,0.0000,1.0000,0.1624,0.1625,0.0548
247,8,16.6425,-0.7196,0.4472,0.9977,-0.0682,0.0000,0.0682,0.9977,0.0000,0.0000,0.0000,1.0000,0.0831,0.2046,0.1050
247,9,16.6772,-0.6555,0.4544,0.9977,-0.0682,0.0000,0.0682,0.9977,0.0000,0.0000,0.0000,1.0000,0.0210,0.0279,0.0569
247,10,16.7169,-0.7183,0.4546,0.9977,-0.0682,0.0000,0.0682,0.9977,0.0000,0.0000,0.0000,1.0000,0.0210,0.0279,0.0569
248,0,16.1289,-0.6116,0.4400,0.9976,-0.0686,0.0000,0.0686,0.9976,0.0000,0.0000,0.0000,1.0000,0.2577,0.2263,0.1400
248,1,16.1372,-0.6093,0.6052,0.9976,-0.0686,0.0000,0.0686,0.9976,0.0000,0.0000,0.0000,1.0000,0.1100,0.2168,0.3052
248,2,16.2088,-0.6746,0.5173,0.9976,-0.0686,0.0000,0.0686,0.9976,0.0000,0.0000,0.0000,1.0000,0.1101,0.3070,0.2173
248,3,16.2190,-0.8525,0.5889,0.9976,-0.0686,0.0000,0.0686,0.9976,0.0000,0.0000,0.0000,1.0000,0.2836,0.2073,0.2889
248,4,16.3337,-0.9070,0.5062,0.9976,-0.0686,0.0000,0.0686,0.9976,0.0000,0.0000,0.0000,1.0000,0.2820,0.2947,0.2062
248,5,16.5103,-0.7820,0.6614,0.9976,-0.0686,0.0000,0.0686,0.9976,0.0000,0.0000,0.0000,1.0000,0.1112,0.2100,0.3614
248,6,16.6044,-0.7689,0.4265,0.9976,-0.0686,0.0000,0.0686,0.9976,0.0000,0.0000,0.0000,1.0000,0.1972,0.1336,0.1265
248,7,16.7136,-0.7680,0.4491,0.9976,-0.0686,0.0000,0.0686,0.9976,0.0000,0.0000,0.0000,1.0000,0.1624,0.1625,0.0548
248,8,16.7439,-0.7268,0.4472,0.9976,-0.0686,0.0000,0.0686,0.9976,0.0000,0.0000,0.0000,1.0000,0.0831,0.2046,0.1050
248,9,16.7787,-0.6627,0.4544,0.9976,-0.0686,0.0000,0.0686,0.9976,0.0000,0.0000,0.0000,1.0000,0.0210,0.0279,0.0569
248,10,16.8184,-0.7255,0.4546,0.9976,-0.0686,0.0000,0.0686,0.9976,0.0000,0.0000,0.0000,1.0000,0.0210,0.0279,0.0569
249,0,16.2257,-0.6183,0.4400,0.9976,-0.0690,0.0000,0.0690,0.9976,0.0000,0.0000,0.0000,1.0000,0.2577,0.2263,0.1400
249,1,16.2340,-0.6159,0.6052,0.9976,-0.0690,0.0000,0.0690,0.9976,0.0000,0.0000,0.0000,1.0000,0.1100,0.2168,0.3052
249,2,16.3056,-0.6813,0.5173,0.9976,-0.0690,0.0000,0.0690,0.9976,0.0000,0.0000,0.0000,1.0000,0.1101,0.3070,0.2173
249,3,16.3157,-0.8592,0.5889,0.9976,-0.0690,0.0000,0.0690,0.9976,0.0000,0.0000,0.0000,1.0000,0.2836,0.2073,0.2889
249,4,16.4303,-0.9137,0.5062,0.9976,-0.0690,0.0000,0.0690,0.9976,0.0000,0.0000,0.0000,1.0000,0.2820,0.2947,0.2062
249,5,16.6070,-0.7888,0.6614,0.9976,-0.0690,0.0000,0.0690,0.9976,0.0000,0.0000,0.0000,1.0000,0.1112,0.2100,0.3614
249,6,16.7011,-0.7757,0.4265,0.9976,-0.0690,0.0000,0.0690,0.9976,0.0000,0.0000,0.0000,1.0000,0.1972,0.1336,0.1265
249,7,16.8103,-0.7749,0.4491,0.9976,-0.0690,0.0000,0.0690,0.9976,0.0000,0.0000,0.0000,1.0000,0.1624,0.1625,0.0548
249,8,16.8406,-0.7337,0.4472,0.9976,-0.0690,0.0000,0.0690,0.9976,0.0000,0.0000,0.0000,1.0000,0.0831,0.2046,0.1050
249,9,16.8754,-0.6696,0.4544,0.9976,-0.0690,0.0000,0.0690,0.9976,0.0000,0.0000,0.0000,1.0000,0.0210,0.0279,0.0569
249,10,16.9151,-0.7324,0.4546,0.9976,-0.0690,0.0000,0.0690,0.9976,0.0000,0.0000,0.0000,1.0000,0.0210,0.0279,0.0569
250,0,16.3186,-0.6247,0.4400,0.9976,-0.0693,0.0000,0.0693,0.9976,0.0000,0.0000,0.0000,1.0000,0.2577,0.2263,0.1400
250,1,16.3269,-0.6224,0.6052,0.9976,-0.0693,0.0000,0.0693,0.9976,0.0000,0.0000,0.0000,1.0000,0.1100,0.2168,0.3052
250,2,16.3984,-0.6878,0.5173,0.9976,-0.0693,0.0000,0.0693,0.9976,0.0000,0.0000,0.0000,1.0000,0.1101,0.3070,0.2173
250,3,16.4085,-0.8656,0.5889,0.9976,-0.0693,0.0000,0.0693,0.9976,0.0000,0.0000,0.0000,1.0000,0.2836,0.2073,0.2889
250,4,16.5231,-0.9202,0.5062,0.9976,-0.0693,0.0000,0.0693,0.9976,0.0000,0.0000,0.0000,1.0000,0.2820,0.2947,0.2062
250,5,16.6998,-0.7953,0.6614,0.9976,-0.0693,0.0000,0.0693,0.9976,0.0000,0.0000,0.0000,1.0000,0.1112,0.2100,0.3614
250,6,16.7939,-0.7823,0.4265,0.9976,-0.0693,0.0000,0.0693,0.9976,0.0000,0.0000,0.0000,1.0000,0.1972,0.1336,0.1265
250,7,16.9032,-0.7815,0.4491,0.9976,-0.0693,0.0000,0.0693,0.9976,0.0000,0.0000,0.0000,1.0000,0.1624,0.1625,0.0548
250,8,16.9335,-0.7403,0.4472,0.9976,-0.0693,0.0000,0.0693,0.9976,0.0000,0.0000,0.0000,1.0000,0.0831,0.2046,0.1050
250,9,16.9683,-0.6763,0.4544,0.9976,-0.0693,0.0000,0.0693,0.9976,0.0000,0.0000,0.0000,1.0000,0.0210,0.0279,0.0569
250,10,17.0079,-0.7391,0.4546,0.9976,-0.0693,0.0000,0.0693,0.9976,0.0000,0.0000,0.0000,1.0000,0.0210,0.0279,0.0569
251,0,16.4081,-0.6309,0.4400,0.9976,-0.0697,0.0000,0.0697,0.9976,0.0000,0.0000,0.0000,1.0000,0.2577,0.2263,0.1400
251,1,16.4164,-0.6286,0.6052,0.9976,-0.0697,0.0000,0.0697,0.9976,0.0000,0.0000,0.0000,1.0000,0.1100,0.2168,0.3052
251,2,16.4879,-0.6940,0.5173,0.9976,-0.0697,0.0000,0.0697,0.9976,0.0000,0.0000,0.0000,1.0000,0.1101,0.3070,0.2173
251,3,16.4979,-0.8719,0.5889,0.9976,-0.0697,0.0000,0.0697,0.9976,0.0000,0.0000,0.0000,1.0000,0.2836,0.2073,0.2889
251,4,16.6125,-0.9265,0.5062,0.9976,-0.0697,0.0000,0.0697,0.9976,0.0000,0.0000,0.0000,1.0000,0.2820,0.2947,0.2062
251,5,16.7892,-0.8017,0.6614,0.9976,-0.0697,0.0000,0.0697,0.9976,0.0000,0.0000,0.0000,1.0000,0.1112,0.2100,0.3614
251,6,16.8834,-0.7887,0.4265,0.9976,-0.0697,0.0000,0.0697,0.9976,0.0000,0.0000,0.0000,1.0000,0.1972,0.1336,0.1265
251,7,16.9926,-0.7879,0.4491,0.9976,-0.0697,0.0000,0.0697,0.9976,0.0000,0.0000,0.0000,1.0000,0.1624,0.1625,0.0548
251,8,17.0229,-0.7468,0.4472,0.9976,-0.0697,0.0000,0.0697,0.9976,0.0000,0.0000,0.0000,1.0000,0.0831,0.2046,0.1050
251,9,17.0578,-0.6827,0.4544,0.9976,-0.0697,0.0000,0.0697,0.9976,0.0000,0.0000,0.0000,1.0000,0.0210,0.0279,0.0569
251,10,17.0974,-0.7455,0.4546,0.9976,-0.0697,0.0000,0.0697,0.9976,0.0000,0.0000,0.0000,1.0000,0.0210,0.0279,0.0569
252,0,16.4945,-0.6370,0.4400,0.9975,-0.0701,0.0000,0.0701,0.9975,0.0000,0.0000,0.0000,1.0000,0.2577,0.2263,0.1400
252,1,16.5028,-0.6346,0.6052,0.9975,-0.0701,0.0000,0.0701,0.9975,0.0000,0.0000,0.0000,1.0000,0.1100,0.2168,0.3052
252,2,16.5742,-0.7001,0.5173,0.9975,-0.0701,0.0000,0.0701,0.9975,0.0000,0.0000,0.0000,1.0000,0.1101,0.3070,0.2173
252,3,16.5842,-0.8779,0.5889,0.9975,-0.0701,0.0000,0.0701,0.9975,0.0000,0.0000,0.0000,1.0000,0.2836,0.2073,0.2889
252,4,16.6988,-0.9326,0.5062,0.9975,-0.0701,0.0000,0.0701,0.9975,0.0000,0.0000,0.0000,1.0000,0.2820,0.2947,0.2062
252,5,16.8755,-0.8079,0.6614,0.9975,-0.0701,0.0000,0.0701,0.9975,0.0000,0.0000,0.0000,1.0000,0.1112,0.2100,0.3614
252,6,16.9697,-0.7949,0.4265,0.9975,-0.0701,0.0000,0.0701,0.9975,0.0000,0.0000,0.0000,1.0000,0.1972,0.1336,0.1265
252,7,17.0789,-0.7942,0.4491,0.9975,-0.0701,0.0000,0.0701,0.9975,0.0000,0.0000,0.0000,1.0000,0.1624,0.1625,0.0548
252,8,17.1093,-0.7530,0.4472,0.9975,-0.0701,0.0000,0.0701,0.9975,0.0000,0.0000,0.0000,1.0000,0.0831,0.2046,0.1050
252,9,17.1441,-0.6890,0.4544,0.9975,-0.0701,0.0000,0.0701,0.9975,0.0000,0.0000,0.0000,1.0000,0.0210,0.0279,0.0569
252,10,17.1837,-0.7518,0.4546,0.9975,-0.0701,0.0000,0.0701,0.9975,0.0000,0.0000,0.0000,1.0000,0.0210,0.0279,0.0569
253,0,16.5781,-0.6428,0.4400,0.9975,-0.0704,0.0000,0.0704,0.9975,0.0000,0.0000,0.0000,1.0000,0.2577,0.2263,0.1400
253,1,16.5863,-0.6405,0.6052,0.9975,-0.0704,0.0000,0.0704,0.9975,0.0000,0.0000,0.0000,1.0000,0.1100,0.2168,0.3052
253,2,16.6578,-0.7060,0.5173,0.9975,-0.0704,0.0000,0.0704,0.9975,0.0000,0.0000,0.0000,1.0000,0.1101,0.3070,0.2173
253,3,16.6677,-0.8838,0.5889,0.9975,-0.0704,0.0000,0.0704,0.9975,0.0000,0.0000,0.0000,1.0000,0.2836,0.2073,0.2889
253,4,16.7822,-0.9385,0.5062,0.9975,-0.0704,0.0000,0.0704,0.9975,0.0000,0.0000,0.0000,1.0000,0.2820,0.2947,0.2062
253,5,16.9591,-0.8139,0.6614,0.9975,-0.0704,0.0000,0.0704,0.9975,0.0000,0.0000,0.0000,1.0000,0.1112,0.2100,0.3614
253,6,17.0532,-0.8010,0.4265,0.9975,-0.0704,0.0000,0.0704,0.9975,0.0000,0.0000,0.0000,1.0000,0.1972,0.1336,0.1265
253,7,17.1624,-0.8003,0.4491,0.9975,-0.0704,0.0000,0.0704,0.9975,0.0000,0.0000,0.0000,1.0000,0.1624,0.1625,0.0548
253,8,17.1928,-0.7591,0.4472,0.9975,-0.0704,0.0000,0.0704,0.9975,0.0000,0.0000,0.0000,1.0000,0.0831,0.2046,0.1050
253,9,17.2277,-0.6951,0.4544,0.9975,-0.0704,0.0000,0.0704,0.9975,0.0000,0.0000,0.0000,1.0000,0.0210,0.0279,0.0569
253,10,17.2673,-0.7580,0.4546,0.9975,-0.0704,0.0000,0.0704,0.9975,0.0000,0.0000,0.0000,1.0000,0.0210,0.0279,0.0569
254,0,16.6591,-0.6485,0.4400,0.9975,-0.0708,0.0000,0.0708,0.9975,0.0000,0.0000,0.0000,1.0000,0.2577,0.2263,0.1400
254,1,16.6673,-0.6462,0.6052,0.9975,-0.0708,0.0000,0.0708,0.9975,0.0000,0.0000,0.0000,1.0000,0.1100,0.2168,0.3052
254,2,16.7388,-0.7118,0.5173,0.9975,-0.0708,0.0000,0.0708,0.9975,0.0000,0.0000,0.0000,1.0000,0.1101,0.3070,0.2173
254,3,16.7486,-0.8896,0.5889,0.9975,-0.0708,0.0000,0.0708,0.9975,0.0000,0.0000,0.0000,1.0000,0.2836,0.2073,0.2889
254,4,16.8631,-0.9443,0.5062,0.9975,-0.0708,0.0000,0.0708,0.9975,0.0000,0.0000,0.0000,1.0000,0.2820,0.2947,0.2062
254,5,17.0400,-0.8197,0.6614,0.9975,-0.0708,0.0000,0.0708,0.9975,0.0000,0.0000,0.0000,1.0000,0.1112,0.2100,0.3614
254,6,17.1341,-0.8069,0.4265,0.9975,-0.0708,0.0000,0.0708,0.9975,0.0000,0.0000,0.0000,1.0000,0.1972,0.1336,0.1265
254,7,17.2434,-0.8062,0.4491,0.9975,-0.0708,0.0000,0.0708,0.9975,0.0000,0.0000,0.0000,1.0000,0.1624,0.1625,0.0548
254,8,17.2738,-0.7650,0.4472,0.9975,-0.0708,0.0000,0.0708,0.9975,0.0000,0.0000,0.0000,1.0000,0.0831,0.2046,0.1050
254,9,17.3087,-0.7011,0.4544,0.9975,-0.0708,0.0000,0.0708,0.9975,0.0000,0.0000,0.0000,1.0000,0.0210,0.0279,0.0569
254,10,17.3482,-0.7639,0.4546,0.9975,-0.0708,0.0000,0.0708,0.9975,0.0000,0.0000,0.0000,1.0000,0.0210,0.0279,0.0569
255,0,16.7376,-0.6541,0.4400,0.9975,-0.0711,0.0000,0.0711,0.9975,0.0000,0.0000,0.0000,1.0000,0.2577,0.2263,0.1400
255,1,16.7459,-0.6518,0.6052,0.9975,-0.0711,0.0000,0.0711,0.9975,0.0000,0.0000,0.0000,1.0000,0.1100,0.2168,0.3052
255,2,16.8173,-0.7174,0.5173,0.9975,-0.0711,0.0000,0.0711,0.9975,0.0000,0.0000,0.0000,1.0000,0.1101,0.3070,0.2173
255,3,16.8271,-0.8952,0.5889,0.9975,-0.0711,0.0000,0.0711,0.9975,0.0000,0.0000,0.0000,1.0000,0.2836,0.2073,0.2889
255,4,16.9416,-0.9500,0.5062,0.9975,-0.0711,0.0000,0.0711,0.9975,0.0000,0.0000,0.0000,1.0000,0.2820,0.2947,0.2062
255,5,17.1185,-0.8254,0.6614,0.9975,-0.0711,0.0000,0.0711,0.9975,0.0000,0.0000,0.0000,1.0000,0.1112,0.2100,0.3614
255,6,17.2126,-0.8126,0.4265,0.9975,-0.0711,0.0000,0.0711,0.9975,0.0000,0.0000,0.0000,1.0000,0.1972,0.1336,0.1265
255,7,17.3219,-0.8120,0.4491,0.9975,-0.0711,0.0000,0.0711,0.9975,0.0000,0.0000,0.0000,1.0000,0.1624,0.1625,0.0548
255,8,17.3523,-0.7708,0.4472,0.9975,-0.0711,0.0000,0.0711,0.9975,0.0000,0.0000,0.0000,1.0000,0.0831,0.2046,0.1050
255,9,17.3872,-0.7069,0.4544,0.9975,-0.0711,0.0000,0.0711,0.9975,0.0000,0.0000,0.0000,1.0000,0.0210,0.0279,0.0569
255,10,17.4267,-0.7697,0.4546,0.9975,-0.0711,0.0000,0.0711,0.9975,0.0000,0.0000,0.0000,1.0000,0.0210,0.0279,0.0569
256,0,0.4388,-0.0084,0.4400,1.0000,-0.0024,0.0000,0.0024,1.0000,0.0000,0.0000,0.0000,1.0000,0.2577,0.2263,0.1400
256,1,0.4469,-0.0055,0.6052,1.0000,-0.0024,0.0000,0.0024,1.0000,0.0000,0.0000,0.0000,1.0000,0.1100,0.2168,0.3052
256,2,0.5227,-0.0660,0.5173,1.0000,-0.0024,0.0000,0.0024,1.0000,0.0000,0.0000,0.0000,1.0000,0.1101,0.3070,0.2173
256,3,0.5447,-0.2427,0.5889,1.0000,-0.0024,0.0000,0.0024,1.0000,0.0000,0.0000,0.0000,1.0000,0.2836,0.2073,0.2889
256,4,0.6627,-0.2895,0.5062,1.0000,-0.0024,0.0000,0.0024,1.0000,0.0000,0.0000,0.0000,1.0000,0.2820,0.2947,0.2062
256,5,0.8306,-0.1531,0.6614,1.0000,-0.0024,0.0000,0.0024,1.0000,0.0000,0.0000,0.0000,1.0000,0.1112,0.2100,0.3614
256,6,0.9236,-0.1338,0.4265,1.0000,-0.0024,0.0000,0.0024,1.0000,0.0000,0.0000,0.0000,1.0000,0.1972,0.1336,0.1265
256,7,1.0326,-0.1257,0.4491,1.0000,-0.0024,0.0000,0.0024,1.0000,0.0000,0.0000,0.0000,1.0000,0.1624,0.1625,0.0548
256,8,1.0601,-0.0825,0.4472,1.0000,-0.0024,0.0000,0.0024,1.0000,0.0000,0.0000,0.0000,1.0000,0.0831,0.2046,0.1050
256,9,1.0905,-0.0163,0.4544,1.0000,-0.0024,0.0000,0.0024,1.0000,0.0000,0.0000,0.0000,1.0000,0.0210,0.0279,0.0569
256,10,1.1343,-0.0763,0.4546,1.0000,-0.0024,0.0000,0.0024,1.0000,0.0000,0.0000,0.0000,1.0000,0.0210,0.0279,0.0569
257,0,0.9113,-0.0100,0.4400,1.0000,-0.0048,0.0000,0.0048,1.0000,0.0000,0.0000,0.0000,1.0000,0.2577,0.2263,0.1400
257,1,0.9194,-0.0071,0.6052,1.0000,-0.0048,0.0000,0.0048,1.0000,0.0000,0.0000,0.0000,1.0000,0.1100,0.2168,0.3052
257,2,0.9950,-0.0678,0.5173,1.0000,-0.0048,0.0000,0.0048,1.0000,0.0000,0.0000,0.0000,1.0000,0.1101,0.3070,0.2173
257,3,1.0166,-0.2446,0.5889,1.0000,-0.0048,0.0000,0.0048,1.0000,0.0000,0.0000,0.0000,1.0000,0.2836,0.2073,0.2889
257,4,1.1344,-0.2916,0.5062,1.0000,-0.0048,0.0000,0.0048,1.0000,0.0000,0.0000,0.0000,1.0000,0.2820,0.2947,0.2062
257,5,1.3027,-0.1556,0.6614,1.0000,-0.0048,0.0000,0.0048,1.0000,0.0000,0.0000,0.0000,1.0000,0.1112,0.2100,0.3614
257,6,1.3958,-0.1366,0.4265,1.0000,-0.0048,0.0000,0.0048,1.0000,0.0000,0.0000,0.0000,1.0000,0.1972,0.1336,0.1265
257,7,1.5047,-0.1287,0.4491,1.0000,-0.0048,0.0000,0.0048,1.0000,0.0000,0.0000,0.0000,1.0000,0.1624,0.1625,0.0548
257,8,1.5323,-0.0856,0.4472,1.0000,-0.0048,0.0000,0.0048,1.0000,0.0000,0.0000,0.0000,1.0000,0.0831,0.2046,0.1050
257,9,1.5629,-0.0195,0.4544,1.0000,-0.0048,0.0000,0.0048,1.0000,0.0000,0.0000,0.0000,1.0000,0.0210,0.0279,0.0569
257,10,1.6066,-0.0796,0.4546,1.0000,-0.0048,0.0000,0.0048,1.0000,0.0000,0.0000,0.0000,1.0000,0.0210,0.0279,0.0569
258,0,1.3776,-0.0126,0.4400,1.0000,-0.0070,0.0000,0.0070,1.0000,0.0000,0.0000,0.0000,1.0000,0.2577,0.2263,0.1400
258,1,1.3857,-0.0098,0.6052,1.0000,-0.0070,0.0000,0.0070,1.0000,0.0000,0.0000,0.0000,1.0000,0.1100,0.2168,0.3052
258,2,1.4612,-0.0706,0.5173,1.0000,-0.0070,0.0000,0.0070,1.0000,0.0000,0.0000,0.0000,1.0000,0.1101,0.3070,0.2173
258,3,1.4823,-0.2474,0.5889,1.0000,-0.0070,0.0000,0.0070,1.0000,0.0000,0.0000,0.0000,1.0000,0.2836,0.2073,0.2889
258,4,1.6001,-0.2948,0.5062,1.0000,-0.0070,0.0000,0.0070,1.0000,0.0000,0.0000,0.0000,1.0000,0.2820,0.2947,0.2062
258,5,1.7687,-0.1591,0.6614,1.0000,-0.0070,0.0000,0.0070,1.0000,0.0000,0.0000,0.0000,1.0000,0.1112,0.2100,0.3614
258,6,1.8618,-0.1403,0.4265,1.0000,-0.0070,0.0000,0.0070,1.0000,0.0000,0.0000,0.0000,1.0000,0.1972,0.1336,0.1265
258,7,1.9708,-0.1327,0.4491,1.0000,-0.0070,0.0000,0.0070,1.0000,0.0000,0.0000,0.0000,1.0000,0.1624,0.1625,0.0548
258,8,1.9985,-0.0897,0.4472,1.0000,-0.0070,0.0000,0.0070,1.0000,0.0000,0.0000,0.0000,1.0000,0.0831,0.2046,0.1050
258,9,2.0292,-0.0236,0.4544,1.0000,-0.0070,0.0000,0.0070,1.0000,0.0000,0.0000,0.0000,1.0000,0.0210,0.0279,0.0569
258,10,2.0727,-0.0838,0.4546,1.0000,-0.0070,0.0000,0.0070,1.0000,0.0000,0.0000,0.0000,1.0000,0.0210,0.0279,0.0569
259,0,1.8382,-0.0163,0.4400,1.0000,-0.0097,0.0000,0.0097,1.0000,0.0000,0.0000,0.0000,1.0000,0.2577,0.2263,0.1400
259,1,1.8463,-0.0135,0.6052,1.0000,-0.0097,0.0000,0.0097,1.0000,0.0000,0.0000,0.0000,1.0000,0.1100,0.2168,0.3052
259,2,1.9216,-0.0745,0.5173,1.0000,-0.0097,0.0000,0.0097,1.0000,0.0000,0.0000,0.0000,1.0000,0.1101,0.3070,0.2173
259,3,1.9423,-0.2514,0.5889,1.0000,-0.0097,0.0000,0.0097,1.0000,0.0000,0.0000,0.0000,1.0000,0.2836,0.2073,0.2889
259,4,2.0599,-0.2991,0.5062,1.0000,-0.0097,0.0000,0.0097,1.0000,0.0000,0.0000,0.0000,1.0000,0.2820,0.2947,0.2062
259,5,2.2288,-0.1639,0.6614,1.0000,-0.0097,0.0000,0.0097,1.0000,0.0000,0.0000,0.0000,1.0000,0.1112,0.2100,0.3614
259,6,2.3220,-0.1453,0.4265,1.0000,-0.0097,0.0000,0.0097,1.0000,0.0000,0.0000,0.0000,1.0000,0.1972,0.1336,0.1265
259,7,2.4310,-0.1380,0.4491,1.0000,-0.0097,0.0000,0.0097,1.0000,0.0000,0.0000,0.0000,1.0000,0.1624,0.1625,0.0548
259,8,2.4588,-0.0950,0.4472,1.0000,-0.0097,0.0000,0.0097,1.0000,0.0000,0.0000,0.0000,1.0000,0.0831,0.2046,0.1050
259,9,2.4898,-0.0290,0.4544,1.0000,-0.0097,0.0000,0.0097,1.0000,0.0000,0.0000,0.0000,1.0000,0.0210,0.0279,0.0569
259,10,2.5331,-0.0893,0.4546,1.0000,-0.0097,0.0000,0.0097,1.0000,0.0000,0.0000,0.0000,1.0000,0.0210,0.0279,0.0569
260,0,2.2929,-0.0212,0.4400,0.9999,-0.0122,0.0000,0.0122,0.9999,0.0000,0.0000,0.0000,1.0000,0.2577,0.2263,0.1400
260,1,2.3011,-0.0184,0.6052,0.9999,-0.0122,0.0000,0.0122,0.9999,0.0000,0.0000,0.0000,1.0000,0.1100,0.2168,0.3052
260,2,2.3762,-0.0796,0.5173,0.9999,-0.0122,0.0000,0.0122,0.9999,0.0000,0.0000,0.0000,1.0000,0.1101,0.3070,0.2173
260,3,2.3965,-0.2566,0.5889,0.9999,-0.0122,0.0000,0.0122,0.9999,0.0000,0.0000,0.0000,1.0000,0.2836,0.2073,0.2889
260,4,2.5140,-0.3045,0.5062,0.9999,-0.0122,0.0000,0.0122,0.9999,0.0000,0.0000,0.0000,1.0000,0.2820,0.2947,0.2062
260,5,2.6833,-0.1698,0.6614,0.9999,-0.0122,0.0000,0.0122,0.9999,0.0000,0.0000,0.0000,1.0000,0.1112,0.2100,0.3614
260,6,2.7765,-0.1514,0.4265,0.9999,-0.0122,0.0000,0.0122,0.9999,0.0000,0.0000,0.0000,1.0000,0.1972,0.1336,0.1265
260,7,2.8855,-0.1443,0.4491,0.9999,-0.0122,0.0000,0.0122,0.9999,0.0000,0.0000,0.0000,1.0000,0.1624,0.1625,0.0548
260,8,2.9134,-0.1015,0.4472,0.9999,-0.0122,0.0000,0.0122,0.9999,0.0000,0.0000,0.0000,1.0000,0.0831,0.2046,0.1050
260,9,2.9445,-0.0356,0.4544,0.9999,-0.0122,0.0000,0.0122,0.9999,0.0000,0.0000,0.0000,1.0000,0.0210,0.0279,0.0569
260,10,2.9877,-0.0960,0.4546,0.9999,-0.0122,0.0000,0.0122,0.9999,0.0000,0.0000,0.0000,1.0000,0.0210,0.0279,0.0569
261,0,2.7416,-0.0272,0.4400,0.9999,-0.0152,0.0000,0.0152,0.9999,0.0000,0.0000,0.0000,1.0000,0.2577,0.2263,0.1400
261,1,2.7497,-0.0244,0.6052,0.9999,-0.0152,0.0000,0.0152,0.9999,0.0000,0.0000,0.0000,1.0000,0.1100,0.2168,0.3052
261,2,2.8247,-0.0859,0.5173,0.9999,-0.0152,0.0000,0.0152,0.9999,0.0000,0.0000,0.0000,1.0000,0.1101,0.3070,0.2173
261,3,2.8444,-0.2629,0.5889,0.9999,-0.0152,0.0000,0.0152,0.9999,0.0000,0.0000,0.0000,1.0000,0.2836,0.2073,0.2889
261,4,2.9618,-0.3112,0.5062,0.9999,-0.0152,0.0000,0.0152,0.9999,0.0000,0.0000,0.0000,1.0000,0.2820,0.2947,0.2062
261,5,3.1315,-0.1769,0.6614,0.9999,-0.0152,0.0000,0.0152,0.9999,0.0000,0.0000,0.0000,1.0000,0.1112,0.2100,0.3614
261,6,3.2247,-0.1589,0.4265,0.9999,-0.0152,0.0000,0.0152,0.9999,0.0000,0.0000,0.0000,1.0000,0.1972,0.1336,0.1265
261,7,3.3338,-0.1521,0.4491,0.9999,-0.0152,0.0000,0.0152,0.9999,0.0000,0.0000,0.0000,1.0000,0.1624,0.1625,0.0548
261,8,3.3618,-0.1093,0.4472,0.9999,-0.0152,0.0000,0.0152,0.9999,0.0000,0.0000,0.0000,1.0000,0.0831,0.2046,0.1050
261,9,3.3931,-0.0435,0.4544,0.9999,-0.0152,0.0000,0.0152,0.9999,0.0000,0.0000,0.0000,1.0000,0.0210,0.0279,0.0569
261,10,3.4361,-0.1041,0.4546,0.9999,-0.0152,0.0000,0.0152,0.9999,0.0000,0.0000,0.0000,1.0000,0.0210,0.0279,0.0569
262,0,3.1836,-0.0346,0.4400,0.9998,-0.0187,0.0000,0.0187,0.9998,0.0000,0.0000,0.0000,1.0000,0.2577,0.2263,0.1400
262,1,3.1918,-0.0318,0.6052,0.9998,-0.0187,0.0000,0.0187,0.9998,0.0000,0.0000,0.0000,1.0000,0.1100,0.2168,0.3052
262,2,3.2665,-0.0935,0.5173,0.9998,-0.0187,0.0000,0.0187,0.9998,0.0000,0.0000,0.0000,1.0000,0.1101,0.3070,0.2173
262,3,3.2856,-0.2706,0.5889,0.9998,-0.0187,0.0000,0.0187,0.9998,0.0000,0.0000,0.0000,1.0000,0.2836,0.2073,0.2889
262,4,3.4028,-0.3193,0.5062,0.9998,-0.0187,0.0000,0.0187,0.9998,0.0000,0.0000,0.0000,1.0000,0.2820,0.2947,0.2062
262,5,3.5730,-0.1857,0.6614,0.9998,-0.0187,0.0000,0.0187,0.9998,0.0000,0.0000,0.0000,1.0000,0.1112,0.2100,0.3614
262,6,3.6663,-0.1679,0.4265,0.9998,-0.0187,0.0000,0.0187,0.9998,0.0000,0.0000,0.0000,1.0000,0.1972,0.1336,0.1265
262,7,3.7753,-0.1616,0.4491,0.9998,-0.0187,0.0000,0.0187,0.9998,0.0000,0.0000,0.0000,1.0000,0.1624,0.1625,0.0548
262,8,3.8035,-0.1189,0.4472,0.9998,-0.0187,0.0000,0.0187,0.9998,0.0000,0.0000,0.0000,1.0000,0.0831,0.2046,0.1050
262,9,3.8351,-0.0532,0.4544,0.9998,-0.0187,0.0000,0.0187,0.9998,0.0000,0.0000,0.0000,1.0000,0.0210,0.0279,0.0569
262,10,3.8779,-0.1139,0.4546,0.9998,-0.0187,0.0000,0.0187,0.9998,0.0000,0.0000,0.0000,1.0000,0.0210,0.0279,0.0569
263,0,3.6184,-0.0435,0.4400,0.9997,-0.0232,0.0000,0.0232,0.9997,0.0000,0.0000,0.0000,1.0000,0.2577,0.2263,0.1400
263,1,3.6266,-0.0408,0.6052,0.9997,-0.0232,0.0000,0.0232,0.9997,0.0000,0.0000,0.0000,1.0000,0.1100,0.2168,0.3052
263,2,3.7010,-0.1028,0.5173,0.9997,-0.0232,0.0000,0.0232,0.9997,0.0000,0.0000,0.0000,1.0000,0.1101,0.3070,0.2173
263,3,3.7193,-0.2800,0.5889,0.9997,-0.0232,0.0000,0.0232,0.9997,0.0000,0.0000,0.0000,1.0000,0.2836,0.2073,0.2889
263,4,3.8363,-0.3292,0.5062,0.9997,-0.0232,0.0000,0.0232,0.9997,0.0000,0.0000,0.0000,1.0000,0.2820,0.2947,0.2062
263,5,4.0071,-0.1963,0.6614,0.9997,-0.0232,0.0000,0.0232,0.9997,0.0000,0.0000,0.0000,1.0000,0.1112,0.2100,0.3614
263,6,4.1005,-0.1790,0.4265,0.9997,-0.0232,0.0000,0.0232,0.9997,0.0000,0.0000,0.0000,1.0000,0.1972,0.1336,0.1265
263,7,4.2095,-0.1731,0.4491,0.9997,-0.0232,0.0000,0.0232,0.9997,0.0000,0.0000,0.0000,1.0000,0.1624,0.1625,0.0548
263,8,4.2379,-0.1306,0.4472,0.9997,-0.0232,0.0000,0.0232,0.9997,0.0000,0.0000,0.0000,1.0000,0.0831,0.2046,0.1050
263,9,4.2698,-0.0650,0.4544,0.9997,-0.0232,0.0000,0.0232,0.9997,0.0000,0.0000,0.0000,1.0000,0.0210,0.0279,0.0569
263,10,4.3123,-0.1259,0.4546,0.9997,-0.0232,0.0000,0.0232,0.9997,0.0000,0.0000,0.0000,1.0000,0.0210,0.0279,0.0569
264,0,4.0454,-0.0542,0.4400,0.9996,-0.0276,0.0000,0.0276,0.9996,0.0000,0.0000,0.0000,1.0000,0.2577,0.2263,0.1400
264,1,4.0535,-0.0515,0.6052,0.9996,-0.0276,0.0000,0.0276,0.9996,0.0000,0.0000,0.0000,1.0000,0.1100,0.2168,0.3052
264,2,4.1278,-0.1139,0.5173,0.9996,-0.0276,0.0000,0.0276,0.9996,0.0000,0.0000,0.0000,1.0000,0.1101,0.3070,0.2173
264,3,4.1453,-0.2911,0.5889,0.9996,-0.0276,0.0000,0.0276,0.9996,0.0000,0.0000,0.0000,1.0000,0.2836,0.2073,0.2889
264,4,4.2620,-0.3409,0.5062,0.9996,-0.0276,0.0000,0.0276,0.9996,0.0000,0.0000,0.0000,1.0000,0.2820,0.2947,0.2062
264,5,4.4333,-0.2087,0.6614,0.9996,-0.0276,0.0000,0.0276,0.9996,0.0000,0.0000,0.0000,1.0000,0.1112,0.2100,0.3614
264,6,4.5268,-0.1918,0.4265,0.9996,-0.0276,0.0000,0.0276,0.9996,0.0000,0.0000,0.0000,1.0000,0.1972,0.1336,0.1265
264,7,4.6359,-0.1864,0.4491,0.9996,-0.0276,0.0000,0.0276,0.9996,0.0000,0.0000,0.0000,1.0000,0.1624,0.1625,0.0548
264,8,4.6645,-0.1440,0.4472,0.9996,-0.0276,0.0000,0.0276,0.9996,0.0000,0.0000,0.0000,1.0000,0.0831,0.2046,0.1050
264,9,4.6966,-0.0786,0.4544,0.9996,-0.0276,0.0000,0.0276,0.9996,0.0000,0.0000,0.0000,1.0000,0.0210,0.0279,0.0569
264,10,4.7389,-0.1397,0.4546,0.9996,-0.0276,0.0000,0.0276,0.9996,0.0000,0.0000,0.0000,1.0000,0.0210,0.0279,0.0569
265,0,4.4640,-0.0666,0.4400,0.9995,-0.0329,0.0000,0.0329,0.9995,0.0000,0.0000,0.0000,1.0000,0.2577,0.2263,0.1400
265,1,4.4722,-0.0640,0.6052,0.9995,-0.0329,0.0000,0.0329,0.9995,0.0000,0.0000,0.0000,1.0000,0.1100,0.2168,0.3052
265,2,4.5460,-0.1267,0.5173,0.9995,-0.0329,0.0000,0.0329,0.9995,0.0000,0.0000,0.0000,1.0000,0.1101,0.3070,0.2173
265,3,4.5626,-0.3041,0.5889,0.9995,-0.0329,0.0000,0.0329,0.9995,0.0000,0.0000,0.0000,1.0000,0.2836,0.2073,0.2889
265,4,4.6791,-0.3544,0.5062,0.9995,-0.0329,0.0000,0.0329,0.9995,0.0000,0.0000,0.0000,1.0000,0.2820,0.2947,0.2062
265,5,4.8511,-0.2232,0.6614,0.9995,-0.0329,0.0000,0.0329,0.9995,0.0000,0.0000,0.0000,1.0000,0.1112,0.2100,0.3614
265,6,4.9447,-0.2068,0.4265,0.9995,-0.0329,0.0000,0.0329,0.9995,0.0000,0.0000,0.0000,1.0000,0.1972,0.1336,0.1265
265,7,5.0538,-0.2020,0.4491,0.9995,-0.0329,0.0000,0.0329,0.9995,0.0000,0.0000,0.0000,1.0000,0.1624,0.1625,0.0548
265,8,5.0826,-0.1597,0.4472,0.9995,-0.0329,0.0000,0.0329,0.9995,0.0000,0.0000,0.0000,1.0000,0.0831,0.2046,0.1050
265,9,5.1151,-0.0945,0.4544,0.9995,-0.0329,0.0000,0.0329,0.9995,0.0000,0.0000,0.0000,1.0000,0.0210,0.0279,0.0569
265,10,5.1570,-0.1558,0.4546,0.9995,-0.0329,0.0000,0.0329,0.9995,0.0000,0.0000,0.0000,1.0000,0.0210,0.0279,0.0569
266,0,4.8736,-0.0811,0.4400,0.9992,-0.0393,0.0000,0.0393,0.9992,0.0000,0.0000,0.0000,1.0000,0.2577,0.2263,0.1400
266,1,4.8818,-0.0785,0.6052,0.9992,-0.0393,0.0000,0.0393,0.9992,0.0000,0.0000,0.0000,1.0000,0.1100,0.2168,0.3052
266,2,4.9552,-0.1418,0.5173,0.9992,-0.0393,0.0000,0.0393,0.9992,0.0000,0.0000,0.0000,1.0000,0.1101,0.3070,0.2173
266,3,4.9707,-0.3192,0.5889,0.9992,-0.0393,0.0000,0.0393,0.9992,0.0000,0.0000,0.0000,1.0000,0.2836,0.2073,0.2889
266,4,5.0869,-0.3703,0.5062,0.9992,-0.0393,0.0000,0.0393,0.9992,0.0000,0.0000,0.0000,1.0000,0.2820,0.2947,0.2062
266,5,5.2597,-0.2402,0.6614,0.9992,-0.0393,0.0000,0.0393,0.9992,0.0000,0.0000,0.0000,1.0000,0.1112,0.2100,0.3614
266,6,5.3534,-0.2244,0.4265,0.9992,-0.0393,0.0000,0.0393,0.9992,0.0000,0.0000,0.0000,1.0000,0.1972,0.1336,0.1265
266,7,5.4625,-0.2203,0.4491,0.9992,-0.0393,0.0000,0.0393,0.9992,0.0000,0.0000,0.0000,1.0000,0.1624,0.1625,0.0548
266,8,5.4916,-0.1782,0.4472,0.9992,-0.0393,0.0000,0.0393,0.9992,0.0000,0.0000,0.0000,1.0000,0.0831,0.2046,0.1050
266,9,5.5245,-0.1131,0.4544,0.9992,-0.0393,0.0000,0.0393,0.9992,0.0000,0.0000,0.0000,1.0000,0.0210,0.0279,0.0569
266,10,5.5660,-0.1747,0.4546,0.9992,-0.0393,0.0000,0.0393,0.9992,0.0000,0.0000,0.0000,1.0000,0.0210,0.0279,0.0569
267,0,5.2735,-0.0979,0.4400,0.9989,-0.0460,0.0000,0.0460,0.9989,0.0000,0.0000,0.0000,1.0000,0.2577,0.2263,0.1400
267,1,5.2817,-0.0954,0.6052,0.9989,-0.0460,0.0000,0.0460,0.9989,0.0000,0.0000,0.0000,1.0000,0.1100,0.2168,0.3052
267,2,5.3548,-0.1591,0.5173,0.9989,-0.0460,0.0000,0.0460,0.9989,0.0000,0.0000,0.0000,1.0000,0.1101,0.3070,0.2173
267,3,5.3690,-0.3367,0.5889,0.9989,-0.0460,0.0000,0.0460,0.9989,0.0000,0.0000,0.0000,1.0000,0.2836,0.2073,0.2889
267,4,5.4849,-0.3885,0.5062,0.9989,-0.0460,0.0000,0.0460,0.9989,0.0000,0.0000,0.0000,1.0000,0.2820,0.2947,0.2062
267,5,5.6586,-0.2596,0.6614,0.9989,-0.0460,0.0000,0.0460,0.9989,0.0000,0.0000,0.0000,1.0000,0.1112,0.2100,0.3614
267,6,5.7524,-0.2444,0.4265,0.9989,-0.0460,0.0000,0.0460,0.9989,0.0000,0.0000,0.0000,1.0000,0.1972,0.1336,0.1265
267,7,5.8616,-0.2410,0.4491,0.9989,-0.0460,0.0000,0.0460,0.9989,0.0000,0.0000,0.0000,1.0000,0.1624,0.1625,0.0548
267,8,5.8909,-0.1991,0.4472,0.9989,-0.0460,0.0000,0.0460,0.9989,0.0000,0.0000,0.0000,1.0000,0.0831,0.2046,0.1050
267,9,5.9242,-0.1343,0.4544,0.9989,-0.0460,0.0000,0.0460,0.9989,0.0000,0.0000,0.0000,1.0000,0.0210,0.0279,0.0569
267,10,5.9653,-0.1961,0.4546,0.9989,-0.0460,0.0000,0.0460,0.9989,0.0000,0.0000,0.0000,1.0000,0.0210,0.0279,0.0569
268,0,5.6628,-0.1169,0.4400,0.9986,-0.0533,0.0000,0.0533,0.9986,0.0000,0.0000,0.0000,1.0000,0.2577,0.2263,0.1400
268,1,5.6711,-0.1145,0.6052,0.9986,-0.0533,0.0000,0.0533,0.9986,0.0000,0.0000,0.0000,1.0000,0.1100,0.2168,0.3052
268,2,5.7437,-0.1787,0.5173,0.9986,-0.0533,0.0000,0.0533,0.9986,0.0000,0.0000,0.0000,1.0000,0.1101,0.3070,0.2173
268,3,5.7566,-0.3564,0.5889,0.9986,-0.0533,0.0000,0.0533,0.9986,0.0000,0.0000,0.0000,1.0000,0.2836,0.2073,0.2889
268,4,5.8721,-0.4091,0.5062,0.9986,-0.0533,0.0000,0.0533,0.9986,0.0000,0.0000,0.0000,1.0000,0.2820,0.2947,0.2062
268,5,6.0467,-0.2814,0.6614,0.9986,-0.0533,0.0000,0.0533,0.9986,0.0000,0.0000,0.0000,1.0000,0.1112,0.2100,0.3614
268,6,6.1406,-0.2669,0.4265,0.9986,-0.0533,0.0000,0.0533,0.9986,0.0000,0.0000,0.0000,1.0000,0.1972,0.1336,0.1265
268,7,6.2498,-0.2643,0.4491,0.9986,-0.0533,0.0000,0.0533,0.9986,0.0000,0.0000,0.0000,1.0000,0.1624,0.1625,0.0548
268,8,6.2795,-0.2226,0.4472,0.9986,-0.0533,0.0000,0.0533,0.9986,0.0000,0.0000,0.0000,1.0000,0.0831,0.2046,0.1050
268,9,6.3133,-0.1581,0.4544,0.9986,-0.0533,0.0000,0.0533,0.9986,0.0000,0.0000,0.0000,1.0000,0.0210,0.0279,0.0569
268,10,6.3539,-0.2202,0.4546,0.9986,-0.0533,0.0000,0.0533,0.9986,0.0000,0.0000,0.0000,1.0000,0.0210,0.0279,0.0569
269,0,6.0408,-0.1383,0.4400,0.9981,-0.0615,0.0000,0.0615,0.9981,0.0000,0.0000,0.0000,1.0000,0.2577,0.2263,0.1400
269,1,6.0491,-0.1359,0.6052,0.9981,-0.0615,0.0000,0.0615,0.9981,0.0000,0.0000,0.0000,1.0000,0.1100,0.2168,0.3052
269,2,6.1211,-0.2008,0.5173,0.9981,-0.0615,0.0000,0.0615,0.9981,0.0000,0.0000,0.0000,1.0000,0.1101,0.3070,0.2173
269,3,6.1326,-0.3785,0.5889,0.9981,-0.0615,0.0000,0.0615,0.9981,0.0000,0.0000,0.0000,1.0000,0.2836,0.2073,0.2889
269,4,6.2476,-0.4322,0.5062,0.9981,-0.0615,0.0000,0.0615,0.9981,0.0000,0.0000,0.0000,1.0000,0.2820,0.2947,0.2062
269,5,6.4233,-0.3060,0.6614,0.9981,-0.0615,0.0000,0.0615,0.9981,0.0000,0.0000,0.0000,1.0000,0.1112,0.2100,0.3614
269,6,6.5173,-0.2922,0.4265,0.9981,-0.0615,0.0000,0.0615,0.9981,0.0000,0.0000,0.0000,1.0000,0.1972,0.1336,0.1265
269,7,6.6265,-0.2905,0.4491,0.9981,-0.0615,0.0000,0.0615,0.9981,0.0000,0.0000,0.0000,1.0000,0.1624,0.1625,0.0548
269,8,6.6565,-0.2491,0.4472,0.9981,-0.0615,0.0000,0.0615,0.9981,0.0000,0.0000,0.0000,1.0000,0.0831,0.2046,0.1050
269,9,6.6909,-0.1848,0.4544,0.9981,-0.0615,0.0000,0.0615,0.9981,0.0000,0.0000,0.0000,1.0000,0.0210,0.0279,0.0569
269,10,6.7310,-0.2473,0.4546,0.9981,-0.0615,0.0000,0.0615,0.9981,0.0000,0.0000,0.0000,1.0000,0.0210,0.0279,0.0569
270,0,6.4068,-0.1619,0.4400,0.9976,-0.0691,0.0000,0.0691,0.9976,0.0000,0.0000,0.0000,1.0000,0.2577,0.2263,0.1400
270,1,6.4151,-0.1596,0.6052,0.9976,-0.0691,0.0000,0.0691,0.9976,0.0000,0.0000,0.0000,1.0000,0.1100,0.2168,0.3052
270,2,6.4867,-0.2250,0.5173,0.9976,-0.0691,0.0000,0.0691,0.9976,0.0000,0.0000,0.0000,1.0000,0.1101,0.3070,0.2173
270,3,6.4968,-0.4028,0.5889,0.9976,-0.0691,0.0000,0.0691,0.9976,0.0000,0.0000,0.0000,1.0000,0.2836,0.2073,0.2889
270,4,6.6114,-0.4574,0.5062,0.9976,-0.0691,0.0000,0.0691,0.9976,0.0000,0.0000,0.0000,1.0000,0.2820,0.2947,0.2062
270,5,6.7881,-0.3325,0.6614,0.9976,-0.0691,0.0000,0.0691,0.9976,0.0000,0.0000,0.0000,1.0000,0.1112,0.2100,0.3614
270,6,6.8822,-0.3195,0.4265,0.9976,-0.0691,0.0000,0.0691,0.9976,0.0000,0.0000,0.0000,1.0000,0.1972,0.1336,0.1265
270,7,6.9914,-0.3186,0.4491,0.9976,-0.0691,0.0000,0.0691,0.9976,0.0000,0.0000,0.0000,1.0000,0.1624,0.1625,0.0548
270,8,7.0217,-0.2774,0.4472,0.9976,-0.0691,0.0000,0.0691,0.9976,0.0000,0.0000,0.0000,1.0000,0.0831,0.2046,0.1050
270,9,7.0565,-0.2133,0.4544,0.9976,-0.0691,0.0000,0.0691,0.9976,0.0000,0.0000,0.0000,1.0000,0.0210,0.0279,0.0569
270,10,7.0962,-0.2761,0.4546,0.9976,-0.0691,0.0000,0.0691,0.9976,0.0000,0.0000,0.0000,1.0000,0.0210,0.0279,0.0569
271,0,6.7599,-0.1876,0.4400,0.9970,-0.0779,0.0000,0.0779,0.9970,0.0000,0.0000,0.0000,1.0000,0.2577,0.2263,0.1400
271,1,6.7682,-0.1853,0.6052,0.9970,-0.0779,0.0000,0.0779,0.9970,0.0000,0.0000,0.0000,1.0000,0.1100,0.2168,0.3052
271,2,6.8392,-0.2513,0.5173,0.9970,-0.0779,0.0000,0.0779,0.9970,0.0000,0.0000,0.0000,1.0000,0.1101,0.3070,0.2173
271,3,6.8478,-0.4292,0.5889,0.9970,-0.0779,0.0000,0.0779,0.9970,0.0000,0.0000,0.0000,1.0000,0.2836,0.2073,0.2889
271,4,6.9619,-0.4848,0.5062,0.9970,-0.0779,0.0000,0.0779,0.9970,0.0000,0.0000,0.0000,1.0000,0.2820,0.2947,0.2062
271,5,7.1396,-0.3615,0.6614,0.9970,-0.0779,0.0000,0.0779,0.9970,0.0000,0.0000,0.0000,1.0000,0.1112,0.2100,0.3614
271,6,7.2339,-0.3493,0.4265,0.9970,-0.0779,0.0000,0.0779,0.9970,0.0000,0.0000,0.0000,1.0000,0.1972,0.1336,0.1265
271,7,7.3431,-0.3494,0.4491,0.9970,-0.0779,0.0000,0.0779,0.9970,0.0000,0.0000,0.0000,1.0000,0.1624,0.1625,0.0548
271,8,7.3738,-0.3085,0.4472,0.9970,-0.0779,0.0000,0.0779,0.9970,0.0000,0.0000,0.0000,1.0000,0.0831,0.2046,0.1050
271,9,7.4091,-0.2447,0.4544,0.9970,-0.0779,0.0000,0.0779,0.9970,0.0000,0.0000,0.0000,1.0000,0.0210,0.0279,0.0569
271,10,7.4482,-0.3079,0.4546,0.9970,-0.0779,0.0000,0.0779,0.9970,0.0000,0.0000,0.0000,1.0000,0.0210,0.0279,0.0569
272,0,7.0990,-0.2152,0.4400,0.9962,-0.0867,0.0000,0.0867,0.9962,0.0000,0.0000,0.0000,1.0000,0.2577,0.2263,0.1400
272,1,7.1073,-0.2130,0.6052,0.9962,-0.0867,0.0000,0.0867,0.9962,0.0000,0.0000,0.0000,1.0000,0.1100,0.2168,0.3052
272,2,7.1777,-0.2797,0.5173,0.9962,-0.0867,0.0000,0.0867,0.9962,0.0000,0.0000,0.0000,1.0000,0.1101,0.3070,0.2173
272,3,7.1847,-0.4576,0.5889,0.9962,-0.0867,0.0000,0.0867,0.9962,0.0000,0.0000,0.0000,1.0000,0.2836,0.2073,0.2889
272,4,7.2983,-0.5142,0.5062,0.9962,-0.0867,0.0000,0.0867,0.9962,0.0000,0.0000,0.0000,1.0000,0.2820,0.2947,0.2062
272,5,7.4771,-0.3925,0.6614,0.9962,-0.0867,0.0000,0.0867,0.9962,0.0000,0.0000,0.0000,1.0000,0.1112,0.2100,0.3614
272,6,7.5715,-0.3811,0.4265,0.9962,-0.0867,0.0000,0.0867,0.9962,0.0000,0.0000,0.0000,1.0000,0.1972,0.1336,0.1265
272,7,7.6807,-0.3822,0.4491,0.9962,-0.0867,0.0000,0.0867,0.9962,0.0000,0.0000,0.0000,1.0000,0.1624,0.1625,0.0548
272,8,7.7117,-0.3415,0.4472,0.9962,-0.0867,0.0000,0.0867,0.9962,0.0000,0.0000,0.0000,1.0000,0.0831,0.2046,0.1050
272,9,7.7477,-0.2781,0.4544,0.9962,-0.0867,0.0000,0.0867,0.9962,0.0000,0.0000,0.0000,1.0000,0.0210,0.0279,0.0569
272,10,7.7862,-0.3416,0.4546,0.9962,-0.0867,0.0000,0.0867,0.9962,0.0000,0.0000,0.0000,1.0000,0.0210,0.0279,0.0569
273,0,7.4234,-0.2445,0.4400,0.9954,-0.0958,0.0000,0.0958,0.9954,0.0000,0.0000,0.0000,1.0000,0.2577,0.2263,0.1400
273,1,7.4317,-0.2424,0.6052,0.9954,-0.0958,0.0000,0.0958,0.9954,0.0000,0.0000,0.0000,1.0000,0.1100,0.2168,0.3052
273,2,7.5015,-0.3097,0.5173,0.9954,-0.0958,0.0000,0.0958,0.9954,0.0000,0.0000,0.0000,1.0000,0.1101,0.3070,0.2173
273,3,7.5068,-0.4877,0.5889,0.9954,-0.0958,0.0000,0.0958,0.9954,0.0000,0.0000,0.0000,1.0000,0.2836,0.2073,0.2889
273,4,7.6200,-0.5453,0.5062,0.9954,-0.0958,0.0000,0.0958,0.9954,0.0000,0.0000,0.0000,1.0000,0.2820,0.2947,0.2062
273,5,7.7999,-0.4252,0.6614,0.9954,-0.0958,0.0000,0.0958,0.9954,0.0000,0.0000,0.0000,1.0000,0.1112,0.2100,0.3614
273,6,7.8943,-0.4147,0.4265,0.9954,-0.0958,0.0000,0.0958,0.9954,0.0000,0.0000,0.0000,1.0000,0.1972,0.1336,0.1265
273,7,8.0035,-0.4168,0.4491,0.9954,-0.0958,0.0000,0.0958,0.9954,0.0000,0.0000,0.0000,1.0000,0.1624,0.1625,0.0548
273,8,8.0349,-0.3764,0.4472,0.9954,-0.0958,0.0000,0.0958,0.9954,0.0000,0.0000,0.0000,1.0000,0.0831,0.2046,0.1050
273,9,8.0714,-0.3133,0.4544,0.9954,-0.0958,0.0000,0.0958,0.9954,0.0000,0.0000,0.0000,1.0000,0.0210,0.0279,0.0569
273,10,8.1094,-0.3771,0.4546,0.9954,-0.0958,0.0000,0.0958,0.9954,0.0000,0.0000,0.0000,1.0000,0.0210,0.0279,0.0569
274,0,7.7327,-0.2753,0.4400,0.9945,-0.1052,0.0000,0.1052,0.9945,0.0000,0.0000,0.0000,1.0000,0.2577,0.2263,0.1400
274,1,7.7410,-0.2733,0.6052,0.9945,-0.1052,0.0000,0.1052,0.9945,0.0000,0.0000,0.0000,1.0000,0.1100,0.2168,0.3052
274,2,7.8102,-0.3412,0.5173,0.9945,-0.1052,0.0000,0.1052,0.9945,0.0000,0.0000,0.0000,1.0000,0.1101,0.3070,0.2173
274,3,7.8139,-0.5193,0.5889,0.9945,-0.1052,0.0000,0.1052,0.9945,0.0000,0.0000,0.0000,1.0000,0.2836,0.2073,0.2889
274,4,7.9264,-0.5780,0.5062,0.9945,-0.1052,0.0000,0.1052,0.9945,0.0000,0.0000,0.0000,1.0000,0.2820,0.2947,0.2062
274,5,8.1075,-0.4596,0.6614,0.9945,-0.1052,0.0000,0.1052,0.9945,0.0000,0.0000,0.0000,1.0000,0.1112,0.2100,0.3614
274,6,8.2020,-0.4500,0.4265,0.9945,-0.1052,0.0000,0.1052,0.9945,0.0000,0.0000,0.0000,1.0000,0.1972,0.1336,0.1265
274,7,8.3112,-0.4531,0.4491,0.9945,-0.1052,0.0000,0.1052,0.9945,0.0000,0.0000,0.0000,1.0000,0.1624,0.1625,0.0548
274,8,8.3430,-0.4130,0.4472,0.9945,-0.1052,0.0000,0.1052,0.9945,0.0000,0.0000,0.0000,1.0000,0.0831,0.2046,0.1050
274,9,8.3801,-0.3502,0.4544,0.9945,-0.1052,0.0000,0.1052,0.9945,0.0000,0.0000,0.0000,1.0000,0.0210,0.0279,0.0569
274,10,8.4175,-0.4144,0.4546,0.9945,-0.1052,0.0000,0.1052,0.9945,0.0000,0.0000,0.0000,1.0000,0.0210,0.0279,0.0569
275,0,8.0261,-0.3073,0.4400,0.9934,-0.1146,0.0000,0.1146,0.9934,0.0000,0.0000,0.0000,1.0000,0.2577,0.2263,0.1400
275,1,8.0345,-0.3054,0.6052,0.9934,-0.1146,0.0000,0.1146,0.9934,0.0000,0.0000,0.0000,1.0000,0.1100,0.2168,0.3052
275,2,8.1030,-0.3740,0.5173,0.9934,-0.1146,0.0000,0.1146,0.9934,0.0000,0.0000,0.0000,1.0000,0.1101,0.3070,0.2173
275,3,8.1050,-0.5521,0.5889,0.9934,-0.1146,0.0000,0.1146,0.9934,0.0000,0.0000,0.0000,1.0000,0.2836,0.2073,0.2889
275,4,8.2170,-0.6118,0.5062,0.9934,-0.1146,0.0000,0.1146,0.9934,0.0000,0.0000,0.0000,1.0000,0.2820,0.2947,0.2062
275,5,8.3992,-0.4951,0.6614,0.9934,-0.1146,0.0000,0.1146,0.9934,0.0000,0.0000,0.0000,1.0000,0.1112,0.2100,0.3614
275,6,8.4938,-0.4864,0.4265,0.9934,-0.1146,0.0000,0.1146,0.9934,0.0000,0.0000,0.0000,1.0000,0.1972,0.1336,0.1265
275,7,8.6029,-0.4906,0.4491,0.9934,-0.1146,0.0000,0.1146,0.9934,0.0000,0.0000,0.0000,1.0000,0.1624,0.1625,0.0548
275,8,8.6351,-0.4508,0.4472,0.9934,-0.1146,0.0000,0.1146,0.9934,0.0000,0.0000,0.0000,1.0000,0.0831,0.2046,0.1050
275,9,8.6728,-0.3884,0.4544,0.9934,-0.1146,0.0000,0.1146,0.9934,0.0000,0.0000,0.0000,1.0000,0.0210,0.0279,0.0569
275,10,8.7096,-0.4529,0.4546,0.9934,-0.1146,0.0000,0.1146,0.9934,0.0000,0.0000,0.0000,1.0000,0.0210,0.0279,0.0569
276,0,8.3032,-0.3402,0.4400,0.9924,-0.1234,0.0000,0.1234,0.9924,0.0000,0.0000,0.0000,1.0000,0.2577,0.2263,0.1400
276,1,8.3116,-0.3383,0.6052,0.9924,-0.1234,0.0000,0.1234,0.9924,0.0000,0.0000,0.0000,1.0000,0.1100,0.2168,0.3052
276,2,8.3795,-0.4075,0.5173,0.9924,-0.1234,0.0000,0.1234,0.9924,0.0000,0.0000,0.0000,1.0000,0.1101,0.3070,0.2173
276,3,8.3799,-0.5856,0.5889,0.9924,-0.1234,0.0000,0.1234,0.9924,0.0000,0.0000,0.0000,1.0000,0.2836,0.2073,0.2889
276,4,8.4914,-0.6463,0.5062,0.9924,-0.1234,0.0000,0.1234,0.9924,0.0000,0.0000,0.0000,1.0000,0.2820,0.2947,0.2062
276,5,8.6746,-0.5313,0.6614,0.9924,-0.1234,0.0000,0.1234,0.9924,0.0000,0.0000,0.0000,1.0000,0.1112,0.2100,0.3614
276,6,8.7693,-0.5234,0.4265,0.9924,-0.1234,0.0000,0.1234,0.9924,0.0000,0.0000,0.0000,1.0000,0.1972,0.1336,0.1265
276,7,8.8784,-0.5285,0.4491,0.9924,-0.1234,0.0000,0.1234,0.9924,0.0000,0.0000,0.0000,1.0000,0.1624,0.1625,0.0548
276,8,8.9109,-0.4890,0.4472,0.9924,-0.1234,0.0000,0.1234,0.9924,0.0000,0.0000,0.0000,1.0000,0.0831,0.2046,0.1050
276,9,8.9492,-0.4269,0.4544,0.9924,-0.1234,0.0000,0.1234,0.9924,0.0000,0.0000,0.0000,1.0000,0.0210,0.0279,0.0569
276,10,8.9853,-0.4918,0.4546,0.9924,-0.1234,0.0000,0.1234,0.9924,0.0000,0.0000,0.0000,1.0000,0.0210,0.0279,0.0569
277,0,8.5645,-0.3735,0.4400,0.9911,-0.1330,0.0000,0.1330,0.9911,0.0000,0.0000,0.0000,1.0000,0.2577,0.2263,0.1400
277,1,8.5729,-0.3717,0.6052,0.9911,-0.1330,0.0000,0.1330,0.9911,0.0000,0.0000,0.0000,1.0000,0.1100,0.2168,0.3052
277,2,8.6401,-0.4416,0.5173,0.9911,-0.1330,0.0000,0.1330,0.9911,0.0000,0.0000,0.0000,1.0000,0.1101,0.3070,0.2173
277,3,8.6388,-0.6197,0.5889,0.9911,-0.1330,0.0000,0.1330,0.9911,0.0000,0.0000,0.0000,1.0000,0.2836,0.2073,0.2889
277,4,8.7497,-0.6814,0.5062,0.9911,-0.1330,0.0000,0.1330,0.9911,0.0000,0.0000,0.0000,1.0000,0.2820,0.2947,0.2062
277,5,8.9340,-0.5681,0.6614,0.9911,-0.1330,0.0000,0.1330,0.9911,0.0000,0.0000,0.0000,1.0000,0.1112,0.2100,0.3614
277,6,9.0287,-0.5612,0.4265,0.9911,-0.1330,0.0000,0.1330,0.9911,0.0000,0.0000,0.0000,1.0000,0.1972,0.1336,0.1265
277,7,9.1378,-0.5673,0.4491,0.9911,-0.1330,0.0000,0.1330,0.9911,0.0000,0.0000,0.0000,1.0000,0.1624,0.1625,0.0548
277,8,9.1707,-0.5282,0.4472,0.9911,-0.1330,0.0000,0.1330,0.9911,0.0000,0.0000,0.0000,1.0000,0.0831,0.2046,0.1050
277,9,9.2095,-0.4665,0.4544,0.9911,-0.1330,0.0000,0.1330,0.9911,0.0000,0.0000,0.0000,1.0000,0.0210,0.0279,0.0569
277,10,9.2451,-0.5317,0.4546,0.9911,-0.1330,0.0000,0.1330,0.9911,0.0000,0.0000,0.0000,1.0000,0.0210,0.0279,0.0569
278,0,8.8102,-0.4072,0.4400,0.9899,-0.1421,0.0000,0.1421,0.9899,0.0000,0.0000,0.0000,1.0000,0.2577,0.2263,0.1400
278,1,8.8186,-0.4055,0.6052,0.9899,-0.1421,0.0000,0.1421,0.9899,0.0000,0.0000,0.0000,1.0000,0.1100,0.2168,0.3052
278,2,8.8852,-0.4759,0.5173,0.9899,-0.1421,0.0000,0.1421,0.9899,0.0000,0.0000,0.0000,1.0000,0.1101,0.3070,0.2173
278,3,8.8823,-0.6540,0.5889,0.9899,-0.1421,0.0000,0.1421,0.9899,0.0000,0.0000,0.0000,1.0000,0.2836,0.2073,0.2889
278,4,8.9926,-0.7168,0.5062,0.9899,-0.1421,0.0000,0.1421,0.9899,0.0000,0.0000,0.0000,1.0000,0.2820,0.2947,0.2062
278,5,9.1779,-0.6052,0.6614,0.9899,-0.1421,0.0000,0.1421,0.9899,0.0000,0.0000,0.0000,1.0000,0.1112,0.2100,0.3614
278,6,9.2727,-0.5991,0.4265,0.9899,-0.1421,0.0000,0.1421,0.9899,0.0000,0.0000,0.0000,1.0000,0.1972,0.1336,0.1265
278,7,9.3817,-0.6063,0.4491,0.9899,-0.1421,0.0000,0.1421,0.9899,0.0000,0.0000,0.0000,1.0000,0.1624,0.1625,0.0548
278,8,9.4150,-0.5674,0.4472,0.9899,-0.1421,0.0000,0.1421,0.9899,0.0000,0.0000,0.0000,1.0000,0.0831,0.2046,0.1050
278,9,9.4544,-0.5061,0.4544,0.9899,-0.1421,0.0000,0.1421,0.9899,0.0000,0.0000,0.0000,1.0000,0.0210,0.0279,0.0569
278,10,9.4893,-0.5716,0.4546,0.9899,-0.1421,0.0000,0.1421,0.9899,0.0000,0.0000,0.0000,1.0000,0.0210,0.0279,0.0569
279,0,9.0402,-0.4409,0.4400,0.9885,-0.1510,0.0000,0.1510,0.9885,0.0000,0.0000,0.0000,1.0000,0.2577,0.2263,0.1400
279,1,9.0487,-0.4392,0.6052,0.9885,-0.1510,0.0000,0.1510,0.9885,0.0000,0.0000,0.0000,1.0000,0.1100,0.2168,0.3052
279,2,9.1146,-0.5103,0.5173,0.9885,-0.1510,0.0000,0.1510,0.9885,0.0000,0.0000,0.0000,1.0000,0.1101,0.3070,0.2173
279,3,9.1101,-0.6883,0.5889,0.9885,-0.1510,0.0000,0.1510,0.9885,0.0000,0.0000,0.0000,1.0000,0.2836,0.2073,0.2889
279,4,9.2198,-0.7521,0.5062,0.9885,-0.1510,0.0000,0.1510,0.9885,0.0000,0.0000,0.0000,1.0000,0.2820,0.2947,0.2062
279,5,9.4061,-0.6422,0.6614,0.9885,-0.1510,0.0000,0.1510,0.9885,0.0000,0.0000,0.0000,1.0000,0.1112,0.2100,0.3614
279,6,9.5010,-0.6370,0.4265,0.9885,-0.1510,0.0000,0.1510,0.9885,0.0000,0.0000,0.0000,1.0000,0.1972,0.1336,0.1265
279,7,9.6099,-0.6451,0.4491,0.9885,-0.1510,0.0000,0.1510,0.9885,0.0000,0.0000,0.0000,1.0000,0.1624,0.1625,0.0548
279,8,9.6435,-0.6066,0.4472,0.9885,-0.1510,0.0000,0.1510,0.9885,0.0000,0.0000,0.0000,1.0000,0.0831,0.2046,0.1050
279,9,9.6835,-0.5456,0.4544,0.9885,-0.1510,0.0000,0.1510,0.9885,0.0000,0.0000,0.0000,1.0000,0.0210,0.0279,0.0569
279,10,9.7178,-0.6115,0.4546,0.9885,-0.1510,0.0000,0.1510,0.9885,0.0000,0.0000,0.0000,1.0000,0.0210,0.0279,0.0569
280,0,9.2551,-0.4743,0.4400,0.9872,-0.1598,0.0000,0.1598,0.9872,0.0000,0.0000,0.0000,1.0000,0.2577,0.2263,0.1400
280,1,9.2635,-0.4727,0.6052,0.9872,-0.1598,0.0000,0.1598,0.9872,0.0000,0.0000,0.0000,1.0000,0.1100,0.2168,0.3052
280,2,9.3288,-0.5443,0.5173,0.9872,-0.1598,0.0000,0.1598,0.9872,0.0000,0.0000,0.0000,1.0000,0.1101,0.3070,0.2173
280,3,9.3227,-0.7223,0.5889,0.9872,-0.1598,0.0000,0.1598,0.9872,0.0000,0.0000,0.0000,1.0000,0.2836,0.2073,0.2889
280,4,9.4319,-0.7871,0.5062,0.9872,-0.1598,0.0000,0.1598,0.9872,0.0000,0.0000,0.0000,1.0000,0.2820,0.2947,0.2062
280,5,9.6192,-0.6789,0.6614,0.9872,-0.1598,0.0000,0.1598,0.9872,0.0000,0.0000,0.0000,1.0000,0.1112,0.2100,0.3614
280,6,9.7141,-0.6745,0.4265,0.9872,-0.1598,0.0000,0.1598,0.9872,0.0000,0.0000,0.0000,1.0000,0.1972,0.1336,0.1265
280,7,9.8229,-0.6836,0.4491,0.9872,-0.1598,0.0000,0.1598,0.9872,0.0000,0.0000,0.0000,1.0000,0.1624,0.1625,0.0548
280,8,9.8569,-0.6453,0.4472,0.9872,-0.1598,0.0000,0.1598,0.9872,0.0000,0.0000,0.0000,1.0000,0.0831,0.2046,0.1050
280,9,9.8974,-0.5847,0.4544,0.9872,-0.1598,0.0000,0.1598,0.9872,0.0000,0.0000,0.0000,1.0000,0.0210,0.0279,0.0569
280,10,9.9311,-0.6508,0.4546,0.9872,-0.1598,0.0000,0.1598,0.9872,0.0000,0.0000,0.0000,1.0000,0.0210,0.0279,0.0569
281,0,9.4550,-0.5071,0.4400,0.9858,-0.1680,0.0000,0.1680,0.9858,0.0000,0.0000,0.0000,1.0000,0.2577,0.2263,0.1400
281,1,9.4635,-0.5056,0.6052,0.9858,-0.1680,0.0000,0.1680,0.9858,0.0000,0.0000,0.0000,1.0000,0.1100,0.2168,0.3052
281,2,9.5282,-0.5778,0.5173,0.9858,-0.1680,0.0000,0.1680,0.9858,0.0000,0.0000,0.0000,1.0000,0.1101,0.3070,0.2173
281,3,9.5205,-0.7557,0.5889,0.9858,-0.1680,0.0000,0.1680,0.9858,0.0000,0.0000,0.0000,1.0000,0.2836,0.2073,0.2889
281,4,9.6292,-0.8214,0.5062,0.9858,-0.1680,0.0000,0.1680,0.9858,0.0000,0.0000,0.0000,1.0000,0.2820,0.2947,0.2062
281,5,9.8174,-0.7147,0.6614,0.9858,-0.1680,0.0000,0.1680,0.9858,0.0000,0.0000,0.0000,1.0000,0.1112,0.2100,0.3614
281,6,9.9123,-0.7111,0.4265,0.9858,-0.1680,0.0000,0.1680,0.9858,0.0000,0.0000,0.0000,1.0000,0.1972,0.1336,0.1265
281,7,10.0211,-0.7211,0.4491,0.9858,-0.1680,0.0000,0.1680,0.9858,0.0000,0.0000,0.0000,1.0000,0.1624,0.1625,0.0548
281,8,10.0553,-0.6832,0.4472,0.9858,-0.1680,0.0000,0.1680,0.9858,0.0000,0.0000,0.0000,1.0000,0.0831,0.2046,0.1050
281,9,10.0963,-0.6229,0.4544,0.9858,-0.1680,0.0000,0.1680,0.9858,0.0000,0.0000,0.0000,1.0000,0.0210,0.0279,0.0569
281,10,10.1296,-0.6893,0.4546,0.9858,-0.1680,0.0000,0.1680,0.9858,0.0000,0.0000,0.0000,1.0000,0.0210,0.0279,0.0569
282,0,9.6399,-0.5390,0.4400,0.9844,-0.1758,0.0000,0.1758,0.9844,0.0000,0.0000,0.0000,1.0000,0.2577,0.2263,0.1400
282,1,9.6484,-0.5376,0.6052,0.9844,-0.1758,0.0000,0.1758,0.9844,0.0000,0.0000,0.0000,1.0000,0.1100,0.2168,0.3052
282,2,9.7125,-0.6103,0.5173,0.9844,-0.1758,0.0000,0.1758,0.9844,0.0000,0.0000,0.0000,1.0000,0.1101,0.3070,0.2173
282,3,9.7035,-0.7882,0.5889,0.9844,-0.1758,0.0000,0.1758,0.9844,0.0000,0.0000,0.0000,1.0000,0.2836,0.2073,0.2889
282,4,9.8115,-0.8547,0.5062,0.9844,-0.1758,0.0000,0.1758,0.9844,0.0000,0.0000,0.0000,1.0000,0.2820,0.2947,0.2062
282,5,10.0006,-0.7495,0.6614,0.9844,-0.1758,0.0000,0.1758,0.9844,0.0000,0.0000,0.0000,1.0000,0.1112,0.2100,0.3614
282,6,10.0956,-0.7467,0.4265,0.9844,-0.1758,0.0000,0.1758,0.9844,0.0000,0.0000,0.0000,1.0000,0.1972,0.1336,0.1265
282,7,10.2042,-0.7575,0.4491,0.9844,-0.1758,0.0000,0.1758,0.9844,0.0000,0.0000,0.0000,1.0000,0.1624,0.1625,0.0548
282,8,10.2388,-0.7198,0.4472,0.9844,-0.1758,0.0000,0.1758,0.9844,0.0000,0.0000,0.0000,1.0000,0.0831,0.2046,0.1050
282,9,10.2803,-0.6599,0.4544,0.9844,-0.1758,0.0000,0.1758,0.9844,0.0000,0.0000,0.0000,1.0000,0.0210,0.0279,0.0569
282,10,10.3130,-0.7266,0.4546,0.9844,-0.1758,0.0000,0.1758,0.9844,0.0000,0.0000,0.0000,1.0000,0.0210,0.0279,0.0569
283,0,9.8098,-0.5697,0.4400,0.9831,-0.1831,0.0000,0.1831,0.9831,0.0000,0.0000,0.0000,1.0000,0.2577,0.2263,0.1400
283,1,9.8183,-0.5683,0.6052,0.9831,-0.1831,0.0000,0.1831,0.9831,0.0000,0.0000,0.0000,1.0000,0.1100,0.2168,0.3052
283,2,9.8819,-0.6415,0.5173,0.9831,-0.1831,0.0000,0.1831,0.9831,0.0000,0.0000,0.0000,1.0000,0.1101,0.3070,0.2173
283,3,9.8716,-0.8193,0.5889,0.9831,-0.1831,0.0000,0.1831,0.9831,0.0000,0.0000,0.0000,1.0000,0.2836,0.2073,0.2889
283,4,9.9792,-0.8866,0.5062,0.9831,-0.1831,0.0000,0.1831,0.9831,0.0000,0.0000,0.0000,1.0000,0.2820,0.2947,0.2062
283,5,10.1690,-0.7828,0.6614,0.9831,-0.1831,0.0000,0.1831,0.9831,0.0000,0.0000,0.0000,1.0000,0.1112,0.2100,0.3614
283,6,10.2640,-0.7807,0.4265,0.9831,-0.1831,0.0000,0.1831,0.9831,0.0000,0.0000,0.0000,1.0000,0.1972,0.1336,0.1265
283,7,10.3726,-0.7924,0.4491,0.9831,-0.1831,0.0000,0.1831,0.9831,0.0000,0.0000,0.0000,1.0000,0.1624,0.1625,0.0548
283,8,10.4074,-0.7549,0.4472,0.9831,-0.1831,0.0000,0.1831,0.9831,0.0000,0.0000,0.0000,1.0000,0.0831,0.2046,0.1050
283,9,10.4494,-0.6953,0.4544,0.9831,-0.1831,0.0000,0.1831,0.9831,0.0000,0.0000,0.0000,1.0000,0.0210,0.0279,0.0569
283,10,10.4815,-0.7622,0.4546,0.9831,-0.1831,0.0000,0.1831,0.9831,0.0000,0.0000,0.0000,1.0000,0.0210,0.0279,0.0569
284,0,9.9650,-0.5988,0.4400,0.9819,-0.1894,0.0000,0.1894,0.9819,0.0000,0.0000,0.0000,1.0000,0.2577,0.2263,0.1400
284,1,9.9736,-0.5975,0.6052,0.9819,-0.1894,0.0000,0.1894,0.9819,0.0000,0.0000,0.0000,1.0000,0.1100,0.2168,0.3052
284,2,10.0367,-0.6711,0.5173,0.9819,-0.1894,0.0000,0.1894,0.9819,0.0000,0.0000,0.0000,1.0000,0.1101,0.3070,0.2173
284,3,10.0252,-0.8488,0.5889,0.9819,-0.1894,0.0000,0.1894,0.9819,0.0000,0.0000,0.0000,1.0000,0.2836,0.2073,0.2889
284,4,10.1323,-0.9168,0.5062,0.9819,-0.1894,0.0000,0.1894,0.9819,0.0000,0.0000,0.0000,1.0000,0.2820,0.2947,0.2062
284,5,10.3228,-0.8143,0.6614,0.9819,-0.1894,0.0000,0.1894,0.9819,0.0000,0.0000,0.0000,1.0000,0.1112,0.2100,0.3614
284,6,10.4178,-0.8127,0.4265,0.9819,-0.1894,0.0000,0.1894,0.9819,0.0000,0.0000,0.0000,1.0000,0.1972,0.1336,0.1265
284,7,10.5263,-0.8251,0.4491,0.9819,-0.1894,0.0000,0.1894,0.9819,0.0000,0.0000,0.0000,1.0000,0.1624,0.1625,0.0548
284,8,10.5614,-0.7879,0.4472,0.9819,-0.1894,0.0000,0.1894,0.9819,0.0000,0.0000,0.0000,1.0000,0.0831,0.2046,0.1050
284,9,10.6037,-0.7285,0.4544,0.9819,-0.1894,0.0000,0.1894,0.9819,0.0000,0.0000,0.0000,1.0000,0.0210,0.0279,0.0569
284,10,10.6355,-0.7956,0.4546,0.9819,-0.1894,0.0000,0.1894,0.9819,0.0000,0.0000,0.0000,1.0000,0.0210,0.0279,0.0569
285,0,10.1058,-0.6261,0.4400,0.9807,-0.1957,0.0000,0.1957,0.9807,0.0000,0.0000,0.0000,1.0000,0.2577,0.2263,0.1400
285,1,10.1143,-0.6249,0.6052,0.9807,-0.1957,0.0000,0.1957,0.9807,0.0000,0.0000,0.0000,1.0000,0.1100,0.2168,0.3052
285,2,10.1769,-0.6989,0.5173,0.9807,-0.1957,0.0000,0.1957,0.9807,0.0000,0.0000,0.0000,1.0000,0.1101,0.3070,0.2173
285,3,10.1643,-0.8765,0.5889,0.9807,-0.1957,0.0000,0.1957,0.9807,0.0000,0.0000,0.0000,1.0000,0.2836,0.2073,0.2889
285,4,10.2710,-0.9452,0.5062,0.9807,-0.1957,0.0000,0.1957,0.9807,0.0000,0.0000,0.0000,1.0000,0.2820,0.2947,0.2062
285,5,10.4622,-0.8439,0.6614,0.9807,-0.1957,0.0000,0.1957,0.9807,0.0000,0.0000,0.0000,1.0000,0.1112,0.2100,0.3614
285,6,10.5572,-0.8430,0.4265,0.9807,-0.1957,0.0000,0.1957,0.9807,0.0000,0.0000,0.0000,1.0000,0.1972,0.1336,0.1265
285,7,10.6656,-0.8560,0.4491,0.9807,-0.1957,0.0000,0.1957,0.9807,0.0000,0.0000,0.0000,1.0000,0.1624,0.1625,0.0548
285,8,10.7009,-0.8190,0.4472,0.9807,-0.1957,0.0000,0.1957,0.9807,0.0000,0.0000,0.0000,1.0000,0.0831,0.2046,0.1050
285,9,10.7436,-0.7599,0.4544,0.9807,-0.1957,0.0000,0.1957,0.9807,0.0000,0.0000,0.0000,1.0000,0.0210,0.0279,0.0569
285,10,10.7750,-0.8273,0.4546,0.9807,-0.1957,0.0000,0.1957,0.9807,0.0000,0.0000,0.0000,1.0000,0.0210,0.0279,0.0569
286,0,10.2329,-0.6516,0.4400,0.9796,-0.2011,0.0000,0.2011,0.9796,0.0000,0.0000,0.0000,1.0000,0.2577,0.2263,0.1400
286,1,10.2414,-0.6504,0.6052,0.9796,-0.2011,0.0000,0.2011,0.9796,0.0000,0.0000,0.0000,1.0000,0.1100,0.2168,0.3052
286,2,10.3036,-0.7247,0.5173,0.9796,-0.2011,0.0000,0.2011,0.9796,0.0000,0.0000,0.0000,1.0000,0.1101,0.3070,0.2173
286,3,10.2900,-0.9023,0.5889,0.9796,-0.2011,0.0000,0.2011,0.9796,0.0000,0.0000,0.0000,1.0000,0.2836,0.2073,0.2889
286,4,10.3964,-0.9716,0.5062,0.9796,-0.2011,0.0000,0.2011,0.9796,0.0000,0.0000,0.0000,1.0000,0.2820,0.2947,0.2062
286,5,10.5881,-0.8713,0.6614,0.9796,-0.2011,0.0000,0.2011,0.9796,0.0000,0.0000,0.0000,1.0000,0.1112,0.2100,0.3614
286,6,10.6831,-0.8709,0.4265,0.9796,-0.2011,0.0000,0.2011,0.9796,0.0000,0.0000,0.0000,1.0000,0.1972,0.1336,0.1265
286,7,10.7914,-0.8846,0.4491,0.9796,-0.2011,0.0000,0.2011,0.9796,0.0000,0.0000,0.0000,1.0000,0.1624,0.1625,0.0548
286,8,10.8270,-0.8478,0.4472,0.9796,-0.2011,0.0000,0.2011,0.9796,0.0000,0.0000,0.0000,1.0000,0.0831,0.2046,0.1050
286,9,10.8700,-0.7890,0.4544,0.9796,-0.2011,0.0000,0.2011,0.9796,0.0000,0.0000,0.0000,1.0000,0.0210,0.0279,0.0569
286,10,10.9009,-0.8565,0.4546,0.9796,-0.2011,0.0000,0.2011,0.9796,0.0000,0.0000,0.0000,1.0000,0.0210,0.0279,0.0569
287,0,10.3475,-0.6752,0.4400,0.9785,-0.2060,0.0000,0.2060,0.9785,0.0000,0.0000,0.0000,1.0000,0.2577,0.2263,0.1400
287,1,10.3560,-0.6740,0.6052,0.9785,-0.2060,0.0000,0.2060,0.9785,0.0000,0.0000,0.0000,1.0000,0.1100,0.2168,0.3052
287,2,10.4179,-0.7487,0.5173,0.9785,-0.2060,0.0000,0.2060,0.9785,0.0000,0.0000,0.0000,1.0000,0.1101,0.3070,0.2173
287,3,10.4034,-0.9262,0.5889,0.9785,-0.2060,0.0000,0.2060,0.9785,0.0000,0.0000,0.0000,1.0000,0.2836,0.2073,0.2889
287,4,10.5094,-0.9960,0.5062,0.9785,-0.2060,0.0000,0.2060,0.9785,0.0000,0.0000,0.0000,1.0000,0.2820,0.2947,0.2062
287,5,10.7016,-0.8967,0.6614,0.9785,-0.2060,0.0000,0.2060,0.9785,0.0000,0.0000,0.0000,1.0000,0.1112,0.2100,0.3614
287,6,10.7966,-0.8968,0.4265,0.9785,-0.2060,0.0000,0.2060,0.9785,0.0000,0.0000,0.0000,1.0000,0.1972,0.1336,0.1265
287,7,10.9049,-0.9110,0.4491,0.9785,-0.2060,0.0000,0.2060,0.9785,0.0000,0.0000,0.0000,1.0000,0.1624,0.1625,0.0548
287,8,10.9406,-0.8744,0.4472,0.9785,-0.2060,0.0000,0.2060,0.9785,0.0000,0.0000,0.0000,1.0000,0.0831,0.2046,0.1050
287,9,10.9839,-0.8157,0.4544,0.9785,-0.2060,0.0000,0.2060,0.9785,0.0000,0.0000,0.0000,1.0000,0.0210,0.0279,0.0569
287,10,11.0145,-0.8834,0.4546,0.9785,-0.2060,0.0000,0.2060,0.9785,0.0000,0.0000,0.0000,1.0000,0.0210,0.0279,0.0569
288,0,10.4506,-0.6970,0.4400,0.9776,-0.2105,0.0000,0.2105,0.9776,0.0000,0.0000,0.0000,1.0000,0.2577,0.2263,0.1400
288,1,10.4592,-0.6958,0.6052,0.9776,-0.2105,0.0000,0.2105,0.9776,0.0000,0.0000,0.0000,1.0000,0.1100,0.2168,0.3052
288,2,10.5207,-0.7708,0.5173,0.9776,-0.2105,0.0000,0.2105,0.9776,0.0000,0.0000,0.0000,1.0000,0.1101,0.3070,0.2173
288,3,10.5054,-0.9482,0.5889,0.9776,-0.2105,0.0000,0.2105,0.9776,0.0000,0.0000,0.0000,1.0000,0.2836,0.2073,0.2889
288,4,10.6110,-1.0185,0.5062,0.9776,-0.2105,0.0000,0.2105,0.9776,0.0000,0.0000,0.0000,1.0000,0.2820,0.2947,0.2062
288,5,10.8037,-0.9201,0.6614,0.9776,-0.2105,0.0000,0.2105,0.9776,0.0000,0.0000,0.0000,1.0000,0.1112,0.2100,0.3614
288,6,10.8987,-0.9206,0.4265,0.9776,-0.2105,0.0000,0.2105,0.9776,0.0000,0.0000,0.0000,1.0000,0.1972,0.1336,0.1265
288,7,11.0069,-0.9353,0.4491,0.9776,-0.2105,0.0000,0.2105,0.9776,0.0000,0.0000,0.0000,1.0000,0.1624,0.1625,0.0548
288,8,11.0428,-0.8989,0.4472,0.9776,-0.2105,0.0000,0.2105,0.9776,0.0000,0.0000,0.0000,1.0000,0.0831,0.2046,0.1050
288,9,11.0864,-0.8404,0.4544,0.9776,-0.2105,0.0000,0.2105,0.9776,0.0000,0.0000,0.0000,1.0000,0.0210,0.0279,0.0569
288,10,11.1167,-0.9082,0.4546,0.9776,-0.2105,0.0000,0.2105,0.9776,0.0000,0.0000,0.0000,1.0000,0.0210,0.0279,0.0569
289,0,10.5433,-0.7169,0.4400,0.9767,-0.2144,0.0000,0.2144,0.9767,0.0000,0.0000,0.0000,1.0000,0.2577,0.2263,0.1400
289,1,10.5519,-0.7159,0.6052,0.9767,-0.2144,0.0000,0.2144,0.9767,0.0000,0.0000,0.0000,1.0000,0.1100,0.2168,0.3052
289,2,10.6131,-0.7910,0.5173,0.9767,-0.2144,0.0000,0.2144,0.9767,0.0000,0.0000,0.0000,1.0000,0.1101,0.3070,0.2173
289,3,10.5971,-0.9684,0.5889,0.9767,-0.2144,0.0000,0.2144,0.9767,0.0000,0.0000,0.0000,1.0000,0.2836,0.2073,0.2889
289,4,10.7024,-1.0392,0.5062,0.9767,-0.2144,0.0000,0.2144,0.9767,0.0000,0.0000,0.0000,1.0000,0.2820,0.2947,0.2062
289,5,10.8955,-0.9415,0.6614,0.9767,-0.2144,0.0000,0.2144,0.9767,0.0000,0.0000,0.0000,1.0000,0.1112,0.2100,0.3614
289,6,10.9905,-0.9424,0.4265,0.9767,-0.2144,0.0000,0.2144,0.9767,0.0000,0.0000,0.0000,1.0000,0.1972,0.1336,0.1265
289,7,11.0987,-0.9575,0.4491,0.9767,-0.2144,0.0000,0.2144,0.9767,0.0000,0.0000,0.0000,1.0000,0.1624,0.1625,0.0548
289,8,11.1347,-0.9212,0.4472,0.9767,-0.2144,0.0000,0.2144,0.9767,0.0000,0.0000,0.0000,1.0000,0.0831,0.2046,0.1050
289,9,11.1785,-0.8629,0.4544,0.9767,-0.2144,0.0000,0.2144,0.9767,0.0000,0.0000,0.0000,1.0000,0.0210,0.0279,0.0569
289,10,11.2085,-0.9308,0.4546,0.9767,-0.2144,0.0000,0.2144,0.9767,0.0000,0.0000,0.0000,1.0000,0.0210,0.0279,0.0569
290,0,10.6267,-0.7353,0.4400,0.9760,-0.2178,0.0000,0.2178,0.9760,0.0000,0.0000,0.0000,1.0000,0.2577,0.2263,0.1400
290,1,10.6353,-0.7342,0.6052,0.9760,-0.2178,0.0000,0.2178,0.9760,0.0000,0.0000,0.0000,1.0000,0.1100,0.2168,0.3052
290,2,10.6962,-0.8096,0.5173,0.9760,-0.2178,0.0000,0.2178,0.9760,0.0000,0.0000,0.0000,1.0000,0.1101,0.3070,0.2173
290,3,10.6796,-0.9869,0.5889,0.9760,-0.2178,0.0000,0.2178,0.9760,0.0000,0.0000,0.0000,1.0000,0.2836,0.2073,0.2889
290,4,10.7847,-1.0580,0.5062,0.9760,-0.2178,0.0000,0.2178,0.9760,0.0000,0.0000,0.0000,1.0000,0.2820,0.2947,0.2062
290,5,10.9781,-0.9610,0.6614,0.9760,-0.2178,0.0000,0.2178,0.9760,0.0000,0.0000,0.0000,1.0000,0.1112,0.2100,0.3614
290,6,11.0731,-0.9622,0.4265,0.9760,-0.2178,0.0000,0.2178,0.9760,0.0000,0.0000,0.0000,1.0000,0.1972,0.1336,0.1265
290,7,11.1812,-0.9777,0.4491,0.9760,-0.2178,0.0000,0.2178,0.9760,0.0000,0.0000,0.0000,1.0000,0.1624,0.1625,0.0548
290,8,11.2174,-0.9415,0.4472,0.9760,-0.2178,0.0000,0.2178,0.9760,0.0000,0.0000,0.0000,1.0000,0.0831,0.2046,0.1050
290,9,11.2614,-0.8834,0.4544,0.9760,-0.2178,0.0000,0.2178,0.9760,0.0000,0.0000,0.0000,1.0000,0.0210,0.0279,0.0569
290,10,11.2912,-0.9515,0.4546,0.9760,-0.2178,0.0000,0.2178,0.9760,0.0000,0.0000,0.0000,1.0000,0.0210,0.0279,0.0569
291,0,10.7021,-0.7521,0.4400,0.9753,-0.2209,0.0000,0.2209,0.9753,0.0000,0.0000,0.0000,1.0000,0.2577,0.2263,0.1400
291,1,10.7106,-0.7510,0.6052,0.9753,-0.2209,0.0000,0.2209,0.9753,0.0000,0.0000,0.0000,1.0000,0.1100,0.2168,0.3052
291,2,10.7714,-0.8266,0.5173,0.9753,-0.2209,0.0000,0.2209,0.9753,0.0000,0.0000,0.0000,1.0000,0.1101,0.3070,0.2173
291,3,10.7542,-1.0039,0.5889,0.9753,-0.2209,0.0000,0.2209,0.9753,0.0000,0.0000,0.0000,1.0000,0.2836,0.2073,0.2889
291,4,10.8591,-1.0753,0.5062,0.9753,-0.2209,0.0000,0.2209,0.9753,0.0000,0.0000,0.0000,1.0000,0.2820,0.2947,0.2062
291,5,11.0528,-0.9789,0.6614,0.9753,-0.2209,0.0000,0.2209,0.9753,0.0000,0.0000,0.0000,1.0000,0.1112,0.2100,0.3614
291,6,11.1478,-0.9804,0.4265,0.9753,-0.2209,0.0000,0.2209,0.9753,0.0000,0.0000,0.0000,1.0000,0.1972,0.1336,0.1265
291,7,11.2558,-0.9963,0.4491,0.9753,-0.2209,0.0000,0.2209,0.9753,0.0000,0.0000,0.0000,1.0000,0.1624,0.1625,0.0548
291,8,11.2921,-0.9602,0.4472,0.9753,-0.2209,0.0000,0.2209,0.9753,0.0000,0.0000,0.0000,1.0000,0.0831,0.2046,0.1050
291,9,11.3363,-0.9022,0.4544,0.9753,-0.2209,0.0000,0.2209,0.9753,0.0000,0.0000,0.0000,1.0000,0.0210,0.0279,0.0569
291,10,11.3659,-0.9703,0.4546,0.9753,-0.2209,0.0000,0.2209,0.9753,0.0000,0.0000,0.0000,1.0000,0.0210,0.0279,0.0569
292,0,10.7704,-0.7675,0.4400,0.9747,-0.2235,0.0000,0.2235,0.9747,0.0000,0.0000,0.0000,1.0000,0.2577,0.2263,0.1400
292,1,10.7789,-0.7665,0.6052,0.9747,-0.2235,0.0000,0.2235,0.9747,0.0000,0.0000,0.0000,1.0000,0.1100,0.2168,0.3052
292,2,10.8394,-0.8422,0.5173,0.9747,-0.2235,0.0000,0.2235,0.9747,0.0000,0.0000,0.0000,1.0000,0.1101,0.3070,0.2173
292,3,10.8218,-1.0195,0.5889,0.9747,-0.2235,0.0000,0.2235,0.9747,0.0000,0.0000,0.0000,1.0000,0.2836,0.2073,0.2889
292,4,10.9265,-1.0912,0.5062,0.9747,-0.2235,0.0000,0.2235,0.9747,0.0000,0.0000,0.0000,1.0000,0.2820,0.2947,0.2062
292,5,11.1204,-0.9953,0.6614,0.9747,-0.2235,0.0000,0.2235,0.9747,0.0000,0.0000,0.0000,1.0000,0.1112,0.2100,0.3614
292,6,11.2154,-0.9971,0.4265,0.9747,-0.2235,0.0000,0.2235,0.9747,0.0000,0.0000,0.0000,1.0000,0.1972,0.1336,0.1265
292,7,11.3235,-1.0133,0.4491,0.9747,-0.2235,0.0000,0.2235,0.9747,0.0000,0.0000,0.0000,1.0000,0.1624,0.1625,0.0548
292,8,11.3598,-0.9773,0.4472,0.9747,-0.2235,0.0000,0.2235,0.9747,0.0000,0.0000,0.0000,1.0000,0.0831,0.2046,0.1050
292,9,11.4042,-0.9194,0.4544,0.9747,-0.2235,0.0000,0.2235,0.9747,0.0000,0.0000,0.0000,1.0000,0.0210,0.0279,0.0569
292,10,11.4336,-0.9876,0.4546,0.9747,-0.2235,0.0000,0.2235,0.9747,0.0000,0.0000,0.0000,1.0000,0.0210,0.0279,0.0569
293,0,10.8323,-0.7817,0.4400,0.9741,-0.2260,0.0000,0.2260,0.9741,0.0000,0.0000,0.0000,1.0000,0.2577,0.2263,0.1400
293,1,10.8409,-0.7807,0.6052,0.9741,-0.2260,0.0000,0.2260,0.9741,0.0000,0.0000,0.0000,1.0000,0.1100,0.2168,0.3052
293,2,10.9012,-0.8566,0.5173,0.9741,-0.2260,0.0000,0.2260,0.9741,0.0000,0.0000,0.0000,1.0000,0.1101,0.3070,0.2173
293,3,10.8831,-1.0338,0.5889,0.9741,-0.2260,0.0000,0.2260,0.9741,0.0000,0.0000,0.0000,1.0000,0.2836,0.2073,0.2889
293,4,10.9876,-1.1058,0.5062,0.9741,-0.2260,0.0000,0.2260,0.9741,0.0000,0.0000,0.0000,1.0000,0.2820,0.2947,0.2062
293,5,11.1818,-1.0104,0.6614,0.9741,-0.2260,0.0000,0.2260,0.9741,0.0000,0.0000,0.0000,1.0000,0.1112,0.2100,0.3614
293,6,11.2768,-1.0124,0.4265,0.9741,-0.2260,0.0000,0.2260,0.9741,0.0000,0.0000,0.0000,1.0000,0.1972,0.1336,0.1265
293,7,11.3848,-1.0288,0.4491,0.9741,-0.2260,0.0000,0.2260,0.9741,0.0000,0.0000,0.0000,1.0000,0.1624,0.1625,0.0548
293,8,11.4212,-0.9929,0.4472,0.9741,-0.2260,0.0000,0.2260,0.9741,0.0000,0.0000,0.0000,1.0000,0.0831,0.2046,0.1050
293,9,11.4657,-0.9352,0.4544,0.9741,-0.2260,0.0000,0.2260,0.9741,0.0000,0.0000,0.0000,1.0000,0.0210,0.0279,0.0569
293,10,11.4950,-1.0034,0.4546,0.9741,-0.2260,0.0000,0.2260,0.9741,0.0000,0.0000,0.0000,1.0000,0.0210,0.0279,0.0569
294,0,10.8887,-0.7947,0.4400,0.9737,-0.2280,0.0000,0.2280,0.9737,0.0000,0.0000,0.0000,1.0000,0.2577,0.2263,0.1400
294,1,10.8972,-0.7937,0.6052,0.9737,-0.2280,0.0000,0.2280,0.9737,0.0000,0.0000,0.0000,1.0000,0.1100,0.2168,0.3052
294,2,10.9574,-0.8698,0.5173,0.9737,-0.2280,0.0000,0.2280,0.9737,0.0000,0.0000,0.0000,1.0000,0.1101,0.3070,0.2173
294,3,10.9389,-1.0469,0.5889,0.9737,-0.2280,0.0000,0.2280,0.9737,0.0000,0.0000,0.0000,1.0000,0.2836,0.2073,0.2889
294,4,11.0433,-1.1191,0.5062,0.9737,-0.2280,0.0000,0.2280,0.9737,0.0000,0.0000,0.0000,1.0000,0.2820,0.2947,0.2062
294,5,11.2377,-1.0241,0.6614,0.9737,-0.2280,0.0000,0.2280,0.9737,0.0000,0.0000,0.0000,1.0000,0.1112,0.2100,0.3614
294,6,11.3327,-1.0264,0.4265,0.9737,-0.2280,0.0000,0.2280,0.9737,0.0000,0.0000,0.0000,1.0000,0.1972,0.1336,0.1265
294,7,11.4406,-1.0430,0.4491,0.9737,-0.2280,0.0000,0.2280,0.9737,0.0000,0.0000,0.0000,1.0000,0.1624,0.1625,0.0548
294,8,11.4771,-1.0072,0.4472,0.9737,-0.2280,0.0000,0.2280,0.9737,0.0000,0.0000,0.0000,1.0000,0.0831,0.2046,0.1050
294,9,11.5218,-0.9495,0.4544,0.9737,-0.2280,0.0000,0.2280,0.9737,0.0000,0.0000,0.0000,1.0000,0.0210,0.0279,0.0569
294,10,11.5508,-1.0179,0.4546,0.9737,-0.2280,0.0000,0.2280,0.9737,0.0000,0.0000,0.0000,1.0000,0.0210,0.0279,0.0569
295,0,10.9402,-0.8068,0.4400,0.9732,-0.2299,0.0000,0.2299,0.9732,0.0000,0.0000,0.0000,1.0000,0.2577,0.2263,0.1400
295,1,10.9487,-0.8058,0.6052,0.9732,-0.2299,0.0000,0.2299,0.9732,0.0000,0.0000,0.0000,1.0000,0.1100,0.2168,0.3052
295,2,11.0088,-0.8819,0.5173,0.9732,-0.2299,0.0000,0.2299,0.9732,0.0000,0.0000,0.0000,1.0000,0.1101,0.3070,0.2173
295,3,10.9899,-1.0590,0.5889,0.9732,-0.2299,0.0000,0.2299,0.9732,0.0000,0.0000,0.0000,1.0000,0.2836,0.2073,0.2889
295,4,11.0942,-1.1315,0.5062,0.9732,-0.2299,0.0000,0.2299,0.9732,0.0000,0.0000,0.0000,1.0000,0.2820,0.2947,0.2062
295,5,11.2887,-1.0368,0.6614,0.9732,-0.2299,0.0000,0.2299,0.9732,0.0000,0.0000,0.0000,1.0000,0.1112,0.2100,0.3614
295,6,11.3837,-1.0392,0.4265,0.9732,-0.2299,0.0000,0.2299,0.9732,0.0000,0.0000,0.0000,1.0000,0.1972,0.1336,0.1265
295,7,11.4916,-1.0561,0.4491,0.9732,-0.2299,0.0000,0.2299,0.9732,0.0000,0.0000,0.0000,1.0000,0.1624,0.1625,0.0548
295,8,11.5282,-1.0204,0.4472,0.9732,-0.2299,0.0000,0.2299,0.9732,0.0000,0.0000,0.0000,1.0000,0.0831,0.2046,0.1050
295,9,11.5730,-0.9628,0.4544,0.9732,-0.2299,0.0000,0.2299,0.9732,0.0000,0.0000,0.0000,1.0000,0.0210,0.0279,0.0569
295,10,11.6019,-1.0312,0.4546,0.9732,-0.2299,0.0000,0.2299,0.9732,0.0000,0.0000,0.0000,1.0000,0.0210,0.0279,0.0569
296,0,10.9877,-0.8180,0.4400,0.9728,-0.2315,0.0000,0.2315,0.9728,0.0000,0.0000,0.0000,1.0000,0.2577,0.2263,0.1400
296,1,10.9963,-0.8170,0.6052,0.9728,-0.2315,0.0000,0.2315,0.9728,0.0000,0.0000,0.0000,1.0000,0.1100,0.2168,0.3052
296,2,11.0561,-0.8932,0.5173,0.9728,-0.2315,0.0000,0.2315,0.9728,0.0000,0.0000,0.0000,1.0000,0.1101,0.3070,0.2173
296,3,11.0370,-1.0703,0.5889,0.9728,-0.2315,0.0000,0.2315,0.9728,0.0000,0.0000,0.0000,1.0000,0.2836,0.2073,0.2889
296,4,11.1411,-1.1429,0.5062,0.9728,-0.2315,0.0000,0.2315,0.9728,0.0000,0.0000,0.0000,1.0000,0.2820,0.2947,0.2062
296,5,11.3359,-1.0486,0.6614,0.9728,-0.2315,0.0000,0.2315,0.9728,0.0000,0.0000,0.0000,1.0000,0.1112,0.2100,0.3614
296,6,11.4309,-1.0512,0.4265,0.9728,-0.2315,0.0000,0.2315,0.9728,0.0000,0.0000,0.0000,1.0000,0.1972,0.1336,0.1265
296,7,11.5387,-1.0682,0.4491,0.9728,-0.2315,0.0000,0.2315,0.9728,0.0000,0.0000,0.0000,1.0000,0.1624,0.1625,0.0548
296,8,11.5754,-1.0326,0.4472,0.9728,-0.2315,0.0000,0.2315,0.9728,0.0000,0.0000,0.0000,1.0000,0.0831,0.2046,0.1050
296,9,11.6202,-0.9751,0.4544,0.9728,-0.2315,0.0000,0.2315,0.9728,0.0000,0.0000,0.0000,1.0000,0.0210,0.0279,0.0569
296,10,11.6491,-1.0435,0.4546,0.9728,-0.2315,0.0000,0.2315,0.9728,0.0000,0.0000,0.0000,1.0000,0.0210,0.0279,0.0569
297,0,11.0320,-0.8285,0.4400,0.9725,-0.2331,0.0000,0.2331,0.9725,0.0000,0.0000,0.0000,1.0000,0.2577,0.2263,0.1400
297,1,11.0405,-0.8275,0.6052,0.9725,-0.2331,0.0000,0.2331,0.9725,0.0000,0.0000,0.0000,1.0000,0.1100,0.2168,0.3052
297,2,11.1003,-0.9039,0.5173,0.9725,-0.2331,0.0000,0.2331,0.9725,0.0000,0.0000,0.0000,1.0000,0.1101,0.3070,0.2173
297,3,11.0809,-1.0809,0.5889,0.9725,-0.2331,0.0000,0.2331,0.9725,0.0000,0.0000,0.0000,1.0000,0.2836,0.2073,0.2889
297,4,11.1849,-1.1537,0.5062,0.9725,-0.2331,0.0000,0.2331,0.9725,0.0000,0.0000,0.0000,1.0000,0.2820,0.2947,0.2062
297,5,11.3798,-1.0597,0.6614,0.9725,-0.2331,0.0000,0.2331,0.9725,0.0000,0.0000,0.0000,1.0000,0.1112,0.2100,0.3614
297,6,11.4748,-1.0624,0.4265,0.9725,-0.2331,0.0000,0.2331,0.9725,0.0000,0.0000,0.0000,1.0000,0.1972,0.1336,0.1265
297,7,11.5826,-1.0796,0.4491,0.9725,-0.2331,0.0000,0.2331,0.9725,0.0000,0.0000,0.0000,1.0000,0.1624,0.1625,0.0548
297,8,11.6193,-1.0440,0.4472,0.9725,-0.2331,0.0000,0.2331,0.9725,0.0000,0.0000,0.0000,1.0000,0.0831,0.2046,0.1050
297,9,11.6642,-0.9866,0.4544,0.9725,-0.2331,0.0000,0.2331,0.9725,0.0000,0.0000,0.0000,1.0000,0.0210,0.0279,0.0569
297,10,11.6930,-1.0550,0.4546,0.9725,-0.2331,0.0000,0.2331,0.9725,0.0000,0.0000,0.0000,1.0000,0.0210,0.0279,0.0569
298,0,11.0734,-0.8383,0.4400,0.9721,-0.2344,0.0000,0.2344,0.9721,0.0000,0.0000,0.0000,1.0000,0.2577,0.2263,0.1400
298,1,11.0819,-0.8374,0.6052,0.9721,-0.2344,0.0000,0.2344,0.9721,0.0000,0.0000,0.0000,1.0000,0.1100,0.2168,0.3052
298,2,11.1416,-0.9138,0.5173,0.9721,-0.2344,0.0000,0.2344,0.9721,0.0000,0.0000,0.0000,1.0000,0.1101,0.3070,0.2173
298,3,11.1219,-1.0909,0.5889,0.9721,-0.2344,0.0000,0.2344,0.9721,0.0000,0.0000,0.0000,1.0000,0.2836,0.2073,0.2889
298,4,11.2258,-1.1638,0.5062,0.9721,-0.2344,0.0000,0.2344,0.9721,0.0000,0.0000,0.0000,1.0000,0.2820,0.2947,0.2062
298,5,11.4208,-1.0700,0.6614,0.9721,-0.2344,0.0000,0.2344,0.9721,0.0000,0.0000,0.0000,1.0000,0.1112,0.2100,0.3614
298,6,11.5158,-1.0729,0.4265,0.9721,-0.2344,0.0000,0.2344,0.9721,0.0000,0.0000,0.0000,1.0000,0.1972,0.1336,0.1265
298,7,11.6237,-1.0903,0.4491,0.9721,-0.2344,0.0000,0.2344,0.9721,0.0000,0.0000,0.0000,1.0000,0.1624,0.1625,0.0548
298,8,11.6604,-1.0547,0.4472,0.9721,-0.2344,0.0000,0.2344,0.9721,0.0000,0.0000,0.0000,1.0000,0.0831,0.2046,0.1050
298,9,11.7054,-0.9973,0.4544,0.9721,-0.2344,0.0000,0.2344,0.9721,0.0000,0.0000,0.0000,1.0000,0.0210,0.0279,0.0569
298,10,11.7340,-1.0658,0.4546,0.9721,-0.2344,0.0000,0.2344,0.9721,0.0000,0.0000,0.0000,1.0000,0.0210,0.0279,0.0569
299,0,11.1121,-0.8476,0.4400,0.9718,-0.2356,0.0000,0.2356,0.9718,0.0000,0.0000,0.0000,1.0000,0.2577,0.2263,0.1400
299,1,11.1206,-0.8467,0.6052,0.9718,-0.2356,0.0000,0.2356,0.9718,0.0000,0.0000,0.0000,1.0000,0.1100,0.2168,0.3052
299,2,11.1802,-0.9232,0.5173,0.9718,-0.2356,0.0000,0.2356,0.9718,0.0000,0.0000,0.0000,1.0000,0.1101,0.3070,0.2173
299,3,11.1603,-1.1002,0.5889,0.9718,-0.2356,0.0000,0.2356,0.9718,0.0000,0.0000,0.0000,1.0000,0.2836,0.2073,0.2889
299,4,11.2641,-1.1732,0.5062,0.9718,-0.2356,0.0000,0.2356,0.9718,0.0000,0.0000,0.0000,1.0000,0.2820,0.2947,0.2062
299,5,11.4592,-1.0798,0.6614,0.9718,-0.2356,0.0000,0.2356,0.9718,0.0000,0.0000,0.0000,1.0000,0.1112,0.2100,0.3614
299,6,11.5542,-1.0827,0.4265,0.9718,-0.2356,0.0000,0.2356,0.9718,0.0000,0.0000,0.0000,1.0000,0.1972,0.1336,0.1265
299,7,11.6620,-1.1002,0.4491,0.9718,-0.2356,0.0000,0.2356,0.9718,0.0000,0.0000,0.0000,1.0000,0.1624,0.1625,0.0548
299,8,11.6988,-1.0647,0.4472,0.9718,-0.2356,0.0000,0.2356,0.9718,0.0000,0.0000,0.0000,1.0000,0.0831,0.2046,0.1050
299,9,11.7439,-1.0074,0.4544,0.9718,-0.2356,0.0000,0.2356,0.9718,0.0000,0.0000,0.0000,1.0000,0.0210,0.0279,0.0569
299,10,11.7725,-1.0760,0.4546,0.9718,-0.2356,0.0000,0.2356,0.9718,0.0000,0.0000,0.0000,1.0000,0.0210,0.0279,0.0569
300,0,11.1483,-0.8564,0.4400,0.9716,-0.2367,0.0000,0.2367,0.9716,0.0000,0.0000,0.0000,1.0000,0.2577,0.2263,0.1400
300,1,11.1569,-0.8555,0.6052,0.9716,-0.2367,0.0000,0.2367,0.9716,0.0000,0.0000,0.0000,1.0000,0.1100,0.2168,0.3052
300,2,11.2163,-0.9321,0.5173,0.9716,-0.2367,0.0000,0.2367,0.9716,0.0000,0.0000,0.0000,1.0000,0.1101,0.3070,0.2173
300,3,11.1963,-1.1090,0.5889,0.9716,-0.2367,0.0000,0.2367,0.9716,0.0000,0.0000,0.0000,1.0000,0.2836,0.2073,0.2889
300,4,11.3000,-1.1822,0.5062,0.9716,-0.2367,0.0000,0.2367,0.9716,0.0000,0.0000,0.0000,1.0000,0.2820,0.2947,0.2062
300,5,11.4952,-1.0889,0.6614,0.9716,-0.2367,0.0000,0.2367,0.9716,0.0000,0.0000,0.0000,1.0000,0.1112,0.2100,0.3614
300,6,11.5902,-1.0920,0.4265,0.9716,-0.2367,0.0000,0.2367,0.9716,0.0000,0.0000,0.0000,1.0000,0.1972,0.1336,0.1265
300,7,11.6980,-1.1096,0.4491,0.9716,-0.2367,0.0000,0.2367,0.9716,0.0000,0.0000,0.0000,1.0000,0.1624,0.1625,0.0548
300,8,11.7348,-1.0741,0.4472,0.9716,-0.2367,0.0000,0.2367,0.9716,0.0000,0.0000,0.0000,1.0000,0.0831,0.2046,0.1050
300,9,11.7800,-1.0169,0.4544,0.9716,-0.2367,0.0000,0.2367,0.9716,0.0000,0.0000,0.0000,1.0000,0.0210,0.0279,0.0569
300,10,11.8084,-1.0854,0.4546,0.9716,-0.2367,0.0000,0.2367,0.9716,0.0000,0.0000,0.0000,1.0000,0.0210,0.0279,0.0569
301,0,11.1820,-0.8646,0.4400,0.9714,-0.2375,0.0000,0.2375,0.9714,0.0000,0.0000,0.0000,1.0000,0.2577,0.2263,0.1400
301,1,11.1906,-0.8637,0.6052,0.9714,-0.2375,0.0000,0.2375,0.9714,0.0000,0.0000,0.0000,1.0000,0.1100,0.2168,0.3052
301,2,11.2500,-0.9403,0.5173,0.9714,-0.2375,0.0000,0.2375,0.9714,0.0000,0.0000,0.0000,1.0000,0.1101,0.3070,0.2173
301,3,11.2298,-1.1173,0.5889,0.9714,-0.2375,0.0000,0.2375,0.9714,0.0000,0.0000,0.0000,1.0000,0.2836,0.2073,0.2889
301,4,11.3335,-1.1905,0.5062,0.9714,-0.2375,0.0000,0.2375,0.9714,0.0000,0.0000,0.0000,1.0000,0.2820,0.2947,0.2062
301,5,11.5288,-1.0974,0.6614,0.9714,-0.2375,0.0000,0.2375,0.9714,0.0000,0.0000,0.0000,1.0000,0.1112,0.2100,0.3614
301,6,11.6237,-1.1006,0.4265,0.9714,-0.2375,0.0000,0.2375,0.9714,0.0000,0.0000,0.0000,1.0000,0.1972,0.1336,0.1265
301,7,11.7315,-1.1183,0.4491,0.9714,-0.2375,0.0000,0.2375,0.9714,0.0000,0.0000,0.0000,1.0000,0.1624,0.1625,0.0548
301,8,11.7684,-1.0828,0.4472,0.9714,-0.2375,0.0000,0.2375,0.9714,0.0000,0.0000,0.0000,1.0000,0.0831,0.2046,0.1050
301,9,11.8136,-1.0256,0.4544,0.9714,-0.2375,0.0000,0.2375,0.9714,0.0000,0.0000,0.0000,1.0000,0.0210,0.0279,0.0569
301,10,11.8420,-1.0942,0.4546,0.9714,-0.2375,0.0000,0.2375,0.9714,0.0000,0.0000,0.0000,1.0000,0.0210,0.0279,0.0569
302,0,11.2129,-0.8721,0.4400,0.9712,-0.2383,0.0000,0.2383,0.9712,0.0000,0.0000,0.0000,1.0000,0.2577,0.2263,0.1400
302,1,11.2214,-0.8712,0.6052,0.9712,-0.2383,0.0000,0.2383,0.9712,0.0000,0.0000,0.0000,1.0000,0.1100,0.2168,0.3052
302,2,11.2808,-0.9479,0.5173,0.9712,-0.2383,0.0000,0.2383,0.9712,0.0000,0.0000,0.0000,1.0000,0.1101,0.3070,0.2173
302,3,11.2604,-1.1248,0.5889,0.9712,-0.2383,0.0000,0.2383,0.9712,0.0000,0.0000,0.0000,1.0000,0.2836,0.2073,0.2889
302,4,11.3640,-1.1981,0.5062,0.9712,-0.2383,0.0000,0.2383,0.9712,0.0000,0.0000,0.0000,1.0000,0.2820,0.2947,0.2062
302,5,11.5594,-1.1052,0.6614,0.9712,-0.2383,0.0000,0.2383,0.9712,0.0000,0.0000,0.0000,1.0000,0.1112,0.2100,0.3614
302,6,11.6544,-1.1084,0.4265,0.9712,-0.2383,0.0000,0.2383,0.9712,0.0000,0.0000,0.0000,1.0000,0.1972,0.1336,0.1265
302,7,11.7621,-1.1262,0.4491,0.9712,-0.2383,0.0000,0.2383,0.9712,0.0000,0.0000,0.0000,1.0000,0.1624,0.1625,0.0548
302,8,11.7990,-1.0908,0.4472,0.9712,-0.2383,0.0000,0.2383,0.9712,0.0000,0.0000,0.0000,1.0000,0.0831,0.2046,0.1050
302,9,11.8443,-1.0336,0.4544,0.9712,-0.2383,0.0000,0.2383,0.9712,0.0000,0.0000,0.0000,1.0000,0.0210,0.0279,0.0569
302,10,11.8726,-1.1023,0.4546,0.9712,-0.2383,0.0000,0.2383,0.9712,0.0000,0.0000,0.0000,1.0000,0.0210,0.0279,0.0569
303,0,11.2408,-0.8789,0.4400,0.9710,-0.2389,0.0000,0.2389,0.9710,0.0000,0.0000,0.0000,1.0000,0.2577,0.2263,0.1400
303,1,11.2493,-0.8781,0.6052,0.9710,-0.2389,0.0000,0.2389,0.9710,0.0000,0.0000,0.0000,1.0000,0.1100,0.2168,0.3052
303,2,11.3086,-0.9548,0.5173,0.9710,-0.2389,0.0000,0.2389,0.9710,0.0000,0.0000,0.0000,1.0000,0.1101,0.3070,0.2173
303,3,11.2882,-1.1317,0.5889,0.9710,-0.2389,0.0000,0.2389,0.9710,0.0000,0.0000,0.0000,1.0000,0.2836,0.2073,0.2889
303,4,11.3917,-1.2051,0.5062,0.9710,-0.2389,0.0000,0.2389,0.9710,0.0000,0.0000,0.0000,1.0000,0.2820,0.2947,0.2062
303,5,11.5872,-1.1123,0.6614,0.9710,-0.2389,0.0000,0.2389,0.9710,0.0000,0.0000,0.0000,1.0000,0.1112,0.2100,0.3614
303,6,11.6821,-1.1155,0.4265,0.9710,-0.2389,0.0000,0.2389,0.9710,0.0000,0.0000,0.0000,1.0000,0.1972,0.1336,0.1265
303,7,11.7899,-1.1334,0.4491,0.9710,-0.2389,0.0000,0.2389,0.9710,0.0000,0.0000,0.0000,1.0000,0.1624,0.1625,0.0548
303,8,11.8268,-1.0980,0.4472,0.9710,-0.2389,0.0000,0.2389,0.9710,0.0000,0.0000,0.0000,1.0000,0.0831,0.2046,0.1050
303,9,11.8721,-1.0409,0.4544,0.9710,-0.2389,0.0000,0.2389,0.9710,0.0000,0.0000,0.0000,1.0000,0.0210,0.0279,0.0569
303,10,11.9004,-1.1095,0.4546,0.9710,-0.2389,0.0000,0.2389,0.9710,0.0000,0.0000,0.0000,1.0000,0.0210,0.0279,0.0569
304,0,11.2662,-0.8852,0.4400,0.9709,-0.2394,0.0000,0.2394,0.9709,0.0000,0.0000,0.0000,1.0000,0.2577,0.2263,0.1400
304,1,11.2747,-0.8843,0.6052,0.9709,-0.2394,0.0000,0.2394,0.9709,0.0000,0.0000,0.0000,1.0000,0.1100,0.2168,0.3052
304,2,11.3340,-0.9610,0.5173,0.9709,-0.2394,0.0000,0.2394,0.9709,0.0000,0.0000,0.0000,1.0000,0.1101,0.3070,0.2173
304,3,11.3134,-1.1380,0.5889,0.9709,-0.2394,0.0000,0.2394,0.9709,0.0000,0.0000,0.0000,1.0000,0.2836,0.2073,0.2889
304,4,11.4170,-1.2114,0.5062,0.9709,-0.2394,0.0000,0.2394,0.9709,0.0000,0.0000,0.0000,1.0000,0.2820,0.2947,0.2062
304,5,11.6125,-1.1187,0.6614,0.9709,-0.2394,0.0000,0.2394,0.9709,0.0000,0.0000,0.0000,1.0000,0.1112,0.2100,0.3614
304,6,11.7074,-1.1220,0.4265,0.9709,-0.2394,0.0000,0.2394,0.9709,0.0000,0.0000,0.0000,1.0000,0.1972,0.1336,0.1265
304,7,11.8152,-1.1399,0.4491,0.9709,-0.2394,0.0000,0.2394,0.9709,0.0000,0.0000,0.0000,1.0000,0.1624,0.1625,0.0548
304,8,11.8521,-1.1046,0.4472,0.9709,-0.2394,0.0000,0.2394,0.9709,0.0000,0.0000,0.0000,1.0000,0.0831,0.2046,0.1050
304,9,11.8974,-1.0474,0.4544,0.9709,-0.2394,0.0000,0.2394,0.9709,0.0000,0.0000,0.0000,1.0000,0.0210,0.0279,0.0569
304,10,11.9257,-1.1161,0.4546,0.9709,-0.2394,0.0000,0.2394,0.9709,0.0000,0.0000,0.0000,1.0000,0.0210,0.0279,0.0569
305,0,11.2893,-0.8909,0.4400,0.9708,-0.2398,0.0000,0.2398,0.9708,0.0000,0.0000,0.0000,1.0000,0.2577,0.2263,0.1400
305,1,11.2978,-0.8900,0.6052,0.9708,-0.2398,0.0000,0.2398,0.9708,0.0000,0.0000,0.0000,1.0000,0.1100,0.2168,0.3052
305,2,11.3571,-0.9667,0.5173,0.9708,-0.2398,0.0000,0.2398,0.9708,0.0000,0.0000,0.0000,1.0000,0.1101,0.3070,0.2173
305,3,11.3364,-1.1437,0.5889,0.9708,-0.2398,0.0000,0.2398,0.9708,0.0000,0.0000,0.0000,1.0000,0.2836,0.2073,0.2889
305,4,11.4399,-1.2171,0.5062,0.9708,-0.2398,0.0000,0.2398,0.9708,0.0000,0.0000,0.0000,1.0000,0.2820,0.2947,0.2062
305,5,11.6355,-1.1245,0.6614,0.9708,-0.2398,0.0000,0.2398,0.9708,0.0000,0.0000,0.0000,1.0000,0.1112,0.2100,0.3614
305,6,11.7304,-1.1279,0.4265,0.9708,-0.2398,0.0000,0.2398,0.9708,0.0000,0.0000,0.0000,1.0000,0.1972,0.1336,0.1265
305,7,11.8382,-1.1458,0.4491,0.9708,-0.2398,0.0000,0.2398,0.9708,0.0000,0.0000,0.0000,1.0000,0.1624,0.1625,0.0548
305,8,11.8751,-1.1105,0.4472,0.9708,-0.2398,0.0000,0.2398,0.9708,0.0000,0.0000,0.0000,1.0000,0.0831,0.2046,0.1050
305,9,11.9204,-1.0534,0.4544,0.9708,-0.2398,0.0000,0.2398,0.9708,0.0000,0.0000,0.0000,1.0000,0.0210,0.0279,0.0569
305,10,11.9487,-1.1221,0.4546,0.9708,-0.2398,0.0000,0.2398,0.9708,0.0000,0.0000,0.0000,1.0000,0.0210,0.0279,0.0569
306,0,11.3102,-0.8960,0.4400,0.9707,-0.2402,0.0000,0.2402,0.9707,0.0000,0.0000,0.0000,1.0000,0.2577,0.2263,0.1400
306,1,11.3188,-0.8952,0.6052,0.9707,-0.2402,0.0000,0.2402,0.9707,0.0000,0.0000,0.0000,1.0000,0.1100,0.2168,0.3052
306,2,11.3780,-0.9719,0.5173,0.9707,-0.2402,0.0000,0.2402,0.9707,0.0000,0.0000,0.0000,1.0000,0.1101,0.3070,0.2173
306,3,11.3573,-1.1488,0.5889,0.9707,-0.2402,0.0000,0.2402,0.9707,0.0000,0.0000,0.0000,1.0000,0.2836,0.2073,0.2889
306,4,11.4608,-1.2223,0.5062,0.9707,-0.2402,0.0000,0.2402,0.9707,0.0000,0.0000,0.0000,1.0000,0.2820,0.2947,0.2062
306,5,11.6563,-1.1298,0.6614,0.9707,-0.2402,0.0000,0.2402,0.9707,0.0000,0.0000,0.0000,1.0000,0.1112,0.2100,0.3614
306,6,11.7513,-1.1332,0.4265,0.9707,-0.2402,0.0000,0.2402,0.9707,0.0000,0.0000,0.0000,1.0000,0.1972,0.1336,0.1265
306,7,11.8590,-1.1512,0.4491,0.9707,-0.2402,0.0000,0.2402,0.9707,0.0000,0.0000,0.0000,1.0000,0.1624,0.1625,0.0548
306,8,11.8960,-1.1159,0.4472,0.9707,-0.2402,0.0000,0.2402,0.9707,0.0000,0.0000,0.0000,1.0000,0.0831,0.2046,0.1050
306,9,11.9413,-1.0588,0.4544,0.9707,-0.2402,0.0000,0.2402,0.9707,0.0000,0.0000,0.0000,1.0000,0.0210,0.0279,0.0569
306,10,11.9695,-1.1275,0.4546,0.9707,-0.2402,0.0000,0.2402,0.9707,0.0000,0.0000,0.0000,1.0000,0.0210,0.0279,0.0569
307,0,11.3294,-0.9008,0.4400,0.9707,-0.2404,0.0000,0.2404,0.9707,0.0000,0.0000,0.0000,1.0000,0.2577,0.2263,0.1400
307,1,11.3380,-0.8999,0.6052,0.9707,-0.2404,0.0000,0.2404,0.9707,0.0000,0.0000,0.0000,1.0000,0.1100,0.2168,0.3052
307,2,11.3971,-0.9767,0.5173,0.9707,-0.2404,0.0000,0.2404,0.9707,0.0000,0.0000,0.0000,1.0000,0.1101,0.3070,0.2173
307,3,11.3764,-1.1536,0.5889,0.9707,-0.2404,0.0000,0.2404,0.9707,0.0000,0.0000,0.0000,1.0000,0.2836,0.2073,0.2889
307,4,11.4798,-1.2271,0.5062,0.9707,-0.2404,0.0000,0.2404,0.9707,0.0000,0.0000,0.0000,1.0000,0.2820,0.2947,0.2062
307,5,11.6754,-1.1346,0.6614,0.9707,-0.2404,0.0000,0.2404,0.9707,0.0000,0.0000,0.0000,1.0000,0.1112,0.2100,0.3614
307,6,11.7704,-1.1381,0.4265,0.9707,-0.2404,0.0000,0.2404,0.9707,0.0000,0.0000,0.0000,1.0000,0.1972,0.1336,0.1265
307,7,11.8781,-1.1561,0.4491,0.9707,-0.2404,0.0000,0.2404,0.9707,0.0000,0.0000,0.0000,1.0000,0.1624,0.1625,0.0548
307,8,11.9151,-1.1207,0.4472,0.9707,-0.2404,0.0000,0.2404,0.9707,0.0000,0.0000,0.0000,1.0000,0.0831,0.2046,0.1050
307,9,11.9604,-1.0637,0.4544,0.9707,-0.2404,0.0000,0.2404,0.9707,0.0000,0.0000,0.0000,1.0000,0.0210,0.0279,0.0569
307,10,11.9886,-1.1324,0.4546,0.9707,-0.2404,0.0000,0.2404,0.9707,0.0000,0.0000,0.0000,1.0000,0.0210,0.0279,0.0569
308,0,11.3470,-0.9051,0.4400,0.9706,-0.2406,0.0000,0.2406,0.9706,0.0000,0.0000,0.0000,1.0000,0.2577,0.2263,0.1400
308,1,11.3555,-0.9043,0.6052,0.9706,-0.2406,0.0000,0.2406,0.9706,0.0000,0.0000,0.0000,1.0000,0.1100,0.2168,0.3052
308,2,11.4147,-0.9810,0.5173,0.9706,-0.2406,0.0000,0.2406,0.9706,0.0000,0.0000,0.0000,1.0000,0.1101,0.3070,0.2173
308,3,11.3939,-1.1579,0.5889,0.9706,-0.2406,0.0000,0.2406,0.9706,0.0000,0.0000,0.0000,1.0000,0.2836,0.2073,0.2889
308,4,11.4974,-1.2315,0.5062,0.9706,-0.2406,0.0000,0.2406,0.9706,0.0000,0.0000,0.0000,1.0000,0.2820,0.2947,0.2062
308,5,11.6930,-1.1390,0.6614,0.9706,-0.2406,0.0000,0.2406,0.9706,0.0000,0.0000,0.0000,1.0000,0.1112,0.2100,0.3614
308,6,11.7879,-1.1425,0.4265,0.9706,-0.2406,0.0000,0.2406,0.9706,0.0000,0.0000,0.0000,1.0000,0.1972,0.1336,0.1265
308,7,11.8956,-1.1605,0.4491,0.9706,-0.2406,0.0000,0.2406,0.9706,0.0000,0.0000,0.0000,1.0000,0.1624,0.1625,0.0548
308,8,11.9326,-1.1252,0.4472,0.9706,-0.2406,0.0000,0.2406,0.9706,0.0000,0.0000,0.0000,1.0000,0.0831,0.2046,0.1050
308,9,11.9780,-1.0681,0.4544,0.9706,-0.2406,0.0000,0.2406,0.9706,0.0000,0.0000,0.0000,1.0000,0.0210,0.0279,0.0569
308,10,12.0062,-1.1368,0.4546,0.9706,-0.2406,0.0000,0.2406,0.9706,0.0000,0.0000,0.0000,1.0000,0.0210,0.0279,0.0569
309,0,11.3633,-0.9092,0.4400,0.9706,-0.2408,0.0000,0.2408,0.9706,0.0000,0.0000,0.0000,1.0000,0.2577,0.2263,0.1400
309,1,11.3719,-0.9083,0.6052,0.9706,-0.2408,0.0000,0.2408,0.9706,0.0000,0.0000,0.0000,1.0000,0.1100,0.2168,0.3052
309,2,11.4310,-0.9851,0.5173,0.9706,-0.2408,0.0000,0.2408,0.9706,0.0000,0.0000,0.0000,1.0000,0.1101,0.3070,0.2173
309,3,11.4102,-1.1620,0.5889,0.9706,-0.2408,0.0000,0.2408,0.9706,0.0000,0.0000,0.0000,1.0000,0.2836,0.2073,0.2889
309,4,11.5136,-1.2356,0.5062,0.9706,-0.2408,0.0000,0.2408,0.9706,0.0000,0.0000,0.0000,1.0000,0.2820,0.2947,0.2062
309,5,11.7092,-1.1431,0.6614,0.9706,-0.2408,0.0000,0.2408,0.9706,0.0000,0.0000,0.0000,1.0000,0.1112,0.2100,0.3614
309,6,11.8042,-1.1466,0.4265,0.9706,-0.2408,0.0000,0.2408,0.9706,0.0000,0.0000,0.0000,1.0000,0.1972,0.1336,0.1265
309,7,11.9119,-1.1647,0.4491,0.9706,-0.2408,0.0000,0.2408,0.9706,0.0000,0.0000,0.0000,1.0000,0.1624,0.1625,0.0548
309,8,11.9489,-1.1293,0.4472,0.9706,-0.2408,0.0000,0.2408,0.9706,0.0000,0.0000,0.0000,1.0000,0.0831,0.2046,0.1050
309,9,11.9943,-1.0723,0.4544,0.9706,-0.2408,0.0000,0.2408,0.9706,0.0000,0.0000,0.0000,1.0000,0.0210,0.0279,0.0569
309,10,12.0225,-1.1410,0.4546,0.9706,-0.2408,0.0000,0.2408,0.9706,0.0000,0.0000,0.0000,1.0000,0.0210,0.0279,0.0569
310,0,11.3786,-0.9130,0.4400,0.9706,-0.2409,0.0000,0.2409,0.9706,0.0000,0.0000,0.0000,1.0000,0.2577,0.2263,0.1400
310,1,11.3872,-0.9121,0.6052,0.9706,-0.2409,0.0000,0.2409,0.9706,0.0000,0.0000,0.0000,1.0000,0.1100,0.2168,0.3052
310,2,11.4463,-0.9889,0.5173,0.9706,-0.2409,0.0000,0.2409,0.9706,0.0000,0.0000,0.0000,1.0000,0.1101,0.3070,0.2173
310,3,11.4255,-1.1658,0.5889,0.9706,-0.2409,0.0000,0.2409,0.9706,0.0000,0.0000,0.0000,1.0000,0.2836,0.2073,0.2889
310,4,11.5289,-1.2394,0.5062,0.9706,-0.2409,0.0000,0.2409,0.9706,0.0000,0.0000,0.0000,1.0000,0.2820,0.2947,0.2062
310,5,11.7246,-1.1470,0.6614,0.9706,-0.2409,0.0000,0.2409,0.9706,0.0000,0.0000,0.0000,1.0000,0.1112,0.2100,0.3614
310,6,11.8195,-1.1504,0.4265,0.9706,-0.2409,0.0000,0.2409,0.9706,0.0000,0.0000,0.0000,1.0000,0.1972,0.1336,0.1265
310,7,11.9272,-1.1685,0.4491,0.9706,-0.2409,0.0000,0.2409,0.9706,0.0000,0.0000,0.0000,1.0000,0.1624,0.1625,0.0548
310,8,11.9642,-1.1332,0.4472,0.9706,-0.2409,0.0000,0.2409,0.9706,0.0000,0.0000,0.0000,1.0000,0.0831,0.2046,0.1050
310,9,12.0096,-1.0761,0.4544,0.9706,-0.2409,0.0000,0.2409,0.9706,0.0000,0.0000,0.0000,1.0000,0.0210,0.0279,0.0569
310,10,12.0378,-1.1449,0.4546,0.9706,-0.2409,0.0000,0.2409,0.9706,0.0000,0.0000,0.0000,1.0000,0.0210,0.0279,0.0569
311,0,11.3934,-0.9166,0.4400,0.9705,-0.2409,0.0000,0.2409,0.9705,0.0000,0.0000,0.0000,1.0000,0.2577,0.2263,0.1400
311,1,11.4020,-0.9158,0.6052,0.9705,-0.2409,0.0000,0.2409,0.9705,0.0000,0.0000,0.0000,1.0000,0.1100,0.2168,0.3052
311,2,11.4611,-0.9926,0.5173,0.9705,-0.2409,0.0000,0.2409,0.9705,0.0000,0.0000,0.0000,1.0000,0.1101,0.3070,0.2173
311,3,11.4403,-1.1695,0.5889,0.9705,-0.2409,0.0000,0.2409,0.9705,0.0000,0.0000,0.0000,1.0000,0.2836,0.2073,0.2889
311,4,11.5437,-1.2431,0.5062,0.9705,-0.2409,0.0000,0.2409,0.9705,0.0000,0.0000,0.0000,1.0000,0.2820,0.2947,0.2062
311,5,11.7394,-1.1507,0.6614,0.9705,-0.2409,0.0000,0.2409,0.9705,0.0000,0.0000,0.0000,1.0000,0.1112,0.2100,0.3614
311,6,11.8343,-1.1541,0.4265,0.9705,-0.2409,0.0000,0.2409,0.9705,0.0000,0.0000,0.0000,1.0000,0.1972,0.1336,0.1265
311,7,11.9420,-1.1722,0.4491,0.9705,-0.2409,0.0000,0.2409,0.9705,0.0000,0.0000,0.0000,1.0000,0.1624,0.1625,0.0548
311,8,11.9790,-1.1369,0.4472,0.9705,-0.2409,0.0000,0.2409,0.9705,0.0000,0.0000,0.0000,1.0000,0.0831,0.2046,0.1050
311,9,12.0244,-1.0798,0.4544,0.9705,-0.2409,0.0000,0.2409,0.9705,0.0000,0.0000,0.0000,1.0000,0.0210,0.0279,0.0569
311,10,12.0526,-1.1486,0.4546,0.9705,-0.2409,0.0000,0.2409,0.9705,0.0000,0.0000,0.0000,1.0000,0.0210,0.0279,0.0569
312,0,11.4081,-0.9203,0.4400,0.9705,-0.2409,0.0000,0.2409,0.9705,0.0000,0.0000,0.0000,1.0000,0.2577,0.2263,0.1400
312,1,11.4166,-0.9194,0.6052,0.9705,-0.2409,0.0000,0.2409,0.9705,0.0000,0.0000,0.0000,1.0000,0.1100,0.2168,0.3052
312,2,11.4758,-0.9962,0.5173,0.9705,-0.2409,0.0000,0.2409,0.9705,0.0000,0.0000,0.0000,1.0000,0.1101,0.3070,0.2173
312,3,11.4549,-1.1731,0.5889,0.9705,-0.2409,0.0000,0.2409,0.9705,0.0000,0.0000,0.0000,1.0000,0.2836,0.2073,0.2889
312,4,11.5584,-1.2467,0.5062,0.9705,-0.2409,0.0000,0.2409,0.9705,0.0000,0.0000,0.0000,1.0000,0.2820,0.2947,0.2062
312,5,11.7540,-1.1543,0.6614,0.9705,-0.2409,0.0000,0.2409,0.9705,0.0000,0.0000,0.0000,1.0000,0.1112,0.2100,0.3614
312,6,11.8489,-1.1578,0.4265,0.9705,-0.2409,0.0000,0.2409,0.9705,0.0000,0.0000,0.0000,1.0000,0.1972,0.1336,0.1265
312,7,11.9567,-1.1759,0.4491,0.9705,-0.2409,0.0000,0.2409,0.9705,0.0000,0.0000,0.0000,1.0000,0.1624,0.1625,0.0548
312,8,11.9937,-1.1405,0.4472,0.9705,-0.2409,0.0000,0.2409,0.9705,0.0000,0.0000,0.0000,1.0000,0.0831,0.2046,0.1050
312,9,12.0390,-1.0835,0.4544,0.9705,-0.2409,0.0000,0.2409,0.9705,0.0000,0.0000,0.0000,1.0000,0.0210,0.0279,0.0569
312,10,12.0672,-1.1522,0.4546,0.9705,-0.2409,0.0000,0.2409,0.9705,0.0000,0.0000,0.0000,1.0000,0.0210,0.0279,0.0569
313,0,11.4225,-0.9239,0.4400,0.9706,-0.2409,0.0000,0.2409,0.9706,0.0000,0.0000,0.0000,1.0000,0.2577,0.2263,0.1400
313,1,11.4311,-0.9230,0.6052,0.9706,-0.2409,0.0000,0.2409,0.9706,0.0000,0.0000,0.0000,1.0000,0.1100,0.2168,0.3052
313,2,11.4902,-0.9998,0.5173,0.9706,-0.2409,0.0000,0.2409,0.9706,0.0000,0.0000,0.0000,1.0000,0.1101,0.3070,0.2173
313,3,11.4694,-1.1767,0.5889,0.9706,-0.2409,0.0000,0.2409,0.9706,0.0000,0.0000,0.0000,1.0000,0.2836,0.2073,0.2889
313,4,11.5728,-1.2503,0.5062,0.9706,-0.2409,0.0000,0.2409,0.9706,0.0000,0.0000,0.0000,1.0000,0.2820,0.2947,0.2062
313,5,11.7685,-1.1579,0.6614,0.9706,-0.2409,0.0000,0.2409,0.9706,0.0000,0.0000,0.0000,1.0000,0.1112,0.2100,0.3614
313,6,11.8634,-1.1614,0.4265,0.9706,-0.2409,0.0000,0.2409,0.9706,0.0000,0.0000,0.0000,1.0000,0.1972,0.1336,0.1265
313,7,11.9711,-1.1794,0.4491,0.9706,-0.2409,0.0000,0.2409,0.9706,0.0000,0.0000,0.0000,1.0000,0.1624,0.1625,0.0548
313,8,12.0081,-1.1441,0.4472,0.9706,-0.2409,0.0000,0.2409,0.9706,0.0000,0.0000,0.0000,1.0000,0.0831,0.2046,0.1050
313,9,12.0535,-1.0871,0.4544,0.9706,-0.2409,0.0000,0.2409,0.9706,0.0000,0.0000,0.0000,1.0000,0.0210,0.0279,0.0569
313,10,12.0817,-1.1558,0.4546,0.9706,-0.2409,0.0000,0.2409,0.9706,0.0000,0.0000,0.0000,1.0000,0.0210,0.0279,0.0569
314,0,11.4370,-0.9275,0.4400,0.9706,-0.2409,0.0000,0.2409,0.9706,0.0000,0.0000,0.0000,1.0000,0.2577,0.2263,0.1400
314,1,11.4456,-0.9266,0.6052,0.9706,-0.2409,0.0000,0.2409,0.9706,0.0000,0.0000,0.0000,1.0000,0.1100,0.2168,0.3052
314,2,11.5047,-1.0034,0.5173,0.9706,-0.2409,0.0000,0.2409,0.9706,0.0000,0.0000,0.0000,1.0000,0.1101,0.3070,0.2173
314,3,11.4839,-1.1803,0.5889,0.9706,-0.2409,0.0000,0.2409,0.9706,0.0000,0.0000,0.0000,1.0000,0.2836,0.2073,0.2889
314,4,11.5873,-1.2539,0.5062,0.9706,-0.2409,0.0000,0.2409,0.9706,0.0000,0.0000,0.0000,1.0000,0.2820,0.2947,0.2062
314,5,11.7829,-1.1615,0.6614,0.9706,-0.2409,0.0000,0.2409,0.9706,0.0000,0.0000,0.0000,1.0000,0.1112,0.2100,0.3614
314,6,11.8779,-1.1649,0.4265,0.9706,-0.2409,0.0000,0.2409,0.9706,0.0000,0.0000,0.0000,1.0000,0.1972,0.1336,0.1265
314,7,11.9856,-1.1830,0.4491,0.9706,-0.2409,0.0000,0.2409,0.9706,0.0000,0.0000,0.0000,1.0000,0.1624,0.1625,0.0548
314,8,12.0226,-1.1477,0.4472,0.9706,-0.2409,0.0000,0.2409,0.9706,0.0000,0.0000,0.0000,1.0000,0.0831,0.2046,0.1050
314,9,12.0680,-1.0906,0.4544,0.9706,-0.2409,0.0000,0.2409,0.9706,0.0000,0.0000,0.0000,1.0000,0.0210,0.0279,0.0569
314,10,12.0962,-1.1593,0.4546,0.9706,-0.2409,0.0000,0.2409,0.9706,0.0000,0.0000,0.0000,1.0000,0.0210,0.0279,0.0569
315,0,11.4516,-0.9311,0.4400,0.9706,-0.2408,0.0000,0.2408,0.9706,0.0000,0.0000,0.0000,1.0000,0.2577,0.2263,0.1400
315,1,11.4601,-0.9302,0.6052,0.9706,-0.2408,0.0000,0.2408,0.9706,0.0000,0.0000,0.0000,1.0000,0.1100,0.2168,0.3052
315,2,11.5193,-1.0070,0.5173,0.9706,-0.2408,0.0000,0.2408,0.9706,0.0000,0.0000,0.0000,1.0000,0.1101,0.3070,0.2173
315,3,11.4985,-1.1839,0.5889,0.9706,-0.2408,0.0000,0.2408,0.9706,0.0000,0.0000,0.0000,1.0000,0.2836,0.2073,0.2889
315,4,11.6019,-1.2575,0.5062,0.9706,-0.2408,0.0000,0.2408,0.9706,0.0000,0.0000,0.0000,1.0000,0.2820,0.2947,0.2062
315,5,11.7975,-1.1650,0.6614,0.9706,-0.2408,0.0000,0.2408,0.9706,0.0000,0.0000,0.0000,1.0000,0.1112,0.2100,0.3614
315,6,11.8925,-1.1685,0.4265,0.9706,-0.2408,0.0000,0.2408,0.9706,0.0000,0.0000,0.0000,1.0000,0.1972,0.1336,0.1265
315,7,12.0002,-1.1866,0.4491,0.9706,-0.2408,0.0000,0.2408,0.9706,0.0000,0.0000,0.0000,1.0000,0.1624,0.1625,0.0548
315,8,12.0372,-1.1512,0.4472,0.9706,-0.2408,0.0000,0.2408,0.9706,0.0000,0.0000,0.0000,1.0000,0.0831,0.2046,0.1050
315,9,12.0826,-1.0942,0.4544,0.9706,-0.2408,0.0000,0.2408,0.9706,0.0000,0.0000,0.0000,1.0000,0.0210,0.0279,0.0569
315,10,12.1107,-1.1629,0.4546,0.9706,-0.2408,0.0000,0.2408,0.9706,0.0000,0.0000,0.0000,1.0000,0.0210,0.0279,0.0569
316,0,11.4662,-0.9347,0.4400,0.9706,-0.2406,0.0000,0.2406,0.9706,0.0000,0.0000,0.0000,1.0000,0.2577,0.2263,0.1400
316,1,11.4748,-0.9338,0.6052,0.9706,-0.2406,0.0000,0.2406,0.9706,0.0000,0.0000,0.0000,1.0000,0.1100,0.2168,0.3052
316,2,11.5340,-1.0106,0.5173,0.9706,-0.2406,0.0000,0.2406,0.9706,0.0000,0.0000,0.0000,1.0000,0.1101,0.3070,0.2173
316,3,11.5132,-1.1875,0.5889,0.9706,-0.2406,0.0000,0.2406,0.9706,0.0000,0.0000,0.0000,1.0000,0.2836,0.2073,0.2889
316,4,11.6166,-1.2611,0.5062,0.9706,-0.2406,0.0000,0.2406,0.9706,0.0000,0.0000,0.0000,1.0000,0.2820,0.2947,0.2062
316,5,11.8122,-1.1686,0.6614,0.9706,-0.2406,0.0000,0.2406,0.9706,0.0000,0.0000,0.0000,1.0000,0.1112,0.2100,0.3614
316,6,11.9072,-1.1721,0.4265,0.9706,-0.2406,0.0000,0.2406,0.9706,0.0000,0.0000,0.0000,1.0000,0.1972,0.1336,0.1265
316,7,12.0149,-1.1901,0.4491,0.9706,-0.2406,0.0000,0.2406,0.9706,0.0000,0.0000,0.0000,1.0000,0.1624,0.1625,0.0548
316,8,12.0519,-1.1548,0.4472,0.9706,-0.2406,0.0000,0.2406,0.9706,0.0000,0.0000,0.0000,1.0000,0.0831,0.2046,0.1050
316,9,12.0972,-1.0977,0.4544,0.9706,-0.2406,0.0000,0.2406,0.9706,0.0000,0.0000,0.0000,1.0000,0.0210,0.0279,0.0569
316,10,12.1254,-1.1664,0.4546,0.9706,-0.2406,0.0000,0.2406,0.9706,0.0000,0.0000,0.0000,1.0000,0.0210,0.0279,0.0569
317,0,11.4809,-0.9383,0.4400,0.9707,-0.2405,0.0000,0.2405,0.9707,0.0000,0.0000,0.0000,1.0000,0.2577,0.2263,0.1400
317,1,11.4895,-0.9375,0.6052,0.9707,-0.2405,0.0000,0.2405,0.9707,0.0000,0.0000,0.0000,1.0000,0.1100,0.2168,0.3052
317,2,11.5486,-1.0143,0.5173,0.9707,-0.2405,0.0000,0.2405,0.9707,0.0000,0.0000,0.0000,1.0000,0.1101,0.3070,0.2173
317,3,11.5279,-1.1912,0.5889,0.9707,-0.2405,0.0000,0.2405,0.9707,0.0000,0.0000,0.0000,1.0000,0.2836,0.2073,0.2889
317,4,11.6313,-1.2647,0.5062,0.9707,-0.2405,0.0000,0.2405,0.9707,0.0000,0.0000,0.0000,1.0000,0.2820,0.2947,0.2062
317,5,11.8269,-1.1722,0.6614,0.9707,-0.2405,0.0000,0.2405,0.9707,0.0000,0.0000,0.0000,1.0000,0.1112,0.2100,0.3614
317,6,11.9219,-1.1757,0.4265,0.9707,-0.2405,0.0000,0.2405,0.9707,0.0000,0.0000,0.0000,1.0000,0.1972,0.1336,0.1265
317,7,12.0296,-1.1937,0.4491,0.9707,-0.2405,0.0000,0.2405,0.9707,0.0000,0.0000,0.0000,1.0000,0.1624,0.1625,0.0548
317,8,12.0666,-1.1583,0.4472,0.9707,-0.2405,0.0000,0.2405,0.9707,0.0000,0.0000,0.0000,1.0000,0.0831,0.2046,0.1050
317,9,12.1119,-1.1013,0.4544,0.9707,-0.2405,0.0000,0.2405,0.9707,0.0000,0.0000,0.0000,1.0000,0.0210,0.0279,0.0569
317,10,12.1401,-1.1700,0.4546,0.9707,-0.2405,0.0000,0.2405,0.9707,0.0000,0.0000,0.0000,1.0000,0.0210,0.0279,0.0569
318,0,11.4955,-0.9420,0.4400,0.9707,-0.2403,0.0000,0.2403,0.9707,0.0000,0.0000,0.0000,1.0000,0.2577,0.2263,0.1400
318,1,11.5041,-0.9411,0.6052,0.9707,-0.2403,0.0000,0.2403,0.9707,0.0000,0.0000,0.0000,1.0000,0.1100,0.2168,0.3052
318,2,11.5633,-1.0179,0.5173,0.9707,-0.2403,0.0000,0.2403,0.9707,0.0000,0.0000,0.0000,1.0000,0.1101,0.3070,0.2173
318,3,11.5425,-1.1948,0.5889,0.9707,-0.2403,0.0000,0.2403,0.9707,0.0000,0.0000,0.0000,1.0000,0.2836,0.2073,0.2889
318,4,11.6460,-1.2683,0.5062,0.9707,-0.2403,0.0000,0.2403,0.9707,0.0000,0.0000,0.0000,1.0000,0.2820,0.2947,0.2062
318,5,11.8416,-1.1758,0.6614,0.9707,-0.2403,0.0000,0.2403,0.9707,0.0000,0.0000,0.0000,1.0000,0.1112,0.2100,0.3614
318,6,11.9365,-1.1792,0.4265,0.9707,-0.2403,0.0000,0.2403,0.9707,0.0000,0.0000,0.0000,1.0000,0.1972,0.1336,0.1265
318,7,12.0443,-1.1972,0.4491,0.9707,-0.2403,0.0000,0.2403,0.9707,0.0000,0.0000,0.0000,1.0000,0.1624,0.1625,0.0548
318,8,12.0812,-1.1619,0.4472,0.9707,-0.2403,0.0000,0.2403,0.9707,0.0000,0.0000,0.0000,1.0000,0.0831,0.2046,0.1050
318,9,12.1266,-1.1048,0.4544,0.9707,-0.2403,0.0000,0.2403,0.9707,0.0000,0.0000,0.0000,1.0000,0.0210,0.0279,0.0569
318,10,12.1548,-1.1735,0.4546,0.9707,-0.2403,0.0000,0.2403,0.9707,0.0000,0.0000,0.0000,1.0000,0.0210,0.0279,0.0569
319,0,11.5103,-0.9456,0.4400,0.9708,-0.2401,0.0000,0.2401,0.9708,0.0000,0.0000,0.0000,1.0000,0.2577,0.2263,0.1400
319,1,11.5189,-0.9448,0.6052,0.9708,-0.2401,0.0000,0.2401,0.9708,0.0000,0.0000,0.0000,1.0000,0.1100,0.2168,0.3052
319,2,11.5781,-1.0215,0.5173,0.9708,-0.2401,0.0000,0.2401,0.9708,0.0000,0.0000,0.0000,1.0000,0.1101,0.3070,0.2173
319,3,11.5574,-1.1984,0.5889,0.9708,-0.2401,0.0000,0.2401,0.9708,0.0000,0.0000,0.0000,1.0000,0.2836,0.2073,0.2889
319,4,11.6609,-1.2719,0.5062,0.9708,-0.2401,0.0000,0.2401,0.9708,0.0000,0.0000,0.0000,1.0000,0.2820,0.2947,0.2062
319,5,11.8564,-1.1794,0.6614,0.9708,-0.2401,0.0000,0.2401,0.9708,0.0000,0.0000,0.0000,1.0000,0.1112,0.2100,0.3614
319,6,11.9514,-1.1828,0.4265,0.9708,-0.2401,0.0000,0.2401,0.9708,0.0000,0.0000,0.0000,1.0000,0.1972,0.1336,0.1265
319,7,12.0591,-1.2008,0.4491,0.9708,-0.2401,0.0000,0.2401,0.9708,0.0000,0.0000,0.0000,1.0000,0.1624,0.1625,0.0548
319,8,12.0961,-1.1654,0.4472,0.9708,-0.2401,0.0000,0.2401,0.9708,0.0000,0.0000,0.0000,1.0000,0.0831,0.2046,0.1050
319,9,12.1414,-1.1083,0.4544,0.9708,-0.2401,0.0000,0.2401,0.9708,0.0000,0.0000,0.0000,1.0000,0.0210,0.0279,0.0569
319,10,12.1696,-1.1770,0.4546,0.9708,-0.2401,0.0000,0.2401,0.9708,0.0000,0.0000,0.0000,1.0000,0.0210,0.0279,0.0569
320,0,0.4374,-0.0083,0.4400,1.0000,-0.0022,0.0000,0.0022,1.0000,0.0000,0.0000,0.0000,1.0000,0.2577,0.2263,0.1400
320,1,0.4455,-0.0055,0.6052,1.0000,-0.0022,0.0000,0.0022,1.0000,0.0000,0.0000,0.0000,1.0000,0.1100,0.2168,0.3052
320,2,0.5213,-0.0659,0.5173,1.0000,-0.0022,0.0000,0.0022,1.0000,0.0000,0.0000,0.0000,1.0000,0.1101,0.3070,0.2173
320,3,0.5433,-0.2427,0.5889,1.0000,-0.0022,0.0000,0.0022,1.0000,0.0000,0.0000,0.0000,1.0000,0.2836,0.2073,0.2889
320,4,0.6613,-0.2894,0.5062,1.0000,-0.0022,0.0000,0.0022,1.0000,0.0000,0.0000,0.0000,1.0000,0.2820,0.2947,0.2062
320,5,0.8292,-0.1530,0.6614,1.0000,-0.0022,0.0000,0.0022,1.0000,0.0000,0.0000,0.0000,1.0000,0.1112,0.2100,0.3614
320,6,0.9222,-0.1337,0.4265,1.0000,-0.0022,0.0000,0.0022,1.0000,0.0000,0.0000,0.0000,1.0000,0.1972,0.1336,0.1265
320,7,1.0312,-0.1256,0.4491,1.0000,-0.0022,0.0000,0.0022,1.0000,0.0000,0.0000,0.0000,1.0000,0.1624,0.1625,0.0548
320,8,1.0586,-0.0824,0.4472,1.0000,-0.0022,0.0000,0.0022,1.0000,0.0000,0.0000,0.0000,1.0000,0.0831,0.2046,0.1050
320,9,1.0891,-0.0162,0.4544,1.0000,-0.0022,0.0000,0.0022,1.0000,0.0000,0.0000,0.0000,1.0000,0.0210,0.0279,0.0569
320,10,1.1329,-0.0762,0.4546,1.0000,-0.0022,0.0000,0.0022,1.0000,0.0000,0.0000,0.0000,1.0000,0.0210,0.0279,0.0569
321,0,0.9052,-0.0099,0.4400,1.0000,-0.0049,0.0000,0.0049,1.0000,0.0000,0.0000,0.0000,1.0000,0.2577,0.2263,0.1400
321,1,0.9133,-0.0070,0.6052,1.0000,-0.0049,0.0000,0.0049,1.0000,0.0000,0.0000,0.0000,1.0000,0.1100,0.2168,0.3052
321,2,0.9889,-0.0677,0.5173,1.0000,-0.0049,0.0000,0.0049,1.0000,0.0000,0.0000,0.0000,1.0000,0.1101,0.3070,0.2173
321,3,1.0104,-0.2445,0.5889,1.0000,-0.0049,0.0000,0.0049,1.0000,0.0000,0.0000,0.0000,1.0000,0.2836,0.2073,0.2889
321,4,1.1283,-0.2916,0.5062,1.0000,-0.0049,0.0000,0.0049,1.0000,0.0000,0.0000,0.0000,1.0000,0.2820,0.2947,0.2062
321,5,1.2965,-0.1556,0.6614,1.0000,-0.0049,0.0000,0.0049,1.0000,0.0000,0.0000,0.0000,1.0000,0.1112,0.2100,0.3614
321,6,1.3896,-0.1366,0.4265,1.0000,-0.0049,0.0000,0.0049,1.0000,0.0000,0.0000,0.0000,1.0000,0.1972,0.1336,0.1265
321,7,1.4986,-0.1287,0.4491,1.0000,-0.0049,0.0000,0.0049,1.0000,0.0000,0.0000,0.0000,1.0000,0.1624,0.1625,0.0548
321,8,1.5262,-0.0857,0.4472,1.0000,-0.0049,0.0000,0.0049,1.0000,0.0000,0.0000,0.0000,1.0000,0.0831,0.2046,0.1050
321,9,1.5568,-0.0195,0.4544,1.0000,-0.0049,0.0000,0.0049,1.0000,0.0000,0.0000,0.0000,1.0000,0.0210,0.0279,0.0569
321,10,1.6004,-0.0796,0.4546,1.0000,-0.0049,0.0000,0.0049,1.0000,0.0000,0.0000,0.0000,1.0000,0.0210,0.0279,0.0569
322,0,1.3625,-0.0125,0.4400,1.0000,-0.0068,0.0000,0.0068,1.0000,0.0000,0.0000,0.0000,1.0000,0.2577,0.2263,0.1400
322,1,1.3706,-0.0097,0.6052,1.0000,-0.0068,0.0000,0.0068,1.0000,0.0000,0.0000,0.0000,1.0000,0.1100,0.2168,0.3052
322,2,1.4461,-0.0705,0.5173,1.0000,-0.0068,0.0000,0.0068,1.0000,0.0000,0.0000,0.0000,1.0000,0.1101,0.3070,0.2173
322,3,1.4673,-0.2473,0.5889,1.0000,-0.0068,0.0000,0.0068,1.0000,0.0000,0.0000,0.0000,1.0000,0.2836,0.2073,0.2889
322,4,1.5851,-0.2946,0.5062,1.0000,-0.0068,0.0000,0.0068,1.0000,0.0000,0.0000,0.0000,1.0000,0.2820,0.2947,0.2062
322,5,1.7536,-0.1590,0.6614,1.0000,-0.0068,0.0000,0.0068,1.0000,0.0000,0.0000,0.0000,1.0000,0.1112,0.2100,0.3614
322,6,1.8468,-0.1401,0.4265,1.0000,-0.0068,0.0000,0.0068,1.0000,0.0000,0.0000,0.0000,1.0000,0.1972,0.1336,0.1265
322,7,1.9557,-0.1324,0.4491,1.0000,-0.0068,0.0000,0.0068,1.0000,0.0000,0.0000,0.0000,1.0000,0.1624,0.1625,0.0548
322,8,1.9834,-0.0894,0.4472,1.0000,-0.0068,0.0000,0.0068,1.0000,0.0000,0.0000,0.0000,1.0000,0.0831,0.2046,0.1050
322,9,2.0142,-0.0233,0.4544,1.0000,-0.0068,0.0000,0.0068,1.0000,0.0000,0.0000,0.0000,1.0000,0.0210,0.0279,0.0569
322,10,2.0576,-0.0835,0.4546,1.0000,-0.0068,0.0000,0.0068,1.0000,0.0000,0.0000,0.0000,1.0000,0.0210,0.0279,0.0569
323,0,1.8094,-0.0159,0.4400,1.0000,-0.0090,0.0000,0.0090,1.0000,0.0000,0.0000,0.0000,1.0000,0.2577,0.2263,0.1400
323,1,1.8175,-0.0131,0.6052,1.0000,-0.0090,0.0000,0.0090,1.0000,0.0000,0.0000,0.0000,1.0000,0.1100,0.2168,0.3052
323,2,1.8929,-0.0741,0.5173,1.0000,-0.0090,0.0000,0.0090,1.0000,0.0000,0.0000,0.0000,1.0000,0.1101,0.3070,0.2173
323,3,1.9137,-0.2510,0.5889,1.0000,-0.0090,0.0000,0.0090,1.0000,0.0000,0.0000,0.0000,1.0000,0.2836,0.2073,0.2889
323,4,2.0314,-0.2985,0.5062,1.0000,-0.0090,0.0000,0.0090,1.0000,0.0000,0.0000,0.0000,1.0000,0.2820,0.2947,0.2062
323,5,2.2002,-0.1633,0.6614,1.0000,-0.0090,0.0000,0.0090,1.0000,0.0000,0.0000,0.0000,1.0000,0.1112,0.2100,0.3614
323,6,2.2934,-0.1446,0.4265,1.0000,-0.0090,0.0000,0.0090,1.0000,0.0000,0.0000,0.0000,1.0000,0.1972,0.1336,0.1265
323,7,2.4023,-0.1372,0.4491,1.0000,-0.0090,0.0000,0.0090,1.0000,0.0000,0.0000,0.0000,1.0000,0.1624,0.1625,0.0548
323,8,2.4301,-0.0942,0.4472,1.0000,-0.0090,0.0000,0.0090,1.0000,0.0000,0.0000,0.0000,1.0000,0.0831,0.2046,0.1050
323,9,2.4610,-0.0282,0.4544,1.0000,-0.0090,0.0000,0.0090,1.0000,0.0000,0.0000,0.0000,1.0000,0.0210,0.0279,0.0569
323,10,2.5044,-0.0885,0.4546,1.0000,-0.0090,0.0000,0.0090,1.0000,0.0000,0.0000,0.0000,1.0000,0.0210,0.0279,0.0569
324,0,2.2454,-0.0202,0.4400,0.9999,-0.0111,0.0000,0.0111,0.9999,0.0000,0.0000,0.0000,1.0000,0.2577,0.2263,0.1400
324,1,2.2536,-0.0174,0.6052,0.9999,-0.0111,0.0000,0.0111,0.9999,0.0000,0.0000,0.0000,1.0000,0.1100,0.2168,0.3052
324,2,2.3288,-0.0785,0.5173,0.9999,-0.0111,0.0000,0.0111,0.9999,0.0000,0.0000,0.0000,1.0000,0.1101,0.3070,0.2173
324,3,2.3492,-0.2555,0.5889,0.9999,-0.0111,0.0000,0.0111,0.9999,0.0000,0.0000,0.0000,1.0000,0.2836,0.2073,0.2889
324,4,2.4668,-0.3033,0.5062,0.9999,-0.0111,0.0000,0.0111,0.9999,0.0000,0.0000,0.0000,1.0000,0.2820,0.2947,0.2062
324,5,2.6359,-0.1684,0.6614,0.9999,-0.0111,0.0000,0.0111,0.9999,0.0000,0.0000,0.0000,1.0000,0.1112,0.2100,0.3614
324,6,2.7291,-0.1499,0.4265,0.9999,-0.0111,0.0000,0.0111,0.9999,0.0000,0.0000,0.0000,1.0000,0.1972,0.1336,0.1265
324,7,2.8381,-0.1427,0.4491,0.9999,-0.0111,0.0000,0.0111,0.9999,0.0000,0.0000,0.0000,1.0000,0.1624,0.1625,0.0548
324,8,2.8660,-0.0998,0.4472,0.9999,-0.0111,0.0000,0.0111,0.9999,0.0000,0.0000,0.0000,1.0000,0.0831,0.2046,0.1050
324,9,2.8970,-0.0338,0.4544,0.9999,-0.0111,0.0000,0.0111,0.9999,0.0000,0.0000,0.0000,1.0000,0.0210,0.0279,0.0569
324,10,2.9403,-0.0942,0.4546,0.9999,-0.0111,0.0000,0.0111,0.9999,0.0000,0.0000,0.0000,1.0000,0.0210,0.0279,0.0569
325,0,2.6690,-0.0254,0.4400,0.9999,-0.0138,0.0000,0.0138,0.9999,0.0000,0.0000,0.0000,1.0000,0.2577,0.2263,0.1400
325,1,2.6772,-0.0226,0.6052,0.9999,-0.0138,0.0000,0.0138,0.9999,0.0000,0.0000,0.0000,1.0000,0.1100,0.2168,0.3052
325,2,2.7522,-0.0839,0.5173,0.9999,-0.0138,0.0000,0.0138,0.9999,0.0000,0.0000,0.0000,1.0000,0.1101,0.3070,0.2173
325,3,2.7722,-0.2609,0.5889,0.9999,-0.0138,0.0000,0.0138,0.9999,0.0000,0.0000,0.0000,1.0000,0.2836,0.2073,0.2889
325,4,2.8896,-0.3091,0.5062,0.9999,-0.0138,0.0000,0.0138,0.9999,0.0000,0.0000,0.0000,1.0000,0.2820,0.2947,0.2062
325,5,3.0591,-0.1746,0.6614,0.9999,-0.0138,0.0000,0.0138,0.9999,0.0000,0.0000,0.0000,1.0000,0.1112,0.2100,0.3614
325,6,3.1523,-0.1564,0.4265,0.9999,-0.0138,0.0000,0.0138,0.9999,0.0000,0.0000,0.0000,1.0000,0.1972,0.1336,0.1265
325,7,3.2614,-0.1495,0.4491,0.9999,-0.0138,0.0000,0.0138,0.9999,0.0000,0.0000,0.0000,1.0000,0.1624,0.1625,0.0548
325,8,3.2893,-0.1067,0.4472,0.9999,-0.0138,0.0000,0.0138,0.9999,0.0000,0.0000,0.0000,1.0000,0.0831,0.2046,0.1050
325,9,3.3206,-0.0408,0.4544,0.9999,-0.0138,0.0000,0.0138,0.9999,0.0000,0.0000,0.0000,1.0000,0.0210,0.0279,0.0569
325,10,3.3636,-0.1013,0.4546,0.9999,-0.0138,0.0000,0.0138,0.9999,0.0000,0.0000,0.0000,1.0000,0.0210,0.0279,0.0569
326,0,3.0778,-0.0315,0.4400,0.9999,-0.0165,0.0000,0.0165,0.9999,0.0000,0.0000,0.0000,1.0000,0.2577,0.2263,0.1400
326,1,3.0859,-0.0287,0.6052,0.9999,-0.0165,0.0000,0.0165,0.9999,0.0000,0.0000,0.0000,1.0000,0.1100,0.2168,0.3052
326,2,3.1608,-0.0902,0.5173,0.9999,-0.0165,0.0000,0.0165,0.9999,0.0000,0.0000,0.0000,1.0000,0.1101,0.3070,0.2173
326,3,3.1803,-0.2673,0.5889,0.9999,-0.0165,0.0000,0.0165,0.9999,0.0000,0.0000,0.0000,1.0000,0.2836,0.2073,0.2889
326,4,3.2976,-0.3157,0.5062,0.9999,-0.0165,0.0000,0.0165,0.9999,0.0000,0.0000,0.0000,1.0000,0.2820,0.2947,0.2062
326,5,3.4674,-0.1817,0.6614,0.9999,-0.0165,0.0000,0.0165,0.9999,0.0000,0.0000,0.0000,1.0000,0.1112,0.2100,0.3614
326,6,3.5607,-0.1637,0.4265,0.9999,-0.0165,0.0000,0.0165,0.9999,0.0000,0.0000,0.0000,1.0000,0.1972,0.1336,0.1265
326,7,3.6698,-0.1571,0.4491,0.9999,-0.0165,0.0000,0.0165,0.9999,0.0000,0.0000,0.0000,1.0000,0.1624,0.1625,0.0548
326,8,3.6979,-0.1144,0.4472,0.9999,-0.0165,0.0000,0.0165,0.9999,0.0000,0.0000,0.0000,1.0000,0.0831,0.2046,0.1050
326,9,3.7293,-0.0486,0.4544,0.9999,-0.0165,0.0000,0.0165,0.9999,0.0000,0.0000,0.0000,1.0000,0.0210,0.0279,0.0569
326,10,3.7722,-0.1092,0.4546,0.9999,-0.0165,0.0000,0.0165,0.9999,0.0000,0.0000,0.0000,1.0000,0.0210,0.0279,0.0569
327,0,3.4690,-0.0382,0.4400,0.9998,-0.0184,0.0000,0.0184,0.9998,0.0000,0.0000,0.0000,1.0000,0.2577,0.2263,0.1400
327,1,3.4771,-0.0354,0.6052,0.9998,-0.0184,0.0000,0.0184,0.9998,0.0000,0.0000,0.0000,1.0000,0.1100,0.2168,0.3052
327,2,3.5519,-0.0971,0.5173,0.9998,-0.0184,0.0000,0.0184,0.9998,0.0000,0.0000,0.0000,1.0000,0.1101,0.3070,0.2173
327,3,3.5710,-0.2742,0.5889,0.9998,-0.0184,0.0000,0.0184,0.9998,0.0000,0.0000,0.0000,1.0000,0.2836,0.2073,0.2889
327,4,3.6883,-0.3229,0.5062,0.9998,-0.0184,0.0000,0.0184,0.9998,0.0000,0.0000,0.0000,1.0000,0.2820,0.2947,0.2062
327,5,3.8584,-0.1892,0.6614,0.9998,-0.0184,0.0000,0.0184,0.9998,0.0000,0.0000,0.0000,1.0000,0.1112,0.2100,0.3614
327,6,3.9517,-0.1714,0.4265,0.9998,-0.0184,0.0000,0.0184,0.9998,0.0000,0.0000,0.0000,1.0000,0.1972,0.1336,0.1265
327,7,4.0607,-0.1650,0.4491,0.9998,-0.0184,0.0000,0.0184,0.9998,0.0000,0.0000,0.0000,1.0000,0.1624,0.1625,0.0548
327,8,4.0889,-0.1223,0.4472,0.9998,-0.0184,0.0000,0.0184,0.9998,0.0000,0.0000,0.0000,1.0000,0.0831,0.2046,0.1050
327,9,4.1204,-0.0565,0.4544,0.9998,-0.0184,0.0000,0.0184,0.9998,0.0000,0.0000,0.0000,1.0000,0.0210,0.0279,0.0569
327,10,4.1632,-0.1172,0.4546,0.9998,-0.0184,0.0000,0.0184,0.9998,0.0000,0.0000,0.0000,1.0000,0.0210,0.0279,0.0569
328,0,3.8400,-0.0454,0.4400,0.9998,-0.0212,0.0000,0.0212,0.9998,0.0000,0.0000,0.0000,1.0000,0.2577,0.2263,0.1400
328,1,3.8481,-0.0427,0.6052,0.9998,-0.0212,0.0000,0.0212,0.9998,0.0000,0.0000,0.0000,1.0000,0.1100,0.2168,0.3052
328,2,3.9227,-0.1046,0.5173,0.9998,-0.0212,0.0000,0.0212,0.9998,0.0000,0.0000,0.0000,1.0000,0.1101,0.3070,0.2173
328,3,3.9414,-0.2817,0.5889,0.9998,-0.0212,0.0000,0.0212,0.9998,0.0000,0.0000,0.0000,1.0000,0.2836,0.2073,0.2889
328,4,4.0585,-0.3307,0.5062,0.9998,-0.0212,0.0000,0.0212,0.9998,0.0000,0.0000,0.0000,1.0000,0.2820,0.2947,0.2062
328,5,4.2289,-0.1975,0.6614,0.9998,-0.0212,0.0000,0.0212,0.9998,0.0000,0.0000,0.0000,1.0000,0.1112,0.2100,0.3614
328,6,4.3223,-0.1800,0.4265,0.9998,-0.0212,0.0000,0.0212,0.9998,0.0000,0.0000,0.0000,1.0000,0.1972,0.1336,0.1265
328,7,4.4314,-0.1739,0.4491,0.9998,-0.0212,0.0000,0.0212,0.9998,0.0000,0.0000,0.0000,1.0000,0.1624,0.1625,0.0548
328,8,4.4597,-0.1313,0.4472,0.9998,-0.0212,0.0000,0.0212,0.9998,0.0000,0.0000,0.0000,1.0000,0.0831,0.2046,0.1050
328,9,4.4914,-0.0656,0.4544,0.9998,-0.0212,0.0000,0.0212,0.9998,0.0000,0.0000,0.0000,1.0000,0.0210,0.0279,0.0569
328,10,4.5340,-0.1264,0.4546,0.9998,-0.0212,0.0000,0.0212,0.9998,0.0000,0.0000,0.0000,1.0000,0.0210,0.0279,0.0569
329,0,4.1890,-0.0531,0.4400,0.9997,-0.0238,0.0000,0.0238,0.9997,0.0000,0.0000,0.0000,1.0000,0.2577,0.2263,0.1400
329,1,4.1972,-0.0504,0.6052,0.9997,-0.0238,0.0000,0.0238,0.9997,0.0000,0.0000,0.0000,1.0000,0.1100,0.2168,0.3052
329,2,4.2716,-0.1125,0.5173,0.9997,-0.0238,0.0000,0.0238,0.9997,0.0000,0.0000,0.0000,1.0000,0.1101,0.3070,0.2173
329,3,4.2898,-0.2897,0.5889,0.9997,-0.0238,0.0000,0.0238,0.9997,0.0000,0.0000,0.0000,1.0000,0.2836,0.2073,0.2889
329,4,4.4068,-0.3390,0.5062,0.9997,-0.0238,0.0000,0.0238,0.9997,0.0000,0.0000,0.0000,1.0000,0.2820,0.2947,0.2062
329,5,4.5776,-0.2062,0.6614,0.9997,-0.0238,0.0000,0.0238,0.9997,0.0000,0.0000,0.0000,1.0000,0.1112,0.2100,0.3614
329,6,4.6710,-0.1889,0.4265,0.9997,-0.0238,0.0000,0.0238,0.9997,0.0000,0.0000,0.0000,1.0000,0.1972,0.1336,0.1265
329,7,4.7801,-0.1831,0.4491,0.9997,-0.0238,0.0000,0.0238,0.9997,0.0000,0.0000,0.0000,1.0000,0.1624,0.1625,0.0548
329,8,4.8085,-0.1406,0.4472,0.9997,-0.0238,0.0000,0.0238,0.9997,0.0000,0.0000,0.0000,1.0000,0.0831,0.2046,0.1050
329,9,4.8404,-0.0750,0.4544,0.9997,-0.0238,0.0000,0.0238,0.9997,0.0000,0.0000,0.0000,1.0000,0.0210,0.0279,0.0569
329,10,4.8828,-0.1359,0.4546,0.9997,-0.0238,0.0000,0.0238,0.9997,0.0000,0.0000,0.0000,1.0000,0.0210,0.0279,0.0569
330,0,4.5152,-0.0612,0.4400,0.9997,-0.0261,0.0000,0.0261,0.9997,0.0000,0.0000,0.0000,1.0000,0.2577,0.2263,0.1400
330,1,4.5233,-0.0585,0.6052,0.9997,-0.0261,0.0000,0.0261,0.9997,0.0000,0.0000,0.0000,1.0000,0.1100,0.2168,0.3052
330,2,4.5976,-0.1207,0.5173,0.9997,-0.0261,0.0000,0.0261,0.9997,0.0000,0.0000,0.0000,1.0000,0.1101,0.3070,0.2173
330,3,4.6154,-0.2980,0.5889,0.9997,-0.0261,0.0000,0.0261,0.9997,0.0000,0.0000,0.0000,1.0000,0.2836,0.2073,0.2889
330,4,4.7323,-0.3475,0.5062,0.9997,-0.0261,0.0000,0.0261,0.9997,0.0000,0.0000,0.0000,1.0000,0.2820,0.2947,0.2062
330,5,4.9034,-0.2152,0.6614,0.9997,-0.0261,0.0000,0.0261,0.9997,0.0000,0.0000,0.0000,1.0000,0.1112,0.2100,0.3614
330,6,4.9969,-0.1981,0.4265,0.9997,-0.0261,0.0000,0.0261,0.9997,0.0000,0.0000,0.0000,1.0000,0.1972,0.1336,0.1265
330,7,5.1059,-0.1925,0.4491,0.9997,-0.0261,0.0000,0.0261,0.9997,0.0000,0.0000,0.0000,1.0000,0.1624,0.1625,0.0548
330,8,5.1345,-0.1501,0.4472,0.9997,-0.0261,0.0000,0.0261,0.9997,0.0000,0.0000,0.0000,1.0000,0.0831,0.2046,0.1050
330,9,5.1665,-0.0846,0.4544,0.9997,-0.0261,0.0000,0.0261,0.9997,0.0000,0.0000,0.0000,1.0000,0.0210,0.0279,0.0569
330,10,5.2088,-0.1456,0.4546,0.9997,-0.0261,0.0000,0.0261,0.9997,0.0000,0.0000,0.0000,1.0000,0.0210,0.0279,0.0569
331,0,4.8183,-0.0693,0.4400,0.9996,-0.0282,0.0000,0.0282,0.9996,0.0000,0.0000,0.0000,1.0000,0.2577,0.2263,0.1400
331,1,4.8265,-0.0666,0.6052,0.9996,-0.0282,0.0000,0.0282,0.9996,0.0000,0.0000,0.0000,1.0000,0.1100,0.2168,0.3052
331,2,4.9007,-0.1290,0.5173,0.9996,-0.0282,0.0000,0.0282,0.9996,0.0000,0.0000,0.0000,1.0000,0.1101,0.3070,0.2173
331,3,4.9181,-0.3063,0.5889,0.9996,-0.0282,0.0000,0.0282,0.9996,0.0000,0.0000,0.0000,1.0000,0.2836,0.2073,0.2889
331,4,5.0348,-0.3561,0.5062,0.9996,-0.0282,0.0000,0.0282,0.9996,0.0000,0.0000,0.0000,1.0000,0.2820,0.2947,0.2062
331,5,5.2062,-0.2241,0.6614,0.9996,-0.0282,0.0000,0.0282,0.9996,0.0000,0.0000,0.0000,1.0000,0.1112,0.2100,0.3614
331,6,5.2997,-0.2072,0.4265,0.9996,-0.0282,0.0000,0.0282,0.9996,0.0000,0.0000,0.0000,1.0000,0.1972,0.1336,0.1265
331,7,5.4088,-0.2019,0.4491,0.9996,-0.0282,0.0000,0.0282,0.9996,0.0000,0.0000,0.0000,1.0000,0.1624,0.1625,0.0548
331,8,5.4374,-0.1595,0.4472,0.9996,-0.0282,0.0000,0.0282,0.9996,0.0000,0.0000,0.0000,1.0000,0.0831,0.2046,0.1050
331,9,5.4696,-0.0941,0.4544,0.9996,-0.0282,0.0000,0.0282,0.9996,0.0000,0.0000,0.0000,1.0000,0.0210,0.0279,0.0569
331,10,5.5118,-0.1552,0.4546,0.9996,-0.0282,0.0000,0.0282,0.9996,0.0000,0.0000,0.0000,1.0000,0.0210,0.0279,0.0569
332,0,5.0987,-0.0774,0.4400,0.9995,-0.0305,0.0000,0.0305,0.9995,0.0000,0.0000,0.0000,1.0000,0.2577,0.2263,0.1400
332,1,5.1069,-0.0748,0.6052,0.9995,-0.0305,0.0000,0.0305,0.9995,0.0000,0.0000,0.0000,1.0000,0.1100,0.2168,0.3052
332,2,5.1809,-0.1374,0.5173,0.9995,-0.0305,0.0000,0.0305,0.9995,0.0000,0.0000,0.0000,1.0000,0.1101,0.3070,0.2173
332,3,5.1979,-0.3147,0.5889,0.9995,-0.0305,0.0000,0.0305,0.9995,0.0000,0.0000,0.0000,1.0000,0.2836,0.2073,0.2889
332,4,5.3146,-0.3647,0.5062,0.9995,-0.0305,0.0000,0.0305,0.9995,0.0000,0.0000,0.0000,1.0000,0.2820,0.2947,0.2062
332,5,5.4862,-0.2331,0.6614,0.9995,-0.0305,0.0000,0.0305,0.9995,0.0000,0.0000,0.0000,1.0000,0.1112,0.2100,0.3614
332,6,5.5798,-0.2165,0.4265,0.9995,-0.0305,0.0000,0.0305,0.9995,0.0000,0.0000,0.0000,1.0000,0.1972,0.1336,0.1265
332,7,5.6889,-0.2114,0.4491,0.9995,-0.0305,0.0000,0.0305,0.9995,0.0000,0.0000,0.0000,1.0000,0.1624,0.1625,0.0548
332,8,5.7176,-0.1690,0.4472,0.9995,-0.0305,0.0000,0.0305,0.9995,0.0000,0.0000,0.0000,1.0000,0.0831,0.2046,0.1050
332,9,5.7499,-0.1037,0.4544,0.9995,-0.0305,0.0000,0.0305,0.9995,0.0000,0.0000,0.0000,1.0000,0.0210,0.0279,0.0569
332,10,5.7920,-0.1649,0.4546,0.9995,-0.0305,0.0000,0.0305,0.9995,0.0000,0.0000,0.0000,1.0000,0.0210,0.0279,0.0569
333,0,5.3565,-0.0854,0.4400,0.9995,-0.0324,0.0000,0.0324,0.9995,0.0000,0.0000,0.0000,1.0000,0.2577,0.2263,0.1400
333,1,5.3647,-0.0828,0.6052,0.9995,-0.0324,0.0000,0.0324,0.9995,0.0000,0.0000,0.0000,1.0000,0.1100,0.2168,0.3052
333,2,5.4386,-0.1455,0.5173,0.9995,-0.0324,0.0000,0.0324,0.9995,0.0000,0.0000,0.0000,1.0000,0.1101,0.3070,0.2173
333,3,5.4553,-0.3229,0.5889,0.9995,-0.0324,0.0000,0.0324,0.9995,0.0000,0.0000,0.0000,1.0000,0.2836,0.2073,0.2889
333,4,5.5718,-0.3732,0.5062,0.9995,-0.0324,0.0000,0.0324,0.9995,0.0000,0.0000,0.0000,1.0000,0.2820,0.2947,0.2062
333,5,5.7437,-0.2419,0.6614,0.9995,-0.0324,0.0000,0.0324,0.9995,0.0000,0.0000,0.0000,1.0000,0.1112,0.2100,0.3614
333,6,5.8373,-0.2254,0.4265,0.9995,-0.0324,0.0000,0.0324,0.9995,0.0000,0.0000,0.0000,1.0000,0.1972,0.1336,0.1265
333,7,5.9464,-0.2205,0.4491,0.9995,-0.0324,0.0000,0.0324,0.9995,0.0000,0.0000,0.0000,1.0000,0.1624,0.1625,0.0548
333,8,5.9752,-0.1783,0.4472,0.9995,-0.0324,0.0000,0.0324,0.9995,0.0000,0.0000,0.0000,1.0000,0.0831,0.2046,0.1050
333,9,6.0077,-0.1130,0.4544,0.9995,-0.0324,0.0000,0.0324,0.9995,0.0000,0.0000,0.0000,1.0000,0.0210,0.0279,0.0569
333,10,6.0496,-0.1743,0.4546,0.9995,-0.0324,0.0000,0.0324,0.9995,0.0000,0.0000,0.0000,1.0000,0.0210,0.0279,0.0569
334,0,5.5920,-0.0932,0.4400,0.9994,-0.0341,0.0000,0.0341,0.9994,0.0000,0.0000,0.0000,1.0000,0.2577,0.2263,0.1400
334,1,5.6002,-0.0906,0.6052,0.9994,-0.0341,0.0000,0.0341,0.9994,0.0000,0.0000,0.0000,1.0000,0.1100,0.2168,0.3052
334,2,5.6740,-0.1534,0.5173,0.9994,-0.0341,0.0000,0.0341,0.9994,0.0000,0.0000,0.0000,1.0000,0.1101,0.3070,0.2173
334,3,5.6904,-0.3308,0.5889,0.9994,-0.0341,0.0000,0.0341,0.9994,0.0000,0.0000,0.0000,1.0000,0.2836,0.2073,0.2889
334,4,5.8068,-0.3813,0.5062,0.9994,-0.0341,0.0000,0.0341,0.9994,0.0000,0.0000,0.0000,1.0000,0.2820,0.2947,0.2062
334,5,5.9790,-0.2503,0.6614,0.9994,-0.0341,0.0000,0.0341,0.9994,0.0000,0.0000,0.0000,1.0000,0.1112,0.2100,0.3614
334,6,6.0726,-0.2340,0.4265,0.9994,-0.0341,0.0000,0.0341,0.9994,0.0000,0.0000,0.0000,1.0000,0.1972,0.1336,0.1265
334,7,6.1817,-0.2293,0.4491,0.9994,-0.0341,0.0000,0.0341,0.9994,0.0000,0.0000,0.0000,1.0000,0.1624,0.1625,0.0548
334,8,6.2106,-0.1870,0.4472,0.9994,-0.0341,0.0000,0.0341,0.9994,0.0000,0.0000,0.0000,1.0000,0.0831,0.2046,0.1050
334,9,6.2431,-0.1218,0.4544,0.9994,-0.0341,0.0000,0.0341,0.9994,0.0000,0.0000,0.0000,1.0000,0.0210,0.0279,0.0569
334,10,6.2849,-0.1832,0.4546,0.9994,-0.0341,0.0000,0.0341,0.9994,0.0000,0.0000,0.0000,1.0000,0.0210,0.0279,0.0569
335,0,5.8057,-0.1006,0.4400,0.9994,-0.0357,0.0000,0.0357,0.9994,0.0000,0.0000,0.0000,1.0000,0.2577,0.2263,0.1400
335,1,5.8139,-0.0980,0.6052,0.9994,-0.0357,0.0000,0.0357,0.9994,0.0000,0.0000,0.0000,1.0000,0.1100,0.2168,0.3052
335,2,5.8876,-0.1610,0.5173,0.9994,-0.0357,0.0000,0.0357,0.9994,0.0000,0.0000,0.0000,1.0000,0.1101,0.3070,0.2173
335,3,5.9037,-0.3383,0.5889,0.9994,-0.0357,0.0000,0.0357,0.9994,0.0000,0.0000,0.0000,1.0000,0.2836,0.2073,0.2889
335,4,6.0200,-0.3890,0.5062,0.9994,-0.0357,0.0000,0.0357,0.9994,0.0000,0.0000,0.0000,1.0000,0.2820,0.2947,0.2062
335,5,6.1924,-0.2583,0.6614,0.9994,-0.0357,0.0000,0.0357,0.9994,0.0000,0.0000,0.0000,1.0000,0.1112,0.2100,0.3614
335,6,6.2861,-0.2421,0.4265,0.9994,-0.0357,0.0000,0.0357,0.9994,0.0000,0.0000,0.0000,1.0000,0.1972,0.1336,0.1265
335,7,6.3952,-0.2376,0.4491,0.9994,-0.0357,0.0000,0.0357,0.9994,0.0000,0.0000,0.0000,1.0000,0.1624,0.1625,0.0548
335,8,6.4241,-0.1954,0.4472,0.9994,-0.0357,0.0000,0.0357,0.9994,0.0000,0.0000,0.0000,1.0000,0.0831,0.2046,0.1050
335,9,6.4568,-0.1303,0.4544,0.9994,-0.0357,0.0000,0.0357,0.9994,0.0000,0.0000,0.0000,1.0000,0.0210,0.0279,0.0569
335,10,6.4985,-0.1917,0.4546,0.9994,-0.0357,0.0000,0.0357,0.9994,0.0000,0.0000,0.0000,1.0000,0.0210,0.0279,0.0569
336,0,5.9983,-0.1075,0.4400,0.9993,-0.0372,0.0000,0.0372,0.9993,0.0000,0.0000,0.0000,1.0000,0.2577,0.2263,0.1400
336,1,6.0065,-0.1049,0.6052,0.9993,-0.0372,0.0000,0.0372,0.9993,0.0000,0.0000,0.0000,1.0000,0.1100,0.2168,0.3052
336,2,6.0801,-0.1680,0.5173,0.9993,-0.0372,0.0000,0.0372,0.9993,0.0000,0.0000,0.0000,1.0000,0.1101,0.3070,0.2173
336,3,6.0959,-0.3454,0.5889,0.9993,-0.0372,0.0000,0.0372,0.9993,0.0000,0.0000,0.0000,1.0000,0.2836,0.2073,0.2889
336,4,6.2122,-0.3963,0.5062,0.9993,-0.0372,0.0000,0.0372,0.9993,0.0000,0.0000,0.0000,1.0000,0.2820,0.2947,0.2062
336,5,6.3847,-0.2658,0.6614,0.9993,-0.0372,0.0000,0.0372,0.9993,0.0000,0.0000,0.0000,1.0000,0.1112,0.2100,0.3614
336,6,6.4784,-0.2498,0.4265,0.9993,-0.0372,0.0000,0.0372,0.9993,0.0000,0.0000,0.0000,1.0000,0.1972,0.1336,0.1265
336,7,6.5875,-0.2454,0.4491,0.9993,-0.0372,0.0000,0.0372,0.9993,0.0000,0.0000,0.0000,1.0000,0.1624,0.1625,0.0548
336,8,6.6165,-0.2033,0.4472,0.9993,-0.0372,0.0000,0.0372,0.9993,0.0000,0.0000,0.0000,1.0000,0.0831,0.2046,0.1050
336,9,6.6493,-0.1382,0.4544,0.9993,-0.0372,0.0000,0.0372,0.9993,0.0000,0.0000,0.0000,1.0000,0.0210,0.0279,0.0569
336,10,6.6909,-0.1996,0.4546,0.9993,-0.0372,0.0000,0.0372,0.9993,0.0000,0.0000,0.0000,1.0000,0.0210,0.0279,0.0569
337,0,6.1702,-0.1140,0.4400,0.9993,-0.0383,0.0000,0.0383,0.9993,0.0000,0.0000,0.0000,1.0000,0.2577,0.2263,0.1400
337,1,6.1784,-0.1114,0.6052,0.9993,-0.0383,0.0000,0.0383,0.9993,0.0000,0.0000,0.0000,1.0000,0.1100,0.2168,0.3052
337,2,6.2519,-0.1746,0.5173,0.9993,-0.0383,0.0000,0.0383,0.9993,0.0000,0.0000,0.0000,1.0000,0.1101,0.3070,0.2173
337,3,6.2675,-0.3520,0.5889,0.9993,-0.0383,0.0000,0.0383,0.9993,0.0000,0.0000,0.0000,1.0000,0.2836,0.2073,0.2889
337,4,6.3837,-0.4030,0.5062,0.9993,-0.0383,0.0000,0.0383,0.9993,0.0000,0.0000,0.0000,1.0000,0.2820,0.2947,0.2062
337,5,6.5565,-0.2727,0.6614,0.9993,-0.0383,0.0000,0.0383,0.9993,0.0000,0.0000,0.0000,1.0000,0.1112,0.2100,0.3614
337,6,6.6501,-0.2568,0.4265,0.9993,-0.0383,0.0000,0.0383,0.9993,0.0000,0.0000,0.0000,1.0000,0.1972,0.1336,0.1265
337,7,6.7593,-0.2526,0.4491,0.9993,-0.0383,0.0000,0.0383,0.9993,0.0000,0.0000,0.0000,1.0000,0.1624,0.1625,0.0548
337,8,6.7883,-0.2105,0.4472,0.9993,-0.0383,0.0000,0.0383,0.9993,0.0000,0.0000,0.0000,1.0000,0.0831,0.2046,0.1050
337,9,6.8211,-0.1454,0.4544,0.9993,-0.0383,0.0000,0.0383,0.9993,0.0000,0.0000,0.0000,1.0000,0.0210,0.0279,0.0569
337,10,6.8627,-0.2069,0.4546,0.9993,-0.0383,0.0000,0.0383,0.9993,0.0000,0.0000,0.0000,1.0000,0.0210,0.0279,0.0569
338,0,6.3219,-0.1198,0.4400,0.9992,-0.0394,0.0000,0.0394,0.9992,0.0000,0.0000,0.0000,1.0000,0.2577,0.2263,0.1400
338,1,6.3301,-0.1173,0.6052,0.9992,-0.0394,0.0000,0.0394,0.9992,0.0000,0.0000,0.0000,1.0000,0.1100,0.2168,0.3052
338,2,6.4036,-0.1805,0.5173,0.9992,-0.0394,0.0000,0.0394,0.9992,0.0000,0.0000,0.0000,1.0000,0.1101,0.3070,0.2173
338,3,6.4190,-0.3580,0.5889,0.9992,-0.0394,0.0000,0.0394,0.9992,0.0000,0.0000,0.0000,1.0000,0.2836,0.2073,0.2889
338,4,6.5352,-0.4091,0.5062,0.9992,-0.0394,0.0000,0.0394,0.9992,0.0000,0.0000,0.0000,1.0000,0.2820,0.2947,0.2062
338,5,6.7081,-0.2790,0.6614,0.9992,-0.0394,0.0000,0.0394,0.9992,0.0000,0.0000,0.0000,1.0000,0.1112,0.2100,0.3614
338,6,6.8018,-0.2632,0.4265,0.9992,-0.0394,0.0000,0.0394,0.9992,0.0000,0.0000,0.0000,1.0000,0.1972,0.1336,0.1265
338,7,6.9109,-0.2591,0.4491,0.9992,-0.0394,0.0000,0.0394,0.9992,0.0000,0.0000,0.0000,1.0000,0.1624,0.1625,0.0548
338,8,6.9400,-0.2170,0.4472,0.9992,-0.0394,0.0000,0.0394,0.9992,0.0000,0.0000,0.0000,1.0000,0.0831,0.2046,0.1050
338,9,6.9729,-0.1519,0.4544,0.9992,-0.0394,0.0000,0.0394,0.9992,0.0000,0.0000,0.0000,1.0000,0.0210,0.0279,0.0569
338,10,7.0144,-0.2135,0.4546,0.9992,-0.0394,0.0000,0.0394,0.9992,0.0000,0.0000,0.0000,1.0000,0.0210,0.0279,0.0569
339,0,6.4544,-0.1251,0.4400,0.9992,-0.0402,0.0000,0.0402,0.9992,0.0000,0.0000,0.0000,1.0000,0.2577,0.2263,0.1400
339,1,6.4626,-0.1225,0.6052,0.9992,-0.0402,0.0000,0.0402,0.9992,0.0000,0.0000,0.0000,1.0000,0.1100,0.2168,0.3052
339,2,6.5360,-0.1858,0.5173,0.9992,-0.0402,0.0000,0.0402,0.9992,0.0000,0.0000,0.0000,1.0000,0.1101,0.3070,0.2173
339,3,6.5513,-0.3633,0.5889,0.9992,-0.0402,0.0000,0.0402,0.9992,0.0000,0.0000,0.0000,1.0000,0.2836,0.2073,0.2889
339,4,6.6674,-0.4145,0.5062,0.9992,-0.0402,0.0000,0.0402,0.9992,0.0000,0.0000,0.0000,1.0000,0.2820,0.2947,0.2062
339,5,6.8404,-0.2845,0.6614,0.9992,-0.0402,0.0000,0.0402,0.9992,0.0000,0.0000,0.0000,1.0000,0.1112,0.2100,0.3614
339,6,6.9341,-0.2688,0.4265,0.9992,-0.0402,0.0000,0.0402,0.9992,0.0000,0.0000,0.0000,1.0000,0.1972,0.1336,0.1265
339,7,7.0432,-0.2648,0.4491,0.9992,-0.0402,0.0000,0.0402,0.9992,0.0000,0.0000,0.0000,1.0000,0.1624,0.1625,0.0548
339,8,7.0723,-0.2227,0.4472,0.9992,-0.0402,0.0000,0.0402,0.9992,0.0000,0.0000,0.0000,1.0000,0.0831,0.2046,0.1050
339,9,7.1053,-0.1577,0.4544,0.9992,-0.0402,0.0000,0.0402,0.9992,0.0000,0.0000,0.0000,1.0000,0.0210,0.0279,0.0569
339,10,7.1467,-0.2193,0.4546,0.9992,-0.0402,0.0000,0.0402,0.9992,0.0000,0.0000,0.0000,1.0000,0.0210,0.0279,0.0569
340,0,6.5684,-0.1297,0.4400,0.9992,-0.0410,0.0000,0.0410,0.9992,0.0000,0.0000,0.0000,1.0000,0.2577,0.2263,0.1400
340,1,6.5766,-0.1271,0.6052,0.9992,-0.0410,0.0000,0.0410,0.9992,0.0000,0.0000,0.0000,1.0000,0.1100,0.2168,0.3052
340,2,6.6500,-0.1905,0.5173,0.9992,-0.0410,0.0000,0.0410,0.9992,0.0000,0.0000,0.0000,1.0000,0.1101,0.3070,0.2173
340,3,6.6651,-0.3679,0.5889,0.9992,-0.0410,0.0000,0.0410,0.9992,0.0000,0.0000,0.0000,1.0000,0.2836,0.2073,0.2889
340,4,6.7812,-0.4192,0.5062,0.9992,-0.0410,0.0000,0.0410,0.9992,0.0000,0.0000,0.0000,1.0000,0.2820,0.2947,0.2062
340,5,6.9543,-0.2894,0.6614,0.9992,-0.0410,0.0000,0.0410,0.9992,0.0000,0.0000,0.0000,1.0000,0.1112,0.2100,0.3614
340,6,7.0480,-0.2738,0.4265,0.9992,-0.0410,0.0000,0.0410,0.9992,0.0000,0.0000,0.0000,1.0000,0.1972,0.1336,0.1265
340,7,7.1572,-0.2698,0.4491,0.9992,-0.0410,0.0000,0.0410,0.9992,0.0000,0.0000,0.0000,1.0000,0.1624,0.1625,0.0548
340,8,7.1863,-0.2278,0.4472,0.9992,-0.0410,0.0000,0.0410,0.9992,0.0000,0.0000,0.0000,1.0000,0.0831,0.2046,0.1050
340,9,7.2193,-0.1628,0.4544,0.9992,-0.0410,0.0000,0.0410,0.9992,0.0000,0.0000,0.0000,1.0000,0.0210,0.0279,0.0569
340,10,7.2607,-0.2244,0.4546,0.9992,-0.0410,0.0000,0.0410,0.9992,0.0000,0.0000,0.0000,1.0000,0.0210,0.0279,0.0569
341,0,6.6654,-0.1337,0.4400,0.9991,-0.0416,0.0000,0.0416,0.9991,0.0000,0.0000,0.0000,1.0000,0.2577,0.2263,0.1400
341,1,6.6736,-0.1311,0.6052,0.9991,-0.0416,0.0000,0.0416,0.9991,0.0000,0.0000,0.0000,1.0000,0.1100,0.2168,0.3052
341,2,6.7469,-0.1945,0.5173,0.9991,-0.0416,0.0000,0.0416,0.9991,0.0000,0.0000,0.0000,1.0000,0.1101,0.3070,0.2173
341,3,6.7619,-0.3720,0.5889,0.9991,-0.0416,0.0000,0.0416,0.9991,0.0000,0.0000,0.0000,1.0000,0.2836,0.2073,0.2889
341,4,6.8780,-0.4234,0.5062,0.9991,-0.0416,0.0000,0.0416,0.9991,0.0000,0.0000,0.0000,1.0000,0.2820,0.2947,0.2062
341,5,7.0511,-0.2937,0.6614,0.9991,-0.0416,0.0000,0.0416,0.9991,0.0000,0.0000,0.0000,1.0000,0.1112,0.2100,0.3614
341,6,7.1449,-0.2780,0.4265,0.9991,-0.0416,0.0000,0.0416,0.9991,0.0000,0.0000,0.0000,1.0000,0.1972,0.1336,0.1265
341,7,7.2540,-0.2742,0.4491,0.9991,-0.0416,0.0000,0.0416,0.9991,0.0000,0.0000,0.0000,1.0000,0.1624,0.1625,0.0548
341,8,7.2832,-0.2322,0.4472,0.9991,-0.0416,0.0000,0.0416,0.9991,0.0000,0.0000,0.0000,1.0000,0.0831,0.2046,0.1050
341,9,7.3162,-0.1672,0.4544,0.9991,-0.0416,0.0000,0.0416,0.9991,0.0000,0.0000,0.0000,1.0000,0.0210,0.0279,0.0569
341,10,7.3576,-0.2289,0.4546,0.9991,-0.0416,0.0000,0.0416,0.9991,0.0000,0.0000,0.0000,1.0000,0.0210,0.0279,0.0569
342,0,6.7472,-0.1371,0.4400,0.9991,-0.0422,0.0000,0.0422,0.9991,0.0000,0.0000,0.0000,1.0000,0.2577,0.2263,0.1400
342,1,6.7554,-0.1345,0.6052,0.9991,-0.0422,0.0000,0.0422,0.9991,0.0000,0.0000,0.0000,1.0000,0.1100,0.2168,0.3052
342,2,6.8287,-0.1980,0.5173,0.9991,-0.0422,0.0000,0.0422,0.9991,0.0000,0.0000,0.0000,1.0000,0.1101,0.3070,0.2173
342,3,6.8436,-0.3754,0.5889,0.9991,-0.0422,0.0000,0.0422,0.9991,0.0000,0.0000,0.0000,1.0000,0.2836,0.2073,0.2889
342,4,6.9597,-0.4269,0.5062,0.9991,-0.0422,0.0000,0.0422,0.9991,0.0000,0.0000,0.0000,1.0000,0.2820,0.2947,0.2062
342,5,7.1329,-0.2973,0.6614,0.9991,-0.0422,0.0000,0.0422,0.9991,0.0000,0.0000,0.0000,1.0000,0.1112,0.2100,0.3614
342,6,7.2266,-0.2817,0.4265,0.9991,-0.0422,0.0000,0.0422,0.9991,0.0000,0.0000,0.0000,1.0000,0.1972,0.1336,0.1265
342,7,7.3358,-0.2779,0.4491,0.9991,-0.0422,0.0000,0.0422,0.9991,0.0000,0.0000,0.0000,1.0000,0.1624,0.1625,0.0548
342,8,7.3650,-0.2359,0.4472,0.9991,-0.0422,0.0000,0.0422,0.9991,0.0000,0.0000,0.0000,1.0000,0.0831,0.2046,0.1050
342,9,7.3981,-0.1709,0.4544,0.9991,-0.0422,0.0000,0.0422,0.9991,0.0000,0.0000,0.0000,1.0000,0.0210,0.0279,0.0569
342,10,7.4394,-0.2326,0.4546,0.9991,-0.0422,0.0000,0.0422,0.9991,0.0000,0.0000,0.0000,1.0000,0.0210,0.0279,0.0569
343,0,6.8163,-0.1400,0.4400,0.9991,-0.0426,0.0000,0.0426,0.9991,0.0000,0.0000,0.0000,1.0000,0.2577,0.2263,0.1400
343,1,6.8246,-0.1374,0.6052,0.9991,-0.0426,0.0000,0.0426,0.9991,0.0000,0.0000,0.0000,1.0000,0.1100,0.2168,0.3052
343,2,6.8978,-0.2009,0.5173,0.9991,-0.0426,0.0000,0.0426,0.9991,0.0000,0.0000,0.0000,1.0000,0.1101,0.3070,0.2173
343,3,6.9127,-0.3784,0.5889,0.9991,-0.0426,0.0000,0.0426,0.9991,0.0000,0.0000,0.0000,1.0000,0.2836,0.2073,0.2889
343,4,7.0287,-0.4299,0.5062,0.9991,-0.0426,0.0000,0.0426,0.9991,0.0000,0.0000,0.0000,1.0000,0.2820,0.2947,0.2062
343,5,7.2020,-0.3003,0.6614,0.9991,-0.0426,0.0000,0.0426,0.9991,0.0000,0.0000,0.0000,1.0000,0.1112,0.2100,0.3614
343,6,7.2957,-0.2848,0.4265,0.9991,-0.0426,0.0000,0.0426,0.9991,0.0000,0.0000,0.0000,1.0000,0.1972,0.1336,0.1265
343,7,7.4049,-0.2811,0.4491,0.9991,-0.0426,0.0000,0.0426,0.9991,0.0000,0.0000,0.0000,1.0000,0.1624,0.1625,0.0548
343,8,7.4341,-0.2391,0.4472,0.9991,-0.0426,0.0000,0.0426,0.9991,0.0000,0.0000,0.0000,1.0000,0.0831,0.2046,0.1050
343,9,7.4672,-0.1741,0.4544,0.9991,-0.0426,0.0000,0.0426,0.9991,0.0000,0.0000,0.0000,1.0000,0.0210,0.0279,0.0569
343,10,7.5085,-0.2358,0.4546,0.9991,-0.0426,0.0000,0.0426,0.9991,0.0000,0.0000,0.0000,1.0000,0.0210,0.0279,0.0569
344,0,6.8748,-0.1425,0.4400,0.9991,-0.0429,0.0000,0.0429,0.9991,0.0000,0.0000,0.0000,1.0000,0.2577,0.2263,0.1400
344,1,6.8830,-0.1399,0.6052,0.9991,-0.0429,0.0000,0.0429,0.9991,0.0000,0.0000,0.0000,1.0000,0.1100,0.2168,0.3052
344,2,6.9563,-0.2034,0.5173,0.9991,-0.0429,0.0000,0.0429,0.9991,0.0000,0.0000,0.0000,1.0000,0.1101,0.3070,0.2173
344,3,6.9711,-0.3809,0.5889,0.9991,-0.0429,0.0000,0.0429,0.9991,0.0000,0.0000,0.0000,1.0000,0.2836,0.2073,0.2889
344,4,7.0871,-0.4324,0.5062,0.9991,-0.0429,0.0000,0.0429,0.9991,0.0000,0.0000,0.0000,1.0000,0.2820,0.2947,0.2062
344,5,7.2604,-0.3030,0.6614,0.9991,-0.0429,0.0000,0.0429,0.9991,0.0000,0.0000,0.0000,1.0000,0.1112,0.2100,0.3614
344,6,7.3541,-0.2875,0.4265,0.9991,-0.0429,0.0000,0.0429,0.9991,0.0000,0.0000,0.0000,1.0000,0.1972,0.1336,0.1265
344,7,7.4633,-0.2837,0.4491,0.9991,-0.0429,0.0000,0.0429,0.9991,0.0000,0.0000,0.0000,1.0000,0.1624,0.1625,0.0548
344,8,7.4925,-0.2418,0.4472,0.9991,-0.0429,0.0000,0.0429,0.9991,0.0000,0.0000,0.0000,1.0000,0.0831,0.2046,0.1050
344,9,7.5256,-0.1768,0.4544,0.9991,-0.0429,0.0000,0.0429,0.9991,0.0000,0.0000,0.0000,1.0000,0.0210,0.0279,0.0569
344,10,7.5669,-0.2385,0.4546,0.9991,-0.0429,0.0000,0.0429,0.9991,0.0000,0.0000,0.0000,1.0000,0.0210,0.0279,0.0569
345,0,6.9245,-0.1446,0.4400,0.9991,-0.0432,0.0000,0.0432,0.9991,0.0000,0.0000,0.0000,1.0000,0.2577,0.2263,0.1400
345,1,6.9327,-0.1420,0.6052,0.9991,-0.0432,0.0000,0.0432,0.9991,0.0000,0.0000,0.0000,1.0000,0.1100,0.2168,0.3052
345,2,7.0059,-0.2056,0.5173,0.9991,-0.0432,0.0000,0.0432,0.9991,0.0000,0.0000,0.0000,1.0000,0.1101,0.3070,0.2173
345,3,7.0207,-0.3831,0.5889,0.9991,-0.0432,0.0000,0.0432,0.9991,0.0000,0.0000,0.0000,1.0000,0.2836,0.2073,0.2889
345,4,7.1367,-0.4346,0.5062,0.9991,-0.0432,0.0000,0.0432,0.9991,0.0000,0.0000,0.0000,1.0000,0.2820,0.2947,0.2062
345,5,7.3100,-0.3052,0.6614,0.9991,-0.0432,0.0000,0.0432,0.9991,0.0000,0.0000,0.0000,1.0000,0.1112,0.2100,0.3614
345,6,7.4038,-0.2897,0.4265,0.9991,-0.0432,0.0000,0.0432,0.9991,0.0000,0.0000,0.0000,1.0000,0.1972,0.1336,0.1265
345,7,7.5129,-0.2860,0.4491,0.9991,-0.0432,0.0000,0.0432,0.9991,0.0000,0.0000,0.0000,1.0000,0.1624,0.1625,0.0548
345,8,7.5422,-0.2440,0.4472,0.9991,-0.0432,0.0000,0.0432,0.9991,0.0000,0.0000,0.0000,1.0000,0.0831,0.2046,0.1050
345,9,7.5753,-0.1791,0.4544,0.9991,-0.0432,0.0000,0.0432,0.9991,0.0000,0.0000,0.0000,1.0000,0.0210,0.0279,0.0569
345,10,7.6166,-0.2409,0.4546,0.9991,-0.0432,0.0000,0.0432,0.9991,0.0000,0.0000,0.0000,1.0000,0.0210,0.0279,0.0569
346,0,6.9667,-0.1464,0.4400,0.9991,-0.0434,0.0000,0.0434,0.9991,0.0000,0.0000,0.0000,1.0000,0.2577,0.2263,0.1400
346,1,6.9749,-0.1439,0.6052,0.9991,-0.0434,0.0000,0.0434,0.9991,0.0000,0.0000,0.0000,1.0000,0.1100,0.2168,0.3052
346,2,7.0481,-0.2074,0.5173,0.9991,-0.0434,0.0000,0.0434,0.9991,0.0000,0.0000,0.0000,1.0000,0.1101,0.3070,0.2173
346,3,7.0628,-0.3849,0.5889,0.9991,-0.0434,0.0000,0.0434,0.9991,0.0000,0.0000,0.0000,1.0000,0.2836,0.2073,0.2889
346,4,7.1788,-0.4365,0.5062,0.9991,-0.0434,0.0000,0.0434,0.9991,0.0000,0.0000,0.0000,1.0000,0.2820,0.2947,0.2062
346,5,7.3521,-0.3071,0.6614,0.9991,-0.0434,0.0000,0.0434,0.9991,0.0000,0.0000,0.0000,1.0000,0.1112,0.2100,0.3614
346,6,7.4459,-0.2917,0.4265,0.9991,-0.0434,0.0000,0.0434,0.9991,0.0000,0.0000,0.0000,1.0000,0.1972,0.1336,0.1265
346,7,7.5551,-0.2880,0.4491,0.9991,-0.0434,0.0000,0.0434,0.9991,0.0000,0.0000,0.0000,1.0000,0.1624,0.1625,0.0548
346,8,7.5843,-0.2460,0.4472,0.9991,-0.0434,0.0000,0.0434,0.9991,0.0000,0.0000,0.0000,1.0000,0.0831,0.2046,0.1050
346,9,7.6175,-0.1811,0.4544,0.9991,-0.0434,0.0000,0.0434,0.9991,0.0000,0.0000,0.0000,1.0000,0.0210,0.0279,0.0569
346,10,7.6587,-0.2429,0.4546,0.9991,-0.0434,0.0000,0.0434,0.9991,0.0000,0.0000,0.0000,1.0000,0.0210,0.0279,0.0569
347,0,7.0022,-0.1480,0.4400,0.9990,-0.0436,0.0000,0.0436,0.9990,0.0000,0.0000,0.0000,1.0000,0.2577,0.2263,0.1400
347,1,7.0104,-0.1454,0.6052,0.9990,-0.0436,0.0000,0.0436,0.9990,0.0000,0.0000,0.0000,1.0000,0.1100,0.2168,0.3052
347,2,7.0836,-0.2090,0.5173,0.9990,-0.0436,0.0000,0.0436,0.9990,0.0000,0.0000,0.0000,1.0000,0.1101,0.3070,0.2173
347,3,7.0983,-0.3865,0.5889,0.9990,-0.0436,0.0000,0.0436,0.9990,0.0000,0.0000,0.0000,1.0000,0.2836,0.2073,0.2889
347,4,7.2143,-0.4381,0.5062,0.9990,-0.0436,0.0000,0.0436,0.9990,0.0000,0.0000,0.0000,1.0000,0.2820,0.2947,0.2062
347,5,7.3877,-0.3087,0.6614,0.9990,-0.0436,0.0000,0.0436,0.9990,0.0000,0.0000,0.0000,1.0000,0.1112,0.2100,0.3614
347,6,7.4814,-0.2933,0.4265,0.9990,-0.0436,0.0000,0.0436,0.9990,0.0000,0.0000,0.0000,1.0000,0.1972,0.1336,0.1265
347,7,7.5906,-0.2897,0.4491,0.9990,-0.0436,0.0000,0.0436,0.9990,0.0000,0.0000,0.0000,1.0000,0.1624,0.1625,0.0548
347,8,7.6198,-0.2477,0.4472,0.9990,-0.0436,0.0000,0.0436,0.9990,0.0000,0.0000,0.0000,1.0000,0.0831,0.2046,0.1050
347,9,7.6530,-0.1828,0.4544,0.9990,-0.0436,0.0000,0.0436,0.9990,0.0000,0.0000,0.0000,1.0000,0.0210,0.0279,0.0569
347,10,7.6943,-0.2445,0.4546,0.9990,-0.0436,0.0000,0.0436,0.9990,0.0000,0.0000,0.0000,1.0000,0.0210,0.0279,0.0569
348,0,7.0317,-0.1492,0.4400,0.9990,-0.0438,0.0000,0.0438,0.9990,0.0000,0.0000,0.0000,1.0000,0.2577,0.2263,0.1400
348,1,7.0399,-0.1467,0.6052,0.9990,-0.0438,0.0000,0.0438,0.9990,0.0000,0.0000,0.0000,1.0000,0.1100,0.2168,0.3052
348,2,7.1131,-0.2103,0.5173,0.9990,-0.0438,0.0000,0.0438,0.9990,0.0000,0.0000,0.0000,1.0000,0.1101,0.3070,0.2173
348,3,7.1277,-0.3878,0.5889,0.9990,-0.0438,0.0000,0.0438,0.9990,0.0000,0.0000,0.0000,1.0000,0.2836,0.2073,0.2889
348,4,7.2437,-0.4394,0.5062,0.9990,-0.0438,0.0000,0.0438,0.9990,0.0000,0.0000,0.0000,1.0000,0.2820,0.2947,0.2062
348,5,7.4171,-0.3101,0.6614,0.9990,-0.0438,0.0000,0.0438,0.9990,0.0000,0.0000,0.0000,1.0000,0.1112,0.2100,0.3614
348,6,7.5109,-0.2947,0.4265,0.9990,-0.0438,0.0000,0.0438,0.9990,0.0000,0.0000,0.0000,1.0000,0.1972,0.1336,0.1265
348,7,7.6200,-0.2910,0.4491,0.9990,-0.0438,0.0000,0.0438,0.9990,0.0000,0.0000,0.0000,1.0000,0.1624,0.1625,0.0548
348,8,7.6493,-0.2491,0.4472,0.9990,-0.0438,0.0000,0.0438,0.9990,0.0000,0.0000,0.0000,1.0000,0.0831,0.2046,0.1050
348,9,7.6825,-0.1842,0.4544,0.9990,-0.0438,0.0000,0.0438,0.9990,0.0000,0.0000,0.0000,1.0000,0.0210,0.0279,0.0569
348,10,7.7237,-0.2459,0.4546,0.9990,-0.0438,0.0000,0.0438,0.9990,0.0000,0.0000,0.0000,1.0000,0.0210,0.0279,0.0569
349,0,7.0549,-0.1503,0.4400,0.9990,-0.0439,0.0000,0.0439,0.9990,0.0000,0.0000,0.0000,1.0000,0.2577,0.2263,0.1400
349,1,7.0631,-0.1477,0.6052,0.9990,-0.0439,0.0000,0.0439,0.9990,0.0000,0.0000,0.0000,1.0000,0.1100,0.2168,0.3052
349,2,7.1363,-0.2113,0.5173,0.9990,-0.0439,0.0000,0.0439,0.9990,0.0000,0.0000,0.0000,1.0000,0.1101,0.3070,0.2173
349,3,7.1509,-0.3888,0.5889,0.9990,-0.0439,0.0000,0.0439,0.9990,0.0000,0.0000,0.0000,1.0000,0.2836,0.2073,0.2889
349,4,7.2668,-0.4404,0.5062,0.9990,-0.0439,0.0000,0.0439,0.9990,0.0000,0.0000,0.0000,1.0000,0.2820,0.2947,0.2062
349,5,7.4403,-0.3111,0.6614,0.9990,-0.0439,0.0000,0.0439,0.9990,0.0000,0.0000,0.0000,1.0000,0.1112,0.2100,0.3614
349,6,7.5341,-0.2957,0.4265,0.9990,-0.0439,0.0000,0.0439,0.9990,0.0000,0.0000,0.0000,1.0000,0.1972,0.1336,0.1265
349,7,7.6432,-0.2921,0.4491,0.9990,-0.0439,0.0000,0.0439,0.9990,0.0000,0.0000,0.0000,1.0000,0.1624,0.1625,0.0548
349,8,7.6725,-0.2501,0.4472,0.9990,-0.0439,0.0000,0.0439,0.9990,0.0000,0.0000,0.0000,1.0000,0.0831,0.2046,0.1050
349,9,7.7057,-0.1852,0.4544,0.9990,-0.0439,0.0000,0.0439,0.9990,0.0000,0.0000,0.0000,1.0000,0.0210,0.0279,0.0569
349,10,7.7469,-0.2470,0.4546,0.9990,-0.0439,0.0000,0.0439,0.9990,0.0000,0.0000,0.0000,1.0000,0.0210,0.0279,0.0569
350,0,7.0715,-0.1510,0.4400,0.9990,-0.0440,0.0000,0.0440,0.9990,0.0000,0.0000,0.0000,1.0000,0.2577,0.2263,0.1400
350,1,7.0797,-0.1484,0.6052,0.9990,-0.0440,0.0000,0.0440,0.9990,0.0000,0.0000,0.0000,1.0000,0.1100,0.2168,0.3052
350,2,7.1529,-0.2120,0.5173,0.9990,-0.0440,0.0000,0.0440,0.9990,0.0000,0.0000,0.0000,1.0000,0.1101,0.3070,0.2173
350,3,7.1675,-0.3895,0.5889,0.9990,-0.0440,0.0000,0.0440,0.9990,0.0000,0.0000,0.0000,1.0000,0.2836,0.2073,0.2889
350,4,7.2835,-0.4412,0.5062,0.9990,-0.0440,0.0000,0.0440,0.9990,0.0000,0.0000,0.0000,1.0000,0.2820,0.2947,0.2062
350,5,7.4569,-0.3119,0.6614,0.9990,-0.0440,0.0000,0.0440,0.9990,0.0000,0.0000,0.0000,1.0000,0.1112,0.2100,0.3614
350,6,7.5507,-0.2965,0.4265,0.9990,-0.0440,0.0000,0.0440,0.9990,0.0000,0.0000,0.0000,1.0000,0.1972,0.1336,0.1265
350,7,7.6599,-0.2929,0.4491,0.9990,-0.0440,0.0000,0.0440,0.9990,0.0000,0.0000,0.0000,1.0000,0.1624,0.1625,0.0548
350,8,7.6891,-0.2509,0.4472,0.9990,-0.0440,0.0000,0.0440,0.9990,0.0000,0.0000,0.0000,1.0000,0.0831,0.2046,0.1050
350,9,7.7223,-0.1860,0.4544,0.9990,-0.0440,0.0000,0.0440,0.9990,0.0000,0.0000,0.0000,1.0000,0.0210,0.0279,0.0569
350,10,7.7635,-0.2478,0.4546,0.9990,-0.0440,0.0000,0.0440,0.9990,0.0000,0.0000,0.0000,1.0000,0.0210,0.0279,0.0569
351,0,7.0820,-0.1514,0.4400,0.9990,-0.0440,0.0000,0.0440,0.9990,0.0000,0.0000,0.0000,1.0000,0.2577,0.2263,0.1400
351,1,7.0902,-0.1489,0.6052,0.9990,-0.0440,0.0000,0.0440,0.9990,0.0000,0.0000,0.0000,1.0000,0.1100,0.2168,0.3052
351,2,7.1634,-0.2125,0.5173,0.9990,-0.0440,0.0000,0.0440,0.9990,0.0000,0.0000,0.0000,1.0000,0.1101,0.3070,0.2173
351,3,7.1780,-0.3900,0.5889,0.9990,-0.0440,0.0000,0.0440,0.9990,0.0000,0.0000,0.0000,1.0000,0.2836,0.2073,0.2889
351,4,7.2939,-0.4416,0.5062,0.9990,-0.0440,0.0000,0.0440,0.9990,0.0000,0.0000,0.0000,1.0000,0.2820,0.2947,0.2062
351,5,7.4674,-0.3123,0.6614,0.9990,-0.0440,0.0000,0.0440,0.9990,0.0000,0.0000,0.0000,1.0000,0.1112,0.2100,0.3614
351,6,7.5611,-0.2970,0.4265,0.9990,-0.0440,0.0000,0.0440,0.9990,0.0000,0.0000,0.0000,1.0000,0.1972,0.1336,0.1265
351,7,7.6703,-0.2934,0.4491,0.9990,-0.0440,0.0000,0.0440,0.9990,0.0000,0.0000,0.0000,1.0000,0.1624,0.1625,0.0548
351,8,7.6996,-0.2514,0.4472,0.9990,-0.0440,0.0000,0.0440,0.9990,0.0000,0.0000,0.0000,1.0000,0.0831,0.2046,0.1050
351,9,7.7327,-0.1865,0.4544,0.9990,-0.0440,0.0000,0.0440,0.9990,0.0000,0.0000,0.0000,1.0000,0.0210,0.0279,0.0569
351,10,7.7740,-0.2483,0.4546,0.9990,-0.0440,0.0000,0.0440,0.9990,0.0000,0.0000,0.0000,1.0000,0.0210,0.0279,0.0569
352,0,7.0874,-0.1517,0.4400,0.9990,-0.0440,0.0000,0.0440,0.9990,0.0000,0.0000,0.0000,1.0000,0.2577,0.2263,0.1400
352,1,7.0956,-0.1491,0.6052,0.9990,-0.0440,0.0000,0.0440,0.9990,0.0000,0.0000,0.0000,1.0000,0.1100,0.2168,0.3052
352,2,7.1688,-0.2127,0.5173,0.9990,-0.0440,0.0000,0.0440,0.9990,0.0000,0.0000,0.0000,1.0000,0.1101,0.3070,0.2173
352,3,7.1834,-0.3902,0.5889,0.9990,-0.0440,0.0000,0.0440,0.9990,0.0000,0.0000,0.0000,1.0000,0.2836,0.2073,0.2889
352,4,7.2994,-0.4419,0.5062,0.9990,-0.0440,0.0000,0.0440,0.9990,0.0000,0.0000,0.0000,1.0000,0.2820,0.2947,0.2062
352,5,7.4728,-0.3126,0.6614,0.9990,-0.0440,0.0000,0.0440,0.9990,0.0000,0.0000,0.0000,1.0000,0.1112,0.2100,0.3614
352,6,7.5666,-0.2972,0.4265,0.9990,-0.0440,0.0000,0.0440,0.9990,0.0000,0.0000,0.0000,1.0000,0.1972,0.1336,0.1265
352,7,7.6757,-0.2936,0.4491,0.9990,-0.0440,0.0000,0.0440,0.9990,0.0000,0.0000,0.0000,1.0000,0.1624,0.1625,0.0548
352,8,7.7050,-0.2517,0.4472,0.9990,-0.0440,0.0000,0.0440,0.9990,0.0000,0.0000,0.0000,1.0000,0.0831,0.2046,0.1050
352,9,7.7382,-0.1868,0.4544,0.9990,-0.0440,0.0000,0.0440,0.9990,0.0000,0.0000,0.0000,1.0000,0.0210,0.0279,0.0569
352,10,7.7794,-0.2485,0.4546,0.9990,-0.0440,0.0000,0.0440,0.9990,0.0000,0.0000,0.0000,1.0000,0.0210,0.0279,0.0569
353,0,7.0899,-0.1518,0.4400,0.9990,-0.0440,0.0000,0.0440,0.9990,0.0000,0.0000,0.0000,1.0000,0.2577,0.2263,0.1400
353,1,7.0982,-0.1492,0.6052,0.9990,-0.0440,0.0000,0.0440,0.9990,0.0000,0.0000,0.0000,1.0000,0.1100,0.2168,0.3052
353,2,7.1713,-0.2128,0.5173,0.9990,-0.0440,0.0000,0.0440,0.9990,0.0000,0.0000,0.0000,1.0000,0.1101,0.3070,0.2173
353,3,7.1859,-0.3903,0.5889,0.9990,-0.0440,0.0000,0.0440,0.9990,0.0000,0.0000,0.0000,1.0000,0.2836,0.2073,0.2889
353,4,7.3019,-0.4420,0.5062,0.9990,-0.0440,0.0000,0.0440,0.9990,0.0000,0.0000,0.0000,1.0000,0.2820,0.2947,0.2062
353,5,7.4753,-0.3127,0.6614,0.9990,-0.0440,0.0000,0.0440,0.9990,0.0000,0.0000,0.0000,1.0000,0.1112,0.2100,0.3614
353,6,7.5691,-0.2973,0.4265,0.9990,-0.0440,0.0000,0.0440,0.9990,0.0000,0.0000,0.0000,1.0000,0.1972,0.1336,0.1265
353,7,7.6783,-0.2937,0.4491,0.9990,-0.0440,0.0000,0.0440,0.9990,0.0000,0.0000,0.0000,1.0000,0.1624,0.1625,0.0548
353,8,7.7075,-0.2518,0.4472,0.9990,-0.0440,0.0000,0.0440,0.9990,0.0000,0.0000,0.0000,1.0000,0.0831,0.2046,0.1050
353,9,7.7407,-0.1869,0.4544,0.9990,-0.0440,0.0000,0.0440,0.9990,0.0000,0.0000,0.0000,1.0000,0.0210,0.0279,0.0569
353,10,7.7820,-0.2487,0.4546,0.9990,-0.0440,0.0000,0.0440,0.9990,0.0000,0.0000,0.0000,1.0000,0.0210,0.0279,0.0569
354,0,7.0914,-0.1518,0.4400,0.9990,-0.0440,0.0000,0.0440,0.9990,0.0000,0.0000,0.0000,1.0000,0.2577,0.2263,0.1400
354,1,7.0996,-0.1493,0.6052,0.9990,-0.0440,0.0000,0.0440,0.9990,0.0000,0.0000,0.0000,1.0000,0.1100,0.2168,0.3052
354,2,7.1728,-0.2129,0.5173,0.9990,-0.0440,0.0000,0.0440,0.9990,0.0000,0.0000,0.0000,1.0000,0.1101,0.3070,0.2173
354,3,7.1874,-0.3904,0.5889,0.9990,-0.0440,0.0000,0.0440,0.9990,0.0000,0.0000,0.0000,1.0000,0.2836,0.2073,0.2889
354,4,7.3033,-0.4421,0.5062,0.9990,-0.0440,0.0000,0.0440,0.9990,0.0000,0.0000,0.0000,1.0000,0.2820,0.2947,0.2062
354,5,7.4768,-0.3128,0.6614,0.9990,-0.0440,0.0000,0.0440,0.9990,0.0000,0.0000,0.0000,1.0000,0.1112,0.2100,0.3614
354,6,7.5705,-0.2974,0.4265,0.9990,-0.0440,0.0000,0.0440,0.9990,0.0000,0.0000,0.0000,1.0000,0.1972,0.1336,0.1265
354,7,7.6797,-0.2938,0.4491,0.9990,-0.0440,0.0000,0.0440,0.9990,0.0000,0.0000,0.0000,1.0000,0.1624,0.1625,0.0548
354,8,7.7090,-0.2518,0.4472,0.9990,-0.0440,0.0000,0.0440,0.9990,0.0000,0.0000,0.0000,1.0000,0.0831,0.2046,0.1050
354,9,7.7422,-0.1869,0.4544,0.9990,-0.0440,0.0000,0.0440,0.9990,0.0000,0.0000,0.0000,1.0000,0.0210,0.0279,0.0569
354,10,7.7834,-0.2487,0.4546,0.9990,-0.0440,0.0000,0.0440,0.9990,0.0000,0.0000,0.0000,1.0000,0.0210,0.0279,0.0569
355,0,7.0927,-0.1519,0.4400,0.9990,-0.0440,0.0000,0.0440,0.9990,0.0000,0.0000,0.0000,1.0000,0.2577,0.2263,0.1400
355,1,7.1010,-0.1494,0.6052,0.9990,-0.0440,0.0000,0.0440,0.9990,0.0000,0.0000,0.0000,1.0000,0.1100,0.2168,0.3052
355,2,7.1741,-0.2130,0.5173,0.9990,-0.0440,0.0000,0.0440,0.9990,0.0000,0.0000,0.0000,1.0000,0.1101,0.3070,0.2173
355,3,7.1887,-0.3905,0.5889,0.9990,-0.0440,0.0000,0.0440,0.9990,0.0000,0.0000,0.0000,1.0000,0.2836,0.2073,0.2889
355,4,7.3047,-0.4421,0.5062,0.9990,-0.0440,0.0000,0.0440,0.9990,0.0000,0.0000,0.0000,1.0000,0.2820,0.2947,0.2062
355,5,7.4781,-0.3128,0.6614,0.9990,-0.0440,0.0000,0.0440,0.9990,0.0000,0.0000,0.0000,1.0000,0.1112,0.2100,0.3614
355,6,7.5719,-0.2975,0.4265,0.9990,-0.0440,0.0000,0.0440,0.9990,0.0000,0.0000,0.0000,1.0000,0.1972,0.1336,0.1265
355,7,7.6811,-0.2939,0.4491,0.9990,-0.0440,0.0000,0.0440,0.9990,0.0000,0.0000,0.0000,1.0000,0.1624,0.1625,0.0548
355,8,7.7103,-0.2519,0.4472,0.9990,-0.0440,0.0000,0.0440,0.9990,0.0000,0.0000,0.0000,1.0000,0.0831,0.2046,0.1050
355,9,7.7435,-0.1870,0.4544,0.9990,-0.0440,0.0000,0.0440,0.9990,0.0000,0.0000,0.0000,1.0000,0.0210,0.0279,0.0569
355,10,7.7847,-0.2488,0.4546,0.9990,-0.0440,0.0000,0.0440,0.9990,0.0000,0.0000,0.0000,1.0000,0.0210,0.0279,0.0569
356,0,7.0941,-0.1520,0.4400,0.9990,-0.0440,0.0000,0.0440,0.9990,0.0000,0.0000,0.0000,1.0000,0.2577,0.2263,0.1400
356,1,7.1023,-0.1494,0.6052,0.9990,-0.0440,0.0000,0.0440,0.9990,0.0000,0.0000,0.0000,1.0000,0.1100,0.2168,0.3052
356,2,7.1755,-0.2130,0.5173,0.9990,-0.0440,0.0000,0.0440,0.9990,0.0000,0.0000,0.0000,1.0000,0.1101,0.3070,0.2173
356,3,7.1901,-0.3905,0.5889,0.9990,-0.0440,0.0000,0.0440,0.9990,0.0000,0.0000,0.0000,1.0000,0.2836,0.2073,0.2889
356,4,7.3060,-0.4422,0.5062,0.9990,-0.0440,0.0000,0.0440,0.9990,0.0000,0.0000,0.0000,1.0000,0.2820,0.2947,0.2062
356,5,7.4795,-0.3129,0.6614,0.9990,-0.0440,0.0000,0.0440,0.9990,0.0000,0.0000,0.0000,1.0000,0.1112,0.2100,0.3614
356,6,7.5733,-0.2975,0.4265,0.9990,-0.0440,0.0000,0.0440,0.9990,0.0000,0.0000,0.0000,1.0000,0.1972,0.1336,0.1265
356,7,7.6824,-0.2939,0.4491,0.9990,-0.0440,0.0000,0.0440,0.9990,0.0000,0.0000,0.0000,1.0000,0.1624,0.1625,0.0548
356,8,7.7117,-0.2520,0.4472,0.9990,-0.0440,0.0000,0.0440,0.9990,0.0000,0.0000,0.0000,1.0000,0.0831,0.2046,0.1050
356,9,7.7449,-0.1871,0.4544,0.9990,-0.0440,0.0000,0.0440,0.9990,0.0000,0.0000,0.0000,1.0000,0.0210,0.0279,0.0569
356,10,7.7861,-0.2488,0.4546,0.9990,-0.0440,0.0000,0.0440,0.9990,0.0000,0.0000,0.0000,1.0000,0.0210,0.0279,0.0569
357,0,7.0949,-0.1520,0.4400,0.9990,-0.0440,0.0000,0.0440,0.9990,0.0000,0.0000,0.0000,1.0000,0.2577,0.2263,0.1400
357,1,7.1031,-0.1495,0.6052,0.9990,-0.0440,0.0000,0.0440,0.9990,0.0000,0.0000,0.0000,1.0000,0.1100,0.2168,0.3052
357,2,7.1763,-0.2130,0.5173,0.9990,-0.0440,0.0000,0.0440,0.9990,0.0000,0.0000,0.0000,1.0000,0.1101,0.3070,0.2173
357,3,7.1909,-0.3906,0.5889,0.9990,-0.0440,0.0000,0.0440,0.9990,0.0000,0.0000,0.0000,1.0000,0.2836,0.2073,0.2889
357,4,7.3068,-0.4422,0.5062,0.9990,-0.0440,0.0000,0.0440,0.9990,0.0000,0.0000,0.0000,1.0000,0.2820,0.2947,0.2062
357,5,7.4803,-0.3129,0.6614,0.9990,-0.0440,0.0000,0.0440,0.9990,0.0000,0.0000,0.0000,1.0000,0.1112,0.2100,0.3614
357,6,7.5741,-0.2976,0.4265,0.9990,-0.0440,0.0000,0.0440,0.9990,0.0000,0.0000,0.0000,1.0000,0.1972,0.1336,0.1265
357,7,7.6832,-0.2940,0.4491,0.9990,-0.0440,0.0000,0.0440,0.9990,0.0000,0.0000,0.0000,1.0000,0.1624,0.1625,0.0548
357,8,7.7125,-0.2520,0.4472,0.9990,-0.0440,0.0000,0.0440,0.9990,0.0000,0.0000,0.0000,1.0000,0.0831,0.2046,0.1050
357,9,7.7457,-0.1871,0.4544,0.9990,-0.0440,0.0000,0.0440,0.9990,0.0000,0.0000,0.0000,1.0000,0.0210,0.0279,0.0569
357,10,7.7869,-0.2489,0.4546,0.9990,-0.0440,0.0000,0.0440,0.9990,0.0000,0.0000,0.0000,1.0000,0.0210,0.0279,0.0569
358,0,7.0952,-0.1520,0.4400,0.9990,-0.0440,0.0000,0.0440,0.9990,0.0000,0.0000,0.0000,1.0000,0.2577,0.2263,0.1400
358,1,7.1034,-0.1495,0.6052,0.9990,-0.0440,0.0000,0.0440,0.9990,0.0000,0.0000,0.0000,1.0000,0.1100,0.2168,0.3052
358,2,7.1766,-0.2131,0.5173,0.9990,-0.0440,0.0000,0.0440,0.9990,0.0000,0.0000,0.0000,1.0000,0.1101,0.3070,0.2173
358,3,7.1912,-0.3906,0.5889,0.9990,-0.0440,0.0000,0.0440,0.9990,0.0000,0.0000,0.0000,1.0000,0.2836,0.2073,0.2889
358,4,7.3071,-0.4422,0.5062,0.9990,-0.0440,0.0000,0.0440,0.9990,0.0000,0.0000,0.0000,1.0000,0.2820,0.2947,0.2062
358,5,7.4806,-0.3129,0.6614,0.9990,-0.0440,0.0000,0.0440,0.9990,0.0000,0.0000,0.0000,1.0000,0.1112,0.2100,0.3614
358,6,7.5744,-0.2976,0.4265,0.9990,-0.0440,0.0000,0.0440,0.9990,0.0000,0.0000,0.0000,1.0000,0.1972,0.1336,0.1265
358,7,7.6835,-0.2940,0.4491,0.9990,-0.0440,0.0000,0.0440,0.9990,0.0000,0.0000,0.0000,1.0000,0.1624,0.1625,0.0548
358,8,7.7128,-0.2520,0.4472,0.9990,-0.0440,0.0000,0.0440,0.9990,0.0000,0.0000,0.0000,1.0000,0.0831,0.2046,0.1050
358,9,7.7460,-0.1871,0.4544,0.9990,-0.0440,0.0000,0.0440,0.9990,0.0000,0.0000,0.0000,1.0000,0.0210,0.0279,0.0569
358,10,7.7872,-0.2489,0.4546,0.9990,-0.0440,0.0000,0.0440,0.9990,0.0000,0.0000,0.0000,1.0000,0.0210,0.0279,0.0569
359,0,7.0955,-0.1520,0.4400,0.9990,-0.0440,0.0000,0.0440,0.9990,0.0000,0.0000,0.0000,1.0000,0.2577,0.2263,0.1400
359,1,7.1037,-0.1495,0.6052,0.9990,-0.0440,0.0000,0.0440,0.9990,0.0000,0.0000,0.0000,1.0000,0.1100,0.2168,0.3052
359,2,7.1768,-0.2131,0.5173,0.9990,-0.0440,0.0000,0.0440,0.9990,0.0000,0.0000,0.0000,1.0000,0.1101,0.3070,0.2173
359,3,7.1914,-0.3906,0.5889,0.9990,-0.0440,0.0000,0.0440,0.9990,0.0000,0.0000,0.0000,1.0000,0.2836,0.2073,0.2889
359,4,7.3074,-0.4422,0.5062,0.9990,-0.0440,0.0000,0.0440,0.9990,0.0000,0.0000,0.0000,1.0000,0.2820,0.2947,0.2062
359,5,7.4808,-0.3130,0.6614,0.9990,-0.0440,0.0000,0.0440,0.9990,0.0000,0.0000,0.0000,1.0000,0.1112,0.2100,0.3614
359,6,7.5746,-0.2976,0.4265,0.9990,-0.0440,0.0000,0.0440,0.9990,0.0000,0.0000,0.0000,1.0000,0.1972,0.1336,0.1265
359,7,7.6838,-0.2940,0.4491,0.9990,-0.0440,0.0000,0.0440,0.9990,0.0000,0.0000,0.0000,1.0000,0.1624,0.1625,0.0548
359,8,7.7131,-0.2520,0.4472,0.9990,-0.0440,0.0000,0.0440,0.9990,0.0000,0.0000,0.0000,1.0000,0.0831,0.2046,0.1050
359,9,7.7462,-0.1871,0.4544,0.9990,-0.0440,0.0000,0.0440,0.9990,0.0000,0.0000,0.0000,1.0000,0.0210,0.0279,0.0569
359,10,7.7875,-0.2489,0.4546,0.9990,-0.0440,0.0000,0.0440,0.9990,0.0000,0.0000,0.0000,1.0000,0.0210,0.0279,0.0569
360,0,7.0958,-0.1520,0.4400,0.9990,-0.0440,0.0000,0.0440,0.9990,0.0000,0.0000,0.0000,1.0000,0.2577,0.2263,0.1400
360,1,7.1040,-0.1495,0.6052,0.9990,-0.0440,0.0000,0.0440,0.9990,0.0000,0.0000,0.0000,1.0000,0.1100,0.2168,0.3052
360,2,7.1772,-0.2131,0.5173,0.9990,-0.0440,0.0000,0.0440,0.9990,0.0000,0.0000,0.0000,1.0000,0.1101,0.3070,0.2173
360,3,7.1918,-0.3906,0.5889,0.9990,-0.0440,0.0000,0.0440,0.9990,0.0000,0.0000,0.0000,1.0000,0.2836,0.2073,0.2889
360,4,7.3077,-0.4423,0.5062,0.9990,-0.0440,0.0000,0.0440,0.9990,0.0000,0.0000,0.0000,1.0000,0.2820,0.2947,0.2062
360,5,7.4812,-0.3130,0.6614,0.9990,-0.0440,0.0000,0.0440,0.9990,0.0000,0.0000,0.0000,1.0000,0.1112,0.2100,0.3614
360,6,7.5749,-0.2976,0.4265,0.9990,-0.0440,0.0000,0.0440,0.9990,0.0000,0.0000,0.0000,1.0000,0.1972,0.1336,0.1265
360,7,7.6841,-0.2940,0.4491,0.9990,-0.0440,0.0000,0.0440,0.9990,0.0000,0.0000,0.0000,1.0000,0.1624,0.1625,0.0548
360,8,7.7134,-0.2520,0.4472,0.9990,-0.0440,0.0000,0.0440,0.9990,0.0000,0.0000,0.0000,1.0000,0.0831,0.2046,0.1050
360,9,7.7466,-0.1871,0.4544,0.9990,-0.0440,0.0000,0.0440,0.9990,0.0000,0.0000,0.0000,1.0000,0.0210,0.0279,0.0569
360,10,7.7878,-0.2489,0.4546,0.9990,-0.0440,0.0000,0.0440,0.9990,0.0000,0.0000,0.0000,1.0000,0.0210,0.0279,0.0569
361,0,7.0960,-0.1521,0.4400,0.9990,-0.0440,0.0000,0.0440,0.9990,0.0000,0.0000,0.0000,1.0000,0.2577,0.2263,0.1400
361,1,7.1043,-0.1495,0.6052,0.9990,-0.0440,0.0000,0.0440,0.9990,0.0000,0.0000,0.0000,1.0000,0.1100,0.2168,0.3052
361,2,7.1774,-0.2131,0.5173,0.9990,-0.0440,0.0000,0.0440,0.9990,0.0000,0.0000,0.0000,1.0000,0.1101,0.3070,0.2173
361,3,7.1920,-0.3906,0.5889,0.9990,-0.0440,0.0000,0.0440,0.9990,0.0000,0.0000,0.0000,1.0000,0.2836,0.2073,0.2889
361,4,7.3080,-0.4423,0.5062,0.9990,-0.0440,0.0000,0.0440,0.9990,0.0000,0.0000,0.0000,1.0000,0.2820,0.2947,0.2062
361,5,7.4814,-0.3130,0.6614,0.9990,-0.0440,0.0000,0.0440,0.9990,0.0000,0.0000,0.0000,1.0000,0.1112,0.2100,0.3614
361,6,7.5752,-0.2976,0.4265,0.9990,-0.0440,0.0000,0.0440,0.9990,0.0000,0.0000,0.0000,1.0000,0.1972,0.1336,0.1265
361,7,7.6844,-0.2940,0.4491,0.9990,-0.0440,0.0000,0.0440,0.9990,0.0000,0.0000,0.0000,1.0000,0.1624,0.1625,0.0548
361,8,7.7136,-0.2521,0.4472,0.9990,-0.0440,0.0000,0.0440,0.9990,0.0000,0.0000,0.0000,1.0000,0.0831,0.2046,0.1050
361,9,7.7468,-0.1872,0.4544,0.9990,-0.0440,0.0000,0.0440,0.9990,0.0000,0.0000,0.0000,1.0000,0.0210,0.0279,0.0569
361,10,7.7880,-0.2489,0.4546,0.9990,-0.0440,0.0000,0.0440,0.9990,0.0000,0.0000,0.0000,1.0000,0.0210,0.0279,0.0569
362,0,7.0964,-0.1521,0.4400,0.9990,-0.0441,0.0000,0.0441,0.9990,0.0000,0.0000,0.0000,1.0000,0.2577,0.2263,0.1400
362,1,7.1046,-0.1495,0.6052,0.9990,-0.0441,0.0000,0.0441,0.9990,0.0000,0.0000,0.0000,1.0000,0.1100,0.2168,0.3052
362,2,7.1778,-0.2131,0.5173,0.9990,-0.0441,0.0000,0.0441,0.9990,0.0000,0.0000,0.0000,1.0000,0.1101,0.3070,0.2173
362,3,7.1924,-0.3906,0.5889,0.9990,-0.0441,0.0000,0.0441,0.9990,0.0000,0.0000,0.0000,1.0000,0.2836,0.2073,0.2889
362,4,7.3083,-0.4423,0.5062,0.9990,-0.0441,0.0000,0.0441,0.9990,0.0000,0.0000,0.0000,1.0000,0.2820,0.2947,0.2062
362,5,7.4818,-0.3130,0.6614,0.9990,-0.0441,0.0000,0.0441,0.9990,0.0000,0.0000,0.0000,1.0000,0.1112,0.2100,0.3614
362,6,7.5755,-0.2976,0.4265,0.9990,-0.0441,0.0000,0.0441,0.9990,0.0000,0.0000,0.0000,1.0000,0.1972,0.1336,0.1265
362,7,7.6847,-0.2940,0.4491,0.9990,-0.0441,0.0000,0.0441,0.9990,0.0000,0.0000,0.0000,1.0000,0.1624,0.1625,0.0548
362,8,7.7140,-0.2521,0.4472,0.9990,-0.0441,0.0000,0.0441,0.9990,0.0000,0.0000,0.0000,1.0000,0.0831,0.2046,0.1050
362,9,7.7472,-0.1872,0.4544,0.9990,-0.0441,0.0000,0.0441,0.9990,0.0000,0.0000,0.0000,1.0000,0.0210,0.0279,0.0569
362,10,7.7884,-0.2489,0.4546,0.9990,-0.0441,0.0000,0.0441,0.9990,0.0000,0.0000,0.0000,1.0000,0.0210,0.0279,0.0569
363,0,7.0968,-0.1521,0.4400,0.9990,-0.0441,0.0000,0.0441,0.9990,0.0000,0.0000,0.0000,1.0000,0.2577,0.2263,0.1400
363,1,7.1051,-0.1495,0.6052,0.9990,-0.0441,0.0000,0.0441,0.9990,0.0000,0.0000,0.0000,1.0000,0.1100,0.2168,0.3052
363,2,7.1782,-0.2131,0.5173,0.9990,-0.0441,0.0000,0.0441,0.9990,0.0000,0.0000,0.0000,1.0000,0.1101,0.3070,0.2173
363,3,7.1928,-0.3906,0.5889,0.9990,-0.0441,0.0000,0.0441,0.9990,0.0000,0.0000,0.0000,1.0000,0.2836,0.2073,0.2889
363,4,7.3088,-0.4423,0.5062,0.9990,-0.0441,0.0000,0.0441,0.9990,0.0000,0.0000,0.0000,1.0000,0.2820,0.2947,0.2062
363,5,7.4822,-0.3130,0.6614,0.9990,-0.0441,0.0000,0.0441,0.9990,0.0000,0.0000,0.0000,1.0000,0.1112,0.2100,0.3614
363,6,7.5760,-0.2976,0.4265,0.9990,-0.0441,0.0000,0.0441,0.9990,0.0000,0.0000,0.0000,1.0000,0.1972,0.1336,0.1265
363,7,7.6852,-0.2940,0.4491,0.9990,-0.0441,0.0000,0.0441,0.9990,0.0000,0.0000,0.0000,1.0000,0.1624,0.1625,0.0548
363,8,7.7144,-0.2521,0.4472,0.9990,-0.0441,0.0000,0.0441,0.9990,0.0000,0.0000,0.0000,1.0000,0.0831,0.2046,0.1050
363,9,7.7476,-0.1872,0.4544,0.9990,-0.0441,0.0000,0.0441,0.9990,0.0000,0.0000,0.0000,1.0000,0.0210,0.0279,0.0569
363,10,7.7888,-0.2490,0.4546,0.9990,-0.0441,0.0000,0.0441,0.9990,0.0000,0.0000,0.0000,1.0000,0.0210,0.0279,0.0569
364,0,7.0973,-0.1521,0.4400,0.9990,-0.0441,0.0000,0.0441,0.9990,0.0000,0.0000,0.0000,1.0000,0.2577,0.2263,0.1400
364,1,7.1055,-0.1496,0.6052,0.9990,-0.0441,0.0000,0.0441,0.9990,0.0000,0.0000,0.0000,1.0000,0.1100,0.2168,0.3052
364,2,7.1787,-0.2132,0.5173,0.9990,-0.0441,0.0000,0.0441,0.9990,0.0000,0.0000,0.0000,1.0000,0.1101,0.3070,0.2173
364,3,7.1933,-0.3907,0.5889,0.9990,-0.0441,0.0000,0.0441,0.9990,0.0000,0.0000,0.0000,1.0000,0.2836,0.2073,0.2889
364,4,7.3092,-0.4423,0.5062,0.9990,-0.0441,0.0000,0.0441,0.9990,0.0000,0.0000,0.0000,1.0000,0.2820,0.2947,0.2062
364,5,7.4827,-0.3130,0.6614,0.9990,-0.0441,0.0000,0.0441,0.9990,0.0000,0.0000,0.0000,1.0000,0.1112,0.2100,0.3614
364,6,7.5765,-0.2977,0.4265,0.9990,-0.0441,0.0000,0.0441,0.9990,0.0000,0.0000,0.0000,1.0000,0.1972,0.1336,0.1265
364,7,7.6856,-0.2941,0.4491,0.9990,-0.0441,0.0000,0.0441,0.9990,0.0000,0.0000,0.0000,1.0000,0.1624,0.1625,0.0548
364,8,7.7149,-0.2521,0.4472,0.9990,-0.0441,0.0000,0.0441,0.9990,0.0000,0.0000,0.0000,1.0000,0.0831,0.2046,0.1050
364,9,7.7481,-0.1872,0.4544,0.9990,-0.0441,0.0000,0.0441,0.9990,0.0000,0.0000,0.0000,1.0000,0.0210,0.0279,0.0569
364,10,7.7893,-0.2490,0.4546,0.9990,-0.0441,0.0000,0.0441,0.9990,0.0000,0.0000,0.0000,1.0000,0.0210,0.0279,0.0569
365,0,7.0978,-0.1521,0.4400,0.9990,-0.0441,0.0000,0.0441,0.9990,0.0000,0.0000,0.0000,1.0000,0.2577,0.2263,0.1400
365,1,7.1061,-0.1496,0.6052,0.9990,-0.0441,0.0000,0.0441,0.9990,0.0000,0.0000,0.0000,1.0000,0.1100,0.2168,0.3052
365,2,7.1792,-0.2132,0.5173,0.9990,-0.0441,0.0000,0.0441,0.9990,0.0000,0.0000,0.0000,1.0000,0.1101,0.3070,0.2173
365,3,7.1938,-0.3907,0.5889,0.9990,-0.0441,0.0000,0.0441,0.9990,0.0000,0.0000,0.0000,1.0000,0.2836,0.2073,0.2889
365,4,7.3098,-0.4424,0.5062,0.9990,-0.0441,0.0000,0.0441,0.9990,0.0000,0.0000,0.0000,1.0000,0.2820,0.2947,0.2062
365,5,7.4832,-0.3131,0.6614,0.9990,-0.0441,0.0000,0.0441,0.9990,0.0000,0.0000,0.0000,1.0000,0.1112,0.2100,0.3614
365,6,7.5770,-0.2977,0.4265,0.9990,-0.0441,0.0000,0.0441,0.9990,0.0000,0.0000,0.0000,1.0000,0.1972,0.1336,0.1265
365,7,7.6862,-0.2941,0.4491,0.9990,-0.0441,0.0000,0.0441,0.9990,0.0000,0.0000,0.0000,1.0000,0.1624,0.1625,0.0548
365,8,7.7154,-0.2521,0.4472,0.9990,-0.0441,0.0000,0.0441,0.9990,0.0000,0.0000,0.0000,1.0000,0.0831,0.2046,0.1050
365,9,7.7486,-0.1872,0.4544,0.9990,-0.0441,0.0000,0.0441,0.9990,0.0000,0.0000,0.0000,1.0000,0.0210,0.0279,0.0569
365,10,7.7898,-0.2490,0.4546,0.9990,-0.0441,0.0000,0.0441,0.9990,0.0000,0.0000,0.0000,1.0000,0.0210,0.0279,0.0569
366,0,7.0986,-0.1522,0.4400,0.9990,-0.0441,0.0000,0.0441,0.9990,0.0000,0.0000,0.0000,1.0000,0.2577,0.2263,0.1400
366,1,7.1068,-0.1496,0.6052,0.9990,-0.0441,0.0000,0.0441,0.9990,0.0000,0.0000,0.0000,1.0000,0.1100,0.2168,0.3052
366,2,7.1799,-0.2132,0.5173,0.9990,-0.0441,0.0000,0.0441,0.9990,0.0000,0.0000,0.0000,1.0000,0.1101,0.3070,0.2173
366,3,7.1945,-0.3907,0.5889,0.9990,-0.0441,0.0000,0.0441,0.9990,0.0000,0.0000,0.0000,1.0000,0.2836,0.2073,0.2889
366,4,7.3105,-0.4424,0.5062,0.9990,-0.0441,0.0000,0.0441,0.9990,0.0000,0.0000,0.0000,1.0000,0.2820,0.2947,0.2062
366,5,7.4839,-0.3131,0.6614,0.9990,-0.0441,0.0000,0.0441,0.9990,0.0000,0.0000,0.0000,1.0000,0.1112,0.2100,0.3614
366,6,7.5777,-0.2977,0.4265,0.9990,-0.0441,0.0000,0.0441,0.9990,0.0000,0.0000,0.0000,1.0000,0.1972,0.1336,0.1265
366,7,7.6869,-0.2941,0.4491,0.9990,-0.0441,0.0000,0.0441,0.9990,0.0000,0.0000,0.0000,1.0000,0.1624,0.1625,0.0548
366,8,7.7161,-0.2522,0.4472,0.9990,-0.0441,0.0000,0.0441,0.9990,0.0000,0.0000,0.0000,1.0000,0.0831,0.2046,0.1050
366,9,7.7493,-0.1873,0.4544,0.9990,-0.0441,0.0000,0.0441,0.9990,0.0000,0.0000,0.0000,1.0000,0.0210,0.0279,0.0569
366,10,7.7906,-0.2490,0.4546,0.9990,-0.0441,0.0000,0.0441,0.9990,0.0000,0.0000,0.0000,1.0000,0.0210,0.0279,0.0569
367,0,7.0995,-0.1522,0.4400,0.9990,-0.0441,0.0000,0.0441,0.9990,0.0000,0.0000,0.0000,1.0000,0.2577,0.2263,0.1400
367,1,7.1077,-0.1497,0.6052,0.9990,-0.0441,0.0000,0.0441,0.9990,0.0000,0.0000,0.0000,1.0000,0.1100,0.2168,0.3052
367,2,7.1809,-0.2132,0.5173,0.9990,-0.0441,0.0000,0.0441,0.9990,0.0000,0.0000,0.0000,1.0000,0.1101,0.3070,0.2173
367,3,7.1955,-0.3908,0.5889,0.9990,-0.0441,0.0000,0.0441,0.9990,0.0000,0.0000,0.0000,1.0000,0.2836,0.2073,0.2889
367,4,7.3114,-0.4424,0.5062,0.9990,-0.0441,0.0000,0.0441,0.9990,0.0000,0.0000,0.0000,1.0000,0.2820,0.2947,0.2062
367,5,7.4849,-0.3131,0.6614,0.9990,-0.0441,0.0000,0.0441,0.9990,0.0000,0.0000,0.0000,1.0000,0.1112,0.2100,0.3614
367,6,7.5786,-0.2978,0.4265,0.9990,-0.0441,0.0000,0.0441,0.9990,0.0000,0.0000,0.0000,1.0000,0.1972,0.1336,0.1265
367,7,7.6878,-0.2942,0.4491,0.9990,-0.0441,0.0000,0.0441,0.9990,0.0000,0.0000,0.0000,1.0000,0.1624,0.1625,0.0548
367,8,7.7171,-0.2522,0.4472,0.9990,-0.0441,0.0000,0.0441,0.9990,0.0000,0.0000,0.0000,1.0000,0.0831,0.2046,0.1050
367,9,7.7503,-0.1873,0.4544,0.9990,-0.0441,0.0000,0.0441,0.9990,0.0000,0.0000,0.0000,1.0000,0.0210,0.0279,0.0569
367,10,7.7915,-0.2491,0.4546,0.9990,-0.0441,0.0000,0.0441,0.9990,0.0000,0.0000,0.0000,1.0000,0.0210,0.0279,0.0569
368,0,7.1003,-0.1522,0.4400,0.9990,-0.0440,0.0000,0.0440,0.9990,0.0000,0.0000,0.0000,1.0000,0.2577,0.2263,0.1400
368,1,7.1085,-0.1497,0.6052,0.9990,-0.0440,0.0000,0.0440,0.9990,0.0000,0.0000,0.0000,1.0000,0.1100,0.2168,0.3052
368,2,7.1817,-0.2133,0.5173,0.9990,-0.0440,0.0000,0.0440,0.9990,0.0000,0.0000,0.0000,1.0000,0.1101,0.3070,0.2173
368,3,7.1962,-0.3908,0.5889,0.9990,-0.0440,0.0000,0.0440,0.9990,0.0000,0.0000,0.0000,1.0000,0.2836,0.2073,0.2889
368,4,7.3122,-0.4425,0.5062,0.9990,-0.0440,0.0000,0.0440,0.9990,0.0000,0.0000,0.0000,1.0000,0.2820,0.2947,0.2062
368,5,7.4856,-0.3132,0.6614,0.9990,-0.0440,0.0000,0.0440,0.9990,0.0000,0.0000,0.0000,1.0000,0.1112,0.2100,0.3614
368,6,7.5794,-0.2978,0.4265,0.9990,-0.0440,0.0000,0.0440,0.9990,0.0000,0.0000,0.0000,1.0000,0.1972,0.1336,0.1265
368,7,7.6886,-0.2942,0.4491,0.9990,-0.0440,0.0000,0.0440,0.9990,0.0000,0.0000,0.0000,1.0000,0.1624,0.1625,0.0548
368,8,7.7179,-0.2522,0.4472,0.9990,-0.0440,0.0000,0.0440,0.9990,0.0000,0.0000,0.0000,1.0000,0.0831,0.2046,0.1050
368,9,7.7510,-0.1873,0.4544,0.9990,-0.0440,0.0000,0.0440,0.9990,0.0000,0.0000,0.0000,1.0000,0.0210,0.0279,0.0569
368,10,7.7923,-0.2491,0.4546,0.9990,-0.0440,0.0000,0.0440,0.9990,0.0000,0.0000,0.0000,1.0000,0.0210,0.0279,0.0569
369,0,7.1009,-0.1523,0.4400,0.9990,-0.0440,0.0000,0.0440,0.9990,0.0000,0.0000,0.0000,1.0000,0.2577,0.2263,0.1400
369,1,7.1091,-0.1497,0.6052,0.9990,-0.0440,0.0000,0.0440,0.9990,0.0000,0.0000,0.0000,1.0000,0.1100,0.2168,0.3052
369,2,7.1823,-0.2133,0.5173,0.9990,-0.0440,0.0000,0.0440,0.9990,0.0000,0.0000,0.0000,1.0000,0.1101,0.3070,0.2173
369,3,7.1969,-0.3908,0.5889,0.9990,-0.0440,0.0000,0.0440,0.9990,0.0000,0.0000,0.0000,1.0000,0.2836,0.2073,0.2889
369,4,7.3128,-0.4425,0.5062,0.9990,-0.0440,0.0000,0.0440,0.9990,0.0000,0.0000,0.0000,1.0000,0.2820,0.2947,0.2062
369,5,7.4863,-0.3132,0.6614,0.9990,-0.0440,0.0000,0.0440,0.9990,0.0000,0.0000,0.0000,1.0000,0.1112,0.2100,0.3614
369,6,7.5801,-0.2978,0.4265,0.9990,-0.0440,0.0000,0.0440,0.9990,0.0000,0.0000,0.0000,1.0000,0.1972,0.1336,0.1265
369,7,7.6892,-0.2942,0.4491,0.9990,-0.0440,0.0000,0.0440,0.9990,0.0000,0.0000,0.0000,1.0000,0.1624,0.1625,0.0548
369,8,7.7185,-0.2523,0.4472,0.9990,-0.0440,0.0000,0.0440,0.9990,0.0000,0.0000,0.0000,1.0000,0.0831,0.2046,0.1050
369,9,7.7517,-0.1874,0.4544,0.9990,-0.0440,0.0000,0.0440,0.9990,0.0000,0.0000,0.0000,1.0000,0.0210,0.0279,0.0569
369,10,7.7929,-0.2491,0.4546,0.9990,-0.0440,0.0000,0.0440,0.9990,0.0000,0.0000,0.0000,1.0000,0.0210,0.0279,0.0569
370,0,7.1015,-0.1523,0.4400,0.9990,-0.0441,0.0000,0.0441,0.9990,0.0000,0.0000,0.0000,1.0000,0.2577,0.2263,0.1400
370,1,7.1097,-0.1498,0.6052,0.9990,-0.0441,0.0000,0.0441,0.9990,0.0000,0.0000,0.0000,1.0000,0.1100,0.2168,0.3052
370,2,7.1829,-0.2133,0.5173,0.9990,-0.0441,0.0000,0.0441,0.9990,0.0000,0.0000,0.0000,1.0000,0.1101,0.3070,0.2173
370,3,7.1975,-0.3909,0.5889,0.9990,-0.0441,0.0000,0.0441,0.9990,0.0000,0.0000,0.0000,1.0000,0.2836,0.2073,0.2889
370,4,7.3134,-0.4425,0.5062,0.9990,-0.0441,0.0000,0.0441,0.9990,0.0000,0.0000,0.0000,1.0000,0.2820,0.2947,0.2062
370,5,7.4869,-0.3132,0.6614,0.9990,-0.0441,0.0000,0.0441,0.9990,0.0000,0.0000,0.0000,1.0000,0.1112,0.2100,0.3614
370,6,7.5806,-0.2978,0.4265,0.9990,-0.0441,0.0000,0.0441,0.9990,0.0000,0.0000,0.0000,1.0000,0.1972,0.1336,0.1265
370,7,7.6898,-0.2942,0.4491,0.9990,-0.0441,0.0000,0.0441,0.9990,0.0000,0.0000,0.0000,1.0000,0.1624,0.1625,0.0548
370,8,7.7191,-0.2523,0.4472,0.9990,-0.0441,0.0000,0.0441,0.9990,0.0000,0.0000,0.0000,1.0000,0.0831,0.2046,0.1050
370,9,7.7523,-0.1874,0.4544,0.9990,-0.0441,0.0000,0.0441,0.9990,0.0000,0.0000,0.0000,1.0000,0.0210,0.0279,0.0569
370,10,7.7935,-0.2492,0.4546,0.9990,-0.0441,0.0000,0.0441,0.9990,0.0000,0.0000,0.0000,1.0000,0.0210,0.0279,0.0569
371,0,7.1019,-0.1523,0.4400,0.9990,-0.0440,0.0000,0.0440,0.9990,0.0000,0.0000,0.0000,1.0000,0.2577,0.2263,0.1400
371,1,7.1101,-0.1498,0.6052,0.9990,-0.0440,0.0000,0.0440,0.9990,0.0000,0.0000,0.0000,1.0000,0.1100,0.2168,0.3052
371,2,7.1833,-0.2134,0.5173,0.9990,-0.0440,0.0000,0.0440,0.9990,0.0000,0.0000,0.0000,1.0000,0.1101,0.3070,0.2173
371,3,7.1979,-0.3909,0.5889,0.9990,-0.0440,0.0000,0.0440,0.9990,0.0000,0.0000,0.0000,1.0000,0.2836,0.2073,0.2889
371,4,7.3138,-0.4425,0.5062,0.9990,-0.0440,0.0000,0.0440,0.9990,0.0000,0.0000,0.0000,1.0000,0.2820,0.2947,0.2062
371,5,7.4873,-0.3132,0.6614,0.9990,-0.0440,0.0000,0.0440,0.9990,0.0000,0.0000,0.0000,1.0000,0.1112,0.2100,0.3614
371,6,7.5811,-0.2979,0.4265,0.9990,-0.0440,0.0000,0.0440,0.9990,0.0000,0.0000,0.0000,1.0000,0.1972,0.1336,0.1265
371,7,7.6902,-0.2943,0.4491,0.9990,-0.0440,0.0000,0.0440,0.9990,0.0000,0.0000,0.0000,1.0000,0.1624,0.1625,0.0548
371,8,7.7195,-0.2523,0.4472,0.9990,-0.0440,0.0000,0.0440,0.9990,0.0000,0.0000,0.0000,1.0000,0.0831,0.2046,0.1050
371,9,7.7527,-0.1874,0.4544,0.9990,-0.0440,0.0000,0.0440,0.9990,0.0000,0.0000,0.0000,1.0000,0.0210,0.0279,0.0569
371,10,7.7939,-0.2492,0.4546,0.9990,-0.0440,0.0000,0.0440,0.9990,0.0000,0.0000,0.0000,1.0000,0.0210,0.0279,0.0569
372,0,7.1023,-0.1523,0.4400,0.9990,-0.0440,0.0000,0.0440,0.9990,0.0000,0.0000,0.0000,1.0000,0.2577,0.2263,0.1400
372,1,7.1106,-0.1498,0.6052,0.9990,-0.0440,0.0000,0.0440,0.9990,0.0000,0.0000,0.0000,1.0000,0.1100,0.2168,0.3052
372,2,7.1837,-0.2134,0.5173,0.9990,-0.0440,0.0000,0.0440,0.9990,0.0000,0.0000,0.0000,1.0000,0.1101,0.3070,0.2173
372,3,7.1983,-0.3909,0.5889,0.9990,-0.0440,0.0000,0.0440,0.9990,0.0000,0.0000,0.0000,1.0000,0.2836,0.2073,0.2889
372,4,7.3143,-0.4425,0.5062,0.9990,-0.0440,0.0000,0.0440,0.9990,0.0000,0.0000,0.0000,1.0000,0.2820,0.2947,0.2062
372,5,7.4877,-0.3133,0.6614,0.9990,-0.0440,0.0000,0.0440,0.9990,0.0000,0.0000,0.0000,1.0000,0.1112,0.2100,0.3614
372,6,7.5815,-0.2979,0.4265,0.9990,-0.0440,0.0000,0.0440,0.9990,0.0000,0.0000,0.0000,1.0000,0.1972,0.1336,0.1265
372,7,7.6907,-0.2943,0.4491,0.9990,-0.0440,0.0000,0.0440,0.9990,0.0000,0.0000,0.0000,1.0000,0.1624,0.1625,0.0548
372,8,7.7199,-0.2523,0.4472,0.9990,-0.0440,0.0000,0.0440,0.9990,0.0000,0.0000,0.0000,1.0000,0.0831,0.2046,0.1050
372,9,7.7531,-0.1874,0.4544,0.9990,-0.0440,0.0000,0.0440,0.9990,0.0000,0.0000,0.0000,1.0000,0.0210,0.0279,0.0569
372,10,7.7943,-0.2492,0.4546,0.9990,-0.0440,0.0000,0.0440,0.9990,0.0000,0.0000,0.0000,1.0000,0.0210,0.0279,0.0569
373,0,7.1030,-0.1524,0.4400,0.9990,-0.0440,0.0000,0.0440,0.9990,0.0000,0.0000,0.0000,1.0000,0.2577,0.2263,0.1400
373,1,7.1112,-0.1498,0.6052,0.9990,-0.0440,0.0000,0.0440,0.9990,0.0000,0.0000,0.0000,1.0000,0.1100,0.2168,0.3052
373,2,7.1844,-0.2134,0.5173,0.9990,-0.0440,0.0000,0.0440,0.9990,0.0000,0.0000,0.0000,1.0000,0.1101,0.3070,0.2173
373,3,7.1990,-0.3909,0.5889,0.9990,-0.0440,0.0000,0.0440,0.9990,0.0000,0.0000,0.0000,1.0000,0.2836,0.2073,0.2889
373,4,7.3149,-0.4426,0.5062,0.9990,-0.0440,0.0000,0.0440,0.9990,0.0000,0.0000,0.0000,1.0000,0.2820,0.2947,0.2062
373,5,7.4884,-0.3133,0.6614,0.9990,-0.0440,0.0000,0.0440,0.9990,0.0000,0.0000,0.0000,1.0000,0.1112,0.2100,0.3614
373,6,7.5821,-0.2979,0.4265,0.9990,-0.0440,0.0000,0.0440,0.9990,0.0000,0.0000,0.0000,1.0000,0.1972,0.1336,0.1265
373,7,7.6913,-0.2943,0.4491,0.9990,-0.0440,0.0000,0.0440,0.9990,0.0000,0.0000,0.0000,1.0000,0.1624,0.1625,0.0548
373,8,7.7206,-0.2524,0.4472,0.9990,-0.0440,0.0000,0.0440,0.9990,0.0000,0.0000,0.0000,1.0000,0.0831,0.2046,0.1050
373,9,7.7538,-0.1875,0.4544,0.9990,-0.0440,0.0000,0.0440,0.9990,0.0000,0.0000,0.0000,1.0000,0.0210,0.0279,0.0569
373,10,7.7950,-0.2492,0.4546,0.9990,-0.0440,0.0000,0.0440,0.9990,0.0000,0.0000,0.0000,1.0000,0.0210,0.0279,0.0569
374,0,7.1040,-0.1524,0.4400,0.9990,-0.0440,0.0000,0.0440,0.9990,0.0000,0.0000,0.0000,1.0000,0.2577,0.2263,0.1400
374,1,7.1123,-0.1499,0.6052,0.9990,-0.0440,0.0000,0.0440,0.9990,0.0000,0.0000,0.0000,1.0000,0.1100,0.2168,0.3052
374,2,7.1854,-0.2135,0.5173,0.9990,-0.0440,0.0000,0.0440,0.9990,0.0000,0.0000,0.0000,1.0000,0.1101,0.3070,0.2173
374,3,7.2000,-0.3910,0.5889,0.9990,-0.0440,0.0000,0.0440,0.9990,0.0000,0.0000,0.0000,1.0000,0.2836,0.2073,0.2889
374,4,7.3160,-0.4426,0.5062,0.9990,-0.0440,0.0000,0.0440,0.9990,0.0000,0.0000,0.0000,1.0000,0.2820,0.2947,0.2062
374,5,7.4894,-0.3133,0.6614,0.9990,-0.0440,0.0000,0.0440,0.9990,0.0000,0.0000,0.0000,1.0000,0.1112,0.2100,0.3614
374,6,7.5832,-0.2980,0.4265,0.9990,-0.0440,0.0000,0.0440,0.9990,0.0000,0.0000,0.0000,1.0000,0.1972,0.1336,0.1265
374,7,7.6924,-0.2944,0.4491,0.9990,-0.0440,0.0000,0.0440,0.9990,0.0000,0.0000,0.0000,1.0000,0.1624,0.1625,0.0548
374,8,7.7216,-0.2524,0.4472,0.9990,-0.0440,0.0000,0.0440,0.9990,0.0000,0.0000,0.0000,1.0000,0.0831,0.2046,0.1050
374,9,7.7548,-0.1875,0.4544,0.9990,-0.0440,0.0000,0.0440,0.9990,0.0000,0.0000,0.0000,1.0000,0.0210,0.0279,0.0569
374,10,7.7961,-0.2493,0.4546,0.9990,-0.0440,0.0000,0.0440,0.9990,0.0000,0.0000,0.0000,1.0000,0.0210,0.0279,0.0569
375,0,7.1053,-0.1525,0.4400,0.9990,-0.0440,0.0000,0.0440,0.9990,0.0000,0.0000,0.0000,1.0000,0.2577,0.2263,0.1400
375,1,7.1135,-0.1499,0.6052,0.9990,-0.0440,0.0000,0.0440,0.9990,0.0000,0.0000,0.0000,1.0000,0.1100,0.2168,0.3052
375,2,7.1866,-0.2135,0.5173,0.9990,-0.0440,0.0000,0.0440,0.9990,0.0000,0.0000,0.0000,1.0000,0.1101,0.3070,0.2173
375,3,7.2012,-0.3910,0.5889,0.9990,-0.0440,0.0000,0.0440,0.9990,0.0000,0.0000,0.0000,1.0000,0.2836,0.2073,0.2889
375,4,7.3172,-0.4427,0.5062,0.9990,-0.0440,0.0000,0.0440,0.9990,0.0000,0.0000,0.0000,1.0000,0.2820,0.2947,0.2062
375,5,7.4906,-0.3134,0.6614,0.9990,-0.0440,0.0000,0.0440,0.9990,0.0000,0.0000,0.0000,1.0000,0.1112,0.2100,0.3614
375,6,7.5844,-0.2980,0.4265,0.9990,-0.0440,0.0000,0.0440,0.9990,0.0000,0.0000,0.0000,1.0000,0.1972,0.1336,0.1265
375,7,7.6936,-0.2944,0.4491,0.9990,-0.0440,0.0000,0.0440,0.9990,0.0000,0.0000,0.0000,1.0000,0.1624,0.1625,0.0548
375,8,7.7228,-0.2525,0.4472,0.9990,-0.0440,0.0000,0.0440,0.9990,0.0000,0.0000,0.0000,1.0000,0.0831,0.2046,0.1050
375,9,7.7560,-0.1876,0.4544,0.9990,-0.0440,0.0000,0.0440,0.9990,0.0000,0.0000,0.0000,1.0000,0.0210,0.0279,0.0569
375,10,7.7973,-0.2493,0.4546,0.9990,-0.0440,0.0000,0.0440,0.9990,0.0000,0.0000,0.0000,1.0000,0.0210,0.0279,0.0569
376,0,7.1064,-0.1525,0.4400,0.9990,-0.0440,0.0000,0.0440,0.9990,0.0000,0.0000,0.0000,1.0000,0.2577,0.2263,0.1400
376,1,7.1147,-0.1500,0.6052,0.9990,-0.0440,0.0000,0.0440,0.9990,0.0000,0.0000,0.0000,1.0000,0.1100,0.2168,0.3052
376,2,7.1878,-0.2136,0.5173,0.9990,-0.0440,0.0000,0.0440,0.9990,0.0000,0.0000,0.0000,1.0000,0.1101,0.3070,0.2173
376,3,7.2024,-0.3911,0.5889,0.9990,-0.0440,0.0000,0.0440,0.9990,0.0000,0.0000,0.0000,1.0000,0.2836,0.2073,0.2889
376,4,7.3184,-0.4427,0.5062,0.9990,-0.0440,0.0000,0.0440,0.9990,0.0000,0.0000,0.0000,1.0000,0.2820,0.2947,0.2062
376,5,7.4918,-0.3134,0.6614,0.9990,-0.0440,0.0000,0.0440,0.9990,0.0000,0.0000,0.0000,1.0000,0.1112,0.2100,0.3614
376,6,7.5856,-0.2981,0.4265,0.9990,-0.0440,0.0000,0.0440,0.9990,0.0000,0.0000,0.0000,1.0000,0.1972,0.1336,0.1265
376,7,7.6948,-0.2945,0.4491,0.9990,-0.0440,0.0000,0.0440,0.9990,0.0000,0.0000,0.0000,1.0000,0.1624,0.1625,0.0548
376,8,7.7240,-0.2525,0.4472,0.9990,-0.0440,0.0000,0.0440,0.9990,0.0000,0.0000,0.0000,1.0000,0.0831,0.2046,0.1050
376,9,7.7572,-0.1876,0.4544,0.9990,-0.0440,0.0000,0.0440,0.9990,0.0000,0.0000,0.0000,1.0000,0.0210,0.0279,0.0569
376,10,7.7984,-0.2494,0.4546,0.9990,-0.0440,0.0000,0.0440,0.9990,0.0000,0.0000,0.0000,1.0000,0.0210,0.0279,0.0569
377,0,7.1075,-0.1526,0.4400,0.9990,-0.0440,0.0000,0.0440,0.9990,0.0000,0.0000,0.0000,1.0000,0.2577,0.2263,0.1400
377,1,7.1157,-0.1500,0.6052,0.9990,-0.0440,0.0000,0.0440,0.9990,0.0000,0.0000,0.0000,1.0000,0.1100,0.2168,0.3052
377,2,7.1889,-0.2136,0.5173,0.9990,-0.0440,0.0000,0.0440,0.9990,0.0000,0.0000,0.0000,1.0000,0.1101,0.3070,0.2173
377,3,7.2035,-0.3911,0.5889,0.9990,-0.0440,0.0000,0.0440,0.9990,0.0000,0.0000,0.0000,1.0000,0.2836,0.2073,0.2889
377,4,7.3194,-0.4428,0.5062,0.9990,-0.0440,0.0000,0.0440,0.9990,0.0000,0.0000,0.0000,1.0000,0.2820,0.2947,0.2062
377,5,7.4929,-0.3135,0.6614,0.9990,-0.0440,0.0000,0.0440,0.9990,0.0000,0.0000,0.0000,1.0000,0.1112,0.2100,0.3614
377,6,7.5867,-0.2981,0.4265,0.9990,-0.0440,0.0000,0.0440,0.9990,0.0000,0.0000,0.0000,1.0000,0.1972,0.1336,0.1265
377,7,7.6958,-0.2945,0.4491,0.9990,-0.0440,0.0000,0.0440,0.9990,0.0000,0.0000,0.0000,1.0000,0.1624,0.1625,0.0548
377,8,7.7251,-0.2526,0.4472,0.9990,-0.0440,0.0000,0.0440,0.9990,0.0000,0.0000,0.0000,1.0000,0.0831,0.2046,0.1050
377,9,7.7583,-0.1877,0.4544,0.9990,-0.0440,0.0000,0.0440,0.9990,0.0000,0.0000,0.0000,1.0000,0.0210,0.0279,0.0569
377,10,7.7995,-0.2494,0.4546,0.9990,-0.0440,0.0000,0.0440,0.9990,0.0000,0.0000,0.0000,1.0000,0.0210,0.0279,0.0569
378,0,7.1083,-0.1526,0.4400,0.9990,-0.0440,0.0000,0.0440,0.9990,0.0000,0.0000,0.0000,1.0000,0.2577,0.2263,0.1400
378,1,7.1165,-0.1501,0.6052,0.9990,-0.0440,0.0000,0.0440,0.9990,0.0000,0.0000,0.0000,1.0000,0.1100,0.2168,0.3052
378,2,7.1897,-0.2136,0.5173,0.9990,-0.0440,0.0000,0.0440,0.9990,0.0000,0.0000,0.0000,1.0000,0.1101,0.3070,0.2173
378,3,7.2043,-0.3912,0.5889,0.9990,-0.0440,0.0000,0.0440,0.9990,0.0000,0.0000,0.0000,1.0000,0.2836,0.2073,0.2889
378,4,7.3202,-0.4428,0.5062,0.9990,-0.0440,0.0000,0.0440,0.9990,0.0000,0.0000,0.0000,1.0000,0.2820,0.2947,0.2062
378,5,7.4937,-0.3135,0.6614,0.9990,-0.0440,0.0000,0.0440,0.9990,0.0000,0.0000,0.0000,1.0000,0.1112,0.2100,0.3614
378,6,7.5875,-0.2981,0.4265,0.9990,-0.0440,0.0000,0.0440,0.9990,0.0000,0.0000,0.0000,1.0000,0.1972,0.1336,0.1265
378,7,7.6966,-0.2945,0.4491,0.9990,-0.0440,0.0000,0.0440,0.9990,0.0000,0.0000,0.0000,1.0000,0.1624,0.1625,0.0548
378,8,7.7259,-0.2526,0.4472,0.9990,-0.0440,0.0000,0.0440,0.9990,0.0000,0.0000,0.0000,1.0000,0.0831,0.2046,0.1050
378,9,7.7591,-0.1877,0.4544,0.9990,-0.0440,0.0000,0.0440,0.9990,0.0000,0.0000,0.0000,1.0000,0.0210,0.0279,0.0569
378,10,7.8003,-0.2495,0.4546,0.9990,-0.0440,0.0000,0.0440,0.9990,0.0000,0.0000,0.0000,1.0000,0.0210,0.0279,0.0569
379,0,7.1088,-0.1526,0.4400,0.9990,-0.0440,0.0000,0.0440,0.9990,0.0000,0.0000,0.0000,1.0000,0.2577,0.2263,0.1400
379,1,7.1170,-0.1501,0.6052,0.9990,-0.0440,0.0000,0.0440,0.9990,0.0000,0.0000,0.0000,1.0000,0.1100,0.2168,0.3052
379,2,7.1902,-0.2137,0.5173,0.9990,-0.0440,0.0000,0.0440,0.9990,0.0000,0.0000,0.0000,1.0000,0.1101,0.3070,0.2173
379,3,7.2048,-0.3912,0.5889,0.9990,-0.0440,0.0000,0.0440,0.9990,0.0000,0.0000,0.0000,1.0000,0.2836,0.2073,0.2889
379,4,7.3207,-0.4428,0.5062,0.9990,-0.0440,0.0000,0.0440,0.9990,0.0000,0.0000,0.0000,1.0000,0.2820,0.2947,0.2062
379,5,7.4942,-0.3135,0.6614,0.9990,-0.0440,0.0000,0.0440,0.9990,0.0000,0.0000,0.0000,1.0000,0.1112,0.2100,0.3614
379,6,7.5880,-0.2982,0.4265,0.9990,-0.0440,0.0000,0.0440,0.9990,0.0000,0.0000,0.0000,1.0000,0.1972,0.1336,0.1265
379,7,7.6971,-0.2946,0.4491,0.9990,-0.0440,0.0000,0.0440,0.9990,0.0000,0.0000,0.0000,1.0000,0.1624,0.1625,0.0548
379,8,7.7264,-0.2526,0.4472,0.9990,-0.0440,0.0000,0.0440,0.9990,0.0000,0.0000,0.0000,1.0000,0.0831,0.2046,0.1050
379,9,7.7596,-0.1877,0.4544,0.9990,-0.0440,0.0000,0.0440,0.9990,0.0000,0.0000,0.0000,1.0000,0.0210,0.0279,0.0569
379,10,7.8008,-0.2495,0.4546,0.9990,-0.0440,0.0000,0.0440,0.9990,0.0000,0.0000,0.0000,1.0000,0.0210,0.0279,0.0569
380,0,7.1092,-0.1526,0.4400,0.9990,-0.0440,0.0000,0.0440,0.9990,0.0000,0.0000,0.0000,1.0000,0.2577,0.2263,0.1400
380,1,7.1174,-0.1501,0.6052,0.9990,-0.0440,0.0000,0.0440,0.9990,0.0000,0.0000,0.0000,1.0000,0.1100,0.2168,0.3052
380,2,7.1906,-0.2137,0.5173,0.9990,-0.0440,0.0000,0.0440,0.9990,0.0000,0.0000,0.0000,1.0000,0.1101,0.3070,0.2173
380,3,7.2052,-0.3912,0.5889,0.9990,-0.0440,0.0000,0.0440,0.9990,0.0000,0.0000,0.0000,1.0000,0.2836,0.2073,0.2889
380,4,7.3211,-0.4428,0.5062,0.9990,-0.0440,0.0000,0.0440,0.9990,0.0000,0.0000,0.0000,1.0000,0.2820,0.2947,0.2062
380,5,7.4946,-0.3136,0.6614,0.9990,-0.0440,0.0000,0.0440,0.9990,0.0000,0.0000,0.0000,1.0000,0.1112,0.2100,0.3614
380,6,7.5883,-0.2982,0.4265,0.9990,-0.0440,0.0000,0.0440,0.9990,0.0000,0.0000,0.0000,1.0000,0.1972,0.1336,0.1265
380,7,7.6975,-0.2946,0.4491,0.9990,-0.0440,0.0000,0.0440,0.9990,0.0000,0.0000,0.0000,1.0000,0.1624,0.1625,0.0548
380,8,7.7268,-0.2526,0.4472,0.9990,-0.0440,0.0000,0.0440,0.9990,0.0000,0.0000,0.0000,1.0000,0.0831,0.2046,0.1050
380,9,7.7600,-0.1877,0.4544,0.9990,-0.0440,0.0000,0.0440,0.9990,0.0000,0.0000,0.0000,1.0000,0.0210,0.0279,0.0569
380,10,7.8012,-0.2495,0.4546,0.9990,-0.0440,0.0000,0.0440,0.9990,0.0000,0.0000,0.0000,1.0000,0.0210,0.0279,0.0569
381,0,7.1096,-0.1527,0.4400,0.9990,-0.0440,0.0000,0.0440,0.9990,0.0000,0.0000,0.0000,1.0000,0.2577,0.2263,0.1400
381,1,7.1178,-0.1501,0.6052,0.9990,-0.0440,0.0000,0.0440,0.9990,0.0000,0.0000,0.0000,1.0000,0.1100,0.2168,0.3052
381,2,7.1910,-0.2137,0.5173,0.9990,-0.0440,0.0000,0.0440,0.9990,0.0000,0.0000,0.0000,1.0000,0.1101,0.3070,0.2173
381,3,7.2056,-0.3912,0.5889,0.9990,-0.0440,0.0000,0.0440,0.9990,0.0000,0.0000,0.0000,1.0000,0.2836,0.2073,0.2889
381,4,7.3215,-0.4429,0.5062,0.9990,-0.0440,0.0000,0.0440,0.9990,0.0000,0.0000,0.0000,1.0000,0.2820,0.2947,0.2062
381,5,7.4950,-0.3136,0.6614,0.9990,-0.0440,0.0000,0.0440,0.9990,0.0000,0.0000,0.0000,1.0000,0.1112,0.2100,0.3614
381,6,7.5887,-0.2982,0.4265,0.9990,-0.0440,0.0000,0.0440,0.9990,0.0000,0.0000,0.0000,1.0000,0.1972,0.1336,0.1265
381,7,7.6979,-0.2946,0.4491,0.9990,-0.0440,0.0000,0.0440,0.9990,0.0000,0.0000,0.0000,1.0000,0.1624,0.1625,0.0548
381,8,7.7272,-0.2527,0.4472,0.9990,-0.0440,0.0000,0.0440,0.9990,0.0000,0.0000,0.0000,1.0000,0.0831,0.2046,0.1050
381,9,7.7604,-0.1877,0.4544,0.9990,-0.0440,0.0000,0.0440,0.9990,0.0000,0.0000,0.0000,1.0000,0.0210,0.0279,0.0569
381,10,7.8016,-0.2495,0.4546,0.9990,-0.0440,0.0000,0.0440,0.9990,0.0000,0.0000,0.0000,1.0000,0.0210,0.0279,0.0569
382,0,7.1100,-0.1527,0.4400,0.9990,-0.0440,0.0000,0.0440,0.9990,0.0000,0.0000,0.0000,1.0000,0.2577,0.2263,0.1400
382,1,7.1182,-0.1501,0.6052,0.9990,-0.0440,0.0000,0.0440,0.9990,0.0000,0.0000,0.0000,1.0000,0.1100,0.2168,0.3052
382,2,7.1914,-0.2137,0.5173,0.9990,-0.0440,0.0000,0.0440,0.9990,0.0000,0.0000,0.0000,1.0000,0.1101,0.3070,0.2173
382,3,7.2060,-0.3912,0.5889,0.9990,-0.0440,0.0000,0.0440,0.9990,0.0000,0.0000,0.0000,1.0000,0.2836,0.2073,0.2889
382,4,7.3219,-0.4429,0.5062,0.9990,-0.0440,0.0000,0.0440,0.9990,0.0000,0.0000,0.0000,1.0000,0.2820,0.2947,0.2062
382,5,7.4954,-0.3136,0.6614,0.9990,-0.0440,0.0000,0.0440,0.9990,0.0000,0.0000,0.0000,1.0000,0.1112,0.2100,0.3614
382,6,7.5891,-0.2982,0.4265,0.9990,-0.0440,0.0000,0.0440,0.9990,0.0000,0.0000,0.0000,1.0000,0.1972,0.1336,0.1265
382,7,7.6983,-0.2946,0.4491,0.9990,-0.0440,0.0000,0.0440,0.9990,0.0000,0.0000,0.0000,1.0000,0.1624,0.1625,0.0548
382,8,7.7276,-0.2527,0.4472,0.9990,-0.0440,0.0000,0.0440,0.9990,0.0000,0.0000,0.0000,1.0000,0.0831,0.2046,0.1050
382,9,7.7608,-0.1878,0.4544,0.9990,-0.0440,0.0000,0.0440,0.9990,0.0000,0.0000,0.0000,1.0000,0.0210,0.0279,0.0569
382,10,7.8020,-0.2495,0.4546,0.9990,-0.0440,0.0000,0.0440,0.9990,0.0000,0.0000,0.0000,1.0000,0.0210,0.0279,0.0569
383,0,7.1103,-0.1527,0.4400,0.9990,-0.0440,0.0000,0.0440,0.9990,0.0000,0.0000,0.0000,1.0000,0.2577,0.2263,0.1400
383,1,7.1185,-0.1501,0.6052,0.9990,-0.0440,0.0000,0.0440,0.9990,0.0000,0.0000,0.0000,1.0000,0.1100,0.2168,0.3052
383,2,7.1917,-0.2137,0.5173,0.9990,-0.0440,0.0000,0.0440,0.9990,0.0000,0.0000,0.0000,1.0000,0.1101,0.3070,0.2173
383,3,7.2063,-0.3912,0.5889,0.9990,-0.0440,0.0000,0.0440,0.9990,0.0000,0.0000,0.0000,1.0000,0.2836,0.2073,0.2889
383,4,7.3222,-0.4429,0.5062,0.9990,-0.0440,0.0000,0.0440,0.9990,0.0000,0.0000,0.0000,1.0000,0.2820,0.2947,0.2062
383,5,7.4957,-0.3136,0.6614,0.9990,-0.0440,0.0000,0.0440,0.9990,0.0000,0.0000,0.0000,1.0000,0.1112,0.2100,0.3614
383,6,7.5894,-0.2982,0.4265,0.9990,-0.0440,0.0000,0.0440,0.9990,0.0000,0.0000,0.0000,1.0000,0.1972,0.1336,0.1265
383,7,7.6986,-0.2946,0.4491,0.9990,-0.0440,0.0000,0.0440,0.9990,0.0000,0.0000,0.0000,1.0000,0.1624,0.1625,0.0548
383,8,7.7279,-0.2527,0.4472,0.9990,-0.0440,0.0000,0.0440,0.9990,0.0000,0.0000,0.0000,1.0000,0.0831,0.2046,0.1050
383,9,7.7611,-0.1878,0.4544,0.9990,-0.0440,0.0000,0.0440,0.9990,0.0000,0.0000,0.0000,1.0000,0.0210,0.0279,0.0569
383,10,7.8023,-0.2496,0.4546,0.9990,-0.0440,0.0000,0.0440,0.9990,0.0000,0.0000,0.0000,1.0000,0.0210,0.0279,0.0569
384,0,0.4377,-0.0091,0.4400,1.0000,-0.0063,0.0000,0.0063,1.0000,0.0000,0.0000,0.0000,1.0000,0.2577,0.2263,0.1400
384,1,0.4459,-0.0063,0.6052,1.0000,-0.0063,0.0000,0.0063,1.0000,0.0000,0.0000,0.0000,1.0000,0.1100,0.2168,0.3052
384,2,0.5214,-0.0671,0.5173,1.0000,-0.0063,0.0000,0.0063,1.0000,0.0000,0.0000,0.0000,1.0000,0.1101,0.3070,0.2173
384,3,0.5427,-0.2439,0.5889,1.0000,-0.0063,0.0000,0.0063,1.0000,0.0000,0.0000,0.0000,1.0000,0.2836,0.2073,0.2889
384,4,0.6605,-0.2911,0.5062,1.0000,-0.0063,0.0000,0.0063,1.0000,0.0000,0.0000,0.0000,1.0000,0.2820,0.2947,0.2062
384,5,0.8289,-0.1554,0.6614,1.0000,-0.0063,0.0000,0.0063,1.0000,0.0000,0.0000,0.0000,1.0000,0.1112,0.2100,0.3614
384,6,0.9221,-0.1365,0.4265,1.0000,-0.0063,0.0000,0.0063,1.0000,0.0000,0.0000,0.0000,1.0000,0.1972,0.1336,0.1265
384,7,1.0310,-0.1288,0.4491,1.0000,-0.0063,0.0000,0.0063,1.0000,0.0000,0.0000,0.0000,1.0000,0.1624,0.1625,0.0548
384,8,1.0587,-0.0857,0.4472,1.0000,-0.0063,0.0000,0.0063,1.0000,0.0000,0.0000,0.0000,1.0000,0.0831,0.2046,0.1050
384,9,1.0894,-0.0196,0.4544,1.0000,-0.0063,0.0000,0.0063,1.0000,0.0000,0.0000,0.0000,1.0000,0.0210,0.0279,0.0569
384,10,1.1329,-0.0798,0.4546,1.0000,-0.0063,0.0000,0.0063,1.0000,0.0000,0.0000,0.0000,1.0000,0.0210,0.0279,0.0569
385,0,0.9066,-0.0131,0.4400,0.9999,-0.0118,0.0000,0.0118,0.9999,0.0000,0.0000,0.0000,1.0000,0.2577,0.2263,0.1400
385,1,0.9147,-0.0103,0.6052,0.9999,-0.0118,0.0000,0.0118,0.9999,0.0000,0.0000,0.0000,1.0000,0.1100,0.2168,0.3052
385,2,0.9899,-0.0715,0.5173,0.9999,-0.0118,0.0000,0.0118,0.9999,0.0000,0.0000,0.0000,1.0000,0.1101,0.3070,0.2173
385,3,1.0102,-0.2485,0.5889,0.9999,-0.0118,0.0000,0.0118,0.9999,0.0000,0.0000,0.0000,1.0000,0.2836,0.2073,0.2889
385,4,1.1278,-0.2963,0.5062,0.9999,-0.0118,0.0000,0.0118,0.9999,0.0000,0.0000,0.0000,1.0000,0.2820,0.2947,0.2062
385,5,1.2970,-0.1615,0.6614,0.9999,-0.0118,0.0000,0.0118,0.9999,0.0000,0.0000,0.0000,1.0000,0.1112,0.2100,0.3614
385,6,1.3902,-0.1431,0.4265,0.9999,-0.0118,0.0000,0.0118,0.9999,0.0000,0.0000,0.0000,1.0000,0.1972,0.1336,0.1265
385,7,1.4992,-0.1360,0.4491,0.9999,-0.0118,0.0000,0.0118,0.9999,0.0000,0.0000,0.0000,1.0000,0.1624,0.1625,0.0548
385,8,1.5271,-0.0931,0.4472,0.9999,-0.0118,0.0000,0.0118,0.9999,0.0000,0.0000,0.0000,1.0000,0.0831,0.2046,0.1050
385,9,1.5582,-0.0272,0.4544,0.9999,-0.0118,0.0000,0.0118,0.9999,0.0000,0.0000,0.0000,1.0000,0.0210,0.0279,0.0569
385,10,1.6014,-0.0876,0.4546,0.9999,-0.0118,0.0000,0.0118,0.9999,0.0000,0.0000,0.0000,1.0000,0.0210,0.0279,0.0569
386,0,1.3662,-0.0193,0.4400,0.9999,-0.0161,0.0000,0.0161,0.9999,0.0000,0.0000,0.0000,1.0000,0.2577,0.2263,0.1400
386,1,1.3743,-0.0166,0.6052,0.9999,-0.0161,0.0000,0.0161,0.9999,0.0000,0.0000,0.0000,1.0000,0.1100,0.2168,0.3052
386,2,1.4492,-0.0781,0.5173,0.9999,-0.0161,0.0000,0.0161,0.9999,0.0000,0.0000,0.0000,1.0000,0.1101,0.3070,0.2173
386,3,1.4688,-0.2551,0.5889,0.9999,-0.0161,0.0000,0.0161,0.9999,0.0000,0.0000,0.0000,1.0000,0.2836,0.2073,0.2889
386,4,1.5861,-0.3035,0.5062,0.9999,-0.0161,0.0000,0.0161,0.9999,0.0000,0.0000,0.0000,1.0000,0.2820,0.2947,0.2062
386,5,1.7559,-0.1694,0.6614,0.9999,-0.0161,0.0000,0.0161,0.9999,0.0000,0.0000,0.0000,1.0000,0.1112,0.2100,0.3614
386,6,1.8492,-0.1514,0.4265,0.9999,-0.0161,0.0000,0.0161,0.9999,0.0000,0.0000,0.0000,1.0000,0.1972,0.1336,0.1265
386,7,1.9582,-0.1448,0.4491,0.9999,-0.0161,0.0000,0.0161,0.9999,0.0000,0.0000,0.0000,1.0000,0.1624,0.1625,0.0548
386,8,1.9863,-0.1020,0.4472,0.9999,-0.0161,0.0000,0.0161,0.9999,0.0000,0.0000,0.0000,1.0000,0.0831,0.2046,0.1050
386,9,2.0177,-0.0362,0.4544,0.9999,-0.0161,0.0000,0.0161,0.9999,0.0000,0.0000,0.0000,1.0000,0.0210,0.0279,0.0569
386,10,2.0606,-0.0968,0.4546,0.9999,-0.0161,0.0000,0.0161,0.9999,0.0000,0.0000,0.0000,1.0000,0.0210,0.0279,0.0569
387,0,1.8169,-0.0271,0.4400,0.9998,-0.0188,0.0000,0.0188,0.9998,0.0000,0.0000,0.0000,1.0000,0.2577,0.2263,0.1400
387,1,1.8251,-0.0243,0.6052,0.9998,-0.0188,0.0000,0.0188,0.9998,0.0000,0.0000,0.0000,1.0000,0.1100,0.2168,0.3052
387,2,1.8998,-0.0860,0.5173,0.9998,-0.0188,0.0000,0.0188,0.9998,0.0000,0.0000,0.0000,1.0000,0.1101,0.3070,0.2173
387,3,1.9189,-0.2631,0.5889,0.9998,-0.0188,0.0000,0.0188,0.9998,0.0000,0.0000,0.0000,1.0000,0.2836,0.2073,0.2889
387,4,2.0361,-0.3119,0.5062,0.9998,-0.0188,0.0000,0.0188,0.9998,0.0000,0.0000,0.0000,1.0000,0.2820,0.2947,0.2062
387,5,2.2062,-0.1782,0.6614,0.9998,-0.0188,0.0000,0.0188,0.9998,0.0000,0.0000,0.0000,1.0000,0.1112,0.2100,0.3614
387,6,2.2996,-0.1605,0.4265,0.9998,-0.0188,0.0000,0.0188,0.9998,0.0000,0.0000,0.0000,1.0000,0.1972,0.1336,0.1265
387,7,2.4086,-0.1541,0.4491,0.9998,-0.0188,0.0000,0.0188,0.9998,0.0000,0.0000,0.0000,1.0000,0.1624,0.1625,0.0548
387,8,2.4368,-0.1115,0.4472,0.9998,-0.0188,0.0000,0.0188,0.9998,0.0000,0.0000,0.0000,1.0000,0.0831,0.2046,0.1050
387,9,2.4684,-0.0457,0.4544,0.9998,-0.0188,0.0000,0.0188,0.9998,0.0000,0.0000,0.0000,1.0000,0.0210,0.0279,0.0569
387,10,2.5111,-0.1065,0.4546,0.9998,-0.0188,0.0000,0.0188,0.9998,0.0000,0.0000,0.0000,1.0000,0.0210,0.0279,0.0569
388,0,2.2590,-0.0356,0.4400,0.9998,-0.0199,0.0000,0.0199,0.9998,0.0000,0.0000,0.0000,1.0000,0.2577,0.2263,0.1400
388,1,2.2672,-0.0329,0.6052,0.9998,-0.0199,0.0000,0.0199,0.9998,0.0000,0.0000,0.0000,1.0000,0.1100,0.2168,0.3052
388,2,2.3419,-0.0947,0.5173,0.9998,-0.0199,0.0000,0.0199,0.9998,0.0000,0.0000,0.0000,1.0000,0.1101,0.3070,0.2173
388,3,2.3608,-0.2718,0.5889,0.9998,-0.0199,0.0000,0.0199,0.9998,0.0000,0.0000,0.0000,1.0000,0.2836,0.2073,0.2889
388,4,2.4779,-0.3206,0.5062,0.9998,-0.0199,0.0000,0.0199,0.9998,0.0000,0.0000,0.0000,1.0000,0.2820,0.2947,0.2062
388,5,2.6482,-0.1872,0.6614,0.9998,-0.0199,0.0000,0.0199,0.9998,0.0000,0.0000,0.0000,1.0000,0.1112,0.2100,0.3614
388,6,2.7416,-0.1695,0.4265,0.9998,-0.0199,0.0000,0.0199,0.9998,0.0000,0.0000,0.0000,1.0000,0.1972,0.1336,0.1265
388,7,2.8506,-0.1633,0.4491,0.9998,-0.0199,0.0000,0.0199,0.9998,0.0000,0.0000,0.0000,1.0000,0.1624,0.1625,0.0548
388,8,2.8789,-0.1207,0.4472,0.9998,-0.0199,0.0000,0.0199,0.9998,0.0000,0.0000,0.0000,1.0000,0.0831,0.2046,0.1050
388,9,2.9105,-0.0550,0.4544,0.9998,-0.0199,0.0000,0.0199,0.9998,0.0000,0.0000,0.0000,1.0000,0.0210,0.0279,0.0569
388,10,2.9532,-0.1158,0.4546,0.9998,-0.0199,0.0000,0.0199,0.9998,0.0000,0.0000,0.0000,1.0000,0.0210,0.0279,0.0569
389,0,2.6920,-0.0441,0.4400,0.9998,-0.0193,0.0000,0.0193,0.9998,0.0000,0.0000,0.0000,1.0000,0.2577,0.2263,0.1400
389,1,2.7002,-0.0414,0.6052,0.9998,-0.0193,0.0000,0.0193,0.9998,0.0000,0.0000,0.0000,1.0000,0.1100,0.2168,0.3052
389,2,2.7749,-0.1031,0.5173,0.9998,-0.0193,0.0000,0.0193,0.9998,0.0000,0.0000,0.0000,1.0000,0.1101,0.3070,0.2173
389,3,2.7939,-0.2802,0.5889,0.9998,-0.0193,0.0000,0.0193,0.9998,0.0000,0.0000,0.0000,1.0000,0.2836,0.2073,0.2889
389,4,2.9111,-0.3290,0.5062,0.9998,-0.0193,0.0000,0.0193,0.9998,0.0000,0.0000,0.0000,1.0000,0.2820,0.2947,0.2062
389,5,3.0813,-0.1955,0.6614,0.9998,-0.0193,0.0000,0.0193,0.9998,0.0000,0.0000,0.0000,1.0000,0.1112,0.2100,0.3614
389,6,3.1746,-0.1778,0.4265,0.9998,-0.0193,0.0000,0.0193,0.9998,0.0000,0.0000,0.0000,1.0000,0.1972,0.1336,0.1265
389,7,3.2837,-0.1715,0.4491,0.9998,-0.0193,0.0000,0.0193,0.9998,0.0000,0.0000,0.0000,1.0000,0.1624,0.1625,0.0548
389,8,3.3119,-0.1288,0.4472,0.9998,-0.0193,0.0000,0.0193,0.9998,0.0000,0.0000,0.0000,1.0000,0.0831,0.2046,0.1050
389,9,3.3435,-0.0631,0.4544,0.9998,-0.0193,0.0000,0.0193,0.9998,0.0000,0.0000,0.0000,1.0000,0.0210,0.0279,0.0569
389,10,3.3862,-0.1238,0.4546,0.9998,-0.0193,0.0000,0.0193,0.9998,0.0000,0.0000,0.0000,1.0000,0.0210,0.0279,0.0569
390,0,3.1139,-0.0520,0.4400,0.9998,-0.0174,0.0000,0.0174,0.9998,0.0000,0.0000,0.0000,1.0000,0.2577,0.2263,0.1400
390,1,3.1221,-0.0492,0.6052,0.9998,-0.0174,0.0000,0.0174,0.9998,0.0000,0.0000,0.0000,1.0000,0.1100,0.2168,0.3052
390,2,3.1969,-0.1108,0.5173,0.9998,-0.0174,0.0000,0.0174,0.9998,0.0000,0.0000,0.0000,1.0000,0.1101,0.3070,0.2173
390,3,3.2163,-0.2879,0.5889,0.9998,-0.0174,0.0000,0.0174,0.9998,0.0000,0.0000,0.0000,1.0000,0.2836,0.2073,0.2889
390,4,3.3335,-0.3364,0.5062,0.9998,-0.0174,0.0000,0.0174,0.9998,0.0000,0.0000,0.0000,1.0000,0.2820,0.2947,0.2062
390,5,3.5035,-0.2026,0.6614,0.9998,-0.0174,0.0000,0.0174,0.9998,0.0000,0.0000,0.0000,1.0000,0.1112,0.2100,0.3614
390,6,3.5968,-0.1847,0.4265,0.9998,-0.0174,0.0000,0.0174,0.9998,0.0000,0.0000,0.0000,1.0000,0.1972,0.1336,0.1265
390,7,3.7058,-0.1782,0.4491,0.9998,-0.0174,0.0000,0.0174,0.9998,0.0000,0.0000,0.0000,1.0000,0.1624,0.1625,0.0548
390,8,3.7340,-0.1355,0.4472,0.9998,-0.0174,0.0000,0.0174,0.9998,0.0000,0.0000,0.0000,1.0000,0.0831,0.2046,0.1050
390,9,3.7654,-0.0697,0.4544,0.9998,-0.0174,0.0000,0.0174,0.9998,0.0000,0.0000,0.0000,1.0000,0.0210,0.0279,0.0569
390,10,3.8083,-0.1304,0.4546,0.9998,-0.0174,0.0000,0.0174,0.9998,0.0000,0.0000,0.0000,1.0000,0.0210,0.0279,0.0569
391,0,3.5215,-0.0586,0.4400,0.9999,-0.0143,0.0000,0.0143,0.9999,0.0000,0.0000,0.0000,1.0000,0.2577,0.2263,0.1400
391,1,3.5297,-0.0558,0.6052,0.9999,-0.0143,0.0000,0.0143,0.9999,0.0000,0.0000,0.0000,1.0000,0.1100,0.2168,0.3052
391,2,3.6047,-0.1172,0.5173,0.9999,-0.0143,0.0000,0.0143,0.9999,0.0000,0.0000,0.0000,1.0000,0.1101,0.3070,0.2173
391,3,3.6246,-0.2942,0.5889,0.9999,-0.0143,0.0000,0.0143,0.9999,0.0000,0.0000,0.0000,1.0000,0.2836,0.2073,0.2889
391,4,3.7420,-0.3424,0.5062,0.9999,-0.0143,0.0000,0.0143,0.9999,0.0000,0.0000,0.0000,1.0000,0.2820,0.2947,0.2062
391,5,3.9116,-0.2080,0.6614,0.9999,-0.0143,0.0000,0.0143,0.9999,0.0000,0.0000,0.0000,1.0000,0.1112,0.2100,0.3614
391,6,4.0048,-0.1898,0.4265,0.9999,-0.0143,0.0000,0.0143,0.9999,0.0000,0.0000,0.0000,1.0000,0.1972,0.1336,0.1265
391,7,4.1138,-0.1830,0.4491,0.9999,-0.0143,0.0000,0.0143,0.9999,0.0000,0.0000,0.0000,1.0000,0.1624,0.1625,0.0548
391,8,4.1418,-0.1401,0.4472,0.9999,-0.0143,0.0000,0.0143,0.9999,0.0000,0.0000,0.0000,1.0000,0.0831,0.2046,0.1050
391,9,4.1731,-0.0743,0.4544,0.9999,-0.0143,0.0000,0.0143,0.9999,0.0000,0.0000,0.0000,1.0000,0.0210,0.0279,0.0569
391,10,4.2161,-0.1348,0.4546,0.9999,-0.0143,0.0000,0.0143,0.9999,0.0000,0.0000,0.0000,1.0000,0.0210,0.0279,0.0569
392,0,3.9115,-0.0636,0.4400,0.9999,-0.0103,0.0000,0.0103,0.9999,0.0000,0.0000,0.0000,1.0000,0.2577,0.2263,0.1400
392,1,3.9196,-0.0607,0.6052,0.9999,-0.0103,0.0000,0.0103,0.9999,0.0000,0.0000,0.0000,1.0000,0.1100,0.2168,0.3052
392,2,3.9949,-0.1218,0.5173,0.9999,-0.0103,0.0000,0.0103,0.9999,0.0000,0.0000,0.0000,1.0000,0.1101,0.3070,0.2173
392,3,4.0154,-0.2987,0.5889,0.9999,-0.0103,0.0000,0.0103,0.9999,0.0000,0.0000,0.0000,1.0000,0.2836,0.2073,0.2889
392,4,4.1331,-0.3465,0.5062,0.9999,-0.0103,0.0000,0.0103,0.9999,0.0000,0.0000,0.0000,1.0000,0.2820,0.2947,0.2062
392,5,4.3021,-0.2114,0.6614,0.9999,-0.0103,0.0000,0.0103,0.9999,0.0000,0.0000,0.0000,1.0000,0.1112,0.2100,0.3614
392,6,4.3953,-0.1929,0.4265,0.9999,-0.0103,0.0000,0.0103,0.9999,0.0000,0.0000,0.0000,1.0000,0.1972,0.1336,0.1265
392,7,4.5042,-0.1856,0.4491,0.9999,-0.0103,0.0000,0.0103,0.9999,0.0000,0.0000,0.0000,1.0000,0.1624,0.1625,0.0548
392,8,4.5321,-0.1427,0.4472,0.9999,-0.0103,0.0000,0.0103,0.9999,0.0000,0.0000,0.0000,1.0000,0.0831,0.2046,0.1050
392,9,4.5631,-0.0767,0.4544,0.9999,-0.0103,0.0000,0.0103,0.9999,0.0000,0.0000,0.0000,1.0000,0.0210,0.0279,0.0569
392,10,4.6063,-0.1370,0.4546,0.9999,-0.0103,0.0000,0.0103,0.9999,0.0000,0.0000,0.0000,1.0000,0.0210,0.0279,0.0569
393,0,4.2809,-0.0668,0.4400,1.0000,-0.0061,0.0000,0.0061,1.0000,0.0000,0.0000,0.0000,1.0000,0.2577,0.2263,0.1400
393,1,4.2890,-0.0639,0.6052,1.0000,-0.0061,0.0000,0.0061,1.0000,0.0000,0.0000,0.0000,1.0000,0.1100,0.2168,0.3052
393,2,4.3646,-0.1247,0.5173,1.0000,-0.0061,0.0000,0.0061,1.0000,0.0000,0.0000,0.0000,1.0000,0.1101,0.3070,0.2173
393,3,4.3859,-0.3015,0.5889,1.0000,-0.0061,0.0000,0.0061,1.0000,0.0000,0.0000,0.0000,1.0000,0.2836,0.2073,0.2889
393,4,4.5037,-0.3487,0.5062,1.0000,-0.0061,0.0000,0.0061,1.0000,0.0000,0.0000,0.0000,1.0000,0.2820,0.2947,0.2062
393,5,4.6721,-0.2130,0.6614,1.0000,-0.0061,0.0000,0.0061,1.0000,0.0000,0.0000,0.0000,1.0000,0.1112,0.2100,0.3614
393,6,4.7652,-0.1940,0.4265,1.0000,-0.0061,0.0000,0.0061,1.0000,0.0000,0.0000,0.0000,1.0000,0.1972,0.1336,0.1265
393,7,4.8742,-0.1863,0.4491,1.0000,-0.0061,0.0000,0.0061,1.0000,0.0000,0.0000,0.0000,1.0000,0.1624,0.1625,0.0548
393,8,4.9019,-0.1433,0.4472,1.0000,-0.0061,0.0000,0.0061,1.0000,0.0000,0.0000,0.0000,1.0000,0.0831,0.2046,0.1050
393,9,4.9326,-0.0772,0.4544,1.0000,-0.0061,0.0000,0.0061,1.0000,0.0000,0.0000,0.0000,1.0000,0.0210,0.0279,0.0569
393,10,4.9761,-0.1373,0.4546,1.0000,-0.0061,0.0000,0.0061,1.0000,0.0000,0.0000,0.0000,1.0000,0.0210,0.0279,0.0569
394,0,4.6282,-0.0684,0.4400,1.0000,-0.0020,0.0000,0.0020,1.0000,0.0000,0.0000,0.0000,1.0000,0.2577,0.2263,0.1400
394,1,4.6363,-0.0655,0.6052,1.0000,-0.0020,0.0000,0.0020,1.0000,0.0000,0.0000,0.0000,1.0000,0.1100,0.2168,0.3052
394,2,4.7121,-0.1259,0.5173,1.0000,-0.0020,0.0000,0.0020,1.0000,0.0000,0.0000,0.0000,1.0000,0.1101,0.3070,0.2173
394,3,4.7341,-0.3027,0.5889,1.0000,-0.0020,0.0000,0.0020,1.0000,0.0000,0.0000,0.0000,1.0000,0.2836,0.2073,0.2889
394,4,4.8521,-0.3494,0.5062,1.0000,-0.0020,0.0000,0.0020,1.0000,0.0000,0.0000,0.0000,1.0000,0.2820,0.2947,0.2062
394,5,5.0200,-0.2129,0.6614,1.0000,-0.0020,0.0000,0.0020,1.0000,0.0000,0.0000,0.0000,1.0000,0.1112,0.2100,0.3614
394,6,5.1130,-0.1936,0.4265,1.0000,-0.0020,0.0000,0.0020,1.0000,0.0000,0.0000,0.0000,1.0000,0.1972,0.1336,0.1265
394,7,5.2220,-0.1854,0.4491,1.0000,-0.0020,0.0000,0.0020,1.0000,0.0000,0.0000,0.0000,1.0000,0.1624,0.1625,0.0548
394,8,5.2494,-0.1423,0.4472,1.0000,-0.0020,0.0000,0.0020,1.0000,0.0000,0.0000,0.0000,1.0000,0.0831,0.2046,0.1050
394,9,5.2799,-0.0761,0.4544,1.0000,-0.0020,0.0000,0.0020,1.0000,0.0000,0.0000,0.0000,1.0000,0.0210,0.0279,0.0569
394,10,5.3237,-0.1360,0.4546,1.0000,-0.0020,0.0000,0.0020,1.0000,0.0000,0.0000,0.0000,1.0000,0.0210,0.0279,0.0569
395,0,4.9527,-0.0686,0.4400,1.0000,0.0018,0.0000,-0.0018,1.0000,0.0000,0.0000,0.0000,1.0000,0.2577,0.2263,0.1400
395,1,4.9608,-0.0657,0.6052,1.0000,0.0018,0.0000,-0.0018,1.0000,0.0000,0.0000,0.0000,1.0000,0.1100,0.2168,0.3052
395,2,5.0368,-0.1258,0.5173,1.0000,0.0018,0.0000,-0.0018,1.0000,0.0000,0.0000,0.0000,1.0000,0.1101,0.3070,0.2173
395,3,5.0596,-0.3025,0.5889,1.0000,0.0018,0.0000,-0.0018,1.0000,0.0000,0.0000,0.0000,1.0000,0.2836,0.2073,0.2889
395,4,5.1777,-0.3488,0.5062,1.0000,0.0018,0.0000,-0.0018,1.0000,0.0000,0.0000,0.0000,1.0000,0.2820,0.2947,0.2062
395,5,5.3451,-0.2116,0.6614,1.0000,0.0018,0.0000,-0.0018,1.0000,0.0000,0.0000,0.0000,1.0000,0.1112,0.2100,0.3614
395,6,5.4380,-0.1920,0.4265,1.0000,0.0018,0.0000,-0.0018,1.0000,0.0000,0.0000,0.0000,1.0000,0.1972,0.1336,0.1265
395,7,5.5469,-0.1834,0.4491,1.0000,0.0018,0.0000,-0.0018,1.0000,0.0000,0.0000,0.0000,1.0000,0.1624,0.1625,0.0548
395,8,5.5743,-0.1401,0.4472,1.0000,0.0018,0.0000,-0.0018,1.0000,0.0000,0.0000,0.0000,1.0000,0.0831,0.2046,0.1050
395,9,5.6044,-0.0738,0.4544,1.0000,0.0018,0.0000,-0.0018,1.0000,0.0000,0.0000,0.0000,1.0000,0.0210,0.0279,0.0569
395,10,5.6484,-0.1336,0.4546,1.0000,0.0018,0.0000,-0.0018,1.0000,0.0000,0.0000,0.0000,1.0000,0.0210,0.0279,0.0569
396,0,5.2550,-0.0677,0.4400,1.0000,0.0052,0.0000,-0.0052,1.0000,0.0000,0.0000,0.0000,1.0000,0.2577,0.2263,0.1400
396,1,5.2631,-0.0647,0.6052,1.0000,0.0052,0.0000,-0.0052,1.0000,0.0000,0.0000,0.0000,1.0000,0.1100,0.2168,0.3052
396,2,5.3393,-0.1246,0.5173,1.0000,0.0052,0.0000,-0.0052,1.0000,0.0000,0.0000,0.0000,1.0000,0.1101,0.3070,0.2173
396,3,5.3626,-0.3012,0.5889,1.0000,0.0052,0.0000,-0.0052,1.0000,0.0000,0.0000,0.0000,1.0000,0.2836,0.2073,0.2889
396,4,5.4809,-0.3471,0.5062,1.0000,0.0052,0.0000,-0.0052,1.0000,0.0000,0.0000,0.0000,1.0000,0.2820,0.2947,0.2062
396,5,5.6478,-0.2094,0.6614,1.0000,0.0052,0.0000,-0.0052,1.0000,0.0000,0.0000,0.0000,1.0000,0.1112,0.2100,0.3614
396,6,5.7407,-0.1895,0.4265,1.0000,0.0052,0.0000,-0.0052,1.0000,0.0000,0.0000,0.0000,1.0000,0.1972,0.1336,0.1265
396,7,5.8496,-0.1805,0.4491,1.0000,0.0052,0.0000,-0.0052,1.0000,0.0000,0.0000,0.0000,1.0000,0.1624,0.1625,0.0548
396,8,5.8768,-0.1372,0.4472,1.0000,0.0052,0.0000,-0.0052,1.0000,0.0000,0.0000,0.0000,1.0000,0.0831,0.2046,0.1050
396,9,5.9067,-0.0707,0.4544,1.0000,0.0052,0.0000,-0.0052,1.0000,0.0000,0.0000,0.0000,1.0000,0.0210,0.0279,0.0569
396,10,5.9509,-0.1304,0.4546,1.0000,0.0052,0.0000,-0.0052,1.0000,0.0000,0.0000,0.0000,1.0000,0.0210,0.0279,0.0569
397,0,5.5368,-0.0659,0.4400,1.0000,0.0082,0.0000,-0.0082,1.0000,0.0000,0.0000,0.0000,1.0000,0.2577,0.2263,0.1400
397,1,5.5449,-0.0630,0.6052,1.0000,0.0082,0.0000,-0.0082,1.0000,0.0000,0.0000,0.0000,1.0000,0.1100,0.2168,0.3052
397,2,5.6213,-0.1226,0.5173,1.0000,0.0082,0.0000,-0.0082,1.0000,0.0000,0.0000,0.0000,1.0000,0.1101,0.3070,0.2173
397,3,5.6451,-0.2991,0.5889,1.0000,0.0082,0.0000,-0.0082,1.0000,0.0000,0.0000,0.0000,1.0000,0.2836,0.2073,0.2889
397,4,5.7636,-0.3447,0.5062,1.0000,0.0082,0.0000,-0.0082,1.0000,0.0000,0.0000,0.0000,1.0000,0.2820,0.2947,0.2062
397,5,5.9301,-0.2065,0.6614,1.0000,0.0082,0.0000,-0.0082,1.0000,0.0000,0.0000,0.0000,1.0000,0.1112,0.2100,0.3614
397,6,6.0229,-0.1863,0.4265,1.0000,0.0082,0.0000,-0.0082,1.0000,0.0000,0.0000,0.0000,1.0000,0.1972,0.1336,0.1265
397,7,6.1318,-0.1770,0.4491,1.0000,0.0082,0.0000,-0.0082,1.0000,0.0000,0.0000,0.0000,1.0000,0.1624,0.1625,0.0548
397,8,6.1588,-0.1335,0.4472,1.0000,0.0082,0.0000,-0.0082,1.0000,0.0000,0.0000,0.0000,1.0000,0.0831,0.2046,0.1050
397,9,6.1886,-0.0670,0.4544,1.0000,0.0082,0.0000,-0.0082,1.0000,0.0000,0.0000,0.0000,1.0000,0.0210,0.0279,0.0569
397,10,6.2329,-0.1265,0.4546,1.0000,0.0082,0.0000,-0.0082,1.0000,0.0000,0.0000,0.0000,1.0000,0.0210,0.0279,0.0569
398,0,5.8011,-0.0635,0.4400,0.9999,0.0109,0.0000,-0.0109,0.9999,0.0000,0.0000,0.0000,1.0000,0.2577,0.2263,0.1400
398,1,5.8092,-0.0605,0.6052,0.9999,0.0109,0.0000,-0.0109,0.9999,0.0000,0.0000,0.0000,1.0000,0.1100,0.2168,0.3052
398,2,5.8857,-0.1200,0.5173,0.9999,0.0109,0.0000,-0.0109,0.9999,0.0000,0.0000,0.0000,1.0000,0.1101,0.3070,0.2173
398,3,5.9101,-0.2965,0.5889,0.9999,0.0109,0.0000,-0.0109,0.9999,0.0000,0.0000,0.0000,1.0000,0.2836,0.2073,0.2889
398,4,6.0287,-0.3417,0.5062,0.9999,0.0109,0.0000,-0.0109,0.9999,0.0000,0.0000,0.0000,1.0000,0.2820,0.2947,0.2062
398,5,6.1948,-0.2031,0.6614,0.9999,0.0109,0.0000,-0.0109,0.9999,0.0000,0.0000,0.0000,1.0000,0.1112,0.2100,0.3614
398,6,6.2875,-0.1826,0.4265,0.9999,0.0109,0.0000,-0.0109,0.9999,0.0000,0.0000,0.0000,1.0000,0.1972,0.1336,0.1265
398,7,6.3963,-0.1730,0.4491,0.9999,0.0109,0.0000,-0.0109,0.9999,0.0000,0.0000,0.0000,1.0000,0.1624,0.1625,0.0548
398,8,6.4233,-0.1295,0.4472,0.9999,0.0109,0.0000,-0.0109,0.9999,0.0000,0.0000,0.0000,1.0000,0.0831,0.2046,0.1050
398,9,6.4529,-0.0629,0.4544,0.9999,0.0109,0.0000,-0.0109,0.9999,0.0000,0.0000,0.0000,1.0000,0.0210,0.0279,0.0569
398,10,6.4974,-0.1223,0.4546,0.9999,0.0109,0.0000,-0.0109,0.9999,0.0000,0.0000,0.0000,1.0000,0.0210,0.0279,0.0569
399,0,6.0508,-0.0607,0.4400,0.9999,0.0128,0.0000,-0.0128,0.9999,0.0000,0.0000,0.0000,1.0000,0.2577,0.2263,0.1400
399,1,6.0588,-0.0577,0.6052,0.9999,0.0128,0.0000,-0.0128,0.9999,0.0000,0.0000,0.0000,1.0000,0.1100,0.2168,0.3052
399,2,6.1355,-0.1170,0.5173,0.9999,0.0128,0.0000,-0.0128,0.9999,0.0000,0.0000,0.0000,1.0000,0.1101,0.3070,0.2173
399,3,6.1601,-0.2934,0.5889,0.9999,0.0128,0.0000,-0.0128,0.9999,0.0000,0.0000,0.0000,1.0000,0.2836,0.2073,0.2889
399,4,6.2788,-0.3384,0.5062,0.9999,0.0128,0.0000,-0.0128,0.9999,0.0000,0.0000,0.0000,1.0000,0.2820,0.2947,0.2062
399,5,6.4447,-0.1994,0.6614,0.9999,0.0128,0.0000,-0.0128,0.9999,0.0000,0.0000,0.0000,1.0000,0.1112,0.2100,0.3614
399,6,6.5374,-0.1787,0.4265,0.9999,0.0128,0.0000,-0.0128,0.9999,0.0000,0.0000,0.0000,1.0000,0.1972,0.1336,0.1265
399,7,6.6462,-0.1689,0.4491,0.9999,0.0128,0.0000,-0.0128,0.9999,0.0000,0.0000,0.0000,1.0000,0.1624,0.1625,0.0548
399,8,6.6730,-0.1254,0.4472,0.9999,0.0128,0.0000,-0.0128,0.9999,0.0000,0.0000,0.0000,1.0000,0.0831,0.2046,0.1050
399,9,6.7025,-0.0587,0.4544,0.9999,0.0128,0.0000,-0.0128,0.9999,0.0000,0.0000,0.0000,1.0000,0.0210,0.0279,0.0569
399,10,6.7472,-0.1180,0.4546,0.9999,0.0128,0.0000,-0.0128,0.9999,0.0000,0.0000,0.0000,1.0000,0.0210,0.0279,0.0569
400,0,6.2878,-0.0575,0.4400,0.9999,0.0144,0.0000,-0.0144,0.9999,0.0000,0.0000,0.0000,1.0000,0.2577,0.2263,0.1400
400,1,6.2958,-0.0545,0.6052,0.9999,0.0144,0.0000,-0.0144,0.9999,0.0000,0.0000,0.0000,1.0000,0.1100,0.2168,0.3052
400,2,6.3726,-0.1137,0.5173,0.9999,0.0144,0.0000,-0.0144,0.9999,0.0000,0.0000,0.0000,1.0000,0.1101,0.3070,0.2173
400,3,6.3975,-0.2900,0.5889,0.9999,0.0144,0.0000,-0.0144,0.9999,0.0000,0.0000,0.0000,1.0000,0.2836,0.2073,0.2889
400,4,6.5163,-0.3348,0.5062,0.9999,0.0144,0.0000,-0.0144,0.9999,0.0000,0.0000,0.0000,1.0000,0.2820,0.2947,0.2062
400,5,6.6819,-0.1956,0.6614,0.9999,0.0144,0.0000,-0.0144,0.9999,0.0000,0.0000,0.0000,1.0000,0.1112,0.2100,0.3614
400,6,6.7746,-0.1748,0.4265,0.9999,0.0144,0.0000,-0.0144,0.9999,0.0000,0.0000,0.0000,1.0000,0.1972,0.1336,0.1265
400,7,6.8834,-0.1648,0.4491,0.9999,0.0144,0.0000,-0.0144,0.9999,0.0000,0.0000,0.0000,1.0000,0.1624,0.1625,0.0548
400,8,6.9102,-0.1212,0.4472,0.9999,0.0144,0.0000,-0.0144,0.9999,0.0000,0.0000,0.0000,1.0000,0.0831,0.2046,0.1050
400,9,6.9395,-0.0545,0.4544,0.9999,0.0144,0.0000,-0.0144,0.9999,0.0000,0.0000,0.0000,1.0000,0.0210,0.0279,0.0569
400,10,6.9843,-0.1137,0.4546,0.9999,0.0144,0.0000,-0.0144,0.9999,0.0000,0.0000,0.0000,1.0000,0.0210,0.0279,0.0569
401,0,6.5136,-0.0542,0.4400,0.9999,0.0157,0.0000,-0.0157,0.9999,0.0000,0.0000,0.0000,1.0000,0.2577,0.2263,0.1400
401,1,6.5216,-0.0511,0.6052,0.9999,0.0157,0.0000,-0.0157,0.9999,0.0000,0.0000,0.0000,1.0000,0.1100,0.2168,0.3052
401,2,6.5985,-0.1102,0.5173,0.9999,0.0157,0.0000,-0.0157,0.9999,0.0000,0.0000,0.0000,1.0000,0.1101,0.3070,0.2173
401,3,6.6236,-0.2866,0.5889,0.9999,0.0157,0.0000,-0.0157,0.9999,0.0000,0.0000,0.0000,1.0000,0.2836,0.2073,0.2889
401,4,6.7424,-0.3312,0.5062,0.9999,0.0157,0.0000,-0.0157,0.9999,0.0000,0.0000,0.0000,1.0000,0.2820,0.2947,0.2062
401,5,6.9079,-0.1918,0.6614,0.9999,0.0157,0.0000,-0.0157,0.9999,0.0000,0.0000,0.0000,1.0000,0.1112,0.2100,0.3614
401,6,7.0006,-0.1708,0.4265,0.9999,0.0157,0.0000,-0.0157,0.9999,0.0000,0.0000,0.0000,1.0000,0.1972,0.1336,0.1265
401,7,7.1093,-0.1607,0.4491,0.9999,0.0157,0.0000,-0.0157,0.9999,0.0000,0.0000,0.0000,1.0000,0.1624,0.1625,0.0548
401,8,7.1360,-0.1171,0.4472,0.9999,0.0157,0.0000,-0.0157,0.9999,0.0000,0.0000,0.0000,1.0000,0.0831,0.2046,0.1050
401,9,7.1653,-0.0503,0.4544,0.9999,0.0157,0.0000,-0.0157,0.9999,0.0000,0.0000,0.0000,1.0000,0.0210,0.0279,0.0569
401,10,7.2101,-0.1095,0.4546,0.9999,0.0157,0.0000,-0.0157,0.9999,0.0000,0.0000,0.0000,1.0000,0.0210,0.0279,0.0569
402,0,6.7299,-0.0507,0.4400,0.9999,0.0165,0.0000,-0.0165,0.9999,0.0000,0.0000,0.0000,1.0000,0.2577,0.2263,0.1400
402,1,6.7379,-0.0477,0.6052,0.9999,0.0165,0.0000,-0.0165,0.9999,0.0000,0.0000,0.0000,1.0000,0.1100,0.2168,0.3052
402,2,6.8148,-0.1067,0.5173,0.9999,0.0165,0.0000,-0.0165,0.9999,0.0000,0.0000,0.0000,1.0000,0.1101,0.3070,0.2173
402,3,6.8401,-0.2830,0.5889,0.9999,0.0165,0.0000,-0.0165,0.9999,0.0000,0.0000,0.0000,1.0000,0.2836,0.2073,0.2889
402,4,6.9590,-0.3276,0.5062,0.9999,0.0165,0.0000,-0.0165,0.9999,0.0000,0.0000,0.0000,1.0000,0.2820,0.2947,0.2062
402,5,7.1243,-0.1880,0.6614,0.9999,0.0165,0.0000,-0.0165,0.9999,0.0000,0.0000,0.0000,1.0000,0.1112,0.2100,0.3614
402,6,7.2170,-0.1670,0.4265,0.9999,0.0165,0.0000,-0.0165,0.9999,0.0000,0.0000,0.0000,1.0000,0.1972,0.1336,0.1265
402,7,7.3257,-0.1568,0.4491,0.9999,0.0165,0.0000,-0.0165,0.9999,0.0000,0.0000,0.0000,1.0000,0.1624,0.1625,0.0548
402,8,7.3524,-0.1131,0.4472,0.9999,0.0165,0.0000,-0.0165,0.9999,0.0000,0.0000,0.0000,1.0000,0.0831,0.2046,0.1050
402,9,7.3816,-0.0463,0.4544,0.9999,0.0165,0.0000,-0.0165,0.9999,0.0000,0.0000,0.0000,1.0000,0.0210,0.0279,0.0569
402,10,7.4265,-0.1055,0.4546,0.9999,0.0165,0.0000,-0.0165,0.9999,0.0000,0.0000,0.0000,1.0000,0.0210,0.0279,0.0569
403,0,6.9393,-0.0472,0.4400,0.9999,0.0172,0.0000,-0.0172,0.9999,0.0000,0.0000,0.0000,1.0000,0.2577,0.2263,0.1400
403,1,6.9473,-0.0442,0.6052,0.9999,0.0172,0.0000,-0.0172,0.9999,0.0000,0.0000,0.0000,1.0000,0.1100,0.2168,0.3052
403,2,7.0243,-0.1031,0.5173,0.9999,0.0172,0.0000,-0.0172,0.9999,0.0000,0.0000,0.0000,1.0000,0.1101,0.3070,0.2173
403,3,7.0497,-0.2794,0.5889,0.9999,0.0172,0.0000,-0.0172,0.9999,0.0000,0.0000,0.0000,1.0000,0.2836,0.2073,0.2889
403,4,7.1686,-0.3239,0.5062,0.9999,0.0172,0.0000,-0.0172,0.9999,0.0000,0.0000,0.0000,1.0000,0.2820,0.2947,0.2062
403,5,7.3338,-0.1842,0.6614,0.9999,0.0172,0.0000,-0.0172,0.9999,0.0000,0.0000,0.0000,1.0000,0.1112,0.2100,0.3614
403,6,7.4265,-0.1631,0.4265,0.9999,0.0172,0.0000,-0.0172,0.9999,0.0000,0.0000,0.0000,1.0000,0.1972,0.1336,0.1265
403,7,7.5352,-0.1528,0.4491,0.9999,0.0172,0.0000,-0.0172,0.9999,0.0000,0.0000,0.0000,1.0000,0.1624,0.1625,0.0548
403,8,7.5619,-0.1092,0.4472,0.9999,0.0172,0.0000,-0.0172,0.9999,0.0000,0.0000,0.0000,1.0000,0.0831,0.2046,0.1050
403,9,7.5910,-0.0424,0.4544,0.9999,0.0172,0.0000,-0.0172,0.9999,0.0000,0.0000,0.0000,1.0000,0.0210,0.0279,0.0569
403,10,7.6359,-0.1015,0.4546,0.9999,0.0172,0.0000,-0.0172,0.9999,0.0000,0.0000,0.0000,1.0000,0.0210,0.0279,0.0569
404,0,7.1447,-0.0436,0.4400,0.9998,0.0176,0.0000,-0.0176,0.9998,0.0000,0.0000,0.0000,1.0000,0.2577,0.2263,0.1400
404,1,7.1528,-0.0406,0.6052,0.9998,0.0176,0.0000,-0.0176,0.9998,0.0000,0.0000,0.0000,1.0000,0.1100,0.2168,0.3052
404,2,7.2297,-0.0995,0.5173,0.9998,0.0176,0.0000,-0.0176,0.9998,0.0000,0.0000,0.0000,1.0000,0.1101,0.3070,0.2173
404,3,7.2552,-0.2758,0.5889,0.9998,0.0176,0.0000,-0.0176,0.9998,0.0000,0.0000,0.0000,1.0000,0.2836,0.2073,0.2889
404,4,7.3741,-0.3202,0.5062,0.9998,0.0176,0.0000,-0.0176,0.9998,0.0000,0.0000,0.0000,1.0000,0.2820,0.2947,0.2062
404,5,7.5393,-0.1805,0.6614,0.9998,0.0176,0.0000,-0.0176,0.9998,0.0000,0.0000,0.0000,1.0000,0.1112,0.2100,0.3614
404,6,7.6320,-0.1594,0.4265,0.9998,0.0176,0.0000,-0.0176,0.9998,0.0000,0.0000,0.0000,1.0000,0.1972,0.1336,0.1265
404,7,7.7407,-0.1491,0.4491,0.9998,0.0176,0.0000,-0.0176,0.9998,0.0000,0.0000,0.0000,1.0000,0.1624,0.1625,0.0548
404,8,7.7673,-0.1054,0.4472,0.9998,0.0176,0.0000,-0.0176,0.9998,0.0000,0.0000,0.0000,1.0000,0.0831,0.2046,0.1050
404,9,7.7964,-0.0386,0.4544,0.9998,0.0176,0.0000,-0.0176,0.9998,0.0000,0.0000,0.0000,1.0000,0.0210,0.0279,0.0569
404,10,7.8414,-0.0977,0.4546,0.9998,0.0176,0.0000,-0.0176,0.9998,0.0000,0.0000,0.0000,1.0000,0.0210,0.0279,0.0569
405,0,7.3486,-0.0400,0.4400,0.9998,0.0177,0.0000,-0.0177,0.9998,0.0000,0.0000,0.0000,1.0000,0.2577,0.2263,0.1400
405,1,7.3566,-0.0370,0.6052,0.9998,0.0177,0.0000,-0.0177,0.9998,0.0000,0.0000,0.0000,1.0000,0.1100,0.2168,0.3052
405,2,7.4336,-0.0959,0.5173,0.9998,0.0177,0.0000,-0.0177,0.9998,0.0000,0.0000,0.0000,1.0000,0.1101,0.3070,0.2173
405,3,7.4591,-0.2722,0.5889,0.9998,0.0177,0.0000,-0.0177,0.9998,0.0000,0.0000,0.0000,1.0000,0.2836,0.2073,0.2889
405,4,7.5780,-0.3166,0.5062,0.9998,0.0177,0.0000,-0.0177,0.9998,0.0000,0.0000,0.0000,1.0000,0.2820,0.2947,0.2062
405,5,7.7432,-0.1769,0.6614,0.9998,0.0177,0.0000,-0.0177,0.9998,0.0000,0.0000,0.0000,1.0000,0.1112,0.2100,0.3614
405,6,7.8358,-0.1557,0.4265,0.9998,0.0177,0.0000,-0.0177,0.9998,0.0000,0.0000,0.0000,1.0000,0.1972,0.1336,0.1265
405,7,7.9446,-0.1454,0.4491,0.9998,0.0177,0.0000,-0.0177,0.9998,0.0000,0.0000,0.0000,1.0000,0.1624,0.1625,0.0548
405,8,7.9712,-0.1017,0.4472,0.9998,0.0177,0.0000,-0.0177,0.9998,0.0000,0.0000,0.0000,1.0000,0.0831,0.2046,0.1050
405,9,8.0003,-0.0349,0.4544,0.9998,0.0177,0.0000,-0.0177,0.9998,0.0000,0.0000,0.0000,1.0000,0.0210,0.0279,0.0569
405,10,8.0453,-0.0940,0.4546,0.9998,0.0177,0.0000,-0.0177,0.9998,0.0000,0.0000,0.0000,1.0000,0.0210,0.0279,0.0569
406,0,7.5517,-0.0364,0.4400,0.9998,0.0176,0.0000,-0.0176,0.9998,0.0000,0.0000,0.0000,1.0000,0.2577,0.2263,0.1400
406,1,7.5597,-0.0334,0.6052,0.9998,0.0176,0.0000,-0.0176,0.9998,0.0000,0.0000,0.0000,1.0000,0.1100,0.2168,0.3052
406,2,7.6367,-0.0924,0.5173,0.9998,0.0176,0.0000,-0.0176,0.9998,0.0000,0.0000,0.0000,1.0000,0.1101,0.3070,0.2173
406,3,7.6622,-0.2686,0.5889,0.9998,0.0176,0.0000,-0.0176,0.9998,0.0000,0.0000,0.0000,1.0000,0.2836,0.2073,0.2889
406,4,7.7811,-0.3131,0.5062,0.9998,0.0176,0.0000,-0.0176,0.9998,0.0000,0.0000,0.0000,1.0000,0.2820,0.2947,0.2062
406,5,7.9462,-0.1733,0.6614,0.9998,0.0176,0.0000,-0.0176,0.9998,0.0000,0.0000,0.0000,1.0000,0.1112,0.2100,0.3614
406,6,8.0389,-0.1522,0.4265,0.9998,0.0176,0.0000,-0.0176,0.9998,0.0000,0.0000,0.0000,1.0000,0.1972,0.1336,0.1265
406,7,8.1476,-0.1419,0.4491,0.9998,0.0176,0.0000,-0.0176,0.9998,0.0000,0.0000,0.0000,1.0000,0.1624,0.1625,0.0548
406,8,8.1743,-0.0982,0.4472,0.9998,0.0176,0.0000,-0.0176,0.9998,0.0000,0.0000,0.0000,1.0000,0.0831,0.2046,0.1050
406,9,8.2034,-0.0314,0.4544,0.9998,0.0176,0.0000,-0.0176,0.9998,0.0000,0.0000,0.0000,1.0000,0.0210,0.0279,0.0569
406,10,8.2483,-0.0905,0.4546,0.9998,0.0176,0.0000,-0.0176,0.9998,0.0000,0.0000,0.0000,1.0000,0.0210,0.0279,0.0569
407,0,7.7533,-0.0329,0.4400,0.9999,0.0171,0.0000,-0.0171,0.9999,0.0000,0.0000,0.0000,1.0000,0.2577,0.2263,0.1400
407,1,7.7613,-0.0299,0.6052,0.9999,0.0171,0.0000,-0.0171,0.9999,0.0000,0.0000,0.0000,1.0000,0.1100,0.2168,0.3052
407,2,7.8382,-0.0889,0.5173,0.9999,0.0171,0.0000,-0.0171,0.9999,0.0000,0.0000,0.0000,1.0000,0.1101,0.3070,0.2173
407,3,7.8637,-0.2652,0.5889,0.9999,0.0171,0.0000,-0.0171,0.9999,0.0000,0.0000,0.0000,1.0000,0.2836,0.2073,0.2889
407,4,7.9825,-0.3096,0.5062,0.9999,0.0171,0.0000,-0.0171,0.9999,0.0000,0.0000,0.0000,1.0000,0.2820,0.2947,0.2062
407,5,8.1478,-0.1700,0.6614,0.9999,0.0171,0.0000,-0.0171,0.9999,0.0000,0.0000,0.0000,1.0000,0.1112,0.2100,0.3614
407,6,8.2404,-0.1489,0.4265,0.9999,0.0171,0.0000,-0.0171,0.9999,0.0000,0.0000,0.0000,1.0000,0.1972,0.1336,0.1265
407,7,8.3492,-0.1387,0.4491,0.9999,0.0171,0.0000,-0.0171,0.9999,0.0000,0.0000,0.0000,1.0000,0.1624,0.1625,0.0548
407,8,8.3758,-0.0950,0.4472,0.9999,0.0171,0.0000,-0.0171,0.9999,0.0000,0.0000,0.0000,1.0000,0.0831,0.2046,0.1050
407,9,8.4050,-0.0282,0.4544,0.9999,0.0171,0.0000,-0.0171,0.9999,0.0000,0.0000,0.0000,1.0000,0.0210,0.0279,0.0569
407,10,8.4499,-0.0873,0.4546,0.9999,0.0171,0.0000,-0.0171,0.9999,0.0000,0.0000,0.0000,1.0000,0.0210,0.0279,0.0569
408,0,7.9519,-0.0296,0.4400,0.9999,0.0162,0.0000,-0.0162,0.9999,0.0000,0.0000,0.0000,1.0000,0.2577,0.2263,0.1400
408,1,7.9600,-0.0266,0.6052,0.9999,0.0162,0.0000,-0.0162,0.9999,0.0000,0.0000,0.0000,1.0000,0.1100,0.2168,0.3052
408,2,8.0368,-0.0856,0.5173,0.9999,0.0162,0.0000,-0.0162,0.9999,0.0000,0.0000,0.0000,1.0000,0.1101,0.3070,0.2173
408,3,8.0621,-0.2619,0.5889,0.9999,0.0162,0.0000,-0.0162,0.9999,0.0000,0.0000,0.0000,1.0000,0.2836,0.2073,0.2889
408,4,8.1809,-0.3065,0.5062,0.9999,0.0162,0.0000,-0.0162,0.9999,0.0000,0.0000,0.0000,1.0000,0.2820,0.2947,0.2062
408,5,8.3463,-0.1670,0.6614,0.9999,0.0162,0.0000,-0.0162,0.9999,0.0000,0.0000,0.0000,1.0000,0.1112,0.2100,0.3614
408,6,8.4390,-0.1460,0.4265,0.9999,0.0162,0.0000,-0.0162,0.9999,0.0000,0.0000,0.0000,1.0000,0.1972,0.1336,0.1265
408,7,8.5477,-0.1358,0.4491,0.9999,0.0162,0.0000,-0.0162,0.9999,0.0000,0.0000,0.0000,1.0000,0.1624,0.1625,0.0548
408,8,8.5744,-0.0922,0.4472,0.9999,0.0162,0.0000,-0.0162,0.9999,0.0000,0.0000,0.0000,1.0000,0.0831,0.2046,0.1050
408,9,8.6036,-0.0254,0.4544,0.9999,0.0162,0.0000,-0.0162,0.9999,0.0000,0.0000,0.0000,1.0000,0.0210,0.0279,0.0569
408,10,8.6485,-0.0846,0.4546,0.9999,0.0162,0.0000,-0.0162,0.9999,0.0000,0.0000,0.0000,1.0000,0.0210,0.0279,0.0569
409,0,8.1459,-0.0265,0.4400,0.9999,0.0148,0.0000,-0.0148,0.9999,0.0000,0.0000,0.0000,1.0000,0.2577,0.2263,0.1400
409,1,8.1539,-0.0235,0.6052,0.9999,0.0148,0.0000,-0.0148,0.9999,0.0000,0.0000,0.0000,1.0000,0.1100,0.2168,0.3052
409,2,8.2307,-0.0827,0.5173,0.9999,0.0148,0.0000,-0.0148,0.9999,0.0000,0.0000,0.0000,1.0000,0.1101,0.3070,0.2173
409,3,8.2557,-0.2590,0.5889,0.9999,0.0148,0.0000,-0.0148,0.9999,0.0000,0.0000,0.0000,1.0000,0.2836,0.2073,0.2889
409,4,8.3745,-0.3038,0.5062,0.9999,0.0148,0.0000,-0.0148,0.9999,0.0000,0.0000,0.0000,1.0000,0.2820,0.2947,0.2062
409,5,8.5401,-0.1645,0.6614,0.9999,0.0148,0.0000,-0.0148,0.9999,0.0000,0.0000,0.0000,1.0000,0.1112,0.2100,0.3614
409,6,8.6328,-0.1436,0.4265,0.9999,0.0148,0.0000,-0.0148,0.9999,0.0000,0.0000,0.0000,1.0000,0.1972,0.1336,0.1265
409,7,8.7415,-0.1336,0.4491,0.9999,0.0148,0.0000,-0.0148,0.9999,0.0000,0.0000,0.0000,1.0000,0.1624,0.1625,0.0548
409,8,8.7683,-0.0900,0.4472,0.9999,0.0148,0.0000,-0.0148,0.9999,0.0000,0.0000,0.0000,1.0000,0.0831,0.2046,0.1050
409,9,8.7976,-0.0233,0.4544,0.9999,0.0148,0.0000,-0.0148,0.9999,0.0000,0.0000,0.0000,1.0000,0.0210,0.0279,0.0569
409,10,8.8424,-0.0825,0.4546,0.9999,0.0148,0.0000,-0.0148,0.9999,0.0000,0.0000,0.0000,1.0000,0.0210,0.0279,0.0569
410,0,8.3336,-0.0238,0.4400,0.9999,0.0130,0.0000,-0.0130,0.9999,0.0000,0.0000,0.0000,1.0000,0.2577,0.2263,0.1400
410,1,8.3417,-0.0208,0.6052,0.9999,0.0130,0.0000,-0.0130,0.9999,0.0000,0.0000,0.0000,1.0000,0.1100,0.2168,0.3052
410,2,8.4183,-0.0801,0.5173,0.9999,0.0130,0.0000,-0.0130,0.9999,0.0000,0.0000,0.0000,1.0000,0.1101,0.3070,0.2173
410,3,8.4430,-0.2565,0.5889,0.9999,0.0130,0.0000,-0.0130,0.9999,0.0000,0.0000,0.0000,1.0000,0.2836,0.2073,0.2889
410,4,8.5617,-0.3015,0.5062,0.9999,0.0130,0.0000,-0.0130,0.9999,0.0000,0.0000,0.0000,1.0000,0.2820,0.2947,0.2062
410,5,8.7275,-0.1625,0.6614,0.9999,0.0130,0.0000,-0.0130,0.9999,0.0000,0.0000,0.0000,1.0000,0.1112,0.2100,0.3614
410,6,8.8203,-0.1418,0.4265,0.9999,0.0130,0.0000,-0.0130,0.9999,0.0000,0.0000,0.0000,1.0000,0.1972,0.1336,0.1265
410,7,8.9290,-0.1320,0.4491,0.9999,0.0130,0.0000,-0.0130,0.9999,0.0000,0.0000,0.0000,1.0000,0.1624,0.1625,0.0548
410,8,8.9559,-0.0885,0.4472,0.9999,0.0130,0.0000,-0.0130,0.9999,0.0000,0.0000,0.0000,1.0000,0.0831,0.2046,0.1050
410,9,8.9853,-0.0218,0.4544,0.9999,0.0130,0.0000,-0.0130,0.9999,0.0000,0.0000,0.0000,1.0000,0.0210,0.0279,0.0569
410,10,9.0300,-0.0811,0.4546,0.9999,0.0130,0.0000,-0.0130,0.9999,0.0000,0.0000,0.0000,1.0000,0.0210,0.0279,0.0569
411,0,8.5135,-0.0216,0.4400,0.9999,0.0110,0.0000,-0.0110,0.9999,0.0000,0.0000,0.0000,1.0000,0.2577,0.2263,0.1400
411,1,8.5216,-0.0186,0.6052,0.9999,0.0110,0.0000,-0.0110,0.9999,0.0000,0.0000,0.0000,1.0000,0.1100,0.2168,0.3052
411,2,8.5981,-0.0781,0.5173,0.9999,0.0110,0.0000,-0.0110,0.9999,0.0000,0.0000,0.0000,1.0000,0.1101,0.3070,0.2173
411,3,8.6225,-0.2545,0.5889,0.9999,0.0110,0.0000,-0.0110,0.9999,0.0000,0.0000,0.0000,1.0000,0.2836,0.2073,0.2889
411,4,8.7411,-0.2997,0.5062,0.9999,0.0110,0.0000,-0.0110,0.9999,0.0000,0.0000,0.0000,1.0000,0.2820,0.2947,0.2062
411,5,8.9072,-0.1611,0.6614,0.9999,0.0110,0.0000,-0.0110,0.9999,0.0000,0.0000,0.0000,1.0000,0.1112,0.2100,0.3614
411,6,8.9999,-0.1405,0.4265,0.9999,0.0110,0.0000,-0.0110,0.9999,0.0000,0.0000,0.0000,1.0000,0.1972,0.1336,0.1265
411,7,9.1087,-0.1310,0.4491,0.9999,0.0110,0.0000,-0.0110,0.9999,0.0000,0.0000,0.0000,1.0000,0.1624,0.1625,0.0548
411,8,9.1357,-0.0875,0.4472,0.9999,0.0110,0.0000,-0.0110,0.9999,0.0000,0.0000,0.0000,1.0000,0.0831,0.2046,0.1050
411,9,9.1652,-0.0208,0.4544,0.9999,0.0110,0.0000,-0.0110,0.9999,0.0000,0.0000,0.0000,1.0000,0.0210,0.0279,0.0569
411,10,9.2098,-0.0802,0.4546,0.9999,0.0110,0.0000,-0.0110,0.9999,0.0000,0.0000,0.0000,1.0000,0.0210,0.0279,0.0569
412,0,8.6843,-0.0198,0.4400,1.0000,0.0087,0.0000,-0.0087,1.0000,0.0000,0.0000,0.0000,1.0000,0.2577,0.2263,0.1400
412,1,8.6924,-0.0168,0.6052,1.0000,0.0087,0.0000,-0.0087,1.0000,0.0000,0.0000,0.0000,1.0000,0.1100,0.2168,0.3052
412,2,8.7688,-0.0765,0.5173,1.0000,0.0087,0.0000,-0.0087,1.0000,0.0000,0.0000,0.0000,1.0000,0.1101,0.3070,0.2173
412,3,8.7928,-0.2530,0.5889,1.0000,0.0087,0.0000,-0.0087,1.0000,0.0000,0.0000,0.0000,1.0000,0.2836,0.2073,0.2889
412,4,8.9113,-0.2984,0.5062,1.0000,0.0087,0.0000,-0.0087,1.0000,0.0000,0.0000,0.0000,1.0000,0.2820,0.2947,0.2062
412,5,9.0777,-0.1602,0.6614,1.0000,0.0087,0.0000,-0.0087,1.0000,0.0000,0.0000,0.0000,1.0000,0.1112,0.2100,0.3614
412,6,9.1705,-0.1399,0.4265,1.0000,0.0087,0.0000,-0.0087,1.0000,0.0000,0.0000,0.0000,1.0000,0.1972,0.1336,0.1265
412,7,9.2793,-0.1305,0.4491,1.0000,0.0087,0.0000,-0.0087,1.0000,0.0000,0.0000,0.0000,1.0000,0.1624,0.1625,0.0548
412,8,9.3063,-0.0871,0.4472,1.0000,0.0087,0.0000,-0.0087,1.0000,0.0000,0.0000,0.0000,1.0000,0.0831,0.2046,0.1050
412,9,9.3361,-0.0205,0.4544,1.0000,0.0087,0.0000,-0.0087,1.0000,0.0000,0.0000,0.0000,1.0000,0.0210,0.0279,0.0569
412,10,9.3805,-0.0800,0.4546,1.0000,0.0087,0.0000,-0.0087,1.0000,0.0000,0.0000,0.0000,1.0000,0.0210,0.0279,0.0569
413,0,8.8452,-0.0185,0.4400,1.0000,0.0062,0.0000,-0.0062,1.0000,0.0000,0.0000,0.0000,1.0000,0.2577,0.2263,0.1400
413,1,8.8533,-0.0155,0.6052,1.0000,0.0062,0.0000,-0.0062,1.0000,0.0000,0.0000,0.0000,1.0000,0.1100,0.2168,0.3052
413,2,8.9295,-0.0754,0.5173,1.0000,0.0062,0.0000,-0.0062,1.0000,0.0000,0.0000,0.0000,1.0000,0.1101,0.3070,0.2173
413,3,8.9530,-0.2519,0.5889,1.0000,0.0062,0.0000,-0.0062,1.0000,0.0000,0.0000,0.0000,1.0000,0.2836,0.2073,0.2889
413,4,9.0714,-0.2977,0.5062,1.0000,0.0062,0.0000,-0.0062,1.0000,0.0000,0.0000,0.0000,1.0000,0.2820,0.2947,0.2062
413,5,9.2382,-0.1599,0.6614,1.0000,0.0062,0.0000,-0.0062,1.0000,0.0000,0.0000,0.0000,1.0000,0.1112,0.2100,0.3614
413,6,9.3310,-0.1398,0.4265,1.0000,0.0062,0.0000,-0.0062,1.0000,0.0000,0.0000,0.0000,1.0000,0.1972,0.1336,0.1265
413,7,9.4399,-0.1307,0.4491,1.0000,0.0062,0.0000,-0.0062,1.0000,0.0000,0.0000,0.0000,1.0000,0.1624,0.1625,0.0548
413,8,9.4670,-0.0873,0.4472,1.0000,0.0062,0.0000,-0.0062,1.0000,0.0000,0.0000,0.0000,1.0000,0.0831,0.2046,0.1050
413,9,9.4969,-0.0208,0.4544,1.0000,0.0062,0.0000,-0.0062,1.0000,0.0000,0.0000,0.0000,1.0000,0.0210,0.0279,0.0569
413,10,9.5412,-0.0805,0.4546,1.0000,0.0062,0.0000,-0.0062,1.0000,0.0000,0.0000,0.0000,1.0000,0.0210,0.0279,0.0569
414,0,8.9950,-0.0176,0.4400,1.0000,0.0036,0.0000,-0.0036,1.0000,0.0000,0.0000,0.0000,1.0000,0.2577,0.2263,0.1400
414,1,9.0031,-0.0147,0.6052,1.0000,0.0036,0.0000,-0.0036,1.0000,0.0000,0.0000,0.0000,1.0000,0.1100,0.2168,0.3052
414,2,9.0792,-0.0747,0.5173,1.0000,0.0036,0.0000,-0.0036,1.0000,0.0000,0.0000,0.0000,1.0000,0.1101,0.3070,0.2173
414,3,9.1022,-0.2514,0.5889,1.0000,0.0036,0.0000,-0.0036,1.0000,0.0000,0.0000,0.0000,1.0000,0.2836,0.2073,0.2889
414,4,9.2205,-0.2974,0.5062,1.0000,0.0036,0.0000,-0.0036,1.0000,0.0000,0.0000,0.0000,1.0000,0.2820,0.2947,0.2062
414,5,9.3876,-0.1601,0.6614,1.0000,0.0036,0.0000,-0.0036,1.0000,0.0000,0.0000,0.0000,1.0000,0.1112,0.2100,0.3614
414,6,9.4805,-0.1402,0.4265,1.0000,0.0036,0.0000,-0.0036,1.0000,0.0000,0.0000,0.0000,1.0000,0.1972,0.1336,0.1265
414,7,9.5894,-0.1314,0.4491,1.0000,0.0036,0.0000,-0.0036,1.0000,0.0000,0.0000,0.0000,1.0000,0.1624,0.1625,0.0548
414,8,9.6166,-0.0881,0.4472,1.0000,0.0036,0.0000,-0.0036,1.0000,0.0000,0.0000,0.0000,1.0000,0.0831,0.2046,0.1050
414,9,9.6467,-0.0217,0.4544,1.0000,0.0036,0.0000,-0.0036,1.0000,0.0000,0.0000,0.0000,1.0000,0.0210,0.0279,0.0569
414,10,9.6908,-0.0815,0.4546,1.0000,0.0036,0.0000,-0.0036,1.0000,0.0000,0.0000,0.0000,1.0000,0.0210,0.0279,0.0569
415,0,9.1327,-0.0172,0.4400,1.0000,0.0009,0.0000,-0.0009,1.0000,0.0000,0.0000,0.0000,1.0000,0.2577,0.2263,0.1400
415,1,9.1408,-0.0143,0.6052,1.0000,0.0009,0.0000,-0.0009,1.0000,0.0000,0.0000,0.0000,1.0000,0.1100,0.2168,0.3052
415,2,9.2168,-0.0745,0.5173,1.0000,0.0009,0.0000,-0.0009,1.0000,0.0000,0.0000,0.0000,1.0000,0.1101,0.3070,0.2173
415,3,9.2394,-0.2512,0.5889,1.0000,0.0009,0.0000,-0.0009,1.0000,0.0000,0.0000,0.0000,1.0000,0.2836,0.2073,0.2889
415,4,9.3575,-0.2976,0.5062,1.0000,0.0009,0.0000,-0.0009,1.0000,0.0000,0.0000,0.0000,1.0000,0.2820,0.2947,0.2062
415,5,9.5250,-0.1607,0.6614,1.0000,0.0009,0.0000,-0.0009,1.0000,0.0000,0.0000,0.0000,1.0000,0.1112,0.2100,0.3614
415,6,9.6179,-0.1411,0.4265,1.0000,0.0009,0.0000,-0.0009,1.0000,0.0000,0.0000,0.0000,1.0000,0.1972,0.1336,0.1265
415,7,9.7268,-0.1326,0.4491,1.0000,0.0009,0.0000,-0.0009,1.0000,0.0000,0.0000,0.0000,1.0000,0.1624,0.1625,0.0548
415,8,9.7542,-0.0894,0.4472,1.0000,0.0009,0.0000,-0.0009,1.0000,0.0000,0.0000,0.0000,1.0000,0.0831,0.2046,0.1050
415,9,9.7844,-0.0230,0.4544,1.0000,0.0009,0.0000,-0.0009,1.0000,0.0000,0.0000,0.0000,1.0000,0.0210,0.0279,0.0569
415,10,9.8284,-0.0829,0.4546,1.0000,0.0009,0.0000,-0.0009,1.0000,0.0000,0.0000,0.0000,1.0000,0.0210,0.0279,0.0569
416,0,9.2578,-0.0172,0.4400,1.0000,-0.0017,0.0000,0.0017,1.0000,0.0000,0.0000,0.0000,1.0000,0.2577,0.2263,0.1400
416,1,9.2659,-0.0143,0.6052,1.0000,-0.0017,0.0000,0.0017,1.0000,0.0000,0.0000,0.0000,1.0000,0.1100,0.2168,0.3052
416,2,9.3417,-0.0747,0.5173,1.0000,-0.0017,0.0000,0.0017,1.0000,0.0000,0.0000,0.0000,1.0000,0.1101,0.3070,0.2173
416,3,9.3638,-0.2514,0.5889,1.0000,-0.0017,0.0000,0.0017,1.0000,0.0000,0.0000,0.0000,1.0000,0.2836,0.2073,0.2889
416,4,9.4818,-0.2981,0.5062,1.0000,-0.0017,0.0000,0.0017,1.0000,0.0000,0.0000,0.0000,1.0000,0.2820,0.2947,0.2062
416,5,9.6496,-0.1616,0.6614,1.0000,-0.0017,0.0000,0.0017,1.0000,0.0000,0.0000,0.0000,1.0000,0.1112,0.2100,0.3614
416,6,9.7426,-0.1423,0.4265,1.0000,-0.0017,0.0000,0.0017,1.0000,0.0000,0.0000,0.0000,1.0000,0.1972,0.1336,0.1265
416,7,9.8516,-0.1341,0.4491,1.0000,-0.0017,0.0000,0.0017,1.0000,0.0000,0.0000,0.0000,1.0000,0.1624,0.1625,0.0548
416,8,9.8790,-0.0909,0.4472,1.0000,-0.0017,0.0000,0.0017,1.0000,0.0000,0.0000,0.0000,1.0000,0.0831,0.2046,0.1050
416,9,9.9094,-0.0247,0.4544,1.0000,-0.0017,0.0000,0.0017,1.0000,0.0000,0.0000,0.0000,1.0000,0.0210,0.0279,0.0569
416,10,9.9532,-0.0846,0.4546,1.0000,-0.0017,0.0000,0.0017,1.0000,0.0000,0.0000,0.0000,1.0000,0.0210,0.0279,0.0569
417,0,9.3696,-0.0174,0.4400,1.0000,-0.0042,0.0000,0.0042,1.0000,0.0000,0.0000,0.0000,1.0000,0.2577,0.2263,0.1400
417,1,9.3777,-0.0145,0.6052,1.0000,-0.0042,0.0000,0.0042,1.0000,0.0000,0.0000,0.0000,1.0000,0.1100,0.2168,0.3052
417,2,9.4534,-0.0751,0.5173,1.0000,-0.0042,0.0000,0.0042,1.0000,0.0000,0.0000,0.0000,1.0000,0.1101,0.3070,0.2173
417,3,9.4750,-0.2519,0.5889,1.0000,-0.0042,0.0000,0.0042,1.0000,0.0000,0.0000,0.0000,1.0000,0.2836,0.2073,0.2889
417,4,9.5929,-0.2989,0.5062,1.0000,-0.0042,0.0000,0.0042,1.0000,0.0000,0.0000,0.0000,1.0000,0.2820,0.2947,0.2062
417,5,9.7611,-0.1628,0.6614,1.0000,-0.0042,0.0000,0.0042,1.0000,0.0000,0.0000,0.0000,1.0000,0.1112,0.2100,0.3614
417,6,9.8542,-0.1437,0.4265,1.0000,-0.0042,0.0000,0.0042,1.0000,0.0000,0.0000,0.0000,1.0000,0.1972,0.1336,0.1265
417,7,9.9631,-0.1358,0.4491,1.0000,-0.0042,0.0000,0.0042,1.0000,0.0000,0.0000,0.0000,1.0000,0.1624,0.1625,0.0548
417,8,9.9907,-0.0927,0.4472,1.0000,-0.0042,0.0000,0.0042,1.0000,0.0000,0.0000,0.0000,1.0000,0.0831,0.2046,0.1050
417,9,10.0213,-0.0265,0.4544,1.0000,-0.0042,0.0000,0.0042,1.0000,0.0000,0.0000,0.0000,1.0000,0.0210,0.0279,0.0569
417,10,10.0649,-0.0866,0.4546,1.0000,-0.0042,0.0000,0.0042,1.0000,0.0000,0.0000,0.0000,1.0000,0.0210,0.0279,0.0569
418,0,9.4684,-0.0178,0.4400,1.0000,-0.0064,0.0000,0.0064,1.0000,0.0000,0.0000,0.0000,1.0000,0.2577,0.2263,0.1400
418,1,9.4765,-0.0150,0.6052,1.0000,-0.0064,0.0000,0.0064,1.0000,0.0000,0.0000,0.0000,1.0000,0.1100,0.2168,0.3052
418,2,9.5520,-0.0757,0.5173,1.0000,-0.0064,0.0000,0.0064,1.0000,0.0000,0.0000,0.0000,1.0000,0.1101,0.3070,0.2173
418,3,9.5733,-0.2526,0.5889,1.0000,-0.0064,0.0000,0.0064,1.0000,0.0000,0.0000,0.0000,1.0000,0.2836,0.2073,0.2889
418,4,9.6911,-0.2998,0.5062,1.0000,-0.0064,0.0000,0.0064,1.0000,0.0000,0.0000,0.0000,1.0000,0.2820,0.2947,0.2062
418,5,9.8596,-0.1641,0.6614,1.0000,-0.0064,0.0000,0.0064,1.0000,0.0000,0.0000,0.0000,1.0000,0.1112,0.2100,0.3614
418,6,9.9527,-0.1452,0.4265,1.0000,-0.0064,0.0000,0.0064,1.0000,0.0000,0.0000,0.0000,1.0000,0.1972,0.1336,0.1265
418,7,10.0617,-0.1375,0.4491,1.0000,-0.0064,0.0000,0.0064,1.0000,0.0000,0.0000,0.0000,1.0000,0.1624,0.1625,0.0548
418,8,10.0893,-0.0944,0.4472,1.0000,-0.0064,0.0000,0.0064,1.0000,0.0000,0.0000,0.0000,1.0000,0.0831,0.2046,0.1050
418,9,10.1201,-0.0283,0.4544,1.0000,-0.0064,0.0000,0.0064,1.0000,0.0000,0.0000,0.0000,1.0000,0.0210,0.0279,0.0569
418,10,10.1636,-0.0885,0.4546,1.0000,-0.0064,0.0000,0.0064,1.0000,0.0000,0.0000,0.0000,1.0000,0.0210,0.0279,0.0569
419,0,9.5547,-0.0183,0.4400,1.0000,-0.0083,0.0000,0.0083,1.0000,0.0000,0.0000,0.0000,1.0000,0.2577,0.2263,0.1400
419,1,9.5628,-0.0155,0.6052,1.0000,-0.0083,0.0000,0.0083,1.0000,0.0000,0.0000,0.0000,1.0000,0.1100,0.2168,0.3052
419,2,9.6382,-0.0764,0.5173,1.0000,-0.0083,0.0000,0.0083,1.0000,0.0000,0.0000,0.0000,1.0000,0.1101,0.3070,0.2173
419,3,9.6592,-0.2533,0.5889,1.0000,-0.0083,0.0000,0.0083,1.0000,0.0000,0.0000,0.0000,1.0000,0.2836,0.2073,0.2889
419,4,9.7769,-0.3008,0.5062,1.0000,-0.0083,0.0000,0.0083,1.0000,0.0000,0.0000,0.0000,1.0000,0.2820,0.2947,0.2062
419,5,9.9456,-0.1654,0.6614,1.0000,-0.0083,0.0000,0.0083,1.0000,0.0000,0.0000,0.0000,1.0000,0.1112,0.2100,0.3614
419,6,10.0388,-0.1467,0.4265,1.0000,-0.0083,0.0000,0.0083,1.0000,0.0000,0.0000,0.0000,1.0000,0.1972,0.1336,0.1265
419,7,10.1477,-0.1392,0.4491,1.0000,-0.0083,0.0000,0.0083,1.0000,0.0000,0.0000,0.0000,1.0000,0.1624,0.1625,0.0548
419,8,10.1755,-0.0962,0.4472,1.0000,-0.0083,0.0000,0.0083,1.0000,0.0000,0.0000,0.0000,1.0000,0.0831,0.2046,0.1050
419,9,10.2063,-0.0302,0.4544,1.0000,-0.0083,0.0000,0.0083,1.0000,0.0000,0.0000,0.0000,1.0000,0.0210,0.0279,0.0569
419,10,10.2497,-0.0904,0.4546,1.0000,-0.0083,0.0000,0.0083,1.0000,0.0000,0.0000,0.0000,1.0000,0.0210,0.0279,0.0569
420,0,9.6292,-0.0190,0.4400,0.9999,-0.0101,0.0000,0.0101,0.9999,0.0000,0.0000,0.0000,1.0000,0.2577,0.2263,0.1400
420,1,9.6373,-0.0161,0.6052,0.9999,-0.0101,0.0000,0.0101,0.9999,0.0000,0.0000,0.0000,1.0000,0.1100,0.2168,0.3052
420,2,9.7126,-0.0772,0.5173,0.9999,-0.0101,0.0000,0.0101,0.9999,0.0000,0.0000,0.0000,1.0000,0.1101,0.3070,0.2173
420,3,9.7332,-0.2541,0.5889,0.9999,-0.0101,0.0000,0.0101,0.9999,0.0000,0.0000,0.0000,1.0000,0.2836,0.2073,0.2889
420,4,9.8509,-0.3018,0.5062,0.9999,-0.0101,0.0000,0.0101,0.9999,0.0000,0.0000,0.0000,1.0000,0.2820,0.2947,0.2062
420,5,10.0198,-0.1667,0.6614,0.9999,-0.0101,0.0000,0.0101,0.9999,0.0000,0.0000,0.0000,1.0000,0.1112,0.2100,0.3614
420,6,10.1130,-0.1482,0.4265,0.9999,-0.0101,0.0000,0.0101,0.9999,0.0000,0.0000,0.0000,1.0000,0.1972,0.1336,0.1265
420,7,10.2220,-0.1409,0.4491,0.9999,-0.0101,0.0000,0.0101,0.9999,0.0000,0.0000,0.0000,1.0000,0.1624,0.1625,0.0548
420,8,10.2498,-0.0979,0.4472,0.9999,-0.0101,0.0000,0.0101,0.9999,0.0000,0.0000,0.0000,1.0000,0.0831,0.2046,0.1050
420,9,10.2808,-0.0320,0.4544,0.9999,-0.0101,0.0000,0.0101,0.9999,0.0000,0.0000,0.0000,1.0000,0.0210,0.0279,0.0569
420,10,10.3241,-0.0923,0.4546,0.9999,-0.0101,0.0000,0.0101,0.9999,0.0000,0.0000,0.0000,1.0000,0.0210,0.0279,0.0569
421,0,9.6924,-0.0196,0.4400,0.9999,-0.0117,0.0000,0.0117,0.9999,0.0000,0.0000,0.0000,1.0000,0.2577,0.2263,0.1400
421,1,9.7005,-0.0168,0.6052,0.9999,-0.0117,0.0000,0.0117,0.9999,0.0000,0.0000,0.0000,1.0000,0.1100,0.2168,0.3052
421,2,9.7757,-0.0780,0.5173,0.9999,-0.0117,0.0000,0.0117,0.9999,0.0000,0.0000,0.0000,1.0000,0.1101,0.3070,0.2173
421,3,9.7960,-0.2549,0.5889,0.9999,-0.0117,0.0000,0.0117,0.9999,0.0000,0.0000,0.0000,1.0000,0.2836,0.2073,0.2889
421,4,9.9136,-0.3028,0.5062,0.9999,-0.0117,0.0000,0.0117,0.9999,0.0000,0.0000,0.0000,1.0000,0.2820,0.2947,0.2062
421,5,10.0828,-0.1679,0.6614,0.9999,-0.0117,0.0000,0.0117,0.9999,0.0000,0.0000,0.0000,1.0000,0.1112,0.2100,0.3614
421,6,10.1760,-0.1495,0.4265,0.9999,-0.0117,0.0000,0.0117,0.9999,0.0000,0.0000,0.0000,1.0000,0.1972,0.1336,0.1265
421,7,10.2850,-0.1424,0.4491,0.9999,-0.0117,0.0000,0.0117,0.9999,0.0000,0.0000,0.0000,1.0000,0.1624,0.1625,0.0548
421,8,10.3129,-0.0995,0.4472,0.9999,-0.0117,0.0000,0.0117,0.9999,0.0000,0.0000,0.0000,1.0000,0.0831,0.2046,0.1050
421,9,10.3440,-0.0336,0.4544,0.9999,-0.0117,0.0000,0.0117,0.9999,0.0000,0.0000,0.0000,1.0000,0.0210,0.0279,0.0569
421,10,10.3871,-0.0940,0.4546,0.9999,-0.0117,0.0000,0.0117,0.9999,0.0000,0.0000,0.0000,1.0000,0.0210,0.0279,0.0569
422,0,9.7445,-0.0202,0.4400,0.9999,-0.0130,0.0000,0.0130,0.9999,0.0000,0.0000,0.0000,1.0000,0.2577,0.2263,0.1400
422,1,9.7526,-0.0174,0.6052,0.9999,-0.0130,0.0000,0.0130,0.9999,0.0000,0.0000,0.0000,1.0000,0.1100,0.2168,0.3052
422,2,9.8277,-0.0786,0.5173,0.9999,-0.0130,0.0000,0.0130,0.9999,0.0000,0.0000,0.0000,1.0000,0.1101,0.3070,0.2173
422,3,9.8478,-0.2556,0.5889,0.9999,-0.0130,0.0000,0.0130,0.9999,0.0000,0.0000,0.0000,1.0000,0.2836,0.2073,0.2889
422,4,9.9653,-0.3036,0.5062,0.9999,-0.0130,0.0000,0.0130,0.9999,0.0000,0.0000,0.0000,1.0000,0.2820,0.2947,0.2062
422,5,10.1347,-0.1690,0.6614,0.9999,-0.0130,0.0000,0.0130,0.9999,0.0000,0.0000,0.0000,1.0000,0.1112,0.2100,0.3614
422,6,10.2279,-0.1507,0.4265,0.9999,-0.0130,0.0000,0.0130,0.9999,0.0000,0.0000,0.0000,1.0000,0.1972,0.1336,0.1265
422,7,10.3369,-0.1437,0.4491,0.9999,-0.0130,0.0000,0.0130,0.9999,0.0000,0.0000,0.0000,1.0000,0.1624,0.1625,0.0548
422,8,10.3649,-0.1009,0.4472,0.9999,-0.0130,0.0000,0.0130,0.9999,0.0000,0.0000,0.0000,1.0000,0.0831,0.2046,0.1050
422,9,10.3961,-0.0350,0.4544,0.9999,-0.0130,0.0000,0.0130,0.9999,0.0000,0.0000,0.0000,1.0000,0.0210,0.0279,0.0569
422,10,10.4392,-0.0955,0.4546,0.9999,-0.0130,0.0000,0.0130,0.9999,0.0000,0.0000,0.0000,1.0000,0.0210,0.0279,0.0569
423,0,9.7859,-0.0207,0.4400,0.9999,-0.0140,0.0000,0.0140,0.9999,0.0000,0.0000,0.0000,1.0000,0.2577,0.2263,0.1400
423,1,9.7940,-0.0179,0.6052,0.9999,-0.0140,0.0000,0.0140,0.9999,0.0000,0.0000,0.0000,1.0000,0.1100,0.2168,0.3052
423,2,9.8691,-0.0792,0.5173,0.9999,-0.0140,0.0000,0.0140,0.9999,0.0000,0.0000,0.0000,1.0000,0.1101,0.3070,0.2173
423,3,9.8890,-0.2562,0.5889,0.9999,-0.0140,0.0000,0.0140,0.9999,0.0000,0.0000,0.0000,1.0000,0.2836,0.2073,0.2889
423,4,10.0064,-0.3044,0.5062,0.9999,-0.0140,0.0000,0.0140,0.9999,0.0000,0.0000,0.0000,1.0000,0.2820,0.2947,0.2062
423,5,10.1759,-0.1699,0.6614,0.9999,-0.0140,0.0000,0.0140,0.9999,0.0000,0.0000,0.0000,1.0000,0.1112,0.2100,0.3614
423,6,10.2692,-0.1517,0.4265,0.9999,-0.0140,0.0000,0.0140,0.9999,0.0000,0.0000,0.0000,1.0000,0.1972,0.1336,0.1265
423,7,10.3782,-0.1449,0.4491,0.9999,-0.0140,0.0000,0.0140,0.9999,0.0000,0.0000,0.0000,1.0000,0.1624,0.1625,0.0548
423,8,10.4062,-0.1021,0.4472,0.9999,-0.0140,0.0000,0.0140,0.9999,0.0000,0.0000,0.0000,1.0000,0.0831,0.2046,0.1050
423,9,10.4374,-0.0362,0.4544,0.9999,-0.0140,0.0000,0.0140,0.9999,0.0000,0.0000,0.0000,1.0000,0.0210,0.0279,0.0569
423,10,10.4805,-0.0967,0.4546,0.9999,-0.0140,0.0000,0.0140,0.9999,0.0000,0.0000,0.0000,1.0000,0.0210,0.0279,0.0569
424,0,9.8172,-0.0211,0.4400,0.9999,-0.0148,0.0000,0.0148,0.9999,0.0000,0.0000,0.0000,1.0000,0.2577,0.2263,0.1400
424,1,9.8254,-0.0183,0.6052,0.9999,-0.0148,0.0000,0.0148,0.9999,0.0000,0.0000,0.0000,1.0000,0.1100,0.2168,0.3052
424,2,9.9004,-0.0797,0.5173,0.9999,-0.0148,0.0000,0.0148,0.9999,0.0000,0.0000,0.0000,1.0000,0.1101,0.3070,0.2173
424,3,9.9202,-0.2567,0.5889,0.9999,-0.0148,0.0000,0.0148,0.9999,0.0000,0.0000,0.0000,1.0000,0.2836,0.2073,0.2889
424,4,10.0376,-0.3050,0.5062,0.9999,-0.0148,0.0000,0.0148,0.9999,0.0000,0.0000,0.0000,1.0000,0.2820,0.2947,0.2062
424,5,10.2072,-0.1707,0.6614,0.9999,-0.0148,0.0000,0.0148,0.9999,0.0000,0.0000,0.0000,1.0000,0.1112,0.2100,0.3614
424,6,10.3005,-0.1526,0.4265,0.9999,-0.0148,0.0000,0.0148,0.9999,0.0000,0.0000,0.0000,1.0000,0.1972,0.1336,0.1265
424,7,10.4095,-0.1458,0.4491,0.9999,-0.0148,0.0000,0.0148,0.9999,0.0000,0.0000,0.0000,1.0000,0.1624,0.1625,0.0548
424,8,10.4375,-0.1030,0.4472,0.9999,-0.0148,0.0000,0.0148,0.9999,0.0000,0.0000,0.0000,1.0000,0.0831,0.2046,0.1050
424,9,10.4688,-0.0371,0.4544,0.9999,-0.0148,0.0000,0.0148,0.9999,0.0000,0.0000,0.0000,1.0000,0.0210,0.0279,0.0569
424,10,10.5118,-0.0977,0.4546,0.9999,-0.0148,0.0000,0.0148,0.9999,0.0000,0.0000,0.0000,1.0000,0.0210,0.0279,0.0569
425,0,9.8403,-0.0214,0.4400,0.9999,-0.0154,0.0000,0.0154,0.9999,0.0000,0.0000,0.0000,1.0000,0.2577,0.2263,0.1400
425,1,9.8484,-0.0186,0.6052,0.9999,-0.0154,0.0000,0.0154,0.9999,0.0000,0.0000,0.0000,1.0000,0.1100,0.2168,0.3052
425,2,9.9234,-0.0801,0.5173,0.9999,-0.0154,0.0000,0.0154,0.9999,0.0000,0.0000,0.0000,1.0000,0.1101,0.3070,0.2173
425,3,9.9430,-0.2571,0.5889,0.9999,-0.0154,0.0000,0.0154,0.9999,0.0000,0.0000,0.0000,1.0000,0.2836,0.2073,0.2889
425,4,10.0604,-0.3054,0.5062,0.9999,-0.0154,0.0000,0.0154,0.9999,0.0000,0.0000,0.0000,1.0000,0.2820,0.2947,0.2062
425,5,10.2301,-0.1712,0.6614,0.9999,-0.0154,0.0000,0.0154,0.9999,0.0000,0.0000,0.0000,1.0000,0.1112,0.2100,0.3614
425,6,10.3234,-0.1532,0.4265,0.9999,-0.0154,0.0000,0.0154,0.9999,0.0000,0.0000,0.0000,1.0000,0.1972,0.1336,0.1265
425,7,10.4324,-0.1464,0.4491,0.9999,-0.0154,0.0000,0.0154,0.9999,0.0000,0.0000,0.0000,1.0000,0.1624,0.1625,0.0548
425,8,10.4605,-0.1037,0.4472,0.9999,-0.0154,0.0000,0.0154,0.9999,0.0000,0.0000,0.0000,1.0000,0.0831,0.2046,0.1050
425,9,10.4918,-0.0378,0.4544,0.9999,-0.0154,0.0000,0.0154,0.9999,0.0000,0.0000,0.0000,1.0000,0.0210,0.0279,0.0569
425,10,10.5348,-0.0984,0.4546,0.9999,-0.0154,0.0000,0.0154,0.9999,0.0000,0.0000,0.0000,1.0000,0.0210,0.0279,0.0569
426,0,9.8576,-0.0217,0.4400,0.9999,-0.0158,0.0000,0.0158,0.9999,0.0000,0.0000,0.0000,1.0000,0.2577,0.2263,0.1400
426,1,9.8658,-0.0189,0.6052,0.9999,-0.0158,0.0000,0.0158,0.9999,0.0000,0.0000,0.0000,1.0000,0.1100,0.2168,0.3052
426,2,9.9407,-0.0804,0.5173,0.9999,-0.0158,0.0000,0.0158,0.9999,0.0000,0.0000,0.0000,1.0000,0.1101,0.3070,0.2173
426,3,9.9603,-0.2574,0.5889,0.9999,-0.0158,0.0000,0.0158,0.9999,0.0000,0.0000,0.0000,1.0000,0.2836,0.2073,0.2889
426,4,10.0777,-0.3058,0.5062,0.9999,-0.0158,0.0000,0.0158,0.9999,0.0000,0.0000,0.0000,1.0000,0.2820,0.2947,0.2062
426,5,10.2474,-0.1717,0.6614,0.9999,-0.0158,0.0000,0.0158,0.9999,0.0000,0.0000,0.0000,1.0000,0.1112,0.2100,0.3614
426,6,10.3407,-0.1536,0.4265,0.9999,-0.0158,0.0000,0.0158,0.9999,0.0000,0.0000,0.0000,1.0000,0.1972,0.1336,0.1265
426,7,10.4497,-0.1470,0.4491,0.9999,-0.0158,0.0000,0.0158,0.9999,0.0000,0.0000,0.0000,1.0000,0.1624,0.1625,0.0548
426,8,10.4778,-0.1042,0.4472,0.9999,-0.0158,0.0000,0.0158,0.9999,0.0000,0.0000,0.0000,1.0000,0.0831,0.2046,0.1050
426,9,10.5091,-0.0384,0.4544,0.9999,-0.0158,0.0000,0.0158,0.9999,0.0000,0.0000,0.0000,1.0000,0.0210,0.0279,0.0569
426,10,10.5521,-0.0990,0.4546,0.9999,-0.0158,0.0000,0.0158,0.9999,0.0000,0.0000,0.0000,1.0000,0.0210,0.0279,0.0569
427,0,9.8724,-0.0219,0.4400,0.9999,-0.0162,0.0000,0.0162,0.9999,0.0000,0.0000,0.0000,1.0000,0.2577,0.2263,0.1400
427,1,9.8805,-0.0191,0.6052,0.9999,-0.0162,0.0000,0.0162,0.9999,0.0000,0.0000,0.0000,1.0000,0.1100,0.2168,0.3052
427,2,9.9554,-0.0806,0.5173,0.9999,-0.0162,0.0000,0.0162,0.9999,0.0000,0.0000,0.0000,1.0000,0.1101,0.3070,0.2173
427,3,9.9749,-0.2577,0.5889,0.9999,-0.0162,0.0000,0.0162,0.9999,0.0000,0.0000,0.0000,1.0000,0.2836,0.2073,0.2889
427,4,10.0923,-0.3061,0.5062,0.9999,-0.0162,0.0000,0.0162,0.9999,0.0000,0.0000,0.0000,1.0000,0.2820,0.2947,0.2062
427,5,10.2621,-0.1720,0.6614,0.9999,-0.0162,0.0000,0.0162,0.9999,0.0000,0.0000,0.0000,1.0000,0.1112,0.2100,0.3614
427,6,10.3554,-0.1540,0.4265,0.9999,-0.0162,0.0000,0.0162,0.9999,0.0000,0.0000,0.0000,1.0000,0.1972,0.1336,0.1265
427,7,10.4644,-0.1474,0.4491,0.9999,-0.0162,0.0000,0.0162,0.9999,0.0000,0.0000,0.0000,1.0000,0.1624,0.1625,0.0548
427,8,10.4925,-0.1047,0.4472,0.9999,-0.0162,0.0000,0.0162,0.9999,0.0000,0.0000,0.0000,1.0000,0.0831,0.2046,0.1050
427,9,10.5239,-0.0389,0.4544,0.9999,-0.0162,0.0000,0.0162,0.9999,0.0000,0.0000,0.0000,1.0000,0.0210,0.0279,0.0569
427,10,10.5668,-0.0995,0.4546,0.9999,-0.0162,0.0000,0.0162,0.9999,0.0000,0.0000,0.0000,1.0000,0.0210,0.0279,0.0569
428,0,9.8868,-0.0221,0.4400,0.9999,-0.0166,0.0000,0.0166,0.9999,0.0000,0.0000,0.0000,1.0000,0.2577,0.2263,0.1400
428,1,9.8949,-0.0193,0.6052,0.9999,-0.0166,0.0000,0.0166,0.9999,0.0000,0.0000,0.0000,1.0000,0.1100,0.2168,0.3052
428,2,9.9698,-0.0809,0.5173,0.9999,-0.0166,0.0000,0.0166,0.9999,0.0000,0.0000,0.0000,1.0000,0.1101,0.3070,0.2173
428,3,9.9893,-0.2579,0.5889,0.9999,-0.0166,0.0000,0.0166,0.9999,0.0000,0.0000,0.0000,1.0000,0.2836,0.2073,0.2889
428,4,10.1066,-0.3064,0.5062,0.9999,-0.0166,0.0000,0.0166,0.9999,0.0000,0.0000,0.0000,1.0000,0.2820,0.2947,0.2062
428,5,10.2764,-0.1724,0.6614,0.9999,-0.0166,0.0000,0.0166,0.9999,0.0000,0.0000,0.0000,1.0000,0.1112,0.2100,0.3614
428,6,10.3697,-0.1544,0.4265,0.9999,-0.0166,0.0000,0.0166,0.9999,0.0000,0.0000,0.0000,1.0000,0.1972,0.1336,0.1265
428,7,10.4788,-0.1479,0.4491,0.9999,-0.0166,0.0000,0.0166,0.9999,0.0000,0.0000,0.0000,1.0000,0.1624,0.1625,0.0548
428,8,10.5069,-0.1051,0.4472,0.9999,-0.0166,0.0000,0.0166,0.9999,0.0000,0.0000,0.0000,1.0000,0.0831,0.2046,0.1050
428,9,10.5383,-0.0393,0.4544,0.9999,-0.0166,0.0000,0.0166,0.9999,0.0000,0.0000,0.0000,1.0000,0.0210,0.0279,0.0569
428,10,10.5812,-0.0999,0.4546,0.9999,-0.0166,0.0000,0.0166,0.9999,0.0000,0.0000,0.0000,1.0000,0.0210,0.0279,0.0569
429,0,9.9022,-0.0223,0.4400,0.9999,-0.0170,0.0000,0.0170,0.9999,0.0000,0.0000,0.0000,1.0000,0.2577,0.2263,0.1400
429,1,9.9104,-0.0196,0.6052,0.9999,-0.0170,0.0000,0.0170,0.9999,0.0000,0.0000,0.0000,1.0000,0.1100,0.2168,0.3052
429,2,9.9853,-0.0812,0.5173,0.9999,-0.0170,0.0000,0.0170,0.9999,0.0000,0.0000,0.0000,1.0000,0.1101,0.3070,0.2173
429,3,10.0046,-0.2582,0.5889,0.9999,-0.0170,0.0000,0.0170,0.9999,0.0000,0.0000,0.0000,1.0000,0.2836,0.2073,0.2889
429,4,10.1219,-0.3067,0.5062,0.9999,-0.0170,0.0000,0.0170,0.9999,0.0000,0.0000,0.0000,1.0000,0.2820,0.2947,0.2062
429,5,10.2918,-0.1728,0.6614,0.9999,-0.0170,0.0000,0.0170,0.9999,0.0000,0.0000,0.0000,1.0000,0.1112,0.2100,0.3614
429,6,10.3852,-0.1549,0.4265,0.9999,-0.0170,0.0000,0.0170,0.9999,0.0000,0.0000,0.0000,1.0000,0.1972,0.1336,0.1265
429,7,10.4942,-0.1483,0.4491,0.9999,-0.0170,0.0000,0.0170,0.9999,0.0000,0.0000,0.0000,1.0000,0.1624,0.1625,0.0548
429,8,10.5223,-0.1056,0.4472,0.9999,-0.0170,0.0000,0.0170,0.9999,0.0000,0.0000,0.0000,1.0000,0.0831,0.2046,0.1050
429,9,10.5537,-0.0398,0.4544,0.9999,-0.0170,0.0000,0.0170,0.9999,0.0000,0.0000,0.0000,1.0000,0.0210,0.0279,0.0569
429,10,10.5966,-0.1005,0.4546,0.9999,-0.0170,0.0000,0.0170,0.9999,0.0000,0.0000,0.0000,1.0000,0.0210,0.0279,0.0569
430,0,9.9192,-0.0226,0.4400,0.9998,-0.0174,0.0000,0.0174,0.9998,0.0000,0.0000,0.0000,1.0000,0.2577,0.2263,0.1400
430,1,9.9274,-0.0199,0.6052,0.9998,-0.0174,0.0000,0.0174,0.9998,0.0000,0.0000,0.0000,1.0000,0.1100,0.2168,0.3052
430,2,10.0022,-0.0815,0.5173,0.9998,-0.0174,0.0000,0.0174,0.9998,0.0000,0.0000,0.0000,1.0000,0.1101,0.3070,0.2173
430,3,10.0215,-0.2585,0.5889,0.9998,-0.0174,0.0000,0.0174,0.9998,0.0000,0.0000,0.0000,1.0000,0.2836,0.2073,0.2889
430,4,10.1388,-0.3071,0.5062,0.9998,-0.0174,0.0000,0.0174,0.9998,0.0000,0.0000,0.0000,1.0000,0.2820,0.2947,0.2062
430,5,10.3087,-0.1732,0.6614,0.9998,-0.0174,0.0000,0.0174,0.9998,0.0000,0.0000,0.0000,1.0000,0.1112,0.2100,0.3614
430,6,10.4021,-0.1554,0.4265,0.9998,-0.0174,0.0000,0.0174,0.9998,0.0000,0.0000,0.0000,1.0000,0.1972,0.1336,0.1265
430,7,10.5111,-0.1489,0.4491,0.9998,-0.0174,0.0000,0.0174,0.9998,0.0000,0.0000,0.0000,1.0000,0.1624,0.1625,0.0548
430,8,10.5392,-0.1061,0.4472,0.9998,-0.0174,0.0000,0.0174,0.9998,0.0000,0.0000,0.0000,1.0000,0.0831,0.2046,0.1050
430,9,10.5707,-0.0404,0.4544,0.9998,-0.0174,0.0000,0.0174,0.9998,0.0000,0.0000,0.0000,1.0000,0.0210,0.0279,0.0569
430,10,10.6135,-0.1010,0.4546,0.9998,-0.0174,0.0000,0.0174,0.9998,0.0000,0.0000,0.0000,1.0000,0.0210,0.0279,0.0569
431,0,9.9374,-0.0229,0.4400,0.9998,-0.0179,0.0000,0.0179,0.9998,0.0000,0.0000,0.0000,1.0000,0.2577,0.2263,0.1400
431,1,9.9456,-0.0202,0.6052,0.9998,-0.0179,0.0000,0.0179,0.9998,0.0000,0.0000,0.0000,1.0000,0.1100,0.2168,0.3052
431,2,10.0204,-0.0818,0.5173,0.9998,-0.0179,0.0000,0.0179,0.9998,0.0000,0.0000,0.0000,1.0000,0.1101,0.3070,0.2173
431,3,10.0396,-0.2589,0.5889,0.9998,-0.0179,0.0000,0.0179,0.9998,0.0000,0.0000,0.0000,1.0000,0.2836,0.2073,0.2889
431,4,10.1569,-0.3075,0.5062,0.9998,-0.0179,0.0000,0.0179,0.9998,0.0000,0.0000,0.0000,1.0000,0.2820,0.2947,0.2062
431,5,10.3269,-0.1737,0.6614,0.9998,-0.0179,0.0000,0.0179,0.9998,0.0000,0.0000,0.0000,1.0000,0.1112,0.2100,0.3614
431,6,10.4202,-0.1559,0.4265,0.9998,-0.0179,0.0000,0.0179,0.9998,0.0000,0.0000,0.0000,1.0000,0.1972,0.1336,0.1265
431,7,10.5293,-0.1495,0.4491,0.9998,-0.0179,0.0000,0.0179,0.9998,0.0000,0.0000,0.0000,1.0000,0.1624,0.1625,0.0548
431,8,10.5574,-0.1068,0.4472,0.9998,-0.0179,0.0000,0.0179,0.9998,0.0000,0.0000,0.0000,1.0000,0.0831,0.2046,0.1050
431,9,10.5889,-0.0410,0.4544,0.9998,-0.0179,0.0000,0.0179,0.9998,0.0000,0.0000,0.0000,1.0000,0.0210,0.0279,0.0569
431,10,10.6317,-0.1017,0.4546,0.9998,-0.0179,0.0000,0.0179,0.9998,0.0000,0.0000,0.0000,1.0000,0.0210,0.0279,0.0569
432,0,9.9561,-0.0232,0.4400,0.9998,-0.0184,0.0000,0.0184,0.9998,0.0000,0.0000,0.0000,1.0000,0.2577,0.2263,0.1400
432,1,9.9642,-0.0205,0.6052,0.9998,-0.0184,0.0000,0.0184,0.9998,0.0000,0.0000,0.0000,1.0000,0.1100,0.2168,0.3052
432,2,10.0390,-0.0822,0.5173,0.9998,-0.0184,0.0000,0.0184,0.9998,0.0000,0.0000,0.0000,1.0000,0.1101,0.3070,0.2173
432,3,10.0581,-0.2593,0.5889,0.9998,-0.0184,0.0000,0.0184,0.9998,0.0000,0.0000,0.0000,1.0000,0.2836,0.2073,0.2889
432,4,10.1754,-0.3079,0.5062,0.9998,-0.0184,0.0000,0.0184,0.9998,0.0000,0.0000,0.0000,1.0000,0.2820,0.2947,0.2062
432,5,10.3455,-0.1742,0.6614,0.9998,-0.0184,0.0000,0.0184,0.9998,0.0000,0.0000,0.0000,1.0000,0.1112,0.2100,0.3614
432,6,10.4388,-0.1565,0.4265,0.9998,-0.0184,0.0000,0.0184,0.9998,0.0000,0.0000,0.0000,1.0000,0.1972,0.1336,0.1265
432,7,10.5478,-0.1501,0.4491,0.9998,-0.0184,0.0000,0.0184,0.9998,0.0000,0.0000,0.0000,1.0000,0.1624,0.1625,0.0548
432,8,10.5760,-0.1074,0.4472,0.9998,-0.0184,0.0000,0.0184,0.9998,0.0000,0.0000,0.0000,1.0000,0.0831,0.2046,0.1050
432,9,10.6075,-0.0416,0.4544,0.9998,-0.0184,0.0000,0.0184,0.9998,0.0000,0.0000,0.0000,1.0000,0.0210,0.0279,0.0569
432,10,10.6503,-0.1023,0.4546,0.9998,-0.0184,0.0000,0.0184,0.9998,0.0000,0.0000,0.0000,1.0000,0.0210,0.0279,0.0569
433,0,9.9741,-0.0236,0.4400,0.9998,-0.0189,0.0000,0.0189,0.9998,0.0000,0.0000,0.0000,1.0000,0.2577,0.2263,0.1400
433,1,9.9822,-0.0208,0.6052,0.9998,-0.0189,0.0000,0.0189,0.9998,0.0000,0.0000,0.0000,1.0000,0.1100,0.2168,0.3052
433,2,10.0570,-0.0825,0.5173,0.9998,-0.0189,0.0000,0.0189,0.9998,0.0000,0.0000,0.0000,1.0000,0.1101,0.3070,0.2173
433,3,10.0761,-0.2596,0.5889,0.9998,-0.0189,0.0000,0.0189,0.9998,0.0000,0.0000,0.0000,1.0000,0.2836,0.2073,0.2889
433,4,10.1933,-0.3083,0.5062,0.9998,-0.0189,0.0000,0.0189,0.9998,0.0000,0.0000,0.0000,1.0000,0.2820,0.2947,0.2062
433,5,10.3634,-0.1747,0.6614,0.9998,-0.0189,0.0000,0.0189,0.9998,0.0000,0.0000,0.0000,1.0000,0.1112,0.2100,0.3614
433,6,10.4568,-0.1570,0.4265,0.9998,-0.0189,0.0000,0.0189,0.9998,0.0000,0.0000,0.0000,1.0000,0.1972,0.1336,0.1265
433,7,10.5658,-0.1507,0.4491,0.9998,-0.0189,0.0000,0.0189,0.9998,0.0000,0.0000,0.0000,1.0000,0.1624,0.1625,0.0548
433,8,10.5940,-0.1080,0.4472,0.9998,-0.0189,0.0000,0.0189,0.9998,0.0000,0.0000,0.0000,1.0000,0.0831,0.2046,0.1050
433,9,10.6256,-0.0423,0.4544,0.9998,-0.0189,0.0000,0.0189,0.9998,0.0000,0.0000,0.0000,1.0000,0.0210,0.0279,0.0569
433,10,10.6683,-0.1030,0.4546,0.9998,-0.0189,0.0000,0.0189,0.9998,0.0000,0.0000,0.0000,1.0000,0.0210,0.0279,0.0569
434,0,9.9906,-0.0239,0.4400,0.9998,-0.0193,0.0000,0.0193,0.9998,0.0000,0.0000,0.0000,1.0000,0.2577,0.2263,0.1400
434,1,9.9988,-0.0211,0.6052,0.9998,-0.0193,0.0000,0.0193,0.9998,0.0000,0.0000,0.0000,1.0000,0.1100,0.2168,0.3052
434,2,10.0735,-0.0829,0.5173,0.9998,-0.0193,0.0000,0.0193,0.9998,0.0000,0.0000,0.0000,1.0000,0.1101,0.3070,0.2173
434,3,10.0925,-0.2600,0.5889,0.9998,-0.0193,0.0000,0.0193,0.9998,0.0000,0.0000,0.0000,1.0000,0.2836,0.2073,0.2889
434,4,10.2097,-0.3087,0.5062,0.9998,-0.0193,0.0000,0.0193,0.9998,0.0000,0.0000,0.0000,1.0000,0.2820,0.2947,0.2062
434,5,10.3799,-0.1752,0.6614,0.9998,-0.0193,0.0000,0.0193,0.9998,0.0000,0.0000,0.0000,1.0000,0.1112,0.2100,0.3614
434,6,10.4732,-0.1575,0.4265,0.9998,-0.0193,0.0000,0.0193,0.9998,0.0000,0.0000,0.0000,1.0000,0.1972,0.1336,0.1265
434,7,10.5823,-0.1512,0.4491,0.9998,-0.0193,0.0000,0.0193,0.9998,0.0000,0.0000,0.0000,1.0000,0.1624,0.1625,0.0548
434,8,10.6105,-0.1085,0.4472,0.9998,-0.0193,0.0000,0.0193,0.9998,0.0000,0.0000,0.0000,1.0000,0.0831,0.2046,0.1050
434,9,10.6421,-0.0428,0.4544,0.9998,-0.0193,0.0000,0.0193,0.9998,0.0000,0.0000,0.0000,1.0000,0.0210,0.0279,0.0569
434,10,10.6848,-0.1036,0.4546,0.9998,-0.0193,0.0000,0.0193,0.9998,0.0000,0.0000,0.0000,1.0000,0.0210,0.0279,0.0569
435,0,10.0049,-0.0241,0.4400,0.9998,-0.0197,0.0000,0.0197,0.9998,0.0000,0.0000,0.0000,1.0000,0.2577,0.2263,0.1400
435,1,10.0131,-0.0214,0.6052,0.9998,-0.0197,0.0000,0.0197,0.9998,0.0000,0.0000,0.0000,1.0000,0.1100,0.2168,0.3052
435,2,10.0878,-0.0832,0.5173,0.9998,-0.0197,0.0000,0.0197,0.9998,0.0000,0.0000,0.0000,1.0000,0.1101,0.3070,0.2173
435,3,10.1067,-0.2603,0.5889,0.9998,-0.0197,0.0000,0.0197,0.9998,0.0000,0.0000,0.0000,1.0000,0.2836,0.2073,0.2889
435,4,10.2238,-0.3091,0.5062,0.9998,-0.0197,0.0000,0.0197,0.9998,0.0000,0.0000,0.0000,1.0000,0.2820,0.2947,0.2062
435,5,10.3941,-0.1756,0.6614,0.9998,-0.0197,0.0000,0.0197,0.9998,0.0000,0.0000,0.0000,1.0000,0.1112,0.2100,0.3614
435,6,10.4875,-0.1579,0.4265,0.9998,-0.0197,0.0000,0.0197,0.9998,0.0000,0.0000,0.0000,1.0000,0.1972,0.1336,0.1265
435,7,10.5965,-0.1517,0.4491,0.9998,-0.0197,0.0000,0.0197,0.9998,0.0000,0.0000,0.0000,1.0000,0.1624,0.1625,0.0548
435,8,10.6248,-0.1090,0.4472,0.9998,-0.0197,0.0000,0.0197,0.9998,0.0000,0.0000,0.0000,1.0000,0.0831,0.2046,0.1050
435,9,10.6564,-0.0433,0.4544,0.9998,-0.0197,0.0000,0.0197,0.9998,0.0000,0.0000,0.0000,1.0000,0.0210,0.0279,0.0569
435,10,10.6991,-0.1041,0.4546,0.9998,-0.0197,0.0000,0.0197,0.9998,0.0000,0.0000,0.0000,1.0000,0.0210,0.0279,0.0569
436,0,10.0165,-0.0243,0.4400,0.9998,-0.0200,0.0000,0.0200,0.9998,0.0000,0.0000,0.0000,1.0000,0.2577,0.2263,0.1400
436,1,10.0247,-0.0216,0.6052,0.9998,-0.0200,0.0000,0.0200,0.9998,0.0000,0.0000,0.0000,1.0000,0.1100,0.2168,0.3052
436,2,10.0994,-0.0834,0.5173,0.9998,-0.0200,0.0000,0.0200,0.9998,0.0000,0.0000,0.0000,1.0000,0.1101,0.3070,0.2173
436,3,10.1182,-0.2605,0.5889,0.9998,-0.0200,0.0000,0.0200,0.9998,0.0000,0.0000,0.0000,1.0000,0.2836,0.2073,0.2889
436,4,10.2354,-0.3094,0.5062,0.9998,-0.0200,0.0000,0.0200,0.9998,0.0000,0.0000,0.0000,1.0000,0.2820,0.2947,0.2062
436,5,10.4057,-0.1759,0.6614,0.9998,-0.0200,0.0000,0.0200,0.9998,0.0000,0.0000,0.0000,1.0000,0.1112,0.2100,0.3614
436,6,10.4991,-0.1583,0.4265,0.9998,-0.0200,0.0000,0.0200,0.9998,0.0000,0.0000,0.0000,1.0000,0.1972,0.1336,0.1265
436,7,10.6081,-0.1521,0.4491,0.9998,-0.0200,0.0000,0.0200,0.9998,0.0000,0.0000,0.0000,1.0000,0.1624,0.1625,0.0548
436,8,10.6364,-0.1094,0.4472,0.9998,-0.0200,0.0000,0.0200,0.9998,0.0000,0.0000,0.0000,1.0000,0.0831,0.2046,0.1050
436,9,10.6680,-0.0437,0.4544,0.9998,-0.0200,0.0000,0.0200,0.9998,0.0000,0.0000,0.0000,1.0000,0.0210,0.0279,0.0569
436,10,10.7107,-0.1045,0.4546,0.9998,-0.0200,0.0000,0.0200,0.9998,0.0000,0.0000,0.0000,1.0000,0.0210,0.0279,0.0569
437,0,10.0255,-0.0245,0.4400,0.9998,-0.0202,0.0000,0.0202,0.9998,0.0000,0.0000,0.0000,1.0000,0.2577,0.2263,0.1400
437,1,10.0337,-0.0218,0.6052,0.9998,-0.0202,0.0000,0.0202,0.9998,0.0000,0.0000,0.0000,1.0000,0.1100,0.2168,0.3052
437,2,10.1084,-0.0836,0.5173,0.9998,-0.0202,0.0000,0.0202,0.9998,0.0000,0.0000,0.0000,1.0000,0.1101,0.3070,0.2173
437,3,10.1272,-0.2607,0.5889,0.9998,-0.0202,0.0000,0.0202,0.9998,0.0000,0.0000,0.0000,1.0000,0.2836,0.2073,0.2889
437,4,10.2443,-0.3096,0.5062,0.9998,-0.0202,0.0000,0.0202,0.9998,0.0000,0.0000,0.0000,1.0000,0.2820,0.2947,0.2062
437,5,10.4147,-0.1762,0.6614,0.9998,-0.0202,0.0000,0.0202,0.9998,0.0000,0.0000,0.0000,1.0000,0.1112,0.2100,0.3614
437,6,10.5080,-0.1586,0.4265,0.9998,-0.0202,0.0000,0.0202,0.9998,0.0000,0.0000,0.0000,1.0000,0.1972,0.1336,0.1265
437,7,10.6171,-0.1524,0.4491,0.9998,-0.0202,0.0000,0.0202,0.9998,0.0000,0.0000,0.0000,1.0000,0.1624,0.1625,0.0548
437,8,10.6453,-0.1097,0.4472,0.9998,-0.0202,0.0000,0.0202,0.9998,0.0000,0.0000,0.0000,1.0000,0.0831,0.2046,0.1050
437,9,10.6770,-0.0441,0.4544,0.9998,-0.0202,0.0000,0.0202,0.9998,0.0000,0.0000,0.0000,1.0000,0.0210,0.0279,0.0569
437,10,10.7197,-0.1048,0.4546,0.9998,-0.0202,0.0000,0.0202,0.9998,0.0000,0.0000,0.0000,1.0000,0.0210,0.0279,0.0569
438,0,10.0324,-0.0246,0.4400,0.9998,-0.0204,0.0000,0.0204,0.9998,0.0000,0.0000,0.0000,1.0000,0.2577,0.2263,0.1400
438,1,10.0406,-0.0219,0.6052,0.9998,-0.0204,0.0000,0.0204,0.9998,0.0000,0.0000,0.0000,1.0000,0.1100,0.2168,0.3052
438,2,10.1152,-0.0837,0.5173,0.9998,-0.0204,0.0000,0.0204,0.9998,0.0000,0.0000,0.0000,1.0000,0.1101,0.3070,0.2173
438,3,10.1340,-0.2609,0.5889,0.9998,-0.0204,0.0000,0.0204,0.9998,0.0000,0.0000,0.0000,1.0000,0.2836,0.2073,0.2889
438,4,10.2512,-0.3098,0.5062,0.9998,-0.0204,0.0000,0.0204,0.9998,0.0000,0.0000,0.0000,1.0000,0.2820,0.2947,0.2062
438,5,10.4215,-0.1764,0.6614,0.9998,-0.0204,0.0000,0.0204,0.9998,0.0000,0.0000,0.0000,1.0000,0.1112,0.2100,0.3614
438,6,10.5149,-0.1588,0.4265,0.9998,-0.0204,0.0000,0.0204,0.9998,0.0000,0.0000,0.0000,1.0000,0.1972,0.1336,0.1265
438,7,10.6239,-0.1526,0.4491,0.9998,-0.0204,0.0000,0.0204,0.9998,0.0000,0.0000,0.0000,1.0000,0.1624,0.1625,0.0548
438,8,10.6522,-0.1100,0.4472,0.9998,-0.0204,0.0000,0.0204,0.9998,0.0000,0.0000,0.0000,1.0000,0.0831,0.2046,0.1050
438,9,10.6838,-0.0443,0.4544,0.9998,-0.0204,0.0000,0.0204,0.9998,0.0000,0.0000,0.0000,1.0000,0.0210,0.0279,0.0569
438,10,10.7265,-0.1051,0.4546,0.9998,-0.0204,0.0000,0.0204,0.9998,0.0000,0.0000,0.0000,1.0000,0.0210,0.0279,0.0569
439,0,10.0378,-0.0247,0.4400,0.9998,-0.0205,0.0000,0.0205,0.9998,0.0000,0.0000,0.0000,1.0000,0.2577,0.2263,0.1400
439,1,10.0459,-0.0220,0.6052,0.9998,-0.0205,0.0000,0.0205,0.9998,0.0000,0.0000,0.0000,1.0000,0.1100,0.2168,0.3052
439,2,10.1206,-0.0839,0.5173,0.9998,-0.0205,0.0000,0.0205,0.9998,0.0000,0.0000,0.0000,1.0000,0.1101,0.3070,0.2173
439,3,10.1393,-0.2610,0.5889,0.9998,-0.0205,0.0000,0.0205,0.9998,0.0000,0.0000,0.0000,1.0000,0.2836,0.2073,0.2889
439,4,10.2565,-0.3099,0.5062,0.9998,-0.0205,0.0000,0.0205,0.9998,0.0000,0.0000,0.0000,1.0000,0.2820,0.2947,0.2062
439,5,10.4268,-0.1765,0.6614,0.9998,-0.0205,0.0000,0.0205,0.9998,0.0000,0.0000,0.0000,1.0000,0.1112,0.2100,0.3614
439,6,10.5202,-0.1590,0.4265,0.9998,-0.0205,0.0000,0.0205,0.9998,0.0000,0.0000,0.0000,1.0000,0.1972,0.1336,0.1265
439,7,10.6293,-0.1528,0.4491,0.9998,-0.0205,0.0000,0.0205,0.9998,0.0000,0.0000,0.0000,1.0000,0.1624,0.1625,0.0548
439,8,10.6575,-0.1102,0.4472,0.9998,-0.0205,0.0000,0.0205,0.9998,0.0000,0.0000,0.0000,1.0000,0.0831,0.2046,0.1050
439,9,10.6892,-0.0445,0.4544,0.9998,-0.0205,0.0000,0.0205,0.9998,0.0000,0.0000,0.0000,1.0000,0.0210,0.0279,0.0569
439,10,10.7318,-0.1053,0.4546,0.9998,-0.0205,0.0000,0.0205,0.9998,0.0000,0.0000,0.0000,1.0000,0.0210,0.0279,0.0569
440,0,10.0420,-0.0248,0.4400,0.9998,-0.0206,0.0000,0.0206,0.9998,0.0000,0.0000,0.0000,1.0000,0.2577,0.2263,0.1400
440,1,10.0502,-0.0221,0.6052,0.9998,-0.0206,0.0000,0.0206,0.9998,0.0000,0.0000,0.0000,1.0000,0.1100,0.2168,0.3052
440,2,10.1248,-0.0839,0.5173,0.9998,-0.0206,0.0000,0.0206,0.9998,0.0000,0.0000,0.0000,1.0000,0.1101,0.3070,0.2173
440,3,10.1436,-0.2611,0.5889,0.9998,-0.0206,0.0000,0.0206,0.9998,0.0000,0.0000,0.0000,1.0000,0.2836,0.2073,0.2889
440,4,10.2607,-0.3100,0.5062,0.9998,-0.0206,0.0000,0.0206,0.9998,0.0000,0.0000,0.0000,1.0000,0.2820,0.2947,0.2062
440,5,10.4311,-0.1767,0.6614,0.9998,-0.0206,0.0000,0.0206,0.9998,0.0000,0.0000,0.0000,1.0000,0.1112,0.2100,0.3614
440,6,10.5244,-0.1591,0.4265,0.9998,-0.0206,0.0000,0.0206,0.9998,0.0000,0.0000,0.0000,1.0000,0.1972,0.1336,0.1265
440,7,10.6335,-0.1529,0.4491,0.9998,-0.0206,0.0000,0.0206,0.9998,0.0000,0.0000,0.0000,1.0000,0.1624,0.1625,0.0548
440,8,10.6618,-0.1103,0.4472,0.9998,-0.0206,0.0000,0.0206,0.9998,0.0000,0.0000,0.0000,1.0000,0.0831,0.2046,0.1050
440,9,10.6934,-0.0446,0.4544,0.9998,-0.0206,0.0000,0.0206,0.9998,0.0000,0.0000,0.0000,1.0000,0.0210,0.0279,0.0569
440,10,10.7361,-0.1054,0.4546,0.9998,-0.0206,0.0000,0.0206,0.9998,0.0000,0.0000,0.0000,1.0000,0.0210,0.0279,0.0569
441,0,10.0456,-0.0249,0.4400,0.9998,-0.0207,0.0000,0.0207,0.9998,0.0000,0.0000,0.0000,1.0000,0.2577,0.2263,0.1400
441,1,10.0538,-0.0222,0.6052,0.9998,-0.0207,0.0000,0.0207,0.9998,0.0000,0.0000,0.0000,1.0000,0.1100,0.2168,0.3052
441,2,10.1284,-0.0840,0.5173,0.9998,-0.0207,0.0000,0.0207,0.9998,0.0000,0.0000,0.0000,1.0000,0.1101,0.3070,0.2173
441,3,10.1472,-0.2612,0.5889,0.9998,-0.0207,0.0000,0.0207,0.9998,0.0000,0.0000,0.0000,1.0000,0.2836,0.2073,0.2889
441,4,10.2643,-0.3101,0.5062,0.9998,-0.0207,0.0000,0.0207,0.9998,0.0000,0.0000,0.0000,1.0000,0.2820,0.2947,0.2062
441,5,10.4347,-0.1768,0.6614,0.9998,-0.0207,0.0000,0.0207,0.9998,0.0000,0.0000,0.0000,1.0000,0.1112,0.2100,0.3614
441,6,10.5280,-0.1592,0.4265,0.9998,-0.0207,0.0000,0.0207,0.9998,0.0000,0.0000,0.0000,1.0000,0.1972,0.1336,0.1265
441,7,10.6371,-0.1531,0.4491,0.9998,-0.0207,0.0000,0.0207,0.9998,0.0000,0.0000,0.0000,1.0000,0.1624,0.1625,0.0548
441,8,10.6654,-0.1104,0.4472,0.9998,-0.0207,0.0000,0.0207,0.9998,0.0000,0.0000,0.0000,1.0000,0.0831,0.2046,0.1050
441,9,10.6970,-0.0448,0.4544,0.9998,-0.0207,0.0000,0.0207,0.9998,0.0000,0.0000,0.0000,1.0000,0.0210,0.0279,0.0569
441,10,10.7397,-0.1056,0.4546,0.9998,-0.0207,0.0000,0.0207,0.9998,0.0000,0.0000,0.0000,1.0000,0.0210,0.0279,0.0569
442,0,10.0490,-0.0250,0.4400,0.9998,-0.0207,0.0000,0.0207,0.9998,0.0000,0.0000,0.0000,1.0000,0.2577,0.2263,0.1400
442,1,10.0571,-0.0222,0.6052,0.9998,-0.0207,0.0000,0.0207,0.9998,0.0000,0.0000,0.0000,1.0000,0.1100,0.2168,0.3052
442,2,10.1318,-0.0841,0.5173,0.9998,-0.0207,0.0000,0.0207,0.9998,0.0000,0.0000,0.0000,1.0000,0.1101,0.3070,0.2173
442,3,10.1505,-0.2612,0.5889,0.9998,-0.0207,0.0000,0.0207,0.9998,0.0000,0.0000,0.0000,1.0000,0.2836,0.2073,0.2889
442,4,10.2676,-0.3102,0.5062,0.9998,-0.0207,0.0000,0.0207,0.9998,0.0000,0.0000,0.0000,1.0000,0.2820,0.2947,0.2062
442,5,10.4380,-0.1769,0.6614,0.9998,-0.0207,0.0000,0.0207,0.9998,0.0000,0.0000,0.0000,1.0000,0.1112,0.2100,0.3614
442,6,10.5314,-0.1593,0.4265,0.9998,-0.0207,0.0000,0.0207,0.9998,0.0000,0.0000,0.0000,1.0000,0.1972,0.1336,0.1265
442,7,10.6404,-0.1532,0.4491,0.9998,-0.0207,0.0000,0.0207,0.9998,0.0000,0.0000,0.0000,1.0000,0.1624,0.1625,0.0548
442,8,10.6687,-0.1105,0.4472,0.9998,-0.0207,0.0000,0.0207,0.9998,0.0000,0.0000,0.0000,1.0000,0.0831,0.2046,0.1050
442,9,10.7004,-0.0449,0.4544,0.9998,-0.0207,0.0000,0.0207,0.9998,0.0000,0.0000,0.0000,1.0000,0.0210,0.0279,0.0569
442,10,10.7431,-0.1057,0.4546,0.9998,-0.0207,0.0000,0.0207,0.9998,0.0000,0.0000,0.0000,1.0000,0.0210,0.0279,0.0569
443,0,10.0526,-0.0250,0.4400,0.9998,-0.0208,0.0000,0.0208,0.9998,0.0000,0.0000,0.0000,1.0000,0.2577,0.2263,0.1400
443,1,10.0607,-0.0223,0.6052,0.9998,-0.0208,0.0000,0.0208,0.9998,0.0000,0.0000,0.0000,1.0000,0.1100,0.2168,0.3052
443,2,10.1354,-0.0842,0.5173,0.9998,-0.0208,0.0000,0.0208,0.9998,0.0000,0.0000,0.0000,1.0000,0.1101,0.3070,0.2173
443,3,10.1541,-0.2613,0.5889,0.9998,-0.0208,0.0000,0.0208,0.9998,0.0000,0.0000,0.0000,1.0000,0.2836,0.2073,0.2889
443,4,10.2712,-0.3103,0.5062,0.9998,-0.0208,0.0000,0.0208,0.9998,0.0000,0.0000,0.0000,1.0000,0.2820,0.2947,0.2062
443,5,10.4416,-0.1770,0.6614,0.9998,-0.0208,0.0000,0.0208,0.9998,0.0000,0.0000,0.0000,1.0000,0.1112,0.2100,0.3614
443,6,10.5350,-0.1594,0.4265,0.9998,-0.0208,0.0000,0.0208,0.9998,0.0000,0.0000,0.0000,1.0000,0.1972,0.1336,0.1265
443,7,10.6440,-0.1533,0.4491,0.9998,-0.0208,0.0000,0.0208,0.9998,0.0000,0.0000,0.0000,1.0000,0.1624,0.1625,0.0548
443,8,10.6723,-0.1107,0.4472,0.9998,-0.0208,0.0000,0.0208,0.9998,0.0000,0.0000,0.0000,1.0000,0.0831,0.2046,0.1050
443,9,10.7040,-0.0450,0.4544,0.9998,-0.0208,0.0000,0.0208,0.9998,0.0000,0.0000,0.0000,1.0000,0.0210,0.0279,0.0569
443,10,10.7466,-0.1058,0.4546,0.9998,-0.0208,0.0000,0.0208,0.9998,0.0000,0.0000,0.0000,1.0000,0.0210,0.0279,0.0569
444,0,10.0572,-0.0251,0.4400,0.9998,-0.0209,0.0000,0.0209,0.9998,0.0000,0.0000,0.0000,1.0000,0.2577,0.2263,0.1400
444,1,10.0654,-0.0224,0.6052,0.9998,-0.0209,0.0000,0.0209,0.9998,0.0000,0.0000,0.0000,1.0000,0.1100,0.2168,0.3052
444,2,10.1400,-0.0843,0.5173,0.9998,-0.0209,0.0000,0.0209,0.9998,0.0000,0.0000,0.0000,1.0000,0.1101,0.3070,0.2173
444,3,10.1587,-0.2614,0.5889,0.9998,-0.0209,0.0000,0.0209,0.9998,0.0000,0.0000,0.0000,1.0000,0.2836,0.2073,0.2889
444,4,10.2758,-0.3104,0.5062,0.9998,-0.0209,0.0000,0.0209,0.9998,0.0000,0.0000,0.0000,1.0000,0.2820,0.2947,0.2062
444,5,10.4462,-0.1771,0.6614,0.9998,-0.0209,0.0000,0.0209,0.9998,0.0000,0.0000,0.0000,1.0000,0.1112,0.2100,0.3614
444,6,10.5396,-0.1596,0.4265,0.9998,-0.0209,0.0000,0.0209,0.9998,0.0000,0.0000,0.0000,1.0000,0.1972,0.1336,0.1265
444,7,10.6487,-0.1534,0.4491,0.9998,-0.0209,0.0000,0.0209,0.9998,0.0000,0.0000,0.0000,1.0000,0.1624,0.1625,0.0548
444,8,10.6770,-0.1108,0.4472,0.9998,-0.0209,0.0000,0.0209,0.9998,0.0000,0.0000,0.0000,1.0000,0.0831,0.2046,0.1050
444,9,10.7086,-0.0452,0.4544,0.9998,-0.0209,0.0000,0.0209,0.9998,0.0000,0.0000,0.0000,1.0000,0.0210,0.0279,0.0569
444,10,10.7513,-0.1060,0.4546,0.9998,-0.0209,0.0000,0.0209,0.9998,0.0000,0.0000,0.0000,1.0000,0.0210,0.0279,0.0569
445,0,10.0637,-0.0253,0.4400,0.9998,-0.0211,0.0000,0.0211,0.9998,0.0000,0.0000,0.0000,1.0000,0.2577,0.2263,0.1400
445,1,10.0719,-0.0225,0.6052,0.9998,-0.0211,0.0000,0.0211,0.9998,0.0000,0.0000,0.0000,1.0000,0.1100,0.2168,0.3052
445,2,10.1465,-0.0844,0.5173,0.9998,-0.0211,0.0000,0.0211,0.9998,0.0000,0.0000,0.0000,1.0000,0.1101,0.3070,0.2173
445,3,10.1651,-0.2616,0.5889,0.9998,-0.0211,0.0000,0.0211,0.9998,0.0000,0.0000,0.0000,1.0000,0.2836,0.2073,0.2889
445,4,10.2822,-0.3105,0.5062,0.9998,-0.0211,0.0000,0.0211,0.9998,0.0000,0.0000,0.0000,1.0000,0.2820,0.2947,0.2062
445,5,10.4527,-0.1773,0.6614,0.9998,-0.0211,0.0000,0.0211,0.9998,0.0000,0.0000,0.0000,1.0000,0.1112,0.2100,0.3614
445,6,10.5461,-0.1598,0.4265,0.9998,-0.0211,0.0000,0.0211,0.9998,0.0000,0.0000,0.0000,1.0000,0.1972,0.1336,0.1265
445,7,10.6551,-0.1537,0.4491,0.9998,-0.0211,0.0000,0.0211,0.9998,0.0000,0.0000,0.0000,1.0000,0.1624,0.1625,0.0548
445,8,10.6834,-0.1111,0.4472,0.9998,-0.0211,0.0000,0.0211,0.9998,0.0000,0.0000,0.0000,1.0000,0.0831,0.2046,0.1050
445,9,10.7151,-0.0454,0.4544,0.9998,-0.0211,0.0000,0.0211,0.9998,0.0000,0.0000,0.0000,1.0000,0.0210,0.0279,0.0569
445,10,10.7577,-0.1062,0.4546,0.9998,-0.0211,0.0000,0.0211,0.9998,0.0000,0.0000,0.0000,1.0000,0.0210,0.0279,0.0569
446,0,10.0727,-0.0254,0.4400,0.9998,-0.0213,0.0000,0.0213,0.9998,0.0000,0.0000,0.0000,1.0000,0.2577,0.2263,0.1400
446,1,10.0809,-0.0227,0.6052,0.9998,-0.0213,0.0000,0.0213,0.9998,0.0000,0.0000,0.0000,1.0000,0.1100,0.2168,0.3052
446,2,10.1555,-0.0846,0.5173,0.9998,-0.0213,0.0000,0.0213,0.9998,0.0000,0.0000,0.0000,1.0000,0.1101,0.3070,0.2173
446,3,10.1741,-0.2618,0.5889,0.9998,-0.0213,0.0000,0.0213,0.9998,0.0000,0.0000,0.0000,1.0000,0.2836,0.2073,0.2889
446,4,10.2912,-0.3108,0.5062,0.9998,-0.0213,0.0000,0.0213,0.9998,0.0000,0.0000,0.0000,1.0000,0.2820,0.2947,0.2062
446,5,10.4617,-0.1776,0.6614,0.9998,-0.0213,0.0000,0.0213,0.9998,0.0000,0.0000,0.0000,1.0000,0.1112,0.2100,0.3614
446,6,10.5550,-0.1600,0.4265,0.9998,-0.0213,0.0000,0.0213,0.9998,0.0000,0.0000,0.0000,1.0000,0.1972,0.1336,0.1265
446,7,10.6641,-0.1540,0.4491,0.9998,-0.0213,0.0000,0.0213,0.9998,0.0000,0.0000,0.0000,1.0000,0.1624,0.1625,0.0548
446,8,10.6924,-0.1114,0.4472,0.9998,-0.0213,0.0000,0.0213,0.9998,0.0000,0.0000,0.0000,1.0000,0.0831,0.2046,0.1050
446,9,10.7241,-0.0457,0.4544,0.9998,-0.0213,0.0000,0.0213,0.9998,0.0000,0.0000,0.0000,1.0000,0.0210,0.0279,0.0569
446,10,10.7667,-0.1065,0.4546,0.9998,-0.0213,0.0000,0.0213,0.9998,0.0000,0.0000,0.0000,1.0000,0.0210,0.0279,0.0569
447,0,10.0850,-0.0257,0.4400,0.9998,-0.0216,0.0000,0.0216,0.9998,0.0000,0.0000,0.0000,1.0000,0.2577,0.2263,0.1400
447,1,10.0931,-0.0230,0.6052,0.9998,-0.0216,0.0000,0.0216,0.9998,0.0000,0.0000,0.0000,1.0000,0.1100,0.2168,0.3052
447,2,10.1677,-0.0849,0.5173,0.9998,-0.0216,0.0000,0.0216,0.9998,0.0000,0.0000,0.0000,1.0000,0.1101,0.3070,0.2173
447,3,10.1863,-0.2620,0.5889,0.9998,-0.0216,0.0000,0.0216,0.9998,0.0000,0.0000,0.0000,1.0000,0.2836,0.2073,0.2889
447,4,10.3034,-0.3111,0.5062,0.9998,-0.0216,0.0000,0.0216,0.9998,0.0000,0.0000,0.0000,1.0000,0.2820,0.2947,0.2062
447,5,10.4739,-0.1779,0.6614,0.9998,-0.0216,0.0000,0.0216,0.9998,0.0000,0.0000,0.0000,1.0000,0.1112,0.2100,0.3614
447,6,10.5673,-0.1604,0.4265,0.9998,-0.0216,0.0000,0.0216,0.9998,0.0000,0.0000,0.0000,1.0000,0.1972,0.1336,0.1265
447,7,10.6763,-0.1544,0.4491,0.9998,-0.0216,0.0000,0.0216,0.9998,0.0000,0.0000,0.0000,1.0000,0.1624,0.1625,0.0548
447,8,10.7046,-0.1118,0.4472,0.9998,-0.0216,0.0000,0.0216,0.9998,0.0000,0.0000,0.0000,1.0000,0.0831,0.2046,0.1050
447,9,10.7364,-0.0462,0.4544,0.9998,-0.0216,0.0000,0.0216,0.9998,0.0000,0.0000,0.0000,1.0000,0.0210,0.0279,0.0569
447,10,10.7790,-0.1070,0.4546,0.9998,-0.0216,0.0000,0.0216,0.9998,0.0000,0.0000,0.0000,1.0000,0.0210,0.0279,0.0569
448,0,0.4391,-0.0085,0.4400,1.0000,-0.0028,0.0000,0.0028,1.0000,0.0000,0.0000,0.0000,1.0000,0.2577,0.2263,0.1400
448,1,0.4472,-0.0056,0.6052,1.0000,-0.0028,0.0000,0.0028,1.0000,0.0000,0.0000,0.0000,1.0000,0.1100,0.2168,0.3052
448,2,0.5229,-0.0661,0.5173,1.0000,-0.0028,0.0000,0.0028,1.0000,0.0000,0.0000,0.0000,1.0000,0.1101,0.3070,0.2173
448,3,0.5448,-0.2429,0.5889,1.0000,-0.0028,0.0000,0.0028,1.0000,0.0000,0.0000,0.0000,1.0000,0.2836,0.2073,0.2889
448,4,0.6628,-0.2897,0.5062,1.0000,-0.0028,0.0000,0.0028,1.0000,0.0000,0.0000,0.0000,1.0000,0.2820,0.2947,0.2062
448,5,0.8308,-0.1534,0.6614,1.0000,-0.0028,0.0000,0.0028,1.0000,0.0000,0.0000,0.0000,1.0000,0.1112,0.2100,0.3614
448,6,0.9238,-0.1341,0.4265,1.0000,-0.0028,0.0000,0.0028,1.0000,0.0000,0.0000,0.0000,1.0000,0.1972,0.1336,0.1265
448,7,1.0328,-0.1260,0.4491,1.0000,-0.0028,0.0000,0.0028,1.0000,0.0000,0.0000,0.0000,1.0000,0.1624,0.1625,0.0548
448,8,1.0603,-0.0829,0.4472,1.0000,-0.0028,0.0000,0.0028,1.0000,0.0000,0.0000,0.0000,1.0000,0.0831,0.2046,0.1050
448,9,1.0908,-0.0167,0.4544,1.0000,-0.0028,0.0000,0.0028,1.0000,0.0000,0.0000,0.0000,1.0000,0.0210,0.0279,0.0569
448,10,1.1345,-0.0767,0.4546,1.0000,-0.0028,0.0000,0.0028,1.0000,0.0000,0.0000,0.0000,1.0000,0.0210,0.0279,0.0569
449,0,0.9111,-0.0103,0.4400,1.0000,-0.0055,0.0000,0.0055,1.0000,0.0000,0.0000,0.0000,1.0000,0.2577,0.2263,0.1400
449,1,0.9192,-0.0074,0.6052,1.0000,-0.0055,0.0000,0.0055,1.0000,0.0000,0.0000,0.0000,1.0000,0.1100,0.2168,0.3052
449,2,0.9948,-0.0682,0.5173,1.0000,-0.0055,0.0000,0.0055,1.0000,0.0000,0.0000,0.0000,1.0000,0.1101,0.3070,0.2173
449,3,1.0162,-0.2450,0.5889,1.0000,-0.0055,0.0000,0.0055,1.0000,0.0000,0.0000,0.0000,1.0000,0.2836,0.2073,0.2889
449,4,1.1340,-0.2921,0.5062,1.0000,-0.0055,0.0000,0.0055,1.0000,0.0000,0.0000,0.0000,1.0000,0.2820,0.2947,0.2062
449,5,1.3024,-0.1562,0.6614,1.0000,-0.0055,0.0000,0.0055,1.0000,0.0000,0.0000,0.0000,1.0000,0.1112,0.2100,0.3614
449,6,1.3955,-0.1373,0.4265,1.0000,-0.0055,0.0000,0.0055,1.0000,0.0000,0.0000,0.0000,1.0000,0.1972,0.1336,0.1265
449,7,1.5044,-0.1294,0.4491,1.0000,-0.0055,0.0000,0.0055,1.0000,0.0000,0.0000,0.0000,1.0000,0.1624,0.1625,0.0548
449,8,1.5321,-0.0864,0.4472,1.0000,-0.0055,0.0000,0.0055,1.0000,0.0000,0.0000,0.0000,1.0000,0.0831,0.2046,0.1050
449,9,1.5627,-0.0203,0.4544,1.0000,-0.0055,0.0000,0.0055,1.0000,0.0000,0.0000,0.0000,1.0000,0.0210,0.0279,0.0569
449,10,1.6063,-0.0804,0.4546,1.0000,-0.0055,0.0000,0.0055,1.0000,0.0000,0.0000,0.0000,1.0000,0.0210,0.0279,0.0569
450,0,1.3740,-0.0132,0.4400,1.0000,-0.0076,0.0000,0.0076,1.0000,0.0000,0.0000,0.0000,1.0000,0.2577,0.2263,0.1400
450,1,1.3821,-0.0104,0.6052,1.0000,-0.0076,0.0000,0.0076,1.0000,0.0000,0.0000,0.0000,1.0000,0.1100,0.2168,0.3052
450,2,1.4575,-0.0713,0.5173,1.0000,-0.0076,0.0000,0.0076,1.0000,0.0000,0.0000,0.0000,1.0000,0.1101,0.3070,0.2173
450,3,1.4786,-0.2481,0.5889,1.0000,-0.0076,0.0000,0.0076,1.0000,0.0000,0.0000,0.0000,1.0000,0.2836,0.2073,0.2889
450,4,1.5963,-0.2955,0.5062,1.0000,-0.0076,0.0000,0.0076,1.0000,0.0000,0.0000,0.0000,1.0000,0.2820,0.2947,0.2062
450,5,1.7650,-0.1600,0.6614,1.0000,-0.0076,0.0000,0.0076,1.0000,0.0000,0.0000,0.0000,1.0000,0.1112,0.2100,0.3614
450,6,1.8581,-0.1412,0.4265,1.0000,-0.0076,0.0000,0.0076,1.0000,0.0000,0.0000,0.0000,1.0000,0.1972,0.1336,0.1265
450,7,1.9671,-0.1336,0.4491,1.0000,-0.0076,0.0000,0.0076,1.0000,0.0000,0.0000,0.0000,1.0000,0.1624,0.1625,0.0548
450,8,1.9948,-0.0906,0.4472,1.0000,-0.0076,0.0000,0.0076,1.0000,0.0000,0.0000,0.0000,1.0000,0.0831,0.2046,0.1050
450,9,2.0256,-0.0246,0.4544,1.0000,-0.0076,0.0000,0.0076,1.0000,0.0000,0.0000,0.0000,1.0000,0.0210,0.0279,0.0569
450,10,2.0690,-0.0848,0.4546,1.0000,-0.0076,0.0000,0.0076,1.0000,0.0000,0.0000,0.0000,1.0000,0.0210,0.0279,0.0569
451,0,1.8271,-0.0169,0.4400,1.0000,-0.0090,0.0000,0.0090,1.0000,0.0000,0.0000,0.0000,1.0000,0.2577,0.2263,0.1400
451,1,1.8352,-0.0141,0.6052,1.0000,-0.0090,0.0000,0.0090,1.0000,0.0000,0.0000,0.0000,1.0000,0.1100,0.2168,0.3052
451,2,1.9106,-0.0751,0.5173,1.0000,-0.0090,0.0000,0.0090,1.0000,0.0000,0.0000,0.0000,1.0000,0.1101,0.3070,0.2173
451,3,1.9314,-0.2520,0.5889,1.0000,-0.0090,0.0000,0.0090,1.0000,0.0000,0.0000,0.0000,1.0000,0.2836,0.2073,0.2889
451,4,2.0491,-0.2995,0.5062,1.0000,-0.0090,0.0000,0.0090,1.0000,0.0000,0.0000,0.0000,1.0000,0.2820,0.2947,0.2062
451,5,2.2179,-0.1642,0.6614,1.0000,-0.0090,0.0000,0.0090,1.0000,0.0000,0.0000,0.0000,1.0000,0.1112,0.2100,0.3614
451,6,2.3111,-0.1456,0.4265,1.0000,-0.0090,0.0000,0.0090,1.0000,0.0000,0.0000,0.0000,1.0000,0.1972,0.1336,0.1265
451,7,2.4200,-0.1381,0.4491,1.0000,-0.0090,0.0000,0.0090,1.0000,0.0000,0.0000,0.0000,1.0000,0.1624,0.1625,0.0548
451,8,2.4478,-0.0952,0.4472,1.0000,-0.0090,0.0000,0.0090,1.0000,0.0000,0.0000,0.0000,1.0000,0.0831,0.2046,0.1050
451,9,2.4787,-0.0292,0.4544,1.0000,-0.0090,0.0000,0.0090,1.0000,0.0000,0.0000,0.0000,1.0000,0.0210,0.0279,0.0569
451,10,2.5221,-0.0895,0.4546,1.0000,-0.0090,0.0000,0.0090,1.0000,0.0000,0.0000,0.0000,1.0000,0.0210,0.0279,0.0569
452,0,2.2699,-0.0212,0.4400,0.9999,-0.0106,0.0000,0.0106,0.9999,0.0000,0.0000,0.0000,1.0000,0.2577,0.2263,0.1400
452,1,2.2780,-0.0184,0.6052,0.9999,-0.0106,0.0000,0.0106,0.9999,0.0000,0.0000,0.0000,1.0000,0.1100,0.2168,0.3052
452,2,2.3533,-0.0795,0.5173,0.9999,-0.0106,0.0000,0.0106,0.9999,0.0000,0.0000,0.0000,1.0000,0.1101,0.3070,0.2173
452,3,2.3738,-0.2564,0.5889,0.9999,-0.0106,0.0000,0.0106,0.9999,0.0000,0.0000,0.0000,1.0000,0.2836,0.2073,0.2889
452,4,2.4914,-0.3041,0.5062,0.9999,-0.0106,0.0000,0.0106,0.9999,0.0000,0.0000,0.0000,1.0000,0.2820,0.2947,0.2062
452,5,2.6604,-0.1691,0.6614,0.9999,-0.0106,0.0000,0.0106,0.9999,0.0000,0.0000,0.0000,1.0000,0.1112,0.2100,0.3614
452,6,2.7536,-0.1506,0.4265,0.9999,-0.0106,0.0000,0.0106,0.9999,0.0000,0.0000,0.0000,1.0000,0.1972,0.1336,0.1265
452,7,2.8626,-0.1433,0.4491,0.9999,-0.0106,0.0000,0.0106,0.9999,0.0000,0.0000,0.0000,1.0000,0.1624,0.1625,0.0548
452,8,2.8905,-0.1004,0.4472,0.9999,-0.0106,0.0000,0.0106,0.9999,0.0000,0.0000,0.0000,1.0000,0.0831,0.2046,0.1050
452,9,2.9215,-0.0344,0.4544,0.9999,-0.0106,0.0000,0.0106,0.9999,0.0000,0.0000,0.0000,1.0000,0.0210,0.0279,0.0569
452,10,2.9647,-0.0948,0.4546,0.9999,-0.0106,0.0000,0.0106,0.9999,0.0000,0.0000,0.0000,1.0000,0.0210,0.0279,0.0569
453,0,2.7018,-0.0260,0.4400,0.9999,-0.0123,0.0000,0.0123,0.9999,0.0000,0.0000,0.0000,1.0000,0.2577,0.2263,0.1400
453,1,2.7100,-0.0232,0.6052,0.9999,-0.0123,0.0000,0.0123,0.9999,0.0000,0.0000,0.0000,1.0000,0.1100,0.2168,0.3052
453,2,2.7851,-0.0845,0.5173,0.9999,-0.0123,0.0000,0.0123,0.9999,0.0000,0.0000,0.0000,1.0000,0.1101,0.3070,0.2173
453,3,2.8053,-0.2614,0.5889,0.9999,-0.0123,0.0000,0.0123,0.9999,0.0000,0.0000,0.0000,1.0000,0.2836,0.2073,0.2889
453,4,2.9229,-0.3094,0.5062,0.9999,-0.0123,0.0000,0.0123,0.9999,0.0000,0.0000,0.0000,1.0000,0.2820,0.2947,0.2062
453,5,3.0921,-0.1746,0.6614,0.9999,-0.0123,0.0000,0.0123,0.9999,0.0000,0.0000,0.0000,1.0000,0.1112,0.2100,0.3614
453,6,3.1854,-0.1563,0.4265,0.9999,-0.0123,0.0000,0.0123,0.9999,0.0000,0.0000,0.0000,1.0000,0.1972,0.1336,0.1265
453,7,3.2943,-0.1492,0.4491,0.9999,-0.0123,0.0000,0.0123,0.9999,0.0000,0.0000,0.0000,1.0000,0.1624,0.1625,0.0548
453,8,3.3223,-0.1063,0.4472,0.9999,-0.0123,0.0000,0.0123,0.9999,0.0000,0.0000,0.0000,1.0000,0.0831,0.2046,0.1050
453,9,3.3534,-0.0404,0.4544,0.9999,-0.0123,0.0000,0.0123,0.9999,0.0000,0.0000,0.0000,1.0000,0.0210,0.0279,0.0569
453,10,3.3965,-0.1009,0.4546,0.9999,-0.0123,0.0000,0.0123,0.9999,0.0000,0.0000,0.0000,1.0000,0.0210,0.0279,0.0569
454,0,3.1224,-0.0315,0.4400,0.9999,-0.0141,0.0000,0.0141,0.9999,0.0000,0.0000,0.0000,1.0000,0.2577,0.2263,0.1400
454,1,3.1306,-0.0287,0.6052,0.9999,-0.0141,0.0000,0.0141,0.9999,0.0000,0.0000,0.0000,1.0000,0.1100,0.2168,0.3052
454,2,3.2056,-0.0901,0.5173,0.9999,-0.0141,0.0000,0.0141,0.9999,0.0000,0.0000,0.0000,1.0000,0.1101,0.3070,0.2173
454,3,3.2255,-0.2671,0.5889,0.9999,-0.0141,0.0000,0.0141,0.9999,0.0000,0.0000,0.0000,1.0000,0.2836,0.2073,0.2889
454,4,3.3430,-0.3152,0.5062,0.9999,-0.0141,0.0000,0.0141,0.9999,0.0000,0.0000,0.0000,1.0000,0.2820,0.2947,0.2062
454,5,3.5125,-0.1808,0.6614,0.9999,-0.0141,0.0000,0.0141,0.9999,0.0000,0.0000,0.0000,1.0000,0.1112,0.2100,0.3614
454,6,3.6057,-0.1626,0.4265,0.9999,-0.0141,0.0000,0.0141,0.9999,0.0000,0.0000,0.0000,1.0000,0.1972,0.1336,0.1265
454,7,3.7147,-0.1557,0.4491,0.9999,-0.0141,0.0000,0.0141,0.9999,0.0000,0.0000,0.0000,1.0000,0.1624,0.1625,0.0548
454,8,3.7427,-0.1129,0.4472,0.9999,-0.0141,0.0000,0.0141,0.9999,0.0000,0.0000,0.0000,1.0000,0.0831,0.2046,0.1050
454,9,3.7740,-0.0471,0.4544,0.9999,-0.0141,0.0000,0.0141,0.9999,0.0000,0.0000,0.0000,1.0000,0.0210,0.0279,0.0569
454,10,3.8170,-0.1076,0.4546,0.9999,-0.0141,0.0000,0.0141,0.9999,0.0000,0.0000,0.0000,1.0000,0.0210,0.0279,0.0569
455,0,3.5312,-0.0375,0.4400,0.9999,-0.0159,0.0000,0.0159,0.9999,0.0000,0.0000,0.0000,1.0000,0.2577,0.2263,0.1400
455,1,3.5393,-0.0348,0.6052,0.9999,-0.0159,0.0000,0.0159,0.9999,0.0000,0.0000,0.0000,1.0000,0.1100,0.2168,0.3052
455,2,3.6142,-0.0963,0.5173,0.9999,-0.0159,0.0000,0.0159,0.9999,0.0000,0.0000,0.0000,1.0000,0.1101,0.3070,0.2173
455,3,3.6338,-0.2733,0.5889,0.9999,-0.0159,0.0000,0.0159,0.9999,0.0000,0.0000,0.0000,1.0000,0.2836,0.2073,0.2889
455,4,3.7512,-0.3217,0.5062,0.9999,-0.0159,0.0000,0.0159,0.9999,0.0000,0.0000,0.0000,1.0000,0.2820,0.2947,0.2062
455,5,3.9209,-0.1875,0.6614,0.9999,-0.0159,0.0000,0.0159,0.9999,0.0000,0.0000,0.0000,1.0000,0.1112,0.2100,0.3614
455,6,4.0142,-0.1695,0.4265,0.9999,-0.0159,0.0000,0.0159,0.9999,0.0000,0.0000,0.0000,1.0000,0.1972,0.1336,0.1265
455,7,4.1233,-0.1628,0.4491,0.9999,-0.0159,0.0000,0.0159,0.9999,0.0000,0.0000,0.0000,1.0000,0.1624,0.1625,0.0548
455,8,4.1513,-0.1201,0.4472,0.9999,-0.0159,0.0000,0.0159,0.9999,0.0000,0.0000,0.0000,1.0000,0.0831,0.2046,0.1050
455,9,4.1827,-0.0543,0.4544,0.9999,-0.0159,0.0000,0.0159,0.9999,0.0000,0.0000,0.0000,1.0000,0.0210,0.0279,0.0569
455,10,4.2256,-0.1149,0.4546,0.9999,-0.0159,0.0000,0.0159,0.9999,0.0000,0.0000,0.0000,1.0000,0.0210,0.0279,0.0569
456,0,3.9272,-0.0442,0.4400,0.9998,-0.0181,0.0000,0.0181,0.9998,0.0000,0.0000,0.0000,1.0000,0.2577,0.2263,0.1400
456,1,3.9353,-0.0414,0.6052,0.9998,-0.0181,0.0000,0.0181,0.9998,0.0000,0.0000,0.0000,1.0000,0.1100,0.2168,0.3052
456,2,4.0101,-0.1031,0.5173,0.9998,-0.0181,0.0000,0.0181,0.9998,0.0000,0.0000,0.0000,1.0000,0.1101,0.3070,0.2173
456,3,4.0293,-0.2802,0.5889,0.9998,-0.0181,0.0000,0.0181,0.9998,0.0000,0.0000,0.0000,1.0000,0.2836,0.2073,0.2889
456,4,4.1466,-0.3288,0.5062,0.9998,-0.0181,0.0000,0.0181,0.9998,0.0000,0.0000,0.0000,1.0000,0.2820,0.2947,0.2062
456,5,4.3166,-0.1950,0.6614,0.9998,-0.0181,0.0000,0.0181,0.9998,0.0000,0.0000,0.0000,1.0000,0.1112,0.2100,0.3614
456,6,4.4099,-0.1772,0.4265,0.9998,-0.0181,0.0000,0.0181,0.9998,0.0000,0.0000,0.0000,1.0000,0.1972,0.1336,0.1265
456,7,4.5190,-0.1708,0.4491,0.9998,-0.0181,0.0000,0.0181,0.9998,0.0000,0.0000,0.0000,1.0000,0.1624,0.1625,0.0548
456,8,4.5472,-0.1281,0.4472,0.9998,-0.0181,0.0000,0.0181,0.9998,0.0000,0.0000,0.0000,1.0000,0.0831,0.2046,0.1050
456,9,4.5787,-0.0624,0.4544,0.9998,-0.0181,0.0000,0.0181,0.9998,0.0000,0.0000,0.0000,1.0000,0.0210,0.0279,0.0569
456,10,4.6215,-0.1230,0.4546,0.9998,-0.0181,0.0000,0.0181,0.9998,0.0000,0.0000,0.0000,1.0000,0.0210,0.0279,0.0569
457,0,4.3097,-0.0514,0.4400,0.9998,-0.0202,0.0000,0.0202,0.9998,0.0000,0.0000,0.0000,1.0000,0.2577,0.2263,0.1400
457,1,4.3178,-0.0487,0.6052,0.9998,-0.0202,0.0000,0.0202,0.9998,0.0000,0.0000,0.0000,1.0000,0.1100,0.2168,0.3052
457,2,4.3925,-0.1105,0.5173,0.9998,-0.0202,0.0000,0.0202,0.9998,0.0000,0.0000,0.0000,1.0000,0.1101,0.3070,0.2173
457,3,4.4113,-0.2876,0.5889,0.9998,-0.0202,0.0000,0.0202,0.9998,0.0000,0.0000,0.0000,1.0000,0.2836,0.2073,0.2889
457,4,4.5284,-0.3365,0.5062,0.9998,-0.0202,0.0000,0.0202,0.9998,0.0000,0.0000,0.0000,1.0000,0.2820,0.2947,0.2062
457,5,4.6988,-0.2031,0.6614,0.9998,-0.0202,0.0000,0.0202,0.9998,0.0000,0.0000,0.0000,1.0000,0.1112,0.2100,0.3614
457,6,4.7921,-0.1855,0.4265,0.9998,-0.0202,0.0000,0.0202,0.9998,0.0000,0.0000,0.0000,1.0000,0.1972,0.1336,0.1265
457,7,4.9012,-0.1793,0.4491,0.9998,-0.0202,0.0000,0.0202,0.9998,0.0000,0.0000,0.0000,1.0000,0.1624,0.1625,0.0548
457,8,4.9295,-0.1367,0.4472,0.9998,-0.0202,0.0000,0.0202,0.9998,0.0000,0.0000,0.0000,1.0000,0.0831,0.2046,0.1050
457,9,4.9611,-0.0710,0.4544,0.9998,-0.0202,0.0000,0.0202,0.9998,0.0000,0.0000,0.0000,1.0000,0.0210,0.0279,0.0569
457,10,5.0038,-0.1318,0.4546,0.9998,-0.0202,0.0000,0.0202,0.9998,0.0000,0.0000,0.0000,1.0000,0.0210,0.0279,0.0569
458,0,4.6780,-0.0594,0.4400,0.9997,-0.0238,0.0000,0.0238,0.9997,0.0000,0.0000,0.0000,1.0000,0.2577,0.2263,0.1400
458,1,4.6861,-0.0567,0.6052,0.9997,-0.0238,0.0000,0.0238,0.9997,0.0000,0.0000,0.0000,1.0000,0.1100,0.2168,0.3052
458,2,4.7606,-0.1187,0.5173,0.9997,-0.0238,0.0000,0.0238,0.9997,0.0000,0.0000,0.0000,1.0000,0.1101,0.3070,0.2173
458,3,4.7788,-0.2959,0.5889,0.9997,-0.0238,0.0000,0.0238,0.9997,0.0000,0.0000,0.0000,1.0000,0.2836,0.2073,0.2889
458,4,4.8957,-0.3452,0.5062,0.9997,-0.0238,0.0000,0.0238,0.9997,0.0000,0.0000,0.0000,1.0000,0.2820,0.2947,0.2062
458,5,5.0665,-0.2125,0.6614,0.9997,-0.0238,0.0000,0.0238,0.9997,0.0000,0.0000,0.0000,1.0000,0.1112,0.2100,0.3614
458,6,5.1600,-0.1952,0.4265,0.9997,-0.0238,0.0000,0.0238,0.9997,0.0000,0.0000,0.0000,1.0000,0.1972,0.1336,0.1265
458,7,5.2690,-0.1894,0.4491,0.9997,-0.0238,0.0000,0.0238,0.9997,0.0000,0.0000,0.0000,1.0000,0.1624,0.1625,0.0548
458,8,5.2975,-0.1468,0.4472,0.9997,-0.0238,0.0000,0.0238,0.9997,0.0000,0.0000,0.0000,1.0000,0.0831,0.2046,0.1050
458,9,5.3293,-0.0813,0.4544,0.9997,-0.0238,0.0000,0.0238,0.9997,0.0000,0.0000,0.0000,1.0000,0.0210,0.0279,0.0569
458,10,5.3718,-0.1422,0.4546,0.9997,-0.0238,0.0000,0.0238,0.9997,0.0000,0.0000,0.0000,1.0000,0.0210,0.0279,0.0569
459,0,5.0315,-0.0684,0.4400,0.9996,-0.0284,0.0000,0.0284,0.9996,0.0000,0.0000,0.0000,1.0000,0.2577,0.2263,0.1400
459,1,5.0396,-0.0657,0.6052,0.9996,-0.0284,0.0000,0.0284,0.9996,0.0000,0.0000,0.0000,1.0000,0.1100,0.2168,0.3052
459,2,5.1138,-0.1282,0.5173,0.9996,-0.0284,0.0000,0.0284,0.9996,0.0000,0.0000,0.0000,1.0000,0.1101,0.3070,0.2173
459,3,5.1312,-0.3054,0.5889,0.9996,-0.0284,0.0000,0.0284,0.9996,0.0000,0.0000,0.0000,1.0000,0.2836,0.2073,0.2889
459,4,5.2479,-0.3553,0.5062,0.9996,-0.0284,0.0000,0.0284,0.9996,0.0000,0.0000,0.0000,1.0000,0.2820,0.2947,0.2062
459,5,5.4193,-0.2233,0.6614,0.9996,-0.0284,0.0000,0.0284,0.9996,0.0000,0.0000,0.0000,1.0000,0.1112,0.2100,0.3614
459,6,5.5128,-0.2064,0.4265,0.9996,-0.0284,0.0000,0.0284,0.9996,0.0000,0.0000,0.0000,1.0000,0.1972,0.1336,0.1265
459,7,5.6219,-0.2011,0.4491,0.9996,-0.0284,0.0000,0.0284,0.9996,0.0000,0.0000,0.0000,1.0000,0.1624,0.1625,0.0548
459,8,5.6505,-0.1587,0.4472,0.9996,-0.0284,0.0000,0.0284,0.9996,0.0000,0.0000,0.0000,1.0000,0.0831,0.2046,0.1050
459,9,5.6827,-0.0933,0.4544,0.9996,-0.0284,0.0000,0.0284,0.9996,0.0000,0.0000,0.0000,1.0000,0.0210,0.0279,0.0569
459,10,5.7249,-0.1544,0.4546,0.9996,-0.0284,0.0000,0.0284,0.9996,0.0000,0.0000,0.0000,1.0000,0.0210,0.0279,0.0569
460,0,5.3695,-0.0786,0.4400,0.9995,-0.0331,0.0000,0.0331,0.9995,0.0000,0.0000,0.0000,1.0000,0.2577,0.2263,0.1400
460,1,5.3777,-0.0760,0.6052,0.9995,-0.0331,0.0000,0.0331,0.9995,0.0000,0.0000,0.0000,1.0000,0.1100,0.2168,0.3052
460,2,5.4515,-0.1387,0.5173,0.9995,-0.0331,0.0000,0.0331,0.9995,0.0000,0.0000,0.0000,1.0000,0.1101,0.3070,0.2173
460,3,5.4681,-0.3161,0.5889,0.9995,-0.0331,0.0000,0.0331,0.9995,0.0000,0.0000,0.0000,1.0000,0.2836,0.2073,0.2889
460,4,5.5846,-0.3665,0.5062,0.9995,-0.0331,0.0000,0.0331,0.9995,0.0000,0.0000,0.0000,1.0000,0.2820,0.2947,0.2062
460,5,5.7566,-0.2353,0.6614,0.9995,-0.0331,0.0000,0.0331,0.9995,0.0000,0.0000,0.0000,1.0000,0.1112,0.2100,0.3614
460,6,5.8502,-0.2189,0.4265,0.9995,-0.0331,0.0000,0.0331,0.9995,0.0000,0.0000,0.0000,1.0000,0.1972,0.1336,0.1265
460,7,5.9593,-0.2141,0.4491,0.9995,-0.0331,0.0000,0.0331,0.9995,0.0000,0.0000,0.0000,1.0000,0.1624,0.1625,0.0548
460,8,5.9881,-0.1718,0.4472,0.9995,-0.0331,0.0000,0.0331,0.9995,0.0000,0.0000,0.0000,1.0000,0.0831,0.2046,0.1050
460,9,6.0206,-0.1066,0.4544,0.9995,-0.0331,0.0000,0.0331,0.9995,0.0000,0.0000,0.0000,1.0000,0.0210,0.0279,0.0569
460,10,6.0625,-0.1679,0.4546,0.9995,-0.0331,0.0000,0.0331,0.9995,0.0000,0.0000,0.0000,1.0000,0.0210,0.0279,0.0569
461,0,5.6916,-0.0899,0.4400,0.9992,-0.0390,0.0000,0.0390,0.9992,0.0000,0.0000,0.0000,1.0000,0.2577,0.2263,0.1400
461,1,5.6998,-0.0874,0.6052,0.9992,-0.0390,0.0000,0.0390,0.9992,0.0000,0.0000,0.0000,1.0000,0.1100,0.2168,0.3052
461,2,5.7733,-0.1506,0.5173,0.9992,-0.0390,0.0000,0.0390,0.9992,0.0000,0.0000,0.0000,1.0000,0.1101,0.3070,0.2173
461,3,5.7888,-0.3280,0.5889,0.9992,-0.0390,0.0000,0.0390,0.9992,0.0000,0.0000,0.0000,1.0000,0.2836,0.2073,0.2889
461,4,5.9050,-0.3791,0.5062,0.9992,-0.0390,0.0000,0.0390,0.9992,0.0000,0.0000,0.0000,1.0000,0.2820,0.2947,0.2062
461,5,6.0778,-0.2489,0.6614,0.9992,-0.0390,0.0000,0.0390,0.9992,0.0000,0.0000,0.0000,1.0000,0.1112,0.2100,0.3614
461,6,6.1715,-0.2331,0.4265,0.9992,-0.0390,0.0000,0.0390,0.9992,0.0000,0.0000,0.0000,1.0000,0.1972,0.1336,0.1265
461,7,6.2806,-0.2289,0.4491,0.9992,-0.0390,0.0000,0.0390,0.9992,0.0000,0.0000,0.0000,1.0000,0.1624,0.1625,0.0548
461,8,6.3097,-0.1868,0.4472,0.9992,-0.0390,0.0000,0.0390,0.9992,0.0000,0.0000,0.0000,1.0000,0.0831,0.2046,0.1050
461,9,6.3426,-0.1217,0.4544,0.9992,-0.0390,0.0000,0.0390,0.9992,0.0000,0.0000,0.0000,1.0000,0.0210,0.0279,0.0569
461,10,6.3841,-0.1833,0.4546,0.9992,-0.0390,0.0000,0.0390,0.9992,0.0000,0.0000,0.0000,1.0000,0.0210,0.0279,0.0569
462,0,5.9975,-0.1025,0.4400,0.9990,-0.0451,0.0000,0.0451,0.9990,0.0000,0.0000,0.0000,1.0000,0.2577,0.2263,0.1400
462,1,6.0057,-0.1000,0.6052,0.9990,-0.0451,0.0000,0.0451,0.9990,0.0000,0.0000,0.0000,1.0000,0.1100,0.2168,0.3052
462,2,6.0788,-0.1637,0.5173,0.9990,-0.0451,0.0000,0.0451,0.9990,0.0000,0.0000,0.0000,1.0000,0.1101,0.3070,0.2173
462,3,6.0932,-0.3412,0.5889,0.9990,-0.0451,0.0000,0.0451,0.9990,0.0000,0.0000,0.0000,1.0000,0.2836,0.2073,0.2889
462,4,6.2091,-0.3930,0.5062,0.9990,-0.0451,0.0000,0.0451,0.9990,0.0000,0.0000,0.0000,1.0000,0.2820,0.2947,0.2062
462,5,6.3827,-0.2639,0.6614,0.9990,-0.0451,0.0000,0.0451,0.9990,0.0000,0.0000,0.0000,1.0000,0.1112,0.2100,0.3614
462,6,6.4765,-0.2486,0.4265,0.9990,-0.0451,0.0000,0.0451,0.9990,0.0000,0.0000,0.0000,1.0000,0.1972,0.1336,0.1265
462,7,6.5856,-0.2451,0.4491,0.9990,-0.0451,0.0000,0.0451,0.9990,0.0000,0.0000,0.0000,1.0000,0.1624,0.1625,0.0548
462,8,6.6150,-0.2032,0.4472,0.9990,-0.0451,0.0000,0.0451,0.9990,0.0000,0.0000,0.0000,1.0000,0.0831,0.2046,0.1050
462,9,6.6482,-0.1383,0.4544,0.9990,-0.0451,0.0000,0.0451,0.9990,0.0000,0.0000,0.0000,1.0000,0.0210,0.0279,0.0569
462,10,6.6894,-0.2002,0.4546,0.9990,-0.0451,0.0000,0.0451,0.9990,0.0000,0.0000,0.0000,1.0000,0.0210,0.0279,0.0569
463,0,6.2867,-0.1163,0.4400,0.9987,-0.0517,0.0000,0.0517,0.9987,0.0000,0.0000,0.0000,1.0000,0.2577,0.2263,0.1400
463,1,6.2950,-0.1138,0.6052,0.9987,-0.0517,0.0000,0.0517,0.9987,0.0000,0.0000,0.0000,1.0000,0.1100,0.2168,0.3052
463,2,6.3676,-0.1779,0.5173,0.9987,-0.0517,0.0000,0.0517,0.9987,0.0000,0.0000,0.0000,1.0000,0.1101,0.3070,0.2173
463,3,6.3809,-0.3555,0.5889,0.9987,-0.0517,0.0000,0.0517,0.9987,0.0000,0.0000,0.0000,1.0000,0.2836,0.2073,0.2889
463,4,6.4964,-0.4081,0.5062,0.9987,-0.0517,0.0000,0.0517,0.9987,0.0000,0.0000,0.0000,1.0000,0.2820,0.2947,0.2062
463,5,6.6709,-0.2801,0.6614,0.9987,-0.0517,0.0000,0.0517,0.9987,0.0000,0.0000,0.0000,1.0000,0.1112,0.2100,0.3614
463,6,6.7648,-0.2655,0.4265,0.9987,-0.0517,0.0000,0.0517,0.9987,0.0000,0.0000,0.0000,1.0000,0.1972,0.1336,0.1265
463,7,6.8739,-0.2627,0.4491,0.9987,-0.0517,0.0000,0.0517,0.9987,0.0000,0.0000,0.0000,1.0000,0.1624,0.1625,0.0548
463,8,6.9035,-0.2210,0.4472,0.9987,-0.0517,0.0000,0.0517,0.9987,0.0000,0.0000,0.0000,1.0000,0.0831,0.2046,0.1050
463,9,6.9372,-0.1563,0.4544,0.9987,-0.0517,0.0000,0.0517,0.9987,0.0000,0.0000,0.0000,1.0000,0.0210,0.0279,0.0569
463,10,6.9780,-0.2184,0.4546,0.9987,-0.0517,0.0000,0.0517,0.9987,0.0000,0.0000,0.0000,1.0000,0.0210,0.0279,0.0569
464,0,6.5590,-0.1309,0.4400,0.9983,-0.0579,0.0000,0.0579,0.9983,0.0000,0.0000,0.0000,1.0000,0.2577,0.2263,0.1400
464,1,6.5673,-0.1285,0.6052,0.9983,-0.0579,0.0000,0.0579,0.9983,0.0000,0.0000,0.0000,1.0000,0.1100,0.2168,0.3052
464,2,6.6395,-0.1931,0.5173,0.9983,-0.0579,0.0000,0.0579,0.9983,0.0000,0.0000,0.0000,1.0000,0.1101,0.3070,0.2173
464,3,6.6517,-0.3708,0.5889,0.9983,-0.0579,0.0000,0.0579,0.9983,0.0000,0.0000,0.0000,1.0000,0.2836,0.2073,0.2889
464,4,6.7669,-0.4240,0.5062,0.9983,-0.0579,0.0000,0.0579,0.9983,0.0000,0.0000,0.0000,1.0000,0.2820,0.2947,0.2062
464,5,6.9421,-0.2972,0.6614,0.9983,-0.0579,0.0000,0.0579,0.9983,0.0000,0.0000,0.0000,1.0000,0.1112,0.2100,0.3614
464,6,7.0361,-0.2831,0.4265,0.9983,-0.0579,0.0000,0.0579,0.9983,0.0000,0.0000,0.0000,1.0000,0.1972,0.1336,0.1265
464,7,7.1453,-0.2810,0.4491,0.9983,-0.0579,0.0000,0.0579,0.9983,0.0000,0.0000,0.0000,1.0000,0.1624,0.1625,0.0548
464,8,7.1752,-0.2395,0.4472,0.9983,-0.0579,0.0000,0.0579,0.9983,0.0000,0.0000,0.0000,1.0000,0.0831,0.2046,0.1050
464,9,7.2092,-0.1750,0.4544,0.9983,-0.0579,0.0000,0.0579,0.9983,0.0000,0.0000,0.0000,1.0000,0.0210,0.0279,0.0569
464,10,7.2496,-0.2374,0.4546,0.9983,-0.0579,0.0000,0.0579,0.9983,0.0000,0.0000,0.0000,1.0000,0.0210,0.0279,0.0569
465,0,6.8143,-0.1462,0.4400,0.9979,-0.0641,0.0000,0.0641,0.9979,0.0000,0.0000,0.0000,1.0000,0.2577,0.2263,0.1400
465,1,6.8226,-0.1439,0.6052,0.9979,-0.0641,0.0000,0.0641,0.9979,0.0000,0.0000,0.0000,1.0000,0.1100,0.2168,0.3052
465,2,6.8944,-0.2089,0.5173,0.9979,-0.0641,0.0000,0.0641,0.9979,0.0000,0.0000,0.0000,1.0000,0.1101,0.3070,0.2173
465,3,6.9055,-0.3867,0.5889,0.9979,-0.0641,0.0000,0.0641,0.9979,0.0000,0.0000,0.0000,1.0000,0.2836,0.2073,0.2889
465,4,7.0203,-0.4407,0.5062,0.9979,-0.0641,0.0000,0.0641,0.9979,0.0000,0.0000,0.0000,1.0000,0.2820,0.2947,0.2062
465,5,7.1964,-0.3149,0.6614,0.9979,-0.0641,0.0000,0.0641,0.9979,0.0000,0.0000,0.0000,1.0000,0.1112,0.2100,0.3614
465,6,7.2904,-0.3014,0.4265,0.9979,-0.0641,0.0000,0.0641,0.9979,0.0000,0.0000,0.0000,1.0000,0.1972,0.1336,0.1265
465,7,7.3996,-0.3000,0.4491,0.9979,-0.0641,0.0000,0.0641,0.9979,0.0000,0.0000,0.0000,1.0000,0.1624,0.1625,0.0548
465,8,7.4297,-0.2586,0.4472,0.9979,-0.0641,0.0000,0.0641,0.9979,0.0000,0.0000,0.0000,1.0000,0.0831,0.2046,0.1050
465,9,7.4642,-0.1944,0.4544,0.9979,-0.0641,0.0000,0.0641,0.9979,0.0000,0.0000,0.0000,1.0000,0.0210,0.0279,0.0569
465,10,7.5042,-0.2570,0.4546,0.9979,-0.0641,0.0000,0.0641,0.9979,0.0000,0.0000,0.0000,1.0000,0.0210,0.0279,0.0569
466,0,7.0526,-0.1620,0.4400,0.9976,-0.0697,0.0000,0.0697,0.9976,0.0000,0.0000,0.0000,1.0000,0.2577,0.2263,0.1400
466,1,7.0609,-0.1596,0.6052,0.9976,-0.0697,0.0000,0.0697,0.9976,0.0000,0.0000,0.0000,1.0000,0.1100,0.2168,0.3052
466,2,7.1324,-0.2251,0.5173,0.9976,-0.0697,0.0000,0.0697,0.9976,0.0000,0.0000,0.0000,1.0000,0.1101,0.3070,0.2173
466,3,7.1424,-0.4029,0.5889,0.9976,-0.0697,0.0000,0.0697,0.9976,0.0000,0.0000,0.0000,1.0000,0.2836,0.2073,0.2889
466,4,7.2570,-0.4575,0.5062,0.9976,-0.0697,0.0000,0.0697,0.9976,0.0000,0.0000,0.0000,1.0000,0.2820,0.2947,0.2062
466,5,7.4337,-0.3327,0.6614,0.9976,-0.0697,0.0000,0.0697,0.9976,0.0000,0.0000,0.0000,1.0000,0.1112,0.2100,0.3614
466,6,7.5278,-0.3198,0.4265,0.9976,-0.0697,0.0000,0.0697,0.9976,0.0000,0.0000,0.0000,1.0000,0.1972,0.1336,0.1265
466,7,7.6370,-0.3190,0.4491,0.9976,-0.0697,0.0000,0.0697,0.9976,0.0000,0.0000,0.0000,1.0000,0.1624,0.1625,0.0548
466,8,7.6674,-0.2778,0.4472,0.9976,-0.0697,0.0000,0.0697,0.9976,0.0000,0.0000,0.0000,1.0000,0.0831,0.2046,0.1050
466,9,7.7022,-0.2138,0.4544,0.9976,-0.0697,0.0000,0.0697,0.9976,0.0000,0.0000,0.0000,1.0000,0.0210,0.0279,0.0569
466,10,7.7419,-0.2766,0.4546,0.9976,-0.0697,0.0000,0.0697,0.9976,0.0000,0.0000,0.0000,1.0000,0.0210,0.0279,0.0569
467,0,7.2739,-0.1778,0.4400,0.9972,-0.0750,0.0000,0.0750,0.9972,0.0000,0.0000,0.0000,1.0000,0.2577,0.2263,0.1400
467,1,7.2822,-0.1755,0.6052,0.9972,-0.0750,0.0000,0.0750,0.9972,0.0000,0.0000,0.0000,1.0000,0.1100,0.2168,0.3052
467,2,7.3533,-0.2413,0.5173,0.9972,-0.0750,0.0000,0.0750,0.9972,0.0000,0.0000,0.0000,1.0000,0.1101,0.3070,0.2173
467,3,7.3624,-0.4192,0.5889,0.9972,-0.0750,0.0000,0.0750,0.9972,0.0000,0.0000,0.0000,1.0000,0.2836,0.2073,0.2889
467,4,7.4767,-0.4744,0.5062,0.9972,-0.0750,0.0000,0.0750,0.9972,0.0000,0.0000,0.0000,1.0000,0.2820,0.2947,0.2062
467,5,7.6541,-0.3506,0.6614,0.9972,-0.0750,0.0000,0.0750,0.9972,0.0000,0.0000,0.0000,1.0000,0.1112,0.2100,0.3614
467,6,7.7483,-0.3381,0.4265,0.9972,-0.0750,0.0000,0.0750,0.9972,0.0000,0.0000,0.0000,1.0000,0.1972,0.1336,0.1265
467,7,7.8575,-0.3379,0.4491,0.9972,-0.0750,0.0000,0.0750,0.9972,0.0000,0.0000,0.0000,1.0000,0.1624,0.1625,0.0548
467,8,7.8881,-0.2969,0.4472,0.9972,-0.0750,0.0000,0.0750,0.9972,0.0000,0.0000,0.0000,1.0000,0.0831,0.2046,0.1050
467,9,7.9232,-0.2331,0.4544,0.9972,-0.0750,0.0000,0.0750,0.9972,0.0000,0.0000,0.0000,1.0000,0.0210,0.0279,0.0569
467,10,7.9625,-0.2961,0.4546,0.9972,-0.0750,0.0000,0.0750,0.9972,0.0000,0.0000,0.0000,1.0000,0.0210,0.0279,0.0569
468,0,7.4781,-0.1934,0.4400,0.9968,-0.0795,0.0000,0.0795,0.9968,0.0000,0.0000,0.0000,1.0000,0.2577,0.2263,0.1400
468,1,7.4864,-0.1912,0.6052,0.9968,-0.0795,0.0000,0.0795,0.9968,0.0000,0.0000,0.0000,1.0000,0.1100,0.2168,0.3052
468,2,7.5573,-0.2573,0.5173,0.9968,-0.0795,0.0000,0.0795,0.9968,0.0000,0.0000,0.0000,1.0000,0.1101,0.3070,0.2173
468,3,7.5656,-0.4352,0.5889,0.9968,-0.0795,0.0000,0.0795,0.9968,0.0000,0.0000,0.0000,1.0000,0.2836,0.2073,0.2889
468,4,7.6796,-0.4910,0.5062,0.9968,-0.0795,0.0000,0.0795,0.9968,0.0000,0.0000,0.0000,1.0000,0.2820,0.2947,0.2062
468,5,7.8575,-0.3679,0.6614,0.9968,-0.0795,0.0000,0.0795,0.9968,0.0000,0.0000,0.0000,1.0000,0.1112,0.2100,0.3614
468,6,7.9518,-0.3559,0.4265,0.9968,-0.0795,0.0000,0.0795,0.9968,0.0000,0.0000,0.0000,1.0000,0.1972,0.1336,0.1265
468,7,8.0610,-0.3562,0.4491,0.9968,-0.0795,0.0000,0.0795,0.9968,0.0000,0.0000,0.0000,1.0000,0.1624,0.1625,0.0548
468,8,8.0918,-0.3153,0.4472,0.9968,-0.0795,0.0000,0.0795,0.9968,0.0000,0.0000,0.0000,1.0000,0.0831,0.2046,0.1050
468,9,8.1272,-0.2516,0.4544,0.9968,-0.0795,0.0000,0.0795,0.9968,0.0000,0.0000,0.0000,1.0000,0.0210,0.0279,0.0569
468,10,8.1662,-0.3148,0.4546,0.9968,-0.0795,0.0000,0.0795,0.9968,0.0000,0.0000,0.0000,1.0000,0.0210,0.0279,0.0569
469,0,7.6653,-0.2086,0.4400,0.9965,-0.0837,0.0000,0.0837,0.9965,0.0000,0.0000,0.0000,1.0000,0.2577,0.2263,0.1400
469,1,7.6736,-0.2063,0.6052,0.9965,-0.0837,0.0000,0.0837,0.9965,0.0000,0.0000,0.0000,1.0000,0.1100,0.2168,0.3052
469,2,7.7442,-0.2728,0.5173,0.9965,-0.0837,0.0000,0.0837,0.9965,0.0000,0.0000,0.0000,1.0000,0.1101,0.3070,0.2173
469,3,7.7517,-0.4507,0.5889,0.9965,-0.0837,0.0000,0.0837,0.9965,0.0000,0.0000,0.0000,1.0000,0.2836,0.2073,0.2889
469,4,7.8655,-0.5070,0.5062,0.9965,-0.0837,0.0000,0.0837,0.9965,0.0000,0.0000,0.0000,1.0000,0.2820,0.2947,0.2062
469,5,8.0440,-0.3847,0.6614,0.9965,-0.0837,0.0000,0.0837,0.9965,0.0000,0.0000,0.0000,1.0000,0.1112,0.2100,0.3614
469,6,8.1383,-0.3730,0.4265,0.9965,-0.0837,0.0000,0.0837,0.9965,0.0000,0.0000,0.0000,1.0000,0.1972,0.1336,0.1265
469,7,8.2475,-0.3738,0.4491,0.9965,-0.0837,0.0000,0.0837,0.9965,0.0000,0.0000,0.0000,1.0000,0.1624,0.1625,0.0548
469,8,8.2784,-0.3330,0.4472,0.9965,-0.0837,0.0000,0.0837,0.9965,0.0000,0.0000,0.0000,1.0000,0.0831,0.2046,0.1050
469,9,8.3142,-0.2695,0.4544,0.9965,-0.0837,0.0000,0.0837,0.9965,0.0000,0.0000,0.0000,1.0000,0.0210,0.0279,0.0569
469,10,8.3529,-0.3329,0.4546,0.9965,-0.0837,0.0000,0.0837,0.9965,0.0000,0.0000,0.0000,1.0000,0.0210,0.0279,0.0569
470,0,7.8354,-0.2230,0.4400,0.9962,-0.0873,0.0000,0.0873,0.9962,0.0000,0.0000,0.0000,1.0000,0.2577,0.2263,0.1400
470,1,7.8438,-0.2208,0.6052,0.9962,-0.0873,0.0000,0.0873,0.9962,0.0000,0.0000,0.0000,1.0000,0.1100,0.2168,0.3052
470,2,7.9141,-0.2875,0.5173,0.9962,-0.0873,0.0000,0.0873,0.9962,0.0000,0.0000,0.0000,1.0000,0.1101,0.3070,0.2173
470,3,7.9210,-0.4655,0.5889,0.9962,-0.0873,0.0000,0.0873,0.9962,0.0000,0.0000,0.0000,1.0000,0.2836,0.2073,0.2889
470,4,8.0346,-0.5221,0.5062,0.9962,-0.0873,0.0000,0.0873,0.9962,0.0000,0.0000,0.0000,1.0000,0.2820,0.2947,0.2062
470,5,8.2135,-0.4005,0.6614,0.9962,-0.0873,0.0000,0.0873,0.9962,0.0000,0.0000,0.0000,1.0000,0.1112,0.2100,0.3614
470,6,8.3078,-0.3892,0.4265,0.9962,-0.0873,0.0000,0.0873,0.9962,0.0000,0.0000,0.0000,1.0000,0.1972,0.1336,0.1265
470,7,8.4171,-0.3903,0.4491,0.9962,-0.0873,0.0000,0.0873,0.9962,0.0000,0.0000,0.0000,1.0000,0.1624,0.1625,0.0548
470,8,8.4481,-0.3497,0.4472,0.9962,-0.0873,0.0000,0.0873,0.9962,0.0000,0.0000,0.0000,1.0000,0.0831,0.2046,0.1050
470,9,8.4841,-0.2863,0.4544,0.9962,-0.0873,0.0000,0.0873,0.9962,0.0000,0.0000,0.0000,1.0000,0.0210,0.0279,0.0569
470,10,8.5226,-0.3498,0.4546,0.9962,-0.0873,0.0000,0.0873,0.9962,0.0000,0.0000,0.0000,1.0000,0.0210,0.0279,0.0569
471,0,7.9886,-0.2365,0.4400,0.9959,-0.0904,0.0000,0.0904,0.9959,0.0000,0.0000,0.0000,1.0000,0.2577,0.2263,0.1400
471,1,7.9969,-0.2344,0.6052,0.9959,-0.0904,0.0000,0.0904,0.9959,0.0000,0.0000,0.0000,1.0000,0.1100,0.2168,0.3052
471,2,8.0671,-0.3013,0.5173,0.9959,-0.0904,0.0000,0.0904,0.9959,0.0000,0.0000,0.0000,1.0000,0.1101,0.3070,0.2173
471,3,8.0734,-0.4793,0.5889,0.9959,-0.0904,0.0000,0.0904,0.9959,0.0000,0.0000,0.0000,1.0000,0.2836,0.2073,0.2889
471,4,8.1868,-0.5363,0.5062,0.9959,-0.0904,0.0000,0.0904,0.9959,0.0000,0.0000,0.0000,1.0000,0.2820,0.2947,0.2062
471,5,8.3661,-0.4152,0.6614,0.9959,-0.0904,0.0000,0.0904,0.9959,0.0000,0.0000,0.0000,1.0000,0.1112,0.2100,0.3614
471,6,8.4605,-0.4041,0.4265,0.9959,-0.0904,0.0000,0.0904,0.9959,0.0000,0.0000,0.0000,1.0000,0.1972,0.1336,0.1265
471,7,8.5697,-0.4056,0.4491,0.9959,-0.0904,0.0000,0.0904,0.9959,0.0000,0.0000,0.0000,1.0000,0.1624,0.1625,0.0548
471,8,8.6009,-0.3651,0.4472,0.9959,-0.0904,0.0000,0.0904,0.9959,0.0000,0.0000,0.0000,1.0000,0.0831,0.2046,0.1050
471,9,8.6371,-0.3018,0.4544,0.9959,-0.0904,0.0000,0.0904,0.9959,0.0000,0.0000,0.0000,1.0000,0.0210,0.0279,0.0569
471,10,8.6754,-0.3654,0.4546,0.9959,-0.0904,0.0000,0.0904,0.9959,0.0000,0.0000,0.0000,1.0000,0.0210,0.0279,0.0569
472,0,8.1253,-0.2490,0.4400,0.9957,-0.0928,0.0000,0.0928,0.9957,0.0000,0.0000,0.0000,1.0000,0.2577,0.2263,0.1400
472,1,8.1336,-0.2468,0.6052,0.9957,-0.0928,0.0000,0.0928,0.9957,0.0000,0.0000,0.0000,1.0000,0.1100,0.2168,0.3052
472,2,8.2036,-0.3139,0.5173,0.9957,-0.0928,0.0000,0.0928,0.9957,0.0000,0.0000,0.0000,1.0000,0.1101,0.3070,0.2173
472,3,8.2095,-0.4920,0.5889,0.9957,-0.0928,0.0000,0.0928,0.9957,0.0000,0.0000,0.0000,1.0000,0.2836,0.2073,0.2889
472,4,8.3228,-0.5492,0.5062,0.9957,-0.0928,0.0000,0.0928,0.9957,0.0000,0.0000,0.0000,1.0000,0.2820,0.2947,0.2062
472,5,8.5024,-0.4286,0.6614,0.9957,-0.0928,0.0000,0.0928,0.9957,0.0000,0.0000,0.0000,1.0000,0.1112,0.2100,0.3614
472,6,8.5968,-0.4178,0.4265,0.9957,-0.0928,0.0000,0.0928,0.9957,0.0000,0.0000,0.0000,1.0000,0.1972,0.1336,0.1265
472,7,8.7060,-0.4195,0.4491,0.9957,-0.0928,0.0000,0.0928,0.9957,0.0000,0.0000,0.0000,1.0000,0.1624,0.1625,0.0548
472,8,8.7373,-0.3791,0.4472,0.9957,-0.0928,0.0000,0.0928,0.9957,0.0000,0.0000,0.0000,1.0000,0.0831,0.2046,0.1050
472,9,8.7736,-0.3159,0.4544,0.9957,-0.0928,0.0000,0.0928,0.9957,0.0000,0.0000,0.0000,1.0000,0.0210,0.0279,0.0569
472,10,8.8117,-0.3796,0.4546,0.9957,-0.0928,0.0000,0.0928,0.9957,0.0000,0.0000,0.0000,1.0000,0.0210,0.0279,0.0569
473,0,8.2465,-0.2603,0.4400,0.9955,-0.0948,0.0000,0.0948,0.9955,0.0000,0.0000,0.0000,1.0000,0.2577,0.2263,0.1400
473,1,8.2549,-0.2582,0.6052,0.9955,-0.0948,0.0000,0.0948,0.9955,0.0000,0.0000,0.0000,1.0000,0.1100,0.2168,0.3052
473,2,8.3247,-0.3254,0.5173,0.9955,-0.0948,0.0000,0.0948,0.9955,0.0000,0.0000,0.0000,1.0000,0.1101,0.3070,0.2173
473,3,8.3303,-0.5035,0.5889,0.9955,-0.0948,0.0000,0.0948,0.9955,0.0000,0.0000,0.0000,1.0000,0.2836,0.2073,0.2889
473,4,8.4434,-0.5609,0.5062,0.9955,-0.0948,0.0000,0.0948,0.9955,0.0000,0.0000,0.0000,1.0000,0.2820,0.2947,0.2062
473,5,8.6232,-0.4406,0.6614,0.9955,-0.0948,0.0000,0.0948,0.9955,0.0000,0.0000,0.0000,1.0000,0.1112,0.2100,0.3614
473,6,8.7177,-0.4300,0.4265,0.9955,-0.0948,0.0000,0.0948,0.9955,0.0000,0.0000,0.0000,1.0000,0.1972,0.1336,0.1265
473,7,8.8269,-0.4320,0.4491,0.9955,-0.0948,0.0000,0.0948,0.9955,0.0000,0.0000,0.0000,1.0000,0.1624,0.1625,0.0548
473,8,8.8582,-0.3916,0.4472,0.9955,-0.0948,0.0000,0.0948,0.9955,0.0000,0.0000,0.0000,1.0000,0.0831,0.2046,0.1050
473,9,8.8947,-0.3285,0.4544,0.9955,-0.0948,0.0000,0.0948,0.9955,0.0000,0.0000,0.0000,1.0000,0.0210,0.0279,0.0569
473,10,8.9327,-0.3923,0.4546,0.9955,-0.0948,0.0000,0.0948,0.9955,0.0000,0.0000,0.0000,1.0000,0.0210,0.0279,0.0569
474,0,8.3538,-0.2705,0.4400,0.9953,-0.0964,0.0000,0.0964,0.9953,0.0000,0.0000,0.0000,1.0000,0.2577,0.2263,0.1400
474,1,8.3621,-0.2684,0.6052,0.9953,-0.0964,0.0000,0.0964,0.9953,0.0000,0.0000,0.0000,1.0000,0.1100,0.2168,0.3052
474,2,8.4318,-0.3358,0.5173,0.9953,-0.0964,0.0000,0.0964,0.9953,0.0000,0.0000,0.0000,1.0000,0.1101,0.3070,0.2173
474,3,8.4371,-0.5138,0.5889,0.9953,-0.0964,0.0000,0.0964,0.9953,0.0000,0.0000,0.0000,1.0000,0.2836,0.2073,0.2889
474,4,8.5502,-0.5715,0.5062,0.9953,-0.0964,0.0000,0.0964,0.9953,0.0000,0.0000,0.0000,1.0000,0.2820,0.2947,0.2062
474,5,8.7302,-0.4515,0.6614,0.9953,-0.0964,0.0000,0.0964,0.9953,0.0000,0.0000,0.0000,1.0000,0.1112,0.2100,0.3614
474,6,8.8246,-0.4410,0.4265,0.9953,-0.0964,0.0000,0.0964,0.9953,0.0000,0.0000,0.0000,1.0000,0.1972,0.1336,0.1265
474,7,8.9338,-0.4431,0.4491,0.9953,-0.0964,0.0000,0.0964,0.9953,0.0000,0.0000,0.0000,1.0000,0.1624,0.1625,0.0548
474,8,8.9653,-0.4028,0.4472,0.9953,-0.0964,0.0000,0.0964,0.9953,0.0000,0.0000,0.0000,1.0000,0.0831,0.2046,0.1050
474,9,9.0018,-0.3397,0.4544,0.9953,-0.0964,0.0000,0.0964,0.9953,0.0000,0.0000,0.0000,1.0000,0.0210,0.0279,0.0569
474,10,9.0397,-0.4036,0.4546,0.9953,-0.0964,0.0000,0.0964,0.9953,0.0000,0.0000,0.0000,1.0000,0.0210,0.0279,0.0569
475,0,8.4489,-0.2798,0.4400,0.9952,-0.0975,0.0000,0.0975,0.9952,0.0000,0.0000,0.0000,1.0000,0.2577,0.2263,0.1400
475,1,8.4572,-0.2777,0.6052,0.9952,-0.0975,0.0000,0.0975,0.9952,0.0000,0.0000,0.0000,1.0000,0.1100,0.2168,0.3052
475,2,8.5269,-0.3451,0.5173,0.9952,-0.0975,0.0000,0.0975,0.9952,0.0000,0.0000,0.0000,1.0000,0.1101,0.3070,0.2173
475,3,8.5319,-0.5231,0.5889,0.9952,-0.0975,0.0000,0.0975,0.9952,0.0000,0.0000,0.0000,1.0000,0.2836,0.2073,0.2889
475,4,8.6450,-0.5809,0.5062,0.9952,-0.0975,0.0000,0.0975,0.9952,0.0000,0.0000,0.0000,1.0000,0.2820,0.2947,0.2062
475,5,8.8251,-0.4611,0.6614,0.9952,-0.0975,0.0000,0.0975,0.9952,0.0000,0.0000,0.0000,1.0000,0.1112,0.2100,0.3614
475,6,8.9196,-0.4508,0.4265,0.9952,-0.0975,0.0000,0.0975,0.9952,0.0000,0.0000,0.0000,1.0000,0.1972,0.1336,0.1265
475,7,9.0288,-0.4530,0.4491,0.9952,-0.0975,0.0000,0.0975,0.9952,0.0000,0.0000,0.0000,1.0000,0.1624,0.1625,0.0548
475,8,9.0602,-0.4127,0.4472,0.9952,-0.0975,0.0000,0.0975,0.9952,0.0000,0.0000,0.0000,1.0000,0.0831,0.2046,0.1050
475,9,9.0969,-0.3497,0.4544,0.9952,-0.0975,0.0000,0.0975,0.9952,0.0000,0.0000,0.0000,1.0000,0.0210,0.0279,0.0569
475,10,9.1347,-0.4136,0.4546,0.9952,-0.0975,0.0000,0.0975,0.9952,0.0000,0.0000,0.0000,1.0000,0.0210,0.0279,0.0569
476,0,8.5339,-0.2881,0.4400,0.9951,-0.0985,0.0000,0.0985,0.9951,0.0000,0.0000,0.0000,1.0000,0.2577,0.2263,0.1400
476,1,8.5423,-0.2860,0.6052,0.9951,-0.0985,0.0000,0.0985,0.9951,0.0000,0.0000,0.0000,1.0000,0.1100,0.2168,0.3052
476,2,8.6119,-0.3535,0.5173,0.9951,-0.0985,0.0000,0.0985,0.9951,0.0000,0.0000,0.0000,1.0000,0.1101,0.3070,0.2173
476,3,8.6168,-0.5315,0.5889,0.9951,-0.0985,0.0000,0.0985,0.9951,0.0000,0.0000,0.0000,1.0000,0.2836,0.2073,0.2889
476,4,8.7297,-0.5894,0.5062,0.9951,-0.0985,0.0000,0.0985,0.9951,0.0000,0.0000,0.0000,1.0000,0.2820,0.2947,0.2062
476,5,8.9100,-0.4698,0.6614,0.9951,-0.0985,0.0000,0.0985,0.9951,0.0000,0.0000,0.0000,1.0000,0.1112,0.2100,0.3614
476,6,9.0044,-0.4596,0.4265,0.9951,-0.0985,0.0000,0.0985,0.9951,0.0000,0.0000,0.0000,1.0000,0.1972,0.1336,0.1265
476,7,9.1136,-0.4619,0.4491,0.9951,-0.0985,0.0000,0.0985,0.9951,0.0000,0.0000,0.0000,1.0000,0.1624,0.1625,0.0548
476,8,9.1451,-0.4216,0.4472,0.9951,-0.0985,0.0000,0.0985,0.9951,0.0000,0.0000,0.0000,1.0000,0.0831,0.2046,0.1050
476,9,9.1818,-0.3587,0.4544,0.9951,-0.0985,0.0000,0.0985,0.9951,0.0000,0.0000,0.0000,1.0000,0.0210,0.0279,0.0569
476,10,9.2196,-0.4226,0.4546,0.9951,-0.0985,0.0000,0.0985,0.9951,0.0000,0.0000,0.0000,1.0000,0.0210,0.0279,0.0569
477,0,8.6108,-0.2957,0.4400,0.9951,-0.0993,0.0000,0.0993,0.9951,0.0000,0.0000,0.0000,1.0000,0.2577,0.2263,0.1400
477,1,8.6192,-0.2936,0.6052,0.9951,-0.0993,0.0000,0.0993,0.9951,0.0000,0.0000,0.0000,1.0000,0.1100,0.2168,0.3052
477,2,8.6887,-0.3612,0.5173,0.9951,-0.0993,0.0000,0.0993,0.9951,0.0000,0.0000,0.0000,1.0000,0.1101,0.3070,0.2173
477,3,8.6935,-0.5392,0.5889,0.9951,-0.0993,0.0000,0.0993,0.9951,0.0000,0.0000,0.0000,1.0000,0.2836,0.2073,0.2889
477,4,8.8064,-0.5972,0.5062,0.9951,-0.0993,0.0000,0.0993,0.9951,0.0000,0.0000,0.0000,1.0000,0.2820,0.2947,0.2062
477,5,8.9867,-0.4777,0.6614,0.9951,-0.0993,0.0000,0.0993,0.9951,0.0000,0.0000,0.0000,1.0000,0.1112,0.2100,0.3614
477,6,9.0812,-0.4676,0.4265,0.9951,-0.0993,0.0000,0.0993,0.9951,0.0000,0.0000,0.0000,1.0000,0.1972,0.1336,0.1265
477,7,9.1904,-0.4700,0.4491,0.9951,-0.0993,0.0000,0.0993,0.9951,0.0000,0.0000,0.0000,1.0000,0.1624,0.1625,0.0548
477,8,9.2219,-0.4297,0.4472,0.9951,-0.0993,0.0000,0.0993,0.9951,0.0000,0.0000,0.0000,1.0000,0.0831,0.2046,0.1050
477,9,9.2587,-0.3668,0.4544,0.9951,-0.0993,0.0000,0.0993,0.9951,0.0000,0.0000,0.0000,1.0000,0.0210,0.0279,0.0569
477,10,9.2964,-0.4307,0.4546,0.9951,-0.0993,0.0000,0.0993,0.9951,0.0000,0.0000,0.0000,1.0000,0.0210,0.0279,0.0569
478,0,8.6810,-0.3027,0.4400,0.9950,-0.0999,0.0000,0.0999,0.9950,0.0000,0.0000,0.0000,1.0000,0.2577,0.2263,0.1400
478,1,8.6893,-0.3006,0.6052,0.9950,-0.0999,0.0000,0.0999,0.9950,0.0000,0.0000,0.0000,1.0000,0.1100,0.2168,0.3052
478,2,8.7588,-0.3682,0.5173,0.9950,-0.0999,0.0000,0.0999,0.9950,0.0000,0.0000,0.0000,1.0000,0.1101,0.3070,0.2173
478,3,8.7634,-0.5463,0.5889,0.9950,-0.0999,0.0000,0.0999,0.9950,0.0000,0.0000,0.0000,1.0000,0.2836,0.2073,0.2889
478,4,8.8763,-0.6043,0.5062,0.9950,-0.0999,0.0000,0.0999,0.9950,0.0000,0.0000,0.0000,1.0000,0.2820,0.2947,0.2062
478,5,9.0567,-0.4849,0.6614,0.9950,-0.0999,0.0000,0.0999,0.9950,0.0000,0.0000,0.0000,1.0000,0.1112,0.2100,0.3614
478,6,9.1512,-0.4748,0.4265,0.9950,-0.0999,0.0000,0.0999,0.9950,0.0000,0.0000,0.0000,1.0000,0.1972,0.1336,0.1265
478,7,9.2604,-0.4774,0.4491,0.9950,-0.0999,0.0000,0.0999,0.9950,0.0000,0.0000,0.0000,1.0000,0.1624,0.1625,0.0548
478,8,9.2920,-0.4371,0.4472,0.9950,-0.0999,0.0000,0.0999,0.9950,0.0000,0.0000,0.0000,1.0000,0.0831,0.2046,0.1050
478,9,9.3288,-0.3742,0.4544,0.9950,-0.0999,0.0000,0.0999,0.9950,0.0000,0.0000,0.0000,1.0000,0.0210,0.0279,0.0569
478,10,9.3664,-0.4382,0.4546,0.9950,-0.0999,0.0000,0.0999,0.9950,0.0000,0.0000,0.0000,1.0000,0.0210,0.0279,0.0569
479,0,8.7450,-0.3091,0.4400,0.9950,-0.1003,0.0000,0.1003,0.9950,0.0000,0.0000,0.0000,1.0000,0.2577,0.2263,0.1400
479,1,8.7534,-0.3071,0.6052,0.9950,-0.1003,0.0000,0.1003,0.9950,0.0000,0.0000,0.0000,1.0000,0.1100,0.2168,0.3052
479,2,8.8229,-0.3747,0.5173,0.9950,-0.1003,0.0000,0.1003,0.9950,0.0000,0.0000,0.0000,1.0000,0.1101,0.3070,0.2173
479,3,8.8274,-0.5527,0.5889,0.9950,-0.1003,0.0000,0.1003,0.9950,0.0000,0.0000,0.0000,1.0000,0.2836,0.2073,0.2889
479,4,8.9403,-0.6108,0.5062,0.9950,-0.1003,0.0000,0.1003,0.9950,0.0000,0.0000,0.0000,1.0000,0.2820,0.2947,0.2062
479,5,9.1207,-0.4915,0.6614,0.9950,-0.1003,0.0000,0.1003,0.9950,0.0000,0.0000,0.0000,1.0000,0.1112,0.2100,0.3614
479,6,9.2152,-0.4815,0.4265,0.9950,-0.1003,0.0000,0.1003,0.9950,0.0000,0.0000,0.0000,1.0000,0.1972,0.1336,0.1265
479,7,9.3244,-0.4840,0.4491,0.9950,-0.1003,0.0000,0.1003,0.9950,0.0000,0.0000,0.0000,1.0000,0.1624,0.1625,0.0548
479,8,9.3560,-0.4438,0.4472,0.9950,-0.1003,0.0000,0.1003,0.9950,0.0000,0.0000,0.0000,1.0000,0.0831,0.2046,0.1050
479,9,9.3928,-0.3809,0.4544,0.9950,-0.1003,0.0000,0.1003,0.9950,0.0000,0.0000,0.0000,1.0000,0.0210,0.0279,0.0569
479,10,9.4305,-0.4449,0.4546,0.9950,-0.1003,0.0000,0.1003,0.9950,0.0000,0.0000,0.0000,1.0000,0.0210,0.0279,0.0569
480,0,8.8035,-0.3150,0.4400,0.9949,-0.1007,0.0000,0.1007,0.9949,0.0000,0.0000,0.0000,1.0000,0.2577,0.2263,0.1400
480,1,8.8119,-0.3129,0.6052,0.9949,-0.1007,0.0000,0.1007,0.9949,0.0000,0.0000,0.0000,1.0000,0.1100,0.2168,0.3052
480,2,8.8813,-0.3806,0.5173,0.9949,-0.1007,0.0000,0.1007,0.9949,0.0000,0.0000,0.0000,1.0000,0.1101,0.3070,0.2173
480,3,8.8858,-0.5586,0.5889,0.9949,-0.1007,0.0000,0.1007,0.9949,0.0000,0.0000,0.0000,1.0000,0.2836,0.2073,0.2889
480,4,8.9986,-0.6168,0.5062,0.9949,-0.1007,0.0000,0.1007,0.9949,0.0000,0.0000,0.0000,1.0000,0.2820,0.2947,0.2062
480,5,9.1792,-0.4976,0.6614,0.9949,-0.1007,0.0000,0.1007,0.9949,0.0000,0.0000,0.0000,1.0000,0.1112,0.2100,0.3614
480,6,9.2736,-0.4875,0.4265,0.9949,-0.1007,0.0000,0.1007,0.9949,0.0000,0.0000,0.0000,1.0000,0.1972,0.1336,0.1265
480,7,9.3828,-0.4902,0.4491,0.9949,-0.1007,0.0000,0.1007,0.9949,0.0000,0.0000,0.0000,1.0000,0.1624,0.1625,0.0548
480,8,9.4144,-0.4499,0.4472,0.9949,-0.1007,0.0000,0.1007,0.9949,0.0000,0.0000,0.0000,1.0000,0.0831,0.2046,0.1050
480,9,9.4513,-0.3870,0.4544,0.9949,-0.1007,0.0000,0.1007,0.9949,0.0000,0.0000,0.0000,1.0000,0.0210,0.0279,0.0569
480,10,9.4889,-0.4510,0.4546,0.9949,-0.1007,0.0000,0.1007,0.9949,0.0000,0.0000,0.0000,1.0000,0.0210,0.0279,0.0569
481,0,8.8567,-0.3204,0.4400,0.9949,-0.1011,0.0000,0.1011,0.9949,0.0000,0.0000,0.0000,1.0000,0.2577,0.2263,0.1400
481,1,8.8650,-0.3183,0.6052,0.9949,-0.1011,0.0000,0.1011,0.9949,0.0000,0.0000,0.0000,1.0000,0.1100,0.2168,0.3052
481,2,8.9344,-0.3860,0.5173,0.9949,-0.1011,0.0000,0.1011,0.9949,0.0000,0.0000,0.0000,1.0000,0.1101,0.3070,0.2173
481,3,8.9389,-0.5640,0.5889,0.9949,-0.1011,0.0000,0.1011,0.9949,0.0000,0.0000,0.0000,1.0000,0.2836,0.2073,0.2889
481,4,9.0516,-0.6222,0.5062,0.9949,-0.1011,0.0000,0.1011,0.9949,0.0000,0.0000,0.0000,1.0000,0.2820,0.2947,0.2062
481,5,9.2322,-0.5031,0.6614,0.9949,-0.1011,0.0000,0.1011,0.9949,0.0000,0.0000,0.0000,1.0000,0.1112,0.2100,0.3614
481,6,9.3267,-0.4931,0.4265,0.9949,-0.1011,0.0000,0.1011,0.9949,0.0000,0.0000,0.0000,1.0000,0.1972,0.1336,0.1265
481,7,9.4359,-0.4957,0.4491,0.9949,-0.1011,0.0000,0.1011,0.9949,0.0000,0.0000,0.0000,1.0000,0.1624,0.1625,0.0548
481,8,9.4675,-0.4555,0.4472,0.9949,-0.1011,0.0000,0.1011,0.9949,0.0000,0.0000,0.0000,1.0000,0.0831,0.2046,0.1050
481,9,9.5044,-0.3926,0.4544,0.9949,-0.1011,0.0000,0.1011,0.9949,0.0000,0.0000,0.0000,1.0000,0.0210,0.0279,0.0569
481,10,9.5420,-0.4566,0.4546,0.9949,-0.1011,0.0000,0.1011,0.9949,0.0000,0.0000,0.0000,1.0000,0.0210,0.0279,0.0569
482,0,8.9045,-0.3252,0.4400,0.9949,-0.1013,0.0000,0.1013,0.9949,0.0000,0.0000,0.0000,1.0000,0.2577,0.2263,0.1400
482,1,8.9128,-0.3232,0.6052,0.9949,-0.1013,0.0000,0.1013,0.9949,0.0000,0.0000,0.0000,1.0000,0.1100,0.2168,0.3052
482,2,8.9822,-0.3909,0.5173,0.9949,-0.1013,0.0000,0.1013,0.9949,0.0000,0.0000,0.0000,1.0000,0.1101,0.3070,0.2173
482,3,8.9866,-0.5689,0.5889,0.9949,-0.1013,0.0000,0.1013,0.9949,0.0000,0.0000,0.0000,1.0000,0.2836,0.2073,0.2889
482,4,9.0994,-0.6271,0.5062,0.9949,-0.1013,0.0000,0.1013,0.9949,0.0000,0.0000,0.0000,1.0000,0.2820,0.2947,0.2062
482,5,9.2800,-0.5080,0.6614,0.9949,-0.1013,0.0000,0.1013,0.9949,0.0000,0.0000,0.0000,1.0000,0.1112,0.2100,0.3614
482,6,9.3745,-0.4980,0.4265,0.9949,-0.1013,0.0000,0.1013,0.9949,0.0000,0.0000,0.0000,1.0000,0.1972,0.1336,0.1265
482,7,9.4837,-0.5007,0.4491,0.9949,-0.1013,0.0000,0.1013,0.9949,0.0000,0.0000,0.0000,1.0000,0.1624,0.1625,0.0548
482,8,9.5153,-0.4605,0.4472,0.9949,-0.1013,0.0000,0.1013,0.9949,0.0000,0.0000,0.0000,1.0000,0.0831,0.2046,0.1050
482,9,9.5522,-0.3976,0.4544,0.9949,-0.1013,0.0000,0.1013,0.9949,0.0000,0.0000,0.0000,1.0000,0.0210,0.0279,0.0569
482,10,9.5898,-0.4617,0.4546,0.9949,-0.1013,0.0000,0.1013,0.9949,0.0000,0.0000,0.0000,1.0000,0.0210,0.0279,0.0569
483,0,8.9470,-0.3296,0.4400,0.9948,-0.1015,0.0000,0.1015,0.9948,0.0000,0.0000,0.0000,1.0000,0.2577,0.2263,0.1400
483,1,8.9553,-0.3275,0.6052,0.9948,-0.1015,0.0000,0.1015,0.9948,0.0000,0.0000,0.0000,1.0000,0.1100,0.2168,0.3052
483,2,9.0247,-0.3952,0.5173,0.9948,-0.1015,0.0000,0.1015,0.9948,0.0000,0.0000,0.0000,1.0000,0.1101,0.3070,0.2173
483,3,9.0291,-0.5733,0.5889,0.9948,-0.1015,0.0000,0.1015,0.9948,0.0000,0.0000,0.0000,1.0000,0.2836,0.2073,0.2889
483,4,9.1418,-0.6315,0.5062,0.9948,-0.1015,0.0000,0.1015,0.9948,0.0000,0.0000,0.0000,1.0000,0.2820,0.2947,0.2062
483,5,9.3225,-0.5124,0.6614,0.9948,-0.1015,0.0000,0.1015,0.9948,0.0000,0.0000,0.0000,1.0000,0.1112,0.2100,0.3614
483,6,9.4170,-0.5025,0.4265,0.9948,-0.1015,0.0000,0.1015,0.9948,0.0000,0.0000,0.0000,1.0000,0.1972,0.1336,0.1265
483,7,9.5262,-0.5052,0.4491,0.9948,-0.1015,0.0000,0.1015,0.9948,0.0000,0.0000,0.0000,1.0000,0.1624,0.1625,0.0548
483,8,9.5578,-0.4650,0.4472,0.9948,-0.1015,0.0000,0.1015,0.9948,0.0000,0.0000,0.0000,1.0000,0.0831,0.2046,0.1050
483,9,9.5947,-0.4021,0.4544,0.9948,-0.1015,0.0000,0.1015,0.9948,0.0000,0.0000,0.0000,1.0000,0.0210,0.0279,0.0569
483,10,9.6323,-0.4661,0.4546,0.9948,-0.1015,0.0000,0.1015,0.9948,0.0000,0.0000,0.0000,1.0000,0.0210,0.0279,0.0569
484,0,8.9844,-0.3334,0.4400,0.9948,-0.1017,0.0000,0.1017,0.9948,0.0000,0.0000,0.0000,1.0000,0.2577,0.2263,0.1400
484,1,8.9927,-0.3313,0.6052,0.9948,-0.1017,0.0000,0.1017,0.9948,0.0000,0.0000,0.0000,1.0000,0.1100,0.2168,0.3052
484,2,9.0621,-0.3990,0.5173,0.9948,-0.1017,0.0000,0.1017,0.9948,0.0000,0.0000,0.0000,1.0000,0.1101,0.3070,0.2173
484,3,9.0664,-0.5771,0.5889,0.9948,-0.1017,0.0000,0.1017,0.9948,0.0000,0.0000,0.0000,1.0000,0.2836,0.2073,0.2889
484,4,9.1792,-0.6353,0.5062,0.9948,-0.1017,0.0000,0.1017,0.9948,0.0000,0.0000,0.0000,1.0000,0.2820,0.2947,0.2062
484,5,9.3598,-0.5163,0.6614,0.9948,-0.1017,0.0000,0.1017,0.9948,0.0000,0.0000,0.0000,1.0000,0.1112,0.2100,0.3614
484,6,9.4543,-0.5064,0.4265,0.9948,-0.1017,0.0000,0.1017,0.9948,0.0000,0.0000,0.0000,1.0000,0.1972,0.1336,0.1265
484,7,9.5635,-0.5091,0.4491,0.9948,-0.1017,0.0000,0.1017,0.9948,0.0000,0.0000,0.0000,1.0000,0.1624,0.1625,0.0548
484,8,9.5952,-0.4689,0.4472,0.9948,-0.1017,0.0000,0.1017,0.9948,0.0000,0.0000,0.0000,1.0000,0.0831,0.2046,0.1050
484,9,9.6320,-0.4060,0.4544,0.9948,-0.1017,0.0000,0.1017,0.9948,0.0000,0.0000,0.0000,1.0000,0.0210,0.0279,0.0569
484,10,9.6696,-0.4701,0.4546,0.9948,-0.1017,0.0000,0.1017,0.9948,0.0000,0.0000,0.0000,1.0000,0.0210,0.0279,0.0569
485,0,9.0169,-0.3367,0.4400,0.9948,-0.1018,0.0000,0.1018,0.9948,0.0000,0.0000,0.0000,1.0000,0.2577,0.2263,0.1400
485,1,9.0253,-0.3346,0.6052,0.9948,-0.1018,0.0000,0.1018,0.9948,0.0000,0.0000,0.0000,1.0000,0.1100,0.2168,0.3052
485,2,9.0947,-0.4024,0.5173,0.9948,-0.1018,0.0000,0.1018,0.9948,0.0000,0.0000,0.0000,1.0000,0.1101,0.3070,0.2173
485,3,9.0990,-0.5804,0.5889,0.9948,-0.1018,0.0000,0.1018,0.9948,0.0000,0.0000,0.0000,1.0000,0.2836,0.2073,0.2889
485,4,9.2117,-0.6387,0.5062,0.9948,-0.1018,0.0000,0.1018,0.9948,0.0000,0.0000,0.0000,1.0000,0.2820,0.2947,0.2062
485,5,9.3924,-0.5197,0.6614,0.9948,-0.1018,0.0000,0.1018,0.9948,0.0000,0.0000,0.0000,1.0000,0.1112,0.2100,0.3614
485,6,9.4869,-0.5097,0.4265,0.9948,-0.1018,0.0000,0.1018,0.9948,0.0000,0.0000,0.0000,1.0000,0.1972,0.1336,0.1265
485,7,9.5961,-0.5125,0.4491,0.9948,-0.1018,0.0000,0.1018,0.9948,0.0000,0.0000,0.0000,1.0000,0.1624,0.1625,0.0548
485,8,9.6277,-0.4723,0.4472,0.9948,-0.1018,0.0000,0.1018,0.9948,0.0000,0.0000,0.0000,1.0000,0.0831,0.2046,0.1050
485,9,9.6646,-0.4094,0.4544,0.9948,-0.1018,0.0000,0.1018,0.9948,0.0000,0.0000,0.0000,1.0000,0.0210,0.0279,0.0569
485,10,9.7022,-0.4735,0.4546,0.9948,-0.1018,0.0000,0.1018,0.9948,0.0000,0.0000,0.0000,1.0000,0.0210,0.0279,0.0569
486,0,9.0454,-0.3396,0.4400,0.9948,-0.1019,0.0000,0.1019,0.9948,0.0000,0.0000,0.0000,1.0000,0.2577,0.2263,0.1400
486,1,9.0537,-0.3376,0.6052,0.9948,-0.1019,0.0000,0.1019,0.9948,0.0000,0.0000,0.0000,1.0000,0.1100,0.2168,0.3052
486,2,9.1231,-0.4053,0.5173,0.9948,-0.1019,0.0000,0.1019,0.9948,0.0000,0.0000,0.0000,1.0000,0.1101,0.3070,0.2173
486,3,9.1274,-0.5833,0.5889,0.9948,-0.1019,0.0000,0.1019,0.9948,0.0000,0.0000,0.0000,1.0000,0.2836,0.2073,0.2889
486,4,9.2401,-0.6416,0.5062,0.9948,-0.1019,0.0000,0.1019,0.9948,0.0000,0.0000,0.0000,1.0000,0.2820,0.2947,0.2062
486,5,9.4208,-0.5226,0.6614,0.9948,-0.1019,0.0000,0.1019,0.9948,0.0000,0.0000,0.0000,1.0000,0.1112,0.2100,0.3614
486,6,9.5153,-0.5127,0.4265,0.9948,-0.1019,0.0000,0.1019,0.9948,0.0000,0.0000,0.0000,1.0000,0.1972,0.1336,0.1265
486,7,9.6245,-0.5154,0.4491,0.9948,-0.1019,0.0000,0.1019,0.9948,0.0000,0.0000,0.0000,1.0000,0.1624,0.1625,0.0548
486,8,9.6561,-0.4752,0.4472,0.9948,-0.1019,0.0000,0.1019,0.9948,0.0000,0.0000,0.0000,1.0000,0.0831,0.2046,0.1050
486,9,9.6930,-0.4124,0.4544,0.9948,-0.1019,0.0000,0.1019,0.9948,0.0000,0.0000,0.0000,1.0000,0.0210,0.0279,0.0569
486,10,9.7306,-0.4764,0.4546,0.9948,-0.1019,0.0000,0.1019,0.9948,0.0000,0.0000,0.0000,1.0000,0.0210,0.0279,0.0569
487,0,9.0704,-0.3422,0.4400,0.9948,-0.1019,0.0000,0.1019,0.9948,0.0000,0.0000,0.0000,1.0000,0.2577,0.2263,0.1400
487,1,9.0788,-0.3401,0.6052,0.9948,-0.1019,0.0000,0.1019,0.9948,0.0000,0.0000,0.0000,1.0000,0.1100,0.2168,0.3052
487,2,9.1481,-0.4078,0.5173,0.9948,-0.1019,0.0000,0.1019,0.9948,0.0000,0.0000,0.0000,1.0000,0.1101,0.3070,0.2173
487,3,9.1524,-0.5859,0.5889,0.9948,-0.1019,0.0000,0.1019,0.9948,0.0000,0.0000,0.0000,1.0000,0.2836,0.2073,0.2889
487,4,9.2651,-0.6442,0.5062,0.9948,-0.1019,0.0000,0.1019,0.9948,0.0000,0.0000,0.0000,1.0000,0.2820,0.2947,0.2062
487,5,9.4458,-0.5252,0.6614,0.9948,-0.1019,0.0000,0.1019,0.9948,0.0000,0.0000,0.0000,1.0000,0.1112,0.2100,0.3614
487,6,9.5403,-0.5153,0.4265,0.9948,-0.1019,0.0000,0.1019,0.9948,0.0000,0.0000,0.0000,1.0000,0.1972,0.1336,0.1265
487,7,9.6495,-0.5180,0.4491,0.9948,-0.1019,0.0000,0.1019,0.9948,0.0000,0.0000,0.0000,1.0000,0.1624,0.1625,0.0548
487,8,9.6812,-0.4778,0.4472,0.9948,-0.1019,0.0000,0.1019,0.9948,0.0000,0.0000,0.0000,1.0000,0.0831,0.2046,0.1050
487,9,9.7181,-0.4150,0.4544,0.9948,-0.1019,0.0000,0.1019,0.9948,0.0000,0.0000,0.0000,1.0000,0.0210,0.0279,0.0569
487,10,9.7556,-0.4790,0.4546,0.9948,-0.1019,0.0000,0.1019,0.9948,0.0000,0.0000,0.0000,1.0000,0.0210,0.0279,0.0569
488,0,9.0927,-0.3445,0.4400,0.9948,-0.1020,0.0000,0.1020,0.9948,0.0000,0.0000,0.0000,1.0000,0.2577,0.2263,0.1400
488,1,9.1010,-0.3424,0.6052,0.9948,-0.1020,0.0000,0.1020,0.9948,0.0000,0.0000,0.0000,1.0000,0.1100,0.2168,0.3052
488,2,9.1704,-0.4101,0.5173,0.9948,-0.1020,0.0000,0.1020,0.9948,0.0000,0.0000,0.0000,1.0000,0.1101,0.3070,0.2173
488,3,9.1747,-0.5882,0.5889,0.9948,-0.1020,0.0000,0.1020,0.9948,0.0000,0.0000,0.0000,1.0000,0.2836,0.2073,0.2889
488,4,9.2874,-0.6465,0.5062,0.9948,-0.1020,0.0000,0.1020,0.9948,0.0000,0.0000,0.0000,1.0000,0.2820,0.2947,0.2062
488,5,9.4681,-0.5275,0.6614,0.9948,-0.1020,0.0000,0.1020,0.9948,0.0000,0.0000,0.0000,1.0000,0.1112,0.2100,0.3614
488,6,9.5626,-0.5176,0.4265,0.9948,-0.1020,0.0000,0.1020,0.9948,0.0000,0.0000,0.0000,1.0000,0.1972,0.1336,0.1265
488,7,9.6718,-0.5203,0.4491,0.9948,-0.1020,0.0000,0.1020,0.9948,0.0000,0.0000,0.0000,1.0000,0.1624,0.1625,0.0548
488,8,9.7034,-0.4802,0.4472,0.9948,-0.1020,0.0000,0.1020,0.9948,0.0000,0.0000,0.0000,1.0000,0.0831,0.2046,0.1050
488,9,9.7403,-0.4173,0.4544,0.9948,-0.1020,0.0000,0.1020,0.9948,0.0000,0.0000,0.0000,1.0000,0.0210,0.0279,0.0569
488,10,9.7779,-0.4814,0.4546,0.9948,-0.1020,0.0000,0.1020,0.9948,0.0000,0.0000,0.0000,1.0000,0.0210,0.0279,0.0569
489,0,9.1133,-0.3466,0.4400,0.9948,-0.1020,0.0000,0.1020,0.9948,0.0000,0.0000,0.0000,1.0000,0.2577,0.2263,0.1400
489,1,9.1217,-0.3445,0.6052,0.9948,-0.1020,0.0000,0.1020,0.9948,0.0000,0.0000,0.0000,1.0000,0.1100,0.2168,0.3052
489,2,9.1910,-0.4122,0.5173,0.9948,-0.1020,0.0000,0.1020,0.9948,0.0000,0.0000,0.0000,1.0000,0.1101,0.3070,0.2173
489,3,9.1953,-0.5903,0.5889,0.9948,-0.1020,0.0000,0.1020,0.9948,0.0000,0.0000,0.0000,1.0000,0.2836,0.2073,0.2889
489,4,9.3080,-0.6486,0.5062,0.9948,-0.1020,0.0000,0.1020,0.9948,0.0000,0.0000,0.0000,1.0000,0.2820,0.2947,0.2062
489,5,9.4887,-0.5296,0.6614,0.9948,-0.1020,0.0000,0.1020,0.9948,0.0000,0.0000,0.0000,1.0000,0.1112,0.2100,0.3614
489,6,9.5832,-0.5197,0.4265,0.9948,-0.1020,0.0000,0.1020,0.9948,0.0000,0.0000,0.0000,1.0000,0.1972,0.1336,0.1265
489,7,9.6924,-0.5225,0.4491,0.9948,-0.1020,0.0000,0.1020,0.9948,0.0000,0.0000,0.0000,1.0000,0.1624,0.1625,0.0548
489,8,9.7240,-0.4823,0.4472,0.9948,-0.1020,0.0000,0.1020,0.9948,0.0000,0.0000,0.0000,1.0000,0.0831,0.2046,0.1050
489,9,9.7609,-0.4194,0.4544,0.9948,-0.1020,0.0000,0.1020,0.9948,0.0000,0.0000,0.0000,1.0000,0.0210,0.0279,0.0569
489,10,9.7985,-0.4835,0.4546,0.9948,-0.1020,0.0000,0.1020,0.9948,0.0000,0.0000,0.0000,1.0000,0.0210,0.0279,0.0569
490,0,9.1331,-0.3486,0.4400,0.9948,-0.1020,0.0000,0.1020,0.9948,0.0000,0.0000,0.0000,1.0000,0.2577,0.2263,0.1400
490,1,9.1415,-0.3465,0.6052,0.9948,-0.1020,0.0000,0.1020,0.9948,0.0000,0.0000,0.0000,1.0000,0.1100,0.2168,0.3052
490,2,9.2108,-0.4143,0.5173,0.9948,-0.1020,0.0000,0.1020,0.9948,0.0000,0.0000,0.0000,1.0000,0.1101,0.3070,0.2173
490,3,9.2151,-0.5923,0.5889,0.9948,-0.1020,0.0000,0.1020,0.9948,0.0000,0.0000,0.0000,1.0000,0.2836,0.2073,0.2889
490,4,9.3278,-0.6506,0.5062,0.9948,-0.1020,0.0000,0.1020,0.9948,0.0000,0.0000,0.0000,1.0000,0.2820,0.2947,0.2062
490,5,9.5085,-0.5317,0.6614,0.9948,-0.1020,0.0000,0.1020,0.9948,0.0000,0.0000,0.0000,1.0000,0.1112,0.2100,0.3614
490,6,9.6030,-0.5217,0.4265,0.9948,-0.1020,0.0000,0.1020,0.9948,0.0000,0.0000,0.0000,1.0000,0.1972,0.1336,0.1265
490,7,9.7122,-0.5245,0.4491,0.9948,-0.1020,0.0000,0.1020,0.9948,0.0000,0.0000,0.0000,1.0000,0.1624,0.1625,0.0548
490,8,9.7439,-0.4843,0.4472,0.9948,-0.1020,0.0000,0.1020,0.9948,0.0000,0.0000,0.0000,1.0000,0.0831,0.2046,0.1050
490,9,9.7808,-0.4215,0.4544,0.9948,-0.1020,0.0000,0.1020,0.9948,0.0000,0.0000,0.0000,1.0000,0.0210,0.0279,0.0569
490,10,9.8183,-0.4855,0.4546,0.9948,-0.1020,0.0000,0.1020,0.9948,0.0000,0.0000,0.0000,1.0000,0.0210,0.0279,0.0569
491,0,9.1526,-0.3506,0.4400,0.9948,-0.1021,0.0000,0.1021,0.9948,0.0000,0.0000,0.0000,1.0000,0.2577,0.2263,0.1400
491,1,9.1609,-0.3485,0.6052,0.9948,-0.1021,0.0000,0.1021,0.9948,0.0000,0.0000,0.0000,1.0000,0.1100,0.2168,0.3052
491,2,9.2303,-0.4163,0.5173,0.9948,-0.1021,0.0000,0.1021,0.9948,0.0000,0.0000,0.0000,1.0000,0.1101,0.3070,0.2173
491,3,9.2345,-0.5943,0.5889,0.9948,-0.1021,0.0000,0.1021,0.9948,0.0000,0.0000,0.0000,1.0000,0.2836,0.2073,0.2889
491,4,9.3473,-0.6526,0.5062,0.9948,-0.1021,0.0000,0.1021,0.9948,0.0000,0.0000,0.0000,1.0000,0.2820,0.2947,0.2062
491,5,9.5280,-0.5337,0.6614,0.9948,-0.1021,0.0000,0.1021,0.9948,0.0000,0.0000,0.0000,1.0000,0.1112,0.2100,0.3614
491,6,9.6225,-0.5238,0.4265,0.9948,-0.1021,0.0000,0.1021,0.9948,0.0000,0.0000,0.0000,1.0000,0.1972,0.1336,0.1265
491,7,9.7317,-0.5265,0.4491,0.9948,-0.1021,0.0000,0.1021,0.9948,0.0000,0.0000,0.0000,1.0000,0.1624,0.1625,0.0548
491,8,9.7633,-0.4863,0.4472,0.9948,-0.1021,0.0000,0.1021,0.9948,0.0000,0.0000,0.0000,1.0000,0.0831,0.2046,0.1050
491,9,9.8002,-0.4235,0.4544,0.9948,-0.1021,0.0000,0.1021,0.9948,0.0000,0.0000,0.0000,1.0000,0.0210,0.0279,0.0569
491,10,9.8378,-0.4875,0.4546,0.9948,-0.1021,0.0000,0.1021,0.9948,0.0000,0.0000,0.0000,1.0000,0.0210,0.0279,0.0569
492,0,9.1718,-0.3526,0.4400,0.9948,-0.1021,0.0000,0.1021,0.9948,0.0000,0.0000,0.0000,1.0000,0.2577,0.2263,0.1400
492,1,9.1801,-0.3505,0.6052,0.9948,-0.1021,0.0000,0.1021,0.9948,0.0000,0.0000,0.0000,1.0000,0.1100,0.2168,0.3052
492,2,9.2495,-0.4182,0.5173,0.9948,-0.1021,0.0000,0.1021,0.9948,0.0000,0.0000,0.0000,1.0000,0.1101,0.3070,0.2173
492,3,9.2537,-0.5963,0.5889,0.9948,-0.1021,0.0000,0.1021,0.9948,0.0000,0.0000,0.0000,1.0000,0.2836,0.2073,0.2889
492,4,9.3664,-0.6546,0.5062,0.9948,-0.1021,0.0000,0.1021,0.9948,0.0000,0.0000,0.0000,1.0000,0.2820,0.2947,0.2062
492,5,9.5471,-0.5356,0.6614,0.9948,-0.1021,0.0000,0.1021,0.9948,0.0000,0.0000,0.0000,1.0000,0.1112,0.2100,0.3614
492,6,9.6416,-0.5257,0.4265,0.9948,-0.1021,0.0000,0.1021,0.9948,0.0000,0.0000,0.0000,1.0000,0.1972,0.1336,0.1265
492,7,9.7508,-0.5285,0.4491,0.9948,-0.1021,0.0000,0.1021,0.9948,0.0000,0.0000,0.0000,1.0000,0.1624,0.1625,0.0548
492,8,9.7825,-0.4883,0.4472,0.9948,-0.1021,0.0000,0.1021,0.9948,0.0000,0.0000,0.0000,1.0000,0.0831,0.2046,0.1050
492,9,9.8194,-0.4254,0.4544,0.9948,-0.1021,0.0000,0.1021,0.9948,0.0000,0.0000,0.0000,1.0000,0.0210,0.0279,0.0569
492,10,9.8570,-0.4895,0.4546,0.9948,-0.1021,0.0000,0.1021,0.9948,0.0000,0.0000,0.0000,1.0000,0.0210,0.0279,0.0569
493,0,9.1908,-0.3545,0.4400,0.9948,-0.1021,0.0000,0.1021,0.9948,0.0000,0.0000,0.0000,1.0000,0.2577,0.2263,0.1400
493,1,9.1991,-0.3525,0.6052,0.9948,-0.1021,0.0000,0.1021,0.9948,0.0000,0.0000,0.0000,1.0000,0.1100,0.2168,0.3052
493,2,9.2685,-0.4202,0.5173,0.9948,-0.1021,0.0000,0.1021,0.9948,0.0000,0.0000,0.0000,1.0000,0.1101,0.3070,0.2173
493,3,9.2727,-0.5982,0.5889,0.9948,-0.1021,0.0000,0.1021,0.9948,0.0000,0.0000,0.0000,1.0000,0.2836,0.2073,0.2889
493,4,9.3855,-0.6566,0.5062,0.9948,-0.1021,0.0000,0.1021,0.9948,0.0000,0.0000,0.0000,1.0000,0.2820,0.2947,0.2062
493,5,9.5662,-0.5376,0.6614,0.9948,-0.1021,0.0000,0.1021,0.9948,0.0000,0.0000,0.0000,1.0000,0.1112,0.2100,0.3614
493,6,9.6607,-0.5277,0.4265,0.9948,-0.1021,0.0000,0.1021,0.9948,0.0000,0.0000,0.0000,1.0000,0.1972,0.1336,0.1265
493,7,9.7699,-0.5304,0.4491,0.9948,-0.1021,0.0000,0.1021,0.9948,0.0000,0.0000,0.0000,1.0000,0.1624,0.1625,0.0548
493,8,9.8015,-0.4903,0.4472,0.9948,-0.1021,0.0000,0.1021,0.9948,0.0000,0.0000,0.0000,1.0000,0.0831,0.2046,0.1050
493,9,9.8384,-0.4274,0.4544,0.9948,-0.1021,0.0000,0.1021,0.9948,0.0000,0.0000,0.0000,1.0000,0.0210,0.0279,0.0569
493,10,9.8760,-0.4915,0.4546,0.9948,-0.1021,0.0000,0.1021,0.9948,0.0000,0.0000,0.0000,1.0000,0.0210,0.0279,0.0569
494,0,9.2097,-0.3565,0.4400,0.9948,-0.1021,0.0000,0.1021,0.9948,0.0000,0.0000,0.0000,1.0000,0.2577,0.2263,0.1400
494,1,9.2181,-0.3544,0.6052,0.9948,-0.1021,0.0000,0.1021,0.9948,0.0000,0.0000,0.0000,1.0000,0.1100,0.2168,0.3052
494,2,9.2874,-0.4221,0.5173,0.9948,-0.1021,0.0000,0.1021,0.9948,0.0000,0.0000,0.0000,1.0000,0.1101,0.3070,0.2173
494,3,9.2917,-0.6002,0.5889,0.9948,-0.1021,0.0000,0.1021,0.9948,0.0000,0.0000,0.0000,1.0000,0.2836,0.2073,0.2889
494,4,9.4044,-0.6585,0.5062,0.9948,-0.1021,0.0000,0.1021,0.9948,0.0000,0.0000,0.0000,1.0000,0.2820,0.2947,0.2062
494,5,9.5851,-0.5395,0.6614,0.9948,-0.1021,0.0000,0.1021,0.9948,0.0000,0.0000,0.0000,1.0000,0.1112,0.2100,0.3614
494,6,9.6796,-0.5296,0.4265,0.9948,-0.1021,0.0000,0.1021,0.9948,0.0000,0.0000,0.0000,1.0000,0.1972,0.1336,0.1265
494,7,9.7888,-0.5324,0.4491,0.9948,-0.1021,0.0000,0.1021,0.9948,0.0000,0.0000,0.0000,1.0000,0.1624,0.1625,0.0548
494,8,9.8205,-0.4922,0.4472,0.9948,-0.1021,0.0000,0.1021,0.9948,0.0000,0.0000,0.0000,1.0000,0.0831,0.2046,0.1050
494,9,9.8574,-0.4293,0.4544,0.9948,-0.1021,0.0000,0.1021,0.9948,0.0000,0.0000,0.0000,1.0000,0.0210,0.0279,0.0569
494,10,9.8949,-0.4934,0.4546,0.9948,-0.1021,0.0000,0.1021,0.9948,0.0000,0.0000,0.0000,1.0000,0.0210,0.0279,0.0569
495,0,9.2286,-0.3584,0.4400,0.9948,-0.1020,0.0000,0.1020,0.9948,0.0000,0.0000,0.0000,1.0000,0.2577,0.2263,0.1400
495,1,9.2370,-0.3563,0.6052,0.9948,-0.1020,0.0000,0.1020,0.9948,0.0000,0.0000,0.0000,1.0000,0.1100,0.2168,0.3052
495,2,9.3063,-0.4241,0.5173,0.9948,-0.1020,0.0000,0.1020,0.9948,0.0000,0.0000,0.0000,1.0000,0.1101,0.3070,0.2173
495,3,9.3106,-0.6021,0.5889,0.9948,-0.1020,0.0000,0.1020,0.9948,0.0000,0.0000,0.0000,1.0000,0.2836,0.2073,0.2889
495,4,9.4233,-0.6604,0.5062,0.9948,-0.1020,0.0000,0.1020,0.9948,0.0000,0.0000,0.0000,1.0000,0.2820,0.2947,0.2062
495,5,9.6040,-0.5415,0.6614,0.9948,-0.1020,0.0000,0.1020,0.9948,0.0000,0.0000,0.0000,1.0000,0.1112,0.2100,0.3614
495,6,9.6985,-0.5315,0.4265,0.9948,-0.1020,0.0000,0.1020,0.9948,0.0000,0.0000,0.0000,1.0000,0.1972,0.1336,0.1265
495,7,9.8077,-0.5343,0.4491,0.9948,-0.1020,0.0000,0.1020,0.9948,0.0000,0.0000,0.0000,1.0000,0.1624,0.1625,0.0548
495,8,9.8393,-0.4941,0.4472,0.9948,-0.1020,0.0000,0.1020,0.9948,0.0000,0.0000,0.0000,1.0000,0.0831,0.2046,0.1050
495,9,9.8762,-0.4313,0.4544,0.9948,-0.1020,0.0000,0.1020,0.9948,0.0000,0.0000,0.0000,1.0000,0.0210,0.0279,0.0569
495,10,9.9138,-0.4953,0.4546,0.9948,-0.1020,0.0000,0.1020,0.9948,0.0000,0.0000,0.0000,1.0000,0.0210,0.0279,0.0569
496,0,9.2474,-0.3603,0.4400,0.9948,-0.1020,0.0000,0.1020,0.9948,0.0000,0.0000,0.0000,1.0000,0.2577,0.2263,0.1400
496,1,9.2558,-0.3583,0.6052,0.9948,-0.1020,0.0000,0.1020,0.9948,0.0000,0.0000,0.0000,1.0000,0.1100,0.2168,0.3052
496,2,9.3251,-0.4260,0.5173,0.9948,-0.1020,0.0000,0.1020,0.9948,0.0000,0.0000,0.0000,1.0000,0.1101,0.3070,0.2173
496,3,9.3294,-0.6041,0.5889,0.9948,-0.1020,0.0000,0.1020,0.9948,0.0000,0.0000,0.0000,1.0000,0.2836,0.2073,0.2889
496,4,9.4421,-0.6624,0.5062,0.9948,-0.1020,0.0000,0.1020,0.9948,0.0000,0.0000,0.0000,1.0000,0.2820,0.2947,0.2062
496,5,9.6228,-0.5434,0.6614,0.9948,-0.1020,0.0000,0.1020,0.9948,0.0000,0.0000,0.0000,1.0000,0.1112,0.2100,0.3614
496,6,9.7173,-0.5335,0.4265,0.9948,-0.1020,0.0000,0.1020,0.9948,0.0000,0.0000,0.0000,1.0000,0.1972,0.1336,0.1265
496,7,9.8265,-0.5362,0.4491,0.9948,-0.1020,0.0000,0.1020,0.9948,0.0000,0.0000,0.0000,1.0000,0.1624,0.1625,0.0548
496,8,9.8582,-0.4960,0.4472,0.9948,-0.1020,0.0000,0.1020,0.9948,0.0000,0.0000,0.0000,1.0000,0.0831,0.2046,0.1050
496,9,9.8951,-0.4332,0.4544,0.9948,-0.1020,0.0000,0.1020,0.9948,0.0000,0.0000,0.0000,1.0000,0.0210,0.0279,0.0569
496,10,9.9326,-0.4972,0.4546,0.9948,-0.1020,0.0000,0.1020,0.9948,0.0000,0.0000,0.0000,1.0000,0.0210,0.0279,0.0569
497,0,9.2662,-0.3623,0.4400,0.9948,-0.1020,0.0000,0.1020,0.9948,0.0000,0.0000,0.0000,1.0000,0.2577,0.2263,0.1400
497,1,9.2746,-0.3602,0.6052,0.9948,-0.1020,0.0000,0.1020,0.9948,0.0000,0.0000,0.0000,1.0000,0.1100,0.2168,0.3052
497,2,9.3439,-0.4279,0.5173,0.9948,-0.1020,0.0000,0.1020,0.9948,0.0000,0.0000,0.0000,1.0000,0.1101,0.3070,0.2173
497,3,9.3482,-0.6060,0.5889,0.9948,-0.1020,0.0000,0.1020,0.9948,0.0000,0.0000,0.0000,1.0000,0.2836,0.2073,0.2889
497,4,9.4609,-0.6643,0.5062,0.9948,-0.1020,0.0000,0.1020,0.9948,0.0000,0.0000,0.0000,1.0000,0.2820,0.2947,0.2062
497,5,9.6416,-0.5453,0.6614,0.9948,-0.1020,0.0000,0.1020,0.9948,0.0000,0.0000,0.0000,1.0000,0.1112,0.2100,0.3614
497,6,9.7361,-0.5354,0.4265,0.9948,-0.1020,0.0000,0.1020,0.9948,0.0000,0.0000,0.0000,1.0000,0.1972,0.1336,0.1265
497,7,9.8453,-0.5381,0.4491,0.9948,-0.1020,0.0000,0.1020,0.9948,0.0000,0.0000,0.0000,1.0000,0.1624,0.1625,0.0548
497,8,9.8770,-0.4980,0.4472,0.9948,-0.1020,0.0000,0.1020,0.9948,0.0000,0.0000,0.0000,1.0000,0.0831,0.2046,0.1050
497,9,9.9139,-0.4351,0.4544,0.9948,-0.1020,0.0000,0.1020,0.9948,0.0000,0.0000,0.0000,1.0000,0.0210,0.0279,0.0569
497,10,9.9514,-0.4992,0.4546,0.9948,-0.1020,0.0000,0.1020,0.9948,0.0000,0.0000,0.0000,1.0000,0.0210,0.0279,0.0569
498,0,9.2851,-0.3642,0.4400,0.9948,-0.1020,0.0000,0.1020,0.9948,0.0000,0.0000,0.0000,1.0000,0.2577,0.2263,0.1400
498,1,9.2934,-0.3621,0.6052,0.9948,-0.1020,0.0000,0.1020,0.9948,0.0000,0.0000,0.0000,1.0000,0.1100,0.2168,0.3052
498,2,9.3628,-0.4299,0.5173,0.9948,-0.1020,0.0000,0.1020,0.9948,0.0000,0.0000,0.0000,1.0000,0.1101,0.3070,0.2173
498,3,9.3670,-0.6079,0.5889,0.9948,-0.1020,0.0000,0.1020,0.9948,0.0000,0.0000,0.0000,1.0000,0.2836,0.2073,0.2889
498,4,9.4798,-0.6662,0.5062,0.9948,-0.1020,0.0000,0.1020,0.9948,0.0000,0.0000,0.0000,1.0000,0.2820,0.2947,0.2062
498,5,9.6605,-0.5472,0.6614,0.9948,-0.1020,0.0000,0.1020,0.9948,0.0000,0.0000,0.0000,1.0000,0.1112,0.2100,0.3614
498,6,9.7550,-0.5373,0.4265,0.9948,-0.1020,0.0000,0.1020,0.9948,0.0000,0.0000,0.0000,1.0000,0.1972,0.1336,0.1265
498,7,9.8641,-0.5401,0.4491,0.9948,-0.1020,0.0000,0.1020,0.9948,0.0000,0.0000,0.0000,1.0000,0.1624,0.1625,0.0548
498,8,9.8958,-0.4999,0.4472,0.9948,-0.1020,0.0000,0.1020,0.9948,0.0000,0.0000,0.0000,1.0000,0.0831,0.2046,0.1050
498,9,9.9327,-0.4370,0.4544,0.9948,-0.1020,0.0000,0.1020,0.9948,0.0000,0.0000,0.0000,1.0000,0.0210,0.0279,0.0569
498,10,9.9703,-0.5011,0.4546,0.9948,-0.1020,0.0000,0.1020,0.9948,0.0000,0.0000,0.0000,1.0000,0.0210,0.0279,0.0569
499,0,9.3040,-0.3661,0.4400,0.9948,-0.1020,0.0000,0.1020,0.9948,0.0000,0.0000,0.0000,1.0000,0.2577,0.2263,0.1400
499,1,9.3124,-0.3641,0.6052,0.9948,-0.1020,0.0000,0.1020,0.9948,0.0000,0.0000,0.0000,1.0000,0.1100,0.2168,0.3052
499,2,9.3817,-0.4318,0.5173,0.9948,-0.1020,0.0000,0.1020,0.9948,0.0000,0.0000,0.0000,1.0000,0.1101,0.3070,0.2173
499,3,9.3860,-0.6099,0.5889,0.9948,-0.1020,0.0000,0.1020,0.9948,0.0000,0.0000,0.0000,1.0000,0.2836,0.2073,0.2889
499,4,9.4987,-0.6682,0.5062,0.9948,-0.1020,0.0000,0.1020,0.9948,0.0000,0.0000,0.0000,1.0000,0.2820,0.2947,0.2062
499,5,9.6794,-0.5492,0.6614,0.9948,-0.1020,0.0000,0.1020,0.9948,0.0000,0.0000,0.0000,1.0000,0.1112,0.2100,0.3614
499,6,9.7739,-0.5392,0.4265,0.9948,-0.1020,0.0000,0.1020,0.9948,0.0000,0.0000,0.0000,1.0000,0.1972,0.1336,0.1265
499,7,9.8831,-0.5420,0.4491,0.9948,-0.1020,0.0000,0.1020,0.9948,0.0000,0.0000,0.0000,1.0000,0.1624,0.1625,0.0548
499,8,9.9148,-0.5018,0.4472,0.9948,-0.1020,0.0000,0.1020,0.9948,0.0000,0.0000,0.0000,1.0000,0.0831,0.2046,0.1050
499,9,9.9517,-0.4389,0.4544,0.9948,-0.1020,0.0000,0.1020,0.9948,0.0000,0.0000,0.0000,1.0000,0.0210,0.0279,0.0569
499,10,9.9892,-0.5030,0.4546,0.9948,-0.1020,0.0000,0.1020,0.9948,0.0000,0.0000,0.0000,1.0000,0.0210,0.0279,0.0569
500,0,9.3230,-0.3681,0.4400,0.9948,-0.1020,0.0000,0.1020,0.9948,0.0000,0.0000,0.0000,1.0000,0.2577,0.2263,0.1400
500,1,9.3314,-0.3660,0.6052,0.9948,-0.1020,0.0000,0.1020,0.9948,0.0000,0.0000,0.0000,1.0000,0.1100,0.2168,0.3052
500,2,9.4007,-0.4337,0.5173,0.9948,-0.1020,0.0000,0.1020,0.9948,0.0000,0.0000,0.0000,1.0000,0.1101,0.3070,0.2173
500,3,9.4050,-0.6118,0.5889,0.9948,-0.1020,0.0000,0.1020,0.9948,0.0000,0.0000,0.0000,1.0000,0.2836,0.2073,0.2889
500,4,9.5177,-0.6701,0.5062,0.9948,-0.1020,0.0000,0.1020,0.9948,0.0000,0.0000,0.0000,1.0000,0.2820,0.2947,0.2062
500,5,9.6984,-0.5511,0.6614,0.9948,-0.1020,0.0000,0.1020,0.9948,0.0000,0.0000,0.0000,1.0000,0.1112,0.2100,0.3614
500,6,9.7929,-0.5412,0.4265,0.9948,-0.1020,0.0000,0.1020,0.9948,0.0000,0.0000,0.0000,1.0000,0.1972,0.1336,0.1265
500,7,9.9021,-0.5439,0.4491,0.9948,-0.1020,0.0000,0.1020,0.9948,0.0000,0.0000,0.0000,1.0000,0.1624,0.1625,0.0548
500,8,9.9338,-0.5038,0.4472,0.9948,-0.1020,0.0000,0.1020,0.9948,0.0000,0.0000,0.0000,1.0000,0.0831,0.2046,0.1050
500,9,9.9707,-0.4409,0.4544,0.9948,-0.1020,0.0000,0.1020,0.9948,0.0000,0.0000,0.0000,1.0000,0.0210,0.0279,0.0569
500,10,10.0082,-0.5049,0.4546,0.9948,-0.1020,0.0000,0.1020,0.9948,0.0000,0.0000,0.0000,1.0000,0.0210,0.0279,0.0569
501,0,9.3421,-0.3700,0.4400,0.9948,-0.1019,0.0000,0.1019,0.9948,0.0000,0.0000,0.0000,1.0000,0.2577,0.2263,0.1400
501,1,9.3504,-0.3680,0.6052,0.9948,-0.1019,0.0000,0.1019,0.9948,0.0000,0.0000,0.0000,1.0000,0.1100,0.2168,0.3052
501,2,9.4198,-0.4357,0.5173,0.9948,-0.1019,0.0000,0.1019,0.9948,0.0000,0.0000,0.0000,1.0000,0.1101,0.3070,0.2173
501,3,9.4241,-0.6138,0.5889,0.9948,-0.1019,0.0000,0.1019,0.9948,0.0000,0.0000,0.0000,1.0000,0.2836,0.2073,0.2889
501,4,9.5368,-0.6721,0.5062,0.9948,-0.1019,0.0000,0.1019,0.9948,0.0000,0.0000,0.0000,1.0000,0.2820,0.2947,0.2062
501,5,9.7175,-0.5531,0.6614,0.9948,-0.1019,0.0000,0.1019,0.9948,0.0000,0.0000,0.0000,1.0000,0.1112,0.2100,0.3614
501,6,9.8120,-0.5431,0.4265,0.9948,-0.1019,0.0000,0.1019,0.9948,0.0000,0.0000,0.0000,1.0000,0.1972,0.1336,0.1265
501,7,9.9212,-0.5459,0.4491,0.9948,-0.1019,0.0000,0.1019,0.9948,0.0000,0.0000,0.0000,1.0000,0.1624,0.1625,0.0548
501,8,9.9528,-0.5057,0.4472,0.9948,-0.1019,0.0000,0.1019,0.9948,0.0000,0.0000,0.0000,1.0000,0.0831,0.2046,0.1050
501,9,9.9897,-0.4428,0.4544,0.9948,-0.1019,0.0000,0.1019,0.9948,0.0000,0.0000,0.0000,1.0000,0.0210,0.0279,0.0569
501,10,10.0273,-0.5069,0.4546,0.9948,-0.1019,0.0000,0.1019,0.9948,0.0000,0.0000,0.0000,1.0000,0.0210,0.0279,0.0569
502,0,9.3612,-0.3720,0.4400,0.9948,-0.1019,0.0000,0.1019,0.9948,0.0000,0.0000,0.0000,1.0000,0.2577,0.2263,0.1400
502,1,9.3696,-0.3699,0.6052,0.9948,-0.1019,0.0000,0.1019,0.9948,0.0000,0.0000,0.0000,1.0000,0.1100,0.2168,0.3052
502,2,9.4389,-0.4377,0.5173,0.9948,-0.1019,0.0000,0.1019,0.9948,0.0000,0.0000,0.0000,1.0000,0.1101,0.3070,0.2173
502,3,9.4432,-0.6157,0.5889,0.9948,-0.1019,0.0000,0.1019,0.9948,0.0000,0.0000,0.0000,1.0000,0.2836,0.2073,0.2889
502,4,9.5559,-0.6740,0.5062,0.9948,-0.1019,0.0000,0.1019,0.9948,0.0000,0.0000,0.0000,1.0000,0.2820,0.2947,0.2062
502,5,9.7366,-0.5550,0.6614,0.9948,-0.1019,0.0000,0.1019,0.9948,0.0000,0.0000,0.0000,1.0000,0.1112,0.2100,0.3614
502,6,9.8311,-0.5451,0.4265,0.9948,-0.1019,0.0000,0.1019,0.9948,0.0000,0.0000,0.0000,1.0000,0.1972,0.1336,0.1265
502,7,9.9403,-0.5478,0.4491,0.9948,-0.1019,0.0000,0.1019,0.9948,0.0000,0.0000,0.0000,1.0000,0.1624,0.1625,0.0548
502,8,9.9720,-0.5077,0.4472,0.9948,-0.1019,0.0000,0.1019,0.9948,0.0000,0.0000,0.0000,1.0000,0.0831,0.2046,0.1050
502,9,10.0089,-0.4448,0.4544,0.9948,-0.1019,0.0000,0.1019,0.9948,0.0000,0.0000,0.0000,1.0000,0.0210,0.0279,0.0569
502,10,10.0464,-0.5088,0.4546,0.9948,-0.1019,0.0000,0.1019,0.9948,0.0000,0.0000,0.0000,1.0000,0.0210,0.0279,0.0569
503,0,9.3804,-0.3740,0.4400,0.9948,-0.1019,0.0000,0.1019,0.9948,0.0000,0.0000,0.0000,1.0000,0.2577,0.2263,0.1400
503,1,9.3888,-0.3719,0.6052,0.9948,-0.1019,0.0000,0.1019,0.9948,0.0000,0.0000,0.0000,1.0000,0.1100,0.2168,0.3052
503,2,9.4581,-0.4396,0.5173,0.9948,-0.1019,0.0000,0.1019,0.9948,0.0000,0.0000,0.0000,1.0000,0.1101,0.3070,0.2173
503,3,9.4624,-0.6177,0.5889,0.9948,-0.1019,0.0000,0.1019,0.9948,0.0000,0.0000,0.0000,1.0000,0.2836,0.2073,0.2889
503,4,9.5752,-0.6760,0.5062,0.9948,-0.1019,0.0000,0.1019,0.9948,0.0000,0.0000,0.0000,1.0000,0.2820,0.2947,0.2062
503,5,9.7558,-0.5570,0.6614,0.9948,-0.1019,0.0000,0.1019,0.9948,0.0000,0.0000,0.0000,1.0000,0.1112,0.2100,0.3614
503,6,9.8503,-0.5471,0.4265,0.9948,-0.1019,0.0000,0.1019,0.9948,0.0000,0.0000,0.0000,1.0000,0.1972,0.1336,0.1265
503,7,9.9595,-0.5498,0.4491,0.9948,-0.1019,0.0000,0.1019,0.9948,0.0000,0.0000,0.0000,1.0000,0.1624,0.1625,0.0548
503,8,9.9912,-0.5096,0.4472,0.9948,-0.1019,0.0000,0.1019,0.9948,0.0000,0.0000,0.0000,1.0000,0.0831,0.2046,0.1050
503,9,10.0281,-0.4467,0.4544,0.9948,-0.1019,0.0000,0.1019,0.9948,0.0000,0.0000,0.0000,1.0000,0.0210,0.0279,0.0569
503,10,10.0657,-0.5108,0.4546,0.9948,-0.1019,0.0000,0.1019,0.9948,0.0000,0.0000,0.0000,1.0000,0.0210,0.0279,0.0569
504,0,9.3997,-0.3759,0.4400,0.9948,-0.1019,0.0000,0.1019,0.9948,0.0000,0.0000,0.0000,1.0000,0.2577,0.2263,0.1400
504,1,9.4080,-0.3739,0.6052,0.9948,-0.1019,0.0000,0.1019,0.9948,0.0000,0.0000,0.0000,1.0000,0.1100,0.2168,0.3052
504,2,9.4774,-0.4416,0.5173,0.9948,-0.1019,0.0000,0.1019,0.9948,0.0000,0.0000,0.0000,1.0000,0.1101,0.3070,0.2173
504,3,9.4817,-0.6197,0.5889,0.9948,-0.1019,0.0000,0.1019,0.9948,0.0000,0.0000,0.0000,1.0000,0.2836,0.2073,0.2889
504,4,9.5944,-0.6779,0.5062,0.9948,-0.1019,0.0000,0.1019,0.9948,0.0000,0.0000,0.0000,1.0000,0.2820,0.2947,0.2062
504,5,9.7751,-0.5589,0.6614,0.9948,-0.1019,0.0000,0.1019,0.9948,0.0000,0.0000,0.0000,1.0000,0.1112,0.2100,0.3614
504,6,9.8696,-0.5490,0.4265,0.9948,-0.1019,0.0000,0.1019,0.9948,0.0000,0.0000,0.0000,1.0000,0.1972,0.1336,0.1265
504,7,9.9788,-0.5518,0.4491,0.9948,-0.1019,0.0000,0.1019,0.9948,0.0000,0.0000,0.0000,1.0000,0.1624,0.1625,0.0548
504,8,10.0104,-0.5116,0.4472,0.9948,-0.1019,0.0000,0.1019,0.9948,0.0000,0.0000,0.0000,1.0000,0.0831,0.2046,0.1050
504,9,10.0473,-0.4487,0.4544,0.9948,-0.1019,0.0000,0.1019,0.9948,0.0000,0.0000,0.0000,1.0000,0.0210,0.0279,0.0569
504,10,10.0849,-0.5128,0.4546,0.9948,-0.1019,0.0000,0.1019,0.9948,0.0000,0.0000,0.0000,1.0000,0.0210,0.0279,0.0569
505,0,9.4189,-0.3779,0.4400,0.9948,-0.1019,0.0000,0.1019,0.9948,0.0000,0.0000,0.0000,1.0000,0.2577,0.2263,0.1400
505,1,9.4272,-0.3758,0.6052,0.9948,-0.1019,0.0000,0.1019,0.9948,0.0000,0.0000,0.0000,1.0000,0.1100,0.2168,0.3052
505,2,9.4966,-0.4436,0.5173,0.9948,-0.1019,0.0000,0.1019,0.9948,0.0000,0.0000,0.0000,1.0000,0.1101,0.3070,0.2173
505,3,9.5009,-0.6216,0.5889,0.9948,-0.1019,0.0000,0.1019,0.9948,0.0000,0.0000,0.0000,1.0000,0.2836,0.2073,0.2889
505,4,9.6136,-0.6799,0.5062,0.9948,-0.1019,0.0000,0.1019,0.9948,0.0000,0.0000,0.0000,1.0000,0.2820,0.2947,0.2062
505,5,9.7943,-0.5609,0.6614,0.9948,-0.1019,0.0000,0.1019,0.9948,0.0000,0.0000,0.0000,1.0000,0.1112,0.2100,0.3614
505,6,9.8888,-0.5510,0.4265,0.9948,-0.1019,0.0000,0.1019,0.9948,0.0000,0.0000,0.0000,1.0000,0.1972,0.1336,0.1265
505,7,9.9980,-0.5537,0.4491,0.9948,-0.1019,0.0000,0.1019,0.9948,0.0000,0.0000,0.0000,1.0000,0.1624,0.1625,0.0548
505,8,10.0297,-0.5135,0.4472,0.9948,-0.1019,0.0000,0.1019,0.9948,0.0000,0.0000,0.0000,1.0000,0.0831,0.2046,0.1050
505,9,10.0666,-0.4507,0.4544,0.9948,-0.1019,0.0000,0.1019,0.9948,0.0000,0.0000,0.0000,1.0000,0.0210,0.0279,0.0569
505,10,10.1041,-0.5147,0.4546,0.9948,-0.1019,0.0000,0.1019,0.9948,0.0000,0.0000,0.0000,1.0000,0.0210,0.0279,0.0569
506,0,9.4382,-0.3799,0.4400,0.9948,-0.1019,0.0000,0.1019,0.9948,0.0000,0.0000,0.0000,1.0000,0.2577,0.2263,0.1400
506,1,9.4465,-0.3778,0.6052,0.9948,-0.1019,0.0000,0.1019,0.9948,0.0000,0.0000,0.0000,1.0000,0.1100,0.2168,0.3052
506,2,9.5159,-0.4455,0.5173,0.9948,-0.1019,0.0000,0.1019,0.9948,0.0000,0.0000,0.0000,1.0000,0.1101,0.3070,0.2173
506,3,9.5202,-0.6236,0.5889,0.9948,-0.1019,0.0000,0.1019,0.9948,0.0000,0.0000,0.0000,1.0000,0.2836,0.2073,0.2889
506,4,9.6329,-0.6819,0.5062,0.9948,-0.1019,0.0000,0.1019,0.9948,0.0000,0.0000,0.0000,1.0000,0.2820,0.2947,0.2062
506,5,9.8136,-0.5629,0.6614,0.9948,-0.1019,0.0000,0.1019,0.9948,0.0000,0.0000,0.0000,1.0000,0.1112,0.2100,0.3614
506,6,9.9081,-0.5529,0.4265,0.9948,-0.1019,0.0000,0.1019,0.9948,0.0000,0.0000,0.0000,1.0000,0.1972,0.1336,0.1265
506,7,10.0173,-0.5557,0.4491,0.9948,-0.1019,0.0000,0.1019,0.9948,0.0000,0.0000,0.0000,1.0000,0.1624,0.1625,0.0548
506,8,10.0489,-0.5155,0.4472,0.9948,-0.1019,0.0000,0.1019,0.9948,0.0000,0.0000,0.0000,1.0000,0.0831,0.2046,0.1050
506,9,10.0858,-0.4526,0.4544,0.9948,-0.1019,0.0000,0.1019,0.9948,0.0000,0.0000,0.0000,1.0000,0.0210,0.0279,0.0569
506,10,10.1234,-0.5167,0.4546,0.9948,-0.1019,0.0000,0.1019,0.9948,0.0000,0.0000,0.0000,1.0000,0.0210,0.0279,0.0569
507,0,9.4575,-0.3819,0.4400,0.9948,-0.1018,0.0000,0.1018,0.9948,0.0000,0.0000,0.0000,1.0000,0.2577,0.2263,0.1400
507,1,9.4659,-0.3798,0.6052,0.9948,-0.1018,0.0000,0.1018,0.9948,0.0000,0.0000,0.0000,1.0000,0.1100,0.2168,0.3052
507,2,9.5352,-0.4475,0.5173,0.9948,-0.1018,0.0000,0.1018,0.9948,0.0000,0.0000,0.0000,1.0000,0.1101,0.3070,0.2173
507,3,9.5395,-0.6256,0.5889,0.9948,-0.1018,0.0000,0.1018,0.9948,0.0000,0.0000,0.0000,1.0000,0.2836,0.2073,0.2889
507,4,9.6523,-0.6839,0.5062,0.9948,-0.1018,0.0000,0.1018,0.9948,0.0000,0.0000,0.0000,1.0000,0.2820,0.2947,0.2062
507,5,9.8329,-0.5648,0.6614,0.9948,-0.1018,0.0000,0.1018,0.9948,0.0000,0.0000,0.0000,1.0000,0.1112,0.2100,0.3614
507,6,9.9274,-0.5549,0.4265,0.9948,-0.1018,0.0000,0.1018,0.9948,0.0000,0.0000,0.0000,1.0000,0.1972,0.1336,0.1265
507,7,10.0366,-0.5576,0.4491,0.9948,-0.1018,0.0000,0.1018,0.9948,0.0000,0.0000,0.0000,1.0000,0.1624,0.1625,0.0548
507,8,10.0683,-0.5175,0.4472,0.9948,-0.1018,0.0000,0.1018,0.9948,0.0000,0.0000,0.0000,1.0000,0.0831,0.2046,0.1050
507,9,10.1052,-0.4546,0.4544,0.9948,-0.1018,0.0000,0.1018,0.9948,0.0000,0.0000,0.0000,1.0000,0.0210,0.0279,0.0569
507,10,10.1427,-0.5186,0.4546,0.9948,-0.1018,0.0000,0.1018,0.9948,0.0000,0.0000,0.0000,1.0000,0.0210,0.0279,0.0569
508,0,9.4768,-0.3838,0.4400,0.9948,-0.1018,0.0000,0.1018,0.9948,0.0000,0.0000,0.0000,1.0000,0.2577,0.2263,0.1400
508,1,9.4852,-0.3818,0.6052,0.9948,-0.1018,0.0000,0.1018,0.9948,0.0000,0.0000,0.0000,1.0000,0.1100,0.2168,0.3052
508,2,9.5545,-0.4495,0.5173,0.9948,-0.1018,0.0000,0.1018,0.9948,0.0000,0.0000,0.0000,1.0000,0.1101,0.3070,0.2173
508,3,9.5588,-0.6276,0.5889,0.9948,-0.1018,0.0000,0.1018,0.9948,0.0000,0.0000,0.0000,1.0000,0.2836,0.2073,0.2889
508,4,9.6716,-0.6858,0.5062,0.9948,-0.1018,0.0000,0.1018,0.9948,0.0000,0.0000,0.0000,1.0000,0.2820,0.2947,0.2062
508,5,9.8523,-0.5668,0.6614,0.9948,-0.1018,0.0000,0.1018,0.9948,0.0000,0.0000,0.0000,1.0000,0.1112,0.2100,0.3614
508,6,9.9468,-0.5569,0.4265,0.9948,-0.1018,0.0000,0.1018,0.9948,0.0000,0.0000,0.0000,1.0000,0.1972,0.1336,0.1265
508,7,10.0559,-0.5596,0.4491,0.9948,-0.1018,0.0000,0.1018,0.9948,0.0000,0.0000,0.0000,1.0000,0.1624,0.1625,0.0548
508,8,10.0876,-0.5194,0.4472,0.9948,-0.1018,0.0000,0.1018,0.9948,0.0000,0.0000,0.0000,1.0000,0.0831,0.2046,0.1050
508,9,10.1245,-0.4565,0.4544,0.9948,-0.1018,0.0000,0.1018,0.9948,0.0000,0.0000,0.0000,1.0000,0.0210,0.0279,0.0569
508,10,10.1621,-0.5206,0.4546,0.9948,-0.1018,0.0000,0.1018,0.9948,0.0000,0.0000,0.0000,1.0000,0.0210,0.0279,0.0569
509,0,9.4961,-0.3858,0.4400,0.9948,-0.1018,0.0000,0.1018,0.9948,0.0000,0.0000,0.0000,1.0000,0.2577,0.2263,0.1400
509,1,9.5045,-0.3838,0.6052,0.9948,-0.1018,0.0000,0.1018,0.9948,0.0000,0.0000,0.0000,1.0000,0.1100,0.2168,0.3052
509,2,9.5738,-0.4515,0.5173,0.9948,-0.1018,0.0000,0.1018,0.9948,0.0000,0.0000,0.0000,1.0000,0.1101,0.3070,0.2173
509,3,9.5781,-0.6295,0.5889,0.9948,-0.1018,0.0000,0.1018,0.9948,0.0000,0.0000,0.0000,1.0000,0.2836,0.2073,0.2889
509,4,9.6909,-0.6878,0.5062,0.9948,-0.1018,0.0000,0.1018,0.9948,0.0000,0.0000,0.0000,1.0000,0.2820,0.2947,0.2062
509,5,9.8716,-0.5688,0.6614,0.9948,-0.1018,0.0000,0.1018,0.9948,0.0000,0.0000,0.0000,1.0000,0.1112,0.2100,0.3614
509,6,9.9661,-0.5588,0.4265,0.9948,-0.1018,0.0000,0.1018,0.9948,0.0000,0.0000,0.0000,1.0000,0.1972,0.1336,0.1265
509,7,10.0752,-0.5616,0.4491,0.9948,-0.1018,0.0000,0.1018,0.9948,0.0000,0.0000,0.0000,1.0000,0.1624,0.1625,0.0548
509,8,10.1069,-0.5214,0.4472,0.9948,-0.1018,0.0000,0.1018,0.9948,0.0000,0.0000,0.0000,1.0000,0.0831,0.2046,0.1050
509,9,10.1438,-0.4585,0.4544,0.9948,-0.1018,0.0000,0.1018,0.9948,0.0000,0.0000,0.0000,1.0000,0.0210,0.0279,0.0569
509,10,10.1814,-0.5226,0.4546,0.9948,-0.1018,0.0000,0.1018,0.9948,0.0000,0.0000,0.0000,1.0000,0.0210,0.0279,0.0569
510,0,9.5155,-0.3878,0.4400,0.9948,-0.1018,0.0000,0.1018,0.9948,0.0000,0.0000,0.0000,1.0000,0.2577,0.2263,0.1400
510,1,9.5239,-0.3857,0.6052,0.9948,-0.1018,0.0000,0.1018,0.9948,0.0000,0.0000,0.0000,1.0000,0.1100,0.2168,0.3052
510,2,9.5932,-0.4534,0.5173,0.9948,-0.1018,0.0000,0.1018,0.9948,0.0000,0.0000,0.0000,1.0000,0.1101,0.3070,0.2173
510,3,9.5975,-0.6315,0.5889,0.9948,-0.1018,0.0000,0.1018,0.9948,0.0000,0.0000,0.0000,1.0000,0.2836,0.2073,0.2889
510,4,9.7103,-0.6898,0.5062,0.9948,-0.1018,0.0000,0.1018,0.9948,0.0000,0.0000,0.0000,1.0000,0.2820,0.2947,0.2062
510,5,9.8909,-0.5708,0.6614,0.9948,-0.1018,0.0000,0.1018,0.9948,0.0000,0.0000,0.0000,1.0000,0.1112,0.2100,0.3614
510,6,9.9854,-0.5608,0.4265,0.9948,-0.1018,0.0000,0.1018,0.9948,0.0000,0.0000,0.0000,1.0000,0.1972,0.1336,0.1265
510,7,10.0946,-0.5635,0.4491,0.9948,-0.1018,0.0000,0.1018,0.9948,0.0000,0.0000,0.0000,1.0000,0.1624,0.1625,0.0548
510,8,10.1263,-0.5234,0.4472,0.9948,-0.1018,0.0000,0.1018,0.9948,0.0000,0.0000,0.0000,1.0000,0.0831,0.2046,0.1050
510,9,10.1632,-0.4605,0.4544,0.9948,-0.1018,0.0000,0.1018,0.9948,0.0000,0.0000,0.0000,1.0000,0.0210,0.0279,0.0569
510,10,10.2007,-0.5245,0.4546,0.9948,-0.1018,0.0000,0.1018,0.9948,0.0000,0.0000,0.0000,1.0000,0.0210,0.0279,0.0569
511,0,9.5349,-0.3898,0.4400,0.9948,-0.1018,0.0000,0.1018,0.9948,0.0000,0.0000,0.0000,1.0000,0.2577,0.2263,0.1400
511,1,9.5433,-0.3877,0.6052,0.9948,-0.1018,0.0000,0.1018,0.9948,0.0000,0.0000,0.0000,1.0000,0.1100,0.2168,0.3052
511,2,9.6127,-0.4554,0.5173,0.9948,-0.1018,0.0000,0.1018,0.9948,0.0000,0.0000,0.0000,1.0000,0.1101,0.3070,0.2173
511,3,9.6170,-0.6335,0.5889,0.9948,-0.1018,0.0000,0.1018,0.9948,0.0000,0.0000,0.0000,1.0000,0.2836,0.2073,0.2889
511,4,9.7297,-0.6918,0.5062,0.9948,-0.1018,0.0000,0.1018,0.9948,0.0000,0.0000,0.0000,1.0000,0.2820,0.2947,0.2062
511,5,9.9104,-0.5727,0.6614,0.9948,-0.1018,0.0000,0.1018,0.9948,0.0000,0.0000,0.0000,1.0000,0.1112,0.2100,0.3614
511,6,10.0049,-0.5628,0.4265,0.9948,-0.1018,0.0000,0.1018,0.9948,0.0000,0.0000,0.0000,1.0000,0.1972,0.1336,0.1265
511,7,10.1141,-0.5655,0.4491,0.9948,-0.1018,0.0000,0.1018,0.9948,0.0000,0.0000,0.0000,1.0000,0.1624,0.1625,0.0548
511,8,10.1457,-0.5253,0.4472,0.9948,-0.1018,0.0000,0.1018,0.9948,0.0000,0.0000,0.0000,1.0000,0.0831,0.2046,0.1050
511,9,10.1826,-0.4625,0.4544,0.9948,-0.1018,0.0000,0.1018,0.9948,0.0000,0.0000,0.0000,1.0000,0.0210,0.0279,0.0569
511,10,10.2202,-0.5265,0.4546,0.9948,-0.1018,0.0000,0.1018,0.9948,0.0000,0.0000,0.0000,1.0000,0.0210,0.0279,0.0569
