pos,joint,obb_center_x,obb_center_y,obb_center_z,obb_axis_x1,obb_axis_y1,obb_axis_z1,obb_axis_x2,obb_axis_y2,obb_axis_z2,obb_axis_x3,obb_axis_y3,obb_axis_z3,obb_half_length_x,obb_half_length_y,obb_half_length_z
0,0,0.8692,-0.0078,0.4400,1.0000,0.0003,0.0000,-0.0003,1.0000,0.0000,0.0000,0.0000,1.0000,0.2577,0.2263,0.1400
0,1,0.8773,-0.0049,0.6052,1.0000,0.0003,0.0000,-0.0003,1.0000,0.0000,0.0000,0.0000,1.0000,0.1100,0.2168,0.3052
0,2,0.9532,-0.0651,0.5173,1.0000,0.0003,0.0000,-0.0003,1.0000,0.0000,0.0000,0.0000,1.0000,0.1101,0.3070,0.2173
0,3,0.9757,-0.2418,0.5889,1.0000,0.0003,0.0000,-0.0003,1.0000,0.0000,0.0000,0.0000,1.0000,0.2836,0.2073,0.2889
0,4,1.0938,-0.2883,0.5062,1.0000,0.0003,0.0000,-0.0003,1.0000,0.0000,0.0000,0.0000,1.0000,0.2820,0.2947,0.2062
0,5,1.2613,-0.1515,0.6614,1.0000,0.0003,0.0000,-0.0003,1.0000,0.0000,0.0000,0.0000,1.0000,0.1112,0.2100,0.3614
0,6,1.3543,-0.1319,0.4265,1.0000,0.0003,0.0000,-0.0003,1.0000,0.0000,0.0000,0.0000,1.0000,0.1972,0.1336,0.1265
0,7,1.4632,-0.1235,0.4491,1.0000,0.0003,0.0000,-0.0003,1.0000,0.0000,0.0000,0.0000,1.0000,0.1624,0.1625,0.0548
0,8,1.4906,-0.0803,0.4472,1.0000,0.0003,0.0000,-0.0003,1.0000,0.0000,0.0000,0.0000,1.0000,0.0831,0.2046,0.1050
0,9,1.5209,-0.0140,0.4544,1.0000,0.0003,0.0000,-0.0003,1.0000,0.0000,0.0000,0.0000,1.0000,0.0210,0.0279,0.0569
0,10,1.5648,-0.0739,0.4546,1.0000,0.0003,0.0000,-0.0003,1.0000,0.0000,0.0000,0.0000,1.0000,0.0210,0.0279,0.0569
1,0,1.7935,-0.0072,0.4400,1.0000,0.0009,0.0000,-0.0009,1.0000,0.0000,0.0000,0.0000,1.0000,0.2577,0.2263,0.1400
1,1,1.8016,-0.0043,0.6052,1.0000,0.0009,0.0000,-0.0009,1.0000,0.0000,0.0000,0.0000,1.0000,0.1100,0.2168,0.3052
1,2,1.8775,-0.0646,0.5173,1.0000,0.0009,0.0000,-0.0009,1.0000,0.0000,0.0000,0.0000,1.0000,0.1101,0.3070,0.2173
1,3,1.9001,-0.2413,0.5889,1.0000,0.0009,0.0000,-0.0009,1.0000,0.0000,0.0000,0.0000,1.0000,0.2836,0.2073,0.2889
1,4,2.0182,-0.2876,0.5062,1.0000,0.0009,0.0000,-0.0009,1.0000,0.0000,0.0000,0.0000,1.0000,0.2820,0.2947,0.2062
1,5,2.1857,-0.1507,0.6614,1.0000,0.0009,0.0000,-0.0009,1.0000,0.0000,0.0000,0.0000,1.0000,0.1112,0.2100,0.3614
1,6,2.2787,-0.1311,0.4265,1.0000,0.0009,0.0000,-0.0009,1.0000,0.0000,0.0000,0.0000,1.0000,0.1972,0.1336,0.1265
1,7,2.3876,-0.1226,0.4491,1.0000,0.0009,0.0000,-0.0009,1.0000,0.0000,0.0000,0.0000,1.0000,0.1624,0.1625,0.0548
1,8,2.4149,-0.0794,0.4472,1.0000,0.0009,0.0000,-0.0009,1.0000,0.0000,0.0000,0.0000,1.0000,0.0831,0.2046,0.1050
1,9,2.4452,-0.0131,0.4544,1.0000,0.0009,0.0000,-0.0009,1.0000,0.0000,0.0000,0.0000,1.0000,0.0210,0.0279,0.0569
1,10,2.4891,-0.0729,0.4546,1.0000,0.0009,0.0000,-0.0009,1.0000,0.0000,0.0000,0.0000,1.0000,0.0210,0.0279,0.0569
2,0,2.7340,-0.0059,0.4400,1.0000,0.0020,0.0000,-0.0020,1.0000,0.0000,0.0000,0.0000,1.0000,0.2577,0.2263,0.1400
2,1,2.7421,-0.0030,0.6052,1.0000,0.0020,0.0000,-0.0020,1.0000,0.0000,0.0000,0.0000,1.0000,0.1100,0.2168,0.3052
2,2,2.8181,-0.0632,0.5173,1.0000,0.0020,0.0000,-0.0020,1.0000,0.0000,0.0000,0.0000,1.0000,0.1101,0.3070,0.2173
2,3,2.8409,-0.2398,0.5889,1.0000,0.0020,0.0000,-0.0020,1.0000,0.0000,0.0000,0.0000,1.0000,0.2836,0.2073,0.2889
2,4,2.9591,-0.2861,0.5062,1.0000,0.0020,0.0000,-0.0020,1.0000,0.0000,0.0000,0.0000,1.0000,0.2820,0.2947,0.2062
2,5,3.1264,-0.1490,0.6614,1.0000,0.0020,0.0000,-0.0020,1.0000,0.0000,0.0000,0.0000,1.0000,0.1112,0.2100,0.3614
2,6,3.2194,-0.1293,0.4265,1.0000,0.0020,0.0000,-0.0020,1.0000,0.0000,0.0000,0.0000,1.0000,0.1972,0.1336,0.1265
2,7,3.3282,-0.1207,0.4491,1.0000,0.0020,0.0000,-0.0020,1.0000,0.0000,0.0000,0.0000,1.0000,0.1624,0.1625,0.0548
2,8,3.3556,-0.0774,0.4472,1.0000,0.0020,0.0000,-0.0020,1.0000,0.0000,0.0000,0.0000,1.0000,0.0831,0.2046,0.1050
2,9,3.3857,-0.0111,0.4544,1.0000,0.0020,0.0000,-0.0020,1.0000,0.0000,0.0000,0.0000,1.0000,0.0210,0.0279,0.0569
2,10,3.4297,-0.0709,0.4546,1.0000,0.0020,0.0000,-0.0020,1.0000,0.0000,0.0000,0.0000,1.0000,0.0210,0.0279,0.0569
3,0,3.6926,-0.0032,0.4400,1.0000,0.0039,0.0000,-0.0039,1.0000,0.0000,0.0000,0.0000,1.0000,0.2577,0.2263,0.1400
3,1,3.7006,-0.0003,0.6052,1.0000,0.0039,0.0000,-0.0039,1.0000,0.0000,0.0000,0.0000,1.0000,0.1100,0.2168,0.3052
3,2,3.7768,-0.0603,0.5173,1.0000,0.0039,0.0000,-0.0039,1.0000,0.0000,0.0000,0.0000,1.0000,0.1101,0.3070,0.2173
3,3,3.7999,-0.2369,0.5889,1.0000,0.0039,0.0000,-0.0039,1.0000,0.0000,0.0000,0.0000,1.0000,0.2836,0.2073,0.2889
3,4,3.9181,-0.2829,0.5062,1.0000,0.0039,0.0000,-0.0039,1.0000,0.0000,0.0000,0.0000,1.0000,0.2820,0.2947,0.2062
3,5,4.0852,-0.1455,0.6614,1.0000,0.0039,0.0000,-0.0039,1.0000,0.0000,0.0000,0.0000,1.0000,0.1112,0.2100,0.3614
3,6,4.1781,-0.1256,0.4265,1.0000,0.0039,0.0000,-0.0039,1.0000,0.0000,0.0000,0.0000,1.0000,0.1972,0.1336,0.1265
3,7,4.2870,-0.1168,0.4491,1.0000,0.0039,0.0000,-0.0039,1.0000,0.0000,0.0000,0.0000,1.0000,0.1624,0.1625,0.0548
3,8,4.3142,-0.0735,0.4472,1.0000,0.0039,0.0000,-0.0039,1.0000,0.0000,0.0000,0.0000,1.0000,0.0831,0.2046,0.1050
3,9,4.3443,-0.0071,0.4544,1.0000,0.0039,0.0000,-0.0039,1.0000,0.0000,0.0000,0.0000,1.0000,0.0210,0.0279,0.0569
3,10,4.3884,-0.0668,0.4546,1.0000,0.0039,0.0000,-0.0039,1.0000,0.0000,0.0000,0.0000,1.0000,0.0210,0.0279,0.0569
4,0,4.6705,0.0010,0.4400,1.0000,0.0049,0.0000,-0.0049,1.0000,0.0000,0.0000,0.0000,1.0000,0.2577,0.2263,0.1400
4,1,4.6786,0.0040,0.6052,1.0000,0.0049,0.0000,-0.0049,1.0000,0.0000,0.0000,0.0000,1.0000,0.1100,0.2168,0.3052
4,2,4.7547,-0.0560,0.5173,1.0000,0.0049,0.0000,-0.0049,1.0000,0.0000,0.0000,0.0000,1.0000,0.1101,0.3070,0.2173
4,3,4.7780,-0.2326,0.5889,1.0000,0.0049,0.0000,-0.0049,1.0000,0.0000,0.0000,0.0000,1.0000,0.2836,0.2073,0.2889
4,4,4.8963,-0.2785,0.5062,1.0000,0.0049,0.0000,-0.0049,1.0000,0.0000,0.0000,0.0000,1.0000,0.2820,0.2947,0.2062
4,5,5.0633,-0.1409,0.6614,1.0000,0.0049,0.0000,-0.0049,1.0000,0.0000,0.0000,0.0000,1.0000,0.1112,0.2100,0.3614
4,6,5.1562,-0.1209,0.4265,1.0000,0.0049,0.0000,-0.0049,1.0000,0.0000,0.0000,0.0000,1.0000,0.1972,0.1336,0.1265
4,7,5.2650,-0.1120,0.4491,1.0000,0.0049,0.0000,-0.0049,1.0000,0.0000,0.0000,0.0000,1.0000,0.1624,0.1625,0.0548
4,8,5.2922,-0.0686,0.4472,1.0000,0.0049,0.0000,-0.0049,1.0000,0.0000,0.0000,0.0000,1.0000,0.0831,0.2046,0.1050
4,9,5.3222,-0.0022,0.4544,1.0000,0.0049,0.0000,-0.0049,1.0000,0.0000,0.0000,0.0000,1.0000,0.0210,0.0279,0.0569
4,10,5.3664,-0.0619,0.4546,1.0000,0.0049,0.0000,-0.0049,1.0000,0.0000,0.0000,0.0000,1.0000,0.0210,0.0279,0.0569
5,0,5.6688,0.0063,0.4400,1.0000,0.0057,0.0000,-0.0057,1.0000,0.0000,0.0000,0.0000,1.0000,0.2577,0.2263,0.1400
5,1,5.6769,0.0092,0.6052,1.0000,0.0057,0.0000,-0.0057,1.0000,0.0000,0.0000,0.0000,1.0000,0.1100,0.2168,0.3052
5,2,5.7531,-0.0506,0.5173,1.0000,0.0057,0.0000,-0.0057,1.0000,0.0000,0.0000,0.0000,1.0000,0.1101,0.3070,0.2173
5,3,5.7766,-0.2272,0.5889,1.0000,0.0057,0.0000,-0.0057,1.0000,0.0000,0.0000,0.0000,1.0000,0.2836,0.2073,0.2889
5,4,5.8949,-0.2730,0.5062,1.0000,0.0057,0.0000,-0.0057,1.0000,0.0000,0.0000,0.0000,1.0000,0.2820,0.2947,0.2062
5,5,6.0617,-0.1353,0.6614,1.0000,0.0057,0.0000,-0.0057,1.0000,0.0000,0.0000,0.0000,1.0000,0.1112,0.2100,0.3614
5,6,6.1546,-0.1153,0.4265,1.0000,0.0057,0.0000,-0.0057,1.0000,0.0000,0.0000,0.0000,1.0000,0.1972,0.1336,0.1265
5,7,6.2635,-0.1062,0.4491,1.0000,0.0057,0.0000,-0.0057,1.0000,0.0000,0.0000,0.0000,1.0000,0.1624,0.1625,0.0548
5,8,6.2906,-0.0629,0.4472,1.0000,0.0057,0.0000,-0.0057,1.0000,0.0000,0.0000,0.0000,1.0000,0.0831,0.2046,0.1050
5,9,6.3205,0.0036,0.4544,1.0000,0.0057,0.0000,-0.0057,1.0000,0.0000,0.0000,0.0000,1.0000,0.0210,0.0279,0.0569
5,10,6.3648,-0.0561,0.4546,1.0000,0.0057,0.0000,-0.0057,1.0000,0.0000,0.0000,0.0000,1.0000,0.0210,0.0279,0.0569
6,0,6.6883,0.0128,0.4400,1.0000,0.0071,0.0000,-0.0071,1.0000,0.0000,0.0000,0.0000,1.0000,0.2577,0.2263,0.1400
6,1,6.6964,0.0157,0.6052,1.0000,0.0071,0.0000,-0.0071,1.0000,0.0000,0.0000,0.0000,1.0000,0.1100,0.2168,0.3052
6,2,6.7727,-0.0441,0.5173,1.0000,0.0071,0.0000,-0.0071,1.0000,0.0000,0.0000,0.0000,1.0000,0.1101,0.3070,0.2173
6,3,6.7964,-0.2206,0.5889,1.0000,0.0071,0.0000,-0.0071,1.0000,0.0000,0.0000,0.0000,1.0000,0.2836,0.2073,0.2889
6,4,6.9148,-0.2662,0.5062,1.0000,0.0071,0.0000,-0.0071,1.0000,0.0000,0.0000,0.0000,1.0000,0.2820,0.2947,0.2062
6,5,7.0814,-0.1283,0.6614,1.0000,0.0071,0.0000,-0.0071,1.0000,0.0000,0.0000,0.0000,1.0000,0.1112,0.2100,0.3614
6,6,7.1743,-0.1081,0.4265,1.0000,0.0071,0.0000,-0.0071,1.0000,0.0000,0.0000,0.0000,1.0000,0.1972,0.1336,0.1265
6,7,7.2831,-0.0989,0.4491,1.0000,0.0071,0.0000,-0.0071,1.0000,0.0000,0.0000,0.0000,1.0000,0.1624,0.1625,0.0548
6,8,7.3102,-0.0555,0.4472,1.0000,0.0071,0.0000,-0.0071,1.0000,0.0000,0.0000,0.0000,1.0000,0.0831,0.2046,0.1050
6,9,7.3400,0.0110,0.4544,1.0000,0.0071,0.0000,-0.0071,1.0000,0.0000,0.0000,0.0000,1.0000,0.0210,0.0279,0.0569
6,10,7.3844,-0.0486,0.4546,1.0000,0.0071,0.0000,-0.0071,1.0000,0.0000,0.0000,0.0000,1.0000,0.0210,0.0279,0.0569
7,0,7.7293,0.0205,0.4400,1.0000,0.0078,0.0000,-0.0078,1.0000,0.0000,0.0000,0.0000,1.0000,0.2577,0.2263,0.1400
7,1,7.7374,0.0234,0.6052,1.0000,0.0078,0.0000,-0.0078,1.0000,0.0000,0.0000,0.0000,1.0000,0.1100,0.2168,0.3052
7,2,7.8138,-0.0363,0.5173,1.0000,0.0078,0.0000,-0.0078,1.0000,0.0000,0.0000,0.0000,1.0000,0.1101,0.3070,0.2173
7,3,7.8376,-0.2128,0.5889,1.0000,0.0078,0.0000,-0.0078,1.0000,0.0000,0.0000,0.0000,1.0000,0.2836,0.2073,0.2889
7,4,7.9560,-0.2584,0.5062,1.0000,0.0078,0.0000,-0.0078,1.0000,0.0000,0.0000,0.0000,1.0000,0.2820,0.2947,0.2062
7,5,8.1226,-0.1202,0.6614,1.0000,0.0078,0.0000,-0.0078,1.0000,0.0000,0.0000,0.0000,1.0000,0.1112,0.2100,0.3614
7,6,8.2154,-0.1000,0.4265,1.0000,0.0078,0.0000,-0.0078,1.0000,0.0000,0.0000,0.0000,1.0000,0.1972,0.1336,0.1265
7,7,8.3242,-0.0908,0.4491,1.0000,0.0078,0.0000,-0.0078,1.0000,0.0000,0.0000,0.0000,1.0000,0.1624,0.1625,0.0548
7,8,8.3513,-0.0474,0.4472,1.0000,0.0078,0.0000,-0.0078,1.0000,0.0000,0.0000,0.0000,1.0000,0.0831,0.2046,0.1050
7,9,8.3811,0.0192,0.4544,1.0000,0.0078,0.0000,-0.0078,1.0000,0.0000,0.0000,0.0000,1.0000,0.0210,0.0279,0.0569
7,10,8.4254,-0.0404,0.4546,1.0000,0.0078,0.0000,-0.0078,1.0000,0.0000,0.0000,0.0000,1.0000,0.0210,0.0279,0.0569
8,0,8.7921,0.0290,0.4400,1.0000,0.0083,0.0000,-0.0083,1.0000,0.0000,0.0000,0.0000,1.0000,0.2577,0.2263,0.1400
8,1,8.8002,0.0320,0.6052,1.0000,0.0083,0.0000,-0.0083,1.0000,0.0000,0.0000,0.0000,1.0000,0.1100,0.2168,0.3052
8,2,8.8766,-0.0276,0.5173,1.0000,0.0083,0.0000,-0.0083,1.0000,0.0000,0.0000,0.0000,1.0000,0.1101,0.3070,0.2173
8,3,8.9005,-0.2042,0.5889,1.0000,0.0083,0.0000,-0.0083,1.0000,0.0000,0.0000,0.0000,1.0000,0.2836,0.2073,0.2889
8,4,9.0189,-0.2497,0.5062,1.0000,0.0083,0.0000,-0.0083,1.0000,0.0000,0.0000,0.0000,1.0000,0.2820,0.2947,0.2062
8,5,9.1854,-0.1115,0.6614,1.0000,0.0083,0.0000,-0.0083,1.0000,0.0000,0.0000,0.0000,1.0000,0.1112,0.2100,0.3614
8,6,9.2782,-0.0912,0.4265,1.0000,0.0083,0.0000,-0.0083,1.0000,0.0000,0.0000,0.0000,1.0000,0.1972,0.1336,0.1265
8,7,9.3871,-0.0819,0.4491,1.0000,0.0083,0.0000,-0.0083,1.0000,0.0000,0.0000,0.0000,1.0000,0.1624,0.1625,0.0548
8,8,9.4141,-0.0385,0.4472,1.0000,0.0083,0.0000,-0.0083,1.0000,0.0000,0.0000,0.0000,1.0000,0.0831,0.2046,0.1050
8,9,9.4438,0.0281,0.4544,1.0000,0.0083,0.0000,-0.0083,1.0000,0.0000,0.0000,0.0000,1.0000,0.0210,0.0279,0.0569
8,10,9.4882,-0.0314,0.4546,1.0000,0.0083,0.0000,-0.0083,1.0000,0.0000,0.0000,0.0000,1.0000,0.0210,0.0279,0.0569
9,0,9.8765,0.0388,0.4400,1.0000,0.0097,0.0000,-0.0097,1.0000,0.0000,0.0000,0.0000,1.0000,0.2577,0.2263,0.1400
9,1,9.8846,0.0418,0.6052,1.0000,0.0097,0.0000,-0.0097,1.0000,0.0000,0.0000,0.0000,1.0000,0.1100,0.2168,0.3052
9,2,9.9611,-0.0178,0.5173,1.0000,0.0097,0.0000,-0.0097,1.0000,0.0000,0.0000,0.0000,1.0000,0.1101,0.3070,0.2173
9,3,9.9852,-0.1943,0.5889,1.0000,0.0097,0.0000,-0.0097,1.0000,0.0000,0.0000,0.0000,1.0000,0.2836,0.2073,0.2889
9,4,10.1038,-0.2396,0.5062,1.0000,0.0097,0.0000,-0.0097,1.0000,0.0000,0.0000,0.0000,1.0000,0.2820,0.2947,0.2062
9,5,10.2700,-0.1012,0.6614,1.0000,0.0097,0.0000,-0.0097,1.0000,0.0000,0.0000,0.0000,1.0000,0.1112,0.2100,0.3614
9,6,10.3628,-0.0808,0.4265,1.0000,0.0097,0.0000,-0.0097,1.0000,0.0000,0.0000,0.0000,1.0000,0.1972,0.1336,0.1265
9,7,10.4716,-0.0713,0.4491,1.0000,0.0097,0.0000,-0.0097,1.0000,0.0000,0.0000,0.0000,1.0000,0.1624,0.1625,0.0548
9,8,10.4986,-0.0279,0.4472,1.0000,0.0097,0.0000,-0.0097,1.0000,0.0000,0.0000,0.0000,1.0000,0.0831,0.2046,0.1050
9,9,10.5283,0.0387,0.4544,1.0000,0.0097,0.0000,-0.0097,1.0000,0.0000,0.0000,0.0000,1.0000,0.0210,0.0279,0.0569
9,10,10.5728,-0.0207,0.4546,1.0000,0.0097,0.0000,-0.0097,1.0000,0.0000,0.0000,0.0000,1.0000,0.0210,0.0279,0.0569
10,0,10.9824,0.0497,0.4400,0.9999,0.0101,0.0000,-0.0101,0.9999,0.0000,0.0000,0.0000,1.0000,0.2577,0.2263,0.1400
10,1,10.9905,0.0527,0.6052,0.9999,0.0101,0.0000,-0.0101,0.9999,0.0000,0.0000,0.0000,1.0000,0.1100,0.2168,0.3052
10,2,11.0670,-0.0068,0.5173,0.9999,0.0101,0.0000,-0.0101,0.9999,0.0000,0.0000,0.0000,1.0000,0.1101,0.3070,0.2173
10,3,11.0912,-0.1833,0.5889,0.9999,0.0101,0.0000,-0.0101,0.9999,0.0000,0.0000,0.0000,1.0000,0.2836,0.2073,0.2889
10,4,11.2097,-0.2286,0.5062,0.9999,0.0101,0.0000,-0.0101,0.9999,0.0000,0.0000,0.0000,1.0000,0.2820,0.2947,0.2062
10,5,11.3759,-0.0901,0.6614,0.9999,0.0101,0.0000,-0.0101,0.9999,0.0000,0.0000,0.0000,1.0000,0.1112,0.2100,0.3614
10,6,11.4687,-0.0696,0.4265,0.9999,0.0101,0.0000,-0.0101,0.9999,0.0000,0.0000,0.0000,1.0000,0.1972,0.1336,0.1265
10,7,11.5776,-0.0601,0.4491,0.9999,0.0101,0.0000,-0.0101,0.9999,0.0000,0.0000,0.0000,1.0000,0.1624,0.1625,0.0548
10,8,11.6045,-0.0167,0.4472,0.9999,0.0101,0.0000,-0.0101,0.9999,0.0000,0.0000,0.0000,1.0000,0.0831,0.2046,0.1050
10,9,11.6341,0.0499,0.4544,0.9999,0.0101,0.0000,-0.0101,0.9999,0.0000,0.0000,0.0000,1.0000,0.0210,0.0279,0.0569
10,10,11.6786,-0.0095,0.4546,0.9999,0.0101,0.0000,-0.0101,0.9999,0.0000,0.0000,0.0000,1.0000,0.0210,0.0279,0.0569
11,0,12.1095,0.0613,0.4400,0.9999,0.0105,0.0000,-0.0105,0.9999,0.0000,0.0000,0.0000,1.0000,0.2577,0.2263,0.1400
11,1,12.1175,0.0643,0.6052,0.9999,0.0105,0.0000,-0.0105,0.9999,0.0000,0.0000,0.0000,1.0000,0.1100,0.2168,0.3052
11,2,12.1941,0.0048,0.5173,0.9999,0.0105,0.0000,-0.0105,0.9999,0.0000,0.0000,0.0000,1.0000,0.1101,0.3070,0.2173
11,3,12.2183,-0.1716,0.5889,0.9999,0.0105,0.0000,-0.0105,0.9999,0.0000,0.0000,0.0000,1.0000,0.2836,0.2073,0.2889
11,4,12.3369,-0.2169,0.5062,0.9999,0.0105,0.0000,-0.0105,0.9999,0.0000,0.0000,0.0000,1.0000,0.2820,0.2947,0.2062
11,5,12.5030,-0.0783,0.6614,0.9999,0.0105,0.0000,-0.0105,0.9999,0.0000,0.0000,0.0000,1.0000,0.1112,0.2100,0.3614
11,6,12.5958,-0.0579,0.4265,0.9999,0.0105,0.0000,-0.0105,0.9999,0.0000,0.0000,0.0000,1.0000,0.1972,0.1336,0.1265
11,7,12.7046,-0.0483,0.4491,0.9999,0.0105,0.0000,-0.0105,0.9999,0.0000,0.0000,0.0000,1.0000,0.1624,0.1625,0.0548
11,8,12.7316,-0.0048,0.4472,0.9999,0.0105,0.0000,-0.0105,0.9999,0.0000,0.0000,0.0000,1.0000,0.0831,0.2046,0.1050
11,9,12.7612,0.0618,0.4544,0.9999,0.0105,0.0000,-0.0105,0.9999,0.0000,0.0000,0.0000,1.0000,0.0210,0.0279,0.0569
11,10,12.8057,0.0023,0.4546,0.9999,0.0105,0.0000,-0.0105,0.9999,0.0000,0.0000,0.0000,1.0000,0.0210,0.0279,0.0569
12,0,13.2575,0.0736,0.4400,0.9999,0.0108,0.0000,-0.0108,0.9999,0.0000,0.0000,0.0000,1.0000,0.2577,0.2263,0.1400
12,1,13.2655,0.0765,0.6052,0.9999,0.0108,0.0000,-0.0108,0.9999,0.0000,0.0000,0.0000,1.0000,0.1100,0.2168,0.3052
12,2,13.3421,0.0171,0.5173,0.9999,0.0108,0.0000,-0.0108,0.9999,0.0000,0.0000,0.0000,1.0000,0.1101,0.3070,0.2173
12,3,13.3664,-0.1594,0.5889,0.9999,0.0108,0.0000,-0.0108,0.9999,0.0000,0.0000,0.0000,1.0000,0.2836,0.2073,0.2889
12,4,13.4850,-0.2046,0.5062,0.9999,0.0108,0.0000,-0.0108,0.9999,0.0000,0.0000,0.0000,1.0000,0.2820,0.2947,0.2062
12,5,13.6511,-0.0660,0.6614,0.9999,0.0108,0.0000,-0.0108,0.9999,0.0000,0.0000,0.0000,1.0000,0.1112,0.2100,0.3614
12,6,13.7439,-0.0455,0.4265,0.9999,0.0108,0.0000,-0.0108,0.9999,0.0000,0.0000,0.0000,1.0000,0.1972,0.1336,0.1265
12,7,13.8527,-0.0359,0.4491,0.9999,0.0108,0.0000,-0.0108,0.9999,0.0000,0.0000,0.0000,1.0000,0.1624,0.1625,0.0548
12,8,13.8796,0.0076,0.4472,0.9999,0.0108,0.0000,-0.0108,0.9999,0.0000,0.0000,0.0000,1.0000,0.0831,0.2046,0.1050
12,9,13.9092,0.0742,0.4544,0.9999,0.0108,0.0000,-0.0108,0.9999,0.0000,0.0000,0.0000,1.0000,0.0210,0.0279,0.0569
12,10,13.9537,0.0148,0.4546,0.9999,0.0108,0.0000,-0.0108,0.9999,0.0000,0.0000,0.0000,1.0000,0.0210,0.0279,0.0569
13,0,14.4264,0.0865,0.4400,0.9999,0.0114,0.0000,-0.0114,0.9999,0.0000,0.0000,0.0000,1.0000,0.2577,0.2263,0.1400
13,1,14.4344,0.0895,0.6052,0.9999,0.0114,0.0000,-0.0114,0.9999,0.0000,0.0000,0.0000,1.0000,0.1100,0.2168,0.3052
13,2,14.5110,0.0300,0.5173,0.9999,0.0114,0.0000,-0.0114,0.9999,0.0000,0.0000,0.0000,1.0000,0.1101,0.3070,0.2173
13,3,14.5354,-0.1464,0.5889,0.9999,0.0114,0.0000,-0.0114,0.9999,0.0000,0.0000,0.0000,1.0000,0.2836,0.2073,0.2889
13,4,14.6540,-0.1915,0.5062,0.9999,0.0114,0.0000,-0.0114,0.9999,0.0000,0.0000,0.0000,1.0000,0.2820,0.2947,0.2062
13,5,14.8201,-0.0529,0.6614,0.9999,0.0114,0.0000,-0.0114,0.9999,0.0000,0.0000,0.0000,1.0000,0.1112,0.2100,0.3614
13,6,14.9128,-0.0323,0.4265,0.9999,0.0114,0.0000,-0.0114,0.9999,0.0000,0.0000,0.0000,1.0000,0.1972,0.1336,0.1265
13,7,15.0216,-0.0227,0.4491,0.9999,0.0114,0.0000,-0.0114,0.9999,0.0000,0.0000,0.0000,1.0000,0.1624,0.1625,0.0548
13,8,15.0486,0.0208,0.4472,0.9999,0.0114,0.0000,-0.0114,0.9999,0.0000,0.0000,0.0000,1.0000,0.0831,0.2046,0.1050
13,9,15.0781,0.0875,0.4544,0.9999,0.0114,0.0000,-0.0114,0.9999,0.0000,0.0000,0.0000,1.0000,0.0210,0.0279,0.0569
13,10,15.1227,0.0281,0.4546,0.9999,0.0114,0.0000,-0.0114,0.9999,0.0000,0.0000,0.0000,1.0000,0.0210,0.0279,0.0569
14,0,15.6162,0.1001,0.4400,0.9999,0.0116,0.0000,-0.0116,0.9999,0.0000,0.0000,0.0000,1.0000,0.2577,0.2263,0.1400
14,1,15.6243,0.1031,0.6052,0.9999,0.0116,0.0000,-0.0116,0.9999,0.0000,0.0000,0.0000,1.0000,0.1100,0.2168,0.3052
14,2,15.7009,0.0437,0.5173,0.9999,0.0116,0.0000,-0.0116,0.9999,0.0000,0.0000,0.0000,1.0000,0.1101,0.3070,0.2173
14,3,15.7253,-0.1327,0.5889,0.9999,0.0116,0.0000,-0.0116,0.9999,0.0000,0.0000,0.0000,1.0000,0.2836,0.2073,0.2889
14,4,15.8440,-0.1778,0.5062,0.9999,0.0116,0.0000,-0.0116,0.9999,0.0000,0.0000,0.0000,1.0000,0.2820,0.2947,0.2062
14,5,16.0100,-0.0391,0.6614,0.9999,0.0116,0.0000,-0.0116,0.9999,0.0000,0.0000,0.0000,1.0000,0.1112,0.2100,0.3614
14,6,16.1027,-0.0185,0.4265,0.9999,0.0116,0.0000,-0.0116,0.9999,0.0000,0.0000,0.0000,1.0000,0.1972,0.1336,0.1265
14,7,16.2115,-0.0088,0.4491,0.9999,0.0116,0.0000,-0.0116,0.9999,0.0000,0.0000,0.0000,1.0000,0.1624,0.1625,0.0548
14,8,16.2384,0.0347,0.4472,0.9999,0.0116,0.0000,-0.0116,0.9999,0.0000,0.0000,0.0000,1.0000,0.0831,0.2046,0.1050
14,9,16.2679,0.1013,0.4544,0.9999,0.0116,0.0000,-0.0116,0.9999,0.0000,0.0000,0.0000,1.0000,0.0210,0.0279,0.0569
14,10,16.3125,0.0419,0.4546,0.9999,0.0116,0.0000,-0.0116,0.9999,0.0000,0.0000,0.0000,1.0000,0.0210,0.0279,0.0569
15,0,16.8266,0.1144,0.4400,0.9999,0.0120,0.0000,-0.0120,0.9999,0.0000,0.0000,0.0000,1.0000,0.2577,0.2263,0.1400
15,1,16.8347,0.1174,0.6052,0.9999,0.0120,0.0000,-0.0120,0.9999,0.0000,0.0000,0.0000,1.0000,0.1100,0.2168,0.3052
15,2,16.9113,0.0580,0.5173,0.9999,0.0120,0.0000,-0.0120,0.9999,0.0000,0.0000,0.0000,1.0000,0.1101,0.3070,0.2173
15,3,16.9358,-0.1184,0.5889,0.9999,0.0120,0.0000,-0.0120,0.9999,0.0000,0.0000,0.0000,1.0000,0.2836,0.2073,0.2889
15,4,17.0545,-0.1635,0.5062,0.9999,0.0120,0.0000,-0.0120,0.9999,0.0000,0.0000,0.0000,1.0000,0.2820,0.2947,0.2062
15,5,17.2204,-0.0247,0.6614,0.9999,0.0120,0.0000,-0.0120,0.9999,0.0000,0.0000,0.0000,1.0000,0.1112,0.2100,0.3614
15,6,17.3132,-0.0040,0.4265,0.9999,0.0120,0.0000,-0.0120,0.9999,0.0000,0.0000,0.0000,1.0000,0.1972,0.1336,0.1265
15,7,17.4220,0.0057,0.4491,0.9999,0.0120,0.0000,-0.0120,0.9999,0.0000,0.0000,0.0000,1.0000,0.1624,0.1625,0.0548
15,8,17.4489,0.0492,0.4472,0.9999,0.0120,0.0000,-0.0120,0.9999,0.0000,0.0000,0.0000,1.0000,0.0831,0.2046,0.1050
15,9,17.4784,0.1158,0.4544,0.9999,0.0120,0.0000,-0.0120,0.9999,0.0000,0.0000,0.0000,1.0000,0.0210,0.0279,0.0569
15,10,17.5230,0.0565,0.4546,0.9999,0.0120,0.0000,-0.0120,0.9999,0.0000,0.0000,0.0000,1.0000,0.0210,0.0279,0.0569
16,0,18.0568,0.1293,0.4400,0.9999,0.0123,0.0000,-0.0123,0.9999,0.0000,0.0000,0.0000,1.0000,0.2577,0.2263,0.1400
16,1,18.0649,0.1323,0.6052,0.9999,0.0123,0.0000,-0.0123,0.9999,0.0000,0.0000,0.0000,1.0000,0.1100,0.2168,0.3052
16,2,18.1415,0.0730,0.5173,0.9999,0.0123,0.0000,-0.0123,0.9999,0.0000,0.0000,0.0000,1.0000,0.1101,0.3070,0.2173
16,3,18.1661,-0.1034,0.5889,0.9999,0.0123,0.0000,-0.0123,0.9999,0.0000,0.0000,0.0000,1.0000,0.2836,0.2073,0.2889
16,4,18.2847,-0.1485,0.5062,0.9999,0.0123,0.0000,-0.0123,0.9999,0.0000,0.0000,0.0000,1.0000,0.2820,0.2947,0.2062
16,5,18.4506,-0.0096,0.6614,0.9999,0.0123,0.0000,-0.0123,0.9999,0.0000,0.0000,0.0000,1.0000,0.1112,0.2100,0.3614
16,6,18.5434,0.0110,0.4265,0.9999,0.0123,0.0000,-0.0123,0.9999,0.0000,0.0000,0.0000,1.0000,0.1972,0.1336,0.1265
16,7,18.6522,0.0207,0.4491,0.9999,0.0123,0.0000,-0.0123,0.9999,0.0000,0.0000,0.0000,1.0000,0.1624,0.1625,0.0548
16,8,18.6790,0.0643,0.4472,0.9999,0.0123,0.0000,-0.0123,0.9999,0.0000,0.0000,0.0000,1.0000,0.0831,0.2046,0.1050
16,9,18.7085,0.1309,0.4544,0.9999,0.0123,0.0000,-0.0123,0.9999,0.0000,0.0000,0.0000,1.0000,0.0210,0.0279,0.0569
16,10,18.7532,0.0716,0.4546,0.9999,0.0123,0.0000,-0.0123,0.9999,0.0000,0.0000,0.0000,1.0000,0.0210,0.0279,0.0569
17,0,19.3056,0.1451,0.4400,0.9999,0.0130,0.0000,-0.0130,0.9999,0.0000,0.0000,0.0000,1.0000,0.2577,0.2263,0.1400
17,1,19.3136,0.1481,0.6052,0.9999,0.0130,0.0000,-0.0130,0.9999,0.0000,0.0000,0.0000,1.0000,0.1100,0.2168,0.3052
17,2,19.3903,0.0888,0.5173,0.9999,0.0130,0.0000,-0.0130,0.9999,0.0000,0.0000,0.0000,1.0000,0.1101,0.3070,0.2173
17,3,19.4150,-0.0876,0.5889,0.9999,0.0130,0.0000,-0.0130,0.9999,0.0000,0.0000,0.0000,1.0000,0.2836,0.2073,0.2889
17,4,19.5337,-0.1325,0.5062,0.9999,0.0130,0.0000,-0.0130,0.9999,0.0000,0.0000,0.0000,1.0000,0.2820,0.2947,0.2062
17,5,19.6995,0.0064,0.6614,0.9999,0.0130,0.0000,-0.0130,0.9999,0.0000,0.0000,0.0000,1.0000,0.1112,0.2100,0.3614
17,6,19.7922,0.0271,0.4265,0.9999,0.0130,0.0000,-0.0130,0.9999,0.0000,0.0000,0.0000,1.0000,0.1972,0.1336,0.1265
17,7,19.9010,0.0370,0.4491,0.9999,0.0130,0.0000,-0.0130,0.9999,0.0000,0.0000,0.0000,1.0000,0.1624,0.1625,0.0548
17,8,19.9279,0.0805,0.4472,0.9999,0.0130,0.0000,-0.0130,0.9999,0.0000,0.0000,0.0000,1.0000,0.0831,0.2046,0.1050
17,9,19.9573,0.1472,0.4544,0.9999,0.0130,0.0000,-0.0130,0.9999,0.0000,0.0000,0.0000,1.0000,0.0210,0.0279,0.0569
17,10,20.0020,0.0879,0.4546,0.9999,0.0130,0.0000,-0.0130,0.9999,0.0000,0.0000,0.0000,1.0000,0.0210,0.0279,0.0569
18,0,20.5721,0.1617,0.4400,0.9999,0.0132,0.0000,-0.0132,0.9999,0.0000,0.0000,0.0000,1.0000,0.2577,0.2263,0.1400
18,1,20.5801,0.1647,0.6052,0.9999,0.0132,0.0000,-0.0132,0.9999,0.0000,0.0000,0.0000,1.0000,0.1100,0.2168,0.3052
18,2,20.6568,0.1054,0.5173,0.9999,0.0132,0.0000,-0.0132,0.9999,0.0000,0.0000,0.0000,1.0000,0.1101,0.3070,0.2173
18,3,20.6815,-0.0710,0.5889,0.9999,0.0132,0.0000,-0.0132,0.9999,0.0000,0.0000,0.0000,1.0000,0.2836,0.2073,0.2889
18,4,20.8002,-0.1159,0.5062,0.9999,0.0132,0.0000,-0.0132,0.9999,0.0000,0.0000,0.0000,1.0000,0.2820,0.2947,0.2062
18,5,20.9660,0.0231,0.6614,0.9999,0.0132,0.0000,-0.0132,0.9999,0.0000,0.0000,0.0000,1.0000,0.1112,0.2100,0.3614
18,6,21.0588,0.0438,0.4265,0.9999,0.0132,0.0000,-0.0132,0.9999,0.0000,0.0000,0.0000,1.0000,0.1972,0.1336,0.1265
18,7,21.1675,0.0536,0.4491,0.9999,0.0132,0.0000,-0.0132,0.9999,0.0000,0.0000,0.0000,1.0000,0.1624,0.1625,0.0548
18,8,21.1944,0.0972,0.4472,0.9999,0.0132,0.0000,-0.0132,0.9999,0.0000,0.0000,0.0000,1.0000,0.0831,0.2046,0.1050
18,9,21.2238,0.1639,0.4544,0.9999,0.0132,0.0000,-0.0132,0.9999,0.0000,0.0000,0.0000,1.0000,0.0210,0.0279,0.0569
18,10,21.2685,0.1046,0.4546,0.9999,0.0132,0.0000,-0.0132,0.9999,0.0000,0.0000,0.0000,1.0000,0.0210,0.0279,0.0569
19,0,21.8561,0.1791,0.4400,0.9999,0.0139,0.0000,-0.0139,0.9999,0.0000,0.0000,0.0000,1.0000,0.2577,0.2263,0.1400
19,1,21.8642,0.1821,0.6052,0.9999,0.0139,0.0000,-0.0139,0.9999,0.0000,0.0000,0.0000,1.0000,0.1100,0.2168,0.3052
19,2,21.9409,0.1228,0.5173,0.9999,0.0139,0.0000,-0.0139,0.9999,0.0000,0.0000,0.0000,1.0000,0.1101,0.3070,0.2173
19,3,21.9658,-0.0535,0.5889,0.9999,0.0139,0.0000,-0.0139,0.9999,0.0000,0.0000,0.0000,1.0000,0.2836,0.2073,0.2889
19,4,22.0845,-0.0984,0.5062,0.9999,0.0139,0.0000,-0.0139,0.9999,0.0000,0.0000,0.0000,1.0000,0.2820,0.2947,0.2062
19,5,22.2502,0.0407,0.6614,0.9999,0.0139,0.0000,-0.0139,0.9999,0.0000,0.0000,0.0000,1.0000,0.1112,0.2100,0.3614
19,6,22.3429,0.0615,0.4265,0.9999,0.0139,0.0000,-0.0139,0.9999,0.0000,0.0000,0.0000,1.0000,0.1972,0.1336,0.1265
19,7,22.4517,0.0714,0.4491,0.9999,0.0139,0.0000,-0.0139,0.9999,0.0000,0.0000,0.0000,1.0000,0.1624,0.1625,0.0548
19,8,22.4785,0.1150,0.4472,0.9999,0.0139,0.0000,-0.0139,0.9999,0.0000,0.0000,0.0000,1.0000,0.0831,0.2046,0.1050
19,9,22.5078,0.1817,0.4544,0.9999,0.0139,0.0000,-0.0139,0.9999,0.0000,0.0000,0.0000,1.0000,0.0210,0.0279,0.0569
19,10,22.5526,0.1224,0.4546,0.9999,0.0139,0.0000,-0.0139,0.9999,0.0000,0.0000,0.0000,1.0000,0.0210,0.0279,0.0569
20,0,23.1580,0.1974,0.4400,0.9999,0.0144,0.0000,-0.0144,0.9999,0.0000,0.0000,0.0000,1.0000,0.2577,0.2263,0.1400
20,1,23.1660,0.2005,0.6052,0.9999,0.0144,0.0000,-0.0144,0.9999,0.0000,0.0000,0.0000,1.0000,0.1100,0.2168,0.3052
20,2,23.2428,0.1413,0.5173,0.9999,0.0144,0.0000,-0.0144,0.9999,0.0000,0.0000,0.0000,1.0000,0.1101,0.3070,0.2173
20,3,23.2677,-0.0351,0.5889,0.9999,0.0144,0.0000,-0.0144,0.9999,0.0000,0.0000,0.0000,1.0000,0.2836,0.2073,0.2889
20,4,23.3865,-0.0799,0.5062,0.9999,0.0144,0.0000,-0.0144,0.9999,0.0000,0.0000,0.0000,1.0000,0.2820,0.2947,0.2062
20,5,23.5521,0.0593,0.6614,0.9999,0.0144,0.0000,-0.0144,0.9999,0.0000,0.0000,0.0000,1.0000,0.1112,0.2100,0.3614
20,6,23.6448,0.0801,0.4265,0.9999,0.0144,0.0000,-0.0144,0.9999,0.0000,0.0000,0.0000,1.0000,0.1972,0.1336,0.1265
20,7,23.7536,0.0901,0.4491,0.9999,0.0144,0.0000,-0.0144,0.9999,0.0000,0.0000,0.0000,1.0000,0.1624,0.1625,0.0548
20,8,23.7803,0.1337,0.4472,0.9999,0.0144,0.0000,-0.0144,0.9999,0.0000,0.0000,0.0000,1.0000,0.0831,0.2046,0.1050
20,9,23.8097,0.2004,0.4544,0.9999,0.0144,0.0000,-0.0144,0.9999,0.0000,0.0000,0.0000,1.0000,0.0210,0.0279,0.0569
20,10,23.8544,0.1412,0.4546,0.9999,0.0144,0.0000,-0.0144,0.9999,0.0000,0.0000,0.0000,1.0000,0.0210,0.0279,0.0569
21,0,24.4780,0.2166,0.4400,0.9999,0.0147,0.0000,-0.0147,0.9999,0.0000,0.0000,0.0000,1.0000,0.2577,0.2263,0.1400
21,1,24.4861,0.2196,0.6052,0.9999,0.0147,0.0000,-0.0147,0.9999,0.0000,0.0000,0.0000,1.0000,0.1100,0.2168,0.3052
21,2,24.5629,0.1605,0.5173,0.9999,0.0147,0.0000,-0.0147,0.9999,0.0000,0.0000,0.0000,1.0000,0.1101,0.3070,0.2173
21,3,24.5879,-0.0159,0.5889,0.9999,0.0147,0.0000,-0.0147,0.9999,0.0000,0.0000,0.0000,1.0000,0.2836,0.2073,0.2889
21,4,24.7066,-0.0607,0.5062,0.9999,0.0147,0.0000,-0.0147,0.9999,0.0000,0.0000,0.0000,1.0000,0.2820,0.2947,0.2062
21,5,24.8722,0.0786,0.6614,0.9999,0.0147,0.0000,-0.0147,0.9999,0.0000,0.0000,0.0000,1.0000,0.1112,0.2100,0.3614
21,6,24.9649,0.0995,0.4265,0.9999,0.0147,0.0000,-0.0147,0.9999,0.0000,0.0000,0.0000,1.0000,0.1972,0.1336,0.1265
21,7,25.0737,0.1095,0.4491,0.9999,0.0147,0.0000,-0.0147,0.9999,0.0000,0.0000,0.0000,1.0000,0.1624,0.1625,0.0548
21,8,25.1004,0.1531,0.4472,0.9999,0.0147,0.0000,-0.0147,0.9999,0.0000,0.0000,0.0000,1.0000,0.0831,0.2046,0.1050
21,9,25.1298,0.2198,0.4544,0.9999,0.0147,0.0000,-0.0147,0.9999,0.0000,0.0000,0.0000,1.0000,0.0210,0.0279,0.0569
21,10,25.1745,0.1605,0.4546,0.9999,0.0147,0.0000,-0.0147,0.9999,0.0000,0.0000,0.0000,1.0000,0.0210,0.0279,0.0569
22,0,25.8165,0.2366,0.4400,0.9999,0.0151,0.0000,-0.0151,0.9999,0.0000,0.0000,0.0000,1.0000,0.2577,0.2263,0.1400
22,1,25.8245,0.2396,0.6052,0.9999,0.0151,0.0000,-0.0151,0.9999,0.0000,0.0000,0.0000,1.0000,0.1100,0.2168,0.3052
22,2,25.9013,0.1804,0.5173,0.9999,0.0151,0.0000,-0.0151,0.9999,0.0000,0.0000,0.0000,1.0000,0.1101,0.3070,0.2173
22,3,25.9264,0.0041,0.5889,0.9999,0.0151,0.0000,-0.0151,0.9999,0.0000,0.0000,0.0000,1.0000,0.2836,0.2073,0.2889
22,4,26.0452,-0.0406,0.5062,0.9999,0.0151,0.0000,-0.0151,0.9999,0.0000,0.0000,0.0000,1.0000,0.2820,0.2947,0.2062
22,5,26.2107,0.0987,0.6614,0.9999,0.0151,0.0000,-0.0151,0.9999,0.0000,0.0000,0.0000,1.0000,0.1112,0.2100,0.3614
22,6,26.3034,0.1196,0.4265,0.9999,0.0151,0.0000,-0.0151,0.9999,0.0000,0.0000,0.0000,1.0000,0.1972,0.1336,0.1265
22,7,26.4121,0.1297,0.4491,0.9999,0.0151,0.0000,-0.0151,0.9999,0.0000,0.0000,0.0000,1.0000,0.1624,0.1625,0.0548
22,8,26.4389,0.1733,0.4472,0.9999,0.0151,0.0000,-0.0151,0.9999,0.0000,0.0000,0.0000,1.0000,0.0831,0.2046,0.1050
22,9,26.4682,0.2400,0.4544,0.9999,0.0151,0.0000,-0.0151,0.9999,0.0000,0.0000,0.0000,1.0000,0.0210,0.0279,0.0569
22,10,26.5130,0.1808,0.4546,0.9999,0.0151,0.0000,-0.0151,0.9999,0.0000,0.0000,0.0000,1.0000,0.0210,0.0279,0.0569
23,0,27.1731,0.2581,0.4400,0.9999,0.0167,0.0000,-0.0167,0.9999,0.0000,0.0000,0.0000,1.0000,0.2577,0.2263,0.1400
23,1,27.1811,0.2611,0.6052,0.9999,0.0167,0.0000,-0.0167,0.9999,0.0000,0.0000,0.0000,1.0000,0.1100,0.2168,0.3052
23,2,27.2580,0.2021,0.5173,0.9999,0.0167,0.0000,-0.0167,0.9999,0.0000,0.0000,0.0000,1.0000,0.1101,0.3070,0.2173
23,3,27.2834,0.0258,0.5889,0.9999,0.0167,0.0000,-0.0167,0.9999,0.0000,0.0000,0.0000,1.0000,0.2836,0.2073,0.2889
23,4,27.4022,-0.0187,0.5062,0.9999,0.0167,0.0000,-0.0167,0.9999,0.0000,0.0000,0.0000,1.0000,0.2820,0.2947,0.2062
23,5,27.5675,0.1209,0.6614,0.9999,0.0167,0.0000,-0.0167,0.9999,0.0000,0.0000,0.0000,1.0000,0.1112,0.2100,0.3614
23,6,27.6602,0.1419,0.4265,0.9999,0.0167,0.0000,-0.0167,0.9999,0.0000,0.0000,0.0000,1.0000,0.1972,0.1336,0.1265
23,7,27.7689,0.1521,0.4491,0.9999,0.0167,0.0000,-0.0167,0.9999,0.0000,0.0000,0.0000,1.0000,0.1624,0.1625,0.0548
23,8,27.7956,0.1958,0.4472,0.9999,0.0167,0.0000,-0.0167,0.9999,0.0000,0.0000,0.0000,1.0000,0.0831,0.2046,0.1050
23,9,27.8248,0.2626,0.4544,0.9999,0.0167,0.0000,-0.0167,0.9999,0.0000,0.0000,0.0000,1.0000,0.0210,0.0279,0.0569
23,10,27.8697,0.2034,0.4546,0.9999,0.0167,0.0000,-0.0167,0.9999,0.0000,0.0000,0.0000,1.0000,0.0210,0.0279,0.0569
24,0,28.5477,0.2815,0.4400,0.9998,0.0174,0.0000,-0.0174,0.9998,0.0000,0.0000,0.0000,1.0000,0.2577,0.2263,0.1400
24,1,28.5557,0.2846,0.6052,0.9998,0.0174,0.0000,-0.0174,0.9998,0.0000,0.0000,0.0000,1.0000,0.1100,0.2168,0.3052
24,2,28.6326,0.2256,0.5173,0.9998,0.0174,0.0000,-0.0174,0.9998,0.0000,0.0000,0.0000,1.0000,0.1101,0.3070,0.2173
24,3,28.6581,0.0493,0.5889,0.9998,0.0174,0.0000,-0.0174,0.9998,0.0000,0.0000,0.0000,1.0000,0.2836,0.2073,0.2889
24,4,28.7770,0.0049,0.5062,0.9998,0.0174,0.0000,-0.0174,0.9998,0.0000,0.0000,0.0000,1.0000,0.2820,0.2947,0.2062
24,5,28.9422,0.1446,0.6614,0.9998,0.0174,0.0000,-0.0174,0.9998,0.0000,0.0000,0.0000,1.0000,0.1112,0.2100,0.3614
24,6,29.0349,0.1657,0.4265,0.9998,0.0174,0.0000,-0.0174,0.9998,0.0000,0.0000,0.0000,1.0000,0.1972,0.1336,0.1265
24,7,29.1436,0.1760,0.4491,0.9998,0.0174,0.0000,-0.0174,0.9998,0.0000,0.0000,0.0000,1.0000,0.1624,0.1625,0.0548
24,8,29.1702,0.2196,0.4472,0.9998,0.0174,0.0000,-0.0174,0.9998,0.0000,0.0000,0.0000,1.0000,0.0831,0.2046,0.1050
24,9,29.1994,0.2865,0.4544,0.9998,0.0174,0.0000,-0.0174,0.9998,0.0000,0.0000,0.0000,1.0000,0.0210,0.0279,0.0569
24,10,29.2443,0.2273,0.4546,0.9998,0.0174,0.0000,-0.0174,0.9998,0.0000,0.0000,0.0000,1.0000,0.0210,0.0279,0.0569
25,0,29.9399,0.3059,0.4400,0.9998,0.0177,0.0000,-0.0177,0.9998,0.0000,0.0000,0.0000,1.0000,0.2577,0.2263,0.1400
25,1,29.9479,0.3090,0.6052,0.9998,0.0177,0.0000,-0.0177,0.9998,0.0000,0.0000,0.0000,1.0000,0.1100,0.2168,0.3052
25,2,30.0249,0.2500,0.5173,0.9998,0.0177,0.0000,-0.0177,0.9998,0.0000,0.0000,0.0000,1.0000,0.1101,0.3070,0.2173
25,3,30.0504,0.0737,0.5889,0.9998,0.0177,0.0000,-0.0177,0.9998,0.0000,0.0000,0.0000,1.0000,0.2836,0.2073,0.2889
25,4,30.1693,0.0293,0.5062,0.9998,0.0177,0.0000,-0.0177,0.9998,0.0000,0.0000,0.0000,1.0000,0.2820,0.2947,0.2062
25,5,30.3344,0.1691,0.6614,0.9998,0.0177,0.0000,-0.0177,0.9998,0.0000,0.0000,0.0000,1.0000,0.1112,0.2100,0.3614
25,6,30.4271,0.1902,0.4265,0.9998,0.0177,0.0000,-0.0177,0.9998,0.0000,0.0000,0.0000,1.0000,0.1972,0.1336,0.1265
25,7,30.5358,0.2005,0.4491,0.9998,0.0177,0.0000,-0.0177,0.9998,0.0000,0.0000,0.0000,1.0000,0.1624,0.1625,0.0548
25,8,30.5625,0.2442,0.4472,0.9998,0.0177,0.0000,-0.0177,0.9998,0.0000,0.0000,0.0000,1.0000,0.0831,0.2046,0.1050
25,9,30.5916,0.3110,0.4544,0.9998,0.0177,0.0000,-0.0177,0.9998,0.0000,0.0000,0.0000,1.0000,0.0210,0.0279,0.0569
25,10,30.6365,0.2519,0.4546,0.9998,0.0177,0.0000,-0.0177,0.9998,0.0000,0.0000,0.0000,1.0000,0.0210,0.0279,0.0569
26,0,31.3493,0.3317,0.4400,0.9998,0.0189,0.0000,-0.0189,0.9998,0.0000,0.0000,0.0000,1.0000,0.2577,0.2263,0.1400
26,1,31.3573,0.3347,0.6052,0.9998,0.0189,0.0000,-0.0189,0.9998,0.0000,0.0000,0.0000,1.0000,0.1100,0.2168,0.3052
26,2,31.4343,0.2759,0.5173,0.9998,0.0189,0.0000,-0.0189,0.9998,0.0000,0.0000,0.0000,1.0000,0.1101,0.3070,0.2173
26,3,31.4601,0.0996,0.5889,0.9998,0.0189,0.0000,-0.0189,0.9998,0.0000,0.0000,0.0000,1.0000,0.2836,0.2073,0.2889
26,4,31.5790,0.0554,0.5062,0.9998,0.0189,0.0000,-0.0189,0.9998,0.0000,0.0000,0.0000,1.0000,0.2820,0.2947,0.2062
26,5,31.7440,0.1953,0.6614,0.9998,0.0189,0.0000,-0.0189,0.9998,0.0000,0.0000,0.0000,1.0000,0.1112,0.2100,0.3614
26,6,31.8366,0.2166,0.4265,0.9998,0.0189,0.0000,-0.0189,0.9998,0.0000,0.0000,0.0000,1.0000,0.1972,0.1336,0.1265
26,7,31.9454,0.2270,0.4491,0.9998,0.0189,0.0000,-0.0189,0.9998,0.0000,0.0000,0.0000,1.0000,0.1624,0.1625,0.0548
26,8,31.9719,0.2707,0.4472,0.9998,0.0189,0.0000,-0.0189,0.9998,0.0000,0.0000,0.0000,1.0000,0.0831,0.2046,0.1050
26,9,32.0010,0.3376,0.4544,0.9998,0.0189,0.0000,-0.0189,0.9998,0.0000,0.0000,0.0000,1.0000,0.0210,0.0279,0.0569
26,10,32.0460,0.2785,0.4546,0.9998,0.0189,0.0000,-0.0189,0.9998,0.0000,0.0000,0.0000,1.0000,0.0210,0.0279,0.0569
27,0,32.7750,0.3588,0.4400,0.9998,0.0191,0.0000,-0.0191,0.9998,0.0000,0.0000,0.0000,1.0000,0.2577,0.2263,0.1400
27,1,32.7830,0.3618,0.6052,0.9998,0.0191,0.0000,-0.0191,0.9998,0.0000,0.0000,0.0000,1.0000,0.1100,0.2168,0.3052
27,2,32.8600,0.3030,0.5173,0.9998,0.0191,0.0000,-0.0191,0.9998,0.0000,0.0000,0.0000,1.0000,0.1101,0.3070,0.2173
27,3,32.8858,0.1268,0.5889,0.9998,0.0191,0.0000,-0.0191,0.9998,0.0000,0.0000,0.0000,1.0000,0.2836,0.2073,0.2889
27,4,33.0048,0.0825,0.5062,0.9998,0.0191,0.0000,-0.0191,0.9998,0.0000,0.0000,0.0000,1.0000,0.2820,0.2947,0.2062
27,5,33.1697,0.2225,0.6614,0.9998,0.0191,0.0000,-0.0191,0.9998,0.0000,0.0000,0.0000,1.0000,0.1112,0.2100,0.3614
27,6,33.2623,0.2438,0.4265,0.9998,0.0191,0.0000,-0.0191,0.9998,0.0000,0.0000,0.0000,1.0000,0.1972,0.1336,0.1265
27,7,33.3711,0.2543,0.4491,0.9998,0.0191,0.0000,-0.0191,0.9998,0.0000,0.0000,0.0000,1.0000,0.1624,0.1625,0.0548
27,8,33.3976,0.2980,0.4472,0.9998,0.0191,0.0000,-0.0191,0.9998,0.0000,0.0000,0.0000,1.0000,0.0831,0.2046,0.1050
27,9,33.4267,0.3649,0.4544,0.9998,0.0191,0.0000,-0.0191,0.9998,0.0000,0.0000,0.0000,1.0000,0.0210,0.0279,0.0569
27,10,33.4717,0.3058,0.4546,0.9998,0.0191,0.0000,-0.0191,0.9998,0.0000,0.0000,0.0000,1.0000,0.0210,0.0279,0.0569
28,0,34.2155,0.3862,0.4400,0.9998,0.0189,0.0000,-0.0189,0.9998,0.0000,0.0000,0.0000,1.0000,0.2577,0.2263,0.1400
28,1,34.2236,0.3892,0.6052,0.9998,0.0189,0.0000,-0.0189,0.9998,0.0000,0.0000,0.0000,1.0000,0.1100,0.2168,0.3052
28,2,34.3006,0.3304,0.5173,0.9998,0.0189,0.0000,-0.0189,0.9998,0.0000,0.0000,0.0000,1.0000,0.1101,0.3070,0.2173
28,3,34.3263,0.1541,0.5889,0.9998,0.0189,0.0000,-0.0189,0.9998,0.0000,0.0000,0.0000,1.0000,0.2836,0.2073,0.2889
28,4,34.4453,0.1099,0.5062,0.9998,0.0189,0.0000,-0.0189,0.9998,0.0000,0.0000,0.0000,1.0000,0.2820,0.2947,0.2062
28,5,34.6103,0.2498,0.6614,0.9998,0.0189,0.0000,-0.0189,0.9998,0.0000,0.0000,0.0000,1.0000,0.1112,0.2100,0.3614
28,6,34.7029,0.2711,0.4265,0.9998,0.0189,0.0000,-0.0189,0.9998,0.0000,0.0000,0.0000,1.0000,0.1972,0.1336,0.1265
28,7,34.8116,0.2815,0.4491,0.9998,0.0189,0.0000,-0.0189,0.9998,0.0000,0.0000,0.0000,1.0000,0.1624,0.1625,0.0548
28,8,34.8382,0.3252,0.4472,0.9998,0.0189,0.0000,-0.0189,0.9998,0.0000,0.0000,0.0000,1.0000,0.0831,0.2046,0.1050
28,9,34.8672,0.3921,0.4544,0.9998,0.0189,0.0000,-0.0189,0.9998,0.0000,0.0000,0.0000,1.0000,0.0210,0.0279,0.0569
28,10,34.9123,0.3330,0.4546,0.9998,0.0189,0.0000,-0.0189,0.9998,0.0000,0.0000,0.0000,1.0000,0.0210,0.0279,0.0569
29,0,35.6698,0.4141,0.4400,0.9998,0.0195,0.0000,-0.0195,0.9998,0.0000,0.0000,0.0000,1.0000,0.2577,0.2263,0.1400
29,1,35.6779,0.4171,0.6052,0.9998,0.0195,0.0000,-0.0195,0.9998,0.0000,0.0000,0.0000,1.0000,0.1100,0.2168,0.3052
29,2,35.7549,0.3583,0.5173,0.9998,0.0195,0.0000,-0.0195,0.9998,0.0000,0.0000,0.0000,1.0000,0.1101,0.3070,0.2173
29,3,35.7808,0.1821,0.5889,0.9998,0.0195,0.0000,-0.0195,0.9998,0.0000,0.0000,0.0000,1.0000,0.2836,0.2073,0.2889
29,4,35.8998,0.1379,0.5062,0.9998,0.0195,0.0000,-0.0195,0.9998,0.0000,0.0000,0.0000,1.0000,0.2820,0.2947,0.2062
29,5,36.0647,0.2780,0.6614,0.9998,0.0195,0.0000,-0.0195,0.9998,0.0000,0.0000,0.0000,1.0000,0.1112,0.2100,0.3614
29,6,36.1573,0.2993,0.4265,0.9998,0.0195,0.0000,-0.0195,0.9998,0.0000,0.0000,0.0000,1.0000,0.1972,0.1336,0.1265
29,7,36.2660,0.3098,0.4491,0.9998,0.0195,0.0000,-0.0195,0.9998,0.0000,0.0000,0.0000,1.0000,0.1624,0.1625,0.0548
29,8,36.2925,0.3535,0.4472,0.9998,0.0195,0.0000,-0.0195,0.9998,0.0000,0.0000,0.0000,1.0000,0.0831,0.2046,0.1050
29,9,36.3215,0.4204,0.4544,0.9998,0.0195,0.0000,-0.0195,0.9998,0.0000,0.0000,0.0000,1.0000,0.0210,0.0279,0.0569
29,10,36.3666,0.3614,0.4546,0.9998,0.0195,0.0000,-0.0195,0.9998,0.0000,0.0000,0.0000,1.0000,0.0210,0.0279,0.0569
30,0,37.1373,0.4424,0.4400,0.9998,0.0191,0.0000,-0.0191,0.9998,0.0000,0.0000,0.0000,1.0000,0.2577,0.2263,0.1400
30,1,37.1453,0.4455,0.6052,0.9998,0.0191,0.0000,-0.0191,0.9998,0.0000,0.0000,0.0000,1.0000,0.1100,0.2168,0.3052
30,2,37.2223,0.3866,0.5173,0.9998,0.0191,0.0000,-0.0191,0.9998,0.0000,0.0000,0.0000,1.0000,0.1101,0.3070,0.2173
30,3,37.2481,0.2104,0.5889,0.9998,0.0191,0.0000,-0.0191,0.9998,0.0000,0.0000,0.0000,1.0000,0.2836,0.2073,0.2889
30,4,37.3671,0.1661,0.5062,0.9998,0.0191,0.0000,-0.0191,0.9998,0.0000,0.0000,0.0000,1.0000,0.2820,0.2947,0.2062
30,5,37.5320,0.3061,0.6614,0.9998,0.0191,0.0000,-0.0191,0.9998,0.0000,0.0000,0.0000,1.0000,0.1112,0.2100,0.3614
30,6,37.6246,0.3274,0.4265,0.9998,0.0191,0.0000,-0.0191,0.9998,0.0000,0.0000,0.0000,1.0000,0.1972,0.1336,0.1265
30,7,37.7334,0.3379,0.4491,0.9998,0.0191,0.0000,-0.0191,0.9998,0.0000,0.0000,0.0000,1.0000,0.1624,0.1625,0.0548
30,8,37.7599,0.3816,0.4472,0.9998,0.0191,0.0000,-0.0191,0.9998,0.0000,0.0000,0.0000,1.0000,0.0831,0.2046,0.1050
30,9,37.7890,0.4484,0.4544,0.9998,0.0191,0.0000,-0.0191,0.9998,0.0000,0.0000,0.0000,1.0000,0.0210,0.0279,0.0569
30,10,37.8340,0.3894,0.4546,0.9998,0.0191,0.0000,-0.0191,0.9998,0.0000,0.0000,0.0000,1.0000,0.0210,0.0279,0.0569
31,0,38.6177,0.4705,0.4400,0.9998,0.0188,0.0000,-0.0188,0.9998,0.0000,0.0000,0.0000,1.0000,0.2577,0.2263,0.1400
31,1,38.6258,0.4735,0.6052,0.9998,0.0188,0.0000,-0.0188,0.9998,0.0000,0.0000,0.0000,1.0000,0.1100,0.2168,0.3052
31,2,38.7028,0.4147,0.5173,0.9998,0.0188,0.0000,-0.0188,0.9998,0.0000,0.0000,0.0000,1.0000,0.1101,0.3070,0.2173
31,3,38.7285,0.2384,0.5889,0.9998,0.0188,0.0000,-0.0188,0.9998,0.0000,0.0000,0.0000,1.0000,0.2836,0.2073,0.2889
31,4,38.8475,0.1942,0.5062,0.9998,0.0188,0.0000,-0.0188,0.9998,0.0000,0.0000,0.0000,1.0000,0.2820,0.2947,0.2062
31,5,39.0125,0.3341,0.6614,0.9998,0.0188,0.0000,-0.0188,0.9998,0.0000,0.0000,0.0000,1.0000,0.1112,0.2100,0.3614
31,6,39.1051,0.3553,0.4265,0.9998,0.0188,0.0000,-0.0188,0.9998,0.0000,0.0000,0.0000,1.0000,0.1972,0.1336,0.1265
31,7,39.2138,0.3658,0.4491,0.9998,0.0188,0.0000,-0.0188,0.9998,0.0000,0.0000,0.0000,1.0000,0.1624,0.1625,0.0548
31,8,39.2404,0.4095,0.4472,0.9998,0.0188,0.0000,-0.0188,0.9998,0.0000,0.0000,0.0000,1.0000,0.0831,0.2046,0.1050
31,9,39.2695,0.4764,0.4544,0.9998,0.0188,0.0000,-0.0188,0.9998,0.0000,0.0000,0.0000,1.0000,0.0210,0.0279,0.0569
31,10,39.3145,0.4173,0.4546,0.9998,0.0188,0.0000,-0.0188,0.9998,0.0000,0.0000,0.0000,1.0000,0.0210,0.0279,0.0569
32,0,40.1114,0.4987,0.4400,0.9998,0.0189,0.0000,-0.0189,0.9998,0.0000,0.0000,0.0000,1.0000,0.2577,0.2263,0.1400
32,1,40.1194,0.5017,0.6052,0.9998,0.0189,0.0000,-0.0189,0.9998,0.0000,0.0000,0.0000,1.0000,0.1100,0.2168,0.3052
32,2,40.1964,0.4429,0.5173,0.9998,0.0189,0.0000,-0.0189,0.9998,0.0000,0.0000,0.0000,1.0000,0.1101,0.3070,0.2173
32,3,40.2222,0.2666,0.5889,0.9998,0.0189,0.0000,-0.0189,0.9998,0.0000,0.0000,0.0000,1.0000,0.2836,0.2073,0.2889
32,4,40.3411,0.2224,0.5062,0.9998,0.0189,0.0000,-0.0189,0.9998,0.0000,0.0000,0.0000,1.0000,0.2820,0.2947,0.2062
32,5,40.5061,0.3623,0.6614,0.9998,0.0189,0.0000,-0.0189,0.9998,0.0000,0.0000,0.0000,1.0000,0.1112,0.2100,0.3614
32,6,40.5987,0.3836,0.4265,0.9998,0.0189,0.0000,-0.0189,0.9998,0.0000,0.0000,0.0000,1.0000,0.1972,0.1336,0.1265
32,7,40.7075,0.3940,0.4491,0.9998,0.0189,0.0000,-0.0189,0.9998,0.0000,0.0000,0.0000,1.0000,0.1624,0.1625,0.0548
32,8,40.7340,0.4377,0.4472,0.9998,0.0189,0.0000,-0.0189,0.9998,0.0000,0.0000,0.0000,1.0000,0.0831,0.2046,0.1050
32,9,40.7631,0.5046,0.4544,0.9998,0.0189,0.0000,-0.0189,0.9998,0.0000,0.0000,0.0000,1.0000,0.0210,0.0279,0.0569
32,10,40.8081,0.4455,0.4546,0.9998,0.0189,0.0000,-0.0189,0.9998,0.0000,0.0000,0.0000,1.0000,0.0210,0.0279,0.0569
33,0,41.6182,0.5276,0.4400,0.9998,0.0195,0.0000,-0.0195,0.9998,0.0000,0.0000,0.0000,1.0000,0.2577,0.2263,0.1400
33,1,41.6263,0.5307,0.6052,0.9998,0.0195,0.0000,-0.0195,0.9998,0.0000,0.0000,0.0000,1.0000,0.1100,0.2168,0.3052
33,2,41.7033,0.4718,0.5173,0.9998,0.0195,0.0000,-0.0195,0.9998,0.0000,0.0000,0.0000,1.0000,0.1101,0.3070,0.2173
33,3,41.7292,0.2956,0.5889,0.9998,0.0195,0.0000,-0.0195,0.9998,0.0000,0.0000,0.0000,1.0000,0.2836,0.2073,0.2889
33,4,41.8481,0.2514,0.5062,0.9998,0.0195,0.0000,-0.0195,0.9998,0.0000,0.0000,0.0000,1.0000,0.2820,0.2947,0.2062
33,5,42.0130,0.3915,0.6614,0.9998,0.0195,0.0000,-0.0195,0.9998,0.0000,0.0000,0.0000,1.0000,0.1112,0.2100,0.3614
33,6,42.1056,0.4128,0.4265,0.9998,0.0195,0.0000,-0.0195,0.9998,0.0000,0.0000,0.0000,1.0000,0.1972,0.1336,0.1265
33,7,42.2144,0.4233,0.4491,0.9998,0.0195,0.0000,-0.0195,0.9998,0.0000,0.0000,0.0000,1.0000,0.1624,0.1625,0.0548
33,8,42.2409,0.4670,0.4472,0.9998,0.0195,0.0000,-0.0195,0.9998,0.0000,0.0000,0.0000,1.0000,0.0831,0.2046,0.1050
33,9,42.2699,0.5339,0.4544,0.9998,0.0195,0.0000,-0.0195,0.9998,0.0000,0.0000,0.0000,1.0000,0.0210,0.0279,0.0569
33,10,42.3150,0.4749,0.4546,0.9998,0.0195,0.0000,-0.0195,0.9998,0.0000,0.0000,0.0000,1.0000,0.0210,0.0279,0.0569
34,0,43.1383,0.5575,0.4400,0.9998,0.0199,0.0000,-0.0199,0.9998,0.0000,0.0000,0.0000,1.0000,0.2577,0.2263,0.1400
34,1,43.1463,0.5605,0.6052,0.9998,0.0199,0.0000,-0.0199,0.9998,0.0000,0.0000,0.0000,1.0000,0.1100,0.2168,0.3052
34,2,43.2234,0.5018,0.5173,0.9998,0.0199,0.0000,-0.0199,0.9998,0.0000,0.0000,0.0000,1.0000,0.1101,0.3070,0.2173
34,3,43.2493,0.3255,0.5889,0.9998,0.0199,0.0000,-0.0199,0.9998,0.0000,0.0000,0.0000,1.0000,0.2836,0.2073,0.2889
34,4,43.3683,0.2814,0.5062,0.9998,0.0199,0.0000,-0.0199,0.9998,0.0000,0.0000,0.0000,1.0000,0.2820,0.2947,0.2062
34,5,43.5331,0.4215,0.6614,0.9998,0.0199,0.0000,-0.0199,0.9998,0.0000,0.0000,0.0000,1.0000,0.1112,0.2100,0.3614
34,6,43.6257,0.4428,0.4265,0.9998,0.0199,0.0000,-0.0199,0.9998,0.0000,0.0000,0.0000,1.0000,0.1972,0.1336,0.1265
34,7,43.7344,0.4534,0.4491,0.9998,0.0199,0.0000,-0.0199,0.9998,0.0000,0.0000,0.0000,1.0000,0.1624,0.1625,0.0548
34,8,43.7610,0.4971,0.4472,0.9998,0.0199,0.0000,-0.0199,0.9998,0.0000,0.0000,0.0000,1.0000,0.0831,0.2046,0.1050
34,9,43.7899,0.5640,0.4544,0.9998,0.0199,0.0000,-0.0199,0.9998,0.0000,0.0000,0.0000,1.0000,0.0210,0.0279,0.0569
34,10,43.8350,0.5050,0.4546,0.9998,0.0199,0.0000,-0.0199,0.9998,0.0000,0.0000,0.0000,1.0000,0.0210,0.0279,0.0569
35,0,44.6711,0.5889,0.4400,0.9998,0.0212,0.0000,-0.0212,0.9998,0.0000,0.0000,0.0000,1.0000,0.2577,0.2263,0.1400
35,1,44.6791,0.5920,0.6052,0.9998,0.0212,0.0000,-0.0212,0.9998,0.0000,0.0000,0.0000,1.0000,0.1100,0.2168,0.3052
35,2,44.7563,0.5333,0.5173,0.9998,0.0212,0.0000,-0.0212,0.9998,0.0000,0.0000,0.0000,1.0000,0.1101,0.3070,0.2173
35,3,44.7824,0.3571,0.5889,0.9998,0.0212,0.0000,-0.0212,0.9998,0.0000,0.0000,0.0000,1.0000,0.2836,0.2073,0.2889
35,4,44.9015,0.3131,0.5062,0.9998,0.0212,0.0000,-0.0212,0.9998,0.0000,0.0000,0.0000,1.0000,0.2820,0.2947,0.2062
35,5,45.0662,0.4535,0.6614,0.9998,0.0212,0.0000,-0.0212,0.9998,0.0000,0.0000,0.0000,1.0000,0.1112,0.2100,0.3614
35,6,45.1587,0.4749,0.4265,0.9998,0.0212,0.0000,-0.0212,0.9998,0.0000,0.0000,0.0000,1.0000,0.1972,0.1336,0.1265
35,7,45.2674,0.4856,0.4491,0.9998,0.0212,0.0000,-0.0212,0.9998,0.0000,0.0000,0.0000,1.0000,0.1624,0.1625,0.0548
35,8,45.2939,0.5294,0.4472,0.9998,0.0212,0.0000,-0.0212,0.9998,0.0000,0.0000,0.0000,1.0000,0.0831,0.2046,0.1050
35,9,45.3228,0.5963,0.4544,0.9998,0.0212,0.0000,-0.0212,0.9998,0.0000,0.0000,0.0000,1.0000,0.0210,0.0279,0.0569
35,10,45.3679,0.5374,0.4546,0.9998,0.0212,0.0000,-0.0212,0.9998,0.0000,0.0000,0.0000,1.0000,0.0210,0.0279,0.0569
36,0,46.2162,0.6227,0.4400,0.9997,0.0226,0.0000,-0.0226,0.9997,0.0000,0.0000,0.0000,1.0000,0.2577,0.2263,0.1400
36,1,46.2242,0.6258,0.6052,0.9997,0.0226,0.0000,-0.0226,0.9997,0.0000,0.0000,0.0000,1.0000,0.1100,0.2168,0.3052
36,2,46.3014,0.5672,0.5173,0.9997,0.0226,0.0000,-0.0226,0.9997,0.0000,0.0000,0.0000,1.0000,0.1101,0.3070,0.2173
36,3,46.3278,0.3911,0.5889,0.9997,0.0226,0.0000,-0.0226,0.9997,0.0000,0.0000,0.0000,1.0000,0.2836,0.2073,0.2889
36,4,46.4469,0.3472,0.5062,0.9997,0.0226,0.0000,-0.0226,0.9997,0.0000,0.0000,0.0000,1.0000,0.2820,0.2947,0.2062
36,5,46.6114,0.4878,0.6614,0.9997,0.0226,0.0000,-0.0226,0.9997,0.0000,0.0000,0.0000,1.0000,0.1112,0.2100,0.3614
36,6,46.7040,0.5094,0.4265,0.9997,0.0226,0.0000,-0.0226,0.9997,0.0000,0.0000,0.0000,1.0000,0.1972,0.1336,0.1265
36,7,46.8126,0.5202,0.4491,0.9997,0.0226,0.0000,-0.0226,0.9997,0.0000,0.0000,0.0000,1.0000,0.1624,0.1625,0.0548
36,8,46.8391,0.5641,0.4472,0.9997,0.0226,0.0000,-0.0226,0.9997,0.0000,0.0000,0.0000,1.0000,0.0831,0.2046,0.1050
36,9,46.8678,0.6310,0.4544,0.9997,0.0226,0.0000,-0.0226,0.9997,0.0000,0.0000,0.0000,1.0000,0.0210,0.0279,0.0569
36,10,46.9131,0.5721,0.4546,0.9997,0.0226,0.0000,-0.0226,0.9997,0.0000,0.0000,0.0000,1.0000,0.0210,0.0279,0.0569
37,0,47.7729,0.6581,0.4400,0.9997,0.0229,0.0000,-0.0229,0.9997,0.0000,0.0000,0.0000,1.0000,0.2577,0.2263,0.1400
37,1,47.7809,0.6612,0.6052,0.9997,0.0229,0.0000,-0.0229,0.9997,0.0000,0.0000,0.0000,1.0000,0.1100,0.2168,0.3052
37,2,47.8582,0.6027,0.5173,0.9997,0.0229,0.0000,-0.0229,0.9997,0.0000,0.0000,0.0000,1.0000,0.1101,0.3070,0.2173
37,3,47.8846,0.4265,0.5889,0.9997,0.0229,0.0000,-0.0229,0.9997,0.0000,0.0000,0.0000,1.0000,0.2836,0.2073,0.2889
37,4,48.0038,0.3828,0.5062,0.9997,0.0229,0.0000,-0.0229,0.9997,0.0000,0.0000,0.0000,1.0000,0.2820,0.2947,0.2062
37,5,48.1682,0.5234,0.6614,0.9997,0.0229,0.0000,-0.0229,0.9997,0.0000,0.0000,0.0000,1.0000,0.1112,0.2100,0.3614
37,6,48.2607,0.5450,0.4265,0.9997,0.0229,0.0000,-0.0229,0.9997,0.0000,0.0000,0.0000,1.0000,0.1972,0.1336,0.1265
37,7,48.3694,0.5559,0.4491,0.9997,0.0229,0.0000,-0.0229,0.9997,0.0000,0.0000,0.0000,1.0000,0.1624,0.1625,0.0548
37,8,48.3958,0.5997,0.4472,0.9997,0.0229,0.0000,-0.0229,0.9997,0.0000,0.0000,0.0000,1.0000,0.0831,0.2046,0.1050
37,9,48.4245,0.6667,0.4544,0.9997,0.0229,0.0000,-0.0229,0.9997,0.0000,0.0000,0.0000,1.0000,0.0210,0.0279,0.0569
37,10,48.4698,0.6078,0.4546,0.9997,0.0229,0.0000,-0.0229,0.9997,0.0000,0.0000,0.0000,1.0000,0.0210,0.0279,0.0569
38,0,49.3408,0.6942,0.4400,0.9997,0.0230,0.0000,-0.0230,0.9997,0.0000,0.0000,0.0000,1.0000,0.2577,0.2263,0.1400
38,1,49.3488,0.6973,0.6052,0.9997,0.0230,0.0000,-0.0230,0.9997,0.0000,0.0000,0.0000,1.0000,0.1100,0.2168,0.3052
38,2,49.4261,0.6388,0.5173,0.9997,0.0230,0.0000,-0.0230,0.9997,0.0000,0.0000,0.0000,1.0000,0.1101,0.3070,0.2173
38,3,49.4525,0.4626,0.5889,0.9997,0.0230,0.0000,-0.0230,0.9997,0.0000,0.0000,0.0000,1.0000,0.2836,0.2073,0.2889
38,4,49.5717,0.4189,0.5062,0.9997,0.0230,0.0000,-0.0230,0.9997,0.0000,0.0000,0.0000,1.0000,0.2820,0.2947,0.2062
38,5,49.7361,0.5595,0.6614,0.9997,0.0230,0.0000,-0.0230,0.9997,0.0000,0.0000,0.0000,1.0000,0.1112,0.2100,0.3614
38,6,49.8286,0.5811,0.4265,0.9997,0.0230,0.0000,-0.0230,0.9997,0.0000,0.0000,0.0000,1.0000,0.1972,0.1336,0.1265
38,7,49.9373,0.5920,0.4491,0.9997,0.0230,0.0000,-0.0230,0.9997,0.0000,0.0000,0.0000,1.0000,0.1624,0.1625,0.0548
38,8,49.9637,0.6358,0.4472,0.9997,0.0230,0.0000,-0.0230,0.9997,0.0000,0.0000,0.0000,1.0000,0.0831,0.2046,0.1050
38,9,49.9924,0.7028,0.4544,0.9997,0.0230,0.0000,-0.0230,0.9997,0.0000,0.0000,0.0000,1.0000,0.0210,0.0279,0.0569
38,10,50.0377,0.6440,0.4546,0.9997,0.0230,0.0000,-0.0230,0.9997,0.0000,0.0000,0.0000,1.0000,0.0210,0.0279,0.0569
39,0,50.9197,0.7304,0.4400,0.9997,0.0228,0.0000,-0.0228,0.9997,0.0000,0.0000,0.0000,1.0000,0.2577,0.2263,0.1400
39,1,50.9277,0.7335,0.6052,0.9997,0.0228,0.0000,-0.0228,0.9997,0.0000,0.0000,0.0000,1.0000,0.1100,0.2168,0.3052
39,2,51.0050,0.6750,0.5173,0.9997,0.0228,0.0000,-0.0228,0.9997,0.0000,0.0000,0.0000,1.0000,0.1101,0.3070,0.2173
39,3,51.0314,0.4988,0.5889,0.9997,0.0228,0.0000,-0.0228,0.9997,0.0000,0.0000,0.0000,1.0000,0.2836,0.2073,0.2889
39,4,51.1505,0.4550,0.5062,0.9997,0.0228,0.0000,-0.0228,0.9997,0.0000,0.0000,0.0000,1.0000,0.2820,0.2947,0.2062
39,5,51.3150,0.5956,0.6614,0.9997,0.0228,0.0000,-0.0228,0.9997,0.0000,0.0000,0.0000,1.0000,0.1112,0.2100,0.3614
39,6,51.4075,0.6172,0.4265,0.9997,0.0228,0.0000,-0.0228,0.9997,0.0000,0.0000,0.0000,1.0000,0.1972,0.1336,0.1265
39,7,51.5162,0.6281,0.4491,0.9997,0.0228,0.0000,-0.0228,0.9997,0.0000,0.0000,0.0000,1.0000,0.1624,0.1625,0.0548
39,8,51.5426,0.6719,0.4472,0.9997,0.0228,0.0000,-0.0228,0.9997,0.0000,0.0000,0.0000,1.0000,0.0831,0.2046,0.1050
39,9,51.5714,0.7389,0.4544,0.9997,0.0228,0.0000,-0.0228,0.9997,0.0000,0.0000,0.0000,1.0000,0.0210,0.0279,0.0569
39,10,51.6166,0.6800,0.4546,0.9997,0.0228,0.0000,-0.0228,0.9997,0.0000,0.0000,0.0000,1.0000,0.0210,0.0279,0.0569
40,0,52.5098,0.7665,0.4400,0.9997,0.0225,0.0000,-0.0225,0.9997,0.0000,0.0000,0.0000,1.0000,0.2577,0.2263,0.1400
40,1,52.5178,0.7695,0.6052,0.9997,0.0225,0.0000,-0.0225,0.9997,0.0000,0.0000,0.0000,1.0000,0.1100,0.2168,0.3052
40,2,52.5950,0.7110,0.5173,0.9997,0.0225,0.0000,-0.0225,0.9997,0.0000,0.0000,0.0000,1.0000,0.1101,0.3070,0.2173
40,3,52.6214,0.5348,0.5889,0.9997,0.0225,0.0000,-0.0225,0.9997,0.0000,0.0000,0.0000,1.0000,0.2836,0.2073,0.2889
40,4,52.7405,0.4910,0.5062,0.9997,0.0225,0.0000,-0.0225,0.9997,0.0000,0.0000,0.0000,1.0000,0.2820,0.2947,0.2062
40,5,52.9050,0.6315,0.6614,0.9997,0.0225,0.0000,-0.0225,0.9997,0.0000,0.0000,0.0000,1.0000,0.1112,0.2100,0.3614
40,6,52.9975,0.6531,0.4265,0.9997,0.0225,0.0000,-0.0225,0.9997,0.0000,0.0000,0.0000,1.0000,0.1972,0.1336,0.1265
40,7,53.1062,0.6639,0.4491,0.9997,0.0225,0.0000,-0.0225,0.9997,0.0000,0.0000,0.0000,1.0000,0.1624,0.1625,0.0548
40,8,53.1326,0.7077,0.4472,0.9997,0.0225,0.0000,-0.0225,0.9997,0.0000,0.0000,0.0000,1.0000,0.0831,0.2046,0.1050
40,9,53.1614,0.7747,0.4544,0.9997,0.0225,0.0000,-0.0225,0.9997,0.0000,0.0000,0.0000,1.0000,0.0210,0.0279,0.0569
40,10,53.2067,0.7158,0.4546,0.9997,0.0225,0.0000,-0.0225,0.9997,0.0000,0.0000,0.0000,1.0000,0.0210,0.0279,0.0569
41,0,54.1111,0.8026,0.4400,0.9997,0.0227,0.0000,-0.0227,0.9997,0.0000,0.0000,0.0000,1.0000,0.2577,0.2263,0.1400
41,1,54.1191,0.8057,0.6052,0.9997,0.0227,0.0000,-0.0227,0.9997,0.0000,0.0000,0.0000,1.0000,0.1100,0.2168,0.3052
41,2,54.1964,0.7471,0.5173,0.9997,0.0227,0.0000,-0.0227,0.9997,0.0000,0.0000,0.0000,1.0000,0.1101,0.3070,0.2173
41,3,54.2228,0.5710,0.5889,0.9997,0.0227,0.0000,-0.0227,0.9997,0.0000,0.0000,0.0000,1.0000,0.2836,0.2073,0.2889
41,4,54.3419,0.5272,0.5062,0.9997,0.0227,0.0000,-0.0227,0.9997,0.0000,0.0000,0.0000,1.0000,0.2820,0.2947,0.2062
41,5,54.5064,0.6678,0.6614,0.9997,0.0227,0.0000,-0.0227,0.9997,0.0000,0.0000,0.0000,1.0000,0.1112,0.2100,0.3614
41,6,54.5989,0.6894,0.4265,0.9997,0.0227,0.0000,-0.0227,0.9997,0.0000,0.0000,0.0000,1.0000,0.1972,0.1336,0.1265
41,7,54.7076,0.7002,0.4491,0.9997,0.0227,0.0000,-0.0227,0.9997,0.0000,0.0000,0.0000,1.0000,0.1624,0.1625,0.0548
41,8,54.7340,0.7440,0.4472,0.9997,0.0227,0.0000,-0.0227,0.9997,0.0000,0.0000,0.0000,1.0000,0.0831,0.2046,0.1050
41,9,54.7628,0.8110,0.4544,0.9997,0.0227,0.0000,-0.0227,0.9997,0.0000,0.0000,0.0000,1.0000,0.0210,0.0279,0.0569
41,10,54.8080,0.7521,0.4546,0.9997,0.0227,0.0000,-0.0227,0.9997,0.0000,0.0000,0.0000,1.0000,0.0210,0.0279,0.0569
42,0,55.7238,0.8400,0.4400,0.9997,0.0238,0.0000,-0.0238,0.9997,0.0000,0.0000,0.0000,1.0000,0.2577,0.2263,0.1400
42,1,55.7318,0.8431,0.6052,0.9997,0.0238,0.0000,-0.0238,0.9997,0.0000,0.0000,0.0000,1.0000,0.1100,0.2168,0.3052
42,2,55.8092,0.7847,0.5173,0.9997,0.0238,0.0000,-0.0238,0.9997,0.0000,0.0000,0.0000,1.0000,0.1101,0.3070,0.2173
42,3,55.8357,0.6085,0.5889,0.9997,0.0238,0.0000,-0.0238,0.9997,0.0000,0.0000,0.0000,1.0000,0.2836,0.2073,0.2889
42,4,55.9549,0.5649,0.5062,0.9997,0.0238,0.0000,-0.0238,0.9997,0.0000,0.0000,0.0000,1.0000,0.2820,0.2947,0.2062
42,5,56.1192,0.7056,0.6614,0.9997,0.0238,0.0000,-0.0238,0.9997,0.0000,0.0000,0.0000,1.0000,0.1112,0.2100,0.3614
42,6,56.2117,0.7273,0.4265,0.9997,0.0238,0.0000,-0.0238,0.9997,0.0000,0.0000,0.0000,1.0000,0.1972,0.1336,0.1265
42,7,56.3204,0.7383,0.4491,0.9997,0.0238,0.0000,-0.0238,0.9997,0.0000,0.0000,0.0000,1.0000,0.1624,0.1625,0.0548
42,8,56.3468,0.7821,0.4472,0.9997,0.0238,0.0000,-0.0238,0.9997,0.0000,0.0000,0.0000,1.0000,0.0831,0.2046,0.1050
42,9,56.3755,0.8491,0.4544,0.9997,0.0238,0.0000,-0.0238,0.9997,0.0000,0.0000,0.0000,1.0000,0.0210,0.0279,0.0569
42,10,56.4208,0.7903,0.4546,0.9997,0.0238,0.0000,-0.0238,0.9997,0.0000,0.0000,0.0000,1.0000,0.0210,0.0279,0.0569
43,0,57.3480,0.8788,0.4400,0.9997,0.0240,0.0000,-0.0240,0.9997,0.0000,0.0000,0.0000,1.0000,0.2577,0.2263,0.1400
43,1,57.3561,0.8819,0.6052,0.9997,0.0240,0.0000,-0.0240,0.9997,0.0000,0.0000,0.0000,1.0000,0.1100,0.2168,0.3052
43,2,57.4334,0.8235,0.5173,0.9997,0.0240,0.0000,-0.0240,0.9997,0.0000,0.0000,0.0000,1.0000,0.1101,0.3070,0.2173
43,3,57.4600,0.6474,0.5889,0.9997,0.0240,0.0000,-0.0240,0.9997,0.0000,0.0000,0.0000,1.0000,0.2836,0.2073,0.2889
43,4,57.5792,0.6037,0.5062,0.9997,0.0240,0.0000,-0.0240,0.9997,0.0000,0.0000,0.0000,1.0000,0.2820,0.2947,0.2062
43,5,57.7435,0.7445,0.6614,0.9997,0.0240,0.0000,-0.0240,0.9997,0.0000,0.0000,0.0000,1.0000,0.1112,0.2100,0.3614
43,6,57.8360,0.7662,0.4265,0.9997,0.0240,0.0000,-0.0240,0.9997,0.0000,0.0000,0.0000,1.0000,0.1972,0.1336,0.1265
43,7,57.9447,0.7772,0.4491,0.9997,0.0240,0.0000,-0.0240,0.9997,0.0000,0.0000,0.0000,1.0000,0.1624,0.1625,0.0548
43,8,57.9710,0.8211,0.4472,0.9997,0.0240,0.0000,-0.0240,0.9997,0.0000,0.0000,0.0000,1.0000,0.0831,0.2046,0.1050
43,9,57.9997,0.8881,0.4544,0.9997,0.0240,0.0000,-0.0240,0.9997,0.0000,0.0000,0.0000,1.0000,0.0210,0.0279,0.0569
43,10,58.0450,0.8293,0.4546,0.9997,0.0240,0.0000,-0.0240,0.9997,0.0000,0.0000,0.0000,1.0000,0.0210,0.0279,0.0569
44,0,58.9839,0.9174,0.4400,0.9997,0.0231,0.0000,-0.0231,0.9997,0.0000,0.0000,0.0000,1.0000,0.2577,0.2263,0.1400
44,1,58.9920,0.9205,0.6052,0.9997,0.0231,0.0000,-0.0231,0.9997,0.0000,0.0000,0.0000,1.0000,0.1100,0.2168,0.3052
44,2,59.0692,0.8620,0.5173,0.9997,0.0231,0.0000,-0.0231,0.9997,0.0000,0.0000,0.0000,1.0000,0.1101,0.3070,0.2173
44,3,59.0957,0.6858,0.5889,0.9997,0.0231,0.0000,-0.0231,0.9997,0.0000,0.0000,0.0000,1.0000,0.2836,0.2073,0.2889
44,4,59.2148,0.6421,0.5062,0.9997,0.0231,0.0000,-0.0231,0.9997,0.0000,0.0000,0.0000,1.0000,0.2820,0.2947,0.2062
44,5,59.3792,0.7827,0.6614,0.9997,0.0231,0.0000,-0.0231,0.9997,0.0000,0.0000,0.0000,1.0000,0.1112,0.2100,0.3614
44,6,59.4718,0.8043,0.4265,0.9997,0.0231,0.0000,-0.0231,0.9997,0.0000,0.0000,0.0000,1.0000,0.1972,0.1336,0.1265
44,7,59.5804,0.8152,0.4491,0.9997,0.0231,0.0000,-0.0231,0.9997,0.0000,0.0000,0.0000,1.0000,0.1624,0.1625,0.0548
44,8,59.6068,0.8591,0.4472,0.9997,0.0231,0.0000,-0.0231,0.9997,0.0000,0.0000,0.0000,1.0000,0.0831,0.2046,0.1050
44,9,59.6356,0.9260,0.4544,0.9997,0.0231,0.0000,-0.0231,0.9997,0.0000,0.0000,0.0000,1.0000,0.0210,0.0279,0.0569
44,10,59.6809,0.8672,0.4546,0.9997,0.0231,0.0000,-0.0231,0.9997,0.0000,0.0000,0.0000,1.0000,0.0210,0.0279,0.0569
45,0,60.6315,0.9551,0.4400,0.9997,0.0226,0.0000,-0.0226,0.9997,0.0000,0.0000,0.0000,1.0000,0.2577,0.2263,0.1400
45,1,60.6395,0.9582,0.6052,0.9997,0.0226,0.0000,-0.0226,0.9997,0.0000,0.0000,0.0000,1.0000,0.1100,0.2168,0.3052
45,2,60.7167,0.8996,0.5173,0.9997,0.0226,0.0000,-0.0226,0.9997,0.0000,0.0000,0.0000,1.0000,0.1101,0.3070,0.2173
45,3,60.7431,0.7235,0.5889,0.9997,0.0226,0.0000,-0.0226,0.9997,0.0000,0.0000,0.0000,1.0000,0.2836,0.2073,0.2889
45,4,60.8623,0.6796,0.5062,0.9997,0.0226,0.0000,-0.0226,0.9997,0.0000,0.0000,0.0000,1.0000,0.2820,0.2947,0.2062
45,5,61.0267,0.8202,0.6614,0.9997,0.0226,0.0000,-0.0226,0.9997,0.0000,0.0000,0.0000,1.0000,0.1112,0.2100,0.3614
45,6,61.1193,0.8418,0.4265,0.9997,0.0226,0.0000,-0.0226,0.9997,0.0000,0.0000,0.0000,1.0000,0.1972,0.1336,0.1265
45,7,61.2279,0.8527,0.4491,0.9997,0.0226,0.0000,-0.0226,0.9997,0.0000,0.0000,0.0000,1.0000,0.1624,0.1625,0.0548
45,8,61.2544,0.8965,0.4472,0.9997,0.0226,0.0000,-0.0226,0.9997,0.0000,0.0000,0.0000,1.0000,0.0831,0.2046,0.1050
45,9,61.2831,0.9635,0.4544,0.9997,0.0226,0.0000,-0.0226,0.9997,0.0000,0.0000,0.0000,1.0000,0.0210,0.0279,0.0569
45,10,61.3284,0.9046,0.4546,0.9997,0.0226,0.0000,-0.0226,0.9997,0.0000,0.0000,0.0000,1.0000,0.0210,0.0279,0.0569
46,0,62.2905,0.9922,0.4400,0.9998,0.0221,0.0000,-0.0221,0.9998,0.0000,0.0000,0.0000,1.0000,0.2577,0.2263,0.1400
46,1,62.2985,0.9953,0.6052,0.9998,0.0221,0.0000,-0.0221,0.9998,0.0000,0.0000,0.0000,1.0000,0.1100,0.2168,0.3052
46,2,62.3757,0.9367,0.5173,0.9998,0.0221,0.0000,-0.0221,0.9998,0.0000,0.0000,0.0000,1.0000,0.1101,0.3070,0.2173
46,3,62.4020,0.7605,0.5889,0.9998,0.0221,0.0000,-0.0221,0.9998,0.0000,0.0000,0.0000,1.0000,0.2836,0.2073,0.2889
46,4,62.5211,0.7166,0.5062,0.9998,0.0221,0.0000,-0.0221,0.9998,0.0000,0.0000,0.0000,1.0000,0.2820,0.2947,0.2062
46,5,62.6856,0.8571,0.6614,0.9998,0.0221,0.0000,-0.0221,0.9998,0.0000,0.0000,0.0000,1.0000,0.1112,0.2100,0.3614
46,6,62.7782,0.8786,0.4265,0.9998,0.0221,0.0000,-0.0221,0.9998,0.0000,0.0000,0.0000,1.0000,0.1972,0.1336,0.1265
46,7,62.8869,0.8894,0.4491,0.9998,0.0221,0.0000,-0.0221,0.9998,0.0000,0.0000,0.0000,1.0000,0.1624,0.1625,0.0548
46,8,62.9133,0.9332,0.4472,0.9998,0.0221,0.0000,-0.0221,0.9998,0.0000,0.0000,0.0000,1.0000,0.0831,0.2046,0.1050
46,9,62.9421,1.0002,0.4544,0.9998,0.0221,0.0000,-0.0221,0.9998,0.0000,0.0000,0.0000,1.0000,0.0210,0.0279,0.0569
46,10,62.9874,0.9413,0.4546,0.9998,0.0221,0.0000,-0.0221,0.9998,0.0000,0.0000,0.0000,1.0000,0.0210,0.0279,0.0569
47,0,63.9604,1.0285,0.4400,0.9998,0.0214,0.0000,-0.0214,0.9998,0.0000,0.0000,0.0000,1.0000,0.2577,0.2263,0.1400
47,1,63.9685,1.0316,0.6052,0.9998,0.0214,0.0000,-0.0214,0.9998,0.0000,0.0000,0.0000,1.0000,0.1100,0.2168,0.3052
47,2,64.0456,0.9730,0.5173,0.9998,0.0214,0.0000,-0.0214,0.9998,0.0000,0.0000,0.0000,1.0000,0.1101,0.3070,0.2173
47,3,64.0718,0.7968,0.5889,0.9998,0.0214,0.0000,-0.0214,0.9998,0.0000,0.0000,0.0000,1.0000,0.2836,0.2073,0.2889
47,4,64.1909,0.7528,0.5062,0.9998,0.0214,0.0000,-0.0214,0.9998,0.0000,0.0000,0.0000,1.0000,0.2820,0.2947,0.2062
47,5,64.3555,0.8932,0.6614,0.9998,0.0214,0.0000,-0.0214,0.9998,0.0000,0.0000,0.0000,1.0000,0.1112,0.2100,0.3614
47,6,64.4481,0.9147,0.4265,0.9998,0.0214,0.0000,-0.0214,0.9998,0.0000,0.0000,0.0000,1.0000,0.1972,0.1336,0.1265
47,7,64.5568,0.9254,0.4491,0.9998,0.0214,0.0000,-0.0214,0.9998,0.0000,0.0000,0.0000,1.0000,0.1624,0.1625,0.0548
47,8,64.5832,0.9692,0.4472,0.9998,0.0214,0.0000,-0.0214,0.9998,0.0000,0.0000,0.0000,1.0000,0.0831,0.2046,0.1050
47,9,64.6121,1.0361,0.4544,0.9998,0.0214,0.0000,-0.0214,0.9998,0.0000,0.0000,0.0000,1.0000,0.0210,0.0279,0.0569
47,10,64.6573,0.9772,0.4546,0.9998,0.0214,0.0000,-0.0214,0.9998,0.0000,0.0000,0.0000,1.0000,0.0210,0.0279,0.0569
48,0,65.6404,1.0657,0.4400,0.9997,0.0228,0.0000,-0.0228,0.9997,0.0000,0.0000,0.0000,1.0000,0.2577,0.2263,0.1400
48,1,65.6485,1.0687,0.6052,0.9997,0.0228,0.0000,-0.0228,0.9997,0.0000,0.0000,0.0000,1.0000,0.1100,0.2168,0.3052
48,2,65.7257,1.0102,0.5173,0.9997,0.0228,0.0000,-0.0228,0.9997,0.0000,0.0000,0.0000,1.0000,0.1101,0.3070,0.2173
48,3,65.7522,0.8340,0.5889,0.9997,0.0228,0.0000,-0.0228,0.9997,0.0000,0.0000,0.0000,1.0000,0.2836,0.2073,0.2889
48,4,65.8713,0.7903,0.5062,0.9997,0.0228,0.0000,-0.0228,0.9997,0.0000,0.0000,0.0000,1.0000,0.2820,0.2947,0.2062
48,5,66.0357,0.9308,0.6614,0.9997,0.0228,0.0000,-0.0228,0.9997,0.0000,0.0000,0.0000,1.0000,0.1112,0.2100,0.3614
48,6,66.1282,0.9525,0.4265,0.9997,0.0228,0.0000,-0.0228,0.9997,0.0000,0.0000,0.0000,1.0000,0.1972,0.1336,0.1265
48,7,66.2369,0.9633,0.4491,0.9997,0.0228,0.0000,-0.0228,0.9997,0.0000,0.0000,0.0000,1.0000,0.1624,0.1625,0.0548
48,8,66.2633,1.0072,0.4472,0.9997,0.0228,0.0000,-0.0228,0.9997,0.0000,0.0000,0.0000,1.0000,0.0831,0.2046,0.1050
48,9,66.2921,1.0741,0.4544,0.9997,0.0228,0.0000,-0.0228,0.9997,0.0000,0.0000,0.0000,1.0000,0.0210,0.0279,0.0569
48,10,66.3374,1.0152,0.4546,0.9997,0.0228,0.0000,-0.0228,0.9997,0.0000,0.0000,0.0000,1.0000,0.0210,0.0279,0.0569
49,0,67.3292,1.1041,0.4400,0.9997,0.0226,0.0000,-0.0226,0.9997,0.0000,0.0000,0.0000,1.0000,0.2577,0.2263,0.1400
49,1,67.3372,1.1071,0.6052,0.9997,0.0226,0.0000,-0.0226,0.9997,0.0000,0.0000,0.0000,1.0000,0.1100,0.2168,0.3052
49,2,67.4145,1.0486,0.5173,0.9997,0.0226,0.0000,-0.0226,0.9997,0.0000,0.0000,0.0000,1.0000,0.1101,0.3070,0.2173
49,3,67.4409,0.8724,0.5889,0.9997,0.0226,0.0000,-0.0226,0.9997,0.0000,0.0000,0.0000,1.0000,0.2836,0.2073,0.2889
49,4,67.5600,0.8286,0.5062,0.9997,0.0226,0.0000,-0.0226,0.9997,0.0000,0.0000,0.0000,1.0000,0.2820,0.2947,0.2062
49,5,67.7244,0.9692,0.6614,0.9997,0.0226,0.0000,-0.0226,0.9997,0.0000,0.0000,0.0000,1.0000,0.1112,0.2100,0.3614
49,6,67.8170,0.9908,0.4265,0.9997,0.0226,0.0000,-0.0226,0.9997,0.0000,0.0000,0.0000,1.0000,0.1972,0.1336,0.1265
49,7,67.9257,1.0016,0.4491,0.9997,0.0226,0.0000,-0.0226,0.9997,0.0000,0.0000,0.0000,1.0000,0.1624,0.1625,0.0548
49,8,67.9521,1.0454,0.4472,0.9997,0.0226,0.0000,-0.0226,0.9997,0.0000,0.0000,0.0000,1.0000,0.0831,0.2046,0.1050
49,9,67.9809,1.1124,0.4544,0.9997,0.0226,0.0000,-0.0226,0.9997,0.0000,0.0000,0.0000,1.0000,0.0210,0.0279,0.0569
49,10,68.0261,1.0535,0.4546,0.9997,0.0226,0.0000,-0.0226,0.9997,0.0000,0.0000,0.0000,1.0000,0.0210,0.0279,0.0569
50,0,69.0255,1.1417,0.4400,0.9998,0.0217,0.0000,-0.0217,0.9998,0.0000,0.0000,0.0000,1.0000,0.2577,0.2263,0.1400
50,1,69.0335,1.1448,0.6052,0.9998,0.0217,0.0000,-0.0217,0.9998,0.0000,0.0000,0.0000,1.0000,0.1100,0.2168,0.3052
50,2,69.1107,1.0862,0.5173,0.9998,0.0217,0.0000,-0.0217,0.9998,0.0000,0.0000,0.0000,1.0000,0.1101,0.3070,0.2173
50,3,69.1369,0.9100,0.5889,0.9998,0.0217,0.0000,-0.0217,0.9998,0.0000,0.0000,0.0000,1.0000,0.2836,0.2073,0.2889
50,4,69.2560,0.8661,0.5062,0.9998,0.0217,0.0000,-0.0217,0.9998,0.0000,0.0000,0.0000,1.0000,0.2820,0.2947,0.2062
50,5,69.4206,1.0065,0.6614,0.9998,0.0217,0.0000,-0.0217,0.9998,0.0000,0.0000,0.0000,1.0000,0.1112,0.2100,0.3614
50,6,69.5132,1.0280,0.4265,0.9998,0.0217,0.0000,-0.0217,0.9998,0.0000,0.0000,0.0000,1.0000,0.1972,0.1336,0.1265
50,7,69.6219,1.0387,0.4491,0.9998,0.0217,0.0000,-0.0217,0.9998,0.0000,0.0000,0.0000,1.0000,0.1624,0.1625,0.0548
50,8,69.6483,1.0825,0.4472,0.9998,0.0217,0.0000,-0.0217,0.9998,0.0000,0.0000,0.0000,1.0000,0.0831,0.2046,0.1050
50,9,69.6772,1.1495,0.4544,0.9998,0.0217,0.0000,-0.0217,0.9998,0.0000,0.0000,0.0000,1.0000,0.0210,0.0279,0.0569
50,10,69.7224,1.0905,0.4546,0.9998,0.0217,0.0000,-0.0217,0.9998,0.0000,0.0000,0.0000,1.0000,0.0210,0.0279,0.0569
51,0,70.7284,1.1780,0.4400,0.9998,0.0208,0.0000,-0.0208,0.9998,0.0000,0.0000,0.0000,1.0000,0.2577,0.2263,0.1400
51,1,70.7364,1.1810,0.6052,0.9998,0.0208,0.0000,-0.0208,0.9998,0.0000,0.0000,0.0000,1.0000,0.1100,0.2168,0.3052
51,2,70.8136,1.1223,0.5173,0.9998,0.0208,0.0000,-0.0208,0.9998,0.0000,0.0000,0.0000,1.0000,0.1101,0.3070,0.2173
51,3,70.8396,0.9461,0.5889,0.9998,0.0208,0.0000,-0.0208,0.9998,0.0000,0.0000,0.0000,1.0000,0.2836,0.2073,0.2889
51,4,70.9587,0.9021,0.5062,0.9998,0.0208,0.0000,-0.0208,0.9998,0.0000,0.0000,0.0000,1.0000,0.2820,0.2947,0.2062
51,5,71.1234,1.0423,0.6614,0.9998,0.0208,0.0000,-0.0208,0.9998,0.0000,0.0000,0.0000,1.0000,0.1112,0.2100,0.3614
51,6,71.2160,1.0638,0.4265,0.9998,0.0208,0.0000,-0.0208,0.9998,0.0000,0.0000,0.0000,1.0000,0.1972,0.1336,0.1265
51,7,71.3247,1.0744,0.4491,0.9998,0.0208,0.0000,-0.0208,0.9998,0.0000,0.0000,0.0000,1.0000,0.1624,0.1625,0.0548
51,8,71.3512,1.1182,0.4472,0.9998,0.0208,0.0000,-0.0208,0.9998,0.0000,0.0000,0.0000,1.0000,0.0831,0.2046,0.1050
51,9,71.3801,1.1851,0.4544,0.9998,0.0208,0.0000,-0.0208,0.9998,0.0000,0.0000,0.0000,1.0000,0.0210,0.0279,0.0569
51,10,71.4252,1.1261,0.4546,0.9998,0.0208,0.0000,-0.0208,0.9998,0.0000,0.0000,0.0000,1.0000,0.0210,0.0279,0.0569
52,0,72.4371,1.2133,0.4400,0.9998,0.0206,0.0000,-0.0206,0.9998,0.0000,0.0000,0.0000,1.0000,0.2577,0.2263,0.1400
52,1,72.4451,1.2164,0.6052,0.9998,0.0206,0.0000,-0.0206,0.9998,0.0000,0.0000,0.0000,1.0000,0.1100,0.2168,0.3052
52,2,72.5222,1.1577,0.5173,0.9998,0.0206,0.0000,-0.0206,0.9998,0.0000,0.0000,0.0000,1.0000,0.1101,0.3070,0.2173
52,3,72.5483,0.9815,0.5889,0.9998,0.0206,0.0000,-0.0206,0.9998,0.0000,0.0000,0.0000,1.0000,0.2836,0.2073,0.2889
52,4,72.6673,0.9374,0.5062,0.9998,0.0206,0.0000,-0.0206,0.9998,0.0000,0.0000,0.0000,1.0000,0.2820,0.2947,0.2062
52,5,72.8320,1.0776,0.6614,0.9998,0.0206,0.0000,-0.0206,0.9998,0.0000,0.0000,0.0000,1.0000,0.1112,0.2100,0.3614
52,6,72.9246,1.0990,0.4265,0.9998,0.0206,0.0000,-0.0206,0.9998,0.0000,0.0000,0.0000,1.0000,0.1972,0.1336,0.1265
52,7,73.0333,1.1097,0.4491,0.9998,0.0206,0.0000,-0.0206,0.9998,0.0000,0.0000,0.0000,1.0000,0.1624,0.1625,0.0548
52,8,73.0598,1.1534,0.4472,0.9998,0.0206,0.0000,-0.0206,0.9998,0.0000,0.0000,0.0000,1.0000,0.0831,0.2046,0.1050
52,9,73.0888,1.2203,0.4544,0.9998,0.0206,0.0000,-0.0206,0.9998,0.0000,0.0000,0.0000,1.0000,0.0210,0.0279,0.0569
52,10,73.1339,1.1614,0.4546,0.9998,0.0206,0.0000,-0.0206,0.9998,0.0000,0.0000,0.0000,1.0000,0.0210,0.0279,0.0569
53,0,74.1505,1.2482,0.4400,0.9998,0.0200,0.0000,-0.0200,0.9998,0.0000,0.0000,0.0000,1.0000,0.2577,0.2263,0.1400
53,1,74.1586,1.2512,0.6052,0.9998,0.0200,0.0000,-0.0200,0.9998,0.0000,0.0000,0.0000,1.0000,0.1100,0.2168,0.3052
53,2,74.2357,1.1925,0.5173,0.9998,0.0200,0.0000,-0.0200,0.9998,0.0000,0.0000,0.0000,1.0000,0.1101,0.3070,0.2173
53,3,74.2616,1.0162,0.5889,0.9998,0.0200,0.0000,-0.0200,0.9998,0.0000,0.0000,0.0000,1.0000,0.2836,0.2073,0.2889
53,4,74.3806,0.9721,0.5062,0.9998,0.0200,0.0000,-0.0200,0.9998,0.0000,0.0000,0.0000,1.0000,0.2820,0.2947,0.2062
53,5,74.5454,1.1123,0.6614,0.9998,0.0200,0.0000,-0.0200,0.9998,0.0000,0.0000,0.0000,1.0000,0.1112,0.2100,0.3614
53,6,74.6380,1.1336,0.4265,0.9998,0.0200,0.0000,-0.0200,0.9998,0.0000,0.0000,0.0000,1.0000,0.1972,0.1336,0.1265
53,7,74.7467,1.1442,0.4491,0.9998,0.0200,0.0000,-0.0200,0.9998,0.0000,0.0000,0.0000,1.0000,0.1624,0.1625,0.0548
53,8,74.7733,1.1879,0.4472,0.9998,0.0200,0.0000,-0.0200,0.9998,0.0000,0.0000,0.0000,1.0000,0.0831,0.2046,0.1050
53,9,74.8022,1.2548,0.4544,0.9998,0.0200,0.0000,-0.0200,0.9998,0.0000,0.0000,0.0000,1.0000,0.0210,0.0279,0.0569
53,10,74.8473,1.1958,0.4546,0.9998,0.0200,0.0000,-0.0200,0.9998,0.0000,0.0000,0.0000,1.0000,0.0210,0.0279,0.0569
54,0,75.8681,1.2829,0.4400,0.9998,0.0204,0.0000,-0.0204,0.9998,0.0000,0.0000,0.0000,1.0000,0.2577,0.2263,0.1400
54,1,75.8761,1.2860,0.6052,0.9998,0.0204,0.0000,-0.0204,0.9998,0.0000,0.0000,0.0000,1.0000,0.1100,0.2168,0.3052
54,2,75.9532,1.2272,0.5173,0.9998,0.0204,0.0000,-0.0204,0.9998,0.0000,0.0000,0.0000,1.0000,0.1101,0.3070,0.2173
54,3,75.9792,1.0510,0.5889,0.9998,0.0204,0.0000,-0.0204,0.9998,0.0000,0.0000,0.0000,1.0000,0.2836,0.2073,0.2889
54,4,76.0983,1.0069,0.5062,0.9998,0.0204,0.0000,-0.0204,0.9998,0.0000,0.0000,0.0000,1.0000,0.2820,0.2947,0.2062
54,5,76.2630,1.1471,0.6614,0.9998,0.0204,0.0000,-0.0204,0.9998,0.0000,0.0000,0.0000,1.0000,0.1112,0.2100,0.3614
54,6,76.3556,1.1685,0.4265,0.9998,0.0204,0.0000,-0.0204,0.9998,0.0000,0.0000,0.0000,1.0000,0.1972,0.1336,0.1265
54,7,76.4643,1.1791,0.4491,0.9998,0.0204,0.0000,-0.0204,0.9998,0.0000,0.0000,0.0000,1.0000,0.1624,0.1625,0.0548
54,8,76.4908,1.2229,0.4472,0.9998,0.0204,0.0000,-0.0204,0.9998,0.0000,0.0000,0.0000,1.0000,0.0831,0.2046,0.1050
54,9,76.5198,1.2898,0.4544,0.9998,0.0204,0.0000,-0.0204,0.9998,0.0000,0.0000,0.0000,1.0000,0.0210,0.0279,0.0569
54,10,76.5649,1.2308,0.4546,0.9998,0.0204,0.0000,-0.0204,0.9998,0.0000,0.0000,0.0000,1.0000,0.0210,0.0279,0.0569
55,0,77.5891,1.3168,0.4400,0.9998,0.0189,0.0000,-0.0189,0.9998,0.0000,0.0000,0.0000,1.0000,0.2577,0.2263,0.1400
55,1,77.5972,1.3198,0.6052,0.9998,0.0189,0.0000,-0.0189,0.9998,0.0000,0.0000,0.0000,1.0000,0.1100,0.2168,0.3052
55,2,77.6742,1.2610,0.5173,0.9998,0.0189,0.0000,-0.0189,0.9998,0.0000,0.0000,0.0000,1.0000,0.1101,0.3070,0.2173
55,3,77.7000,1.0847,0.5889,0.9998,0.0189,0.0000,-0.0189,0.9998,0.0000,0.0000,0.0000,1.0000,0.2836,0.2073,0.2889
55,4,77.8189,1.0405,0.5062,0.9998,0.0189,0.0000,-0.0189,0.9998,0.0000,0.0000,0.0000,1.0000,0.2820,0.2947,0.2062
55,5,77.9839,1.1804,0.6614,0.9998,0.0189,0.0000,-0.0189,0.9998,0.0000,0.0000,0.0000,1.0000,0.1112,0.2100,0.3614
55,6,78.0765,1.2017,0.4265,0.9998,0.0189,0.0000,-0.0189,0.9998,0.0000,0.0000,0.0000,1.0000,0.1972,0.1336,0.1265
55,7,78.1852,1.2121,0.4491,0.9998,0.0189,0.0000,-0.0189,0.9998,0.0000,0.0000,0.0000,1.0000,0.1624,0.1625,0.0548
55,8,78.2118,1.2558,0.4472,0.9998,0.0189,0.0000,-0.0189,0.9998,0.0000,0.0000,0.0000,1.0000,0.0831,0.2046,0.1050
55,9,78.2409,1.3227,0.4544,0.9998,0.0189,0.0000,-0.0189,0.9998,0.0000,0.0000,0.0000,1.0000,0.0210,0.0279,0.0569
55,10,78.2859,1.2636,0.4546,0.9998,0.0189,0.0000,-0.0189,0.9998,0.0000,0.0000,0.0000,1.0000,0.0210,0.0279,0.0569
56,0,79.3136,1.3481,0.4400,0.9998,0.0174,0.0000,-0.0174,0.9998,0.0000,0.0000,0.0000,1.0000,0.2577,0.2263,0.1400
56,1,79.3216,1.3512,0.6052,0.9998,0.0174,0.0000,-0.0174,0.9998,0.0000,0.0000,0.0000,1.0000,0.1100,0.2168,0.3052
56,2,79.3985,1.2922,0.5173,0.9998,0.0174,0.0000,-0.0174,0.9998,0.0000,0.0000,0.0000,1.0000,0.1101,0.3070,0.2173
56,3,79.4240,1.1159,0.5889,0.9998,0.0174,0.0000,-0.0174,0.9998,0.0000,0.0000,0.0000,1.0000,0.2836,0.2073,0.2889
56,4,79.5429,1.0715,0.5062,0.9998,0.0174,0.0000,-0.0174,0.9998,0.0000,0.0000,0.0000,1.0000,0.2820,0.2947,0.2062
56,5,79.7081,1.2111,0.6614,0.9998,0.0174,0.0000,-0.0174,0.9998,0.0000,0.0000,0.0000,1.0000,0.1112,0.2100,0.3614
56,6,79.8007,1.2323,0.4265,0.9998,0.0174,0.0000,-0.0174,0.9998,0.0000,0.0000,0.0000,1.0000,0.1972,0.1336,0.1265
56,7,79.9095,1.2425,0.4491,0.9998,0.0174,0.0000,-0.0174,0.9998,0.0000,0.0000,0.0000,1.0000,0.1624,0.1625,0.0548
56,8,79.9361,1.2862,0.4472,0.9998,0.0174,0.0000,-0.0174,0.9998,0.0000,0.0000,0.0000,1.0000,0.0831,0.2046,0.1050
56,9,79.9653,1.3530,0.4544,0.9998,0.0174,0.0000,-0.0174,0.9998,0.0000,0.0000,0.0000,1.0000,0.0210,0.0279,0.0569
56,10,80.0102,1.2939,0.4546,0.9998,0.0174,0.0000,-0.0174,0.9998,0.0000,0.0000,0.0000,1.0000,0.0210,0.0279,0.0569
57,0,81.0417,1.3772,0.4400,0.9999,0.0163,0.0000,-0.0163,0.9999,0.0000,0.0000,0.0000,1.0000,0.2577,0.2263,0.1400
57,1,81.0497,1.3803,0.6052,0.9999,0.0163,0.0000,-0.0163,0.9999,0.0000,0.0000,0.0000,1.0000,0.1100,0.2168,0.3052
57,2,81.1266,1.3212,0.5173,0.9999,0.0163,0.0000,-0.0163,0.9999,0.0000,0.0000,0.0000,1.0000,0.1101,0.3070,0.2173
57,3,81.1519,1.1449,0.5889,0.9999,0.0163,0.0000,-0.0163,0.9999,0.0000,0.0000,0.0000,1.0000,0.2836,0.2073,0.2889
57,4,81.2707,1.1003,0.5062,0.9999,0.0163,0.0000,-0.0163,0.9999,0.0000,0.0000,0.0000,1.0000,0.2820,0.2947,0.2062
57,5,81.4360,1.2398,0.6614,0.9999,0.0163,0.0000,-0.0163,0.9999,0.0000,0.0000,0.0000,1.0000,0.1112,0.2100,0.3614
57,6,81.5287,1.2609,0.4265,0.9999,0.0163,0.0000,-0.0163,0.9999,0.0000,0.0000,0.0000,1.0000,0.1972,0.1336,0.1265
57,7,81.6375,1.2710,0.4491,0.9999,0.0163,0.0000,-0.0163,0.9999,0.0000,0.0000,0.0000,1.0000,0.1624,0.1625,0.0548
57,8,81.6642,1.3147,0.4472,0.9999,0.0163,0.0000,-0.0163,0.9999,0.0000,0.0000,0.0000,1.0000,0.0831,0.2046,0.1050
57,9,81.6934,1.3815,0.4544,0.9999,0.0163,0.0000,-0.0163,0.9999,0.0000,0.0000,0.0000,1.0000,0.0210,0.0279,0.0569
57,10,81.7382,1.3223,0.4546,0.9999,0.0163,0.0000,-0.0163,0.9999,0.0000,0.0000,0.0000,1.0000,0.0210,0.0279,0.0569
58,0,82.7740,1.4057,0.4400,0.9999,0.0165,0.0000,-0.0165,0.9999,0.0000,0.0000,0.0000,1.0000,0.2577,0.2263,0.1400
58,1,82.7821,1.4087,0.6052,0.9999,0.0165,0.0000,-0.0165,0.9999,0.0000,0.0000,0.0000,1.0000,0.1100,0.2168,0.3052
58,2,82.8590,1.3496,0.5173,0.9999,0.0165,0.0000,-0.0165,0.9999,0.0000,0.0000,0.0000,1.0000,0.1101,0.3070,0.2173
58,3,82.8843,1.1733,0.5889,0.9999,0.0165,0.0000,-0.0165,0.9999,0.0000,0.0000,0.0000,1.0000,0.2836,0.2073,0.2889
58,4,83.0031,1.1288,0.5062,0.9999,0.0165,0.0000,-0.0165,0.9999,0.0000,0.0000,0.0000,1.0000,0.2820,0.2947,0.2062
58,5,83.1684,1.2683,0.6614,0.9999,0.0165,0.0000,-0.0165,0.9999,0.0000,0.0000,0.0000,1.0000,0.1112,0.2100,0.3614
58,6,83.2611,1.2894,0.4265,0.9999,0.0165,0.0000,-0.0165,0.9999,0.0000,0.0000,0.0000,1.0000,0.1972,0.1336,0.1265
58,7,83.3699,1.2996,0.4491,0.9999,0.0165,0.0000,-0.0165,0.9999,0.0000,0.0000,0.0000,1.0000,0.1624,0.1625,0.0548
58,8,83.3965,1.3432,0.4472,0.9999,0.0165,0.0000,-0.0165,0.9999,0.0000,0.0000,0.0000,1.0000,0.0831,0.2046,0.1050
58,9,83.4257,1.4100,0.4544,0.9999,0.0165,0.0000,-0.0165,0.9999,0.0000,0.0000,0.0000,1.0000,0.0210,0.0279,0.0569
58,10,83.4706,1.3509,0.4546,0.9999,0.0165,0.0000,-0.0165,0.9999,0.0000,0.0000,0.0000,1.0000,0.0210,0.0279,0.0569
59,0,84.5113,1.4344,0.4400,0.9999,0.0166,0.0000,-0.0166,0.9999,0.0000,0.0000,0.0000,1.0000,0.2577,0.2263,0.1400
59,1,84.5193,1.4374,0.6052,0.9999,0.0166,0.0000,-0.0166,0.9999,0.0000,0.0000,0.0000,1.0000,0.1100,0.2168,0.3052
59,2,84.5962,1.3784,0.5173,0.9999,0.0166,0.0000,-0.0166,0.9999,0.0000,0.0000,0.0000,1.0000,0.1101,0.3070,0.2173
59,3,84.6215,1.2021,0.5889,0.9999,0.0166,0.0000,-0.0166,0.9999,0.0000,0.0000,0.0000,1.0000,0.2836,0.2073,0.2889
59,4,84.7404,1.1576,0.5062,0.9999,0.0166,0.0000,-0.0166,0.9999,0.0000,0.0000,0.0000,1.0000,0.2820,0.2947,0.2062
59,5,84.9057,1.2971,0.6614,0.9999,0.0166,0.0000,-0.0166,0.9999,0.0000,0.0000,0.0000,1.0000,0.1112,0.2100,0.3614
59,6,84.9984,1.3182,0.4265,0.9999,0.0166,0.0000,-0.0166,0.9999,0.0000,0.0000,0.0000,1.0000,0.1972,0.1336,0.1265
59,7,85.1071,1.3284,0.4491,0.9999,0.0166,0.0000,-0.0166,0.9999,0.0000,0.0000,0.0000,1.0000,0.1624,0.1625,0.0548
59,8,85.1338,1.3720,0.4472,0.9999,0.0166,0.0000,-0.0166,0.9999,0.0000,0.0000,0.0000,1.0000,0.0831,0.2046,0.1050
59,9,85.1630,1.4388,0.4544,0.9999,0.0166,0.0000,-0.0166,0.9999,0.0000,0.0000,0.0000,1.0000,0.0210,0.0279,0.0569
59,10,85.2079,1.3797,0.4546,0.9999,0.0166,0.0000,-0.0166,0.9999,0.0000,0.0000,0.0000,1.0000,0.0210,0.0279,0.0569
60,0,86.2536,1.4622,0.4400,0.9999,0.0153,0.0000,-0.0153,0.9999,0.0000,0.0000,0.0000,1.0000,0.2577,0.2263,0.1400
60,1,86.2616,1.4653,0.6052,0.9999,0.0153,0.0000,-0.0153,0.9999,0.0000,0.0000,0.0000,1.0000,0.1100,0.2168,0.3052
60,2,86.3385,1.4061,0.5173,0.9999,0.0153,0.0000,-0.0153,0.9999,0.0000,0.0000,0.0000,1.0000,0.1101,0.3070,0.2173
60,3,86.3636,1.2298,0.5889,0.9999,0.0153,0.0000,-0.0153,0.9999,0.0000,0.0000,0.0000,1.0000,0.2836,0.2073,0.2889
60,4,86.4824,1.1851,0.5062,0.9999,0.0153,0.0000,-0.0153,0.9999,0.0000,0.0000,0.0000,1.0000,0.2820,0.2947,0.2062
60,5,86.6478,1.3245,0.6614,0.9999,0.0153,0.0000,-0.0153,0.9999,0.0000,0.0000,0.0000,1.0000,0.1112,0.2100,0.3614
60,6,86.7405,1.3454,0.4265,0.9999,0.0153,0.0000,-0.0153,0.9999,0.0000,0.0000,0.0000,1.0000,0.1972,0.1336,0.1265
60,7,86.8493,1.3555,0.4491,0.9999,0.0153,0.0000,-0.0153,0.9999,0.0000,0.0000,0.0000,1.0000,0.1624,0.1625,0.0548
60,8,86.8760,1.3991,0.4472,0.9999,0.0153,0.0000,-0.0153,0.9999,0.0000,0.0000,0.0000,1.0000,0.0831,0.2046,0.1050
60,9,86.9053,1.4658,0.4544,0.9999,0.0153,0.0000,-0.0153,0.9999,0.0000,0.0000,0.0000,1.0000,0.0210,0.0279,0.0569
60,10,86.9501,1.4066,0.4546,0.9999,0.0153,0.0000,-0.0153,0.9999,0.0000,0.0000,0.0000,1.0000,0.0210,0.0279,0.0569
61,0,88.0008,1.4893,0.4400,0.9999,0.0157,0.0000,-0.0157,0.9999,0.0000,0.0000,0.0000,1.0000,0.2577,0.2263,0.1400
61,1,88.0089,1.4924,0.6052,0.9999,0.0157,0.0000,-0.0157,0.9999,0.0000,0.0000,0.0000,1.0000,0.1100,0.2168,0.3052
61,2,88.0857,1.4333,0.5173,0.9999,0.0157,0.0000,-0.0157,0.9999,0.0000,0.0000,0.0000,1.0000,0.1101,0.3070,0.2173
61,3,88.1109,1.2569,0.5889,0.9999,0.0157,0.0000,-0.0157,0.9999,0.0000,0.0000,0.0000,1.0000,0.2836,0.2073,0.2889
61,4,88.2297,1.2123,0.5062,0.9999,0.0157,0.0000,-0.0157,0.9999,0.0000,0.0000,0.0000,1.0000,0.2820,0.2947,0.2062
61,5,88.3951,1.3517,0.6614,0.9999,0.0157,0.0000,-0.0157,0.9999,0.0000,0.0000,0.0000,1.0000,0.1112,0.2100,0.3614
61,6,88.4878,1.3727,0.4265,0.9999,0.0157,0.0000,-0.0157,0.9999,0.0000,0.0000,0.0000,1.0000,0.1972,0.1336,0.1265
61,7,88.5966,1.3828,0.4491,0.9999,0.0157,0.0000,-0.0157,0.9999,0.0000,0.0000,0.0000,1.0000,0.1624,0.1625,0.0548
61,8,88.6233,1.4264,0.4472,0.9999,0.0157,0.0000,-0.0157,0.9999,0.0000,0.0000,0.0000,1.0000,0.0831,0.2046,0.1050
61,9,88.6525,1.4932,0.4544,0.9999,0.0157,0.0000,-0.0157,0.9999,0.0000,0.0000,0.0000,1.0000,0.0210,0.0279,0.0569
61,10,88.6974,1.4340,0.4546,0.9999,0.0157,0.0000,-0.0157,0.9999,0.0000,0.0000,0.0000,1.0000,0.0210,0.0279,0.0569
62,0,89.7525,1.5166,0.4400,0.9999,0.0154,0.0000,-0.0154,0.9999,0.0000,0.0000,0.0000,1.0000,0.2577,0.2263,0.1400
62,1,89.7606,1.5196,0.6052,0.9999,0.0154,0.0000,-0.0154,0.9999,0.0000,0.0000,0.0000,1.0000,0.1100,0.2168,0.3052
62,2,89.8374,1.4605,0.5173,0.9999,0.0154,0.0000,-0.0154,0.9999,0.0000,0.0000,0.0000,1.0000,0.1101,0.3070,0.2173
62,3,89.8625,1.2842,0.5889,0.9999,0.0154,0.0000,-0.0154,0.9999,0.0000,0.0000,0.0000,1.0000,0.2836,0.2073,0.2889
62,4,89.9813,1.2395,0.5062,0.9999,0.0154,0.0000,-0.0154,0.9999,0.0000,0.0000,0.0000,1.0000,0.2820,0.2947,0.2062
62,5,90.1468,1.3789,0.6614,0.9999,0.0154,0.0000,-0.0154,0.9999,0.0000,0.0000,0.0000,1.0000,0.1112,0.2100,0.3614
62,6,90.2395,1.3998,0.4265,0.9999,0.0154,0.0000,-0.0154,0.9999,0.0000,0.0000,0.0000,1.0000,0.1972,0.1336,0.1265
62,7,90.3482,1.4099,0.4491,0.9999,0.0154,0.0000,-0.0154,0.9999,0.0000,0.0000,0.0000,1.0000,0.1624,0.1625,0.0548
62,8,90.3750,1.4535,0.4472,0.9999,0.0154,0.0000,-0.0154,0.9999,0.0000,0.0000,0.0000,1.0000,0.0831,0.2046,0.1050
62,9,90.4042,1.5203,0.4544,0.9999,0.0154,0.0000,-0.0154,0.9999,0.0000,0.0000,0.0000,1.0000,0.0210,0.0279,0.0569
62,10,90.4490,1.4610,0.4546,0.9999,0.0154,0.0000,-0.0154,0.9999,0.0000,0.0000,0.0000,1.0000,0.0210,0.0279,0.0569
63,0,91.5079,1.5448,0.4400,0.9999,0.0168,0.0000,-0.0168,0.9999,0.0000,0.0000,0.0000,1.0000,0.2577,0.2263,0.1400
63,1,91.5160,1.5479,0.6052,0.9999,0.0168,0.0000,-0.0168,0.9999,0.0000,0.0000,0.0000,1.0000,0.1100,0.2168,0.3052
63,2,91.5929,1.4889,0.5173,0.9999,0.0168,0.0000,-0.0168,0.9999,0.0000,0.0000,0.0000,1.0000,0.1101,0.3070,0.2173
63,3,91.6182,1.3126,0.5889,0.9999,0.0168,0.0000,-0.0168,0.9999,0.0000,0.0000,0.0000,1.0000,0.2836,0.2073,0.2889
63,4,91.7371,1.2681,0.5062,0.9999,0.0168,0.0000,-0.0168,0.9999,0.0000,0.0000,0.0000,1.0000,0.2820,0.2947,0.2062
63,5,91.9024,1.4077,0.6614,0.9999,0.0168,0.0000,-0.0168,0.9999,0.0000,0.0000,0.0000,1.0000,0.1112,0.2100,0.3614
63,6,91.9950,1.4287,0.4265,0.9999,0.0168,0.0000,-0.0168,0.9999,0.0000,0.0000,0.0000,1.0000,0.1972,0.1336,0.1265
63,7,92.1038,1.4389,0.4491,0.9999,0.0168,0.0000,-0.0168,0.9999,0.0000,0.0000,0.0000,1.0000,0.1624,0.1625,0.0548
63,8,92.1304,1.4826,0.4472,0.9999,0.0168,0.0000,-0.0168,0.9999,0.0000,0.0000,0.0000,1.0000,0.0831,0.2046,0.1050
63,9,92.1596,1.5494,0.4544,0.9999,0.0168,0.0000,-0.0168,0.9999,0.0000,0.0000,0.0000,1.0000,0.0210,0.0279,0.0569
63,10,92.2045,1.4902,0.4546,0.9999,0.0168,0.0000,-0.0168,0.9999,0.0000,0.0000,0.0000,1.0000,0.0210,0.0279,0.0569
64,0,0.8685,-0.0081,0.4400,1.0000,-0.0004,0.0000,0.0004,1.0000,0.0000,0.0000,0.0000,1.0000,0.2577,0.2263,0.1400
64,1,0.8766,-0.0052,0.6052,1.0000,-0.0004,0.0000,0.0004,1.0000,0.0000,0.0000,0.0000,1.0000,0.1100,0.2168,0.3052
64,2,0.9525,-0.0655,0.5173,1.0000,-0.0004,0.0000,0.0004,1.0000,0.0000,0.0000,0.0000,1.0000,0.1101,0.3070,0.2173
64,3,0.9748,-0.2422,0.5889,1.0000,-0.0004,0.0000,0.0004,1.0000,0.0000,0.0000,0.0000,1.0000,0.2836,0.2073,0.2889
64,4,1.0929,-0.2888,0.5062,1.0000,-0.0004,0.0000,0.0004,1.0000,0.0000,0.0000,0.0000,1.0000,0.2820,0.2947,0.2062
64,5,1.2606,-0.1520,0.6614,1.0000,-0.0004,0.0000,0.0004,1.0000,0.0000,0.0000,0.0000,1.0000,0.1112,0.2100,0.3614
64,6,1.3536,-0.1326,0.4265,1.0000,-0.0004,0.0000,0.0004,1.0000,0.0000,0.0000,0.0000,1.0000,0.1972,0.1336,0.1265
64,7,1.4625,-0.1242,0.4491,1.0000,-0.0004,0.0000,0.0004,1.0000,0.0000,0.0000,0.0000,1.0000,0.1624,0.1625,0.0548
64,8,1.4899,-0.0810,0.4472,1.0000,-0.0004,0.0000,0.0004,1.0000,0.0000,0.0000,0.0000,1.0000,0.0831,0.2046,0.1050
64,9,1.5202,-0.0148,0.4544,1.0000,-0.0004,0.0000,0.0004,1.0000,0.0000,0.0000,0.0000,1.0000,0.0210,0.0279,0.0569
64,10,1.5641,-0.0747,0.4546,1.0000,-0.0004,0.0000,0.0004,1.0000,0.0000,0.0000,0.0000,1.0000,0.0210,0.0279,0.0569
65,0,1.7896,-0.0087,0.4400,1.0000,-0.0011,0.0000,0.0011,1.0000,0.0000,0.0000,0.0000,1.0000,0.2577,0.2263,0.1400
65,1,1.7977,-0.0059,0.6052,1.0000,-0.0011,0.0000,0.0011,1.0000,0.0000,0.0000,0.0000,1.0000,0.1100,0.2168,0.3052
65,2,1.8735,-0.0662,0.5173,1.0000,-0.0011,0.0000,0.0011,1.0000,0.0000,0.0000,0.0000,1.0000,0.1101,0.3070,0.2173
65,3,1.8957,-0.2430,0.5889,1.0000,-0.0011,0.0000,0.0011,1.0000,0.0000,0.0000,0.0000,1.0000,0.2836,0.2073,0.2889
65,4,2.0138,-0.2896,0.5062,1.0000,-0.0011,0.0000,0.0011,1.0000,0.0000,0.0000,0.0000,1.0000,0.2820,0.2947,0.2062
65,5,2.1815,-0.1530,0.6614,1.0000,-0.0011,0.0000,0.0011,1.0000,0.0000,0.0000,0.0000,1.0000,0.1112,0.2100,0.3614
65,6,2.2746,-0.1336,0.4265,1.0000,-0.0011,0.0000,0.0011,1.0000,0.0000,0.0000,0.0000,1.0000,0.1972,0.1336,0.1265
65,7,2.3835,-0.1253,0.4491,1.0000,-0.0011,0.0000,0.0011,1.0000,0.0000,0.0000,0.0000,1.0000,0.1624,0.1625,0.0548
65,8,2.4109,-0.0821,0.4472,1.0000,-0.0011,0.0000,0.0011,1.0000,0.0000,0.0000,0.0000,1.0000,0.0831,0.2046,0.1050
65,9,2.4413,-0.0159,0.4544,1.0000,-0.0011,0.0000,0.0011,1.0000,0.0000,0.0000,0.0000,1.0000,0.0210,0.0279,0.0569
65,10,2.4851,-0.0758,0.4546,1.0000,-0.0011,0.0000,0.0011,1.0000,0.0000,0.0000,0.0000,1.0000,0.0210,0.0279,0.0569
66,0,2.7223,-0.0100,0.4400,1.0000,-0.0017,0.0000,0.0017,1.0000,0.0000,0.0000,0.0000,1.0000,0.2577,0.2263,0.1400
66,1,2.7304,-0.0071,0.6052,1.0000,-0.0017,0.0000,0.0017,1.0000,0.0000,0.0000,0.0000,1.0000,0.1100,0.2168,0.3052
66,2,2.8062,-0.0676,0.5173,1.0000,-0.0017,0.0000,0.0017,1.0000,0.0000,0.0000,0.0000,1.0000,0.1101,0.3070,0.2173
66,3,2.8283,-0.2443,0.5889,1.0000,-0.0017,0.0000,0.0017,1.0000,0.0000,0.0000,0.0000,1.0000,0.2836,0.2073,0.2889
66,4,2.9463,-0.2910,0.5062,1.0000,-0.0017,0.0000,0.0017,1.0000,0.0000,0.0000,0.0000,1.0000,0.2820,0.2947,0.2062
66,5,3.1141,-0.1545,0.6614,1.0000,-0.0017,0.0000,0.0017,1.0000,0.0000,0.0000,0.0000,1.0000,0.1112,0.2100,0.3614
66,6,3.2072,-0.1351,0.4265,1.0000,-0.0017,0.0000,0.0017,1.0000,0.0000,0.0000,0.0000,1.0000,0.1972,0.1336,0.1265
66,7,3.3161,-0.1269,0.4491,1.0000,-0.0017,0.0000,0.0017,1.0000,0.0000,0.0000,0.0000,1.0000,0.1624,0.1625,0.0548
66,8,3.3436,-0.0838,0.4472,1.0000,-0.0017,0.0000,0.0017,1.0000,0.0000,0.0000,0.0000,1.0000,0.0831,0.2046,0.1050
66,9,3.3740,-0.0175,0.4544,1.0000,-0.0017,0.0000,0.0017,1.0000,0.0000,0.0000,0.0000,1.0000,0.0210,0.0279,0.0569
66,10,3.4178,-0.0775,0.4546,1.0000,-0.0017,0.0000,0.0017,1.0000,0.0000,0.0000,0.0000,1.0000,0.0210,0.0279,0.0569
67,0,3.6668,-0.0117,0.4400,1.0000,-0.0018,0.0000,0.0018,1.0000,0.0000,0.0000,0.0000,1.0000,0.2577,0.2263,0.1400
67,1,3.6749,-0.0088,0.6052,1.0000,-0.0018,0.0000,0.0018,1.0000,0.0000,0.0000,0.0000,1.0000,0.1100,0.2168,0.3052
67,2,3.7507,-0.0692,0.5173,1.0000,-0.0018,0.0000,0.0018,1.0000,0.0000,0.0000,0.0000,1.0000,0.1101,0.3070,0.2173
67,3,3.7728,-0.2460,0.5889,1.0000,-0.0018,0.0000,0.0018,1.0000,0.0000,0.0000,0.0000,1.0000,0.2836,0.2073,0.2889
67,4,3.8908,-0.2927,0.5062,1.0000,-0.0018,0.0000,0.0018,1.0000,0.0000,0.0000,0.0000,1.0000,0.2820,0.2947,0.2062
67,5,4.0587,-0.1562,0.6614,1.0000,-0.0018,0.0000,0.0018,1.0000,0.0000,0.0000,0.0000,1.0000,0.1112,0.2100,0.3614
67,6,4.1517,-0.1369,0.4265,1.0000,-0.0018,0.0000,0.0018,1.0000,0.0000,0.0000,0.0000,1.0000,0.1972,0.1336,0.1265
67,7,4.2606,-0.1287,0.4491,1.0000,-0.0018,0.0000,0.0018,1.0000,0.0000,0.0000,0.0000,1.0000,0.1624,0.1625,0.0548
67,8,4.2881,-0.0855,0.4472,1.0000,-0.0018,0.0000,0.0018,1.0000,0.0000,0.0000,0.0000,1.0000,0.0831,0.2046,0.1050
67,9,4.3185,-0.0193,0.4544,1.0000,-0.0018,0.0000,0.0018,1.0000,0.0000,0.0000,0.0000,1.0000,0.0210,0.0279,0.0569
67,10,4.3623,-0.0793,0.4546,1.0000,-0.0018,0.0000,0.0018,1.0000,0.0000,0.0000,0.0000,1.0000,0.0210,0.0279,0.0569
68,0,4.6234,-0.0134,0.4400,1.0000,-0.0018,0.0000,0.0018,1.0000,0.0000,0.0000,0.0000,1.0000,0.2577,0.2263,0.1400
68,1,4.6316,-0.0105,0.6052,1.0000,-0.0018,0.0000,0.0018,1.0000,0.0000,0.0000,0.0000,1.0000,0.1100,0.2168,0.3052
68,2,4.7073,-0.0710,0.5173,1.0000,-0.0018,0.0000,0.0018,1.0000,0.0000,0.0000,0.0000,1.0000,0.1101,0.3070,0.2173
68,3,4.7294,-0.2477,0.5889,1.0000,-0.0018,0.0000,0.0018,1.0000,0.0000,0.0000,0.0000,1.0000,0.2836,0.2073,0.2889
68,4,4.8474,-0.2944,0.5062,1.0000,-0.0018,0.0000,0.0018,1.0000,0.0000,0.0000,0.0000,1.0000,0.2820,0.2947,0.2062
68,5,5.0153,-0.1579,0.6614,1.0000,-0.0018,0.0000,0.0018,1.0000,0.0000,0.0000,0.0000,1.0000,0.1112,0.2100,0.3614
68,6,5.1083,-0.1386,0.4265,1.0000,-0.0018,0.0000,0.0018,1.0000,0.0000,0.0000,0.0000,1.0000,0.1972,0.1336,0.1265
68,7,5.2172,-0.1304,0.4491,1.0000,-0.0018,0.0000,0.0018,1.0000,0.0000,0.0000,0.0000,1.0000,0.1624,0.1625,0.0548
68,8,5.2447,-0.0872,0.4472,1.0000,-0.0018,0.0000,0.0018,1.0000,0.0000,0.0000,0.0000,1.0000,0.0831,0.2046,0.1050
68,9,5.2751,-0.0210,0.4544,1.0000,-0.0018,0.0000,0.0018,1.0000,0.0000,0.0000,0.0000,1.0000,0.0210,0.0279,0.0569
68,10,5.3189,-0.0810,0.4546,1.0000,-0.0018,0.0000,0.0018,1.0000,0.0000,0.0000,0.0000,1.0000,0.0210,0.0279,0.0569
69,0,5.5921,-0.0153,0.4400,1.0000,-0.0020,0.0000,0.0020,1.0000,0.0000,0.0000,0.0000,1.0000,0.2577,0.2263,0.1400
69,1,5.6002,-0.0124,0.6052,1.0000,-0.0020,0.0000,0.0020,1.0000,0.0000,0.0000,0.0000,1.0000,0.1100,0.2168,0.3052
69,2,5.6760,-0.0728,0.5173,1.0000,-0.0020,0.0000,0.0020,1.0000,0.0000,0.0000,0.0000,1.0000,0.1101,0.3070,0.2173
69,3,5.6981,-0.2496,0.5889,1.0000,-0.0020,0.0000,0.0020,1.0000,0.0000,0.0000,0.0000,1.0000,0.2836,0.2073,0.2889
69,4,5.8161,-0.2963,0.5062,1.0000,-0.0020,0.0000,0.0020,1.0000,0.0000,0.0000,0.0000,1.0000,0.2820,0.2947,0.2062
69,5,5.9839,-0.1599,0.6614,1.0000,-0.0020,0.0000,0.0020,1.0000,0.0000,0.0000,0.0000,1.0000,0.1112,0.2100,0.3614
69,6,6.0770,-0.1405,0.4265,1.0000,-0.0020,0.0000,0.0020,1.0000,0.0000,0.0000,0.0000,1.0000,0.1972,0.1336,0.1265
69,7,6.1859,-0.1324,0.4491,1.0000,-0.0020,0.0000,0.0020,1.0000,0.0000,0.0000,0.0000,1.0000,0.1624,0.1625,0.0548
69,8,6.2134,-0.0892,0.4472,1.0000,-0.0020,0.0000,0.0020,1.0000,0.0000,0.0000,0.0000,1.0000,0.0831,0.2046,0.1050
69,9,6.2438,-0.0230,0.4544,1.0000,-0.0020,0.0000,0.0020,1.0000,0.0000,0.0000,0.0000,1.0000,0.0210,0.0279,0.0569
69,10,6.2876,-0.0830,0.4546,1.0000,-0.0020,0.0000,0.0020,1.0000,0.0000,0.0000,0.0000,1.0000,0.0210,0.0279,0.0569
70,0,6.5725,-0.0173,0.4400,1.0000,-0.0022,0.0000,0.0022,1.0000,0.0000,0.0000,0.0000,1.0000,0.2577,0.2263,0.1400
70,1,6.5806,-0.0144,0.6052,1.0000,-0.0022,0.0000,0.0022,1.0000,0.0000,0.0000,0.0000,1.0000,0.1100,0.2168,0.3052
70,2,6.6564,-0.0749,0.5173,1.0000,-0.0022,0.0000,0.0022,1.0000,0.0000,0.0000,0.0000,1.0000,0.1101,0.3070,0.2173
70,3,6.6784,-0.2516,0.5889,1.0000,-0.0022,0.0000,0.0022,1.0000,0.0000,0.0000,0.0000,1.0000,0.2836,0.2073,0.2889
70,4,6.7964,-0.2984,0.5062,1.0000,-0.0022,0.0000,0.0022,1.0000,0.0000,0.0000,0.0000,1.0000,0.2820,0.2947,0.2062
70,5,6.9643,-0.1620,0.6614,1.0000,-0.0022,0.0000,0.0022,1.0000,0.0000,0.0000,0.0000,1.0000,0.1112,0.2100,0.3614
70,6,7.0574,-0.1427,0.4265,1.0000,-0.0022,0.0000,0.0022,1.0000,0.0000,0.0000,0.0000,1.0000,0.1972,0.1336,0.1265
70,7,7.1663,-0.1345,0.4491,1.0000,-0.0022,0.0000,0.0022,1.0000,0.0000,0.0000,0.0000,1.0000,0.1624,0.1625,0.0548
70,8,7.1938,-0.0913,0.4472,1.0000,-0.0022,0.0000,0.0022,1.0000,0.0000,0.0000,0.0000,1.0000,0.0831,0.2046,0.1050
70,9,7.2242,-0.0251,0.4544,1.0000,-0.0022,0.0000,0.0022,1.0000,0.0000,0.0000,0.0000,1.0000,0.0210,0.0279,0.0569
70,10,7.2680,-0.0851,0.4546,1.0000,-0.0022,0.0000,0.0022,1.0000,0.0000,0.0000,0.0000,1.0000,0.0210,0.0279,0.0569
71,0,7.5641,-0.0195,0.4400,1.0000,-0.0024,0.0000,0.0024,1.0000,0.0000,0.0000,0.0000,1.0000,0.2577,0.2263,0.1400
71,1,7.5722,-0.0167,0.6052,1.0000,-0.0024,0.0000,0.0024,1.0000,0.0000,0.0000,0.0000,1.0000,0.1100,0.2168,0.3052
71,2,7.6480,-0.0771,0.5173,1.0000,-0.0024,0.0000,0.0024,1.0000,0.0000,0.0000,0.0000,1.0000,0.1101,0.3070,0.2173
71,3,7.6700,-0.2539,0.5889,1.0000,-0.0024,0.0000,0.0024,1.0000,0.0000,0.0000,0.0000,1.0000,0.2836,0.2073,0.2889
71,4,7.7880,-0.3007,0.5062,1.0000,-0.0024,0.0000,0.0024,1.0000,0.0000,0.0000,0.0000,1.0000,0.2820,0.2947,0.2062
71,5,7.9559,-0.1643,0.6614,1.0000,-0.0024,0.0000,0.0024,1.0000,0.0000,0.0000,0.0000,1.0000,0.1112,0.2100,0.3614
71,6,8.0489,-0.1450,0.4265,1.0000,-0.0024,0.0000,0.0024,1.0000,0.0000,0.0000,0.0000,1.0000,0.1972,0.1336,0.1265
71,7,8.1578,-0.1369,0.4491,1.0000,-0.0024,0.0000,0.0024,1.0000,0.0000,0.0000,0.0000,1.0000,0.1624,0.1625,0.0548
71,8,8.1853,-0.0937,0.4472,1.0000,-0.0024,0.0000,0.0024,1.0000,0.0000,0.0000,0.0000,1.0000,0.0831,0.2046,0.1050
71,9,8.2158,-0.0275,0.4544,1.0000,-0.0024,0.0000,0.0024,1.0000,0.0000,0.0000,0.0000,1.0000,0.0210,0.0279,0.0569
71,10,8.2596,-0.0875,0.4546,1.0000,-0.0024,0.0000,0.0024,1.0000,0.0000,0.0000,0.0000,1.0000,0.0210,0.0279,0.0569
72,0,8.5664,-0.0220,0.4400,1.0000,-0.0026,0.0000,0.0026,1.0000,0.0000,0.0000,0.0000,1.0000,0.2577,0.2263,0.1400
72,1,8.5745,-0.0191,0.6052,1.0000,-0.0026,0.0000,0.0026,1.0000,0.0000,0.0000,0.0000,1.0000,0.1100,0.2168,0.3052
72,2,8.6503,-0.0796,0.5173,1.0000,-0.0026,0.0000,0.0026,1.0000,0.0000,0.0000,0.0000,1.0000,0.1101,0.3070,0.2173
72,3,8.6722,-0.2564,0.5889,1.0000,-0.0026,0.0000,0.0026,1.0000,0.0000,0.0000,0.0000,1.0000,0.2836,0.2073,0.2889
72,4,8.7902,-0.3032,0.5062,1.0000,-0.0026,0.0000,0.0026,1.0000,0.0000,0.0000,0.0000,1.0000,0.2820,0.2947,0.2062
72,5,8.9581,-0.1668,0.6614,1.0000,-0.0026,0.0000,0.0026,1.0000,0.0000,0.0000,0.0000,1.0000,0.1112,0.2100,0.3614
72,6,9.0512,-0.1476,0.4265,1.0000,-0.0026,0.0000,0.0026,1.0000,0.0000,0.0000,0.0000,1.0000,0.1972,0.1336,0.1265
72,7,9.1601,-0.1394,0.4491,1.0000,-0.0026,0.0000,0.0026,1.0000,0.0000,0.0000,0.0000,1.0000,0.1624,0.1625,0.0548
72,8,9.1876,-0.0963,0.4472,1.0000,-0.0026,0.0000,0.0026,1.0000,0.0000,0.0000,0.0000,1.0000,0.0831,0.2046,0.1050
72,9,9.2181,-0.0301,0.4544,1.0000,-0.0026,0.0000,0.0026,1.0000,0.0000,0.0000,0.0000,1.0000,0.0210,0.0279,0.0569
72,10,9.2618,-0.0901,0.4546,1.0000,-0.0026,0.0000,0.0026,1.0000,0.0000,0.0000,0.0000,1.0000,0.0210,0.0279,0.0569
73,0,9.5790,-0.0246,0.4400,1.0000,-0.0025,0.0000,0.0025,1.0000,0.0000,0.0000,0.0000,1.0000,0.2577,0.2263,0.1400
73,1,9.5871,-0.0217,0.6052,1.0000,-0.0025,0.0000,0.0025,1.0000,0.0000,0.0000,0.0000,1.0000,0.1100,0.2168,0.3052
73,2,9.6628,-0.0822,0.5173,1.0000,-0.0025,0.0000,0.0025,1.0000,0.0000,0.0000,0.0000,1.0000,0.1101,0.3070,0.2173
73,3,9.6848,-0.2589,0.5889,1.0000,-0.0025,0.0000,0.0025,1.0000,0.0000,0.0000,0.0000,1.0000,0.2836,0.2073,0.2889
73,4,9.8028,-0.3057,0.5062,1.0000,-0.0025,0.0000,0.0025,1.0000,0.0000,0.0000,0.0000,1.0000,0.2820,0.2947,0.2062
73,5,9.9707,-0.1694,0.6614,1.0000,-0.0025,0.0000,0.0025,1.0000,0.0000,0.0000,0.0000,1.0000,0.1112,0.2100,0.3614
73,6,10.0638,-0.1501,0.4265,1.0000,-0.0025,0.0000,0.0025,1.0000,0.0000,0.0000,0.0000,1.0000,0.1972,0.1336,0.1265
73,7,10.1727,-0.1420,0.4491,1.0000,-0.0025,0.0000,0.0025,1.0000,0.0000,0.0000,0.0000,1.0000,0.1624,0.1625,0.0548
73,8,10.2002,-0.0988,0.4472,1.0000,-0.0025,0.0000,0.0025,1.0000,0.0000,0.0000,0.0000,1.0000,0.0831,0.2046,0.1050
73,9,10.2306,-0.0326,0.4544,1.0000,-0.0025,0.0000,0.0025,1.0000,0.0000,0.0000,0.0000,1.0000,0.0210,0.0279,0.0569
73,10,10.2744,-0.0926,0.4546,1.0000,-0.0025,0.0000,0.0025,1.0000,0.0000,0.0000,0.0000,1.0000,0.0210,0.0279,0.0569
74,0,10.6015,-0.0270,0.4400,1.0000,-0.0023,0.0000,0.0023,1.0000,0.0000,0.0000,0.0000,1.0000,0.2577,0.2263,0.1400
74,1,10.6096,-0.0242,0.6052,1.0000,-0.0023,0.0000,0.0023,1.0000,0.0000,0.0000,0.0000,1.0000,0.1100,0.2168,0.3052
74,2,10.6853,-0.0846,0.5173,1.0000,-0.0023,0.0000,0.0023,1.0000,0.0000,0.0000,0.0000,1.0000,0.1101,0.3070,0.2173
74,3,10.7073,-0.2614,0.5889,1.0000,-0.0023,0.0000,0.0023,1.0000,0.0000,0.0000,0.0000,1.0000,0.2836,0.2073,0.2889
74,4,10.8253,-0.3082,0.5062,1.0000,-0.0023,0.0000,0.0023,1.0000,0.0000,0.0000,0.0000,1.0000,0.2820,0.2947,0.2062
74,5,10.9932,-0.1717,0.6614,1.0000,-0.0023,0.0000,0.0023,1.0000,0.0000,0.0000,0.0000,1.0000,0.1112,0.2100,0.3614
74,6,11.0863,-0.1525,0.4265,1.0000,-0.0023,0.0000,0.0023,1.0000,0.0000,0.0000,0.0000,1.0000,0.1972,0.1336,0.1265
74,7,11.1952,-0.1443,0.4491,1.0000,-0.0023,0.0000,0.0023,1.0000,0.0000,0.0000,0.0000,1.0000,0.1624,0.1625,0.0548
74,8,11.2227,-0.1012,0.4472,1.0000,-0.0023,0.0000,0.0023,1.0000,0.0000,0.0000,0.0000,1.0000,0.0831,0.2046,0.1050
74,9,11.2531,-0.0349,0.4544,1.0000,-0.0023,0.0000,0.0023,1.0000,0.0000,0.0000,0.0000,1.0000,0.0210,0.0279,0.0569
74,10,11.2969,-0.0949,0.4546,1.0000,-0.0023,0.0000,0.0023,1.0000,0.0000,0.0000,0.0000,1.0000,0.0210,0.0279,0.0569
75,0,11.6337,-0.0295,0.4400,1.0000,-0.0025,0.0000,0.0025,1.0000,0.0000,0.0000,0.0000,1.0000,0.2577,0.2263,0.1400
75,1,11.6418,-0.0267,0.6052,1.0000,-0.0025,0.0000,0.0025,1.0000,0.0000,0.0000,0.0000,1.0000,0.1100,0.2168,0.3052
75,2,11.7175,-0.0871,0.5173,1.0000,-0.0025,0.0000,0.0025,1.0000,0.0000,0.0000,0.0000,1.0000,0.1101,0.3070,0.2173
75,3,11.7395,-0.2639,0.5889,1.0000,-0.0025,0.0000,0.0025,1.0000,0.0000,0.0000,0.0000,1.0000,0.2836,0.2073,0.2889
75,4,11.8575,-0.3107,0.5062,1.0000,-0.0025,0.0000,0.0025,1.0000,0.0000,0.0000,0.0000,1.0000,0.2820,0.2947,0.2062
75,5,12.0254,-0.1743,0.6614,1.0000,-0.0025,0.0000,0.0025,1.0000,0.0000,0.0000,0.0000,1.0000,0.1112,0.2100,0.3614
75,6,12.1185,-0.1551,0.4265,1.0000,-0.0025,0.0000,0.0025,1.0000,0.0000,0.0000,0.0000,1.0000,0.1972,0.1336,0.1265
75,7,12.2274,-0.1469,0.4491,1.0000,-0.0025,0.0000,0.0025,1.0000,0.0000,0.0000,0.0000,1.0000,0.1624,0.1625,0.0548
75,8,12.2549,-0.1038,0.4472,1.0000,-0.0025,0.0000,0.0025,1.0000,0.0000,0.0000,0.0000,1.0000,0.0831,0.2046,0.1050
75,9,12.2853,-0.0376,0.4544,1.0000,-0.0025,0.0000,0.0025,1.0000,0.0000,0.0000,0.0000,1.0000,0.0210,0.0279,0.0569
75,10,12.3291,-0.0976,0.4546,1.0000,-0.0025,0.0000,0.0025,1.0000,0.0000,0.0000,0.0000,1.0000,0.0210,0.0279,0.0569
76,0,12.6752,-0.0322,0.4400,1.0000,-0.0026,0.0000,0.0026,1.0000,0.0000,0.0000,0.0000,1.0000,0.2577,0.2263,0.1400
76,1,12.6833,-0.0293,0.6052,1.0000,-0.0026,0.0000,0.0026,1.0000,0.0000,0.0000,0.0000,1.0000,0.1100,0.2168,0.3052
76,2,12.7591,-0.0898,0.5173,1.0000,-0.0026,0.0000,0.0026,1.0000,0.0000,0.0000,0.0000,1.0000,0.1101,0.3070,0.2173
76,3,12.7810,-0.2666,0.5889,1.0000,-0.0026,0.0000,0.0026,1.0000,0.0000,0.0000,0.0000,1.0000,0.2836,0.2073,0.2889
76,4,12.8990,-0.3134,0.5062,1.0000,-0.0026,0.0000,0.0026,1.0000,0.0000,0.0000,0.0000,1.0000,0.2820,0.2947,0.2062
76,5,13.0670,-0.1770,0.6614,1.0000,-0.0026,0.0000,0.0026,1.0000,0.0000,0.0000,0.0000,1.0000,0.1112,0.2100,0.3614
76,6,13.1600,-0.1578,0.4265,1.0000,-0.0026,0.0000,0.0026,1.0000,0.0000,0.0000,0.0000,1.0000,0.1972,0.1336,0.1265
76,7,13.2689,-0.1496,0.4491,1.0000,-0.0026,0.0000,0.0026,1.0000,0.0000,0.0000,0.0000,1.0000,0.1624,0.1625,0.0548
76,8,13.2964,-0.1065,0.4472,1.0000,-0.0026,0.0000,0.0026,1.0000,0.0000,0.0000,0.0000,1.0000,0.0831,0.2046,0.1050
76,9,13.3269,-0.0403,0.4544,1.0000,-0.0026,0.0000,0.0026,1.0000,0.0000,0.0000,0.0000,1.0000,0.0210,0.0279,0.0569
76,10,13.3707,-0.1003,0.4546,1.0000,-0.0026,0.0000,0.0026,1.0000,0.0000,0.0000,0.0000,1.0000,0.0210,0.0279,0.0569
77,0,13.7257,-0.0350,0.4400,1.0000,-0.0028,0.0000,0.0028,1.0000,0.0000,0.0000,0.0000,1.0000,0.2577,0.2263,0.1400
77,1,13.7339,-0.0322,0.6052,1.0000,-0.0028,0.0000,0.0028,1.0000,0.0000,0.0000,0.0000,1.0000,0.1100,0.2168,0.3052
77,2,13.8096,-0.0927,0.5173,1.0000,-0.0028,0.0000,0.0028,1.0000,0.0000,0.0000,0.0000,1.0000,0.1101,0.3070,0.2173
77,3,13.8315,-0.2694,0.5889,1.0000,-0.0028,0.0000,0.0028,1.0000,0.0000,0.0000,0.0000,1.0000,0.2836,0.2073,0.2889
77,4,13.9495,-0.3163,0.5062,1.0000,-0.0028,0.0000,0.0028,1.0000,0.0000,0.0000,0.0000,1.0000,0.2820,0.2947,0.2062
77,5,14.1174,-0.1799,0.6614,1.0000,-0.0028,0.0000,0.0028,1.0000,0.0000,0.0000,0.0000,1.0000,0.1112,0.2100,0.3614
77,6,14.2105,-0.1607,0.4265,1.0000,-0.0028,0.0000,0.0028,1.0000,0.0000,0.0000,0.0000,1.0000,0.1972,0.1336,0.1265
77,7,14.3194,-0.1526,0.4491,1.0000,-0.0028,0.0000,0.0028,1.0000,0.0000,0.0000,0.0000,1.0000,0.1624,0.1625,0.0548
77,8,14.3469,-0.1095,0.4472,1.0000,-0.0028,0.0000,0.0028,1.0000,0.0000,0.0000,0.0000,1.0000,0.0831,0.2046,0.1050
77,9,14.3774,-0.0433,0.4544,1.0000,-0.0028,0.0000,0.0028,1.0000,0.0000,0.0000,0.0000,1.0000,0.0210,0.0279,0.0569
77,10,14.4212,-0.1033,0.4546,1.0000,-0.0028,0.0000,0.0028,1.0000,0.0000,0.0000,0.0000,1.0000,0.0210,0.0279,0.0569
78,0,14.7850,-0.0381,0.4400,1.0000,-0.0029,0.0000,0.0029,1.0000,0.0000,0.0000,0.0000,1.0000,0.2577,0.2263,0.1400
78,1,14.7931,-0.0352,0.6052,1.0000,-0.0029,0.0000,0.0029,1.0000,0.0000,0.0000,0.0000,1.0000,0.1100,0.2168,0.3052
78,2,14.8689,-0.0957,0.5173,1.0000,-0.0029,0.0000,0.0029,1.0000,0.0000,0.0000,0.0000,1.0000,0.1101,0.3070,0.2173
78,3,14.8907,-0.2725,0.5889,1.0000,-0.0029,0.0000,0.0029,1.0000,0.0000,0.0000,0.0000,1.0000,0.2836,0.2073,0.2889
78,4,15.0087,-0.3193,0.5062,1.0000,-0.0029,0.0000,0.0029,1.0000,0.0000,0.0000,0.0000,1.0000,0.2820,0.2947,0.2062
78,5,15.1767,-0.1830,0.6614,1.0000,-0.0029,0.0000,0.0029,1.0000,0.0000,0.0000,0.0000,1.0000,0.1112,0.2100,0.3614
78,6,15.2698,-0.1638,0.4265,1.0000,-0.0029,0.0000,0.0029,1.0000,0.0000,0.0000,0.0000,1.0000,0.1972,0.1336,0.1265
78,7,15.3787,-0.1557,0.4491,1.0000,-0.0029,0.0000,0.0029,1.0000,0.0000,0.0000,0.0000,1.0000,0.1624,0.1625,0.0548
78,8,15.4062,-0.1126,0.4472,1.0000,-0.0029,0.0000,0.0029,1.0000,0.0000,0.0000,0.0000,1.0000,0.0831,0.2046,0.1050
78,9,15.4367,-0.0464,0.4544,1.0000,-0.0029,0.0000,0.0029,1.0000,0.0000,0.0000,0.0000,1.0000,0.0210,0.0279,0.0569
78,10,15.4804,-0.1064,0.4546,1.0000,-0.0029,0.0000,0.0029,1.0000,0.0000,0.0000,0.0000,1.0000,0.0210,0.0279,0.0569
79,0,15.8530,-0.0411,0.4400,1.0000,-0.0028,0.0000,0.0028,1.0000,0.0000,0.0000,0.0000,1.0000,0.2577,0.2263,0.1400
79,1,15.8611,-0.0383,0.6052,1.0000,-0.0028,0.0000,0.0028,1.0000,0.0000,0.0000,0.0000,1.0000,0.1100,0.2168,0.3052
79,2,15.9368,-0.0988,0.5173,1.0000,-0.0028,0.0000,0.0028,1.0000,0.0000,0.0000,0.0000,1.0000,0.1101,0.3070,0.2173
79,3,15.9587,-0.2755,0.5889,1.0000,-0.0028,0.0000,0.0028,1.0000,0.0000,0.0000,0.0000,1.0000,0.2836,0.2073,0.2889
79,4,16.0767,-0.3224,0.5062,1.0000,-0.0028,0.0000,0.0028,1.0000,0.0000,0.0000,0.0000,1.0000,0.2820,0.2947,0.2062
79,5,16.2447,-0.1860,0.6614,1.0000,-0.0028,0.0000,0.0028,1.0000,0.0000,0.0000,0.0000,1.0000,0.1112,0.2100,0.3614
79,6,16.3378,-0.1668,0.4265,1.0000,-0.0028,0.0000,0.0028,1.0000,0.0000,0.0000,0.0000,1.0000,0.1972,0.1336,0.1265
79,7,16.4467,-0.1587,0.4491,1.0000,-0.0028,0.0000,0.0028,1.0000,0.0000,0.0000,0.0000,1.0000,0.1624,0.1625,0.0548
79,8,16.4742,-0.1156,0.4472,1.0000,-0.0028,0.0000,0.0028,1.0000,0.0000,0.0000,0.0000,1.0000,0.0831,0.2046,0.1050
79,9,16.5047,-0.0494,0.4544,1.0000,-0.0028,0.0000,0.0028,1.0000,0.0000,0.0000,0.0000,1.0000,0.0210,0.0279,0.0569
79,10,16.5484,-0.1094,0.4546,1.0000,-0.0028,0.0000,0.0028,1.0000,0.0000,0.0000,0.0000,1.0000,0.0210,0.0279,0.0569
80,0,16.9296,-0.0440,0.4400,1.0000,-0.0026,0.0000,0.0026,1.0000,0.0000,0.0000,0.0000,1.0000,0.2577,0.2263,0.1400
80,1,16.9377,-0.0412,0.6052,1.0000,-0.0026,0.0000,0.0026,1.0000,0.0000,0.0000,0.0000,1.0000,0.1100,0.2168,0.3052
80,2,17.0135,-0.1017,0.5173,1.0000,-0.0026,0.0000,0.0026,1.0000,0.0000,0.0000,0.0000,1.0000,0.1101,0.3070,0.2173
80,3,17.0354,-0.2784,0.5889,1.0000,-0.0026,0.0000,0.0026,1.0000,0.0000,0.0000,0.0000,1.0000,0.2836,0.2073,0.2889
80,4,17.1534,-0.3252,0.5062,1.0000,-0.0026,0.0000,0.0026,1.0000,0.0000,0.0000,0.0000,1.0000,0.2820,0.2947,0.2062
80,5,17.3214,-0.1888,0.6614,1.0000,-0.0026,0.0000,0.0026,1.0000,0.0000,0.0000,0.0000,1.0000,0.1112,0.2100,0.3614
80,6,17.4144,-0.1696,0.4265,1.0000,-0.0026,0.0000,0.0026,1.0000,0.0000,0.0000,0.0000,1.0000,0.1972,0.1336,0.1265
80,7,17.5233,-0.1615,0.4491,1.0000,-0.0026,0.0000,0.0026,1.0000,0.0000,0.0000,0.0000,1.0000,0.1624,0.1625,0.0548
80,8,17.5508,-0.1183,0.4472,1.0000,-0.0026,0.0000,0.0026,1.0000,0.0000,0.0000,0.0000,1.0000,0.0831,0.2046,0.1050
80,9,17.5813,-0.0521,0.4544,1.0000,-0.0026,0.0000,0.0026,1.0000,0.0000,0.0000,0.0000,1.0000,0.0210,0.0279,0.0569
80,10,17.6251,-0.1121,0.4546,1.0000,-0.0026,0.0000,0.0026,1.0000,0.0000,0.0000,0.0000,1.0000,0.0210,0.0279,0.0569
81,0,18.0150,-0.0468,0.4400,1.0000,-0.0026,0.0000,0.0026,1.0000,0.0000,0.0000,0.0000,1.0000,0.2577,0.2263,0.1400
81,1,18.0231,-0.0439,0.6052,1.0000,-0.0026,0.0000,0.0026,1.0000,0.0000,0.0000,0.0000,1.0000,0.1100,0.2168,0.3052
81,2,18.0989,-0.1044,0.5173,1.0000,-0.0026,0.0000,0.0026,1.0000,0.0000,0.0000,0.0000,1.0000,0.1101,0.3070,0.2173
81,3,18.1208,-0.2812,0.5889,1.0000,-0.0026,0.0000,0.0026,1.0000,0.0000,0.0000,0.0000,1.0000,0.2836,0.2073,0.2889
81,4,18.2388,-0.3280,0.5062,1.0000,-0.0026,0.0000,0.0026,1.0000,0.0000,0.0000,0.0000,1.0000,0.2820,0.2947,0.2062
81,5,18.4068,-0.1916,0.6614,1.0000,-0.0026,0.0000,0.0026,1.0000,0.0000,0.0000,0.0000,1.0000,0.1112,0.2100,0.3614
81,6,18.4998,-0.1724,0.4265,1.0000,-0.0026,0.0000,0.0026,1.0000,0.0000,0.0000,0.0000,1.0000,0.1972,0.1336,0.1265
81,7,18.6087,-0.1642,0.4491,1.0000,-0.0026,0.0000,0.0026,1.0000,0.0000,0.0000,0.0000,1.0000,0.1624,0.1625,0.0548
81,8,18.6362,-0.1211,0.4472,1.0000,-0.0026,0.0000,0.0026,1.0000,0.0000,0.0000,0.0000,1.0000,0.0831,0.2046,0.1050
81,9,18.6667,-0.0549,0.4544,1.0000,-0.0026,0.0000,0.0026,1.0000,0.0000,0.0000,0.0000,1.0000,0.0210,0.0279,0.0569
81,10,18.7105,-0.1149,0.4546,1.0000,-0.0026,0.0000,0.0026,1.0000,0.0000,0.0000,0.0000,1.0000,0.0210,0.0279,0.0569
82,0,19.1094,-0.0497,0.4400,1.0000,-0.0027,0.0000,0.0027,1.0000,0.0000,0.0000,0.0000,1.0000,0.2577,0.2263,0.1400
82,1,19.1175,-0.0468,0.6052,1.0000,-0.0027,0.0000,0.0027,1.0000,0.0000,0.0000,0.0000,1.0000,0.1100,0.2168,0.3052
82,2,19.1933,-0.1073,0.5173,1.0000,-0.0027,0.0000,0.0027,1.0000,0.0000,0.0000,0.0000,1.0000,0.1101,0.3070,0.2173
82,3,19.2152,-0.2841,0.5889,1.0000,-0.0027,0.0000,0.0027,1.0000,0.0000,0.0000,0.0000,1.0000,0.2836,0.2073,0.2889
82,4,19.3332,-0.3309,0.5062,1.0000,-0.0027,0.0000,0.0027,1.0000,0.0000,0.0000,0.0000,1.0000,0.2820,0.2947,0.2062
82,5,19.5011,-0.1946,0.6614,1.0000,-0.0027,0.0000,0.0027,1.0000,0.0000,0.0000,0.0000,1.0000,0.1112,0.2100,0.3614
82,6,19.5942,-0.1753,0.4265,1.0000,-0.0027,0.0000,0.0027,1.0000,0.0000,0.0000,0.0000,1.0000,0.1972,0.1336,0.1265
82,7,19.7031,-0.1672,0.4491,1.0000,-0.0027,0.0000,0.0027,1.0000,0.0000,0.0000,0.0000,1.0000,0.1624,0.1625,0.0548
82,8,19.7306,-0.1241,0.4472,1.0000,-0.0027,0.0000,0.0027,1.0000,0.0000,0.0000,0.0000,1.0000,0.0831,0.2046,0.1050
82,9,19.7611,-0.0579,0.4544,1.0000,-0.0027,0.0000,0.0027,1.0000,0.0000,0.0000,0.0000,1.0000,0.0210,0.0279,0.0569
82,10,19.8048,-0.1179,0.4546,1.0000,-0.0027,0.0000,0.0027,1.0000,0.0000,0.0000,0.0000,1.0000,0.0210,0.0279,0.0569
83,0,20.2130,-0.0527,0.4400,1.0000,-0.0028,0.0000,0.0028,1.0000,0.0000,0.0000,0.0000,1.0000,0.2577,0.2263,0.1400
83,1,20.2211,-0.0499,0.6052,1.0000,-0.0028,0.0000,0.0028,1.0000,0.0000,0.0000,0.0000,1.0000,0.1100,0.2168,0.3052
83,2,20.2969,-0.1104,0.5173,1.0000,-0.0028,0.0000,0.0028,1.0000,0.0000,0.0000,0.0000,1.0000,0.1101,0.3070,0.2173
83,3,20.3188,-0.2871,0.5889,1.0000,-0.0028,0.0000,0.0028,1.0000,0.0000,0.0000,0.0000,1.0000,0.2836,0.2073,0.2889
83,4,20.4367,-0.3340,0.5062,1.0000,-0.0028,0.0000,0.0028,1.0000,0.0000,0.0000,0.0000,1.0000,0.2820,0.2947,0.2062
83,5,20.6047,-0.1976,0.6614,1.0000,-0.0028,0.0000,0.0028,1.0000,0.0000,0.0000,0.0000,1.0000,0.1112,0.2100,0.3614
83,6,20.6978,-0.1784,0.4265,1.0000,-0.0028,0.0000,0.0028,1.0000,0.0000,0.0000,0.0000,1.0000,0.1972,0.1336,0.1265
83,7,20.8067,-0.1703,0.4491,1.0000,-0.0028,0.0000,0.0028,1.0000,0.0000,0.0000,0.0000,1.0000,0.1624,0.1625,0.0548
83,8,20.8342,-0.1272,0.4472,1.0000,-0.0028,0.0000,0.0028,1.0000,0.0000,0.0000,0.0000,1.0000,0.0831,0.2046,0.1050
83,9,20.8647,-0.0610,0.4544,1.0000,-0.0028,0.0000,0.0028,1.0000,0.0000,0.0000,0.0000,1.0000,0.0210,0.0279,0.0569
83,10,20.9084,-0.1210,0.4546,1.0000,-0.0028,0.0000,0.0028,1.0000,0.0000,0.0000,0.0000,1.0000,0.0210,0.0279,0.0569
84,0,21.3261,-0.0559,0.4400,1.0000,-0.0029,0.0000,0.0029,1.0000,0.0000,0.0000,0.0000,1.0000,0.2577,0.2263,0.1400
84,1,21.3342,-0.0530,0.6052,1.0000,-0.0029,0.0000,0.0029,1.0000,0.0000,0.0000,0.0000,1.0000,0.1100,0.2168,0.3052
84,2,21.4099,-0.1135,0.5173,1.0000,-0.0029,0.0000,0.0029,1.0000,0.0000,0.0000,0.0000,1.0000,0.1101,0.3070,0.2173
84,3,21.4318,-0.2903,0.5889,1.0000,-0.0029,0.0000,0.0029,1.0000,0.0000,0.0000,0.0000,1.0000,0.2836,0.2073,0.2889
84,4,21.5498,-0.3371,0.5062,1.0000,-0.0029,0.0000,0.0029,1.0000,0.0000,0.0000,0.0000,1.0000,0.2820,0.2947,0.2062
84,5,21.7178,-0.2008,0.6614,1.0000,-0.0029,0.0000,0.0029,1.0000,0.0000,0.0000,0.0000,1.0000,0.1112,0.2100,0.3614
84,6,21.8108,-0.1816,0.4265,1.0000,-0.0029,0.0000,0.0029,1.0000,0.0000,0.0000,0.0000,1.0000,0.1972,0.1336,0.1265
84,7,21.9197,-0.1735,0.4491,1.0000,-0.0029,0.0000,0.0029,1.0000,0.0000,0.0000,0.0000,1.0000,0.1624,0.1625,0.0548
84,8,21.9473,-0.1304,0.4472,1.0000,-0.0029,0.0000,0.0029,1.0000,0.0000,0.0000,0.0000,1.0000,0.0831,0.2046,0.1050
84,9,21.9778,-0.0642,0.4544,1.0000,-0.0029,0.0000,0.0029,1.0000,0.0000,0.0000,0.0000,1.0000,0.0210,0.0279,0.0569
84,10,22.0215,-0.1242,0.4546,1.0000,-0.0029,0.0000,0.0029,1.0000,0.0000,0.0000,0.0000,1.0000,0.0210,0.0279,0.0569
85,0,22.4487,-0.0592,0.4400,1.0000,-0.0031,0.0000,0.0031,1.0000,0.0000,0.0000,0.0000,1.0000,0.2577,0.2263,0.1400
85,1,22.4568,-0.0564,0.6052,1.0000,-0.0031,0.0000,0.0031,1.0000,0.0000,0.0000,0.0000,1.0000,0.1100,0.2168,0.3052
85,2,22.5326,-0.1169,0.5173,1.0000,-0.0031,0.0000,0.0031,1.0000,0.0000,0.0000,0.0000,1.0000,0.1101,0.3070,0.2173
85,3,22.5544,-0.2937,0.5889,1.0000,-0.0031,0.0000,0.0031,1.0000,0.0000,0.0000,0.0000,1.0000,0.2836,0.2073,0.2889
85,4,22.6724,-0.3405,0.5062,1.0000,-0.0031,0.0000,0.0031,1.0000,0.0000,0.0000,0.0000,1.0000,0.2820,0.2947,0.2062
85,5,22.8404,-0.2042,0.6614,1.0000,-0.0031,0.0000,0.0031,1.0000,0.0000,0.0000,0.0000,1.0000,0.1112,0.2100,0.3614
85,6,22.9335,-0.1850,0.4265,1.0000,-0.0031,0.0000,0.0031,1.0000,0.0000,0.0000,0.0000,1.0000,0.1972,0.1336,0.1265
85,7,23.0424,-0.1770,0.4491,1.0000,-0.0031,0.0000,0.0031,1.0000,0.0000,0.0000,0.0000,1.0000,0.1624,0.1625,0.0548
85,8,23.0699,-0.1339,0.4472,1.0000,-0.0031,0.0000,0.0031,1.0000,0.0000,0.0000,0.0000,1.0000,0.0831,0.2046,0.1050
85,9,23.1004,-0.0676,0.4544,1.0000,-0.0031,0.0000,0.0031,1.0000,0.0000,0.0000,0.0000,1.0000,0.0210,0.0279,0.0569
85,10,23.1441,-0.1277,0.4546,1.0000,-0.0031,0.0000,0.0031,1.0000,0.0000,0.0000,0.0000,1.0000,0.0210,0.0279,0.0569
86,0,23.5814,-0.0626,0.4400,1.0000,-0.0029,0.0000,0.0029,1.0000,0.0000,0.0000,0.0000,1.0000,0.2577,0.2263,0.1400
86,1,23.5895,-0.0597,0.6052,1.0000,-0.0029,0.0000,0.0029,1.0000,0.0000,0.0000,0.0000,1.0000,0.1100,0.2168,0.3052
86,2,23.6653,-0.1203,0.5173,1.0000,-0.0029,0.0000,0.0029,1.0000,0.0000,0.0000,0.0000,1.0000,0.1101,0.3070,0.2173
86,3,23.6872,-0.2970,0.5889,1.0000,-0.0029,0.0000,0.0029,1.0000,0.0000,0.0000,0.0000,1.0000,0.2836,0.2073,0.2889
86,4,23.8051,-0.3439,0.5062,1.0000,-0.0029,0.0000,0.0029,1.0000,0.0000,0.0000,0.0000,1.0000,0.2820,0.2947,0.2062
86,5,23.9731,-0.2075,0.6614,1.0000,-0.0029,0.0000,0.0029,1.0000,0.0000,0.0000,0.0000,1.0000,0.1112,0.2100,0.3614
86,6,24.0662,-0.1883,0.4265,1.0000,-0.0029,0.0000,0.0029,1.0000,0.0000,0.0000,0.0000,1.0000,0.1972,0.1336,0.1265
86,7,24.1751,-0.1802,0.4491,1.0000,-0.0029,0.0000,0.0029,1.0000,0.0000,0.0000,0.0000,1.0000,0.1624,0.1625,0.0548
86,8,24.2026,-0.1371,0.4472,1.0000,-0.0029,0.0000,0.0029,1.0000,0.0000,0.0000,0.0000,1.0000,0.0831,0.2046,0.1050
86,9,24.2331,-0.0709,0.4544,1.0000,-0.0029,0.0000,0.0029,1.0000,0.0000,0.0000,0.0000,1.0000,0.0210,0.0279,0.0569
86,10,24.2768,-0.1309,0.4546,1.0000,-0.0029,0.0000,0.0029,1.0000,0.0000,0.0000,0.0000,1.0000,0.0210,0.0279,0.0569
87,0,24.7249,-0.0658,0.4400,1.0000,-0.0027,0.0000,0.0027,1.0000,0.0000,0.0000,0.0000,1.0000,0.2577,0.2263,0.1400
87,1,24.7330,-0.0629,0.6052,1.0000,-0.0027,0.0000,0.0027,1.0000,0.0000,0.0000,0.0000,1.0000,0.1100,0.2168,0.3052
87,2,24.8087,-0.1234,0.5173,1.0000,-0.0027,0.0000,0.0027,1.0000,0.0000,0.0000,0.0000,1.0000,0.1101,0.3070,0.2173
87,3,24.8306,-0.3002,0.5889,1.0000,-0.0027,0.0000,0.0027,1.0000,0.0000,0.0000,0.0000,1.0000,0.2836,0.2073,0.2889
87,4,24.9486,-0.3470,0.5062,1.0000,-0.0027,0.0000,0.0027,1.0000,0.0000,0.0000,0.0000,1.0000,0.2820,0.2947,0.2062
87,5,25.1166,-0.2106,0.6614,1.0000,-0.0027,0.0000,0.0027,1.0000,0.0000,0.0000,0.0000,1.0000,0.1112,0.2100,0.3614
87,6,25.2096,-0.1914,0.4265,1.0000,-0.0027,0.0000,0.0027,1.0000,0.0000,0.0000,0.0000,1.0000,0.1972,0.1336,0.1265
87,7,25.3186,-0.1833,0.4491,1.0000,-0.0027,0.0000,0.0027,1.0000,0.0000,0.0000,0.0000,1.0000,0.1624,0.1625,0.0548
87,8,25.3461,-0.1401,0.4472,1.0000,-0.0027,0.0000,0.0027,1.0000,0.0000,0.0000,0.0000,1.0000,0.0831,0.2046,0.1050
87,9,25.3766,-0.0739,0.4544,1.0000,-0.0027,0.0000,0.0027,1.0000,0.0000,0.0000,0.0000,1.0000,0.0210,0.0279,0.0569
87,10,25.4203,-0.1339,0.4546,1.0000,-0.0027,0.0000,0.0027,1.0000,0.0000,0.0000,0.0000,1.0000,0.0210,0.0279,0.0569
88,0,25.8800,-0.0689,0.4400,1.0000,-0.0028,0.0000,0.0028,1.0000,0.0000,0.0000,0.0000,1.0000,0.2577,0.2263,0.1400
88,1,25.8881,-0.0660,0.6052,1.0000,-0.0028,0.0000,0.0028,1.0000,0.0000,0.0000,0.0000,1.0000,0.1100,0.2168,0.3052
88,2,25.9638,-0.1266,0.5173,1.0000,-0.0028,0.0000,0.0028,1.0000,0.0000,0.0000,0.0000,1.0000,0.1101,0.3070,0.2173
88,3,25.9857,-0.3033,0.5889,1.0000,-0.0028,0.0000,0.0028,1.0000,0.0000,0.0000,0.0000,1.0000,0.2836,0.2073,0.2889
88,4,26.1037,-0.3501,0.5062,1.0000,-0.0028,0.0000,0.0028,1.0000,0.0000,0.0000,0.0000,1.0000,0.2820,0.2947,0.2062
88,5,26.2717,-0.2138,0.6614,1.0000,-0.0028,0.0000,0.0028,1.0000,0.0000,0.0000,0.0000,1.0000,0.1112,0.2100,0.3614
88,6,26.3647,-0.1946,0.4265,1.0000,-0.0028,0.0000,0.0028,1.0000,0.0000,0.0000,0.0000,1.0000,0.1972,0.1336,0.1265
88,7,26.4736,-0.1865,0.4491,1.0000,-0.0028,0.0000,0.0028,1.0000,0.0000,0.0000,0.0000,1.0000,0.1624,0.1625,0.0548
88,8,26.5012,-0.1433,0.4472,1.0000,-0.0028,0.0000,0.0028,1.0000,0.0000,0.0000,0.0000,1.0000,0.0831,0.2046,0.1050
88,9,26.5316,-0.0771,0.4544,1.0000,-0.0028,0.0000,0.0028,1.0000,0.0000,0.0000,0.0000,1.0000,0.0210,0.0279,0.0569
88,10,26.5754,-0.1372,0.4546,1.0000,-0.0028,0.0000,0.0028,1.0000,0.0000,0.0000,0.0000,1.0000,0.0210,0.0279,0.0569
89,0,27.0477,-0.0723,0.4400,1.0000,-0.0029,0.0000,0.0029,1.0000,0.0000,0.0000,0.0000,1.0000,0.2577,0.2263,0.1400
89,1,27.0558,-0.0694,0.6052,1.0000,-0.0029,0.0000,0.0029,1.0000,0.0000,0.0000,0.0000,1.0000,0.1100,0.2168,0.3052
89,2,27.1315,-0.1299,0.5173,1.0000,-0.0029,0.0000,0.0029,1.0000,0.0000,0.0000,0.0000,1.0000,0.1101,0.3070,0.2173
89,3,27.1534,-0.3067,0.5889,1.0000,-0.0029,0.0000,0.0029,1.0000,0.0000,0.0000,0.0000,1.0000,0.2836,0.2073,0.2889
89,4,27.2713,-0.3535,0.5062,1.0000,-0.0029,0.0000,0.0029,1.0000,0.0000,0.0000,0.0000,1.0000,0.2820,0.2947,0.2062
89,5,27.4393,-0.2172,0.6614,1.0000,-0.0029,0.0000,0.0029,1.0000,0.0000,0.0000,0.0000,1.0000,0.1112,0.2100,0.3614
89,6,27.5324,-0.1980,0.4265,1.0000,-0.0029,0.0000,0.0029,1.0000,0.0000,0.0000,0.0000,1.0000,0.1972,0.1336,0.1265
89,7,27.6413,-0.1899,0.4491,1.0000,-0.0029,0.0000,0.0029,1.0000,0.0000,0.0000,0.0000,1.0000,0.1624,0.1625,0.0548
89,8,27.6688,-0.1468,0.4472,1.0000,-0.0029,0.0000,0.0029,1.0000,0.0000,0.0000,0.0000,1.0000,0.0831,0.2046,0.1050
89,9,27.6993,-0.0806,0.4544,1.0000,-0.0029,0.0000,0.0029,1.0000,0.0000,0.0000,0.0000,1.0000,0.0210,0.0279,0.0569
89,10,27.7431,-0.1406,0.4546,1.0000,-0.0029,0.0000,0.0029,1.0000,0.0000,0.0000,0.0000,1.0000,0.0210,0.0279,0.0569
90,0,28.2284,-0.0757,0.4400,1.0000,-0.0029,0.0000,0.0029,1.0000,0.0000,0.0000,0.0000,1.0000,0.2577,0.2263,0.1400
90,1,28.2365,-0.0728,0.6052,1.0000,-0.0029,0.0000,0.0029,1.0000,0.0000,0.0000,0.0000,1.0000,0.1100,0.2168,0.3052
90,2,28.3122,-0.1334,0.5173,1.0000,-0.0029,0.0000,0.0029,1.0000,0.0000,0.0000,0.0000,1.0000,0.1101,0.3070,0.2173
90,3,28.3341,-0.3101,0.5889,1.0000,-0.0029,0.0000,0.0029,1.0000,0.0000,0.0000,0.0000,1.0000,0.2836,0.2073,0.2889
90,4,28.4521,-0.3570,0.5062,1.0000,-0.0029,0.0000,0.0029,1.0000,0.0000,0.0000,0.0000,1.0000,0.2820,0.2947,0.2062
90,5,28.6201,-0.2207,0.6614,1.0000,-0.0029,0.0000,0.0029,1.0000,0.0000,0.0000,0.0000,1.0000,0.1112,0.2100,0.3614
90,6,28.7131,-0.2014,0.4265,1.0000,-0.0029,0.0000,0.0029,1.0000,0.0000,0.0000,0.0000,1.0000,0.1972,0.1336,0.1265
90,7,28.8221,-0.1934,0.4491,1.0000,-0.0029,0.0000,0.0029,1.0000,0.0000,0.0000,0.0000,1.0000,0.1624,0.1625,0.0548
90,8,28.8496,-0.1502,0.4472,1.0000,-0.0029,0.0000,0.0029,1.0000,0.0000,0.0000,0.0000,1.0000,0.0831,0.2046,0.1050
90,9,28.8801,-0.0840,0.4544,1.0000,-0.0029,0.0000,0.0029,1.0000,0.0000,0.0000,0.0000,1.0000,0.0210,0.0279,0.0569
90,10,28.9238,-0.1441,0.4546,1.0000,-0.0029,0.0000,0.0029,1.0000,0.0000,0.0000,0.0000,1.0000,0.0210,0.0279,0.0569
91,0,29.4220,-0.0791,0.4400,1.0000,-0.0027,0.0000,0.0027,1.0000,0.0000,0.0000,0.0000,1.0000,0.2577,0.2263,0.1400
91,1,29.4301,-0.0762,0.6052,1.0000,-0.0027,0.0000,0.0027,1.0000,0.0000,0.0000,0.0000,1.0000,0.1100,0.2168,0.3052
91,2,29.5058,-0.1367,0.5173,1.0000,-0.0027,0.0000,0.0027,1.0000,0.0000,0.0000,0.0000,1.0000,0.1101,0.3070,0.2173
91,3,29.5278,-0.3135,0.5889,1.0000,-0.0027,0.0000,0.0027,1.0000,0.0000,0.0000,0.0000,1.0000,0.2836,0.2073,0.2889
91,4,29.6457,-0.3603,0.5062,1.0000,-0.0027,0.0000,0.0027,1.0000,0.0000,0.0000,0.0000,1.0000,0.2820,0.2947,0.2062
91,5,29.8137,-0.2240,0.6614,1.0000,-0.0027,0.0000,0.0027,1.0000,0.0000,0.0000,0.0000,1.0000,0.1112,0.2100,0.3614
91,6,29.9068,-0.2047,0.4265,1.0000,-0.0027,0.0000,0.0027,1.0000,0.0000,0.0000,0.0000,1.0000,0.1972,0.1336,0.1265
91,7,30.0157,-0.1966,0.4491,1.0000,-0.0027,0.0000,0.0027,1.0000,0.0000,0.0000,0.0000,1.0000,0.1624,0.1625,0.0548
91,8,30.0432,-0.1535,0.4472,1.0000,-0.0027,0.0000,0.0027,1.0000,0.0000,0.0000,0.0000,1.0000,0.0831,0.2046,0.1050
91,9,30.0737,-0.0873,0.4544,1.0000,-0.0027,0.0000,0.0027,1.0000,0.0000,0.0000,0.0000,1.0000,0.0210,0.0279,0.0569
91,10,30.1174,-0.1473,0.4546,1.0000,-0.0027,0.0000,0.0027,1.0000,0.0000,0.0000,0.0000,1.0000,0.0210,0.0279,0.0569
92,0,30.6276,-0.0823,0.4400,1.0000,-0.0026,0.0000,0.0026,1.0000,0.0000,0.0000,0.0000,1.0000,0.2577,0.2263,0.1400
92,1,30.6357,-0.0794,0.6052,1.0000,-0.0026,0.0000,0.0026,1.0000,0.0000,0.0000,0.0000,1.0000,0.1100,0.2168,0.3052
92,2,30.7114,-0.1399,0.5173,1.0000,-0.0026,0.0000,0.0026,1.0000,0.0000,0.0000,0.0000,1.0000,0.1101,0.3070,0.2173
92,3,30.7334,-0.3167,0.5889,1.0000,-0.0026,0.0000,0.0026,1.0000,0.0000,0.0000,0.0000,1.0000,0.2836,0.2073,0.2889
92,4,30.8513,-0.3635,0.5062,1.0000,-0.0026,0.0000,0.0026,1.0000,0.0000,0.0000,0.0000,1.0000,0.2820,0.2947,0.2062
92,5,31.0193,-0.2271,0.6614,1.0000,-0.0026,0.0000,0.0026,1.0000,0.0000,0.0000,0.0000,1.0000,0.1112,0.2100,0.3614
92,6,31.1123,-0.2079,0.4265,1.0000,-0.0026,0.0000,0.0026,1.0000,0.0000,0.0000,0.0000,1.0000,0.1972,0.1336,0.1265
92,7,31.2213,-0.1997,0.4491,1.0000,-0.0026,0.0000,0.0026,1.0000,0.0000,0.0000,0.0000,1.0000,0.1624,0.1625,0.0548
92,8,31.2488,-0.1566,0.4472,1.0000,-0.0026,0.0000,0.0026,1.0000,0.0000,0.0000,0.0000,1.0000,0.0831,0.2046,0.1050
92,9,31.2792,-0.0904,0.4544,1.0000,-0.0026,0.0000,0.0026,1.0000,0.0000,0.0000,0.0000,1.0000,0.0210,0.0279,0.0569
92,10,31.3230,-0.1504,0.4546,1.0000,-0.0026,0.0000,0.0026,1.0000,0.0000,0.0000,0.0000,1.0000,0.0210,0.0279,0.0569
93,0,31.8444,-0.0854,0.4400,1.0000,-0.0025,0.0000,0.0025,1.0000,0.0000,0.0000,0.0000,1.0000,0.2577,0.2263,0.1400
93,1,31.8525,-0.0825,0.6052,1.0000,-0.0025,0.0000,0.0025,1.0000,0.0000,0.0000,0.0000,1.0000,0.1100,0.2168,0.3052
93,2,31.9283,-0.1430,0.5173,1.0000,-0.0025,0.0000,0.0025,1.0000,0.0000,0.0000,0.0000,1.0000,0.1101,0.3070,0.2173
93,3,31.9502,-0.3198,0.5889,1.0000,-0.0025,0.0000,0.0025,1.0000,0.0000,0.0000,0.0000,1.0000,0.2836,0.2073,0.2889
93,4,32.0682,-0.3666,0.5062,1.0000,-0.0025,0.0000,0.0025,1.0000,0.0000,0.0000,0.0000,1.0000,0.2820,0.2947,0.2062
93,5,32.2362,-0.2302,0.6614,1.0000,-0.0025,0.0000,0.0025,1.0000,0.0000,0.0000,0.0000,1.0000,0.1112,0.2100,0.3614
93,6,32.3292,-0.2109,0.4265,1.0000,-0.0025,0.0000,0.0025,1.0000,0.0000,0.0000,0.0000,1.0000,0.1972,0.1336,0.1265
93,7,32.4381,-0.2028,0.4491,1.0000,-0.0025,0.0000,0.0025,1.0000,0.0000,0.0000,0.0000,1.0000,0.1624,0.1625,0.0548
93,8,32.4657,-0.1597,0.4472,1.0000,-0.0025,0.0000,0.0025,1.0000,0.0000,0.0000,0.0000,1.0000,0.0831,0.2046,0.1050
93,9,32.4961,-0.0935,0.4544,1.0000,-0.0025,0.0000,0.0025,1.0000,0.0000,0.0000,0.0000,1.0000,0.0210,0.0279,0.0569
93,10,32.5399,-0.1535,0.4546,1.0000,-0.0025,0.0000,0.0025,1.0000,0.0000,0.0000,0.0000,1.0000,0.0210,0.0279,0.0569
94,0,33.0721,-0.0885,0.4400,1.0000,-0.0026,0.0000,0.0026,1.0000,0.0000,0.0000,0.0000,1.0000,0.2577,0.2263,0.1400
94,1,33.0802,-0.0857,0.6052,1.0000,-0.0026,0.0000,0.0026,1.0000,0.0000,0.0000,0.0000,1.0000,0.1100,0.2168,0.3052
94,2,33.1559,-0.1462,0.5173,1.0000,-0.0026,0.0000,0.0026,1.0000,0.0000,0.0000,0.0000,1.0000,0.1101,0.3070,0.2173
94,3,33.1779,-0.3229,0.5889,1.0000,-0.0026,0.0000,0.0026,1.0000,0.0000,0.0000,0.0000,1.0000,0.2836,0.2073,0.2889
94,4,33.2959,-0.3697,0.5062,1.0000,-0.0026,0.0000,0.0026,1.0000,0.0000,0.0000,0.0000,1.0000,0.2820,0.2947,0.2062
94,5,33.4638,-0.2334,0.6614,1.0000,-0.0026,0.0000,0.0026,1.0000,0.0000,0.0000,0.0000,1.0000,0.1112,0.2100,0.3614
94,6,33.5569,-0.2141,0.4265,1.0000,-0.0026,0.0000,0.0026,1.0000,0.0000,0.0000,0.0000,1.0000,0.1972,0.1336,0.1265
94,7,33.6658,-0.2060,0.4491,1.0000,-0.0026,0.0000,0.0026,1.0000,0.0000,0.0000,0.0000,1.0000,0.1624,0.1625,0.0548
94,8,33.6933,-0.1628,0.4472,1.0000,-0.0026,0.0000,0.0026,1.0000,0.0000,0.0000,0.0000,1.0000,0.0831,0.2046,0.1050
94,9,33.7238,-0.0966,0.4544,1.0000,-0.0026,0.0000,0.0026,1.0000,0.0000,0.0000,0.0000,1.0000,0.0210,0.0279,0.0569
94,10,33.7675,-0.1566,0.4546,1.0000,-0.0026,0.0000,0.0026,1.0000,0.0000,0.0000,0.0000,1.0000,0.0210,0.0279,0.0569
95,0,34.3101,-0.0918,0.4400,1.0000,-0.0026,0.0000,0.0026,1.0000,0.0000,0.0000,0.0000,1.0000,0.2577,0.2263,0.1400
95,1,34.3182,-0.0889,0.6052,1.0000,-0.0026,0.0000,0.0026,1.0000,0.0000,0.0000,0.0000,1.0000,0.1100,0.2168,0.3052
95,2,34.3940,-0.1494,0.5173,1.0000,-0.0026,0.0000,0.0026,1.0000,0.0000,0.0000,0.0000,1.0000,0.1101,0.3070,0.2173
95,3,34.4159,-0.3262,0.5889,1.0000,-0.0026,0.0000,0.0026,1.0000,0.0000,0.0000,0.0000,1.0000,0.2836,0.2073,0.2889
95,4,34.5339,-0.3730,0.5062,1.0000,-0.0026,0.0000,0.0026,1.0000,0.0000,0.0000,0.0000,1.0000,0.2820,0.2947,0.2062
95,5,34.7018,-0.2366,0.6614,1.0000,-0.0026,0.0000,0.0026,1.0000,0.0000,0.0000,0.0000,1.0000,0.1112,0.2100,0.3614
95,6,34.7949,-0.2174,0.4265,1.0000,-0.0026,0.0000,0.0026,1.0000,0.0000,0.0000,0.0000,1.0000,0.1972,0.1336,0.1265
95,7,34.9038,-0.2092,0.4491,1.0000,-0.0026,0.0000,0.0026,1.0000,0.0000,0.0000,0.0000,1.0000,0.1624,0.1625,0.0548
95,8,34.9313,-0.1661,0.4472,1.0000,-0.0026,0.0000,0.0026,1.0000,0.0000,0.0000,0.0000,1.0000,0.0831,0.2046,0.1050
95,9,34.9618,-0.0999,0.4544,1.0000,-0.0026,0.0000,0.0026,1.0000,0.0000,0.0000,0.0000,1.0000,0.0210,0.0279,0.0569
95,10,35.0055,-0.1599,0.4546,1.0000,-0.0026,0.0000,0.0026,1.0000,0.0000,0.0000,0.0000,1.0000,0.0210,0.0279,0.0569
96,0,35.5580,-0.0952,0.4400,1.0000,-0.0028,0.0000,0.0028,1.0000,0.0000,0.0000,0.0000,1.0000,0.2577,0.2263,0.1400
96,1,35.5661,-0.0923,0.6052,1.0000,-0.0028,0.0000,0.0028,1.0000,0.0000,0.0000,0.0000,1.0000,0.1100,0.2168,0.3052
96,2,35.6418,-0.1528,0.5173,1.0000,-0.0028,0.0000,0.0028,1.0000,0.0000,0.0000,0.0000,1.0000,0.1101,0.3070,0.2173
96,3,35.6637,-0.3296,0.5889,1.0000,-0.0028,0.0000,0.0028,1.0000,0.0000,0.0000,0.0000,1.0000,0.2836,0.2073,0.2889
96,4,35.7817,-0.3764,0.5062,1.0000,-0.0028,0.0000,0.0028,1.0000,0.0000,0.0000,0.0000,1.0000,0.2820,0.2947,0.2062
96,5,35.9497,-0.2401,0.6614,1.0000,-0.0028,0.0000,0.0028,1.0000,0.0000,0.0000,0.0000,1.0000,0.1112,0.2100,0.3614
96,6,36.0427,-0.2208,0.4265,1.0000,-0.0028,0.0000,0.0028,1.0000,0.0000,0.0000,0.0000,1.0000,0.1972,0.1336,0.1265
96,7,36.1517,-0.2127,0.4491,1.0000,-0.0028,0.0000,0.0028,1.0000,0.0000,0.0000,0.0000,1.0000,0.1624,0.1625,0.0548
96,8,36.1792,-0.1696,0.4472,1.0000,-0.0028,0.0000,0.0028,1.0000,0.0000,0.0000,0.0000,1.0000,0.0831,0.2046,0.1050
96,9,36.2097,-0.1034,0.4544,1.0000,-0.0028,0.0000,0.0028,1.0000,0.0000,0.0000,0.0000,1.0000,0.0210,0.0279,0.0569
96,10,36.2534,-0.1634,0.4546,1.0000,-0.0028,0.0000,0.0028,1.0000,0.0000,0.0000,0.0000,1.0000,0.0210,0.0279,0.0569
97,0,36.8148,-0.0987,0.4400,1.0000,-0.0028,0.0000,0.0028,1.0000,0.0000,0.0000,0.0000,1.0000,0.2577,0.2263,0.1400
97,1,36.8229,-0.0958,0.6052,1.0000,-0.0028,0.0000,0.0028,1.0000,0.0000,0.0000,0.0000,1.0000,0.1100,0.2168,0.3052
97,2,36.8987,-0.1563,0.5173,1.0000,-0.0028,0.0000,0.0028,1.0000,0.0000,0.0000,0.0000,1.0000,0.1101,0.3070,0.2173
97,3,36.9206,-0.3331,0.5889,1.0000,-0.0028,0.0000,0.0028,1.0000,0.0000,0.0000,0.0000,1.0000,0.2836,0.2073,0.2889
97,4,37.0385,-0.3799,0.5062,1.0000,-0.0028,0.0000,0.0028,1.0000,0.0000,0.0000,0.0000,1.0000,0.2820,0.2947,0.2062
97,5,37.2065,-0.2436,0.6614,1.0000,-0.0028,0.0000,0.0028,1.0000,0.0000,0.0000,0.0000,1.0000,0.1112,0.2100,0.3614
97,6,37.2996,-0.2244,0.4265,1.0000,-0.0028,0.0000,0.0028,1.0000,0.0000,0.0000,0.0000,1.0000,0.1972,0.1336,0.1265
97,7,37.4085,-0.2163,0.4491,1.0000,-0.0028,0.0000,0.0028,1.0000,0.0000,0.0000,0.0000,1.0000,0.1624,0.1625,0.0548
97,8,37.4360,-0.1732,0.4472,1.0000,-0.0028,0.0000,0.0028,1.0000,0.0000,0.0000,0.0000,1.0000,0.0831,0.2046,0.1050
97,9,37.4665,-0.1070,0.4544,1.0000,-0.0028,0.0000,0.0028,1.0000,0.0000,0.0000,0.0000,1.0000,0.0210,0.0279,0.0569
97,10,37.5102,-0.1670,0.4546,1.0000,-0.0028,0.0000,0.0028,1.0000,0.0000,0.0000,0.0000,1.0000,0.0210,0.0279,0.0569
98,0,38.0795,-0.1023,0.4400,1.0000,-0.0028,0.0000,0.0028,1.0000,0.0000,0.0000,0.0000,1.0000,0.2577,0.2263,0.1400
98,1,38.0876,-0.0994,0.6052,1.0000,-0.0028,0.0000,0.0028,1.0000,0.0000,0.0000,0.0000,1.0000,0.1100,0.2168,0.3052
98,2,38.1633,-0.1599,0.5173,1.0000,-0.0028,0.0000,0.0028,1.0000,0.0000,0.0000,0.0000,1.0000,0.1101,0.3070,0.2173
98,3,38.1852,-0.3367,0.5889,1.0000,-0.0028,0.0000,0.0028,1.0000,0.0000,0.0000,0.0000,1.0000,0.2836,0.2073,0.2889
98,4,38.3032,-0.3835,0.5062,1.0000,-0.0028,0.0000,0.0028,1.0000,0.0000,0.0000,0.0000,1.0000,0.2820,0.2947,0.2062
98,5,38.4712,-0.2472,0.6614,1.0000,-0.0028,0.0000,0.0028,1.0000,0.0000,0.0000,0.0000,1.0000,0.1112,0.2100,0.3614
98,6,38.5642,-0.2280,0.4265,1.0000,-0.0028,0.0000,0.0028,1.0000,0.0000,0.0000,0.0000,1.0000,0.1972,0.1336,0.1265
98,7,38.6731,-0.2199,0.4491,1.0000,-0.0028,0.0000,0.0028,1.0000,0.0000,0.0000,0.0000,1.0000,0.1624,0.1625,0.0548
98,8,38.7007,-0.1767,0.4472,1.0000,-0.0028,0.0000,0.0028,1.0000,0.0000,0.0000,0.0000,1.0000,0.0831,0.2046,0.1050
98,9,38.7311,-0.1105,0.4544,1.0000,-0.0028,0.0000,0.0028,1.0000,0.0000,0.0000,0.0000,1.0000,0.0210,0.0279,0.0569
98,10,38.7749,-0.1706,0.4546,1.0000,-0.0028,0.0000,0.0028,1.0000,0.0000,0.0000,0.0000,1.0000,0.0210,0.0279,0.0569
99,0,39.3510,-0.1058,0.4400,1.0000,-0.0026,0.0000,0.0026,1.0000,0.0000,0.0000,0.0000,1.0000,0.2577,0.2263,0.1400
99,1,39.3591,-0.1029,0.6052,1.0000,-0.0026,0.0000,0.0026,1.0000,0.0000,0.0000,0.0000,1.0000,0.1100,0.2168,0.3052
99,2,39.4349,-0.1634,0.5173,1.0000,-0.0026,0.0000,0.0026,1.0000,0.0000,0.0000,0.0000,1.0000,0.1101,0.3070,0.2173
99,3,39.4568,-0.3402,0.5889,1.0000,-0.0026,0.0000,0.0026,1.0000,0.0000,0.0000,0.0000,1.0000,0.2836,0.2073,0.2889
99,4,39.5748,-0.3870,0.5062,1.0000,-0.0026,0.0000,0.0026,1.0000,0.0000,0.0000,0.0000,1.0000,0.2820,0.2947,0.2062
99,5,39.7427,-0.2506,0.6614,1.0000,-0.0026,0.0000,0.0026,1.0000,0.0000,0.0000,0.0000,1.0000,0.1112,0.2100,0.3614
99,6,39.8358,-0.2314,0.4265,1.0000,-0.0026,0.0000,0.0026,1.0000,0.0000,0.0000,0.0000,1.0000,0.1972,0.1336,0.1265
99,7,39.9447,-0.2232,0.4491,1.0000,-0.0026,0.0000,0.0026,1.0000,0.0000,0.0000,0.0000,1.0000,0.1624,0.1625,0.0548
99,8,39.9722,-0.1801,0.4472,1.0000,-0.0026,0.0000,0.0026,1.0000,0.0000,0.0000,0.0000,1.0000,0.0831,0.2046,0.1050
99,9,40.0027,-0.1139,0.4544,1.0000,-0.0026,0.0000,0.0026,1.0000,0.0000,0.0000,0.0000,1.0000,0.0210,0.0279,0.0569
99,10,40.0464,-0.1739,0.4546,1.0000,-0.0026,0.0000,0.0026,1.0000,0.0000,0.0000,0.0000,1.0000,0.0210,0.0279,0.0569
100,0,40.6288,-0.1094,0.4400,1.0000,-0.0030,0.0000,0.0030,1.0000,0.0000,0.0000,0.0000,1.0000,0.2577,0.2263,0.1400
100,1,40.6369,-0.1065,0.6052,1.0000,-0.0030,0.0000,0.0030,1.0000,0.0000,0.0000,0.0000,1.0000,0.1100,0.2168,0.3052
100,2,40.7126,-0.1671,0.5173,1.0000,-0.0030,0.0000,0.0030,1.0000,0.0000,0.0000,0.0000,1.0000,0.1101,0.3070,0.2173
100,3,40.7344,-0.3438,0.5889,1.0000,-0.0030,0.0000,0.0030,1.0000,0.0000,0.0000,0.0000,1.0000,0.2836,0.2073,0.2889
100,4,40.8524,-0.3907,0.5062,1.0000,-0.0030,0.0000,0.0030,1.0000,0.0000,0.0000,0.0000,1.0000,0.2820,0.2947,0.2062
100,5,41.0204,-0.2544,0.6614,1.0000,-0.0030,0.0000,0.0030,1.0000,0.0000,0.0000,0.0000,1.0000,0.1112,0.2100,0.3614
100,6,41.1135,-0.2352,0.4265,1.0000,-0.0030,0.0000,0.0030,1.0000,0.0000,0.0000,0.0000,1.0000,0.1972,0.1336,0.1265
100,7,41.2224,-0.2271,0.4491,1.0000,-0.0030,0.0000,0.0030,1.0000,0.0000,0.0000,0.0000,1.0000,0.1624,0.1625,0.0548
100,8,41.2499,-0.1840,0.4472,1.0000,-0.0030,0.0000,0.0030,1.0000,0.0000,0.0000,0.0000,1.0000,0.0831,0.2046,0.1050
100,9,41.2804,-0.1178,0.4544,1.0000,-0.0030,0.0000,0.0030,1.0000,0.0000,0.0000,0.0000,1.0000,0.0210,0.0279,0.0569
100,10,41.3241,-0.1778,0.4546,1.0000,-0.0030,0.0000,0.0030,1.0000,0.0000,0.0000,0.0000,1.0000,0.0210,0.0279,0.0569
101,0,41.9122,-0.1132,0.4400,1.0000,-0.0028,0.0000,0.0028,1.0000,0.0000,0.0000,0.0000,1.0000,0.2577,0.2263,0.1400
101,1,41.9203,-0.1103,0.6052,1.0000,-0.0028,0.0000,0.0028,1.0000,0.0000,0.0000,0.0000,1.0000,0.1100,0.2168,0.3052
101,2,41.9960,-0.1708,0.5173,1.0000,-0.0028,0.0000,0.0028,1.0000,0.0000,0.0000,0.0000,1.0000,0.1101,0.3070,0.2173
101,3,42.0179,-0.3476,0.5889,1.0000,-0.0028,0.0000,0.0028,1.0000,0.0000,0.0000,0.0000,1.0000,0.2836,0.2073,0.2889
101,4,42.1359,-0.3944,0.5062,1.0000,-0.0028,0.0000,0.0028,1.0000,0.0000,0.0000,0.0000,1.0000,0.2820,0.2947,0.2062
101,5,42.3038,-0.2581,0.6614,1.0000,-0.0028,0.0000,0.0028,1.0000,0.0000,0.0000,0.0000,1.0000,0.1112,0.2100,0.3614
101,6,42.3969,-0.2388,0.4265,1.0000,-0.0028,0.0000,0.0028,1.0000,0.0000,0.0000,0.0000,1.0000,0.1972,0.1336,0.1265
101,7,42.5058,-0.2307,0.4491,1.0000,-0.0028,0.0000,0.0028,1.0000,0.0000,0.0000,0.0000,1.0000,0.1624,0.1625,0.0548
101,8,42.5333,-0.1876,0.4472,1.0000,-0.0028,0.0000,0.0028,1.0000,0.0000,0.0000,0.0000,1.0000,0.0831,0.2046,0.1050
101,9,42.5638,-0.1214,0.4544,1.0000,-0.0028,0.0000,0.0028,1.0000,0.0000,0.0000,0.0000,1.0000,0.0210,0.0279,0.0569
101,10,42.6076,-0.1814,0.4546,1.0000,-0.0028,0.0000,0.0028,1.0000,0.0000,0.0000,0.0000,1.0000,0.0210,0.0279,0.0569
102,0,43.2004,-0.1168,0.4400,1.0000,-0.0029,0.0000,0.0029,1.0000,0.0000,0.0000,0.0000,1.0000,0.2577,0.2263,0.1400
102,1,43.2085,-0.1139,0.6052,1.0000,-0.0029,0.0000,0.0029,1.0000,0.0000,0.0000,0.0000,1.0000,0.1100,0.2168,0.3052
102,2,43.2843,-0.1745,0.5173,1.0000,-0.0029,0.0000,0.0029,1.0000,0.0000,0.0000,0.0000,1.0000,0.1101,0.3070,0.2173
102,3,43.3061,-0.3512,0.5889,1.0000,-0.0029,0.0000,0.0029,1.0000,0.0000,0.0000,0.0000,1.0000,0.2836,0.2073,0.2889
102,4,43.4241,-0.3981,0.5062,1.0000,-0.0029,0.0000,0.0029,1.0000,0.0000,0.0000,0.0000,1.0000,0.2820,0.2947,0.2062
102,5,43.5921,-0.2617,0.6614,1.0000,-0.0029,0.0000,0.0029,1.0000,0.0000,0.0000,0.0000,1.0000,0.1112,0.2100,0.3614
102,6,43.6852,-0.2425,0.4265,1.0000,-0.0029,0.0000,0.0029,1.0000,0.0000,0.0000,0.0000,1.0000,0.1972,0.1336,0.1265
102,7,43.7941,-0.2344,0.4491,1.0000,-0.0029,0.0000,0.0029,1.0000,0.0000,0.0000,0.0000,1.0000,0.1624,0.1625,0.0548
102,8,43.8216,-0.1913,0.4472,1.0000,-0.0029,0.0000,0.0029,1.0000,0.0000,0.0000,0.0000,1.0000,0.0831,0.2046,0.1050
102,9,43.8521,-0.1251,0.4544,1.0000,-0.0029,0.0000,0.0029,1.0000,0.0000,0.0000,0.0000,1.0000,0.0210,0.0279,0.0569
102,10,43.8958,-0.1851,0.4546,1.0000,-0.0029,0.0000,0.0029,1.0000,0.0000,0.0000,0.0000,1.0000,0.0210,0.0279,0.0569
103,0,44.4924,-0.1206,0.4400,1.0000,-0.0030,0.0000,0.0030,1.0000,0.0000,0.0000,0.0000,1.0000,0.2577,0.2263,0.1400
103,1,44.5005,-0.1178,0.6052,1.0000,-0.0030,0.0000,0.0030,1.0000,0.0000,0.0000,0.0000,1.0000,0.1100,0.2168,0.3052
103,2,44.5762,-0.1783,0.5173,1.0000,-0.0030,0.0000,0.0030,1.0000,0.0000,0.0000,0.0000,1.0000,0.1101,0.3070,0.2173
103,3,44.5980,-0.3551,0.5889,1.0000,-0.0030,0.0000,0.0030,1.0000,0.0000,0.0000,0.0000,1.0000,0.2836,0.2073,0.2889
103,4,44.7160,-0.4019,0.5062,1.0000,-0.0030,0.0000,0.0030,1.0000,0.0000,0.0000,0.0000,1.0000,0.2820,0.2947,0.2062
103,5,44.8840,-0.2656,0.6614,1.0000,-0.0030,0.0000,0.0030,1.0000,0.0000,0.0000,0.0000,1.0000,0.1112,0.2100,0.3614
103,6,44.9771,-0.2464,0.4265,1.0000,-0.0030,0.0000,0.0030,1.0000,0.0000,0.0000,0.0000,1.0000,0.1972,0.1336,0.1265
103,7,45.0860,-0.2383,0.4491,1.0000,-0.0030,0.0000,0.0030,1.0000,0.0000,0.0000,0.0000,1.0000,0.1624,0.1625,0.0548
103,8,45.1135,-0.1952,0.4472,1.0000,-0.0030,0.0000,0.0030,1.0000,0.0000,0.0000,0.0000,1.0000,0.0831,0.2046,0.1050
103,9,45.1440,-0.1290,0.4544,1.0000,-0.0030,0.0000,0.0030,1.0000,0.0000,0.0000,0.0000,1.0000,0.0210,0.0279,0.0569
103,10,45.1878,-0.1891,0.4546,1.0000,-0.0030,0.0000,0.0030,1.0000,0.0000,0.0000,0.0000,1.0000,0.0210,0.0279,0.0569
104,0,45.7865,-0.1246,0.4400,1.0000,-0.0031,0.0000,0.0031,1.0000,0.0000,0.0000,0.0000,1.0000,0.2577,0.2263,0.1400
104,1,45.7946,-0.1217,0.6052,1.0000,-0.0031,0.0000,0.0031,1.0000,0.0000,0.0000,0.0000,1.0000,0.1100,0.2168,0.3052
104,2,45.8703,-0.1823,0.5173,1.0000,-0.0031,0.0000,0.0031,1.0000,0.0000,0.0000,0.0000,1.0000,0.1101,0.3070,0.2173
104,3,45.8922,-0.3590,0.5889,1.0000,-0.0031,0.0000,0.0031,1.0000,0.0000,0.0000,0.0000,1.0000,0.2836,0.2073,0.2889
104,4,46.0101,-0.4059,0.5062,1.0000,-0.0031,0.0000,0.0031,1.0000,0.0000,0.0000,0.0000,1.0000,0.2820,0.2947,0.2062
104,5,46.1782,-0.2696,0.6614,1.0000,-0.0031,0.0000,0.0031,1.0000,0.0000,0.0000,0.0000,1.0000,0.1112,0.2100,0.3614
104,6,46.2712,-0.2504,0.4265,1.0000,-0.0031,0.0000,0.0031,1.0000,0.0000,0.0000,0.0000,1.0000,0.1972,0.1336,0.1265
104,7,46.3801,-0.2423,0.4491,1.0000,-0.0031,0.0000,0.0031,1.0000,0.0000,0.0000,0.0000,1.0000,0.1624,0.1625,0.0548
104,8,46.4077,-0.1992,0.4472,1.0000,-0.0031,0.0000,0.0031,1.0000,0.0000,0.0000,0.0000,1.0000,0.0831,0.2046,0.1050
104,9,46.4382,-0.1330,0.4544,1.0000,-0.0031,0.0000,0.0031,1.0000,0.0000,0.0000,0.0000,1.0000,0.0210,0.0279,0.0569
104,10,46.4819,-0.1931,0.4546,1.0000,-0.0031,0.0000,0.0031,1.0000,0.0000,0.0000,0.0000,1.0000,0.0210,0.0279,0.0569
105,0,47.0816,-0.1287,0.4400,1.0000,-0.0032,0.0000,0.0032,1.0000,0.0000,0.0000,0.0000,1.0000,0.2577,0.2263,0.1400
105,1,47.0897,-0.1258,0.6052,1.0000,-0.0032,0.0000,0.0032,1.0000,0.0000,0.0000,0.0000,1.0000,0.1100,0.2168,0.3052
105,2,47.1654,-0.1864,0.5173,1.0000,-0.0032,0.0000,0.0032,1.0000,0.0000,0.0000,0.0000,1.0000,0.1101,0.3070,0.2173
105,3,47.1872,-0.3631,0.5889,1.0000,-0.0032,0.0000,0.0032,1.0000,0.0000,0.0000,0.0000,1.0000,0.2836,0.2073,0.2889
105,4,47.3052,-0.4100,0.5062,1.0000,-0.0032,0.0000,0.0032,1.0000,0.0000,0.0000,0.0000,1.0000,0.2820,0.2947,0.2062
105,5,47.4732,-0.2738,0.6614,1.0000,-0.0032,0.0000,0.0032,1.0000,0.0000,0.0000,0.0000,1.0000,0.1112,0.2100,0.3614
105,6,47.5663,-0.2546,0.4265,1.0000,-0.0032,0.0000,0.0032,1.0000,0.0000,0.0000,0.0000,1.0000,0.1972,0.1336,0.1265
105,7,47.6752,-0.2465,0.4491,1.0000,-0.0032,0.0000,0.0032,1.0000,0.0000,0.0000,0.0000,1.0000,0.1624,0.1625,0.0548
105,8,47.7028,-0.2034,0.4472,1.0000,-0.0032,0.0000,0.0032,1.0000,0.0000,0.0000,0.0000,1.0000,0.0831,0.2046,0.1050
105,9,47.7333,-0.1372,0.4544,1.0000,-0.0032,0.0000,0.0032,1.0000,0.0000,0.0000,0.0000,1.0000,0.0210,0.0279,0.0569
105,10,47.7770,-0.1973,0.4546,1.0000,-0.0032,0.0000,0.0032,1.0000,0.0000,0.0000,0.0000,1.0000,0.0210,0.0279,0.0569
106,0,48.3773,-0.1330,0.4400,1.0000,-0.0034,0.0000,0.0034,1.0000,0.0000,0.0000,0.0000,1.0000,0.2577,0.2263,0.1400
106,1,48.3855,-0.1301,0.6052,1.0000,-0.0034,0.0000,0.0034,1.0000,0.0000,0.0000,0.0000,1.0000,0.1100,0.2168,0.3052
106,2,48.4612,-0.1907,0.5173,1.0000,-0.0034,0.0000,0.0034,1.0000,0.0000,0.0000,0.0000,1.0000,0.1101,0.3070,0.2173
106,3,48.4830,-0.3674,0.5889,1.0000,-0.0034,0.0000,0.0034,1.0000,0.0000,0.0000,0.0000,1.0000,0.2836,0.2073,0.2889
106,4,48.6009,-0.4143,0.5062,1.0000,-0.0034,0.0000,0.0034,1.0000,0.0000,0.0000,0.0000,1.0000,0.2820,0.2947,0.2062
106,5,48.7690,-0.2781,0.6614,1.0000,-0.0034,0.0000,0.0034,1.0000,0.0000,0.0000,0.0000,1.0000,0.1112,0.2100,0.3614
106,6,48.8620,-0.2589,0.4265,1.0000,-0.0034,0.0000,0.0034,1.0000,0.0000,0.0000,0.0000,1.0000,0.1972,0.1336,0.1265
106,7,48.9710,-0.2509,0.4491,1.0000,-0.0034,0.0000,0.0034,1.0000,0.0000,0.0000,0.0000,1.0000,0.1624,0.1625,0.0548
106,8,48.9985,-0.2078,0.4472,1.0000,-0.0034,0.0000,0.0034,1.0000,0.0000,0.0000,0.0000,1.0000,0.0831,0.2046,0.1050
106,9,49.0290,-0.1416,0.4544,1.0000,-0.0034,0.0000,0.0034,1.0000,0.0000,0.0000,0.0000,1.0000,0.0210,0.0279,0.0569
106,10,49.0727,-0.2016,0.4546,1.0000,-0.0034,0.0000,0.0034,1.0000,0.0000,0.0000,0.0000,1.0000,0.0210,0.0279,0.0569
107,0,49.6744,-0.1375,0.4400,1.0000,-0.0035,0.0000,0.0035,1.0000,0.0000,0.0000,0.0000,1.0000,0.2577,0.2263,0.1400
107,1,49.6825,-0.1346,0.6052,1.0000,-0.0035,0.0000,0.0035,1.0000,0.0000,0.0000,0.0000,1.0000,0.1100,0.2168,0.3052
107,2,49.7582,-0.1952,0.5173,1.0000,-0.0035,0.0000,0.0035,1.0000,0.0000,0.0000,0.0000,1.0000,0.1101,0.3070,0.2173
107,3,49.7800,-0.3719,0.5889,1.0000,-0.0035,0.0000,0.0035,1.0000,0.0000,0.0000,0.0000,1.0000,0.2836,0.2073,0.2889
107,4,49.8979,-0.4189,0.5062,1.0000,-0.0035,0.0000,0.0035,1.0000,0.0000,0.0000,0.0000,1.0000,0.2820,0.2947,0.2062
107,5,50.0660,-0.2826,0.6614,1.0000,-0.0035,0.0000,0.0035,1.0000,0.0000,0.0000,0.0000,1.0000,0.1112,0.2100,0.3614
107,6,50.1591,-0.2635,0.4265,1.0000,-0.0035,0.0000,0.0035,1.0000,0.0000,0.0000,0.0000,1.0000,0.1972,0.1336,0.1265
107,7,50.2680,-0.2555,0.4491,1.0000,-0.0035,0.0000,0.0035,1.0000,0.0000,0.0000,0.0000,1.0000,0.1624,0.1625,0.0548
107,8,50.2955,-0.2124,0.4472,1.0000,-0.0035,0.0000,0.0035,1.0000,0.0000,0.0000,0.0000,1.0000,0.0831,0.2046,0.1050
107,9,50.3261,-0.1462,0.4544,1.0000,-0.0035,0.0000,0.0035,1.0000,0.0000,0.0000,0.0000,1.0000,0.0210,0.0279,0.0569
107,10,50.3698,-0.2062,0.4546,1.0000,-0.0035,0.0000,0.0035,1.0000,0.0000,0.0000,0.0000,1.0000,0.0210,0.0279,0.0569
108,0,50.9742,-0.1421,0.4400,1.0000,-0.0037,0.0000,0.0037,1.0000,0.0000,0.0000,0.0000,1.0000,0.2577,0.2263,0.1400
108,1,50.9823,-0.1393,0.6052,1.0000,-0.0037,0.0000,0.0037,1.0000,0.0000,0.0000,0.0000,1.0000,0.1100,0.2168,0.3052
108,2,51.0580,-0.1999,0.5173,1.0000,-0.0037,0.0000,0.0037,1.0000,0.0000,0.0000,0.0000,1.0000,0.1101,0.3070,0.2173
108,3,51.0797,-0.3766,0.5889,1.0000,-0.0037,0.0000,0.0037,1.0000,0.0000,0.0000,0.0000,1.0000,0.2836,0.2073,0.2889
108,4,51.1976,-0.4236,0.5062,1.0000,-0.0037,0.0000,0.0037,1.0000,0.0000,0.0000,0.0000,1.0000,0.2820,0.2947,0.2062
108,5,51.3658,-0.2874,0.6614,1.0000,-0.0037,0.0000,0.0037,1.0000,0.0000,0.0000,0.0000,1.0000,0.1112,0.2100,0.3614
108,6,51.4588,-0.2682,0.4265,1.0000,-0.0037,0.0000,0.0037,1.0000,0.0000,0.0000,0.0000,1.0000,0.1972,0.1336,0.1265
108,7,51.5678,-0.2602,0.4491,1.0000,-0.0037,0.0000,0.0037,1.0000,0.0000,0.0000,0.0000,1.0000,0.1624,0.1625,0.0548
108,8,51.5953,-0.2171,0.4472,1.0000,-0.0037,0.0000,0.0037,1.0000,0.0000,0.0000,0.0000,1.0000,0.0831,0.2046,0.1050
108,9,51.6259,-0.1509,0.4544,1.0000,-0.0037,0.0000,0.0037,1.0000,0.0000,0.0000,0.0000,1.0000,0.0210,0.0279,0.0569
108,10,51.6695,-0.2110,0.4546,1.0000,-0.0037,0.0000,0.0037,1.0000,0.0000,0.0000,0.0000,1.0000,0.0210,0.0279,0.0569
109,0,52.2785,-0.1470,0.4400,1.0000,-0.0038,0.0000,0.0038,1.0000,0.0000,0.0000,0.0000,1.0000,0.2577,0.2263,0.1400
109,1,52.2866,-0.1441,0.6052,1.0000,-0.0038,0.0000,0.0038,1.0000,0.0000,0.0000,0.0000,1.0000,0.1100,0.2168,0.3052
109,2,52.3623,-0.2047,0.5173,1.0000,-0.0038,0.0000,0.0038,1.0000,0.0000,0.0000,0.0000,1.0000,0.1101,0.3070,0.2173
109,3,52.3840,-0.3815,0.5889,1.0000,-0.0038,0.0000,0.0038,1.0000,0.0000,0.0000,0.0000,1.0000,0.2836,0.2073,0.2889
109,4,52.5019,-0.4284,0.5062,1.0000,-0.0038,0.0000,0.0038,1.0000,0.0000,0.0000,0.0000,1.0000,0.2820,0.2947,0.2062
109,5,52.6701,-0.2923,0.6614,1.0000,-0.0038,0.0000,0.0038,1.0000,0.0000,0.0000,0.0000,1.0000,0.1112,0.2100,0.3614
109,6,52.7631,-0.2731,0.4265,1.0000,-0.0038,0.0000,0.0038,1.0000,0.0000,0.0000,0.0000,1.0000,0.1972,0.1336,0.1265
109,7,52.8721,-0.2651,0.4491,1.0000,-0.0038,0.0000,0.0038,1.0000,0.0000,0.0000,0.0000,1.0000,0.1624,0.1625,0.0548
109,8,52.8996,-0.2220,0.4472,1.0000,-0.0038,0.0000,0.0038,1.0000,0.0000,0.0000,0.0000,1.0000,0.0831,0.2046,0.1050
109,9,52.9302,-0.1559,0.4544,1.0000,-0.0038,0.0000,0.0038,1.0000,0.0000,0.0000,0.0000,1.0000,0.0210,0.0279,0.0569
109,10,52.9738,-0.2159,0.4546,1.0000,-0.0038,0.0000,0.0038,1.0000,0.0000,0.0000,0.0000,1.0000,0.0210,0.0279,0.0569
110,0,53.5890,-0.1520,0.4400,1.0000,-0.0039,0.0000,0.0039,1.0000,0.0000,0.0000,0.0000,1.0000,0.2577,0.2263,0.1400
110,1,53.5971,-0.1492,0.6052,1.0000,-0.0039,0.0000,0.0039,1.0000,0.0000,0.0000,0.0000,1.0000,0.1100,0.2168,0.3052
110,2,53.6728,-0.2097,0.5173,1.0000,-0.0039,0.0000,0.0039,1.0000,0.0000,0.0000,0.0000,1.0000,0.1101,0.3070,0.2173
110,3,53.6945,-0.3865,0.5889,1.0000,-0.0039,0.0000,0.0039,1.0000,0.0000,0.0000,0.0000,1.0000,0.2836,0.2073,0.2889
110,4,53.8124,-0.4335,0.5062,1.0000,-0.0039,0.0000,0.0039,1.0000,0.0000,0.0000,0.0000,1.0000,0.2820,0.2947,0.2062
110,5,53.9805,-0.2973,0.6614,1.0000,-0.0039,0.0000,0.0039,1.0000,0.0000,0.0000,0.0000,1.0000,0.1112,0.2100,0.3614
110,6,54.0736,-0.2782,0.4265,1.0000,-0.0039,0.0000,0.0039,1.0000,0.0000,0.0000,0.0000,1.0000,0.1972,0.1336,0.1265
110,7,54.1825,-0.2702,0.4491,1.0000,-0.0039,0.0000,0.0039,1.0000,0.0000,0.0000,0.0000,1.0000,0.1624,0.1625,0.0548
110,8,54.2101,-0.2271,0.4472,1.0000,-0.0039,0.0000,0.0039,1.0000,0.0000,0.0000,0.0000,1.0000,0.0831,0.2046,0.1050
110,9,54.2407,-0.1610,0.4544,1.0000,-0.0039,0.0000,0.0039,1.0000,0.0000,0.0000,0.0000,1.0000,0.0210,0.0279,0.0569
110,10,54.2843,-0.2210,0.4546,1.0000,-0.0039,0.0000,0.0039,1.0000,0.0000,0.0000,0.0000,1.0000,0.0210,0.0279,0.0569
111,0,54.9070,-0.1574,0.4400,1.0000,-0.0043,0.0000,0.0043,1.0000,0.0000,0.0000,0.0000,1.0000,0.2577,0.2263,0.1400
111,1,54.9151,-0.1545,0.6052,1.0000,-0.0043,0.0000,0.0043,1.0000,0.0000,0.0000,0.0000,1.0000,0.1100,0.2168,0.3052
111,2,54.9907,-0.2152,0.5173,1.0000,-0.0043,0.0000,0.0043,1.0000,0.0000,0.0000,0.0000,1.0000,0.1101,0.3070,0.2173
111,3,55.0124,-0.3920,0.5889,1.0000,-0.0043,0.0000,0.0043,1.0000,0.0000,0.0000,0.0000,1.0000,0.2836,0.2073,0.2889
111,4,55.1303,-0.4390,0.5062,1.0000,-0.0043,0.0000,0.0043,1.0000,0.0000,0.0000,0.0000,1.0000,0.2820,0.2947,0.2062
111,5,55.2984,-0.3029,0.6614,1.0000,-0.0043,0.0000,0.0043,1.0000,0.0000,0.0000,0.0000,1.0000,0.1112,0.2100,0.3614
111,6,55.3915,-0.2838,0.4265,1.0000,-0.0043,0.0000,0.0043,1.0000,0.0000,0.0000,0.0000,1.0000,0.1972,0.1336,0.1265
111,7,55.5005,-0.2759,0.4491,1.0000,-0.0043,0.0000,0.0043,1.0000,0.0000,0.0000,0.0000,1.0000,0.1624,0.1625,0.0548
111,8,55.5280,-0.2328,0.4472,1.0000,-0.0043,0.0000,0.0043,1.0000,0.0000,0.0000,0.0000,1.0000,0.0831,0.2046,0.1050
111,9,55.5586,-0.1666,0.4544,1.0000,-0.0043,0.0000,0.0043,1.0000,0.0000,0.0000,0.0000,1.0000,0.0210,0.0279,0.0569
111,10,55.6023,-0.2267,0.4546,1.0000,-0.0043,0.0000,0.0043,1.0000,0.0000,0.0000,0.0000,1.0000,0.0210,0.0279,0.0569
112,0,56.2335,-0.1633,0.4400,1.0000,-0.0045,0.0000,0.0045,1.0000,0.0000,0.0000,0.0000,1.0000,0.2577,0.2263,0.1400
112,1,56.2416,-0.1604,0.6052,1.0000,-0.0045,0.0000,0.0045,1.0000,0.0000,0.0000,0.0000,1.0000,0.1100,0.2168,0.3052
112,2,56.3172,-0.2210,0.5173,1.0000,-0.0045,0.0000,0.0045,1.0000,0.0000,0.0000,0.0000,1.0000,0.1101,0.3070,0.2173
112,3,56.3388,-0.3978,0.5889,1.0000,-0.0045,0.0000,0.0045,1.0000,0.0000,0.0000,0.0000,1.0000,0.2836,0.2073,0.2889
112,4,56.4567,-0.4449,0.5062,1.0000,-0.0045,0.0000,0.0045,1.0000,0.0000,0.0000,0.0000,1.0000,0.2820,0.2947,0.2062
112,5,56.6249,-0.3088,0.6614,1.0000,-0.0045,0.0000,0.0045,1.0000,0.0000,0.0000,0.0000,1.0000,0.1112,0.2100,0.3614
112,6,56.7180,-0.2898,0.4265,1.0000,-0.0045,0.0000,0.0045,1.0000,0.0000,0.0000,0.0000,1.0000,0.1972,0.1336,0.1265
112,7,56.8270,-0.2819,0.4491,1.0000,-0.0045,0.0000,0.0045,1.0000,0.0000,0.0000,0.0000,1.0000,0.1624,0.1625,0.0548
112,8,56.8546,-0.2388,0.4472,1.0000,-0.0045,0.0000,0.0045,1.0000,0.0000,0.0000,0.0000,1.0000,0.0831,0.2046,0.1050
112,9,56.8852,-0.1726,0.4544,1.0000,-0.0045,0.0000,0.0045,1.0000,0.0000,0.0000,0.0000,1.0000,0.0210,0.0279,0.0569
112,10,56.9288,-0.2327,0.4546,1.0000,-0.0045,0.0000,0.0045,1.0000,0.0000,0.0000,0.0000,1.0000,0.0210,0.0279,0.0569
113,0,57.5695,-0.1697,0.4400,1.0000,-0.0051,0.0000,0.0051,1.0000,0.0000,0.0000,0.0000,1.0000,0.2577,0.2263,0.1400
113,1,57.5776,-0.1668,0.6052,1.0000,-0.0051,0.0000,0.0051,1.0000,0.0000,0.0000,0.0000,1.0000,0.1100,0.2168,0.3052
113,2,57.6532,-0.2275,0.5173,1.0000,-0.0051,0.0000,0.0051,1.0000,0.0000,0.0000,0.0000,1.0000,0.1101,0.3070,0.2173
113,3,57.6747,-0.4043,0.5889,1.0000,-0.0051,0.0000,0.0051,1.0000,0.0000,0.0000,0.0000,1.0000,0.2836,0.2073,0.2889
113,4,57.7926,-0.4514,0.5062,1.0000,-0.0051,0.0000,0.0051,1.0000,0.0000,0.0000,0.0000,1.0000,0.2820,0.2947,0.2062
113,5,57.9609,-0.3155,0.6614,1.0000,-0.0051,0.0000,0.0051,1.0000,0.0000,0.0000,0.0000,1.0000,0.1112,0.2100,0.3614
113,6,58.0540,-0.2965,0.4265,1.0000,-0.0051,0.0000,0.0051,1.0000,0.0000,0.0000,0.0000,1.0000,0.1972,0.1336,0.1265
113,7,58.1629,-0.2886,0.4491,1.0000,-0.0051,0.0000,0.0051,1.0000,0.0000,0.0000,0.0000,1.0000,0.1624,0.1625,0.0548
113,8,58.1905,-0.2456,0.4472,1.0000,-0.0051,0.0000,0.0051,1.0000,0.0000,0.0000,0.0000,1.0000,0.0831,0.2046,0.1050
113,9,58.2212,-0.1794,0.4544,1.0000,-0.0051,0.0000,0.0051,1.0000,0.0000,0.0000,0.0000,1.0000,0.0210,0.0279,0.0569
113,10,58.2648,-0.2396,0.4546,1.0000,-0.0051,0.0000,0.0051,1.0000,0.0000,0.0000,0.0000,1.0000,0.0210,0.0279,0.0569
114,0,58.9156,-0.1767,0.4400,1.0000,-0.0053,0.0000,0.0053,1.0000,0.0000,0.0000,0.0000,1.0000,0.2577,0.2263,0.1400
114,1,58.9237,-0.1738,0.6052,1.0000,-0.0053,0.0000,0.0053,1.0000,0.0000,0.0000,0.0000,1.0000,0.1100,0.2168,0.3052
114,2,58.9993,-0.2345,0.5173,1.0000,-0.0053,0.0000,0.0053,1.0000,0.0000,0.0000,0.0000,1.0000,0.1101,0.3070,0.2173
114,3,59.0208,-0.4113,0.5889,1.0000,-0.0053,0.0000,0.0053,1.0000,0.0000,0.0000,0.0000,1.0000,0.2836,0.2073,0.2889
114,4,59.1386,-0.4585,0.5062,1.0000,-0.0053,0.0000,0.0053,1.0000,0.0000,0.0000,0.0000,1.0000,0.2820,0.2947,0.2062
114,5,59.3069,-0.3225,0.6614,1.0000,-0.0053,0.0000,0.0053,1.0000,0.0000,0.0000,0.0000,1.0000,0.1112,0.2100,0.3614
114,6,59.4000,-0.3035,0.4265,1.0000,-0.0053,0.0000,0.0053,1.0000,0.0000,0.0000,0.0000,1.0000,0.1972,0.1336,0.1265
114,7,59.5090,-0.2957,0.4491,1.0000,-0.0053,0.0000,0.0053,1.0000,0.0000,0.0000,0.0000,1.0000,0.1624,0.1625,0.0548
114,8,59.5366,-0.2526,0.4472,1.0000,-0.0053,0.0000,0.0053,1.0000,0.0000,0.0000,0.0000,1.0000,0.0831,0.2046,0.1050
114,9,59.5673,-0.1865,0.4544,1.0000,-0.0053,0.0000,0.0053,1.0000,0.0000,0.0000,0.0000,1.0000,0.0210,0.0279,0.0569
114,10,59.6108,-0.2466,0.4546,1.0000,-0.0053,0.0000,0.0053,1.0000,0.0000,0.0000,0.0000,1.0000,0.0210,0.0279,0.0569
115,0,60.2720,-0.1837,0.4400,1.0000,-0.0051,0.0000,0.0051,1.0000,0.0000,0.0000,0.0000,1.0000,0.2577,0.2263,0.1400
115,1,60.2801,-0.1808,0.6052,1.0000,-0.0051,0.0000,0.0051,1.0000,0.0000,0.0000,0.0000,1.0000,0.1100,0.2168,0.3052
115,2,60.3557,-0.2415,0.5173,1.0000,-0.0051,0.0000,0.0051,1.0000,0.0000,0.0000,0.0000,1.0000,0.1101,0.3070,0.2173
115,3,60.3772,-0.4183,0.5889,1.0000,-0.0051,0.0000,0.0051,1.0000,0.0000,0.0000,0.0000,1.0000,0.2836,0.2073,0.2889
115,4,60.4951,-0.4654,0.5062,1.0000,-0.0051,0.0000,0.0051,1.0000,0.0000,0.0000,0.0000,1.0000,0.2820,0.2947,0.2062
115,5,60.6634,-0.3295,0.6614,1.0000,-0.0051,0.0000,0.0051,1.0000,0.0000,0.0000,0.0000,1.0000,0.1112,0.2100,0.3614
115,6,60.7565,-0.3105,0.4265,1.0000,-0.0051,0.0000,0.0051,1.0000,0.0000,0.0000,0.0000,1.0000,0.1972,0.1336,0.1265
115,7,60.8654,-0.3026,0.4491,1.0000,-0.0051,0.0000,0.0051,1.0000,0.0000,0.0000,0.0000,1.0000,0.1624,0.1625,0.0548
115,8,60.8930,-0.2596,0.4472,1.0000,-0.0051,0.0000,0.0051,1.0000,0.0000,0.0000,0.0000,1.0000,0.0831,0.2046,0.1050
115,9,60.9237,-0.1934,0.4544,1.0000,-0.0051,0.0000,0.0051,1.0000,0.0000,0.0000,0.0000,1.0000,0.0210,0.0279,0.0569
115,10,60.9673,-0.2535,0.4546,1.0000,-0.0051,0.0000,0.0051,1.0000,0.0000,0.0000,0.0000,1.0000,0.0210,0.0279,0.0569
116,0,61.6386,-0.1908,0.4400,1.0000,-0.0053,0.0000,0.0053,1.0000,0.0000,0.0000,0.0000,1.0000,0.2577,0.2263,0.1400
116,1,61.6467,-0.1879,0.6052,1.0000,-0.0053,0.0000,0.0053,1.0000,0.0000,0.0000,0.0000,1.0000,0.1100,0.2168,0.3052
116,2,61.7223,-0.2486,0.5173,1.0000,-0.0053,0.0000,0.0053,1.0000,0.0000,0.0000,0.0000,1.0000,0.1101,0.3070,0.2173
116,3,61.7437,-0.4254,0.5889,1.0000,-0.0053,0.0000,0.0053,1.0000,0.0000,0.0000,0.0000,1.0000,0.2836,0.2073,0.2889
116,4,61.8616,-0.4726,0.5062,1.0000,-0.0053,0.0000,0.0053,1.0000,0.0000,0.0000,0.0000,1.0000,0.2820,0.2947,0.2062
116,5,62.0299,-0.3366,0.6614,1.0000,-0.0053,0.0000,0.0053,1.0000,0.0000,0.0000,0.0000,1.0000,0.1112,0.2100,0.3614
116,6,62.1230,-0.3176,0.4265,1.0000,-0.0053,0.0000,0.0053,1.0000,0.0000,0.0000,0.0000,1.0000,0.1972,0.1336,0.1265
116,7,62.2320,-0.3098,0.4491,1.0000,-0.0053,0.0000,0.0053,1.0000,0.0000,0.0000,0.0000,1.0000,0.1624,0.1625,0.0548
116,8,62.2596,-0.2668,0.4472,1.0000,-0.0053,0.0000,0.0053,1.0000,0.0000,0.0000,0.0000,1.0000,0.0831,0.2046,0.1050
116,9,62.2902,-0.2006,0.4544,1.0000,-0.0053,0.0000,0.0053,1.0000,0.0000,0.0000,0.0000,1.0000,0.0210,0.0279,0.0569
116,10,62.3338,-0.2607,0.4546,1.0000,-0.0053,0.0000,0.0053,1.0000,0.0000,0.0000,0.0000,1.0000,0.0210,0.0279,0.0569
117,0,63.0151,-0.1983,0.4400,1.0000,-0.0056,0.0000,0.0056,1.0000,0.0000,0.0000,0.0000,1.0000,0.2577,0.2263,0.1400
117,1,63.0232,-0.1954,0.6052,1.0000,-0.0056,0.0000,0.0056,1.0000,0.0000,0.0000,0.0000,1.0000,0.1100,0.2168,0.3052
117,2,63.0987,-0.2561,0.5173,1.0000,-0.0056,0.0000,0.0056,1.0000,0.0000,0.0000,0.0000,1.0000,0.1101,0.3070,0.2173
117,3,63.1201,-0.4330,0.5889,1.0000,-0.0056,0.0000,0.0056,1.0000,0.0000,0.0000,0.0000,1.0000,0.2836,0.2073,0.2889
117,4,63.2380,-0.4801,0.5062,1.0000,-0.0056,0.0000,0.0056,1.0000,0.0000,0.0000,0.0000,1.0000,0.2820,0.2947,0.2062
117,5,63.4063,-0.3443,0.6614,1.0000,-0.0056,0.0000,0.0056,1.0000,0.0000,0.0000,0.0000,1.0000,0.1112,0.2100,0.3614
117,6,63.4995,-0.3253,0.4265,1.0000,-0.0056,0.0000,0.0056,1.0000,0.0000,0.0000,0.0000,1.0000,0.1972,0.1336,0.1265
117,7,63.6084,-0.3175,0.4491,1.0000,-0.0056,0.0000,0.0056,1.0000,0.0000,0.0000,0.0000,1.0000,0.1624,0.1625,0.0548
117,8,63.6360,-0.2745,0.4472,1.0000,-0.0056,0.0000,0.0056,1.0000,0.0000,0.0000,0.0000,1.0000,0.0831,0.2046,0.1050
117,9,63.6667,-0.2083,0.4544,1.0000,-0.0056,0.0000,0.0056,1.0000,0.0000,0.0000,0.0000,1.0000,0.0210,0.0279,0.0569
117,10,63.7103,-0.2685,0.4546,1.0000,-0.0056,0.0000,0.0056,1.0000,0.0000,0.0000,0.0000,1.0000,0.0210,0.0279,0.0569
118,0,64.4011,-0.2062,0.4400,1.0000,-0.0059,0.0000,0.0059,1.0000,0.0000,0.0000,0.0000,1.0000,0.2577,0.2263,0.1400
118,1,64.4092,-0.2034,0.6052,1.0000,-0.0059,0.0000,0.0059,1.0000,0.0000,0.0000,0.0000,1.0000,0.1100,0.2168,0.3052
118,2,64.4847,-0.2641,0.5173,1.0000,-0.0059,0.0000,0.0059,1.0000,0.0000,0.0000,0.0000,1.0000,0.1101,0.3070,0.2173
118,3,64.5061,-0.4410,0.5889,1.0000,-0.0059,0.0000,0.0059,1.0000,0.0000,0.0000,0.0000,1.0000,0.2836,0.2073,0.2889
118,4,64.6239,-0.4882,0.5062,1.0000,-0.0059,0.0000,0.0059,1.0000,0.0000,0.0000,0.0000,1.0000,0.2820,0.2947,0.2062
118,5,64.7923,-0.3524,0.6614,1.0000,-0.0059,0.0000,0.0059,1.0000,0.0000,0.0000,0.0000,1.0000,0.1112,0.2100,0.3614
118,6,64.8854,-0.3334,0.4265,1.0000,-0.0059,0.0000,0.0059,1.0000,0.0000,0.0000,0.0000,1.0000,0.1972,0.1336,0.1265
118,7,64.9944,-0.3256,0.4491,1.0000,-0.0059,0.0000,0.0059,1.0000,0.0000,0.0000,0.0000,1.0000,0.1624,0.1625,0.0548
118,8,65.0220,-0.2826,0.4472,1.0000,-0.0059,0.0000,0.0059,1.0000,0.0000,0.0000,0.0000,1.0000,0.0831,0.2046,0.1050
118,9,65.0527,-0.2165,0.4544,1.0000,-0.0059,0.0000,0.0059,1.0000,0.0000,0.0000,0.0000,1.0000,0.0210,0.0279,0.0569
118,10,65.0963,-0.2766,0.4546,1.0000,-0.0059,0.0000,0.0059,1.0000,0.0000,0.0000,0.0000,1.0000,0.0210,0.0279,0.0569
119,0,65.7964,-0.2143,0.4400,1.0000,-0.0057,0.0000,0.0057,1.0000,0.0000,0.0000,0.0000,1.0000,0.2577,0.2263,0.1400
119,1,65.8045,-0.2115,0.6052,1.0000,-0.0057,0.0000,0.0057,1.0000,0.0000,0.0000,0.0000,1.0000,0.1100,0.2168,0.3052
119,2,65.8801,-0.2722,0.5173,1.0000,-0.0057,0.0000,0.0057,1.0000,0.0000,0.0000,0.0000,1.0000,0.1101,0.3070,0.2173
119,3,65.9015,-0.4490,0.5889,1.0000,-0.0057,0.0000,0.0057,1.0000,0.0000,0.0000,0.0000,1.0000,0.2836,0.2073,0.2889
119,4,66.0193,-0.4962,0.5062,1.0000,-0.0057,0.0000,0.0057,1.0000,0.0000,0.0000,0.0000,1.0000,0.2820,0.2947,0.2062
119,5,66.1877,-0.3603,0.6614,1.0000,-0.0057,0.0000,0.0057,1.0000,0.0000,0.0000,0.0000,1.0000,0.1112,0.2100,0.3614
119,6,66.2808,-0.3414,0.4265,1.0000,-0.0057,0.0000,0.0057,1.0000,0.0000,0.0000,0.0000,1.0000,0.1972,0.1336,0.1265
119,7,66.3897,-0.3336,0.4491,1.0000,-0.0057,0.0000,0.0057,1.0000,0.0000,0.0000,0.0000,1.0000,0.1624,0.1625,0.0548
119,8,66.4174,-0.2905,0.4472,1.0000,-0.0057,0.0000,0.0057,1.0000,0.0000,0.0000,0.0000,1.0000,0.0831,0.2046,0.1050
119,9,66.4481,-0.2244,0.4544,1.0000,-0.0057,0.0000,0.0057,1.0000,0.0000,0.0000,0.0000,1.0000,0.0210,0.0279,0.0569
119,10,66.4916,-0.2846,0.4546,1.0000,-0.0057,0.0000,0.0057,1.0000,0.0000,0.0000,0.0000,1.0000,0.0210,0.0279,0.0569
120,0,67.2009,-0.2223,0.4400,1.0000,-0.0057,0.0000,0.0057,1.0000,0.0000,0.0000,0.0000,1.0000,0.2577,0.2263,0.1400
120,1,67.2091,-0.2194,0.6052,1.0000,-0.0057,0.0000,0.0057,1.0000,0.0000,0.0000,0.0000,1.0000,0.1100,0.2168,0.3052
120,2,67.2846,-0.2801,0.5173,1.0000,-0.0057,0.0000,0.0057,1.0000,0.0000,0.0000,0.0000,1.0000,0.1101,0.3070,0.2173
120,3,67.3060,-0.4570,0.5889,1.0000,-0.0057,0.0000,0.0057,1.0000,0.0000,0.0000,0.0000,1.0000,0.2836,0.2073,0.2889
120,4,67.4239,-0.5041,0.5062,1.0000,-0.0057,0.0000,0.0057,1.0000,0.0000,0.0000,0.0000,1.0000,0.2820,0.2947,0.2062
120,5,67.5922,-0.3683,0.6614,1.0000,-0.0057,0.0000,0.0057,1.0000,0.0000,0.0000,0.0000,1.0000,0.1112,0.2100,0.3614
120,6,67.6853,-0.3493,0.4265,1.0000,-0.0057,0.0000,0.0057,1.0000,0.0000,0.0000,0.0000,1.0000,0.1972,0.1336,0.1265
120,7,67.7943,-0.3415,0.4491,1.0000,-0.0057,0.0000,0.0057,1.0000,0.0000,0.0000,0.0000,1.0000,0.1624,0.1625,0.0548
120,8,67.8219,-0.2985,0.4472,1.0000,-0.0057,0.0000,0.0057,1.0000,0.0000,0.0000,0.0000,1.0000,0.0831,0.2046,0.1050
120,9,67.8526,-0.2324,0.4544,1.0000,-0.0057,0.0000,0.0057,1.0000,0.0000,0.0000,0.0000,1.0000,0.0210,0.0279,0.0569
120,10,67.8962,-0.2925,0.4546,1.0000,-0.0057,0.0000,0.0057,1.0000,0.0000,0.0000,0.0000,1.0000,0.0210,0.0279,0.0569
121,0,68.6147,-0.2303,0.4400,1.0000,-0.0057,0.0000,0.0057,1.0000,0.0000,0.0000,0.0000,1.0000,0.2577,0.2263,0.1400
121,1,68.6228,-0.2274,0.6052,1.0000,-0.0057,0.0000,0.0057,1.0000,0.0000,0.0000,0.0000,1.0000,0.1100,0.2168,0.3052
121,2,68.6983,-0.2882,0.5173,1.0000,-0.0057,0.0000,0.0057,1.0000,0.0000,0.0000,0.0000,1.0000,0.1101,0.3070,0.2173
121,3,68.7197,-0.4650,0.5889,1.0000,-0.0057,0.0000,0.0057,1.0000,0.0000,0.0000,0.0000,1.0000,0.2836,0.2073,0.2889
121,4,68.8376,-0.5122,0.5062,1.0000,-0.0057,0.0000,0.0057,1.0000,0.0000,0.0000,0.0000,1.0000,0.2820,0.2947,0.2062
121,5,69.0059,-0.3763,0.6614,1.0000,-0.0057,0.0000,0.0057,1.0000,0.0000,0.0000,0.0000,1.0000,0.1112,0.2100,0.3614
121,6,69.0991,-0.3574,0.4265,1.0000,-0.0057,0.0000,0.0057,1.0000,0.0000,0.0000,0.0000,1.0000,0.1972,0.1336,0.1265
121,7,69.2080,-0.3496,0.4491,1.0000,-0.0057,0.0000,0.0057,1.0000,0.0000,0.0000,0.0000,1.0000,0.1624,0.1625,0.0548
121,8,69.2356,-0.3065,0.4472,1.0000,-0.0057,0.0000,0.0057,1.0000,0.0000,0.0000,0.0000,1.0000,0.0831,0.2046,0.1050
121,9,69.2663,-0.2404,0.4544,1.0000,-0.0057,0.0000,0.0057,1.0000,0.0000,0.0000,0.0000,1.0000,0.0210,0.0279,0.0569
121,10,69.3099,-0.3006,0.4546,1.0000,-0.0057,0.0000,0.0057,1.0000,0.0000,0.0000,0.0000,1.0000,0.0210,0.0279,0.0569
122,0,70.0376,-0.2383,0.4400,1.0000,-0.0056,0.0000,0.0056,1.0000,0.0000,0.0000,0.0000,1.0000,0.2577,0.2263,0.1400
122,1,70.0457,-0.2355,0.6052,1.0000,-0.0056,0.0000,0.0056,1.0000,0.0000,0.0000,0.0000,1.0000,0.1100,0.2168,0.3052
122,2,70.1212,-0.2962,0.5173,1.0000,-0.0056,0.0000,0.0056,1.0000,0.0000,0.0000,0.0000,1.0000,0.1101,0.3070,0.2173
122,3,70.1426,-0.4730,0.5889,1.0000,-0.0056,0.0000,0.0056,1.0000,0.0000,0.0000,0.0000,1.0000,0.2836,0.2073,0.2889
122,4,70.2605,-0.5202,0.5062,1.0000,-0.0056,0.0000,0.0056,1.0000,0.0000,0.0000,0.0000,1.0000,0.2820,0.2947,0.2062
122,5,70.4288,-0.3843,0.6614,1.0000,-0.0056,0.0000,0.0056,1.0000,0.0000,0.0000,0.0000,1.0000,0.1112,0.2100,0.3614
122,6,70.5220,-0.3653,0.4265,1.0000,-0.0056,0.0000,0.0056,1.0000,0.0000,0.0000,0.0000,1.0000,0.1972,0.1336,0.1265
122,7,70.6309,-0.3575,0.4491,1.0000,-0.0056,0.0000,0.0056,1.0000,0.0000,0.0000,0.0000,1.0000,0.1624,0.1625,0.0548
122,8,70.6585,-0.3145,0.4472,1.0000,-0.0056,0.0000,0.0056,1.0000,0.0000,0.0000,0.0000,1.0000,0.0831,0.2046,0.1050
122,9,70.6892,-0.2484,0.4544,1.0000,-0.0056,0.0000,0.0056,1.0000,0.0000,0.0000,0.0000,1.0000,0.0210,0.0279,0.0569
122,10,70.7328,-0.3085,0.4546,1.0000,-0.0056,0.0000,0.0056,1.0000,0.0000,0.0000,0.0000,1.0000,0.0210,0.0279,0.0569
123,0,71.4696,-0.2463,0.4400,1.0000,-0.0056,0.0000,0.0056,1.0000,0.0000,0.0000,0.0000,1.0000,0.2577,0.2263,0.1400
123,1,71.4778,-0.2435,0.6052,1.0000,-0.0056,0.0000,0.0056,1.0000,0.0000,0.0000,0.0000,1.0000,0.1100,0.2168,0.3052
123,2,71.5533,-0.3042,0.5173,1.0000,-0.0056,0.0000,0.0056,1.0000,0.0000,0.0000,0.0000,1.0000,0.1101,0.3070,0.2173
123,3,71.5747,-0.4810,0.5889,1.0000,-0.0056,0.0000,0.0056,1.0000,0.0000,0.0000,0.0000,1.0000,0.2836,0.2073,0.2889
123,4,71.6926,-0.5282,0.5062,1.0000,-0.0056,0.0000,0.0056,1.0000,0.0000,0.0000,0.0000,1.0000,0.2820,0.2947,0.2062
123,5,71.8609,-0.3923,0.6614,1.0000,-0.0056,0.0000,0.0056,1.0000,0.0000,0.0000,0.0000,1.0000,0.1112,0.2100,0.3614
123,6,71.9540,-0.3734,0.4265,1.0000,-0.0056,0.0000,0.0056,1.0000,0.0000,0.0000,0.0000,1.0000,0.1972,0.1336,0.1265
123,7,72.0630,-0.3656,0.4491,1.0000,-0.0056,0.0000,0.0056,1.0000,0.0000,0.0000,0.0000,1.0000,0.1624,0.1625,0.0548
123,8,72.0906,-0.3225,0.4472,1.0000,-0.0056,0.0000,0.0056,1.0000,0.0000,0.0000,0.0000,1.0000,0.0831,0.2046,0.1050
123,9,72.1213,-0.2564,0.4544,1.0000,-0.0056,0.0000,0.0056,1.0000,0.0000,0.0000,0.0000,1.0000,0.0210,0.0279,0.0569
123,10,72.1649,-0.3165,0.4546,1.0000,-0.0056,0.0000,0.0056,1.0000,0.0000,0.0000,0.0000,1.0000,0.0210,0.0279,0.0569
124,0,72.9109,-0.2543,0.4400,1.0000,-0.0054,0.0000,0.0054,1.0000,0.0000,0.0000,0.0000,1.0000,0.2577,0.2263,0.1400
124,1,72.9191,-0.2514,0.6052,1.0000,-0.0054,0.0000,0.0054,1.0000,0.0000,0.0000,0.0000,1.0000,0.1100,0.2168,0.3052
124,2,72.9946,-0.3121,0.5173,1.0000,-0.0054,0.0000,0.0054,1.0000,0.0000,0.0000,0.0000,1.0000,0.1101,0.3070,0.2173
124,3,73.0161,-0.4890,0.5889,1.0000,-0.0054,0.0000,0.0054,1.0000,0.0000,0.0000,0.0000,1.0000,0.2836,0.2073,0.2889
124,4,73.1339,-0.5361,0.5062,1.0000,-0.0054,0.0000,0.0054,1.0000,0.0000,0.0000,0.0000,1.0000,0.2820,0.2947,0.2062
124,5,73.3023,-0.4002,0.6614,1.0000,-0.0054,0.0000,0.0054,1.0000,0.0000,0.0000,0.0000,1.0000,0.1112,0.2100,0.3614
124,6,73.3954,-0.3812,0.4265,1.0000,-0.0054,0.0000,0.0054,1.0000,0.0000,0.0000,0.0000,1.0000,0.1972,0.1336,0.1265
124,7,73.5043,-0.3734,0.4491,1.0000,-0.0054,0.0000,0.0054,1.0000,0.0000,0.0000,0.0000,1.0000,0.1624,0.1625,0.0548
124,8,73.5319,-0.3303,0.4472,1.0000,-0.0054,0.0000,0.0054,1.0000,0.0000,0.0000,0.0000,1.0000,0.0831,0.2046,0.1050
124,9,73.5626,-0.2642,0.4544,1.0000,-0.0054,0.0000,0.0054,1.0000,0.0000,0.0000,0.0000,1.0000,0.0210,0.0279,0.0569
124,10,73.6062,-0.3243,0.4546,1.0000,-0.0054,0.0000,0.0054,1.0000,0.0000,0.0000,0.0000,1.0000,0.0210,0.0279,0.0569
125,0,74.3615,-0.2625,0.4400,1.0000,-0.0060,0.0000,0.0060,1.0000,0.0000,0.0000,0.0000,1.0000,0.2577,0.2263,0.1400
125,1,74.3696,-0.2596,0.6052,1.0000,-0.0060,0.0000,0.0060,1.0000,0.0000,0.0000,0.0000,1.0000,0.1100,0.2168,0.3052
125,2,74.4451,-0.3204,0.5173,1.0000,-0.0060,0.0000,0.0060,1.0000,0.0000,0.0000,0.0000,1.0000,0.1101,0.3070,0.2173
125,3,74.4665,-0.4972,0.5889,1.0000,-0.0060,0.0000,0.0060,1.0000,0.0000,0.0000,0.0000,1.0000,0.2836,0.2073,0.2889
125,4,74.5843,-0.5444,0.5062,1.0000,-0.0060,0.0000,0.0060,1.0000,0.0000,0.0000,0.0000,1.0000,0.2820,0.2947,0.2062
125,5,74.7527,-0.4086,0.6614,1.0000,-0.0060,0.0000,0.0060,1.0000,0.0000,0.0000,0.0000,1.0000,0.1112,0.2100,0.3614
125,6,74.8458,-0.3897,0.4265,1.0000,-0.0060,0.0000,0.0060,1.0000,0.0000,0.0000,0.0000,1.0000,0.1972,0.1336,0.1265
125,7,74.9548,-0.3819,0.4491,1.0000,-0.0060,0.0000,0.0060,1.0000,0.0000,0.0000,0.0000,1.0000,0.1624,0.1625,0.0548
125,8,74.9824,-0.3389,0.4472,1.0000,-0.0060,0.0000,0.0060,1.0000,0.0000,0.0000,0.0000,1.0000,0.0831,0.2046,0.1050
125,9,75.0131,-0.2728,0.4544,1.0000,-0.0060,0.0000,0.0060,1.0000,0.0000,0.0000,0.0000,1.0000,0.0210,0.0279,0.0569
125,10,75.0566,-0.3329,0.4546,1.0000,-0.0060,0.0000,0.0060,1.0000,0.0000,0.0000,0.0000,1.0000,0.0210,0.0279,0.0569
126,0,75.8212,-0.2712,0.4400,1.0000,-0.0060,0.0000,0.0060,1.0000,0.0000,0.0000,0.0000,1.0000,0.2577,0.2263,0.1400
126,1,75.8293,-0.2683,0.6052,1.0000,-0.0060,0.0000,0.0060,1.0000,0.0000,0.0000,0.0000,1.0000,0.1100,0.2168,0.3052
126,2,75.9048,-0.3291,0.5173,1.0000,-0.0060,0.0000,0.0060,1.0000,0.0000,0.0000,0.0000,1.0000,0.1101,0.3070,0.2173
126,3,75.9262,-0.5059,0.5889,1.0000,-0.0060,0.0000,0.0060,1.0000,0.0000,0.0000,0.0000,1.0000,0.2836,0.2073,0.2889
126,4,76.0440,-0.5531,0.5062,1.0000,-0.0060,0.0000,0.0060,1.0000,0.0000,0.0000,0.0000,1.0000,0.2820,0.2947,0.2062
126,5,76.2124,-0.4173,0.6614,1.0000,-0.0060,0.0000,0.0060,1.0000,0.0000,0.0000,0.0000,1.0000,0.1112,0.2100,0.3614
126,6,76.3055,-0.3984,0.4265,1.0000,-0.0060,0.0000,0.0060,1.0000,0.0000,0.0000,0.0000,1.0000,0.1972,0.1336,0.1265
126,7,76.4145,-0.3906,0.4491,1.0000,-0.0060,0.0000,0.0060,1.0000,0.0000,0.0000,0.0000,1.0000,0.1624,0.1625,0.0548
126,8,76.4421,-0.3476,0.4472,1.0000,-0.0060,0.0000,0.0060,1.0000,0.0000,0.0000,0.0000,1.0000,0.0831,0.2046,0.1050
126,9,76.4728,-0.2815,0.4544,1.0000,-0.0060,0.0000,0.0060,1.0000,0.0000,0.0000,0.0000,1.0000,0.0210,0.0279,0.0569
126,10,76.5164,-0.3416,0.4546,1.0000,-0.0060,0.0000,0.0060,1.0000,0.0000,0.0000,0.0000,1.0000,0.0210,0.0279,0.0569
127,0,77.2902,-0.2799,0.4400,1.0000,-0.0059,0.0000,0.0059,1.0000,0.0000,0.0000,0.0000,1.0000,0.2577,0.2263,0.1400
127,1,77.2983,-0.2771,0.6052,1.0000,-0.0059,0.0000,0.0059,1.0000,0.0000,0.0000,0.0000,1.0000,0.1100,0.2168,0.3052
127,2,77.3738,-0.3378,0.5173,1.0000,-0.0059,0.0000,0.0059,1.0000,0.0000,0.0000,0.0000,1.0000,0.1101,0.3070,0.2173
127,3,77.3952,-0.5146,0.5889,1.0000,-0.0059,0.0000,0.0059,1.0000,0.0000,0.0000,0.0000,1.0000,0.2836,0.2073,0.2889
127,4,77.5130,-0.5618,0.5062,1.0000,-0.0059,0.0000,0.0059,1.0000,0.0000,0.0000,0.0000,1.0000,0.2820,0.2947,0.2062
127,5,77.6814,-0.4260,0.6614,1.0000,-0.0059,0.0000,0.0059,1.0000,0.0000,0.0000,0.0000,1.0000,0.1112,0.2100,0.3614
127,6,77.7745,-0.4071,0.4265,1.0000,-0.0059,0.0000,0.0059,1.0000,0.0000,0.0000,0.0000,1.0000,0.1972,0.1336,0.1265
127,7,77.8835,-0.3993,0.4491,1.0000,-0.0059,0.0000,0.0059,1.0000,0.0000,0.0000,0.0000,1.0000,0.1624,0.1625,0.0548
127,8,77.9111,-0.3563,0.4472,1.0000,-0.0059,0.0000,0.0059,1.0000,0.0000,0.0000,0.0000,1.0000,0.0831,0.2046,0.1050
127,9,77.9418,-0.2901,0.4544,1.0000,-0.0059,0.0000,0.0059,1.0000,0.0000,0.0000,0.0000,1.0000,0.0210,0.0279,0.0569
127,10,77.9854,-0.3503,0.4546,1.0000,-0.0059,0.0000,0.0059,1.0000,0.0000,0.0000,0.0000,1.0000,0.0210,0.0279,0.0569
128,0,0.8682,-0.0086,0.4400,1.0000,-0.0017,0.0000,0.0017,1.0000,0.0000,0.0000,0.0000,1.0000,0.2577,0.2263,0.1400
128,1,0.8764,-0.0057,0.6052,1.0000,-0.0017,0.0000,0.0017,1.0000,0.0000,0.0000,0.0000,1.0000,0.1100,0.2168,0.3052
128,2,0.9522,-0.0661,0.5173,1.0000,-0.0017,0.0000,0.0017,1.0000,0.0000,0.0000,0.0000,1.0000,0.1101,0.3070,0.2173
128,3,0.9743,-0.2429,0.5889,1.0000,-0.0017,0.0000,0.0017,1.0000,0.0000,0.0000,0.0000,1.0000,0.2836,0.2073,0.2889
128,4,1.0923,-0.2896,0.5062,1.0000,-0.0017,0.0000,0.0017,1.0000,0.0000,0.0000,0.0000,1.0000,0.2820,0.2947,0.2062
128,5,1.2601,-0.1531,0.6614,1.0000,-0.0017,0.0000,0.0017,1.0000,0.0000,0.0000,0.0000,1.0000,0.1112,0.2100,0.3614
128,6,1.3531,-0.1337,0.4265,1.0000,-0.0017,0.0000,0.0017,1.0000,0.0000,0.0000,0.0000,1.0000,0.1972,0.1336,0.1265
128,7,1.4621,-0.1255,0.4491,1.0000,-0.0017,0.0000,0.0017,1.0000,0.0000,0.0000,0.0000,1.0000,0.1624,0.1625,0.0548
128,8,1.4895,-0.0823,0.4472,1.0000,-0.0017,0.0000,0.0017,1.0000,0.0000,0.0000,0.0000,1.0000,0.0831,0.2046,0.1050
128,9,1.5199,-0.0161,0.4544,1.0000,-0.0017,0.0000,0.0017,1.0000,0.0000,0.0000,0.0000,1.0000,0.0210,0.0279,0.0569
128,10,1.5637,-0.0761,0.4546,1.0000,-0.0017,0.0000,0.0017,1.0000,0.0000,0.0000,0.0000,1.0000,0.0210,0.0279,0.0569
129,0,1.7886,-0.0108,0.4400,1.0000,-0.0033,0.0000,0.0033,1.0000,0.0000,0.0000,0.0000,1.0000,0.2577,0.2263,0.1400
129,1,1.7967,-0.0080,0.6052,1.0000,-0.0033,0.0000,0.0033,1.0000,0.0000,0.0000,0.0000,1.0000,0.1100,0.2168,0.3052
129,2,1.8724,-0.0685,0.5173,1.0000,-0.0033,0.0000,0.0033,1.0000,0.0000,0.0000,0.0000,1.0000,0.1101,0.3070,0.2173
129,3,1.8942,-0.2453,0.5889,1.0000,-0.0033,0.0000,0.0033,1.0000,0.0000,0.0000,0.0000,1.0000,0.2836,0.2073,0.2889
129,4,2.0122,-0.2922,0.5062,1.0000,-0.0033,0.0000,0.0033,1.0000,0.0000,0.0000,0.0000,1.0000,0.2820,0.2947,0.2062
129,5,2.1802,-0.1559,0.6614,1.0000,-0.0033,0.0000,0.0033,1.0000,0.0000,0.0000,0.0000,1.0000,0.1112,0.2100,0.3614
129,6,2.2733,-0.1367,0.4265,1.0000,-0.0033,0.0000,0.0033,1.0000,0.0000,0.0000,0.0000,1.0000,0.1972,0.1336,0.1265
129,7,2.3822,-0.1287,0.4491,1.0000,-0.0033,0.0000,0.0033,1.0000,0.0000,0.0000,0.0000,1.0000,0.1624,0.1625,0.0548
129,8,2.4098,-0.0856,0.4472,1.0000,-0.0033,0.0000,0.0033,1.0000,0.0000,0.0000,0.0000,1.0000,0.0831,0.2046,0.1050
129,9,2.4403,-0.0194,0.4544,1.0000,-0.0033,0.0000,0.0033,1.0000,0.0000,0.0000,0.0000,1.0000,0.0210,0.0279,0.0569
129,10,2.4840,-0.0794,0.4546,1.0000,-0.0033,0.0000,0.0033,1.0000,0.0000,0.0000,0.0000,1.0000,0.0210,0.0279,0.0569
130,0,2.7201,-0.0147,0.4400,1.0000,-0.0050,0.0000,0.0050,1.0000,0.0000,0.0000,0.0000,1.0000,0.2577,0.2263,0.1400
130,1,2.7282,-0.0118,0.6052,1.0000,-0.0050,0.0000,0.0050,1.0000,0.0000,0.0000,0.0000,1.0000,0.1100,0.2168,0.3052
130,2,2.8038,-0.0725,0.5173,1.0000,-0.0050,0.0000,0.0050,1.0000,0.0000,0.0000,0.0000,1.0000,0.1101,0.3070,0.2173
130,3,2.8254,-0.2493,0.5889,1.0000,-0.0050,0.0000,0.0050,1.0000,0.0000,0.0000,0.0000,1.0000,0.2836,0.2073,0.2889
130,4,2.9432,-0.2964,0.5062,1.0000,-0.0050,0.0000,0.0050,1.0000,0.0000,0.0000,0.0000,1.0000,0.2820,0.2947,0.2062
130,5,3.1115,-0.1604,0.6614,1.0000,-0.0050,0.0000,0.0050,1.0000,0.0000,0.0000,0.0000,1.0000,0.1112,0.2100,0.3614
130,6,3.2046,-0.1414,0.4265,1.0000,-0.0050,0.0000,0.0050,1.0000,0.0000,0.0000,0.0000,1.0000,0.1972,0.1336,0.1265
130,7,3.3135,-0.1335,0.4491,1.0000,-0.0050,0.0000,0.0050,1.0000,0.0000,0.0000,0.0000,1.0000,0.1624,0.1625,0.0548
130,8,3.3412,-0.0905,0.4472,1.0000,-0.0050,0.0000,0.0050,1.0000,0.0000,0.0000,0.0000,1.0000,0.0831,0.2046,0.1050
130,9,3.3718,-0.0243,0.4544,1.0000,-0.0050,0.0000,0.0050,1.0000,0.0000,0.0000,0.0000,1.0000,0.0210,0.0279,0.0569
130,10,3.4154,-0.0844,0.4546,1.0000,-0.0050,0.0000,0.0050,1.0000,0.0000,0.0000,0.0000,1.0000,0.0210,0.0279,0.0569
131,0,3.6628,-0.0202,0.4400,1.0000,-0.0069,0.0000,0.0069,1.0000,0.0000,0.0000,0.0000,1.0000,0.2577,0.2263,0.1400
131,1,3.6710,-0.0173,0.6052,1.0000,-0.0069,0.0000,0.0069,1.0000,0.0000,0.0000,0.0000,1.0000,0.1100,0.2168,0.3052
131,2,3.7464,-0.0782,0.5173,1.0000,-0.0069,0.0000,0.0069,1.0000,0.0000,0.0000,0.0000,1.0000,0.1101,0.3070,0.2173
131,3,3.7676,-0.2550,0.5889,1.0000,-0.0069,0.0000,0.0069,1.0000,0.0000,0.0000,0.0000,1.0000,0.2836,0.2073,0.2889
131,4,3.8854,-0.3023,0.5062,1.0000,-0.0069,0.0000,0.0069,1.0000,0.0000,0.0000,0.0000,1.0000,0.2820,0.2947,0.2062
131,5,4.0539,-0.1667,0.6614,1.0000,-0.0069,0.0000,0.0069,1.0000,0.0000,0.0000,0.0000,1.0000,0.1112,0.2100,0.3614
131,6,4.1471,-0.1478,0.4265,1.0000,-0.0069,0.0000,0.0069,1.0000,0.0000,0.0000,0.0000,1.0000,0.1972,0.1336,0.1265
131,7,4.2560,-0.1401,0.4491,1.0000,-0.0069,0.0000,0.0069,1.0000,0.0000,0.0000,0.0000,1.0000,0.1624,0.1625,0.0548
131,8,4.2837,-0.0971,0.4472,1.0000,-0.0069,0.0000,0.0069,1.0000,0.0000,0.0000,0.0000,1.0000,0.0831,0.2046,0.1050
131,9,4.3145,-0.0310,0.4544,1.0000,-0.0069,0.0000,0.0069,1.0000,0.0000,0.0000,0.0000,1.0000,0.0210,0.0279,0.0569
131,10,4.3580,-0.0912,0.4546,1.0000,-0.0069,0.0000,0.0069,1.0000,0.0000,0.0000,0.0000,1.0000,0.0210,0.0279,0.0569
132,0,4.6169,-0.0275,0.4400,1.0000,-0.0087,0.0000,0.0087,1.0000,0.0000,0.0000,0.0000,1.0000,0.2577,0.2263,0.1400
132,1,4.6250,-0.0247,0.6052,1.0000,-0.0087,0.0000,0.0087,1.0000,0.0000,0.0000,0.0000,1.0000,0.1100,0.2168,0.3052
132,2,4.7004,-0.0857,0.5173,1.0000,-0.0087,0.0000,0.0087,1.0000,0.0000,0.0000,0.0000,1.0000,0.1101,0.3070,0.2173
132,3,4.7213,-0.2626,0.5889,1.0000,-0.0087,0.0000,0.0087,1.0000,0.0000,0.0000,0.0000,1.0000,0.2836,0.2073,0.2889
132,4,4.8390,-0.3101,0.5062,1.0000,-0.0087,0.0000,0.0087,1.0000,0.0000,0.0000,0.0000,1.0000,0.2820,0.2947,0.2062
132,5,5.0077,-0.1748,0.6614,1.0000,-0.0087,0.0000,0.0087,1.0000,0.0000,0.0000,0.0000,1.0000,0.1112,0.2100,0.3614
132,6,5.1009,-0.1561,0.4265,1.0000,-0.0087,0.0000,0.0087,1.0000,0.0000,0.0000,0.0000,1.0000,0.1972,0.1336,0.1265
132,7,5.2099,-0.1486,0.4491,1.0000,-0.0087,0.0000,0.0087,1.0000,0.0000,0.0000,0.0000,1.0000,0.1624,0.1625,0.0548
132,8,5.2377,-0.1057,0.4472,1.0000,-0.0087,0.0000,0.0087,1.0000,0.0000,0.0000,0.0000,1.0000,0.0831,0.2046,0.1050
132,9,5.2685,-0.0396,0.4544,1.0000,-0.0087,0.0000,0.0087,1.0000,0.0000,0.0000,0.0000,1.0000,0.0210,0.0279,0.0569
132,10,5.3119,-0.0999,0.4546,1.0000,-0.0087,0.0000,0.0087,1.0000,0.0000,0.0000,0.0000,1.0000,0.0210,0.0279,0.0569
133,0,5.5825,-0.0367,0.4400,0.9999,-0.0105,0.0000,0.0105,0.9999,0.0000,0.0000,0.0000,1.0000,0.2577,0.2263,0.1400
133,1,5.5907,-0.0339,0.6052,0.9999,-0.0105,0.0000,0.0105,0.9999,0.0000,0.0000,0.0000,1.0000,0.1100,0.2168,0.3052
133,2,5.6659,-0.0950,0.5173,0.9999,-0.0105,0.0000,0.0105,0.9999,0.0000,0.0000,0.0000,1.0000,0.1101,0.3070,0.2173
133,3,5.6865,-0.2719,0.5889,0.9999,-0.0105,0.0000,0.0105,0.9999,0.0000,0.0000,0.0000,1.0000,0.2836,0.2073,0.2889
133,4,5.8041,-0.3197,0.5062,0.9999,-0.0105,0.0000,0.0105,0.9999,0.0000,0.0000,0.0000,1.0000,0.2820,0.2947,0.2062
133,5,5.9731,-0.1847,0.6614,0.9999,-0.0105,0.0000,0.0105,0.9999,0.0000,0.0000,0.0000,1.0000,0.1112,0.2100,0.3614
133,6,6.0663,-0.1661,0.4265,0.9999,-0.0105,0.0000,0.0105,0.9999,0.0000,0.0000,0.0000,1.0000,0.1972,0.1336,0.1265
133,7,6.1753,-0.1589,0.4491,0.9999,-0.0105,0.0000,0.0105,0.9999,0.0000,0.0000,0.0000,1.0000,0.1624,0.1625,0.0548
133,8,6.2032,-0.1160,0.4472,0.9999,-0.0105,0.0000,0.0105,0.9999,0.0000,0.0000,0.0000,1.0000,0.0831,0.2046,0.1050
133,9,6.2341,-0.0500,0.4544,0.9999,-0.0105,0.0000,0.0105,0.9999,0.0000,0.0000,0.0000,1.0000,0.0210,0.0279,0.0569
133,10,6.2774,-0.1103,0.4546,0.9999,-0.0105,0.0000,0.0105,0.9999,0.0000,0.0000,0.0000,1.0000,0.0210,0.0279,0.0569
134,0,6.5598,-0.0477,0.4400,0.9999,-0.0121,0.0000,0.0121,0.9999,0.0000,0.0000,0.0000,1.0000,0.2577,0.2263,0.1400
134,1,6.5679,-0.0449,0.6052,0.9999,-0.0121,0.0000,0.0121,0.9999,0.0000,0.0000,0.0000,1.0000,0.1100,0.2168,0.3052
134,2,6.6431,-0.1061,0.5173,0.9999,-0.0121,0.0000,0.0121,0.9999,0.0000,0.0000,0.0000,1.0000,0.1101,0.3070,0.2173
134,3,6.6634,-0.2831,0.5889,0.9999,-0.0121,0.0000,0.0121,0.9999,0.0000,0.0000,0.0000,1.0000,0.2836,0.2073,0.2889
134,4,6.7809,-0.3310,0.5062,0.9999,-0.0121,0.0000,0.0121,0.9999,0.0000,0.0000,0.0000,1.0000,0.2820,0.2947,0.2062
134,5,6.9501,-0.1962,0.6614,0.9999,-0.0121,0.0000,0.0121,0.9999,0.0000,0.0000,0.0000,1.0000,0.1112,0.2100,0.3614
134,6,7.0434,-0.1779,0.4265,0.9999,-0.0121,0.0000,0.0121,0.9999,0.0000,0.0000,0.0000,1.0000,0.1972,0.1336,0.1265
134,7,7.1524,-0.1708,0.4491,0.9999,-0.0121,0.0000,0.0121,0.9999,0.0000,0.0000,0.0000,1.0000,0.1624,0.1625,0.0548
134,8,7.1803,-0.1279,0.4472,0.9999,-0.0121,0.0000,0.0121,0.9999,0.0000,0.0000,0.0000,1.0000,0.0831,0.2046,0.1050
134,9,7.2114,-0.0620,0.4544,0.9999,-0.0121,0.0000,0.0121,0.9999,0.0000,0.0000,0.0000,1.0000,0.0210,0.0279,0.0569
134,10,7.2545,-0.1224,0.4546,0.9999,-0.0121,0.0000,0.0121,0.9999,0.0000,0.0000,0.0000,1.0000,0.0210,0.0279,0.0569
135,0,7.5481,-0.0604,0.4400,0.9999,-0.0138,0.0000,0.0138,0.9999,0.0000,0.0000,0.0000,1.0000,0.2577,0.2263,0.1400
135,1,7.5563,-0.0577,0.6052,0.9999,-0.0138,0.0000,0.0138,0.9999,0.0000,0.0000,0.0000,1.0000,0.1100,0.2168,0.3052
135,2,7.6313,-0.1190,0.5173,0.9999,-0.0138,0.0000,0.0138,0.9999,0.0000,0.0000,0.0000,1.0000,0.1101,0.3070,0.2173
135,3,7.6513,-0.2960,0.5889,0.9999,-0.0138,0.0000,0.0138,0.9999,0.0000,0.0000,0.0000,1.0000,0.2836,0.2073,0.2889
135,4,7.7687,-0.3441,0.5062,0.9999,-0.0138,0.0000,0.0138,0.9999,0.0000,0.0000,0.0000,1.0000,0.2820,0.2947,0.2062
135,5,7.9382,-0.2097,0.6614,0.9999,-0.0138,0.0000,0.0138,0.9999,0.0000,0.0000,0.0000,1.0000,0.1112,0.2100,0.3614
135,6,8.0315,-0.1914,0.4265,0.9999,-0.0138,0.0000,0.0138,0.9999,0.0000,0.0000,0.0000,1.0000,0.1972,0.1336,0.1265
135,7,8.1405,-0.1845,0.4491,0.9999,-0.0138,0.0000,0.0138,0.9999,0.0000,0.0000,0.0000,1.0000,0.1624,0.1625,0.0548
135,8,8.1685,-0.1417,0.4472,0.9999,-0.0138,0.0000,0.0138,0.9999,0.0000,0.0000,0.0000,1.0000,0.0831,0.2046,0.1050
135,9,8.1997,-0.0759,0.4544,0.9999,-0.0138,0.0000,0.0138,0.9999,0.0000,0.0000,0.0000,1.0000,0.0210,0.0279,0.0569
135,10,8.2427,-0.1364,0.4546,0.9999,-0.0138,0.0000,0.0138,0.9999,0.0000,0.0000,0.0000,1.0000,0.0210,0.0279,0.0569
136,0,8.5457,-0.0750,0.4400,0.9999,-0.0154,0.0000,0.0154,0.9999,0.0000,0.0000,0.0000,1.0000,0.2577,0.2263,0.1400
136,1,8.5539,-0.0722,0.6052,0.9999,-0.0154,0.0000,0.0154,0.9999,0.0000,0.0000,0.0000,1.0000,0.1100,0.2168,0.3052
136,2,8.6288,-0.1337,0.5173,0.9999,-0.0154,0.0000,0.0154,0.9999,0.0000,0.0000,0.0000,1.0000,0.1101,0.3070,0.2173
136,3,8.6485,-0.3107,0.5889,0.9999,-0.0154,0.0000,0.0154,0.9999,0.0000,0.0000,0.0000,1.0000,0.2836,0.2073,0.2889
136,4,8.7659,-0.3590,0.5062,0.9999,-0.0154,0.0000,0.0154,0.9999,0.0000,0.0000,0.0000,1.0000,0.2820,0.2947,0.2062
136,5,8.9356,-0.2248,0.6614,0.9999,-0.0154,0.0000,0.0154,0.9999,0.0000,0.0000,0.0000,1.0000,0.1112,0.2100,0.3614
136,6,9.0289,-0.2067,0.4265,0.9999,-0.0154,0.0000,0.0154,0.9999,0.0000,0.0000,0.0000,1.0000,0.1972,0.1336,0.1265
136,7,9.1379,-0.2000,0.4491,0.9999,-0.0154,0.0000,0.0154,0.9999,0.0000,0.0000,0.0000,1.0000,0.1624,0.1625,0.0548
136,8,9.1659,-0.1572,0.4472,0.9999,-0.0154,0.0000,0.0154,0.9999,0.0000,0.0000,0.0000,1.0000,0.0831,0.2046,0.1050
136,9,9.1973,-0.0914,0.4544,0.9999,-0.0154,0.0000,0.0154,0.9999,0.0000,0.0000,0.0000,1.0000,0.0210,0.0279,0.0569
136,10,9.2402,-0.1520,0.4546,0.9999,-0.0154,0.0000,0.0154,0.9999,0.0000,0.0000,0.0000,1.0000,0.0210,0.0279,0.0569
137,0,9.5501,-0.0910,0.4400,0.9999,-0.0167,0.0000,0.0167,0.9999,0.0000,0.0000,0.0000,1.0000,0.2577,0.2263,0.1400
137,1,9.5582,-0.0883,0.6052,0.9999,-0.0167,0.0000,0.0167,0.9999,0.0000,0.0000,0.0000,1.0000,0.1100,0.2168,0.3052
137,2,9.6331,-0.1498,0.5173,0.9999,-0.0167,0.0000,0.0167,0.9999,0.0000,0.0000,0.0000,1.0000,0.1101,0.3070,0.2173
137,3,9.6525,-0.3269,0.5889,0.9999,-0.0167,0.0000,0.0167,0.9999,0.0000,0.0000,0.0000,1.0000,0.2836,0.2073,0.2889
137,4,9.7698,-0.3754,0.5062,0.9999,-0.0167,0.0000,0.0167,0.9999,0.0000,0.0000,0.0000,1.0000,0.2820,0.2947,0.2062
137,5,9.9397,-0.2414,0.6614,0.9999,-0.0167,0.0000,0.0167,0.9999,0.0000,0.0000,0.0000,1.0000,0.1112,0.2100,0.3614
137,6,10.0330,-0.2234,0.4265,0.9999,-0.0167,0.0000,0.0167,0.9999,0.0000,0.0000,0.0000,1.0000,0.1972,0.1336,0.1265
137,7,10.1420,-0.2169,0.4491,0.9999,-0.0167,0.0000,0.0167,0.9999,0.0000,0.0000,0.0000,1.0000,0.1624,0.1625,0.0548
137,8,10.1702,-0.1741,0.4472,0.9999,-0.0167,0.0000,0.0167,0.9999,0.0000,0.0000,0.0000,1.0000,0.0831,0.2046,0.1050
137,9,10.2016,-0.1083,0.4544,0.9999,-0.0167,0.0000,0.0167,0.9999,0.0000,0.0000,0.0000,1.0000,0.0210,0.0279,0.0569
137,10,10.2445,-0.1690,0.4546,0.9999,-0.0167,0.0000,0.0167,0.9999,0.0000,0.0000,0.0000,1.0000,0.0210,0.0279,0.0569
138,0,10.5592,-0.1084,0.4400,0.9998,-0.0178,0.0000,0.0178,0.9998,0.0000,0.0000,0.0000,1.0000,0.2577,0.2263,0.1400
138,1,10.5674,-0.1057,0.6052,0.9998,-0.0178,0.0000,0.0178,0.9998,0.0000,0.0000,0.0000,1.0000,0.1100,0.2168,0.3052
138,2,10.6422,-0.1673,0.5173,0.9998,-0.0178,0.0000,0.0178,0.9998,0.0000,0.0000,0.0000,1.0000,0.1101,0.3070,0.2173
138,3,10.6615,-0.3444,0.5889,0.9998,-0.0178,0.0000,0.0178,0.9998,0.0000,0.0000,0.0000,1.0000,0.2836,0.2073,0.2889
138,4,10.7787,-0.3930,0.5062,0.9998,-0.0178,0.0000,0.0178,0.9998,0.0000,0.0000,0.0000,1.0000,0.2820,0.2947,0.2062
138,5,10.9487,-0.2592,0.6614,0.9998,-0.0178,0.0000,0.0178,0.9998,0.0000,0.0000,0.0000,1.0000,0.1112,0.2100,0.3614
138,6,11.0421,-0.2413,0.4265,0.9998,-0.0178,0.0000,0.0178,0.9998,0.0000,0.0000,0.0000,1.0000,0.1972,0.1336,0.1265
138,7,11.1511,-0.2349,0.4491,0.9998,-0.0178,0.0000,0.0178,0.9998,0.0000,0.0000,0.0000,1.0000,0.1624,0.1625,0.0548
138,8,11.1792,-0.1922,0.4472,0.9998,-0.0178,0.0000,0.0178,0.9998,0.0000,0.0000,0.0000,1.0000,0.0831,0.2046,0.1050
138,9,11.2107,-0.1264,0.4544,0.9998,-0.0178,0.0000,0.0178,0.9998,0.0000,0.0000,0.0000,1.0000,0.0210,0.0279,0.0569
138,10,11.2535,-0.1871,0.4546,0.9998,-0.0178,0.0000,0.0178,0.9998,0.0000,0.0000,0.0000,1.0000,0.0210,0.0279,0.0569
139,0,11.5738,-0.1270,0.4400,0.9998,-0.0189,0.0000,0.0189,0.9998,0.0000,0.0000,0.0000,1.0000,0.2577,0.2263,0.1400
139,1,11.5819,-0.1243,0.6052,0.9998,-0.0189,0.0000,0.0189,0.9998,0.0000,0.0000,0.0000,1.0000,0.1100,0.2168,0.3052
139,2,11.6567,-0.1860,0.5173,0.9998,-0.0189,0.0000,0.0189,0.9998,0.0000,0.0000,0.0000,1.0000,0.1101,0.3070,0.2173
139,3,11.6757,-0.3631,0.5889,0.9998,-0.0189,0.0000,0.0189,0.9998,0.0000,0.0000,0.0000,1.0000,0.2836,0.2073,0.2889
139,4,11.7929,-0.4118,0.5062,0.9998,-0.0189,0.0000,0.0189,0.9998,0.0000,0.0000,0.0000,1.0000,0.2820,0.2947,0.2062
139,5,11.9631,-0.2782,0.6614,0.9998,-0.0189,0.0000,0.0189,0.9998,0.0000,0.0000,0.0000,1.0000,0.1112,0.2100,0.3614
139,6,12.0564,-0.2605,0.4265,0.9998,-0.0189,0.0000,0.0189,0.9998,0.0000,0.0000,0.0000,1.0000,0.1972,0.1336,0.1265
139,7,12.1655,-0.2542,0.4491,0.9998,-0.0189,0.0000,0.0189,0.9998,0.0000,0.0000,0.0000,1.0000,0.1624,0.1625,0.0548
139,8,12.1937,-0.2115,0.4472,0.9998,-0.0189,0.0000,0.0189,0.9998,0.0000,0.0000,0.0000,1.0000,0.0831,0.2046,0.1050
139,9,12.2252,-0.1458,0.4544,0.9998,-0.0189,0.0000,0.0189,0.9998,0.0000,0.0000,0.0000,1.0000,0.0210,0.0279,0.0569
139,10,12.2680,-0.2065,0.4546,0.9998,-0.0189,0.0000,0.0189,0.9998,0.0000,0.0000,0.0000,1.0000,0.0210,0.0279,0.0569
140,0,12.5960,-0.1469,0.4400,0.9998,-0.0199,0.0000,0.0199,0.9998,0.0000,0.0000,0.0000,1.0000,0.2577,0.2263,0.1400
140,1,12.6042,-0.1441,0.6052,0.9998,-0.0199,0.0000,0.0199,0.9998,0.0000,0.0000,0.0000,1.0000,0.1100,0.2168,0.3052
140,2,12.6788,-0.2059,0.5173,0.9998,-0.0199,0.0000,0.0199,0.9998,0.0000,0.0000,0.0000,1.0000,0.1101,0.3070,0.2173
140,3,12.6977,-0.3830,0.5889,0.9998,-0.0199,0.0000,0.0199,0.9998,0.0000,0.0000,0.0000,1.0000,0.2836,0.2073,0.2889
140,4,12.8149,-0.4319,0.5062,0.9998,-0.0199,0.0000,0.0199,0.9998,0.0000,0.0000,0.0000,1.0000,0.2820,0.2947,0.2062
140,5,12.9852,-0.2984,0.6614,0.9998,-0.0199,0.0000,0.0199,0.9998,0.0000,0.0000,0.0000,1.0000,0.1112,0.2100,0.3614
140,6,13.0785,-0.2808,0.4265,0.9998,-0.0199,0.0000,0.0199,0.9998,0.0000,0.0000,0.0000,1.0000,0.1972,0.1336,0.1265
140,7,13.1876,-0.2746,0.4491,0.9998,-0.0199,0.0000,0.0199,0.9998,0.0000,0.0000,0.0000,1.0000,0.1624,0.1625,0.0548
140,8,13.2158,-0.2319,0.4472,0.9998,-0.0199,0.0000,0.0199,0.9998,0.0000,0.0000,0.0000,1.0000,0.0831,0.2046,0.1050
140,9,13.2474,-0.1662,0.4544,0.9998,-0.0199,0.0000,0.0199,0.9998,0.0000,0.0000,0.0000,1.0000,0.0210,0.0279,0.0569
140,10,13.2901,-0.2270,0.4546,0.9998,-0.0199,0.0000,0.0199,0.9998,0.0000,0.0000,0.0000,1.0000,0.0210,0.0279,0.0569
141,0,13.6281,-0.1679,0.4400,0.9998,-0.0209,0.0000,0.0209,0.9998,0.0000,0.0000,0.0000,1.0000,0.2577,0.2263,0.1400
141,1,13.6362,-0.1652,0.6052,0.9998,-0.0209,0.0000,0.0209,0.9998,0.0000,0.0000,0.0000,1.0000,0.1100,0.2168,0.3052
141,2,13.7109,-0.2270,0.5173,0.9998,-0.0209,0.0000,0.0209,0.9998,0.0000,0.0000,0.0000,1.0000,0.1101,0.3070,0.2173
141,3,13.7296,-0.4042,0.5889,0.9998,-0.0209,0.0000,0.0209,0.9998,0.0000,0.0000,0.0000,1.0000,0.2836,0.2073,0.2889
141,4,13.8467,-0.4531,0.5062,0.9998,-0.0209,0.0000,0.0209,0.9998,0.0000,0.0000,0.0000,1.0000,0.2820,0.2947,0.2062
141,5,14.0171,-0.3199,0.6614,0.9998,-0.0209,0.0000,0.0209,0.9998,0.0000,0.0000,0.0000,1.0000,0.1112,0.2100,0.3614
141,6,14.1105,-0.3023,0.4265,0.9998,-0.0209,0.0000,0.0209,0.9998,0.0000,0.0000,0.0000,1.0000,0.1972,0.1336,0.1265
141,7,14.2195,-0.2962,0.4491,0.9998,-0.0209,0.0000,0.0209,0.9998,0.0000,0.0000,0.0000,1.0000,0.1624,0.1625,0.0548
141,8,14.2478,-0.2536,0.4472,0.9998,-0.0209,0.0000,0.0209,0.9998,0.0000,0.0000,0.0000,1.0000,0.0831,0.2046,0.1050
141,9,14.2795,-0.1879,0.4544,0.9998,-0.0209,0.0000,0.0209,0.9998,0.0000,0.0000,0.0000,1.0000,0.0210,0.0279,0.0569
141,10,14.3221,-0.2487,0.4546,0.9998,-0.0209,0.0000,0.0209,0.9998,0.0000,0.0000,0.0000,1.0000,0.0210,0.0279,0.0569
142,0,14.6708,-0.1900,0.4400,0.9998,-0.0216,0.0000,0.0216,0.9998,0.0000,0.0000,0.0000,1.0000,0.2577,0.2263,0.1400
142,1,14.6790,-0.1873,0.6052,0.9998,-0.0216,0.0000,0.0216,0.9998,0.0000,0.0000,0.0000,1.0000,0.1100,0.2168,0.3052
142,2,14.7536,-0.2492,0.5173,0.9998,-0.0216,0.0000,0.0216,0.9998,0.0000,0.0000,0.0000,1.0000,0.1101,0.3070,0.2173
142,3,14.7721,-0.4264,0.5889,0.9998,-0.0216,0.0000,0.0216,0.9998,0.0000,0.0000,0.0000,1.0000,0.2836,0.2073,0.2889
142,4,14.8892,-0.4754,0.5062,0.9998,-0.0216,0.0000,0.0216,0.9998,0.0000,0.0000,0.0000,1.0000,0.2820,0.2947,0.2062
142,5,15.0597,-0.3422,0.6614,0.9998,-0.0216,0.0000,0.0216,0.9998,0.0000,0.0000,0.0000,1.0000,0.1112,0.2100,0.3614
142,6,15.1531,-0.3248,0.4265,0.9998,-0.0216,0.0000,0.0216,0.9998,0.0000,0.0000,0.0000,1.0000,0.1972,0.1336,0.1265
142,7,15.2622,-0.3187,0.4491,0.9998,-0.0216,0.0000,0.0216,0.9998,0.0000,0.0000,0.0000,1.0000,0.1624,0.1625,0.0548
142,8,15.2905,-0.2761,0.4472,0.9998,-0.0216,0.0000,0.0216,0.9998,0.0000,0.0000,0.0000,1.0000,0.0831,0.2046,0.1050
142,9,15.3222,-0.2105,0.4544,0.9998,-0.0216,0.0000,0.0216,0.9998,0.0000,0.0000,0.0000,1.0000,0.0210,0.0279,0.0569
142,10,15.3648,-0.2713,0.4546,0.9998,-0.0216,0.0000,0.0216,0.9998,0.0000,0.0000,0.0000,1.0000,0.0210,0.0279,0.0569
143,0,15.7238,-0.2130,0.4400,0.9998,-0.0221,0.0000,0.0221,0.9998,0.0000,0.0000,0.0000,1.0000,0.2577,0.2263,0.1400
143,1,15.7319,-0.2103,0.6052,0.9998,-0.0221,0.0000,0.0221,0.9998,0.0000,0.0000,0.0000,1.0000,0.1100,0.2168,0.3052
143,2,15.8065,-0.2722,0.5173,0.9998,-0.0221,0.0000,0.0221,0.9998,0.0000,0.0000,0.0000,1.0000,0.1101,0.3070,0.2173
143,3,15.8250,-0.4494,0.5889,0.9998,-0.0221,0.0000,0.0221,0.9998,0.0000,0.0000,0.0000,1.0000,0.2836,0.2073,0.2889
143,4,15.9420,-0.4985,0.5062,0.9998,-0.0221,0.0000,0.0221,0.9998,0.0000,0.0000,0.0000,1.0000,0.2820,0.2947,0.2062
143,5,16.1126,-0.3654,0.6614,0.9998,-0.0221,0.0000,0.0221,0.9998,0.0000,0.0000,0.0000,1.0000,0.1112,0.2100,0.3614
143,6,16.2060,-0.3480,0.4265,0.9998,-0.0221,0.0000,0.0221,0.9998,0.0000,0.0000,0.0000,1.0000,0.1972,0.1336,0.1265
143,7,16.3151,-0.3420,0.4491,0.9998,-0.0221,0.0000,0.0221,0.9998,0.0000,0.0000,0.0000,1.0000,0.1624,0.1625,0.0548
143,8,16.3434,-0.2994,0.4472,0.9998,-0.0221,0.0000,0.0221,0.9998,0.0000,0.0000,0.0000,1.0000,0.0831,0.2046,0.1050
143,9,16.3752,-0.2338,0.4544,0.9998,-0.0221,0.0000,0.0221,0.9998,0.0000,0.0000,0.0000,1.0000,0.0210,0.0279,0.0569
143,10,16.4177,-0.2946,0.4546,0.9998,-0.0221,0.0000,0.0221,0.9998,0.0000,0.0000,0.0000,1.0000,0.0210,0.0279,0.0569
144,0,16.7863,-0.2367,0.4400,0.9997,-0.0226,0.0000,0.0226,0.9997,0.0000,0.0000,0.0000,1.0000,0.2577,0.2263,0.1400
144,1,16.7945,-0.2340,0.6052,0.9997,-0.0226,0.0000,0.0226,0.9997,0.0000,0.0000,0.0000,1.0000,0.1100,0.2168,0.3052
144,2,16.8690,-0.2960,0.5173,0.9997,-0.0226,0.0000,0.0226,0.9997,0.0000,0.0000,0.0000,1.0000,0.1101,0.3070,0.2173
144,3,16.8874,-0.4732,0.5889,0.9997,-0.0226,0.0000,0.0226,0.9997,0.0000,0.0000,0.0000,1.0000,0.2836,0.2073,0.2889
144,4,17.0044,-0.5223,0.5062,0.9997,-0.0226,0.0000,0.0226,0.9997,0.0000,0.0000,0.0000,1.0000,0.2820,0.2947,0.2062
144,5,17.1750,-0.3894,0.6614,0.9997,-0.0226,0.0000,0.0226,0.9997,0.0000,0.0000,0.0000,1.0000,0.1112,0.2100,0.3614
144,6,17.2685,-0.3720,0.4265,0.9997,-0.0226,0.0000,0.0226,0.9997,0.0000,0.0000,0.0000,1.0000,0.1972,0.1336,0.1265
144,7,17.3775,-0.3660,0.4491,0.9997,-0.0226,0.0000,0.0226,0.9997,0.0000,0.0000,0.0000,1.0000,0.1624,0.1625,0.0548
144,8,17.4059,-0.3235,0.4472,0.9997,-0.0226,0.0000,0.0226,0.9997,0.0000,0.0000,0.0000,1.0000,0.0831,0.2046,0.1050
144,9,17.4377,-0.2579,0.4544,0.9997,-0.0226,0.0000,0.0226,0.9997,0.0000,0.0000,0.0000,1.0000,0.0210,0.0279,0.0569
144,10,17.4802,-0.3187,0.4546,0.9997,-0.0226,0.0000,0.0226,0.9997,0.0000,0.0000,0.0000,1.0000,0.0210,0.0279,0.0569
145,0,17.8584,-0.2613,0.4400,0.9997,-0.0232,0.0000,0.0232,0.9997,0.0000,0.0000,0.0000,1.0000,0.2577,0.2263,0.1400
145,1,17.8666,-0.2585,0.6052,0.9997,-0.0232,0.0000,0.0232,0.9997,0.0000,0.0000,0.0000,1.0000,0.1100,0.2168,0.3052
145,2,17.9410,-0.3206,0.5173,0.9997,-0.0232,0.0000,0.0232,0.9997,0.0000,0.0000,0.0000,1.0000,0.1101,0.3070,0.2173
145,3,17.9593,-0.4978,0.5889,0.9997,-0.0232,0.0000,0.0232,0.9997,0.0000,0.0000,0.0000,1.0000,0.2836,0.2073,0.2889
145,4,18.0763,-0.5470,0.5062,0.9997,-0.0232,0.0000,0.0232,0.9997,0.0000,0.0000,0.0000,1.0000,0.2820,0.2947,0.2062
145,5,18.2471,-0.4141,0.6614,0.9997,-0.0232,0.0000,0.0232,0.9997,0.0000,0.0000,0.0000,1.0000,0.1112,0.2100,0.3614
145,6,18.3405,-0.3968,0.4265,0.9997,-0.0232,0.0000,0.0232,0.9997,0.0000,0.0000,0.0000,1.0000,0.1972,0.1336,0.1265
145,7,18.4496,-0.3909,0.4491,0.9997,-0.0232,0.0000,0.0232,0.9997,0.0000,0.0000,0.0000,1.0000,0.1624,0.1625,0.0548
145,8,18.4779,-0.3483,0.4472,0.9997,-0.0232,0.0000,0.0232,0.9997,0.0000,0.0000,0.0000,1.0000,0.0831,0.2046,0.1050
145,9,18.5098,-0.2827,0.4544,0.9997,-0.0232,0.0000,0.0232,0.9997,0.0000,0.0000,0.0000,1.0000,0.0210,0.0279,0.0569
145,10,18.5523,-0.3437,0.4546,0.9997,-0.0232,0.0000,0.0232,0.9997,0.0000,0.0000,0.0000,1.0000,0.0210,0.0279,0.0569
146,0,18.9407,-0.2866,0.4400,0.9997,-0.0236,0.0000,0.0236,0.9997,0.0000,0.0000,0.0000,1.0000,0.2577,0.2263,0.1400
146,1,18.9489,-0.2839,0.6052,0.9997,-0.0236,0.0000,0.0236,0.9997,0.0000,0.0000,0.0000,1.0000,0.1100,0.2168,0.3052
146,2,19.0233,-0.3459,0.5173,0.9997,-0.0236,0.0000,0.0236,0.9997,0.0000,0.0000,0.0000,1.0000,0.1101,0.3070,0.2173
146,3,19.0415,-0.5231,0.5889,0.9997,-0.0236,0.0000,0.0236,0.9997,0.0000,0.0000,0.0000,1.0000,0.2836,0.2073,0.2889
146,4,19.1585,-0.5724,0.5062,0.9997,-0.0236,0.0000,0.0236,0.9997,0.0000,0.0000,0.0000,1.0000,0.2820,0.2947,0.2062
146,5,19.3293,-0.4396,0.6614,0.9997,-0.0236,0.0000,0.0236,0.9997,0.0000,0.0000,0.0000,1.0000,0.1112,0.2100,0.3614
146,6,19.4227,-0.4223,0.4265,0.9997,-0.0236,0.0000,0.0236,0.9997,0.0000,0.0000,0.0000,1.0000,0.1972,0.1336,0.1265
146,7,19.5318,-0.4165,0.4491,0.9997,-0.0236,0.0000,0.0236,0.9997,0.0000,0.0000,0.0000,1.0000,0.1624,0.1625,0.0548
146,8,19.5602,-0.3739,0.4472,0.9997,-0.0236,0.0000,0.0236,0.9997,0.0000,0.0000,0.0000,1.0000,0.0831,0.2046,0.1050
146,9,19.5921,-0.3084,0.4544,0.9997,-0.0236,0.0000,0.0236,0.9997,0.0000,0.0000,0.0000,1.0000,0.0210,0.0279,0.0569
146,10,19.6345,-0.3693,0.4546,0.9997,-0.0236,0.0000,0.0236,0.9997,0.0000,0.0000,0.0000,1.0000,0.0210,0.0279,0.0569
147,0,20.0337,-0.3125,0.4400,0.9997,-0.0239,0.0000,0.0239,0.9997,0.0000,0.0000,0.0000,1.0000,0.2577,0.2263,0.1400
147,1,20.0419,-0.3098,0.6052,0.9997,-0.0239,0.0000,0.0239,0.9997,0.0000,0.0000,0.0000,1.0000,0.1100,0.2168,0.3052
147,2,20.1163,-0.3719,0.5173,0.9997,-0.0239,0.0000,0.0239,0.9997,0.0000,0.0000,0.0000,1.0000,0.1101,0.3070,0.2173
147,3,20.1345,-0.5491,0.5889,0.9997,-0.0239,0.0000,0.0239,0.9997,0.0000,0.0000,0.0000,1.0000,0.2836,0.2073,0.2889
147,4,20.2515,-0.5984,0.5062,0.9997,-0.0239,0.0000,0.0239,0.9997,0.0000,0.0000,0.0000,1.0000,0.2820,0.2947,0.2062
147,5,20.4223,-0.4656,0.6614,0.9997,-0.0239,0.0000,0.0239,0.9997,0.0000,0.0000,0.0000,1.0000,0.1112,0.2100,0.3614
147,6,20.5157,-0.4483,0.4265,0.9997,-0.0239,0.0000,0.0239,0.9997,0.0000,0.0000,0.0000,1.0000,0.1972,0.1336,0.1265
147,7,20.6248,-0.4425,0.4491,0.9997,-0.0239,0.0000,0.0239,0.9997,0.0000,0.0000,0.0000,1.0000,0.1624,0.1625,0.0548
147,8,20.6532,-0.4000,0.4472,0.9997,-0.0239,0.0000,0.0239,0.9997,0.0000,0.0000,0.0000,1.0000,0.0831,0.2046,0.1050
147,9,20.6851,-0.3344,0.4544,0.9997,-0.0239,0.0000,0.0239,0.9997,0.0000,0.0000,0.0000,1.0000,0.0210,0.0279,0.0569
147,10,20.7276,-0.3954,0.4546,0.9997,-0.0239,0.0000,0.0239,0.9997,0.0000,0.0000,0.0000,1.0000,0.0210,0.0279,0.0569
148,0,21.1374,-0.3391,0.4400,0.9997,-0.0244,0.0000,0.0244,0.9997,0.0000,0.0000,0.0000,1.0000,0.2577,0.2263,0.1400
148,1,21.1456,-0.3364,0.6052,0.9997,-0.0244,0.0000,0.0244,0.9997,0.0000,0.0000,0.0000,1.0000,0.1100,0.2168,0.3052
148,2,21.2200,-0.3986,0.5173,0.9997,-0.0244,0.0000,0.0244,0.9997,0.0000,0.0000,0.0000,1.0000,0.1101,0.3070,0.2173
148,3,21.2381,-0.5758,0.5889,0.9997,-0.0244,0.0000,0.0244,0.9997,0.0000,0.0000,0.0000,1.0000,0.2836,0.2073,0.2889
148,4,21.3550,-0.6251,0.5062,0.9997,-0.0244,0.0000,0.0244,0.9997,0.0000,0.0000,0.0000,1.0000,0.2820,0.2947,0.2062
148,5,21.5259,-0.4925,0.6614,0.9997,-0.0244,0.0000,0.0244,0.9997,0.0000,0.0000,0.0000,1.0000,0.1112,0.2100,0.3614
148,6,21.6193,-0.4752,0.4265,0.9997,-0.0244,0.0000,0.0244,0.9997,0.0000,0.0000,0.0000,1.0000,0.1972,0.1336,0.1265
148,7,21.7284,-0.4695,0.4491,0.9997,-0.0244,0.0000,0.0244,0.9997,0.0000,0.0000,0.0000,1.0000,0.1624,0.1625,0.0548
148,8,21.7568,-0.4270,0.4472,0.9997,-0.0244,0.0000,0.0244,0.9997,0.0000,0.0000,0.0000,1.0000,0.0831,0.2046,0.1050
148,9,21.7888,-0.3614,0.4544,0.9997,-0.0244,0.0000,0.0244,0.9997,0.0000,0.0000,0.0000,1.0000,0.0210,0.0279,0.0569
148,10,21.8312,-0.4224,0.4546,0.9997,-0.0244,0.0000,0.0244,0.9997,0.0000,0.0000,0.0000,1.0000,0.0210,0.0279,0.0569
149,0,22.2510,-0.3665,0.4400,0.9997,-0.0248,0.0000,0.0248,0.9997,0.0000,0.0000,0.0000,1.0000,0.2577,0.2263,0.1400
149,1,22.2591,-0.3638,0.6052,0.9997,-0.0248,0.0000,0.0248,0.9997,0.0000,0.0000,0.0000,1.0000,0.1100,0.2168,0.3052
149,2,22.3335,-0.4260,0.5173,0.9997,-0.0248,0.0000,0.0248,0.9997,0.0000,0.0000,0.0000,1.0000,0.1101,0.3070,0.2173
149,3,22.3515,-0.6032,0.5889,0.9997,-0.0248,0.0000,0.0248,0.9997,0.0000,0.0000,0.0000,1.0000,0.2836,0.2073,0.2889
149,4,22.4685,-0.6526,0.5062,0.9997,-0.0248,0.0000,0.0248,0.9997,0.0000,0.0000,0.0000,1.0000,0.2820,0.2947,0.2062
149,5,22.6394,-0.5200,0.6614,0.9997,-0.0248,0.0000,0.0248,0.9997,0.0000,0.0000,0.0000,1.0000,0.1112,0.2100,0.3614
149,6,22.7328,-0.5028,0.4265,0.9997,-0.0248,0.0000,0.0248,0.9997,0.0000,0.0000,0.0000,1.0000,0.1972,0.1336,0.1265
149,7,22.8419,-0.4971,0.4491,0.9997,-0.0248,0.0000,0.0248,0.9997,0.0000,0.0000,0.0000,1.0000,0.1624,0.1625,0.0548
149,8,22.8704,-0.4546,0.4472,0.9997,-0.0248,0.0000,0.0248,0.9997,0.0000,0.0000,0.0000,1.0000,0.0831,0.2046,0.1050
149,9,22.9023,-0.3890,0.4544,0.9997,-0.0248,0.0000,0.0248,0.9997,0.0000,0.0000,0.0000,1.0000,0.0210,0.0279,0.0569
149,10,22.9447,-0.4500,0.4546,0.9997,-0.0248,0.0000,0.0248,0.9997,0.0000,0.0000,0.0000,1.0000,0.0210,0.0279,0.0569
150,0,23.3736,-0.3945,0.4400,0.9997,-0.0251,0.0000,0.0251,0.9997,0.0000,0.0000,0.0000,1.0000,0.2577,0.2263,0.1400
150,1,23.3818,-0.3918,0.6052,0.9997,-0.0251,0.0000,0.0251,0.9997,0.0000,0.0000,0.0000,1.0000,0.1100,0.2168,0.3052
150,2,23.4561,-0.4540,0.5173,0.9997,-0.0251,0.0000,0.0251,0.9997,0.0000,0.0000,0.0000,1.0000,0.1101,0.3070,0.2173
150,3,23.4741,-0.6312,0.5889,0.9997,-0.0251,0.0000,0.0251,0.9997,0.0000,0.0000,0.0000,1.0000,0.2836,0.2073,0.2889
150,4,23.5910,-0.6806,0.5062,0.9997,-0.0251,0.0000,0.0251,0.9997,0.0000,0.0000,0.0000,1.0000,0.2820,0.2947,0.2062
150,5,23.7619,-0.5481,0.6614,0.9997,-0.0251,0.0000,0.0251,0.9997,0.0000,0.0000,0.0000,1.0000,0.1112,0.2100,0.3614
150,6,23.8554,-0.5309,0.4265,0.9997,-0.0251,0.0000,0.0251,0.9997,0.0000,0.0000,0.0000,1.0000,0.1972,0.1336,0.1265
150,7,23.9645,-0.5253,0.4491,0.9997,-0.0251,0.0000,0.0251,0.9997,0.0000,0.0000,0.0000,1.0000,0.1624,0.1625,0.0548
150,8,23.9930,-0.4828,0.4472,0.9997,-0.0251,0.0000,0.0251,0.9997,0.0000,0.0000,0.0000,1.0000,0.0831,0.2046,0.1050
150,9,24.0249,-0.4173,0.4544,0.9997,-0.0251,0.0000,0.0251,0.9997,0.0000,0.0000,0.0000,1.0000,0.0210,0.0279,0.0569
150,10,24.0673,-0.4783,0.4546,0.9997,-0.0251,0.0000,0.0251,0.9997,0.0000,0.0000,0.0000,1.0000,0.0210,0.0279,0.0569
151,0,24.5045,-0.4231,0.4400,0.9997,-0.0255,0.0000,0.0255,0.9997,0.0000,0.0000,0.0000,1.0000,0.2577,0.2263,0.1400
151,1,24.5127,-0.4204,0.6052,0.9997,-0.0255,0.0000,0.0255,0.9997,0.0000,0.0000,0.0000,1.0000,0.1100,0.2168,0.3052
151,2,24.5870,-0.4826,0.5173,0.9997,-0.0255,0.0000,0.0255,0.9997,0.0000,0.0000,0.0000,1.0000,0.1101,0.3070,0.2173
151,3,24.6049,-0.6599,0.5889,0.9997,-0.0255,0.0000,0.0255,0.9997,0.0000,0.0000,0.0000,1.0000,0.2836,0.2073,0.2889
151,4,24.7218,-0.7094,0.5062,0.9997,-0.0255,0.0000,0.0255,0.9997,0.0000,0.0000,0.0000,1.0000,0.2820,0.2947,0.2062
151,5,24.8928,-0.5769,0.6614,0.9997,-0.0255,0.0000,0.0255,0.9997,0.0000,0.0000,0.0000,1.0000,0.1112,0.2100,0.3614
151,6,24.9863,-0.5597,0.4265,0.9997,-0.0255,0.0000,0.0255,0.9997,0.0000,0.0000,0.0000,1.0000,0.1972,0.1336,0.1265
151,7,25.0954,-0.5541,0.4491,0.9997,-0.0255,0.0000,0.0255,0.9997,0.0000,0.0000,0.0000,1.0000,0.1624,0.1625,0.0548
151,8,25.1239,-0.5116,0.4472,0.9997,-0.0255,0.0000,0.0255,0.9997,0.0000,0.0000,0.0000,1.0000,0.0831,0.2046,0.1050
151,9,25.1559,-0.4461,0.4544,0.9997,-0.0255,0.0000,0.0255,0.9997,0.0000,0.0000,0.0000,1.0000,0.0210,0.0279,0.0569
151,10,25.1982,-0.5071,0.4546,0.9997,-0.0255,0.0000,0.0255,0.9997,0.0000,0.0000,0.0000,1.0000,0.0210,0.0279,0.0569
152,0,25.6433,-0.4523,0.4400,0.9997,-0.0258,0.0000,0.0258,0.9997,0.0000,0.0000,0.0000,1.0000,0.2577,0.2263,0.1400
152,1,25.6515,-0.4496,0.6052,0.9997,-0.0258,0.0000,0.0258,0.9997,0.0000,0.0000,0.0000,1.0000,0.1100,0.2168,0.3052
152,2,25.7258,-0.5119,0.5173,0.9997,-0.0258,0.0000,0.0258,0.9997,0.0000,0.0000,0.0000,1.0000,0.1101,0.3070,0.2173
152,3,25.7436,-0.6891,0.5889,0.9997,-0.0258,0.0000,0.0258,0.9997,0.0000,0.0000,0.0000,1.0000,0.2836,0.2073,0.2889
152,4,25.8605,-0.7386,0.5062,0.9997,-0.0258,0.0000,0.0258,0.9997,0.0000,0.0000,0.0000,1.0000,0.2820,0.2947,0.2062
152,5,26.0316,-0.6062,0.6614,0.9997,-0.0258,0.0000,0.0258,0.9997,0.0000,0.0000,0.0000,1.0000,0.1112,0.2100,0.3614
152,6,26.1250,-0.5891,0.4265,0.9997,-0.0258,0.0000,0.0258,0.9997,0.0000,0.0000,0.0000,1.0000,0.1972,0.1336,0.1265
152,7,26.2341,-0.5835,0.4491,0.9997,-0.0258,0.0000,0.0258,0.9997,0.0000,0.0000,0.0000,1.0000,0.1624,0.1625,0.0548
152,8,26.2626,-0.5411,0.4472,0.9997,-0.0258,0.0000,0.0258,0.9997,0.0000,0.0000,0.0000,1.0000,0.0831,0.2046,0.1050
152,9,26.2946,-0.4756,0.4544,0.9997,-0.0258,0.0000,0.0258,0.9997,0.0000,0.0000,0.0000,1.0000,0.0210,0.0279,0.0569
152,10,26.3370,-0.5366,0.4546,0.9997,-0.0258,0.0000,0.0258,0.9997,0.0000,0.0000,0.0000,1.0000,0.0210,0.0279,0.0569
153,0,26.7894,-0.4823,0.4400,0.9997,-0.0264,0.0000,0.0264,0.9997,0.0000,0.0000,0.0000,1.0000,0.2577,0.2263,0.1400
153,1,26.7976,-0.4796,0.6052,0.9997,-0.0264,0.0000,0.0264,0.9997,0.0000,0.0000,0.0000,1.0000,0.1100,0.2168,0.3052
153,2,26.8719,-0.5419,0.5173,0.9997,-0.0264,0.0000,0.0264,0.9997,0.0000,0.0000,0.0000,1.0000,0.1101,0.3070,0.2173
153,3,26.8896,-0.7191,0.5889,0.9997,-0.0264,0.0000,0.0264,0.9997,0.0000,0.0000,0.0000,1.0000,0.2836,0.2073,0.2889
153,4,27.0065,-0.7687,0.5062,0.9997,-0.0264,0.0000,0.0264,0.9997,0.0000,0.0000,0.0000,1.0000,0.2820,0.2947,0.2062
153,5,27.1776,-0.6364,0.6614,0.9997,-0.0264,0.0000,0.0264,0.9997,0.0000,0.0000,0.0000,1.0000,0.1112,0.2100,0.3614
153,6,27.2711,-0.6193,0.4265,0.9997,-0.0264,0.0000,0.0264,0.9997,0.0000,0.0000,0.0000,1.0000,0.1972,0.1336,0.1265
153,7,27.3802,-0.6138,0.4491,0.9997,-0.0264,0.0000,0.0264,0.9997,0.0000,0.0000,0.0000,1.0000,0.1624,0.1625,0.0548
153,8,27.4087,-0.5713,0.4472,0.9997,-0.0264,0.0000,0.0264,0.9997,0.0000,0.0000,0.0000,1.0000,0.0831,0.2046,0.1050
153,9,27.4407,-0.5059,0.4544,0.9997,-0.0264,0.0000,0.0264,0.9997,0.0000,0.0000,0.0000,1.0000,0.0210,0.0279,0.0569
153,10,27.4830,-0.5669,0.4546,0.9997,-0.0264,0.0000,0.0264,0.9997,0.0000,0.0000,0.0000,1.0000,0.0210,0.0279,0.0569
154,0,27.9423,-0.5130,0.4400,0.9996,-0.0269,0.0000,0.0269,0.9996,0.0000,0.0000,0.0000,1.0000,0.2577,0.2263,0.1400
154,1,27.9505,-0.5103,0.6052,0.9996,-0.0269,0.0000,0.0269,0.9996,0.0000,0.0000,0.0000,1.0000,0.1100,0.2168,0.3052
154,2,28.0247,-0.5726,0.5173,0.9996,-0.0269,0.0000,0.0269,0.9996,0.0000,0.0000,0.0000,1.0000,0.1101,0.3070,0.2173
154,3,28.0424,-0.7499,0.5889,0.9996,-0.0269,0.0000,0.0269,0.9996,0.0000,0.0000,0.0000,1.0000,0.2836,0.2073,0.2889
154,4,28.1592,-0.7995,0.5062,0.9996,-0.0269,0.0000,0.0269,0.9996,0.0000,0.0000,0.0000,1.0000,0.2820,0.2947,0.2062
154,5,28.3304,-0.6673,0.6614,0.9996,-0.0269,0.0000,0.0269,0.9996,0.0000,0.0000,0.0000,1.0000,0.1112,0.2100,0.3614
154,6,28.4239,-0.6503,0.4265,0.9996,-0.0269,0.0000,0.0269,0.9996,0.0000,0.0000,0.0000,1.0000,0.1972,0.1336,0.1265
154,7,28.5330,-0.6448,0.4491,0.9996,-0.0269,0.0000,0.0269,0.9996,0.0000,0.0000,0.0000,1.0000,0.1624,0.1625,0.0548
154,8,28.5615,-0.6024,0.4472,0.9996,-0.0269,0.0000,0.0269,0.9996,0.0000,0.0000,0.0000,1.0000,0.0831,0.2046,0.1050
154,9,28.5936,-0.5369,0.4544,0.9996,-0.0269,0.0000,0.0269,0.9996,0.0000,0.0000,0.0000,1.0000,0.0210,0.0279,0.0569
154,10,28.6359,-0.5980,0.4546,0.9996,-0.0269,0.0000,0.0269,0.9996,0.0000,0.0000,0.0000,1.0000,0.0210,0.0279,0.0569
155,0,29.1012,-0.5445,0.4400,0.9996,-0.0275,0.0000,0.0275,0.9996,0.0000,0.0000,0.0000,1.0000,0.2577,0.2263,0.1400
155,1,29.1094,-0.5418,0.6052,0.9996,-0.0275,0.0000,0.0275,0.9996,0.0000,0.0000,0.0000,1.0000,0.1100,0.2168,0.3052
155,2,29.1836,-0.6042,0.5173,0.9996,-0.0275,0.0000,0.0275,0.9996,0.0000,0.0000,0.0000,1.0000,0.1101,0.3070,0.2173
155,3,29.2011,-0.7814,0.5889,0.9996,-0.0275,0.0000,0.0275,0.9996,0.0000,0.0000,0.0000,1.0000,0.2836,0.2073,0.2889
155,4,29.3179,-0.8311,0.5062,0.9996,-0.0275,0.0000,0.0275,0.9996,0.0000,0.0000,0.0000,1.0000,0.2820,0.2947,0.2062
155,5,29.4892,-0.6990,0.6614,0.9996,-0.0275,0.0000,0.0275,0.9996,0.0000,0.0000,0.0000,1.0000,0.1112,0.2100,0.3614
155,6,29.5827,-0.6821,0.4265,0.9996,-0.0275,0.0000,0.0275,0.9996,0.0000,0.0000,0.0000,1.0000,0.1972,0.1336,0.1265
155,7,29.6918,-0.6767,0.4491,0.9996,-0.0275,0.0000,0.0275,0.9996,0.0000,0.0000,0.0000,1.0000,0.1624,0.1625,0.0548
155,8,29.7204,-0.6342,0.4472,0.9996,-0.0275,0.0000,0.0275,0.9996,0.0000,0.0000,0.0000,1.0000,0.0831,0.2046,0.1050
155,9,29.7525,-0.5688,0.4544,0.9996,-0.0275,0.0000,0.0275,0.9996,0.0000,0.0000,0.0000,1.0000,0.0210,0.0279,0.0569
155,10,29.7947,-0.6299,0.4546,0.9996,-0.0275,0.0000,0.0275,0.9996,0.0000,0.0000,0.0000,1.0000,0.0210,0.0279,0.0569
156,0,30.2658,-0.5768,0.4400,0.9996,-0.0280,0.0000,0.0280,0.9996,0.0000,0.0000,0.0000,1.0000,0.2577,0.2263,0.1400
156,1,30.2740,-0.5741,0.6052,0.9996,-0.0280,0.0000,0.0280,0.9996,0.0000,0.0000,0.0000,1.0000,0.1100,0.2168,0.3052
156,2,30.3482,-0.6365,0.5173,0.9996,-0.0280,0.0000,0.0280,0.9996,0.0000,0.0000,0.0000,1.0000,0.1101,0.3070,0.2173
156,3,30.3657,-0.8137,0.5889,0.9996,-0.0280,0.0000,0.0280,0.9996,0.0000,0.0000,0.0000,1.0000,0.2836,0.2073,0.2889
156,4,30.4824,-0.8635,0.5062,0.9996,-0.0280,0.0000,0.0280,0.9996,0.0000,0.0000,0.0000,1.0000,0.2820,0.2947,0.2062
156,5,30.6538,-0.7315,0.6614,0.9996,-0.0280,0.0000,0.0280,0.9996,0.0000,0.0000,0.0000,1.0000,0.1112,0.2100,0.3614
156,6,30.7473,-0.7146,0.4265,0.9996,-0.0280,0.0000,0.0280,0.9996,0.0000,0.0000,0.0000,1.0000,0.1972,0.1336,0.1265
156,7,30.8564,-0.7092,0.4491,0.9996,-0.0280,0.0000,0.0280,0.9996,0.0000,0.0000,0.0000,1.0000,0.1624,0.1625,0.0548
156,8,30.8850,-0.6668,0.4472,0.9996,-0.0280,0.0000,0.0280,0.9996,0.0000,0.0000,0.0000,1.0000,0.0831,0.2046,0.1050
156,9,30.9171,-0.6014,0.4544,0.9996,-0.0280,0.0000,0.0280,0.9996,0.0000,0.0000,0.0000,1.0000,0.0210,0.0279,0.0569
156,10,30.9593,-0.6625,0.4546,0.9996,-0.0280,0.0000,0.0280,0.9996,0.0000,0.0000,0.0000,1.0000,0.0210,0.0279,0.0569
157,0,31.4361,-0.6098,0.4400,0.9996,-0.0285,0.0000,0.0285,0.9996,0.0000,0.0000,0.0000,1.0000,0.2577,0.2263,0.1400
157,1,31.4443,-0.6071,0.6052,0.9996,-0.0285,0.0000,0.0285,0.9996,0.0000,0.0000,0.0000,1.0000,0.1100,0.2168,0.3052
157,2,31.5184,-0.6696,0.5173,0.9996,-0.0285,0.0000,0.0285,0.9996,0.0000,0.0000,0.0000,1.0000,0.1101,0.3070,0.2173
157,3,31.5358,-0.8468,0.5889,0.9996,-0.0285,0.0000,0.0285,0.9996,0.0000,0.0000,0.0000,1.0000,0.2836,0.2073,0.2889
157,4,31.6525,-0.8967,0.5062,0.9996,-0.0285,0.0000,0.0285,0.9996,0.0000,0.0000,0.0000,1.0000,0.2820,0.2947,0.2062
157,5,31.8239,-0.7647,0.6614,0.9996,-0.0285,0.0000,0.0285,0.9996,0.0000,0.0000,0.0000,1.0000,0.1112,0.2100,0.3614
157,6,31.9175,-0.7479,0.4265,0.9996,-0.0285,0.0000,0.0285,0.9996,0.0000,0.0000,0.0000,1.0000,0.1972,0.1336,0.1265
157,7,32.0266,-0.7426,0.4491,0.9996,-0.0285,0.0000,0.0285,0.9996,0.0000,0.0000,0.0000,1.0000,0.1624,0.1625,0.0548
157,8,32.0552,-0.7002,0.4472,0.9996,-0.0285,0.0000,0.0285,0.9996,0.0000,0.0000,0.0000,1.0000,0.0831,0.2046,0.1050
157,9,32.0873,-0.6348,0.4544,0.9996,-0.0285,0.0000,0.0285,0.9996,0.0000,0.0000,0.0000,1.0000,0.0210,0.0279,0.0569
157,10,32.1295,-0.6959,0.4546,0.9996,-0.0285,0.0000,0.0285,0.9996,0.0000,0.0000,0.0000,1.0000,0.0210,0.0279,0.0569
158,0,32.6118,-0.6436,0.4400,0.9996,-0.0290,0.0000,0.0290,0.9996,0.0000,0.0000,0.0000,1.0000,0.2577,0.2263,0.1400
158,1,32.6200,-0.6409,0.6052,0.9996,-0.0290,0.0000,0.0290,0.9996,0.0000,0.0000,0.0000,1.0000,0.1100,0.2168,0.3052
158,2,32.6941,-0.7034,0.5173,0.9996,-0.0290,0.0000,0.0290,0.9996,0.0000,0.0000,0.0000,1.0000,0.1101,0.3070,0.2173
158,3,32.7114,-0.8806,0.5889,0.9996,-0.0290,0.0000,0.0290,0.9996,0.0000,0.0000,0.0000,1.0000,0.2836,0.2073,0.2889
158,4,32.8281,-0.9305,0.5062,0.9996,-0.0290,0.0000,0.0290,0.9996,0.0000,0.0000,0.0000,1.0000,0.2820,0.2947,0.2062
158,5,32.9996,-0.7987,0.6614,0.9996,-0.0290,0.0000,0.0290,0.9996,0.0000,0.0000,0.0000,1.0000,0.1112,0.2100,0.3614
158,6,33.0931,-0.7819,0.4265,0.9996,-0.0290,0.0000,0.0290,0.9996,0.0000,0.0000,0.0000,1.0000,0.1972,0.1336,0.1265
158,7,33.2022,-0.7766,0.4491,0.9996,-0.0290,0.0000,0.0290,0.9996,0.0000,0.0000,0.0000,1.0000,0.1624,0.1625,0.0548
158,8,33.2309,-0.7342,0.4472,0.9996,-0.0290,0.0000,0.0290,0.9996,0.0000,0.0000,0.0000,1.0000,0.0831,0.2046,0.1050
158,9,33.2631,-0.6688,0.4544,0.9996,-0.0290,0.0000,0.0290,0.9996,0.0000,0.0000,0.0000,1.0000,0.0210,0.0279,0.0569
158,10,33.3052,-0.7300,0.4546,0.9996,-0.0290,0.0000,0.0290,0.9996,0.0000,0.0000,0.0000,1.0000,0.0210,0.0279,0.0569
159,0,33.7930,-0.6780,0.4400,0.9996,-0.0294,0.0000,0.0294,0.9996,0.0000,0.0000,0.0000,1.0000,0.2577,0.2263,0.1400
159,1,33.8012,-0.6753,0.6052,0.9996,-0.0294,0.0000,0.0294,0.9996,0.0000,0.0000,0.0000,1.0000,0.1100,0.2168,0.3052
159,2,33.8753,-0.7378,0.5173,0.9996,-0.0294,0.0000,0.0294,0.9996,0.0000,0.0000,0.0000,1.0000,0.1101,0.3070,0.2173
159,3,33.8925,-0.9151,0.5889,0.9996,-0.0294,0.0000,0.0294,0.9996,0.0000,0.0000,0.0000,1.0000,0.2836,0.2073,0.2889
159,4,34.0092,-0.9651,0.5062,0.9996,-0.0294,0.0000,0.0294,0.9996,0.0000,0.0000,0.0000,1.0000,0.2820,0.2947,0.2062
159,5,34.1807,-0.8332,0.6614,0.9996,-0.0294,0.0000,0.0294,0.9996,0.0000,0.0000,0.0000,1.0000,0.1112,0.2100,0.3614
159,6,34.2742,-0.8165,0.4265,0.9996,-0.0294,0.0000,0.0294,0.9996,0.0000,0.0000,0.0000,1.0000,0.1972,0.1336,0.1265
159,7,34.3833,-0.8113,0.4491,0.9996,-0.0294,0.0000,0.0294,0.9996,0.0000,0.0000,0.0000,1.0000,0.1624,0.1625,0.0548
159,8,34.4120,-0.7689,0.4472,0.9996,-0.0294,0.0000,0.0294,0.9996,0.0000,0.0000,0.0000,1.0000,0.0831,0.2046,0.1050
159,9,34.4442,-0.7035,0.4544,0.9996,-0.0294,0.0000,0.0294,0.9996,0.0000,0.0000,0.0000,1.0000,0.0210,0.0279,0.0569
159,10,34.4864,-0.7647,0.4546,0.9996,-0.0294,0.0000,0.0294,0.9996,0.0000,0.0000,0.0000,1.0000,0.0210,0.0279,0.0569
160,0,34.9795,-0.7131,0.4400,0.9996,-0.0297,0.0000,0.0297,0.9996,0.0000,0.0000,0.0000,1.0000,0.2577,0.2263,0.1400
160,1,34.9877,-0.7104,0.6052,0.9996,-0.0297,0.0000,0.0297,0.9996,0.0000,0.0000,0.0000,1.0000,0.1100,0.2168,0.3052
160,2,35.0618,-0.7729,0.5173,0.9996,-0.0297,0.0000,0.0297,0.9996,0.0000,0.0000,0.0000,1.0000,0.1101,0.3070,0.2173
160,3,35.0789,-0.9502,0.5889,0.9996,-0.0297,0.0000,0.0297,0.9996,0.0000,0.0000,0.0000,1.0000,0.2836,0.2073,0.2889
160,4,35.1956,-1.0002,0.5062,0.9996,-0.0297,0.0000,0.0297,0.9996,0.0000,0.0000,0.0000,1.0000,0.2820,0.2947,0.2062
160,5,35.3672,-0.8684,0.6614,0.9996,-0.0297,0.0000,0.0297,0.9996,0.0000,0.0000,0.0000,1.0000,0.1112,0.2100,0.3614
160,6,35.4607,-0.8517,0.4265,0.9996,-0.0297,0.0000,0.0297,0.9996,0.0000,0.0000,0.0000,1.0000,0.1972,0.1336,0.1265
160,7,35.5698,-0.8466,0.4491,0.9996,-0.0297,0.0000,0.0297,0.9996,0.0000,0.0000,0.0000,1.0000,0.1624,0.1625,0.0548
160,8,35.5985,-0.8042,0.4472,0.9996,-0.0297,0.0000,0.0297,0.9996,0.0000,0.0000,0.0000,1.0000,0.0831,0.2046,0.1050
160,9,35.6307,-0.7388,0.4544,0.9996,-0.0297,0.0000,0.0297,0.9996,0.0000,0.0000,0.0000,1.0000,0.0210,0.0279,0.0569
160,10,35.6728,-0.8000,0.4546,0.9996,-0.0297,0.0000,0.0297,0.9996,0.0000,0.0000,0.0000,1.0000,0.0210,0.0279,0.0569
161,0,36.1713,-0.7486,0.4400,0.9996,-0.0299,0.0000,0.0299,0.9996,0.0000,0.0000,0.0000,1.0000,0.2577,0.2263,0.1400
161,1,36.1795,-0.7460,0.6052,0.9996,-0.0299,0.0000,0.0299,0.9996,0.0000,0.0000,0.0000,1.0000,0.1100,0.2168,0.3052
161,2,36.2536,-0.8085,0.5173,0.9996,-0.0299,0.0000,0.0299,0.9996,0.0000,0.0000,0.0000,1.0000,0.1101,0.3070,0.2173
161,3,36.2707,-0.9858,0.5889,0.9996,-0.0299,0.0000,0.0299,0.9996,0.0000,0.0000,0.0000,1.0000,0.2836,0.2073,0.2889
161,4,36.3873,-1.0358,0.5062,0.9996,-0.0299,0.0000,0.0299,0.9996,0.0000,0.0000,0.0000,1.0000,0.2820,0.2947,0.2062
161,5,36.5589,-0.9041,0.6614,0.9996,-0.0299,0.0000,0.0299,0.9996,0.0000,0.0000,0.0000,1.0000,0.1112,0.2100,0.3614
161,6,36.6525,-0.8874,0.4265,0.9996,-0.0299,0.0000,0.0299,0.9996,0.0000,0.0000,0.0000,1.0000,0.1972,0.1336,0.1265
161,7,36.7616,-0.8823,0.4491,0.9996,-0.0299,0.0000,0.0299,0.9996,0.0000,0.0000,0.0000,1.0000,0.1624,0.1625,0.0548
161,8,36.7903,-0.8399,0.4472,0.9996,-0.0299,0.0000,0.0299,0.9996,0.0000,0.0000,0.0000,1.0000,0.0831,0.2046,0.1050
161,9,36.8225,-0.7745,0.4544,0.9996,-0.0299,0.0000,0.0299,0.9996,0.0000,0.0000,0.0000,1.0000,0.0210,0.0279,0.0569
161,10,36.8646,-0.8357,0.4546,0.9996,-0.0299,0.0000,0.0299,0.9996,0.0000,0.0000,0.0000,1.0000,0.0210,0.0279,0.0569
162,0,37.3687,-0.7846,0.4400,0.9995,-0.0302,0.0000,0.0302,0.9995,0.0000,0.0000,0.0000,1.0000,0.2577,0.2263,0.1400
162,1,37.3769,-0.7820,0.6052,0.9995,-0.0302,0.0000,0.0302,0.9995,0.0000,0.0000,0.0000,1.0000,0.1100,0.2168,0.3052
162,2,37.4510,-0.8445,0.5173,0.9995,-0.0302,0.0000,0.0302,0.9995,0.0000,0.0000,0.0000,1.0000,0.1101,0.3070,0.2173
162,3,37.4680,-1.0218,0.5889,0.9995,-0.0302,0.0000,0.0302,0.9995,0.0000,0.0000,0.0000,1.0000,0.2836,0.2073,0.2889
162,4,37.5847,-1.0719,0.5062,0.9995,-0.0302,0.0000,0.0302,0.9995,0.0000,0.0000,0.0000,1.0000,0.2820,0.2947,0.2062
162,5,37.7563,-0.9402,0.6614,0.9995,-0.0302,0.0000,0.0302,0.9995,0.0000,0.0000,0.0000,1.0000,0.1112,0.2100,0.3614
162,6,37.8499,-0.9235,0.4265,0.9995,-0.0302,0.0000,0.0302,0.9995,0.0000,0.0000,0.0000,1.0000,0.1972,0.1336,0.1265
162,7,37.9590,-0.9184,0.4491,0.9995,-0.0302,0.0000,0.0302,0.9995,0.0000,0.0000,0.0000,1.0000,0.1624,0.1625,0.0548
162,8,37.9877,-0.8761,0.4472,0.9995,-0.0302,0.0000,0.0302,0.9995,0.0000,0.0000,0.0000,1.0000,0.0831,0.2046,0.1050
162,9,38.0199,-0.8107,0.4544,0.9995,-0.0302,0.0000,0.0302,0.9995,0.0000,0.0000,0.0000,1.0000,0.0210,0.0279,0.0569
162,10,38.0620,-0.8719,0.4546,0.9995,-0.0302,0.0000,0.0302,0.9995,0.0000,0.0000,0.0000,1.0000,0.0210,0.0279,0.0569
163,0,38.5720,-0.8211,0.4400,0.9995,-0.0305,0.0000,0.0305,0.9995,0.0000,0.0000,0.0000,1.0000,0.2577,0.2263,0.1400
163,1,38.5802,-0.8185,0.6052,0.9995,-0.0305,0.0000,0.0305,0.9995,0.0000,0.0000,0.0000,1.0000,0.1100,0.2168,0.3052
163,2,38.6542,-0.8811,0.5173,0.9995,-0.0305,0.0000,0.0305,0.9995,0.0000,0.0000,0.0000,1.0000,0.1101,0.3070,0.2173
163,3,38.6713,-1.0584,0.5889,0.9995,-0.0305,0.0000,0.0305,0.9995,0.0000,0.0000,0.0000,1.0000,0.2836,0.2073,0.2889
163,4,38.7879,-1.1084,0.5062,0.9995,-0.0305,0.0000,0.0305,0.9995,0.0000,0.0000,0.0000,1.0000,0.2820,0.2947,0.2062
163,5,38.9596,-0.9768,0.6614,0.9995,-0.0305,0.0000,0.0305,0.9995,0.0000,0.0000,0.0000,1.0000,0.1112,0.2100,0.3614
163,6,39.0531,-0.9602,0.4265,0.9995,-0.0305,0.0000,0.0305,0.9995,0.0000,0.0000,0.0000,1.0000,0.1972,0.1336,0.1265
163,7,39.1622,-0.9551,0.4491,0.9995,-0.0305,0.0000,0.0305,0.9995,0.0000,0.0000,0.0000,1.0000,0.1624,0.1625,0.0548
163,8,39.1909,-0.9127,0.4472,0.9995,-0.0305,0.0000,0.0305,0.9995,0.0000,0.0000,0.0000,1.0000,0.0831,0.2046,0.1050
163,9,39.2232,-0.8474,0.4544,0.9995,-0.0305,0.0000,0.0305,0.9995,0.0000,0.0000,0.0000,1.0000,0.0210,0.0279,0.0569
163,10,39.2653,-0.9086,0.4546,0.9995,-0.0305,0.0000,0.0305,0.9995,0.0000,0.0000,0.0000,1.0000,0.0210,0.0279,0.0569
164,0,39.7817,-0.8582,0.4400,0.9995,-0.0308,0.0000,0.0308,0.9995,0.0000,0.0000,0.0000,1.0000,0.2577,0.2263,0.1400
164,1,39.7899,-0.8555,0.6052,0.9995,-0.0308,0.0000,0.0308,0.9995,0.0000,0.0000,0.0000,1.0000,0.1100,0.2168,0.3052
164,2,39.8639,-0.9181,0.5173,0.9995,-0.0308,0.0000,0.0308,0.9995,0.0000,0.0000,0.0000,1.0000,0.1101,0.3070,0.2173
164,3,39.8808,-1.0954,0.5889,0.9995,-0.0308,0.0000,0.0308,0.9995,0.0000,0.0000,0.0000,1.0000,0.2836,0.2073,0.2889
164,4,39.9974,-1.1456,0.5062,0.9995,-0.0308,0.0000,0.0308,0.9995,0.0000,0.0000,0.0000,1.0000,0.2820,0.2947,0.2062
164,5,40.1692,-1.0140,0.6614,0.9995,-0.0308,0.0000,0.0308,0.9995,0.0000,0.0000,0.0000,1.0000,0.1112,0.2100,0.3614
164,6,40.2627,-0.9973,0.4265,0.9995,-0.0308,0.0000,0.0308,0.9995,0.0000,0.0000,0.0000,1.0000,0.1972,0.1336,0.1265
164,7,40.3718,-0.9923,0.4491,0.9995,-0.0308,0.0000,0.0308,0.9995,0.0000,0.0000,0.0000,1.0000,0.1624,0.1625,0.0548
164,8,40.4006,-0.9500,0.4472,0.9995,-0.0308,0.0000,0.0308,0.9995,0.0000,0.0000,0.0000,1.0000,0.0831,0.2046,0.1050
164,9,40.4329,-0.8846,0.4544,0.9995,-0.0308,0.0000,0.0308,0.9995,0.0000,0.0000,0.0000,1.0000,0.0210,0.0279,0.0569
164,10,40.4749,-0.9458,0.4546,0.9995,-0.0308,0.0000,0.0308,0.9995,0.0000,0.0000,0.0000,1.0000,0.0210,0.0279,0.0569
165,0,40.9980,-0.8957,0.4400,0.9995,-0.0309,0.0000,0.0309,0.9995,0.0000,0.0000,0.0000,1.0000,0.2577,0.2263,0.1400
165,1,41.0062,-0.8931,0.6052,0.9995,-0.0309,0.0000,0.0309,0.9995,0.0000,0.0000,0.0000,1.0000,0.1100,0.2168,0.3052
165,2,41.0802,-0.9557,0.5173,0.9995,-0.0309,0.0000,0.0309,0.9995,0.0000,0.0000,0.0000,1.0000,0.1101,0.3070,0.2173
165,3,41.0972,-1.1330,0.5889,0.9995,-0.0309,0.0000,0.0309,0.9995,0.0000,0.0000,0.0000,1.0000,0.2836,0.2073,0.2889
165,4,41.2138,-1.1831,0.5062,0.9995,-0.0309,0.0000,0.0309,0.9995,0.0000,0.0000,0.0000,1.0000,0.2820,0.2947,0.2062
165,5,41.3855,-1.0516,0.6614,0.9995,-0.0309,0.0000,0.0309,0.9995,0.0000,0.0000,0.0000,1.0000,0.1112,0.2100,0.3614
165,6,41.4791,-1.0349,0.4265,0.9995,-0.0309,0.0000,0.0309,0.9995,0.0000,0.0000,0.0000,1.0000,0.1972,0.1336,0.1265
165,7,41.5882,-1.0299,0.4491,0.9995,-0.0309,0.0000,0.0309,0.9995,0.0000,0.0000,0.0000,1.0000,0.1624,0.1625,0.0548
165,8,41.6169,-0.9876,0.4472,0.9995,-0.0309,0.0000,0.0309,0.9995,0.0000,0.0000,0.0000,1.0000,0.0831,0.2046,0.1050
165,9,41.6492,-0.9223,0.4544,0.9995,-0.0309,0.0000,0.0309,0.9995,0.0000,0.0000,0.0000,1.0000,0.0210,0.0279,0.0569
165,10,41.6913,-0.9835,0.4546,0.9995,-0.0309,0.0000,0.0309,0.9995,0.0000,0.0000,0.0000,1.0000,0.0210,0.0279,0.0569
166,0,42.2212,-0.9336,0.4400,0.9995,-0.0309,0.0000,0.0309,0.9995,0.0000,0.0000,0.0000,1.0000,0.2577,0.2263,0.1400
166,1,42.2294,-0.9309,0.6052,0.9995,-0.0309,0.0000,0.0309,0.9995,0.0000,0.0000,0.0000,1.0000,0.1100,0.2168,0.3052
166,2,42.3034,-0.9935,0.5173,0.9995,-0.0309,0.0000,0.0309,0.9995,0.0000,0.0000,0.0000,1.0000,0.1101,0.3070,0.2173
166,3,42.3203,-1.1708,0.5889,0.9995,-0.0309,0.0000,0.0309,0.9995,0.0000,0.0000,0.0000,1.0000,0.2836,0.2073,0.2889
166,4,42.4369,-1.2210,0.5062,0.9995,-0.0309,0.0000,0.0309,0.9995,0.0000,0.0000,0.0000,1.0000,0.2820,0.2947,0.2062
166,5,42.6087,-1.0894,0.6614,0.9995,-0.0309,0.0000,0.0309,0.9995,0.0000,0.0000,0.0000,1.0000,0.1112,0.2100,0.3614
166,6,42.7023,-1.0728,0.4265,0.9995,-0.0309,0.0000,0.0309,0.9995,0.0000,0.0000,0.0000,1.0000,0.1972,0.1336,0.1265
166,7,42.8114,-1.0678,0.4491,0.9995,-0.0309,0.0000,0.0309,0.9995,0.0000,0.0000,0.0000,1.0000,0.1624,0.1625,0.0548
166,8,42.8401,-1.0255,0.4472,0.9995,-0.0309,0.0000,0.0309,0.9995,0.0000,0.0000,0.0000,1.0000,0.0831,0.2046,0.1050
166,9,42.8724,-0.9601,0.4544,0.9995,-0.0309,0.0000,0.0309,0.9995,0.0000,0.0000,0.0000,1.0000,0.0210,0.0279,0.0569
166,10,42.9144,-1.0214,0.4546,0.9995,-0.0309,0.0000,0.0309,0.9995,0.0000,0.0000,0.0000,1.0000,0.0210,0.0279,0.0569
167,0,43.4511,-0.9718,0.4400,0.9995,-0.0313,0.0000,0.0313,0.9995,0.0000,0.0000,0.0000,1.0000,0.2577,0.2263,0.1400
167,1,43.4593,-0.9692,0.6052,0.9995,-0.0313,0.0000,0.0313,0.9995,0.0000,0.0000,0.0000,1.0000,0.1100,0.2168,0.3052
167,2,43.5332,-1.0318,0.5173,0.9995,-0.0313,0.0000,0.0313,0.9995,0.0000,0.0000,0.0000,1.0000,0.1101,0.3070,0.2173
167,3,43.5501,-1.2092,0.5889,0.9995,-0.0313,0.0000,0.0313,0.9995,0.0000,0.0000,0.0000,1.0000,0.2836,0.2073,0.2889
167,4,43.6667,-1.2593,0.5062,0.9995,-0.0313,0.0000,0.0313,0.9995,0.0000,0.0000,0.0000,1.0000,0.2820,0.2947,0.2062
167,5,43.8385,-1.1278,0.6614,0.9995,-0.0313,0.0000,0.0313,0.9995,0.0000,0.0000,0.0000,1.0000,0.1112,0.2100,0.3614
167,6,43.9321,-1.1113,0.4265,0.9995,-0.0313,0.0000,0.0313,0.9995,0.0000,0.0000,0.0000,1.0000,0.1972,0.1336,0.1265
167,7,44.0412,-1.1063,0.4491,0.9995,-0.0313,0.0000,0.0313,0.9995,0.0000,0.0000,0.0000,1.0000,0.1624,0.1625,0.0548
167,8,44.0699,-1.0639,0.4472,0.9995,-0.0313,0.0000,0.0313,0.9995,0.0000,0.0000,0.0000,1.0000,0.0831,0.2046,0.1050
167,9,44.1023,-0.9986,0.4544,0.9995,-0.0313,0.0000,0.0313,0.9995,0.0000,0.0000,0.0000,1.0000,0.0210,0.0279,0.0569
167,10,44.1443,-1.0599,0.4546,0.9995,-0.0313,0.0000,0.0313,0.9995,0.0000,0.0000,0.0000,1.0000,0.0210,0.0279,0.0569
168,0,44.6873,-1.0106,0.4400,0.9995,-0.0314,0.0000,0.0314,0.9995,0.0000,0.0000,0.0000,1.0000,0.2577,0.2263,0.1400
168,1,44.6955,-1.0080,0.6052,0.9995,-0.0314,0.0000,0.0314,0.9995,0.0000,0.0000,0.0000,1.0000,0.1100,0.2168,0.3052
168,2,44.7694,-1.0706,0.5173,0.9995,-0.0314,0.0000,0.0314,0.9995,0.0000,0.0000,0.0000,1.0000,0.1101,0.3070,0.2173
168,3,44.7863,-1.2479,0.5889,0.9995,-0.0314,0.0000,0.0314,0.9995,0.0000,0.0000,0.0000,1.0000,0.2836,0.2073,0.2889
168,4,44.9029,-1.2981,0.5062,0.9995,-0.0314,0.0000,0.0314,0.9995,0.0000,0.0000,0.0000,1.0000,0.2820,0.2947,0.2062
168,5,45.0747,-1.1667,0.6614,0.9995,-0.0314,0.0000,0.0314,0.9995,0.0000,0.0000,0.0000,1.0000,0.1112,0.2100,0.3614
168,6,45.1682,-1.1501,0.4265,0.9995,-0.0314,0.0000,0.0314,0.9995,0.0000,0.0000,0.0000,1.0000,0.1972,0.1336,0.1265
168,7,45.2774,-1.1451,0.4491,0.9995,-0.0314,0.0000,0.0314,0.9995,0.0000,0.0000,0.0000,1.0000,0.1624,0.1625,0.0548
168,8,45.3061,-1.1028,0.4472,0.9995,-0.0314,0.0000,0.0314,0.9995,0.0000,0.0000,0.0000,1.0000,0.0831,0.2046,0.1050
168,9,45.3385,-1.0375,0.4544,0.9995,-0.0314,0.0000,0.0314,0.9995,0.0000,0.0000,0.0000,1.0000,0.0210,0.0279,0.0569
168,10,45.3805,-1.0987,0.4546,0.9995,-0.0314,0.0000,0.0314,0.9995,0.0000,0.0000,0.0000,1.0000,0.0210,0.0279,0.0569
169,0,45.9295,-1.0498,0.4400,0.9995,-0.0316,0.0000,0.0316,0.9995,0.0000,0.0000,0.0000,1.0000,0.2577,0.2263,0.1400
169,1,45.9377,-1.0471,0.6052,0.9995,-0.0316,0.0000,0.0316,0.9995,0.0000,0.0000,0.0000,1.0000,0.1100,0.2168,0.3052
169,2,46.0116,-1.1098,0.5173,0.9995,-0.0316,0.0000,0.0316,0.9995,0.0000,0.0000,0.0000,1.0000,0.1101,0.3070,0.2173
169,3,46.0284,-1.2871,0.5889,0.9995,-0.0316,0.0000,0.0316,0.9995,0.0000,0.0000,0.0000,1.0000,0.2836,0.2073,0.2889
169,4,46.1450,-1.3373,0.5062,0.9995,-0.0316,0.0000,0.0316,0.9995,0.0000,0.0000,0.0000,1.0000,0.2820,0.2947,0.2062
169,5,46.3168,-1.2059,0.6614,0.9995,-0.0316,0.0000,0.0316,0.9995,0.0000,0.0000,0.0000,1.0000,0.1112,0.2100,0.3614
169,6,46.4104,-1.1893,0.4265,0.9995,-0.0316,0.0000,0.0316,0.9995,0.0000,0.0000,0.0000,1.0000,0.1972,0.1336,0.1265
169,7,46.5195,-1.1844,0.4491,0.9995,-0.0316,0.0000,0.0316,0.9995,0.0000,0.0000,0.0000,1.0000,0.1624,0.1625,0.0548
169,8,46.5483,-1.1421,0.4472,0.9995,-0.0316,0.0000,0.0316,0.9995,0.0000,0.0000,0.0000,1.0000,0.0831,0.2046,0.1050
169,9,46.5806,-1.0767,0.4544,0.9995,-0.0316,0.0000,0.0316,0.9995,0.0000,0.0000,0.0000,1.0000,0.0210,0.0279,0.0569
169,10,46.6226,-1.1380,0.4546,0.9995,-0.0316,0.0000,0.0316,0.9995,0.0000,0.0000,0.0000,1.0000,0.0210,0.0279,0.0569
170,0,47.1772,-1.0893,0.4400,0.9995,-0.0318,0.0000,0.0318,0.9995,0.0000,0.0000,0.0000,1.0000,0.2577,0.2263,0.1400
170,1,47.1854,-1.0867,0.6052,0.9995,-0.0318,0.0000,0.0318,0.9995,0.0000,0.0000,0.0000,1.0000,0.1100,0.2168,0.3052
170,2,47.2593,-1.1494,0.5173,0.9995,-0.0318,0.0000,0.0318,0.9995,0.0000,0.0000,0.0000,1.0000,0.1101,0.3070,0.2173
170,3,47.2761,-1.3267,0.5889,0.9995,-0.0318,0.0000,0.0318,0.9995,0.0000,0.0000,0.0000,1.0000,0.2836,0.2073,0.2889
170,4,47.3926,-1.3769,0.5062,0.9995,-0.0318,0.0000,0.0318,0.9995,0.0000,0.0000,0.0000,1.0000,0.2820,0.2947,0.2062
170,5,47.5645,-1.2455,0.6614,0.9995,-0.0318,0.0000,0.0318,0.9995,0.0000,0.0000,0.0000,1.0000,0.1112,0.2100,0.3614
170,6,47.6581,-1.2290,0.4265,0.9995,-0.0318,0.0000,0.0318,0.9995,0.0000,0.0000,0.0000,1.0000,0.1972,0.1336,0.1265
170,7,47.7672,-1.2240,0.4491,0.9995,-0.0318,0.0000,0.0318,0.9995,0.0000,0.0000,0.0000,1.0000,0.1624,0.1625,0.0548
170,8,47.7959,-1.1817,0.4472,0.9995,-0.0318,0.0000,0.0318,0.9995,0.0000,0.0000,0.0000,1.0000,0.0831,0.2046,0.1050
170,9,47.8283,-1.1164,0.4544,0.9995,-0.0318,0.0000,0.0318,0.9995,0.0000,0.0000,0.0000,1.0000,0.0210,0.0279,0.0569
170,10,47.8703,-1.1777,0.4546,0.9995,-0.0318,0.0000,0.0318,0.9995,0.0000,0.0000,0.0000,1.0000,0.0210,0.0279,0.0569
171,0,48.4300,-1.1293,0.4400,0.9995,-0.0320,0.0000,0.0320,0.9995,0.0000,0.0000,0.0000,1.0000,0.2577,0.2263,0.1400
171,1,48.4381,-1.1267,0.6052,0.9995,-0.0320,0.0000,0.0320,0.9995,0.0000,0.0000,0.0000,1.0000,0.1100,0.2168,0.3052
171,2,48.5121,-1.1894,0.5173,0.9995,-0.0320,0.0000,0.0320,0.9995,0.0000,0.0000,0.0000,1.0000,0.1101,0.3070,0.2173
171,3,48.5288,-1.3667,0.5889,0.9995,-0.0320,0.0000,0.0320,0.9995,0.0000,0.0000,0.0000,1.0000,0.2836,0.2073,0.2889
171,4,48.6454,-1.4169,0.5062,0.9995,-0.0320,0.0000,0.0320,0.9995,0.0000,0.0000,0.0000,1.0000,0.2820,0.2947,0.2062
171,5,48.8173,-1.2856,0.6614,0.9995,-0.0320,0.0000,0.0320,0.9995,0.0000,0.0000,0.0000,1.0000,0.1112,0.2100,0.3614
171,6,48.9108,-1.2691,0.4265,0.9995,-0.0320,0.0000,0.0320,0.9995,0.0000,0.0000,0.0000,1.0000,0.1972,0.1336,0.1265
171,7,49.0199,-1.2641,0.4491,0.9995,-0.0320,0.0000,0.0320,0.9995,0.0000,0.0000,0.0000,1.0000,0.1624,0.1625,0.0548
171,8,49.0487,-1.2218,0.4472,0.9995,-0.0320,0.0000,0.0320,0.9995,0.0000,0.0000,0.0000,1.0000,0.0831,0.2046,0.1050
171,9,49.0811,-1.1566,0.4544,0.9995,-0.0320,0.0000,0.0320,0.9995,0.0000,0.0000,0.0000,1.0000,0.0210,0.0279,0.0569
171,10,49.1231,-1.2178,0.4546,0.9995,-0.0320,0.0000,0.0320,0.9995,0.0000,0.0000,0.0000,1.0000,0.0210,0.0279,0.0569
172,0,49.6873,-1.1697,0.4400,0.9995,-0.0322,0.0000,0.0322,0.9995,0.0000,0.0000,0.0000,1.0000,0.2577,0.2263,0.1400
172,1,49.6955,-1.1670,0.6052,0.9995,-0.0322,0.0000,0.0322,0.9995,0.0000,0.0000,0.0000,1.0000,0.1100,0.2168,0.3052
172,2,49.7694,-1.2297,0.5173,0.9995,-0.0322,0.0000,0.0322,0.9995,0.0000,0.0000,0.0000,1.0000,0.1101,0.3070,0.2173
172,3,49.7861,-1.4071,0.5889,0.9995,-0.0322,0.0000,0.0322,0.9995,0.0000,0.0000,0.0000,1.0000,0.2836,0.2073,0.2889
172,4,49.9027,-1.4573,0.5062,0.9995,-0.0322,0.0000,0.0322,0.9995,0.0000,0.0000,0.0000,1.0000,0.2820,0.2947,0.2062
172,5,50.0746,-1.3260,0.6614,0.9995,-0.0322,0.0000,0.0322,0.9995,0.0000,0.0000,0.0000,1.0000,0.1112,0.2100,0.3614
172,6,50.1682,-1.3095,0.4265,0.9995,-0.0322,0.0000,0.0322,0.9995,0.0000,0.0000,0.0000,1.0000,0.1972,0.1336,0.1265
172,7,50.2773,-1.3046,0.4491,0.9995,-0.0322,0.0000,0.0322,0.9995,0.0000,0.0000,0.0000,1.0000,0.1624,0.1625,0.0548
172,8,50.3060,-1.2623,0.4472,0.9995,-0.0322,0.0000,0.0322,0.9995,0.0000,0.0000,0.0000,1.0000,0.0831,0.2046,0.1050
172,9,50.3385,-1.1970,0.4544,0.9995,-0.0322,0.0000,0.0322,0.9995,0.0000,0.0000,0.0000,1.0000,0.0210,0.0279,0.0569
172,10,50.3804,-1.2583,0.4546,0.9995,-0.0322,0.0000,0.0322,0.9995,0.0000,0.0000,0.0000,1.0000,0.0210,0.0279,0.0569
173,0,50.9486,-1.2104,0.4400,0.9995,-0.0324,0.0000,0.0324,0.9995,0.0000,0.0000,0.0000,1.0000,0.2577,0.2263,0.1400
173,1,50.9568,-1.2078,0.6052,0.9995,-0.0324,0.0000,0.0324,0.9995,0.0000,0.0000,0.0000,1.0000,0.1100,0.2168,0.3052
173,2,51.0307,-1.2705,0.5173,0.9995,-0.0324,0.0000,0.0324,0.9995,0.0000,0.0000,0.0000,1.0000,0.1101,0.3070,0.2173
173,3,51.0474,-1.4478,0.5889,0.9995,-0.0324,0.0000,0.0324,0.9995,0.0000,0.0000,0.0000,1.0000,0.2836,0.2073,0.2889
173,4,51.1639,-1.4981,0.5062,0.9995,-0.0324,0.0000,0.0324,0.9995,0.0000,0.0000,0.0000,1.0000,0.2820,0.2947,0.2062
173,5,51.3359,-1.3668,0.6614,0.9995,-0.0324,0.0000,0.0324,0.9995,0.0000,0.0000,0.0000,1.0000,0.1112,0.2100,0.3614
173,6,51.4295,-1.3503,0.4265,0.9995,-0.0324,0.0000,0.0324,0.9995,0.0000,0.0000,0.0000,1.0000,0.1972,0.1336,0.1265
173,7,51.5386,-1.3455,0.4491,0.9995,-0.0324,0.0000,0.0324,0.9995,0.0000,0.0000,0.0000,1.0000,0.1624,0.1625,0.0548
173,8,51.5674,-1.3032,0.4472,0.9995,-0.0324,0.0000,0.0324,0.9995,0.0000,0.0000,0.0000,1.0000,0.0831,0.2046,0.1050
173,9,51.5998,-1.2379,0.4544,0.9995,-0.0324,0.0000,0.0324,0.9995,0.0000,0.0000,0.0000,1.0000,0.0210,0.0279,0.0569
173,10,51.6417,-1.2992,0.4546,0.9995,-0.0324,0.0000,0.0324,0.9995,0.0000,0.0000,0.0000,1.0000,0.0210,0.0279,0.0569
174,0,52.2136,-1.2515,0.4400,0.9995,-0.0325,0.0000,0.0325,0.9995,0.0000,0.0000,0.0000,1.0000,0.2577,0.2263,0.1400
174,1,52.2218,-1.2488,0.6052,0.9995,-0.0325,0.0000,0.0325,0.9995,0.0000,0.0000,0.0000,1.0000,0.1100,0.2168,0.3052
174,2,52.2957,-1.3116,0.5173,0.9995,-0.0325,0.0000,0.0325,0.9995,0.0000,0.0000,0.0000,1.0000,0.1101,0.3070,0.2173
174,3,52.3124,-1.4889,0.5889,0.9995,-0.0325,0.0000,0.0325,0.9995,0.0000,0.0000,0.0000,1.0000,0.2836,0.2073,0.2889
174,4,52.4289,-1.5392,0.5062,0.9995,-0.0325,0.0000,0.0325,0.9995,0.0000,0.0000,0.0000,1.0000,0.2820,0.2947,0.2062
174,5,52.6009,-1.4079,0.6614,0.9995,-0.0325,0.0000,0.0325,0.9995,0.0000,0.0000,0.0000,1.0000,0.1112,0.2100,0.3614
174,6,52.6944,-1.3915,0.4265,0.9995,-0.0325,0.0000,0.0325,0.9995,0.0000,0.0000,0.0000,1.0000,0.1972,0.1336,0.1265
174,7,52.8036,-1.3866,0.4491,0.9995,-0.0325,0.0000,0.0325,0.9995,0.0000,0.0000,0.0000,1.0000,0.1624,0.1625,0.0548
174,8,52.8323,-1.3443,0.4472,0.9995,-0.0325,0.0000,0.0325,0.9995,0.0000,0.0000,0.0000,1.0000,0.0831,0.2046,0.1050
174,9,52.8648,-1.2791,0.4544,0.9995,-0.0325,0.0000,0.0325,0.9995,0.0000,0.0000,0.0000,1.0000,0.0210,0.0279,0.0569
174,10,52.9067,-1.3404,0.4546,0.9995,-0.0325,0.0000,0.0325,0.9995,0.0000,0.0000,0.0000,1.0000,0.0210,0.0279,0.0569
175,0,53.4823,-1.2929,0.4400,0.9995,-0.0327,0.0000,0.0327,0.9995,0.0000,0.0000,0.0000,1.0000,0.2577,0.2263,0.1400
175,1,53.4905,-1.2902,0.6052,0.9995,-0.0327,0.0000,0.0327,0.9995,0.0000,0.0000,0.0000,1.0000,0.1100,0.2168,0.3052
175,2,53.5644,-1.3530,0.5173,0.9995,-0.0327,0.0000,0.0327,0.9995,0.0000,0.0000,0.0000,1.0000,0.1101,0.3070,0.2173
175,3,53.5810,-1.5303,0.5889,0.9995,-0.0327,0.0000,0.0327,0.9995,0.0000,0.0000,0.0000,1.0000,0.2836,0.2073,0.2889
175,4,53.6975,-1.5807,0.5062,0.9995,-0.0327,0.0000,0.0327,0.9995,0.0000,0.0000,0.0000,1.0000,0.2820,0.2947,0.2062
175,5,53.8695,-1.4494,0.6614,0.9995,-0.0327,0.0000,0.0327,0.9995,0.0000,0.0000,0.0000,1.0000,0.1112,0.2100,0.3614
175,6,53.9631,-1.4330,0.4265,0.9995,-0.0327,0.0000,0.0327,0.9995,0.0000,0.0000,0.0000,1.0000,0.1972,0.1336,0.1265
175,7,54.0722,-1.4282,0.4491,0.9995,-0.0327,0.0000,0.0327,0.9995,0.0000,0.0000,0.0000,1.0000,0.1624,0.1625,0.0548
175,8,54.1010,-1.3859,0.4472,0.9995,-0.0327,0.0000,0.0327,0.9995,0.0000,0.0000,0.0000,1.0000,0.0831,0.2046,0.1050
175,9,54.1334,-1.3206,0.4544,0.9995,-0.0327,0.0000,0.0327,0.9995,0.0000,0.0000,0.0000,1.0000,0.0210,0.0279,0.0569
175,10,54.1754,-1.3819,0.4546,0.9995,-0.0327,0.0000,0.0327,0.9995,0.0000,0.0000,0.0000,1.0000,0.0210,0.0279,0.0569
176,0,54.7550,-1.3348,0.4400,0.9995,-0.0331,0.0000,0.0331,0.9995,0.0000,0.0000,0.0000,1.0000,0.2577,0.2263,0.1400
176,1,54.7632,-1.3321,0.6052,0.9995,-0.0331,0.0000,0.0331,0.9995,0.0000,0.0000,0.0000,1.0000,0.1100,0.2168,0.3052
176,2,54.8371,-1.3949,0.5173,0.9995,-0.0331,0.0000,0.0331,0.9995,0.0000,0.0000,0.0000,1.0000,0.1101,0.3070,0.2173
176,3,54.8536,-1.5723,0.5889,0.9995,-0.0331,0.0000,0.0331,0.9995,0.0000,0.0000,0.0000,1.0000,0.2836,0.2073,0.2889
176,4,54.9701,-1.6226,0.5062,0.9995,-0.0331,0.0000,0.0331,0.9995,0.0000,0.0000,0.0000,1.0000,0.2820,0.2947,0.2062
176,5,55.1421,-1.4915,0.6614,0.9995,-0.0331,0.0000,0.0331,0.9995,0.0000,0.0000,0.0000,1.0000,0.1112,0.2100,0.3614
176,6,55.2357,-1.4750,0.4265,0.9995,-0.0331,0.0000,0.0331,0.9995,0.0000,0.0000,0.0000,1.0000,0.1972,0.1336,0.1265
176,7,55.3449,-1.4703,0.4491,0.9995,-0.0331,0.0000,0.0331,0.9995,0.0000,0.0000,0.0000,1.0000,0.1624,0.1625,0.0548
176,8,55.3737,-1.4280,0.4472,0.9995,-0.0331,0.0000,0.0331,0.9995,0.0000,0.0000,0.0000,1.0000,0.0831,0.2046,0.1050
176,9,55.4061,-1.3627,0.4544,0.9995,-0.0331,0.0000,0.0331,0.9995,0.0000,0.0000,0.0000,1.0000,0.0210,0.0279,0.0569
176,10,55.4480,-1.4240,0.4546,0.9995,-0.0331,0.0000,0.0331,0.9995,0.0000,0.0000,0.0000,1.0000,0.0210,0.0279,0.0569
177,0,56.0323,-1.3772,0.4400,0.9994,-0.0334,0.0000,0.0334,0.9994,0.0000,0.0000,0.0000,1.0000,0.2577,0.2263,0.1400
177,1,56.0405,-1.3746,0.6052,0.9994,-0.0334,0.0000,0.0334,0.9994,0.0000,0.0000,0.0000,1.0000,0.1100,0.2168,0.3052
177,2,56.1143,-1.4374,0.5173,0.9994,-0.0334,0.0000,0.0334,0.9994,0.0000,0.0000,0.0000,1.0000,0.1101,0.3070,0.2173
177,3,56.1308,-1.6147,0.5889,0.9994,-0.0334,0.0000,0.0334,0.9994,0.0000,0.0000,0.0000,1.0000,0.2836,0.2073,0.2889
177,4,56.2473,-1.6652,0.5062,0.9994,-0.0334,0.0000,0.0334,0.9994,0.0000,0.0000,0.0000,1.0000,0.2820,0.2947,0.2062
177,5,56.4194,-1.5340,0.6614,0.9994,-0.0334,0.0000,0.0334,0.9994,0.0000,0.0000,0.0000,1.0000,0.1112,0.2100,0.3614
177,6,56.5130,-1.5176,0.4265,0.9994,-0.0334,0.0000,0.0334,0.9994,0.0000,0.0000,0.0000,1.0000,0.1972,0.1336,0.1265
177,7,56.6221,-1.5129,0.4491,0.9994,-0.0334,0.0000,0.0334,0.9994,0.0000,0.0000,0.0000,1.0000,0.1624,0.1625,0.0548
177,8,56.6509,-1.4706,0.4472,0.9994,-0.0334,0.0000,0.0334,0.9994,0.0000,0.0000,0.0000,1.0000,0.0831,0.2046,0.1050
177,9,56.6834,-1.4054,0.4544,0.9994,-0.0334,0.0000,0.0334,0.9994,0.0000,0.0000,0.0000,1.0000,0.0210,0.0279,0.0569
177,10,56.7253,-1.4667,0.4546,0.9994,-0.0334,0.0000,0.0334,0.9994,0.0000,0.0000,0.0000,1.0000,0.0210,0.0279,0.0569
178,0,57.3144,-1.4201,0.4400,0.9994,-0.0335,0.0000,0.0335,0.9994,0.0000,0.0000,0.0000,1.0000,0.2577,0.2263,0.1400
178,1,57.3226,-1.4175,0.6052,0.9994,-0.0335,0.0000,0.0335,0.9994,0.0000,0.0000,0.0000,1.0000,0.1100,0.2168,0.3052
178,2,57.3964,-1.4803,0.5173,0.9994,-0.0335,0.0000,0.0335,0.9994,0.0000,0.0000,0.0000,1.0000,0.1101,0.3070,0.2173
178,3,57.4129,-1.6576,0.5889,0.9994,-0.0335,0.0000,0.0335,0.9994,0.0000,0.0000,0.0000,1.0000,0.2836,0.2073,0.2889
178,4,57.5294,-1.7080,0.5062,0.9994,-0.0335,0.0000,0.0335,0.9994,0.0000,0.0000,0.0000,1.0000,0.2820,0.2947,0.2062
178,5,57.7015,-1.5769,0.6614,0.9994,-0.0335,0.0000,0.0335,0.9994,0.0000,0.0000,0.0000,1.0000,0.1112,0.2100,0.3614
178,6,57.7951,-1.5605,0.4265,0.9994,-0.0335,0.0000,0.0335,0.9994,0.0000,0.0000,0.0000,1.0000,0.1972,0.1336,0.1265
178,7,57.9042,-1.5558,0.4491,0.9994,-0.0335,0.0000,0.0335,0.9994,0.0000,0.0000,0.0000,1.0000,0.1624,0.1625,0.0548
178,8,57.9330,-1.5135,0.4472,0.9994,-0.0335,0.0000,0.0335,0.9994,0.0000,0.0000,0.0000,1.0000,0.0831,0.2046,0.1050
178,9,57.9655,-1.4483,0.4544,0.9994,-0.0335,0.0000,0.0335,0.9994,0.0000,0.0000,0.0000,1.0000,0.0210,0.0279,0.0569
178,10,58.0074,-1.5096,0.4546,0.9994,-0.0335,0.0000,0.0335,0.9994,0.0000,0.0000,0.0000,1.0000,0.0210,0.0279,0.0569
179,0,58.6013,-1.4634,0.4400,0.9994,-0.0338,0.0000,0.0338,0.9994,0.0000,0.0000,0.0000,1.0000,0.2577,0.2263,0.1400
179,1,58.6095,-1.4608,0.6052,0.9994,-0.0338,0.0000,0.0338,0.9994,0.0000,0.0000,0.0000,1.0000,0.1100,0.2168,0.3052
179,2,58.6833,-1.5236,0.5173,0.9994,-0.0338,0.0000,0.0338,0.9994,0.0000,0.0000,0.0000,1.0000,0.1101,0.3070,0.2173
179,3,58.6997,-1.7010,0.5889,0.9994,-0.0338,0.0000,0.0338,0.9994,0.0000,0.0000,0.0000,1.0000,0.2836,0.2073,0.2889
179,4,58.8162,-1.7514,0.5062,0.9994,-0.0338,0.0000,0.0338,0.9994,0.0000,0.0000,0.0000,1.0000,0.2820,0.2947,0.2062
179,5,58.9883,-1.6204,0.6614,0.9994,-0.0338,0.0000,0.0338,0.9994,0.0000,0.0000,0.0000,1.0000,0.1112,0.2100,0.3614
179,6,59.0819,-1.6040,0.4265,0.9994,-0.0338,0.0000,0.0338,0.9994,0.0000,0.0000,0.0000,1.0000,0.1972,0.1336,0.1265
179,7,59.1910,-1.5993,0.4491,0.9994,-0.0338,0.0000,0.0338,0.9994,0.0000,0.0000,0.0000,1.0000,0.1624,0.1625,0.0548
179,8,59.2199,-1.5571,0.4472,0.9994,-0.0338,0.0000,0.0338,0.9994,0.0000,0.0000,0.0000,1.0000,0.0831,0.2046,0.1050
179,9,59.2524,-1.4918,0.4544,0.9994,-0.0338,0.0000,0.0338,0.9994,0.0000,0.0000,0.0000,1.0000,0.0210,0.0279,0.0569
179,10,59.2943,-1.5532,0.4546,0.9994,-0.0338,0.0000,0.0338,0.9994,0.0000,0.0000,0.0000,1.0000,0.0210,0.0279,0.0569
180,0,59.8926,-1.5072,0.4400,0.9994,-0.0340,0.0000,0.0340,0.9994,0.0000,0.0000,0.0000,1.0000,0.2577,0.2263,0.1400
180,1,59.9008,-1.5046,0.6052,0.9994,-0.0340,0.0000,0.0340,0.9994,0.0000,0.0000,0.0000,1.0000,0.1100,0.2168,0.3052
180,2,59.9746,-1.5674,0.5173,0.9994,-0.0340,0.0000,0.0340,0.9994,0.0000,0.0000,0.0000,1.0000,0.1101,0.3070,0.2173
180,3,59.9910,-1.7448,0.5889,0.9994,-0.0340,0.0000,0.0340,0.9994,0.0000,0.0000,0.0000,1.0000,0.2836,0.2073,0.2889
180,4,60.1074,-1.7953,0.5062,0.9994,-0.0340,0.0000,0.0340,0.9994,0.0000,0.0000,0.0000,1.0000,0.2820,0.2947,0.2062
180,5,60.2796,-1.6643,0.6614,0.9994,-0.0340,0.0000,0.0340,0.9994,0.0000,0.0000,0.0000,1.0000,0.1112,0.2100,0.3614
180,6,60.3732,-1.6480,0.4265,0.9994,-0.0340,0.0000,0.0340,0.9994,0.0000,0.0000,0.0000,1.0000,0.1972,0.1336,0.1265
180,7,60.4823,-1.6433,0.4491,0.9994,-0.0340,0.0000,0.0340,0.9994,0.0000,0.0000,0.0000,1.0000,0.1624,0.1625,0.0548
180,8,60.5112,-1.6010,0.4472,0.9994,-0.0340,0.0000,0.0340,0.9994,0.0000,0.0000,0.0000,1.0000,0.0831,0.2046,0.1050
180,9,60.5437,-1.5358,0.4544,0.9994,-0.0340,0.0000,0.0340,0.9994,0.0000,0.0000,0.0000,1.0000,0.0210,0.0279,0.0569
180,10,60.5856,-1.5971,0.4546,0.9994,-0.0340,0.0000,0.0340,0.9994,0.0000,0.0000,0.0000,1.0000,0.0210,0.0279,0.0569
181,0,61.1879,-1.5513,0.4400,0.9994,-0.0340,0.0000,0.0340,0.9994,0.0000,0.0000,0.0000,1.0000,0.2577,0.2263,0.1400
181,1,61.1961,-1.5487,0.6052,0.9994,-0.0340,0.0000,0.0340,0.9994,0.0000,0.0000,0.0000,1.0000,0.1100,0.2168,0.3052
181,2,61.2699,-1.6116,0.5173,0.9994,-0.0340,0.0000,0.0340,0.9994,0.0000,0.0000,0.0000,1.0000,0.1101,0.3070,0.2173
181,3,61.2863,-1.7889,0.5889,0.9994,-0.0340,0.0000,0.0340,0.9994,0.0000,0.0000,0.0000,1.0000,0.2836,0.2073,0.2889
181,4,61.4028,-1.8394,0.5062,0.9994,-0.0340,0.0000,0.0340,0.9994,0.0000,0.0000,0.0000,1.0000,0.2820,0.2947,0.2062
181,5,61.5749,-1.7084,0.6614,0.9994,-0.0340,0.0000,0.0340,0.9994,0.0000,0.0000,0.0000,1.0000,0.1112,0.2100,0.3614
181,6,61.6685,-1.6921,0.4265,0.9994,-0.0340,0.0000,0.0340,0.9994,0.0000,0.0000,0.0000,1.0000,0.1972,0.1336,0.1265
181,7,61.7776,-1.6874,0.4491,0.9994,-0.0340,0.0000,0.0340,0.9994,0.0000,0.0000,0.0000,1.0000,0.1624,0.1625,0.0548
181,8,61.8065,-1.6451,0.4472,0.9994,-0.0340,0.0000,0.0340,0.9994,0.0000,0.0000,0.0000,1.0000,0.0831,0.2046,0.1050
181,9,61.8390,-1.5799,0.4544,0.9994,-0.0340,0.0000,0.0340,0.9994,0.0000,0.0000,0.0000,1.0000,0.0210,0.0279,0.0569
181,10,61.8809,-1.6413,0.4546,0.9994,-0.0340,0.0000,0.0340,0.9994,0.0000,0.0000,0.0000,1.0000,0.0210,0.0279,0.0569
182,0,62.4871,-1.5958,0.4400,0.9994,-0.0344,0.0000,0.0344,0.9994,0.0000,0.0000,0.0000,1.0000,0.2577,0.2263,0.1400
182,1,62.4953,-1.5932,0.6052,0.9994,-0.0344,0.0000,0.0344,0.9994,0.0000,0.0000,0.0000,1.0000,0.1100,0.2168,0.3052
182,2,62.5691,-1.6560,0.5173,0.9994,-0.0344,0.0000,0.0344,0.9994,0.0000,0.0000,0.0000,1.0000,0.1101,0.3070,0.2173
182,3,62.5854,-1.8334,0.5889,0.9994,-0.0344,0.0000,0.0344,0.9994,0.0000,0.0000,0.0000,1.0000,0.2836,0.2073,0.2889
182,4,62.7018,-1.8839,0.5062,0.9994,-0.0344,0.0000,0.0344,0.9994,0.0000,0.0000,0.0000,1.0000,0.2820,0.2947,0.2062
182,5,62.8740,-1.7530,0.6614,0.9994,-0.0344,0.0000,0.0344,0.9994,0.0000,0.0000,0.0000,1.0000,0.1112,0.2100,0.3614
182,6,62.9676,-1.7367,0.4265,0.9994,-0.0344,0.0000,0.0344,0.9994,0.0000,0.0000,0.0000,1.0000,0.1972,0.1336,0.1265
182,7,63.0768,-1.7320,0.4491,0.9994,-0.0344,0.0000,0.0344,0.9994,0.0000,0.0000,0.0000,1.0000,0.1624,0.1625,0.0548
182,8,63.1056,-1.6898,0.4472,0.9994,-0.0344,0.0000,0.0344,0.9994,0.0000,0.0000,0.0000,1.0000,0.0831,0.2046,0.1050
182,9,63.1382,-1.6246,0.4544,0.9994,-0.0344,0.0000,0.0344,0.9994,0.0000,0.0000,0.0000,1.0000,0.0210,0.0279,0.0569
182,10,63.1800,-1.6860,0.4546,0.9994,-0.0344,0.0000,0.0344,0.9994,0.0000,0.0000,0.0000,1.0000,0.0210,0.0279,0.0569
183,0,63.7901,-1.6408,0.4400,0.9994,-0.0347,0.0000,0.0347,0.9994,0.0000,0.0000,0.0000,1.0000,0.2577,0.2263,0.1400
183,1,63.7983,-1.6382,0.6052,0.9994,-0.0347,0.0000,0.0347,0.9994,0.0000,0.0000,0.0000,1.0000,0.1100,0.2168,0.3052
183,2,63.8721,-1.7011,0.5173,0.9994,-0.0347,0.0000,0.0347,0.9994,0.0000,0.0000,0.0000,1.0000,0.1101,0.3070,0.2173
183,3,63.8883,-1.8784,0.5889,0.9994,-0.0347,0.0000,0.0347,0.9994,0.0000,0.0000,0.0000,1.0000,0.2836,0.2073,0.2889
183,4,64.0048,-1.9290,0.5062,0.9994,-0.0347,0.0000,0.0347,0.9994,0.0000,0.0000,0.0000,1.0000,0.2820,0.2947,0.2062
183,5,64.1770,-1.7981,0.6614,0.9994,-0.0347,0.0000,0.0347,0.9994,0.0000,0.0000,0.0000,1.0000,0.1112,0.2100,0.3614
183,6,64.2706,-1.7818,0.4265,0.9994,-0.0347,0.0000,0.0347,0.9994,0.0000,0.0000,0.0000,1.0000,0.1972,0.1336,0.1265
183,7,64.3798,-1.7772,0.4491,0.9994,-0.0347,0.0000,0.0347,0.9994,0.0000,0.0000,0.0000,1.0000,0.1624,0.1625,0.0548
183,8,64.4086,-1.7350,0.4472,0.9994,-0.0347,0.0000,0.0347,0.9994,0.0000,0.0000,0.0000,1.0000,0.0831,0.2046,0.1050
183,9,64.4412,-1.6698,0.4544,0.9994,-0.0347,0.0000,0.0347,0.9994,0.0000,0.0000,0.0000,1.0000,0.0210,0.0279,0.0569
183,10,64.4830,-1.7312,0.4546,0.9994,-0.0347,0.0000,0.0347,0.9994,0.0000,0.0000,0.0000,1.0000,0.0210,0.0279,0.0569
184,0,65.0971,-1.6863,0.4400,0.9994,-0.0349,0.0000,0.0349,0.9994,0.0000,0.0000,0.0000,1.0000,0.2577,0.2263,0.1400
184,1,65.1053,-1.6837,0.6052,0.9994,-0.0349,0.0000,0.0349,0.9994,0.0000,0.0000,0.0000,1.0000,0.1100,0.2168,0.3052
184,2,65.1790,-1.7466,0.5173,0.9994,-0.0349,0.0000,0.0349,0.9994,0.0000,0.0000,0.0000,1.0000,0.1101,0.3070,0.2173
184,3,65.1953,-1.9239,0.5889,0.9994,-0.0349,0.0000,0.0349,0.9994,0.0000,0.0000,0.0000,1.0000,0.2836,0.2073,0.2889
184,4,65.3117,-1.9745,0.5062,0.9994,-0.0349,0.0000,0.0349,0.9994,0.0000,0.0000,0.0000,1.0000,0.2820,0.2947,0.2062
184,5,65.4839,-1.8437,0.6614,0.9994,-0.0349,0.0000,0.0349,0.9994,0.0000,0.0000,0.0000,1.0000,0.1112,0.2100,0.3614
184,6,65.5776,-1.8274,0.4265,0.9994,-0.0349,0.0000,0.0349,0.9994,0.0000,0.0000,0.0000,1.0000,0.1972,0.1336,0.1265
184,7,65.6867,-1.8228,0.4491,0.9994,-0.0349,0.0000,0.0349,0.9994,0.0000,0.0000,0.0000,1.0000,0.1624,0.1625,0.0548
184,8,65.7156,-1.7806,0.4472,0.9994,-0.0349,0.0000,0.0349,0.9994,0.0000,0.0000,0.0000,1.0000,0.0831,0.2046,0.1050
184,9,65.7482,-1.7154,0.4544,0.9994,-0.0349,0.0000,0.0349,0.9994,0.0000,0.0000,0.0000,1.0000,0.0210,0.0279,0.0569
184,10,65.7900,-1.7768,0.4546,0.9994,-0.0349,0.0000,0.0349,0.9994,0.0000,0.0000,0.0000,1.0000,0.0210,0.0279,0.0569
185,0,66.4078,-1.7322,0.4400,0.9994,-0.0352,0.0000,0.0352,0.9994,0.0000,0.0000,0.0000,1.0000,0.2577,0.2263,0.1400
185,1,66.4160,-1.7296,0.6052,0.9994,-0.0352,0.0000,0.0352,0.9994,0.0000,0.0000,0.0000,1.0000,0.1100,0.2168,0.3052
185,2,66.4897,-1.7925,0.5173,0.9994,-0.0352,0.0000,0.0352,0.9994,0.0000,0.0000,0.0000,1.0000,0.1101,0.3070,0.2173
185,3,66.5059,-1.9699,0.5889,0.9994,-0.0352,0.0000,0.0352,0.9994,0.0000,0.0000,0.0000,1.0000,0.2836,0.2073,0.2889
185,4,66.6223,-2.0205,0.5062,0.9994,-0.0352,0.0000,0.0352,0.9994,0.0000,0.0000,0.0000,1.0000,0.2820,0.2947,0.2062
185,5,66.7946,-1.8897,0.6614,0.9994,-0.0352,0.0000,0.0352,0.9994,0.0000,0.0000,0.0000,1.0000,0.1112,0.2100,0.3614
185,6,66.8882,-1.8735,0.4265,0.9994,-0.0352,0.0000,0.0352,0.9994,0.0000,0.0000,0.0000,1.0000,0.1972,0.1336,0.1265
185,7,66.9974,-1.8689,0.4491,0.9994,-0.0352,0.0000,0.0352,0.9994,0.0000,0.0000,0.0000,1.0000,0.1624,0.1625,0.0548
185,8,67.0263,-1.8267,0.4472,0.9994,-0.0352,0.0000,0.0352,0.9994,0.0000,0.0000,0.0000,1.0000,0.0831,0.2046,0.1050
185,9,67.0589,-1.7615,0.4544,0.9994,-0.0352,0.0000,0.0352,0.9994,0.0000,0.0000,0.0000,1.0000,0.0210,0.0279,0.0569
185,10,67.1007,-1.8229,0.4546,0.9994,-0.0352,0.0000,0.0352,0.9994,0.0000,0.0000,0.0000,1.0000,0.0210,0.0279,0.0569
186,0,67.7218,-1.7786,0.4400,0.9994,-0.0354,0.0000,0.0354,0.9994,0.0000,0.0000,0.0000,1.0000,0.2577,0.2263,0.1400
186,1,67.7300,-1.7760,0.6052,0.9994,-0.0354,0.0000,0.0354,0.9994,0.0000,0.0000,0.0000,1.0000,0.1100,0.2168,0.3052
186,2,67.8037,-1.8389,0.5173,0.9994,-0.0354,0.0000,0.0354,0.9994,0.0000,0.0000,0.0000,1.0000,0.1101,0.3070,0.2173
186,3,67.8199,-2.0163,0.5889,0.9994,-0.0354,0.0000,0.0354,0.9994,0.0000,0.0000,0.0000,1.0000,0.2836,0.2073,0.2889
186,4,67.9362,-2.0669,0.5062,0.9994,-0.0354,0.0000,0.0354,0.9994,0.0000,0.0000,0.0000,1.0000,0.2820,0.2947,0.2062
186,5,68.1086,-1.9362,0.6614,0.9994,-0.0354,0.0000,0.0354,0.9994,0.0000,0.0000,0.0000,1.0000,0.1112,0.2100,0.3614
186,6,68.2022,-1.9200,0.4265,0.9994,-0.0354,0.0000,0.0354,0.9994,0.0000,0.0000,0.0000,1.0000,0.1972,0.1336,0.1265
186,7,68.3113,-1.9154,0.4491,0.9994,-0.0354,0.0000,0.0354,0.9994,0.0000,0.0000,0.0000,1.0000,0.1624,0.1625,0.0548
186,8,68.3403,-1.8732,0.4472,0.9994,-0.0354,0.0000,0.0354,0.9994,0.0000,0.0000,0.0000,1.0000,0.0831,0.2046,0.1050
186,9,68.3729,-1.8080,0.4544,0.9994,-0.0354,0.0000,0.0354,0.9994,0.0000,0.0000,0.0000,1.0000,0.0210,0.0279,0.0569
186,10,68.4146,-1.8694,0.4546,0.9994,-0.0354,0.0000,0.0354,0.9994,0.0000,0.0000,0.0000,1.0000,0.0210,0.0279,0.0569
187,0,69.0385,-1.8251,0.4400,0.9994,-0.0353,0.0000,0.0353,0.9994,0.0000,0.0000,0.0000,1.0000,0.2577,0.2263,0.1400
187,1,69.0467,-1.8225,0.6052,0.9994,-0.0353,0.0000,0.0353,0.9994,0.0000,0.0000,0.0000,1.0000,0.1100,0.2168,0.3052
187,2,69.1205,-1.8855,0.5173,0.9994,-0.0353,0.0000,0.0353,0.9994,0.0000,0.0000,0.0000,1.0000,0.1101,0.3070,0.2173
187,3,69.1366,-2.0629,0.5889,0.9994,-0.0353,0.0000,0.0353,0.9994,0.0000,0.0000,0.0000,1.0000,0.2836,0.2073,0.2889
187,4,69.2530,-2.1135,0.5062,0.9994,-0.0353,0.0000,0.0353,0.9994,0.0000,0.0000,0.0000,1.0000,0.2820,0.2947,0.2062
187,5,69.4253,-1.9827,0.6614,0.9994,-0.0353,0.0000,0.0353,0.9994,0.0000,0.0000,0.0000,1.0000,0.1112,0.2100,0.3614
187,6,69.5189,-1.9665,0.4265,0.9994,-0.0353,0.0000,0.0353,0.9994,0.0000,0.0000,0.0000,1.0000,0.1972,0.1336,0.1265
187,7,69.6281,-1.9619,0.4491,0.9994,-0.0353,0.0000,0.0353,0.9994,0.0000,0.0000,0.0000,1.0000,0.1624,0.1625,0.0548
187,8,69.6570,-1.9197,0.4472,0.9994,-0.0353,0.0000,0.0353,0.9994,0.0000,0.0000,0.0000,1.0000,0.0831,0.2046,0.1050
187,9,69.6896,-1.8546,0.4544,0.9994,-0.0353,0.0000,0.0353,0.9994,0.0000,0.0000,0.0000,1.0000,0.0210,0.0279,0.0569
187,10,69.7314,-1.9160,0.4546,0.9994,-0.0353,0.0000,0.0353,0.9994,0.0000,0.0000,0.0000,1.0000,0.0210,0.0279,0.0569
188,0,70.3576,-1.8718,0.4400,0.9994,-0.0354,0.0000,0.0354,0.9994,0.0000,0.0000,0.0000,1.0000,0.2577,0.2263,0.1400
188,1,70.3658,-1.8692,0.6052,0.9994,-0.0354,0.0000,0.0354,0.9994,0.0000,0.0000,0.0000,1.0000,0.1100,0.2168,0.3052
188,2,70.4395,-1.9321,0.5173,0.9994,-0.0354,0.0000,0.0354,0.9994,0.0000,0.0000,0.0000,1.0000,0.1101,0.3070,0.2173
188,3,70.4557,-2.1095,0.5889,0.9994,-0.0354,0.0000,0.0354,0.9994,0.0000,0.0000,0.0000,1.0000,0.2836,0.2073,0.2889
188,4,70.5721,-2.1602,0.5062,0.9994,-0.0354,0.0000,0.0354,0.9994,0.0000,0.0000,0.0000,1.0000,0.2820,0.2947,0.2062
188,5,70.7444,-2.0294,0.6614,0.9994,-0.0354,0.0000,0.0354,0.9994,0.0000,0.0000,0.0000,1.0000,0.1112,0.2100,0.3614
188,6,70.8380,-2.0132,0.4265,0.9994,-0.0354,0.0000,0.0354,0.9994,0.0000,0.0000,0.0000,1.0000,0.1972,0.1336,0.1265
188,7,70.9472,-2.0086,0.4491,0.9994,-0.0354,0.0000,0.0354,0.9994,0.0000,0.0000,0.0000,1.0000,0.1624,0.1625,0.0548
188,8,70.9761,-1.9664,0.4472,0.9994,-0.0354,0.0000,0.0354,0.9994,0.0000,0.0000,0.0000,1.0000,0.0831,0.2046,0.1050
188,9,71.0087,-1.9013,0.4544,0.9994,-0.0354,0.0000,0.0354,0.9994,0.0000,0.0000,0.0000,1.0000,0.0210,0.0279,0.0569
188,10,71.0504,-1.9627,0.4546,0.9994,-0.0354,0.0000,0.0354,0.9994,0.0000,0.0000,0.0000,1.0000,0.0210,0.0279,0.0569
189,0,71.6791,-1.9187,0.4400,0.9994,-0.0355,0.0000,0.0355,0.9994,0.0000,0.0000,0.0000,1.0000,0.2577,0.2263,0.1400
189,1,71.6873,-1.9161,0.6052,0.9994,-0.0355,0.0000,0.0355,0.9994,0.0000,0.0000,0.0000,1.0000,0.1100,0.2168,0.3052
189,2,71.7610,-1.9790,0.5173,0.9994,-0.0355,0.0000,0.0355,0.9994,0.0000,0.0000,0.0000,1.0000,0.1101,0.3070,0.2173
189,3,71.7771,-2.1564,0.5889,0.9994,-0.0355,0.0000,0.0355,0.9994,0.0000,0.0000,0.0000,1.0000,0.2836,0.2073,0.2889
189,4,71.8935,-2.2071,0.5062,0.9994,-0.0355,0.0000,0.0355,0.9994,0.0000,0.0000,0.0000,1.0000,0.2820,0.2947,0.2062
189,5,72.0658,-2.0763,0.6614,0.9994,-0.0355,0.0000,0.0355,0.9994,0.0000,0.0000,0.0000,1.0000,0.1112,0.2100,0.3614
189,6,72.1594,-2.0601,0.4265,0.9994,-0.0355,0.0000,0.0355,0.9994,0.0000,0.0000,0.0000,1.0000,0.1972,0.1336,0.1265
189,7,72.2686,-2.0556,0.4491,0.9994,-0.0355,0.0000,0.0355,0.9994,0.0000,0.0000,0.0000,1.0000,0.1624,0.1625,0.0548
189,8,72.2975,-2.0134,0.4472,0.9994,-0.0355,0.0000,0.0355,0.9994,0.0000,0.0000,0.0000,1.0000,0.0831,0.2046,0.1050
189,9,72.3301,-1.9482,0.4544,0.9994,-0.0355,0.0000,0.0355,0.9994,0.0000,0.0000,0.0000,1.0000,0.0210,0.0279,0.0569
189,10,72.3719,-2.0096,0.4546,0.9994,-0.0355,0.0000,0.0355,0.9994,0.0000,0.0000,0.0000,1.0000,0.0210,0.0279,0.0569
190,0,73.0031,-1.9662,0.4400,0.9993,-0.0362,0.0000,0.0362,0.9993,0.0000,0.0000,0.0000,1.0000,0.2577,0.2263,0.1400
190,1,73.0113,-1.9636,0.6052,0.9993,-0.0362,0.0000,0.0362,0.9993,0.0000,0.0000,0.0000,1.0000,0.1100,0.2168,0.3052
190,2,73.0850,-2.0266,0.5173,0.9993,-0.0362,0.0000,0.0362,0.9993,0.0000,0.0000,0.0000,1.0000,0.1101,0.3070,0.2173
190,3,73.1010,-2.2040,0.5889,0.9993,-0.0362,0.0000,0.0362,0.9993,0.0000,0.0000,0.0000,1.0000,0.2836,0.2073,0.2889
190,4,73.2173,-2.2547,0.5062,0.9993,-0.0362,0.0000,0.0362,0.9993,0.0000,0.0000,0.0000,1.0000,0.2820,0.2947,0.2062
190,5,73.3898,-2.1241,0.6614,0.9993,-0.0362,0.0000,0.0362,0.9993,0.0000,0.0000,0.0000,1.0000,0.1112,0.2100,0.3614
190,6,73.4834,-2.1080,0.4265,0.9993,-0.0362,0.0000,0.0362,0.9993,0.0000,0.0000,0.0000,1.0000,0.1972,0.1336,0.1265
190,7,73.5925,-2.1035,0.4491,0.9993,-0.0362,0.0000,0.0362,0.9993,0.0000,0.0000,0.0000,1.0000,0.1624,0.1625,0.0548
190,8,73.6215,-2.0613,0.4472,0.9993,-0.0362,0.0000,0.0362,0.9993,0.0000,0.0000,0.0000,1.0000,0.0831,0.2046,0.1050
190,9,73.6542,-1.9962,0.4544,0.9993,-0.0362,0.0000,0.0362,0.9993,0.0000,0.0000,0.0000,1.0000,0.0210,0.0279,0.0569
190,10,73.6959,-2.0576,0.4546,0.9993,-0.0362,0.0000,0.0362,0.9993,0.0000,0.0000,0.0000,1.0000,0.0210,0.0279,0.0569
191,0,74.3302,-2.0142,0.4400,0.9994,-0.0360,0.0000,0.0360,0.9994,0.0000,0.0000,0.0000,1.0000,0.2577,0.2263,0.1400
191,1,74.3384,-2.0116,0.6052,0.9994,-0.0360,0.0000,0.0360,0.9994,0.0000,0.0000,0.0000,1.0000,0.1100,0.2168,0.3052
191,2,74.4121,-2.0746,0.5173,0.9994,-0.0360,0.0000,0.0360,0.9994,0.0000,0.0000,0.0000,1.0000,0.1101,0.3070,0.2173
191,3,74.4281,-2.2520,0.5889,0.9994,-0.0360,0.0000,0.0360,0.9994,0.0000,0.0000,0.0000,1.0000,0.2836,0.2073,0.2889
191,4,74.5445,-2.3027,0.5062,0.9994,-0.0360,0.0000,0.0360,0.9994,0.0000,0.0000,0.0000,1.0000,0.2820,0.2947,0.2062
191,5,74.7169,-2.1720,0.6614,0.9994,-0.0360,0.0000,0.0360,0.9994,0.0000,0.0000,0.0000,1.0000,0.1112,0.2100,0.3614
191,6,74.8105,-2.1559,0.4265,0.9994,-0.0360,0.0000,0.0360,0.9994,0.0000,0.0000,0.0000,1.0000,0.1972,0.1336,0.1265
191,7,74.9197,-2.1514,0.4491,0.9994,-0.0360,0.0000,0.0360,0.9994,0.0000,0.0000,0.0000,1.0000,0.1624,0.1625,0.0548
191,8,74.9486,-2.1092,0.4472,0.9994,-0.0360,0.0000,0.0360,0.9994,0.0000,0.0000,0.0000,1.0000,0.0831,0.2046,0.1050
191,9,74.9813,-2.0441,0.4544,0.9994,-0.0360,0.0000,0.0360,0.9994,0.0000,0.0000,0.0000,1.0000,0.0210,0.0279,0.0569
191,10,75.0230,-2.1055,0.4546,0.9994,-0.0360,0.0000,0.0360,0.9994,0.0000,0.0000,0.0000,1.0000,0.0210,0.0279,0.0569
192,0,0.8682,-0.0081,0.4400,1.0000,-0.0005,0.0000,0.0005,1.0000,0.0000,0.0000,0.0000,1.0000,0.2577,0.2263,0.1400
192,1,0.8763,-0.0052,0.6052,1.0000,-0.0005,0.0000,0.0005,1.0000,0.0000,0.0000,0.0000,1.0000,0.1100,0.2168,0.3052
192,2,0.9521,-0.0655,0.5173,1.0000,-0.0005,0.0000,0.0005,1.0000,0.0000,0.0000,0.0000,1.0000,0.1101,0.3070,0.2173
192,3,0.9745,-0.2422,0.5889,1.0000,-0.0005,0.0000,0.0005,1.0000,0.0000,0.0000,0.0000,1.0000,0.2836,0.2073,0.2889
192,4,1.0925,-0.2888,0.5062,1.0000,-0.0005,0.0000,0.0005,1.0000,0.0000,0.0000,0.0000,1.0000,0.2820,0.2947,0.2062
192,5,1.2602,-0.1521,0.6614,1.0000,-0.0005,0.0000,0.0005,1.0000,0.0000,0.0000,0.0000,1.0000,0.1112,0.2100,0.3614
192,6,1.3532,-0.1326,0.4265,1.0000,-0.0005,0.0000,0.0005,1.0000,0.0000,0.0000,0.0000,1.0000,0.1972,0.1336,0.1265
192,7,1.4621,-0.1243,0.4491,1.0000,-0.0005,0.0000,0.0005,1.0000,0.0000,0.0000,0.0000,1.0000,0.1624,0.1625,0.0548
192,8,1.4895,-0.0811,0.4472,1.0000,-0.0005,0.0000,0.0005,1.0000,0.0000,0.0000,0.0000,1.0000,0.0831,0.2046,0.1050
192,9,1.5199,-0.0148,0.4544,1.0000,-0.0005,0.0000,0.0005,1.0000,0.0000,0.0000,0.0000,1.0000,0.0210,0.0279,0.0569
192,10,1.5637,-0.0747,0.4546,1.0000,-0.0005,0.0000,0.0005,1.0000,0.0000,0.0000,0.0000,1.0000,0.0210,0.0279,0.0569
193,0,1.7888,-0.0088,0.4400,1.0000,-0.0011,0.0000,0.0011,1.0000,0.0000,0.0000,0.0000,1.0000,0.2577,0.2263,0.1400
193,1,1.7969,-0.0059,0.6052,1.0000,-0.0011,0.0000,0.0011,1.0000,0.0000,0.0000,0.0000,1.0000,0.1100,0.2168,0.3052
193,2,1.8728,-0.0663,0.5173,1.0000,-0.0011,0.0000,0.0011,1.0000,0.0000,0.0000,0.0000,1.0000,0.1101,0.3070,0.2173
193,3,1.8950,-0.2430,0.5889,1.0000,-0.0011,0.0000,0.0011,1.0000,0.0000,0.0000,0.0000,1.0000,0.2836,0.2073,0.2889
193,4,2.0130,-0.2897,0.5062,1.0000,-0.0011,0.0000,0.0011,1.0000,0.0000,0.0000,0.0000,1.0000,0.2820,0.2947,0.2062
193,5,2.1808,-0.1530,0.6614,1.0000,-0.0011,0.0000,0.0011,1.0000,0.0000,0.0000,0.0000,1.0000,0.1112,0.2100,0.3614
193,6,2.2738,-0.1336,0.4265,1.0000,-0.0011,0.0000,0.0011,1.0000,0.0000,0.0000,0.0000,1.0000,0.1972,0.1336,0.1265
193,7,2.3827,-0.1254,0.4491,1.0000,-0.0011,0.0000,0.0011,1.0000,0.0000,0.0000,0.0000,1.0000,0.1624,0.1625,0.0548
193,8,2.4102,-0.0822,0.4472,1.0000,-0.0011,0.0000,0.0011,1.0000,0.0000,0.0000,0.0000,1.0000,0.0831,0.2046,0.1050
193,9,2.4405,-0.0159,0.4544,1.0000,-0.0011,0.0000,0.0011,1.0000,0.0000,0.0000,0.0000,1.0000,0.0210,0.0279,0.0569
193,10,2.4844,-0.0759,0.4546,1.0000,-0.0011,0.0000,0.0011,1.0000,0.0000,0.0000,0.0000,1.0000,0.0210,0.0279,0.0569
194,0,2.7220,-0.0101,0.4400,1.0000,-0.0017,0.0000,0.0017,1.0000,0.0000,0.0000,0.0000,1.0000,0.2577,0.2263,0.1400
194,1,2.7301,-0.0072,0.6052,1.0000,-0.0017,0.0000,0.0017,1.0000,0.0000,0.0000,0.0000,1.0000,0.1100,0.2168,0.3052
194,2,2.8059,-0.0676,0.5173,1.0000,-0.0017,0.0000,0.0017,1.0000,0.0000,0.0000,0.0000,1.0000,0.1101,0.3070,0.2173
194,3,2.8280,-0.2444,0.5889,1.0000,-0.0017,0.0000,0.0017,1.0000,0.0000,0.0000,0.0000,1.0000,0.2836,0.2073,0.2889
194,4,2.9460,-0.2911,0.5062,1.0000,-0.0017,0.0000,0.0017,1.0000,0.0000,0.0000,0.0000,1.0000,0.2820,0.2947,0.2062
194,5,3.1138,-0.1545,0.6614,1.0000,-0.0017,0.0000,0.0017,1.0000,0.0000,0.0000,0.0000,1.0000,0.1112,0.2100,0.3614
194,6,3.2069,-0.1352,0.4265,1.0000,-0.0017,0.0000,0.0017,1.0000,0.0000,0.0000,0.0000,1.0000,0.1972,0.1336,0.1265
194,7,3.3158,-0.1270,0.4491,1.0000,-0.0017,0.0000,0.0017,1.0000,0.0000,0.0000,0.0000,1.0000,0.1624,0.1625,0.0548
194,8,3.3433,-0.0838,0.4472,1.0000,-0.0017,0.0000,0.0017,1.0000,0.0000,0.0000,0.0000,1.0000,0.0831,0.2046,0.1050
194,9,3.3737,-0.0176,0.4544,1.0000,-0.0017,0.0000,0.0017,1.0000,0.0000,0.0000,0.0000,1.0000,0.0210,0.0279,0.0569
194,10,3.4175,-0.0776,0.4546,1.0000,-0.0017,0.0000,0.0017,1.0000,0.0000,0.0000,0.0000,1.0000,0.0210,0.0279,0.0569
195,0,3.6677,-0.0119,0.4400,1.0000,-0.0022,0.0000,0.0022,1.0000,0.0000,0.0000,0.0000,1.0000,0.2577,0.2263,0.1400
195,1,3.6759,-0.0090,0.6052,1.0000,-0.0022,0.0000,0.0022,1.0000,0.0000,0.0000,0.0000,1.0000,0.1100,0.2168,0.3052
195,2,3.7516,-0.0695,0.5173,1.0000,-0.0022,0.0000,0.0022,1.0000,0.0000,0.0000,0.0000,1.0000,0.1101,0.3070,0.2173
195,3,3.7736,-0.2462,0.5889,1.0000,-0.0022,0.0000,0.0022,1.0000,0.0000,0.0000,0.0000,1.0000,0.2836,0.2073,0.2889
195,4,3.8916,-0.2930,0.5062,1.0000,-0.0022,0.0000,0.0022,1.0000,0.0000,0.0000,0.0000,1.0000,0.2820,0.2947,0.2062
195,5,4.0595,-0.1565,0.6614,1.0000,-0.0022,0.0000,0.0022,1.0000,0.0000,0.0000,0.0000,1.0000,0.1112,0.2100,0.3614
195,6,4.1526,-0.1372,0.4265,1.0000,-0.0022,0.0000,0.0022,1.0000,0.0000,0.0000,0.0000,1.0000,0.1972,0.1336,0.1265
195,7,4.2615,-0.1291,0.4491,1.0000,-0.0022,0.0000,0.0022,1.0000,0.0000,0.0000,0.0000,1.0000,0.1624,0.1625,0.0548
195,8,4.2890,-0.0859,0.4472,1.0000,-0.0022,0.0000,0.0022,1.0000,0.0000,0.0000,0.0000,1.0000,0.0831,0.2046,0.1050
195,9,4.3194,-0.0197,0.4544,1.0000,-0.0022,0.0000,0.0022,1.0000,0.0000,0.0000,0.0000,1.0000,0.0210,0.0279,0.0569
195,10,4.3632,-0.0797,0.4546,1.0000,-0.0022,0.0000,0.0022,1.0000,0.0000,0.0000,0.0000,1.0000,0.0210,0.0279,0.0569
196,0,4.6257,-0.0141,0.4400,1.0000,-0.0025,0.0000,0.0025,1.0000,0.0000,0.0000,0.0000,1.0000,0.2577,0.2263,0.1400
196,1,4.6338,-0.0112,0.6052,1.0000,-0.0025,0.0000,0.0025,1.0000,0.0000,0.0000,0.0000,1.0000,0.1100,0.2168,0.3052
196,2,4.7096,-0.0717,0.5173,1.0000,-0.0025,0.0000,0.0025,1.0000,0.0000,0.0000,0.0000,1.0000,0.1101,0.3070,0.2173
196,3,4.7315,-0.2485,0.5889,1.0000,-0.0025,0.0000,0.0025,1.0000,0.0000,0.0000,0.0000,1.0000,0.2836,0.2073,0.2889
196,4,4.8495,-0.2953,0.5062,1.0000,-0.0025,0.0000,0.0025,1.0000,0.0000,0.0000,0.0000,1.0000,0.2820,0.2947,0.2062
196,5,5.0174,-0.1589,0.6614,1.0000,-0.0025,0.0000,0.0025,1.0000,0.0000,0.0000,0.0000,1.0000,0.1112,0.2100,0.3614
196,6,5.1105,-0.1397,0.4265,1.0000,-0.0025,0.0000,0.0025,1.0000,0.0000,0.0000,0.0000,1.0000,0.1972,0.1336,0.1265
196,7,5.2194,-0.1315,0.4491,1.0000,-0.0025,0.0000,0.0025,1.0000,0.0000,0.0000,0.0000,1.0000,0.1624,0.1625,0.0548
196,8,5.2469,-0.0884,0.4472,1.0000,-0.0025,0.0000,0.0025,1.0000,0.0000,0.0000,0.0000,1.0000,0.0831,0.2046,0.1050
196,9,5.2774,-0.0222,0.4544,1.0000,-0.0025,0.0000,0.0025,1.0000,0.0000,0.0000,0.0000,1.0000,0.0210,0.0279,0.0569
196,10,5.3211,-0.0822,0.4546,1.0000,-0.0025,0.0000,0.0025,1.0000,0.0000,0.0000,0.0000,1.0000,0.0210,0.0279,0.0569
197,0,5.5953,-0.0167,0.4400,1.0000,-0.0029,0.0000,0.0029,1.0000,0.0000,0.0000,0.0000,1.0000,0.2577,0.2263,0.1400
197,1,5.6035,-0.0139,0.6052,1.0000,-0.0029,0.0000,0.0029,1.0000,0.0000,0.0000,0.0000,1.0000,0.1100,0.2168,0.3052
197,2,5.6792,-0.0744,0.5173,1.0000,-0.0029,0.0000,0.0029,1.0000,0.0000,0.0000,0.0000,1.0000,0.1101,0.3070,0.2173
197,3,5.7011,-0.2511,0.5889,1.0000,-0.0029,0.0000,0.0029,1.0000,0.0000,0.0000,0.0000,1.0000,0.2836,0.2073,0.2889
197,4,5.8190,-0.2980,0.5062,1.0000,-0.0029,0.0000,0.0029,1.0000,0.0000,0.0000,0.0000,1.0000,0.2820,0.2947,0.2062
197,5,5.9870,-0.1617,0.6614,1.0000,-0.0029,0.0000,0.0029,1.0000,0.0000,0.0000,0.0000,1.0000,0.1112,0.2100,0.3614
197,6,6.0801,-0.1424,0.4265,1.0000,-0.0029,0.0000,0.0029,1.0000,0.0000,0.0000,0.0000,1.0000,0.1972,0.1336,0.1265
197,7,6.1890,-0.1343,0.4491,1.0000,-0.0029,0.0000,0.0029,1.0000,0.0000,0.0000,0.0000,1.0000,0.1624,0.1625,0.0548
197,8,6.2165,-0.0912,0.4472,1.0000,-0.0029,0.0000,0.0029,1.0000,0.0000,0.0000,0.0000,1.0000,0.0831,0.2046,0.1050
197,9,6.2470,-0.0250,0.4544,1.0000,-0.0029,0.0000,0.0029,1.0000,0.0000,0.0000,0.0000,1.0000,0.0210,0.0279,0.0569
197,10,6.2907,-0.0850,0.4546,1.0000,-0.0029,0.0000,0.0029,1.0000,0.0000,0.0000,0.0000,1.0000,0.0210,0.0279,0.0569
198,0,6.5763,-0.0197,0.4400,1.0000,-0.0033,0.0000,0.0033,1.0000,0.0000,0.0000,0.0000,1.0000,0.2577,0.2263,0.1400
198,1,6.5844,-0.0169,0.6052,1.0000,-0.0033,0.0000,0.0033,1.0000,0.0000,0.0000,0.0000,1.0000,0.1100,0.2168,0.3052
198,2,6.6601,-0.0774,0.5173,1.0000,-0.0033,0.0000,0.0033,1.0000,0.0000,0.0000,0.0000,1.0000,0.1101,0.3070,0.2173
198,3,6.6819,-0.2542,0.5889,1.0000,-0.0033,0.0000,0.0033,1.0000,0.0000,0.0000,0.0000,1.0000,0.2836,0.2073,0.2889
198,4,6.7999,-0.3011,0.5062,1.0000,-0.0033,0.0000,0.0033,1.0000,0.0000,0.0000,0.0000,1.0000,0.2820,0.2947,0.2062
198,5,6.9679,-0.1648,0.6614,1.0000,-0.0033,0.0000,0.0033,1.0000,0.0000,0.0000,0.0000,1.0000,0.1112,0.2100,0.3614
198,6,7.0610,-0.1456,0.4265,1.0000,-0.0033,0.0000,0.0033,1.0000,0.0000,0.0000,0.0000,1.0000,0.1972,0.1336,0.1265
198,7,7.1699,-0.1376,0.4491,1.0000,-0.0033,0.0000,0.0033,1.0000,0.0000,0.0000,0.0000,1.0000,0.1624,0.1625,0.0548
198,8,7.1974,-0.0945,0.4472,1.0000,-0.0033,0.0000,0.0033,1.0000,0.0000,0.0000,0.0000,1.0000,0.0831,0.2046,0.1050
198,9,7.2280,-0.0283,0.4544,1.0000,-0.0033,0.0000,0.0033,1.0000,0.0000,0.0000,0.0000,1.0000,0.0210,0.0279,0.0569
198,10,7.2717,-0.0883,0.4546,1.0000,-0.0033,0.0000,0.0033,1.0000,0.0000,0.0000,0.0000,1.0000,0.0210,0.0279,0.0569
199,0,7.5684,-0.0231,0.4400,1.0000,-0.0036,0.0000,0.0036,1.0000,0.0000,0.0000,0.0000,1.0000,0.2577,0.2263,0.1400
199,1,7.5765,-0.0203,0.6052,1.0000,-0.0036,0.0000,0.0036,1.0000,0.0000,0.0000,0.0000,1.0000,0.1100,0.2168,0.3052
199,2,7.6522,-0.0809,0.5173,1.0000,-0.0036,0.0000,0.0036,1.0000,0.0000,0.0000,0.0000,1.0000,0.1101,0.3070,0.2173
199,3,7.6739,-0.2576,0.5889,1.0000,-0.0036,0.0000,0.0036,1.0000,0.0000,0.0000,0.0000,1.0000,0.2836,0.2073,0.2889
199,4,7.7919,-0.3046,0.5062,1.0000,-0.0036,0.0000,0.0036,1.0000,0.0000,0.0000,0.0000,1.0000,0.2820,0.2947,0.2062
199,5,7.9600,-0.1684,0.6614,1.0000,-0.0036,0.0000,0.0036,1.0000,0.0000,0.0000,0.0000,1.0000,0.1112,0.2100,0.3614
199,6,8.0530,-0.1492,0.4265,1.0000,-0.0036,0.0000,0.0036,1.0000,0.0000,0.0000,0.0000,1.0000,0.1972,0.1336,0.1265
199,7,8.1620,-0.1412,0.4491,1.0000,-0.0036,0.0000,0.0036,1.0000,0.0000,0.0000,0.0000,1.0000,0.1624,0.1625,0.0548
199,8,8.1895,-0.0981,0.4472,1.0000,-0.0036,0.0000,0.0036,1.0000,0.0000,0.0000,0.0000,1.0000,0.0831,0.2046,0.1050
199,9,8.2200,-0.0319,0.4544,1.0000,-0.0036,0.0000,0.0036,1.0000,0.0000,0.0000,0.0000,1.0000,0.0210,0.0279,0.0569
199,10,8.2637,-0.0920,0.4546,1.0000,-0.0036,0.0000,0.0036,1.0000,0.0000,0.0000,0.0000,1.0000,0.0210,0.0279,0.0569
200,0,8.5715,-0.0269,0.4400,1.0000,-0.0039,0.0000,0.0039,1.0000,0.0000,0.0000,0.0000,1.0000,0.2577,0.2263,0.1400
200,1,8.5796,-0.0241,0.6052,1.0000,-0.0039,0.0000,0.0039,1.0000,0.0000,0.0000,0.0000,1.0000,0.1100,0.2168,0.3052
200,2,8.6553,-0.0846,0.5173,1.0000,-0.0039,0.0000,0.0039,1.0000,0.0000,0.0000,0.0000,1.0000,0.1101,0.3070,0.2173
200,3,8.6770,-0.2614,0.5889,1.0000,-0.0039,0.0000,0.0039,1.0000,0.0000,0.0000,0.0000,1.0000,0.2836,0.2073,0.2889
200,4,8.7949,-0.3084,0.5062,1.0000,-0.0039,0.0000,0.0039,1.0000,0.0000,0.0000,0.0000,1.0000,0.2820,0.2947,0.2062
200,5,8.9630,-0.1722,0.6614,1.0000,-0.0039,0.0000,0.0039,1.0000,0.0000,0.0000,0.0000,1.0000,0.1112,0.2100,0.3614
200,6,9.0561,-0.1531,0.4265,1.0000,-0.0039,0.0000,0.0039,1.0000,0.0000,0.0000,0.0000,1.0000,0.1972,0.1336,0.1265
200,7,9.1650,-0.1451,0.4491,1.0000,-0.0039,0.0000,0.0039,1.0000,0.0000,0.0000,0.0000,1.0000,0.1624,0.1625,0.0548
200,8,9.1926,-0.1020,0.4472,1.0000,-0.0039,0.0000,0.0039,1.0000,0.0000,0.0000,0.0000,1.0000,0.0831,0.2046,0.1050
200,9,9.2232,-0.0359,0.4544,1.0000,-0.0039,0.0000,0.0039,1.0000,0.0000,0.0000,0.0000,1.0000,0.0210,0.0279,0.0569
200,10,9.2668,-0.0959,0.4546,1.0000,-0.0039,0.0000,0.0039,1.0000,0.0000,0.0000,0.0000,1.0000,0.0210,0.0279,0.0569
201,0,9.5855,-0.0310,0.4400,1.0000,-0.0042,0.0000,0.0042,1.0000,0.0000,0.0000,0.0000,1.0000,0.2577,0.2263,0.1400
201,1,9.5936,-0.0281,0.6052,1.0000,-0.0042,0.0000,0.0042,1.0000,0.0000,0.0000,0.0000,1.0000,0.1100,0.2168,0.3052
201,2,9.6692,-0.0888,0.5173,1.0000,-0.0042,0.0000,0.0042,1.0000,0.0000,0.0000,0.0000,1.0000,0.1101,0.3070,0.2173
201,3,9.6909,-0.2656,0.5889,1.0000,-0.0042,0.0000,0.0042,1.0000,0.0000,0.0000,0.0000,1.0000,0.2836,0.2073,0.2889
201,4,9.8088,-0.3125,0.5062,1.0000,-0.0042,0.0000,0.0042,1.0000,0.0000,0.0000,0.0000,1.0000,0.2820,0.2947,0.2062
201,5,9.9770,-0.1764,0.6614,1.0000,-0.0042,0.0000,0.0042,1.0000,0.0000,0.0000,0.0000,1.0000,0.1112,0.2100,0.3614
201,6,10.0700,-0.1573,0.4265,1.0000,-0.0042,0.0000,0.0042,1.0000,0.0000,0.0000,0.0000,1.0000,0.1972,0.1336,0.1265
201,7,10.1790,-0.1494,0.4491,1.0000,-0.0042,0.0000,0.0042,1.0000,0.0000,0.0000,0.0000,1.0000,0.1624,0.1625,0.0548
201,8,10.2066,-0.1063,0.4472,1.0000,-0.0042,0.0000,0.0042,1.0000,0.0000,0.0000,0.0000,1.0000,0.0831,0.2046,0.1050
201,9,10.2371,-0.0401,0.4544,1.0000,-0.0042,0.0000,0.0042,1.0000,0.0000,0.0000,0.0000,1.0000,0.0210,0.0279,0.0569
201,10,10.2808,-0.1002,0.4546,1.0000,-0.0042,0.0000,0.0042,1.0000,0.0000,0.0000,0.0000,1.0000,0.0210,0.0279,0.0569
202,0,10.6104,-0.0354,0.4400,1.0000,-0.0044,0.0000,0.0044,1.0000,0.0000,0.0000,0.0000,1.0000,0.2577,0.2263,0.1400
202,1,10.6185,-0.0325,0.6052,1.0000,-0.0044,0.0000,0.0044,1.0000,0.0000,0.0000,0.0000,1.0000,0.1100,0.2168,0.3052
202,2,10.6941,-0.0932,0.5173,1.0000,-0.0044,0.0000,0.0044,1.0000,0.0000,0.0000,0.0000,1.0000,0.1101,0.3070,0.2173
202,3,10.7158,-0.2700,0.5889,1.0000,-0.0044,0.0000,0.0044,1.0000,0.0000,0.0000,0.0000,1.0000,0.2836,0.2073,0.2889
202,4,10.8337,-0.3170,0.5062,1.0000,-0.0044,0.0000,0.0044,1.0000,0.0000,0.0000,0.0000,1.0000,0.2820,0.2947,0.2062
202,5,11.0019,-0.1809,0.6614,1.0000,-0.0044,0.0000,0.0044,1.0000,0.0000,0.0000,0.0000,1.0000,0.1112,0.2100,0.3614
202,6,11.0949,-0.1618,0.4265,1.0000,-0.0044,0.0000,0.0044,1.0000,0.0000,0.0000,0.0000,1.0000,0.1972,0.1336,0.1265
202,7,11.2039,-0.1539,0.4491,1.0000,-0.0044,0.0000,0.0044,1.0000,0.0000,0.0000,0.0000,1.0000,0.1624,0.1625,0.0548
202,8,11.2315,-0.1108,0.4472,1.0000,-0.0044,0.0000,0.0044,1.0000,0.0000,0.0000,0.0000,1.0000,0.0831,0.2046,0.1050
202,9,11.2621,-0.0446,0.4544,1.0000,-0.0044,0.0000,0.0044,1.0000,0.0000,0.0000,0.0000,1.0000,0.0210,0.0279,0.0569
202,10,11.3057,-0.1047,0.4546,1.0000,-0.0044,0.0000,0.0044,1.0000,0.0000,0.0000,0.0000,1.0000,0.0210,0.0279,0.0569
203,0,11.6469,-0.0399,0.4400,1.0000,-0.0043,0.0000,0.0043,1.0000,0.0000,0.0000,0.0000,1.0000,0.2577,0.2263,0.1400
203,1,11.6551,-0.0370,0.6052,1.0000,-0.0043,0.0000,0.0043,1.0000,0.0000,0.0000,0.0000,1.0000,0.1100,0.2168,0.3052
203,2,11.7307,-0.0977,0.5173,1.0000,-0.0043,0.0000,0.0043,1.0000,0.0000,0.0000,0.0000,1.0000,0.1101,0.3070,0.2173
203,3,11.7523,-0.2745,0.5889,1.0000,-0.0043,0.0000,0.0043,1.0000,0.0000,0.0000,0.0000,1.0000,0.2836,0.2073,0.2889
203,4,11.8702,-0.3215,0.5062,1.0000,-0.0043,0.0000,0.0043,1.0000,0.0000,0.0000,0.0000,1.0000,0.2820,0.2947,0.2062
203,5,12.0384,-0.1854,0.6614,1.0000,-0.0043,0.0000,0.0043,1.0000,0.0000,0.0000,0.0000,1.0000,0.1112,0.2100,0.3614
203,6,12.1315,-0.1663,0.4265,1.0000,-0.0043,0.0000,0.0043,1.0000,0.0000,0.0000,0.0000,1.0000,0.1972,0.1336,0.1265
203,7,12.2404,-0.1584,0.4491,1.0000,-0.0043,0.0000,0.0043,1.0000,0.0000,0.0000,0.0000,1.0000,0.1624,0.1625,0.0548
203,8,12.2680,-0.1153,0.4472,1.0000,-0.0043,0.0000,0.0043,1.0000,0.0000,0.0000,0.0000,1.0000,0.0831,0.2046,0.1050
203,9,12.2986,-0.0491,0.4544,1.0000,-0.0043,0.0000,0.0043,1.0000,0.0000,0.0000,0.0000,1.0000,0.0210,0.0279,0.0569
203,10,12.3422,-0.1092,0.4546,1.0000,-0.0043,0.0000,0.0043,1.0000,0.0000,0.0000,0.0000,1.0000,0.0210,0.0279,0.0569
204,0,12.6962,-0.0445,0.4400,1.0000,-0.0044,0.0000,0.0044,1.0000,0.0000,0.0000,0.0000,1.0000,0.2577,0.2263,0.1400
204,1,12.7043,-0.0416,0.6052,1.0000,-0.0044,0.0000,0.0044,1.0000,0.0000,0.0000,0.0000,1.0000,0.1100,0.2168,0.3052
204,2,12.7799,-0.1022,0.5173,1.0000,-0.0044,0.0000,0.0044,1.0000,0.0000,0.0000,0.0000,1.0000,0.1101,0.3070,0.2173
204,3,12.8015,-0.2790,0.5889,1.0000,-0.0044,0.0000,0.0044,1.0000,0.0000,0.0000,0.0000,1.0000,0.2836,0.2073,0.2889
204,4,12.9194,-0.3261,0.5062,1.0000,-0.0044,0.0000,0.0044,1.0000,0.0000,0.0000,0.0000,1.0000,0.2820,0.2947,0.2062
204,5,13.0876,-0.1900,0.6614,1.0000,-0.0044,0.0000,0.0044,1.0000,0.0000,0.0000,0.0000,1.0000,0.1112,0.2100,0.3614
204,6,13.1807,-0.1709,0.4265,1.0000,-0.0044,0.0000,0.0044,1.0000,0.0000,0.0000,0.0000,1.0000,0.1972,0.1336,0.1265
204,7,13.2896,-0.1630,0.4491,1.0000,-0.0044,0.0000,0.0044,1.0000,0.0000,0.0000,0.0000,1.0000,0.1624,0.1625,0.0548
204,8,13.3172,-0.1199,0.4472,1.0000,-0.0044,0.0000,0.0044,1.0000,0.0000,0.0000,0.0000,1.0000,0.0831,0.2046,0.1050
204,9,13.3478,-0.0537,0.4544,1.0000,-0.0044,0.0000,0.0044,1.0000,0.0000,0.0000,0.0000,1.0000,0.0210,0.0279,0.0569
204,10,13.3915,-0.1138,0.4546,1.0000,-0.0044,0.0000,0.0044,1.0000,0.0000,0.0000,0.0000,1.0000,0.0210,0.0279,0.0569
205,0,13.7589,-0.0492,0.4400,1.0000,-0.0046,0.0000,0.0046,1.0000,0.0000,0.0000,0.0000,1.0000,0.2577,0.2263,0.1400
205,1,13.7670,-0.0464,0.6052,1.0000,-0.0046,0.0000,0.0046,1.0000,0.0000,0.0000,0.0000,1.0000,0.1100,0.2168,0.3052
205,2,13.8426,-0.1070,0.5173,1.0000,-0.0046,0.0000,0.0046,1.0000,0.0000,0.0000,0.0000,1.0000,0.1101,0.3070,0.2173
205,3,13.8642,-0.2838,0.5889,1.0000,-0.0046,0.0000,0.0046,1.0000,0.0000,0.0000,0.0000,1.0000,0.2836,0.2073,0.2889
205,4,13.9821,-0.3309,0.5062,1.0000,-0.0046,0.0000,0.0046,1.0000,0.0000,0.0000,0.0000,1.0000,0.2820,0.2947,0.2062
205,5,14.1503,-0.1949,0.6614,1.0000,-0.0046,0.0000,0.0046,1.0000,0.0000,0.0000,0.0000,1.0000,0.1112,0.2100,0.3614
205,6,14.2434,-0.1758,0.4265,1.0000,-0.0046,0.0000,0.0046,1.0000,0.0000,0.0000,0.0000,1.0000,0.1972,0.1336,0.1265
205,7,14.3523,-0.1679,0.4491,1.0000,-0.0046,0.0000,0.0046,1.0000,0.0000,0.0000,0.0000,1.0000,0.1624,0.1625,0.0548
205,8,14.3799,-0.1248,0.4472,1.0000,-0.0046,0.0000,0.0046,1.0000,0.0000,0.0000,0.0000,1.0000,0.0831,0.2046,0.1050
205,9,14.4105,-0.0587,0.4544,1.0000,-0.0046,0.0000,0.0046,1.0000,0.0000,0.0000,0.0000,1.0000,0.0210,0.0279,0.0569
205,10,14.4542,-0.1188,0.4546,1.0000,-0.0046,0.0000,0.0046,1.0000,0.0000,0.0000,0.0000,1.0000,0.0210,0.0279,0.0569
206,0,14.8352,-0.0543,0.4400,1.0000,-0.0048,0.0000,0.0048,1.0000,0.0000,0.0000,0.0000,1.0000,0.2577,0.2263,0.1400
206,1,14.8433,-0.0514,0.6052,1.0000,-0.0048,0.0000,0.0048,1.0000,0.0000,0.0000,0.0000,1.0000,0.1100,0.2168,0.3052
206,2,14.9190,-0.1121,0.5173,1.0000,-0.0048,0.0000,0.0048,1.0000,0.0000,0.0000,0.0000,1.0000,0.1101,0.3070,0.2173
206,3,14.9405,-0.2889,0.5889,1.0000,-0.0048,0.0000,0.0048,1.0000,0.0000,0.0000,0.0000,1.0000,0.2836,0.2073,0.2889
206,4,15.0584,-0.3360,0.5062,1.0000,-0.0048,0.0000,0.0048,1.0000,0.0000,0.0000,0.0000,1.0000,0.2820,0.2947,0.2062
206,5,15.2266,-0.2000,0.6614,1.0000,-0.0048,0.0000,0.0048,1.0000,0.0000,0.0000,0.0000,1.0000,0.1112,0.2100,0.3614
206,6,15.3197,-0.1809,0.4265,1.0000,-0.0048,0.0000,0.0048,1.0000,0.0000,0.0000,0.0000,1.0000,0.1972,0.1336,0.1265
206,7,15.4287,-0.1730,0.4491,1.0000,-0.0048,0.0000,0.0048,1.0000,0.0000,0.0000,0.0000,1.0000,0.1624,0.1625,0.0548
206,8,15.4563,-0.1300,0.4472,1.0000,-0.0048,0.0000,0.0048,1.0000,0.0000,0.0000,0.0000,1.0000,0.0831,0.2046,0.1050
206,9,15.4869,-0.0638,0.4544,1.0000,-0.0048,0.0000,0.0048,1.0000,0.0000,0.0000,0.0000,1.0000,0.0210,0.0279,0.0569
206,10,15.5305,-0.1239,0.4546,1.0000,-0.0048,0.0000,0.0048,1.0000,0.0000,0.0000,0.0000,1.0000,0.0210,0.0279,0.0569
207,0,15.9248,-0.0596,0.4400,1.0000,-0.0049,0.0000,0.0049,1.0000,0.0000,0.0000,0.0000,1.0000,0.2577,0.2263,0.1400
207,1,15.9329,-0.0567,0.6052,1.0000,-0.0049,0.0000,0.0049,1.0000,0.0000,0.0000,0.0000,1.0000,0.1100,0.2168,0.3052
207,2,16.0085,-0.1174,0.5173,1.0000,-0.0049,0.0000,0.0049,1.0000,0.0000,0.0000,0.0000,1.0000,0.1101,0.3070,0.2173
207,3,16.0300,-0.2942,0.5889,1.0000,-0.0049,0.0000,0.0049,1.0000,0.0000,0.0000,0.0000,1.0000,0.2836,0.2073,0.2889
207,4,16.1479,-0.3413,0.5062,1.0000,-0.0049,0.0000,0.0049,1.0000,0.0000,0.0000,0.0000,1.0000,0.2820,0.2947,0.2062
207,5,16.3162,-0.2053,0.6614,1.0000,-0.0049,0.0000,0.0049,1.0000,0.0000,0.0000,0.0000,1.0000,0.1112,0.2100,0.3614
207,6,16.4093,-0.1862,0.4265,1.0000,-0.0049,0.0000,0.0049,1.0000,0.0000,0.0000,0.0000,1.0000,0.1972,0.1336,0.1265
207,7,16.5182,-0.1784,0.4491,1.0000,-0.0049,0.0000,0.0049,1.0000,0.0000,0.0000,0.0000,1.0000,0.1624,0.1625,0.0548
207,8,16.5458,-0.1353,0.4472,1.0000,-0.0049,0.0000,0.0049,1.0000,0.0000,0.0000,0.0000,1.0000,0.0831,0.2046,0.1050
207,9,16.5764,-0.0692,0.4544,1.0000,-0.0049,0.0000,0.0049,1.0000,0.0000,0.0000,0.0000,1.0000,0.0210,0.0279,0.0569
207,10,16.6200,-0.1293,0.4546,1.0000,-0.0049,0.0000,0.0049,1.0000,0.0000,0.0000,0.0000,1.0000,0.0210,0.0279,0.0569
208,0,17.0268,-0.0650,0.4400,1.0000,-0.0050,0.0000,0.0050,1.0000,0.0000,0.0000,0.0000,1.0000,0.2577,0.2263,0.1400
208,1,17.0349,-0.0621,0.6052,1.0000,-0.0050,0.0000,0.0050,1.0000,0.0000,0.0000,0.0000,1.0000,0.1100,0.2168,0.3052
208,2,17.1105,-0.1228,0.5173,1.0000,-0.0050,0.0000,0.0050,1.0000,0.0000,0.0000,0.0000,1.0000,0.1101,0.3070,0.2173
208,3,17.1321,-0.2996,0.5889,1.0000,-0.0050,0.0000,0.0050,1.0000,0.0000,0.0000,0.0000,1.0000,0.2836,0.2073,0.2889
208,4,17.2499,-0.3467,0.5062,1.0000,-0.0050,0.0000,0.0050,1.0000,0.0000,0.0000,0.0000,1.0000,0.2820,0.2947,0.2062
208,5,17.4182,-0.2107,0.6614,1.0000,-0.0050,0.0000,0.0050,1.0000,0.0000,0.0000,0.0000,1.0000,0.1112,0.2100,0.3614
208,6,17.5113,-0.1917,0.4265,1.0000,-0.0050,0.0000,0.0050,1.0000,0.0000,0.0000,0.0000,1.0000,0.1972,0.1336,0.1265
208,7,17.6203,-0.1839,0.4491,1.0000,-0.0050,0.0000,0.0050,1.0000,0.0000,0.0000,0.0000,1.0000,0.1624,0.1625,0.0548
208,8,17.6479,-0.1408,0.4472,1.0000,-0.0050,0.0000,0.0050,1.0000,0.0000,0.0000,0.0000,1.0000,0.0831,0.2046,0.1050
208,9,17.6785,-0.0746,0.4544,1.0000,-0.0050,0.0000,0.0050,1.0000,0.0000,0.0000,0.0000,1.0000,0.0210,0.0279,0.0569
208,10,17.7221,-0.1348,0.4546,1.0000,-0.0050,0.0000,0.0050,1.0000,0.0000,0.0000,0.0000,1.0000,0.0210,0.0279,0.0569
209,0,18.1410,-0.0706,0.4400,1.0000,-0.0050,0.0000,0.0050,1.0000,0.0000,0.0000,0.0000,1.0000,0.2577,0.2263,0.1400
209,1,18.1491,-0.0677,0.6052,1.0000,-0.0050,0.0000,0.0050,1.0000,0.0000,0.0000,0.0000,1.0000,0.1100,0.2168,0.3052
209,2,18.2247,-0.1284,0.5173,1.0000,-0.0050,0.0000,0.0050,1.0000,0.0000,0.0000,0.0000,1.0000,0.1101,0.3070,0.2173
209,3,18.2462,-0.3052,0.5889,1.0000,-0.0050,0.0000,0.0050,1.0000,0.0000,0.0000,0.0000,1.0000,0.2836,0.2073,0.2889
209,4,18.3640,-0.3523,0.5062,1.0000,-0.0050,0.0000,0.0050,1.0000,0.0000,0.0000,0.0000,1.0000,0.2820,0.2947,0.2062
209,5,18.5323,-0.2163,0.6614,1.0000,-0.0050,0.0000,0.0050,1.0000,0.0000,0.0000,0.0000,1.0000,0.1112,0.2100,0.3614
209,6,18.6254,-0.1973,0.4265,1.0000,-0.0050,0.0000,0.0050,1.0000,0.0000,0.0000,0.0000,1.0000,0.1972,0.1336,0.1265
209,7,18.7344,-0.1894,0.4491,1.0000,-0.0050,0.0000,0.0050,1.0000,0.0000,0.0000,0.0000,1.0000,0.1624,0.1625,0.0548
209,8,18.7620,-0.1464,0.4472,1.0000,-0.0050,0.0000,0.0050,1.0000,0.0000,0.0000,0.0000,1.0000,0.0831,0.2046,0.1050
209,9,18.7926,-0.0802,0.4544,1.0000,-0.0050,0.0000,0.0050,1.0000,0.0000,0.0000,0.0000,1.0000,0.0210,0.0279,0.0569
209,10,18.8362,-0.1404,0.4546,1.0000,-0.0050,0.0000,0.0050,1.0000,0.0000,0.0000,0.0000,1.0000,0.0210,0.0279,0.0569
210,0,19.2670,-0.0762,0.4400,1.0000,-0.0051,0.0000,0.0051,1.0000,0.0000,0.0000,0.0000,1.0000,0.2577,0.2263,0.1400
210,1,19.2751,-0.0734,0.6052,1.0000,-0.0051,0.0000,0.0051,1.0000,0.0000,0.0000,0.0000,1.0000,0.1100,0.2168,0.3052
210,2,19.3507,-0.1341,0.5173,1.0000,-0.0051,0.0000,0.0051,1.0000,0.0000,0.0000,0.0000,1.0000,0.1101,0.3070,0.2173
210,3,19.3722,-0.3109,0.5889,1.0000,-0.0051,0.0000,0.0051,1.0000,0.0000,0.0000,0.0000,1.0000,0.2836,0.2073,0.2889
210,4,19.4900,-0.3580,0.5062,1.0000,-0.0051,0.0000,0.0051,1.0000,0.0000,0.0000,0.0000,1.0000,0.2820,0.2947,0.2062
210,5,19.6583,-0.2220,0.6614,1.0000,-0.0051,0.0000,0.0051,1.0000,0.0000,0.0000,0.0000,1.0000,0.1112,0.2100,0.3614
210,6,19.7514,-0.2030,0.4265,1.0000,-0.0051,0.0000,0.0051,1.0000,0.0000,0.0000,0.0000,1.0000,0.1972,0.1336,0.1265
210,7,19.8604,-0.1951,0.4491,1.0000,-0.0051,0.0000,0.0051,1.0000,0.0000,0.0000,0.0000,1.0000,0.1624,0.1625,0.0548
210,8,19.8880,-0.1521,0.4472,1.0000,-0.0051,0.0000,0.0051,1.0000,0.0000,0.0000,0.0000,1.0000,0.0831,0.2046,0.1050
210,9,19.9186,-0.0859,0.4544,1.0000,-0.0051,0.0000,0.0051,1.0000,0.0000,0.0000,0.0000,1.0000,0.0210,0.0279,0.0569
210,10,19.9622,-0.1460,0.4546,1.0000,-0.0051,0.0000,0.0051,1.0000,0.0000,0.0000,0.0000,1.0000,0.0210,0.0279,0.0569
211,0,20.4046,-0.0820,0.4400,1.0000,-0.0051,0.0000,0.0051,1.0000,0.0000,0.0000,0.0000,1.0000,0.2577,0.2263,0.1400
211,1,20.4127,-0.0791,0.6052,1.0000,-0.0051,0.0000,0.0051,1.0000,0.0000,0.0000,0.0000,1.0000,0.1100,0.2168,0.3052
211,2,20.4883,-0.1398,0.5173,1.0000,-0.0051,0.0000,0.0051,1.0000,0.0000,0.0000,0.0000,1.0000,0.1101,0.3070,0.2173
211,3,20.5098,-0.3166,0.5889,1.0000,-0.0051,0.0000,0.0051,1.0000,0.0000,0.0000,0.0000,1.0000,0.2836,0.2073,0.2889
211,4,20.6277,-0.3637,0.5062,1.0000,-0.0051,0.0000,0.0051,1.0000,0.0000,0.0000,0.0000,1.0000,0.2820,0.2947,0.2062
211,5,20.7960,-0.2278,0.6614,1.0000,-0.0051,0.0000,0.0051,1.0000,0.0000,0.0000,0.0000,1.0000,0.1112,0.2100,0.3614
211,6,20.8891,-0.2087,0.4265,1.0000,-0.0051,0.0000,0.0051,1.0000,0.0000,0.0000,0.0000,1.0000,0.1972,0.1336,0.1265
211,7,20.9980,-0.2009,0.4491,1.0000,-0.0051,0.0000,0.0051,1.0000,0.0000,0.0000,0.0000,1.0000,0.1624,0.1625,0.0548
211,8,21.0256,-0.1578,0.4472,1.0000,-0.0051,0.0000,0.0051,1.0000,0.0000,0.0000,0.0000,1.0000,0.0831,0.2046,0.1050
211,9,21.0563,-0.0917,0.4544,1.0000,-0.0051,0.0000,0.0051,1.0000,0.0000,0.0000,0.0000,1.0000,0.0210,0.0279,0.0569
211,10,21.0999,-0.1518,0.4546,1.0000,-0.0051,0.0000,0.0051,1.0000,0.0000,0.0000,0.0000,1.0000,0.0210,0.0279,0.0569
212,0,21.5534,-0.0879,0.4400,1.0000,-0.0052,0.0000,0.0052,1.0000,0.0000,0.0000,0.0000,1.0000,0.2577,0.2263,0.1400
212,1,21.5615,-0.0850,0.6052,1.0000,-0.0052,0.0000,0.0052,1.0000,0.0000,0.0000,0.0000,1.0000,0.1100,0.2168,0.3052
212,2,21.6371,-0.1457,0.5173,1.0000,-0.0052,0.0000,0.0052,1.0000,0.0000,0.0000,0.0000,1.0000,0.1101,0.3070,0.2173
212,3,21.6586,-0.3225,0.5889,1.0000,-0.0052,0.0000,0.0052,1.0000,0.0000,0.0000,0.0000,1.0000,0.2836,0.2073,0.2889
212,4,21.7765,-0.3696,0.5062,1.0000,-0.0052,0.0000,0.0052,1.0000,0.0000,0.0000,0.0000,1.0000,0.2820,0.2947,0.2062
212,5,21.9448,-0.2337,0.6614,1.0000,-0.0052,0.0000,0.0052,1.0000,0.0000,0.0000,0.0000,1.0000,0.1112,0.2100,0.3614
212,6,22.0379,-0.2147,0.4265,1.0000,-0.0052,0.0000,0.0052,1.0000,0.0000,0.0000,0.0000,1.0000,0.1972,0.1336,0.1265
212,7,22.1468,-0.2068,0.4491,1.0000,-0.0052,0.0000,0.0052,1.0000,0.0000,0.0000,0.0000,1.0000,0.1624,0.1625,0.0548
212,8,22.1744,-0.1638,0.4472,1.0000,-0.0052,0.0000,0.0052,1.0000,0.0000,0.0000,0.0000,1.0000,0.0831,0.2046,0.1050
212,9,22.2051,-0.0976,0.4544,1.0000,-0.0052,0.0000,0.0052,1.0000,0.0000,0.0000,0.0000,1.0000,0.0210,0.0279,0.0569
212,10,22.2487,-0.1577,0.4546,1.0000,-0.0052,0.0000,0.0052,1.0000,0.0000,0.0000,0.0000,1.0000,0.0210,0.0279,0.0569
213,0,22.7126,-0.0939,0.4400,1.0000,-0.0052,0.0000,0.0052,1.0000,0.0000,0.0000,0.0000,1.0000,0.2577,0.2263,0.1400
213,1,22.7207,-0.0910,0.6052,1.0000,-0.0052,0.0000,0.0052,1.0000,0.0000,0.0000,0.0000,1.0000,0.1100,0.2168,0.3052
213,2,22.7963,-0.1517,0.5173,1.0000,-0.0052,0.0000,0.0052,1.0000,0.0000,0.0000,0.0000,1.0000,0.1101,0.3070,0.2173
213,3,22.8178,-0.3285,0.5889,1.0000,-0.0052,0.0000,0.0052,1.0000,0.0000,0.0000,0.0000,1.0000,0.2836,0.2073,0.2889
213,4,22.9356,-0.3756,0.5062,1.0000,-0.0052,0.0000,0.0052,1.0000,0.0000,0.0000,0.0000,1.0000,0.2820,0.2947,0.2062
213,5,23.1039,-0.2397,0.6614,1.0000,-0.0052,0.0000,0.0052,1.0000,0.0000,0.0000,0.0000,1.0000,0.1112,0.2100,0.3614
213,6,23.1970,-0.2207,0.4265,1.0000,-0.0052,0.0000,0.0052,1.0000,0.0000,0.0000,0.0000,1.0000,0.1972,0.1336,0.1265
213,7,23.3060,-0.2128,0.4491,1.0000,-0.0052,0.0000,0.0052,1.0000,0.0000,0.0000,0.0000,1.0000,0.1624,0.1625,0.0548
213,8,23.3336,-0.1698,0.4472,1.0000,-0.0052,0.0000,0.0052,1.0000,0.0000,0.0000,0.0000,1.0000,0.0831,0.2046,0.1050
213,9,23.3642,-0.1036,0.4544,1.0000,-0.0052,0.0000,0.0052,1.0000,0.0000,0.0000,0.0000,1.0000,0.0210,0.0279,0.0569
213,10,23.4078,-0.1638,0.4546,1.0000,-0.0052,0.0000,0.0052,1.0000,0.0000,0.0000,0.0000,1.0000,0.0210,0.0279,0.0569
214,0,23.8813,-0.0999,0.4400,1.0000,-0.0052,0.0000,0.0052,1.0000,0.0000,0.0000,0.0000,1.0000,0.2577,0.2263,0.1400
214,1,23.8895,-0.0971,0.6052,1.0000,-0.0052,0.0000,0.0052,1.0000,0.0000,0.0000,0.0000,1.0000,0.1100,0.2168,0.3052
214,2,23.9650,-0.1578,0.5173,1.0000,-0.0052,0.0000,0.0052,1.0000,0.0000,0.0000,0.0000,1.0000,0.1101,0.3070,0.2173
214,3,23.9865,-0.3346,0.5889,1.0000,-0.0052,0.0000,0.0052,1.0000,0.0000,0.0000,0.0000,1.0000,0.2836,0.2073,0.2889
214,4,24.1044,-0.3817,0.5062,1.0000,-0.0052,0.0000,0.0052,1.0000,0.0000,0.0000,0.0000,1.0000,0.2820,0.2947,0.2062
214,5,24.2727,-0.2458,0.6614,1.0000,-0.0052,0.0000,0.0052,1.0000,0.0000,0.0000,0.0000,1.0000,0.1112,0.2100,0.3614
214,6,24.3658,-0.2267,0.4265,1.0000,-0.0052,0.0000,0.0052,1.0000,0.0000,0.0000,0.0000,1.0000,0.1972,0.1336,0.1265
214,7,24.4747,-0.2189,0.4491,1.0000,-0.0052,0.0000,0.0052,1.0000,0.0000,0.0000,0.0000,1.0000,0.1624,0.1625,0.0548
214,8,24.5024,-0.1759,0.4472,1.0000,-0.0052,0.0000,0.0052,1.0000,0.0000,0.0000,0.0000,1.0000,0.0831,0.2046,0.1050
214,9,24.5330,-0.1097,0.4544,1.0000,-0.0052,0.0000,0.0052,1.0000,0.0000,0.0000,0.0000,1.0000,0.0210,0.0279,0.0569
214,10,24.5766,-0.1698,0.4546,1.0000,-0.0052,0.0000,0.0052,1.0000,0.0000,0.0000,0.0000,1.0000,0.0210,0.0279,0.0569
215,0,25.0594,-0.1060,0.4400,1.0000,-0.0052,0.0000,0.0052,1.0000,0.0000,0.0000,0.0000,1.0000,0.2577,0.2263,0.1400
215,1,25.0675,-0.1032,0.6052,1.0000,-0.0052,0.0000,0.0052,1.0000,0.0000,0.0000,0.0000,1.0000,0.1100,0.2168,0.3052
215,2,25.1431,-0.1639,0.5173,1.0000,-0.0052,0.0000,0.0052,1.0000,0.0000,0.0000,0.0000,1.0000,0.1101,0.3070,0.2173
215,3,25.1646,-0.3407,0.5889,1.0000,-0.0052,0.0000,0.0052,1.0000,0.0000,0.0000,0.0000,1.0000,0.2836,0.2073,0.2889
215,4,25.2824,-0.3878,0.5062,1.0000,-0.0052,0.0000,0.0052,1.0000,0.0000,0.0000,0.0000,1.0000,0.2820,0.2947,0.2062
215,5,25.4507,-0.2519,0.6614,1.0000,-0.0052,0.0000,0.0052,1.0000,0.0000,0.0000,0.0000,1.0000,0.1112,0.2100,0.3614
215,6,25.5438,-0.2328,0.4265,1.0000,-0.0052,0.0000,0.0052,1.0000,0.0000,0.0000,0.0000,1.0000,0.1972,0.1336,0.1265
215,7,25.6528,-0.2250,0.4491,1.0000,-0.0052,0.0000,0.0052,1.0000,0.0000,0.0000,0.0000,1.0000,0.1624,0.1625,0.0548
215,8,25.6804,-0.1820,0.4472,1.0000,-0.0052,0.0000,0.0052,1.0000,0.0000,0.0000,0.0000,1.0000,0.0831,0.2046,0.1050
215,9,25.7110,-0.1158,0.4544,1.0000,-0.0052,0.0000,0.0052,1.0000,0.0000,0.0000,0.0000,1.0000,0.0210,0.0279,0.0569
215,10,25.7546,-0.1759,0.4546,1.0000,-0.0052,0.0000,0.0052,1.0000,0.0000,0.0000,0.0000,1.0000,0.0210,0.0279,0.0569
216,0,26.2468,-0.1122,0.4400,1.0000,-0.0053,0.0000,0.0053,1.0000,0.0000,0.0000,0.0000,1.0000,0.2577,0.2263,0.1400
216,1,26.2549,-0.1094,0.6052,1.0000,-0.0053,0.0000,0.0053,1.0000,0.0000,0.0000,0.0000,1.0000,0.1100,0.2168,0.3052
216,2,26.3305,-0.1701,0.5173,1.0000,-0.0053,0.0000,0.0053,1.0000,0.0000,0.0000,0.0000,1.0000,0.1101,0.3070,0.2173
216,3,26.3520,-0.3469,0.5889,1.0000,-0.0053,0.0000,0.0053,1.0000,0.0000,0.0000,0.0000,1.0000,0.2836,0.2073,0.2889
216,4,26.4698,-0.3940,0.5062,1.0000,-0.0053,0.0000,0.0053,1.0000,0.0000,0.0000,0.0000,1.0000,0.2820,0.2947,0.2062
216,5,26.6381,-0.2581,0.6614,1.0000,-0.0053,0.0000,0.0053,1.0000,0.0000,0.0000,0.0000,1.0000,0.1112,0.2100,0.3614
216,6,26.7312,-0.2391,0.4265,1.0000,-0.0053,0.0000,0.0053,1.0000,0.0000,0.0000,0.0000,1.0000,0.1972,0.1336,0.1265
216,7,26.8402,-0.2312,0.4491,1.0000,-0.0053,0.0000,0.0053,1.0000,0.0000,0.0000,0.0000,1.0000,0.1624,0.1625,0.0548
216,8,26.8678,-0.1882,0.4472,1.0000,-0.0053,0.0000,0.0053,1.0000,0.0000,0.0000,0.0000,1.0000,0.0831,0.2046,0.1050
216,9,26.8984,-0.1220,0.4544,1.0000,-0.0053,0.0000,0.0053,1.0000,0.0000,0.0000,0.0000,1.0000,0.0210,0.0279,0.0569
216,10,26.9420,-0.1822,0.4546,1.0000,-0.0053,0.0000,0.0053,1.0000,0.0000,0.0000,0.0000,1.0000,0.0210,0.0279,0.0569
217,0,27.4440,-0.1186,0.4400,1.0000,-0.0054,0.0000,0.0054,1.0000,0.0000,0.0000,0.0000,1.0000,0.2577,0.2263,0.1400
217,1,27.4521,-0.1157,0.6052,1.0000,-0.0054,0.0000,0.0054,1.0000,0.0000,0.0000,0.0000,1.0000,0.1100,0.2168,0.3052
217,2,27.5277,-0.1764,0.5173,1.0000,-0.0054,0.0000,0.0054,1.0000,0.0000,0.0000,0.0000,1.0000,0.1101,0.3070,0.2173
217,3,27.5491,-0.3532,0.5889,1.0000,-0.0054,0.0000,0.0054,1.0000,0.0000,0.0000,0.0000,1.0000,0.2836,0.2073,0.2889
217,4,27.6670,-0.4004,0.5062,1.0000,-0.0054,0.0000,0.0054,1.0000,0.0000,0.0000,0.0000,1.0000,0.2820,0.2947,0.2062
217,5,27.8353,-0.2645,0.6614,1.0000,-0.0054,0.0000,0.0054,1.0000,0.0000,0.0000,0.0000,1.0000,0.1112,0.2100,0.3614
217,6,27.9284,-0.2455,0.4265,1.0000,-0.0054,0.0000,0.0054,1.0000,0.0000,0.0000,0.0000,1.0000,0.1972,0.1336,0.1265
217,7,28.0374,-0.2377,0.4491,1.0000,-0.0054,0.0000,0.0054,1.0000,0.0000,0.0000,0.0000,1.0000,0.1624,0.1625,0.0548
217,8,28.0650,-0.1946,0.4472,1.0000,-0.0054,0.0000,0.0054,1.0000,0.0000,0.0000,0.0000,1.0000,0.0831,0.2046,0.1050
217,9,28.0957,-0.1285,0.4544,1.0000,-0.0054,0.0000,0.0054,1.0000,0.0000,0.0000,0.0000,1.0000,0.0210,0.0279,0.0569
217,10,28.1392,-0.1886,0.4546,1.0000,-0.0054,0.0000,0.0054,1.0000,0.0000,0.0000,0.0000,1.0000,0.0210,0.0279,0.0569
218,0,28.6514,-0.1250,0.4400,1.0000,-0.0053,0.0000,0.0053,1.0000,0.0000,0.0000,0.0000,1.0000,0.2577,0.2263,0.1400
218,1,28.6595,-0.1222,0.6052,1.0000,-0.0053,0.0000,0.0053,1.0000,0.0000,0.0000,0.0000,1.0000,0.1100,0.2168,0.3052
218,2,28.7351,-0.1829,0.5173,1.0000,-0.0053,0.0000,0.0053,1.0000,0.0000,0.0000,0.0000,1.0000,0.1101,0.3070,0.2173
218,3,28.7566,-0.3597,0.5889,1.0000,-0.0053,0.0000,0.0053,1.0000,0.0000,0.0000,0.0000,1.0000,0.2836,0.2073,0.2889
218,4,28.8744,-0.4068,0.5062,1.0000,-0.0053,0.0000,0.0053,1.0000,0.0000,0.0000,0.0000,1.0000,0.2820,0.2947,0.2062
218,5,29.0427,-0.2709,0.6614,1.0000,-0.0053,0.0000,0.0053,1.0000,0.0000,0.0000,0.0000,1.0000,0.1112,0.2100,0.3614
218,6,29.1359,-0.2519,0.4265,1.0000,-0.0053,0.0000,0.0053,1.0000,0.0000,0.0000,0.0000,1.0000,0.1972,0.1336,0.1265
218,7,29.2448,-0.2441,0.4491,1.0000,-0.0053,0.0000,0.0053,1.0000,0.0000,0.0000,0.0000,1.0000,0.1624,0.1625,0.0548
218,8,29.2724,-0.2010,0.4472,1.0000,-0.0053,0.0000,0.0053,1.0000,0.0000,0.0000,0.0000,1.0000,0.0831,0.2046,0.1050
218,9,29.3031,-0.1349,0.4544,1.0000,-0.0053,0.0000,0.0053,1.0000,0.0000,0.0000,0.0000,1.0000,0.0210,0.0279,0.0569
218,10,29.3467,-0.1950,0.4546,1.0000,-0.0053,0.0000,0.0053,1.0000,0.0000,0.0000,0.0000,1.0000,0.0210,0.0279,0.0569
219,0,29.8691,-0.1315,0.4400,1.0000,-0.0054,0.0000,0.0054,1.0000,0.0000,0.0000,0.0000,1.0000,0.2577,0.2263,0.1400
219,1,29.8772,-0.1287,0.6052,1.0000,-0.0054,0.0000,0.0054,1.0000,0.0000,0.0000,0.0000,1.0000,0.1100,0.2168,0.3052
219,2,29.9527,-0.1894,0.5173,1.0000,-0.0054,0.0000,0.0054,1.0000,0.0000,0.0000,0.0000,1.0000,0.1101,0.3070,0.2173
219,3,29.9742,-0.3662,0.5889,1.0000,-0.0054,0.0000,0.0054,1.0000,0.0000,0.0000,0.0000,1.0000,0.2836,0.2073,0.2889
219,4,30.0920,-0.4134,0.5062,1.0000,-0.0054,0.0000,0.0054,1.0000,0.0000,0.0000,0.0000,1.0000,0.2820,0.2947,0.2062
219,5,30.2604,-0.2775,0.6614,1.0000,-0.0054,0.0000,0.0054,1.0000,0.0000,0.0000,0.0000,1.0000,0.1112,0.2100,0.3614
219,6,30.3535,-0.2585,0.4265,1.0000,-0.0054,0.0000,0.0054,1.0000,0.0000,0.0000,0.0000,1.0000,0.1972,0.1336,0.1265
219,7,30.4624,-0.2507,0.4491,1.0000,-0.0054,0.0000,0.0054,1.0000,0.0000,0.0000,0.0000,1.0000,0.1624,0.1625,0.0548
219,8,30.4901,-0.2076,0.4472,1.0000,-0.0054,0.0000,0.0054,1.0000,0.0000,0.0000,0.0000,1.0000,0.0831,0.2046,0.1050
219,9,30.5207,-0.1415,0.4544,1.0000,-0.0054,0.0000,0.0054,1.0000,0.0000,0.0000,0.0000,1.0000,0.0210,0.0279,0.0569
219,10,30.5643,-0.2016,0.4546,1.0000,-0.0054,0.0000,0.0054,1.0000,0.0000,0.0000,0.0000,1.0000,0.0210,0.0279,0.0569
220,0,31.0966,-0.1382,0.4400,1.0000,-0.0055,0.0000,0.0055,1.0000,0.0000,0.0000,0.0000,1.0000,0.2577,0.2263,0.1400
220,1,31.1047,-0.1353,0.6052,1.0000,-0.0055,0.0000,0.0055,1.0000,0.0000,0.0000,0.0000,1.0000,0.1100,0.2168,0.3052
220,2,31.1803,-0.1961,0.5173,1.0000,-0.0055,0.0000,0.0055,1.0000,0.0000,0.0000,0.0000,1.0000,0.1101,0.3070,0.2173
220,3,31.2017,-0.3729,0.5889,1.0000,-0.0055,0.0000,0.0055,1.0000,0.0000,0.0000,0.0000,1.0000,0.2836,0.2073,0.2889
220,4,31.3196,-0.4200,0.5062,1.0000,-0.0055,0.0000,0.0055,1.0000,0.0000,0.0000,0.0000,1.0000,0.2820,0.2947,0.2062
220,5,31.4879,-0.2841,0.6614,1.0000,-0.0055,0.0000,0.0055,1.0000,0.0000,0.0000,0.0000,1.0000,0.1112,0.2100,0.3614
220,6,31.5810,-0.2651,0.4265,1.0000,-0.0055,0.0000,0.0055,1.0000,0.0000,0.0000,0.0000,1.0000,0.1972,0.1336,0.1265
220,7,31.6899,-0.2573,0.4491,1.0000,-0.0055,0.0000,0.0055,1.0000,0.0000,0.0000,0.0000,1.0000,0.1624,0.1625,0.0548
220,8,31.7176,-0.2143,0.4472,1.0000,-0.0055,0.0000,0.0055,1.0000,0.0000,0.0000,0.0000,1.0000,0.0831,0.2046,0.1050
220,9,31.7482,-0.1482,0.4544,1.0000,-0.0055,0.0000,0.0055,1.0000,0.0000,0.0000,0.0000,1.0000,0.0210,0.0279,0.0569
220,10,31.7918,-0.2083,0.4546,1.0000,-0.0055,0.0000,0.0055,1.0000,0.0000,0.0000,0.0000,1.0000,0.0210,0.0279,0.0569
221,0,32.3335,-0.1450,0.4400,1.0000,-0.0055,0.0000,0.0055,1.0000,0.0000,0.0000,0.0000,1.0000,0.2577,0.2263,0.1400
221,1,32.3416,-0.1421,0.6052,1.0000,-0.0055,0.0000,0.0055,1.0000,0.0000,0.0000,0.0000,1.0000,0.1100,0.2168,0.3052
221,2,32.4171,-0.2028,0.5173,1.0000,-0.0055,0.0000,0.0055,1.0000,0.0000,0.0000,0.0000,1.0000,0.1101,0.3070,0.2173
221,3,32.4386,-0.3796,0.5889,1.0000,-0.0055,0.0000,0.0055,1.0000,0.0000,0.0000,0.0000,1.0000,0.2836,0.2073,0.2889
221,4,32.5564,-0.4268,0.5062,1.0000,-0.0055,0.0000,0.0055,1.0000,0.0000,0.0000,0.0000,1.0000,0.2820,0.2947,0.2062
221,5,32.7248,-0.2909,0.6614,1.0000,-0.0055,0.0000,0.0055,1.0000,0.0000,0.0000,0.0000,1.0000,0.1112,0.2100,0.3614
221,6,32.8179,-0.2719,0.4265,1.0000,-0.0055,0.0000,0.0055,1.0000,0.0000,0.0000,0.0000,1.0000,0.1972,0.1336,0.1265
221,7,32.9268,-0.2641,0.4491,1.0000,-0.0055,0.0000,0.0055,1.0000,0.0000,0.0000,0.0000,1.0000,0.1624,0.1625,0.0548
221,8,32.9545,-0.2211,0.4472,1.0000,-0.0055,0.0000,0.0055,1.0000,0.0000,0.0000,0.0000,1.0000,0.0831,0.2046,0.1050
221,9,32.9851,-0.1549,0.4544,1.0000,-0.0055,0.0000,0.0055,1.0000,0.0000,0.0000,0.0000,1.0000,0.0210,0.0279,0.0569
221,10,33.0287,-0.2151,0.4546,1.0000,-0.0055,0.0000,0.0055,1.0000,0.0000,0.0000,0.0000,1.0000,0.0210,0.0279,0.0569
222,0,33.5793,-0.1518,0.4400,1.0000,-0.0055,0.0000,0.0055,1.0000,0.0000,0.0000,0.0000,1.0000,0.2577,0.2263,0.1400
222,1,33.5874,-0.1489,0.6052,1.0000,-0.0055,0.0000,0.0055,1.0000,0.0000,0.0000,0.0000,1.0000,0.1100,0.2168,0.3052
222,2,33.6630,-0.2097,0.5173,1.0000,-0.0055,0.0000,0.0055,1.0000,0.0000,0.0000,0.0000,1.0000,0.1101,0.3070,0.2173
222,3,33.6844,-0.3865,0.5889,1.0000,-0.0055,0.0000,0.0055,1.0000,0.0000,0.0000,0.0000,1.0000,0.2836,0.2073,0.2889
222,4,33.8023,-0.4336,0.5062,1.0000,-0.0055,0.0000,0.0055,1.0000,0.0000,0.0000,0.0000,1.0000,0.2820,0.2947,0.2062
222,5,33.9706,-0.2978,0.6614,1.0000,-0.0055,0.0000,0.0055,1.0000,0.0000,0.0000,0.0000,1.0000,0.1112,0.2100,0.3614
222,6,34.0637,-0.2788,0.4265,1.0000,-0.0055,0.0000,0.0055,1.0000,0.0000,0.0000,0.0000,1.0000,0.1972,0.1336,0.1265
222,7,34.1727,-0.2710,0.4491,1.0000,-0.0055,0.0000,0.0055,1.0000,0.0000,0.0000,0.0000,1.0000,0.1624,0.1625,0.0548
222,8,34.2003,-0.2279,0.4472,1.0000,-0.0055,0.0000,0.0055,1.0000,0.0000,0.0000,0.0000,1.0000,0.0831,0.2046,0.1050
222,9,34.2310,-0.1618,0.4544,1.0000,-0.0055,0.0000,0.0055,1.0000,0.0000,0.0000,0.0000,1.0000,0.0210,0.0279,0.0569
222,10,34.2746,-0.2219,0.4546,1.0000,-0.0055,0.0000,0.0055,1.0000,0.0000,0.0000,0.0000,1.0000,0.0210,0.0279,0.0569
223,0,34.8341,-0.1588,0.4400,1.0000,-0.0057,0.0000,0.0057,1.0000,0.0000,0.0000,0.0000,1.0000,0.2577,0.2263,0.1400
223,1,34.8423,-0.1559,0.6052,1.0000,-0.0057,0.0000,0.0057,1.0000,0.0000,0.0000,0.0000,1.0000,0.1100,0.2168,0.3052
223,2,34.9178,-0.2167,0.5173,1.0000,-0.0057,0.0000,0.0057,1.0000,0.0000,0.0000,0.0000,1.0000,0.1101,0.3070,0.2173
223,3,34.9392,-0.3935,0.5889,1.0000,-0.0057,0.0000,0.0057,1.0000,0.0000,0.0000,0.0000,1.0000,0.2836,0.2073,0.2889
223,4,35.0570,-0.4407,0.5062,1.0000,-0.0057,0.0000,0.0057,1.0000,0.0000,0.0000,0.0000,1.0000,0.2820,0.2947,0.2062
223,5,35.2254,-0.3048,0.6614,1.0000,-0.0057,0.0000,0.0057,1.0000,0.0000,0.0000,0.0000,1.0000,0.1112,0.2100,0.3614
223,6,35.3185,-0.2858,0.4265,1.0000,-0.0057,0.0000,0.0057,1.0000,0.0000,0.0000,0.0000,1.0000,0.1972,0.1336,0.1265
223,7,35.4275,-0.2781,0.4491,1.0000,-0.0057,0.0000,0.0057,1.0000,0.0000,0.0000,0.0000,1.0000,0.1624,0.1625,0.0548
223,8,35.4551,-0.2350,0.4472,1.0000,-0.0057,0.0000,0.0057,1.0000,0.0000,0.0000,0.0000,1.0000,0.0831,0.2046,0.1050
223,9,35.4858,-0.1689,0.4544,1.0000,-0.0057,0.0000,0.0057,1.0000,0.0000,0.0000,0.0000,1.0000,0.0210,0.0279,0.0569
223,10,35.5293,-0.2290,0.4546,1.0000,-0.0057,0.0000,0.0057,1.0000,0.0000,0.0000,0.0000,1.0000,0.0210,0.0279,0.0569
224,0,36.0980,-0.1660,0.4400,1.0000,-0.0058,0.0000,0.0058,1.0000,0.0000,0.0000,0.0000,1.0000,0.2577,0.2263,0.1400
224,1,36.1062,-0.1632,0.6052,1.0000,-0.0058,0.0000,0.0058,1.0000,0.0000,0.0000,0.0000,1.0000,0.1100,0.2168,0.3052
224,2,36.1817,-0.2239,0.5173,1.0000,-0.0058,0.0000,0.0058,1.0000,0.0000,0.0000,0.0000,1.0000,0.1101,0.3070,0.2173
224,3,36.2031,-0.4008,0.5889,1.0000,-0.0058,0.0000,0.0058,1.0000,0.0000,0.0000,0.0000,1.0000,0.2836,0.2073,0.2889
224,4,36.3209,-0.4479,0.5062,1.0000,-0.0058,0.0000,0.0058,1.0000,0.0000,0.0000,0.0000,1.0000,0.2820,0.2947,0.2062
224,5,36.4893,-0.3121,0.6614,1.0000,-0.0058,0.0000,0.0058,1.0000,0.0000,0.0000,0.0000,1.0000,0.1112,0.2100,0.3614
224,6,36.5824,-0.2932,0.4265,1.0000,-0.0058,0.0000,0.0058,1.0000,0.0000,0.0000,0.0000,1.0000,0.1972,0.1336,0.1265
224,7,36.6914,-0.2854,0.4491,1.0000,-0.0058,0.0000,0.0058,1.0000,0.0000,0.0000,0.0000,1.0000,0.1624,0.1625,0.0548
224,8,36.7190,-0.2424,0.4472,1.0000,-0.0058,0.0000,0.0058,1.0000,0.0000,0.0000,0.0000,1.0000,0.0831,0.2046,0.1050
224,9,36.7497,-0.1762,0.4544,1.0000,-0.0058,0.0000,0.0058,1.0000,0.0000,0.0000,0.0000,1.0000,0.0210,0.0279,0.0569
224,10,36.7932,-0.2364,0.4546,1.0000,-0.0058,0.0000,0.0058,1.0000,0.0000,0.0000,0.0000,1.0000,0.0210,0.0279,0.0569
225,0,37.3712,-0.1735,0.4400,1.0000,-0.0059,0.0000,0.0059,1.0000,0.0000,0.0000,0.0000,1.0000,0.2577,0.2263,0.1400
225,1,37.3794,-0.1707,0.6052,1.0000,-0.0059,0.0000,0.0059,1.0000,0.0000,0.0000,0.0000,1.0000,0.1100,0.2168,0.3052
225,2,37.4549,-0.2314,0.5173,1.0000,-0.0059,0.0000,0.0059,1.0000,0.0000,0.0000,0.0000,1.0000,0.1101,0.3070,0.2173
225,3,37.4763,-0.4082,0.5889,1.0000,-0.0059,0.0000,0.0059,1.0000,0.0000,0.0000,0.0000,1.0000,0.2836,0.2073,0.2889
225,4,37.5941,-0.4554,0.5062,1.0000,-0.0059,0.0000,0.0059,1.0000,0.0000,0.0000,0.0000,1.0000,0.2820,0.2947,0.2062
225,5,37.7625,-0.3196,0.6614,1.0000,-0.0059,0.0000,0.0059,1.0000,0.0000,0.0000,0.0000,1.0000,0.1112,0.2100,0.3614
225,6,37.8556,-0.3007,0.4265,1.0000,-0.0059,0.0000,0.0059,1.0000,0.0000,0.0000,0.0000,1.0000,0.1972,0.1336,0.1265
225,7,37.9645,-0.2929,0.4491,1.0000,-0.0059,0.0000,0.0059,1.0000,0.0000,0.0000,0.0000,1.0000,0.1624,0.1625,0.0548
225,8,37.9922,-0.2499,0.4472,1.0000,-0.0059,0.0000,0.0059,1.0000,0.0000,0.0000,0.0000,1.0000,0.0831,0.2046,0.1050
225,9,38.0229,-0.1838,0.4544,1.0000,-0.0059,0.0000,0.0059,1.0000,0.0000,0.0000,0.0000,1.0000,0.0210,0.0279,0.0569
225,10,38.0664,-0.2439,0.4546,1.0000,-0.0059,0.0000,0.0059,1.0000,0.0000,0.0000,0.0000,1.0000,0.0210,0.0279,0.0569
226,0,38.6540,-0.1811,0.4400,1.0000,-0.0059,0.0000,0.0059,1.0000,0.0000,0.0000,0.0000,1.0000,0.2577,0.2263,0.1400
226,1,38.6621,-0.1782,0.6052,1.0000,-0.0059,0.0000,0.0059,1.0000,0.0000,0.0000,0.0000,1.0000,0.1100,0.2168,0.3052
226,2,38.7377,-0.2390,0.5173,1.0000,-0.0059,0.0000,0.0059,1.0000,0.0000,0.0000,0.0000,1.0000,0.1101,0.3070,0.2173
226,3,38.7590,-0.4158,0.5889,1.0000,-0.0059,0.0000,0.0059,1.0000,0.0000,0.0000,0.0000,1.0000,0.2836,0.2073,0.2889
226,4,38.8768,-0.4630,0.5062,1.0000,-0.0059,0.0000,0.0059,1.0000,0.0000,0.0000,0.0000,1.0000,0.2820,0.2947,0.2062
226,5,39.0452,-0.3272,0.6614,1.0000,-0.0059,0.0000,0.0059,1.0000,0.0000,0.0000,0.0000,1.0000,0.1112,0.2100,0.3614
226,6,39.1384,-0.3083,0.4265,1.0000,-0.0059,0.0000,0.0059,1.0000,0.0000,0.0000,0.0000,1.0000,0.1972,0.1336,0.1265
226,7,39.2473,-0.3005,0.4491,1.0000,-0.0059,0.0000,0.0059,1.0000,0.0000,0.0000,0.0000,1.0000,0.1624,0.1625,0.0548
226,8,39.2750,-0.2575,0.4472,1.0000,-0.0059,0.0000,0.0059,1.0000,0.0000,0.0000,0.0000,1.0000,0.0831,0.2046,0.1050
226,9,39.3057,-0.1914,0.4544,1.0000,-0.0059,0.0000,0.0059,1.0000,0.0000,0.0000,0.0000,1.0000,0.0210,0.0279,0.0569
226,10,39.3492,-0.2515,0.4546,1.0000,-0.0059,0.0000,0.0059,1.0000,0.0000,0.0000,0.0000,1.0000,0.0210,0.0279,0.0569
227,0,39.9466,-0.1888,0.4400,1.0000,-0.0060,0.0000,0.0060,1.0000,0.0000,0.0000,0.0000,1.0000,0.2577,0.2263,0.1400
227,1,39.9547,-0.1859,0.6052,1.0000,-0.0060,0.0000,0.0060,1.0000,0.0000,0.0000,0.0000,1.0000,0.1100,0.2168,0.3052
227,2,40.0302,-0.2467,0.5173,1.0000,-0.0060,0.0000,0.0060,1.0000,0.0000,0.0000,0.0000,1.0000,0.1101,0.3070,0.2173
227,3,40.0516,-0.4235,0.5889,1.0000,-0.0060,0.0000,0.0060,1.0000,0.0000,0.0000,0.0000,1.0000,0.2836,0.2073,0.2889
227,4,40.1694,-0.4707,0.5062,1.0000,-0.0060,0.0000,0.0060,1.0000,0.0000,0.0000,0.0000,1.0000,0.2820,0.2947,0.2062
227,5,40.3378,-0.3349,0.6614,1.0000,-0.0060,0.0000,0.0060,1.0000,0.0000,0.0000,0.0000,1.0000,0.1112,0.2100,0.3614
227,6,40.4309,-0.3160,0.4265,1.0000,-0.0060,0.0000,0.0060,1.0000,0.0000,0.0000,0.0000,1.0000,0.1972,0.1336,0.1265
227,7,40.5399,-0.3082,0.4491,1.0000,-0.0060,0.0000,0.0060,1.0000,0.0000,0.0000,0.0000,1.0000,0.1624,0.1625,0.0548
227,8,40.5675,-0.2652,0.4472,1.0000,-0.0060,0.0000,0.0060,1.0000,0.0000,0.0000,0.0000,1.0000,0.0831,0.2046,0.1050
227,9,40.5982,-0.1990,0.4544,1.0000,-0.0060,0.0000,0.0060,1.0000,0.0000,0.0000,0.0000,1.0000,0.0210,0.0279,0.0569
227,10,40.6418,-0.2592,0.4546,1.0000,-0.0060,0.0000,0.0060,1.0000,0.0000,0.0000,0.0000,1.0000,0.0210,0.0279,0.0569
228,0,41.2490,-0.1965,0.4400,1.0000,-0.0060,0.0000,0.0060,1.0000,0.0000,0.0000,0.0000,1.0000,0.2577,0.2263,0.1400
228,1,41.2572,-0.1937,0.6052,1.0000,-0.0060,0.0000,0.0060,1.0000,0.0000,0.0000,0.0000,1.0000,0.1100,0.2168,0.3052
228,2,41.3327,-0.2544,0.5173,1.0000,-0.0060,0.0000,0.0060,1.0000,0.0000,0.0000,0.0000,1.0000,0.1101,0.3070,0.2173
228,3,41.3540,-0.4313,0.5889,1.0000,-0.0060,0.0000,0.0060,1.0000,0.0000,0.0000,0.0000,1.0000,0.2836,0.2073,0.2889
228,4,41.4719,-0.4785,0.5062,1.0000,-0.0060,0.0000,0.0060,1.0000,0.0000,0.0000,0.0000,1.0000,0.2820,0.2947,0.2062
228,5,41.6403,-0.3427,0.6614,1.0000,-0.0060,0.0000,0.0060,1.0000,0.0000,0.0000,0.0000,1.0000,0.1112,0.2100,0.3614
228,6,41.7334,-0.3237,0.4265,1.0000,-0.0060,0.0000,0.0060,1.0000,0.0000,0.0000,0.0000,1.0000,0.1972,0.1336,0.1265
228,7,41.8423,-0.3160,0.4491,1.0000,-0.0060,0.0000,0.0060,1.0000,0.0000,0.0000,0.0000,1.0000,0.1624,0.1625,0.0548
228,8,41.8700,-0.2730,0.4472,1.0000,-0.0060,0.0000,0.0060,1.0000,0.0000,0.0000,0.0000,1.0000,0.0831,0.2046,0.1050
228,9,41.9007,-0.2068,0.4544,1.0000,-0.0060,0.0000,0.0060,1.0000,0.0000,0.0000,0.0000,1.0000,0.0210,0.0279,0.0569
228,10,41.9442,-0.2670,0.4546,1.0000,-0.0060,0.0000,0.0060,1.0000,0.0000,0.0000,0.0000,1.0000,0.0210,0.0279,0.0569
229,0,42.5614,-0.2045,0.4400,1.0000,-0.0061,0.0000,0.0061,1.0000,0.0000,0.0000,0.0000,1.0000,0.2577,0.2263,0.1400
229,1,42.5695,-0.2016,0.6052,1.0000,-0.0061,0.0000,0.0061,1.0000,0.0000,0.0000,0.0000,1.0000,0.1100,0.2168,0.3052
229,2,42.6451,-0.2624,0.5173,1.0000,-0.0061,0.0000,0.0061,1.0000,0.0000,0.0000,0.0000,1.0000,0.1101,0.3070,0.2173
229,3,42.6664,-0.4392,0.5889,1.0000,-0.0061,0.0000,0.0061,1.0000,0.0000,0.0000,0.0000,1.0000,0.2836,0.2073,0.2889
229,4,42.7842,-0.4864,0.5062,1.0000,-0.0061,0.0000,0.0061,1.0000,0.0000,0.0000,0.0000,1.0000,0.2820,0.2947,0.2062
229,5,42.9526,-0.3506,0.6614,1.0000,-0.0061,0.0000,0.0061,1.0000,0.0000,0.0000,0.0000,1.0000,0.1112,0.2100,0.3614
229,6,43.0458,-0.3317,0.4265,1.0000,-0.0061,0.0000,0.0061,1.0000,0.0000,0.0000,0.0000,1.0000,0.1972,0.1336,0.1265
229,7,43.1547,-0.3240,0.4491,1.0000,-0.0061,0.0000,0.0061,1.0000,0.0000,0.0000,0.0000,1.0000,0.1624,0.1625,0.0548
229,8,43.1824,-0.2809,0.4472,1.0000,-0.0061,0.0000,0.0061,1.0000,0.0000,0.0000,0.0000,1.0000,0.0831,0.2046,0.1050
229,9,43.2131,-0.2148,0.4544,1.0000,-0.0061,0.0000,0.0061,1.0000,0.0000,0.0000,0.0000,1.0000,0.0210,0.0279,0.0569
229,10,43.2566,-0.2750,0.4546,1.0000,-0.0061,0.0000,0.0061,1.0000,0.0000,0.0000,0.0000,1.0000,0.0210,0.0279,0.0569
230,0,43.8834,-0.2125,0.4400,1.0000,-0.0062,0.0000,0.0062,1.0000,0.0000,0.0000,0.0000,1.0000,0.2577,0.2263,0.1400
230,1,43.8915,-0.2097,0.6052,1.0000,-0.0062,0.0000,0.0062,1.0000,0.0000,0.0000,0.0000,1.0000,0.1100,0.2168,0.3052
230,2,43.9670,-0.2705,0.5173,1.0000,-0.0062,0.0000,0.0062,1.0000,0.0000,0.0000,0.0000,1.0000,0.1101,0.3070,0.2173
230,3,43.9883,-0.4473,0.5889,1.0000,-0.0062,0.0000,0.0062,1.0000,0.0000,0.0000,0.0000,1.0000,0.2836,0.2073,0.2889
230,4,44.1061,-0.4945,0.5062,1.0000,-0.0062,0.0000,0.0062,1.0000,0.0000,0.0000,0.0000,1.0000,0.2820,0.2947,0.2062
230,5,44.2746,-0.3588,0.6614,1.0000,-0.0062,0.0000,0.0062,1.0000,0.0000,0.0000,0.0000,1.0000,0.1112,0.2100,0.3614
230,6,44.3677,-0.3398,0.4265,1.0000,-0.0062,0.0000,0.0062,1.0000,0.0000,0.0000,0.0000,1.0000,0.1972,0.1336,0.1265
230,7,44.4766,-0.3321,0.4491,1.0000,-0.0062,0.0000,0.0062,1.0000,0.0000,0.0000,0.0000,1.0000,0.1624,0.1625,0.0548
230,8,44.5043,-0.2891,0.4472,1.0000,-0.0062,0.0000,0.0062,1.0000,0.0000,0.0000,0.0000,1.0000,0.0831,0.2046,0.1050
230,9,44.5350,-0.2230,0.4544,1.0000,-0.0062,0.0000,0.0062,1.0000,0.0000,0.0000,0.0000,1.0000,0.0210,0.0279,0.0569
230,10,44.5786,-0.2831,0.4546,1.0000,-0.0062,0.0000,0.0062,1.0000,0.0000,0.0000,0.0000,1.0000,0.0210,0.0279,0.0569
231,0,45.2146,-0.2208,0.4400,1.0000,-0.0063,0.0000,0.0063,1.0000,0.0000,0.0000,0.0000,1.0000,0.2577,0.2263,0.1400
231,1,45.2227,-0.2180,0.6052,1.0000,-0.0063,0.0000,0.0063,1.0000,0.0000,0.0000,0.0000,1.0000,0.1100,0.2168,0.3052
231,2,45.2982,-0.2787,0.5173,1.0000,-0.0063,0.0000,0.0063,1.0000,0.0000,0.0000,0.0000,1.0000,0.1101,0.3070,0.2173
231,3,45.3195,-0.4556,0.5889,1.0000,-0.0063,0.0000,0.0063,1.0000,0.0000,0.0000,0.0000,1.0000,0.2836,0.2073,0.2889
231,4,45.4373,-0.5028,0.5062,1.0000,-0.0063,0.0000,0.0063,1.0000,0.0000,0.0000,0.0000,1.0000,0.2820,0.2947,0.2062
231,5,45.6058,-0.3671,0.6614,1.0000,-0.0063,0.0000,0.0063,1.0000,0.0000,0.0000,0.0000,1.0000,0.1112,0.2100,0.3614
231,6,45.6989,-0.3482,0.4265,1.0000,-0.0063,0.0000,0.0063,1.0000,0.0000,0.0000,0.0000,1.0000,0.1972,0.1336,0.1265
231,7,45.8078,-0.3404,0.4491,1.0000,-0.0063,0.0000,0.0063,1.0000,0.0000,0.0000,0.0000,1.0000,0.1624,0.1625,0.0548
231,8,45.8355,-0.2974,0.4472,1.0000,-0.0063,0.0000,0.0063,1.0000,0.0000,0.0000,0.0000,1.0000,0.0831,0.2046,0.1050
231,9,45.8662,-0.2313,0.4544,1.0000,-0.0063,0.0000,0.0063,1.0000,0.0000,0.0000,0.0000,1.0000,0.0210,0.0279,0.0569
231,10,45.9097,-0.2915,0.4546,1.0000,-0.0063,0.0000,0.0063,1.0000,0.0000,0.0000,0.0000,1.0000,0.0210,0.0279,0.0569
232,0,46.5548,-0.2293,0.4400,1.0000,-0.0063,0.0000,0.0063,1.0000,0.0000,0.0000,0.0000,1.0000,0.2577,0.2263,0.1400
232,1,46.5629,-0.2264,0.6052,1.0000,-0.0063,0.0000,0.0063,1.0000,0.0000,0.0000,0.0000,1.0000,0.1100,0.2168,0.3052
232,2,46.6384,-0.2872,0.5173,1.0000,-0.0063,0.0000,0.0063,1.0000,0.0000,0.0000,0.0000,1.0000,0.1101,0.3070,0.2173
232,3,46.6597,-0.4640,0.5889,1.0000,-0.0063,0.0000,0.0063,1.0000,0.0000,0.0000,0.0000,1.0000,0.2836,0.2073,0.2889
232,4,46.7775,-0.5113,0.5062,1.0000,-0.0063,0.0000,0.0063,1.0000,0.0000,0.0000,0.0000,1.0000,0.2820,0.2947,0.2062
232,5,46.9460,-0.3756,0.6614,1.0000,-0.0063,0.0000,0.0063,1.0000,0.0000,0.0000,0.0000,1.0000,0.1112,0.2100,0.3614
232,6,47.0391,-0.3567,0.4265,1.0000,-0.0063,0.0000,0.0063,1.0000,0.0000,0.0000,0.0000,1.0000,0.1972,0.1336,0.1265
232,7,47.1481,-0.3489,0.4491,1.0000,-0.0063,0.0000,0.0063,1.0000,0.0000,0.0000,0.0000,1.0000,0.1624,0.1625,0.0548
232,8,47.1757,-0.3059,0.4472,1.0000,-0.0063,0.0000,0.0063,1.0000,0.0000,0.0000,0.0000,1.0000,0.0831,0.2046,0.1050
232,9,47.2065,-0.2398,0.4544,1.0000,-0.0063,0.0000,0.0063,1.0000,0.0000,0.0000,0.0000,1.0000,0.0210,0.0279,0.0569
232,10,47.2500,-0.3000,0.4546,1.0000,-0.0063,0.0000,0.0063,1.0000,0.0000,0.0000,0.0000,1.0000,0.0210,0.0279,0.0569
233,0,47.9040,-0.2378,0.4400,1.0000,-0.0063,0.0000,0.0063,1.0000,0.0000,0.0000,0.0000,1.0000,0.2577,0.2263,0.1400
233,1,47.9121,-0.2349,0.6052,1.0000,-0.0063,0.0000,0.0063,1.0000,0.0000,0.0000,0.0000,1.0000,0.1100,0.2168,0.3052
233,2,47.9877,-0.2957,0.5173,1.0000,-0.0063,0.0000,0.0063,1.0000,0.0000,0.0000,0.0000,1.0000,0.1101,0.3070,0.2173
233,3,48.0089,-0.4725,0.5889,1.0000,-0.0063,0.0000,0.0063,1.0000,0.0000,0.0000,0.0000,1.0000,0.2836,0.2073,0.2889
233,4,48.1268,-0.5198,0.5062,1.0000,-0.0063,0.0000,0.0063,1.0000,0.0000,0.0000,0.0000,1.0000,0.2820,0.2947,0.2062
233,5,48.2952,-0.3840,0.6614,1.0000,-0.0063,0.0000,0.0063,1.0000,0.0000,0.0000,0.0000,1.0000,0.1112,0.2100,0.3614
233,6,48.3883,-0.3651,0.4265,1.0000,-0.0063,0.0000,0.0063,1.0000,0.0000,0.0000,0.0000,1.0000,0.1972,0.1336,0.1265
233,7,48.4973,-0.3574,0.4491,1.0000,-0.0063,0.0000,0.0063,1.0000,0.0000,0.0000,0.0000,1.0000,0.1624,0.1625,0.0548
233,8,48.5249,-0.3144,0.4472,1.0000,-0.0063,0.0000,0.0063,1.0000,0.0000,0.0000,0.0000,1.0000,0.0831,0.2046,0.1050
233,9,48.5557,-0.2483,0.4544,1.0000,-0.0063,0.0000,0.0063,1.0000,0.0000,0.0000,0.0000,1.0000,0.0210,0.0279,0.0569
233,10,48.5992,-0.3084,0.4546,1.0000,-0.0063,0.0000,0.0063,1.0000,0.0000,0.0000,0.0000,1.0000,0.0210,0.0279,0.0569
234,0,49.2622,-0.2463,0.4400,1.0000,-0.0062,0.0000,0.0062,1.0000,0.0000,0.0000,0.0000,1.0000,0.2577,0.2263,0.1400
234,1,49.2703,-0.2434,0.6052,1.0000,-0.0062,0.0000,0.0062,1.0000,0.0000,0.0000,0.0000,1.0000,0.1100,0.2168,0.3052
234,2,49.3458,-0.3042,0.5173,1.0000,-0.0062,0.0000,0.0062,1.0000,0.0000,0.0000,0.0000,1.0000,0.1101,0.3070,0.2173
234,3,49.3671,-0.4810,0.5889,1.0000,-0.0062,0.0000,0.0062,1.0000,0.0000,0.0000,0.0000,1.0000,0.2836,0.2073,0.2889
234,4,49.4849,-0.5283,0.5062,1.0000,-0.0062,0.0000,0.0062,1.0000,0.0000,0.0000,0.0000,1.0000,0.2820,0.2947,0.2062
234,5,49.6534,-0.3925,0.6614,1.0000,-0.0062,0.0000,0.0062,1.0000,0.0000,0.0000,0.0000,1.0000,0.1112,0.2100,0.3614
234,6,49.7465,-0.3736,0.4265,1.0000,-0.0062,0.0000,0.0062,1.0000,0.0000,0.0000,0.0000,1.0000,0.1972,0.1336,0.1265
234,7,49.8554,-0.3659,0.4491,1.0000,-0.0062,0.0000,0.0062,1.0000,0.0000,0.0000,0.0000,1.0000,0.1624,0.1625,0.0548
234,8,49.8831,-0.3228,0.4472,1.0000,-0.0062,0.0000,0.0062,1.0000,0.0000,0.0000,0.0000,1.0000,0.0831,0.2046,0.1050
234,9,49.9138,-0.2567,0.4544,1.0000,-0.0062,0.0000,0.0062,1.0000,0.0000,0.0000,0.0000,1.0000,0.0210,0.0279,0.0569
234,10,49.9573,-0.3169,0.4546,1.0000,-0.0062,0.0000,0.0062,1.0000,0.0000,0.0000,0.0000,1.0000,0.0210,0.0279,0.0569
235,0,50.6291,-0.2547,0.4400,1.0000,-0.0061,0.0000,0.0061,1.0000,0.0000,0.0000,0.0000,1.0000,0.2577,0.2263,0.1400
235,1,50.6372,-0.2519,0.6052,1.0000,-0.0061,0.0000,0.0061,1.0000,0.0000,0.0000,0.0000,1.0000,0.1100,0.2168,0.3052
235,2,50.7128,-0.3126,0.5173,1.0000,-0.0061,0.0000,0.0061,1.0000,0.0000,0.0000,0.0000,1.0000,0.1101,0.3070,0.2173
235,3,50.7341,-0.4895,0.5889,1.0000,-0.0061,0.0000,0.0061,1.0000,0.0000,0.0000,0.0000,1.0000,0.2836,0.2073,0.2889
235,4,50.8519,-0.5367,0.5062,1.0000,-0.0061,0.0000,0.0061,1.0000,0.0000,0.0000,0.0000,1.0000,0.2820,0.2947,0.2062
235,5,51.0203,-0.4009,0.6614,1.0000,-0.0061,0.0000,0.0061,1.0000,0.0000,0.0000,0.0000,1.0000,0.1112,0.2100,0.3614
235,6,51.1135,-0.3820,0.4265,1.0000,-0.0061,0.0000,0.0061,1.0000,0.0000,0.0000,0.0000,1.0000,0.1972,0.1336,0.1265
235,7,51.2224,-0.3742,0.4491,1.0000,-0.0061,0.0000,0.0061,1.0000,0.0000,0.0000,0.0000,1.0000,0.1624,0.1625,0.0548
235,8,51.2501,-0.3312,0.4472,1.0000,-0.0061,0.0000,0.0061,1.0000,0.0000,0.0000,0.0000,1.0000,0.0831,0.2046,0.1050
235,9,51.2808,-0.2651,0.4544,1.0000,-0.0061,0.0000,0.0061,1.0000,0.0000,0.0000,0.0000,1.0000,0.0210,0.0279,0.0569
235,10,51.3243,-0.3253,0.4546,1.0000,-0.0061,0.0000,0.0061,1.0000,0.0000,0.0000,0.0000,1.0000,0.0210,0.0279,0.0569
236,0,52.0047,-0.2632,0.4400,1.0000,-0.0063,0.0000,0.0063,1.0000,0.0000,0.0000,0.0000,1.0000,0.2577,0.2263,0.1400
236,1,52.0128,-0.2604,0.6052,1.0000,-0.0063,0.0000,0.0063,1.0000,0.0000,0.0000,0.0000,1.0000,0.1100,0.2168,0.3052
236,2,52.0883,-0.3212,0.5173,1.0000,-0.0063,0.0000,0.0063,1.0000,0.0000,0.0000,0.0000,1.0000,0.1101,0.3070,0.2173
236,3,52.1096,-0.4980,0.5889,1.0000,-0.0063,0.0000,0.0063,1.0000,0.0000,0.0000,0.0000,1.0000,0.2836,0.2073,0.2889
236,4,52.2274,-0.5453,0.5062,1.0000,-0.0063,0.0000,0.0063,1.0000,0.0000,0.0000,0.0000,1.0000,0.2820,0.2947,0.2062
236,5,52.3959,-0.4095,0.6614,1.0000,-0.0063,0.0000,0.0063,1.0000,0.0000,0.0000,0.0000,1.0000,0.1112,0.2100,0.3614
236,6,52.4890,-0.3906,0.4265,1.0000,-0.0063,0.0000,0.0063,1.0000,0.0000,0.0000,0.0000,1.0000,0.1972,0.1336,0.1265
236,7,52.5979,-0.3829,0.4491,1.0000,-0.0063,0.0000,0.0063,1.0000,0.0000,0.0000,0.0000,1.0000,0.1624,0.1625,0.0548
236,8,52.6256,-0.3399,0.4472,1.0000,-0.0063,0.0000,0.0063,1.0000,0.0000,0.0000,0.0000,1.0000,0.0831,0.2046,0.1050
236,9,52.6563,-0.2738,0.4544,1.0000,-0.0063,0.0000,0.0063,1.0000,0.0000,0.0000,0.0000,1.0000,0.0210,0.0279,0.0569
236,10,52.6999,-0.3339,0.4546,1.0000,-0.0063,0.0000,0.0063,1.0000,0.0000,0.0000,0.0000,1.0000,0.0210,0.0279,0.0569
237,0,53.3885,-0.2721,0.4400,1.0000,-0.0065,0.0000,0.0065,1.0000,0.0000,0.0000,0.0000,1.0000,0.2577,0.2263,0.1400
237,1,53.3967,-0.2693,0.6052,1.0000,-0.0065,0.0000,0.0065,1.0000,0.0000,0.0000,0.0000,1.0000,0.1100,0.2168,0.3052
237,2,53.4722,-0.3300,0.5173,1.0000,-0.0065,0.0000,0.0065,1.0000,0.0000,0.0000,0.0000,1.0000,0.1101,0.3070,0.2173
237,3,53.4934,-0.5069,0.5889,1.0000,-0.0065,0.0000,0.0065,1.0000,0.0000,0.0000,0.0000,1.0000,0.2836,0.2073,0.2889
237,4,53.6112,-0.5542,0.5062,1.0000,-0.0065,0.0000,0.0065,1.0000,0.0000,0.0000,0.0000,1.0000,0.2820,0.2947,0.2062
237,5,53.7797,-0.4184,0.6614,1.0000,-0.0065,0.0000,0.0065,1.0000,0.0000,0.0000,0.0000,1.0000,0.1112,0.2100,0.3614
237,6,53.8728,-0.3995,0.4265,1.0000,-0.0065,0.0000,0.0065,1.0000,0.0000,0.0000,0.0000,1.0000,0.1972,0.1336,0.1265
237,7,53.9818,-0.3919,0.4491,1.0000,-0.0065,0.0000,0.0065,1.0000,0.0000,0.0000,0.0000,1.0000,0.1624,0.1625,0.0548
237,8,54.0095,-0.3488,0.4472,1.0000,-0.0065,0.0000,0.0065,1.0000,0.0000,0.0000,0.0000,1.0000,0.0831,0.2046,0.1050
237,9,54.0402,-0.2827,0.4544,1.0000,-0.0065,0.0000,0.0065,1.0000,0.0000,0.0000,0.0000,1.0000,0.0210,0.0279,0.0569
237,10,54.0837,-0.3429,0.4546,1.0000,-0.0065,0.0000,0.0065,1.0000,0.0000,0.0000,0.0000,1.0000,0.0210,0.0279,0.0569
238,0,54.7804,-0.2812,0.4400,1.0000,-0.0066,0.0000,0.0066,1.0000,0.0000,0.0000,0.0000,1.0000,0.2577,0.2263,0.1400
238,1,54.7886,-0.2784,0.6052,1.0000,-0.0066,0.0000,0.0066,1.0000,0.0000,0.0000,0.0000,1.0000,0.1100,0.2168,0.3052
238,2,54.8641,-0.3392,0.5173,1.0000,-0.0066,0.0000,0.0066,1.0000,0.0000,0.0000,0.0000,1.0000,0.1101,0.3070,0.2173
238,3,54.8853,-0.5160,0.5889,1.0000,-0.0066,0.0000,0.0066,1.0000,0.0000,0.0000,0.0000,1.0000,0.2836,0.2073,0.2889
238,4,55.0031,-0.5633,0.5062,1.0000,-0.0066,0.0000,0.0066,1.0000,0.0000,0.0000,0.0000,1.0000,0.2820,0.2947,0.2062
238,5,55.1716,-0.4276,0.6614,1.0000,-0.0066,0.0000,0.0066,1.0000,0.0000,0.0000,0.0000,1.0000,0.1112,0.2100,0.3614
238,6,55.2647,-0.4087,0.4265,1.0000,-0.0066,0.0000,0.0066,1.0000,0.0000,0.0000,0.0000,1.0000,0.1972,0.1336,0.1265
238,7,55.3737,-0.4010,0.4491,1.0000,-0.0066,0.0000,0.0066,1.0000,0.0000,0.0000,0.0000,1.0000,0.1624,0.1625,0.0548
238,8,55.4014,-0.3580,0.4472,1.0000,-0.0066,0.0000,0.0066,1.0000,0.0000,0.0000,0.0000,1.0000,0.0831,0.2046,0.1050
238,9,55.4321,-0.2919,0.4544,1.0000,-0.0066,0.0000,0.0066,1.0000,0.0000,0.0000,0.0000,1.0000,0.0210,0.0279,0.0569
238,10,55.4756,-0.3521,0.4546,1.0000,-0.0066,0.0000,0.0066,1.0000,0.0000,0.0000,0.0000,1.0000,0.0210,0.0279,0.0569
239,0,56.1803,-0.2904,0.4400,1.0000,-0.0065,0.0000,0.0065,1.0000,0.0000,0.0000,0.0000,1.0000,0.2577,0.2263,0.1400
239,1,56.1885,-0.2875,0.6052,1.0000,-0.0065,0.0000,0.0065,1.0000,0.0000,0.0000,0.0000,1.0000,0.1100,0.2168,0.3052
239,2,56.2640,-0.3483,0.5173,1.0000,-0.0065,0.0000,0.0065,1.0000,0.0000,0.0000,0.0000,1.0000,0.1101,0.3070,0.2173
239,3,56.2852,-0.5252,0.5889,1.0000,-0.0065,0.0000,0.0065,1.0000,0.0000,0.0000,0.0000,1.0000,0.2836,0.2073,0.2889
239,4,56.4030,-0.5725,0.5062,1.0000,-0.0065,0.0000,0.0065,1.0000,0.0000,0.0000,0.0000,1.0000,0.2820,0.2947,0.2062
239,5,56.5715,-0.4368,0.6614,1.0000,-0.0065,0.0000,0.0065,1.0000,0.0000,0.0000,0.0000,1.0000,0.1112,0.2100,0.3614
239,6,56.6646,-0.4179,0.4265,1.0000,-0.0065,0.0000,0.0065,1.0000,0.0000,0.0000,0.0000,1.0000,0.1972,0.1336,0.1265
239,7,56.7736,-0.4102,0.4491,1.0000,-0.0065,0.0000,0.0065,1.0000,0.0000,0.0000,0.0000,1.0000,0.1624,0.1625,0.0548
239,8,56.8013,-0.3672,0.4472,1.0000,-0.0065,0.0000,0.0065,1.0000,0.0000,0.0000,0.0000,1.0000,0.0831,0.2046,0.1050
239,9,56.8320,-0.3011,0.4544,1.0000,-0.0065,0.0000,0.0065,1.0000,0.0000,0.0000,0.0000,1.0000,0.0210,0.0279,0.0569
239,10,56.8755,-0.3612,0.4546,1.0000,-0.0065,0.0000,0.0065,1.0000,0.0000,0.0000,0.0000,1.0000,0.0210,0.0279,0.0569
240,0,57.5883,-0.2997,0.4400,1.0000,-0.0067,0.0000,0.0067,1.0000,0.0000,0.0000,0.0000,1.0000,0.2577,0.2263,0.1400
240,1,57.5965,-0.2969,0.6052,1.0000,-0.0067,0.0000,0.0067,1.0000,0.0000,0.0000,0.0000,1.0000,0.1100,0.2168,0.3052
240,2,57.6719,-0.3577,0.5173,1.0000,-0.0067,0.0000,0.0067,1.0000,0.0000,0.0000,0.0000,1.0000,0.1101,0.3070,0.2173
240,3,57.6932,-0.5345,0.5889,1.0000,-0.0067,0.0000,0.0067,1.0000,0.0000,0.0000,0.0000,1.0000,0.2836,0.2073,0.2889
240,4,57.8109,-0.5818,0.5062,1.0000,-0.0067,0.0000,0.0067,1.0000,0.0000,0.0000,0.0000,1.0000,0.2820,0.2947,0.2062
240,5,57.9795,-0.4462,0.6614,1.0000,-0.0067,0.0000,0.0067,1.0000,0.0000,0.0000,0.0000,1.0000,0.1112,0.2100,0.3614
240,6,58.0726,-0.4273,0.4265,1.0000,-0.0067,0.0000,0.0067,1.0000,0.0000,0.0000,0.0000,1.0000,0.1972,0.1336,0.1265
240,7,58.1815,-0.4196,0.4491,1.0000,-0.0067,0.0000,0.0067,1.0000,0.0000,0.0000,0.0000,1.0000,0.1624,0.1625,0.0548
240,8,58.2092,-0.3766,0.4472,1.0000,-0.0067,0.0000,0.0067,1.0000,0.0000,0.0000,0.0000,1.0000,0.0831,0.2046,0.1050
240,9,58.2400,-0.3105,0.4544,1.0000,-0.0067,0.0000,0.0067,1.0000,0.0000,0.0000,0.0000,1.0000,0.0210,0.0279,0.0569
240,10,58.2835,-0.3707,0.4546,1.0000,-0.0067,0.0000,0.0067,1.0000,0.0000,0.0000,0.0000,1.0000,0.0210,0.0279,0.0569
241,0,59.0046,-0.3093,0.4400,1.0000,-0.0069,0.0000,0.0069,1.0000,0.0000,0.0000,0.0000,1.0000,0.2577,0.2263,0.1400
241,1,59.0127,-0.3065,0.6052,1.0000,-0.0069,0.0000,0.0069,1.0000,0.0000,0.0000,0.0000,1.0000,0.1100,0.2168,0.3052
241,2,59.0882,-0.3673,0.5173,1.0000,-0.0069,0.0000,0.0069,1.0000,0.0000,0.0000,0.0000,1.0000,0.1101,0.3070,0.2173
241,3,59.1093,-0.5442,0.5889,1.0000,-0.0069,0.0000,0.0069,1.0000,0.0000,0.0000,0.0000,1.0000,0.2836,0.2073,0.2889
241,4,59.2271,-0.5915,0.5062,1.0000,-0.0069,0.0000,0.0069,1.0000,0.0000,0.0000,0.0000,1.0000,0.2820,0.2947,0.2062
241,5,59.3957,-0.4558,0.6614,1.0000,-0.0069,0.0000,0.0069,1.0000,0.0000,0.0000,0.0000,1.0000,0.1112,0.2100,0.3614
241,6,59.4888,-0.4370,0.4265,1.0000,-0.0069,0.0000,0.0069,1.0000,0.0000,0.0000,0.0000,1.0000,0.1972,0.1336,0.1265
241,7,59.5977,-0.4293,0.4491,1.0000,-0.0069,0.0000,0.0069,1.0000,0.0000,0.0000,0.0000,1.0000,0.1624,0.1625,0.0548
241,8,59.6254,-0.3863,0.4472,1.0000,-0.0069,0.0000,0.0069,1.0000,0.0000,0.0000,0.0000,1.0000,0.0831,0.2046,0.1050
241,9,59.6562,-0.3202,0.4544,1.0000,-0.0069,0.0000,0.0069,1.0000,0.0000,0.0000,0.0000,1.0000,0.0210,0.0279,0.0569
241,10,59.6997,-0.3804,0.4546,1.0000,-0.0069,0.0000,0.0069,1.0000,0.0000,0.0000,0.0000,1.0000,0.0210,0.0279,0.0569
242,0,60.4291,-0.3190,0.4400,1.0000,-0.0067,0.0000,0.0067,1.0000,0.0000,0.0000,0.0000,1.0000,0.2577,0.2263,0.1400
242,1,60.4372,-0.3161,0.6052,1.0000,-0.0067,0.0000,0.0067,1.0000,0.0000,0.0000,0.0000,1.0000,0.1100,0.2168,0.3052
242,2,60.5127,-0.3769,0.5173,1.0000,-0.0067,0.0000,0.0067,1.0000,0.0000,0.0000,0.0000,1.0000,0.1101,0.3070,0.2173
242,3,60.5339,-0.5538,0.5889,1.0000,-0.0067,0.0000,0.0067,1.0000,0.0000,0.0000,0.0000,1.0000,0.2836,0.2073,0.2889
242,4,60.6517,-0.6011,0.5062,1.0000,-0.0067,0.0000,0.0067,1.0000,0.0000,0.0000,0.0000,1.0000,0.2820,0.2947,0.2062
242,5,60.8202,-0.4654,0.6614,1.0000,-0.0067,0.0000,0.0067,1.0000,0.0000,0.0000,0.0000,1.0000,0.1112,0.2100,0.3614
242,6,60.9133,-0.4465,0.4265,1.0000,-0.0067,0.0000,0.0067,1.0000,0.0000,0.0000,0.0000,1.0000,0.1972,0.1336,0.1265
242,7,61.0223,-0.4389,0.4491,1.0000,-0.0067,0.0000,0.0067,1.0000,0.0000,0.0000,0.0000,1.0000,0.1624,0.1625,0.0548
242,8,61.0500,-0.3958,0.4472,1.0000,-0.0067,0.0000,0.0067,1.0000,0.0000,0.0000,0.0000,1.0000,0.0831,0.2046,0.1050
242,9,61.0807,-0.3297,0.4544,1.0000,-0.0067,0.0000,0.0067,1.0000,0.0000,0.0000,0.0000,1.0000,0.0210,0.0279,0.0569
242,10,61.1242,-0.3899,0.4546,1.0000,-0.0067,0.0000,0.0067,1.0000,0.0000,0.0000,0.0000,1.0000,0.0210,0.0279,0.0569
243,0,61.8618,-0.3285,0.4400,1.0000,-0.0065,0.0000,0.0065,1.0000,0.0000,0.0000,0.0000,1.0000,0.2577,0.2263,0.1400
243,1,61.8699,-0.3256,0.6052,1.0000,-0.0065,0.0000,0.0065,1.0000,0.0000,0.0000,0.0000,1.0000,0.1100,0.2168,0.3052
243,2,61.9454,-0.3864,0.5173,1.0000,-0.0065,0.0000,0.0065,1.0000,0.0000,0.0000,0.0000,1.0000,0.1101,0.3070,0.2173
243,3,61.9667,-0.5633,0.5889,1.0000,-0.0065,0.0000,0.0065,1.0000,0.0000,0.0000,0.0000,1.0000,0.2836,0.2073,0.2889
243,4,62.0845,-0.6105,0.5062,1.0000,-0.0065,0.0000,0.0065,1.0000,0.0000,0.0000,0.0000,1.0000,0.2820,0.2947,0.2062
243,5,62.2529,-0.4748,0.6614,1.0000,-0.0065,0.0000,0.0065,1.0000,0.0000,0.0000,0.0000,1.0000,0.1112,0.2100,0.3614
243,6,62.3461,-0.4559,0.4265,1.0000,-0.0065,0.0000,0.0065,1.0000,0.0000,0.0000,0.0000,1.0000,0.1972,0.1336,0.1265
243,7,62.4550,-0.4482,0.4491,1.0000,-0.0065,0.0000,0.0065,1.0000,0.0000,0.0000,0.0000,1.0000,0.1624,0.1625,0.0548
243,8,62.4827,-0.4052,0.4472,1.0000,-0.0065,0.0000,0.0065,1.0000,0.0000,0.0000,0.0000,1.0000,0.0831,0.2046,0.1050
243,9,62.5134,-0.3391,0.4544,1.0000,-0.0065,0.0000,0.0065,1.0000,0.0000,0.0000,0.0000,1.0000,0.0210,0.0279,0.0569
243,10,62.5569,-0.3993,0.4546,1.0000,-0.0065,0.0000,0.0065,1.0000,0.0000,0.0000,0.0000,1.0000,0.0210,0.0279,0.0569
244,0,63.3026,-0.3379,0.4400,1.0000,-0.0066,0.0000,0.0066,1.0000,0.0000,0.0000,0.0000,1.0000,0.2577,0.2263,0.1400
244,1,63.3107,-0.3350,0.6052,1.0000,-0.0066,0.0000,0.0066,1.0000,0.0000,0.0000,0.0000,1.0000,0.1100,0.2168,0.3052
244,2,63.3862,-0.3958,0.5173,1.0000,-0.0066,0.0000,0.0066,1.0000,0.0000,0.0000,0.0000,1.0000,0.1101,0.3070,0.2173
244,3,63.4075,-0.5727,0.5889,1.0000,-0.0066,0.0000,0.0066,1.0000,0.0000,0.0000,0.0000,1.0000,0.2836,0.2073,0.2889
244,4,63.5253,-0.6199,0.5062,1.0000,-0.0066,0.0000,0.0066,1.0000,0.0000,0.0000,0.0000,1.0000,0.2820,0.2947,0.2062
244,5,63.6938,-0.4842,0.6614,1.0000,-0.0066,0.0000,0.0066,1.0000,0.0000,0.0000,0.0000,1.0000,0.1112,0.2100,0.3614
244,6,63.7869,-0.4654,0.4265,1.0000,-0.0066,0.0000,0.0066,1.0000,0.0000,0.0000,0.0000,1.0000,0.1972,0.1336,0.1265
244,7,63.8958,-0.4577,0.4491,1.0000,-0.0066,0.0000,0.0066,1.0000,0.0000,0.0000,0.0000,1.0000,0.1624,0.1625,0.0548
244,8,63.9235,-0.4147,0.4472,1.0000,-0.0066,0.0000,0.0066,1.0000,0.0000,0.0000,0.0000,1.0000,0.0831,0.2046,0.1050
244,9,63.9543,-0.3486,0.4544,1.0000,-0.0066,0.0000,0.0066,1.0000,0.0000,0.0000,0.0000,1.0000,0.0210,0.0279,0.0569
244,10,63.9978,-0.4087,0.4546,1.0000,-0.0066,0.0000,0.0066,1.0000,0.0000,0.0000,0.0000,1.0000,0.0210,0.0279,0.0569
245,0,64.7514,-0.3474,0.4400,1.0000,-0.0066,0.0000,0.0066,1.0000,0.0000,0.0000,0.0000,1.0000,0.2577,0.2263,0.1400
245,1,64.7595,-0.3446,0.6052,1.0000,-0.0066,0.0000,0.0066,1.0000,0.0000,0.0000,0.0000,1.0000,0.1100,0.2168,0.3052
245,2,64.8350,-0.4054,0.5173,1.0000,-0.0066,0.0000,0.0066,1.0000,0.0000,0.0000,0.0000,1.0000,0.1101,0.3070,0.2173
245,3,64.8562,-0.5822,0.5889,1.0000,-0.0066,0.0000,0.0066,1.0000,0.0000,0.0000,0.0000,1.0000,0.2836,0.2073,0.2889
245,4,64.9740,-0.6295,0.5062,1.0000,-0.0066,0.0000,0.0066,1.0000,0.0000,0.0000,0.0000,1.0000,0.2820,0.2947,0.2062
245,5,65.1425,-0.4938,0.6614,1.0000,-0.0066,0.0000,0.0066,1.0000,0.0000,0.0000,0.0000,1.0000,0.1112,0.2100,0.3614
245,6,65.2356,-0.4750,0.4265,1.0000,-0.0066,0.0000,0.0066,1.0000,0.0000,0.0000,0.0000,1.0000,0.1972,0.1336,0.1265
245,7,65.3446,-0.4673,0.4491,1.0000,-0.0066,0.0000,0.0066,1.0000,0.0000,0.0000,0.0000,1.0000,0.1624,0.1625,0.0548
245,8,65.3723,-0.4243,0.4472,1.0000,-0.0066,0.0000,0.0066,1.0000,0.0000,0.0000,0.0000,1.0000,0.0831,0.2046,0.1050
245,9,65.4030,-0.3582,0.4544,1.0000,-0.0066,0.0000,0.0066,1.0000,0.0000,0.0000,0.0000,1.0000,0.0210,0.0279,0.0569
245,10,65.4465,-0.4184,0.4546,1.0000,-0.0066,0.0000,0.0066,1.0000,0.0000,0.0000,0.0000,1.0000,0.0210,0.0279,0.0569
246,0,66.2078,-0.3571,0.4400,1.0000,-0.0066,0.0000,0.0066,1.0000,0.0000,0.0000,0.0000,1.0000,0.2577,0.2263,0.1400
246,1,66.2159,-0.3542,0.6052,1.0000,-0.0066,0.0000,0.0066,1.0000,0.0000,0.0000,0.0000,1.0000,0.1100,0.2168,0.3052
246,2,66.2914,-0.4150,0.5173,1.0000,-0.0066,0.0000,0.0066,1.0000,0.0000,0.0000,0.0000,1.0000,0.1101,0.3070,0.2173
246,3,66.3127,-0.5919,0.5889,1.0000,-0.0066,0.0000,0.0066,1.0000,0.0000,0.0000,0.0000,1.0000,0.2836,0.2073,0.2889
246,4,66.4305,-0.6391,0.5062,1.0000,-0.0066,0.0000,0.0066,1.0000,0.0000,0.0000,0.0000,1.0000,0.2820,0.2947,0.2062
246,5,66.5990,-0.5034,0.6614,1.0000,-0.0066,0.0000,0.0066,1.0000,0.0000,0.0000,0.0000,1.0000,0.1112,0.2100,0.3614
246,6,66.6921,-0.4846,0.4265,1.0000,-0.0066,0.0000,0.0066,1.0000,0.0000,0.0000,0.0000,1.0000,0.1972,0.1336,0.1265
246,7,66.8010,-0.4769,0.4491,1.0000,-0.0066,0.0000,0.0066,1.0000,0.0000,0.0000,0.0000,1.0000,0.1624,0.1625,0.0548
246,8,66.8287,-0.4339,0.4472,1.0000,-0.0066,0.0000,0.0066,1.0000,0.0000,0.0000,0.0000,1.0000,0.0831,0.2046,0.1050
246,9,66.8595,-0.3678,0.4544,1.0000,-0.0066,0.0000,0.0066,1.0000,0.0000,0.0000,0.0000,1.0000,0.0210,0.0279,0.0569
246,10,66.9030,-0.4279,0.4546,1.0000,-0.0066,0.0000,0.0066,1.0000,0.0000,0.0000,0.0000,1.0000,0.0210,0.0279,0.0569
247,0,67.6717,-0.3667,0.4400,1.0000,-0.0066,0.0000,0.0066,1.0000,0.0000,0.0000,0.0000,1.0000,0.2577,0.2263,0.1400
247,1,67.6798,-0.3639,0.6052,1.0000,-0.0066,0.0000,0.0066,1.0000,0.0000,0.0000,0.0000,1.0000,0.1100,0.2168,0.3052
247,2,67.7553,-0.4247,0.5173,1.0000,-0.0066,0.0000,0.0066,1.0000,0.0000,0.0000,0.0000,1.0000,0.1101,0.3070,0.2173
247,3,67.7766,-0.6015,0.5889,1.0000,-0.0066,0.0000,0.0066,1.0000,0.0000,0.0000,0.0000,1.0000,0.2836,0.2073,0.2889
247,4,67.8944,-0.6488,0.5062,1.0000,-0.0066,0.0000,0.0066,1.0000,0.0000,0.0000,0.0000,1.0000,0.2820,0.2947,0.2062
247,5,68.0629,-0.5131,0.6614,1.0000,-0.0066,0.0000,0.0066,1.0000,0.0000,0.0000,0.0000,1.0000,0.1112,0.2100,0.3614
247,6,68.1560,-0.4942,0.4265,1.0000,-0.0066,0.0000,0.0066,1.0000,0.0000,0.0000,0.0000,1.0000,0.1972,0.1336,0.1265
247,7,68.2650,-0.4865,0.4491,1.0000,-0.0066,0.0000,0.0066,1.0000,0.0000,0.0000,0.0000,1.0000,0.1624,0.1625,0.0548
247,8,68.2926,-0.4435,0.4472,1.0000,-0.0066,0.0000,0.0066,1.0000,0.0000,0.0000,0.0000,1.0000,0.0831,0.2046,0.1050
247,9,68.3234,-0.3774,0.4544,1.0000,-0.0066,0.0000,0.0066,1.0000,0.0000,0.0000,0.0000,1.0000,0.0210,0.0279,0.0569
247,10,68.3669,-0.4376,0.4546,1.0000,-0.0066,0.0000,0.0066,1.0000,0.0000,0.0000,0.0000,1.0000,0.0210,0.0279,0.0569
248,0,69.1430,-0.3763,0.4400,1.0000,-0.0065,0.0000,0.0065,1.0000,0.0000,0.0000,0.0000,1.0000,0.2577,0.2263,0.1400
248,1,69.1511,-0.3735,0.6052,1.0000,-0.0065,0.0000,0.0065,1.0000,0.0000,0.0000,0.0000,1.0000,0.1100,0.2168,0.3052
248,2,69.2266,-0.4343,0.5173,1.0000,-0.0065,0.0000,0.0065,1.0000,0.0000,0.0000,0.0000,1.0000,0.1101,0.3070,0.2173
248,3,69.2479,-0.6111,0.5889,1.0000,-0.0065,0.0000,0.0065,1.0000,0.0000,0.0000,0.0000,1.0000,0.2836,0.2073,0.2889
248,4,69.3657,-0.6584,0.5062,1.0000,-0.0065,0.0000,0.0065,1.0000,0.0000,0.0000,0.0000,1.0000,0.2820,0.2947,0.2062
248,5,69.5341,-0.5226,0.6614,1.0000,-0.0065,0.0000,0.0065,1.0000,0.0000,0.0000,0.0000,1.0000,0.1112,0.2100,0.3614
248,6,69.6273,-0.5037,0.4265,1.0000,-0.0065,0.0000,0.0065,1.0000,0.0000,0.0000,0.0000,1.0000,0.1972,0.1336,0.1265
248,7,69.7362,-0.4961,0.4491,1.0000,-0.0065,0.0000,0.0065,1.0000,0.0000,0.0000,0.0000,1.0000,0.1624,0.1625,0.0548
248,8,69.7639,-0.4530,0.4472,1.0000,-0.0065,0.0000,0.0065,1.0000,0.0000,0.0000,0.0000,1.0000,0.0831,0.2046,0.1050
248,9,69.7946,-0.3869,0.4544,1.0000,-0.0065,0.0000,0.0065,1.0000,0.0000,0.0000,0.0000,1.0000,0.0210,0.0279,0.0569
248,10,69.8381,-0.4471,0.4546,1.0000,-0.0065,0.0000,0.0065,1.0000,0.0000,0.0000,0.0000,1.0000,0.0210,0.0279,0.0569
249,0,70.6217,-0.3858,0.4400,1.0000,-0.0064,0.0000,0.0064,1.0000,0.0000,0.0000,0.0000,1.0000,0.2577,0.2263,0.1400
249,1,70.6298,-0.3830,0.6052,1.0000,-0.0064,0.0000,0.0064,1.0000,0.0000,0.0000,0.0000,1.0000,0.1100,0.2168,0.3052
249,2,70.7053,-0.4437,0.5173,1.0000,-0.0064,0.0000,0.0064,1.0000,0.0000,0.0000,0.0000,1.0000,0.1101,0.3070,0.2173
249,3,70.7266,-0.6206,0.5889,1.0000,-0.0064,0.0000,0.0064,1.0000,0.0000,0.0000,0.0000,1.0000,0.2836,0.2073,0.2889
249,4,70.8444,-0.6678,0.5062,1.0000,-0.0064,0.0000,0.0064,1.0000,0.0000,0.0000,0.0000,1.0000,0.2820,0.2947,0.2062
249,5,71.0128,-0.5321,0.6614,1.0000,-0.0064,0.0000,0.0064,1.0000,0.0000,0.0000,0.0000,1.0000,0.1112,0.2100,0.3614
249,6,71.1060,-0.5132,0.4265,1.0000,-0.0064,0.0000,0.0064,1.0000,0.0000,0.0000,0.0000,1.0000,0.1972,0.1336,0.1265
249,7,71.2149,-0.5055,0.4491,1.0000,-0.0064,0.0000,0.0064,1.0000,0.0000,0.0000,0.0000,1.0000,0.1624,0.1625,0.0548
249,8,71.2426,-0.4625,0.4472,1.0000,-0.0064,0.0000,0.0064,1.0000,0.0000,0.0000,0.0000,1.0000,0.0831,0.2046,0.1050
249,9,71.2733,-0.3964,0.4544,1.0000,-0.0064,0.0000,0.0064,1.0000,0.0000,0.0000,0.0000,1.0000,0.0210,0.0279,0.0569
249,10,71.3168,-0.4565,0.4546,1.0000,-0.0064,0.0000,0.0064,1.0000,0.0000,0.0000,0.0000,1.0000,0.0210,0.0279,0.0569
250,0,72.1080,-0.3951,0.4400,1.0000,-0.0061,0.0000,0.0061,1.0000,0.0000,0.0000,0.0000,1.0000,0.2577,0.2263,0.1400
250,1,72.1161,-0.3923,0.6052,1.0000,-0.0061,0.0000,0.0061,1.0000,0.0000,0.0000,0.0000,1.0000,0.1100,0.2168,0.3052
250,2,72.1916,-0.4530,0.5173,1.0000,-0.0061,0.0000,0.0061,1.0000,0.0000,0.0000,0.0000,1.0000,0.1101,0.3070,0.2173
250,3,72.2130,-0.6299,0.5889,1.0000,-0.0061,0.0000,0.0061,1.0000,0.0000,0.0000,0.0000,1.0000,0.2836,0.2073,0.2889
250,4,72.3308,-0.6771,0.5062,1.0000,-0.0061,0.0000,0.0061,1.0000,0.0000,0.0000,0.0000,1.0000,0.2820,0.2947,0.2062
250,5,72.4992,-0.5413,0.6614,1.0000,-0.0061,0.0000,0.0061,1.0000,0.0000,0.0000,0.0000,1.0000,0.1112,0.2100,0.3614
250,6,72.5923,-0.5224,0.4265,1.0000,-0.0061,0.0000,0.0061,1.0000,0.0000,0.0000,0.0000,1.0000,0.1972,0.1336,0.1265
250,7,72.7013,-0.5146,0.4491,1.0000,-0.0061,0.0000,0.0061,1.0000,0.0000,0.0000,0.0000,1.0000,0.1624,0.1625,0.0548
250,8,72.7289,-0.4716,0.4472,1.0000,-0.0061,0.0000,0.0061,1.0000,0.0000,0.0000,0.0000,1.0000,0.0831,0.2046,0.1050
250,9,72.7596,-0.4055,0.4544,1.0000,-0.0061,0.0000,0.0061,1.0000,0.0000,0.0000,0.0000,1.0000,0.0210,0.0279,0.0569
250,10,72.8032,-0.4657,0.4546,1.0000,-0.0061,0.0000,0.0061,1.0000,0.0000,0.0000,0.0000,1.0000,0.0210,0.0279,0.0569
251,0,73.6022,-0.4040,0.4400,1.0000,-0.0057,0.0000,0.0057,1.0000,0.0000,0.0000,0.0000,1.0000,0.2577,0.2263,0.1400
251,1,73.6103,-0.4011,0.6052,1.0000,-0.0057,0.0000,0.0057,1.0000,0.0000,0.0000,0.0000,1.0000,0.1100,0.2168,0.3052
251,2,73.6859,-0.4619,0.5173,1.0000,-0.0057,0.0000,0.0057,1.0000,0.0000,0.0000,0.0000,1.0000,0.1101,0.3070,0.2173
251,3,73.7073,-0.6387,0.5889,1.0000,-0.0057,0.0000,0.0057,1.0000,0.0000,0.0000,0.0000,1.0000,0.2836,0.2073,0.2889
251,4,73.8251,-0.6859,0.5062,1.0000,-0.0057,0.0000,0.0057,1.0000,0.0000,0.0000,0.0000,1.0000,0.2820,0.2947,0.2062
251,5,73.9935,-0.5500,0.6614,1.0000,-0.0057,0.0000,0.0057,1.0000,0.0000,0.0000,0.0000,1.0000,0.1112,0.2100,0.3614
251,6,74.0866,-0.5310,0.4265,1.0000,-0.0057,0.0000,0.0057,1.0000,0.0000,0.0000,0.0000,1.0000,0.1972,0.1336,0.1265
251,7,74.1955,-0.5233,0.4491,1.0000,-0.0057,0.0000,0.0057,1.0000,0.0000,0.0000,0.0000,1.0000,0.1624,0.1625,0.0548
251,8,74.2232,-0.4802,0.4472,1.0000,-0.0057,0.0000,0.0057,1.0000,0.0000,0.0000,0.0000,1.0000,0.0831,0.2046,0.1050
251,9,74.2539,-0.4141,0.4544,1.0000,-0.0057,0.0000,0.0057,1.0000,0.0000,0.0000,0.0000,1.0000,0.0210,0.0279,0.0569
251,10,74.2974,-0.4743,0.4546,1.0000,-0.0057,0.0000,0.0057,1.0000,0.0000,0.0000,0.0000,1.0000,0.0210,0.0279,0.0569
252,0,75.1044,-0.4123,0.4400,1.0000,-0.0054,0.0000,0.0054,1.0000,0.0000,0.0000,0.0000,1.0000,0.2577,0.2263,0.1400
252,1,75.1125,-0.4095,0.6052,1.0000,-0.0054,0.0000,0.0054,1.0000,0.0000,0.0000,0.0000,1.0000,0.1100,0.2168,0.3052
252,2,75.1881,-0.4702,0.5173,1.0000,-0.0054,0.0000,0.0054,1.0000,0.0000,0.0000,0.0000,1.0000,0.1101,0.3070,0.2173
252,3,75.2095,-0.6470,0.5889,1.0000,-0.0054,0.0000,0.0054,1.0000,0.0000,0.0000,0.0000,1.0000,0.2836,0.2073,0.2889
252,4,75.3274,-0.6941,0.5062,1.0000,-0.0054,0.0000,0.0054,1.0000,0.0000,0.0000,0.0000,1.0000,0.2820,0.2947,0.2062
252,5,75.4957,-0.5582,0.6614,1.0000,-0.0054,0.0000,0.0054,1.0000,0.0000,0.0000,0.0000,1.0000,0.1112,0.2100,0.3614
252,6,75.5888,-0.5392,0.4265,1.0000,-0.0054,0.0000,0.0054,1.0000,0.0000,0.0000,0.0000,1.0000,0.1972,0.1336,0.1265
252,7,75.6977,-0.5314,0.4491,1.0000,-0.0054,0.0000,0.0054,1.0000,0.0000,0.0000,0.0000,1.0000,0.1624,0.1625,0.0548
252,8,75.7254,-0.4884,0.4472,1.0000,-0.0054,0.0000,0.0054,1.0000,0.0000,0.0000,0.0000,1.0000,0.0831,0.2046,0.1050
252,9,75.7560,-0.4222,0.4544,1.0000,-0.0054,0.0000,0.0054,1.0000,0.0000,0.0000,0.0000,1.0000,0.0210,0.0279,0.0569
252,10,75.7996,-0.4824,0.4546,1.0000,-0.0054,0.0000,0.0054,1.0000,0.0000,0.0000,0.0000,1.0000,0.0210,0.0279,0.0569
253,0,76.6143,-0.4202,0.4400,1.0000,-0.0050,0.0000,0.0050,1.0000,0.0000,0.0000,0.0000,1.0000,0.2577,0.2263,0.1400
253,1,76.6224,-0.4173,0.6052,1.0000,-0.0050,0.0000,0.0050,1.0000,0.0000,0.0000,0.0000,1.0000,0.1100,0.2168,0.3052
253,2,76.6980,-0.4780,0.5173,1.0000,-0.0050,0.0000,0.0050,1.0000,0.0000,0.0000,0.0000,1.0000,0.1101,0.3070,0.2173
253,3,76.7196,-0.6548,0.5889,1.0000,-0.0050,0.0000,0.0050,1.0000,0.0000,0.0000,0.0000,1.0000,0.2836,0.2073,0.2889
253,4,76.8374,-0.7019,0.5062,1.0000,-0.0050,0.0000,0.0050,1.0000,0.0000,0.0000,0.0000,1.0000,0.2820,0.2947,0.2062
253,5,77.0057,-0.5660,0.6614,1.0000,-0.0050,0.0000,0.0050,1.0000,0.0000,0.0000,0.0000,1.0000,0.1112,0.2100,0.3614
253,6,77.0988,-0.5469,0.4265,1.0000,-0.0050,0.0000,0.0050,1.0000,0.0000,0.0000,0.0000,1.0000,0.1972,0.1336,0.1265
253,7,77.2077,-0.5391,0.4491,1.0000,-0.0050,0.0000,0.0050,1.0000,0.0000,0.0000,0.0000,1.0000,0.1624,0.1625,0.0548
253,8,77.2354,-0.4960,0.4472,1.0000,-0.0050,0.0000,0.0050,1.0000,0.0000,0.0000,0.0000,1.0000,0.0831,0.2046,0.1050
253,9,77.2660,-0.4299,0.4544,1.0000,-0.0050,0.0000,0.0050,1.0000,0.0000,0.0000,0.0000,1.0000,0.0210,0.0279,0.0569
253,10,77.3096,-0.4900,0.4546,1.0000,-0.0050,0.0000,0.0050,1.0000,0.0000,0.0000,0.0000,1.0000,0.0210,0.0279,0.0569
254,0,78.1319,-0.4274,0.4400,1.0000,-0.0044,0.0000,0.0044,1.0000,0.0000,0.0000,0.0000,1.0000,0.2577,0.2263,0.1400
254,1,78.1400,-0.4245,0.6052,1.0000,-0.0044,0.0000,0.0044,1.0000,0.0000,0.0000,0.0000,1.0000,0.1100,0.2168,0.3052
254,2,78.2156,-0.4851,0.5173,1.0000,-0.0044,0.0000,0.0044,1.0000,0.0000,0.0000,0.0000,1.0000,0.1101,0.3070,0.2173
254,3,78.2373,-0.6619,0.5889,1.0000,-0.0044,0.0000,0.0044,1.0000,0.0000,0.0000,0.0000,1.0000,0.2836,0.2073,0.2889
254,4,78.3552,-0.7090,0.5062,1.0000,-0.0044,0.0000,0.0044,1.0000,0.0000,0.0000,0.0000,1.0000,0.2820,0.2947,0.2062
254,5,78.5234,-0.5729,0.6614,1.0000,-0.0044,0.0000,0.0044,1.0000,0.0000,0.0000,0.0000,1.0000,0.1112,0.2100,0.3614
254,6,78.6164,-0.5538,0.4265,1.0000,-0.0044,0.0000,0.0044,1.0000,0.0000,0.0000,0.0000,1.0000,0.1972,0.1336,0.1265
254,7,78.7254,-0.5459,0.4491,1.0000,-0.0044,0.0000,0.0044,1.0000,0.0000,0.0000,0.0000,1.0000,0.1624,0.1625,0.0548
254,8,78.7530,-0.5028,0.4472,1.0000,-0.0044,0.0000,0.0044,1.0000,0.0000,0.0000,0.0000,1.0000,0.0831,0.2046,0.1050
254,9,78.7836,-0.4366,0.4544,1.0000,-0.0044,0.0000,0.0044,1.0000,0.0000,0.0000,0.0000,1.0000,0.0210,0.0279,0.0569
254,10,78.8272,-0.4967,0.4546,1.0000,-0.0044,0.0000,0.0044,1.0000,0.0000,0.0000,0.0000,1.0000,0.0210,0.0279,0.0569
255,0,79.6568,-0.4341,0.4400,1.0000,-0.0044,0.0000,0.0044,1.0000,0.0000,0.0000,0.0000,1.0000,0.2577,0.2263,0.1400
255,1,79.6649,-0.4312,0.6052,1.0000,-0.0044,0.0000,0.0044,1.0000,0.0000,0.0000,0.0000,1.0000,0.1100,0.2168,0.3052
255,2,79.7406,-0.4918,0.5173,1.0000,-0.0044,0.0000,0.0044,1.0000,0.0000,0.0000,0.0000,1.0000,0.1101,0.3070,0.2173
255,3,79.7622,-0.6686,0.5889,1.0000,-0.0044,0.0000,0.0044,1.0000,0.0000,0.0000,0.0000,1.0000,0.2836,0.2073,0.2889
255,4,79.8801,-0.7157,0.5062,1.0000,-0.0044,0.0000,0.0044,1.0000,0.0000,0.0000,0.0000,1.0000,0.2820,0.2947,0.2062
255,5,80.0483,-0.5796,0.6614,1.0000,-0.0044,0.0000,0.0044,1.0000,0.0000,0.0000,0.0000,1.0000,0.1112,0.2100,0.3614
255,6,80.1414,-0.5605,0.4265,1.0000,-0.0044,0.0000,0.0044,1.0000,0.0000,0.0000,0.0000,1.0000,0.1972,0.1336,0.1265
255,7,80.2503,-0.5526,0.4491,1.0000,-0.0044,0.0000,0.0044,1.0000,0.0000,0.0000,0.0000,1.0000,0.1624,0.1625,0.0548
255,8,80.2779,-0.5095,0.4472,1.0000,-0.0044,0.0000,0.0044,1.0000,0.0000,0.0000,0.0000,1.0000,0.0831,0.2046,0.1050
255,9,80.3085,-0.4433,0.4544,1.0000,-0.0044,0.0000,0.0044,1.0000,0.0000,0.0000,0.0000,1.0000,0.0210,0.0279,0.0569
255,10,80.3521,-0.5034,0.4546,1.0000,-0.0044,0.0000,0.0044,1.0000,0.0000,0.0000,0.0000,1.0000,0.0210,0.0279,0.0569
256,0,0.8685,-0.0079,0.4400,1.0000,-0.0000,0.0000,0.0000,1.0000,0.0000,0.0000,0.0000,1.0000,0.2577,0.2263,0.1400
256,1,0.8766,-0.0050,0.6052,1.0000,-0.0000,0.0000,0.0000,1.0000,0.0000,0.0000,0.0000,1.0000,0.1100,0.2168,0.3052
256,2,0.9525,-0.0653,0.5173,1.0000,-0.0000,0.0000,0.0000,1.0000,0.0000,0.0000,0.0000,1.0000,0.1101,0.3070,0.2173
256,3,0.9749,-0.2420,0.5889,1.0000,-0.0000,0.0000,0.0000,1.0000,0.0000,0.0000,0.0000,1.0000,0.2836,0.2073,0.2889
256,4,1.0930,-0.2885,0.5062,1.0000,-0.0000,0.0000,0.0000,1.0000,0.0000,0.0000,0.0000,1.0000,0.2820,0.2947,0.2062
256,5,1.2606,-0.1517,0.6614,1.0000,-0.0000,0.0000,0.0000,1.0000,0.0000,0.0000,0.0000,1.0000,0.1112,0.2100,0.3614
256,6,1.3536,-0.1322,0.4265,1.0000,-0.0000,0.0000,0.0000,1.0000,0.0000,0.0000,0.0000,1.0000,0.1972,0.1336,0.1265
256,7,1.4625,-0.1238,0.4491,1.0000,-0.0000,0.0000,0.0000,1.0000,0.0000,0.0000,0.0000,1.0000,0.1624,0.1625,0.0548
256,8,1.4899,-0.0806,0.4472,1.0000,-0.0000,0.0000,0.0000,1.0000,0.0000,0.0000,0.0000,1.0000,0.0831,0.2046,0.1050
256,9,1.5202,-0.0143,0.4544,1.0000,-0.0000,0.0000,0.0000,1.0000,0.0000,0.0000,0.0000,1.0000,0.0210,0.0279,0.0569
256,10,1.5641,-0.0742,0.4546,1.0000,-0.0000,0.0000,0.0000,1.0000,0.0000,0.0000,0.0000,1.0000,0.0210,0.0279,0.0569
257,0,1.7899,-0.0080,0.4400,1.0000,-0.0002,0.0000,0.0002,1.0000,0.0000,0.0000,0.0000,1.0000,0.2577,0.2263,0.1400
257,1,1.7980,-0.0051,0.6052,1.0000,-0.0002,0.0000,0.0002,1.0000,0.0000,0.0000,0.0000,1.0000,0.1100,0.2168,0.3052
257,2,1.8739,-0.0654,0.5173,1.0000,-0.0002,0.0000,0.0002,1.0000,0.0000,0.0000,0.0000,1.0000,0.1101,0.3070,0.2173
257,3,1.8963,-0.2421,0.5889,1.0000,-0.0002,0.0000,0.0002,1.0000,0.0000,0.0000,0.0000,1.0000,0.2836,0.2073,0.2889
257,4,2.0144,-0.2887,0.5062,1.0000,-0.0002,0.0000,0.0002,1.0000,0.0000,0.0000,0.0000,1.0000,0.2820,0.2947,0.2062
257,5,2.1820,-0.1519,0.6614,1.0000,-0.0002,0.0000,0.0002,1.0000,0.0000,0.0000,0.0000,1.0000,0.1112,0.2100,0.3614
257,6,2.2750,-0.1324,0.4265,1.0000,-0.0002,0.0000,0.0002,1.0000,0.0000,0.0000,0.0000,1.0000,0.1972,0.1336,0.1265
257,7,2.3839,-0.1241,0.4491,1.0000,-0.0002,0.0000,0.0002,1.0000,0.0000,0.0000,0.0000,1.0000,0.1624,0.1625,0.0548
257,8,2.4113,-0.0809,0.4472,1.0000,-0.0002,0.0000,0.0002,1.0000,0.0000,0.0000,0.0000,1.0000,0.0831,0.2046,0.1050
257,9,2.4416,-0.0146,0.4544,1.0000,-0.0002,0.0000,0.0002,1.0000,0.0000,0.0000,0.0000,1.0000,0.0210,0.0279,0.0569
257,10,2.4855,-0.0745,0.4546,1.0000,-0.0002,0.0000,0.0002,1.0000,0.0000,0.0000,0.0000,1.0000,0.0210,0.0279,0.0569
258,0,2.7244,-0.0084,0.4400,1.0000,-0.0006,0.0000,0.0006,1.0000,0.0000,0.0000,0.0000,1.0000,0.2577,0.2263,0.1400
258,1,2.7325,-0.0055,0.6052,1.0000,-0.0006,0.0000,0.0006,1.0000,0.0000,0.0000,0.0000,1.0000,0.1100,0.2168,0.3052
258,2,2.8084,-0.0658,0.5173,1.0000,-0.0006,0.0000,0.0006,1.0000,0.0000,0.0000,0.0000,1.0000,0.1101,0.3070,0.2173
258,3,2.8307,-0.2426,0.5889,1.0000,-0.0006,0.0000,0.0006,1.0000,0.0000,0.0000,0.0000,1.0000,0.2836,0.2073,0.2889
258,4,2.9488,-0.2891,0.5062,1.0000,-0.0006,0.0000,0.0006,1.0000,0.0000,0.0000,0.0000,1.0000,0.2820,0.2947,0.2062
258,5,3.1165,-0.1524,0.6614,1.0000,-0.0006,0.0000,0.0006,1.0000,0.0000,0.0000,0.0000,1.0000,0.1112,0.2100,0.3614
258,6,3.2095,-0.1330,0.4265,1.0000,-0.0006,0.0000,0.0006,1.0000,0.0000,0.0000,0.0000,1.0000,0.1972,0.1336,0.1265
258,7,3.3184,-0.1246,0.4491,1.0000,-0.0006,0.0000,0.0006,1.0000,0.0000,0.0000,0.0000,1.0000,0.1624,0.1625,0.0548
258,8,3.3458,-0.0815,0.4472,1.0000,-0.0006,0.0000,0.0006,1.0000,0.0000,0.0000,0.0000,1.0000,0.0831,0.2046,0.1050
258,9,3.3761,-0.0152,0.4544,1.0000,-0.0006,0.0000,0.0006,1.0000,0.0000,0.0000,0.0000,1.0000,0.0210,0.0279,0.0569
258,10,3.4200,-0.0751,0.4546,1.0000,-0.0006,0.0000,0.0006,1.0000,0.0000,0.0000,0.0000,1.0000,0.0210,0.0279,0.0569
259,0,3.6731,-0.0087,0.4400,1.0000,-0.0000,0.0000,0.0000,1.0000,0.0000,0.0000,0.0000,1.0000,0.2577,0.2263,0.1400
259,1,3.6812,-0.0058,0.6052,1.0000,-0.0000,0.0000,0.0000,1.0000,0.0000,0.0000,0.0000,1.0000,0.1100,0.2168,0.3052
259,2,3.7571,-0.0661,0.5173,1.0000,-0.0000,0.0000,0.0000,1.0000,0.0000,0.0000,0.0000,1.0000,0.1101,0.3070,0.2173
259,3,3.7795,-0.2428,0.5889,1.0000,-0.0000,0.0000,0.0000,1.0000,0.0000,0.0000,0.0000,1.0000,0.2836,0.2073,0.2889
259,4,3.8976,-0.2893,0.5062,1.0000,-0.0000,0.0000,0.0000,1.0000,0.0000,0.0000,0.0000,1.0000,0.2820,0.2947,0.2062
259,5,4.0652,-0.1525,0.6614,1.0000,-0.0000,0.0000,0.0000,1.0000,0.0000,0.0000,0.0000,1.0000,0.1112,0.2100,0.3614
259,6,4.1582,-0.1330,0.4265,1.0000,-0.0000,0.0000,0.0000,1.0000,0.0000,0.0000,0.0000,1.0000,0.1972,0.1336,0.1265
259,7,4.2671,-0.1246,0.4491,1.0000,-0.0000,0.0000,0.0000,1.0000,0.0000,0.0000,0.0000,1.0000,0.1624,0.1625,0.0548
259,8,4.2945,-0.0814,0.4472,1.0000,-0.0000,0.0000,0.0000,1.0000,0.0000,0.0000,0.0000,1.0000,0.0831,0.2046,0.1050
259,9,4.3248,-0.0151,0.4544,1.0000,-0.0000,0.0000,0.0000,1.0000,0.0000,0.0000,0.0000,1.0000,0.0210,0.0279,0.0569
259,10,4.3687,-0.0750,0.4546,1.0000,-0.0000,0.0000,0.0000,1.0000,0.0000,0.0000,0.0000,1.0000,0.0210,0.0279,0.0569
260,0,4.6366,-0.0090,0.4400,1.0000,-0.0006,0.0000,0.0006,1.0000,0.0000,0.0000,0.0000,1.0000,0.2577,0.2263,0.1400
260,1,4.6447,-0.0061,0.6052,1.0000,-0.0006,0.0000,0.0006,1.0000,0.0000,0.0000,0.0000,1.0000,0.1100,0.2168,0.3052
260,2,4.7206,-0.0664,0.5173,1.0000,-0.0006,0.0000,0.0006,1.0000,0.0000,0.0000,0.0000,1.0000,0.1101,0.3070,0.2173
260,3,4.7429,-0.2432,0.5889,1.0000,-0.0006,0.0000,0.0006,1.0000,0.0000,0.0000,0.0000,1.0000,0.2836,0.2073,0.2889
260,4,4.8609,-0.2897,0.5062,1.0000,-0.0006,0.0000,0.0006,1.0000,0.0000,0.0000,0.0000,1.0000,0.2820,0.2947,0.2062
260,5,5.0286,-0.1530,0.6614,1.0000,-0.0006,0.0000,0.0006,1.0000,0.0000,0.0000,0.0000,1.0000,0.1112,0.2100,0.3614
260,6,5.1216,-0.1336,0.4265,1.0000,-0.0006,0.0000,0.0006,1.0000,0.0000,0.0000,0.0000,1.0000,0.1972,0.1336,0.1265
260,7,5.2305,-0.1253,0.4491,1.0000,-0.0006,0.0000,0.0006,1.0000,0.0000,0.0000,0.0000,1.0000,0.1624,0.1625,0.0548
260,8,5.2580,-0.0821,0.4472,1.0000,-0.0006,0.0000,0.0006,1.0000,0.0000,0.0000,0.0000,1.0000,0.0831,0.2046,0.1050
260,9,5.2883,-0.0158,0.4544,1.0000,-0.0006,0.0000,0.0006,1.0000,0.0000,0.0000,0.0000,1.0000,0.0210,0.0279,0.0569
260,10,5.3322,-0.0757,0.4546,1.0000,-0.0006,0.0000,0.0006,1.0000,0.0000,0.0000,0.0000,1.0000,0.0210,0.0279,0.0569
261,0,5.6152,-0.0100,0.4400,1.0000,-0.0015,0.0000,0.0015,1.0000,0.0000,0.0000,0.0000,1.0000,0.2577,0.2263,0.1400
261,1,5.6233,-0.0071,0.6052,1.0000,-0.0015,0.0000,0.0015,1.0000,0.0000,0.0000,0.0000,1.0000,0.1100,0.2168,0.3052
261,2,5.6991,-0.0675,0.5173,1.0000,-0.0015,0.0000,0.0015,1.0000,0.0000,0.0000,0.0000,1.0000,0.1101,0.3070,0.2173
261,3,5.7213,-0.2442,0.5889,1.0000,-0.0015,0.0000,0.0015,1.0000,0.0000,0.0000,0.0000,1.0000,0.2836,0.2073,0.2889
261,4,5.8393,-0.2909,0.5062,1.0000,-0.0015,0.0000,0.0015,1.0000,0.0000,0.0000,0.0000,1.0000,0.2820,0.2947,0.2062
261,5,6.0071,-0.1544,0.6614,1.0000,-0.0015,0.0000,0.0015,1.0000,0.0000,0.0000,0.0000,1.0000,0.1112,0.2100,0.3614
261,6,6.1001,-0.1350,0.4265,1.0000,-0.0015,0.0000,0.0015,1.0000,0.0000,0.0000,0.0000,1.0000,0.1972,0.1336,0.1265
261,7,6.2090,-0.1268,0.4491,1.0000,-0.0015,0.0000,0.0015,1.0000,0.0000,0.0000,0.0000,1.0000,0.1624,0.1625,0.0548
261,8,6.2365,-0.0836,0.4472,1.0000,-0.0015,0.0000,0.0015,1.0000,0.0000,0.0000,0.0000,1.0000,0.0831,0.2046,0.1050
261,9,6.2669,-0.0173,0.4544,1.0000,-0.0015,0.0000,0.0015,1.0000,0.0000,0.0000,0.0000,1.0000,0.0210,0.0279,0.0569
261,10,6.3107,-0.0773,0.4546,1.0000,-0.0015,0.0000,0.0015,1.0000,0.0000,0.0000,0.0000,1.0000,0.0210,0.0279,0.0569
262,0,6.6088,-0.0114,0.4400,1.0000,-0.0013,0.0000,0.0013,1.0000,0.0000,0.0000,0.0000,1.0000,0.2577,0.2263,0.1400
262,1,6.6169,-0.0085,0.6052,1.0000,-0.0013,0.0000,0.0013,1.0000,0.0000,0.0000,0.0000,1.0000,0.1100,0.2168,0.3052
262,2,6.6927,-0.0689,0.5173,1.0000,-0.0013,0.0000,0.0013,1.0000,0.0000,0.0000,0.0000,1.0000,0.1101,0.3070,0.2173
262,3,6.7149,-0.2456,0.5889,1.0000,-0.0013,0.0000,0.0013,1.0000,0.0000,0.0000,0.0000,1.0000,0.2836,0.2073,0.2889
262,4,6.8330,-0.2922,0.5062,1.0000,-0.0013,0.0000,0.0013,1.0000,0.0000,0.0000,0.0000,1.0000,0.2820,0.2947,0.2062
262,5,7.0007,-0.1557,0.6614,1.0000,-0.0013,0.0000,0.0013,1.0000,0.0000,0.0000,0.0000,1.0000,0.1112,0.2100,0.3614
262,6,7.0938,-0.1363,0.4265,1.0000,-0.0013,0.0000,0.0013,1.0000,0.0000,0.0000,0.0000,1.0000,0.1972,0.1336,0.1265
262,7,7.2027,-0.1280,0.4491,1.0000,-0.0013,0.0000,0.0013,1.0000,0.0000,0.0000,0.0000,1.0000,0.1624,0.1625,0.0548
262,8,7.2301,-0.0849,0.4472,1.0000,-0.0013,0.0000,0.0013,1.0000,0.0000,0.0000,0.0000,1.0000,0.0831,0.2046,0.1050
262,9,7.2605,-0.0186,0.4544,1.0000,-0.0013,0.0000,0.0013,1.0000,0.0000,0.0000,0.0000,1.0000,0.0210,0.0279,0.0569
262,10,7.3043,-0.0786,0.4546,1.0000,-0.0013,0.0000,0.0013,1.0000,0.0000,0.0000,0.0000,1.0000,0.0210,0.0279,0.0569
263,0,7.6169,-0.0126,0.4400,1.0000,-0.0012,0.0000,0.0012,1.0000,0.0000,0.0000,0.0000,1.0000,0.2577,0.2263,0.1400
263,1,7.6250,-0.0097,0.6052,1.0000,-0.0012,0.0000,0.0012,1.0000,0.0000,0.0000,0.0000,1.0000,0.1100,0.2168,0.3052
263,2,7.7008,-0.0701,0.5173,1.0000,-0.0012,0.0000,0.0012,1.0000,0.0000,0.0000,0.0000,1.0000,0.1101,0.3070,0.2173
263,3,7.7230,-0.2469,0.5889,1.0000,-0.0012,0.0000,0.0012,1.0000,0.0000,0.0000,0.0000,1.0000,0.2836,0.2073,0.2889
263,4,7.8410,-0.2935,0.5062,1.0000,-0.0012,0.0000,0.0012,1.0000,0.0000,0.0000,0.0000,1.0000,0.2820,0.2947,0.2062
263,5,8.0088,-0.1569,0.6614,1.0000,-0.0012,0.0000,0.0012,1.0000,0.0000,0.0000,0.0000,1.0000,0.1112,0.2100,0.3614
263,6,8.1018,-0.1375,0.4265,1.0000,-0.0012,0.0000,0.0012,1.0000,0.0000,0.0000,0.0000,1.0000,0.1972,0.1336,0.1265
263,7,8.2107,-0.1292,0.4491,1.0000,-0.0012,0.0000,0.0012,1.0000,0.0000,0.0000,0.0000,1.0000,0.1624,0.1625,0.0548
263,8,8.2382,-0.0861,0.4472,1.0000,-0.0012,0.0000,0.0012,1.0000,0.0000,0.0000,0.0000,1.0000,0.0831,0.2046,0.1050
263,9,8.2686,-0.0198,0.4544,1.0000,-0.0012,0.0000,0.0012,1.0000,0.0000,0.0000,0.0000,1.0000,0.0210,0.0279,0.0569
263,10,8.3124,-0.0798,0.4546,1.0000,-0.0012,0.0000,0.0012,1.0000,0.0000,0.0000,0.0000,1.0000,0.0210,0.0279,0.0569
264,0,8.6391,-0.0139,0.4400,1.0000,-0.0013,0.0000,0.0013,1.0000,0.0000,0.0000,0.0000,1.0000,0.2577,0.2263,0.1400
264,1,8.6472,-0.0110,0.6052,1.0000,-0.0013,0.0000,0.0013,1.0000,0.0000,0.0000,0.0000,1.0000,0.1100,0.2168,0.3052
264,2,8.7230,-0.0714,0.5173,1.0000,-0.0013,0.0000,0.0013,1.0000,0.0000,0.0000,0.0000,1.0000,0.1101,0.3070,0.2173
264,3,8.7452,-0.2482,0.5889,1.0000,-0.0013,0.0000,0.0013,1.0000,0.0000,0.0000,0.0000,1.0000,0.2836,0.2073,0.2889
264,4,8.8632,-0.2948,0.5062,1.0000,-0.0013,0.0000,0.0013,1.0000,0.0000,0.0000,0.0000,1.0000,0.2820,0.2947,0.2062
264,5,9.0310,-0.1582,0.6614,1.0000,-0.0013,0.0000,0.0013,1.0000,0.0000,0.0000,0.0000,1.0000,0.1112,0.2100,0.3614
264,6,9.1240,-0.1388,0.4265,1.0000,-0.0013,0.0000,0.0013,1.0000,0.0000,0.0000,0.0000,1.0000,0.1972,0.1336,0.1265
264,7,9.2329,-0.1306,0.4491,1.0000,-0.0013,0.0000,0.0013,1.0000,0.0000,0.0000,0.0000,1.0000,0.1624,0.1625,0.0548
264,8,9.2604,-0.0874,0.4472,1.0000,-0.0013,0.0000,0.0013,1.0000,0.0000,0.0000,0.0000,1.0000,0.0831,0.2046,0.1050
264,9,9.2908,-0.0212,0.4544,1.0000,-0.0013,0.0000,0.0013,1.0000,0.0000,0.0000,0.0000,1.0000,0.0210,0.0279,0.0569
264,10,9.3346,-0.0811,0.4546,1.0000,-0.0013,0.0000,0.0013,1.0000,0.0000,0.0000,0.0000,1.0000,0.0210,0.0279,0.0569
265,0,9.6754,-0.0155,0.4400,1.0000,-0.0017,0.0000,0.0017,1.0000,0.0000,0.0000,0.0000,1.0000,0.2577,0.2263,0.1400
265,1,9.6835,-0.0126,0.6052,1.0000,-0.0017,0.0000,0.0017,1.0000,0.0000,0.0000,0.0000,1.0000,0.1100,0.2168,0.3052
265,2,9.7593,-0.0730,0.5173,1.0000,-0.0017,0.0000,0.0017,1.0000,0.0000,0.0000,0.0000,1.0000,0.1101,0.3070,0.2173
265,3,9.7813,-0.2497,0.5889,1.0000,-0.0017,0.0000,0.0017,1.0000,0.0000,0.0000,0.0000,1.0000,0.2836,0.2073,0.2889
265,4,9.8994,-0.2964,0.5062,1.0000,-0.0017,0.0000,0.0017,1.0000,0.0000,0.0000,0.0000,1.0000,0.2820,0.2947,0.2062
265,5,10.0672,-0.1599,0.6614,1.0000,-0.0017,0.0000,0.0017,1.0000,0.0000,0.0000,0.0000,1.0000,0.1112,0.2100,0.3614
265,6,10.1602,-0.1406,0.4265,1.0000,-0.0017,0.0000,0.0017,1.0000,0.0000,0.0000,0.0000,1.0000,0.1972,0.1336,0.1265
265,7,10.2692,-0.1324,0.4491,1.0000,-0.0017,0.0000,0.0017,1.0000,0.0000,0.0000,0.0000,1.0000,0.1624,0.1625,0.0548
265,8,10.2966,-0.0892,0.4472,1.0000,-0.0017,0.0000,0.0017,1.0000,0.0000,0.0000,0.0000,1.0000,0.0831,0.2046,0.1050
265,9,10.3270,-0.0230,0.4544,1.0000,-0.0017,0.0000,0.0017,1.0000,0.0000,0.0000,0.0000,1.0000,0.0210,0.0279,0.0569
265,10,10.3708,-0.0830,0.4546,1.0000,-0.0017,0.0000,0.0017,1.0000,0.0000,0.0000,0.0000,1.0000,0.0210,0.0279,0.0569
266,0,10.7257,-0.0173,0.4400,1.0000,-0.0018,0.0000,0.0018,1.0000,0.0000,0.0000,0.0000,1.0000,0.2577,0.2263,0.1400
266,1,10.7338,-0.0144,0.6052,1.0000,-0.0018,0.0000,0.0018,1.0000,0.0000,0.0000,0.0000,1.0000,0.1100,0.2168,0.3052
266,2,10.8096,-0.0749,0.5173,1.0000,-0.0018,0.0000,0.0018,1.0000,0.0000,0.0000,0.0000,1.0000,0.1101,0.3070,0.2173
266,3,10.8317,-0.2516,0.5889,1.0000,-0.0018,0.0000,0.0018,1.0000,0.0000,0.0000,0.0000,1.0000,0.2836,0.2073,0.2889
266,4,10.9497,-0.2983,0.5062,1.0000,-0.0018,0.0000,0.0018,1.0000,0.0000,0.0000,0.0000,1.0000,0.2820,0.2947,0.2062
266,5,11.1175,-0.1618,0.6614,1.0000,-0.0018,0.0000,0.0018,1.0000,0.0000,0.0000,0.0000,1.0000,0.1112,0.2100,0.3614
266,6,11.2106,-0.1425,0.4265,1.0000,-0.0018,0.0000,0.0018,1.0000,0.0000,0.0000,0.0000,1.0000,0.1972,0.1336,0.1265
266,7,11.3195,-0.1343,0.4491,1.0000,-0.0018,0.0000,0.0018,1.0000,0.0000,0.0000,0.0000,1.0000,0.1624,0.1625,0.0548
266,8,11.3470,-0.0911,0.4472,1.0000,-0.0018,0.0000,0.0018,1.0000,0.0000,0.0000,0.0000,1.0000,0.0831,0.2046,0.1050
266,9,11.3774,-0.0249,0.4544,1.0000,-0.0018,0.0000,0.0018,1.0000,0.0000,0.0000,0.0000,1.0000,0.0210,0.0279,0.0569
266,10,11.4212,-0.0849,0.4546,1.0000,-0.0018,0.0000,0.0018,1.0000,0.0000,0.0000,0.0000,1.0000,0.0210,0.0279,0.0569
267,0,11.7904,-0.0195,0.4400,1.0000,-0.0024,0.0000,0.0024,1.0000,0.0000,0.0000,0.0000,1.0000,0.2577,0.2263,0.1400
267,1,11.7985,-0.0167,0.6052,1.0000,-0.0024,0.0000,0.0024,1.0000,0.0000,0.0000,0.0000,1.0000,0.1100,0.2168,0.3052
267,2,11.8742,-0.0771,0.5173,1.0000,-0.0024,0.0000,0.0024,1.0000,0.0000,0.0000,0.0000,1.0000,0.1101,0.3070,0.2173
267,3,11.8962,-0.2539,0.5889,1.0000,-0.0024,0.0000,0.0024,1.0000,0.0000,0.0000,0.0000,1.0000,0.2836,0.2073,0.2889
267,4,12.0142,-0.3007,0.5062,1.0000,-0.0024,0.0000,0.0024,1.0000,0.0000,0.0000,0.0000,1.0000,0.2820,0.2947,0.2062
267,5,12.1821,-0.1643,0.6614,1.0000,-0.0024,0.0000,0.0024,1.0000,0.0000,0.0000,0.0000,1.0000,0.1112,0.2100,0.3614
267,6,12.2752,-0.1450,0.4265,1.0000,-0.0024,0.0000,0.0024,1.0000,0.0000,0.0000,0.0000,1.0000,0.1972,0.1336,0.1265
267,7,12.3841,-0.1369,0.4491,1.0000,-0.0024,0.0000,0.0024,1.0000,0.0000,0.0000,0.0000,1.0000,0.1624,0.1625,0.0548
267,8,12.4116,-0.0937,0.4472,1.0000,-0.0024,0.0000,0.0024,1.0000,0.0000,0.0000,0.0000,1.0000,0.0831,0.2046,0.1050
267,9,12.4421,-0.0275,0.4544,1.0000,-0.0024,0.0000,0.0024,1.0000,0.0000,0.0000,0.0000,1.0000,0.0210,0.0279,0.0569
267,10,12.4858,-0.0875,0.4546,1.0000,-0.0024,0.0000,0.0024,1.0000,0.0000,0.0000,0.0000,1.0000,0.0210,0.0279,0.0569
268,0,12.8696,-0.0219,0.4400,1.0000,-0.0020,0.0000,0.0020,1.0000,0.0000,0.0000,0.0000,1.0000,0.2577,0.2263,0.1400
268,1,12.8777,-0.0191,0.6052,1.0000,-0.0020,0.0000,0.0020,1.0000,0.0000,0.0000,0.0000,1.0000,0.1100,0.2168,0.3052
268,2,12.9535,-0.0795,0.5173,1.0000,-0.0020,0.0000,0.0020,1.0000,0.0000,0.0000,0.0000,1.0000,0.1101,0.3070,0.2173
268,3,12.9755,-0.2563,0.5889,1.0000,-0.0020,0.0000,0.0020,1.0000,0.0000,0.0000,0.0000,1.0000,0.2836,0.2073,0.2889
268,4,13.0935,-0.3030,0.5062,1.0000,-0.0020,0.0000,0.0020,1.0000,0.0000,0.0000,0.0000,1.0000,0.2820,0.2947,0.2062
268,5,13.2614,-0.1665,0.6614,1.0000,-0.0020,0.0000,0.0020,1.0000,0.0000,0.0000,0.0000,1.0000,0.1112,0.2100,0.3614
268,6,13.3544,-0.1472,0.4265,1.0000,-0.0020,0.0000,0.0020,1.0000,0.0000,0.0000,0.0000,1.0000,0.1972,0.1336,0.1265
268,7,13.4633,-0.1390,0.4491,1.0000,-0.0020,0.0000,0.0020,1.0000,0.0000,0.0000,0.0000,1.0000,0.1624,0.1625,0.0548
268,8,13.4908,-0.0959,0.4472,1.0000,-0.0020,0.0000,0.0020,1.0000,0.0000,0.0000,0.0000,1.0000,0.0831,0.2046,0.1050
268,9,13.5213,-0.0296,0.4544,1.0000,-0.0020,0.0000,0.0020,1.0000,0.0000,0.0000,0.0000,1.0000,0.0210,0.0279,0.0569
268,10,13.5650,-0.0896,0.4546,1.0000,-0.0020,0.0000,0.0020,1.0000,0.0000,0.0000,0.0000,1.0000,0.0210,0.0279,0.0569
269,0,13.9634,-0.0240,0.4400,1.0000,-0.0017,0.0000,0.0017,1.0000,0.0000,0.0000,0.0000,1.0000,0.2577,0.2263,0.1400
269,1,13.9715,-0.0211,0.6052,1.0000,-0.0017,0.0000,0.0017,1.0000,0.0000,0.0000,0.0000,1.0000,0.1100,0.2168,0.3052
269,2,14.0473,-0.0815,0.5173,1.0000,-0.0017,0.0000,0.0017,1.0000,0.0000,0.0000,0.0000,1.0000,0.1101,0.3070,0.2173
269,3,14.0694,-0.2583,0.5889,1.0000,-0.0017,0.0000,0.0017,1.0000,0.0000,0.0000,0.0000,1.0000,0.2836,0.2073,0.2889
269,4,14.1874,-0.3050,0.5062,1.0000,-0.0017,0.0000,0.0017,1.0000,0.0000,0.0000,0.0000,1.0000,0.2820,0.2947,0.2062
269,5,14.3552,-0.1685,0.6614,1.0000,-0.0017,0.0000,0.0017,1.0000,0.0000,0.0000,0.0000,1.0000,0.1112,0.2100,0.3614
269,6,14.4483,-0.1491,0.4265,1.0000,-0.0017,0.0000,0.0017,1.0000,0.0000,0.0000,0.0000,1.0000,0.1972,0.1336,0.1265
269,7,14.5572,-0.1409,0.4491,1.0000,-0.0017,0.0000,0.0017,1.0000,0.0000,0.0000,0.0000,1.0000,0.1624,0.1625,0.0548
269,8,14.5846,-0.0978,0.4472,1.0000,-0.0017,0.0000,0.0017,1.0000,0.0000,0.0000,0.0000,1.0000,0.0831,0.2046,0.1050
269,9,14.6151,-0.0315,0.4544,1.0000,-0.0017,0.0000,0.0017,1.0000,0.0000,0.0000,0.0000,1.0000,0.0210,0.0279,0.0569
269,10,14.6589,-0.0915,0.4546,1.0000,-0.0017,0.0000,0.0017,1.0000,0.0000,0.0000,0.0000,1.0000,0.0210,0.0279,0.0569
270,0,15.0718,-0.0260,0.4400,1.0000,-0.0018,0.0000,0.0018,1.0000,0.0000,0.0000,0.0000,1.0000,0.2577,0.2263,0.1400
270,1,15.0799,-0.0231,0.6052,1.0000,-0.0018,0.0000,0.0018,1.0000,0.0000,0.0000,0.0000,1.0000,0.1100,0.2168,0.3052
270,2,15.1557,-0.0835,0.5173,1.0000,-0.0018,0.0000,0.0018,1.0000,0.0000,0.0000,0.0000,1.0000,0.1101,0.3070,0.2173
270,3,15.1778,-0.2602,0.5889,1.0000,-0.0018,0.0000,0.0018,1.0000,0.0000,0.0000,0.0000,1.0000,0.2836,0.2073,0.2889
270,4,15.2958,-0.3070,0.5062,1.0000,-0.0018,0.0000,0.0018,1.0000,0.0000,0.0000,0.0000,1.0000,0.2820,0.2947,0.2062
270,5,15.4636,-0.1705,0.6614,1.0000,-0.0018,0.0000,0.0018,1.0000,0.0000,0.0000,0.0000,1.0000,0.1112,0.2100,0.3614
270,6,15.5567,-0.1511,0.4265,1.0000,-0.0018,0.0000,0.0018,1.0000,0.0000,0.0000,0.0000,1.0000,0.1972,0.1336,0.1265
270,7,15.6656,-0.1429,0.4491,1.0000,-0.0018,0.0000,0.0018,1.0000,0.0000,0.0000,0.0000,1.0000,0.1624,0.1625,0.0548
270,8,15.6931,-0.0998,0.4472,1.0000,-0.0018,0.0000,0.0018,1.0000,0.0000,0.0000,0.0000,1.0000,0.0831,0.2046,0.1050
270,9,15.7235,-0.0336,0.4544,1.0000,-0.0018,0.0000,0.0018,1.0000,0.0000,0.0000,0.0000,1.0000,0.0210,0.0279,0.0569
270,10,15.7673,-0.0935,0.4546,1.0000,-0.0018,0.0000,0.0018,1.0000,0.0000,0.0000,0.0000,1.0000,0.0210,0.0279,0.0569
271,0,16.1946,-0.0284,0.4400,1.0000,-0.0025,0.0000,0.0025,1.0000,0.0000,0.0000,0.0000,1.0000,0.2577,0.2263,0.1400
271,1,16.2027,-0.0255,0.6052,1.0000,-0.0025,0.0000,0.0025,1.0000,0.0000,0.0000,0.0000,1.0000,0.1100,0.2168,0.3052
271,2,16.2784,-0.0860,0.5173,1.0000,-0.0025,0.0000,0.0025,1.0000,0.0000,0.0000,0.0000,1.0000,0.1101,0.3070,0.2173
271,3,16.3004,-0.2627,0.5889,1.0000,-0.0025,0.0000,0.0025,1.0000,0.0000,0.0000,0.0000,1.0000,0.2836,0.2073,0.2889
271,4,16.4184,-0.3095,0.5062,1.0000,-0.0025,0.0000,0.0025,1.0000,0.0000,0.0000,0.0000,1.0000,0.2820,0.2947,0.2062
271,5,16.5863,-0.1731,0.6614,1.0000,-0.0025,0.0000,0.0025,1.0000,0.0000,0.0000,0.0000,1.0000,0.1112,0.2100,0.3614
271,6,16.6794,-0.1539,0.4265,1.0000,-0.0025,0.0000,0.0025,1.0000,0.0000,0.0000,0.0000,1.0000,0.1972,0.1336,0.1265
271,7,16.7883,-0.1458,0.4491,1.0000,-0.0025,0.0000,0.0025,1.0000,0.0000,0.0000,0.0000,1.0000,0.1624,0.1625,0.0548
271,8,16.8158,-0.1026,0.4472,1.0000,-0.0025,0.0000,0.0025,1.0000,0.0000,0.0000,0.0000,1.0000,0.0831,0.2046,0.1050
271,9,16.8463,-0.0364,0.4544,1.0000,-0.0025,0.0000,0.0025,1.0000,0.0000,0.0000,0.0000,1.0000,0.0210,0.0279,0.0569
271,10,16.8900,-0.0964,0.4546,1.0000,-0.0025,0.0000,0.0025,1.0000,0.0000,0.0000,0.0000,1.0000,0.0210,0.0279,0.0569
272,0,17.3315,-0.0311,0.4400,1.0000,-0.0023,0.0000,0.0023,1.0000,0.0000,0.0000,0.0000,1.0000,0.2577,0.2263,0.1400
272,1,17.3396,-0.0282,0.6052,1.0000,-0.0023,0.0000,0.0023,1.0000,0.0000,0.0000,0.0000,1.0000,0.1100,0.2168,0.3052
272,2,17.4153,-0.0887,0.5173,1.0000,-0.0023,0.0000,0.0023,1.0000,0.0000,0.0000,0.0000,1.0000,0.1101,0.3070,0.2173
272,3,17.4373,-0.2655,0.5889,1.0000,-0.0023,0.0000,0.0023,1.0000,0.0000,0.0000,0.0000,1.0000,0.2836,0.2073,0.2889
272,4,17.5553,-0.3122,0.5062,1.0000,-0.0023,0.0000,0.0023,1.0000,0.0000,0.0000,0.0000,1.0000,0.2820,0.2947,0.2062
272,5,17.7232,-0.1758,0.6614,1.0000,-0.0023,0.0000,0.0023,1.0000,0.0000,0.0000,0.0000,1.0000,0.1112,0.2100,0.3614
272,6,17.8163,-0.1565,0.4265,1.0000,-0.0023,0.0000,0.0023,1.0000,0.0000,0.0000,0.0000,1.0000,0.1972,0.1336,0.1265
272,7,17.9252,-0.1484,0.4491,1.0000,-0.0023,0.0000,0.0023,1.0000,0.0000,0.0000,0.0000,1.0000,0.1624,0.1625,0.0548
272,8,17.9527,-0.1052,0.4472,1.0000,-0.0023,0.0000,0.0023,1.0000,0.0000,0.0000,0.0000,1.0000,0.0831,0.2046,0.1050
272,9,17.9832,-0.0390,0.4544,1.0000,-0.0023,0.0000,0.0023,1.0000,0.0000,0.0000,0.0000,1.0000,0.0210,0.0279,0.0569
272,10,18.0269,-0.0990,0.4546,1.0000,-0.0023,0.0000,0.0023,1.0000,0.0000,0.0000,0.0000,1.0000,0.0210,0.0279,0.0569
273,0,18.4819,-0.0337,0.4400,1.0000,-0.0022,0.0000,0.0022,1.0000,0.0000,0.0000,0.0000,1.0000,0.2577,0.2263,0.1400
273,1,18.4900,-0.0308,0.6052,1.0000,-0.0022,0.0000,0.0022,1.0000,0.0000,0.0000,0.0000,1.0000,0.1100,0.2168,0.3052
273,2,18.5657,-0.0913,0.5173,1.0000,-0.0022,0.0000,0.0022,1.0000,0.0000,0.0000,0.0000,1.0000,0.1101,0.3070,0.2173
273,3,18.5878,-0.2681,0.5889,1.0000,-0.0022,0.0000,0.0022,1.0000,0.0000,0.0000,0.0000,1.0000,0.2836,0.2073,0.2889
273,4,18.7058,-0.3148,0.5062,1.0000,-0.0022,0.0000,0.0022,1.0000,0.0000,0.0000,0.0000,1.0000,0.2820,0.2947,0.2062
273,5,18.8737,-0.1784,0.6614,1.0000,-0.0022,0.0000,0.0022,1.0000,0.0000,0.0000,0.0000,1.0000,0.1112,0.2100,0.3614
273,6,18.9667,-0.1591,0.4265,1.0000,-0.0022,0.0000,0.0022,1.0000,0.0000,0.0000,0.0000,1.0000,0.1972,0.1336,0.1265
273,7,19.0756,-0.1509,0.4491,1.0000,-0.0022,0.0000,0.0022,1.0000,0.0000,0.0000,0.0000,1.0000,0.1624,0.1625,0.0548
273,8,19.1031,-0.1078,0.4472,1.0000,-0.0022,0.0000,0.0022,1.0000,0.0000,0.0000,0.0000,1.0000,0.0831,0.2046,0.1050
273,9,19.1336,-0.0416,0.4544,1.0000,-0.0022,0.0000,0.0022,1.0000,0.0000,0.0000,0.0000,1.0000,0.0210,0.0279,0.0569
273,10,19.1773,-0.1016,0.4546,1.0000,-0.0022,0.0000,0.0022,1.0000,0.0000,0.0000,0.0000,1.0000,0.0210,0.0279,0.0569
274,0,19.6450,-0.0364,0.4400,1.0000,-0.0024,0.0000,0.0024,1.0000,0.0000,0.0000,0.0000,1.0000,0.2577,0.2263,0.1400
274,1,19.6532,-0.0335,0.6052,1.0000,-0.0024,0.0000,0.0024,1.0000,0.0000,0.0000,0.0000,1.0000,0.1100,0.2168,0.3052
274,2,19.7289,-0.0940,0.5173,1.0000,-0.0024,0.0000,0.0024,1.0000,0.0000,0.0000,0.0000,1.0000,0.1101,0.3070,0.2173
274,3,19.7509,-0.2708,0.5889,1.0000,-0.0024,0.0000,0.0024,1.0000,0.0000,0.0000,0.0000,1.0000,0.2836,0.2073,0.2889
274,4,19.8689,-0.3176,0.5062,1.0000,-0.0024,0.0000,0.0024,1.0000,0.0000,0.0000,0.0000,1.0000,0.2820,0.2947,0.2062
274,5,20.0368,-0.1812,0.6614,1.0000,-0.0024,0.0000,0.0024,1.0000,0.0000,0.0000,0.0000,1.0000,0.1112,0.2100,0.3614
274,6,20.1298,-0.1619,0.4265,1.0000,-0.0024,0.0000,0.0024,1.0000,0.0000,0.0000,0.0000,1.0000,0.1972,0.1336,0.1265
274,7,20.2388,-0.1538,0.4491,1.0000,-0.0024,0.0000,0.0024,1.0000,0.0000,0.0000,0.0000,1.0000,0.1624,0.1625,0.0548
274,8,20.2663,-0.1106,0.4472,1.0000,-0.0024,0.0000,0.0024,1.0000,0.0000,0.0000,0.0000,1.0000,0.0831,0.2046,0.1050
274,9,20.2967,-0.0444,0.4544,1.0000,-0.0024,0.0000,0.0024,1.0000,0.0000,0.0000,0.0000,1.0000,0.0210,0.0279,0.0569
274,10,20.3405,-0.1044,0.4546,1.0000,-0.0024,0.0000,0.0024,1.0000,0.0000,0.0000,0.0000,1.0000,0.0210,0.0279,0.0569
275,0,20.8202,-0.0395,0.4400,1.0000,-0.0029,0.0000,0.0029,1.0000,0.0000,0.0000,0.0000,1.0000,0.2577,0.2263,0.1400
275,1,20.8283,-0.0367,0.6052,1.0000,-0.0029,0.0000,0.0029,1.0000,0.0000,0.0000,0.0000,1.0000,0.1100,0.2168,0.3052
275,2,20.9041,-0.0972,0.5173,1.0000,-0.0029,0.0000,0.0029,1.0000,0.0000,0.0000,0.0000,1.0000,0.1101,0.3070,0.2173
275,3,20.9259,-0.2739,0.5889,1.0000,-0.0029,0.0000,0.0029,1.0000,0.0000,0.0000,0.0000,1.0000,0.2836,0.2073,0.2889
275,4,21.0439,-0.3208,0.5062,1.0000,-0.0029,0.0000,0.0029,1.0000,0.0000,0.0000,0.0000,1.0000,0.2820,0.2947,0.2062
275,5,21.2119,-0.1845,0.6614,1.0000,-0.0029,0.0000,0.0029,1.0000,0.0000,0.0000,0.0000,1.0000,0.1112,0.2100,0.3614
275,6,21.3050,-0.1652,0.4265,1.0000,-0.0029,0.0000,0.0029,1.0000,0.0000,0.0000,0.0000,1.0000,0.1972,0.1336,0.1265
275,7,21.4139,-0.1572,0.4491,1.0000,-0.0029,0.0000,0.0029,1.0000,0.0000,0.0000,0.0000,1.0000,0.1624,0.1625,0.0548
275,8,21.4414,-0.1140,0.4472,1.0000,-0.0029,0.0000,0.0029,1.0000,0.0000,0.0000,0.0000,1.0000,0.0831,0.2046,0.1050
275,9,21.4719,-0.0478,0.4544,1.0000,-0.0029,0.0000,0.0029,1.0000,0.0000,0.0000,0.0000,1.0000,0.0210,0.0279,0.0569
275,10,21.5156,-0.1079,0.4546,1.0000,-0.0029,0.0000,0.0029,1.0000,0.0000,0.0000,0.0000,1.0000,0.0210,0.0279,0.0569
276,0,22.0067,-0.0432,0.4400,1.0000,-0.0033,0.0000,0.0033,1.0000,0.0000,0.0000,0.0000,1.0000,0.2577,0.2263,0.1400
276,1,22.0148,-0.0403,0.6052,1.0000,-0.0033,0.0000,0.0033,1.0000,0.0000,0.0000,0.0000,1.0000,0.1100,0.2168,0.3052
276,2,22.0905,-0.1009,0.5173,1.0000,-0.0033,0.0000,0.0033,1.0000,0.0000,0.0000,0.0000,1.0000,0.1101,0.3070,0.2173
276,3,22.1123,-0.2777,0.5889,1.0000,-0.0033,0.0000,0.0033,1.0000,0.0000,0.0000,0.0000,1.0000,0.2836,0.2073,0.2889
276,4,22.2302,-0.3245,0.5062,1.0000,-0.0033,0.0000,0.0033,1.0000,0.0000,0.0000,0.0000,1.0000,0.2820,0.2947,0.2062
276,5,22.3983,-0.1883,0.6614,1.0000,-0.0033,0.0000,0.0033,1.0000,0.0000,0.0000,0.0000,1.0000,0.1112,0.2100,0.3614
276,6,22.4914,-0.1691,0.4265,1.0000,-0.0033,0.0000,0.0033,1.0000,0.0000,0.0000,0.0000,1.0000,0.1972,0.1336,0.1265
276,7,22.6003,-0.1611,0.4491,1.0000,-0.0033,0.0000,0.0033,1.0000,0.0000,0.0000,0.0000,1.0000,0.1624,0.1625,0.0548
276,8,22.6278,-0.1180,0.4472,1.0000,-0.0033,0.0000,0.0033,1.0000,0.0000,0.0000,0.0000,1.0000,0.0831,0.2046,0.1050
276,9,22.6584,-0.0518,0.4544,1.0000,-0.0033,0.0000,0.0033,1.0000,0.0000,0.0000,0.0000,1.0000,0.0210,0.0279,0.0569
276,10,22.7021,-0.1118,0.4546,1.0000,-0.0033,0.0000,0.0033,1.0000,0.0000,0.0000,0.0000,1.0000,0.0210,0.0279,0.0569
277,0,23.2036,-0.0474,0.4400,1.0000,-0.0037,0.0000,0.0037,1.0000,0.0000,0.0000,0.0000,1.0000,0.2577,0.2263,0.1400
277,1,23.2117,-0.0445,0.6052,1.0000,-0.0037,0.0000,0.0037,1.0000,0.0000,0.0000,0.0000,1.0000,0.1100,0.2168,0.3052
277,2,23.2874,-0.1051,0.5173,1.0000,-0.0037,0.0000,0.0037,1.0000,0.0000,0.0000,0.0000,1.0000,0.1101,0.3070,0.2173
277,3,23.3091,-0.2819,0.5889,1.0000,-0.0037,0.0000,0.0037,1.0000,0.0000,0.0000,0.0000,1.0000,0.2836,0.2073,0.2889
277,4,23.4271,-0.3288,0.5062,1.0000,-0.0037,0.0000,0.0037,1.0000,0.0000,0.0000,0.0000,1.0000,0.2820,0.2947,0.2062
277,5,23.5952,-0.1927,0.6614,1.0000,-0.0037,0.0000,0.0037,1.0000,0.0000,0.0000,0.0000,1.0000,0.1112,0.2100,0.3614
277,6,23.6882,-0.1735,0.4265,1.0000,-0.0037,0.0000,0.0037,1.0000,0.0000,0.0000,0.0000,1.0000,0.1972,0.1336,0.1265
277,7,23.7972,-0.1655,0.4491,1.0000,-0.0037,0.0000,0.0037,1.0000,0.0000,0.0000,0.0000,1.0000,0.1624,0.1625,0.0548
277,8,23.8247,-0.1224,0.4472,1.0000,-0.0037,0.0000,0.0037,1.0000,0.0000,0.0000,0.0000,1.0000,0.0831,0.2046,0.1050
277,9,23.8553,-0.0562,0.4544,1.0000,-0.0037,0.0000,0.0037,1.0000,0.0000,0.0000,0.0000,1.0000,0.0210,0.0279,0.0569
277,10,23.8990,-0.1163,0.4546,1.0000,-0.0037,0.0000,0.0037,1.0000,0.0000,0.0000,0.0000,1.0000,0.0210,0.0279,0.0569
278,0,24.4104,-0.0517,0.4400,1.0000,-0.0033,0.0000,0.0033,1.0000,0.0000,0.0000,0.0000,1.0000,0.2577,0.2263,0.1400
278,1,24.4185,-0.0488,0.6052,1.0000,-0.0033,0.0000,0.0033,1.0000,0.0000,0.0000,0.0000,1.0000,0.1100,0.2168,0.3052
278,2,24.4942,-0.1094,0.5173,1.0000,-0.0033,0.0000,0.0033,1.0000,0.0000,0.0000,0.0000,1.0000,0.1101,0.3070,0.2173
278,3,24.5161,-0.2861,0.5889,1.0000,-0.0033,0.0000,0.0033,1.0000,0.0000,0.0000,0.0000,1.0000,0.2836,0.2073,0.2889
278,4,24.6340,-0.3330,0.5062,1.0000,-0.0033,0.0000,0.0033,1.0000,0.0000,0.0000,0.0000,1.0000,0.2820,0.2947,0.2062
278,5,24.8021,-0.1968,0.6614,1.0000,-0.0033,0.0000,0.0033,1.0000,0.0000,0.0000,0.0000,1.0000,0.1112,0.2100,0.3614
278,6,24.8951,-0.1776,0.4265,1.0000,-0.0033,0.0000,0.0033,1.0000,0.0000,0.0000,0.0000,1.0000,0.1972,0.1336,0.1265
278,7,25.0040,-0.1695,0.4491,1.0000,-0.0033,0.0000,0.0033,1.0000,0.0000,0.0000,0.0000,1.0000,0.1624,0.1625,0.0548
278,8,25.0316,-0.1264,0.4472,1.0000,-0.0033,0.0000,0.0033,1.0000,0.0000,0.0000,0.0000,1.0000,0.0831,0.2046,0.1050
278,9,25.0621,-0.0602,0.4544,1.0000,-0.0033,0.0000,0.0033,1.0000,0.0000,0.0000,0.0000,1.0000,0.0210,0.0279,0.0569
278,10,25.1058,-0.1203,0.4546,1.0000,-0.0033,0.0000,0.0033,1.0000,0.0000,0.0000,0.0000,1.0000,0.0210,0.0279,0.0569
279,0,25.6268,-0.0554,0.4400,1.0000,-0.0028,0.0000,0.0028,1.0000,0.0000,0.0000,0.0000,1.0000,0.2577,0.2263,0.1400
279,1,25.6349,-0.0526,0.6052,1.0000,-0.0028,0.0000,0.0028,1.0000,0.0000,0.0000,0.0000,1.0000,0.1100,0.2168,0.3052
279,2,25.7107,-0.1131,0.5173,1.0000,-0.0028,0.0000,0.0028,1.0000,0.0000,0.0000,0.0000,1.0000,0.1101,0.3070,0.2173
279,3,25.7326,-0.2898,0.5889,1.0000,-0.0028,0.0000,0.0028,1.0000,0.0000,0.0000,0.0000,1.0000,0.2836,0.2073,0.2889
279,4,25.8505,-0.3367,0.5062,1.0000,-0.0028,0.0000,0.0028,1.0000,0.0000,0.0000,0.0000,1.0000,0.2820,0.2947,0.2062
279,5,26.0185,-0.2003,0.6614,1.0000,-0.0028,0.0000,0.0028,1.0000,0.0000,0.0000,0.0000,1.0000,0.1112,0.2100,0.3614
279,6,26.1116,-0.1811,0.4265,1.0000,-0.0028,0.0000,0.0028,1.0000,0.0000,0.0000,0.0000,1.0000,0.1972,0.1336,0.1265
279,7,26.2205,-0.1730,0.4491,1.0000,-0.0028,0.0000,0.0028,1.0000,0.0000,0.0000,0.0000,1.0000,0.1624,0.1625,0.0548
279,8,26.2480,-0.1299,0.4472,1.0000,-0.0028,0.0000,0.0028,1.0000,0.0000,0.0000,0.0000,1.0000,0.0831,0.2046,0.1050
279,9,26.2785,-0.0637,0.4544,1.0000,-0.0028,0.0000,0.0028,1.0000,0.0000,0.0000,0.0000,1.0000,0.0210,0.0279,0.0569
279,10,26.3222,-0.1237,0.4546,1.0000,-0.0028,0.0000,0.0028,1.0000,0.0000,0.0000,0.0000,1.0000,0.0210,0.0279,0.0569
280,0,26.8525,-0.0592,0.4400,1.0000,-0.0034,0.0000,0.0034,1.0000,0.0000,0.0000,0.0000,1.0000,0.2577,0.2263,0.1400
280,1,26.8606,-0.0564,0.6052,1.0000,-0.0034,0.0000,0.0034,1.0000,0.0000,0.0000,0.0000,1.0000,0.1100,0.2168,0.3052
280,2,26.9363,-0.1169,0.5173,1.0000,-0.0034,0.0000,0.0034,1.0000,0.0000,0.0000,0.0000,1.0000,0.1101,0.3070,0.2173
280,3,26.9581,-0.2937,0.5889,1.0000,-0.0034,0.0000,0.0034,1.0000,0.0000,0.0000,0.0000,1.0000,0.2836,0.2073,0.2889
280,4,27.0761,-0.3406,0.5062,1.0000,-0.0034,0.0000,0.0034,1.0000,0.0000,0.0000,0.0000,1.0000,0.2820,0.2947,0.2062
280,5,27.2441,-0.2044,0.6614,1.0000,-0.0034,0.0000,0.0034,1.0000,0.0000,0.0000,0.0000,1.0000,0.1112,0.2100,0.3614
280,6,27.3372,-0.1852,0.4265,1.0000,-0.0034,0.0000,0.0034,1.0000,0.0000,0.0000,0.0000,1.0000,0.1972,0.1336,0.1265
280,7,27.4461,-0.1772,0.4491,1.0000,-0.0034,0.0000,0.0034,1.0000,0.0000,0.0000,0.0000,1.0000,0.1624,0.1625,0.0548
280,8,27.4737,-0.1341,0.4472,1.0000,-0.0034,0.0000,0.0034,1.0000,0.0000,0.0000,0.0000,1.0000,0.0831,0.2046,0.1050
280,9,27.5042,-0.0679,0.4544,1.0000,-0.0034,0.0000,0.0034,1.0000,0.0000,0.0000,0.0000,1.0000,0.0210,0.0279,0.0569
280,10,27.5479,-0.1279,0.4546,1.0000,-0.0034,0.0000,0.0034,1.0000,0.0000,0.0000,0.0000,1.0000,0.0210,0.0279,0.0569
281,0,28.0871,-0.0631,0.4400,1.0000,-0.0028,0.0000,0.0028,1.0000,0.0000,0.0000,0.0000,1.0000,0.2577,0.2263,0.1400
281,1,28.0953,-0.0602,0.6052,1.0000,-0.0028,0.0000,0.0028,1.0000,0.0000,0.0000,0.0000,1.0000,0.1100,0.2168,0.3052
281,2,28.1710,-0.1207,0.5173,1.0000,-0.0028,0.0000,0.0028,1.0000,0.0000,0.0000,0.0000,1.0000,0.1101,0.3070,0.2173
281,3,28.1929,-0.2975,0.5889,1.0000,-0.0028,0.0000,0.0028,1.0000,0.0000,0.0000,0.0000,1.0000,0.2836,0.2073,0.2889
281,4,28.3109,-0.3443,0.5062,1.0000,-0.0028,0.0000,0.0028,1.0000,0.0000,0.0000,0.0000,1.0000,0.2820,0.2947,0.2062
281,5,28.4788,-0.2080,0.6614,1.0000,-0.0028,0.0000,0.0028,1.0000,0.0000,0.0000,0.0000,1.0000,0.1112,0.2100,0.3614
281,6,28.5719,-0.1887,0.4265,1.0000,-0.0028,0.0000,0.0028,1.0000,0.0000,0.0000,0.0000,1.0000,0.1972,0.1336,0.1265
281,7,28.6808,-0.1806,0.4491,1.0000,-0.0028,0.0000,0.0028,1.0000,0.0000,0.0000,0.0000,1.0000,0.1624,0.1625,0.0548
281,8,28.7083,-0.1375,0.4472,1.0000,-0.0028,0.0000,0.0028,1.0000,0.0000,0.0000,0.0000,1.0000,0.0831,0.2046,0.1050
281,9,28.7388,-0.0713,0.4544,1.0000,-0.0028,0.0000,0.0028,1.0000,0.0000,0.0000,0.0000,1.0000,0.0210,0.0279,0.0569
281,10,28.7826,-0.1313,0.4546,1.0000,-0.0028,0.0000,0.0028,1.0000,0.0000,0.0000,0.0000,1.0000,0.0210,0.0279,0.0569
282,0,29.3303,-0.0667,0.4400,1.0000,-0.0030,0.0000,0.0030,1.0000,0.0000,0.0000,0.0000,1.0000,0.2577,0.2263,0.1400
282,1,29.3384,-0.0638,0.6052,1.0000,-0.0030,0.0000,0.0030,1.0000,0.0000,0.0000,0.0000,1.0000,0.1100,0.2168,0.3052
282,2,29.4141,-0.1243,0.5173,1.0000,-0.0030,0.0000,0.0030,1.0000,0.0000,0.0000,0.0000,1.0000,0.1101,0.3070,0.2173
282,3,29.4360,-0.3011,0.5889,1.0000,-0.0030,0.0000,0.0030,1.0000,0.0000,0.0000,0.0000,1.0000,0.2836,0.2073,0.2889
282,4,29.5539,-0.3479,0.5062,1.0000,-0.0030,0.0000,0.0030,1.0000,0.0000,0.0000,0.0000,1.0000,0.2820,0.2947,0.2062
282,5,29.7219,-0.2116,0.6614,1.0000,-0.0030,0.0000,0.0030,1.0000,0.0000,0.0000,0.0000,1.0000,0.1112,0.2100,0.3614
282,6,29.8150,-0.1924,0.4265,1.0000,-0.0030,0.0000,0.0030,1.0000,0.0000,0.0000,0.0000,1.0000,0.1972,0.1336,0.1265
282,7,29.9239,-0.1843,0.4491,1.0000,-0.0030,0.0000,0.0030,1.0000,0.0000,0.0000,0.0000,1.0000,0.1624,0.1625,0.0548
282,8,29.9515,-0.1412,0.4472,1.0000,-0.0030,0.0000,0.0030,1.0000,0.0000,0.0000,0.0000,1.0000,0.0831,0.2046,0.1050
282,9,29.9819,-0.0750,0.4544,1.0000,-0.0030,0.0000,0.0030,1.0000,0.0000,0.0000,0.0000,1.0000,0.0210,0.0279,0.0569
282,10,30.0257,-0.1350,0.4546,1.0000,-0.0030,0.0000,0.0030,1.0000,0.0000,0.0000,0.0000,1.0000,0.0210,0.0279,0.0569
283,0,30.5814,-0.0705,0.4400,1.0000,-0.0031,0.0000,0.0031,1.0000,0.0000,0.0000,0.0000,1.0000,0.2577,0.2263,0.1400
283,1,30.5895,-0.0676,0.6052,1.0000,-0.0031,0.0000,0.0031,1.0000,0.0000,0.0000,0.0000,1.0000,0.1100,0.2168,0.3052
283,2,30.6652,-0.1281,0.5173,1.0000,-0.0031,0.0000,0.0031,1.0000,0.0000,0.0000,0.0000,1.0000,0.1101,0.3070,0.2173
283,3,30.6871,-0.3049,0.5889,1.0000,-0.0031,0.0000,0.0031,1.0000,0.0000,0.0000,0.0000,1.0000,0.2836,0.2073,0.2889
283,4,30.8050,-0.3518,0.5062,1.0000,-0.0031,0.0000,0.0031,1.0000,0.0000,0.0000,0.0000,1.0000,0.2820,0.2947,0.2062
283,5,30.9730,-0.2155,0.6614,1.0000,-0.0031,0.0000,0.0031,1.0000,0.0000,0.0000,0.0000,1.0000,0.1112,0.2100,0.3614
283,6,31.0661,-0.1963,0.4265,1.0000,-0.0031,0.0000,0.0031,1.0000,0.0000,0.0000,0.0000,1.0000,0.1972,0.1336,0.1265
283,7,31.1750,-0.1882,0.4491,1.0000,-0.0031,0.0000,0.0031,1.0000,0.0000,0.0000,0.0000,1.0000,0.1624,0.1625,0.0548
283,8,31.2026,-0.1451,0.4472,1.0000,-0.0031,0.0000,0.0031,1.0000,0.0000,0.0000,0.0000,1.0000,0.0831,0.2046,0.1050
283,9,31.2331,-0.0789,0.4544,1.0000,-0.0031,0.0000,0.0031,1.0000,0.0000,0.0000,0.0000,1.0000,0.0210,0.0279,0.0569
283,10,31.2768,-0.1390,0.4546,1.0000,-0.0031,0.0000,0.0031,1.0000,0.0000,0.0000,0.0000,1.0000,0.0210,0.0279,0.0569
284,0,31.8403,-0.0742,0.4400,1.0000,-0.0027,0.0000,0.0027,1.0000,0.0000,0.0000,0.0000,1.0000,0.2577,0.2263,0.1400
284,1,31.8484,-0.0713,0.6052,1.0000,-0.0027,0.0000,0.0027,1.0000,0.0000,0.0000,0.0000,1.0000,0.1100,0.2168,0.3052
284,2,31.9241,-0.1318,0.5173,1.0000,-0.0027,0.0000,0.0027,1.0000,0.0000,0.0000,0.0000,1.0000,0.1101,0.3070,0.2173
284,3,31.9460,-0.3086,0.5889,1.0000,-0.0027,0.0000,0.0027,1.0000,0.0000,0.0000,0.0000,1.0000,0.2836,0.2073,0.2889
284,4,32.0640,-0.3554,0.5062,1.0000,-0.0027,0.0000,0.0027,1.0000,0.0000,0.0000,0.0000,1.0000,0.2820,0.2947,0.2062
284,5,32.2320,-0.2190,0.6614,1.0000,-0.0027,0.0000,0.0027,1.0000,0.0000,0.0000,0.0000,1.0000,0.1112,0.2100,0.3614
284,6,32.3250,-0.1998,0.4265,1.0000,-0.0027,0.0000,0.0027,1.0000,0.0000,0.0000,0.0000,1.0000,0.1972,0.1336,0.1265
284,7,32.4339,-0.1917,0.4491,1.0000,-0.0027,0.0000,0.0027,1.0000,0.0000,0.0000,0.0000,1.0000,0.1624,0.1625,0.0548
284,8,32.4615,-0.1486,0.4472,1.0000,-0.0027,0.0000,0.0027,1.0000,0.0000,0.0000,0.0000,1.0000,0.0831,0.2046,0.1050
284,9,32.4919,-0.0824,0.4544,1.0000,-0.0027,0.0000,0.0027,1.0000,0.0000,0.0000,0.0000,1.0000,0.0210,0.0279,0.0569
284,10,32.5357,-0.1424,0.4546,1.0000,-0.0027,0.0000,0.0027,1.0000,0.0000,0.0000,0.0000,1.0000,0.0210,0.0279,0.0569
285,0,33.1071,-0.0777,0.4400,1.0000,-0.0029,0.0000,0.0029,1.0000,0.0000,0.0000,0.0000,1.0000,0.2577,0.2263,0.1400
285,1,33.1152,-0.0748,0.6052,1.0000,-0.0029,0.0000,0.0029,1.0000,0.0000,0.0000,0.0000,1.0000,0.1100,0.2168,0.3052
285,2,33.1909,-0.1354,0.5173,1.0000,-0.0029,0.0000,0.0029,1.0000,0.0000,0.0000,0.0000,1.0000,0.1101,0.3070,0.2173
285,3,33.2128,-0.3121,0.5889,1.0000,-0.0029,0.0000,0.0029,1.0000,0.0000,0.0000,0.0000,1.0000,0.2836,0.2073,0.2889
285,4,33.3308,-0.3590,0.5062,1.0000,-0.0029,0.0000,0.0029,1.0000,0.0000,0.0000,0.0000,1.0000,0.2820,0.2947,0.2062
285,5,33.4988,-0.2226,0.6614,1.0000,-0.0029,0.0000,0.0029,1.0000,0.0000,0.0000,0.0000,1.0000,0.1112,0.2100,0.3614
285,6,33.5918,-0.2034,0.4265,1.0000,-0.0029,0.0000,0.0029,1.0000,0.0000,0.0000,0.0000,1.0000,0.1972,0.1336,0.1265
285,7,33.7008,-0.1953,0.4491,1.0000,-0.0029,0.0000,0.0029,1.0000,0.0000,0.0000,0.0000,1.0000,0.1624,0.1625,0.0548
285,8,33.7283,-0.1522,0.4472,1.0000,-0.0029,0.0000,0.0029,1.0000,0.0000,0.0000,0.0000,1.0000,0.0831,0.2046,0.1050
285,9,33.7588,-0.0860,0.4544,1.0000,-0.0029,0.0000,0.0029,1.0000,0.0000,0.0000,0.0000,1.0000,0.0210,0.0279,0.0569
285,10,33.8025,-0.1460,0.4546,1.0000,-0.0029,0.0000,0.0029,1.0000,0.0000,0.0000,0.0000,1.0000,0.0210,0.0279,0.0569
286,0,34.3823,-0.0816,0.4400,1.0000,-0.0032,0.0000,0.0032,1.0000,0.0000,0.0000,0.0000,1.0000,0.2577,0.2263,0.1400
286,1,34.3904,-0.0787,0.6052,1.0000,-0.0032,0.0000,0.0032,1.0000,0.0000,0.0000,0.0000,1.0000,0.1100,0.2168,0.3052
286,2,34.4661,-0.1392,0.5173,1.0000,-0.0032,0.0000,0.0032,1.0000,0.0000,0.0000,0.0000,1.0000,0.1101,0.3070,0.2173
286,3,34.4879,-0.3160,0.5889,1.0000,-0.0032,0.0000,0.0032,1.0000,0.0000,0.0000,0.0000,1.0000,0.2836,0.2073,0.2889
286,4,34.6059,-0.3629,0.5062,1.0000,-0.0032,0.0000,0.0032,1.0000,0.0000,0.0000,0.0000,1.0000,0.2820,0.2947,0.2062
286,5,34.7739,-0.2266,0.6614,1.0000,-0.0032,0.0000,0.0032,1.0000,0.0000,0.0000,0.0000,1.0000,0.1112,0.2100,0.3614
286,6,34.8670,-0.2074,0.4265,1.0000,-0.0032,0.0000,0.0032,1.0000,0.0000,0.0000,0.0000,1.0000,0.1972,0.1336,0.1265
286,7,34.9759,-0.1994,0.4491,1.0000,-0.0032,0.0000,0.0032,1.0000,0.0000,0.0000,0.0000,1.0000,0.1624,0.1625,0.0548
286,8,35.0034,-0.1563,0.4472,1.0000,-0.0032,0.0000,0.0032,1.0000,0.0000,0.0000,0.0000,1.0000,0.0831,0.2046,0.1050
286,9,35.0339,-0.0901,0.4544,1.0000,-0.0032,0.0000,0.0032,1.0000,0.0000,0.0000,0.0000,1.0000,0.0210,0.0279,0.0569
286,10,35.0776,-0.1501,0.4546,1.0000,-0.0032,0.0000,0.0032,1.0000,0.0000,0.0000,0.0000,1.0000,0.0210,0.0279,0.0569
287,0,35.6658,-0.0862,0.4400,1.0000,-0.0041,0.0000,0.0041,1.0000,0.0000,0.0000,0.0000,1.0000,0.2577,0.2263,0.1400
287,1,35.6739,-0.0834,0.6052,1.0000,-0.0041,0.0000,0.0041,1.0000,0.0000,0.0000,0.0000,1.0000,0.1100,0.2168,0.3052
287,2,35.7496,-0.1440,0.5173,1.0000,-0.0041,0.0000,0.0041,1.0000,0.0000,0.0000,0.0000,1.0000,0.1101,0.3070,0.2173
287,3,35.7712,-0.3208,0.5889,1.0000,-0.0041,0.0000,0.0041,1.0000,0.0000,0.0000,0.0000,1.0000,0.2836,0.2073,0.2889
287,4,35.8891,-0.3678,0.5062,1.0000,-0.0041,0.0000,0.0041,1.0000,0.0000,0.0000,0.0000,1.0000,0.2820,0.2947,0.2062
287,5,36.0573,-0.2317,0.6614,1.0000,-0.0041,0.0000,0.0041,1.0000,0.0000,0.0000,0.0000,1.0000,0.1112,0.2100,0.3614
287,6,36.1504,-0.2125,0.4265,1.0000,-0.0041,0.0000,0.0041,1.0000,0.0000,0.0000,0.0000,1.0000,0.1972,0.1336,0.1265
287,7,36.2593,-0.2046,0.4491,1.0000,-0.0041,0.0000,0.0041,1.0000,0.0000,0.0000,0.0000,1.0000,0.1624,0.1625,0.0548
287,8,36.2869,-0.1615,0.4472,1.0000,-0.0041,0.0000,0.0041,1.0000,0.0000,0.0000,0.0000,1.0000,0.0831,0.2046,0.1050
287,9,36.3175,-0.0953,0.4544,1.0000,-0.0041,0.0000,0.0041,1.0000,0.0000,0.0000,0.0000,1.0000,0.0210,0.0279,0.0569
287,10,36.3611,-0.1554,0.4546,1.0000,-0.0041,0.0000,0.0041,1.0000,0.0000,0.0000,0.0000,1.0000,0.0210,0.0279,0.0569
288,0,36.9574,-0.0912,0.4400,1.0000,-0.0036,0.0000,0.0036,1.0000,0.0000,0.0000,0.0000,1.0000,0.2577,0.2263,0.1400
288,1,36.9655,-0.0883,0.6052,1.0000,-0.0036,0.0000,0.0036,1.0000,0.0000,0.0000,0.0000,1.0000,0.1100,0.2168,0.3052
288,2,37.0412,-0.1489,0.5173,1.0000,-0.0036,0.0000,0.0036,1.0000,0.0000,0.0000,0.0000,1.0000,0.1101,0.3070,0.2173
288,3,37.0630,-0.3257,0.5889,1.0000,-0.0036,0.0000,0.0036,1.0000,0.0000,0.0000,0.0000,1.0000,0.2836,0.2073,0.2889
288,4,37.1809,-0.3726,0.5062,1.0000,-0.0036,0.0000,0.0036,1.0000,0.0000,0.0000,0.0000,1.0000,0.2820,0.2947,0.2062
288,5,37.3490,-0.2364,0.6614,1.0000,-0.0036,0.0000,0.0036,1.0000,0.0000,0.0000,0.0000,1.0000,0.1112,0.2100,0.3614
288,6,37.4421,-0.2172,0.4265,1.0000,-0.0036,0.0000,0.0036,1.0000,0.0000,0.0000,0.0000,1.0000,0.1972,0.1336,0.1265
288,7,37.5510,-0.2092,0.4491,1.0000,-0.0036,0.0000,0.0036,1.0000,0.0000,0.0000,0.0000,1.0000,0.1624,0.1625,0.0548
288,8,37.5786,-0.1661,0.4472,1.0000,-0.0036,0.0000,0.0036,1.0000,0.0000,0.0000,0.0000,1.0000,0.0831,0.2046,0.1050
288,9,37.6091,-0.0999,0.4544,1.0000,-0.0036,0.0000,0.0036,1.0000,0.0000,0.0000,0.0000,1.0000,0.0210,0.0279,0.0569
288,10,37.6528,-0.1600,0.4546,1.0000,-0.0036,0.0000,0.0036,1.0000,0.0000,0.0000,0.0000,1.0000,0.0210,0.0279,0.0569
289,0,38.2567,-0.0954,0.4400,1.0000,-0.0029,0.0000,0.0029,1.0000,0.0000,0.0000,0.0000,1.0000,0.2577,0.2263,0.1400
289,1,38.2648,-0.0926,0.6052,1.0000,-0.0029,0.0000,0.0029,1.0000,0.0000,0.0000,0.0000,1.0000,0.1100,0.2168,0.3052
289,2,38.3405,-0.1531,0.5173,1.0000,-0.0029,0.0000,0.0029,1.0000,0.0000,0.0000,0.0000,1.0000,0.1101,0.3070,0.2173
289,3,38.3624,-0.3298,0.5889,1.0000,-0.0029,0.0000,0.0029,1.0000,0.0000,0.0000,0.0000,1.0000,0.2836,0.2073,0.2889
289,4,38.4804,-0.3767,0.5062,1.0000,-0.0029,0.0000,0.0029,1.0000,0.0000,0.0000,0.0000,1.0000,0.2820,0.2947,0.2062
289,5,38.6484,-0.2404,0.6614,1.0000,-0.0029,0.0000,0.0029,1.0000,0.0000,0.0000,0.0000,1.0000,0.1112,0.2100,0.3614
289,6,38.7414,-0.2211,0.4265,1.0000,-0.0029,0.0000,0.0029,1.0000,0.0000,0.0000,0.0000,1.0000,0.1972,0.1336,0.1265
289,7,38.8503,-0.2131,0.4491,1.0000,-0.0029,0.0000,0.0029,1.0000,0.0000,0.0000,0.0000,1.0000,0.1624,0.1625,0.0548
289,8,38.8779,-0.1699,0.4472,1.0000,-0.0029,0.0000,0.0029,1.0000,0.0000,0.0000,0.0000,1.0000,0.0831,0.2046,0.1050
289,9,38.9084,-0.1037,0.4544,1.0000,-0.0029,0.0000,0.0029,1.0000,0.0000,0.0000,0.0000,1.0000,0.0210,0.0279,0.0569
289,10,38.9521,-0.1638,0.4546,1.0000,-0.0029,0.0000,0.0029,1.0000,0.0000,0.0000,0.0000,1.0000,0.0210,0.0279,0.0569
290,0,39.5632,-0.0994,0.4400,1.0000,-0.0031,0.0000,0.0031,1.0000,0.0000,0.0000,0.0000,1.0000,0.2577,0.2263,0.1400
290,1,39.5713,-0.0965,0.6052,1.0000,-0.0031,0.0000,0.0031,1.0000,0.0000,0.0000,0.0000,1.0000,0.1100,0.2168,0.3052
290,2,39.6470,-0.1570,0.5173,1.0000,-0.0031,0.0000,0.0031,1.0000,0.0000,0.0000,0.0000,1.0000,0.1101,0.3070,0.2173
290,3,39.6688,-0.3338,0.5889,1.0000,-0.0031,0.0000,0.0031,1.0000,0.0000,0.0000,0.0000,1.0000,0.2836,0.2073,0.2889
290,4,39.7868,-0.3807,0.5062,1.0000,-0.0031,0.0000,0.0031,1.0000,0.0000,0.0000,0.0000,1.0000,0.2820,0.2947,0.2062
290,5,39.9548,-0.2444,0.6614,1.0000,-0.0031,0.0000,0.0031,1.0000,0.0000,0.0000,0.0000,1.0000,0.1112,0.2100,0.3614
290,6,40.0479,-0.2252,0.4265,1.0000,-0.0031,0.0000,0.0031,1.0000,0.0000,0.0000,0.0000,1.0000,0.1972,0.1336,0.1265
290,7,40.1568,-0.2171,0.4491,1.0000,-0.0031,0.0000,0.0031,1.0000,0.0000,0.0000,0.0000,1.0000,0.1624,0.1625,0.0548
290,8,40.1843,-0.1740,0.4472,1.0000,-0.0031,0.0000,0.0031,1.0000,0.0000,0.0000,0.0000,1.0000,0.0831,0.2046,0.1050
290,9,40.2148,-0.1078,0.4544,1.0000,-0.0031,0.0000,0.0031,1.0000,0.0000,0.0000,0.0000,1.0000,0.0210,0.0279,0.0569
290,10,40.2585,-0.1678,0.4546,1.0000,-0.0031,0.0000,0.0031,1.0000,0.0000,0.0000,0.0000,1.0000,0.0210,0.0279,0.0569
291,0,40.8767,-0.1037,0.4400,1.0000,-0.0035,0.0000,0.0035,1.0000,0.0000,0.0000,0.0000,1.0000,0.2577,0.2263,0.1400
291,1,40.8848,-0.1009,0.6052,1.0000,-0.0035,0.0000,0.0035,1.0000,0.0000,0.0000,0.0000,1.0000,0.1100,0.2168,0.3052
291,2,40.9605,-0.1614,0.5173,1.0000,-0.0035,0.0000,0.0035,1.0000,0.0000,0.0000,0.0000,1.0000,0.1101,0.3070,0.2173
291,3,40.9823,-0.3382,0.5889,1.0000,-0.0035,0.0000,0.0035,1.0000,0.0000,0.0000,0.0000,1.0000,0.2836,0.2073,0.2889
291,4,41.1002,-0.3851,0.5062,1.0000,-0.0035,0.0000,0.0035,1.0000,0.0000,0.0000,0.0000,1.0000,0.2820,0.2947,0.2062
291,5,41.2683,-0.2489,0.6614,1.0000,-0.0035,0.0000,0.0035,1.0000,0.0000,0.0000,0.0000,1.0000,0.1112,0.2100,0.3614
291,6,41.3614,-0.2298,0.4265,1.0000,-0.0035,0.0000,0.0035,1.0000,0.0000,0.0000,0.0000,1.0000,0.1972,0.1336,0.1265
291,7,41.4703,-0.2217,0.4491,1.0000,-0.0035,0.0000,0.0035,1.0000,0.0000,0.0000,0.0000,1.0000,0.1624,0.1625,0.0548
291,8,41.4979,-0.1786,0.4472,1.0000,-0.0035,0.0000,0.0035,1.0000,0.0000,0.0000,0.0000,1.0000,0.0831,0.2046,0.1050
291,9,41.5284,-0.1125,0.4544,1.0000,-0.0035,0.0000,0.0035,1.0000,0.0000,0.0000,0.0000,1.0000,0.0210,0.0279,0.0569
291,10,41.5721,-0.1725,0.4546,1.0000,-0.0035,0.0000,0.0035,1.0000,0.0000,0.0000,0.0000,1.0000,0.0210,0.0279,0.0569
292,0,42.1975,-0.1088,0.4400,1.0000,-0.0042,0.0000,0.0042,1.0000,0.0000,0.0000,0.0000,1.0000,0.2577,0.2263,0.1400
292,1,42.2056,-0.1059,0.6052,1.0000,-0.0042,0.0000,0.0042,1.0000,0.0000,0.0000,0.0000,1.0000,0.1100,0.2168,0.3052
292,2,42.2813,-0.1666,0.5173,1.0000,-0.0042,0.0000,0.0042,1.0000,0.0000,0.0000,0.0000,1.0000,0.1101,0.3070,0.2173
292,3,42.3029,-0.3433,0.5889,1.0000,-0.0042,0.0000,0.0042,1.0000,0.0000,0.0000,0.0000,1.0000,0.2836,0.2073,0.2889
292,4,42.4208,-0.3903,0.5062,1.0000,-0.0042,0.0000,0.0042,1.0000,0.0000,0.0000,0.0000,1.0000,0.2820,0.2947,0.2062
292,5,42.5890,-0.2542,0.6614,1.0000,-0.0042,0.0000,0.0042,1.0000,0.0000,0.0000,0.0000,1.0000,0.1112,0.2100,0.3614
292,6,42.6821,-0.2351,0.4265,1.0000,-0.0042,0.0000,0.0042,1.0000,0.0000,0.0000,0.0000,1.0000,0.1972,0.1336,0.1265
292,7,42.7910,-0.2272,0.4491,1.0000,-0.0042,0.0000,0.0042,1.0000,0.0000,0.0000,0.0000,1.0000,0.1624,0.1625,0.0548
292,8,42.8186,-0.1841,0.4472,1.0000,-0.0042,0.0000,0.0042,1.0000,0.0000,0.0000,0.0000,1.0000,0.0831,0.2046,0.1050
292,9,42.8492,-0.1179,0.4544,1.0000,-0.0042,0.0000,0.0042,1.0000,0.0000,0.0000,0.0000,1.0000,0.0210,0.0279,0.0569
292,10,42.8928,-0.1780,0.4546,1.0000,-0.0042,0.0000,0.0042,1.0000,0.0000,0.0000,0.0000,1.0000,0.0210,0.0279,0.0569
293,0,43.5259,-0.1136,0.4400,1.0000,-0.0030,0.0000,0.0030,1.0000,0.0000,0.0000,0.0000,1.0000,0.2577,0.2263,0.1400
293,1,43.5341,-0.1107,0.6052,1.0000,-0.0030,0.0000,0.0030,1.0000,0.0000,0.0000,0.0000,1.0000,0.1100,0.2168,0.3052
293,2,43.6098,-0.1713,0.5173,1.0000,-0.0030,0.0000,0.0030,1.0000,0.0000,0.0000,0.0000,1.0000,0.1101,0.3070,0.2173
293,3,43.6316,-0.3480,0.5889,1.0000,-0.0030,0.0000,0.0030,1.0000,0.0000,0.0000,0.0000,1.0000,0.2836,0.2073,0.2889
293,4,43.7496,-0.3949,0.5062,1.0000,-0.0030,0.0000,0.0030,1.0000,0.0000,0.0000,0.0000,1.0000,0.2820,0.2947,0.2062
293,5,43.9176,-0.2586,0.6614,1.0000,-0.0030,0.0000,0.0030,1.0000,0.0000,0.0000,0.0000,1.0000,0.1112,0.2100,0.3614
293,6,44.0107,-0.2394,0.4265,1.0000,-0.0030,0.0000,0.0030,1.0000,0.0000,0.0000,0.0000,1.0000,0.1972,0.1336,0.1265
293,7,44.1196,-0.2313,0.4491,1.0000,-0.0030,0.0000,0.0030,1.0000,0.0000,0.0000,0.0000,1.0000,0.1624,0.1625,0.0548
293,8,44.1471,-0.1882,0.4472,1.0000,-0.0030,0.0000,0.0030,1.0000,0.0000,0.0000,0.0000,1.0000,0.0831,0.2046,0.1050
293,9,44.1776,-0.1220,0.4544,1.0000,-0.0030,0.0000,0.0030,1.0000,0.0000,0.0000,0.0000,1.0000,0.0210,0.0279,0.0569
293,10,44.2213,-0.1820,0.4546,1.0000,-0.0030,0.0000,0.0030,1.0000,0.0000,0.0000,0.0000,1.0000,0.0210,0.0279,0.0569
294,0,44.8625,-0.1176,0.4400,1.0000,-0.0029,0.0000,0.0029,1.0000,0.0000,0.0000,0.0000,1.0000,0.2577,0.2263,0.1400
294,1,44.8706,-0.1147,0.6052,1.0000,-0.0029,0.0000,0.0029,1.0000,0.0000,0.0000,0.0000,1.0000,0.1100,0.2168,0.3052
294,2,44.9463,-0.1752,0.5173,1.0000,-0.0029,0.0000,0.0029,1.0000,0.0000,0.0000,0.0000,1.0000,0.1101,0.3070,0.2173
294,3,44.9682,-0.3520,0.5889,1.0000,-0.0029,0.0000,0.0029,1.0000,0.0000,0.0000,0.0000,1.0000,0.2836,0.2073,0.2889
294,4,45.0862,-0.3988,0.5062,1.0000,-0.0029,0.0000,0.0029,1.0000,0.0000,0.0000,0.0000,1.0000,0.2820,0.2947,0.2062
294,5,45.2542,-0.2625,0.6614,1.0000,-0.0029,0.0000,0.0029,1.0000,0.0000,0.0000,0.0000,1.0000,0.1112,0.2100,0.3614
294,6,45.3472,-0.2433,0.4265,1.0000,-0.0029,0.0000,0.0029,1.0000,0.0000,0.0000,0.0000,1.0000,0.1972,0.1336,0.1265
294,7,45.4562,-0.2352,0.4491,1.0000,-0.0029,0.0000,0.0029,1.0000,0.0000,0.0000,0.0000,1.0000,0.1624,0.1625,0.0548
294,8,45.4837,-0.1921,0.4472,1.0000,-0.0029,0.0000,0.0029,1.0000,0.0000,0.0000,0.0000,1.0000,0.0831,0.2046,0.1050
294,9,45.5142,-0.1259,0.4544,1.0000,-0.0029,0.0000,0.0029,1.0000,0.0000,0.0000,0.0000,1.0000,0.0210,0.0279,0.0569
294,10,45.5579,-0.1859,0.4546,1.0000,-0.0029,0.0000,0.0029,1.0000,0.0000,0.0000,0.0000,1.0000,0.0210,0.0279,0.0569
295,0,46.2074,-0.1221,0.4400,1.0000,-0.0039,0.0000,0.0039,1.0000,0.0000,0.0000,0.0000,1.0000,0.2577,0.2263,0.1400
295,1,46.2155,-0.1193,0.6052,1.0000,-0.0039,0.0000,0.0039,1.0000,0.0000,0.0000,0.0000,1.0000,0.1100,0.2168,0.3052
295,2,46.2911,-0.1798,0.5173,1.0000,-0.0039,0.0000,0.0039,1.0000,0.0000,0.0000,0.0000,1.0000,0.1101,0.3070,0.2173
295,3,46.3128,-0.3566,0.5889,1.0000,-0.0039,0.0000,0.0039,1.0000,0.0000,0.0000,0.0000,1.0000,0.2836,0.2073,0.2889
295,4,46.4308,-0.4036,0.5062,1.0000,-0.0039,0.0000,0.0039,1.0000,0.0000,0.0000,0.0000,1.0000,0.2820,0.2947,0.2062
295,5,46.5989,-0.2674,0.6614,1.0000,-0.0039,0.0000,0.0039,1.0000,0.0000,0.0000,0.0000,1.0000,0.1112,0.2100,0.3614
295,6,46.6920,-0.2483,0.4265,1.0000,-0.0039,0.0000,0.0039,1.0000,0.0000,0.0000,0.0000,1.0000,0.1972,0.1336,0.1265
295,7,46.8009,-0.2403,0.4491,1.0000,-0.0039,0.0000,0.0039,1.0000,0.0000,0.0000,0.0000,1.0000,0.1624,0.1625,0.0548
295,8,46.8285,-0.1972,0.4472,1.0000,-0.0039,0.0000,0.0039,1.0000,0.0000,0.0000,0.0000,1.0000,0.0831,0.2046,0.1050
295,9,46.8590,-0.1311,0.4544,1.0000,-0.0039,0.0000,0.0039,1.0000,0.0000,0.0000,0.0000,1.0000,0.0210,0.0279,0.0569
295,10,46.9027,-0.1911,0.4546,1.0000,-0.0039,0.0000,0.0039,1.0000,0.0000,0.0000,0.0000,1.0000,0.0210,0.0279,0.0569
296,0,47.5605,-0.1269,0.4400,1.0000,-0.0032,0.0000,0.0032,1.0000,0.0000,0.0000,0.0000,1.0000,0.2577,0.2263,0.1400
296,1,47.5687,-0.1241,0.6052,1.0000,-0.0032,0.0000,0.0032,1.0000,0.0000,0.0000,0.0000,1.0000,0.1100,0.2168,0.3052
296,2,47.6444,-0.1846,0.5173,1.0000,-0.0032,0.0000,0.0032,1.0000,0.0000,0.0000,0.0000,1.0000,0.1101,0.3070,0.2173
296,3,47.6662,-0.3614,0.5889,1.0000,-0.0032,0.0000,0.0032,1.0000,0.0000,0.0000,0.0000,1.0000,0.2836,0.2073,0.2889
296,4,47.7842,-0.4082,0.5062,1.0000,-0.0032,0.0000,0.0032,1.0000,0.0000,0.0000,0.0000,1.0000,0.2820,0.2947,0.2062
296,5,47.9522,-0.2720,0.6614,1.0000,-0.0032,0.0000,0.0032,1.0000,0.0000,0.0000,0.0000,1.0000,0.1112,0.2100,0.3614
296,6,48.0452,-0.2528,0.4265,1.0000,-0.0032,0.0000,0.0032,1.0000,0.0000,0.0000,0.0000,1.0000,0.1972,0.1336,0.1265
296,7,48.1542,-0.2447,0.4491,1.0000,-0.0032,0.0000,0.0032,1.0000,0.0000,0.0000,0.0000,1.0000,0.1624,0.1625,0.0548
296,8,48.1817,-0.2016,0.4472,1.0000,-0.0032,0.0000,0.0032,1.0000,0.0000,0.0000,0.0000,1.0000,0.0831,0.2046,0.1050
296,9,48.2122,-0.1354,0.4544,1.0000,-0.0032,0.0000,0.0032,1.0000,0.0000,0.0000,0.0000,1.0000,0.0210,0.0279,0.0569
296,10,48.2559,-0.1954,0.4546,1.0000,-0.0032,0.0000,0.0032,1.0000,0.0000,0.0000,0.0000,1.0000,0.0210,0.0279,0.0569
297,0,48.9217,-0.1315,0.4400,1.0000,-0.0035,0.0000,0.0035,1.0000,0.0000,0.0000,0.0000,1.0000,0.2577,0.2263,0.1400
297,1,48.9299,-0.1286,0.6052,1.0000,-0.0035,0.0000,0.0035,1.0000,0.0000,0.0000,0.0000,1.0000,0.1100,0.2168,0.3052
297,2,49.0055,-0.1892,0.5173,1.0000,-0.0035,0.0000,0.0035,1.0000,0.0000,0.0000,0.0000,1.0000,0.1101,0.3070,0.2173
297,3,49.0273,-0.3659,0.5889,1.0000,-0.0035,0.0000,0.0035,1.0000,0.0000,0.0000,0.0000,1.0000,0.2836,0.2073,0.2889
297,4,49.1453,-0.4129,0.5062,1.0000,-0.0035,0.0000,0.0035,1.0000,0.0000,0.0000,0.0000,1.0000,0.2820,0.2947,0.2062
297,5,49.3133,-0.2766,0.6614,1.0000,-0.0035,0.0000,0.0035,1.0000,0.0000,0.0000,0.0000,1.0000,0.1112,0.2100,0.3614
297,6,49.4064,-0.2575,0.4265,1.0000,-0.0035,0.0000,0.0035,1.0000,0.0000,0.0000,0.0000,1.0000,0.1972,0.1336,0.1265
297,7,49.5153,-0.2495,0.4491,1.0000,-0.0035,0.0000,0.0035,1.0000,0.0000,0.0000,0.0000,1.0000,0.1624,0.1625,0.0548
297,8,49.5429,-0.2063,0.4472,1.0000,-0.0035,0.0000,0.0035,1.0000,0.0000,0.0000,0.0000,1.0000,0.0831,0.2046,0.1050
297,9,49.5734,-0.1402,0.4544,1.0000,-0.0035,0.0000,0.0035,1.0000,0.0000,0.0000,0.0000,1.0000,0.0210,0.0279,0.0569
297,10,49.6171,-0.2002,0.4546,1.0000,-0.0035,0.0000,0.0035,1.0000,0.0000,0.0000,0.0000,1.0000,0.0210,0.0279,0.0569
298,0,50.2905,-0.1365,0.4400,1.0000,-0.0038,0.0000,0.0038,1.0000,0.0000,0.0000,0.0000,1.0000,0.2577,0.2263,0.1400
298,1,50.2986,-0.1336,0.6052,1.0000,-0.0038,0.0000,0.0038,1.0000,0.0000,0.0000,0.0000,1.0000,0.1100,0.2168,0.3052
298,2,50.3742,-0.1942,0.5173,1.0000,-0.0038,0.0000,0.0038,1.0000,0.0000,0.0000,0.0000,1.0000,0.1101,0.3070,0.2173
298,3,50.3960,-0.3710,0.5889,1.0000,-0.0038,0.0000,0.0038,1.0000,0.0000,0.0000,0.0000,1.0000,0.2836,0.2073,0.2889
298,4,50.5139,-0.4179,0.5062,1.0000,-0.0038,0.0000,0.0038,1.0000,0.0000,0.0000,0.0000,1.0000,0.2820,0.2947,0.2062
298,5,50.6820,-0.2818,0.6614,1.0000,-0.0038,0.0000,0.0038,1.0000,0.0000,0.0000,0.0000,1.0000,0.1112,0.2100,0.3614
298,6,50.7751,-0.2626,0.4265,1.0000,-0.0038,0.0000,0.0038,1.0000,0.0000,0.0000,0.0000,1.0000,0.1972,0.1336,0.1265
298,7,50.8840,-0.2547,0.4491,1.0000,-0.0038,0.0000,0.0038,1.0000,0.0000,0.0000,0.0000,1.0000,0.1624,0.1625,0.0548
298,8,50.9116,-0.2116,0.4472,1.0000,-0.0038,0.0000,0.0038,1.0000,0.0000,0.0000,0.0000,1.0000,0.0831,0.2046,0.1050
298,9,50.9421,-0.1454,0.4544,1.0000,-0.0038,0.0000,0.0038,1.0000,0.0000,0.0000,0.0000,1.0000,0.0210,0.0279,0.0569
298,10,50.9858,-0.2054,0.4546,1.0000,-0.0038,0.0000,0.0038,1.0000,0.0000,0.0000,0.0000,1.0000,0.0210,0.0279,0.0569
299,0,51.6661,-0.1415,0.4400,1.0000,-0.0035,0.0000,0.0035,1.0000,0.0000,0.0000,0.0000,1.0000,0.2577,0.2263,0.1400
299,1,51.6742,-0.1387,0.6052,1.0000,-0.0035,0.0000,0.0035,1.0000,0.0000,0.0000,0.0000,1.0000,0.1100,0.2168,0.3052
299,2,51.7499,-0.1992,0.5173,1.0000,-0.0035,0.0000,0.0035,1.0000,0.0000,0.0000,0.0000,1.0000,0.1101,0.3070,0.2173
299,3,51.7716,-0.3760,0.5889,1.0000,-0.0035,0.0000,0.0035,1.0000,0.0000,0.0000,0.0000,1.0000,0.2836,0.2073,0.2889
299,4,51.8896,-0.4229,0.5062,1.0000,-0.0035,0.0000,0.0035,1.0000,0.0000,0.0000,0.0000,1.0000,0.2820,0.2947,0.2062
299,5,52.0577,-0.2867,0.6614,1.0000,-0.0035,0.0000,0.0035,1.0000,0.0000,0.0000,0.0000,1.0000,0.1112,0.2100,0.3614
299,6,52.1507,-0.2675,0.4265,1.0000,-0.0035,0.0000,0.0035,1.0000,0.0000,0.0000,0.0000,1.0000,0.1972,0.1336,0.1265
299,7,52.2596,-0.2595,0.4491,1.0000,-0.0035,0.0000,0.0035,1.0000,0.0000,0.0000,0.0000,1.0000,0.1624,0.1625,0.0548
299,8,52.2872,-0.2164,0.4472,1.0000,-0.0035,0.0000,0.0035,1.0000,0.0000,0.0000,0.0000,1.0000,0.0831,0.2046,0.1050
299,9,52.3177,-0.1502,0.4544,1.0000,-0.0035,0.0000,0.0035,1.0000,0.0000,0.0000,0.0000,1.0000,0.0210,0.0279,0.0569
299,10,52.3614,-0.2103,0.4546,1.0000,-0.0035,0.0000,0.0035,1.0000,0.0000,0.0000,0.0000,1.0000,0.0210,0.0279,0.0569
300,0,53.0481,-0.1461,0.4400,1.0000,-0.0031,0.0000,0.0031,1.0000,0.0000,0.0000,0.0000,1.0000,0.2577,0.2263,0.1400
300,1,53.0562,-0.1432,0.6052,1.0000,-0.0031,0.0000,0.0031,1.0000,0.0000,0.0000,0.0000,1.0000,0.1100,0.2168,0.3052
300,2,53.1319,-0.2038,0.5173,1.0000,-0.0031,0.0000,0.0031,1.0000,0.0000,0.0000,0.0000,1.0000,0.1101,0.3070,0.2173
300,3,53.1538,-0.3806,0.5889,1.0000,-0.0031,0.0000,0.0031,1.0000,0.0000,0.0000,0.0000,1.0000,0.2836,0.2073,0.2889
300,4,53.2717,-0.4274,0.5062,1.0000,-0.0031,0.0000,0.0031,1.0000,0.0000,0.0000,0.0000,1.0000,0.2820,0.2947,0.2062
300,5,53.4397,-0.2911,0.6614,1.0000,-0.0031,0.0000,0.0031,1.0000,0.0000,0.0000,0.0000,1.0000,0.1112,0.2100,0.3614
300,6,53.5328,-0.2719,0.4265,1.0000,-0.0031,0.0000,0.0031,1.0000,0.0000,0.0000,0.0000,1.0000,0.1972,0.1336,0.1265
300,7,53.6417,-0.2639,0.4491,1.0000,-0.0031,0.0000,0.0031,1.0000,0.0000,0.0000,0.0000,1.0000,0.1624,0.1625,0.0548
300,8,53.6693,-0.2208,0.4472,1.0000,-0.0031,0.0000,0.0031,1.0000,0.0000,0.0000,0.0000,1.0000,0.0831,0.2046,0.1050
300,9,53.6998,-0.1546,0.4544,1.0000,-0.0031,0.0000,0.0031,1.0000,0.0000,0.0000,0.0000,1.0000,0.0210,0.0279,0.0569
300,10,53.7435,-0.2146,0.4546,1.0000,-0.0031,0.0000,0.0031,1.0000,0.0000,0.0000,0.0000,1.0000,0.0210,0.0279,0.0569
301,0,54.4366,-0.1504,0.4400,1.0000,-0.0030,0.0000,0.0030,1.0000,0.0000,0.0000,0.0000,1.0000,0.2577,0.2263,0.1400
301,1,54.4447,-0.1475,0.6052,1.0000,-0.0030,0.0000,0.0030,1.0000,0.0000,0.0000,0.0000,1.0000,0.1100,0.2168,0.3052
301,2,54.5204,-0.2080,0.5173,1.0000,-0.0030,0.0000,0.0030,1.0000,0.0000,0.0000,0.0000,1.0000,0.1101,0.3070,0.2173
301,3,54.5423,-0.3848,0.5889,1.0000,-0.0030,0.0000,0.0030,1.0000,0.0000,0.0000,0.0000,1.0000,0.2836,0.2073,0.2889
301,4,54.6602,-0.4317,0.5062,1.0000,-0.0030,0.0000,0.0030,1.0000,0.0000,0.0000,0.0000,1.0000,0.2820,0.2947,0.2062
301,5,54.8282,-0.2954,0.6614,1.0000,-0.0030,0.0000,0.0030,1.0000,0.0000,0.0000,0.0000,1.0000,0.1112,0.2100,0.3614
301,6,54.9213,-0.2762,0.4265,1.0000,-0.0030,0.0000,0.0030,1.0000,0.0000,0.0000,0.0000,1.0000,0.1972,0.1336,0.1265
301,7,55.0302,-0.2681,0.4491,1.0000,-0.0030,0.0000,0.0030,1.0000,0.0000,0.0000,0.0000,1.0000,0.1624,0.1625,0.0548
301,8,55.0578,-0.2250,0.4472,1.0000,-0.0030,0.0000,0.0030,1.0000,0.0000,0.0000,0.0000,1.0000,0.0831,0.2046,0.1050
301,9,55.0883,-0.1588,0.4544,1.0000,-0.0030,0.0000,0.0030,1.0000,0.0000,0.0000,0.0000,1.0000,0.0210,0.0279,0.0569
301,10,55.1320,-0.2188,0.4546,1.0000,-0.0030,0.0000,0.0030,1.0000,0.0000,0.0000,0.0000,1.0000,0.0210,0.0279,0.0569
302,0,55.8317,-0.1545,0.4400,1.0000,-0.0028,0.0000,0.0028,1.0000,0.0000,0.0000,0.0000,1.0000,0.2577,0.2263,0.1400
302,1,55.8398,-0.1516,0.6052,1.0000,-0.0028,0.0000,0.0028,1.0000,0.0000,0.0000,0.0000,1.0000,0.1100,0.2168,0.3052
302,2,55.9155,-0.2121,0.5173,1.0000,-0.0028,0.0000,0.0028,1.0000,0.0000,0.0000,0.0000,1.0000,0.1101,0.3070,0.2173
302,3,55.9374,-0.3889,0.5889,1.0000,-0.0028,0.0000,0.0028,1.0000,0.0000,0.0000,0.0000,1.0000,0.2836,0.2073,0.2889
302,4,56.0554,-0.4357,0.5062,1.0000,-0.0028,0.0000,0.0028,1.0000,0.0000,0.0000,0.0000,1.0000,0.2820,0.2947,0.2062
302,5,56.2234,-0.2994,0.6614,1.0000,-0.0028,0.0000,0.0028,1.0000,0.0000,0.0000,0.0000,1.0000,0.1112,0.2100,0.3614
302,6,56.3164,-0.2802,0.4265,1.0000,-0.0028,0.0000,0.0028,1.0000,0.0000,0.0000,0.0000,1.0000,0.1972,0.1336,0.1265
302,7,56.4254,-0.2721,0.4491,1.0000,-0.0028,0.0000,0.0028,1.0000,0.0000,0.0000,0.0000,1.0000,0.1624,0.1625,0.0548
302,8,56.4529,-0.2290,0.4472,1.0000,-0.0028,0.0000,0.0028,1.0000,0.0000,0.0000,0.0000,1.0000,0.0831,0.2046,0.1050
302,9,56.4834,-0.1627,0.4544,1.0000,-0.0028,0.0000,0.0028,1.0000,0.0000,0.0000,0.0000,1.0000,0.0210,0.0279,0.0569
302,10,56.5271,-0.2228,0.4546,1.0000,-0.0028,0.0000,0.0028,1.0000,0.0000,0.0000,0.0000,1.0000,0.0210,0.0279,0.0569
303,0,57.2336,-0.1583,0.4400,1.0000,-0.0027,0.0000,0.0027,1.0000,0.0000,0.0000,0.0000,1.0000,0.2577,0.2263,0.1400
303,1,57.2417,-0.1555,0.6052,1.0000,-0.0027,0.0000,0.0027,1.0000,0.0000,0.0000,0.0000,1.0000,0.1100,0.2168,0.3052
303,2,57.3174,-0.2160,0.5173,1.0000,-0.0027,0.0000,0.0027,1.0000,0.0000,0.0000,0.0000,1.0000,0.1101,0.3070,0.2173
303,3,57.3394,-0.3927,0.5889,1.0000,-0.0027,0.0000,0.0027,1.0000,0.0000,0.0000,0.0000,1.0000,0.2836,0.2073,0.2889
303,4,57.4573,-0.4395,0.5062,1.0000,-0.0027,0.0000,0.0027,1.0000,0.0000,0.0000,0.0000,1.0000,0.2820,0.2947,0.2062
303,5,57.6253,-0.3032,0.6614,1.0000,-0.0027,0.0000,0.0027,1.0000,0.0000,0.0000,0.0000,1.0000,0.1112,0.2100,0.3614
303,6,57.7184,-0.2839,0.4265,1.0000,-0.0027,0.0000,0.0027,1.0000,0.0000,0.0000,0.0000,1.0000,0.1972,0.1336,0.1265
303,7,57.8273,-0.2758,0.4491,1.0000,-0.0027,0.0000,0.0027,1.0000,0.0000,0.0000,0.0000,1.0000,0.1624,0.1625,0.0548
303,8,57.8548,-0.2327,0.4472,1.0000,-0.0027,0.0000,0.0027,1.0000,0.0000,0.0000,0.0000,1.0000,0.0831,0.2046,0.1050
303,9,57.8853,-0.1665,0.4544,1.0000,-0.0027,0.0000,0.0027,1.0000,0.0000,0.0000,0.0000,1.0000,0.0210,0.0279,0.0569
303,10,57.9290,-0.2265,0.4546,1.0000,-0.0027,0.0000,0.0027,1.0000,0.0000,0.0000,0.0000,1.0000,0.0210,0.0279,0.0569
304,0,58.6422,-0.1625,0.4400,1.0000,-0.0033,0.0000,0.0033,1.0000,0.0000,0.0000,0.0000,1.0000,0.2577,0.2263,0.1400
304,1,58.6503,-0.1596,0.6052,1.0000,-0.0033,0.0000,0.0033,1.0000,0.0000,0.0000,0.0000,1.0000,0.1100,0.2168,0.3052
304,2,58.7260,-0.2202,0.5173,1.0000,-0.0033,0.0000,0.0033,1.0000,0.0000,0.0000,0.0000,1.0000,0.1101,0.3070,0.2173
304,3,58.7478,-0.3970,0.5889,1.0000,-0.0033,0.0000,0.0033,1.0000,0.0000,0.0000,0.0000,1.0000,0.2836,0.2073,0.2889
304,4,58.8658,-0.4439,0.5062,1.0000,-0.0033,0.0000,0.0033,1.0000,0.0000,0.0000,0.0000,1.0000,0.2820,0.2947,0.2062
304,5,59.0338,-0.3076,0.6614,1.0000,-0.0033,0.0000,0.0033,1.0000,0.0000,0.0000,0.0000,1.0000,0.1112,0.2100,0.3614
304,6,59.1269,-0.2884,0.4265,1.0000,-0.0033,0.0000,0.0033,1.0000,0.0000,0.0000,0.0000,1.0000,0.1972,0.1336,0.1265
304,7,59.2358,-0.2804,0.4491,1.0000,-0.0033,0.0000,0.0033,1.0000,0.0000,0.0000,0.0000,1.0000,0.1624,0.1625,0.0548
304,8,59.2633,-0.2373,0.4472,1.0000,-0.0033,0.0000,0.0033,1.0000,0.0000,0.0000,0.0000,1.0000,0.0831,0.2046,0.1050
304,9,59.2939,-0.1711,0.4544,1.0000,-0.0033,0.0000,0.0033,1.0000,0.0000,0.0000,0.0000,1.0000,0.0210,0.0279,0.0569
304,10,59.3376,-0.2311,0.4546,1.0000,-0.0033,0.0000,0.0033,1.0000,0.0000,0.0000,0.0000,1.0000,0.0210,0.0279,0.0569
305,0,60.0572,-0.1668,0.4400,1.0000,-0.0027,0.0000,0.0027,1.0000,0.0000,0.0000,0.0000,1.0000,0.2577,0.2263,0.1400
305,1,60.0653,-0.1639,0.6052,1.0000,-0.0027,0.0000,0.0027,1.0000,0.0000,0.0000,0.0000,1.0000,0.1100,0.2168,0.3052
305,2,60.1410,-0.2244,0.5173,1.0000,-0.0027,0.0000,0.0027,1.0000,0.0000,0.0000,0.0000,1.0000,0.1101,0.3070,0.2173
305,3,60.1629,-0.4012,0.5889,1.0000,-0.0027,0.0000,0.0027,1.0000,0.0000,0.0000,0.0000,1.0000,0.2836,0.2073,0.2889
305,4,60.2809,-0.4480,0.5062,1.0000,-0.0027,0.0000,0.0027,1.0000,0.0000,0.0000,0.0000,1.0000,0.2820,0.2947,0.2062
305,5,60.4489,-0.3117,0.6614,1.0000,-0.0027,0.0000,0.0027,1.0000,0.0000,0.0000,0.0000,1.0000,0.1112,0.2100,0.3614
305,6,60.5419,-0.2924,0.4265,1.0000,-0.0027,0.0000,0.0027,1.0000,0.0000,0.0000,0.0000,1.0000,0.1972,0.1336,0.1265
305,7,60.6508,-0.2843,0.4491,1.0000,-0.0027,0.0000,0.0027,1.0000,0.0000,0.0000,0.0000,1.0000,0.1624,0.1625,0.0548
305,8,60.6784,-0.2412,0.4472,1.0000,-0.0027,0.0000,0.0027,1.0000,0.0000,0.0000,0.0000,1.0000,0.0831,0.2046,0.1050
305,9,60.7088,-0.1750,0.4544,1.0000,-0.0027,0.0000,0.0027,1.0000,0.0000,0.0000,0.0000,1.0000,0.0210,0.0279,0.0569
305,10,60.7526,-0.2350,0.4546,1.0000,-0.0027,0.0000,0.0027,1.0000,0.0000,0.0000,0.0000,1.0000,0.0210,0.0279,0.0569
306,0,61.4780,-0.1702,0.4400,1.0000,-0.0020,0.0000,0.0020,1.0000,0.0000,0.0000,0.0000,1.0000,0.2577,0.2263,0.1400
306,1,61.4861,-0.1673,0.6052,1.0000,-0.0020,0.0000,0.0020,1.0000,0.0000,0.0000,0.0000,1.0000,0.1100,0.2168,0.3052
306,2,61.5619,-0.2277,0.5173,1.0000,-0.0020,0.0000,0.0020,1.0000,0.0000,0.0000,0.0000,1.0000,0.1101,0.3070,0.2173
306,3,61.5839,-0.4045,0.5889,1.0000,-0.0020,0.0000,0.0020,1.0000,0.0000,0.0000,0.0000,1.0000,0.2836,0.2073,0.2889
306,4,61.7019,-0.4512,0.5062,1.0000,-0.0020,0.0000,0.0020,1.0000,0.0000,0.0000,0.0000,1.0000,0.2820,0.2947,0.2062
306,5,61.8698,-0.3148,0.6614,1.0000,-0.0020,0.0000,0.0020,1.0000,0.0000,0.0000,0.0000,1.0000,0.1112,0.2100,0.3614
306,6,61.9628,-0.2954,0.4265,1.0000,-0.0020,0.0000,0.0020,1.0000,0.0000,0.0000,0.0000,1.0000,0.1972,0.1336,0.1265
306,7,62.0718,-0.2873,0.4491,1.0000,-0.0020,0.0000,0.0020,1.0000,0.0000,0.0000,0.0000,1.0000,0.1624,0.1625,0.0548
306,8,62.0992,-0.2441,0.4472,1.0000,-0.0020,0.0000,0.0020,1.0000,0.0000,0.0000,0.0000,1.0000,0.0831,0.2046,0.1050
306,9,62.1297,-0.1779,0.4544,1.0000,-0.0020,0.0000,0.0020,1.0000,0.0000,0.0000,0.0000,1.0000,0.0210,0.0279,0.0569
306,10,62.1735,-0.2379,0.4546,1.0000,-0.0020,0.0000,0.0020,1.0000,0.0000,0.0000,0.0000,1.0000,0.0210,0.0279,0.0569
307,0,62.9042,-0.1725,0.4400,1.0000,-0.0012,0.0000,0.0012,1.0000,0.0000,0.0000,0.0000,1.0000,0.2577,0.2263,0.1400
307,1,62.9123,-0.1696,0.6052,1.0000,-0.0012,0.0000,0.0012,1.0000,0.0000,0.0000,0.0000,1.0000,0.1100,0.2168,0.3052
307,2,62.9881,-0.2300,0.5173,1.0000,-0.0012,0.0000,0.0012,1.0000,0.0000,0.0000,0.0000,1.0000,0.1101,0.3070,0.2173
307,3,63.0103,-0.4067,0.5889,1.0000,-0.0012,0.0000,0.0012,1.0000,0.0000,0.0000,0.0000,1.0000,0.2836,0.2073,0.2889
307,4,63.1283,-0.4533,0.5062,1.0000,-0.0012,0.0000,0.0012,1.0000,0.0000,0.0000,0.0000,1.0000,0.2820,0.2947,0.2062
307,5,63.2961,-0.3167,0.6614,1.0000,-0.0012,0.0000,0.0012,1.0000,0.0000,0.0000,0.0000,1.0000,0.1112,0.2100,0.3614
307,6,63.3891,-0.2973,0.4265,1.0000,-0.0012,0.0000,0.0012,1.0000,0.0000,0.0000,0.0000,1.0000,0.1972,0.1336,0.1265
307,7,63.4980,-0.2891,0.4491,1.0000,-0.0012,0.0000,0.0012,1.0000,0.0000,0.0000,0.0000,1.0000,0.1624,0.1625,0.0548
307,8,63.5255,-0.2459,0.4472,1.0000,-0.0012,0.0000,0.0012,1.0000,0.0000,0.0000,0.0000,1.0000,0.0831,0.2046,0.1050
307,9,63.5559,-0.1796,0.4544,1.0000,-0.0012,0.0000,0.0012,1.0000,0.0000,0.0000,0.0000,1.0000,0.0210,0.0279,0.0569
307,10,63.5997,-0.2396,0.4546,1.0000,-0.0012,0.0000,0.0012,1.0000,0.0000,0.0000,0.0000,1.0000,0.0210,0.0279,0.0569
308,0,64.3356,-0.1741,0.4400,1.0000,-0.0010,0.0000,0.0010,1.0000,0.0000,0.0000,0.0000,1.0000,0.2577,0.2263,0.1400
308,1,64.3437,-0.1712,0.6052,1.0000,-0.0010,0.0000,0.0010,1.0000,0.0000,0.0000,0.0000,1.0000,0.1100,0.2168,0.3052
308,2,64.4195,-0.2316,0.5173,1.0000,-0.0010,0.0000,0.0010,1.0000,0.0000,0.0000,0.0000,1.0000,0.1101,0.3070,0.2173
308,3,64.4417,-0.4083,0.5889,1.0000,-0.0010,0.0000,0.0010,1.0000,0.0000,0.0000,0.0000,1.0000,0.2836,0.2073,0.2889
308,4,64.5598,-0.4549,0.5062,1.0000,-0.0010,0.0000,0.0010,1.0000,0.0000,0.0000,0.0000,1.0000,0.2820,0.2947,0.2062
308,5,64.7275,-0.3183,0.6614,1.0000,-0.0010,0.0000,0.0010,1.0000,0.0000,0.0000,0.0000,1.0000,0.1112,0.2100,0.3614
308,6,64.8205,-0.2989,0.4265,1.0000,-0.0010,0.0000,0.0010,1.0000,0.0000,0.0000,0.0000,1.0000,0.1972,0.1336,0.1265
308,7,64.9294,-0.2906,0.4491,1.0000,-0.0010,0.0000,0.0010,1.0000,0.0000,0.0000,0.0000,1.0000,0.1624,0.1625,0.0548
308,8,64.9569,-0.2474,0.4472,1.0000,-0.0010,0.0000,0.0010,1.0000,0.0000,0.0000,0.0000,1.0000,0.0831,0.2046,0.1050
308,9,64.9873,-0.1811,0.4544,1.0000,-0.0010,0.0000,0.0010,1.0000,0.0000,0.0000,0.0000,1.0000,0.0210,0.0279,0.0569
308,10,65.0311,-0.2411,0.4546,1.0000,-0.0010,0.0000,0.0010,1.0000,0.0000,0.0000,0.0000,1.0000,0.0210,0.0279,0.0569
309,0,65.7721,-0.1754,0.4400,1.0000,-0.0008,0.0000,0.0008,1.0000,0.0000,0.0000,0.0000,1.0000,0.2577,0.2263,0.1400
309,1,65.7802,-0.1725,0.6052,1.0000,-0.0008,0.0000,0.0008,1.0000,0.0000,0.0000,0.0000,1.0000,0.1100,0.2168,0.3052
309,2,65.8561,-0.2328,0.5173,1.0000,-0.0008,0.0000,0.0008,1.0000,0.0000,0.0000,0.0000,1.0000,0.1101,0.3070,0.2173
309,3,65.8784,-0.4095,0.5889,1.0000,-0.0008,0.0000,0.0008,1.0000,0.0000,0.0000,0.0000,1.0000,0.2836,0.2073,0.2889
309,4,65.9964,-0.4561,0.5062,1.0000,-0.0008,0.0000,0.0008,1.0000,0.0000,0.0000,0.0000,1.0000,0.2820,0.2947,0.2062
309,5,66.1641,-0.3195,0.6614,1.0000,-0.0008,0.0000,0.0008,1.0000,0.0000,0.0000,0.0000,1.0000,0.1112,0.2100,0.3614
309,6,66.2571,-0.3000,0.4265,1.0000,-0.0008,0.0000,0.0008,1.0000,0.0000,0.0000,0.0000,1.0000,0.1972,0.1336,0.1265
309,7,66.3660,-0.2917,0.4491,1.0000,-0.0008,0.0000,0.0008,1.0000,0.0000,0.0000,0.0000,1.0000,0.1624,0.1625,0.0548
309,8,66.3935,-0.2485,0.4472,1.0000,-0.0008,0.0000,0.0008,1.0000,0.0000,0.0000,0.0000,1.0000,0.0831,0.2046,0.1050
309,9,66.4238,-0.1823,0.4544,1.0000,-0.0008,0.0000,0.0008,1.0000,0.0000,0.0000,0.0000,1.0000,0.0210,0.0279,0.0569
309,10,66.4677,-0.2422,0.4546,1.0000,-0.0008,0.0000,0.0008,1.0000,0.0000,0.0000,0.0000,1.0000,0.0210,0.0279,0.0569
310,0,67.2138,-0.1763,0.4400,1.0000,-0.0006,0.0000,0.0006,1.0000,0.0000,0.0000,0.0000,1.0000,0.2577,0.2263,0.1400
310,1,67.2219,-0.1734,0.6052,1.0000,-0.0006,0.0000,0.0006,1.0000,0.0000,0.0000,0.0000,1.0000,0.1100,0.2168,0.3052
310,2,67.2978,-0.2338,0.5173,1.0000,-0.0006,0.0000,0.0006,1.0000,0.0000,0.0000,0.0000,1.0000,0.1101,0.3070,0.2173
310,3,67.3201,-0.4105,0.5889,1.0000,-0.0006,0.0000,0.0006,1.0000,0.0000,0.0000,0.0000,1.0000,0.2836,0.2073,0.2889
310,4,67.4382,-0.4570,0.5062,1.0000,-0.0006,0.0000,0.0006,1.0000,0.0000,0.0000,0.0000,1.0000,0.2820,0.2947,0.2062
310,5,67.6058,-0.3203,0.6614,1.0000,-0.0006,0.0000,0.0006,1.0000,0.0000,0.0000,0.0000,1.0000,0.1112,0.2100,0.3614
310,6,67.6988,-0.3009,0.4265,1.0000,-0.0006,0.0000,0.0006,1.0000,0.0000,0.0000,0.0000,1.0000,0.1972,0.1336,0.1265
310,7,67.8077,-0.2926,0.4491,1.0000,-0.0006,0.0000,0.0006,1.0000,0.0000,0.0000,0.0000,1.0000,0.1624,0.1625,0.0548
310,8,67.8352,-0.2494,0.4472,1.0000,-0.0006,0.0000,0.0006,1.0000,0.0000,0.0000,0.0000,1.0000,0.0831,0.2046,0.1050
310,9,67.8655,-0.1831,0.4544,1.0000,-0.0006,0.0000,0.0006,1.0000,0.0000,0.0000,0.0000,1.0000,0.0210,0.0279,0.0569
310,10,67.9094,-0.2430,0.4546,1.0000,-0.0006,0.0000,0.0006,1.0000,0.0000,0.0000,0.0000,1.0000,0.0210,0.0279,0.0569
311,0,68.6603,-0.1779,0.4400,1.0000,-0.0017,0.0000,0.0017,1.0000,0.0000,0.0000,0.0000,1.0000,0.2577,0.2263,0.1400
311,1,68.6684,-0.1750,0.6052,1.0000,-0.0017,0.0000,0.0017,1.0000,0.0000,0.0000,0.0000,1.0000,0.1100,0.2168,0.3052
311,2,68.7442,-0.2354,0.5173,1.0000,-0.0017,0.0000,0.0017,1.0000,0.0000,0.0000,0.0000,1.0000,0.1101,0.3070,0.2173
311,3,68.7663,-0.4122,0.5889,1.0000,-0.0017,0.0000,0.0017,1.0000,0.0000,0.0000,0.0000,1.0000,0.2836,0.2073,0.2889
311,4,68.8843,-0.4589,0.5062,1.0000,-0.0017,0.0000,0.0017,1.0000,0.0000,0.0000,0.0000,1.0000,0.2820,0.2947,0.2062
311,5,69.0521,-0.3223,0.6614,1.0000,-0.0017,0.0000,0.0017,1.0000,0.0000,0.0000,0.0000,1.0000,0.1112,0.2100,0.3614
311,6,69.1452,-0.3030,0.4265,1.0000,-0.0017,0.0000,0.0017,1.0000,0.0000,0.0000,0.0000,1.0000,0.1972,0.1336,0.1265
311,7,69.2541,-0.2948,0.4491,1.0000,-0.0017,0.0000,0.0017,1.0000,0.0000,0.0000,0.0000,1.0000,0.1624,0.1625,0.0548
311,8,69.2816,-0.2516,0.4472,1.0000,-0.0017,0.0000,0.0017,1.0000,0.0000,0.0000,0.0000,1.0000,0.0831,0.2046,0.1050
311,9,69.3120,-0.1854,0.4544,1.0000,-0.0017,0.0000,0.0017,1.0000,0.0000,0.0000,0.0000,1.0000,0.0210,0.0279,0.0569
311,10,69.3558,-0.2453,0.4546,1.0000,-0.0017,0.0000,0.0017,1.0000,0.0000,0.0000,0.0000,1.0000,0.0210,0.0279,0.0569
312,0,70.1111,-0.1801,0.4400,1.0000,-0.0013,0.0000,0.0013,1.0000,0.0000,0.0000,0.0000,1.0000,0.2577,0.2263,0.1400
312,1,70.1192,-0.1772,0.6052,1.0000,-0.0013,0.0000,0.0013,1.0000,0.0000,0.0000,0.0000,1.0000,0.1100,0.2168,0.3052
312,2,70.1951,-0.2376,0.5173,1.0000,-0.0013,0.0000,0.0013,1.0000,0.0000,0.0000,0.0000,1.0000,0.1101,0.3070,0.2173
312,3,70.2172,-0.4143,0.5889,1.0000,-0.0013,0.0000,0.0013,1.0000,0.0000,0.0000,0.0000,1.0000,0.2836,0.2073,0.2889
312,4,70.3353,-0.4610,0.5062,1.0000,-0.0013,0.0000,0.0013,1.0000,0.0000,0.0000,0.0000,1.0000,0.2820,0.2947,0.2062
312,5,70.5030,-0.3244,0.6614,1.0000,-0.0013,0.0000,0.0013,1.0000,0.0000,0.0000,0.0000,1.0000,0.1112,0.2100,0.3614
312,6,70.5961,-0.3050,0.4265,1.0000,-0.0013,0.0000,0.0013,1.0000,0.0000,0.0000,0.0000,1.0000,0.1972,0.1336,0.1265
312,7,70.7050,-0.2968,0.4491,1.0000,-0.0013,0.0000,0.0013,1.0000,0.0000,0.0000,0.0000,1.0000,0.1624,0.1625,0.0548
312,8,70.7324,-0.2536,0.4472,1.0000,-0.0013,0.0000,0.0013,1.0000,0.0000,0.0000,0.0000,1.0000,0.0831,0.2046,0.1050
312,9,70.7628,-0.1873,0.4544,1.0000,-0.0013,0.0000,0.0013,1.0000,0.0000,0.0000,0.0000,1.0000,0.0210,0.0279,0.0569
312,10,70.8066,-0.2473,0.4546,1.0000,-0.0013,0.0000,0.0013,1.0000,0.0000,0.0000,0.0000,1.0000,0.0210,0.0279,0.0569
313,0,71.5657,-0.1820,0.4400,1.0000,-0.0014,0.0000,0.0014,1.0000,0.0000,0.0000,0.0000,1.0000,0.2577,0.2263,0.1400
313,1,71.5738,-0.1792,0.6052,1.0000,-0.0014,0.0000,0.0014,1.0000,0.0000,0.0000,0.0000,1.0000,0.1100,0.2168,0.3052
313,2,71.6496,-0.2396,0.5173,1.0000,-0.0014,0.0000,0.0014,1.0000,0.0000,0.0000,0.0000,1.0000,0.1101,0.3070,0.2173
313,3,71.6718,-0.4163,0.5889,1.0000,-0.0014,0.0000,0.0014,1.0000,0.0000,0.0000,0.0000,1.0000,0.2836,0.2073,0.2889
313,4,71.7898,-0.4630,0.5062,1.0000,-0.0014,0.0000,0.0014,1.0000,0.0000,0.0000,0.0000,1.0000,0.2820,0.2947,0.2062
313,5,71.9576,-0.3264,0.6614,1.0000,-0.0014,0.0000,0.0014,1.0000,0.0000,0.0000,0.0000,1.0000,0.1112,0.2100,0.3614
313,6,72.0506,-0.3070,0.4265,1.0000,-0.0014,0.0000,0.0014,1.0000,0.0000,0.0000,0.0000,1.0000,0.1972,0.1336,0.1265
313,7,72.1595,-0.2988,0.4491,1.0000,-0.0014,0.0000,0.0014,1.0000,0.0000,0.0000,0.0000,1.0000,0.1624,0.1625,0.0548
313,8,72.1870,-0.2556,0.4472,1.0000,-0.0014,0.0000,0.0014,1.0000,0.0000,0.0000,0.0000,1.0000,0.0831,0.2046,0.1050
313,9,72.2174,-0.1893,0.4544,1.0000,-0.0014,0.0000,0.0014,1.0000,0.0000,0.0000,0.0000,1.0000,0.0210,0.0279,0.0569
313,10,72.2612,-0.2493,0.4546,1.0000,-0.0014,0.0000,0.0014,1.0000,0.0000,0.0000,0.0000,1.0000,0.0210,0.0279,0.0569
314,0,73.0236,-0.1832,0.4400,1.0000,-0.0002,0.0000,0.0002,1.0000,0.0000,0.0000,0.0000,1.0000,0.2577,0.2263,0.1400
314,1,73.0317,-0.1803,0.6052,1.0000,-0.0002,0.0000,0.0002,1.0000,0.0000,0.0000,0.0000,1.0000,0.1100,0.2168,0.3052
314,2,73.1076,-0.2407,0.5173,1.0000,-0.0002,0.0000,0.0002,1.0000,0.0000,0.0000,0.0000,1.0000,0.1101,0.3070,0.2173
314,3,73.1300,-0.4174,0.5889,1.0000,-0.0002,0.0000,0.0002,1.0000,0.0000,0.0000,0.0000,1.0000,0.2836,0.2073,0.2889
314,4,73.2480,-0.4639,0.5062,1.0000,-0.0002,0.0000,0.0002,1.0000,0.0000,0.0000,0.0000,1.0000,0.2820,0.2947,0.2062
314,5,73.4157,-0.3271,0.6614,1.0000,-0.0002,0.0000,0.0002,1.0000,0.0000,0.0000,0.0000,1.0000,0.1112,0.2100,0.3614
314,6,73.5087,-0.3076,0.4265,1.0000,-0.0002,0.0000,0.0002,1.0000,0.0000,0.0000,0.0000,1.0000,0.1972,0.1336,0.1265
314,7,73.6176,-0.2993,0.4491,1.0000,-0.0002,0.0000,0.0002,1.0000,0.0000,0.0000,0.0000,1.0000,0.1624,0.1625,0.0548
314,8,73.6450,-0.2561,0.4472,1.0000,-0.0002,0.0000,0.0002,1.0000,0.0000,0.0000,0.0000,1.0000,0.0831,0.2046,0.1050
314,9,73.6753,-0.1898,0.4544,1.0000,-0.0002,0.0000,0.0002,1.0000,0.0000,0.0000,0.0000,1.0000,0.0210,0.0279,0.0569
314,10,73.7192,-0.2497,0.4546,1.0000,-0.0002,0.0000,0.0002,1.0000,0.0000,0.0000,0.0000,1.0000,0.0210,0.0279,0.0569
315,0,74.4850,-0.1834,0.4400,1.0000,-0.0001,0.0000,0.0001,1.0000,0.0000,0.0000,0.0000,1.0000,0.2577,0.2263,0.1400
315,1,74.4931,-0.1805,0.6052,1.0000,-0.0001,0.0000,0.0001,1.0000,0.0000,0.0000,0.0000,1.0000,0.1100,0.2168,0.3052
315,2,74.5690,-0.2408,0.5173,1.0000,-0.0001,0.0000,0.0001,1.0000,0.0000,0.0000,0.0000,1.0000,0.1101,0.3070,0.2173
315,3,74.5914,-0.4175,0.5889,1.0000,-0.0001,0.0000,0.0001,1.0000,0.0000,0.0000,0.0000,1.0000,0.2836,0.2073,0.2889
315,4,74.7095,-0.4640,0.5062,1.0000,-0.0001,0.0000,0.0001,1.0000,0.0000,0.0000,0.0000,1.0000,0.2820,0.2947,0.2062
315,5,74.8771,-0.3273,0.6614,1.0000,-0.0001,0.0000,0.0001,1.0000,0.0000,0.0000,0.0000,1.0000,0.1112,0.2100,0.3614
315,6,74.9701,-0.3078,0.4265,1.0000,-0.0001,0.0000,0.0001,1.0000,0.0000,0.0000,0.0000,1.0000,0.1972,0.1336,0.1265
315,7,75.0790,-0.2994,0.4491,1.0000,-0.0001,0.0000,0.0001,1.0000,0.0000,0.0000,0.0000,1.0000,0.1624,0.1625,0.0548
315,8,75.1064,-0.2562,0.4472,1.0000,-0.0001,0.0000,0.0001,1.0000,0.0000,0.0000,0.0000,1.0000,0.0831,0.2046,0.1050
315,9,75.1367,-0.1899,0.4544,1.0000,-0.0001,0.0000,0.0001,1.0000,0.0000,0.0000,0.0000,1.0000,0.0210,0.0279,0.0569
315,10,75.1806,-0.2498,0.4546,1.0000,-0.0001,0.0000,0.0001,1.0000,0.0000,0.0000,0.0000,1.0000,0.0210,0.0279,0.0569
316,0,75.9501,-0.1839,0.4400,1.0000,-0.0006,0.0000,0.0006,1.0000,0.0000,0.0000,0.0000,1.0000,0.2577,0.2263,0.1400
316,1,75.9582,-0.1810,0.6052,1.0000,-0.0006,0.0000,0.0006,1.0000,0.0000,0.0000,0.0000,1.0000,0.1100,0.2168,0.3052
316,2,76.0340,-0.2413,0.5173,1.0000,-0.0006,0.0000,0.0006,1.0000,0.0000,0.0000,0.0000,1.0000,0.1101,0.3070,0.2173
316,3,76.0563,-0.4181,0.5889,1.0000,-0.0006,0.0000,0.0006,1.0000,0.0000,0.0000,0.0000,1.0000,0.2836,0.2073,0.2889
316,4,76.1744,-0.4646,0.5062,1.0000,-0.0006,0.0000,0.0006,1.0000,0.0000,0.0000,0.0000,1.0000,0.2820,0.2947,0.2062
316,5,76.3421,-0.3279,0.6614,1.0000,-0.0006,0.0000,0.0006,1.0000,0.0000,0.0000,0.0000,1.0000,0.1112,0.2100,0.3614
316,6,76.4351,-0.3085,0.4265,1.0000,-0.0006,0.0000,0.0006,1.0000,0.0000,0.0000,0.0000,1.0000,0.1972,0.1336,0.1265
316,7,76.5440,-0.3002,0.4491,1.0000,-0.0006,0.0000,0.0006,1.0000,0.0000,0.0000,0.0000,1.0000,0.1624,0.1625,0.0548
316,8,76.5714,-0.2570,0.4472,1.0000,-0.0006,0.0000,0.0006,1.0000,0.0000,0.0000,0.0000,1.0000,0.0831,0.2046,0.1050
316,9,76.6018,-0.1907,0.4544,1.0000,-0.0006,0.0000,0.0006,1.0000,0.0000,0.0000,0.0000,1.0000,0.0210,0.0279,0.0569
316,10,76.6456,-0.2506,0.4546,1.0000,-0.0006,0.0000,0.0006,1.0000,0.0000,0.0000,0.0000,1.0000,0.0210,0.0279,0.0569
317,0,77.4191,-0.1845,0.4400,1.0000,-0.0003,0.0000,0.0003,1.0000,0.0000,0.0000,0.0000,1.0000,0.2577,0.2263,0.1400
317,1,77.4272,-0.1816,0.6052,1.0000,-0.0003,0.0000,0.0003,1.0000,0.0000,0.0000,0.0000,1.0000,0.1100,0.2168,0.3052
317,2,77.5031,-0.2420,0.5173,1.0000,-0.0003,0.0000,0.0003,1.0000,0.0000,0.0000,0.0000,1.0000,0.1101,0.3070,0.2173
317,3,77.5254,-0.4187,0.5889,1.0000,-0.0003,0.0000,0.0003,1.0000,0.0000,0.0000,0.0000,1.0000,0.2836,0.2073,0.2889
317,4,77.6435,-0.4652,0.5062,1.0000,-0.0003,0.0000,0.0003,1.0000,0.0000,0.0000,0.0000,1.0000,0.2820,0.2947,0.2062
317,5,77.8111,-0.3285,0.6614,1.0000,-0.0003,0.0000,0.0003,1.0000,0.0000,0.0000,0.0000,1.0000,0.1112,0.2100,0.3614
317,6,77.9041,-0.3090,0.4265,1.0000,-0.0003,0.0000,0.0003,1.0000,0.0000,0.0000,0.0000,1.0000,0.1972,0.1336,0.1265
317,7,78.0130,-0.3006,0.4491,1.0000,-0.0003,0.0000,0.0003,1.0000,0.0000,0.0000,0.0000,1.0000,0.1624,0.1625,0.0548
317,8,78.0404,-0.2574,0.4472,1.0000,-0.0003,0.0000,0.0003,1.0000,0.0000,0.0000,0.0000,1.0000,0.0831,0.2046,0.1050
317,9,78.0708,-0.1911,0.4544,1.0000,-0.0003,0.0000,0.0003,1.0000,0.0000,0.0000,0.0000,1.0000,0.0210,0.0279,0.0569
317,10,78.1146,-0.2510,0.4546,1.0000,-0.0003,0.0000,0.0003,1.0000,0.0000,0.0000,0.0000,1.0000,0.0210,0.0279,0.0569
318,0,78.8918,-0.1848,0.4400,1.0000,-0.0001,0.0000,0.0001,1.0000,0.0000,0.0000,0.0000,1.0000,0.2577,0.2263,0.1400
318,1,78.8999,-0.1819,0.6052,1.0000,-0.0001,0.0000,0.0001,1.0000,0.0000,0.0000,0.0000,1.0000,0.1100,0.2168,0.3052
318,2,78.9758,-0.2422,0.5173,1.0000,-0.0001,0.0000,0.0001,1.0000,0.0000,0.0000,0.0000,1.0000,0.1101,0.3070,0.2173
318,3,78.9982,-0.4189,0.5889,1.0000,-0.0001,0.0000,0.0001,1.0000,0.0000,0.0000,0.0000,1.0000,0.2836,0.2073,0.2889
318,4,79.1163,-0.4655,0.5062,1.0000,-0.0001,0.0000,0.0001,1.0000,0.0000,0.0000,0.0000,1.0000,0.2820,0.2947,0.2062
318,5,79.2839,-0.3287,0.6614,1.0000,-0.0001,0.0000,0.0001,1.0000,0.0000,0.0000,0.0000,1.0000,0.1112,0.2100,0.3614
318,6,79.3769,-0.3092,0.4265,1.0000,-0.0001,0.0000,0.0001,1.0000,0.0000,0.0000,0.0000,1.0000,0.1972,0.1336,0.1265
318,7,79.4858,-0.3008,0.4491,1.0000,-0.0001,0.0000,0.0001,1.0000,0.0000,0.0000,0.0000,1.0000,0.1624,0.1625,0.0548
318,8,79.5132,-0.2576,0.4472,1.0000,-0.0001,0.0000,0.0001,1.0000,0.0000,0.0000,0.0000,1.0000,0.0831,0.2046,0.1050
318,9,79.5435,-0.1913,0.4544,1.0000,-0.0001,0.0000,0.0001,1.0000,0.0000,0.0000,0.0000,1.0000,0.0210,0.0279,0.0569
318,10,79.5874,-0.2512,0.4546,1.0000,-0.0001,0.0000,0.0001,1.0000,0.0000,0.0000,0.0000,1.0000,0.0210,0.0279,0.0569
319,0,80.3679,-0.1845,0.4400,1.0000,0.0006,0.0000,-0.0006,1.0000,0.0000,0.0000,0.0000,1.0000,0.2577,0.2263,0.1400
319,1,80.3760,-0.1816,0.6052,1.0000,0.0006,0.0000,-0.0006,1.0000,0.0000,0.0000,0.0000,1.0000,0.1100,0.2168,0.3052
319,2,80.4520,-0.2419,0.5173,1.0000,0.0006,0.0000,-0.0006,1.0000,0.0000,0.0000,0.0000,1.0000,0.1101,0.3070,0.2173
319,3,80.4745,-0.4186,0.5889,1.0000,0.0006,0.0000,-0.0006,1.0000,0.0000,0.0000,0.0000,1.0000,0.2836,0.2073,0.2889
319,4,80.5926,-0.4650,0.5062,1.0000,0.0006,0.0000,-0.0006,1.0000,0.0000,0.0000,0.0000,1.0000,0.2820,0.2947,0.2062
319,5,80.7601,-0.3281,0.6614,1.0000,0.0006,0.0000,-0.0006,1.0000,0.0000,0.0000,0.0000,1.0000,0.1112,0.2100,0.3614
319,6,80.8531,-0.3085,0.4265,1.0000,0.0006,0.0000,-0.0006,1.0000,0.0000,0.0000,0.0000,1.0000,0.1972,0.1336,0.1265
319,7,80.9620,-0.3001,0.4491,1.0000,0.0006,0.0000,-0.0006,1.0000,0.0000,0.0000,0.0000,1.0000,0.1624,0.1625,0.0548
319,8,80.9894,-0.2569,0.4472,1.0000,0.0006,0.0000,-0.0006,1.0000,0.0000,0.0000,0.0000,1.0000,0.0831,0.2046,0.1050
319,9,81.0196,-0.1905,0.4544,1.0000,0.0006,0.0000,-0.0006,1.0000,0.0000,0.0000,0.0000,1.0000,0.0210,0.0279,0.0569
319,10,81.0636,-0.2504,0.4546,1.0000,0.0006,0.0000,-0.0006,1.0000,0.0000,0.0000,0.0000,1.0000,0.0210,0.0279,0.0569
320,0,0.8693,-0.0080,0.4400,1.0000,-0.0003,0.0000,0.0003,1.0000,0.0000,0.0000,0.0000,1.0000,0.2577,0.2263,0.1400
320,1,0.8774,-0.0051,0.6052,1.0000,-0.0003,0.0000,0.0003,1.0000,0.0000,0.0000,0.0000,1.0000,0.1100,0.2168,0.3052
320,2,0.9533,-0.0655,0.5173,1.0000,-0.0003,0.0000,0.0003,1.0000,0.0000,0.0000,0.0000,1.0000,0.1101,0.3070,0.2173
320,3,0.9756,-0.2422,0.5889,1.0000,-0.0003,0.0000,0.0003,1.0000,0.0000,0.0000,0.0000,1.0000,0.2836,0.2073,0.2889
320,4,1.0937,-0.2887,0.5062,1.0000,-0.0003,0.0000,0.0003,1.0000,0.0000,0.0000,0.0000,1.0000,0.2820,0.2947,0.2062
320,5,1.2614,-0.1520,0.6614,1.0000,-0.0003,0.0000,0.0003,1.0000,0.0000,0.0000,0.0000,1.0000,0.1112,0.2100,0.3614
320,6,1.3544,-0.1325,0.4265,1.0000,-0.0003,0.0000,0.0003,1.0000,0.0000,0.0000,0.0000,1.0000,0.1972,0.1336,0.1265
320,7,1.4633,-0.1241,0.4491,1.0000,-0.0003,0.0000,0.0003,1.0000,0.0000,0.0000,0.0000,1.0000,0.1624,0.1625,0.0548
320,8,1.4907,-0.0809,0.4472,1.0000,-0.0003,0.0000,0.0003,1.0000,0.0000,0.0000,0.0000,1.0000,0.0831,0.2046,0.1050
320,9,1.5210,-0.0147,0.4544,1.0000,-0.0003,0.0000,0.0003,1.0000,0.0000,0.0000,0.0000,1.0000,0.0210,0.0279,0.0569
320,10,1.5649,-0.0746,0.4546,1.0000,-0.0003,0.0000,0.0003,1.0000,0.0000,0.0000,0.0000,1.0000,0.0210,0.0279,0.0569
321,0,1.7926,-0.0087,0.4400,1.0000,-0.0011,0.0000,0.0011,1.0000,0.0000,0.0000,0.0000,1.0000,0.2577,0.2263,0.1400
321,1,1.8007,-0.0058,0.6052,1.0000,-0.0011,0.0000,0.0011,1.0000,0.0000,0.0000,0.0000,1.0000,0.1100,0.2168,0.3052
321,2,1.8765,-0.0661,0.5173,1.0000,-0.0011,0.0000,0.0011,1.0000,0.0000,0.0000,0.0000,1.0000,0.1101,0.3070,0.2173
321,3,1.8987,-0.2429,0.5889,1.0000,-0.0011,0.0000,0.0011,1.0000,0.0000,0.0000,0.0000,1.0000,0.2836,0.2073,0.2889
321,4,2.0168,-0.2895,0.5062,1.0000,-0.0011,0.0000,0.0011,1.0000,0.0000,0.0000,0.0000,1.0000,0.2820,0.2947,0.2062
321,5,2.1845,-0.1529,0.6614,1.0000,-0.0011,0.0000,0.0011,1.0000,0.0000,0.0000,0.0000,1.0000,0.1112,0.2100,0.3614
321,6,2.2775,-0.1335,0.4265,1.0000,-0.0011,0.0000,0.0011,1.0000,0.0000,0.0000,0.0000,1.0000,0.1972,0.1336,0.1265
321,7,2.3865,-0.1252,0.4491,1.0000,-0.0011,0.0000,0.0011,1.0000,0.0000,0.0000,0.0000,1.0000,0.1624,0.1625,0.0548
321,8,2.4139,-0.0820,0.4472,1.0000,-0.0011,0.0000,0.0011,1.0000,0.0000,0.0000,0.0000,1.0000,0.0831,0.2046,0.1050
321,9,2.4443,-0.0157,0.4544,1.0000,-0.0011,0.0000,0.0011,1.0000,0.0000,0.0000,0.0000,1.0000,0.0210,0.0279,0.0569
321,10,2.4881,-0.0757,0.4546,1.0000,-0.0011,0.0000,0.0011,1.0000,0.0000,0.0000,0.0000,1.0000,0.0210,0.0279,0.0569
322,0,2.7284,-0.0097,0.4400,1.0000,-0.0011,0.0000,0.0011,1.0000,0.0000,0.0000,0.0000,1.0000,0.2577,0.2263,0.1400
322,1,2.7365,-0.0068,0.6052,1.0000,-0.0011,0.0000,0.0011,1.0000,0.0000,0.0000,0.0000,1.0000,0.1100,0.2168,0.3052
322,2,2.8123,-0.0672,0.5173,1.0000,-0.0011,0.0000,0.0011,1.0000,0.0000,0.0000,0.0000,1.0000,0.1101,0.3070,0.2173
322,3,2.8345,-0.2439,0.5889,1.0000,-0.0011,0.0000,0.0011,1.0000,0.0000,0.0000,0.0000,1.0000,0.2836,0.2073,0.2889
322,4,2.9526,-0.2905,0.5062,1.0000,-0.0011,0.0000,0.0011,1.0000,0.0000,0.0000,0.0000,1.0000,0.2820,0.2947,0.2062
322,5,3.1203,-0.1539,0.6614,1.0000,-0.0011,0.0000,0.0011,1.0000,0.0000,0.0000,0.0000,1.0000,0.1112,0.2100,0.3614
322,6,3.2133,-0.1345,0.4265,1.0000,-0.0011,0.0000,0.0011,1.0000,0.0000,0.0000,0.0000,1.0000,0.1972,0.1336,0.1265
322,7,3.3223,-0.1262,0.4491,1.0000,-0.0011,0.0000,0.0011,1.0000,0.0000,0.0000,0.0000,1.0000,0.1624,0.1625,0.0548
322,8,3.3497,-0.0831,0.4472,1.0000,-0.0011,0.0000,0.0011,1.0000,0.0000,0.0000,0.0000,1.0000,0.0831,0.2046,0.1050
322,9,3.3801,-0.0168,0.4544,1.0000,-0.0011,0.0000,0.0011,1.0000,0.0000,0.0000,0.0000,1.0000,0.0210,0.0279,0.0569
322,10,3.4239,-0.0768,0.4546,1.0000,-0.0011,0.0000,0.0011,1.0000,0.0000,0.0000,0.0000,1.0000,0.0210,0.0279,0.0569
323,0,3.6765,-0.0109,0.4400,1.0000,-0.0014,0.0000,0.0014,1.0000,0.0000,0.0000,0.0000,1.0000,0.2577,0.2263,0.1400
323,1,3.6847,-0.0080,0.6052,1.0000,-0.0014,0.0000,0.0014,1.0000,0.0000,0.0000,0.0000,1.0000,0.1100,0.2168,0.3052
323,2,3.7605,-0.0684,0.5173,1.0000,-0.0014,0.0000,0.0014,1.0000,0.0000,0.0000,0.0000,1.0000,0.1101,0.3070,0.2173
323,3,3.7826,-0.2451,0.5889,1.0000,-0.0014,0.0000,0.0014,1.0000,0.0000,0.0000,0.0000,1.0000,0.2836,0.2073,0.2889
323,4,3.9006,-0.2918,0.5062,1.0000,-0.0014,0.0000,0.0014,1.0000,0.0000,0.0000,0.0000,1.0000,0.2820,0.2947,0.2062
323,5,4.0684,-0.1552,0.6614,1.0000,-0.0014,0.0000,0.0014,1.0000,0.0000,0.0000,0.0000,1.0000,0.1112,0.2100,0.3614
323,6,4.1615,-0.1359,0.4265,1.0000,-0.0014,0.0000,0.0014,1.0000,0.0000,0.0000,0.0000,1.0000,0.1972,0.1336,0.1265
323,7,4.2704,-0.1276,0.4491,1.0000,-0.0014,0.0000,0.0014,1.0000,0.0000,0.0000,0.0000,1.0000,0.1624,0.1625,0.0548
323,8,4.2978,-0.0845,0.4472,1.0000,-0.0014,0.0000,0.0014,1.0000,0.0000,0.0000,0.0000,1.0000,0.0831,0.2046,0.1050
323,9,4.3282,-0.0182,0.4544,1.0000,-0.0014,0.0000,0.0014,1.0000,0.0000,0.0000,0.0000,1.0000,0.0210,0.0279,0.0569
323,10,4.3721,-0.0782,0.4546,1.0000,-0.0014,0.0000,0.0014,1.0000,0.0000,0.0000,0.0000,1.0000,0.0210,0.0279,0.0569
324,0,4.6373,-0.0124,0.4400,1.0000,-0.0017,0.0000,0.0017,1.0000,0.0000,0.0000,0.0000,1.0000,0.2577,0.2263,0.1400
324,1,4.6454,-0.0095,0.6052,1.0000,-0.0017,0.0000,0.0017,1.0000,0.0000,0.0000,0.0000,1.0000,0.1100,0.2168,0.3052
324,2,4.7212,-0.0699,0.5173,1.0000,-0.0017,0.0000,0.0017,1.0000,0.0000,0.0000,0.0000,1.0000,0.1101,0.3070,0.2173
324,3,4.7433,-0.2467,0.5889,1.0000,-0.0017,0.0000,0.0017,1.0000,0.0000,0.0000,0.0000,1.0000,0.2836,0.2073,0.2889
324,4,4.8613,-0.2934,0.5062,1.0000,-0.0017,0.0000,0.0017,1.0000,0.0000,0.0000,0.0000,1.0000,0.2820,0.2947,0.2062
324,5,5.0291,-0.1568,0.6614,1.0000,-0.0017,0.0000,0.0017,1.0000,0.0000,0.0000,0.0000,1.0000,0.1112,0.2100,0.3614
324,6,5.1221,-0.1375,0.4265,1.0000,-0.0017,0.0000,0.0017,1.0000,0.0000,0.0000,0.0000,1.0000,0.1972,0.1336,0.1265
324,7,5.2311,-0.1293,0.4491,1.0000,-0.0017,0.0000,0.0017,1.0000,0.0000,0.0000,0.0000,1.0000,0.1624,0.1625,0.0548
324,8,5.2585,-0.0861,0.4472,1.0000,-0.0017,0.0000,0.0017,1.0000,0.0000,0.0000,0.0000,1.0000,0.0831,0.2046,0.1050
324,9,5.2889,-0.0199,0.4544,1.0000,-0.0017,0.0000,0.0017,1.0000,0.0000,0.0000,0.0000,1.0000,0.0210,0.0279,0.0569
324,10,5.3327,-0.0799,0.4546,1.0000,-0.0017,0.0000,0.0017,1.0000,0.0000,0.0000,0.0000,1.0000,0.0210,0.0279,0.0569
325,0,5.6108,-0.0142,0.4400,1.0000,-0.0022,0.0000,0.0022,1.0000,0.0000,0.0000,0.0000,1.0000,0.2577,0.2263,0.1400
325,1,5.6189,-0.0114,0.6052,1.0000,-0.0022,0.0000,0.0022,1.0000,0.0000,0.0000,0.0000,1.0000,0.1100,0.2168,0.3052
325,2,5.6947,-0.0718,0.5173,1.0000,-0.0022,0.0000,0.0022,1.0000,0.0000,0.0000,0.0000,1.0000,0.1101,0.3070,0.2173
325,3,5.7167,-0.2486,0.5889,1.0000,-0.0022,0.0000,0.0022,1.0000,0.0000,0.0000,0.0000,1.0000,0.2836,0.2073,0.2889
325,4,5.8347,-0.2953,0.5062,1.0000,-0.0022,0.0000,0.0022,1.0000,0.0000,0.0000,0.0000,1.0000,0.2820,0.2947,0.2062
325,5,6.0026,-0.1589,0.6614,1.0000,-0.0022,0.0000,0.0022,1.0000,0.0000,0.0000,0.0000,1.0000,0.1112,0.2100,0.3614
325,6,6.0957,-0.1396,0.4265,1.0000,-0.0022,0.0000,0.0022,1.0000,0.0000,0.0000,0.0000,1.0000,0.1972,0.1336,0.1265
325,7,6.2046,-0.1314,0.4491,1.0000,-0.0022,0.0000,0.0022,1.0000,0.0000,0.0000,0.0000,1.0000,0.1624,0.1625,0.0548
325,8,6.2321,-0.0883,0.4472,1.0000,-0.0022,0.0000,0.0022,1.0000,0.0000,0.0000,0.0000,1.0000,0.0831,0.2046,0.1050
325,9,6.2625,-0.0221,0.4544,1.0000,-0.0022,0.0000,0.0022,1.0000,0.0000,0.0000,0.0000,1.0000,0.0210,0.0279,0.0569
325,10,6.3063,-0.0821,0.4546,1.0000,-0.0022,0.0000,0.0022,1.0000,0.0000,0.0000,0.0000,1.0000,0.0210,0.0279,0.0569
326,0,6.5976,-0.0165,0.4400,1.0000,-0.0025,0.0000,0.0025,1.0000,0.0000,0.0000,0.0000,1.0000,0.2577,0.2263,0.1400
326,1,6.6057,-0.0136,0.6052,1.0000,-0.0025,0.0000,0.0025,1.0000,0.0000,0.0000,0.0000,1.0000,0.1100,0.2168,0.3052
326,2,6.6815,-0.0741,0.5173,1.0000,-0.0025,0.0000,0.0025,1.0000,0.0000,0.0000,0.0000,1.0000,0.1101,0.3070,0.2173
326,3,6.7035,-0.2509,0.5889,1.0000,-0.0025,0.0000,0.0025,1.0000,0.0000,0.0000,0.0000,1.0000,0.2836,0.2073,0.2889
326,4,6.8214,-0.2977,0.5062,1.0000,-0.0025,0.0000,0.0025,1.0000,0.0000,0.0000,0.0000,1.0000,0.2820,0.2947,0.2062
326,5,6.9894,-0.1613,0.6614,1.0000,-0.0025,0.0000,0.0025,1.0000,0.0000,0.0000,0.0000,1.0000,0.1112,0.2100,0.3614
326,6,7.0824,-0.1420,0.4265,1.0000,-0.0025,0.0000,0.0025,1.0000,0.0000,0.0000,0.0000,1.0000,0.1972,0.1336,0.1265
326,7,7.1914,-0.1339,0.4491,1.0000,-0.0025,0.0000,0.0025,1.0000,0.0000,0.0000,0.0000,1.0000,0.1624,0.1625,0.0548
326,8,7.2189,-0.0907,0.4472,1.0000,-0.0025,0.0000,0.0025,1.0000,0.0000,0.0000,0.0000,1.0000,0.0831,0.2046,0.1050
326,9,7.2493,-0.0245,0.4544,1.0000,-0.0025,0.0000,0.0025,1.0000,0.0000,0.0000,0.0000,1.0000,0.0210,0.0279,0.0569
326,10,7.2931,-0.0845,0.4546,1.0000,-0.0025,0.0000,0.0025,1.0000,0.0000,0.0000,0.0000,1.0000,0.0210,0.0279,0.0569
327,0,7.5980,-0.0191,0.4400,1.0000,-0.0026,0.0000,0.0026,1.0000,0.0000,0.0000,0.0000,1.0000,0.2577,0.2263,0.1400
327,1,7.6061,-0.0162,0.6052,1.0000,-0.0026,0.0000,0.0026,1.0000,0.0000,0.0000,0.0000,1.0000,0.1100,0.2168,0.3052
327,2,7.6819,-0.0767,0.5173,1.0000,-0.0026,0.0000,0.0026,1.0000,0.0000,0.0000,0.0000,1.0000,0.1101,0.3070,0.2173
327,3,7.7038,-0.2534,0.5889,1.0000,-0.0026,0.0000,0.0026,1.0000,0.0000,0.0000,0.0000,1.0000,0.2836,0.2073,0.2889
327,4,7.8218,-0.3002,0.5062,1.0000,-0.0026,0.0000,0.0026,1.0000,0.0000,0.0000,0.0000,1.0000,0.2820,0.2947,0.2062
327,5,7.9898,-0.1639,0.6614,1.0000,-0.0026,0.0000,0.0026,1.0000,0.0000,0.0000,0.0000,1.0000,0.1112,0.2100,0.3614
327,6,8.0828,-0.1446,0.4265,1.0000,-0.0026,0.0000,0.0026,1.0000,0.0000,0.0000,0.0000,1.0000,0.1972,0.1336,0.1265
327,7,8.1917,-0.1365,0.4491,1.0000,-0.0026,0.0000,0.0026,1.0000,0.0000,0.0000,0.0000,1.0000,0.1624,0.1625,0.0548
327,8,8.2192,-0.0934,0.4472,1.0000,-0.0026,0.0000,0.0026,1.0000,0.0000,0.0000,0.0000,1.0000,0.0831,0.2046,0.1050
327,9,8.2497,-0.0272,0.4544,1.0000,-0.0026,0.0000,0.0026,1.0000,0.0000,0.0000,0.0000,1.0000,0.0210,0.0279,0.0569
327,10,8.2935,-0.0872,0.4546,1.0000,-0.0026,0.0000,0.0026,1.0000,0.0000,0.0000,0.0000,1.0000,0.0210,0.0279,0.0569
328,0,8.6121,-0.0218,0.4400,1.0000,-0.0029,0.0000,0.0029,1.0000,0.0000,0.0000,0.0000,1.0000,0.2577,0.2263,0.1400
328,1,8.6202,-0.0190,0.6052,1.0000,-0.0029,0.0000,0.0029,1.0000,0.0000,0.0000,0.0000,1.0000,0.1100,0.2168,0.3052
328,2,8.6960,-0.0795,0.5173,1.0000,-0.0029,0.0000,0.0029,1.0000,0.0000,0.0000,0.0000,1.0000,0.1101,0.3070,0.2173
328,3,8.7178,-0.2563,0.5889,1.0000,-0.0029,0.0000,0.0029,1.0000,0.0000,0.0000,0.0000,1.0000,0.2836,0.2073,0.2889
328,4,8.8358,-0.3031,0.5062,1.0000,-0.0029,0.0000,0.0029,1.0000,0.0000,0.0000,0.0000,1.0000,0.2820,0.2947,0.2062
328,5,9.0038,-0.1668,0.6614,1.0000,-0.0029,0.0000,0.0029,1.0000,0.0000,0.0000,0.0000,1.0000,0.1112,0.2100,0.3614
328,6,9.0969,-0.1475,0.4265,1.0000,-0.0029,0.0000,0.0029,1.0000,0.0000,0.0000,0.0000,1.0000,0.1972,0.1336,0.1265
328,7,9.2058,-0.1395,0.4491,1.0000,-0.0029,0.0000,0.0029,1.0000,0.0000,0.0000,0.0000,1.0000,0.1624,0.1625,0.0548
328,8,9.2333,-0.0963,0.4472,1.0000,-0.0029,0.0000,0.0029,1.0000,0.0000,0.0000,0.0000,1.0000,0.0831,0.2046,0.1050
328,9,9.2638,-0.0301,0.4544,1.0000,-0.0029,0.0000,0.0029,1.0000,0.0000,0.0000,0.0000,1.0000,0.0210,0.0279,0.0569
328,10,9.3075,-0.0902,0.4546,1.0000,-0.0029,0.0000,0.0029,1.0000,0.0000,0.0000,0.0000,1.0000,0.0210,0.0279,0.0569
329,0,9.6398,-0.0250,0.4400,1.0000,-0.0032,0.0000,0.0032,1.0000,0.0000,0.0000,0.0000,1.0000,0.2577,0.2263,0.1400
329,1,9.6479,-0.0221,0.6052,1.0000,-0.0032,0.0000,0.0032,1.0000,0.0000,0.0000,0.0000,1.0000,0.1100,0.2168,0.3052
329,2,9.7237,-0.0826,0.5173,1.0000,-0.0032,0.0000,0.0032,1.0000,0.0000,0.0000,0.0000,1.0000,0.1101,0.3070,0.2173
329,3,9.7455,-0.2594,0.5889,1.0000,-0.0032,0.0000,0.0032,1.0000,0.0000,0.0000,0.0000,1.0000,0.2836,0.2073,0.2889
329,4,9.8634,-0.3063,0.5062,1.0000,-0.0032,0.0000,0.0032,1.0000,0.0000,0.0000,0.0000,1.0000,0.2820,0.2947,0.2062
329,5,10.0315,-0.1700,0.6614,1.0000,-0.0032,0.0000,0.0032,1.0000,0.0000,0.0000,0.0000,1.0000,0.1112,0.2100,0.3614
329,6,10.1245,-0.1508,0.4265,1.0000,-0.0032,0.0000,0.0032,1.0000,0.0000,0.0000,0.0000,1.0000,0.1972,0.1336,0.1265
329,7,10.2335,-0.1428,0.4491,1.0000,-0.0032,0.0000,0.0032,1.0000,0.0000,0.0000,0.0000,1.0000,0.1624,0.1625,0.0548
329,8,10.2610,-0.0996,0.4472,1.0000,-0.0032,0.0000,0.0032,1.0000,0.0000,0.0000,0.0000,1.0000,0.0831,0.2046,0.1050
329,9,10.2915,-0.0334,0.4544,1.0000,-0.0032,0.0000,0.0032,1.0000,0.0000,0.0000,0.0000,1.0000,0.0210,0.0279,0.0569
329,10,10.3352,-0.0935,0.4546,1.0000,-0.0032,0.0000,0.0032,1.0000,0.0000,0.0000,0.0000,1.0000,0.0210,0.0279,0.0569
330,0,10.6811,-0.0283,0.4400,1.0000,-0.0033,0.0000,0.0033,1.0000,0.0000,0.0000,0.0000,1.0000,0.2577,0.2263,0.1400
330,1,10.6892,-0.0255,0.6052,1.0000,-0.0033,0.0000,0.0033,1.0000,0.0000,0.0000,0.0000,1.0000,0.1100,0.2168,0.3052
330,2,10.7649,-0.0860,0.5173,1.0000,-0.0033,0.0000,0.0033,1.0000,0.0000,0.0000,0.0000,1.0000,0.1101,0.3070,0.2173
330,3,10.7867,-0.2628,0.5889,1.0000,-0.0033,0.0000,0.0033,1.0000,0.0000,0.0000,0.0000,1.0000,0.2836,0.2073,0.2889
330,4,10.9047,-0.3097,0.5062,1.0000,-0.0033,0.0000,0.0033,1.0000,0.0000,0.0000,0.0000,1.0000,0.2820,0.2947,0.2062
330,5,11.0727,-0.1735,0.6614,1.0000,-0.0033,0.0000,0.0033,1.0000,0.0000,0.0000,0.0000,1.0000,0.1112,0.2100,0.3614
330,6,11.1658,-0.1543,0.4265,1.0000,-0.0033,0.0000,0.0033,1.0000,0.0000,0.0000,0.0000,1.0000,0.1972,0.1336,0.1265
330,7,11.2747,-0.1462,0.4491,1.0000,-0.0033,0.0000,0.0033,1.0000,0.0000,0.0000,0.0000,1.0000,0.1624,0.1625,0.0548
330,8,11.3023,-0.1031,0.4472,1.0000,-0.0033,0.0000,0.0033,1.0000,0.0000,0.0000,0.0000,1.0000,0.0831,0.2046,0.1050
330,9,11.3328,-0.0369,0.4544,1.0000,-0.0033,0.0000,0.0033,1.0000,0.0000,0.0000,0.0000,1.0000,0.0210,0.0279,0.0569
330,10,11.3765,-0.0970,0.4546,1.0000,-0.0033,0.0000,0.0033,1.0000,0.0000,0.0000,0.0000,1.0000,0.0210,0.0279,0.0569
331,0,11.7358,-0.0321,0.4400,1.0000,-0.0038,0.0000,0.0038,1.0000,0.0000,0.0000,0.0000,1.0000,0.2577,0.2263,0.1400
331,1,11.7439,-0.0292,0.6052,1.0000,-0.0038,0.0000,0.0038,1.0000,0.0000,0.0000,0.0000,1.0000,0.1100,0.2168,0.3052
331,2,11.8196,-0.0898,0.5173,1.0000,-0.0038,0.0000,0.0038,1.0000,0.0000,0.0000,0.0000,1.0000,0.1101,0.3070,0.2173
331,3,11.8413,-0.2666,0.5889,1.0000,-0.0038,0.0000,0.0038,1.0000,0.0000,0.0000,0.0000,1.0000,0.2836,0.2073,0.2889
331,4,11.9592,-0.3135,0.5062,1.0000,-0.0038,0.0000,0.0038,1.0000,0.0000,0.0000,0.0000,1.0000,0.2820,0.2947,0.2062
331,5,12.1274,-0.1774,0.6614,1.0000,-0.0038,0.0000,0.0038,1.0000,0.0000,0.0000,0.0000,1.0000,0.1112,0.2100,0.3614
331,6,12.2204,-0.1582,0.4265,1.0000,-0.0038,0.0000,0.0038,1.0000,0.0000,0.0000,0.0000,1.0000,0.1972,0.1336,0.1265
331,7,12.3294,-0.1502,0.4491,1.0000,-0.0038,0.0000,0.0038,1.0000,0.0000,0.0000,0.0000,1.0000,0.1624,0.1625,0.0548
331,8,12.3569,-0.1071,0.4472,1.0000,-0.0038,0.0000,0.0038,1.0000,0.0000,0.0000,0.0000,1.0000,0.0831,0.2046,0.1050
331,9,12.3875,-0.0409,0.4544,1.0000,-0.0038,0.0000,0.0038,1.0000,0.0000,0.0000,0.0000,1.0000,0.0210,0.0279,0.0569
331,10,12.4311,-0.1010,0.4546,1.0000,-0.0038,0.0000,0.0038,1.0000,0.0000,0.0000,0.0000,1.0000,0.0210,0.0279,0.0569
332,0,12.8040,-0.0361,0.4400,1.0000,-0.0037,0.0000,0.0037,1.0000,0.0000,0.0000,0.0000,1.0000,0.2577,0.2263,0.1400
332,1,12.8121,-0.0332,0.6052,1.0000,-0.0037,0.0000,0.0037,1.0000,0.0000,0.0000,0.0000,1.0000,0.1100,0.2168,0.3052
332,2,12.8878,-0.0938,0.5173,1.0000,-0.0037,0.0000,0.0037,1.0000,0.0000,0.0000,0.0000,1.0000,0.1101,0.3070,0.2173
332,3,12.9095,-0.2705,0.5889,1.0000,-0.0037,0.0000,0.0037,1.0000,0.0000,0.0000,0.0000,1.0000,0.2836,0.2073,0.2889
332,4,13.0274,-0.3175,0.5062,1.0000,-0.0037,0.0000,0.0037,1.0000,0.0000,0.0000,0.0000,1.0000,0.2820,0.2947,0.2062
332,5,13.1955,-0.1813,0.6614,1.0000,-0.0037,0.0000,0.0037,1.0000,0.0000,0.0000,0.0000,1.0000,0.1112,0.2100,0.3614
332,6,13.2886,-0.1621,0.4265,1.0000,-0.0037,0.0000,0.0037,1.0000,0.0000,0.0000,0.0000,1.0000,0.1972,0.1336,0.1265
332,7,13.3975,-0.1541,0.4491,1.0000,-0.0037,0.0000,0.0037,1.0000,0.0000,0.0000,0.0000,1.0000,0.1624,0.1625,0.0548
332,8,13.4251,-0.1110,0.4472,1.0000,-0.0037,0.0000,0.0037,1.0000,0.0000,0.0000,0.0000,1.0000,0.0831,0.2046,0.1050
332,9,13.4556,-0.0448,0.4544,1.0000,-0.0037,0.0000,0.0037,1.0000,0.0000,0.0000,0.0000,1.0000,0.0210,0.0279,0.0569
332,10,13.4993,-0.1049,0.4546,1.0000,-0.0037,0.0000,0.0037,1.0000,0.0000,0.0000,0.0000,1.0000,0.0210,0.0279,0.0569
333,0,13.8858,-0.0402,0.4400,1.0000,-0.0040,0.0000,0.0040,1.0000,0.0000,0.0000,0.0000,1.0000,0.2577,0.2263,0.1400
333,1,13.8939,-0.0373,0.6052,1.0000,-0.0040,0.0000,0.0040,1.0000,0.0000,0.0000,0.0000,1.0000,0.1100,0.2168,0.3052
333,2,13.9695,-0.0979,0.5173,1.0000,-0.0040,0.0000,0.0040,1.0000,0.0000,0.0000,0.0000,1.0000,0.1101,0.3070,0.2173
333,3,13.9912,-0.2747,0.5889,1.0000,-0.0040,0.0000,0.0040,1.0000,0.0000,0.0000,0.0000,1.0000,0.2836,0.2073,0.2889
333,4,14.1091,-0.3217,0.5062,1.0000,-0.0040,0.0000,0.0040,1.0000,0.0000,0.0000,0.0000,1.0000,0.2820,0.2947,0.2062
333,5,14.2773,-0.1856,0.6614,1.0000,-0.0040,0.0000,0.0040,1.0000,0.0000,0.0000,0.0000,1.0000,0.1112,0.2100,0.3614
333,6,14.3704,-0.1664,0.4265,1.0000,-0.0040,0.0000,0.0040,1.0000,0.0000,0.0000,0.0000,1.0000,0.1972,0.1336,0.1265
333,7,14.4793,-0.1585,0.4491,1.0000,-0.0040,0.0000,0.0040,1.0000,0.0000,0.0000,0.0000,1.0000,0.1624,0.1625,0.0548
333,8,14.5069,-0.1154,0.4472,1.0000,-0.0040,0.0000,0.0040,1.0000,0.0000,0.0000,0.0000,1.0000,0.0831,0.2046,0.1050
333,9,14.5374,-0.0492,0.4544,1.0000,-0.0040,0.0000,0.0040,1.0000,0.0000,0.0000,0.0000,1.0000,0.0210,0.0279,0.0569
333,10,14.5811,-0.1093,0.4546,1.0000,-0.0040,0.0000,0.0040,1.0000,0.0000,0.0000,0.0000,1.0000,0.0210,0.0279,0.0569
334,0,14.9813,-0.0447,0.4400,1.0000,-0.0043,0.0000,0.0043,1.0000,0.0000,0.0000,0.0000,1.0000,0.2577,0.2263,0.1400
334,1,14.9894,-0.0419,0.6052,1.0000,-0.0043,0.0000,0.0043,1.0000,0.0000,0.0000,0.0000,1.0000,0.1100,0.2168,0.3052
334,2,15.0651,-0.1025,0.5173,1.0000,-0.0043,0.0000,0.0043,1.0000,0.0000,0.0000,0.0000,1.0000,0.1101,0.3070,0.2173
334,3,15.0867,-0.2793,0.5889,1.0000,-0.0043,0.0000,0.0043,1.0000,0.0000,0.0000,0.0000,1.0000,0.2836,0.2073,0.2889
334,4,15.2046,-0.3263,0.5062,1.0000,-0.0043,0.0000,0.0043,1.0000,0.0000,0.0000,0.0000,1.0000,0.2820,0.2947,0.2062
334,5,15.3728,-0.1902,0.6614,1.0000,-0.0043,0.0000,0.0043,1.0000,0.0000,0.0000,0.0000,1.0000,0.1112,0.2100,0.3614
334,6,15.4659,-0.1711,0.4265,1.0000,-0.0043,0.0000,0.0043,1.0000,0.0000,0.0000,0.0000,1.0000,0.1972,0.1336,0.1265
334,7,15.5748,-0.1632,0.4491,1.0000,-0.0043,0.0000,0.0043,1.0000,0.0000,0.0000,0.0000,1.0000,0.1624,0.1625,0.0548
334,8,15.6024,-0.1201,0.4472,1.0000,-0.0043,0.0000,0.0043,1.0000,0.0000,0.0000,0.0000,1.0000,0.0831,0.2046,0.1050
334,9,15.6330,-0.0539,0.4544,1.0000,-0.0043,0.0000,0.0043,1.0000,0.0000,0.0000,0.0000,1.0000,0.0210,0.0279,0.0569
334,10,15.6766,-0.1140,0.4546,1.0000,-0.0043,0.0000,0.0043,1.0000,0.0000,0.0000,0.0000,1.0000,0.0210,0.0279,0.0569
335,0,16.0906,-0.0497,0.4400,1.0000,-0.0047,0.0000,0.0047,1.0000,0.0000,0.0000,0.0000,1.0000,0.2577,0.2263,0.1400
335,1,16.0987,-0.0468,0.6052,1.0000,-0.0047,0.0000,0.0047,1.0000,0.0000,0.0000,0.0000,1.0000,0.1100,0.2168,0.3052
335,2,16.1743,-0.1075,0.5173,1.0000,-0.0047,0.0000,0.0047,1.0000,0.0000,0.0000,0.0000,1.0000,0.1101,0.3070,0.2173
335,3,16.1959,-0.2843,0.5889,1.0000,-0.0047,0.0000,0.0047,1.0000,0.0000,0.0000,0.0000,1.0000,0.2836,0.2073,0.2889
335,4,16.3138,-0.3313,0.5062,1.0000,-0.0047,0.0000,0.0047,1.0000,0.0000,0.0000,0.0000,1.0000,0.2820,0.2947,0.2062
335,5,16.4820,-0.1953,0.6614,1.0000,-0.0047,0.0000,0.0047,1.0000,0.0000,0.0000,0.0000,1.0000,0.1112,0.2100,0.3614
335,6,16.5751,-0.1763,0.4265,1.0000,-0.0047,0.0000,0.0047,1.0000,0.0000,0.0000,0.0000,1.0000,0.1972,0.1336,0.1265
335,7,16.6841,-0.1684,0.4491,1.0000,-0.0047,0.0000,0.0047,1.0000,0.0000,0.0000,0.0000,1.0000,0.1624,0.1625,0.0548
335,8,16.7117,-0.1253,0.4472,1.0000,-0.0047,0.0000,0.0047,1.0000,0.0000,0.0000,0.0000,1.0000,0.0831,0.2046,0.1050
335,9,16.7423,-0.0592,0.4544,1.0000,-0.0047,0.0000,0.0047,1.0000,0.0000,0.0000,0.0000,1.0000,0.0210,0.0279,0.0569
335,10,16.7859,-0.1193,0.4546,1.0000,-0.0047,0.0000,0.0047,1.0000,0.0000,0.0000,0.0000,1.0000,0.0210,0.0279,0.0569
336,0,17.2138,-0.0551,0.4400,1.0000,-0.0049,0.0000,0.0049,1.0000,0.0000,0.0000,0.0000,1.0000,0.2577,0.2263,0.1400
336,1,17.2219,-0.0522,0.6052,1.0000,-0.0049,0.0000,0.0049,1.0000,0.0000,0.0000,0.0000,1.0000,0.1100,0.2168,0.3052
336,2,17.2975,-0.1129,0.5173,1.0000,-0.0049,0.0000,0.0049,1.0000,0.0000,0.0000,0.0000,1.0000,0.1101,0.3070,0.2173
336,3,17.3190,-0.2897,0.5889,1.0000,-0.0049,0.0000,0.0049,1.0000,0.0000,0.0000,0.0000,1.0000,0.2836,0.2073,0.2889
336,4,17.4369,-0.3368,0.5062,1.0000,-0.0049,0.0000,0.0049,1.0000,0.0000,0.0000,0.0000,1.0000,0.2820,0.2947,0.2062
336,5,17.6052,-0.2008,0.6614,1.0000,-0.0049,0.0000,0.0049,1.0000,0.0000,0.0000,0.0000,1.0000,0.1112,0.2100,0.3614
336,6,17.6983,-0.1817,0.4265,1.0000,-0.0049,0.0000,0.0049,1.0000,0.0000,0.0000,0.0000,1.0000,0.1972,0.1336,0.1265
336,7,17.8072,-0.1739,0.4491,1.0000,-0.0049,0.0000,0.0049,1.0000,0.0000,0.0000,0.0000,1.0000,0.1624,0.1625,0.0548
336,8,17.8348,-0.1308,0.4472,1.0000,-0.0049,0.0000,0.0049,1.0000,0.0000,0.0000,0.0000,1.0000,0.0831,0.2046,0.1050
336,9,17.8654,-0.0647,0.4544,1.0000,-0.0049,0.0000,0.0049,1.0000,0.0000,0.0000,0.0000,1.0000,0.0210,0.0279,0.0569
336,10,17.9090,-0.1248,0.4546,1.0000,-0.0049,0.0000,0.0049,1.0000,0.0000,0.0000,0.0000,1.0000,0.0210,0.0279,0.0569
337,0,18.3509,-0.0607,0.4400,1.0000,-0.0051,0.0000,0.0051,1.0000,0.0000,0.0000,0.0000,1.0000,0.2577,0.2263,0.1400
337,1,18.3590,-0.0579,0.6052,1.0000,-0.0051,0.0000,0.0051,1.0000,0.0000,0.0000,0.0000,1.0000,0.1100,0.2168,0.3052
337,2,18.4346,-0.1186,0.5173,1.0000,-0.0051,0.0000,0.0051,1.0000,0.0000,0.0000,0.0000,1.0000,0.1101,0.3070,0.2173
337,3,18.4561,-0.2954,0.5889,1.0000,-0.0051,0.0000,0.0051,1.0000,0.0000,0.0000,0.0000,1.0000,0.2836,0.2073,0.2889
337,4,18.5740,-0.3425,0.5062,1.0000,-0.0051,0.0000,0.0051,1.0000,0.0000,0.0000,0.0000,1.0000,0.2820,0.2947,0.2062
337,5,18.7423,-0.2066,0.6614,1.0000,-0.0051,0.0000,0.0051,1.0000,0.0000,0.0000,0.0000,1.0000,0.1112,0.2100,0.3614
337,6,18.8354,-0.1875,0.4265,1.0000,-0.0051,0.0000,0.0051,1.0000,0.0000,0.0000,0.0000,1.0000,0.1972,0.1336,0.1265
337,7,18.9443,-0.1797,0.4491,1.0000,-0.0051,0.0000,0.0051,1.0000,0.0000,0.0000,0.0000,1.0000,0.1624,0.1625,0.0548
337,8,18.9719,-0.1366,0.4472,1.0000,-0.0051,0.0000,0.0051,1.0000,0.0000,0.0000,0.0000,1.0000,0.0831,0.2046,0.1050
337,9,19.0026,-0.0705,0.4544,1.0000,-0.0051,0.0000,0.0051,1.0000,0.0000,0.0000,0.0000,1.0000,0.0210,0.0279,0.0569
337,10,19.0462,-0.1306,0.4546,1.0000,-0.0051,0.0000,0.0051,1.0000,0.0000,0.0000,0.0000,1.0000,0.0210,0.0279,0.0569
338,0,19.5021,-0.0667,0.4400,1.0000,-0.0052,0.0000,0.0052,1.0000,0.0000,0.0000,0.0000,1.0000,0.2577,0.2263,0.1400
338,1,19.5102,-0.0638,0.6052,1.0000,-0.0052,0.0000,0.0052,1.0000,0.0000,0.0000,0.0000,1.0000,0.1100,0.2168,0.3052
338,2,19.5858,-0.1245,0.5173,1.0000,-0.0052,0.0000,0.0052,1.0000,0.0000,0.0000,0.0000,1.0000,0.1101,0.3070,0.2173
338,3,19.6073,-0.3013,0.5889,1.0000,-0.0052,0.0000,0.0052,1.0000,0.0000,0.0000,0.0000,1.0000,0.2836,0.2073,0.2889
338,4,19.7251,-0.3485,0.5062,1.0000,-0.0052,0.0000,0.0052,1.0000,0.0000,0.0000,0.0000,1.0000,0.2820,0.2947,0.2062
338,5,19.8934,-0.2125,0.6614,1.0000,-0.0052,0.0000,0.0052,1.0000,0.0000,0.0000,0.0000,1.0000,0.1112,0.2100,0.3614
338,6,19.9865,-0.1935,0.4265,1.0000,-0.0052,0.0000,0.0052,1.0000,0.0000,0.0000,0.0000,1.0000,0.1972,0.1336,0.1265
338,7,20.0955,-0.1857,0.4491,1.0000,-0.0052,0.0000,0.0052,1.0000,0.0000,0.0000,0.0000,1.0000,0.1624,0.1625,0.0548
338,8,20.1231,-0.1426,0.4472,1.0000,-0.0052,0.0000,0.0052,1.0000,0.0000,0.0000,0.0000,1.0000,0.0831,0.2046,0.1050
338,9,20.1537,-0.0765,0.4544,1.0000,-0.0052,0.0000,0.0052,1.0000,0.0000,0.0000,0.0000,1.0000,0.0210,0.0279,0.0569
338,10,20.1973,-0.1366,0.4546,1.0000,-0.0052,0.0000,0.0052,1.0000,0.0000,0.0000,0.0000,1.0000,0.0210,0.0279,0.0569
339,0,20.6671,-0.0728,0.4400,1.0000,-0.0052,0.0000,0.0052,1.0000,0.0000,0.0000,0.0000,1.0000,0.2577,0.2263,0.1400
339,1,20.6752,-0.0699,0.6052,1.0000,-0.0052,0.0000,0.0052,1.0000,0.0000,0.0000,0.0000,1.0000,0.1100,0.2168,0.3052
339,2,20.7508,-0.1306,0.5173,1.0000,-0.0052,0.0000,0.0052,1.0000,0.0000,0.0000,0.0000,1.0000,0.1101,0.3070,0.2173
339,3,20.7723,-0.3074,0.5889,1.0000,-0.0052,0.0000,0.0052,1.0000,0.0000,0.0000,0.0000,1.0000,0.2836,0.2073,0.2889
339,4,20.8901,-0.3545,0.5062,1.0000,-0.0052,0.0000,0.0052,1.0000,0.0000,0.0000,0.0000,1.0000,0.2820,0.2947,0.2062
339,5,21.0585,-0.2186,0.6614,1.0000,-0.0052,0.0000,0.0052,1.0000,0.0000,0.0000,0.0000,1.0000,0.1112,0.2100,0.3614
339,6,21.1516,-0.1996,0.4265,1.0000,-0.0052,0.0000,0.0052,1.0000,0.0000,0.0000,0.0000,1.0000,0.1972,0.1336,0.1265
339,7,21.2605,-0.1918,0.4491,1.0000,-0.0052,0.0000,0.0052,1.0000,0.0000,0.0000,0.0000,1.0000,0.1624,0.1625,0.0548
339,8,21.2881,-0.1487,0.4472,1.0000,-0.0052,0.0000,0.0052,1.0000,0.0000,0.0000,0.0000,1.0000,0.0831,0.2046,0.1050
339,9,21.3188,-0.0826,0.4544,1.0000,-0.0052,0.0000,0.0052,1.0000,0.0000,0.0000,0.0000,1.0000,0.0210,0.0279,0.0569
339,10,21.3624,-0.1427,0.4546,1.0000,-0.0052,0.0000,0.0052,1.0000,0.0000,0.0000,0.0000,1.0000,0.0210,0.0279,0.0569
340,0,21.8456,-0.0791,0.4400,1.0000,-0.0056,0.0000,0.0056,1.0000,0.0000,0.0000,0.0000,1.0000,0.2577,0.2263,0.1400
340,1,21.8537,-0.0763,0.6052,1.0000,-0.0056,0.0000,0.0056,1.0000,0.0000,0.0000,0.0000,1.0000,0.1100,0.2168,0.3052
340,2,21.9293,-0.1370,0.5173,1.0000,-0.0056,0.0000,0.0056,1.0000,0.0000,0.0000,0.0000,1.0000,0.1101,0.3070,0.2173
340,3,21.9507,-0.3138,0.5889,1.0000,-0.0056,0.0000,0.0056,1.0000,0.0000,0.0000,0.0000,1.0000,0.2836,0.2073,0.2889
340,4,22.0685,-0.3610,0.5062,1.0000,-0.0056,0.0000,0.0056,1.0000,0.0000,0.0000,0.0000,1.0000,0.2820,0.2947,0.2062
340,5,22.2369,-0.2252,0.6614,1.0000,-0.0056,0.0000,0.0056,1.0000,0.0000,0.0000,0.0000,1.0000,0.1112,0.2100,0.3614
340,6,22.3300,-0.2062,0.4265,1.0000,-0.0056,0.0000,0.0056,1.0000,0.0000,0.0000,0.0000,1.0000,0.1972,0.1336,0.1265
340,7,22.4389,-0.1984,0.4491,1.0000,-0.0056,0.0000,0.0056,1.0000,0.0000,0.0000,0.0000,1.0000,0.1624,0.1625,0.0548
340,8,22.4666,-0.1553,0.4472,1.0000,-0.0056,0.0000,0.0056,1.0000,0.0000,0.0000,0.0000,1.0000,0.0831,0.2046,0.1050
340,9,22.4972,-0.0892,0.4544,1.0000,-0.0056,0.0000,0.0056,1.0000,0.0000,0.0000,0.0000,1.0000,0.0210,0.0279,0.0569
340,10,22.5408,-0.1494,0.4546,1.0000,-0.0056,0.0000,0.0056,1.0000,0.0000,0.0000,0.0000,1.0000,0.0210,0.0279,0.0569
341,0,23.0370,-0.0860,0.4400,1.0000,-0.0059,0.0000,0.0059,1.0000,0.0000,0.0000,0.0000,1.0000,0.2577,0.2263,0.1400
341,1,23.0451,-0.0831,0.6052,1.0000,-0.0059,0.0000,0.0059,1.0000,0.0000,0.0000,0.0000,1.0000,0.1100,0.2168,0.3052
341,2,23.1206,-0.1439,0.5173,1.0000,-0.0059,0.0000,0.0059,1.0000,0.0000,0.0000,0.0000,1.0000,0.1101,0.3070,0.2173
341,3,23.1420,-0.3207,0.5889,1.0000,-0.0059,0.0000,0.0059,1.0000,0.0000,0.0000,0.0000,1.0000,0.2836,0.2073,0.2889
341,4,23.2598,-0.3679,0.5062,1.0000,-0.0059,0.0000,0.0059,1.0000,0.0000,0.0000,0.0000,1.0000,0.2820,0.2947,0.2062
341,5,23.4282,-0.2321,0.6614,1.0000,-0.0059,0.0000,0.0059,1.0000,0.0000,0.0000,0.0000,1.0000,0.1112,0.2100,0.3614
341,6,23.5213,-0.2132,0.4265,1.0000,-0.0059,0.0000,0.0059,1.0000,0.0000,0.0000,0.0000,1.0000,0.1972,0.1336,0.1265
341,7,23.6303,-0.2054,0.4491,1.0000,-0.0059,0.0000,0.0059,1.0000,0.0000,0.0000,0.0000,1.0000,0.1624,0.1625,0.0548
341,8,23.6580,-0.1624,0.4472,1.0000,-0.0059,0.0000,0.0059,1.0000,0.0000,0.0000,0.0000,1.0000,0.0831,0.2046,0.1050
341,9,23.6886,-0.0962,0.4544,1.0000,-0.0059,0.0000,0.0059,1.0000,0.0000,0.0000,0.0000,1.0000,0.0210,0.0279,0.0569
341,10,23.7322,-0.1564,0.4546,1.0000,-0.0059,0.0000,0.0059,1.0000,0.0000,0.0000,0.0000,1.0000,0.0210,0.0279,0.0569
342,0,24.2410,-0.0930,0.4400,1.0000,-0.0057,0.0000,0.0057,1.0000,0.0000,0.0000,0.0000,1.0000,0.2577,0.2263,0.1400
342,1,24.2491,-0.0901,0.6052,1.0000,-0.0057,0.0000,0.0057,1.0000,0.0000,0.0000,0.0000,1.0000,0.1100,0.2168,0.3052
342,2,24.3247,-0.1509,0.5173,1.0000,-0.0057,0.0000,0.0057,1.0000,0.0000,0.0000,0.0000,1.0000,0.1101,0.3070,0.2173
342,3,24.3460,-0.3277,0.5889,1.0000,-0.0057,0.0000,0.0057,1.0000,0.0000,0.0000,0.0000,1.0000,0.2836,0.2073,0.2889
342,4,24.4639,-0.3749,0.5062,1.0000,-0.0057,0.0000,0.0057,1.0000,0.0000,0.0000,0.0000,1.0000,0.2820,0.2947,0.2062
342,5,24.6323,-0.2390,0.6614,1.0000,-0.0057,0.0000,0.0057,1.0000,0.0000,0.0000,0.0000,1.0000,0.1112,0.2100,0.3614
342,6,24.7254,-0.2201,0.4265,1.0000,-0.0057,0.0000,0.0057,1.0000,0.0000,0.0000,0.0000,1.0000,0.1972,0.1336,0.1265
342,7,24.8343,-0.2123,0.4491,1.0000,-0.0057,0.0000,0.0057,1.0000,0.0000,0.0000,0.0000,1.0000,0.1624,0.1625,0.0548
342,8,24.8620,-0.1692,0.4472,1.0000,-0.0057,0.0000,0.0057,1.0000,0.0000,0.0000,0.0000,1.0000,0.0831,0.2046,0.1050
342,9,24.8926,-0.1031,0.4544,1.0000,-0.0057,0.0000,0.0057,1.0000,0.0000,0.0000,0.0000,1.0000,0.0210,0.0279,0.0569
342,10,24.9362,-0.1633,0.4546,1.0000,-0.0057,0.0000,0.0057,1.0000,0.0000,0.0000,0.0000,1.0000,0.0210,0.0279,0.0569
343,0,25.4574,-0.1000,0.4400,1.0000,-0.0059,0.0000,0.0059,1.0000,0.0000,0.0000,0.0000,1.0000,0.2577,0.2263,0.1400
343,1,25.4655,-0.0972,0.6052,1.0000,-0.0059,0.0000,0.0059,1.0000,0.0000,0.0000,0.0000,1.0000,0.1100,0.2168,0.3052
343,2,25.5411,-0.1579,0.5173,1.0000,-0.0059,0.0000,0.0059,1.0000,0.0000,0.0000,0.0000,1.0000,0.1101,0.3070,0.2173
343,3,25.5624,-0.3348,0.5889,1.0000,-0.0059,0.0000,0.0059,1.0000,0.0000,0.0000,0.0000,1.0000,0.2836,0.2073,0.2889
343,4,25.6803,-0.3820,0.5062,1.0000,-0.0059,0.0000,0.0059,1.0000,0.0000,0.0000,0.0000,1.0000,0.2820,0.2947,0.2062
343,5,25.8487,-0.2462,0.6614,1.0000,-0.0059,0.0000,0.0059,1.0000,0.0000,0.0000,0.0000,1.0000,0.1112,0.2100,0.3614
343,6,25.9418,-0.2272,0.4265,1.0000,-0.0059,0.0000,0.0059,1.0000,0.0000,0.0000,0.0000,1.0000,0.1972,0.1336,0.1265
343,7,26.0507,-0.2194,0.4491,1.0000,-0.0059,0.0000,0.0059,1.0000,0.0000,0.0000,0.0000,1.0000,0.1624,0.1625,0.0548
343,8,26.0784,-0.1764,0.4472,1.0000,-0.0059,0.0000,0.0059,1.0000,0.0000,0.0000,0.0000,1.0000,0.0831,0.2046,0.1050
343,9,26.1091,-0.1103,0.4544,1.0000,-0.0059,0.0000,0.0059,1.0000,0.0000,0.0000,0.0000,1.0000,0.0210,0.0279,0.0569
343,10,26.1526,-0.1704,0.4546,1.0000,-0.0059,0.0000,0.0059,1.0000,0.0000,0.0000,0.0000,1.0000,0.0210,0.0279,0.0569
344,0,26.6862,-0.1073,0.4400,1.0000,-0.0060,0.0000,0.0060,1.0000,0.0000,0.0000,0.0000,1.0000,0.2577,0.2263,0.1400
344,1,26.6944,-0.1045,0.6052,1.0000,-0.0060,0.0000,0.0060,1.0000,0.0000,0.0000,0.0000,1.0000,0.1100,0.2168,0.3052
344,2,26.7699,-0.1652,0.5173,1.0000,-0.0060,0.0000,0.0060,1.0000,0.0000,0.0000,0.0000,1.0000,0.1101,0.3070,0.2173
344,3,26.7913,-0.3421,0.5889,1.0000,-0.0060,0.0000,0.0060,1.0000,0.0000,0.0000,0.0000,1.0000,0.2836,0.2073,0.2889
344,4,26.9091,-0.3893,0.5062,1.0000,-0.0060,0.0000,0.0060,1.0000,0.0000,0.0000,0.0000,1.0000,0.2820,0.2947,0.2062
344,5,27.0775,-0.2535,0.6614,1.0000,-0.0060,0.0000,0.0060,1.0000,0.0000,0.0000,0.0000,1.0000,0.1112,0.2100,0.3614
344,6,27.1706,-0.2345,0.4265,1.0000,-0.0060,0.0000,0.0060,1.0000,0.0000,0.0000,0.0000,1.0000,0.1972,0.1336,0.1265
344,7,27.2795,-0.2268,0.4491,1.0000,-0.0060,0.0000,0.0060,1.0000,0.0000,0.0000,0.0000,1.0000,0.1624,0.1625,0.0548
344,8,27.3072,-0.1837,0.4472,1.0000,-0.0060,0.0000,0.0060,1.0000,0.0000,0.0000,0.0000,1.0000,0.0831,0.2046,0.1050
344,9,27.3379,-0.1176,0.4544,1.0000,-0.0060,0.0000,0.0060,1.0000,0.0000,0.0000,0.0000,1.0000,0.0210,0.0279,0.0569
344,10,27.3814,-0.1778,0.4546,1.0000,-0.0060,0.0000,0.0060,1.0000,0.0000,0.0000,0.0000,1.0000,0.0210,0.0279,0.0569
345,0,27.9272,-0.1148,0.4400,1.0000,-0.0061,0.0000,0.0061,1.0000,0.0000,0.0000,0.0000,1.0000,0.2577,0.2263,0.1400
345,1,27.9354,-0.1120,0.6052,1.0000,-0.0061,0.0000,0.0061,1.0000,0.0000,0.0000,0.0000,1.0000,0.1100,0.2168,0.3052
345,2,28.0109,-0.1727,0.5173,1.0000,-0.0061,0.0000,0.0061,1.0000,0.0000,0.0000,0.0000,1.0000,0.1101,0.3070,0.2173
345,3,28.0322,-0.3495,0.5889,1.0000,-0.0061,0.0000,0.0061,1.0000,0.0000,0.0000,0.0000,1.0000,0.2836,0.2073,0.2889
345,4,28.1500,-0.3968,0.5062,1.0000,-0.0061,0.0000,0.0061,1.0000,0.0000,0.0000,0.0000,1.0000,0.2820,0.2947,0.2062
345,5,28.3185,-0.2610,0.6614,1.0000,-0.0061,0.0000,0.0061,1.0000,0.0000,0.0000,0.0000,1.0000,0.1112,0.2100,0.3614
345,6,28.4116,-0.2421,0.4265,1.0000,-0.0061,0.0000,0.0061,1.0000,0.0000,0.0000,0.0000,1.0000,0.1972,0.1336,0.1265
345,7,28.5205,-0.2343,0.4491,1.0000,-0.0061,0.0000,0.0061,1.0000,0.0000,0.0000,0.0000,1.0000,0.1624,0.1625,0.0548
345,8,28.5482,-0.1913,0.4472,1.0000,-0.0061,0.0000,0.0061,1.0000,0.0000,0.0000,0.0000,1.0000,0.0831,0.2046,0.1050
345,9,28.5789,-0.1252,0.4544,1.0000,-0.0061,0.0000,0.0061,1.0000,0.0000,0.0000,0.0000,1.0000,0.0210,0.0279,0.0569
345,10,28.6224,-0.1853,0.4546,1.0000,-0.0061,0.0000,0.0061,1.0000,0.0000,0.0000,0.0000,1.0000,0.0210,0.0279,0.0569
346,0,29.1801,-0.1226,0.4400,1.0000,-0.0064,0.0000,0.0064,1.0000,0.0000,0.0000,0.0000,1.0000,0.2577,0.2263,0.1400
346,1,29.1882,-0.1198,0.6052,1.0000,-0.0064,0.0000,0.0064,1.0000,0.0000,0.0000,0.0000,1.0000,0.1100,0.2168,0.3052
346,2,29.2637,-0.1805,0.5173,1.0000,-0.0064,0.0000,0.0064,1.0000,0.0000,0.0000,0.0000,1.0000,0.1101,0.3070,0.2173
346,3,29.2850,-0.3574,0.5889,1.0000,-0.0064,0.0000,0.0064,1.0000,0.0000,0.0000,0.0000,1.0000,0.2836,0.2073,0.2889
346,4,29.4028,-0.4046,0.5062,1.0000,-0.0064,0.0000,0.0064,1.0000,0.0000,0.0000,0.0000,1.0000,0.2820,0.2947,0.2062
346,5,29.5712,-0.2689,0.6614,1.0000,-0.0064,0.0000,0.0064,1.0000,0.0000,0.0000,0.0000,1.0000,0.1112,0.2100,0.3614
346,6,29.6644,-0.2500,0.4265,1.0000,-0.0064,0.0000,0.0064,1.0000,0.0000,0.0000,0.0000,1.0000,0.1972,0.1336,0.1265
346,7,29.7733,-0.2423,0.4491,1.0000,-0.0064,0.0000,0.0064,1.0000,0.0000,0.0000,0.0000,1.0000,0.1624,0.1625,0.0548
346,8,29.8010,-0.1993,0.4472,1.0000,-0.0064,0.0000,0.0064,1.0000,0.0000,0.0000,0.0000,1.0000,0.0831,0.2046,0.1050
346,9,29.8317,-0.1332,0.4544,1.0000,-0.0064,0.0000,0.0064,1.0000,0.0000,0.0000,0.0000,1.0000,0.0210,0.0279,0.0569
346,10,29.8752,-0.1933,0.4546,1.0000,-0.0064,0.0000,0.0064,1.0000,0.0000,0.0000,0.0000,1.0000,0.0210,0.0279,0.0569
347,0,30.4443,-0.1305,0.4400,1.0000,-0.0062,0.0000,0.0062,1.0000,0.0000,0.0000,0.0000,1.0000,0.2577,0.2263,0.1400
347,1,30.4524,-0.1277,0.6052,1.0000,-0.0062,0.0000,0.0062,1.0000,0.0000,0.0000,0.0000,1.0000,0.1100,0.2168,0.3052
347,2,30.5280,-0.1885,0.5173,1.0000,-0.0062,0.0000,0.0062,1.0000,0.0000,0.0000,0.0000,1.0000,0.1101,0.3070,0.2173
347,3,30.5493,-0.3653,0.5889,1.0000,-0.0062,0.0000,0.0062,1.0000,0.0000,0.0000,0.0000,1.0000,0.2836,0.2073,0.2889
347,4,30.6671,-0.4125,0.5062,1.0000,-0.0062,0.0000,0.0062,1.0000,0.0000,0.0000,0.0000,1.0000,0.2820,0.2947,0.2062
347,5,30.8355,-0.2767,0.6614,1.0000,-0.0062,0.0000,0.0062,1.0000,0.0000,0.0000,0.0000,1.0000,0.1112,0.2100,0.3614
347,6,30.9286,-0.2578,0.4265,1.0000,-0.0062,0.0000,0.0062,1.0000,0.0000,0.0000,0.0000,1.0000,0.1972,0.1336,0.1265
347,7,31.0376,-0.2501,0.4491,1.0000,-0.0062,0.0000,0.0062,1.0000,0.0000,0.0000,0.0000,1.0000,0.1624,0.1625,0.0548
347,8,31.0653,-0.2071,0.4472,1.0000,-0.0062,0.0000,0.0062,1.0000,0.0000,0.0000,0.0000,1.0000,0.0831,0.2046,0.1050
347,9,31.0960,-0.1409,0.4544,1.0000,-0.0062,0.0000,0.0062,1.0000,0.0000,0.0000,0.0000,1.0000,0.0210,0.0279,0.0569
347,10,31.1395,-0.2011,0.4546,1.0000,-0.0062,0.0000,0.0062,1.0000,0.0000,0.0000,0.0000,1.0000,0.0210,0.0279,0.0569
348,0,31.7197,-0.1383,0.4400,1.0000,-0.0060,0.0000,0.0060,1.0000,0.0000,0.0000,0.0000,1.0000,0.2577,0.2263,0.1400
348,1,31.7278,-0.1355,0.6052,1.0000,-0.0060,0.0000,0.0060,1.0000,0.0000,0.0000,0.0000,1.0000,0.1100,0.2168,0.3052
348,2,31.8033,-0.1962,0.5173,1.0000,-0.0060,0.0000,0.0060,1.0000,0.0000,0.0000,0.0000,1.0000,0.1101,0.3070,0.2173
348,3,31.8247,-0.3730,0.5889,1.0000,-0.0060,0.0000,0.0060,1.0000,0.0000,0.0000,0.0000,1.0000,0.2836,0.2073,0.2889
348,4,31.9425,-0.4202,0.5062,1.0000,-0.0060,0.0000,0.0060,1.0000,0.0000,0.0000,0.0000,1.0000,0.2820,0.2947,0.2062
348,5,32.1109,-0.2845,0.6614,1.0000,-0.0060,0.0000,0.0060,1.0000,0.0000,0.0000,0.0000,1.0000,0.1112,0.2100,0.3614
348,6,32.2040,-0.2655,0.4265,1.0000,-0.0060,0.0000,0.0060,1.0000,0.0000,0.0000,0.0000,1.0000,0.1972,0.1336,0.1265
348,7,32.3130,-0.2578,0.4491,1.0000,-0.0060,0.0000,0.0060,1.0000,0.0000,0.0000,0.0000,1.0000,0.1624,0.1625,0.0548
348,8,32.3406,-0.2147,0.4472,1.0000,-0.0060,0.0000,0.0060,1.0000,0.0000,0.0000,0.0000,1.0000,0.0831,0.2046,0.1050
348,9,32.3713,-0.1486,0.4544,1.0000,-0.0060,0.0000,0.0060,1.0000,0.0000,0.0000,0.0000,1.0000,0.0210,0.0279,0.0569
348,10,32.4149,-0.2088,0.4546,1.0000,-0.0060,0.0000,0.0060,1.0000,0.0000,0.0000,0.0000,1.0000,0.0210,0.0279,0.0569
349,0,33.0060,-0.1460,0.4400,1.0000,-0.0060,0.0000,0.0060,1.0000,0.0000,0.0000,0.0000,1.0000,0.2577,0.2263,0.1400
349,1,33.0141,-0.1432,0.6052,1.0000,-0.0060,0.0000,0.0060,1.0000,0.0000,0.0000,0.0000,1.0000,0.1100,0.2168,0.3052
349,2,33.0897,-0.2039,0.5173,1.0000,-0.0060,0.0000,0.0060,1.0000,0.0000,0.0000,0.0000,1.0000,0.1101,0.3070,0.2173
349,3,33.1110,-0.3807,0.5889,1.0000,-0.0060,0.0000,0.0060,1.0000,0.0000,0.0000,0.0000,1.0000,0.2836,0.2073,0.2889
349,4,33.2289,-0.4279,0.5062,1.0000,-0.0060,0.0000,0.0060,1.0000,0.0000,0.0000,0.0000,1.0000,0.2820,0.2947,0.2062
349,5,33.3973,-0.2922,0.6614,1.0000,-0.0060,0.0000,0.0060,1.0000,0.0000,0.0000,0.0000,1.0000,0.1112,0.2100,0.3614
349,6,33.4904,-0.2732,0.4265,1.0000,-0.0060,0.0000,0.0060,1.0000,0.0000,0.0000,0.0000,1.0000,0.1972,0.1336,0.1265
349,7,33.5993,-0.2655,0.4491,1.0000,-0.0060,0.0000,0.0060,1.0000,0.0000,0.0000,0.0000,1.0000,0.1624,0.1625,0.0548
349,8,33.6270,-0.2224,0.4472,1.0000,-0.0060,0.0000,0.0060,1.0000,0.0000,0.0000,0.0000,1.0000,0.0831,0.2046,0.1050
349,9,33.6577,-0.1563,0.4544,1.0000,-0.0060,0.0000,0.0060,1.0000,0.0000,0.0000,0.0000,1.0000,0.0210,0.0279,0.0569
349,10,33.7012,-0.2165,0.4546,1.0000,-0.0060,0.0000,0.0060,1.0000,0.0000,0.0000,0.0000,1.0000,0.0210,0.0279,0.0569
350,0,34.3033,-0.1539,0.4400,1.0000,-0.0062,0.0000,0.0062,1.0000,0.0000,0.0000,0.0000,1.0000,0.2577,0.2263,0.1400
350,1,34.3114,-0.1511,0.6052,1.0000,-0.0062,0.0000,0.0062,1.0000,0.0000,0.0000,0.0000,1.0000,0.1100,0.2168,0.3052
350,2,34.3869,-0.2118,0.5173,1.0000,-0.0062,0.0000,0.0062,1.0000,0.0000,0.0000,0.0000,1.0000,0.1101,0.3070,0.2173
350,3,34.4082,-0.3887,0.5889,1.0000,-0.0062,0.0000,0.0062,1.0000,0.0000,0.0000,0.0000,1.0000,0.2836,0.2073,0.2889
350,4,34.5260,-0.4359,0.5062,1.0000,-0.0062,0.0000,0.0062,1.0000,0.0000,0.0000,0.0000,1.0000,0.2820,0.2947,0.2062
350,5,34.6945,-0.3002,0.6614,1.0000,-0.0062,0.0000,0.0062,1.0000,0.0000,0.0000,0.0000,1.0000,0.1112,0.2100,0.3614
350,6,34.7876,-0.2812,0.4265,1.0000,-0.0062,0.0000,0.0062,1.0000,0.0000,0.0000,0.0000,1.0000,0.1972,0.1336,0.1265
350,7,34.8966,-0.2735,0.4491,1.0000,-0.0062,0.0000,0.0062,1.0000,0.0000,0.0000,0.0000,1.0000,0.1624,0.1625,0.0548
350,8,34.9242,-0.2305,0.4472,1.0000,-0.0062,0.0000,0.0062,1.0000,0.0000,0.0000,0.0000,1.0000,0.0831,0.2046,0.1050
350,9,34.9549,-0.1644,0.4544,1.0000,-0.0062,0.0000,0.0062,1.0000,0.0000,0.0000,0.0000,1.0000,0.0210,0.0279,0.0569
350,10,34.9985,-0.2246,0.4546,1.0000,-0.0062,0.0000,0.0062,1.0000,0.0000,0.0000,0.0000,1.0000,0.0210,0.0279,0.0569
351,0,35.6114,-0.1623,0.4400,1.0000,-0.0066,0.0000,0.0066,1.0000,0.0000,0.0000,0.0000,1.0000,0.2577,0.2263,0.1400
351,1,35.6195,-0.1595,0.6052,1.0000,-0.0066,0.0000,0.0066,1.0000,0.0000,0.0000,0.0000,1.0000,0.1100,0.2168,0.3052
351,2,35.6950,-0.2203,0.5173,1.0000,-0.0066,0.0000,0.0066,1.0000,0.0000,0.0000,0.0000,1.0000,0.1101,0.3070,0.2173
351,3,35.7162,-0.3971,0.5889,1.0000,-0.0066,0.0000,0.0066,1.0000,0.0000,0.0000,0.0000,1.0000,0.2836,0.2073,0.2889
351,4,35.8340,-0.4444,0.5062,1.0000,-0.0066,0.0000,0.0066,1.0000,0.0000,0.0000,0.0000,1.0000,0.2820,0.2947,0.2062
351,5,36.0025,-0.3087,0.6614,1.0000,-0.0066,0.0000,0.0066,1.0000,0.0000,0.0000,0.0000,1.0000,0.1112,0.2100,0.3614
351,6,36.0956,-0.2898,0.4265,1.0000,-0.0066,0.0000,0.0066,1.0000,0.0000,0.0000,0.0000,1.0000,0.1972,0.1336,0.1265
351,7,36.2046,-0.2822,0.4491,1.0000,-0.0066,0.0000,0.0066,1.0000,0.0000,0.0000,0.0000,1.0000,0.1624,0.1625,0.0548
351,8,36.2323,-0.2391,0.4472,1.0000,-0.0066,0.0000,0.0066,1.0000,0.0000,0.0000,0.0000,1.0000,0.0831,0.2046,0.1050
351,9,36.2630,-0.1730,0.4544,1.0000,-0.0066,0.0000,0.0066,1.0000,0.0000,0.0000,0.0000,1.0000,0.0210,0.0279,0.0569
351,10,36.3065,-0.2332,0.4546,1.0000,-0.0066,0.0000,0.0066,1.0000,0.0000,0.0000,0.0000,1.0000,0.0210,0.0279,0.0569
352,0,36.9299,-0.1705,0.4400,1.0000,-0.0058,0.0000,0.0058,1.0000,0.0000,0.0000,0.0000,1.0000,0.2577,0.2263,0.1400
352,1,36.9380,-0.1677,0.6052,1.0000,-0.0058,0.0000,0.0058,1.0000,0.0000,0.0000,0.0000,1.0000,0.1100,0.2168,0.3052
352,2,37.0135,-0.2284,0.5173,1.0000,-0.0058,0.0000,0.0058,1.0000,0.0000,0.0000,0.0000,1.0000,0.1101,0.3070,0.2173
352,3,37.0349,-0.4053,0.5889,1.0000,-0.0058,0.0000,0.0058,1.0000,0.0000,0.0000,0.0000,1.0000,0.2836,0.2073,0.2889
352,4,37.1527,-0.4524,0.5062,1.0000,-0.0058,0.0000,0.0058,1.0000,0.0000,0.0000,0.0000,1.0000,0.2820,0.2947,0.2062
352,5,37.3211,-0.3166,0.6614,1.0000,-0.0058,0.0000,0.0058,1.0000,0.0000,0.0000,0.0000,1.0000,0.1112,0.2100,0.3614
352,6,37.4142,-0.2976,0.4265,1.0000,-0.0058,0.0000,0.0058,1.0000,0.0000,0.0000,0.0000,1.0000,0.1972,0.1336,0.1265
352,7,37.5232,-0.2899,0.4491,1.0000,-0.0058,0.0000,0.0058,1.0000,0.0000,0.0000,0.0000,1.0000,0.1624,0.1625,0.0548
352,8,37.5508,-0.2468,0.4472,1.0000,-0.0058,0.0000,0.0058,1.0000,0.0000,0.0000,0.0000,1.0000,0.0831,0.2046,0.1050
352,9,37.5815,-0.1807,0.4544,1.0000,-0.0058,0.0000,0.0058,1.0000,0.0000,0.0000,0.0000,1.0000,0.0210,0.0279,0.0569
352,10,37.6251,-0.2409,0.4546,1.0000,-0.0058,0.0000,0.0058,1.0000,0.0000,0.0000,0.0000,1.0000,0.0210,0.0279,0.0569
353,0,38.2583,-0.1779,0.4400,1.0000,-0.0052,0.0000,0.0052,1.0000,0.0000,0.0000,0.0000,1.0000,0.2577,0.2263,0.1400
353,1,38.2664,-0.1750,0.6052,1.0000,-0.0052,0.0000,0.0052,1.0000,0.0000,0.0000,0.0000,1.0000,0.1100,0.2168,0.3052
353,2,38.3420,-0.2357,0.5173,1.0000,-0.0052,0.0000,0.0052,1.0000,0.0000,0.0000,0.0000,1.0000,0.1101,0.3070,0.2173
353,3,38.3634,-0.4125,0.5889,1.0000,-0.0052,0.0000,0.0052,1.0000,0.0000,0.0000,0.0000,1.0000,0.2836,0.2073,0.2889
353,4,38.4813,-0.4597,0.5062,1.0000,-0.0052,0.0000,0.0052,1.0000,0.0000,0.0000,0.0000,1.0000,0.2820,0.2947,0.2062
353,5,38.6496,-0.3237,0.6614,1.0000,-0.0052,0.0000,0.0052,1.0000,0.0000,0.0000,0.0000,1.0000,0.1112,0.2100,0.3614
353,6,38.7427,-0.3047,0.4265,1.0000,-0.0052,0.0000,0.0052,1.0000,0.0000,0.0000,0.0000,1.0000,0.1972,0.1336,0.1265
353,7,38.8517,-0.2969,0.4491,1.0000,-0.0052,0.0000,0.0052,1.0000,0.0000,0.0000,0.0000,1.0000,0.1624,0.1625,0.0548
353,8,38.8793,-0.2538,0.4472,1.0000,-0.0052,0.0000,0.0052,1.0000,0.0000,0.0000,0.0000,1.0000,0.0831,0.2046,0.1050
353,9,38.9099,-0.1877,0.4544,1.0000,-0.0052,0.0000,0.0052,1.0000,0.0000,0.0000,0.0000,1.0000,0.0210,0.0279,0.0569
353,10,38.9535,-0.2478,0.4546,1.0000,-0.0052,0.0000,0.0052,1.0000,0.0000,0.0000,0.0000,1.0000,0.0210,0.0279,0.0569
354,0,39.5961,-0.1849,0.4400,1.0000,-0.0052,0.0000,0.0052,1.0000,0.0000,0.0000,0.0000,1.0000,0.2577,0.2263,0.1400
354,1,39.6043,-0.1820,0.6052,1.0000,-0.0052,0.0000,0.0052,1.0000,0.0000,0.0000,0.0000,1.0000,0.1100,0.2168,0.3052
354,2,39.6798,-0.2427,0.5173,1.0000,-0.0052,0.0000,0.0052,1.0000,0.0000,0.0000,0.0000,1.0000,0.1101,0.3070,0.2173
354,3,39.7013,-0.4195,0.5889,1.0000,-0.0052,0.0000,0.0052,1.0000,0.0000,0.0000,0.0000,1.0000,0.2836,0.2073,0.2889
354,4,39.8192,-0.4666,0.5062,1.0000,-0.0052,0.0000,0.0052,1.0000,0.0000,0.0000,0.0000,1.0000,0.2820,0.2947,0.2062
354,5,39.9875,-0.3307,0.6614,1.0000,-0.0052,0.0000,0.0052,1.0000,0.0000,0.0000,0.0000,1.0000,0.1112,0.2100,0.3614
354,6,40.0806,-0.3117,0.4265,1.0000,-0.0052,0.0000,0.0052,1.0000,0.0000,0.0000,0.0000,1.0000,0.1972,0.1336,0.1265
354,7,40.1895,-0.3038,0.4491,1.0000,-0.0052,0.0000,0.0052,1.0000,0.0000,0.0000,0.0000,1.0000,0.1624,0.1625,0.0548
354,8,40.2172,-0.2608,0.4472,1.0000,-0.0052,0.0000,0.0052,1.0000,0.0000,0.0000,0.0000,1.0000,0.0831,0.2046,0.1050
354,9,40.2478,-0.1946,0.4544,1.0000,-0.0052,0.0000,0.0052,1.0000,0.0000,0.0000,0.0000,1.0000,0.0210,0.0279,0.0569
354,10,40.2914,-0.2547,0.4546,1.0000,-0.0052,0.0000,0.0052,1.0000,0.0000,0.0000,0.0000,1.0000,0.0210,0.0279,0.0569
355,0,40.9432,-0.1922,0.4400,1.0000,-0.0057,0.0000,0.0057,1.0000,0.0000,0.0000,0.0000,1.0000,0.2577,0.2263,0.1400
355,1,40.9513,-0.1893,0.6052,1.0000,-0.0057,0.0000,0.0057,1.0000,0.0000,0.0000,0.0000,1.0000,0.1100,0.2168,0.3052
355,2,41.0268,-0.2500,0.5173,1.0000,-0.0057,0.0000,0.0057,1.0000,0.0000,0.0000,0.0000,1.0000,0.1101,0.3070,0.2173
355,3,41.0482,-0.4269,0.5889,1.0000,-0.0057,0.0000,0.0057,1.0000,0.0000,0.0000,0.0000,1.0000,0.2836,0.2073,0.2889
355,4,41.1660,-0.4741,0.5062,1.0000,-0.0057,0.0000,0.0057,1.0000,0.0000,0.0000,0.0000,1.0000,0.2820,0.2947,0.2062
355,5,41.3344,-0.3382,0.6614,1.0000,-0.0057,0.0000,0.0057,1.0000,0.0000,0.0000,0.0000,1.0000,0.1112,0.2100,0.3614
355,6,41.4275,-0.3192,0.4265,1.0000,-0.0057,0.0000,0.0057,1.0000,0.0000,0.0000,0.0000,1.0000,0.1972,0.1336,0.1265
355,7,41.5365,-0.3115,0.4491,1.0000,-0.0057,0.0000,0.0057,1.0000,0.0000,0.0000,0.0000,1.0000,0.1624,0.1625,0.0548
355,8,41.5641,-0.2684,0.4472,1.0000,-0.0057,0.0000,0.0057,1.0000,0.0000,0.0000,0.0000,1.0000,0.0831,0.2046,0.1050
355,9,41.5948,-0.2023,0.4544,1.0000,-0.0057,0.0000,0.0057,1.0000,0.0000,0.0000,0.0000,1.0000,0.0210,0.0279,0.0569
355,10,41.6384,-0.2625,0.4546,1.0000,-0.0057,0.0000,0.0057,1.0000,0.0000,0.0000,0.0000,1.0000,0.0210,0.0279,0.0569
356,0,42.2991,-0.1994,0.4400,1.0000,-0.0049,0.0000,0.0049,1.0000,0.0000,0.0000,0.0000,1.0000,0.2577,0.2263,0.1400
356,1,42.3072,-0.1965,0.6052,1.0000,-0.0049,0.0000,0.0049,1.0000,0.0000,0.0000,0.0000,1.0000,0.1100,0.2168,0.3052
356,2,42.3828,-0.2572,0.5173,1.0000,-0.0049,0.0000,0.0049,1.0000,0.0000,0.0000,0.0000,1.0000,0.1101,0.3070,0.2173
356,3,42.4044,-0.4340,0.5889,1.0000,-0.0049,0.0000,0.0049,1.0000,0.0000,0.0000,0.0000,1.0000,0.2836,0.2073,0.2889
356,4,42.5222,-0.4811,0.5062,1.0000,-0.0049,0.0000,0.0049,1.0000,0.0000,0.0000,0.0000,1.0000,0.2820,0.2947,0.2062
356,5,42.6905,-0.3451,0.6614,1.0000,-0.0049,0.0000,0.0049,1.0000,0.0000,0.0000,0.0000,1.0000,0.1112,0.2100,0.3614
356,6,42.7836,-0.3261,0.4265,1.0000,-0.0049,0.0000,0.0049,1.0000,0.0000,0.0000,0.0000,1.0000,0.1972,0.1336,0.1265
356,7,42.8925,-0.3182,0.4491,1.0000,-0.0049,0.0000,0.0049,1.0000,0.0000,0.0000,0.0000,1.0000,0.1624,0.1625,0.0548
356,8,42.9202,-0.2751,0.4472,1.0000,-0.0049,0.0000,0.0049,1.0000,0.0000,0.0000,0.0000,1.0000,0.0831,0.2046,0.1050
356,9,42.9508,-0.2090,0.4544,1.0000,-0.0049,0.0000,0.0049,1.0000,0.0000,0.0000,0.0000,1.0000,0.0210,0.0279,0.0569
356,10,42.9944,-0.2691,0.4546,1.0000,-0.0049,0.0000,0.0049,1.0000,0.0000,0.0000,0.0000,1.0000,0.0210,0.0279,0.0569
357,0,43.6639,-0.2063,0.4400,1.0000,-0.0052,0.0000,0.0052,1.0000,0.0000,0.0000,0.0000,1.0000,0.2577,0.2263,0.1400
357,1,43.6720,-0.2034,0.6052,1.0000,-0.0052,0.0000,0.0052,1.0000,0.0000,0.0000,0.0000,1.0000,0.1100,0.2168,0.3052
357,2,43.7476,-0.2641,0.5173,1.0000,-0.0052,0.0000,0.0052,1.0000,0.0000,0.0000,0.0000,1.0000,0.1101,0.3070,0.2173
357,3,43.7691,-0.4409,0.5889,1.0000,-0.0052,0.0000,0.0052,1.0000,0.0000,0.0000,0.0000,1.0000,0.2836,0.2073,0.2889
357,4,43.8870,-0.4880,0.5062,1.0000,-0.0052,0.0000,0.0052,1.0000,0.0000,0.0000,0.0000,1.0000,0.2820,0.2947,0.2062
357,5,44.0553,-0.3521,0.6614,1.0000,-0.0052,0.0000,0.0052,1.0000,0.0000,0.0000,0.0000,1.0000,0.1112,0.2100,0.3614
357,6,44.1484,-0.3331,0.4265,1.0000,-0.0052,0.0000,0.0052,1.0000,0.0000,0.0000,0.0000,1.0000,0.1972,0.1336,0.1265
357,7,44.2573,-0.3252,0.4491,1.0000,-0.0052,0.0000,0.0052,1.0000,0.0000,0.0000,0.0000,1.0000,0.1624,0.1625,0.0548
357,8,44.2849,-0.2822,0.4472,1.0000,-0.0052,0.0000,0.0052,1.0000,0.0000,0.0000,0.0000,1.0000,0.0831,0.2046,0.1050
357,9,44.3156,-0.2160,0.4544,1.0000,-0.0052,0.0000,0.0052,1.0000,0.0000,0.0000,0.0000,1.0000,0.0210,0.0279,0.0569
357,10,44.3592,-0.2762,0.4546,1.0000,-0.0052,0.0000,0.0052,1.0000,0.0000,0.0000,0.0000,1.0000,0.0210,0.0279,0.0569
358,0,45.0371,-0.2130,0.4400,1.0000,-0.0046,0.0000,0.0046,1.0000,0.0000,0.0000,0.0000,1.0000,0.2577,0.2263,0.1400
358,1,45.0452,-0.2101,0.6052,1.0000,-0.0046,0.0000,0.0046,1.0000,0.0000,0.0000,0.0000,1.0000,0.1100,0.2168,0.3052
358,2,45.1209,-0.2708,0.5173,1.0000,-0.0046,0.0000,0.0046,1.0000,0.0000,0.0000,0.0000,1.0000,0.1101,0.3070,0.2173
358,3,45.1425,-0.4476,0.5889,1.0000,-0.0046,0.0000,0.0046,1.0000,0.0000,0.0000,0.0000,1.0000,0.2836,0.2073,0.2889
358,4,45.2603,-0.4946,0.5062,1.0000,-0.0046,0.0000,0.0046,1.0000,0.0000,0.0000,0.0000,1.0000,0.2820,0.2947,0.2062
358,5,45.4286,-0.3586,0.6614,1.0000,-0.0046,0.0000,0.0046,1.0000,0.0000,0.0000,0.0000,1.0000,0.1112,0.2100,0.3614
358,6,45.5217,-0.3395,0.4265,1.0000,-0.0046,0.0000,0.0046,1.0000,0.0000,0.0000,0.0000,1.0000,0.1972,0.1336,0.1265
358,7,45.6306,-0.3316,0.4491,1.0000,-0.0046,0.0000,0.0046,1.0000,0.0000,0.0000,0.0000,1.0000,0.1624,0.1625,0.0548
358,8,45.6582,-0.2885,0.4472,1.0000,-0.0046,0.0000,0.0046,1.0000,0.0000,0.0000,0.0000,1.0000,0.0831,0.2046,0.1050
358,9,45.6888,-0.2224,0.4544,1.0000,-0.0046,0.0000,0.0046,1.0000,0.0000,0.0000,0.0000,1.0000,0.0210,0.0279,0.0569
358,10,45.7324,-0.2825,0.4546,1.0000,-0.0046,0.0000,0.0046,1.0000,0.0000,0.0000,0.0000,1.0000,0.0210,0.0279,0.0569
359,0,46.4183,-0.2194,0.4400,1.0000,-0.0047,0.0000,0.0047,1.0000,0.0000,0.0000,0.0000,1.0000,0.2577,0.2263,0.1400
359,1,46.4264,-0.2165,0.6052,1.0000,-0.0047,0.0000,0.0047,1.0000,0.0000,0.0000,0.0000,1.0000,0.1100,0.2168,0.3052
359,2,46.5020,-0.2772,0.5173,1.0000,-0.0047,0.0000,0.0047,1.0000,0.0000,0.0000,0.0000,1.0000,0.1101,0.3070,0.2173
359,3,46.5236,-0.4540,0.5889,1.0000,-0.0047,0.0000,0.0047,1.0000,0.0000,0.0000,0.0000,1.0000,0.2836,0.2073,0.2889
359,4,46.6414,-0.5010,0.5062,1.0000,-0.0047,0.0000,0.0047,1.0000,0.0000,0.0000,0.0000,1.0000,0.2820,0.2947,0.2062
359,5,46.8097,-0.3650,0.6614,1.0000,-0.0047,0.0000,0.0047,1.0000,0.0000,0.0000,0.0000,1.0000,0.1112,0.2100,0.3614
359,6,46.9028,-0.3460,0.4265,1.0000,-0.0047,0.0000,0.0047,1.0000,0.0000,0.0000,0.0000,1.0000,0.1972,0.1336,0.1265
359,7,47.0117,-0.3381,0.4491,1.0000,-0.0047,0.0000,0.0047,1.0000,0.0000,0.0000,0.0000,1.0000,0.1624,0.1625,0.0548
359,8,47.0393,-0.2950,0.4472,1.0000,-0.0047,0.0000,0.0047,1.0000,0.0000,0.0000,0.0000,1.0000,0.0831,0.2046,0.1050
359,9,47.0699,-0.2289,0.4544,1.0000,-0.0047,0.0000,0.0047,1.0000,0.0000,0.0000,0.0000,1.0000,0.0210,0.0279,0.0569
359,10,47.1135,-0.2890,0.4546,1.0000,-0.0047,0.0000,0.0047,1.0000,0.0000,0.0000,0.0000,1.0000,0.0210,0.0279,0.0569
360,0,47.8069,-0.2260,0.4400,1.0000,-0.0048,0.0000,0.0048,1.0000,0.0000,0.0000,0.0000,1.0000,0.2577,0.2263,0.1400
360,1,47.8150,-0.2231,0.6052,1.0000,-0.0048,0.0000,0.0048,1.0000,0.0000,0.0000,0.0000,1.0000,0.1100,0.2168,0.3052
360,2,47.8906,-0.2838,0.5173,1.0000,-0.0048,0.0000,0.0048,1.0000,0.0000,0.0000,0.0000,1.0000,0.1101,0.3070,0.2173
360,3,47.9122,-0.4606,0.5889,1.0000,-0.0048,0.0000,0.0048,1.0000,0.0000,0.0000,0.0000,1.0000,0.2836,0.2073,0.2889
360,4,48.0301,-0.5076,0.5062,1.0000,-0.0048,0.0000,0.0048,1.0000,0.0000,0.0000,0.0000,1.0000,0.2820,0.2947,0.2062
360,5,48.1983,-0.3716,0.6614,1.0000,-0.0048,0.0000,0.0048,1.0000,0.0000,0.0000,0.0000,1.0000,0.1112,0.2100,0.3614
360,6,48.2914,-0.3526,0.4265,1.0000,-0.0048,0.0000,0.0048,1.0000,0.0000,0.0000,0.0000,1.0000,0.1972,0.1336,0.1265
360,7,48.4003,-0.3447,0.4491,1.0000,-0.0048,0.0000,0.0048,1.0000,0.0000,0.0000,0.0000,1.0000,0.1624,0.1625,0.0548
360,8,48.4279,-0.3016,0.4472,1.0000,-0.0048,0.0000,0.0048,1.0000,0.0000,0.0000,0.0000,1.0000,0.0831,0.2046,0.1050
360,9,48.4586,-0.2355,0.4544,1.0000,-0.0048,0.0000,0.0048,1.0000,0.0000,0.0000,0.0000,1.0000,0.0210,0.0279,0.0569
360,10,48.5022,-0.2956,0.4546,1.0000,-0.0048,0.0000,0.0048,1.0000,0.0000,0.0000,0.0000,1.0000,0.0210,0.0279,0.0569
361,0,49.2029,-0.2328,0.4400,1.0000,-0.0050,0.0000,0.0050,1.0000,0.0000,0.0000,0.0000,1.0000,0.2577,0.2263,0.1400
361,1,49.2110,-0.2299,0.6052,1.0000,-0.0050,0.0000,0.0050,1.0000,0.0000,0.0000,0.0000,1.0000,0.1100,0.2168,0.3052
361,2,49.2866,-0.2906,0.5173,1.0000,-0.0050,0.0000,0.0050,1.0000,0.0000,0.0000,0.0000,1.0000,0.1101,0.3070,0.2173
361,3,49.3081,-0.4674,0.5889,1.0000,-0.0050,0.0000,0.0050,1.0000,0.0000,0.0000,0.0000,1.0000,0.2836,0.2073,0.2889
361,4,49.4260,-0.5145,0.5062,1.0000,-0.0050,0.0000,0.0050,1.0000,0.0000,0.0000,0.0000,1.0000,0.2820,0.2947,0.2062
361,5,49.5943,-0.3785,0.6614,1.0000,-0.0050,0.0000,0.0050,1.0000,0.0000,0.0000,0.0000,1.0000,0.1112,0.2100,0.3614
361,6,49.6874,-0.3595,0.4265,1.0000,-0.0050,0.0000,0.0050,1.0000,0.0000,0.0000,0.0000,1.0000,0.1972,0.1336,0.1265
361,7,49.7963,-0.3516,0.4491,1.0000,-0.0050,0.0000,0.0050,1.0000,0.0000,0.0000,0.0000,1.0000,0.1624,0.1625,0.0548
361,8,49.8239,-0.3085,0.4472,1.0000,-0.0050,0.0000,0.0050,1.0000,0.0000,0.0000,0.0000,1.0000,0.0831,0.2046,0.1050
361,9,49.8546,-0.2424,0.4544,1.0000,-0.0050,0.0000,0.0050,1.0000,0.0000,0.0000,0.0000,1.0000,0.0210,0.0279,0.0569
361,10,49.8982,-0.3025,0.4546,1.0000,-0.0050,0.0000,0.0050,1.0000,0.0000,0.0000,0.0000,1.0000,0.0210,0.0279,0.0569
362,0,50.6067,-0.2396,0.4400,1.0000,-0.0049,0.0000,0.0049,1.0000,0.0000,0.0000,0.0000,1.0000,0.2577,0.2263,0.1400
362,1,50.6148,-0.2368,0.6052,1.0000,-0.0049,0.0000,0.0049,1.0000,0.0000,0.0000,0.0000,1.0000,0.1100,0.2168,0.3052
362,2,50.6904,-0.2975,0.5173,1.0000,-0.0049,0.0000,0.0049,1.0000,0.0000,0.0000,0.0000,1.0000,0.1101,0.3070,0.2173
362,3,50.7119,-0.4743,0.5889,1.0000,-0.0049,0.0000,0.0049,1.0000,0.0000,0.0000,0.0000,1.0000,0.2836,0.2073,0.2889
362,4,50.8298,-0.5213,0.5062,1.0000,-0.0049,0.0000,0.0049,1.0000,0.0000,0.0000,0.0000,1.0000,0.2820,0.2947,0.2062
362,5,50.9980,-0.3854,0.6614,1.0000,-0.0049,0.0000,0.0049,1.0000,0.0000,0.0000,0.0000,1.0000,0.1112,0.2100,0.3614
362,6,51.0911,-0.3663,0.4265,1.0000,-0.0049,0.0000,0.0049,1.0000,0.0000,0.0000,0.0000,1.0000,0.1972,0.1336,0.1265
362,7,51.2001,-0.3584,0.4491,1.0000,-0.0049,0.0000,0.0049,1.0000,0.0000,0.0000,0.0000,1.0000,0.1624,0.1625,0.0548
362,8,51.2277,-0.3154,0.4472,1.0000,-0.0049,0.0000,0.0049,1.0000,0.0000,0.0000,0.0000,1.0000,0.0831,0.2046,0.1050
362,9,51.2583,-0.2492,0.4544,1.0000,-0.0049,0.0000,0.0049,1.0000,0.0000,0.0000,0.0000,1.0000,0.0210,0.0279,0.0569
362,10,51.3019,-0.3093,0.4546,1.0000,-0.0049,0.0000,0.0049,1.0000,0.0000,0.0000,0.0000,1.0000,0.0210,0.0279,0.0569
363,0,52.0186,-0.2465,0.4400,1.0000,-0.0048,0.0000,0.0048,1.0000,0.0000,0.0000,0.0000,1.0000,0.2577,0.2263,0.1400
363,1,52.0267,-0.2436,0.6052,1.0000,-0.0048,0.0000,0.0048,1.0000,0.0000,0.0000,0.0000,1.0000,0.1100,0.2168,0.3052
363,2,52.1023,-0.3043,0.5173,1.0000,-0.0048,0.0000,0.0048,1.0000,0.0000,0.0000,0.0000,1.0000,0.1101,0.3070,0.2173
363,3,52.1239,-0.4811,0.5889,1.0000,-0.0048,0.0000,0.0048,1.0000,0.0000,0.0000,0.0000,1.0000,0.2836,0.2073,0.2889
363,4,52.2418,-0.5282,0.5062,1.0000,-0.0048,0.0000,0.0048,1.0000,0.0000,0.0000,0.0000,1.0000,0.2820,0.2947,0.2062
363,5,52.4100,-0.3922,0.6614,1.0000,-0.0048,0.0000,0.0048,1.0000,0.0000,0.0000,0.0000,1.0000,0.1112,0.2100,0.3614
363,6,52.5031,-0.3731,0.4265,1.0000,-0.0048,0.0000,0.0048,1.0000,0.0000,0.0000,0.0000,1.0000,0.1972,0.1336,0.1265
363,7,52.6121,-0.3653,0.4491,1.0000,-0.0048,0.0000,0.0048,1.0000,0.0000,0.0000,0.0000,1.0000,0.1624,0.1625,0.0548
363,8,52.6397,-0.3222,0.4472,1.0000,-0.0048,0.0000,0.0048,1.0000,0.0000,0.0000,0.0000,1.0000,0.0831,0.2046,0.1050
363,9,52.6703,-0.2561,0.4544,1.0000,-0.0048,0.0000,0.0048,1.0000,0.0000,0.0000,0.0000,1.0000,0.0210,0.0279,0.0569
363,10,52.7139,-0.3162,0.4546,1.0000,-0.0048,0.0000,0.0048,1.0000,0.0000,0.0000,0.0000,1.0000,0.0210,0.0279,0.0569
364,0,53.4391,-0.2532,0.4400,1.0000,-0.0046,0.0000,0.0046,1.0000,0.0000,0.0000,0.0000,1.0000,0.2577,0.2263,0.1400
364,1,53.4472,-0.2504,0.6052,1.0000,-0.0046,0.0000,0.0046,1.0000,0.0000,0.0000,0.0000,1.0000,0.1100,0.2168,0.3052
364,2,53.5228,-0.3110,0.5173,1.0000,-0.0046,0.0000,0.0046,1.0000,0.0000,0.0000,0.0000,1.0000,0.1101,0.3070,0.2173
364,3,53.5444,-0.4878,0.5889,1.0000,-0.0046,0.0000,0.0046,1.0000,0.0000,0.0000,0.0000,1.0000,0.2836,0.2073,0.2889
364,4,53.6623,-0.5349,0.5062,1.0000,-0.0046,0.0000,0.0046,1.0000,0.0000,0.0000,0.0000,1.0000,0.2820,0.2947,0.2062
364,5,53.8305,-0.3989,0.6614,1.0000,-0.0046,0.0000,0.0046,1.0000,0.0000,0.0000,0.0000,1.0000,0.1112,0.2100,0.3614
364,6,53.9236,-0.3798,0.4265,1.0000,-0.0046,0.0000,0.0046,1.0000,0.0000,0.0000,0.0000,1.0000,0.1972,0.1336,0.1265
364,7,54.0325,-0.3719,0.4491,1.0000,-0.0046,0.0000,0.0046,1.0000,0.0000,0.0000,0.0000,1.0000,0.1624,0.1625,0.0548
364,8,54.0601,-0.3288,0.4472,1.0000,-0.0046,0.0000,0.0046,1.0000,0.0000,0.0000,0.0000,1.0000,0.0831,0.2046,0.1050
364,9,54.0907,-0.2627,0.4544,1.0000,-0.0046,0.0000,0.0046,1.0000,0.0000,0.0000,0.0000,1.0000,0.0210,0.0279,0.0569
364,10,54.1344,-0.3228,0.4546,1.0000,-0.0046,0.0000,0.0046,1.0000,0.0000,0.0000,0.0000,1.0000,0.0210,0.0279,0.0569
365,0,54.8678,-0.2597,0.4400,1.0000,-0.0044,0.0000,0.0044,1.0000,0.0000,0.0000,0.0000,1.0000,0.2577,0.2263,0.1400
365,1,54.8759,-0.2569,0.6052,1.0000,-0.0044,0.0000,0.0044,1.0000,0.0000,0.0000,0.0000,1.0000,0.1100,0.2168,0.3052
365,2,54.9516,-0.3175,0.5173,1.0000,-0.0044,0.0000,0.0044,1.0000,0.0000,0.0000,0.0000,1.0000,0.1101,0.3070,0.2173
365,3,54.9732,-0.4943,0.5889,1.0000,-0.0044,0.0000,0.0044,1.0000,0.0000,0.0000,0.0000,1.0000,0.2836,0.2073,0.2889
365,4,55.0911,-0.5413,0.5062,1.0000,-0.0044,0.0000,0.0044,1.0000,0.0000,0.0000,0.0000,1.0000,0.2820,0.2947,0.2062
365,5,55.2593,-0.4053,0.6614,1.0000,-0.0044,0.0000,0.0044,1.0000,0.0000,0.0000,0.0000,1.0000,0.1112,0.2100,0.3614
365,6,55.3524,-0.3862,0.4265,1.0000,-0.0044,0.0000,0.0044,1.0000,0.0000,0.0000,0.0000,1.0000,0.1972,0.1336,0.1265
365,7,55.4613,-0.3783,0.4491,1.0000,-0.0044,0.0000,0.0044,1.0000,0.0000,0.0000,0.0000,1.0000,0.1624,0.1625,0.0548
365,8,55.4889,-0.3352,0.4472,1.0000,-0.0044,0.0000,0.0044,1.0000,0.0000,0.0000,0.0000,1.0000,0.0831,0.2046,0.1050
365,9,55.5195,-0.2690,0.4544,1.0000,-0.0044,0.0000,0.0044,1.0000,0.0000,0.0000,0.0000,1.0000,0.0210,0.0279,0.0569
365,10,55.5631,-0.3291,0.4546,1.0000,-0.0044,0.0000,0.0044,1.0000,0.0000,0.0000,0.0000,1.0000,0.0210,0.0279,0.0569
366,0,56.3043,-0.2659,0.4400,1.0000,-0.0042,0.0000,0.0042,1.0000,0.0000,0.0000,0.0000,1.0000,0.2577,0.2263,0.1400
366,1,56.3124,-0.2631,0.6052,1.0000,-0.0042,0.0000,0.0042,1.0000,0.0000,0.0000,0.0000,1.0000,0.1100,0.2168,0.3052
366,2,56.3881,-0.3237,0.5173,1.0000,-0.0042,0.0000,0.0042,1.0000,0.0000,0.0000,0.0000,1.0000,0.1101,0.3070,0.2173
366,3,56.4098,-0.5005,0.5889,1.0000,-0.0042,0.0000,0.0042,1.0000,0.0000,0.0000,0.0000,1.0000,0.2836,0.2073,0.2889
366,4,56.5277,-0.5475,0.5062,1.0000,-0.0042,0.0000,0.0042,1.0000,0.0000,0.0000,0.0000,1.0000,0.2820,0.2947,0.2062
366,5,56.6958,-0.4114,0.6614,1.0000,-0.0042,0.0000,0.0042,1.0000,0.0000,0.0000,0.0000,1.0000,0.1112,0.2100,0.3614
366,6,56.7889,-0.3923,0.4265,1.0000,-0.0042,0.0000,0.0042,1.0000,0.0000,0.0000,0.0000,1.0000,0.1972,0.1336,0.1265
366,7,56.8978,-0.3843,0.4491,1.0000,-0.0042,0.0000,0.0042,1.0000,0.0000,0.0000,0.0000,1.0000,0.1624,0.1625,0.0548
366,8,56.9254,-0.3412,0.4472,1.0000,-0.0042,0.0000,0.0042,1.0000,0.0000,0.0000,0.0000,1.0000,0.0831,0.2046,0.1050
366,9,56.9560,-0.2751,0.4544,1.0000,-0.0042,0.0000,0.0042,1.0000,0.0000,0.0000,0.0000,1.0000,0.0210,0.0279,0.0569
366,10,56.9997,-0.3352,0.4546,1.0000,-0.0042,0.0000,0.0042,1.0000,0.0000,0.0000,0.0000,1.0000,0.0210,0.0279,0.0569
367,0,57.7480,-0.2719,0.4400,1.0000,-0.0041,0.0000,0.0041,1.0000,0.0000,0.0000,0.0000,1.0000,0.2577,0.2263,0.1400
367,1,57.7561,-0.2690,0.6052,1.0000,-0.0041,0.0000,0.0041,1.0000,0.0000,0.0000,0.0000,1.0000,0.1100,0.2168,0.3052
367,2,57.8318,-0.3297,0.5173,1.0000,-0.0041,0.0000,0.0041,1.0000,0.0000,0.0000,0.0000,1.0000,0.1101,0.3070,0.2173
367,3,57.8534,-0.5064,0.5889,1.0000,-0.0041,0.0000,0.0041,1.0000,0.0000,0.0000,0.0000,1.0000,0.2836,0.2073,0.2889
367,4,57.9714,-0.5534,0.5062,1.0000,-0.0041,0.0000,0.0041,1.0000,0.0000,0.0000,0.0000,1.0000,0.2820,0.2947,0.2062
367,5,58.1395,-0.4173,0.6614,1.0000,-0.0041,0.0000,0.0041,1.0000,0.0000,0.0000,0.0000,1.0000,0.1112,0.2100,0.3614
367,6,58.2326,-0.3982,0.4265,1.0000,-0.0041,0.0000,0.0041,1.0000,0.0000,0.0000,0.0000,1.0000,0.1972,0.1336,0.1265
367,7,58.3415,-0.3902,0.4491,1.0000,-0.0041,0.0000,0.0041,1.0000,0.0000,0.0000,0.0000,1.0000,0.1624,0.1625,0.0548
367,8,58.3691,-0.3471,0.4472,1.0000,-0.0041,0.0000,0.0041,1.0000,0.0000,0.0000,0.0000,1.0000,0.0831,0.2046,0.1050
367,9,58.3997,-0.2810,0.4544,1.0000,-0.0041,0.0000,0.0041,1.0000,0.0000,0.0000,0.0000,1.0000,0.0210,0.0279,0.0569
367,10,58.4433,-0.3411,0.4546,1.0000,-0.0041,0.0000,0.0041,1.0000,0.0000,0.0000,0.0000,1.0000,0.0210,0.0279,0.0569
368,0,59.1986,-0.2780,0.4400,1.0000,-0.0043,0.0000,0.0043,1.0000,0.0000,0.0000,0.0000,1.0000,0.2577,0.2263,0.1400
368,1,59.2067,-0.2751,0.6052,1.0000,-0.0043,0.0000,0.0043,1.0000,0.0000,0.0000,0.0000,1.0000,0.1100,0.2168,0.3052
368,2,59.2823,-0.3357,0.5173,1.0000,-0.0043,0.0000,0.0043,1.0000,0.0000,0.0000,0.0000,1.0000,0.1101,0.3070,0.2173
368,3,59.3040,-0.5125,0.5889,1.0000,-0.0043,0.0000,0.0043,1.0000,0.0000,0.0000,0.0000,1.0000,0.2836,0.2073,0.2889
368,4,59.4219,-0.5595,0.5062,1.0000,-0.0043,0.0000,0.0043,1.0000,0.0000,0.0000,0.0000,1.0000,0.2820,0.2947,0.2062
368,5,59.5901,-0.4235,0.6614,1.0000,-0.0043,0.0000,0.0043,1.0000,0.0000,0.0000,0.0000,1.0000,0.1112,0.2100,0.3614
368,6,59.6831,-0.4044,0.4265,1.0000,-0.0043,0.0000,0.0043,1.0000,0.0000,0.0000,0.0000,1.0000,0.1972,0.1336,0.1265
368,7,59.7921,-0.3964,0.4491,1.0000,-0.0043,0.0000,0.0043,1.0000,0.0000,0.0000,0.0000,1.0000,0.1624,0.1625,0.0548
368,8,59.8197,-0.3533,0.4472,1.0000,-0.0043,0.0000,0.0043,1.0000,0.0000,0.0000,0.0000,1.0000,0.0831,0.2046,0.1050
368,9,59.8502,-0.2872,0.4544,1.0000,-0.0043,0.0000,0.0043,1.0000,0.0000,0.0000,0.0000,1.0000,0.0210,0.0279,0.0569
368,10,59.8939,-0.3473,0.4546,1.0000,-0.0043,0.0000,0.0043,1.0000,0.0000,0.0000,0.0000,1.0000,0.0210,0.0279,0.0569
369,0,60.6563,-0.2844,0.4400,1.0000,-0.0045,0.0000,0.0045,1.0000,0.0000,0.0000,0.0000,1.0000,0.2577,0.2263,0.1400
369,1,60.6644,-0.2815,0.6052,1.0000,-0.0045,0.0000,0.0045,1.0000,0.0000,0.0000,0.0000,1.0000,0.1100,0.2168,0.3052
369,2,60.7400,-0.3421,0.5173,1.0000,-0.0045,0.0000,0.0045,1.0000,0.0000,0.0000,0.0000,1.0000,0.1101,0.3070,0.2173
369,3,60.7616,-0.5189,0.5889,1.0000,-0.0045,0.0000,0.0045,1.0000,0.0000,0.0000,0.0000,1.0000,0.2836,0.2073,0.2889
369,4,60.8795,-0.5660,0.5062,1.0000,-0.0045,0.0000,0.0045,1.0000,0.0000,0.0000,0.0000,1.0000,0.2820,0.2947,0.2062
369,5,61.0477,-0.4299,0.6614,1.0000,-0.0045,0.0000,0.0045,1.0000,0.0000,0.0000,0.0000,1.0000,0.1112,0.2100,0.3614
369,6,61.1408,-0.4108,0.4265,1.0000,-0.0045,0.0000,0.0045,1.0000,0.0000,0.0000,0.0000,1.0000,0.1972,0.1336,0.1265
369,7,61.2497,-0.4029,0.4491,1.0000,-0.0045,0.0000,0.0045,1.0000,0.0000,0.0000,0.0000,1.0000,0.1624,0.1625,0.0548
369,8,61.2773,-0.3598,0.4472,1.0000,-0.0045,0.0000,0.0045,1.0000,0.0000,0.0000,0.0000,1.0000,0.0831,0.2046,0.1050
369,9,61.3079,-0.2937,0.4544,1.0000,-0.0045,0.0000,0.0045,1.0000,0.0000,0.0000,0.0000,1.0000,0.0210,0.0279,0.0569
369,10,61.3516,-0.3538,0.4546,1.0000,-0.0045,0.0000,0.0045,1.0000,0.0000,0.0000,0.0000,1.0000,0.0210,0.0279,0.0569
370,0,62.1215,-0.2908,0.4400,1.0000,-0.0043,0.0000,0.0043,1.0000,0.0000,0.0000,0.0000,1.0000,0.2577,0.2263,0.1400
370,1,62.1296,-0.2879,0.6052,1.0000,-0.0043,0.0000,0.0043,1.0000,0.0000,0.0000,0.0000,1.0000,0.1100,0.2168,0.3052
370,2,62.2053,-0.3485,0.5173,1.0000,-0.0043,0.0000,0.0043,1.0000,0.0000,0.0000,0.0000,1.0000,0.1101,0.3070,0.2173
370,3,62.2269,-0.5253,0.5889,1.0000,-0.0043,0.0000,0.0043,1.0000,0.0000,0.0000,0.0000,1.0000,0.2836,0.2073,0.2889
370,4,62.3448,-0.5723,0.5062,1.0000,-0.0043,0.0000,0.0043,1.0000,0.0000,0.0000,0.0000,1.0000,0.2820,0.2947,0.2062
370,5,62.5130,-0.4363,0.6614,1.0000,-0.0043,0.0000,0.0043,1.0000,0.0000,0.0000,0.0000,1.0000,0.1112,0.2100,0.3614
370,6,62.6061,-0.4172,0.4265,1.0000,-0.0043,0.0000,0.0043,1.0000,0.0000,0.0000,0.0000,1.0000,0.1972,0.1336,0.1265
370,7,62.7150,-0.4092,0.4491,1.0000,-0.0043,0.0000,0.0043,1.0000,0.0000,0.0000,0.0000,1.0000,0.1624,0.1625,0.0548
370,8,62.7426,-0.3661,0.4472,1.0000,-0.0043,0.0000,0.0043,1.0000,0.0000,0.0000,0.0000,1.0000,0.0831,0.2046,0.1050
370,9,62.7732,-0.3000,0.4544,1.0000,-0.0043,0.0000,0.0043,1.0000,0.0000,0.0000,0.0000,1.0000,0.0210,0.0279,0.0569
370,10,62.8168,-0.3601,0.4546,1.0000,-0.0043,0.0000,0.0043,1.0000,0.0000,0.0000,0.0000,1.0000,0.0210,0.0279,0.0569
371,0,63.5945,-0.2971,0.4400,1.0000,-0.0043,0.0000,0.0043,1.0000,0.0000,0.0000,0.0000,1.0000,0.2577,0.2263,0.1400
371,1,63.6026,-0.2942,0.6052,1.0000,-0.0043,0.0000,0.0043,1.0000,0.0000,0.0000,0.0000,1.0000,0.1100,0.2168,0.3052
371,2,63.6782,-0.3549,0.5173,1.0000,-0.0043,0.0000,0.0043,1.0000,0.0000,0.0000,0.0000,1.0000,0.1101,0.3070,0.2173
371,3,63.6999,-0.5317,0.5889,1.0000,-0.0043,0.0000,0.0043,1.0000,0.0000,0.0000,0.0000,1.0000,0.2836,0.2073,0.2889
371,4,63.8178,-0.5787,0.5062,1.0000,-0.0043,0.0000,0.0043,1.0000,0.0000,0.0000,0.0000,1.0000,0.2820,0.2947,0.2062
371,5,63.9860,-0.4426,0.6614,1.0000,-0.0043,0.0000,0.0043,1.0000,0.0000,0.0000,0.0000,1.0000,0.1112,0.2100,0.3614
371,6,64.0791,-0.4235,0.4265,1.0000,-0.0043,0.0000,0.0043,1.0000,0.0000,0.0000,0.0000,1.0000,0.1972,0.1336,0.1265
371,7,64.1880,-0.4156,0.4491,1.0000,-0.0043,0.0000,0.0043,1.0000,0.0000,0.0000,0.0000,1.0000,0.1624,0.1625,0.0548
371,8,64.2156,-0.3725,0.4472,1.0000,-0.0043,0.0000,0.0043,1.0000,0.0000,0.0000,0.0000,1.0000,0.0831,0.2046,0.1050
371,9,64.2462,-0.3063,0.4544,1.0000,-0.0043,0.0000,0.0043,1.0000,0.0000,0.0000,0.0000,1.0000,0.0210,0.0279,0.0569
371,10,64.2898,-0.3664,0.4546,1.0000,-0.0043,0.0000,0.0043,1.0000,0.0000,0.0000,0.0000,1.0000,0.0210,0.0279,0.0569
372,0,65.0752,-0.3033,0.4400,1.0000,-0.0041,0.0000,0.0041,1.0000,0.0000,0.0000,0.0000,1.0000,0.2577,0.2263,0.1400
372,1,65.0833,-0.3004,0.6052,1.0000,-0.0041,0.0000,0.0041,1.0000,0.0000,0.0000,0.0000,1.0000,0.1100,0.2168,0.3052
372,2,65.1589,-0.3610,0.5173,1.0000,-0.0041,0.0000,0.0041,1.0000,0.0000,0.0000,0.0000,1.0000,0.1101,0.3070,0.2173
372,3,65.1806,-0.5378,0.5889,1.0000,-0.0041,0.0000,0.0041,1.0000,0.0000,0.0000,0.0000,1.0000,0.2836,0.2073,0.2889
372,4,65.2985,-0.5848,0.5062,1.0000,-0.0041,0.0000,0.0041,1.0000,0.0000,0.0000,0.0000,1.0000,0.2820,0.2947,0.2062
372,5,65.4667,-0.4487,0.6614,1.0000,-0.0041,0.0000,0.0041,1.0000,0.0000,0.0000,0.0000,1.0000,0.1112,0.2100,0.3614
372,6,65.5598,-0.4296,0.4265,1.0000,-0.0041,0.0000,0.0041,1.0000,0.0000,0.0000,0.0000,1.0000,0.1972,0.1336,0.1265
372,7,65.6687,-0.4216,0.4491,1.0000,-0.0041,0.0000,0.0041,1.0000,0.0000,0.0000,0.0000,1.0000,0.1624,0.1625,0.0548
372,8,65.6963,-0.3785,0.4472,1.0000,-0.0041,0.0000,0.0041,1.0000,0.0000,0.0000,0.0000,1.0000,0.0831,0.2046,0.1050
372,9,65.7268,-0.3123,0.4544,1.0000,-0.0041,0.0000,0.0041,1.0000,0.0000,0.0000,0.0000,1.0000,0.0210,0.0279,0.0569
372,10,65.7705,-0.3724,0.4546,1.0000,-0.0041,0.0000,0.0041,1.0000,0.0000,0.0000,0.0000,1.0000,0.0210,0.0279,0.0569
373,0,66.5633,-0.3093,0.4400,1.0000,-0.0040,0.0000,0.0040,1.0000,0.0000,0.0000,0.0000,1.0000,0.2577,0.2263,0.1400
373,1,66.5714,-0.3065,0.6052,1.0000,-0.0040,0.0000,0.0040,1.0000,0.0000,0.0000,0.0000,1.0000,0.1100,0.2168,0.3052
373,2,66.6470,-0.3671,0.5173,1.0000,-0.0040,0.0000,0.0040,1.0000,0.0000,0.0000,0.0000,1.0000,0.1101,0.3070,0.2173
373,3,66.6687,-0.5439,0.5889,1.0000,-0.0040,0.0000,0.0040,1.0000,0.0000,0.0000,0.0000,1.0000,0.2836,0.2073,0.2889
373,4,66.7866,-0.5908,0.5062,1.0000,-0.0040,0.0000,0.0040,1.0000,0.0000,0.0000,0.0000,1.0000,0.2820,0.2947,0.2062
373,5,66.9548,-0.4547,0.6614,1.0000,-0.0040,0.0000,0.0040,1.0000,0.0000,0.0000,0.0000,1.0000,0.1112,0.2100,0.3614
373,6,67.0479,-0.4356,0.4265,1.0000,-0.0040,0.0000,0.0040,1.0000,0.0000,0.0000,0.0000,1.0000,0.1972,0.1336,0.1265
373,7,67.1568,-0.4276,0.4491,1.0000,-0.0040,0.0000,0.0040,1.0000,0.0000,0.0000,0.0000,1.0000,0.1624,0.1625,0.0548
373,8,67.1844,-0.3845,0.4472,1.0000,-0.0040,0.0000,0.0040,1.0000,0.0000,0.0000,0.0000,1.0000,0.0831,0.2046,0.1050
373,9,67.2149,-0.3184,0.4544,1.0000,-0.0040,0.0000,0.0040,1.0000,0.0000,0.0000,0.0000,1.0000,0.0210,0.0279,0.0569
373,10,67.2586,-0.3784,0.4546,1.0000,-0.0040,0.0000,0.0040,1.0000,0.0000,0.0000,0.0000,1.0000,0.0210,0.0279,0.0569
374,0,68.0585,-0.3155,0.4400,1.0000,-0.0042,0.0000,0.0042,1.0000,0.0000,0.0000,0.0000,1.0000,0.2577,0.2263,0.1400
374,1,68.0666,-0.3126,0.6052,1.0000,-0.0042,0.0000,0.0042,1.0000,0.0000,0.0000,0.0000,1.0000,0.1100,0.2168,0.3052
374,2,68.1423,-0.3732,0.5173,1.0000,-0.0042,0.0000,0.0042,1.0000,0.0000,0.0000,0.0000,1.0000,0.1101,0.3070,0.2173
374,3,68.1639,-0.5500,0.5889,1.0000,-0.0042,0.0000,0.0042,1.0000,0.0000,0.0000,0.0000,1.0000,0.2836,0.2073,0.2889
374,4,68.2818,-0.5970,0.5062,1.0000,-0.0042,0.0000,0.0042,1.0000,0.0000,0.0000,0.0000,1.0000,0.2820,0.2947,0.2062
374,5,68.4500,-0.4609,0.6614,1.0000,-0.0042,0.0000,0.0042,1.0000,0.0000,0.0000,0.0000,1.0000,0.1112,0.2100,0.3614
374,6,68.5431,-0.4418,0.4265,1.0000,-0.0042,0.0000,0.0042,1.0000,0.0000,0.0000,0.0000,1.0000,0.1972,0.1336,0.1265
374,7,68.6520,-0.4339,0.4491,1.0000,-0.0042,0.0000,0.0042,1.0000,0.0000,0.0000,0.0000,1.0000,0.1624,0.1625,0.0548
374,8,68.6796,-0.3908,0.4472,1.0000,-0.0042,0.0000,0.0042,1.0000,0.0000,0.0000,0.0000,1.0000,0.0831,0.2046,0.1050
374,9,68.7102,-0.3246,0.4544,1.0000,-0.0042,0.0000,0.0042,1.0000,0.0000,0.0000,0.0000,1.0000,0.0210,0.0279,0.0569
374,10,68.7538,-0.3847,0.4546,1.0000,-0.0042,0.0000,0.0042,1.0000,0.0000,0.0000,0.0000,1.0000,0.0210,0.0279,0.0569
375,0,69.5609,-0.3218,0.4400,1.0000,-0.0042,0.0000,0.0042,1.0000,0.0000,0.0000,0.0000,1.0000,0.2577,0.2263,0.1400
375,1,69.5690,-0.3189,0.6052,1.0000,-0.0042,0.0000,0.0042,1.0000,0.0000,0.0000,0.0000,1.0000,0.1100,0.2168,0.3052
375,2,69.6446,-0.3795,0.5173,1.0000,-0.0042,0.0000,0.0042,1.0000,0.0000,0.0000,0.0000,1.0000,0.1101,0.3070,0.2173
375,3,69.6663,-0.5563,0.5889,1.0000,-0.0042,0.0000,0.0042,1.0000,0.0000,0.0000,0.0000,1.0000,0.2836,0.2073,0.2889
375,4,69.7842,-0.6033,0.5062,1.0000,-0.0042,0.0000,0.0042,1.0000,0.0000,0.0000,0.0000,1.0000,0.2820,0.2947,0.2062
375,5,69.9523,-0.4672,0.6614,1.0000,-0.0042,0.0000,0.0042,1.0000,0.0000,0.0000,0.0000,1.0000,0.1112,0.2100,0.3614
375,6,70.0454,-0.4481,0.4265,1.0000,-0.0042,0.0000,0.0042,1.0000,0.0000,0.0000,0.0000,1.0000,0.1972,0.1336,0.1265
375,7,70.1544,-0.4402,0.4491,1.0000,-0.0042,0.0000,0.0042,1.0000,0.0000,0.0000,0.0000,1.0000,0.1624,0.1625,0.0548
375,8,70.1819,-0.3971,0.4472,1.0000,-0.0042,0.0000,0.0042,1.0000,0.0000,0.0000,0.0000,1.0000,0.0831,0.2046,0.1050
375,9,70.2125,-0.3309,0.4544,1.0000,-0.0042,0.0000,0.0042,1.0000,0.0000,0.0000,0.0000,1.0000,0.0210,0.0279,0.0569
375,10,70.2562,-0.3910,0.4546,1.0000,-0.0042,0.0000,0.0042,1.0000,0.0000,0.0000,0.0000,1.0000,0.0210,0.0279,0.0569
376,0,71.0703,-0.3280,0.4400,1.0000,-0.0041,0.0000,0.0041,1.0000,0.0000,0.0000,0.0000,1.0000,0.2577,0.2263,0.1400
376,1,71.0784,-0.3252,0.6052,1.0000,-0.0041,0.0000,0.0041,1.0000,0.0000,0.0000,0.0000,1.0000,0.1100,0.2168,0.3052
376,2,71.1541,-0.3858,0.5173,1.0000,-0.0041,0.0000,0.0041,1.0000,0.0000,0.0000,0.0000,1.0000,0.1101,0.3070,0.2173
376,3,71.1758,-0.5626,0.5889,1.0000,-0.0041,0.0000,0.0041,1.0000,0.0000,0.0000,0.0000,1.0000,0.2836,0.2073,0.2889
376,4,71.2937,-0.6095,0.5062,1.0000,-0.0041,0.0000,0.0041,1.0000,0.0000,0.0000,0.0000,1.0000,0.2820,0.2947,0.2062
376,5,71.4618,-0.4734,0.6614,1.0000,-0.0041,0.0000,0.0041,1.0000,0.0000,0.0000,0.0000,1.0000,0.1112,0.2100,0.3614
376,6,71.5549,-0.4543,0.4265,1.0000,-0.0041,0.0000,0.0041,1.0000,0.0000,0.0000,0.0000,1.0000,0.1972,0.1336,0.1265
376,7,71.6638,-0.4464,0.4491,1.0000,-0.0041,0.0000,0.0041,1.0000,0.0000,0.0000,0.0000,1.0000,0.1624,0.1625,0.0548
376,8,71.6914,-0.4033,0.4472,1.0000,-0.0041,0.0000,0.0041,1.0000,0.0000,0.0000,0.0000,1.0000,0.0831,0.2046,0.1050
376,9,71.7220,-0.3371,0.4544,1.0000,-0.0041,0.0000,0.0041,1.0000,0.0000,0.0000,0.0000,1.0000,0.0210,0.0279,0.0569
376,10,71.7656,-0.3972,0.4546,1.0000,-0.0041,0.0000,0.0041,1.0000,0.0000,0.0000,0.0000,1.0000,0.0210,0.0279,0.0569
377,0,72.5869,-0.3343,0.4400,1.0000,-0.0042,0.0000,0.0042,1.0000,0.0000,0.0000,0.0000,1.0000,0.2577,0.2263,0.1400
377,1,72.5950,-0.3315,0.6052,1.0000,-0.0042,0.0000,0.0042,1.0000,0.0000,0.0000,0.0000,1.0000,0.1100,0.2168,0.3052
377,2,72.6706,-0.3921,0.5173,1.0000,-0.0042,0.0000,0.0042,1.0000,0.0000,0.0000,0.0000,1.0000,0.1101,0.3070,0.2173
377,3,72.6923,-0.5689,0.5889,1.0000,-0.0042,0.0000,0.0042,1.0000,0.0000,0.0000,0.0000,1.0000,0.2836,0.2073,0.2889
377,4,72.8102,-0.6159,0.5062,1.0000,-0.0042,0.0000,0.0042,1.0000,0.0000,0.0000,0.0000,1.0000,0.2820,0.2947,0.2062
377,5,72.9783,-0.4798,0.6614,1.0000,-0.0042,0.0000,0.0042,1.0000,0.0000,0.0000,0.0000,1.0000,0.1112,0.2100,0.3614
377,6,73.0714,-0.4607,0.4265,1.0000,-0.0042,0.0000,0.0042,1.0000,0.0000,0.0000,0.0000,1.0000,0.1972,0.1336,0.1265
377,7,73.1804,-0.4527,0.4491,1.0000,-0.0042,0.0000,0.0042,1.0000,0.0000,0.0000,0.0000,1.0000,0.1624,0.1625,0.0548
377,8,73.2079,-0.4097,0.4472,1.0000,-0.0042,0.0000,0.0042,1.0000,0.0000,0.0000,0.0000,1.0000,0.0831,0.2046,0.1050
377,9,73.2385,-0.3435,0.4544,1.0000,-0.0042,0.0000,0.0042,1.0000,0.0000,0.0000,0.0000,1.0000,0.0210,0.0279,0.0569
377,10,73.2822,-0.4036,0.4546,1.0000,-0.0042,0.0000,0.0042,1.0000,0.0000,0.0000,0.0000,1.0000,0.0210,0.0279,0.0569
378,0,74.1102,-0.3409,0.4400,1.0000,-0.0043,0.0000,0.0043,1.0000,0.0000,0.0000,0.0000,1.0000,0.2577,0.2263,0.1400
378,1,74.1183,-0.3380,0.6052,1.0000,-0.0043,0.0000,0.0043,1.0000,0.0000,0.0000,0.0000,1.0000,0.1100,0.2168,0.3052
378,2,74.1940,-0.3986,0.5173,1.0000,-0.0043,0.0000,0.0043,1.0000,0.0000,0.0000,0.0000,1.0000,0.1101,0.3070,0.2173
378,3,74.2156,-0.5754,0.5889,1.0000,-0.0043,0.0000,0.0043,1.0000,0.0000,0.0000,0.0000,1.0000,0.2836,0.2073,0.2889
378,4,74.3335,-0.6224,0.5062,1.0000,-0.0043,0.0000,0.0043,1.0000,0.0000,0.0000,0.0000,1.0000,0.2820,0.2947,0.2062
378,5,74.5017,-0.4864,0.6614,1.0000,-0.0043,0.0000,0.0043,1.0000,0.0000,0.0000,0.0000,1.0000,0.1112,0.2100,0.3614
378,6,74.5948,-0.4673,0.4265,1.0000,-0.0043,0.0000,0.0043,1.0000,0.0000,0.0000,0.0000,1.0000,0.1972,0.1336,0.1265
378,7,74.7037,-0.4593,0.4491,1.0000,-0.0043,0.0000,0.0043,1.0000,0.0000,0.0000,0.0000,1.0000,0.1624,0.1625,0.0548
378,8,74.7313,-0.4163,0.4472,1.0000,-0.0043,0.0000,0.0043,1.0000,0.0000,0.0000,0.0000,1.0000,0.0831,0.2046,0.1050
378,9,74.7619,-0.3501,0.4544,1.0000,-0.0043,0.0000,0.0043,1.0000,0.0000,0.0000,0.0000,1.0000,0.0210,0.0279,0.0569
378,10,74.8055,-0.4102,0.4546,1.0000,-0.0043,0.0000,0.0043,1.0000,0.0000,0.0000,0.0000,1.0000,0.0210,0.0279,0.0569
379,0,75.6401,-0.3475,0.4400,1.0000,-0.0044,0.0000,0.0044,1.0000,0.0000,0.0000,0.0000,1.0000,0.2577,0.2263,0.1400
379,1,75.6482,-0.3447,0.6052,1.0000,-0.0044,0.0000,0.0044,1.0000,0.0000,0.0000,0.0000,1.0000,0.1100,0.2168,0.3052
379,2,75.7238,-0.4053,0.5173,1.0000,-0.0044,0.0000,0.0044,1.0000,0.0000,0.0000,0.0000,1.0000,0.1101,0.3070,0.2173
379,3,75.7455,-0.5821,0.5889,1.0000,-0.0044,0.0000,0.0044,1.0000,0.0000,0.0000,0.0000,1.0000,0.2836,0.2073,0.2889
379,4,75.8634,-0.6291,0.5062,1.0000,-0.0044,0.0000,0.0044,1.0000,0.0000,0.0000,0.0000,1.0000,0.2820,0.2947,0.2062
379,5,76.0316,-0.4930,0.6614,1.0000,-0.0044,0.0000,0.0044,1.0000,0.0000,0.0000,0.0000,1.0000,0.1112,0.2100,0.3614
379,6,76.1246,-0.4740,0.4265,1.0000,-0.0044,0.0000,0.0044,1.0000,0.0000,0.0000,0.0000,1.0000,0.1972,0.1336,0.1265
379,7,76.2336,-0.4660,0.4491,1.0000,-0.0044,0.0000,0.0044,1.0000,0.0000,0.0000,0.0000,1.0000,0.1624,0.1625,0.0548
379,8,76.2612,-0.4230,0.4472,1.0000,-0.0044,0.0000,0.0044,1.0000,0.0000,0.0000,0.0000,1.0000,0.0831,0.2046,0.1050
379,9,76.2918,-0.3568,0.4544,1.0000,-0.0044,0.0000,0.0044,1.0000,0.0000,0.0000,0.0000,1.0000,0.0210,0.0279,0.0569
379,10,76.3354,-0.4169,0.4546,1.0000,-0.0044,0.0000,0.0044,1.0000,0.0000,0.0000,0.0000,1.0000,0.0210,0.0279,0.0569
380,0,77.1761,-0.3543,0.4400,1.0000,-0.0044,0.0000,0.0044,1.0000,0.0000,0.0000,0.0000,1.0000,0.2577,0.2263,0.1400
380,1,77.1843,-0.3514,0.6052,1.0000,-0.0044,0.0000,0.0044,1.0000,0.0000,0.0000,0.0000,1.0000,0.1100,0.2168,0.3052
380,2,77.2599,-0.4120,0.5173,1.0000,-0.0044,0.0000,0.0044,1.0000,0.0000,0.0000,0.0000,1.0000,0.1101,0.3070,0.2173
380,3,77.2815,-0.5888,0.5889,1.0000,-0.0044,0.0000,0.0044,1.0000,0.0000,0.0000,0.0000,1.0000,0.2836,0.2073,0.2889
380,4,77.3994,-0.6359,0.5062,1.0000,-0.0044,0.0000,0.0044,1.0000,0.0000,0.0000,0.0000,1.0000,0.2820,0.2947,0.2062
380,5,77.5676,-0.4998,0.6614,1.0000,-0.0044,0.0000,0.0044,1.0000,0.0000,0.0000,0.0000,1.0000,0.1112,0.2100,0.3614
380,6,77.6607,-0.4807,0.4265,1.0000,-0.0044,0.0000,0.0044,1.0000,0.0000,0.0000,0.0000,1.0000,0.1972,0.1336,0.1265
380,7,77.7696,-0.4728,0.4491,1.0000,-0.0044,0.0000,0.0044,1.0000,0.0000,0.0000,0.0000,1.0000,0.1624,0.1625,0.0548
380,8,77.7972,-0.4297,0.4472,1.0000,-0.0044,0.0000,0.0044,1.0000,0.0000,0.0000,0.0000,1.0000,0.0831,0.2046,0.1050
380,9,77.8278,-0.3635,0.4544,1.0000,-0.0044,0.0000,0.0044,1.0000,0.0000,0.0000,0.0000,1.0000,0.0210,0.0279,0.0569
380,10,77.8714,-0.4236,0.4546,1.0000,-0.0044,0.0000,0.0044,1.0000,0.0000,0.0000,0.0000,1.0000,0.0210,0.0279,0.0569
381,0,78.7182,-0.3609,0.4400,1.0000,-0.0042,0.0000,0.0042,1.0000,0.0000,0.0000,0.0000,1.0000,0.2577,0.2263,0.1400
381,1,78.7263,-0.3581,0.6052,1.0000,-0.0042,0.0000,0.0042,1.0000,0.0000,0.0000,0.0000,1.0000,0.1100,0.2168,0.3052
381,2,78.8020,-0.4187,0.5173,1.0000,-0.0042,0.0000,0.0042,1.0000,0.0000,0.0000,0.0000,1.0000,0.1101,0.3070,0.2173
381,3,78.8236,-0.5955,0.5889,1.0000,-0.0042,0.0000,0.0042,1.0000,0.0000,0.0000,0.0000,1.0000,0.2836,0.2073,0.2889
381,4,78.9415,-0.6425,0.5062,1.0000,-0.0042,0.0000,0.0042,1.0000,0.0000,0.0000,0.0000,1.0000,0.2820,0.2947,0.2062
381,5,79.1097,-0.5064,0.6614,1.0000,-0.0042,0.0000,0.0042,1.0000,0.0000,0.0000,0.0000,1.0000,0.1112,0.2100,0.3614
381,6,79.2028,-0.4873,0.4265,1.0000,-0.0042,0.0000,0.0042,1.0000,0.0000,0.0000,0.0000,1.0000,0.1972,0.1336,0.1265
381,7,79.3117,-0.4793,0.4491,1.0000,-0.0042,0.0000,0.0042,1.0000,0.0000,0.0000,0.0000,1.0000,0.1624,0.1625,0.0548
381,8,79.3393,-0.4362,0.4472,1.0000,-0.0042,0.0000,0.0042,1.0000,0.0000,0.0000,0.0000,1.0000,0.0831,0.2046,0.1050
381,9,79.3699,-0.3701,0.4544,1.0000,-0.0042,0.0000,0.0042,1.0000,0.0000,0.0000,0.0000,1.0000,0.0210,0.0279,0.0569
381,10,79.4135,-0.4302,0.4546,1.0000,-0.0042,0.0000,0.0042,1.0000,0.0000,0.0000,0.0000,1.0000,0.0210,0.0279,0.0569
382,0,80.2661,-0.3674,0.4400,1.0000,-0.0042,0.0000,0.0042,1.0000,0.0000,0.0000,0.0000,1.0000,0.2577,0.2263,0.1400
382,1,80.2742,-0.3646,0.6052,1.0000,-0.0042,0.0000,0.0042,1.0000,0.0000,0.0000,0.0000,1.0000,0.1100,0.2168,0.3052
382,2,80.3499,-0.4252,0.5173,1.0000,-0.0042,0.0000,0.0042,1.0000,0.0000,0.0000,0.0000,1.0000,0.1101,0.3070,0.2173
382,3,80.3715,-0.6020,0.5889,1.0000,-0.0042,0.0000,0.0042,1.0000,0.0000,0.0000,0.0000,1.0000,0.2836,0.2073,0.2889
382,4,80.4894,-0.6490,0.5062,1.0000,-0.0042,0.0000,0.0042,1.0000,0.0000,0.0000,0.0000,1.0000,0.2820,0.2947,0.2062
382,5,80.6576,-0.5129,0.6614,1.0000,-0.0042,0.0000,0.0042,1.0000,0.0000,0.0000,0.0000,1.0000,0.1112,0.2100,0.3614
382,6,80.7507,-0.4938,0.4265,1.0000,-0.0042,0.0000,0.0042,1.0000,0.0000,0.0000,0.0000,1.0000,0.1972,0.1336,0.1265
382,7,80.8596,-0.4858,0.4491,1.0000,-0.0042,0.0000,0.0042,1.0000,0.0000,0.0000,0.0000,1.0000,0.1624,0.1625,0.0548
382,8,80.8872,-0.4427,0.4472,1.0000,-0.0042,0.0000,0.0042,1.0000,0.0000,0.0000,0.0000,1.0000,0.0831,0.2046,0.1050
382,9,80.9178,-0.3766,0.4544,1.0000,-0.0042,0.0000,0.0042,1.0000,0.0000,0.0000,0.0000,1.0000,0.0210,0.0279,0.0569
382,10,80.9614,-0.4366,0.4546,1.0000,-0.0042,0.0000,0.0042,1.0000,0.0000,0.0000,0.0000,1.0000,0.0210,0.0279,0.0569
383,0,81.8198,-0.3740,0.4400,1.0000,-0.0042,0.0000,0.0042,1.0000,0.0000,0.0000,0.0000,1.0000,0.2577,0.2263,0.1400
383,1,81.8279,-0.3711,0.6052,1.0000,-0.0042,0.0000,0.0042,1.0000,0.0000,0.0000,0.0000,1.0000,0.1100,0.2168,0.3052
383,2,81.9035,-0.4317,0.5173,1.0000,-0.0042,0.0000,0.0042,1.0000,0.0000,0.0000,0.0000,1.0000,0.1101,0.3070,0.2173
383,3,81.9252,-0.6085,0.5889,1.0000,-0.0042,0.0000,0.0042,1.0000,0.0000,0.0000,0.0000,1.0000,0.2836,0.2073,0.2889
383,4,82.0431,-0.6555,0.5062,1.0000,-0.0042,0.0000,0.0042,1.0000,0.0000,0.0000,0.0000,1.0000,0.2820,0.2947,0.2062
383,5,82.2113,-0.5194,0.6614,1.0000,-0.0042,0.0000,0.0042,1.0000,0.0000,0.0000,0.0000,1.0000,0.1112,0.2100,0.3614
383,6,82.3043,-0.5003,0.4265,1.0000,-0.0042,0.0000,0.0042,1.0000,0.0000,0.0000,0.0000,1.0000,0.1972,0.1336,0.1265
383,7,82.4133,-0.4924,0.4491,1.0000,-0.0042,0.0000,0.0042,1.0000,0.0000,0.0000,0.0000,1.0000,0.1624,0.1625,0.0548
383,8,82.4409,-0.4493,0.4472,1.0000,-0.0042,0.0000,0.0042,1.0000,0.0000,0.0000,0.0000,1.0000,0.0831,0.2046,0.1050
383,9,82.4714,-0.3831,0.4544,1.0000,-0.0042,0.0000,0.0042,1.0000,0.0000,0.0000,0.0000,1.0000,0.0210,0.0279,0.0569
383,10,82.5151,-0.4432,0.4546,1.0000,-0.0042,0.0000,0.0042,1.0000,0.0000,0.0000,0.0000,1.0000,0.0210,0.0279,0.0569
384,0,0.8681,-0.0080,0.4400,1.0000,-0.0002,0.0000,0.0002,1.0000,0.0000,0.0000,0.0000,1.0000,0.2577,0.2263,0.1400
384,1,0.8762,-0.0051,0.6052,1.0000,-0.0002,0.0000,0.0002,1.0000,0.0000,0.0000,0.0000,1.0000,0.1100,0.2168,0.3052
384,2,0.9520,-0.0654,0.5173,1.0000,-0.0002,0.0000,0.0002,1.0000,0.0000,0.0000,0.0000,1.0000,0.1101,0.3070,0.2173
384,3,0.9744,-0.2421,0.5889,1.0000,-0.0002,0.0000,0.0002,1.0000,0.0000,0.0000,0.0000,1.0000,0.2836,0.2073,0.2889
384,4,1.0925,-0.2886,0.5062,1.0000,-0.0002,0.0000,0.0002,1.0000,0.0000,0.0000,0.0000,1.0000,0.2820,0.2947,0.2062
384,5,1.2601,-0.1519,0.6614,1.0000,-0.0002,0.0000,0.0002,1.0000,0.0000,0.0000,0.0000,1.0000,0.1112,0.2100,0.3614
384,6,1.3531,-0.1324,0.4265,1.0000,-0.0002,0.0000,0.0002,1.0000,0.0000,0.0000,0.0000,1.0000,0.1972,0.1336,0.1265
384,7,1.4620,-0.1240,0.4491,1.0000,-0.0002,0.0000,0.0002,1.0000,0.0000,0.0000,0.0000,1.0000,0.1624,0.1625,0.0548
384,8,1.4894,-0.0808,0.4472,1.0000,-0.0002,0.0000,0.0002,1.0000,0.0000,0.0000,0.0000,1.0000,0.0831,0.2046,0.1050
384,9,1.5198,-0.0145,0.4544,1.0000,-0.0002,0.0000,0.0002,1.0000,0.0000,0.0000,0.0000,1.0000,0.0210,0.0279,0.0569
384,10,1.5636,-0.0744,0.4546,1.0000,-0.0002,0.0000,0.0002,1.0000,0.0000,0.0000,0.0000,1.0000,0.0210,0.0279,0.0569
385,0,1.7885,-0.0083,0.4400,1.0000,-0.0005,0.0000,0.0005,1.0000,0.0000,0.0000,0.0000,1.0000,0.2577,0.2263,0.1400
385,1,1.7966,-0.0054,0.6052,1.0000,-0.0005,0.0000,0.0005,1.0000,0.0000,0.0000,0.0000,1.0000,0.1100,0.2168,0.3052
385,2,1.8724,-0.0657,0.5173,1.0000,-0.0005,0.0000,0.0005,1.0000,0.0000,0.0000,0.0000,1.0000,0.1101,0.3070,0.2173
385,3,1.8947,-0.2424,0.5889,1.0000,-0.0005,0.0000,0.0005,1.0000,0.0000,0.0000,0.0000,1.0000,0.2836,0.2073,0.2889
385,4,2.0128,-0.2890,0.5062,1.0000,-0.0005,0.0000,0.0005,1.0000,0.0000,0.0000,0.0000,1.0000,0.2820,0.2947,0.2062
385,5,2.1805,-0.1523,0.6614,1.0000,-0.0005,0.0000,0.0005,1.0000,0.0000,0.0000,0.0000,1.0000,0.1112,0.2100,0.3614
385,6,2.2735,-0.1328,0.4265,1.0000,-0.0005,0.0000,0.0005,1.0000,0.0000,0.0000,0.0000,1.0000,0.1972,0.1336,0.1265
385,7,2.3824,-0.1244,0.4491,1.0000,-0.0005,0.0000,0.0005,1.0000,0.0000,0.0000,0.0000,1.0000,0.1624,0.1625,0.0548
385,8,2.4098,-0.0813,0.4472,1.0000,-0.0005,0.0000,0.0005,1.0000,0.0000,0.0000,0.0000,1.0000,0.0831,0.2046,0.1050
385,9,2.4401,-0.0150,0.4544,1.0000,-0.0005,0.0000,0.0005,1.0000,0.0000,0.0000,0.0000,1.0000,0.0210,0.0279,0.0569
385,10,2.4840,-0.0749,0.4546,1.0000,-0.0005,0.0000,0.0005,1.0000,0.0000,0.0000,0.0000,1.0000,0.0210,0.0279,0.0569
386,0,2.7217,-0.0089,0.4400,1.0000,-0.0008,0.0000,0.0008,1.0000,0.0000,0.0000,0.0000,1.0000,0.2577,0.2263,0.1400
386,1,2.7298,-0.0060,0.6052,1.0000,-0.0008,0.0000,0.0008,1.0000,0.0000,0.0000,0.0000,1.0000,0.1100,0.2168,0.3052
386,2,2.8057,-0.0663,0.5173,1.0000,-0.0008,0.0000,0.0008,1.0000,0.0000,0.0000,0.0000,1.0000,0.1101,0.3070,0.2173
386,3,2.8279,-0.2431,0.5889,1.0000,-0.0008,0.0000,0.0008,1.0000,0.0000,0.0000,0.0000,1.0000,0.2836,0.2073,0.2889
386,4,2.9460,-0.2897,0.5062,1.0000,-0.0008,0.0000,0.0008,1.0000,0.0000,0.0000,0.0000,1.0000,0.2820,0.2947,0.2062
386,5,3.1137,-0.1530,0.6614,1.0000,-0.0008,0.0000,0.0008,1.0000,0.0000,0.0000,0.0000,1.0000,0.1112,0.2100,0.3614
386,6,3.2067,-0.1336,0.4265,1.0000,-0.0008,0.0000,0.0008,1.0000,0.0000,0.0000,0.0000,1.0000,0.1972,0.1336,0.1265
386,7,3.3156,-0.1253,0.4491,1.0000,-0.0008,0.0000,0.0008,1.0000,0.0000,0.0000,0.0000,1.0000,0.1624,0.1625,0.0548
386,8,3.3431,-0.0821,0.4472,1.0000,-0.0008,0.0000,0.0008,1.0000,0.0000,0.0000,0.0000,1.0000,0.0831,0.2046,0.1050
386,9,3.3734,-0.0158,0.4544,1.0000,-0.0008,0.0000,0.0008,1.0000,0.0000,0.0000,0.0000,1.0000,0.0210,0.0279,0.0569
386,10,3.4173,-0.0757,0.4546,1.0000,-0.0008,0.0000,0.0008,1.0000,0.0000,0.0000,0.0000,1.0000,0.0210,0.0279,0.0569
387,0,3.6695,-0.0099,0.4400,1.0000,-0.0013,0.0000,0.0013,1.0000,0.0000,0.0000,0.0000,1.0000,0.2577,0.2263,0.1400
387,1,3.6776,-0.0070,0.6052,1.0000,-0.0013,0.0000,0.0013,1.0000,0.0000,0.0000,0.0000,1.0000,0.1100,0.2168,0.3052
387,2,3.7534,-0.0674,0.5173,1.0000,-0.0013,0.0000,0.0013,1.0000,0.0000,0.0000,0.0000,1.0000,0.1101,0.3070,0.2173
387,3,3.7756,-0.2441,0.5889,1.0000,-0.0013,0.0000,0.0013,1.0000,0.0000,0.0000,0.0000,1.0000,0.2836,0.2073,0.2889
387,4,3.8936,-0.2908,0.5062,1.0000,-0.0013,0.0000,0.0013,1.0000,0.0000,0.0000,0.0000,1.0000,0.2820,0.2947,0.2062
387,5,4.0614,-0.1542,0.6614,1.0000,-0.0013,0.0000,0.0013,1.0000,0.0000,0.0000,0.0000,1.0000,0.1112,0.2100,0.3614
387,6,4.1544,-0.1348,0.4265,1.0000,-0.0013,0.0000,0.0013,1.0000,0.0000,0.0000,0.0000,1.0000,0.1972,0.1336,0.1265
387,7,4.2634,-0.1266,0.4491,1.0000,-0.0013,0.0000,0.0013,1.0000,0.0000,0.0000,0.0000,1.0000,0.1624,0.1625,0.0548
387,8,4.2908,-0.0834,0.4472,1.0000,-0.0013,0.0000,0.0013,1.0000,0.0000,0.0000,0.0000,1.0000,0.0831,0.2046,0.1050
387,9,4.3212,-0.0171,0.4544,1.0000,-0.0013,0.0000,0.0013,1.0000,0.0000,0.0000,0.0000,1.0000,0.0210,0.0279,0.0569
387,10,4.3650,-0.0771,0.4546,1.0000,-0.0013,0.0000,0.0013,1.0000,0.0000,0.0000,0.0000,1.0000,0.0210,0.0279,0.0569
388,0,4.6332,-0.0113,0.4400,1.0000,-0.0018,0.0000,0.0018,1.0000,0.0000,0.0000,0.0000,1.0000,0.2577,0.2263,0.1400
388,1,4.6413,-0.0085,0.6052,1.0000,-0.0018,0.0000,0.0018,1.0000,0.0000,0.0000,0.0000,1.0000,0.1100,0.2168,0.3052
388,2,4.7171,-0.0689,0.5173,1.0000,-0.0018,0.0000,0.0018,1.0000,0.0000,0.0000,0.0000,1.0000,0.1101,0.3070,0.2173
388,3,4.7392,-0.2456,0.5889,1.0000,-0.0018,0.0000,0.0018,1.0000,0.0000,0.0000,0.0000,1.0000,0.2836,0.2073,0.2889
388,4,4.8572,-0.2923,0.5062,1.0000,-0.0018,0.0000,0.0018,1.0000,0.0000,0.0000,0.0000,1.0000,0.2820,0.2947,0.2062
388,5,5.0250,-0.1558,0.6614,1.0000,-0.0018,0.0000,0.0018,1.0000,0.0000,0.0000,0.0000,1.0000,0.1112,0.2100,0.3614
388,6,5.1181,-0.1365,0.4265,1.0000,-0.0018,0.0000,0.0018,1.0000,0.0000,0.0000,0.0000,1.0000,0.1972,0.1336,0.1265
388,7,5.2270,-0.1283,0.4491,1.0000,-0.0018,0.0000,0.0018,1.0000,0.0000,0.0000,0.0000,1.0000,0.1624,0.1625,0.0548
388,8,5.2545,-0.0851,0.4472,1.0000,-0.0018,0.0000,0.0018,1.0000,0.0000,0.0000,0.0000,1.0000,0.0831,0.2046,0.1050
388,9,5.2849,-0.0189,0.4544,1.0000,-0.0018,0.0000,0.0018,1.0000,0.0000,0.0000,0.0000,1.0000,0.0210,0.0279,0.0569
388,10,5.3287,-0.0789,0.4546,1.0000,-0.0018,0.0000,0.0018,1.0000,0.0000,0.0000,0.0000,1.0000,0.0210,0.0279,0.0569
389,0,5.6139,-0.0132,0.4400,1.0000,-0.0021,0.0000,0.0021,1.0000,0.0000,0.0000,0.0000,1.0000,0.2577,0.2263,0.1400
389,1,5.6220,-0.0103,0.6052,1.0000,-0.0021,0.0000,0.0021,1.0000,0.0000,0.0000,0.0000,1.0000,0.1100,0.2168,0.3052
389,2,5.6978,-0.0708,0.5173,1.0000,-0.0021,0.0000,0.0021,1.0000,0.0000,0.0000,0.0000,1.0000,0.1101,0.3070,0.2173
389,3,5.7198,-0.2476,0.5889,1.0000,-0.0021,0.0000,0.0021,1.0000,0.0000,0.0000,0.0000,1.0000,0.2836,0.2073,0.2889
389,4,5.8378,-0.2943,0.5062,1.0000,-0.0021,0.0000,0.0021,1.0000,0.0000,0.0000,0.0000,1.0000,0.2820,0.2947,0.2062
389,5,6.0057,-0.1579,0.6614,1.0000,-0.0021,0.0000,0.0021,1.0000,0.0000,0.0000,0.0000,1.0000,0.1112,0.2100,0.3614
389,6,6.0988,-0.1386,0.4265,1.0000,-0.0021,0.0000,0.0021,1.0000,0.0000,0.0000,0.0000,1.0000,0.1972,0.1336,0.1265
389,7,6.2077,-0.1304,0.4491,1.0000,-0.0021,0.0000,0.0021,1.0000,0.0000,0.0000,0.0000,1.0000,0.1624,0.1625,0.0548
389,8,6.2352,-0.0872,0.4472,1.0000,-0.0021,0.0000,0.0021,1.0000,0.0000,0.0000,0.0000,1.0000,0.0831,0.2046,0.1050
389,9,6.2656,-0.0210,0.4544,1.0000,-0.0021,0.0000,0.0021,1.0000,0.0000,0.0000,0.0000,1.0000,0.0210,0.0279,0.0569
389,10,6.3094,-0.0810,0.4546,1.0000,-0.0021,0.0000,0.0021,1.0000,0.0000,0.0000,0.0000,1.0000,0.0210,0.0279,0.0569
390,0,6.6125,-0.0155,0.4400,1.0000,-0.0024,0.0000,0.0024,1.0000,0.0000,0.0000,0.0000,1.0000,0.2577,0.2263,0.1400
390,1,6.6206,-0.0126,0.6052,1.0000,-0.0024,0.0000,0.0024,1.0000,0.0000,0.0000,0.0000,1.0000,0.1100,0.2168,0.3052
390,2,6.6964,-0.0731,0.5173,1.0000,-0.0024,0.0000,0.0024,1.0000,0.0000,0.0000,0.0000,1.0000,0.1101,0.3070,0.2173
390,3,6.7184,-0.2498,0.5889,1.0000,-0.0024,0.0000,0.0024,1.0000,0.0000,0.0000,0.0000,1.0000,0.2836,0.2073,0.2889
390,4,6.8363,-0.2966,0.5062,1.0000,-0.0024,0.0000,0.0024,1.0000,0.0000,0.0000,0.0000,1.0000,0.2820,0.2947,0.2062
390,5,7.0043,-0.1602,0.6614,1.0000,-0.0024,0.0000,0.0024,1.0000,0.0000,0.0000,0.0000,1.0000,0.1112,0.2100,0.3614
390,6,7.0973,-0.1409,0.4265,1.0000,-0.0024,0.0000,0.0024,1.0000,0.0000,0.0000,0.0000,1.0000,0.1972,0.1336,0.1265
390,7,7.2062,-0.1328,0.4491,1.0000,-0.0024,0.0000,0.0024,1.0000,0.0000,0.0000,0.0000,1.0000,0.1624,0.1625,0.0548
390,8,7.2337,-0.0897,0.4472,1.0000,-0.0024,0.0000,0.0024,1.0000,0.0000,0.0000,0.0000,1.0000,0.0831,0.2046,0.1050
390,9,7.2642,-0.0234,0.4544,1.0000,-0.0024,0.0000,0.0024,1.0000,0.0000,0.0000,0.0000,1.0000,0.0210,0.0279,0.0569
390,10,7.3080,-0.0834,0.4546,1.0000,-0.0024,0.0000,0.0024,1.0000,0.0000,0.0000,0.0000,1.0000,0.0210,0.0279,0.0569
391,0,7.6295,-0.0180,0.4400,1.0000,-0.0025,0.0000,0.0025,1.0000,0.0000,0.0000,0.0000,1.0000,0.2577,0.2263,0.1400
391,1,7.6376,-0.0151,0.6052,1.0000,-0.0025,0.0000,0.0025,1.0000,0.0000,0.0000,0.0000,1.0000,0.1100,0.2168,0.3052
391,2,7.7134,-0.0756,0.5173,1.0000,-0.0025,0.0000,0.0025,1.0000,0.0000,0.0000,0.0000,1.0000,0.1101,0.3070,0.2173
391,3,7.7353,-0.2523,0.5889,1.0000,-0.0025,0.0000,0.0025,1.0000,0.0000,0.0000,0.0000,1.0000,0.2836,0.2073,0.2889
391,4,7.8533,-0.2991,0.5062,1.0000,-0.0025,0.0000,0.0025,1.0000,0.0000,0.0000,0.0000,1.0000,0.2820,0.2947,0.2062
391,5,8.0213,-0.1628,0.6614,1.0000,-0.0025,0.0000,0.0025,1.0000,0.0000,0.0000,0.0000,1.0000,0.1112,0.2100,0.3614
391,6,8.1143,-0.1435,0.4265,1.0000,-0.0025,0.0000,0.0025,1.0000,0.0000,0.0000,0.0000,1.0000,0.1972,0.1336,0.1265
391,7,8.2232,-0.1354,0.4491,1.0000,-0.0025,0.0000,0.0025,1.0000,0.0000,0.0000,0.0000,1.0000,0.1624,0.1625,0.0548
391,8,8.2507,-0.0922,0.4472,1.0000,-0.0025,0.0000,0.0025,1.0000,0.0000,0.0000,0.0000,1.0000,0.0831,0.2046,0.1050
391,9,8.2812,-0.0260,0.4544,1.0000,-0.0025,0.0000,0.0025,1.0000,0.0000,0.0000,0.0000,1.0000,0.0210,0.0279,0.0569
391,10,8.3249,-0.0860,0.4546,1.0000,-0.0025,0.0000,0.0025,1.0000,0.0000,0.0000,0.0000,1.0000,0.0210,0.0279,0.0569
392,0,8.6656,-0.0207,0.4400,1.0000,-0.0027,0.0000,0.0027,1.0000,0.0000,0.0000,0.0000,1.0000,0.2577,0.2263,0.1400
392,1,8.6737,-0.0178,0.6052,1.0000,-0.0027,0.0000,0.0027,1.0000,0.0000,0.0000,0.0000,1.0000,0.1100,0.2168,0.3052
392,2,8.7494,-0.0783,0.5173,1.0000,-0.0027,0.0000,0.0027,1.0000,0.0000,0.0000,0.0000,1.0000,0.1101,0.3070,0.2173
392,3,8.7713,-0.2551,0.5889,1.0000,-0.0027,0.0000,0.0027,1.0000,0.0000,0.0000,0.0000,1.0000,0.2836,0.2073,0.2889
392,4,8.8893,-0.3019,0.5062,1.0000,-0.0027,0.0000,0.0027,1.0000,0.0000,0.0000,0.0000,1.0000,0.2820,0.2947,0.2062
392,5,9.0573,-0.1656,0.6614,1.0000,-0.0027,0.0000,0.0027,1.0000,0.0000,0.0000,0.0000,1.0000,0.1112,0.2100,0.3614
392,6,9.1503,-0.1463,0.4265,1.0000,-0.0027,0.0000,0.0027,1.0000,0.0000,0.0000,0.0000,1.0000,0.1972,0.1336,0.1265
392,7,9.2593,-0.1382,0.4491,1.0000,-0.0027,0.0000,0.0027,1.0000,0.0000,0.0000,0.0000,1.0000,0.1624,0.1625,0.0548
392,8,9.2868,-0.0951,0.4472,1.0000,-0.0027,0.0000,0.0027,1.0000,0.0000,0.0000,0.0000,1.0000,0.0831,0.2046,0.1050
392,9,9.3173,-0.0289,0.4544,1.0000,-0.0027,0.0000,0.0027,1.0000,0.0000,0.0000,0.0000,1.0000,0.0210,0.0279,0.0569
392,10,9.3610,-0.0889,0.4546,1.0000,-0.0027,0.0000,0.0027,1.0000,0.0000,0.0000,0.0000,1.0000,0.0210,0.0279,0.0569
393,0,9.7213,-0.0237,0.4400,1.0000,-0.0030,0.0000,0.0030,1.0000,0.0000,0.0000,0.0000,1.0000,0.2577,0.2263,0.1400
393,1,9.7294,-0.0208,0.6052,1.0000,-0.0030,0.0000,0.0030,1.0000,0.0000,0.0000,0.0000,1.0000,0.1100,0.2168,0.3052
393,2,9.8051,-0.0813,0.5173,1.0000,-0.0030,0.0000,0.0030,1.0000,0.0000,0.0000,0.0000,1.0000,0.1101,0.3070,0.2173
393,3,9.8270,-0.2581,0.5889,1.0000,-0.0030,0.0000,0.0030,1.0000,0.0000,0.0000,0.0000,1.0000,0.2836,0.2073,0.2889
393,4,9.9450,-0.3049,0.5062,1.0000,-0.0030,0.0000,0.0030,1.0000,0.0000,0.0000,0.0000,1.0000,0.2820,0.2947,0.2062
393,5,10.1130,-0.1686,0.6614,1.0000,-0.0030,0.0000,0.0030,1.0000,0.0000,0.0000,0.0000,1.0000,0.1112,0.2100,0.3614
393,6,10.2060,-0.1494,0.4265,1.0000,-0.0030,0.0000,0.0030,1.0000,0.0000,0.0000,0.0000,1.0000,0.1972,0.1336,0.1265
393,7,10.3150,-0.1413,0.4491,1.0000,-0.0030,0.0000,0.0030,1.0000,0.0000,0.0000,0.0000,1.0000,0.1624,0.1625,0.0548
393,8,10.3425,-0.0982,0.4472,1.0000,-0.0030,0.0000,0.0030,1.0000,0.0000,0.0000,0.0000,1.0000,0.0831,0.2046,0.1050
393,9,10.3730,-0.0320,0.4544,1.0000,-0.0030,0.0000,0.0030,1.0000,0.0000,0.0000,0.0000,1.0000,0.0210,0.0279,0.0569
393,10,10.4167,-0.0920,0.4546,1.0000,-0.0030,0.0000,0.0030,1.0000,0.0000,0.0000,0.0000,1.0000,0.0210,0.0279,0.0569
394,0,10.7970,-0.0270,0.4400,1.0000,-0.0032,0.0000,0.0032,1.0000,0.0000,0.0000,0.0000,1.0000,0.2577,0.2263,0.1400
394,1,10.8051,-0.0241,0.6052,1.0000,-0.0032,0.0000,0.0032,1.0000,0.0000,0.0000,0.0000,1.0000,0.1100,0.2168,0.3052
394,2,10.8808,-0.0846,0.5173,1.0000,-0.0032,0.0000,0.0032,1.0000,0.0000,0.0000,0.0000,1.0000,0.1101,0.3070,0.2173
394,3,10.9027,-0.2614,0.5889,1.0000,-0.0032,0.0000,0.0032,1.0000,0.0000,0.0000,0.0000,1.0000,0.2836,0.2073,0.2889
394,4,11.0206,-0.3083,0.5062,1.0000,-0.0032,0.0000,0.0032,1.0000,0.0000,0.0000,0.0000,1.0000,0.2820,0.2947,0.2062
394,5,11.1886,-0.1720,0.6614,1.0000,-0.0032,0.0000,0.0032,1.0000,0.0000,0.0000,0.0000,1.0000,0.1112,0.2100,0.3614
394,6,11.2817,-0.1528,0.4265,1.0000,-0.0032,0.0000,0.0032,1.0000,0.0000,0.0000,0.0000,1.0000,0.1972,0.1336,0.1265
394,7,11.3906,-0.1447,0.4491,1.0000,-0.0032,0.0000,0.0032,1.0000,0.0000,0.0000,0.0000,1.0000,0.1624,0.1625,0.0548
394,8,11.4182,-0.1016,0.4472,1.0000,-0.0032,0.0000,0.0032,1.0000,0.0000,0.0000,0.0000,1.0000,0.0831,0.2046,0.1050
394,9,11.4487,-0.0354,0.4544,1.0000,-0.0032,0.0000,0.0032,1.0000,0.0000,0.0000,0.0000,1.0000,0.0210,0.0279,0.0569
394,10,11.4924,-0.0955,0.4546,1.0000,-0.0032,0.0000,0.0032,1.0000,0.0000,0.0000,0.0000,1.0000,0.0210,0.0279,0.0569
395,0,11.8923,-0.0305,0.4400,1.0000,-0.0034,0.0000,0.0034,1.0000,0.0000,0.0000,0.0000,1.0000,0.2577,0.2263,0.1400
395,1,11.9004,-0.0277,0.6052,1.0000,-0.0034,0.0000,0.0034,1.0000,0.0000,0.0000,0.0000,1.0000,0.1100,0.2168,0.3052
395,2,11.9761,-0.0882,0.5173,1.0000,-0.0034,0.0000,0.0034,1.0000,0.0000,0.0000,0.0000,1.0000,0.1101,0.3070,0.2173
395,3,11.9979,-0.2650,0.5889,1.0000,-0.0034,0.0000,0.0034,1.0000,0.0000,0.0000,0.0000,1.0000,0.2836,0.2073,0.2889
395,4,12.1159,-0.3119,0.5062,1.0000,-0.0034,0.0000,0.0034,1.0000,0.0000,0.0000,0.0000,1.0000,0.2820,0.2947,0.2062
395,5,12.2839,-0.1757,0.6614,1.0000,-0.0034,0.0000,0.0034,1.0000,0.0000,0.0000,0.0000,1.0000,0.1112,0.2100,0.3614
395,6,12.3770,-0.1565,0.4265,1.0000,-0.0034,0.0000,0.0034,1.0000,0.0000,0.0000,0.0000,1.0000,0.1972,0.1336,0.1265
395,7,12.4859,-0.1485,0.4491,1.0000,-0.0034,0.0000,0.0034,1.0000,0.0000,0.0000,0.0000,1.0000,0.1624,0.1625,0.0548
395,8,12.5135,-0.1053,0.4472,1.0000,-0.0034,0.0000,0.0034,1.0000,0.0000,0.0000,0.0000,1.0000,0.0831,0.2046,0.1050
395,9,12.5440,-0.0392,0.4544,1.0000,-0.0034,0.0000,0.0034,1.0000,0.0000,0.0000,0.0000,1.0000,0.0210,0.0279,0.0569
395,10,12.5877,-0.0992,0.4546,1.0000,-0.0034,0.0000,0.0034,1.0000,0.0000,0.0000,0.0000,1.0000,0.0210,0.0279,0.0569
396,0,13.0063,-0.0344,0.4400,1.0000,-0.0035,0.0000,0.0035,1.0000,0.0000,0.0000,0.0000,1.0000,0.2577,0.2263,0.1400
396,1,13.0144,-0.0315,0.6052,1.0000,-0.0035,0.0000,0.0035,1.0000,0.0000,0.0000,0.0000,1.0000,0.1100,0.2168,0.3052
396,2,13.0901,-0.0921,0.5173,1.0000,-0.0035,0.0000,0.0035,1.0000,0.0000,0.0000,0.0000,1.0000,0.1101,0.3070,0.2173
396,3,13.1119,-0.2689,0.5889,1.0000,-0.0035,0.0000,0.0035,1.0000,0.0000,0.0000,0.0000,1.0000,0.2836,0.2073,0.2889
396,4,13.2298,-0.3158,0.5062,1.0000,-0.0035,0.0000,0.0035,1.0000,0.0000,0.0000,0.0000,1.0000,0.2820,0.2947,0.2062
396,5,13.3979,-0.1796,0.6614,1.0000,-0.0035,0.0000,0.0035,1.0000,0.0000,0.0000,0.0000,1.0000,0.1112,0.2100,0.3614
396,6,13.4910,-0.1604,0.4265,1.0000,-0.0035,0.0000,0.0035,1.0000,0.0000,0.0000,0.0000,1.0000,0.1972,0.1336,0.1265
396,7,13.5999,-0.1524,0.4491,1.0000,-0.0035,0.0000,0.0035,1.0000,0.0000,0.0000,0.0000,1.0000,0.1624,0.1625,0.0548
396,8,13.6275,-0.1093,0.4472,1.0000,-0.0035,0.0000,0.0035,1.0000,0.0000,0.0000,0.0000,1.0000,0.0831,0.2046,0.1050
396,9,13.6580,-0.0431,0.4544,1.0000,-0.0035,0.0000,0.0035,1.0000,0.0000,0.0000,0.0000,1.0000,0.0210,0.0279,0.0569
396,10,13.7017,-0.1032,0.4546,1.0000,-0.0035,0.0000,0.0035,1.0000,0.0000,0.0000,0.0000,1.0000,0.0210,0.0279,0.0569
397,0,14.1380,-0.0385,0.4400,1.0000,-0.0037,0.0000,0.0037,1.0000,0.0000,0.0000,0.0000,1.0000,0.2577,0.2263,0.1400
397,1,14.1461,-0.0356,0.6052,1.0000,-0.0037,0.0000,0.0037,1.0000,0.0000,0.0000,0.0000,1.0000,0.1100,0.2168,0.3052
397,2,14.2217,-0.0962,0.5173,1.0000,-0.0037,0.0000,0.0037,1.0000,0.0000,0.0000,0.0000,1.0000,0.1101,0.3070,0.2173
397,3,14.2435,-0.2730,0.5889,1.0000,-0.0037,0.0000,0.0037,1.0000,0.0000,0.0000,0.0000,1.0000,0.2836,0.2073,0.2889
397,4,14.3614,-0.3199,0.5062,1.0000,-0.0037,0.0000,0.0037,1.0000,0.0000,0.0000,0.0000,1.0000,0.2820,0.2947,0.2062
397,5,14.5295,-0.1837,0.6614,1.0000,-0.0037,0.0000,0.0037,1.0000,0.0000,0.0000,0.0000,1.0000,0.1112,0.2100,0.3614
397,6,14.6226,-0.1646,0.4265,1.0000,-0.0037,0.0000,0.0037,1.0000,0.0000,0.0000,0.0000,1.0000,0.1972,0.1336,0.1265
397,7,14.7315,-0.1566,0.4491,1.0000,-0.0037,0.0000,0.0037,1.0000,0.0000,0.0000,0.0000,1.0000,0.1624,0.1625,0.0548
397,8,14.7591,-0.1135,0.4472,1.0000,-0.0037,0.0000,0.0037,1.0000,0.0000,0.0000,0.0000,1.0000,0.0831,0.2046,0.1050
397,9,14.7896,-0.0473,0.4544,1.0000,-0.0037,0.0000,0.0037,1.0000,0.0000,0.0000,0.0000,1.0000,0.0210,0.0279,0.0569
397,10,14.8333,-0.1074,0.4546,1.0000,-0.0037,0.0000,0.0037,1.0000,0.0000,0.0000,0.0000,1.0000,0.0210,0.0279,0.0569
398,0,15.2861,-0.0428,0.4400,1.0000,-0.0038,0.0000,0.0038,1.0000,0.0000,0.0000,0.0000,1.0000,0.2577,0.2263,0.1400
398,1,15.2942,-0.0399,0.6052,1.0000,-0.0038,0.0000,0.0038,1.0000,0.0000,0.0000,0.0000,1.0000,0.1100,0.2168,0.3052
398,2,15.3699,-0.1005,0.5173,1.0000,-0.0038,0.0000,0.0038,1.0000,0.0000,0.0000,0.0000,1.0000,0.1101,0.3070,0.2173
398,3,15.3916,-0.2773,0.5889,1.0000,-0.0038,0.0000,0.0038,1.0000,0.0000,0.0000,0.0000,1.0000,0.2836,0.2073,0.2889
398,4,15.5095,-0.3242,0.5062,1.0000,-0.0038,0.0000,0.0038,1.0000,0.0000,0.0000,0.0000,1.0000,0.2820,0.2947,0.2062
398,5,15.6776,-0.1880,0.6614,1.0000,-0.0038,0.0000,0.0038,1.0000,0.0000,0.0000,0.0000,1.0000,0.1112,0.2100,0.3614
398,6,15.7707,-0.1689,0.4265,1.0000,-0.0038,0.0000,0.0038,1.0000,0.0000,0.0000,0.0000,1.0000,0.1972,0.1336,0.1265
398,7,15.8796,-0.1609,0.4491,1.0000,-0.0038,0.0000,0.0038,1.0000,0.0000,0.0000,0.0000,1.0000,0.1624,0.1625,0.0548
398,8,15.9072,-0.1178,0.4472,1.0000,-0.0038,0.0000,0.0038,1.0000,0.0000,0.0000,0.0000,1.0000,0.0831,0.2046,0.1050
398,9,15.9378,-0.0516,0.4544,1.0000,-0.0038,0.0000,0.0038,1.0000,0.0000,0.0000,0.0000,1.0000,0.0210,0.0279,0.0569
398,10,15.9814,-0.1117,0.4546,1.0000,-0.0038,0.0000,0.0038,1.0000,0.0000,0.0000,0.0000,1.0000,0.0210,0.0279,0.0569
399,0,16.4497,-0.0473,0.4400,1.0000,-0.0040,0.0000,0.0040,1.0000,0.0000,0.0000,0.0000,1.0000,0.2577,0.2263,0.1400
399,1,16.4578,-0.0444,0.6052,1.0000,-0.0040,0.0000,0.0040,1.0000,0.0000,0.0000,0.0000,1.0000,0.1100,0.2168,0.3052
399,2,16.5335,-0.1050,0.5173,1.0000,-0.0040,0.0000,0.0040,1.0000,0.0000,0.0000,0.0000,1.0000,0.1101,0.3070,0.2173
399,3,16.5552,-0.2818,0.5889,1.0000,-0.0040,0.0000,0.0040,1.0000,0.0000,0.0000,0.0000,1.0000,0.2836,0.2073,0.2889
399,4,16.6731,-0.3288,0.5062,1.0000,-0.0040,0.0000,0.0040,1.0000,0.0000,0.0000,0.0000,1.0000,0.2820,0.2947,0.2062
399,5,16.8413,-0.1926,0.6614,1.0000,-0.0040,0.0000,0.0040,1.0000,0.0000,0.0000,0.0000,1.0000,0.1112,0.2100,0.3614
399,6,16.9343,-0.1735,0.4265,1.0000,-0.0040,0.0000,0.0040,1.0000,0.0000,0.0000,0.0000,1.0000,0.1972,0.1336,0.1265
399,7,17.0433,-0.1655,0.4491,1.0000,-0.0040,0.0000,0.0040,1.0000,0.0000,0.0000,0.0000,1.0000,0.1624,0.1625,0.0548
399,8,17.0708,-0.1224,0.4472,1.0000,-0.0040,0.0000,0.0040,1.0000,0.0000,0.0000,0.0000,1.0000,0.0831,0.2046,0.1050
399,9,17.1014,-0.0563,0.4544,1.0000,-0.0040,0.0000,0.0040,1.0000,0.0000,0.0000,0.0000,1.0000,0.0210,0.0279,0.0569
399,10,17.1451,-0.1163,0.4546,1.0000,-0.0040,0.0000,0.0040,1.0000,0.0000,0.0000,0.0000,1.0000,0.0210,0.0279,0.0569
400,0,17.6283,-0.0521,0.4400,1.0000,-0.0043,0.0000,0.0043,1.0000,0.0000,0.0000,0.0000,1.0000,0.2577,0.2263,0.1400
400,1,17.6364,-0.0493,0.6052,1.0000,-0.0043,0.0000,0.0043,1.0000,0.0000,0.0000,0.0000,1.0000,0.1100,0.2168,0.3052
400,2,17.7121,-0.1099,0.5173,1.0000,-0.0043,0.0000,0.0043,1.0000,0.0000,0.0000,0.0000,1.0000,0.1101,0.3070,0.2173
400,3,17.7337,-0.2867,0.5889,1.0000,-0.0043,0.0000,0.0043,1.0000,0.0000,0.0000,0.0000,1.0000,0.2836,0.2073,0.2889
400,4,17.8516,-0.3337,0.5062,1.0000,-0.0043,0.0000,0.0043,1.0000,0.0000,0.0000,0.0000,1.0000,0.2820,0.2947,0.2062
400,5,18.0198,-0.1976,0.6614,1.0000,-0.0043,0.0000,0.0043,1.0000,0.0000,0.0000,0.0000,1.0000,0.1112,0.2100,0.3614
400,6,18.1129,-0.1785,0.4265,1.0000,-0.0043,0.0000,0.0043,1.0000,0.0000,0.0000,0.0000,1.0000,0.1972,0.1336,0.1265
400,7,18.2218,-0.1706,0.4491,1.0000,-0.0043,0.0000,0.0043,1.0000,0.0000,0.0000,0.0000,1.0000,0.1624,0.1625,0.0548
400,8,18.2494,-0.1275,0.4472,1.0000,-0.0043,0.0000,0.0043,1.0000,0.0000,0.0000,0.0000,1.0000,0.0831,0.2046,0.1050
400,9,18.2800,-0.0613,0.4544,1.0000,-0.0043,0.0000,0.0043,1.0000,0.0000,0.0000,0.0000,1.0000,0.0210,0.0279,0.0569
400,10,18.3236,-0.1214,0.4546,1.0000,-0.0043,0.0000,0.0043,1.0000,0.0000,0.0000,0.0000,1.0000,0.0210,0.0279,0.0569
401,0,18.8215,-0.0573,0.4400,1.0000,-0.0045,0.0000,0.0045,1.0000,0.0000,0.0000,0.0000,1.0000,0.2577,0.2263,0.1400
401,1,18.8296,-0.0545,0.6052,1.0000,-0.0045,0.0000,0.0045,1.0000,0.0000,0.0000,0.0000,1.0000,0.1100,0.2168,0.3052
401,2,18.9053,-0.1151,0.5173,1.0000,-0.0045,0.0000,0.0045,1.0000,0.0000,0.0000,0.0000,1.0000,0.1101,0.3070,0.2173
401,3,18.9269,-0.2919,0.5889,1.0000,-0.0045,0.0000,0.0045,1.0000,0.0000,0.0000,0.0000,1.0000,0.2836,0.2073,0.2889
401,4,19.0448,-0.3389,0.5062,1.0000,-0.0045,0.0000,0.0045,1.0000,0.0000,0.0000,0.0000,1.0000,0.2820,0.2947,0.2062
401,5,19.2130,-0.2029,0.6614,1.0000,-0.0045,0.0000,0.0045,1.0000,0.0000,0.0000,0.0000,1.0000,0.1112,0.2100,0.3614
401,6,19.3061,-0.1838,0.4265,1.0000,-0.0045,0.0000,0.0045,1.0000,0.0000,0.0000,0.0000,1.0000,0.1972,0.1336,0.1265
401,7,19.4150,-0.1759,0.4491,1.0000,-0.0045,0.0000,0.0045,1.0000,0.0000,0.0000,0.0000,1.0000,0.1624,0.1625,0.0548
401,8,19.4426,-0.1328,0.4472,1.0000,-0.0045,0.0000,0.0045,1.0000,0.0000,0.0000,0.0000,1.0000,0.0831,0.2046,0.1050
401,9,19.4732,-0.0667,0.4544,1.0000,-0.0045,0.0000,0.0045,1.0000,0.0000,0.0000,0.0000,1.0000,0.0210,0.0279,0.0569
401,10,19.5168,-0.1268,0.4546,1.0000,-0.0045,0.0000,0.0045,1.0000,0.0000,0.0000,0.0000,1.0000,0.0210,0.0279,0.0569
402,0,20.0289,-0.0628,0.4400,1.0000,-0.0046,0.0000,0.0046,1.0000,0.0000,0.0000,0.0000,1.0000,0.2577,0.2263,0.1400
402,1,20.0370,-0.0600,0.6052,1.0000,-0.0046,0.0000,0.0046,1.0000,0.0000,0.0000,0.0000,1.0000,0.1100,0.2168,0.3052
402,2,20.1126,-0.1206,0.5173,1.0000,-0.0046,0.0000,0.0046,1.0000,0.0000,0.0000,0.0000,1.0000,0.1101,0.3070,0.2173
402,3,20.1342,-0.2974,0.5889,1.0000,-0.0046,0.0000,0.0046,1.0000,0.0000,0.0000,0.0000,1.0000,0.2836,0.2073,0.2889
402,4,20.2521,-0.3445,0.5062,1.0000,-0.0046,0.0000,0.0046,1.0000,0.0000,0.0000,0.0000,1.0000,0.2820,0.2947,0.2062
402,5,20.4203,-0.2085,0.6614,1.0000,-0.0046,0.0000,0.0046,1.0000,0.0000,0.0000,0.0000,1.0000,0.1112,0.2100,0.3614
402,6,20.5134,-0.1894,0.4265,1.0000,-0.0046,0.0000,0.0046,1.0000,0.0000,0.0000,0.0000,1.0000,0.1972,0.1336,0.1265
402,7,20.6223,-0.1815,0.4491,1.0000,-0.0046,0.0000,0.0046,1.0000,0.0000,0.0000,0.0000,1.0000,0.1624,0.1625,0.0548
402,8,20.6499,-0.1384,0.4472,1.0000,-0.0046,0.0000,0.0046,1.0000,0.0000,0.0000,0.0000,1.0000,0.0831,0.2046,0.1050
402,9,20.6805,-0.0723,0.4544,1.0000,-0.0046,0.0000,0.0046,1.0000,0.0000,0.0000,0.0000,1.0000,0.0210,0.0279,0.0569
402,10,20.7241,-0.1324,0.4546,1.0000,-0.0046,0.0000,0.0046,1.0000,0.0000,0.0000,0.0000,1.0000,0.0210,0.0279,0.0569
403,0,21.2495,-0.0685,0.4400,1.0000,-0.0047,0.0000,0.0047,1.0000,0.0000,0.0000,0.0000,1.0000,0.2577,0.2263,0.1400
403,1,21.2576,-0.0657,0.6052,1.0000,-0.0047,0.0000,0.0047,1.0000,0.0000,0.0000,0.0000,1.0000,0.1100,0.2168,0.3052
403,2,21.3332,-0.1263,0.5173,1.0000,-0.0047,0.0000,0.0047,1.0000,0.0000,0.0000,0.0000,1.0000,0.1101,0.3070,0.2173
403,3,21.3548,-0.3031,0.5889,1.0000,-0.0047,0.0000,0.0047,1.0000,0.0000,0.0000,0.0000,1.0000,0.2836,0.2073,0.2889
403,4,21.4727,-0.3502,0.5062,1.0000,-0.0047,0.0000,0.0047,1.0000,0.0000,0.0000,0.0000,1.0000,0.2820,0.2947,0.2062
403,5,21.6409,-0.2141,0.6614,1.0000,-0.0047,0.0000,0.0047,1.0000,0.0000,0.0000,0.0000,1.0000,0.1112,0.2100,0.3614
403,6,21.7340,-0.1951,0.4265,1.0000,-0.0047,0.0000,0.0047,1.0000,0.0000,0.0000,0.0000,1.0000,0.1972,0.1336,0.1265
403,7,21.8430,-0.1872,0.4491,1.0000,-0.0047,0.0000,0.0047,1.0000,0.0000,0.0000,0.0000,1.0000,0.1624,0.1625,0.0548
403,8,21.8706,-0.1441,0.4472,1.0000,-0.0047,0.0000,0.0047,1.0000,0.0000,0.0000,0.0000,1.0000,0.0831,0.2046,0.1050
403,9,21.9012,-0.0780,0.4544,1.0000,-0.0047,0.0000,0.0047,1.0000,0.0000,0.0000,0.0000,1.0000,0.0210,0.0279,0.0569
403,10,21.9448,-0.1381,0.4546,1.0000,-0.0047,0.0000,0.0047,1.0000,0.0000,0.0000,0.0000,1.0000,0.0210,0.0279,0.0569
404,0,22.4824,-0.0743,0.4400,1.0000,-0.0047,0.0000,0.0047,1.0000,0.0000,0.0000,0.0000,1.0000,0.2577,0.2263,0.1400
404,1,22.4905,-0.0714,0.6052,1.0000,-0.0047,0.0000,0.0047,1.0000,0.0000,0.0000,0.0000,1.0000,0.1100,0.2168,0.3052
404,2,22.5661,-0.1321,0.5173,1.0000,-0.0047,0.0000,0.0047,1.0000,0.0000,0.0000,0.0000,1.0000,0.1101,0.3070,0.2173
404,3,22.5877,-0.3089,0.5889,1.0000,-0.0047,0.0000,0.0047,1.0000,0.0000,0.0000,0.0000,1.0000,0.2836,0.2073,0.2889
404,4,22.7056,-0.3559,0.5062,1.0000,-0.0047,0.0000,0.0047,1.0000,0.0000,0.0000,0.0000,1.0000,0.2820,0.2947,0.2062
404,5,22.8738,-0.2199,0.6614,1.0000,-0.0047,0.0000,0.0047,1.0000,0.0000,0.0000,0.0000,1.0000,0.1112,0.2100,0.3614
404,6,22.9669,-0.2008,0.4265,1.0000,-0.0047,0.0000,0.0047,1.0000,0.0000,0.0000,0.0000,1.0000,0.1972,0.1336,0.1265
404,7,23.0758,-0.1929,0.4491,1.0000,-0.0047,0.0000,0.0047,1.0000,0.0000,0.0000,0.0000,1.0000,0.1624,0.1625,0.0548
404,8,23.1034,-0.1499,0.4472,1.0000,-0.0047,0.0000,0.0047,1.0000,0.0000,0.0000,0.0000,1.0000,0.0831,0.2046,0.1050
404,9,23.1340,-0.0837,0.4544,1.0000,-0.0047,0.0000,0.0047,1.0000,0.0000,0.0000,0.0000,1.0000,0.0210,0.0279,0.0569
404,10,23.1777,-0.1438,0.4546,1.0000,-0.0047,0.0000,0.0047,1.0000,0.0000,0.0000,0.0000,1.0000,0.0210,0.0279,0.0569
405,0,23.7263,-0.0801,0.4400,1.0000,-0.0046,0.0000,0.0046,1.0000,0.0000,0.0000,0.0000,1.0000,0.2577,0.2263,0.1400
405,1,23.7345,-0.0772,0.6052,1.0000,-0.0046,0.0000,0.0046,1.0000,0.0000,0.0000,0.0000,1.0000,0.1100,0.2168,0.3052
405,2,23.8101,-0.1379,0.5173,1.0000,-0.0046,0.0000,0.0046,1.0000,0.0000,0.0000,0.0000,1.0000,0.1101,0.3070,0.2173
405,3,23.8317,-0.3147,0.5889,1.0000,-0.0046,0.0000,0.0046,1.0000,0.0000,0.0000,0.0000,1.0000,0.2836,0.2073,0.2889
405,4,23.9495,-0.3617,0.5062,1.0000,-0.0046,0.0000,0.0046,1.0000,0.0000,0.0000,0.0000,1.0000,0.2820,0.2947,0.2062
405,5,24.1178,-0.2257,0.6614,1.0000,-0.0046,0.0000,0.0046,1.0000,0.0000,0.0000,0.0000,1.0000,0.1112,0.2100,0.3614
405,6,24.2109,-0.2066,0.4265,1.0000,-0.0046,0.0000,0.0046,1.0000,0.0000,0.0000,0.0000,1.0000,0.1972,0.1336,0.1265
405,7,24.3198,-0.1987,0.4491,1.0000,-0.0046,0.0000,0.0046,1.0000,0.0000,0.0000,0.0000,1.0000,0.1624,0.1625,0.0548
405,8,24.3474,-0.1556,0.4472,1.0000,-0.0046,0.0000,0.0046,1.0000,0.0000,0.0000,0.0000,1.0000,0.0831,0.2046,0.1050
405,9,24.3780,-0.0895,0.4544,1.0000,-0.0046,0.0000,0.0046,1.0000,0.0000,0.0000,0.0000,1.0000,0.0210,0.0279,0.0569
405,10,24.4216,-0.1496,0.4546,1.0000,-0.0046,0.0000,0.0046,1.0000,0.0000,0.0000,0.0000,1.0000,0.0210,0.0279,0.0569
406,0,24.9807,-0.0859,0.4400,1.0000,-0.0046,0.0000,0.0046,1.0000,0.0000,0.0000,0.0000,1.0000,0.2577,0.2263,0.1400
406,1,24.9888,-0.0830,0.6052,1.0000,-0.0046,0.0000,0.0046,1.0000,0.0000,0.0000,0.0000,1.0000,0.1100,0.2168,0.3052
406,2,25.0644,-0.1437,0.5173,1.0000,-0.0046,0.0000,0.0046,1.0000,0.0000,0.0000,0.0000,1.0000,0.1101,0.3070,0.2173
406,3,25.0860,-0.3205,0.5889,1.0000,-0.0046,0.0000,0.0046,1.0000,0.0000,0.0000,0.0000,1.0000,0.2836,0.2073,0.2889
406,4,25.2039,-0.3675,0.5062,1.0000,-0.0046,0.0000,0.0046,1.0000,0.0000,0.0000,0.0000,1.0000,0.2820,0.2947,0.2062
406,5,25.3721,-0.2315,0.6614,1.0000,-0.0046,0.0000,0.0046,1.0000,0.0000,0.0000,0.0000,1.0000,0.1112,0.2100,0.3614
406,6,25.4652,-0.2124,0.4265,1.0000,-0.0046,0.0000,0.0046,1.0000,0.0000,0.0000,0.0000,1.0000,0.1972,0.1336,0.1265
406,7,25.5741,-0.2045,0.4491,1.0000,-0.0046,0.0000,0.0046,1.0000,0.0000,0.0000,0.0000,1.0000,0.1624,0.1625,0.0548
406,8,25.6017,-0.1615,0.4472,1.0000,-0.0046,0.0000,0.0046,1.0000,0.0000,0.0000,0.0000,1.0000,0.0831,0.2046,0.1050
406,9,25.6324,-0.0953,0.4544,1.0000,-0.0046,0.0000,0.0046,1.0000,0.0000,0.0000,0.0000,1.0000,0.0210,0.0279,0.0569
406,10,25.6760,-0.1554,0.4546,1.0000,-0.0046,0.0000,0.0046,1.0000,0.0000,0.0000,0.0000,1.0000,0.0210,0.0279,0.0569
407,0,26.2456,-0.0918,0.4400,1.0000,-0.0047,0.0000,0.0047,1.0000,0.0000,0.0000,0.0000,1.0000,0.2577,0.2263,0.1400
407,1,26.2537,-0.0889,0.6052,1.0000,-0.0047,0.0000,0.0047,1.0000,0.0000,0.0000,0.0000,1.0000,0.1100,0.2168,0.3052
407,2,26.3293,-0.1496,0.5173,1.0000,-0.0047,0.0000,0.0047,1.0000,0.0000,0.0000,0.0000,1.0000,0.1101,0.3070,0.2173
407,3,26.3509,-0.3264,0.5889,1.0000,-0.0047,0.0000,0.0047,1.0000,0.0000,0.0000,0.0000,1.0000,0.2836,0.2073,0.2889
407,4,26.4688,-0.3734,0.5062,1.0000,-0.0047,0.0000,0.0047,1.0000,0.0000,0.0000,0.0000,1.0000,0.2820,0.2947,0.2062
407,5,26.6370,-0.2374,0.6614,1.0000,-0.0047,0.0000,0.0047,1.0000,0.0000,0.0000,0.0000,1.0000,0.1112,0.2100,0.3614
407,6,26.7301,-0.2183,0.4265,1.0000,-0.0047,0.0000,0.0047,1.0000,0.0000,0.0000,0.0000,1.0000,0.1972,0.1336,0.1265
407,7,26.8390,-0.2105,0.4491,1.0000,-0.0047,0.0000,0.0047,1.0000,0.0000,0.0000,0.0000,1.0000,0.1624,0.1625,0.0548
407,8,26.8666,-0.1674,0.4472,1.0000,-0.0047,0.0000,0.0047,1.0000,0.0000,0.0000,0.0000,1.0000,0.0831,0.2046,0.1050
407,9,26.8972,-0.1012,0.4544,1.0000,-0.0047,0.0000,0.0047,1.0000,0.0000,0.0000,0.0000,1.0000,0.0210,0.0279,0.0569
407,10,26.9409,-0.1613,0.4546,1.0000,-0.0047,0.0000,0.0047,1.0000,0.0000,0.0000,0.0000,1.0000,0.0210,0.0279,0.0569
408,0,27.5218,-0.0977,0.4400,1.0000,-0.0045,0.0000,0.0045,1.0000,0.0000,0.0000,0.0000,1.0000,0.2577,0.2263,0.1400
408,1,27.5299,-0.0948,0.6052,1.0000,-0.0045,0.0000,0.0045,1.0000,0.0000,0.0000,0.0000,1.0000,0.1100,0.2168,0.3052
408,2,27.6055,-0.1554,0.5173,1.0000,-0.0045,0.0000,0.0045,1.0000,0.0000,0.0000,0.0000,1.0000,0.1101,0.3070,0.2173
408,3,27.6271,-0.3322,0.5889,1.0000,-0.0045,0.0000,0.0045,1.0000,0.0000,0.0000,0.0000,1.0000,0.2836,0.2073,0.2889
408,4,27.7450,-0.3793,0.5062,1.0000,-0.0045,0.0000,0.0045,1.0000,0.0000,0.0000,0.0000,1.0000,0.2820,0.2947,0.2062
408,5,27.9132,-0.2432,0.6614,1.0000,-0.0045,0.0000,0.0045,1.0000,0.0000,0.0000,0.0000,1.0000,0.1112,0.2100,0.3614
408,6,28.0063,-0.2241,0.4265,1.0000,-0.0045,0.0000,0.0045,1.0000,0.0000,0.0000,0.0000,1.0000,0.1972,0.1336,0.1265
408,7,28.1153,-0.2162,0.4491,1.0000,-0.0045,0.0000,0.0045,1.0000,0.0000,0.0000,0.0000,1.0000,0.1624,0.1625,0.0548
408,8,28.1429,-0.1732,0.4472,1.0000,-0.0045,0.0000,0.0045,1.0000,0.0000,0.0000,0.0000,1.0000,0.0831,0.2046,0.1050
408,9,28.1735,-0.1070,0.4544,1.0000,-0.0045,0.0000,0.0045,1.0000,0.0000,0.0000,0.0000,1.0000,0.0210,0.0279,0.0569
408,10,28.2171,-0.1671,0.4546,1.0000,-0.0045,0.0000,0.0045,1.0000,0.0000,0.0000,0.0000,1.0000,0.0210,0.0279,0.0569
409,0,28.8101,-0.1033,0.4400,1.0000,-0.0043,0.0000,0.0043,1.0000,0.0000,0.0000,0.0000,1.0000,0.2577,0.2263,0.1400
409,1,28.8182,-0.1005,0.6052,1.0000,-0.0043,0.0000,0.0043,1.0000,0.0000,0.0000,0.0000,1.0000,0.1100,0.2168,0.3052
409,2,28.8938,-0.1611,0.5173,1.0000,-0.0043,0.0000,0.0043,1.0000,0.0000,0.0000,0.0000,1.0000,0.1101,0.3070,0.2173
409,3,28.9155,-0.3379,0.5889,1.0000,-0.0043,0.0000,0.0043,1.0000,0.0000,0.0000,0.0000,1.0000,0.2836,0.2073,0.2889
409,4,29.0334,-0.3849,0.5062,1.0000,-0.0043,0.0000,0.0043,1.0000,0.0000,0.0000,0.0000,1.0000,0.2820,0.2947,0.2062
409,5,29.2015,-0.2488,0.6614,1.0000,-0.0043,0.0000,0.0043,1.0000,0.0000,0.0000,0.0000,1.0000,0.1112,0.2100,0.3614
409,6,29.2946,-0.2297,0.4265,1.0000,-0.0043,0.0000,0.0043,1.0000,0.0000,0.0000,0.0000,1.0000,0.1972,0.1336,0.1265
409,7,29.4036,-0.2218,0.4491,1.0000,-0.0043,0.0000,0.0043,1.0000,0.0000,0.0000,0.0000,1.0000,0.1624,0.1625,0.0548
409,8,29.4312,-0.1787,0.4472,1.0000,-0.0043,0.0000,0.0043,1.0000,0.0000,0.0000,0.0000,1.0000,0.0831,0.2046,0.1050
409,9,29.4617,-0.1125,0.4544,1.0000,-0.0043,0.0000,0.0043,1.0000,0.0000,0.0000,0.0000,1.0000,0.0210,0.0279,0.0569
409,10,29.5054,-0.1726,0.4546,1.0000,-0.0043,0.0000,0.0043,1.0000,0.0000,0.0000,0.0000,1.0000,0.0210,0.0279,0.0569
410,0,30.1107,-0.1087,0.4400,1.0000,-0.0040,0.0000,0.0040,1.0000,0.0000,0.0000,0.0000,1.0000,0.2577,0.2263,0.1400
410,1,30.1189,-0.1059,0.6052,1.0000,-0.0040,0.0000,0.0040,1.0000,0.0000,0.0000,0.0000,1.0000,0.1100,0.2168,0.3052
410,2,30.1945,-0.1665,0.5173,1.0000,-0.0040,0.0000,0.0040,1.0000,0.0000,0.0000,0.0000,1.0000,0.1101,0.3070,0.2173
410,3,30.2162,-0.3433,0.5889,1.0000,-0.0040,0.0000,0.0040,1.0000,0.0000,0.0000,0.0000,1.0000,0.2836,0.2073,0.2889
410,4,30.3341,-0.3902,0.5062,1.0000,-0.0040,0.0000,0.0040,1.0000,0.0000,0.0000,0.0000,1.0000,0.2820,0.2947,0.2062
410,5,30.5023,-0.2541,0.6614,1.0000,-0.0040,0.0000,0.0040,1.0000,0.0000,0.0000,0.0000,1.0000,0.1112,0.2100,0.3614
410,6,30.5953,-0.2350,0.4265,1.0000,-0.0040,0.0000,0.0040,1.0000,0.0000,0.0000,0.0000,1.0000,0.1972,0.1336,0.1265
410,7,30.7043,-0.2270,0.4491,1.0000,-0.0040,0.0000,0.0040,1.0000,0.0000,0.0000,0.0000,1.0000,0.1624,0.1625,0.0548
410,8,30.7318,-0.1840,0.4472,1.0000,-0.0040,0.0000,0.0040,1.0000,0.0000,0.0000,0.0000,1.0000,0.0831,0.2046,0.1050
410,9,30.7624,-0.1178,0.4544,1.0000,-0.0040,0.0000,0.0040,1.0000,0.0000,0.0000,0.0000,1.0000,0.0210,0.0279,0.0569
410,10,30.8061,-0.1779,0.4546,1.0000,-0.0040,0.0000,0.0040,1.0000,0.0000,0.0000,0.0000,1.0000,0.0210,0.0279,0.0569
411,0,31.4236,-0.1139,0.4400,1.0000,-0.0037,0.0000,0.0037,1.0000,0.0000,0.0000,0.0000,1.0000,0.2577,0.2263,0.1400
411,1,31.4317,-0.1110,0.6052,1.0000,-0.0037,0.0000,0.0037,1.0000,0.0000,0.0000,0.0000,1.0000,0.1100,0.2168,0.3052
411,2,31.5074,-0.1716,0.5173,1.0000,-0.0037,0.0000,0.0037,1.0000,0.0000,0.0000,0.0000,1.0000,0.1101,0.3070,0.2173
411,3,31.5291,-0.3484,0.5889,1.0000,-0.0037,0.0000,0.0037,1.0000,0.0000,0.0000,0.0000,1.0000,0.2836,0.2073,0.2889
411,4,31.6470,-0.3953,0.5062,1.0000,-0.0037,0.0000,0.0037,1.0000,0.0000,0.0000,0.0000,1.0000,0.2820,0.2947,0.2062
411,5,31.8151,-0.2591,0.6614,1.0000,-0.0037,0.0000,0.0037,1.0000,0.0000,0.0000,0.0000,1.0000,0.1112,0.2100,0.3614
411,6,31.9082,-0.2400,0.4265,1.0000,-0.0037,0.0000,0.0037,1.0000,0.0000,0.0000,0.0000,1.0000,0.1972,0.1336,0.1265
411,7,32.0171,-0.2320,0.4491,1.0000,-0.0037,0.0000,0.0037,1.0000,0.0000,0.0000,0.0000,1.0000,0.1624,0.1625,0.0548
411,8,32.0447,-0.1889,0.4472,1.0000,-0.0037,0.0000,0.0037,1.0000,0.0000,0.0000,0.0000,1.0000,0.0831,0.2046,0.1050
411,9,32.0752,-0.1227,0.4544,1.0000,-0.0037,0.0000,0.0037,1.0000,0.0000,0.0000,0.0000,1.0000,0.0210,0.0279,0.0569
411,10,32.1189,-0.1828,0.4546,1.0000,-0.0037,0.0000,0.0037,1.0000,0.0000,0.0000,0.0000,1.0000,0.0210,0.0279,0.0569
412,0,32.7483,-0.1186,0.4400,1.0000,-0.0034,0.0000,0.0034,1.0000,0.0000,0.0000,0.0000,1.0000,0.2577,0.2263,0.1400
412,1,32.7564,-0.1157,0.6052,1.0000,-0.0034,0.0000,0.0034,1.0000,0.0000,0.0000,0.0000,1.0000,0.1100,0.2168,0.3052
412,2,32.8321,-0.1763,0.5173,1.0000,-0.0034,0.0000,0.0034,1.0000,0.0000,0.0000,0.0000,1.0000,0.1101,0.3070,0.2173
412,3,32.8539,-0.3530,0.5889,1.0000,-0.0034,0.0000,0.0034,1.0000,0.0000,0.0000,0.0000,1.0000,0.2836,0.2073,0.2889
412,4,32.9719,-0.3999,0.5062,1.0000,-0.0034,0.0000,0.0034,1.0000,0.0000,0.0000,0.0000,1.0000,0.2820,0.2947,0.2062
412,5,33.1399,-0.2637,0.6614,1.0000,-0.0034,0.0000,0.0034,1.0000,0.0000,0.0000,0.0000,1.0000,0.1112,0.2100,0.3614
412,6,33.2330,-0.2445,0.4265,1.0000,-0.0034,0.0000,0.0034,1.0000,0.0000,0.0000,0.0000,1.0000,0.1972,0.1336,0.1265
412,7,33.3419,-0.2365,0.4491,1.0000,-0.0034,0.0000,0.0034,1.0000,0.0000,0.0000,0.0000,1.0000,0.1624,0.1625,0.0548
412,8,33.3695,-0.1934,0.4472,1.0000,-0.0034,0.0000,0.0034,1.0000,0.0000,0.0000,0.0000,1.0000,0.0831,0.2046,0.1050
412,9,33.4000,-0.1272,0.4544,1.0000,-0.0034,0.0000,0.0034,1.0000,0.0000,0.0000,0.0000,1.0000,0.0210,0.0279,0.0569
412,10,33.4437,-0.1872,0.4546,1.0000,-0.0034,0.0000,0.0034,1.0000,0.0000,0.0000,0.0000,1.0000,0.0210,0.0279,0.0569
413,0,34.0850,-0.1229,0.4400,1.0000,-0.0031,0.0000,0.0031,1.0000,0.0000,0.0000,0.0000,1.0000,0.2577,0.2263,0.1400
413,1,34.0931,-0.1201,0.6052,1.0000,-0.0031,0.0000,0.0031,1.0000,0.0000,0.0000,0.0000,1.0000,0.1100,0.2168,0.3052
413,2,34.1688,-0.1806,0.5173,1.0000,-0.0031,0.0000,0.0031,1.0000,0.0000,0.0000,0.0000,1.0000,0.1101,0.3070,0.2173
413,3,34.1906,-0.3574,0.5889,1.0000,-0.0031,0.0000,0.0031,1.0000,0.0000,0.0000,0.0000,1.0000,0.2836,0.2073,0.2889
413,4,34.3086,-0.4042,0.5062,1.0000,-0.0031,0.0000,0.0031,1.0000,0.0000,0.0000,0.0000,1.0000,0.2820,0.2947,0.2062
413,5,34.4766,-0.2680,0.6614,1.0000,-0.0031,0.0000,0.0031,1.0000,0.0000,0.0000,0.0000,1.0000,0.1112,0.2100,0.3614
413,6,34.5697,-0.2487,0.4265,1.0000,-0.0031,0.0000,0.0031,1.0000,0.0000,0.0000,0.0000,1.0000,0.1972,0.1336,0.1265
413,7,34.6786,-0.2407,0.4491,1.0000,-0.0031,0.0000,0.0031,1.0000,0.0000,0.0000,0.0000,1.0000,0.1624,0.1625,0.0548
413,8,34.7061,-0.1976,0.4472,1.0000,-0.0031,0.0000,0.0031,1.0000,0.0000,0.0000,0.0000,1.0000,0.0831,0.2046,0.1050
413,9,34.7366,-0.1314,0.4544,1.0000,-0.0031,0.0000,0.0031,1.0000,0.0000,0.0000,0.0000,1.0000,0.0210,0.0279,0.0569
413,10,34.7803,-0.1914,0.4546,1.0000,-0.0031,0.0000,0.0031,1.0000,0.0000,0.0000,0.0000,1.0000,0.0210,0.0279,0.0569
414,0,35.4336,-0.1266,0.4400,1.0000,-0.0023,0.0000,0.0023,1.0000,0.0000,0.0000,0.0000,1.0000,0.2577,0.2263,0.1400
414,1,35.4417,-0.1237,0.6052,1.0000,-0.0023,0.0000,0.0023,1.0000,0.0000,0.0000,0.0000,1.0000,0.1100,0.2168,0.3052
414,2,35.5175,-0.1842,0.5173,1.0000,-0.0023,0.0000,0.0023,1.0000,0.0000,0.0000,0.0000,1.0000,0.1101,0.3070,0.2173
414,3,35.5395,-0.3610,0.5889,1.0000,-0.0023,0.0000,0.0023,1.0000,0.0000,0.0000,0.0000,1.0000,0.2836,0.2073,0.2889
414,4,35.6575,-0.4077,0.5062,1.0000,-0.0023,0.0000,0.0023,1.0000,0.0000,0.0000,0.0000,1.0000,0.2820,0.2947,0.2062
414,5,35.8254,-0.2713,0.6614,1.0000,-0.0023,0.0000,0.0023,1.0000,0.0000,0.0000,0.0000,1.0000,0.1112,0.2100,0.3614
414,6,35.9184,-0.2520,0.4265,1.0000,-0.0023,0.0000,0.0023,1.0000,0.0000,0.0000,0.0000,1.0000,0.1972,0.1336,0.1265
414,7,36.0274,-0.2439,0.4491,1.0000,-0.0023,0.0000,0.0023,1.0000,0.0000,0.0000,0.0000,1.0000,0.1624,0.1625,0.0548
414,8,36.0549,-0.2007,0.4472,1.0000,-0.0023,0.0000,0.0023,1.0000,0.0000,0.0000,0.0000,1.0000,0.0831,0.2046,0.1050
414,9,36.0853,-0.1345,0.4544,1.0000,-0.0023,0.0000,0.0023,1.0000,0.0000,0.0000,0.0000,1.0000,0.0210,0.0279,0.0569
414,10,36.1291,-0.1945,0.4546,1.0000,-0.0023,0.0000,0.0023,1.0000,0.0000,0.0000,0.0000,1.0000,0.0210,0.0279,0.0569
415,0,36.7943,-0.1294,0.4400,1.0000,-0.0018,0.0000,0.0018,1.0000,0.0000,0.0000,0.0000,1.0000,0.2577,0.2263,0.1400
415,1,36.8024,-0.1265,0.6052,1.0000,-0.0018,0.0000,0.0018,1.0000,0.0000,0.0000,0.0000,1.0000,0.1100,0.2168,0.3052
415,2,36.8782,-0.1870,0.5173,1.0000,-0.0018,0.0000,0.0018,1.0000,0.0000,0.0000,0.0000,1.0000,0.1101,0.3070,0.2173
415,3,36.9003,-0.3637,0.5889,1.0000,-0.0018,0.0000,0.0018,1.0000,0.0000,0.0000,0.0000,1.0000,0.2836,0.2073,0.2889
415,4,37.0183,-0.4104,0.5062,1.0000,-0.0018,0.0000,0.0018,1.0000,0.0000,0.0000,0.0000,1.0000,0.2820,0.2947,0.2062
415,5,37.1861,-0.2739,0.6614,1.0000,-0.0018,0.0000,0.0018,1.0000,0.0000,0.0000,0.0000,1.0000,0.1112,0.2100,0.3614
415,6,37.2792,-0.2546,0.4265,1.0000,-0.0018,0.0000,0.0018,1.0000,0.0000,0.0000,0.0000,1.0000,0.1972,0.1336,0.1265
415,7,37.3881,-0.2464,0.4491,1.0000,-0.0018,0.0000,0.0018,1.0000,0.0000,0.0000,0.0000,1.0000,0.1624,0.1625,0.0548
415,8,37.4156,-0.2032,0.4472,1.0000,-0.0018,0.0000,0.0018,1.0000,0.0000,0.0000,0.0000,1.0000,0.0831,0.2046,0.1050
415,9,37.4460,-0.1370,0.4544,1.0000,-0.0018,0.0000,0.0018,1.0000,0.0000,0.0000,0.0000,1.0000,0.0210,0.0279,0.0569
415,10,37.4898,-0.1970,0.4546,1.0000,-0.0018,0.0000,0.0018,1.0000,0.0000,0.0000,0.0000,1.0000,0.0210,0.0279,0.0569
416,0,38.1666,-0.1315,0.4400,1.0000,-0.0012,0.0000,0.0012,1.0000,0.0000,0.0000,0.0000,1.0000,0.2577,0.2263,0.1400
416,1,38.1747,-0.1286,0.6052,1.0000,-0.0012,0.0000,0.0012,1.0000,0.0000,0.0000,0.0000,1.0000,0.1100,0.2168,0.3052
416,2,38.2505,-0.1890,0.5173,1.0000,-0.0012,0.0000,0.0012,1.0000,0.0000,0.0000,0.0000,1.0000,0.1101,0.3070,0.2173
416,3,38.2727,-0.3657,0.5889,1.0000,-0.0012,0.0000,0.0012,1.0000,0.0000,0.0000,0.0000,1.0000,0.2836,0.2073,0.2889
416,4,38.3908,-0.4124,0.5062,1.0000,-0.0012,0.0000,0.0012,1.0000,0.0000,0.0000,0.0000,1.0000,0.2820,0.2947,0.2062
416,5,38.5585,-0.2758,0.6614,1.0000,-0.0012,0.0000,0.0012,1.0000,0.0000,0.0000,0.0000,1.0000,0.1112,0.2100,0.3614
416,6,38.6516,-0.2564,0.4265,1.0000,-0.0012,0.0000,0.0012,1.0000,0.0000,0.0000,0.0000,1.0000,0.1972,0.1336,0.1265
416,7,38.7605,-0.2481,0.4491,1.0000,-0.0012,0.0000,0.0012,1.0000,0.0000,0.0000,0.0000,1.0000,0.1624,0.1625,0.0548
416,8,38.7879,-0.2049,0.4472,1.0000,-0.0012,0.0000,0.0012,1.0000,0.0000,0.0000,0.0000,1.0000,0.0831,0.2046,0.1050
416,9,38.8183,-0.1387,0.4544,1.0000,-0.0012,0.0000,0.0012,1.0000,0.0000,0.0000,0.0000,1.0000,0.0210,0.0279,0.0569
416,10,38.8621,-0.1986,0.4546,1.0000,-0.0012,0.0000,0.0012,1.0000,0.0000,0.0000,0.0000,1.0000,0.0210,0.0279,0.0569
417,0,39.5497,-0.1329,0.4400,1.0000,-0.0008,0.0000,0.0008,1.0000,0.0000,0.0000,0.0000,1.0000,0.2577,0.2263,0.1400
417,1,39.5578,-0.1300,0.6052,1.0000,-0.0008,0.0000,0.0008,1.0000,0.0000,0.0000,0.0000,1.0000,0.1100,0.2168,0.3052
417,2,39.6337,-0.1903,0.5173,1.0000,-0.0008,0.0000,0.0008,1.0000,0.0000,0.0000,0.0000,1.0000,0.1101,0.3070,0.2173
417,3,39.6560,-0.3671,0.5889,1.0000,-0.0008,0.0000,0.0008,1.0000,0.0000,0.0000,0.0000,1.0000,0.2836,0.2073,0.2889
417,4,39.7740,-0.4137,0.5062,1.0000,-0.0008,0.0000,0.0008,1.0000,0.0000,0.0000,0.0000,1.0000,0.2820,0.2947,0.2062
417,5,39.9417,-0.2770,0.6614,1.0000,-0.0008,0.0000,0.0008,1.0000,0.0000,0.0000,0.0000,1.0000,0.1112,0.2100,0.3614
417,6,40.0348,-0.2576,0.4265,1.0000,-0.0008,0.0000,0.0008,1.0000,0.0000,0.0000,0.0000,1.0000,0.1972,0.1336,0.1265
417,7,40.1437,-0.2492,0.4491,1.0000,-0.0008,0.0000,0.0008,1.0000,0.0000,0.0000,0.0000,1.0000,0.1624,0.1625,0.0548
417,8,40.1711,-0.2061,0.4472,1.0000,-0.0008,0.0000,0.0008,1.0000,0.0000,0.0000,0.0000,1.0000,0.0831,0.2046,0.1050
417,9,40.2014,-0.1398,0.4544,1.0000,-0.0008,0.0000,0.0008,1.0000,0.0000,0.0000,0.0000,1.0000,0.0210,0.0279,0.0569
417,10,40.2453,-0.1997,0.4546,1.0000,-0.0008,0.0000,0.0008,1.0000,0.0000,0.0000,0.0000,1.0000,0.0210,0.0279,0.0569
418,0,40.9430,-0.1336,0.4400,1.0000,-0.0002,0.0000,0.0002,1.0000,0.0000,0.0000,0.0000,1.0000,0.2577,0.2263,0.1400
418,1,40.9511,-0.1307,0.6052,1.0000,-0.0002,0.0000,0.0002,1.0000,0.0000,0.0000,0.0000,1.0000,0.1100,0.2168,0.3052
418,2,41.0270,-0.1910,0.5173,1.0000,-0.0002,0.0000,0.0002,1.0000,0.0000,0.0000,0.0000,1.0000,0.1101,0.3070,0.2173
418,3,41.0494,-0.3677,0.5889,1.0000,-0.0002,0.0000,0.0002,1.0000,0.0000,0.0000,0.0000,1.0000,0.2836,0.2073,0.2889
418,4,41.1675,-0.4142,0.5062,1.0000,-0.0002,0.0000,0.0002,1.0000,0.0000,0.0000,0.0000,1.0000,0.2820,0.2947,0.2062
418,5,41.3351,-0.2775,0.6614,1.0000,-0.0002,0.0000,0.0002,1.0000,0.0000,0.0000,0.0000,1.0000,0.1112,0.2100,0.3614
418,6,41.4281,-0.2580,0.4265,1.0000,-0.0002,0.0000,0.0002,1.0000,0.0000,0.0000,0.0000,1.0000,0.1972,0.1336,0.1265
418,7,41.5370,-0.2496,0.4491,1.0000,-0.0002,0.0000,0.0002,1.0000,0.0000,0.0000,0.0000,1.0000,0.1624,0.1625,0.0548
418,8,41.5644,-0.2064,0.4472,1.0000,-0.0002,0.0000,0.0002,1.0000,0.0000,0.0000,0.0000,1.0000,0.0831,0.2046,0.1050
418,9,41.5947,-0.1401,0.4544,1.0000,-0.0002,0.0000,0.0002,1.0000,0.0000,0.0000,0.0000,1.0000,0.0210,0.0279,0.0569
418,10,41.6386,-0.2001,0.4546,1.0000,-0.0002,0.0000,0.0002,1.0000,0.0000,0.0000,0.0000,1.0000,0.0210,0.0279,0.0569
419,0,42.3463,-0.1335,0.4400,1.0000,0.0004,0.0000,-0.0004,1.0000,0.0000,0.0000,0.0000,1.0000,0.2577,0.2263,0.1400
419,1,42.3544,-0.1306,0.6052,1.0000,0.0004,0.0000,-0.0004,1.0000,0.0000,0.0000,0.0000,1.0000,0.1100,0.2168,0.3052
419,2,42.4303,-0.1909,0.5173,1.0000,0.0004,0.0000,-0.0004,1.0000,0.0000,0.0000,0.0000,1.0000,0.1101,0.3070,0.2173
419,3,42.4528,-0.3676,0.5889,1.0000,0.0004,0.0000,-0.0004,1.0000,0.0000,0.0000,0.0000,1.0000,0.2836,0.2073,0.2889
419,4,42.5709,-0.4140,0.5062,1.0000,0.0004,0.0000,-0.0004,1.0000,0.0000,0.0000,0.0000,1.0000,0.2820,0.2947,0.2062
419,5,42.7384,-0.2772,0.6614,1.0000,0.0004,0.0000,-0.0004,1.0000,0.0000,0.0000,0.0000,1.0000,0.1112,0.2100,0.3614
419,6,42.8314,-0.2576,0.4265,1.0000,0.0004,0.0000,-0.0004,1.0000,0.0000,0.0000,0.0000,1.0000,0.1972,0.1336,0.1265
419,7,42.9403,-0.2492,0.4491,1.0000,0.0004,0.0000,-0.0004,1.0000,0.0000,0.0000,0.0000,1.0000,0.1624,0.1625,0.0548
419,8,42.9677,-0.2060,0.4472,1.0000,0.0004,0.0000,-0.0004,1.0000,0.0000,0.0000,0.0000,1.0000,0.0831,0.2046,0.1050
419,9,42.9980,-0.1397,0.4544,1.0000,0.0004,0.0000,-0.0004,1.0000,0.0000,0.0000,0.0000,1.0000,0.0210,0.0279,0.0569
419,10,43.0419,-0.1996,0.4546,1.0000,0.0004,0.0000,-0.0004,1.0000,0.0000,0.0000,0.0000,1.0000,0.0210,0.0279,0.0569
420,0,43.7596,-0.1326,0.4400,1.0000,0.0010,0.0000,-0.0010,1.0000,0.0000,0.0000,0.0000,1.0000,0.2577,0.2263,0.1400
420,1,43.7677,-0.1297,0.6052,1.0000,0.0010,0.0000,-0.0010,1.0000,0.0000,0.0000,0.0000,1.0000,0.1100,0.2168,0.3052
420,2,43.8437,-0.1899,0.5173,1.0000,0.0010,0.0000,-0.0010,1.0000,0.0000,0.0000,0.0000,1.0000,0.1101,0.3070,0.2173
420,3,43.8663,-0.3666,0.5889,1.0000,0.0010,0.0000,-0.0010,1.0000,0.0000,0.0000,0.0000,1.0000,0.2836,0.2073,0.2889
420,4,43.9844,-0.4130,0.5062,1.0000,0.0010,0.0000,-0.0010,1.0000,0.0000,0.0000,0.0000,1.0000,0.2820,0.2947,0.2062
420,5,44.1519,-0.2760,0.6614,1.0000,0.0010,0.0000,-0.0010,1.0000,0.0000,0.0000,0.0000,1.0000,0.1112,0.2100,0.3614
420,6,44.2449,-0.2564,0.4265,1.0000,0.0010,0.0000,-0.0010,1.0000,0.0000,0.0000,0.0000,1.0000,0.1972,0.1336,0.1265
420,7,44.3538,-0.2479,0.4491,1.0000,0.0010,0.0000,-0.0010,1.0000,0.0000,0.0000,0.0000,1.0000,0.1624,0.1625,0.0548
420,8,44.3811,-0.2047,0.4472,1.0000,0.0010,0.0000,-0.0010,1.0000,0.0000,0.0000,0.0000,1.0000,0.0831,0.2046,0.1050
420,9,44.4113,-0.1384,0.4544,1.0000,0.0010,0.0000,-0.0010,1.0000,0.0000,0.0000,0.0000,1.0000,0.0210,0.0279,0.0569
420,10,44.4553,-0.1982,0.4546,1.0000,0.0010,0.0000,-0.0010,1.0000,0.0000,0.0000,0.0000,1.0000,0.0210,0.0279,0.0569
421,0,45.1834,-0.1307,0.4400,1.0000,0.0017,0.0000,-0.0017,1.0000,0.0000,0.0000,0.0000,1.0000,0.2577,0.2263,0.1400
421,1,45.1915,-0.1278,0.6052,1.0000,0.0017,0.0000,-0.0017,1.0000,0.0000,0.0000,0.0000,1.0000,0.1100,0.2168,0.3052
421,2,45.2675,-0.1880,0.5173,1.0000,0.0017,0.0000,-0.0017,1.0000,0.0000,0.0000,0.0000,1.0000,0.1101,0.3070,0.2173
421,3,45.2901,-0.3647,0.5889,1.0000,0.0017,0.0000,-0.0017,1.0000,0.0000,0.0000,0.0000,1.0000,0.2836,0.2073,0.2889
421,4,45.4083,-0.4110,0.5062,1.0000,0.0017,0.0000,-0.0017,1.0000,0.0000,0.0000,0.0000,1.0000,0.2820,0.2947,0.2062
421,5,45.5757,-0.2739,0.6614,1.0000,0.0017,0.0000,-0.0017,1.0000,0.0000,0.0000,0.0000,1.0000,0.1112,0.2100,0.3614
421,6,45.6687,-0.2542,0.4265,1.0000,0.0017,0.0000,-0.0017,1.0000,0.0000,0.0000,0.0000,1.0000,0.1972,0.1336,0.1265
421,7,45.7775,-0.2456,0.4491,1.0000,0.0017,0.0000,-0.0017,1.0000,0.0000,0.0000,0.0000,1.0000,0.1624,0.1625,0.0548
421,8,45.8049,-0.2024,0.4472,1.0000,0.0017,0.0000,-0.0017,1.0000,0.0000,0.0000,0.0000,1.0000,0.0831,0.2046,0.1050
421,9,45.8351,-0.1361,0.4544,1.0000,0.0017,0.0000,-0.0017,1.0000,0.0000,0.0000,0.0000,1.0000,0.0210,0.0279,0.0569
421,10,45.8791,-0.1959,0.4546,1.0000,0.0017,0.0000,-0.0017,1.0000,0.0000,0.0000,0.0000,1.0000,0.0210,0.0279,0.0569
422,0,46.6174,-0.1279,0.4400,1.0000,0.0023,0.0000,-0.0023,1.0000,0.0000,0.0000,0.0000,1.0000,0.2577,0.2263,0.1400
422,1,46.6255,-0.1250,0.6052,1.0000,0.0023,0.0000,-0.0023,1.0000,0.0000,0.0000,0.0000,1.0000,0.1100,0.2168,0.3052
422,2,46.7015,-0.1851,0.5173,1.0000,0.0023,0.0000,-0.0023,1.0000,0.0000,0.0000,0.0000,1.0000,0.1101,0.3070,0.2173
422,3,46.7243,-0.3618,0.5889,1.0000,0.0023,0.0000,-0.0023,1.0000,0.0000,0.0000,0.0000,1.0000,0.2836,0.2073,0.2889
422,4,46.8425,-0.4080,0.5062,1.0000,0.0023,0.0000,-0.0023,1.0000,0.0000,0.0000,0.0000,1.0000,0.2820,0.2947,0.2062
422,5,47.0098,-0.2708,0.6614,1.0000,0.0023,0.0000,-0.0023,1.0000,0.0000,0.0000,0.0000,1.0000,0.1112,0.2100,0.3614
422,6,47.1028,-0.2511,0.4265,1.0000,0.0023,0.0000,-0.0023,1.0000,0.0000,0.0000,0.0000,1.0000,0.1972,0.1336,0.1265
422,7,47.2116,-0.2424,0.4491,1.0000,0.0023,0.0000,-0.0023,1.0000,0.0000,0.0000,0.0000,1.0000,0.1624,0.1625,0.0548
422,8,47.2389,-0.1992,0.4472,1.0000,0.0023,0.0000,-0.0023,1.0000,0.0000,0.0000,0.0000,1.0000,0.0831,0.2046,0.1050
422,9,47.2691,-0.1328,0.4544,1.0000,0.0023,0.0000,-0.0023,1.0000,0.0000,0.0000,0.0000,1.0000,0.0210,0.0279,0.0569
422,10,47.3131,-0.1926,0.4546,1.0000,0.0023,0.0000,-0.0023,1.0000,0.0000,0.0000,0.0000,1.0000,0.0210,0.0279,0.0569
423,0,48.0615,-0.1242,0.4400,1.0000,0.0029,0.0000,-0.0029,1.0000,0.0000,0.0000,0.0000,1.0000,0.2577,0.2263,0.1400
423,1,48.0696,-0.1213,0.6052,1.0000,0.0029,0.0000,-0.0029,1.0000,0.0000,0.0000,0.0000,1.0000,0.1100,0.2168,0.3052
423,2,48.1457,-0.1813,0.5173,1.0000,0.0029,0.0000,-0.0029,1.0000,0.0000,0.0000,0.0000,1.0000,0.1101,0.3070,0.2173
423,3,48.1686,-0.3580,0.5889,1.0000,0.0029,0.0000,-0.0029,1.0000,0.0000,0.0000,0.0000,1.0000,0.2836,0.2073,0.2889
423,4,48.2868,-0.4041,0.5062,1.0000,0.0029,0.0000,-0.0029,1.0000,0.0000,0.0000,0.0000,1.0000,0.2820,0.2947,0.2062
423,5,48.4540,-0.2668,0.6614,1.0000,0.0029,0.0000,-0.0029,1.0000,0.0000,0.0000,0.0000,1.0000,0.1112,0.2100,0.3614
423,6,48.5469,-0.2471,0.4265,1.0000,0.0029,0.0000,-0.0029,1.0000,0.0000,0.0000,0.0000,1.0000,0.1972,0.1336,0.1265
423,7,48.6558,-0.2384,0.4491,1.0000,0.0029,0.0000,-0.0029,1.0000,0.0000,0.0000,0.0000,1.0000,0.1624,0.1625,0.0548
423,8,48.6831,-0.1951,0.4472,1.0000,0.0029,0.0000,-0.0029,1.0000,0.0000,0.0000,0.0000,1.0000,0.0831,0.2046,0.1050
423,9,48.7132,-0.1287,0.4544,1.0000,0.0029,0.0000,-0.0029,1.0000,0.0000,0.0000,0.0000,1.0000,0.0210,0.0279,0.0569
423,10,48.7573,-0.1885,0.4546,1.0000,0.0029,0.0000,-0.0029,1.0000,0.0000,0.0000,0.0000,1.0000,0.0210,0.0279,0.0569
424,0,49.5156,-0.1196,0.4400,1.0000,0.0034,0.0000,-0.0034,1.0000,0.0000,0.0000,0.0000,1.0000,0.2577,0.2263,0.1400
424,1,49.5237,-0.1167,0.6052,1.0000,0.0034,0.0000,-0.0034,1.0000,0.0000,0.0000,0.0000,1.0000,0.1100,0.2168,0.3052
424,2,49.5998,-0.1767,0.5173,1.0000,0.0034,0.0000,-0.0034,1.0000,0.0000,0.0000,0.0000,1.0000,0.1101,0.3070,0.2173
424,3,49.6228,-0.3533,0.5889,1.0000,0.0034,0.0000,-0.0034,1.0000,0.0000,0.0000,0.0000,1.0000,0.2836,0.2073,0.2889
424,4,49.7411,-0.3994,0.5062,1.0000,0.0034,0.0000,-0.0034,1.0000,0.0000,0.0000,0.0000,1.0000,0.2820,0.2947,0.2062
424,5,49.9082,-0.2620,0.6614,1.0000,0.0034,0.0000,-0.0034,1.0000,0.0000,0.0000,0.0000,1.0000,0.1112,0.2100,0.3614
424,6,50.0011,-0.2422,0.4265,1.0000,0.0034,0.0000,-0.0034,1.0000,0.0000,0.0000,0.0000,1.0000,0.1972,0.1336,0.1265
424,7,50.1100,-0.2334,0.4491,1.0000,0.0034,0.0000,-0.0034,1.0000,0.0000,0.0000,0.0000,1.0000,0.1624,0.1625,0.0548
424,8,50.1373,-0.1901,0.4472,1.0000,0.0034,0.0000,-0.0034,1.0000,0.0000,0.0000,0.0000,1.0000,0.0831,0.2046,0.1050
424,9,50.1673,-0.1237,0.4544,1.0000,0.0034,0.0000,-0.0034,1.0000,0.0000,0.0000,0.0000,1.0000,0.0210,0.0279,0.0569
424,10,50.2114,-0.1835,0.4546,1.0000,0.0034,0.0000,-0.0034,1.0000,0.0000,0.0000,0.0000,1.0000,0.0210,0.0279,0.0569
425,0,50.9798,-0.1142,0.4400,1.0000,0.0039,0.0000,-0.0039,1.0000,0.0000,0.0000,0.0000,1.0000,0.2577,0.2263,0.1400
425,1,50.9879,-0.1113,0.6052,1.0000,0.0039,0.0000,-0.0039,1.0000,0.0000,0.0000,0.0000,1.0000,0.1100,0.2168,0.3052
425,2,51.0640,-0.1713,0.5173,1.0000,0.0039,0.0000,-0.0039,1.0000,0.0000,0.0000,0.0000,1.0000,0.1101,0.3070,0.2173
425,3,51.0871,-0.3479,0.5889,1.0000,0.0039,0.0000,-0.0039,1.0000,0.0000,0.0000,0.0000,1.0000,0.2836,0.2073,0.2889
425,4,51.2054,-0.3939,0.5062,1.0000,0.0039,0.0000,-0.0039,1.0000,0.0000,0.0000,0.0000,1.0000,0.2820,0.2947,0.2062
425,5,51.3725,-0.2565,0.6614,1.0000,0.0039,0.0000,-0.0039,1.0000,0.0000,0.0000,0.0000,1.0000,0.1112,0.2100,0.3614
425,6,51.4654,-0.2366,0.4265,1.0000,0.0039,0.0000,-0.0039,1.0000,0.0000,0.0000,0.0000,1.0000,0.1972,0.1336,0.1265
425,7,51.5743,-0.2278,0.4491,1.0000,0.0039,0.0000,-0.0039,1.0000,0.0000,0.0000,0.0000,1.0000,0.1624,0.1625,0.0548
425,8,51.6015,-0.1844,0.4472,1.0000,0.0039,0.0000,-0.0039,1.0000,0.0000,0.0000,0.0000,1.0000,0.0831,0.2046,0.1050
425,9,51.6315,-0.1180,0.4544,1.0000,0.0039,0.0000,-0.0039,1.0000,0.0000,0.0000,0.0000,1.0000,0.0210,0.0279,0.0569
425,10,51.6757,-0.1778,0.4546,1.0000,0.0039,0.0000,-0.0039,1.0000,0.0000,0.0000,0.0000,1.0000,0.0210,0.0279,0.0569
426,0,52.4540,-0.1081,0.4400,1.0000,0.0044,0.0000,-0.0044,1.0000,0.0000,0.0000,0.0000,1.0000,0.2577,0.2263,0.1400
426,1,52.4621,-0.1051,0.6052,1.0000,0.0044,0.0000,-0.0044,1.0000,0.0000,0.0000,0.0000,1.0000,0.1100,0.2168,0.3052
426,2,52.5383,-0.1651,0.5173,1.0000,0.0044,0.0000,-0.0044,1.0000,0.0000,0.0000,0.0000,1.0000,0.1101,0.3070,0.2173
426,3,52.5615,-0.3417,0.5889,1.0000,0.0044,0.0000,-0.0044,1.0000,0.0000,0.0000,0.0000,1.0000,0.2836,0.2073,0.2889
426,4,52.6798,-0.3877,0.5062,1.0000,0.0044,0.0000,-0.0044,1.0000,0.0000,0.0000,0.0000,1.0000,0.2820,0.2947,0.2062
426,5,52.8468,-0.2502,0.6614,1.0000,0.0044,0.0000,-0.0044,1.0000,0.0000,0.0000,0.0000,1.0000,0.1112,0.2100,0.3614
426,6,52.9397,-0.2303,0.4265,1.0000,0.0044,0.0000,-0.0044,1.0000,0.0000,0.0000,0.0000,1.0000,0.1972,0.1336,0.1265
426,7,53.0485,-0.2214,0.4491,1.0000,0.0044,0.0000,-0.0044,1.0000,0.0000,0.0000,0.0000,1.0000,0.1624,0.1625,0.0548
426,8,53.0757,-0.1781,0.4472,1.0000,0.0044,0.0000,-0.0044,1.0000,0.0000,0.0000,0.0000,1.0000,0.0831,0.2046,0.1050
426,9,53.1057,-0.1116,0.4544,1.0000,0.0044,0.0000,-0.0044,1.0000,0.0000,0.0000,0.0000,1.0000,0.0210,0.0279,0.0569
426,10,53.1499,-0.1713,0.4546,1.0000,0.0044,0.0000,-0.0044,1.0000,0.0000,0.0000,0.0000,1.0000,0.0210,0.0279,0.0569
427,0,53.9380,-0.1013,0.4400,1.0000,0.0048,0.0000,-0.0048,1.0000,0.0000,0.0000,0.0000,1.0000,0.2577,0.2263,0.1400
427,1,53.9461,-0.0984,0.6052,1.0000,0.0048,0.0000,-0.0048,1.0000,0.0000,0.0000,0.0000,1.0000,0.1100,0.2168,0.3052
427,2,54.0223,-0.1583,0.5173,1.0000,0.0048,0.0000,-0.0048,1.0000,0.0000,0.0000,0.0000,1.0000,0.1101,0.3070,0.2173
427,3,54.0455,-0.3349,0.5889,1.0000,0.0048,0.0000,-0.0048,1.0000,0.0000,0.0000,0.0000,1.0000,0.2836,0.2073,0.2889
427,4,54.1638,-0.3808,0.5062,1.0000,0.0048,0.0000,-0.0048,1.0000,0.0000,0.0000,0.0000,1.0000,0.2820,0.2947,0.2062
427,5,54.3308,-0.2432,0.6614,1.0000,0.0048,0.0000,-0.0048,1.0000,0.0000,0.0000,0.0000,1.0000,0.1112,0.2100,0.3614
427,6,54.4237,-0.2233,0.4265,1.0000,0.0048,0.0000,-0.0048,1.0000,0.0000,0.0000,0.0000,1.0000,0.1972,0.1336,0.1265
427,7,54.5325,-0.2144,0.4491,1.0000,0.0048,0.0000,-0.0048,1.0000,0.0000,0.0000,0.0000,1.0000,0.1624,0.1625,0.0548
427,8,54.5597,-0.1711,0.4472,1.0000,0.0048,0.0000,-0.0048,1.0000,0.0000,0.0000,0.0000,1.0000,0.0831,0.2046,0.1050
427,9,54.5897,-0.1046,0.4544,1.0000,0.0048,0.0000,-0.0048,1.0000,0.0000,0.0000,0.0000,1.0000,0.0210,0.0279,0.0569
427,10,54.6339,-0.1643,0.4546,1.0000,0.0048,0.0000,-0.0048,1.0000,0.0000,0.0000,0.0000,1.0000,0.0210,0.0279,0.0569
428,0,55.4310,-0.0939,0.4400,1.0000,0.0052,0.0000,-0.0052,1.0000,0.0000,0.0000,0.0000,1.0000,0.2577,0.2263,0.1400
428,1,55.4391,-0.0910,0.6052,1.0000,0.0052,0.0000,-0.0052,1.0000,0.0000,0.0000,0.0000,1.0000,0.1100,0.2168,0.3052
428,2,55.5153,-0.1509,0.5173,1.0000,0.0052,0.0000,-0.0052,1.0000,0.0000,0.0000,0.0000,1.0000,0.1101,0.3070,0.2173
428,3,55.5386,-0.3274,0.5889,1.0000,0.0052,0.0000,-0.0052,1.0000,0.0000,0.0000,0.0000,1.0000,0.2836,0.2073,0.2889
428,4,55.6570,-0.3733,0.5062,1.0000,0.0052,0.0000,-0.0052,1.0000,0.0000,0.0000,0.0000,1.0000,0.2820,0.2947,0.2062
428,5,55.8238,-0.2357,0.6614,1.0000,0.0052,0.0000,-0.0052,1.0000,0.0000,0.0000,0.0000,1.0000,0.1112,0.2100,0.3614
428,6,55.9167,-0.2157,0.4265,1.0000,0.0052,0.0000,-0.0052,1.0000,0.0000,0.0000,0.0000,1.0000,0.1972,0.1336,0.1265
428,7,56.0256,-0.2067,0.4491,1.0000,0.0052,0.0000,-0.0052,1.0000,0.0000,0.0000,0.0000,1.0000,0.1624,0.1625,0.0548
428,8,56.0528,-0.1634,0.4472,1.0000,0.0052,0.0000,-0.0052,1.0000,0.0000,0.0000,0.0000,1.0000,0.0831,0.2046,0.1050
428,9,56.0827,-0.0969,0.4544,1.0000,0.0052,0.0000,-0.0052,1.0000,0.0000,0.0000,0.0000,1.0000,0.0210,0.0279,0.0569
428,10,56.1269,-0.1566,0.4546,1.0000,0.0052,0.0000,-0.0052,1.0000,0.0000,0.0000,0.0000,1.0000,0.0210,0.0279,0.0569
429,0,56.9322,-0.0858,0.4400,1.0000,0.0056,0.0000,-0.0056,1.0000,0.0000,0.0000,0.0000,1.0000,0.2577,0.2263,0.1400
429,1,56.9403,-0.0828,0.6052,1.0000,0.0056,0.0000,-0.0056,1.0000,0.0000,0.0000,0.0000,1.0000,0.1100,0.2168,0.3052
429,2,57.0165,-0.1427,0.5173,1.0000,0.0056,0.0000,-0.0056,1.0000,0.0000,0.0000,0.0000,1.0000,0.1101,0.3070,0.2173
429,3,57.0399,-0.3193,0.5889,1.0000,0.0056,0.0000,-0.0056,1.0000,0.0000,0.0000,0.0000,1.0000,0.2836,0.2073,0.2889
429,4,57.1583,-0.3651,0.5062,1.0000,0.0056,0.0000,-0.0056,1.0000,0.0000,0.0000,0.0000,1.0000,0.2820,0.2947,0.2062
429,5,57.3251,-0.2274,0.6614,1.0000,0.0056,0.0000,-0.0056,1.0000,0.0000,0.0000,0.0000,1.0000,0.1112,0.2100,0.3614
429,6,57.4180,-0.2073,0.4265,1.0000,0.0056,0.0000,-0.0056,1.0000,0.0000,0.0000,0.0000,1.0000,0.1972,0.1336,0.1265
429,7,57.5269,-0.1983,0.4491,1.0000,0.0056,0.0000,-0.0056,1.0000,0.0000,0.0000,0.0000,1.0000,0.1624,0.1625,0.0548
429,8,57.5540,-0.1550,0.4472,1.0000,0.0056,0.0000,-0.0056,1.0000,0.0000,0.0000,0.0000,1.0000,0.0831,0.2046,0.1050
429,9,57.5839,-0.0885,0.4544,1.0000,0.0056,0.0000,-0.0056,1.0000,0.0000,0.0000,0.0000,1.0000,0.0210,0.0279,0.0569
429,10,57.6282,-0.1482,0.4546,1.0000,0.0056,0.0000,-0.0056,1.0000,0.0000,0.0000,0.0000,1.0000,0.0210,0.0279,0.0569
430,0,58.4410,-0.0770,0.4400,1.0000,0.0060,0.0000,-0.0060,1.0000,0.0000,0.0000,0.0000,1.0000,0.2577,0.2263,0.1400
430,1,58.4490,-0.0741,0.6052,1.0000,0.0060,0.0000,-0.0060,1.0000,0.0000,0.0000,0.0000,1.0000,0.1100,0.2168,0.3052
430,2,58.5253,-0.1339,0.5173,1.0000,0.0060,0.0000,-0.0060,1.0000,0.0000,0.0000,0.0000,1.0000,0.1101,0.3070,0.2173
430,3,58.5488,-0.3105,0.5889,1.0000,0.0060,0.0000,-0.0060,1.0000,0.0000,0.0000,0.0000,1.0000,0.2836,0.2073,0.2889
430,4,58.6671,-0.3563,0.5062,1.0000,0.0060,0.0000,-0.0060,1.0000,0.0000,0.0000,0.0000,1.0000,0.2820,0.2947,0.2062
430,5,58.8339,-0.2185,0.6614,1.0000,0.0060,0.0000,-0.0060,1.0000,0.0000,0.0000,0.0000,1.0000,0.1112,0.2100,0.3614
430,6,58.9268,-0.1984,0.4265,1.0000,0.0060,0.0000,-0.0060,1.0000,0.0000,0.0000,0.0000,1.0000,0.1972,0.1336,0.1265
430,7,59.0356,-0.1894,0.4491,1.0000,0.0060,0.0000,-0.0060,1.0000,0.0000,0.0000,0.0000,1.0000,0.1624,0.1625,0.0548
430,8,59.0628,-0.1460,0.4472,1.0000,0.0060,0.0000,-0.0060,1.0000,0.0000,0.0000,0.0000,1.0000,0.0831,0.2046,0.1050
430,9,59.0927,-0.0795,0.4544,1.0000,0.0060,0.0000,-0.0060,1.0000,0.0000,0.0000,0.0000,1.0000,0.0210,0.0279,0.0569
430,10,59.1369,-0.1391,0.4546,1.0000,0.0060,0.0000,-0.0060,1.0000,0.0000,0.0000,0.0000,1.0000,0.0210,0.0279,0.0569
431,0,59.9570,-0.0675,0.4400,1.0000,0.0065,0.0000,-0.0065,1.0000,0.0000,0.0000,0.0000,1.0000,0.2577,0.2263,0.1400
431,1,59.9651,-0.0646,0.6052,1.0000,0.0065,0.0000,-0.0065,1.0000,0.0000,0.0000,0.0000,1.0000,0.1100,0.2168,0.3052
431,2,60.0414,-0.1244,0.5173,1.0000,0.0065,0.0000,-0.0065,1.0000,0.0000,0.0000,0.0000,1.0000,0.1101,0.3070,0.2173
431,3,60.0650,-0.3009,0.5889,1.0000,0.0065,0.0000,-0.0065,1.0000,0.0000,0.0000,0.0000,1.0000,0.2836,0.2073,0.2889
431,4,60.1834,-0.3467,0.5062,1.0000,0.0065,0.0000,-0.0065,1.0000,0.0000,0.0000,0.0000,1.0000,0.2820,0.2947,0.2062
431,5,60.3501,-0.2088,0.6614,1.0000,0.0065,0.0000,-0.0065,1.0000,0.0000,0.0000,0.0000,1.0000,0.1112,0.2100,0.3614
431,6,60.4429,-0.1887,0.4265,1.0000,0.0065,0.0000,-0.0065,1.0000,0.0000,0.0000,0.0000,1.0000,0.1972,0.1336,0.1265
431,7,60.5518,-0.1795,0.4491,1.0000,0.0065,0.0000,-0.0065,1.0000,0.0000,0.0000,0.0000,1.0000,0.1624,0.1625,0.0548
431,8,60.5789,-0.1362,0.4472,1.0000,0.0065,0.0000,-0.0065,1.0000,0.0000,0.0000,0.0000,1.0000,0.0831,0.2046,0.1050
431,9,60.6087,-0.0697,0.4544,1.0000,0.0065,0.0000,-0.0065,1.0000,0.0000,0.0000,0.0000,1.0000,0.0210,0.0279,0.0569
431,10,60.6530,-0.1293,0.4546,1.0000,0.0065,0.0000,-0.0065,1.0000,0.0000,0.0000,0.0000,1.0000,0.0210,0.0279,0.0569
432,0,61.4804,-0.0573,0.4400,1.0000,0.0069,0.0000,-0.0069,1.0000,0.0000,0.0000,0.0000,1.0000,0.2577,0.2263,0.1400
432,1,61.4885,-0.0544,0.6052,1.0000,0.0069,0.0000,-0.0069,1.0000,0.0000,0.0000,0.0000,1.0000,0.1100,0.2168,0.3052
432,2,61.5648,-0.1141,0.5173,1.0000,0.0069,0.0000,-0.0069,1.0000,0.0000,0.0000,0.0000,1.0000,0.1101,0.3070,0.2173
432,3,61.5884,-0.2907,0.5889,1.0000,0.0069,0.0000,-0.0069,1.0000,0.0000,0.0000,0.0000,1.0000,0.2836,0.2073,0.2889
432,4,61.7068,-0.3364,0.5062,1.0000,0.0069,0.0000,-0.0069,1.0000,0.0000,0.0000,0.0000,1.0000,0.2820,0.2947,0.2062
432,5,61.8735,-0.1984,0.6614,1.0000,0.0069,0.0000,-0.0069,1.0000,0.0000,0.0000,0.0000,1.0000,0.1112,0.2100,0.3614
432,6,61.9663,-0.1783,0.4265,1.0000,0.0069,0.0000,-0.0069,1.0000,0.0000,0.0000,0.0000,1.0000,0.1972,0.1336,0.1265
432,7,62.0752,-0.1691,0.4491,1.0000,0.0069,0.0000,-0.0069,1.0000,0.0000,0.0000,0.0000,1.0000,0.1624,0.1625,0.0548
432,8,62.1023,-0.1257,0.4472,1.0000,0.0069,0.0000,-0.0069,1.0000,0.0000,0.0000,0.0000,1.0000,0.0831,0.2046,0.1050
432,9,62.1321,-0.0592,0.4544,1.0000,0.0069,0.0000,-0.0069,1.0000,0.0000,0.0000,0.0000,1.0000,0.0210,0.0279,0.0569
432,10,62.1764,-0.1188,0.4546,1.0000,0.0069,0.0000,-0.0069,1.0000,0.0000,0.0000,0.0000,1.0000,0.0210,0.0279,0.0569
433,0,63.0108,-0.0463,0.4400,1.0000,0.0076,0.0000,-0.0076,1.0000,0.0000,0.0000,0.0000,1.0000,0.2577,0.2263,0.1400
433,1,63.0189,-0.0433,0.6052,1.0000,0.0076,0.0000,-0.0076,1.0000,0.0000,0.0000,0.0000,1.0000,0.1100,0.2168,0.3052
433,2,63.0952,-0.1030,0.5173,1.0000,0.0076,0.0000,-0.0076,1.0000,0.0000,0.0000,0.0000,1.0000,0.1101,0.3070,0.2173
433,3,63.1190,-0.2796,0.5889,1.0000,0.0076,0.0000,-0.0076,1.0000,0.0000,0.0000,0.0000,1.0000,0.2836,0.2073,0.2889
433,4,63.2374,-0.3252,0.5062,1.0000,0.0076,0.0000,-0.0076,1.0000,0.0000,0.0000,0.0000,1.0000,0.2820,0.2947,0.2062
433,5,63.4040,-0.1871,0.6614,1.0000,0.0076,0.0000,-0.0076,1.0000,0.0000,0.0000,0.0000,1.0000,0.1112,0.2100,0.3614
433,6,63.4968,-0.1669,0.4265,1.0000,0.0076,0.0000,-0.0076,1.0000,0.0000,0.0000,0.0000,1.0000,0.1972,0.1336,0.1265
433,7,63.6057,-0.1577,0.4491,1.0000,0.0076,0.0000,-0.0076,1.0000,0.0000,0.0000,0.0000,1.0000,0.1624,0.1625,0.0548
433,8,63.6327,-0.1143,0.4472,1.0000,0.0076,0.0000,-0.0076,1.0000,0.0000,0.0000,0.0000,1.0000,0.0831,0.2046,0.1050
433,9,63.6625,-0.0477,0.4544,1.0000,0.0076,0.0000,-0.0076,1.0000,0.0000,0.0000,0.0000,1.0000,0.0210,0.0279,0.0569
433,10,63.7069,-0.1073,0.4546,1.0000,0.0076,0.0000,-0.0076,1.0000,0.0000,0.0000,0.0000,1.0000,0.0210,0.0279,0.0569
434,0,64.5478,-0.0343,0.4400,1.0000,0.0080,0.0000,-0.0080,1.0000,0.0000,0.0000,0.0000,1.0000,0.2577,0.2263,0.1400
434,1,64.5559,-0.0314,0.6052,1.0000,0.0080,0.0000,-0.0080,1.0000,0.0000,0.0000,0.0000,1.0000,0.1100,0.2168,0.3052
434,2,64.6323,-0.0911,0.5173,1.0000,0.0080,0.0000,-0.0080,1.0000,0.0000,0.0000,0.0000,1.0000,0.1101,0.3070,0.2173
434,3,64.6561,-0.2676,0.5889,1.0000,0.0080,0.0000,-0.0080,1.0000,0.0000,0.0000,0.0000,1.0000,0.2836,0.2073,0.2889
434,4,64.7745,-0.3131,0.5062,1.0000,0.0080,0.0000,-0.0080,1.0000,0.0000,0.0000,0.0000,1.0000,0.2820,0.2947,0.2062
434,5,64.9410,-0.1750,0.6614,1.0000,0.0080,0.0000,-0.0080,1.0000,0.0000,0.0000,0.0000,1.0000,0.1112,0.2100,0.3614
434,6,65.0339,-0.1547,0.4265,1.0000,0.0080,0.0000,-0.0080,1.0000,0.0000,0.0000,0.0000,1.0000,0.1972,0.1336,0.1265
434,7,65.1427,-0.1455,0.4491,1.0000,0.0080,0.0000,-0.0080,1.0000,0.0000,0.0000,0.0000,1.0000,0.1624,0.1625,0.0548
434,8,65.1698,-0.1021,0.4472,1.0000,0.0080,0.0000,-0.0080,1.0000,0.0000,0.0000,0.0000,1.0000,0.0831,0.2046,0.1050
434,9,65.1995,-0.0355,0.4544,1.0000,0.0080,0.0000,-0.0080,1.0000,0.0000,0.0000,0.0000,1.0000,0.0210,0.0279,0.0569
434,10,65.2439,-0.0951,0.4546,1.0000,0.0080,0.0000,-0.0080,1.0000,0.0000,0.0000,0.0000,1.0000,0.0210,0.0279,0.0569
435,0,66.0909,-0.0217,0.4400,1.0000,0.0084,0.0000,-0.0084,1.0000,0.0000,0.0000,0.0000,1.0000,0.2577,0.2263,0.1400
435,1,66.0990,-0.0187,0.6052,1.0000,0.0084,0.0000,-0.0084,1.0000,0.0000,0.0000,0.0000,1.0000,0.1100,0.2168,0.3052
435,2,66.1754,-0.0784,0.5173,1.0000,0.0084,0.0000,-0.0084,1.0000,0.0000,0.0000,0.0000,1.0000,0.1101,0.3070,0.2173
435,3,66.1993,-0.2549,0.5889,1.0000,0.0084,0.0000,-0.0084,1.0000,0.0000,0.0000,0.0000,1.0000,0.2836,0.2073,0.2889
435,4,66.3178,-0.3004,0.5062,1.0000,0.0084,0.0000,-0.0084,1.0000,0.0000,0.0000,0.0000,1.0000,0.2820,0.2947,0.2062
435,5,66.4842,-0.1622,0.6614,1.0000,0.0084,0.0000,-0.0084,1.0000,0.0000,0.0000,0.0000,1.0000,0.1112,0.2100,0.3614
435,6,66.5771,-0.1419,0.4265,1.0000,0.0084,0.0000,-0.0084,1.0000,0.0000,0.0000,0.0000,1.0000,0.1972,0.1336,0.1265
435,7,66.6859,-0.1326,0.4491,1.0000,0.0084,0.0000,-0.0084,1.0000,0.0000,0.0000,0.0000,1.0000,0.1624,0.1625,0.0548
435,8,66.7129,-0.0892,0.4472,1.0000,0.0084,0.0000,-0.0084,1.0000,0.0000,0.0000,0.0000,1.0000,0.0831,0.2046,0.1050
435,9,66.7427,-0.0227,0.4544,1.0000,0.0084,0.0000,-0.0084,1.0000,0.0000,0.0000,0.0000,1.0000,0.0210,0.0279,0.0569
435,10,66.7871,-0.0822,0.4546,1.0000,0.0084,0.0000,-0.0084,1.0000,0.0000,0.0000,0.0000,1.0000,0.0210,0.0279,0.0569
436,0,67.6401,-0.0084,0.4400,1.0000,0.0088,0.0000,-0.0088,1.0000,0.0000,0.0000,0.0000,1.0000,0.2577,0.2263,0.1400
436,1,67.6481,-0.0055,0.6052,1.0000,0.0088,0.0000,-0.0088,1.0000,0.0000,0.0000,0.0000,1.0000,0.1100,0.2168,0.3052
436,2,67.7246,-0.0651,0.5173,1.0000,0.0088,0.0000,-0.0088,1.0000,0.0000,0.0000,0.0000,1.0000,0.1101,0.3070,0.2173
436,3,67.7485,-0.2416,0.5889,1.0000,0.0088,0.0000,-0.0088,1.0000,0.0000,0.0000,0.0000,1.0000,0.2836,0.2073,0.2889
436,4,67.8670,-0.2871,0.5062,1.0000,0.0088,0.0000,-0.0088,1.0000,0.0000,0.0000,0.0000,1.0000,0.2820,0.2947,0.2062
436,5,68.0334,-0.1488,0.6614,1.0000,0.0088,0.0000,-0.0088,1.0000,0.0000,0.0000,0.0000,1.0000,0.1112,0.2100,0.3614
436,6,68.1262,-0.1285,0.4265,1.0000,0.0088,0.0000,-0.0088,1.0000,0.0000,0.0000,0.0000,1.0000,0.1972,0.1336,0.1265
436,7,68.2351,-0.1191,0.4491,1.0000,0.0088,0.0000,-0.0088,1.0000,0.0000,0.0000,0.0000,1.0000,0.1624,0.1625,0.0548
436,8,68.2621,-0.0757,0.4472,1.0000,0.0088,0.0000,-0.0088,1.0000,0.0000,0.0000,0.0000,1.0000,0.0831,0.2046,0.1050
436,9,68.2918,-0.0091,0.4544,1.0000,0.0088,0.0000,-0.0088,1.0000,0.0000,0.0000,0.0000,1.0000,0.0210,0.0279,0.0569
436,10,68.3362,-0.0686,0.4546,1.0000,0.0088,0.0000,-0.0088,1.0000,0.0000,0.0000,0.0000,1.0000,0.0210,0.0279,0.0569
437,0,69.1954,0.0055,0.4400,1.0000,0.0092,0.0000,-0.0092,1.0000,0.0000,0.0000,0.0000,1.0000,0.2577,0.2263,0.1400
437,1,69.2035,0.0085,0.6052,1.0000,0.0092,0.0000,-0.0092,1.0000,0.0000,0.0000,0.0000,1.0000,0.1100,0.2168,0.3052
437,2,69.2800,-0.0511,0.5173,1.0000,0.0092,0.0000,-0.0092,1.0000,0.0000,0.0000,0.0000,1.0000,0.1101,0.3070,0.2173
437,3,69.3040,-0.2276,0.5889,1.0000,0.0092,0.0000,-0.0092,1.0000,0.0000,0.0000,0.0000,1.0000,0.2836,0.2073,0.2889
437,4,69.4225,-0.2730,0.5062,1.0000,0.0092,0.0000,-0.0092,1.0000,0.0000,0.0000,0.0000,1.0000,0.2820,0.2947,0.2062
437,5,69.5889,-0.1347,0.6614,1.0000,0.0092,0.0000,-0.0092,1.0000,0.0000,0.0000,0.0000,1.0000,0.1112,0.2100,0.3614
437,6,69.6817,-0.1143,0.4265,1.0000,0.0092,0.0000,-0.0092,1.0000,0.0000,0.0000,0.0000,1.0000,0.1972,0.1336,0.1265
437,7,69.7905,-0.1049,0.4491,1.0000,0.0092,0.0000,-0.0092,1.0000,0.0000,0.0000,0.0000,1.0000,0.1624,0.1625,0.0548
437,8,69.8175,-0.0615,0.4472,1.0000,0.0092,0.0000,-0.0092,1.0000,0.0000,0.0000,0.0000,1.0000,0.0831,0.2046,0.1050
437,9,69.8472,0.0051,0.4544,1.0000,0.0092,0.0000,-0.0092,1.0000,0.0000,0.0000,0.0000,1.0000,0.0210,0.0279,0.0569
437,10,69.8916,-0.0544,0.4546,1.0000,0.0092,0.0000,-0.0092,1.0000,0.0000,0.0000,0.0000,1.0000,0.0210,0.0279,0.0569
438,0,70.7576,0.0201,0.4400,1.0000,0.0096,0.0000,-0.0096,1.0000,0.0000,0.0000,0.0000,1.0000,0.2577,0.2263,0.1400
438,1,70.7656,0.0231,0.6052,1.0000,0.0096,0.0000,-0.0096,1.0000,0.0000,0.0000,0.0000,1.0000,0.1100,0.2168,0.3052
438,2,70.8421,-0.0365,0.5173,1.0000,0.0096,0.0000,-0.0096,1.0000,0.0000,0.0000,0.0000,1.0000,0.1101,0.3070,0.2173
438,3,70.8662,-0.2129,0.5889,1.0000,0.0096,0.0000,-0.0096,1.0000,0.0000,0.0000,0.0000,1.0000,0.2836,0.2073,0.2889
438,4,70.9848,-0.2583,0.5062,1.0000,0.0096,0.0000,-0.0096,1.0000,0.0000,0.0000,0.0000,1.0000,0.2820,0.2947,0.2062
438,5,71.1510,-0.1199,0.6614,1.0000,0.0096,0.0000,-0.0096,1.0000,0.0000,0.0000,0.0000,1.0000,0.1112,0.2100,0.3614
438,6,71.2438,-0.0995,0.4265,1.0000,0.0096,0.0000,-0.0096,1.0000,0.0000,0.0000,0.0000,1.0000,0.1972,0.1336,0.1265
438,7,71.3527,-0.0901,0.4491,1.0000,0.0096,0.0000,-0.0096,1.0000,0.0000,0.0000,0.0000,1.0000,0.1624,0.1625,0.0548
438,8,71.3796,-0.0466,0.4472,1.0000,0.0096,0.0000,-0.0096,1.0000,0.0000,0.0000,0.0000,1.0000,0.0831,0.2046,0.1050
438,9,71.4093,0.0200,0.4544,1.0000,0.0096,0.0000,-0.0096,1.0000,0.0000,0.0000,0.0000,1.0000,0.0210,0.0279,0.0569
438,10,71.4538,-0.0395,0.4546,1.0000,0.0096,0.0000,-0.0096,1.0000,0.0000,0.0000,0.0000,1.0000,0.0210,0.0279,0.0569
439,0,72.3269,0.0355,0.4400,0.9999,0.0101,0.0000,-0.0101,0.9999,0.0000,0.0000,0.0000,1.0000,0.2577,0.2263,0.1400
439,1,72.3350,0.0385,0.6052,0.9999,0.0101,0.0000,-0.0101,0.9999,0.0000,0.0000,0.0000,1.0000,0.1100,0.2168,0.3052
439,2,72.4115,-0.0210,0.5173,0.9999,0.0101,0.0000,-0.0101,0.9999,0.0000,0.0000,0.0000,1.0000,0.1101,0.3070,0.2173
439,3,72.4357,-0.1975,0.5889,0.9999,0.0101,0.0000,-0.0101,0.9999,0.0000,0.0000,0.0000,1.0000,0.2836,0.2073,0.2889
439,4,72.5542,-0.2428,0.5062,0.9999,0.0101,0.0000,-0.0101,0.9999,0.0000,0.0000,0.0000,1.0000,0.2820,0.2947,0.2062
439,5,72.7204,-0.1043,0.6614,0.9999,0.0101,0.0000,-0.0101,0.9999,0.0000,0.0000,0.0000,1.0000,0.1112,0.2100,0.3614
439,6,72.8132,-0.0839,0.4265,0.9999,0.0101,0.0000,-0.0101,0.9999,0.0000,0.0000,0.0000,1.0000,0.1972,0.1336,0.1265
439,7,72.9220,-0.0744,0.4491,0.9999,0.0101,0.0000,-0.0101,0.9999,0.0000,0.0000,0.0000,1.0000,0.1624,0.1625,0.0548
439,8,72.9490,-0.0309,0.4472,0.9999,0.0101,0.0000,-0.0101,0.9999,0.0000,0.0000,0.0000,1.0000,0.0831,0.2046,0.1050
439,9,72.9786,0.0357,0.4544,0.9999,0.0101,0.0000,-0.0101,0.9999,0.0000,0.0000,0.0000,1.0000,0.0210,0.0279,0.0569
439,10,73.0231,-0.0238,0.4546,0.9999,0.0101,0.0000,-0.0101,0.9999,0.0000,0.0000,0.0000,1.0000,0.0210,0.0279,0.0569
440,0,73.9037,0.0518,0.4400,0.9999,0.0107,0.0000,-0.0107,0.9999,0.0000,0.0000,0.0000,1.0000,0.2577,0.2263,0.1400
440,1,73.9118,0.0548,0.6052,0.9999,0.0107,0.0000,-0.0107,0.9999,0.0000,0.0000,0.0000,1.0000,0.1100,0.2168,0.3052
440,2,73.9883,-0.0047,0.5173,0.9999,0.0107,0.0000,-0.0107,0.9999,0.0000,0.0000,0.0000,1.0000,0.1101,0.3070,0.2173
440,3,74.0126,-0.1811,0.5889,0.9999,0.0107,0.0000,-0.0107,0.9999,0.0000,0.0000,0.0000,1.0000,0.2836,0.2073,0.2889
440,4,74.1312,-0.2264,0.5062,0.9999,0.0107,0.0000,-0.0107,0.9999,0.0000,0.0000,0.0000,1.0000,0.2820,0.2947,0.2062
440,5,74.2973,-0.0878,0.6614,0.9999,0.0107,0.0000,-0.0107,0.9999,0.0000,0.0000,0.0000,1.0000,0.1112,0.2100,0.3614
440,6,74.3901,-0.0673,0.4265,0.9999,0.0107,0.0000,-0.0107,0.9999,0.0000,0.0000,0.0000,1.0000,0.1972,0.1336,0.1265
440,7,74.4989,-0.0577,0.4491,0.9999,0.0107,0.0000,-0.0107,0.9999,0.0000,0.0000,0.0000,1.0000,0.1624,0.1625,0.0548
440,8,74.5259,-0.0142,0.4472,0.9999,0.0107,0.0000,-0.0107,0.9999,0.0000,0.0000,0.0000,1.0000,0.0831,0.2046,0.1050
440,9,74.5555,0.0524,0.4544,0.9999,0.0107,0.0000,-0.0107,0.9999,0.0000,0.0000,0.0000,1.0000,0.0210,0.0279,0.0569
440,10,74.6000,-0.0070,0.4546,0.9999,0.0107,0.0000,-0.0107,0.9999,0.0000,0.0000,0.0000,1.0000,0.0210,0.0279,0.0569
441,0,75.4882,0.0691,0.4400,0.9999,0.0111,0.0000,-0.0111,0.9999,0.0000,0.0000,0.0000,1.0000,0.2577,0.2263,0.1400
441,1,75.4962,0.0721,0.6052,0.9999,0.0111,0.0000,-0.0111,0.9999,0.0000,0.0000,0.0000,1.0000,0.1100,0.2168,0.3052
441,2,75.5728,0.0126,0.5173,0.9999,0.0111,0.0000,-0.0111,0.9999,0.0000,0.0000,0.0000,1.0000,0.1101,0.3070,0.2173
441,3,75.5972,-0.1638,0.5889,0.9999,0.0111,0.0000,-0.0111,0.9999,0.0000,0.0000,0.0000,1.0000,0.2836,0.2073,0.2889
441,4,75.7158,-0.2090,0.5062,0.9999,0.0111,0.0000,-0.0111,0.9999,0.0000,0.0000,0.0000,1.0000,0.2820,0.2947,0.2062
441,5,75.8818,-0.0703,0.6614,0.9999,0.0111,0.0000,-0.0111,0.9999,0.0000,0.0000,0.0000,1.0000,0.1112,0.2100,0.3614
441,6,75.9746,-0.0498,0.4265,0.9999,0.0111,0.0000,-0.0111,0.9999,0.0000,0.0000,0.0000,1.0000,0.1972,0.1336,0.1265
441,7,76.0834,-0.0402,0.4491,0.9999,0.0111,0.0000,-0.0111,0.9999,0.0000,0.0000,0.0000,1.0000,0.1624,0.1625,0.0548
441,8,76.1103,0.0033,0.4472,0.9999,0.0111,0.0000,-0.0111,0.9999,0.0000,0.0000,0.0000,1.0000,0.0831,0.2046,0.1050
441,9,76.1399,0.0700,0.4544,0.9999,0.0111,0.0000,-0.0111,0.9999,0.0000,0.0000,0.0000,1.0000,0.0210,0.0279,0.0569
441,10,76.1845,0.0106,0.4546,0.9999,0.0111,0.0000,-0.0111,0.9999,0.0000,0.0000,0.0000,1.0000,0.0210,0.0279,0.0569
442,0,77.0803,0.0872,0.4400,0.9999,0.0116,0.0000,-0.0116,0.9999,0.0000,0.0000,0.0000,1.0000,0.2577,0.2263,0.1400
442,1,77.0884,0.0901,0.6052,0.9999,0.0116,0.0000,-0.0116,0.9999,0.0000,0.0000,0.0000,1.0000,0.1100,0.2168,0.3052
442,2,77.1650,0.0307,0.5173,0.9999,0.0116,0.0000,-0.0116,0.9999,0.0000,0.0000,0.0000,1.0000,0.1101,0.3070,0.2173
442,3,77.1894,-0.1457,0.5889,0.9999,0.0116,0.0000,-0.0116,0.9999,0.0000,0.0000,0.0000,1.0000,0.2836,0.2073,0.2889
442,4,77.3080,-0.1908,0.5062,0.9999,0.0116,0.0000,-0.0116,0.9999,0.0000,0.0000,0.0000,1.0000,0.2820,0.2947,0.2062
442,5,77.4740,-0.0521,0.6614,0.9999,0.0116,0.0000,-0.0116,0.9999,0.0000,0.0000,0.0000,1.0000,0.1112,0.2100,0.3614
442,6,77.5668,-0.0315,0.4265,0.9999,0.0116,0.0000,-0.0116,0.9999,0.0000,0.0000,0.0000,1.0000,0.1972,0.1336,0.1265
442,7,77.6756,-0.0219,0.4491,0.9999,0.0116,0.0000,-0.0116,0.9999,0.0000,0.0000,0.0000,1.0000,0.1624,0.1625,0.0548
442,8,77.7025,0.0216,0.4472,0.9999,0.0116,0.0000,-0.0116,0.9999,0.0000,0.0000,0.0000,1.0000,0.0831,0.2046,0.1050
442,9,77.7320,0.0883,0.4544,0.9999,0.0116,0.0000,-0.0116,0.9999,0.0000,0.0000,0.0000,1.0000,0.0210,0.0279,0.0569
442,10,77.7766,0.0289,0.4546,0.9999,0.0116,0.0000,-0.0116,0.9999,0.0000,0.0000,0.0000,1.0000,0.0210,0.0279,0.0569
443,0,78.6804,0.1060,0.4400,0.9999,0.0121,0.0000,-0.0121,0.9999,0.0000,0.0000,0.0000,1.0000,0.2577,0.2263,0.1400
443,1,78.6885,0.1090,0.6052,0.9999,0.0121,0.0000,-0.0121,0.9999,0.0000,0.0000,0.0000,1.0000,0.1100,0.2168,0.3052
443,2,78.7651,0.0496,0.5173,0.9999,0.0121,0.0000,-0.0121,0.9999,0.0000,0.0000,0.0000,1.0000,0.1101,0.3070,0.2173
443,3,78.7896,-0.1268,0.5889,0.9999,0.0121,0.0000,-0.0121,0.9999,0.0000,0.0000,0.0000,1.0000,0.2836,0.2073,0.2889
443,4,78.9083,-0.1718,0.5062,0.9999,0.0121,0.0000,-0.0121,0.9999,0.0000,0.0000,0.0000,1.0000,0.2820,0.2947,0.2062
443,5,79.0742,-0.0330,0.6614,0.9999,0.0121,0.0000,-0.0121,0.9999,0.0000,0.0000,0.0000,1.0000,0.1112,0.2100,0.3614
443,6,79.1670,-0.0124,0.4265,0.9999,0.0121,0.0000,-0.0121,0.9999,0.0000,0.0000,0.0000,1.0000,0.1972,0.1336,0.1265
443,7,79.2758,-0.0027,0.4491,0.9999,0.0121,0.0000,-0.0121,0.9999,0.0000,0.0000,0.0000,1.0000,0.1624,0.1625,0.0548
443,8,79.3027,0.0408,0.4472,0.9999,0.0121,0.0000,-0.0121,0.9999,0.0000,0.0000,0.0000,1.0000,0.0831,0.2046,0.1050
443,9,79.3322,0.1075,0.4544,0.9999,0.0121,0.0000,-0.0121,0.9999,0.0000,0.0000,0.0000,1.0000,0.0210,0.0279,0.0569
443,10,79.3768,0.0481,0.4546,0.9999,0.0121,0.0000,-0.0121,0.9999,0.0000,0.0000,0.0000,1.0000,0.0210,0.0279,0.0569
444,0,80.2887,0.1257,0.4400,0.9999,0.0125,0.0000,-0.0125,0.9999,0.0000,0.0000,0.0000,1.0000,0.2577,0.2263,0.1400
444,1,80.2968,0.1287,0.6052,0.9999,0.0125,0.0000,-0.0125,0.9999,0.0000,0.0000,0.0000,1.0000,0.1100,0.2168,0.3052
444,2,80.3734,0.0694,0.5173,0.9999,0.0125,0.0000,-0.0125,0.9999,0.0000,0.0000,0.0000,1.0000,0.1101,0.3070,0.2173
444,3,80.3980,-0.1070,0.5889,0.9999,0.0125,0.0000,-0.0125,0.9999,0.0000,0.0000,0.0000,1.0000,0.2836,0.2073,0.2889
444,4,80.5167,-0.1520,0.5062,0.9999,0.0125,0.0000,-0.0125,0.9999,0.0000,0.0000,0.0000,1.0000,0.2820,0.2947,0.2062
444,5,80.6826,-0.0132,0.6614,0.9999,0.0125,0.0000,-0.0125,0.9999,0.0000,0.0000,0.0000,1.0000,0.1112,0.2100,0.3614
444,6,80.7753,0.0075,0.4265,0.9999,0.0125,0.0000,-0.0125,0.9999,0.0000,0.0000,0.0000,1.0000,0.1972,0.1336,0.1265
444,7,80.8841,0.0173,0.4491,0.9999,0.0125,0.0000,-0.0125,0.9999,0.0000,0.0000,0.0000,1.0000,0.1624,0.1625,0.0548
444,8,80.9110,0.0608,0.4472,0.9999,0.0125,0.0000,-0.0125,0.9999,0.0000,0.0000,0.0000,1.0000,0.0831,0.2046,0.1050
444,9,80.9404,0.1275,0.4544,0.9999,0.0125,0.0000,-0.0125,0.9999,0.0000,0.0000,0.0000,1.0000,0.0210,0.0279,0.0569
444,10,80.9851,0.0681,0.4546,0.9999,0.0125,0.0000,-0.0125,0.9999,0.0000,0.0000,0.0000,1.0000,0.0210,0.0279,0.0569
445,0,81.9053,0.1461,0.4400,0.9999,0.0127,0.0000,-0.0127,0.9999,0.0000,0.0000,0.0000,1.0000,0.2577,0.2263,0.1400
445,1,81.9134,0.1491,0.6052,0.9999,0.0127,0.0000,-0.0127,0.9999,0.0000,0.0000,0.0000,1.0000,0.1100,0.2168,0.3052
445,2,81.9900,0.0898,0.5173,0.9999,0.0127,0.0000,-0.0127,0.9999,0.0000,0.0000,0.0000,1.0000,0.1101,0.3070,0.2173
445,3,82.0147,-0.0866,0.5889,0.9999,0.0127,0.0000,-0.0127,0.9999,0.0000,0.0000,0.0000,1.0000,0.2836,0.2073,0.2889
445,4,82.1333,-0.1316,0.5062,0.9999,0.0127,0.0000,-0.0127,0.9999,0.0000,0.0000,0.0000,1.0000,0.2820,0.2947,0.2062
445,5,82.2992,0.0073,0.6614,0.9999,0.0127,0.0000,-0.0127,0.9999,0.0000,0.0000,0.0000,1.0000,0.1112,0.2100,0.3614
445,6,82.3919,0.0280,0.4265,0.9999,0.0127,0.0000,-0.0127,0.9999,0.0000,0.0000,0.0000,1.0000,0.1972,0.1336,0.1265
445,7,82.5007,0.0378,0.4491,0.9999,0.0127,0.0000,-0.0127,0.9999,0.0000,0.0000,0.0000,1.0000,0.1624,0.1625,0.0548
445,8,82.5276,0.0813,0.4472,0.9999,0.0127,0.0000,-0.0127,0.9999,0.0000,0.0000,0.0000,1.0000,0.0831,0.2046,0.1050
445,9,82.5570,0.1480,0.4544,0.9999,0.0127,0.0000,-0.0127,0.9999,0.0000,0.0000,0.0000,1.0000,0.0210,0.0279,0.0569
445,10,82.6017,0.0887,0.4546,0.9999,0.0127,0.0000,-0.0127,0.9999,0.0000,0.0000,0.0000,1.0000,0.0210,0.0279,0.0569
446,0,83.5303,0.1669,0.4400,0.9999,0.0128,0.0000,-0.0128,0.9999,0.0000,0.0000,0.0000,1.0000,0.2577,0.2263,0.1400
446,1,83.5384,0.1699,0.6052,0.9999,0.0128,0.0000,-0.0128,0.9999,0.0000,0.0000,0.0000,1.0000,0.1100,0.2168,0.3052
446,2,83.6151,0.1106,0.5173,0.9999,0.0128,0.0000,-0.0128,0.9999,0.0000,0.0000,0.0000,1.0000,0.1101,0.3070,0.2173
446,3,83.6397,-0.0658,0.5889,0.9999,0.0128,0.0000,-0.0128,0.9999,0.0000,0.0000,0.0000,1.0000,0.2836,0.2073,0.2889
446,4,83.7584,-0.1108,0.5062,0.9999,0.0128,0.0000,-0.0128,0.9999,0.0000,0.0000,0.0000,1.0000,0.2820,0.2947,0.2062
446,5,83.9242,0.0281,0.6614,0.9999,0.0128,0.0000,-0.0128,0.9999,0.0000,0.0000,0.0000,1.0000,0.1112,0.2100,0.3614
446,6,84.0170,0.0488,0.4265,0.9999,0.0128,0.0000,-0.0128,0.9999,0.0000,0.0000,0.0000,1.0000,0.1972,0.1336,0.1265
446,7,84.1258,0.0586,0.4491,0.9999,0.0128,0.0000,-0.0128,0.9999,0.0000,0.0000,0.0000,1.0000,0.1624,0.1625,0.0548
446,8,84.1526,0.1022,0.4472,0.9999,0.0128,0.0000,-0.0128,0.9999,0.0000,0.0000,0.0000,1.0000,0.0831,0.2046,0.1050
446,9,84.1821,0.1689,0.4544,0.9999,0.0128,0.0000,-0.0128,0.9999,0.0000,0.0000,0.0000,1.0000,0.0210,0.0279,0.0569
446,10,84.2267,0.1095,0.4546,0.9999,0.0128,0.0000,-0.0128,0.9999,0.0000,0.0000,0.0000,1.0000,0.0210,0.0279,0.0569
447,0,85.1639,0.1884,0.4400,0.9999,0.0135,0.0000,-0.0135,0.9999,0.0000,0.0000,0.0000,1.0000,0.2577,0.2263,0.1400
447,1,85.1720,0.1914,0.6052,0.9999,0.0135,0.0000,-0.0135,0.9999,0.0000,0.0000,0.0000,1.0000,0.1100,0.2168,0.3052
447,2,85.2487,0.1321,0.5173,0.9999,0.0135,0.0000,-0.0135,0.9999,0.0000,0.0000,0.0000,1.0000,0.1101,0.3070,0.2173
447,3,85.2735,-0.0442,0.5889,0.9999,0.0135,0.0000,-0.0135,0.9999,0.0000,0.0000,0.0000,1.0000,0.2836,0.2073,0.2889
447,4,85.3922,-0.0891,0.5062,0.9999,0.0135,0.0000,-0.0135,0.9999,0.0000,0.0000,0.0000,1.0000,0.2820,0.2947,0.2062
447,5,85.5579,0.0499,0.6614,0.9999,0.0135,0.0000,-0.0135,0.9999,0.0000,0.0000,0.0000,1.0000,0.1112,0.2100,0.3614
447,6,85.6507,0.0707,0.4265,0.9999,0.0135,0.0000,-0.0135,0.9999,0.0000,0.0000,0.0000,1.0000,0.1972,0.1336,0.1265
447,7,85.7594,0.0805,0.4491,0.9999,0.0135,0.0000,-0.0135,0.9999,0.0000,0.0000,0.0000,1.0000,0.1624,0.1625,0.0548
447,8,85.7862,0.1241,0.4472,0.9999,0.0135,0.0000,-0.0135,0.9999,0.0000,0.0000,0.0000,1.0000,0.0831,0.2046,0.1050
447,9,85.8157,0.1908,0.4544,0.9999,0.0135,0.0000,-0.0135,0.9999,0.0000,0.0000,0.0000,1.0000,0.0210,0.0279,0.0569
447,10,85.8604,0.1315,0.4546,0.9999,0.0135,0.0000,-0.0135,0.9999,0.0000,0.0000,0.0000,1.0000,0.0210,0.0279,0.0569
448,0,0.8683,-0.0080,0.4400,1.0000,-0.0003,0.0000,0.0003,1.0000,0.0000,0.0000,0.0000,1.0000,0.2577,0.2263,0.1400
448,1,0.8764,-0.0051,0.6052,1.0000,-0.0003,0.0000,0.0003,1.0000,0.0000,0.0000,0.0000,1.0000,0.1100,0.2168,0.3052
448,2,0.9523,-0.0654,0.5173,1.0000,-0.0003,0.0000,0.0003,1.0000,0.0000,0.0000,0.0000,1.0000,0.1101,0.3070,0.2173
448,3,0.9746,-0.2421,0.5889,1.0000,-0.0003,0.0000,0.0003,1.0000,0.0000,0.0000,0.0000,1.0000,0.2836,0.2073,0.2889
448,4,1.0927,-0.2887,0.5062,1.0000,-0.0003,0.0000,0.0003,1.0000,0.0000,0.0000,0.0000,1.0000,0.2820,0.2947,0.2062
448,5,1.2603,-0.1519,0.6614,1.0000,-0.0003,0.0000,0.0003,1.0000,0.0000,0.0000,0.0000,1.0000,0.1112,0.2100,0.3614
448,6,1.3534,-0.1324,0.4265,1.0000,-0.0003,0.0000,0.0003,1.0000,0.0000,0.0000,0.0000,1.0000,0.1972,0.1336,0.1265
448,7,1.4623,-0.1241,0.4491,1.0000,-0.0003,0.0000,0.0003,1.0000,0.0000,0.0000,0.0000,1.0000,0.1624,0.1625,0.0548
448,8,1.4897,-0.0809,0.4472,1.0000,-0.0003,0.0000,0.0003,1.0000,0.0000,0.0000,0.0000,1.0000,0.0831,0.2046,0.1050
448,9,1.5200,-0.0146,0.4544,1.0000,-0.0003,0.0000,0.0003,1.0000,0.0000,0.0000,0.0000,1.0000,0.0210,0.0279,0.0569
448,10,1.5639,-0.0745,0.4546,1.0000,-0.0003,0.0000,0.0003,1.0000,0.0000,0.0000,0.0000,1.0000,0.0210,0.0279,0.0569
449,0,1.7887,-0.0083,0.4400,1.0000,-0.0004,0.0000,0.0004,1.0000,0.0000,0.0000,0.0000,1.0000,0.2577,0.2263,0.1400
449,1,1.7968,-0.0054,0.6052,1.0000,-0.0004,0.0000,0.0004,1.0000,0.0000,0.0000,0.0000,1.0000,0.1100,0.2168,0.3052
449,2,1.8726,-0.0657,0.5173,1.0000,-0.0004,0.0000,0.0004,1.0000,0.0000,0.0000,0.0000,1.0000,0.1101,0.3070,0.2173
449,3,1.8950,-0.2425,0.5889,1.0000,-0.0004,0.0000,0.0004,1.0000,0.0000,0.0000,0.0000,1.0000,0.2836,0.2073,0.2889
449,4,2.0130,-0.2890,0.5062,1.0000,-0.0004,0.0000,0.0004,1.0000,0.0000,0.0000,0.0000,1.0000,0.2820,0.2947,0.2062
449,5,2.1807,-0.1523,0.6614,1.0000,-0.0004,0.0000,0.0004,1.0000,0.0000,0.0000,0.0000,1.0000,0.1112,0.2100,0.3614
449,6,2.2737,-0.1328,0.4265,1.0000,-0.0004,0.0000,0.0004,1.0000,0.0000,0.0000,0.0000,1.0000,0.1972,0.1336,0.1265
449,7,2.3826,-0.1245,0.4491,1.0000,-0.0004,0.0000,0.0004,1.0000,0.0000,0.0000,0.0000,1.0000,0.1624,0.1625,0.0548
449,8,2.4100,-0.0813,0.4472,1.0000,-0.0004,0.0000,0.0004,1.0000,0.0000,0.0000,0.0000,1.0000,0.0831,0.2046,0.1050
449,9,2.4404,-0.0150,0.4544,1.0000,-0.0004,0.0000,0.0004,1.0000,0.0000,0.0000,0.0000,1.0000,0.0210,0.0279,0.0569
449,10,2.4842,-0.0749,0.4546,1.0000,-0.0004,0.0000,0.0004,1.0000,0.0000,0.0000,0.0000,1.0000,0.0210,0.0279,0.0569
450,0,2.7202,-0.0087,0.4400,1.0000,-0.0004,0.0000,0.0004,1.0000,0.0000,0.0000,0.0000,1.0000,0.2577,0.2263,0.1400
450,1,2.7283,-0.0058,0.6052,1.0000,-0.0004,0.0000,0.0004,1.0000,0.0000,0.0000,0.0000,1.0000,0.1100,0.2168,0.3052
450,2,2.8042,-0.0661,0.5173,1.0000,-0.0004,0.0000,0.0004,1.0000,0.0000,0.0000,0.0000,1.0000,0.1101,0.3070,0.2173
450,3,2.8265,-0.2428,0.5889,1.0000,-0.0004,0.0000,0.0004,1.0000,0.0000,0.0000,0.0000,1.0000,0.2836,0.2073,0.2889
450,4,2.9446,-0.2894,0.5062,1.0000,-0.0004,0.0000,0.0004,1.0000,0.0000,0.0000,0.0000,1.0000,0.2820,0.2947,0.2062
450,5,3.1122,-0.1526,0.6614,1.0000,-0.0004,0.0000,0.0004,1.0000,0.0000,0.0000,0.0000,1.0000,0.1112,0.2100,0.3614
450,6,3.2052,-0.1331,0.4265,1.0000,-0.0004,0.0000,0.0004,1.0000,0.0000,0.0000,0.0000,1.0000,0.1972,0.1336,0.1265
450,7,3.3142,-0.1248,0.4491,1.0000,-0.0004,0.0000,0.0004,1.0000,0.0000,0.0000,0.0000,1.0000,0.1624,0.1625,0.0548
450,8,3.3416,-0.0816,0.4472,1.0000,-0.0004,0.0000,0.0004,1.0000,0.0000,0.0000,0.0000,1.0000,0.0831,0.2046,0.1050
450,9,3.3719,-0.0153,0.4544,1.0000,-0.0004,0.0000,0.0004,1.0000,0.0000,0.0000,0.0000,1.0000,0.0210,0.0279,0.0569
450,10,3.4158,-0.0752,0.4546,1.0000,-0.0004,0.0000,0.0004,1.0000,0.0000,0.0000,0.0000,1.0000,0.0210,0.0279,0.0569
451,0,3.6629,-0.0087,0.4400,1.0000,0.0005,0.0000,-0.0005,1.0000,0.0000,0.0000,0.0000,1.0000,0.2577,0.2263,0.1400
451,1,3.6710,-0.0057,0.6052,1.0000,0.0005,0.0000,-0.0005,1.0000,0.0000,0.0000,0.0000,1.0000,0.1100,0.2168,0.3052
451,2,3.7469,-0.0660,0.5173,1.0000,0.0005,0.0000,-0.0005,1.0000,0.0000,0.0000,0.0000,1.0000,0.1101,0.3070,0.2173
451,3,3.7694,-0.2427,0.5889,1.0000,0.0005,0.0000,-0.0005,1.0000,0.0000,0.0000,0.0000,1.0000,0.2836,0.2073,0.2889
451,4,3.8875,-0.2891,0.5062,1.0000,0.0005,0.0000,-0.0005,1.0000,0.0000,0.0000,0.0000,1.0000,0.2820,0.2947,0.2062
451,5,4.0550,-0.1523,0.6614,1.0000,0.0005,0.0000,-0.0005,1.0000,0.0000,0.0000,0.0000,1.0000,0.1112,0.2100,0.3614
451,6,4.1480,-0.1327,0.4265,1.0000,0.0005,0.0000,-0.0005,1.0000,0.0000,0.0000,0.0000,1.0000,0.1972,0.1336,0.1265
451,7,4.2569,-0.1243,0.4491,1.0000,0.0005,0.0000,-0.0005,1.0000,0.0000,0.0000,0.0000,1.0000,0.1624,0.1625,0.0548
451,8,4.2843,-0.0811,0.4472,1.0000,0.0005,0.0000,-0.0005,1.0000,0.0000,0.0000,0.0000,1.0000,0.0831,0.2046,0.1050
451,9,4.3146,-0.0147,0.4544,1.0000,0.0005,0.0000,-0.0005,1.0000,0.0000,0.0000,0.0000,1.0000,0.0210,0.0279,0.0569
451,10,4.3585,-0.0746,0.4546,1.0000,0.0005,0.0000,-0.0005,1.0000,0.0000,0.0000,0.0000,1.0000,0.0210,0.0279,0.0569
452,0,4.6166,-0.0084,0.4400,1.0000,0.0001,0.0000,-0.0001,1.0000,0.0000,0.0000,0.0000,1.0000,0.2577,0.2263,0.1400
452,1,4.6247,-0.0055,0.6052,1.0000,0.0001,0.0000,-0.0001,1.0000,0.0000,0.0000,0.0000,1.0000,0.1100,0.2168,0.3052
452,2,4.7007,-0.0658,0.5173,1.0000,0.0001,0.0000,-0.0001,1.0000,0.0000,0.0000,0.0000,1.0000,0.1101,0.3070,0.2173
452,3,4.7231,-0.2425,0.5889,1.0000,0.0001,0.0000,-0.0001,1.0000,0.0000,0.0000,0.0000,1.0000,0.2836,0.2073,0.2889
452,4,4.8412,-0.2889,0.5062,1.0000,0.0001,0.0000,-0.0001,1.0000,0.0000,0.0000,0.0000,1.0000,0.2820,0.2947,0.2062
452,5,5.0088,-0.1521,0.6614,1.0000,0.0001,0.0000,-0.0001,1.0000,0.0000,0.0000,0.0000,1.0000,0.1112,0.2100,0.3614
452,6,5.1018,-0.1326,0.4265,1.0000,0.0001,0.0000,-0.0001,1.0000,0.0000,0.0000,0.0000,1.0000,0.1972,0.1336,0.1265
452,7,5.2107,-0.1242,0.4491,1.0000,0.0001,0.0000,-0.0001,1.0000,0.0000,0.0000,0.0000,1.0000,0.1624,0.1625,0.0548
452,8,5.2381,-0.0810,0.4472,1.0000,0.0001,0.0000,-0.0001,1.0000,0.0000,0.0000,0.0000,1.0000,0.0831,0.2046,0.1050
452,9,5.2683,-0.0147,0.4544,1.0000,0.0001,0.0000,-0.0001,1.0000,0.0000,0.0000,0.0000,1.0000,0.0210,0.0279,0.0569
452,10,5.3123,-0.0746,0.4546,1.0000,0.0001,0.0000,-0.0001,1.0000,0.0000,0.0000,0.0000,1.0000,0.0210,0.0279,0.0569
453,0,5.5817,-0.0083,0.4400,1.0000,0.0000,0.0000,-0.0000,1.0000,0.0000,0.0000,0.0000,1.0000,0.2577,0.2263,0.1400
453,1,5.5898,-0.0054,0.6052,1.0000,0.0000,0.0000,-0.0000,1.0000,0.0000,0.0000,0.0000,1.0000,0.1100,0.2168,0.3052
453,2,5.6657,-0.0657,0.5173,1.0000,0.0000,0.0000,-0.0000,1.0000,0.0000,0.0000,0.0000,1.0000,0.1101,0.3070,0.2173
453,3,5.6881,-0.2424,0.5889,1.0000,0.0000,0.0000,-0.0000,1.0000,0.0000,0.0000,0.0000,1.0000,0.2836,0.2073,0.2889
453,4,5.8062,-0.2889,0.5062,1.0000,0.0000,0.0000,-0.0000,1.0000,0.0000,0.0000,0.0000,1.0000,0.2820,0.2947,0.2062
453,5,5.9738,-0.1521,0.6614,1.0000,0.0000,0.0000,-0.0000,1.0000,0.0000,0.0000,0.0000,1.0000,0.1112,0.2100,0.3614
453,6,6.0668,-0.1326,0.4265,1.0000,0.0000,0.0000,-0.0000,1.0000,0.0000,0.0000,0.0000,1.0000,0.1972,0.1336,0.1265
453,7,6.1757,-0.1242,0.4491,1.0000,0.0000,0.0000,-0.0000,1.0000,0.0000,0.0000,0.0000,1.0000,0.1624,0.1625,0.0548
453,8,6.2031,-0.0810,0.4472,1.0000,0.0000,0.0000,-0.0000,1.0000,0.0000,0.0000,0.0000,1.0000,0.0831,0.2046,0.1050
453,9,6.2334,-0.0147,0.4544,1.0000,0.0000,0.0000,-0.0000,1.0000,0.0000,0.0000,0.0000,1.0000,0.0210,0.0279,0.0569
453,10,6.2773,-0.0746,0.4546,1.0000,0.0000,0.0000,-0.0000,1.0000,0.0000,0.0000,0.0000,1.0000,0.0210,0.0279,0.0569
454,0,6.5579,-0.0079,0.4400,1.0000,0.0009,0.0000,-0.0009,1.0000,0.0000,0.0000,0.0000,1.0000,0.2577,0.2263,0.1400
454,1,6.5660,-0.0050,0.6052,1.0000,0.0009,0.0000,-0.0009,1.0000,0.0000,0.0000,0.0000,1.0000,0.1100,0.2168,0.3052
454,2,6.6419,-0.0652,0.5173,1.0000,0.0009,0.0000,-0.0009,1.0000,0.0000,0.0000,0.0000,1.0000,0.1101,0.3070,0.2173
454,3,6.6645,-0.2419,0.5889,1.0000,0.0009,0.0000,-0.0009,1.0000,0.0000,0.0000,0.0000,1.0000,0.2836,0.2073,0.2889
454,4,6.7826,-0.2883,0.5062,1.0000,0.0009,0.0000,-0.0009,1.0000,0.0000,0.0000,0.0000,1.0000,0.2820,0.2947,0.2062
454,5,6.9501,-0.1513,0.6614,1.0000,0.0009,0.0000,-0.0009,1.0000,0.0000,0.0000,0.0000,1.0000,0.1112,0.2100,0.3614
454,6,7.0431,-0.1317,0.4265,1.0000,0.0009,0.0000,-0.0009,1.0000,0.0000,0.0000,0.0000,1.0000,0.1972,0.1336,0.1265
454,7,7.1520,-0.1233,0.4491,1.0000,0.0009,0.0000,-0.0009,1.0000,0.0000,0.0000,0.0000,1.0000,0.1624,0.1625,0.0548
454,8,7.1793,-0.0800,0.4472,1.0000,0.0009,0.0000,-0.0009,1.0000,0.0000,0.0000,0.0000,1.0000,0.0831,0.2046,0.1050
454,9,7.2096,-0.0137,0.4544,1.0000,0.0009,0.0000,-0.0009,1.0000,0.0000,0.0000,0.0000,1.0000,0.0210,0.0279,0.0569
454,10,7.2535,-0.0736,0.4546,1.0000,0.0009,0.0000,-0.0009,1.0000,0.0000,0.0000,0.0000,1.0000,0.0210,0.0279,0.0569
455,0,7.5450,-0.0070,0.4400,1.0000,0.0009,0.0000,-0.0009,1.0000,0.0000,0.0000,0.0000,1.0000,0.2577,0.2263,0.1400
455,1,7.5531,-0.0041,0.6052,1.0000,0.0009,0.0000,-0.0009,1.0000,0.0000,0.0000,0.0000,1.0000,0.1100,0.2168,0.3052
455,2,7.6290,-0.0643,0.5173,1.0000,0.0009,0.0000,-0.0009,1.0000,0.0000,0.0000,0.0000,1.0000,0.1101,0.3070,0.2173
455,3,7.6516,-0.2410,0.5889,1.0000,0.0009,0.0000,-0.0009,1.0000,0.0000,0.0000,0.0000,1.0000,0.2836,0.2073,0.2889
455,4,7.7697,-0.2874,0.5062,1.0000,0.0009,0.0000,-0.0009,1.0000,0.0000,0.0000,0.0000,1.0000,0.2820,0.2947,0.2062
455,5,7.9372,-0.1504,0.6614,1.0000,0.0009,0.0000,-0.0009,1.0000,0.0000,0.0000,0.0000,1.0000,0.1112,0.2100,0.3614
455,6,8.0302,-0.1308,0.4265,1.0000,0.0009,0.0000,-0.0009,1.0000,0.0000,0.0000,0.0000,1.0000,0.1972,0.1336,0.1265
455,7,8.1391,-0.1223,0.4491,1.0000,0.0009,0.0000,-0.0009,1.0000,0.0000,0.0000,0.0000,1.0000,0.1624,0.1625,0.0548
455,8,8.1664,-0.0791,0.4472,1.0000,0.0009,0.0000,-0.0009,1.0000,0.0000,0.0000,0.0000,1.0000,0.0831,0.2046,0.1050
455,9,8.1967,-0.0128,0.4544,1.0000,0.0009,0.0000,-0.0009,1.0000,0.0000,0.0000,0.0000,1.0000,0.0210,0.0279,0.0569
455,10,8.2406,-0.0726,0.4546,1.0000,0.0009,0.0000,-0.0009,1.0000,0.0000,0.0000,0.0000,1.0000,0.0210,0.0279,0.0569
456,0,8.5426,-0.0064,0.4400,1.0000,0.0003,0.0000,-0.0003,1.0000,0.0000,0.0000,0.0000,1.0000,0.2577,0.2263,0.1400
456,1,8.5507,-0.0035,0.6052,1.0000,0.0003,0.0000,-0.0003,1.0000,0.0000,0.0000,0.0000,1.0000,0.1100,0.2168,0.3052
456,2,8.6266,-0.0637,0.5173,1.0000,0.0003,0.0000,-0.0003,1.0000,0.0000,0.0000,0.0000,1.0000,0.1101,0.3070,0.2173
456,3,8.6490,-0.2404,0.5889,1.0000,0.0003,0.0000,-0.0003,1.0000,0.0000,0.0000,0.0000,1.0000,0.2836,0.2073,0.2889
456,4,8.7672,-0.2869,0.5062,1.0000,0.0003,0.0000,-0.0003,1.0000,0.0000,0.0000,0.0000,1.0000,0.2820,0.2947,0.2062
456,5,8.9347,-0.1501,0.6614,1.0000,0.0003,0.0000,-0.0003,1.0000,0.0000,0.0000,0.0000,1.0000,0.1112,0.2100,0.3614
456,6,9.0277,-0.1305,0.4265,1.0000,0.0003,0.0000,-0.0003,1.0000,0.0000,0.0000,0.0000,1.0000,0.1972,0.1336,0.1265
456,7,9.1366,-0.1221,0.4491,1.0000,0.0003,0.0000,-0.0003,1.0000,0.0000,0.0000,0.0000,1.0000,0.1624,0.1625,0.0548
456,8,9.1640,-0.0789,0.4472,1.0000,0.0003,0.0000,-0.0003,1.0000,0.0000,0.0000,0.0000,1.0000,0.0831,0.2046,0.1050
456,9,9.1943,-0.0126,0.4544,1.0000,0.0003,0.0000,-0.0003,1.0000,0.0000,0.0000,0.0000,1.0000,0.0210,0.0279,0.0569
456,10,9.2382,-0.0725,0.4546,1.0000,0.0003,0.0000,-0.0003,1.0000,0.0000,0.0000,0.0000,1.0000,0.0210,0.0279,0.0569
457,0,9.5504,-0.0059,0.4400,1.0000,0.0007,0.0000,-0.0007,1.0000,0.0000,0.0000,0.0000,1.0000,0.2577,0.2263,0.1400
457,1,9.5585,-0.0030,0.6052,1.0000,0.0007,0.0000,-0.0007,1.0000,0.0000,0.0000,0.0000,1.0000,0.1100,0.2168,0.3052
457,2,9.6345,-0.0633,0.5173,1.0000,0.0007,0.0000,-0.0007,1.0000,0.0000,0.0000,0.0000,1.0000,0.1101,0.3070,0.2173
457,3,9.6570,-0.2399,0.5889,1.0000,0.0007,0.0000,-0.0007,1.0000,0.0000,0.0000,0.0000,1.0000,0.2836,0.2073,0.2889
457,4,9.7751,-0.2864,0.5062,1.0000,0.0007,0.0000,-0.0007,1.0000,0.0000,0.0000,0.0000,1.0000,0.2820,0.2947,0.2062
457,5,9.9426,-0.1495,0.6614,1.0000,0.0007,0.0000,-0.0007,1.0000,0.0000,0.0000,0.0000,1.0000,0.1112,0.2100,0.3614
457,6,10.0356,-0.1299,0.4265,1.0000,0.0007,0.0000,-0.0007,1.0000,0.0000,0.0000,0.0000,1.0000,0.1972,0.1336,0.1265
457,7,10.1445,-0.1214,0.4491,1.0000,0.0007,0.0000,-0.0007,1.0000,0.0000,0.0000,0.0000,1.0000,0.1624,0.1625,0.0548
457,8,10.1719,-0.0782,0.4472,1.0000,0.0007,0.0000,-0.0007,1.0000,0.0000,0.0000,0.0000,1.0000,0.0831,0.2046,0.1050
457,9,10.2021,-0.0119,0.4544,1.0000,0.0007,0.0000,-0.0007,1.0000,0.0000,0.0000,0.0000,1.0000,0.0210,0.0279,0.0569
457,10,10.2461,-0.0718,0.4546,1.0000,0.0007,0.0000,-0.0007,1.0000,0.0000,0.0000,0.0000,1.0000,0.0210,0.0279,0.0569
458,0,10.5687,-0.0053,0.4400,1.0000,0.0006,0.0000,-0.0006,1.0000,0.0000,0.0000,0.0000,1.0000,0.2577,0.2263,0.1400
458,1,10.5768,-0.0024,0.6052,1.0000,0.0006,0.0000,-0.0006,1.0000,0.0000,0.0000,0.0000,1.0000,0.1100,0.2168,0.3052
458,2,10.6527,-0.0626,0.5173,1.0000,0.0006,0.0000,-0.0006,1.0000,0.0000,0.0000,0.0000,1.0000,0.1101,0.3070,0.2173
458,3,10.6752,-0.2393,0.5889,1.0000,0.0006,0.0000,-0.0006,1.0000,0.0000,0.0000,0.0000,1.0000,0.2836,0.2073,0.2889
458,4,10.7933,-0.2858,0.5062,1.0000,0.0006,0.0000,-0.0006,1.0000,0.0000,0.0000,0.0000,1.0000,0.2820,0.2947,0.2062
458,5,10.9608,-0.1489,0.6614,1.0000,0.0006,0.0000,-0.0006,1.0000,0.0000,0.0000,0.0000,1.0000,0.1112,0.2100,0.3614
458,6,11.0538,-0.1293,0.4265,1.0000,0.0006,0.0000,-0.0006,1.0000,0.0000,0.0000,0.0000,1.0000,0.1972,0.1336,0.1265
458,7,11.1627,-0.1209,0.4491,1.0000,0.0006,0.0000,-0.0006,1.0000,0.0000,0.0000,0.0000,1.0000,0.1624,0.1625,0.0548
458,8,11.1901,-0.0776,0.4472,1.0000,0.0006,0.0000,-0.0006,1.0000,0.0000,0.0000,0.0000,1.0000,0.0831,0.2046,0.1050
458,9,11.2204,-0.0113,0.4544,1.0000,0.0006,0.0000,-0.0006,1.0000,0.0000,0.0000,0.0000,1.0000,0.0210,0.0279,0.0569
458,10,11.2643,-0.0712,0.4546,1.0000,0.0006,0.0000,-0.0006,1.0000,0.0000,0.0000,0.0000,1.0000,0.0210,0.0279,0.0569
459,0,11.5974,-0.0044,0.4400,1.0000,0.0011,0.0000,-0.0011,1.0000,0.0000,0.0000,0.0000,1.0000,0.2577,0.2263,0.1400
459,1,11.6055,-0.0015,0.6052,1.0000,0.0011,0.0000,-0.0011,1.0000,0.0000,0.0000,0.0000,1.0000,0.1100,0.2168,0.3052
459,2,11.6814,-0.0618,0.5173,1.0000,0.0011,0.0000,-0.0011,1.0000,0.0000,0.0000,0.0000,1.0000,0.1101,0.3070,0.2173
459,3,11.7040,-0.2384,0.5889,1.0000,0.0011,0.0000,-0.0011,1.0000,0.0000,0.0000,0.0000,1.0000,0.2836,0.2073,0.2889
459,4,11.8222,-0.2848,0.5062,1.0000,0.0011,0.0000,-0.0011,1.0000,0.0000,0.0000,0.0000,1.0000,0.2820,0.2947,0.2062
459,5,11.9896,-0.1478,0.6614,1.0000,0.0011,0.0000,-0.0011,1.0000,0.0000,0.0000,0.0000,1.0000,0.1112,0.2100,0.3614
459,6,12.0826,-0.1282,0.4265,1.0000,0.0011,0.0000,-0.0011,1.0000,0.0000,0.0000,0.0000,1.0000,0.1972,0.1336,0.1265
459,7,12.1915,-0.1197,0.4491,1.0000,0.0011,0.0000,-0.0011,1.0000,0.0000,0.0000,0.0000,1.0000,0.1624,0.1625,0.0548
459,8,12.2189,-0.0764,0.4472,1.0000,0.0011,0.0000,-0.0011,1.0000,0.0000,0.0000,0.0000,1.0000,0.0831,0.2046,0.1050
459,9,12.2491,-0.0101,0.4544,1.0000,0.0011,0.0000,-0.0011,1.0000,0.0000,0.0000,0.0000,1.0000,0.0210,0.0279,0.0569
459,10,12.2930,-0.0700,0.4546,1.0000,0.0011,0.0000,-0.0011,1.0000,0.0000,0.0000,0.0000,1.0000,0.0210,0.0279,0.0569
460,0,12.6365,-0.0034,0.4400,1.0000,0.0008,0.0000,-0.0008,1.0000,0.0000,0.0000,0.0000,1.0000,0.2577,0.2263,0.1400
460,1,12.6446,-0.0005,0.6052,1.0000,0.0008,0.0000,-0.0008,1.0000,0.0000,0.0000,0.0000,1.0000,0.1100,0.2168,0.3052
460,2,12.7206,-0.0607,0.5173,1.0000,0.0008,0.0000,-0.0008,1.0000,0.0000,0.0000,0.0000,1.0000,0.1101,0.3070,0.2173
460,3,12.7431,-0.2374,0.5889,1.0000,0.0008,0.0000,-0.0008,1.0000,0.0000,0.0000,0.0000,1.0000,0.2836,0.2073,0.2889
460,4,12.8612,-0.2838,0.5062,1.0000,0.0008,0.0000,-0.0008,1.0000,0.0000,0.0000,0.0000,1.0000,0.2820,0.2947,0.2062
460,5,13.0287,-0.1469,0.6614,1.0000,0.0008,0.0000,-0.0008,1.0000,0.0000,0.0000,0.0000,1.0000,0.1112,0.2100,0.3614
460,6,13.1217,-0.1273,0.4265,1.0000,0.0008,0.0000,-0.0008,1.0000,0.0000,0.0000,0.0000,1.0000,0.1972,0.1336,0.1265
460,7,13.2306,-0.1188,0.4491,1.0000,0.0008,0.0000,-0.0008,1.0000,0.0000,0.0000,0.0000,1.0000,0.1624,0.1625,0.0548
460,8,13.2580,-0.0756,0.4472,1.0000,0.0008,0.0000,-0.0008,1.0000,0.0000,0.0000,0.0000,1.0000,0.0831,0.2046,0.1050
460,9,13.2882,-0.0093,0.4544,1.0000,0.0008,0.0000,-0.0008,1.0000,0.0000,0.0000,0.0000,1.0000,0.0210,0.0279,0.0569
460,10,13.3322,-0.0691,0.4546,1.0000,0.0008,0.0000,-0.0008,1.0000,0.0000,0.0000,0.0000,1.0000,0.0210,0.0279,0.0569
461,0,13.6855,-0.0030,0.4400,1.0000,-0.0002,0.0000,0.0002,1.0000,0.0000,0.0000,0.0000,1.0000,0.2577,0.2263,0.1400
461,1,13.6936,-0.0001,0.6052,1.0000,-0.0002,0.0000,0.0002,1.0000,0.0000,0.0000,0.0000,1.0000,0.1100,0.2168,0.3052
461,2,13.7695,-0.0604,0.5173,1.0000,-0.0002,0.0000,0.0002,1.0000,0.0000,0.0000,0.0000,1.0000,0.1101,0.3070,0.2173
461,3,13.7919,-0.2371,0.5889,1.0000,-0.0002,0.0000,0.0002,1.0000,0.0000,0.0000,0.0000,1.0000,0.2836,0.2073,0.2889
461,4,13.9100,-0.2837,0.5062,1.0000,-0.0002,0.0000,0.0002,1.0000,0.0000,0.0000,0.0000,1.0000,0.2820,0.2947,0.2062
461,5,14.0776,-0.1469,0.6614,1.0000,-0.0002,0.0000,0.0002,1.0000,0.0000,0.0000,0.0000,1.0000,0.1112,0.2100,0.3614
461,6,14.1706,-0.1274,0.4265,1.0000,-0.0002,0.0000,0.0002,1.0000,0.0000,0.0000,0.0000,1.0000,0.1972,0.1336,0.1265
461,7,14.2795,-0.1190,0.4491,1.0000,-0.0002,0.0000,0.0002,1.0000,0.0000,0.0000,0.0000,1.0000,0.1624,0.1625,0.0548
461,8,14.3069,-0.0758,0.4472,1.0000,-0.0002,0.0000,0.0002,1.0000,0.0000,0.0000,0.0000,1.0000,0.0831,0.2046,0.1050
461,9,14.3372,-0.0095,0.4544,1.0000,-0.0002,0.0000,0.0002,1.0000,0.0000,0.0000,0.0000,1.0000,0.0210,0.0279,0.0569
461,10,14.3811,-0.0694,0.4546,1.0000,-0.0002,0.0000,0.0002,1.0000,0.0000,0.0000,0.0000,1.0000,0.0210,0.0279,0.0569
462,0,14.7437,-0.0030,0.4400,1.0000,0.0003,0.0000,-0.0003,1.0000,0.0000,0.0000,0.0000,1.0000,0.2577,0.2263,0.1400
462,1,14.7518,-0.0000,0.6052,1.0000,0.0003,0.0000,-0.0003,1.0000,0.0000,0.0000,0.0000,1.0000,0.1100,0.2168,0.3052
462,2,14.8277,-0.0603,0.5173,1.0000,0.0003,0.0000,-0.0003,1.0000,0.0000,0.0000,0.0000,1.0000,0.1101,0.3070,0.2173
462,3,14.8502,-0.2370,0.5889,1.0000,0.0003,0.0000,-0.0003,1.0000,0.0000,0.0000,0.0000,1.0000,0.2836,0.2073,0.2889
462,4,14.9683,-0.2835,0.5062,1.0000,0.0003,0.0000,-0.0003,1.0000,0.0000,0.0000,0.0000,1.0000,0.2820,0.2947,0.2062
462,5,15.1358,-0.1466,0.6614,1.0000,0.0003,0.0000,-0.0003,1.0000,0.0000,0.0000,0.0000,1.0000,0.1112,0.2100,0.3614
462,6,15.2288,-0.1271,0.4265,1.0000,0.0003,0.0000,-0.0003,1.0000,0.0000,0.0000,0.0000,1.0000,0.1972,0.1336,0.1265
462,7,15.3377,-0.1187,0.4491,1.0000,0.0003,0.0000,-0.0003,1.0000,0.0000,0.0000,0.0000,1.0000,0.1624,0.1625,0.0548
462,8,15.3651,-0.0754,0.4472,1.0000,0.0003,0.0000,-0.0003,1.0000,0.0000,0.0000,0.0000,1.0000,0.0831,0.2046,0.1050
462,9,15.3954,-0.0091,0.4544,1.0000,0.0003,0.0000,-0.0003,1.0000,0.0000,0.0000,0.0000,1.0000,0.0210,0.0279,0.0569
462,10,15.4393,-0.0690,0.4546,1.0000,0.0003,0.0000,-0.0003,1.0000,0.0000,0.0000,0.0000,1.0000,0.0210,0.0279,0.0569
463,0,15.8103,-0.0027,0.4400,1.0000,0.0001,0.0000,-0.0001,1.0000,0.0000,0.0000,0.0000,1.0000,0.2577,0.2263,0.1400
463,1,15.8184,0.0002,0.6052,1.0000,0.0001,0.0000,-0.0001,1.0000,0.0000,0.0000,0.0000,1.0000,0.1100,0.2168,0.3052
463,2,15.8943,-0.0601,0.5173,1.0000,0.0001,0.0000,-0.0001,1.0000,0.0000,0.0000,0.0000,1.0000,0.1101,0.3070,0.2173
463,3,15.9167,-0.2368,0.5889,1.0000,0.0001,0.0000,-0.0001,1.0000,0.0000,0.0000,0.0000,1.0000,0.2836,0.2073,0.2889
463,4,16.0348,-0.2833,0.5062,1.0000,0.0001,0.0000,-0.0001,1.0000,0.0000,0.0000,0.0000,1.0000,0.2820,0.2947,0.2062
463,5,16.2024,-0.1465,0.6614,1.0000,0.0001,0.0000,-0.0001,1.0000,0.0000,0.0000,0.0000,1.0000,0.1112,0.2100,0.3614
463,6,16.2954,-0.1270,0.4265,1.0000,0.0001,0.0000,-0.0001,1.0000,0.0000,0.0000,0.0000,1.0000,0.1972,0.1336,0.1265
463,7,16.4043,-0.1186,0.4491,1.0000,0.0001,0.0000,-0.0001,1.0000,0.0000,0.0000,0.0000,1.0000,0.1624,0.1625,0.0548
463,8,16.4317,-0.0754,0.4472,1.0000,0.0001,0.0000,-0.0001,1.0000,0.0000,0.0000,0.0000,1.0000,0.0831,0.2046,0.1050
463,9,16.4620,-0.0091,0.4544,1.0000,0.0001,0.0000,-0.0001,1.0000,0.0000,0.0000,0.0000,1.0000,0.0210,0.0279,0.0569
463,10,16.5059,-0.0690,0.4546,1.0000,0.0001,0.0000,-0.0001,1.0000,0.0000,0.0000,0.0000,1.0000,0.0210,0.0279,0.0569
464,0,16.8849,-0.0034,0.4400,1.0000,-0.0014,0.0000,0.0014,1.0000,0.0000,0.0000,0.0000,1.0000,0.2577,0.2263,0.1400
464,1,16.8930,-0.0005,0.6052,1.0000,-0.0014,0.0000,0.0014,1.0000,0.0000,0.0000,0.0000,1.0000,0.1100,0.2168,0.3052
464,2,16.9688,-0.0609,0.5173,1.0000,-0.0014,0.0000,0.0014,1.0000,0.0000,0.0000,0.0000,1.0000,0.1101,0.3070,0.2173
464,3,16.9909,-0.2376,0.5889,1.0000,-0.0014,0.0000,0.0014,1.0000,0.0000,0.0000,0.0000,1.0000,0.2836,0.2073,0.2889
464,4,17.1089,-0.2843,0.5062,1.0000,-0.0014,0.0000,0.0014,1.0000,0.0000,0.0000,0.0000,1.0000,0.2820,0.2947,0.2062
464,5,17.2767,-0.1478,0.6614,1.0000,-0.0014,0.0000,0.0014,1.0000,0.0000,0.0000,0.0000,1.0000,0.1112,0.2100,0.3614
464,6,17.3698,-0.1284,0.4265,1.0000,-0.0014,0.0000,0.0014,1.0000,0.0000,0.0000,0.0000,1.0000,0.1972,0.1336,0.1265
464,7,17.4787,-0.1201,0.4491,1.0000,-0.0014,0.0000,0.0014,1.0000,0.0000,0.0000,0.0000,1.0000,0.1624,0.1625,0.0548
464,8,17.5061,-0.0770,0.4472,1.0000,-0.0014,0.0000,0.0014,1.0000,0.0000,0.0000,0.0000,1.0000,0.0831,0.2046,0.1050
464,9,17.5365,-0.0107,0.4544,1.0000,-0.0014,0.0000,0.0014,1.0000,0.0000,0.0000,0.0000,1.0000,0.0210,0.0279,0.0569
464,10,17.5804,-0.0707,0.4546,1.0000,-0.0014,0.0000,0.0014,1.0000,0.0000,0.0000,0.0000,1.0000,0.0210,0.0279,0.0569
465,0,17.9673,-0.0048,0.4400,1.0000,-0.0011,0.0000,0.0011,1.0000,0.0000,0.0000,0.0000,1.0000,0.2577,0.2263,0.1400
465,1,17.9754,-0.0019,0.6052,1.0000,-0.0011,0.0000,0.0011,1.0000,0.0000,0.0000,0.0000,1.0000,0.1100,0.2168,0.3052
465,2,18.0512,-0.0623,0.5173,1.0000,-0.0011,0.0000,0.0011,1.0000,0.0000,0.0000,0.0000,1.0000,0.1101,0.3070,0.2173
465,3,18.0734,-0.2390,0.5889,1.0000,-0.0011,0.0000,0.0011,1.0000,0.0000,0.0000,0.0000,1.0000,0.2836,0.2073,0.2889
465,4,18.1915,-0.2856,0.5062,1.0000,-0.0011,0.0000,0.0011,1.0000,0.0000,0.0000,0.0000,1.0000,0.2820,0.2947,0.2062
465,5,18.3592,-0.1490,0.6614,1.0000,-0.0011,0.0000,0.0011,1.0000,0.0000,0.0000,0.0000,1.0000,0.1112,0.2100,0.3614
465,6,18.4523,-0.1296,0.4265,1.0000,-0.0011,0.0000,0.0011,1.0000,0.0000,0.0000,0.0000,1.0000,0.1972,0.1336,0.1265
465,7,18.5612,-0.1213,0.4491,1.0000,-0.0011,0.0000,0.0011,1.0000,0.0000,0.0000,0.0000,1.0000,0.1624,0.1625,0.0548
465,8,18.5886,-0.0781,0.4472,1.0000,-0.0011,0.0000,0.0011,1.0000,0.0000,0.0000,0.0000,1.0000,0.0831,0.2046,0.1050
465,9,18.6190,-0.0119,0.4544,1.0000,-0.0011,0.0000,0.0011,1.0000,0.0000,0.0000,0.0000,1.0000,0.0210,0.0279,0.0569
465,10,18.6628,-0.0718,0.4546,1.0000,-0.0011,0.0000,0.0011,1.0000,0.0000,0.0000,0.0000,1.0000,0.0210,0.0279,0.0569
466,0,19.0577,-0.0059,0.4400,1.0000,-0.0010,0.0000,0.0010,1.0000,0.0000,0.0000,0.0000,1.0000,0.2577,0.2263,0.1400
466,1,19.0658,-0.0030,0.6052,1.0000,-0.0010,0.0000,0.0010,1.0000,0.0000,0.0000,0.0000,1.0000,0.1100,0.2168,0.3052
466,2,19.1416,-0.0634,0.5173,1.0000,-0.0010,0.0000,0.0010,1.0000,0.0000,0.0000,0.0000,1.0000,0.1101,0.3070,0.2173
466,3,19.1638,-0.2401,0.5889,1.0000,-0.0010,0.0000,0.0010,1.0000,0.0000,0.0000,0.0000,1.0000,0.2836,0.2073,0.2889
466,4,19.2819,-0.2867,0.5062,1.0000,-0.0010,0.0000,0.0010,1.0000,0.0000,0.0000,0.0000,1.0000,0.2820,0.2947,0.2062
466,5,19.4496,-0.1501,0.6614,1.0000,-0.0010,0.0000,0.0010,1.0000,0.0000,0.0000,0.0000,1.0000,0.1112,0.2100,0.3614
466,6,19.5427,-0.1307,0.4265,1.0000,-0.0010,0.0000,0.0010,1.0000,0.0000,0.0000,0.0000,1.0000,0.1972,0.1336,0.1265
466,7,19.6516,-0.1224,0.4491,1.0000,-0.0010,0.0000,0.0010,1.0000,0.0000,0.0000,0.0000,1.0000,0.1624,0.1625,0.0548
466,8,19.6790,-0.0793,0.4472,1.0000,-0.0010,0.0000,0.0010,1.0000,0.0000,0.0000,0.0000,1.0000,0.0831,0.2046,0.1050
466,9,19.7094,-0.0130,0.4544,1.0000,-0.0010,0.0000,0.0010,1.0000,0.0000,0.0000,0.0000,1.0000,0.0210,0.0279,0.0569
466,10,19.7532,-0.0729,0.4546,1.0000,-0.0010,0.0000,0.0010,1.0000,0.0000,0.0000,0.0000,1.0000,0.0210,0.0279,0.0569
467,0,20.1562,-0.0074,0.4400,1.0000,-0.0017,0.0000,0.0017,1.0000,0.0000,0.0000,0.0000,1.0000,0.2577,0.2263,0.1400
467,1,20.1643,-0.0045,0.6052,1.0000,-0.0017,0.0000,0.0017,1.0000,0.0000,0.0000,0.0000,1.0000,0.1100,0.2168,0.3052
467,2,20.2401,-0.0649,0.5173,1.0000,-0.0017,0.0000,0.0017,1.0000,0.0000,0.0000,0.0000,1.0000,0.1101,0.3070,0.2173
467,3,20.2622,-0.2416,0.5889,1.0000,-0.0017,0.0000,0.0017,1.0000,0.0000,0.0000,0.0000,1.0000,0.2836,0.2073,0.2889
467,4,20.3802,-0.2883,0.5062,1.0000,-0.0017,0.0000,0.0017,1.0000,0.0000,0.0000,0.0000,1.0000,0.2820,0.2947,0.2062
467,5,20.5480,-0.1518,0.6614,1.0000,-0.0017,0.0000,0.0017,1.0000,0.0000,0.0000,0.0000,1.0000,0.1112,0.2100,0.3614
467,6,20.6410,-0.1325,0.4265,1.0000,-0.0017,0.0000,0.0017,1.0000,0.0000,0.0000,0.0000,1.0000,0.1972,0.1336,0.1265
467,7,20.7500,-0.1242,0.4491,1.0000,-0.0017,0.0000,0.0017,1.0000,0.0000,0.0000,0.0000,1.0000,0.1624,0.1625,0.0548
467,8,20.7774,-0.0811,0.4472,1.0000,-0.0017,0.0000,0.0017,1.0000,0.0000,0.0000,0.0000,1.0000,0.0831,0.2046,0.1050
467,9,20.8078,-0.0148,0.4544,1.0000,-0.0017,0.0000,0.0017,1.0000,0.0000,0.0000,0.0000,1.0000,0.0210,0.0279,0.0569
467,10,20.8516,-0.0748,0.4546,1.0000,-0.0017,0.0000,0.0017,1.0000,0.0000,0.0000,0.0000,1.0000,0.0210,0.0279,0.0569
468,0,21.2627,-0.0088,0.4400,1.0000,-0.0009,0.0000,0.0009,1.0000,0.0000,0.0000,0.0000,1.0000,0.2577,0.2263,0.1400
468,1,21.2708,-0.0059,0.6052,1.0000,-0.0009,0.0000,0.0009,1.0000,0.0000,0.0000,0.0000,1.0000,0.1100,0.2168,0.3052
468,2,21.3466,-0.0663,0.5173,1.0000,-0.0009,0.0000,0.0009,1.0000,0.0000,0.0000,0.0000,1.0000,0.1101,0.3070,0.2173
468,3,21.3689,-0.2430,0.5889,1.0000,-0.0009,0.0000,0.0009,1.0000,0.0000,0.0000,0.0000,1.0000,0.2836,0.2073,0.2889
468,4,21.4869,-0.2896,0.5062,1.0000,-0.0009,0.0000,0.0009,1.0000,0.0000,0.0000,0.0000,1.0000,0.2820,0.2947,0.2062
468,5,21.6547,-0.1530,0.6614,1.0000,-0.0009,0.0000,0.0009,1.0000,0.0000,0.0000,0.0000,1.0000,0.1112,0.2100,0.3614
468,6,21.7477,-0.1336,0.4265,1.0000,-0.0009,0.0000,0.0009,1.0000,0.0000,0.0000,0.0000,1.0000,0.1972,0.1336,0.1265
468,7,21.8566,-0.1253,0.4491,1.0000,-0.0009,0.0000,0.0009,1.0000,0.0000,0.0000,0.0000,1.0000,0.1624,0.1625,0.0548
468,8,21.8840,-0.0821,0.4472,1.0000,-0.0009,0.0000,0.0009,1.0000,0.0000,0.0000,0.0000,1.0000,0.0831,0.2046,0.1050
468,9,21.9144,-0.0158,0.4544,1.0000,-0.0009,0.0000,0.0009,1.0000,0.0000,0.0000,0.0000,1.0000,0.0210,0.0279,0.0569
468,10,21.9582,-0.0758,0.4546,1.0000,-0.0009,0.0000,0.0009,1.0000,0.0000,0.0000,0.0000,1.0000,0.0210,0.0279,0.0569
469,0,22.3769,-0.0094,0.4400,1.0000,0.0000,0.0000,-0.0000,1.0000,0.0000,0.0000,0.0000,1.0000,0.2577,0.2263,0.1400
469,1,22.3850,-0.0065,0.6052,1.0000,0.0000,0.0000,-0.0000,1.0000,0.0000,0.0000,0.0000,1.0000,0.1100,0.2168,0.3052
469,2,22.4609,-0.0668,0.5173,1.0000,0.0000,0.0000,-0.0000,1.0000,0.0000,0.0000,0.0000,1.0000,0.1101,0.3070,0.2173
469,3,22.4833,-0.2435,0.5889,1.0000,0.0000,0.0000,-0.0000,1.0000,0.0000,0.0000,0.0000,1.0000,0.2836,0.2073,0.2889
469,4,22.6014,-0.2900,0.5062,1.0000,0.0000,0.0000,-0.0000,1.0000,0.0000,0.0000,0.0000,1.0000,0.2820,0.2947,0.2062
469,5,22.7690,-0.1532,0.6614,1.0000,0.0000,0.0000,-0.0000,1.0000,0.0000,0.0000,0.0000,1.0000,0.1112,0.2100,0.3614
469,6,22.8620,-0.1337,0.4265,1.0000,0.0000,0.0000,-0.0000,1.0000,0.0000,0.0000,0.0000,1.0000,0.1972,0.1336,0.1265
469,7,22.9709,-0.1253,0.4491,1.0000,0.0000,0.0000,-0.0000,1.0000,0.0000,0.0000,0.0000,1.0000,0.1624,0.1625,0.0548
469,8,22.9983,-0.0821,0.4472,1.0000,0.0000,0.0000,-0.0000,1.0000,0.0000,0.0000,0.0000,1.0000,0.0831,0.2046,0.1050
469,9,23.0286,-0.0158,0.4544,1.0000,0.0000,0.0000,-0.0000,1.0000,0.0000,0.0000,0.0000,1.0000,0.0210,0.0279,0.0569
469,10,23.0725,-0.0757,0.4546,1.0000,0.0000,0.0000,-0.0000,1.0000,0.0000,0.0000,0.0000,1.0000,0.0210,0.0279,0.0569
470,0,23.4981,-0.0091,0.4400,1.0000,0.0004,0.0000,-0.0004,1.0000,0.0000,0.0000,0.0000,1.0000,0.2577,0.2263,0.1400
470,1,23.5062,-0.0062,0.6052,1.0000,0.0004,0.0000,-0.0004,1.0000,0.0000,0.0000,0.0000,1.0000,0.1100,0.2168,0.3052
470,2,23.5821,-0.0665,0.5173,1.0000,0.0004,0.0000,-0.0004,1.0000,0.0000,0.0000,0.0000,1.0000,0.1101,0.3070,0.2173
470,3,23.6046,-0.2432,0.5889,1.0000,0.0004,0.0000,-0.0004,1.0000,0.0000,0.0000,0.0000,1.0000,0.2836,0.2073,0.2889
470,4,23.7227,-0.2897,0.5062,1.0000,0.0004,0.0000,-0.0004,1.0000,0.0000,0.0000,0.0000,1.0000,0.2820,0.2947,0.2062
470,5,23.8902,-0.1528,0.6614,1.0000,0.0004,0.0000,-0.0004,1.0000,0.0000,0.0000,0.0000,1.0000,0.1112,0.2100,0.3614
470,6,23.9832,-0.1333,0.4265,1.0000,0.0004,0.0000,-0.0004,1.0000,0.0000,0.0000,0.0000,1.0000,0.1972,0.1336,0.1265
470,7,24.0921,-0.1248,0.4491,1.0000,0.0004,0.0000,-0.0004,1.0000,0.0000,0.0000,0.0000,1.0000,0.1624,0.1625,0.0548
470,8,24.1195,-0.0816,0.4472,1.0000,0.0004,0.0000,-0.0004,1.0000,0.0000,0.0000,0.0000,1.0000,0.0831,0.2046,0.1050
470,9,24.1498,-0.0153,0.4544,1.0000,0.0004,0.0000,-0.0004,1.0000,0.0000,0.0000,0.0000,1.0000,0.0210,0.0279,0.0569
470,10,24.1937,-0.0752,0.4546,1.0000,0.0004,0.0000,-0.0004,1.0000,0.0000,0.0000,0.0000,1.0000,0.0210,0.0279,0.0569
471,0,24.6258,-0.0083,0.4400,1.0000,0.0011,0.0000,-0.0011,1.0000,0.0000,0.0000,0.0000,1.0000,0.2577,0.2263,0.1400
471,1,24.6339,-0.0054,0.6052,1.0000,0.0011,0.0000,-0.0011,1.0000,0.0000,0.0000,0.0000,1.0000,0.1100,0.2168,0.3052
471,2,24.7098,-0.0657,0.5173,1.0000,0.0011,0.0000,-0.0011,1.0000,0.0000,0.0000,0.0000,1.0000,0.1101,0.3070,0.2173
471,3,24.7324,-0.2423,0.5889,1.0000,0.0011,0.0000,-0.0011,1.0000,0.0000,0.0000,0.0000,1.0000,0.2836,0.2073,0.2889
471,4,24.8506,-0.2887,0.5062,1.0000,0.0011,0.0000,-0.0011,1.0000,0.0000,0.0000,0.0000,1.0000,0.2820,0.2947,0.2062
471,5,25.0180,-0.1517,0.6614,1.0000,0.0011,0.0000,-0.0011,1.0000,0.0000,0.0000,0.0000,1.0000,0.1112,0.2100,0.3614
471,6,25.1110,-0.1321,0.4265,1.0000,0.0011,0.0000,-0.0011,1.0000,0.0000,0.0000,0.0000,1.0000,0.1972,0.1336,0.1265
471,7,25.2199,-0.1236,0.4491,1.0000,0.0011,0.0000,-0.0011,1.0000,0.0000,0.0000,0.0000,1.0000,0.1624,0.1625,0.0548
471,8,25.2472,-0.0804,0.4472,1.0000,0.0011,0.0000,-0.0011,1.0000,0.0000,0.0000,0.0000,1.0000,0.0831,0.2046,0.1050
471,9,25.2775,-0.0141,0.4544,1.0000,0.0011,0.0000,-0.0011,1.0000,0.0000,0.0000,0.0000,1.0000,0.0210,0.0279,0.0569
471,10,25.3214,-0.0739,0.4546,1.0000,0.0011,0.0000,-0.0011,1.0000,0.0000,0.0000,0.0000,1.0000,0.0210,0.0279,0.0569
472,0,25.7594,-0.0070,0.4400,1.0000,0.0012,0.0000,-0.0012,1.0000,0.0000,0.0000,0.0000,1.0000,0.2577,0.2263,0.1400
472,1,25.7675,-0.0041,0.6052,1.0000,0.0012,0.0000,-0.0012,1.0000,0.0000,0.0000,0.0000,1.0000,0.1100,0.2168,0.3052
472,2,25.8435,-0.0643,0.5173,1.0000,0.0012,0.0000,-0.0012,1.0000,0.0000,0.0000,0.0000,1.0000,0.1101,0.3070,0.2173
472,3,25.8661,-0.2410,0.5889,1.0000,0.0012,0.0000,-0.0012,1.0000,0.0000,0.0000,0.0000,1.0000,0.2836,0.2073,0.2889
472,4,25.9842,-0.2874,0.5062,1.0000,0.0012,0.0000,-0.0012,1.0000,0.0000,0.0000,0.0000,1.0000,0.2820,0.2947,0.2062
472,5,26.1517,-0.1504,0.6614,1.0000,0.0012,0.0000,-0.0012,1.0000,0.0000,0.0000,0.0000,1.0000,0.1112,0.2100,0.3614
472,6,26.2446,-0.1307,0.4265,1.0000,0.0012,0.0000,-0.0012,1.0000,0.0000,0.0000,0.0000,1.0000,0.1972,0.1336,0.1265
472,7,26.3535,-0.1222,0.4491,1.0000,0.0012,0.0000,-0.0012,1.0000,0.0000,0.0000,0.0000,1.0000,0.1624,0.1625,0.0548
472,8,26.3809,-0.0790,0.4472,1.0000,0.0012,0.0000,-0.0012,1.0000,0.0000,0.0000,0.0000,1.0000,0.0831,0.2046,0.1050
472,9,26.4111,-0.0126,0.4544,1.0000,0.0012,0.0000,-0.0012,1.0000,0.0000,0.0000,0.0000,1.0000,0.0210,0.0279,0.0569
472,10,26.4551,-0.0725,0.4546,1.0000,0.0012,0.0000,-0.0012,1.0000,0.0000,0.0000,0.0000,1.0000,0.0210,0.0279,0.0569
473,0,26.8985,-0.0051,0.4400,1.0000,0.0022,0.0000,-0.0022,1.0000,0.0000,0.0000,0.0000,1.0000,0.2577,0.2263,0.1400
473,1,26.9066,-0.0022,0.6052,1.0000,0.0022,0.0000,-0.0022,1.0000,0.0000,0.0000,0.0000,1.0000,0.1100,0.2168,0.3052
473,2,26.9826,-0.0623,0.5173,1.0000,0.0022,0.0000,-0.0022,1.0000,0.0000,0.0000,0.0000,1.0000,0.1101,0.3070,0.2173
473,3,27.0054,-0.2390,0.5889,1.0000,0.0022,0.0000,-0.0022,1.0000,0.0000,0.0000,0.0000,1.0000,0.2836,0.2073,0.2889
473,4,27.1236,-0.2852,0.5062,1.0000,0.0022,0.0000,-0.0022,1.0000,0.0000,0.0000,0.0000,1.0000,0.2820,0.2947,0.2062
473,5,27.2909,-0.1480,0.6614,1.0000,0.0022,0.0000,-0.0022,1.0000,0.0000,0.0000,0.0000,1.0000,0.1112,0.2100,0.3614
473,6,27.3839,-0.1283,0.4265,1.0000,0.0022,0.0000,-0.0022,1.0000,0.0000,0.0000,0.0000,1.0000,0.1972,0.1336,0.1265
473,7,27.4928,-0.1197,0.4491,1.0000,0.0022,0.0000,-0.0022,1.0000,0.0000,0.0000,0.0000,1.0000,0.1624,0.1625,0.0548
473,8,27.5201,-0.0764,0.4472,1.0000,0.0022,0.0000,-0.0022,1.0000,0.0000,0.0000,0.0000,1.0000,0.0831,0.2046,0.1050
473,9,27.5502,-0.0100,0.4544,1.0000,0.0022,0.0000,-0.0022,1.0000,0.0000,0.0000,0.0000,1.0000,0.0210,0.0279,0.0569
473,10,27.5943,-0.0698,0.4546,1.0000,0.0022,0.0000,-0.0022,1.0000,0.0000,0.0000,0.0000,1.0000,0.0210,0.0279,0.0569
474,0,28.0427,-0.0024,0.4400,1.0000,0.0026,0.0000,-0.0026,1.0000,0.0000,0.0000,0.0000,1.0000,0.2577,0.2263,0.1400
474,1,28.0508,0.0006,0.6052,1.0000,0.0026,0.0000,-0.0026,1.0000,0.0000,0.0000,0.0000,1.0000,0.1100,0.2168,0.3052
474,2,28.1268,-0.0595,0.5173,1.0000,0.0026,0.0000,-0.0026,1.0000,0.0000,0.0000,0.0000,1.0000,0.1101,0.3070,0.2173
474,3,28.1497,-0.2362,0.5889,1.0000,0.0026,0.0000,-0.0026,1.0000,0.0000,0.0000,0.0000,1.0000,0.2836,0.2073,0.2889
474,4,28.2679,-0.2824,0.5062,1.0000,0.0026,0.0000,-0.0026,1.0000,0.0000,0.0000,0.0000,1.0000,0.2820,0.2947,0.2062
474,5,28.4352,-0.1451,0.6614,1.0000,0.0026,0.0000,-0.0026,1.0000,0.0000,0.0000,0.0000,1.0000,0.1112,0.2100,0.3614
474,6,28.5281,-0.1254,0.4265,1.0000,0.0026,0.0000,-0.0026,1.0000,0.0000,0.0000,0.0000,1.0000,0.1972,0.1336,0.1265
474,7,28.6370,-0.1167,0.4491,1.0000,0.0026,0.0000,-0.0026,1.0000,0.0000,0.0000,0.0000,1.0000,0.1624,0.1625,0.0548
474,8,28.6643,-0.0735,0.4472,1.0000,0.0026,0.0000,-0.0026,1.0000,0.0000,0.0000,0.0000,1.0000,0.0831,0.2046,0.1050
474,9,28.6944,-0.0071,0.4544,1.0000,0.0026,0.0000,-0.0026,1.0000,0.0000,0.0000,0.0000,1.0000,0.0210,0.0279,0.0569
474,10,28.7385,-0.0669,0.4546,1.0000,0.0026,0.0000,-0.0026,1.0000,0.0000,0.0000,0.0000,1.0000,0.0210,0.0279,0.0569
475,0,29.1916,0.0010,0.4400,1.0000,0.0034,0.0000,-0.0034,1.0000,0.0000,0.0000,0.0000,1.0000,0.2577,0.2263,0.1400
475,1,29.1997,0.0040,0.6052,1.0000,0.0034,0.0000,-0.0034,1.0000,0.0000,0.0000,0.0000,1.0000,0.1100,0.2168,0.3052
475,2,29.2758,-0.0561,0.5173,1.0000,0.0034,0.0000,-0.0034,1.0000,0.0000,0.0000,0.0000,1.0000,0.1101,0.3070,0.2173
475,3,29.2988,-0.2327,0.5889,1.0000,0.0034,0.0000,-0.0034,1.0000,0.0000,0.0000,0.0000,1.0000,0.2836,0.2073,0.2889
475,4,29.4170,-0.2788,0.5062,1.0000,0.0034,0.0000,-0.0034,1.0000,0.0000,0.0000,0.0000,1.0000,0.2820,0.2947,0.2062
475,5,29.5842,-0.1414,0.6614,1.0000,0.0034,0.0000,-0.0034,1.0000,0.0000,0.0000,0.0000,1.0000,0.1112,0.2100,0.3614
475,6,29.6771,-0.1216,0.4265,1.0000,0.0034,0.0000,-0.0034,1.0000,0.0000,0.0000,0.0000,1.0000,0.1972,0.1336,0.1265
475,7,29.7860,-0.1128,0.4491,1.0000,0.0034,0.0000,-0.0034,1.0000,0.0000,0.0000,0.0000,1.0000,0.1624,0.1625,0.0548
475,8,29.8132,-0.0695,0.4472,1.0000,0.0034,0.0000,-0.0034,1.0000,0.0000,0.0000,0.0000,1.0000,0.0831,0.2046,0.1050
475,9,29.8433,-0.0031,0.4544,1.0000,0.0034,0.0000,-0.0034,1.0000,0.0000,0.0000,0.0000,1.0000,0.0210,0.0279,0.0569
475,10,29.8874,-0.0629,0.4546,1.0000,0.0034,0.0000,-0.0034,1.0000,0.0000,0.0000,0.0000,1.0000,0.0210,0.0279,0.0569
476,0,30.3452,0.0055,0.4400,1.0000,0.0044,0.0000,-0.0044,1.0000,0.0000,0.0000,0.0000,1.0000,0.2577,0.2263,0.1400
476,1,30.3532,0.0084,0.6052,1.0000,0.0044,0.0000,-0.0044,1.0000,0.0000,0.0000,0.0000,1.0000,0.1100,0.2168,0.3052
476,2,30.4294,-0.0515,0.5173,1.0000,0.0044,0.0000,-0.0044,1.0000,0.0000,0.0000,0.0000,1.0000,0.1101,0.3070,0.2173
476,3,30.4526,-0.2281,0.5889,1.0000,0.0044,0.0000,-0.0044,1.0000,0.0000,0.0000,0.0000,1.0000,0.2836,0.2073,0.2889
476,4,30.5709,-0.2741,0.5062,1.0000,0.0044,0.0000,-0.0044,1.0000,0.0000,0.0000,0.0000,1.0000,0.2820,0.2947,0.2062
476,5,30.7379,-0.1366,0.6614,1.0000,0.0044,0.0000,-0.0044,1.0000,0.0000,0.0000,0.0000,1.0000,0.1112,0.2100,0.3614
476,6,30.8308,-0.1167,0.4265,1.0000,0.0044,0.0000,-0.0044,1.0000,0.0000,0.0000,0.0000,1.0000,0.1972,0.1336,0.1265
476,7,30.9397,-0.1078,0.4491,1.0000,0.0044,0.0000,-0.0044,1.0000,0.0000,0.0000,0.0000,1.0000,0.1624,0.1625,0.0548
476,8,30.9669,-0.0645,0.4472,1.0000,0.0044,0.0000,-0.0044,1.0000,0.0000,0.0000,0.0000,1.0000,0.0831,0.2046,0.1050
476,9,30.9969,0.0020,0.4544,1.0000,0.0044,0.0000,-0.0044,1.0000,0.0000,0.0000,0.0000,1.0000,0.0210,0.0279,0.0569
476,10,31.0410,-0.0577,0.4546,1.0000,0.0044,0.0000,-0.0044,1.0000,0.0000,0.0000,0.0000,1.0000,0.0210,0.0279,0.0569
477,0,31.5037,0.0109,0.4400,1.0000,0.0050,0.0000,-0.0050,1.0000,0.0000,0.0000,0.0000,1.0000,0.2577,0.2263,0.1400
477,1,31.5118,0.0138,0.6052,1.0000,0.0050,0.0000,-0.0050,1.0000,0.0000,0.0000,0.0000,1.0000,0.1100,0.2168,0.3052
477,2,31.5880,-0.0461,0.5173,1.0000,0.0050,0.0000,-0.0050,1.0000,0.0000,0.0000,0.0000,1.0000,0.1101,0.3070,0.2173
477,3,31.6112,-0.2227,0.5889,1.0000,0.0050,0.0000,-0.0050,1.0000,0.0000,0.0000,0.0000,1.0000,0.2836,0.2073,0.2889
477,4,31.7296,-0.2686,0.5062,1.0000,0.0050,0.0000,-0.0050,1.0000,0.0000,0.0000,0.0000,1.0000,0.2820,0.2947,0.2062
477,5,31.8965,-0.1309,0.6614,1.0000,0.0050,0.0000,-0.0050,1.0000,0.0000,0.0000,0.0000,1.0000,0.1112,0.2100,0.3614
477,6,31.9894,-0.1110,0.4265,1.0000,0.0050,0.0000,-0.0050,1.0000,0.0000,0.0000,0.0000,1.0000,0.1972,0.1336,0.1265
477,7,32.0982,-0.1020,0.4491,1.0000,0.0050,0.0000,-0.0050,1.0000,0.0000,0.0000,0.0000,1.0000,0.1624,0.1625,0.0548
477,8,32.1254,-0.0587,0.4472,1.0000,0.0050,0.0000,-0.0050,1.0000,0.0000,0.0000,0.0000,1.0000,0.0831,0.2046,0.1050
477,9,32.1554,0.0077,0.4544,1.0000,0.0050,0.0000,-0.0050,1.0000,0.0000,0.0000,0.0000,1.0000,0.0210,0.0279,0.0569
477,10,32.1996,-0.0519,0.4546,1.0000,0.0050,0.0000,-0.0050,1.0000,0.0000,0.0000,0.0000,1.0000,0.0210,0.0279,0.0569
478,0,32.6674,0.0170,0.4400,1.0000,0.0055,0.0000,-0.0055,1.0000,0.0000,0.0000,0.0000,1.0000,0.2577,0.2263,0.1400
478,1,32.6755,0.0199,0.6052,1.0000,0.0055,0.0000,-0.0055,1.0000,0.0000,0.0000,0.0000,1.0000,0.1100,0.2168,0.3052
478,2,32.7517,-0.0400,0.5173,1.0000,0.0055,0.0000,-0.0055,1.0000,0.0000,0.0000,0.0000,1.0000,0.1101,0.3070,0.2173
478,3,32.7751,-0.2166,0.5889,1.0000,0.0055,0.0000,-0.0055,1.0000,0.0000,0.0000,0.0000,1.0000,0.2836,0.2073,0.2889
478,4,32.8935,-0.2624,0.5062,1.0000,0.0055,0.0000,-0.0055,1.0000,0.0000,0.0000,0.0000,1.0000,0.2820,0.2947,0.2062
478,5,33.0603,-0.1247,0.6614,1.0000,0.0055,0.0000,-0.0055,1.0000,0.0000,0.0000,0.0000,1.0000,0.1112,0.2100,0.3614
478,6,33.1532,-0.1047,0.4265,1.0000,0.0055,0.0000,-0.0055,1.0000,0.0000,0.0000,0.0000,1.0000,0.1972,0.1336,0.1265
478,7,33.2621,-0.0957,0.4491,1.0000,0.0055,0.0000,-0.0055,1.0000,0.0000,0.0000,0.0000,1.0000,0.1624,0.1625,0.0548
478,8,33.2892,-0.0524,0.4472,1.0000,0.0055,0.0000,-0.0055,1.0000,0.0000,0.0000,0.0000,1.0000,0.0831,0.2046,0.1050
478,9,33.3192,0.0141,0.4544,1.0000,0.0055,0.0000,-0.0055,1.0000,0.0000,0.0000,0.0000,1.0000,0.0210,0.0279,0.0569
478,10,33.3634,-0.0455,0.4546,1.0000,0.0055,0.0000,-0.0055,1.0000,0.0000,0.0000,0.0000,1.0000,0.0210,0.0279,0.0569
479,0,33.8366,0.0234,0.4400,1.0000,0.0057,0.0000,-0.0057,1.0000,0.0000,0.0000,0.0000,1.0000,0.2577,0.2263,0.1400
479,1,33.8447,0.0264,0.6052,1.0000,0.0057,0.0000,-0.0057,1.0000,0.0000,0.0000,0.0000,1.0000,0.1100,0.2168,0.3052
479,2,33.9209,-0.0335,0.5173,1.0000,0.0057,0.0000,-0.0057,1.0000,0.0000,0.0000,0.0000,1.0000,0.1101,0.3070,0.2173
479,3,33.9443,-0.2101,0.5889,1.0000,0.0057,0.0000,-0.0057,1.0000,0.0000,0.0000,0.0000,1.0000,0.2836,0.2073,0.2889
479,4,34.0627,-0.2559,0.5062,1.0000,0.0057,0.0000,-0.0057,1.0000,0.0000,0.0000,0.0000,1.0000,0.2820,0.2947,0.2062
479,5,34.2295,-0.1181,0.6614,1.0000,0.0057,0.0000,-0.0057,1.0000,0.0000,0.0000,0.0000,1.0000,0.1112,0.2100,0.3614
479,6,34.3224,-0.0981,0.4265,1.0000,0.0057,0.0000,-0.0057,1.0000,0.0000,0.0000,0.0000,1.0000,0.1972,0.1336,0.1265
479,7,34.4313,-0.0891,0.4491,1.0000,0.0057,0.0000,-0.0057,1.0000,0.0000,0.0000,0.0000,1.0000,0.1624,0.1625,0.0548
479,8,34.4584,-0.0457,0.4472,1.0000,0.0057,0.0000,-0.0057,1.0000,0.0000,0.0000,0.0000,1.0000,0.0831,0.2046,0.1050
479,9,34.4884,0.0207,0.4544,1.0000,0.0057,0.0000,-0.0057,1.0000,0.0000,0.0000,0.0000,1.0000,0.0210,0.0279,0.0569
479,10,34.5326,-0.0389,0.4546,1.0000,0.0057,0.0000,-0.0057,1.0000,0.0000,0.0000,0.0000,1.0000,0.0210,0.0279,0.0569
480,0,35.0110,0.0304,0.4400,1.0000,0.0063,0.0000,-0.0063,1.0000,0.0000,0.0000,0.0000,1.0000,0.2577,0.2263,0.1400
480,1,35.0191,0.0334,0.6052,1.0000,0.0063,0.0000,-0.0063,1.0000,0.0000,0.0000,0.0000,1.0000,0.1100,0.2168,0.3052
480,2,35.0953,-0.0265,0.5173,1.0000,0.0063,0.0000,-0.0063,1.0000,0.0000,0.0000,0.0000,1.0000,0.1101,0.3070,0.2173
480,3,35.1188,-0.2030,0.5889,1.0000,0.0063,0.0000,-0.0063,1.0000,0.0000,0.0000,0.0000,1.0000,0.2836,0.2073,0.2889
480,4,35.2372,-0.2488,0.5062,1.0000,0.0063,0.0000,-0.0063,1.0000,0.0000,0.0000,0.0000,1.0000,0.2820,0.2947,0.2062
480,5,35.4040,-0.1109,0.6614,1.0000,0.0063,0.0000,-0.0063,1.0000,0.0000,0.0000,0.0000,1.0000,0.1112,0.2100,0.3614
480,6,35.4969,-0.0908,0.4265,1.0000,0.0063,0.0000,-0.0063,1.0000,0.0000,0.0000,0.0000,1.0000,0.1972,0.1336,0.1265
480,7,35.6057,-0.0818,0.4491,1.0000,0.0063,0.0000,-0.0063,1.0000,0.0000,0.0000,0.0000,1.0000,0.1624,0.1625,0.0548
480,8,35.6328,-0.0384,0.4472,1.0000,0.0063,0.0000,-0.0063,1.0000,0.0000,0.0000,0.0000,1.0000,0.0831,0.2046,0.1050
480,9,35.6627,0.0281,0.4544,1.0000,0.0063,0.0000,-0.0063,1.0000,0.0000,0.0000,0.0000,1.0000,0.0210,0.0279,0.0569
480,10,35.7070,-0.0315,0.4546,1.0000,0.0063,0.0000,-0.0063,1.0000,0.0000,0.0000,0.0000,1.0000,0.0210,0.0279,0.0569
481,0,36.1900,0.0381,0.4400,1.0000,0.0068,0.0000,-0.0068,1.0000,0.0000,0.0000,0.0000,1.0000,0.2577,0.2263,0.1400
481,1,36.1981,0.0411,0.6052,1.0000,0.0068,0.0000,-0.0068,1.0000,0.0000,0.0000,0.0000,1.0000,0.1100,0.2168,0.3052
481,2,36.2744,-0.0187,0.5173,1.0000,0.0068,0.0000,-0.0068,1.0000,0.0000,0.0000,0.0000,1.0000,0.1101,0.3070,0.2173
481,3,36.2980,-0.1953,0.5889,1.0000,0.0068,0.0000,-0.0068,1.0000,0.0000,0.0000,0.0000,1.0000,0.2836,0.2073,0.2889
481,4,36.4164,-0.2409,0.5062,1.0000,0.0068,0.0000,-0.0068,1.0000,0.0000,0.0000,0.0000,1.0000,0.2820,0.2947,0.2062
481,5,36.5831,-0.1030,0.6614,1.0000,0.0068,0.0000,-0.0068,1.0000,0.0000,0.0000,0.0000,1.0000,0.1112,0.2100,0.3614
481,6,36.6759,-0.0829,0.4265,1.0000,0.0068,0.0000,-0.0068,1.0000,0.0000,0.0000,0.0000,1.0000,0.1972,0.1336,0.1265
481,7,36.7848,-0.0737,0.4491,1.0000,0.0068,0.0000,-0.0068,1.0000,0.0000,0.0000,0.0000,1.0000,0.1624,0.1625,0.0548
481,8,36.8119,-0.0303,0.4472,1.0000,0.0068,0.0000,-0.0068,1.0000,0.0000,0.0000,0.0000,1.0000,0.0831,0.2046,0.1050
481,9,36.8417,0.0362,0.4544,1.0000,0.0068,0.0000,-0.0068,1.0000,0.0000,0.0000,0.0000,1.0000,0.0210,0.0279,0.0569
481,10,36.8860,-0.0234,0.4546,1.0000,0.0068,0.0000,-0.0068,1.0000,0.0000,0.0000,0.0000,1.0000,0.0210,0.0279,0.0569
482,0,37.3735,0.0457,0.4400,1.0000,0.0060,0.0000,-0.0060,1.0000,0.0000,0.0000,0.0000,1.0000,0.2577,0.2263,0.1400
482,1,37.3816,0.0487,0.6052,1.0000,0.0060,0.0000,-0.0060,1.0000,0.0000,0.0000,0.0000,1.0000,0.1100,0.2168,0.3052
482,2,37.4578,-0.0112,0.5173,1.0000,0.0060,0.0000,-0.0060,1.0000,0.0000,0.0000,0.0000,1.0000,0.1101,0.3070,0.2173
482,3,37.4813,-0.1877,0.5889,1.0000,0.0060,0.0000,-0.0060,1.0000,0.0000,0.0000,0.0000,1.0000,0.2836,0.2073,0.2889
482,4,37.5997,-0.2335,0.5062,1.0000,0.0060,0.0000,-0.0060,1.0000,0.0000,0.0000,0.0000,1.0000,0.2820,0.2947,0.2062
482,5,37.7664,-0.0957,0.6614,1.0000,0.0060,0.0000,-0.0060,1.0000,0.0000,0.0000,0.0000,1.0000,0.1112,0.2100,0.3614
482,6,37.8593,-0.0757,0.4265,1.0000,0.0060,0.0000,-0.0060,1.0000,0.0000,0.0000,0.0000,1.0000,0.1972,0.1336,0.1265
482,7,37.9682,-0.0666,0.4491,1.0000,0.0060,0.0000,-0.0060,1.0000,0.0000,0.0000,0.0000,1.0000,0.1624,0.1625,0.0548
482,8,37.9953,-0.0233,0.4472,1.0000,0.0060,0.0000,-0.0060,1.0000,0.0000,0.0000,0.0000,1.0000,0.0831,0.2046,0.1050
482,9,38.0252,0.0432,0.4544,1.0000,0.0060,0.0000,-0.0060,1.0000,0.0000,0.0000,0.0000,1.0000,0.0210,0.0279,0.0569
482,10,38.0695,-0.0164,0.4546,1.0000,0.0060,0.0000,-0.0060,1.0000,0.0000,0.0000,0.0000,1.0000,0.0210,0.0279,0.0569
483,0,38.5616,0.0533,0.4400,1.0000,0.0069,0.0000,-0.0069,1.0000,0.0000,0.0000,0.0000,1.0000,0.2577,0.2263,0.1400
483,1,38.5697,0.0563,0.6052,1.0000,0.0069,0.0000,-0.0069,1.0000,0.0000,0.0000,0.0000,1.0000,0.1100,0.2168,0.3052
483,2,38.6460,-0.0035,0.5173,1.0000,0.0069,0.0000,-0.0069,1.0000,0.0000,0.0000,0.0000,1.0000,0.1101,0.3070,0.2173
483,3,38.6696,-0.1800,0.5889,1.0000,0.0069,0.0000,-0.0069,1.0000,0.0000,0.0000,0.0000,1.0000,0.2836,0.2073,0.2889
483,4,38.7880,-0.2257,0.5062,1.0000,0.0069,0.0000,-0.0069,1.0000,0.0000,0.0000,0.0000,1.0000,0.2820,0.2947,0.2062
483,5,38.9547,-0.0877,0.6614,1.0000,0.0069,0.0000,-0.0069,1.0000,0.0000,0.0000,0.0000,1.0000,0.1112,0.2100,0.3614
483,6,39.0476,-0.0676,0.4265,1.0000,0.0069,0.0000,-0.0069,1.0000,0.0000,0.0000,0.0000,1.0000,0.1972,0.1336,0.1265
483,7,39.1564,-0.0585,0.4491,1.0000,0.0069,0.0000,-0.0069,1.0000,0.0000,0.0000,0.0000,1.0000,0.1624,0.1625,0.0548
483,8,39.1835,-0.0151,0.4472,1.0000,0.0069,0.0000,-0.0069,1.0000,0.0000,0.0000,0.0000,1.0000,0.0831,0.2046,0.1050
483,9,39.2133,0.0514,0.4544,1.0000,0.0069,0.0000,-0.0069,1.0000,0.0000,0.0000,0.0000,1.0000,0.0210,0.0279,0.0569
483,10,39.2577,-0.0082,0.4546,1.0000,0.0069,0.0000,-0.0069,1.0000,0.0000,0.0000,0.0000,1.0000,0.0210,0.0279,0.0569
484,0,39.7546,0.0623,0.4400,1.0000,0.0083,0.0000,-0.0083,1.0000,0.0000,0.0000,0.0000,1.0000,0.2577,0.2263,0.1400
484,1,39.7627,0.0653,0.6052,1.0000,0.0083,0.0000,-0.0083,1.0000,0.0000,0.0000,0.0000,1.0000,0.1100,0.2168,0.3052
484,2,39.8391,0.0056,0.5173,1.0000,0.0083,0.0000,-0.0083,1.0000,0.0000,0.0000,0.0000,1.0000,0.1101,0.3070,0.2173
484,3,39.8630,-0.1709,0.5889,1.0000,0.0083,0.0000,-0.0083,1.0000,0.0000,0.0000,0.0000,1.0000,0.2836,0.2073,0.2889
484,4,39.9814,-0.2164,0.5062,1.0000,0.0083,0.0000,-0.0083,1.0000,0.0000,0.0000,0.0000,1.0000,0.2820,0.2947,0.2062
484,5,40.1479,-0.0782,0.6614,1.0000,0.0083,0.0000,-0.0083,1.0000,0.0000,0.0000,0.0000,1.0000,0.1112,0.2100,0.3614
484,6,40.2407,-0.0580,0.4265,1.0000,0.0083,0.0000,-0.0083,1.0000,0.0000,0.0000,0.0000,1.0000,0.1972,0.1336,0.1265
484,7,40.3496,-0.0487,0.4491,1.0000,0.0083,0.0000,-0.0083,1.0000,0.0000,0.0000,0.0000,1.0000,0.1624,0.1625,0.0548
484,8,40.3766,-0.0052,0.4472,1.0000,0.0083,0.0000,-0.0083,1.0000,0.0000,0.0000,0.0000,1.0000,0.0831,0.2046,0.1050
484,9,40.4064,0.0613,0.4544,1.0000,0.0083,0.0000,-0.0083,1.0000,0.0000,0.0000,0.0000,1.0000,0.0210,0.0279,0.0569
484,10,40.4507,0.0018,0.4546,1.0000,0.0083,0.0000,-0.0083,1.0000,0.0000,0.0000,0.0000,1.0000,0.0210,0.0279,0.0569
485,0,40.9531,0.0727,0.4400,1.0000,0.0090,0.0000,-0.0090,1.0000,0.0000,0.0000,0.0000,1.0000,0.2577,0.2263,0.1400
485,1,40.9611,0.0756,0.6052,1.0000,0.0090,0.0000,-0.0090,1.0000,0.0000,0.0000,0.0000,1.0000,0.1100,0.2168,0.3052
485,2,41.0376,0.0160,0.5173,1.0000,0.0090,0.0000,-0.0090,1.0000,0.0000,0.0000,0.0000,1.0000,0.1101,0.3070,0.2173
485,3,41.0616,-0.1605,0.5889,1.0000,0.0090,0.0000,-0.0090,1.0000,0.0000,0.0000,0.0000,1.0000,0.2836,0.2073,0.2889
485,4,41.1801,-0.2059,0.5062,1.0000,0.0090,0.0000,-0.0090,1.0000,0.0000,0.0000,0.0000,1.0000,0.2820,0.2947,0.2062
485,5,41.3465,-0.0676,0.6614,1.0000,0.0090,0.0000,-0.0090,1.0000,0.0000,0.0000,0.0000,1.0000,0.1112,0.2100,0.3614
485,6,41.4393,-0.0472,0.4265,1.0000,0.0090,0.0000,-0.0090,1.0000,0.0000,0.0000,0.0000,1.0000,0.1972,0.1336,0.1265
485,7,41.5481,-0.0379,0.4491,1.0000,0.0090,0.0000,-0.0090,1.0000,0.0000,0.0000,0.0000,1.0000,0.1624,0.1625,0.0548
485,8,41.5751,0.0056,0.4472,1.0000,0.0090,0.0000,-0.0090,1.0000,0.0000,0.0000,0.0000,1.0000,0.0831,0.2046,0.1050
485,9,41.6048,0.0721,0.4544,1.0000,0.0090,0.0000,-0.0090,1.0000,0.0000,0.0000,0.0000,1.0000,0.0210,0.0279,0.0569
485,10,41.6492,0.0126,0.4546,1.0000,0.0090,0.0000,-0.0090,1.0000,0.0000,0.0000,0.0000,1.0000,0.0210,0.0279,0.0569
486,0,42.1570,0.0833,0.4400,1.0000,0.0086,0.0000,-0.0086,1.0000,0.0000,0.0000,0.0000,1.0000,0.2577,0.2263,0.1400
486,1,42.1651,0.0863,0.6052,1.0000,0.0086,0.0000,-0.0086,1.0000,0.0000,0.0000,0.0000,1.0000,0.1100,0.2168,0.3052
486,2,42.2415,0.0266,0.5173,1.0000,0.0086,0.0000,-0.0086,1.0000,0.0000,0.0000,0.0000,1.0000,0.1101,0.3070,0.2173
486,3,42.2654,-0.1499,0.5889,1.0000,0.0086,0.0000,-0.0086,1.0000,0.0000,0.0000,0.0000,1.0000,0.2836,0.2073,0.2889
486,4,42.3839,-0.1954,0.5062,1.0000,0.0086,0.0000,-0.0086,1.0000,0.0000,0.0000,0.0000,1.0000,0.2820,0.2947,0.2062
486,5,42.5503,-0.0571,0.6614,1.0000,0.0086,0.0000,-0.0086,1.0000,0.0000,0.0000,0.0000,1.0000,0.1112,0.2100,0.3614
486,6,42.6431,-0.0368,0.4265,1.0000,0.0086,0.0000,-0.0086,1.0000,0.0000,0.0000,0.0000,1.0000,0.1972,0.1336,0.1265
486,7,42.7520,-0.0275,0.4491,1.0000,0.0086,0.0000,-0.0086,1.0000,0.0000,0.0000,0.0000,1.0000,0.1624,0.1625,0.0548
486,8,42.7790,0.0160,0.4472,1.0000,0.0086,0.0000,-0.0086,1.0000,0.0000,0.0000,0.0000,1.0000,0.0831,0.2046,0.1050
486,9,42.8087,0.0825,0.4544,1.0000,0.0086,0.0000,-0.0086,1.0000,0.0000,0.0000,0.0000,1.0000,0.0210,0.0279,0.0569
486,10,42.8531,0.0230,0.4546,1.0000,0.0086,0.0000,-0.0086,1.0000,0.0000,0.0000,0.0000,1.0000,0.0210,0.0279,0.0569
487,0,43.3659,0.0937,0.4400,1.0000,0.0086,0.0000,-0.0086,1.0000,0.0000,0.0000,0.0000,1.0000,0.2577,0.2263,0.1400
487,1,43.3739,0.0967,0.6052,1.0000,0.0086,0.0000,-0.0086,1.0000,0.0000,0.0000,0.0000,1.0000,0.1100,0.2168,0.3052
487,2,43.4503,0.0370,0.5173,1.0000,0.0086,0.0000,-0.0086,1.0000,0.0000,0.0000,0.0000,1.0000,0.1101,0.3070,0.2173
487,3,43.4743,-0.1395,0.5889,1.0000,0.0086,0.0000,-0.0086,1.0000,0.0000,0.0000,0.0000,1.0000,0.2836,0.2073,0.2889
487,4,43.5928,-0.1849,0.5062,1.0000,0.0086,0.0000,-0.0086,1.0000,0.0000,0.0000,0.0000,1.0000,0.2820,0.2947,0.2062
487,5,43.7592,-0.0467,0.6614,1.0000,0.0086,0.0000,-0.0086,1.0000,0.0000,0.0000,0.0000,1.0000,0.1112,0.2100,0.3614
487,6,43.8520,-0.0264,0.4265,1.0000,0.0086,0.0000,-0.0086,1.0000,0.0000,0.0000,0.0000,1.0000,0.1972,0.1336,0.1265
487,7,43.9608,-0.0171,0.4491,1.0000,0.0086,0.0000,-0.0086,1.0000,0.0000,0.0000,0.0000,1.0000,0.1624,0.1625,0.0548
487,8,43.9879,0.0264,0.4472,1.0000,0.0086,0.0000,-0.0086,1.0000,0.0000,0.0000,0.0000,1.0000,0.0831,0.2046,0.1050
487,9,44.0176,0.0929,0.4544,1.0000,0.0086,0.0000,-0.0086,1.0000,0.0000,0.0000,0.0000,1.0000,0.0210,0.0279,0.0569
487,10,44.0620,0.0334,0.4546,1.0000,0.0086,0.0000,-0.0086,1.0000,0.0000,0.0000,0.0000,1.0000,0.0210,0.0279,0.0569
488,0,44.5789,0.1054,0.4400,0.9999,0.0109,0.0000,-0.0109,0.9999,0.0000,0.0000,0.0000,1.0000,0.2577,0.2263,0.1400
488,1,44.5870,0.1084,0.6052,0.9999,0.0109,0.0000,-0.0109,0.9999,0.0000,0.0000,0.0000,1.0000,0.1100,0.2168,0.3052
488,2,44.6636,0.0489,0.5173,0.9999,0.0109,0.0000,-0.0109,0.9999,0.0000,0.0000,0.0000,1.0000,0.1101,0.3070,0.2173
488,3,44.6879,-0.1275,0.5889,0.9999,0.0109,0.0000,-0.0109,0.9999,0.0000,0.0000,0.0000,1.0000,0.2836,0.2073,0.2889
488,4,44.8065,-0.1727,0.5062,0.9999,0.0109,0.0000,-0.0109,0.9999,0.0000,0.0000,0.0000,1.0000,0.2820,0.2947,0.2062
488,5,44.9726,-0.0341,0.6614,0.9999,0.0109,0.0000,-0.0109,0.9999,0.0000,0.0000,0.0000,1.0000,0.1112,0.2100,0.3614
488,6,45.0654,-0.0136,0.4265,0.9999,0.0109,0.0000,-0.0109,0.9999,0.0000,0.0000,0.0000,1.0000,0.1972,0.1336,0.1265
488,7,45.1742,-0.0040,0.4491,0.9999,0.0109,0.0000,-0.0109,0.9999,0.0000,0.0000,0.0000,1.0000,0.1624,0.1625,0.0548
488,8,45.2011,0.0395,0.4472,0.9999,0.0109,0.0000,-0.0109,0.9999,0.0000,0.0000,0.0000,1.0000,0.0831,0.2046,0.1050
488,9,45.2307,0.1061,0.4544,0.9999,0.0109,0.0000,-0.0109,0.9999,0.0000,0.0000,0.0000,1.0000,0.0210,0.0279,0.0569
488,10,45.2752,0.0467,0.4546,0.9999,0.0109,0.0000,-0.0109,0.9999,0.0000,0.0000,0.0000,1.0000,0.0210,0.0279,0.0569
489,0,45.7956,0.1193,0.4400,0.9999,0.0121,0.0000,-0.0121,0.9999,0.0000,0.0000,0.0000,1.0000,0.2577,0.2263,0.1400
489,1,45.8036,0.1223,0.6052,0.9999,0.0121,0.0000,-0.0121,0.9999,0.0000,0.0000,0.0000,1.0000,0.1100,0.2168,0.3052
489,2,45.8803,0.0629,0.5173,0.9999,0.0121,0.0000,-0.0121,0.9999,0.0000,0.0000,0.0000,1.0000,0.1101,0.3070,0.2173
489,3,45.9048,-0.1135,0.5889,0.9999,0.0121,0.0000,-0.0121,0.9999,0.0000,0.0000,0.0000,1.0000,0.2836,0.2073,0.2889
489,4,46.0235,-0.1585,0.5062,0.9999,0.0121,0.0000,-0.0121,0.9999,0.0000,0.0000,0.0000,1.0000,0.2820,0.2947,0.2062
489,5,46.1894,-0.0197,0.6614,0.9999,0.0121,0.0000,-0.0121,0.9999,0.0000,0.0000,0.0000,1.0000,0.1112,0.2100,0.3614
489,6,46.2821,0.0009,0.4265,0.9999,0.0121,0.0000,-0.0121,0.9999,0.0000,0.0000,0.0000,1.0000,0.1972,0.1336,0.1265
489,7,46.3909,0.0106,0.4491,0.9999,0.0121,0.0000,-0.0121,0.9999,0.0000,0.0000,0.0000,1.0000,0.1624,0.1625,0.0548
489,8,46.4178,0.0541,0.4472,0.9999,0.0121,0.0000,-0.0121,0.9999,0.0000,0.0000,0.0000,1.0000,0.0831,0.2046,0.1050
489,9,46.4473,0.1208,0.4544,0.9999,0.0121,0.0000,-0.0121,0.9999,0.0000,0.0000,0.0000,1.0000,0.0210,0.0279,0.0569
489,10,46.4919,0.0614,0.4546,0.9999,0.0121,0.0000,-0.0121,0.9999,0.0000,0.0000,0.0000,1.0000,0.0210,0.0279,0.0569
490,0,47.0155,0.1338,0.4400,0.9999,0.0117,0.0000,-0.0117,0.9999,0.0000,0.0000,0.0000,1.0000,0.2577,0.2263,0.1400
490,1,47.0235,0.1368,0.6052,0.9999,0.0117,0.0000,-0.0117,0.9999,0.0000,0.0000,0.0000,1.0000,0.1100,0.2168,0.3052
490,2,47.1001,0.0774,0.5173,0.9999,0.0117,0.0000,-0.0117,0.9999,0.0000,0.0000,0.0000,1.0000,0.1101,0.3070,0.2173
490,3,47.1246,-0.0990,0.5889,0.9999,0.0117,0.0000,-0.0117,0.9999,0.0000,0.0000,0.0000,1.0000,0.2836,0.2073,0.2889
490,4,47.2432,-0.1441,0.5062,0.9999,0.0117,0.0000,-0.0117,0.9999,0.0000,0.0000,0.0000,1.0000,0.2820,0.2947,0.2062
490,5,47.4092,-0.0054,0.6614,0.9999,0.0117,0.0000,-0.0117,0.9999,0.0000,0.0000,0.0000,1.0000,0.1112,0.2100,0.3614
490,6,47.5020,0.0152,0.4265,0.9999,0.0117,0.0000,-0.0117,0.9999,0.0000,0.0000,0.0000,1.0000,0.1972,0.1336,0.1265
490,7,47.6108,0.0249,0.4491,0.9999,0.0117,0.0000,-0.0117,0.9999,0.0000,0.0000,0.0000,1.0000,0.1624,0.1625,0.0548
490,8,47.6377,0.0684,0.4472,0.9999,0.0117,0.0000,-0.0117,0.9999,0.0000,0.0000,0.0000,1.0000,0.0831,0.2046,0.1050
490,9,47.6672,0.1350,0.4544,0.9999,0.0117,0.0000,-0.0117,0.9999,0.0000,0.0000,0.0000,1.0000,0.0210,0.0279,0.0569
490,10,47.7118,0.0756,0.4546,0.9999,0.0117,0.0000,-0.0117,0.9999,0.0000,0.0000,0.0000,1.0000,0.0210,0.0279,0.0569
491,0,48.2387,0.1480,0.4400,0.9999,0.0115,0.0000,-0.0115,0.9999,0.0000,0.0000,0.0000,1.0000,0.2577,0.2263,0.1400
491,1,48.2468,0.1510,0.6052,0.9999,0.0115,0.0000,-0.0115,0.9999,0.0000,0.0000,0.0000,1.0000,0.1100,0.2168,0.3052
491,2,48.3234,0.0916,0.5173,0.9999,0.0115,0.0000,-0.0115,0.9999,0.0000,0.0000,0.0000,1.0000,0.1101,0.3070,0.2173
491,3,48.3478,-0.0849,0.5889,0.9999,0.0115,0.0000,-0.0115,0.9999,0.0000,0.0000,0.0000,1.0000,0.2836,0.2073,0.2889
491,4,48.4664,-0.1300,0.5062,0.9999,0.0115,0.0000,-0.0115,0.9999,0.0000,0.0000,0.0000,1.0000,0.2820,0.2947,0.2062
491,5,48.6325,0.0087,0.6614,0.9999,0.0115,0.0000,-0.0115,0.9999,0.0000,0.0000,0.0000,1.0000,0.1112,0.2100,0.3614
491,6,48.7252,0.0293,0.4265,0.9999,0.0115,0.0000,-0.0115,0.9999,0.0000,0.0000,0.0000,1.0000,0.1972,0.1336,0.1265
491,7,48.8340,0.0390,0.4491,0.9999,0.0115,0.0000,-0.0115,0.9999,0.0000,0.0000,0.0000,1.0000,0.1624,0.1625,0.0548
491,8,48.8609,0.0825,0.4472,0.9999,0.0115,0.0000,-0.0115,0.9999,0.0000,0.0000,0.0000,1.0000,0.0831,0.2046,0.1050
491,9,48.8905,0.1491,0.4544,0.9999,0.0115,0.0000,-0.0115,0.9999,0.0000,0.0000,0.0000,1.0000,0.0210,0.0279,0.0569
491,10,48.9350,0.0897,0.4546,0.9999,0.0115,0.0000,-0.0115,0.9999,0.0000,0.0000,0.0000,1.0000,0.0210,0.0279,0.0569
492,0,49.4654,0.1628,0.4400,0.9999,0.0126,0.0000,-0.0126,0.9999,0.0000,0.0000,0.0000,1.0000,0.2577,0.2263,0.1400
492,1,49.4734,0.1658,0.6052,0.9999,0.0126,0.0000,-0.0126,0.9999,0.0000,0.0000,0.0000,1.0000,0.1100,0.2168,0.3052
492,2,49.5501,0.1064,0.5173,0.9999,0.0126,0.0000,-0.0126,0.9999,0.0000,0.0000,0.0000,1.0000,0.1101,0.3070,0.2173
492,3,49.5747,-0.0700,0.5889,0.9999,0.0126,0.0000,-0.0126,0.9999,0.0000,0.0000,0.0000,1.0000,0.2836,0.2073,0.2889
492,4,49.6934,-0.1150,0.5062,0.9999,0.0126,0.0000,-0.0126,0.9999,0.0000,0.0000,0.0000,1.0000,0.2820,0.2947,0.2062
492,5,49.8592,0.0239,0.6614,0.9999,0.0126,0.0000,-0.0126,0.9999,0.0000,0.0000,0.0000,1.0000,0.1112,0.2100,0.3614
492,6,49.9520,0.0446,0.4265,0.9999,0.0126,0.0000,-0.0126,0.9999,0.0000,0.0000,0.0000,1.0000,0.1972,0.1336,0.1265
492,7,50.0608,0.0544,0.4491,0.9999,0.0126,0.0000,-0.0126,0.9999,0.0000,0.0000,0.0000,1.0000,0.1624,0.1625,0.0548
492,8,50.0876,0.0979,0.4472,0.9999,0.0126,0.0000,-0.0126,0.9999,0.0000,0.0000,0.0000,1.0000,0.0831,0.2046,0.1050
492,9,50.1171,0.1646,0.4544,0.9999,0.0126,0.0000,-0.0126,0.9999,0.0000,0.0000,0.0000,1.0000,0.0210,0.0279,0.0569
492,10,50.1617,0.1053,0.4546,0.9999,0.0126,0.0000,-0.0126,0.9999,0.0000,0.0000,0.0000,1.0000,0.0210,0.0279,0.0569
493,0,50.6952,0.1791,0.4400,0.9999,0.0140,0.0000,-0.0140,0.9999,0.0000,0.0000,0.0000,1.0000,0.2577,0.2263,0.1400
493,1,50.7033,0.1821,0.6052,0.9999,0.0140,0.0000,-0.0140,0.9999,0.0000,0.0000,0.0000,1.0000,0.1100,0.2168,0.3052
493,2,50.7800,0.1229,0.5173,0.9999,0.0140,0.0000,-0.0140,0.9999,0.0000,0.0000,0.0000,1.0000,0.1101,0.3070,0.2173
493,3,50.8049,-0.0535,0.5889,0.9999,0.0140,0.0000,-0.0140,0.9999,0.0000,0.0000,0.0000,1.0000,0.2836,0.2073,0.2889
493,4,50.9236,-0.0983,0.5062,0.9999,0.0140,0.0000,-0.0140,0.9999,0.0000,0.0000,0.0000,1.0000,0.2820,0.2947,0.2062
493,5,51.0893,0.0408,0.6614,0.9999,0.0140,0.0000,-0.0140,0.9999,0.0000,0.0000,0.0000,1.0000,0.1112,0.2100,0.3614
493,6,51.1820,0.0616,0.4265,0.9999,0.0140,0.0000,-0.0140,0.9999,0.0000,0.0000,0.0000,1.0000,0.1972,0.1336,0.1265
493,7,51.2908,0.0716,0.4491,0.9999,0.0140,0.0000,-0.0140,0.9999,0.0000,0.0000,0.0000,1.0000,0.1624,0.1625,0.0548
493,8,51.3176,0.1152,0.4472,0.9999,0.0140,0.0000,-0.0140,0.9999,0.0000,0.0000,0.0000,1.0000,0.0831,0.2046,0.1050
493,9,51.3469,0.1819,0.4544,0.9999,0.0140,0.0000,-0.0140,0.9999,0.0000,0.0000,0.0000,1.0000,0.0210,0.0279,0.0569
493,10,51.3917,0.1226,0.4546,0.9999,0.0140,0.0000,-0.0140,0.9999,0.0000,0.0000,0.0000,1.0000,0.0210,0.0279,0.0569
494,0,51.9282,0.1965,0.4400,0.9999,0.0141,0.0000,-0.0141,0.9999,0.0000,0.0000,0.0000,1.0000,0.2577,0.2263,0.1400
494,1,51.9362,0.1995,0.6052,0.9999,0.0141,0.0000,-0.0141,0.9999,0.0000,0.0000,0.0000,1.0000,0.1100,0.2168,0.3052
494,2,52.0130,0.1403,0.5173,0.9999,0.0141,0.0000,-0.0141,0.9999,0.0000,0.0000,0.0000,1.0000,0.1101,0.3070,0.2173
494,3,52.0379,-0.0361,0.5889,0.9999,0.0141,0.0000,-0.0141,0.9999,0.0000,0.0000,0.0000,1.0000,0.2836,0.2073,0.2889
494,4,52.1566,-0.0809,0.5062,0.9999,0.0141,0.0000,-0.0141,0.9999,0.0000,0.0000,0.0000,1.0000,0.2820,0.2947,0.2062
494,5,52.3223,0.0582,0.6614,0.9999,0.0141,0.0000,-0.0141,0.9999,0.0000,0.0000,0.0000,1.0000,0.1112,0.2100,0.3614
494,6,52.4150,0.0791,0.4265,0.9999,0.0141,0.0000,-0.0141,0.9999,0.0000,0.0000,0.0000,1.0000,0.1972,0.1336,0.1265
494,7,52.5238,0.0890,0.4491,0.9999,0.0141,0.0000,-0.0141,0.9999,0.0000,0.0000,0.0000,1.0000,0.1624,0.1625,0.0548
494,8,52.5505,0.1326,0.4472,0.9999,0.0141,0.0000,-0.0141,0.9999,0.0000,0.0000,0.0000,1.0000,0.0831,0.2046,0.1050
494,9,52.5799,0.1993,0.4544,0.9999,0.0141,0.0000,-0.0141,0.9999,0.0000,0.0000,0.0000,1.0000,0.0210,0.0279,0.0569
494,10,52.6246,0.1400,0.4546,0.9999,0.0141,0.0000,-0.0141,0.9999,0.0000,0.0000,0.0000,1.0000,0.0210,0.0279,0.0569
495,0,53.1643,0.2140,0.4400,0.9999,0.0142,0.0000,-0.0142,0.9999,0.0000,0.0000,0.0000,1.0000,0.2577,0.2263,0.1400
495,1,53.1723,0.2170,0.6052,0.9999,0.0142,0.0000,-0.0142,0.9999,0.0000,0.0000,0.0000,1.0000,0.1100,0.2168,0.3052
495,2,53.2491,0.1578,0.5173,0.9999,0.0142,0.0000,-0.0142,0.9999,0.0000,0.0000,0.0000,1.0000,0.1101,0.3070,0.2173
495,3,53.2740,-0.0186,0.5889,0.9999,0.0142,0.0000,-0.0142,0.9999,0.0000,0.0000,0.0000,1.0000,0.2836,0.2073,0.2889
495,4,53.3927,-0.0634,0.5062,0.9999,0.0142,0.0000,-0.0142,0.9999,0.0000,0.0000,0.0000,1.0000,0.2820,0.2947,0.2062
495,5,53.5584,0.0757,0.6614,0.9999,0.0142,0.0000,-0.0142,0.9999,0.0000,0.0000,0.0000,1.0000,0.1112,0.2100,0.3614
495,6,53.6511,0.0966,0.4265,0.9999,0.0142,0.0000,-0.0142,0.9999,0.0000,0.0000,0.0000,1.0000,0.1972,0.1336,0.1265
495,7,53.7599,0.1065,0.4491,0.9999,0.0142,0.0000,-0.0142,0.9999,0.0000,0.0000,0.0000,1.0000,0.1624,0.1625,0.0548
495,8,53.7867,0.1501,0.4472,0.9999,0.0142,0.0000,-0.0142,0.9999,0.0000,0.0000,0.0000,1.0000,0.0831,0.2046,0.1050
495,9,53.8160,0.2168,0.4544,0.9999,0.0142,0.0000,-0.0142,0.9999,0.0000,0.0000,0.0000,1.0000,0.0210,0.0279,0.0569
495,10,53.8608,0.1575,0.4546,0.9999,0.0142,0.0000,-0.0142,0.9999,0.0000,0.0000,0.0000,1.0000,0.0210,0.0279,0.0569
496,0,54.4035,0.2322,0.4400,0.9999,0.0152,0.0000,-0.0152,0.9999,0.0000,0.0000,0.0000,1.0000,0.2577,0.2263,0.1400
496,1,54.4116,0.2352,0.6052,0.9999,0.0152,0.0000,-0.0152,0.9999,0.0000,0.0000,0.0000,1.0000,0.1100,0.2168,0.3052
496,2,54.4884,0.1760,0.5173,0.9999,0.0152,0.0000,-0.0152,0.9999,0.0000,0.0000,0.0000,1.0000,0.1101,0.3070,0.2173
496,3,54.5135,-0.0003,0.5889,0.9999,0.0152,0.0000,-0.0152,0.9999,0.0000,0.0000,0.0000,1.0000,0.2836,0.2073,0.2889
496,4,54.6323,-0.0450,0.5062,0.9999,0.0152,0.0000,-0.0152,0.9999,0.0000,0.0000,0.0000,1.0000,0.2820,0.2947,0.2062
496,5,54.7978,0.0943,0.6614,0.9999,0.0152,0.0000,-0.0152,0.9999,0.0000,0.0000,0.0000,1.0000,0.1112,0.2100,0.3614
496,6,54.8905,0.1153,0.4265,0.9999,0.0152,0.0000,-0.0152,0.9999,0.0000,0.0000,0.0000,1.0000,0.1972,0.1336,0.1265
496,7,54.9992,0.1253,0.4491,0.9999,0.0152,0.0000,-0.0152,0.9999,0.0000,0.0000,0.0000,1.0000,0.1624,0.1625,0.0548
496,8,55.0260,0.1689,0.4472,0.9999,0.0152,0.0000,-0.0152,0.9999,0.0000,0.0000,0.0000,1.0000,0.0831,0.2046,0.1050
496,9,55.0553,0.2357,0.4544,0.9999,0.0152,0.0000,-0.0152,0.9999,0.0000,0.0000,0.0000,1.0000,0.0210,0.0279,0.0569
496,10,55.1001,0.1765,0.4546,0.9999,0.0152,0.0000,-0.0152,0.9999,0.0000,0.0000,0.0000,1.0000,0.0210,0.0279,0.0569
497,0,55.6458,0.2513,0.4400,0.9999,0.0155,0.0000,-0.0155,0.9999,0.0000,0.0000,0.0000,1.0000,0.2577,0.2263,0.1400
497,1,55.6539,0.2543,0.6052,0.9999,0.0155,0.0000,-0.0155,0.9999,0.0000,0.0000,0.0000,1.0000,0.1100,0.2168,0.3052
497,2,55.7307,0.1952,0.5173,0.9999,0.0155,0.0000,-0.0155,0.9999,0.0000,0.0000,0.0000,1.0000,0.1101,0.3070,0.2173
497,3,55.7558,0.0188,0.5889,0.9999,0.0155,0.0000,-0.0155,0.9999,0.0000,0.0000,0.0000,1.0000,0.2836,0.2073,0.2889
497,4,55.8746,-0.0258,0.5062,0.9999,0.0155,0.0000,-0.0155,0.9999,0.0000,0.0000,0.0000,1.0000,0.2820,0.2947,0.2062
497,5,56.0401,0.1136,0.6614,0.9999,0.0155,0.0000,-0.0155,0.9999,0.0000,0.0000,0.0000,1.0000,0.1112,0.2100,0.3614
497,6,56.1328,0.1345,0.4265,0.9999,0.0155,0.0000,-0.0155,0.9999,0.0000,0.0000,0.0000,1.0000,0.1972,0.1336,0.1265
497,7,56.2415,0.1446,0.4491,0.9999,0.0155,0.0000,-0.0155,0.9999,0.0000,0.0000,0.0000,1.0000,0.1624,0.1625,0.0548
497,8,56.2683,0.1882,0.4472,0.9999,0.0155,0.0000,-0.0155,0.9999,0.0000,0.0000,0.0000,1.0000,0.0831,0.2046,0.1050
497,9,56.2975,0.2550,0.4544,0.9999,0.0155,0.0000,-0.0155,0.9999,0.0000,0.0000,0.0000,1.0000,0.0210,0.0279,0.0569
497,10,56.3423,0.1958,0.4546,0.9999,0.0155,0.0000,-0.0155,0.9999,0.0000,0.0000,0.0000,1.0000,0.0210,0.0279,0.0569
498,0,56.8908,0.2706,0.4400,0.9999,0.0155,0.0000,-0.0155,0.9999,0.0000,0.0000,0.0000,1.0000,0.2577,0.2263,0.1400
498,1,56.8988,0.2736,0.6052,0.9999,0.0155,0.0000,-0.0155,0.9999,0.0000,0.0000,0.0000,1.0000,0.1100,0.2168,0.3052
498,2,56.9756,0.2145,0.5173,0.9999,0.0155,0.0000,-0.0155,0.9999,0.0000,0.0000,0.0000,1.0000,0.1101,0.3070,0.2173
498,3,57.0008,0.0382,0.5889,0.9999,0.0155,0.0000,-0.0155,0.9999,0.0000,0.0000,0.0000,1.0000,0.2836,0.2073,0.2889
498,4,57.1196,-0.0065,0.5062,0.9999,0.0155,0.0000,-0.0155,0.9999,0.0000,0.0000,0.0000,1.0000,0.2820,0.2947,0.2062
498,5,57.2851,0.1329,0.6614,0.9999,0.0155,0.0000,-0.0155,0.9999,0.0000,0.0000,0.0000,1.0000,0.1112,0.2100,0.3614
498,6,57.3777,0.1538,0.4265,0.9999,0.0155,0.0000,-0.0155,0.9999,0.0000,0.0000,0.0000,1.0000,0.1972,0.1336,0.1265
498,7,57.4865,0.1639,0.4491,0.9999,0.0155,0.0000,-0.0155,0.9999,0.0000,0.0000,0.0000,1.0000,0.1624,0.1625,0.0548
498,8,57.5132,0.2075,0.4472,0.9999,0.0155,0.0000,-0.0155,0.9999,0.0000,0.0000,0.0000,1.0000,0.0831,0.2046,0.1050
498,9,57.5425,0.2743,0.4544,0.9999,0.0155,0.0000,-0.0155,0.9999,0.0000,0.0000,0.0000,1.0000,0.0210,0.0279,0.0569
498,10,57.5873,0.2151,0.4546,0.9999,0.0155,0.0000,-0.0155,0.9999,0.0000,0.0000,0.0000,1.0000,0.0210,0.0279,0.0569
499,0,58.1383,0.2897,0.4400,0.9999,0.0151,0.0000,-0.0151,0.9999,0.0000,0.0000,0.0000,1.0000,0.2577,0.2263,0.1400
499,1,58.1463,0.2927,0.6052,0.9999,0.0151,0.0000,-0.0151,0.9999,0.0000,0.0000,0.0000,1.0000,0.1100,0.2168,0.3052
499,2,58.2231,0.2336,0.5173,0.9999,0.0151,0.0000,-0.0151,0.9999,0.0000,0.0000,0.0000,1.0000,0.1101,0.3070,0.2173
499,3,58.2482,0.0572,0.5889,0.9999,0.0151,0.0000,-0.0151,0.9999,0.0000,0.0000,0.0000,1.0000,0.2836,0.2073,0.2889
499,4,58.3670,0.0125,0.5062,0.9999,0.0151,0.0000,-0.0151,0.9999,0.0000,0.0000,0.0000,1.0000,0.2820,0.2947,0.2062
499,5,58.5325,0.1518,0.6614,0.9999,0.0151,0.0000,-0.0151,0.9999,0.0000,0.0000,0.0000,1.0000,0.1112,0.2100,0.3614
499,6,58.6252,0.1727,0.4265,0.9999,0.0151,0.0000,-0.0151,0.9999,0.0000,0.0000,0.0000,1.0000,0.1972,0.1336,0.1265
499,7,58.7340,0.1828,0.4491,0.9999,0.0151,0.0000,-0.0151,0.9999,0.0000,0.0000,0.0000,1.0000,0.1624,0.1625,0.0548
499,8,58.7607,0.2264,0.4472,0.9999,0.0151,0.0000,-0.0151,0.9999,0.0000,0.0000,0.0000,1.0000,0.0831,0.2046,0.1050
499,9,58.7900,0.2931,0.4544,0.9999,0.0151,0.0000,-0.0151,0.9999,0.0000,0.0000,0.0000,1.0000,0.0210,0.0279,0.0569
499,10,58.8348,0.2339,0.4546,0.9999,0.0151,0.0000,-0.0151,0.9999,0.0000,0.0000,0.0000,1.0000,0.0210,0.0279,0.0569
500,0,59.3881,0.3086,0.4400,0.9999,0.0151,0.0000,-0.0151,0.9999,0.0000,0.0000,0.0000,1.0000,0.2577,0.2263,0.1400
500,1,59.3961,0.3116,0.6052,0.9999,0.0151,0.0000,-0.0151,0.9999,0.0000,0.0000,0.0000,1.0000,0.1100,0.2168,0.3052
500,2,59.4729,0.2524,0.5173,0.9999,0.0151,0.0000,-0.0151,0.9999,0.0000,0.0000,0.0000,1.0000,0.1101,0.3070,0.2173
500,3,59.4980,0.0761,0.5889,0.9999,0.0151,0.0000,-0.0151,0.9999,0.0000,0.0000,0.0000,1.0000,0.2836,0.2073,0.2889
500,4,59.6168,0.0314,0.5062,0.9999,0.0151,0.0000,-0.0151,0.9999,0.0000,0.0000,0.0000,1.0000,0.2820,0.2947,0.2062
500,5,59.7823,0.1707,0.6614,0.9999,0.0151,0.0000,-0.0151,0.9999,0.0000,0.0000,0.0000,1.0000,0.1112,0.2100,0.3614
500,6,59.8750,0.1916,0.4265,0.9999,0.0151,0.0000,-0.0151,0.9999,0.0000,0.0000,0.0000,1.0000,0.1972,0.1336,0.1265
500,7,59.9837,0.2016,0.4491,0.9999,0.0151,0.0000,-0.0151,0.9999,0.0000,0.0000,0.0000,1.0000,0.1624,0.1625,0.0548
500,8,60.0105,0.2453,0.4472,0.9999,0.0151,0.0000,-0.0151,0.9999,0.0000,0.0000,0.0000,1.0000,0.0831,0.2046,0.1050
500,9,60.0398,0.3120,0.4544,0.9999,0.0151,0.0000,-0.0151,0.9999,0.0000,0.0000,0.0000,1.0000,0.0210,0.0279,0.0569
500,10,60.0846,0.2528,0.4546,0.9999,0.0151,0.0000,-0.0151,0.9999,0.0000,0.0000,0.0000,1.0000,0.0210,0.0279,0.0569
501,0,60.6396,0.3274,0.4400,0.9999,0.0151,0.0000,-0.0151,0.9999,0.0000,0.0000,0.0000,1.0000,0.2577,0.2263,0.1400
501,1,60.6477,0.3305,0.6052,0.9999,0.0151,0.0000,-0.0151,0.9999,0.0000,0.0000,0.0000,1.0000,0.1100,0.2168,0.3052
501,2,60.7245,0.2713,0.5173,0.9999,0.0151,0.0000,-0.0151,0.9999,0.0000,0.0000,0.0000,1.0000,0.1101,0.3070,0.2173
501,3,60.7496,0.0950,0.5889,0.9999,0.0151,0.0000,-0.0151,0.9999,0.0000,0.0000,0.0000,1.0000,0.2836,0.2073,0.2889
501,4,60.8683,0.0503,0.5062,0.9999,0.0151,0.0000,-0.0151,0.9999,0.0000,0.0000,0.0000,1.0000,0.2820,0.2947,0.2062
501,5,61.0339,0.1896,0.6614,0.9999,0.0151,0.0000,-0.0151,0.9999,0.0000,0.0000,0.0000,1.0000,0.1112,0.2100,0.3614
501,6,61.1266,0.2105,0.4265,0.9999,0.0151,0.0000,-0.0151,0.9999,0.0000,0.0000,0.0000,1.0000,0.1972,0.1336,0.1265
501,7,61.2353,0.2205,0.4491,0.9999,0.0151,0.0000,-0.0151,0.9999,0.0000,0.0000,0.0000,1.0000,0.1624,0.1625,0.0548
501,8,61.2621,0.2641,0.4472,0.9999,0.0151,0.0000,-0.0151,0.9999,0.0000,0.0000,0.0000,1.0000,0.0831,0.2046,0.1050
501,9,61.2914,0.3309,0.4544,0.9999,0.0151,0.0000,-0.0151,0.9999,0.0000,0.0000,0.0000,1.0000,0.0210,0.0279,0.0569
501,10,61.3362,0.2716,0.4546,0.9999,0.0151,0.0000,-0.0151,0.9999,0.0000,0.0000,0.0000,1.0000,0.0210,0.0279,0.0569
502,0,61.8924,0.3466,0.4400,0.9999,0.0155,0.0000,-0.0155,0.9999,0.0000,0.0000,0.0000,1.0000,0.2577,0.2263,0.1400
502,1,61.9005,0.3496,0.6052,0.9999,0.0155,0.0000,-0.0155,0.9999,0.0000,0.0000,0.0000,1.0000,0.1100,0.2168,0.3052
502,2,61.9773,0.2905,0.5173,0.9999,0.0155,0.0000,-0.0155,0.9999,0.0000,0.0000,0.0000,1.0000,0.1101,0.3070,0.2173
502,3,62.0024,0.1142,0.5889,0.9999,0.0155,0.0000,-0.0155,0.9999,0.0000,0.0000,0.0000,1.0000,0.2836,0.2073,0.2889
502,4,62.1213,0.0695,0.5062,0.9999,0.0155,0.0000,-0.0155,0.9999,0.0000,0.0000,0.0000,1.0000,0.2820,0.2947,0.2062
502,5,62.2867,0.2089,0.6614,0.9999,0.0155,0.0000,-0.0155,0.9999,0.0000,0.0000,0.0000,1.0000,0.1112,0.2100,0.3614
502,6,62.3794,0.2298,0.4265,0.9999,0.0155,0.0000,-0.0155,0.9999,0.0000,0.0000,0.0000,1.0000,0.1972,0.1336,0.1265
502,7,62.4882,0.2399,0.4491,0.9999,0.0155,0.0000,-0.0155,0.9999,0.0000,0.0000,0.0000,1.0000,0.1624,0.1625,0.0548
502,8,62.5149,0.2835,0.4472,0.9999,0.0155,0.0000,-0.0155,0.9999,0.0000,0.0000,0.0000,1.0000,0.0831,0.2046,0.1050
502,9,62.5442,0.3503,0.4544,0.9999,0.0155,0.0000,-0.0155,0.9999,0.0000,0.0000,0.0000,1.0000,0.0210,0.0279,0.0569
502,10,62.5890,0.2911,0.4546,0.9999,0.0155,0.0000,-0.0155,0.9999,0.0000,0.0000,0.0000,1.0000,0.0210,0.0279,0.0569
503,0,63.1460,0.3666,0.4400,0.9999,0.0165,0.0000,-0.0165,0.9999,0.0000,0.0000,0.0000,1.0000,0.2577,0.2263,0.1400
503,1,63.1541,0.3696,0.6052,0.9999,0.0165,0.0000,-0.0165,0.9999,0.0000,0.0000,0.0000,1.0000,0.1100,0.2168,0.3052
503,2,63.2310,0.3106,0.5173,0.9999,0.0165,0.0000,-0.0165,0.9999,0.0000,0.0000,0.0000,1.0000,0.1101,0.3070,0.2173
503,3,63.2563,0.1343,0.5889,0.9999,0.0165,0.0000,-0.0165,0.9999,0.0000,0.0000,0.0000,1.0000,0.2836,0.2073,0.2889
503,4,63.3751,0.0898,0.5062,0.9999,0.0165,0.0000,-0.0165,0.9999,0.0000,0.0000,0.0000,1.0000,0.2820,0.2947,0.2062
503,5,63.5404,0.2293,0.6614,0.9999,0.0165,0.0000,-0.0165,0.9999,0.0000,0.0000,0.0000,1.0000,0.1112,0.2100,0.3614
503,6,63.6331,0.2504,0.4265,0.9999,0.0165,0.0000,-0.0165,0.9999,0.0000,0.0000,0.0000,1.0000,0.1972,0.1336,0.1265
503,7,63.7419,0.2606,0.4491,0.9999,0.0165,0.0000,-0.0165,0.9999,0.0000,0.0000,0.0000,1.0000,0.1624,0.1625,0.0548
503,8,63.7685,0.3042,0.4472,0.9999,0.0165,0.0000,-0.0165,0.9999,0.0000,0.0000,0.0000,1.0000,0.0831,0.2046,0.1050
503,9,63.7977,0.3710,0.4544,0.9999,0.0165,0.0000,-0.0165,0.9999,0.0000,0.0000,0.0000,1.0000,0.0210,0.0279,0.0569
503,10,63.8426,0.3118,0.4546,0.9999,0.0165,0.0000,-0.0165,0.9999,0.0000,0.0000,0.0000,1.0000,0.0210,0.0279,0.0569
504,0,64.4002,0.3882,0.4400,0.9998,0.0180,0.0000,-0.0180,0.9998,0.0000,0.0000,0.0000,1.0000,0.2577,0.2263,0.1400
504,1,64.4082,0.3912,0.6052,0.9998,0.0180,0.0000,-0.0180,0.9998,0.0000,0.0000,0.0000,1.0000,0.1100,0.2168,0.3052
504,2,64.4852,0.3323,0.5173,0.9998,0.0180,0.0000,-0.0180,0.9998,0.0000,0.0000,0.0000,1.0000,0.1101,0.3070,0.2173
504,3,64.5108,0.1560,0.5889,0.9998,0.0180,0.0000,-0.0180,0.9998,0.0000,0.0000,0.0000,1.0000,0.2836,0.2073,0.2889
504,4,64.6297,0.1117,0.5062,0.9998,0.0180,0.0000,-0.0180,0.9998,0.0000,0.0000,0.0000,1.0000,0.2820,0.2947,0.2062
504,5,64.7948,0.2515,0.6614,0.9998,0.0180,0.0000,-0.0180,0.9998,0.0000,0.0000,0.0000,1.0000,0.1112,0.2100,0.3614
504,6,64.8874,0.2726,0.4265,0.9998,0.0180,0.0000,-0.0180,0.9998,0.0000,0.0000,0.0000,1.0000,0.1972,0.1336,0.1265
504,7,64.9962,0.2830,0.4491,0.9998,0.0180,0.0000,-0.0180,0.9998,0.0000,0.0000,0.0000,1.0000,0.1624,0.1625,0.0548
504,8,65.0228,0.3267,0.4472,0.9998,0.0180,0.0000,-0.0180,0.9998,0.0000,0.0000,0.0000,1.0000,0.0831,0.2046,0.1050
504,9,65.0519,0.3935,0.4544,0.9998,0.0180,0.0000,-0.0180,0.9998,0.0000,0.0000,0.0000,1.0000,0.0210,0.0279,0.0569
504,10,65.0968,0.3344,0.4546,0.9998,0.0180,0.0000,-0.0180,0.9998,0.0000,0.0000,0.0000,1.0000,0.0210,0.0279,0.0569
505,0,65.6547,0.4115,0.4400,0.9998,0.0193,0.0000,-0.0193,0.9998,0.0000,0.0000,0.0000,1.0000,0.2577,0.2263,0.1400
505,1,65.6628,0.4146,0.6052,0.9998,0.0193,0.0000,-0.0193,0.9998,0.0000,0.0000,0.0000,1.0000,0.1100,0.2168,0.3052
505,2,65.7398,0.3558,0.5173,0.9998,0.0193,0.0000,-0.0193,0.9998,0.0000,0.0000,0.0000,1.0000,0.1101,0.3070,0.2173
505,3,65.7656,0.1795,0.5889,0.9998,0.0193,0.0000,-0.0193,0.9998,0.0000,0.0000,0.0000,1.0000,0.2836,0.2073,0.2889
505,4,65.8846,0.1353,0.5062,0.9998,0.0193,0.0000,-0.0193,0.9998,0.0000,0.0000,0.0000,1.0000,0.2820,0.2947,0.2062
505,5,66.0495,0.2753,0.6614,0.9998,0.0193,0.0000,-0.0193,0.9998,0.0000,0.0000,0.0000,1.0000,0.1112,0.2100,0.3614
505,6,66.1421,0.2966,0.4265,0.9998,0.0193,0.0000,-0.0193,0.9998,0.0000,0.0000,0.0000,1.0000,0.1972,0.1336,0.1265
505,7,66.2509,0.3071,0.4491,0.9998,0.0193,0.0000,-0.0193,0.9998,0.0000,0.0000,0.0000,1.0000,0.1624,0.1625,0.0548
505,8,66.2774,0.3509,0.4472,0.9998,0.0193,0.0000,-0.0193,0.9998,0.0000,0.0000,0.0000,1.0000,0.0831,0.2046,0.1050
505,9,66.3064,0.4177,0.4544,0.9998,0.0193,0.0000,-0.0193,0.9998,0.0000,0.0000,0.0000,1.0000,0.0210,0.0279,0.0569
505,10,66.3515,0.3587,0.4546,0.9998,0.0193,0.0000,-0.0193,0.9998,0.0000,0.0000,0.0000,1.0000,0.0210,0.0279,0.0569
506,0,66.9093,0.4355,0.4400,0.9998,0.0189,0.0000,-0.0189,0.9998,0.0000,0.0000,0.0000,1.0000,0.2577,0.2263,0.1400
506,1,66.9173,0.4386,0.6052,0.9998,0.0189,0.0000,-0.0189,0.9998,0.0000,0.0000,0.0000,1.0000,0.1100,0.2168,0.3052
506,2,66.9944,0.3797,0.5173,0.9998,0.0189,0.0000,-0.0189,0.9998,0.0000,0.0000,0.0000,1.0000,0.1101,0.3070,0.2173
506,3,67.0201,0.2035,0.5889,0.9998,0.0189,0.0000,-0.0189,0.9998,0.0000,0.0000,0.0000,1.0000,0.2836,0.2073,0.2889
506,4,67.1391,0.1592,0.5062,0.9998,0.0189,0.0000,-0.0189,0.9998,0.0000,0.0000,0.0000,1.0000,0.2820,0.2947,0.2062
506,5,67.3040,0.2992,0.6614,0.9998,0.0189,0.0000,-0.0189,0.9998,0.0000,0.0000,0.0000,1.0000,0.1112,0.2100,0.3614
506,6,67.3967,0.3204,0.4265,0.9998,0.0189,0.0000,-0.0189,0.9998,0.0000,0.0000,0.0000,1.0000,0.1972,0.1336,0.1265
506,7,67.5054,0.3309,0.4491,0.9998,0.0189,0.0000,-0.0189,0.9998,0.0000,0.0000,0.0000,1.0000,0.1624,0.1625,0.0548
506,8,67.5320,0.3746,0.4472,0.9998,0.0189,0.0000,-0.0189,0.9998,0.0000,0.0000,0.0000,1.0000,0.0831,0.2046,0.1050
506,9,67.5610,0.4415,0.4544,0.9998,0.0189,0.0000,-0.0189,0.9998,0.0000,0.0000,0.0000,1.0000,0.0210,0.0279,0.0569
506,10,67.6060,0.3824,0.4546,0.9998,0.0189,0.0000,-0.0189,0.9998,0.0000,0.0000,0.0000,1.0000,0.0210,0.0279,0.0569
507,0,68.1632,0.4597,0.4400,0.9998,0.0197,0.0000,-0.0197,0.9998,0.0000,0.0000,0.0000,1.0000,0.2577,0.2263,0.1400
507,1,68.1712,0.4628,0.6052,0.9998,0.0197,0.0000,-0.0197,0.9998,0.0000,0.0000,0.0000,1.0000,0.1100,0.2168,0.3052
507,2,68.2483,0.4040,0.5173,0.9998,0.0197,0.0000,-0.0197,0.9998,0.0000,0.0000,0.0000,1.0000,0.1101,0.3070,0.2173
507,3,68.2742,0.2278,0.5889,0.9998,0.0197,0.0000,-0.0197,0.9998,0.0000,0.0000,0.0000,1.0000,0.2836,0.2073,0.2889
507,4,68.3932,0.1836,0.5062,0.9998,0.0197,0.0000,-0.0197,0.9998,0.0000,0.0000,0.0000,1.0000,0.2820,0.2947,0.2062
507,5,68.5580,0.3237,0.6614,0.9998,0.0197,0.0000,-0.0197,0.9998,0.0000,0.0000,0.0000,1.0000,0.1112,0.2100,0.3614
507,6,68.6506,0.3450,0.4265,0.9998,0.0197,0.0000,-0.0197,0.9998,0.0000,0.0000,0.0000,1.0000,0.1972,0.1336,0.1265
507,7,68.7594,0.3556,0.4491,0.9998,0.0197,0.0000,-0.0197,0.9998,0.0000,0.0000,0.0000,1.0000,0.1624,0.1625,0.0548
507,8,68.7859,0.3993,0.4472,0.9998,0.0197,0.0000,-0.0197,0.9998,0.0000,0.0000,0.0000,1.0000,0.0831,0.2046,0.1050
507,9,68.8149,0.4662,0.4544,0.9998,0.0197,0.0000,-0.0197,0.9998,0.0000,0.0000,0.0000,1.0000,0.0210,0.0279,0.0569
507,10,68.8600,0.4071,0.4546,0.9998,0.0197,0.0000,-0.0197,0.9998,0.0000,0.0000,0.0000,1.0000,0.0210,0.0279,0.0569
508,0,69.4162,0.4837,0.4400,0.9998,0.0184,0.0000,-0.0184,0.9998,0.0000,0.0000,0.0000,1.0000,0.2577,0.2263,0.1400
508,1,69.4242,0.4867,0.6052,0.9998,0.0184,0.0000,-0.0184,0.9998,0.0000,0.0000,0.0000,1.0000,0.1100,0.2168,0.3052
508,2,69.5012,0.4278,0.5173,0.9998,0.0184,0.0000,-0.0184,0.9998,0.0000,0.0000,0.0000,1.0000,0.1101,0.3070,0.2173
508,3,69.5268,0.2515,0.5889,0.9998,0.0184,0.0000,-0.0184,0.9998,0.0000,0.0000,0.0000,1.0000,0.2836,0.2073,0.2889
508,4,69.6458,0.2072,0.5062,0.9998,0.0184,0.0000,-0.0184,0.9998,0.0000,0.0000,0.0000,1.0000,0.2820,0.2947,0.2062
508,5,69.8108,0.3471,0.6614,0.9998,0.0184,0.0000,-0.0184,0.9998,0.0000,0.0000,0.0000,1.0000,0.1112,0.2100,0.3614
508,6,69.9035,0.3683,0.4265,0.9998,0.0184,0.0000,-0.0184,0.9998,0.0000,0.0000,0.0000,1.0000,0.1972,0.1336,0.1265
508,7,70.0122,0.3787,0.4491,0.9998,0.0184,0.0000,-0.0184,0.9998,0.0000,0.0000,0.0000,1.0000,0.1624,0.1625,0.0548
508,8,70.0388,0.4224,0.4472,0.9998,0.0184,0.0000,-0.0184,0.9998,0.0000,0.0000,0.0000,1.0000,0.0831,0.2046,0.1050
508,9,70.0679,0.4892,0.4544,0.9998,0.0184,0.0000,-0.0184,0.9998,0.0000,0.0000,0.0000,1.0000,0.0210,0.0279,0.0569
508,10,70.1129,0.4302,0.4546,0.9998,0.0184,0.0000,-0.0184,0.9998,0.0000,0.0000,0.0000,1.0000,0.0210,0.0279,0.0569
509,0,70.6680,0.5066,0.4400,0.9998,0.0183,0.0000,-0.0183,0.9998,0.0000,0.0000,0.0000,1.0000,0.2577,0.2263,0.1400
509,1,70.6760,0.5097,0.6052,0.9998,0.0183,0.0000,-0.0183,0.9998,0.0000,0.0000,0.0000,1.0000,0.1100,0.2168,0.3052
509,2,70.7530,0.4508,0.5173,0.9998,0.0183,0.0000,-0.0183,0.9998,0.0000,0.0000,0.0000,1.0000,0.1101,0.3070,0.2173
509,3,70.7787,0.2745,0.5889,0.9998,0.0183,0.0000,-0.0183,0.9998,0.0000,0.0000,0.0000,1.0000,0.2836,0.2073,0.2889
509,4,70.8976,0.2302,0.5062,0.9998,0.0183,0.0000,-0.0183,0.9998,0.0000,0.0000,0.0000,1.0000,0.2820,0.2947,0.2062
509,5,71.0627,0.3700,0.6614,0.9998,0.0183,0.0000,-0.0183,0.9998,0.0000,0.0000,0.0000,1.0000,0.1112,0.2100,0.3614
509,6,71.1553,0.3912,0.4265,0.9998,0.0183,0.0000,-0.0183,0.9998,0.0000,0.0000,0.0000,1.0000,0.1972,0.1336,0.1265
509,7,71.2640,0.4016,0.4491,0.9998,0.0183,0.0000,-0.0183,0.9998,0.0000,0.0000,0.0000,1.0000,0.1624,0.1625,0.0548
509,8,71.2906,0.4453,0.4472,0.9998,0.0183,0.0000,-0.0183,0.9998,0.0000,0.0000,0.0000,1.0000,0.0831,0.2046,0.1050
509,9,71.3197,0.5121,0.4544,0.9998,0.0183,0.0000,-0.0183,0.9998,0.0000,0.0000,0.0000,1.0000,0.0210,0.0279,0.0569
509,10,71.3647,0.4531,0.4546,0.9998,0.0183,0.0000,-0.0183,0.9998,0.0000,0.0000,0.0000,1.0000,0.0210,0.0279,0.0569
510,0,71.9187,0.5297,0.4400,0.9998,0.0186,0.0000,-0.0186,0.9998,0.0000,0.0000,0.0000,1.0000,0.2577,0.2263,0.1400
510,1,71.9267,0.5327,0.6052,0.9998,0.0186,0.0000,-0.0186,0.9998,0.0000,0.0000,0.0000,1.0000,0.1100,0.2168,0.3052
510,2,72.0038,0.4738,0.5173,0.9998,0.0186,0.0000,-0.0186,0.9998,0.0000,0.0000,0.0000,1.0000,0.1101,0.3070,0.2173
510,3,72.0294,0.2976,0.5889,0.9998,0.0186,0.0000,-0.0186,0.9998,0.0000,0.0000,0.0000,1.0000,0.2836,0.2073,0.2889
510,4,72.1484,0.2533,0.5062,0.9998,0.0186,0.0000,-0.0186,0.9998,0.0000,0.0000,0.0000,1.0000,0.2820,0.2947,0.2062
510,5,72.3134,0.3932,0.6614,0.9998,0.0186,0.0000,-0.0186,0.9998,0.0000,0.0000,0.0000,1.0000,0.1112,0.2100,0.3614
510,6,72.4060,0.4144,0.4265,0.9998,0.0186,0.0000,-0.0186,0.9998,0.0000,0.0000,0.0000,1.0000,0.1972,0.1336,0.1265
510,7,72.5148,0.4248,0.4491,0.9998,0.0186,0.0000,-0.0186,0.9998,0.0000,0.0000,0.0000,1.0000,0.1624,0.1625,0.0548
510,8,72.5413,0.4685,0.4472,0.9998,0.0186,0.0000,-0.0186,0.9998,0.0000,0.0000,0.0000,1.0000,0.0831,0.2046,0.1050
510,9,72.5704,0.5354,0.4544,0.9998,0.0186,0.0000,-0.0186,0.9998,0.0000,0.0000,0.0000,1.0000,0.0210,0.0279,0.0569
510,10,72.6154,0.4763,0.4546,0.9998,0.0186,0.0000,-0.0186,0.9998,0.0000,0.0000,0.0000,1.0000,0.0210,0.0279,0.0569
511,0,73.1686,0.5536,0.4400,0.9998,0.0198,0.0000,-0.0198,0.9998,0.0000,0.0000,0.0000,1.0000,0.2577,0.2263,0.1400
511,1,73.1766,0.5567,0.6052,0.9998,0.0198,0.0000,-0.0198,0.9998,0.0000,0.0000,0.0000,1.0000,0.1100,0.2168,0.3052
511,2,73.2537,0.4979,0.5173,0.9998,0.0198,0.0000,-0.0198,0.9998,0.0000,0.0000,0.0000,1.0000,0.1101,0.3070,0.2173
511,3,73.2796,0.3217,0.5889,0.9998,0.0198,0.0000,-0.0198,0.9998,0.0000,0.0000,0.0000,1.0000,0.2836,0.2073,0.2889
511,4,73.3986,0.2775,0.5062,0.9998,0.0198,0.0000,-0.0198,0.9998,0.0000,0.0000,0.0000,1.0000,0.2820,0.2947,0.2062
511,5,73.5634,0.4176,0.6614,0.9998,0.0198,0.0000,-0.0198,0.9998,0.0000,0.0000,0.0000,1.0000,0.1112,0.2100,0.3614
511,6,73.6560,0.4390,0.4265,0.9998,0.0198,0.0000,-0.0198,0.9998,0.0000,0.0000,0.0000,1.0000,0.1972,0.1336,0.1265
511,7,73.7647,0.4495,0.4491,0.9998,0.0198,0.0000,-0.0198,0.9998,0.0000,0.0000,0.0000,1.0000,0.1624,0.1625,0.0548
511,8,73.7913,0.4933,0.4472,0.9998,0.0198,0.0000,-0.0198,0.9998,0.0000,0.0000,0.0000,1.0000,0.0831,0.2046,0.1050
511,9,73.8203,0.5602,0.4544,0.9998,0.0198,0.0000,-0.0198,0.9998,0.0000,0.0000,0.0000,1.0000,0.0210,0.0279,0.0569
511,10,73.8653,0.5011,0.4546,0.9998,0.0198,0.0000,-0.0198,0.9998,0.0000,0.0000,0.0000,1.0000,0.0210,0.0279,0.0569
