pos,joint,obb_center_x,obb_center_y,obb_center_z,obb_axis_x1,obb_axis_y1,obb_axis_z1,obb_axis_x2,obb_axis_y2,obb_axis_z2,obb_axis_x3,obb_axis_y3,obb_axis_z3,obb_half_length_x,obb_half_length_y,obb_half_length_z
0,0,-0.0451,-0.0079,0.4400,1.0000,-0.0001,0.0000,0.0001,1.0000,0.0000,0.0000,0.0000,1.0000,0.2577,0.2263,0.1400
0,1,-0.0370,-0.0050,0.6052,1.0000,-0.0001,0.0000,0.0001,1.0000,0.0000,0.0000,0.0000,1.0000,0.1100,0.2168,0.3052
0,2,0.0389,-0.0653,0.5173,1.0000,-0.0001,0.0000,0.0001,1.0000,0.0000,0.0000,0.0000,1.0000,0.1101,0.3070,0.2173
0,3,0.0613,-0.2420,0.5889,1.0000,-0.0001,0.0000,0.0001,1.0000,0.0000,0.0000,0.0000,1.0000,0.2836,0.2073,0.2889
0,4,0.1794,-0.2885,0.5062,1.0000,-0.0001,0.0000,0.0001,1.0000,0.0000,0.0000,0.0000,1.0000,0.2820,0.2947,0.2062
0,5,0.3470,-0.1517,0.6614,1.0000,-0.0001,0.0000,0.0001,1.0000,0.0000,0.0000,0.0000,1.0000,0.1112,0.2100,0.3614
0,6,0.4400,-0.1322,0.4265,1.0000,-0.0001,0.0000,0.0001,1.0000,0.0000,0.0000,0.0000,1.0000,0.1972,0.1336,0.1265
0,7,0.5489,-0.1238,0.4491,1.0000,-0.0001,0.0000,0.0001,1.0000,0.0000,0.0000,0.0000,1.0000,0.1624,0.1625,0.0548
0,8,0.5763,-0.0806,0.4472,1.0000,-0.0001,0.0000,0.0001,1.0000,0.0000,0.0000,0.0000,1.0000,0.0831,0.2046,0.1050
0,9,0.6066,-0.0143,0.4544,1.0000,-0.0001,0.0000,0.0001,1.0000,0.0000,0.0000,0.0000,1.0000,0.0210,0.0279,0.0569
0,10,0.6505,-0.0742,0.4546,1.0000,-0.0001,0.0000,0.0001,1.0000,0.0000,0.0000,0.0000,1.0000,0.0210,0.0279,0.0569
1,0,-0.0438,-0.0079,0.4400,1.0000,-0.0000,0.0000,0.0000,1.0000,0.0000,0.0000,0.0000,1.0000,0.2577,0.2263,0.1400
1,1,-0.0357,-0.0050,0.6052,1.0000,-0.0000,0.0000,0.0000,1.0000,0.0000,0.0000,0.0000,1.0000,0.1100,0.2168,0.3052
1,2,0.0402,-0.0653,0.5173,1.0000,-0.0000,0.0000,0.0000,1.0000,0.0000,0.0000,0.0000,1.0000,0.1101,0.3070,0.2173
1,3,0.0626,-0.2420,0.5889,1.0000,-0.0000,0.0000,0.0000,1.0000,0.0000,0.0000,0.0000,1.0000,0.2836,0.2073,0.2889
1,4,0.1807,-0.2885,0.5062,1.0000,-0.0000,0.0000,0.0000,1.0000,0.0000,0.0000,0.0000,1.0000,0.2820,0.2947,0.2062
1,5,0.3483,-0.1517,0.6614,1.0000,-0.0000,0.0000,0.0000,1.0000,0.0000,0.0000,0.0000,1.0000,0.1112,0.2100,0.3614
1,6,0.4413,-0.1322,0.4265,1.0000,-0.0000,0.0000,0.0000,1.0000,0.0000,0.0000,0.0000,1.0000,0.1972,0.1336,0.1265
1,7,0.5502,-0.1238,0.4491,1.0000,-0.0000,0.0000,0.0000,1.0000,0.0000,0.0000,0.0000,1.0000,0.1624,0.1625,0.0548
1,8,0.5776,-0.0806,0.4472,1.0000,-0.0000,0.0000,0.0000,1.0000,0.0000,0.0000,0.0000,1.0000,0.0831,0.2046,0.1050
1,9,0.6079,-0.0143,0.4544,1.0000,-0.0000,0.0000,0.0000,1.0000,0.0000,0.0000,0.0000,1.0000,0.0210,0.0279,0.0569
1,10,0.6518,-0.0742,0.4546,1.0000,-0.0000,0.0000,0.0000,1.0000,0.0000,0.0000,0.0000,1.0000,0.0210,0.0279,0.0569
2,0,-0.0342,-0.0079,0.4400,1.0000,0.0001,0.0000,-0.0001,1.0000,0.0000,0.0000,0.0000,1.0000,0.2577,0.2263,0.1400
2,1,-0.0261,-0.0050,0.6052,1.0000,0.0001,0.0000,-0.0001,1.0000,0.0000,0.0000,0.0000,1.0000,0.1100,0.2168,0.3052
2,2,0.0498,-0.0653,0.5173,1.0000,0.0001,0.0000,-0.0001,1.0000,0.0000,0.0000,0.0000,1.0000,0.1101,0.3070,0.2173
2,3,0.0723,-0.2420,0.5889,1.0000,0.0001,0.0000,-0.0001,1.0000,0.0000,0.0000,0.0000,1.0000,0.2836,0.2073,0.2889
2,4,0.1904,-0.2885,0.5062,1.0000,0.0001,0.0000,-0.0001,1.0000,0.0000,0.0000,0.0000,1.0000,0.2820,0.2947,0.2062
2,5,0.3580,-0.1517,0.6614,1.0000,0.0001,0.0000,-0.0001,1.0000,0.0000,0.0000,0.0000,1.0000,0.1112,0.2100,0.3614
2,6,0.4510,-0.1322,0.4265,1.0000,0.0001,0.0000,-0.0001,1.0000,0.0000,0.0000,0.0000,1.0000,0.1972,0.1336,0.1265
2,7,0.5599,-0.1238,0.4491,1.0000,0.0001,0.0000,-0.0001,1.0000,0.0000,0.0000,0.0000,1.0000,0.1624,0.1625,0.0548
2,8,0.5872,-0.0805,0.4472,1.0000,0.0001,0.0000,-0.0001,1.0000,0.0000,0.0000,0.0000,1.0000,0.0831,0.2046,0.1050
2,9,0.6175,-0.0142,0.4544,1.0000,0.0001,0.0000,-0.0001,1.0000,0.0000,0.0000,0.0000,1.0000,0.0210,0.0279,0.0569
2,10,0.6614,-0.0741,0.4546,1.0000,0.0001,0.0000,-0.0001,1.0000,0.0000,0.0000,0.0000,1.0000,0.0210,0.0279,0.0569
3,0,-0.0131,-0.0079,0.4400,1.0000,0.0004,0.0000,-0.0004,1.0000,0.0000,0.0000,0.0000,1.0000,0.2577,0.2263,0.1400
3,1,-0.0050,-0.0050,0.6052,1.0000,0.0004,0.0000,-0.0004,1.0000,0.0000,0.0000,0.0000,1.0000,0.1100,0.2168,0.3052
3,2,0.0709,-0.0653,0.5173,1.0000,0.0004,0.0000,-0.0004,1.0000,0.0000,0.0000,0.0000,1.0000,0.1101,0.3070,0.2173
3,3,0.0933,-0.2420,0.5889,1.0000,0.0004,0.0000,-0.0004,1.0000,0.0000,0.0000,0.0000,1.0000,0.2836,0.2073,0.2889
3,4,0.2115,-0.2884,0.5062,1.0000,0.0004,0.0000,-0.0004,1.0000,0.0000,0.0000,0.0000,1.0000,0.2820,0.2947,0.2062
3,5,0.3790,-0.1516,0.6614,1.0000,0.0004,0.0000,-0.0004,1.0000,0.0000,0.0000,0.0000,1.0000,0.1112,0.2100,0.3614
3,6,0.4720,-0.1320,0.4265,1.0000,0.0004,0.0000,-0.0004,1.0000,0.0000,0.0000,0.0000,1.0000,0.1972,0.1336,0.1265
3,7,0.5809,-0.1236,0.4491,1.0000,0.0004,0.0000,-0.0004,1.0000,0.0000,0.0000,0.0000,1.0000,0.1624,0.1625,0.0548
3,8,0.6083,-0.0804,0.4472,1.0000,0.0004,0.0000,-0.0004,1.0000,0.0000,0.0000,0.0000,1.0000,0.0831,0.2046,0.1050
3,9,0.6386,-0.0141,0.4544,1.0000,0.0004,0.0000,-0.0004,1.0000,0.0000,0.0000,0.0000,1.0000,0.0210,0.0279,0.0569
3,10,0.6825,-0.0740,0.4546,1.0000,0.0004,0.0000,-0.0004,1.0000,0.0000,0.0000,0.0000,1.0000,0.0210,0.0279,0.0569
4,0,0.0226,-0.0079,0.4400,1.0000,0.0008,0.0000,-0.0008,1.0000,0.0000,0.0000,0.0000,1.0000,0.2577,0.2263,0.1400
4,1,0.0307,-0.0050,0.6052,1.0000,0.0008,0.0000,-0.0008,1.0000,0.0000,0.0000,0.0000,1.0000,0.1100,0.2168,0.3052
4,2,0.1067,-0.0652,0.5173,1.0000,0.0008,0.0000,-0.0008,1.0000,0.0000,0.0000,0.0000,1.0000,0.1101,0.3070,0.2173
4,3,0.1292,-0.2419,0.5889,1.0000,0.0008,0.0000,-0.0008,1.0000,0.0000,0.0000,0.0000,1.0000,0.2836,0.2073,0.2889
4,4,0.2473,-0.2883,0.5062,1.0000,0.0008,0.0000,-0.0008,1.0000,0.0000,0.0000,0.0000,1.0000,0.2820,0.2947,0.2062
4,5,0.4148,-0.1514,0.6614,1.0000,0.0008,0.0000,-0.0008,1.0000,0.0000,0.0000,0.0000,1.0000,0.1112,0.2100,0.3614
4,6,0.5078,-0.1318,0.4265,1.0000,0.0008,0.0000,-0.0008,1.0000,0.0000,0.0000,0.0000,1.0000,0.1972,0.1336,0.1265
4,7,0.6167,-0.1233,0.4491,1.0000,0.0008,0.0000,-0.0008,1.0000,0.0000,0.0000,0.0000,1.0000,0.1624,0.1625,0.0548
4,8,0.6441,-0.0801,0.4472,1.0000,0.0008,0.0000,-0.0008,1.0000,0.0000,0.0000,0.0000,1.0000,0.0831,0.2046,0.1050
4,9,0.6743,-0.0138,0.4544,1.0000,0.0008,0.0000,-0.0008,1.0000,0.0000,0.0000,0.0000,1.0000,0.0210,0.0279,0.0569
4,10,0.7183,-0.0736,0.4546,1.0000,0.0008,0.0000,-0.0008,1.0000,0.0000,0.0000,0.0000,1.0000,0.0210,0.0279,0.0569
5,0,0.0765,-0.0079,0.4400,1.0000,0.0014,0.0000,-0.0014,1.0000,0.0000,0.0000,0.0000,1.0000,0.2577,0.2263,0.1400
5,1,0.0846,-0.0050,0.6052,1.0000,0.0014,0.0000,-0.0014,1.0000,0.0000,0.0000,0.0000,1.0000,0.1100,0.2168,0.3052
5,2,0.1606,-0.0651,0.5173,1.0000,0.0014,0.0000,-0.0014,1.0000,0.0000,0.0000,0.0000,1.0000,0.1101,0.3070,0.2173
5,3,0.1833,-0.2418,0.5889,1.0000,0.0014,0.0000,-0.0014,1.0000,0.0000,0.0000,0.0000,1.0000,0.2836,0.2073,0.2889
5,4,0.3014,-0.2881,0.5062,1.0000,0.0014,0.0000,-0.0014,1.0000,0.0000,0.0000,0.0000,1.0000,0.2820,0.2947,0.2062
5,5,0.4688,-0.1511,0.6614,1.0000,0.0014,0.0000,-0.0014,1.0000,0.0000,0.0000,0.0000,1.0000,0.1112,0.2100,0.3614
5,6,0.5618,-0.1315,0.4265,1.0000,0.0014,0.0000,-0.0014,1.0000,0.0000,0.0000,0.0000,1.0000,0.1972,0.1336,0.1265
5,7,0.6707,-0.1229,0.4491,1.0000,0.0014,0.0000,-0.0014,1.0000,0.0000,0.0000,0.0000,1.0000,0.1624,0.1625,0.0548
5,8,0.6980,-0.0797,0.4472,1.0000,0.0014,0.0000,-0.0014,1.0000,0.0000,0.0000,0.0000,1.0000,0.0831,0.2046,0.1050
5,9,0.7282,-0.0133,0.4544,1.0000,0.0014,0.0000,-0.0014,1.0000,0.0000,0.0000,0.0000,1.0000,0.0210,0.0279,0.0569
5,10,0.7722,-0.0732,0.4546,1.0000,0.0014,0.0000,-0.0014,1.0000,0.0000,0.0000,0.0000,1.0000,0.0210,0.0279,0.0569
6,0,0.1515,-0.0078,0.4400,1.0000,0.0022,0.0000,-0.0022,1.0000,0.0000,0.0000,0.0000,1.0000,0.2577,0.2263,0.1400
6,1,0.1596,-0.0048,0.6052,1.0000,0.0022,0.0000,-0.0022,1.0000,0.0000,0.0000,0.0000,1.0000,0.1100,0.2168,0.3052
6,2,0.2356,-0.0650,0.5173,1.0000,0.0022,0.0000,-0.0022,1.0000,0.0000,0.0000,0.0000,1.0000,0.1101,0.3070,0.2173
6,3,0.2584,-0.2416,0.5889,1.0000,0.0022,0.0000,-0.0022,1.0000,0.0000,0.0000,0.0000,1.0000,0.2836,0.2073,0.2889
6,4,0.3766,-0.2879,0.5062,1.0000,0.0022,0.0000,-0.0022,1.0000,0.0000,0.0000,0.0000,1.0000,0.2820,0.2947,0.2062
6,5,0.5439,-0.1507,0.6614,1.0000,0.0022,0.0000,-0.0022,1.0000,0.0000,0.0000,0.0000,1.0000,0.1112,0.2100,0.3614
6,6,0.6369,-0.1310,0.4265,1.0000,0.0022,0.0000,-0.0022,1.0000,0.0000,0.0000,0.0000,1.0000,0.1972,0.1336,0.1265
6,7,0.7458,-0.1224,0.4491,1.0000,0.0022,0.0000,-0.0022,1.0000,0.0000,0.0000,0.0000,1.0000,0.1624,0.1625,0.0548
6,8,0.7731,-0.0791,0.4472,1.0000,0.0022,0.0000,-0.0022,1.0000,0.0000,0.0000,0.0000,1.0000,0.0831,0.2046,0.1050
6,9,0.8032,-0.0127,0.4544,1.0000,0.0022,0.0000,-0.0022,1.0000,0.0000,0.0000,0.0000,1.0000,0.0210,0.0279,0.0569
6,10,0.8472,-0.0725,0.4546,1.0000,0.0022,0.0000,-0.0022,1.0000,0.0000,0.0000,0.0000,1.0000,0.0210,0.0279,0.0569
7,0,0.2496,-0.0075,0.4400,1.0000,0.0031,0.0000,-0.0031,1.0000,0.0000,0.0000,0.0000,1.0000,0.2577,0.2263,0.1400
7,1,0.2577,-0.0046,0.6052,1.0000,0.0031,0.0000,-0.0031,1.0000,0.0000,0.0000,0.0000,1.0000,0.1100,0.2168,0.3052
7,2,0.3338,-0.0647,0.5173,1.0000,0.0031,0.0000,-0.0031,1.0000,0.0000,0.0000,0.0000,1.0000,0.1101,0.3070,0.2173
7,3,0.3568,-0.2413,0.5889,1.0000,0.0031,0.0000,-0.0031,1.0000,0.0000,0.0000,0.0000,1.0000,0.2836,0.2073,0.2889
7,4,0.4750,-0.2874,0.5062,1.0000,0.0031,0.0000,-0.0031,1.0000,0.0000,0.0000,0.0000,1.0000,0.2820,0.2947,0.2062
7,5,0.6422,-0.1501,0.6614,1.0000,0.0031,0.0000,-0.0031,1.0000,0.0000,0.0000,0.0000,1.0000,0.1112,0.2100,0.3614
7,6,0.7351,-0.1303,0.4265,1.0000,0.0031,0.0000,-0.0031,1.0000,0.0000,0.0000,0.0000,1.0000,0.1972,0.1336,0.1265
7,7,0.8440,-0.1216,0.4491,1.0000,0.0031,0.0000,-0.0031,1.0000,0.0000,0.0000,0.0000,1.0000,0.1624,0.1625,0.0548
7,8,0.8713,-0.0783,0.4472,1.0000,0.0031,0.0000,-0.0031,1.0000,0.0000,0.0000,0.0000,1.0000,0.0831,0.2046,0.1050
7,9,0.9014,-0.0119,0.4544,1.0000,0.0031,0.0000,-0.0031,1.0000,0.0000,0.0000,0.0000,1.0000,0.0210,0.0279,0.0569
7,10,0.9454,-0.0717,0.4546,1.0000,0.0031,0.0000,-0.0031,1.0000,0.0000,0.0000,0.0000,1.0000,0.0210,0.0279,0.0569
8,0,0.3723,-0.0071,0.4400,1.0000,0.0041,0.0000,-0.0041,1.0000,0.0000,0.0000,0.0000,1.0000,0.2577,0.2263,0.1400
8,1,0.3804,-0.0042,0.6052,1.0000,0.0041,0.0000,-0.0041,1.0000,0.0000,0.0000,0.0000,1.0000,0.1100,0.2168,0.3052
8,2,0.4565,-0.0642,0.5173,1.0000,0.0041,0.0000,-0.0041,1.0000,0.0000,0.0000,0.0000,1.0000,0.1101,0.3070,0.2173
8,3,0.4797,-0.2408,0.5889,1.0000,0.0041,0.0000,-0.0041,1.0000,0.0000,0.0000,0.0000,1.0000,0.2836,0.2073,0.2889
8,4,0.5980,-0.2868,0.5062,1.0000,0.0041,0.0000,-0.0041,1.0000,0.0000,0.0000,0.0000,1.0000,0.2820,0.2947,0.2062
8,5,0.7650,-0.1493,0.6614,1.0000,0.0041,0.0000,-0.0041,1.0000,0.0000,0.0000,0.0000,1.0000,0.1112,0.2100,0.3614
8,6,0.8579,-0.1294,0.4265,1.0000,0.0041,0.0000,-0.0041,1.0000,0.0000,0.0000,0.0000,1.0000,0.1972,0.1336,0.1265
8,7,0.9668,-0.1206,0.4491,1.0000,0.0041,0.0000,-0.0041,1.0000,0.0000,0.0000,0.0000,1.0000,0.1624,0.1625,0.0548
8,8,0.9940,-0.0773,0.4472,1.0000,0.0041,0.0000,-0.0041,1.0000,0.0000,0.0000,0.0000,1.0000,0.0831,0.2046,0.1050
8,9,1.0240,-0.0108,0.4544,1.0000,0.0041,0.0000,-0.0041,1.0000,0.0000,0.0000,0.0000,1.0000,0.0210,0.0279,0.0569
8,10,1.0682,-0.0705,0.4546,1.0000,0.0041,0.0000,-0.0041,1.0000,0.0000,0.0000,0.0000,1.0000,0.0210,0.0279,0.0569
9,0,0.5204,-0.0065,0.4400,1.0000,0.0052,0.0000,-0.0052,1.0000,0.0000,0.0000,0.0000,1.0000,0.2577,0.2263,0.1400
9,1,0.5284,-0.0035,0.6052,1.0000,0.0052,0.0000,-0.0052,1.0000,0.0000,0.0000,0.0000,1.0000,0.1100,0.2168,0.3052
9,2,0.6047,-0.0634,0.5173,1.0000,0.0052,0.0000,-0.0052,1.0000,0.0000,0.0000,0.0000,1.0000,0.1101,0.3070,0.2173
9,3,0.6280,-0.2400,0.5889,1.0000,0.0052,0.0000,-0.0052,1.0000,0.0000,0.0000,0.0000,1.0000,0.2836,0.2073,0.2889
9,4,0.7463,-0.2859,0.5062,1.0000,0.0052,0.0000,-0.0052,1.0000,0.0000,0.0000,0.0000,1.0000,0.2820,0.2947,0.2062
9,5,0.9132,-0.1482,0.6614,1.0000,0.0052,0.0000,-0.0052,1.0000,0.0000,0.0000,0.0000,1.0000,0.1112,0.2100,0.3614
9,6,1.0061,-0.1282,0.4265,1.0000,0.0052,0.0000,-0.0052,1.0000,0.0000,0.0000,0.0000,1.0000,0.1972,0.1336,0.1265
9,7,1.1149,-0.1193,0.4491,1.0000,0.0052,0.0000,-0.0052,1.0000,0.0000,0.0000,0.0000,1.0000,0.1624,0.1625,0.0548
9,8,1.1421,-0.0759,0.4472,1.0000,0.0052,0.0000,-0.0052,1.0000,0.0000,0.0000,0.0000,1.0000,0.0831,0.2046,0.1050
9,9,1.1721,-0.0095,0.4544,1.0000,0.0052,0.0000,-0.0052,1.0000,0.0000,0.0000,0.0000,1.0000,0.0210,0.0279,0.0569
9,10,1.2163,-0.0691,0.4546,1.0000,0.0052,0.0000,-0.0052,1.0000,0.0000,0.0000,0.0000,1.0000,0.0210,0.0279,0.0569
10,0,0.6943,-0.0055,0.4400,1.0000,0.0063,0.0000,-0.0063,1.0000,0.0000,0.0000,0.0000,1.0000,0.2577,0.2263,0.1400
10,1,0.7024,-0.0026,0.6052,1.0000,0.0063,0.0000,-0.0063,1.0000,0.0000,0.0000,0.0000,1.0000,0.1100,0.2168,0.3052
10,2,0.7786,-0.0624,0.5173,1.0000,0.0063,0.0000,-0.0063,1.0000,0.0000,0.0000,0.0000,1.0000,0.1101,0.3070,0.2173
10,3,0.8021,-0.2389,0.5889,1.0000,0.0063,0.0000,-0.0063,1.0000,0.0000,0.0000,0.0000,1.0000,0.2836,0.2073,0.2889
10,4,0.9205,-0.2847,0.5062,1.0000,0.0063,0.0000,-0.0063,1.0000,0.0000,0.0000,0.0000,1.0000,0.2820,0.2947,0.2062
10,5,1.0873,-0.1468,0.6614,1.0000,0.0063,0.0000,-0.0063,1.0000,0.0000,0.0000,0.0000,1.0000,0.1112,0.2100,0.3614
10,6,1.1801,-0.1268,0.4265,1.0000,0.0063,0.0000,-0.0063,1.0000,0.0000,0.0000,0.0000,1.0000,0.1972,0.1336,0.1265
10,7,1.2890,-0.1177,0.4491,1.0000,0.0063,0.0000,-0.0063,1.0000,0.0000,0.0000,0.0000,1.0000,0.1624,0.1625,0.0548
10,8,1.3161,-0.0743,0.4472,1.0000,0.0063,0.0000,-0.0063,1.0000,0.0000,0.0000,0.0000,1.0000,0.0831,0.2046,0.1050
10,9,1.3460,-0.0078,0.4544,1.0000,0.0063,0.0000,-0.0063,1.0000,0.0000,0.0000,0.0000,1.0000,0.0210,0.0279,0.0569
10,10,1.3903,-0.0674,0.4546,1.0000,0.0063,0.0000,-0.0063,1.0000,0.0000,0.0000,0.0000,1.0000,0.0210,0.0279,0.0569
11,0,0.8943,-0.0042,0.4400,1.0000,0.0073,0.0000,-0.0073,1.0000,0.0000,0.0000,0.0000,1.0000,0.2577,0.2263,0.1400
11,1,0.9023,-0.0012,0.6052,1.0000,0.0073,0.0000,-0.0073,1.0000,0.0000,0.0000,0.0000,1.0000,0.1100,0.2168,0.3052
11,2,0.9787,-0.0610,0.5173,1.0000,0.0073,0.0000,-0.0073,1.0000,0.0000,0.0000,0.0000,1.0000,0.1101,0.3070,0.2173
11,3,1.0024,-0.2375,0.5889,1.0000,0.0073,0.0000,-0.0073,1.0000,0.0000,0.0000,0.0000,1.0000,0.2836,0.2073,0.2889
11,4,1.1208,-0.2832,0.5062,1.0000,0.0073,0.0000,-0.0073,1.0000,0.0000,0.0000,0.0000,1.0000,0.2820,0.2947,0.2062
11,5,1.2874,-0.1451,0.6614,1.0000,0.0073,0.0000,-0.0073,1.0000,0.0000,0.0000,0.0000,1.0000,0.1112,0.2100,0.3614
11,6,1.3803,-0.1250,0.4265,1.0000,0.0073,0.0000,-0.0073,1.0000,0.0000,0.0000,0.0000,1.0000,0.1972,0.1336,0.1265
11,7,1.4891,-0.1158,0.4491,1.0000,0.0073,0.0000,-0.0073,1.0000,0.0000,0.0000,0.0000,1.0000,0.1624,0.1625,0.0548
11,8,1.5162,-0.0724,0.4472,1.0000,0.0073,0.0000,-0.0073,1.0000,0.0000,0.0000,0.0000,1.0000,0.0831,0.2046,0.1050
11,9,1.5460,-0.0059,0.4544,1.0000,0.0073,0.0000,-0.0073,1.0000,0.0000,0.0000,0.0000,1.0000,0.0210,0.0279,0.0569
11,10,1.5903,-0.0654,0.4546,1.0000,0.0073,0.0000,-0.0073,1.0000,0.0000,0.0000,0.0000,1.0000,0.0210,0.0279,0.0569
12,0,1.1204,-0.0025,0.4400,1.0000,0.0082,0.0000,-0.0082,1.0000,0.0000,0.0000,0.0000,1.0000,0.2577,0.2263,0.1400
12,1,1.1285,0.0005,0.6052,1.0000,0.0082,0.0000,-0.0082,1.0000,0.0000,0.0000,0.0000,1.0000,0.1100,0.2168,0.3052
12,2,1.2049,-0.0592,0.5173,1.0000,0.0082,0.0000,-0.0082,1.0000,0.0000,0.0000,0.0000,1.0000,0.1101,0.3070,0.2173
12,3,1.2287,-0.2357,0.5889,1.0000,0.0082,0.0000,-0.0082,1.0000,0.0000,0.0000,0.0000,1.0000,0.2836,0.2073,0.2889
12,4,1.3472,-0.2812,0.5062,1.0000,0.0082,0.0000,-0.0082,1.0000,0.0000,0.0000,0.0000,1.0000,0.2820,0.2947,0.2062
12,5,1.5137,-0.1430,0.6614,1.0000,0.0082,0.0000,-0.0082,1.0000,0.0000,0.0000,0.0000,1.0000,0.1112,0.2100,0.3614
12,6,1.6065,-0.1228,0.4265,1.0000,0.0082,0.0000,-0.0082,1.0000,0.0000,0.0000,0.0000,1.0000,0.1972,0.1336,0.1265
12,7,1.7154,-0.1135,0.4491,1.0000,0.0082,0.0000,-0.0082,1.0000,0.0000,0.0000,0.0000,1.0000,0.1624,0.1625,0.0548
12,8,1.7424,-0.0701,0.4472,1.0000,0.0082,0.0000,-0.0082,1.0000,0.0000,0.0000,0.0000,1.0000,0.0831,0.2046,0.1050
12,9,1.7722,-0.0035,0.4544,1.0000,0.0082,0.0000,-0.0082,1.0000,0.0000,0.0000,0.0000,1.0000,0.0210,0.0279,0.0569
12,10,1.8165,-0.0630,0.4546,1.0000,0.0082,0.0000,-0.0082,1.0000,0.0000,0.0000,0.0000,1.0000,0.0210,0.0279,0.0569
13,0,1.3729,-0.0003,0.4400,1.0000,0.0090,0.0000,-0.0090,1.0000,0.0000,0.0000,0.0000,1.0000,0.2577,0.2263,0.1400
13,1,1.3809,0.0027,0.6052,1.0000,0.0090,0.0000,-0.0090,1.0000,0.0000,0.0000,0.0000,1.0000,0.1100,0.2168,0.3052
13,2,1.4574,-0.0570,0.5173,1.0000,0.0090,0.0000,-0.0090,1.0000,0.0000,0.0000,0.0000,1.0000,0.1101,0.3070,0.2173
13,3,1.4814,-0.2334,0.5889,1.0000,0.0090,0.0000,-0.0090,1.0000,0.0000,0.0000,0.0000,1.0000,0.2836,0.2073,0.2889
13,4,1.5999,-0.2789,0.5062,1.0000,0.0090,0.0000,-0.0090,1.0000,0.0000,0.0000,0.0000,1.0000,0.2820,0.2947,0.2062
13,5,1.7662,-0.1406,0.6614,1.0000,0.0090,0.0000,-0.0090,1.0000,0.0000,0.0000,0.0000,1.0000,0.1112,0.2100,0.3614
13,6,1.8591,-0.1202,0.4265,1.0000,0.0090,0.0000,-0.0090,1.0000,0.0000,0.0000,0.0000,1.0000,0.1972,0.1336,0.1265
13,7,1.9679,-0.1108,0.4491,1.0000,0.0090,0.0000,-0.0090,1.0000,0.0000,0.0000,0.0000,1.0000,0.1624,0.1625,0.0548
13,8,1.9949,-0.0674,0.4472,1.0000,0.0090,0.0000,-0.0090,1.0000,0.0000,0.0000,0.0000,1.0000,0.0831,0.2046,0.1050
13,9,2.0246,-0.0008,0.4544,1.0000,0.0090,0.0000,-0.0090,1.0000,0.0000,0.0000,0.0000,1.0000,0.0210,0.0279,0.0569
13,10,2.0690,-0.0603,0.4546,1.0000,0.0090,0.0000,-0.0090,1.0000,0.0000,0.0000,0.0000,1.0000,0.0210,0.0279,0.0569
14,0,1.6515,0.0023,0.4400,1.0000,0.0098,0.0000,-0.0098,1.0000,0.0000,0.0000,0.0000,1.0000,0.2577,0.2263,0.1400
14,1,1.6596,0.0053,0.6052,1.0000,0.0098,0.0000,-0.0098,1.0000,0.0000,0.0000,0.0000,1.0000,0.1100,0.2168,0.3052
14,2,1.7360,-0.0543,0.5173,1.0000,0.0098,0.0000,-0.0098,1.0000,0.0000,0.0000,0.0000,1.0000,0.1101,0.3070,0.2173
14,3,1.7602,-0.2308,0.5889,1.0000,0.0098,0.0000,-0.0098,1.0000,0.0000,0.0000,0.0000,1.0000,0.2836,0.2073,0.2889
14,4,1.8787,-0.2761,0.5062,1.0000,0.0098,0.0000,-0.0098,1.0000,0.0000,0.0000,0.0000,1.0000,0.2820,0.2947,0.2062
14,5,2.0450,-0.1377,0.6614,1.0000,0.0098,0.0000,-0.0098,1.0000,0.0000,0.0000,0.0000,1.0000,0.1112,0.2100,0.3614
14,6,2.1378,-0.1173,0.4265,1.0000,0.0098,0.0000,-0.0098,1.0000,0.0000,0.0000,0.0000,1.0000,0.1972,0.1336,0.1265
14,7,2.2466,-0.1078,0.4491,1.0000,0.0098,0.0000,-0.0098,1.0000,0.0000,0.0000,0.0000,1.0000,0.1624,0.1625,0.0548
14,8,2.2736,-0.0643,0.4472,1.0000,0.0098,0.0000,-0.0098,1.0000,0.0000,0.0000,0.0000,1.0000,0.0831,0.2046,0.1050
14,9,2.3032,0.0023,0.4544,1.0000,0.0098,0.0000,-0.0098,1.0000,0.0000,0.0000,0.0000,1.0000,0.0210,0.0279,0.0569
14,10,2.3477,-0.0572,0.4546,1.0000,0.0098,0.0000,-0.0098,1.0000,0.0000,0.0000,0.0000,1.0000,0.0210,0.0279,0.0569
15,0,1.9560,0.0053,0.4400,0.9999,0.0104,0.0000,-0.0104,0.9999,0.0000,0.0000,0.0000,1.0000,0.2577,0.2263,0.1400
15,1,1.9640,0.0083,0.6052,0.9999,0.0104,0.0000,-0.0104,0.9999,0.0000,0.0000,0.0000,1.0000,0.1100,0.2168,0.3052
15,2,2.0406,-0.0512,0.5173,0.9999,0.0104,0.0000,-0.0104,0.9999,0.0000,0.0000,0.0000,1.0000,0.1101,0.3070,0.2173
15,3,2.0648,-0.2276,0.5889,0.9999,0.0104,0.0000,-0.0104,0.9999,0.0000,0.0000,0.0000,1.0000,0.2836,0.2073,0.2889
15,4,2.1834,-0.2729,0.5062,0.9999,0.0104,0.0000,-0.0104,0.9999,0.0000,0.0000,0.0000,1.0000,0.2820,0.2947,0.2062
15,5,2.3495,-0.1344,0.6614,0.9999,0.0104,0.0000,-0.0104,0.9999,0.0000,0.0000,0.0000,1.0000,0.1112,0.2100,0.3614
15,6,2.4423,-0.1139,0.4265,0.9999,0.0104,0.0000,-0.0104,0.9999,0.0000,0.0000,0.0000,1.0000,0.1972,0.1336,0.1265
15,7,2.5511,-0.1044,0.4491,0.9999,0.0104,0.0000,-0.0104,0.9999,0.0000,0.0000,0.0000,1.0000,0.1624,0.1625,0.0548
15,8,2.5781,-0.0609,0.4472,0.9999,0.0104,0.0000,-0.0104,0.9999,0.0000,0.0000,0.0000,1.0000,0.0831,0.2046,0.1050
15,9,2.6077,0.0057,0.4544,0.9999,0.0104,0.0000,-0.0104,0.9999,0.0000,0.0000,0.0000,1.0000,0.0210,0.0279,0.0569
15,10,2.6522,-0.0537,0.4546,0.9999,0.0104,0.0000,-0.0104,0.9999,0.0000,0.0000,0.0000,1.0000,0.0210,0.0279,0.0569
16,0,2.2857,0.0088,0.4400,0.9999,0.0110,0.0000,-0.0110,0.9999,0.0000,0.0000,0.0000,1.0000,0.2577,0.2263,0.1400
16,1,2.2938,0.0118,0.6052,0.9999,0.0110,0.0000,-0.0110,0.9999,0.0000,0.0000,0.0000,1.0000,0.1100,0.2168,0.3052
16,2,2.3704,-0.0476,0.5173,0.9999,0.0110,0.0000,-0.0110,0.9999,0.0000,0.0000,0.0000,1.0000,0.1101,0.3070,0.2173
16,3,2.3947,-0.2241,0.5889,0.9999,0.0110,0.0000,-0.0110,0.9999,0.0000,0.0000,0.0000,1.0000,0.2836,0.2073,0.2889
16,4,2.5133,-0.2693,0.5062,0.9999,0.0110,0.0000,-0.0110,0.9999,0.0000,0.0000,0.0000,1.0000,0.2820,0.2947,0.2062
16,5,2.6794,-0.1306,0.6614,0.9999,0.0110,0.0000,-0.0110,0.9999,0.0000,0.0000,0.0000,1.0000,0.1112,0.2100,0.3614
16,6,2.7722,-0.1101,0.4265,0.9999,0.0110,0.0000,-0.0110,0.9999,0.0000,0.0000,0.0000,1.0000,0.1972,0.1336,0.1265
16,7,2.8810,-0.1005,0.4491,0.9999,0.0110,0.0000,-0.0110,0.9999,0.0000,0.0000,0.0000,1.0000,0.1624,0.1625,0.0548
16,8,2.9079,-0.0570,0.4472,0.9999,0.0110,0.0000,-0.0110,0.9999,0.0000,0.0000,0.0000,1.0000,0.0831,0.2046,0.1050
16,9,2.9375,0.0096,0.4544,0.9999,0.0110,0.0000,-0.0110,0.9999,0.0000,0.0000,0.0000,1.0000,0.0210,0.0279,0.0569
16,10,2.9820,-0.0498,0.4546,0.9999,0.0110,0.0000,-0.0110,0.9999,0.0000,0.0000,0.0000,1.0000,0.0210,0.0279,0.0569
17,0,2.6403,0.0128,0.4400,0.9999,0.0114,0.0000,-0.0114,0.9999,0.0000,0.0000,0.0000,1.0000,0.2577,0.2263,0.1400
17,1,2.6483,0.0158,0.6052,0.9999,0.0114,0.0000,-0.0114,0.9999,0.0000,0.0000,0.0000,1.0000,0.1100,0.2168,0.3052
17,2,2.7249,-0.0436,0.5173,0.9999,0.0114,0.0000,-0.0114,0.9999,0.0000,0.0000,0.0000,1.0000,0.1101,0.3070,0.2173
17,3,2.7493,-0.2201,0.5889,0.9999,0.0114,0.0000,-0.0114,0.9999,0.0000,0.0000,0.0000,1.0000,0.2836,0.2073,0.2889
17,4,2.8680,-0.2652,0.5062,0.9999,0.0114,0.0000,-0.0114,0.9999,0.0000,0.0000,0.0000,1.0000,0.2820,0.2947,0.2062
17,5,3.0340,-0.1265,0.6614,0.9999,0.0114,0.0000,-0.0114,0.9999,0.0000,0.0000,0.0000,1.0000,0.1112,0.2100,0.3614
17,6,3.1268,-0.1060,0.4265,0.9999,0.0114,0.0000,-0.0114,0.9999,0.0000,0.0000,0.0000,1.0000,0.1972,0.1336,0.1265
17,7,3.2356,-0.0963,0.4491,0.9999,0.0114,0.0000,-0.0114,0.9999,0.0000,0.0000,0.0000,1.0000,0.1624,0.1625,0.0548
17,8,3.2625,-0.0528,0.4472,0.9999,0.0114,0.0000,-0.0114,0.9999,0.0000,0.0000,0.0000,1.0000,0.0831,0.2046,0.1050
17,9,3.2920,0.0138,0.4544,0.9999,0.0114,0.0000,-0.0114,0.9999,0.0000,0.0000,0.0000,1.0000,0.0210,0.0279,0.0569
17,10,3.3366,-0.0456,0.4546,0.9999,0.0114,0.0000,-0.0114,0.9999,0.0000,0.0000,0.0000,1.0000,0.0210,0.0279,0.0569
18,0,3.0190,0.0172,0.4400,0.9999,0.0118,0.0000,-0.0118,0.9999,0.0000,0.0000,0.0000,1.0000,0.2577,0.2263,0.1400
18,1,3.0271,0.0202,0.6052,0.9999,0.0118,0.0000,-0.0118,0.9999,0.0000,0.0000,0.0000,1.0000,0.1100,0.2168,0.3052
18,2,3.1037,-0.0392,0.5173,0.9999,0.0118,0.0000,-0.0118,0.9999,0.0000,0.0000,0.0000,1.0000,0.1101,0.3070,0.2173
18,3,3.1282,-0.2157,0.5889,0.9999,0.0118,0.0000,-0.0118,0.9999,0.0000,0.0000,0.0000,1.0000,0.2836,0.2073,0.2889
18,4,3.2468,-0.2608,0.5062,0.9999,0.0118,0.0000,-0.0118,0.9999,0.0000,0.0000,0.0000,1.0000,0.2820,0.2947,0.2062
18,5,3.4128,-0.1220,0.6614,0.9999,0.0118,0.0000,-0.0118,0.9999,0.0000,0.0000,0.0000,1.0000,0.1112,0.2100,0.3614
18,6,3.5055,-0.1014,0.4265,0.9999,0.0118,0.0000,-0.0118,0.9999,0.0000,0.0000,0.0000,1.0000,0.1972,0.1336,0.1265
18,7,3.6143,-0.0917,0.4491,0.9999,0.0118,0.0000,-0.0118,0.9999,0.0000,0.0000,0.0000,1.0000,0.1624,0.1625,0.0548
18,8,3.6412,-0.0482,0.4472,0.9999,0.0118,0.0000,-0.0118,0.9999,0.0000,0.0000,0.0000,1.0000,0.0831,0.2046,0.1050
18,9,3.6707,0.0184,0.4544,0.9999,0.0118,0.0000,-0.0118,0.9999,0.0000,0.0000,0.0000,1.0000,0.0210,0.0279,0.0569
18,10,3.7153,-0.0409,0.4546,0.9999,0.0118,0.0000,-0.0118,0.9999,0.0000,0.0000,0.0000,1.0000,0.0210,0.0279,0.0569
19,0,3.4216,0.0220,0.4400,0.9999,0.0121,0.0000,-0.0121,0.9999,0.0000,0.0000,0.0000,1.0000,0.2577,0.2263,0.1400
19,1,3.4297,0.0250,0.6052,0.9999,0.0121,0.0000,-0.0121,0.9999,0.0000,0.0000,0.0000,1.0000,0.1100,0.2168,0.3052
19,2,3.5063,-0.0344,0.5173,0.9999,0.0121,0.0000,-0.0121,0.9999,0.0000,0.0000,0.0000,1.0000,0.1101,0.3070,0.2173
19,3,3.5308,-0.2108,0.5889,0.9999,0.0121,0.0000,-0.0121,0.9999,0.0000,0.0000,0.0000,1.0000,0.2836,0.2073,0.2889
19,4,3.6495,-0.2559,0.5062,0.9999,0.0121,0.0000,-0.0121,0.9999,0.0000,0.0000,0.0000,1.0000,0.2820,0.2947,0.2062
19,5,3.8154,-0.1171,0.6614,0.9999,0.0121,0.0000,-0.0121,0.9999,0.0000,0.0000,0.0000,1.0000,0.1112,0.2100,0.3614
19,6,3.9082,-0.0965,0.4265,0.9999,0.0121,0.0000,-0.0121,0.9999,0.0000,0.0000,0.0000,1.0000,0.1972,0.1336,0.1265
19,7,4.0170,-0.0868,0.4491,0.9999,0.0121,0.0000,-0.0121,0.9999,0.0000,0.0000,0.0000,1.0000,0.1624,0.1625,0.0548
19,8,4.0438,-0.0433,0.4472,0.9999,0.0121,0.0000,-0.0121,0.9999,0.0000,0.0000,0.0000,1.0000,0.0831,0.2046,0.1050
19,9,4.0733,0.0234,0.4544,0.9999,0.0121,0.0000,-0.0121,0.9999,0.0000,0.0000,0.0000,1.0000,0.0210,0.0279,0.0569
19,10,4.1180,-0.0360,0.4546,0.9999,0.0121,0.0000,-0.0121,0.9999,0.0000,0.0000,0.0000,1.0000,0.0210,0.0279,0.0569
20,0,3.8479,0.0271,0.4400,0.9999,0.0123,0.0000,-0.0123,0.9999,0.0000,0.0000,0.0000,1.0000,0.2577,0.2263,0.1400
20,1,3.8560,0.0301,0.6052,0.9999,0.0123,0.0000,-0.0123,0.9999,0.0000,0.0000,0.0000,1.0000,0.1100,0.2168,0.3052
20,2,3.9326,-0.0292,0.5173,0.9999,0.0123,0.0000,-0.0123,0.9999,0.0000,0.0000,0.0000,1.0000,0.1101,0.3070,0.2173
20,3,3.9572,-0.2056,0.5889,0.9999,0.0123,0.0000,-0.0123,0.9999,0.0000,0.0000,0.0000,1.0000,0.2836,0.2073,0.2889
20,4,4.0759,-0.2507,0.5062,0.9999,0.0123,0.0000,-0.0123,0.9999,0.0000,0.0000,0.0000,1.0000,0.2820,0.2947,0.2062
20,5,4.2418,-0.1118,0.6614,0.9999,0.0123,0.0000,-0.0123,0.9999,0.0000,0.0000,0.0000,1.0000,0.1112,0.2100,0.3614
20,6,4.3345,-0.0912,0.4265,0.9999,0.0123,0.0000,-0.0123,0.9999,0.0000,0.0000,0.0000,1.0000,0.1972,0.1336,0.1265
20,7,4.4433,-0.0814,0.4491,0.9999,0.0123,0.0000,-0.0123,0.9999,0.0000,0.0000,0.0000,1.0000,0.1624,0.1625,0.0548
20,8,4.4702,-0.0379,0.4472,0.9999,0.0123,0.0000,-0.0123,0.9999,0.0000,0.0000,0.0000,1.0000,0.0831,0.2046,0.1050
20,9,4.4997,0.0288,0.4544,0.9999,0.0123,0.0000,-0.0123,0.9999,0.0000,0.0000,0.0000,1.0000,0.0210,0.0279,0.0569
20,10,4.5443,-0.0306,0.4546,0.9999,0.0123,0.0000,-0.0123,0.9999,0.0000,0.0000,0.0000,1.0000,0.0210,0.0279,0.0569
21,0,4.2980,0.0327,0.4400,0.9999,0.0125,0.0000,-0.0125,0.9999,0.0000,0.0000,0.0000,1.0000,0.2577,0.2263,0.1400
21,1,4.3060,0.0357,0.6052,0.9999,0.0125,0.0000,-0.0125,0.9999,0.0000,0.0000,0.0000,1.0000,0.1100,0.2168,0.3052
21,2,4.3827,-0.0236,0.5173,0.9999,0.0125,0.0000,-0.0125,0.9999,0.0000,0.0000,0.0000,1.0000,0.1101,0.3070,0.2173
21,3,4.4073,-0.2000,0.5889,0.9999,0.0125,0.0000,-0.0125,0.9999,0.0000,0.0000,0.0000,1.0000,0.2836,0.2073,0.2889
21,4,4.5260,-0.2451,0.5062,0.9999,0.0125,0.0000,-0.0125,0.9999,0.0000,0.0000,0.0000,1.0000,0.2820,0.2947,0.2062
21,5,4.6918,-0.1062,0.6614,0.9999,0.0125,0.0000,-0.0125,0.9999,0.0000,0.0000,0.0000,1.0000,0.1112,0.2100,0.3614
21,6,4.7846,-0.0855,0.4265,0.9999,0.0125,0.0000,-0.0125,0.9999,0.0000,0.0000,0.0000,1.0000,0.1972,0.1336,0.1265
21,7,4.8934,-0.0758,0.4491,0.9999,0.0125,0.0000,-0.0125,0.9999,0.0000,0.0000,0.0000,1.0000,0.1624,0.1625,0.0548
21,8,4.9202,-0.0322,0.4472,0.9999,0.0125,0.0000,-0.0125,0.9999,0.0000,0.0000,0.0000,1.0000,0.0831,0.2046,0.1050
21,9,4.9497,0.0345,0.4544,0.9999,0.0125,0.0000,-0.0125,0.9999,0.0000,0.0000,0.0000,1.0000,0.0210,0.0279,0.0569
21,10,4.9943,-0.0249,0.4546,0.9999,0.0125,0.0000,-0.0125,0.9999,0.0000,0.0000,0.0000,1.0000,0.0210,0.0279,0.0569
22,0,4.7717,0.0387,0.4400,0.9999,0.0126,0.0000,-0.0126,0.9999,0.0000,0.0000,0.0000,1.0000,0.2577,0.2263,0.1400
22,1,4.7797,0.0417,0.6052,0.9999,0.0126,0.0000,-0.0126,0.9999,0.0000,0.0000,0.0000,1.0000,0.1100,0.2168,0.3052
22,2,4.8564,-0.0177,0.5173,0.9999,0.0126,0.0000,-0.0126,0.9999,0.0000,0.0000,0.0000,1.0000,0.1101,0.3070,0.2173
22,3,4.8810,-0.1941,0.5889,0.9999,0.0126,0.0000,-0.0126,0.9999,0.0000,0.0000,0.0000,1.0000,0.2836,0.2073,0.2889
22,4,4.9997,-0.2391,0.5062,0.9999,0.0126,0.0000,-0.0126,0.9999,0.0000,0.0000,0.0000,1.0000,0.2820,0.2947,0.2062
22,5,5.1656,-0.1002,0.6614,0.9999,0.0126,0.0000,-0.0126,0.9999,0.0000,0.0000,0.0000,1.0000,0.1112,0.2100,0.3614
22,6,5.2583,-0.0795,0.4265,0.9999,0.0126,0.0000,-0.0126,0.9999,0.0000,0.0000,0.0000,1.0000,0.1972,0.1336,0.1265
22,7,5.3671,-0.0697,0.4491,0.9999,0.0126,0.0000,-0.0126,0.9999,0.0000,0.0000,0.0000,1.0000,0.1624,0.1625,0.0548
22,8,5.3939,-0.0262,0.4472,0.9999,0.0126,0.0000,-0.0126,0.9999,0.0000,0.0000,0.0000,1.0000,0.0831,0.2046,0.1050
22,9,5.4234,0.0405,0.4544,0.9999,0.0126,0.0000,-0.0126,0.9999,0.0000,0.0000,0.0000,1.0000,0.0210,0.0279,0.0569
22,10,5.4681,-0.0189,0.4546,0.9999,0.0126,0.0000,-0.0126,0.9999,0.0000,0.0000,0.0000,1.0000,0.0210,0.0279,0.0569
23,0,5.2688,0.0450,0.4400,0.9999,0.0128,0.0000,-0.0128,0.9999,0.0000,0.0000,0.0000,1.0000,0.2577,0.2263,0.1400
23,1,5.2769,0.0480,0.6052,0.9999,0.0128,0.0000,-0.0128,0.9999,0.0000,0.0000,0.0000,1.0000,0.1100,0.2168,0.3052
23,2,5.3536,-0.0113,0.5173,0.9999,0.0128,0.0000,-0.0128,0.9999,0.0000,0.0000,0.0000,1.0000,0.1101,0.3070,0.2173
23,3,5.3782,-0.1877,0.5889,0.9999,0.0128,0.0000,-0.0128,0.9999,0.0000,0.0000,0.0000,1.0000,0.2836,0.2073,0.2889
23,4,5.4969,-0.2327,0.5062,0.9999,0.0128,0.0000,-0.0128,0.9999,0.0000,0.0000,0.0000,1.0000,0.2820,0.2947,0.2062
23,5,5.6628,-0.0938,0.6614,0.9999,0.0128,0.0000,-0.0128,0.9999,0.0000,0.0000,0.0000,1.0000,0.1112,0.2100,0.3614
23,6,5.7555,-0.0731,0.4265,0.9999,0.0128,0.0000,-0.0128,0.9999,0.0000,0.0000,0.0000,1.0000,0.1972,0.1336,0.1265
23,7,5.8643,-0.0633,0.4491,0.9999,0.0128,0.0000,-0.0128,0.9999,0.0000,0.0000,0.0000,1.0000,0.1624,0.1625,0.0548
23,8,5.8911,-0.0198,0.4472,0.9999,0.0128,0.0000,-0.0128,0.9999,0.0000,0.0000,0.0000,1.0000,0.0831,0.2046,0.1050
23,9,5.9206,0.0469,0.4544,0.9999,0.0128,0.0000,-0.0128,0.9999,0.0000,0.0000,0.0000,1.0000,0.0210,0.0279,0.0569
23,10,5.9652,-0.0124,0.4546,0.9999,0.0128,0.0000,-0.0128,0.9999,0.0000,0.0000,0.0000,1.0000,0.0210,0.0279,0.0569
24,0,5.7892,0.0516,0.4400,0.9999,0.0128,0.0000,-0.0128,0.9999,0.0000,0.0000,0.0000,1.0000,0.2577,0.2263,0.1400
24,1,5.7972,0.0546,0.6052,0.9999,0.0128,0.0000,-0.0128,0.9999,0.0000,0.0000,0.0000,1.0000,0.1100,0.2168,0.3052
24,2,5.8739,-0.0047,0.5173,0.9999,0.0128,0.0000,-0.0128,0.9999,0.0000,0.0000,0.0000,1.0000,0.1101,0.3070,0.2173
24,3,5.8986,-0.1811,0.5889,0.9999,0.0128,0.0000,-0.0128,0.9999,0.0000,0.0000,0.0000,1.0000,0.2836,0.2073,0.2889
24,4,6.0173,-0.2261,0.5062,0.9999,0.0128,0.0000,-0.0128,0.9999,0.0000,0.0000,0.0000,1.0000,0.2820,0.2947,0.2062
24,5,6.1831,-0.0871,0.6614,0.9999,0.0128,0.0000,-0.0128,0.9999,0.0000,0.0000,0.0000,1.0000,0.1112,0.2100,0.3614
24,6,6.2758,-0.0664,0.4265,0.9999,0.0128,0.0000,-0.0128,0.9999,0.0000,0.0000,0.0000,1.0000,0.1972,0.1336,0.1265
24,7,6.3846,-0.0566,0.4491,0.9999,0.0128,0.0000,-0.0128,0.9999,0.0000,0.0000,0.0000,1.0000,0.1624,0.1625,0.0548
24,8,6.4115,-0.0131,0.4472,0.9999,0.0128,0.0000,-0.0128,0.9999,0.0000,0.0000,0.0000,1.0000,0.0831,0.2046,0.1050
24,9,6.4409,0.0536,0.4544,0.9999,0.0128,0.0000,-0.0128,0.9999,0.0000,0.0000,0.0000,1.0000,0.0210,0.0279,0.0569
24,10,6.4856,-0.0058,0.4546,0.9999,0.0128,0.0000,-0.0128,0.9999,0.0000,0.0000,0.0000,1.0000,0.0210,0.0279,0.0569
25,0,6.3322,0.0585,0.4400,0.9999,0.0126,0.0000,-0.0126,0.9999,0.0000,0.0000,0.0000,1.0000,0.2577,0.2263,0.1400
25,1,6.3403,0.0615,0.6052,0.9999,0.0126,0.0000,-0.0126,0.9999,0.0000,0.0000,0.0000,1.0000,0.1100,0.2168,0.3052
25,2,6.4169,0.0022,0.5173,0.9999,0.0126,0.0000,-0.0126,0.9999,0.0000,0.0000,0.0000,1.0000,0.1101,0.3070,0.2173
25,3,6.4415,-0.1742,0.5889,0.9999,0.0126,0.0000,-0.0126,0.9999,0.0000,0.0000,0.0000,1.0000,0.2836,0.2073,0.2889
25,4,6.5602,-0.2192,0.5062,0.9999,0.0126,0.0000,-0.0126,0.9999,0.0000,0.0000,0.0000,1.0000,0.2820,0.2947,0.2062
25,5,6.7261,-0.0803,0.6614,0.9999,0.0126,0.0000,-0.0126,0.9999,0.0000,0.0000,0.0000,1.0000,0.1112,0.2100,0.3614
25,6,6.8188,-0.0596,0.4265,0.9999,0.0126,0.0000,-0.0126,0.9999,0.0000,0.0000,0.0000,1.0000,0.1972,0.1336,0.1265
25,7,6.9276,-0.0499,0.4491,0.9999,0.0126,0.0000,-0.0126,0.9999,0.0000,0.0000,0.0000,1.0000,0.1624,0.1625,0.0548
25,8,6.9545,-0.0063,0.4472,0.9999,0.0126,0.0000,-0.0126,0.9999,0.0000,0.0000,0.0000,1.0000,0.0831,0.2046,0.1050
25,9,6.9839,0.0603,0.4544,0.9999,0.0126,0.0000,-0.0126,0.9999,0.0000,0.0000,0.0000,1.0000,0.0210,0.0279,0.0569
25,10,7.0286,0.0010,0.4546,0.9999,0.0126,0.0000,-0.0126,0.9999,0.0000,0.0000,0.0000,1.0000,0.0210,0.0279,0.0569
26,0,6.8971,0.0656,0.4400,0.9999,0.0123,0.0000,-0.0123,0.9999,0.0000,0.0000,0.0000,1.0000,0.2577,0.2263,0.1400
26,1,6.9051,0.0686,0.6052,0.9999,0.0123,0.0000,-0.0123,0.9999,0.0000,0.0000,0.0000,1.0000,0.1100,0.2168,0.3052
26,2,6.9818,0.0092,0.5173,0.9999,0.0123,0.0000,-0.0123,0.9999,0.0000,0.0000,0.0000,1.0000,0.1101,0.3070,0.2173
26,3,7.0064,-0.1672,0.5889,0.9999,0.0123,0.0000,-0.0123,0.9999,0.0000,0.0000,0.0000,1.0000,0.2836,0.2073,0.2889
26,4,7.1250,-0.2122,0.5062,0.9999,0.0123,0.0000,-0.0123,0.9999,0.0000,0.0000,0.0000,1.0000,0.2820,0.2947,0.2062
26,5,7.2909,-0.0734,0.6614,0.9999,0.0123,0.0000,-0.0123,0.9999,0.0000,0.0000,0.0000,1.0000,0.1112,0.2100,0.3614
26,6,7.3837,-0.0527,0.4265,0.9999,0.0123,0.0000,-0.0123,0.9999,0.0000,0.0000,0.0000,1.0000,0.1972,0.1336,0.1265
26,7,7.4925,-0.0430,0.4491,0.9999,0.0123,0.0000,-0.0123,0.9999,0.0000,0.0000,0.0000,1.0000,0.1624,0.1625,0.0548
26,8,7.5193,0.0006,0.4472,0.9999,0.0123,0.0000,-0.0123,0.9999,0.0000,0.0000,0.0000,1.0000,0.0831,0.2046,0.1050
26,9,7.5488,0.0672,0.4544,0.9999,0.0123,0.0000,-0.0123,0.9999,0.0000,0.0000,0.0000,1.0000,0.0210,0.0279,0.0569
26,10,7.5934,0.0079,0.4546,0.9999,0.0123,0.0000,-0.0123,0.9999,0.0000,0.0000,0.0000,1.0000,0.0210,0.0279,0.0569
27,0,7.4826,0.0727,0.4400,0.9999,0.0117,0.0000,-0.0117,0.9999,0.0000,0.0000,0.0000,1.0000,0.2577,0.2263,0.1400
27,1,7.4907,0.0757,0.6052,0.9999,0.0117,0.0000,-0.0117,0.9999,0.0000,0.0000,0.0000,1.0000,0.1100,0.2168,0.3052
27,2,7.5673,0.0162,0.5173,0.9999,0.0117,0.0000,-0.0117,0.9999,0.0000,0.0000,0.0000,1.0000,0.1101,0.3070,0.2173
27,3,7.5918,-0.1602,0.5889,0.9999,0.0117,0.0000,-0.0117,0.9999,0.0000,0.0000,0.0000,1.0000,0.2836,0.2073,0.2889
27,4,7.7104,-0.2053,0.5062,0.9999,0.0117,0.0000,-0.0117,0.9999,0.0000,0.0000,0.0000,1.0000,0.2820,0.2947,0.2062
27,5,7.8764,-0.0665,0.6614,0.9999,0.0117,0.0000,-0.0117,0.9999,0.0000,0.0000,0.0000,1.0000,0.1112,0.2100,0.3614
27,6,7.9692,-0.0459,0.4265,0.9999,0.0117,0.0000,-0.0117,0.9999,0.0000,0.0000,0.0000,1.0000,0.1972,0.1336,0.1265
27,7,8.0780,-0.0363,0.4491,0.9999,0.0117,0.0000,-0.0117,0.9999,0.0000,0.0000,0.0000,1.0000,0.1624,0.1625,0.0548
27,8,8.1049,0.0073,0.4472,0.9999,0.0117,0.0000,-0.0117,0.9999,0.0000,0.0000,0.0000,1.0000,0.0831,0.2046,0.1050
27,9,8.1344,0.0739,0.4544,0.9999,0.0117,0.0000,-0.0117,0.9999,0.0000,0.0000,0.0000,1.0000,0.0210,0.0279,0.0569
27,10,8.1790,0.0145,0.4546,0.9999,0.0117,0.0000,-0.0117,0.9999,0.0000,0.0000,0.0000,1.0000,0.0210,0.0279,0.0569
28,0,8.0874,0.0795,0.4400,0.9999,0.0109,0.0000,-0.0109,0.9999,0.0000,0.0000,0.0000,1.0000,0.2577,0.2263,0.1400
28,1,8.0955,0.0825,0.6052,0.9999,0.0109,0.0000,-0.0109,0.9999,0.0000,0.0000,0.0000,1.0000,0.1100,0.2168,0.3052
28,2,8.1720,0.0230,0.5173,0.9999,0.0109,0.0000,-0.0109,0.9999,0.0000,0.0000,0.0000,1.0000,0.1101,0.3070,0.2173
28,3,8.1964,-0.1534,0.5889,0.9999,0.0109,0.0000,-0.0109,0.9999,0.0000,0.0000,0.0000,1.0000,0.2836,0.2073,0.2889
28,4,8.3149,-0.1986,0.5062,0.9999,0.0109,0.0000,-0.0109,0.9999,0.0000,0.0000,0.0000,1.0000,0.2820,0.2947,0.2062
28,5,8.4811,-0.0600,0.6614,0.9999,0.0109,0.0000,-0.0109,0.9999,0.0000,0.0000,0.0000,1.0000,0.1112,0.2100,0.3614
28,6,8.5738,-0.0395,0.4265,0.9999,0.0109,0.0000,-0.0109,0.9999,0.0000,0.0000,0.0000,1.0000,0.1972,0.1336,0.1265
28,7,8.6826,-0.0299,0.4491,0.9999,0.0109,0.0000,-0.0109,0.9999,0.0000,0.0000,0.0000,1.0000,0.1624,0.1625,0.0548
28,8,8.7096,0.0136,0.4472,0.9999,0.0109,0.0000,-0.0109,0.9999,0.0000,0.0000,0.0000,1.0000,0.0831,0.2046,0.1050
28,9,8.7391,0.0802,0.4544,0.9999,0.0109,0.0000,-0.0109,0.9999,0.0000,0.0000,0.0000,1.0000,0.0210,0.0279,0.0569
28,10,8.7837,0.0208,0.4546,0.9999,0.0109,0.0000,-0.0109,0.9999,0.0000,0.0000,0.0000,1.0000,0.0210,0.0279,0.0569
29,0,8.7099,0.0860,0.4400,1.0000,0.0098,0.0000,-0.0098,1.0000,0.0000,0.0000,0.0000,1.0000,0.2577,0.2263,0.1400
29,1,8.7180,0.0890,0.6052,1.0000,0.0098,0.0000,-0.0098,1.0000,0.0000,0.0000,0.0000,1.0000,0.1100,0.2168,0.3052
29,2,8.7945,0.0294,0.5173,1.0000,0.0098,0.0000,-0.0098,1.0000,0.0000,0.0000,0.0000,1.0000,0.1101,0.3070,0.2173
29,3,8.8186,-0.1470,0.5889,1.0000,0.0098,0.0000,-0.0098,1.0000,0.0000,0.0000,0.0000,1.0000,0.2836,0.2073,0.2889
29,4,8.9372,-0.1924,0.5062,1.0000,0.0098,0.0000,-0.0098,1.0000,0.0000,0.0000,0.0000,1.0000,0.2820,0.2947,0.2062
29,5,9.1034,-0.0539,0.6614,1.0000,0.0098,0.0000,-0.0098,1.0000,0.0000,0.0000,0.0000,1.0000,0.1112,0.2100,0.3614
29,6,9.1962,-0.0335,0.4265,1.0000,0.0098,0.0000,-0.0098,1.0000,0.0000,0.0000,0.0000,1.0000,0.1972,0.1336,0.1265
29,7,9.3050,-0.0240,0.4491,1.0000,0.0098,0.0000,-0.0098,1.0000,0.0000,0.0000,0.0000,1.0000,0.1624,0.1625,0.0548
29,8,9.3320,0.0194,0.4472,1.0000,0.0098,0.0000,-0.0098,1.0000,0.0000,0.0000,0.0000,1.0000,0.0831,0.2046,0.1050
29,9,9.3617,0.0860,0.4544,1.0000,0.0098,0.0000,-0.0098,1.0000,0.0000,0.0000,0.0000,1.0000,0.0210,0.0279,0.0569
29,10,9.4061,0.0266,0.4546,1.0000,0.0098,0.0000,-0.0098,1.0000,0.0000,0.0000,0.0000,1.0000,0.0210,0.0279,0.0569
30,0,9.3491,0.0919,0.4400,1.0000,0.0084,0.0000,-0.0084,1.0000,0.0000,0.0000,0.0000,1.0000,0.2577,0.2263,0.1400
30,1,9.3572,0.0949,0.6052,1.0000,0.0084,0.0000,-0.0084,1.0000,0.0000,0.0000,0.0000,1.0000,0.1100,0.2168,0.3052
30,2,9.4336,0.0352,0.5173,1.0000,0.0084,0.0000,-0.0084,1.0000,0.0000,0.0000,0.0000,1.0000,0.1101,0.3070,0.2173
30,3,9.4575,-0.1413,0.5889,1.0000,0.0084,0.0000,-0.0084,1.0000,0.0000,0.0000,0.0000,1.0000,0.2836,0.2073,0.2889
30,4,9.5760,-0.1868,0.5062,1.0000,0.0084,0.0000,-0.0084,1.0000,0.0000,0.0000,0.0000,1.0000,0.2820,0.2947,0.2062
30,5,9.7424,-0.0486,0.6614,1.0000,0.0084,0.0000,-0.0084,1.0000,0.0000,0.0000,0.0000,1.0000,0.1112,0.2100,0.3614
30,6,9.8353,-0.0283,0.4265,1.0000,0.0084,0.0000,-0.0084,1.0000,0.0000,0.0000,0.0000,1.0000,0.1972,0.1336,0.1265
30,7,9.9441,-0.0190,0.4491,1.0000,0.0084,0.0000,-0.0084,1.0000,0.0000,0.0000,0.0000,1.0000,0.1624,0.1625,0.0548
30,8,9.9711,0.0245,0.4472,1.0000,0.0084,0.0000,-0.0084,1.0000,0.0000,0.0000,0.0000,1.0000,0.0831,0.2046,0.1050
30,9,10.0009,0.0910,0.4544,1.0000,0.0084,0.0000,-0.0084,1.0000,0.0000,0.0000,0.0000,1.0000,0.0210,0.0279,0.0569
30,10,10.0453,0.0315,0.4546,1.0000,0.0084,0.0000,-0.0084,1.0000,0.0000,0.0000,0.0000,1.0000,0.0210,0.0279,0.0569
31,0,10.0045,0.0969,0.4400,1.0000,0.0067,0.0000,-0.0067,1.0000,0.0000,0.0000,0.0000,1.0000,0.2577,0.2263,0.1400
31,1,10.0126,0.0999,0.6052,1.0000,0.0067,0.0000,-0.0067,1.0000,0.0000,0.0000,0.0000,1.0000,0.1100,0.2168,0.3052
31,2,10.0889,0.0401,0.5173,1.0000,0.0067,0.0000,-0.0067,1.0000,0.0000,0.0000,0.0000,1.0000,0.1101,0.3070,0.2173
31,3,10.1124,-0.1365,0.5889,1.0000,0.0067,0.0000,-0.0067,1.0000,0.0000,0.0000,0.0000,1.0000,0.2836,0.2073,0.2889
31,4,10.2309,-0.1822,0.5062,1.0000,0.0067,0.0000,-0.0067,1.0000,0.0000,0.0000,0.0000,1.0000,0.2820,0.2947,0.2062
31,5,10.3975,-0.0442,0.6614,1.0000,0.0067,0.0000,-0.0067,1.0000,0.0000,0.0000,0.0000,1.0000,0.1112,0.2100,0.3614
31,6,10.4904,-0.0241,0.4265,1.0000,0.0067,0.0000,-0.0067,1.0000,0.0000,0.0000,0.0000,1.0000,0.1972,0.1336,0.1265
31,7,10.5992,-0.0150,0.4491,1.0000,0.0067,0.0000,-0.0067,1.0000,0.0000,0.0000,0.0000,1.0000,0.1624,0.1625,0.0548
31,8,10.6264,0.0284,0.4472,1.0000,0.0067,0.0000,-0.0067,1.0000,0.0000,0.0000,0.0000,1.0000,0.0831,0.2046,0.1050
31,9,10.6562,0.0949,0.4544,1.0000,0.0067,0.0000,-0.0067,1.0000,0.0000,0.0000,0.0000,1.0000,0.0210,0.0279,0.0569
31,10,10.7005,0.0353,0.4546,1.0000,0.0067,0.0000,-0.0067,1.0000,0.0000,0.0000,0.0000,1.0000,0.0210,0.0279,0.0569
32,0,10.6757,0.1008,0.4400,1.0000,0.0046,0.0000,-0.0046,1.0000,0.0000,0.0000,0.0000,1.0000,0.2577,0.2263,0.1400
32,1,10.6838,0.1037,0.6052,1.0000,0.0046,0.0000,-0.0046,1.0000,0.0000,0.0000,0.0000,1.0000,0.1100,0.2168,0.3052
32,2,10.7600,0.0438,0.5173,1.0000,0.0046,0.0000,-0.0046,1.0000,0.0000,0.0000,0.0000,1.0000,0.1101,0.3070,0.2173
32,3,10.7832,-0.1328,0.5889,1.0000,0.0046,0.0000,-0.0046,1.0000,0.0000,0.0000,0.0000,1.0000,0.2836,0.2073,0.2889
32,4,10.9015,-0.1788,0.5062,1.0000,0.0046,0.0000,-0.0046,1.0000,0.0000,0.0000,0.0000,1.0000,0.2820,0.2947,0.2062
32,5,11.0685,-0.0412,0.6614,1.0000,0.0046,0.0000,-0.0046,1.0000,0.0000,0.0000,0.0000,1.0000,0.1112,0.2100,0.3614
32,6,11.1614,-0.0213,0.4265,1.0000,0.0046,0.0000,-0.0046,1.0000,0.0000,0.0000,0.0000,1.0000,0.1972,0.1336,0.1265
32,7,11.2702,-0.0124,0.4491,1.0000,0.0046,0.0000,-0.0046,1.0000,0.0000,0.0000,0.0000,1.0000,0.1624,0.1625,0.0548
32,8,11.2974,0.0310,0.4472,1.0000,0.0046,0.0000,-0.0046,1.0000,0.0000,0.0000,0.0000,1.0000,0.0831,0.2046,0.1050
32,9,11.3274,0.0974,0.4544,1.0000,0.0046,0.0000,-0.0046,1.0000,0.0000,0.0000,0.0000,1.0000,0.0210,0.0279,0.0569
32,10,11.3716,0.0377,0.4546,1.0000,0.0046,0.0000,-0.0046,1.0000,0.0000,0.0000,0.0000,1.0000,0.0210,0.0279,0.0569
33,0,11.3627,0.1032,0.4400,1.0000,0.0021,0.0000,-0.0021,1.0000,0.0000,0.0000,0.0000,1.0000,0.2577,0.2263,0.1400
33,1,11.3708,0.1061,0.6052,1.0000,0.0021,0.0000,-0.0021,1.0000,0.0000,0.0000,0.0000,1.0000,0.1100,0.2168,0.3052
33,2,11.4468,0.0460,0.5173,1.0000,0.0021,0.0000,-0.0021,1.0000,0.0000,0.0000,0.0000,1.0000,0.1101,0.3070,0.2173
33,3,11.4696,-0.1307,0.5889,1.0000,0.0021,0.0000,-0.0021,1.0000,0.0000,0.0000,0.0000,1.0000,0.2836,0.2073,0.2889
33,4,11.5878,-0.1769,0.5062,1.0000,0.0021,0.0000,-0.0021,1.0000,0.0000,0.0000,0.0000,1.0000,0.2820,0.2947,0.2062
33,5,11.7551,-0.0398,0.6614,1.0000,0.0021,0.0000,-0.0021,1.0000,0.0000,0.0000,0.0000,1.0000,0.1112,0.2100,0.3614
33,6,11.8480,-0.0201,0.4265,1.0000,0.0021,0.0000,-0.0021,1.0000,0.0000,0.0000,0.0000,1.0000,0.1972,0.1336,0.1265
33,7,11.9569,-0.0114,0.4491,1.0000,0.0021,0.0000,-0.0021,1.0000,0.0000,0.0000,0.0000,1.0000,0.1624,0.1625,0.0548
33,8,11.9842,0.0318,0.4472,1.0000,0.0021,0.0000,-0.0021,1.0000,0.0000,0.0000,0.0000,1.0000,0.0831,0.2046,0.1050
33,9,12.0144,0.0982,0.4544,1.0000,0.0021,0.0000,-0.0021,1.0000,0.0000,0.0000,0.0000,1.0000,0.0210,0.0279,0.0569
33,10,12.0584,0.0384,0.4546,1.0000,0.0021,0.0000,-0.0021,1.0000,0.0000,0.0000,0.0000,1.0000,0.0210,0.0279,0.0569
34,0,12.0652,0.1038,0.4400,1.0000,-0.0008,0.0000,0.0008,1.0000,0.0000,0.0000,0.0000,1.0000,0.2577,0.2263,0.1400
34,1,12.0733,0.1066,0.6052,1.0000,-0.0008,0.0000,0.0008,1.0000,0.0000,0.0000,0.0000,1.0000,0.1100,0.2168,0.3052
34,2,12.1491,0.0463,0.5173,1.0000,-0.0008,0.0000,0.0008,1.0000,0.0000,0.0000,0.0000,1.0000,0.1101,0.3070,0.2173
34,3,12.1714,-0.1304,0.5889,1.0000,-0.0008,0.0000,0.0008,1.0000,0.0000,0.0000,0.0000,1.0000,0.2836,0.2073,0.2889
34,4,12.2895,-0.1770,0.5062,1.0000,-0.0008,0.0000,0.0008,1.0000,0.0000,0.0000,0.0000,1.0000,0.2820,0.2947,0.2062
34,5,12.4572,-0.0404,0.6614,1.0000,-0.0008,0.0000,0.0008,1.0000,0.0000,0.0000,0.0000,1.0000,0.1112,0.2100,0.3614
34,6,12.5502,-0.0210,0.4265,1.0000,-0.0008,0.0000,0.0008,1.0000,0.0000,0.0000,0.0000,1.0000,0.1972,0.1336,0.1265
34,7,12.6591,-0.0127,0.4491,1.0000,-0.0008,0.0000,0.0008,1.0000,0.0000,0.0000,0.0000,1.0000,0.1624,0.1625,0.0548
34,8,12.6865,0.0305,0.4472,1.0000,-0.0008,0.0000,0.0008,1.0000,0.0000,0.0000,0.0000,1.0000,0.0831,0.2046,0.1050
34,9,12.7169,0.0968,0.4544,1.0000,-0.0008,0.0000,0.0008,1.0000,0.0000,0.0000,0.0000,1.0000,0.0210,0.0279,0.0569
34,10,12.7607,0.0369,0.4546,1.0000,-0.0008,0.0000,0.0008,1.0000,0.0000,0.0000,0.0000,1.0000,0.0210,0.0279,0.0569
35,0,12.7827,0.1020,0.4400,1.0000,-0.0044,0.0000,0.0044,1.0000,0.0000,0.0000,0.0000,1.0000,0.2577,0.2263,0.1400
35,1,12.7908,0.1049,0.6052,1.0000,-0.0044,0.0000,0.0044,1.0000,0.0000,0.0000,0.0000,1.0000,0.1100,0.2168,0.3052
35,2,12.8665,0.0442,0.5173,1.0000,-0.0044,0.0000,0.0044,1.0000,0.0000,0.0000,0.0000,1.0000,0.1101,0.3070,0.2173
35,3,12.8881,-0.1326,0.5889,1.0000,-0.0044,0.0000,0.0044,1.0000,0.0000,0.0000,0.0000,1.0000,0.2836,0.2073,0.2889
35,4,13.0060,-0.1796,0.5062,1.0000,-0.0044,0.0000,0.0044,1.0000,0.0000,0.0000,0.0000,1.0000,0.2820,0.2947,0.2062
35,5,13.1742,-0.0435,0.6614,1.0000,-0.0044,0.0000,0.0044,1.0000,0.0000,0.0000,0.0000,1.0000,0.1112,0.2100,0.3614
35,6,13.2673,-0.0244,0.4265,1.0000,-0.0044,0.0000,0.0044,1.0000,0.0000,0.0000,0.0000,1.0000,0.1972,0.1336,0.1265
35,7,13.3762,-0.0165,0.4491,1.0000,-0.0044,0.0000,0.0044,1.0000,0.0000,0.0000,0.0000,1.0000,0.1624,0.1625,0.0548
35,8,13.4038,0.0266,0.4472,1.0000,-0.0044,0.0000,0.0044,1.0000,0.0000,0.0000,0.0000,1.0000,0.0831,0.2046,0.1050
35,9,13.4344,0.0928,0.4544,1.0000,-0.0044,0.0000,0.0044,1.0000,0.0000,0.0000,0.0000,1.0000,0.0210,0.0279,0.0569
35,10,13.4780,0.0327,0.4546,1.0000,-0.0044,0.0000,0.0044,1.0000,0.0000,0.0000,0.0000,1.0000,0.0210,0.0279,0.0569
36,0,13.5144,0.0973,0.4400,1.0000,-0.0090,0.0000,0.0090,1.0000,0.0000,0.0000,0.0000,1.0000,0.2577,0.2263,0.1400
36,1,13.5225,0.1001,0.6052,1.0000,-0.0090,0.0000,0.0090,1.0000,0.0000,0.0000,0.0000,1.0000,0.1100,0.2168,0.3052
36,2,13.5979,0.0391,0.5173,1.0000,-0.0090,0.0000,0.0090,1.0000,0.0000,0.0000,0.0000,1.0000,0.1101,0.3070,0.2173
36,3,13.6187,-0.1377,0.5889,1.0000,-0.0090,0.0000,0.0090,1.0000,0.0000,0.0000,0.0000,1.0000,0.2836,0.2073,0.2889
36,4,13.7364,-0.1853,0.5062,1.0000,-0.0090,0.0000,0.0090,1.0000,0.0000,0.0000,0.0000,1.0000,0.2820,0.2947,0.2062
36,5,13.9052,-0.0500,0.6614,1.0000,-0.0090,0.0000,0.0090,1.0000,0.0000,0.0000,0.0000,1.0000,0.1112,0.2100,0.3614
36,6,13.9984,-0.0313,0.4265,1.0000,-0.0090,0.0000,0.0090,1.0000,0.0000,0.0000,0.0000,1.0000,0.1972,0.1336,0.1265
36,7,14.1073,-0.0239,0.4491,1.0000,-0.0090,0.0000,0.0090,1.0000,0.0000,0.0000,0.0000,1.0000,0.1624,0.1625,0.0548
36,8,14.1351,0.0190,0.4472,1.0000,-0.0090,0.0000,0.0090,1.0000,0.0000,0.0000,0.0000,1.0000,0.0831,0.2046,0.1050
36,9,14.1660,0.0851,0.4544,1.0000,-0.0090,0.0000,0.0090,1.0000,0.0000,0.0000,0.0000,1.0000,0.0210,0.0279,0.0569
36,10,14.2094,0.0248,0.4546,1.0000,-0.0090,0.0000,0.0090,1.0000,0.0000,0.0000,0.0000,1.0000,0.0210,0.0279,0.0569
37,0,14.2592,0.0885,0.4400,0.9999,-0.0152,0.0000,0.0152,0.9999,0.0000,0.0000,0.0000,1.0000,0.2577,0.2263,0.1400
37,1,14.2673,0.0913,0.6052,0.9999,-0.0152,0.0000,0.0152,0.9999,0.0000,0.0000,0.0000,1.0000,0.1100,0.2168,0.3052
37,2,14.3423,0.0299,0.5173,0.9999,-0.0152,0.0000,0.0152,0.9999,0.0000,0.0000,0.0000,1.0000,0.1101,0.3070,0.2173
37,3,14.3620,-0.1472,0.5889,0.9999,-0.0152,0.0000,0.0152,0.9999,0.0000,0.0000,0.0000,1.0000,0.2836,0.2073,0.2889
37,4,14.4794,-0.1955,0.5062,0.9999,-0.0152,0.0000,0.0152,0.9999,0.0000,0.0000,0.0000,1.0000,0.2820,0.2947,0.2062
37,5,14.6490,-0.0612,0.6614,0.9999,-0.0152,0.0000,0.0152,0.9999,0.0000,0.0000,0.0000,1.0000,0.1112,0.2100,0.3614
37,6,14.7423,-0.0431,0.4265,0.9999,-0.0152,0.0000,0.0152,0.9999,0.0000,0.0000,0.0000,1.0000,0.1972,0.1336,0.1265
37,7,14.8513,-0.0364,0.4491,0.9999,-0.0152,0.0000,0.0152,0.9999,0.0000,0.0000,0.0000,1.0000,0.1624,0.1625,0.0548
37,8,14.8794,0.0064,0.4472,0.9999,-0.0152,0.0000,0.0152,0.9999,0.0000,0.0000,0.0000,1.0000,0.0831,0.2046,0.1050
37,9,14.9107,0.0722,0.4544,0.9999,-0.0152,0.0000,0.0152,0.9999,0.0000,0.0000,0.0000,1.0000,0.0210,0.0279,0.0569
37,10,14.9537,0.0117,0.4546,0.9999,-0.0152,0.0000,0.0152,0.9999,0.0000,0.0000,0.0000,1.0000,0.0210,0.0279,0.0569
38,0,15.0160,0.0742,0.4400,0.9997,-0.0234,0.0000,0.0234,0.9997,0.0000,0.0000,0.0000,1.0000,0.2577,0.2263,0.1400
38,1,15.0242,0.0769,0.6052,0.9997,-0.0234,0.0000,0.0234,0.9997,0.0000,0.0000,0.0000,1.0000,0.1100,0.2168,0.3052
38,2,15.0986,0.0149,0.5173,0.9997,-0.0234,0.0000,0.0234,0.9997,0.0000,0.0000,0.0000,1.0000,0.1101,0.3070,0.2173
38,3,15.1169,-0.1623,0.5889,0.9997,-0.0234,0.0000,0.0234,0.9997,0.0000,0.0000,0.0000,1.0000,0.2836,0.2073,0.2889
38,4,15.2339,-0.2116,0.5062,0.9997,-0.0234,0.0000,0.0234,0.9997,0.0000,0.0000,0.0000,1.0000,0.2820,0.2947,0.2062
38,5,15.4046,-0.0787,0.6614,0.9997,-0.0234,0.0000,0.0234,0.9997,0.0000,0.0000,0.0000,1.0000,0.1112,0.2100,0.3614
38,6,15.4981,-0.0614,0.4265,0.9997,-0.0234,0.0000,0.0234,0.9997,0.0000,0.0000,0.0000,1.0000,0.1972,0.1336,0.1265
38,7,15.6071,-0.0555,0.4491,0.9997,-0.0234,0.0000,0.0234,0.9997,0.0000,0.0000,0.0000,1.0000,0.1624,0.1625,0.0548
38,8,15.6355,-0.0130,0.4472,0.9997,-0.0234,0.0000,0.0234,0.9997,0.0000,0.0000,0.0000,1.0000,0.0831,0.2046,0.1050
38,9,15.6674,0.0526,0.4544,0.9997,-0.0234,0.0000,0.0234,0.9997,0.0000,0.0000,0.0000,1.0000,0.0210,0.0279,0.0569
38,10,15.7099,-0.0083,0.4546,0.9997,-0.0234,0.0000,0.0234,0.9997,0.0000,0.0000,0.0000,1.0000,0.0210,0.0279,0.0569
39,0,15.7842,0.0526,0.4400,0.9994,-0.0339,0.0000,0.0339,0.9994,0.0000,0.0000,0.0000,1.0000,0.2577,0.2263,0.1400
39,1,15.7924,0.0552,0.6052,0.9994,-0.0339,0.0000,0.0339,0.9994,0.0000,0.0000,0.0000,1.0000,0.1100,0.2168,0.3052
39,2,15.8662,-0.0076,0.5173,0.9994,-0.0339,0.0000,0.0339,0.9994,0.0000,0.0000,0.0000,1.0000,0.1101,0.3070,0.2173
39,3,15.8826,-0.1850,0.5889,0.9994,-0.0339,0.0000,0.0339,0.9994,0.0000,0.0000,0.0000,1.0000,0.2836,0.2073,0.2889
39,4,15.9991,-0.2354,0.5062,0.9994,-0.0339,0.0000,0.0339,0.9994,0.0000,0.0000,0.0000,1.0000,0.2820,0.2947,0.2062
39,5,16.1712,-0.1044,0.6614,0.9994,-0.0339,0.0000,0.0339,0.9994,0.0000,0.0000,0.0000,1.0000,0.1112,0.2100,0.3614
39,6,16.2648,-0.0881,0.4265,0.9994,-0.0339,0.0000,0.0339,0.9994,0.0000,0.0000,0.0000,1.0000,0.1972,0.1336,0.1265
39,7,16.3739,-0.0834,0.4491,0.9994,-0.0339,0.0000,0.0339,0.9994,0.0000,0.0000,0.0000,1.0000,0.1624,0.1625,0.0548
39,8,16.4028,-0.0411,0.4472,0.9994,-0.0339,0.0000,0.0339,0.9994,0.0000,0.0000,0.0000,1.0000,0.0831,0.2046,0.1050
39,9,16.4353,0.0241,0.4544,0.9994,-0.0339,0.0000,0.0339,0.9994,0.0000,0.0000,0.0000,1.0000,0.0210,0.0279,0.0569
39,10,16.4772,-0.0372,0.4546,0.9994,-0.0339,0.0000,0.0339,0.9994,0.0000,0.0000,0.0000,1.0000,0.0210,0.0279,0.0569
40,0,16.5634,0.0218,0.4400,0.9989,-0.0463,0.0000,0.0463,0.9989,0.0000,0.0000,0.0000,1.0000,0.2577,0.2263,0.1400
40,1,16.5717,0.0243,0.6052,0.9989,-0.0463,0.0000,0.0463,0.9989,0.0000,0.0000,0.0000,1.0000,0.1100,0.2168,0.3052
40,2,16.6447,-0.0394,0.5173,0.9989,-0.0463,0.0000,0.0463,0.9989,0.0000,0.0000,0.0000,1.0000,0.1101,0.3070,0.2173
40,3,16.6589,-0.2170,0.5889,0.9989,-0.0463,0.0000,0.0463,0.9989,0.0000,0.0000,0.0000,1.0000,0.2836,0.2073,0.2889
40,4,16.7747,-0.2689,0.5062,0.9989,-0.0463,0.0000,0.0463,0.9989,0.0000,0.0000,0.0000,1.0000,0.2820,0.2947,0.2062
40,5,16.9484,-0.1400,0.6614,0.9989,-0.0463,0.0000,0.0463,0.9989,0.0000,0.0000,0.0000,1.0000,0.1112,0.2100,0.3614
40,6,17.0423,-0.1249,0.4265,0.9989,-0.0463,0.0000,0.0463,0.9989,0.0000,0.0000,0.0000,1.0000,0.1972,0.1336,0.1265
40,7,17.1514,-0.1215,0.4491,0.9989,-0.0463,0.0000,0.0463,0.9989,0.0000,0.0000,0.0000,1.0000,0.1624,0.1625,0.0548
40,8,17.1808,-0.0796,0.4472,0.9989,-0.0463,0.0000,0.0463,0.9989,0.0000,0.0000,0.0000,1.0000,0.0831,0.2046,0.1050
40,9,17.2141,-0.0148,0.4544,0.9989,-0.0463,0.0000,0.0463,0.9989,0.0000,0.0000,0.0000,1.0000,0.0210,0.0279,0.0569
40,10,17.2552,-0.0767,0.4546,0.9989,-0.0463,0.0000,0.0463,0.9989,0.0000,0.0000,0.0000,1.0000,0.0210,0.0279,0.0569
41,0,17.3535,-0.0201,0.4400,0.9982,-0.0608,0.0000,0.0608,0.9982,0.0000,0.0000,0.0000,1.0000,0.2577,0.2263,0.1400
41,1,17.3618,-0.0177,0.6052,0.9982,-0.0608,0.0000,0.0608,0.9982,0.0000,0.0000,0.0000,1.0000,0.1100,0.2168,0.3052
41,2,17.4339,-0.0825,0.5173,0.9982,-0.0608,0.0000,0.0608,0.9982,0.0000,0.0000,0.0000,1.0000,0.1101,0.3070,0.2173
41,3,17.4455,-0.2602,0.5889,0.9982,-0.0608,0.0000,0.0608,0.9982,0.0000,0.0000,0.0000,1.0000,0.2836,0.2073,0.2889
41,4,17.5605,-0.3138,0.5062,0.9982,-0.0608,0.0000,0.0608,0.9982,0.0000,0.0000,0.0000,1.0000,0.2820,0.2947,0.2062
41,5,17.7361,-0.1874,0.6614,0.9982,-0.0608,0.0000,0.0608,0.9982,0.0000,0.0000,0.0000,1.0000,0.1112,0.2100,0.3614
41,6,17.8302,-0.1736,0.4265,0.9982,-0.0608,0.0000,0.0608,0.9982,0.0000,0.0000,0.0000,1.0000,0.1972,0.1336,0.1265
41,7,17.9394,-0.1719,0.4491,0.9982,-0.0608,0.0000,0.0608,0.9982,0.0000,0.0000,0.0000,1.0000,0.1624,0.1625,0.0548
41,8,17.9693,-0.1304,0.4472,0.9982,-0.0608,0.0000,0.0608,0.9982,0.0000,0.0000,0.0000,1.0000,0.0831,0.2046,0.1050
41,9,18.0036,-0.0661,0.4544,0.9982,-0.0608,0.0000,0.0608,0.9982,0.0000,0.0000,0.0000,1.0000,0.0210,0.0279,0.0569
41,10,18.0438,-0.1285,0.4546,0.9982,-0.0608,0.0000,0.0608,0.9982,0.0000,0.0000,0.0000,1.0000,0.0210,0.0279,0.0569
42,0,18.1543,-0.0747,0.4400,0.9970,-0.0770,0.0000,0.0770,0.9970,0.0000,0.0000,0.0000,1.0000,0.2577,0.2263,0.1400
42,1,18.1626,-0.0725,0.6052,0.9970,-0.0770,0.0000,0.0770,0.9970,0.0000,0.0000,0.0000,1.0000,0.1100,0.2168,0.3052
42,2,18.2336,-0.1384,0.5173,0.9970,-0.0770,0.0000,0.0770,0.9970,0.0000,0.0000,0.0000,1.0000,0.1101,0.3070,0.2173
42,3,18.2423,-0.3163,0.5889,0.9970,-0.0770,0.0000,0.0770,0.9970,0.0000,0.0000,0.0000,1.0000,0.2836,0.2073,0.2889
42,4,18.3565,-0.3718,0.5062,0.9970,-0.0770,0.0000,0.0770,0.9970,0.0000,0.0000,0.0000,1.0000,0.2820,0.2947,0.2062
42,5,18.5341,-0.2483,0.6614,0.9970,-0.0770,0.0000,0.0770,0.9970,0.0000,0.0000,0.0000,1.0000,0.1112,0.2100,0.3614
42,6,18.6284,-0.2360,0.4265,0.9970,-0.0770,0.0000,0.0770,0.9970,0.0000,0.0000,0.0000,1.0000,0.1972,0.1336,0.1265
42,7,18.7376,-0.2360,0.4491,0.9970,-0.0770,0.0000,0.0770,0.9970,0.0000,0.0000,0.0000,1.0000,0.1624,0.1625,0.0548
42,8,18.7682,-0.1950,0.4472,0.9970,-0.0770,0.0000,0.0770,0.9970,0.0000,0.0000,0.0000,1.0000,0.0831,0.2046,0.1050
42,9,18.8035,-0.1313,0.4544,0.9970,-0.0770,0.0000,0.0770,0.9970,0.0000,0.0000,0.0000,1.0000,0.0210,0.0279,0.0569
42,10,18.8427,-0.1944,0.4546,0.9970,-0.0770,0.0000,0.0770,0.9970,0.0000,0.0000,0.0000,1.0000,0.0210,0.0279,0.0569
43,0,18.9654,-0.1443,0.4400,0.9954,-0.0956,0.0000,0.0956,0.9954,0.0000,0.0000,0.0000,1.0000,0.2577,0.2263,0.1400
43,1,18.9738,-0.1422,0.6052,0.9954,-0.0956,0.0000,0.0956,0.9954,0.0000,0.0000,0.0000,1.0000,0.1100,0.2168,0.3052
43,2,19.0436,-0.2094,0.5173,0.9954,-0.0956,0.0000,0.0956,0.9954,0.0000,0.0000,0.0000,1.0000,0.1101,0.3070,0.2173
43,3,19.0490,-0.3875,0.5889,0.9954,-0.0956,0.0000,0.0956,0.9954,0.0000,0.0000,0.0000,1.0000,0.2836,0.2073,0.2889
43,4,19.1621,-0.4451,0.5062,0.9954,-0.0956,0.0000,0.0956,0.9954,0.0000,0.0000,0.0000,1.0000,0.2820,0.2947,0.2062
43,5,19.3420,-0.3249,0.6614,0.9954,-0.0956,0.0000,0.0956,0.9954,0.0000,0.0000,0.0000,1.0000,0.1112,0.2100,0.3614
43,6,19.4364,-0.3144,0.4265,0.9954,-0.0956,0.0000,0.0956,0.9954,0.0000,0.0000,0.0000,1.0000,0.1972,0.1336,0.1265
43,7,19.5456,-0.3164,0.4491,0.9954,-0.0956,0.0000,0.0956,0.9954,0.0000,0.0000,0.0000,1.0000,0.1624,0.1625,0.0548
43,8,19.5770,-0.2761,0.4472,0.9954,-0.0956,0.0000,0.0956,0.9954,0.0000,0.0000,0.0000,1.0000,0.0831,0.2046,0.1050
43,9,19.6135,-0.2130,0.4544,0.9954,-0.0956,0.0000,0.0956,0.9954,0.0000,0.0000,0.0000,1.0000,0.0210,0.0279,0.0569
43,10,19.6515,-0.2768,0.4546,0.9954,-0.0956,0.0000,0.0956,0.9954,0.0000,0.0000,0.0000,1.0000,0.0210,0.0279,0.0569
44,0,19.7866,-0.2310,0.4400,0.9932,-0.1164,0.0000,0.1164,0.9932,0.0000,0.0000,0.0000,1.0000,0.2577,0.2263,0.1400
44,1,19.7950,-0.2291,0.6052,0.9932,-0.1164,0.0000,0.1164,0.9932,0.0000,0.0000,0.0000,1.0000,0.1100,0.2168,0.3052
44,2,19.8633,-0.2978,0.5173,0.9932,-0.1164,0.0000,0.1164,0.9932,0.0000,0.0000,0.0000,1.0000,0.1101,0.3070,0.2173
44,3,19.8650,-0.4759,0.5889,0.9932,-0.1164,0.0000,0.1164,0.9932,0.0000,0.0000,0.0000,1.0000,0.2836,0.2073,0.2889
44,4,19.9769,-0.5359,0.5062,0.9932,-0.1164,0.0000,0.1164,0.9932,0.0000,0.0000,0.0000,1.0000,0.2820,0.2947,0.2062
44,5,20.1593,-0.4195,0.6614,0.9932,-0.1164,0.0000,0.1164,0.9932,0.0000,0.0000,0.0000,1.0000,0.1112,0.2100,0.3614
44,6,20.2539,-0.4110,0.4265,0.9932,-0.1164,0.0000,0.1164,0.9932,0.0000,0.0000,0.0000,1.0000,0.1972,0.1336,0.1265
44,7,20.3631,-0.4153,0.4491,0.9932,-0.1164,0.0000,0.1164,0.9932,0.0000,0.0000,0.0000,1.0000,0.1624,0.1625,0.0548
44,8,20.3953,-0.3756,0.4472,0.9932,-0.1164,0.0000,0.1164,0.9932,0.0000,0.0000,0.0000,1.0000,0.0831,0.2046,0.1050
44,9,20.4331,-0.3133,0.4544,0.9932,-0.1164,0.0000,0.1164,0.9932,0.0000,0.0000,0.0000,1.0000,0.0210,0.0279,0.0569
44,10,20.4697,-0.3779,0.4546,0.9932,-0.1164,0.0000,0.1164,0.9932,0.0000,0.0000,0.0000,1.0000,0.0210,0.0279,0.0569
45,0,20.6170,-0.3373,0.4400,0.9902,-0.1394,0.0000,0.1394,0.9902,0.0000,0.0000,0.0000,1.0000,0.2577,0.2263,0.1400
45,1,20.6254,-0.3355,0.6052,0.9902,-0.1394,0.0000,0.1394,0.9902,0.0000,0.0000,0.0000,1.0000,0.1100,0.2168,0.3052
45,2,20.6922,-0.4058,0.5173,0.9902,-0.1394,0.0000,0.1394,0.9902,0.0000,0.0000,0.0000,1.0000,0.1101,0.3070,0.2173
45,3,20.6897,-0.5839,0.5889,0.9902,-0.1394,0.0000,0.1394,0.9902,0.0000,0.0000,0.0000,1.0000,0.2836,0.2073,0.2889
45,4,20.8002,-0.6464,0.5062,0.9902,-0.1394,0.0000,0.1394,0.9902,0.0000,0.0000,0.0000,1.0000,0.2820,0.2947,0.2062
45,5,20.9852,-0.5343,0.6614,0.9902,-0.1394,0.0000,0.1394,0.9902,0.0000,0.0000,0.0000,1.0000,0.1112,0.2100,0.3614
45,6,21.0800,-0.5280,0.4265,0.9902,-0.1394,0.0000,0.1394,0.9902,0.0000,0.0000,0.0000,1.0000,0.1972,0.1336,0.1265
45,7,21.1890,-0.5348,0.4491,0.9902,-0.1394,0.0000,0.1394,0.9902,0.0000,0.0000,0.0000,1.0000,0.1624,0.1625,0.0548
45,8,21.2222,-0.4959,0.4472,0.9902,-0.1394,0.0000,0.1394,0.9902,0.0000,0.0000,0.0000,1.0000,0.0831,0.2046,0.1050
45,9,21.2614,-0.4345,0.4544,0.9902,-0.1394,0.0000,0.1394,0.9902,0.0000,0.0000,0.0000,1.0000,0.0210,0.0279,0.0569
45,10,21.2966,-0.4999,0.4546,0.9902,-0.1394,0.0000,0.1394,0.9902,0.0000,0.0000,0.0000,1.0000,0.0210,0.0279,0.0569
46,0,21.4555,-0.4650,0.4400,0.9865,-0.1638,0.0000,0.1638,0.9865,0.0000,0.0000,0.0000,1.0000,0.2577,0.2263,0.1400
46,1,21.4640,-0.4634,0.6052,0.9865,-0.1638,0.0000,0.1638,0.9865,0.0000,0.0000,0.0000,1.0000,0.1100,0.2168,0.3052
46,2,21.5289,-0.5353,0.5173,0.9865,-0.1638,0.0000,0.1638,0.9865,0.0000,0.0000,0.0000,1.0000,0.1101,0.3070,0.2173
46,3,21.5221,-0.7133,0.5889,0.9865,-0.1638,0.0000,0.1638,0.9865,0.0000,0.0000,0.0000,1.0000,0.2836,0.2073,0.2889
46,4,21.6310,-0.7785,0.5062,0.9865,-0.1638,0.0000,0.1638,0.9865,0.0000,0.0000,0.0000,1.0000,0.2820,0.2947,0.2062
46,5,21.8187,-0.6711,0.6614,0.9865,-0.1638,0.0000,0.1638,0.9865,0.0000,0.0000,0.0000,1.0000,0.1112,0.2100,0.3614
46,6,21.9137,-0.6671,0.4265,0.9865,-0.1638,0.0000,0.1638,0.9865,0.0000,0.0000,0.0000,1.0000,0.1972,0.1336,0.1265
46,7,22.0225,-0.6766,0.4491,0.9865,-0.1638,0.0000,0.1638,0.9865,0.0000,0.0000,0.0000,1.0000,0.1624,0.1625,0.0548
46,8,22.0566,-0.6385,0.4472,0.9865,-0.1638,0.0000,0.1638,0.9865,0.0000,0.0000,0.0000,1.0000,0.0831,0.2046,0.1050
46,9,22.0973,-0.5780,0.4544,0.9865,-0.1638,0.0000,0.1638,0.9865,0.0000,0.0000,0.0000,1.0000,0.0210,0.0279,0.0569
46,10,22.1308,-0.6443,0.4546,0.9865,-0.1638,0.0000,0.1638,0.9865,0.0000,0.0000,0.0000,1.0000,0.0210,0.0279,0.0569
47,0,22.3004,-0.6156,0.4400,0.9819,-0.1896,0.0000,0.1896,0.9819,0.0000,0.0000,0.0000,1.0000,0.2577,0.2263,0.1400
47,1,22.3089,-0.6143,0.6052,0.9819,-0.1896,0.0000,0.1896,0.9819,0.0000,0.0000,0.0000,1.0000,0.1100,0.2168,0.3052
47,2,22.3720,-0.6879,0.5173,0.9819,-0.1896,0.0000,0.1896,0.9819,0.0000,0.0000,0.0000,1.0000,0.1101,0.3070,0.2173
47,3,22.3605,-0.8657,0.5889,0.9819,-0.1896,0.0000,0.1896,0.9819,0.0000,0.0000,0.0000,1.0000,0.2836,0.2073,0.2889
47,4,22.4676,-0.9337,0.5062,0.9819,-0.1896,0.0000,0.1896,0.9819,0.0000,0.0000,0.0000,1.0000,0.2820,0.2947,0.2062
47,5,22.6581,-0.8311,0.6614,0.9819,-0.1896,0.0000,0.1896,0.9819,0.0000,0.0000,0.0000,1.0000,0.1112,0.2100,0.3614
47,6,22.7531,-0.8296,0.4265,0.9819,-0.1896,0.0000,0.1896,0.9819,0.0000,0.0000,0.0000,1.0000,0.1972,0.1336,0.1265
47,7,22.8617,-0.8420,0.4491,0.9819,-0.1896,0.0000,0.1896,0.9819,0.0000,0.0000,0.0000,1.0000,0.1624,0.1625,0.0548
47,8,22.8968,-0.8048,0.4472,0.9819,-0.1896,0.0000,0.1896,0.9819,0.0000,0.0000,0.0000,1.0000,0.0831,0.2046,0.1050
47,9,22.9391,-0.7454,0.4544,0.9819,-0.1896,0.0000,0.1896,0.9819,0.0000,0.0000,0.0000,1.0000,0.0210,0.0279,0.0569
47,10,22.9708,-0.8126,0.4546,0.9819,-0.1896,0.0000,0.1896,0.9819,0.0000,0.0000,0.0000,1.0000,0.0210,0.0279,0.0569
48,0,23.1496,-0.7905,0.4400,0.9764,-0.2162,0.0000,0.2162,0.9764,0.0000,0.0000,0.0000,1.0000,0.2577,0.2263,0.1400
48,1,23.1581,-0.7894,0.6052,0.9764,-0.2162,0.0000,0.2162,0.9764,0.0000,0.0000,0.0000,1.0000,0.1100,0.2168,0.3052
48,2,23.2192,-0.8647,0.5173,0.9764,-0.2162,0.0000,0.2162,0.9764,0.0000,0.0000,0.0000,1.0000,0.1101,0.3070,0.2173
48,3,23.2029,-1.0420,0.5889,0.9764,-0.2162,0.0000,0.2162,0.9764,0.0000,0.0000,0.0000,1.0000,0.2836,0.2073,0.2889
48,4,23.3081,-1.1130,0.5062,0.9764,-0.2162,0.0000,0.2162,0.9764,0.0000,0.0000,0.0000,1.0000,0.2820,0.2947,0.2062
48,5,23.5013,-1.0156,0.6614,0.9764,-0.2162,0.0000,0.2162,0.9764,0.0000,0.0000,0.0000,1.0000,0.1112,0.2100,0.3614
48,6,23.5963,-1.0167,0.4265,0.9764,-0.2162,0.0000,0.2162,0.9764,0.0000,0.0000,0.0000,1.0000,0.1972,0.1336,0.1265
48,7,23.7045,-1.0320,0.4491,0.9764,-0.2162,0.0000,0.2162,0.9764,0.0000,0.0000,0.0000,1.0000,0.1624,0.1625,0.0548
48,8,23.7406,-0.9958,0.4472,0.9764,-0.2162,0.0000,0.2162,0.9764,0.0000,0.0000,0.0000,1.0000,0.0831,0.2046,0.1050
48,9,23.7845,-0.9376,0.4544,0.9764,-0.2162,0.0000,0.2162,0.9764,0.0000,0.0000,0.0000,1.0000,0.0210,0.0279,0.0569
48,10,23.8144,-1.0056,0.4546,0.9764,-0.2162,0.0000,0.2162,0.9764,0.0000,0.0000,0.0000,1.0000,0.0210,0.0279,0.0569
49,0,24.0006,-0.9909,0.4400,0.9696,-0.2447,0.0000,0.2447,0.9696,0.0000,0.0000,0.0000,1.0000,0.2577,0.2263,0.1400
49,1,24.0091,-0.9900,0.6052,0.9696,-0.2447,0.0000,0.2447,0.9696,0.0000,0.0000,0.0000,1.0000,0.1100,0.2168,0.3052
49,2,24.0680,-1.0671,0.5173,0.9696,-0.2447,0.0000,0.2447,0.9696,0.0000,0.0000,0.0000,1.0000,0.1101,0.3070,0.2173
49,3,24.0464,-1.2439,0.5889,0.9696,-0.2447,0.0000,0.2447,0.9696,0.0000,0.0000,0.0000,1.0000,0.2836,0.2073,0.2889
49,4,24.1496,-1.3179,0.5062,0.9696,-0.2447,0.0000,0.2447,0.9696,0.0000,0.0000,0.0000,1.0000,0.2820,0.2947,0.2062
49,5,24.3456,-1.2262,0.6614,0.9696,-0.2447,0.0000,0.2447,0.9696,0.0000,0.0000,0.0000,1.0000,0.1112,0.2100,0.3614
49,6,24.4405,-1.2301,0.4265,0.9696,-0.2447,0.0000,0.2447,0.9696,0.0000,0.0000,0.0000,1.0000,0.1972,0.1336,0.1265
49,7,24.5481,-1.2486,0.4491,0.9696,-0.2447,0.0000,0.2447,0.9696,0.0000,0.0000,0.0000,1.0000,0.1624,0.1625,0.0548
49,8,24.5853,-1.2134,0.4472,0.9696,-0.2447,0.0000,0.2447,0.9696,0.0000,0.0000,0.0000,1.0000,0.0831,0.2046,0.1050
49,9,24.6309,-1.1565,0.4544,0.9696,-0.2447,0.0000,0.2447,0.9696,0.0000,0.0000,0.0000,1.0000,0.0210,0.0279,0.0569
49,10,24.6588,-1.2254,0.4546,0.9696,-0.2447,0.0000,0.2447,0.9696,0.0000,0.0000,0.0000,1.0000,0.0210,0.0279,0.0569
50,0,24.8510,-1.2185,0.4400,0.9614,-0.2750,0.0000,0.2750,0.9614,0.0000,0.0000,0.0000,1.0000,0.2577,0.2263,0.1400
50,1,24.8596,-1.2179,0.6052,0.9614,-0.2750,0.0000,0.2750,0.9614,0.0000,0.0000,0.0000,1.0000,0.1100,0.2168,0.3052
50,2,24.9160,-1.2968,0.5173,0.9614,-0.2750,0.0000,0.2750,0.9614,0.0000,0.0000,0.0000,1.0000,0.1101,0.3070,0.2173
50,3,24.8890,-1.4728,0.5889,0.9614,-0.2750,0.0000,0.2750,0.9614,0.0000,0.0000,0.0000,1.0000,0.2836,0.2073,0.2889
50,4,24.9897,-1.5500,0.5062,0.9614,-0.2750,0.0000,0.2750,0.9614,0.0000,0.0000,0.0000,1.0000,0.2820,0.2947,0.2062
50,5,25.1885,-1.4646,0.6614,0.9614,-0.2750,0.0000,0.2750,0.9614,0.0000,0.0000,0.0000,1.0000,0.1112,0.2100,0.3614
50,6,25.2833,-1.4714,0.4265,0.9614,-0.2750,0.0000,0.2750,0.9614,0.0000,0.0000,0.0000,1.0000,0.1972,0.1336,0.1265
50,7,25.3903,-1.4933,0.4491,0.9614,-0.2750,0.0000,0.2750,0.9614,0.0000,0.0000,0.0000,1.0000,0.1624,0.1625,0.0548
50,8,25.4285,-1.4593,0.4472,0.9614,-0.2750,0.0000,0.2750,0.9614,0.0000,0.0000,0.0000,1.0000,0.0831,0.2046,0.1050
50,9,25.4759,-1.4039,0.4544,0.9614,-0.2750,0.0000,0.2750,0.9614,0.0000,0.0000,0.0000,1.0000,0.0210,0.0279,0.0569
50,10,25.5016,-1.4735,0.4546,0.9614,-0.2750,0.0000,0.2750,0.9614,0.0000,0.0000,0.0000,1.0000,0.0210,0.0279,0.0569
51,0,25.6991,-1.4748,0.4400,0.9519,-0.3064,0.0000,0.3064,0.9519,0.0000,0.0000,0.0000,1.0000,0.2577,0.2263,0.1400
51,1,25.7077,-1.4746,0.6052,0.9519,-0.3064,0.0000,0.3064,0.9519,0.0000,0.0000,0.0000,1.0000,0.1100,0.2168,0.3052
51,2,25.7615,-1.5552,0.5173,0.9519,-0.3064,0.0000,0.3064,0.9519,0.0000,0.0000,0.0000,1.0000,0.1101,0.3070,0.2173
51,3,25.7287,-1.7303,0.5889,0.9519,-0.3064,0.0000,0.3064,0.9519,0.0000,0.0000,0.0000,1.0000,0.2836,0.2073,0.2889
51,4,25.8269,-1.8107,0.5062,0.9519,-0.3064,0.0000,0.3064,0.9519,0.0000,0.0000,0.0000,1.0000,0.2820,0.2947,0.2062
51,5,26.0283,-1.7319,0.6614,0.9519,-0.3064,0.0000,0.3064,0.9519,0.0000,0.0000,0.0000,1.0000,0.1112,0.2100,0.3614
51,6,26.1228,-1.7418,0.4265,0.9519,-0.3064,0.0000,0.3064,0.9519,0.0000,0.0000,0.0000,1.0000,0.1972,0.1336,0.1265
51,7,26.2291,-1.7672,0.4491,0.9519,-0.3064,0.0000,0.3064,0.9519,0.0000,0.0000,0.0000,1.0000,0.1624,0.1625,0.0548
51,8,26.2684,-1.7344,0.4472,0.9519,-0.3064,0.0000,0.3064,0.9519,0.0000,0.0000,0.0000,1.0000,0.0831,0.2046,0.1050
51,9,26.3175,-1.6806,0.4544,0.9519,-0.3064,0.0000,0.3064,0.9519,0.0000,0.0000,0.0000,1.0000,0.0210,0.0279,0.0569
51,10,26.3410,-1.7511,0.4546,0.9519,-0.3064,0.0000,0.3064,0.9519,0.0000,0.0000,0.0000,1.0000,0.0210,0.0279,0.0569
52,0,26.5433,-1.7609,0.4400,0.9410,-0.3383,0.0000,0.3383,0.9410,0.0000,0.0000,0.0000,1.0000,0.2577,0.2263,0.1400
52,1,26.5519,-1.7609,0.6052,0.9410,-0.3383,0.0000,0.3383,0.9410,0.0000,0.0000,0.0000,1.0000,0.1100,0.2168,0.3052
52,2,26.6029,-1.8434,0.5173,0.9410,-0.3383,0.0000,0.3383,0.9410,0.0000,0.0000,0.0000,1.0000,0.1101,0.3070,0.2173
52,3,26.5642,-2.0172,0.5889,0.9410,-0.3383,0.0000,0.3383,0.9410,0.0000,0.0000,0.0000,1.0000,0.2836,0.2073,0.2889
52,4,26.6596,-2.1009,0.5062,0.9410,-0.3383,0.0000,0.3383,0.9410,0.0000,0.0000,0.0000,1.0000,0.2820,0.2947,0.2062
52,5,26.8636,-2.0289,0.6614,0.9410,-0.3383,0.0000,0.3383,0.9410,0.0000,0.0000,0.0000,1.0000,0.1112,0.2100,0.3614
52,6,26.9577,-2.0420,0.4265,0.9410,-0.3383,0.0000,0.3383,0.9410,0.0000,0.0000,0.0000,1.0000,0.1972,0.1336,0.1265
52,7,27.0630,-2.0709,0.4491,0.9410,-0.3383,0.0000,0.3383,0.9410,0.0000,0.0000,0.0000,1.0000,0.1624,0.1625,0.0548
52,8,27.1034,-2.0396,0.4472,0.9410,-0.3383,0.0000,0.3383,0.9410,0.0000,0.0000,0.0000,1.0000,0.0831,0.2046,0.1050
52,9,27.1544,-1.9874,0.4544,0.9410,-0.3383,0.0000,0.3383,0.9410,0.0000,0.0000,0.0000,1.0000,0.0210,0.0279,0.0569
52,10,27.1754,-2.0586,0.4546,0.9410,-0.3383,0.0000,0.3383,0.9410,0.0000,0.0000,0.0000,1.0000,0.0210,0.0279,0.0569
53,0,27.3815,-2.0774,0.4400,0.9287,-0.3709,0.0000,0.3709,0.9287,0.0000,0.0000,0.0000,1.0000,0.2577,0.2263,0.1400
53,1,27.3901,-2.0777,0.6052,0.9287,-0.3709,0.0000,0.3709,0.9287,0.0000,0.0000,0.0000,1.0000,0.1100,0.2168,0.3052
53,2,27.4382,-2.1619,0.5173,0.9287,-0.3709,0.0000,0.3709,0.9287,0.0000,0.0000,0.0000,1.0000,0.1101,0.3070,0.2173
53,3,27.3934,-2.3343,0.5889,0.9287,-0.3709,0.0000,0.3709,0.9287,0.0000,0.0000,0.0000,1.0000,0.2836,0.2073,0.2889
53,4,27.4859,-2.4213,0.5062,0.9287,-0.3709,0.0000,0.3709,0.9287,0.0000,0.0000,0.0000,1.0000,0.2820,0.2947,0.2062
53,5,27.6923,-2.3564,0.6614,0.9287,-0.3709,0.0000,0.3709,0.9287,0.0000,0.0000,0.0000,1.0000,0.1112,0.2100,0.3614
53,6,27.7859,-2.3728,0.4265,0.9287,-0.3709,0.0000,0.3709,0.9287,0.0000,0.0000,0.0000,1.0000,0.1972,0.1336,0.1265
53,7,27.8901,-2.4054,0.4491,0.9287,-0.3709,0.0000,0.3709,0.9287,0.0000,0.0000,0.0000,1.0000,0.1624,0.1625,0.0548
53,8,27.9316,-2.3754,0.4472,0.9287,-0.3709,0.0000,0.3709,0.9287,0.0000,0.0000,0.0000,1.0000,0.0831,0.2046,0.1050
53,9,27.9843,-2.3251,0.4544,0.9287,-0.3709,0.0000,0.3709,0.9287,0.0000,0.0000,0.0000,1.0000,0.0210,0.0279,0.0569
53,10,28.0029,-2.3970,0.4546,0.9287,-0.3709,0.0000,0.3709,0.9287,0.0000,0.0000,0.0000,1.0000,0.0210,0.0279,0.0569
54,0,28.2114,-2.4244,0.4400,0.9150,-0.4034,0.0000,0.4034,0.9150,0.0000,0.0000,0.0000,1.0000,0.2577,0.2263,0.1400
54,1,28.2200,-2.4250,0.6052,0.9150,-0.4034,0.0000,0.4034,0.9150,0.0000,0.0000,0.0000,1.0000,0.1100,0.2168,0.3052
54,2,28.2651,-2.5108,0.5173,0.9150,-0.4034,0.0000,0.4034,0.9150,0.0000,0.0000,0.0000,1.0000,0.1101,0.3070,0.2173
54,3,28.2144,-2.6816,0.5889,0.9150,-0.4034,0.0000,0.4034,0.9150,0.0000,0.0000,0.0000,1.0000,0.2836,0.2073,0.2889
54,4,28.3037,-2.7717,0.5062,0.9150,-0.4034,0.0000,0.4034,0.9150,0.0000,0.0000,0.0000,1.0000,0.2820,0.2947,0.2062
54,5,28.5122,-2.7142,0.6614,0.9150,-0.4034,0.0000,0.4034,0.9150,0.0000,0.0000,0.0000,1.0000,0.1112,0.2100,0.3614
54,6,28.6052,-2.7338,0.4265,0.9150,-0.4034,0.0000,0.4034,0.9150,0.0000,0.0000,0.0000,1.0000,0.1972,0.1336,0.1265
54,7,28.7082,-2.7701,0.4491,0.9150,-0.4034,0.0000,0.4034,0.9150,0.0000,0.0000,0.0000,1.0000,0.1624,0.1625,0.0548
54,8,28.7507,-2.7416,0.4472,0.9150,-0.4034,0.0000,0.4034,0.9150,0.0000,0.0000,0.0000,1.0000,0.0831,0.2046,0.1050
54,9,28.8052,-2.6932,0.4544,0.9150,-0.4034,0.0000,0.4034,0.9150,0.0000,0.0000,0.0000,1.0000,0.0210,0.0279,0.0569
54,10,28.8212,-2.7657,0.4546,0.9150,-0.4034,0.0000,0.4034,0.9150,0.0000,0.0000,0.0000,1.0000,0.0210,0.0279,0.0569
55,0,29.0309,-2.8017,0.4400,0.9000,-0.4358,0.0000,0.4358,0.9000,0.0000,0.0000,0.0000,1.0000,0.2577,0.2263,0.1400
55,1,29.0394,-2.8026,0.6052,0.9000,-0.4358,0.0000,0.4358,0.9000,0.0000,0.0000,0.0000,1.0000,0.1100,0.2168,0.3052
55,2,29.0814,-2.8900,0.5173,0.9000,-0.4358,0.0000,0.4358,0.9000,0.0000,0.0000,0.0000,1.0000,0.1101,0.3070,0.2173
55,3,29.0246,-3.0588,0.5889,0.9000,-0.4358,0.0000,0.4358,0.9000,0.0000,0.0000,0.0000,1.0000,0.2836,0.2073,0.2889
55,4,29.1106,-3.1521,0.5062,0.9000,-0.4358,0.0000,0.4358,0.9000,0.0000,0.0000,0.0000,1.0000,0.2820,0.2947,0.2062
55,5,29.3211,-3.1020,0.6614,0.9000,-0.4358,0.0000,0.4358,0.9000,0.0000,0.0000,0.0000,1.0000,0.1112,0.2100,0.3614
55,6,29.4133,-3.1250,0.4265,0.9000,-0.4358,0.0000,0.4358,0.9000,0.0000,0.0000,0.0000,1.0000,0.1972,0.1336,0.1265
55,7,29.5150,-3.1649,0.4491,0.9000,-0.4358,0.0000,0.4358,0.9000,0.0000,0.0000,0.0000,1.0000,0.1624,0.1625,0.0548
55,8,29.5585,-3.1379,0.4472,0.9000,-0.4358,0.0000,0.4358,0.9000,0.0000,0.0000,0.0000,1.0000,0.0831,0.2046,0.1050
55,9,29.6146,-3.0915,0.4544,0.9000,-0.4358,0.0000,0.4358,0.9000,0.0000,0.0000,0.0000,1.0000,0.0210,0.0279,0.0569
55,10,29.6280,-3.1645,0.4546,0.9000,-0.4358,0.0000,0.4358,0.9000,0.0000,0.0000,0.0000,1.0000,0.0210,0.0279,0.0569
56,0,29.8380,-3.2089,0.4400,0.8839,-0.4677,0.0000,0.4677,0.8839,0.0000,0.0000,0.0000,1.0000,0.2577,0.2263,0.1400
56,1,29.8465,-3.2101,0.6052,0.8839,-0.4677,0.0000,0.4677,0.8839,0.0000,0.0000,0.0000,1.0000,0.1100,0.2168,0.3052
56,2,29.8854,-3.2989,0.5173,0.8839,-0.4677,0.0000,0.4677,0.8839,0.0000,0.0000,0.0000,1.0000,0.1101,0.3070,0.2173
56,3,29.8225,-3.4655,0.5889,0.8839,-0.4677,0.0000,0.4677,0.8839,0.0000,0.0000,0.0000,1.0000,0.2836,0.2073,0.2889
56,4,29.9052,-3.5619,0.5062,0.8839,-0.4677,0.0000,0.4677,0.8839,0.0000,0.0000,0.0000,1.0000,0.2820,0.2947,0.2062
56,5,30.1173,-3.5193,0.6614,0.8839,-0.4677,0.0000,0.4677,0.8839,0.0000,0.0000,0.0000,1.0000,0.1112,0.2100,0.3614
56,6,30.2086,-3.5456,0.4265,0.8839,-0.4677,0.0000,0.4677,0.8839,0.0000,0.0000,0.0000,1.0000,0.1972,0.1336,0.1265
56,7,30.3088,-3.5891,0.4491,0.8839,-0.4677,0.0000,0.4677,0.8839,0.0000,0.0000,0.0000,1.0000,0.1624,0.1625,0.0548
56,8,30.3532,-3.5637,0.4472,0.8839,-0.4677,0.0000,0.4677,0.8839,0.0000,0.0000,0.0000,1.0000,0.0831,0.2046,0.1050
56,9,30.4110,-3.5193,0.4544,0.8839,-0.4677,0.0000,0.4677,0.8839,0.0000,0.0000,0.0000,1.0000,0.0210,0.0279,0.0569
56,10,30.4218,-3.5928,0.4546,0.8839,-0.4677,0.0000,0.4677,0.8839,0.0000,0.0000,0.0000,1.0000,0.0210,0.0279,0.0569
57,0,30.6322,-3.6457,0.4400,0.8667,-0.4988,0.0000,0.4988,0.8667,0.0000,0.0000,0.0000,1.0000,0.2577,0.2263,0.1400
57,1,30.6406,-3.6472,0.6052,0.8667,-0.4988,0.0000,0.4988,0.8667,0.0000,0.0000,0.0000,1.0000,0.1100,0.2168,0.3052
57,2,30.6763,-3.7373,0.5173,0.8667,-0.4988,0.0000,0.4988,0.8667,0.0000,0.0000,0.0000,1.0000,0.1101,0.3070,0.2173
57,3,30.6076,-3.9017,0.5889,0.8667,-0.4988,0.0000,0.4988,0.8667,0.0000,0.0000,0.0000,1.0000,0.2836,0.2073,0.2889
57,4,30.6868,-4.0009,0.5062,0.8667,-0.4988,0.0000,0.4988,0.8667,0.0000,0.0000,0.0000,1.0000,0.2820,0.2947,0.2062
57,5,30.9003,-3.9659,0.6614,0.8667,-0.4988,0.0000,0.4988,0.8667,0.0000,0.0000,0.0000,1.0000,0.1112,0.2100,0.3614
57,6,30.9906,-3.9954,0.4265,0.8667,-0.4988,0.0000,0.4988,0.8667,0.0000,0.0000,0.0000,1.0000,0.1972,0.1336,0.1265
57,7,31.0892,-4.0424,0.4491,0.8667,-0.4988,0.0000,0.4988,0.8667,0.0000,0.0000,0.0000,1.0000,0.1624,0.1625,0.0548
57,8,31.1345,-4.0187,0.4472,0.8667,-0.4988,0.0000,0.4988,0.8667,0.0000,0.0000,0.0000,1.0000,0.0831,0.2046,0.1050
57,9,31.1938,-3.9763,0.4544,0.8667,-0.4988,0.0000,0.4988,0.8667,0.0000,0.0000,0.0000,1.0000,0.0210,0.0279,0.0569
57,10,31.2020,-4.0501,0.4546,0.8667,-0.4988,0.0000,0.4988,0.8667,0.0000,0.0000,0.0000,1.0000,0.0210,0.0279,0.0569
58,0,31.4139,-4.1122,0.4400,0.8489,-0.5285,0.0000,0.5285,0.8489,0.0000,0.0000,0.0000,1.0000,0.2577,0.2263,0.1400
58,1,31.4223,-4.1140,0.6052,0.8489,-0.5285,0.0000,0.5285,0.8489,0.0000,0.0000,0.0000,1.0000,0.1100,0.2168,0.3052
58,2,31.4549,-4.2053,0.5173,0.8489,-0.5285,0.0000,0.5285,0.8489,0.0000,0.0000,0.0000,1.0000,0.1101,0.3070,0.2173
58,3,31.3805,-4.3672,0.5889,0.8489,-0.5285,0.0000,0.5285,0.8489,0.0000,0.0000,0.0000,1.0000,0.2836,0.2073,0.2889
58,4,31.4562,-4.4691,0.5062,0.8489,-0.5285,0.0000,0.5285,0.8489,0.0000,0.0000,0.0000,1.0000,0.2820,0.2947,0.2062
58,5,31.6708,-4.4415,0.6614,0.8489,-0.5285,0.0000,0.5285,0.8489,0.0000,0.0000,0.0000,1.0000,0.1112,0.2100,0.3614
58,6,31.7600,-4.4741,0.4265,0.8489,-0.5285,0.0000,0.5285,0.8489,0.0000,0.0000,0.0000,1.0000,0.1972,0.1336,0.1265
58,7,31.8569,-4.5245,0.4491,0.8489,-0.5285,0.0000,0.5285,0.8489,0.0000,0.0000,0.0000,1.0000,0.1624,0.1625,0.0548
58,8,31.9030,-4.5023,0.4472,0.8489,-0.5285,0.0000,0.5285,0.8489,0.0000,0.0000,0.0000,1.0000,0.0831,0.2046,0.1050
58,9,31.9638,-4.4621,0.4544,0.8489,-0.5285,0.0000,0.5285,0.8489,0.0000,0.0000,0.0000,1.0000,0.0210,0.0279,0.0569
58,10,31.9694,-4.5361,0.4546,0.8489,-0.5285,0.0000,0.5285,0.8489,0.0000,0.0000,0.0000,1.0000,0.0210,0.0279,0.0569
59,0,32.1839,-4.6080,0.4400,0.8309,-0.5564,0.0000,0.5564,0.8309,0.0000,0.0000,0.0000,1.0000,0.2577,0.2263,0.1400
59,1,32.1923,-4.6101,0.6052,0.8309,-0.5564,0.0000,0.5564,0.8309,0.0000,0.0000,0.0000,1.0000,0.1100,0.2168,0.3052
59,2,32.2218,-4.7024,0.5173,0.8309,-0.5564,0.0000,0.5564,0.8309,0.0000,0.0000,0.0000,1.0000,0.1101,0.3070,0.2173
59,3,32.1421,-4.8617,0.5889,0.8309,-0.5564,0.0000,0.5564,0.8309,0.0000,0.0000,0.0000,1.0000,0.2836,0.2073,0.2889
59,4,32.2143,-4.9660,0.5062,0.8309,-0.5564,0.0000,0.5564,0.8309,0.0000,0.0000,0.0000,1.0000,0.2820,0.2947,0.2062
59,5,32.4297,-4.9456,0.6614,0.8309,-0.5564,0.0000,0.5564,0.8309,0.0000,0.0000,0.0000,1.0000,0.1112,0.2100,0.3614
59,6,32.5178,-4.9812,0.4265,0.8309,-0.5564,0.0000,0.5564,0.8309,0.0000,0.0000,0.0000,1.0000,0.1972,0.1336,0.1265
59,7,32.6130,-5.0348,0.4491,0.8309,-0.5564,0.0000,0.5564,0.8309,0.0000,0.0000,0.0000,1.0000,0.1624,0.1625,0.0548
59,8,32.6598,-5.0141,0.4472,0.8309,-0.5564,0.0000,0.5564,0.8309,0.0000,0.0000,0.0000,1.0000,0.0831,0.2046,0.1050
59,9,32.7219,-4.9759,0.4544,0.8309,-0.5564,0.0000,0.5564,0.8309,0.0000,0.0000,0.0000,1.0000,0.0210,0.0279,0.0569
59,10,32.7250,-5.0501,0.4546,0.8309,-0.5564,0.0000,0.5564,0.8309,0.0000,0.0000,0.0000,1.0000,0.0210,0.0279,0.0569
60,0,32.9420,-5.1322,0.4400,0.8123,-0.5833,0.0000,0.5833,0.8123,0.0000,0.0000,0.0000,1.0000,0.2577,0.2263,0.1400
60,1,32.9503,-5.1346,0.6052,0.8123,-0.5833,0.0000,0.5833,0.8123,0.0000,0.0000,0.0000,1.0000,0.1100,0.2168,0.3052
60,2,32.9768,-5.2278,0.5173,0.8123,-0.5833,0.0000,0.5833,0.8123,0.0000,0.0000,0.0000,1.0000,0.1101,0.3070,0.2173
60,3,32.8919,-5.3844,0.5889,0.8123,-0.5833,0.0000,0.5833,0.8123,0.0000,0.0000,0.0000,1.0000,0.2836,0.2073,0.2889
60,4,32.9607,-5.4911,0.5062,0.8123,-0.5833,0.0000,0.5833,0.8123,0.0000,0.0000,0.0000,1.0000,0.2820,0.2947,0.2062
60,5,33.1767,-5.4777,0.6614,0.8123,-0.5833,0.0000,0.5833,0.8123,0.0000,0.0000,0.0000,1.0000,0.1112,0.2100,0.3614
60,6,33.2636,-5.5161,0.4265,0.8123,-0.5833,0.0000,0.5833,0.8123,0.0000,0.0000,0.0000,1.0000,0.1972,0.1336,0.1265
60,7,33.3569,-5.5728,0.4491,0.8123,-0.5833,0.0000,0.5833,0.8123,0.0000,0.0000,0.0000,1.0000,0.1624,0.1625,0.0548
60,8,33.4044,-5.5537,0.4472,0.8123,-0.5833,0.0000,0.5833,0.8123,0.0000,0.0000,0.0000,1.0000,0.0831,0.2046,0.1050
60,9,33.4677,-5.5175,0.4544,0.8123,-0.5833,0.0000,0.5833,0.8123,0.0000,0.0000,0.0000,1.0000,0.0210,0.0279,0.0569
60,10,33.4684,-5.5918,0.4546,0.8123,-0.5833,0.0000,0.5833,0.8123,0.0000,0.0000,0.0000,1.0000,0.0210,0.0279,0.0569
61,0,33.6874,-5.6832,0.4400,0.7943,-0.6075,0.0000,0.6075,0.7943,0.0000,0.0000,0.0000,1.0000,0.2577,0.2263,0.1400
61,1,33.6956,-5.6858,0.6052,0.7943,-0.6075,0.0000,0.6075,0.7943,0.0000,0.0000,0.0000,1.0000,0.1100,0.2168,0.3052
61,2,33.7192,-5.7798,0.5173,0.7943,-0.6075,0.0000,0.6075,0.7943,0.0000,0.0000,0.0000,1.0000,0.1101,0.3070,0.2173
61,3,33.6297,-5.9338,0.5889,0.7943,-0.6075,0.0000,0.6075,0.7943,0.0000,0.0000,0.0000,1.0000,0.2836,0.2073,0.2889
61,4,33.6952,-6.0425,0.5062,0.7943,-0.6075,0.0000,0.6075,0.7943,0.0000,0.0000,0.0000,1.0000,0.2820,0.2947,0.2062
61,5,33.9115,-6.0356,0.6614,0.7943,-0.6075,0.0000,0.6075,0.7943,0.0000,0.0000,0.0000,1.0000,0.1112,0.2100,0.3614
61,6,33.9972,-6.0767,0.4265,0.7943,-0.6075,0.0000,0.6075,0.7943,0.0000,0.0000,0.0000,1.0000,0.1972,0.1336,0.1265
61,7,34.0888,-6.1361,0.4491,0.7943,-0.6075,0.0000,0.6075,0.7943,0.0000,0.0000,0.0000,1.0000,0.1624,0.1625,0.0548
61,8,34.1368,-6.1185,0.4472,0.7943,-0.6075,0.0000,0.6075,0.7943,0.0000,0.0000,0.0000,1.0000,0.0831,0.2046,0.1050
61,9,34.2012,-6.0842,0.4544,0.7943,-0.6075,0.0000,0.6075,0.7943,0.0000,0.0000,0.0000,1.0000,0.0210,0.0279,0.0569
61,10,34.1996,-6.1585,0.4546,0.7943,-0.6075,0.0000,0.6075,0.7943,0.0000,0.0000,0.0000,1.0000,0.0210,0.0279,0.0569
62,0,34.4191,-6.2582,0.4400,0.7766,-0.6300,0.0000,0.6300,0.7766,0.0000,0.0000,0.0000,1.0000,0.2577,0.2263,0.1400
62,1,34.4272,-6.2610,0.6052,0.7766,-0.6300,0.0000,0.6300,0.7766,0.0000,0.0000,0.0000,1.0000,0.1100,0.2168,0.3052
62,2,34.4481,-6.3557,0.5173,0.7766,-0.6300,0.0000,0.6300,0.7766,0.0000,0.0000,0.0000,1.0000,0.1101,0.3070,0.2173
62,3,34.3542,-6.5070,0.5889,0.7766,-0.6300,0.0000,0.6300,0.7766,0.0000,0.0000,0.0000,1.0000,0.2836,0.2073,0.2889
62,4,34.4166,-6.6175,0.5062,0.7766,-0.6300,0.0000,0.6300,0.7766,0.0000,0.0000,0.0000,1.0000,0.2820,0.2947,0.2062
62,5,34.6330,-6.6169,0.6614,0.7766,-0.6300,0.0000,0.6300,0.7766,0.0000,0.0000,0.0000,1.0000,0.1112,0.2100,0.3614
62,6,34.7175,-6.6603,0.4265,0.7766,-0.6300,0.0000,0.6300,0.7766,0.0000,0.0000,0.0000,1.0000,0.1972,0.1336,0.1265
62,7,34.8073,-6.7224,0.4491,0.7766,-0.6300,0.0000,0.6300,0.7766,0.0000,0.0000,0.0000,1.0000,0.1624,0.1625,0.0548
62,8,34.8558,-6.7062,0.4472,0.7766,-0.6300,0.0000,0.6300,0.7766,0.0000,0.0000,0.0000,1.0000,0.0831,0.2046,0.1050
62,9,34.9211,-6.6738,0.4544,0.7766,-0.6300,0.0000,0.6300,0.7766,0.0000,0.0000,0.0000,1.0000,0.0210,0.0279,0.0569
62,10,34.9175,-6.7479,0.4546,0.7766,-0.6300,0.0000,0.6300,0.7766,0.0000,0.0000,0.0000,1.0000,0.0210,0.0279,0.0569
63,0,35.1359,-6.8540,0.4400,0.7599,-0.6501,0.0000,0.6501,0.7599,0.0000,0.0000,0.0000,1.0000,0.2577,0.2263,0.1400
63,1,35.1440,-6.8571,0.6052,0.7599,-0.6501,0.0000,0.6501,0.7599,0.0000,0.0000,0.0000,1.0000,0.1100,0.2168,0.3052
63,2,35.1624,-6.9523,0.5173,0.7599,-0.6501,0.0000,0.6501,0.7599,0.0000,0.0000,0.0000,1.0000,0.1101,0.3070,0.2173
63,3,35.0646,-7.1011,0.5889,0.7599,-0.6501,0.0000,0.6501,0.7599,0.0000,0.0000,0.0000,1.0000,0.2836,0.2073,0.2889
63,4,35.1241,-7.2132,0.5062,0.7599,-0.6501,0.0000,0.6501,0.7599,0.0000,0.0000,0.0000,1.0000,0.2820,0.2947,0.2062
63,5,35.3404,-7.2182,0.6614,0.7599,-0.6501,0.0000,0.6501,0.7599,0.0000,0.0000,0.0000,1.0000,0.1112,0.2100,0.3614
63,6,35.4237,-7.2638,0.4265,0.7599,-0.6501,0.0000,0.6501,0.7599,0.0000,0.0000,0.0000,1.0000,0.1972,0.1336,0.1265
63,7,35.5119,-7.3283,0.4491,0.7599,-0.6501,0.0000,0.6501,0.7599,0.0000,0.0000,0.0000,1.0000,0.1624,0.1625,0.0548
63,8,35.5608,-7.3132,0.4472,0.7599,-0.6501,0.0000,0.6501,0.7599,0.0000,0.0000,0.0000,1.0000,0.0831,0.2046,0.1050
63,9,35.6270,-7.2826,0.4544,0.7599,-0.6501,0.0000,0.6501,0.7599,0.0000,0.0000,0.0000,1.0000,0.0210,0.0279,0.0569
63,10,35.6214,-7.3566,0.4546,0.7599,-0.6501,0.0000,0.6501,0.7599,0.0000,0.0000,0.0000,1.0000,0.0210,0.0279,0.0569
64,0,-0.0444,-0.0079,0.4400,1.0000,-0.0000,0.0000,0.0000,1.0000,0.0000,0.0000,0.0000,1.0000,0.2577,0.2263,0.1400
64,1,-0.0363,-0.0050,0.6052,1.0000,-0.0000,0.0000,0.0000,1.0000,0.0000,0.0000,0.0000,1.0000,0.1100,0.2168,0.3052
64,2,0.0396,-0.0653,0.5173,1.0000,-0.0000,0.0000,0.0000,1.0000,0.0000,0.0000,0.0000,1.0000,0.1101,0.3070,0.2173
64,3,0.0620,-0.2420,0.5889,1.0000,-0.0000,0.0000,0.0000,1.0000,0.0000,0.0000,0.0000,1.0000,0.2836,0.2073,0.2889
64,4,0.1801,-0.2885,0.5062,1.0000,-0.0000,0.0000,0.0000,1.0000,0.0000,0.0000,0.0000,1.0000,0.2820,0.2947,0.2062
64,5,0.3477,-0.1517,0.6614,1.0000,-0.0000,0.0000,0.0000,1.0000,0.0000,0.0000,0.0000,1.0000,0.1112,0.2100,0.3614
64,6,0.4407,-0.1322,0.4265,1.0000,-0.0000,0.0000,0.0000,1.0000,0.0000,0.0000,0.0000,1.0000,0.1972,0.1336,0.1265
64,7,0.5496,-0.1238,0.4491,1.0000,-0.0000,0.0000,0.0000,1.0000,0.0000,0.0000,0.0000,1.0000,0.1624,0.1625,0.0548
64,8,0.5770,-0.0806,0.4472,1.0000,-0.0000,0.0000,0.0000,1.0000,0.0000,0.0000,0.0000,1.0000,0.0831,0.2046,0.1050
64,9,0.6073,-0.0143,0.4544,1.0000,-0.0000,0.0000,0.0000,1.0000,0.0000,0.0000,0.0000,1.0000,0.0210,0.0279,0.0569
64,10,0.6512,-0.0742,0.4546,1.0000,-0.0000,0.0000,0.0000,1.0000,0.0000,0.0000,0.0000,1.0000,0.0210,0.0279,0.0569
65,0,-0.0434,-0.0079,0.4400,1.0000,-0.0000,0.0000,0.0000,1.0000,0.0000,0.0000,0.0000,1.0000,0.2577,0.2263,0.1400
65,1,-0.0353,-0.0050,0.6052,1.0000,-0.0000,0.0000,0.0000,1.0000,0.0000,0.0000,0.0000,1.0000,0.1100,0.2168,0.3052
65,2,0.0406,-0.0653,0.5173,1.0000,-0.0000,0.0000,0.0000,1.0000,0.0000,0.0000,0.0000,1.0000,0.1101,0.3070,0.2173
65,3,0.0630,-0.2420,0.5889,1.0000,-0.0000,0.0000,0.0000,1.0000,0.0000,0.0000,0.0000,1.0000,0.2836,0.2073,0.2889
65,4,0.1811,-0.2885,0.5062,1.0000,-0.0000,0.0000,0.0000,1.0000,0.0000,0.0000,0.0000,1.0000,0.2820,0.2947,0.2062
65,5,0.3487,-0.1517,0.6614,1.0000,-0.0000,0.0000,0.0000,1.0000,0.0000,0.0000,0.0000,1.0000,0.1112,0.2100,0.3614
65,6,0.4417,-0.1322,0.4265,1.0000,-0.0000,0.0000,0.0000,1.0000,0.0000,0.0000,0.0000,1.0000,0.1972,0.1336,0.1265
65,7,0.5506,-0.1238,0.4491,1.0000,-0.0000,0.0000,0.0000,1.0000,0.0000,0.0000,0.0000,1.0000,0.1624,0.1625,0.0548
65,8,0.5780,-0.0806,0.4472,1.0000,-0.0000,0.0000,0.0000,1.0000,0.0000,0.0000,0.0000,1.0000,0.0831,0.2046,0.1050
65,9,0.6083,-0.0143,0.4544,1.0000,-0.0000,0.0000,0.0000,1.0000,0.0000,0.0000,0.0000,1.0000,0.0210,0.0279,0.0569
65,10,0.6522,-0.0742,0.4546,1.0000,-0.0000,0.0000,0.0000,1.0000,0.0000,0.0000,0.0000,1.0000,0.0210,0.0279,0.0569
66,0,-0.0393,-0.0079,0.4400,1.0000,-0.0000,0.0000,0.0000,1.0000,0.0000,0.0000,0.0000,1.0000,0.2577,0.2263,0.1400
66,1,-0.0312,-0.0050,0.6052,1.0000,-0.0000,0.0000,0.0000,1.0000,0.0000,0.0000,0.0000,1.0000,0.1100,0.2168,0.3052
66,2,0.0447,-0.0653,0.5173,1.0000,-0.0000,0.0000,0.0000,1.0000,0.0000,0.0000,0.0000,1.0000,0.1101,0.3070,0.2173
66,3,0.0671,-0.2420,0.5889,1.0000,-0.0000,0.0000,0.0000,1.0000,0.0000,0.0000,0.0000,1.0000,0.2836,0.2073,0.2889
66,4,0.1852,-0.2885,0.5062,1.0000,-0.0000,0.0000,0.0000,1.0000,0.0000,0.0000,0.0000,1.0000,0.2820,0.2947,0.2062
66,5,0.3528,-0.1517,0.6614,1.0000,-0.0000,0.0000,0.0000,1.0000,0.0000,0.0000,0.0000,1.0000,0.1112,0.2100,0.3614
66,6,0.4458,-0.1322,0.4265,1.0000,-0.0000,0.0000,0.0000,1.0000,0.0000,0.0000,0.0000,1.0000,0.1972,0.1336,0.1265
66,7,0.5547,-0.1238,0.4491,1.0000,-0.0000,0.0000,0.0000,1.0000,0.0000,0.0000,0.0000,1.0000,0.1624,0.1625,0.0548
66,8,0.5821,-0.0806,0.4472,1.0000,-0.0000,0.0000,0.0000,1.0000,0.0000,0.0000,0.0000,1.0000,0.0831,0.2046,0.1050
66,9,0.6124,-0.0143,0.4544,1.0000,-0.0000,0.0000,0.0000,1.0000,0.0000,0.0000,0.0000,1.0000,0.0210,0.0279,0.0569
66,10,0.6563,-0.0742,0.4546,1.0000,-0.0000,0.0000,0.0000,1.0000,0.0000,0.0000,0.0000,1.0000,0.0210,0.0279,0.0569
67,0,-0.0330,-0.0079,0.4400,1.0000,0.0000,0.0000,-0.0000,1.0000,0.0000,0.0000,0.0000,1.0000,0.2577,0.2263,0.1400
67,1,-0.0249,-0.0050,0.6052,1.0000,0.0000,0.0000,-0.0000,1.0000,0.0000,0.0000,0.0000,1.0000,0.1100,0.2168,0.3052
67,2,0.0510,-0.0653,0.5173,1.0000,0.0000,0.0000,-0.0000,1.0000,0.0000,0.0000,0.0000,1.0000,0.1101,0.3070,0.2173
67,3,0.0734,-0.2420,0.5889,1.0000,0.0000,0.0000,-0.0000,1.0000,0.0000,0.0000,0.0000,1.0000,0.2836,0.2073,0.2889
67,4,0.1915,-0.2885,0.5062,1.0000,0.0000,0.0000,-0.0000,1.0000,0.0000,0.0000,0.0000,1.0000,0.2820,0.2947,0.2062
67,5,0.3591,-0.1517,0.6614,1.0000,0.0000,0.0000,-0.0000,1.0000,0.0000,0.0000,0.0000,1.0000,0.1112,0.2100,0.3614
67,6,0.4521,-0.1322,0.4265,1.0000,0.0000,0.0000,-0.0000,1.0000,0.0000,0.0000,0.0000,1.0000,0.1972,0.1336,0.1265
67,7,0.5610,-0.1238,0.4491,1.0000,0.0000,0.0000,-0.0000,1.0000,0.0000,0.0000,0.0000,1.0000,0.1624,0.1625,0.0548
67,8,0.5884,-0.0806,0.4472,1.0000,0.0000,0.0000,-0.0000,1.0000,0.0000,0.0000,0.0000,1.0000,0.0831,0.2046,0.1050
67,9,0.6187,-0.0143,0.4544,1.0000,0.0000,0.0000,-0.0000,1.0000,0.0000,0.0000,0.0000,1.0000,0.0210,0.0279,0.0569
67,10,0.6626,-0.0742,0.4546,1.0000,0.0000,0.0000,-0.0000,1.0000,0.0000,0.0000,0.0000,1.0000,0.0210,0.0279,0.0569
68,0,-0.0241,-0.0079,0.4400,1.0000,0.0000,0.0000,-0.0000,1.0000,0.0000,0.0000,0.0000,1.0000,0.2577,0.2263,0.1400
68,1,-0.0160,-0.0050,0.6052,1.0000,0.0000,0.0000,-0.0000,1.0000,0.0000,0.0000,0.0000,1.0000,0.1100,0.2168,0.3052
68,2,0.0599,-0.0653,0.5173,1.0000,0.0000,0.0000,-0.0000,1.0000,0.0000,0.0000,0.0000,1.0000,0.1101,0.3070,0.2173
68,3,0.0823,-0.2420,0.5889,1.0000,0.0000,0.0000,-0.0000,1.0000,0.0000,0.0000,0.0000,1.0000,0.2836,0.2073,0.2889
68,4,0.2004,-0.2885,0.5062,1.0000,0.0000,0.0000,-0.0000,1.0000,0.0000,0.0000,0.0000,1.0000,0.2820,0.2947,0.2062
68,5,0.3680,-0.1517,0.6614,1.0000,0.0000,0.0000,-0.0000,1.0000,0.0000,0.0000,0.0000,1.0000,0.1112,0.2100,0.3614
68,6,0.4610,-0.1322,0.4265,1.0000,0.0000,0.0000,-0.0000,1.0000,0.0000,0.0000,0.0000,1.0000,0.1972,0.1336,0.1265
68,7,0.5699,-0.1238,0.4491,1.0000,0.0000,0.0000,-0.0000,1.0000,0.0000,0.0000,0.0000,1.0000,0.1624,0.1625,0.0548
68,8,0.5973,-0.0806,0.4472,1.0000,0.0000,0.0000,-0.0000,1.0000,0.0000,0.0000,0.0000,1.0000,0.0831,0.2046,0.1050
68,9,0.6276,-0.0143,0.4544,1.0000,0.0000,0.0000,-0.0000,1.0000,0.0000,0.0000,0.0000,1.0000,0.0210,0.0279,0.0569
68,10,0.6715,-0.0742,0.4546,1.0000,0.0000,0.0000,-0.0000,1.0000,0.0000,0.0000,0.0000,1.0000,0.0210,0.0279,0.0569
69,0,-0.0118,-0.0079,0.4400,1.0000,0.0000,0.0000,-0.0000,1.0000,0.0000,0.0000,0.0000,1.0000,0.2577,0.2263,0.1400
69,1,-0.0037,-0.0050,0.6052,1.0000,0.0000,0.0000,-0.0000,1.0000,0.0000,0.0000,0.0000,1.0000,0.1100,0.2168,0.3052
69,2,0.0722,-0.0653,0.5173,1.0000,0.0000,0.0000,-0.0000,1.0000,0.0000,0.0000,0.0000,1.0000,0.1101,0.3070,0.2173
69,3,0.0946,-0.2420,0.5889,1.0000,0.0000,0.0000,-0.0000,1.0000,0.0000,0.0000,0.0000,1.0000,0.2836,0.2073,0.2889
69,4,0.2127,-0.2885,0.5062,1.0000,0.0000,0.0000,-0.0000,1.0000,0.0000,0.0000,0.0000,1.0000,0.2820,0.2947,0.2062
69,5,0.3803,-0.1517,0.6614,1.0000,0.0000,0.0000,-0.0000,1.0000,0.0000,0.0000,0.0000,1.0000,0.1112,0.2100,0.3614
69,6,0.4733,-0.1322,0.4265,1.0000,0.0000,0.0000,-0.0000,1.0000,0.0000,0.0000,0.0000,1.0000,0.1972,0.1336,0.1265
69,7,0.5822,-0.1238,0.4491,1.0000,0.0000,0.0000,-0.0000,1.0000,0.0000,0.0000,0.0000,1.0000,0.1624,0.1625,0.0548
69,8,0.6096,-0.0806,0.4472,1.0000,0.0000,0.0000,-0.0000,1.0000,0.0000,0.0000,0.0000,1.0000,0.0831,0.2046,0.1050
69,9,0.6399,-0.0143,0.4544,1.0000,0.0000,0.0000,-0.0000,1.0000,0.0000,0.0000,0.0000,1.0000,0.0210,0.0279,0.0569
69,10,0.6838,-0.0742,0.4546,1.0000,0.0000,0.0000,-0.0000,1.0000,0.0000,0.0000,0.0000,1.0000,0.0210,0.0279,0.0569
70,0,0.0043,-0.0079,0.4400,1.0000,0.0000,0.0000,-0.0000,1.0000,0.0000,0.0000,0.0000,1.0000,0.2577,0.2263,0.1400
70,1,0.0124,-0.0050,0.6052,1.0000,0.0000,0.0000,-0.0000,1.0000,0.0000,0.0000,0.0000,1.0000,0.1100,0.2168,0.3052
70,2,0.0883,-0.0653,0.5173,1.0000,0.0000,0.0000,-0.0000,1.0000,0.0000,0.0000,0.0000,1.0000,0.1101,0.3070,0.2173
70,3,0.1107,-0.2420,0.5889,1.0000,0.0000,0.0000,-0.0000,1.0000,0.0000,0.0000,0.0000,1.0000,0.2836,0.2073,0.2889
70,4,0.2288,-0.2885,0.5062,1.0000,0.0000,0.0000,-0.0000,1.0000,0.0000,0.0000,0.0000,1.0000,0.2820,0.2947,0.2062
70,5,0.3964,-0.1517,0.6614,1.0000,0.0000,0.0000,-0.0000,1.0000,0.0000,0.0000,0.0000,1.0000,0.1112,0.2100,0.3614
70,6,0.4894,-0.1322,0.4265,1.0000,0.0000,0.0000,-0.0000,1.0000,0.0000,0.0000,0.0000,1.0000,0.1972,0.1336,0.1265
70,7,0.5983,-0.1238,0.4491,1.0000,0.0000,0.0000,-0.0000,1.0000,0.0000,0.0000,0.0000,1.0000,0.1624,0.1625,0.0548
70,8,0.6257,-0.0806,0.4472,1.0000,0.0000,0.0000,-0.0000,1.0000,0.0000,0.0000,0.0000,1.0000,0.0831,0.2046,0.1050
70,9,0.6560,-0.0143,0.4544,1.0000,0.0000,0.0000,-0.0000,1.0000,0.0000,0.0000,0.0000,1.0000,0.0210,0.0279,0.0569
70,10,0.6999,-0.0742,0.4546,1.0000,0.0000,0.0000,-0.0000,1.0000,0.0000,0.0000,0.0000,1.0000,0.0210,0.0279,0.0569
71,0,0.0245,-0.0079,0.4400,1.0000,0.0000,0.0000,-0.0000,1.0000,0.0000,0.0000,0.0000,1.0000,0.2577,0.2263,0.1400
71,1,0.0326,-0.0050,0.6052,1.0000,0.0000,0.0000,-0.0000,1.0000,0.0000,0.0000,0.0000,1.0000,0.1100,0.2168,0.3052
71,2,0.1085,-0.0653,0.5173,1.0000,0.0000,0.0000,-0.0000,1.0000,0.0000,0.0000,0.0000,1.0000,0.1101,0.3070,0.2173
71,3,0.1310,-0.2420,0.5889,1.0000,0.0000,0.0000,-0.0000,1.0000,0.0000,0.0000,0.0000,1.0000,0.2836,0.2073,0.2889
71,4,0.2491,-0.2885,0.5062,1.0000,0.0000,0.0000,-0.0000,1.0000,0.0000,0.0000,0.0000,1.0000,0.2820,0.2947,0.2062
71,5,0.4167,-0.1517,0.6614,1.0000,0.0000,0.0000,-0.0000,1.0000,0.0000,0.0000,0.0000,1.0000,0.1112,0.2100,0.3614
71,6,0.5097,-0.1322,0.4265,1.0000,0.0000,0.0000,-0.0000,1.0000,0.0000,0.0000,0.0000,1.0000,0.1972,0.1336,0.1265
71,7,0.6186,-0.1238,0.4491,1.0000,0.0000,0.0000,-0.0000,1.0000,0.0000,0.0000,0.0000,1.0000,0.1624,0.1625,0.0548
71,8,0.6459,-0.0806,0.4472,1.0000,0.0000,0.0000,-0.0000,1.0000,0.0000,0.0000,0.0000,1.0000,0.0831,0.2046,0.1050
71,9,0.6762,-0.0143,0.4544,1.0000,0.0000,0.0000,-0.0000,1.0000,0.0000,0.0000,0.0000,1.0000,0.0210,0.0279,0.0569
71,10,0.7201,-0.0742,0.4546,1.0000,0.0000,0.0000,-0.0000,1.0000,0.0000,0.0000,0.0000,1.0000,0.0210,0.0279,0.0569
72,0,0.0492,-0.0079,0.4400,1.0000,0.0001,0.0000,-0.0001,1.0000,0.0000,0.0000,0.0000,1.0000,0.2577,0.2263,0.1400
72,1,0.0573,-0.0050,0.6052,1.0000,0.0001,0.0000,-0.0001,1.0000,0.0000,0.0000,0.0000,1.0000,0.1100,0.2168,0.3052
72,2,0.1332,-0.0653,0.5173,1.0000,0.0001,0.0000,-0.0001,1.0000,0.0000,0.0000,0.0000,1.0000,0.1101,0.3070,0.2173
72,3,0.1557,-0.2420,0.5889,1.0000,0.0001,0.0000,-0.0001,1.0000,0.0000,0.0000,0.0000,1.0000,0.2836,0.2073,0.2889
72,4,0.2738,-0.2885,0.5062,1.0000,0.0001,0.0000,-0.0001,1.0000,0.0000,0.0000,0.0000,1.0000,0.2820,0.2947,0.2062
72,5,0.4413,-0.1517,0.6614,1.0000,0.0001,0.0000,-0.0001,1.0000,0.0000,0.0000,0.0000,1.0000,0.1112,0.2100,0.3614
72,6,0.5343,-0.1322,0.4265,1.0000,0.0001,0.0000,-0.0001,1.0000,0.0000,0.0000,0.0000,1.0000,0.1972,0.1336,0.1265
72,7,0.6432,-0.1238,0.4491,1.0000,0.0001,0.0000,-0.0001,1.0000,0.0000,0.0000,0.0000,1.0000,0.1624,0.1625,0.0548
72,8,0.6706,-0.0806,0.4472,1.0000,0.0001,0.0000,-0.0001,1.0000,0.0000,0.0000,0.0000,1.0000,0.0831,0.2046,0.1050
72,9,0.7009,-0.0143,0.4544,1.0000,0.0001,0.0000,-0.0001,1.0000,0.0000,0.0000,0.0000,1.0000,0.0210,0.0279,0.0569
72,10,0.7448,-0.0742,0.4546,1.0000,0.0001,0.0000,-0.0001,1.0000,0.0000,0.0000,0.0000,1.0000,0.0210,0.0279,0.0569
73,0,0.0785,-0.0079,0.4400,1.0000,0.0001,0.0000,-0.0001,1.0000,0.0000,0.0000,0.0000,1.0000,0.2577,0.2263,0.1400
73,1,0.0866,-0.0050,0.6052,1.0000,0.0001,0.0000,-0.0001,1.0000,0.0000,0.0000,0.0000,1.0000,0.1100,0.2168,0.3052
73,2,0.1625,-0.0653,0.5173,1.0000,0.0001,0.0000,-0.0001,1.0000,0.0000,0.0000,0.0000,1.0000,0.1101,0.3070,0.2173
73,3,0.1850,-0.2420,0.5889,1.0000,0.0001,0.0000,-0.0001,1.0000,0.0000,0.0000,0.0000,1.0000,0.2836,0.2073,0.2889
73,4,0.3031,-0.2885,0.5062,1.0000,0.0001,0.0000,-0.0001,1.0000,0.0000,0.0000,0.0000,1.0000,0.2820,0.2947,0.2062
73,5,0.4707,-0.1517,0.6614,1.0000,0.0001,0.0000,-0.0001,1.0000,0.0000,0.0000,0.0000,1.0000,0.1112,0.2100,0.3614
73,6,0.5637,-0.1322,0.4265,1.0000,0.0001,0.0000,-0.0001,1.0000,0.0000,0.0000,0.0000,1.0000,0.1972,0.1336,0.1265
73,7,0.6726,-0.1238,0.4491,1.0000,0.0001,0.0000,-0.0001,1.0000,0.0000,0.0000,0.0000,1.0000,0.1624,0.1625,0.0548
73,8,0.7000,-0.0806,0.4472,1.0000,0.0001,0.0000,-0.0001,1.0000,0.0000,0.0000,0.0000,1.0000,0.0831,0.2046,0.1050
73,9,0.7302,-0.0143,0.4544,1.0000,0.0001,0.0000,-0.0001,1.0000,0.0000,0.0000,0.0000,1.0000,0.0210,0.0279,0.0569
73,10,0.7742,-0.0742,0.4546,1.0000,0.0001,0.0000,-0.0001,1.0000,0.0000,0.0000,0.0000,1.0000,0.0210,0.0279,0.0569
74,0,0.1128,-0.0079,0.4400,1.0000,0.0001,0.0000,-0.0001,1.0000,0.0000,0.0000,0.0000,1.0000,0.2577,0.2263,0.1400
74,1,0.1209,-0.0050,0.6052,1.0000,0.0001,0.0000,-0.0001,1.0000,0.0000,0.0000,0.0000,1.0000,0.1100,0.2168,0.3052
74,2,0.1968,-0.0653,0.5173,1.0000,0.0001,0.0000,-0.0001,1.0000,0.0000,0.0000,0.0000,1.0000,0.1101,0.3070,0.2173
74,3,0.2192,-0.2420,0.5889,1.0000,0.0001,0.0000,-0.0001,1.0000,0.0000,0.0000,0.0000,1.0000,0.2836,0.2073,0.2889
74,4,0.3373,-0.2885,0.5062,1.0000,0.0001,0.0000,-0.0001,1.0000,0.0000,0.0000,0.0000,1.0000,0.2820,0.2947,0.2062
74,5,0.5049,-0.1517,0.6614,1.0000,0.0001,0.0000,-0.0001,1.0000,0.0000,0.0000,0.0000,1.0000,0.1112,0.2100,0.3614
74,6,0.5979,-0.1322,0.4265,1.0000,0.0001,0.0000,-0.0001,1.0000,0.0000,0.0000,0.0000,1.0000,0.1972,0.1336,0.1265
74,7,0.7068,-0.1238,0.4491,1.0000,0.0001,0.0000,-0.0001,1.0000,0.0000,0.0000,0.0000,1.0000,0.1624,0.1625,0.0548
74,8,0.7342,-0.0806,0.4472,1.0000,0.0001,0.0000,-0.0001,1.0000,0.0000,0.0000,0.0000,1.0000,0.0831,0.2046,0.1050
74,9,0.7645,-0.0142,0.4544,1.0000,0.0001,0.0000,-0.0001,1.0000,0.0000,0.0000,0.0000,1.0000,0.0210,0.0279,0.0569
74,10,0.8084,-0.0741,0.4546,1.0000,0.0001,0.0000,-0.0001,1.0000,0.0000,0.0000,0.0000,1.0000,0.0210,0.0279,0.0569
75,0,0.1524,-0.0079,0.4400,1.0000,0.0001,0.0000,-0.0001,1.0000,0.0000,0.0000,0.0000,1.0000,0.2577,0.2263,0.1400
75,1,0.1605,-0.0050,0.6052,1.0000,0.0001,0.0000,-0.0001,1.0000,0.0000,0.0000,0.0000,1.0000,0.1100,0.2168,0.3052
75,2,0.2365,-0.0653,0.5173,1.0000,0.0001,0.0000,-0.0001,1.0000,0.0000,0.0000,0.0000,1.0000,0.1101,0.3070,0.2173
75,3,0.2589,-0.2420,0.5889,1.0000,0.0001,0.0000,-0.0001,1.0000,0.0000,0.0000,0.0000,1.0000,0.2836,0.2073,0.2889
75,4,0.3770,-0.2885,0.5062,1.0000,0.0001,0.0000,-0.0001,1.0000,0.0000,0.0000,0.0000,1.0000,0.2820,0.2947,0.2062
75,5,0.5446,-0.1517,0.6614,1.0000,0.0001,0.0000,-0.0001,1.0000,0.0000,0.0000,0.0000,1.0000,0.1112,0.2100,0.3614
75,6,0.6376,-0.1322,0.4265,1.0000,0.0001,0.0000,-0.0001,1.0000,0.0000,0.0000,0.0000,1.0000,0.1972,0.1336,0.1265
75,7,0.7465,-0.1237,0.4491,1.0000,0.0001,0.0000,-0.0001,1.0000,0.0000,0.0000,0.0000,1.0000,0.1624,0.1625,0.0548
75,8,0.7739,-0.0805,0.4472,1.0000,0.0001,0.0000,-0.0001,1.0000,0.0000,0.0000,0.0000,1.0000,0.0831,0.2046,0.1050
75,9,0.8041,-0.0142,0.4544,1.0000,0.0001,0.0000,-0.0001,1.0000,0.0000,0.0000,0.0000,1.0000,0.0210,0.0279,0.0569
75,10,0.8481,-0.0741,0.4546,1.0000,0.0001,0.0000,-0.0001,1.0000,0.0000,0.0000,0.0000,1.0000,0.0210,0.0279,0.0569
76,0,0.1980,-0.0079,0.4400,1.0000,0.0001,0.0000,-0.0001,1.0000,0.0000,0.0000,0.0000,1.0000,0.2577,0.2263,0.1400
76,1,0.2061,-0.0050,0.6052,1.0000,0.0001,0.0000,-0.0001,1.0000,0.0000,0.0000,0.0000,1.0000,0.1100,0.2168,0.3052
76,2,0.2820,-0.0653,0.5173,1.0000,0.0001,0.0000,-0.0001,1.0000,0.0000,0.0000,0.0000,1.0000,0.1101,0.3070,0.2173
76,3,0.3045,-0.2420,0.5889,1.0000,0.0001,0.0000,-0.0001,1.0000,0.0000,0.0000,0.0000,1.0000,0.2836,0.2073,0.2889
76,4,0.4226,-0.2885,0.5062,1.0000,0.0001,0.0000,-0.0001,1.0000,0.0000,0.0000,0.0000,1.0000,0.2820,0.2947,0.2062
76,5,0.5901,-0.1517,0.6614,1.0000,0.0001,0.0000,-0.0001,1.0000,0.0000,0.0000,0.0000,1.0000,0.1112,0.2100,0.3614
76,6,0.6831,-0.1321,0.4265,1.0000,0.0001,0.0000,-0.0001,1.0000,0.0000,0.0000,0.0000,1.0000,0.1972,0.1336,0.1265
76,7,0.7920,-0.1237,0.4491,1.0000,0.0001,0.0000,-0.0001,1.0000,0.0000,0.0000,0.0000,1.0000,0.1624,0.1625,0.0548
76,8,0.8194,-0.0805,0.4472,1.0000,0.0001,0.0000,-0.0001,1.0000,0.0000,0.0000,0.0000,1.0000,0.0831,0.2046,0.1050
76,9,0.8497,-0.0142,0.4544,1.0000,0.0001,0.0000,-0.0001,1.0000,0.0000,0.0000,0.0000,1.0000,0.0210,0.0279,0.0569
76,10,0.8936,-0.0741,0.4546,1.0000,0.0001,0.0000,-0.0001,1.0000,0.0000,0.0000,0.0000,1.0000,0.0210,0.0279,0.0569
77,0,0.2501,-0.0079,0.4400,1.0000,0.0001,0.0000,-0.0001,1.0000,0.0000,0.0000,0.0000,1.0000,0.2577,0.2263,0.1400
77,1,0.2582,-0.0050,0.6052,1.0000,0.0001,0.0000,-0.0001,1.0000,0.0000,0.0000,0.0000,1.0000,0.1100,0.2168,0.3052
77,2,0.3341,-0.0653,0.5173,1.0000,0.0001,0.0000,-0.0001,1.0000,0.0000,0.0000,0.0000,1.0000,0.1101,0.3070,0.2173
77,3,0.3565,-0.2420,0.5889,1.0000,0.0001,0.0000,-0.0001,1.0000,0.0000,0.0000,0.0000,1.0000,0.2836,0.2073,0.2889
77,4,0.4746,-0.2885,0.5062,1.0000,0.0001,0.0000,-0.0001,1.0000,0.0000,0.0000,0.0000,1.0000,0.2820,0.2947,0.2062
77,5,0.6422,-0.1517,0.6614,1.0000,0.0001,0.0000,-0.0001,1.0000,0.0000,0.0000,0.0000,1.0000,0.1112,0.2100,0.3614
77,6,0.7352,-0.1321,0.4265,1.0000,0.0001,0.0000,-0.0001,1.0000,0.0000,0.0000,0.0000,1.0000,0.1972,0.1336,0.1265
77,7,0.8441,-0.1237,0.4491,1.0000,0.0001,0.0000,-0.0001,1.0000,0.0000,0.0000,0.0000,1.0000,0.1624,0.1625,0.0548
77,8,0.8715,-0.0805,0.4472,1.0000,0.0001,0.0000,-0.0001,1.0000,0.0000,0.0000,0.0000,1.0000,0.0831,0.2046,0.1050
77,9,0.9018,-0.0142,0.4544,1.0000,0.0001,0.0000,-0.0001,1.0000,0.0000,0.0000,0.0000,1.0000,0.0210,0.0279,0.0569
77,10,0.9457,-0.0741,0.4546,1.0000,0.0001,0.0000,-0.0001,1.0000,0.0000,0.0000,0.0000,1.0000,0.0210,0.0279,0.0569
78,0,0.3096,-0.0079,0.4400,1.0000,0.0001,0.0000,-0.0001,1.0000,0.0000,0.0000,0.0000,1.0000,0.2577,0.2263,0.1400
78,1,0.3177,-0.0050,0.6052,1.0000,0.0001,0.0000,-0.0001,1.0000,0.0000,0.0000,0.0000,1.0000,0.1100,0.2168,0.3052
78,2,0.3936,-0.0653,0.5173,1.0000,0.0001,0.0000,-0.0001,1.0000,0.0000,0.0000,0.0000,1.0000,0.1101,0.3070,0.2173
78,3,0.4160,-0.2420,0.5889,1.0000,0.0001,0.0000,-0.0001,1.0000,0.0000,0.0000,0.0000,1.0000,0.2836,0.2073,0.2889
78,4,0.5341,-0.2885,0.5062,1.0000,0.0001,0.0000,-0.0001,1.0000,0.0000,0.0000,0.0000,1.0000,0.2820,0.2947,0.2062
78,5,0.7017,-0.1516,0.6614,1.0000,0.0001,0.0000,-0.0001,1.0000,0.0000,0.0000,0.0000,1.0000,0.1112,0.2100,0.3614
78,6,0.7947,-0.1321,0.4265,1.0000,0.0001,0.0000,-0.0001,1.0000,0.0000,0.0000,0.0000,1.0000,0.1972,0.1336,0.1265
78,7,0.9036,-0.1237,0.4491,1.0000,0.0001,0.0000,-0.0001,1.0000,0.0000,0.0000,0.0000,1.0000,0.1624,0.1625,0.0548
78,8,0.9310,-0.0805,0.4472,1.0000,0.0001,0.0000,-0.0001,1.0000,0.0000,0.0000,0.0000,1.0000,0.0831,0.2046,0.1050
78,9,0.9613,-0.0142,0.4544,1.0000,0.0001,0.0000,-0.0001,1.0000,0.0000,0.0000,0.0000,1.0000,0.0210,0.0279,0.0569
78,10,1.0052,-0.0741,0.4546,1.0000,0.0001,0.0000,-0.0001,1.0000,0.0000,0.0000,0.0000,1.0000,0.0210,0.0279,0.0569
79,0,0.3775,-0.0079,0.4400,1.0000,0.0001,0.0000,-0.0001,1.0000,0.0000,0.0000,0.0000,1.0000,0.2577,0.2263,0.1400
79,1,0.3856,-0.0050,0.6052,1.0000,0.0001,0.0000,-0.0001,1.0000,0.0000,0.0000,0.0000,1.0000,0.1100,0.2168,0.3052
79,2,0.4615,-0.0653,0.5173,1.0000,0.0001,0.0000,-0.0001,1.0000,0.0000,0.0000,0.0000,1.0000,0.1101,0.3070,0.2173
79,3,0.4839,-0.2420,0.5889,1.0000,0.0001,0.0000,-0.0001,1.0000,0.0000,0.0000,0.0000,1.0000,0.2836,0.2073,0.2889
79,4,0.6021,-0.2885,0.5062,1.0000,0.0001,0.0000,-0.0001,1.0000,0.0000,0.0000,0.0000,1.0000,0.2820,0.2947,0.2062
79,5,0.7696,-0.1516,0.6614,1.0000,0.0001,0.0000,-0.0001,1.0000,0.0000,0.0000,0.0000,1.0000,0.1112,0.2100,0.3614
79,6,0.8626,-0.1321,0.4265,1.0000,0.0001,0.0000,-0.0001,1.0000,0.0000,0.0000,0.0000,1.0000,0.1972,0.1336,0.1265
79,7,0.9715,-0.1237,0.4491,1.0000,0.0001,0.0000,-0.0001,1.0000,0.0000,0.0000,0.0000,1.0000,0.1624,0.1625,0.0548
79,8,0.9989,-0.0805,0.4472,1.0000,0.0001,0.0000,-0.0001,1.0000,0.0000,0.0000,0.0000,1.0000,0.0831,0.2046,0.1050
79,9,1.0292,-0.0142,0.4544,1.0000,0.0001,0.0000,-0.0001,1.0000,0.0000,0.0000,0.0000,1.0000,0.0210,0.0279,0.0569
79,10,1.0731,-0.0741,0.4546,1.0000,0.0001,0.0000,-0.0001,1.0000,0.0000,0.0000,0.0000,1.0000,0.0210,0.0279,0.0569
80,0,0.4551,-0.0079,0.4400,1.0000,0.0001,0.0000,-0.0001,1.0000,0.0000,0.0000,0.0000,1.0000,0.2577,0.2263,0.1400
80,1,0.4632,-0.0050,0.6052,1.0000,0.0001,0.0000,-0.0001,1.0000,0.0000,0.0000,0.0000,1.0000,0.1100,0.2168,0.3052
80,2,0.5391,-0.0653,0.5173,1.0000,0.0001,0.0000,-0.0001,1.0000,0.0000,0.0000,0.0000,1.0000,0.1101,0.3070,0.2173
80,3,0.5615,-0.2420,0.5889,1.0000,0.0001,0.0000,-0.0001,1.0000,0.0000,0.0000,0.0000,1.0000,0.2836,0.2073,0.2889
80,4,0.6796,-0.2885,0.5062,1.0000,0.0001,0.0000,-0.0001,1.0000,0.0000,0.0000,0.0000,1.0000,0.2820,0.2947,0.2062
80,5,0.8472,-0.1516,0.6614,1.0000,0.0001,0.0000,-0.0001,1.0000,0.0000,0.0000,0.0000,1.0000,0.1112,0.2100,0.3614
80,6,0.9402,-0.1321,0.4265,1.0000,0.0001,0.0000,-0.0001,1.0000,0.0000,0.0000,0.0000,1.0000,0.1972,0.1336,0.1265
80,7,1.0491,-0.1237,0.4491,1.0000,0.0001,0.0000,-0.0001,1.0000,0.0000,0.0000,0.0000,1.0000,0.1624,0.1625,0.0548
80,8,1.0765,-0.0805,0.4472,1.0000,0.0001,0.0000,-0.0001,1.0000,0.0000,0.0000,0.0000,1.0000,0.0831,0.2046,0.1050
80,9,1.1068,-0.0142,0.4544,1.0000,0.0001,0.0000,-0.0001,1.0000,0.0000,0.0000,0.0000,1.0000,0.0210,0.0279,0.0569
80,10,1.1507,-0.0741,0.4546,1.0000,0.0001,0.0000,-0.0001,1.0000,0.0000,0.0000,0.0000,1.0000,0.0210,0.0279,0.0569
81,0,0.5436,-0.0079,0.4400,1.0000,0.0000,0.0000,-0.0000,1.0000,0.0000,0.0000,0.0000,1.0000,0.2577,0.2263,0.1400
81,1,0.5517,-0.0050,0.6052,1.0000,0.0000,0.0000,-0.0000,1.0000,0.0000,0.0000,0.0000,1.0000,0.1100,0.2168,0.3052
81,2,0.6276,-0.0653,0.5173,1.0000,0.0000,0.0000,-0.0000,1.0000,0.0000,0.0000,0.0000,1.0000,0.1101,0.3070,0.2173
81,3,0.6501,-0.2420,0.5889,1.0000,0.0000,0.0000,-0.0000,1.0000,0.0000,0.0000,0.0000,1.0000,0.2836,0.2073,0.2889
81,4,0.7682,-0.2885,0.5062,1.0000,0.0000,0.0000,-0.0000,1.0000,0.0000,0.0000,0.0000,1.0000,0.2820,0.2947,0.2062
81,5,0.9358,-0.1517,0.6614,1.0000,0.0000,0.0000,-0.0000,1.0000,0.0000,0.0000,0.0000,1.0000,0.1112,0.2100,0.3614
81,6,1.0288,-0.1322,0.4265,1.0000,0.0000,0.0000,-0.0000,1.0000,0.0000,0.0000,0.0000,1.0000,0.1972,0.1336,0.1265
81,7,1.1376,-0.1237,0.4491,1.0000,0.0000,0.0000,-0.0000,1.0000,0.0000,0.0000,0.0000,1.0000,0.1624,0.1625,0.0548
81,8,1.1650,-0.0805,0.4472,1.0000,0.0000,0.0000,-0.0000,1.0000,0.0000,0.0000,0.0000,1.0000,0.0831,0.2046,0.1050
81,9,1.1953,-0.0142,0.4544,1.0000,0.0000,0.0000,-0.0000,1.0000,0.0000,0.0000,0.0000,1.0000,0.0210,0.0279,0.0569
81,10,1.2392,-0.0741,0.4546,1.0000,0.0000,0.0000,-0.0000,1.0000,0.0000,0.0000,0.0000,1.0000,0.0210,0.0279,0.0569
82,0,0.6446,-0.0079,0.4400,1.0000,-0.0001,0.0000,0.0001,1.0000,0.0000,0.0000,0.0000,1.0000,0.2577,0.2263,0.1400
82,1,0.6527,-0.0050,0.6052,1.0000,-0.0001,0.0000,0.0001,1.0000,0.0000,0.0000,0.0000,1.0000,0.1100,0.2168,0.3052
82,2,0.7286,-0.0653,0.5173,1.0000,-0.0001,0.0000,0.0001,1.0000,0.0000,0.0000,0.0000,1.0000,0.1101,0.3070,0.2173
82,3,0.7510,-0.2420,0.5889,1.0000,-0.0001,0.0000,0.0001,1.0000,0.0000,0.0000,0.0000,1.0000,0.2836,0.2073,0.2889
82,4,0.8691,-0.2885,0.5062,1.0000,-0.0001,0.0000,0.0001,1.0000,0.0000,0.0000,0.0000,1.0000,0.2820,0.2947,0.2062
82,5,1.0367,-0.1517,0.6614,1.0000,-0.0001,0.0000,0.0001,1.0000,0.0000,0.0000,0.0000,1.0000,0.1112,0.2100,0.3614
82,6,1.1297,-0.1322,0.4265,1.0000,-0.0001,0.0000,0.0001,1.0000,0.0000,0.0000,0.0000,1.0000,0.1972,0.1336,0.1265
82,7,1.2386,-0.1238,0.4491,1.0000,-0.0001,0.0000,0.0001,1.0000,0.0000,0.0000,0.0000,1.0000,0.1624,0.1625,0.0548
82,8,1.2660,-0.0806,0.4472,1.0000,-0.0001,0.0000,0.0001,1.0000,0.0000,0.0000,0.0000,1.0000,0.0831,0.2046,0.1050
82,9,1.2963,-0.0143,0.4544,1.0000,-0.0001,0.0000,0.0001,1.0000,0.0000,0.0000,0.0000,1.0000,0.0210,0.0279,0.0569
82,10,1.3402,-0.0742,0.4546,1.0000,-0.0001,0.0000,0.0001,1.0000,0.0000,0.0000,0.0000,1.0000,0.0210,0.0279,0.0569
83,0,0.7594,-0.0079,0.4400,1.0000,-0.0001,0.0000,0.0001,1.0000,0.0000,0.0000,0.0000,1.0000,0.2577,0.2263,0.1400
83,1,0.7675,-0.0050,0.6052,1.0000,-0.0001,0.0000,0.0001,1.0000,0.0000,0.0000,0.0000,1.0000,0.1100,0.2168,0.3052
83,2,0.8434,-0.0653,0.5173,1.0000,-0.0001,0.0000,0.0001,1.0000,0.0000,0.0000,0.0000,1.0000,0.1101,0.3070,0.2173
83,3,0.8657,-0.2420,0.5889,1.0000,-0.0001,0.0000,0.0001,1.0000,0.0000,0.0000,0.0000,1.0000,0.2836,0.2073,0.2889
83,4,0.9838,-0.2885,0.5062,1.0000,-0.0001,0.0000,0.0001,1.0000,0.0000,0.0000,0.0000,1.0000,0.2820,0.2947,0.2062
83,5,1.1514,-0.1517,0.6614,1.0000,-0.0001,0.0000,0.0001,1.0000,0.0000,0.0000,0.0000,1.0000,0.1112,0.2100,0.3614
83,6,1.2444,-0.1322,0.4265,1.0000,-0.0001,0.0000,0.0001,1.0000,0.0000,0.0000,0.0000,1.0000,0.1972,0.1336,0.1265
83,7,1.3534,-0.1239,0.4491,1.0000,-0.0001,0.0000,0.0001,1.0000,0.0000,0.0000,0.0000,1.0000,0.1624,0.1625,0.0548
83,8,1.3808,-0.0807,0.4472,1.0000,-0.0001,0.0000,0.0001,1.0000,0.0000,0.0000,0.0000,1.0000,0.0831,0.2046,0.1050
83,9,1.4111,-0.0144,0.4544,1.0000,-0.0001,0.0000,0.0001,1.0000,0.0000,0.0000,0.0000,1.0000,0.0210,0.0279,0.0569
83,10,1.4550,-0.0743,0.4546,1.0000,-0.0001,0.0000,0.0001,1.0000,0.0000,0.0000,0.0000,1.0000,0.0210,0.0279,0.0569
84,0,0.8895,-0.0079,0.4400,1.0000,-0.0003,0.0000,0.0003,1.0000,0.0000,0.0000,0.0000,1.0000,0.2577,0.2263,0.1400
84,1,0.8976,-0.0050,0.6052,1.0000,-0.0003,0.0000,0.0003,1.0000,0.0000,0.0000,0.0000,1.0000,0.1100,0.2168,0.3052
84,2,0.9735,-0.0653,0.5173,1.0000,-0.0003,0.0000,0.0003,1.0000,0.0000,0.0000,0.0000,1.0000,0.1101,0.3070,0.2173
84,3,0.9958,-0.2420,0.5889,1.0000,-0.0003,0.0000,0.0003,1.0000,0.0000,0.0000,0.0000,1.0000,0.2836,0.2073,0.2889
84,4,1.1139,-0.2886,0.5062,1.0000,-0.0003,0.0000,0.0003,1.0000,0.0000,0.0000,0.0000,1.0000,0.2820,0.2947,0.2062
84,5,1.2815,-0.1518,0.6614,1.0000,-0.0003,0.0000,0.0003,1.0000,0.0000,0.0000,0.0000,1.0000,0.1112,0.2100,0.3614
84,6,1.3745,-0.1323,0.4265,1.0000,-0.0003,0.0000,0.0003,1.0000,0.0000,0.0000,0.0000,1.0000,0.1972,0.1336,0.1265
84,7,1.4834,-0.1240,0.4491,1.0000,-0.0003,0.0000,0.0003,1.0000,0.0000,0.0000,0.0000,1.0000,0.1624,0.1625,0.0548
84,8,1.5109,-0.0808,0.4472,1.0000,-0.0003,0.0000,0.0003,1.0000,0.0000,0.0000,0.0000,1.0000,0.0831,0.2046,0.1050
84,9,1.5412,-0.0145,0.4544,1.0000,-0.0003,0.0000,0.0003,1.0000,0.0000,0.0000,0.0000,1.0000,0.0210,0.0279,0.0569
84,10,1.5851,-0.0744,0.4546,1.0000,-0.0003,0.0000,0.0003,1.0000,0.0000,0.0000,0.0000,1.0000,0.0210,0.0279,0.0569
85,0,1.0363,-0.0079,0.4400,1.0000,-0.0005,0.0000,0.0005,1.0000,0.0000,0.0000,0.0000,1.0000,0.2577,0.2263,0.1400
85,1,1.0444,-0.0050,0.6052,1.0000,-0.0005,0.0000,0.0005,1.0000,0.0000,0.0000,0.0000,1.0000,0.1100,0.2168,0.3052
85,2,1.1203,-0.0654,0.5173,1.0000,-0.0005,0.0000,0.0005,1.0000,0.0000,0.0000,0.0000,1.0000,0.1101,0.3070,0.2173
85,3,1.1426,-0.2421,0.5889,1.0000,-0.0005,0.0000,0.0005,1.0000,0.0000,0.0000,0.0000,1.0000,0.2836,0.2073,0.2889
85,4,1.2607,-0.2887,0.5062,1.0000,-0.0005,0.0000,0.0005,1.0000,0.0000,0.0000,0.0000,1.0000,0.2820,0.2947,0.2062
85,5,1.4283,-0.1519,0.6614,1.0000,-0.0005,0.0000,0.0005,1.0000,0.0000,0.0000,0.0000,1.0000,0.1112,0.2100,0.3614
85,6,1.5213,-0.1325,0.4265,1.0000,-0.0005,0.0000,0.0005,1.0000,0.0000,0.0000,0.0000,1.0000,0.1972,0.1336,0.1265
85,7,1.6302,-0.1241,0.4491,1.0000,-0.0005,0.0000,0.0005,1.0000,0.0000,0.0000,0.0000,1.0000,0.1624,0.1625,0.0548
85,8,1.6577,-0.0810,0.4472,1.0000,-0.0005,0.0000,0.0005,1.0000,0.0000,0.0000,0.0000,1.0000,0.0831,0.2046,0.1050
85,9,1.6880,-0.0147,0.4544,1.0000,-0.0005,0.0000,0.0005,1.0000,0.0000,0.0000,0.0000,1.0000,0.0210,0.0279,0.0569
85,10,1.7319,-0.0746,0.4546,1.0000,-0.0005,0.0000,0.0005,1.0000,0.0000,0.0000,0.0000,1.0000,0.0210,0.0279,0.0569
86,0,1.2013,-0.0080,0.4400,1.0000,-0.0007,0.0000,0.0007,1.0000,0.0000,0.0000,0.0000,1.0000,0.2577,0.2263,0.1400
86,1,1.2094,-0.0051,0.6052,1.0000,-0.0007,0.0000,0.0007,1.0000,0.0000,0.0000,0.0000,1.0000,0.1100,0.2168,0.3052
86,2,1.2853,-0.0655,0.5173,1.0000,-0.0007,0.0000,0.0007,1.0000,0.0000,0.0000,0.0000,1.0000,0.1101,0.3070,0.2173
86,3,1.3076,-0.2422,0.5889,1.0000,-0.0007,0.0000,0.0007,1.0000,0.0000,0.0000,0.0000,1.0000,0.2836,0.2073,0.2889
86,4,1.4256,-0.2888,0.5062,1.0000,-0.0007,0.0000,0.0007,1.0000,0.0000,0.0000,0.0000,1.0000,0.2820,0.2947,0.2062
86,5,1.5933,-0.1521,0.6614,1.0000,-0.0007,0.0000,0.0007,1.0000,0.0000,0.0000,0.0000,1.0000,0.1112,0.2100,0.3614
86,6,1.6863,-0.1327,0.4265,1.0000,-0.0007,0.0000,0.0007,1.0000,0.0000,0.0000,0.0000,1.0000,0.1972,0.1336,0.1265
86,7,1.7952,-0.1243,0.4491,1.0000,-0.0007,0.0000,0.0007,1.0000,0.0000,0.0000,0.0000,1.0000,0.1624,0.1625,0.0548
86,8,1.8227,-0.0812,0.4472,1.0000,-0.0007,0.0000,0.0007,1.0000,0.0000,0.0000,0.0000,1.0000,0.0831,0.2046,0.1050
86,9,1.8530,-0.0149,0.4544,1.0000,-0.0007,0.0000,0.0007,1.0000,0.0000,0.0000,0.0000,1.0000,0.0210,0.0279,0.0569
86,10,1.8969,-0.0748,0.4546,1.0000,-0.0007,0.0000,0.0007,1.0000,0.0000,0.0000,0.0000,1.0000,0.0210,0.0279,0.0569
87,0,1.3859,-0.0082,0.4400,1.0000,-0.0009,0.0000,0.0009,1.0000,0.0000,0.0000,0.0000,1.0000,0.2577,0.2263,0.1400
87,1,1.3940,-0.0053,0.6052,1.0000,-0.0009,0.0000,0.0009,1.0000,0.0000,0.0000,0.0000,1.0000,0.1100,0.2168,0.3052
87,2,1.4699,-0.0656,0.5173,1.0000,-0.0009,0.0000,0.0009,1.0000,0.0000,0.0000,0.0000,1.0000,0.1101,0.3070,0.2173
87,3,1.4921,-0.2424,0.5889,1.0000,-0.0009,0.0000,0.0009,1.0000,0.0000,0.0000,0.0000,1.0000,0.2836,0.2073,0.2889
87,4,1.6102,-0.2890,0.5062,1.0000,-0.0009,0.0000,0.0009,1.0000,0.0000,0.0000,0.0000,1.0000,0.2820,0.2947,0.2062
87,5,1.7779,-0.1523,0.6614,1.0000,-0.0009,0.0000,0.0009,1.0000,0.0000,0.0000,0.0000,1.0000,0.1112,0.2100,0.3614
87,6,1.8709,-0.1329,0.4265,1.0000,-0.0009,0.0000,0.0009,1.0000,0.0000,0.0000,0.0000,1.0000,0.1972,0.1336,0.1265
87,7,1.9798,-0.1246,0.4491,1.0000,-0.0009,0.0000,0.0009,1.0000,0.0000,0.0000,0.0000,1.0000,0.1624,0.1625,0.0548
87,8,2.0073,-0.0814,0.4472,1.0000,-0.0009,0.0000,0.0009,1.0000,0.0000,0.0000,0.0000,1.0000,0.0831,0.2046,0.1050
87,9,2.0376,-0.0152,0.4544,1.0000,-0.0009,0.0000,0.0009,1.0000,0.0000,0.0000,0.0000,1.0000,0.0210,0.0279,0.0569
87,10,2.0815,-0.0751,0.4546,1.0000,-0.0009,0.0000,0.0009,1.0000,0.0000,0.0000,0.0000,1.0000,0.0210,0.0279,0.0569
88,0,1.5913,-0.0084,0.4400,1.0000,-0.0013,0.0000,0.0013,1.0000,0.0000,0.0000,0.0000,1.0000,0.2577,0.2263,0.1400
88,1,1.5994,-0.0055,0.6052,1.0000,-0.0013,0.0000,0.0013,1.0000,0.0000,0.0000,0.0000,1.0000,0.1100,0.2168,0.3052
88,2,1.6752,-0.0659,0.5173,1.0000,-0.0013,0.0000,0.0013,1.0000,0.0000,0.0000,0.0000,1.0000,0.1101,0.3070,0.2173
88,3,1.6974,-0.2426,0.5889,1.0000,-0.0013,0.0000,0.0013,1.0000,0.0000,0.0000,0.0000,1.0000,0.2836,0.2073,0.2889
88,4,1.8154,-0.2893,0.5062,1.0000,-0.0013,0.0000,0.0013,1.0000,0.0000,0.0000,0.0000,1.0000,0.2820,0.2947,0.2062
88,5,1.9832,-0.1527,0.6614,1.0000,-0.0013,0.0000,0.0013,1.0000,0.0000,0.0000,0.0000,1.0000,0.1112,0.2100,0.3614
88,6,2.0762,-0.1333,0.4265,1.0000,-0.0013,0.0000,0.0013,1.0000,0.0000,0.0000,0.0000,1.0000,0.1972,0.1336,0.1265
88,7,2.1851,-0.1250,0.4491,1.0000,-0.0013,0.0000,0.0013,1.0000,0.0000,0.0000,0.0000,1.0000,0.1624,0.1625,0.0548
88,8,2.2126,-0.0819,0.4472,1.0000,-0.0013,0.0000,0.0013,1.0000,0.0000,0.0000,0.0000,1.0000,0.0831,0.2046,0.1050
88,9,2.2430,-0.0156,0.4544,1.0000,-0.0013,0.0000,0.0013,1.0000,0.0000,0.0000,0.0000,1.0000,0.0210,0.0279,0.0569
88,10,2.2868,-0.0756,0.4546,1.0000,-0.0013,0.0000,0.0013,1.0000,0.0000,0.0000,0.0000,1.0000,0.0210,0.0279,0.0569
89,0,1.8183,-0.0087,0.4400,1.0000,-0.0017,0.0000,0.0017,1.0000,0.0000,0.0000,0.0000,1.0000,0.2577,0.2263,0.1400
89,1,1.8264,-0.0058,0.6052,1.0000,-0.0017,0.0000,0.0017,1.0000,0.0000,0.0000,0.0000,1.0000,0.1100,0.2168,0.3052
89,2,1.9022,-0.0662,0.5173,1.0000,-0.0017,0.0000,0.0017,1.0000,0.0000,0.0000,0.0000,1.0000,0.1101,0.3070,0.2173
89,3,1.9243,-0.2430,0.5889,1.0000,-0.0017,0.0000,0.0017,1.0000,0.0000,0.0000,0.0000,1.0000,0.2836,0.2073,0.2889
89,4,2.0423,-0.2897,0.5062,1.0000,-0.0017,0.0000,0.0017,1.0000,0.0000,0.0000,0.0000,1.0000,0.2820,0.2947,0.2062
89,5,2.2101,-0.1532,0.6614,1.0000,-0.0017,0.0000,0.0017,1.0000,0.0000,0.0000,0.0000,1.0000,0.1112,0.2100,0.3614
89,6,2.3032,-0.1338,0.4265,1.0000,-0.0017,0.0000,0.0017,1.0000,0.0000,0.0000,0.0000,1.0000,0.1972,0.1336,0.1265
89,7,2.4121,-0.1256,0.4491,1.0000,-0.0017,0.0000,0.0017,1.0000,0.0000,0.0000,0.0000,1.0000,0.1624,0.1625,0.0548
89,8,2.4395,-0.0824,0.4472,1.0000,-0.0017,0.0000,0.0017,1.0000,0.0000,0.0000,0.0000,1.0000,0.0831,0.2046,0.1050
89,9,2.4699,-0.0162,0.4544,1.0000,-0.0017,0.0000,0.0017,1.0000,0.0000,0.0000,0.0000,1.0000,0.0210,0.0279,0.0569
89,10,2.5137,-0.0762,0.4546,1.0000,-0.0017,0.0000,0.0017,1.0000,0.0000,0.0000,0.0000,1.0000,0.0210,0.0279,0.0569
90,0,2.0674,-0.0092,0.4400,1.0000,-0.0021,0.0000,0.0021,1.0000,0.0000,0.0000,0.0000,1.0000,0.2577,0.2263,0.1400
90,1,2.0755,-0.0063,0.6052,1.0000,-0.0021,0.0000,0.0021,1.0000,0.0000,0.0000,0.0000,1.0000,0.1100,0.2168,0.3052
90,2,2.1513,-0.0667,0.5173,1.0000,-0.0021,0.0000,0.0021,1.0000,0.0000,0.0000,0.0000,1.0000,0.1101,0.3070,0.2173
90,3,2.1733,-0.2435,0.5889,1.0000,-0.0021,0.0000,0.0021,1.0000,0.0000,0.0000,0.0000,1.0000,0.2836,0.2073,0.2889
90,4,2.2913,-0.2902,0.5062,1.0000,-0.0021,0.0000,0.0021,1.0000,0.0000,0.0000,0.0000,1.0000,0.2820,0.2947,0.2062
90,5,2.4592,-0.1538,0.6614,1.0000,-0.0021,0.0000,0.0021,1.0000,0.0000,0.0000,0.0000,1.0000,0.1112,0.2100,0.3614
90,6,2.5522,-0.1345,0.4265,1.0000,-0.0021,0.0000,0.0021,1.0000,0.0000,0.0000,0.0000,1.0000,0.1972,0.1336,0.1265
90,7,2.6611,-0.1263,0.4491,1.0000,-0.0021,0.0000,0.0021,1.0000,0.0000,0.0000,0.0000,1.0000,0.1624,0.1625,0.0548
90,8,2.6886,-0.0832,0.4472,1.0000,-0.0021,0.0000,0.0021,1.0000,0.0000,0.0000,0.0000,1.0000,0.0831,0.2046,0.1050
90,9,2.7191,-0.0169,0.4544,1.0000,-0.0021,0.0000,0.0021,1.0000,0.0000,0.0000,0.0000,1.0000,0.0210,0.0279,0.0569
90,10,2.7628,-0.0769,0.4546,1.0000,-0.0021,0.0000,0.0021,1.0000,0.0000,0.0000,0.0000,1.0000,0.0210,0.0279,0.0569
91,0,2.3385,-0.0098,0.4400,1.0000,-0.0024,0.0000,0.0024,1.0000,0.0000,0.0000,0.0000,1.0000,0.2577,0.2263,0.1400
91,1,2.3466,-0.0069,0.6052,1.0000,-0.0024,0.0000,0.0024,1.0000,0.0000,0.0000,0.0000,1.0000,0.1100,0.2168,0.3052
91,2,2.4224,-0.0674,0.5173,1.0000,-0.0024,0.0000,0.0024,1.0000,0.0000,0.0000,0.0000,1.0000,0.1101,0.3070,0.2173
91,3,2.4443,-0.2441,0.5889,1.0000,-0.0024,0.0000,0.0024,1.0000,0.0000,0.0000,0.0000,1.0000,0.2836,0.2073,0.2889
91,4,2.5623,-0.2909,0.5062,1.0000,-0.0024,0.0000,0.0024,1.0000,0.0000,0.0000,0.0000,1.0000,0.2820,0.2947,0.2062
91,5,2.7303,-0.1545,0.6614,1.0000,-0.0024,0.0000,0.0024,1.0000,0.0000,0.0000,0.0000,1.0000,0.1112,0.2100,0.3614
91,6,2.8233,-0.1352,0.4265,1.0000,-0.0024,0.0000,0.0024,1.0000,0.0000,0.0000,0.0000,1.0000,0.1972,0.1336,0.1265
91,7,2.9322,-0.1271,0.4491,1.0000,-0.0024,0.0000,0.0024,1.0000,0.0000,0.0000,0.0000,1.0000,0.1624,0.1625,0.0548
91,8,2.9597,-0.0840,0.4472,1.0000,-0.0024,0.0000,0.0024,1.0000,0.0000,0.0000,0.0000,1.0000,0.0831,0.2046,0.1050
91,9,2.9902,-0.0177,0.4544,1.0000,-0.0024,0.0000,0.0024,1.0000,0.0000,0.0000,0.0000,1.0000,0.0210,0.0279,0.0569
91,10,3.0339,-0.0777,0.4546,1.0000,-0.0024,0.0000,0.0024,1.0000,0.0000,0.0000,0.0000,1.0000,0.0210,0.0279,0.0569
92,0,2.6310,-0.0105,0.4400,1.0000,-0.0029,0.0000,0.0029,1.0000,0.0000,0.0000,0.0000,1.0000,0.2577,0.2263,0.1400
92,1,2.6391,-0.0076,0.6052,1.0000,-0.0029,0.0000,0.0029,1.0000,0.0000,0.0000,0.0000,1.0000,0.1100,0.2168,0.3052
92,2,2.7148,-0.0682,0.5173,1.0000,-0.0029,0.0000,0.0029,1.0000,0.0000,0.0000,0.0000,1.0000,0.1101,0.3070,0.2173
92,3,2.7367,-0.2449,0.5889,1.0000,-0.0029,0.0000,0.0029,1.0000,0.0000,0.0000,0.0000,1.0000,0.2836,0.2073,0.2889
92,4,2.8547,-0.2918,0.5062,1.0000,-0.0029,0.0000,0.0029,1.0000,0.0000,0.0000,0.0000,1.0000,0.2820,0.2947,0.2062
92,5,3.0227,-0.1555,0.6614,1.0000,-0.0029,0.0000,0.0029,1.0000,0.0000,0.0000,0.0000,1.0000,0.1112,0.2100,0.3614
92,6,3.1157,-0.1362,0.4265,1.0000,-0.0029,0.0000,0.0029,1.0000,0.0000,0.0000,0.0000,1.0000,0.1972,0.1336,0.1265
92,7,3.2246,-0.1281,0.4491,1.0000,-0.0029,0.0000,0.0029,1.0000,0.0000,0.0000,0.0000,1.0000,0.1624,0.1625,0.0548
92,8,3.2522,-0.0850,0.4472,1.0000,-0.0029,0.0000,0.0029,1.0000,0.0000,0.0000,0.0000,1.0000,0.0831,0.2046,0.1050
92,9,3.2826,-0.0188,0.4544,1.0000,-0.0029,0.0000,0.0029,1.0000,0.0000,0.0000,0.0000,1.0000,0.0210,0.0279,0.0569
92,10,3.3264,-0.0788,0.4546,1.0000,-0.0029,0.0000,0.0029,1.0000,0.0000,0.0000,0.0000,1.0000,0.0210,0.0279,0.0569
93,0,2.9441,-0.0115,0.4400,1.0000,-0.0034,0.0000,0.0034,1.0000,0.0000,0.0000,0.0000,1.0000,0.2577,0.2263,0.1400
93,1,2.9522,-0.0086,0.6052,1.0000,-0.0034,0.0000,0.0034,1.0000,0.0000,0.0000,0.0000,1.0000,0.1100,0.2168,0.3052
93,2,3.0279,-0.0692,0.5173,1.0000,-0.0034,0.0000,0.0034,1.0000,0.0000,0.0000,0.0000,1.0000,0.1101,0.3070,0.2173
93,3,3.0497,-0.2459,0.5889,1.0000,-0.0034,0.0000,0.0034,1.0000,0.0000,0.0000,0.0000,1.0000,0.2836,0.2073,0.2889
93,4,3.1676,-0.2928,0.5062,1.0000,-0.0034,0.0000,0.0034,1.0000,0.0000,0.0000,0.0000,1.0000,0.2820,0.2947,0.2062
93,5,3.3357,-0.1566,0.6614,1.0000,-0.0034,0.0000,0.0034,1.0000,0.0000,0.0000,0.0000,1.0000,0.1112,0.2100,0.3614
93,6,3.4288,-0.1374,0.4265,1.0000,-0.0034,0.0000,0.0034,1.0000,0.0000,0.0000,0.0000,1.0000,0.1972,0.1336,0.1265
93,7,3.5377,-0.1294,0.4491,1.0000,-0.0034,0.0000,0.0034,1.0000,0.0000,0.0000,0.0000,1.0000,0.1624,0.1625,0.0548
93,8,3.5652,-0.0863,0.4472,1.0000,-0.0034,0.0000,0.0034,1.0000,0.0000,0.0000,0.0000,1.0000,0.0831,0.2046,0.1050
93,9,3.5958,-0.0201,0.4544,1.0000,-0.0034,0.0000,0.0034,1.0000,0.0000,0.0000,0.0000,1.0000,0.0210,0.0279,0.0569
93,10,3.6395,-0.0801,0.4546,1.0000,-0.0034,0.0000,0.0034,1.0000,0.0000,0.0000,0.0000,1.0000,0.0210,0.0279,0.0569
94,0,3.2770,-0.0127,0.4400,1.0000,-0.0039,0.0000,0.0039,1.0000,0.0000,0.0000,0.0000,1.0000,0.2577,0.2263,0.1400
94,1,3.2851,-0.0098,0.6052,1.0000,-0.0039,0.0000,0.0039,1.0000,0.0000,0.0000,0.0000,1.0000,0.1100,0.2168,0.3052
94,2,3.3608,-0.0704,0.5173,1.0000,-0.0039,0.0000,0.0039,1.0000,0.0000,0.0000,0.0000,1.0000,0.1101,0.3070,0.2173
94,3,3.3825,-0.2472,0.5889,1.0000,-0.0039,0.0000,0.0039,1.0000,0.0000,0.0000,0.0000,1.0000,0.2836,0.2073,0.2889
94,4,3.5004,-0.2941,0.5062,1.0000,-0.0039,0.0000,0.0039,1.0000,0.0000,0.0000,0.0000,1.0000,0.2820,0.2947,0.2062
94,5,3.6686,-0.1580,0.6614,1.0000,-0.0039,0.0000,0.0039,1.0000,0.0000,0.0000,0.0000,1.0000,0.1112,0.2100,0.3614
94,6,3.7616,-0.1389,0.4265,1.0000,-0.0039,0.0000,0.0039,1.0000,0.0000,0.0000,0.0000,1.0000,0.1972,0.1336,0.1265
94,7,3.8706,-0.1309,0.4491,1.0000,-0.0039,0.0000,0.0039,1.0000,0.0000,0.0000,0.0000,1.0000,0.1624,0.1625,0.0548
94,8,3.8981,-0.0878,0.4472,1.0000,-0.0039,0.0000,0.0039,1.0000,0.0000,0.0000,0.0000,1.0000,0.0831,0.2046,0.1050
94,9,3.9287,-0.0216,0.4544,1.0000,-0.0039,0.0000,0.0039,1.0000,0.0000,0.0000,0.0000,1.0000,0.0210,0.0279,0.0569
94,10,3.9724,-0.0817,0.4546,1.0000,-0.0039,0.0000,0.0039,1.0000,0.0000,0.0000,0.0000,1.0000,0.0210,0.0279,0.0569
95,0,3.6288,-0.0141,0.4400,1.0000,-0.0044,0.0000,0.0044,1.0000,0.0000,0.0000,0.0000,1.0000,0.2577,0.2263,0.1400
95,1,3.6370,-0.0112,0.6052,1.0000,-0.0044,0.0000,0.0044,1.0000,0.0000,0.0000,0.0000,1.0000,0.1100,0.2168,0.3052
95,2,3.7126,-0.0719,0.5173,1.0000,-0.0044,0.0000,0.0044,1.0000,0.0000,0.0000,0.0000,1.0000,0.1101,0.3070,0.2173
95,3,3.7342,-0.2487,0.5889,1.0000,-0.0044,0.0000,0.0044,1.0000,0.0000,0.0000,0.0000,1.0000,0.2836,0.2073,0.2889
95,4,3.8521,-0.2957,0.5062,1.0000,-0.0044,0.0000,0.0044,1.0000,0.0000,0.0000,0.0000,1.0000,0.2820,0.2947,0.2062
95,5,4.0203,-0.1596,0.6614,1.0000,-0.0044,0.0000,0.0044,1.0000,0.0000,0.0000,0.0000,1.0000,0.1112,0.2100,0.3614
95,6,4.1134,-0.1405,0.4265,1.0000,-0.0044,0.0000,0.0044,1.0000,0.0000,0.0000,0.0000,1.0000,0.1972,0.1336,0.1265
95,7,4.2223,-0.1326,0.4491,1.0000,-0.0044,0.0000,0.0044,1.0000,0.0000,0.0000,0.0000,1.0000,0.1624,0.1625,0.0548
95,8,4.2499,-0.0895,0.4472,1.0000,-0.0044,0.0000,0.0044,1.0000,0.0000,0.0000,0.0000,1.0000,0.0831,0.2046,0.1050
95,9,4.2805,-0.0234,0.4544,1.0000,-0.0044,0.0000,0.0044,1.0000,0.0000,0.0000,0.0000,1.0000,0.0210,0.0279,0.0569
95,10,4.3242,-0.0834,0.4546,1.0000,-0.0044,0.0000,0.0044,1.0000,0.0000,0.0000,0.0000,1.0000,0.0210,0.0279,0.0569
96,0,3.9986,-0.0158,0.4400,1.0000,-0.0049,0.0000,0.0049,1.0000,0.0000,0.0000,0.0000,1.0000,0.2577,0.2263,0.1400
96,1,4.0067,-0.0129,0.6052,1.0000,-0.0049,0.0000,0.0049,1.0000,0.0000,0.0000,0.0000,1.0000,0.1100,0.2168,0.3052
96,2,4.0823,-0.0736,0.5173,1.0000,-0.0049,0.0000,0.0049,1.0000,0.0000,0.0000,0.0000,1.0000,0.1101,0.3070,0.2173
96,3,4.1038,-0.2504,0.5889,1.0000,-0.0049,0.0000,0.0049,1.0000,0.0000,0.0000,0.0000,1.0000,0.2836,0.2073,0.2889
96,4,4.2217,-0.2975,0.5062,1.0000,-0.0049,0.0000,0.0049,1.0000,0.0000,0.0000,0.0000,1.0000,0.2820,0.2947,0.2062
96,5,4.3900,-0.1615,0.6614,1.0000,-0.0049,0.0000,0.0049,1.0000,0.0000,0.0000,0.0000,1.0000,0.1112,0.2100,0.3614
96,6,4.4831,-0.1425,0.4265,1.0000,-0.0049,0.0000,0.0049,1.0000,0.0000,0.0000,0.0000,1.0000,0.1972,0.1336,0.1265
96,7,4.5920,-0.1346,0.4491,1.0000,-0.0049,0.0000,0.0049,1.0000,0.0000,0.0000,0.0000,1.0000,0.1624,0.1625,0.0548
96,8,4.6196,-0.0915,0.4472,1.0000,-0.0049,0.0000,0.0049,1.0000,0.0000,0.0000,0.0000,1.0000,0.0831,0.2046,0.1050
96,9,4.6502,-0.0254,0.4544,1.0000,-0.0049,0.0000,0.0049,1.0000,0.0000,0.0000,0.0000,1.0000,0.0210,0.0279,0.0569
96,10,4.6938,-0.0855,0.4546,1.0000,-0.0049,0.0000,0.0049,1.0000,0.0000,0.0000,0.0000,1.0000,0.0210,0.0279,0.0569
97,0,4.3850,-0.0178,0.4400,1.0000,-0.0054,0.0000,0.0054,1.0000,0.0000,0.0000,0.0000,1.0000,0.2577,0.2263,0.1400
97,1,4.3931,-0.0149,0.6052,1.0000,-0.0054,0.0000,0.0054,1.0000,0.0000,0.0000,0.0000,1.0000,0.1100,0.2168,0.3052
97,2,4.4687,-0.0756,0.5173,1.0000,-0.0054,0.0000,0.0054,1.0000,0.0000,0.0000,0.0000,1.0000,0.1101,0.3070,0.2173
97,3,4.4901,-0.2524,0.5889,1.0000,-0.0054,0.0000,0.0054,1.0000,0.0000,0.0000,0.0000,1.0000,0.2836,0.2073,0.2889
97,4,4.6080,-0.2996,0.5062,1.0000,-0.0054,0.0000,0.0054,1.0000,0.0000,0.0000,0.0000,1.0000,0.2820,0.2947,0.2062
97,5,4.7763,-0.1637,0.6614,1.0000,-0.0054,0.0000,0.0054,1.0000,0.0000,0.0000,0.0000,1.0000,0.1112,0.2100,0.3614
97,6,4.8694,-0.1447,0.4265,1.0000,-0.0054,0.0000,0.0054,1.0000,0.0000,0.0000,0.0000,1.0000,0.1972,0.1336,0.1265
97,7,4.9783,-0.1369,0.4491,1.0000,-0.0054,0.0000,0.0054,1.0000,0.0000,0.0000,0.0000,1.0000,0.1624,0.1625,0.0548
97,8,5.0060,-0.0938,0.4472,1.0000,-0.0054,0.0000,0.0054,1.0000,0.0000,0.0000,0.0000,1.0000,0.0831,0.2046,0.1050
97,9,5.0366,-0.0277,0.4544,1.0000,-0.0054,0.0000,0.0054,1.0000,0.0000,0.0000,0.0000,1.0000,0.0210,0.0279,0.0569
97,10,5.0802,-0.0878,0.4546,1.0000,-0.0054,0.0000,0.0054,1.0000,0.0000,0.0000,0.0000,1.0000,0.0210,0.0279,0.0569
98,0,4.7868,-0.0200,0.4400,1.0000,-0.0060,0.0000,0.0060,1.0000,0.0000,0.0000,0.0000,1.0000,0.2577,0.2263,0.1400
98,1,4.7949,-0.0172,0.6052,1.0000,-0.0060,0.0000,0.0060,1.0000,0.0000,0.0000,0.0000,1.0000,0.1100,0.2168,0.3052
98,2,4.8705,-0.0779,0.5173,1.0000,-0.0060,0.0000,0.0060,1.0000,0.0000,0.0000,0.0000,1.0000,0.1101,0.3070,0.2173
98,3,4.8918,-0.2548,0.5889,1.0000,-0.0060,0.0000,0.0060,1.0000,0.0000,0.0000,0.0000,1.0000,0.2836,0.2073,0.2889
98,4,5.0096,-0.3020,0.5062,1.0000,-0.0060,0.0000,0.0060,1.0000,0.0000,0.0000,0.0000,1.0000,0.2820,0.2947,0.2062
98,5,5.1780,-0.1662,0.6614,1.0000,-0.0060,0.0000,0.0060,1.0000,0.0000,0.0000,0.0000,1.0000,0.1112,0.2100,0.3614
98,6,5.2712,-0.1472,0.4265,1.0000,-0.0060,0.0000,0.0060,1.0000,0.0000,0.0000,0.0000,1.0000,0.1972,0.1336,0.1265
98,7,5.3801,-0.1395,0.4491,1.0000,-0.0060,0.0000,0.0060,1.0000,0.0000,0.0000,0.0000,1.0000,0.1624,0.1625,0.0548
98,8,5.4078,-0.0965,0.4472,1.0000,-0.0060,0.0000,0.0060,1.0000,0.0000,0.0000,0.0000,1.0000,0.0831,0.2046,0.1050
98,9,5.4385,-0.0304,0.4544,1.0000,-0.0060,0.0000,0.0060,1.0000,0.0000,0.0000,0.0000,1.0000,0.0210,0.0279,0.0569
98,10,5.4820,-0.0905,0.4546,1.0000,-0.0060,0.0000,0.0060,1.0000,0.0000,0.0000,0.0000,1.0000,0.0210,0.0279,0.0569
99,0,5.2029,-0.0226,0.4400,1.0000,-0.0066,0.0000,0.0066,1.0000,0.0000,0.0000,0.0000,1.0000,0.2577,0.2263,0.1400
99,1,5.2111,-0.0198,0.6052,1.0000,-0.0066,0.0000,0.0066,1.0000,0.0000,0.0000,0.0000,1.0000,0.1100,0.2168,0.3052
99,2,5.2865,-0.0806,0.5173,1.0000,-0.0066,0.0000,0.0066,1.0000,0.0000,0.0000,0.0000,1.0000,0.1101,0.3070,0.2173
99,3,5.3078,-0.2574,0.5889,1.0000,-0.0066,0.0000,0.0066,1.0000,0.0000,0.0000,0.0000,1.0000,0.2836,0.2073,0.2889
99,4,5.4256,-0.3047,0.5062,1.0000,-0.0066,0.0000,0.0066,1.0000,0.0000,0.0000,0.0000,1.0000,0.2820,0.2947,0.2062
99,5,5.5941,-0.1690,0.6614,1.0000,-0.0066,0.0000,0.0066,1.0000,0.0000,0.0000,0.0000,1.0000,0.1112,0.2100,0.3614
99,6,5.6872,-0.1502,0.4265,1.0000,-0.0066,0.0000,0.0066,1.0000,0.0000,0.0000,0.0000,1.0000,0.1972,0.1336,0.1265
99,7,5.7962,-0.1425,0.4491,1.0000,-0.0066,0.0000,0.0066,1.0000,0.0000,0.0000,0.0000,1.0000,0.1624,0.1625,0.0548
99,8,5.8238,-0.0995,0.4472,1.0000,-0.0066,0.0000,0.0066,1.0000,0.0000,0.0000,0.0000,1.0000,0.0831,0.2046,0.1050
99,9,5.8546,-0.0334,0.4544,1.0000,-0.0066,0.0000,0.0066,1.0000,0.0000,0.0000,0.0000,1.0000,0.0210,0.0279,0.0569
99,10,5.8981,-0.0935,0.4546,1.0000,-0.0066,0.0000,0.0066,1.0000,0.0000,0.0000,0.0000,1.0000,0.0210,0.0279,0.0569
100,0,5.6323,-0.0257,0.4400,1.0000,-0.0079,0.0000,0.0079,1.0000,0.0000,0.0000,0.0000,1.0000,0.2577,0.2263,0.1400
100,1,5.6404,-0.0229,0.6052,1.0000,-0.0079,0.0000,0.0079,1.0000,0.0000,0.0000,0.0000,1.0000,0.1100,0.2168,0.3052
100,2,5.7159,-0.0838,0.5173,1.0000,-0.0079,0.0000,0.0079,1.0000,0.0000,0.0000,0.0000,1.0000,0.1101,0.3070,0.2173
100,3,5.7369,-0.2606,0.5889,1.0000,-0.0079,0.0000,0.0079,1.0000,0.0000,0.0000,0.0000,1.0000,0.2836,0.2073,0.2889
100,4,5.8546,-0.3081,0.5062,1.0000,-0.0079,0.0000,0.0079,1.0000,0.0000,0.0000,0.0000,1.0000,0.2820,0.2947,0.2062
100,5,6.0233,-0.1726,0.6614,1.0000,-0.0079,0.0000,0.0079,1.0000,0.0000,0.0000,0.0000,1.0000,0.1112,0.2100,0.3614
100,6,6.1164,-0.1538,0.4265,1.0000,-0.0079,0.0000,0.0079,1.0000,0.0000,0.0000,0.0000,1.0000,0.1972,0.1336,0.1265
100,7,6.2254,-0.1463,0.4491,1.0000,-0.0079,0.0000,0.0079,1.0000,0.0000,0.0000,0.0000,1.0000,0.1624,0.1625,0.0548
100,8,6.2531,-0.1033,0.4472,1.0000,-0.0079,0.0000,0.0079,1.0000,0.0000,0.0000,0.0000,1.0000,0.0831,0.2046,0.1050
100,9,6.2839,-0.0372,0.4544,1.0000,-0.0079,0.0000,0.0079,1.0000,0.0000,0.0000,0.0000,1.0000,0.0210,0.0279,0.0569
100,10,6.3274,-0.0975,0.4546,1.0000,-0.0079,0.0000,0.0079,1.0000,0.0000,0.0000,0.0000,1.0000,0.0210,0.0279,0.0569
101,0,6.0739,-0.0294,0.4400,1.0000,-0.0091,0.0000,0.0091,1.0000,0.0000,0.0000,0.0000,1.0000,0.2577,0.2263,0.1400
101,1,6.0821,-0.0266,0.6052,1.0000,-0.0091,0.0000,0.0091,1.0000,0.0000,0.0000,0.0000,1.0000,0.1100,0.2168,0.3052
101,2,6.1574,-0.0876,0.5173,1.0000,-0.0091,0.0000,0.0091,1.0000,0.0000,0.0000,0.0000,1.0000,0.1101,0.3070,0.2173
101,3,6.1782,-0.2645,0.5889,1.0000,-0.0091,0.0000,0.0091,1.0000,0.0000,0.0000,0.0000,1.0000,0.2836,0.2073,0.2889
101,4,6.2959,-0.3120,0.5062,1.0000,-0.0091,0.0000,0.0091,1.0000,0.0000,0.0000,0.0000,1.0000,0.2820,0.2947,0.2062
101,5,6.4647,-0.1767,0.6614,1.0000,-0.0091,0.0000,0.0091,1.0000,0.0000,0.0000,0.0000,1.0000,0.1112,0.2100,0.3614
101,6,6.5579,-0.1581,0.4265,1.0000,-0.0091,0.0000,0.0091,1.0000,0.0000,0.0000,0.0000,1.0000,0.1972,0.1336,0.1265
101,7,6.6669,-0.1507,0.4491,1.0000,-0.0091,0.0000,0.0091,1.0000,0.0000,0.0000,0.0000,1.0000,0.1624,0.1625,0.0548
101,8,6.6947,-0.1077,0.4472,1.0000,-0.0091,0.0000,0.0091,1.0000,0.0000,0.0000,0.0000,1.0000,0.0831,0.2046,0.1050
101,9,6.7256,-0.0417,0.4544,1.0000,-0.0091,0.0000,0.0091,1.0000,0.0000,0.0000,0.0000,1.0000,0.0210,0.0279,0.0569
101,10,6.7689,-0.1020,0.4546,1.0000,-0.0091,0.0000,0.0091,1.0000,0.0000,0.0000,0.0000,1.0000,0.0210,0.0279,0.0569
102,0,6.5266,-0.0339,0.4400,0.9999,-0.0112,0.0000,0.0112,0.9999,0.0000,0.0000,0.0000,1.0000,0.2577,0.2263,0.1400
102,1,6.5347,-0.0311,0.6052,0.9999,-0.0112,0.0000,0.0112,0.9999,0.0000,0.0000,0.0000,1.0000,0.1100,0.2168,0.3052
102,2,6.6099,-0.0922,0.5173,0.9999,-0.0112,0.0000,0.0112,0.9999,0.0000,0.0000,0.0000,1.0000,0.1101,0.3070,0.2173
102,3,6.6303,-0.2692,0.5889,0.9999,-0.0112,0.0000,0.0112,0.9999,0.0000,0.0000,0.0000,1.0000,0.2836,0.2073,0.2889
102,4,6.7479,-0.3170,0.5062,0.9999,-0.0112,0.0000,0.0112,0.9999,0.0000,0.0000,0.0000,1.0000,0.2820,0.2947,0.2062
102,5,6.9170,-0.1821,0.6614,0.9999,-0.0112,0.0000,0.0112,0.9999,0.0000,0.0000,0.0000,1.0000,0.1112,0.2100,0.3614
102,6,7.0102,-0.1636,0.4265,0.9999,-0.0112,0.0000,0.0112,0.9999,0.0000,0.0000,0.0000,1.0000,0.1972,0.1336,0.1265
102,7,7.1192,-0.1564,0.4491,0.9999,-0.0112,0.0000,0.0112,0.9999,0.0000,0.0000,0.0000,1.0000,0.1624,0.1625,0.0548
102,8,7.1471,-0.1136,0.4472,0.9999,-0.0112,0.0000,0.0112,0.9999,0.0000,0.0000,0.0000,1.0000,0.0831,0.2046,0.1050
102,9,7.1782,-0.0476,0.4544,0.9999,-0.0112,0.0000,0.0112,0.9999,0.0000,0.0000,0.0000,1.0000,0.0210,0.0279,0.0569
102,10,7.2214,-0.1080,0.4546,0.9999,-0.0112,0.0000,0.0112,0.9999,0.0000,0.0000,0.0000,1.0000,0.0210,0.0279,0.0569
103,0,6.9885,-0.0397,0.4400,0.9999,-0.0143,0.0000,0.0143,0.9999,0.0000,0.0000,0.0000,1.0000,0.2577,0.2263,0.1400
103,1,6.9966,-0.0369,0.6052,0.9999,-0.0143,0.0000,0.0143,0.9999,0.0000,0.0000,0.0000,1.0000,0.1100,0.2168,0.3052
103,2,7.0717,-0.0983,0.5173,0.9999,-0.0143,0.0000,0.0143,0.9999,0.0000,0.0000,0.0000,1.0000,0.1101,0.3070,0.2173
103,3,7.0915,-0.2753,0.5889,0.9999,-0.0143,0.0000,0.0143,0.9999,0.0000,0.0000,0.0000,1.0000,0.2836,0.2073,0.2889
103,4,7.2090,-0.3235,0.5062,0.9999,-0.0143,0.0000,0.0143,0.9999,0.0000,0.0000,0.0000,1.0000,0.2820,0.2947,0.2062
103,5,7.3785,-0.1891,0.6614,0.9999,-0.0143,0.0000,0.0143,0.9999,0.0000,0.0000,0.0000,1.0000,0.1112,0.2100,0.3614
103,6,7.4718,-0.1709,0.4265,0.9999,-0.0143,0.0000,0.0143,0.9999,0.0000,0.0000,0.0000,1.0000,0.1972,0.1336,0.1265
103,7,7.5808,-0.1641,0.4491,0.9999,-0.0143,0.0000,0.0143,0.9999,0.0000,0.0000,0.0000,1.0000,0.1624,0.1625,0.0548
103,8,7.6088,-0.1213,0.4472,0.9999,-0.0143,0.0000,0.0143,0.9999,0.0000,0.0000,0.0000,1.0000,0.0831,0.2046,0.1050
103,9,7.6400,-0.0554,0.4544,0.9999,-0.0143,0.0000,0.0143,0.9999,0.0000,0.0000,0.0000,1.0000,0.0210,0.0279,0.0569
103,10,7.6831,-0.1159,0.4546,0.9999,-0.0143,0.0000,0.0143,0.9999,0.0000,0.0000,0.0000,1.0000,0.0210,0.0279,0.0569
104,0,7.4577,-0.0472,0.4400,0.9998,-0.0186,0.0000,0.0186,0.9998,0.0000,0.0000,0.0000,1.0000,0.2577,0.2263,0.1400
104,1,7.4658,-0.0445,0.6052,0.9998,-0.0186,0.0000,0.0186,0.9998,0.0000,0.0000,0.0000,1.0000,0.1100,0.2168,0.3052
104,2,7.5406,-0.1062,0.5173,0.9998,-0.0186,0.0000,0.0186,0.9998,0.0000,0.0000,0.0000,1.0000,0.1101,0.3070,0.2173
104,3,7.5597,-0.2833,0.5889,0.9998,-0.0186,0.0000,0.0186,0.9998,0.0000,0.0000,0.0000,1.0000,0.2836,0.2073,0.2889
104,4,7.6769,-0.3319,0.5062,0.9998,-0.0186,0.0000,0.0186,0.9998,0.0000,0.0000,0.0000,1.0000,0.2820,0.2947,0.2062
104,5,7.8470,-0.1983,0.6614,0.9998,-0.0186,0.0000,0.0186,0.9998,0.0000,0.0000,0.0000,1.0000,0.1112,0.2100,0.3614
104,6,7.9404,-0.1805,0.4265,0.9998,-0.0186,0.0000,0.0186,0.9998,0.0000,0.0000,0.0000,1.0000,0.1972,0.1336,0.1265
104,7,8.0494,-0.1741,0.4491,0.9998,-0.0186,0.0000,0.0186,0.9998,0.0000,0.0000,0.0000,1.0000,0.1624,0.1625,0.0548
104,8,8.0776,-0.1314,0.4472,0.9998,-0.0186,0.0000,0.0186,0.9998,0.0000,0.0000,0.0000,1.0000,0.0831,0.2046,0.1050
104,9,8.1091,-0.0657,0.4544,0.9998,-0.0186,0.0000,0.0186,0.9998,0.0000,0.0000,0.0000,1.0000,0.0210,0.0279,0.0569
104,10,8.1519,-0.1264,0.4546,0.9998,-0.0186,0.0000,0.0186,0.9998,0.0000,0.0000,0.0000,1.0000,0.0210,0.0279,0.0569
105,0,7.9322,-0.0572,0.4400,0.9997,-0.0244,0.0000,0.0244,0.9997,0.0000,0.0000,0.0000,1.0000,0.2577,0.2263,0.1400
105,1,7.9403,-0.0545,0.6052,0.9997,-0.0244,0.0000,0.0244,0.9997,0.0000,0.0000,0.0000,1.0000,0.1100,0.2168,0.3052
105,2,8.0147,-0.1166,0.5173,0.9997,-0.0244,0.0000,0.0244,0.9997,0.0000,0.0000,0.0000,1.0000,0.1101,0.3070,0.2173
105,3,8.0328,-0.2938,0.5889,0.9997,-0.0244,0.0000,0.0244,0.9997,0.0000,0.0000,0.0000,1.0000,0.2836,0.2073,0.2889
105,4,8.1498,-0.3432,0.5062,0.9997,-0.0244,0.0000,0.0244,0.9997,0.0000,0.0000,0.0000,1.0000,0.2820,0.2947,0.2062
105,5,8.3206,-0.2105,0.6614,0.9997,-0.0244,0.0000,0.0244,0.9997,0.0000,0.0000,0.0000,1.0000,0.1112,0.2100,0.3614
105,6,8.4141,-0.1932,0.4265,0.9997,-0.0244,0.0000,0.0244,0.9997,0.0000,0.0000,0.0000,1.0000,0.1972,0.1336,0.1265
105,7,8.5232,-0.1875,0.4491,0.9997,-0.0244,0.0000,0.0244,0.9997,0.0000,0.0000,0.0000,1.0000,0.1624,0.1625,0.0548
105,8,8.5516,-0.1450,0.4472,0.9997,-0.0244,0.0000,0.0244,0.9997,0.0000,0.0000,0.0000,1.0000,0.0831,0.2046,0.1050
105,9,8.5835,-0.0794,0.4544,0.9997,-0.0244,0.0000,0.0244,0.9997,0.0000,0.0000,0.0000,1.0000,0.0210,0.0279,0.0569
105,10,8.6259,-0.1404,0.4546,0.9997,-0.0244,0.0000,0.0244,0.9997,0.0000,0.0000,0.0000,1.0000,0.0210,0.0279,0.0569
106,0,8.4111,-0.0703,0.4400,0.9995,-0.0317,0.0000,0.0317,0.9995,0.0000,0.0000,0.0000,1.0000,0.2577,0.2263,0.1400
106,1,8.4193,-0.0677,0.6052,0.9995,-0.0317,0.0000,0.0317,0.9995,0.0000,0.0000,0.0000,1.0000,0.1100,0.2168,0.3052
106,2,8.4932,-0.1303,0.5173,0.9995,-0.0317,0.0000,0.0317,0.9995,0.0000,0.0000,0.0000,1.0000,0.1101,0.3070,0.2173
106,3,8.5100,-0.3077,0.5889,0.9995,-0.0317,0.0000,0.0317,0.9995,0.0000,0.0000,0.0000,1.0000,0.2836,0.2073,0.2889
106,4,8.6266,-0.3579,0.5062,0.9995,-0.0317,0.0000,0.0317,0.9995,0.0000,0.0000,0.0000,1.0000,0.2820,0.2947,0.2062
106,5,8.7984,-0.2265,0.6614,0.9995,-0.0317,0.0000,0.0317,0.9995,0.0000,0.0000,0.0000,1.0000,0.1112,0.2100,0.3614
106,6,8.8920,-0.2099,0.4265,0.9995,-0.0317,0.0000,0.0317,0.9995,0.0000,0.0000,0.0000,1.0000,0.1972,0.1336,0.1265
106,7,9.0011,-0.2050,0.4491,0.9995,-0.0317,0.0000,0.0317,0.9995,0.0000,0.0000,0.0000,1.0000,0.1624,0.1625,0.0548
106,8,9.0299,-0.1627,0.4472,0.9995,-0.0317,0.0000,0.0317,0.9995,0.0000,0.0000,0.0000,1.0000,0.0831,0.2046,0.1050
106,9,9.0623,-0.0973,0.4544,0.9995,-0.0317,0.0000,0.0317,0.9995,0.0000,0.0000,0.0000,1.0000,0.0210,0.0279,0.0569
106,10,9.1042,-0.1586,0.4546,0.9995,-0.0317,0.0000,0.0317,0.9995,0.0000,0.0000,0.0000,1.0000,0.0210,0.0279,0.0569
107,0,8.8951,-0.0874,0.4400,0.9992,-0.0405,0.0000,0.0405,0.9992,0.0000,0.0000,0.0000,1.0000,0.2577,0.2263,0.1400
107,1,8.9033,-0.0849,0.6052,0.9992,-0.0405,0.0000,0.0405,0.9992,0.0000,0.0000,0.0000,1.0000,0.1100,0.2168,0.3052
107,2,8.9767,-0.1482,0.5173,0.9992,-0.0405,0.0000,0.0405,0.9992,0.0000,0.0000,0.0000,1.0000,0.1101,0.3070,0.2173
107,3,8.9919,-0.3257,0.5889,0.9992,-0.0405,0.0000,0.0405,0.9992,0.0000,0.0000,0.0000,1.0000,0.2836,0.2073,0.2889
107,4,9.1080,-0.3769,0.5062,0.9992,-0.0405,0.0000,0.0405,0.9992,0.0000,0.0000,0.0000,1.0000,0.2820,0.2947,0.2062
107,5,9.2810,-0.2470,0.6614,0.9992,-0.0405,0.0000,0.0405,0.9992,0.0000,0.0000,0.0000,1.0000,0.1112,0.2100,0.3614
107,6,9.3747,-0.2313,0.4265,0.9992,-0.0405,0.0000,0.0405,0.9992,0.0000,0.0000,0.0000,1.0000,0.1972,0.1336,0.1265
107,7,9.4839,-0.2273,0.4491,0.9992,-0.0405,0.0000,0.0405,0.9992,0.0000,0.0000,0.0000,1.0000,0.1624,0.1625,0.0548
107,8,9.5130,-0.1853,0.4472,0.9992,-0.0405,0.0000,0.0405,0.9992,0.0000,0.0000,0.0000,1.0000,0.0831,0.2046,0.1050
107,9,9.5460,-0.1202,0.4544,0.9992,-0.0405,0.0000,0.0405,0.9992,0.0000,0.0000,0.0000,1.0000,0.0210,0.0279,0.0569
107,10,9.5874,-0.1819,0.4546,0.9992,-0.0405,0.0000,0.0405,0.9992,0.0000,0.0000,0.0000,1.0000,0.0210,0.0279,0.0569
108,0,9.3855,-0.1095,0.4400,0.9987,-0.0509,0.0000,0.0509,0.9987,0.0000,0.0000,0.0000,1.0000,0.2577,0.2263,0.1400
108,1,9.3937,-0.1070,0.6052,0.9987,-0.0509,0.0000,0.0509,0.9987,0.0000,0.0000,0.0000,1.0000,0.1100,0.2168,0.3052
108,2,9.4665,-0.1711,0.5173,0.9987,-0.0509,0.0000,0.0509,0.9987,0.0000,0.0000,0.0000,1.0000,0.1101,0.3070,0.2173
108,3,9.4798,-0.3487,0.5889,0.9987,-0.0509,0.0000,0.0509,0.9987,0.0000,0.0000,0.0000,1.0000,0.2836,0.2073,0.2889
108,4,9.5954,-0.4012,0.5062,0.9987,-0.0509,0.0000,0.0509,0.9987,0.0000,0.0000,0.0000,1.0000,0.2820,0.2947,0.2062
108,5,9.7698,-0.2731,0.6614,0.9987,-0.0509,0.0000,0.0509,0.9987,0.0000,0.0000,0.0000,1.0000,0.1112,0.2100,0.3614
108,6,9.8636,-0.2583,0.4265,0.9987,-0.0509,0.0000,0.0509,0.9987,0.0000,0.0000,0.0000,1.0000,0.1972,0.1336,0.1265
108,7,9.9728,-0.2555,0.4491,0.9987,-0.0509,0.0000,0.0509,0.9987,0.0000,0.0000,0.0000,1.0000,0.1624,0.1625,0.0548
108,8,10.0024,-0.2138,0.4472,0.9987,-0.0509,0.0000,0.0509,0.9987,0.0000,0.0000,0.0000,1.0000,0.0831,0.2046,0.1050
108,9,10.0360,-0.1491,0.4544,0.9987,-0.0509,0.0000,0.0509,0.9987,0.0000,0.0000,0.0000,1.0000,0.0210,0.0279,0.0569
108,10,10.0768,-0.2111,0.4546,0.9987,-0.0509,0.0000,0.0509,0.9987,0.0000,0.0000,0.0000,1.0000,0.0210,0.0279,0.0569
109,0,9.8839,-0.1373,0.4400,0.9981,-0.0624,0.0000,0.0624,0.9981,0.0000,0.0000,0.0000,1.0000,0.2577,0.2263,0.1400
109,1,9.8921,-0.1349,0.6052,0.9981,-0.0624,0.0000,0.0624,0.9981,0.0000,0.0000,0.0000,1.0000,0.1100,0.2168,0.3052
109,2,9.9641,-0.1999,0.5173,0.9981,-0.0624,0.0000,0.0624,0.9981,0.0000,0.0000,0.0000,1.0000,0.1101,0.3070,0.2173
109,3,9.9754,-0.3776,0.5889,0.9981,-0.0624,0.0000,0.0624,0.9981,0.0000,0.0000,0.0000,1.0000,0.2836,0.2073,0.2889
109,4,10.0904,-0.4314,0.5062,0.9981,-0.0624,0.0000,0.0624,0.9981,0.0000,0.0000,0.0000,1.0000,0.2820,0.2947,0.2062
109,5,10.2662,-0.3053,0.6614,0.9981,-0.0624,0.0000,0.0624,0.9981,0.0000,0.0000,0.0000,1.0000,0.1112,0.2100,0.3614
109,6,10.3603,-0.2917,0.4265,0.9981,-0.0624,0.0000,0.0624,0.9981,0.0000,0.0000,0.0000,1.0000,0.1972,0.1336,0.1265
109,7,10.4695,-0.2901,0.4491,0.9981,-0.0624,0.0000,0.0624,0.9981,0.0000,0.0000,0.0000,1.0000,0.1624,0.1625,0.0548
109,8,10.4995,-0.2487,0.4472,0.9981,-0.0624,0.0000,0.0624,0.9981,0.0000,0.0000,0.0000,1.0000,0.0831,0.2046,0.1050
109,9,10.5339,-0.1844,0.4544,0.9981,-0.0624,0.0000,0.0624,0.9981,0.0000,0.0000,0.0000,1.0000,0.0210,0.0279,0.0569
109,10,10.5740,-0.2469,0.4546,0.9981,-0.0624,0.0000,0.0624,0.9981,0.0000,0.0000,0.0000,1.0000,0.0210,0.0279,0.0569
110,0,10.3914,-0.1718,0.4400,0.9972,-0.0751,0.0000,0.0751,0.9972,0.0000,0.0000,0.0000,1.0000,0.2577,0.2263,0.1400
110,1,10.3996,-0.1695,0.6052,0.9972,-0.0751,0.0000,0.0751,0.9972,0.0000,0.0000,0.0000,1.0000,0.1100,0.2168,0.3052
110,2,10.4708,-0.2354,0.5173,0.9972,-0.0751,0.0000,0.0751,0.9972,0.0000,0.0000,0.0000,1.0000,0.1101,0.3070,0.2173
110,3,10.4799,-0.4132,0.5889,0.9972,-0.0751,0.0000,0.0751,0.9972,0.0000,0.0000,0.0000,1.0000,0.2836,0.2073,0.2889
110,4,10.5942,-0.4685,0.5062,0.9972,-0.0751,0.0000,0.0751,0.9972,0.0000,0.0000,0.0000,1.0000,0.2820,0.2947,0.2062
110,5,10.7716,-0.3446,0.6614,0.9972,-0.0751,0.0000,0.0751,0.9972,0.0000,0.0000,0.0000,1.0000,0.1112,0.2100,0.3614
110,6,10.8658,-0.3322,0.4265,0.9972,-0.0751,0.0000,0.0751,0.9972,0.0000,0.0000,0.0000,1.0000,0.1972,0.1336,0.1265
110,7,10.9750,-0.3320,0.4491,0.9972,-0.0751,0.0000,0.0751,0.9972,0.0000,0.0000,0.0000,1.0000,0.1624,0.1625,0.0548
110,8,11.0055,-0.2910,0.4472,0.9972,-0.0751,0.0000,0.0751,0.9972,0.0000,0.0000,0.0000,1.0000,0.0831,0.2046,0.1050
110,9,11.0407,-0.2271,0.4544,0.9972,-0.0751,0.0000,0.0751,0.9972,0.0000,0.0000,0.0000,1.0000,0.0210,0.0279,0.0569
110,10,11.0800,-0.2901,0.4546,0.9972,-0.0751,0.0000,0.0751,0.9972,0.0000,0.0000,0.0000,1.0000,0.0210,0.0279,0.0569
111,0,10.9087,-0.2139,0.4400,0.9960,-0.0890,0.0000,0.0890,0.9960,0.0000,0.0000,0.0000,1.0000,0.2577,0.2263,0.1400
111,1,10.9171,-0.2117,0.6052,0.9960,-0.0890,0.0000,0.0890,0.9960,0.0000,0.0000,0.0000,1.0000,0.1100,0.2168,0.3052
111,2,10.9873,-0.2785,0.5173,0.9960,-0.0890,0.0000,0.0890,0.9960,0.0000,0.0000,0.0000,1.0000,0.1101,0.3070,0.2173
111,3,10.9939,-0.4565,0.5889,0.9960,-0.0890,0.0000,0.0890,0.9960,0.0000,0.0000,0.0000,1.0000,0.2836,0.2073,0.2889
111,4,11.1074,-0.5133,0.5062,0.9960,-0.0890,0.0000,0.0890,0.9960,0.0000,0.0000,0.0000,1.0000,0.2820,0.2947,0.2062
111,5,11.2865,-0.3920,0.6614,0.9960,-0.0890,0.0000,0.0890,0.9960,0.0000,0.0000,0.0000,1.0000,0.1112,0.2100,0.3614
111,6,11.3808,-0.3808,0.4265,0.9960,-0.0890,0.0000,0.0890,0.9960,0.0000,0.0000,0.0000,1.0000,0.1972,0.1336,0.1265
111,7,11.4901,-0.3822,0.4491,0.9960,-0.0890,0.0000,0.0890,0.9960,0.0000,0.0000,0.0000,1.0000,0.1624,0.1625,0.0548
111,8,11.5212,-0.3416,0.4472,0.9960,-0.0890,0.0000,0.0890,0.9960,0.0000,0.0000,0.0000,1.0000,0.0831,0.2046,0.1050
111,9,11.5573,-0.2782,0.4544,0.9960,-0.0890,0.0000,0.0890,0.9960,0.0000,0.0000,0.0000,1.0000,0.0210,0.0279,0.0569
111,10,11.5957,-0.3418,0.4546,0.9960,-0.0890,0.0000,0.0890,0.9960,0.0000,0.0000,0.0000,1.0000,0.0210,0.0279,0.0569
112,0,11.4366,-0.2644,0.4400,0.9946,-0.1036,0.0000,0.1036,0.9946,0.0000,0.0000,0.0000,1.0000,0.2577,0.2263,0.1400
112,1,11.4449,-0.2623,0.6052,0.9946,-0.1036,0.0000,0.1036,0.9946,0.0000,0.0000,0.0000,1.0000,0.1100,0.2168,0.3052
112,2,11.5142,-0.3302,0.5173,0.9946,-0.1036,0.0000,0.1036,0.9946,0.0000,0.0000,0.0000,1.0000,0.1101,0.3070,0.2173
112,3,11.5182,-0.5082,0.5889,0.9946,-0.1036,0.0000,0.1036,0.9946,0.0000,0.0000,0.0000,1.0000,0.2836,0.2073,0.2889
112,4,11.6308,-0.5667,0.5062,0.9946,-0.1036,0.0000,0.1036,0.9946,0.0000,0.0000,0.0000,1.0000,0.2820,0.2947,0.2062
112,5,11.8117,-0.4480,0.6614,0.9946,-0.1036,0.0000,0.1036,0.9946,0.0000,0.0000,0.0000,1.0000,0.1112,0.2100,0.3614
112,6,11.9062,-0.4382,0.4265,0.9946,-0.1036,0.0000,0.1036,0.9946,0.0000,0.0000,0.0000,1.0000,0.1972,0.1336,0.1265
112,7,12.0154,-0.4412,0.4491,0.9946,-0.1036,0.0000,0.1036,0.9946,0.0000,0.0000,0.0000,1.0000,0.1624,0.1625,0.0548
112,8,12.0471,-0.4010,0.4472,0.9946,-0.1036,0.0000,0.1036,0.9946,0.0000,0.0000,0.0000,1.0000,0.0831,0.2046,0.1050
112,9,12.0841,-0.3382,0.4544,0.9946,-0.1036,0.0000,0.1036,0.9946,0.0000,0.0000,0.0000,1.0000,0.0210,0.0279,0.0569
112,10,12.1216,-0.4023,0.4546,0.9946,-0.1036,0.0000,0.1036,0.9946,0.0000,0.0000,0.0000,1.0000,0.0210,0.0279,0.0569
113,0,11.9755,-0.3242,0.4400,0.9928,-0.1194,0.0000,0.1194,0.9928,0.0000,0.0000,0.0000,1.0000,0.2577,0.2263,0.1400
113,1,11.9839,-0.3223,0.6052,0.9928,-0.1194,0.0000,0.1194,0.9928,0.0000,0.0000,0.0000,1.0000,0.1100,0.2168,0.3052
113,2,12.0520,-0.3912,0.5173,0.9928,-0.1194,0.0000,0.1194,0.9928,0.0000,0.0000,0.0000,1.0000,0.1101,0.3070,0.2173
113,3,12.0532,-0.5693,0.5889,0.9928,-0.1194,0.0000,0.1194,0.9928,0.0000,0.0000,0.0000,1.0000,0.2836,0.2073,0.2889
113,4,12.1649,-0.6296,0.5062,0.9928,-0.1194,0.0000,0.1194,0.9928,0.0000,0.0000,0.0000,1.0000,0.2820,0.2947,0.2062
113,5,12.3476,-0.5138,0.6614,0.9928,-0.1194,0.0000,0.1194,0.9928,0.0000,0.0000,0.0000,1.0000,0.1112,0.2100,0.3614
113,6,12.4423,-0.5055,0.4265,0.9928,-0.1194,0.0000,0.1194,0.9928,0.0000,0.0000,0.0000,1.0000,0.1972,0.1336,0.1265
113,7,12.5514,-0.5102,0.4491,0.9928,-0.1194,0.0000,0.1194,0.9928,0.0000,0.0000,0.0000,1.0000,0.1624,0.1625,0.0548
113,8,12.5837,-0.4706,0.4472,0.9928,-0.1194,0.0000,0.1194,0.9928,0.0000,0.0000,0.0000,1.0000,0.0831,0.2046,0.1050
113,9,12.6217,-0.4084,0.4544,0.9928,-0.1194,0.0000,0.1194,0.9928,0.0000,0.0000,0.0000,1.0000,0.0210,0.0279,0.0569
113,10,12.6582,-0.4731,0.4546,0.9928,-0.1194,0.0000,0.1194,0.9928,0.0000,0.0000,0.0000,1.0000,0.0210,0.0279,0.0569
114,0,12.5258,-0.3943,0.4400,0.9908,-0.1356,0.0000,0.1356,0.9908,0.0000,0.0000,0.0000,1.0000,0.2577,0.2263,0.1400
114,1,12.5342,-0.3926,0.6052,0.9908,-0.1356,0.0000,0.1356,0.9908,0.0000,0.0000,0.0000,1.0000,0.1100,0.2168,0.3052
114,2,12.6012,-0.4626,0.5173,0.9908,-0.1356,0.0000,0.1356,0.9908,0.0000,0.0000,0.0000,1.0000,0.1101,0.3070,0.2173
114,3,12.5994,-0.6407,0.5889,0.9908,-0.1356,0.0000,0.1356,0.9908,0.0000,0.0000,0.0000,1.0000,0.2836,0.2073,0.2889
114,4,12.7101,-0.7028,0.5062,0.9908,-0.1356,0.0000,0.1356,0.9908,0.0000,0.0000,0.0000,1.0000,0.2820,0.2947,0.2062
114,5,12.8947,-0.5900,0.6614,0.9908,-0.1356,0.0000,0.1356,0.9908,0.0000,0.0000,0.0000,1.0000,0.1112,0.2100,0.3614
114,6,12.9895,-0.5833,0.4265,0.9908,-0.1356,0.0000,0.1356,0.9908,0.0000,0.0000,0.0000,1.0000,0.1972,0.1336,0.1265
114,7,13.0986,-0.5897,0.4491,0.9908,-0.1356,0.0000,0.1356,0.9908,0.0000,0.0000,0.0000,1.0000,0.1624,0.1625,0.0548
114,8,13.1316,-0.5507,0.4472,0.9908,-0.1356,0.0000,0.1356,0.9908,0.0000,0.0000,0.0000,1.0000,0.0831,0.2046,0.1050
114,9,13.1706,-0.4891,0.4544,0.9908,-0.1356,0.0000,0.1356,0.9908,0.0000,0.0000,0.0000,1.0000,0.0210,0.0279,0.0569
114,10,13.2060,-0.5544,0.4546,0.9908,-0.1356,0.0000,0.1356,0.9908,0.0000,0.0000,0.0000,1.0000,0.0210,0.0279,0.0569
115,0,13.0873,-0.4754,0.4400,0.9883,-0.1525,0.0000,0.1525,0.9883,0.0000,0.0000,0.0000,1.0000,0.2577,0.2263,0.1400
115,1,13.0957,-0.4738,0.6052,0.9883,-0.1525,0.0000,0.1525,0.9883,0.0000,0.0000,0.0000,1.0000,0.1100,0.2168,0.3052
115,2,13.1615,-0.5450,0.5173,0.9883,-0.1525,0.0000,0.1525,0.9883,0.0000,0.0000,0.0000,1.0000,0.1101,0.3070,0.2173
115,3,13.1567,-0.7230,0.5889,0.9883,-0.1525,0.0000,0.1525,0.9883,0.0000,0.0000,0.0000,1.0000,0.2836,0.2073,0.2889
115,4,13.2664,-0.7870,0.5062,0.9883,-0.1525,0.0000,0.1525,0.9883,0.0000,0.0000,0.0000,1.0000,0.2820,0.2947,0.2062
115,5,13.4529,-0.6774,0.6614,0.9883,-0.1525,0.0000,0.1525,0.9883,0.0000,0.0000,0.0000,1.0000,0.1112,0.2100,0.3614
115,6,13.5478,-0.6723,0.4265,0.9883,-0.1525,0.0000,0.1525,0.9883,0.0000,0.0000,0.0000,1.0000,0.1972,0.1336,0.1265
115,7,13.6567,-0.6806,0.4491,0.9883,-0.1525,0.0000,0.1525,0.9883,0.0000,0.0000,0.0000,1.0000,0.1624,0.1625,0.0548
115,8,13.6903,-0.6421,0.4472,0.9883,-0.1525,0.0000,0.1525,0.9883,0.0000,0.0000,0.0000,1.0000,0.0831,0.2046,0.1050
115,9,13.7304,-0.5812,0.4544,0.9883,-0.1525,0.0000,0.1525,0.9883,0.0000,0.0000,0.0000,1.0000,0.0210,0.0279,0.0569
115,10,13.7646,-0.6471,0.4546,0.9883,-0.1525,0.0000,0.1525,0.9883,0.0000,0.0000,0.0000,1.0000,0.0210,0.0279,0.0569
116,0,13.6594,-0.5684,0.4400,0.9854,-0.1704,0.0000,0.1704,0.9854,0.0000,0.0000,0.0000,1.0000,0.2577,0.2263,0.1400
116,1,13.6679,-0.5669,0.6052,0.9854,-0.1704,0.0000,0.1704,0.9854,0.0000,0.0000,0.0000,1.0000,0.1100,0.2168,0.3052
116,2,13.7324,-0.6392,0.5173,0.9854,-0.1704,0.0000,0.1704,0.9854,0.0000,0.0000,0.0000,1.0000,0.1101,0.3070,0.2173
116,3,13.7243,-0.8172,0.5889,0.9854,-0.1704,0.0000,0.1704,0.9854,0.0000,0.0000,0.0000,1.0000,0.2836,0.2073,0.2889
116,4,13.8328,-0.8831,0.5062,0.9854,-0.1704,0.0000,0.1704,0.9854,0.0000,0.0000,0.0000,1.0000,0.2820,0.2947,0.2062
116,5,14.0213,-0.7769,0.6614,0.9854,-0.1704,0.0000,0.1704,0.9854,0.0000,0.0000,0.0000,1.0000,0.1112,0.2100,0.3614
116,6,14.1162,-0.7735,0.4265,0.9854,-0.1704,0.0000,0.1704,0.9854,0.0000,0.0000,0.0000,1.0000,0.1972,0.1336,0.1265
116,7,14.2250,-0.7838,0.4491,0.9854,-0.1704,0.0000,0.1704,0.9854,0.0000,0.0000,0.0000,1.0000,0.1624,0.1625,0.0548
116,8,14.2593,-0.7459,0.4472,0.9854,-0.1704,0.0000,0.1704,0.9854,0.0000,0.0000,0.0000,1.0000,0.0831,0.2046,0.1050
116,9,14.3005,-0.6857,0.4544,0.9854,-0.1704,0.0000,0.1704,0.9854,0.0000,0.0000,0.0000,1.0000,0.0210,0.0279,0.0569
116,10,14.3335,-0.7522,0.4546,0.9854,-0.1704,0.0000,0.1704,0.9854,0.0000,0.0000,0.0000,1.0000,0.0210,0.0279,0.0569
117,0,14.2412,-0.6739,0.4400,0.9820,-0.1891,0.0000,0.1891,0.9820,0.0000,0.0000,0.0000,1.0000,0.2577,0.2263,0.1400
117,1,14.2497,-0.6726,0.6052,0.9820,-0.1891,0.0000,0.1891,0.9820,0.0000,0.0000,0.0000,1.0000,0.1100,0.2168,0.3052
117,2,14.3128,-0.7462,0.5173,0.9820,-0.1891,0.0000,0.1891,0.9820,0.0000,0.0000,0.0000,1.0000,0.1101,0.3070,0.2173
117,3,14.3014,-0.9239,0.5889,0.9820,-0.1891,0.0000,0.1891,0.9820,0.0000,0.0000,0.0000,1.0000,0.2836,0.2073,0.2889
117,4,14.4086,-0.9919,0.5062,0.9820,-0.1891,0.0000,0.1891,0.9820,0.0000,0.0000,0.0000,1.0000,0.2820,0.2947,0.2062
117,5,14.5990,-0.8893,0.6614,0.9820,-0.1891,0.0000,0.1891,0.9820,0.0000,0.0000,0.0000,1.0000,0.1112,0.2100,0.3614
117,6,14.6940,-0.8877,0.4265,0.9820,-0.1891,0.0000,0.1891,0.9820,0.0000,0.0000,0.0000,1.0000,0.1972,0.1336,0.1265
117,7,14.8025,-0.9000,0.4491,0.9820,-0.1891,0.0000,0.1891,0.9820,0.0000,0.0000,0.0000,1.0000,0.1624,0.1625,0.0548
117,8,14.8376,-0.8628,0.4472,0.9820,-0.1891,0.0000,0.1891,0.9820,0.0000,0.0000,0.0000,1.0000,0.0831,0.2046,0.1050
117,9,14.8799,-0.8034,0.4544,0.9820,-0.1891,0.0000,0.1891,0.9820,0.0000,0.0000,0.0000,1.0000,0.0210,0.0279,0.0569
117,10,14.9117,-0.8705,0.4546,0.9820,-0.1891,0.0000,0.1891,0.9820,0.0000,0.0000,0.0000,1.0000,0.0210,0.0279,0.0569
118,0,14.8314,-0.7927,0.4400,0.9781,-0.2080,0.0000,0.2080,0.9781,0.0000,0.0000,0.0000,1.0000,0.2577,0.2263,0.1400
118,1,14.8400,-0.7916,0.6052,0.9781,-0.2080,0.0000,0.2080,0.9781,0.0000,0.0000,0.0000,1.0000,0.1100,0.2168,0.3052
118,2,14.9017,-0.8664,0.5173,0.9781,-0.2080,0.0000,0.2080,0.9781,0.0000,0.0000,0.0000,1.0000,0.1101,0.3070,0.2173
118,3,14.8868,-1.0439,0.5889,0.9781,-0.2080,0.0000,0.2080,0.9781,0.0000,0.0000,0.0000,1.0000,0.2836,0.2073,0.2889
118,4,14.9927,-1.1139,0.5062,0.9781,-0.2080,0.0000,0.2080,0.9781,0.0000,0.0000,0.0000,1.0000,0.2820,0.2947,0.2062
118,5,15.1850,-1.0150,0.6614,0.9781,-0.2080,0.0000,0.2080,0.9781,0.0000,0.0000,0.0000,1.0000,0.1112,0.2100,0.3614
118,6,15.2801,-1.0152,0.4265,0.9781,-0.2080,0.0000,0.2080,0.9781,0.0000,0.0000,0.0000,1.0000,0.1972,0.1336,0.1265
118,7,15.3883,-1.0297,0.4491,0.9781,-0.2080,0.0000,0.2080,0.9781,0.0000,0.0000,0.0000,1.0000,0.1624,0.1625,0.0548
118,8,15.4241,-0.9931,0.4472,0.9781,-0.2080,0.0000,0.2080,0.9781,0.0000,0.0000,0.0000,1.0000,0.0831,0.2046,0.1050
118,9,15.4675,-0.9346,0.4544,0.9781,-0.2080,0.0000,0.2080,0.9781,0.0000,0.0000,0.0000,1.0000,0.0210,0.0279,0.0569
118,10,15.4980,-1.0023,0.4546,0.9781,-0.2080,0.0000,0.2080,0.9781,0.0000,0.0000,0.0000,1.0000,0.0210,0.0279,0.0569
119,0,15.4292,-0.9251,0.4400,0.9740,-0.2267,0.0000,0.2267,0.9740,0.0000,0.0000,0.0000,1.0000,0.2577,0.2263,0.1400
119,1,15.4377,-0.9241,0.6052,0.9740,-0.2267,0.0000,0.2267,0.9740,0.0000,0.0000,0.0000,1.0000,0.1100,0.2168,0.3052
119,2,15.4980,-1.0000,0.5173,0.9740,-0.2267,0.0000,0.2267,0.9740,0.0000,0.0000,0.0000,1.0000,0.1101,0.3070,0.2173
119,3,15.4797,-1.1772,0.5889,0.9740,-0.2267,0.0000,0.2267,0.9740,0.0000,0.0000,0.0000,1.0000,0.2836,0.2073,0.2889
119,4,15.5842,-1.2493,0.5062,0.9740,-0.2267,0.0000,0.2267,0.9740,0.0000,0.0000,0.0000,1.0000,0.2820,0.2947,0.2062
119,5,15.7785,-1.1540,0.6614,0.9740,-0.2267,0.0000,0.2267,0.9740,0.0000,0.0000,0.0000,1.0000,0.1112,0.2100,0.3614
119,6,15.8735,-1.1561,0.4265,0.9740,-0.2267,0.0000,0.2267,0.9740,0.0000,0.0000,0.0000,1.0000,0.1972,0.1336,0.1265
119,7,15.9814,-1.1726,0.4491,0.9740,-0.2267,0.0000,0.2267,0.9740,0.0000,0.0000,0.0000,1.0000,0.1624,0.1625,0.0548
119,8,16.0179,-1.1368,0.4472,0.9740,-0.2267,0.0000,0.2267,0.9740,0.0000,0.0000,0.0000,1.0000,0.0831,0.2046,0.1050
119,9,16.0625,-1.0791,0.4544,0.9740,-0.2267,0.0000,0.2267,0.9740,0.0000,0.0000,0.0000,1.0000,0.0210,0.0279,0.0569
119,10,16.0916,-1.1474,0.4546,0.9740,-0.2267,0.0000,0.2267,0.9740,0.0000,0.0000,0.0000,1.0000,0.0210,0.0279,0.0569
120,0,16.0339,-1.0713,0.4400,0.9694,-0.2457,0.0000,0.2457,0.9694,0.0000,0.0000,0.0000,1.0000,0.2577,0.2263,0.1400
120,1,16.0424,-1.0705,0.6052,0.9694,-0.2457,0.0000,0.2457,0.9694,0.0000,0.0000,0.0000,1.0000,0.1100,0.2168,0.3052
120,2,16.1012,-1.1476,0.5173,0.9694,-0.2457,0.0000,0.2457,0.9694,0.0000,0.0000,0.0000,1.0000,0.1101,0.3070,0.2173
120,3,16.0795,-1.3244,0.5889,0.9694,-0.2457,0.0000,0.2457,0.9694,0.0000,0.0000,0.0000,1.0000,0.2836,0.2073,0.2889
120,4,16.1825,-1.3985,0.5062,0.9694,-0.2457,0.0000,0.2457,0.9694,0.0000,0.0000,0.0000,1.0000,0.2820,0.2947,0.2062
120,5,16.3786,-1.3070,0.6614,0.9694,-0.2457,0.0000,0.2457,0.9694,0.0000,0.0000,0.0000,1.0000,0.1112,0.2100,0.3614
120,6,16.4736,-1.3110,0.4265,0.9694,-0.2457,0.0000,0.2457,0.9694,0.0000,0.0000,0.0000,1.0000,0.1972,0.1336,0.1265
120,7,16.5812,-1.3296,0.4491,0.9694,-0.2457,0.0000,0.2457,0.9694,0.0000,0.0000,0.0000,1.0000,0.1624,0.1625,0.0548
120,8,16.6184,-1.2944,0.4472,0.9694,-0.2457,0.0000,0.2457,0.9694,0.0000,0.0000,0.0000,1.0000,0.0831,0.2046,0.1050
120,9,16.6640,-1.2376,0.4544,0.9694,-0.2457,0.0000,0.2457,0.9694,0.0000,0.0000,0.0000,1.0000,0.0210,0.0279,0.0569
120,10,16.6919,-1.3065,0.4546,0.9694,-0.2457,0.0000,0.2457,0.9694,0.0000,0.0000,0.0000,1.0000,0.0210,0.0279,0.0569
121,0,16.6449,-1.2318,0.4400,0.9643,-0.2647,0.0000,0.2647,0.9643,0.0000,0.0000,0.0000,1.0000,0.2577,0.2263,0.1400
121,1,16.6535,-1.2312,0.6052,0.9643,-0.2647,0.0000,0.2647,0.9643,0.0000,0.0000,0.0000,1.0000,0.1100,0.2168,0.3052
121,2,16.7108,-1.3094,0.5173,0.9643,-0.2647,0.0000,0.2647,0.9643,0.0000,0.0000,0.0000,1.0000,0.1101,0.3070,0.2173
121,3,16.6856,-1.4857,0.5889,0.9643,-0.2647,0.0000,0.2647,0.9643,0.0000,0.0000,0.0000,1.0000,0.2836,0.2073,0.2889
121,4,16.7872,-1.5618,0.5062,0.9643,-0.2647,0.0000,0.2647,0.9643,0.0000,0.0000,0.0000,1.0000,0.2820,0.2947,0.2062
121,5,16.9850,-1.4743,0.6614,0.9643,-0.2647,0.0000,0.2647,0.9643,0.0000,0.0000,0.0000,1.0000,0.1112,0.2100,0.3614
121,6,17.0798,-1.4801,0.4265,0.9643,-0.2647,0.0000,0.2647,0.9643,0.0000,0.0000,0.0000,1.0000,0.1972,0.1336,0.1265
121,7,17.1871,-1.5008,0.4491,0.9643,-0.2647,0.0000,0.2647,0.9643,0.0000,0.0000,0.0000,1.0000,0.1624,0.1625,0.0548
121,8,17.2249,-1.4664,0.4472,0.9643,-0.2647,0.0000,0.2647,0.9643,0.0000,0.0000,0.0000,1.0000,0.0831,0.2046,0.1050
121,9,17.2717,-1.4105,0.4544,0.9643,-0.2647,0.0000,0.2647,0.9643,0.0000,0.0000,0.0000,1.0000,0.0210,0.0279,0.0569
121,10,17.2982,-1.4799,0.4546,0.9643,-0.2647,0.0000,0.2647,0.9643,0.0000,0.0000,0.0000,1.0000,0.0210,0.0279,0.0569
122,0,17.2620,-1.4069,0.4400,0.9590,-0.2833,0.0000,0.2833,0.9590,0.0000,0.0000,0.0000,1.0000,0.2577,0.2263,0.1400
122,1,17.2706,-1.4064,0.6052,0.9590,-0.2833,0.0000,0.2833,0.9590,0.0000,0.0000,0.0000,1.0000,0.1100,0.2168,0.3052
122,2,17.3263,-1.4857,0.5173,0.9590,-0.2833,0.0000,0.2833,0.9590,0.0000,0.0000,0.0000,1.0000,0.1101,0.3070,0.2173
122,3,17.2977,-1.6615,0.5889,0.9590,-0.2833,0.0000,0.2833,0.9590,0.0000,0.0000,0.0000,1.0000,0.2836,0.2073,0.2889
122,4,17.3978,-1.7396,0.5062,0.9590,-0.2833,0.0000,0.2833,0.9590,0.0000,0.0000,0.0000,1.0000,0.2820,0.2947,0.2062
122,5,17.5973,-1.6558,0.6614,0.9590,-0.2833,0.0000,0.2833,0.9590,0.0000,0.0000,0.0000,1.0000,0.1112,0.2100,0.3614
122,6,17.6920,-1.6635,0.4265,0.9590,-0.2833,0.0000,0.2833,0.9590,0.0000,0.0000,0.0000,1.0000,0.1972,0.1336,0.1265
122,7,17.7988,-1.6863,0.4491,0.9590,-0.2833,0.0000,0.2833,0.9590,0.0000,0.0000,0.0000,1.0000,0.1624,0.1625,0.0548
122,8,17.8374,-1.6526,0.4472,0.9590,-0.2833,0.0000,0.2833,0.9590,0.0000,0.0000,0.0000,1.0000,0.0831,0.2046,0.1050
122,9,17.8852,-1.5976,0.4544,0.9590,-0.2833,0.0000,0.2833,0.9590,0.0000,0.0000,0.0000,1.0000,0.0210,0.0279,0.0569
122,10,17.9103,-1.6675,0.4546,0.9590,-0.2833,0.0000,0.2833,0.9590,0.0000,0.0000,0.0000,1.0000,0.0210,0.0279,0.0569
123,0,17.8848,-1.5965,0.4400,0.9535,-0.3015,0.0000,0.3015,0.9535,0.0000,0.0000,0.0000,1.0000,0.2577,0.2263,0.1400
123,1,17.8934,-1.5962,0.6052,0.9535,-0.3015,0.0000,0.3015,0.9535,0.0000,0.0000,0.0000,1.0000,0.1100,0.2168,0.3052
123,2,17.9476,-1.6766,0.5173,0.9535,-0.3015,0.0000,0.3015,0.9535,0.0000,0.0000,0.0000,1.0000,0.1101,0.3070,0.2173
123,3,17.9157,-1.8518,0.5889,0.9535,-0.3015,0.0000,0.3015,0.9535,0.0000,0.0000,0.0000,1.0000,0.2836,0.2073,0.2889
123,4,18.0143,-1.9318,0.5062,0.9535,-0.3015,0.0000,0.3015,0.9535,0.0000,0.0000,0.0000,1.0000,0.2820,0.2947,0.2062
123,5,18.2153,-1.8519,0.6614,0.9535,-0.3015,0.0000,0.3015,0.9535,0.0000,0.0000,0.0000,1.0000,0.1112,0.2100,0.3614
123,6,18.3099,-1.8613,0.4265,0.9535,-0.3015,0.0000,0.3015,0.9535,0.0000,0.0000,0.0000,1.0000,0.1972,0.1336,0.1265
123,7,18.4162,-1.8861,0.4491,0.9535,-0.3015,0.0000,0.3015,0.9535,0.0000,0.0000,0.0000,1.0000,0.1624,0.1625,0.0548
123,8,18.4554,-1.8532,0.4472,0.9535,-0.3015,0.0000,0.3015,0.9535,0.0000,0.0000,0.0000,1.0000,0.0831,0.2046,0.1050
123,9,18.5043,-1.7991,0.4544,0.9535,-0.3015,0.0000,0.3015,0.9535,0.0000,0.0000,0.0000,1.0000,0.0210,0.0279,0.0569
123,10,18.5281,-1.8695,0.4546,0.9535,-0.3015,0.0000,0.3015,0.9535,0.0000,0.0000,0.0000,1.0000,0.0210,0.0279,0.0569
124,0,18.5131,-1.8008,0.4400,0.9478,-0.3189,0.0000,0.3189,0.9478,0.0000,0.0000,0.0000,1.0000,0.2577,0.2263,0.1400
124,1,18.5217,-1.8006,0.6052,0.9478,-0.3189,0.0000,0.3189,0.9478,0.0000,0.0000,0.0000,1.0000,0.1100,0.2168,0.3052
124,2,18.5744,-1.8820,0.5173,0.9478,-0.3189,0.0000,0.3189,0.9478,0.0000,0.0000,0.0000,1.0000,0.1101,0.3070,0.2173
124,3,18.5393,-2.0566,0.5889,0.9478,-0.3189,0.0000,0.3189,0.9478,0.0000,0.0000,0.0000,1.0000,0.2836,0.2073,0.2889
124,4,18.6364,-2.1384,0.5062,0.9478,-0.3189,0.0000,0.3189,0.9478,0.0000,0.0000,0.0000,1.0000,0.2820,0.2947,0.2062
124,5,18.8388,-2.0622,0.6614,0.9478,-0.3189,0.0000,0.3189,0.9478,0.0000,0.0000,0.0000,1.0000,0.1112,0.2100,0.3614
124,6,18.9332,-2.0733,0.4265,0.9478,-0.3189,0.0000,0.3189,0.9478,0.0000,0.0000,0.0000,1.0000,0.1972,0.1336,0.1265
124,7,19.0391,-2.1001,0.4491,0.9478,-0.3189,0.0000,0.3189,0.9478,0.0000,0.0000,0.0000,1.0000,0.1624,0.1625,0.0548
124,8,19.0788,-2.0679,0.4472,0.9478,-0.3189,0.0000,0.3189,0.9478,0.0000,0.0000,0.0000,1.0000,0.0831,0.2046,0.1050
124,9,19.1287,-2.0147,0.4544,0.9478,-0.3189,0.0000,0.3189,0.9478,0.0000,0.0000,0.0000,1.0000,0.0210,0.0279,0.0569
124,10,19.1512,-2.0855,0.4546,0.9478,-0.3189,0.0000,0.3189,0.9478,0.0000,0.0000,0.0000,1.0000,0.0210,0.0279,0.0569
125,0,19.1465,-2.0197,0.4400,0.9417,-0.3363,0.0000,0.3363,0.9417,0.0000,0.0000,0.0000,1.0000,0.2577,0.2263,0.1400
125,1,19.1551,-2.0197,0.6052,0.9417,-0.3363,0.0000,0.3363,0.9417,0.0000,0.0000,0.0000,1.0000,0.1100,0.2168,0.3052
125,2,19.2063,-2.1020,0.5173,0.9417,-0.3363,0.0000,0.3363,0.9417,0.0000,0.0000,0.0000,1.0000,0.1101,0.3070,0.2173
125,3,19.1680,-2.2760,0.5889,0.9417,-0.3363,0.0000,0.3363,0.9417,0.0000,0.0000,0.0000,1.0000,0.2836,0.2073,0.2889
125,4,19.2636,-2.3595,0.5062,0.9417,-0.3363,0.0000,0.3363,0.9417,0.0000,0.0000,0.0000,1.0000,0.2820,0.2947,0.2062
125,5,19.4674,-2.2870,0.6614,0.9417,-0.3363,0.0000,0.3363,0.9417,0.0000,0.0000,0.0000,1.0000,0.1112,0.2100,0.3614
125,6,19.5616,-2.2999,0.4265,0.9417,-0.3363,0.0000,0.3363,0.9417,0.0000,0.0000,0.0000,1.0000,0.1972,0.1336,0.1265
125,7,19.6669,-2.3287,0.4491,0.9417,-0.3363,0.0000,0.3363,0.9417,0.0000,0.0000,0.0000,1.0000,0.1624,0.1625,0.0548
125,8,19.7073,-2.2972,0.4472,0.9417,-0.3363,0.0000,0.3363,0.9417,0.0000,0.0000,0.0000,1.0000,0.0831,0.2046,0.1050
125,9,19.7581,-2.2449,0.4544,0.9417,-0.3363,0.0000,0.3363,0.9417,0.0000,0.0000,0.0000,1.0000,0.0210,0.0279,0.0569
125,10,19.7793,-2.3161,0.4546,0.9417,-0.3363,0.0000,0.3363,0.9417,0.0000,0.0000,0.0000,1.0000,0.0210,0.0279,0.0569
126,0,19.7849,-2.2534,0.4400,0.9356,-0.3530,0.0000,0.3530,0.9356,0.0000,0.0000,0.0000,1.0000,0.2577,0.2263,0.1400
126,1,19.7935,-2.2535,0.6052,0.9356,-0.3530,0.0000,0.3530,0.9356,0.0000,0.0000,0.0000,1.0000,0.1100,0.2168,0.3052
126,2,19.8433,-2.3367,0.5173,0.9356,-0.3530,0.0000,0.3530,0.9356,0.0000,0.0000,0.0000,1.0000,0.1101,0.3070,0.2173
126,3,19.8018,-2.5100,0.5889,0.9356,-0.3530,0.0000,0.3530,0.9356,0.0000,0.0000,0.0000,1.0000,0.2836,0.2073,0.2889
126,4,19.8959,-2.5952,0.5062,0.9356,-0.3530,0.0000,0.3530,0.9356,0.0000,0.0000,0.0000,1.0000,0.2820,0.2947,0.2062
126,5,20.1010,-2.5263,0.6614,0.9356,-0.3530,0.0000,0.3530,0.9356,0.0000,0.0000,0.0000,1.0000,0.1112,0.2100,0.3614
126,6,20.1949,-2.5409,0.4265,0.9356,-0.3530,0.0000,0.3530,0.9356,0.0000,0.0000,0.0000,1.0000,0.1972,0.1336,0.1265
126,7,20.2998,-2.5715,0.4491,0.9356,-0.3530,0.0000,0.3530,0.9356,0.0000,0.0000,0.0000,1.0000,0.1624,0.1625,0.0548
126,8,20.3407,-2.5408,0.4472,0.9356,-0.3530,0.0000,0.3530,0.9356,0.0000,0.0000,0.0000,1.0000,0.0831,0.2046,0.1050
126,9,20.3924,-2.4894,0.4544,0.9356,-0.3530,0.0000,0.3530,0.9356,0.0000,0.0000,0.0000,1.0000,0.0210,0.0279,0.0569
126,10,20.4123,-2.5610,0.4546,0.9356,-0.3530,0.0000,0.3530,0.9356,0.0000,0.0000,0.0000,1.0000,0.0210,0.0279,0.0569
127,0,20.4278,-2.5015,0.4400,0.9294,-0.3690,0.0000,0.3690,0.9294,0.0000,0.0000,0.0000,1.0000,0.2577,0.2263,0.1400
127,1,20.4364,-2.5018,0.6052,0.9294,-0.3690,0.0000,0.3690,0.9294,0.0000,0.0000,0.0000,1.0000,0.1100,0.2168,0.3052
127,2,20.4847,-2.5859,0.5173,0.9294,-0.3690,0.0000,0.3690,0.9294,0.0000,0.0000,0.0000,1.0000,0.1101,0.3070,0.2173
127,3,20.4404,-2.7584,0.5889,0.9294,-0.3690,0.0000,0.3690,0.9294,0.0000,0.0000,0.0000,1.0000,0.2836,0.2073,0.2889
127,4,20.5330,-2.8452,0.5062,0.9294,-0.3690,0.0000,0.3690,0.9294,0.0000,0.0000,0.0000,1.0000,0.2820,0.2947,0.2062
127,5,20.7392,-2.7799,0.6614,0.9294,-0.3690,0.0000,0.3690,0.9294,0.0000,0.0000,0.0000,1.0000,0.1112,0.2100,0.3614
127,6,20.8328,-2.7961,0.4265,0.9294,-0.3690,0.0000,0.3690,0.9294,0.0000,0.0000,0.0000,1.0000,0.1972,0.1336,0.1265
127,7,20.9372,-2.8284,0.4491,0.9294,-0.3690,0.0000,0.3690,0.9294,0.0000,0.0000,0.0000,1.0000,0.1624,0.1625,0.0548
127,8,20.9786,-2.7984,0.4472,0.9294,-0.3690,0.0000,0.3690,0.9294,0.0000,0.0000,0.0000,1.0000,0.0831,0.2046,0.1050
127,9,21.0312,-2.7479,0.4544,0.9294,-0.3690,0.0000,0.3690,0.9294,0.0000,0.0000,0.0000,1.0000,0.0210,0.0279,0.0569
127,10,21.0499,-2.8198,0.4546,0.9294,-0.3690,0.0000,0.3690,0.9294,0.0000,0.0000,0.0000,1.0000,0.0210,0.0279,0.0569
128,0,-0.0452,-0.0079,0.4400,1.0000,0.0001,0.0000,-0.0001,1.0000,0.0000,0.0000,0.0000,1.0000,0.2577,0.2263,0.1400
128,1,-0.0371,-0.0050,0.6052,1.0000,0.0001,0.0000,-0.0001,1.0000,0.0000,0.0000,0.0000,1.0000,0.1100,0.2168,0.3052
128,2,0.0388,-0.0653,0.5173,1.0000,0.0001,0.0000,-0.0001,1.0000,0.0000,0.0000,0.0000,1.0000,0.1101,0.3070,0.2173
128,3,0.0612,-0.2420,0.5889,1.0000,0.0001,0.0000,-0.0001,1.0000,0.0000,0.0000,0.0000,1.0000,0.2836,0.2073,0.2889
128,4,0.1793,-0.2885,0.5062,1.0000,0.0001,0.0000,-0.0001,1.0000,0.0000,0.0000,0.0000,1.0000,0.2820,0.2947,0.2062
128,5,0.3469,-0.1517,0.6614,1.0000,0.0001,0.0000,-0.0001,1.0000,0.0000,0.0000,0.0000,1.0000,0.1112,0.2100,0.3614
128,6,0.4399,-0.1322,0.4265,1.0000,0.0001,0.0000,-0.0001,1.0000,0.0000,0.0000,0.0000,1.0000,0.1972,0.1336,0.1265
128,7,0.5488,-0.1238,0.4491,1.0000,0.0001,0.0000,-0.0001,1.0000,0.0000,0.0000,0.0000,1.0000,0.1624,0.1625,0.0548
128,8,0.5762,-0.0806,0.4472,1.0000,0.0001,0.0000,-0.0001,1.0000,0.0000,0.0000,0.0000,1.0000,0.0831,0.2046,0.1050
128,9,0.6065,-0.0142,0.4544,1.0000,0.0001,0.0000,-0.0001,1.0000,0.0000,0.0000,0.0000,1.0000,0.0210,0.0279,0.0569
128,10,0.6504,-0.0741,0.4546,1.0000,0.0001,0.0000,-0.0001,1.0000,0.0000,0.0000,0.0000,1.0000,0.0210,0.0279,0.0569
129,0,-0.0460,-0.0079,0.4400,1.0000,0.0001,0.0000,-0.0001,1.0000,0.0000,0.0000,0.0000,1.0000,0.2577,0.2263,0.1400
129,1,-0.0379,-0.0050,0.6052,1.0000,0.0001,0.0000,-0.0001,1.0000,0.0000,0.0000,0.0000,1.0000,0.1100,0.2168,0.3052
129,2,0.0380,-0.0653,0.5173,1.0000,0.0001,0.0000,-0.0001,1.0000,0.0000,0.0000,0.0000,1.0000,0.1101,0.3070,0.2173
129,3,0.0604,-0.2420,0.5889,1.0000,0.0001,0.0000,-0.0001,1.0000,0.0000,0.0000,0.0000,1.0000,0.2836,0.2073,0.2889
129,4,0.1785,-0.2885,0.5062,1.0000,0.0001,0.0000,-0.0001,1.0000,0.0000,0.0000,0.0000,1.0000,0.2820,0.2947,0.2062
129,5,0.3461,-0.1517,0.6614,1.0000,0.0001,0.0000,-0.0001,1.0000,0.0000,0.0000,0.0000,1.0000,0.1112,0.2100,0.3614
129,6,0.4391,-0.1322,0.4265,1.0000,0.0001,0.0000,-0.0001,1.0000,0.0000,0.0000,0.0000,1.0000,0.1972,0.1336,0.1265
129,7,0.5480,-0.1237,0.4491,1.0000,0.0001,0.0000,-0.0001,1.0000,0.0000,0.0000,0.0000,1.0000,0.1624,0.1625,0.0548
129,8,0.5754,-0.0805,0.4472,1.0000,0.0001,0.0000,-0.0001,1.0000,0.0000,0.0000,0.0000,1.0000,0.0831,0.2046,0.1050
129,9,0.6057,-0.0142,0.4544,1.0000,0.0001,0.0000,-0.0001,1.0000,0.0000,0.0000,0.0000,1.0000,0.0210,0.0279,0.0569
129,10,0.6496,-0.0741,0.4546,1.0000,0.0001,0.0000,-0.0001,1.0000,0.0000,0.0000,0.0000,1.0000,0.0210,0.0279,0.0569
130,0,-0.0444,-0.0079,0.4400,1.0000,0.0001,0.0000,-0.0001,1.0000,0.0000,0.0000,0.0000,1.0000,0.2577,0.2263,0.1400
130,1,-0.0363,-0.0050,0.6052,1.0000,0.0001,0.0000,-0.0001,1.0000,0.0000,0.0000,0.0000,1.0000,0.1100,0.2168,0.3052
130,2,0.0396,-0.0653,0.5173,1.0000,0.0001,0.0000,-0.0001,1.0000,0.0000,0.0000,0.0000,1.0000,0.1101,0.3070,0.2173
130,3,0.0620,-0.2420,0.5889,1.0000,0.0001,0.0000,-0.0001,1.0000,0.0000,0.0000,0.0000,1.0000,0.2836,0.2073,0.2889
130,4,0.1801,-0.2885,0.5062,1.0000,0.0001,0.0000,-0.0001,1.0000,0.0000,0.0000,0.0000,1.0000,0.2820,0.2947,0.2062
130,5,0.3477,-0.1517,0.6614,1.0000,0.0001,0.0000,-0.0001,1.0000,0.0000,0.0000,0.0000,1.0000,0.1112,0.2100,0.3614
130,6,0.4407,-0.1322,0.4265,1.0000,0.0001,0.0000,-0.0001,1.0000,0.0000,0.0000,0.0000,1.0000,0.1972,0.1336,0.1265
130,7,0.5496,-0.1238,0.4491,1.0000,0.0001,0.0000,-0.0001,1.0000,0.0000,0.0000,0.0000,1.0000,0.1624,0.1625,0.0548
130,8,0.5770,-0.0806,0.4472,1.0000,0.0001,0.0000,-0.0001,1.0000,0.0000,0.0000,0.0000,1.0000,0.0831,0.2046,0.1050
130,9,0.6073,-0.0143,0.4544,1.0000,0.0001,0.0000,-0.0001,1.0000,0.0000,0.0000,0.0000,1.0000,0.0210,0.0279,0.0569
130,10,0.6512,-0.0742,0.4546,1.0000,0.0001,0.0000,-0.0001,1.0000,0.0000,0.0000,0.0000,1.0000,0.0210,0.0279,0.0569
131,0,-0.0408,-0.0079,0.4400,1.0000,0.0000,0.0000,-0.0000,1.0000,0.0000,0.0000,0.0000,1.0000,0.2577,0.2263,0.1400
131,1,-0.0327,-0.0050,0.6052,1.0000,0.0000,0.0000,-0.0000,1.0000,0.0000,0.0000,0.0000,1.0000,0.1100,0.2168,0.3052
131,2,0.0432,-0.0653,0.5173,1.0000,0.0000,0.0000,-0.0000,1.0000,0.0000,0.0000,0.0000,1.0000,0.1101,0.3070,0.2173
131,3,0.0656,-0.2420,0.5889,1.0000,0.0000,0.0000,-0.0000,1.0000,0.0000,0.0000,0.0000,1.0000,0.2836,0.2073,0.2889
131,4,0.1837,-0.2885,0.5062,1.0000,0.0000,0.0000,-0.0000,1.0000,0.0000,0.0000,0.0000,1.0000,0.2820,0.2947,0.2062
131,5,0.3513,-0.1517,0.6614,1.0000,0.0000,0.0000,-0.0000,1.0000,0.0000,0.0000,0.0000,1.0000,0.1112,0.2100,0.3614
131,6,0.4443,-0.1322,0.4265,1.0000,0.0000,0.0000,-0.0000,1.0000,0.0000,0.0000,0.0000,1.0000,0.1972,0.1336,0.1265
131,7,0.5532,-0.1238,0.4491,1.0000,0.0000,0.0000,-0.0000,1.0000,0.0000,0.0000,0.0000,1.0000,0.1624,0.1625,0.0548
131,8,0.5806,-0.0806,0.4472,1.0000,0.0000,0.0000,-0.0000,1.0000,0.0000,0.0000,0.0000,1.0000,0.0831,0.2046,0.1050
131,9,0.6109,-0.0143,0.4544,1.0000,0.0000,0.0000,-0.0000,1.0000,0.0000,0.0000,0.0000,1.0000,0.0210,0.0279,0.0569
131,10,0.6548,-0.0742,0.4546,1.0000,0.0000,0.0000,-0.0000,1.0000,0.0000,0.0000,0.0000,1.0000,0.0210,0.0279,0.0569
132,0,-0.0348,-0.0079,0.4400,1.0000,-0.0001,0.0000,0.0001,1.0000,0.0000,0.0000,0.0000,1.0000,0.2577,0.2263,0.1400
132,1,-0.0267,-0.0050,0.6052,1.0000,-0.0001,0.0000,0.0001,1.0000,0.0000,0.0000,0.0000,1.0000,0.1100,0.2168,0.3052
132,2,0.0492,-0.0653,0.5173,1.0000,-0.0001,0.0000,0.0001,1.0000,0.0000,0.0000,0.0000,1.0000,0.1101,0.3070,0.2173
132,3,0.0716,-0.2420,0.5889,1.0000,-0.0001,0.0000,0.0001,1.0000,0.0000,0.0000,0.0000,1.0000,0.2836,0.2073,0.2889
132,4,0.1897,-0.2885,0.5062,1.0000,-0.0001,0.0000,0.0001,1.0000,0.0000,0.0000,0.0000,1.0000,0.2820,0.2947,0.2062
132,5,0.3573,-0.1517,0.6614,1.0000,-0.0001,0.0000,0.0001,1.0000,0.0000,0.0000,0.0000,1.0000,0.1112,0.2100,0.3614
132,6,0.4503,-0.1322,0.4265,1.0000,-0.0001,0.0000,0.0001,1.0000,0.0000,0.0000,0.0000,1.0000,0.1972,0.1336,0.1265
132,7,0.5592,-0.1239,0.4491,1.0000,-0.0001,0.0000,0.0001,1.0000,0.0000,0.0000,0.0000,1.0000,0.1624,0.1625,0.0548
132,8,0.5866,-0.0807,0.4472,1.0000,-0.0001,0.0000,0.0001,1.0000,0.0000,0.0000,0.0000,1.0000,0.0831,0.2046,0.1050
132,9,0.6169,-0.0144,0.4544,1.0000,-0.0001,0.0000,0.0001,1.0000,0.0000,0.0000,0.0000,1.0000,0.0210,0.0279,0.0569
132,10,0.6608,-0.0743,0.4546,1.0000,-0.0001,0.0000,0.0001,1.0000,0.0000,0.0000,0.0000,1.0000,0.0210,0.0279,0.0569
133,0,-0.0252,-0.0079,0.4400,1.0000,-0.0003,0.0000,0.0003,1.0000,0.0000,0.0000,0.0000,1.0000,0.2577,0.2263,0.1400
133,1,-0.0171,-0.0050,0.6052,1.0000,-0.0003,0.0000,0.0003,1.0000,0.0000,0.0000,0.0000,1.0000,0.1100,0.2168,0.3052
133,2,0.0588,-0.0653,0.5173,1.0000,-0.0003,0.0000,0.0003,1.0000,0.0000,0.0000,0.0000,1.0000,0.1101,0.3070,0.2173
133,3,0.0811,-0.2420,0.5889,1.0000,-0.0003,0.0000,0.0003,1.0000,0.0000,0.0000,0.0000,1.0000,0.2836,0.2073,0.2889
133,4,0.1992,-0.2886,0.5062,1.0000,-0.0003,0.0000,0.0003,1.0000,0.0000,0.0000,0.0000,1.0000,0.2820,0.2947,0.2062
133,5,0.3668,-0.1518,0.6614,1.0000,-0.0003,0.0000,0.0003,1.0000,0.0000,0.0000,0.0000,1.0000,0.1112,0.2100,0.3614
133,6,0.4599,-0.1323,0.4265,1.0000,-0.0003,0.0000,0.0003,1.0000,0.0000,0.0000,0.0000,1.0000,0.1972,0.1336,0.1265
133,7,0.5688,-0.1240,0.4491,1.0000,-0.0003,0.0000,0.0003,1.0000,0.0000,0.0000,0.0000,1.0000,0.1624,0.1625,0.0548
133,8,0.5962,-0.0808,0.4472,1.0000,-0.0003,0.0000,0.0003,1.0000,0.0000,0.0000,0.0000,1.0000,0.0831,0.2046,0.1050
133,9,0.6265,-0.0145,0.4544,1.0000,-0.0003,0.0000,0.0003,1.0000,0.0000,0.0000,0.0000,1.0000,0.0210,0.0279,0.0569
133,10,0.6704,-0.0744,0.4546,1.0000,-0.0003,0.0000,0.0003,1.0000,0.0000,0.0000,0.0000,1.0000,0.0210,0.0279,0.0569
134,0,-0.0111,-0.0079,0.4400,1.0000,-0.0005,0.0000,0.0005,1.0000,0.0000,0.0000,0.0000,1.0000,0.2577,0.2263,0.1400
134,1,-0.0030,-0.0050,0.6052,1.0000,-0.0005,0.0000,0.0005,1.0000,0.0000,0.0000,0.0000,1.0000,0.1100,0.2168,0.3052
134,2,0.0729,-0.0653,0.5173,1.0000,-0.0005,0.0000,0.0005,1.0000,0.0000,0.0000,0.0000,1.0000,0.1101,0.3070,0.2173
134,3,0.0952,-0.2420,0.5889,1.0000,-0.0005,0.0000,0.0005,1.0000,0.0000,0.0000,0.0000,1.0000,0.2836,0.2073,0.2889
134,4,0.2133,-0.2886,0.5062,1.0000,-0.0005,0.0000,0.0005,1.0000,0.0000,0.0000,0.0000,1.0000,0.2820,0.2947,0.2062
134,5,0.3809,-0.1519,0.6614,1.0000,-0.0005,0.0000,0.0005,1.0000,0.0000,0.0000,0.0000,1.0000,0.1112,0.2100,0.3614
134,6,0.4740,-0.1324,0.4265,1.0000,-0.0005,0.0000,0.0005,1.0000,0.0000,0.0000,0.0000,1.0000,0.1972,0.1336,0.1265
134,7,0.5829,-0.1241,0.4491,1.0000,-0.0005,0.0000,0.0005,1.0000,0.0000,0.0000,0.0000,1.0000,0.1624,0.1625,0.0548
134,8,0.6103,-0.0809,0.4472,1.0000,-0.0005,0.0000,0.0005,1.0000,0.0000,0.0000,0.0000,1.0000,0.0831,0.2046,0.1050
134,9,0.6406,-0.0146,0.4544,1.0000,-0.0005,0.0000,0.0005,1.0000,0.0000,0.0000,0.0000,1.0000,0.0210,0.0279,0.0569
134,10,0.6845,-0.0746,0.4546,1.0000,-0.0005,0.0000,0.0005,1.0000,0.0000,0.0000,0.0000,1.0000,0.0210,0.0279,0.0569
135,0,0.0080,-0.0079,0.4400,1.0000,-0.0009,0.0000,0.0009,1.0000,0.0000,0.0000,0.0000,1.0000,0.2577,0.2263,0.1400
135,1,0.0161,-0.0050,0.6052,1.0000,-0.0009,0.0000,0.0009,1.0000,0.0000,0.0000,0.0000,1.0000,0.1100,0.2168,0.3052
135,2,0.0919,-0.0654,0.5173,1.0000,-0.0009,0.0000,0.0009,1.0000,0.0000,0.0000,0.0000,1.0000,0.1101,0.3070,0.2173
135,3,0.1141,-0.2421,0.5889,1.0000,-0.0009,0.0000,0.0009,1.0000,0.0000,0.0000,0.0000,1.0000,0.2836,0.2073,0.2889
135,4,0.2322,-0.2887,0.5062,1.0000,-0.0009,0.0000,0.0009,1.0000,0.0000,0.0000,0.0000,1.0000,0.2820,0.2947,0.2062
135,5,0.3999,-0.1520,0.6614,1.0000,-0.0009,0.0000,0.0009,1.0000,0.0000,0.0000,0.0000,1.0000,0.1112,0.2100,0.3614
135,6,0.4929,-0.1326,0.4265,1.0000,-0.0009,0.0000,0.0009,1.0000,0.0000,0.0000,0.0000,1.0000,0.1972,0.1336,0.1265
135,7,0.6018,-0.1243,0.4491,1.0000,-0.0009,0.0000,0.0009,1.0000,0.0000,0.0000,0.0000,1.0000,0.1624,0.1625,0.0548
135,8,0.6293,-0.0811,0.4472,1.0000,-0.0009,0.0000,0.0009,1.0000,0.0000,0.0000,0.0000,1.0000,0.0831,0.2046,0.1050
135,9,0.6596,-0.0149,0.4544,1.0000,-0.0009,0.0000,0.0009,1.0000,0.0000,0.0000,0.0000,1.0000,0.0210,0.0279,0.0569
135,10,0.7035,-0.0748,0.4546,1.0000,-0.0009,0.0000,0.0009,1.0000,0.0000,0.0000,0.0000,1.0000,0.0210,0.0279,0.0569
136,0,0.0307,-0.0079,0.4400,1.0000,-0.0013,0.0000,0.0013,1.0000,0.0000,0.0000,0.0000,1.0000,0.2577,0.2263,0.1400
136,1,0.0388,-0.0050,0.6052,1.0000,-0.0013,0.0000,0.0013,1.0000,0.0000,0.0000,0.0000,1.0000,0.1100,0.2168,0.3052
136,2,0.1146,-0.0654,0.5173,1.0000,-0.0013,0.0000,0.0013,1.0000,0.0000,0.0000,0.0000,1.0000,0.1101,0.3070,0.2173
136,3,0.1368,-0.2421,0.5889,1.0000,-0.0013,0.0000,0.0013,1.0000,0.0000,0.0000,0.0000,1.0000,0.2836,0.2073,0.2889
136,4,0.2548,-0.2888,0.5062,1.0000,-0.0013,0.0000,0.0013,1.0000,0.0000,0.0000,0.0000,1.0000,0.2820,0.2947,0.2062
136,5,0.4226,-0.1522,0.6614,1.0000,-0.0013,0.0000,0.0013,1.0000,0.0000,0.0000,0.0000,1.0000,0.1112,0.2100,0.3614
136,6,0.5156,-0.1328,0.4265,1.0000,-0.0013,0.0000,0.0013,1.0000,0.0000,0.0000,0.0000,1.0000,0.1972,0.1336,0.1265
136,7,0.6245,-0.1246,0.4491,1.0000,-0.0013,0.0000,0.0013,1.0000,0.0000,0.0000,0.0000,1.0000,0.1624,0.1625,0.0548
136,8,0.6520,-0.0814,0.4472,1.0000,-0.0013,0.0000,0.0013,1.0000,0.0000,0.0000,0.0000,1.0000,0.0831,0.2046,0.1050
136,9,0.6824,-0.0151,0.4544,1.0000,-0.0013,0.0000,0.0013,1.0000,0.0000,0.0000,0.0000,1.0000,0.0210,0.0279,0.0569
136,10,0.7262,-0.0751,0.4546,1.0000,-0.0013,0.0000,0.0013,1.0000,0.0000,0.0000,0.0000,1.0000,0.0210,0.0279,0.0569
137,0,0.0548,-0.0079,0.4400,1.0000,-0.0017,0.0000,0.0017,1.0000,0.0000,0.0000,0.0000,1.0000,0.2577,0.2263,0.1400
137,1,0.0629,-0.0050,0.6052,1.0000,-0.0017,0.0000,0.0017,1.0000,0.0000,0.0000,0.0000,1.0000,0.1100,0.2168,0.3052
137,2,0.1387,-0.0655,0.5173,1.0000,-0.0017,0.0000,0.0017,1.0000,0.0000,0.0000,0.0000,1.0000,0.1101,0.3070,0.2173
137,3,0.1608,-0.2422,0.5889,1.0000,-0.0017,0.0000,0.0017,1.0000,0.0000,0.0000,0.0000,1.0000,0.2836,0.2073,0.2889
137,4,0.2788,-0.2889,0.5062,1.0000,-0.0017,0.0000,0.0017,1.0000,0.0000,0.0000,0.0000,1.0000,0.2820,0.2947,0.2062
137,5,0.4466,-0.1524,0.6614,1.0000,-0.0017,0.0000,0.0017,1.0000,0.0000,0.0000,0.0000,1.0000,0.1112,0.2100,0.3614
137,6,0.5397,-0.1330,0.4265,1.0000,-0.0017,0.0000,0.0017,1.0000,0.0000,0.0000,0.0000,1.0000,0.1972,0.1336,0.1265
137,7,0.6486,-0.1248,0.4491,1.0000,-0.0017,0.0000,0.0017,1.0000,0.0000,0.0000,0.0000,1.0000,0.1624,0.1625,0.0548
137,8,0.6761,-0.0817,0.4472,1.0000,-0.0017,0.0000,0.0017,1.0000,0.0000,0.0000,0.0000,1.0000,0.0831,0.2046,0.1050
137,9,0.7065,-0.0154,0.4544,1.0000,-0.0017,0.0000,0.0017,1.0000,0.0000,0.0000,0.0000,1.0000,0.0210,0.0279,0.0569
137,10,0.7503,-0.0754,0.4546,1.0000,-0.0017,0.0000,0.0017,1.0000,0.0000,0.0000,0.0000,1.0000,0.0210,0.0279,0.0569
138,0,0.0793,-0.0079,0.4400,1.0000,-0.0021,0.0000,0.0021,1.0000,0.0000,0.0000,0.0000,1.0000,0.2577,0.2263,0.1400
138,1,0.0874,-0.0051,0.6052,1.0000,-0.0021,0.0000,0.0021,1.0000,0.0000,0.0000,0.0000,1.0000,0.1100,0.2168,0.3052
138,2,0.1632,-0.0655,0.5173,1.0000,-0.0021,0.0000,0.0021,1.0000,0.0000,0.0000,0.0000,1.0000,0.1101,0.3070,0.2173
138,3,0.1852,-0.2423,0.5889,1.0000,-0.0021,0.0000,0.0021,1.0000,0.0000,0.0000,0.0000,1.0000,0.2836,0.2073,0.2889
138,4,0.3032,-0.2890,0.5062,1.0000,-0.0021,0.0000,0.0021,1.0000,0.0000,0.0000,0.0000,1.0000,0.2820,0.2947,0.2062
138,5,0.4711,-0.1526,0.6614,1.0000,-0.0021,0.0000,0.0021,1.0000,0.0000,0.0000,0.0000,1.0000,0.1112,0.2100,0.3614
138,6,0.5641,-0.1333,0.4265,1.0000,-0.0021,0.0000,0.0021,1.0000,0.0000,0.0000,0.0000,1.0000,0.1972,0.1336,0.1265
138,7,0.6731,-0.1251,0.4491,1.0000,-0.0021,0.0000,0.0021,1.0000,0.0000,0.0000,0.0000,1.0000,0.1624,0.1625,0.0548
138,8,0.7005,-0.0820,0.4472,1.0000,-0.0021,0.0000,0.0021,1.0000,0.0000,0.0000,0.0000,1.0000,0.0831,0.2046,0.1050
138,9,0.7310,-0.0157,0.4544,1.0000,-0.0021,0.0000,0.0021,1.0000,0.0000,0.0000,0.0000,1.0000,0.0210,0.0279,0.0569
138,10,0.7748,-0.0757,0.4546,1.0000,-0.0021,0.0000,0.0021,1.0000,0.0000,0.0000,0.0000,1.0000,0.0210,0.0279,0.0569
139,0,0.1062,-0.0080,0.4400,1.0000,-0.0025,0.0000,0.0025,1.0000,0.0000,0.0000,0.0000,1.0000,0.2577,0.2263,0.1400
139,1,0.1143,-0.0051,0.6052,1.0000,-0.0025,0.0000,0.0025,1.0000,0.0000,0.0000,0.0000,1.0000,0.1100,0.2168,0.3052
139,2,0.1901,-0.0656,0.5173,1.0000,-0.0025,0.0000,0.0025,1.0000,0.0000,0.0000,0.0000,1.0000,0.1101,0.3070,0.2173
139,3,0.2120,-0.2424,0.5889,1.0000,-0.0025,0.0000,0.0025,1.0000,0.0000,0.0000,0.0000,1.0000,0.2836,0.2073,0.2889
139,4,0.3300,-0.2892,0.5062,1.0000,-0.0025,0.0000,0.0025,1.0000,0.0000,0.0000,0.0000,1.0000,0.2820,0.2947,0.2062
139,5,0.4980,-0.1528,0.6614,1.0000,-0.0025,0.0000,0.0025,1.0000,0.0000,0.0000,0.0000,1.0000,0.1112,0.2100,0.3614
139,6,0.5910,-0.1335,0.4265,1.0000,-0.0025,0.0000,0.0025,1.0000,0.0000,0.0000,0.0000,1.0000,0.1972,0.1336,0.1265
139,7,0.6999,-0.1254,0.4491,1.0000,-0.0025,0.0000,0.0025,1.0000,0.0000,0.0000,0.0000,1.0000,0.1624,0.1625,0.0548
139,8,0.7274,-0.0823,0.4472,1.0000,-0.0025,0.0000,0.0025,1.0000,0.0000,0.0000,0.0000,1.0000,0.0831,0.2046,0.1050
139,9,0.7579,-0.0160,0.4544,1.0000,-0.0025,0.0000,0.0025,1.0000,0.0000,0.0000,0.0000,1.0000,0.0210,0.0279,0.0569
139,10,0.8017,-0.0760,0.4546,1.0000,-0.0025,0.0000,0.0025,1.0000,0.0000,0.0000,0.0000,1.0000,0.0210,0.0279,0.0569
140,0,0.1397,-0.0081,0.4400,1.0000,-0.0030,0.0000,0.0030,1.0000,0.0000,0.0000,0.0000,1.0000,0.2577,0.2263,0.1400
140,1,0.1478,-0.0052,0.6052,1.0000,-0.0030,0.0000,0.0030,1.0000,0.0000,0.0000,0.0000,1.0000,0.1100,0.2168,0.3052
140,2,0.2235,-0.0657,0.5173,1.0000,-0.0030,0.0000,0.0030,1.0000,0.0000,0.0000,0.0000,1.0000,0.1101,0.3070,0.2173
140,3,0.2454,-0.2425,0.5889,1.0000,-0.0030,0.0000,0.0030,1.0000,0.0000,0.0000,0.0000,1.0000,0.2836,0.2073,0.2889
140,4,0.3634,-0.2893,0.5062,1.0000,-0.0030,0.0000,0.0030,1.0000,0.0000,0.0000,0.0000,1.0000,0.2820,0.2947,0.2062
140,5,0.5314,-0.1530,0.6614,1.0000,-0.0030,0.0000,0.0030,1.0000,0.0000,0.0000,0.0000,1.0000,0.1112,0.2100,0.3614
140,6,0.6244,-0.1338,0.4265,1.0000,-0.0030,0.0000,0.0030,1.0000,0.0000,0.0000,0.0000,1.0000,0.1972,0.1336,0.1265
140,7,0.7334,-0.1257,0.4491,1.0000,-0.0030,0.0000,0.0030,1.0000,0.0000,0.0000,0.0000,1.0000,0.1624,0.1625,0.0548
140,8,0.7609,-0.0826,0.4472,1.0000,-0.0030,0.0000,0.0030,1.0000,0.0000,0.0000,0.0000,1.0000,0.0831,0.2046,0.1050
140,9,0.7914,-0.0164,0.4544,1.0000,-0.0030,0.0000,0.0030,1.0000,0.0000,0.0000,0.0000,1.0000,0.0210,0.0279,0.0569
140,10,0.8351,-0.0764,0.4546,1.0000,-0.0030,0.0000,0.0030,1.0000,0.0000,0.0000,0.0000,1.0000,0.0210,0.0279,0.0569
141,0,0.1838,-0.0082,0.4400,1.0000,-0.0035,0.0000,0.0035,1.0000,0.0000,0.0000,0.0000,1.0000,0.2577,0.2263,0.1400
141,1,0.1919,-0.0053,0.6052,1.0000,-0.0035,0.0000,0.0035,1.0000,0.0000,0.0000,0.0000,1.0000,0.1100,0.2168,0.3052
141,2,0.2675,-0.0659,0.5173,1.0000,-0.0035,0.0000,0.0035,1.0000,0.0000,0.0000,0.0000,1.0000,0.1101,0.3070,0.2173
141,3,0.2893,-0.2427,0.5889,1.0000,-0.0035,0.0000,0.0035,1.0000,0.0000,0.0000,0.0000,1.0000,0.2836,0.2073,0.2889
141,4,0.4073,-0.2896,0.5062,1.0000,-0.0035,0.0000,0.0035,1.0000,0.0000,0.0000,0.0000,1.0000,0.2820,0.2947,0.2062
141,5,0.5753,-0.1534,0.6614,1.0000,-0.0035,0.0000,0.0035,1.0000,0.0000,0.0000,0.0000,1.0000,0.1112,0.2100,0.3614
141,6,0.6684,-0.1342,0.4265,1.0000,-0.0035,0.0000,0.0035,1.0000,0.0000,0.0000,0.0000,1.0000,0.1972,0.1336,0.1265
141,7,0.7773,-0.1262,0.4491,1.0000,-0.0035,0.0000,0.0035,1.0000,0.0000,0.0000,0.0000,1.0000,0.1624,0.1625,0.0548
141,8,0.8049,-0.0831,0.4472,1.0000,-0.0035,0.0000,0.0035,1.0000,0.0000,0.0000,0.0000,1.0000,0.0831,0.2046,0.1050
141,9,0.8354,-0.0169,0.4544,1.0000,-0.0035,0.0000,0.0035,1.0000,0.0000,0.0000,0.0000,1.0000,0.0210,0.0279,0.0569
141,10,0.8791,-0.0770,0.4546,1.0000,-0.0035,0.0000,0.0035,1.0000,0.0000,0.0000,0.0000,1.0000,0.0210,0.0279,0.0569
142,0,0.2413,-0.0084,0.4400,1.0000,-0.0042,0.0000,0.0042,1.0000,0.0000,0.0000,0.0000,1.0000,0.2577,0.2263,0.1400
142,1,0.2494,-0.0055,0.6052,1.0000,-0.0042,0.0000,0.0042,1.0000,0.0000,0.0000,0.0000,1.0000,0.1100,0.2168,0.3052
142,2,0.3251,-0.0661,0.5173,1.0000,-0.0042,0.0000,0.0042,1.0000,0.0000,0.0000,0.0000,1.0000,0.1101,0.3070,0.2173
142,3,0.3467,-0.2429,0.5889,1.0000,-0.0042,0.0000,0.0042,1.0000,0.0000,0.0000,0.0000,1.0000,0.2836,0.2073,0.2889
142,4,0.4646,-0.2899,0.5062,1.0000,-0.0042,0.0000,0.0042,1.0000,0.0000,0.0000,0.0000,1.0000,0.2820,0.2947,0.2062
142,5,0.6328,-0.1538,0.6614,1.0000,-0.0042,0.0000,0.0042,1.0000,0.0000,0.0000,0.0000,1.0000,0.1112,0.2100,0.3614
142,6,0.7259,-0.1347,0.4265,1.0000,-0.0042,0.0000,0.0042,1.0000,0.0000,0.0000,0.0000,1.0000,0.1972,0.1336,0.1265
142,7,0.8348,-0.1268,0.4491,1.0000,-0.0042,0.0000,0.0042,1.0000,0.0000,0.0000,0.0000,1.0000,0.1624,0.1625,0.0548
142,8,0.8624,-0.0837,0.4472,1.0000,-0.0042,0.0000,0.0042,1.0000,0.0000,0.0000,0.0000,1.0000,0.0831,0.2046,0.1050
142,9,0.8930,-0.0175,0.4544,1.0000,-0.0042,0.0000,0.0042,1.0000,0.0000,0.0000,0.0000,1.0000,0.0210,0.0279,0.0569
142,10,0.9366,-0.0776,0.4546,1.0000,-0.0042,0.0000,0.0042,1.0000,0.0000,0.0000,0.0000,1.0000,0.0210,0.0279,0.0569
143,0,0.3142,-0.0087,0.4400,1.0000,-0.0050,0.0000,0.0050,1.0000,0.0000,0.0000,0.0000,1.0000,0.2577,0.2263,0.1400
143,1,0.3223,-0.0058,0.6052,1.0000,-0.0050,0.0000,0.0050,1.0000,0.0000,0.0000,0.0000,1.0000,0.1100,0.2168,0.3052
143,2,0.3979,-0.0665,0.5173,1.0000,-0.0050,0.0000,0.0050,1.0000,0.0000,0.0000,0.0000,1.0000,0.1101,0.3070,0.2173
143,3,0.4194,-0.2433,0.5889,1.0000,-0.0050,0.0000,0.0050,1.0000,0.0000,0.0000,0.0000,1.0000,0.2836,0.2073,0.2889
143,4,0.5373,-0.2904,0.5062,1.0000,-0.0050,0.0000,0.0050,1.0000,0.0000,0.0000,0.0000,1.0000,0.2820,0.2947,0.2062
143,5,0.7056,-0.1545,0.6614,1.0000,-0.0050,0.0000,0.0050,1.0000,0.0000,0.0000,0.0000,1.0000,0.1112,0.2100,0.3614
143,6,0.7987,-0.1354,0.4265,1.0000,-0.0050,0.0000,0.0050,1.0000,0.0000,0.0000,0.0000,1.0000,0.1972,0.1336,0.1265
143,7,0.9076,-0.1276,0.4491,1.0000,-0.0050,0.0000,0.0050,1.0000,0.0000,0.0000,0.0000,1.0000,0.1624,0.1625,0.0548
143,8,0.9352,-0.0845,0.4472,1.0000,-0.0050,0.0000,0.0050,1.0000,0.0000,0.0000,0.0000,1.0000,0.0831,0.2046,0.1050
143,9,0.9659,-0.0184,0.4544,1.0000,-0.0050,0.0000,0.0050,1.0000,0.0000,0.0000,0.0000,1.0000,0.0210,0.0279,0.0569
143,10,1.0095,-0.0785,0.4546,1.0000,-0.0050,0.0000,0.0050,1.0000,0.0000,0.0000,0.0000,1.0000,0.0210,0.0279,0.0569
144,0,0.4035,-0.0091,0.4400,1.0000,-0.0059,0.0000,0.0059,1.0000,0.0000,0.0000,0.0000,1.0000,0.2577,0.2263,0.1400
144,1,0.4117,-0.0063,0.6052,1.0000,-0.0059,0.0000,0.0059,1.0000,0.0000,0.0000,0.0000,1.0000,0.1100,0.2168,0.3052
144,2,0.4872,-0.0670,0.5173,1.0000,-0.0059,0.0000,0.0059,1.0000,0.0000,0.0000,0.0000,1.0000,0.1101,0.3070,0.2173
144,3,0.5086,-0.2439,0.5889,1.0000,-0.0059,0.0000,0.0059,1.0000,0.0000,0.0000,0.0000,1.0000,0.2836,0.2073,0.2889
144,4,0.6264,-0.2911,0.5062,1.0000,-0.0059,0.0000,0.0059,1.0000,0.0000,0.0000,0.0000,1.0000,0.2820,0.2947,0.2062
144,5,0.7948,-0.1553,0.6614,1.0000,-0.0059,0.0000,0.0059,1.0000,0.0000,0.0000,0.0000,1.0000,0.1112,0.2100,0.3614
144,6,0.8879,-0.1363,0.4265,1.0000,-0.0059,0.0000,0.0059,1.0000,0.0000,0.0000,0.0000,1.0000,0.1972,0.1336,0.1265
144,7,0.9968,-0.1286,0.4491,1.0000,-0.0059,0.0000,0.0059,1.0000,0.0000,0.0000,0.0000,1.0000,0.1624,0.1625,0.0548
144,8,1.0245,-0.0855,0.4472,1.0000,-0.0059,0.0000,0.0059,1.0000,0.0000,0.0000,0.0000,1.0000,0.0831,0.2046,0.1050
144,9,1.0552,-0.0194,0.4544,1.0000,-0.0059,0.0000,0.0059,1.0000,0.0000,0.0000,0.0000,1.0000,0.0210,0.0279,0.0569
144,10,1.0987,-0.0796,0.4546,1.0000,-0.0059,0.0000,0.0059,1.0000,0.0000,0.0000,0.0000,1.0000,0.0210,0.0279,0.0569
145,0,0.5101,-0.0098,0.4400,1.0000,-0.0069,0.0000,0.0069,1.0000,0.0000,0.0000,0.0000,1.0000,0.2577,0.2263,0.1400
145,1,0.5183,-0.0070,0.6052,1.0000,-0.0069,0.0000,0.0069,1.0000,0.0000,0.0000,0.0000,1.0000,0.1100,0.2168,0.3052
145,2,0.5937,-0.0678,0.5173,1.0000,-0.0069,0.0000,0.0069,1.0000,0.0000,0.0000,0.0000,1.0000,0.1101,0.3070,0.2173
145,3,0.6149,-0.2446,0.5889,1.0000,-0.0069,0.0000,0.0069,1.0000,0.0000,0.0000,0.0000,1.0000,0.2836,0.2073,0.2889
145,4,0.7327,-0.2919,0.5062,1.0000,-0.0069,0.0000,0.0069,1.0000,0.0000,0.0000,0.0000,1.0000,0.2820,0.2947,0.2062
145,5,0.9012,-0.1563,0.6614,1.0000,-0.0069,0.0000,0.0069,1.0000,0.0000,0.0000,0.0000,1.0000,0.1112,0.2100,0.3614
145,6,0.9944,-0.1375,0.4265,1.0000,-0.0069,0.0000,0.0069,1.0000,0.0000,0.0000,0.0000,1.0000,0.1972,0.1336,0.1265
145,7,1.1033,-0.1298,0.4491,1.0000,-0.0069,0.0000,0.0069,1.0000,0.0000,0.0000,0.0000,1.0000,0.1624,0.1625,0.0548
145,8,1.1310,-0.0868,0.4472,1.0000,-0.0069,0.0000,0.0069,1.0000,0.0000,0.0000,0.0000,1.0000,0.0831,0.2046,0.1050
145,9,1.1618,-0.0207,0.4544,1.0000,-0.0069,0.0000,0.0069,1.0000,0.0000,0.0000,0.0000,1.0000,0.0210,0.0279,0.0569
145,10,1.2053,-0.0809,0.4546,1.0000,-0.0069,0.0000,0.0069,1.0000,0.0000,0.0000,0.0000,1.0000,0.0210,0.0279,0.0569
146,0,0.6345,-0.0107,0.4400,1.0000,-0.0080,0.0000,0.0080,1.0000,0.0000,0.0000,0.0000,1.0000,0.2577,0.2263,0.1400
146,1,0.6427,-0.0079,0.6052,1.0000,-0.0080,0.0000,0.0080,1.0000,0.0000,0.0000,0.0000,1.0000,0.1100,0.2168,0.3052
146,2,0.7181,-0.0688,0.5173,1.0000,-0.0080,0.0000,0.0080,1.0000,0.0000,0.0000,0.0000,1.0000,0.1101,0.3070,0.2173
146,3,0.7391,-0.2456,0.5889,1.0000,-0.0080,0.0000,0.0080,1.0000,0.0000,0.0000,0.0000,1.0000,0.2836,0.2073,0.2889
146,4,0.8568,-0.2931,0.5062,1.0000,-0.0080,0.0000,0.0080,1.0000,0.0000,0.0000,0.0000,1.0000,0.2820,0.2947,0.2062
146,5,1.0255,-0.1576,0.6614,1.0000,-0.0080,0.0000,0.0080,1.0000,0.0000,0.0000,0.0000,1.0000,0.1112,0.2100,0.3614
146,6,1.1186,-0.1389,0.4265,1.0000,-0.0080,0.0000,0.0080,1.0000,0.0000,0.0000,0.0000,1.0000,0.1972,0.1336,0.1265
146,7,1.2276,-0.1313,0.4491,1.0000,-0.0080,0.0000,0.0080,1.0000,0.0000,0.0000,0.0000,1.0000,0.1624,0.1625,0.0548
146,8,1.2553,-0.0884,0.4472,1.0000,-0.0080,0.0000,0.0080,1.0000,0.0000,0.0000,0.0000,1.0000,0.0831,0.2046,0.1050
146,9,1.2862,-0.0223,0.4544,1.0000,-0.0080,0.0000,0.0080,1.0000,0.0000,0.0000,0.0000,1.0000,0.0210,0.0279,0.0569
146,10,1.3296,-0.0826,0.4546,1.0000,-0.0080,0.0000,0.0080,1.0000,0.0000,0.0000,0.0000,1.0000,0.0210,0.0279,0.0569
147,0,0.7770,-0.0119,0.4400,1.0000,-0.0091,0.0000,0.0091,1.0000,0.0000,0.0000,0.0000,1.0000,0.2577,0.2263,0.1400
147,1,0.7851,-0.0090,0.6052,1.0000,-0.0091,0.0000,0.0091,1.0000,0.0000,0.0000,0.0000,1.0000,0.1100,0.2168,0.3052
147,2,0.8605,-0.0700,0.5173,1.0000,-0.0091,0.0000,0.0091,1.0000,0.0000,0.0000,0.0000,1.0000,0.1101,0.3070,0.2173
147,3,0.8813,-0.2469,0.5889,1.0000,-0.0091,0.0000,0.0091,1.0000,0.0000,0.0000,0.0000,1.0000,0.2836,0.2073,0.2889
147,4,0.9990,-0.2945,0.5062,1.0000,-0.0091,0.0000,0.0091,1.0000,0.0000,0.0000,0.0000,1.0000,0.2820,0.2947,0.2062
147,5,1.1678,-0.1592,0.6614,1.0000,-0.0091,0.0000,0.0091,1.0000,0.0000,0.0000,0.0000,1.0000,0.1112,0.2100,0.3614
147,6,1.2610,-0.1406,0.4265,1.0000,-0.0091,0.0000,0.0091,1.0000,0.0000,0.0000,0.0000,1.0000,0.1972,0.1336,0.1265
147,7,1.3699,-0.1332,0.4491,1.0000,-0.0091,0.0000,0.0091,1.0000,0.0000,0.0000,0.0000,1.0000,0.1624,0.1625,0.0548
147,8,1.3977,-0.0902,0.4472,1.0000,-0.0091,0.0000,0.0091,1.0000,0.0000,0.0000,0.0000,1.0000,0.0831,0.2046,0.1050
147,9,1.4286,-0.0242,0.4544,1.0000,-0.0091,0.0000,0.0091,1.0000,0.0000,0.0000,0.0000,1.0000,0.0210,0.0279,0.0569
147,10,1.4720,-0.0845,0.4546,1.0000,-0.0091,0.0000,0.0091,1.0000,0.0000,0.0000,0.0000,1.0000,0.0210,0.0279,0.0569
148,0,0.9376,-0.0134,0.4400,0.9999,-0.0103,0.0000,0.0103,0.9999,0.0000,0.0000,0.0000,1.0000,0.2577,0.2263,0.1400
148,1,0.9457,-0.0106,0.6052,0.9999,-0.0103,0.0000,0.0103,0.9999,0.0000,0.0000,0.0000,1.0000,0.1100,0.2168,0.3052
148,2,1.0210,-0.0716,0.5173,0.9999,-0.0103,0.0000,0.0103,0.9999,0.0000,0.0000,0.0000,1.0000,0.1101,0.3070,0.2173
148,3,1.0415,-0.2486,0.5889,0.9999,-0.0103,0.0000,0.0103,0.9999,0.0000,0.0000,0.0000,1.0000,0.2836,0.2073,0.2889
148,4,1.1592,-0.2963,0.5062,0.9999,-0.0103,0.0000,0.0103,0.9999,0.0000,0.0000,0.0000,1.0000,0.2820,0.2947,0.2062
148,5,1.3282,-0.1612,0.6614,0.9999,-0.0103,0.0000,0.0103,0.9999,0.0000,0.0000,0.0000,1.0000,0.1112,0.2100,0.3614
148,6,1.4213,-0.1427,0.4265,0.9999,-0.0103,0.0000,0.0103,0.9999,0.0000,0.0000,0.0000,1.0000,0.1972,0.1336,0.1265
148,7,1.5303,-0.1354,0.4491,0.9999,-0.0103,0.0000,0.0103,0.9999,0.0000,0.0000,0.0000,1.0000,0.1624,0.1625,0.0548
148,8,1.5582,-0.0925,0.4472,0.9999,-0.0103,0.0000,0.0103,0.9999,0.0000,0.0000,0.0000,1.0000,0.0831,0.2046,0.1050
148,9,1.5892,-0.0265,0.4544,0.9999,-0.0103,0.0000,0.0103,0.9999,0.0000,0.0000,0.0000,1.0000,0.0210,0.0279,0.0569
148,10,1.6324,-0.0868,0.4546,0.9999,-0.0103,0.0000,0.0103,0.9999,0.0000,0.0000,0.0000,1.0000,0.0210,0.0279,0.0569
149,0,1.1159,-0.0153,0.4400,0.9999,-0.0115,0.0000,0.0115,0.9999,0.0000,0.0000,0.0000,1.0000,0.2577,0.2263,0.1400
149,1,1.1240,-0.0125,0.6052,0.9999,-0.0115,0.0000,0.0115,0.9999,0.0000,0.0000,0.0000,1.0000,0.1100,0.2168,0.3052
149,2,1.1992,-0.0736,0.5173,0.9999,-0.0115,0.0000,0.0115,0.9999,0.0000,0.0000,0.0000,1.0000,0.1101,0.3070,0.2173
149,3,1.2196,-0.2506,0.5889,0.9999,-0.0115,0.0000,0.0115,0.9999,0.0000,0.0000,0.0000,1.0000,0.2836,0.2073,0.2889
149,4,1.3371,-0.2985,0.5062,0.9999,-0.0115,0.0000,0.0115,0.9999,0.0000,0.0000,0.0000,1.0000,0.2820,0.2947,0.2062
149,5,1.5063,-0.1636,0.6614,0.9999,-0.0115,0.0000,0.0115,0.9999,0.0000,0.0000,0.0000,1.0000,0.1112,0.2100,0.3614
149,6,1.5995,-0.1452,0.4265,0.9999,-0.0115,0.0000,0.0115,0.9999,0.0000,0.0000,0.0000,1.0000,0.1972,0.1336,0.1265
149,7,1.7085,-0.1380,0.4491,0.9999,-0.0115,0.0000,0.0115,0.9999,0.0000,0.0000,0.0000,1.0000,0.1624,0.1625,0.0548
149,8,1.7364,-0.0951,0.4472,0.9999,-0.0115,0.0000,0.0115,0.9999,0.0000,0.0000,0.0000,1.0000,0.0831,0.2046,0.1050
149,9,1.7674,-0.0292,0.4544,0.9999,-0.0115,0.0000,0.0115,0.9999,0.0000,0.0000,0.0000,1.0000,0.0210,0.0279,0.0569
149,10,1.8107,-0.0896,0.4546,0.9999,-0.0115,0.0000,0.0115,0.9999,0.0000,0.0000,0.0000,1.0000,0.0210,0.0279,0.0569
150,0,1.3115,-0.0176,0.4400,0.9999,-0.0129,0.0000,0.0129,0.9999,0.0000,0.0000,0.0000,1.0000,0.2577,0.2263,0.1400
150,1,1.3196,-0.0148,0.6052,0.9999,-0.0129,0.0000,0.0129,0.9999,0.0000,0.0000,0.0000,1.0000,0.1100,0.2168,0.3052
150,2,1.3947,-0.0761,0.5173,0.9999,-0.0129,0.0000,0.0129,0.9999,0.0000,0.0000,0.0000,1.0000,0.1101,0.3070,0.2173
150,3,1.4148,-0.2531,0.5889,0.9999,-0.0129,0.0000,0.0129,0.9999,0.0000,0.0000,0.0000,1.0000,0.2836,0.2073,0.2889
150,4,1.5323,-0.3011,0.5062,0.9999,-0.0129,0.0000,0.0129,0.9999,0.0000,0.0000,0.0000,1.0000,0.2820,0.2947,0.2062
150,5,1.7017,-0.1665,0.6614,0.9999,-0.0129,0.0000,0.0129,0.9999,0.0000,0.0000,0.0000,1.0000,0.1112,0.2100,0.3614
150,6,1.7949,-0.1482,0.4265,0.9999,-0.0129,0.0000,0.0129,0.9999,0.0000,0.0000,0.0000,1.0000,0.1972,0.1336,0.1265
150,7,1.9039,-0.1412,0.4491,0.9999,-0.0129,0.0000,0.0129,0.9999,0.0000,0.0000,0.0000,1.0000,0.1624,0.1625,0.0548
150,8,1.9319,-0.0983,0.4472,0.9999,-0.0129,0.0000,0.0129,0.9999,0.0000,0.0000,0.0000,1.0000,0.0831,0.2046,0.1050
150,9,1.9630,-0.0324,0.4544,0.9999,-0.0129,0.0000,0.0129,0.9999,0.0000,0.0000,0.0000,1.0000,0.0210,0.0279,0.0569
150,10,2.0061,-0.0929,0.4546,0.9999,-0.0129,0.0000,0.0129,0.9999,0.0000,0.0000,0.0000,1.0000,0.0210,0.0279,0.0569
151,0,1.5238,-0.0205,0.4400,0.9999,-0.0143,0.0000,0.0143,0.9999,0.0000,0.0000,0.0000,1.0000,0.2577,0.2263,0.1400
151,1,1.5319,-0.0177,0.6052,0.9999,-0.0143,0.0000,0.0143,0.9999,0.0000,0.0000,0.0000,1.0000,0.1100,0.2168,0.3052
151,2,1.6069,-0.0790,0.5173,0.9999,-0.0143,0.0000,0.0143,0.9999,0.0000,0.0000,0.0000,1.0000,0.1101,0.3070,0.2173
151,3,1.6268,-0.2560,0.5889,0.9999,-0.0143,0.0000,0.0143,0.9999,0.0000,0.0000,0.0000,1.0000,0.2836,0.2073,0.2889
151,4,1.7442,-0.3042,0.5062,0.9999,-0.0143,0.0000,0.0143,0.9999,0.0000,0.0000,0.0000,1.0000,0.2820,0.2947,0.2062
151,5,1.9138,-0.1698,0.6614,0.9999,-0.0143,0.0000,0.0143,0.9999,0.0000,0.0000,0.0000,1.0000,0.1112,0.2100,0.3614
151,6,2.0070,-0.1517,0.4265,0.9999,-0.0143,0.0000,0.0143,0.9999,0.0000,0.0000,0.0000,1.0000,0.1972,0.1336,0.1265
151,7,2.1161,-0.1448,0.4491,0.9999,-0.0143,0.0000,0.0143,0.9999,0.0000,0.0000,0.0000,1.0000,0.1624,0.1625,0.0548
151,8,2.1441,-0.1020,0.4472,0.9999,-0.0143,0.0000,0.0143,0.9999,0.0000,0.0000,0.0000,1.0000,0.0831,0.2046,0.1050
151,9,2.1753,-0.0361,0.4544,0.9999,-0.0143,0.0000,0.0143,0.9999,0.0000,0.0000,0.0000,1.0000,0.0210,0.0279,0.0569
151,10,2.2184,-0.0967,0.4546,0.9999,-0.0143,0.0000,0.0143,0.9999,0.0000,0.0000,0.0000,1.0000,0.0210,0.0279,0.0569
152,0,1.7522,-0.0238,0.4400,0.9999,-0.0157,0.0000,0.0157,0.9999,0.0000,0.0000,0.0000,1.0000,0.2577,0.2263,0.1400
152,1,1.7604,-0.0210,0.6052,0.9999,-0.0157,0.0000,0.0157,0.9999,0.0000,0.0000,0.0000,1.0000,0.1100,0.2168,0.3052
152,2,1.8353,-0.0825,0.5173,0.9999,-0.0157,0.0000,0.0157,0.9999,0.0000,0.0000,0.0000,1.0000,0.1101,0.3070,0.2173
152,3,1.8549,-0.2596,0.5889,0.9999,-0.0157,0.0000,0.0157,0.9999,0.0000,0.0000,0.0000,1.0000,0.2836,0.2073,0.2889
152,4,1.9723,-0.3079,0.5062,0.9999,-0.0157,0.0000,0.0157,0.9999,0.0000,0.0000,0.0000,1.0000,0.2820,0.2947,0.2062
152,5,2.1420,-0.1738,0.6614,0.9999,-0.0157,0.0000,0.0157,0.9999,0.0000,0.0000,0.0000,1.0000,0.1112,0.2100,0.3614
152,6,2.2353,-0.1557,0.4265,0.9999,-0.0157,0.0000,0.0157,0.9999,0.0000,0.0000,0.0000,1.0000,0.1972,0.1336,0.1265
152,7,2.3443,-0.1490,0.4491,0.9999,-0.0157,0.0000,0.0157,0.9999,0.0000,0.0000,0.0000,1.0000,0.1624,0.1625,0.0548
152,8,2.3724,-0.1063,0.4472,0.9999,-0.0157,0.0000,0.0157,0.9999,0.0000,0.0000,0.0000,1.0000,0.0831,0.2046,0.1050
152,9,2.4037,-0.0405,0.4544,0.9999,-0.0157,0.0000,0.0157,0.9999,0.0000,0.0000,0.0000,1.0000,0.0210,0.0279,0.0569
152,10,2.4467,-0.1010,0.4546,0.9999,-0.0157,0.0000,0.0157,0.9999,0.0000,0.0000,0.0000,1.0000,0.0210,0.0279,0.0569
153,0,1.9962,-0.0278,0.4400,0.9999,-0.0173,0.0000,0.0173,0.9999,0.0000,0.0000,0.0000,1.0000,0.2577,0.2263,0.1400
153,1,2.0043,-0.0250,0.6052,0.9999,-0.0173,0.0000,0.0173,0.9999,0.0000,0.0000,0.0000,1.0000,0.1100,0.2168,0.3052
153,2,2.0792,-0.0866,0.5173,0.9999,-0.0173,0.0000,0.0173,0.9999,0.0000,0.0000,0.0000,1.0000,0.1101,0.3070,0.2173
153,3,2.0985,-0.2637,0.5889,0.9999,-0.0173,0.0000,0.0173,0.9999,0.0000,0.0000,0.0000,1.0000,0.2836,0.2073,0.2889
153,4,2.2158,-0.3122,0.5062,0.9999,-0.0173,0.0000,0.0173,0.9999,0.0000,0.0000,0.0000,1.0000,0.2820,0.2947,0.2062
153,5,2.3857,-0.1783,0.6614,0.9999,-0.0173,0.0000,0.0173,0.9999,0.0000,0.0000,0.0000,1.0000,0.1112,0.2100,0.3614
153,6,2.4790,-0.1605,0.4265,0.9999,-0.0173,0.0000,0.0173,0.9999,0.0000,0.0000,0.0000,1.0000,0.1972,0.1336,0.1265
153,7,2.5881,-0.1539,0.4491,0.9999,-0.0173,0.0000,0.0173,0.9999,0.0000,0.0000,0.0000,1.0000,0.1624,0.1625,0.0548
153,8,2.6162,-0.1112,0.4472,0.9999,-0.0173,0.0000,0.0173,0.9999,0.0000,0.0000,0.0000,1.0000,0.0831,0.2046,0.1050
153,9,2.6477,-0.0455,0.4544,0.9999,-0.0173,0.0000,0.0173,0.9999,0.0000,0.0000,0.0000,1.0000,0.0210,0.0279,0.0569
153,10,2.6905,-0.1061,0.4546,0.9999,-0.0173,0.0000,0.0173,0.9999,0.0000,0.0000,0.0000,1.0000,0.0210,0.0279,0.0569
154,0,2.2549,-0.0324,0.4400,0.9998,-0.0188,0.0000,0.0188,0.9998,0.0000,0.0000,0.0000,1.0000,0.2577,0.2263,0.1400
154,1,2.2631,-0.0297,0.6052,0.9998,-0.0188,0.0000,0.0188,0.9998,0.0000,0.0000,0.0000,1.0000,0.1100,0.2168,0.3052
154,2,2.3378,-0.0914,0.5173,0.9998,-0.0188,0.0000,0.0188,0.9998,0.0000,0.0000,0.0000,1.0000,0.1101,0.3070,0.2173
154,3,2.3569,-0.2685,0.5889,0.9998,-0.0188,0.0000,0.0188,0.9998,0.0000,0.0000,0.0000,1.0000,0.2836,0.2073,0.2889
154,4,2.4741,-0.3172,0.5062,0.9998,-0.0188,0.0000,0.0188,0.9998,0.0000,0.0000,0.0000,1.0000,0.2820,0.2947,0.2062
154,5,2.6443,-0.1836,0.6614,0.9998,-0.0188,0.0000,0.0188,0.9998,0.0000,0.0000,0.0000,1.0000,0.1112,0.2100,0.3614
154,6,2.7376,-0.1658,0.4265,0.9998,-0.0188,0.0000,0.0188,0.9998,0.0000,0.0000,0.0000,1.0000,0.1972,0.1336,0.1265
154,7,2.8467,-0.1595,0.4491,0.9998,-0.0188,0.0000,0.0188,0.9998,0.0000,0.0000,0.0000,1.0000,0.1624,0.1625,0.0548
154,8,2.8749,-0.1168,0.4472,0.9998,-0.0188,0.0000,0.0188,0.9998,0.0000,0.0000,0.0000,1.0000,0.0831,0.2046,0.1050
154,9,2.9064,-0.0511,0.4544,0.9998,-0.0188,0.0000,0.0188,0.9998,0.0000,0.0000,0.0000,1.0000,0.0210,0.0279,0.0569
154,10,2.9492,-0.1118,0.4546,0.9998,-0.0188,0.0000,0.0188,0.9998,0.0000,0.0000,0.0000,1.0000,0.0210,0.0279,0.0569
155,0,2.5280,-0.0377,0.4400,0.9998,-0.0205,0.0000,0.0205,0.9998,0.0000,0.0000,0.0000,1.0000,0.2577,0.2263,0.1400
155,1,2.5361,-0.0350,0.6052,0.9998,-0.0205,0.0000,0.0205,0.9998,0.0000,0.0000,0.0000,1.0000,0.1100,0.2168,0.3052
155,2,2.6108,-0.0968,0.5173,0.9998,-0.0205,0.0000,0.0205,0.9998,0.0000,0.0000,0.0000,1.0000,0.1101,0.3070,0.2173
155,3,2.6295,-0.2739,0.5889,0.9998,-0.0205,0.0000,0.0205,0.9998,0.0000,0.0000,0.0000,1.0000,0.2836,0.2073,0.2889
155,4,2.7467,-0.3229,0.5062,0.9998,-0.0205,0.0000,0.0205,0.9998,0.0000,0.0000,0.0000,1.0000,0.2820,0.2947,0.2062
155,5,2.9170,-0.1895,0.6614,0.9998,-0.0205,0.0000,0.0205,0.9998,0.0000,0.0000,0.0000,1.0000,0.1112,0.2100,0.3614
155,6,3.0104,-0.1719,0.4265,0.9998,-0.0205,0.0000,0.0205,0.9998,0.0000,0.0000,0.0000,1.0000,0.1972,0.1336,0.1265
155,7,3.1195,-0.1658,0.4491,0.9998,-0.0205,0.0000,0.0205,0.9998,0.0000,0.0000,0.0000,1.0000,0.1624,0.1625,0.0548
155,8,3.1477,-0.1231,0.4472,0.9998,-0.0205,0.0000,0.0205,0.9998,0.0000,0.0000,0.0000,1.0000,0.0831,0.2046,0.1050
155,9,3.1794,-0.0575,0.4544,0.9998,-0.0205,0.0000,0.0205,0.9998,0.0000,0.0000,0.0000,1.0000,0.0210,0.0279,0.0569
155,10,3.2221,-0.1183,0.4546,0.9998,-0.0205,0.0000,0.0205,0.9998,0.0000,0.0000,0.0000,1.0000,0.0210,0.0279,0.0569
156,0,2.8147,-0.0438,0.4400,0.9998,-0.0222,0.0000,0.0222,0.9998,0.0000,0.0000,0.0000,1.0000,0.2577,0.2263,0.1400
156,1,2.8229,-0.0411,0.6052,0.9998,-0.0222,0.0000,0.0222,0.9998,0.0000,0.0000,0.0000,1.0000,0.1100,0.2168,0.3052
156,2,2.8974,-0.1030,0.5173,0.9998,-0.0222,0.0000,0.0222,0.9998,0.0000,0.0000,0.0000,1.0000,0.1101,0.3070,0.2173
156,3,2.9159,-0.2802,0.5889,0.9998,-0.0222,0.0000,0.0222,0.9998,0.0000,0.0000,0.0000,1.0000,0.2836,0.2073,0.2889
156,4,3.0330,-0.3293,0.5062,0.9998,-0.0222,0.0000,0.0222,0.9998,0.0000,0.0000,0.0000,1.0000,0.2820,0.2947,0.2062
156,5,3.2036,-0.1962,0.6614,0.9998,-0.0222,0.0000,0.0222,0.9998,0.0000,0.0000,0.0000,1.0000,0.1112,0.2100,0.3614
156,6,3.2970,-0.1788,0.4265,0.9998,-0.0222,0.0000,0.0222,0.9998,0.0000,0.0000,0.0000,1.0000,0.1972,0.1336,0.1265
156,7,3.4060,-0.1728,0.4491,0.9998,-0.0222,0.0000,0.0222,0.9998,0.0000,0.0000,0.0000,1.0000,0.1624,0.1625,0.0548
156,8,3.4344,-0.1302,0.4472,0.9998,-0.0222,0.0000,0.0222,0.9998,0.0000,0.0000,0.0000,1.0000,0.0831,0.2046,0.1050
156,9,3.4661,-0.0646,0.4544,0.9998,-0.0222,0.0000,0.0222,0.9998,0.0000,0.0000,0.0000,1.0000,0.0210,0.0279,0.0569
156,10,3.5087,-0.1255,0.4546,0.9998,-0.0222,0.0000,0.0222,0.9998,0.0000,0.0000,0.0000,1.0000,0.0210,0.0279,0.0569
157,0,3.1149,-0.0506,0.4400,0.9997,-0.0238,0.0000,0.0238,0.9997,0.0000,0.0000,0.0000,1.0000,0.2577,0.2263,0.1400
157,1,3.1231,-0.0479,0.6052,0.9997,-0.0238,0.0000,0.0238,0.9997,0.0000,0.0000,0.0000,1.0000,0.1100,0.2168,0.3052
157,2,3.1975,-0.1100,0.5173,0.9997,-0.0238,0.0000,0.0238,0.9997,0.0000,0.0000,0.0000,1.0000,0.1101,0.3070,0.2173
157,3,3.2157,-0.2872,0.5889,0.9997,-0.0238,0.0000,0.0238,0.9997,0.0000,0.0000,0.0000,1.0000,0.2836,0.2073,0.2889
157,4,3.3326,-0.3365,0.5062,0.9997,-0.0238,0.0000,0.0238,0.9997,0.0000,0.0000,0.0000,1.0000,0.2820,0.2947,0.2062
157,5,3.5035,-0.2037,0.6614,0.9997,-0.0238,0.0000,0.0238,0.9997,0.0000,0.0000,0.0000,1.0000,0.1112,0.2100,0.3614
157,6,3.5969,-0.1864,0.4265,0.9997,-0.0238,0.0000,0.0238,0.9997,0.0000,0.0000,0.0000,1.0000,0.1972,0.1336,0.1265
157,7,3.7060,-0.1806,0.4491,0.9997,-0.0238,0.0000,0.0238,0.9997,0.0000,0.0000,0.0000,1.0000,0.1624,0.1625,0.0548
157,8,3.7344,-0.1381,0.4472,0.9997,-0.0238,0.0000,0.0238,0.9997,0.0000,0.0000,0.0000,1.0000,0.0831,0.2046,0.1050
157,9,3.7663,-0.0725,0.4544,0.9997,-0.0238,0.0000,0.0238,0.9997,0.0000,0.0000,0.0000,1.0000,0.0210,0.0279,0.0569
157,10,3.8087,-0.1335,0.4546,0.9997,-0.0238,0.0000,0.0238,0.9997,0.0000,0.0000,0.0000,1.0000,0.0210,0.0279,0.0569
158,0,3.4281,-0.0583,0.4400,0.9997,-0.0254,0.0000,0.0254,0.9997,0.0000,0.0000,0.0000,1.0000,0.2577,0.2263,0.1400
158,1,3.4363,-0.0556,0.6052,0.9997,-0.0254,0.0000,0.0254,0.9997,0.0000,0.0000,0.0000,1.0000,0.1100,0.2168,0.3052
158,2,3.5106,-0.1178,0.5173,0.9997,-0.0254,0.0000,0.0254,0.9997,0.0000,0.0000,0.0000,1.0000,0.1101,0.3070,0.2173
158,3,3.5285,-0.2950,0.5889,0.9997,-0.0254,0.0000,0.0254,0.9997,0.0000,0.0000,0.0000,1.0000,0.2836,0.2073,0.2889
158,4,3.6454,-0.3445,0.5062,0.9997,-0.0254,0.0000,0.0254,0.9997,0.0000,0.0000,0.0000,1.0000,0.2820,0.2947,0.2062
158,5,3.8164,-0.2120,0.6614,0.9997,-0.0254,0.0000,0.0254,0.9997,0.0000,0.0000,0.0000,1.0000,0.1112,0.2100,0.3614
158,6,3.9099,-0.1948,0.4265,0.9997,-0.0254,0.0000,0.0254,0.9997,0.0000,0.0000,0.0000,1.0000,0.1972,0.1336,0.1265
158,7,4.0190,-0.1892,0.4491,0.9997,-0.0254,0.0000,0.0254,0.9997,0.0000,0.0000,0.0000,1.0000,0.1624,0.1625,0.0548
158,8,4.0475,-0.1467,0.4472,0.9997,-0.0254,0.0000,0.0254,0.9997,0.0000,0.0000,0.0000,1.0000,0.0831,0.2046,0.1050
158,9,4.0794,-0.0812,0.4544,0.9997,-0.0254,0.0000,0.0254,0.9997,0.0000,0.0000,0.0000,1.0000,0.0210,0.0279,0.0569
158,10,4.1218,-0.1422,0.4546,0.9997,-0.0254,0.0000,0.0254,0.9997,0.0000,0.0000,0.0000,1.0000,0.0210,0.0279,0.0569
159,0,3.7542,-0.0667,0.4400,0.9996,-0.0269,0.0000,0.0269,0.9996,0.0000,0.0000,0.0000,1.0000,0.2577,0.2263,0.1400
159,1,3.7623,-0.0641,0.6052,0.9996,-0.0269,0.0000,0.0269,0.9996,0.0000,0.0000,0.0000,1.0000,0.1100,0.2168,0.3052
159,2,3.8366,-0.1264,0.5173,0.9996,-0.0269,0.0000,0.0269,0.9996,0.0000,0.0000,0.0000,1.0000,0.1101,0.3070,0.2173
159,3,3.8542,-0.3036,0.5889,0.9996,-0.0269,0.0000,0.0269,0.9996,0.0000,0.0000,0.0000,1.0000,0.2836,0.2073,0.2889
159,4,3.9710,-0.3533,0.5062,0.9996,-0.0269,0.0000,0.0269,0.9996,0.0000,0.0000,0.0000,1.0000,0.2820,0.2947,0.2062
159,5,4.1423,-0.2210,0.6614,0.9996,-0.0269,0.0000,0.0269,0.9996,0.0000,0.0000,0.0000,1.0000,0.1112,0.2100,0.3614
159,6,4.2357,-0.2040,0.4265,0.9996,-0.0269,0.0000,0.0269,0.9996,0.0000,0.0000,0.0000,1.0000,0.1972,0.1336,0.1265
159,7,4.3448,-0.1986,0.4491,0.9996,-0.0269,0.0000,0.0269,0.9996,0.0000,0.0000,0.0000,1.0000,0.1624,0.1625,0.0548
159,8,4.3734,-0.1561,0.4472,0.9996,-0.0269,0.0000,0.0269,0.9996,0.0000,0.0000,0.0000,1.0000,0.0831,0.2046,0.1050
159,9,4.4055,-0.0907,0.4544,0.9996,-0.0269,0.0000,0.0269,0.9996,0.0000,0.0000,0.0000,1.0000,0.0210,0.0279,0.0569
159,10,4.4477,-0.1517,0.4546,0.9996,-0.0269,0.0000,0.0269,0.9996,0.0000,0.0000,0.0000,1.0000,0.0210,0.0279,0.0569
160,0,4.0929,-0.0760,0.4400,0.9996,-0.0284,0.0000,0.0284,0.9996,0.0000,0.0000,0.0000,1.0000,0.2577,0.2263,0.1400
160,1,4.1011,-0.0734,0.6052,0.9996,-0.0284,0.0000,0.0284,0.9996,0.0000,0.0000,0.0000,1.0000,0.1100,0.2168,0.3052
160,2,4.1752,-0.1358,0.5173,0.9996,-0.0284,0.0000,0.0284,0.9996,0.0000,0.0000,0.0000,1.0000,0.1101,0.3070,0.2173
160,3,4.1926,-0.3131,0.5889,0.9996,-0.0284,0.0000,0.0284,0.9996,0.0000,0.0000,0.0000,1.0000,0.2836,0.2073,0.2889
160,4,4.3093,-0.3629,0.5062,0.9996,-0.0284,0.0000,0.0284,0.9996,0.0000,0.0000,0.0000,1.0000,0.2820,0.2947,0.2062
160,5,4.4807,-0.2309,0.6614,0.9996,-0.0284,0.0000,0.0284,0.9996,0.0000,0.0000,0.0000,1.0000,0.1112,0.2100,0.3614
160,6,4.5743,-0.2140,0.4265,0.9996,-0.0284,0.0000,0.0284,0.9996,0.0000,0.0000,0.0000,1.0000,0.1972,0.1336,0.1265
160,7,4.6834,-0.2087,0.4491,0.9996,-0.0284,0.0000,0.0284,0.9996,0.0000,0.0000,0.0000,1.0000,0.1624,0.1625,0.0548
160,8,4.7120,-0.1663,0.4472,0.9996,-0.0284,0.0000,0.0284,0.9996,0.0000,0.0000,0.0000,1.0000,0.0831,0.2046,0.1050
160,9,4.7441,-0.1009,0.4544,0.9996,-0.0284,0.0000,0.0284,0.9996,0.0000,0.0000,0.0000,1.0000,0.0210,0.0279,0.0569
160,10,4.7863,-0.1620,0.4546,0.9996,-0.0284,0.0000,0.0284,0.9996,0.0000,0.0000,0.0000,1.0000,0.0210,0.0279,0.0569
161,0,4.4441,-0.0862,0.4400,0.9996,-0.0296,0.0000,0.0296,0.9996,0.0000,0.0000,0.0000,1.0000,0.2577,0.2263,0.1400
161,1,4.4523,-0.0835,0.6052,0.9996,-0.0296,0.0000,0.0296,0.9996,0.0000,0.0000,0.0000,1.0000,0.1100,0.2168,0.3052
161,2,4.5264,-0.1460,0.5173,0.9996,-0.0296,0.0000,0.0296,0.9996,0.0000,0.0000,0.0000,1.0000,0.1101,0.3070,0.2173
161,3,4.5435,-0.3233,0.5889,0.9996,-0.0296,0.0000,0.0296,0.9996,0.0000,0.0000,0.0000,1.0000,0.2836,0.2073,0.2889
161,4,4.6602,-0.3733,0.5062,0.9996,-0.0296,0.0000,0.0296,0.9996,0.0000,0.0000,0.0000,1.0000,0.2820,0.2947,0.2062
161,5,4.8318,-0.2415,0.6614,0.9996,-0.0296,0.0000,0.0296,0.9996,0.0000,0.0000,0.0000,1.0000,0.1112,0.2100,0.3614
161,6,4.9253,-0.2248,0.4265,0.9996,-0.0296,0.0000,0.0296,0.9996,0.0000,0.0000,0.0000,1.0000,0.1972,0.1336,0.1265
161,7,5.0344,-0.2196,0.4491,0.9996,-0.0296,0.0000,0.0296,0.9996,0.0000,0.0000,0.0000,1.0000,0.1624,0.1625,0.0548
161,8,5.0631,-0.1773,0.4472,0.9996,-0.0296,0.0000,0.0296,0.9996,0.0000,0.0000,0.0000,1.0000,0.0831,0.2046,0.1050
161,9,5.0954,-0.1119,0.4544,0.9996,-0.0296,0.0000,0.0296,0.9996,0.0000,0.0000,0.0000,1.0000,0.0210,0.0279,0.0569
161,10,5.1375,-0.1731,0.4546,0.9996,-0.0296,0.0000,0.0296,0.9996,0.0000,0.0000,0.0000,1.0000,0.0210,0.0279,0.0569
162,0,4.8079,-0.0972,0.4400,0.9995,-0.0309,0.0000,0.0309,0.9995,0.0000,0.0000,0.0000,1.0000,0.2577,0.2263,0.1400
162,1,4.8161,-0.0945,0.6052,0.9995,-0.0309,0.0000,0.0309,0.9995,0.0000,0.0000,0.0000,1.0000,0.1100,0.2168,0.3052
162,2,4.8901,-0.1571,0.5173,0.9995,-0.0309,0.0000,0.0309,0.9995,0.0000,0.0000,0.0000,1.0000,0.1101,0.3070,0.2173
162,3,4.9070,-0.3344,0.5889,0.9995,-0.0309,0.0000,0.0309,0.9995,0.0000,0.0000,0.0000,1.0000,0.2836,0.2073,0.2889
162,4,5.0236,-0.3846,0.5062,0.9995,-0.0309,0.0000,0.0309,0.9995,0.0000,0.0000,0.0000,1.0000,0.2820,0.2947,0.2062
162,5,5.1953,-0.2530,0.6614,0.9995,-0.0309,0.0000,0.0309,0.9995,0.0000,0.0000,0.0000,1.0000,0.1112,0.2100,0.3614
162,6,5.2889,-0.2364,0.4265,0.9995,-0.0309,0.0000,0.0309,0.9995,0.0000,0.0000,0.0000,1.0000,0.1972,0.1336,0.1265
162,7,5.3980,-0.2314,0.4491,0.9995,-0.0309,0.0000,0.0309,0.9995,0.0000,0.0000,0.0000,1.0000,0.1624,0.1625,0.0548
162,8,5.4267,-0.1890,0.4472,0.9995,-0.0309,0.0000,0.0309,0.9995,0.0000,0.0000,0.0000,1.0000,0.0831,0.2046,0.1050
162,9,5.4591,-0.1237,0.4544,0.9995,-0.0309,0.0000,0.0309,0.9995,0.0000,0.0000,0.0000,1.0000,0.0210,0.0279,0.0569
162,10,5.5011,-0.1849,0.4546,0.9995,-0.0309,0.0000,0.0309,0.9995,0.0000,0.0000,0.0000,1.0000,0.0210,0.0279,0.0569
163,0,5.1842,-0.1090,0.4400,0.9995,-0.0322,0.0000,0.0322,0.9995,0.0000,0.0000,0.0000,1.0000,0.2577,0.2263,0.1400
163,1,5.1924,-0.1064,0.6052,0.9995,-0.0322,0.0000,0.0322,0.9995,0.0000,0.0000,0.0000,1.0000,0.1100,0.2168,0.3052
163,2,5.2663,-0.1691,0.5173,0.9995,-0.0322,0.0000,0.0322,0.9995,0.0000,0.0000,0.0000,1.0000,0.1101,0.3070,0.2173
163,3,5.2830,-0.3464,0.5889,0.9995,-0.0322,0.0000,0.0322,0.9995,0.0000,0.0000,0.0000,1.0000,0.2836,0.2073,0.2889
163,4,5.3995,-0.3967,0.5062,0.9995,-0.0322,0.0000,0.0322,0.9995,0.0000,0.0000,0.0000,1.0000,0.2820,0.2947,0.2062
163,5,5.5715,-0.2653,0.6614,0.9995,-0.0322,0.0000,0.0322,0.9995,0.0000,0.0000,0.0000,1.0000,0.1112,0.2100,0.3614
163,6,5.6650,-0.2489,0.4265,0.9995,-0.0322,0.0000,0.0322,0.9995,0.0000,0.0000,0.0000,1.0000,0.1972,0.1336,0.1265
163,7,5.7742,-0.2440,0.4491,0.9995,-0.0322,0.0000,0.0322,0.9995,0.0000,0.0000,0.0000,1.0000,0.1624,0.1625,0.0548
163,8,5.8029,-0.2017,0.4472,0.9995,-0.0322,0.0000,0.0322,0.9995,0.0000,0.0000,0.0000,1.0000,0.0831,0.2046,0.1050
163,9,5.8353,-0.1364,0.4544,0.9995,-0.0322,0.0000,0.0322,0.9995,0.0000,0.0000,0.0000,1.0000,0.0210,0.0279,0.0569
163,10,5.8773,-0.1977,0.4546,0.9995,-0.0322,0.0000,0.0322,0.9995,0.0000,0.0000,0.0000,1.0000,0.0210,0.0279,0.0569
164,0,5.5732,-0.1217,0.4400,0.9994,-0.0335,0.0000,0.0335,0.9994,0.0000,0.0000,0.0000,1.0000,0.2577,0.2263,0.1400
164,1,5.5814,-0.1191,0.6052,0.9994,-0.0335,0.0000,0.0335,0.9994,0.0000,0.0000,0.0000,1.0000,0.1100,0.2168,0.3052
164,2,5.6552,-0.1819,0.5173,0.9994,-0.0335,0.0000,0.0335,0.9994,0.0000,0.0000,0.0000,1.0000,0.1101,0.3070,0.2173
164,3,5.6717,-0.3593,0.5889,0.9994,-0.0335,0.0000,0.0335,0.9994,0.0000,0.0000,0.0000,1.0000,0.2836,0.2073,0.2889
164,4,5.7882,-0.4097,0.5062,0.9994,-0.0335,0.0000,0.0335,0.9994,0.0000,0.0000,0.0000,1.0000,0.2820,0.2947,0.2062
164,5,5.9603,-0.2786,0.6614,0.9994,-0.0335,0.0000,0.0335,0.9994,0.0000,0.0000,0.0000,1.0000,0.1112,0.2100,0.3614
164,6,6.0539,-0.2622,0.4265,0.9994,-0.0335,0.0000,0.0335,0.9994,0.0000,0.0000,0.0000,1.0000,0.1972,0.1336,0.1265
164,7,6.1630,-0.2575,0.4491,0.9994,-0.0335,0.0000,0.0335,0.9994,0.0000,0.0000,0.0000,1.0000,0.1624,0.1625,0.0548
164,8,6.1918,-0.2152,0.4472,0.9994,-0.0335,0.0000,0.0335,0.9994,0.0000,0.0000,0.0000,1.0000,0.0831,0.2046,0.1050
164,9,6.2243,-0.1500,0.4544,0.9994,-0.0335,0.0000,0.0335,0.9994,0.0000,0.0000,0.0000,1.0000,0.0210,0.0279,0.0569
164,10,6.2662,-0.2113,0.4546,0.9994,-0.0335,0.0000,0.0335,0.9994,0.0000,0.0000,0.0000,1.0000,0.0210,0.0279,0.0569
165,0,5.9750,-0.1354,0.4400,0.9994,-0.0348,0.0000,0.0348,0.9994,0.0000,0.0000,0.0000,1.0000,0.2577,0.2263,0.1400
165,1,5.9832,-0.1328,0.6052,0.9994,-0.0348,0.0000,0.0348,0.9994,0.0000,0.0000,0.0000,1.0000,0.1100,0.2168,0.3052
165,2,6.0569,-0.1957,0.5173,0.9994,-0.0348,0.0000,0.0348,0.9994,0.0000,0.0000,0.0000,1.0000,0.1101,0.3070,0.2173
165,3,6.0732,-0.3731,0.5889,0.9994,-0.0348,0.0000,0.0348,0.9994,0.0000,0.0000,0.0000,1.0000,0.2836,0.2073,0.2889
165,4,6.1896,-0.4236,0.5062,0.9994,-0.0348,0.0000,0.0348,0.9994,0.0000,0.0000,0.0000,1.0000,0.2820,0.2947,0.2062
165,5,6.3618,-0.2928,0.6614,0.9994,-0.0348,0.0000,0.0348,0.9994,0.0000,0.0000,0.0000,1.0000,0.1112,0.2100,0.3614
165,6,6.4555,-0.2765,0.4265,0.9994,-0.0348,0.0000,0.0348,0.9994,0.0000,0.0000,0.0000,1.0000,0.1972,0.1336,0.1265
165,7,6.5646,-0.2719,0.4491,0.9994,-0.0348,0.0000,0.0348,0.9994,0.0000,0.0000,0.0000,1.0000,0.1624,0.1625,0.0548
165,8,6.5935,-0.2297,0.4472,0.9994,-0.0348,0.0000,0.0348,0.9994,0.0000,0.0000,0.0000,1.0000,0.0831,0.2046,0.1050
165,9,6.6261,-0.1645,0.4544,0.9994,-0.0348,0.0000,0.0348,0.9994,0.0000,0.0000,0.0000,1.0000,0.0210,0.0279,0.0569
165,10,6.6679,-0.2259,0.4546,0.9994,-0.0348,0.0000,0.0348,0.9994,0.0000,0.0000,0.0000,1.0000,0.0210,0.0279,0.0569
166,0,6.3894,-0.1501,0.4400,0.9993,-0.0362,0.0000,0.0362,0.9993,0.0000,0.0000,0.0000,1.0000,0.2577,0.2263,0.1400
166,1,6.3976,-0.1475,0.6052,0.9993,-0.0362,0.0000,0.0362,0.9993,0.0000,0.0000,0.0000,1.0000,0.1100,0.2168,0.3052
166,2,6.4713,-0.2105,0.5173,0.9993,-0.0362,0.0000,0.0362,0.9993,0.0000,0.0000,0.0000,1.0000,0.1101,0.3070,0.2173
166,3,6.4873,-0.3879,0.5889,0.9993,-0.0362,0.0000,0.0362,0.9993,0.0000,0.0000,0.0000,1.0000,0.2836,0.2073,0.2889
166,4,6.6036,-0.4386,0.5062,0.9993,-0.0362,0.0000,0.0362,0.9993,0.0000,0.0000,0.0000,1.0000,0.2820,0.2947,0.2062
166,5,6.7760,-0.3080,0.6614,0.9993,-0.0362,0.0000,0.0362,0.9993,0.0000,0.0000,0.0000,1.0000,0.1112,0.2100,0.3614
166,6,6.8697,-0.2919,0.4265,0.9993,-0.0362,0.0000,0.0362,0.9993,0.0000,0.0000,0.0000,1.0000,0.1972,0.1336,0.1265
166,7,6.9788,-0.2874,0.4491,0.9993,-0.0362,0.0000,0.0362,0.9993,0.0000,0.0000,0.0000,1.0000,0.1624,0.1625,0.0548
166,8,7.0078,-0.2452,0.4472,0.9993,-0.0362,0.0000,0.0362,0.9993,0.0000,0.0000,0.0000,1.0000,0.0831,0.2046,0.1050
166,9,7.0404,-0.1801,0.4544,0.9993,-0.0362,0.0000,0.0362,0.9993,0.0000,0.0000,0.0000,1.0000,0.0210,0.0279,0.0569
166,10,7.0821,-0.2415,0.4546,0.9993,-0.0362,0.0000,0.0362,0.9993,0.0000,0.0000,0.0000,1.0000,0.0210,0.0279,0.0569
167,0,6.8162,-0.1659,0.4400,0.9993,-0.0383,0.0000,0.0383,0.9993,0.0000,0.0000,0.0000,1.0000,0.2577,0.2263,0.1400
167,1,6.8244,-0.1633,0.6052,0.9993,-0.0383,0.0000,0.0383,0.9993,0.0000,0.0000,0.0000,1.0000,0.1100,0.2168,0.3052
167,2,6.8980,-0.2265,0.5173,0.9993,-0.0383,0.0000,0.0383,0.9993,0.0000,0.0000,0.0000,1.0000,0.1101,0.3070,0.2173
167,3,6.9136,-0.4039,0.5889,0.9993,-0.0383,0.0000,0.0383,0.9993,0.0000,0.0000,0.0000,1.0000,0.2836,0.2073,0.2889
167,4,7.0298,-0.4549,0.5062,0.9993,-0.0383,0.0000,0.0383,0.9993,0.0000,0.0000,0.0000,1.0000,0.2820,0.2947,0.2062
167,5,7.2025,-0.3246,0.6614,0.9993,-0.0383,0.0000,0.0383,0.9993,0.0000,0.0000,0.0000,1.0000,0.1112,0.2100,0.3614
167,6,7.2962,-0.3087,0.4265,0.9993,-0.0383,0.0000,0.0383,0.9993,0.0000,0.0000,0.0000,1.0000,0.1972,0.1336,0.1265
167,7,7.4053,-0.3045,0.4491,0.9993,-0.0383,0.0000,0.0383,0.9993,0.0000,0.0000,0.0000,1.0000,0.1624,0.1625,0.0548
167,8,7.4344,-0.2623,0.4472,0.9993,-0.0383,0.0000,0.0383,0.9993,0.0000,0.0000,0.0000,1.0000,0.0831,0.2046,0.1050
167,9,7.4672,-0.1972,0.4544,0.9993,-0.0383,0.0000,0.0383,0.9993,0.0000,0.0000,0.0000,1.0000,0.0210,0.0279,0.0569
167,10,7.5088,-0.2588,0.4546,0.9993,-0.0383,0.0000,0.0383,0.9993,0.0000,0.0000,0.0000,1.0000,0.0210,0.0279,0.0569
168,0,7.2550,-0.1832,0.4400,0.9992,-0.0407,0.0000,0.0407,0.9992,0.0000,0.0000,0.0000,1.0000,0.2577,0.2263,0.1400
168,1,7.2632,-0.1806,0.6052,0.9992,-0.0407,0.0000,0.0407,0.9992,0.0000,0.0000,0.0000,1.0000,0.1100,0.2168,0.3052
168,2,7.3366,-0.2439,0.5173,0.9992,-0.0407,0.0000,0.0407,0.9992,0.0000,0.0000,0.0000,1.0000,0.1101,0.3070,0.2173
168,3,7.3518,-0.4214,0.5889,0.9992,-0.0407,0.0000,0.0407,0.9992,0.0000,0.0000,0.0000,1.0000,0.2836,0.2073,0.2889
168,4,7.4679,-0.4727,0.5062,0.9992,-0.0407,0.0000,0.0407,0.9992,0.0000,0.0000,0.0000,1.0000,0.2820,0.2947,0.2062
168,5,7.6409,-0.3428,0.6614,0.9992,-0.0407,0.0000,0.0407,0.9992,0.0000,0.0000,0.0000,1.0000,0.1112,0.2100,0.3614
168,6,7.7346,-0.3271,0.4265,0.9992,-0.0407,0.0000,0.0407,0.9992,0.0000,0.0000,0.0000,1.0000,0.1972,0.1336,0.1265
168,7,7.8438,-0.3232,0.4491,0.9992,-0.0407,0.0000,0.0407,0.9992,0.0000,0.0000,0.0000,1.0000,0.1624,0.1625,0.0548
168,8,7.8729,-0.2811,0.4472,0.9992,-0.0407,0.0000,0.0407,0.9992,0.0000,0.0000,0.0000,1.0000,0.0831,0.2046,0.1050
168,9,7.9059,-0.2161,0.4544,0.9992,-0.0407,0.0000,0.0407,0.9992,0.0000,0.0000,0.0000,1.0000,0.0210,0.0279,0.0569
168,10,7.9473,-0.2777,0.4546,0.9992,-0.0407,0.0000,0.0407,0.9992,0.0000,0.0000,0.0000,1.0000,0.0210,0.0279,0.0569
169,0,7.7051,-0.2021,0.4400,0.9990,-0.0438,0.0000,0.0438,0.9990,0.0000,0.0000,0.0000,1.0000,0.2577,0.2263,0.1400
169,1,7.7133,-0.1995,0.6052,0.9990,-0.0438,0.0000,0.0438,0.9990,0.0000,0.0000,0.0000,1.0000,0.1100,0.2168,0.3052
169,2,7.7865,-0.2631,0.5173,0.9990,-0.0438,0.0000,0.0438,0.9990,0.0000,0.0000,0.0000,1.0000,0.1101,0.3070,0.2173
169,3,7.8011,-0.4406,0.5889,0.9990,-0.0438,0.0000,0.0438,0.9990,0.0000,0.0000,0.0000,1.0000,0.2836,0.2073,0.2889
169,4,7.9171,-0.4922,0.5062,0.9990,-0.0438,0.0000,0.0438,0.9990,0.0000,0.0000,0.0000,1.0000,0.2820,0.2947,0.2062
169,5,8.0905,-0.3629,0.6614,0.9990,-0.0438,0.0000,0.0438,0.9990,0.0000,0.0000,0.0000,1.0000,0.1112,0.2100,0.3614
169,6,8.1843,-0.3475,0.4265,0.9990,-0.0438,0.0000,0.0438,0.9990,0.0000,0.0000,0.0000,1.0000,0.1972,0.1336,0.1265
169,7,8.2934,-0.3439,0.4491,0.9990,-0.0438,0.0000,0.0438,0.9990,0.0000,0.0000,0.0000,1.0000,0.1624,0.1625,0.0548
169,8,8.3227,-0.3019,0.4472,0.9990,-0.0438,0.0000,0.0438,0.9990,0.0000,0.0000,0.0000,1.0000,0.0831,0.2046,0.1050
169,9,8.3559,-0.2370,0.4544,0.9990,-0.0438,0.0000,0.0438,0.9990,0.0000,0.0000,0.0000,1.0000,0.0210,0.0279,0.0569
169,10,8.3971,-0.2987,0.4546,0.9990,-0.0438,0.0000,0.0438,0.9990,0.0000,0.0000,0.0000,1.0000,0.0210,0.0279,0.0569
170,0,8.1658,-0.2230,0.4400,0.9989,-0.0478,0.0000,0.0478,0.9989,0.0000,0.0000,0.0000,1.0000,0.2577,0.2263,0.1400
170,1,8.1741,-0.2205,0.6052,0.9989,-0.0478,0.0000,0.0478,0.9989,0.0000,0.0000,0.0000,1.0000,0.1100,0.2168,0.3052
170,2,8.2470,-0.2844,0.5173,0.9989,-0.0478,0.0000,0.0478,0.9989,0.0000,0.0000,0.0000,1.0000,0.1101,0.3070,0.2173
170,3,8.2609,-0.4619,0.5889,0.9989,-0.0478,0.0000,0.0478,0.9989,0.0000,0.0000,0.0000,1.0000,0.2836,0.2073,0.2889
170,4,8.3767,-0.5140,0.5062,0.9989,-0.0478,0.0000,0.0478,0.9989,0.0000,0.0000,0.0000,1.0000,0.2820,0.2947,0.2062
170,5,8.5506,-0.3854,0.6614,0.9989,-0.0478,0.0000,0.0478,0.9989,0.0000,0.0000,0.0000,1.0000,0.1112,0.2100,0.3614
170,6,8.6444,-0.3703,0.4265,0.9989,-0.0478,0.0000,0.0478,0.9989,0.0000,0.0000,0.0000,1.0000,0.1972,0.1336,0.1265
170,7,8.7536,-0.3672,0.4491,0.9989,-0.0478,0.0000,0.0478,0.9989,0.0000,0.0000,0.0000,1.0000,0.1624,0.1625,0.0548
170,8,8.7830,-0.3253,0.4472,0.9989,-0.0478,0.0000,0.0478,0.9989,0.0000,0.0000,0.0000,1.0000,0.0831,0.2046,0.1050
170,9,8.8165,-0.2605,0.4544,0.9989,-0.0478,0.0000,0.0478,0.9989,0.0000,0.0000,0.0000,1.0000,0.0210,0.0279,0.0569
170,10,8.8575,-0.3225,0.4546,0.9989,-0.0478,0.0000,0.0478,0.9989,0.0000,0.0000,0.0000,1.0000,0.0210,0.0279,0.0569
171,0,8.6364,-0.2465,0.4400,0.9986,-0.0526,0.0000,0.0526,0.9986,0.0000,0.0000,0.0000,1.0000,0.2577,0.2263,0.1400
171,1,8.6447,-0.2440,0.6052,0.9986,-0.0526,0.0000,0.0526,0.9986,0.0000,0.0000,0.0000,1.0000,0.1100,0.2168,0.3052
171,2,8.7173,-0.3082,0.5173,0.9986,-0.0526,0.0000,0.0526,0.9986,0.0000,0.0000,0.0000,1.0000,0.1101,0.3070,0.2173
171,3,8.7303,-0.4859,0.5889,0.9986,-0.0526,0.0000,0.0526,0.9986,0.0000,0.0000,0.0000,1.0000,0.2836,0.2073,0.2889
171,4,8.8458,-0.5385,0.5062,0.9986,-0.0526,0.0000,0.0526,0.9986,0.0000,0.0000,0.0000,1.0000,0.2820,0.2947,0.2062
171,5,9.0204,-0.4107,0.6614,0.9986,-0.0526,0.0000,0.0526,0.9986,0.0000,0.0000,0.0000,1.0000,0.1112,0.2100,0.3614
171,6,9.1143,-0.3962,0.4265,0.9986,-0.0526,0.0000,0.0526,0.9986,0.0000,0.0000,0.0000,1.0000,0.1972,0.1336,0.1265
171,7,9.2235,-0.3935,0.4491,0.9986,-0.0526,0.0000,0.0526,0.9986,0.0000,0.0000,0.0000,1.0000,0.1624,0.1625,0.0548
171,8,9.2531,-0.3518,0.4472,0.9986,-0.0526,0.0000,0.0526,0.9986,0.0000,0.0000,0.0000,1.0000,0.0831,0.2046,0.1050
171,9,9.2869,-0.2872,0.4544,0.9986,-0.0526,0.0000,0.0526,0.9986,0.0000,0.0000,0.0000,1.0000,0.0210,0.0279,0.0569
171,10,9.3276,-0.3493,0.4546,0.9986,-0.0526,0.0000,0.0526,0.9986,0.0000,0.0000,0.0000,1.0000,0.0210,0.0279,0.0569
172,0,9.1158,-0.2730,0.4400,0.9983,-0.0588,0.0000,0.0588,0.9983,0.0000,0.0000,0.0000,1.0000,0.2577,0.2263,0.1400
172,1,9.1241,-0.2706,0.6052,0.9983,-0.0588,0.0000,0.0588,0.9983,0.0000,0.0000,0.0000,1.0000,0.1100,0.2168,0.3052
172,2,9.1963,-0.3353,0.5173,0.9983,-0.0588,0.0000,0.0588,0.9983,0.0000,0.0000,0.0000,1.0000,0.1101,0.3070,0.2173
172,3,9.2082,-0.5130,0.5889,0.9983,-0.0588,0.0000,0.0588,0.9983,0.0000,0.0000,0.0000,1.0000,0.2836,0.2073,0.2889
172,4,9.3234,-0.5663,0.5062,0.9983,-0.0588,0.0000,0.0588,0.9983,0.0000,0.0000,0.0000,1.0000,0.2820,0.2947,0.2062
172,5,9.4988,-0.4396,0.6614,0.9983,-0.0588,0.0000,0.0588,0.9983,0.0000,0.0000,0.0000,1.0000,0.1112,0.2100,0.3614
172,6,9.5927,-0.4256,0.4265,0.9983,-0.0588,0.0000,0.0588,0.9983,0.0000,0.0000,0.0000,1.0000,0.1972,0.1336,0.1265
172,7,9.7020,-0.4237,0.4491,0.9983,-0.0588,0.0000,0.0588,0.9983,0.0000,0.0000,0.0000,1.0000,0.1624,0.1625,0.0548
172,8,9.7318,-0.3821,0.4472,0.9983,-0.0588,0.0000,0.0588,0.9983,0.0000,0.0000,0.0000,1.0000,0.0831,0.2046,0.1050
172,9,9.7660,-0.3177,0.4544,0.9983,-0.0588,0.0000,0.0588,0.9983,0.0000,0.0000,0.0000,1.0000,0.0210,0.0279,0.0569
172,10,9.8063,-0.3801,0.4546,0.9983,-0.0588,0.0000,0.0588,0.9983,0.0000,0.0000,0.0000,1.0000,0.0210,0.0279,0.0569
173,0,9.6030,-0.3032,0.4400,0.9978,-0.0662,0.0000,0.0662,0.9978,0.0000,0.0000,0.0000,1.0000,0.2577,0.2263,0.1400
173,1,9.6112,-0.3009,0.6052,0.9978,-0.0662,0.0000,0.0662,0.9978,0.0000,0.0000,0.0000,1.0000,0.1100,0.2168,0.3052
173,2,9.6830,-0.3661,0.5173,0.9978,-0.0662,0.0000,0.0662,0.9978,0.0000,0.0000,0.0000,1.0000,0.1101,0.3070,0.2173
173,3,9.6936,-0.5439,0.5889,0.9978,-0.0662,0.0000,0.0662,0.9978,0.0000,0.0000,0.0000,1.0000,0.2836,0.2073,0.2889
173,4,9.8084,-0.5981,0.5062,0.9978,-0.0662,0.0000,0.0662,0.9978,0.0000,0.0000,0.0000,1.0000,0.2820,0.2947,0.2062
173,5,9.9847,-0.4727,0.6614,0.9978,-0.0662,0.0000,0.0662,0.9978,0.0000,0.0000,0.0000,1.0000,0.1112,0.2100,0.3614
173,6,10.0788,-0.4594,0.4265,0.9978,-0.0662,0.0000,0.0662,0.9978,0.0000,0.0000,0.0000,1.0000,0.1972,0.1336,0.1265
173,7,10.1880,-0.4582,0.4491,0.9978,-0.0662,0.0000,0.0662,0.9978,0.0000,0.0000,0.0000,1.0000,0.1624,0.1625,0.0548
173,8,10.2182,-0.4169,0.4472,0.9978,-0.0662,0.0000,0.0662,0.9978,0.0000,0.0000,0.0000,1.0000,0.0831,0.2046,0.1050
173,9,10.2528,-0.3527,0.4544,0.9978,-0.0662,0.0000,0.0662,0.9978,0.0000,0.0000,0.0000,1.0000,0.0210,0.0279,0.0569
173,10,10.2926,-0.4154,0.4546,0.9978,-0.0662,0.0000,0.0662,0.9978,0.0000,0.0000,0.0000,1.0000,0.0210,0.0279,0.0569
174,0,10.0971,-0.3378,0.4400,0.9972,-0.0746,0.0000,0.0746,0.9972,0.0000,0.0000,0.0000,1.0000,0.2577,0.2263,0.1400
174,1,10.1054,-0.3355,0.6052,0.9972,-0.0746,0.0000,0.0746,0.9972,0.0000,0.0000,0.0000,1.0000,0.1100,0.2168,0.3052
174,2,10.1766,-0.4013,0.5173,0.9972,-0.0746,0.0000,0.0746,0.9972,0.0000,0.0000,0.0000,1.0000,0.1101,0.3070,0.2173
174,3,10.1857,-0.5792,0.5889,0.9972,-0.0746,0.0000,0.0746,0.9972,0.0000,0.0000,0.0000,1.0000,0.2836,0.2073,0.2889
174,4,10.3000,-0.6343,0.5062,0.9972,-0.0746,0.0000,0.0746,0.9972,0.0000,0.0000,0.0000,1.0000,0.2820,0.2947,0.2062
174,5,10.4774,-0.5104,0.6614,0.9972,-0.0746,0.0000,0.0746,0.9972,0.0000,0.0000,0.0000,1.0000,0.1112,0.2100,0.3614
174,6,10.5716,-0.4979,0.4265,0.9972,-0.0746,0.0000,0.0746,0.9972,0.0000,0.0000,0.0000,1.0000,0.1972,0.1336,0.1265
174,7,10.6808,-0.4977,0.4491,0.9972,-0.0746,0.0000,0.0746,0.9972,0.0000,0.0000,0.0000,1.0000,0.1624,0.1625,0.0548
174,8,10.7113,-0.4566,0.4472,0.9972,-0.0746,0.0000,0.0746,0.9972,0.0000,0.0000,0.0000,1.0000,0.0831,0.2046,0.1050
174,9,10.7465,-0.3928,0.4544,0.9972,-0.0746,0.0000,0.0746,0.9972,0.0000,0.0000,0.0000,1.0000,0.0210,0.0279,0.0569
174,10,10.7858,-0.4558,0.4546,0.9972,-0.0746,0.0000,0.0746,0.9972,0.0000,0.0000,0.0000,1.0000,0.0210,0.0279,0.0569
175,0,10.5979,-0.3773,0.4400,0.9965,-0.0842,0.0000,0.0842,0.9965,0.0000,0.0000,0.0000,1.0000,0.2577,0.2263,0.1400
175,1,10.6062,-0.3751,0.6052,0.9965,-0.0842,0.0000,0.0842,0.9965,0.0000,0.0000,0.0000,1.0000,0.1100,0.2168,0.3052
175,2,10.6768,-0.4415,0.5173,0.9965,-0.0842,0.0000,0.0842,0.9965,0.0000,0.0000,0.0000,1.0000,0.1101,0.3070,0.2173
175,3,10.6842,-0.6195,0.5889,0.9965,-0.0842,0.0000,0.0842,0.9965,0.0000,0.0000,0.0000,1.0000,0.2836,0.2073,0.2889
175,4,10.7980,-0.6758,0.5062,0.9965,-0.0842,0.0000,0.0842,0.9965,0.0000,0.0000,0.0000,1.0000,0.2820,0.2947,0.2062
175,5,10.9765,-0.5536,0.6614,0.9965,-0.0842,0.0000,0.0842,0.9965,0.0000,0.0000,0.0000,1.0000,0.1112,0.2100,0.3614
175,6,11.0708,-0.5420,0.4265,0.9965,-0.0842,0.0000,0.0842,0.9965,0.0000,0.0000,0.0000,1.0000,0.1972,0.1336,0.1265
175,7,11.1800,-0.5428,0.4491,0.9965,-0.0842,0.0000,0.0842,0.9965,0.0000,0.0000,0.0000,1.0000,0.1624,0.1625,0.0548
175,8,11.2110,-0.5020,0.4472,0.9965,-0.0842,0.0000,0.0842,0.9965,0.0000,0.0000,0.0000,1.0000,0.0831,0.2046,0.1050
175,9,11.2467,-0.4385,0.4544,0.9965,-0.0842,0.0000,0.0842,0.9965,0.0000,0.0000,0.0000,1.0000,0.0210,0.0279,0.0569
175,10,11.2854,-0.5019,0.4546,0.9965,-0.0842,0.0000,0.0842,0.9965,0.0000,0.0000,0.0000,1.0000,0.0210,0.0279,0.0569
176,0,11.1056,-0.4224,0.4400,0.9955,-0.0946,0.0000,0.0946,0.9955,0.0000,0.0000,0.0000,1.0000,0.2577,0.2263,0.1400
176,1,11.1139,-0.4203,0.6052,0.9955,-0.0946,0.0000,0.0946,0.9955,0.0000,0.0000,0.0000,1.0000,0.1100,0.2168,0.3052
176,2,11.1838,-0.4875,0.5173,0.9955,-0.0946,0.0000,0.0946,0.9955,0.0000,0.0000,0.0000,1.0000,0.1101,0.3070,0.2173
176,3,11.1894,-0.6656,0.5889,0.9955,-0.0946,0.0000,0.0946,0.9955,0.0000,0.0000,0.0000,1.0000,0.2836,0.2073,0.2889
176,4,11.3025,-0.7230,0.5062,0.9955,-0.0946,0.0000,0.0946,0.9955,0.0000,0.0000,0.0000,1.0000,0.2820,0.2947,0.2062
176,5,11.4823,-0.6027,0.6614,0.9955,-0.0946,0.0000,0.0946,0.9955,0.0000,0.0000,0.0000,1.0000,0.1112,0.2100,0.3614
176,6,11.5767,-0.5921,0.4265,0.9955,-0.0946,0.0000,0.0946,0.9955,0.0000,0.0000,0.0000,1.0000,0.1972,0.1336,0.1265
176,7,11.6859,-0.5940,0.4491,0.9955,-0.0946,0.0000,0.0946,0.9955,0.0000,0.0000,0.0000,1.0000,0.1624,0.1625,0.0548
176,8,11.7173,-0.5536,0.4472,0.9955,-0.0946,0.0000,0.0946,0.9955,0.0000,0.0000,0.0000,1.0000,0.0831,0.2046,0.1050
176,9,11.7538,-0.4905,0.4544,0.9955,-0.0946,0.0000,0.0946,0.9955,0.0000,0.0000,0.0000,1.0000,0.0210,0.0279,0.0569
176,10,11.7918,-0.5543,0.4546,0.9955,-0.0946,0.0000,0.0946,0.9955,0.0000,0.0000,0.0000,1.0000,0.0210,0.0279,0.0569
177,0,11.6206,-0.4739,0.4400,0.9944,-0.1061,0.0000,0.1061,0.9944,0.0000,0.0000,0.0000,1.0000,0.2577,0.2263,0.1400
177,1,11.6289,-0.4719,0.6052,0.9944,-0.1061,0.0000,0.1061,0.9944,0.0000,0.0000,0.0000,1.0000,0.1100,0.2168,0.3052
177,2,11.6980,-0.5399,0.5173,0.9944,-0.1061,0.0000,0.1061,0.9944,0.0000,0.0000,0.0000,1.0000,0.1101,0.3070,0.2173
177,3,11.7015,-0.7180,0.5889,0.9944,-0.1061,0.0000,0.1061,0.9944,0.0000,0.0000,0.0000,1.0000,0.2836,0.2073,0.2889
177,4,11.8140,-0.7768,0.5062,0.9944,-0.1061,0.0000,0.1061,0.9944,0.0000,0.0000,0.0000,1.0000,0.2820,0.2947,0.2062
177,5,11.9952,-0.6586,0.6614,0.9944,-0.1061,0.0000,0.1061,0.9944,0.0000,0.0000,0.0000,1.0000,0.1112,0.2100,0.3614
177,6,12.0897,-0.6490,0.4265,0.9944,-0.1061,0.0000,0.1061,0.9944,0.0000,0.0000,0.0000,1.0000,0.1972,0.1336,0.1265
177,7,12.1989,-0.6522,0.4491,0.9944,-0.1061,0.0000,0.1061,0.9944,0.0000,0.0000,0.0000,1.0000,0.1624,0.1625,0.0548
177,8,12.2307,-0.6122,0.4472,0.9944,-0.1061,0.0000,0.1061,0.9944,0.0000,0.0000,0.0000,1.0000,0.0831,0.2046,0.1050
177,9,12.2679,-0.5495,0.4544,0.9944,-0.1061,0.0000,0.1061,0.9944,0.0000,0.0000,0.0000,1.0000,0.0210,0.0279,0.0569
177,10,12.3052,-0.6137,0.4546,0.9944,-0.1061,0.0000,0.1061,0.9944,0.0000,0.0000,0.0000,1.0000,0.0210,0.0279,0.0569
178,0,12.1429,-0.5325,0.4400,0.9930,-0.1185,0.0000,0.1185,0.9930,0.0000,0.0000,0.0000,1.0000,0.2577,0.2263,0.1400
178,1,12.1513,-0.5306,0.6052,0.9930,-0.1185,0.0000,0.1185,0.9930,0.0000,0.0000,0.0000,1.0000,0.1100,0.2168,0.3052
178,2,12.2195,-0.5994,0.5173,0.9930,-0.1185,0.0000,0.1185,0.9930,0.0000,0.0000,0.0000,1.0000,0.1101,0.3070,0.2173
178,3,12.2208,-0.7776,0.5889,0.9930,-0.1185,0.0000,0.1185,0.9930,0.0000,0.0000,0.0000,1.0000,0.2836,0.2073,0.2889
178,4,12.3326,-0.8377,0.5062,0.9930,-0.1185,0.0000,0.1185,0.9930,0.0000,0.0000,0.0000,1.0000,0.2820,0.2947,0.2062
178,5,12.5152,-0.7217,0.6614,0.9930,-0.1185,0.0000,0.1185,0.9930,0.0000,0.0000,0.0000,1.0000,0.1112,0.2100,0.3614
178,6,12.6099,-0.7134,0.4265,0.9930,-0.1185,0.0000,0.1185,0.9930,0.0000,0.0000,0.0000,1.0000,0.1972,0.1336,0.1265
178,7,12.7190,-0.7180,0.4491,0.9930,-0.1185,0.0000,0.1185,0.9930,0.0000,0.0000,0.0000,1.0000,0.1624,0.1625,0.0548
178,8,12.7513,-0.6783,0.4472,0.9930,-0.1185,0.0000,0.1185,0.9930,0.0000,0.0000,0.0000,1.0000,0.0831,0.2046,0.1050
178,9,12.7893,-0.6161,0.4544,0.9930,-0.1185,0.0000,0.1185,0.9930,0.0000,0.0000,0.0000,1.0000,0.0210,0.0279,0.0569
178,10,12.8258,-0.6807,0.4546,0.9930,-0.1185,0.0000,0.1185,0.9930,0.0000,0.0000,0.0000,1.0000,0.0210,0.0279,0.0569
179,0,12.6721,-0.5987,0.4400,0.9913,-0.1319,0.0000,0.1319,0.9913,0.0000,0.0000,0.0000,1.0000,0.2577,0.2263,0.1400
179,1,12.6805,-0.5969,0.6052,0.9913,-0.1319,0.0000,0.1319,0.9913,0.0000,0.0000,0.0000,1.0000,0.1100,0.2168,0.3052
179,2,12.7478,-0.6667,0.5173,0.9913,-0.1319,0.0000,0.1319,0.9913,0.0000,0.0000,0.0000,1.0000,0.1101,0.3070,0.2173
179,3,12.7467,-0.8448,0.5889,0.9913,-0.1319,0.0000,0.1319,0.9913,0.0000,0.0000,0.0000,1.0000,0.2836,0.2073,0.2889
179,4,12.8576,-0.9065,0.5062,0.9913,-0.1319,0.0000,0.1319,0.9913,0.0000,0.0000,0.0000,1.0000,0.2820,0.2947,0.2062
179,5,13.0418,-0.7930,0.6614,0.9913,-0.1319,0.0000,0.1319,0.9913,0.0000,0.0000,0.0000,1.0000,0.1112,0.2100,0.3614
179,6,13.1365,-0.7859,0.4265,0.9913,-0.1319,0.0000,0.1319,0.9913,0.0000,0.0000,0.0000,1.0000,0.1972,0.1336,0.1265
179,7,13.2456,-0.7920,0.4491,0.9913,-0.1319,0.0000,0.1319,0.9913,0.0000,0.0000,0.0000,1.0000,0.1624,0.1625,0.0548
179,8,13.2785,-0.7527,0.4472,0.9913,-0.1319,0.0000,0.1319,0.9913,0.0000,0.0000,0.0000,1.0000,0.0831,0.2046,0.1050
179,9,13.3172,-0.6910,0.4544,0.9913,-0.1319,0.0000,0.1319,0.9913,0.0000,0.0000,0.0000,1.0000,0.0210,0.0279,0.0569
179,10,13.3529,-0.7562,0.4546,0.9913,-0.1319,0.0000,0.1319,0.9913,0.0000,0.0000,0.0000,1.0000,0.0210,0.0279,0.0569
180,0,13.2070,-0.6732,0.4400,0.9893,-0.1460,0.0000,0.1460,0.9893,0.0000,0.0000,0.0000,1.0000,0.2577,0.2263,0.1400
180,1,13.2155,-0.6715,0.6052,0.9893,-0.1460,0.0000,0.1460,0.9893,0.0000,0.0000,0.0000,1.0000,0.1100,0.2168,0.3052
180,2,13.2818,-0.7423,0.5173,0.9893,-0.1460,0.0000,0.1460,0.9893,0.0000,0.0000,0.0000,1.0000,0.1101,0.3070,0.2173
180,3,13.2781,-0.9203,0.5889,0.9893,-0.1460,0.0000,0.1460,0.9893,0.0000,0.0000,0.0000,1.0000,0.2836,0.2073,0.2889
180,4,13.3882,-0.9836,0.5062,0.9893,-0.1460,0.0000,0.1460,0.9893,0.0000,0.0000,0.0000,1.0000,0.2820,0.2947,0.2062
180,5,13.5740,-0.8727,0.6614,0.9893,-0.1460,0.0000,0.1460,0.9893,0.0000,0.0000,0.0000,1.0000,0.1112,0.2100,0.3614
180,6,13.6688,-0.8670,0.4265,0.9893,-0.1460,0.0000,0.1460,0.9893,0.0000,0.0000,0.0000,1.0000,0.1972,0.1336,0.1265
180,7,13.7778,-0.8746,0.4491,0.9893,-0.1460,0.0000,0.1460,0.9893,0.0000,0.0000,0.0000,1.0000,0.1624,0.1625,0.0548
180,8,13.8112,-0.8358,0.4472,0.9893,-0.1460,0.0000,0.1460,0.9893,0.0000,0.0000,0.0000,1.0000,0.0831,0.2046,0.1050
180,9,13.8508,-0.7747,0.4544,0.9893,-0.1460,0.0000,0.1460,0.9893,0.0000,0.0000,0.0000,1.0000,0.0210,0.0279,0.0569
180,10,13.8855,-0.8403,0.4546,0.9893,-0.1460,0.0000,0.1460,0.9893,0.0000,0.0000,0.0000,1.0000,0.0210,0.0279,0.0569
181,0,13.7468,-0.7563,0.4400,0.9871,-0.1604,0.0000,0.1604,0.9871,0.0000,0.0000,0.0000,1.0000,0.2577,0.2263,0.1400
181,1,13.7553,-0.7547,0.6052,0.9871,-0.1604,0.0000,0.1604,0.9871,0.0000,0.0000,0.0000,1.0000,0.1100,0.2168,0.3052
181,2,13.8205,-0.8264,0.5173,0.9871,-0.1604,0.0000,0.1604,0.9871,0.0000,0.0000,0.0000,1.0000,0.1101,0.3070,0.2173
181,3,13.8143,-1.0044,0.5889,0.9871,-0.1604,0.0000,0.1604,0.9871,0.0000,0.0000,0.0000,1.0000,0.2836,0.2073,0.2889
181,4,13.9234,-1.0693,0.5062,0.9871,-0.1604,0.0000,0.1604,0.9871,0.0000,0.0000,0.0000,1.0000,0.2820,0.2947,0.2062
181,5,14.1108,-0.9611,0.6614,0.9871,-0.1604,0.0000,0.1604,0.9871,0.0000,0.0000,0.0000,1.0000,0.1112,0.2100,0.3614
181,6,14.2057,-0.9568,0.4265,0.9871,-0.1604,0.0000,0.1604,0.9871,0.0000,0.0000,0.0000,1.0000,0.1972,0.1336,0.1265
181,7,14.3145,-0.9660,0.4491,0.9871,-0.1604,0.0000,0.1604,0.9871,0.0000,0.0000,0.0000,1.0000,0.1624,0.1625,0.0548
181,8,14.3485,-0.9277,0.4472,0.9871,-0.1604,0.0000,0.1604,0.9871,0.0000,0.0000,0.0000,1.0000,0.0831,0.2046,0.1050
181,9,14.3891,-0.8672,0.4544,0.9871,-0.1604,0.0000,0.1604,0.9871,0.0000,0.0000,0.0000,1.0000,0.0210,0.0279,0.0569
181,10,14.4228,-0.9333,0.4546,0.9871,-0.1604,0.0000,0.1604,0.9871,0.0000,0.0000,0.0000,1.0000,0.0210,0.0279,0.0569
182,0,14.2909,-0.8484,0.4400,0.9844,-0.1757,0.0000,0.1757,0.9844,0.0000,0.0000,0.0000,1.0000,0.2577,0.2263,0.1400
182,1,14.2994,-0.8470,0.6052,0.9844,-0.1757,0.0000,0.1757,0.9844,0.0000,0.0000,0.0000,1.0000,0.1100,0.2168,0.3052
182,2,14.3635,-0.9197,0.5173,0.9844,-0.1757,0.0000,0.1757,0.9844,0.0000,0.0000,0.0000,1.0000,0.1101,0.3070,0.2173
182,3,14.3545,-1.0976,0.5889,0.9844,-0.1757,0.0000,0.1757,0.9844,0.0000,0.0000,0.0000,1.0000,0.2836,0.2073,0.2889
182,4,14.4626,-1.1641,0.5062,0.9844,-0.1757,0.0000,0.1757,0.9844,0.0000,0.0000,0.0000,1.0000,0.2820,0.2947,0.2062
182,5,14.6517,-1.0589,0.6614,0.9844,-0.1757,0.0000,0.1757,0.9844,0.0000,0.0000,0.0000,1.0000,0.1112,0.2100,0.3614
182,6,14.7466,-1.0560,0.4265,0.9844,-0.1757,0.0000,0.1757,0.9844,0.0000,0.0000,0.0000,1.0000,0.1972,0.1336,0.1265
182,7,14.8553,-1.0669,0.4491,0.9844,-0.1757,0.0000,0.1757,0.9844,0.0000,0.0000,0.0000,1.0000,0.1624,0.1625,0.0548
182,8,14.8899,-1.0292,0.4472,0.9844,-0.1757,0.0000,0.1757,0.9844,0.0000,0.0000,0.0000,1.0000,0.0831,0.2046,0.1050
182,9,14.9314,-0.9692,0.4544,0.9844,-0.1757,0.0000,0.1757,0.9844,0.0000,0.0000,0.0000,1.0000,0.0210,0.0279,0.0569
182,10,14.9641,-1.0359,0.4546,0.9844,-0.1757,0.0000,0.1757,0.9844,0.0000,0.0000,0.0000,1.0000,0.0210,0.0279,0.0569
183,0,14.8394,-0.9502,0.4400,0.9815,-0.1913,0.0000,0.1913,0.9815,0.0000,0.0000,0.0000,1.0000,0.2577,0.2263,0.1400
183,1,14.8479,-0.9489,0.6052,0.9815,-0.1913,0.0000,0.1913,0.9815,0.0000,0.0000,0.0000,1.0000,0.1100,0.2168,0.3052
183,2,14.9109,-1.0226,0.5173,0.9815,-0.1913,0.0000,0.1913,0.9815,0.0000,0.0000,0.0000,1.0000,0.1101,0.3070,0.2173
183,3,14.8991,-1.2003,0.5889,0.9815,-0.1913,0.0000,0.1913,0.9815,0.0000,0.0000,0.0000,1.0000,0.2836,0.2073,0.2889
183,4,15.0061,-1.2686,0.5062,0.9815,-0.1913,0.0000,0.1913,0.9815,0.0000,0.0000,0.0000,1.0000,0.2820,0.2947,0.2062
183,5,15.1968,-1.1663,0.6614,0.9815,-0.1913,0.0000,0.1913,0.9815,0.0000,0.0000,0.0000,1.0000,0.1112,0.2100,0.3614
183,6,15.2918,-1.1650,0.4265,0.9815,-0.1913,0.0000,0.1913,0.9815,0.0000,0.0000,0.0000,1.0000,0.1972,0.1336,0.1265
183,7,15.4003,-1.1776,0.4491,0.9815,-0.1913,0.0000,0.1913,0.9815,0.0000,0.0000,0.0000,1.0000,0.1624,0.1625,0.0548
183,8,15.4354,-1.1404,0.4472,0.9815,-0.1913,0.0000,0.1913,0.9815,0.0000,0.0000,0.0000,1.0000,0.0831,0.2046,0.1050
183,9,15.4779,-1.0811,0.4544,0.9815,-0.1913,0.0000,0.1913,0.9815,0.0000,0.0000,0.0000,1.0000,0.0210,0.0279,0.0569
183,10,15.5095,-1.1483,0.4546,0.9815,-0.1913,0.0000,0.1913,0.9815,0.0000,0.0000,0.0000,1.0000,0.0210,0.0279,0.0569
184,0,15.3924,-1.0620,0.4400,0.9783,-0.2073,0.0000,0.2073,0.9783,0.0000,0.0000,0.0000,1.0000,0.2577,0.2263,0.1400
184,1,15.4009,-1.0609,0.6052,0.9783,-0.2073,0.0000,0.2073,0.9783,0.0000,0.0000,0.0000,1.0000,0.1100,0.2168,0.3052
184,2,15.4627,-1.1356,0.5173,0.9783,-0.2073,0.0000,0.2073,0.9783,0.0000,0.0000,0.0000,1.0000,0.1101,0.3070,0.2173
184,3,15.4480,-1.3131,0.5889,0.9783,-0.2073,0.0000,0.2073,0.9783,0.0000,0.0000,0.0000,1.0000,0.2836,0.2073,0.2889
184,4,15.5539,-1.3831,0.5062,0.9783,-0.2073,0.0000,0.2073,0.9783,0.0000,0.0000,0.0000,1.0000,0.2820,0.2947,0.2062
184,5,15.7462,-1.2840,0.6614,0.9783,-0.2073,0.0000,0.2073,0.9783,0.0000,0.0000,0.0000,1.0000,0.1112,0.2100,0.3614
184,6,15.8412,-1.2842,0.4265,0.9783,-0.2073,0.0000,0.2073,0.9783,0.0000,0.0000,0.0000,1.0000,0.1972,0.1336,0.1265
184,7,15.9495,-1.2986,0.4491,0.9783,-0.2073,0.0000,0.2073,0.9783,0.0000,0.0000,0.0000,1.0000,0.1624,0.1625,0.0548
184,8,15.9852,-1.2620,0.4472,0.9783,-0.2073,0.0000,0.2073,0.9783,0.0000,0.0000,0.0000,1.0000,0.0831,0.2046,0.1050
184,9,16.0286,-1.2034,0.4544,0.9783,-0.2073,0.0000,0.2073,0.9783,0.0000,0.0000,0.0000,1.0000,0.0210,0.0279,0.0569
184,10,16.0592,-1.2711,0.4546,0.9783,-0.2073,0.0000,0.2073,0.9783,0.0000,0.0000,0.0000,1.0000,0.0210,0.0279,0.0569
185,0,15.9495,-1.1843,0.4400,0.9747,-0.2237,0.0000,0.2237,0.9747,0.0000,0.0000,0.0000,1.0000,0.2577,0.2263,0.1400
185,1,15.9580,-1.1833,0.6052,0.9747,-0.2237,0.0000,0.2237,0.9747,0.0000,0.0000,0.0000,1.0000,0.1100,0.2168,0.3052
185,2,16.0185,-1.2590,0.5173,0.9747,-0.2237,0.0000,0.2237,0.9747,0.0000,0.0000,0.0000,1.0000,0.1101,0.3070,0.2173
185,3,16.0008,-1.4363,0.5889,0.9747,-0.2237,0.0000,0.2237,0.9747,0.0000,0.0000,0.0000,1.0000,0.2836,0.2073,0.2889
185,4,16.1055,-1.5080,0.5062,0.9747,-0.2237,0.0000,0.2237,0.9747,0.0000,0.0000,0.0000,1.0000,0.2820,0.2947,0.2062
185,5,16.2995,-1.4122,0.6614,0.9747,-0.2237,0.0000,0.2237,0.9747,0.0000,0.0000,0.0000,1.0000,0.1112,0.2100,0.3614
185,6,16.3945,-1.4140,0.4265,0.9747,-0.2237,0.0000,0.2237,0.9747,0.0000,0.0000,0.0000,1.0000,0.1972,0.1336,0.1265
185,7,16.5025,-1.4302,0.4491,0.9747,-0.2237,0.0000,0.2237,0.9747,0.0000,0.0000,0.0000,1.0000,0.1624,0.1625,0.0548
185,8,16.5388,-1.3942,0.4472,0.9747,-0.2237,0.0000,0.2237,0.9747,0.0000,0.0000,0.0000,1.0000,0.0831,0.2046,0.1050
185,9,16.5832,-1.3363,0.4544,0.9747,-0.2237,0.0000,0.2237,0.9747,0.0000,0.0000,0.0000,1.0000,0.0210,0.0279,0.0569
185,10,16.6126,-1.4045,0.4546,0.9747,-0.2237,0.0000,0.2237,0.9747,0.0000,0.0000,0.0000,1.0000,0.0210,0.0279,0.0569
186,0,16.5093,-1.3172,0.4400,0.9706,-0.2405,0.0000,0.2405,0.9706,0.0000,0.0000,0.0000,1.0000,0.2577,0.2263,0.1400
186,1,16.5179,-1.3163,0.6052,0.9706,-0.2405,0.0000,0.2405,0.9706,0.0000,0.0000,0.0000,1.0000,0.1100,0.2168,0.3052
186,2,16.5770,-1.3931,0.5173,0.9706,-0.2405,0.0000,0.2405,0.9706,0.0000,0.0000,0.0000,1.0000,0.1101,0.3070,0.2173
186,3,16.5563,-1.5700,0.5889,0.9706,-0.2405,0.0000,0.2405,0.9706,0.0000,0.0000,0.0000,1.0000,0.2836,0.2073,0.2889
186,4,16.6597,-1.6436,0.5062,0.9706,-0.2405,0.0000,0.2405,0.9706,0.0000,0.0000,0.0000,1.0000,0.2820,0.2947,0.2062
186,5,16.8553,-1.5511,0.6614,0.9706,-0.2405,0.0000,0.2405,0.9706,0.0000,0.0000,0.0000,1.0000,0.1112,0.2100,0.3614
186,6,16.9503,-1.5545,0.4265,0.9706,-0.2405,0.0000,0.2405,0.9706,0.0000,0.0000,0.0000,1.0000,0.1972,0.1336,0.1265
186,7,17.0580,-1.5726,0.4491,0.9706,-0.2405,0.0000,0.2405,0.9706,0.0000,0.0000,0.0000,1.0000,0.1624,0.1625,0.0548
186,8,17.0950,-1.5372,0.4472,0.9706,-0.2405,0.0000,0.2405,0.9706,0.0000,0.0000,0.0000,1.0000,0.0831,0.2046,0.1050
186,9,17.1403,-1.4802,0.4544,0.9706,-0.2405,0.0000,0.2405,0.9706,0.0000,0.0000,0.0000,1.0000,0.0210,0.0279,0.0569
186,10,17.1685,-1.5489,0.4546,0.9706,-0.2405,0.0000,0.2405,0.9706,0.0000,0.0000,0.0000,1.0000,0.0210,0.0279,0.0569
187,0,17.0703,-1.4606,0.4400,0.9664,-0.2571,0.0000,0.2571,0.9664,0.0000,0.0000,0.0000,1.0000,0.2577,0.2263,0.1400
187,1,17.0789,-1.4599,0.6052,0.9664,-0.2571,0.0000,0.2571,0.9664,0.0000,0.0000,0.0000,1.0000,0.1100,0.2168,0.3052
187,2,17.1367,-1.5377,0.5173,0.9664,-0.2571,0.0000,0.2571,0.9664,0.0000,0.0000,0.0000,1.0000,0.1101,0.3070,0.2173
187,3,17.1129,-1.7142,0.5889,0.9664,-0.2571,0.0000,0.2571,0.9664,0.0000,0.0000,0.0000,1.0000,0.2836,0.2073,0.2889
187,4,17.2151,-1.7895,0.5062,0.9664,-0.2571,0.0000,0.2571,0.9664,0.0000,0.0000,0.0000,1.0000,0.2820,0.2947,0.2062
187,5,17.4123,-1.7004,0.6614,0.9664,-0.2571,0.0000,0.2571,0.9664,0.0000,0.0000,0.0000,1.0000,0.1112,0.2100,0.3614
187,6,17.5071,-1.7054,0.4265,0.9664,-0.2571,0.0000,0.2571,0.9664,0.0000,0.0000,0.0000,1.0000,0.1972,0.1336,0.1265
187,7,17.6145,-1.7253,0.4491,0.9664,-0.2571,0.0000,0.2571,0.9664,0.0000,0.0000,0.0000,1.0000,0.1624,0.1625,0.0548
187,8,17.6521,-1.6906,0.4472,0.9664,-0.2571,0.0000,0.2571,0.9664,0.0000,0.0000,0.0000,1.0000,0.0831,0.2046,0.1050
187,9,17.6985,-1.6343,0.4544,0.9664,-0.2571,0.0000,0.2571,0.9664,0.0000,0.0000,0.0000,1.0000,0.0210,0.0279,0.0569
187,10,17.7255,-1.7035,0.4546,0.9664,-0.2571,0.0000,0.2571,0.9664,0.0000,0.0000,0.0000,1.0000,0.0210,0.0279,0.0569
188,0,17.6313,-1.6143,0.4400,0.9618,-0.2738,0.0000,0.2738,0.9618,0.0000,0.0000,0.0000,1.0000,0.2577,0.2263,0.1400
188,1,17.6399,-1.6138,0.6052,0.9618,-0.2738,0.0000,0.2738,0.9618,0.0000,0.0000,0.0000,1.0000,0.1100,0.2168,0.3052
188,2,17.6964,-1.6926,0.5173,0.9618,-0.2738,0.0000,0.2738,0.9618,0.0000,0.0000,0.0000,1.0000,0.1101,0.3070,0.2173
188,3,17.6695,-1.8686,0.5889,0.9618,-0.2738,0.0000,0.2738,0.9618,0.0000,0.0000,0.0000,1.0000,0.2836,0.2073,0.2889
188,4,17.7704,-1.9457,0.5062,0.9618,-0.2738,0.0000,0.2738,0.9618,0.0000,0.0000,0.0000,1.0000,0.2820,0.2947,0.2062
188,5,17.9690,-1.8600,0.6614,0.9618,-0.2738,0.0000,0.2738,0.9618,0.0000,0.0000,0.0000,1.0000,0.1112,0.2100,0.3614
188,6,18.0638,-1.8667,0.4265,0.9618,-0.2738,0.0000,0.2738,0.9618,0.0000,0.0000,0.0000,1.0000,0.1972,0.1336,0.1265
188,7,18.1709,-1.8885,0.4491,0.9618,-0.2738,0.0000,0.2738,0.9618,0.0000,0.0000,0.0000,1.0000,0.1624,0.1625,0.0548
188,8,18.2090,-1.8544,0.4472,0.9618,-0.2738,0.0000,0.2738,0.9618,0.0000,0.0000,0.0000,1.0000,0.0831,0.2046,0.1050
188,9,18.2563,-1.7989,0.4544,0.9618,-0.2738,0.0000,0.2738,0.9618,0.0000,0.0000,0.0000,1.0000,0.0210,0.0279,0.0569
188,10,18.2822,-1.8686,0.4546,0.9618,-0.2738,0.0000,0.2738,0.9618,0.0000,0.0000,0.0000,1.0000,0.0210,0.0279,0.0569
189,0,18.1919,-1.7786,0.4400,0.9568,-0.2907,0.0000,0.2907,0.9568,0.0000,0.0000,0.0000,1.0000,0.2577,0.2263,0.1400
189,1,18.2005,-1.7781,0.6052,0.9568,-0.2907,0.0000,0.2907,0.9568,0.0000,0.0000,0.0000,1.0000,0.1100,0.2168,0.3052
189,2,18.2556,-1.8579,0.5173,0.9568,-0.2907,0.0000,0.2907,0.9568,0.0000,0.0000,0.0000,1.0000,0.1101,0.3070,0.2173
189,3,18.2256,-2.0335,0.5889,0.9568,-0.2907,0.0000,0.2907,0.9568,0.0000,0.0000,0.0000,1.0000,0.2836,0.2073,0.2889
189,4,18.3251,-2.1123,0.5062,0.9568,-0.2907,0.0000,0.2907,0.9568,0.0000,0.0000,0.0000,1.0000,0.2820,0.2947,0.2062
189,5,18.5253,-2.0302,0.6614,0.9568,-0.2907,0.0000,0.2907,0.9568,0.0000,0.0000,0.0000,1.0000,0.1112,0.2100,0.3614
189,6,18.6199,-2.0385,0.4265,0.9568,-0.2907,0.0000,0.2907,0.9568,0.0000,0.0000,0.0000,1.0000,0.1972,0.1336,0.1265
189,7,18.7265,-2.0622,0.4491,0.9568,-0.2907,0.0000,0.2907,0.9568,0.0000,0.0000,0.0000,1.0000,0.1624,0.1625,0.0548
189,8,18.7653,-2.0288,0.4472,0.9568,-0.2907,0.0000,0.2907,0.9568,0.0000,0.0000,0.0000,1.0000,0.0831,0.2046,0.1050
189,9,18.8136,-1.9742,0.4544,0.9568,-0.2907,0.0000,0.2907,0.9568,0.0000,0.0000,0.0000,1.0000,0.0210,0.0279,0.0569
189,10,18.8382,-2.0442,0.4546,0.9568,-0.2907,0.0000,0.2907,0.9568,0.0000,0.0000,0.0000,1.0000,0.0210,0.0279,0.0569
190,0,18.7526,-1.9537,0.4400,0.9515,-0.3077,0.0000,0.3077,0.9515,0.0000,0.0000,0.0000,1.0000,0.2577,0.2263,0.1400
190,1,18.7612,-1.9534,0.6052,0.9515,-0.3077,0.0000,0.3077,0.9515,0.0000,0.0000,0.0000,1.0000,0.1100,0.2168,0.3052
190,2,18.8149,-2.0341,0.5173,0.9515,-0.3077,0.0000,0.3077,0.9515,0.0000,0.0000,0.0000,1.0000,0.1101,0.3070,0.2173
190,3,18.7818,-2.2091,0.5889,0.9515,-0.3077,0.0000,0.3077,0.9515,0.0000,0.0000,0.0000,1.0000,0.2836,0.2073,0.2889
190,4,18.8799,-2.2897,0.5062,0.9515,-0.3077,0.0000,0.3077,0.9515,0.0000,0.0000,0.0000,1.0000,0.2820,0.2947,0.2062
190,5,19.0815,-2.2111,0.6614,0.9515,-0.3077,0.0000,0.3077,0.9515,0.0000,0.0000,0.0000,1.0000,0.1112,0.2100,0.3614
190,6,19.1760,-2.2212,0.4265,0.9515,-0.3077,0.0000,0.3077,0.9515,0.0000,0.0000,0.0000,1.0000,0.1972,0.1336,0.1265
190,7,19.2822,-2.2467,0.4491,0.9515,-0.3077,0.0000,0.3077,0.9515,0.0000,0.0000,0.0000,1.0000,0.1624,0.1625,0.0548
190,8,19.3215,-2.2140,0.4472,0.9515,-0.3077,0.0000,0.3077,0.9515,0.0000,0.0000,0.0000,1.0000,0.0831,0.2046,0.1050
190,9,19.3707,-2.1603,0.4544,0.9515,-0.3077,0.0000,0.3077,0.9515,0.0000,0.0000,0.0000,1.0000,0.0210,0.0279,0.0569
190,10,19.3941,-2.2308,0.4546,0.9515,-0.3077,0.0000,0.3077,0.9515,0.0000,0.0000,0.0000,1.0000,0.0210,0.0279,0.0569
191,0,19.3144,-2.1400,0.4400,0.9460,-0.3243,0.0000,0.3243,0.9460,0.0000,0.0000,0.0000,1.0000,0.2577,0.2263,0.1400
191,1,19.3230,-2.1399,0.6052,0.9460,-0.3243,0.0000,0.3243,0.9460,0.0000,0.0000,0.0000,1.0000,0.1100,0.2168,0.3052
191,2,19.3753,-2.2216,0.5173,0.9460,-0.3243,0.0000,0.3243,0.9460,0.0000,0.0000,0.0000,1.0000,0.1101,0.3070,0.2173
191,3,19.3392,-2.3960,0.5889,0.9460,-0.3243,0.0000,0.3243,0.9460,0.0000,0.0000,0.0000,1.0000,0.2836,0.2073,0.2889
191,4,19.4358,-2.4783,0.5062,0.9460,-0.3243,0.0000,0.3243,0.9460,0.0000,0.0000,0.0000,1.0000,0.2820,0.2947,0.2062
191,5,19.6387,-2.4032,0.6614,0.9460,-0.3243,0.0000,0.3243,0.9460,0.0000,0.0000,0.0000,1.0000,0.1112,0.2100,0.3614
191,6,19.7330,-2.4150,0.4265,0.9460,-0.3243,0.0000,0.3243,0.9460,0.0000,0.0000,0.0000,1.0000,0.1972,0.1336,0.1265
191,7,19.8387,-2.4423,0.4491,0.9460,-0.3243,0.0000,0.3243,0.9460,0.0000,0.0000,0.0000,1.0000,0.1624,0.1625,0.0548
191,8,19.8787,-2.4103,0.4472,0.9460,-0.3243,0.0000,0.3243,0.9460,0.0000,0.0000,0.0000,1.0000,0.0831,0.2046,0.1050
191,9,19.9288,-2.3575,0.4544,0.9460,-0.3243,0.0000,0.3243,0.9460,0.0000,0.0000,0.0000,1.0000,0.0210,0.0279,0.0569
191,10,19.9509,-2.4284,0.4546,0.9460,-0.3243,0.0000,0.3243,0.9460,0.0000,0.0000,0.0000,1.0000,0.0210,0.0279,0.0569
192,0,-0.0456,-0.0079,0.4400,1.0000,0.0000,0.0000,-0.0000,1.0000,0.0000,0.0000,0.0000,1.0000,0.2577,0.2263,0.1400
192,1,-0.0375,-0.0050,0.6052,1.0000,0.0000,0.0000,-0.0000,1.0000,0.0000,0.0000,0.0000,1.0000,0.1100,0.2168,0.3052
192,2,0.0384,-0.0653,0.5173,1.0000,0.0000,0.0000,-0.0000,1.0000,0.0000,0.0000,0.0000,1.0000,0.1101,0.3070,0.2173
192,3,0.0608,-0.2420,0.5889,1.0000,0.0000,0.0000,-0.0000,1.0000,0.0000,0.0000,0.0000,1.0000,0.2836,0.2073,0.2889
192,4,0.1789,-0.2885,0.5062,1.0000,0.0000,0.0000,-0.0000,1.0000,0.0000,0.0000,0.0000,1.0000,0.2820,0.2947,0.2062
192,5,0.3465,-0.1517,0.6614,1.0000,0.0000,0.0000,-0.0000,1.0000,0.0000,0.0000,0.0000,1.0000,0.1112,0.2100,0.3614
192,6,0.4395,-0.1322,0.4265,1.0000,0.0000,0.0000,-0.0000,1.0000,0.0000,0.0000,0.0000,1.0000,0.1972,0.1336,0.1265
192,7,0.5484,-0.1238,0.4491,1.0000,0.0000,0.0000,-0.0000,1.0000,0.0000,0.0000,0.0000,1.0000,0.1624,0.1625,0.0548
192,8,0.5758,-0.0806,0.4472,1.0000,0.0000,0.0000,-0.0000,1.0000,0.0000,0.0000,0.0000,1.0000,0.0831,0.2046,0.1050
192,9,0.6061,-0.0143,0.4544,1.0000,0.0000,0.0000,-0.0000,1.0000,0.0000,0.0000,0.0000,1.0000,0.0210,0.0279,0.0569
192,10,0.6500,-0.0742,0.4546,1.0000,0.0000,0.0000,-0.0000,1.0000,0.0000,0.0000,0.0000,1.0000,0.0210,0.0279,0.0569
193,0,-0.0470,-0.0079,0.4400,1.0000,0.0000,0.0000,-0.0000,1.0000,0.0000,0.0000,0.0000,1.0000,0.2577,0.2263,0.1400
193,1,-0.0389,-0.0050,0.6052,1.0000,0.0000,0.0000,-0.0000,1.0000,0.0000,0.0000,0.0000,1.0000,0.1100,0.2168,0.3052
193,2,0.0370,-0.0653,0.5173,1.0000,0.0000,0.0000,-0.0000,1.0000,0.0000,0.0000,0.0000,1.0000,0.1101,0.3070,0.2173
193,3,0.0594,-0.2420,0.5889,1.0000,0.0000,0.0000,-0.0000,1.0000,0.0000,0.0000,0.0000,1.0000,0.2836,0.2073,0.2889
193,4,0.1775,-0.2885,0.5062,1.0000,0.0000,0.0000,-0.0000,1.0000,0.0000,0.0000,0.0000,1.0000,0.2820,0.2947,0.2062
193,5,0.3451,-0.1517,0.6614,1.0000,0.0000,0.0000,-0.0000,1.0000,0.0000,0.0000,0.0000,1.0000,0.1112,0.2100,0.3614
193,6,0.4381,-0.1322,0.4265,1.0000,0.0000,0.0000,-0.0000,1.0000,0.0000,0.0000,0.0000,1.0000,0.1972,0.1336,0.1265
193,7,0.5470,-0.1238,0.4491,1.0000,0.0000,0.0000,-0.0000,1.0000,0.0000,0.0000,0.0000,1.0000,0.1624,0.1625,0.0548
193,8,0.5744,-0.0806,0.4472,1.0000,0.0000,0.0000,-0.0000,1.0000,0.0000,0.0000,0.0000,1.0000,0.0831,0.2046,0.1050
193,9,0.6047,-0.0143,0.4544,1.0000,0.0000,0.0000,-0.0000,1.0000,0.0000,0.0000,0.0000,1.0000,0.0210,0.0279,0.0569
193,10,0.6486,-0.0742,0.4546,1.0000,0.0000,0.0000,-0.0000,1.0000,0.0000,0.0000,0.0000,1.0000,0.0210,0.0279,0.0569
194,0,-0.0455,-0.0079,0.4400,1.0000,0.0000,0.0000,-0.0000,1.0000,0.0000,0.0000,0.0000,1.0000,0.2577,0.2263,0.1400
194,1,-0.0374,-0.0050,0.6052,1.0000,0.0000,0.0000,-0.0000,1.0000,0.0000,0.0000,0.0000,1.0000,0.1100,0.2168,0.3052
194,2,0.0385,-0.0653,0.5173,1.0000,0.0000,0.0000,-0.0000,1.0000,0.0000,0.0000,0.0000,1.0000,0.1101,0.3070,0.2173
194,3,0.0610,-0.2420,0.5889,1.0000,0.0000,0.0000,-0.0000,1.0000,0.0000,0.0000,0.0000,1.0000,0.2836,0.2073,0.2889
194,4,0.1791,-0.2885,0.5062,1.0000,0.0000,0.0000,-0.0000,1.0000,0.0000,0.0000,0.0000,1.0000,0.2820,0.2947,0.2062
194,5,0.3466,-0.1517,0.6614,1.0000,0.0000,0.0000,-0.0000,1.0000,0.0000,0.0000,0.0000,1.0000,0.1112,0.2100,0.3614
194,6,0.4396,-0.1322,0.4265,1.0000,0.0000,0.0000,-0.0000,1.0000,0.0000,0.0000,0.0000,1.0000,0.1972,0.1336,0.1265
194,7,0.5485,-0.1238,0.4491,1.0000,0.0000,0.0000,-0.0000,1.0000,0.0000,0.0000,0.0000,1.0000,0.1624,0.1625,0.0548
194,8,0.5759,-0.0806,0.4472,1.0000,0.0000,0.0000,-0.0000,1.0000,0.0000,0.0000,0.0000,1.0000,0.0831,0.2046,0.1050
194,9,0.6062,-0.0143,0.4544,1.0000,0.0000,0.0000,-0.0000,1.0000,0.0000,0.0000,0.0000,1.0000,0.0210,0.0279,0.0569
194,10,0.6501,-0.0742,0.4546,1.0000,0.0000,0.0000,-0.0000,1.0000,0.0000,0.0000,0.0000,1.0000,0.0210,0.0279,0.0569
195,0,-0.0415,-0.0079,0.4400,1.0000,0.0000,0.0000,-0.0000,1.0000,0.0000,0.0000,0.0000,1.0000,0.2577,0.2263,0.1400
195,1,-0.0334,-0.0050,0.6052,1.0000,0.0000,0.0000,-0.0000,1.0000,0.0000,0.0000,0.0000,1.0000,0.1100,0.2168,0.3052
195,2,0.0425,-0.0653,0.5173,1.0000,0.0000,0.0000,-0.0000,1.0000,0.0000,0.0000,0.0000,1.0000,0.1101,0.3070,0.2173
195,3,0.0649,-0.2420,0.5889,1.0000,0.0000,0.0000,-0.0000,1.0000,0.0000,0.0000,0.0000,1.0000,0.2836,0.2073,0.2889
195,4,0.1830,-0.2885,0.5062,1.0000,0.0000,0.0000,-0.0000,1.0000,0.0000,0.0000,0.0000,1.0000,0.2820,0.2947,0.2062
195,5,0.3506,-0.1517,0.6614,1.0000,0.0000,0.0000,-0.0000,1.0000,0.0000,0.0000,0.0000,1.0000,0.1112,0.2100,0.3614
195,6,0.4436,-0.1322,0.4265,1.0000,0.0000,0.0000,-0.0000,1.0000,0.0000,0.0000,0.0000,1.0000,0.1972,0.1336,0.1265
195,7,0.5525,-0.1238,0.4491,1.0000,0.0000,0.0000,-0.0000,1.0000,0.0000,0.0000,0.0000,1.0000,0.1624,0.1625,0.0548
195,8,0.5799,-0.0806,0.4472,1.0000,0.0000,0.0000,-0.0000,1.0000,0.0000,0.0000,0.0000,1.0000,0.0831,0.2046,0.1050
195,9,0.6102,-0.0143,0.4544,1.0000,0.0000,0.0000,-0.0000,1.0000,0.0000,0.0000,0.0000,1.0000,0.0210,0.0279,0.0569
195,10,0.6541,-0.0742,0.4546,1.0000,0.0000,0.0000,-0.0000,1.0000,0.0000,0.0000,0.0000,1.0000,0.0210,0.0279,0.0569
196,0,-0.0356,-0.0079,0.4400,1.0000,-0.0000,0.0000,0.0000,1.0000,0.0000,0.0000,0.0000,1.0000,0.2577,0.2263,0.1400
196,1,-0.0275,-0.0050,0.6052,1.0000,-0.0000,0.0000,0.0000,1.0000,0.0000,0.0000,0.0000,1.0000,0.1100,0.2168,0.3052
196,2,0.0484,-0.0653,0.5173,1.0000,-0.0000,0.0000,0.0000,1.0000,0.0000,0.0000,0.0000,1.0000,0.1101,0.3070,0.2173
196,3,0.0708,-0.2420,0.5889,1.0000,-0.0000,0.0000,0.0000,1.0000,0.0000,0.0000,0.0000,1.0000,0.2836,0.2073,0.2889
196,4,0.1889,-0.2885,0.5062,1.0000,-0.0000,0.0000,0.0000,1.0000,0.0000,0.0000,0.0000,1.0000,0.2820,0.2947,0.2062
196,5,0.3565,-0.1517,0.6614,1.0000,-0.0000,0.0000,0.0000,1.0000,0.0000,0.0000,0.0000,1.0000,0.1112,0.2100,0.3614
196,6,0.4495,-0.1322,0.4265,1.0000,-0.0000,0.0000,0.0000,1.0000,0.0000,0.0000,0.0000,1.0000,0.1972,0.1336,0.1265
196,7,0.5584,-0.1238,0.4491,1.0000,-0.0000,0.0000,0.0000,1.0000,0.0000,0.0000,0.0000,1.0000,0.1624,0.1625,0.0548
196,8,0.5858,-0.0806,0.4472,1.0000,-0.0000,0.0000,0.0000,1.0000,0.0000,0.0000,0.0000,1.0000,0.0831,0.2046,0.1050
196,9,0.6161,-0.0143,0.4544,1.0000,-0.0000,0.0000,0.0000,1.0000,0.0000,0.0000,0.0000,1.0000,0.0210,0.0279,0.0569
196,10,0.6600,-0.0742,0.4546,1.0000,-0.0000,0.0000,0.0000,1.0000,0.0000,0.0000,0.0000,1.0000,0.0210,0.0279,0.0569
197,0,-0.0279,-0.0079,0.4400,1.0000,-0.0000,0.0000,0.0000,1.0000,0.0000,0.0000,0.0000,1.0000,0.2577,0.2263,0.1400
197,1,-0.0198,-0.0050,0.6052,1.0000,-0.0000,0.0000,0.0000,1.0000,0.0000,0.0000,0.0000,1.0000,0.1100,0.2168,0.3052
197,2,0.0561,-0.0653,0.5173,1.0000,-0.0000,0.0000,0.0000,1.0000,0.0000,0.0000,0.0000,1.0000,0.1101,0.3070,0.2173
197,3,0.0785,-0.2420,0.5889,1.0000,-0.0000,0.0000,0.0000,1.0000,0.0000,0.0000,0.0000,1.0000,0.2836,0.2073,0.2889
197,4,0.1966,-0.2885,0.5062,1.0000,-0.0000,0.0000,0.0000,1.0000,0.0000,0.0000,0.0000,1.0000,0.2820,0.2947,0.2062
197,5,0.3642,-0.1517,0.6614,1.0000,-0.0000,0.0000,0.0000,1.0000,0.0000,0.0000,0.0000,1.0000,0.1112,0.2100,0.3614
197,6,0.4572,-0.1322,0.4265,1.0000,-0.0000,0.0000,0.0000,1.0000,0.0000,0.0000,0.0000,1.0000,0.1972,0.1336,0.1265
197,7,0.5661,-0.1238,0.4491,1.0000,-0.0000,0.0000,0.0000,1.0000,0.0000,0.0000,0.0000,1.0000,0.1624,0.1625,0.0548
197,8,0.5935,-0.0806,0.4472,1.0000,-0.0000,0.0000,0.0000,1.0000,0.0000,0.0000,0.0000,1.0000,0.0831,0.2046,0.1050
197,9,0.6238,-0.0143,0.4544,1.0000,-0.0000,0.0000,0.0000,1.0000,0.0000,0.0000,0.0000,1.0000,0.0210,0.0279,0.0569
197,10,0.6677,-0.0742,0.4546,1.0000,-0.0000,0.0000,0.0000,1.0000,0.0000,0.0000,0.0000,1.0000,0.0210,0.0279,0.0569
198,0,-0.0178,-0.0079,0.4400,1.0000,-0.0001,0.0000,0.0001,1.0000,0.0000,0.0000,0.0000,1.0000,0.2577,0.2263,0.1400
198,1,-0.0097,-0.0050,0.6052,1.0000,-0.0001,0.0000,0.0001,1.0000,0.0000,0.0000,0.0000,1.0000,0.1100,0.2168,0.3052
198,2,0.0662,-0.0653,0.5173,1.0000,-0.0001,0.0000,0.0001,1.0000,0.0000,0.0000,0.0000,1.0000,0.1101,0.3070,0.2173
198,3,0.0886,-0.2420,0.5889,1.0000,-0.0001,0.0000,0.0001,1.0000,0.0000,0.0000,0.0000,1.0000,0.2836,0.2073,0.2889
198,4,0.2067,-0.2885,0.5062,1.0000,-0.0001,0.0000,0.0001,1.0000,0.0000,0.0000,0.0000,1.0000,0.2820,0.2947,0.2062
198,5,0.3743,-0.1517,0.6614,1.0000,-0.0001,0.0000,0.0001,1.0000,0.0000,0.0000,0.0000,1.0000,0.1112,0.2100,0.3614
198,6,0.4673,-0.1322,0.4265,1.0000,-0.0001,0.0000,0.0001,1.0000,0.0000,0.0000,0.0000,1.0000,0.1972,0.1336,0.1265
198,7,0.5762,-0.1238,0.4491,1.0000,-0.0001,0.0000,0.0001,1.0000,0.0000,0.0000,0.0000,1.0000,0.1624,0.1625,0.0548
198,8,0.6036,-0.0806,0.4472,1.0000,-0.0001,0.0000,0.0001,1.0000,0.0000,0.0000,0.0000,1.0000,0.0831,0.2046,0.1050
198,9,0.6339,-0.0143,0.4544,1.0000,-0.0001,0.0000,0.0001,1.0000,0.0000,0.0000,0.0000,1.0000,0.0210,0.0279,0.0569
198,10,0.6778,-0.0742,0.4546,1.0000,-0.0001,0.0000,0.0001,1.0000,0.0000,0.0000,0.0000,1.0000,0.0210,0.0279,0.0569
199,0,-0.0044,-0.0079,0.4400,1.0000,-0.0001,0.0000,0.0001,1.0000,0.0000,0.0000,0.0000,1.0000,0.2577,0.2263,0.1400
199,1,0.0037,-0.0050,0.6052,1.0000,-0.0001,0.0000,0.0001,1.0000,0.0000,0.0000,0.0000,1.0000,0.1100,0.2168,0.3052
199,2,0.0796,-0.0653,0.5173,1.0000,-0.0001,0.0000,0.0001,1.0000,0.0000,0.0000,0.0000,1.0000,0.1101,0.3070,0.2173
199,3,0.1019,-0.2420,0.5889,1.0000,-0.0001,0.0000,0.0001,1.0000,0.0000,0.0000,0.0000,1.0000,0.2836,0.2073,0.2889
199,4,0.2200,-0.2885,0.5062,1.0000,-0.0001,0.0000,0.0001,1.0000,0.0000,0.0000,0.0000,1.0000,0.2820,0.2947,0.2062
199,5,0.3876,-0.1517,0.6614,1.0000,-0.0001,0.0000,0.0001,1.0000,0.0000,0.0000,0.0000,1.0000,0.1112,0.2100,0.3614
199,6,0.4806,-0.1322,0.4265,1.0000,-0.0001,0.0000,0.0001,1.0000,0.0000,0.0000,0.0000,1.0000,0.1972,0.1336,0.1265
199,7,0.5895,-0.1239,0.4491,1.0000,-0.0001,0.0000,0.0001,1.0000,0.0000,0.0000,0.0000,1.0000,0.1624,0.1625,0.0548
199,8,0.6170,-0.0807,0.4472,1.0000,-0.0001,0.0000,0.0001,1.0000,0.0000,0.0000,0.0000,1.0000,0.0831,0.2046,0.1050
199,9,0.6473,-0.0144,0.4544,1.0000,-0.0001,0.0000,0.0001,1.0000,0.0000,0.0000,0.0000,1.0000,0.0210,0.0279,0.0569
199,10,0.6912,-0.0743,0.4546,1.0000,-0.0001,0.0000,0.0001,1.0000,0.0000,0.0000,0.0000,1.0000,0.0210,0.0279,0.0569
200,0,0.0133,-0.0079,0.4400,1.0000,-0.0001,0.0000,0.0001,1.0000,0.0000,0.0000,0.0000,1.0000,0.2577,0.2263,0.1400
200,1,0.0214,-0.0050,0.6052,1.0000,-0.0001,0.0000,0.0001,1.0000,0.0000,0.0000,0.0000,1.0000,0.1100,0.2168,0.3052
200,2,0.0973,-0.0653,0.5173,1.0000,-0.0001,0.0000,0.0001,1.0000,0.0000,0.0000,0.0000,1.0000,0.1101,0.3070,0.2173
200,3,0.1197,-0.2420,0.5889,1.0000,-0.0001,0.0000,0.0001,1.0000,0.0000,0.0000,0.0000,1.0000,0.2836,0.2073,0.2889
200,4,0.2378,-0.2885,0.5062,1.0000,-0.0001,0.0000,0.0001,1.0000,0.0000,0.0000,0.0000,1.0000,0.2820,0.2947,0.2062
200,5,0.4054,-0.1518,0.6614,1.0000,-0.0001,0.0000,0.0001,1.0000,0.0000,0.0000,0.0000,1.0000,0.1112,0.2100,0.3614
200,6,0.4984,-0.1323,0.4265,1.0000,-0.0001,0.0000,0.0001,1.0000,0.0000,0.0000,0.0000,1.0000,0.1972,0.1336,0.1265
200,7,0.6073,-0.1239,0.4491,1.0000,-0.0001,0.0000,0.0001,1.0000,0.0000,0.0000,0.0000,1.0000,0.1624,0.1625,0.0548
200,8,0.6347,-0.0807,0.4472,1.0000,-0.0001,0.0000,0.0001,1.0000,0.0000,0.0000,0.0000,1.0000,0.0831,0.2046,0.1050
200,9,0.6650,-0.0144,0.4544,1.0000,-0.0001,0.0000,0.0001,1.0000,0.0000,0.0000,0.0000,1.0000,0.0210,0.0279,0.0569
200,10,0.7089,-0.0743,0.4546,1.0000,-0.0001,0.0000,0.0001,1.0000,0.0000,0.0000,0.0000,1.0000,0.0210,0.0279,0.0569
201,0,0.0368,-0.0079,0.4400,1.0000,-0.0002,0.0000,0.0002,1.0000,0.0000,0.0000,0.0000,1.0000,0.2577,0.2263,0.1400
201,1,0.0449,-0.0050,0.6052,1.0000,-0.0002,0.0000,0.0002,1.0000,0.0000,0.0000,0.0000,1.0000,0.1100,0.2168,0.3052
201,2,0.1208,-0.0653,0.5173,1.0000,-0.0002,0.0000,0.0002,1.0000,0.0000,0.0000,0.0000,1.0000,0.1101,0.3070,0.2173
201,3,0.1431,-0.2420,0.5889,1.0000,-0.0002,0.0000,0.0002,1.0000,0.0000,0.0000,0.0000,1.0000,0.2836,0.2073,0.2889
201,4,0.2612,-0.2885,0.5062,1.0000,-0.0002,0.0000,0.0002,1.0000,0.0000,0.0000,0.0000,1.0000,0.2820,0.2947,0.2062
201,5,0.4289,-0.1518,0.6614,1.0000,-0.0002,0.0000,0.0002,1.0000,0.0000,0.0000,0.0000,1.0000,0.1112,0.2100,0.3614
201,6,0.5219,-0.1323,0.4265,1.0000,-0.0002,0.0000,0.0002,1.0000,0.0000,0.0000,0.0000,1.0000,0.1972,0.1336,0.1265
201,7,0.6308,-0.1239,0.4491,1.0000,-0.0002,0.0000,0.0002,1.0000,0.0000,0.0000,0.0000,1.0000,0.1624,0.1625,0.0548
201,8,0.6582,-0.0807,0.4472,1.0000,-0.0002,0.0000,0.0002,1.0000,0.0000,0.0000,0.0000,1.0000,0.0831,0.2046,0.1050
201,9,0.6885,-0.0144,0.4544,1.0000,-0.0002,0.0000,0.0002,1.0000,0.0000,0.0000,0.0000,1.0000,0.0210,0.0279,0.0569
201,10,0.7324,-0.0743,0.4546,1.0000,-0.0002,0.0000,0.0002,1.0000,0.0000,0.0000,0.0000,1.0000,0.0210,0.0279,0.0569
202,0,0.0683,-0.0079,0.4400,1.0000,-0.0003,0.0000,0.0003,1.0000,0.0000,0.0000,0.0000,1.0000,0.2577,0.2263,0.1400
202,1,0.0764,-0.0050,0.6052,1.0000,-0.0003,0.0000,0.0003,1.0000,0.0000,0.0000,0.0000,1.0000,0.1100,0.2168,0.3052
202,2,0.1523,-0.0653,0.5173,1.0000,-0.0003,0.0000,0.0003,1.0000,0.0000,0.0000,0.0000,1.0000,0.1101,0.3070,0.2173
202,3,0.1746,-0.2420,0.5889,1.0000,-0.0003,0.0000,0.0003,1.0000,0.0000,0.0000,0.0000,1.0000,0.2836,0.2073,0.2889
202,4,0.2927,-0.2886,0.5062,1.0000,-0.0003,0.0000,0.0003,1.0000,0.0000,0.0000,0.0000,1.0000,0.2820,0.2947,0.2062
202,5,0.4604,-0.1518,0.6614,1.0000,-0.0003,0.0000,0.0003,1.0000,0.0000,0.0000,0.0000,1.0000,0.1112,0.2100,0.3614
202,6,0.5534,-0.1323,0.4265,1.0000,-0.0003,0.0000,0.0003,1.0000,0.0000,0.0000,0.0000,1.0000,0.1972,0.1336,0.1265
202,7,0.6623,-0.1240,0.4491,1.0000,-0.0003,0.0000,0.0003,1.0000,0.0000,0.0000,0.0000,1.0000,0.1624,0.1625,0.0548
202,8,0.6897,-0.0808,0.4472,1.0000,-0.0003,0.0000,0.0003,1.0000,0.0000,0.0000,0.0000,1.0000,0.0831,0.2046,0.1050
202,9,0.7200,-0.0145,0.4544,1.0000,-0.0003,0.0000,0.0003,1.0000,0.0000,0.0000,0.0000,1.0000,0.0210,0.0279,0.0569
202,10,0.7639,-0.0744,0.4546,1.0000,-0.0003,0.0000,0.0003,1.0000,0.0000,0.0000,0.0000,1.0000,0.0210,0.0279,0.0569
203,0,0.1111,-0.0079,0.4400,1.0000,-0.0004,0.0000,0.0004,1.0000,0.0000,0.0000,0.0000,1.0000,0.2577,0.2263,0.1400
203,1,0.1192,-0.0050,0.6052,1.0000,-0.0004,0.0000,0.0004,1.0000,0.0000,0.0000,0.0000,1.0000,0.1100,0.2168,0.3052
203,2,0.1951,-0.0653,0.5173,1.0000,-0.0004,0.0000,0.0004,1.0000,0.0000,0.0000,0.0000,1.0000,0.1101,0.3070,0.2173
203,3,0.2174,-0.2421,0.5889,1.0000,-0.0004,0.0000,0.0004,1.0000,0.0000,0.0000,0.0000,1.0000,0.2836,0.2073,0.2889
203,4,0.3355,-0.2886,0.5062,1.0000,-0.0004,0.0000,0.0004,1.0000,0.0000,0.0000,0.0000,1.0000,0.2820,0.2947,0.2062
203,5,0.5031,-0.1519,0.6614,1.0000,-0.0004,0.0000,0.0004,1.0000,0.0000,0.0000,0.0000,1.0000,0.1112,0.2100,0.3614
203,6,0.5962,-0.1324,0.4265,1.0000,-0.0004,0.0000,0.0004,1.0000,0.0000,0.0000,0.0000,1.0000,0.1972,0.1336,0.1265
203,7,0.7051,-0.1240,0.4491,1.0000,-0.0004,0.0000,0.0004,1.0000,0.0000,0.0000,0.0000,1.0000,0.1624,0.1625,0.0548
203,8,0.7325,-0.0809,0.4472,1.0000,-0.0004,0.0000,0.0004,1.0000,0.0000,0.0000,0.0000,1.0000,0.0831,0.2046,0.1050
203,9,0.7628,-0.0146,0.4544,1.0000,-0.0004,0.0000,0.0004,1.0000,0.0000,0.0000,0.0000,1.0000,0.0210,0.0279,0.0569
203,10,0.8067,-0.0745,0.4546,1.0000,-0.0004,0.0000,0.0004,1.0000,0.0000,0.0000,0.0000,1.0000,0.0210,0.0279,0.0569
204,0,0.1686,-0.0079,0.4400,1.0000,-0.0005,0.0000,0.0005,1.0000,0.0000,0.0000,0.0000,1.0000,0.2577,0.2263,0.1400
204,1,0.1767,-0.0050,0.6052,1.0000,-0.0005,0.0000,0.0005,1.0000,0.0000,0.0000,0.0000,1.0000,0.1100,0.2168,0.3052
204,2,0.2526,-0.0654,0.5173,1.0000,-0.0005,0.0000,0.0005,1.0000,0.0000,0.0000,0.0000,1.0000,0.1101,0.3070,0.2173
204,3,0.2749,-0.2421,0.5889,1.0000,-0.0005,0.0000,0.0005,1.0000,0.0000,0.0000,0.0000,1.0000,0.2836,0.2073,0.2889
204,4,0.3930,-0.2887,0.5062,1.0000,-0.0005,0.0000,0.0005,1.0000,0.0000,0.0000,0.0000,1.0000,0.2820,0.2947,0.2062
204,5,0.5606,-0.1519,0.6614,1.0000,-0.0005,0.0000,0.0005,1.0000,0.0000,0.0000,0.0000,1.0000,0.1112,0.2100,0.3614
204,6,0.6537,-0.1325,0.4265,1.0000,-0.0005,0.0000,0.0005,1.0000,0.0000,0.0000,0.0000,1.0000,0.1972,0.1336,0.1265
204,7,0.7626,-0.1242,0.4491,1.0000,-0.0005,0.0000,0.0005,1.0000,0.0000,0.0000,0.0000,1.0000,0.1624,0.1625,0.0548
204,8,0.7900,-0.0810,0.4472,1.0000,-0.0005,0.0000,0.0005,1.0000,0.0000,0.0000,0.0000,1.0000,0.0831,0.2046,0.1050
204,9,0.8203,-0.0147,0.4544,1.0000,-0.0005,0.0000,0.0005,1.0000,0.0000,0.0000,0.0000,1.0000,0.0210,0.0279,0.0569
204,10,0.8642,-0.0746,0.4546,1.0000,-0.0005,0.0000,0.0005,1.0000,0.0000,0.0000,0.0000,1.0000,0.0210,0.0279,0.0569
205,0,0.2437,-0.0080,0.4400,1.0000,-0.0007,0.0000,0.0007,1.0000,0.0000,0.0000,0.0000,1.0000,0.2577,0.2263,0.1400
205,1,0.2518,-0.0051,0.6052,1.0000,-0.0007,0.0000,0.0007,1.0000,0.0000,0.0000,0.0000,1.0000,0.1100,0.2168,0.3052
205,2,0.3276,-0.0654,0.5173,1.0000,-0.0007,0.0000,0.0007,1.0000,0.0000,0.0000,0.0000,1.0000,0.1101,0.3070,0.2173
205,3,0.3499,-0.2422,0.5889,1.0000,-0.0007,0.0000,0.0007,1.0000,0.0000,0.0000,0.0000,1.0000,0.2836,0.2073,0.2889
205,4,0.4680,-0.2887,0.5062,1.0000,-0.0007,0.0000,0.0007,1.0000,0.0000,0.0000,0.0000,1.0000,0.2820,0.2947,0.2062
205,5,0.6357,-0.1520,0.6614,1.0000,-0.0007,0.0000,0.0007,1.0000,0.0000,0.0000,0.0000,1.0000,0.1112,0.2100,0.3614
205,6,0.7287,-0.1326,0.4265,1.0000,-0.0007,0.0000,0.0007,1.0000,0.0000,0.0000,0.0000,1.0000,0.1972,0.1336,0.1265
205,7,0.8376,-0.1243,0.4491,1.0000,-0.0007,0.0000,0.0007,1.0000,0.0000,0.0000,0.0000,1.0000,0.1624,0.1625,0.0548
205,8,0.8650,-0.0811,0.4472,1.0000,-0.0007,0.0000,0.0007,1.0000,0.0000,0.0000,0.0000,1.0000,0.0831,0.2046,0.1050
205,9,0.8954,-0.0148,0.4544,1.0000,-0.0007,0.0000,0.0007,1.0000,0.0000,0.0000,0.0000,1.0000,0.0210,0.0279,0.0569
205,10,0.9392,-0.0748,0.4546,1.0000,-0.0007,0.0000,0.0007,1.0000,0.0000,0.0000,0.0000,1.0000,0.0210,0.0279,0.0569
206,0,0.3379,-0.0080,0.4400,1.0000,-0.0009,0.0000,0.0009,1.0000,0.0000,0.0000,0.0000,1.0000,0.2577,0.2263,0.1400
206,1,0.3460,-0.0052,0.6052,1.0000,-0.0009,0.0000,0.0009,1.0000,0.0000,0.0000,0.0000,1.0000,0.1100,0.2168,0.3052
206,2,0.4218,-0.0655,0.5173,1.0000,-0.0009,0.0000,0.0009,1.0000,0.0000,0.0000,0.0000,1.0000,0.1101,0.3070,0.2173
206,3,0.4441,-0.2422,0.5889,1.0000,-0.0009,0.0000,0.0009,1.0000,0.0000,0.0000,0.0000,1.0000,0.2836,0.2073,0.2889
206,4,0.5621,-0.2888,0.5062,1.0000,-0.0009,0.0000,0.0009,1.0000,0.0000,0.0000,0.0000,1.0000,0.2820,0.2947,0.2062
206,5,0.7298,-0.1522,0.6614,1.0000,-0.0009,0.0000,0.0009,1.0000,0.0000,0.0000,0.0000,1.0000,0.1112,0.2100,0.3614
206,6,0.8229,-0.1328,0.4265,1.0000,-0.0009,0.0000,0.0009,1.0000,0.0000,0.0000,0.0000,1.0000,0.1972,0.1336,0.1265
206,7,0.9318,-0.1245,0.4491,1.0000,-0.0009,0.0000,0.0009,1.0000,0.0000,0.0000,0.0000,1.0000,0.1624,0.1625,0.0548
206,8,0.9592,-0.0813,0.4472,1.0000,-0.0009,0.0000,0.0009,1.0000,0.0000,0.0000,0.0000,1.0000,0.0831,0.2046,0.1050
206,9,0.9896,-0.0150,0.4544,1.0000,-0.0009,0.0000,0.0009,1.0000,0.0000,0.0000,0.0000,1.0000,0.0210,0.0279,0.0569
206,10,1.0334,-0.0750,0.4546,1.0000,-0.0009,0.0000,0.0009,1.0000,0.0000,0.0000,0.0000,1.0000,0.0210,0.0279,0.0569
207,0,0.4518,-0.0082,0.4400,1.0000,-0.0012,0.0000,0.0012,1.0000,0.0000,0.0000,0.0000,1.0000,0.2577,0.2263,0.1400
207,1,0.4599,-0.0053,0.6052,1.0000,-0.0012,0.0000,0.0012,1.0000,0.0000,0.0000,0.0000,1.0000,0.1100,0.2168,0.3052
207,2,0.5357,-0.0656,0.5173,1.0000,-0.0012,0.0000,0.0012,1.0000,0.0000,0.0000,0.0000,1.0000,0.1101,0.3070,0.2173
207,3,0.5579,-0.2424,0.5889,1.0000,-0.0012,0.0000,0.0012,1.0000,0.0000,0.0000,0.0000,1.0000,0.2836,0.2073,0.2889
207,4,0.6760,-0.2890,0.5062,1.0000,-0.0012,0.0000,0.0012,1.0000,0.0000,0.0000,0.0000,1.0000,0.2820,0.2947,0.2062
207,5,0.8437,-0.1524,0.6614,1.0000,-0.0012,0.0000,0.0012,1.0000,0.0000,0.0000,0.0000,1.0000,0.1112,0.2100,0.3614
207,6,0.9368,-0.1330,0.4265,1.0000,-0.0012,0.0000,0.0012,1.0000,0.0000,0.0000,0.0000,1.0000,0.1972,0.1336,0.1265
207,7,1.0457,-0.1247,0.4491,1.0000,-0.0012,0.0000,0.0012,1.0000,0.0000,0.0000,0.0000,1.0000,0.1624,0.1625,0.0548
207,8,1.0731,-0.0816,0.4472,1.0000,-0.0012,0.0000,0.0012,1.0000,0.0000,0.0000,0.0000,1.0000,0.0831,0.2046,0.1050
207,9,1.1035,-0.0153,0.4544,1.0000,-0.0012,0.0000,0.0012,1.0000,0.0000,0.0000,0.0000,1.0000,0.0210,0.0279,0.0569
207,10,1.1473,-0.0753,0.4546,1.0000,-0.0012,0.0000,0.0012,1.0000,0.0000,0.0000,0.0000,1.0000,0.0210,0.0279,0.0569
208,0,0.5855,-0.0083,0.4400,1.0000,-0.0014,0.0000,0.0014,1.0000,0.0000,0.0000,0.0000,1.0000,0.2577,0.2263,0.1400
208,1,0.5936,-0.0054,0.6052,1.0000,-0.0014,0.0000,0.0014,1.0000,0.0000,0.0000,0.0000,1.0000,0.1100,0.2168,0.3052
208,2,0.6694,-0.0658,0.5173,1.0000,-0.0014,0.0000,0.0014,1.0000,0.0000,0.0000,0.0000,1.0000,0.1101,0.3070,0.2173
208,3,0.6915,-0.2426,0.5889,1.0000,-0.0014,0.0000,0.0014,1.0000,0.0000,0.0000,0.0000,1.0000,0.2836,0.2073,0.2889
208,4,0.8096,-0.2892,0.5062,1.0000,-0.0014,0.0000,0.0014,1.0000,0.0000,0.0000,0.0000,1.0000,0.2820,0.2947,0.2062
208,5,0.9774,-0.1527,0.6614,1.0000,-0.0014,0.0000,0.0014,1.0000,0.0000,0.0000,0.0000,1.0000,0.1112,0.2100,0.3614
208,6,1.0704,-0.1333,0.4265,1.0000,-0.0014,0.0000,0.0014,1.0000,0.0000,0.0000,0.0000,1.0000,0.1972,0.1336,0.1265
208,7,1.1793,-0.1250,0.4491,1.0000,-0.0014,0.0000,0.0014,1.0000,0.0000,0.0000,0.0000,1.0000,0.1624,0.1625,0.0548
208,8,1.2068,-0.0819,0.4472,1.0000,-0.0014,0.0000,0.0014,1.0000,0.0000,0.0000,0.0000,1.0000,0.0831,0.2046,0.1050
208,9,1.2371,-0.0156,0.4544,1.0000,-0.0014,0.0000,0.0014,1.0000,0.0000,0.0000,0.0000,1.0000,0.0210,0.0279,0.0569
208,10,1.2810,-0.0756,0.4546,1.0000,-0.0014,0.0000,0.0014,1.0000,0.0000,0.0000,0.0000,1.0000,0.0210,0.0279,0.0569
209,0,0.7385,-0.0085,0.4400,1.0000,-0.0017,0.0000,0.0017,1.0000,0.0000,0.0000,0.0000,1.0000,0.2577,0.2263,0.1400
209,1,0.7466,-0.0057,0.6052,1.0000,-0.0017,0.0000,0.0017,1.0000,0.0000,0.0000,0.0000,1.0000,0.1100,0.2168,0.3052
209,2,0.8224,-0.0661,0.5173,1.0000,-0.0017,0.0000,0.0017,1.0000,0.0000,0.0000,0.0000,1.0000,0.1101,0.3070,0.2173
209,3,0.8445,-0.2428,0.5889,1.0000,-0.0017,0.0000,0.0017,1.0000,0.0000,0.0000,0.0000,1.0000,0.2836,0.2073,0.2889
209,4,0.9625,-0.2895,0.5062,1.0000,-0.0017,0.0000,0.0017,1.0000,0.0000,0.0000,0.0000,1.0000,0.2820,0.2947,0.2062
209,5,1.1303,-0.1530,0.6614,1.0000,-0.0017,0.0000,0.0017,1.0000,0.0000,0.0000,0.0000,1.0000,0.1112,0.2100,0.3614
209,6,1.2234,-0.1336,0.4265,1.0000,-0.0017,0.0000,0.0017,1.0000,0.0000,0.0000,0.0000,1.0000,0.1972,0.1336,0.1265
209,7,1.3323,-0.1254,0.4491,1.0000,-0.0017,0.0000,0.0017,1.0000,0.0000,0.0000,0.0000,1.0000,0.1624,0.1625,0.0548
209,8,1.3598,-0.0823,0.4472,1.0000,-0.0017,0.0000,0.0017,1.0000,0.0000,0.0000,0.0000,1.0000,0.0831,0.2046,0.1050
209,9,1.3902,-0.0160,0.4544,1.0000,-0.0017,0.0000,0.0017,1.0000,0.0000,0.0000,0.0000,1.0000,0.0210,0.0279,0.0569
209,10,1.4340,-0.0760,0.4546,1.0000,-0.0017,0.0000,0.0017,1.0000,0.0000,0.0000,0.0000,1.0000,0.0210,0.0279,0.0569
210,0,0.9105,-0.0088,0.4400,1.0000,-0.0020,0.0000,0.0020,1.0000,0.0000,0.0000,0.0000,1.0000,0.2577,0.2263,0.1400
210,1,0.9186,-0.0060,0.6052,1.0000,-0.0020,0.0000,0.0020,1.0000,0.0000,0.0000,0.0000,1.0000,0.1100,0.2168,0.3052
210,2,0.9944,-0.0664,0.5173,1.0000,-0.0020,0.0000,0.0020,1.0000,0.0000,0.0000,0.0000,1.0000,0.1101,0.3070,0.2173
210,3,1.0164,-0.2431,0.5889,1.0000,-0.0020,0.0000,0.0020,1.0000,0.0000,0.0000,0.0000,1.0000,0.2836,0.2073,0.2889
210,4,1.1344,-0.2899,0.5062,1.0000,-0.0020,0.0000,0.0020,1.0000,0.0000,0.0000,0.0000,1.0000,0.2820,0.2947,0.2062
210,5,1.3023,-0.1534,0.6614,1.0000,-0.0020,0.0000,0.0020,1.0000,0.0000,0.0000,0.0000,1.0000,0.1112,0.2100,0.3614
210,6,1.3953,-0.1341,0.4265,1.0000,-0.0020,0.0000,0.0020,1.0000,0.0000,0.0000,0.0000,1.0000,0.1972,0.1336,0.1265
210,7,1.5042,-0.1259,0.4491,1.0000,-0.0020,0.0000,0.0020,1.0000,0.0000,0.0000,0.0000,1.0000,0.1624,0.1625,0.0548
210,8,1.5317,-0.0828,0.4472,1.0000,-0.0020,0.0000,0.0020,1.0000,0.0000,0.0000,0.0000,1.0000,0.0831,0.2046,0.1050
210,9,1.5622,-0.0165,0.4544,1.0000,-0.0020,0.0000,0.0020,1.0000,0.0000,0.0000,0.0000,1.0000,0.0210,0.0279,0.0569
210,10,1.6059,-0.0765,0.4546,1.0000,-0.0020,0.0000,0.0020,1.0000,0.0000,0.0000,0.0000,1.0000,0.0210,0.0279,0.0569
211,0,1.1010,-0.0092,0.4400,1.0000,-0.0023,0.0000,0.0023,1.0000,0.0000,0.0000,0.0000,1.0000,0.2577,0.2263,0.1400
211,1,1.1091,-0.0063,0.6052,1.0000,-0.0023,0.0000,0.0023,1.0000,0.0000,0.0000,0.0000,1.0000,0.1100,0.2168,0.3052
211,2,1.1849,-0.0668,0.5173,1.0000,-0.0023,0.0000,0.0023,1.0000,0.0000,0.0000,0.0000,1.0000,0.1101,0.3070,0.2173
211,3,1.2069,-0.2436,0.5889,1.0000,-0.0023,0.0000,0.0023,1.0000,0.0000,0.0000,0.0000,1.0000,0.2836,0.2073,0.2889
211,4,1.3249,-0.2903,0.5062,1.0000,-0.0023,0.0000,0.0023,1.0000,0.0000,0.0000,0.0000,1.0000,0.2820,0.2947,0.2062
211,5,1.4928,-0.1539,0.6614,1.0000,-0.0023,0.0000,0.0023,1.0000,0.0000,0.0000,0.0000,1.0000,0.1112,0.2100,0.3614
211,6,1.5859,-0.1346,0.4265,1.0000,-0.0023,0.0000,0.0023,1.0000,0.0000,0.0000,0.0000,1.0000,0.1972,0.1336,0.1265
211,7,1.6948,-0.1265,0.4491,1.0000,-0.0023,0.0000,0.0023,1.0000,0.0000,0.0000,0.0000,1.0000,0.1624,0.1625,0.0548
211,8,1.7223,-0.0833,0.4472,1.0000,-0.0023,0.0000,0.0023,1.0000,0.0000,0.0000,0.0000,1.0000,0.0831,0.2046,0.1050
211,9,1.7527,-0.0171,0.4544,1.0000,-0.0023,0.0000,0.0023,1.0000,0.0000,0.0000,0.0000,1.0000,0.0210,0.0279,0.0569
211,10,1.7965,-0.0771,0.4546,1.0000,-0.0023,0.0000,0.0023,1.0000,0.0000,0.0000,0.0000,1.0000,0.0210,0.0279,0.0569
212,0,1.3097,-0.0097,0.4400,1.0000,-0.0027,0.0000,0.0027,1.0000,0.0000,0.0000,0.0000,1.0000,0.2577,0.2263,0.1400
212,1,1.3178,-0.0069,0.6052,1.0000,-0.0027,0.0000,0.0027,1.0000,0.0000,0.0000,0.0000,1.0000,0.1100,0.2168,0.3052
212,2,1.3935,-0.0674,0.5173,1.0000,-0.0027,0.0000,0.0027,1.0000,0.0000,0.0000,0.0000,1.0000,0.1101,0.3070,0.2173
212,3,1.4155,-0.2441,0.5889,1.0000,-0.0027,0.0000,0.0027,1.0000,0.0000,0.0000,0.0000,1.0000,0.2836,0.2073,0.2889
212,4,1.5334,-0.2909,0.5062,1.0000,-0.0027,0.0000,0.0027,1.0000,0.0000,0.0000,0.0000,1.0000,0.2820,0.2947,0.2062
212,5,1.7014,-0.1546,0.6614,1.0000,-0.0027,0.0000,0.0027,1.0000,0.0000,0.0000,0.0000,1.0000,0.1112,0.2100,0.3614
212,6,1.7944,-0.1353,0.4265,1.0000,-0.0027,0.0000,0.0027,1.0000,0.0000,0.0000,0.0000,1.0000,0.1972,0.1336,0.1265
212,7,1.9034,-0.1272,0.4491,1.0000,-0.0027,0.0000,0.0027,1.0000,0.0000,0.0000,0.0000,1.0000,0.1624,0.1625,0.0548
212,8,1.9309,-0.0841,0.4472,1.0000,-0.0027,0.0000,0.0027,1.0000,0.0000,0.0000,0.0000,1.0000,0.0831,0.2046,0.1050
212,9,1.9614,-0.0179,0.4544,1.0000,-0.0027,0.0000,0.0027,1.0000,0.0000,0.0000,0.0000,1.0000,0.0210,0.0279,0.0569
212,10,2.0051,-0.0779,0.4546,1.0000,-0.0027,0.0000,0.0027,1.0000,0.0000,0.0000,0.0000,1.0000,0.0210,0.0279,0.0569
213,0,1.5360,-0.0104,0.4400,1.0000,-0.0031,0.0000,0.0031,1.0000,0.0000,0.0000,0.0000,1.0000,0.2577,0.2263,0.1400
213,1,1.5441,-0.0075,0.6052,1.0000,-0.0031,0.0000,0.0031,1.0000,0.0000,0.0000,0.0000,1.0000,0.1100,0.2168,0.3052
213,2,1.6198,-0.0680,0.5173,1.0000,-0.0031,0.0000,0.0031,1.0000,0.0000,0.0000,0.0000,1.0000,0.1101,0.3070,0.2173
213,3,1.6417,-0.2448,0.5889,1.0000,-0.0031,0.0000,0.0031,1.0000,0.0000,0.0000,0.0000,1.0000,0.2836,0.2073,0.2889
213,4,1.7596,-0.2917,0.5062,1.0000,-0.0031,0.0000,0.0031,1.0000,0.0000,0.0000,0.0000,1.0000,0.2820,0.2947,0.2062
213,5,1.9276,-0.1554,0.6614,1.0000,-0.0031,0.0000,0.0031,1.0000,0.0000,0.0000,0.0000,1.0000,0.1112,0.2100,0.3614
213,6,2.0207,-0.1362,0.4265,1.0000,-0.0031,0.0000,0.0031,1.0000,0.0000,0.0000,0.0000,1.0000,0.1972,0.1336,0.1265
213,7,2.1296,-0.1281,0.4491,1.0000,-0.0031,0.0000,0.0031,1.0000,0.0000,0.0000,0.0000,1.0000,0.1624,0.1625,0.0548
213,8,2.1572,-0.0850,0.4472,1.0000,-0.0031,0.0000,0.0031,1.0000,0.0000,0.0000,0.0000,1.0000,0.0831,0.2046,0.1050
213,9,2.1877,-0.0188,0.4544,1.0000,-0.0031,0.0000,0.0031,1.0000,0.0000,0.0000,0.0000,1.0000,0.0210,0.0279,0.0569
213,10,2.2314,-0.0788,0.4546,1.0000,-0.0031,0.0000,0.0031,1.0000,0.0000,0.0000,0.0000,1.0000,0.0210,0.0279,0.0569
214,0,1.7796,-0.0112,0.4400,1.0000,-0.0036,0.0000,0.0036,1.0000,0.0000,0.0000,0.0000,1.0000,0.2577,0.2263,0.1400
214,1,1.7877,-0.0083,0.6052,1.0000,-0.0036,0.0000,0.0036,1.0000,0.0000,0.0000,0.0000,1.0000,0.1100,0.2168,0.3052
214,2,1.8634,-0.0689,0.5173,1.0000,-0.0036,0.0000,0.0036,1.0000,0.0000,0.0000,0.0000,1.0000,0.1101,0.3070,0.2173
214,3,1.8851,-0.2456,0.5889,1.0000,-0.0036,0.0000,0.0036,1.0000,0.0000,0.0000,0.0000,1.0000,0.2836,0.2073,0.2889
214,4,2.0031,-0.2926,0.5062,1.0000,-0.0036,0.0000,0.0036,1.0000,0.0000,0.0000,0.0000,1.0000,0.2820,0.2947,0.2062
214,5,2.1711,-0.1564,0.6614,1.0000,-0.0036,0.0000,0.0036,1.0000,0.0000,0.0000,0.0000,1.0000,0.1112,0.2100,0.3614
214,6,2.2642,-0.1372,0.4265,1.0000,-0.0036,0.0000,0.0036,1.0000,0.0000,0.0000,0.0000,1.0000,0.1972,0.1336,0.1265
214,7,2.3731,-0.1292,0.4491,1.0000,-0.0036,0.0000,0.0036,1.0000,0.0000,0.0000,0.0000,1.0000,0.1624,0.1625,0.0548
214,8,2.4007,-0.0861,0.4472,1.0000,-0.0036,0.0000,0.0036,1.0000,0.0000,0.0000,0.0000,1.0000,0.0831,0.2046,0.1050
214,9,2.4312,-0.0199,0.4544,1.0000,-0.0036,0.0000,0.0036,1.0000,0.0000,0.0000,0.0000,1.0000,0.0210,0.0279,0.0569
214,10,2.4749,-0.0799,0.4546,1.0000,-0.0036,0.0000,0.0036,1.0000,0.0000,0.0000,0.0000,1.0000,0.0210,0.0279,0.0569
215,0,2.0401,-0.0121,0.4400,1.0000,-0.0040,0.0000,0.0040,1.0000,0.0000,0.0000,0.0000,1.0000,0.2577,0.2263,0.1400
215,1,2.0483,-0.0093,0.6052,1.0000,-0.0040,0.0000,0.0040,1.0000,0.0000,0.0000,0.0000,1.0000,0.1100,0.2168,0.3052
215,2,2.1239,-0.0699,0.5173,1.0000,-0.0040,0.0000,0.0040,1.0000,0.0000,0.0000,0.0000,1.0000,0.1101,0.3070,0.2173
215,3,2.1456,-0.2466,0.5889,1.0000,-0.0040,0.0000,0.0040,1.0000,0.0000,0.0000,0.0000,1.0000,0.2836,0.2073,0.2889
215,4,2.2635,-0.2936,0.5062,1.0000,-0.0040,0.0000,0.0040,1.0000,0.0000,0.0000,0.0000,1.0000,0.2820,0.2947,0.2062
215,5,2.4317,-0.1575,0.6614,1.0000,-0.0040,0.0000,0.0040,1.0000,0.0000,0.0000,0.0000,1.0000,0.1112,0.2100,0.3614
215,6,2.5247,-0.1383,0.4265,1.0000,-0.0040,0.0000,0.0040,1.0000,0.0000,0.0000,0.0000,1.0000,0.1972,0.1336,0.1265
215,7,2.6337,-0.1304,0.4491,1.0000,-0.0040,0.0000,0.0040,1.0000,0.0000,0.0000,0.0000,1.0000,0.1624,0.1625,0.0548
215,8,2.6612,-0.0873,0.4472,1.0000,-0.0040,0.0000,0.0040,1.0000,0.0000,0.0000,0.0000,1.0000,0.0831,0.2046,0.1050
215,9,2.6918,-0.0211,0.4544,1.0000,-0.0040,0.0000,0.0040,1.0000,0.0000,0.0000,0.0000,1.0000,0.0210,0.0279,0.0569
215,10,2.7355,-0.0812,0.4546,1.0000,-0.0040,0.0000,0.0040,1.0000,0.0000,0.0000,0.0000,1.0000,0.0210,0.0279,0.0569
216,0,2.3176,-0.0133,0.4400,1.0000,-0.0045,0.0000,0.0045,1.0000,0.0000,0.0000,0.0000,1.0000,0.2577,0.2263,0.1400
216,1,2.3257,-0.0104,0.6052,1.0000,-0.0045,0.0000,0.0045,1.0000,0.0000,0.0000,0.0000,1.0000,0.1100,0.2168,0.3052
216,2,2.4013,-0.0711,0.5173,1.0000,-0.0045,0.0000,0.0045,1.0000,0.0000,0.0000,0.0000,1.0000,0.1101,0.3070,0.2173
216,3,2.4229,-0.2479,0.5889,1.0000,-0.0045,0.0000,0.0045,1.0000,0.0000,0.0000,0.0000,1.0000,0.2836,0.2073,0.2889
216,4,2.5408,-0.2949,0.5062,1.0000,-0.0045,0.0000,0.0045,1.0000,0.0000,0.0000,0.0000,1.0000,0.2820,0.2947,0.2062
216,5,2.7090,-0.1589,0.6614,1.0000,-0.0045,0.0000,0.0045,1.0000,0.0000,0.0000,0.0000,1.0000,0.1112,0.2100,0.3614
216,6,2.8021,-0.1398,0.4265,1.0000,-0.0045,0.0000,0.0045,1.0000,0.0000,0.0000,0.0000,1.0000,0.1972,0.1336,0.1265
216,7,2.9111,-0.1319,0.4491,1.0000,-0.0045,0.0000,0.0045,1.0000,0.0000,0.0000,0.0000,1.0000,0.1624,0.1625,0.0548
216,8,2.9386,-0.0888,0.4472,1.0000,-0.0045,0.0000,0.0045,1.0000,0.0000,0.0000,0.0000,1.0000,0.0831,0.2046,0.1050
216,9,2.9692,-0.0226,0.4544,1.0000,-0.0045,0.0000,0.0045,1.0000,0.0000,0.0000,0.0000,1.0000,0.0210,0.0279,0.0569
216,10,3.0129,-0.0827,0.4546,1.0000,-0.0045,0.0000,0.0045,1.0000,0.0000,0.0000,0.0000,1.0000,0.0210,0.0279,0.0569
217,0,2.6119,-0.0147,0.4400,1.0000,-0.0051,0.0000,0.0051,1.0000,0.0000,0.0000,0.0000,1.0000,0.2577,0.2263,0.1400
217,1,2.6201,-0.0118,0.6052,1.0000,-0.0051,0.0000,0.0051,1.0000,0.0000,0.0000,0.0000,1.0000,0.1100,0.2168,0.3052
217,2,2.6956,-0.0725,0.5173,1.0000,-0.0051,0.0000,0.0051,1.0000,0.0000,0.0000,0.0000,1.0000,0.1101,0.3070,0.2173
217,3,2.7171,-0.2493,0.5889,1.0000,-0.0051,0.0000,0.0051,1.0000,0.0000,0.0000,0.0000,1.0000,0.2836,0.2073,0.2889
217,4,2.8350,-0.2964,0.5062,1.0000,-0.0051,0.0000,0.0051,1.0000,0.0000,0.0000,0.0000,1.0000,0.2820,0.2947,0.2062
217,5,3.0033,-0.1605,0.6614,1.0000,-0.0051,0.0000,0.0051,1.0000,0.0000,0.0000,0.0000,1.0000,0.1112,0.2100,0.3614
217,6,3.0964,-0.1414,0.4265,1.0000,-0.0051,0.0000,0.0051,1.0000,0.0000,0.0000,0.0000,1.0000,0.1972,0.1336,0.1265
217,7,3.2053,-0.1336,0.4491,1.0000,-0.0051,0.0000,0.0051,1.0000,0.0000,0.0000,0.0000,1.0000,0.1624,0.1625,0.0548
217,8,3.2330,-0.0905,0.4472,1.0000,-0.0051,0.0000,0.0051,1.0000,0.0000,0.0000,0.0000,1.0000,0.0831,0.2046,0.1050
217,9,3.2636,-0.0244,0.4544,1.0000,-0.0051,0.0000,0.0051,1.0000,0.0000,0.0000,0.0000,1.0000,0.0210,0.0279,0.0569
217,10,3.3072,-0.0845,0.4546,1.0000,-0.0051,0.0000,0.0051,1.0000,0.0000,0.0000,0.0000,1.0000,0.0210,0.0279,0.0569
218,0,2.9233,-0.0163,0.4400,1.0000,-0.0056,0.0000,0.0056,1.0000,0.0000,0.0000,0.0000,1.0000,0.2577,0.2263,0.1400
218,1,2.9314,-0.0135,0.6052,1.0000,-0.0056,0.0000,0.0056,1.0000,0.0000,0.0000,0.0000,1.0000,0.1100,0.2168,0.3052
218,2,3.0069,-0.0742,0.5173,1.0000,-0.0056,0.0000,0.0056,1.0000,0.0000,0.0000,0.0000,1.0000,0.1101,0.3070,0.2173
218,3,3.0284,-0.2510,0.5889,1.0000,-0.0056,0.0000,0.0056,1.0000,0.0000,0.0000,0.0000,1.0000,0.2836,0.2073,0.2889
218,4,3.1462,-0.2982,0.5062,1.0000,-0.0056,0.0000,0.0056,1.0000,0.0000,0.0000,0.0000,1.0000,0.2820,0.2947,0.2062
218,5,3.3146,-0.1623,0.6614,1.0000,-0.0056,0.0000,0.0056,1.0000,0.0000,0.0000,0.0000,1.0000,0.1112,0.2100,0.3614
218,6,3.4077,-0.1433,0.4265,1.0000,-0.0056,0.0000,0.0056,1.0000,0.0000,0.0000,0.0000,1.0000,0.1972,0.1336,0.1265
218,7,3.5166,-0.1356,0.4491,1.0000,-0.0056,0.0000,0.0056,1.0000,0.0000,0.0000,0.0000,1.0000,0.1624,0.1625,0.0548
218,8,3.5442,-0.0925,0.4472,1.0000,-0.0056,0.0000,0.0056,1.0000,0.0000,0.0000,0.0000,1.0000,0.0831,0.2046,0.1050
218,9,3.5749,-0.0264,0.4544,1.0000,-0.0056,0.0000,0.0056,1.0000,0.0000,0.0000,0.0000,1.0000,0.0210,0.0279,0.0569
218,10,3.6185,-0.0865,0.4546,1.0000,-0.0056,0.0000,0.0056,1.0000,0.0000,0.0000,0.0000,1.0000,0.0210,0.0279,0.0569
219,0,3.2514,-0.0183,0.4400,1.0000,-0.0063,0.0000,0.0063,1.0000,0.0000,0.0000,0.0000,1.0000,0.2577,0.2263,0.1400
219,1,3.2595,-0.0154,0.6052,1.0000,-0.0063,0.0000,0.0063,1.0000,0.0000,0.0000,0.0000,1.0000,0.1100,0.2168,0.3052
219,2,3.3350,-0.0762,0.5173,1.0000,-0.0063,0.0000,0.0063,1.0000,0.0000,0.0000,0.0000,1.0000,0.1101,0.3070,0.2173
219,3,3.3563,-0.2530,0.5889,1.0000,-0.0063,0.0000,0.0063,1.0000,0.0000,0.0000,0.0000,1.0000,0.2836,0.2073,0.2889
219,4,3.4741,-0.3003,0.5062,1.0000,-0.0063,0.0000,0.0063,1.0000,0.0000,0.0000,0.0000,1.0000,0.2820,0.2947,0.2062
219,5,3.6426,-0.1645,0.6614,1.0000,-0.0063,0.0000,0.0063,1.0000,0.0000,0.0000,0.0000,1.0000,0.1112,0.2100,0.3614
219,6,3.7357,-0.1456,0.4265,1.0000,-0.0063,0.0000,0.0063,1.0000,0.0000,0.0000,0.0000,1.0000,0.1972,0.1336,0.1265
219,7,3.8446,-0.1379,0.4491,1.0000,-0.0063,0.0000,0.0063,1.0000,0.0000,0.0000,0.0000,1.0000,0.1624,0.1625,0.0548
219,8,3.8723,-0.0949,0.4472,1.0000,-0.0063,0.0000,0.0063,1.0000,0.0000,0.0000,0.0000,1.0000,0.0831,0.2046,0.1050
219,9,3.9030,-0.0288,0.4544,1.0000,-0.0063,0.0000,0.0063,1.0000,0.0000,0.0000,0.0000,1.0000,0.0210,0.0279,0.0569
219,10,3.9466,-0.0889,0.4546,1.0000,-0.0063,0.0000,0.0063,1.0000,0.0000,0.0000,0.0000,1.0000,0.0210,0.0279,0.0569
220,0,3.5961,-0.0205,0.4400,1.0000,-0.0070,0.0000,0.0070,1.0000,0.0000,0.0000,0.0000,1.0000,0.2577,0.2263,0.1400
220,1,3.6042,-0.0177,0.6052,1.0000,-0.0070,0.0000,0.0070,1.0000,0.0000,0.0000,0.0000,1.0000,0.1100,0.2168,0.3052
220,2,3.6797,-0.0785,0.5173,1.0000,-0.0070,0.0000,0.0070,1.0000,0.0000,0.0000,0.0000,1.0000,0.1101,0.3070,0.2173
220,3,3.7008,-0.2554,0.5889,1.0000,-0.0070,0.0000,0.0070,1.0000,0.0000,0.0000,0.0000,1.0000,0.2836,0.2073,0.2889
220,4,3.8186,-0.3027,0.5062,1.0000,-0.0070,0.0000,0.0070,1.0000,0.0000,0.0000,0.0000,1.0000,0.2820,0.2947,0.2062
220,5,3.9872,-0.1671,0.6614,1.0000,-0.0070,0.0000,0.0070,1.0000,0.0000,0.0000,0.0000,1.0000,0.1112,0.2100,0.3614
220,6,4.0803,-0.1482,0.4265,1.0000,-0.0070,0.0000,0.0070,1.0000,0.0000,0.0000,0.0000,1.0000,0.1972,0.1336,0.1265
220,7,4.1893,-0.1406,0.4491,1.0000,-0.0070,0.0000,0.0070,1.0000,0.0000,0.0000,0.0000,1.0000,0.1624,0.1625,0.0548
220,8,4.2170,-0.0976,0.4472,1.0000,-0.0070,0.0000,0.0070,1.0000,0.0000,0.0000,0.0000,1.0000,0.0831,0.2046,0.1050
220,9,4.2477,-0.0315,0.4544,1.0000,-0.0070,0.0000,0.0070,1.0000,0.0000,0.0000,0.0000,1.0000,0.0210,0.0279,0.0569
220,10,4.2912,-0.0917,0.4546,1.0000,-0.0070,0.0000,0.0070,1.0000,0.0000,0.0000,0.0000,1.0000,0.0210,0.0279,0.0569
221,0,3.9571,-0.0232,0.4400,1.0000,-0.0078,0.0000,0.0078,1.0000,0.0000,0.0000,0.0000,1.0000,0.2577,0.2263,0.1400
221,1,3.9652,-0.0203,0.6052,1.0000,-0.0078,0.0000,0.0078,1.0000,0.0000,0.0000,0.0000,1.0000,0.1100,0.2168,0.3052
221,2,4.0406,-0.0812,0.5173,1.0000,-0.0078,0.0000,0.0078,1.0000,0.0000,0.0000,0.0000,1.0000,0.1101,0.3070,0.2173
221,3,4.0616,-0.2581,0.5889,1.0000,-0.0078,0.0000,0.0078,1.0000,0.0000,0.0000,0.0000,1.0000,0.2836,0.2073,0.2889
221,4,4.1794,-0.3055,0.5062,1.0000,-0.0078,0.0000,0.0078,1.0000,0.0000,0.0000,0.0000,1.0000,0.2820,0.2947,0.2062
221,5,4.3480,-0.1700,0.6614,1.0000,-0.0078,0.0000,0.0078,1.0000,0.0000,0.0000,0.0000,1.0000,0.1112,0.2100,0.3614
221,6,4.4412,-0.1513,0.4265,1.0000,-0.0078,0.0000,0.0078,1.0000,0.0000,0.0000,0.0000,1.0000,0.1972,0.1336,0.1265
221,7,4.5501,-0.1437,0.4491,1.0000,-0.0078,0.0000,0.0078,1.0000,0.0000,0.0000,0.0000,1.0000,0.1624,0.1625,0.0548
221,8,4.5779,-0.1007,0.4472,1.0000,-0.0078,0.0000,0.0078,1.0000,0.0000,0.0000,0.0000,1.0000,0.0831,0.2046,0.1050
221,9,4.6087,-0.0347,0.4544,1.0000,-0.0078,0.0000,0.0078,1.0000,0.0000,0.0000,0.0000,1.0000,0.0210,0.0279,0.0569
221,10,4.6521,-0.0949,0.4546,1.0000,-0.0078,0.0000,0.0078,1.0000,0.0000,0.0000,0.0000,1.0000,0.0210,0.0279,0.0569
222,0,4.3340,-0.0262,0.4400,1.0000,-0.0086,0.0000,0.0086,1.0000,0.0000,0.0000,0.0000,1.0000,0.2577,0.2263,0.1400
222,1,4.3421,-0.0234,0.6052,1.0000,-0.0086,0.0000,0.0086,1.0000,0.0000,0.0000,0.0000,1.0000,0.1100,0.2168,0.3052
222,2,4.4175,-0.0844,0.5173,1.0000,-0.0086,0.0000,0.0086,1.0000,0.0000,0.0000,0.0000,1.0000,0.1101,0.3070,0.2173
222,3,4.4384,-0.2613,0.5889,1.0000,-0.0086,0.0000,0.0086,1.0000,0.0000,0.0000,0.0000,1.0000,0.2836,0.2073,0.2889
222,4,4.5561,-0.3088,0.5062,1.0000,-0.0086,0.0000,0.0086,1.0000,0.0000,0.0000,0.0000,1.0000,0.2820,0.2947,0.2062
222,5,4.7249,-0.1734,0.6614,1.0000,-0.0086,0.0000,0.0086,1.0000,0.0000,0.0000,0.0000,1.0000,0.1112,0.2100,0.3614
222,6,4.8180,-0.1547,0.4265,1.0000,-0.0086,0.0000,0.0086,1.0000,0.0000,0.0000,0.0000,1.0000,0.1972,0.1336,0.1265
222,7,4.9270,-0.1473,0.4491,1.0000,-0.0086,0.0000,0.0086,1.0000,0.0000,0.0000,0.0000,1.0000,0.1624,0.1625,0.0548
222,8,4.9548,-0.1043,0.4472,1.0000,-0.0086,0.0000,0.0086,1.0000,0.0000,0.0000,0.0000,1.0000,0.0831,0.2046,0.1050
222,9,4.9856,-0.0383,0.4544,1.0000,-0.0086,0.0000,0.0086,1.0000,0.0000,0.0000,0.0000,1.0000,0.0210,0.0279,0.0569
222,10,5.0290,-0.0986,0.4546,1.0000,-0.0086,0.0000,0.0086,1.0000,0.0000,0.0000,0.0000,1.0000,0.0210,0.0279,0.0569
223,0,4.7267,-0.0298,0.4400,1.0000,-0.0098,0.0000,0.0098,1.0000,0.0000,0.0000,0.0000,1.0000,0.2577,0.2263,0.1400
223,1,4.7349,-0.0270,0.6052,1.0000,-0.0098,0.0000,0.0098,1.0000,0.0000,0.0000,0.0000,1.0000,0.1100,0.2168,0.3052
223,2,4.8102,-0.0881,0.5173,1.0000,-0.0098,0.0000,0.0098,1.0000,0.0000,0.0000,0.0000,1.0000,0.1101,0.3070,0.2173
223,3,4.8308,-0.2650,0.5889,1.0000,-0.0098,0.0000,0.0098,1.0000,0.0000,0.0000,0.0000,1.0000,0.2836,0.2073,0.2889
223,4,4.9485,-0.3126,0.5062,1.0000,-0.0098,0.0000,0.0098,1.0000,0.0000,0.0000,0.0000,1.0000,0.2820,0.2947,0.2062
223,5,5.1174,-0.1775,0.6614,1.0000,-0.0098,0.0000,0.0098,1.0000,0.0000,0.0000,0.0000,1.0000,0.1112,0.2100,0.3614
223,6,5.2106,-0.1589,0.4265,1.0000,-0.0098,0.0000,0.0098,1.0000,0.0000,0.0000,0.0000,1.0000,0.1972,0.1336,0.1265
223,7,5.3196,-0.1516,0.4491,1.0000,-0.0098,0.0000,0.0098,1.0000,0.0000,0.0000,0.0000,1.0000,0.1624,0.1625,0.0548
223,8,5.3474,-0.1086,0.4472,1.0000,-0.0098,0.0000,0.0098,1.0000,0.0000,0.0000,0.0000,1.0000,0.0831,0.2046,0.1050
223,9,5.3783,-0.0426,0.4544,1.0000,-0.0098,0.0000,0.0098,1.0000,0.0000,0.0000,0.0000,1.0000,0.0210,0.0279,0.0569
223,10,5.4216,-0.1030,0.4546,1.0000,-0.0098,0.0000,0.0098,1.0000,0.0000,0.0000,0.0000,1.0000,0.0210,0.0279,0.0569
224,0,5.1350,-0.0340,0.4400,0.9999,-0.0110,0.0000,0.0110,0.9999,0.0000,0.0000,0.0000,1.0000,0.2577,0.2263,0.1400
224,1,5.1432,-0.0312,0.6052,0.9999,-0.0110,0.0000,0.0110,0.9999,0.0000,0.0000,0.0000,1.0000,0.1100,0.2168,0.3052
224,2,5.2184,-0.0923,0.5173,0.9999,-0.0110,0.0000,0.0110,0.9999,0.0000,0.0000,0.0000,1.0000,0.1101,0.3070,0.2173
224,3,5.2389,-0.2693,0.5889,0.9999,-0.0110,0.0000,0.0110,0.9999,0.0000,0.0000,0.0000,1.0000,0.2836,0.2073,0.2889
224,4,5.3564,-0.3171,0.5062,0.9999,-0.0110,0.0000,0.0110,0.9999,0.0000,0.0000,0.0000,1.0000,0.2820,0.2947,0.2062
224,5,5.5255,-0.1821,0.6614,0.9999,-0.0110,0.0000,0.0110,0.9999,0.0000,0.0000,0.0000,1.0000,0.1112,0.2100,0.3614
224,6,5.6187,-0.1636,0.4265,0.9999,-0.0110,0.0000,0.0110,0.9999,0.0000,0.0000,0.0000,1.0000,0.1972,0.1336,0.1265
224,7,5.7277,-0.1564,0.4491,0.9999,-0.0110,0.0000,0.0110,0.9999,0.0000,0.0000,0.0000,1.0000,0.1624,0.1625,0.0548
224,8,5.7556,-0.1135,0.4472,0.9999,-0.0110,0.0000,0.0110,0.9999,0.0000,0.0000,0.0000,1.0000,0.0831,0.2046,0.1050
224,9,5.7866,-0.0476,0.4544,0.9999,-0.0110,0.0000,0.0110,0.9999,0.0000,0.0000,0.0000,1.0000,0.0210,0.0279,0.0569
224,10,5.8299,-0.1079,0.4546,0.9999,-0.0110,0.0000,0.0110,0.9999,0.0000,0.0000,0.0000,1.0000,0.0210,0.0279,0.0569
225,0,5.5589,-0.0389,0.4400,0.9999,-0.0121,0.0000,0.0121,0.9999,0.0000,0.0000,0.0000,1.0000,0.2577,0.2263,0.1400
225,1,5.5671,-0.0361,0.6052,0.9999,-0.0121,0.0000,0.0121,0.9999,0.0000,0.0000,0.0000,1.0000,0.1100,0.2168,0.3052
225,2,5.6422,-0.0973,0.5173,0.9999,-0.0121,0.0000,0.0121,0.9999,0.0000,0.0000,0.0000,1.0000,0.1101,0.3070,0.2173
225,3,5.6625,-0.2743,0.5889,0.9999,-0.0121,0.0000,0.0121,0.9999,0.0000,0.0000,0.0000,1.0000,0.2836,0.2073,0.2889
225,4,5.7800,-0.3222,0.5062,0.9999,-0.0121,0.0000,0.0121,0.9999,0.0000,0.0000,0.0000,1.0000,0.2820,0.2947,0.2062
225,5,5.9492,-0.1874,0.6614,0.9999,-0.0121,0.0000,0.0121,0.9999,0.0000,0.0000,0.0000,1.0000,0.1112,0.2100,0.3614
225,6,6.0425,-0.1691,0.4265,0.9999,-0.0121,0.0000,0.0121,0.9999,0.0000,0.0000,0.0000,1.0000,0.1972,0.1336,0.1265
225,7,6.1515,-0.1620,0.4491,0.9999,-0.0121,0.0000,0.0121,0.9999,0.0000,0.0000,0.0000,1.0000,0.1624,0.1625,0.0548
225,8,6.1794,-0.1191,0.4472,0.9999,-0.0121,0.0000,0.0121,0.9999,0.0000,0.0000,0.0000,1.0000,0.0831,0.2046,0.1050
225,9,6.2105,-0.0532,0.4544,0.9999,-0.0121,0.0000,0.0121,0.9999,0.0000,0.0000,0.0000,1.0000,0.0210,0.0279,0.0569
225,10,6.2537,-0.1136,0.4546,0.9999,-0.0121,0.0000,0.0121,0.9999,0.0000,0.0000,0.0000,1.0000,0.0210,0.0279,0.0569
226,0,5.9984,-0.0444,0.4400,0.9999,-0.0133,0.0000,0.0133,0.9999,0.0000,0.0000,0.0000,1.0000,0.2577,0.2263,0.1400
226,1,6.0065,-0.0416,0.6052,0.9999,-0.0133,0.0000,0.0133,0.9999,0.0000,0.0000,0.0000,1.0000,0.1100,0.2168,0.3052
226,2,6.0816,-0.1029,0.5173,0.9999,-0.0133,0.0000,0.0133,0.9999,0.0000,0.0000,0.0000,1.0000,0.1101,0.3070,0.2173
226,3,6.1017,-0.2799,0.5889,0.9999,-0.0133,0.0000,0.0133,0.9999,0.0000,0.0000,0.0000,1.0000,0.2836,0.2073,0.2889
226,4,6.2191,-0.3280,0.5062,0.9999,-0.0133,0.0000,0.0133,0.9999,0.0000,0.0000,0.0000,1.0000,0.2820,0.2947,0.2062
226,5,6.3885,-0.1934,0.6614,0.9999,-0.0133,0.0000,0.0133,0.9999,0.0000,0.0000,0.0000,1.0000,0.1112,0.2100,0.3614
226,6,6.4818,-0.1752,0.4265,0.9999,-0.0133,0.0000,0.0133,0.9999,0.0000,0.0000,0.0000,1.0000,0.1972,0.1336,0.1265
226,7,6.5908,-0.1682,0.4491,0.9999,-0.0133,0.0000,0.0133,0.9999,0.0000,0.0000,0.0000,1.0000,0.1624,0.1625,0.0548
226,8,6.6188,-0.1254,0.4472,0.9999,-0.0133,0.0000,0.0133,0.9999,0.0000,0.0000,0.0000,1.0000,0.0831,0.2046,0.1050
226,9,6.6500,-0.0595,0.4544,0.9999,-0.0133,0.0000,0.0133,0.9999,0.0000,0.0000,0.0000,1.0000,0.0210,0.0279,0.0569
226,10,6.6931,-0.1200,0.4546,0.9999,-0.0133,0.0000,0.0133,0.9999,0.0000,0.0000,0.0000,1.0000,0.0210,0.0279,0.0569
227,0,6.4533,-0.0508,0.4400,0.9999,-0.0150,0.0000,0.0150,0.9999,0.0000,0.0000,0.0000,1.0000,0.2577,0.2263,0.1400
227,1,6.4615,-0.0480,0.6052,0.9999,-0.0150,0.0000,0.0150,0.9999,0.0000,0.0000,0.0000,1.0000,0.1100,0.2168,0.3052
227,2,6.5365,-0.1095,0.5173,0.9999,-0.0150,0.0000,0.0150,0.9999,0.0000,0.0000,0.0000,1.0000,0.1101,0.3070,0.2173
227,3,6.5562,-0.2865,0.5889,0.9999,-0.0150,0.0000,0.0150,0.9999,0.0000,0.0000,0.0000,1.0000,0.2836,0.2073,0.2889
227,4,6.6736,-0.3347,0.5062,0.9999,-0.0150,0.0000,0.0150,0.9999,0.0000,0.0000,0.0000,1.0000,0.2820,0.2947,0.2062
227,5,6.8432,-0.2005,0.6614,0.9999,-0.0150,0.0000,0.0150,0.9999,0.0000,0.0000,0.0000,1.0000,0.1112,0.2100,0.3614
227,6,6.9365,-0.1824,0.4265,0.9999,-0.0150,0.0000,0.0150,0.9999,0.0000,0.0000,0.0000,1.0000,0.1972,0.1336,0.1265
227,7,7.0455,-0.1756,0.4491,0.9999,-0.0150,0.0000,0.0150,0.9999,0.0000,0.0000,0.0000,1.0000,0.1624,0.1625,0.0548
227,8,7.0736,-0.1328,0.4472,0.9999,-0.0150,0.0000,0.0150,0.9999,0.0000,0.0000,0.0000,1.0000,0.0831,0.2046,0.1050
227,9,7.1049,-0.0670,0.4544,0.9999,-0.0150,0.0000,0.0150,0.9999,0.0000,0.0000,0.0000,1.0000,0.0210,0.0279,0.0569
227,10,7.1479,-0.1275,0.4546,0.9999,-0.0150,0.0000,0.0150,0.9999,0.0000,0.0000,0.0000,1.0000,0.0210,0.0279,0.0569
228,0,6.9236,-0.0582,0.4400,0.9999,-0.0168,0.0000,0.0168,0.9999,0.0000,0.0000,0.0000,1.0000,0.2577,0.2263,0.1400
228,1,6.9318,-0.0555,0.6052,0.9999,-0.0168,0.0000,0.0168,0.9999,0.0000,0.0000,0.0000,1.0000,0.1100,0.2168,0.3052
228,2,7.0067,-0.1170,0.5173,0.9999,-0.0168,0.0000,0.0168,0.9999,0.0000,0.0000,0.0000,1.0000,0.1101,0.3070,0.2173
228,3,7.0261,-0.2941,0.5889,0.9999,-0.0168,0.0000,0.0168,0.9999,0.0000,0.0000,0.0000,1.0000,0.2836,0.2073,0.2889
228,4,7.1434,-0.3426,0.5062,0.9999,-0.0168,0.0000,0.0168,0.9999,0.0000,0.0000,0.0000,1.0000,0.2820,0.2947,0.2062
228,5,7.3133,-0.2086,0.6614,0.9999,-0.0168,0.0000,0.0168,0.9999,0.0000,0.0000,0.0000,1.0000,0.1112,0.2100,0.3614
228,6,7.4066,-0.1907,0.4265,0.9999,-0.0168,0.0000,0.0168,0.9999,0.0000,0.0000,0.0000,1.0000,0.1972,0.1336,0.1265
228,7,7.5156,-0.1841,0.4491,0.9999,-0.0168,0.0000,0.0168,0.9999,0.0000,0.0000,0.0000,1.0000,0.1624,0.1625,0.0548
228,8,7.5437,-0.1414,0.4472,0.9999,-0.0168,0.0000,0.0168,0.9999,0.0000,0.0000,0.0000,1.0000,0.0831,0.2046,0.1050
228,9,7.5751,-0.0756,0.4544,0.9999,-0.0168,0.0000,0.0168,0.9999,0.0000,0.0000,0.0000,1.0000,0.0210,0.0279,0.0569
228,10,7.6180,-0.1362,0.4546,0.9999,-0.0168,0.0000,0.0168,0.9999,0.0000,0.0000,0.0000,1.0000,0.0210,0.0279,0.0569
229,0,7.4091,-0.0669,0.4400,0.9998,-0.0191,0.0000,0.0191,0.9998,0.0000,0.0000,0.0000,1.0000,0.2577,0.2263,0.1400
229,1,7.4172,-0.0641,0.6052,0.9998,-0.0191,0.0000,0.0191,0.9998,0.0000,0.0000,0.0000,1.0000,0.1100,0.2168,0.3052
229,2,7.4920,-0.1259,0.5173,0.9998,-0.0191,0.0000,0.0191,0.9998,0.0000,0.0000,0.0000,1.0000,0.1101,0.3070,0.2173
229,3,7.5110,-0.3029,0.5889,0.9998,-0.0191,0.0000,0.0191,0.9998,0.0000,0.0000,0.0000,1.0000,0.2836,0.2073,0.2889
229,4,7.6282,-0.3517,0.5062,0.9998,-0.0191,0.0000,0.0191,0.9998,0.0000,0.0000,0.0000,1.0000,0.2820,0.2947,0.2062
229,5,7.7984,-0.2181,0.6614,0.9998,-0.0191,0.0000,0.0191,0.9998,0.0000,0.0000,0.0000,1.0000,0.1112,0.2100,0.3614
229,6,7.8917,-0.2004,0.4265,0.9998,-0.0191,0.0000,0.0191,0.9998,0.0000,0.0000,0.0000,1.0000,0.1972,0.1336,0.1265
229,7,8.0008,-0.1941,0.4491,0.9998,-0.0191,0.0000,0.0191,0.9998,0.0000,0.0000,0.0000,1.0000,0.1624,0.1625,0.0548
229,8,8.0290,-0.1514,0.4472,0.9998,-0.0191,0.0000,0.0191,0.9998,0.0000,0.0000,0.0000,1.0000,0.0831,0.2046,0.1050
229,9,8.0605,-0.0857,0.4544,0.9998,-0.0191,0.0000,0.0191,0.9998,0.0000,0.0000,0.0000,1.0000,0.0210,0.0279,0.0569
229,10,8.1033,-0.1464,0.4546,0.9998,-0.0191,0.0000,0.0191,0.9998,0.0000,0.0000,0.0000,1.0000,0.0210,0.0279,0.0569
230,0,7.9092,-0.0769,0.4400,0.9998,-0.0216,0.0000,0.0216,0.9998,0.0000,0.0000,0.0000,1.0000,0.2577,0.2263,0.1400
230,1,7.9174,-0.0742,0.6052,0.9998,-0.0216,0.0000,0.0216,0.9998,0.0000,0.0000,0.0000,1.0000,0.1100,0.2168,0.3052
230,2,7.9920,-0.1361,0.5173,0.9998,-0.0216,0.0000,0.0216,0.9998,0.0000,0.0000,0.0000,1.0000,0.1101,0.3070,0.2173
230,3,8.0106,-0.3133,0.5889,0.9998,-0.0216,0.0000,0.0216,0.9998,0.0000,0.0000,0.0000,1.0000,0.2836,0.2073,0.2889
230,4,8.1276,-0.3623,0.5062,0.9998,-0.0216,0.0000,0.0216,0.9998,0.0000,0.0000,0.0000,1.0000,0.2820,0.2947,0.2062
230,5,8.2982,-0.2291,0.6614,0.9998,-0.0216,0.0000,0.0216,0.9998,0.0000,0.0000,0.0000,1.0000,0.1112,0.2100,0.3614
230,6,8.3915,-0.2117,0.4265,0.9998,-0.0216,0.0000,0.0216,0.9998,0.0000,0.0000,0.0000,1.0000,0.1972,0.1336,0.1265
230,7,8.5006,-0.2056,0.4491,0.9998,-0.0216,0.0000,0.0216,0.9998,0.0000,0.0000,0.0000,1.0000,0.1624,0.1625,0.0548
230,8,8.5289,-0.1630,0.4472,0.9998,-0.0216,0.0000,0.0216,0.9998,0.0000,0.0000,0.0000,1.0000,0.0831,0.2046,0.1050
230,9,8.5607,-0.0974,0.4544,0.9998,-0.0216,0.0000,0.0216,0.9998,0.0000,0.0000,0.0000,1.0000,0.0210,0.0279,0.0569
230,10,8.6033,-0.1582,0.4546,0.9998,-0.0216,0.0000,0.0216,0.9998,0.0000,0.0000,0.0000,1.0000,0.0210,0.0279,0.0569
231,0,8.4236,-0.0887,0.4400,0.9997,-0.0247,0.0000,0.0247,0.9997,0.0000,0.0000,0.0000,1.0000,0.2577,0.2263,0.1400
231,1,8.4318,-0.0860,0.6052,0.9997,-0.0247,0.0000,0.0247,0.9997,0.0000,0.0000,0.0000,1.0000,0.1100,0.2168,0.3052
231,2,8.5062,-0.1482,0.5173,0.9997,-0.0247,0.0000,0.0247,0.9997,0.0000,0.0000,0.0000,1.0000,0.1101,0.3070,0.2173
231,3,8.5242,-0.3254,0.5889,0.9997,-0.0247,0.0000,0.0247,0.9997,0.0000,0.0000,0.0000,1.0000,0.2836,0.2073,0.2889
231,4,8.6411,-0.3748,0.5062,0.9997,-0.0247,0.0000,0.0247,0.9997,0.0000,0.0000,0.0000,1.0000,0.2820,0.2947,0.2062
231,5,8.8120,-0.2422,0.6614,0.9997,-0.0247,0.0000,0.0247,0.9997,0.0000,0.0000,0.0000,1.0000,0.1112,0.2100,0.3614
231,6,8.9055,-0.2250,0.4265,0.9997,-0.0247,0.0000,0.0247,0.9997,0.0000,0.0000,0.0000,1.0000,0.1972,0.1336,0.1265
231,7,9.0146,-0.2192,0.4491,0.9997,-0.0247,0.0000,0.0247,0.9997,0.0000,0.0000,0.0000,1.0000,0.1624,0.1625,0.0548
231,8,9.0430,-0.1767,0.4472,0.9997,-0.0247,0.0000,0.0247,0.9997,0.0000,0.0000,0.0000,1.0000,0.0831,0.2046,0.1050
231,9,9.0750,-0.1112,0.4544,0.9997,-0.0247,0.0000,0.0247,0.9997,0.0000,0.0000,0.0000,1.0000,0.0210,0.0279,0.0569
231,10,9.1174,-0.1722,0.4546,0.9997,-0.0247,0.0000,0.0247,0.9997,0.0000,0.0000,0.0000,1.0000,0.0210,0.0279,0.0569
232,0,8.9518,-0.1026,0.4400,0.9996,-0.0285,0.0000,0.0285,0.9996,0.0000,0.0000,0.0000,1.0000,0.2577,0.2263,0.1400
232,1,8.9600,-0.1000,0.6052,0.9996,-0.0285,0.0000,0.0285,0.9996,0.0000,0.0000,0.0000,1.0000,0.1100,0.2168,0.3052
232,2,9.0341,-0.1624,0.5173,0.9996,-0.0285,0.0000,0.0285,0.9996,0.0000,0.0000,0.0000,1.0000,0.1101,0.3070,0.2173
232,3,9.0515,-0.3397,0.5889,0.9996,-0.0285,0.0000,0.0285,0.9996,0.0000,0.0000,0.0000,1.0000,0.2836,0.2073,0.2889
232,4,9.1682,-0.3895,0.5062,0.9996,-0.0285,0.0000,0.0285,0.9996,0.0000,0.0000,0.0000,1.0000,0.2820,0.2947,0.2062
232,5,9.3396,-0.2576,0.6614,0.9996,-0.0285,0.0000,0.0285,0.9996,0.0000,0.0000,0.0000,1.0000,0.1112,0.2100,0.3614
232,6,9.4331,-0.2407,0.4265,0.9996,-0.0285,0.0000,0.0285,0.9996,0.0000,0.0000,0.0000,1.0000,0.1972,0.1336,0.1265
232,7,9.5422,-0.2354,0.4491,0.9996,-0.0285,0.0000,0.0285,0.9996,0.0000,0.0000,0.0000,1.0000,0.1624,0.1625,0.0548
232,8,9.5709,-0.1930,0.4472,0.9996,-0.0285,0.0000,0.0285,0.9996,0.0000,0.0000,0.0000,1.0000,0.0831,0.2046,0.1050
232,9,9.6030,-0.1276,0.4544,0.9996,-0.0285,0.0000,0.0285,0.9996,0.0000,0.0000,0.0000,1.0000,0.0210,0.0279,0.0569
232,10,9.6452,-0.1887,0.4546,0.9996,-0.0285,0.0000,0.0285,0.9996,0.0000,0.0000,0.0000,1.0000,0.0210,0.0279,0.0569
233,0,9.4933,-0.1192,0.4400,0.9995,-0.0331,0.0000,0.0331,0.9995,0.0000,0.0000,0.0000,1.0000,0.2577,0.2263,0.1400
233,1,9.5015,-0.1165,0.6052,0.9995,-0.0331,0.0000,0.0331,0.9995,0.0000,0.0000,0.0000,1.0000,0.1100,0.2168,0.3052
233,2,9.5754,-0.1793,0.5173,0.9995,-0.0331,0.0000,0.0331,0.9995,0.0000,0.0000,0.0000,1.0000,0.1101,0.3070,0.2173
233,3,9.5919,-0.3567,0.5889,0.9995,-0.0331,0.0000,0.0331,0.9995,0.0000,0.0000,0.0000,1.0000,0.2836,0.2073,0.2889
233,4,9.7084,-0.4070,0.5062,0.9995,-0.0331,0.0000,0.0331,0.9995,0.0000,0.0000,0.0000,1.0000,0.2820,0.2947,0.2062
233,5,9.8805,-0.2759,0.6614,0.9995,-0.0331,0.0000,0.0331,0.9995,0.0000,0.0000,0.0000,1.0000,0.1112,0.2100,0.3614
233,6,9.9741,-0.2595,0.4265,0.9995,-0.0331,0.0000,0.0331,0.9995,0.0000,0.0000,0.0000,1.0000,0.1972,0.1336,0.1265
233,7,10.0832,-0.2547,0.4491,0.9995,-0.0331,0.0000,0.0331,0.9995,0.0000,0.0000,0.0000,1.0000,0.1624,0.1625,0.0548
233,8,10.1120,-0.2124,0.4472,0.9995,-0.0331,0.0000,0.0331,0.9995,0.0000,0.0000,0.0000,1.0000,0.0831,0.2046,0.1050
233,9,10.1445,-0.1471,0.4544,0.9995,-0.0331,0.0000,0.0331,0.9995,0.0000,0.0000,0.0000,1.0000,0.0210,0.0279,0.0569
233,10,10.1864,-0.2085,0.4546,0.9995,-0.0331,0.0000,0.0331,0.9995,0.0000,0.0000,0.0000,1.0000,0.0210,0.0279,0.0569
234,0,10.0479,-0.1389,0.4400,0.9993,-0.0387,0.0000,0.0387,0.9993,0.0000,0.0000,0.0000,1.0000,0.2577,0.2263,0.1400
234,1,10.0561,-0.1363,0.6052,0.9993,-0.0387,0.0000,0.0387,0.9993,0.0000,0.0000,0.0000,1.0000,0.1100,0.2168,0.3052
234,2,10.1296,-0.1995,0.5173,0.9993,-0.0387,0.0000,0.0387,0.9993,0.0000,0.0000,0.0000,1.0000,0.1101,0.3070,0.2173
234,3,10.1452,-0.3769,0.5889,0.9993,-0.0387,0.0000,0.0387,0.9993,0.0000,0.0000,0.0000,1.0000,0.2836,0.2073,0.2889
234,4,10.2614,-0.4279,0.5062,0.9993,-0.0387,0.0000,0.0387,0.9993,0.0000,0.0000,0.0000,1.0000,0.2820,0.2947,0.2062
234,5,10.4341,-0.2977,0.6614,0.9993,-0.0387,0.0000,0.0387,0.9993,0.0000,0.0000,0.0000,1.0000,0.1112,0.2100,0.3614
234,6,10.5278,-0.2818,0.4265,0.9993,-0.0387,0.0000,0.0387,0.9993,0.0000,0.0000,0.0000,1.0000,0.1972,0.1336,0.1265
234,7,10.6370,-0.2777,0.4491,0.9993,-0.0387,0.0000,0.0387,0.9993,0.0000,0.0000,0.0000,1.0000,0.1624,0.1625,0.0548
234,8,10.6660,-0.2355,0.4472,0.9993,-0.0387,0.0000,0.0387,0.9993,0.0000,0.0000,0.0000,1.0000,0.0831,0.2046,0.1050
234,9,10.6989,-0.1705,0.4544,0.9993,-0.0387,0.0000,0.0387,0.9993,0.0000,0.0000,0.0000,1.0000,0.0210,0.0279,0.0569
234,10,10.7404,-0.2320,0.4546,0.9993,-0.0387,0.0000,0.0387,0.9993,0.0000,0.0000,0.0000,1.0000,0.0210,0.0279,0.0569
235,0,10.6150,-0.1624,0.4400,0.9990,-0.0452,0.0000,0.0452,0.9990,0.0000,0.0000,0.0000,1.0000,0.2577,0.2263,0.1400
235,1,10.6232,-0.1599,0.6052,0.9990,-0.0452,0.0000,0.0452,0.9990,0.0000,0.0000,0.0000,1.0000,0.1100,0.2168,0.3052
235,2,10.6963,-0.2236,0.5173,0.9990,-0.0452,0.0000,0.0452,0.9990,0.0000,0.0000,0.0000,1.0000,0.1101,0.3070,0.2173
235,3,10.7107,-0.4011,0.5889,0.9990,-0.0452,0.0000,0.0452,0.9990,0.0000,0.0000,0.0000,1.0000,0.2836,0.2073,0.2889
235,4,10.8266,-0.4529,0.5062,0.9990,-0.0452,0.0000,0.0452,0.9990,0.0000,0.0000,0.0000,1.0000,0.2820,0.2947,0.2062
235,5,11.0002,-0.3238,0.6614,0.9990,-0.0452,0.0000,0.0452,0.9990,0.0000,0.0000,0.0000,1.0000,0.1112,0.2100,0.3614
235,6,11.0940,-0.3085,0.4265,0.9990,-0.0452,0.0000,0.0452,0.9990,0.0000,0.0000,0.0000,1.0000,0.1972,0.1336,0.1265
235,7,11.2032,-0.3050,0.4491,0.9990,-0.0452,0.0000,0.0452,0.9990,0.0000,0.0000,0.0000,1.0000,0.1624,0.1625,0.0548
235,8,11.2325,-0.2631,0.4472,0.9990,-0.0452,0.0000,0.0452,0.9990,0.0000,0.0000,0.0000,1.0000,0.0831,0.2046,0.1050
235,9,11.2657,-0.1983,0.4544,0.9990,-0.0452,0.0000,0.0452,0.9990,0.0000,0.0000,0.0000,1.0000,0.0210,0.0279,0.0569
235,10,11.3069,-0.2601,0.4546,0.9990,-0.0452,0.0000,0.0452,0.9990,0.0000,0.0000,0.0000,1.0000,0.0210,0.0279,0.0569
236,0,11.1941,-0.1905,0.4400,0.9986,-0.0527,0.0000,0.0527,0.9986,0.0000,0.0000,0.0000,1.0000,0.2577,0.2263,0.1400
236,1,11.2023,-0.1880,0.6052,0.9986,-0.0527,0.0000,0.0527,0.9986,0.0000,0.0000,0.0000,1.0000,0.1100,0.2168,0.3052
236,2,11.2749,-0.2523,0.5173,0.9986,-0.0527,0.0000,0.0527,0.9986,0.0000,0.0000,0.0000,1.0000,0.1101,0.3070,0.2173
236,3,11.2880,-0.4299,0.5889,0.9986,-0.0527,0.0000,0.0527,0.9986,0.0000,0.0000,0.0000,1.0000,0.2836,0.2073,0.2889
236,4,11.4035,-0.4825,0.5062,0.9986,-0.0527,0.0000,0.0527,0.9986,0.0000,0.0000,0.0000,1.0000,0.2820,0.2947,0.2062
236,5,11.5781,-0.3548,0.6614,0.9986,-0.0527,0.0000,0.0527,0.9986,0.0000,0.0000,0.0000,1.0000,0.1112,0.2100,0.3614
236,6,11.6720,-0.3402,0.4265,0.9986,-0.0527,0.0000,0.0527,0.9986,0.0000,0.0000,0.0000,1.0000,0.1972,0.1336,0.1265
236,7,11.7812,-0.3376,0.4491,0.9986,-0.0527,0.0000,0.0527,0.9986,0.0000,0.0000,0.0000,1.0000,0.1624,0.1625,0.0548
236,8,11.8108,-0.2959,0.4472,0.9986,-0.0527,0.0000,0.0527,0.9986,0.0000,0.0000,0.0000,1.0000,0.0831,0.2046,0.1050
236,9,11.8445,-0.2312,0.4544,0.9986,-0.0527,0.0000,0.0527,0.9986,0.0000,0.0000,0.0000,1.0000,0.0210,0.0279,0.0569
236,10,11.8852,-0.2934,0.4546,0.9986,-0.0527,0.0000,0.0527,0.9986,0.0000,0.0000,0.0000,1.0000,0.0210,0.0279,0.0569
237,0,11.7844,-0.2239,0.4400,0.9981,-0.0613,0.0000,0.0613,0.9981,0.0000,0.0000,0.0000,1.0000,0.2577,0.2263,0.1400
237,1,11.7927,-0.2215,0.6052,0.9981,-0.0613,0.0000,0.0613,0.9981,0.0000,0.0000,0.0000,1.0000,0.1100,0.2168,0.3052
237,2,11.8648,-0.2863,0.5173,0.9981,-0.0613,0.0000,0.0613,0.9981,0.0000,0.0000,0.0000,1.0000,0.1101,0.3070,0.2173
237,3,11.8763,-0.4641,0.5889,0.9981,-0.0613,0.0000,0.0613,0.9981,0.0000,0.0000,0.0000,1.0000,0.2836,0.2073,0.2889
237,4,11.9913,-0.5177,0.5062,0.9981,-0.0613,0.0000,0.0613,0.9981,0.0000,0.0000,0.0000,1.0000,0.2820,0.2947,0.2062
237,5,12.1670,-0.3915,0.6614,0.9981,-0.0613,0.0000,0.0613,0.9981,0.0000,0.0000,0.0000,1.0000,0.1112,0.2100,0.3614
237,6,12.2610,-0.3777,0.4265,0.9981,-0.0613,0.0000,0.0613,0.9981,0.0000,0.0000,0.0000,1.0000,0.1972,0.1336,0.1265
237,7,12.3702,-0.3760,0.4491,0.9981,-0.0613,0.0000,0.0613,0.9981,0.0000,0.0000,0.0000,1.0000,0.1624,0.1625,0.0548
237,8,12.4002,-0.3345,0.4472,0.9981,-0.0613,0.0000,0.0613,0.9981,0.0000,0.0000,0.0000,1.0000,0.0831,0.2046,0.1050
237,9,12.4345,-0.2702,0.4544,0.9981,-0.0613,0.0000,0.0613,0.9981,0.0000,0.0000,0.0000,1.0000,0.0210,0.0279,0.0569
237,10,12.4747,-0.3327,0.4546,0.9981,-0.0613,0.0000,0.0613,0.9981,0.0000,0.0000,0.0000,1.0000,0.0210,0.0279,0.0569
238,0,12.3854,-0.2633,0.4400,0.9975,-0.0710,0.0000,0.0710,0.9975,0.0000,0.0000,0.0000,1.0000,0.2577,0.2263,0.1400
238,1,12.3937,-0.2610,0.6052,0.9975,-0.0710,0.0000,0.0710,0.9975,0.0000,0.0000,0.0000,1.0000,0.1100,0.2168,0.3052
238,2,12.4651,-0.3266,0.5173,0.9975,-0.0710,0.0000,0.0710,0.9975,0.0000,0.0000,0.0000,1.0000,0.1101,0.3070,0.2173
238,3,12.4749,-0.5044,0.5889,0.9975,-0.0710,0.0000,0.0710,0.9975,0.0000,0.0000,0.0000,1.0000,0.2836,0.2073,0.2889
238,4,12.5894,-0.5592,0.5062,0.9975,-0.0710,0.0000,0.0710,0.9975,0.0000,0.0000,0.0000,1.0000,0.2820,0.2947,0.2062
238,5,12.7663,-0.4346,0.6614,0.9975,-0.0710,0.0000,0.0710,0.9975,0.0000,0.0000,0.0000,1.0000,0.1112,0.2100,0.3614
238,6,12.8605,-0.4217,0.4265,0.9975,-0.0710,0.0000,0.0710,0.9975,0.0000,0.0000,0.0000,1.0000,0.1972,0.1336,0.1265
238,7,12.9697,-0.4211,0.4491,0.9975,-0.0710,0.0000,0.0710,0.9975,0.0000,0.0000,0.0000,1.0000,0.1624,0.1625,0.0548
238,8,13.0001,-0.3799,0.4472,0.9975,-0.0710,0.0000,0.0710,0.9975,0.0000,0.0000,0.0000,1.0000,0.0831,0.2046,0.1050
238,9,13.0350,-0.3160,0.4544,0.9975,-0.0710,0.0000,0.0710,0.9975,0.0000,0.0000,0.0000,1.0000,0.0210,0.0279,0.0569
238,10,13.0745,-0.3788,0.4546,0.9975,-0.0710,0.0000,0.0710,0.9975,0.0000,0.0000,0.0000,1.0000,0.0210,0.0279,0.0569
239,0,12.9966,-0.3097,0.4400,0.9967,-0.0817,0.0000,0.0817,0.9967,0.0000,0.0000,0.0000,1.0000,0.2577,0.2263,0.1400
239,1,13.0049,-0.3075,0.6052,0.9967,-0.0817,0.0000,0.0817,0.9967,0.0000,0.0000,0.0000,1.0000,0.1100,0.2168,0.3052
239,2,13.0756,-0.3738,0.5173,0.9967,-0.0817,0.0000,0.0817,0.9967,0.0000,0.0000,0.0000,1.0000,0.1101,0.3070,0.2173
239,3,13.0835,-0.5517,0.5889,0.9967,-0.0817,0.0000,0.0817,0.9967,0.0000,0.0000,0.0000,1.0000,0.2836,0.2073,0.2889
239,4,13.1974,-0.6077,0.5062,0.9967,-0.0817,0.0000,0.0817,0.9967,0.0000,0.0000,0.0000,1.0000,0.2820,0.2947,0.2062
239,5,13.3756,-0.4851,0.6614,0.9967,-0.0817,0.0000,0.0817,0.9967,0.0000,0.0000,0.0000,1.0000,0.1112,0.2100,0.3614
239,6,13.4699,-0.4732,0.4265,0.9967,-0.0817,0.0000,0.0817,0.9967,0.0000,0.0000,0.0000,1.0000,0.1972,0.1336,0.1265
239,7,13.5792,-0.4738,0.4491,0.9967,-0.0817,0.0000,0.0817,0.9967,0.0000,0.0000,0.0000,1.0000,0.1624,0.1625,0.0548
239,8,13.6100,-0.4330,0.4472,0.9967,-0.0817,0.0000,0.0817,0.9967,0.0000,0.0000,0.0000,1.0000,0.0831,0.2046,0.1050
239,9,13.6456,-0.3693,0.4544,0.9967,-0.0817,0.0000,0.0817,0.9967,0.0000,0.0000,0.0000,1.0000,0.0210,0.0279,0.0569
239,10,13.6845,-0.4326,0.4546,0.9967,-0.0817,0.0000,0.0817,0.9967,0.0000,0.0000,0.0000,1.0000,0.0210,0.0279,0.0569
240,0,13.6178,-0.3640,0.4400,0.9956,-0.0939,0.0000,0.0939,0.9956,0.0000,0.0000,0.0000,1.0000,0.2577,0.2263,0.1400
240,1,13.6262,-0.3619,0.6052,0.9956,-0.0939,0.0000,0.0939,0.9956,0.0000,0.0000,0.0000,1.0000,0.1100,0.2168,0.3052
240,2,13.6961,-0.4291,0.5173,0.9956,-0.0939,0.0000,0.0939,0.9956,0.0000,0.0000,0.0000,1.0000,0.1101,0.3070,0.2173
240,3,13.7018,-0.6071,0.5889,0.9956,-0.0939,0.0000,0.0939,0.9956,0.0000,0.0000,0.0000,1.0000,0.2836,0.2073,0.2889
240,4,13.8150,-0.6645,0.5062,0.9956,-0.0939,0.0000,0.0939,0.9956,0.0000,0.0000,0.0000,1.0000,0.2820,0.2947,0.2062
240,5,13.9947,-0.5440,0.6614,0.9956,-0.0939,0.0000,0.0939,0.9956,0.0000,0.0000,0.0000,1.0000,0.1112,0.2100,0.3614
240,6,14.0891,-0.5333,0.4265,0.9956,-0.0939,0.0000,0.0939,0.9956,0.0000,0.0000,0.0000,1.0000,0.1972,0.1336,0.1265
240,7,14.1983,-0.5352,0.4491,0.9956,-0.0939,0.0000,0.0939,0.9956,0.0000,0.0000,0.0000,1.0000,0.1624,0.1625,0.0548
240,8,14.2297,-0.4948,0.4472,0.9956,-0.0939,0.0000,0.0939,0.9956,0.0000,0.0000,0.0000,1.0000,0.0831,0.2046,0.1050
240,9,14.2660,-0.4316,0.4544,0.9956,-0.0939,0.0000,0.0939,0.9956,0.0000,0.0000,0.0000,1.0000,0.0210,0.0279,0.0569
240,10,14.3041,-0.4954,0.4546,0.9956,-0.0939,0.0000,0.0939,0.9956,0.0000,0.0000,0.0000,1.0000,0.0210,0.0279,0.0569
241,0,14.2489,-0.4273,0.4400,0.9942,-0.1072,0.0000,0.1072,0.9942,0.0000,0.0000,0.0000,1.0000,0.2577,0.2263,0.1400
241,1,14.2573,-0.4253,0.6052,0.9942,-0.1072,0.0000,0.1072,0.9942,0.0000,0.0000,0.0000,1.0000,0.1100,0.2168,0.3052
241,2,14.3263,-0.4934,0.5173,0.9942,-0.1072,0.0000,0.1072,0.9942,0.0000,0.0000,0.0000,1.0000,0.1101,0.3070,0.2173
241,3,14.3296,-0.6715,0.5889,0.9942,-0.1072,0.0000,0.1072,0.9942,0.0000,0.0000,0.0000,1.0000,0.2836,0.2073,0.2889
241,4,14.4420,-0.7304,0.5062,0.9942,-0.1072,0.0000,0.1072,0.9942,0.0000,0.0000,0.0000,1.0000,0.2820,0.2947,0.2062
241,5,14.6233,-0.6123,0.6614,0.9942,-0.1072,0.0000,0.1072,0.9942,0.0000,0.0000,0.0000,1.0000,0.1112,0.2100,0.3614
241,6,14.7179,-0.6029,0.4265,0.9942,-0.1072,0.0000,0.1072,0.9942,0.0000,0.0000,0.0000,1.0000,0.1972,0.1336,0.1265
241,7,14.8271,-0.6062,0.4491,0.9942,-0.1072,0.0000,0.1072,0.9942,0.0000,0.0000,0.0000,1.0000,0.1624,0.1625,0.0548
241,8,14.8589,-0.5662,0.4472,0.9942,-0.1072,0.0000,0.1072,0.9942,0.0000,0.0000,0.0000,1.0000,0.0831,0.2046,0.1050
241,9,14.8962,-0.5036,0.4544,0.9942,-0.1072,0.0000,0.1072,0.9942,0.0000,0.0000,0.0000,1.0000,0.0210,0.0279,0.0569
241,10,14.9334,-0.5678,0.4546,0.9942,-0.1072,0.0000,0.1072,0.9942,0.0000,0.0000,0.0000,1.0000,0.0210,0.0279,0.0569
242,0,14.8896,-0.5005,0.4400,0.9926,-0.1215,0.0000,0.1215,0.9926,0.0000,0.0000,0.0000,1.0000,0.2577,0.2263,0.1400
242,1,14.8980,-0.4986,0.6052,0.9926,-0.1215,0.0000,0.1215,0.9926,0.0000,0.0000,0.0000,1.0000,0.1100,0.2168,0.3052
242,2,14.9660,-0.5677,0.5173,0.9926,-0.1215,0.0000,0.1215,0.9926,0.0000,0.0000,0.0000,1.0000,0.1101,0.3070,0.2173
242,3,14.9668,-0.7458,0.5889,0.9926,-0.1215,0.0000,0.1215,0.9926,0.0000,0.0000,0.0000,1.0000,0.2836,0.2073,0.2889
242,4,15.0784,-0.8063,0.5062,0.9926,-0.1215,0.0000,0.1215,0.9926,0.0000,0.0000,0.0000,1.0000,0.2820,0.2947,0.2062
242,5,15.2614,-0.6909,0.6614,0.9926,-0.1215,0.0000,0.1215,0.9926,0.0000,0.0000,0.0000,1.0000,0.1112,0.2100,0.3614
242,6,15.3560,-0.6828,0.4265,0.9926,-0.1215,0.0000,0.1215,0.9926,0.0000,0.0000,0.0000,1.0000,0.1972,0.1336,0.1265
242,7,15.4652,-0.6877,0.4491,0.9926,-0.1215,0.0000,0.1215,0.9926,0.0000,0.0000,0.0000,1.0000,0.1624,0.1625,0.0548
242,8,15.4976,-0.6481,0.4472,0.9926,-0.1215,0.0000,0.1215,0.9926,0.0000,0.0000,0.0000,1.0000,0.0831,0.2046,0.1050
242,9,15.5357,-0.5860,0.4544,0.9926,-0.1215,0.0000,0.1215,0.9926,0.0000,0.0000,0.0000,1.0000,0.0210,0.0279,0.0569
242,10,15.5720,-0.6508,0.4546,0.9926,-0.1215,0.0000,0.1215,0.9926,0.0000,0.0000,0.0000,1.0000,0.0210,0.0279,0.0569
243,0,15.5395,-0.5845,0.4400,0.9906,-0.1368,0.0000,0.1368,0.9906,0.0000,0.0000,0.0000,1.0000,0.2577,0.2263,0.1400
243,1,15.5480,-0.5828,0.6052,0.9906,-0.1368,0.0000,0.1368,0.9906,0.0000,0.0000,0.0000,1.0000,0.1100,0.2168,0.3052
243,2,15.6149,-0.6529,0.5173,0.9906,-0.1368,0.0000,0.1368,0.9906,0.0000,0.0000,0.0000,1.0000,0.1101,0.3070,0.2173
243,3,15.6129,-0.8310,0.5889,0.9906,-0.1368,0.0000,0.1368,0.9906,0.0000,0.0000,0.0000,1.0000,0.2836,0.2073,0.2889
243,4,15.7235,-0.8932,0.5062,0.9906,-0.1368,0.0000,0.1368,0.9906,0.0000,0.0000,0.0000,1.0000,0.2820,0.2947,0.2062
243,5,15.9083,-0.7806,0.6614,0.9906,-0.1368,0.0000,0.1368,0.9906,0.0000,0.0000,0.0000,1.0000,0.1112,0.2100,0.3614
243,6,16.0031,-0.7740,0.4265,0.9906,-0.1368,0.0000,0.1368,0.9906,0.0000,0.0000,0.0000,1.0000,0.1972,0.1336,0.1265
243,7,16.1121,-0.7806,0.4491,0.9906,-0.1368,0.0000,0.1368,0.9906,0.0000,0.0000,0.0000,1.0000,0.1624,0.1625,0.0548
243,8,16.1451,-0.7415,0.4472,0.9906,-0.1368,0.0000,0.1368,0.9906,0.0000,0.0000,0.0000,1.0000,0.0831,0.2046,0.1050
243,9,16.1842,-0.6800,0.4544,0.9906,-0.1368,0.0000,0.1368,0.9906,0.0000,0.0000,0.0000,1.0000,0.0210,0.0279,0.0569
243,10,16.2195,-0.7454,0.4546,0.9906,-0.1368,0.0000,0.1368,0.9906,0.0000,0.0000,0.0000,1.0000,0.0210,0.0279,0.0569
244,0,16.1980,-0.6804,0.4400,0.9882,-0.1533,0.0000,0.1533,0.9882,0.0000,0.0000,0.0000,1.0000,0.2577,0.2263,0.1400
244,1,16.2064,-0.6788,0.6052,0.9882,-0.1533,0.0000,0.1533,0.9882,0.0000,0.0000,0.0000,1.0000,0.1100,0.2168,0.3052
244,2,16.2722,-0.7500,0.5173,0.9882,-0.1533,0.0000,0.1533,0.9882,0.0000,0.0000,0.0000,1.0000,0.1101,0.3070,0.2173
244,3,16.2672,-0.9281,0.5889,0.9882,-0.1533,0.0000,0.1533,0.9882,0.0000,0.0000,0.0000,1.0000,0.2836,0.2073,0.2889
244,4,16.3768,-0.9921,0.5062,0.9882,-0.1533,0.0000,0.1533,0.9882,0.0000,0.0000,0.0000,1.0000,0.2820,0.2947,0.2062
244,5,16.5634,-0.8826,0.6614,0.9882,-0.1533,0.0000,0.1533,0.9882,0.0000,0.0000,0.0000,1.0000,0.1112,0.2100,0.3614
244,6,16.6583,-0.8776,0.4265,0.9882,-0.1533,0.0000,0.1533,0.9882,0.0000,0.0000,0.0000,1.0000,0.1972,0.1336,0.1265
244,7,16.7672,-0.8860,0.4491,0.9882,-0.1533,0.0000,0.1533,0.9882,0.0000,0.0000,0.0000,1.0000,0.1624,0.1625,0.0548
244,8,16.8009,-0.8475,0.4472,0.9882,-0.1533,0.0000,0.1533,0.9882,0.0000,0.0000,0.0000,1.0000,0.0831,0.2046,0.1050
244,9,16.8410,-0.7866,0.4544,0.9882,-0.1533,0.0000,0.1533,0.9882,0.0000,0.0000,0.0000,1.0000,0.0210,0.0279,0.0569
244,10,16.8752,-0.8526,0.4546,0.9882,-0.1533,0.0000,0.1533,0.9882,0.0000,0.0000,0.0000,1.0000,0.0210,0.0279,0.0569
245,0,16.8641,-0.7890,0.4400,0.9854,-0.1705,0.0000,0.1705,0.9854,0.0000,0.0000,0.0000,1.0000,0.2577,0.2263,0.1400
245,1,16.8726,-0.7876,0.6052,0.9854,-0.1705,0.0000,0.1705,0.9854,0.0000,0.0000,0.0000,1.0000,0.1100,0.2168,0.3052
245,2,16.9371,-0.8599,0.5173,0.9854,-0.1705,0.0000,0.1705,0.9854,0.0000,0.0000,0.0000,1.0000,0.1101,0.3070,0.2173
245,3,16.9291,-1.0378,0.5889,0.9854,-0.1705,0.0000,0.1705,0.9854,0.0000,0.0000,0.0000,1.0000,0.2836,0.2073,0.2889
245,4,17.0375,-1.1038,0.5062,0.9854,-0.1705,0.0000,0.1705,0.9854,0.0000,0.0000,0.0000,1.0000,0.2820,0.2947,0.2062
245,5,17.2260,-0.9976,0.6614,0.9854,-0.1705,0.0000,0.1705,0.9854,0.0000,0.0000,0.0000,1.0000,0.1112,0.2100,0.3614
245,6,17.3209,-0.9942,0.4265,0.9854,-0.1705,0.0000,0.1705,0.9854,0.0000,0.0000,0.0000,1.0000,0.1972,0.1336,0.1265
245,7,17.4297,-1.0045,0.4491,0.9854,-0.1705,0.0000,0.1705,0.9854,0.0000,0.0000,0.0000,1.0000,0.1624,0.1625,0.0548
245,8,17.4640,-0.9666,0.4472,0.9854,-0.1705,0.0000,0.1705,0.9854,0.0000,0.0000,0.0000,1.0000,0.0831,0.2046,0.1050
245,9,17.5052,-0.9065,0.4544,0.9854,-0.1705,0.0000,0.1705,0.9854,0.0000,0.0000,0.0000,1.0000,0.0210,0.0279,0.0569
245,10,17.5382,-0.9730,0.4546,0.9854,-0.1705,0.0000,0.1705,0.9854,0.0000,0.0000,0.0000,1.0000,0.0210,0.0279,0.0569
246,0,17.5370,-0.9110,0.4400,0.9821,-0.1883,0.0000,0.1883,0.9821,0.0000,0.0000,0.0000,1.0000,0.2577,0.2263,0.1400
246,1,17.5455,-0.9097,0.6052,0.9821,-0.1883,0.0000,0.1883,0.9821,0.0000,0.0000,0.0000,1.0000,0.1100,0.2168,0.3052
246,2,17.6086,-0.9832,0.5173,0.9821,-0.1883,0.0000,0.1883,0.9821,0.0000,0.0000,0.0000,1.0000,0.1101,0.3070,0.2173
246,3,17.5974,-1.1610,0.5889,0.9821,-0.1883,0.0000,0.1883,0.9821,0.0000,0.0000,0.0000,1.0000,0.2836,0.2073,0.2889
246,4,17.7046,-1.2289,0.5062,0.9821,-0.1883,0.0000,0.1883,0.9821,0.0000,0.0000,0.0000,1.0000,0.2820,0.2947,0.2062
246,5,17.8950,-1.1261,0.6614,0.9821,-0.1883,0.0000,0.1883,0.9821,0.0000,0.0000,0.0000,1.0000,0.1112,0.2100,0.3614
246,6,17.9900,-1.1245,0.4265,0.9821,-0.1883,0.0000,0.1883,0.9821,0.0000,0.0000,0.0000,1.0000,0.1972,0.1336,0.1265
246,7,18.0985,-1.1367,0.4491,0.9821,-0.1883,0.0000,0.1883,0.9821,0.0000,0.0000,0.0000,1.0000,0.1624,0.1625,0.0548
246,8,18.1335,-1.0995,0.4472,0.9821,-0.1883,0.0000,0.1883,0.9821,0.0000,0.0000,0.0000,1.0000,0.0831,0.2046,0.1050
246,9,18.1758,-1.0401,0.4544,0.9821,-0.1883,0.0000,0.1883,0.9821,0.0000,0.0000,0.0000,1.0000,0.0210,0.0279,0.0569
246,10,18.2076,-1.1071,0.4546,0.9821,-0.1883,0.0000,0.1883,0.9821,0.0000,0.0000,0.0000,1.0000,0.0210,0.0279,0.0569
247,0,18.2154,-1.0469,0.4400,0.9785,-0.2063,0.0000,0.2063,0.9785,0.0000,0.0000,0.0000,1.0000,0.2577,0.2263,0.1400
247,1,18.2239,-1.0457,0.6052,0.9785,-0.2063,0.0000,0.2063,0.9785,0.0000,0.0000,0.0000,1.0000,0.1100,0.2168,0.3052
247,2,18.2857,-1.1204,0.5173,0.9785,-0.2063,0.0000,0.2063,0.9785,0.0000,0.0000,0.0000,1.0000,0.1101,0.3070,0.2173
247,3,18.2712,-1.2979,0.5889,0.9785,-0.2063,0.0000,0.2063,0.9785,0.0000,0.0000,0.0000,1.0000,0.2836,0.2073,0.2889
247,4,18.3771,-1.3677,0.5062,0.9785,-0.2063,0.0000,0.2063,0.9785,0.0000,0.0000,0.0000,1.0000,0.2820,0.2947,0.2062
247,5,18.5694,-1.2685,0.6614,0.9785,-0.2063,0.0000,0.2063,0.9785,0.0000,0.0000,0.0000,1.0000,0.1112,0.2100,0.3614
247,6,18.6644,-1.2686,0.4265,0.9785,-0.2063,0.0000,0.2063,0.9785,0.0000,0.0000,0.0000,1.0000,0.1972,0.1336,0.1265
247,7,18.7727,-1.2828,0.4491,0.9785,-0.2063,0.0000,0.2063,0.9785,0.0000,0.0000,0.0000,1.0000,0.1624,0.1625,0.0548
247,8,18.8084,-1.2462,0.4472,0.9785,-0.2063,0.0000,0.2063,0.9785,0.0000,0.0000,0.0000,1.0000,0.0831,0.2046,0.1050
247,9,18.8517,-1.1876,0.4544,0.9785,-0.2063,0.0000,0.2063,0.9785,0.0000,0.0000,0.0000,1.0000,0.0210,0.0279,0.0569
247,10,18.8823,-1.2552,0.4546,0.9785,-0.2063,0.0000,0.2063,0.9785,0.0000,0.0000,0.0000,1.0000,0.0210,0.0279,0.0569
248,0,18.8985,-1.1966,0.4400,0.9746,-0.2240,0.0000,0.2240,0.9746,0.0000,0.0000,0.0000,1.0000,0.2577,0.2263,0.1400
248,1,18.9071,-1.1956,0.6052,0.9746,-0.2240,0.0000,0.2240,0.9746,0.0000,0.0000,0.0000,1.0000,0.1100,0.2168,0.3052
248,2,18.9675,-1.2714,0.5173,0.9746,-0.2240,0.0000,0.2240,0.9746,0.0000,0.0000,0.0000,1.0000,0.1101,0.3070,0.2173
248,3,18.9498,-1.4486,0.5889,0.9746,-0.2240,0.0000,0.2240,0.9746,0.0000,0.0000,0.0000,1.0000,0.2836,0.2073,0.2889
248,4,19.0545,-1.5204,0.5062,0.9746,-0.2240,0.0000,0.2240,0.9746,0.0000,0.0000,0.0000,1.0000,0.2820,0.2947,0.2062
248,5,19.2485,-1.4246,0.6614,0.9746,-0.2240,0.0000,0.2240,0.9746,0.0000,0.0000,0.0000,1.0000,0.1112,0.2100,0.3614
248,6,19.3435,-1.4264,0.4265,0.9746,-0.2240,0.0000,0.2240,0.9746,0.0000,0.0000,0.0000,1.0000,0.1972,0.1336,0.1265
248,7,19.4515,-1.4426,0.4491,0.9746,-0.2240,0.0000,0.2240,0.9746,0.0000,0.0000,0.0000,1.0000,0.1624,0.1625,0.0548
248,8,19.4879,-1.4067,0.4472,0.9746,-0.2240,0.0000,0.2240,0.9746,0.0000,0.0000,0.0000,1.0000,0.0831,0.2046,0.1050
248,9,19.5322,-1.3489,0.4544,0.9746,-0.2240,0.0000,0.2240,0.9746,0.0000,0.0000,0.0000,1.0000,0.0210,0.0279,0.0569
248,10,19.5616,-1.4171,0.4546,0.9746,-0.2240,0.0000,0.2240,0.9746,0.0000,0.0000,0.0000,1.0000,0.0210,0.0279,0.0569
249,0,19.5863,-1.3605,0.4400,0.9704,-0.2414,0.0000,0.2414,0.9704,0.0000,0.0000,0.0000,1.0000,0.2577,0.2263,0.1400
249,1,19.5949,-1.3597,0.6052,0.9704,-0.2414,0.0000,0.2414,0.9704,0.0000,0.0000,0.0000,1.0000,0.1100,0.2168,0.3052
249,2,19.6540,-1.4365,0.5173,0.9704,-0.2414,0.0000,0.2414,0.9704,0.0000,0.0000,0.0000,1.0000,0.1101,0.3070,0.2173
249,3,19.6331,-1.6134,0.5889,0.9704,-0.2414,0.0000,0.2414,0.9704,0.0000,0.0000,0.0000,1.0000,0.2836,0.2073,0.2889
249,4,19.7364,-1.6870,0.5062,0.9704,-0.2414,0.0000,0.2414,0.9704,0.0000,0.0000,0.0000,1.0000,0.2820,0.2947,0.2062
249,5,19.9321,-1.5947,0.6614,0.9704,-0.2414,0.0000,0.2414,0.9704,0.0000,0.0000,0.0000,1.0000,0.1112,0.2100,0.3614
249,6,20.0271,-1.5983,0.4265,0.9704,-0.2414,0.0000,0.2414,0.9704,0.0000,0.0000,0.0000,1.0000,0.1972,0.1336,0.1265
249,7,20.1348,-1.6164,0.4491,0.9704,-0.2414,0.0000,0.2414,0.9704,0.0000,0.0000,0.0000,1.0000,0.1624,0.1625,0.0548
249,8,20.1718,-1.5811,0.4472,0.9704,-0.2414,0.0000,0.2414,0.9704,0.0000,0.0000,0.0000,1.0000,0.0831,0.2046,0.1050
249,9,20.2172,-1.5241,0.4544,0.9704,-0.2414,0.0000,0.2414,0.9704,0.0000,0.0000,0.0000,1.0000,0.0210,0.0279,0.0569
249,10,20.2453,-1.5928,0.4546,0.9704,-0.2414,0.0000,0.2414,0.9704,0.0000,0.0000,0.0000,1.0000,0.0210,0.0279,0.0569
250,0,20.2793,-1.5387,0.4400,0.9660,-0.2585,0.0000,0.2585,0.9660,0.0000,0.0000,0.0000,1.0000,0.2577,0.2263,0.1400
250,1,20.2879,-1.5380,0.6052,0.9660,-0.2585,0.0000,0.2585,0.9660,0.0000,0.0000,0.0000,1.0000,0.1100,0.2168,0.3052
250,2,20.3456,-1.6159,0.5173,0.9660,-0.2585,0.0000,0.2585,0.9660,0.0000,0.0000,0.0000,1.0000,0.1101,0.3070,0.2173
250,3,20.3216,-1.7924,0.5889,0.9660,-0.2585,0.0000,0.2585,0.9660,0.0000,0.0000,0.0000,1.0000,0.2836,0.2073,0.2889
250,4,20.4236,-1.8678,0.5062,0.9660,-0.2585,0.0000,0.2585,0.9660,0.0000,0.0000,0.0000,1.0000,0.2820,0.2947,0.2062
250,5,20.6209,-1.7790,0.6614,0.9660,-0.2585,0.0000,0.2585,0.9660,0.0000,0.0000,0.0000,1.0000,0.1112,0.2100,0.3614
250,6,20.7158,-1.7842,0.4265,0.9660,-0.2585,0.0000,0.2585,0.9660,0.0000,0.0000,0.0000,1.0000,0.1972,0.1336,0.1265
250,7,20.8232,-1.8042,0.4491,0.9660,-0.2585,0.0000,0.2585,0.9660,0.0000,0.0000,0.0000,1.0000,0.1624,0.1625,0.0548
250,8,20.8608,-1.7696,0.4472,0.9660,-0.2585,0.0000,0.2585,0.9660,0.0000,0.0000,0.0000,1.0000,0.0831,0.2046,0.1050
250,9,20.9072,-1.7134,0.4544,0.9660,-0.2585,0.0000,0.2585,0.9660,0.0000,0.0000,0.0000,1.0000,0.0210,0.0279,0.0569
250,10,20.9341,-1.7826,0.4546,0.9660,-0.2585,0.0000,0.2585,0.9660,0.0000,0.0000,0.0000,1.0000,0.0210,0.0279,0.0569
251,0,20.9781,-1.7313,0.4400,0.9615,-0.2746,0.0000,0.2746,0.9615,0.0000,0.0000,0.0000,1.0000,0.2577,0.2263,0.1400
251,1,20.9867,-1.7308,0.6052,0.9615,-0.2746,0.0000,0.2746,0.9615,0.0000,0.0000,0.0000,1.0000,0.1100,0.2168,0.3052
251,2,21.0431,-1.8096,0.5173,0.9615,-0.2746,0.0000,0.2746,0.9615,0.0000,0.0000,0.0000,1.0000,0.1101,0.3070,0.2173
251,3,21.0161,-1.9857,0.5889,0.9615,-0.2746,0.0000,0.2746,0.9615,0.0000,0.0000,0.0000,1.0000,0.2836,0.2073,0.2889
251,4,21.1169,-2.0628,0.5062,0.9615,-0.2746,0.0000,0.2746,0.9615,0.0000,0.0000,0.0000,1.0000,0.2820,0.2947,0.2062
251,5,21.3156,-1.9773,0.6614,0.9615,-0.2746,0.0000,0.2746,0.9615,0.0000,0.0000,0.0000,1.0000,0.1112,0.2100,0.3614
251,6,21.4104,-1.9841,0.4265,0.9615,-0.2746,0.0000,0.2746,0.9615,0.0000,0.0000,0.0000,1.0000,0.1972,0.1336,0.1265
251,7,21.5174,-2.0059,0.4491,0.9615,-0.2746,0.0000,0.2746,0.9615,0.0000,0.0000,0.0000,1.0000,0.1624,0.1625,0.0548
251,8,21.5556,-1.9719,0.4472,0.9615,-0.2746,0.0000,0.2746,0.9615,0.0000,0.0000,0.0000,1.0000,0.0831,0.2046,0.1050
251,9,21.6030,-1.9165,0.4544,0.9615,-0.2746,0.0000,0.2746,0.9615,0.0000,0.0000,0.0000,1.0000,0.0210,0.0279,0.0569
251,10,21.6287,-1.9861,0.4546,0.9615,-0.2746,0.0000,0.2746,0.9615,0.0000,0.0000,0.0000,1.0000,0.0210,0.0279,0.0569
252,0,21.6827,-1.9381,0.4400,0.9570,-0.2902,0.0000,0.2902,0.9570,0.0000,0.0000,0.0000,1.0000,0.2577,0.2263,0.1400
252,1,21.6913,-1.9377,0.6052,0.9570,-0.2902,0.0000,0.2902,0.9570,0.0000,0.0000,0.0000,1.0000,0.1100,0.2168,0.3052
252,2,21.7464,-2.0174,0.5173,0.9570,-0.2902,0.0000,0.2902,0.9570,0.0000,0.0000,0.0000,1.0000,0.1101,0.3070,0.2173
252,3,21.7166,-2.1930,0.5889,0.9570,-0.2902,0.0000,0.2902,0.9570,0.0000,0.0000,0.0000,1.0000,0.2836,0.2073,0.2889
252,4,21.8161,-2.2718,0.5062,0.9570,-0.2902,0.0000,0.2902,0.9570,0.0000,0.0000,0.0000,1.0000,0.2820,0.2947,0.2062
252,5,22.0162,-2.1895,0.6614,0.9570,-0.2902,0.0000,0.2902,0.9570,0.0000,0.0000,0.0000,1.0000,0.1112,0.2100,0.3614
252,6,22.1108,-2.1979,0.4265,0.9570,-0.2902,0.0000,0.2902,0.9570,0.0000,0.0000,0.0000,1.0000,0.1972,0.1336,0.1265
252,7,22.2175,-2.2214,0.4491,0.9570,-0.2902,0.0000,0.2902,0.9570,0.0000,0.0000,0.0000,1.0000,0.1624,0.1625,0.0548
252,8,22.2562,-2.1881,0.4472,0.9570,-0.2902,0.0000,0.2902,0.9570,0.0000,0.0000,0.0000,1.0000,0.0831,0.2046,0.1050
252,9,22.3045,-2.1334,0.4544,0.9570,-0.2902,0.0000,0.2902,0.9570,0.0000,0.0000,0.0000,1.0000,0.0210,0.0279,0.0569
252,10,22.3291,-2.2035,0.4546,0.9570,-0.2902,0.0000,0.2902,0.9570,0.0000,0.0000,0.0000,1.0000,0.0210,0.0279,0.0569
253,0,22.3924,-2.1587,0.4400,0.9524,-0.3048,0.0000,0.3048,0.9524,0.0000,0.0000,0.0000,1.0000,0.2577,0.2263,0.1400
253,1,22.4010,-2.1584,0.6052,0.9524,-0.3048,0.0000,0.3048,0.9524,0.0000,0.0000,0.0000,1.0000,0.1100,0.2168,0.3052
253,2,22.4549,-2.2390,0.5173,0.9524,-0.3048,0.0000,0.3048,0.9524,0.0000,0.0000,0.0000,1.0000,0.1101,0.3070,0.2173
253,3,22.4224,-2.4141,0.5889,0.9524,-0.3048,0.0000,0.3048,0.9524,0.0000,0.0000,0.0000,1.0000,0.2836,0.2073,0.2889
253,4,22.5207,-2.4944,0.5062,0.9524,-0.3048,0.0000,0.3048,0.9524,0.0000,0.0000,0.0000,1.0000,0.2820,0.2947,0.2062
253,5,22.7220,-2.4151,0.6614,0.9524,-0.3048,0.0000,0.3048,0.9524,0.0000,0.0000,0.0000,1.0000,0.1112,0.2100,0.3614
253,6,22.8165,-2.4249,0.4265,0.9524,-0.3048,0.0000,0.3048,0.9524,0.0000,0.0000,0.0000,1.0000,0.1972,0.1336,0.1265
253,7,22.9228,-2.4501,0.4491,0.9524,-0.3048,0.0000,0.3048,0.9524,0.0000,0.0000,0.0000,1.0000,0.1624,0.1625,0.0548
253,8,22.9621,-2.4173,0.4472,0.9524,-0.3048,0.0000,0.3048,0.9524,0.0000,0.0000,0.0000,1.0000,0.0831,0.2046,0.1050
253,9,23.0111,-2.3634,0.4544,0.9524,-0.3048,0.0000,0.3048,0.9524,0.0000,0.0000,0.0000,1.0000,0.0210,0.0279,0.0569
253,10,23.0347,-2.4338,0.4546,0.9524,-0.3048,0.0000,0.3048,0.9524,0.0000,0.0000,0.0000,1.0000,0.0210,0.0279,0.0569
254,0,23.1063,-2.3922,0.4400,0.9480,-0.3183,0.0000,0.3183,0.9480,0.0000,0.0000,0.0000,1.0000,0.2577,0.2263,0.1400
254,1,23.1149,-2.3920,0.6052,0.9480,-0.3183,0.0000,0.3183,0.9480,0.0000,0.0000,0.0000,1.0000,0.1100,0.2168,0.3052
254,2,23.1677,-2.4733,0.5173,0.9480,-0.3183,0.0000,0.3183,0.9480,0.0000,0.0000,0.0000,1.0000,0.1101,0.3070,0.2173
254,3,23.1327,-2.6479,0.5889,0.9480,-0.3183,0.0000,0.3183,0.9480,0.0000,0.0000,0.0000,1.0000,0.2836,0.2073,0.2889
254,4,23.2298,-2.7296,0.5062,0.9480,-0.3183,0.0000,0.3183,0.9480,0.0000,0.0000,0.0000,1.0000,0.2820,0.2947,0.2062
254,5,23.4323,-2.6533,0.6614,0.9480,-0.3183,0.0000,0.3183,0.9480,0.0000,0.0000,0.0000,1.0000,0.1112,0.2100,0.3614
254,6,23.5266,-2.6644,0.4265,0.9480,-0.3183,0.0000,0.3183,0.9480,0.0000,0.0000,0.0000,1.0000,0.1972,0.1336,0.1265
254,7,23.6325,-2.6911,0.4491,0.9480,-0.3183,0.0000,0.3183,0.9480,0.0000,0.0000,0.0000,1.0000,0.1624,0.1625,0.0548
254,8,23.6723,-2.6588,0.4472,0.9480,-0.3183,0.0000,0.3183,0.9480,0.0000,0.0000,0.0000,1.0000,0.0831,0.2046,0.1050
254,9,23.7221,-2.6056,0.4544,0.9480,-0.3183,0.0000,0.3183,0.9480,0.0000,0.0000,0.0000,1.0000,0.0210,0.0279,0.0569
254,10,23.7446,-2.6764,0.4546,0.9480,-0.3183,0.0000,0.3183,0.9480,0.0000,0.0000,0.0000,1.0000,0.0210,0.0279,0.0569
255,0,23.8237,-2.6377,0.4400,0.9437,-0.3308,0.0000,0.3308,0.9437,0.0000,0.0000,0.0000,1.0000,0.2577,0.2263,0.1400
255,1,23.8323,-2.6377,0.6052,0.9437,-0.3308,0.0000,0.3308,0.9437,0.0000,0.0000,0.0000,1.0000,0.1100,0.2168,0.3052
255,2,23.8839,-2.7197,0.5173,0.9437,-0.3308,0.0000,0.3308,0.9437,0.0000,0.0000,0.0000,1.0000,0.1101,0.3070,0.2173
255,3,23.8466,-2.8939,0.5889,0.9437,-0.3308,0.0000,0.3308,0.9437,0.0000,0.0000,0.0000,1.0000,0.2836,0.2073,0.2889
255,4,23.9427,-2.9768,0.5062,0.9437,-0.3308,0.0000,0.3308,0.9437,0.0000,0.0000,0.0000,1.0000,0.2820,0.2947,0.2062
255,5,24.1461,-2.9032,0.6614,0.9437,-0.3308,0.0000,0.3308,0.9437,0.0000,0.0000,0.0000,1.0000,0.1112,0.2100,0.3614
255,6,24.2403,-2.9155,0.4265,0.9437,-0.3308,0.0000,0.3308,0.9437,0.0000,0.0000,0.0000,1.0000,0.1972,0.1336,0.1265
255,7,24.3459,-2.9436,0.4491,0.9437,-0.3308,0.0000,0.3308,0.9437,0.0000,0.0000,0.0000,1.0000,0.1624,0.1625,0.0548
255,8,24.3860,-2.9119,0.4472,0.9437,-0.3308,0.0000,0.3308,0.9437,0.0000,0.0000,0.0000,1.0000,0.0831,0.2046,0.1050
255,9,24.4366,-2.8594,0.4544,0.9437,-0.3308,0.0000,0.3308,0.9437,0.0000,0.0000,0.0000,1.0000,0.0210,0.0279,0.0569
255,10,24.4582,-2.9304,0.4546,0.9437,-0.3308,0.0000,0.3308,0.9437,0.0000,0.0000,0.0000,1.0000,0.0210,0.0279,0.0569
256,0,-0.0454,-0.0079,0.4400,1.0000,0.0000,0.0000,-0.0000,1.0000,0.0000,0.0000,0.0000,1.0000,0.2577,0.2263,0.1400
256,1,-0.0373,-0.0050,0.6052,1.0000,0.0000,0.0000,-0.0000,1.0000,0.0000,0.0000,0.0000,1.0000,0.1100,0.2168,0.3052
256,2,0.0386,-0.0653,0.5173,1.0000,0.0000,0.0000,-0.0000,1.0000,0.0000,0.0000,0.0000,1.0000,0.1101,0.3070,0.2173
256,3,0.0610,-0.2420,0.5889,1.0000,0.0000,0.0000,-0.0000,1.0000,0.0000,0.0000,0.0000,1.0000,0.2836,0.2073,0.2889
256,4,0.1791,-0.2885,0.5062,1.0000,0.0000,0.0000,-0.0000,1.0000,0.0000,0.0000,0.0000,1.0000,0.2820,0.2947,0.2062
256,5,0.3467,-0.1517,0.6614,1.0000,0.0000,0.0000,-0.0000,1.0000,0.0000,0.0000,0.0000,1.0000,0.1112,0.2100,0.3614
256,6,0.4397,-0.1322,0.4265,1.0000,0.0000,0.0000,-0.0000,1.0000,0.0000,0.0000,0.0000,1.0000,0.1972,0.1336,0.1265
256,7,0.5486,-0.1238,0.4491,1.0000,0.0000,0.0000,-0.0000,1.0000,0.0000,0.0000,0.0000,1.0000,0.1624,0.1625,0.0548
256,8,0.5760,-0.0806,0.4472,1.0000,0.0000,0.0000,-0.0000,1.0000,0.0000,0.0000,0.0000,1.0000,0.0831,0.2046,0.1050
256,9,0.6063,-0.0143,0.4544,1.0000,0.0000,0.0000,-0.0000,1.0000,0.0000,0.0000,0.0000,1.0000,0.0210,0.0279,0.0569
256,10,0.6502,-0.0742,0.4546,1.0000,0.0000,0.0000,-0.0000,1.0000,0.0000,0.0000,0.0000,1.0000,0.0210,0.0279,0.0569
257,0,-0.0462,-0.0079,0.4400,1.0000,0.0000,0.0000,-0.0000,1.0000,0.0000,0.0000,0.0000,1.0000,0.2577,0.2263,0.1400
257,1,-0.0381,-0.0050,0.6052,1.0000,0.0000,0.0000,-0.0000,1.0000,0.0000,0.0000,0.0000,1.0000,0.1100,0.2168,0.3052
257,2,0.0378,-0.0653,0.5173,1.0000,0.0000,0.0000,-0.0000,1.0000,0.0000,0.0000,0.0000,1.0000,0.1101,0.3070,0.2173
257,3,0.0602,-0.2420,0.5889,1.0000,0.0000,0.0000,-0.0000,1.0000,0.0000,0.0000,0.0000,1.0000,0.2836,0.2073,0.2889
257,4,0.1783,-0.2885,0.5062,1.0000,0.0000,0.0000,-0.0000,1.0000,0.0000,0.0000,0.0000,1.0000,0.2820,0.2947,0.2062
257,5,0.3459,-0.1517,0.6614,1.0000,0.0000,0.0000,-0.0000,1.0000,0.0000,0.0000,0.0000,1.0000,0.1112,0.2100,0.3614
257,6,0.4389,-0.1322,0.4265,1.0000,0.0000,0.0000,-0.0000,1.0000,0.0000,0.0000,0.0000,1.0000,0.1972,0.1336,0.1265
257,7,0.5478,-0.1238,0.4491,1.0000,0.0000,0.0000,-0.0000,1.0000,0.0000,0.0000,0.0000,1.0000,0.1624,0.1625,0.0548
257,8,0.5752,-0.0806,0.4472,1.0000,0.0000,0.0000,-0.0000,1.0000,0.0000,0.0000,0.0000,1.0000,0.0831,0.2046,0.1050
257,9,0.6055,-0.0143,0.4544,1.0000,0.0000,0.0000,-0.0000,1.0000,0.0000,0.0000,0.0000,1.0000,0.0210,0.0279,0.0569
257,10,0.6494,-0.0742,0.4546,1.0000,0.0000,0.0000,-0.0000,1.0000,0.0000,0.0000,0.0000,1.0000,0.0210,0.0279,0.0569
258,0,-0.0430,-0.0079,0.4400,1.0000,-0.0000,0.0000,0.0000,1.0000,0.0000,0.0000,0.0000,1.0000,0.2577,0.2263,0.1400
258,1,-0.0349,-0.0050,0.6052,1.0000,-0.0000,0.0000,0.0000,1.0000,0.0000,0.0000,0.0000,1.0000,0.1100,0.2168,0.3052
258,2,0.0410,-0.0653,0.5173,1.0000,-0.0000,0.0000,0.0000,1.0000,0.0000,0.0000,0.0000,1.0000,0.1101,0.3070,0.2173
258,3,0.0634,-0.2420,0.5889,1.0000,-0.0000,0.0000,0.0000,1.0000,0.0000,0.0000,0.0000,1.0000,0.2836,0.2073,0.2889
258,4,0.1815,-0.2885,0.5062,1.0000,-0.0000,0.0000,0.0000,1.0000,0.0000,0.0000,0.0000,1.0000,0.2820,0.2947,0.2062
258,5,0.3491,-0.1517,0.6614,1.0000,-0.0000,0.0000,0.0000,1.0000,0.0000,0.0000,0.0000,1.0000,0.1112,0.2100,0.3614
258,6,0.4421,-0.1322,0.4265,1.0000,-0.0000,0.0000,0.0000,1.0000,0.0000,0.0000,0.0000,1.0000,0.1972,0.1336,0.1265
258,7,0.5510,-0.1238,0.4491,1.0000,-0.0000,0.0000,0.0000,1.0000,0.0000,0.0000,0.0000,1.0000,0.1624,0.1625,0.0548
258,8,0.5784,-0.0806,0.4472,1.0000,-0.0000,0.0000,0.0000,1.0000,0.0000,0.0000,0.0000,1.0000,0.0831,0.2046,0.1050
258,9,0.6087,-0.0143,0.4544,1.0000,-0.0000,0.0000,0.0000,1.0000,0.0000,0.0000,0.0000,1.0000,0.0210,0.0279,0.0569
258,10,0.6526,-0.0742,0.4546,1.0000,-0.0000,0.0000,0.0000,1.0000,0.0000,0.0000,0.0000,1.0000,0.0210,0.0279,0.0569
259,0,-0.0344,-0.0079,0.4400,1.0000,0.0000,0.0000,-0.0000,1.0000,0.0000,0.0000,0.0000,1.0000,0.2577,0.2263,0.1400
259,1,-0.0263,-0.0050,0.6052,1.0000,0.0000,0.0000,-0.0000,1.0000,0.0000,0.0000,0.0000,1.0000,0.1100,0.2168,0.3052
259,2,0.0496,-0.0653,0.5173,1.0000,0.0000,0.0000,-0.0000,1.0000,0.0000,0.0000,0.0000,1.0000,0.1101,0.3070,0.2173
259,3,0.0720,-0.2420,0.5889,1.0000,0.0000,0.0000,-0.0000,1.0000,0.0000,0.0000,0.0000,1.0000,0.2836,0.2073,0.2889
259,4,0.1901,-0.2885,0.5062,1.0000,0.0000,0.0000,-0.0000,1.0000,0.0000,0.0000,0.0000,1.0000,0.2820,0.2947,0.2062
259,5,0.3577,-0.1517,0.6614,1.0000,0.0000,0.0000,-0.0000,1.0000,0.0000,0.0000,0.0000,1.0000,0.1112,0.2100,0.3614
259,6,0.4507,-0.1322,0.4265,1.0000,0.0000,0.0000,-0.0000,1.0000,0.0000,0.0000,0.0000,1.0000,0.1972,0.1336,0.1265
259,7,0.5596,-0.1238,0.4491,1.0000,0.0000,0.0000,-0.0000,1.0000,0.0000,0.0000,0.0000,1.0000,0.1624,0.1625,0.0548
259,8,0.5870,-0.0806,0.4472,1.0000,0.0000,0.0000,-0.0000,1.0000,0.0000,0.0000,0.0000,1.0000,0.0831,0.2046,0.1050
259,9,0.6173,-0.0143,0.4544,1.0000,0.0000,0.0000,-0.0000,1.0000,0.0000,0.0000,0.0000,1.0000,0.0210,0.0279,0.0569
259,10,0.6612,-0.0742,0.4546,1.0000,0.0000,0.0000,-0.0000,1.0000,0.0000,0.0000,0.0000,1.0000,0.0210,0.0279,0.0569
260,0,-0.0189,-0.0079,0.4400,1.0000,-0.0000,0.0000,0.0000,1.0000,0.0000,0.0000,0.0000,1.0000,0.2577,0.2263,0.1400
260,1,-0.0108,-0.0050,0.6052,1.0000,-0.0000,0.0000,0.0000,1.0000,0.0000,0.0000,0.0000,1.0000,0.1100,0.2168,0.3052
260,2,0.0651,-0.0653,0.5173,1.0000,-0.0000,0.0000,0.0000,1.0000,0.0000,0.0000,0.0000,1.0000,0.1101,0.3070,0.2173
260,3,0.0875,-0.2420,0.5889,1.0000,-0.0000,0.0000,0.0000,1.0000,0.0000,0.0000,0.0000,1.0000,0.2836,0.2073,0.2889
260,4,0.2056,-0.2885,0.5062,1.0000,-0.0000,0.0000,0.0000,1.0000,0.0000,0.0000,0.0000,1.0000,0.2820,0.2947,0.2062
260,5,0.3732,-0.1517,0.6614,1.0000,-0.0000,0.0000,0.0000,1.0000,0.0000,0.0000,0.0000,1.0000,0.1112,0.2100,0.3614
260,6,0.4662,-0.1322,0.4265,1.0000,-0.0000,0.0000,0.0000,1.0000,0.0000,0.0000,0.0000,1.0000,0.1972,0.1336,0.1265
260,7,0.5751,-0.1238,0.4491,1.0000,-0.0000,0.0000,0.0000,1.0000,0.0000,0.0000,0.0000,1.0000,0.1624,0.1625,0.0548
260,8,0.6025,-0.0806,0.4472,1.0000,-0.0000,0.0000,0.0000,1.0000,0.0000,0.0000,0.0000,1.0000,0.0831,0.2046,0.1050
260,9,0.6328,-0.0143,0.4544,1.0000,-0.0000,0.0000,0.0000,1.0000,0.0000,0.0000,0.0000,1.0000,0.0210,0.0279,0.0569
260,10,0.6767,-0.0742,0.4546,1.0000,-0.0000,0.0000,0.0000,1.0000,0.0000,0.0000,0.0000,1.0000,0.0210,0.0279,0.0569
261,0,0.0051,-0.0079,0.4400,1.0000,-0.0000,0.0000,0.0000,1.0000,0.0000,0.0000,0.0000,1.0000,0.2577,0.2263,0.1400
261,1,0.0132,-0.0050,0.6052,1.0000,-0.0000,0.0000,0.0000,1.0000,0.0000,0.0000,0.0000,1.0000,0.1100,0.2168,0.3052
261,2,0.0891,-0.0653,0.5173,1.0000,-0.0000,0.0000,0.0000,1.0000,0.0000,0.0000,0.0000,1.0000,0.1101,0.3070,0.2173
261,3,0.1115,-0.2420,0.5889,1.0000,-0.0000,0.0000,0.0000,1.0000,0.0000,0.0000,0.0000,1.0000,0.2836,0.2073,0.2889
261,4,0.2296,-0.2885,0.5062,1.0000,-0.0000,0.0000,0.0000,1.0000,0.0000,0.0000,0.0000,1.0000,0.2820,0.2947,0.2062
261,5,0.3972,-0.1517,0.6614,1.0000,-0.0000,0.0000,0.0000,1.0000,0.0000,0.0000,0.0000,1.0000,0.1112,0.2100,0.3614
261,6,0.4902,-0.1322,0.4265,1.0000,-0.0000,0.0000,0.0000,1.0000,0.0000,0.0000,0.0000,1.0000,0.1972,0.1336,0.1265
261,7,0.5991,-0.1238,0.4491,1.0000,-0.0000,0.0000,0.0000,1.0000,0.0000,0.0000,0.0000,1.0000,0.1624,0.1625,0.0548
261,8,0.6265,-0.0806,0.4472,1.0000,-0.0000,0.0000,0.0000,1.0000,0.0000,0.0000,0.0000,1.0000,0.0831,0.2046,0.1050
261,9,0.6568,-0.0143,0.4544,1.0000,-0.0000,0.0000,0.0000,1.0000,0.0000,0.0000,0.0000,1.0000,0.0210,0.0279,0.0569
261,10,0.7007,-0.0742,0.4546,1.0000,-0.0000,0.0000,0.0000,1.0000,0.0000,0.0000,0.0000,1.0000,0.0210,0.0279,0.0569
262,0,0.0394,-0.0079,0.4400,1.0000,-0.0000,0.0000,0.0000,1.0000,0.0000,0.0000,0.0000,1.0000,0.2577,0.2263,0.1400
262,1,0.0475,-0.0050,0.6052,1.0000,-0.0000,0.0000,0.0000,1.0000,0.0000,0.0000,0.0000,1.0000,0.1100,0.2168,0.3052
262,2,0.1234,-0.0653,0.5173,1.0000,-0.0000,0.0000,0.0000,1.0000,0.0000,0.0000,0.0000,1.0000,0.1101,0.3070,0.2173
262,3,0.1457,-0.2420,0.5889,1.0000,-0.0000,0.0000,0.0000,1.0000,0.0000,0.0000,0.0000,1.0000,0.2836,0.2073,0.2889
262,4,0.2638,-0.2885,0.5062,1.0000,-0.0000,0.0000,0.0000,1.0000,0.0000,0.0000,0.0000,1.0000,0.2820,0.2947,0.2062
262,5,0.4315,-0.1517,0.6614,1.0000,-0.0000,0.0000,0.0000,1.0000,0.0000,0.0000,0.0000,1.0000,0.1112,0.2100,0.3614
262,6,0.5245,-0.1322,0.4265,1.0000,-0.0000,0.0000,0.0000,1.0000,0.0000,0.0000,0.0000,1.0000,0.1972,0.1336,0.1265
262,7,0.6334,-0.1238,0.4491,1.0000,-0.0000,0.0000,0.0000,1.0000,0.0000,0.0000,0.0000,1.0000,0.1624,0.1625,0.0548
262,8,0.6608,-0.0806,0.4472,1.0000,-0.0000,0.0000,0.0000,1.0000,0.0000,0.0000,0.0000,1.0000,0.0831,0.2046,0.1050
262,9,0.6911,-0.0143,0.4544,1.0000,-0.0000,0.0000,0.0000,1.0000,0.0000,0.0000,0.0000,1.0000,0.0210,0.0279,0.0569
262,10,0.7350,-0.0742,0.4546,1.0000,-0.0000,0.0000,0.0000,1.0000,0.0000,0.0000,0.0000,1.0000,0.0210,0.0279,0.0569
263,0,0.0849,-0.0079,0.4400,1.0000,-0.0000,0.0000,0.0000,1.0000,0.0000,0.0000,0.0000,1.0000,0.2577,0.2263,0.1400
263,1,0.0930,-0.0050,0.6052,1.0000,-0.0000,0.0000,0.0000,1.0000,0.0000,0.0000,0.0000,1.0000,0.1100,0.2168,0.3052
263,2,0.1689,-0.0653,0.5173,1.0000,-0.0000,0.0000,0.0000,1.0000,0.0000,0.0000,0.0000,1.0000,0.1101,0.3070,0.2173
263,3,0.1913,-0.2420,0.5889,1.0000,-0.0000,0.0000,0.0000,1.0000,0.0000,0.0000,0.0000,1.0000,0.2836,0.2073,0.2889
263,4,0.3094,-0.2885,0.5062,1.0000,-0.0000,0.0000,0.0000,1.0000,0.0000,0.0000,0.0000,1.0000,0.2820,0.2947,0.2062
263,5,0.4770,-0.1517,0.6614,1.0000,-0.0000,0.0000,0.0000,1.0000,0.0000,0.0000,0.0000,1.0000,0.1112,0.2100,0.3614
263,6,0.5700,-0.1322,0.4265,1.0000,-0.0000,0.0000,0.0000,1.0000,0.0000,0.0000,0.0000,1.0000,0.1972,0.1336,0.1265
263,7,0.6789,-0.1238,0.4491,1.0000,-0.0000,0.0000,0.0000,1.0000,0.0000,0.0000,0.0000,1.0000,0.1624,0.1625,0.0548
263,8,0.7063,-0.0806,0.4472,1.0000,-0.0000,0.0000,0.0000,1.0000,0.0000,0.0000,0.0000,1.0000,0.0831,0.2046,0.1050
263,9,0.7366,-0.0143,0.4544,1.0000,-0.0000,0.0000,0.0000,1.0000,0.0000,0.0000,0.0000,1.0000,0.0210,0.0279,0.0569
263,10,0.7805,-0.0742,0.4546,1.0000,-0.0000,0.0000,0.0000,1.0000,0.0000,0.0000,0.0000,1.0000,0.0210,0.0279,0.0569
264,0,0.1431,-0.0079,0.4400,1.0000,-0.0000,0.0000,0.0000,1.0000,0.0000,0.0000,0.0000,1.0000,0.2577,0.2263,0.1400
264,1,0.1512,-0.0050,0.6052,1.0000,-0.0000,0.0000,0.0000,1.0000,0.0000,0.0000,0.0000,1.0000,0.1100,0.2168,0.3052
264,2,0.2271,-0.0653,0.5173,1.0000,-0.0000,0.0000,0.0000,1.0000,0.0000,0.0000,0.0000,1.0000,0.1101,0.3070,0.2173
264,3,0.2494,-0.2420,0.5889,1.0000,-0.0000,0.0000,0.0000,1.0000,0.0000,0.0000,0.0000,1.0000,0.2836,0.2073,0.2889
264,4,0.3675,-0.2885,0.5062,1.0000,-0.0000,0.0000,0.0000,1.0000,0.0000,0.0000,0.0000,1.0000,0.2820,0.2947,0.2062
264,5,0.5351,-0.1517,0.6614,1.0000,-0.0000,0.0000,0.0000,1.0000,0.0000,0.0000,0.0000,1.0000,0.1112,0.2100,0.3614
264,6,0.6281,-0.1322,0.4265,1.0000,-0.0000,0.0000,0.0000,1.0000,0.0000,0.0000,0.0000,1.0000,0.1972,0.1336,0.1265
264,7,0.7370,-0.1238,0.4491,1.0000,-0.0000,0.0000,0.0000,1.0000,0.0000,0.0000,0.0000,1.0000,0.1624,0.1625,0.0548
264,8,0.7645,-0.0806,0.4472,1.0000,-0.0000,0.0000,0.0000,1.0000,0.0000,0.0000,0.0000,1.0000,0.0831,0.2046,0.1050
264,9,0.7948,-0.0143,0.4544,1.0000,-0.0000,0.0000,0.0000,1.0000,0.0000,0.0000,0.0000,1.0000,0.0210,0.0279,0.0569
264,10,0.8387,-0.0742,0.4546,1.0000,-0.0000,0.0000,0.0000,1.0000,0.0000,0.0000,0.0000,1.0000,0.0210,0.0279,0.0569
265,0,0.2152,-0.0079,0.4400,1.0000,-0.0001,0.0000,0.0001,1.0000,0.0000,0.0000,0.0000,1.0000,0.2577,0.2263,0.1400
265,1,0.2233,-0.0050,0.6052,1.0000,-0.0001,0.0000,0.0001,1.0000,0.0000,0.0000,0.0000,1.0000,0.1100,0.2168,0.3052
265,2,0.2992,-0.0653,0.5173,1.0000,-0.0001,0.0000,0.0001,1.0000,0.0000,0.0000,0.0000,1.0000,0.1101,0.3070,0.2173
265,3,0.3216,-0.2420,0.5889,1.0000,-0.0001,0.0000,0.0001,1.0000,0.0000,0.0000,0.0000,1.0000,0.2836,0.2073,0.2889
265,4,0.4397,-0.2885,0.5062,1.0000,-0.0001,0.0000,0.0001,1.0000,0.0000,0.0000,0.0000,1.0000,0.2820,0.2947,0.2062
265,5,0.6073,-0.1517,0.6614,1.0000,-0.0001,0.0000,0.0001,1.0000,0.0000,0.0000,0.0000,1.0000,0.1112,0.2100,0.3614
265,6,0.7003,-0.1323,0.4265,1.0000,-0.0001,0.0000,0.0001,1.0000,0.0000,0.0000,0.0000,1.0000,0.1972,0.1336,0.1265
265,7,0.8092,-0.1239,0.4491,1.0000,-0.0001,0.0000,0.0001,1.0000,0.0000,0.0000,0.0000,1.0000,0.1624,0.1625,0.0548
265,8,0.8366,-0.0807,0.4472,1.0000,-0.0001,0.0000,0.0001,1.0000,0.0000,0.0000,0.0000,1.0000,0.0831,0.2046,0.1050
265,9,0.8669,-0.0144,0.4544,1.0000,-0.0001,0.0000,0.0001,1.0000,0.0000,0.0000,0.0000,1.0000,0.0210,0.0279,0.0569
265,10,0.9108,-0.0743,0.4546,1.0000,-0.0001,0.0000,0.0001,1.0000,0.0000,0.0000,0.0000,1.0000,0.0210,0.0279,0.0569
266,0,0.3028,-0.0079,0.4400,1.0000,-0.0001,0.0000,0.0001,1.0000,0.0000,0.0000,0.0000,1.0000,0.2577,0.2263,0.1400
266,1,0.3109,-0.0050,0.6052,1.0000,-0.0001,0.0000,0.0001,1.0000,0.0000,0.0000,0.0000,1.0000,0.1100,0.2168,0.3052
266,2,0.3868,-0.0653,0.5173,1.0000,-0.0001,0.0000,0.0001,1.0000,0.0000,0.0000,0.0000,1.0000,0.1101,0.3070,0.2173
266,3,0.4091,-0.2420,0.5889,1.0000,-0.0001,0.0000,0.0001,1.0000,0.0000,0.0000,0.0000,1.0000,0.2836,0.2073,0.2889
266,4,0.5272,-0.2885,0.5062,1.0000,-0.0001,0.0000,0.0001,1.0000,0.0000,0.0000,0.0000,1.0000,0.2820,0.2947,0.2062
266,5,0.6949,-0.1518,0.6614,1.0000,-0.0001,0.0000,0.0001,1.0000,0.0000,0.0000,0.0000,1.0000,0.1112,0.2100,0.3614
266,6,0.7879,-0.1323,0.4265,1.0000,-0.0001,0.0000,0.0001,1.0000,0.0000,0.0000,0.0000,1.0000,0.1972,0.1336,0.1265
266,7,0.8968,-0.1239,0.4491,1.0000,-0.0001,0.0000,0.0001,1.0000,0.0000,0.0000,0.0000,1.0000,0.1624,0.1625,0.0548
266,8,0.9242,-0.0807,0.4472,1.0000,-0.0001,0.0000,0.0001,1.0000,0.0000,0.0000,0.0000,1.0000,0.0831,0.2046,0.1050
266,9,0.9545,-0.0144,0.4544,1.0000,-0.0001,0.0000,0.0001,1.0000,0.0000,0.0000,0.0000,1.0000,0.0210,0.0279,0.0569
266,10,0.9984,-0.0743,0.4546,1.0000,-0.0001,0.0000,0.0001,1.0000,0.0000,0.0000,0.0000,1.0000,0.0210,0.0279,0.0569
267,0,0.4073,-0.0079,0.4400,1.0000,-0.0003,0.0000,0.0003,1.0000,0.0000,0.0000,0.0000,1.0000,0.2577,0.2263,0.1400
267,1,0.4154,-0.0050,0.6052,1.0000,-0.0003,0.0000,0.0003,1.0000,0.0000,0.0000,0.0000,1.0000,0.1100,0.2168,0.3052
267,2,0.4913,-0.0654,0.5173,1.0000,-0.0003,0.0000,0.0003,1.0000,0.0000,0.0000,0.0000,1.0000,0.1101,0.3070,0.2173
267,3,0.5137,-0.2421,0.5889,1.0000,-0.0003,0.0000,0.0003,1.0000,0.0000,0.0000,0.0000,1.0000,0.2836,0.2073,0.2889
267,4,0.6317,-0.2886,0.5062,1.0000,-0.0003,0.0000,0.0003,1.0000,0.0000,0.0000,0.0000,1.0000,0.2820,0.2947,0.2062
267,5,0.7994,-0.1518,0.6614,1.0000,-0.0003,0.0000,0.0003,1.0000,0.0000,0.0000,0.0000,1.0000,0.1112,0.2100,0.3614
267,6,0.8924,-0.1324,0.4265,1.0000,-0.0003,0.0000,0.0003,1.0000,0.0000,0.0000,0.0000,1.0000,0.1972,0.1336,0.1265
267,7,1.0013,-0.1240,0.4491,1.0000,-0.0003,0.0000,0.0003,1.0000,0.0000,0.0000,0.0000,1.0000,0.1624,0.1625,0.0548
267,8,1.0287,-0.0808,0.4472,1.0000,-0.0003,0.0000,0.0003,1.0000,0.0000,0.0000,0.0000,1.0000,0.0831,0.2046,0.1050
267,9,1.0590,-0.0145,0.4544,1.0000,-0.0003,0.0000,0.0003,1.0000,0.0000,0.0000,0.0000,1.0000,0.0210,0.0279,0.0569
267,10,1.1029,-0.0744,0.4546,1.0000,-0.0003,0.0000,0.0003,1.0000,0.0000,0.0000,0.0000,1.0000,0.0210,0.0279,0.0569
268,0,0.5300,-0.0080,0.4400,1.0000,-0.0003,0.0000,0.0003,1.0000,0.0000,0.0000,0.0000,1.0000,0.2577,0.2263,0.1400
268,1,0.5381,-0.0051,0.6052,1.0000,-0.0003,0.0000,0.0003,1.0000,0.0000,0.0000,0.0000,1.0000,0.1100,0.2168,0.3052
268,2,0.6140,-0.0654,0.5173,1.0000,-0.0003,0.0000,0.0003,1.0000,0.0000,0.0000,0.0000,1.0000,0.1101,0.3070,0.2173
268,3,0.6364,-0.2421,0.5889,1.0000,-0.0003,0.0000,0.0003,1.0000,0.0000,0.0000,0.0000,1.0000,0.2836,0.2073,0.2889
268,4,0.7545,-0.2886,0.5062,1.0000,-0.0003,0.0000,0.0003,1.0000,0.0000,0.0000,0.0000,1.0000,0.2820,0.2947,0.2062
268,5,0.9221,-0.1519,0.6614,1.0000,-0.0003,0.0000,0.0003,1.0000,0.0000,0.0000,0.0000,1.0000,0.1112,0.2100,0.3614
268,6,1.0151,-0.1324,0.4265,1.0000,-0.0003,0.0000,0.0003,1.0000,0.0000,0.0000,0.0000,1.0000,0.1972,0.1336,0.1265
268,7,1.1240,-0.1240,0.4491,1.0000,-0.0003,0.0000,0.0003,1.0000,0.0000,0.0000,0.0000,1.0000,0.1624,0.1625,0.0548
268,8,1.1514,-0.0808,0.4472,1.0000,-0.0003,0.0000,0.0003,1.0000,0.0000,0.0000,0.0000,1.0000,0.0831,0.2046,0.1050
268,9,1.1817,-0.0145,0.4544,1.0000,-0.0003,0.0000,0.0003,1.0000,0.0000,0.0000,0.0000,1.0000,0.0210,0.0279,0.0569
268,10,1.2256,-0.0744,0.4546,1.0000,-0.0003,0.0000,0.0003,1.0000,0.0000,0.0000,0.0000,1.0000,0.0210,0.0279,0.0569
269,0,0.6720,-0.0080,0.4400,1.0000,-0.0003,0.0000,0.0003,1.0000,0.0000,0.0000,0.0000,1.0000,0.2577,0.2263,0.1400
269,1,0.6801,-0.0051,0.6052,1.0000,-0.0003,0.0000,0.0003,1.0000,0.0000,0.0000,0.0000,1.0000,0.1100,0.2168,0.3052
269,2,0.7559,-0.0654,0.5173,1.0000,-0.0003,0.0000,0.0003,1.0000,0.0000,0.0000,0.0000,1.0000,0.1101,0.3070,0.2173
269,3,0.7783,-0.2421,0.5889,1.0000,-0.0003,0.0000,0.0003,1.0000,0.0000,0.0000,0.0000,1.0000,0.2836,0.2073,0.2889
269,4,0.8964,-0.2887,0.5062,1.0000,-0.0003,0.0000,0.0003,1.0000,0.0000,0.0000,0.0000,1.0000,0.2820,0.2947,0.2062
269,5,1.0640,-0.1519,0.6614,1.0000,-0.0003,0.0000,0.0003,1.0000,0.0000,0.0000,0.0000,1.0000,0.1112,0.2100,0.3614
269,6,1.1570,-0.1324,0.4265,1.0000,-0.0003,0.0000,0.0003,1.0000,0.0000,0.0000,0.0000,1.0000,0.1972,0.1336,0.1265
269,7,1.2659,-0.1241,0.4491,1.0000,-0.0003,0.0000,0.0003,1.0000,0.0000,0.0000,0.0000,1.0000,0.1624,0.1625,0.0548
269,8,1.2933,-0.0809,0.4472,1.0000,-0.0003,0.0000,0.0003,1.0000,0.0000,0.0000,0.0000,1.0000,0.0831,0.2046,0.1050
269,9,1.3237,-0.0146,0.4544,1.0000,-0.0003,0.0000,0.0003,1.0000,0.0000,0.0000,0.0000,1.0000,0.0210,0.0279,0.0569
269,10,1.3675,-0.0745,0.4546,1.0000,-0.0003,0.0000,0.0003,1.0000,0.0000,0.0000,0.0000,1.0000,0.0210,0.0279,0.0569
270,0,0.8336,-0.0081,0.4400,1.0000,-0.0004,0.0000,0.0004,1.0000,0.0000,0.0000,0.0000,1.0000,0.2577,0.2263,0.1400
270,1,0.8417,-0.0052,0.6052,1.0000,-0.0004,0.0000,0.0004,1.0000,0.0000,0.0000,0.0000,1.0000,0.1100,0.2168,0.3052
270,2,0.9176,-0.0655,0.5173,1.0000,-0.0004,0.0000,0.0004,1.0000,0.0000,0.0000,0.0000,1.0000,0.1101,0.3070,0.2173
270,3,0.9399,-0.2422,0.5889,1.0000,-0.0004,0.0000,0.0004,1.0000,0.0000,0.0000,0.0000,1.0000,0.2836,0.2073,0.2889
270,4,1.0580,-0.2888,0.5062,1.0000,-0.0004,0.0000,0.0004,1.0000,0.0000,0.0000,0.0000,1.0000,0.2820,0.2947,0.2062
270,5,1.2257,-0.1520,0.6614,1.0000,-0.0004,0.0000,0.0004,1.0000,0.0000,0.0000,0.0000,1.0000,0.1112,0.2100,0.3614
270,6,1.3187,-0.1326,0.4265,1.0000,-0.0004,0.0000,0.0004,1.0000,0.0000,0.0000,0.0000,1.0000,0.1972,0.1336,0.1265
270,7,1.4276,-0.1242,0.4491,1.0000,-0.0004,0.0000,0.0004,1.0000,0.0000,0.0000,0.0000,1.0000,0.1624,0.1625,0.0548
270,8,1.4550,-0.0810,0.4472,1.0000,-0.0004,0.0000,0.0004,1.0000,0.0000,0.0000,0.0000,1.0000,0.0831,0.2046,0.1050
270,9,1.4853,-0.0147,0.4544,1.0000,-0.0004,0.0000,0.0004,1.0000,0.0000,0.0000,0.0000,1.0000,0.0210,0.0279,0.0569
270,10,1.5292,-0.0747,0.4546,1.0000,-0.0004,0.0000,0.0004,1.0000,0.0000,0.0000,0.0000,1.0000,0.0210,0.0279,0.0569
271,0,1.0153,-0.0082,0.4400,1.0000,-0.0008,0.0000,0.0008,1.0000,0.0000,0.0000,0.0000,1.0000,0.2577,0.2263,0.1400
271,1,1.0234,-0.0053,0.6052,1.0000,-0.0008,0.0000,0.0008,1.0000,0.0000,0.0000,0.0000,1.0000,0.1100,0.2168,0.3052
271,2,1.0993,-0.0656,0.5173,1.0000,-0.0008,0.0000,0.0008,1.0000,0.0000,0.0000,0.0000,1.0000,0.1101,0.3070,0.2173
271,3,1.1215,-0.2423,0.5889,1.0000,-0.0008,0.0000,0.0008,1.0000,0.0000,0.0000,0.0000,1.0000,0.2836,0.2073,0.2889
271,4,1.2396,-0.2889,0.5062,1.0000,-0.0008,0.0000,0.0008,1.0000,0.0000,0.0000,0.0000,1.0000,0.2820,0.2947,0.2062
271,5,1.4073,-0.1522,0.6614,1.0000,-0.0008,0.0000,0.0008,1.0000,0.0000,0.0000,0.0000,1.0000,0.1112,0.2100,0.3614
271,6,1.5003,-0.1328,0.4265,1.0000,-0.0008,0.0000,0.0008,1.0000,0.0000,0.0000,0.0000,1.0000,0.1972,0.1336,0.1265
271,7,1.6092,-0.1245,0.4491,1.0000,-0.0008,0.0000,0.0008,1.0000,0.0000,0.0000,0.0000,1.0000,0.1624,0.1625,0.0548
271,8,1.6366,-0.0813,0.4472,1.0000,-0.0008,0.0000,0.0008,1.0000,0.0000,0.0000,0.0000,1.0000,0.0831,0.2046,0.1050
271,9,1.6670,-0.0150,0.4544,1.0000,-0.0008,0.0000,0.0008,1.0000,0.0000,0.0000,0.0000,1.0000,0.0210,0.0279,0.0569
271,10,1.7108,-0.0750,0.4546,1.0000,-0.0008,0.0000,0.0008,1.0000,0.0000,0.0000,0.0000,1.0000,0.0210,0.0279,0.0569
272,0,1.2171,-0.0083,0.4400,1.0000,-0.0009,0.0000,0.0009,1.0000,0.0000,0.0000,0.0000,1.0000,0.2577,0.2263,0.1400
272,1,1.2252,-0.0054,0.6052,1.0000,-0.0009,0.0000,0.0009,1.0000,0.0000,0.0000,0.0000,1.0000,0.1100,0.2168,0.3052
272,2,1.3010,-0.0658,0.5173,1.0000,-0.0009,0.0000,0.0009,1.0000,0.0000,0.0000,0.0000,1.0000,0.1101,0.3070,0.2173
272,3,1.3233,-0.2425,0.5889,1.0000,-0.0009,0.0000,0.0009,1.0000,0.0000,0.0000,0.0000,1.0000,0.2836,0.2073,0.2889
272,4,1.4413,-0.2891,0.5062,1.0000,-0.0009,0.0000,0.0009,1.0000,0.0000,0.0000,0.0000,1.0000,0.2820,0.2947,0.2062
272,5,1.6091,-0.1525,0.6614,1.0000,-0.0009,0.0000,0.0009,1.0000,0.0000,0.0000,0.0000,1.0000,0.1112,0.2100,0.3614
272,6,1.7021,-0.1331,0.4265,1.0000,-0.0009,0.0000,0.0009,1.0000,0.0000,0.0000,0.0000,1.0000,0.1972,0.1336,0.1265
272,7,1.8110,-0.1248,0.4491,1.0000,-0.0009,0.0000,0.0009,1.0000,0.0000,0.0000,0.0000,1.0000,0.1624,0.1625,0.0548
272,8,1.8384,-0.0816,0.4472,1.0000,-0.0009,0.0000,0.0009,1.0000,0.0000,0.0000,0.0000,1.0000,0.0831,0.2046,0.1050
272,9,1.8688,-0.0153,0.4544,1.0000,-0.0009,0.0000,0.0009,1.0000,0.0000,0.0000,0.0000,1.0000,0.0210,0.0279,0.0569
272,10,1.9126,-0.0753,0.4546,1.0000,-0.0009,0.0000,0.0009,1.0000,0.0000,0.0000,0.0000,1.0000,0.0210,0.0279,0.0569
273,0,1.4388,-0.0085,0.4400,1.0000,-0.0012,0.0000,0.0012,1.0000,0.0000,0.0000,0.0000,1.0000,0.2577,0.2263,0.1400
273,1,1.4469,-0.0057,0.6052,1.0000,-0.0012,0.0000,0.0012,1.0000,0.0000,0.0000,0.0000,1.0000,0.1100,0.2168,0.3052
273,2,1.5227,-0.0660,0.5173,1.0000,-0.0012,0.0000,0.0012,1.0000,0.0000,0.0000,0.0000,1.0000,0.1101,0.3070,0.2173
273,3,1.5449,-0.2428,0.5889,1.0000,-0.0012,0.0000,0.0012,1.0000,0.0000,0.0000,0.0000,1.0000,0.2836,0.2073,0.2889
273,4,1.6630,-0.2894,0.5062,1.0000,-0.0012,0.0000,0.0012,1.0000,0.0000,0.0000,0.0000,1.0000,0.2820,0.2947,0.2062
273,5,1.8307,-0.1528,0.6614,1.0000,-0.0012,0.0000,0.0012,1.0000,0.0000,0.0000,0.0000,1.0000,0.1112,0.2100,0.3614
273,6,1.9237,-0.1334,0.4265,1.0000,-0.0012,0.0000,0.0012,1.0000,0.0000,0.0000,0.0000,1.0000,0.1972,0.1336,0.1265
273,7,2.0327,-0.1252,0.4491,1.0000,-0.0012,0.0000,0.0012,1.0000,0.0000,0.0000,0.0000,1.0000,0.1624,0.1625,0.0548
273,8,2.0601,-0.0820,0.4472,1.0000,-0.0012,0.0000,0.0012,1.0000,0.0000,0.0000,0.0000,1.0000,0.0831,0.2046,0.1050
273,9,2.0905,-0.0157,0.4544,1.0000,-0.0012,0.0000,0.0012,1.0000,0.0000,0.0000,0.0000,1.0000,0.0210,0.0279,0.0569
273,10,2.1343,-0.0757,0.4546,1.0000,-0.0012,0.0000,0.0012,1.0000,0.0000,0.0000,0.0000,1.0000,0.0210,0.0279,0.0569
274,0,1.6799,-0.0089,0.4400,1.0000,-0.0017,0.0000,0.0017,1.0000,0.0000,0.0000,0.0000,1.0000,0.2577,0.2263,0.1400
274,1,1.6880,-0.0060,0.6052,1.0000,-0.0017,0.0000,0.0017,1.0000,0.0000,0.0000,0.0000,1.0000,0.1100,0.2168,0.3052
274,2,1.7638,-0.0664,0.5173,1.0000,-0.0017,0.0000,0.0017,1.0000,0.0000,0.0000,0.0000,1.0000,0.1101,0.3070,0.2173
274,3,1.7859,-0.2432,0.5889,1.0000,-0.0017,0.0000,0.0017,1.0000,0.0000,0.0000,0.0000,1.0000,0.2836,0.2073,0.2889
274,4,1.9040,-0.2898,0.5062,1.0000,-0.0017,0.0000,0.0017,1.0000,0.0000,0.0000,0.0000,1.0000,0.2820,0.2947,0.2062
274,5,2.0718,-0.1533,0.6614,1.0000,-0.0017,0.0000,0.0017,1.0000,0.0000,0.0000,0.0000,1.0000,0.1112,0.2100,0.3614
274,6,2.1648,-0.1340,0.4265,1.0000,-0.0017,0.0000,0.0017,1.0000,0.0000,0.0000,0.0000,1.0000,0.1972,0.1336,0.1265
274,7,2.2737,-0.1258,0.4491,1.0000,-0.0017,0.0000,0.0017,1.0000,0.0000,0.0000,0.0000,1.0000,0.1624,0.1625,0.0548
274,8,2.3012,-0.0826,0.4472,1.0000,-0.0017,0.0000,0.0017,1.0000,0.0000,0.0000,0.0000,1.0000,0.0831,0.2046,0.1050
274,9,2.3316,-0.0164,0.4544,1.0000,-0.0017,0.0000,0.0017,1.0000,0.0000,0.0000,0.0000,1.0000,0.0210,0.0279,0.0569
274,10,2.3754,-0.0763,0.4546,1.0000,-0.0017,0.0000,0.0017,1.0000,0.0000,0.0000,0.0000,1.0000,0.0210,0.0279,0.0569
275,0,1.9399,-0.0094,0.4400,1.0000,-0.0023,0.0000,0.0023,1.0000,0.0000,0.0000,0.0000,1.0000,0.2577,0.2263,0.1400
275,1,1.9480,-0.0065,0.6052,1.0000,-0.0023,0.0000,0.0023,1.0000,0.0000,0.0000,0.0000,1.0000,0.1100,0.2168,0.3052
275,2,2.0238,-0.0669,0.5173,1.0000,-0.0023,0.0000,0.0023,1.0000,0.0000,0.0000,0.0000,1.0000,0.1101,0.3070,0.2173
275,3,2.0458,-0.2437,0.5889,1.0000,-0.0023,0.0000,0.0023,1.0000,0.0000,0.0000,0.0000,1.0000,0.2836,0.2073,0.2889
275,4,2.1638,-0.2905,0.5062,1.0000,-0.0023,0.0000,0.0023,1.0000,0.0000,0.0000,0.0000,1.0000,0.2820,0.2947,0.2062
275,5,2.3317,-0.1540,0.6614,1.0000,-0.0023,0.0000,0.0023,1.0000,0.0000,0.0000,0.0000,1.0000,0.1112,0.2100,0.3614
275,6,2.4247,-0.1348,0.4265,1.0000,-0.0023,0.0000,0.0023,1.0000,0.0000,0.0000,0.0000,1.0000,0.1972,0.1336,0.1265
275,7,2.5336,-0.1266,0.4491,1.0000,-0.0023,0.0000,0.0023,1.0000,0.0000,0.0000,0.0000,1.0000,0.1624,0.1625,0.0548
275,8,2.5611,-0.0835,0.4472,1.0000,-0.0023,0.0000,0.0023,1.0000,0.0000,0.0000,0.0000,1.0000,0.0831,0.2046,0.1050
275,9,2.5916,-0.0172,0.4544,1.0000,-0.0023,0.0000,0.0023,1.0000,0.0000,0.0000,0.0000,1.0000,0.0210,0.0279,0.0569
275,10,2.6354,-0.0772,0.4546,1.0000,-0.0023,0.0000,0.0023,1.0000,0.0000,0.0000,0.0000,1.0000,0.0210,0.0279,0.0569
276,0,2.2182,-0.0101,0.4400,1.0000,-0.0030,0.0000,0.0030,1.0000,0.0000,0.0000,0.0000,1.0000,0.2577,0.2263,0.1400
276,1,2.2263,-0.0072,0.6052,1.0000,-0.0030,0.0000,0.0030,1.0000,0.0000,0.0000,0.0000,1.0000,0.1100,0.2168,0.3052
276,2,2.3020,-0.0677,0.5173,1.0000,-0.0030,0.0000,0.0030,1.0000,0.0000,0.0000,0.0000,1.0000,0.1101,0.3070,0.2173
276,3,2.3239,-0.2445,0.5889,1.0000,-0.0030,0.0000,0.0030,1.0000,0.0000,0.0000,0.0000,1.0000,0.2836,0.2073,0.2889
276,4,2.4418,-0.2913,0.5062,1.0000,-0.0030,0.0000,0.0030,1.0000,0.0000,0.0000,0.0000,1.0000,0.2820,0.2947,0.2062
276,5,2.6098,-0.1550,0.6614,1.0000,-0.0030,0.0000,0.0030,1.0000,0.0000,0.0000,0.0000,1.0000,0.1112,0.2100,0.3614
276,6,2.7029,-0.1358,0.4265,1.0000,-0.0030,0.0000,0.0030,1.0000,0.0000,0.0000,0.0000,1.0000,0.1972,0.1336,0.1265
276,7,2.8118,-0.1277,0.4491,1.0000,-0.0030,0.0000,0.0030,1.0000,0.0000,0.0000,0.0000,1.0000,0.1624,0.1625,0.0548
276,8,2.8393,-0.0846,0.4472,1.0000,-0.0030,0.0000,0.0030,1.0000,0.0000,0.0000,0.0000,1.0000,0.0831,0.2046,0.1050
276,9,2.8698,-0.0184,0.4544,1.0000,-0.0030,0.0000,0.0030,1.0000,0.0000,0.0000,0.0000,1.0000,0.0210,0.0279,0.0569
276,10,2.9136,-0.0784,0.4546,1.0000,-0.0030,0.0000,0.0030,1.0000,0.0000,0.0000,0.0000,1.0000,0.0210,0.0279,0.0569
277,0,2.5140,-0.0110,0.4400,1.0000,-0.0039,0.0000,0.0039,1.0000,0.0000,0.0000,0.0000,1.0000,0.2577,0.2263,0.1400
277,1,2.5221,-0.0082,0.6052,1.0000,-0.0039,0.0000,0.0039,1.0000,0.0000,0.0000,0.0000,1.0000,0.1100,0.2168,0.3052
277,2,2.5978,-0.0688,0.5173,1.0000,-0.0039,0.0000,0.0039,1.0000,0.0000,0.0000,0.0000,1.0000,0.1101,0.3070,0.2173
277,3,2.6195,-0.2455,0.5889,1.0000,-0.0039,0.0000,0.0039,1.0000,0.0000,0.0000,0.0000,1.0000,0.2836,0.2073,0.2889
277,4,2.7375,-0.2925,0.5062,1.0000,-0.0039,0.0000,0.0039,1.0000,0.0000,0.0000,0.0000,1.0000,0.2820,0.2947,0.2062
277,5,2.9056,-0.1563,0.6614,1.0000,-0.0039,0.0000,0.0039,1.0000,0.0000,0.0000,0.0000,1.0000,0.1112,0.2100,0.3614
277,6,2.9987,-0.1372,0.4265,1.0000,-0.0039,0.0000,0.0039,1.0000,0.0000,0.0000,0.0000,1.0000,0.1972,0.1336,0.1265
277,7,3.1076,-0.1292,0.4491,1.0000,-0.0039,0.0000,0.0039,1.0000,0.0000,0.0000,0.0000,1.0000,0.1624,0.1625,0.0548
277,8,3.1352,-0.0861,0.4472,1.0000,-0.0039,0.0000,0.0039,1.0000,0.0000,0.0000,0.0000,1.0000,0.0831,0.2046,0.1050
277,9,3.1657,-0.0199,0.4544,1.0000,-0.0039,0.0000,0.0039,1.0000,0.0000,0.0000,0.0000,1.0000,0.0210,0.0279,0.0569
277,10,3.2094,-0.0800,0.4546,1.0000,-0.0039,0.0000,0.0039,1.0000,0.0000,0.0000,0.0000,1.0000,0.0210,0.0279,0.0569
278,0,2.8270,-0.0123,0.4400,1.0000,-0.0047,0.0000,0.0047,1.0000,0.0000,0.0000,0.0000,1.0000,0.2577,0.2263,0.1400
278,1,2.8351,-0.0095,0.6052,1.0000,-0.0047,0.0000,0.0047,1.0000,0.0000,0.0000,0.0000,1.0000,0.1100,0.2168,0.3052
278,2,2.9107,-0.0701,0.5173,1.0000,-0.0047,0.0000,0.0047,1.0000,0.0000,0.0000,0.0000,1.0000,0.1101,0.3070,0.2173
278,3,2.9323,-0.2469,0.5889,1.0000,-0.0047,0.0000,0.0047,1.0000,0.0000,0.0000,0.0000,1.0000,0.2836,0.2073,0.2889
278,4,3.0501,-0.2940,0.5062,1.0000,-0.0047,0.0000,0.0047,1.0000,0.0000,0.0000,0.0000,1.0000,0.2820,0.2947,0.2062
278,5,3.2184,-0.1580,0.6614,1.0000,-0.0047,0.0000,0.0047,1.0000,0.0000,0.0000,0.0000,1.0000,0.1112,0.2100,0.3614
278,6,3.3115,-0.1389,0.4265,1.0000,-0.0047,0.0000,0.0047,1.0000,0.0000,0.0000,0.0000,1.0000,0.1972,0.1336,0.1265
278,7,3.4204,-0.1310,0.4491,1.0000,-0.0047,0.0000,0.0047,1.0000,0.0000,0.0000,0.0000,1.0000,0.1624,0.1625,0.0548
278,8,3.4480,-0.0879,0.4472,1.0000,-0.0047,0.0000,0.0047,1.0000,0.0000,0.0000,0.0000,1.0000,0.0831,0.2046,0.1050
278,9,3.4786,-0.0218,0.4544,1.0000,-0.0047,0.0000,0.0047,1.0000,0.0000,0.0000,0.0000,1.0000,0.0210,0.0279,0.0569
278,10,3.5222,-0.0819,0.4546,1.0000,-0.0047,0.0000,0.0047,1.0000,0.0000,0.0000,0.0000,1.0000,0.0210,0.0279,0.0569
279,0,3.1564,-0.0140,0.4400,1.0000,-0.0055,0.0000,0.0055,1.0000,0.0000,0.0000,0.0000,1.0000,0.2577,0.2263,0.1400
279,1,3.1645,-0.0111,0.6052,1.0000,-0.0055,0.0000,0.0055,1.0000,0.0000,0.0000,0.0000,1.0000,0.1100,0.2168,0.3052
279,2,3.2401,-0.0718,0.5173,1.0000,-0.0055,0.0000,0.0055,1.0000,0.0000,0.0000,0.0000,1.0000,0.1101,0.3070,0.2173
279,3,3.2615,-0.2487,0.5889,1.0000,-0.0055,0.0000,0.0055,1.0000,0.0000,0.0000,0.0000,1.0000,0.2836,0.2073,0.2889
279,4,3.3794,-0.2958,0.5062,1.0000,-0.0055,0.0000,0.0055,1.0000,0.0000,0.0000,0.0000,1.0000,0.2820,0.2947,0.2062
279,5,3.5477,-0.1599,0.6614,1.0000,-0.0055,0.0000,0.0055,1.0000,0.0000,0.0000,0.0000,1.0000,0.1112,0.2100,0.3614
279,6,3.6408,-0.1410,0.4265,1.0000,-0.0055,0.0000,0.0055,1.0000,0.0000,0.0000,0.0000,1.0000,0.1972,0.1336,0.1265
279,7,3.7498,-0.1332,0.4491,1.0000,-0.0055,0.0000,0.0055,1.0000,0.0000,0.0000,0.0000,1.0000,0.1624,0.1625,0.0548
279,8,3.7774,-0.0901,0.4472,1.0000,-0.0055,0.0000,0.0055,1.0000,0.0000,0.0000,0.0000,1.0000,0.0831,0.2046,0.1050
279,9,3.8081,-0.0240,0.4544,1.0000,-0.0055,0.0000,0.0055,1.0000,0.0000,0.0000,0.0000,1.0000,0.0210,0.0279,0.0569
279,10,3.8516,-0.0841,0.4546,1.0000,-0.0055,0.0000,0.0055,1.0000,0.0000,0.0000,0.0000,1.0000,0.0210,0.0279,0.0569
280,0,3.5018,-0.0161,0.4400,1.0000,-0.0069,0.0000,0.0069,1.0000,0.0000,0.0000,0.0000,1.0000,0.2577,0.2263,0.1400
280,1,3.5099,-0.0132,0.6052,1.0000,-0.0069,0.0000,0.0069,1.0000,0.0000,0.0000,0.0000,1.0000,0.1100,0.2168,0.3052
280,2,3.5854,-0.0740,0.5173,1.0000,-0.0069,0.0000,0.0069,1.0000,0.0000,0.0000,0.0000,1.0000,0.1101,0.3070,0.2173
280,3,3.6066,-0.2509,0.5889,1.0000,-0.0069,0.0000,0.0069,1.0000,0.0000,0.0000,0.0000,1.0000,0.2836,0.2073,0.2889
280,4,3.7244,-0.2982,0.5062,1.0000,-0.0069,0.0000,0.0069,1.0000,0.0000,0.0000,0.0000,1.0000,0.2820,0.2947,0.2062
280,5,3.8929,-0.1626,0.6614,1.0000,-0.0069,0.0000,0.0069,1.0000,0.0000,0.0000,0.0000,1.0000,0.1112,0.2100,0.3614
280,6,3.9860,-0.1437,0.4265,1.0000,-0.0069,0.0000,0.0069,1.0000,0.0000,0.0000,0.0000,1.0000,0.1972,0.1336,0.1265
280,7,4.0950,-0.1360,0.4491,1.0000,-0.0069,0.0000,0.0069,1.0000,0.0000,0.0000,0.0000,1.0000,0.1624,0.1625,0.0548
280,8,4.1227,-0.0930,0.4472,1.0000,-0.0069,0.0000,0.0069,1.0000,0.0000,0.0000,0.0000,1.0000,0.0831,0.2046,0.1050
280,9,4.1534,-0.0269,0.4544,1.0000,-0.0069,0.0000,0.0069,1.0000,0.0000,0.0000,0.0000,1.0000,0.0210,0.0279,0.0569
280,10,4.1969,-0.0871,0.4546,1.0000,-0.0069,0.0000,0.0069,1.0000,0.0000,0.0000,0.0000,1.0000,0.0210,0.0279,0.0569
281,0,3.8625,-0.0187,0.4400,1.0000,-0.0079,0.0000,0.0079,1.0000,0.0000,0.0000,0.0000,1.0000,0.2577,0.2263,0.1400
281,1,3.8706,-0.0159,0.6052,1.0000,-0.0079,0.0000,0.0079,1.0000,0.0000,0.0000,0.0000,1.0000,0.1100,0.2168,0.3052
281,2,3.9461,-0.0767,0.5173,1.0000,-0.0079,0.0000,0.0079,1.0000,0.0000,0.0000,0.0000,1.0000,0.1101,0.3070,0.2173
281,3,3.9671,-0.2536,0.5889,1.0000,-0.0079,0.0000,0.0079,1.0000,0.0000,0.0000,0.0000,1.0000,0.2836,0.2073,0.2889
281,4,4.0848,-0.3010,0.5062,1.0000,-0.0079,0.0000,0.0079,1.0000,0.0000,0.0000,0.0000,1.0000,0.2820,0.2947,0.2062
281,5,4.2535,-0.1656,0.6614,1.0000,-0.0079,0.0000,0.0079,1.0000,0.0000,0.0000,0.0000,1.0000,0.1112,0.2100,0.3614
281,6,4.3466,-0.1468,0.4265,1.0000,-0.0079,0.0000,0.0079,1.0000,0.0000,0.0000,0.0000,1.0000,0.1972,0.1336,0.1265
281,7,4.4556,-0.1393,0.4491,1.0000,-0.0079,0.0000,0.0079,1.0000,0.0000,0.0000,0.0000,1.0000,0.1624,0.1625,0.0548
281,8,4.4833,-0.0963,0.4472,1.0000,-0.0079,0.0000,0.0079,1.0000,0.0000,0.0000,0.0000,1.0000,0.0831,0.2046,0.1050
281,9,4.5141,-0.0302,0.4544,1.0000,-0.0079,0.0000,0.0079,1.0000,0.0000,0.0000,0.0000,1.0000,0.0210,0.0279,0.0569
281,10,4.5576,-0.0905,0.4546,1.0000,-0.0079,0.0000,0.0079,1.0000,0.0000,0.0000,0.0000,1.0000,0.0210,0.0279,0.0569
282,0,4.2382,-0.0219,0.4400,1.0000,-0.0093,0.0000,0.0093,1.0000,0.0000,0.0000,0.0000,1.0000,0.2577,0.2263,0.1400
282,1,4.2464,-0.0190,0.6052,1.0000,-0.0093,0.0000,0.0093,1.0000,0.0000,0.0000,0.0000,1.0000,0.1100,0.2168,0.3052
282,2,4.3217,-0.0800,0.5173,1.0000,-0.0093,0.0000,0.0093,1.0000,0.0000,0.0000,0.0000,1.0000,0.1101,0.3070,0.2173
282,3,4.3425,-0.2569,0.5889,1.0000,-0.0093,0.0000,0.0093,1.0000,0.0000,0.0000,0.0000,1.0000,0.2836,0.2073,0.2889
282,4,4.4601,-0.3045,0.5062,1.0000,-0.0093,0.0000,0.0093,1.0000,0.0000,0.0000,0.0000,1.0000,0.2820,0.2947,0.2062
282,5,4.6290,-0.1693,0.6614,1.0000,-0.0093,0.0000,0.0093,1.0000,0.0000,0.0000,0.0000,1.0000,0.1112,0.2100,0.3614
282,6,4.7222,-0.1506,0.4265,1.0000,-0.0093,0.0000,0.0093,1.0000,0.0000,0.0000,0.0000,1.0000,0.1972,0.1336,0.1265
282,7,4.8311,-0.1433,0.4491,1.0000,-0.0093,0.0000,0.0093,1.0000,0.0000,0.0000,0.0000,1.0000,0.1624,0.1625,0.0548
282,8,4.8589,-0.1003,0.4472,1.0000,-0.0093,0.0000,0.0093,1.0000,0.0000,0.0000,0.0000,1.0000,0.0831,0.2046,0.1050
282,9,4.8899,-0.0343,0.4544,1.0000,-0.0093,0.0000,0.0093,1.0000,0.0000,0.0000,0.0000,1.0000,0.0210,0.0279,0.0569
282,10,4.9332,-0.0946,0.4546,1.0000,-0.0093,0.0000,0.0093,1.0000,0.0000,0.0000,0.0000,1.0000,0.0210,0.0279,0.0569
283,0,4.6286,-0.0257,0.4400,0.9999,-0.0107,0.0000,0.0107,0.9999,0.0000,0.0000,0.0000,1.0000,0.2577,0.2263,0.1400
283,1,4.6367,-0.0229,0.6052,0.9999,-0.0107,0.0000,0.0107,0.9999,0.0000,0.0000,0.0000,1.0000,0.1100,0.2168,0.3052
283,2,4.7120,-0.0840,0.5173,0.9999,-0.0107,0.0000,0.0107,0.9999,0.0000,0.0000,0.0000,1.0000,0.1101,0.3070,0.2173
283,3,4.7325,-0.2609,0.5889,0.9999,-0.0107,0.0000,0.0107,0.9999,0.0000,0.0000,0.0000,1.0000,0.2836,0.2073,0.2889
283,4,4.8501,-0.3087,0.5062,0.9999,-0.0107,0.0000,0.0107,0.9999,0.0000,0.0000,0.0000,1.0000,0.2820,0.2947,0.2062
283,5,5.0191,-0.1737,0.6614,0.9999,-0.0107,0.0000,0.0107,0.9999,0.0000,0.0000,0.0000,1.0000,0.1112,0.2100,0.3614
283,6,5.1123,-0.1552,0.4265,0.9999,-0.0107,0.0000,0.0107,0.9999,0.0000,0.0000,0.0000,1.0000,0.1972,0.1336,0.1265
283,7,5.2213,-0.1479,0.4491,0.9999,-0.0107,0.0000,0.0107,0.9999,0.0000,0.0000,0.0000,1.0000,0.1624,0.1625,0.0548
283,8,5.2492,-0.1050,0.4472,0.9999,-0.0107,0.0000,0.0107,0.9999,0.0000,0.0000,0.0000,1.0000,0.0831,0.2046,0.1050
283,9,5.2802,-0.0391,0.4544,0.9999,-0.0107,0.0000,0.0107,0.9999,0.0000,0.0000,0.0000,1.0000,0.0210,0.0279,0.0569
283,10,5.3234,-0.0994,0.4546,0.9999,-0.0107,0.0000,0.0107,0.9999,0.0000,0.0000,0.0000,1.0000,0.0210,0.0279,0.0569
284,0,5.0332,-0.0302,0.4400,0.9999,-0.0120,0.0000,0.0120,0.9999,0.0000,0.0000,0.0000,1.0000,0.2577,0.2263,0.1400
284,1,5.0413,-0.0274,0.6052,0.9999,-0.0120,0.0000,0.0120,0.9999,0.0000,0.0000,0.0000,1.0000,0.1100,0.2168,0.3052
284,2,5.1165,-0.0886,0.5173,0.9999,-0.0120,0.0000,0.0120,0.9999,0.0000,0.0000,0.0000,1.0000,0.1101,0.3070,0.2173
284,3,5.1368,-0.2656,0.5889,0.9999,-0.0120,0.0000,0.0120,0.9999,0.0000,0.0000,0.0000,1.0000,0.2836,0.2073,0.2889
284,4,5.2543,-0.3135,0.5062,0.9999,-0.0120,0.0000,0.0120,0.9999,0.0000,0.0000,0.0000,1.0000,0.2820,0.2947,0.2062
284,5,5.4235,-0.1787,0.6614,0.9999,-0.0120,0.0000,0.0120,0.9999,0.0000,0.0000,0.0000,1.0000,0.1112,0.2100,0.3614
284,6,5.5168,-0.1603,0.4265,0.9999,-0.0120,0.0000,0.0120,0.9999,0.0000,0.0000,0.0000,1.0000,0.1972,0.1336,0.1265
284,7,5.6258,-0.1532,0.4491,0.9999,-0.0120,0.0000,0.0120,0.9999,0.0000,0.0000,0.0000,1.0000,0.1624,0.1625,0.0548
284,8,5.6537,-0.1104,0.4472,0.9999,-0.0120,0.0000,0.0120,0.9999,0.0000,0.0000,0.0000,1.0000,0.0831,0.2046,0.1050
284,9,5.6848,-0.0444,0.4544,0.9999,-0.0120,0.0000,0.0120,0.9999,0.0000,0.0000,0.0000,1.0000,0.0210,0.0279,0.0569
284,10,5.7279,-0.1049,0.4546,0.9999,-0.0120,0.0000,0.0120,0.9999,0.0000,0.0000,0.0000,1.0000,0.0210,0.0279,0.0569
285,0,5.4519,-0.0355,0.4400,0.9999,-0.0135,0.0000,0.0135,0.9999,0.0000,0.0000,0.0000,1.0000,0.2577,0.2263,0.1400
285,1,5.4600,-0.0327,0.6052,0.9999,-0.0135,0.0000,0.0135,0.9999,0.0000,0.0000,0.0000,1.0000,0.1100,0.2168,0.3052
285,2,5.5351,-0.0940,0.5173,0.9999,-0.0135,0.0000,0.0135,0.9999,0.0000,0.0000,0.0000,1.0000,0.1101,0.3070,0.2173
285,3,5.5551,-0.2710,0.5889,0.9999,-0.0135,0.0000,0.0135,0.9999,0.0000,0.0000,0.0000,1.0000,0.2836,0.2073,0.2889
285,4,5.6726,-0.3191,0.5062,0.9999,-0.0135,0.0000,0.0135,0.9999,0.0000,0.0000,0.0000,1.0000,0.2820,0.2947,0.2062
285,5,5.8420,-0.1846,0.6614,0.9999,-0.0135,0.0000,0.0135,0.9999,0.0000,0.0000,0.0000,1.0000,0.1112,0.2100,0.3614
285,6,5.9353,-0.1664,0.4265,0.9999,-0.0135,0.0000,0.0135,0.9999,0.0000,0.0000,0.0000,1.0000,0.1972,0.1336,0.1265
285,7,6.0443,-0.1594,0.4491,0.9999,-0.0135,0.0000,0.0135,0.9999,0.0000,0.0000,0.0000,1.0000,0.1624,0.1625,0.0548
285,8,6.0722,-0.1166,0.4472,0.9999,-0.0135,0.0000,0.0135,0.9999,0.0000,0.0000,0.0000,1.0000,0.0831,0.2046,0.1050
285,9,6.1034,-0.0507,0.4544,0.9999,-0.0135,0.0000,0.0135,0.9999,0.0000,0.0000,0.0000,1.0000,0.0210,0.0279,0.0569
285,10,6.1465,-0.1112,0.4546,0.9999,-0.0135,0.0000,0.0135,0.9999,0.0000,0.0000,0.0000,1.0000,0.0210,0.0279,0.0569
286,0,5.8845,-0.0417,0.4400,0.9999,-0.0152,0.0000,0.0152,0.9999,0.0000,0.0000,0.0000,1.0000,0.2577,0.2263,0.1400
286,1,5.8927,-0.0389,0.6052,0.9999,-0.0152,0.0000,0.0152,0.9999,0.0000,0.0000,0.0000,1.0000,0.1100,0.2168,0.3052
286,2,5.9676,-0.1003,0.5173,0.9999,-0.0152,0.0000,0.0152,0.9999,0.0000,0.0000,0.0000,1.0000,0.1101,0.3070,0.2173
286,3,5.9874,-0.2773,0.5889,0.9999,-0.0152,0.0000,0.0152,0.9999,0.0000,0.0000,0.0000,1.0000,0.2836,0.2073,0.2889
286,4,6.1047,-0.3256,0.5062,0.9999,-0.0152,0.0000,0.0152,0.9999,0.0000,0.0000,0.0000,1.0000,0.2820,0.2947,0.2062
286,5,6.2744,-0.1914,0.6614,0.9999,-0.0152,0.0000,0.0152,0.9999,0.0000,0.0000,0.0000,1.0000,0.1112,0.2100,0.3614
286,6,6.3677,-0.1733,0.4265,0.9999,-0.0152,0.0000,0.0152,0.9999,0.0000,0.0000,0.0000,1.0000,0.1972,0.1336,0.1265
286,7,6.4767,-0.1665,0.4491,0.9999,-0.0152,0.0000,0.0152,0.9999,0.0000,0.0000,0.0000,1.0000,0.1624,0.1625,0.0548
286,8,6.5048,-0.1238,0.4472,0.9999,-0.0152,0.0000,0.0152,0.9999,0.0000,0.0000,0.0000,1.0000,0.0831,0.2046,0.1050
286,9,6.5361,-0.0579,0.4544,0.9999,-0.0152,0.0000,0.0152,0.9999,0.0000,0.0000,0.0000,1.0000,0.0210,0.0279,0.0569
286,10,6.5790,-0.1185,0.4546,0.9999,-0.0152,0.0000,0.0152,0.9999,0.0000,0.0000,0.0000,1.0000,0.0210,0.0279,0.0569
287,0,6.3308,-0.0488,0.4400,0.9999,-0.0171,0.0000,0.0171,0.9999,0.0000,0.0000,0.0000,1.0000,0.2577,0.2263,0.1400
287,1,6.3390,-0.0460,0.6052,0.9999,-0.0171,0.0000,0.0171,0.9999,0.0000,0.0000,0.0000,1.0000,0.1100,0.2168,0.3052
287,2,6.4139,-0.1076,0.5173,0.9999,-0.0171,0.0000,0.0171,0.9999,0.0000,0.0000,0.0000,1.0000,0.1101,0.3070,0.2173
287,3,6.4332,-0.2847,0.5889,0.9999,-0.0171,0.0000,0.0171,0.9999,0.0000,0.0000,0.0000,1.0000,0.2836,0.2073,0.2889
287,4,6.5505,-0.3332,0.5062,0.9999,-0.0171,0.0000,0.0171,0.9999,0.0000,0.0000,0.0000,1.0000,0.2820,0.2947,0.2062
287,5,6.7204,-0.1993,0.6614,0.9999,-0.0171,0.0000,0.0171,0.9999,0.0000,0.0000,0.0000,1.0000,0.1112,0.2100,0.3614
287,6,6.8137,-0.1814,0.4265,0.9999,-0.0171,0.0000,0.0171,0.9999,0.0000,0.0000,0.0000,1.0000,0.1972,0.1336,0.1265
287,7,6.9228,-0.1748,0.4491,0.9999,-0.0171,0.0000,0.0171,0.9999,0.0000,0.0000,0.0000,1.0000,0.1624,0.1625,0.0548
287,8,6.9509,-0.1321,0.4472,0.9999,-0.0171,0.0000,0.0171,0.9999,0.0000,0.0000,0.0000,1.0000,0.0831,0.2046,0.1050
287,9,6.9823,-0.0663,0.4544,0.9999,-0.0171,0.0000,0.0171,0.9999,0.0000,0.0000,0.0000,1.0000,0.0210,0.0279,0.0569
287,10,7.0252,-0.1270,0.4546,0.9999,-0.0171,0.0000,0.0171,0.9999,0.0000,0.0000,0.0000,1.0000,0.0210,0.0279,0.0569
288,0,6.7905,-0.0569,0.4400,0.9998,-0.0186,0.0000,0.0186,0.9998,0.0000,0.0000,0.0000,1.0000,0.2577,0.2263,0.1400
288,1,6.7986,-0.0542,0.6052,0.9998,-0.0186,0.0000,0.0186,0.9998,0.0000,0.0000,0.0000,1.0000,0.1100,0.2168,0.3052
288,2,6.8734,-0.1159,0.5173,0.9998,-0.0186,0.0000,0.0186,0.9998,0.0000,0.0000,0.0000,1.0000,0.1101,0.3070,0.2173
288,3,6.8925,-0.2930,0.5889,0.9998,-0.0186,0.0000,0.0186,0.9998,0.0000,0.0000,0.0000,1.0000,0.2836,0.2073,0.2889
288,4,7.0097,-0.3417,0.5062,0.9998,-0.0186,0.0000,0.0186,0.9998,0.0000,0.0000,0.0000,1.0000,0.2820,0.2947,0.2062
288,5,7.1798,-0.2080,0.6614,0.9998,-0.0186,0.0000,0.0186,0.9998,0.0000,0.0000,0.0000,1.0000,0.1112,0.2100,0.3614
288,6,7.2732,-0.1902,0.4265,0.9998,-0.0186,0.0000,0.0186,0.9998,0.0000,0.0000,0.0000,1.0000,0.1972,0.1336,0.1265
288,7,7.3822,-0.1839,0.4491,0.9998,-0.0186,0.0000,0.0186,0.9998,0.0000,0.0000,0.0000,1.0000,0.1624,0.1625,0.0548
288,8,7.4104,-0.1412,0.4472,0.9998,-0.0186,0.0000,0.0186,0.9998,0.0000,0.0000,0.0000,1.0000,0.0831,0.2046,0.1050
288,9,7.4420,-0.0755,0.4544,0.9998,-0.0186,0.0000,0.0186,0.9998,0.0000,0.0000,0.0000,1.0000,0.0210,0.0279,0.0569
288,10,7.4847,-0.1362,0.4546,0.9998,-0.0186,0.0000,0.0186,0.9998,0.0000,0.0000,0.0000,1.0000,0.0210,0.0279,0.0569
289,0,7.2631,-0.0660,0.4400,0.9998,-0.0202,0.0000,0.0202,0.9998,0.0000,0.0000,0.0000,1.0000,0.2577,0.2263,0.1400
289,1,7.2712,-0.0633,0.6052,0.9998,-0.0202,0.0000,0.0202,0.9998,0.0000,0.0000,0.0000,1.0000,0.1100,0.2168,0.3052
289,2,7.3459,-0.1251,0.5173,0.9998,-0.0202,0.0000,0.0202,0.9998,0.0000,0.0000,0.0000,1.0000,0.1101,0.3070,0.2173
289,3,7.3647,-0.3022,0.5889,0.9998,-0.0202,0.0000,0.0202,0.9998,0.0000,0.0000,0.0000,1.0000,0.2836,0.2073,0.2889
289,4,7.4819,-0.3511,0.5062,0.9998,-0.0202,0.0000,0.0202,0.9998,0.0000,0.0000,0.0000,1.0000,0.2820,0.2947,0.2062
289,5,7.6522,-0.2177,0.6614,0.9998,-0.0202,0.0000,0.0202,0.9998,0.0000,0.0000,0.0000,1.0000,0.1112,0.2100,0.3614
289,6,7.7456,-0.2001,0.4265,0.9998,-0.0202,0.0000,0.0202,0.9998,0.0000,0.0000,0.0000,1.0000,0.1972,0.1336,0.1265
289,7,7.8546,-0.1939,0.4491,0.9998,-0.0202,0.0000,0.0202,0.9998,0.0000,0.0000,0.0000,1.0000,0.1624,0.1625,0.0548
289,8,7.8829,-0.1512,0.4472,0.9998,-0.0202,0.0000,0.0202,0.9998,0.0000,0.0000,0.0000,1.0000,0.0831,0.2046,0.1050
289,9,7.9145,-0.0856,0.4544,0.9998,-0.0202,0.0000,0.0202,0.9998,0.0000,0.0000,0.0000,1.0000,0.0210,0.0279,0.0569
289,10,7.9572,-0.1463,0.4546,0.9998,-0.0202,0.0000,0.0202,0.9998,0.0000,0.0000,0.0000,1.0000,0.0210,0.0279,0.0569
290,0,7.7483,-0.0763,0.4400,0.9998,-0.0223,0.0000,0.0223,0.9998,0.0000,0.0000,0.0000,1.0000,0.2577,0.2263,0.1400
290,1,7.7564,-0.0735,0.6052,0.9998,-0.0223,0.0000,0.0223,0.9998,0.0000,0.0000,0.0000,1.0000,0.1100,0.2168,0.3052
290,2,7.8310,-0.1355,0.5173,0.9998,-0.0223,0.0000,0.0223,0.9998,0.0000,0.0000,0.0000,1.0000,0.1101,0.3070,0.2173
290,3,7.8494,-0.3127,0.5889,0.9998,-0.0223,0.0000,0.0223,0.9998,0.0000,0.0000,0.0000,1.0000,0.2836,0.2073,0.2889
290,4,7.9665,-0.3618,0.5062,0.9998,-0.0223,0.0000,0.0223,0.9998,0.0000,0.0000,0.0000,1.0000,0.2820,0.2947,0.2062
290,5,8.1371,-0.2288,0.6614,0.9998,-0.0223,0.0000,0.0223,0.9998,0.0000,0.0000,0.0000,1.0000,0.1112,0.2100,0.3614
290,6,8.2305,-0.2113,0.4265,0.9998,-0.0223,0.0000,0.0223,0.9998,0.0000,0.0000,0.0000,1.0000,0.1972,0.1336,0.1265
290,7,8.3396,-0.2054,0.4491,0.9998,-0.0223,0.0000,0.0223,0.9998,0.0000,0.0000,0.0000,1.0000,0.1624,0.1625,0.0548
290,8,8.3679,-0.1628,0.4472,0.9998,-0.0223,0.0000,0.0223,0.9998,0.0000,0.0000,0.0000,1.0000,0.0831,0.2046,0.1050
290,9,8.3997,-0.0972,0.4544,0.9998,-0.0223,0.0000,0.0223,0.9998,0.0000,0.0000,0.0000,1.0000,0.0210,0.0279,0.0569
290,10,8.4422,-0.1580,0.4546,0.9998,-0.0223,0.0000,0.0223,0.9998,0.0000,0.0000,0.0000,1.0000,0.0210,0.0279,0.0569
291,0,8.2458,-0.0878,0.4400,0.9997,-0.0247,0.0000,0.0247,0.9997,0.0000,0.0000,0.0000,1.0000,0.2577,0.2263,0.1400
291,1,8.2539,-0.0851,0.6052,0.9997,-0.0247,0.0000,0.0247,0.9997,0.0000,0.0000,0.0000,1.0000,0.1100,0.2168,0.3052
291,2,8.3283,-0.1473,0.5173,0.9997,-0.0247,0.0000,0.0247,0.9997,0.0000,0.0000,0.0000,1.0000,0.1101,0.3070,0.2173
291,3,8.3464,-0.3245,0.5889,0.9997,-0.0247,0.0000,0.0247,0.9997,0.0000,0.0000,0.0000,1.0000,0.2836,0.2073,0.2889
291,4,8.4633,-0.3739,0.5062,0.9997,-0.0247,0.0000,0.0247,0.9997,0.0000,0.0000,0.0000,1.0000,0.2820,0.2947,0.2062
291,5,8.6342,-0.2413,0.6614,0.9997,-0.0247,0.0000,0.0247,0.9997,0.0000,0.0000,0.0000,1.0000,0.1112,0.2100,0.3614
291,6,8.7276,-0.2241,0.4265,0.9997,-0.0247,0.0000,0.0247,0.9997,0.0000,0.0000,0.0000,1.0000,0.1972,0.1336,0.1265
291,7,8.8367,-0.2184,0.4491,0.9997,-0.0247,0.0000,0.0247,0.9997,0.0000,0.0000,0.0000,1.0000,0.1624,0.1625,0.0548
291,8,8.8652,-0.1759,0.4472,0.9997,-0.0247,0.0000,0.0247,0.9997,0.0000,0.0000,0.0000,1.0000,0.0831,0.2046,0.1050
291,9,8.8971,-0.1103,0.4544,0.9997,-0.0247,0.0000,0.0247,0.9997,0.0000,0.0000,0.0000,1.0000,0.0210,0.0279,0.0569
291,10,8.9395,-0.1713,0.4546,0.9997,-0.0247,0.0000,0.0247,0.9997,0.0000,0.0000,0.0000,1.0000,0.0210,0.0279,0.0569
292,0,8.7554,-0.1010,0.4400,0.9996,-0.0275,0.0000,0.0275,0.9996,0.0000,0.0000,0.0000,1.0000,0.2577,0.2263,0.1400
292,1,8.7636,-0.0984,0.6052,0.9996,-0.0275,0.0000,0.0275,0.9996,0.0000,0.0000,0.0000,1.0000,0.1100,0.2168,0.3052
292,2,8.8378,-0.1607,0.5173,0.9996,-0.0275,0.0000,0.0275,0.9996,0.0000,0.0000,0.0000,1.0000,0.1101,0.3070,0.2173
292,3,8.8554,-0.3380,0.5889,0.9996,-0.0275,0.0000,0.0275,0.9996,0.0000,0.0000,0.0000,1.0000,0.2836,0.2073,0.2889
292,4,8.9721,-0.3877,0.5062,0.9996,-0.0275,0.0000,0.0275,0.9996,0.0000,0.0000,0.0000,1.0000,0.2820,0.2947,0.2062
292,5,9.1434,-0.2556,0.6614,0.9996,-0.0275,0.0000,0.0275,0.9996,0.0000,0.0000,0.0000,1.0000,0.1112,0.2100,0.3614
292,6,9.2369,-0.2386,0.4265,0.9996,-0.0275,0.0000,0.0275,0.9996,0.0000,0.0000,0.0000,1.0000,0.1972,0.1336,0.1265
292,7,9.3460,-0.2332,0.4491,0.9996,-0.0275,0.0000,0.0275,0.9996,0.0000,0.0000,0.0000,1.0000,0.1624,0.1625,0.0548
292,8,9.3746,-0.1908,0.4472,0.9996,-0.0275,0.0000,0.0275,0.9996,0.0000,0.0000,0.0000,1.0000,0.0831,0.2046,0.1050
292,9,9.4067,-0.1253,0.4544,0.9996,-0.0275,0.0000,0.0275,0.9996,0.0000,0.0000,0.0000,1.0000,0.0210,0.0279,0.0569
292,10,9.4489,-0.1864,0.4546,0.9996,-0.0275,0.0000,0.0275,0.9996,0.0000,0.0000,0.0000,1.0000,0.0210,0.0279,0.0569
293,0,9.2775,-0.1159,0.4400,0.9996,-0.0298,0.0000,0.0298,0.9996,0.0000,0.0000,0.0000,1.0000,0.2577,0.2263,0.1400
293,1,9.2857,-0.1133,0.6052,0.9996,-0.0298,0.0000,0.0298,0.9996,0.0000,0.0000,0.0000,1.0000,0.1100,0.2168,0.3052
293,2,9.3597,-0.1758,0.5173,0.9996,-0.0298,0.0000,0.0298,0.9996,0.0000,0.0000,0.0000,1.0000,0.1101,0.3070,0.2173
293,3,9.3768,-0.3531,0.5889,0.9996,-0.0298,0.0000,0.0298,0.9996,0.0000,0.0000,0.0000,1.0000,0.2836,0.2073,0.2889
293,4,9.4935,-0.4031,0.5062,0.9996,-0.0298,0.0000,0.0298,0.9996,0.0000,0.0000,0.0000,1.0000,0.2820,0.2947,0.2062
293,5,9.6651,-0.2713,0.6614,0.9996,-0.0298,0.0000,0.0298,0.9996,0.0000,0.0000,0.0000,1.0000,0.1112,0.2100,0.3614
293,6,9.7587,-0.2546,0.4265,0.9996,-0.0298,0.0000,0.0298,0.9996,0.0000,0.0000,0.0000,1.0000,0.1972,0.1336,0.1265
293,7,9.8678,-0.2495,0.4491,0.9996,-0.0298,0.0000,0.0298,0.9996,0.0000,0.0000,0.0000,1.0000,0.1624,0.1625,0.0548
293,8,9.8964,-0.2071,0.4472,0.9996,-0.0298,0.0000,0.0298,0.9996,0.0000,0.0000,0.0000,1.0000,0.0831,0.2046,0.1050
293,9,9.9287,-0.1418,0.4544,0.9996,-0.0298,0.0000,0.0298,0.9996,0.0000,0.0000,0.0000,1.0000,0.0210,0.0279,0.0569
293,10,9.9708,-0.2029,0.4546,0.9996,-0.0298,0.0000,0.0298,0.9996,0.0000,0.0000,0.0000,1.0000,0.0210,0.0279,0.0569
294,0,9.8121,-0.1326,0.4400,0.9995,-0.0331,0.0000,0.0331,0.9995,0.0000,0.0000,0.0000,1.0000,0.2577,0.2263,0.1400
294,1,9.8203,-0.1300,0.6052,0.9995,-0.0331,0.0000,0.0331,0.9995,0.0000,0.0000,0.0000,1.0000,0.1100,0.2168,0.3052
294,2,9.8942,-0.1928,0.5173,0.9995,-0.0331,0.0000,0.0331,0.9995,0.0000,0.0000,0.0000,1.0000,0.1101,0.3070,0.2173
294,3,9.9107,-0.3701,0.5889,0.9995,-0.0331,0.0000,0.0331,0.9995,0.0000,0.0000,0.0000,1.0000,0.2836,0.2073,0.2889
294,4,10.0272,-0.4205,0.5062,0.9995,-0.0331,0.0000,0.0331,0.9995,0.0000,0.0000,0.0000,1.0000,0.2820,0.2947,0.2062
294,5,10.1993,-0.2893,0.6614,0.9995,-0.0331,0.0000,0.0331,0.9995,0.0000,0.0000,0.0000,1.0000,0.1112,0.2100,0.3614
294,6,10.2929,-0.2729,0.4265,0.9995,-0.0331,0.0000,0.0331,0.9995,0.0000,0.0000,0.0000,1.0000,0.1972,0.1336,0.1265
294,7,10.4020,-0.2681,0.4491,0.9995,-0.0331,0.0000,0.0331,0.9995,0.0000,0.0000,0.0000,1.0000,0.1624,0.1625,0.0548
294,8,10.4308,-0.2258,0.4472,0.9995,-0.0331,0.0000,0.0331,0.9995,0.0000,0.0000,0.0000,1.0000,0.0831,0.2046,0.1050
294,9,10.4633,-0.1606,0.4544,0.9995,-0.0331,0.0000,0.0331,0.9995,0.0000,0.0000,0.0000,1.0000,0.0210,0.0279,0.0569
294,10,10.5052,-0.2219,0.4546,0.9995,-0.0331,0.0000,0.0331,0.9995,0.0000,0.0000,0.0000,1.0000,0.0210,0.0279,0.0569
295,0,10.3595,-0.1517,0.4400,0.9993,-0.0372,0.0000,0.0372,0.9993,0.0000,0.0000,0.0000,1.0000,0.2577,0.2263,0.1400
295,1,10.3677,-0.1491,0.6052,0.9993,-0.0372,0.0000,0.0372,0.9993,0.0000,0.0000,0.0000,1.0000,0.1100,0.2168,0.3052
295,2,10.4413,-0.2122,0.5173,0.9993,-0.0372,0.0000,0.0372,0.9993,0.0000,0.0000,0.0000,1.0000,0.1101,0.3070,0.2173
295,3,10.4571,-0.3896,0.5889,0.9993,-0.0372,0.0000,0.0372,0.9993,0.0000,0.0000,0.0000,1.0000,0.2836,0.2073,0.2889
295,4,10.5734,-0.4405,0.5062,0.9993,-0.0372,0.0000,0.0372,0.9993,0.0000,0.0000,0.0000,1.0000,0.2820,0.2947,0.2062
295,5,10.7460,-0.3100,0.6614,0.9993,-0.0372,0.0000,0.0372,0.9993,0.0000,0.0000,0.0000,1.0000,0.1112,0.2100,0.3614
295,6,10.8397,-0.2940,0.4265,0.9993,-0.0372,0.0000,0.0372,0.9993,0.0000,0.0000,0.0000,1.0000,0.1972,0.1336,0.1265
295,7,10.9488,-0.2896,0.4491,0.9993,-0.0372,0.0000,0.0372,0.9993,0.0000,0.0000,0.0000,1.0000,0.1624,0.1625,0.0548
295,8,10.9778,-0.2475,0.4472,0.9993,-0.0372,0.0000,0.0372,0.9993,0.0000,0.0000,0.0000,1.0000,0.0831,0.2046,0.1050
295,9,11.0105,-0.1823,0.4544,0.9993,-0.0372,0.0000,0.0372,0.9993,0.0000,0.0000,0.0000,1.0000,0.0210,0.0279,0.0569
295,10,11.0522,-0.2438,0.4546,0.9993,-0.0372,0.0000,0.0372,0.9993,0.0000,0.0000,0.0000,1.0000,0.0210,0.0279,0.0569
296,0,10.9195,-0.1735,0.4400,0.9991,-0.0413,0.0000,0.0413,0.9991,0.0000,0.0000,0.0000,1.0000,0.2577,0.2263,0.1400
296,1,10.9277,-0.1710,0.6052,0.9991,-0.0413,0.0000,0.0413,0.9991,0.0000,0.0000,0.0000,1.0000,0.1100,0.2168,0.3052
296,2,11.0011,-0.2344,0.5173,0.9991,-0.0413,0.0000,0.0413,0.9991,0.0000,0.0000,0.0000,1.0000,0.1101,0.3070,0.2173
296,3,11.0162,-0.4118,0.5889,0.9991,-0.0413,0.0000,0.0413,0.9991,0.0000,0.0000,0.0000,1.0000,0.2836,0.2073,0.2889
296,4,11.1322,-0.4632,0.5062,0.9991,-0.0413,0.0000,0.0413,0.9991,0.0000,0.0000,0.0000,1.0000,0.2820,0.2947,0.2062
296,5,11.3054,-0.3334,0.6614,0.9991,-0.0413,0.0000,0.0413,0.9991,0.0000,0.0000,0.0000,1.0000,0.1112,0.2100,0.3614
296,6,11.3991,-0.3178,0.4265,0.9991,-0.0413,0.0000,0.0413,0.9991,0.0000,0.0000,0.0000,1.0000,0.1972,0.1336,0.1265
296,7,11.5082,-0.3139,0.4491,0.9991,-0.0413,0.0000,0.0413,0.9991,0.0000,0.0000,0.0000,1.0000,0.1624,0.1625,0.0548
296,8,11.5374,-0.2718,0.4472,0.9991,-0.0413,0.0000,0.0413,0.9991,0.0000,0.0000,0.0000,1.0000,0.0831,0.2046,0.1050
296,9,11.5704,-0.2069,0.4544,0.9991,-0.0413,0.0000,0.0413,0.9991,0.0000,0.0000,0.0000,1.0000,0.0210,0.0279,0.0569
296,10,11.6118,-0.2685,0.4546,0.9991,-0.0413,0.0000,0.0413,0.9991,0.0000,0.0000,0.0000,1.0000,0.0210,0.0279,0.0569
297,0,11.4916,-0.1985,0.4400,0.9989,-0.0465,0.0000,0.0465,0.9989,0.0000,0.0000,0.0000,1.0000,0.2577,0.2263,0.1400
297,1,11.4998,-0.1960,0.6052,0.9989,-0.0465,0.0000,0.0465,0.9989,0.0000,0.0000,0.0000,1.0000,0.1100,0.2168,0.3052
297,2,11.5728,-0.2597,0.5173,0.9989,-0.0465,0.0000,0.0465,0.9989,0.0000,0.0000,0.0000,1.0000,0.1101,0.3070,0.2173
297,3,11.5870,-0.4373,0.5889,0.9989,-0.0465,0.0000,0.0465,0.9989,0.0000,0.0000,0.0000,1.0000,0.2836,0.2073,0.2889
297,4,11.7028,-0.4892,0.5062,0.9989,-0.0465,0.0000,0.0465,0.9989,0.0000,0.0000,0.0000,1.0000,0.2820,0.2947,0.2062
297,5,11.8766,-0.3603,0.6614,0.9989,-0.0465,0.0000,0.0465,0.9989,0.0000,0.0000,0.0000,1.0000,0.1112,0.2100,0.3614
297,6,11.9704,-0.3452,0.4265,0.9989,-0.0465,0.0000,0.0465,0.9989,0.0000,0.0000,0.0000,1.0000,0.1972,0.1336,0.1265
297,7,12.0796,-0.3418,0.4491,0.9989,-0.0465,0.0000,0.0465,0.9989,0.0000,0.0000,0.0000,1.0000,0.1624,0.1625,0.0548
297,8,12.1090,-0.3000,0.4472,0.9989,-0.0465,0.0000,0.0465,0.9989,0.0000,0.0000,0.0000,1.0000,0.0831,0.2046,0.1050
297,9,12.1423,-0.2351,0.4544,0.9989,-0.0465,0.0000,0.0465,0.9989,0.0000,0.0000,0.0000,1.0000,0.0210,0.0279,0.0569
297,10,12.1834,-0.2970,0.4546,0.9989,-0.0465,0.0000,0.0465,0.9989,0.0000,0.0000,0.0000,1.0000,0.0210,0.0279,0.0569
298,0,12.0749,-0.2272,0.4400,0.9986,-0.0526,0.0000,0.0526,0.9986,0.0000,0.0000,0.0000,1.0000,0.2577,0.2263,0.1400
298,1,12.0831,-0.2247,0.6052,0.9986,-0.0526,0.0000,0.0526,0.9986,0.0000,0.0000,0.0000,1.0000,0.1100,0.2168,0.3052
298,2,12.1557,-0.2889,0.5173,0.9986,-0.0526,0.0000,0.0526,0.9986,0.0000,0.0000,0.0000,1.0000,0.1101,0.3070,0.2173
298,3,12.1688,-0.4665,0.5889,0.9986,-0.0526,0.0000,0.0526,0.9986,0.0000,0.0000,0.0000,1.0000,0.2836,0.2073,0.2889
298,4,12.2843,-0.5192,0.5062,0.9986,-0.0526,0.0000,0.0526,0.9986,0.0000,0.0000,0.0000,1.0000,0.2820,0.2947,0.2062
298,5,12.4589,-0.3914,0.6614,0.9986,-0.0526,0.0000,0.0526,0.9986,0.0000,0.0000,0.0000,1.0000,0.1112,0.2100,0.3614
298,6,12.5528,-0.3768,0.4265,0.9986,-0.0526,0.0000,0.0526,0.9986,0.0000,0.0000,0.0000,1.0000,0.1972,0.1336,0.1265
298,7,12.6620,-0.3741,0.4491,0.9986,-0.0526,0.0000,0.0526,0.9986,0.0000,0.0000,0.0000,1.0000,0.1624,0.1625,0.0548
298,8,12.6916,-0.3324,0.4472,0.9986,-0.0526,0.0000,0.0526,0.9986,0.0000,0.0000,0.0000,1.0000,0.0831,0.2046,0.1050
298,9,12.7253,-0.2678,0.4544,0.9986,-0.0526,0.0000,0.0526,0.9986,0.0000,0.0000,0.0000,1.0000,0.0210,0.0279,0.0569
298,10,12.7660,-0.3299,0.4546,0.9986,-0.0526,0.0000,0.0526,0.9986,0.0000,0.0000,0.0000,1.0000,0.0210,0.0279,0.0569
299,0,12.6682,-0.2602,0.4400,0.9982,-0.0593,0.0000,0.0593,0.9982,0.0000,0.0000,0.0000,1.0000,0.2577,0.2263,0.1400
299,1,12.6764,-0.2577,0.6052,0.9982,-0.0593,0.0000,0.0593,0.9982,0.0000,0.0000,0.0000,1.0000,0.1100,0.2168,0.3052
299,2,12.7486,-0.3224,0.5173,0.9982,-0.0593,0.0000,0.0593,0.9982,0.0000,0.0000,0.0000,1.0000,0.1101,0.3070,0.2173
299,3,12.7605,-0.5002,0.5889,0.9982,-0.0593,0.0000,0.0593,0.9982,0.0000,0.0000,0.0000,1.0000,0.2836,0.2073,0.2889
299,4,12.8756,-0.5536,0.5062,0.9982,-0.0593,0.0000,0.0593,0.9982,0.0000,0.0000,0.0000,1.0000,0.2820,0.2947,0.2062
299,5,13.0511,-0.4270,0.6614,0.9982,-0.0593,0.0000,0.0593,0.9982,0.0000,0.0000,0.0000,1.0000,0.1112,0.2100,0.3614
299,6,13.1450,-0.4130,0.4265,0.9982,-0.0593,0.0000,0.0593,0.9982,0.0000,0.0000,0.0000,1.0000,0.1972,0.1336,0.1265
299,7,13.2543,-0.4111,0.4491,0.9982,-0.0593,0.0000,0.0593,0.9982,0.0000,0.0000,0.0000,1.0000,0.1624,0.1625,0.0548
299,8,13.2842,-0.3696,0.4472,0.9982,-0.0593,0.0000,0.0593,0.9982,0.0000,0.0000,0.0000,1.0000,0.0831,0.2046,0.1050
299,9,13.3183,-0.3052,0.4544,0.9982,-0.0593,0.0000,0.0593,0.9982,0.0000,0.0000,0.0000,1.0000,0.0210,0.0279,0.0569
299,10,13.3586,-0.3676,0.4546,0.9982,-0.0593,0.0000,0.0593,0.9982,0.0000,0.0000,0.0000,1.0000,0.0210,0.0279,0.0569
300,0,13.2707,-0.2980,0.4400,0.9978,-0.0669,0.0000,0.0669,0.9978,0.0000,0.0000,0.0000,1.0000,0.2577,0.2263,0.1400
300,1,13.2790,-0.2956,0.6052,0.9978,-0.0669,0.0000,0.0669,0.9978,0.0000,0.0000,0.0000,1.0000,0.1100,0.2168,0.3052
300,2,13.3507,-0.3609,0.5173,0.9978,-0.0669,0.0000,0.0669,0.9978,0.0000,0.0000,0.0000,1.0000,0.1101,0.3070,0.2173
300,3,13.3612,-0.5387,0.5889,0.9978,-0.0669,0.0000,0.0669,0.9978,0.0000,0.0000,0.0000,1.0000,0.2836,0.2073,0.2889
300,4,13.4759,-0.5930,0.5062,0.9978,-0.0669,0.0000,0.0669,0.9978,0.0000,0.0000,0.0000,1.0000,0.2820,0.2947,0.2062
300,5,13.6523,-0.4677,0.6614,0.9978,-0.0669,0.0000,0.0669,0.9978,0.0000,0.0000,0.0000,1.0000,0.1112,0.2100,0.3614
300,6,13.7464,-0.4545,0.4265,0.9978,-0.0669,0.0000,0.0669,0.9978,0.0000,0.0000,0.0000,1.0000,0.1972,0.1336,0.1265
300,7,13.8556,-0.4534,0.4491,0.9978,-0.0669,0.0000,0.0669,0.9978,0.0000,0.0000,0.0000,1.0000,0.1624,0.1625,0.0548
300,8,13.8859,-0.4121,0.4472,0.9978,-0.0669,0.0000,0.0669,0.9978,0.0000,0.0000,0.0000,1.0000,0.0831,0.2046,0.1050
300,9,13.9205,-0.3480,0.4544,0.9978,-0.0669,0.0000,0.0669,0.9978,0.0000,0.0000,0.0000,1.0000,0.0210,0.0279,0.0569
300,10,13.9603,-0.4107,0.4546,0.9978,-0.0669,0.0000,0.0669,0.9978,0.0000,0.0000,0.0000,1.0000,0.0210,0.0279,0.0569
301,0,13.8822,-0.3414,0.4400,0.9971,-0.0758,0.0000,0.0758,0.9971,0.0000,0.0000,0.0000,1.0000,0.2577,0.2263,0.1400
301,1,13.8905,-0.3391,0.6052,0.9971,-0.0758,0.0000,0.0758,0.9971,0.0000,0.0000,0.0000,1.0000,0.1100,0.2168,0.3052
301,2,13.9616,-0.4050,0.5173,0.9971,-0.0758,0.0000,0.0758,0.9971,0.0000,0.0000,0.0000,1.0000,0.1101,0.3070,0.2173
301,3,13.9706,-0.5829,0.5889,0.9971,-0.0758,0.0000,0.0758,0.9971,0.0000,0.0000,0.0000,1.0000,0.2836,0.2073,0.2889
301,4,14.0848,-0.6382,0.5062,0.9971,-0.0758,0.0000,0.0758,0.9971,0.0000,0.0000,0.0000,1.0000,0.2820,0.2947,0.2062
301,5,14.2623,-0.5145,0.6614,0.9971,-0.0758,0.0000,0.0758,0.9971,0.0000,0.0000,0.0000,1.0000,0.1112,0.2100,0.3614
301,6,14.3565,-0.5021,0.4265,0.9971,-0.0758,0.0000,0.0758,0.9971,0.0000,0.0000,0.0000,1.0000,0.1972,0.1336,0.1265
301,7,14.4657,-0.5020,0.4491,0.9971,-0.0758,0.0000,0.0758,0.9971,0.0000,0.0000,0.0000,1.0000,0.1624,0.1625,0.0548
301,8,14.4963,-0.4610,0.4472,0.9971,-0.0758,0.0000,0.0758,0.9971,0.0000,0.0000,0.0000,1.0000,0.0831,0.2046,0.1050
301,9,14.5316,-0.3972,0.4544,0.9971,-0.0758,0.0000,0.0758,0.9971,0.0000,0.0000,0.0000,1.0000,0.0210,0.0279,0.0569
301,10,14.5708,-0.4602,0.4546,0.9971,-0.0758,0.0000,0.0758,0.9971,0.0000,0.0000,0.0000,1.0000,0.0210,0.0279,0.0569
302,0,14.5028,-0.3912,0.4400,0.9963,-0.0854,0.0000,0.0854,0.9963,0.0000,0.0000,0.0000,1.0000,0.2577,0.2263,0.1400
302,1,14.5111,-0.3890,0.6052,0.9963,-0.0854,0.0000,0.0854,0.9963,0.0000,0.0000,0.0000,1.0000,0.1100,0.2168,0.3052
302,2,14.5816,-0.4556,0.5173,0.9963,-0.0854,0.0000,0.0854,0.9963,0.0000,0.0000,0.0000,1.0000,0.1101,0.3070,0.2173
302,3,14.5888,-0.6335,0.5889,0.9963,-0.0854,0.0000,0.0854,0.9963,0.0000,0.0000,0.0000,1.0000,0.2836,0.2073,0.2889
302,4,14.7025,-0.6900,0.5062,0.9963,-0.0854,0.0000,0.0854,0.9963,0.0000,0.0000,0.0000,1.0000,0.2820,0.2947,0.2062
302,5,14.8812,-0.5680,0.6614,0.9963,-0.0854,0.0000,0.0854,0.9963,0.0000,0.0000,0.0000,1.0000,0.1112,0.2100,0.3614
302,6,14.9755,-0.5565,0.4265,0.9963,-0.0854,0.0000,0.0854,0.9963,0.0000,0.0000,0.0000,1.0000,0.1972,0.1336,0.1265
302,7,15.0848,-0.5574,0.4491,0.9963,-0.0854,0.0000,0.0854,0.9963,0.0000,0.0000,0.0000,1.0000,0.1624,0.1625,0.0548
302,8,15.1157,-0.5167,0.4472,0.9963,-0.0854,0.0000,0.0854,0.9963,0.0000,0.0000,0.0000,1.0000,0.0831,0.2046,0.1050
302,9,15.1516,-0.4533,0.4544,0.9963,-0.0854,0.0000,0.0854,0.9963,0.0000,0.0000,0.0000,1.0000,0.0210,0.0279,0.0569
302,10,15.1902,-0.5167,0.4546,0.9963,-0.0854,0.0000,0.0854,0.9963,0.0000,0.0000,0.0000,1.0000,0.0210,0.0279,0.0569
303,0,15.1327,-0.4482,0.4400,0.9954,-0.0960,0.0000,0.0960,0.9954,0.0000,0.0000,0.0000,1.0000,0.2577,0.2263,0.1400
303,1,15.1410,-0.4461,0.6052,0.9954,-0.0960,0.0000,0.0960,0.9954,0.0000,0.0000,0.0000,1.0000,0.1100,0.2168,0.3052
303,2,15.2108,-0.5134,0.5173,0.9954,-0.0960,0.0000,0.0960,0.9954,0.0000,0.0000,0.0000,1.0000,0.1101,0.3070,0.2173
303,3,15.2161,-0.6914,0.5889,0.9954,-0.0960,0.0000,0.0960,0.9954,0.0000,0.0000,0.0000,1.0000,0.2836,0.2073,0.2889
303,4,15.3292,-0.7490,0.5062,0.9954,-0.0960,0.0000,0.0960,0.9954,0.0000,0.0000,0.0000,1.0000,0.2820,0.2947,0.2062
303,5,15.5092,-0.6290,0.6614,0.9954,-0.0960,0.0000,0.0960,0.9954,0.0000,0.0000,0.0000,1.0000,0.1112,0.2100,0.3614
303,6,15.6036,-0.6185,0.4265,0.9954,-0.0960,0.0000,0.0960,0.9954,0.0000,0.0000,0.0000,1.0000,0.1972,0.1336,0.1265
303,7,15.7128,-0.6206,0.4491,0.9954,-0.0960,0.0000,0.0960,0.9954,0.0000,0.0000,0.0000,1.0000,0.1624,0.1625,0.0548
303,8,15.7442,-0.5802,0.4472,0.9954,-0.0960,0.0000,0.0960,0.9954,0.0000,0.0000,0.0000,1.0000,0.0831,0.2046,0.1050
303,9,15.7808,-0.5171,0.4544,0.9954,-0.0960,0.0000,0.0960,0.9954,0.0000,0.0000,0.0000,1.0000,0.0210,0.0279,0.0569
303,10,15.8187,-0.5810,0.4546,0.9954,-0.0960,0.0000,0.0960,0.9954,0.0000,0.0000,0.0000,1.0000,0.0210,0.0279,0.0569
304,0,15.7714,-0.5131,0.4400,0.9942,-0.1078,0.0000,0.1078,0.9942,0.0000,0.0000,0.0000,1.0000,0.2577,0.2263,0.1400
304,1,15.7798,-0.5111,0.6052,0.9942,-0.1078,0.0000,0.1078,0.9942,0.0000,0.0000,0.0000,1.0000,0.1100,0.2168,0.3052
304,2,15.8488,-0.5793,0.5173,0.9942,-0.1078,0.0000,0.1078,0.9942,0.0000,0.0000,0.0000,1.0000,0.1101,0.3070,0.2173
304,3,15.8520,-0.7573,0.5889,0.9942,-0.1078,0.0000,0.1078,0.9942,0.0000,0.0000,0.0000,1.0000,0.2836,0.2073,0.2889
304,4,15.9644,-0.8163,0.5062,0.9942,-0.1078,0.0000,0.1078,0.9942,0.0000,0.0000,0.0000,1.0000,0.2820,0.2947,0.2062
304,5,16.1458,-0.6984,0.6614,0.9942,-0.1078,0.0000,0.1078,0.9942,0.0000,0.0000,0.0000,1.0000,0.1112,0.2100,0.3614
304,6,16.2403,-0.6890,0.4265,0.9942,-0.1078,0.0000,0.1078,0.9942,0.0000,0.0000,0.0000,1.0000,0.1972,0.1336,0.1265
304,7,16.3495,-0.6924,0.4491,0.9942,-0.1078,0.0000,0.1078,0.9942,0.0000,0.0000,0.0000,1.0000,0.1624,0.1625,0.0548
304,8,16.3814,-0.6524,0.4472,0.9942,-0.1078,0.0000,0.1078,0.9942,0.0000,0.0000,0.0000,1.0000,0.0831,0.2046,0.1050
304,9,16.4187,-0.5897,0.4544,0.9942,-0.1078,0.0000,0.1078,0.9942,0.0000,0.0000,0.0000,1.0000,0.0210,0.0279,0.0569
304,10,16.4558,-0.6540,0.4546,0.9942,-0.1078,0.0000,0.1078,0.9942,0.0000,0.0000,0.0000,1.0000,0.0210,0.0279,0.0569
305,0,16.4181,-0.5867,0.4400,0.9928,-0.1197,0.0000,0.1197,0.9928,0.0000,0.0000,0.0000,1.0000,0.2577,0.2263,0.1400
305,1,16.4265,-0.5848,0.6052,0.9928,-0.1197,0.0000,0.1197,0.9928,0.0000,0.0000,0.0000,1.0000,0.1100,0.2168,0.3052
305,2,16.4946,-0.6537,0.5173,0.9928,-0.1197,0.0000,0.1197,0.9928,0.0000,0.0000,0.0000,1.0000,0.1101,0.3070,0.2173
305,3,16.4957,-0.8319,0.5889,0.9928,-0.1197,0.0000,0.1197,0.9928,0.0000,0.0000,0.0000,1.0000,0.2836,0.2073,0.2889
305,4,16.6074,-0.8922,0.5062,0.9928,-0.1197,0.0000,0.1197,0.9928,0.0000,0.0000,0.0000,1.0000,0.2820,0.2947,0.2062
305,5,16.7902,-0.7764,0.6614,0.9928,-0.1197,0.0000,0.1197,0.9928,0.0000,0.0000,0.0000,1.0000,0.1112,0.2100,0.3614
305,6,16.8848,-0.7682,0.4265,0.9928,-0.1197,0.0000,0.1197,0.9928,0.0000,0.0000,0.0000,1.0000,0.1972,0.1336,0.1265
305,7,16.9940,-0.7729,0.4491,0.9928,-0.1197,0.0000,0.1197,0.9928,0.0000,0.0000,0.0000,1.0000,0.1624,0.1625,0.0548
305,8,17.0263,-0.7333,0.4472,0.9928,-0.1197,0.0000,0.1197,0.9928,0.0000,0.0000,0.0000,1.0000,0.0831,0.2046,0.1050
305,9,17.0643,-0.6711,0.4544,0.9928,-0.1197,0.0000,0.1197,0.9928,0.0000,0.0000,0.0000,1.0000,0.0210,0.0279,0.0569
305,10,17.1008,-0.7358,0.4546,0.9928,-0.1197,0.0000,0.1197,0.9928,0.0000,0.0000,0.0000,1.0000,0.0210,0.0279,0.0569
306,0,17.0713,-0.6692,0.4400,0.9912,-0.1325,0.0000,0.1325,0.9912,0.0000,0.0000,0.0000,1.0000,0.2577,0.2263,0.1400
306,1,17.0797,-0.6674,0.6052,0.9912,-0.1325,0.0000,0.1325,0.9912,0.0000,0.0000,0.0000,1.0000,0.1100,0.2168,0.3052
306,2,17.1469,-0.7372,0.5173,0.9912,-0.1325,0.0000,0.1325,0.9912,0.0000,0.0000,0.0000,1.0000,0.1101,0.3070,0.2173
306,3,17.1457,-0.9153,0.5889,0.9912,-0.1325,0.0000,0.1325,0.9912,0.0000,0.0000,0.0000,1.0000,0.2836,0.2073,0.2889
306,4,17.2566,-0.9771,0.5062,0.9912,-0.1325,0.0000,0.1325,0.9912,0.0000,0.0000,0.0000,1.0000,0.2820,0.2947,0.2062
306,5,17.4409,-0.8637,0.6614,0.9912,-0.1325,0.0000,0.1325,0.9912,0.0000,0.0000,0.0000,1.0000,0.1112,0.2100,0.3614
306,6,17.5356,-0.8567,0.4265,0.9912,-0.1325,0.0000,0.1325,0.9912,0.0000,0.0000,0.0000,1.0000,0.1972,0.1336,0.1265
306,7,17.6447,-0.8628,0.4491,0.9912,-0.1325,0.0000,0.1325,0.9912,0.0000,0.0000,0.0000,1.0000,0.1624,0.1625,0.0548
306,8,17.6776,-0.8236,0.4472,0.9912,-0.1325,0.0000,0.1325,0.9912,0.0000,0.0000,0.0000,1.0000,0.0831,0.2046,0.1050
306,9,17.7164,-0.7619,0.4544,0.9912,-0.1325,0.0000,0.1325,0.9912,0.0000,0.0000,0.0000,1.0000,0.0210,0.0279,0.0569
306,10,17.7520,-0.8271,0.4546,0.9912,-0.1325,0.0000,0.1325,0.9912,0.0000,0.0000,0.0000,1.0000,0.0210,0.0279,0.0569
307,0,17.7299,-0.7611,0.4400,0.9893,-0.1456,0.0000,0.1456,0.9893,0.0000,0.0000,0.0000,1.0000,0.2577,0.2263,0.1400
307,1,17.7383,-0.7595,0.6052,0.9893,-0.1456,0.0000,0.1456,0.9893,0.0000,0.0000,0.0000,1.0000,0.1100,0.2168,0.3052
307,2,17.8046,-0.8302,0.5173,0.9893,-0.1456,0.0000,0.1456,0.9893,0.0000,0.0000,0.0000,1.0000,0.1101,0.3070,0.2173
307,3,17.8011,-1.0082,0.5889,0.9893,-0.1456,0.0000,0.1456,0.9893,0.0000,0.0000,0.0000,1.0000,0.2836,0.2073,0.2889
307,4,17.9112,-1.0714,0.5062,0.9893,-0.1456,0.0000,0.1456,0.9893,0.0000,0.0000,0.0000,1.0000,0.2820,0.2947,0.2062
307,5,18.0969,-0.9605,0.6614,0.9893,-0.1456,0.0000,0.1456,0.9893,0.0000,0.0000,0.0000,1.0000,0.1112,0.2100,0.3614
307,6,18.1917,-0.9547,0.4265,0.9893,-0.1456,0.0000,0.1456,0.9893,0.0000,0.0000,0.0000,1.0000,0.1972,0.1336,0.1265
307,7,18.3007,-0.9623,0.4491,0.9893,-0.1456,0.0000,0.1456,0.9893,0.0000,0.0000,0.0000,1.0000,0.1624,0.1625,0.0548
307,8,18.3341,-0.9235,0.4472,0.9893,-0.1456,0.0000,0.1456,0.9893,0.0000,0.0000,0.0000,1.0000,0.0831,0.2046,0.1050
307,9,18.3737,-0.8623,0.4544,0.9893,-0.1456,0.0000,0.1456,0.9893,0.0000,0.0000,0.0000,1.0000,0.0210,0.0279,0.0569
307,10,18.4084,-0.9280,0.4546,0.9893,-0.1456,0.0000,0.1456,0.9893,0.0000,0.0000,0.0000,1.0000,0.0210,0.0279,0.0569
308,0,18.3935,-0.8629,0.4400,0.9872,-0.1593,0.0000,0.1593,0.9872,0.0000,0.0000,0.0000,1.0000,0.2577,0.2263,0.1400
308,1,18.4020,-0.8614,0.6052,0.9872,-0.1593,0.0000,0.1593,0.9872,0.0000,0.0000,0.0000,1.0000,0.1100,0.2168,0.3052
308,2,18.4673,-0.9330,0.5173,0.9872,-0.1593,0.0000,0.1593,0.9872,0.0000,0.0000,0.0000,1.0000,0.1101,0.3070,0.2173
308,3,18.4613,-1.1110,0.5889,0.9872,-0.1593,0.0000,0.1593,0.9872,0.0000,0.0000,0.0000,1.0000,0.2836,0.2073,0.2889
308,4,18.5705,-1.1757,0.5062,0.9872,-0.1593,0.0000,0.1593,0.9872,0.0000,0.0000,0.0000,1.0000,0.2820,0.2947,0.2062
308,5,18.7577,-1.0674,0.6614,0.9872,-0.1593,0.0000,0.1593,0.9872,0.0000,0.0000,0.0000,1.0000,0.1112,0.2100,0.3614
308,6,18.8526,-1.0629,0.4265,0.9872,-0.1593,0.0000,0.1593,0.9872,0.0000,0.0000,0.0000,1.0000,0.1972,0.1336,0.1265
308,7,18.9615,-1.0720,0.4491,0.9872,-0.1593,0.0000,0.1593,0.9872,0.0000,0.0000,0.0000,1.0000,0.1624,0.1625,0.0548
308,8,18.9954,-1.0337,0.4472,0.9872,-0.1593,0.0000,0.1593,0.9872,0.0000,0.0000,0.0000,1.0000,0.0831,0.2046,0.1050
308,9,19.0359,-0.9731,0.4544,0.9872,-0.1593,0.0000,0.1593,0.9872,0.0000,0.0000,0.0000,1.0000,0.0210,0.0279,0.0569
308,10,19.0697,-1.0392,0.4546,0.9872,-0.1593,0.0000,0.1593,0.9872,0.0000,0.0000,0.0000,1.0000,0.0210,0.0279,0.0569
309,0,19.0623,-0.9751,0.4400,0.9849,-0.1731,0.0000,0.1731,0.9849,0.0000,0.0000,0.0000,1.0000,0.2577,0.2263,0.1400
309,1,19.0708,-0.9736,0.6052,0.9849,-0.1731,0.0000,0.1731,0.9849,0.0000,0.0000,0.0000,1.0000,0.1100,0.2168,0.3052
309,2,19.1351,-1.0462,0.5173,0.9849,-0.1731,0.0000,0.1731,0.9849,0.0000,0.0000,0.0000,1.0000,0.1101,0.3070,0.2173
309,3,19.1266,-1.2241,0.5889,0.9849,-0.1731,0.0000,0.1731,0.9849,0.0000,0.0000,0.0000,1.0000,0.2836,0.2073,0.2889
309,4,19.2348,-1.2903,0.5062,0.9849,-0.1731,0.0000,0.1731,0.9849,0.0000,0.0000,0.0000,1.0000,0.2820,0.2947,0.2062
309,5,19.4236,-1.1846,0.6614,0.9849,-0.1731,0.0000,0.1731,0.9849,0.0000,0.0000,0.0000,1.0000,0.1112,0.2100,0.3614
309,6,19.5185,-1.1815,0.4265,0.9849,-0.1731,0.0000,0.1731,0.9849,0.0000,0.0000,0.0000,1.0000,0.1972,0.1336,0.1265
309,7,19.6273,-1.1921,0.4491,0.9849,-0.1731,0.0000,0.1731,0.9849,0.0000,0.0000,0.0000,1.0000,0.1624,0.1625,0.0548
309,8,19.6617,-1.1543,0.4472,0.9849,-0.1731,0.0000,0.1731,0.9849,0.0000,0.0000,0.0000,1.0000,0.0831,0.2046,0.1050
309,9,19.7030,-1.0942,0.4544,0.9849,-0.1731,0.0000,0.1731,0.9849,0.0000,0.0000,0.0000,1.0000,0.0210,0.0279,0.0569
309,10,19.7359,-1.1608,0.4546,0.9849,-0.1731,0.0000,0.1731,0.9849,0.0000,0.0000,0.0000,1.0000,0.0210,0.0279,0.0569
310,0,19.7364,-1.0980,0.4400,0.9823,-0.1872,0.0000,0.1872,0.9823,0.0000,0.0000,0.0000,1.0000,0.2577,0.2263,0.1400
310,1,19.7449,-1.0967,0.6052,0.9823,-0.1872,0.0000,0.1872,0.9823,0.0000,0.0000,0.0000,1.0000,0.1100,0.2168,0.3052
310,2,19.8081,-1.1701,0.5173,0.9823,-0.1872,0.0000,0.1872,0.9823,0.0000,0.0000,0.0000,1.0000,0.1101,0.3070,0.2173
310,3,19.7971,-1.3479,0.5889,0.9823,-0.1872,0.0000,0.1872,0.9823,0.0000,0.0000,0.0000,1.0000,0.2836,0.2073,0.2889
310,4,19.9044,-1.4157,0.5062,0.9823,-0.1872,0.0000,0.1872,0.9823,0.0000,0.0000,0.0000,1.0000,0.2820,0.2947,0.2062
310,5,20.0946,-1.3127,0.6614,0.9823,-0.1872,0.0000,0.1872,0.9823,0.0000,0.0000,0.0000,1.0000,0.1112,0.2100,0.3614
310,6,20.1896,-1.3109,0.4265,0.9823,-0.1872,0.0000,0.1872,0.9823,0.0000,0.0000,0.0000,1.0000,0.1972,0.1336,0.1265
310,7,20.2982,-1.3231,0.4491,0.9823,-0.1872,0.0000,0.1872,0.9823,0.0000,0.0000,0.0000,1.0000,0.1624,0.1625,0.0548
310,8,20.3332,-1.2858,0.4472,0.9823,-0.1872,0.0000,0.1872,0.9823,0.0000,0.0000,0.0000,1.0000,0.0831,0.2046,0.1050
310,9,20.3754,-1.2263,0.4544,0.9823,-0.1872,0.0000,0.1872,0.9823,0.0000,0.0000,0.0000,1.0000,0.0210,0.0279,0.0569
310,10,20.4073,-1.2934,0.4546,0.9823,-0.1872,0.0000,0.1872,0.9823,0.0000,0.0000,0.0000,1.0000,0.0210,0.0279,0.0569
311,0,20.4152,-1.2321,0.4400,0.9794,-0.2021,0.0000,0.2021,0.9794,0.0000,0.0000,0.0000,1.0000,0.2577,0.2263,0.1400
311,1,20.4237,-1.2309,0.6052,0.9794,-0.2021,0.0000,0.2021,0.9794,0.0000,0.0000,0.0000,1.0000,0.1100,0.2168,0.3052
311,2,20.4858,-1.3053,0.5173,0.9794,-0.2021,0.0000,0.2021,0.9794,0.0000,0.0000,0.0000,1.0000,0.1101,0.3070,0.2173
311,3,20.4721,-1.4829,0.5889,0.9794,-0.2021,0.0000,0.2021,0.9794,0.0000,0.0000,0.0000,1.0000,0.2836,0.2073,0.2889
311,4,20.5783,-1.5523,0.5062,0.9794,-0.2021,0.0000,0.2021,0.9794,0.0000,0.0000,0.0000,1.0000,0.2820,0.2947,0.2062
311,5,20.7701,-1.4522,0.6614,0.9794,-0.2021,0.0000,0.2021,0.9794,0.0000,0.0000,0.0000,1.0000,0.1112,0.2100,0.3614
311,6,20.8651,-1.4519,0.4265,0.9794,-0.2021,0.0000,0.2021,0.9794,0.0000,0.0000,0.0000,1.0000,0.1972,0.1336,0.1265
311,7,20.9735,-1.4657,0.4491,0.9794,-0.2021,0.0000,0.2021,0.9794,0.0000,0.0000,0.0000,1.0000,0.1624,0.1625,0.0548
311,8,21.0091,-1.4289,0.4472,0.9794,-0.2021,0.0000,0.2021,0.9794,0.0000,0.0000,0.0000,1.0000,0.0831,0.2046,0.1050
311,9,21.0521,-1.3701,0.4544,0.9794,-0.2021,0.0000,0.2021,0.9794,0.0000,0.0000,0.0000,1.0000,0.0210,0.0279,0.0569
311,10,21.0830,-1.4377,0.4546,0.9794,-0.2021,0.0000,0.2021,0.9794,0.0000,0.0000,0.0000,1.0000,0.0210,0.0279,0.0569
312,0,21.0972,-1.3776,0.4400,0.9762,-0.2168,0.0000,0.2168,0.9762,0.0000,0.0000,0.0000,1.0000,0.2577,0.2263,0.1400
312,1,21.1057,-1.3766,0.6052,0.9762,-0.2168,0.0000,0.2168,0.9762,0.0000,0.0000,0.0000,1.0000,0.1100,0.2168,0.3052
312,2,21.1667,-1.4519,0.5173,0.9762,-0.2168,0.0000,0.2168,0.9762,0.0000,0.0000,0.0000,1.0000,0.1101,0.3070,0.2173
312,3,21.1503,-1.6292,0.5889,0.9762,-0.2168,0.0000,0.2168,0.9762,0.0000,0.0000,0.0000,1.0000,0.2836,0.2073,0.2889
312,4,21.2555,-1.7002,0.5062,0.9762,-0.2168,0.0000,0.2168,0.9762,0.0000,0.0000,0.0000,1.0000,0.2820,0.2947,0.2062
312,5,21.4488,-1.6030,0.6614,0.9762,-0.2168,0.0000,0.2168,0.9762,0.0000,0.0000,0.0000,1.0000,0.1112,0.2100,0.3614
312,6,21.5438,-1.6041,0.4265,0.9762,-0.2168,0.0000,0.2168,0.9762,0.0000,0.0000,0.0000,1.0000,0.1972,0.1336,0.1265
312,7,21.6519,-1.6195,0.4491,0.9762,-0.2168,0.0000,0.2168,0.9762,0.0000,0.0000,0.0000,1.0000,0.1624,0.1625,0.0548
312,8,21.6880,-1.5833,0.4472,0.9762,-0.2168,0.0000,0.2168,0.9762,0.0000,0.0000,0.0000,1.0000,0.0831,0.2046,0.1050
312,9,21.7320,-1.5252,0.4544,0.9762,-0.2168,0.0000,0.2168,0.9762,0.0000,0.0000,0.0000,1.0000,0.0210,0.0279,0.0569
312,10,21.7619,-1.5932,0.4546,0.9762,-0.2168,0.0000,0.2168,0.9762,0.0000,0.0000,0.0000,1.0000,0.0210,0.0279,0.0569
313,0,21.7805,-1.5343,0.4400,0.9727,-0.2319,0.0000,0.2319,0.9727,0.0000,0.0000,0.0000,1.0000,0.2577,0.2263,0.1400
313,1,21.7891,-1.5334,0.6052,0.9727,-0.2319,0.0000,0.2319,0.9727,0.0000,0.0000,0.0000,1.0000,0.1100,0.2168,0.3052
313,2,21.8489,-1.6096,0.5173,0.9727,-0.2319,0.0000,0.2319,0.9727,0.0000,0.0000,0.0000,1.0000,0.1101,0.3070,0.2173
313,3,21.8297,-1.7867,0.5889,0.9727,-0.2319,0.0000,0.2319,0.9727,0.0000,0.0000,0.0000,1.0000,0.2836,0.2073,0.2889
313,4,21.9338,-1.8593,0.5062,0.9727,-0.2319,0.0000,0.2319,0.9727,0.0000,0.0000,0.0000,1.0000,0.2820,0.2947,0.2062
313,5,22.1286,-1.7651,0.6614,0.9727,-0.2319,0.0000,0.2319,0.9727,0.0000,0.0000,0.0000,1.0000,0.1112,0.2100,0.3614
313,6,22.2235,-1.7677,0.4265,0.9727,-0.2319,0.0000,0.2319,0.9727,0.0000,0.0000,0.0000,1.0000,0.1972,0.1336,0.1265
313,7,22.3314,-1.7848,0.4491,0.9727,-0.2319,0.0000,0.2319,0.9727,0.0000,0.0000,0.0000,1.0000,0.1624,0.1625,0.0548
313,8,22.3681,-1.7492,0.4472,0.9727,-0.2319,0.0000,0.2319,0.9727,0.0000,0.0000,0.0000,1.0000,0.0831,0.2046,0.1050
313,9,22.4129,-1.6917,0.4544,0.9727,-0.2319,0.0000,0.2319,0.9727,0.0000,0.0000,0.0000,1.0000,0.0210,0.0279,0.0569
313,10,22.4418,-1.7601,0.4546,0.9727,-0.2319,0.0000,0.2319,0.9727,0.0000,0.0000,0.0000,1.0000,0.0210,0.0279,0.0569
314,0,22.4639,-1.7021,0.4400,0.9691,-0.2467,0.0000,0.2467,0.9691,0.0000,0.0000,0.0000,1.0000,0.2577,0.2263,0.1400
314,1,22.4725,-1.7013,0.6052,0.9691,-0.2467,0.0000,0.2467,0.9691,0.0000,0.0000,0.0000,1.0000,0.1100,0.2168,0.3052
314,2,22.5312,-1.7785,0.5173,0.9691,-0.2467,0.0000,0.2467,0.9691,0.0000,0.0000,0.0000,1.0000,0.1101,0.3070,0.2173
314,3,22.5093,-1.9553,0.5889,0.9691,-0.2467,0.0000,0.2467,0.9691,0.0000,0.0000,0.0000,1.0000,0.2836,0.2073,0.2889
314,4,22.6123,-2.0295,0.5062,0.9691,-0.2467,0.0000,0.2467,0.9691,0.0000,0.0000,0.0000,1.0000,0.2820,0.2947,0.2062
314,5,22.8084,-1.9382,0.6614,0.9691,-0.2467,0.0000,0.2467,0.9691,0.0000,0.0000,0.0000,1.0000,0.1112,0.2100,0.3614
314,6,22.9034,-1.9423,0.4265,0.9691,-0.2467,0.0000,0.2467,0.9691,0.0000,0.0000,0.0000,1.0000,0.1972,0.1336,0.1265
314,7,23.0110,-1.9610,0.4491,0.9691,-0.2467,0.0000,0.2467,0.9691,0.0000,0.0000,0.0000,1.0000,0.1624,0.1625,0.0548
314,8,23.0482,-1.9259,0.4472,0.9691,-0.2467,0.0000,0.2467,0.9691,0.0000,0.0000,0.0000,1.0000,0.0831,0.2046,0.1050
314,9,23.0939,-1.8691,0.4544,0.9691,-0.2467,0.0000,0.2467,0.9691,0.0000,0.0000,0.0000,1.0000,0.0210,0.0279,0.0569
314,10,23.1217,-1.9380,0.4546,0.9691,-0.2467,0.0000,0.2467,0.9691,0.0000,0.0000,0.0000,1.0000,0.0210,0.0279,0.0569
315,0,23.1474,-1.8814,0.4400,0.9650,-0.2623,0.0000,0.2623,0.9650,0.0000,0.0000,0.0000,1.0000,0.2577,0.2263,0.1400
315,1,23.1560,-1.8807,0.6052,0.9650,-0.2623,0.0000,0.2623,0.9650,0.0000,0.0000,0.0000,1.0000,0.1100,0.2168,0.3052
315,2,23.2134,-1.9588,0.5173,0.9650,-0.2623,0.0000,0.2623,0.9650,0.0000,0.0000,0.0000,1.0000,0.1101,0.3070,0.2173
315,3,23.1886,-2.1352,0.5889,0.9650,-0.2623,0.0000,0.2623,0.9650,0.0000,0.0000,0.0000,1.0000,0.2836,0.2073,0.2889
315,4,23.2904,-2.2110,0.5062,0.9650,-0.2623,0.0000,0.2623,0.9650,0.0000,0.0000,0.0000,1.0000,0.2820,0.2947,0.2062
315,5,23.4880,-2.1230,0.6614,0.9650,-0.2623,0.0000,0.2623,0.9650,0.0000,0.0000,0.0000,1.0000,0.1112,0.2100,0.3614
315,6,23.5829,-2.1286,0.4265,0.9650,-0.2623,0.0000,0.2623,0.9650,0.0000,0.0000,0.0000,1.0000,0.1972,0.1336,0.1265
315,7,23.6902,-2.1490,0.4491,0.9650,-0.2623,0.0000,0.2623,0.9650,0.0000,0.0000,0.0000,1.0000,0.1624,0.1625,0.0548
315,8,23.7279,-2.1145,0.4472,0.9650,-0.2623,0.0000,0.2623,0.9650,0.0000,0.0000,0.0000,1.0000,0.0831,0.2046,0.1050
315,9,23.7746,-2.0585,0.4544,0.9650,-0.2623,0.0000,0.2623,0.9650,0.0000,0.0000,0.0000,1.0000,0.0210,0.0279,0.0569
315,10,23.8012,-2.1278,0.4546,0.9650,-0.2623,0.0000,0.2623,0.9650,0.0000,0.0000,0.0000,1.0000,0.0210,0.0279,0.0569
316,0,23.8316,-2.0729,0.4400,0.9604,-0.2786,0.0000,0.2786,0.9604,0.0000,0.0000,0.0000,1.0000,0.2577,0.2263,0.1400
316,1,23.8402,-2.0724,0.6052,0.9604,-0.2786,0.0000,0.2786,0.9604,0.0000,0.0000,0.0000,1.0000,0.1100,0.2168,0.3052
316,2,23.8963,-2.1514,0.5173,0.9604,-0.2786,0.0000,0.2786,0.9604,0.0000,0.0000,0.0000,1.0000,0.1101,0.3070,0.2173
316,3,23.8685,-2.3274,0.5889,0.9604,-0.2786,0.0000,0.2786,0.9604,0.0000,0.0000,0.0000,1.0000,0.2836,0.2073,0.2889
316,4,23.9690,-2.4049,0.5062,0.9604,-0.2786,0.0000,0.2786,0.9604,0.0000,0.0000,0.0000,1.0000,0.2820,0.2947,0.2062
316,5,24.1681,-2.3202,0.6614,0.9604,-0.2786,0.0000,0.2786,0.9604,0.0000,0.0000,0.0000,1.0000,0.1112,0.2100,0.3614
316,6,24.2628,-2.3274,0.4265,0.9604,-0.2786,0.0000,0.2786,0.9604,0.0000,0.0000,0.0000,1.0000,0.1972,0.1336,0.1265
316,7,24.3698,-2.3497,0.4491,0.9604,-0.2786,0.0000,0.2786,0.9604,0.0000,0.0000,0.0000,1.0000,0.1624,0.1625,0.0548
316,8,24.4081,-2.3158,0.4472,0.9604,-0.2786,0.0000,0.2786,0.9604,0.0000,0.0000,0.0000,1.0000,0.0831,0.2046,0.1050
316,9,24.4557,-2.2606,0.4544,0.9604,-0.2786,0.0000,0.2786,0.9604,0.0000,0.0000,0.0000,1.0000,0.0210,0.0279,0.0569
316,10,24.4812,-2.3304,0.4546,0.9604,-0.2786,0.0000,0.2786,0.9604,0.0000,0.0000,0.0000,1.0000,0.0210,0.0279,0.0569
317,0,24.5173,-2.2774,0.4400,0.9556,-0.2946,0.0000,0.2946,0.9556,0.0000,0.0000,0.0000,1.0000,0.2577,0.2263,0.1400
317,1,24.5259,-2.2770,0.6052,0.9556,-0.2946,0.0000,0.2946,0.9556,0.0000,0.0000,0.0000,1.0000,0.1100,0.2168,0.3052
317,2,24.5807,-2.3570,0.5173,0.9556,-0.2946,0.0000,0.2946,0.9556,0.0000,0.0000,0.0000,1.0000,0.1101,0.3070,0.2173
317,3,24.5500,-2.5324,0.5889,0.9556,-0.2946,0.0000,0.2946,0.9556,0.0000,0.0000,0.0000,1.0000,0.2836,0.2073,0.2889
317,4,24.6492,-2.6117,0.5062,0.9556,-0.2946,0.0000,0.2946,0.9556,0.0000,0.0000,0.0000,1.0000,0.2820,0.2947,0.2062
317,5,24.8496,-2.5303,0.6614,0.9556,-0.2946,0.0000,0.2946,0.9556,0.0000,0.0000,0.0000,1.0000,0.1112,0.2100,0.3614
317,6,24.9442,-2.5391,0.4265,0.9556,-0.2946,0.0000,0.2946,0.9556,0.0000,0.0000,0.0000,1.0000,0.1972,0.1336,0.1265
317,7,25.0508,-2.5631,0.4491,0.9556,-0.2946,0.0000,0.2946,0.9556,0.0000,0.0000,0.0000,1.0000,0.1624,0.1625,0.0548
317,8,25.0897,-2.5299,0.4472,0.9556,-0.2946,0.0000,0.2946,0.9556,0.0000,0.0000,0.0000,1.0000,0.0831,0.2046,0.1050
317,9,25.1382,-2.4755,0.4544,0.9556,-0.2946,0.0000,0.2946,0.9556,0.0000,0.0000,0.0000,1.0000,0.0210,0.0279,0.0569
317,10,25.1625,-2.5457,0.4546,0.9556,-0.2946,0.0000,0.2946,0.9556,0.0000,0.0000,0.0000,1.0000,0.0210,0.0279,0.0569
318,0,25.2041,-2.4949,0.4400,0.9504,-0.3111,0.0000,0.3111,0.9504,0.0000,0.0000,0.0000,1.0000,0.2577,0.2263,0.1400
318,1,25.2127,-2.4947,0.6052,0.9504,-0.3111,0.0000,0.3111,0.9504,0.0000,0.0000,0.0000,1.0000,0.1100,0.2168,0.3052
318,2,25.2660,-2.5756,0.5173,0.9504,-0.3111,0.0000,0.3111,0.9504,0.0000,0.0000,0.0000,1.0000,0.1101,0.3070,0.2173
318,3,25.2323,-2.7505,0.5889,0.9504,-0.3111,0.0000,0.3111,0.9504,0.0000,0.0000,0.0000,1.0000,0.2836,0.2073,0.2889
318,4,25.3301,-2.8314,0.5062,0.9504,-0.3111,0.0000,0.3111,0.9504,0.0000,0.0000,0.0000,1.0000,0.2820,0.2947,0.2062
318,5,25.5320,-2.7536,0.6614,0.9504,-0.3111,0.0000,0.3111,0.9504,0.0000,0.0000,0.0000,1.0000,0.1112,0.2100,0.3614
318,6,25.6264,-2.7640,0.4265,0.9504,-0.3111,0.0000,0.3111,0.9504,0.0000,0.0000,0.0000,1.0000,0.1972,0.1336,0.1265
318,7,25.7325,-2.7899,0.4491,0.9504,-0.3111,0.0000,0.3111,0.9504,0.0000,0.0000,0.0000,1.0000,0.1624,0.1625,0.0548
318,8,25.7720,-2.7573,0.4472,0.9504,-0.3111,0.0000,0.3111,0.9504,0.0000,0.0000,0.0000,1.0000,0.0831,0.2046,0.1050
318,9,25.8214,-2.7037,0.4544,0.9504,-0.3111,0.0000,0.3111,0.9504,0.0000,0.0000,0.0000,1.0000,0.0210,0.0279,0.0569
318,10,25.8445,-2.7743,0.4546,0.9504,-0.3111,0.0000,0.3111,0.9504,0.0000,0.0000,0.0000,1.0000,0.0210,0.0279,0.0569
319,0,25.8901,-2.7253,0.4400,0.9449,-0.3274,0.0000,0.3274,0.9449,0.0000,0.0000,0.0000,1.0000,0.2577,0.2263,0.1400
319,1,25.8987,-2.7252,0.6052,0.9449,-0.3274,0.0000,0.3274,0.9449,0.0000,0.0000,0.0000,1.0000,0.1100,0.2168,0.3052
319,2,25.9507,-2.8071,0.5173,0.9449,-0.3274,0.0000,0.3274,0.9449,0.0000,0.0000,0.0000,1.0000,0.1101,0.3070,0.2173
319,3,25.9140,-2.9814,0.5889,0.9449,-0.3274,0.0000,0.3274,0.9449,0.0000,0.0000,0.0000,1.0000,0.2836,0.2073,0.2889
319,4,26.0104,-3.0640,0.5062,0.9449,-0.3274,0.0000,0.3274,0.9449,0.0000,0.0000,0.0000,1.0000,0.2820,0.2947,0.2062
319,5,26.2135,-2.9896,0.6614,0.9449,-0.3274,0.0000,0.3274,0.9449,0.0000,0.0000,0.0000,1.0000,0.1112,0.2100,0.3614
319,6,26.3078,-3.0016,0.4265,0.9449,-0.3274,0.0000,0.3274,0.9449,0.0000,0.0000,0.0000,1.0000,0.1972,0.1336,0.1265
319,7,26.4135,-3.0293,0.4491,0.9449,-0.3274,0.0000,0.3274,0.9449,0.0000,0.0000,0.0000,1.0000,0.1624,0.1625,0.0548
319,8,26.4535,-2.9975,0.4472,0.9449,-0.3274,0.0000,0.3274,0.9449,0.0000,0.0000,0.0000,1.0000,0.0831,0.2046,0.1050
319,9,26.5038,-2.9447,0.4544,0.9449,-0.3274,0.0000,0.3274,0.9449,0.0000,0.0000,0.0000,1.0000,0.0210,0.0279,0.0569
319,10,26.5257,-3.0157,0.4546,0.9449,-0.3274,0.0000,0.3274,0.9449,0.0000,0.0000,0.0000,1.0000,0.0210,0.0279,0.0569
320,0,-0.0437,-0.0079,0.4400,1.0000,0.0000,0.0000,-0.0000,1.0000,0.0000,0.0000,0.0000,1.0000,0.2577,0.2263,0.1400
320,1,-0.0356,-0.0050,0.6052,1.0000,0.0000,0.0000,-0.0000,1.0000,0.0000,0.0000,0.0000,1.0000,0.1100,0.2168,0.3052
320,2,0.0403,-0.0653,0.5173,1.0000,0.0000,0.0000,-0.0000,1.0000,0.0000,0.0000,0.0000,1.0000,0.1101,0.3070,0.2173
320,3,0.0627,-0.2420,0.5889,1.0000,0.0000,0.0000,-0.0000,1.0000,0.0000,0.0000,0.0000,1.0000,0.2836,0.2073,0.2889
320,4,0.1808,-0.2885,0.5062,1.0000,0.0000,0.0000,-0.0000,1.0000,0.0000,0.0000,0.0000,1.0000,0.2820,0.2947,0.2062
320,5,0.3484,-0.1517,0.6614,1.0000,0.0000,0.0000,-0.0000,1.0000,0.0000,0.0000,0.0000,1.0000,0.1112,0.2100,0.3614
320,6,0.4414,-0.1322,0.4265,1.0000,0.0000,0.0000,-0.0000,1.0000,0.0000,0.0000,0.0000,1.0000,0.1972,0.1336,0.1265
320,7,0.5503,-0.1238,0.4491,1.0000,0.0000,0.0000,-0.0000,1.0000,0.0000,0.0000,0.0000,1.0000,0.1624,0.1625,0.0548
320,8,0.5777,-0.0806,0.4472,1.0000,0.0000,0.0000,-0.0000,1.0000,0.0000,0.0000,0.0000,1.0000,0.0831,0.2046,0.1050
320,9,0.6080,-0.0143,0.4544,1.0000,0.0000,0.0000,-0.0000,1.0000,0.0000,0.0000,0.0000,1.0000,0.0210,0.0279,0.0569
320,10,0.6519,-0.0742,0.4546,1.0000,0.0000,0.0000,-0.0000,1.0000,0.0000,0.0000,0.0000,1.0000,0.0210,0.0279,0.0569
321,0,-0.0409,-0.0079,0.4400,1.0000,-0.0000,0.0000,0.0000,1.0000,0.0000,0.0000,0.0000,1.0000,0.2577,0.2263,0.1400
321,1,-0.0328,-0.0050,0.6052,1.0000,-0.0000,0.0000,0.0000,1.0000,0.0000,0.0000,0.0000,1.0000,0.1100,0.2168,0.3052
321,2,0.0431,-0.0653,0.5173,1.0000,-0.0000,0.0000,0.0000,1.0000,0.0000,0.0000,0.0000,1.0000,0.1101,0.3070,0.2173
321,3,0.0655,-0.2420,0.5889,1.0000,-0.0000,0.0000,0.0000,1.0000,0.0000,0.0000,0.0000,1.0000,0.2836,0.2073,0.2889
321,4,0.1836,-0.2885,0.5062,1.0000,-0.0000,0.0000,0.0000,1.0000,0.0000,0.0000,0.0000,1.0000,0.2820,0.2947,0.2062
321,5,0.3512,-0.1517,0.6614,1.0000,-0.0000,0.0000,0.0000,1.0000,0.0000,0.0000,0.0000,1.0000,0.1112,0.2100,0.3614
321,6,0.4442,-0.1322,0.4265,1.0000,-0.0000,0.0000,0.0000,1.0000,0.0000,0.0000,0.0000,1.0000,0.1972,0.1336,0.1265
321,7,0.5531,-0.1238,0.4491,1.0000,-0.0000,0.0000,0.0000,1.0000,0.0000,0.0000,0.0000,1.0000,0.1624,0.1625,0.0548
321,8,0.5805,-0.0806,0.4472,1.0000,-0.0000,0.0000,0.0000,1.0000,0.0000,0.0000,0.0000,1.0000,0.0831,0.2046,0.1050
321,9,0.6108,-0.0143,0.4544,1.0000,-0.0000,0.0000,0.0000,1.0000,0.0000,0.0000,0.0000,1.0000,0.0210,0.0279,0.0569
321,10,0.6547,-0.0742,0.4546,1.0000,-0.0000,0.0000,0.0000,1.0000,0.0000,0.0000,0.0000,1.0000,0.0210,0.0279,0.0569
322,0,-0.0349,-0.0079,0.4400,1.0000,-0.0000,0.0000,0.0000,1.0000,0.0000,0.0000,0.0000,1.0000,0.2577,0.2263,0.1400
322,1,-0.0268,-0.0050,0.6052,1.0000,-0.0000,0.0000,0.0000,1.0000,0.0000,0.0000,0.0000,1.0000,0.1100,0.2168,0.3052
322,2,0.0491,-0.0653,0.5173,1.0000,-0.0000,0.0000,0.0000,1.0000,0.0000,0.0000,0.0000,1.0000,0.1101,0.3070,0.2173
322,3,0.0715,-0.2420,0.5889,1.0000,-0.0000,0.0000,0.0000,1.0000,0.0000,0.0000,0.0000,1.0000,0.2836,0.2073,0.2889
322,4,0.1896,-0.2885,0.5062,1.0000,-0.0000,0.0000,0.0000,1.0000,0.0000,0.0000,0.0000,1.0000,0.2820,0.2947,0.2062
322,5,0.3572,-0.1517,0.6614,1.0000,-0.0000,0.0000,0.0000,1.0000,0.0000,0.0000,0.0000,1.0000,0.1112,0.2100,0.3614
322,6,0.4502,-0.1322,0.4265,1.0000,-0.0000,0.0000,0.0000,1.0000,0.0000,0.0000,0.0000,1.0000,0.1972,0.1336,0.1265
322,7,0.5591,-0.1238,0.4491,1.0000,-0.0000,0.0000,0.0000,1.0000,0.0000,0.0000,0.0000,1.0000,0.1624,0.1625,0.0548
322,8,0.5865,-0.0806,0.4472,1.0000,-0.0000,0.0000,0.0000,1.0000,0.0000,0.0000,0.0000,1.0000,0.0831,0.2046,0.1050
322,9,0.6168,-0.0143,0.4544,1.0000,-0.0000,0.0000,0.0000,1.0000,0.0000,0.0000,0.0000,1.0000,0.0210,0.0279,0.0569
322,10,0.6607,-0.0742,0.4546,1.0000,-0.0000,0.0000,0.0000,1.0000,0.0000,0.0000,0.0000,1.0000,0.0210,0.0279,0.0569
323,0,-0.0267,-0.0079,0.4400,1.0000,-0.0000,0.0000,0.0000,1.0000,0.0000,0.0000,0.0000,1.0000,0.2577,0.2263,0.1400
323,1,-0.0186,-0.0050,0.6052,1.0000,-0.0000,0.0000,0.0000,1.0000,0.0000,0.0000,0.0000,1.0000,0.1100,0.2168,0.3052
323,2,0.0573,-0.0653,0.5173,1.0000,-0.0000,0.0000,0.0000,1.0000,0.0000,0.0000,0.0000,1.0000,0.1101,0.3070,0.2173
323,3,0.0797,-0.2420,0.5889,1.0000,-0.0000,0.0000,0.0000,1.0000,0.0000,0.0000,0.0000,1.0000,0.2836,0.2073,0.2889
323,4,0.1978,-0.2885,0.5062,1.0000,-0.0000,0.0000,0.0000,1.0000,0.0000,0.0000,0.0000,1.0000,0.2820,0.2947,0.2062
323,5,0.3654,-0.1517,0.6614,1.0000,-0.0000,0.0000,0.0000,1.0000,0.0000,0.0000,0.0000,1.0000,0.1112,0.2100,0.3614
323,6,0.4584,-0.1322,0.4265,1.0000,-0.0000,0.0000,0.0000,1.0000,0.0000,0.0000,0.0000,1.0000,0.1972,0.1336,0.1265
323,7,0.5673,-0.1238,0.4491,1.0000,-0.0000,0.0000,0.0000,1.0000,0.0000,0.0000,0.0000,1.0000,0.1624,0.1625,0.0548
323,8,0.5947,-0.0806,0.4472,1.0000,-0.0000,0.0000,0.0000,1.0000,0.0000,0.0000,0.0000,1.0000,0.0831,0.2046,0.1050
323,9,0.6250,-0.0143,0.4544,1.0000,-0.0000,0.0000,0.0000,1.0000,0.0000,0.0000,0.0000,1.0000,0.0210,0.0279,0.0569
323,10,0.6689,-0.0742,0.4546,1.0000,-0.0000,0.0000,0.0000,1.0000,0.0000,0.0000,0.0000,1.0000,0.0210,0.0279,0.0569
324,0,-0.0158,-0.0079,0.4400,1.0000,-0.0000,0.0000,0.0000,1.0000,0.0000,0.0000,0.0000,1.0000,0.2577,0.2263,0.1400
324,1,-0.0077,-0.0050,0.6052,1.0000,-0.0000,0.0000,0.0000,1.0000,0.0000,0.0000,0.0000,1.0000,0.1100,0.2168,0.3052
324,2,0.0682,-0.0653,0.5173,1.0000,-0.0000,0.0000,0.0000,1.0000,0.0000,0.0000,0.0000,1.0000,0.1101,0.3070,0.2173
324,3,0.0906,-0.2420,0.5889,1.0000,-0.0000,0.0000,0.0000,1.0000,0.0000,0.0000,0.0000,1.0000,0.2836,0.2073,0.2889
324,4,0.2087,-0.2885,0.5062,1.0000,-0.0000,0.0000,0.0000,1.0000,0.0000,0.0000,0.0000,1.0000,0.2820,0.2947,0.2062
324,5,0.3763,-0.1517,0.6614,1.0000,-0.0000,0.0000,0.0000,1.0000,0.0000,0.0000,0.0000,1.0000,0.1112,0.2100,0.3614
324,6,0.4693,-0.1322,0.4265,1.0000,-0.0000,0.0000,0.0000,1.0000,0.0000,0.0000,0.0000,1.0000,0.1972,0.1336,0.1265
324,7,0.5782,-0.1238,0.4491,1.0000,-0.0000,0.0000,0.0000,1.0000,0.0000,0.0000,0.0000,1.0000,0.1624,0.1625,0.0548
324,8,0.6056,-0.0806,0.4472,1.0000,-0.0000,0.0000,0.0000,1.0000,0.0000,0.0000,0.0000,1.0000,0.0831,0.2046,0.1050
324,9,0.6359,-0.0143,0.4544,1.0000,-0.0000,0.0000,0.0000,1.0000,0.0000,0.0000,0.0000,1.0000,0.0210,0.0279,0.0569
324,10,0.6798,-0.0742,0.4546,1.0000,-0.0000,0.0000,0.0000,1.0000,0.0000,0.0000,0.0000,1.0000,0.0210,0.0279,0.0569
325,0,-0.0009,-0.0079,0.4400,1.0000,-0.0000,0.0000,0.0000,1.0000,0.0000,0.0000,0.0000,1.0000,0.2577,0.2263,0.1400
325,1,0.0072,-0.0050,0.6052,1.0000,-0.0000,0.0000,0.0000,1.0000,0.0000,0.0000,0.0000,1.0000,0.1100,0.2168,0.3052
325,2,0.0831,-0.0653,0.5173,1.0000,-0.0000,0.0000,0.0000,1.0000,0.0000,0.0000,0.0000,1.0000,0.1101,0.3070,0.2173
325,3,0.1055,-0.2420,0.5889,1.0000,-0.0000,0.0000,0.0000,1.0000,0.0000,0.0000,0.0000,1.0000,0.2836,0.2073,0.2889
325,4,0.2236,-0.2885,0.5062,1.0000,-0.0000,0.0000,0.0000,1.0000,0.0000,0.0000,0.0000,1.0000,0.2820,0.2947,0.2062
325,5,0.3912,-0.1517,0.6614,1.0000,-0.0000,0.0000,0.0000,1.0000,0.0000,0.0000,0.0000,1.0000,0.1112,0.2100,0.3614
325,6,0.4842,-0.1322,0.4265,1.0000,-0.0000,0.0000,0.0000,1.0000,0.0000,0.0000,0.0000,1.0000,0.1972,0.1336,0.1265
325,7,0.5931,-0.1238,0.4491,1.0000,-0.0000,0.0000,0.0000,1.0000,0.0000,0.0000,0.0000,1.0000,0.1624,0.1625,0.0548
325,8,0.6205,-0.0806,0.4472,1.0000,-0.0000,0.0000,0.0000,1.0000,0.0000,0.0000,0.0000,1.0000,0.0831,0.2046,0.1050
325,9,0.6508,-0.0143,0.4544,1.0000,-0.0000,0.0000,0.0000,1.0000,0.0000,0.0000,0.0000,1.0000,0.0210,0.0279,0.0569
325,10,0.6947,-0.0742,0.4546,1.0000,-0.0000,0.0000,0.0000,1.0000,0.0000,0.0000,0.0000,1.0000,0.0210,0.0279,0.0569
326,0,0.0202,-0.0079,0.4400,1.0000,-0.0001,0.0000,0.0001,1.0000,0.0000,0.0000,0.0000,1.0000,0.2577,0.2263,0.1400
326,1,0.0283,-0.0050,0.6052,1.0000,-0.0001,0.0000,0.0001,1.0000,0.0000,0.0000,0.0000,1.0000,0.1100,0.2168,0.3052
326,2,0.1042,-0.0653,0.5173,1.0000,-0.0001,0.0000,0.0001,1.0000,0.0000,0.0000,0.0000,1.0000,0.1101,0.3070,0.2173
326,3,0.1266,-0.2420,0.5889,1.0000,-0.0001,0.0000,0.0001,1.0000,0.0000,0.0000,0.0000,1.0000,0.2836,0.2073,0.2889
326,4,0.2447,-0.2885,0.5062,1.0000,-0.0001,0.0000,0.0001,1.0000,0.0000,0.0000,0.0000,1.0000,0.2820,0.2947,0.2062
326,5,0.4123,-0.1517,0.6614,1.0000,-0.0001,0.0000,0.0001,1.0000,0.0000,0.0000,0.0000,1.0000,0.1112,0.2100,0.3614
326,6,0.5053,-0.1322,0.4265,1.0000,-0.0001,0.0000,0.0001,1.0000,0.0000,0.0000,0.0000,1.0000,0.1972,0.1336,0.1265
326,7,0.6142,-0.1238,0.4491,1.0000,-0.0001,0.0000,0.0001,1.0000,0.0000,0.0000,0.0000,1.0000,0.1624,0.1625,0.0548
326,8,0.6416,-0.0806,0.4472,1.0000,-0.0001,0.0000,0.0001,1.0000,0.0000,0.0000,0.0000,1.0000,0.0831,0.2046,0.1050
326,9,0.6719,-0.0143,0.4544,1.0000,-0.0001,0.0000,0.0001,1.0000,0.0000,0.0000,0.0000,1.0000,0.0210,0.0279,0.0569
326,10,0.7158,-0.0742,0.4546,1.0000,-0.0001,0.0000,0.0001,1.0000,0.0000,0.0000,0.0000,1.0000,0.0210,0.0279,0.0569
327,0,0.0494,-0.0079,0.4400,1.0000,-0.0001,0.0000,0.0001,1.0000,0.0000,0.0000,0.0000,1.0000,0.2577,0.2263,0.1400
327,1,0.0575,-0.0050,0.6052,1.0000,-0.0001,0.0000,0.0001,1.0000,0.0000,0.0000,0.0000,1.0000,0.1100,0.2168,0.3052
327,2,0.1334,-0.0653,0.5173,1.0000,-0.0001,0.0000,0.0001,1.0000,0.0000,0.0000,0.0000,1.0000,0.1101,0.3070,0.2173
327,3,0.1558,-0.2420,0.5889,1.0000,-0.0001,0.0000,0.0001,1.0000,0.0000,0.0000,0.0000,1.0000,0.2836,0.2073,0.2889
327,4,0.2739,-0.2885,0.5062,1.0000,-0.0001,0.0000,0.0001,1.0000,0.0000,0.0000,0.0000,1.0000,0.2820,0.2947,0.2062
327,5,0.4415,-0.1517,0.6614,1.0000,-0.0001,0.0000,0.0001,1.0000,0.0000,0.0000,0.0000,1.0000,0.1112,0.2100,0.3614
327,6,0.5345,-0.1323,0.4265,1.0000,-0.0001,0.0000,0.0001,1.0000,0.0000,0.0000,0.0000,1.0000,0.1972,0.1336,0.1265
327,7,0.6434,-0.1239,0.4491,1.0000,-0.0001,0.0000,0.0001,1.0000,0.0000,0.0000,0.0000,1.0000,0.1624,0.1625,0.0548
327,8,0.6708,-0.0807,0.4472,1.0000,-0.0001,0.0000,0.0001,1.0000,0.0000,0.0000,0.0000,1.0000,0.0831,0.2046,0.1050
327,9,0.7011,-0.0144,0.4544,1.0000,-0.0001,0.0000,0.0001,1.0000,0.0000,0.0000,0.0000,1.0000,0.0210,0.0279,0.0569
327,10,0.7450,-0.0743,0.4546,1.0000,-0.0001,0.0000,0.0001,1.0000,0.0000,0.0000,0.0000,1.0000,0.0210,0.0279,0.0569
328,0,0.0887,-0.0079,0.4400,1.0000,-0.0002,0.0000,0.0002,1.0000,0.0000,0.0000,0.0000,1.0000,0.2577,0.2263,0.1400
328,1,0.0968,-0.0050,0.6052,1.0000,-0.0002,0.0000,0.0002,1.0000,0.0000,0.0000,0.0000,1.0000,0.1100,0.2168,0.3052
328,2,0.1727,-0.0653,0.5173,1.0000,-0.0002,0.0000,0.0002,1.0000,0.0000,0.0000,0.0000,1.0000,0.1101,0.3070,0.2173
328,3,0.1950,-0.2420,0.5889,1.0000,-0.0002,0.0000,0.0002,1.0000,0.0000,0.0000,0.0000,1.0000,0.2836,0.2073,0.2889
328,4,0.3131,-0.2885,0.5062,1.0000,-0.0002,0.0000,0.0002,1.0000,0.0000,0.0000,0.0000,1.0000,0.2820,0.2947,0.2062
328,5,0.4807,-0.1518,0.6614,1.0000,-0.0002,0.0000,0.0002,1.0000,0.0000,0.0000,0.0000,1.0000,0.1112,0.2100,0.3614
328,6,0.5737,-0.1323,0.4265,1.0000,-0.0002,0.0000,0.0002,1.0000,0.0000,0.0000,0.0000,1.0000,0.1972,0.1336,0.1265
328,7,0.6826,-0.1239,0.4491,1.0000,-0.0002,0.0000,0.0002,1.0000,0.0000,0.0000,0.0000,1.0000,0.1624,0.1625,0.0548
328,8,0.7100,-0.0807,0.4472,1.0000,-0.0002,0.0000,0.0002,1.0000,0.0000,0.0000,0.0000,1.0000,0.0831,0.2046,0.1050
328,9,0.7404,-0.0144,0.4544,1.0000,-0.0002,0.0000,0.0002,1.0000,0.0000,0.0000,0.0000,1.0000,0.0210,0.0279,0.0569
328,10,0.7843,-0.0743,0.4546,1.0000,-0.0002,0.0000,0.0002,1.0000,0.0000,0.0000,0.0000,1.0000,0.0210,0.0279,0.0569
329,0,0.1397,-0.0079,0.4400,1.0000,-0.0003,0.0000,0.0003,1.0000,0.0000,0.0000,0.0000,1.0000,0.2577,0.2263,0.1400
329,1,0.1478,-0.0050,0.6052,1.0000,-0.0003,0.0000,0.0003,1.0000,0.0000,0.0000,0.0000,1.0000,0.1100,0.2168,0.3052
329,2,0.2236,-0.0653,0.5173,1.0000,-0.0003,0.0000,0.0003,1.0000,0.0000,0.0000,0.0000,1.0000,0.1101,0.3070,0.2173
329,3,0.2460,-0.2420,0.5889,1.0000,-0.0003,0.0000,0.0003,1.0000,0.0000,0.0000,0.0000,1.0000,0.2836,0.2073,0.2889
329,4,0.3641,-0.2886,0.5062,1.0000,-0.0003,0.0000,0.0003,1.0000,0.0000,0.0000,0.0000,1.0000,0.2820,0.2947,0.2062
329,5,0.5317,-0.1518,0.6614,1.0000,-0.0003,0.0000,0.0003,1.0000,0.0000,0.0000,0.0000,1.0000,0.1112,0.2100,0.3614
329,6,0.6247,-0.1323,0.4265,1.0000,-0.0003,0.0000,0.0003,1.0000,0.0000,0.0000,0.0000,1.0000,0.1972,0.1336,0.1265
329,7,0.7336,-0.1240,0.4491,1.0000,-0.0003,0.0000,0.0003,1.0000,0.0000,0.0000,0.0000,1.0000,0.1624,0.1625,0.0548
329,8,0.7610,-0.0808,0.4472,1.0000,-0.0003,0.0000,0.0003,1.0000,0.0000,0.0000,0.0000,1.0000,0.0831,0.2046,0.1050
329,9,0.7914,-0.0145,0.4544,1.0000,-0.0003,0.0000,0.0003,1.0000,0.0000,0.0000,0.0000,1.0000,0.0210,0.0279,0.0569
329,10,0.8352,-0.0744,0.4546,1.0000,-0.0003,0.0000,0.0003,1.0000,0.0000,0.0000,0.0000,1.0000,0.0210,0.0279,0.0569
330,0,0.2039,-0.0079,0.4400,1.0000,-0.0004,0.0000,0.0004,1.0000,0.0000,0.0000,0.0000,1.0000,0.2577,0.2263,0.1400
330,1,0.2120,-0.0050,0.6052,1.0000,-0.0004,0.0000,0.0004,1.0000,0.0000,0.0000,0.0000,1.0000,0.1100,0.2168,0.3052
330,2,0.2878,-0.0654,0.5173,1.0000,-0.0004,0.0000,0.0004,1.0000,0.0000,0.0000,0.0000,1.0000,0.1101,0.3070,0.2173
330,3,0.3102,-0.2421,0.5889,1.0000,-0.0004,0.0000,0.0004,1.0000,0.0000,0.0000,0.0000,1.0000,0.2836,0.2073,0.2889
330,4,0.4282,-0.2886,0.5062,1.0000,-0.0004,0.0000,0.0004,1.0000,0.0000,0.0000,0.0000,1.0000,0.2820,0.2947,0.2062
330,5,0.5959,-0.1519,0.6614,1.0000,-0.0004,0.0000,0.0004,1.0000,0.0000,0.0000,0.0000,1.0000,0.1112,0.2100,0.3614
330,6,0.6889,-0.1324,0.4265,1.0000,-0.0004,0.0000,0.0004,1.0000,0.0000,0.0000,0.0000,1.0000,0.1972,0.1336,0.1265
330,7,0.7978,-0.1241,0.4491,1.0000,-0.0004,0.0000,0.0004,1.0000,0.0000,0.0000,0.0000,1.0000,0.1624,0.1625,0.0548
330,8,0.8252,-0.0809,0.4472,1.0000,-0.0004,0.0000,0.0004,1.0000,0.0000,0.0000,0.0000,1.0000,0.0831,0.2046,0.1050
330,9,0.8556,-0.0146,0.4544,1.0000,-0.0004,0.0000,0.0004,1.0000,0.0000,0.0000,0.0000,1.0000,0.0210,0.0279,0.0569
330,10,0.8994,-0.0745,0.4546,1.0000,-0.0004,0.0000,0.0004,1.0000,0.0000,0.0000,0.0000,1.0000,0.0210,0.0279,0.0569
331,0,0.2827,-0.0080,0.4400,1.0000,-0.0007,0.0000,0.0007,1.0000,0.0000,0.0000,0.0000,1.0000,0.2577,0.2263,0.1400
331,1,0.2908,-0.0051,0.6052,1.0000,-0.0007,0.0000,0.0007,1.0000,0.0000,0.0000,0.0000,1.0000,0.1100,0.2168,0.3052
331,2,0.3666,-0.0654,0.5173,1.0000,-0.0007,0.0000,0.0007,1.0000,0.0000,0.0000,0.0000,1.0000,0.1101,0.3070,0.2173
331,3,0.3889,-0.2421,0.5889,1.0000,-0.0007,0.0000,0.0007,1.0000,0.0000,0.0000,0.0000,1.0000,0.2836,0.2073,0.2889
331,4,0.5070,-0.2887,0.5062,1.0000,-0.0007,0.0000,0.0007,1.0000,0.0000,0.0000,0.0000,1.0000,0.2820,0.2947,0.2062
331,5,0.6747,-0.1520,0.6614,1.0000,-0.0007,0.0000,0.0007,1.0000,0.0000,0.0000,0.0000,1.0000,0.1112,0.2100,0.3614
331,6,0.7677,-0.1326,0.4265,1.0000,-0.0007,0.0000,0.0007,1.0000,0.0000,0.0000,0.0000,1.0000,0.1972,0.1336,0.1265
331,7,0.8766,-0.1242,0.4491,1.0000,-0.0007,0.0000,0.0007,1.0000,0.0000,0.0000,0.0000,1.0000,0.1624,0.1625,0.0548
331,8,0.9040,-0.0811,0.4472,1.0000,-0.0007,0.0000,0.0007,1.0000,0.0000,0.0000,0.0000,1.0000,0.0831,0.2046,0.1050
331,9,0.9344,-0.0148,0.4544,1.0000,-0.0007,0.0000,0.0007,1.0000,0.0000,0.0000,0.0000,1.0000,0.0210,0.0279,0.0569
331,10,0.9782,-0.0747,0.4546,1.0000,-0.0007,0.0000,0.0007,1.0000,0.0000,0.0000,0.0000,1.0000,0.0210,0.0279,0.0569
332,0,0.3774,-0.0080,0.4400,1.0000,-0.0009,0.0000,0.0009,1.0000,0.0000,0.0000,0.0000,1.0000,0.2577,0.2263,0.1400
332,1,0.3855,-0.0051,0.6052,1.0000,-0.0009,0.0000,0.0009,1.0000,0.0000,0.0000,0.0000,1.0000,0.1100,0.2168,0.3052
332,2,0.4614,-0.0655,0.5173,1.0000,-0.0009,0.0000,0.0009,1.0000,0.0000,0.0000,0.0000,1.0000,0.1101,0.3070,0.2173
332,3,0.4836,-0.2422,0.5889,1.0000,-0.0009,0.0000,0.0009,1.0000,0.0000,0.0000,0.0000,1.0000,0.2836,0.2073,0.2889
332,4,0.6017,-0.2888,0.5062,1.0000,-0.0009,0.0000,0.0009,1.0000,0.0000,0.0000,0.0000,1.0000,0.2820,0.2947,0.2062
332,5,0.7694,-0.1522,0.6614,1.0000,-0.0009,0.0000,0.0009,1.0000,0.0000,0.0000,0.0000,1.0000,0.1112,0.2100,0.3614
332,6,0.8624,-0.1328,0.4265,1.0000,-0.0009,0.0000,0.0009,1.0000,0.0000,0.0000,0.0000,1.0000,0.1972,0.1336,0.1265
332,7,0.9713,-0.1245,0.4491,1.0000,-0.0009,0.0000,0.0009,1.0000,0.0000,0.0000,0.0000,1.0000,0.1624,0.1625,0.0548
332,8,0.9988,-0.0813,0.4472,1.0000,-0.0009,0.0000,0.0009,1.0000,0.0000,0.0000,0.0000,1.0000,0.0831,0.2046,0.1050
332,9,1.0291,-0.0150,0.4544,1.0000,-0.0009,0.0000,0.0009,1.0000,0.0000,0.0000,0.0000,1.0000,0.0210,0.0279,0.0569
332,10,1.0730,-0.0750,0.4546,1.0000,-0.0009,0.0000,0.0009,1.0000,0.0000,0.0000,0.0000,1.0000,0.0210,0.0279,0.0569
333,0,0.4895,-0.0081,0.4400,1.0000,-0.0013,0.0000,0.0013,1.0000,0.0000,0.0000,0.0000,1.0000,0.2577,0.2263,0.1400
333,1,0.4976,-0.0052,0.6052,1.0000,-0.0013,0.0000,0.0013,1.0000,0.0000,0.0000,0.0000,1.0000,0.1100,0.2168,0.3052
333,2,0.5734,-0.0656,0.5173,1.0000,-0.0013,0.0000,0.0013,1.0000,0.0000,0.0000,0.0000,1.0000,0.1101,0.3070,0.2173
333,3,0.5956,-0.2424,0.5889,1.0000,-0.0013,0.0000,0.0013,1.0000,0.0000,0.0000,0.0000,1.0000,0.2836,0.2073,0.2889
333,4,0.7136,-0.2890,0.5062,1.0000,-0.0013,0.0000,0.0013,1.0000,0.0000,0.0000,0.0000,1.0000,0.2820,0.2947,0.2062
333,5,0.8814,-0.1524,0.6614,1.0000,-0.0013,0.0000,0.0013,1.0000,0.0000,0.0000,0.0000,1.0000,0.1112,0.2100,0.3614
333,6,0.9744,-0.1331,0.4265,1.0000,-0.0013,0.0000,0.0013,1.0000,0.0000,0.0000,0.0000,1.0000,0.1972,0.1336,0.1265
333,7,1.0833,-0.1248,0.4491,1.0000,-0.0013,0.0000,0.0013,1.0000,0.0000,0.0000,0.0000,1.0000,0.1624,0.1625,0.0548
333,8,1.1108,-0.0816,0.4472,1.0000,-0.0013,0.0000,0.0013,1.0000,0.0000,0.0000,0.0000,1.0000,0.0831,0.2046,0.1050
333,9,1.1411,-0.0154,0.4544,1.0000,-0.0013,0.0000,0.0013,1.0000,0.0000,0.0000,0.0000,1.0000,0.0210,0.0279,0.0569
333,10,1.1850,-0.0753,0.4546,1.0000,-0.0013,0.0000,0.0013,1.0000,0.0000,0.0000,0.0000,1.0000,0.0210,0.0279,0.0569
334,0,0.6198,-0.0083,0.4400,1.0000,-0.0017,0.0000,0.0017,1.0000,0.0000,0.0000,0.0000,1.0000,0.2577,0.2263,0.1400
334,1,0.6279,-0.0054,0.6052,1.0000,-0.0017,0.0000,0.0017,1.0000,0.0000,0.0000,0.0000,1.0000,0.1100,0.2168,0.3052
334,2,0.7037,-0.0659,0.5173,1.0000,-0.0017,0.0000,0.0017,1.0000,0.0000,0.0000,0.0000,1.0000,0.1101,0.3070,0.2173
334,3,0.7258,-0.2426,0.5889,1.0000,-0.0017,0.0000,0.0017,1.0000,0.0000,0.0000,0.0000,1.0000,0.2836,0.2073,0.2889
334,4,0.8438,-0.2893,0.5062,1.0000,-0.0017,0.0000,0.0017,1.0000,0.0000,0.0000,0.0000,1.0000,0.2820,0.2947,0.2062
334,5,1.0117,-0.1528,0.6614,1.0000,-0.0017,0.0000,0.0017,1.0000,0.0000,0.0000,0.0000,1.0000,0.1112,0.2100,0.3614
334,6,1.1047,-0.1334,0.4265,1.0000,-0.0017,0.0000,0.0017,1.0000,0.0000,0.0000,0.0000,1.0000,0.1972,0.1336,0.1265
334,7,1.2136,-0.1252,0.4491,1.0000,-0.0017,0.0000,0.0017,1.0000,0.0000,0.0000,0.0000,1.0000,0.1624,0.1625,0.0548
334,8,1.2411,-0.0821,0.4472,1.0000,-0.0017,0.0000,0.0017,1.0000,0.0000,0.0000,0.0000,1.0000,0.0831,0.2046,0.1050
334,9,1.2715,-0.0158,0.4544,1.0000,-0.0017,0.0000,0.0017,1.0000,0.0000,0.0000,0.0000,1.0000,0.0210,0.0279,0.0569
334,10,1.3153,-0.0758,0.4546,1.0000,-0.0017,0.0000,0.0017,1.0000,0.0000,0.0000,0.0000,1.0000,0.0210,0.0279,0.0569
335,0,0.7695,-0.0086,0.4400,1.0000,-0.0023,0.0000,0.0023,1.0000,0.0000,0.0000,0.0000,1.0000,0.2577,0.2263,0.1400
335,1,0.7776,-0.0057,0.6052,1.0000,-0.0023,0.0000,0.0023,1.0000,0.0000,0.0000,0.0000,1.0000,0.1100,0.2168,0.3052
335,2,0.8534,-0.0662,0.5173,1.0000,-0.0023,0.0000,0.0023,1.0000,0.0000,0.0000,0.0000,1.0000,0.1101,0.3070,0.2173
335,3,0.8754,-0.2429,0.5889,1.0000,-0.0023,0.0000,0.0023,1.0000,0.0000,0.0000,0.0000,1.0000,0.2836,0.2073,0.2889
335,4,0.9933,-0.2897,0.5062,1.0000,-0.0023,0.0000,0.0023,1.0000,0.0000,0.0000,0.0000,1.0000,0.2820,0.2947,0.2062
335,5,1.1613,-0.1533,0.6614,1.0000,-0.0023,0.0000,0.0023,1.0000,0.0000,0.0000,0.0000,1.0000,0.1112,0.2100,0.3614
335,6,1.2543,-0.1340,0.4265,1.0000,-0.0023,0.0000,0.0023,1.0000,0.0000,0.0000,0.0000,1.0000,0.1972,0.1336,0.1265
335,7,1.3632,-0.1259,0.4491,1.0000,-0.0023,0.0000,0.0023,1.0000,0.0000,0.0000,0.0000,1.0000,0.1624,0.1625,0.0548
335,8,1.3907,-0.0827,0.4472,1.0000,-0.0023,0.0000,0.0023,1.0000,0.0000,0.0000,0.0000,1.0000,0.0831,0.2046,0.1050
335,9,1.4212,-0.0165,0.4544,1.0000,-0.0023,0.0000,0.0023,1.0000,0.0000,0.0000,0.0000,1.0000,0.0210,0.0279,0.0569
335,10,1.4649,-0.0765,0.4546,1.0000,-0.0023,0.0000,0.0023,1.0000,0.0000,0.0000,0.0000,1.0000,0.0210,0.0279,0.0569
336,0,0.9394,-0.0090,0.4400,1.0000,-0.0029,0.0000,0.0029,1.0000,0.0000,0.0000,0.0000,1.0000,0.2577,0.2263,0.1400
336,1,0.9475,-0.0061,0.6052,1.0000,-0.0029,0.0000,0.0029,1.0000,0.0000,0.0000,0.0000,1.0000,0.1100,0.2168,0.3052
336,2,1.0232,-0.0667,0.5173,1.0000,-0.0029,0.0000,0.0029,1.0000,0.0000,0.0000,0.0000,1.0000,0.1101,0.3070,0.2173
336,3,1.0451,-0.2434,0.5889,1.0000,-0.0029,0.0000,0.0029,1.0000,0.0000,0.0000,0.0000,1.0000,0.2836,0.2073,0.2889
336,4,1.1631,-0.2903,0.5062,1.0000,-0.0029,0.0000,0.0029,1.0000,0.0000,0.0000,0.0000,1.0000,0.2820,0.2947,0.2062
336,5,1.3310,-0.1539,0.6614,1.0000,-0.0029,0.0000,0.0029,1.0000,0.0000,0.0000,0.0000,1.0000,0.1112,0.2100,0.3614
336,6,1.4241,-0.1347,0.4265,1.0000,-0.0029,0.0000,0.0029,1.0000,0.0000,0.0000,0.0000,1.0000,0.1972,0.1336,0.1265
336,7,1.5330,-0.1266,0.4491,1.0000,-0.0029,0.0000,0.0029,1.0000,0.0000,0.0000,0.0000,1.0000,0.1624,0.1625,0.0548
336,8,1.5606,-0.0835,0.4472,1.0000,-0.0029,0.0000,0.0029,1.0000,0.0000,0.0000,0.0000,1.0000,0.0831,0.2046,0.1050
336,9,1.5910,-0.0173,0.4544,1.0000,-0.0029,0.0000,0.0029,1.0000,0.0000,0.0000,0.0000,1.0000,0.0210,0.0279,0.0569
336,10,1.6348,-0.0773,0.4546,1.0000,-0.0029,0.0000,0.0029,1.0000,0.0000,0.0000,0.0000,1.0000,0.0210,0.0279,0.0569
337,0,1.1300,-0.0096,0.4400,1.0000,-0.0037,0.0000,0.0037,1.0000,0.0000,0.0000,0.0000,1.0000,0.2577,0.2263,0.1400
337,1,1.1381,-0.0067,0.6052,1.0000,-0.0037,0.0000,0.0037,1.0000,0.0000,0.0000,0.0000,1.0000,0.1100,0.2168,0.3052
337,2,1.2138,-0.0673,0.5173,1.0000,-0.0037,0.0000,0.0037,1.0000,0.0000,0.0000,0.0000,1.0000,0.1101,0.3070,0.2173
337,3,1.2356,-0.2441,0.5889,1.0000,-0.0037,0.0000,0.0037,1.0000,0.0000,0.0000,0.0000,1.0000,0.2836,0.2073,0.2889
337,4,1.3535,-0.2910,0.5062,1.0000,-0.0037,0.0000,0.0037,1.0000,0.0000,0.0000,0.0000,1.0000,0.2820,0.2947,0.2062
337,5,1.5216,-0.1548,0.6614,1.0000,-0.0037,0.0000,0.0037,1.0000,0.0000,0.0000,0.0000,1.0000,0.1112,0.2100,0.3614
337,6,1.6147,-0.1357,0.4265,1.0000,-0.0037,0.0000,0.0037,1.0000,0.0000,0.0000,0.0000,1.0000,0.1972,0.1336,0.1265
337,7,1.7236,-0.1277,0.4491,1.0000,-0.0037,0.0000,0.0037,1.0000,0.0000,0.0000,0.0000,1.0000,0.1624,0.1625,0.0548
337,8,1.7511,-0.0846,0.4472,1.0000,-0.0037,0.0000,0.0037,1.0000,0.0000,0.0000,0.0000,1.0000,0.0831,0.2046,0.1050
337,9,1.7817,-0.0184,0.4544,1.0000,-0.0037,0.0000,0.0037,1.0000,0.0000,0.0000,0.0000,1.0000,0.0210,0.0279,0.0569
337,10,1.8254,-0.0785,0.4546,1.0000,-0.0037,0.0000,0.0037,1.0000,0.0000,0.0000,0.0000,1.0000,0.0210,0.0279,0.0569
338,0,1.3418,-0.0104,0.4400,1.0000,-0.0045,0.0000,0.0045,1.0000,0.0000,0.0000,0.0000,1.0000,0.2577,0.2263,0.1400
338,1,1.3499,-0.0076,0.6052,1.0000,-0.0045,0.0000,0.0045,1.0000,0.0000,0.0000,0.0000,1.0000,0.1100,0.2168,0.3052
338,2,1.4255,-0.0682,0.5173,1.0000,-0.0045,0.0000,0.0045,1.0000,0.0000,0.0000,0.0000,1.0000,0.1101,0.3070,0.2173
338,3,1.4471,-0.2450,0.5889,1.0000,-0.0045,0.0000,0.0045,1.0000,0.0000,0.0000,0.0000,1.0000,0.2836,0.2073,0.2889
338,4,1.5650,-0.2920,0.5062,1.0000,-0.0045,0.0000,0.0045,1.0000,0.0000,0.0000,0.0000,1.0000,0.2820,0.2947,0.2062
338,5,1.7332,-0.1560,0.6614,1.0000,-0.0045,0.0000,0.0045,1.0000,0.0000,0.0000,0.0000,1.0000,0.1112,0.2100,0.3614
338,6,1.8263,-0.1369,0.4265,1.0000,-0.0045,0.0000,0.0045,1.0000,0.0000,0.0000,0.0000,1.0000,0.1972,0.1336,0.1265
338,7,1.9352,-0.1290,0.4491,1.0000,-0.0045,0.0000,0.0045,1.0000,0.0000,0.0000,0.0000,1.0000,0.1624,0.1625,0.0548
338,8,1.9628,-0.0859,0.4472,1.0000,-0.0045,0.0000,0.0045,1.0000,0.0000,0.0000,0.0000,1.0000,0.0831,0.2046,0.1050
338,9,1.9934,-0.0197,0.4544,1.0000,-0.0045,0.0000,0.0045,1.0000,0.0000,0.0000,0.0000,1.0000,0.0210,0.0279,0.0569
338,10,2.0371,-0.0798,0.4546,1.0000,-0.0045,0.0000,0.0045,1.0000,0.0000,0.0000,0.0000,1.0000,0.0210,0.0279,0.0569
339,0,1.5748,-0.0115,0.4400,1.0000,-0.0053,0.0000,0.0053,1.0000,0.0000,0.0000,0.0000,1.0000,0.2577,0.2263,0.1400
339,1,1.5829,-0.0087,0.6052,1.0000,-0.0053,0.0000,0.0053,1.0000,0.0000,0.0000,0.0000,1.0000,0.1100,0.2168,0.3052
339,2,1.6585,-0.0694,0.5173,1.0000,-0.0053,0.0000,0.0053,1.0000,0.0000,0.0000,0.0000,1.0000,0.1101,0.3070,0.2173
339,3,1.6799,-0.2462,0.5889,1.0000,-0.0053,0.0000,0.0053,1.0000,0.0000,0.0000,0.0000,1.0000,0.2836,0.2073,0.2889
339,4,1.7978,-0.2933,0.5062,1.0000,-0.0053,0.0000,0.0053,1.0000,0.0000,0.0000,0.0000,1.0000,0.2820,0.2947,0.2062
339,5,1.9661,-0.1574,0.6614,1.0000,-0.0053,0.0000,0.0053,1.0000,0.0000,0.0000,0.0000,1.0000,0.1112,0.2100,0.3614
339,6,2.0592,-0.1384,0.4265,1.0000,-0.0053,0.0000,0.0053,1.0000,0.0000,0.0000,0.0000,1.0000,0.1972,0.1336,0.1265
339,7,2.1682,-0.1306,0.4491,1.0000,-0.0053,0.0000,0.0053,1.0000,0.0000,0.0000,0.0000,1.0000,0.1624,0.1625,0.0548
339,8,2.1958,-0.0875,0.4472,1.0000,-0.0053,0.0000,0.0053,1.0000,0.0000,0.0000,0.0000,1.0000,0.0831,0.2046,0.1050
339,9,2.2264,-0.0214,0.4544,1.0000,-0.0053,0.0000,0.0053,1.0000,0.0000,0.0000,0.0000,1.0000,0.0210,0.0279,0.0569
339,10,2.2700,-0.0815,0.4546,1.0000,-0.0053,0.0000,0.0053,1.0000,0.0000,0.0000,0.0000,1.0000,0.0210,0.0279,0.0569
340,0,1.8290,-0.0130,0.4400,1.0000,-0.0063,0.0000,0.0063,1.0000,0.0000,0.0000,0.0000,1.0000,0.2577,0.2263,0.1400
340,1,1.8371,-0.0101,0.6052,1.0000,-0.0063,0.0000,0.0063,1.0000,0.0000,0.0000,0.0000,1.0000,0.1100,0.2168,0.3052
340,2,1.9126,-0.0709,0.5173,1.0000,-0.0063,0.0000,0.0063,1.0000,0.0000,0.0000,0.0000,1.0000,0.1101,0.3070,0.2173
340,3,1.9339,-0.2477,0.5889,1.0000,-0.0063,0.0000,0.0063,1.0000,0.0000,0.0000,0.0000,1.0000,0.2836,0.2073,0.2889
340,4,2.0517,-0.2950,0.5062,1.0000,-0.0063,0.0000,0.0063,1.0000,0.0000,0.0000,0.0000,1.0000,0.2820,0.2947,0.2062
340,5,2.2202,-0.1592,0.6614,1.0000,-0.0063,0.0000,0.0063,1.0000,0.0000,0.0000,0.0000,1.0000,0.1112,0.2100,0.3614
340,6,2.3133,-0.1403,0.4265,1.0000,-0.0063,0.0000,0.0063,1.0000,0.0000,0.0000,0.0000,1.0000,0.1972,0.1336,0.1265
340,7,2.4223,-0.1326,0.4491,1.0000,-0.0063,0.0000,0.0063,1.0000,0.0000,0.0000,0.0000,1.0000,0.1624,0.1625,0.0548
340,8,2.4499,-0.0896,0.4472,1.0000,-0.0063,0.0000,0.0063,1.0000,0.0000,0.0000,0.0000,1.0000,0.0831,0.2046,0.1050
340,9,2.4806,-0.0235,0.4544,1.0000,-0.0063,0.0000,0.0063,1.0000,0.0000,0.0000,0.0000,1.0000,0.0210,0.0279,0.0569
340,10,2.5242,-0.0836,0.4546,1.0000,-0.0063,0.0000,0.0063,1.0000,0.0000,0.0000,0.0000,1.0000,0.0210,0.0279,0.0569
341,0,2.1042,-0.0148,0.4400,1.0000,-0.0072,0.0000,0.0072,1.0000,0.0000,0.0000,0.0000,1.0000,0.2577,0.2263,0.1400
341,1,2.1123,-0.0120,0.6052,1.0000,-0.0072,0.0000,0.0072,1.0000,0.0000,0.0000,0.0000,1.0000,0.1100,0.2168,0.3052
341,2,2.1878,-0.0728,0.5173,1.0000,-0.0072,0.0000,0.0072,1.0000,0.0000,0.0000,0.0000,1.0000,0.1101,0.3070,0.2173
341,3,2.2089,-0.2497,0.5889,1.0000,-0.0072,0.0000,0.0072,1.0000,0.0000,0.0000,0.0000,1.0000,0.2836,0.2073,0.2889
341,4,2.3266,-0.2970,0.5062,1.0000,-0.0072,0.0000,0.0072,1.0000,0.0000,0.0000,0.0000,1.0000,0.2820,0.2947,0.2062
341,5,2.4952,-0.1614,0.6614,1.0000,-0.0072,0.0000,0.0072,1.0000,0.0000,0.0000,0.0000,1.0000,0.1112,0.2100,0.3614
341,6,2.5884,-0.1426,0.4265,1.0000,-0.0072,0.0000,0.0072,1.0000,0.0000,0.0000,0.0000,1.0000,0.1972,0.1336,0.1265
341,7,2.6973,-0.1350,0.4491,1.0000,-0.0072,0.0000,0.0072,1.0000,0.0000,0.0000,0.0000,1.0000,0.1624,0.1625,0.0548
341,8,2.7250,-0.0920,0.4472,1.0000,-0.0072,0.0000,0.0072,1.0000,0.0000,0.0000,0.0000,1.0000,0.0831,0.2046,0.1050
341,9,2.7558,-0.0259,0.4544,1.0000,-0.0072,0.0000,0.0072,1.0000,0.0000,0.0000,0.0000,1.0000,0.0210,0.0279,0.0569
341,10,2.7993,-0.0861,0.4546,1.0000,-0.0072,0.0000,0.0072,1.0000,0.0000,0.0000,0.0000,1.0000,0.0210,0.0279,0.0569
342,0,2.4001,-0.0170,0.4400,1.0000,-0.0081,0.0000,0.0081,1.0000,0.0000,0.0000,0.0000,1.0000,0.2577,0.2263,0.1400
342,1,2.4082,-0.0142,0.6052,1.0000,-0.0081,0.0000,0.0081,1.0000,0.0000,0.0000,0.0000,1.0000,0.1100,0.2168,0.3052
342,2,2.4836,-0.0751,0.5173,1.0000,-0.0081,0.0000,0.0081,1.0000,0.0000,0.0000,0.0000,1.0000,0.1101,0.3070,0.2173
342,3,2.5046,-0.2520,0.5889,1.0000,-0.0081,0.0000,0.0081,1.0000,0.0000,0.0000,0.0000,1.0000,0.2836,0.2073,0.2889
342,4,2.6223,-0.2995,0.5062,1.0000,-0.0081,0.0000,0.0081,1.0000,0.0000,0.0000,0.0000,1.0000,0.2820,0.2947,0.2062
342,5,2.7910,-0.1640,0.6614,1.0000,-0.0081,0.0000,0.0081,1.0000,0.0000,0.0000,0.0000,1.0000,0.1112,0.2100,0.3614
342,6,2.8841,-0.1453,0.4265,1.0000,-0.0081,0.0000,0.0081,1.0000,0.0000,0.0000,0.0000,1.0000,0.1972,0.1336,0.1265
342,7,2.9931,-0.1378,0.4491,1.0000,-0.0081,0.0000,0.0081,1.0000,0.0000,0.0000,0.0000,1.0000,0.1624,0.1625,0.0548
342,8,3.0209,-0.0948,0.4472,1.0000,-0.0081,0.0000,0.0081,1.0000,0.0000,0.0000,0.0000,1.0000,0.0831,0.2046,0.1050
342,9,3.0517,-0.0287,0.4544,1.0000,-0.0081,0.0000,0.0081,1.0000,0.0000,0.0000,0.0000,1.0000,0.0210,0.0279,0.0569
342,10,3.0951,-0.0890,0.4546,1.0000,-0.0081,0.0000,0.0081,1.0000,0.0000,0.0000,0.0000,1.0000,0.0210,0.0279,0.0569
343,0,2.7163,-0.0197,0.4400,1.0000,-0.0091,0.0000,0.0091,1.0000,0.0000,0.0000,0.0000,1.0000,0.2577,0.2263,0.1400
343,1,2.7244,-0.0169,0.6052,1.0000,-0.0091,0.0000,0.0091,1.0000,0.0000,0.0000,0.0000,1.0000,0.1100,0.2168,0.3052
343,2,2.7998,-0.0779,0.5173,1.0000,-0.0091,0.0000,0.0091,1.0000,0.0000,0.0000,0.0000,1.0000,0.1101,0.3070,0.2173
343,3,2.8206,-0.2548,0.5889,1.0000,-0.0091,0.0000,0.0091,1.0000,0.0000,0.0000,0.0000,1.0000,0.2836,0.2073,0.2889
343,4,2.9383,-0.3024,0.5062,1.0000,-0.0091,0.0000,0.0091,1.0000,0.0000,0.0000,0.0000,1.0000,0.2820,0.2947,0.2062
343,5,3.1071,-0.1671,0.6614,1.0000,-0.0091,0.0000,0.0091,1.0000,0.0000,0.0000,0.0000,1.0000,0.1112,0.2100,0.3614
343,6,3.2003,-0.1484,0.4265,1.0000,-0.0091,0.0000,0.0091,1.0000,0.0000,0.0000,0.0000,1.0000,0.1972,0.1336,0.1265
343,7,3.3092,-0.1410,0.4491,1.0000,-0.0091,0.0000,0.0091,1.0000,0.0000,0.0000,0.0000,1.0000,0.1624,0.1625,0.0548
343,8,3.3370,-0.0981,0.4472,1.0000,-0.0091,0.0000,0.0091,1.0000,0.0000,0.0000,0.0000,1.0000,0.0831,0.2046,0.1050
343,9,3.3679,-0.0320,0.4544,1.0000,-0.0091,0.0000,0.0091,1.0000,0.0000,0.0000,0.0000,1.0000,0.0210,0.0279,0.0569
343,10,3.4113,-0.0923,0.4546,1.0000,-0.0091,0.0000,0.0091,1.0000,0.0000,0.0000,0.0000,1.0000,0.0210,0.0279,0.0569
344,0,3.0527,-0.0229,0.4400,1.0000,-0.0100,0.0000,0.0100,1.0000,0.0000,0.0000,0.0000,1.0000,0.2577,0.2263,0.1400
344,1,3.0608,-0.0201,0.6052,1.0000,-0.0100,0.0000,0.0100,1.0000,0.0000,0.0000,0.0000,1.0000,0.1100,0.2168,0.3052
344,2,3.1361,-0.0811,0.5173,1.0000,-0.0100,0.0000,0.0100,1.0000,0.0000,0.0000,0.0000,1.0000,0.1101,0.3070,0.2173
344,3,3.1567,-0.2580,0.5889,1.0000,-0.0100,0.0000,0.0100,1.0000,0.0000,0.0000,0.0000,1.0000,0.2836,0.2073,0.2889
344,4,3.2743,-0.3057,0.5062,1.0000,-0.0100,0.0000,0.0100,1.0000,0.0000,0.0000,0.0000,1.0000,0.2820,0.2947,0.2062
344,5,3.4433,-0.1706,0.6614,1.0000,-0.0100,0.0000,0.0100,1.0000,0.0000,0.0000,0.0000,1.0000,0.1112,0.2100,0.3614
344,6,3.5365,-0.1520,0.4265,1.0000,-0.0100,0.0000,0.0100,1.0000,0.0000,0.0000,0.0000,1.0000,0.1972,0.1336,0.1265
344,7,3.6455,-0.1447,0.4491,1.0000,-0.0100,0.0000,0.0100,1.0000,0.0000,0.0000,0.0000,1.0000,0.1624,0.1625,0.0548
344,8,3.6733,-0.1018,0.4472,1.0000,-0.0100,0.0000,0.0100,1.0000,0.0000,0.0000,0.0000,1.0000,0.0831,0.2046,0.1050
344,9,3.7043,-0.0358,0.4544,1.0000,-0.0100,0.0000,0.0100,1.0000,0.0000,0.0000,0.0000,1.0000,0.0210,0.0279,0.0569
344,10,3.7476,-0.0961,0.4546,1.0000,-0.0100,0.0000,0.0100,1.0000,0.0000,0.0000,0.0000,1.0000,0.0210,0.0279,0.0569
345,0,3.4087,-0.0266,0.4400,0.9999,-0.0109,0.0000,0.0109,0.9999,0.0000,0.0000,0.0000,1.0000,0.2577,0.2263,0.1400
345,1,3.4168,-0.0238,0.6052,0.9999,-0.0109,0.0000,0.0109,0.9999,0.0000,0.0000,0.0000,1.0000,0.1100,0.2168,0.3052
345,2,3.4921,-0.0849,0.5173,0.9999,-0.0109,0.0000,0.0109,0.9999,0.0000,0.0000,0.0000,1.0000,0.1101,0.3070,0.2173
345,3,3.5125,-0.2618,0.5889,0.9999,-0.0109,0.0000,0.0109,0.9999,0.0000,0.0000,0.0000,1.0000,0.2836,0.2073,0.2889
345,4,3.6301,-0.3096,0.5062,0.9999,-0.0109,0.0000,0.0109,0.9999,0.0000,0.0000,0.0000,1.0000,0.2820,0.2947,0.2062
345,5,3.7992,-0.1746,0.6614,0.9999,-0.0109,0.0000,0.0109,0.9999,0.0000,0.0000,0.0000,1.0000,0.1112,0.2100,0.3614
345,6,3.8924,-0.1561,0.4265,0.9999,-0.0109,0.0000,0.0109,0.9999,0.0000,0.0000,0.0000,1.0000,0.1972,0.1336,0.1265
345,7,4.0014,-0.1489,0.4491,0.9999,-0.0109,0.0000,0.0109,0.9999,0.0000,0.0000,0.0000,1.0000,0.1624,0.1625,0.0548
345,8,4.0293,-0.1060,0.4472,0.9999,-0.0109,0.0000,0.0109,0.9999,0.0000,0.0000,0.0000,1.0000,0.0831,0.2046,0.1050
345,9,4.0603,-0.0401,0.4544,0.9999,-0.0109,0.0000,0.0109,0.9999,0.0000,0.0000,0.0000,1.0000,0.0210,0.0279,0.0569
345,10,4.1035,-0.1004,0.4546,0.9999,-0.0109,0.0000,0.0109,0.9999,0.0000,0.0000,0.0000,1.0000,0.0210,0.0279,0.0569
346,0,3.7840,-0.0308,0.4400,0.9999,-0.0117,0.0000,0.0117,0.9999,0.0000,0.0000,0.0000,1.0000,0.2577,0.2263,0.1400
346,1,3.7922,-0.0280,0.6052,0.9999,-0.0117,0.0000,0.0117,0.9999,0.0000,0.0000,0.0000,1.0000,0.1100,0.2168,0.3052
346,2,3.8673,-0.0892,0.5173,0.9999,-0.0117,0.0000,0.0117,0.9999,0.0000,0.0000,0.0000,1.0000,0.1101,0.3070,0.2173
346,3,3.8877,-0.2661,0.5889,0.9999,-0.0117,0.0000,0.0117,0.9999,0.0000,0.0000,0.0000,1.0000,0.2836,0.2073,0.2889
346,4,4.0052,-0.3140,0.5062,0.9999,-0.0117,0.0000,0.0117,0.9999,0.0000,0.0000,0.0000,1.0000,0.2820,0.2947,0.2062
346,5,4.1744,-0.1792,0.6614,0.9999,-0.0117,0.0000,0.0117,0.9999,0.0000,0.0000,0.0000,1.0000,0.1112,0.2100,0.3614
346,6,4.2676,-0.1608,0.4265,0.9999,-0.0117,0.0000,0.0117,0.9999,0.0000,0.0000,0.0000,1.0000,0.1972,0.1336,0.1265
346,7,4.3766,-0.1537,0.4491,0.9999,-0.0117,0.0000,0.0117,0.9999,0.0000,0.0000,0.0000,1.0000,0.1624,0.1625,0.0548
346,8,4.4045,-0.1108,0.4472,0.9999,-0.0117,0.0000,0.0117,0.9999,0.0000,0.0000,0.0000,1.0000,0.0831,0.2046,0.1050
346,9,4.4356,-0.0448,0.4544,0.9999,-0.0117,0.0000,0.0117,0.9999,0.0000,0.0000,0.0000,1.0000,0.0210,0.0279,0.0569
346,10,4.4788,-0.1052,0.4546,0.9999,-0.0117,0.0000,0.0117,0.9999,0.0000,0.0000,0.0000,1.0000,0.0210,0.0279,0.0569
347,0,4.1782,-0.0355,0.4400,0.9999,-0.0125,0.0000,0.0125,0.9999,0.0000,0.0000,0.0000,1.0000,0.2577,0.2263,0.1400
347,1,4.1863,-0.0327,0.6052,0.9999,-0.0125,0.0000,0.0125,0.9999,0.0000,0.0000,0.0000,1.0000,0.1100,0.2168,0.3052
347,2,4.2615,-0.0940,0.5173,0.9999,-0.0125,0.0000,0.0125,0.9999,0.0000,0.0000,0.0000,1.0000,0.1101,0.3070,0.2173
347,3,4.2817,-0.2709,0.5889,0.9999,-0.0125,0.0000,0.0125,0.9999,0.0000,0.0000,0.0000,1.0000,0.2836,0.2073,0.2889
347,4,4.3992,-0.3189,0.5062,0.9999,-0.0125,0.0000,0.0125,0.9999,0.0000,0.0000,0.0000,1.0000,0.2820,0.2947,0.2062
347,5,4.5685,-0.1842,0.6614,0.9999,-0.0125,0.0000,0.0125,0.9999,0.0000,0.0000,0.0000,1.0000,0.1112,0.2100,0.3614
347,6,4.6617,-0.1659,0.4265,0.9999,-0.0125,0.0000,0.0125,0.9999,0.0000,0.0000,0.0000,1.0000,0.1972,0.1336,0.1265
347,7,4.7707,-0.1588,0.4491,0.9999,-0.0125,0.0000,0.0125,0.9999,0.0000,0.0000,0.0000,1.0000,0.1624,0.1625,0.0548
347,8,4.7986,-0.1160,0.4472,0.9999,-0.0125,0.0000,0.0125,0.9999,0.0000,0.0000,0.0000,1.0000,0.0831,0.2046,0.1050
347,9,4.8297,-0.0501,0.4544,0.9999,-0.0125,0.0000,0.0125,0.9999,0.0000,0.0000,0.0000,1.0000,0.0210,0.0279,0.0569
347,10,4.8729,-0.1105,0.4546,0.9999,-0.0125,0.0000,0.0125,0.9999,0.0000,0.0000,0.0000,1.0000,0.0210,0.0279,0.0569
348,0,4.5907,-0.0408,0.4400,0.9999,-0.0132,0.0000,0.0132,0.9999,0.0000,0.0000,0.0000,1.0000,0.2577,0.2263,0.1400
348,1,4.5988,-0.0380,0.6052,0.9999,-0.0132,0.0000,0.0132,0.9999,0.0000,0.0000,0.0000,1.0000,0.1100,0.2168,0.3052
348,2,4.6739,-0.0993,0.5173,0.9999,-0.0132,0.0000,0.0132,0.9999,0.0000,0.0000,0.0000,1.0000,0.1101,0.3070,0.2173
348,3,4.6940,-0.2763,0.5889,0.9999,-0.0132,0.0000,0.0132,0.9999,0.0000,0.0000,0.0000,1.0000,0.2836,0.2073,0.2889
348,4,4.8115,-0.3243,0.5062,0.9999,-0.0132,0.0000,0.0132,0.9999,0.0000,0.0000,0.0000,1.0000,0.2820,0.2947,0.2062
348,5,4.9809,-0.1898,0.6614,0.9999,-0.0132,0.0000,0.0132,0.9999,0.0000,0.0000,0.0000,1.0000,0.1112,0.2100,0.3614
348,6,5.0741,-0.1715,0.4265,0.9999,-0.0132,0.0000,0.0132,0.9999,0.0000,0.0000,0.0000,1.0000,0.1972,0.1336,0.1265
348,7,5.1831,-0.1645,0.4491,0.9999,-0.0132,0.0000,0.0132,0.9999,0.0000,0.0000,0.0000,1.0000,0.1624,0.1625,0.0548
348,8,5.2111,-0.1217,0.4472,0.9999,-0.0132,0.0000,0.0132,0.9999,0.0000,0.0000,0.0000,1.0000,0.0831,0.2046,0.1050
348,9,5.2423,-0.0558,0.4544,0.9999,-0.0132,0.0000,0.0132,0.9999,0.0000,0.0000,0.0000,1.0000,0.0210,0.0279,0.0569
348,10,5.2854,-0.1163,0.4546,0.9999,-0.0132,0.0000,0.0132,0.9999,0.0000,0.0000,0.0000,1.0000,0.0210,0.0279,0.0569
349,0,5.0212,-0.0466,0.4400,0.9999,-0.0139,0.0000,0.0139,0.9999,0.0000,0.0000,0.0000,1.0000,0.2577,0.2263,0.1400
349,1,5.0293,-0.0438,0.6052,0.9999,-0.0139,0.0000,0.0139,0.9999,0.0000,0.0000,0.0000,1.0000,0.1100,0.2168,0.3052
349,2,5.1044,-0.1052,0.5173,0.9999,-0.0139,0.0000,0.0139,0.9999,0.0000,0.0000,0.0000,1.0000,0.1101,0.3070,0.2173
349,3,5.1243,-0.2822,0.5889,0.9999,-0.0139,0.0000,0.0139,0.9999,0.0000,0.0000,0.0000,1.0000,0.2836,0.2073,0.2889
349,4,5.2417,-0.3303,0.5062,0.9999,-0.0139,0.0000,0.0139,0.9999,0.0000,0.0000,0.0000,1.0000,0.2820,0.2947,0.2062
349,5,5.4112,-0.1958,0.6614,0.9999,-0.0139,0.0000,0.0139,0.9999,0.0000,0.0000,0.0000,1.0000,0.1112,0.2100,0.3614
349,6,5.5045,-0.1776,0.4265,0.9999,-0.0139,0.0000,0.0139,0.9999,0.0000,0.0000,0.0000,1.0000,0.1972,0.1336,0.1265
349,7,5.6135,-0.1708,0.4491,0.9999,-0.0139,0.0000,0.0139,0.9999,0.0000,0.0000,0.0000,1.0000,0.1624,0.1625,0.0548
349,8,5.6415,-0.1279,0.4472,0.9999,-0.0139,0.0000,0.0139,0.9999,0.0000,0.0000,0.0000,1.0000,0.0831,0.2046,0.1050
349,9,5.6727,-0.0621,0.4544,0.9999,-0.0139,0.0000,0.0139,0.9999,0.0000,0.0000,0.0000,1.0000,0.0210,0.0279,0.0569
349,10,5.7158,-0.1226,0.4546,0.9999,-0.0139,0.0000,0.0139,0.9999,0.0000,0.0000,0.0000,1.0000,0.0210,0.0279,0.0569
350,0,5.4692,-0.0530,0.4400,0.9999,-0.0147,0.0000,0.0147,0.9999,0.0000,0.0000,0.0000,1.0000,0.2577,0.2263,0.1400
350,1,5.4773,-0.0502,0.6052,0.9999,-0.0147,0.0000,0.0147,0.9999,0.0000,0.0000,0.0000,1.0000,0.1100,0.2168,0.3052
350,2,5.5523,-0.1116,0.5173,0.9999,-0.0147,0.0000,0.0147,0.9999,0.0000,0.0000,0.0000,1.0000,0.1101,0.3070,0.2173
350,3,5.5721,-0.2886,0.5889,0.9999,-0.0147,0.0000,0.0147,0.9999,0.0000,0.0000,0.0000,1.0000,0.2836,0.2073,0.2889
350,4,5.6895,-0.3368,0.5062,0.9999,-0.0147,0.0000,0.0147,0.9999,0.0000,0.0000,0.0000,1.0000,0.2820,0.2947,0.2062
350,5,5.8591,-0.2025,0.6614,0.9999,-0.0147,0.0000,0.0147,0.9999,0.0000,0.0000,0.0000,1.0000,0.1112,0.2100,0.3614
350,6,5.9524,-0.1844,0.4265,0.9999,-0.0147,0.0000,0.0147,0.9999,0.0000,0.0000,0.0000,1.0000,0.1972,0.1336,0.1265
350,7,6.0614,-0.1776,0.4491,0.9999,-0.0147,0.0000,0.0147,0.9999,0.0000,0.0000,0.0000,1.0000,0.1624,0.1625,0.0548
350,8,6.0894,-0.1348,0.4472,0.9999,-0.0147,0.0000,0.0147,0.9999,0.0000,0.0000,0.0000,1.0000,0.0831,0.2046,0.1050
350,9,6.1207,-0.0689,0.4544,0.9999,-0.0147,0.0000,0.0147,0.9999,0.0000,0.0000,0.0000,1.0000,0.0210,0.0279,0.0569
350,10,6.1637,-0.1295,0.4546,0.9999,-0.0147,0.0000,0.0147,0.9999,0.0000,0.0000,0.0000,1.0000,0.0210,0.0279,0.0569
351,0,5.9341,-0.0600,0.4400,0.9999,-0.0155,0.0000,0.0155,0.9999,0.0000,0.0000,0.0000,1.0000,0.2577,0.2263,0.1400
351,1,5.9423,-0.0572,0.6052,0.9999,-0.0155,0.0000,0.0155,0.9999,0.0000,0.0000,0.0000,1.0000,0.1100,0.2168,0.3052
351,2,6.0172,-0.1187,0.5173,0.9999,-0.0155,0.0000,0.0155,0.9999,0.0000,0.0000,0.0000,1.0000,0.1101,0.3070,0.2173
351,3,6.0369,-0.2957,0.5889,0.9999,-0.0155,0.0000,0.0155,0.9999,0.0000,0.0000,0.0000,1.0000,0.2836,0.2073,0.2889
351,4,6.1543,-0.3440,0.5062,0.9999,-0.0155,0.0000,0.0155,0.9999,0.0000,0.0000,0.0000,1.0000,0.2820,0.2947,0.2062
351,5,6.3240,-0.2098,0.6614,0.9999,-0.0155,0.0000,0.0155,0.9999,0.0000,0.0000,0.0000,1.0000,0.1112,0.2100,0.3614
351,6,6.4173,-0.1918,0.4265,0.9999,-0.0155,0.0000,0.0155,0.9999,0.0000,0.0000,0.0000,1.0000,0.1972,0.1336,0.1265
351,7,6.5263,-0.1850,0.4491,0.9999,-0.0155,0.0000,0.0155,0.9999,0.0000,0.0000,0.0000,1.0000,0.1624,0.1625,0.0548
351,8,6.5543,-0.1423,0.4472,0.9999,-0.0155,0.0000,0.0155,0.9999,0.0000,0.0000,0.0000,1.0000,0.0831,0.2046,0.1050
351,9,6.5857,-0.0765,0.4544,0.9999,-0.0155,0.0000,0.0155,0.9999,0.0000,0.0000,0.0000,1.0000,0.0210,0.0279,0.0569
351,10,6.6286,-0.1370,0.4546,0.9999,-0.0155,0.0000,0.0155,0.9999,0.0000,0.0000,0.0000,1.0000,0.0210,0.0279,0.0569
352,0,6.4155,-0.0676,0.4400,0.9999,-0.0162,0.0000,0.0162,0.9999,0.0000,0.0000,0.0000,1.0000,0.2577,0.2263,0.1400
352,1,6.4236,-0.0648,0.6052,0.9999,-0.0162,0.0000,0.0162,0.9999,0.0000,0.0000,0.0000,1.0000,0.1100,0.2168,0.3052
352,2,6.4985,-0.1263,0.5173,0.9999,-0.0162,0.0000,0.0162,0.9999,0.0000,0.0000,0.0000,1.0000,0.1101,0.3070,0.2173
352,3,6.5181,-0.3034,0.5889,0.9999,-0.0162,0.0000,0.0162,0.9999,0.0000,0.0000,0.0000,1.0000,0.2836,0.2073,0.2889
352,4,6.6354,-0.3518,0.5062,0.9999,-0.0162,0.0000,0.0162,0.9999,0.0000,0.0000,0.0000,1.0000,0.2820,0.2947,0.2062
352,5,6.8052,-0.2177,0.6614,0.9999,-0.0162,0.0000,0.0162,0.9999,0.0000,0.0000,0.0000,1.0000,0.1112,0.2100,0.3614
352,6,6.8985,-0.1997,0.4265,0.9999,-0.0162,0.0000,0.0162,0.9999,0.0000,0.0000,0.0000,1.0000,0.1972,0.1336,0.1265
352,7,7.0075,-0.1931,0.4491,0.9999,-0.0162,0.0000,0.0162,0.9999,0.0000,0.0000,0.0000,1.0000,0.1624,0.1625,0.0548
352,8,7.0356,-0.1504,0.4472,0.9999,-0.0162,0.0000,0.0162,0.9999,0.0000,0.0000,0.0000,1.0000,0.0831,0.2046,0.1050
352,9,7.0670,-0.0846,0.4544,0.9999,-0.0162,0.0000,0.0162,0.9999,0.0000,0.0000,0.0000,1.0000,0.0210,0.0279,0.0569
352,10,7.1099,-0.1452,0.4546,0.9999,-0.0162,0.0000,0.0162,0.9999,0.0000,0.0000,0.0000,1.0000,0.0210,0.0279,0.0569
353,0,6.9125,-0.0758,0.4400,0.9999,-0.0172,0.0000,0.0172,0.9999,0.0000,0.0000,0.0000,1.0000,0.2577,0.2263,0.1400
353,1,6.9206,-0.0731,0.6052,0.9999,-0.0172,0.0000,0.0172,0.9999,0.0000,0.0000,0.0000,1.0000,0.1100,0.2168,0.3052
353,2,6.9955,-0.1347,0.5173,0.9999,-0.0172,0.0000,0.0172,0.9999,0.0000,0.0000,0.0000,1.0000,0.1101,0.3070,0.2173
353,3,7.0148,-0.3117,0.5889,0.9999,-0.0172,0.0000,0.0172,0.9999,0.0000,0.0000,0.0000,1.0000,0.2836,0.2073,0.2889
353,4,7.1321,-0.3603,0.5062,0.9999,-0.0172,0.0000,0.0172,0.9999,0.0000,0.0000,0.0000,1.0000,0.2820,0.2947,0.2062
353,5,7.3020,-0.2263,0.6614,0.9999,-0.0172,0.0000,0.0172,0.9999,0.0000,0.0000,0.0000,1.0000,0.1112,0.2100,0.3614
353,6,7.3954,-0.2084,0.4265,0.9999,-0.0172,0.0000,0.0172,0.9999,0.0000,0.0000,0.0000,1.0000,0.1972,0.1336,0.1265
353,7,7.5044,-0.2019,0.4491,0.9999,-0.0172,0.0000,0.0172,0.9999,0.0000,0.0000,0.0000,1.0000,0.1624,0.1625,0.0548
353,8,7.5325,-0.1592,0.4472,0.9999,-0.0172,0.0000,0.0172,0.9999,0.0000,0.0000,0.0000,1.0000,0.0831,0.2046,0.1050
353,9,7.5640,-0.0934,0.4544,0.9999,-0.0172,0.0000,0.0172,0.9999,0.0000,0.0000,0.0000,1.0000,0.0210,0.0279,0.0569
353,10,7.6068,-0.1541,0.4546,0.9999,-0.0172,0.0000,0.0172,0.9999,0.0000,0.0000,0.0000,1.0000,0.0210,0.0279,0.0569
354,0,7.4243,-0.0849,0.4400,0.9998,-0.0183,0.0000,0.0183,0.9998,0.0000,0.0000,0.0000,1.0000,0.2577,0.2263,0.1400
354,1,7.4325,-0.0821,0.6052,0.9998,-0.0183,0.0000,0.0183,0.9998,0.0000,0.0000,0.0000,1.0000,0.1100,0.2168,0.3052
354,2,7.5073,-0.1438,0.5173,0.9998,-0.0183,0.0000,0.0183,0.9998,0.0000,0.0000,0.0000,1.0000,0.1101,0.3070,0.2173
354,3,7.5264,-0.3209,0.5889,0.9998,-0.0183,0.0000,0.0183,0.9998,0.0000,0.0000,0.0000,1.0000,0.2836,0.2073,0.2889
354,4,7.6437,-0.3695,0.5062,0.9998,-0.0183,0.0000,0.0183,0.9998,0.0000,0.0000,0.0000,1.0000,0.2820,0.2947,0.2062
354,5,7.8137,-0.2358,0.6614,0.9998,-0.0183,0.0000,0.0183,0.9998,0.0000,0.0000,0.0000,1.0000,0.1112,0.2100,0.3614
354,6,7.9071,-0.2180,0.4265,0.9998,-0.0183,0.0000,0.0183,0.9998,0.0000,0.0000,0.0000,1.0000,0.1972,0.1336,0.1265
354,7,8.0161,-0.2116,0.4491,0.9998,-0.0183,0.0000,0.0183,0.9998,0.0000,0.0000,0.0000,1.0000,0.1624,0.1625,0.0548
354,8,8.0443,-0.1689,0.4472,0.9998,-0.0183,0.0000,0.0183,0.9998,0.0000,0.0000,0.0000,1.0000,0.0831,0.2046,0.1050
354,9,8.0758,-0.1032,0.4544,0.9998,-0.0183,0.0000,0.0183,0.9998,0.0000,0.0000,0.0000,1.0000,0.0210,0.0279,0.0569
354,10,8.1186,-0.1639,0.4546,0.9998,-0.0183,0.0000,0.0183,0.9998,0.0000,0.0000,0.0000,1.0000,0.0210,0.0279,0.0569
355,0,7.9505,-0.0948,0.4400,0.9998,-0.0197,0.0000,0.0197,0.9998,0.0000,0.0000,0.0000,1.0000,0.2577,0.2263,0.1400
355,1,7.9586,-0.0921,0.6052,0.9998,-0.0197,0.0000,0.0197,0.9998,0.0000,0.0000,0.0000,1.0000,0.1100,0.2168,0.3052
355,2,8.0333,-0.1538,0.5173,0.9998,-0.0197,0.0000,0.0197,0.9998,0.0000,0.0000,0.0000,1.0000,0.1101,0.3070,0.2173
355,3,8.0522,-0.3310,0.5889,0.9998,-0.0197,0.0000,0.0197,0.9998,0.0000,0.0000,0.0000,1.0000,0.2836,0.2073,0.2889
355,4,8.1694,-0.3798,0.5062,0.9998,-0.0197,0.0000,0.0197,0.9998,0.0000,0.0000,0.0000,1.0000,0.2820,0.2947,0.2062
355,5,8.3396,-0.2463,0.6614,0.9998,-0.0197,0.0000,0.0197,0.9998,0.0000,0.0000,0.0000,1.0000,0.1112,0.2100,0.3614
355,6,8.4330,-0.2286,0.4265,0.9998,-0.0197,0.0000,0.0197,0.9998,0.0000,0.0000,0.0000,1.0000,0.1972,0.1336,0.1265
355,7,8.5421,-0.2224,0.4491,0.9998,-0.0197,0.0000,0.0197,0.9998,0.0000,0.0000,0.0000,1.0000,0.1624,0.1625,0.0548
355,8,8.5703,-0.1797,0.4472,0.9998,-0.0197,0.0000,0.0197,0.9998,0.0000,0.0000,0.0000,1.0000,0.0831,0.2046,0.1050
355,9,8.6019,-0.1140,0.4544,0.9998,-0.0197,0.0000,0.0197,0.9998,0.0000,0.0000,0.0000,1.0000,0.0210,0.0279,0.0569
355,10,8.6446,-0.1748,0.4546,0.9998,-0.0197,0.0000,0.0197,0.9998,0.0000,0.0000,0.0000,1.0000,0.0210,0.0279,0.0569
356,0,8.4902,-0.1058,0.4400,0.9998,-0.0211,0.0000,0.0211,0.9998,0.0000,0.0000,0.0000,1.0000,0.2577,0.2263,0.1400
356,1,8.4984,-0.1030,0.6052,0.9998,-0.0211,0.0000,0.0211,0.9998,0.0000,0.0000,0.0000,1.0000,0.1100,0.2168,0.3052
356,2,8.5730,-0.1649,0.5173,0.9998,-0.0211,0.0000,0.0211,0.9998,0.0000,0.0000,0.0000,1.0000,0.1101,0.3070,0.2173
356,3,8.5917,-0.3421,0.5889,0.9998,-0.0211,0.0000,0.0211,0.9998,0.0000,0.0000,0.0000,1.0000,0.2836,0.2073,0.2889
356,4,8.7088,-0.3910,0.5062,0.9998,-0.0211,0.0000,0.0211,0.9998,0.0000,0.0000,0.0000,1.0000,0.2820,0.2947,0.2062
356,5,8.8792,-0.2578,0.6614,0.9998,-0.0211,0.0000,0.0211,0.9998,0.0000,0.0000,0.0000,1.0000,0.1112,0.2100,0.3614
356,6,8.9726,-0.2403,0.4265,0.9998,-0.0211,0.0000,0.0211,0.9998,0.0000,0.0000,0.0000,1.0000,0.1972,0.1336,0.1265
356,7,9.0817,-0.2342,0.4491,0.9998,-0.0211,0.0000,0.0211,0.9998,0.0000,0.0000,0.0000,1.0000,0.1624,0.1625,0.0548
356,8,9.1100,-0.1916,0.4472,0.9998,-0.0211,0.0000,0.0211,0.9998,0.0000,0.0000,0.0000,1.0000,0.0831,0.2046,0.1050
356,9,9.1416,-0.1259,0.4544,0.9998,-0.0211,0.0000,0.0211,0.9998,0.0000,0.0000,0.0000,1.0000,0.0210,0.0279,0.0569
356,10,9.1843,-0.1867,0.4546,0.9998,-0.0211,0.0000,0.0211,0.9998,0.0000,0.0000,0.0000,1.0000,0.0210,0.0279,0.0569
357,0,9.0431,-0.1179,0.4400,0.9997,-0.0231,0.0000,0.0231,0.9997,0.0000,0.0000,0.0000,1.0000,0.2577,0.2263,0.1400
357,1,9.0512,-0.1152,0.6052,0.9997,-0.0231,0.0000,0.0231,0.9997,0.0000,0.0000,0.0000,1.0000,0.1100,0.2168,0.3052
357,2,9.1257,-0.1772,0.5173,0.9997,-0.0231,0.0000,0.0231,0.9997,0.0000,0.0000,0.0000,1.0000,0.1101,0.3070,0.2173
357,3,9.1440,-0.3544,0.5889,0.9997,-0.0231,0.0000,0.0231,0.9997,0.0000,0.0000,0.0000,1.0000,0.2836,0.2073,0.2889
357,4,9.2610,-0.4036,0.5062,0.9997,-0.0231,0.0000,0.0231,0.9997,0.0000,0.0000,0.0000,1.0000,0.2820,0.2947,0.2062
357,5,9.4317,-0.2707,0.6614,0.9997,-0.0231,0.0000,0.0231,0.9997,0.0000,0.0000,0.0000,1.0000,0.1112,0.2100,0.3614
357,6,9.5252,-0.2534,0.4265,0.9997,-0.0231,0.0000,0.0231,0.9997,0.0000,0.0000,0.0000,1.0000,0.1972,0.1336,0.1265
357,7,9.6342,-0.2475,0.4491,0.9997,-0.0231,0.0000,0.0231,0.9997,0.0000,0.0000,0.0000,1.0000,0.1624,0.1625,0.0548
357,8,9.6626,-0.2050,0.4472,0.9997,-0.0231,0.0000,0.0231,0.9997,0.0000,0.0000,0.0000,1.0000,0.0831,0.2046,0.1050
357,9,9.6944,-0.1394,0.4544,0.9997,-0.0231,0.0000,0.0231,0.9997,0.0000,0.0000,0.0000,1.0000,0.0210,0.0279,0.0569
357,10,9.7369,-0.2003,0.4546,0.9997,-0.0231,0.0000,0.0231,0.9997,0.0000,0.0000,0.0000,1.0000,0.0210,0.0279,0.0569
358,0,9.6082,-0.1316,0.4400,0.9997,-0.0256,0.0000,0.0256,0.9997,0.0000,0.0000,0.0000,1.0000,0.2577,0.2263,0.1400
358,1,9.6163,-0.1289,0.6052,0.9997,-0.0256,0.0000,0.0256,0.9997,0.0000,0.0000,0.0000,1.0000,0.1100,0.2168,0.3052
358,2,9.6907,-0.1911,0.5173,0.9997,-0.0256,0.0000,0.0256,0.9997,0.0000,0.0000,0.0000,1.0000,0.1101,0.3070,0.2173
358,3,9.7085,-0.3683,0.5889,0.9997,-0.0256,0.0000,0.0256,0.9997,0.0000,0.0000,0.0000,1.0000,0.2836,0.2073,0.2889
358,4,9.8254,-0.4179,0.5062,0.9997,-0.0256,0.0000,0.0256,0.9997,0.0000,0.0000,0.0000,1.0000,0.2820,0.2947,0.2062
358,5,9.9964,-0.2854,0.6614,0.9997,-0.0256,0.0000,0.0256,0.9997,0.0000,0.0000,0.0000,1.0000,0.1112,0.2100,0.3614
358,6,10.0899,-0.2683,0.4265,0.9997,-0.0256,0.0000,0.0256,0.9997,0.0000,0.0000,0.0000,1.0000,0.1972,0.1336,0.1265
358,7,10.1990,-0.2627,0.4491,0.9997,-0.0256,0.0000,0.0256,0.9997,0.0000,0.0000,0.0000,1.0000,0.1624,0.1625,0.0548
358,8,10.2275,-0.2202,0.4472,0.9997,-0.0256,0.0000,0.0256,0.9997,0.0000,0.0000,0.0000,1.0000,0.0831,0.2046,0.1050
358,9,10.2595,-0.1547,0.4544,0.9997,-0.0256,0.0000,0.0256,0.9997,0.0000,0.0000,0.0000,1.0000,0.0210,0.0279,0.0569
358,10,10.3018,-0.2157,0.4546,0.9997,-0.0256,0.0000,0.0256,0.9997,0.0000,0.0000,0.0000,1.0000,0.0210,0.0279,0.0569
359,0,10.1847,-0.1472,0.4400,0.9996,-0.0290,0.0000,0.0290,0.9996,0.0000,0.0000,0.0000,1.0000,0.2577,0.2263,0.1400
359,1,10.1928,-0.1446,0.6052,0.9996,-0.0290,0.0000,0.0290,0.9996,0.0000,0.0000,0.0000,1.0000,0.1100,0.2168,0.3052
359,2,10.2670,-0.2070,0.5173,0.9996,-0.0290,0.0000,0.0290,0.9996,0.0000,0.0000,0.0000,1.0000,0.1101,0.3070,0.2173
359,3,10.2842,-0.3843,0.5889,0.9996,-0.0290,0.0000,0.0290,0.9996,0.0000,0.0000,0.0000,1.0000,0.2836,0.2073,0.2889
359,4,10.4009,-0.4342,0.5062,0.9996,-0.0290,0.0000,0.0290,0.9996,0.0000,0.0000,0.0000,1.0000,0.2820,0.2947,0.2062
359,5,10.5724,-0.3023,0.6614,0.9996,-0.0290,0.0000,0.0290,0.9996,0.0000,0.0000,0.0000,1.0000,0.1112,0.2100,0.3614
359,6,10.6660,-0.2855,0.4265,0.9996,-0.0290,0.0000,0.0290,0.9996,0.0000,0.0000,0.0000,1.0000,0.1972,0.1336,0.1265
359,7,10.7751,-0.2803,0.4491,0.9996,-0.0290,0.0000,0.0290,0.9996,0.0000,0.0000,0.0000,1.0000,0.1624,0.1625,0.0548
359,8,10.8037,-0.2379,0.4472,0.9996,-0.0290,0.0000,0.0290,0.9996,0.0000,0.0000,0.0000,1.0000,0.0831,0.2046,0.1050
359,9,10.8359,-0.1725,0.4544,0.9996,-0.0290,0.0000,0.0290,0.9996,0.0000,0.0000,0.0000,1.0000,0.0210,0.0279,0.0569
359,10,10.8780,-0.2337,0.4546,0.9996,-0.0290,0.0000,0.0290,0.9996,0.0000,0.0000,0.0000,1.0000,0.0210,0.0279,0.0569
360,0,10.7718,-0.1654,0.4400,0.9994,-0.0335,0.0000,0.0335,0.9994,0.0000,0.0000,0.0000,1.0000,0.2577,0.2263,0.1400
360,1,10.7800,-0.1628,0.6052,0.9994,-0.0335,0.0000,0.0335,0.9994,0.0000,0.0000,0.0000,1.0000,0.1100,0.2168,0.3052
360,2,10.8538,-0.2256,0.5173,0.9994,-0.0335,0.0000,0.0335,0.9994,0.0000,0.0000,0.0000,1.0000,0.1101,0.3070,0.2173
360,3,10.8703,-0.4029,0.5889,0.9994,-0.0335,0.0000,0.0335,0.9994,0.0000,0.0000,0.0000,1.0000,0.2836,0.2073,0.2889
360,4,10.9868,-0.4534,0.5062,0.9994,-0.0335,0.0000,0.0335,0.9994,0.0000,0.0000,0.0000,1.0000,0.2820,0.2947,0.2062
360,5,11.1588,-0.3223,0.6614,0.9994,-0.0335,0.0000,0.0335,0.9994,0.0000,0.0000,0.0000,1.0000,0.1112,0.2100,0.3614
360,6,11.2524,-0.3059,0.4265,0.9994,-0.0335,0.0000,0.0335,0.9994,0.0000,0.0000,0.0000,1.0000,0.1972,0.1336,0.1265
360,7,11.3616,-0.3011,0.4491,0.9994,-0.0335,0.0000,0.0335,0.9994,0.0000,0.0000,0.0000,1.0000,0.1624,0.1625,0.0548
360,8,11.3904,-0.2589,0.4472,0.9994,-0.0335,0.0000,0.0335,0.9994,0.0000,0.0000,0.0000,1.0000,0.0831,0.2046,0.1050
360,9,11.4229,-0.1936,0.4544,0.9994,-0.0335,0.0000,0.0335,0.9994,0.0000,0.0000,0.0000,1.0000,0.0210,0.0279,0.0569
360,10,11.4648,-0.2550,0.4546,0.9994,-0.0335,0.0000,0.0335,0.9994,0.0000,0.0000,0.0000,1.0000,0.0210,0.0279,0.0569
361,0,11.3691,-0.1869,0.4400,0.9992,-0.0391,0.0000,0.0391,0.9992,0.0000,0.0000,0.0000,1.0000,0.2577,0.2263,0.1400
361,1,11.3773,-0.1843,0.6052,0.9992,-0.0391,0.0000,0.0391,0.9992,0.0000,0.0000,0.0000,1.0000,0.1100,0.2168,0.3052
361,2,11.4508,-0.2475,0.5173,0.9992,-0.0391,0.0000,0.0391,0.9992,0.0000,0.0000,0.0000,1.0000,0.1101,0.3070,0.2173
361,3,11.4663,-0.4250,0.5889,0.9992,-0.0391,0.0000,0.0391,0.9992,0.0000,0.0000,0.0000,1.0000,0.2836,0.2073,0.2889
361,4,11.5824,-0.4761,0.5062,0.9992,-0.0391,0.0000,0.0391,0.9992,0.0000,0.0000,0.0000,1.0000,0.2820,0.2947,0.2062
361,5,11.7553,-0.3459,0.6614,0.9992,-0.0391,0.0000,0.0391,0.9992,0.0000,0.0000,0.0000,1.0000,0.1112,0.2100,0.3614
361,6,11.8490,-0.3301,0.4265,0.9992,-0.0391,0.0000,0.0391,0.9992,0.0000,0.0000,0.0000,1.0000,0.1972,0.1336,0.1265
361,7,11.9581,-0.3259,0.4491,0.9992,-0.0391,0.0000,0.0391,0.9992,0.0000,0.0000,0.0000,1.0000,0.1624,0.1625,0.0548
361,8,11.9872,-0.2838,0.4472,0.9992,-0.0391,0.0000,0.0391,0.9992,0.0000,0.0000,0.0000,1.0000,0.0831,0.2046,0.1050
361,9,12.0200,-0.2188,0.4544,0.9992,-0.0391,0.0000,0.0391,0.9992,0.0000,0.0000,0.0000,1.0000,0.0210,0.0279,0.0569
361,10,12.0616,-0.2803,0.4546,0.9992,-0.0391,0.0000,0.0391,0.9992,0.0000,0.0000,0.0000,1.0000,0.0210,0.0279,0.0569
362,0,11.9767,-0.2126,0.4400,0.9989,-0.0463,0.0000,0.0463,0.9989,0.0000,0.0000,0.0000,1.0000,0.2577,0.2263,0.1400
362,1,11.9850,-0.2101,0.6052,0.9989,-0.0463,0.0000,0.0463,0.9989,0.0000,0.0000,0.0000,1.0000,0.1100,0.2168,0.3052
362,2,12.0580,-0.2738,0.5173,0.9989,-0.0463,0.0000,0.0463,0.9989,0.0000,0.0000,0.0000,1.0000,0.1101,0.3070,0.2173
362,3,12.0722,-0.4513,0.5889,0.9989,-0.0463,0.0000,0.0463,0.9989,0.0000,0.0000,0.0000,1.0000,0.2836,0.2073,0.2889
362,4,12.1880,-0.5033,0.5062,0.9989,-0.0463,0.0000,0.0463,0.9989,0.0000,0.0000,0.0000,1.0000,0.2820,0.2947,0.2062
362,5,12.3618,-0.3744,0.6614,0.9989,-0.0463,0.0000,0.0463,0.9989,0.0000,0.0000,0.0000,1.0000,0.1112,0.2100,0.3614
362,6,12.4556,-0.3592,0.4265,0.9989,-0.0463,0.0000,0.0463,0.9989,0.0000,0.0000,0.0000,1.0000,0.1972,0.1336,0.1265
362,7,12.5647,-0.3558,0.4491,0.9989,-0.0463,0.0000,0.0463,0.9989,0.0000,0.0000,0.0000,1.0000,0.1624,0.1625,0.0548
362,8,12.5941,-0.3139,0.4472,0.9989,-0.0463,0.0000,0.0463,0.9989,0.0000,0.0000,0.0000,1.0000,0.0831,0.2046,0.1050
362,9,12.6274,-0.2491,0.4544,0.9989,-0.0463,0.0000,0.0463,0.9989,0.0000,0.0000,0.0000,1.0000,0.0210,0.0279,0.0569
362,10,12.6685,-0.3110,0.4546,0.9989,-0.0463,0.0000,0.0463,0.9989,0.0000,0.0000,0.0000,1.0000,0.0210,0.0279,0.0569
363,0,12.5951,-0.2435,0.4400,0.9985,-0.0548,0.0000,0.0548,0.9985,0.0000,0.0000,0.0000,1.0000,0.2577,0.2263,0.1400
363,1,12.6033,-0.2411,0.6052,0.9985,-0.0548,0.0000,0.0548,0.9985,0.0000,0.0000,0.0000,1.0000,0.1100,0.2168,0.3052
363,2,12.6758,-0.3055,0.5173,0.9985,-0.0548,0.0000,0.0548,0.9985,0.0000,0.0000,0.0000,1.0000,0.1101,0.3070,0.2173
363,3,12.6885,-0.4831,0.5889,0.9985,-0.0548,0.0000,0.0548,0.9985,0.0000,0.0000,0.0000,1.0000,0.2836,0.2073,0.2889
363,4,12.8039,-0.5360,0.5062,0.9985,-0.0548,0.0000,0.0548,0.9985,0.0000,0.0000,0.0000,1.0000,0.2820,0.2947,0.2062
363,5,12.9787,-0.4086,0.6614,0.9985,-0.0548,0.0000,0.0548,0.9985,0.0000,0.0000,0.0000,1.0000,0.1112,0.2100,0.3614
363,6,13.0727,-0.3942,0.4265,0.9985,-0.0548,0.0000,0.0548,0.9985,0.0000,0.0000,0.0000,1.0000,0.1972,0.1336,0.1265
363,7,13.1819,-0.3918,0.4491,0.9985,-0.0548,0.0000,0.0548,0.9985,0.0000,0.0000,0.0000,1.0000,0.1624,0.1625,0.0548
363,8,13.2116,-0.3502,0.4472,0.9985,-0.0548,0.0000,0.0548,0.9985,0.0000,0.0000,0.0000,1.0000,0.0831,0.2046,0.1050
363,9,13.2455,-0.2857,0.4544,0.9985,-0.0548,0.0000,0.0548,0.9985,0.0000,0.0000,0.0000,1.0000,0.0210,0.0279,0.0569
363,10,13.2860,-0.3479,0.4546,0.9985,-0.0548,0.0000,0.0548,0.9985,0.0000,0.0000,0.0000,1.0000,0.0210,0.0279,0.0569
364,0,13.2243,-0.2809,0.4400,0.9979,-0.0649,0.0000,0.0649,0.9979,0.0000,0.0000,0.0000,1.0000,0.2577,0.2263,0.1400
364,1,13.2326,-0.2785,0.6052,0.9979,-0.0649,0.0000,0.0649,0.9979,0.0000,0.0000,0.0000,1.0000,0.1100,0.2168,0.3052
364,2,13.3044,-0.3436,0.5173,0.9979,-0.0649,0.0000,0.0649,0.9979,0.0000,0.0000,0.0000,1.0000,0.1101,0.3070,0.2173
364,3,13.3153,-0.5214,0.5889,0.9979,-0.0649,0.0000,0.0649,0.9979,0.0000,0.0000,0.0000,1.0000,0.2836,0.2073,0.2889
364,4,13.4301,-0.5755,0.5062,0.9979,-0.0649,0.0000,0.0649,0.9979,0.0000,0.0000,0.0000,1.0000,0.2820,0.2947,0.2062
364,5,13.6063,-0.4498,0.6614,0.9979,-0.0649,0.0000,0.0649,0.9979,0.0000,0.0000,0.0000,1.0000,0.1112,0.2100,0.3614
364,6,13.7003,-0.4364,0.4265,0.9979,-0.0649,0.0000,0.0649,0.9979,0.0000,0.0000,0.0000,1.0000,0.1972,0.1336,0.1265
364,7,13.8096,-0.4351,0.4491,0.9979,-0.0649,0.0000,0.0649,0.9979,0.0000,0.0000,0.0000,1.0000,0.1624,0.1625,0.0548
364,8,13.8397,-0.3938,0.4472,0.9979,-0.0649,0.0000,0.0649,0.9979,0.0000,0.0000,0.0000,1.0000,0.0831,0.2046,0.1050
364,9,13.8742,-0.3296,0.4544,0.9979,-0.0649,0.0000,0.0649,0.9979,0.0000,0.0000,0.0000,1.0000,0.0210,0.0279,0.0569
364,10,13.9142,-0.3922,0.4546,0.9979,-0.0649,0.0000,0.0649,0.9979,0.0000,0.0000,0.0000,1.0000,0.0210,0.0279,0.0569
365,0,13.8637,-0.3258,0.4400,0.9971,-0.0767,0.0000,0.0767,0.9971,0.0000,0.0000,0.0000,1.0000,0.2577,0.2263,0.1400
365,1,13.8720,-0.3235,0.6052,0.9971,-0.0767,0.0000,0.0767,0.9971,0.0000,0.0000,0.0000,1.0000,0.1100,0.2168,0.3052
365,2,13.9431,-0.3895,0.5173,0.9971,-0.0767,0.0000,0.0767,0.9971,0.0000,0.0000,0.0000,1.0000,0.1101,0.3070,0.2173
365,3,13.9519,-0.5674,0.5889,0.9971,-0.0767,0.0000,0.0767,0.9971,0.0000,0.0000,0.0000,1.0000,0.2836,0.2073,0.2889
365,4,14.0661,-0.6228,0.5062,0.9971,-0.0767,0.0000,0.0767,0.9971,0.0000,0.0000,0.0000,1.0000,0.2820,0.2947,0.2062
365,5,14.2437,-0.4993,0.6614,0.9971,-0.0767,0.0000,0.0767,0.9971,0.0000,0.0000,0.0000,1.0000,0.1112,0.2100,0.3614
365,6,14.3379,-0.4869,0.4265,0.9971,-0.0767,0.0000,0.0767,0.9971,0.0000,0.0000,0.0000,1.0000,0.1972,0.1336,0.1265
365,7,14.4471,-0.4869,0.4491,0.9971,-0.0767,0.0000,0.0767,0.9971,0.0000,0.0000,0.0000,1.0000,0.1624,0.1625,0.0548
365,8,14.4777,-0.4459,0.4472,0.9971,-0.0767,0.0000,0.0767,0.9971,0.0000,0.0000,0.0000,1.0000,0.0831,0.2046,0.1050
365,9,14.5130,-0.3822,0.4544,0.9971,-0.0767,0.0000,0.0767,0.9971,0.0000,0.0000,0.0000,1.0000,0.0210,0.0279,0.0569
365,10,14.5522,-0.4453,0.4546,0.9971,-0.0767,0.0000,0.0767,0.9971,0.0000,0.0000,0.0000,1.0000,0.0210,0.0279,0.0569
366,0,14.5119,-0.3795,0.4400,0.9960,-0.0899,0.0000,0.0899,0.9960,0.0000,0.0000,0.0000,1.0000,0.2577,0.2263,0.1400
366,1,14.5203,-0.3773,0.6052,0.9960,-0.0899,0.0000,0.0899,0.9960,0.0000,0.0000,0.0000,1.0000,0.1100,0.2168,0.3052
366,2,14.5904,-0.4442,0.5173,0.9960,-0.0899,0.0000,0.0899,0.9960,0.0000,0.0000,0.0000,1.0000,0.1101,0.3070,0.2173
366,3,14.5969,-0.6222,0.5889,0.9960,-0.0899,0.0000,0.0899,0.9960,0.0000,0.0000,0.0000,1.0000,0.2836,0.2073,0.2889
366,4,14.7103,-0.6791,0.5062,0.9960,-0.0899,0.0000,0.0899,0.9960,0.0000,0.0000,0.0000,1.0000,0.2820,0.2947,0.2062
366,5,14.8895,-0.5579,0.6614,0.9960,-0.0899,0.0000,0.0899,0.9960,0.0000,0.0000,0.0000,1.0000,0.1112,0.2100,0.3614
366,6,14.9839,-0.5469,0.4265,0.9960,-0.0899,0.0000,0.0899,0.9960,0.0000,0.0000,0.0000,1.0000,0.1972,0.1336,0.1265
366,7,15.0931,-0.5483,0.4491,0.9960,-0.0899,0.0000,0.0899,0.9960,0.0000,0.0000,0.0000,1.0000,0.1624,0.1625,0.0548
366,8,15.1243,-0.5077,0.4472,0.9960,-0.0899,0.0000,0.0899,0.9960,0.0000,0.0000,0.0000,1.0000,0.0831,0.2046,0.1050
366,9,15.1604,-0.4444,0.4544,0.9960,-0.0899,0.0000,0.0899,0.9960,0.0000,0.0000,0.0000,1.0000,0.0210,0.0279,0.0569
366,10,15.1988,-0.5080,0.4546,0.9960,-0.0899,0.0000,0.0899,0.9960,0.0000,0.0000,0.0000,1.0000,0.0210,0.0279,0.0569
367,0,15.1674,-0.4429,0.4400,0.9945,-0.1045,0.0000,0.1045,0.9945,0.0000,0.0000,0.0000,1.0000,0.2577,0.2263,0.1400
367,1,15.1758,-0.4409,0.6052,0.9945,-0.1045,0.0000,0.1045,0.9945,0.0000,0.0000,0.0000,1.0000,0.1100,0.2168,0.3052
367,2,15.2450,-0.5088,0.5173,0.9945,-0.1045,0.0000,0.1045,0.9945,0.0000,0.0000,0.0000,1.0000,0.1101,0.3070,0.2173
367,3,15.2488,-0.6868,0.5889,0.9945,-0.1045,0.0000,0.1045,0.9945,0.0000,0.0000,0.0000,1.0000,0.2836,0.2073,0.2889
367,4,15.3614,-0.7454,0.5062,0.9945,-0.1045,0.0000,0.1045,0.9945,0.0000,0.0000,0.0000,1.0000,0.2820,0.2947,0.2062
367,5,15.5424,-0.6269,0.6614,0.9945,-0.1045,0.0000,0.1045,0.9945,0.0000,0.0000,0.0000,1.0000,0.1112,0.2100,0.3614
367,6,15.6369,-0.6172,0.4265,0.9945,-0.1045,0.0000,0.1045,0.9945,0.0000,0.0000,0.0000,1.0000,0.1972,0.1336,0.1265
367,7,15.7461,-0.6202,0.4491,0.9945,-0.1045,0.0000,0.1045,0.9945,0.0000,0.0000,0.0000,1.0000,0.1624,0.1625,0.0548
367,8,15.7778,-0.5801,0.4472,0.9945,-0.1045,0.0000,0.1045,0.9945,0.0000,0.0000,0.0000,1.0000,0.0831,0.2046,0.1050
367,9,15.8149,-0.5173,0.4544,0.9945,-0.1045,0.0000,0.1045,0.9945,0.0000,0.0000,0.0000,1.0000,0.0210,0.0279,0.0569
367,10,15.8523,-0.5815,0.4546,0.9945,-0.1045,0.0000,0.1045,0.9945,0.0000,0.0000,0.0000,1.0000,0.0210,0.0279,0.0569
368,0,15.8294,-0.5171,0.4400,0.9928,-0.1201,0.0000,0.1201,0.9928,0.0000,0.0000,0.0000,1.0000,0.2577,0.2263,0.1400
368,1,15.8378,-0.5152,0.6052,0.9928,-0.1201,0.0000,0.1201,0.9928,0.0000,0.0000,0.0000,1.0000,0.1100,0.2168,0.3052
368,2,15.9059,-0.5842,0.5173,0.9928,-0.1201,0.0000,0.1201,0.9928,0.0000,0.0000,0.0000,1.0000,0.1101,0.3070,0.2173
368,3,15.9069,-0.7623,0.5889,0.9928,-0.1201,0.0000,0.1201,0.9928,0.0000,0.0000,0.0000,1.0000,0.2836,0.2073,0.2889
368,4,16.0185,-0.8226,0.5062,0.9928,-0.1201,0.0000,0.1201,0.9928,0.0000,0.0000,0.0000,1.0000,0.2820,0.2947,0.2062
368,5,16.2013,-0.7070,0.6614,0.9928,-0.1201,0.0000,0.1201,0.9928,0.0000,0.0000,0.0000,1.0000,0.1112,0.2100,0.3614
368,6,16.2960,-0.6988,0.4265,0.9928,-0.1201,0.0000,0.1201,0.9928,0.0000,0.0000,0.0000,1.0000,0.1972,0.1336,0.1265
368,7,16.4051,-0.7035,0.4491,0.9928,-0.1201,0.0000,0.1201,0.9928,0.0000,0.0000,0.0000,1.0000,0.1624,0.1625,0.0548
368,8,16.4375,-0.6639,0.4472,0.9928,-0.1201,0.0000,0.1201,0.9928,0.0000,0.0000,0.0000,1.0000,0.0831,0.2046,0.1050
368,9,16.4756,-0.6018,0.4544,0.9928,-0.1201,0.0000,0.1201,0.9928,0.0000,0.0000,0.0000,1.0000,0.0210,0.0279,0.0569
368,10,16.5120,-0.6665,0.4546,0.9928,-0.1201,0.0000,0.1201,0.9928,0.0000,0.0000,0.0000,1.0000,0.0210,0.0279,0.0569
369,0,16.4977,-0.6031,0.4400,0.9906,-0.1369,0.0000,0.1369,0.9906,0.0000,0.0000,0.0000,1.0000,0.2577,0.2263,0.1400
369,1,16.5061,-0.6013,0.6052,0.9906,-0.1369,0.0000,0.1369,0.9906,0.0000,0.0000,0.0000,1.0000,0.1100,0.2168,0.3052
369,2,16.5731,-0.6714,0.5173,0.9906,-0.1369,0.0000,0.1369,0.9906,0.0000,0.0000,0.0000,1.0000,0.1101,0.3070,0.2173
369,3,16.5711,-0.8495,0.5889,0.9906,-0.1369,0.0000,0.1369,0.9906,0.0000,0.0000,0.0000,1.0000,0.2836,0.2073,0.2889
369,4,16.6817,-0.9117,0.5062,0.9906,-0.1369,0.0000,0.1369,0.9906,0.0000,0.0000,0.0000,1.0000,0.2820,0.2947,0.2062
369,5,16.8664,-0.7992,0.6614,0.9906,-0.1369,0.0000,0.1369,0.9906,0.0000,0.0000,0.0000,1.0000,0.1112,0.2100,0.3614
369,6,16.9612,-0.7926,0.4265,0.9906,-0.1369,0.0000,0.1369,0.9906,0.0000,0.0000,0.0000,1.0000,0.1972,0.1336,0.1265
369,7,17.0703,-0.7992,0.4491,0.9906,-0.1369,0.0000,0.1369,0.9906,0.0000,0.0000,0.0000,1.0000,0.1624,0.1625,0.0548
369,8,17.1033,-0.7601,0.4472,0.9906,-0.1369,0.0000,0.1369,0.9906,0.0000,0.0000,0.0000,1.0000,0.0831,0.2046,0.1050
369,9,17.1424,-0.6986,0.4544,0.9906,-0.1369,0.0000,0.1369,0.9906,0.0000,0.0000,0.0000,1.0000,0.0210,0.0279,0.0569
369,10,17.1777,-0.7639,0.4546,0.9906,-0.1369,0.0000,0.1369,0.9906,0.0000,0.0000,0.0000,1.0000,0.0210,0.0279,0.0569
370,0,17.1728,-0.7017,0.4400,0.9880,-0.1544,0.0000,0.1544,0.9880,0.0000,0.0000,0.0000,1.0000,0.2577,0.2263,0.1400
370,1,17.1813,-0.7001,0.6052,0.9880,-0.1544,0.0000,0.1544,0.9880,0.0000,0.0000,0.0000,1.0000,0.1100,0.2168,0.3052
370,2,17.2469,-0.7714,0.5173,0.9880,-0.1544,0.0000,0.1544,0.9880,0.0000,0.0000,0.0000,1.0000,0.1101,0.3070,0.2173
370,3,17.2418,-0.9495,0.5889,0.9880,-0.1544,0.0000,0.1544,0.9880,0.0000,0.0000,0.0000,1.0000,0.2836,0.2073,0.2889
370,4,17.3513,-1.0136,0.5062,0.9880,-0.1544,0.0000,0.1544,0.9880,0.0000,0.0000,0.0000,1.0000,0.2820,0.2947,0.2062
370,5,17.5380,-0.9044,0.6614,0.9880,-0.1544,0.0000,0.1544,0.9880,0.0000,0.0000,0.0000,1.0000,0.1112,0.2100,0.3614
370,6,17.6329,-0.8995,0.4265,0.9880,-0.1544,0.0000,0.1544,0.9880,0.0000,0.0000,0.0000,1.0000,0.1972,0.1336,0.1265
370,7,17.7418,-0.9080,0.4491,0.9880,-0.1544,0.0000,0.1544,0.9880,0.0000,0.0000,0.0000,1.0000,0.1624,0.1625,0.0548
370,8,17.7755,-0.8695,0.4472,0.9880,-0.1544,0.0000,0.1544,0.9880,0.0000,0.0000,0.0000,1.0000,0.0831,0.2046,0.1050
370,9,17.8157,-0.8087,0.4544,0.9880,-0.1544,0.0000,0.1544,0.9880,0.0000,0.0000,0.0000,1.0000,0.0210,0.0279,0.0569
370,10,17.8498,-0.8747,0.4546,0.9880,-0.1544,0.0000,0.1544,0.9880,0.0000,0.0000,0.0000,1.0000,0.0210,0.0279,0.0569
371,0,17.8548,-0.8141,0.4400,0.9850,-0.1728,0.0000,0.1728,0.9850,0.0000,0.0000,0.0000,1.0000,0.2577,0.2263,0.1400
371,1,17.8632,-0.8127,0.6052,0.9850,-0.1728,0.0000,0.1728,0.9850,0.0000,0.0000,0.0000,1.0000,0.1100,0.2168,0.3052
371,2,17.9276,-0.8852,0.5173,0.9850,-0.1728,0.0000,0.1728,0.9850,0.0000,0.0000,0.0000,1.0000,0.1101,0.3070,0.2173
371,3,17.9191,-1.0631,0.5889,0.9850,-0.1728,0.0000,0.1728,0.9850,0.0000,0.0000,0.0000,1.0000,0.2836,0.2073,0.2889
371,4,18.0274,-1.1293,0.5062,0.9850,-0.1728,0.0000,0.1728,0.9850,0.0000,0.0000,0.0000,1.0000,0.2820,0.2947,0.2062
371,5,18.2161,-1.0235,0.6614,0.9850,-0.1728,0.0000,0.1728,0.9850,0.0000,0.0000,0.0000,1.0000,0.1112,0.2100,0.3614
371,6,18.3111,-1.0204,0.4265,0.9850,-0.1728,0.0000,0.1728,0.9850,0.0000,0.0000,0.0000,1.0000,0.1972,0.1336,0.1265
371,7,18.4198,-1.0309,0.4491,0.9850,-0.1728,0.0000,0.1728,0.9850,0.0000,0.0000,0.0000,1.0000,0.1624,0.1625,0.0548
371,8,18.4542,-0.9931,0.4472,0.9850,-0.1728,0.0000,0.1728,0.9850,0.0000,0.0000,0.0000,1.0000,0.0831,0.2046,0.1050
371,9,18.4955,-0.9331,0.4544,0.9850,-0.1728,0.0000,0.1728,0.9850,0.0000,0.0000,0.0000,1.0000,0.0210,0.0279,0.0569
371,10,18.5284,-0.9996,0.4546,0.9850,-0.1728,0.0000,0.1728,0.9850,0.0000,0.0000,0.0000,1.0000,0.0210,0.0279,0.0569
372,0,18.5430,-0.9409,0.4400,0.9815,-0.1916,0.0000,0.1916,0.9815,0.0000,0.0000,0.0000,1.0000,0.2577,0.2263,0.1400
372,1,18.5515,-0.9396,0.6052,0.9815,-0.1916,0.0000,0.1916,0.9815,0.0000,0.0000,0.0000,1.0000,0.1100,0.2168,0.3052
372,2,18.6144,-1.0133,0.5173,0.9815,-0.1916,0.0000,0.1916,0.9815,0.0000,0.0000,0.0000,1.0000,0.1101,0.3070,0.2173
372,3,18.6025,-1.1910,0.5889,0.9815,-0.1916,0.0000,0.1916,0.9815,0.0000,0.0000,0.0000,1.0000,0.2836,0.2073,0.2889
372,4,18.7095,-1.2593,0.5062,0.9815,-0.1916,0.0000,0.1916,0.9815,0.0000,0.0000,0.0000,1.0000,0.2820,0.2947,0.2062
372,5,18.9003,-1.1571,0.6614,0.9815,-0.1916,0.0000,0.1916,0.9815,0.0000,0.0000,0.0000,1.0000,0.1112,0.2100,0.3614
372,6,18.9953,-1.1558,0.4265,0.9815,-0.1916,0.0000,0.1916,0.9815,0.0000,0.0000,0.0000,1.0000,0.1972,0.1336,0.1265
372,7,19.1038,-1.1684,0.4491,0.9815,-0.1916,0.0000,0.1916,0.9815,0.0000,0.0000,0.0000,1.0000,0.1624,0.1625,0.0548
372,8,19.1389,-1.1313,0.4472,0.9815,-0.1916,0.0000,0.1916,0.9815,0.0000,0.0000,0.0000,1.0000,0.0831,0.2046,0.1050
372,9,19.1814,-1.0720,0.4544,0.9815,-0.1916,0.0000,0.1916,0.9815,0.0000,0.0000,0.0000,1.0000,0.0210,0.0279,0.0569
372,10,19.2130,-1.1392,0.4546,0.9815,-0.1916,0.0000,0.1916,0.9815,0.0000,0.0000,0.0000,1.0000,0.0210,0.0279,0.0569
373,0,19.2363,-1.0826,0.4400,0.9775,-0.2109,0.0000,0.2109,0.9775,0.0000,0.0000,0.0000,1.0000,0.2577,0.2263,0.1400
373,1,19.2449,-1.0814,0.6052,0.9775,-0.2109,0.0000,0.2109,0.9775,0.0000,0.0000,0.0000,1.0000,0.1100,0.2168,0.3052
373,2,19.3063,-1.1564,0.5173,0.9775,-0.2109,0.0000,0.2109,0.9775,0.0000,0.0000,0.0000,1.0000,0.1101,0.3070,0.2173
373,3,19.2910,-1.3339,0.5889,0.9775,-0.2109,0.0000,0.2109,0.9775,0.0000,0.0000,0.0000,1.0000,0.2836,0.2073,0.2889
373,4,19.3966,-1.4042,0.5062,0.9775,-0.2109,0.0000,0.2109,0.9775,0.0000,0.0000,0.0000,1.0000,0.2820,0.2947,0.2062
373,5,19.5893,-1.3058,0.6614,0.9775,-0.2109,0.0000,0.2109,0.9775,0.0000,0.0000,0.0000,1.0000,0.1112,0.2100,0.3614
373,6,19.6843,-1.3064,0.4265,0.9775,-0.2109,0.0000,0.2109,0.9775,0.0000,0.0000,0.0000,1.0000,0.1972,0.1336,0.1265
373,7,19.7925,-1.3212,0.4491,0.9775,-0.2109,0.0000,0.2109,0.9775,0.0000,0.0000,0.0000,1.0000,0.1624,0.1625,0.0548
373,8,19.8284,-1.2847,0.4472,0.9775,-0.2109,0.0000,0.2109,0.9775,0.0000,0.0000,0.0000,1.0000,0.0831,0.2046,0.1050
373,9,19.8720,-1.2263,0.4544,0.9775,-0.2109,0.0000,0.2109,0.9775,0.0000,0.0000,0.0000,1.0000,0.0210,0.0279,0.0569
373,10,19.9023,-1.2941,0.4546,0.9775,-0.2109,0.0000,0.2109,0.9775,0.0000,0.0000,0.0000,1.0000,0.0210,0.0279,0.0569
374,0,19.9339,-1.2397,0.4400,0.9731,-0.2306,0.0000,0.2306,0.9731,0.0000,0.0000,0.0000,1.0000,0.2577,0.2263,0.1400
374,1,19.9424,-1.2387,0.6052,0.9731,-0.2306,0.0000,0.2306,0.9731,0.0000,0.0000,0.0000,1.0000,0.1100,0.2168,0.3052
374,2,20.0024,-1.3149,0.5173,0.9731,-0.2306,0.0000,0.2306,0.9731,0.0000,0.0000,0.0000,1.0000,0.1101,0.3070,0.2173
374,3,19.9834,-1.4920,0.5889,0.9731,-0.2306,0.0000,0.2306,0.9731,0.0000,0.0000,0.0000,1.0000,0.2836,0.2073,0.2889
374,4,20.0876,-1.5645,0.5062,0.9731,-0.2306,0.0000,0.2306,0.9731,0.0000,0.0000,0.0000,1.0000,0.2820,0.2947,0.2062
374,5,20.2822,-1.4700,0.6614,0.9731,-0.2306,0.0000,0.2306,0.9731,0.0000,0.0000,0.0000,1.0000,0.1112,0.2100,0.3614
374,6,20.3772,-1.4725,0.4265,0.9731,-0.2306,0.0000,0.2306,0.9731,0.0000,0.0000,0.0000,1.0000,0.1972,0.1336,0.1265
374,7,20.4851,-1.4894,0.4491,0.9731,-0.2306,0.0000,0.2306,0.9731,0.0000,0.0000,0.0000,1.0000,0.1624,0.1625,0.0548
374,8,20.5218,-1.4537,0.4472,0.9731,-0.2306,0.0000,0.2306,0.9731,0.0000,0.0000,0.0000,1.0000,0.0831,0.2046,0.1050
374,9,20.5665,-1.3962,0.4544,0.9731,-0.2306,0.0000,0.2306,0.9731,0.0000,0.0000,0.0000,1.0000,0.0210,0.0279,0.0569
374,10,20.5954,-1.4646,0.4546,0.9731,-0.2306,0.0000,0.2306,0.9731,0.0000,0.0000,0.0000,1.0000,0.0210,0.0279,0.0569
375,0,20.6349,-1.4125,0.4400,0.9682,-0.2504,0.0000,0.2504,0.9682,0.0000,0.0000,0.0000,1.0000,0.2577,0.2263,0.1400
375,1,20.6435,-1.4117,0.6052,0.9682,-0.2504,0.0000,0.2504,0.9682,0.0000,0.0000,0.0000,1.0000,0.1100,0.2168,0.3052
375,2,20.7019,-1.4891,0.5173,0.9682,-0.2504,0.0000,0.2504,0.9682,0.0000,0.0000,0.0000,1.0000,0.1101,0.3070,0.2173
375,3,20.6793,-1.6658,0.5889,0.9682,-0.2504,0.0000,0.2504,0.9682,0.0000,0.0000,0.0000,1.0000,0.2836,0.2073,0.2889
375,4,20.7820,-1.7404,0.5062,0.9682,-0.2504,0.0000,0.2504,0.9682,0.0000,0.0000,0.0000,1.0000,0.2820,0.2947,0.2062
375,5,20.9785,-1.6499,0.6614,0.9682,-0.2504,0.0000,0.2504,0.9682,0.0000,0.0000,0.0000,1.0000,0.1112,0.2100,0.3614
375,6,21.0735,-1.6543,0.4265,0.9682,-0.2504,0.0000,0.2504,0.9682,0.0000,0.0000,0.0000,1.0000,0.1972,0.1336,0.1265
375,7,21.1810,-1.6734,0.4491,0.9682,-0.2504,0.0000,0.2504,0.9682,0.0000,0.0000,0.0000,1.0000,0.1624,0.1625,0.0548
375,8,21.2183,-1.6385,0.4472,0.9682,-0.2504,0.0000,0.2504,0.9682,0.0000,0.0000,0.0000,1.0000,0.0831,0.2046,0.1050
375,9,21.2643,-1.5819,0.4544,0.9682,-0.2504,0.0000,0.2504,0.9682,0.0000,0.0000,0.0000,1.0000,0.0210,0.0279,0.0569
375,10,21.2918,-1.6509,0.4546,0.9682,-0.2504,0.0000,0.2504,0.9682,0.0000,0.0000,0.0000,1.0000,0.0210,0.0279,0.0569
376,0,21.3393,-1.6015,0.4400,0.9628,-0.2701,0.0000,0.2701,0.9628,0.0000,0.0000,0.0000,1.0000,0.2577,0.2263,0.1400
376,1,21.3478,-1.6009,0.6052,0.9628,-0.2701,0.0000,0.2701,0.9628,0.0000,0.0000,0.0000,1.0000,0.1100,0.2168,0.3052
376,2,21.4046,-1.6795,0.5173,0.9628,-0.2701,0.0000,0.2701,0.9628,0.0000,0.0000,0.0000,1.0000,0.1101,0.3070,0.2173
376,3,21.3785,-1.8557,0.5889,0.9628,-0.2701,0.0000,0.2701,0.9628,0.0000,0.0000,0.0000,1.0000,0.2836,0.2073,0.2889
376,4,21.4796,-1.9323,0.5062,0.9628,-0.2701,0.0000,0.2701,0.9628,0.0000,0.0000,0.0000,1.0000,0.2820,0.2947,0.2062
376,5,21.6780,-1.8459,0.6614,0.9628,-0.2701,0.0000,0.2701,0.9628,0.0000,0.0000,0.0000,1.0000,0.1112,0.2100,0.3614
376,6,21.7728,-1.8522,0.4265,0.9628,-0.2701,0.0000,0.2701,0.9628,0.0000,0.0000,0.0000,1.0000,0.1972,0.1336,0.1265
376,7,21.8799,-1.8736,0.4491,0.9628,-0.2701,0.0000,0.2701,0.9628,0.0000,0.0000,0.0000,1.0000,0.1624,0.1625,0.0548
376,8,21.9179,-1.8394,0.4472,0.9628,-0.2701,0.0000,0.2701,0.9628,0.0000,0.0000,0.0000,1.0000,0.0831,0.2046,0.1050
376,9,21.9650,-1.7837,0.4544,0.9628,-0.2701,0.0000,0.2701,0.9628,0.0000,0.0000,0.0000,1.0000,0.0210,0.0279,0.0569
376,10,21.9911,-1.8532,0.4546,0.9628,-0.2701,0.0000,0.2701,0.9628,0.0000,0.0000,0.0000,1.0000,0.0210,0.0279,0.0569
377,0,22.0464,-1.8071,0.4400,0.9569,-0.2903,0.0000,0.2903,0.9569,0.0000,0.0000,0.0000,1.0000,0.2577,0.2263,0.1400
377,1,22.0550,-1.8067,0.6052,0.9569,-0.2903,0.0000,0.2903,0.9569,0.0000,0.0000,0.0000,1.0000,0.1100,0.2168,0.3052
377,2,22.1102,-1.8864,0.5173,0.9569,-0.2903,0.0000,0.2903,0.9569,0.0000,0.0000,0.0000,1.0000,0.1101,0.3070,0.2173
377,3,22.0803,-2.0620,0.5889,0.9569,-0.2903,0.0000,0.2903,0.9569,0.0000,0.0000,0.0000,1.0000,0.2836,0.2073,0.2889
377,4,22.1798,-2.1408,0.5062,0.9569,-0.2903,0.0000,0.2903,0.9569,0.0000,0.0000,0.0000,1.0000,0.2820,0.2947,0.2062
377,5,22.3799,-2.0586,0.6614,0.9569,-0.2903,0.0000,0.2903,0.9569,0.0000,0.0000,0.0000,1.0000,0.1112,0.2100,0.3614
377,6,22.4746,-2.0669,0.4265,0.9569,-0.2903,0.0000,0.2903,0.9569,0.0000,0.0000,0.0000,1.0000,0.1972,0.1336,0.1265
377,7,22.5812,-2.0905,0.4491,0.9569,-0.2903,0.0000,0.2903,0.9569,0.0000,0.0000,0.0000,1.0000,0.1624,0.1625,0.0548
377,8,22.6200,-2.0571,0.4472,0.9569,-0.2903,0.0000,0.2903,0.9569,0.0000,0.0000,0.0000,1.0000,0.0831,0.2046,0.1050
377,9,22.6682,-2.0025,0.4544,0.9569,-0.2903,0.0000,0.2903,0.9569,0.0000,0.0000,0.0000,1.0000,0.0210,0.0279,0.0569
377,10,22.6928,-2.0725,0.4546,0.9569,-0.2903,0.0000,0.2903,0.9569,0.0000,0.0000,0.0000,1.0000,0.0210,0.0279,0.0569
378,0,22.7555,-2.0297,0.4400,0.9505,-0.3107,0.0000,0.3107,0.9505,0.0000,0.0000,0.0000,1.0000,0.2577,0.2263,0.1400
378,1,22.7641,-2.0294,0.6052,0.9505,-0.3107,0.0000,0.3107,0.9505,0.0000,0.0000,0.0000,1.0000,0.1100,0.2168,0.3052
378,2,22.8175,-2.1103,0.5173,0.9505,-0.3107,0.0000,0.3107,0.9505,0.0000,0.0000,0.0000,1.0000,0.1101,0.3070,0.2173
378,3,22.7839,-2.2852,0.5889,0.9505,-0.3107,0.0000,0.3107,0.9505,0.0000,0.0000,0.0000,1.0000,0.2836,0.2073,0.2889
378,4,22.8817,-2.3661,0.5062,0.9505,-0.3107,0.0000,0.3107,0.9505,0.0000,0.0000,0.0000,1.0000,0.2820,0.2947,0.2062
378,5,23.0835,-2.2882,0.6614,0.9505,-0.3107,0.0000,0.3107,0.9505,0.0000,0.0000,0.0000,1.0000,0.1112,0.2100,0.3614
378,6,23.1779,-2.2985,0.4265,0.9505,-0.3107,0.0000,0.3107,0.9505,0.0000,0.0000,0.0000,1.0000,0.1972,0.1336,0.1265
378,7,23.2841,-2.3244,0.4491,0.9505,-0.3107,0.0000,0.3107,0.9505,0.0000,0.0000,0.0000,1.0000,0.1624,0.1625,0.0548
378,8,23.3235,-2.2918,0.4472,0.9505,-0.3107,0.0000,0.3107,0.9505,0.0000,0.0000,0.0000,1.0000,0.0831,0.2046,0.1050
378,9,23.3729,-2.2382,0.4544,0.9505,-0.3107,0.0000,0.3107,0.9505,0.0000,0.0000,0.0000,1.0000,0.0210,0.0279,0.0569
378,10,23.3961,-2.3088,0.4546,0.9505,-0.3107,0.0000,0.3107,0.9505,0.0000,0.0000,0.0000,1.0000,0.0210,0.0279,0.0569
379,0,23.4651,-2.2692,0.4400,0.9436,-0.3312,0.0000,0.3312,0.9436,0.0000,0.0000,0.0000,1.0000,0.2577,0.2263,0.1400
379,1,23.4737,-2.2692,0.6052,0.9436,-0.3312,0.0000,0.3312,0.9436,0.0000,0.0000,0.0000,1.0000,0.1100,0.2168,0.3052
379,2,23.5253,-2.3512,0.5173,0.9436,-0.3312,0.0000,0.3312,0.9436,0.0000,0.0000,0.0000,1.0000,0.1101,0.3070,0.2173
379,3,23.4879,-2.5254,0.5889,0.9436,-0.3312,0.0000,0.3312,0.9436,0.0000,0.0000,0.0000,1.0000,0.2836,0.2073,0.2889
379,4,23.5840,-2.6084,0.5062,0.9436,-0.3312,0.0000,0.3312,0.9436,0.0000,0.0000,0.0000,1.0000,0.2820,0.2947,0.2062
379,5,23.7874,-2.5348,0.6614,0.9436,-0.3312,0.0000,0.3312,0.9436,0.0000,0.0000,0.0000,1.0000,0.1112,0.2100,0.3614
379,6,23.8816,-2.5472,0.4265,0.9436,-0.3312,0.0000,0.3312,0.9436,0.0000,0.0000,0.0000,1.0000,0.1972,0.1336,0.1265
379,7,23.9871,-2.5753,0.4491,0.9436,-0.3312,0.0000,0.3312,0.9436,0.0000,0.0000,0.0000,1.0000,0.1624,0.1625,0.0548
379,8,24.0273,-2.5436,0.4472,0.9436,-0.3312,0.0000,0.3312,0.9436,0.0000,0.0000,0.0000,1.0000,0.0831,0.2046,0.1050
379,9,24.0779,-2.4911,0.4544,0.9436,-0.3312,0.0000,0.3312,0.9436,0.0000,0.0000,0.0000,1.0000,0.0210,0.0279,0.0569
379,10,24.0994,-2.5622,0.4546,0.9436,-0.3312,0.0000,0.3312,0.9436,0.0000,0.0000,0.0000,1.0000,0.0210,0.0279,0.0569
380,0,24.1739,-2.5259,0.4400,0.9361,-0.3518,0.0000,0.3518,0.9361,0.0000,0.0000,0.0000,1.0000,0.2577,0.2263,0.1400
380,1,24.1825,-2.5260,0.6052,0.9361,-0.3518,0.0000,0.3518,0.9361,0.0000,0.0000,0.0000,1.0000,0.1100,0.2168,0.3052
380,2,24.2323,-2.6092,0.5173,0.9361,-0.3518,0.0000,0.3518,0.9361,0.0000,0.0000,0.0000,1.0000,0.1101,0.3070,0.2173
380,3,24.1911,-2.7824,0.5889,0.9361,-0.3518,0.0000,0.3518,0.9361,0.0000,0.0000,0.0000,1.0000,0.2836,0.2073,0.2889
380,4,24.2853,-2.8675,0.5062,0.9361,-0.3518,0.0000,0.3518,0.9361,0.0000,0.0000,0.0000,1.0000,0.2820,0.2947,0.2062
380,5,24.4903,-2.7984,0.6614,0.9361,-0.3518,0.0000,0.3518,0.9361,0.0000,0.0000,0.0000,1.0000,0.1112,0.2100,0.3614
380,6,24.5842,-2.8129,0.4265,0.9361,-0.3518,0.0000,0.3518,0.9361,0.0000,0.0000,0.0000,1.0000,0.1972,0.1336,0.1265
380,7,24.6891,-2.8433,0.4491,0.9361,-0.3518,0.0000,0.3518,0.9361,0.0000,0.0000,0.0000,1.0000,0.1624,0.1625,0.0548
380,8,24.7300,-2.8125,0.4472,0.9361,-0.3518,0.0000,0.3518,0.9361,0.0000,0.0000,0.0000,1.0000,0.0831,0.2046,0.1050
380,9,24.7817,-2.7611,0.4544,0.9361,-0.3518,0.0000,0.3518,0.9361,0.0000,0.0000,0.0000,1.0000,0.0210,0.0279,0.0569
380,10,24.8017,-2.8327,0.4546,0.9361,-0.3518,0.0000,0.3518,0.9361,0.0000,0.0000,0.0000,1.0000,0.0210,0.0279,0.0569
381,0,24.8809,-2.7996,0.4400,0.9281,-0.3724,0.0000,0.3724,0.9281,0.0000,0.0000,0.0000,1.0000,0.2577,0.2263,0.1400
381,1,24.8895,-2.7999,0.6052,0.9281,-0.3724,0.0000,0.3724,0.9281,0.0000,0.0000,0.0000,1.0000,0.1100,0.2168,0.3052
381,2,24.9375,-2.8842,0.5173,0.9281,-0.3724,0.0000,0.3724,0.9281,0.0000,0.0000,0.0000,1.0000,0.1101,0.3070,0.2173
381,3,24.8925,-3.0565,0.5889,0.9281,-0.3724,0.0000,0.3724,0.9281,0.0000,0.0000,0.0000,1.0000,0.2836,0.2073,0.2889
381,4,24.9847,-3.1436,0.5062,0.9281,-0.3724,0.0000,0.3724,0.9281,0.0000,0.0000,0.0000,1.0000,0.2820,0.2947,0.2062
381,5,25.1912,-3.0791,0.6614,0.9281,-0.3724,0.0000,0.3724,0.9281,0.0000,0.0000,0.0000,1.0000,0.1112,0.2100,0.3614
381,6,25.2848,-3.0956,0.4265,0.9281,-0.3724,0.0000,0.3724,0.9281,0.0000,0.0000,0.0000,1.0000,0.1972,0.1336,0.1265
381,7,25.3890,-3.1284,0.4491,0.9281,-0.3724,0.0000,0.3724,0.9281,0.0000,0.0000,0.0000,1.0000,0.1624,0.1625,0.0548
381,8,25.4305,-3.0985,0.4472,0.9281,-0.3724,0.0000,0.3724,0.9281,0.0000,0.0000,0.0000,1.0000,0.0831,0.2046,0.1050
381,9,25.4833,-3.0482,0.4544,0.9281,-0.3724,0.0000,0.3724,0.9281,0.0000,0.0000,0.0000,1.0000,0.0210,0.0279,0.0569
381,10,25.5018,-3.1202,0.4546,0.9281,-0.3724,0.0000,0.3724,0.9281,0.0000,0.0000,0.0000,1.0000,0.0210,0.0279,0.0569
382,0,25.5856,-3.0906,0.4400,0.9195,-0.3930,0.0000,0.3930,0.9195,0.0000,0.0000,0.0000,1.0000,0.2577,0.2263,0.1400
382,1,25.5942,-3.0911,0.6052,0.9195,-0.3930,0.0000,0.3930,0.9195,0.0000,0.0000,0.0000,1.0000,0.1100,0.2168,0.3052
382,2,25.6402,-3.1764,0.5173,0.9195,-0.3930,0.0000,0.3930,0.9195,0.0000,0.0000,0.0000,1.0000,0.1101,0.3070,0.2173
382,3,25.5914,-3.3477,0.5889,0.9195,-0.3930,0.0000,0.3930,0.9195,0.0000,0.0000,0.0000,1.0000,0.2836,0.2073,0.2889
382,4,25.6817,-3.4368,0.5062,0.9195,-0.3930,0.0000,0.3930,0.9195,0.0000,0.0000,0.0000,1.0000,0.2820,0.2947,0.2062
382,5,25.8896,-3.3769,0.6614,0.9195,-0.3930,0.0000,0.3930,0.9195,0.0000,0.0000,0.0000,1.0000,0.1112,0.2100,0.3614
382,6,25.9828,-3.3956,0.4265,0.9195,-0.3930,0.0000,0.3930,0.9195,0.0000,0.0000,0.0000,1.0000,0.1972,0.1336,0.1265
382,7,26.0862,-3.4306,0.4491,0.9195,-0.3930,0.0000,0.3930,0.9195,0.0000,0.0000,0.0000,1.0000,0.1624,0.1625,0.0548
382,8,26.1284,-3.4017,0.4472,0.9195,-0.3930,0.0000,0.3930,0.9195,0.0000,0.0000,0.0000,1.0000,0.0831,0.2046,0.1050
382,9,26.1823,-3.3526,0.4544,0.9195,-0.3930,0.0000,0.3930,0.9195,0.0000,0.0000,0.0000,1.0000,0.0210,0.0279,0.0569
382,10,26.1991,-3.4250,0.4546,0.9195,-0.3930,0.0000,0.3930,0.9195,0.0000,0.0000,0.0000,1.0000,0.0210,0.0279,0.0569
383,0,26.2875,-3.3991,0.4400,0.9104,-0.4137,0.0000,0.4137,0.9104,0.0000,0.0000,0.0000,1.0000,0.2577,0.2263,0.1400
383,1,26.2961,-3.3998,0.6052,0.9104,-0.4137,0.0000,0.4137,0.9104,0.0000,0.0000,0.0000,1.0000,0.1100,0.2168,0.3052
383,2,26.3402,-3.4861,0.5173,0.9104,-0.4137,0.0000,0.4137,0.9104,0.0000,0.0000,0.0000,1.0000,0.1101,0.3070,0.2173
383,3,26.2875,-3.6562,0.5889,0.9104,-0.4137,0.0000,0.4137,0.9104,0.0000,0.0000,0.0000,1.0000,0.2836,0.2073,0.2889
383,4,26.3758,-3.7474,0.5062,0.9104,-0.4137,0.0000,0.4137,0.9104,0.0000,0.0000,0.0000,1.0000,0.2820,0.2947,0.2062
383,5,26.5850,-3.6922,0.6614,0.9104,-0.4137,0.0000,0.4137,0.9104,0.0000,0.0000,0.0000,1.0000,0.1112,0.2100,0.3614
383,6,26.6777,-3.7130,0.4265,0.9104,-0.4137,0.0000,0.4137,0.9104,0.0000,0.0000,0.0000,1.0000,0.1972,0.1336,0.1265
383,7,26.7803,-3.7504,0.4491,0.9104,-0.4137,0.0000,0.4137,0.9104,0.0000,0.0000,0.0000,1.0000,0.1624,0.1625,0.0548
383,8,26.8232,-3.7224,0.4472,0.9104,-0.4137,0.0000,0.4137,0.9104,0.0000,0.0000,0.0000,1.0000,0.0831,0.2046,0.1050
383,9,26.8782,-3.6746,0.4544,0.9104,-0.4137,0.0000,0.4137,0.9104,0.0000,0.0000,0.0000,1.0000,0.0210,0.0279,0.0569
383,10,26.8934,-3.7472,0.4546,0.9104,-0.4137,0.0000,0.4137,0.9104,0.0000,0.0000,0.0000,1.0000,0.0210,0.0279,0.0569
384,0,-0.0459,-0.0079,0.4400,1.0000,0.0000,0.0000,-0.0000,1.0000,0.0000,0.0000,0.0000,1.0000,0.2577,0.2263,0.1400
384,1,-0.0378,-0.0050,0.6052,1.0000,0.0000,0.0000,-0.0000,1.0000,0.0000,0.0000,0.0000,1.0000,0.1100,0.2168,0.3052
384,2,0.0381,-0.0653,0.5173,1.0000,0.0000,0.0000,-0.0000,1.0000,0.0000,0.0000,0.0000,1.0000,0.1101,0.3070,0.2173
384,3,0.0605,-0.2420,0.5889,1.0000,0.0000,0.0000,-0.0000,1.0000,0.0000,0.0000,0.0000,1.0000,0.2836,0.2073,0.2889
384,4,0.1786,-0.2885,0.5062,1.0000,0.0000,0.0000,-0.0000,1.0000,0.0000,0.0000,0.0000,1.0000,0.2820,0.2947,0.2062
384,5,0.3462,-0.1517,0.6614,1.0000,0.0000,0.0000,-0.0000,1.0000,0.0000,0.0000,0.0000,1.0000,0.1112,0.2100,0.3614
384,6,0.4392,-0.1322,0.4265,1.0000,0.0000,0.0000,-0.0000,1.0000,0.0000,0.0000,0.0000,1.0000,0.1972,0.1336,0.1265
384,7,0.5481,-0.1238,0.4491,1.0000,0.0000,0.0000,-0.0000,1.0000,0.0000,0.0000,0.0000,1.0000,0.1624,0.1625,0.0548
384,8,0.5755,-0.0806,0.4472,1.0000,0.0000,0.0000,-0.0000,1.0000,0.0000,0.0000,0.0000,1.0000,0.0831,0.2046,0.1050
384,9,0.6058,-0.0143,0.4544,1.0000,0.0000,0.0000,-0.0000,1.0000,0.0000,0.0000,0.0000,1.0000,0.0210,0.0279,0.0569
384,10,0.6497,-0.0742,0.4546,1.0000,0.0000,0.0000,-0.0000,1.0000,0.0000,0.0000,0.0000,1.0000,0.0210,0.0279,0.0569
385,0,-0.0479,-0.0079,0.4400,1.0000,0.0000,0.0000,-0.0000,1.0000,0.0000,0.0000,0.0000,1.0000,0.2577,0.2263,0.1400
385,1,-0.0398,-0.0050,0.6052,1.0000,0.0000,0.0000,-0.0000,1.0000,0.0000,0.0000,0.0000,1.0000,0.1100,0.2168,0.3052
385,2,0.0361,-0.0653,0.5173,1.0000,0.0000,0.0000,-0.0000,1.0000,0.0000,0.0000,0.0000,1.0000,0.1101,0.3070,0.2173
385,3,0.0585,-0.2420,0.5889,1.0000,0.0000,0.0000,-0.0000,1.0000,0.0000,0.0000,0.0000,1.0000,0.2836,0.2073,0.2889
385,4,0.1766,-0.2885,0.5062,1.0000,0.0000,0.0000,-0.0000,1.0000,0.0000,0.0000,0.0000,1.0000,0.2820,0.2947,0.2062
385,5,0.3442,-0.1517,0.6614,1.0000,0.0000,0.0000,-0.0000,1.0000,0.0000,0.0000,0.0000,1.0000,0.1112,0.2100,0.3614
385,6,0.4372,-0.1322,0.4265,1.0000,0.0000,0.0000,-0.0000,1.0000,0.0000,0.0000,0.0000,1.0000,0.1972,0.1336,0.1265
385,7,0.5461,-0.1238,0.4491,1.0000,0.0000,0.0000,-0.0000,1.0000,0.0000,0.0000,0.0000,1.0000,0.1624,0.1625,0.0548
385,8,0.5735,-0.0806,0.4472,1.0000,0.0000,0.0000,-0.0000,1.0000,0.0000,0.0000,0.0000,1.0000,0.0831,0.2046,0.1050
385,9,0.6038,-0.0143,0.4544,1.0000,0.0000,0.0000,-0.0000,1.0000,0.0000,0.0000,0.0000,1.0000,0.0210,0.0279,0.0569
385,10,0.6477,-0.0742,0.4546,1.0000,0.0000,0.0000,-0.0000,1.0000,0.0000,0.0000,0.0000,1.0000,0.0210,0.0279,0.0569
386,0,-0.0459,-0.0079,0.4400,1.0000,0.0000,0.0000,-0.0000,1.0000,0.0000,0.0000,0.0000,1.0000,0.2577,0.2263,0.1400
386,1,-0.0378,-0.0050,0.6052,1.0000,0.0000,0.0000,-0.0000,1.0000,0.0000,0.0000,0.0000,1.0000,0.1100,0.2168,0.3052
386,2,0.0381,-0.0653,0.5173,1.0000,0.0000,0.0000,-0.0000,1.0000,0.0000,0.0000,0.0000,1.0000,0.1101,0.3070,0.2173
386,3,0.0605,-0.2420,0.5889,1.0000,0.0000,0.0000,-0.0000,1.0000,0.0000,0.0000,0.0000,1.0000,0.2836,0.2073,0.2889
386,4,0.1786,-0.2885,0.5062,1.0000,0.0000,0.0000,-0.0000,1.0000,0.0000,0.0000,0.0000,1.0000,0.2820,0.2947,0.2062
386,5,0.3462,-0.1517,0.6614,1.0000,0.0000,0.0000,-0.0000,1.0000,0.0000,0.0000,0.0000,1.0000,0.1112,0.2100,0.3614
386,6,0.4392,-0.1322,0.4265,1.0000,0.0000,0.0000,-0.0000,1.0000,0.0000,0.0000,0.0000,1.0000,0.1972,0.1336,0.1265
386,7,0.5481,-0.1238,0.4491,1.0000,0.0000,0.0000,-0.0000,1.0000,0.0000,0.0000,0.0000,1.0000,0.1624,0.1625,0.0548
386,8,0.5755,-0.0806,0.4472,1.0000,0.0000,0.0000,-0.0000,1.0000,0.0000,0.0000,0.0000,1.0000,0.0831,0.2046,0.1050
386,9,0.6058,-0.0143,0.4544,1.0000,0.0000,0.0000,-0.0000,1.0000,0.0000,0.0000,0.0000,1.0000,0.0210,0.0279,0.0569
386,10,0.6497,-0.0742,0.4546,1.0000,0.0000,0.0000,-0.0000,1.0000,0.0000,0.0000,0.0000,1.0000,0.0210,0.0279,0.0569
387,0,-0.0375,-0.0079,0.4400,1.0000,-0.0000,0.0000,0.0000,1.0000,0.0000,0.0000,0.0000,1.0000,0.2577,0.2263,0.1400
387,1,-0.0294,-0.0050,0.6052,1.0000,-0.0000,0.0000,0.0000,1.0000,0.0000,0.0000,0.0000,1.0000,0.1100,0.2168,0.3052
387,2,0.0465,-0.0653,0.5173,1.0000,-0.0000,0.0000,0.0000,1.0000,0.0000,0.0000,0.0000,1.0000,0.1101,0.3070,0.2173
387,3,0.0689,-0.2420,0.5889,1.0000,-0.0000,0.0000,0.0000,1.0000,0.0000,0.0000,0.0000,1.0000,0.2836,0.2073,0.2889
387,4,0.1870,-0.2885,0.5062,1.0000,-0.0000,0.0000,0.0000,1.0000,0.0000,0.0000,0.0000,1.0000,0.2820,0.2947,0.2062
387,5,0.3546,-0.1517,0.6614,1.0000,-0.0000,0.0000,0.0000,1.0000,0.0000,0.0000,0.0000,1.0000,0.1112,0.2100,0.3614
387,6,0.4476,-0.1322,0.4265,1.0000,-0.0000,0.0000,0.0000,1.0000,0.0000,0.0000,0.0000,1.0000,0.1972,0.1336,0.1265
387,7,0.5565,-0.1238,0.4491,1.0000,-0.0000,0.0000,0.0000,1.0000,0.0000,0.0000,0.0000,1.0000,0.1624,0.1625,0.0548
387,8,0.5839,-0.0806,0.4472,1.0000,-0.0000,0.0000,0.0000,1.0000,0.0000,0.0000,0.0000,1.0000,0.0831,0.2046,0.1050
387,9,0.6142,-0.0143,0.4544,1.0000,-0.0000,0.0000,0.0000,1.0000,0.0000,0.0000,0.0000,1.0000,0.0210,0.0279,0.0569
387,10,0.6581,-0.0742,0.4546,1.0000,-0.0000,0.0000,0.0000,1.0000,0.0000,0.0000,0.0000,1.0000,0.0210,0.0279,0.0569
388,0,-0.0194,-0.0079,0.4400,1.0000,-0.0000,0.0000,0.0000,1.0000,0.0000,0.0000,0.0000,1.0000,0.2577,0.2263,0.1400
388,1,-0.0113,-0.0050,0.6052,1.0000,-0.0000,0.0000,0.0000,1.0000,0.0000,0.0000,0.0000,1.0000,0.1100,0.2168,0.3052
388,2,0.0646,-0.0653,0.5173,1.0000,-0.0000,0.0000,0.0000,1.0000,0.0000,0.0000,0.0000,1.0000,0.1101,0.3070,0.2173
388,3,0.0870,-0.2420,0.5889,1.0000,-0.0000,0.0000,0.0000,1.0000,0.0000,0.0000,0.0000,1.0000,0.2836,0.2073,0.2889
388,4,0.2051,-0.2885,0.5062,1.0000,-0.0000,0.0000,0.0000,1.0000,0.0000,0.0000,0.0000,1.0000,0.2820,0.2947,0.2062
388,5,0.3727,-0.1517,0.6614,1.0000,-0.0000,0.0000,0.0000,1.0000,0.0000,0.0000,0.0000,1.0000,0.1112,0.2100,0.3614
388,6,0.4657,-0.1322,0.4265,1.0000,-0.0000,0.0000,0.0000,1.0000,0.0000,0.0000,0.0000,1.0000,0.1972,0.1336,0.1265
388,7,0.5746,-0.1238,0.4491,1.0000,-0.0000,0.0000,0.0000,1.0000,0.0000,0.0000,0.0000,1.0000,0.1624,0.1625,0.0548
388,8,0.6020,-0.0806,0.4472,1.0000,-0.0000,0.0000,0.0000,1.0000,0.0000,0.0000,0.0000,1.0000,0.0831,0.2046,0.1050
388,9,0.6323,-0.0143,0.4544,1.0000,-0.0000,0.0000,0.0000,1.0000,0.0000,0.0000,0.0000,1.0000,0.0210,0.0279,0.0569
388,10,0.6762,-0.0742,0.4546,1.0000,-0.0000,0.0000,0.0000,1.0000,0.0000,0.0000,0.0000,1.0000,0.0210,0.0279,0.0569
389,0,0.0124,-0.0079,0.4400,1.0000,-0.0001,0.0000,0.0001,1.0000,0.0000,0.0000,0.0000,1.0000,0.2577,0.2263,0.1400
389,1,0.0205,-0.0050,0.6052,1.0000,-0.0001,0.0000,0.0001,1.0000,0.0000,0.0000,0.0000,1.0000,0.1100,0.2168,0.3052
389,2,0.0964,-0.0653,0.5173,1.0000,-0.0001,0.0000,0.0001,1.0000,0.0000,0.0000,0.0000,1.0000,0.1101,0.3070,0.2173
389,3,0.1188,-0.2420,0.5889,1.0000,-0.0001,0.0000,0.0001,1.0000,0.0000,0.0000,0.0000,1.0000,0.2836,0.2073,0.2889
389,4,0.2369,-0.2885,0.5062,1.0000,-0.0001,0.0000,0.0001,1.0000,0.0000,0.0000,0.0000,1.0000,0.2820,0.2947,0.2062
389,5,0.4045,-0.1517,0.6614,1.0000,-0.0001,0.0000,0.0001,1.0000,0.0000,0.0000,0.0000,1.0000,0.1112,0.2100,0.3614
389,6,0.4975,-0.1323,0.4265,1.0000,-0.0001,0.0000,0.0001,1.0000,0.0000,0.0000,0.0000,1.0000,0.1972,0.1336,0.1265
389,7,0.6064,-0.1239,0.4491,1.0000,-0.0001,0.0000,0.0001,1.0000,0.0000,0.0000,0.0000,1.0000,0.1624,0.1625,0.0548
389,8,0.6338,-0.0807,0.4472,1.0000,-0.0001,0.0000,0.0001,1.0000,0.0000,0.0000,0.0000,1.0000,0.0831,0.2046,0.1050
389,9,0.6641,-0.0144,0.4544,1.0000,-0.0001,0.0000,0.0001,1.0000,0.0000,0.0000,0.0000,1.0000,0.0210,0.0279,0.0569
389,10,0.7080,-0.0743,0.4546,1.0000,-0.0001,0.0000,0.0001,1.0000,0.0000,0.0000,0.0000,1.0000,0.0210,0.0279,0.0569
390,0,0.0616,-0.0079,0.4400,1.0000,-0.0002,0.0000,0.0002,1.0000,0.0000,0.0000,0.0000,1.0000,0.2577,0.2263,0.1400
390,1,0.0697,-0.0050,0.6052,1.0000,-0.0002,0.0000,0.0002,1.0000,0.0000,0.0000,0.0000,1.0000,0.1100,0.2168,0.3052
390,2,0.1455,-0.0653,0.5173,1.0000,-0.0002,0.0000,0.0002,1.0000,0.0000,0.0000,0.0000,1.0000,0.1101,0.3070,0.2173
390,3,0.1679,-0.2420,0.5889,1.0000,-0.0002,0.0000,0.0002,1.0000,0.0000,0.0000,0.0000,1.0000,0.2836,0.2073,0.2889
390,4,0.2860,-0.2886,0.5062,1.0000,-0.0002,0.0000,0.0002,1.0000,0.0000,0.0000,0.0000,1.0000,0.2820,0.2947,0.2062
390,5,0.4536,-0.1518,0.6614,1.0000,-0.0002,0.0000,0.0002,1.0000,0.0000,0.0000,0.0000,1.0000,0.1112,0.2100,0.3614
390,6,0.5466,-0.1323,0.4265,1.0000,-0.0002,0.0000,0.0002,1.0000,0.0000,0.0000,0.0000,1.0000,0.1972,0.1336,0.1265
390,7,0.6555,-0.1239,0.4491,1.0000,-0.0002,0.0000,0.0002,1.0000,0.0000,0.0000,0.0000,1.0000,0.1624,0.1625,0.0548
390,8,0.6829,-0.0807,0.4472,1.0000,-0.0002,0.0000,0.0002,1.0000,0.0000,0.0000,0.0000,1.0000,0.0831,0.2046,0.1050
390,9,0.7133,-0.0145,0.4544,1.0000,-0.0002,0.0000,0.0002,1.0000,0.0000,0.0000,0.0000,1.0000,0.0210,0.0279,0.0569
390,10,0.7571,-0.0744,0.4546,1.0000,-0.0002,0.0000,0.0002,1.0000,0.0000,0.0000,0.0000,1.0000,0.0210,0.0279,0.0569
391,0,0.1312,-0.0079,0.4400,1.0000,-0.0004,0.0000,0.0004,1.0000,0.0000,0.0000,0.0000,1.0000,0.2577,0.2263,0.1400
391,1,0.1393,-0.0050,0.6052,1.0000,-0.0004,0.0000,0.0004,1.0000,0.0000,0.0000,0.0000,1.0000,0.1100,0.2168,0.3052
391,2,0.2151,-0.0654,0.5173,1.0000,-0.0004,0.0000,0.0004,1.0000,0.0000,0.0000,0.0000,1.0000,0.1101,0.3070,0.2173
391,3,0.2375,-0.2421,0.5889,1.0000,-0.0004,0.0000,0.0004,1.0000,0.0000,0.0000,0.0000,1.0000,0.2836,0.2073,0.2889
391,4,0.3556,-0.2886,0.5062,1.0000,-0.0004,0.0000,0.0004,1.0000,0.0000,0.0000,0.0000,1.0000,0.2820,0.2947,0.2062
391,5,0.5232,-0.1519,0.6614,1.0000,-0.0004,0.0000,0.0004,1.0000,0.0000,0.0000,0.0000,1.0000,0.1112,0.2100,0.3614
391,6,0.6162,-0.1324,0.4265,1.0000,-0.0004,0.0000,0.0004,1.0000,0.0000,0.0000,0.0000,1.0000,0.1972,0.1336,0.1265
391,7,0.7251,-0.1241,0.4491,1.0000,-0.0004,0.0000,0.0004,1.0000,0.0000,0.0000,0.0000,1.0000,0.1624,0.1625,0.0548
391,8,0.7525,-0.0809,0.4472,1.0000,-0.0004,0.0000,0.0004,1.0000,0.0000,0.0000,0.0000,1.0000,0.0831,0.2046,0.1050
391,9,0.7829,-0.0146,0.4544,1.0000,-0.0004,0.0000,0.0004,1.0000,0.0000,0.0000,0.0000,1.0000,0.0210,0.0279,0.0569
391,10,0.8267,-0.0745,0.4546,1.0000,-0.0004,0.0000,0.0004,1.0000,0.0000,0.0000,0.0000,1.0000,0.0210,0.0279,0.0569
392,0,0.2239,-0.0080,0.4400,1.0000,-0.0006,0.0000,0.0006,1.0000,0.0000,0.0000,0.0000,1.0000,0.2577,0.2263,0.1400
392,1,0.2320,-0.0051,0.6052,1.0000,-0.0006,0.0000,0.0006,1.0000,0.0000,0.0000,0.0000,1.0000,0.1100,0.2168,0.3052
392,2,0.3078,-0.0654,0.5173,1.0000,-0.0006,0.0000,0.0006,1.0000,0.0000,0.0000,0.0000,1.0000,0.1101,0.3070,0.2173
392,3,0.3301,-0.2421,0.5889,1.0000,-0.0006,0.0000,0.0006,1.0000,0.0000,0.0000,0.0000,1.0000,0.2836,0.2073,0.2889
392,4,0.4482,-0.2887,0.5062,1.0000,-0.0006,0.0000,0.0006,1.0000,0.0000,0.0000,0.0000,1.0000,0.2820,0.2947,0.2062
392,5,0.6159,-0.1520,0.6614,1.0000,-0.0006,0.0000,0.0006,1.0000,0.0000,0.0000,0.0000,1.0000,0.1112,0.2100,0.3614
392,6,0.7089,-0.1326,0.4265,1.0000,-0.0006,0.0000,0.0006,1.0000,0.0000,0.0000,0.0000,1.0000,0.1972,0.1336,0.1265
392,7,0.8178,-0.1242,0.4491,1.0000,-0.0006,0.0000,0.0006,1.0000,0.0000,0.0000,0.0000,1.0000,0.1624,0.1625,0.0548
392,8,0.8452,-0.0810,0.4472,1.0000,-0.0006,0.0000,0.0006,1.0000,0.0000,0.0000,0.0000,1.0000,0.0831,0.2046,0.1050
392,9,0.8756,-0.0148,0.4544,1.0000,-0.0006,0.0000,0.0006,1.0000,0.0000,0.0000,0.0000,1.0000,0.0210,0.0279,0.0569
392,10,0.9194,-0.0747,0.4546,1.0000,-0.0006,0.0000,0.0006,1.0000,0.0000,0.0000,0.0000,1.0000,0.0210,0.0279,0.0569
393,0,0.3416,-0.0080,0.4400,1.0000,-0.0009,0.0000,0.0009,1.0000,0.0000,0.0000,0.0000,1.0000,0.2577,0.2263,0.1400
393,1,0.3497,-0.0051,0.6052,1.0000,-0.0009,0.0000,0.0009,1.0000,0.0000,0.0000,0.0000,1.0000,0.1100,0.2168,0.3052
393,2,0.4256,-0.0655,0.5173,1.0000,-0.0009,0.0000,0.0009,1.0000,0.0000,0.0000,0.0000,1.0000,0.1101,0.3070,0.2173
393,3,0.4478,-0.2422,0.5889,1.0000,-0.0009,0.0000,0.0009,1.0000,0.0000,0.0000,0.0000,1.0000,0.2836,0.2073,0.2889
393,4,0.5659,-0.2889,0.5062,1.0000,-0.0009,0.0000,0.0009,1.0000,0.0000,0.0000,0.0000,1.0000,0.2820,0.2947,0.2062
393,5,0.7336,-0.1522,0.6614,1.0000,-0.0009,0.0000,0.0009,1.0000,0.0000,0.0000,0.0000,1.0000,0.1112,0.2100,0.3614
393,6,0.8266,-0.1328,0.4265,1.0000,-0.0009,0.0000,0.0009,1.0000,0.0000,0.0000,0.0000,1.0000,0.1972,0.1336,0.1265
393,7,0.9355,-0.1245,0.4491,1.0000,-0.0009,0.0000,0.0009,1.0000,0.0000,0.0000,0.0000,1.0000,0.1624,0.1625,0.0548
393,8,0.9630,-0.0813,0.4472,1.0000,-0.0009,0.0000,0.0009,1.0000,0.0000,0.0000,0.0000,1.0000,0.0831,0.2046,0.1050
393,9,0.9933,-0.0151,0.4544,1.0000,-0.0009,0.0000,0.0009,1.0000,0.0000,0.0000,0.0000,1.0000,0.0210,0.0279,0.0569
393,10,1.0372,-0.0750,0.4546,1.0000,-0.0009,0.0000,0.0009,1.0000,0.0000,0.0000,0.0000,1.0000,0.0210,0.0279,0.0569
394,0,0.4855,-0.0082,0.4400,1.0000,-0.0014,0.0000,0.0014,1.0000,0.0000,0.0000,0.0000,1.0000,0.2577,0.2263,0.1400
394,1,0.4936,-0.0053,0.6052,1.0000,-0.0014,0.0000,0.0014,1.0000,0.0000,0.0000,0.0000,1.0000,0.1100,0.2168,0.3052
394,2,0.5694,-0.0657,0.5173,1.0000,-0.0014,0.0000,0.0014,1.0000,0.0000,0.0000,0.0000,1.0000,0.1101,0.3070,0.2173
394,3,0.5916,-0.2424,0.5889,1.0000,-0.0014,0.0000,0.0014,1.0000,0.0000,0.0000,0.0000,1.0000,0.2836,0.2073,0.2889
394,4,0.7096,-0.2891,0.5062,1.0000,-0.0014,0.0000,0.0014,1.0000,0.0000,0.0000,0.0000,1.0000,0.2820,0.2947,0.2062
394,5,0.8774,-0.1525,0.6614,1.0000,-0.0014,0.0000,0.0014,1.0000,0.0000,0.0000,0.0000,1.0000,0.1112,0.2100,0.3614
394,6,0.9704,-0.1332,0.4265,1.0000,-0.0014,0.0000,0.0014,1.0000,0.0000,0.0000,0.0000,1.0000,0.1972,0.1336,0.1265
394,7,1.0793,-0.1249,0.4491,1.0000,-0.0014,0.0000,0.0014,1.0000,0.0000,0.0000,0.0000,1.0000,0.1624,0.1625,0.0548
394,8,1.1068,-0.0817,0.4472,1.0000,-0.0014,0.0000,0.0014,1.0000,0.0000,0.0000,0.0000,1.0000,0.0831,0.2046,0.1050
394,9,1.1372,-0.0155,0.4544,1.0000,-0.0014,0.0000,0.0014,1.0000,0.0000,0.0000,0.0000,1.0000,0.0210,0.0279,0.0569
394,10,1.1810,-0.0754,0.4546,1.0000,-0.0014,0.0000,0.0014,1.0000,0.0000,0.0000,0.0000,1.0000,0.0210,0.0279,0.0569
395,0,0.6555,-0.0085,0.4400,1.0000,-0.0019,0.0000,0.0019,1.0000,0.0000,0.0000,0.0000,1.0000,0.2577,0.2263,0.1400
395,1,0.6636,-0.0056,0.6052,1.0000,-0.0019,0.0000,0.0019,1.0000,0.0000,0.0000,0.0000,1.0000,0.1100,0.2168,0.3052
395,2,0.7394,-0.0660,0.5173,1.0000,-0.0019,0.0000,0.0019,1.0000,0.0000,0.0000,0.0000,1.0000,0.1101,0.3070,0.2173
395,3,0.7615,-0.2428,0.5889,1.0000,-0.0019,0.0000,0.0019,1.0000,0.0000,0.0000,0.0000,1.0000,0.2836,0.2073,0.2889
395,4,0.8795,-0.2895,0.5062,1.0000,-0.0019,0.0000,0.0019,1.0000,0.0000,0.0000,0.0000,1.0000,0.2820,0.2947,0.2062
395,5,1.0473,-0.1530,0.6614,1.0000,-0.0019,0.0000,0.0019,1.0000,0.0000,0.0000,0.0000,1.0000,0.1112,0.2100,0.3614
395,6,1.1404,-0.1337,0.4265,1.0000,-0.0019,0.0000,0.0019,1.0000,0.0000,0.0000,0.0000,1.0000,0.1972,0.1336,0.1265
395,7,1.2493,-0.1255,0.4491,1.0000,-0.0019,0.0000,0.0019,1.0000,0.0000,0.0000,0.0000,1.0000,0.1624,0.1625,0.0548
395,8,1.2768,-0.0823,0.4472,1.0000,-0.0019,0.0000,0.0019,1.0000,0.0000,0.0000,0.0000,1.0000,0.0831,0.2046,0.1050
395,9,1.3072,-0.0161,0.4544,1.0000,-0.0019,0.0000,0.0019,1.0000,0.0000,0.0000,0.0000,1.0000,0.0210,0.0279,0.0569
395,10,1.3510,-0.0761,0.4546,1.0000,-0.0019,0.0000,0.0019,1.0000,0.0000,0.0000,0.0000,1.0000,0.0210,0.0279,0.0569
396,0,0.8509,-0.0089,0.4400,1.0000,-0.0025,0.0000,0.0025,1.0000,0.0000,0.0000,0.0000,1.0000,0.2577,0.2263,0.1400
396,1,0.8590,-0.0060,0.6052,1.0000,-0.0025,0.0000,0.0025,1.0000,0.0000,0.0000,0.0000,1.0000,0.1100,0.2168,0.3052
396,2,0.9348,-0.0665,0.5173,1.0000,-0.0025,0.0000,0.0025,1.0000,0.0000,0.0000,0.0000,1.0000,0.1101,0.3070,0.2173
396,3,0.9567,-0.2432,0.5889,1.0000,-0.0025,0.0000,0.0025,1.0000,0.0000,0.0000,0.0000,1.0000,0.2836,0.2073,0.2889
396,4,1.0747,-0.2900,0.5062,1.0000,-0.0025,0.0000,0.0025,1.0000,0.0000,0.0000,0.0000,1.0000,0.2820,0.2947,0.2062
396,5,1.2427,-0.1537,0.6614,1.0000,-0.0025,0.0000,0.0025,1.0000,0.0000,0.0000,0.0000,1.0000,0.1112,0.2100,0.3614
396,6,1.3357,-0.1344,0.4265,1.0000,-0.0025,0.0000,0.0025,1.0000,0.0000,0.0000,0.0000,1.0000,0.1972,0.1336,0.1265
396,7,1.4446,-0.1263,0.4491,1.0000,-0.0025,0.0000,0.0025,1.0000,0.0000,0.0000,0.0000,1.0000,0.1624,0.1625,0.0548
396,8,1.4721,-0.0831,0.4472,1.0000,-0.0025,0.0000,0.0025,1.0000,0.0000,0.0000,0.0000,1.0000,0.0831,0.2046,0.1050
396,9,1.5026,-0.0169,0.4544,1.0000,-0.0025,0.0000,0.0025,1.0000,0.0000,0.0000,0.0000,1.0000,0.0210,0.0279,0.0569
396,10,1.5464,-0.0769,0.4546,1.0000,-0.0025,0.0000,0.0025,1.0000,0.0000,0.0000,0.0000,1.0000,0.0210,0.0279,0.0569
397,0,1.0707,-0.0095,0.4400,1.0000,-0.0032,0.0000,0.0032,1.0000,0.0000,0.0000,0.0000,1.0000,0.2577,0.2263,0.1400
397,1,1.0788,-0.0066,0.6052,1.0000,-0.0032,0.0000,0.0032,1.0000,0.0000,0.0000,0.0000,1.0000,0.1100,0.2168,0.3052
397,2,1.1545,-0.0671,0.5173,1.0000,-0.0032,0.0000,0.0032,1.0000,0.0000,0.0000,0.0000,1.0000,0.1101,0.3070,0.2173
397,3,1.1764,-0.2439,0.5889,1.0000,-0.0032,0.0000,0.0032,1.0000,0.0000,0.0000,0.0000,1.0000,0.2836,0.2073,0.2889
397,4,1.2943,-0.2908,0.5062,1.0000,-0.0032,0.0000,0.0032,1.0000,0.0000,0.0000,0.0000,1.0000,0.2820,0.2947,0.2062
397,5,1.4624,-0.1545,0.6614,1.0000,-0.0032,0.0000,0.0032,1.0000,0.0000,0.0000,0.0000,1.0000,0.1112,0.2100,0.3614
397,6,1.5554,-0.1353,0.4265,1.0000,-0.0032,0.0000,0.0032,1.0000,0.0000,0.0000,0.0000,1.0000,0.1972,0.1336,0.1265
397,7,1.6643,-0.1273,0.4491,1.0000,-0.0032,0.0000,0.0032,1.0000,0.0000,0.0000,0.0000,1.0000,0.1624,0.1625,0.0548
397,8,1.6919,-0.0841,0.4472,1.0000,-0.0032,0.0000,0.0032,1.0000,0.0000,0.0000,0.0000,1.0000,0.0831,0.2046,0.1050
397,9,1.7224,-0.0179,0.4544,1.0000,-0.0032,0.0000,0.0032,1.0000,0.0000,0.0000,0.0000,1.0000,0.0210,0.0279,0.0569
397,10,1.7661,-0.0780,0.4546,1.0000,-0.0032,0.0000,0.0032,1.0000,0.0000,0.0000,0.0000,1.0000,0.0210,0.0279,0.0569
398,0,1.3138,-0.0103,0.4400,1.0000,-0.0038,0.0000,0.0038,1.0000,0.0000,0.0000,0.0000,1.0000,0.2577,0.2263,0.1400
398,1,1.3219,-0.0074,0.6052,1.0000,-0.0038,0.0000,0.0038,1.0000,0.0000,0.0000,0.0000,1.0000,0.1100,0.2168,0.3052
398,2,1.3976,-0.0680,0.5173,1.0000,-0.0038,0.0000,0.0038,1.0000,0.0000,0.0000,0.0000,1.0000,0.1101,0.3070,0.2173
398,3,1.4193,-0.2448,0.5889,1.0000,-0.0038,0.0000,0.0038,1.0000,0.0000,0.0000,0.0000,1.0000,0.2836,0.2073,0.2889
398,4,1.5372,-0.2918,0.5062,1.0000,-0.0038,0.0000,0.0038,1.0000,0.0000,0.0000,0.0000,1.0000,0.2820,0.2947,0.2062
398,5,1.7053,-0.1556,0.6614,1.0000,-0.0038,0.0000,0.0038,1.0000,0.0000,0.0000,0.0000,1.0000,0.1112,0.2100,0.3614
398,6,1.7984,-0.1365,0.4265,1.0000,-0.0038,0.0000,0.0038,1.0000,0.0000,0.0000,0.0000,1.0000,0.1972,0.1336,0.1265
398,7,1.9073,-0.1285,0.4491,1.0000,-0.0038,0.0000,0.0038,1.0000,0.0000,0.0000,0.0000,1.0000,0.1624,0.1625,0.0548
398,8,1.9349,-0.0854,0.4472,1.0000,-0.0038,0.0000,0.0038,1.0000,0.0000,0.0000,0.0000,1.0000,0.0831,0.2046,0.1050
398,9,1.9654,-0.0192,0.4544,1.0000,-0.0038,0.0000,0.0038,1.0000,0.0000,0.0000,0.0000,1.0000,0.0210,0.0279,0.0569
398,10,2.0091,-0.0793,0.4546,1.0000,-0.0038,0.0000,0.0038,1.0000,0.0000,0.0000,0.0000,1.0000,0.0210,0.0279,0.0569
399,0,1.5790,-0.0114,0.4400,1.0000,-0.0047,0.0000,0.0047,1.0000,0.0000,0.0000,0.0000,1.0000,0.2577,0.2263,0.1400
399,1,1.5871,-0.0085,0.6052,1.0000,-0.0047,0.0000,0.0047,1.0000,0.0000,0.0000,0.0000,1.0000,0.1100,0.2168,0.3052
399,2,1.6627,-0.0692,0.5173,1.0000,-0.0047,0.0000,0.0047,1.0000,0.0000,0.0000,0.0000,1.0000,0.1101,0.3070,0.2173
399,3,1.6843,-0.2460,0.5889,1.0000,-0.0047,0.0000,0.0047,1.0000,0.0000,0.0000,0.0000,1.0000,0.2836,0.2073,0.2889
399,4,1.8022,-0.2930,0.5062,1.0000,-0.0047,0.0000,0.0047,1.0000,0.0000,0.0000,0.0000,1.0000,0.2820,0.2947,0.2062
399,5,1.9704,-0.1570,0.6614,1.0000,-0.0047,0.0000,0.0047,1.0000,0.0000,0.0000,0.0000,1.0000,0.1112,0.2100,0.3614
399,6,2.0635,-0.1380,0.4265,1.0000,-0.0047,0.0000,0.0047,1.0000,0.0000,0.0000,0.0000,1.0000,0.1972,0.1336,0.1265
399,7,2.1724,-0.1301,0.4491,1.0000,-0.0047,0.0000,0.0047,1.0000,0.0000,0.0000,0.0000,1.0000,0.1624,0.1625,0.0548
399,8,2.2000,-0.0870,0.4472,1.0000,-0.0047,0.0000,0.0047,1.0000,0.0000,0.0000,0.0000,1.0000,0.0831,0.2046,0.1050
399,9,2.2307,-0.0208,0.4544,1.0000,-0.0047,0.0000,0.0047,1.0000,0.0000,0.0000,0.0000,1.0000,0.0210,0.0279,0.0569
399,10,2.2743,-0.0809,0.4546,1.0000,-0.0047,0.0000,0.0047,1.0000,0.0000,0.0000,0.0000,1.0000,0.0210,0.0279,0.0569
400,0,1.8654,-0.0128,0.4400,1.0000,-0.0055,0.0000,0.0055,1.0000,0.0000,0.0000,0.0000,1.0000,0.2577,0.2263,0.1400
400,1,1.8735,-0.0100,0.6052,1.0000,-0.0055,0.0000,0.0055,1.0000,0.0000,0.0000,0.0000,1.0000,0.1100,0.2168,0.3052
400,2,1.9491,-0.0707,0.5173,1.0000,-0.0055,0.0000,0.0055,1.0000,0.0000,0.0000,0.0000,1.0000,0.1101,0.3070,0.2173
400,3,1.9705,-0.2475,0.5889,1.0000,-0.0055,0.0000,0.0055,1.0000,0.0000,0.0000,0.0000,1.0000,0.2836,0.2073,0.2889
400,4,2.0883,-0.2947,0.5062,1.0000,-0.0055,0.0000,0.0055,1.0000,0.0000,0.0000,0.0000,1.0000,0.2820,0.2947,0.2062
400,5,2.2567,-0.1588,0.6614,1.0000,-0.0055,0.0000,0.0055,1.0000,0.0000,0.0000,0.0000,1.0000,0.1112,0.2100,0.3614
400,6,2.3498,-0.1398,0.4265,1.0000,-0.0055,0.0000,0.0055,1.0000,0.0000,0.0000,0.0000,1.0000,0.1972,0.1336,0.1265
400,7,2.4587,-0.1320,0.4491,1.0000,-0.0055,0.0000,0.0055,1.0000,0.0000,0.0000,0.0000,1.0000,0.1624,0.1625,0.0548
400,8,2.4864,-0.0889,0.4472,1.0000,-0.0055,0.0000,0.0055,1.0000,0.0000,0.0000,0.0000,1.0000,0.0831,0.2046,0.1050
400,9,2.5170,-0.0228,0.4544,1.0000,-0.0055,0.0000,0.0055,1.0000,0.0000,0.0000,0.0000,1.0000,0.0210,0.0279,0.0569
400,10,2.5606,-0.0830,0.4546,1.0000,-0.0055,0.0000,0.0055,1.0000,0.0000,0.0000,0.0000,1.0000,0.0210,0.0279,0.0569
401,0,2.1722,-0.0146,0.4400,1.0000,-0.0063,0.0000,0.0063,1.0000,0.0000,0.0000,0.0000,1.0000,0.2577,0.2263,0.1400
401,1,2.1803,-0.0118,0.6052,1.0000,-0.0063,0.0000,0.0063,1.0000,0.0000,0.0000,0.0000,1.0000,0.1100,0.2168,0.3052
401,2,2.2558,-0.0725,0.5173,1.0000,-0.0063,0.0000,0.0063,1.0000,0.0000,0.0000,0.0000,1.0000,0.1101,0.3070,0.2173
401,3,2.2771,-0.2494,0.5889,1.0000,-0.0063,0.0000,0.0063,1.0000,0.0000,0.0000,0.0000,1.0000,0.2836,0.2073,0.2889
401,4,2.3949,-0.2966,0.5062,1.0000,-0.0063,0.0000,0.0063,1.0000,0.0000,0.0000,0.0000,1.0000,0.2820,0.2947,0.2062
401,5,2.5634,-0.1609,0.6614,1.0000,-0.0063,0.0000,0.0063,1.0000,0.0000,0.0000,0.0000,1.0000,0.1112,0.2100,0.3614
401,6,2.6565,-0.1420,0.4265,1.0000,-0.0063,0.0000,0.0063,1.0000,0.0000,0.0000,0.0000,1.0000,0.1972,0.1336,0.1265
401,7,2.7655,-0.1343,0.4491,1.0000,-0.0063,0.0000,0.0063,1.0000,0.0000,0.0000,0.0000,1.0000,0.1624,0.1625,0.0548
401,8,2.7931,-0.0912,0.4472,1.0000,-0.0063,0.0000,0.0063,1.0000,0.0000,0.0000,0.0000,1.0000,0.0831,0.2046,0.1050
401,9,2.8239,-0.0251,0.4544,1.0000,-0.0063,0.0000,0.0063,1.0000,0.0000,0.0000,0.0000,1.0000,0.0210,0.0279,0.0569
401,10,2.8674,-0.0853,0.4546,1.0000,-0.0063,0.0000,0.0063,1.0000,0.0000,0.0000,0.0000,1.0000,0.0210,0.0279,0.0569
402,0,2.4986,-0.0168,0.4400,1.0000,-0.0071,0.0000,0.0071,1.0000,0.0000,0.0000,0.0000,1.0000,0.2577,0.2263,0.1400
402,1,2.5067,-0.0139,0.6052,1.0000,-0.0071,0.0000,0.0071,1.0000,0.0000,0.0000,0.0000,1.0000,0.1100,0.2168,0.3052
402,2,2.5822,-0.0748,0.5173,1.0000,-0.0071,0.0000,0.0071,1.0000,0.0000,0.0000,0.0000,1.0000,0.1101,0.3070,0.2173
402,3,2.6033,-0.2516,0.5889,1.0000,-0.0071,0.0000,0.0071,1.0000,0.0000,0.0000,0.0000,1.0000,0.2836,0.2073,0.2889
402,4,2.7211,-0.2990,0.5062,1.0000,-0.0071,0.0000,0.0071,1.0000,0.0000,0.0000,0.0000,1.0000,0.2820,0.2947,0.2062
402,5,2.8897,-0.1634,0.6614,1.0000,-0.0071,0.0000,0.0071,1.0000,0.0000,0.0000,0.0000,1.0000,0.1112,0.2100,0.3614
402,6,2.9828,-0.1445,0.4265,1.0000,-0.0071,0.0000,0.0071,1.0000,0.0000,0.0000,0.0000,1.0000,0.1972,0.1336,0.1265
402,7,3.0918,-0.1369,0.4491,1.0000,-0.0071,0.0000,0.0071,1.0000,0.0000,0.0000,0.0000,1.0000,0.1624,0.1625,0.0548
402,8,3.1195,-0.0939,0.4472,1.0000,-0.0071,0.0000,0.0071,1.0000,0.0000,0.0000,0.0000,1.0000,0.0831,0.2046,0.1050
402,9,3.1502,-0.0278,0.4544,1.0000,-0.0071,0.0000,0.0071,1.0000,0.0000,0.0000,0.0000,1.0000,0.0210,0.0279,0.0569
402,10,3.1937,-0.0880,0.4546,1.0000,-0.0071,0.0000,0.0071,1.0000,0.0000,0.0000,0.0000,1.0000,0.0210,0.0279,0.0569
403,0,2.8436,-0.0193,0.4400,1.0000,-0.0079,0.0000,0.0079,1.0000,0.0000,0.0000,0.0000,1.0000,0.2577,0.2263,0.1400
403,1,2.8518,-0.0165,0.6052,1.0000,-0.0079,0.0000,0.0079,1.0000,0.0000,0.0000,0.0000,1.0000,0.1100,0.2168,0.3052
403,2,2.9272,-0.0774,0.5173,1.0000,-0.0079,0.0000,0.0079,1.0000,0.0000,0.0000,0.0000,1.0000,0.1101,0.3070,0.2173
403,3,2.9482,-0.2543,0.5889,1.0000,-0.0079,0.0000,0.0079,1.0000,0.0000,0.0000,0.0000,1.0000,0.2836,0.2073,0.2889
403,4,3.0659,-0.3017,0.5062,1.0000,-0.0079,0.0000,0.0079,1.0000,0.0000,0.0000,0.0000,1.0000,0.2820,0.2947,0.2062
403,5,3.2346,-0.1662,0.6614,1.0000,-0.0079,0.0000,0.0079,1.0000,0.0000,0.0000,0.0000,1.0000,0.1112,0.2100,0.3614
403,6,3.3278,-0.1474,0.4265,1.0000,-0.0079,0.0000,0.0079,1.0000,0.0000,0.0000,0.0000,1.0000,0.1972,0.1336,0.1265
403,7,3.4367,-0.1399,0.4491,1.0000,-0.0079,0.0000,0.0079,1.0000,0.0000,0.0000,0.0000,1.0000,0.1624,0.1625,0.0548
403,8,3.4645,-0.0969,0.4472,1.0000,-0.0079,0.0000,0.0079,1.0000,0.0000,0.0000,0.0000,1.0000,0.0831,0.2046,0.1050
403,9,3.4953,-0.0309,0.4544,1.0000,-0.0079,0.0000,0.0079,1.0000,0.0000,0.0000,0.0000,1.0000,0.0210,0.0279,0.0569
403,10,3.5387,-0.0911,0.4546,1.0000,-0.0079,0.0000,0.0079,1.0000,0.0000,0.0000,0.0000,1.0000,0.0210,0.0279,0.0569
404,0,3.2064,-0.0223,0.4400,1.0000,-0.0086,0.0000,0.0086,1.0000,0.0000,0.0000,0.0000,1.0000,0.2577,0.2263,0.1400
404,1,3.2146,-0.0195,0.6052,1.0000,-0.0086,0.0000,0.0086,1.0000,0.0000,0.0000,0.0000,1.0000,0.1100,0.2168,0.3052
404,2,3.2899,-0.0804,0.5173,1.0000,-0.0086,0.0000,0.0086,1.0000,0.0000,0.0000,0.0000,1.0000,0.1101,0.3070,0.2173
404,3,3.3108,-0.2573,0.5889,1.0000,-0.0086,0.0000,0.0086,1.0000,0.0000,0.0000,0.0000,1.0000,0.2836,0.2073,0.2889
404,4,3.4285,-0.3048,0.5062,1.0000,-0.0086,0.0000,0.0086,1.0000,0.0000,0.0000,0.0000,1.0000,0.2820,0.2947,0.2062
404,5,3.5973,-0.1695,0.6614,1.0000,-0.0086,0.0000,0.0086,1.0000,0.0000,0.0000,0.0000,1.0000,0.1112,0.2100,0.3614
404,6,3.6904,-0.1508,0.4265,1.0000,-0.0086,0.0000,0.0086,1.0000,0.0000,0.0000,0.0000,1.0000,0.1972,0.1336,0.1265
404,7,3.7994,-0.1433,0.4491,1.0000,-0.0086,0.0000,0.0086,1.0000,0.0000,0.0000,0.0000,1.0000,0.1624,0.1625,0.0548
404,8,3.8272,-0.1004,0.4472,1.0000,-0.0086,0.0000,0.0086,1.0000,0.0000,0.0000,0.0000,1.0000,0.0831,0.2046,0.1050
404,9,3.8581,-0.0343,0.4544,1.0000,-0.0086,0.0000,0.0086,1.0000,0.0000,0.0000,0.0000,1.0000,0.0210,0.0279,0.0569
404,10,3.9014,-0.0946,0.4546,1.0000,-0.0086,0.0000,0.0086,1.0000,0.0000,0.0000,0.0000,1.0000,0.0210,0.0279,0.0569
405,0,3.5861,-0.0257,0.4400,1.0000,-0.0092,0.0000,0.0092,1.0000,0.0000,0.0000,0.0000,1.0000,0.2577,0.2263,0.1400
405,1,3.5943,-0.0228,0.6052,1.0000,-0.0092,0.0000,0.0092,1.0000,0.0000,0.0000,0.0000,1.0000,0.1100,0.2168,0.3052
405,2,3.6696,-0.0838,0.5173,1.0000,-0.0092,0.0000,0.0092,1.0000,0.0000,0.0000,0.0000,1.0000,0.1101,0.3070,0.2173
405,3,3.6904,-0.2607,0.5889,1.0000,-0.0092,0.0000,0.0092,1.0000,0.0000,0.0000,0.0000,1.0000,0.2836,0.2073,0.2889
405,4,3.8080,-0.3083,0.5062,1.0000,-0.0092,0.0000,0.0092,1.0000,0.0000,0.0000,0.0000,1.0000,0.2820,0.2947,0.2062
405,5,3.9769,-0.1731,0.6614,1.0000,-0.0092,0.0000,0.0092,1.0000,0.0000,0.0000,0.0000,1.0000,0.1112,0.2100,0.3614
405,6,4.0701,-0.1544,0.4265,1.0000,-0.0092,0.0000,0.0092,1.0000,0.0000,0.0000,0.0000,1.0000,0.1972,0.1336,0.1265
405,7,4.1790,-0.1470,0.4491,1.0000,-0.0092,0.0000,0.0092,1.0000,0.0000,0.0000,0.0000,1.0000,0.1624,0.1625,0.0548
405,8,4.2068,-0.1041,0.4472,1.0000,-0.0092,0.0000,0.0092,1.0000,0.0000,0.0000,0.0000,1.0000,0.0831,0.2046,0.1050
405,9,4.2377,-0.0380,0.4544,1.0000,-0.0092,0.0000,0.0092,1.0000,0.0000,0.0000,0.0000,1.0000,0.0210,0.0279,0.0569
405,10,4.2811,-0.0983,0.4546,1.0000,-0.0092,0.0000,0.0092,1.0000,0.0000,0.0000,0.0000,1.0000,0.0210,0.0279,0.0569
406,0,3.9822,-0.0294,0.4400,1.0000,-0.0099,0.0000,0.0099,1.0000,0.0000,0.0000,0.0000,1.0000,0.2577,0.2263,0.1400
406,1,3.9903,-0.0266,0.6052,1.0000,-0.0099,0.0000,0.0099,1.0000,0.0000,0.0000,0.0000,1.0000,0.1100,0.2168,0.3052
406,2,4.0656,-0.0876,0.5173,1.0000,-0.0099,0.0000,0.0099,1.0000,0.0000,0.0000,0.0000,1.0000,0.1101,0.3070,0.2173
406,3,4.0863,-0.2645,0.5889,1.0000,-0.0099,0.0000,0.0099,1.0000,0.0000,0.0000,0.0000,1.0000,0.2836,0.2073,0.2889
406,4,4.2039,-0.3122,0.5062,1.0000,-0.0099,0.0000,0.0099,1.0000,0.0000,0.0000,0.0000,1.0000,0.2820,0.2947,0.2062
406,5,4.3728,-0.1771,0.6614,1.0000,-0.0099,0.0000,0.0099,1.0000,0.0000,0.0000,0.0000,1.0000,0.1112,0.2100,0.3614
406,6,4.4660,-0.1585,0.4265,1.0000,-0.0099,0.0000,0.0099,1.0000,0.0000,0.0000,0.0000,1.0000,0.1972,0.1336,0.1265
406,7,4.5750,-0.1512,0.4491,1.0000,-0.0099,0.0000,0.0099,1.0000,0.0000,0.0000,0.0000,1.0000,0.1624,0.1625,0.0548
406,8,4.6028,-0.1082,0.4472,1.0000,-0.0099,0.0000,0.0099,1.0000,0.0000,0.0000,0.0000,1.0000,0.0831,0.2046,0.1050
406,9,4.6338,-0.0422,0.4544,1.0000,-0.0099,0.0000,0.0099,1.0000,0.0000,0.0000,0.0000,1.0000,0.0210,0.0279,0.0569
406,10,4.6771,-0.1026,0.4546,1.0000,-0.0099,0.0000,0.0099,1.0000,0.0000,0.0000,0.0000,1.0000,0.0210,0.0279,0.0569
407,0,4.3945,-0.0336,0.4400,0.9999,-0.0104,0.0000,0.0104,0.9999,0.0000,0.0000,0.0000,1.0000,0.2577,0.2263,0.1400
407,1,4.4026,-0.0308,0.6052,0.9999,-0.0104,0.0000,0.0104,0.9999,0.0000,0.0000,0.0000,1.0000,0.1100,0.2168,0.3052
407,2,4.4779,-0.0918,0.5173,0.9999,-0.0104,0.0000,0.0104,0.9999,0.0000,0.0000,0.0000,1.0000,0.1101,0.3070,0.2173
407,3,4.4984,-0.2688,0.5889,0.9999,-0.0104,0.0000,0.0104,0.9999,0.0000,0.0000,0.0000,1.0000,0.2836,0.2073,0.2889
407,4,4.6161,-0.3165,0.5062,0.9999,-0.0104,0.0000,0.0104,0.9999,0.0000,0.0000,0.0000,1.0000,0.2820,0.2947,0.2062
407,5,4.7851,-0.1814,0.6614,0.9999,-0.0104,0.0000,0.0104,0.9999,0.0000,0.0000,0.0000,1.0000,0.1112,0.2100,0.3614
407,6,4.8783,-0.1629,0.4265,0.9999,-0.0104,0.0000,0.0104,0.9999,0.0000,0.0000,0.0000,1.0000,0.1972,0.1336,0.1265
407,7,4.9872,-0.1556,0.4491,0.9999,-0.0104,0.0000,0.0104,0.9999,0.0000,0.0000,0.0000,1.0000,0.1624,0.1625,0.0548
407,8,5.0151,-0.1127,0.4472,0.9999,-0.0104,0.0000,0.0104,0.9999,0.0000,0.0000,0.0000,1.0000,0.0831,0.2046,0.1050
407,9,5.0461,-0.0467,0.4544,0.9999,-0.0104,0.0000,0.0104,0.9999,0.0000,0.0000,0.0000,1.0000,0.0210,0.0279,0.0569
407,10,5.0894,-0.1071,0.4546,0.9999,-0.0104,0.0000,0.0104,0.9999,0.0000,0.0000,0.0000,1.0000,0.0210,0.0279,0.0569
408,0,4.8233,-0.0381,0.4400,0.9999,-0.0108,0.0000,0.0108,0.9999,0.0000,0.0000,0.0000,1.0000,0.2577,0.2263,0.1400
408,1,4.8315,-0.0353,0.6052,0.9999,-0.0108,0.0000,0.0108,0.9999,0.0000,0.0000,0.0000,1.0000,0.1100,0.2168,0.3052
408,2,4.9067,-0.0964,0.5173,0.9999,-0.0108,0.0000,0.0108,0.9999,0.0000,0.0000,0.0000,1.0000,0.1101,0.3070,0.2173
408,3,4.9272,-0.2733,0.5889,0.9999,-0.0108,0.0000,0.0108,0.9999,0.0000,0.0000,0.0000,1.0000,0.2836,0.2073,0.2889
408,4,5.0448,-0.3211,0.5062,0.9999,-0.0108,0.0000,0.0108,0.9999,0.0000,0.0000,0.0000,1.0000,0.2820,0.2947,0.2062
408,5,5.2139,-0.1861,0.6614,0.9999,-0.0108,0.0000,0.0108,0.9999,0.0000,0.0000,0.0000,1.0000,0.1112,0.2100,0.3614
408,6,5.3071,-0.1676,0.4265,0.9999,-0.0108,0.0000,0.0108,0.9999,0.0000,0.0000,0.0000,1.0000,0.1972,0.1336,0.1265
408,7,5.4160,-0.1604,0.4491,0.9999,-0.0108,0.0000,0.0108,0.9999,0.0000,0.0000,0.0000,1.0000,0.1624,0.1625,0.0548
408,8,5.4439,-0.1175,0.4472,0.9999,-0.0108,0.0000,0.0108,0.9999,0.0000,0.0000,0.0000,1.0000,0.0831,0.2046,0.1050
408,9,5.4749,-0.0515,0.4544,0.9999,-0.0108,0.0000,0.0108,0.9999,0.0000,0.0000,0.0000,1.0000,0.0210,0.0279,0.0569
408,10,5.5182,-0.1119,0.4546,0.9999,-0.0108,0.0000,0.0108,0.9999,0.0000,0.0000,0.0000,1.0000,0.0210,0.0279,0.0569
409,0,5.2690,-0.0430,0.4400,0.9999,-0.0111,0.0000,0.0111,0.9999,0.0000,0.0000,0.0000,1.0000,0.2577,0.2263,0.1400
409,1,5.2772,-0.0401,0.6052,0.9999,-0.0111,0.0000,0.0111,0.9999,0.0000,0.0000,0.0000,1.0000,0.1100,0.2168,0.3052
409,2,5.3524,-0.1013,0.5173,0.9999,-0.0111,0.0000,0.0111,0.9999,0.0000,0.0000,0.0000,1.0000,0.1101,0.3070,0.2173
409,3,5.3728,-0.2782,0.5889,0.9999,-0.0111,0.0000,0.0111,0.9999,0.0000,0.0000,0.0000,1.0000,0.2836,0.2073,0.2889
409,4,5.4904,-0.3260,0.5062,0.9999,-0.0111,0.0000,0.0111,0.9999,0.0000,0.0000,0.0000,1.0000,0.2820,0.2947,0.2062
409,5,5.6595,-0.1911,0.6614,0.9999,-0.0111,0.0000,0.0111,0.9999,0.0000,0.0000,0.0000,1.0000,0.1112,0.2100,0.3614
409,6,5.7527,-0.1726,0.4265,0.9999,-0.0111,0.0000,0.0111,0.9999,0.0000,0.0000,0.0000,1.0000,0.1972,0.1336,0.1265
409,7,5.8617,-0.1654,0.4491,0.9999,-0.0111,0.0000,0.0111,0.9999,0.0000,0.0000,0.0000,1.0000,0.1624,0.1625,0.0548
409,8,5.8896,-0.1225,0.4472,0.9999,-0.0111,0.0000,0.0111,0.9999,0.0000,0.0000,0.0000,1.0000,0.0831,0.2046,0.1050
409,9,5.9206,-0.0566,0.4544,0.9999,-0.0111,0.0000,0.0111,0.9999,0.0000,0.0000,0.0000,1.0000,0.0210,0.0279,0.0569
409,10,5.9639,-0.1169,0.4546,0.9999,-0.0111,0.0000,0.0111,0.9999,0.0000,0.0000,0.0000,1.0000,0.0210,0.0279,0.0569
410,0,5.7318,-0.0481,0.4400,0.9999,-0.0113,0.0000,0.0113,0.9999,0.0000,0.0000,0.0000,1.0000,0.2577,0.2263,0.1400
410,1,5.7399,-0.0453,0.6052,0.9999,-0.0113,0.0000,0.0113,0.9999,0.0000,0.0000,0.0000,1.0000,0.1100,0.2168,0.3052
410,2,5.8152,-0.1065,0.5173,0.9999,-0.0113,0.0000,0.0113,0.9999,0.0000,0.0000,0.0000,1.0000,0.1101,0.3070,0.2173
410,3,5.8356,-0.2834,0.5889,0.9999,-0.0113,0.0000,0.0113,0.9999,0.0000,0.0000,0.0000,1.0000,0.2836,0.2073,0.2889
410,4,5.9531,-0.3312,0.5062,0.9999,-0.0113,0.0000,0.0113,0.9999,0.0000,0.0000,0.0000,1.0000,0.2820,0.2947,0.2062
410,5,6.1223,-0.1963,0.6614,0.9999,-0.0113,0.0000,0.0113,0.9999,0.0000,0.0000,0.0000,1.0000,0.1112,0.2100,0.3614
410,6,6.2155,-0.1779,0.4265,0.9999,-0.0113,0.0000,0.0113,0.9999,0.0000,0.0000,0.0000,1.0000,0.1972,0.1336,0.1265
410,7,6.3245,-0.1707,0.4491,0.9999,-0.0113,0.0000,0.0113,0.9999,0.0000,0.0000,0.0000,1.0000,0.1624,0.1625,0.0548
410,8,6.3523,-0.1278,0.4472,0.9999,-0.0113,0.0000,0.0113,0.9999,0.0000,0.0000,0.0000,1.0000,0.0831,0.2046,0.1050
410,9,6.3834,-0.0619,0.4544,0.9999,-0.0113,0.0000,0.0113,0.9999,0.0000,0.0000,0.0000,1.0000,0.0210,0.0279,0.0569
410,10,6.4266,-0.1223,0.4546,0.9999,-0.0113,0.0000,0.0113,0.9999,0.0000,0.0000,0.0000,1.0000,0.0210,0.0279,0.0569
411,0,6.2117,-0.0536,0.4400,0.9999,-0.0115,0.0000,0.0115,0.9999,0.0000,0.0000,0.0000,1.0000,0.2577,0.2263,0.1400
411,1,6.2198,-0.0508,0.6052,0.9999,-0.0115,0.0000,0.0115,0.9999,0.0000,0.0000,0.0000,1.0000,0.1100,0.2168,0.3052
411,2,6.2950,-0.1119,0.5173,0.9999,-0.0115,0.0000,0.0115,0.9999,0.0000,0.0000,0.0000,1.0000,0.1101,0.3070,0.2173
411,3,6.3154,-0.2889,0.5889,0.9999,-0.0115,0.0000,0.0115,0.9999,0.0000,0.0000,0.0000,1.0000,0.2836,0.2073,0.2889
411,4,6.4329,-0.3367,0.5062,0.9999,-0.0115,0.0000,0.0115,0.9999,0.0000,0.0000,0.0000,1.0000,0.2820,0.2947,0.2062
411,5,6.6021,-0.2019,0.6614,0.9999,-0.0115,0.0000,0.0115,0.9999,0.0000,0.0000,0.0000,1.0000,0.1112,0.2100,0.3614
411,6,6.6953,-0.1834,0.4265,0.9999,-0.0115,0.0000,0.0115,0.9999,0.0000,0.0000,0.0000,1.0000,0.1972,0.1336,0.1265
411,7,6.8043,-0.1763,0.4491,0.9999,-0.0115,0.0000,0.0115,0.9999,0.0000,0.0000,0.0000,1.0000,0.1624,0.1625,0.0548
411,8,6.8322,-0.1334,0.4472,0.9999,-0.0115,0.0000,0.0115,0.9999,0.0000,0.0000,0.0000,1.0000,0.0831,0.2046,0.1050
411,9,6.8632,-0.0674,0.4544,0.9999,-0.0115,0.0000,0.0115,0.9999,0.0000,0.0000,0.0000,1.0000,0.0210,0.0279,0.0569
411,10,6.9064,-0.1278,0.4546,0.9999,-0.0115,0.0000,0.0115,0.9999,0.0000,0.0000,0.0000,1.0000,0.0210,0.0279,0.0569
412,0,6.7085,-0.0593,0.4400,0.9999,-0.0114,0.0000,0.0114,0.9999,0.0000,0.0000,0.0000,1.0000,0.2577,0.2263,0.1400
412,1,6.7166,-0.0564,0.6052,0.9999,-0.0114,0.0000,0.0114,0.9999,0.0000,0.0000,0.0000,1.0000,0.1100,0.2168,0.3052
412,2,6.7918,-0.1176,0.5173,0.9999,-0.0114,0.0000,0.0114,0.9999,0.0000,0.0000,0.0000,1.0000,0.1101,0.3070,0.2173
412,3,6.8122,-0.2946,0.5889,0.9999,-0.0114,0.0000,0.0114,0.9999,0.0000,0.0000,0.0000,1.0000,0.2836,0.2073,0.2889
412,4,6.9298,-0.3424,0.5062,0.9999,-0.0114,0.0000,0.0114,0.9999,0.0000,0.0000,0.0000,1.0000,0.2820,0.2947,0.2062
412,5,7.0989,-0.2075,0.6614,0.9999,-0.0114,0.0000,0.0114,0.9999,0.0000,0.0000,0.0000,1.0000,0.1112,0.2100,0.3614
412,6,7.1921,-0.1891,0.4265,0.9999,-0.0114,0.0000,0.0114,0.9999,0.0000,0.0000,0.0000,1.0000,0.1972,0.1336,0.1265
412,7,7.3011,-0.1819,0.4491,0.9999,-0.0114,0.0000,0.0114,0.9999,0.0000,0.0000,0.0000,1.0000,0.1624,0.1625,0.0548
412,8,7.3290,-0.1391,0.4472,0.9999,-0.0114,0.0000,0.0114,0.9999,0.0000,0.0000,0.0000,1.0000,0.0831,0.2046,0.1050
412,9,7.3601,-0.0731,0.4544,0.9999,-0.0114,0.0000,0.0114,0.9999,0.0000,0.0000,0.0000,1.0000,0.0210,0.0279,0.0569
412,10,7.4033,-0.1335,0.4546,0.9999,-0.0114,0.0000,0.0114,0.9999,0.0000,0.0000,0.0000,1.0000,0.0210,0.0279,0.0569
413,0,7.2222,-0.0651,0.4400,0.9999,-0.0114,0.0000,0.0114,0.9999,0.0000,0.0000,0.0000,1.0000,0.2577,0.2263,0.1400
413,1,7.2303,-0.0623,0.6052,0.9999,-0.0114,0.0000,0.0114,0.9999,0.0000,0.0000,0.0000,1.0000,0.1100,0.2168,0.3052
413,2,7.3055,-0.1235,0.5173,0.9999,-0.0114,0.0000,0.0114,0.9999,0.0000,0.0000,0.0000,1.0000,0.1101,0.3070,0.2173
413,3,7.3259,-0.3004,0.5889,0.9999,-0.0114,0.0000,0.0114,0.9999,0.0000,0.0000,0.0000,1.0000,0.2836,0.2073,0.2889
413,4,7.4435,-0.3483,0.5062,0.9999,-0.0114,0.0000,0.0114,0.9999,0.0000,0.0000,0.0000,1.0000,0.2820,0.2947,0.2062
413,5,7.6126,-0.2134,0.6614,0.9999,-0.0114,0.0000,0.0114,0.9999,0.0000,0.0000,0.0000,1.0000,0.1112,0.2100,0.3614
413,6,7.7058,-0.1949,0.4265,0.9999,-0.0114,0.0000,0.0114,0.9999,0.0000,0.0000,0.0000,1.0000,0.1972,0.1336,0.1265
413,7,7.8148,-0.1878,0.4491,0.9999,-0.0114,0.0000,0.0114,0.9999,0.0000,0.0000,0.0000,1.0000,0.1624,0.1625,0.0548
413,8,7.8427,-0.1449,0.4472,0.9999,-0.0114,0.0000,0.0114,0.9999,0.0000,0.0000,0.0000,1.0000,0.0831,0.2046,0.1050
413,9,7.8738,-0.0789,0.4544,0.9999,-0.0114,0.0000,0.0114,0.9999,0.0000,0.0000,0.0000,1.0000,0.0210,0.0279,0.0569
413,10,7.9170,-0.1393,0.4546,0.9999,-0.0114,0.0000,0.0114,0.9999,0.0000,0.0000,0.0000,1.0000,0.0210,0.0279,0.0569
414,0,7.7525,-0.0711,0.4400,0.9999,-0.0111,0.0000,0.0111,0.9999,0.0000,0.0000,0.0000,1.0000,0.2577,0.2263,0.1400
414,1,7.7607,-0.0683,0.6052,0.9999,-0.0111,0.0000,0.0111,0.9999,0.0000,0.0000,0.0000,1.0000,0.1100,0.2168,0.3052
414,2,7.8359,-0.1294,0.5173,0.9999,-0.0111,0.0000,0.0111,0.9999,0.0000,0.0000,0.0000,1.0000,0.1101,0.3070,0.2173
414,3,7.8563,-0.3064,0.5889,0.9999,-0.0111,0.0000,0.0111,0.9999,0.0000,0.0000,0.0000,1.0000,0.2836,0.2073,0.2889
414,4,7.9739,-0.3542,0.5062,0.9999,-0.0111,0.0000,0.0111,0.9999,0.0000,0.0000,0.0000,1.0000,0.2820,0.2947,0.2062
414,5,8.1430,-0.2192,0.6614,0.9999,-0.0111,0.0000,0.0111,0.9999,0.0000,0.0000,0.0000,1.0000,0.1112,0.2100,0.3614
414,6,8.2362,-0.2008,0.4265,0.9999,-0.0111,0.0000,0.0111,0.9999,0.0000,0.0000,0.0000,1.0000,0.1972,0.1336,0.1265
414,7,8.3452,-0.1936,0.4491,0.9999,-0.0111,0.0000,0.0111,0.9999,0.0000,0.0000,0.0000,1.0000,0.1624,0.1625,0.0548
414,8,8.3731,-0.1507,0.4472,0.9999,-0.0111,0.0000,0.0111,0.9999,0.0000,0.0000,0.0000,1.0000,0.0831,0.2046,0.1050
414,9,8.4041,-0.0847,0.4544,0.9999,-0.0111,0.0000,0.0111,0.9999,0.0000,0.0000,0.0000,1.0000,0.0210,0.0279,0.0569
414,10,8.4474,-0.1451,0.4546,0.9999,-0.0111,0.0000,0.0111,0.9999,0.0000,0.0000,0.0000,1.0000,0.0210,0.0279,0.0569
415,0,8.2992,-0.0771,0.4400,0.9999,-0.0109,0.0000,0.0109,0.9999,0.0000,0.0000,0.0000,1.0000,0.2577,0.2263,0.1400
415,1,8.3074,-0.0743,0.6052,0.9999,-0.0109,0.0000,0.0109,0.9999,0.0000,0.0000,0.0000,1.0000,0.1100,0.2168,0.3052
415,2,8.3826,-0.1354,0.5173,0.9999,-0.0109,0.0000,0.0109,0.9999,0.0000,0.0000,0.0000,1.0000,0.1101,0.3070,0.2173
415,3,8.4031,-0.3124,0.5889,0.9999,-0.0109,0.0000,0.0109,0.9999,0.0000,0.0000,0.0000,1.0000,0.2836,0.2073,0.2889
415,4,8.5207,-0.3602,0.5062,0.9999,-0.0109,0.0000,0.0109,0.9999,0.0000,0.0000,0.0000,1.0000,0.2820,0.2947,0.2062
415,5,8.6897,-0.2252,0.6614,0.9999,-0.0109,0.0000,0.0109,0.9999,0.0000,0.0000,0.0000,1.0000,0.1112,0.2100,0.3614
415,6,8.7829,-0.2067,0.4265,0.9999,-0.0109,0.0000,0.0109,0.9999,0.0000,0.0000,0.0000,1.0000,0.1972,0.1336,0.1265
415,7,8.8919,-0.1995,0.4491,0.9999,-0.0109,0.0000,0.0109,0.9999,0.0000,0.0000,0.0000,1.0000,0.1624,0.1625,0.0548
415,8,8.9198,-0.1566,0.4472,0.9999,-0.0109,0.0000,0.0109,0.9999,0.0000,0.0000,0.0000,1.0000,0.0831,0.2046,0.1050
415,9,8.9508,-0.0906,0.4544,0.9999,-0.0109,0.0000,0.0109,0.9999,0.0000,0.0000,0.0000,1.0000,0.0210,0.0279,0.0569
415,10,8.9941,-0.1510,0.4546,0.9999,-0.0109,0.0000,0.0109,0.9999,0.0000,0.0000,0.0000,1.0000,0.0210,0.0279,0.0569
416,0,8.8617,-0.0832,0.4400,0.9999,-0.0107,0.0000,0.0107,0.9999,0.0000,0.0000,0.0000,1.0000,0.2577,0.2263,0.1400
416,1,8.8698,-0.0804,0.6052,0.9999,-0.0107,0.0000,0.0107,0.9999,0.0000,0.0000,0.0000,1.0000,0.1100,0.2168,0.3052
416,2,8.9451,-0.1415,0.5173,0.9999,-0.0107,0.0000,0.0107,0.9999,0.0000,0.0000,0.0000,1.0000,0.1101,0.3070,0.2173
416,3,8.9656,-0.3184,0.5889,0.9999,-0.0107,0.0000,0.0107,0.9999,0.0000,0.0000,0.0000,1.0000,0.2836,0.2073,0.2889
416,4,9.0832,-0.3662,0.5062,0.9999,-0.0107,0.0000,0.0107,0.9999,0.0000,0.0000,0.0000,1.0000,0.2820,0.2947,0.2062
416,5,9.2523,-0.2312,0.6614,0.9999,-0.0107,0.0000,0.0107,0.9999,0.0000,0.0000,0.0000,1.0000,0.1112,0.2100,0.3614
416,6,9.3455,-0.2127,0.4265,0.9999,-0.0107,0.0000,0.0107,0.9999,0.0000,0.0000,0.0000,1.0000,0.1972,0.1336,0.1265
416,7,9.4544,-0.2054,0.4491,0.9999,-0.0107,0.0000,0.0107,0.9999,0.0000,0.0000,0.0000,1.0000,0.1624,0.1625,0.0548
416,8,9.4823,-0.1625,0.4472,0.9999,-0.0107,0.0000,0.0107,0.9999,0.0000,0.0000,0.0000,1.0000,0.0831,0.2046,0.1050
416,9,9.5133,-0.0965,0.4544,0.9999,-0.0107,0.0000,0.0107,0.9999,0.0000,0.0000,0.0000,1.0000,0.0210,0.0279,0.0569
416,10,9.5566,-0.1569,0.4546,0.9999,-0.0107,0.0000,0.0107,0.9999,0.0000,0.0000,0.0000,1.0000,0.0210,0.0279,0.0569
417,0,9.4393,-0.0893,0.4400,0.9999,-0.0105,0.0000,0.0105,0.9999,0.0000,0.0000,0.0000,1.0000,0.2577,0.2263,0.1400
417,1,9.4474,-0.0865,0.6052,0.9999,-0.0105,0.0000,0.0105,0.9999,0.0000,0.0000,0.0000,1.0000,0.1100,0.2168,0.3052
417,2,9.5227,-0.1476,0.5173,0.9999,-0.0105,0.0000,0.0105,0.9999,0.0000,0.0000,0.0000,1.0000,0.1101,0.3070,0.2173
417,3,9.5432,-0.3245,0.5889,0.9999,-0.0105,0.0000,0.0105,0.9999,0.0000,0.0000,0.0000,1.0000,0.2836,0.2073,0.2889
417,4,9.6608,-0.3723,0.5062,0.9999,-0.0105,0.0000,0.0105,0.9999,0.0000,0.0000,0.0000,1.0000,0.2820,0.2947,0.2062
417,5,9.8298,-0.2373,0.6614,0.9999,-0.0105,0.0000,0.0105,0.9999,0.0000,0.0000,0.0000,1.0000,0.1112,0.2100,0.3614
417,6,9.9230,-0.2187,0.4265,0.9999,-0.0105,0.0000,0.0105,0.9999,0.0000,0.0000,0.0000,1.0000,0.1972,0.1336,0.1265
417,7,10.0320,-0.2115,0.4491,0.9999,-0.0105,0.0000,0.0105,0.9999,0.0000,0.0000,0.0000,1.0000,0.1624,0.1625,0.0548
417,8,10.0599,-0.1686,0.4472,0.9999,-0.0105,0.0000,0.0105,0.9999,0.0000,0.0000,0.0000,1.0000,0.0831,0.2046,0.1050
417,9,10.0909,-0.1026,0.4544,0.9999,-0.0105,0.0000,0.0105,0.9999,0.0000,0.0000,0.0000,1.0000,0.0210,0.0279,0.0569
417,10,10.1341,-0.1630,0.4546,0.9999,-0.0105,0.0000,0.0105,0.9999,0.0000,0.0000,0.0000,1.0000,0.0210,0.0279,0.0569
418,0,10.0312,-0.0955,0.4400,0.9999,-0.0104,0.0000,0.0104,0.9999,0.0000,0.0000,0.0000,1.0000,0.2577,0.2263,0.1400
418,1,10.0393,-0.0927,0.6052,0.9999,-0.0104,0.0000,0.0104,0.9999,0.0000,0.0000,0.0000,1.0000,0.1100,0.2168,0.3052
418,2,10.1146,-0.1538,0.5173,0.9999,-0.0104,0.0000,0.0104,0.9999,0.0000,0.0000,0.0000,1.0000,0.1101,0.3070,0.2173
418,3,10.1351,-0.3307,0.5889,0.9999,-0.0104,0.0000,0.0104,0.9999,0.0000,0.0000,0.0000,1.0000,0.2836,0.2073,0.2889
418,4,10.2527,-0.3785,0.5062,0.9999,-0.0104,0.0000,0.0104,0.9999,0.0000,0.0000,0.0000,1.0000,0.2820,0.2947,0.2062
418,5,10.4217,-0.2434,0.6614,0.9999,-0.0104,0.0000,0.0104,0.9999,0.0000,0.0000,0.0000,1.0000,0.1112,0.2100,0.3614
418,6,10.5149,-0.2249,0.4265,0.9999,-0.0104,0.0000,0.0104,0.9999,0.0000,0.0000,0.0000,1.0000,0.1972,0.1336,0.1265
418,7,10.6239,-0.2176,0.4491,0.9999,-0.0104,0.0000,0.0104,0.9999,0.0000,0.0000,0.0000,1.0000,0.1624,0.1625,0.0548
418,8,10.6518,-0.1747,0.4472,0.9999,-0.0104,0.0000,0.0104,0.9999,0.0000,0.0000,0.0000,1.0000,0.0831,0.2046,0.1050
418,9,10.6828,-0.1087,0.4544,0.9999,-0.0104,0.0000,0.0104,0.9999,0.0000,0.0000,0.0000,1.0000,0.0210,0.0279,0.0569
418,10,10.7260,-0.1691,0.4546,0.9999,-0.0104,0.0000,0.0104,0.9999,0.0000,0.0000,0.0000,1.0000,0.0210,0.0279,0.0569
419,0,10.6370,-0.1019,0.4400,0.9999,-0.0105,0.0000,0.0105,0.9999,0.0000,0.0000,0.0000,1.0000,0.2577,0.2263,0.1400
419,1,10.6451,-0.0990,0.6052,0.9999,-0.0105,0.0000,0.0105,0.9999,0.0000,0.0000,0.0000,1.0000,0.1100,0.2168,0.3052
419,2,10.7204,-0.1601,0.5173,0.9999,-0.0105,0.0000,0.0105,0.9999,0.0000,0.0000,0.0000,1.0000,0.1101,0.3070,0.2173
419,3,10.7409,-0.3371,0.5889,0.9999,-0.0105,0.0000,0.0105,0.9999,0.0000,0.0000,0.0000,1.0000,0.2836,0.2073,0.2889
419,4,10.8585,-0.3848,0.5062,0.9999,-0.0105,0.0000,0.0105,0.9999,0.0000,0.0000,0.0000,1.0000,0.2820,0.2947,0.2062
419,5,11.0275,-0.2498,0.6614,0.9999,-0.0105,0.0000,0.0105,0.9999,0.0000,0.0000,0.0000,1.0000,0.1112,0.2100,0.3614
419,6,11.1207,-0.2312,0.4265,0.9999,-0.0105,0.0000,0.0105,0.9999,0.0000,0.0000,0.0000,1.0000,0.1972,0.1336,0.1265
419,7,11.2297,-0.2240,0.4491,0.9999,-0.0105,0.0000,0.0105,0.9999,0.0000,0.0000,0.0000,1.0000,0.1624,0.1625,0.0548
419,8,11.2576,-0.1811,0.4472,0.9999,-0.0105,0.0000,0.0105,0.9999,0.0000,0.0000,0.0000,1.0000,0.0831,0.2046,0.1050
419,9,11.2886,-0.1151,0.4544,0.9999,-0.0105,0.0000,0.0105,0.9999,0.0000,0.0000,0.0000,1.0000,0.0210,0.0279,0.0569
419,10,11.3318,-0.1754,0.4546,0.9999,-0.0105,0.0000,0.0105,0.9999,0.0000,0.0000,0.0000,1.0000,0.0210,0.0279,0.0569
420,0,11.2565,-0.1085,0.4400,0.9999,-0.0109,0.0000,0.0109,0.9999,0.0000,0.0000,0.0000,1.0000,0.2577,0.2263,0.1400
420,1,11.2647,-0.1057,0.6052,0.9999,-0.0109,0.0000,0.0109,0.9999,0.0000,0.0000,0.0000,1.0000,0.1100,0.2168,0.3052
420,2,11.3399,-0.1668,0.5173,0.9999,-0.0109,0.0000,0.0109,0.9999,0.0000,0.0000,0.0000,1.0000,0.1101,0.3070,0.2173
420,3,11.3604,-0.3437,0.5889,0.9999,-0.0109,0.0000,0.0109,0.9999,0.0000,0.0000,0.0000,1.0000,0.2836,0.2073,0.2889
420,4,11.4780,-0.3915,0.5062,0.9999,-0.0109,0.0000,0.0109,0.9999,0.0000,0.0000,0.0000,1.0000,0.2820,0.2947,0.2062
420,5,11.6470,-0.2565,0.6614,0.9999,-0.0109,0.0000,0.0109,0.9999,0.0000,0.0000,0.0000,1.0000,0.1112,0.2100,0.3614
420,6,11.7402,-0.2380,0.4265,0.9999,-0.0109,0.0000,0.0109,0.9999,0.0000,0.0000,0.0000,1.0000,0.1972,0.1336,0.1265
420,7,11.8492,-0.2308,0.4491,0.9999,-0.0109,0.0000,0.0109,0.9999,0.0000,0.0000,0.0000,1.0000,0.1624,0.1625,0.0548
420,8,11.8771,-0.1879,0.4472,0.9999,-0.0109,0.0000,0.0109,0.9999,0.0000,0.0000,0.0000,1.0000,0.0831,0.2046,0.1050
420,9,11.9081,-0.1220,0.4544,0.9999,-0.0109,0.0000,0.0109,0.9999,0.0000,0.0000,0.0000,1.0000,0.0210,0.0279,0.0569
420,10,11.9514,-0.1823,0.4546,0.9999,-0.0109,0.0000,0.0109,0.9999,0.0000,0.0000,0.0000,1.0000,0.0210,0.0279,0.0569
421,0,11.8898,-0.1156,0.4400,0.9999,-0.0118,0.0000,0.0118,0.9999,0.0000,0.0000,0.0000,1.0000,0.2577,0.2263,0.1400
421,1,11.8979,-0.1128,0.6052,0.9999,-0.0118,0.0000,0.0118,0.9999,0.0000,0.0000,0.0000,1.0000,0.1100,0.2168,0.3052
421,2,11.9731,-0.1740,0.5173,0.9999,-0.0118,0.0000,0.0118,0.9999,0.0000,0.0000,0.0000,1.0000,0.1101,0.3070,0.2173
421,3,11.9934,-0.3509,0.5889,0.9999,-0.0118,0.0000,0.0118,0.9999,0.0000,0.0000,0.0000,1.0000,0.2836,0.2073,0.2889
421,4,12.1110,-0.3988,0.5062,0.9999,-0.0118,0.0000,0.0118,0.9999,0.0000,0.0000,0.0000,1.0000,0.2820,0.2947,0.2062
421,5,12.2802,-0.2640,0.6614,0.9999,-0.0118,0.0000,0.0118,0.9999,0.0000,0.0000,0.0000,1.0000,0.1112,0.2100,0.3614
421,6,12.3734,-0.2456,0.4265,0.9999,-0.0118,0.0000,0.0118,0.9999,0.0000,0.0000,0.0000,1.0000,0.1972,0.1336,0.1265
421,7,12.4824,-0.2385,0.4491,0.9999,-0.0118,0.0000,0.0118,0.9999,0.0000,0.0000,0.0000,1.0000,0.1624,0.1625,0.0548
421,8,12.5103,-0.1956,0.4472,0.9999,-0.0118,0.0000,0.0118,0.9999,0.0000,0.0000,0.0000,1.0000,0.0831,0.2046,0.1050
421,9,12.5414,-0.1297,0.4544,0.9999,-0.0118,0.0000,0.0118,0.9999,0.0000,0.0000,0.0000,1.0000,0.0210,0.0279,0.0569
421,10,12.5846,-0.1901,0.4546,0.9999,-0.0118,0.0000,0.0118,0.9999,0.0000,0.0000,0.0000,1.0000,0.0210,0.0279,0.0569
422,0,12.5365,-0.1237,0.4400,0.9999,-0.0133,0.0000,0.0133,0.9999,0.0000,0.0000,0.0000,1.0000,0.2577,0.2263,0.1400
422,1,12.5447,-0.1209,0.6052,0.9999,-0.0133,0.0000,0.0133,0.9999,0.0000,0.0000,0.0000,1.0000,0.1100,0.2168,0.3052
422,2,12.6198,-0.1822,0.5173,0.9999,-0.0133,0.0000,0.0133,0.9999,0.0000,0.0000,0.0000,1.0000,0.1101,0.3070,0.2173
422,3,12.6398,-0.3592,0.5889,0.9999,-0.0133,0.0000,0.0133,0.9999,0.0000,0.0000,0.0000,1.0000,0.2836,0.2073,0.2889
422,4,12.7573,-0.4072,0.5062,0.9999,-0.0133,0.0000,0.0133,0.9999,0.0000,0.0000,0.0000,1.0000,0.2820,0.2947,0.2062
422,5,12.9267,-0.2727,0.6614,0.9999,-0.0133,0.0000,0.0133,0.9999,0.0000,0.0000,0.0000,1.0000,0.1112,0.2100,0.3614
422,6,13.0199,-0.2544,0.4265,0.9999,-0.0133,0.0000,0.0133,0.9999,0.0000,0.0000,0.0000,1.0000,0.1972,0.1336,0.1265
422,7,13.1289,-0.2475,0.4491,0.9999,-0.0133,0.0000,0.0133,0.9999,0.0000,0.0000,0.0000,1.0000,0.1624,0.1625,0.0548
422,8,13.1569,-0.2046,0.4472,0.9999,-0.0133,0.0000,0.0133,0.9999,0.0000,0.0000,0.0000,1.0000,0.0831,0.2046,0.1050
422,9,13.1881,-0.1387,0.4544,0.9999,-0.0133,0.0000,0.0133,0.9999,0.0000,0.0000,0.0000,1.0000,0.0210,0.0279,0.0569
422,10,13.2312,-0.1992,0.4546,0.9999,-0.0133,0.0000,0.0133,0.9999,0.0000,0.0000,0.0000,1.0000,0.0210,0.0279,0.0569
423,0,13.1964,-0.1332,0.4400,0.9999,-0.0158,0.0000,0.0158,0.9999,0.0000,0.0000,0.0000,1.0000,0.2577,0.2263,0.1400
423,1,13.2045,-0.1304,0.6052,0.9999,-0.0158,0.0000,0.0158,0.9999,0.0000,0.0000,0.0000,1.0000,0.1100,0.2168,0.3052
423,2,13.2795,-0.1919,0.5173,0.9999,-0.0158,0.0000,0.0158,0.9999,0.0000,0.0000,0.0000,1.0000,0.1101,0.3070,0.2173
423,3,13.2991,-0.3689,0.5889,0.9999,-0.0158,0.0000,0.0158,0.9999,0.0000,0.0000,0.0000,1.0000,0.2836,0.2073,0.2889
423,4,13.4165,-0.4173,0.5062,0.9999,-0.0158,0.0000,0.0158,0.9999,0.0000,0.0000,0.0000,1.0000,0.2820,0.2947,0.2062
423,5,13.5862,-0.2831,0.6614,0.9999,-0.0158,0.0000,0.0158,0.9999,0.0000,0.0000,0.0000,1.0000,0.1112,0.2100,0.3614
423,6,13.6795,-0.2651,0.4265,0.9999,-0.0158,0.0000,0.0158,0.9999,0.0000,0.0000,0.0000,1.0000,0.1972,0.1336,0.1265
423,7,13.7885,-0.2584,0.4491,0.9999,-0.0158,0.0000,0.0158,0.9999,0.0000,0.0000,0.0000,1.0000,0.1624,0.1625,0.0548
423,8,13.8166,-0.2157,0.4472,0.9999,-0.0158,0.0000,0.0158,0.9999,0.0000,0.0000,0.0000,1.0000,0.0831,0.2046,0.1050
423,9,13.8479,-0.1498,0.4544,0.9999,-0.0158,0.0000,0.0158,0.9999,0.0000,0.0000,0.0000,1.0000,0.0210,0.0279,0.0569
423,10,13.8909,-0.2104,0.4546,0.9999,-0.0158,0.0000,0.0158,0.9999,0.0000,0.0000,0.0000,1.0000,0.0210,0.0279,0.0569
424,0,13.8692,-0.1448,0.4400,0.9998,-0.0193,0.0000,0.0193,0.9998,0.0000,0.0000,0.0000,1.0000,0.2577,0.2263,0.1400
424,1,13.8774,-0.1421,0.6052,0.9998,-0.0193,0.0000,0.0193,0.9998,0.0000,0.0000,0.0000,1.0000,0.1100,0.2168,0.3052
424,2,13.9521,-0.2038,0.5173,0.9998,-0.0193,0.0000,0.0193,0.9998,0.0000,0.0000,0.0000,1.0000,0.1101,0.3070,0.2173
424,3,13.9711,-0.3809,0.5889,0.9998,-0.0193,0.0000,0.0193,0.9998,0.0000,0.0000,0.0000,1.0000,0.2836,0.2073,0.2889
424,4,14.0883,-0.4297,0.5062,0.9998,-0.0193,0.0000,0.0193,0.9998,0.0000,0.0000,0.0000,1.0000,0.2820,0.2947,0.2062
424,5,14.2585,-0.2962,0.6614,0.9998,-0.0193,0.0000,0.0193,0.9998,0.0000,0.0000,0.0000,1.0000,0.1112,0.2100,0.3614
424,6,14.3518,-0.2785,0.4265,0.9998,-0.0193,0.0000,0.0193,0.9998,0.0000,0.0000,0.0000,1.0000,0.1972,0.1336,0.1265
424,7,14.4609,-0.2722,0.4491,0.9998,-0.0193,0.0000,0.0193,0.9998,0.0000,0.0000,0.0000,1.0000,0.1624,0.1625,0.0548
424,8,14.4891,-0.2295,0.4472,0.9998,-0.0193,0.0000,0.0193,0.9998,0.0000,0.0000,0.0000,1.0000,0.0831,0.2046,0.1050
424,9,14.5207,-0.1638,0.4544,0.9998,-0.0193,0.0000,0.0193,0.9998,0.0000,0.0000,0.0000,1.0000,0.0210,0.0279,0.0569
424,10,14.5634,-0.2245,0.4546,0.9998,-0.0193,0.0000,0.0193,0.9998,0.0000,0.0000,0.0000,1.0000,0.0210,0.0279,0.0569
425,0,14.5549,-0.1595,0.4400,0.9997,-0.0241,0.0000,0.0241,0.9997,0.0000,0.0000,0.0000,1.0000,0.2577,0.2263,0.1400
425,1,14.5631,-0.1568,0.6052,0.9997,-0.0241,0.0000,0.0241,0.9997,0.0000,0.0000,0.0000,1.0000,0.1100,0.2168,0.3052
425,2,14.6375,-0.2189,0.5173,0.9997,-0.0241,0.0000,0.0241,0.9997,0.0000,0.0000,0.0000,1.0000,0.1101,0.3070,0.2173
425,3,14.6556,-0.3961,0.5889,0.9997,-0.0241,0.0000,0.0241,0.9997,0.0000,0.0000,0.0000,1.0000,0.2836,0.2073,0.2889
425,4,14.7726,-0.4454,0.5062,0.9997,-0.0241,0.0000,0.0241,0.9997,0.0000,0.0000,0.0000,1.0000,0.2820,0.2947,0.2062
425,5,14.9434,-0.3127,0.6614,0.9997,-0.0241,0.0000,0.0241,0.9997,0.0000,0.0000,0.0000,1.0000,0.1112,0.2100,0.3614
425,6,15.0369,-0.2955,0.4265,0.9997,-0.0241,0.0000,0.0241,0.9997,0.0000,0.0000,0.0000,1.0000,0.1972,0.1336,0.1265
425,7,15.1459,-0.2897,0.4491,0.9997,-0.0241,0.0000,0.0241,0.9997,0.0000,0.0000,0.0000,1.0000,0.1624,0.1625,0.0548
425,8,15.1744,-0.2472,0.4472,0.9997,-0.0241,0.0000,0.0241,0.9997,0.0000,0.0000,0.0000,1.0000,0.0831,0.2046,0.1050
425,9,15.2063,-0.1816,0.4544,0.9997,-0.0241,0.0000,0.0241,0.9997,0.0000,0.0000,0.0000,1.0000,0.0210,0.0279,0.0569
425,10,15.2487,-0.2425,0.4546,0.9997,-0.0241,0.0000,0.0241,0.9997,0.0000,0.0000,0.0000,1.0000,0.0210,0.0279,0.0569
426,0,15.2532,-0.1783,0.4400,0.9995,-0.0304,0.0000,0.0304,0.9995,0.0000,0.0000,0.0000,1.0000,0.2577,0.2263,0.1400
426,1,15.2614,-0.1756,0.6052,0.9995,-0.0304,0.0000,0.0304,0.9995,0.0000,0.0000,0.0000,1.0000,0.1100,0.2168,0.3052
426,2,15.3354,-0.2382,0.5173,0.9995,-0.0304,0.0000,0.0304,0.9995,0.0000,0.0000,0.0000,1.0000,0.1101,0.3070,0.2173
426,3,15.3525,-0.4155,0.5889,0.9995,-0.0304,0.0000,0.0304,0.9995,0.0000,0.0000,0.0000,1.0000,0.2836,0.2073,0.2889
426,4,15.4691,-0.4656,0.5062,0.9995,-0.0304,0.0000,0.0304,0.9995,0.0000,0.0000,0.0000,1.0000,0.2820,0.2947,0.2062
426,5,15.6408,-0.3339,0.6614,0.9995,-0.0304,0.0000,0.0304,0.9995,0.0000,0.0000,0.0000,1.0000,0.1112,0.2100,0.3614
426,6,15.7343,-0.3173,0.4265,0.9995,-0.0304,0.0000,0.0304,0.9995,0.0000,0.0000,0.0000,1.0000,0.1972,0.1336,0.1265
426,7,15.8434,-0.3122,0.4491,0.9995,-0.0304,0.0000,0.0304,0.9995,0.0000,0.0000,0.0000,1.0000,0.1624,0.1625,0.0548
426,8,15.8721,-0.2698,0.4472,0.9995,-0.0304,0.0000,0.0304,0.9995,0.0000,0.0000,0.0000,1.0000,0.0831,0.2046,0.1050
426,9,15.9044,-0.2045,0.4544,0.9995,-0.0304,0.0000,0.0304,0.9995,0.0000,0.0000,0.0000,1.0000,0.0210,0.0279,0.0569
426,10,15.9465,-0.2657,0.4546,0.9995,-0.0304,0.0000,0.0304,0.9995,0.0000,0.0000,0.0000,1.0000,0.0210,0.0279,0.0569
427,0,15.9634,-0.2024,0.4400,0.9993,-0.0382,0.0000,0.0382,0.9993,0.0000,0.0000,0.0000,1.0000,0.2577,0.2263,0.1400
427,1,15.9716,-0.1998,0.6052,0.9993,-0.0382,0.0000,0.0382,0.9993,0.0000,0.0000,0.0000,1.0000,0.1100,0.2168,0.3052
427,2,16.0451,-0.2629,0.5173,0.9993,-0.0382,0.0000,0.0382,0.9993,0.0000,0.0000,0.0000,1.0000,0.1101,0.3070,0.2173
427,3,16.0608,-0.4404,0.5889,0.9993,-0.0382,0.0000,0.0382,0.9993,0.0000,0.0000,0.0000,1.0000,0.2836,0.2073,0.2889
427,4,16.1770,-0.4913,0.5062,0.9993,-0.0382,0.0000,0.0382,0.9993,0.0000,0.0000,0.0000,1.0000,0.2820,0.2947,0.2062
427,5,16.3497,-0.3611,0.6614,0.9993,-0.0382,0.0000,0.0382,0.9993,0.0000,0.0000,0.0000,1.0000,0.1112,0.2100,0.3614
427,6,16.4434,-0.3451,0.4265,0.9993,-0.0382,0.0000,0.0382,0.9993,0.0000,0.0000,0.0000,1.0000,0.1972,0.1336,0.1265
427,7,16.5525,-0.3409,0.4491,0.9993,-0.0382,0.0000,0.0382,0.9993,0.0000,0.0000,0.0000,1.0000,0.1624,0.1625,0.0548
427,8,16.5816,-0.2988,0.4472,0.9993,-0.0382,0.0000,0.0382,0.9993,0.0000,0.0000,0.0000,1.0000,0.0831,0.2046,0.1050
427,9,16.6144,-0.2337,0.4544,0.9993,-0.0382,0.0000,0.0382,0.9993,0.0000,0.0000,0.0000,1.0000,0.0210,0.0279,0.0569
427,10,16.6560,-0.2952,0.4546,0.9993,-0.0382,0.0000,0.0382,0.9993,0.0000,0.0000,0.0000,1.0000,0.0210,0.0279,0.0569
428,0,16.6841,-0.2331,0.4400,0.9989,-0.0479,0.0000,0.0479,0.9989,0.0000,0.0000,0.0000,1.0000,0.2577,0.2263,0.1400
428,1,16.6923,-0.2306,0.6052,0.9989,-0.0479,0.0000,0.0479,0.9989,0.0000,0.0000,0.0000,1.0000,0.1100,0.2168,0.3052
428,2,16.7652,-0.2944,0.5173,0.9989,-0.0479,0.0000,0.0479,0.9989,0.0000,0.0000,0.0000,1.0000,0.1101,0.3070,0.2173
428,3,16.7791,-0.4720,0.5889,0.9989,-0.0479,0.0000,0.0479,0.9989,0.0000,0.0000,0.0000,1.0000,0.2836,0.2073,0.2889
428,4,16.8949,-0.5241,0.5062,0.9989,-0.0479,0.0000,0.0479,0.9989,0.0000,0.0000,0.0000,1.0000,0.2820,0.2947,0.2062
428,5,17.0688,-0.3955,0.6614,0.9989,-0.0479,0.0000,0.0479,0.9989,0.0000,0.0000,0.0000,1.0000,0.1112,0.2100,0.3614
428,6,17.1627,-0.3805,0.4265,0.9989,-0.0479,0.0000,0.0479,0.9989,0.0000,0.0000,0.0000,1.0000,0.1972,0.1336,0.1265
428,7,17.2718,-0.3773,0.4491,0.9989,-0.0479,0.0000,0.0479,0.9989,0.0000,0.0000,0.0000,1.0000,0.1624,0.1625,0.0548
428,8,17.3013,-0.3355,0.4472,0.9989,-0.0479,0.0000,0.0479,0.9989,0.0000,0.0000,0.0000,1.0000,0.0831,0.2046,0.1050
428,9,17.3347,-0.2707,0.4544,0.9989,-0.0479,0.0000,0.0479,0.9989,0.0000,0.0000,0.0000,1.0000,0.0210,0.0279,0.0569
428,10,17.3757,-0.3326,0.4546,0.9989,-0.0479,0.0000,0.0479,0.9989,0.0000,0.0000,0.0000,1.0000,0.0210,0.0279,0.0569
429,0,17.4137,-0.2718,0.4400,0.9982,-0.0594,0.0000,0.0594,0.9982,0.0000,0.0000,0.0000,1.0000,0.2577,0.2263,0.1400
429,1,17.4219,-0.2694,0.6052,0.9982,-0.0594,0.0000,0.0594,0.9982,0.0000,0.0000,0.0000,1.0000,0.1100,0.2168,0.3052
429,2,17.4941,-0.3341,0.5173,0.9982,-0.0594,0.0000,0.0594,0.9982,0.0000,0.0000,0.0000,1.0000,0.1101,0.3070,0.2173
429,3,17.5060,-0.5118,0.5889,0.9982,-0.0594,0.0000,0.0594,0.9982,0.0000,0.0000,0.0000,1.0000,0.2836,0.2073,0.2889
429,4,17.6211,-0.5653,0.5062,0.9982,-0.0594,0.0000,0.0594,0.9982,0.0000,0.0000,0.0000,1.0000,0.2820,0.2947,0.2062
429,5,17.7965,-0.4387,0.6614,0.9982,-0.0594,0.0000,0.0594,0.9982,0.0000,0.0000,0.0000,1.0000,0.1112,0.2100,0.3614
429,6,17.8905,-0.4247,0.4265,0.9982,-0.0594,0.0000,0.0594,0.9982,0.0000,0.0000,0.0000,1.0000,0.1972,0.1336,0.1265
429,7,17.9997,-0.4228,0.4491,0.9982,-0.0594,0.0000,0.0594,0.9982,0.0000,0.0000,0.0000,1.0000,0.1624,0.1625,0.0548
429,8,18.0296,-0.3813,0.4472,0.9982,-0.0594,0.0000,0.0594,0.9982,0.0000,0.0000,0.0000,1.0000,0.0831,0.2046,0.1050
429,9,18.0638,-0.3169,0.4544,0.9982,-0.0594,0.0000,0.0594,0.9982,0.0000,0.0000,0.0000,1.0000,0.0210,0.0279,0.0569
429,10,18.1041,-0.3793,0.4546,0.9982,-0.0594,0.0000,0.0594,0.9982,0.0000,0.0000,0.0000,1.0000,0.0210,0.0279,0.0569
430,0,18.1510,-0.3202,0.4400,0.9973,-0.0728,0.0000,0.0728,0.9973,0.0000,0.0000,0.0000,1.0000,0.2577,0.2263,0.1400
430,1,18.1593,-0.3179,0.6052,0.9973,-0.0728,0.0000,0.0728,0.9973,0.0000,0.0000,0.0000,1.0000,0.1100,0.2168,0.3052
430,2,18.2306,-0.3835,0.5173,0.9973,-0.0728,0.0000,0.0728,0.9973,0.0000,0.0000,0.0000,1.0000,0.1101,0.3070,0.2173
430,3,18.2400,-0.5614,0.5889,0.9973,-0.0728,0.0000,0.0728,0.9973,0.0000,0.0000,0.0000,1.0000,0.2836,0.2073,0.2889
430,4,18.3544,-0.6164,0.5062,0.9973,-0.0728,0.0000,0.0728,0.9973,0.0000,0.0000,0.0000,1.0000,0.2820,0.2947,0.2062
430,5,18.5316,-0.4921,0.6614,0.9973,-0.0728,0.0000,0.0728,0.9973,0.0000,0.0000,0.0000,1.0000,0.1112,0.2100,0.3614
430,6,18.6257,-0.4795,0.4265,0.9973,-0.0728,0.0000,0.0728,0.9973,0.0000,0.0000,0.0000,1.0000,0.1972,0.1336,0.1265
430,7,18.7350,-0.4790,0.4491,0.9973,-0.0728,0.0000,0.0728,0.9973,0.0000,0.0000,0.0000,1.0000,0.1624,0.1625,0.0548
430,8,18.7654,-0.4379,0.4472,0.9973,-0.0728,0.0000,0.0728,0.9973,0.0000,0.0000,0.0000,1.0000,0.0831,0.2046,0.1050
430,9,18.8005,-0.3740,0.4544,0.9973,-0.0728,0.0000,0.0728,0.9973,0.0000,0.0000,0.0000,1.0000,0.0210,0.0279,0.0569
430,10,18.8399,-0.4369,0.4546,0.9973,-0.0728,0.0000,0.0728,0.9973,0.0000,0.0000,0.0000,1.0000,0.0210,0.0279,0.0569
431,0,18.8956,-0.3796,0.4400,0.9961,-0.0878,0.0000,0.0878,0.9961,0.0000,0.0000,0.0000,1.0000,0.2577,0.2263,0.1400
431,1,18.9039,-0.3774,0.6052,0.9961,-0.0878,0.0000,0.0878,0.9961,0.0000,0.0000,0.0000,1.0000,0.1100,0.2168,0.3052
431,2,18.9742,-0.4441,0.5173,0.9961,-0.0878,0.0000,0.0878,0.9961,0.0000,0.0000,0.0000,1.0000,0.1101,0.3070,0.2173
431,3,18.9810,-0.6221,0.5889,0.9961,-0.0878,0.0000,0.0878,0.9961,0.0000,0.0000,0.0000,1.0000,0.2836,0.2073,0.2889
431,4,19.0946,-0.6788,0.5062,0.9961,-0.0878,0.0000,0.0878,0.9961,0.0000,0.0000,0.0000,1.0000,0.2820,0.2947,0.2062
431,5,19.2735,-0.5572,0.6614,0.9961,-0.0878,0.0000,0.0878,0.9961,0.0000,0.0000,0.0000,1.0000,0.1112,0.2100,0.3614
431,6,19.3679,-0.5460,0.4265,0.9961,-0.0878,0.0000,0.0878,0.9961,0.0000,0.0000,0.0000,1.0000,0.1972,0.1336,0.1265
431,7,19.4771,-0.5472,0.4491,0.9961,-0.0878,0.0000,0.0878,0.9961,0.0000,0.0000,0.0000,1.0000,0.1624,0.1625,0.0548
431,8,19.5082,-0.5065,0.4472,0.9961,-0.0878,0.0000,0.0878,0.9961,0.0000,0.0000,0.0000,1.0000,0.0831,0.2046,0.1050
431,9,19.5442,-0.4432,0.4544,0.9961,-0.0878,0.0000,0.0878,0.9961,0.0000,0.0000,0.0000,1.0000,0.0210,0.0279,0.0569
431,10,19.5827,-0.5067,0.4546,0.9961,-0.0878,0.0000,0.0878,0.9961,0.0000,0.0000,0.0000,1.0000,0.0210,0.0279,0.0569
432,0,19.6472,-0.4514,0.4400,0.9946,-0.1040,0.0000,0.1040,0.9946,0.0000,0.0000,0.0000,1.0000,0.2577,0.2263,0.1400
432,1,19.6556,-0.4493,0.6052,0.9946,-0.1040,0.0000,0.1040,0.9946,0.0000,0.0000,0.0000,1.0000,0.1100,0.2168,0.3052
432,2,19.7248,-0.5172,0.5173,0.9946,-0.1040,0.0000,0.1040,0.9946,0.0000,0.0000,0.0000,1.0000,0.1101,0.3070,0.2173
432,3,19.7287,-0.6953,0.5889,0.9946,-0.1040,0.0000,0.1040,0.9946,0.0000,0.0000,0.0000,1.0000,0.2836,0.2073,0.2889
432,4,19.8413,-0.7538,0.5062,0.9946,-0.1040,0.0000,0.1040,0.9946,0.0000,0.0000,0.0000,1.0000,0.2820,0.2947,0.2062
432,5,20.0223,-0.6352,0.6614,0.9946,-0.1040,0.0000,0.1040,0.9946,0.0000,0.0000,0.0000,1.0000,0.1112,0.2100,0.3614
432,6,20.1168,-0.6255,0.4265,0.9946,-0.1040,0.0000,0.1040,0.9946,0.0000,0.0000,0.0000,1.0000,0.1972,0.1336,0.1265
432,7,20.2260,-0.6284,0.4491,0.9946,-0.1040,0.0000,0.1040,0.9946,0.0000,0.0000,0.0000,1.0000,0.1624,0.1625,0.0548
432,8,20.2577,-0.5883,0.4472,0.9946,-0.1040,0.0000,0.1040,0.9946,0.0000,0.0000,0.0000,1.0000,0.0831,0.2046,0.1050
432,9,20.2947,-0.5255,0.4544,0.9946,-0.1040,0.0000,0.1040,0.9946,0.0000,0.0000,0.0000,1.0000,0.0210,0.0279,0.0569
432,10,20.3322,-0.5897,0.4546,0.9946,-0.1040,0.0000,0.1040,0.9946,0.0000,0.0000,0.0000,1.0000,0.0210,0.0279,0.0569
433,0,20.4053,-0.5366,0.4400,0.9926,-0.1211,0.0000,0.1211,0.9926,0.0000,0.0000,0.0000,1.0000,0.2577,0.2263,0.1400
433,1,20.4137,-0.5347,0.6052,0.9926,-0.1211,0.0000,0.1211,0.9926,0.0000,0.0000,0.0000,1.0000,0.1100,0.2168,0.3052
433,2,20.4818,-0.6037,0.5173,0.9926,-0.1211,0.0000,0.1211,0.9926,0.0000,0.0000,0.0000,1.0000,0.1101,0.3070,0.2173
433,3,20.4826,-0.7818,0.5889,0.9926,-0.1211,0.0000,0.1211,0.9926,0.0000,0.0000,0.0000,1.0000,0.2836,0.2073,0.2889
433,4,20.5942,-0.8423,0.5062,0.9926,-0.1211,0.0000,0.1211,0.9926,0.0000,0.0000,0.0000,1.0000,0.2820,0.2947,0.2062
433,5,20.7771,-0.7268,0.6614,0.9926,-0.1211,0.0000,0.1211,0.9926,0.0000,0.0000,0.0000,1.0000,0.1112,0.2100,0.3614
433,6,20.8718,-0.7187,0.4265,0.9926,-0.1211,0.0000,0.1211,0.9926,0.0000,0.0000,0.0000,1.0000,0.1972,0.1336,0.1265
433,7,20.9809,-0.7236,0.4491,0.9926,-0.1211,0.0000,0.1211,0.9926,0.0000,0.0000,0.0000,1.0000,0.1624,0.1625,0.0548
433,8,21.0134,-0.6840,0.4472,0.9926,-0.1211,0.0000,0.1211,0.9926,0.0000,0.0000,0.0000,1.0000,0.0831,0.2046,0.1050
433,9,21.0515,-0.6219,0.4544,0.9926,-0.1211,0.0000,0.1211,0.9926,0.0000,0.0000,0.0000,1.0000,0.0210,0.0279,0.0569
433,10,21.0878,-0.6866,0.4546,0.9926,-0.1211,0.0000,0.1211,0.9926,0.0000,0.0000,0.0000,1.0000,0.0210,0.0279,0.0569
434,0,21.1686,-0.6359,0.4400,0.9903,-0.1388,0.0000,0.1388,0.9903,0.0000,0.0000,0.0000,1.0000,0.2577,0.2263,0.1400
434,1,21.1770,-0.6342,0.6052,0.9903,-0.1388,0.0000,0.1388,0.9903,0.0000,0.0000,0.0000,1.0000,0.1100,0.2168,0.3052
434,2,21.2438,-0.7044,0.5173,0.9903,-0.1388,0.0000,0.1388,0.9903,0.0000,0.0000,0.0000,1.0000,0.1101,0.3070,0.2173
434,3,21.2414,-0.8825,0.5889,0.9903,-0.1388,0.0000,0.1388,0.9903,0.0000,0.0000,0.0000,1.0000,0.2836,0.2073,0.2889
434,4,21.3519,-0.9450,0.5062,0.9903,-0.1388,0.0000,0.1388,0.9903,0.0000,0.0000,0.0000,1.0000,0.2820,0.2947,0.2062
434,5,21.5369,-0.8327,0.6614,0.9903,-0.1388,0.0000,0.1388,0.9903,0.0000,0.0000,0.0000,1.0000,0.1112,0.2100,0.3614
434,6,21.6317,-0.8263,0.4265,0.9903,-0.1388,0.0000,0.1388,0.9903,0.0000,0.0000,0.0000,1.0000,0.1972,0.1336,0.1265
434,7,21.7407,-0.8331,0.4491,0.9903,-0.1388,0.0000,0.1388,0.9903,0.0000,0.0000,0.0000,1.0000,0.1624,0.1625,0.0548
434,8,21.7738,-0.7942,0.4472,0.9903,-0.1388,0.0000,0.1388,0.9903,0.0000,0.0000,0.0000,1.0000,0.0831,0.2046,0.1050
434,9,21.8131,-0.7327,0.4544,0.9903,-0.1388,0.0000,0.1388,0.9903,0.0000,0.0000,0.0000,1.0000,0.0210,0.0279,0.0569
434,10,21.8482,-0.7981,0.4546,0.9903,-0.1388,0.0000,0.1388,0.9903,0.0000,0.0000,0.0000,1.0000,0.0210,0.0279,0.0569
435,0,21.9355,-0.7498,0.4400,0.9876,-0.1569,0.0000,0.1569,0.9876,0.0000,0.0000,0.0000,1.0000,0.2577,0.2263,0.1400
435,1,21.9439,-0.7482,0.6052,0.9876,-0.1569,0.0000,0.1569,0.9876,0.0000,0.0000,0.0000,1.0000,0.1100,0.2168,0.3052
435,2,22.0094,-0.8197,0.5173,0.9876,-0.1569,0.0000,0.1569,0.9876,0.0000,0.0000,0.0000,1.0000,0.1101,0.3070,0.2173
435,3,22.0038,-0.9977,0.5889,0.9876,-0.1569,0.0000,0.1569,0.9876,0.0000,0.0000,0.0000,1.0000,0.2836,0.2073,0.2889
435,4,22.1132,-1.0622,0.5062,0.9876,-0.1569,0.0000,0.1569,0.9876,0.0000,0.0000,0.0000,1.0000,0.2820,0.2947,0.2062
435,5,22.3002,-0.9534,0.6614,0.9876,-0.1569,0.0000,0.1569,0.9876,0.0000,0.0000,0.0000,1.0000,0.1112,0.2100,0.3614
435,6,22.3951,-0.9487,0.4265,0.9876,-0.1569,0.0000,0.1569,0.9876,0.0000,0.0000,0.0000,1.0000,0.1972,0.1336,0.1265
435,7,22.5039,-0.9575,0.4491,0.9876,-0.1569,0.0000,0.1569,0.9876,0.0000,0.0000,0.0000,1.0000,0.1624,0.1625,0.0548
435,8,22.5378,-0.9191,0.4472,0.9876,-0.1569,0.0000,0.1569,0.9876,0.0000,0.0000,0.0000,1.0000,0.0831,0.2046,0.1050
435,9,22.5781,-0.8584,0.4544,0.9876,-0.1569,0.0000,0.1569,0.9876,0.0000,0.0000,0.0000,1.0000,0.0210,0.0279,0.0569
435,10,22.6121,-0.9244,0.4546,0.9876,-0.1569,0.0000,0.1569,0.9876,0.0000,0.0000,0.0000,1.0000,0.0210,0.0279,0.0569
436,0,22.7052,-0.8787,0.4400,0.9845,-0.1753,0.0000,0.1753,0.9845,0.0000,0.0000,0.0000,1.0000,0.2577,0.2263,0.1400
436,1,22.7137,-0.8773,0.6052,0.9845,-0.1753,0.0000,0.1753,0.9845,0.0000,0.0000,0.0000,1.0000,0.1100,0.2168,0.3052
436,2,22.7779,-0.9500,0.5173,0.9845,-0.1753,0.0000,0.1753,0.9845,0.0000,0.0000,0.0000,1.0000,0.1101,0.3070,0.2173
436,3,22.7690,-1.1279,0.5889,0.9845,-0.1753,0.0000,0.1753,0.9845,0.0000,0.0000,0.0000,1.0000,0.2836,0.2073,0.2889
436,4,22.8771,-1.1944,0.5062,0.9845,-0.1753,0.0000,0.1753,0.9845,0.0000,0.0000,0.0000,1.0000,0.2820,0.2947,0.2062
436,5,23.0661,-1.0890,0.6614,0.9845,-0.1753,0.0000,0.1753,0.9845,0.0000,0.0000,0.0000,1.0000,0.1112,0.2100,0.3614
436,6,23.1610,-1.0862,0.4265,0.9845,-0.1753,0.0000,0.1753,0.9845,0.0000,0.0000,0.0000,1.0000,0.1972,0.1336,0.1265
436,7,23.2697,-1.0970,0.4491,0.9845,-0.1753,0.0000,0.1753,0.9845,0.0000,0.0000,0.0000,1.0000,0.1624,0.1625,0.0548
436,8,23.3043,-1.0592,0.4472,0.9845,-0.1753,0.0000,0.1753,0.9845,0.0000,0.0000,0.0000,1.0000,0.0831,0.2046,0.1050
436,9,23.3457,-0.9993,0.4544,0.9845,-0.1753,0.0000,0.1753,0.9845,0.0000,0.0000,0.0000,1.0000,0.0210,0.0279,0.0569
436,10,23.3785,-1.0659,0.4546,0.9845,-0.1753,0.0000,0.1753,0.9845,0.0000,0.0000,0.0000,1.0000,0.0210,0.0279,0.0569
437,0,23.4778,-1.0231,0.4400,0.9810,-0.1938,0.0000,0.1938,0.9810,0.0000,0.0000,0.0000,1.0000,0.2577,0.2263,0.1400
437,1,23.4864,-1.0218,0.6052,0.9810,-0.1938,0.0000,0.1938,0.9810,0.0000,0.0000,0.0000,1.0000,0.1100,0.2168,0.3052
437,2,23.5491,-1.0957,0.5173,0.9810,-0.1938,0.0000,0.1938,0.9810,0.0000,0.0000,0.0000,1.0000,0.1101,0.3070,0.2173
437,3,23.5368,-1.2734,0.5889,0.9810,-0.1938,0.0000,0.1938,0.9810,0.0000,0.0000,0.0000,1.0000,0.2836,0.2073,0.2889
437,4,23.6437,-1.3419,0.5062,0.9810,-0.1938,0.0000,0.1938,0.9810,0.0000,0.0000,0.0000,1.0000,0.2820,0.2947,0.2062
437,5,23.8346,-1.2402,0.6614,0.9810,-0.1938,0.0000,0.1938,0.9810,0.0000,0.0000,0.0000,1.0000,0.1112,0.2100,0.3614
437,6,23.9297,-1.2391,0.4265,0.9810,-0.1938,0.0000,0.1938,0.9810,0.0000,0.0000,0.0000,1.0000,0.1972,0.1336,0.1265
437,7,24.0381,-1.2519,0.4491,0.9810,-0.1938,0.0000,0.1938,0.9810,0.0000,0.0000,0.0000,1.0000,0.1624,0.1625,0.0548
437,8,24.0734,-1.2148,0.4472,0.9810,-0.1938,0.0000,0.1938,0.9810,0.0000,0.0000,0.0000,1.0000,0.0831,0.2046,0.1050
437,9,24.1159,-1.1557,0.4544,0.9810,-0.1938,0.0000,0.1938,0.9810,0.0000,0.0000,0.0000,1.0000,0.0210,0.0279,0.0569
437,10,24.1474,-1.2230,0.4546,0.9810,-0.1938,0.0000,0.1938,0.9810,0.0000,0.0000,0.0000,1.0000,0.0210,0.0279,0.0569
438,0,24.2537,-1.1833,0.4400,0.9772,-0.2125,0.0000,0.2125,0.9772,0.0000,0.0000,0.0000,1.0000,0.2577,0.2263,0.1400
438,1,24.2623,-1.1822,0.6052,0.9772,-0.2125,0.0000,0.2125,0.9772,0.0000,0.0000,0.0000,1.0000,0.1100,0.2168,0.3052
438,2,24.3236,-1.2573,0.5173,0.9772,-0.2125,0.0000,0.2125,0.9772,0.0000,0.0000,0.0000,1.0000,0.1101,0.3070,0.2173
438,3,24.3080,-1.4347,0.5889,0.9772,-0.2125,0.0000,0.2125,0.9772,0.0000,0.0000,0.0000,1.0000,0.2836,0.2073,0.2889
438,4,24.4135,-1.5052,0.5062,0.9772,-0.2125,0.0000,0.2125,0.9772,0.0000,0.0000,0.0000,1.0000,0.2820,0.2947,0.2062
438,5,24.6063,-1.4072,0.6614,0.9772,-0.2125,0.0000,0.2125,0.9772,0.0000,0.0000,0.0000,1.0000,0.1112,0.2100,0.3614
438,6,24.7013,-1.4079,0.4265,0.9772,-0.2125,0.0000,0.2125,0.9772,0.0000,0.0000,0.0000,1.0000,0.1972,0.1336,0.1265
438,7,24.8095,-1.4228,0.4491,0.9772,-0.2125,0.0000,0.2125,0.9772,0.0000,0.0000,0.0000,1.0000,0.1624,0.1625,0.0548
438,8,24.8455,-1.3864,0.4472,0.9772,-0.2125,0.0000,0.2125,0.9772,0.0000,0.0000,0.0000,1.0000,0.0831,0.2046,0.1050
438,9,24.8892,-1.3281,0.4544,0.9772,-0.2125,0.0000,0.2125,0.9772,0.0000,0.0000,0.0000,1.0000,0.0210,0.0279,0.0569
438,10,24.9194,-1.3959,0.4546,0.9772,-0.2125,0.0000,0.2125,0.9772,0.0000,0.0000,0.0000,1.0000,0.0210,0.0279,0.0569
439,0,25.0332,-1.3600,0.4400,0.9729,-0.2313,0.0000,0.2313,0.9729,0.0000,0.0000,0.0000,1.0000,0.2577,0.2263,0.1400
439,1,25.0418,-1.3590,0.6052,0.9729,-0.2313,0.0000,0.2313,0.9729,0.0000,0.0000,0.0000,1.0000,0.1100,0.2168,0.3052
439,2,25.1017,-1.4352,0.5173,0.9729,-0.2313,0.0000,0.2313,0.9729,0.0000,0.0000,0.0000,1.0000,0.1101,0.3070,0.2173
439,3,25.0826,-1.6123,0.5889,0.9729,-0.2313,0.0000,0.2313,0.9729,0.0000,0.0000,0.0000,1.0000,0.2836,0.2073,0.2889
439,4,25.1867,-1.6849,0.5062,0.9729,-0.2313,0.0000,0.2313,0.9729,0.0000,0.0000,0.0000,1.0000,0.2820,0.2947,0.2062
439,5,25.3814,-1.5905,0.6614,0.9729,-0.2313,0.0000,0.2313,0.9729,0.0000,0.0000,0.0000,1.0000,0.1112,0.2100,0.3614
439,6,25.4764,-1.5931,0.4265,0.9729,-0.2313,0.0000,0.2313,0.9729,0.0000,0.0000,0.0000,1.0000,0.1972,0.1336,0.1265
439,7,25.5843,-1.6101,0.4491,0.9729,-0.2313,0.0000,0.2313,0.9729,0.0000,0.0000,0.0000,1.0000,0.1624,0.1625,0.0548
439,8,25.6209,-1.5744,0.4472,0.9729,-0.2313,0.0000,0.2313,0.9729,0.0000,0.0000,0.0000,1.0000,0.0831,0.2046,0.1050
439,9,25.6658,-1.5169,0.4544,0.9729,-0.2313,0.0000,0.2313,0.9729,0.0000,0.0000,0.0000,1.0000,0.0210,0.0279,0.0569
439,10,25.6946,-1.5853,0.4546,0.9729,-0.2313,0.0000,0.2313,0.9729,0.0000,0.0000,0.0000,1.0000,0.0210,0.0279,0.0569
440,0,25.8159,-1.5533,0.4400,0.9682,-0.2502,0.0000,0.2502,0.9682,0.0000,0.0000,0.0000,1.0000,0.2577,0.2263,0.1400
440,1,25.8245,-1.5526,0.6052,0.9682,-0.2502,0.0000,0.2502,0.9682,0.0000,0.0000,0.0000,1.0000,0.1100,0.2168,0.3052
440,2,25.8829,-1.6299,0.5173,0.9682,-0.2502,0.0000,0.2502,0.9682,0.0000,0.0000,0.0000,1.0000,0.1101,0.3070,0.2173
440,3,25.8604,-1.8066,0.5889,0.9682,-0.2502,0.0000,0.2502,0.9682,0.0000,0.0000,0.0000,1.0000,0.2836,0.2073,0.2889
440,4,25.9631,-1.8812,0.5062,0.9682,-0.2502,0.0000,0.2502,0.9682,0.0000,0.0000,0.0000,1.0000,0.2820,0.2947,0.2062
440,5,26.1596,-1.7907,0.6614,0.9682,-0.2502,0.0000,0.2502,0.9682,0.0000,0.0000,0.0000,1.0000,0.1112,0.2100,0.3614
440,6,26.2545,-1.7951,0.4265,0.9682,-0.2502,0.0000,0.2502,0.9682,0.0000,0.0000,0.0000,1.0000,0.1972,0.1336,0.1265
440,7,26.3620,-1.8142,0.4491,0.9682,-0.2502,0.0000,0.2502,0.9682,0.0000,0.0000,0.0000,1.0000,0.1624,0.1625,0.0548
440,8,26.3994,-1.7792,0.4472,0.9682,-0.2502,0.0000,0.2502,0.9682,0.0000,0.0000,0.0000,1.0000,0.0831,0.2046,0.1050
440,9,26.4453,-1.7226,0.4544,0.9682,-0.2502,0.0000,0.2502,0.9682,0.0000,0.0000,0.0000,1.0000,0.0210,0.0279,0.0569
440,10,26.4728,-1.7916,0.4546,0.9682,-0.2502,0.0000,0.2502,0.9682,0.0000,0.0000,0.0000,1.0000,0.0210,0.0279,0.0569
441,0,26.6013,-1.7637,0.4400,0.9631,-0.2691,0.0000,0.2691,0.9631,0.0000,0.0000,0.0000,1.0000,0.2577,0.2263,0.1400
441,1,26.6099,-1.7631,0.6052,0.9631,-0.2691,0.0000,0.2691,0.9631,0.0000,0.0000,0.0000,1.0000,0.1100,0.2168,0.3052
441,2,26.6668,-1.8416,0.5173,0.9631,-0.2691,0.0000,0.2691,0.9631,0.0000,0.0000,0.0000,1.0000,0.1101,0.3070,0.2173
441,3,26.6408,-2.0178,0.5889,0.9631,-0.2691,0.0000,0.2691,0.9631,0.0000,0.0000,0.0000,1.0000,0.2836,0.2073,0.2889
441,4,26.7420,-2.0944,0.5062,0.9631,-0.2691,0.0000,0.2691,0.9631,0.0000,0.0000,0.0000,1.0000,0.2820,0.2947,0.2062
441,5,26.9403,-2.0078,0.6614,0.9631,-0.2691,0.0000,0.2691,0.9631,0.0000,0.0000,0.0000,1.0000,0.1112,0.2100,0.3614
441,6,27.0351,-2.0140,0.4265,0.9631,-0.2691,0.0000,0.2691,0.9631,0.0000,0.0000,0.0000,1.0000,0.1972,0.1336,0.1265
441,7,27.1422,-2.0352,0.4491,0.9631,-0.2691,0.0000,0.2691,0.9631,0.0000,0.0000,0.0000,1.0000,0.1624,0.1625,0.0548
441,8,27.1802,-2.0010,0.4472,0.9631,-0.2691,0.0000,0.2691,0.9631,0.0000,0.0000,0.0000,1.0000,0.0831,0.2046,0.1050
441,9,27.2273,-1.9453,0.4544,0.9631,-0.2691,0.0000,0.2691,0.9631,0.0000,0.0000,0.0000,1.0000,0.0210,0.0279,0.0569
441,10,27.2534,-2.0148,0.4546,0.9631,-0.2691,0.0000,0.2691,0.9631,0.0000,0.0000,0.0000,1.0000,0.0210,0.0279,0.0569
442,0,27.3890,-1.9913,0.4400,0.9578,-0.2876,0.0000,0.2876,0.9578,0.0000,0.0000,0.0000,1.0000,0.2577,0.2263,0.1400
442,1,27.3976,-1.9908,0.6052,0.9578,-0.2876,0.0000,0.2876,0.9578,0.0000,0.0000,0.0000,1.0000,0.1100,0.2168,0.3052
442,2,27.4530,-2.0704,0.5173,0.9578,-0.2876,0.0000,0.2876,0.9578,0.0000,0.0000,0.0000,1.0000,0.1101,0.3070,0.2173
442,3,27.4236,-2.2461,0.5889,0.9578,-0.2876,0.0000,0.2876,0.9578,0.0000,0.0000,0.0000,1.0000,0.2836,0.2073,0.2889
442,4,27.5234,-2.3246,0.5062,0.9578,-0.2876,0.0000,0.2876,0.9578,0.0000,0.0000,0.0000,1.0000,0.2820,0.2947,0.2062
442,5,27.7232,-2.2418,0.6614,0.9578,-0.2876,0.0000,0.2876,0.9578,0.0000,0.0000,0.0000,1.0000,0.1112,0.2100,0.3614
442,6,27.8179,-2.2498,0.4265,0.9578,-0.2876,0.0000,0.2876,0.9578,0.0000,0.0000,0.0000,1.0000,0.1972,0.1336,0.1265
442,7,27.9246,-2.2731,0.4491,0.9578,-0.2876,0.0000,0.2876,0.9578,0.0000,0.0000,0.0000,1.0000,0.1624,0.1625,0.0548
442,8,27.9633,-2.2396,0.4472,0.9578,-0.2876,0.0000,0.2876,0.9578,0.0000,0.0000,0.0000,1.0000,0.0831,0.2046,0.1050
442,9,28.0114,-2.1848,0.4544,0.9578,-0.2876,0.0000,0.2876,0.9578,0.0000,0.0000,0.0000,1.0000,0.0210,0.0279,0.0569
442,10,28.0362,-2.2548,0.4546,0.9578,-0.2876,0.0000,0.2876,0.9578,0.0000,0.0000,0.0000,1.0000,0.0210,0.0279,0.0569
443,0,28.1789,-2.2360,0.4400,0.9520,-0.3061,0.0000,0.3061,0.9520,0.0000,0.0000,0.0000,1.0000,0.2577,0.2263,0.1400
443,1,28.1875,-2.2357,0.6052,0.9520,-0.3061,0.0000,0.3061,0.9520,0.0000,0.0000,0.0000,1.0000,0.1100,0.2168,0.3052
443,2,28.2413,-2.3164,0.5173,0.9520,-0.3061,0.0000,0.3061,0.9520,0.0000,0.0000,0.0000,1.0000,0.1101,0.3070,0.2173
443,3,28.2085,-2.4915,0.5889,0.9520,-0.3061,0.0000,0.3061,0.9520,0.0000,0.0000,0.0000,1.0000,0.2836,0.2073,0.2889
443,4,28.3067,-2.5719,0.5062,0.9520,-0.3061,0.0000,0.3061,0.9520,0.0000,0.0000,0.0000,1.0000,0.2820,0.2947,0.2062
443,5,28.5081,-2.4929,0.6614,0.9520,-0.3061,0.0000,0.3061,0.9520,0.0000,0.0000,0.0000,1.0000,0.1112,0.2100,0.3614
443,6,28.6026,-2.5029,0.4265,0.9520,-0.3061,0.0000,0.3061,0.9520,0.0000,0.0000,0.0000,1.0000,0.1972,0.1336,0.1265
443,7,28.7089,-2.5282,0.4491,0.9520,-0.3061,0.0000,0.3061,0.9520,0.0000,0.0000,0.0000,1.0000,0.1624,0.1625,0.0548
443,8,28.7482,-2.4955,0.4472,0.9520,-0.3061,0.0000,0.3061,0.9520,0.0000,0.0000,0.0000,1.0000,0.0831,0.2046,0.1050
443,9,28.7973,-2.4416,0.4544,0.9520,-0.3061,0.0000,0.3061,0.9520,0.0000,0.0000,0.0000,1.0000,0.0210,0.0279,0.0569
443,10,28.8208,-2.5121,0.4546,0.9520,-0.3061,0.0000,0.3061,0.9520,0.0000,0.0000,0.0000,1.0000,0.0210,0.0279,0.0569
444,0,28.9709,-2.4983,0.4400,0.9459,-0.3243,0.0000,0.3243,0.9459,0.0000,0.0000,0.0000,1.0000,0.2577,0.2263,0.1400
444,1,28.9795,-2.4982,0.6052,0.9459,-0.3243,0.0000,0.3243,0.9459,0.0000,0.0000,0.0000,1.0000,0.1100,0.2168,0.3052
444,2,29.0317,-2.5799,0.5173,0.9459,-0.3243,0.0000,0.3243,0.9459,0.0000,0.0000,0.0000,1.0000,0.1101,0.3070,0.2173
444,3,28.9956,-2.7543,0.5889,0.9459,-0.3243,0.0000,0.3243,0.9459,0.0000,0.0000,0.0000,1.0000,0.2836,0.2073,0.2889
444,4,29.0923,-2.8366,0.5062,0.9459,-0.3243,0.0000,0.3243,0.9459,0.0000,0.0000,0.0000,1.0000,0.2820,0.2947,0.2062
444,5,29.2952,-2.7615,0.6614,0.9459,-0.3243,0.0000,0.3243,0.9459,0.0000,0.0000,0.0000,1.0000,0.1112,0.2100,0.3614
444,6,29.3895,-2.7733,0.4265,0.9459,-0.3243,0.0000,0.3243,0.9459,0.0000,0.0000,0.0000,1.0000,0.1972,0.1336,0.1265
444,7,29.4952,-2.8006,0.4491,0.9459,-0.3243,0.0000,0.3243,0.9459,0.0000,0.0000,0.0000,1.0000,0.1624,0.1625,0.0548
444,8,29.5351,-2.7687,0.4472,0.9459,-0.3243,0.0000,0.3243,0.9459,0.0000,0.0000,0.0000,1.0000,0.0831,0.2046,0.1050
444,9,29.5853,-2.7158,0.4544,0.9459,-0.3243,0.0000,0.3243,0.9459,0.0000,0.0000,0.0000,1.0000,0.0210,0.0279,0.0569
444,10,29.6074,-2.7867,0.4546,0.9459,-0.3243,0.0000,0.3243,0.9459,0.0000,0.0000,0.0000,1.0000,0.0210,0.0279,0.0569
445,0,29.7651,-2.7784,0.4400,0.9396,-0.3424,0.0000,0.3424,0.9396,0.0000,0.0000,0.0000,1.0000,0.2577,0.2263,0.1400
445,1,29.7737,-2.7784,0.6052,0.9396,-0.3424,0.0000,0.3424,0.9396,0.0000,0.0000,0.0000,1.0000,0.1100,0.2168,0.3052
445,2,29.8244,-2.8611,0.5173,0.9396,-0.3424,0.0000,0.3424,0.9396,0.0000,0.0000,0.0000,1.0000,0.1101,0.3070,0.2173
445,3,29.7849,-3.0348,0.5889,0.9396,-0.3424,0.0000,0.3424,0.9396,0.0000,0.0000,0.0000,1.0000,0.2836,0.2073,0.2889
445,4,29.8799,-3.1189,0.5062,0.9396,-0.3424,0.0000,0.3424,0.9396,0.0000,0.0000,0.0000,1.0000,0.2820,0.2947,0.2062
445,5,30.0842,-3.0477,0.6614,0.9396,-0.3424,0.0000,0.3424,0.9396,0.0000,0.0000,0.0000,1.0000,0.1112,0.2100,0.3614
445,6,30.1783,-3.0613,0.4265,0.9396,-0.3424,0.0000,0.3424,0.9396,0.0000,0.0000,0.0000,1.0000,0.1972,0.1336,0.1265
445,7,30.2835,-3.0907,0.4491,0.9396,-0.3424,0.0000,0.3424,0.9396,0.0000,0.0000,0.0000,1.0000,0.1624,0.1625,0.0548
445,8,30.3240,-3.0595,0.4472,0.9396,-0.3424,0.0000,0.3424,0.9396,0.0000,0.0000,0.0000,1.0000,0.0831,0.2046,0.1050
445,9,30.3752,-3.0075,0.4544,0.9396,-0.3424,0.0000,0.3424,0.9396,0.0000,0.0000,0.0000,1.0000,0.0210,0.0279,0.0569
445,10,30.3959,-3.0789,0.4546,0.9396,-0.3424,0.0000,0.3424,0.9396,0.0000,0.0000,0.0000,1.0000,0.0210,0.0279,0.0569
446,0,30.5613,-3.0766,0.4400,0.9327,-0.3608,0.0000,0.3608,0.9327,0.0000,0.0000,0.0000,1.0000,0.2577,0.2263,0.1400
446,1,30.5699,-3.0768,0.6052,0.9327,-0.3608,0.0000,0.3608,0.9327,0.0000,0.0000,0.0000,1.0000,0.1100,0.2168,0.3052
446,2,30.6189,-3.1604,0.5173,0.9327,-0.3608,0.0000,0.3608,0.9327,0.0000,0.0000,0.0000,1.0000,0.1101,0.3070,0.2173
446,3,30.5760,-3.3333,0.5889,0.9327,-0.3608,0.0000,0.3608,0.9327,0.0000,0.0000,0.0000,1.0000,0.2836,0.2073,0.2889
446,4,30.6694,-3.4193,0.5062,0.9327,-0.3608,0.0000,0.3608,0.9327,0.0000,0.0000,0.0000,1.0000,0.2820,0.2947,0.2062
446,5,30.8751,-3.3522,0.6614,0.9327,-0.3608,0.0000,0.3608,0.9327,0.0000,0.0000,0.0000,1.0000,0.1112,0.2100,0.3614
446,6,30.9688,-3.3675,0.4265,0.9327,-0.3608,0.0000,0.3608,0.9327,0.0000,0.0000,0.0000,1.0000,0.1972,0.1336,0.1265
446,7,31.0734,-3.3990,0.4491,0.9327,-0.3608,0.0000,0.3608,0.9327,0.0000,0.0000,0.0000,1.0000,0.1624,0.1625,0.0548
446,8,31.1146,-3.3686,0.4472,0.9327,-0.3608,0.0000,0.3608,0.9327,0.0000,0.0000,0.0000,1.0000,0.0831,0.2046,0.1050
446,9,31.1668,-3.3177,0.4544,0.9327,-0.3608,0.0000,0.3608,0.9327,0.0000,0.0000,0.0000,1.0000,0.0210,0.0279,0.0569
446,10,31.1861,-3.3894,0.4546,0.9327,-0.3608,0.0000,0.3608,0.9327,0.0000,0.0000,0.0000,1.0000,0.0210,0.0279,0.0569
447,0,31.3593,-3.3935,0.4400,0.9255,-0.3789,0.0000,0.3789,0.9255,0.0000,0.0000,0.0000,1.0000,0.2577,0.2263,0.1400
447,1,31.3679,-3.3939,0.6052,0.9255,-0.3789,0.0000,0.3789,0.9255,0.0000,0.0000,0.0000,1.0000,0.1100,0.2168,0.3052
447,2,31.4153,-3.4784,0.5173,0.9255,-0.3789,0.0000,0.3789,0.9255,0.0000,0.0000,0.0000,1.0000,0.1101,0.3070,0.2173
447,3,31.3691,-3.6504,0.5889,0.9255,-0.3789,0.0000,0.3789,0.9255,0.0000,0.0000,0.0000,1.0000,0.2836,0.2073,0.2889
447,4,31.4608,-3.7382,0.5062,0.9255,-0.3789,0.0000,0.3789,0.9255,0.0000,0.0000,0.0000,1.0000,0.2820,0.2947,0.2062
447,5,31.6677,-3.6751,0.6614,0.9255,-0.3789,0.0000,0.3789,0.9255,0.0000,0.0000,0.0000,1.0000,0.1112,0.2100,0.3614
447,6,31.7612,-3.6923,0.4265,0.9255,-0.3789,0.0000,0.3789,0.9255,0.0000,0.0000,0.0000,1.0000,0.1972,0.1336,0.1265
447,7,31.8651,-3.7258,0.4491,0.9255,-0.3789,0.0000,0.3789,0.9255,0.0000,0.0000,0.0000,1.0000,0.1624,0.1625,0.0548
447,8,31.9068,-3.6962,0.4472,0.9255,-0.3789,0.0000,0.3789,0.9255,0.0000,0.0000,0.0000,1.0000,0.0831,0.2046,0.1050
447,9,31.9600,-3.6463,0.4544,0.9255,-0.3789,0.0000,0.3789,0.9255,0.0000,0.0000,0.0000,1.0000,0.0210,0.0279,0.0569
447,10,31.9779,-3.7184,0.4546,0.9255,-0.3789,0.0000,0.3789,0.9255,0.0000,0.0000,0.0000,1.0000,0.0210,0.0279,0.0569
448,0,-0.0448,-0.0079,0.4400,1.0000,-0.0000,0.0000,0.0000,1.0000,0.0000,0.0000,0.0000,1.0000,0.2577,0.2263,0.1400
448,1,-0.0367,-0.0050,0.6052,1.0000,-0.0000,0.0000,0.0000,1.0000,0.0000,0.0000,0.0000,1.0000,0.1100,0.2168,0.3052
448,2,0.0392,-0.0653,0.5173,1.0000,-0.0000,0.0000,0.0000,1.0000,0.0000,0.0000,0.0000,1.0000,0.1101,0.3070,0.2173
448,3,0.0616,-0.2420,0.5889,1.0000,-0.0000,0.0000,0.0000,1.0000,0.0000,0.0000,0.0000,1.0000,0.2836,0.2073,0.2889
448,4,0.1797,-0.2885,0.5062,1.0000,-0.0000,0.0000,0.0000,1.0000,0.0000,0.0000,0.0000,1.0000,0.2820,0.2947,0.2062
448,5,0.3473,-0.1517,0.6614,1.0000,-0.0000,0.0000,0.0000,1.0000,0.0000,0.0000,0.0000,1.0000,0.1112,0.2100,0.3614
448,6,0.4403,-0.1322,0.4265,1.0000,-0.0000,0.0000,0.0000,1.0000,0.0000,0.0000,0.0000,1.0000,0.1972,0.1336,0.1265
448,7,0.5492,-0.1238,0.4491,1.0000,-0.0000,0.0000,0.0000,1.0000,0.0000,0.0000,0.0000,1.0000,0.1624,0.1625,0.0548
448,8,0.5766,-0.0806,0.4472,1.0000,-0.0000,0.0000,0.0000,1.0000,0.0000,0.0000,0.0000,1.0000,0.0831,0.2046,0.1050
448,9,0.6069,-0.0143,0.4544,1.0000,-0.0000,0.0000,0.0000,1.0000,0.0000,0.0000,0.0000,1.0000,0.0210,0.0279,0.0569
448,10,0.6508,-0.0742,0.4546,1.0000,-0.0000,0.0000,0.0000,1.0000,0.0000,0.0000,0.0000,1.0000,0.0210,0.0279,0.0569
449,0,-0.0447,-0.0079,0.4400,1.0000,-0.0000,0.0000,0.0000,1.0000,0.0000,0.0000,0.0000,1.0000,0.2577,0.2263,0.1400
449,1,-0.0366,-0.0050,0.6052,1.0000,-0.0000,0.0000,0.0000,1.0000,0.0000,0.0000,0.0000,1.0000,0.1100,0.2168,0.3052
449,2,0.0393,-0.0653,0.5173,1.0000,-0.0000,0.0000,0.0000,1.0000,0.0000,0.0000,0.0000,1.0000,0.1101,0.3070,0.2173
449,3,0.0617,-0.2420,0.5889,1.0000,-0.0000,0.0000,0.0000,1.0000,0.0000,0.0000,0.0000,1.0000,0.2836,0.2073,0.2889
449,4,0.1798,-0.2885,0.5062,1.0000,-0.0000,0.0000,0.0000,1.0000,0.0000,0.0000,0.0000,1.0000,0.2820,0.2947,0.2062
449,5,0.3474,-0.1517,0.6614,1.0000,-0.0000,0.0000,0.0000,1.0000,0.0000,0.0000,0.0000,1.0000,0.1112,0.2100,0.3614
449,6,0.4404,-0.1322,0.4265,1.0000,-0.0000,0.0000,0.0000,1.0000,0.0000,0.0000,0.0000,1.0000,0.1972,0.1336,0.1265
449,7,0.5493,-0.1238,0.4491,1.0000,-0.0000,0.0000,0.0000,1.0000,0.0000,0.0000,0.0000,1.0000,0.1624,0.1625,0.0548
449,8,0.5767,-0.0806,0.4472,1.0000,-0.0000,0.0000,0.0000,1.0000,0.0000,0.0000,0.0000,1.0000,0.0831,0.2046,0.1050
449,9,0.6070,-0.0143,0.4544,1.0000,-0.0000,0.0000,0.0000,1.0000,0.0000,0.0000,0.0000,1.0000,0.0210,0.0279,0.0569
449,10,0.6509,-0.0742,0.4546,1.0000,-0.0000,0.0000,0.0000,1.0000,0.0000,0.0000,0.0000,1.0000,0.0210,0.0279,0.0569
450,0,-0.0419,-0.0079,0.4400,1.0000,-0.0000,0.0000,0.0000,1.0000,0.0000,0.0000,0.0000,1.0000,0.2577,0.2263,0.1400
450,1,-0.0338,-0.0050,0.6052,1.0000,-0.0000,0.0000,0.0000,1.0000,0.0000,0.0000,0.0000,1.0000,0.1100,0.2168,0.3052
450,2,0.0421,-0.0653,0.5173,1.0000,-0.0000,0.0000,0.0000,1.0000,0.0000,0.0000,0.0000,1.0000,0.1101,0.3070,0.2173
450,3,0.0645,-0.2420,0.5889,1.0000,-0.0000,0.0000,0.0000,1.0000,0.0000,0.0000,0.0000,1.0000,0.2836,0.2073,0.2889
450,4,0.1826,-0.2885,0.5062,1.0000,-0.0000,0.0000,0.0000,1.0000,0.0000,0.0000,0.0000,1.0000,0.2820,0.2947,0.2062
450,5,0.3502,-0.1517,0.6614,1.0000,-0.0000,0.0000,0.0000,1.0000,0.0000,0.0000,0.0000,1.0000,0.1112,0.2100,0.3614
450,6,0.4432,-0.1322,0.4265,1.0000,-0.0000,0.0000,0.0000,1.0000,0.0000,0.0000,0.0000,1.0000,0.1972,0.1336,0.1265
450,7,0.5521,-0.1238,0.4491,1.0000,-0.0000,0.0000,0.0000,1.0000,0.0000,0.0000,0.0000,1.0000,0.1624,0.1625,0.0548
450,8,0.5795,-0.0806,0.4472,1.0000,-0.0000,0.0000,0.0000,1.0000,0.0000,0.0000,0.0000,1.0000,0.0831,0.2046,0.1050
450,9,0.6098,-0.0143,0.4544,1.0000,-0.0000,0.0000,0.0000,1.0000,0.0000,0.0000,0.0000,1.0000,0.0210,0.0279,0.0569
450,10,0.6537,-0.0742,0.4546,1.0000,-0.0000,0.0000,0.0000,1.0000,0.0000,0.0000,0.0000,1.0000,0.0210,0.0279,0.0569
451,0,-0.0368,-0.0079,0.4400,1.0000,0.0000,0.0000,-0.0000,1.0000,0.0000,0.0000,0.0000,1.0000,0.2577,0.2263,0.1400
451,1,-0.0287,-0.0050,0.6052,1.0000,0.0000,0.0000,-0.0000,1.0000,0.0000,0.0000,0.0000,1.0000,0.1100,0.2168,0.3052
451,2,0.0472,-0.0653,0.5173,1.0000,0.0000,0.0000,-0.0000,1.0000,0.0000,0.0000,0.0000,1.0000,0.1101,0.3070,0.2173
451,3,0.0696,-0.2420,0.5889,1.0000,0.0000,0.0000,-0.0000,1.0000,0.0000,0.0000,0.0000,1.0000,0.2836,0.2073,0.2889
451,4,0.1877,-0.2885,0.5062,1.0000,0.0000,0.0000,-0.0000,1.0000,0.0000,0.0000,0.0000,1.0000,0.2820,0.2947,0.2062
451,5,0.3553,-0.1517,0.6614,1.0000,0.0000,0.0000,-0.0000,1.0000,0.0000,0.0000,0.0000,1.0000,0.1112,0.2100,0.3614
451,6,0.4483,-0.1322,0.4265,1.0000,0.0000,0.0000,-0.0000,1.0000,0.0000,0.0000,0.0000,1.0000,0.1972,0.1336,0.1265
451,7,0.5572,-0.1238,0.4491,1.0000,0.0000,0.0000,-0.0000,1.0000,0.0000,0.0000,0.0000,1.0000,0.1624,0.1625,0.0548
451,8,0.5846,-0.0806,0.4472,1.0000,0.0000,0.0000,-0.0000,1.0000,0.0000,0.0000,0.0000,1.0000,0.0831,0.2046,0.1050
451,9,0.6149,-0.0143,0.4544,1.0000,0.0000,0.0000,-0.0000,1.0000,0.0000,0.0000,0.0000,1.0000,0.0210,0.0279,0.0569
451,10,0.6588,-0.0742,0.4546,1.0000,0.0000,0.0000,-0.0000,1.0000,0.0000,0.0000,0.0000,1.0000,0.0210,0.0279,0.0569
452,0,-0.0293,-0.0079,0.4400,1.0000,0.0000,0.0000,-0.0000,1.0000,0.0000,0.0000,0.0000,1.0000,0.2577,0.2263,0.1400
452,1,-0.0212,-0.0050,0.6052,1.0000,0.0000,0.0000,-0.0000,1.0000,0.0000,0.0000,0.0000,1.0000,0.1100,0.2168,0.3052
452,2,0.0547,-0.0653,0.5173,1.0000,0.0000,0.0000,-0.0000,1.0000,0.0000,0.0000,0.0000,1.0000,0.1101,0.3070,0.2173
452,3,0.0771,-0.2420,0.5889,1.0000,0.0000,0.0000,-0.0000,1.0000,0.0000,0.0000,0.0000,1.0000,0.2836,0.2073,0.2889
452,4,0.1952,-0.2885,0.5062,1.0000,0.0000,0.0000,-0.0000,1.0000,0.0000,0.0000,0.0000,1.0000,0.2820,0.2947,0.2062
452,5,0.3628,-0.1517,0.6614,1.0000,0.0000,0.0000,-0.0000,1.0000,0.0000,0.0000,0.0000,1.0000,0.1112,0.2100,0.3614
452,6,0.4558,-0.1322,0.4265,1.0000,0.0000,0.0000,-0.0000,1.0000,0.0000,0.0000,0.0000,1.0000,0.1972,0.1336,0.1265
452,7,0.5647,-0.1238,0.4491,1.0000,0.0000,0.0000,-0.0000,1.0000,0.0000,0.0000,0.0000,1.0000,0.1624,0.1625,0.0548
452,8,0.5921,-0.0806,0.4472,1.0000,0.0000,0.0000,-0.0000,1.0000,0.0000,0.0000,0.0000,1.0000,0.0831,0.2046,0.1050
452,9,0.6224,-0.0143,0.4544,1.0000,0.0000,0.0000,-0.0000,1.0000,0.0000,0.0000,0.0000,1.0000,0.0210,0.0279,0.0569
452,10,0.6663,-0.0742,0.4546,1.0000,0.0000,0.0000,-0.0000,1.0000,0.0000,0.0000,0.0000,1.0000,0.0210,0.0279,0.0569
453,0,-0.0184,-0.0079,0.4400,1.0000,0.0000,0.0000,-0.0000,1.0000,0.0000,0.0000,0.0000,1.0000,0.2577,0.2263,0.1400
453,1,-0.0103,-0.0050,0.6052,1.0000,0.0000,0.0000,-0.0000,1.0000,0.0000,0.0000,0.0000,1.0000,0.1100,0.2168,0.3052
453,2,0.0656,-0.0653,0.5173,1.0000,0.0000,0.0000,-0.0000,1.0000,0.0000,0.0000,0.0000,1.0000,0.1101,0.3070,0.2173
453,3,0.0880,-0.2420,0.5889,1.0000,0.0000,0.0000,-0.0000,1.0000,0.0000,0.0000,0.0000,1.0000,0.2836,0.2073,0.2889
453,4,0.2061,-0.2885,0.5062,1.0000,0.0000,0.0000,-0.0000,1.0000,0.0000,0.0000,0.0000,1.0000,0.2820,0.2947,0.2062
453,5,0.3737,-0.1517,0.6614,1.0000,0.0000,0.0000,-0.0000,1.0000,0.0000,0.0000,0.0000,1.0000,0.1112,0.2100,0.3614
453,6,0.4667,-0.1322,0.4265,1.0000,0.0000,0.0000,-0.0000,1.0000,0.0000,0.0000,0.0000,1.0000,0.1972,0.1336,0.1265
453,7,0.5756,-0.1238,0.4491,1.0000,0.0000,0.0000,-0.0000,1.0000,0.0000,0.0000,0.0000,1.0000,0.1624,0.1625,0.0548
453,8,0.6030,-0.0806,0.4472,1.0000,0.0000,0.0000,-0.0000,1.0000,0.0000,0.0000,0.0000,1.0000,0.0831,0.2046,0.1050
453,9,0.6333,-0.0143,0.4544,1.0000,0.0000,0.0000,-0.0000,1.0000,0.0000,0.0000,0.0000,1.0000,0.0210,0.0279,0.0569
453,10,0.6772,-0.0742,0.4546,1.0000,0.0000,0.0000,-0.0000,1.0000,0.0000,0.0000,0.0000,1.0000,0.0210,0.0279,0.0569
454,0,-0.0027,-0.0079,0.4400,1.0000,0.0001,0.0000,-0.0001,1.0000,0.0000,0.0000,0.0000,1.0000,0.2577,0.2263,0.1400
454,1,0.0054,-0.0050,0.6052,1.0000,0.0001,0.0000,-0.0001,1.0000,0.0000,0.0000,0.0000,1.0000,0.1100,0.2168,0.3052
454,2,0.0813,-0.0653,0.5173,1.0000,0.0001,0.0000,-0.0001,1.0000,0.0000,0.0000,0.0000,1.0000,0.1101,0.3070,0.2173
454,3,0.1037,-0.2420,0.5889,1.0000,0.0001,0.0000,-0.0001,1.0000,0.0000,0.0000,0.0000,1.0000,0.2836,0.2073,0.2889
454,4,0.2218,-0.2885,0.5062,1.0000,0.0001,0.0000,-0.0001,1.0000,0.0000,0.0000,0.0000,1.0000,0.2820,0.2947,0.2062
454,5,0.3894,-0.1517,0.6614,1.0000,0.0001,0.0000,-0.0001,1.0000,0.0000,0.0000,0.0000,1.0000,0.1112,0.2100,0.3614
454,6,0.4824,-0.1322,0.4265,1.0000,0.0001,0.0000,-0.0001,1.0000,0.0000,0.0000,0.0000,1.0000,0.1972,0.1336,0.1265
454,7,0.5913,-0.1238,0.4491,1.0000,0.0001,0.0000,-0.0001,1.0000,0.0000,0.0000,0.0000,1.0000,0.1624,0.1625,0.0548
454,8,0.6187,-0.0806,0.4472,1.0000,0.0001,0.0000,-0.0001,1.0000,0.0000,0.0000,0.0000,1.0000,0.0831,0.2046,0.1050
454,9,0.6490,-0.0143,0.4544,1.0000,0.0001,0.0000,-0.0001,1.0000,0.0000,0.0000,0.0000,1.0000,0.0210,0.0279,0.0569
454,10,0.6929,-0.0742,0.4546,1.0000,0.0001,0.0000,-0.0001,1.0000,0.0000,0.0000,0.0000,1.0000,0.0210,0.0279,0.0569
455,0,0.0190,-0.0079,0.4400,1.0000,0.0001,0.0000,-0.0001,1.0000,0.0000,0.0000,0.0000,1.0000,0.2577,0.2263,0.1400
455,1,0.0271,-0.0050,0.6052,1.0000,0.0001,0.0000,-0.0001,1.0000,0.0000,0.0000,0.0000,1.0000,0.1100,0.2168,0.3052
455,2,0.1030,-0.0653,0.5173,1.0000,0.0001,0.0000,-0.0001,1.0000,0.0000,0.0000,0.0000,1.0000,0.1101,0.3070,0.2173
455,3,0.1254,-0.2420,0.5889,1.0000,0.0001,0.0000,-0.0001,1.0000,0.0000,0.0000,0.0000,1.0000,0.2836,0.2073,0.2889
455,4,0.2436,-0.2885,0.5062,1.0000,0.0001,0.0000,-0.0001,1.0000,0.0000,0.0000,0.0000,1.0000,0.2820,0.2947,0.2062
455,5,0.4111,-0.1517,0.6614,1.0000,0.0001,0.0000,-0.0001,1.0000,0.0000,0.0000,0.0000,1.0000,0.1112,0.2100,0.3614
455,6,0.5041,-0.1322,0.4265,1.0000,0.0001,0.0000,-0.0001,1.0000,0.0000,0.0000,0.0000,1.0000,0.1972,0.1336,0.1265
455,7,0.6130,-0.1238,0.4491,1.0000,0.0001,0.0000,-0.0001,1.0000,0.0000,0.0000,0.0000,1.0000,0.1624,0.1625,0.0548
455,8,0.6404,-0.0806,0.4472,1.0000,0.0001,0.0000,-0.0001,1.0000,0.0000,0.0000,0.0000,1.0000,0.0831,0.2046,0.1050
455,9,0.6707,-0.0143,0.4544,1.0000,0.0001,0.0000,-0.0001,1.0000,0.0000,0.0000,0.0000,1.0000,0.0210,0.0279,0.0569
455,10,0.7146,-0.0742,0.4546,1.0000,0.0001,0.0000,-0.0001,1.0000,0.0000,0.0000,0.0000,1.0000,0.0210,0.0279,0.0569
456,0,0.0478,-0.0079,0.4400,1.0000,0.0001,0.0000,-0.0001,1.0000,0.0000,0.0000,0.0000,1.0000,0.2577,0.2263,0.1400
456,1,0.0559,-0.0050,0.6052,1.0000,0.0001,0.0000,-0.0001,1.0000,0.0000,0.0000,0.0000,1.0000,0.1100,0.2168,0.3052
456,2,0.1318,-0.0653,0.5173,1.0000,0.0001,0.0000,-0.0001,1.0000,0.0000,0.0000,0.0000,1.0000,0.1101,0.3070,0.2173
456,3,0.1542,-0.2420,0.5889,1.0000,0.0001,0.0000,-0.0001,1.0000,0.0000,0.0000,0.0000,1.0000,0.2836,0.2073,0.2889
456,4,0.2723,-0.2885,0.5062,1.0000,0.0001,0.0000,-0.0001,1.0000,0.0000,0.0000,0.0000,1.0000,0.2820,0.2947,0.2062
456,5,0.4399,-0.1517,0.6614,1.0000,0.0001,0.0000,-0.0001,1.0000,0.0000,0.0000,0.0000,1.0000,0.1112,0.2100,0.3614
456,6,0.5329,-0.1322,0.4265,1.0000,0.0001,0.0000,-0.0001,1.0000,0.0000,0.0000,0.0000,1.0000,0.1972,0.1336,0.1265
456,7,0.6418,-0.1238,0.4491,1.0000,0.0001,0.0000,-0.0001,1.0000,0.0000,0.0000,0.0000,1.0000,0.1624,0.1625,0.0548
456,8,0.6692,-0.0806,0.4472,1.0000,0.0001,0.0000,-0.0001,1.0000,0.0000,0.0000,0.0000,1.0000,0.0831,0.2046,0.1050
456,9,0.6995,-0.0143,0.4544,1.0000,0.0001,0.0000,-0.0001,1.0000,0.0000,0.0000,0.0000,1.0000,0.0210,0.0279,0.0569
456,10,0.7434,-0.0742,0.4546,1.0000,0.0001,0.0000,-0.0001,1.0000,0.0000,0.0000,0.0000,1.0000,0.0210,0.0279,0.0569
457,0,0.0848,-0.0079,0.4400,1.0000,0.0001,0.0000,-0.0001,1.0000,0.0000,0.0000,0.0000,1.0000,0.2577,0.2263,0.1400
457,1,0.0929,-0.0050,0.6052,1.0000,0.0001,0.0000,-0.0001,1.0000,0.0000,0.0000,0.0000,1.0000,0.1100,0.2168,0.3052
457,2,0.1688,-0.0653,0.5173,1.0000,0.0001,0.0000,-0.0001,1.0000,0.0000,0.0000,0.0000,1.0000,0.1101,0.3070,0.2173
457,3,0.1912,-0.2420,0.5889,1.0000,0.0001,0.0000,-0.0001,1.0000,0.0000,0.0000,0.0000,1.0000,0.2836,0.2073,0.2889
457,4,0.3093,-0.2885,0.5062,1.0000,0.0001,0.0000,-0.0001,1.0000,0.0000,0.0000,0.0000,1.0000,0.2820,0.2947,0.2062
457,5,0.4769,-0.1517,0.6614,1.0000,0.0001,0.0000,-0.0001,1.0000,0.0000,0.0000,0.0000,1.0000,0.1112,0.2100,0.3614
457,6,0.5699,-0.1322,0.4265,1.0000,0.0001,0.0000,-0.0001,1.0000,0.0000,0.0000,0.0000,1.0000,0.1972,0.1336,0.1265
457,7,0.6788,-0.1238,0.4491,1.0000,0.0001,0.0000,-0.0001,1.0000,0.0000,0.0000,0.0000,1.0000,0.1624,0.1625,0.0548
457,8,0.7062,-0.0806,0.4472,1.0000,0.0001,0.0000,-0.0001,1.0000,0.0000,0.0000,0.0000,1.0000,0.0831,0.2046,0.1050
457,9,0.7365,-0.0142,0.4544,1.0000,0.0001,0.0000,-0.0001,1.0000,0.0000,0.0000,0.0000,1.0000,0.0210,0.0279,0.0569
457,10,0.7804,-0.0741,0.4546,1.0000,0.0001,0.0000,-0.0001,1.0000,0.0000,0.0000,0.0000,1.0000,0.0210,0.0279,0.0569
458,0,0.1313,-0.0079,0.4400,1.0000,0.0001,0.0000,-0.0001,1.0000,0.0000,0.0000,0.0000,1.0000,0.2577,0.2263,0.1400
458,1,0.1394,-0.0050,0.6052,1.0000,0.0001,0.0000,-0.0001,1.0000,0.0000,0.0000,0.0000,1.0000,0.1100,0.2168,0.3052
458,2,0.2153,-0.0653,0.5173,1.0000,0.0001,0.0000,-0.0001,1.0000,0.0000,0.0000,0.0000,1.0000,0.1101,0.3070,0.2173
458,3,0.2377,-0.2420,0.5889,1.0000,0.0001,0.0000,-0.0001,1.0000,0.0000,0.0000,0.0000,1.0000,0.2836,0.2073,0.2889
458,4,0.3558,-0.2885,0.5062,1.0000,0.0001,0.0000,-0.0001,1.0000,0.0000,0.0000,0.0000,1.0000,0.2820,0.2947,0.2062
458,5,0.5234,-0.1517,0.6614,1.0000,0.0001,0.0000,-0.0001,1.0000,0.0000,0.0000,0.0000,1.0000,0.1112,0.2100,0.3614
458,6,0.6164,-0.1322,0.4265,1.0000,0.0001,0.0000,-0.0001,1.0000,0.0000,0.0000,0.0000,1.0000,0.1972,0.1336,0.1265
458,7,0.7253,-0.1238,0.4491,1.0000,0.0001,0.0000,-0.0001,1.0000,0.0000,0.0000,0.0000,1.0000,0.1624,0.1625,0.0548
458,8,0.7527,-0.0805,0.4472,1.0000,0.0001,0.0000,-0.0001,1.0000,0.0000,0.0000,0.0000,1.0000,0.0831,0.2046,0.1050
458,9,0.7830,-0.0142,0.4544,1.0000,0.0001,0.0000,-0.0001,1.0000,0.0000,0.0000,0.0000,1.0000,0.0210,0.0279,0.0569
458,10,0.8269,-0.0741,0.4546,1.0000,0.0001,0.0000,-0.0001,1.0000,0.0000,0.0000,0.0000,1.0000,0.0210,0.0279,0.0569
459,0,0.1887,-0.0079,0.4400,1.0000,0.0001,0.0000,-0.0001,1.0000,0.0000,0.0000,0.0000,1.0000,0.2577,0.2263,0.1400
459,1,0.1968,-0.0050,0.6052,1.0000,0.0001,0.0000,-0.0001,1.0000,0.0000,0.0000,0.0000,1.0000,0.1100,0.2168,0.3052
459,2,0.2727,-0.0653,0.5173,1.0000,0.0001,0.0000,-0.0001,1.0000,0.0000,0.0000,0.0000,1.0000,0.1101,0.3070,0.2173
459,3,0.2951,-0.2420,0.5889,1.0000,0.0001,0.0000,-0.0001,1.0000,0.0000,0.0000,0.0000,1.0000,0.2836,0.2073,0.2889
459,4,0.4132,-0.2885,0.5062,1.0000,0.0001,0.0000,-0.0001,1.0000,0.0000,0.0000,0.0000,1.0000,0.2820,0.2947,0.2062
459,5,0.5808,-0.1517,0.6614,1.0000,0.0001,0.0000,-0.0001,1.0000,0.0000,0.0000,0.0000,1.0000,0.1112,0.2100,0.3614
459,6,0.6738,-0.1321,0.4265,1.0000,0.0001,0.0000,-0.0001,1.0000,0.0000,0.0000,0.0000,1.0000,0.1972,0.1336,0.1265
459,7,0.7827,-0.1237,0.4491,1.0000,0.0001,0.0000,-0.0001,1.0000,0.0000,0.0000,0.0000,1.0000,0.1624,0.1625,0.0548
459,8,0.8101,-0.0805,0.4472,1.0000,0.0001,0.0000,-0.0001,1.0000,0.0000,0.0000,0.0000,1.0000,0.0831,0.2046,0.1050
459,9,0.8404,-0.0142,0.4544,1.0000,0.0001,0.0000,-0.0001,1.0000,0.0000,0.0000,0.0000,1.0000,0.0210,0.0279,0.0569
459,10,0.8843,-0.0741,0.4546,1.0000,0.0001,0.0000,-0.0001,1.0000,0.0000,0.0000,0.0000,1.0000,0.0210,0.0279,0.0569
460,0,0.2577,-0.0079,0.4400,1.0000,0.0000,0.0000,-0.0000,1.0000,0.0000,0.0000,0.0000,1.0000,0.2577,0.2263,0.1400
460,1,0.2658,-0.0050,0.6052,1.0000,0.0000,0.0000,-0.0000,1.0000,0.0000,0.0000,0.0000,1.0000,0.1100,0.2168,0.3052
460,2,0.3417,-0.0653,0.5173,1.0000,0.0000,0.0000,-0.0000,1.0000,0.0000,0.0000,0.0000,1.0000,0.1101,0.3070,0.2173
460,3,0.3641,-0.2420,0.5889,1.0000,0.0000,0.0000,-0.0000,1.0000,0.0000,0.0000,0.0000,1.0000,0.2836,0.2073,0.2889
460,4,0.4822,-0.2885,0.5062,1.0000,0.0000,0.0000,-0.0000,1.0000,0.0000,0.0000,0.0000,1.0000,0.2820,0.2947,0.2062
460,5,0.6498,-0.1517,0.6614,1.0000,0.0000,0.0000,-0.0000,1.0000,0.0000,0.0000,0.0000,1.0000,0.1112,0.2100,0.3614
460,6,0.7428,-0.1322,0.4265,1.0000,0.0000,0.0000,-0.0000,1.0000,0.0000,0.0000,0.0000,1.0000,0.1972,0.1336,0.1265
460,7,0.8517,-0.1238,0.4491,1.0000,0.0000,0.0000,-0.0000,1.0000,0.0000,0.0000,0.0000,1.0000,0.1624,0.1625,0.0548
460,8,0.8791,-0.0806,0.4472,1.0000,0.0000,0.0000,-0.0000,1.0000,0.0000,0.0000,0.0000,1.0000,0.0831,0.2046,0.1050
460,9,0.9094,-0.0143,0.4544,1.0000,0.0000,0.0000,-0.0000,1.0000,0.0000,0.0000,0.0000,1.0000,0.0210,0.0279,0.0569
460,10,0.9533,-0.0741,0.4546,1.0000,0.0000,0.0000,-0.0000,1.0000,0.0000,0.0000,0.0000,1.0000,0.0210,0.0279,0.0569
461,0,0.3391,-0.0079,0.4400,1.0000,-0.0001,0.0000,0.0001,1.0000,0.0000,0.0000,0.0000,1.0000,0.2577,0.2263,0.1400
461,1,0.3472,-0.0050,0.6052,1.0000,-0.0001,0.0000,0.0001,1.0000,0.0000,0.0000,0.0000,1.0000,0.1100,0.2168,0.3052
461,2,0.4231,-0.0653,0.5173,1.0000,-0.0001,0.0000,0.0001,1.0000,0.0000,0.0000,0.0000,1.0000,0.1101,0.3070,0.2173
461,3,0.4455,-0.2420,0.5889,1.0000,-0.0001,0.0000,0.0001,1.0000,0.0000,0.0000,0.0000,1.0000,0.2836,0.2073,0.2889
461,4,0.5636,-0.2885,0.5062,1.0000,-0.0001,0.0000,0.0001,1.0000,0.0000,0.0000,0.0000,1.0000,0.2820,0.2947,0.2062
461,5,0.7312,-0.1517,0.6614,1.0000,-0.0001,0.0000,0.0001,1.0000,0.0000,0.0000,0.0000,1.0000,0.1112,0.2100,0.3614
461,6,0.8242,-0.1322,0.4265,1.0000,-0.0001,0.0000,0.0001,1.0000,0.0000,0.0000,0.0000,1.0000,0.1972,0.1336,0.1265
461,7,0.9331,-0.1238,0.4491,1.0000,-0.0001,0.0000,0.0001,1.0000,0.0000,0.0000,0.0000,1.0000,0.1624,0.1625,0.0548
461,8,0.9605,-0.0806,0.4472,1.0000,-0.0001,0.0000,0.0001,1.0000,0.0000,0.0000,0.0000,1.0000,0.0831,0.2046,0.1050
461,9,0.9908,-0.0143,0.4544,1.0000,-0.0001,0.0000,0.0001,1.0000,0.0000,0.0000,0.0000,1.0000,0.0210,0.0279,0.0569
461,10,1.0347,-0.0742,0.4546,1.0000,-0.0001,0.0000,0.0001,1.0000,0.0000,0.0000,0.0000,1.0000,0.0210,0.0279,0.0569
462,0,0.4329,-0.0079,0.4400,1.0000,-0.0001,0.0000,0.0001,1.0000,0.0000,0.0000,0.0000,1.0000,0.2577,0.2263,0.1400
462,1,0.4410,-0.0050,0.6052,1.0000,-0.0001,0.0000,0.0001,1.0000,0.0000,0.0000,0.0000,1.0000,0.1100,0.2168,0.3052
462,2,0.5169,-0.0653,0.5173,1.0000,-0.0001,0.0000,0.0001,1.0000,0.0000,0.0000,0.0000,1.0000,0.1101,0.3070,0.2173
462,3,0.5393,-0.2420,0.5889,1.0000,-0.0001,0.0000,0.0001,1.0000,0.0000,0.0000,0.0000,1.0000,0.2836,0.2073,0.2889
462,4,0.6574,-0.2885,0.5062,1.0000,-0.0001,0.0000,0.0001,1.0000,0.0000,0.0000,0.0000,1.0000,0.2820,0.2947,0.2062
462,5,0.8250,-0.1517,0.6614,1.0000,-0.0001,0.0000,0.0001,1.0000,0.0000,0.0000,0.0000,1.0000,0.1112,0.2100,0.3614
462,6,0.9180,-0.1322,0.4265,1.0000,-0.0001,0.0000,0.0001,1.0000,0.0000,0.0000,0.0000,1.0000,0.1972,0.1336,0.1265
462,7,1.0269,-0.1238,0.4491,1.0000,-0.0001,0.0000,0.0001,1.0000,0.0000,0.0000,0.0000,1.0000,0.1624,0.1625,0.0548
462,8,1.0543,-0.0806,0.4472,1.0000,-0.0001,0.0000,0.0001,1.0000,0.0000,0.0000,0.0000,1.0000,0.0831,0.2046,0.1050
462,9,1.0846,-0.0143,0.4544,1.0000,-0.0001,0.0000,0.0001,1.0000,0.0000,0.0000,0.0000,1.0000,0.0210,0.0279,0.0569
462,10,1.1285,-0.0742,0.4546,1.0000,-0.0001,0.0000,0.0001,1.0000,0.0000,0.0000,0.0000,1.0000,0.0210,0.0279,0.0569
463,0,0.5395,-0.0079,0.4400,1.0000,-0.0002,0.0000,0.0002,1.0000,0.0000,0.0000,0.0000,1.0000,0.2577,0.2263,0.1400
463,1,0.5476,-0.0050,0.6052,1.0000,-0.0002,0.0000,0.0002,1.0000,0.0000,0.0000,0.0000,1.0000,0.1100,0.2168,0.3052
463,2,0.6234,-0.0653,0.5173,1.0000,-0.0002,0.0000,0.0002,1.0000,0.0000,0.0000,0.0000,1.0000,0.1101,0.3070,0.2173
463,3,0.6458,-0.2420,0.5889,1.0000,-0.0002,0.0000,0.0002,1.0000,0.0000,0.0000,0.0000,1.0000,0.2836,0.2073,0.2889
463,4,0.7639,-0.2885,0.5062,1.0000,-0.0002,0.0000,0.0002,1.0000,0.0000,0.0000,0.0000,1.0000,0.2820,0.2947,0.2062
463,5,0.9315,-0.1518,0.6614,1.0000,-0.0002,0.0000,0.0002,1.0000,0.0000,0.0000,0.0000,1.0000,0.1112,0.2100,0.3614
463,6,1.0245,-0.1323,0.4265,1.0000,-0.0002,0.0000,0.0002,1.0000,0.0000,0.0000,0.0000,1.0000,0.1972,0.1336,0.1265
463,7,1.1334,-0.1239,0.4491,1.0000,-0.0002,0.0000,0.0002,1.0000,0.0000,0.0000,0.0000,1.0000,0.1624,0.1625,0.0548
463,8,1.1608,-0.0807,0.4472,1.0000,-0.0002,0.0000,0.0002,1.0000,0.0000,0.0000,0.0000,1.0000,0.0831,0.2046,0.1050
463,9,1.1912,-0.0144,0.4544,1.0000,-0.0002,0.0000,0.0002,1.0000,0.0000,0.0000,0.0000,1.0000,0.0210,0.0279,0.0569
463,10,1.2350,-0.0743,0.4546,1.0000,-0.0002,0.0000,0.0002,1.0000,0.0000,0.0000,0.0000,1.0000,0.0210,0.0279,0.0569
464,0,0.6591,-0.0079,0.4400,1.0000,-0.0004,0.0000,0.0004,1.0000,0.0000,0.0000,0.0000,1.0000,0.2577,0.2263,0.1400
464,1,0.6672,-0.0050,0.6052,1.0000,-0.0004,0.0000,0.0004,1.0000,0.0000,0.0000,0.0000,1.0000,0.1100,0.2168,0.3052
464,2,0.7430,-0.0654,0.5173,1.0000,-0.0004,0.0000,0.0004,1.0000,0.0000,0.0000,0.0000,1.0000,0.1101,0.3070,0.2173
464,3,0.7654,-0.2421,0.5889,1.0000,-0.0004,0.0000,0.0004,1.0000,0.0000,0.0000,0.0000,1.0000,0.2836,0.2073,0.2889
464,4,0.8834,-0.2886,0.5062,1.0000,-0.0004,0.0000,0.0004,1.0000,0.0000,0.0000,0.0000,1.0000,0.2820,0.2947,0.2062
464,5,1.0511,-0.1519,0.6614,1.0000,-0.0004,0.0000,0.0004,1.0000,0.0000,0.0000,0.0000,1.0000,0.1112,0.2100,0.3614
464,6,1.1441,-0.1324,0.4265,1.0000,-0.0004,0.0000,0.0004,1.0000,0.0000,0.0000,0.0000,1.0000,0.1972,0.1336,0.1265
464,7,1.2530,-0.1241,0.4491,1.0000,-0.0004,0.0000,0.0004,1.0000,0.0000,0.0000,0.0000,1.0000,0.1624,0.1625,0.0548
464,8,1.2804,-0.0809,0.4472,1.0000,-0.0004,0.0000,0.0004,1.0000,0.0000,0.0000,0.0000,1.0000,0.0831,0.2046,0.1050
464,9,1.3108,-0.0146,0.4544,1.0000,-0.0004,0.0000,0.0004,1.0000,0.0000,0.0000,0.0000,1.0000,0.0210,0.0279,0.0569
464,10,1.3546,-0.0745,0.4546,1.0000,-0.0004,0.0000,0.0004,1.0000,0.0000,0.0000,0.0000,1.0000,0.0210,0.0279,0.0569
465,0,0.7920,-0.0080,0.4400,1.0000,-0.0004,0.0000,0.0004,1.0000,0.0000,0.0000,0.0000,1.0000,0.2577,0.2263,0.1400
465,1,0.8001,-0.0051,0.6052,1.0000,-0.0004,0.0000,0.0004,1.0000,0.0000,0.0000,0.0000,1.0000,0.1100,0.2168,0.3052
465,2,0.8760,-0.0654,0.5173,1.0000,-0.0004,0.0000,0.0004,1.0000,0.0000,0.0000,0.0000,1.0000,0.1101,0.3070,0.2173
465,3,0.8983,-0.2421,0.5889,1.0000,-0.0004,0.0000,0.0004,1.0000,0.0000,0.0000,0.0000,1.0000,0.2836,0.2073,0.2889
465,4,1.0164,-0.2887,0.5062,1.0000,-0.0004,0.0000,0.0004,1.0000,0.0000,0.0000,0.0000,1.0000,0.2820,0.2947,0.2062
465,5,1.1841,-0.1519,0.6614,1.0000,-0.0004,0.0000,0.0004,1.0000,0.0000,0.0000,0.0000,1.0000,0.1112,0.2100,0.3614
465,6,1.2771,-0.1325,0.4265,1.0000,-0.0004,0.0000,0.0004,1.0000,0.0000,0.0000,0.0000,1.0000,0.1972,0.1336,0.1265
465,7,1.3860,-0.1241,0.4491,1.0000,-0.0004,0.0000,0.0004,1.0000,0.0000,0.0000,0.0000,1.0000,0.1624,0.1625,0.0548
465,8,1.4134,-0.0809,0.4472,1.0000,-0.0004,0.0000,0.0004,1.0000,0.0000,0.0000,0.0000,1.0000,0.0831,0.2046,0.1050
465,9,1.4437,-0.0147,0.4544,1.0000,-0.0004,0.0000,0.0004,1.0000,0.0000,0.0000,0.0000,1.0000,0.0210,0.0279,0.0569
465,10,1.4876,-0.0746,0.4546,1.0000,-0.0004,0.0000,0.0004,1.0000,0.0000,0.0000,0.0000,1.0000,0.0210,0.0279,0.0569
466,0,0.9388,-0.0080,0.4400,1.0000,-0.0005,0.0000,0.0005,1.0000,0.0000,0.0000,0.0000,1.0000,0.2577,0.2263,0.1400
466,1,0.9469,-0.0051,0.6052,1.0000,-0.0005,0.0000,0.0005,1.0000,0.0000,0.0000,0.0000,1.0000,0.1100,0.2168,0.3052
466,2,1.0228,-0.0655,0.5173,1.0000,-0.0005,0.0000,0.0005,1.0000,0.0000,0.0000,0.0000,1.0000,0.1101,0.3070,0.2173
466,3,1.0451,-0.2422,0.5889,1.0000,-0.0005,0.0000,0.0005,1.0000,0.0000,0.0000,0.0000,1.0000,0.2836,0.2073,0.2889
466,4,1.1631,-0.2888,0.5062,1.0000,-0.0005,0.0000,0.0005,1.0000,0.0000,0.0000,0.0000,1.0000,0.2820,0.2947,0.2062
466,5,1.3308,-0.1520,0.6614,1.0000,-0.0005,0.0000,0.0005,1.0000,0.0000,0.0000,0.0000,1.0000,0.1112,0.2100,0.3614
466,6,1.4238,-0.1326,0.4265,1.0000,-0.0005,0.0000,0.0005,1.0000,0.0000,0.0000,0.0000,1.0000,0.1972,0.1336,0.1265
466,7,1.5327,-0.1242,0.4491,1.0000,-0.0005,0.0000,0.0005,1.0000,0.0000,0.0000,0.0000,1.0000,0.1624,0.1625,0.0548
466,8,1.5601,-0.0811,0.4472,1.0000,-0.0005,0.0000,0.0005,1.0000,0.0000,0.0000,0.0000,1.0000,0.0831,0.2046,0.1050
466,9,1.5905,-0.0148,0.4544,1.0000,-0.0005,0.0000,0.0005,1.0000,0.0000,0.0000,0.0000,1.0000,0.0210,0.0279,0.0569
466,10,1.6344,-0.0747,0.4546,1.0000,-0.0005,0.0000,0.0005,1.0000,0.0000,0.0000,0.0000,1.0000,0.0210,0.0279,0.0569
467,0,1.0997,-0.0081,0.4400,1.0000,-0.0007,0.0000,0.0007,1.0000,0.0000,0.0000,0.0000,1.0000,0.2577,0.2263,0.1400
467,1,1.1078,-0.0052,0.6052,1.0000,-0.0007,0.0000,0.0007,1.0000,0.0000,0.0000,0.0000,1.0000,0.1100,0.2168,0.3052
467,2,1.1837,-0.0656,0.5173,1.0000,-0.0007,0.0000,0.0007,1.0000,0.0000,0.0000,0.0000,1.0000,0.1101,0.3070,0.2173
467,3,1.2059,-0.2423,0.5889,1.0000,-0.0007,0.0000,0.0007,1.0000,0.0000,0.0000,0.0000,1.0000,0.2836,0.2073,0.2889
467,4,1.3240,-0.2889,0.5062,1.0000,-0.0007,0.0000,0.0007,1.0000,0.0000,0.0000,0.0000,1.0000,0.2820,0.2947,0.2062
467,5,1.4917,-0.1522,0.6614,1.0000,-0.0007,0.0000,0.0007,1.0000,0.0000,0.0000,0.0000,1.0000,0.1112,0.2100,0.3614
467,6,1.5847,-0.1328,0.4265,1.0000,-0.0007,0.0000,0.0007,1.0000,0.0000,0.0000,0.0000,1.0000,0.1972,0.1336,0.1265
467,7,1.6936,-0.1245,0.4491,1.0000,-0.0007,0.0000,0.0007,1.0000,0.0000,0.0000,0.0000,1.0000,0.1624,0.1625,0.0548
467,8,1.7211,-0.0813,0.4472,1.0000,-0.0007,0.0000,0.0007,1.0000,0.0000,0.0000,0.0000,1.0000,0.0831,0.2046,0.1050
467,9,1.7514,-0.0150,0.4544,1.0000,-0.0007,0.0000,0.0007,1.0000,0.0000,0.0000,0.0000,1.0000,0.0210,0.0279,0.0569
467,10,1.7953,-0.0749,0.4546,1.0000,-0.0007,0.0000,0.0007,1.0000,0.0000,0.0000,0.0000,1.0000,0.0210,0.0279,0.0569
468,0,1.2751,-0.0083,0.4400,1.0000,-0.0007,0.0000,0.0007,1.0000,0.0000,0.0000,0.0000,1.0000,0.2577,0.2263,0.1400
468,1,1.2832,-0.0054,0.6052,1.0000,-0.0007,0.0000,0.0007,1.0000,0.0000,0.0000,0.0000,1.0000,0.1100,0.2168,0.3052
468,2,1.3590,-0.0657,0.5173,1.0000,-0.0007,0.0000,0.0007,1.0000,0.0000,0.0000,0.0000,1.0000,0.1101,0.3070,0.2173
468,3,1.3813,-0.2424,0.5889,1.0000,-0.0007,0.0000,0.0007,1.0000,0.0000,0.0000,0.0000,1.0000,0.2836,0.2073,0.2889
468,4,1.4994,-0.2890,0.5062,1.0000,-0.0007,0.0000,0.0007,1.0000,0.0000,0.0000,0.0000,1.0000,0.2820,0.2947,0.2062
468,5,1.6671,-0.1523,0.6614,1.0000,-0.0007,0.0000,0.0007,1.0000,0.0000,0.0000,0.0000,1.0000,0.1112,0.2100,0.3614
468,6,1.7601,-0.1329,0.4265,1.0000,-0.0007,0.0000,0.0007,1.0000,0.0000,0.0000,0.0000,1.0000,0.1972,0.1336,0.1265
468,7,1.8690,-0.1246,0.4491,1.0000,-0.0007,0.0000,0.0007,1.0000,0.0000,0.0000,0.0000,1.0000,0.1624,0.1625,0.0548
468,8,1.8964,-0.0814,0.4472,1.0000,-0.0007,0.0000,0.0007,1.0000,0.0000,0.0000,0.0000,1.0000,0.0831,0.2046,0.1050
468,9,1.9268,-0.0151,0.4544,1.0000,-0.0007,0.0000,0.0007,1.0000,0.0000,0.0000,0.0000,1.0000,0.0210,0.0279,0.0569
468,10,1.9706,-0.0750,0.4546,1.0000,-0.0007,0.0000,0.0007,1.0000,0.0000,0.0000,0.0000,1.0000,0.0210,0.0279,0.0569
469,0,1.4649,-0.0084,0.4400,1.0000,-0.0006,0.0000,0.0006,1.0000,0.0000,0.0000,0.0000,1.0000,0.2577,0.2263,0.1400
469,1,1.4730,-0.0055,0.6052,1.0000,-0.0006,0.0000,0.0006,1.0000,0.0000,0.0000,0.0000,1.0000,0.1100,0.2168,0.3052
469,2,1.5489,-0.0658,0.5173,1.0000,-0.0006,0.0000,0.0006,1.0000,0.0000,0.0000,0.0000,1.0000,0.1101,0.3070,0.2173
469,3,1.5712,-0.2425,0.5889,1.0000,-0.0006,0.0000,0.0006,1.0000,0.0000,0.0000,0.0000,1.0000,0.2836,0.2073,0.2889
469,4,1.6892,-0.2891,0.5062,1.0000,-0.0006,0.0000,0.0006,1.0000,0.0000,0.0000,0.0000,1.0000,0.2820,0.2947,0.2062
469,5,1.8569,-0.1524,0.6614,1.0000,-0.0006,0.0000,0.0006,1.0000,0.0000,0.0000,0.0000,1.0000,0.1112,0.2100,0.3614
469,6,1.9499,-0.1330,0.4265,1.0000,-0.0006,0.0000,0.0006,1.0000,0.0000,0.0000,0.0000,1.0000,0.1972,0.1336,0.1265
469,7,2.0588,-0.1246,0.4491,1.0000,-0.0006,0.0000,0.0006,1.0000,0.0000,0.0000,0.0000,1.0000,0.1624,0.1625,0.0548
469,8,2.0863,-0.0815,0.4472,1.0000,-0.0006,0.0000,0.0006,1.0000,0.0000,0.0000,0.0000,1.0000,0.0831,0.2046,0.1050
469,9,2.1166,-0.0152,0.4544,1.0000,-0.0006,0.0000,0.0006,1.0000,0.0000,0.0000,0.0000,1.0000,0.0210,0.0279,0.0569
469,10,2.1605,-0.0751,0.4546,1.0000,-0.0006,0.0000,0.0006,1.0000,0.0000,0.0000,0.0000,1.0000,0.0210,0.0279,0.0569
470,0,1.6690,-0.0085,0.4400,1.0000,-0.0006,0.0000,0.0006,1.0000,0.0000,0.0000,0.0000,1.0000,0.2577,0.2263,0.1400
470,1,1.6771,-0.0056,0.6052,1.0000,-0.0006,0.0000,0.0006,1.0000,0.0000,0.0000,0.0000,1.0000,0.1100,0.2168,0.3052
470,2,1.7530,-0.0660,0.5173,1.0000,-0.0006,0.0000,0.0006,1.0000,0.0000,0.0000,0.0000,1.0000,0.1101,0.3070,0.2173
470,3,1.7752,-0.2427,0.5889,1.0000,-0.0006,0.0000,0.0006,1.0000,0.0000,0.0000,0.0000,1.0000,0.2836,0.2073,0.2889
470,4,1.8933,-0.2892,0.5062,1.0000,-0.0006,0.0000,0.0006,1.0000,0.0000,0.0000,0.0000,1.0000,0.2820,0.2947,0.2062
470,5,2.0610,-0.1525,0.6614,1.0000,-0.0006,0.0000,0.0006,1.0000,0.0000,0.0000,0.0000,1.0000,0.1112,0.2100,0.3614
470,6,2.1540,-0.1331,0.4265,1.0000,-0.0006,0.0000,0.0006,1.0000,0.0000,0.0000,0.0000,1.0000,0.1972,0.1336,0.1265
470,7,2.2629,-0.1248,0.4491,1.0000,-0.0006,0.0000,0.0006,1.0000,0.0000,0.0000,0.0000,1.0000,0.1624,0.1625,0.0548
470,8,2.2903,-0.0816,0.4472,1.0000,-0.0006,0.0000,0.0006,1.0000,0.0000,0.0000,0.0000,1.0000,0.0831,0.2046,0.1050
470,9,2.3207,-0.0153,0.4544,1.0000,-0.0006,0.0000,0.0006,1.0000,0.0000,0.0000,0.0000,1.0000,0.0210,0.0279,0.0569
470,10,2.3645,-0.0752,0.4546,1.0000,-0.0006,0.0000,0.0006,1.0000,0.0000,0.0000,0.0000,1.0000,0.0210,0.0279,0.0569
471,0,1.8871,-0.0086,0.4400,1.0000,-0.0005,0.0000,0.0005,1.0000,0.0000,0.0000,0.0000,1.0000,0.2577,0.2263,0.1400
471,1,1.8952,-0.0057,0.6052,1.0000,-0.0005,0.0000,0.0005,1.0000,0.0000,0.0000,0.0000,1.0000,0.1100,0.2168,0.3052
471,2,1.9711,-0.0661,0.5173,1.0000,-0.0005,0.0000,0.0005,1.0000,0.0000,0.0000,0.0000,1.0000,0.1101,0.3070,0.2173
471,3,1.9934,-0.2428,0.5889,1.0000,-0.0005,0.0000,0.0005,1.0000,0.0000,0.0000,0.0000,1.0000,0.2836,0.2073,0.2889
471,4,2.1114,-0.2894,0.5062,1.0000,-0.0005,0.0000,0.0005,1.0000,0.0000,0.0000,0.0000,1.0000,0.2820,0.2947,0.2062
471,5,2.2791,-0.1526,0.6614,1.0000,-0.0005,0.0000,0.0005,1.0000,0.0000,0.0000,0.0000,1.0000,0.1112,0.2100,0.3614
471,6,2.3721,-0.1332,0.4265,1.0000,-0.0005,0.0000,0.0005,1.0000,0.0000,0.0000,0.0000,1.0000,0.1972,0.1336,0.1265
471,7,2.4810,-0.1249,0.4491,1.0000,-0.0005,0.0000,0.0005,1.0000,0.0000,0.0000,0.0000,1.0000,0.1624,0.1625,0.0548
471,8,2.5085,-0.0817,0.4472,1.0000,-0.0005,0.0000,0.0005,1.0000,0.0000,0.0000,0.0000,1.0000,0.0831,0.2046,0.1050
471,9,2.5388,-0.0154,0.4544,1.0000,-0.0005,0.0000,0.0005,1.0000,0.0000,0.0000,0.0000,1.0000,0.0210,0.0279,0.0569
471,10,2.5827,-0.0753,0.4546,1.0000,-0.0005,0.0000,0.0005,1.0000,0.0000,0.0000,0.0000,1.0000,0.0210,0.0279,0.0569
472,0,2.1189,-0.0088,0.4400,1.0000,-0.0005,0.0000,0.0005,1.0000,0.0000,0.0000,0.0000,1.0000,0.2577,0.2263,0.1400
472,1,2.1270,-0.0059,0.6052,1.0000,-0.0005,0.0000,0.0005,1.0000,0.0000,0.0000,0.0000,1.0000,0.1100,0.2168,0.3052
472,2,2.2029,-0.0662,0.5173,1.0000,-0.0005,0.0000,0.0005,1.0000,0.0000,0.0000,0.0000,1.0000,0.1101,0.3070,0.2173
472,3,2.2252,-0.2429,0.5889,1.0000,-0.0005,0.0000,0.0005,1.0000,0.0000,0.0000,0.0000,1.0000,0.2836,0.2073,0.2889
472,4,2.3433,-0.2895,0.5062,1.0000,-0.0005,0.0000,0.0005,1.0000,0.0000,0.0000,0.0000,1.0000,0.2820,0.2947,0.2062
472,5,2.5110,-0.1528,0.6614,1.0000,-0.0005,0.0000,0.0005,1.0000,0.0000,0.0000,0.0000,1.0000,0.1112,0.2100,0.3614
472,6,2.6040,-0.1333,0.4265,1.0000,-0.0005,0.0000,0.0005,1.0000,0.0000,0.0000,0.0000,1.0000,0.1972,0.1336,0.1265
472,7,2.7129,-0.1250,0.4491,1.0000,-0.0005,0.0000,0.0005,1.0000,0.0000,0.0000,0.0000,1.0000,0.1624,0.1625,0.0548
472,8,2.7403,-0.0818,0.4472,1.0000,-0.0005,0.0000,0.0005,1.0000,0.0000,0.0000,0.0000,1.0000,0.0831,0.2046,0.1050
472,9,2.7706,-0.0155,0.4544,1.0000,-0.0005,0.0000,0.0005,1.0000,0.0000,0.0000,0.0000,1.0000,0.0210,0.0279,0.0569
472,10,2.8145,-0.0754,0.4546,1.0000,-0.0005,0.0000,0.0005,1.0000,0.0000,0.0000,0.0000,1.0000,0.0210,0.0279,0.0569
473,0,2.3642,-0.0089,0.4400,1.0000,-0.0004,0.0000,0.0004,1.0000,0.0000,0.0000,0.0000,1.0000,0.2577,0.2263,0.1400
473,1,2.3723,-0.0060,0.6052,1.0000,-0.0004,0.0000,0.0004,1.0000,0.0000,0.0000,0.0000,1.0000,0.1100,0.2168,0.3052
473,2,2.4481,-0.0663,0.5173,1.0000,-0.0004,0.0000,0.0004,1.0000,0.0000,0.0000,0.0000,1.0000,0.1101,0.3070,0.2173
473,3,2.4705,-0.2430,0.5889,1.0000,-0.0004,0.0000,0.0004,1.0000,0.0000,0.0000,0.0000,1.0000,0.2836,0.2073,0.2889
473,4,2.5886,-0.2896,0.5062,1.0000,-0.0004,0.0000,0.0004,1.0000,0.0000,0.0000,0.0000,1.0000,0.2820,0.2947,0.2062
473,5,2.7562,-0.1528,0.6614,1.0000,-0.0004,0.0000,0.0004,1.0000,0.0000,0.0000,0.0000,1.0000,0.1112,0.2100,0.3614
473,6,2.8492,-0.1334,0.4265,1.0000,-0.0004,0.0000,0.0004,1.0000,0.0000,0.0000,0.0000,1.0000,0.1972,0.1336,0.1265
473,7,2.9581,-0.1250,0.4491,1.0000,-0.0004,0.0000,0.0004,1.0000,0.0000,0.0000,0.0000,1.0000,0.1624,0.1625,0.0548
473,8,2.9855,-0.0818,0.4472,1.0000,-0.0004,0.0000,0.0004,1.0000,0.0000,0.0000,0.0000,1.0000,0.0831,0.2046,0.1050
473,9,3.0159,-0.0155,0.4544,1.0000,-0.0004,0.0000,0.0004,1.0000,0.0000,0.0000,0.0000,1.0000,0.0210,0.0279,0.0569
473,10,3.0597,-0.0754,0.4546,1.0000,-0.0004,0.0000,0.0004,1.0000,0.0000,0.0000,0.0000,1.0000,0.0210,0.0279,0.0569
474,0,2.6225,-0.0090,0.4400,1.0000,-0.0003,0.0000,0.0003,1.0000,0.0000,0.0000,0.0000,1.0000,0.2577,0.2263,0.1400
474,1,2.6306,-0.0061,0.6052,1.0000,-0.0003,0.0000,0.0003,1.0000,0.0000,0.0000,0.0000,1.0000,0.1100,0.2168,0.3052
474,2,2.7065,-0.0664,0.5173,1.0000,-0.0003,0.0000,0.0003,1.0000,0.0000,0.0000,0.0000,1.0000,0.1101,0.3070,0.2173
474,3,2.7288,-0.2431,0.5889,1.0000,-0.0003,0.0000,0.0003,1.0000,0.0000,0.0000,0.0000,1.0000,0.2836,0.2073,0.2889
474,4,2.8469,-0.2896,0.5062,1.0000,-0.0003,0.0000,0.0003,1.0000,0.0000,0.0000,0.0000,1.0000,0.2820,0.2947,0.2062
474,5,3.0146,-0.1529,0.6614,1.0000,-0.0003,0.0000,0.0003,1.0000,0.0000,0.0000,0.0000,1.0000,0.1112,0.2100,0.3614
474,6,3.1076,-0.1334,0.4265,1.0000,-0.0003,0.0000,0.0003,1.0000,0.0000,0.0000,0.0000,1.0000,0.1972,0.1336,0.1265
474,7,3.2165,-0.1250,0.4491,1.0000,-0.0003,0.0000,0.0003,1.0000,0.0000,0.0000,0.0000,1.0000,0.1624,0.1625,0.0548
474,8,3.2439,-0.0819,0.4472,1.0000,-0.0003,0.0000,0.0003,1.0000,0.0000,0.0000,0.0000,1.0000,0.0831,0.2046,0.1050
474,9,3.2742,-0.0156,0.4544,1.0000,-0.0003,0.0000,0.0003,1.0000,0.0000,0.0000,0.0000,1.0000,0.0210,0.0279,0.0569
474,10,3.3181,-0.0755,0.4546,1.0000,-0.0003,0.0000,0.0003,1.0000,0.0000,0.0000,0.0000,1.0000,0.0210,0.0279,0.0569
475,0,2.8937,-0.0090,0.4400,1.0000,-0.0001,0.0000,0.0001,1.0000,0.0000,0.0000,0.0000,1.0000,0.2577,0.2263,0.1400
475,1,2.9018,-0.0061,0.6052,1.0000,-0.0001,0.0000,0.0001,1.0000,0.0000,0.0000,0.0000,1.0000,0.1100,0.2168,0.3052
475,2,2.9777,-0.0664,0.5173,1.0000,-0.0001,0.0000,0.0001,1.0000,0.0000,0.0000,0.0000,1.0000,0.1101,0.3070,0.2173
475,3,3.0000,-0.2431,0.5889,1.0000,-0.0001,0.0000,0.0001,1.0000,0.0000,0.0000,0.0000,1.0000,0.2836,0.2073,0.2889
475,4,3.1181,-0.2896,0.5062,1.0000,-0.0001,0.0000,0.0001,1.0000,0.0000,0.0000,0.0000,1.0000,0.2820,0.2947,0.2062
475,5,3.2857,-0.1529,0.6614,1.0000,-0.0001,0.0000,0.0001,1.0000,0.0000,0.0000,0.0000,1.0000,0.1112,0.2100,0.3614
475,6,3.3787,-0.1334,0.4265,1.0000,-0.0001,0.0000,0.0001,1.0000,0.0000,0.0000,0.0000,1.0000,0.1972,0.1336,0.1265
475,7,3.4877,-0.1250,0.4491,1.0000,-0.0001,0.0000,0.0001,1.0000,0.0000,0.0000,0.0000,1.0000,0.1624,0.1625,0.0548
475,8,3.5151,-0.0818,0.4472,1.0000,-0.0001,0.0000,0.0001,1.0000,0.0000,0.0000,0.0000,1.0000,0.0831,0.2046,0.1050
475,9,3.5454,-0.0155,0.4544,1.0000,-0.0001,0.0000,0.0001,1.0000,0.0000,0.0000,0.0000,1.0000,0.0210,0.0279,0.0569
475,10,3.5893,-0.0754,0.4546,1.0000,-0.0001,0.0000,0.0001,1.0000,0.0000,0.0000,0.0000,1.0000,0.0210,0.0279,0.0569
476,0,3.1775,-0.0090,0.4400,1.0000,0.0002,0.0000,-0.0002,1.0000,0.0000,0.0000,0.0000,1.0000,0.2577,0.2263,0.1400
476,1,3.1856,-0.0061,0.6052,1.0000,0.0002,0.0000,-0.0002,1.0000,0.0000,0.0000,0.0000,1.0000,0.1100,0.2168,0.3052
476,2,3.2615,-0.0664,0.5173,1.0000,0.0002,0.0000,-0.0002,1.0000,0.0000,0.0000,0.0000,1.0000,0.1101,0.3070,0.2173
476,3,3.2839,-0.2431,0.5889,1.0000,0.0002,0.0000,-0.0002,1.0000,0.0000,0.0000,0.0000,1.0000,0.2836,0.2073,0.2889
476,4,3.4021,-0.2896,0.5062,1.0000,0.0002,0.0000,-0.0002,1.0000,0.0000,0.0000,0.0000,1.0000,0.2820,0.2947,0.2062
476,5,3.5696,-0.1528,0.6614,1.0000,0.0002,0.0000,-0.0002,1.0000,0.0000,0.0000,0.0000,1.0000,0.1112,0.2100,0.3614
476,6,3.6626,-0.1332,0.4265,1.0000,0.0002,0.0000,-0.0002,1.0000,0.0000,0.0000,0.0000,1.0000,0.1972,0.1336,0.1265
476,7,3.7715,-0.1248,0.4491,1.0000,0.0002,0.0000,-0.0002,1.0000,0.0000,0.0000,0.0000,1.0000,0.1624,0.1625,0.0548
476,8,3.7989,-0.0816,0.4472,1.0000,0.0002,0.0000,-0.0002,1.0000,0.0000,0.0000,0.0000,1.0000,0.0831,0.2046,0.1050
476,9,3.8292,-0.0153,0.4544,1.0000,0.0002,0.0000,-0.0002,1.0000,0.0000,0.0000,0.0000,1.0000,0.0210,0.0279,0.0569
476,10,3.8731,-0.0752,0.4546,1.0000,0.0002,0.0000,-0.0002,1.0000,0.0000,0.0000,0.0000,1.0000,0.0210,0.0279,0.0569
477,0,3.4740,-0.0090,0.4400,1.0000,0.0004,0.0000,-0.0004,1.0000,0.0000,0.0000,0.0000,1.0000,0.2577,0.2263,0.1400
477,1,3.4821,-0.0060,0.6052,1.0000,0.0004,0.0000,-0.0004,1.0000,0.0000,0.0000,0.0000,1.0000,0.1100,0.2168,0.3052
477,2,3.5580,-0.0663,0.5173,1.0000,0.0004,0.0000,-0.0004,1.0000,0.0000,0.0000,0.0000,1.0000,0.1101,0.3070,0.2173
477,3,3.5805,-0.2430,0.5889,1.0000,0.0004,0.0000,-0.0004,1.0000,0.0000,0.0000,0.0000,1.0000,0.2836,0.2073,0.2889
477,4,3.6986,-0.2895,0.5062,1.0000,0.0004,0.0000,-0.0004,1.0000,0.0000,0.0000,0.0000,1.0000,0.2820,0.2947,0.2062
477,5,3.8661,-0.1526,0.6614,1.0000,0.0004,0.0000,-0.0004,1.0000,0.0000,0.0000,0.0000,1.0000,0.1112,0.2100,0.3614
477,6,3.9591,-0.1331,0.4265,1.0000,0.0004,0.0000,-0.0004,1.0000,0.0000,0.0000,0.0000,1.0000,0.1972,0.1336,0.1265
477,7,4.0680,-0.1246,0.4491,1.0000,0.0004,0.0000,-0.0004,1.0000,0.0000,0.0000,0.0000,1.0000,0.1624,0.1625,0.0548
477,8,4.0954,-0.0814,0.4472,1.0000,0.0004,0.0000,-0.0004,1.0000,0.0000,0.0000,0.0000,1.0000,0.0831,0.2046,0.1050
477,9,4.1257,-0.0151,0.4544,1.0000,0.0004,0.0000,-0.0004,1.0000,0.0000,0.0000,0.0000,1.0000,0.0210,0.0279,0.0569
477,10,4.1696,-0.0750,0.4546,1.0000,0.0004,0.0000,-0.0004,1.0000,0.0000,0.0000,0.0000,1.0000,0.0210,0.0279,0.0569
478,0,3.7831,-0.0088,0.4400,1.0000,0.0005,0.0000,-0.0005,1.0000,0.0000,0.0000,0.0000,1.0000,0.2577,0.2263,0.1400
478,1,3.7912,-0.0059,0.6052,1.0000,0.0005,0.0000,-0.0005,1.0000,0.0000,0.0000,0.0000,1.0000,0.1100,0.2168,0.3052
478,2,3.8671,-0.0662,0.5173,1.0000,0.0005,0.0000,-0.0005,1.0000,0.0000,0.0000,0.0000,1.0000,0.1101,0.3070,0.2173
478,3,3.8896,-0.2429,0.5889,1.0000,0.0005,0.0000,-0.0005,1.0000,0.0000,0.0000,0.0000,1.0000,0.2836,0.2073,0.2889
478,4,4.0077,-0.2893,0.5062,1.0000,0.0005,0.0000,-0.0005,1.0000,0.0000,0.0000,0.0000,1.0000,0.2820,0.2947,0.2062
478,5,4.1753,-0.1524,0.6614,1.0000,0.0005,0.0000,-0.0005,1.0000,0.0000,0.0000,0.0000,1.0000,0.1112,0.2100,0.3614
478,6,4.2682,-0.1328,0.4265,1.0000,0.0005,0.0000,-0.0005,1.0000,0.0000,0.0000,0.0000,1.0000,0.1972,0.1336,0.1265
478,7,4.3771,-0.1244,0.4491,1.0000,0.0005,0.0000,-0.0005,1.0000,0.0000,0.0000,0.0000,1.0000,0.1624,0.1625,0.0548
478,8,4.4045,-0.0812,0.4472,1.0000,0.0005,0.0000,-0.0005,1.0000,0.0000,0.0000,0.0000,1.0000,0.0831,0.2046,0.1050
478,9,4.4348,-0.0149,0.4544,1.0000,0.0005,0.0000,-0.0005,1.0000,0.0000,0.0000,0.0000,1.0000,0.0210,0.0279,0.0569
478,10,4.4787,-0.0747,0.4546,1.0000,0.0005,0.0000,-0.0005,1.0000,0.0000,0.0000,0.0000,1.0000,0.0210,0.0279,0.0569
479,0,4.1048,-0.0086,0.4400,1.0000,0.0006,0.0000,-0.0006,1.0000,0.0000,0.0000,0.0000,1.0000,0.2577,0.2263,0.1400
479,1,4.1129,-0.0057,0.6052,1.0000,0.0006,0.0000,-0.0006,1.0000,0.0000,0.0000,0.0000,1.0000,0.1100,0.2168,0.3052
479,2,4.1888,-0.0660,0.5173,1.0000,0.0006,0.0000,-0.0006,1.0000,0.0000,0.0000,0.0000,1.0000,0.1101,0.3070,0.2173
479,3,4.2114,-0.2427,0.5889,1.0000,0.0006,0.0000,-0.0006,1.0000,0.0000,0.0000,0.0000,1.0000,0.2836,0.2073,0.2889
479,4,4.3295,-0.2891,0.5062,1.0000,0.0006,0.0000,-0.0006,1.0000,0.0000,0.0000,0.0000,1.0000,0.2820,0.2947,0.2062
479,5,4.4970,-0.1522,0.6614,1.0000,0.0006,0.0000,-0.0006,1.0000,0.0000,0.0000,0.0000,1.0000,0.1112,0.2100,0.3614
479,6,4.5900,-0.1326,0.4265,1.0000,0.0006,0.0000,-0.0006,1.0000,0.0000,0.0000,0.0000,1.0000,0.1972,0.1336,0.1265
479,7,4.6989,-0.1242,0.4491,1.0000,0.0006,0.0000,-0.0006,1.0000,0.0000,0.0000,0.0000,1.0000,0.1624,0.1625,0.0548
479,8,4.7263,-0.0809,0.4472,1.0000,0.0006,0.0000,-0.0006,1.0000,0.0000,0.0000,0.0000,1.0000,0.0831,0.2046,0.1050
479,9,4.7565,-0.0146,0.4544,1.0000,0.0006,0.0000,-0.0006,1.0000,0.0000,0.0000,0.0000,1.0000,0.0210,0.0279,0.0569
479,10,4.8005,-0.0745,0.4546,1.0000,0.0006,0.0000,-0.0006,1.0000,0.0000,0.0000,0.0000,1.0000,0.0210,0.0279,0.0569
480,0,4.4390,-0.0084,0.4400,1.0000,0.0008,0.0000,-0.0008,1.0000,0.0000,0.0000,0.0000,1.0000,0.2577,0.2263,0.1400
480,1,4.4471,-0.0055,0.6052,1.0000,0.0008,0.0000,-0.0008,1.0000,0.0000,0.0000,0.0000,1.0000,0.1100,0.2168,0.3052
480,2,4.5230,-0.0657,0.5173,1.0000,0.0008,0.0000,-0.0008,1.0000,0.0000,0.0000,0.0000,1.0000,0.1101,0.3070,0.2173
480,3,4.5455,-0.2424,0.5889,1.0000,0.0008,0.0000,-0.0008,1.0000,0.0000,0.0000,0.0000,1.0000,0.2836,0.2073,0.2889
480,4,4.6637,-0.2888,0.5062,1.0000,0.0008,0.0000,-0.0008,1.0000,0.0000,0.0000,0.0000,1.0000,0.2820,0.2947,0.2062
480,5,4.8312,-0.1519,0.6614,1.0000,0.0008,0.0000,-0.0008,1.0000,0.0000,0.0000,0.0000,1.0000,0.1112,0.2100,0.3614
480,6,4.9242,-0.1323,0.4265,1.0000,0.0008,0.0000,-0.0008,1.0000,0.0000,0.0000,0.0000,1.0000,0.1972,0.1336,0.1265
480,7,5.0331,-0.1238,0.4491,1.0000,0.0008,0.0000,-0.0008,1.0000,0.0000,0.0000,0.0000,1.0000,0.1624,0.1625,0.0548
480,8,5.0604,-0.0806,0.4472,1.0000,0.0008,0.0000,-0.0008,1.0000,0.0000,0.0000,0.0000,1.0000,0.0831,0.2046,0.1050
480,9,5.0907,-0.0143,0.4544,1.0000,0.0008,0.0000,-0.0008,1.0000,0.0000,0.0000,0.0000,1.0000,0.0210,0.0279,0.0569
480,10,5.1346,-0.0741,0.4546,1.0000,0.0008,0.0000,-0.0008,1.0000,0.0000,0.0000,0.0000,1.0000,0.0210,0.0279,0.0569
481,0,4.7851,-0.0081,0.4400,1.0000,0.0010,0.0000,-0.0010,1.0000,0.0000,0.0000,0.0000,1.0000,0.2577,0.2263,0.1400
481,1,4.7932,-0.0052,0.6052,1.0000,0.0010,0.0000,-0.0010,1.0000,0.0000,0.0000,0.0000,1.0000,0.1100,0.2168,0.3052
481,2,4.8692,-0.0654,0.5173,1.0000,0.0010,0.0000,-0.0010,1.0000,0.0000,0.0000,0.0000,1.0000,0.1101,0.3070,0.2173
481,3,4.8918,-0.2421,0.5889,1.0000,0.0010,0.0000,-0.0010,1.0000,0.0000,0.0000,0.0000,1.0000,0.2836,0.2073,0.2889
481,4,5.0099,-0.2885,0.5062,1.0000,0.0010,0.0000,-0.0010,1.0000,0.0000,0.0000,0.0000,1.0000,0.2820,0.2947,0.2062
481,5,5.1774,-0.1515,0.6614,1.0000,0.0010,0.0000,-0.0010,1.0000,0.0000,0.0000,0.0000,1.0000,0.1112,0.2100,0.3614
481,6,5.2704,-0.1319,0.4265,1.0000,0.0010,0.0000,-0.0010,1.0000,0.0000,0.0000,0.0000,1.0000,0.1972,0.1336,0.1265
481,7,5.3792,-0.1234,0.4491,1.0000,0.0010,0.0000,-0.0010,1.0000,0.0000,0.0000,0.0000,1.0000,0.1624,0.1625,0.0548
481,8,5.4066,-0.0802,0.4472,1.0000,0.0010,0.0000,-0.0010,1.0000,0.0000,0.0000,0.0000,1.0000,0.0831,0.2046,0.1050
481,9,5.4368,-0.0139,0.4544,1.0000,0.0010,0.0000,-0.0010,1.0000,0.0000,0.0000,0.0000,1.0000,0.0210,0.0279,0.0569
481,10,5.4808,-0.0737,0.4546,1.0000,0.0010,0.0000,-0.0010,1.0000,0.0000,0.0000,0.0000,1.0000,0.0210,0.0279,0.0569
482,0,5.1432,-0.0078,0.4400,1.0000,0.0007,0.0000,-0.0007,1.0000,0.0000,0.0000,0.0000,1.0000,0.2577,0.2263,0.1400
482,1,5.1513,-0.0049,0.6052,1.0000,0.0007,0.0000,-0.0007,1.0000,0.0000,0.0000,0.0000,1.0000,0.1100,0.2168,0.3052
482,2,5.2272,-0.0651,0.5173,1.0000,0.0007,0.0000,-0.0007,1.0000,0.0000,0.0000,0.0000,1.0000,0.1101,0.3070,0.2173
482,3,5.2498,-0.2418,0.5889,1.0000,0.0007,0.0000,-0.0007,1.0000,0.0000,0.0000,0.0000,1.0000,0.2836,0.2073,0.2889
482,4,5.3679,-0.2882,0.5062,1.0000,0.0007,0.0000,-0.0007,1.0000,0.0000,0.0000,0.0000,1.0000,0.2820,0.2947,0.2062
482,5,5.5354,-0.1513,0.6614,1.0000,0.0007,0.0000,-0.0007,1.0000,0.0000,0.0000,0.0000,1.0000,0.1112,0.2100,0.3614
482,6,5.6284,-0.1318,0.4265,1.0000,0.0007,0.0000,-0.0007,1.0000,0.0000,0.0000,0.0000,1.0000,0.1972,0.1336,0.1265
482,7,5.7373,-0.1233,0.4491,1.0000,0.0007,0.0000,-0.0007,1.0000,0.0000,0.0000,0.0000,1.0000,0.1624,0.1625,0.0548
482,8,5.7647,-0.0801,0.4472,1.0000,0.0007,0.0000,-0.0007,1.0000,0.0000,0.0000,0.0000,1.0000,0.0831,0.2046,0.1050
482,9,5.7949,-0.0138,0.4544,1.0000,0.0007,0.0000,-0.0007,1.0000,0.0000,0.0000,0.0000,1.0000,0.0210,0.0279,0.0569
482,10,5.8388,-0.0736,0.4546,1.0000,0.0007,0.0000,-0.0007,1.0000,0.0000,0.0000,0.0000,1.0000,0.0210,0.0279,0.0569
483,0,5.5131,-0.0075,0.4400,1.0000,0.0008,0.0000,-0.0008,1.0000,0.0000,0.0000,0.0000,1.0000,0.2577,0.2263,0.1400
483,1,5.5212,-0.0046,0.6052,1.0000,0.0008,0.0000,-0.0008,1.0000,0.0000,0.0000,0.0000,1.0000,0.1100,0.2168,0.3052
483,2,5.5971,-0.0649,0.5173,1.0000,0.0008,0.0000,-0.0008,1.0000,0.0000,0.0000,0.0000,1.0000,0.1101,0.3070,0.2173
483,3,5.6197,-0.2415,0.5889,1.0000,0.0008,0.0000,-0.0008,1.0000,0.0000,0.0000,0.0000,1.0000,0.2836,0.2073,0.2889
483,4,5.7378,-0.2879,0.5062,1.0000,0.0008,0.0000,-0.0008,1.0000,0.0000,0.0000,0.0000,1.0000,0.2820,0.2947,0.2062
483,5,5.9053,-0.1510,0.6614,1.0000,0.0008,0.0000,-0.0008,1.0000,0.0000,0.0000,0.0000,1.0000,0.1112,0.2100,0.3614
483,6,5.9983,-0.1314,0.4265,1.0000,0.0008,0.0000,-0.0008,1.0000,0.0000,0.0000,0.0000,1.0000,0.1972,0.1336,0.1265
483,7,6.1072,-0.1229,0.4491,1.0000,0.0008,0.0000,-0.0008,1.0000,0.0000,0.0000,0.0000,1.0000,0.1624,0.1625,0.0548
483,8,6.1345,-0.0797,0.4472,1.0000,0.0008,0.0000,-0.0008,1.0000,0.0000,0.0000,0.0000,1.0000,0.0831,0.2046,0.1050
483,9,6.1648,-0.0134,0.4544,1.0000,0.0008,0.0000,-0.0008,1.0000,0.0000,0.0000,0.0000,1.0000,0.0210,0.0279,0.0569
483,10,6.2087,-0.0733,0.4546,1.0000,0.0008,0.0000,-0.0008,1.0000,0.0000,0.0000,0.0000,1.0000,0.0210,0.0279,0.0569
484,0,5.8947,-0.0072,0.4400,1.0000,0.0010,0.0000,-0.0010,1.0000,0.0000,0.0000,0.0000,1.0000,0.2577,0.2263,0.1400
484,1,5.9028,-0.0043,0.6052,1.0000,0.0010,0.0000,-0.0010,1.0000,0.0000,0.0000,0.0000,1.0000,0.1100,0.2168,0.3052
484,2,5.9788,-0.0645,0.5173,1.0000,0.0010,0.0000,-0.0010,1.0000,0.0000,0.0000,0.0000,1.0000,0.1101,0.3070,0.2173
484,3,6.0013,-0.2412,0.5889,1.0000,0.0010,0.0000,-0.0010,1.0000,0.0000,0.0000,0.0000,1.0000,0.2836,0.2073,0.2889
484,4,6.1195,-0.2875,0.5062,1.0000,0.0010,0.0000,-0.0010,1.0000,0.0000,0.0000,0.0000,1.0000,0.2820,0.2947,0.2062
484,5,6.2869,-0.1506,0.6614,1.0000,0.0010,0.0000,-0.0010,1.0000,0.0000,0.0000,0.0000,1.0000,0.1112,0.2100,0.3614
484,6,6.3799,-0.1310,0.4265,1.0000,0.0010,0.0000,-0.0010,1.0000,0.0000,0.0000,0.0000,1.0000,0.1972,0.1336,0.1265
484,7,6.4888,-0.1225,0.4491,1.0000,0.0010,0.0000,-0.0010,1.0000,0.0000,0.0000,0.0000,1.0000,0.1624,0.1625,0.0548
484,8,6.5162,-0.0792,0.4472,1.0000,0.0010,0.0000,-0.0010,1.0000,0.0000,0.0000,0.0000,1.0000,0.0831,0.2046,0.1050
484,9,6.5464,-0.0129,0.4544,1.0000,0.0010,0.0000,-0.0010,1.0000,0.0000,0.0000,0.0000,1.0000,0.0210,0.0279,0.0569
484,10,6.5904,-0.0727,0.4546,1.0000,0.0010,0.0000,-0.0010,1.0000,0.0000,0.0000,0.0000,1.0000,0.0210,0.0279,0.0569
485,0,6.2883,-0.0068,0.4400,1.0000,0.0010,0.0000,-0.0010,1.0000,0.0000,0.0000,0.0000,1.0000,0.2577,0.2263,0.1400
485,1,6.2964,-0.0039,0.6052,1.0000,0.0010,0.0000,-0.0010,1.0000,0.0000,0.0000,0.0000,1.0000,0.1100,0.2168,0.3052
485,2,6.3724,-0.0641,0.5173,1.0000,0.0010,0.0000,-0.0010,1.0000,0.0000,0.0000,0.0000,1.0000,0.1101,0.3070,0.2173
485,3,6.3950,-0.2407,0.5889,1.0000,0.0010,0.0000,-0.0010,1.0000,0.0000,0.0000,0.0000,1.0000,0.2836,0.2073,0.2889
485,4,6.5131,-0.2871,0.5062,1.0000,0.0010,0.0000,-0.0010,1.0000,0.0000,0.0000,0.0000,1.0000,0.2820,0.2947,0.2062
485,5,6.6806,-0.1502,0.6614,1.0000,0.0010,0.0000,-0.0010,1.0000,0.0000,0.0000,0.0000,1.0000,0.1112,0.2100,0.3614
485,6,6.7736,-0.1306,0.4265,1.0000,0.0010,0.0000,-0.0010,1.0000,0.0000,0.0000,0.0000,1.0000,0.1972,0.1336,0.1265
485,7,6.8825,-0.1220,0.4491,1.0000,0.0010,0.0000,-0.0010,1.0000,0.0000,0.0000,0.0000,1.0000,0.1624,0.1625,0.0548
485,8,6.9098,-0.0788,0.4472,1.0000,0.0010,0.0000,-0.0010,1.0000,0.0000,0.0000,0.0000,1.0000,0.0831,0.2046,0.1050
485,9,6.9400,-0.0125,0.4544,1.0000,0.0010,0.0000,-0.0010,1.0000,0.0000,0.0000,0.0000,1.0000,0.0210,0.0279,0.0569
485,10,6.9840,-0.0723,0.4546,1.0000,0.0010,0.0000,-0.0010,1.0000,0.0000,0.0000,0.0000,1.0000,0.0210,0.0279,0.0569
486,0,6.6938,-0.0064,0.4400,1.0000,0.0006,0.0000,-0.0006,1.0000,0.0000,0.0000,0.0000,1.0000,0.2577,0.2263,0.1400
486,1,6.7019,-0.0035,0.6052,1.0000,0.0006,0.0000,-0.0006,1.0000,0.0000,0.0000,0.0000,1.0000,0.1100,0.2168,0.3052
486,2,6.7778,-0.0638,0.5173,1.0000,0.0006,0.0000,-0.0006,1.0000,0.0000,0.0000,0.0000,1.0000,0.1101,0.3070,0.2173
486,3,6.8003,-0.2404,0.5889,1.0000,0.0006,0.0000,-0.0006,1.0000,0.0000,0.0000,0.0000,1.0000,0.2836,0.2073,0.2889
486,4,6.9185,-0.2869,0.5062,1.0000,0.0006,0.0000,-0.0006,1.0000,0.0000,0.0000,0.0000,1.0000,0.2820,0.2947,0.2062
486,5,7.0860,-0.1500,0.6614,1.0000,0.0006,0.0000,-0.0006,1.0000,0.0000,0.0000,0.0000,1.0000,0.1112,0.2100,0.3614
486,6,7.1790,-0.1304,0.4265,1.0000,0.0006,0.0000,-0.0006,1.0000,0.0000,0.0000,0.0000,1.0000,0.1972,0.1336,0.1265
486,7,7.2879,-0.1220,0.4491,1.0000,0.0006,0.0000,-0.0006,1.0000,0.0000,0.0000,0.0000,1.0000,0.1624,0.1625,0.0548
486,8,7.3152,-0.0787,0.4472,1.0000,0.0006,0.0000,-0.0006,1.0000,0.0000,0.0000,0.0000,1.0000,0.0831,0.2046,0.1050
486,9,7.3455,-0.0124,0.4544,1.0000,0.0006,0.0000,-0.0006,1.0000,0.0000,0.0000,0.0000,1.0000,0.0210,0.0279,0.0569
486,10,7.3894,-0.0723,0.4546,1.0000,0.0006,0.0000,-0.0006,1.0000,0.0000,0.0000,0.0000,1.0000,0.0210,0.0279,0.0569
487,0,7.1106,-0.0062,0.4400,1.0000,0.0002,0.0000,-0.0002,1.0000,0.0000,0.0000,0.0000,1.0000,0.2577,0.2263,0.1400
487,1,7.1187,-0.0033,0.6052,1.0000,0.0002,0.0000,-0.0002,1.0000,0.0000,0.0000,0.0000,1.0000,0.1100,0.2168,0.3052
487,2,7.1946,-0.0636,0.5173,1.0000,0.0002,0.0000,-0.0002,1.0000,0.0000,0.0000,0.0000,1.0000,0.1101,0.3070,0.2173
487,3,7.2170,-0.2403,0.5889,1.0000,0.0002,0.0000,-0.0002,1.0000,0.0000,0.0000,0.0000,1.0000,0.2836,0.2073,0.2889
487,4,7.3351,-0.2868,0.5062,1.0000,0.0002,0.0000,-0.0002,1.0000,0.0000,0.0000,0.0000,1.0000,0.2820,0.2947,0.2062
487,5,7.5027,-0.1500,0.6614,1.0000,0.0002,0.0000,-0.0002,1.0000,0.0000,0.0000,0.0000,1.0000,0.1112,0.2100,0.3614
487,6,7.5957,-0.1305,0.4265,1.0000,0.0002,0.0000,-0.0002,1.0000,0.0000,0.0000,0.0000,1.0000,0.1972,0.1336,0.1265
487,7,7.7046,-0.1220,0.4491,1.0000,0.0002,0.0000,-0.0002,1.0000,0.0000,0.0000,0.0000,1.0000,0.1624,0.1625,0.0548
487,8,7.7320,-0.0788,0.4472,1.0000,0.0002,0.0000,-0.0002,1.0000,0.0000,0.0000,0.0000,1.0000,0.0831,0.2046,0.1050
487,9,7.7623,-0.0125,0.4544,1.0000,0.0002,0.0000,-0.0002,1.0000,0.0000,0.0000,0.0000,1.0000,0.0210,0.0279,0.0569
487,10,7.8062,-0.0724,0.4546,1.0000,0.0002,0.0000,-0.0002,1.0000,0.0000,0.0000,0.0000,1.0000,0.0210,0.0279,0.0569
488,0,7.5379,-0.0062,0.4400,1.0000,0.0002,0.0000,-0.0002,1.0000,0.0000,0.0000,0.0000,1.0000,0.2577,0.2263,0.1400
488,1,7.5460,-0.0033,0.6052,1.0000,0.0002,0.0000,-0.0002,1.0000,0.0000,0.0000,0.0000,1.0000,0.1100,0.2168,0.3052
488,2,7.6220,-0.0635,0.5173,1.0000,0.0002,0.0000,-0.0002,1.0000,0.0000,0.0000,0.0000,1.0000,0.1101,0.3070,0.2173
488,3,7.6444,-0.2402,0.5889,1.0000,0.0002,0.0000,-0.0002,1.0000,0.0000,0.0000,0.0000,1.0000,0.2836,0.2073,0.2889
488,4,7.7625,-0.2867,0.5062,1.0000,0.0002,0.0000,-0.0002,1.0000,0.0000,0.0000,0.0000,1.0000,0.2820,0.2947,0.2062
488,5,7.9301,-0.1499,0.6614,1.0000,0.0002,0.0000,-0.0002,1.0000,0.0000,0.0000,0.0000,1.0000,0.1112,0.2100,0.3614
488,6,8.0231,-0.1304,0.4265,1.0000,0.0002,0.0000,-0.0002,1.0000,0.0000,0.0000,0.0000,1.0000,0.1972,0.1336,0.1265
488,7,8.1320,-0.1220,0.4491,1.0000,0.0002,0.0000,-0.0002,1.0000,0.0000,0.0000,0.0000,1.0000,0.1624,0.1625,0.0548
488,8,8.1594,-0.0788,0.4472,1.0000,0.0002,0.0000,-0.0002,1.0000,0.0000,0.0000,0.0000,1.0000,0.0831,0.2046,0.1050
488,9,8.1897,-0.0125,0.4544,1.0000,0.0002,0.0000,-0.0002,1.0000,0.0000,0.0000,0.0000,1.0000,0.0210,0.0279,0.0569
488,10,8.2336,-0.0723,0.4546,1.0000,0.0002,0.0000,-0.0002,1.0000,0.0000,0.0000,0.0000,1.0000,0.0210,0.0279,0.0569
489,0,7.9753,-0.0062,0.4400,1.0000,-0.0003,0.0000,0.0003,1.0000,0.0000,0.0000,0.0000,1.0000,0.2577,0.2263,0.1400
489,1,7.9834,-0.0033,0.6052,1.0000,-0.0003,0.0000,0.0003,1.0000,0.0000,0.0000,0.0000,1.0000,0.1100,0.2168,0.3052
489,2,8.0593,-0.0636,0.5173,1.0000,-0.0003,0.0000,0.0003,1.0000,0.0000,0.0000,0.0000,1.0000,0.1101,0.3070,0.2173
489,3,8.0816,-0.2403,0.5889,1.0000,-0.0003,0.0000,0.0003,1.0000,0.0000,0.0000,0.0000,1.0000,0.2836,0.2073,0.2889
489,4,8.1997,-0.2868,0.5062,1.0000,-0.0003,0.0000,0.0003,1.0000,0.0000,0.0000,0.0000,1.0000,0.2820,0.2947,0.2062
489,5,8.3673,-0.1501,0.6614,1.0000,-0.0003,0.0000,0.0003,1.0000,0.0000,0.0000,0.0000,1.0000,0.1112,0.2100,0.3614
489,6,8.4603,-0.1306,0.4265,1.0000,-0.0003,0.0000,0.0003,1.0000,0.0000,0.0000,0.0000,1.0000,0.1972,0.1336,0.1265
489,7,8.5692,-0.1223,0.4491,1.0000,-0.0003,0.0000,0.0003,1.0000,0.0000,0.0000,0.0000,1.0000,0.1624,0.1625,0.0548
489,8,8.5966,-0.0791,0.4472,1.0000,-0.0003,0.0000,0.0003,1.0000,0.0000,0.0000,0.0000,1.0000,0.0831,0.2046,0.1050
489,9,8.6270,-0.0128,0.4544,1.0000,-0.0003,0.0000,0.0003,1.0000,0.0000,0.0000,0.0000,1.0000,0.0210,0.0279,0.0569
489,10,8.6709,-0.0727,0.4546,1.0000,-0.0003,0.0000,0.0003,1.0000,0.0000,0.0000,0.0000,1.0000,0.0210,0.0279,0.0569
490,0,8.4220,-0.0065,0.4400,1.0000,-0.0015,0.0000,0.0015,1.0000,0.0000,0.0000,0.0000,1.0000,0.2577,0.2263,0.1400
490,1,8.4302,-0.0037,0.6052,1.0000,-0.0015,0.0000,0.0015,1.0000,0.0000,0.0000,0.0000,1.0000,0.1100,0.2168,0.3052
490,2,8.5060,-0.0641,0.5173,1.0000,-0.0015,0.0000,0.0015,1.0000,0.0000,0.0000,0.0000,1.0000,0.1101,0.3070,0.2173
490,3,8.5281,-0.2408,0.5889,1.0000,-0.0015,0.0000,0.0015,1.0000,0.0000,0.0000,0.0000,1.0000,0.2836,0.2073,0.2889
490,4,8.6461,-0.2875,0.5062,1.0000,-0.0015,0.0000,0.0015,1.0000,0.0000,0.0000,0.0000,1.0000,0.2820,0.2947,0.2062
490,5,8.8139,-0.1509,0.6614,1.0000,-0.0015,0.0000,0.0015,1.0000,0.0000,0.0000,0.0000,1.0000,0.1112,0.2100,0.3614
490,6,8.9070,-0.1316,0.4265,1.0000,-0.0015,0.0000,0.0015,1.0000,0.0000,0.0000,0.0000,1.0000,0.1972,0.1336,0.1265
490,7,9.0159,-0.1234,0.4491,1.0000,-0.0015,0.0000,0.0015,1.0000,0.0000,0.0000,0.0000,1.0000,0.1624,0.1625,0.0548
490,8,9.0433,-0.0802,0.4472,1.0000,-0.0015,0.0000,0.0015,1.0000,0.0000,0.0000,0.0000,1.0000,0.0831,0.2046,0.1050
490,9,9.0737,-0.0140,0.4544,1.0000,-0.0015,0.0000,0.0015,1.0000,0.0000,0.0000,0.0000,1.0000,0.0210,0.0279,0.0569
490,10,9.1175,-0.0739,0.4546,1.0000,-0.0015,0.0000,0.0015,1.0000,0.0000,0.0000,0.0000,1.0000,0.0210,0.0279,0.0569
491,0,8.8781,-0.0076,0.4400,1.0000,-0.0032,0.0000,0.0032,1.0000,0.0000,0.0000,0.0000,1.0000,0.2577,0.2263,0.1400
491,1,8.8862,-0.0047,0.6052,1.0000,-0.0032,0.0000,0.0032,1.0000,0.0000,0.0000,0.0000,1.0000,0.1100,0.2168,0.3052
491,2,8.9619,-0.0652,0.5173,1.0000,-0.0032,0.0000,0.0032,1.0000,0.0000,0.0000,0.0000,1.0000,0.1101,0.3070,0.2173
491,3,8.9838,-0.2420,0.5889,1.0000,-0.0032,0.0000,0.0032,1.0000,0.0000,0.0000,0.0000,1.0000,0.2836,0.2073,0.2889
491,4,9.1017,-0.2889,0.5062,1.0000,-0.0032,0.0000,0.0032,1.0000,0.0000,0.0000,0.0000,1.0000,0.2820,0.2947,0.2062
491,5,9.2698,-0.1526,0.6614,1.0000,-0.0032,0.0000,0.0032,1.0000,0.0000,0.0000,0.0000,1.0000,0.1112,0.2100,0.3614
491,6,9.3628,-0.1334,0.4265,1.0000,-0.0032,0.0000,0.0032,1.0000,0.0000,0.0000,0.0000,1.0000,0.1972,0.1336,0.1265
491,7,9.4718,-0.1254,0.4491,1.0000,-0.0032,0.0000,0.0032,1.0000,0.0000,0.0000,0.0000,1.0000,0.1624,0.1625,0.0548
491,8,9.4993,-0.0823,0.4472,1.0000,-0.0032,0.0000,0.0032,1.0000,0.0000,0.0000,0.0000,1.0000,0.0831,0.2046,0.1050
491,9,9.5298,-0.0161,0.4544,1.0000,-0.0032,0.0000,0.0032,1.0000,0.0000,0.0000,0.0000,1.0000,0.0210,0.0279,0.0569
491,10,9.5735,-0.0761,0.4546,1.0000,-0.0032,0.0000,0.0032,1.0000,0.0000,0.0000,0.0000,1.0000,0.0210,0.0279,0.0569
492,0,9.3433,-0.0094,0.4400,1.0000,-0.0051,0.0000,0.0051,1.0000,0.0000,0.0000,0.0000,1.0000,0.2577,0.2263,0.1400
492,1,9.3514,-0.0066,0.6052,1.0000,-0.0051,0.0000,0.0051,1.0000,0.0000,0.0000,0.0000,1.0000,0.1100,0.2168,0.3052
492,2,9.4270,-0.0673,0.5173,1.0000,-0.0051,0.0000,0.0051,1.0000,0.0000,0.0000,0.0000,1.0000,0.1101,0.3070,0.2173
492,3,9.4485,-0.2441,0.5889,1.0000,-0.0051,0.0000,0.0051,1.0000,0.0000,0.0000,0.0000,1.0000,0.2836,0.2073,0.2889
492,4,9.5664,-0.2912,0.5062,1.0000,-0.0051,0.0000,0.0051,1.0000,0.0000,0.0000,0.0000,1.0000,0.2820,0.2947,0.2062
492,5,9.7347,-0.1552,0.6614,1.0000,-0.0051,0.0000,0.0051,1.0000,0.0000,0.0000,0.0000,1.0000,0.1112,0.2100,0.3614
492,6,9.8278,-0.1362,0.4265,1.0000,-0.0051,0.0000,0.0051,1.0000,0.0000,0.0000,0.0000,1.0000,0.1972,0.1336,0.1265
492,7,9.9367,-0.1284,0.4491,1.0000,-0.0051,0.0000,0.0051,1.0000,0.0000,0.0000,0.0000,1.0000,0.1624,0.1625,0.0548
492,8,9.9643,-0.0853,0.4472,1.0000,-0.0051,0.0000,0.0051,1.0000,0.0000,0.0000,0.0000,1.0000,0.0831,0.2046,0.1050
492,9,9.9950,-0.0192,0.4544,1.0000,-0.0051,0.0000,0.0051,1.0000,0.0000,0.0000,0.0000,1.0000,0.0210,0.0279,0.0569
492,10,10.0386,-0.0793,0.4546,1.0000,-0.0051,0.0000,0.0051,1.0000,0.0000,0.0000,0.0000,1.0000,0.0210,0.0279,0.0569
493,0,9.8173,-0.0123,0.4400,1.0000,-0.0075,0.0000,0.0075,1.0000,0.0000,0.0000,0.0000,1.0000,0.2577,0.2263,0.1400
493,1,9.8254,-0.0095,0.6052,1.0000,-0.0075,0.0000,0.0075,1.0000,0.0000,0.0000,0.0000,1.0000,0.1100,0.2168,0.3052
493,2,9.9009,-0.0703,0.5173,1.0000,-0.0075,0.0000,0.0075,1.0000,0.0000,0.0000,0.0000,1.0000,0.1101,0.3070,0.2173
493,3,9.9219,-0.2472,0.5889,1.0000,-0.0075,0.0000,0.0075,1.0000,0.0000,0.0000,0.0000,1.0000,0.2836,0.2073,0.2889
493,4,10.0397,-0.2946,0.5062,1.0000,-0.0075,0.0000,0.0075,1.0000,0.0000,0.0000,0.0000,1.0000,0.2820,0.2947,0.2062
493,5,10.2083,-0.1590,0.6614,1.0000,-0.0075,0.0000,0.0075,1.0000,0.0000,0.0000,0.0000,1.0000,0.1112,0.2100,0.3614
493,6,10.3014,-0.1402,0.4265,1.0000,-0.0075,0.0000,0.0075,1.0000,0.0000,0.0000,0.0000,1.0000,0.1972,0.1336,0.1265
493,7,10.4104,-0.1327,0.4491,1.0000,-0.0075,0.0000,0.0075,1.0000,0.0000,0.0000,0.0000,1.0000,0.1624,0.1625,0.0548
493,8,10.4381,-0.0897,0.4472,1.0000,-0.0075,0.0000,0.0075,1.0000,0.0000,0.0000,0.0000,1.0000,0.0831,0.2046,0.1050
493,9,10.4689,-0.0236,0.4544,1.0000,-0.0075,0.0000,0.0075,1.0000,0.0000,0.0000,0.0000,1.0000,0.0210,0.0279,0.0569
493,10,10.5124,-0.0838,0.4546,1.0000,-0.0075,0.0000,0.0075,1.0000,0.0000,0.0000,0.0000,1.0000,0.0210,0.0279,0.0569
494,0,10.2997,-0.0167,0.4400,0.9999,-0.0111,0.0000,0.0111,0.9999,0.0000,0.0000,0.0000,1.0000,0.2577,0.2263,0.1400
494,1,10.3079,-0.0139,0.6052,0.9999,-0.0111,0.0000,0.0111,0.9999,0.0000,0.0000,0.0000,1.0000,0.1100,0.2168,0.3052
494,2,10.3831,-0.0750,0.5173,0.9999,-0.0111,0.0000,0.0111,0.9999,0.0000,0.0000,0.0000,1.0000,0.1101,0.3070,0.2173
494,3,10.4035,-0.2519,0.5889,0.9999,-0.0111,0.0000,0.0111,0.9999,0.0000,0.0000,0.0000,1.0000,0.2836,0.2073,0.2889
494,4,10.5211,-0.2997,0.5062,0.9999,-0.0111,0.0000,0.0111,0.9999,0.0000,0.0000,0.0000,1.0000,0.2820,0.2947,0.2062
494,5,10.6902,-0.1648,0.6614,0.9999,-0.0111,0.0000,0.0111,0.9999,0.0000,0.0000,0.0000,1.0000,0.1112,0.2100,0.3614
494,6,10.7834,-0.1464,0.4265,0.9999,-0.0111,0.0000,0.0111,0.9999,0.0000,0.0000,0.0000,1.0000,0.1972,0.1336,0.1265
494,7,10.8924,-0.1392,0.4491,0.9999,-0.0111,0.0000,0.0111,0.9999,0.0000,0.0000,0.0000,1.0000,0.1624,0.1625,0.0548
494,8,10.9203,-0.0963,0.4472,0.9999,-0.0111,0.0000,0.0111,0.9999,0.0000,0.0000,0.0000,1.0000,0.0831,0.2046,0.1050
494,9,10.9513,-0.0303,0.4544,0.9999,-0.0111,0.0000,0.0111,0.9999,0.0000,0.0000,0.0000,1.0000,0.0210,0.0279,0.0569
494,10,10.9946,-0.0907,0.4546,0.9999,-0.0111,0.0000,0.0111,0.9999,0.0000,0.0000,0.0000,1.0000,0.0210,0.0279,0.0569
495,0,10.7904,-0.0231,0.4400,0.9999,-0.0158,0.0000,0.0158,0.9999,0.0000,0.0000,0.0000,1.0000,0.2577,0.2263,0.1400
495,1,10.7986,-0.0203,0.6052,0.9999,-0.0158,0.0000,0.0158,0.9999,0.0000,0.0000,0.0000,1.0000,0.1100,0.2168,0.3052
495,2,10.8735,-0.0818,0.5173,0.9999,-0.0158,0.0000,0.0158,0.9999,0.0000,0.0000,0.0000,1.0000,0.1101,0.3070,0.2173
495,3,10.8931,-0.2588,0.5889,0.9999,-0.0158,0.0000,0.0158,0.9999,0.0000,0.0000,0.0000,1.0000,0.2836,0.2073,0.2889
495,4,11.0105,-0.3072,0.5062,0.9999,-0.0158,0.0000,0.0158,0.9999,0.0000,0.0000,0.0000,1.0000,0.2820,0.2947,0.2062
495,5,11.1802,-0.1731,0.6614,0.9999,-0.0158,0.0000,0.0158,0.9999,0.0000,0.0000,0.0000,1.0000,0.1112,0.2100,0.3614
495,6,11.2735,-0.1551,0.4265,0.9999,-0.0158,0.0000,0.0158,0.9999,0.0000,0.0000,0.0000,1.0000,0.1972,0.1336,0.1265
495,7,11.3825,-0.1484,0.4491,0.9999,-0.0158,0.0000,0.0158,0.9999,0.0000,0.0000,0.0000,1.0000,0.1624,0.1625,0.0548
495,8,11.4106,-0.1056,0.4472,0.9999,-0.0158,0.0000,0.0158,0.9999,0.0000,0.0000,0.0000,1.0000,0.0831,0.2046,0.1050
495,9,11.4420,-0.0398,0.4544,0.9999,-0.0158,0.0000,0.0158,0.9999,0.0000,0.0000,0.0000,1.0000,0.0210,0.0279,0.0569
495,10,11.4849,-0.1004,0.4546,0.9999,-0.0158,0.0000,0.0158,0.9999,0.0000,0.0000,0.0000,1.0000,0.0210,0.0279,0.0569
496,0,11.2892,-0.0321,0.4400,0.9998,-0.0209,0.0000,0.0209,0.9998,0.0000,0.0000,0.0000,1.0000,0.2577,0.2263,0.1400
496,1,11.2973,-0.0293,0.6052,0.9998,-0.0209,0.0000,0.0209,0.9998,0.0000,0.0000,0.0000,1.0000,0.1100,0.2168,0.3052
496,2,11.3719,-0.0912,0.5173,0.9998,-0.0209,0.0000,0.0209,0.9998,0.0000,0.0000,0.0000,1.0000,0.1101,0.3070,0.2173
496,3,11.3906,-0.2683,0.5889,0.9998,-0.0209,0.0000,0.0209,0.9998,0.0000,0.0000,0.0000,1.0000,0.2836,0.2073,0.2889
496,4,11.5077,-0.3173,0.5062,0.9998,-0.0209,0.0000,0.0209,0.9998,0.0000,0.0000,0.0000,1.0000,0.2820,0.2947,0.2062
496,5,11.6782,-0.1840,0.6614,0.9998,-0.0209,0.0000,0.0209,0.9998,0.0000,0.0000,0.0000,1.0000,0.1112,0.2100,0.3614
496,6,11.7716,-0.1665,0.4265,0.9998,-0.0209,0.0000,0.0209,0.9998,0.0000,0.0000,0.0000,1.0000,0.1972,0.1336,0.1265
496,7,11.8806,-0.1604,0.4491,0.9998,-0.0209,0.0000,0.0209,0.9998,0.0000,0.0000,0.0000,1.0000,0.1624,0.1625,0.0548
496,8,11.9089,-0.1178,0.4472,0.9998,-0.0209,0.0000,0.0209,0.9998,0.0000,0.0000,0.0000,1.0000,0.0831,0.2046,0.1050
496,9,11.9406,-0.0521,0.4544,0.9998,-0.0209,0.0000,0.0209,0.9998,0.0000,0.0000,0.0000,1.0000,0.0210,0.0279,0.0569
496,10,11.9832,-0.1129,0.4546,0.9998,-0.0209,0.0000,0.0209,0.9998,0.0000,0.0000,0.0000,1.0000,0.0210,0.0279,0.0569
497,0,11.7956,-0.0441,0.4400,0.9996,-0.0275,0.0000,0.0275,0.9996,0.0000,0.0000,0.0000,1.0000,0.2577,0.2263,0.1400
497,1,11.8038,-0.0414,0.6052,0.9996,-0.0275,0.0000,0.0275,0.9996,0.0000,0.0000,0.0000,1.0000,0.1100,0.2168,0.3052
497,2,11.8780,-0.1038,0.5173,0.9996,-0.0275,0.0000,0.0275,0.9996,0.0000,0.0000,0.0000,1.0000,0.1101,0.3070,0.2173
497,3,11.8955,-0.2810,0.5889,0.9996,-0.0275,0.0000,0.0275,0.9996,0.0000,0.0000,0.0000,1.0000,0.2836,0.2073,0.2889
497,4,12.0123,-0.3308,0.5062,0.9996,-0.0275,0.0000,0.0275,0.9996,0.0000,0.0000,0.0000,1.0000,0.2820,0.2947,0.2062
497,5,12.1836,-0.1986,0.6614,0.9996,-0.0275,0.0000,0.0275,0.9996,0.0000,0.0000,0.0000,1.0000,0.1112,0.2100,0.3614
497,6,12.2771,-0.1817,0.4265,0.9996,-0.0275,0.0000,0.0275,0.9996,0.0000,0.0000,0.0000,1.0000,0.1972,0.1336,0.1265
497,7,12.3862,-0.1763,0.4491,0.9996,-0.0275,0.0000,0.0275,0.9996,0.0000,0.0000,0.0000,1.0000,0.1624,0.1625,0.0548
497,8,12.4147,-0.1338,0.4472,0.9996,-0.0275,0.0000,0.0275,0.9996,0.0000,0.0000,0.0000,1.0000,0.0831,0.2046,0.1050
497,9,12.4469,-0.0684,0.4544,0.9996,-0.0275,0.0000,0.0275,0.9996,0.0000,0.0000,0.0000,1.0000,0.0210,0.0279,0.0569
497,10,12.4891,-0.1295,0.4546,0.9996,-0.0275,0.0000,0.0275,0.9996,0.0000,0.0000,0.0000,1.0000,0.0210,0.0279,0.0569
498,0,12.3092,-0.0599,0.4400,0.9994,-0.0355,0.0000,0.0355,0.9994,0.0000,0.0000,0.0000,1.0000,0.2577,0.2263,0.1400
498,1,12.3174,-0.0573,0.6052,0.9994,-0.0355,0.0000,0.0355,0.9994,0.0000,0.0000,0.0000,1.0000,0.1100,0.2168,0.3052
498,2,12.3911,-0.1203,0.5173,0.9994,-0.0355,0.0000,0.0355,0.9994,0.0000,0.0000,0.0000,1.0000,0.1101,0.3070,0.2173
498,3,12.4072,-0.2977,0.5889,0.9994,-0.0355,0.0000,0.0355,0.9994,0.0000,0.0000,0.0000,1.0000,0.2836,0.2073,0.2889
498,4,12.5236,-0.3483,0.5062,0.9994,-0.0355,0.0000,0.0355,0.9994,0.0000,0.0000,0.0000,1.0000,0.2820,0.2947,0.2062
498,5,12.6959,-0.2176,0.6614,0.9994,-0.0355,0.0000,0.0355,0.9994,0.0000,0.0000,0.0000,1.0000,0.1112,0.2100,0.3614
498,6,12.7896,-0.2014,0.4265,0.9994,-0.0355,0.0000,0.0355,0.9994,0.0000,0.0000,0.0000,1.0000,0.1972,0.1336,0.1265
498,7,12.8987,-0.1968,0.4491,0.9994,-0.0355,0.0000,0.0355,0.9994,0.0000,0.0000,0.0000,1.0000,0.1624,0.1625,0.0548
498,8,12.9276,-0.1546,0.4472,0.9994,-0.0355,0.0000,0.0355,0.9994,0.0000,0.0000,0.0000,1.0000,0.0831,0.2046,0.1050
498,9,12.9602,-0.0895,0.4544,0.9994,-0.0355,0.0000,0.0355,0.9994,0.0000,0.0000,0.0000,1.0000,0.0210,0.0279,0.0569
498,10,13.0020,-0.1509,0.4546,0.9994,-0.0355,0.0000,0.0355,0.9994,0.0000,0.0000,0.0000,1.0000,0.0210,0.0279,0.0569
499,0,12.8295,-0.0804,0.4400,0.9990,-0.0446,0.0000,0.0446,0.9990,0.0000,0.0000,0.0000,1.0000,0.2577,0.2263,0.1400
499,1,12.8377,-0.0779,0.6052,0.9990,-0.0446,0.0000,0.0446,0.9990,0.0000,0.0000,0.0000,1.0000,0.1100,0.2168,0.3052
499,2,12.9109,-0.1415,0.5173,0.9990,-0.0446,0.0000,0.0446,0.9990,0.0000,0.0000,0.0000,1.0000,0.1101,0.3070,0.2173
499,3,12.9254,-0.3191,0.5889,0.9990,-0.0446,0.0000,0.0446,0.9990,0.0000,0.0000,0.0000,1.0000,0.2836,0.2073,0.2889
499,4,13.0413,-0.3708,0.5062,0.9990,-0.0446,0.0000,0.0446,0.9990,0.0000,0.0000,0.0000,1.0000,0.2820,0.2947,0.2062
499,5,13.2148,-0.2416,0.6614,0.9990,-0.0446,0.0000,0.0446,0.9990,0.0000,0.0000,0.0000,1.0000,0.1112,0.2100,0.3614
499,6,13.3086,-0.2263,0.4265,0.9990,-0.0446,0.0000,0.0446,0.9990,0.0000,0.0000,0.0000,1.0000,0.1972,0.1336,0.1265
499,7,13.4178,-0.2227,0.4491,0.9990,-0.0446,0.0000,0.0446,0.9990,0.0000,0.0000,0.0000,1.0000,0.1624,0.1625,0.0548
499,8,13.4471,-0.1808,0.4472,0.9990,-0.0446,0.0000,0.0446,0.9990,0.0000,0.0000,0.0000,1.0000,0.0831,0.2046,0.1050
499,9,13.4803,-0.1159,0.4544,0.9990,-0.0446,0.0000,0.0446,0.9990,0.0000,0.0000,0.0000,1.0000,0.0210,0.0279,0.0569
499,10,13.5215,-0.1777,0.4546,0.9990,-0.0446,0.0000,0.0446,0.9990,0.0000,0.0000,0.0000,1.0000,0.0210,0.0279,0.0569
500,0,13.3561,-0.1062,0.4400,0.9985,-0.0546,0.0000,0.0546,0.9985,0.0000,0.0000,0.0000,1.0000,0.2577,0.2263,0.1400
500,1,13.3644,-0.1038,0.6052,0.9985,-0.0546,0.0000,0.0546,0.9985,0.0000,0.0000,0.0000,1.0000,0.1100,0.2168,0.3052
500,2,13.4368,-0.1681,0.5173,0.9985,-0.0546,0.0000,0.0546,0.9985,0.0000,0.0000,0.0000,1.0000,0.1101,0.3070,0.2173
500,3,13.4496,-0.3458,0.5889,0.9985,-0.0546,0.0000,0.0546,0.9985,0.0000,0.0000,0.0000,1.0000,0.2836,0.2073,0.2889
500,4,13.5649,-0.3987,0.5062,0.9985,-0.0546,0.0000,0.0546,0.9985,0.0000,0.0000,0.0000,1.0000,0.2820,0.2947,0.2062
500,5,13.7398,-0.2712,0.6614,0.9985,-0.0546,0.0000,0.0546,0.9985,0.0000,0.0000,0.0000,1.0000,0.1112,0.2100,0.3614
500,6,13.8337,-0.2568,0.4265,0.9985,-0.0546,0.0000,0.0546,0.9985,0.0000,0.0000,0.0000,1.0000,0.1972,0.1336,0.1265
500,7,13.9429,-0.2544,0.4491,0.9985,-0.0546,0.0000,0.0546,0.9985,0.0000,0.0000,0.0000,1.0000,0.1624,0.1625,0.0548
500,8,13.9726,-0.2128,0.4472,0.9985,-0.0546,0.0000,0.0546,0.9985,0.0000,0.0000,0.0000,1.0000,0.0831,0.2046,0.1050
500,9,14.0065,-0.1482,0.4544,0.9985,-0.0546,0.0000,0.0546,0.9985,0.0000,0.0000,0.0000,1.0000,0.0210,0.0279,0.0569
500,10,14.0470,-0.2104,0.4546,0.9985,-0.0546,0.0000,0.0546,0.9985,0.0000,0.0000,0.0000,1.0000,0.0210,0.0279,0.0569
501,0,13.8882,-0.1378,0.4400,0.9978,-0.0656,0.0000,0.0656,0.9978,0.0000,0.0000,0.0000,1.0000,0.2577,0.2263,0.1400
501,1,13.8965,-0.1355,0.6052,0.9978,-0.0656,0.0000,0.0656,0.9978,0.0000,0.0000,0.0000,1.0000,0.1100,0.2168,0.3052
501,2,13.9682,-0.2006,0.5173,0.9978,-0.0656,0.0000,0.0656,0.9978,0.0000,0.0000,0.0000,1.0000,0.1101,0.3070,0.2173
501,3,13.9790,-0.3784,0.5889,0.9978,-0.0656,0.0000,0.0656,0.9978,0.0000,0.0000,0.0000,1.0000,0.2836,0.2073,0.2889
501,4,14.0938,-0.4325,0.5062,0.9978,-0.0656,0.0000,0.0656,0.9978,0.0000,0.0000,0.0000,1.0000,0.2820,0.2947,0.2062
501,5,14.2700,-0.3070,0.6614,0.9978,-0.0656,0.0000,0.0656,0.9978,0.0000,0.0000,0.0000,1.0000,0.1112,0.2100,0.3614
501,6,14.3641,-0.2937,0.4265,0.9978,-0.0656,0.0000,0.0656,0.9978,0.0000,0.0000,0.0000,1.0000,0.1972,0.1336,0.1265
501,7,14.4733,-0.2924,0.4491,0.9978,-0.0656,0.0000,0.0656,0.9978,0.0000,0.0000,0.0000,1.0000,0.1624,0.1625,0.0548
501,8,14.5035,-0.2511,0.4472,0.9978,-0.0656,0.0000,0.0656,0.9978,0.0000,0.0000,0.0000,1.0000,0.0831,0.2046,0.1050
501,9,14.5381,-0.1869,0.4544,0.9978,-0.0656,0.0000,0.0656,0.9978,0.0000,0.0000,0.0000,1.0000,0.0210,0.0279,0.0569
501,10,14.5779,-0.2496,0.4546,0.9978,-0.0656,0.0000,0.0656,0.9978,0.0000,0.0000,0.0000,1.0000,0.0210,0.0279,0.0569
502,0,14.4249,-0.1757,0.4400,0.9970,-0.0770,0.0000,0.0770,0.9970,0.0000,0.0000,0.0000,1.0000,0.2577,0.2263,0.1400
502,1,14.4332,-0.1734,0.6052,0.9970,-0.0770,0.0000,0.0770,0.9970,0.0000,0.0000,0.0000,1.0000,0.1100,0.2168,0.3052
502,2,14.5042,-0.2394,0.5173,0.9970,-0.0770,0.0000,0.0770,0.9970,0.0000,0.0000,0.0000,1.0000,0.1101,0.3070,0.2173
502,3,14.5130,-0.4173,0.5889,0.9970,-0.0770,0.0000,0.0770,0.9970,0.0000,0.0000,0.0000,1.0000,0.2836,0.2073,0.2889
502,4,14.6271,-0.4728,0.5062,0.9970,-0.0770,0.0000,0.0770,0.9970,0.0000,0.0000,0.0000,1.0000,0.2820,0.2947,0.2062
502,5,14.8048,-0.3493,0.6614,0.9970,-0.0770,0.0000,0.0770,0.9970,0.0000,0.0000,0.0000,1.0000,0.1112,0.2100,0.3614
502,6,14.8990,-0.3370,0.4265,0.9970,-0.0770,0.0000,0.0770,0.9970,0.0000,0.0000,0.0000,1.0000,0.1972,0.1336,0.1265
502,7,15.0082,-0.3370,0.4491,0.9970,-0.0770,0.0000,0.0770,0.9970,0.0000,0.0000,0.0000,1.0000,0.1624,0.1625,0.0548
502,8,15.0389,-0.2960,0.4472,0.9970,-0.0770,0.0000,0.0770,0.9970,0.0000,0.0000,0.0000,1.0000,0.0831,0.2046,0.1050
502,9,15.0742,-0.2323,0.4544,0.9970,-0.0770,0.0000,0.0770,0.9970,0.0000,0.0000,0.0000,1.0000,0.0210,0.0279,0.0569
502,10,15.1133,-0.2954,0.4546,0.9970,-0.0770,0.0000,0.0770,0.9970,0.0000,0.0000,0.0000,1.0000,0.0210,0.0279,0.0569
503,0,14.9658,-0.2202,0.4400,0.9960,-0.0888,0.0000,0.0888,0.9960,0.0000,0.0000,0.0000,1.0000,0.2577,0.2263,0.1400
503,1,14.9741,-0.2181,0.6052,0.9960,-0.0888,0.0000,0.0888,0.9960,0.0000,0.0000,0.0000,1.0000,0.1100,0.2168,0.3052
503,2,15.0444,-0.2849,0.5173,0.9960,-0.0888,0.0000,0.0888,0.9960,0.0000,0.0000,0.0000,1.0000,0.1101,0.3070,0.2173
503,3,15.0510,-0.4629,0.5889,0.9960,-0.0888,0.0000,0.0888,0.9960,0.0000,0.0000,0.0000,1.0000,0.2836,0.2073,0.2889
503,4,15.1645,-0.5197,0.5062,0.9960,-0.0888,0.0000,0.0888,0.9960,0.0000,0.0000,0.0000,1.0000,0.2820,0.2947,0.2062
503,5,15.3436,-0.3983,0.6614,0.9960,-0.0888,0.0000,0.0888,0.9960,0.0000,0.0000,0.0000,1.0000,0.1112,0.2100,0.3614
503,6,15.4380,-0.3871,0.4265,0.9960,-0.0888,0.0000,0.0888,0.9960,0.0000,0.0000,0.0000,1.0000,0.1972,0.1336,0.1265
503,7,15.5472,-0.3885,0.4491,0.9960,-0.0888,0.0000,0.0888,0.9960,0.0000,0.0000,0.0000,1.0000,0.1624,0.1625,0.0548
503,8,15.5783,-0.3479,0.4472,0.9960,-0.0888,0.0000,0.0888,0.9960,0.0000,0.0000,0.0000,1.0000,0.0831,0.2046,0.1050
503,9,15.6144,-0.2845,0.4544,0.9960,-0.0888,0.0000,0.0888,0.9960,0.0000,0.0000,0.0000,1.0000,0.0210,0.0279,0.0569
503,10,15.6528,-0.3481,0.4546,0.9960,-0.0888,0.0000,0.0888,0.9960,0.0000,0.0000,0.0000,1.0000,0.0210,0.0279,0.0569
504,0,15.5106,-0.2718,0.4400,0.9949,-0.1014,0.0000,0.1014,0.9949,0.0000,0.0000,0.0000,1.0000,0.2577,0.2263,0.1400
504,1,15.5189,-0.2697,0.6052,0.9949,-0.1014,0.0000,0.1014,0.9949,0.0000,0.0000,0.0000,1.0000,0.1100,0.2168,0.3052
504,2,15.5883,-0.3374,0.5173,0.9949,-0.1014,0.0000,0.1014,0.9949,0.0000,0.0000,0.0000,1.0000,0.1101,0.3070,0.2173
504,3,15.5927,-0.5155,0.5889,0.9949,-0.1014,0.0000,0.1014,0.9949,0.0000,0.0000,0.0000,1.0000,0.2836,0.2073,0.2889
504,4,15.7055,-0.5737,0.5062,0.9949,-0.1014,0.0000,0.1014,0.9949,0.0000,0.0000,0.0000,1.0000,0.2820,0.2947,0.2062
504,5,15.8861,-0.4546,0.6614,0.9949,-0.1014,0.0000,0.1014,0.9949,0.0000,0.0000,0.0000,1.0000,0.1112,0.2100,0.3614
504,6,15.9806,-0.4446,0.4265,0.9949,-0.1014,0.0000,0.1014,0.9949,0.0000,0.0000,0.0000,1.0000,0.1972,0.1336,0.1265
504,7,16.0898,-0.4473,0.4491,0.9949,-0.1014,0.0000,0.1014,0.9949,0.0000,0.0000,0.0000,1.0000,0.1624,0.1625,0.0548
504,8,16.1214,-0.4071,0.4472,0.9949,-0.1014,0.0000,0.1014,0.9949,0.0000,0.0000,0.0000,1.0000,0.0831,0.2046,0.1050
504,9,16.1583,-0.3442,0.4544,0.9949,-0.1014,0.0000,0.1014,0.9949,0.0000,0.0000,0.0000,1.0000,0.0210,0.0279,0.0569
504,10,16.1959,-0.4082,0.4546,0.9949,-0.1014,0.0000,0.1014,0.9949,0.0000,0.0000,0.0000,1.0000,0.0210,0.0279,0.0569
505,0,16.0588,-0.3308,0.4400,0.9934,-0.1148,0.0000,0.1148,0.9934,0.0000,0.0000,0.0000,1.0000,0.2577,0.2263,0.1400
505,1,16.0671,-0.3289,0.6052,0.9934,-0.1148,0.0000,0.1148,0.9934,0.0000,0.0000,0.0000,1.0000,0.1100,0.2168,0.3052
505,2,16.1356,-0.3975,0.5173,0.9934,-0.1148,0.0000,0.1148,0.9934,0.0000,0.0000,0.0000,1.0000,0.1101,0.3070,0.2173
505,3,16.1376,-0.5756,0.5889,0.9934,-0.1148,0.0000,0.1148,0.9934,0.0000,0.0000,0.0000,1.0000,0.2836,0.2073,0.2889
505,4,16.2496,-0.6354,0.5062,0.9934,-0.1148,0.0000,0.1148,0.9934,0.0000,0.0000,0.0000,1.0000,0.2820,0.2947,0.2062
505,5,16.4318,-0.5187,0.6614,0.9934,-0.1148,0.0000,0.1148,0.9934,0.0000,0.0000,0.0000,1.0000,0.1112,0.2100,0.3614
505,6,16.5264,-0.5100,0.4265,0.9934,-0.1148,0.0000,0.1148,0.9934,0.0000,0.0000,0.0000,1.0000,0.1972,0.1336,0.1265
505,7,16.6355,-0.5142,0.4491,0.9934,-0.1148,0.0000,0.1148,0.9934,0.0000,0.0000,0.0000,1.0000,0.1624,0.1625,0.0548
505,8,16.6677,-0.4744,0.4472,0.9934,-0.1148,0.0000,0.1148,0.9934,0.0000,0.0000,0.0000,1.0000,0.0831,0.2046,0.1050
505,9,16.7054,-0.4120,0.4544,0.9934,-0.1148,0.0000,0.1148,0.9934,0.0000,0.0000,0.0000,1.0000,0.0210,0.0279,0.0569
505,10,16.7422,-0.4765,0.4546,0.9934,-0.1148,0.0000,0.1148,0.9934,0.0000,0.0000,0.0000,1.0000,0.0210,0.0279,0.0569
506,0,16.6093,-0.3980,0.4400,0.9916,-0.1296,0.0000,0.1296,0.9916,0.0000,0.0000,0.0000,1.0000,0.2577,0.2263,0.1400
506,1,16.6177,-0.3962,0.6052,0.9916,-0.1296,0.0000,0.1296,0.9916,0.0000,0.0000,0.0000,1.0000,0.1100,0.2168,0.3052
506,2,16.6852,-0.4658,0.5173,0.9916,-0.1296,0.0000,0.1296,0.9916,0.0000,0.0000,0.0000,1.0000,0.1101,0.3070,0.2173
506,3,16.6845,-0.6439,0.5889,0.9916,-0.1296,0.0000,0.1296,0.9916,0.0000,0.0000,0.0000,1.0000,0.2836,0.2073,0.2889
506,4,16.7956,-0.7054,0.5062,0.9916,-0.1296,0.0000,0.1296,0.9916,0.0000,0.0000,0.0000,1.0000,0.2820,0.2947,0.2062
506,5,16.9795,-0.5914,0.6614,0.9916,-0.1296,0.0000,0.1296,0.9916,0.0000,0.0000,0.0000,1.0000,0.1112,0.2100,0.3614
506,6,17.0742,-0.5842,0.4265,0.9916,-0.1296,0.0000,0.1296,0.9916,0.0000,0.0000,0.0000,1.0000,0.1972,0.1336,0.1265
506,7,17.1833,-0.5900,0.4491,0.9916,-0.1296,0.0000,0.1296,0.9916,0.0000,0.0000,0.0000,1.0000,0.1624,0.1625,0.0548
506,8,17.2161,-0.5507,0.4472,0.9916,-0.1296,0.0000,0.1296,0.9916,0.0000,0.0000,0.0000,1.0000,0.0831,0.2046,0.1050
506,9,17.2547,-0.4889,0.4544,0.9916,-0.1296,0.0000,0.1296,0.9916,0.0000,0.0000,0.0000,1.0000,0.0210,0.0279,0.0569
506,10,17.2905,-0.5539,0.4546,0.9916,-0.1296,0.0000,0.1296,0.9916,0.0000,0.0000,0.0000,1.0000,0.0210,0.0279,0.0569
507,0,17.1605,-0.4737,0.4400,0.9895,-0.1446,0.0000,0.1446,0.9895,0.0000,0.0000,0.0000,1.0000,0.2577,0.2263,0.1400
507,1,17.1690,-0.4720,0.6052,0.9895,-0.1446,0.0000,0.1446,0.9895,0.0000,0.0000,0.0000,1.0000,0.1100,0.2168,0.3052
507,2,17.2354,-0.5426,0.5173,0.9895,-0.1446,0.0000,0.1446,0.9895,0.0000,0.0000,0.0000,1.0000,0.1101,0.3070,0.2173
507,3,17.2320,-0.7207,0.5889,0.9895,-0.1446,0.0000,0.1446,0.9895,0.0000,0.0000,0.0000,1.0000,0.2836,0.2073,0.2889
507,4,17.3421,-0.7838,0.5062,0.9895,-0.1446,0.0000,0.1446,0.9895,0.0000,0.0000,0.0000,1.0000,0.2820,0.2947,0.2062
507,5,17.5277,-0.6727,0.6614,0.9895,-0.1446,0.0000,0.1446,0.9895,0.0000,0.0000,0.0000,1.0000,0.1112,0.2100,0.3614
507,6,17.6226,-0.6668,0.4265,0.9895,-0.1446,0.0000,0.1446,0.9895,0.0000,0.0000,0.0000,1.0000,0.1972,0.1336,0.1265
507,7,17.7316,-0.6743,0.4491,0.9895,-0.1446,0.0000,0.1446,0.9895,0.0000,0.0000,0.0000,1.0000,0.1624,0.1625,0.0548
507,8,17.7649,-0.6355,0.4472,0.9895,-0.1446,0.0000,0.1446,0.9895,0.0000,0.0000,0.0000,1.0000,0.0831,0.2046,0.1050
507,9,17.8045,-0.5742,0.4544,0.9895,-0.1446,0.0000,0.1446,0.9895,0.0000,0.0000,0.0000,1.0000,0.0210,0.0279,0.0569
507,10,17.8393,-0.6399,0.4546,0.9895,-0.1446,0.0000,0.1446,0.9895,0.0000,0.0000,0.0000,1.0000,0.0210,0.0279,0.0569
508,0,17.7110,-0.5581,0.4400,0.9870,-0.1607,0.0000,0.1607,0.9870,0.0000,0.0000,0.0000,1.0000,0.2577,0.2263,0.1400
508,1,17.7195,-0.5565,0.6052,0.9870,-0.1607,0.0000,0.1607,0.9870,0.0000,0.0000,0.0000,1.0000,0.1100,0.2168,0.3052
508,2,17.7847,-0.6282,0.5173,0.9870,-0.1607,0.0000,0.1607,0.9870,0.0000,0.0000,0.0000,1.0000,0.1101,0.3070,0.2173
508,3,17.7784,-0.8062,0.5889,0.9870,-0.1607,0.0000,0.1607,0.9870,0.0000,0.0000,0.0000,1.0000,0.2836,0.2073,0.2889
508,4,17.8875,-0.8711,0.5062,0.9870,-0.1607,0.0000,0.1607,0.9870,0.0000,0.0000,0.0000,1.0000,0.2820,0.2947,0.2062
508,5,18.0749,-0.7630,0.6614,0.9870,-0.1607,0.0000,0.1607,0.9870,0.0000,0.0000,0.0000,1.0000,0.1112,0.2100,0.3614
508,6,18.1699,-0.7587,0.4265,0.9870,-0.1607,0.0000,0.1607,0.9870,0.0000,0.0000,0.0000,1.0000,0.1972,0.1336,0.1265
508,7,18.2787,-0.7679,0.4491,0.9870,-0.1607,0.0000,0.1607,0.9870,0.0000,0.0000,0.0000,1.0000,0.1624,0.1625,0.0548
508,8,18.3127,-0.7297,0.4472,0.9870,-0.1607,0.0000,0.1607,0.9870,0.0000,0.0000,0.0000,1.0000,0.0831,0.2046,0.1050
508,9,18.3532,-0.6691,0.4544,0.9870,-0.1607,0.0000,0.1607,0.9870,0.0000,0.0000,0.0000,1.0000,0.0210,0.0279,0.0569
508,10,18.3869,-0.7353,0.4546,0.9870,-0.1607,0.0000,0.1607,0.9870,0.0000,0.0000,0.0000,1.0000,0.0210,0.0279,0.0569
509,0,18.2599,-0.6513,0.4400,0.9843,-0.1765,0.0000,0.1765,0.9843,0.0000,0.0000,0.0000,1.0000,0.2577,0.2263,0.1400
509,1,18.2684,-0.6499,0.6052,0.9843,-0.1765,0.0000,0.1765,0.9843,0.0000,0.0000,0.0000,1.0000,0.1100,0.2168,0.3052
509,2,18.3325,-0.7226,0.5173,0.9843,-0.1765,0.0000,0.1765,0.9843,0.0000,0.0000,0.0000,1.0000,0.1101,0.3070,0.2173
509,3,18.3233,-0.9005,0.5889,0.9843,-0.1765,0.0000,0.1765,0.9843,0.0000,0.0000,0.0000,1.0000,0.2836,0.2073,0.2889
509,4,18.4314,-0.9671,0.5062,0.9843,-0.1765,0.0000,0.1765,0.9843,0.0000,0.0000,0.0000,1.0000,0.2820,0.2947,0.2062
509,5,18.6205,-0.8621,0.6614,0.9843,-0.1765,0.0000,0.1765,0.9843,0.0000,0.0000,0.0000,1.0000,0.1112,0.2100,0.3614
509,6,18.7155,-0.8593,0.4265,0.9843,-0.1765,0.0000,0.1765,0.9843,0.0000,0.0000,0.0000,1.0000,0.1972,0.1336,0.1265
509,7,18.8241,-0.8702,0.4491,0.9843,-0.1765,0.0000,0.1765,0.9843,0.0000,0.0000,0.0000,1.0000,0.1624,0.1625,0.0548
509,8,18.8587,-0.8326,0.4472,0.9843,-0.1765,0.0000,0.1765,0.9843,0.0000,0.0000,0.0000,1.0000,0.0831,0.2046,0.1050
509,9,18.9003,-0.7726,0.4544,0.9843,-0.1765,0.0000,0.1765,0.9843,0.0000,0.0000,0.0000,1.0000,0.0210,0.0279,0.0569
509,10,18.9329,-0.8393,0.4546,0.9843,-0.1765,0.0000,0.1765,0.9843,0.0000,0.0000,0.0000,1.0000,0.0210,0.0279,0.0569
510,0,18.8073,-0.7533,0.4400,0.9813,-0.1922,0.0000,0.1922,0.9813,0.0000,0.0000,0.0000,1.0000,0.2577,0.2263,0.1400
510,1,18.8158,-0.7520,0.6052,0.9813,-0.1922,0.0000,0.1922,0.9813,0.0000,0.0000,0.0000,1.0000,0.1100,0.2168,0.3052
510,2,18.8787,-0.8258,0.5173,0.9813,-0.1922,0.0000,0.1922,0.9813,0.0000,0.0000,0.0000,1.0000,0.1101,0.3070,0.2173
510,3,18.8667,-1.0035,0.5889,0.9813,-0.1922,0.0000,0.1922,0.9813,0.0000,0.0000,0.0000,1.0000,0.2836,0.2073,0.2889
510,4,18.9736,-1.0718,0.5062,0.9813,-0.1922,0.0000,0.1922,0.9813,0.0000,0.0000,0.0000,1.0000,0.2820,0.2947,0.2062
510,5,19.1644,-0.9698,0.6614,0.9813,-0.1922,0.0000,0.1922,0.9813,0.0000,0.0000,0.0000,1.0000,0.1112,0.2100,0.3614
510,6,19.2594,-0.9686,0.4265,0.9813,-0.1922,0.0000,0.1922,0.9813,0.0000,0.0000,0.0000,1.0000,0.1972,0.1336,0.1265
510,7,19.3679,-0.9813,0.4491,0.9813,-0.1922,0.0000,0.1922,0.9813,0.0000,0.0000,0.0000,1.0000,0.1624,0.1625,0.0548
510,8,19.4031,-0.9441,0.4472,0.9813,-0.1922,0.0000,0.1922,0.9813,0.0000,0.0000,0.0000,1.0000,0.0831,0.2046,0.1050
510,9,19.4456,-0.8849,0.4544,0.9813,-0.1922,0.0000,0.1922,0.9813,0.0000,0.0000,0.0000,1.0000,0.0210,0.0279,0.0569
510,10,19.4772,-0.9521,0.4546,0.9813,-0.1922,0.0000,0.1922,0.9813,0.0000,0.0000,0.0000,1.0000,0.0210,0.0279,0.0569
511,0,19.3538,-0.8641,0.4400,0.9783,-0.2074,0.0000,0.2074,0.9783,0.0000,0.0000,0.0000,1.0000,0.2577,0.2263,0.1400
511,1,19.3623,-0.8630,0.6052,0.9783,-0.2074,0.0000,0.2074,0.9783,0.0000,0.0000,0.0000,1.0000,0.1100,0.2168,0.3052
511,2,19.4241,-0.9377,0.5173,0.9783,-0.2074,0.0000,0.2074,0.9783,0.0000,0.0000,0.0000,1.0000,0.1101,0.3070,0.2173
511,3,19.4093,-1.1152,0.5889,0.9783,-0.2074,0.0000,0.2074,0.9783,0.0000,0.0000,0.0000,1.0000,0.2836,0.2073,0.2889
511,4,19.5152,-1.1852,0.5062,0.9783,-0.2074,0.0000,0.2074,0.9783,0.0000,0.0000,0.0000,1.0000,0.2820,0.2947,0.2062
511,5,19.7075,-1.0861,0.6614,0.9783,-0.2074,0.0000,0.2074,0.9783,0.0000,0.0000,0.0000,1.0000,0.1112,0.2100,0.3614
511,6,19.8026,-1.0863,0.4265,0.9783,-0.2074,0.0000,0.2074,0.9783,0.0000,0.0000,0.0000,1.0000,0.1972,0.1336,0.1265
511,7,19.9108,-1.1007,0.4491,0.9783,-0.2074,0.0000,0.2074,0.9783,0.0000,0.0000,0.0000,1.0000,0.1624,0.1625,0.0548
511,8,19.9466,-1.0641,0.4472,0.9783,-0.2074,0.0000,0.2074,0.9783,0.0000,0.0000,0.0000,1.0000,0.0831,0.2046,0.1050
511,9,19.9900,-1.0056,0.4544,0.9783,-0.2074,0.0000,0.2074,0.9783,0.0000,0.0000,0.0000,1.0000,0.0210,0.0279,0.0569
511,10,20.0205,-1.0733,0.4546,0.9783,-0.2074,0.0000,0.2074,0.9783,0.0000,0.0000,0.0000,1.0000,0.0210,0.0279,0.0569
