pos,joint,obb_center_x,obb_center_y,obb_center_z,obb_axis_x1,obb_axis_y1,obb_axis_z1,obb_axis_x2,obb_axis_y2,obb_axis_z2,obb_axis_x3,obb_axis_y3,obb_axis_z3,obb_half_length_x,obb_half_length_y,obb_half_length_z
0,0,0.3858,-0.0073,0.4400,1.0000,0.0037,0.0000,-0.0037,1.0000,0.0000,0.0000,0.0000,1.0000,0.2577,0.2263,0.1400
0,1,0.3939,-0.0043,0.6052,1.0000,0.0037,0.0000,-0.0037,1.0000,0.0000,0.0000,0.0000,1.0000,0.1100,0.2168,0.3052
0,2,0.4700,-0.0644,0.5173,1.0000,0.0037,0.0000,-0.0037,1.0000,0.0000,0.0000,0.0000,1.0000,0.1101,0.3070,0.2173
0,3,0.4931,-0.2410,0.5889,1.0000,0.0037,0.0000,-0.0037,1.0000,0.0000,0.0000,0.0000,1.0000,0.2836,0.2073,0.2889
0,4,0.6113,-0.2870,0.5062,1.0000,0.0037,0.0000,-0.0037,1.0000,0.0000,0.0000,0.0000,1.0000,0.2820,0.2947,0.2062
0,5,0.7784,-0.1496,0.6614,1.0000,0.0037,0.0000,-0.0037,1.0000,0.0000,0.0000,0.0000,1.0000,0.1112,0.2100,0.3614
0,6,0.8713,-0.1298,0.4265,1.0000,0.0037,0.0000,-0.0037,1.0000,0.0000,0.0000,0.0000,1.0000,0.1972,0.1336,0.1265
0,7,0.9802,-0.1210,0.4491,1.0000,0.0037,0.0000,-0.0037,1.0000,0.0000,0.0000,0.0000,1.0000,0.1624,0.1625,0.0548
0,8,1.0075,-0.0777,0.4472,1.0000,0.0037,0.0000,-0.0037,1.0000,0.0000,0.0000,0.0000,1.0000,0.0831,0.2046,0.1050
0,9,1.0375,-0.0113,0.4544,1.0000,0.0037,0.0000,-0.0037,1.0000,0.0000,0.0000,0.0000,1.0000,0.0210,0.0279,0.0569
0,10,1.0816,-0.0710,0.4546,1.0000,0.0037,0.0000,-0.0037,1.0000,0.0000,0.0000,0.0000,1.0000,0.0210,0.0279,0.0569
1,0,0.8155,-0.0049,0.4400,1.0000,0.0082,0.0000,-0.0082,1.0000,0.0000,0.0000,0.0000,1.0000,0.2577,0.2263,0.1400
1,1,0.8236,-0.0019,0.6052,1.0000,0.0082,0.0000,-0.0082,1.0000,0.0000,0.0000,0.0000,1.0000,0.1100,0.2168,0.3052
1,2,0.9000,-0.0616,0.5173,1.0000,0.0082,0.0000,-0.0082,1.0000,0.0000,0.0000,0.0000,1.0000,0.1101,0.3070,0.2173
1,3,0.9238,-0.2381,0.5889,1.0000,0.0082,0.0000,-0.0082,1.0000,0.0000,0.0000,0.0000,1.0000,0.2836,0.2073,0.2889
1,4,1.0423,-0.2836,0.5062,1.0000,0.0082,0.0000,-0.0082,1.0000,0.0000,0.0000,0.0000,1.0000,0.2820,0.2947,0.2062
1,5,1.2088,-0.1455,0.6614,1.0000,0.0082,0.0000,-0.0082,1.0000,0.0000,0.0000,0.0000,1.0000,0.1112,0.2100,0.3614
1,6,1.3016,-0.1252,0.4265,1.0000,0.0082,0.0000,-0.0082,1.0000,0.0000,0.0000,0.0000,1.0000,0.1972,0.1336,0.1265
1,7,1.4104,-0.1159,0.4491,1.0000,0.0082,0.0000,-0.0082,1.0000,0.0000,0.0000,0.0000,1.0000,0.1624,0.1625,0.0548
1,8,1.4375,-0.0725,0.4472,1.0000,0.0082,0.0000,-0.0082,1.0000,0.0000,0.0000,0.0000,1.0000,0.0831,0.2046,0.1050
1,9,1.4672,-0.0060,0.4544,1.0000,0.0082,0.0000,-0.0082,1.0000,0.0000,0.0000,0.0000,1.0000,0.0210,0.0279,0.0569
1,10,1.5116,-0.0655,0.4546,1.0000,0.0082,0.0000,-0.0082,1.0000,0.0000,0.0000,0.0000,1.0000,0.0210,0.0279,0.0569
2,0,1.2493,-0.0004,0.4400,0.9999,0.0135,0.0000,-0.0135,0.9999,0.0000,0.0000,0.0000,1.0000,0.2577,0.2263,0.1400
2,1,1.2573,0.0026,0.6052,0.9999,0.0135,0.0000,-0.0135,0.9999,0.0000,0.0000,0.0000,1.0000,0.1100,0.2168,0.3052
2,2,1.3340,-0.0567,0.5173,0.9999,0.0135,0.0000,-0.0135,0.9999,0.0000,0.0000,0.0000,1.0000,0.1101,0.3070,0.2173
2,3,1.3588,-0.2330,0.5889,0.9999,0.0135,0.0000,-0.0135,0.9999,0.0000,0.0000,0.0000,1.0000,0.2836,0.2073,0.2889
2,4,1.4775,-0.2779,0.5062,0.9999,0.0135,0.0000,-0.0135,0.9999,0.0000,0.0000,0.0000,1.0000,0.2820,0.2947,0.2062
2,5,1.6433,-0.1389,0.6614,0.9999,0.0135,0.0000,-0.0135,0.9999,0.0000,0.0000,0.0000,1.0000,0.1112,0.2100,0.3614
2,6,1.7360,-0.1181,0.4265,0.9999,0.0135,0.0000,-0.0135,0.9999,0.0000,0.0000,0.0000,1.0000,0.1972,0.1336,0.1265
2,7,1.8448,-0.1082,0.4491,0.9999,0.0135,0.0000,-0.0135,0.9999,0.0000,0.0000,0.0000,1.0000,0.1624,0.1625,0.0548
2,8,1.8716,-0.0647,0.4472,0.9999,0.0135,0.0000,-0.0135,0.9999,0.0000,0.0000,0.0000,1.0000,0.0831,0.2046,0.1050
2,9,1.9010,0.0020,0.4544,0.9999,0.0135,0.0000,-0.0135,0.9999,0.0000,0.0000,0.0000,1.0000,0.0210,0.0279,0.0569
2,10,1.9457,-0.0573,0.4546,0.9999,0.0135,0.0000,-0.0135,0.9999,0.0000,0.0000,0.0000,1.0000,0.0210,0.0279,0.0569
3,0,1.6880,0.0067,0.4400,0.9998,0.0200,0.0000,-0.0200,0.9998,0.0000,0.0000,0.0000,1.0000,0.2577,0.2263,0.1400
3,1,1.6960,0.0098,0.6052,0.9998,0.0200,0.0000,-0.0200,0.9998,0.0000,0.0000,0.0000,1.0000,0.1100,0.2168,0.3052
3,2,1.7731,-0.0490,0.5173,0.9998,0.0200,0.0000,-0.0200,0.9998,0.0000,0.0000,0.0000,1.0000,0.1101,0.3070,0.2173
3,3,1.7990,-0.2252,0.5889,0.9998,0.0200,0.0000,-0.0200,0.9998,0.0000,0.0000,0.0000,1.0000,0.2836,0.2073,0.2889
3,4,1.9180,-0.2694,0.5062,0.9998,0.0200,0.0000,-0.0200,0.9998,0.0000,0.0000,0.0000,1.0000,0.2820,0.2947,0.2062
3,5,2.0829,-0.1292,0.6614,0.9998,0.0200,0.0000,-0.0200,0.9998,0.0000,0.0000,0.0000,1.0000,0.1112,0.2100,0.3614
3,6,2.1755,-0.1079,0.4265,0.9998,0.0200,0.0000,-0.0200,0.9998,0.0000,0.0000,0.0000,1.0000,0.1972,0.1336,0.1265
3,7,2.2842,-0.0973,0.4491,0.9998,0.0200,0.0000,-0.0200,0.9998,0.0000,0.0000,0.0000,1.0000,0.1624,0.1625,0.0548
3,8,2.3107,-0.0536,0.4472,0.9998,0.0200,0.0000,-0.0200,0.9998,0.0000,0.0000,0.0000,1.0000,0.0831,0.2046,0.1050
3,9,2.3397,0.0133,0.4544,0.9998,0.0200,0.0000,-0.0200,0.9998,0.0000,0.0000,0.0000,1.0000,0.0210,0.0279,0.0569
3,10,2.3848,-0.0457,0.4546,0.9998,0.0200,0.0000,-0.0200,0.9998,0.0000,0.0000,0.0000,1.0000,0.0210,0.0279,0.0569
4,0,2.1327,0.0168,0.4400,0.9997,0.0264,0.0000,-0.0264,0.9997,0.0000,0.0000,0.0000,1.0000,0.2577,0.2263,0.1400
4,1,2.1407,0.0199,0.6052,0.9997,0.0264,0.0000,-0.0264,0.9997,0.0000,0.0000,0.0000,1.0000,0.1100,0.2168,0.3052
4,2,2.2182,-0.0384,0.5173,0.9997,0.0264,0.0000,-0.0264,0.9997,0.0000,0.0000,0.0000,1.0000,0.1101,0.3070,0.2173
4,3,2.2453,-0.2145,0.5889,0.9997,0.0264,0.0000,-0.0264,0.9997,0.0000,0.0000,0.0000,1.0000,0.2836,0.2073,0.2889
4,4,2.3645,-0.2578,0.5062,0.9997,0.0264,0.0000,-0.0264,0.9997,0.0000,0.0000,0.0000,1.0000,0.2820,0.2947,0.2062
4,5,2.5285,-0.1166,0.6614,0.9997,0.0264,0.0000,-0.0264,0.9997,0.0000,0.0000,0.0000,1.0000,0.1112,0.2100,0.3614
4,6,2.6209,-0.0947,0.4265,0.9997,0.0264,0.0000,-0.0264,0.9997,0.0000,0.0000,0.0000,1.0000,0.1972,0.1336,0.1265
4,7,2.7296,-0.0834,0.4491,0.9997,0.0264,0.0000,-0.0264,0.9997,0.0000,0.0000,0.0000,1.0000,0.1624,0.1625,0.0548
4,8,2.7558,-0.0395,0.4472,0.9997,0.0264,0.0000,-0.0264,0.9997,0.0000,0.0000,0.0000,1.0000,0.0831,0.2046,0.1050
4,9,2.7844,0.0276,0.4544,0.9997,0.0264,0.0000,-0.0264,0.9997,0.0000,0.0000,0.0000,1.0000,0.0210,0.0279,0.0569
4,10,2.8298,-0.0312,0.4546,0.9997,0.0264,0.0000,-0.0264,0.9997,0.0000,0.0000,0.0000,1.0000,0.0210,0.0279,0.0569
5,0,2.5846,0.0300,0.4400,0.9994,0.0333,0.0000,-0.0333,0.9994,0.0000,0.0000,0.0000,1.0000,0.2577,0.2263,0.1400
5,1,2.5926,0.0331,0.6052,0.9994,0.0333,0.0000,-0.0333,0.9994,0.0000,0.0000,0.0000,1.0000,0.1100,0.2168,0.3052
5,2,2.6704,-0.0246,0.5173,0.9994,0.0333,0.0000,-0.0333,0.9994,0.0000,0.0000,0.0000,1.0000,0.1101,0.3070,0.2173
5,3,2.6987,-0.2004,0.5889,0.9994,0.0333,0.0000,-0.0333,0.9994,0.0000,0.0000,0.0000,1.0000,0.2836,0.2073,0.2889
5,4,2.8183,-0.2430,0.5062,0.9994,0.0333,0.0000,-0.0333,0.9994,0.0000,0.0000,0.0000,1.0000,0.2820,0.2947,0.2062
5,5,2.9812,-0.1007,0.6614,0.9994,0.0333,0.0000,-0.0333,0.9994,0.0000,0.0000,0.0000,1.0000,0.1112,0.2100,0.3614
5,6,3.0735,-0.0781,0.4265,0.9994,0.0333,0.0000,-0.0333,0.9994,0.0000,0.0000,0.0000,1.0000,0.1972,0.1336,0.1265
5,7,3.1821,-0.0661,0.4491,0.9994,0.0333,0.0000,-0.0333,0.9994,0.0000,0.0000,0.0000,1.0000,0.1624,0.1625,0.0548
5,8,3.2080,-0.0220,0.4472,0.9994,0.0333,0.0000,-0.0333,0.9994,0.0000,0.0000,0.0000,1.0000,0.0831,0.2046,0.1050
5,9,3.2361,0.0453,0.4544,0.9994,0.0333,0.0000,-0.0333,0.9994,0.0000,0.0000,0.0000,1.0000,0.0210,0.0279,0.0569
5,10,3.2820,-0.0131,0.4546,0.9994,0.0333,0.0000,-0.0333,0.9994,0.0000,0.0000,0.0000,1.0000,0.0210,0.0279,0.0569
6,0,3.0443,0.0468,0.4400,0.9992,0.0409,0.0000,-0.0409,0.9992,0.0000,0.0000,0.0000,1.0000,0.2577,0.2263,0.1400
6,1,3.0522,0.0500,0.6052,0.9992,0.0409,0.0000,-0.0409,0.9992,0.0000,0.0000,0.0000,1.0000,0.1100,0.2168,0.3052
6,2,3.1305,-0.0072,0.5173,0.9992,0.0409,0.0000,-0.0409,0.9992,0.0000,0.0000,0.0000,1.0000,0.1101,0.3070,0.2173
6,3,3.1601,-0.1828,0.5889,0.9992,0.0409,0.0000,-0.0409,0.9992,0.0000,0.0000,0.0000,1.0000,0.2836,0.2073,0.2889
6,4,3.2801,-0.2244,0.5062,0.9992,0.0409,0.0000,-0.0409,0.9992,0.0000,0.0000,0.0000,1.0000,0.2820,0.2947,0.2062
6,5,3.4419,-0.0809,0.6614,0.9992,0.0409,0.0000,-0.0409,0.9992,0.0000,0.0000,0.0000,1.0000,0.1112,0.2100,0.3614
6,6,3.5340,-0.0576,0.4265,0.9992,0.0409,0.0000,-0.0409,0.9992,0.0000,0.0000,0.0000,1.0000,0.1972,0.1336,0.1265
6,7,3.6425,-0.0448,0.4491,0.9992,0.0409,0.0000,-0.0409,0.9992,0.0000,0.0000,0.0000,1.0000,0.1624,0.1625,0.0548
6,8,3.6681,-0.0005,0.4472,0.9992,0.0409,0.0000,-0.0409,0.9992,0.0000,0.0000,0.0000,1.0000,0.0831,0.2046,0.1050
6,9,3.6957,0.0670,0.4544,0.9992,0.0409,0.0000,-0.0409,0.9992,0.0000,0.0000,0.0000,1.0000,0.0210,0.0279,0.0569
6,10,3.7420,0.0089,0.4546,0.9992,0.0409,0.0000,-0.0409,0.9992,0.0000,0.0000,0.0000,1.0000,0.0210,0.0279,0.0569
7,0,3.5124,0.0674,0.4400,0.9988,0.0485,0.0000,-0.0485,0.9988,0.0000,0.0000,0.0000,1.0000,0.2577,0.2263,0.1400
7,1,3.5203,0.0707,0.6052,0.9988,0.0485,0.0000,-0.0485,0.9988,0.0000,0.0000,0.0000,1.0000,0.1100,0.2168,0.3052
7,2,3.5991,0.0141,0.5173,0.9988,0.0485,0.0000,-0.0485,0.9988,0.0000,0.0000,0.0000,1.0000,0.1101,0.3070,0.2173
7,3,3.6300,-0.1613,0.5889,0.9988,0.0485,0.0000,-0.0485,0.9988,0.0000,0.0000,0.0000,1.0000,0.2836,0.2073,0.2889
7,4,3.7502,-0.2020,0.5062,0.9988,0.0485,0.0000,-0.0485,0.9988,0.0000,0.0000,0.0000,1.0000,0.2820,0.2947,0.2062
7,5,3.9110,-0.0572,0.6614,0.9988,0.0485,0.0000,-0.0485,0.9988,0.0000,0.0000,0.0000,1.0000,0.1112,0.2100,0.3614
7,6,4.0029,-0.0333,0.4265,0.9988,0.0485,0.0000,-0.0485,0.9988,0.0000,0.0000,0.0000,1.0000,0.1972,0.1336,0.1265
7,7,4.1113,-0.0196,0.4491,0.9988,0.0485,0.0000,-0.0485,0.9988,0.0000,0.0000,0.0000,1.0000,0.1624,0.1625,0.0548
7,8,4.1366,0.0249,0.4472,0.9988,0.0485,0.0000,-0.0485,0.9988,0.0000,0.0000,0.0000,1.0000,0.0831,0.2046,0.1050
7,9,4.1636,0.0926,0.4544,0.9988,0.0485,0.0000,-0.0485,0.9988,0.0000,0.0000,0.0000,1.0000,0.0210,0.0279,0.0569
7,10,4.2104,0.0349,0.4546,0.9988,0.0485,0.0000,-0.0485,0.9988,0.0000,0.0000,0.0000,1.0000,0.0210,0.0279,0.0569
8,0,3.9891,0.0921,0.4400,0.9984,0.0562,0.0000,-0.0562,0.9984,0.0000,0.0000,0.0000,1.0000,0.2577,0.2263,0.1400
8,1,3.9971,0.0954,0.6052,0.9984,0.0562,0.0000,-0.0562,0.9984,0.0000,0.0000,0.0000,1.0000,0.1100,0.2168,0.3052
8,2,4.0762,0.0395,0.5173,0.9984,0.0562,0.0000,-0.0562,0.9984,0.0000,0.0000,0.0000,1.0000,0.1101,0.3070,0.2173
8,3,4.1085,-0.1357,0.5889,0.9984,0.0562,0.0000,-0.0562,0.9984,0.0000,0.0000,0.0000,1.0000,0.2836,0.2073,0.2889
8,4,4.2291,-0.1755,0.5062,0.9984,0.0562,0.0000,-0.0562,0.9984,0.0000,0.0000,0.0000,1.0000,0.2820,0.2947,0.2062
8,5,4.3887,-0.0295,0.6614,0.9984,0.0562,0.0000,-0.0562,0.9984,0.0000,0.0000,0.0000,1.0000,0.1112,0.2100,0.3614
8,6,4.4805,-0.0048,0.4265,0.9984,0.0562,0.0000,-0.0562,0.9984,0.0000,0.0000,0.0000,1.0000,0.1972,0.1336,0.1265
8,7,4.5887,0.0098,0.4491,0.9984,0.0562,0.0000,-0.0562,0.9984,0.0000,0.0000,0.0000,1.0000,0.1624,0.1625,0.0548
8,8,4.6136,0.0544,0.4472,0.9984,0.0562,0.0000,-0.0562,0.9984,0.0000,0.0000,0.0000,1.0000,0.0831,0.2046,0.1050
8,9,4.6402,0.1223,0.4544,0.9984,0.0562,0.0000,-0.0562,0.9984,0.0000,0.0000,0.0000,1.0000,0.0210,0.0279,0.0569
8,10,4.6874,0.0650,0.4546,0.9984,0.0562,0.0000,-0.0562,0.9984,0.0000,0.0000,0.0000,1.0000,0.0210,0.0279,0.0569
9,0,4.4744,0.1211,0.4400,0.9979,0.0644,0.0000,-0.0644,0.9979,0.0000,0.0000,0.0000,1.0000,0.2577,0.2263,0.1400
9,1,4.4823,0.1245,0.6052,0.9979,0.0644,0.0000,-0.0644,0.9979,0.0000,0.0000,0.0000,1.0000,0.1100,0.2168,0.3052
9,2,4.5619,0.0692,0.5173,0.9979,0.0644,0.0000,-0.0644,0.9979,0.0000,0.0000,0.0000,1.0000,0.1101,0.3070,0.2173
9,3,4.5957,-0.1057,0.5889,0.9979,0.0644,0.0000,-0.0644,0.9979,0.0000,0.0000,0.0000,1.0000,0.2836,0.2073,0.2889
9,4,4.7165,-0.1445,0.5062,0.9979,0.0644,0.0000,-0.0644,0.9979,0.0000,0.0000,0.0000,1.0000,0.2820,0.2947,0.2062
9,5,4.8750,0.0028,0.6614,0.9979,0.0644,0.0000,-0.0644,0.9979,0.0000,0.0000,0.0000,1.0000,0.1112,0.2100,0.3614
9,6,4.9665,0.0283,0.4265,0.9979,0.0644,0.0000,-0.0644,0.9979,0.0000,0.0000,0.0000,1.0000,0.1972,0.1336,0.1265
9,7,5.0746,0.0436,0.4491,0.9979,0.0644,0.0000,-0.0644,0.9979,0.0000,0.0000,0.0000,1.0000,0.1624,0.1625,0.0548
9,8,5.0992,0.0885,0.4472,0.9979,0.0644,0.0000,-0.0644,0.9979,0.0000,0.0000,0.0000,1.0000,0.0831,0.2046,0.1050
9,9,5.1252,0.1566,0.4544,0.9979,0.0644,0.0000,-0.0644,0.9979,0.0000,0.0000,0.0000,1.0000,0.0210,0.0279,0.0569
9,10,5.1728,0.0997,0.4546,0.9979,0.0644,0.0000,-0.0644,0.9979,0.0000,0.0000,0.0000,1.0000,0.0210,0.0279,0.0569
10,0,4.9679,0.1546,0.4400,0.9974,0.0723,0.0000,-0.0723,0.9974,0.0000,0.0000,0.0000,1.0000,0.2577,0.2263,0.1400
10,1,4.9758,0.1580,0.6052,0.9974,0.0723,0.0000,-0.0723,0.9974,0.0000,0.0000,0.0000,1.0000,0.1100,0.2168,0.3052
10,2,5.0559,0.1034,0.5173,0.9974,0.0723,0.0000,-0.0723,0.9974,0.0000,0.0000,0.0000,1.0000,0.1101,0.3070,0.2173
10,3,5.0910,-0.0712,0.5889,0.9974,0.0723,0.0000,-0.0723,0.9974,0.0000,0.0000,0.0000,1.0000,0.2836,0.2073,0.2889
10,4,5.2121,-0.1091,0.5062,0.9974,0.0723,0.0000,-0.0723,0.9974,0.0000,0.0000,0.0000,1.0000,0.2820,0.2947,0.2062
10,5,5.3694,0.0395,0.6614,0.9974,0.0723,0.0000,-0.0723,0.9974,0.0000,0.0000,0.0000,1.0000,0.1112,0.2100,0.3614
10,6,5.4608,0.0657,0.4265,0.9974,0.0723,0.0000,-0.0723,0.9974,0.0000,0.0000,0.0000,1.0000,0.1972,0.1336,0.1265
10,7,5.5688,0.0819,0.4491,0.9974,0.0723,0.0000,-0.0723,0.9974,0.0000,0.0000,0.0000,1.0000,0.1624,0.1625,0.0548
10,8,5.5930,0.1270,0.4472,0.9974,0.0723,0.0000,-0.0723,0.9974,0.0000,0.0000,0.0000,1.0000,0.0831,0.2046,0.1050
10,9,5.6184,0.1953,0.4544,0.9974,0.0723,0.0000,-0.0723,0.9974,0.0000,0.0000,0.0000,1.0000,0.0210,0.0279,0.0569
10,10,5.6665,0.1387,0.4546,0.9974,0.0723,0.0000,-0.0723,0.9974,0.0000,0.0000,0.0000,1.0000,0.0210,0.0279,0.0569
11,0,5.4695,0.1926,0.4400,0.9968,0.0803,0.0000,-0.0803,0.9968,0.0000,0.0000,0.0000,1.0000,0.2577,0.2263,0.1400
11,1,5.4773,0.1962,0.6052,0.9968,0.0803,0.0000,-0.0803,0.9968,0.0000,0.0000,0.0000,1.0000,0.1100,0.2168,0.3052
11,2,5.5578,0.1422,0.5173,0.9968,0.0803,0.0000,-0.0803,0.9968,0.0000,0.0000,0.0000,1.0000,0.1101,0.3070,0.2173
11,3,5.5943,-0.0322,0.5889,0.9968,0.0803,0.0000,-0.0803,0.9968,0.0000,0.0000,0.0000,1.0000,0.2836,0.2073,0.2889
11,4,5.7158,-0.0690,0.5062,0.9968,0.0803,0.0000,-0.0803,0.9968,0.0000,0.0000,0.0000,1.0000,0.2820,0.2947,0.2062
11,5,5.8718,0.0808,0.6614,0.9968,0.0803,0.0000,-0.0803,0.9968,0.0000,0.0000,0.0000,1.0000,0.1112,0.2100,0.3614
11,6,5.9630,0.1077,0.4265,0.9968,0.0803,0.0000,-0.0803,0.9968,0.0000,0.0000,0.0000,1.0000,0.1972,0.1336,0.1265
11,7,6.0709,0.1248,0.4491,0.9968,0.0803,0.0000,-0.0803,0.9968,0.0000,0.0000,0.0000,1.0000,0.1624,0.1625,0.0548
11,8,6.0947,0.1701,0.4472,0.9968,0.0803,0.0000,-0.0803,0.9968,0.0000,0.0000,0.0000,1.0000,0.0831,0.2046,0.1050
11,9,6.1196,0.2386,0.4544,0.9968,0.0803,0.0000,-0.0803,0.9968,0.0000,0.0000,0.0000,1.0000,0.0210,0.0279,0.0569
11,10,6.1681,0.1824,0.4546,0.9968,0.0803,0.0000,-0.0803,0.9968,0.0000,0.0000,0.0000,1.0000,0.0210,0.0279,0.0569
12,0,5.9786,0.2354,0.4400,0.9961,0.0884,0.0000,-0.0884,0.9961,0.0000,0.0000,0.0000,1.0000,0.2577,0.2263,0.1400
12,1,5.9864,0.2390,0.6052,0.9961,0.0884,0.0000,-0.0884,0.9961,0.0000,0.0000,0.0000,1.0000,0.1100,0.2168,0.3052
12,2,6.0674,0.1857,0.5173,0.9961,0.0884,0.0000,-0.0884,0.9961,0.0000,0.0000,0.0000,1.0000,0.1101,0.3070,0.2173
12,3,6.1053,0.0117,0.5889,0.9961,0.0884,0.0000,-0.0884,0.9961,0.0000,0.0000,0.0000,1.0000,0.2836,0.2073,0.2889
12,4,6.2271,-0.0242,0.5062,0.9961,0.0884,0.0000,-0.0884,0.9961,0.0000,0.0000,0.0000,1.0000,0.2820,0.2947,0.2062
12,5,6.3819,0.1269,0.6614,0.9961,0.0884,0.0000,-0.0884,0.9961,0.0000,0.0000,0.0000,1.0000,0.1112,0.2100,0.3614
12,6,6.4728,0.1545,0.4265,0.9961,0.0884,0.0000,-0.0884,0.9961,0.0000,0.0000,0.0000,1.0000,0.1972,0.1336,0.1265
12,7,6.5805,0.1725,0.4491,0.9961,0.0884,0.0000,-0.0884,0.9961,0.0000,0.0000,0.0000,1.0000,0.1624,0.1625,0.0548
12,8,6.6040,0.2180,0.4472,0.9961,0.0884,0.0000,-0.0884,0.9961,0.0000,0.0000,0.0000,1.0000,0.0831,0.2046,0.1050
12,9,6.6283,0.2867,0.4544,0.9961,0.0884,0.0000,-0.0884,0.9961,0.0000,0.0000,0.0000,1.0000,0.0210,0.0279,0.0569
12,10,6.6774,0.2309,0.4546,0.9961,0.0884,0.0000,-0.0884,0.9961,0.0000,0.0000,0.0000,1.0000,0.0210,0.0279,0.0569
13,0,6.4953,0.2832,0.4400,0.9953,0.0967,0.0000,-0.0967,0.9953,0.0000,0.0000,0.0000,1.0000,0.2577,0.2263,0.1400
13,1,6.5031,0.2868,0.6052,0.9953,0.0967,0.0000,-0.0967,0.9953,0.0000,0.0000,0.0000,1.0000,0.1100,0.2168,0.3052
13,2,6.5845,0.2341,0.5173,0.9953,0.0967,0.0000,-0.0967,0.9953,0.0000,0.0000,0.0000,1.0000,0.1101,0.3070,0.2173
13,3,6.6238,0.0604,0.5889,0.9953,0.0967,0.0000,-0.0967,0.9953,0.0000,0.0000,0.0000,1.0000,0.2836,0.2073,0.2889
13,4,6.7459,0.0256,0.5062,0.9953,0.0967,0.0000,-0.0967,0.9953,0.0000,0.0000,0.0000,1.0000,0.2820,0.2947,0.2062
13,5,6.8995,0.1779,0.6614,0.9953,0.0967,0.0000,-0.0967,0.9953,0.0000,0.0000,0.0000,1.0000,0.1112,0.2100,0.3614
13,6,6.9901,0.2063,0.4265,0.9953,0.0967,0.0000,-0.0967,0.9953,0.0000,0.0000,0.0000,1.0000,0.1972,0.1336,0.1265
13,7,7.0977,0.2252,0.4491,0.9953,0.0967,0.0000,-0.0967,0.9953,0.0000,0.0000,0.0000,1.0000,0.1624,0.1625,0.0548
13,8,7.1208,0.2709,0.4472,0.9953,0.0967,0.0000,-0.0967,0.9953,0.0000,0.0000,0.0000,1.0000,0.0831,0.2046,0.1050
13,9,7.1446,0.3398,0.4544,0.9953,0.0967,0.0000,-0.0967,0.9953,0.0000,0.0000,0.0000,1.0000,0.0210,0.0279,0.0569
13,10,7.1941,0.2844,0.4546,0.9953,0.0967,0.0000,-0.0967,0.9953,0.0000,0.0000,0.0000,1.0000,0.0210,0.0279,0.0569
14,0,7.0193,0.3359,0.4400,0.9945,0.1050,0.0000,-0.1050,0.9945,0.0000,0.0000,0.0000,1.0000,0.2577,0.2263,0.1400
14,1,7.0270,0.3397,0.6052,0.9945,0.1050,0.0000,-0.1050,0.9945,0.0000,0.0000,0.0000,1.0000,0.1100,0.2168,0.3052
14,2,7.1088,0.2877,0.5173,0.9945,0.1050,0.0000,-0.1050,0.9945,0.0000,0.0000,0.0000,1.0000,0.1101,0.3070,0.2173
14,3,7.1497,0.1143,0.5889,0.9945,0.1050,0.0000,-0.1050,0.9945,0.0000,0.0000,0.0000,1.0000,0.2836,0.2073,0.2889
14,4,7.2720,0.0804,0.5062,0.9945,0.1050,0.0000,-0.1050,0.9945,0.0000,0.0000,0.0000,1.0000,0.2820,0.2947,0.2062
14,5,7.4243,0.2341,0.6614,0.9945,0.1050,0.0000,-0.1050,0.9945,0.0000,0.0000,0.0000,1.0000,0.1112,0.2100,0.3614
14,6,7.5147,0.2632,0.4265,0.9945,0.1050,0.0000,-0.1050,0.9945,0.0000,0.0000,0.0000,1.0000,0.1972,0.1336,0.1265
14,7,7.6222,0.2830,0.4491,0.9945,0.1050,0.0000,-0.1050,0.9945,0.0000,0.0000,0.0000,1.0000,0.1624,0.1625,0.0548
14,8,7.6449,0.3288,0.4472,0.9945,0.1050,0.0000,-0.1050,0.9945,0.0000,0.0000,0.0000,1.0000,0.0831,0.2046,0.1050
14,9,7.6680,0.3980,0.4544,0.9945,0.1050,0.0000,-0.1050,0.9945,0.0000,0.0000,0.0000,1.0000,0.0210,0.0279,0.0569
14,10,7.7180,0.3430,0.4546,0.9945,0.1050,0.0000,-0.1050,0.9945,0.0000,0.0000,0.0000,1.0000,0.0210,0.0279,0.0569
15,0,7.5499,0.3938,0.4400,0.9936,0.1133,0.0000,-0.1133,0.9936,0.0000,0.0000,0.0000,1.0000,0.2577,0.2263,0.1400
15,1,7.5576,0.3976,0.6052,0.9936,0.1133,0.0000,-0.1133,0.9936,0.0000,0.0000,0.0000,1.0000,0.1100,0.2168,0.3052
15,2,7.6398,0.3463,0.5173,0.9936,0.1133,0.0000,-0.1133,0.9936,0.0000,0.0000,0.0000,1.0000,0.1101,0.3070,0.2173
15,3,7.6821,0.1733,0.5889,0.9936,0.1133,0.0000,-0.1133,0.9936,0.0000,0.0000,0.0000,1.0000,0.2836,0.2073,0.2889
15,4,7.8047,0.1405,0.5062,0.9936,0.1133,0.0000,-0.1133,0.9936,0.0000,0.0000,0.0000,1.0000,0.2820,0.2947,0.2062
15,5,7.9557,0.2954,0.6614,0.9936,0.1133,0.0000,-0.1133,0.9936,0.0000,0.0000,0.0000,1.0000,0.1112,0.2100,0.3614
15,6,8.0459,0.3253,0.4265,0.9936,0.1133,0.0000,-0.1133,0.9936,0.0000,0.0000,0.0000,1.0000,0.1972,0.1336,0.1265
15,7,8.1532,0.3460,0.4491,0.9936,0.1133,0.0000,-0.1133,0.9936,0.0000,0.0000,0.0000,1.0000,0.1624,0.1625,0.0548
15,8,8.1755,0.3920,0.4472,0.9936,0.1133,0.0000,-0.1133,0.9936,0.0000,0.0000,0.0000,1.0000,0.0831,0.2046,0.1050
15,9,8.1981,0.4613,0.4544,0.9936,0.1133,0.0000,-0.1133,0.9936,0.0000,0.0000,0.0000,1.0000,0.0210,0.0279,0.0569
15,10,8.2485,0.4068,0.4546,0.9936,0.1133,0.0000,-0.1133,0.9936,0.0000,0.0000,0.0000,1.0000,0.0210,0.0279,0.0569
16,0,8.0860,0.4569,0.4400,0.9926,0.1217,0.0000,-0.1217,0.9926,0.0000,0.0000,0.0000,1.0000,0.2577,0.2263,0.1400
16,1,8.0937,0.4608,0.6052,0.9926,0.1217,0.0000,-0.1217,0.9926,0.0000,0.0000,0.0000,1.0000,0.1100,0.2168,0.3052
16,2,8.1764,0.4102,0.5173,0.9926,0.1217,0.0000,-0.1217,0.9926,0.0000,0.0000,0.0000,1.0000,0.1101,0.3070,0.2173
16,3,8.2201,0.2375,0.5889,0.9926,0.1217,0.0000,-0.1217,0.9926,0.0000,0.0000,0.0000,1.0000,0.2836,0.2073,0.2889
16,4,8.3430,0.2058,0.5062,0.9926,0.1217,0.0000,-0.1217,0.9926,0.0000,0.0000,0.0000,1.0000,0.2820,0.2947,0.2062
16,5,8.4927,0.3619,0.6614,0.9926,0.1217,0.0000,-0.1217,0.9926,0.0000,0.0000,0.0000,1.0000,0.1112,0.2100,0.3614
16,6,8.5826,0.3926,0.4265,0.9926,0.1217,0.0000,-0.1217,0.9926,0.0000,0.0000,0.0000,1.0000,0.1972,0.1336,0.1265
16,7,8.6897,0.4142,0.4491,0.9926,0.1217,0.0000,-0.1217,0.9926,0.0000,0.0000,0.0000,1.0000,0.1624,0.1625,0.0548
16,8,8.7116,0.4604,0.4472,0.9926,0.1217,0.0000,-0.1217,0.9926,0.0000,0.0000,0.0000,1.0000,0.0831,0.2046,0.1050
16,9,8.7336,0.5299,0.4544,0.9926,0.1217,0.0000,-0.1217,0.9926,0.0000,0.0000,0.0000,1.0000,0.0210,0.0279,0.0569
16,10,8.7845,0.4758,0.4546,0.9926,0.1217,0.0000,-0.1217,0.9926,0.0000,0.0000,0.0000,1.0000,0.0210,0.0279,0.0569
17,0,8.6262,0.5252,0.4400,0.9915,0.1303,0.0000,-0.1303,0.9915,0.0000,0.0000,0.0000,1.0000,0.2577,0.2263,0.1400
17,1,8.6339,0.5292,0.6052,0.9915,0.1303,0.0000,-0.1303,0.9915,0.0000,0.0000,0.0000,1.0000,0.1100,0.2168,0.3052
17,2,8.7170,0.4793,0.5173,0.9915,0.1303,0.0000,-0.1303,0.9915,0.0000,0.0000,0.0000,1.0000,0.1101,0.3070,0.2173
17,3,8.7622,0.3070,0.5889,0.9915,0.1303,0.0000,-0.1303,0.9915,0.0000,0.0000,0.0000,1.0000,0.2836,0.2073,0.2889
17,4,8.8854,0.2763,0.5062,0.9915,0.1303,0.0000,-0.1303,0.9915,0.0000,0.0000,0.0000,1.0000,0.2820,0.2947,0.2062
17,5,9.0337,0.4337,0.6614,0.9915,0.1303,0.0000,-0.1303,0.9915,0.0000,0.0000,0.0000,1.0000,0.1112,0.2100,0.3614
17,6,9.1234,0.4652,0.4265,0.9915,0.1303,0.0000,-0.1303,0.9915,0.0000,0.0000,0.0000,1.0000,0.1972,0.1336,0.1265
17,7,9.2303,0.4877,0.4491,0.9915,0.1303,0.0000,-0.1303,0.9915,0.0000,0.0000,0.0000,1.0000,0.1624,0.1625,0.0548
17,8,9.2518,0.5341,0.4472,0.9915,0.1303,0.0000,-0.1303,0.9915,0.0000,0.0000,0.0000,1.0000,0.0831,0.2046,0.1050
17,9,9.2732,0.6038,0.4544,0.9915,0.1303,0.0000,-0.1303,0.9915,0.0000,0.0000,0.0000,1.0000,0.0210,0.0279,0.0569
17,10,9.3245,0.5501,0.4546,0.9915,0.1303,0.0000,-0.1303,0.9915,0.0000,0.0000,0.0000,1.0000,0.0210,0.0279,0.0569
18,0,9.1696,0.5987,0.4400,0.9903,0.1389,0.0000,-0.1389,0.9903,0.0000,0.0000,0.0000,1.0000,0.2577,0.2263,0.1400
18,1,9.1772,0.6027,0.6052,0.9903,0.1389,0.0000,-0.1389,0.9903,0.0000,0.0000,0.0000,1.0000,0.1100,0.2168,0.3052
18,2,9.2608,0.5535,0.5173,0.9903,0.1389,0.0000,-0.1389,0.9903,0.0000,0.0000,0.0000,1.0000,0.1101,0.3070,0.2173
18,3,9.3075,0.3817,0.5889,0.9903,0.1389,0.0000,-0.1389,0.9903,0.0000,0.0000,0.0000,1.0000,0.2836,0.2073,0.2889
18,4,9.4309,0.3520,0.5062,0.9903,0.1389,0.0000,-0.1389,0.9903,0.0000,0.0000,0.0000,1.0000,0.2820,0.2947,0.2062
18,5,9.5779,0.5108,0.6614,0.9903,0.1389,0.0000,-0.1389,0.9903,0.0000,0.0000,0.0000,1.0000,0.1112,0.2100,0.3614
18,6,9.6673,0.5430,0.4265,0.9903,0.1389,0.0000,-0.1389,0.9903,0.0000,0.0000,0.0000,1.0000,0.1972,0.1336,0.1265
18,7,9.7740,0.5665,0.4491,0.9903,0.1389,0.0000,-0.1389,0.9903,0.0000,0.0000,0.0000,1.0000,0.1624,0.1625,0.0548
18,8,9.7951,0.6130,0.4472,0.9903,0.1389,0.0000,-0.1389,0.9903,0.0000,0.0000,0.0000,1.0000,0.0831,0.2046,0.1050
18,9,9.8159,0.6829,0.4544,0.9903,0.1389,0.0000,-0.1389,0.9903,0.0000,0.0000,0.0000,1.0000,0.0210,0.0279,0.0569
18,10,9.8677,0.6297,0.4546,0.9903,0.1389,0.0000,-0.1389,0.9903,0.0000,0.0000,0.0000,1.0000,0.0210,0.0279,0.0569
19,0,9.7162,0.6775,0.4400,0.9890,0.1478,0.0000,-0.1478,0.9890,0.0000,0.0000,0.0000,1.0000,0.2577,0.2263,0.1400
19,1,9.7238,0.6816,0.6052,0.9890,0.1478,0.0000,-0.1478,0.9890,0.0000,0.0000,0.0000,1.0000,0.1100,0.2168,0.3052
19,2,9.8077,0.6332,0.5173,0.9890,0.1478,0.0000,-0.1478,0.9890,0.0000,0.0000,0.0000,1.0000,0.1101,0.3070,0.2173
19,3,9.8560,0.4617,0.5889,0.9890,0.1478,0.0000,-0.1478,0.9890,0.0000,0.0000,0.0000,1.0000,0.2836,0.2073,0.2889
19,4,9.9797,0.4332,0.5062,0.9890,0.1478,0.0000,-0.1478,0.9890,0.0000,0.0000,0.0000,1.0000,0.2820,0.2947,0.2062
19,5,10.1252,0.5933,0.6614,0.9890,0.1478,0.0000,-0.1478,0.9890,0.0000,0.0000,0.0000,1.0000,0.1112,0.2100,0.3614
19,6,10.2143,0.6263,0.4265,0.9890,0.1478,0.0000,-0.1478,0.9890,0.0000,0.0000,0.0000,1.0000,0.1972,0.1336,0.1265
19,7,10.3208,0.6507,0.4491,0.9890,0.1478,0.0000,-0.1478,0.9890,0.0000,0.0000,0.0000,1.0000,0.1624,0.1625,0.0548
19,8,10.3415,0.6975,0.4472,0.9890,0.1478,0.0000,-0.1478,0.9890,0.0000,0.0000,0.0000,1.0000,0.0831,0.2046,0.1050
19,9,10.3617,0.7675,0.4544,0.9890,0.1478,0.0000,-0.1478,0.9890,0.0000,0.0000,0.0000,1.0000,0.0210,0.0279,0.0569
19,10,10.4139,0.7148,0.4546,0.9890,0.1478,0.0000,-0.1478,0.9890,0.0000,0.0000,0.0000,1.0000,0.0210,0.0279,0.0569
20,0,10.2665,0.7620,0.4400,0.9876,0.1568,0.0000,-0.1568,0.9876,0.0000,0.0000,0.0000,1.0000,0.2577,0.2263,0.1400
20,1,10.2740,0.7661,0.6052,0.9876,0.1568,0.0000,-0.1568,0.9876,0.0000,0.0000,0.0000,1.0000,0.1100,0.2168,0.3052
20,2,10.3584,0.7184,0.5173,0.9876,0.1568,0.0000,-0.1568,0.9876,0.0000,0.0000,0.0000,1.0000,0.1101,0.3070,0.2173
20,3,10.4082,0.5474,0.5889,0.9876,0.1568,0.0000,-0.1568,0.9876,0.0000,0.0000,0.0000,1.0000,0.2836,0.2073,0.2889
20,4,10.5322,0.5200,0.5062,0.9876,0.1568,0.0000,-0.1568,0.9876,0.0000,0.0000,0.0000,1.0000,0.2820,0.2947,0.2062
20,5,10.6763,0.6814,0.6614,0.9876,0.1568,0.0000,-0.1568,0.9876,0.0000,0.0000,0.0000,1.0000,0.1112,0.2100,0.3614
20,6,10.7650,0.7153,0.4265,0.9876,0.1568,0.0000,-0.1568,0.9876,0.0000,0.0000,0.0000,1.0000,0.1972,0.1336,0.1265
20,7,10.8713,0.7406,0.4491,0.9876,0.1568,0.0000,-0.1568,0.9876,0.0000,0.0000,0.0000,1.0000,0.1624,0.1625,0.0548
20,8,10.8916,0.7876,0.4472,0.9876,0.1568,0.0000,-0.1568,0.9876,0.0000,0.0000,0.0000,1.0000,0.0831,0.2046,0.1050
20,9,10.9111,0.8578,0.4544,0.9876,0.1568,0.0000,-0.1568,0.9876,0.0000,0.0000,0.0000,1.0000,0.0210,0.0279,0.0569
20,10,10.9639,0.8055,0.4546,0.9876,0.1568,0.0000,-0.1568,0.9876,0.0000,0.0000,0.0000,1.0000,0.0210,0.0279,0.0569
21,0,10.8214,0.8523,0.4400,0.9862,0.1657,0.0000,-0.1657,0.9862,0.0000,0.0000,0.0000,1.0000,0.2577,0.2263,0.1400
21,1,10.8290,0.8565,0.6052,0.9862,0.1657,0.0000,-0.1657,0.9862,0.0000,0.0000,0.0000,1.0000,0.1100,0.2168,0.3052
21,2,10.9138,0.8096,0.5173,0.9862,0.1657,0.0000,-0.1657,0.9862,0.0000,0.0000,0.0000,1.0000,0.1101,0.3070,0.2173
21,3,10.9652,0.6390,0.5889,0.9862,0.1657,0.0000,-0.1657,0.9862,0.0000,0.0000,0.0000,1.0000,0.2836,0.2073,0.2889
21,4,11.0893,0.6127,0.5062,0.9862,0.1657,0.0000,-0.1657,0.9862,0.0000,0.0000,0.0000,1.0000,0.2820,0.2947,0.2062
21,5,11.2320,0.7754,0.6614,0.9862,0.1657,0.0000,-0.1657,0.9862,0.0000,0.0000,0.0000,1.0000,0.1112,0.2100,0.3614
21,6,11.3204,0.8100,0.4265,0.9862,0.1657,0.0000,-0.1657,0.9862,0.0000,0.0000,0.0000,1.0000,0.1972,0.1336,0.1265
21,7,11.4264,0.8364,0.4491,0.9862,0.1657,0.0000,-0.1657,0.9862,0.0000,0.0000,0.0000,1.0000,0.1624,0.1625,0.0548
21,8,11.4463,0.8835,0.4472,0.9862,0.1657,0.0000,-0.1657,0.9862,0.0000,0.0000,0.0000,1.0000,0.0831,0.2046,0.1050
21,9,11.4652,0.9539,0.4544,0.9862,0.1657,0.0000,-0.1657,0.9862,0.0000,0.0000,0.0000,1.0000,0.0210,0.0279,0.0569
21,10,11.5184,0.9021,0.4546,0.9862,0.1657,0.0000,-0.1657,0.9862,0.0000,0.0000,0.0000,1.0000,0.0210,0.0279,0.0569
22,0,11.3821,0.9487,0.4400,0.9847,0.1745,0.0000,-0.1745,0.9847,0.0000,0.0000,0.0000,1.0000,0.2577,0.2263,0.1400
22,1,11.3896,0.9530,0.6052,0.9847,0.1745,0.0000,-0.1745,0.9847,0.0000,0.0000,0.0000,1.0000,0.1100,0.2168,0.3052
22,2,11.4748,0.9068,0.5173,0.9847,0.1745,0.0000,-0.1745,0.9847,0.0000,0.0000,0.0000,1.0000,0.1101,0.3070,0.2173
22,3,11.5277,0.7367,0.5889,0.9847,0.1745,0.0000,-0.1745,0.9847,0.0000,0.0000,0.0000,1.0000,0.2836,0.2073,0.2889
22,4,11.6521,0.7116,0.5062,0.9847,0.1745,0.0000,-0.1745,0.9847,0.0000,0.0000,0.0000,1.0000,0.2820,0.2947,0.2062
22,5,11.7933,0.8755,0.6614,0.9847,0.1745,0.0000,-0.1745,0.9847,0.0000,0.0000,0.0000,1.0000,0.1112,0.2100,0.3614
22,6,11.8814,0.9109,0.4265,0.9847,0.1745,0.0000,-0.1745,0.9847,0.0000,0.0000,0.0000,1.0000,0.1972,0.1336,0.1265
22,7,11.9872,0.9382,0.4491,0.9847,0.1745,0.0000,-0.1745,0.9847,0.0000,0.0000,0.0000,1.0000,0.1624,0.1625,0.0548
22,8,12.0066,0.9855,0.4472,0.9847,0.1745,0.0000,-0.1745,0.9847,0.0000,0.0000,0.0000,1.0000,0.0831,0.2046,0.1050
22,9,12.0249,1.0561,0.4544,0.9847,0.1745,0.0000,-0.1745,0.9847,0.0000,0.0000,0.0000,1.0000,0.0210,0.0279,0.0569
22,10,12.0786,1.0048,0.4546,0.9847,0.1745,0.0000,-0.1745,0.9847,0.0000,0.0000,0.0000,1.0000,0.0210,0.0279,0.0569
23,0,11.9491,1.0515,0.4400,0.9830,0.1836,0.0000,-0.1836,0.9830,0.0000,0.0000,0.0000,1.0000,0.2577,0.2263,0.1400
23,1,11.9565,1.0558,0.6052,0.9830,0.1836,0.0000,-0.1836,0.9830,0.0000,0.0000,0.0000,1.0000,0.1100,0.2168,0.3052
23,2,12.0422,1.0105,0.5173,0.9830,0.1836,0.0000,-0.1836,0.9830,0.0000,0.0000,0.0000,1.0000,0.1101,0.3070,0.2173
23,3,12.0967,0.8409,0.5889,0.9830,0.1836,0.0000,-0.1836,0.9830,0.0000,0.0000,0.0000,1.0000,0.2836,0.2073,0.2889
23,4,12.2213,0.8169,0.5062,0.9830,0.1836,0.0000,-0.1836,0.9830,0.0000,0.0000,0.0000,1.0000,0.2820,0.2947,0.2062
23,5,12.3609,0.9822,0.6614,0.9830,0.1836,0.0000,-0.1836,0.9830,0.0000,0.0000,0.0000,1.0000,0.1112,0.2100,0.3614
23,6,12.4488,1.0184,0.4265,0.9830,0.1836,0.0000,-0.1836,0.9830,0.0000,0.0000,0.0000,1.0000,0.1972,0.1336,0.1265
23,7,12.5543,1.0466,0.4491,0.9830,0.1836,0.0000,-0.1836,0.9830,0.0000,0.0000,0.0000,1.0000,0.1624,0.1625,0.0548
23,8,12.5733,1.0941,0.4472,0.9830,0.1836,0.0000,-0.1836,0.9830,0.0000,0.0000,0.0000,1.0000,0.0831,0.2046,0.1050
23,9,12.5909,1.1649,0.4544,0.9830,0.1836,0.0000,-0.1836,0.9830,0.0000,0.0000,0.0000,1.0000,0.0210,0.0279,0.0569
23,10,12.6450,1.1141,0.4546,0.9830,0.1836,0.0000,-0.1836,0.9830,0.0000,0.0000,0.0000,1.0000,0.0210,0.0279,0.0569
24,0,12.5227,1.1609,0.4400,0.9813,0.1923,0.0000,-0.1923,0.9813,0.0000,0.0000,0.0000,1.0000,0.2577,0.2263,0.1400
24,1,12.5301,1.1653,0.6052,0.9813,0.1923,0.0000,-0.1923,0.9813,0.0000,0.0000,0.0000,1.0000,0.1100,0.2168,0.3052
24,2,12.6162,1.1208,0.5173,0.9813,0.1923,0.0000,-0.1923,0.9813,0.0000,0.0000,0.0000,1.0000,0.1101,0.3070,0.2173
24,3,12.6722,0.9517,0.5889,0.9813,0.1923,0.0000,-0.1923,0.9813,0.0000,0.0000,0.0000,1.0000,0.2836,0.2073,0.2889
24,4,12.7970,0.9288,0.5062,0.9813,0.1923,0.0000,-0.1923,0.9813,0.0000,0.0000,0.0000,1.0000,0.2820,0.2947,0.2062
24,5,12.9352,1.0952,0.6614,0.9813,0.1923,0.0000,-0.1923,0.9813,0.0000,0.0000,0.0000,1.0000,0.1112,0.2100,0.3614
24,6,13.0227,1.1322,0.4265,0.9813,0.1923,0.0000,-0.1923,0.9813,0.0000,0.0000,0.0000,1.0000,0.1972,0.1336,0.1265
24,7,13.1279,1.1614,0.4491,0.9813,0.1923,0.0000,-0.1923,0.9813,0.0000,0.0000,0.0000,1.0000,0.1624,0.1625,0.0548
24,8,13.1465,1.2091,0.4472,0.9813,0.1923,0.0000,-0.1923,0.9813,0.0000,0.0000,0.0000,1.0000,0.0831,0.2046,0.1050
24,9,13.1635,1.2800,0.4544,0.9813,0.1923,0.0000,-0.1923,0.9813,0.0000,0.0000,0.0000,1.0000,0.0210,0.0279,0.0569
24,10,13.2181,1.2296,0.4546,0.9813,0.1923,0.0000,-0.1923,0.9813,0.0000,0.0000,0.0000,1.0000,0.0210,0.0279,0.0569
25,0,13.1028,1.2769,0.4400,0.9796,0.2008,0.0000,-0.2008,0.9796,0.0000,0.0000,0.0000,1.0000,0.2577,0.2263,0.1400
25,1,13.1102,1.2813,0.6052,0.9796,0.2008,0.0000,-0.2008,0.9796,0.0000,0.0000,0.0000,1.0000,0.1100,0.2168,0.3052
25,2,13.1966,1.2375,0.5173,0.9796,0.2008,0.0000,-0.2008,0.9796,0.0000,0.0000,0.0000,1.0000,0.1101,0.3070,0.2173
25,3,13.2540,1.0689,0.5889,0.9796,0.2008,0.0000,-0.2008,0.9796,0.0000,0.0000,0.0000,1.0000,0.2836,0.2073,0.2889
25,4,13.3791,1.0471,0.5062,0.9796,0.2008,0.0000,-0.2008,0.9796,0.0000,0.0000,0.0000,1.0000,0.2820,0.2947,0.2062
25,5,13.5158,1.2147,0.6614,0.9796,0.2008,0.0000,-0.2008,0.9796,0.0000,0.0000,0.0000,1.0000,0.1112,0.2100,0.3614
25,6,13.6030,1.2525,0.4265,0.9796,0.2008,0.0000,-0.2008,0.9796,0.0000,0.0000,0.0000,1.0000,0.1972,0.1336,0.1265
25,7,13.7080,1.2826,0.4491,0.9796,0.2008,0.0000,-0.2008,0.9796,0.0000,0.0000,0.0000,1.0000,0.1624,0.1625,0.0548
25,8,13.7261,1.3304,0.4472,0.9796,0.2008,0.0000,-0.2008,0.9796,0.0000,0.0000,0.0000,1.0000,0.0831,0.2046,0.1050
25,9,13.7425,1.4015,0.4544,0.9796,0.2008,0.0000,-0.2008,0.9796,0.0000,0.0000,0.0000,1.0000,0.0210,0.0279,0.0569
25,10,13.7975,1.3516,0.4546,0.9796,0.2008,0.0000,-0.2008,0.9796,0.0000,0.0000,0.0000,1.0000,0.0210,0.0279,0.0569
26,0,13.6883,1.3992,0.4400,0.9779,0.2092,0.0000,-0.2092,0.9779,0.0000,0.0000,0.0000,1.0000,0.2577,0.2263,0.1400
26,1,13.6956,1.4037,0.6052,0.9779,0.2092,0.0000,-0.2092,0.9779,0.0000,0.0000,0.0000,1.0000,0.1100,0.2168,0.3052
26,2,13.7825,1.3606,0.5173,0.9779,0.2092,0.0000,-0.2092,0.9779,0.0000,0.0000,0.0000,1.0000,0.1101,0.3070,0.2173
26,3,13.8413,1.1925,0.5889,0.9779,0.2092,0.0000,-0.2092,0.9779,0.0000,0.0000,0.0000,1.0000,0.2836,0.2073,0.2889
26,4,13.9666,1.1718,0.5062,0.9779,0.2092,0.0000,-0.2092,0.9779,0.0000,0.0000,0.0000,1.0000,0.2820,0.2947,0.2062
26,5,14.1018,1.3406,0.6614,0.9779,0.2092,0.0000,-0.2092,0.9779,0.0000,0.0000,0.0000,1.0000,0.1112,0.2100,0.3614
26,6,14.1887,1.3791,0.4265,0.9779,0.2092,0.0000,-0.2092,0.9779,0.0000,0.0000,0.0000,1.0000,0.1972,0.1336,0.1265
26,7,14.2934,1.4101,0.4491,0.9779,0.2092,0.0000,-0.2092,0.9779,0.0000,0.0000,0.0000,1.0000,0.1624,0.1625,0.0548
26,8,14.3112,1.4581,0.4472,0.9779,0.2092,0.0000,-0.2092,0.9779,0.0000,0.0000,0.0000,1.0000,0.0831,0.2046,0.1050
26,9,14.3269,1.5293,0.4544,0.9779,0.2092,0.0000,-0.2092,0.9779,0.0000,0.0000,0.0000,1.0000,0.0210,0.0279,0.0569
26,10,14.3824,1.4799,0.4546,0.9779,0.2092,0.0000,-0.2092,0.9779,0.0000,0.0000,0.0000,1.0000,0.0210,0.0279,0.0569
27,0,14.2776,1.5275,0.4400,0.9761,0.2173,0.0000,-0.2173,0.9761,0.0000,0.0000,0.0000,1.0000,0.2577,0.2263,0.1400
27,1,14.2848,1.5321,0.6052,0.9761,0.2173,0.0000,-0.2173,0.9761,0.0000,0.0000,0.0000,1.0000,0.1100,0.2168,0.3052
27,2,14.3720,1.4897,0.5173,0.9761,0.2173,0.0000,-0.2173,0.9761,0.0000,0.0000,0.0000,1.0000,0.1101,0.3070,0.2173
27,3,14.4323,1.3221,0.5889,0.9761,0.2173,0.0000,-0.2173,0.9761,0.0000,0.0000,0.0000,1.0000,0.2836,0.2073,0.2889
27,4,14.5577,1.3023,0.5062,0.9761,0.2173,0.0000,-0.2173,0.9761,0.0000,0.0000,0.0000,1.0000,0.2820,0.2947,0.2062
27,5,14.6915,1.4723,0.6614,0.9761,0.2173,0.0000,-0.2173,0.9761,0.0000,0.0000,0.0000,1.0000,0.1112,0.2100,0.3614
27,6,14.7781,1.5115,0.4265,0.9761,0.2173,0.0000,-0.2173,0.9761,0.0000,0.0000,0.0000,1.0000,0.1972,0.1336,0.1265
27,7,14.8826,1.5434,0.4491,0.9761,0.2173,0.0000,-0.2173,0.9761,0.0000,0.0000,0.0000,1.0000,0.1624,0.1625,0.0548
27,8,14.8999,1.5915,0.4472,0.9761,0.2173,0.0000,-0.2173,0.9761,0.0000,0.0000,0.0000,1.0000,0.0831,0.2046,0.1050
27,9,14.9151,1.6628,0.4544,0.9761,0.2173,0.0000,-0.2173,0.9761,0.0000,0.0000,0.0000,1.0000,0.0210,0.0279,0.0569
27,10,14.9710,1.6139,0.4546,0.9761,0.2173,0.0000,-0.2173,0.9761,0.0000,0.0000,0.0000,1.0000,0.0210,0.0279,0.0569
28,0,14.8683,1.6611,0.4400,0.9744,0.2249,0.0000,-0.2249,0.9744,0.0000,0.0000,0.0000,1.0000,0.2577,0.2263,0.1400
28,1,14.8755,1.6657,0.6052,0.9744,0.2249,0.0000,-0.2249,0.9744,0.0000,0.0000,0.0000,1.0000,0.1100,0.2168,0.3052
28,2,14.9630,1.6240,0.5173,0.9744,0.2249,0.0000,-0.2249,0.9744,0.0000,0.0000,0.0000,1.0000,0.1101,0.3070,0.2173
28,3,15.0246,1.4569,0.5889,0.9744,0.2249,0.0000,-0.2249,0.9744,0.0000,0.0000,0.0000,1.0000,0.2836,0.2073,0.2889
28,4,15.1502,1.4381,0.5062,0.9744,0.2249,0.0000,-0.2249,0.9744,0.0000,0.0000,0.0000,1.0000,0.2820,0.2947,0.2062
28,5,15.2827,1.6091,0.6614,0.9744,0.2249,0.0000,-0.2249,0.9744,0.0000,0.0000,0.0000,1.0000,0.1112,0.2100,0.3614
28,6,15.3689,1.6491,0.4265,0.9744,0.2249,0.0000,-0.2249,0.9744,0.0000,0.0000,0.0000,1.0000,0.1972,0.1336,0.1265
28,7,15.4731,1.6817,0.4491,0.9744,0.2249,0.0000,-0.2249,0.9744,0.0000,0.0000,0.0000,1.0000,0.1624,0.1625,0.0548
28,8,15.4901,1.7300,0.4472,0.9744,0.2249,0.0000,-0.2249,0.9744,0.0000,0.0000,0.0000,1.0000,0.0831,0.2046,0.1050
28,9,15.5047,1.8014,0.4544,0.9744,0.2249,0.0000,-0.2249,0.9744,0.0000,0.0000,0.0000,1.0000,0.0210,0.0279,0.0569
28,10,15.5610,1.7529,0.4546,0.9744,0.2249,0.0000,-0.2249,0.9744,0.0000,0.0000,0.0000,1.0000,0.0210,0.0279,0.0569
29,0,15.4587,1.7995,0.4400,0.9725,0.2328,0.0000,-0.2328,0.9725,0.0000,0.0000,0.0000,1.0000,0.2577,0.2263,0.1400
29,1,15.4659,1.8042,0.6052,0.9725,0.2328,0.0000,-0.2328,0.9725,0.0000,0.0000,0.0000,1.0000,0.1100,0.2168,0.3052
29,2,15.5538,1.7633,0.5173,0.9725,0.2328,0.0000,-0.2328,0.9725,0.0000,0.0000,0.0000,1.0000,0.1101,0.3070,0.2173
29,3,15.6167,1.5966,0.5889,0.9725,0.2328,0.0000,-0.2328,0.9725,0.0000,0.0000,0.0000,1.0000,0.2836,0.2073,0.2889
29,4,15.7424,1.5789,0.5062,0.9725,0.2328,0.0000,-0.2328,0.9725,0.0000,0.0000,0.0000,1.0000,0.2820,0.2947,0.2062
29,5,15.8735,1.7509,0.6614,0.9725,0.2328,0.0000,-0.2328,0.9725,0.0000,0.0000,0.0000,1.0000,0.1112,0.2100,0.3614
29,6,15.9594,1.7915,0.4265,0.9725,0.2328,0.0000,-0.2328,0.9725,0.0000,0.0000,0.0000,1.0000,0.1972,0.1336,0.1265
29,7,16.0634,1.8251,0.4491,0.9725,0.2328,0.0000,-0.2328,0.9725,0.0000,0.0000,0.0000,1.0000,0.1624,0.1625,0.0548
29,8,16.0800,1.8735,0.4472,0.9725,0.2328,0.0000,-0.2328,0.9725,0.0000,0.0000,0.0000,1.0000,0.0831,0.2046,0.1050
29,9,16.0940,1.9450,0.4544,0.9725,0.2328,0.0000,-0.2328,0.9725,0.0000,0.0000,0.0000,1.0000,0.0210,0.0279,0.0569
29,10,16.1506,1.8970,0.4546,0.9725,0.2328,0.0000,-0.2328,0.9725,0.0000,0.0000,0.0000,1.0000,0.0210,0.0279,0.0569
30,0,16.0479,1.9426,0.4400,0.9707,0.2403,0.0000,-0.2403,0.9707,0.0000,0.0000,0.0000,1.0000,0.2577,0.2263,0.1400
30,1,16.0551,1.9474,0.6052,0.9707,0.2403,0.0000,-0.2403,0.9707,0.0000,0.0000,0.0000,1.0000,0.1100,0.2168,0.3052
30,2,16.1433,1.9071,0.5173,0.9707,0.2403,0.0000,-0.2403,0.9707,0.0000,0.0000,0.0000,1.0000,0.1101,0.3070,0.2173
30,3,16.2075,1.7410,0.5889,0.9707,0.2403,0.0000,-0.2403,0.9707,0.0000,0.0000,0.0000,1.0000,0.2836,0.2073,0.2889
30,4,16.3333,1.7242,0.5062,0.9707,0.2403,0.0000,-0.2403,0.9707,0.0000,0.0000,0.0000,1.0000,0.2820,0.2947,0.2062
30,5,16.4631,1.8973,0.6614,0.9707,0.2403,0.0000,-0.2403,0.9707,0.0000,0.0000,0.0000,1.0000,0.1112,0.2100,0.3614
30,6,16.5487,1.9386,0.4265,0.9707,0.2403,0.0000,-0.2403,0.9707,0.0000,0.0000,0.0000,1.0000,0.1972,0.1336,0.1265
30,7,16.6524,1.9729,0.4491,0.9707,0.2403,0.0000,-0.2403,0.9707,0.0000,0.0000,0.0000,1.0000,0.1624,0.1625,0.0548
30,8,16.6686,2.0214,0.4472,0.9707,0.2403,0.0000,-0.2403,0.9707,0.0000,0.0000,0.0000,1.0000,0.0831,0.2046,0.1050
30,9,16.6821,2.0930,0.4544,0.9707,0.2403,0.0000,-0.2403,0.9707,0.0000,0.0000,0.0000,1.0000,0.0210,0.0279,0.0569
30,10,16.7391,2.0454,0.4546,0.9707,0.2403,0.0000,-0.2403,0.9707,0.0000,0.0000,0.0000,1.0000,0.0210,0.0279,0.0569
31,0,16.6356,2.0902,0.4400,0.9688,0.2479,0.0000,-0.2479,0.9688,0.0000,0.0000,0.0000,1.0000,0.2577,0.2263,0.1400
31,1,16.6427,2.0951,0.6052,0.9688,0.2479,0.0000,-0.2479,0.9688,0.0000,0.0000,0.0000,1.0000,0.1100,0.2168,0.3052
31,2,16.7312,2.0554,0.5173,0.9688,0.2479,0.0000,-0.2479,0.9688,0.0000,0.0000,0.0000,1.0000,0.1101,0.3070,0.2173
31,3,16.7967,1.8898,0.5889,0.9688,0.2479,0.0000,-0.2479,0.9688,0.0000,0.0000,0.0000,1.0000,0.2836,0.2073,0.2889
31,4,16.9226,1.8740,0.5062,0.9688,0.2479,0.0000,-0.2479,0.9688,0.0000,0.0000,0.0000,1.0000,0.2820,0.2947,0.2062
31,5,17.0511,2.0481,0.6614,0.9688,0.2479,0.0000,-0.2479,0.9688,0.0000,0.0000,0.0000,1.0000,0.1112,0.2100,0.3614
31,6,17.1364,2.0901,0.4265,0.9688,0.2479,0.0000,-0.2479,0.9688,0.0000,0.0000,0.0000,1.0000,0.1972,0.1336,0.1265
31,7,17.2398,2.1252,0.4491,0.9688,0.2479,0.0000,-0.2479,0.9688,0.0000,0.0000,0.0000,1.0000,0.1624,0.1625,0.0548
31,8,17.2556,2.1738,0.4472,0.9688,0.2479,0.0000,-0.2479,0.9688,0.0000,0.0000,0.0000,1.0000,0.0831,0.2046,0.1050
31,9,17.2685,2.2456,0.4544,0.9688,0.2479,0.0000,-0.2479,0.9688,0.0000,0.0000,0.0000,1.0000,0.0210,0.0279,0.0569
31,10,17.3259,2.1984,0.4546,0.9688,0.2479,0.0000,-0.2479,0.9688,0.0000,0.0000,0.0000,1.0000,0.0210,0.0279,0.0569
32,0,17.2217,2.2423,0.4400,0.9668,0.2555,0.0000,-0.2555,0.9668,0.0000,0.0000,0.0000,1.0000,0.2577,0.2263,0.1400
32,1,17.2288,2.2472,0.6052,0.9668,0.2555,0.0000,-0.2555,0.9668,0.0000,0.0000,0.0000,1.0000,0.1100,0.2168,0.3052
32,2,17.3176,2.2083,0.5173,0.9668,0.2555,0.0000,-0.2555,0.9668,0.0000,0.0000,0.0000,1.0000,0.1101,0.3070,0.2173
32,3,17.3844,2.0432,0.5889,0.9668,0.2555,0.0000,-0.2555,0.9668,0.0000,0.0000,0.0000,1.0000,0.2836,0.2073,0.2889
32,4,17.5105,2.0284,0.5062,0.9668,0.2555,0.0000,-0.2555,0.9668,0.0000,0.0000,0.0000,1.0000,0.2820,0.2947,0.2062
32,5,17.6375,2.2035,0.6614,0.9668,0.2555,0.0000,-0.2555,0.9668,0.0000,0.0000,0.0000,1.0000,0.1112,0.2100,0.3614
32,6,17.7225,2.2461,0.4265,0.9668,0.2555,0.0000,-0.2555,0.9668,0.0000,0.0000,0.0000,1.0000,0.1972,0.1336,0.1265
32,7,17.8256,2.2821,0.4491,0.9668,0.2555,0.0000,-0.2555,0.9668,0.0000,0.0000,0.0000,1.0000,0.1624,0.1625,0.0548
32,8,17.8411,2.3309,0.4472,0.9668,0.2555,0.0000,-0.2555,0.9668,0.0000,0.0000,0.0000,1.0000,0.0831,0.2046,0.1050
32,9,17.8534,2.4027,0.4544,0.9668,0.2555,0.0000,-0.2555,0.9668,0.0000,0.0000,0.0000,1.0000,0.0210,0.0279,0.0569
32,10,17.9112,2.3560,0.4546,0.9668,0.2555,0.0000,-0.2555,0.9668,0.0000,0.0000,0.0000,1.0000,0.0210,0.0279,0.0569
33,0,17.8065,2.3991,0.4400,0.9647,0.2633,0.0000,-0.2633,0.9647,0.0000,0.0000,0.0000,1.0000,0.2577,0.2263,0.1400
33,1,17.8135,2.4040,0.6052,0.9647,0.2633,0.0000,-0.2633,0.9647,0.0000,0.0000,0.0000,1.0000,0.1100,0.2168,0.3052
33,2,17.9026,2.3658,0.5173,0.9647,0.2633,0.0000,-0.2633,0.9647,0.0000,0.0000,0.0000,1.0000,0.1101,0.3070,0.2173
33,3,17.9708,2.2013,0.5889,0.9647,0.2633,0.0000,-0.2633,0.9647,0.0000,0.0000,0.0000,1.0000,0.2836,0.2073,0.2889
33,4,18.0969,2.1875,0.5062,0.9647,0.2633,0.0000,-0.2633,0.9647,0.0000,0.0000,0.0000,1.0000,0.2820,0.2947,0.2062
33,5,18.2226,2.3636,0.6614,0.9647,0.2633,0.0000,-0.2633,0.9647,0.0000,0.0000,0.0000,1.0000,0.1112,0.2100,0.3614
33,6,18.3072,2.4069,0.4265,0.9647,0.2633,0.0000,-0.2633,0.9647,0.0000,0.0000,0.0000,1.0000,0.1972,0.1336,0.1265
33,7,18.4100,2.4437,0.4491,0.9647,0.2633,0.0000,-0.2633,0.9647,0.0000,0.0000,0.0000,1.0000,0.1624,0.1625,0.0548
33,8,18.4251,2.4926,0.4472,0.9647,0.2633,0.0000,-0.2633,0.9647,0.0000,0.0000,0.0000,1.0000,0.0831,0.2046,0.1050
33,9,18.4368,2.5645,0.4544,0.9647,0.2633,0.0000,-0.2633,0.9647,0.0000,0.0000,0.0000,1.0000,0.0210,0.0279,0.0569
33,10,18.4950,2.5183,0.4546,0.9647,0.2633,0.0000,-0.2633,0.9647,0.0000,0.0000,0.0000,1.0000,0.0210,0.0279,0.0569
34,0,18.3899,2.5605,0.4400,0.9625,0.2711,0.0000,-0.2711,0.9625,0.0000,0.0000,0.0000,1.0000,0.2577,0.2263,0.1400
34,1,18.3969,2.5655,0.6052,0.9625,0.2711,0.0000,-0.2711,0.9625,0.0000,0.0000,0.0000,1.0000,0.1100,0.2168,0.3052
34,2,18.4863,2.5281,0.5173,0.9625,0.2711,0.0000,-0.2711,0.9625,0.0000,0.0000,0.0000,1.0000,0.1101,0.3070,0.2173
34,3,18.5558,2.3641,0.5889,0.9625,0.2711,0.0000,-0.2711,0.9625,0.0000,0.0000,0.0000,1.0000,0.2836,0.2073,0.2889
34,4,18.6820,2.3513,0.5062,0.9625,0.2711,0.0000,-0.2711,0.9625,0.0000,0.0000,0.0000,1.0000,0.2820,0.2947,0.2062
34,5,18.8063,2.5284,0.6614,0.9625,0.2711,0.0000,-0.2711,0.9625,0.0000,0.0000,0.0000,1.0000,0.1112,0.2100,0.3614
34,6,18.8905,2.5724,0.4265,0.9625,0.2711,0.0000,-0.2711,0.9625,0.0000,0.0000,0.0000,1.0000,0.1972,0.1336,0.1265
34,7,18.9931,2.6100,0.4491,0.9625,0.2711,0.0000,-0.2711,0.9625,0.0000,0.0000,0.0000,1.0000,0.1624,0.1625,0.0548
34,8,19.0077,2.6590,0.4472,0.9625,0.2711,0.0000,-0.2711,0.9625,0.0000,0.0000,0.0000,1.0000,0.0831,0.2046,0.1050
34,9,19.0189,2.7311,0.4544,0.9625,0.2711,0.0000,-0.2711,0.9625,0.0000,0.0000,0.0000,1.0000,0.0210,0.0279,0.0569
34,10,19.0774,2.6853,0.4546,0.9625,0.2711,0.0000,-0.2711,0.9625,0.0000,0.0000,0.0000,1.0000,0.0210,0.0279,0.0569
35,0,18.9718,2.7267,0.4400,0.9603,0.2791,0.0000,-0.2791,0.9603,0.0000,0.0000,0.0000,1.0000,0.2577,0.2263,0.1400
35,1,18.9787,2.7318,0.6052,0.9603,0.2791,0.0000,-0.2791,0.9603,0.0000,0.0000,0.0000,1.0000,0.1100,0.2168,0.3052
35,2,19.0684,2.6950,0.5173,0.9603,0.2791,0.0000,-0.2791,0.9603,0.0000,0.0000,0.0000,1.0000,0.1101,0.3070,0.2173
35,3,19.1393,2.5316,0.5889,0.9603,0.2791,0.0000,-0.2791,0.9603,0.0000,0.0000,0.0000,1.0000,0.2836,0.2073,0.2889
35,4,19.2657,2.5199,0.5062,0.9603,0.2791,0.0000,-0.2791,0.9603,0.0000,0.0000,0.0000,1.0000,0.2820,0.2947,0.2062
35,5,19.3884,2.6981,0.6614,0.9603,0.2791,0.0000,-0.2791,0.9603,0.0000,0.0000,0.0000,1.0000,0.1112,0.2100,0.3614
35,6,19.4723,2.7428,0.4265,0.9603,0.2791,0.0000,-0.2791,0.9603,0.0000,0.0000,0.0000,1.0000,0.1972,0.1336,0.1265
35,7,19.5745,2.7812,0.4491,0.9603,0.2791,0.0000,-0.2791,0.9603,0.0000,0.0000,0.0000,1.0000,0.1624,0.1625,0.0548
35,8,19.5887,2.8303,0.4472,0.9603,0.2791,0.0000,-0.2791,0.9603,0.0000,0.0000,0.0000,1.0000,0.0831,0.2046,0.1050
35,9,19.5993,2.9025,0.4544,0.9603,0.2791,0.0000,-0.2791,0.9603,0.0000,0.0000,0.0000,1.0000,0.0210,0.0279,0.0569
35,10,19.6582,2.8572,0.4546,0.9603,0.2791,0.0000,-0.2791,0.9603,0.0000,0.0000,0.0000,1.0000,0.0210,0.0279,0.0569
36,0,19.5517,2.8976,0.4400,0.9579,0.2871,0.0000,-0.2871,0.9579,0.0000,0.0000,0.0000,1.0000,0.2577,0.2263,0.1400
36,1,19.5586,2.9027,0.6052,0.9579,0.2871,0.0000,-0.2871,0.9579,0.0000,0.0000,0.0000,1.0000,0.1100,0.2168,0.3052
36,2,19.6486,2.8667,0.5173,0.9579,0.2871,0.0000,-0.2871,0.9579,0.0000,0.0000,0.0000,1.0000,0.1101,0.3070,0.2173
36,3,19.7208,2.7039,0.5889,0.9579,0.2871,0.0000,-0.2871,0.9579,0.0000,0.0000,0.0000,1.0000,0.2836,0.2073,0.2889
36,4,19.8473,2.6932,0.5062,0.9579,0.2871,0.0000,-0.2871,0.9579,0.0000,0.0000,0.0000,1.0000,0.2820,0.2947,0.2062
36,5,19.9686,2.8724,0.6614,0.9579,0.2871,0.0000,-0.2871,0.9579,0.0000,0.0000,0.0000,1.0000,0.1112,0.2100,0.3614
36,6,20.0521,2.9178,0.4265,0.9579,0.2871,0.0000,-0.2871,0.9579,0.0000,0.0000,0.0000,1.0000,0.1972,0.1336,0.1265
36,7,20.1540,2.9571,0.4491,0.9579,0.2871,0.0000,-0.2871,0.9579,0.0000,0.0000,0.0000,1.0000,0.1624,0.1625,0.0548
36,8,20.1678,3.0063,0.4472,0.9579,0.2871,0.0000,-0.2871,0.9579,0.0000,0.0000,0.0000,1.0000,0.0831,0.2046,0.1050
36,9,20.1778,3.0785,0.4544,0.9579,0.2871,0.0000,-0.2871,0.9579,0.0000,0.0000,0.0000,1.0000,0.0210,0.0279,0.0569
36,10,20.2370,3.0338,0.4546,0.9579,0.2871,0.0000,-0.2871,0.9579,0.0000,0.0000,0.0000,1.0000,0.0210,0.0279,0.0569
37,0,20.1292,3.0728,0.4400,0.9556,0.2946,0.0000,-0.2946,0.9556,0.0000,0.0000,0.0000,1.0000,0.2577,0.2263,0.1400
37,1,20.1361,3.0780,0.6052,0.9556,0.2946,0.0000,-0.2946,0.9556,0.0000,0.0000,0.0000,1.0000,0.1100,0.2168,0.3052
37,2,20.2264,3.0427,0.5173,0.9556,0.2946,0.0000,-0.2946,0.9556,0.0000,0.0000,0.0000,1.0000,0.1101,0.3070,0.2173
37,3,20.2999,2.8804,0.5889,0.9556,0.2946,0.0000,-0.2946,0.9556,0.0000,0.0000,0.0000,1.0000,0.2836,0.2073,0.2889
37,4,20.4264,2.8708,0.5062,0.9556,0.2946,0.0000,-0.2946,0.9556,0.0000,0.0000,0.0000,1.0000,0.2820,0.2947,0.2062
37,5,20.5463,3.0509,0.6614,0.9556,0.2946,0.0000,-0.2946,0.9556,0.0000,0.0000,0.0000,1.0000,0.1112,0.2100,0.3614
37,6,20.6294,3.0969,0.4265,0.9556,0.2946,0.0000,-0.2946,0.9556,0.0000,0.0000,0.0000,1.0000,0.1972,0.1336,0.1265
37,7,20.7310,3.1371,0.4491,0.9556,0.2946,0.0000,-0.2946,0.9556,0.0000,0.0000,0.0000,1.0000,0.1624,0.1625,0.0548
37,8,20.7445,3.1864,0.4472,0.9556,0.2946,0.0000,-0.2946,0.9556,0.0000,0.0000,0.0000,1.0000,0.0831,0.2046,0.1050
37,9,20.7539,3.2587,0.4544,0.9556,0.2946,0.0000,-0.2946,0.9556,0.0000,0.0000,0.0000,1.0000,0.0210,0.0279,0.0569
37,10,20.8135,3.2144,0.4546,0.9556,0.2946,0.0000,-0.2946,0.9556,0.0000,0.0000,0.0000,1.0000,0.0210,0.0279,0.0569
38,0,20.7041,3.2521,0.4400,0.9534,0.3019,0.0000,-0.3019,0.9534,0.0000,0.0000,0.0000,1.0000,0.2577,0.2263,0.1400
38,1,20.7109,3.2573,0.6052,0.9534,0.3019,0.0000,-0.3019,0.9534,0.0000,0.0000,0.0000,1.0000,0.1100,0.2168,0.3052
38,2,20.8015,3.2227,0.5173,0.9534,0.3019,0.0000,-0.3019,0.9534,0.0000,0.0000,0.0000,1.0000,0.1101,0.3070,0.2173
38,3,20.8762,3.0610,0.5889,0.9534,0.3019,0.0000,-0.3019,0.9534,0.0000,0.0000,0.0000,1.0000,0.2836,0.2073,0.2889
38,4,21.0028,3.0524,0.5062,0.9534,0.3019,0.0000,-0.3019,0.9534,0.0000,0.0000,0.0000,1.0000,0.2820,0.2947,0.2062
38,5,21.1213,3.2334,0.6614,0.9534,0.3019,0.0000,-0.3019,0.9534,0.0000,0.0000,0.0000,1.0000,0.1112,0.2100,0.3614
38,6,21.2041,3.2800,0.4265,0.9534,0.3019,0.0000,-0.3019,0.9534,0.0000,0.0000,0.0000,1.0000,0.1972,0.1336,0.1265
38,7,21.3054,3.3209,0.4491,0.9534,0.3019,0.0000,-0.3019,0.9534,0.0000,0.0000,0.0000,1.0000,0.1624,0.1625,0.0548
38,8,21.3184,3.3704,0.4472,0.9534,0.3019,0.0000,-0.3019,0.9534,0.0000,0.0000,0.0000,1.0000,0.0831,0.2046,0.1050
38,9,21.3273,3.4427,0.4544,0.9534,0.3019,0.0000,-0.3019,0.9534,0.0000,0.0000,0.0000,1.0000,0.0210,0.0279,0.0569
38,10,21.3872,3.3989,0.4546,0.9534,0.3019,0.0000,-0.3019,0.9534,0.0000,0.0000,0.0000,1.0000,0.0210,0.0279,0.0569
39,0,21.2762,3.4352,0.4400,0.9512,0.3087,0.0000,-0.3087,0.9512,0.0000,0.0000,0.0000,1.0000,0.2577,0.2263,0.1400
39,1,21.2831,3.4405,0.6052,0.9512,0.3087,0.0000,-0.3087,0.9512,0.0000,0.0000,0.0000,1.0000,0.1100,0.2168,0.3052
39,2,21.3739,3.4066,0.5173,0.9512,0.3087,0.0000,-0.3087,0.9512,0.0000,0.0000,0.0000,1.0000,0.1101,0.3070,0.2173
39,3,21.4497,3.2454,0.5889,0.9512,0.3087,0.0000,-0.3087,0.9512,0.0000,0.0000,0.0000,1.0000,0.2836,0.2073,0.2889
39,4,21.5764,3.2376,0.5062,0.9512,0.3087,0.0000,-0.3087,0.9512,0.0000,0.0000,0.0000,1.0000,0.2820,0.2947,0.2062
39,5,21.6936,3.4195,0.6614,0.9512,0.3087,0.0000,-0.3087,0.9512,0.0000,0.0000,0.0000,1.0000,0.1112,0.2100,0.3614
39,6,21.7760,3.4667,0.4265,0.9512,0.3087,0.0000,-0.3087,0.9512,0.0000,0.0000,0.0000,1.0000,0.1972,0.1336,0.1265
39,7,21.8770,3.5084,0.4491,0.9512,0.3087,0.0000,-0.3087,0.9512,0.0000,0.0000,0.0000,1.0000,0.1624,0.1625,0.0548
39,8,21.8897,3.5579,0.4472,0.9512,0.3087,0.0000,-0.3087,0.9512,0.0000,0.0000,0.0000,1.0000,0.0831,0.2046,0.1050
39,9,21.8981,3.6303,0.4544,0.9512,0.3087,0.0000,-0.3087,0.9512,0.0000,0.0000,0.0000,1.0000,0.0210,0.0279,0.0569
39,10,21.9583,3.5869,0.4546,0.9512,0.3087,0.0000,-0.3087,0.9512,0.0000,0.0000,0.0000,1.0000,0.0210,0.0279,0.0569
40,0,21.8462,3.6221,0.4400,0.9490,0.3153,0.0000,-0.3153,0.9490,0.0000,0.0000,0.0000,1.0000,0.2577,0.2263,0.1400
40,1,21.8529,3.6274,0.6052,0.9490,0.3153,0.0000,-0.3153,0.9490,0.0000,0.0000,0.0000,1.0000,0.1100,0.2168,0.3052
40,2,21.9440,3.5941,0.5173,0.9490,0.3153,0.0000,-0.3153,0.9490,0.0000,0.0000,0.0000,1.0000,0.1101,0.3070,0.2173
40,3,22.0209,3.4335,0.5889,0.9490,0.3153,0.0000,-0.3153,0.9490,0.0000,0.0000,0.0000,1.0000,0.2836,0.2073,0.2889
40,4,22.1477,3.4266,0.5062,0.9490,0.3153,0.0000,-0.3153,0.9490,0.0000,0.0000,0.0000,1.0000,0.2820,0.2947,0.2062
40,5,22.2636,3.6092,0.6614,0.9490,0.3153,0.0000,-0.3153,0.9490,0.0000,0.0000,0.0000,1.0000,0.1112,0.2100,0.3614
40,6,22.3457,3.6571,0.4265,0.9490,0.3153,0.0000,-0.3153,0.9490,0.0000,0.0000,0.0000,1.0000,0.1972,0.1336,0.1265
40,7,22.4464,3.6994,0.4491,0.9490,0.3153,0.0000,-0.3153,0.9490,0.0000,0.0000,0.0000,1.0000,0.1624,0.1625,0.0548
40,8,22.4588,3.7490,0.4472,0.9490,0.3153,0.0000,-0.3153,0.9490,0.0000,0.0000,0.0000,1.0000,0.0831,0.2046,0.1050
40,9,22.4666,3.8215,0.4544,0.9490,0.3153,0.0000,-0.3153,0.9490,0.0000,0.0000,0.0000,1.0000,0.0210,0.0279,0.0569
40,10,22.5272,3.7785,0.4546,0.9490,0.3153,0.0000,-0.3153,0.9490,0.0000,0.0000,0.0000,1.0000,0.0210,0.0279,0.0569
41,0,22.4145,3.8127,0.4400,0.9469,0.3216,0.0000,-0.3216,0.9469,0.0000,0.0000,0.0000,1.0000,0.2577,0.2263,0.1400
41,1,22.4212,3.8181,0.6052,0.9469,0.3216,0.0000,-0.3216,0.9469,0.0000,0.0000,0.0000,1.0000,0.1100,0.2168,0.3052
41,2,22.5125,3.7854,0.5173,0.9469,0.3216,0.0000,-0.3216,0.9469,0.0000,0.0000,0.0000,1.0000,0.1101,0.3070,0.2173
41,3,22.5905,3.6253,0.5889,0.9469,0.3216,0.0000,-0.3216,0.9469,0.0000,0.0000,0.0000,1.0000,0.2836,0.2073,0.2889
41,4,22.7173,3.6193,0.5062,0.9469,0.3216,0.0000,-0.3216,0.9469,0.0000,0.0000,0.0000,1.0000,0.2820,0.2947,0.2062
41,5,22.8320,3.8027,0.6614,0.9469,0.3216,0.0000,-0.3216,0.9469,0.0000,0.0000,0.0000,1.0000,0.1112,0.2100,0.3614
41,6,22.9138,3.8511,0.4265,0.9469,0.3216,0.0000,-0.3216,0.9469,0.0000,0.0000,0.0000,1.0000,0.1972,0.1336,0.1265
41,7,23.0142,3.8940,0.4491,0.9469,0.3216,0.0000,-0.3216,0.9469,0.0000,0.0000,0.0000,1.0000,0.1624,0.1625,0.0548
41,8,23.0262,3.9438,0.4472,0.9469,0.3216,0.0000,-0.3216,0.9469,0.0000,0.0000,0.0000,1.0000,0.0831,0.2046,0.1050
41,9,23.0336,4.0163,0.4544,0.9469,0.3216,0.0000,-0.3216,0.9469,0.0000,0.0000,0.0000,1.0000,0.0210,0.0279,0.0569
41,10,23.0944,3.9737,0.4546,0.9469,0.3216,0.0000,-0.3216,0.9469,0.0000,0.0000,0.0000,1.0000,0.0210,0.0279,0.0569
42,0,22.9820,4.0073,0.4400,0.9447,0.3278,0.0000,-0.3278,0.9447,0.0000,0.0000,0.0000,1.0000,0.2577,0.2263,0.1400
42,1,22.9887,4.0127,0.6052,0.9447,0.3278,0.0000,-0.3278,0.9447,0.0000,0.0000,0.0000,1.0000,0.1100,0.2168,0.3052
42,2,23.0801,3.9806,0.5173,0.9447,0.3278,0.0000,-0.3278,0.9447,0.0000,0.0000,0.0000,1.0000,0.1101,0.3070,0.2173
42,3,23.1592,3.8210,0.5889,0.9447,0.3278,0.0000,-0.3278,0.9447,0.0000,0.0000,0.0000,1.0000,0.2836,0.2073,0.2889
42,4,23.2861,3.8158,0.5062,0.9447,0.3278,0.0000,-0.3278,0.9447,0.0000,0.0000,0.0000,1.0000,0.2820,0.2947,0.2062
42,5,23.3995,4.0000,0.6614,0.9447,0.3278,0.0000,-0.3278,0.9447,0.0000,0.0000,0.0000,1.0000,0.1112,0.2100,0.3614
42,6,23.4810,4.0489,0.4265,0.9447,0.3278,0.0000,-0.3278,0.9447,0.0000,0.0000,0.0000,1.0000,0.1972,0.1336,0.1265
42,7,23.5811,4.0925,0.4491,0.9447,0.3278,0.0000,-0.3278,0.9447,0.0000,0.0000,0.0000,1.0000,0.1624,0.1625,0.0548
42,8,23.5929,4.1423,0.4472,0.9447,0.3278,0.0000,-0.3278,0.9447,0.0000,0.0000,0.0000,1.0000,0.0831,0.2046,0.1050
42,9,23.5998,4.2149,0.4544,0.9447,0.3278,0.0000,-0.3278,0.9447,0.0000,0.0000,0.0000,1.0000,0.0210,0.0279,0.0569
42,10,23.6609,4.1727,0.4546,0.9447,0.3278,0.0000,-0.3278,0.9447,0.0000,0.0000,0.0000,1.0000,0.0210,0.0279,0.0569
43,0,23.5495,4.2059,0.4400,0.9427,0.3335,0.0000,-0.3335,0.9427,0.0000,0.0000,0.0000,1.0000,0.2577,0.2263,0.1400
43,1,23.5561,4.2113,0.6052,0.9427,0.3335,0.0000,-0.3335,0.9427,0.0000,0.0000,0.0000,1.0000,0.1100,0.2168,0.3052
43,2,23.6478,4.1798,0.5173,0.9427,0.3335,0.0000,-0.3335,0.9427,0.0000,0.0000,0.0000,1.0000,0.1101,0.3070,0.2173
43,3,23.7279,4.0207,0.5889,0.9427,0.3335,0.0000,-0.3335,0.9427,0.0000,0.0000,0.0000,1.0000,0.2836,0.2073,0.2889
43,4,23.8547,4.0162,0.5062,0.9427,0.3335,0.0000,-0.3335,0.9427,0.0000,0.0000,0.0000,1.0000,0.2820,0.2947,0.2062
43,5,23.9671,4.2011,0.6614,0.9427,0.3335,0.0000,-0.3335,0.9427,0.0000,0.0000,0.0000,1.0000,0.1112,0.2100,0.3614
43,6,24.0482,4.2505,0.4265,0.9427,0.3335,0.0000,-0.3335,0.9427,0.0000,0.0000,0.0000,1.0000,0.1972,0.1336,0.1265
43,7,24.1481,4.2947,0.4491,0.9427,0.3335,0.0000,-0.3335,0.9427,0.0000,0.0000,0.0000,1.0000,0.1624,0.1625,0.0548
43,8,24.1595,4.3446,0.4472,0.9427,0.3335,0.0000,-0.3335,0.9427,0.0000,0.0000,0.0000,1.0000,0.0831,0.2046,0.1050
43,9,24.1660,4.4172,0.4544,0.9427,0.3335,0.0000,-0.3335,0.9427,0.0000,0.0000,0.0000,1.0000,0.0210,0.0279,0.0569
43,10,24.2274,4.3754,0.4546,0.9427,0.3335,0.0000,-0.3335,0.9427,0.0000,0.0000,0.0000,1.0000,0.0210,0.0279,0.0569
44,0,24.1178,4.4084,0.4400,0.9409,0.3386,0.0000,-0.3386,0.9409,0.0000,0.0000,0.0000,1.0000,0.2577,0.2263,0.1400
44,1,24.1244,4.4139,0.6052,0.9409,0.3386,0.0000,-0.3386,0.9409,0.0000,0.0000,0.0000,1.0000,0.1100,0.2168,0.3052
44,2,24.2162,4.3829,0.5173,0.9409,0.3386,0.0000,-0.3386,0.9409,0.0000,0.0000,0.0000,1.0000,0.1101,0.3070,0.2173
44,3,24.2971,4.2242,0.5889,0.9409,0.3386,0.0000,-0.3386,0.9409,0.0000,0.0000,0.0000,1.0000,0.2836,0.2073,0.2889
44,4,24.4240,4.2204,0.5062,0.9409,0.3386,0.0000,-0.3386,0.9409,0.0000,0.0000,0.0000,1.0000,0.2820,0.2947,0.2062
44,5,24.5354,4.4059,0.6614,0.9409,0.3386,0.0000,-0.3386,0.9409,0.0000,0.0000,0.0000,1.0000,0.1112,0.2100,0.3614
44,6,24.6163,4.4557,0.4265,0.9409,0.3386,0.0000,-0.3386,0.9409,0.0000,0.0000,0.0000,1.0000,0.1972,0.1336,0.1265
44,7,24.7159,4.5005,0.4491,0.9409,0.3386,0.0000,-0.3386,0.9409,0.0000,0.0000,0.0000,1.0000,0.1624,0.1625,0.0548
44,8,24.7271,4.5504,0.4472,0.9409,0.3386,0.0000,-0.3386,0.9409,0.0000,0.0000,0.0000,1.0000,0.0831,0.2046,0.1050
44,9,24.7331,4.6231,0.4544,0.9409,0.3386,0.0000,-0.3386,0.9409,0.0000,0.0000,0.0000,1.0000,0.0210,0.0279,0.0569
44,10,24.7947,4.5816,0.4546,0.9409,0.3386,0.0000,-0.3386,0.9409,0.0000,0.0000,0.0000,1.0000,0.0210,0.0279,0.0569
45,0,24.6873,4.6148,0.4400,0.9391,0.3436,0.0000,-0.3436,0.9391,0.0000,0.0000,0.0000,1.0000,0.2577,0.2263,0.1400
45,1,24.6939,4.6203,0.6052,0.9391,0.3436,0.0000,-0.3436,0.9391,0.0000,0.0000,0.0000,1.0000,0.1100,0.2168,0.3052
45,2,24.7859,4.5898,0.5173,0.9391,0.3436,0.0000,-0.3436,0.9391,0.0000,0.0000,0.0000,1.0000,0.1101,0.3070,0.2173
45,3,24.8676,4.4315,0.5889,0.9391,0.3436,0.0000,-0.3436,0.9391,0.0000,0.0000,0.0000,1.0000,0.2836,0.2073,0.2889
45,4,24.9945,4.4285,0.5062,0.9391,0.3436,0.0000,-0.3436,0.9391,0.0000,0.0000,0.0000,1.0000,0.2820,0.2947,0.2062
45,5,25.1049,4.6145,0.6614,0.9391,0.3436,0.0000,-0.3436,0.9391,0.0000,0.0000,0.0000,1.0000,0.1112,0.2100,0.3614
45,6,25.1855,4.6648,0.4265,0.9391,0.3436,0.0000,-0.3436,0.9391,0.0000,0.0000,0.0000,1.0000,0.1972,0.1336,0.1265
45,7,25.2849,4.7101,0.4491,0.9391,0.3436,0.0000,-0.3436,0.9391,0.0000,0.0000,0.0000,1.0000,0.1624,0.1625,0.0548
45,8,25.2958,4.7601,0.4472,0.9391,0.3436,0.0000,-0.3436,0.9391,0.0000,0.0000,0.0000,1.0000,0.0831,0.2046,0.1050
45,9,25.3015,4.8327,0.4544,0.9391,0.3436,0.0000,-0.3436,0.9391,0.0000,0.0000,0.0000,1.0000,0.0210,0.0279,0.0569
45,10,25.3633,4.7916,0.4546,0.9391,0.3436,0.0000,-0.3436,0.9391,0.0000,0.0000,0.0000,1.0000,0.0210,0.0279,0.0569
46,0,25.2578,4.8250,0.4400,0.9374,0.3483,0.0000,-0.3483,0.9374,0.0000,0.0000,0.0000,1.0000,0.2577,0.2263,0.1400
46,1,25.2644,4.8305,0.6052,0.9374,0.3483,0.0000,-0.3483,0.9374,0.0000,0.0000,0.0000,1.0000,0.1100,0.2168,0.3052
46,2,25.3566,4.8004,0.5173,0.9374,0.3483,0.0000,-0.3483,0.9374,0.0000,0.0000,0.0000,1.0000,0.1101,0.3070,0.2173
46,3,25.4391,4.6426,0.5889,0.9374,0.3483,0.0000,-0.3483,0.9374,0.0000,0.0000,0.0000,1.0000,0.2836,0.2073,0.2889
46,4,25.5660,4.6402,0.5062,0.9374,0.3483,0.0000,-0.3483,0.9374,0.0000,0.0000,0.0000,1.0000,0.2820,0.2947,0.2062
46,5,25.6755,4.8268,0.6614,0.9374,0.3483,0.0000,-0.3483,0.9374,0.0000,0.0000,0.0000,1.0000,0.1112,0.2100,0.3614
46,6,25.7558,4.8774,0.4265,0.9374,0.3483,0.0000,-0.3483,0.9374,0.0000,0.0000,0.0000,1.0000,0.1972,0.1336,0.1265
46,7,25.8550,4.9232,0.4491,0.9374,0.3483,0.0000,-0.3483,0.9374,0.0000,0.0000,0.0000,1.0000,0.1624,0.1625,0.0548
46,8,25.8656,4.9733,0.4472,0.9374,0.3483,0.0000,-0.3483,0.9374,0.0000,0.0000,0.0000,1.0000,0.0831,0.2046,0.1050
46,9,25.8709,5.0460,0.4544,0.9374,0.3483,0.0000,-0.3483,0.9374,0.0000,0.0000,0.0000,1.0000,0.0210,0.0279,0.0569
46,10,25.9330,5.0051,0.4546,0.9374,0.3483,0.0000,-0.3483,0.9374,0.0000,0.0000,0.0000,1.0000,0.0210,0.0279,0.0569
47,0,25.8289,5.0386,0.4400,0.9357,0.3529,0.0000,-0.3529,0.9357,0.0000,0.0000,0.0000,1.0000,0.2577,0.2263,0.1400
47,1,25.8355,5.0441,0.6052,0.9357,0.3529,0.0000,-0.3529,0.9357,0.0000,0.0000,0.0000,1.0000,0.1100,0.2168,0.3052
47,2,25.9278,5.0145,0.5173,0.9357,0.3529,0.0000,-0.3529,0.9357,0.0000,0.0000,0.0000,1.0000,0.1101,0.3070,0.2173
47,3,26.0111,4.8571,0.5889,0.9357,0.3529,0.0000,-0.3529,0.9357,0.0000,0.0000,0.0000,1.0000,0.2836,0.2073,0.2889
47,4,26.1380,4.8552,0.5062,0.9357,0.3529,0.0000,-0.3529,0.9357,0.0000,0.0000,0.0000,1.0000,0.2820,0.2947,0.2062
47,5,26.2466,5.0424,0.6614,0.9357,0.3529,0.0000,-0.3529,0.9357,0.0000,0.0000,0.0000,1.0000,0.1112,0.2100,0.3614
47,6,26.3267,5.0934,0.4265,0.9357,0.3529,0.0000,-0.3529,0.9357,0.0000,0.0000,0.0000,1.0000,0.1972,0.1336,0.1265
47,7,26.4256,5.1397,0.4491,0.9357,0.3529,0.0000,-0.3529,0.9357,0.0000,0.0000,0.0000,1.0000,0.1624,0.1625,0.0548
47,8,26.4360,5.1898,0.4472,0.9357,0.3529,0.0000,-0.3529,0.9357,0.0000,0.0000,0.0000,1.0000,0.0831,0.2046,0.1050
47,9,26.4410,5.2625,0.4544,0.9357,0.3529,0.0000,-0.3529,0.9357,0.0000,0.0000,0.0000,1.0000,0.0210,0.0279,0.0569
47,10,26.5032,5.2220,0.4546,0.9357,0.3529,0.0000,-0.3529,0.9357,0.0000,0.0000,0.0000,1.0000,0.0210,0.0279,0.0569
48,0,26.3997,5.2554,0.4400,0.9337,0.3580,0.0000,-0.3580,0.9337,0.0000,0.0000,0.0000,1.0000,0.2577,0.2263,0.1400
48,1,26.4062,5.2610,0.6052,0.9337,0.3580,0.0000,-0.3580,0.9337,0.0000,0.0000,0.0000,1.0000,0.1100,0.2168,0.3052
48,2,26.4987,5.2318,0.5173,0.9337,0.3580,0.0000,-0.3580,0.9337,0.0000,0.0000,0.0000,1.0000,0.1101,0.3070,0.2173
48,3,26.5829,5.0749,0.5889,0.9337,0.3580,0.0000,-0.3580,0.9337,0.0000,0.0000,0.0000,1.0000,0.2836,0.2073,0.2889
48,4,26.7098,5.0737,0.5062,0.9337,0.3580,0.0000,-0.3580,0.9337,0.0000,0.0000,0.0000,1.0000,0.2820,0.2947,0.2062
48,5,26.8173,5.2615,0.6614,0.9337,0.3580,0.0000,-0.3580,0.9337,0.0000,0.0000,0.0000,1.0000,0.1112,0.2100,0.3614
48,6,26.8972,5.3130,0.4265,0.9337,0.3580,0.0000,-0.3580,0.9337,0.0000,0.0000,0.0000,1.0000,0.1972,0.1336,0.1265
48,7,26.9958,5.3598,0.4491,0.9337,0.3580,0.0000,-0.3580,0.9337,0.0000,0.0000,0.0000,1.0000,0.1624,0.1625,0.0548
48,8,27.0060,5.4099,0.4472,0.9337,0.3580,0.0000,-0.3580,0.9337,0.0000,0.0000,0.0000,1.0000,0.0831,0.2046,0.1050
48,9,27.0105,5.4827,0.4544,0.9337,0.3580,0.0000,-0.3580,0.9337,0.0000,0.0000,0.0000,1.0000,0.0210,0.0279,0.0569
48,10,27.0729,5.4425,0.4546,0.9337,0.3580,0.0000,-0.3580,0.9337,0.0000,0.0000,0.0000,1.0000,0.0210,0.0279,0.0569
49,0,26.9691,5.4750,0.4400,0.9320,0.3625,0.0000,-0.3625,0.9320,0.0000,0.0000,0.0000,1.0000,0.2577,0.2263,0.1400
49,1,26.9756,5.4807,0.6052,0.9320,0.3625,0.0000,-0.3625,0.9320,0.0000,0.0000,0.0000,1.0000,0.1100,0.2168,0.3052
49,2,27.0682,5.4520,0.5173,0.9320,0.3625,0.0000,-0.3625,0.9320,0.0000,0.0000,0.0000,1.0000,0.1101,0.3070,0.2173
49,3,27.1531,5.2954,0.5889,0.9320,0.3625,0.0000,-0.3625,0.9320,0.0000,0.0000,0.0000,1.0000,0.2836,0.2073,0.2889
49,4,27.2801,5.2949,0.5062,0.9320,0.3625,0.0000,-0.3625,0.9320,0.0000,0.0000,0.0000,1.0000,0.2820,0.2947,0.2062
49,5,27.3867,5.4832,0.6614,0.9320,0.3625,0.0000,-0.3625,0.9320,0.0000,0.0000,0.0000,1.0000,0.1112,0.2100,0.3614
49,6,27.4663,5.5351,0.4265,0.9320,0.3625,0.0000,-0.3625,0.9320,0.0000,0.0000,0.0000,1.0000,0.1972,0.1336,0.1265
49,7,27.5647,5.5824,0.4491,0.9320,0.3625,0.0000,-0.3625,0.9320,0.0000,0.0000,0.0000,1.0000,0.1624,0.1625,0.0548
49,8,27.5746,5.6326,0.4472,0.9320,0.3625,0.0000,-0.3625,0.9320,0.0000,0.0000,0.0000,1.0000,0.0831,0.2046,0.1050
49,9,27.5788,5.7053,0.4544,0.9320,0.3625,0.0000,-0.3625,0.9320,0.0000,0.0000,0.0000,1.0000,0.0210,0.0279,0.0569
49,10,27.6414,5.6654,0.4546,0.9320,0.3625,0.0000,-0.3625,0.9320,0.0000,0.0000,0.0000,1.0000,0.0210,0.0279,0.0569
50,0,27.5365,5.6970,0.4400,0.9304,0.3666,0.0000,-0.3666,0.9304,0.0000,0.0000,0.0000,1.0000,0.2577,0.2263,0.1400
50,1,27.5430,5.7026,0.6052,0.9304,0.3666,0.0000,-0.3666,0.9304,0.0000,0.0000,0.0000,1.0000,0.1100,0.2168,0.3052
50,2,27.6357,5.6744,0.5173,0.9304,0.3666,0.0000,-0.3666,0.9304,0.0000,0.0000,0.0000,1.0000,0.1101,0.3070,0.2173
50,3,27.7213,5.5182,0.5889,0.9304,0.3666,0.0000,-0.3666,0.9304,0.0000,0.0000,0.0000,1.0000,0.2836,0.2073,0.2889
50,4,27.8482,5.5182,0.5062,0.9304,0.3666,0.0000,-0.3666,0.9304,0.0000,0.0000,0.0000,1.0000,0.2820,0.2947,0.2062
50,5,27.9540,5.7069,0.6614,0.9304,0.3666,0.0000,-0.3666,0.9304,0.0000,0.0000,0.0000,1.0000,0.1112,0.2100,0.3614
50,6,28.0334,5.7591,0.4265,0.9304,0.3666,0.0000,-0.3666,0.9304,0.0000,0.0000,0.0000,1.0000,0.1972,0.1336,0.1265
50,7,28.1316,5.8069,0.4491,0.9304,0.3666,0.0000,-0.3666,0.9304,0.0000,0.0000,0.0000,1.0000,0.1624,0.1625,0.0548
50,8,28.1413,5.8571,0.4472,0.9304,0.3666,0.0000,-0.3666,0.9304,0.0000,0.0000,0.0000,1.0000,0.0831,0.2046,0.1050
50,9,28.1452,5.9299,0.4544,0.9304,0.3666,0.0000,-0.3666,0.9304,0.0000,0.0000,0.0000,1.0000,0.0210,0.0279,0.0569
50,10,28.2080,5.8903,0.4546,0.9304,0.3666,0.0000,-0.3666,0.9304,0.0000,0.0000,0.0000,1.0000,0.0210,0.0279,0.0569
51,0,28.1015,5.9208,0.4400,0.9288,0.3705,0.0000,-0.3705,0.9288,0.0000,0.0000,0.0000,1.0000,0.2577,0.2263,0.1400
51,1,28.1080,5.9265,0.6052,0.9288,0.3705,0.0000,-0.3705,0.9288,0.0000,0.0000,0.0000,1.0000,0.1100,0.2168,0.3052
51,2,28.2008,5.8986,0.5173,0.9288,0.3705,0.0000,-0.3705,0.9288,0.0000,0.0000,0.0000,1.0000,0.1101,0.3070,0.2173
51,3,28.2871,5.7428,0.5889,0.9288,0.3705,0.0000,-0.3705,0.9288,0.0000,0.0000,0.0000,1.0000,0.2836,0.2073,0.2889
51,4,28.4140,5.7433,0.5062,0.9288,0.3705,0.0000,-0.3705,0.9288,0.0000,0.0000,0.0000,1.0000,0.2820,0.2947,0.2062
51,5,28.5190,5.9325,0.6614,0.9288,0.3705,0.0000,-0.3705,0.9288,0.0000,0.0000,0.0000,1.0000,0.1112,0.2100,0.3614
51,6,28.5981,5.9851,0.4265,0.9288,0.3705,0.0000,-0.3705,0.9288,0.0000,0.0000,0.0000,1.0000,0.1972,0.1336,0.1265
51,7,28.6962,6.0332,0.4491,0.9288,0.3705,0.0000,-0.3705,0.9288,0.0000,0.0000,0.0000,1.0000,0.1624,0.1625,0.0548
51,8,28.7056,6.0835,0.4472,0.9288,0.3705,0.0000,-0.3705,0.9288,0.0000,0.0000,0.0000,1.0000,0.0831,0.2046,0.1050
51,9,28.7092,6.1563,0.4544,0.9288,0.3705,0.0000,-0.3705,0.9288,0.0000,0.0000,0.0000,1.0000,0.0210,0.0279,0.0569
51,10,28.7722,6.1169,0.4546,0.9288,0.3705,0.0000,-0.3705,0.9288,0.0000,0.0000,0.0000,1.0000,0.0210,0.0279,0.0569
52,0,28.6638,6.1463,0.4400,0.9272,0.3746,0.0000,-0.3746,0.9272,0.0000,0.0000,0.0000,1.0000,0.2577,0.2263,0.1400
52,1,28.6703,6.1521,0.6052,0.9272,0.3746,0.0000,-0.3746,0.9272,0.0000,0.0000,0.0000,1.0000,0.1100,0.2168,0.3052
52,2,28.7632,6.1246,0.5173,0.9272,0.3746,0.0000,-0.3746,0.9272,0.0000,0.0000,0.0000,1.0000,0.1101,0.3070,0.2173
52,3,28.8502,5.9691,0.5889,0.9272,0.3746,0.0000,-0.3746,0.9272,0.0000,0.0000,0.0000,1.0000,0.2836,0.2073,0.2889
52,4,28.9771,5.9703,0.5062,0.9272,0.3746,0.0000,-0.3746,0.9272,0.0000,0.0000,0.0000,1.0000,0.2820,0.2947,0.2062
52,5,29.0813,6.1599,0.6614,0.9272,0.3746,0.0000,-0.3746,0.9272,0.0000,0.0000,0.0000,1.0000,0.1112,0.2100,0.3614
52,6,29.1602,6.2128,0.4265,0.9272,0.3746,0.0000,-0.3746,0.9272,0.0000,0.0000,0.0000,1.0000,0.1972,0.1336,0.1265
52,7,29.2580,6.2614,0.4491,0.9272,0.3746,0.0000,-0.3746,0.9272,0.0000,0.0000,0.0000,1.0000,0.1624,0.1625,0.0548
52,8,29.2672,6.3117,0.4472,0.9272,0.3746,0.0000,-0.3746,0.9272,0.0000,0.0000,0.0000,1.0000,0.0831,0.2046,0.1050
52,9,29.2705,6.3846,0.4544,0.9272,0.3746,0.0000,-0.3746,0.9272,0.0000,0.0000,0.0000,1.0000,0.0210,0.0279,0.0569
52,10,29.3336,6.3455,0.4546,0.9272,0.3746,0.0000,-0.3746,0.9272,0.0000,0.0000,0.0000,1.0000,0.0210,0.0279,0.0569
53,0,29.2230,6.3735,0.4400,0.9256,0.3786,0.0000,-0.3786,0.9256,0.0000,0.0000,0.0000,1.0000,0.2577,0.2263,0.1400
53,1,29.2294,6.3792,0.6052,0.9256,0.3786,0.0000,-0.3786,0.9256,0.0000,0.0000,0.0000,1.0000,0.1100,0.2168,0.3052
53,2,29.3224,6.3521,0.5173,0.9256,0.3786,0.0000,-0.3786,0.9256,0.0000,0.0000,0.0000,1.0000,0.1101,0.3070,0.2173
53,3,29.4101,6.1971,0.5889,0.9256,0.3786,0.0000,-0.3786,0.9256,0.0000,0.0000,0.0000,1.0000,0.2836,0.2073,0.2889
53,4,29.5370,6.1987,0.5062,0.9256,0.3786,0.0000,-0.3786,0.9256,0.0000,0.0000,0.0000,1.0000,0.2820,0.2947,0.2062
53,5,29.6403,6.3888,0.6614,0.9256,0.3786,0.0000,-0.3786,0.9256,0.0000,0.0000,0.0000,1.0000,0.1112,0.2100,0.3614
53,6,29.7190,6.4421,0.4265,0.9256,0.3786,0.0000,-0.3786,0.9256,0.0000,0.0000,0.0000,1.0000,0.1972,0.1336,0.1265
53,7,29.8166,6.4911,0.4491,0.9256,0.3786,0.0000,-0.3786,0.9256,0.0000,0.0000,0.0000,1.0000,0.1624,0.1625,0.0548
53,8,29.8256,6.5414,0.4472,0.9256,0.3786,0.0000,-0.3786,0.9256,0.0000,0.0000,0.0000,1.0000,0.0831,0.2046,0.1050
53,9,29.8286,6.6143,0.4544,0.9256,0.3786,0.0000,-0.3786,0.9256,0.0000,0.0000,0.0000,1.0000,0.0210,0.0279,0.0569
53,10,29.8919,6.5754,0.4546,0.9256,0.3786,0.0000,-0.3786,0.9256,0.0000,0.0000,0.0000,1.0000,0.0210,0.0279,0.0569
54,0,29.7784,6.6019,0.4400,0.9238,0.3828,0.0000,-0.3828,0.9238,0.0000,0.0000,0.0000,1.0000,0.2577,0.2263,0.1400
54,1,29.7848,6.6077,0.6052,0.9238,0.3828,0.0000,-0.3828,0.9238,0.0000,0.0000,0.0000,1.0000,0.1100,0.2168,0.3052
54,2,29.8780,6.5811,0.5173,0.9238,0.3828,0.0000,-0.3828,0.9238,0.0000,0.0000,0.0000,1.0000,0.1101,0.3070,0.2173
54,3,29.9663,6.4264,0.5889,0.9238,0.3828,0.0000,-0.3828,0.9238,0.0000,0.0000,0.0000,1.0000,0.2836,0.2073,0.2889
54,4,30.0932,6.4287,0.5062,0.9238,0.3828,0.0000,-0.3828,0.9238,0.0000,0.0000,0.0000,1.0000,0.2820,0.2947,0.2062
54,5,30.1957,6.6192,0.6614,0.9238,0.3828,0.0000,-0.3828,0.9238,0.0000,0.0000,0.0000,1.0000,0.1112,0.2100,0.3614
54,6,30.2741,6.6728,0.4265,0.9238,0.3828,0.0000,-0.3828,0.9238,0.0000,0.0000,0.0000,1.0000,0.1972,0.1336,0.1265
54,7,30.3715,6.7223,0.4491,0.9238,0.3828,0.0000,-0.3828,0.9238,0.0000,0.0000,0.0000,1.0000,0.1624,0.1625,0.0548
54,8,30.3803,6.7727,0.4472,0.9238,0.3828,0.0000,-0.3828,0.9238,0.0000,0.0000,0.0000,1.0000,0.0831,0.2046,0.1050
54,9,30.3829,6.8455,0.4544,0.9238,0.3828,0.0000,-0.3828,0.9238,0.0000,0.0000,0.0000,1.0000,0.0210,0.0279,0.0569
54,10,30.4464,6.8070,0.4546,0.9238,0.3828,0.0000,-0.3828,0.9238,0.0000,0.0000,0.0000,1.0000,0.0210,0.0279,0.0569
55,0,30.3298,6.8315,0.4400,0.9223,0.3865,0.0000,-0.3865,0.9223,0.0000,0.0000,0.0000,1.0000,0.2577,0.2263,0.1400
55,1,30.3361,6.8373,0.6052,0.9223,0.3865,0.0000,-0.3865,0.9223,0.0000,0.0000,0.0000,1.0000,0.1100,0.2168,0.3052
55,2,30.4294,6.8111,0.5173,0.9223,0.3865,0.0000,-0.3865,0.9223,0.0000,0.0000,0.0000,1.0000,0.1101,0.3070,0.2173
55,3,30.5184,6.6568,0.5889,0.9223,0.3865,0.0000,-0.3865,0.9223,0.0000,0.0000,0.0000,1.0000,0.2836,0.2073,0.2889
55,4,30.6453,6.6595,0.5062,0.9223,0.3865,0.0000,-0.3865,0.9223,0.0000,0.0000,0.0000,1.0000,0.2820,0.2947,0.2062
55,5,30.7470,6.8505,0.6614,0.9223,0.3865,0.0000,-0.3865,0.9223,0.0000,0.0000,0.0000,1.0000,0.1112,0.2100,0.3614
55,6,30.8252,6.9044,0.4265,0.9223,0.3865,0.0000,-0.3865,0.9223,0.0000,0.0000,0.0000,1.0000,0.1972,0.1336,0.1265
55,7,30.9224,6.9542,0.4491,0.9223,0.3865,0.0000,-0.3865,0.9223,0.0000,0.0000,0.0000,1.0000,0.1624,0.1625,0.0548
55,8,30.9310,7.0047,0.4472,0.9223,0.3865,0.0000,-0.3865,0.9223,0.0000,0.0000,0.0000,1.0000,0.0831,0.2046,0.1050
55,9,30.9333,7.0775,0.4544,0.9223,0.3865,0.0000,-0.3865,0.9223,0.0000,0.0000,0.0000,1.0000,0.0210,0.0279,0.0569
55,10,30.9970,7.0392,0.4546,0.9223,0.3865,0.0000,-0.3865,0.9223,0.0000,0.0000,0.0000,1.0000,0.0210,0.0279,0.0569
56,0,30.8769,7.0620,0.4400,0.9207,0.3903,0.0000,-0.3903,0.9207,0.0000,0.0000,0.0000,1.0000,0.2577,0.2263,0.1400
56,1,30.8833,7.0678,0.6052,0.9207,0.3903,0.0000,-0.3903,0.9207,0.0000,0.0000,0.0000,1.0000,0.1100,0.2168,0.3052
56,2,30.9767,7.0419,0.5173,0.9207,0.3903,0.0000,-0.3903,0.9207,0.0000,0.0000,0.0000,1.0000,0.1101,0.3070,0.2173
56,3,31.0663,6.8880,0.5889,0.9207,0.3903,0.0000,-0.3903,0.9207,0.0000,0.0000,0.0000,1.0000,0.2836,0.2073,0.2889
56,4,31.1932,6.8912,0.5062,0.9207,0.3903,0.0000,-0.3903,0.9207,0.0000,0.0000,0.0000,1.0000,0.2820,0.2947,0.2062
56,5,31.2941,7.0826,0.6614,0.9207,0.3903,0.0000,-0.3903,0.9207,0.0000,0.0000,0.0000,1.0000,0.1112,0.2100,0.3614
56,6,31.3721,7.1368,0.4265,0.9207,0.3903,0.0000,-0.3903,0.9207,0.0000,0.0000,0.0000,1.0000,0.1972,0.1336,0.1265
56,7,31.4691,7.1871,0.4491,0.9207,0.3903,0.0000,-0.3903,0.9207,0.0000,0.0000,0.0000,1.0000,0.1624,0.1625,0.0548
56,8,31.4774,7.2375,0.4472,0.9207,0.3903,0.0000,-0.3903,0.9207,0.0000,0.0000,0.0000,1.0000,0.0831,0.2046,0.1050
56,9,31.4795,7.3104,0.4544,0.9207,0.3903,0.0000,-0.3903,0.9207,0.0000,0.0000,0.0000,1.0000,0.0210,0.0279,0.0569
56,10,31.5433,7.2724,0.4546,0.9207,0.3903,0.0000,-0.3903,0.9207,0.0000,0.0000,0.0000,1.0000,0.0210,0.0279,0.0569
57,0,31.4202,7.2935,0.4400,0.9190,0.3944,0.0000,-0.3944,0.9190,0.0000,0.0000,0.0000,1.0000,0.2577,0.2263,0.1400
57,1,31.4265,7.2993,0.6052,0.9190,0.3944,0.0000,-0.3944,0.9190,0.0000,0.0000,0.0000,1.0000,0.1100,0.2168,0.3052
57,2,31.5200,7.2738,0.5173,0.9190,0.3944,0.0000,-0.3944,0.9190,0.0000,0.0000,0.0000,1.0000,0.1101,0.3070,0.2173
57,3,31.6103,7.1203,0.5889,0.9190,0.3944,0.0000,-0.3944,0.9190,0.0000,0.0000,0.0000,1.0000,0.2836,0.2073,0.2889
57,4,31.7372,7.1241,0.5062,0.9190,0.3944,0.0000,-0.3944,0.9190,0.0000,0.0000,0.0000,1.0000,0.2820,0.2947,0.2062
57,5,31.8372,7.3160,0.6614,0.9190,0.3944,0.0000,-0.3944,0.9190,0.0000,0.0000,0.0000,1.0000,0.1112,0.2100,0.3614
57,6,31.9150,7.3705,0.4265,0.9190,0.3944,0.0000,-0.3944,0.9190,0.0000,0.0000,0.0000,1.0000,0.1972,0.1336,0.1265
57,7,32.0118,7.4212,0.4491,0.9190,0.3944,0.0000,-0.3944,0.9190,0.0000,0.0000,0.0000,1.0000,0.1624,0.1625,0.0548
57,8,32.0199,7.4717,0.4472,0.9190,0.3944,0.0000,-0.3944,0.9190,0.0000,0.0000,0.0000,1.0000,0.0831,0.2046,0.1050
57,9,32.0216,7.5446,0.4544,0.9190,0.3944,0.0000,-0.3944,0.9190,0.0000,0.0000,0.0000,1.0000,0.0210,0.0279,0.0569
57,10,32.0856,7.5069,0.4546,0.9190,0.3944,0.0000,-0.3944,0.9190,0.0000,0.0000,0.0000,1.0000,0.0210,0.0279,0.0569
58,0,31.9601,7.5266,0.4400,0.9169,0.3992,0.0000,-0.3992,0.9169,0.0000,0.0000,0.0000,1.0000,0.2577,0.2263,0.1400
58,1,31.9663,7.5325,0.6052,0.9169,0.3992,0.0000,-0.3992,0.9169,0.0000,0.0000,0.0000,1.0000,0.1100,0.2168,0.3052
58,2,32.0600,7.5075,0.5173,0.9169,0.3992,0.0000,-0.3992,0.9169,0.0000,0.0000,0.0000,1.0000,0.1101,0.3070,0.2173
58,3,32.1511,7.3544,0.5889,0.9169,0.3992,0.0000,-0.3992,0.9169,0.0000,0.0000,0.0000,1.0000,0.2836,0.2073,0.2889
58,4,32.2779,7.3589,0.5062,0.9169,0.3992,0.0000,-0.3992,0.9169,0.0000,0.0000,0.0000,1.0000,0.2820,0.2947,0.2062
58,5,32.3770,7.5513,0.6614,0.9169,0.3992,0.0000,-0.3992,0.9169,0.0000,0.0000,0.0000,1.0000,0.1112,0.2100,0.3614
58,6,32.4545,7.6063,0.4265,0.9169,0.3992,0.0000,-0.3992,0.9169,0.0000,0.0000,0.0000,1.0000,0.1972,0.1336,0.1265
58,7,32.5510,7.6575,0.4491,0.9169,0.3992,0.0000,-0.3992,0.9169,0.0000,0.0000,0.0000,1.0000,0.1624,0.1625,0.0548
58,8,32.5588,7.7080,0.4472,0.9169,0.3992,0.0000,-0.3992,0.9169,0.0000,0.0000,0.0000,1.0000,0.0831,0.2046,0.1050
58,9,32.5602,7.7809,0.4544,0.9169,0.3992,0.0000,-0.3992,0.9169,0.0000,0.0000,0.0000,1.0000,0.0210,0.0279,0.0569
58,10,32.6243,7.7435,0.4546,0.9169,0.3992,0.0000,-0.3992,0.9169,0.0000,0.0000,0.0000,1.0000,0.0210,0.0279,0.0569
59,0,32.4970,7.7619,0.4400,0.9147,0.4042,0.0000,-0.4042,0.9147,0.0000,0.0000,0.0000,1.0000,0.2577,0.2263,0.1400
59,1,32.5032,7.7678,0.6052,0.9147,0.4042,0.0000,-0.4042,0.9147,0.0000,0.0000,0.0000,1.0000,0.1100,0.2168,0.3052
59,2,32.5970,7.7433,0.5173,0.9147,0.4042,0.0000,-0.4042,0.9147,0.0000,0.0000,0.0000,1.0000,0.1101,0.3070,0.2173
59,3,32.6889,7.5907,0.5889,0.9147,0.4042,0.0000,-0.4042,0.9147,0.0000,0.0000,0.0000,1.0000,0.2836,0.2073,0.2889
59,4,32.8157,7.5959,0.5062,0.9147,0.4042,0.0000,-0.4042,0.9147,0.0000,0.0000,0.0000,1.0000,0.2820,0.2947,0.2062
59,5,32.9137,7.7888,0.6614,0.9147,0.4042,0.0000,-0.4042,0.9147,0.0000,0.0000,0.0000,1.0000,0.1112,0.2100,0.3614
59,6,32.9909,7.8442,0.4265,0.9147,0.4042,0.0000,-0.4042,0.9147,0.0000,0.0000,0.0000,1.0000,0.1972,0.1336,0.1265
59,7,33.0871,7.8959,0.4491,0.9147,0.4042,0.0000,-0.4042,0.9147,0.0000,0.0000,0.0000,1.0000,0.1624,0.1625,0.0548
59,8,33.0947,7.9465,0.4472,0.9147,0.4042,0.0000,-0.4042,0.9147,0.0000,0.0000,0.0000,1.0000,0.0831,0.2046,0.1050
59,9,33.0957,8.0194,0.4544,0.9147,0.4042,0.0000,-0.4042,0.9147,0.0000,0.0000,0.0000,1.0000,0.0210,0.0279,0.0569
59,10,33.1600,7.9824,0.4546,0.9147,0.4042,0.0000,-0.4042,0.9147,0.0000,0.0000,0.0000,1.0000,0.0210,0.0279,0.0569
60,0,33.0311,7.9994,0.4400,0.9125,0.4091,0.0000,-0.4091,0.9125,0.0000,0.0000,0.0000,1.0000,0.2577,0.2263,0.1400
60,1,33.0373,8.0053,0.6052,0.9125,0.4091,0.0000,-0.4091,0.9125,0.0000,0.0000,0.0000,1.0000,0.1100,0.2168,0.3052
60,2,33.1312,7.9814,0.5173,0.9125,0.4091,0.0000,-0.4091,0.9125,0.0000,0.0000,0.0000,1.0000,0.1101,0.3070,0.2173
60,3,33.2239,7.8293,0.5889,0.9125,0.4091,0.0000,-0.4091,0.9125,0.0000,0.0000,0.0000,1.0000,0.2836,0.2073,0.2889
60,4,33.3507,7.8352,0.5062,0.9125,0.4091,0.0000,-0.4091,0.9125,0.0000,0.0000,0.0000,1.0000,0.2820,0.2947,0.2062
60,5,33.4477,8.0286,0.6614,0.9125,0.4091,0.0000,-0.4091,0.9125,0.0000,0.0000,0.0000,1.0000,0.1112,0.2100,0.3614
60,6,33.5246,8.0844,0.4265,0.9125,0.4091,0.0000,-0.4091,0.9125,0.0000,0.0000,0.0000,1.0000,0.1972,0.1336,0.1265
60,7,33.6205,8.1366,0.4491,0.9125,0.4091,0.0000,-0.4091,0.9125,0.0000,0.0000,0.0000,1.0000,0.1624,0.1625,0.0548
60,8,33.6278,8.1873,0.4472,0.9125,0.4091,0.0000,-0.4091,0.9125,0.0000,0.0000,0.0000,1.0000,0.0831,0.2046,0.1050
60,9,33.6284,8.2602,0.4544,0.9125,0.4091,0.0000,-0.4091,0.9125,0.0000,0.0000,0.0000,1.0000,0.0210,0.0279,0.0569
60,10,33.6929,8.2235,0.4546,0.9125,0.4091,0.0000,-0.4091,0.9125,0.0000,0.0000,0.0000,1.0000,0.0210,0.0279,0.0569
61,0,33.5621,8.2392,0.4400,0.9098,0.4150,0.0000,-0.4150,0.9098,0.0000,0.0000,0.0000,1.0000,0.2577,0.2263,0.1400
61,1,33.5683,8.2452,0.6052,0.9098,0.4150,0.0000,-0.4150,0.9098,0.0000,0.0000,0.0000,1.0000,0.1100,0.2168,0.3052
61,2,33.6624,8.2219,0.5173,0.9098,0.4150,0.0000,-0.4150,0.9098,0.0000,0.0000,0.0000,1.0000,0.1101,0.3070,0.2173
61,3,33.7561,8.0704,0.5889,0.9098,0.4150,0.0000,-0.4150,0.9098,0.0000,0.0000,0.0000,1.0000,0.2836,0.2073,0.2889
61,4,33.8828,8.0771,0.5062,0.9098,0.4150,0.0000,-0.4150,0.9098,0.0000,0.0000,0.0000,1.0000,0.2820,0.2947,0.2062
61,5,33.9785,8.2711,0.6614,0.9098,0.4150,0.0000,-0.4150,0.9098,0.0000,0.0000,0.0000,1.0000,0.1112,0.2100,0.3614
61,6,34.0551,8.3274,0.4265,0.9098,0.4150,0.0000,-0.4150,0.9098,0.0000,0.0000,0.0000,1.0000,0.1972,0.1336,0.1265
61,7,34.1507,8.3803,0.4491,0.9098,0.4150,0.0000,-0.4150,0.9098,0.0000,0.0000,0.0000,1.0000,0.1624,0.1625,0.0548
61,8,34.1577,8.4310,0.4472,0.9098,0.4150,0.0000,-0.4150,0.9098,0.0000,0.0000,0.0000,1.0000,0.0831,0.2046,0.1050
61,9,34.1577,8.5039,0.4544,0.9098,0.4150,0.0000,-0.4150,0.9098,0.0000,0.0000,0.0000,1.0000,0.0210,0.0279,0.0569
61,10,34.2225,8.4676,0.4546,0.9098,0.4150,0.0000,-0.4150,0.9098,0.0000,0.0000,0.0000,1.0000,0.0210,0.0279,0.0569
62,0,34.0896,8.4816,0.4400,0.9071,0.4210,0.0000,-0.4210,0.9071,0.0000,0.0000,0.0000,1.0000,0.2577,0.2263,0.1400
62,1,34.0957,8.4877,0.6052,0.9071,0.4210,0.0000,-0.4210,0.9071,0.0000,0.0000,0.0000,1.0000,0.1100,0.2168,0.3052
62,2,34.1899,8.4649,0.5173,0.9071,0.4210,0.0000,-0.4210,0.9071,0.0000,0.0000,0.0000,1.0000,0.1101,0.3070,0.2173
62,3,34.2846,8.3141,0.5889,0.9071,0.4210,0.0000,-0.4210,0.9071,0.0000,0.0000,0.0000,1.0000,0.2836,0.2073,0.2889
62,4,34.4113,8.3216,0.5062,0.9071,0.4210,0.0000,-0.4210,0.9071,0.0000,0.0000,0.0000,1.0000,0.2820,0.2947,0.2062
62,5,34.5058,8.5163,0.6614,0.9071,0.4210,0.0000,-0.4210,0.9071,0.0000,0.0000,0.0000,1.0000,0.1112,0.2100,0.3614
62,6,34.5819,8.5731,0.4265,0.9071,0.4210,0.0000,-0.4210,0.9071,0.0000,0.0000,0.0000,1.0000,0.1972,0.1336,0.1265
62,7,34.6772,8.6266,0.4491,0.9071,0.4210,0.0000,-0.4210,0.9071,0.0000,0.0000,0.0000,1.0000,0.1624,0.1625,0.0548
62,8,34.6838,8.6773,0.4472,0.9071,0.4210,0.0000,-0.4210,0.9071,0.0000,0.0000,0.0000,1.0000,0.0831,0.2046,0.1050
62,9,34.6834,8.7502,0.4544,0.9071,0.4210,0.0000,-0.4210,0.9071,0.0000,0.0000,0.0000,1.0000,0.0210,0.0279,0.0569
62,10,34.7484,8.7143,0.4546,0.9071,0.4210,0.0000,-0.4210,0.9071,0.0000,0.0000,0.0000,1.0000,0.0210,0.0279,0.0569
63,0,34.6126,8.7266,0.4400,0.9036,0.4285,0.0000,-0.4285,0.9036,0.0000,0.0000,0.0000,1.0000,0.2577,0.2263,0.1400
63,1,34.6187,8.7327,0.6052,0.9036,0.4285,0.0000,-0.4285,0.9036,0.0000,0.0000,0.0000,1.0000,0.1100,0.2168,0.3052
63,2,34.7131,8.7108,0.5173,0.9036,0.4285,0.0000,-0.4285,0.9036,0.0000,0.0000,0.0000,1.0000,0.1101,0.3070,0.2173
63,3,34.8091,8.5607,0.5889,0.9036,0.4285,0.0000,-0.4285,0.9036,0.0000,0.0000,0.0000,1.0000,0.2836,0.2073,0.2889
63,4,34.9357,8.5693,0.5062,0.9036,0.4285,0.0000,-0.4285,0.9036,0.0000,0.0000,0.0000,1.0000,0.2820,0.2947,0.2062
63,5,35.0285,8.7647,0.6614,0.9036,0.4285,0.0000,-0.4285,0.9036,0.0000,0.0000,0.0000,1.0000,0.1112,0.2100,0.3614
63,6,35.1042,8.8222,0.4265,0.9036,0.4285,0.0000,-0.4285,0.9036,0.0000,0.0000,0.0000,1.0000,0.1972,0.1336,0.1265
63,7,35.1990,8.8764,0.4491,0.9036,0.4285,0.0000,-0.4285,0.9036,0.0000,0.0000,0.0000,1.0000,0.1624,0.1625,0.0548
63,8,35.2053,8.9272,0.4472,0.9036,0.4285,0.0000,-0.4285,0.9036,0.0000,0.0000,0.0000,1.0000,0.0831,0.2046,0.1050
63,9,35.2042,9.0001,0.4544,0.9036,0.4285,0.0000,-0.4285,0.9036,0.0000,0.0000,0.0000,1.0000,0.0210,0.0279,0.0569
63,10,35.2696,8.9648,0.4546,0.9036,0.4285,0.0000,-0.4285,0.9036,0.0000,0.0000,0.0000,1.0000,0.0210,0.0279,0.0569
64,0,0.3852,-0.0076,0.4400,1.0000,0.0015,0.0000,-0.0015,1.0000,0.0000,0.0000,0.0000,1.0000,0.2577,0.2263,0.1400
64,1,0.3933,-0.0047,0.6052,1.0000,0.0015,0.0000,-0.0015,1.0000,0.0000,0.0000,0.0000,1.0000,0.1100,0.2168,0.3052
64,2,0.4693,-0.0649,0.5173,1.0000,0.0015,0.0000,-0.0015,1.0000,0.0000,0.0000,0.0000,1.0000,0.1101,0.3070,0.2173
64,3,0.4920,-0.2416,0.5889,1.0000,0.0015,0.0000,-0.0015,1.0000,0.0000,0.0000,0.0000,1.0000,0.2836,0.2073,0.2889
64,4,0.6102,-0.2879,0.5062,1.0000,0.0015,0.0000,-0.0015,1.0000,0.0000,0.0000,0.0000,1.0000,0.2820,0.2947,0.2062
64,5,0.7775,-0.1508,0.6614,1.0000,0.0015,0.0000,-0.0015,1.0000,0.0000,0.0000,0.0000,1.0000,0.1112,0.2100,0.3614
64,6,0.8705,-0.1312,0.4265,1.0000,0.0015,0.0000,-0.0015,1.0000,0.0000,0.0000,0.0000,1.0000,0.1972,0.1336,0.1265
64,7,0.9794,-0.1226,0.4491,1.0000,0.0015,0.0000,-0.0015,1.0000,0.0000,0.0000,0.0000,1.0000,0.1624,0.1625,0.0548
64,8,1.0067,-0.0794,0.4472,1.0000,0.0015,0.0000,-0.0015,1.0000,0.0000,0.0000,0.0000,1.0000,0.0831,0.2046,0.1050
64,9,1.0369,-0.0130,0.4544,1.0000,0.0015,0.0000,-0.0015,1.0000,0.0000,0.0000,0.0000,1.0000,0.0210,0.0279,0.0569
64,10,1.0809,-0.0729,0.4546,1.0000,0.0015,0.0000,-0.0015,1.0000,0.0000,0.0000,0.0000,1.0000,0.0210,0.0279,0.0569
65,0,0.8122,-0.0067,0.4400,1.0000,0.0033,0.0000,-0.0033,1.0000,0.0000,0.0000,0.0000,1.0000,0.2577,0.2263,0.1400
65,1,0.8203,-0.0038,0.6052,1.0000,0.0033,0.0000,-0.0033,1.0000,0.0000,0.0000,0.0000,1.0000,0.1100,0.2168,0.3052
65,2,0.8964,-0.0638,0.5173,1.0000,0.0033,0.0000,-0.0033,1.0000,0.0000,0.0000,0.0000,1.0000,0.1101,0.3070,0.2173
65,3,0.9194,-0.2404,0.5889,1.0000,0.0033,0.0000,-0.0033,1.0000,0.0000,0.0000,0.0000,1.0000,0.2836,0.2073,0.2889
65,4,1.0376,-0.2865,0.5062,1.0000,0.0033,0.0000,-0.0033,1.0000,0.0000,0.0000,0.0000,1.0000,0.2820,0.2947,0.2062
65,5,1.2048,-0.1492,0.6614,1.0000,0.0033,0.0000,-0.0033,1.0000,0.0000,0.0000,0.0000,1.0000,0.1112,0.2100,0.3614
65,6,1.2977,-0.1294,0.4265,1.0000,0.0033,0.0000,-0.0033,1.0000,0.0000,0.0000,0.0000,1.0000,0.1972,0.1336,0.1265
65,7,1.4066,-0.1206,0.4491,1.0000,0.0033,0.0000,-0.0033,1.0000,0.0000,0.0000,0.0000,1.0000,0.1624,0.1625,0.0548
65,8,1.4338,-0.0773,0.4472,1.0000,0.0033,0.0000,-0.0033,1.0000,0.0000,0.0000,0.0000,1.0000,0.0831,0.2046,0.1050
65,9,1.4639,-0.0109,0.4544,1.0000,0.0033,0.0000,-0.0033,1.0000,0.0000,0.0000,0.0000,1.0000,0.0210,0.0279,0.0569
65,10,1.5080,-0.0707,0.4546,1.0000,0.0033,0.0000,-0.0033,1.0000,0.0000,0.0000,0.0000,1.0000,0.0210,0.0279,0.0569
66,0,1.2390,-0.0050,0.4400,1.0000,0.0051,0.0000,-0.0051,1.0000,0.0000,0.0000,0.0000,1.0000,0.2577,0.2263,0.1400
66,1,1.2471,-0.0020,0.6052,1.0000,0.0051,0.0000,-0.0051,1.0000,0.0000,0.0000,0.0000,1.0000,0.1100,0.2168,0.3052
66,2,1.3233,-0.0619,0.5173,1.0000,0.0051,0.0000,-0.0051,1.0000,0.0000,0.0000,0.0000,1.0000,0.1101,0.3070,0.2173
66,3,1.3466,-0.2385,0.5889,1.0000,0.0051,0.0000,-0.0051,1.0000,0.0000,0.0000,0.0000,1.0000,0.2836,0.2073,0.2889
66,4,1.4649,-0.2844,0.5062,1.0000,0.0051,0.0000,-0.0051,1.0000,0.0000,0.0000,0.0000,1.0000,0.2820,0.2947,0.2062
66,5,1.6318,-0.1468,0.6614,1.0000,0.0051,0.0000,-0.0051,1.0000,0.0000,0.0000,0.0000,1.0000,0.1112,0.2100,0.3614
66,6,1.7247,-0.1268,0.4265,1.0000,0.0051,0.0000,-0.0051,1.0000,0.0000,0.0000,0.0000,1.0000,0.1972,0.1336,0.1265
66,7,1.8336,-0.1178,0.4491,1.0000,0.0051,0.0000,-0.0051,1.0000,0.0000,0.0000,0.0000,1.0000,0.1624,0.1625,0.0548
66,8,1.8608,-0.0745,0.4472,1.0000,0.0051,0.0000,-0.0051,1.0000,0.0000,0.0000,0.0000,1.0000,0.0831,0.2046,0.1050
66,9,1.8907,-0.0080,0.4544,1.0000,0.0051,0.0000,-0.0051,1.0000,0.0000,0.0000,0.0000,1.0000,0.0210,0.0279,0.0569
66,10,1.9349,-0.0677,0.4546,1.0000,0.0051,0.0000,-0.0051,1.0000,0.0000,0.0000,0.0000,1.0000,0.0210,0.0279,0.0569
67,0,1.6649,-0.0024,0.4400,1.0000,0.0071,0.0000,-0.0071,1.0000,0.0000,0.0000,0.0000,1.0000,0.2577,0.2263,0.1400
67,1,1.6730,0.0005,0.6052,1.0000,0.0071,0.0000,-0.0071,1.0000,0.0000,0.0000,0.0000,1.0000,0.1100,0.2168,0.3052
67,2,1.7494,-0.0593,0.5173,1.0000,0.0071,0.0000,-0.0071,1.0000,0.0000,0.0000,0.0000,1.0000,0.1101,0.3070,0.2173
67,3,1.7730,-0.2358,0.5889,1.0000,0.0071,0.0000,-0.0071,1.0000,0.0000,0.0000,0.0000,1.0000,0.2836,0.2073,0.2889
67,4,1.8914,-0.2815,0.5062,1.0000,0.0071,0.0000,-0.0071,1.0000,0.0000,0.0000,0.0000,1.0000,0.2820,0.2947,0.2062
67,5,2.0581,-0.1435,0.6614,1.0000,0.0071,0.0000,-0.0071,1.0000,0.0000,0.0000,0.0000,1.0000,0.1112,0.2100,0.3614
67,6,2.1509,-0.1233,0.4265,1.0000,0.0071,0.0000,-0.0071,1.0000,0.0000,0.0000,0.0000,1.0000,0.1972,0.1336,0.1265
67,7,2.2598,-0.1141,0.4491,1.0000,0.0071,0.0000,-0.0071,1.0000,0.0000,0.0000,0.0000,1.0000,0.1624,0.1625,0.0548
67,8,2.2868,-0.0708,0.4472,1.0000,0.0071,0.0000,-0.0071,1.0000,0.0000,0.0000,0.0000,1.0000,0.0831,0.2046,0.1050
67,9,2.3167,-0.0042,0.4544,1.0000,0.0071,0.0000,-0.0071,1.0000,0.0000,0.0000,0.0000,1.0000,0.0210,0.0279,0.0569
67,10,2.3610,-0.0638,0.4546,1.0000,0.0071,0.0000,-0.0071,1.0000,0.0000,0.0000,0.0000,1.0000,0.0210,0.0279,0.0569
68,0,2.0896,0.0009,0.4400,1.0000,0.0092,0.0000,-0.0092,1.0000,0.0000,0.0000,0.0000,1.0000,0.2577,0.2263,0.1400
68,1,2.0977,0.0039,0.6052,1.0000,0.0092,0.0000,-0.0092,1.0000,0.0000,0.0000,0.0000,1.0000,0.1100,0.2168,0.3052
68,2,2.1741,-0.0557,0.5173,1.0000,0.0092,0.0000,-0.0092,1.0000,0.0000,0.0000,0.0000,1.0000,0.1101,0.3070,0.2173
68,3,2.1981,-0.2322,0.5889,1.0000,0.0092,0.0000,-0.0092,1.0000,0.0000,0.0000,0.0000,1.0000,0.2836,0.2073,0.2889
68,4,2.3167,-0.2776,0.5062,1.0000,0.0092,0.0000,-0.0092,1.0000,0.0000,0.0000,0.0000,1.0000,0.2820,0.2947,0.2062
68,5,2.4830,-0.1393,0.6614,1.0000,0.0092,0.0000,-0.0092,1.0000,0.0000,0.0000,0.0000,1.0000,0.1112,0.2100,0.3614
68,6,2.5758,-0.1189,0.4265,1.0000,0.0092,0.0000,-0.0092,1.0000,0.0000,0.0000,0.0000,1.0000,0.1972,0.1336,0.1265
68,7,2.6846,-0.1095,0.4491,1.0000,0.0092,0.0000,-0.0092,1.0000,0.0000,0.0000,0.0000,1.0000,0.1624,0.1625,0.0548
68,8,2.7116,-0.0661,0.4472,1.0000,0.0092,0.0000,-0.0092,1.0000,0.0000,0.0000,0.0000,1.0000,0.0831,0.2046,0.1050
68,9,2.7413,0.0005,0.4544,1.0000,0.0092,0.0000,-0.0092,1.0000,0.0000,0.0000,0.0000,1.0000,0.0210,0.0279,0.0569
68,10,2.7858,-0.0590,0.4546,1.0000,0.0092,0.0000,-0.0092,1.0000,0.0000,0.0000,0.0000,1.0000,0.0210,0.0279,0.0569
69,0,2.5125,0.0052,0.4400,0.9999,0.0114,0.0000,-0.0114,0.9999,0.0000,0.0000,0.0000,1.0000,0.2577,0.2263,0.1400
69,1,2.5206,0.0082,0.6052,0.9999,0.0114,0.0000,-0.0114,0.9999,0.0000,0.0000,0.0000,1.0000,0.1100,0.2168,0.3052
69,2,2.5972,-0.0512,0.5173,0.9999,0.0114,0.0000,-0.0114,0.9999,0.0000,0.0000,0.0000,1.0000,0.1101,0.3070,0.2173
69,3,2.6216,-0.2277,0.5889,0.9999,0.0114,0.0000,-0.0114,0.9999,0.0000,0.0000,0.0000,1.0000,0.2836,0.2073,0.2889
69,4,2.7402,-0.2728,0.5062,0.9999,0.0114,0.0000,-0.0114,0.9999,0.0000,0.0000,0.0000,1.0000,0.2820,0.2947,0.2062
69,5,2.9062,-0.1341,0.6614,0.9999,0.0114,0.0000,-0.0114,0.9999,0.0000,0.0000,0.0000,1.0000,0.1112,0.2100,0.3614
69,6,2.9990,-0.1136,0.4265,0.9999,0.0114,0.0000,-0.0114,0.9999,0.0000,0.0000,0.0000,1.0000,0.1972,0.1336,0.1265
69,7,3.1078,-0.1039,0.4491,0.9999,0.0114,0.0000,-0.0114,0.9999,0.0000,0.0000,0.0000,1.0000,0.1624,0.1625,0.0548
69,8,3.1347,-0.0604,0.4472,0.9999,0.0114,0.0000,-0.0114,0.9999,0.0000,0.0000,0.0000,1.0000,0.0831,0.2046,0.1050
69,9,3.1643,0.0062,0.4544,0.9999,0.0114,0.0000,-0.0114,0.9999,0.0000,0.0000,0.0000,1.0000,0.0210,0.0279,0.0569
69,10,3.2088,-0.0532,0.4546,0.9999,0.0114,0.0000,-0.0114,0.9999,0.0000,0.0000,0.0000,1.0000,0.0210,0.0279,0.0569
70,0,2.9333,0.0104,0.4400,0.9999,0.0137,0.0000,-0.0137,0.9999,0.0000,0.0000,0.0000,1.0000,0.2577,0.2263,0.1400
70,1,2.9413,0.0134,0.6052,0.9999,0.0137,0.0000,-0.0137,0.9999,0.0000,0.0000,0.0000,1.0000,0.1100,0.2168,0.3052
70,2,3.0181,-0.0459,0.5173,0.9999,0.0137,0.0000,-0.0137,0.9999,0.0000,0.0000,0.0000,1.0000,0.1101,0.3070,0.2173
70,3,3.0429,-0.2222,0.5889,0.9999,0.0137,0.0000,-0.0137,0.9999,0.0000,0.0000,0.0000,1.0000,0.2836,0.2073,0.2889
70,4,3.1616,-0.2671,0.5062,0.9999,0.0137,0.0000,-0.0137,0.9999,0.0000,0.0000,0.0000,1.0000,0.2820,0.2947,0.2062
70,5,3.3273,-0.1281,0.6614,0.9999,0.0137,0.0000,-0.0137,0.9999,0.0000,0.0000,0.0000,1.0000,0.1112,0.2100,0.3614
70,6,3.4200,-0.1073,0.4265,0.9999,0.0137,0.0000,-0.0137,0.9999,0.0000,0.0000,0.0000,1.0000,0.1972,0.1336,0.1265
70,7,3.5288,-0.0974,0.4491,0.9999,0.0137,0.0000,-0.0137,0.9999,0.0000,0.0000,0.0000,1.0000,0.1624,0.1625,0.0548
70,8,3.5556,-0.0538,0.4472,0.9999,0.0137,0.0000,-0.0137,0.9999,0.0000,0.0000,0.0000,1.0000,0.0831,0.2046,0.1050
70,9,3.5850,0.0129,0.4544,0.9999,0.0137,0.0000,-0.0137,0.9999,0.0000,0.0000,0.0000,1.0000,0.0210,0.0279,0.0569
70,10,3.6297,-0.0464,0.4546,0.9999,0.0137,0.0000,-0.0137,0.9999,0.0000,0.0000,0.0000,1.0000,0.0210,0.0279,0.0569
71,0,3.3513,0.0165,0.4400,0.9999,0.0161,0.0000,-0.0161,0.9999,0.0000,0.0000,0.0000,1.0000,0.2577,0.2263,0.1400
71,1,3.3593,0.0195,0.6052,0.9999,0.0161,0.0000,-0.0161,0.9999,0.0000,0.0000,0.0000,1.0000,0.1100,0.2168,0.3052
71,2,3.4362,-0.0395,0.5173,0.9999,0.0161,0.0000,-0.0161,0.9999,0.0000,0.0000,0.0000,1.0000,0.1101,0.3070,0.2173
71,3,3.4614,-0.2158,0.5889,0.9999,0.0161,0.0000,-0.0161,0.9999,0.0000,0.0000,0.0000,1.0000,0.2836,0.2073,0.2889
71,4,3.5803,-0.2604,0.5062,0.9999,0.0161,0.0000,-0.0161,0.9999,0.0000,0.0000,0.0000,1.0000,0.2820,0.2947,0.2062
71,5,3.7456,-0.1209,0.6614,0.9999,0.0161,0.0000,-0.0161,0.9999,0.0000,0.0000,0.0000,1.0000,0.1112,0.2100,0.3614
71,6,3.8383,-0.1000,0.4265,0.9999,0.0161,0.0000,-0.0161,0.9999,0.0000,0.0000,0.0000,1.0000,0.1972,0.1336,0.1265
71,7,3.9471,-0.0898,0.4491,0.9999,0.0161,0.0000,-0.0161,0.9999,0.0000,0.0000,0.0000,1.0000,0.1624,0.1625,0.0548
71,8,3.9738,-0.0462,0.4472,0.9999,0.0161,0.0000,-0.0161,0.9999,0.0000,0.0000,0.0000,1.0000,0.0831,0.2046,0.1050
71,9,4.0030,0.0206,0.4544,0.9999,0.0161,0.0000,-0.0161,0.9999,0.0000,0.0000,0.0000,1.0000,0.0210,0.0279,0.0569
71,10,4.0479,-0.0386,0.4546,0.9999,0.0161,0.0000,-0.0161,0.9999,0.0000,0.0000,0.0000,1.0000,0.0210,0.0279,0.0569
72,0,3.7658,0.0236,0.4400,0.9998,0.0188,0.0000,-0.0188,0.9998,0.0000,0.0000,0.0000,1.0000,0.2577,0.2263,0.1400
72,1,3.7739,0.0267,0.6052,0.9998,0.0188,0.0000,-0.0188,0.9998,0.0000,0.0000,0.0000,1.0000,0.1100,0.2168,0.3052
72,2,3.8509,-0.0322,0.5173,0.9998,0.0188,0.0000,-0.0188,0.9998,0.0000,0.0000,0.0000,1.0000,0.1101,0.3070,0.2173
72,3,3.8766,-0.2084,0.5889,0.9998,0.0188,0.0000,-0.0188,0.9998,0.0000,0.0000,0.0000,1.0000,0.2836,0.2073,0.2889
72,4,3.9956,-0.2527,0.5062,0.9998,0.0188,0.0000,-0.0188,0.9998,0.0000,0.0000,0.0000,1.0000,0.2820,0.2947,0.2062
72,5,4.1606,-0.1128,0.6614,0.9998,0.0188,0.0000,-0.0188,0.9998,0.0000,0.0000,0.0000,1.0000,0.1112,0.2100,0.3614
72,6,4.2532,-0.0915,0.4265,0.9998,0.0188,0.0000,-0.0188,0.9998,0.0000,0.0000,0.0000,1.0000,0.1972,0.1336,0.1265
72,7,4.3619,-0.0811,0.4491,0.9998,0.0188,0.0000,-0.0188,0.9998,0.0000,0.0000,0.0000,1.0000,0.1624,0.1625,0.0548
72,8,4.3885,-0.0374,0.4472,0.9998,0.0188,0.0000,-0.0188,0.9998,0.0000,0.0000,0.0000,1.0000,0.0831,0.2046,0.1050
72,9,4.4176,0.0295,0.4544,0.9998,0.0188,0.0000,-0.0188,0.9998,0.0000,0.0000,0.0000,1.0000,0.0210,0.0279,0.0569
72,10,4.4626,-0.0296,0.4546,0.9998,0.0188,0.0000,-0.0188,0.9998,0.0000,0.0000,0.0000,1.0000,0.0210,0.0279,0.0569
73,0,4.1763,0.0318,0.4400,0.9998,0.0216,0.0000,-0.0216,0.9998,0.0000,0.0000,0.0000,1.0000,0.2577,0.2263,0.1400
73,1,4.1843,0.0349,0.6052,0.9998,0.0216,0.0000,-0.0216,0.9998,0.0000,0.0000,0.0000,1.0000,0.1100,0.2168,0.3052
73,2,4.2615,-0.0238,0.5173,0.9998,0.0216,0.0000,-0.0216,0.9998,0.0000,0.0000,0.0000,1.0000,0.1101,0.3070,0.2173
73,3,4.2877,-0.1999,0.5889,0.9998,0.0216,0.0000,-0.0216,0.9998,0.0000,0.0000,0.0000,1.0000,0.2836,0.2073,0.2889
73,4,4.4068,-0.2439,0.5062,0.9998,0.0216,0.0000,-0.0216,0.9998,0.0000,0.0000,0.0000,1.0000,0.2820,0.2947,0.2062
73,5,4.5714,-0.1035,0.6614,0.9998,0.0216,0.0000,-0.0216,0.9998,0.0000,0.0000,0.0000,1.0000,0.1112,0.2100,0.3614
73,6,4.6640,-0.0820,0.4265,0.9998,0.0216,0.0000,-0.0216,0.9998,0.0000,0.0000,0.0000,1.0000,0.1972,0.1336,0.1265
73,7,4.7727,-0.0712,0.4491,0.9998,0.0216,0.0000,-0.0216,0.9998,0.0000,0.0000,0.0000,1.0000,0.1624,0.1625,0.0548
73,8,4.7991,-0.0274,0.4472,0.9998,0.0216,0.0000,-0.0216,0.9998,0.0000,0.0000,0.0000,1.0000,0.0831,0.2046,0.1050
73,9,4.8280,0.0395,0.4544,0.9998,0.0216,0.0000,-0.0216,0.9998,0.0000,0.0000,0.0000,1.0000,0.0210,0.0279,0.0569
73,10,4.8732,-0.0194,0.4546,0.9998,0.0216,0.0000,-0.0216,0.9998,0.0000,0.0000,0.0000,1.0000,0.0210,0.0279,0.0569
74,0,4.5820,0.0411,0.4400,0.9997,0.0246,0.0000,-0.0246,0.9997,0.0000,0.0000,0.0000,1.0000,0.2577,0.2263,0.1400
74,1,4.5900,0.0442,0.6052,0.9997,0.0246,0.0000,-0.0246,0.9997,0.0000,0.0000,0.0000,1.0000,0.1100,0.2168,0.3052
74,2,4.6674,-0.0143,0.5173,0.9997,0.0246,0.0000,-0.0246,0.9997,0.0000,0.0000,0.0000,1.0000,0.1101,0.3070,0.2173
74,3,4.6942,-0.1903,0.5889,0.9997,0.0246,0.0000,-0.0246,0.9997,0.0000,0.0000,0.0000,1.0000,0.2836,0.2073,0.2889
74,4,4.8134,-0.2339,0.5062,0.9997,0.0246,0.0000,-0.0246,0.9997,0.0000,0.0000,0.0000,1.0000,0.2820,0.2947,0.2062
74,5,4.9775,-0.0930,0.6614,0.9997,0.0246,0.0000,-0.0246,0.9997,0.0000,0.0000,0.0000,1.0000,0.1112,0.2100,0.3614
74,6,5.0700,-0.0713,0.4265,0.9997,0.0246,0.0000,-0.0246,0.9997,0.0000,0.0000,0.0000,1.0000,0.1972,0.1336,0.1265
74,7,5.1787,-0.0602,0.4491,0.9997,0.0246,0.0000,-0.0246,0.9997,0.0000,0.0000,0.0000,1.0000,0.1624,0.1625,0.0548
74,8,5.2050,-0.0163,0.4472,0.9997,0.0246,0.0000,-0.0246,0.9997,0.0000,0.0000,0.0000,1.0000,0.0831,0.2046,0.1050
74,9,5.2337,0.0507,0.4544,0.9997,0.0246,0.0000,-0.0246,0.9997,0.0000,0.0000,0.0000,1.0000,0.0210,0.0279,0.0569
74,10,5.2790,-0.0081,0.4546,0.9997,0.0246,0.0000,-0.0246,0.9997,0.0000,0.0000,0.0000,1.0000,0.0210,0.0279,0.0569
75,0,4.9826,0.0514,0.4400,0.9996,0.0276,0.0000,-0.0276,0.9996,0.0000,0.0000,0.0000,1.0000,0.2577,0.2263,0.1400
75,1,4.9906,0.0545,0.6052,0.9996,0.0276,0.0000,-0.0276,0.9996,0.0000,0.0000,0.0000,1.0000,0.1100,0.2168,0.3052
75,2,5.0681,-0.0036,0.5173,0.9996,0.0276,0.0000,-0.0276,0.9996,0.0000,0.0000,0.0000,1.0000,0.1101,0.3070,0.2173
75,3,5.0954,-0.1797,0.5889,0.9996,0.0276,0.0000,-0.0276,0.9996,0.0000,0.0000,0.0000,1.0000,0.2836,0.2073,0.2889
75,4,5.2148,-0.2229,0.5062,0.9996,0.0276,0.0000,-0.0276,0.9996,0.0000,0.0000,0.0000,1.0000,0.2820,0.2947,0.2062
75,5,5.3785,-0.0815,0.6614,0.9996,0.0276,0.0000,-0.0276,0.9996,0.0000,0.0000,0.0000,1.0000,0.1112,0.2100,0.3614
75,6,5.4709,-0.0594,0.4265,0.9996,0.0276,0.0000,-0.0276,0.9996,0.0000,0.0000,0.0000,1.0000,0.1972,0.1336,0.1265
75,7,5.5796,-0.0480,0.4491,0.9996,0.0276,0.0000,-0.0276,0.9996,0.0000,0.0000,0.0000,1.0000,0.1624,0.1625,0.0548
75,8,5.6058,-0.0041,0.4472,0.9996,0.0276,0.0000,-0.0276,0.9996,0.0000,0.0000,0.0000,1.0000,0.0831,0.2046,0.1050
75,9,5.6342,0.0630,0.4544,0.9996,0.0276,0.0000,-0.0276,0.9996,0.0000,0.0000,0.0000,1.0000,0.0210,0.0279,0.0569
75,10,5.6797,0.0044,0.4546,0.9996,0.0276,0.0000,-0.0276,0.9996,0.0000,0.0000,0.0000,1.0000,0.0210,0.0279,0.0569
76,0,5.3775,0.0628,0.4400,0.9995,0.0310,0.0000,-0.0310,0.9995,0.0000,0.0000,0.0000,1.0000,0.2577,0.2263,0.1400
76,1,5.3855,0.0660,0.6052,0.9995,0.0310,0.0000,-0.0310,0.9995,0.0000,0.0000,0.0000,1.0000,0.1100,0.2168,0.3052
76,2,5.4632,0.0081,0.5173,0.9995,0.0310,0.0000,-0.0310,0.9995,0.0000,0.0000,0.0000,1.0000,0.1101,0.3070,0.2173
76,3,5.4911,-0.1678,0.5889,0.9995,0.0310,0.0000,-0.0310,0.9995,0.0000,0.0000,0.0000,1.0000,0.2836,0.2073,0.2889
76,4,5.6106,-0.2107,0.5062,0.9995,0.0310,0.0000,-0.0310,0.9995,0.0000,0.0000,0.0000,1.0000,0.2820,0.2947,0.2062
76,5,5.7739,-0.0687,0.6614,0.9995,0.0310,0.0000,-0.0310,0.9995,0.0000,0.0000,0.0000,1.0000,0.1112,0.2100,0.3614
76,6,5.8662,-0.0464,0.4265,0.9995,0.0310,0.0000,-0.0310,0.9995,0.0000,0.0000,0.0000,1.0000,0.1972,0.1336,0.1265
76,7,5.9748,-0.0346,0.4491,0.9995,0.0310,0.0000,-0.0310,0.9995,0.0000,0.0000,0.0000,1.0000,0.1624,0.1625,0.0548
76,8,6.0009,0.0094,0.4472,0.9995,0.0310,0.0000,-0.0310,0.9995,0.0000,0.0000,0.0000,1.0000,0.0831,0.2046,0.1050
76,9,6.0291,0.0766,0.4544,0.9995,0.0310,0.0000,-0.0310,0.9995,0.0000,0.0000,0.0000,1.0000,0.0210,0.0279,0.0569
76,10,6.0748,0.0181,0.4546,0.9995,0.0310,0.0000,-0.0310,0.9995,0.0000,0.0000,0.0000,1.0000,0.0210,0.0279,0.0569
77,0,5.7664,0.0754,0.4400,0.9994,0.0343,0.0000,-0.0343,0.9994,0.0000,0.0000,0.0000,1.0000,0.2577,0.2263,0.1400
77,1,5.7744,0.0786,0.6052,0.9994,0.0343,0.0000,-0.0343,0.9994,0.0000,0.0000,0.0000,1.0000,0.1100,0.2168,0.3052
77,2,5.8524,0.0209,0.5173,0.9994,0.0343,0.0000,-0.0343,0.9994,0.0000,0.0000,0.0000,1.0000,0.1101,0.3070,0.2173
77,3,5.8808,-0.1549,0.5889,0.9994,0.0343,0.0000,-0.0343,0.9994,0.0000,0.0000,0.0000,1.0000,0.2836,0.2073,0.2889
77,4,6.0004,-0.1973,0.5062,0.9994,0.0343,0.0000,-0.0343,0.9994,0.0000,0.0000,0.0000,1.0000,0.2820,0.2947,0.2062
77,5,6.1632,-0.0548,0.6614,0.9994,0.0343,0.0000,-0.0343,0.9994,0.0000,0.0000,0.0000,1.0000,0.1112,0.2100,0.3614
77,6,6.2555,-0.0322,0.4265,0.9994,0.0343,0.0000,-0.0343,0.9994,0.0000,0.0000,0.0000,1.0000,0.1972,0.1336,0.1265
77,7,6.3641,-0.0200,0.4491,0.9994,0.0343,0.0000,-0.0343,0.9994,0.0000,0.0000,0.0000,1.0000,0.1624,0.1625,0.0548
77,8,6.3900,0.0241,0.4472,0.9994,0.0343,0.0000,-0.0343,0.9994,0.0000,0.0000,0.0000,1.0000,0.0831,0.2046,0.1050
77,9,6.4180,0.0914,0.4544,0.9994,0.0343,0.0000,-0.0343,0.9994,0.0000,0.0000,0.0000,1.0000,0.0210,0.0279,0.0569
77,10,6.4639,0.0330,0.4546,0.9994,0.0343,0.0000,-0.0343,0.9994,0.0000,0.0000,0.0000,1.0000,0.0210,0.0279,0.0569
78,0,6.1493,0.0891,0.4400,0.9993,0.0378,0.0000,-0.0378,0.9993,0.0000,0.0000,0.0000,1.0000,0.2577,0.2263,0.1400
78,1,6.1573,0.0923,0.6052,0.9993,0.0378,0.0000,-0.0378,0.9993,0.0000,0.0000,0.0000,1.0000,0.1100,0.2168,0.3052
78,2,6.2354,0.0349,0.5173,0.9993,0.0378,0.0000,-0.0378,0.9993,0.0000,0.0000,0.0000,1.0000,0.1101,0.3070,0.2173
78,3,6.2645,-0.1408,0.5889,0.9993,0.0378,0.0000,-0.0378,0.9993,0.0000,0.0000,0.0000,1.0000,0.2836,0.2073,0.2889
78,4,6.3842,-0.1828,0.5062,0.9993,0.0378,0.0000,-0.0378,0.9993,0.0000,0.0000,0.0000,1.0000,0.2820,0.2947,0.2062
78,5,6.5466,-0.0398,0.6614,0.9993,0.0378,0.0000,-0.0378,0.9993,0.0000,0.0000,0.0000,1.0000,0.1112,0.2100,0.3614
78,6,6.6388,-0.0168,0.4265,0.9993,0.0378,0.0000,-0.0378,0.9993,0.0000,0.0000,0.0000,1.0000,0.1972,0.1336,0.1265
78,7,6.7473,-0.0043,0.4491,0.9993,0.0378,0.0000,-0.0378,0.9993,0.0000,0.0000,0.0000,1.0000,0.1624,0.1625,0.0548
78,8,6.7730,0.0399,0.4472,0.9993,0.0378,0.0000,-0.0378,0.9993,0.0000,0.0000,0.0000,1.0000,0.0831,0.2046,0.1050
78,9,6.8008,0.1073,0.4544,0.9993,0.0378,0.0000,-0.0378,0.9993,0.0000,0.0000,0.0000,1.0000,0.0210,0.0279,0.0569
78,10,6.8469,0.0491,0.4546,0.9993,0.0378,0.0000,-0.0378,0.9993,0.0000,0.0000,0.0000,1.0000,0.0210,0.0279,0.0569
79,0,6.5262,0.1039,0.4400,0.9991,0.0416,0.0000,-0.0416,0.9991,0.0000,0.0000,0.0000,1.0000,0.2577,0.2263,0.1400
79,1,6.5342,0.1071,0.6052,0.9991,0.0416,0.0000,-0.0416,0.9991,0.0000,0.0000,0.0000,1.0000,0.1100,0.2168,0.3052
79,2,6.6126,0.0500,0.5173,0.9991,0.0416,0.0000,-0.0416,0.9991,0.0000,0.0000,0.0000,1.0000,0.1101,0.3070,0.2173
79,3,6.6423,-0.1256,0.5889,0.9991,0.0416,0.0000,-0.0416,0.9991,0.0000,0.0000,0.0000,1.0000,0.2836,0.2073,0.2889
79,4,6.7622,-0.1671,0.5062,0.9991,0.0416,0.0000,-0.0416,0.9991,0.0000,0.0000,0.0000,1.0000,0.2820,0.2947,0.2062
79,5,6.9240,-0.0235,0.6614,0.9991,0.0416,0.0000,-0.0416,0.9991,0.0000,0.0000,0.0000,1.0000,0.1112,0.2100,0.3614
79,6,7.0161,-0.0001,0.4265,0.9991,0.0416,0.0000,-0.0416,0.9991,0.0000,0.0000,0.0000,1.0000,0.1972,0.1336,0.1265
79,7,7.1245,0.0128,0.4491,0.9991,0.0416,0.0000,-0.0416,0.9991,0.0000,0.0000,0.0000,1.0000,0.1624,0.1625,0.0548
79,8,7.1501,0.0571,0.4472,0.9991,0.0416,0.0000,-0.0416,0.9991,0.0000,0.0000,0.0000,1.0000,0.0831,0.2046,0.1050
79,9,7.1776,0.1246,0.4544,0.9991,0.0416,0.0000,-0.0416,0.9991,0.0000,0.0000,0.0000,1.0000,0.0210,0.0279,0.0569
79,10,7.2240,0.0666,0.4546,0.9991,0.0416,0.0000,-0.0416,0.9991,0.0000,0.0000,0.0000,1.0000,0.0210,0.0279,0.0569
80,0,6.8974,0.1199,0.4400,0.9990,0.0455,0.0000,-0.0455,0.9990,0.0000,0.0000,0.0000,1.0000,0.2577,0.2263,0.1400
80,1,6.9054,0.1232,0.6052,0.9990,0.0455,0.0000,-0.0455,0.9990,0.0000,0.0000,0.0000,1.0000,0.1100,0.2168,0.3052
80,2,6.9839,0.0664,0.5173,0.9990,0.0455,0.0000,-0.0455,0.9990,0.0000,0.0000,0.0000,1.0000,0.1101,0.3070,0.2173
80,3,7.0143,-0.1091,0.5889,0.9990,0.0455,0.0000,-0.0455,0.9990,0.0000,0.0000,0.0000,1.0000,0.2836,0.2073,0.2889
80,4,7.1344,-0.1502,0.5062,0.9990,0.0455,0.0000,-0.0455,0.9990,0.0000,0.0000,0.0000,1.0000,0.2820,0.2947,0.2062
80,5,7.2956,-0.0059,0.6614,0.9990,0.0455,0.0000,-0.0455,0.9990,0.0000,0.0000,0.0000,1.0000,0.1112,0.2100,0.3614
80,6,7.3877,0.0178,0.4265,0.9990,0.0455,0.0000,-0.0455,0.9990,0.0000,0.0000,0.0000,1.0000,0.1972,0.1336,0.1265
80,7,7.4961,0.0311,0.4491,0.9990,0.0455,0.0000,-0.0455,0.9990,0.0000,0.0000,0.0000,1.0000,0.1624,0.1625,0.0548
80,8,7.5215,0.0756,0.4472,0.9990,0.0455,0.0000,-0.0455,0.9990,0.0000,0.0000,0.0000,1.0000,0.0831,0.2046,0.1050
80,9,7.5487,0.1432,0.4544,0.9990,0.0455,0.0000,-0.0455,0.9990,0.0000,0.0000,0.0000,1.0000,0.0210,0.0279,0.0569
80,10,7.5953,0.0853,0.4546,0.9990,0.0455,0.0000,-0.0455,0.9990,0.0000,0.0000,0.0000,1.0000,0.0210,0.0279,0.0569
81,0,7.2631,0.1371,0.4400,0.9988,0.0494,0.0000,-0.0494,0.9988,0.0000,0.0000,0.0000,1.0000,0.2577,0.2263,0.1400
81,1,7.2710,0.1404,0.6052,0.9988,0.0494,0.0000,-0.0494,0.9988,0.0000,0.0000,0.0000,1.0000,0.1100,0.2168,0.3052
81,2,7.3498,0.0839,0.5173,0.9988,0.0494,0.0000,-0.0494,0.9988,0.0000,0.0000,0.0000,1.0000,0.1101,0.3070,0.2173
81,3,7.3809,-0.0915,0.5889,0.9988,0.0494,0.0000,-0.0494,0.9988,0.0000,0.0000,0.0000,1.0000,0.2836,0.2073,0.2889
81,4,7.5012,-0.1321,0.5062,0.9988,0.0494,0.0000,-0.0494,0.9988,0.0000,0.0000,0.0000,1.0000,0.2820,0.2947,0.2062
81,5,7.6618,0.0128,0.6614,0.9988,0.0494,0.0000,-0.0494,0.9988,0.0000,0.0000,0.0000,1.0000,0.1112,0.2100,0.3614
81,6,7.7537,0.0369,0.4265,0.9988,0.0494,0.0000,-0.0494,0.9988,0.0000,0.0000,0.0000,1.0000,0.1972,0.1336,0.1265
81,7,7.8621,0.0507,0.4491,0.9988,0.0494,0.0000,-0.0494,0.9988,0.0000,0.0000,0.0000,1.0000,0.1624,0.1625,0.0548
81,8,7.8873,0.0952,0.4472,0.9988,0.0494,0.0000,-0.0494,0.9988,0.0000,0.0000,0.0000,1.0000,0.0831,0.2046,0.1050
81,9,7.9143,0.1629,0.4544,0.9988,0.0494,0.0000,-0.0494,0.9988,0.0000,0.0000,0.0000,1.0000,0.0210,0.0279,0.0569
81,10,7.9611,0.1052,0.4546,0.9988,0.0494,0.0000,-0.0494,0.9988,0.0000,0.0000,0.0000,1.0000,0.0210,0.0279,0.0569
82,0,7.6238,0.1554,0.4400,0.9986,0.0531,0.0000,-0.0531,0.9986,0.0000,0.0000,0.0000,1.0000,0.2577,0.2263,0.1400
82,1,7.6317,0.1588,0.6052,0.9986,0.0531,0.0000,-0.0531,0.9986,0.0000,0.0000,0.0000,1.0000,0.1100,0.2168,0.3052
82,2,7.7107,0.1026,0.5173,0.9986,0.0531,0.0000,-0.0531,0.9986,0.0000,0.0000,0.0000,1.0000,0.1101,0.3070,0.2173
82,3,7.7425,-0.0727,0.5889,0.9986,0.0531,0.0000,-0.0531,0.9986,0.0000,0.0000,0.0000,1.0000,0.2836,0.2073,0.2889
82,4,7.8629,-0.1129,0.5062,0.9986,0.0531,0.0000,-0.0531,0.9986,0.0000,0.0000,0.0000,1.0000,0.2820,0.2947,0.2062
82,5,8.0230,0.0326,0.6614,0.9986,0.0531,0.0000,-0.0531,0.9986,0.0000,0.0000,0.0000,1.0000,0.1112,0.2100,0.3614
82,6,8.1148,0.0571,0.4265,0.9986,0.0531,0.0000,-0.0531,0.9986,0.0000,0.0000,0.0000,1.0000,0.1972,0.1336,0.1265
82,7,8.2231,0.0712,0.4491,0.9986,0.0531,0.0000,-0.0531,0.9986,0.0000,0.0000,0.0000,1.0000,0.1624,0.1625,0.0548
82,8,8.2482,0.1158,0.4472,0.9986,0.0531,0.0000,-0.0531,0.9986,0.0000,0.0000,0.0000,1.0000,0.0831,0.2046,0.1050
82,9,8.2749,0.1836,0.4544,0.9986,0.0531,0.0000,-0.0531,0.9986,0.0000,0.0000,0.0000,1.0000,0.0210,0.0279,0.0569
82,10,8.3219,0.1261,0.4546,0.9986,0.0531,0.0000,-0.0531,0.9986,0.0000,0.0000,0.0000,1.0000,0.0210,0.0279,0.0569
83,0,7.9801,0.1749,0.4400,0.9984,0.0568,0.0000,-0.0568,0.9984,0.0000,0.0000,0.0000,1.0000,0.2577,0.2263,0.1400
83,1,7.9880,0.1782,0.6052,0.9984,0.0568,0.0000,-0.0568,0.9984,0.0000,0.0000,0.0000,1.0000,0.1100,0.2168,0.3052
83,2,8.0672,0.1223,0.5173,0.9984,0.0568,0.0000,-0.0568,0.9984,0.0000,0.0000,0.0000,1.0000,0.1101,0.3070,0.2173
83,3,8.0996,-0.0528,0.5889,0.9984,0.0568,0.0000,-0.0568,0.9984,0.0000,0.0000,0.0000,1.0000,0.2836,0.2073,0.2889
83,4,8.2202,-0.0925,0.5062,0.9984,0.0568,0.0000,-0.0568,0.9984,0.0000,0.0000,0.0000,1.0000,0.2820,0.2947,0.2062
83,5,8.3797,0.0536,0.6614,0.9984,0.0568,0.0000,-0.0568,0.9984,0.0000,0.0000,0.0000,1.0000,0.1112,0.2100,0.3614
83,6,8.4715,0.0783,0.4265,0.9984,0.0568,0.0000,-0.0568,0.9984,0.0000,0.0000,0.0000,1.0000,0.1972,0.1336,0.1265
83,7,8.5797,0.0929,0.4491,0.9984,0.0568,0.0000,-0.0568,0.9984,0.0000,0.0000,0.0000,1.0000,0.1624,0.1625,0.0548
83,8,8.6046,0.1376,0.4472,0.9984,0.0568,0.0000,-0.0568,0.9984,0.0000,0.0000,0.0000,1.0000,0.0831,0.2046,0.1050
83,9,8.6311,0.2055,0.4544,0.9984,0.0568,0.0000,-0.0568,0.9984,0.0000,0.0000,0.0000,1.0000,0.0210,0.0279,0.0569
83,10,8.6783,0.1482,0.4546,0.9984,0.0568,0.0000,-0.0568,0.9984,0.0000,0.0000,0.0000,1.0000,0.0210,0.0279,0.0569
84,0,8.3326,0.1954,0.4400,0.9982,0.0604,0.0000,-0.0604,0.9982,0.0000,0.0000,0.0000,1.0000,0.2577,0.2263,0.1400
84,1,8.3406,0.1988,0.6052,0.9982,0.0604,0.0000,-0.0604,0.9982,0.0000,0.0000,0.0000,1.0000,0.1100,0.2168,0.3052
84,2,8.4200,0.1432,0.5173,0.9982,0.0604,0.0000,-0.0604,0.9982,0.0000,0.0000,0.0000,1.0000,0.1101,0.3070,0.2173
84,3,8.4530,-0.0318,0.5889,0.9982,0.0604,0.0000,-0.0604,0.9982,0.0000,0.0000,0.0000,1.0000,0.2836,0.2073,0.2889
84,4,8.5737,-0.0711,0.5062,0.9982,0.0604,0.0000,-0.0604,0.9982,0.0000,0.0000,0.0000,1.0000,0.2820,0.2947,0.2062
84,5,8.7327,0.0756,0.6614,0.9982,0.0604,0.0000,-0.0604,0.9982,0.0000,0.0000,0.0000,1.0000,0.1112,0.2100,0.3614
84,6,8.8244,0.1006,0.4265,0.9982,0.0604,0.0000,-0.0604,0.9982,0.0000,0.0000,0.0000,1.0000,0.1972,0.1336,0.1265
84,7,8.9326,0.1156,0.4491,0.9982,0.0604,0.0000,-0.0604,0.9982,0.0000,0.0000,0.0000,1.0000,0.1624,0.1625,0.0548
84,8,8.9573,0.1604,0.4472,0.9982,0.0604,0.0000,-0.0604,0.9982,0.0000,0.0000,0.0000,1.0000,0.0831,0.2046,0.1050
84,9,8.9835,0.2284,0.4544,0.9982,0.0604,0.0000,-0.0604,0.9982,0.0000,0.0000,0.0000,1.0000,0.0210,0.0279,0.0569
84,10,9.0310,0.1713,0.4546,0.9982,0.0604,0.0000,-0.0604,0.9982,0.0000,0.0000,0.0000,1.0000,0.0210,0.0279,0.0569
85,0,8.6821,0.2170,0.4400,0.9980,0.0639,0.0000,-0.0639,0.9980,0.0000,0.0000,0.0000,1.0000,0.2577,0.2263,0.1400
85,1,8.6900,0.2204,0.6052,0.9980,0.0639,0.0000,-0.0639,0.9980,0.0000,0.0000,0.0000,1.0000,0.1100,0.2168,0.3052
85,2,8.7696,0.1651,0.5173,0.9980,0.0639,0.0000,-0.0639,0.9980,0.0000,0.0000,0.0000,1.0000,0.1101,0.3070,0.2173
85,3,8.8033,-0.0098,0.5889,0.9980,0.0639,0.0000,-0.0639,0.9980,0.0000,0.0000,0.0000,1.0000,0.2836,0.2073,0.2889
85,4,8.9241,-0.0487,0.5062,0.9980,0.0639,0.0000,-0.0639,0.9980,0.0000,0.0000,0.0000,1.0000,0.2820,0.2947,0.2062
85,5,9.0826,0.0986,0.6614,0.9980,0.0639,0.0000,-0.0639,0.9980,0.0000,0.0000,0.0000,1.0000,0.1112,0.2100,0.3614
85,6,9.1742,0.1240,0.4265,0.9980,0.0639,0.0000,-0.0639,0.9980,0.0000,0.0000,0.0000,1.0000,0.1972,0.1336,0.1265
85,7,9.2823,0.1393,0.4491,0.9980,0.0639,0.0000,-0.0639,0.9980,0.0000,0.0000,0.0000,1.0000,0.1624,0.1625,0.0548
85,8,9.3069,0.1842,0.4472,0.9980,0.0639,0.0000,-0.0639,0.9980,0.0000,0.0000,0.0000,1.0000,0.0831,0.2046,0.1050
85,9,9.3329,0.2523,0.4544,0.9980,0.0639,0.0000,-0.0639,0.9980,0.0000,0.0000,0.0000,1.0000,0.0210,0.0279,0.0569
85,10,9.3805,0.1953,0.4546,0.9980,0.0639,0.0000,-0.0639,0.9980,0.0000,0.0000,0.0000,1.0000,0.0210,0.0279,0.0569
86,0,9.0295,0.2398,0.4400,0.9977,0.0676,0.0000,-0.0676,0.9977,0.0000,0.0000,0.0000,1.0000,0.2577,0.2263,0.1400
86,1,9.0374,0.2432,0.6052,0.9977,0.0676,0.0000,-0.0676,0.9977,0.0000,0.0000,0.0000,1.0000,0.1100,0.2168,0.3052
86,2,9.1172,0.1882,0.5173,0.9977,0.0676,0.0000,-0.0676,0.9977,0.0000,0.0000,0.0000,1.0000,0.1101,0.3070,0.2173
86,3,9.1515,0.0134,0.5889,0.9977,0.0676,0.0000,-0.0676,0.9977,0.0000,0.0000,0.0000,1.0000,0.2836,0.2073,0.2889
86,4,9.2725,-0.0250,0.5062,0.9977,0.0676,0.0000,-0.0676,0.9977,0.0000,0.0000,0.0000,1.0000,0.2820,0.2947,0.2062
86,5,9.4304,0.1228,0.6614,0.9977,0.0676,0.0000,-0.0676,0.9977,0.0000,0.0000,0.0000,1.0000,0.1112,0.2100,0.3614
86,6,9.5219,0.1485,0.4265,0.9977,0.0676,0.0000,-0.0676,0.9977,0.0000,0.0000,0.0000,1.0000,0.1972,0.1336,0.1265
86,7,9.6300,0.1642,0.4491,0.9977,0.0676,0.0000,-0.0676,0.9977,0.0000,0.0000,0.0000,1.0000,0.1624,0.1625,0.0548
86,8,9.6544,0.2092,0.4472,0.9977,0.0676,0.0000,-0.0676,0.9977,0.0000,0.0000,0.0000,1.0000,0.0831,0.2046,0.1050
86,9,9.6801,0.2774,0.4544,0.9977,0.0676,0.0000,-0.0676,0.9977,0.0000,0.0000,0.0000,1.0000,0.0210,0.0279,0.0569
86,10,9.7280,0.2206,0.4546,0.9977,0.0676,0.0000,-0.0676,0.9977,0.0000,0.0000,0.0000,1.0000,0.0210,0.0279,0.0569
87,0,9.3759,0.2637,0.4400,0.9975,0.0712,0.0000,-0.0712,0.9975,0.0000,0.0000,0.0000,1.0000,0.2577,0.2263,0.1400
87,1,9.3838,0.2672,0.6052,0.9975,0.0712,0.0000,-0.0712,0.9975,0.0000,0.0000,0.0000,1.0000,0.1100,0.2168,0.3052
87,2,9.4638,0.2124,0.5173,0.9975,0.0712,0.0000,-0.0712,0.9975,0.0000,0.0000,0.0000,1.0000,0.1101,0.3070,0.2173
87,3,9.4987,0.0378,0.5889,0.9975,0.0712,0.0000,-0.0712,0.9975,0.0000,0.0000,0.0000,1.0000,0.2836,0.2073,0.2889
87,4,9.6198,-0.0002,0.5062,0.9975,0.0712,0.0000,-0.0712,0.9975,0.0000,0.0000,0.0000,1.0000,0.2820,0.2947,0.2062
87,5,9.7772,0.1482,0.6614,0.9975,0.0712,0.0000,-0.0712,0.9975,0.0000,0.0000,0.0000,1.0000,0.1112,0.2100,0.3614
87,6,9.8686,0.1742,0.4265,0.9975,0.0712,0.0000,-0.0712,0.9975,0.0000,0.0000,0.0000,1.0000,0.1972,0.1336,0.1265
87,7,9.9767,0.1904,0.4491,0.9975,0.0712,0.0000,-0.0712,0.9975,0.0000,0.0000,0.0000,1.0000,0.1624,0.1625,0.0548
87,8,10.0009,0.2354,0.4472,0.9975,0.0712,0.0000,-0.0712,0.9975,0.0000,0.0000,0.0000,1.0000,0.0831,0.2046,0.1050
87,9,10.0264,0.3037,0.4544,0.9975,0.0712,0.0000,-0.0712,0.9975,0.0000,0.0000,0.0000,1.0000,0.0210,0.0279,0.0569
87,10,10.0745,0.2471,0.4546,0.9975,0.0712,0.0000,-0.0712,0.9975,0.0000,0.0000,0.0000,1.0000,0.0210,0.0279,0.0569
88,0,9.7225,0.2889,0.4400,0.9972,0.0745,0.0000,-0.0745,0.9972,0.0000,0.0000,0.0000,1.0000,0.2577,0.2263,0.1400
88,1,9.7304,0.2924,0.6052,0.9972,0.0745,0.0000,-0.0745,0.9972,0.0000,0.0000,0.0000,1.0000,0.1100,0.2168,0.3052
88,2,9.8106,0.2379,0.5173,0.9972,0.0745,0.0000,-0.0745,0.9972,0.0000,0.0000,0.0000,1.0000,0.1101,0.3070,0.2173
88,3,9.8461,0.0634,0.5889,0.9972,0.0745,0.0000,-0.0745,0.9972,0.0000,0.0000,0.0000,1.0000,0.2836,0.2073,0.2889
88,4,9.9673,0.0258,0.5062,0.9972,0.0745,0.0000,-0.0745,0.9972,0.0000,0.0000,0.0000,1.0000,0.2820,0.2947,0.2062
88,5,10.1243,0.1747,0.6614,0.9972,0.0745,0.0000,-0.0745,0.9972,0.0000,0.0000,0.0000,1.0000,0.1112,0.2100,0.3614
88,6,10.2156,0.2011,0.4265,0.9972,0.0745,0.0000,-0.0745,0.9972,0.0000,0.0000,0.0000,1.0000,0.1972,0.1336,0.1265
88,7,10.3235,0.2176,0.4491,0.9972,0.0745,0.0000,-0.0745,0.9972,0.0000,0.0000,0.0000,1.0000,0.1624,0.1625,0.0548
88,8,10.3476,0.2627,0.4472,0.9972,0.0745,0.0000,-0.0745,0.9972,0.0000,0.0000,0.0000,1.0000,0.0831,0.2046,0.1050
88,9,10.3729,0.3311,0.4544,0.9972,0.0745,0.0000,-0.0745,0.9972,0.0000,0.0000,0.0000,1.0000,0.0210,0.0279,0.0569
88,10,10.4212,0.2746,0.4546,0.9972,0.0745,0.0000,-0.0745,0.9972,0.0000,0.0000,0.0000,1.0000,0.0210,0.0279,0.0569
89,0,10.0705,0.3153,0.4400,0.9970,0.0777,0.0000,-0.0777,0.9970,0.0000,0.0000,0.0000,1.0000,0.2577,0.2263,0.1400
89,1,10.0783,0.3188,0.6052,0.9970,0.0777,0.0000,-0.0777,0.9970,0.0000,0.0000,0.0000,1.0000,0.1100,0.2168,0.3052
89,2,10.1587,0.2646,0.5173,0.9970,0.0777,0.0000,-0.0777,0.9970,0.0000,0.0000,0.0000,1.0000,0.1101,0.3070,0.2173
89,3,10.1947,0.0902,0.5889,0.9970,0.0777,0.0000,-0.0777,0.9970,0.0000,0.0000,0.0000,1.0000,0.2836,0.2073,0.2889
89,4,10.3161,0.0530,0.5062,0.9970,0.0777,0.0000,-0.0777,0.9970,0.0000,0.0000,0.0000,1.0000,0.2820,0.2947,0.2062
89,5,10.4725,0.2024,0.6614,0.9970,0.0777,0.0000,-0.0777,0.9970,0.0000,0.0000,0.0000,1.0000,0.1112,0.2100,0.3614
89,6,10.5637,0.2291,0.4265,0.9970,0.0777,0.0000,-0.0777,0.9970,0.0000,0.0000,0.0000,1.0000,0.1972,0.1336,0.1265
89,7,10.6717,0.2459,0.4491,0.9970,0.0777,0.0000,-0.0777,0.9970,0.0000,0.0000,0.0000,1.0000,0.1624,0.1625,0.0548
89,8,10.6956,0.2911,0.4472,0.9970,0.0777,0.0000,-0.0777,0.9970,0.0000,0.0000,0.0000,1.0000,0.0831,0.2046,0.1050
89,9,10.7207,0.3596,0.4544,0.9970,0.0777,0.0000,-0.0777,0.9970,0.0000,0.0000,0.0000,1.0000,0.0210,0.0279,0.0569
89,10,10.7691,0.3032,0.4546,0.9970,0.0777,0.0000,-0.0777,0.9970,0.0000,0.0000,0.0000,1.0000,0.0210,0.0279,0.0569
90,0,10.4202,0.3430,0.4400,0.9967,0.0810,0.0000,-0.0810,0.9967,0.0000,0.0000,0.0000,1.0000,0.2577,0.2263,0.1400
90,1,10.4280,0.3466,0.6052,0.9967,0.0810,0.0000,-0.0810,0.9967,0.0000,0.0000,0.0000,1.0000,0.1100,0.2168,0.3052
90,2,10.5086,0.2926,0.5173,0.9967,0.0810,0.0000,-0.0810,0.9967,0.0000,0.0000,0.0000,1.0000,0.1101,0.3070,0.2173
90,3,10.5452,0.1183,0.5889,0.9967,0.0810,0.0000,-0.0810,0.9967,0.0000,0.0000,0.0000,1.0000,0.2836,0.2073,0.2889
90,4,10.6667,0.0815,0.5062,0.9967,0.0810,0.0000,-0.0810,0.9967,0.0000,0.0000,0.0000,1.0000,0.2820,0.2947,0.2062
90,5,10.8226,0.2314,0.6614,0.9967,0.0810,0.0000,-0.0810,0.9967,0.0000,0.0000,0.0000,1.0000,0.1112,0.2100,0.3614
90,6,10.9138,0.2584,0.4265,0.9967,0.0810,0.0000,-0.0810,0.9967,0.0000,0.0000,0.0000,1.0000,0.1972,0.1336,0.1265
90,7,11.0216,0.2756,0.4491,0.9967,0.0810,0.0000,-0.0810,0.9967,0.0000,0.0000,0.0000,1.0000,0.1624,0.1625,0.0548
90,8,11.0454,0.3209,0.4472,0.9967,0.0810,0.0000,-0.0810,0.9967,0.0000,0.0000,0.0000,1.0000,0.0831,0.2046,0.1050
90,9,11.0703,0.3894,0.4544,0.9967,0.0810,0.0000,-0.0810,0.9967,0.0000,0.0000,0.0000,1.0000,0.0210,0.0279,0.0569
90,10,11.1189,0.3333,0.4546,0.9967,0.0810,0.0000,-0.0810,0.9967,0.0000,0.0000,0.0000,1.0000,0.0210,0.0279,0.0569
91,0,10.7717,0.3721,0.4400,0.9964,0.0845,0.0000,-0.0845,0.9964,0.0000,0.0000,0.0000,1.0000,0.2577,0.2263,0.1400
91,1,10.7795,0.3756,0.6052,0.9964,0.0845,0.0000,-0.0845,0.9964,0.0000,0.0000,0.0000,1.0000,0.1100,0.2168,0.3052
91,2,10.8603,0.3220,0.5173,0.9964,0.0845,0.0000,-0.0845,0.9964,0.0000,0.0000,0.0000,1.0000,0.1101,0.3070,0.2173
91,3,10.8975,0.1478,0.5889,0.9964,0.0845,0.0000,-0.0845,0.9964,0.0000,0.0000,0.0000,1.0000,0.2836,0.2073,0.2889
91,4,11.0191,0.1114,0.5062,0.9964,0.0845,0.0000,-0.0845,0.9964,0.0000,0.0000,0.0000,1.0000,0.2820,0.2947,0.2062
91,5,11.1746,0.2619,0.6614,0.9964,0.0845,0.0000,-0.0845,0.9964,0.0000,0.0000,0.0000,1.0000,0.1112,0.2100,0.3614
91,6,11.2656,0.2892,0.4265,0.9964,0.0845,0.0000,-0.0845,0.9964,0.0000,0.0000,0.0000,1.0000,0.1972,0.1336,0.1265
91,7,11.3734,0.3068,0.4491,0.9964,0.0845,0.0000,-0.0845,0.9964,0.0000,0.0000,0.0000,1.0000,0.1624,0.1625,0.0548
91,8,11.3970,0.3521,0.4472,0.9964,0.0845,0.0000,-0.0845,0.9964,0.0000,0.0000,0.0000,1.0000,0.0831,0.2046,0.1050
91,9,11.4216,0.4207,0.4544,0.9964,0.0845,0.0000,-0.0845,0.9964,0.0000,0.0000,0.0000,1.0000,0.0210,0.0279,0.0569
91,10,11.4704,0.3648,0.4546,0.9964,0.0845,0.0000,-0.0845,0.9964,0.0000,0.0000,0.0000,1.0000,0.0210,0.0279,0.0569
92,0,11.1245,0.4024,0.4400,0.9961,0.0880,0.0000,-0.0880,0.9961,0.0000,0.0000,0.0000,1.0000,0.2577,0.2263,0.1400
92,1,11.1323,0.4061,0.6052,0.9961,0.0880,0.0000,-0.0880,0.9961,0.0000,0.0000,0.0000,1.0000,0.1100,0.2168,0.3052
92,2,11.2132,0.3527,0.5173,0.9961,0.0880,0.0000,-0.0880,0.9961,0.0000,0.0000,0.0000,1.0000,0.1101,0.3070,0.2173
92,3,11.2511,0.1786,0.5889,0.9961,0.0880,0.0000,-0.0880,0.9961,0.0000,0.0000,0.0000,1.0000,0.2836,0.2073,0.2889
92,4,11.3728,0.1427,0.5062,0.9961,0.0880,0.0000,-0.0880,0.9961,0.0000,0.0000,0.0000,1.0000,0.2820,0.2947,0.2062
92,5,11.5277,0.2937,0.6614,0.9961,0.0880,0.0000,-0.0880,0.9961,0.0000,0.0000,0.0000,1.0000,0.1112,0.2100,0.3614
92,6,11.6187,0.3213,0.4265,0.9961,0.0880,0.0000,-0.0880,0.9961,0.0000,0.0000,0.0000,1.0000,0.1972,0.1336,0.1265
92,7,11.7264,0.3393,0.4491,0.9961,0.0880,0.0000,-0.0880,0.9961,0.0000,0.0000,0.0000,1.0000,0.1624,0.1625,0.0548
92,8,11.7499,0.3847,0.4472,0.9961,0.0880,0.0000,-0.0880,0.9961,0.0000,0.0000,0.0000,1.0000,0.0831,0.2046,0.1050
92,9,11.7742,0.4534,0.4544,0.9961,0.0880,0.0000,-0.0880,0.9961,0.0000,0.0000,0.0000,1.0000,0.0210,0.0279,0.0569
92,10,11.8232,0.3976,0.4546,0.9961,0.0880,0.0000,-0.0880,0.9961,0.0000,0.0000,0.0000,1.0000,0.0210,0.0279,0.0569
93,0,11.4778,0.4341,0.4400,0.9958,0.0916,0.0000,-0.0916,0.9958,0.0000,0.0000,0.0000,1.0000,0.2577,0.2263,0.1400
93,1,11.4856,0.4378,0.6052,0.9958,0.0916,0.0000,-0.0916,0.9958,0.0000,0.0000,0.0000,1.0000,0.1100,0.2168,0.3052
93,2,11.5667,0.3847,0.5173,0.9958,0.0916,0.0000,-0.0916,0.9958,0.0000,0.0000,0.0000,1.0000,0.1101,0.3070,0.2173
93,3,11.6052,0.2108,0.5889,0.9958,0.0916,0.0000,-0.0916,0.9958,0.0000,0.0000,0.0000,1.0000,0.2836,0.2073,0.2889
93,4,11.7271,0.1753,0.5062,0.9958,0.0916,0.0000,-0.0916,0.9958,0.0000,0.0000,0.0000,1.0000,0.2820,0.2947,0.2062
93,5,11.8814,0.3269,0.6614,0.9958,0.0916,0.0000,-0.0916,0.9958,0.0000,0.0000,0.0000,1.0000,0.1112,0.2100,0.3614
93,6,11.9723,0.3548,0.4265,0.9958,0.0916,0.0000,-0.0916,0.9958,0.0000,0.0000,0.0000,1.0000,0.1972,0.1336,0.1265
93,7,12.0799,0.3731,0.4491,0.9958,0.0916,0.0000,-0.0916,0.9958,0.0000,0.0000,0.0000,1.0000,0.1624,0.1625,0.0548
93,8,12.1033,0.4186,0.4472,0.9958,0.0916,0.0000,-0.0916,0.9958,0.0000,0.0000,0.0000,1.0000,0.0831,0.2046,0.1050
93,9,12.1274,0.4874,0.4544,0.9958,0.0916,0.0000,-0.0916,0.9958,0.0000,0.0000,0.0000,1.0000,0.0210,0.0279,0.0569
93,10,12.1766,0.4318,0.4546,0.9958,0.0916,0.0000,-0.0916,0.9958,0.0000,0.0000,0.0000,1.0000,0.0210,0.0279,0.0569
94,0,11.8308,0.4671,0.4400,0.9955,0.0952,0.0000,-0.0952,0.9955,0.0000,0.0000,0.0000,1.0000,0.2577,0.2263,0.1400
94,1,11.8386,0.4708,0.6052,0.9955,0.0952,0.0000,-0.0952,0.9955,0.0000,0.0000,0.0000,1.0000,0.1100,0.2168,0.3052
94,2,11.9199,0.4180,0.5173,0.9955,0.0952,0.0000,-0.0952,0.9955,0.0000,0.0000,0.0000,1.0000,0.1101,0.3070,0.2173
94,3,11.9590,0.2442,0.5889,0.9955,0.0952,0.0000,-0.0952,0.9955,0.0000,0.0000,0.0000,1.0000,0.2836,0.2073,0.2889
94,4,12.0810,0.2092,0.5062,0.9955,0.0952,0.0000,-0.0952,0.9955,0.0000,0.0000,0.0000,1.0000,0.2820,0.2947,0.2062
94,5,12.2348,0.3613,0.6614,0.9955,0.0952,0.0000,-0.0952,0.9955,0.0000,0.0000,0.0000,1.0000,0.1112,0.2100,0.3614
94,6,12.3256,0.3895,0.4265,0.9955,0.0952,0.0000,-0.0952,0.9955,0.0000,0.0000,0.0000,1.0000,0.1972,0.1336,0.1265
94,7,12.4332,0.4083,0.4491,0.9955,0.0952,0.0000,-0.0952,0.9955,0.0000,0.0000,0.0000,1.0000,0.1624,0.1625,0.0548
94,8,12.4563,0.4539,0.4472,0.9955,0.0952,0.0000,-0.0952,0.9955,0.0000,0.0000,0.0000,1.0000,0.0831,0.2046,0.1050
94,9,12.4802,0.5228,0.4544,0.9955,0.0952,0.0000,-0.0952,0.9955,0.0000,0.0000,0.0000,1.0000,0.0210,0.0279,0.0569
94,10,12.5296,0.4673,0.4546,0.9955,0.0952,0.0000,-0.0952,0.9955,0.0000,0.0000,0.0000,1.0000,0.0210,0.0279,0.0569
95,0,12.1828,0.5013,0.4400,0.9951,0.0989,0.0000,-0.0989,0.9951,0.0000,0.0000,0.0000,1.0000,0.2577,0.2263,0.1400
95,1,12.1905,0.5050,0.6052,0.9951,0.0989,0.0000,-0.0989,0.9951,0.0000,0.0000,0.0000,1.0000,0.1100,0.2168,0.3052
95,2,12.2720,0.4525,0.5173,0.9951,0.0989,0.0000,-0.0989,0.9951,0.0000,0.0000,0.0000,1.0000,0.1101,0.3070,0.2173
95,3,12.3118,0.2788,0.5889,0.9951,0.0989,0.0000,-0.0989,0.9951,0.0000,0.0000,0.0000,1.0000,0.2836,0.2073,0.2889
95,4,12.4339,0.2442,0.5062,0.9951,0.0989,0.0000,-0.0989,0.9951,0.0000,0.0000,0.0000,1.0000,0.2820,0.2947,0.2062
95,5,12.5872,0.3970,0.6614,0.9951,0.0989,0.0000,-0.0989,0.9951,0.0000,0.0000,0.0000,1.0000,0.1112,0.2100,0.3614
95,6,12.6778,0.4256,0.4265,0.9951,0.0989,0.0000,-0.0989,0.9951,0.0000,0.0000,0.0000,1.0000,0.1972,0.1336,0.1265
95,7,12.7853,0.4447,0.4491,0.9951,0.0989,0.0000,-0.0989,0.9951,0.0000,0.0000,0.0000,1.0000,0.1624,0.1625,0.0548
95,8,12.8083,0.4904,0.4472,0.9951,0.0989,0.0000,-0.0989,0.9951,0.0000,0.0000,0.0000,1.0000,0.0831,0.2046,0.1050
95,9,12.8319,0.5594,0.4544,0.9951,0.0989,0.0000,-0.0989,0.9951,0.0000,0.0000,0.0000,1.0000,0.0210,0.0279,0.0569
95,10,12.8815,0.5041,0.4546,0.9951,0.0989,0.0000,-0.0989,0.9951,0.0000,0.0000,0.0000,1.0000,0.0210,0.0279,0.0569
96,0,12.5328,0.5366,0.4400,0.9947,0.1026,0.0000,-0.1026,0.9947,0.0000,0.0000,0.0000,1.0000,0.2577,0.2263,0.1400
96,1,12.5406,0.5403,0.6052,0.9947,0.1026,0.0000,-0.1026,0.9947,0.0000,0.0000,0.0000,1.0000,0.1100,0.2168,0.3052
96,2,12.6222,0.4881,0.5173,0.9947,0.1026,0.0000,-0.1026,0.9947,0.0000,0.0000,0.0000,1.0000,0.1101,0.3070,0.2173
96,3,12.6627,0.3146,0.5889,0.9947,0.1026,0.0000,-0.1026,0.9947,0.0000,0.0000,0.0000,1.0000,0.2836,0.2073,0.2889
96,4,12.7849,0.2805,0.5062,0.9947,0.1026,0.0000,-0.1026,0.9947,0.0000,0.0000,0.0000,1.0000,0.2820,0.2947,0.2062
96,5,12.9376,0.4338,0.6614,0.9947,0.1026,0.0000,-0.1026,0.9947,0.0000,0.0000,0.0000,1.0000,0.1112,0.2100,0.3614
96,6,13.0281,0.4627,0.4265,0.9947,0.1026,0.0000,-0.1026,0.9947,0.0000,0.0000,0.0000,1.0000,0.1972,0.1336,0.1265
96,7,13.1356,0.4822,0.4491,0.9947,0.1026,0.0000,-0.1026,0.9947,0.0000,0.0000,0.0000,1.0000,0.1624,0.1625,0.0548
96,8,13.1584,0.5280,0.4472,0.9947,0.1026,0.0000,-0.1026,0.9947,0.0000,0.0000,0.0000,1.0000,0.0831,0.2046,0.1050
96,9,13.1817,0.5971,0.4544,0.9947,0.1026,0.0000,-0.1026,0.9947,0.0000,0.0000,0.0000,1.0000,0.0210,0.0279,0.0569
96,10,13.2315,0.5420,0.4546,0.9947,0.1026,0.0000,-0.1026,0.9947,0.0000,0.0000,0.0000,1.0000,0.0210,0.0279,0.0569
97,0,12.8796,0.5729,0.4400,0.9943,0.1064,0.0000,-0.1064,0.9943,0.0000,0.0000,0.0000,1.0000,0.2577,0.2263,0.1400
97,1,12.8874,0.5766,0.6052,0.9943,0.1064,0.0000,-0.1064,0.9943,0.0000,0.0000,0.0000,1.0000,0.1100,0.2168,0.3052
97,2,12.9693,0.5247,0.5173,0.9943,0.1064,0.0000,-0.1064,0.9943,0.0000,0.0000,0.0000,1.0000,0.1101,0.3070,0.2173
97,3,13.0104,0.3514,0.5889,0.9943,0.1064,0.0000,-0.1064,0.9943,0.0000,0.0000,0.0000,1.0000,0.2836,0.2073,0.2889
97,4,13.1327,0.3178,0.5062,0.9943,0.1064,0.0000,-0.1064,0.9943,0.0000,0.0000,0.0000,1.0000,0.2820,0.2947,0.2062
97,5,13.2848,0.4716,0.6614,0.9943,0.1064,0.0000,-0.1064,0.9943,0.0000,0.0000,0.0000,1.0000,0.1112,0.2100,0.3614
97,6,13.3752,0.5009,0.4265,0.9943,0.1064,0.0000,-0.1064,0.9943,0.0000,0.0000,0.0000,1.0000,0.1972,0.1336,0.1265
97,7,13.4826,0.5208,0.4491,0.9943,0.1064,0.0000,-0.1064,0.9943,0.0000,0.0000,0.0000,1.0000,0.1624,0.1625,0.0548
97,8,13.5053,0.5667,0.4472,0.9943,0.1064,0.0000,-0.1064,0.9943,0.0000,0.0000,0.0000,1.0000,0.0831,0.2046,0.1050
97,9,13.5283,0.6359,0.4544,0.9943,0.1064,0.0000,-0.1064,0.9943,0.0000,0.0000,0.0000,1.0000,0.0210,0.0279,0.0569
97,10,13.5784,0.5810,0.4546,0.9943,0.1064,0.0000,-0.1064,0.9943,0.0000,0.0000,0.0000,1.0000,0.0210,0.0279,0.0569
98,0,13.2219,0.6100,0.4400,0.9939,0.1102,0.0000,-0.1102,0.9939,0.0000,0.0000,0.0000,1.0000,0.2577,0.2263,0.1400
98,1,13.2296,0.6138,0.6052,0.9939,0.1102,0.0000,-0.1102,0.9939,0.0000,0.0000,0.0000,1.0000,0.1100,0.2168,0.3052
98,2,13.3117,0.5622,0.5173,0.9939,0.1102,0.0000,-0.1102,0.9939,0.0000,0.0000,0.0000,1.0000,0.1101,0.3070,0.2173
98,3,13.3534,0.3890,0.5889,0.9939,0.1102,0.0000,-0.1102,0.9939,0.0000,0.0000,0.0000,1.0000,0.2836,0.2073,0.2889
98,4,13.4759,0.3559,0.5062,0.9939,0.1102,0.0000,-0.1102,0.9939,0.0000,0.0000,0.0000,1.0000,0.2820,0.2947,0.2062
98,5,13.6274,0.5103,0.6614,0.9939,0.1102,0.0000,-0.1102,0.9939,0.0000,0.0000,0.0000,1.0000,0.1112,0.2100,0.3614
98,6,13.7177,0.5399,0.4265,0.9939,0.1102,0.0000,-0.1102,0.9939,0.0000,0.0000,0.0000,1.0000,0.1972,0.1336,0.1265
98,7,13.8250,0.5603,0.4491,0.9939,0.1102,0.0000,-0.1102,0.9939,0.0000,0.0000,0.0000,1.0000,0.1624,0.1625,0.0548
98,8,13.8475,0.6062,0.4472,0.9939,0.1102,0.0000,-0.1102,0.9939,0.0000,0.0000,0.0000,1.0000,0.0831,0.2046,0.1050
98,9,13.8703,0.6755,0.4544,0.9939,0.1102,0.0000,-0.1102,0.9939,0.0000,0.0000,0.0000,1.0000,0.0210,0.0279,0.0569
98,10,13.9205,0.6208,0.4546,0.9939,0.1102,0.0000,-0.1102,0.9939,0.0000,0.0000,0.0000,1.0000,0.0210,0.0279,0.0569
99,0,13.5582,0.6478,0.4400,0.9935,0.1140,0.0000,-0.1140,0.9935,0.0000,0.0000,0.0000,1.0000,0.2577,0.2263,0.1400
99,1,13.5659,0.6516,0.6052,0.9935,0.1140,0.0000,-0.1140,0.9935,0.0000,0.0000,0.0000,1.0000,0.1100,0.2168,0.3052
99,2,13.6482,0.6003,0.5173,0.9935,0.1140,0.0000,-0.1140,0.9935,0.0000,0.0000,0.0000,1.0000,0.1101,0.3070,0.2173
99,3,13.6906,0.4273,0.5889,0.9935,0.1140,0.0000,-0.1140,0.9935,0.0000,0.0000,0.0000,1.0000,0.2836,0.2073,0.2889
99,4,13.8132,0.3946,0.5062,0.9935,0.1140,0.0000,-0.1140,0.9935,0.0000,0.0000,0.0000,1.0000,0.2820,0.2947,0.2062
99,5,13.9641,0.5496,0.6614,0.9935,0.1140,0.0000,-0.1140,0.9935,0.0000,0.0000,0.0000,1.0000,0.1112,0.2100,0.3614
99,6,14.0543,0.5796,0.4265,0.9935,0.1140,0.0000,-0.1140,0.9935,0.0000,0.0000,0.0000,1.0000,0.1972,0.1336,0.1265
99,7,14.1615,0.6004,0.4491,0.9935,0.1140,0.0000,-0.1140,0.9935,0.0000,0.0000,0.0000,1.0000,0.1624,0.1625,0.0548
99,8,14.1838,0.6464,0.4472,0.9935,0.1140,0.0000,-0.1140,0.9935,0.0000,0.0000,0.0000,1.0000,0.0831,0.2046,0.1050
99,9,14.2064,0.7157,0.4544,0.9935,0.1140,0.0000,-0.1140,0.9935,0.0000,0.0000,0.0000,1.0000,0.0210,0.0279,0.0569
99,10,14.2568,0.6612,0.4546,0.9935,0.1140,0.0000,-0.1140,0.9935,0.0000,0.0000,0.0000,1.0000,0.0210,0.0279,0.0569
100,0,13.8875,0.6860,0.4400,0.9931,0.1174,0.0000,-0.1174,0.9931,0.0000,0.0000,0.0000,1.0000,0.2577,0.2263,0.1400
100,1,13.8952,0.6898,0.6052,0.9931,0.1174,0.0000,-0.1174,0.9931,0.0000,0.0000,0.0000,1.0000,0.1100,0.2168,0.3052
100,2,13.9777,0.6389,0.5173,0.9931,0.1174,0.0000,-0.1174,0.9931,0.0000,0.0000,0.0000,1.0000,0.1101,0.3070,0.2173
100,3,14.0207,0.4660,0.5889,0.9931,0.1174,0.0000,-0.1174,0.9931,0.0000,0.0000,0.0000,1.0000,0.2836,0.2073,0.2889
100,4,14.1434,0.4337,0.5062,0.9931,0.1174,0.0000,-0.1174,0.9931,0.0000,0.0000,0.0000,1.0000,0.2820,0.2947,0.2062
100,5,14.2938,0.5892,0.6614,0.9931,0.1174,0.0000,-0.1174,0.9931,0.0000,0.0000,0.0000,1.0000,0.1112,0.2100,0.3614
100,6,14.3839,0.6195,0.4265,0.9931,0.1174,0.0000,-0.1174,0.9931,0.0000,0.0000,0.0000,1.0000,0.1972,0.1336,0.1265
100,7,14.4910,0.6406,0.4491,0.9931,0.1174,0.0000,-0.1174,0.9931,0.0000,0.0000,0.0000,1.0000,0.1624,0.1625,0.0548
100,8,14.5132,0.6867,0.4472,0.9931,0.1174,0.0000,-0.1174,0.9931,0.0000,0.0000,0.0000,1.0000,0.0831,0.2046,0.1050
100,9,14.5355,0.7561,0.4544,0.9931,0.1174,0.0000,-0.1174,0.9931,0.0000,0.0000,0.0000,1.0000,0.0210,0.0279,0.0569
100,10,14.5861,0.7018,0.4546,0.9931,0.1174,0.0000,-0.1174,0.9931,0.0000,0.0000,0.0000,1.0000,0.0210,0.0279,0.0569
101,0,14.2087,0.7244,0.4400,0.9927,0.1208,0.0000,-0.1208,0.9927,0.0000,0.0000,0.0000,1.0000,0.2577,0.2263,0.1400
101,1,14.2164,0.7282,0.6052,0.9927,0.1208,0.0000,-0.1208,0.9927,0.0000,0.0000,0.0000,1.0000,0.1100,0.2168,0.3052
101,2,14.2991,0.6775,0.5173,0.9927,0.1208,0.0000,-0.1208,0.9927,0.0000,0.0000,0.0000,1.0000,0.1101,0.3070,0.2173
101,3,14.3426,0.5048,0.5889,0.9927,0.1208,0.0000,-0.1208,0.9927,0.0000,0.0000,0.0000,1.0000,0.2836,0.2073,0.2889
101,4,14.4655,0.4730,0.5062,0.9927,0.1208,0.0000,-0.1208,0.9927,0.0000,0.0000,0.0000,1.0000,0.2820,0.2947,0.2062
101,5,14.6153,0.6290,0.6614,0.9927,0.1208,0.0000,-0.1208,0.9927,0.0000,0.0000,0.0000,1.0000,0.1112,0.2100,0.3614
101,6,14.7053,0.6596,0.4265,0.9927,0.1208,0.0000,-0.1208,0.9927,0.0000,0.0000,0.0000,1.0000,0.1972,0.1336,0.1265
101,7,14.8124,0.6811,0.4491,0.9927,0.1208,0.0000,-0.1208,0.9927,0.0000,0.0000,0.0000,1.0000,0.1624,0.1625,0.0548
101,8,14.8344,0.7273,0.4472,0.9927,0.1208,0.0000,-0.1208,0.9927,0.0000,0.0000,0.0000,1.0000,0.0831,0.2046,0.1050
101,9,14.8564,0.7968,0.4544,0.9927,0.1208,0.0000,-0.1208,0.9927,0.0000,0.0000,0.0000,1.0000,0.0210,0.0279,0.0569
101,10,14.9072,0.7426,0.4546,0.9927,0.1208,0.0000,-0.1208,0.9927,0.0000,0.0000,0.0000,1.0000,0.0210,0.0279,0.0569
102,0,14.5200,0.7626,0.4400,0.9923,0.1238,0.0000,-0.1238,0.9923,0.0000,0.0000,0.0000,1.0000,0.2577,0.2263,0.1400
102,1,14.5277,0.7665,0.6052,0.9923,0.1238,0.0000,-0.1238,0.9923,0.0000,0.0000,0.0000,1.0000,0.1100,0.2168,0.3052
102,2,14.6105,0.7161,0.5173,0.9923,0.1238,0.0000,-0.1238,0.9923,0.0000,0.0000,0.0000,1.0000,0.1101,0.3070,0.2173
102,3,14.6546,0.5435,0.5889,0.9923,0.1238,0.0000,-0.1238,0.9923,0.0000,0.0000,0.0000,1.0000,0.2836,0.2073,0.2889
102,4,14.7775,0.5120,0.5062,0.9923,0.1238,0.0000,-0.1238,0.9923,0.0000,0.0000,0.0000,1.0000,0.2820,0.2947,0.2062
102,5,14.9269,0.6685,0.6614,0.9923,0.1238,0.0000,-0.1238,0.9923,0.0000,0.0000,0.0000,1.0000,0.1112,0.2100,0.3614
102,6,15.0168,0.6993,0.4265,0.9923,0.1238,0.0000,-0.1238,0.9923,0.0000,0.0000,0.0000,1.0000,0.1972,0.1336,0.1265
102,7,15.1238,0.7211,0.4491,0.9923,0.1238,0.0000,-0.1238,0.9923,0.0000,0.0000,0.0000,1.0000,0.1624,0.1625,0.0548
102,8,15.1456,0.7674,0.4472,0.9923,0.1238,0.0000,-0.1238,0.9923,0.0000,0.0000,0.0000,1.0000,0.0831,0.2046,0.1050
102,9,15.1675,0.8369,0.4544,0.9923,0.1238,0.0000,-0.1238,0.9923,0.0000,0.0000,0.0000,1.0000,0.0210,0.0279,0.0569
102,10,15.2185,0.7829,0.4546,0.9923,0.1238,0.0000,-0.1238,0.9923,0.0000,0.0000,0.0000,1.0000,0.0210,0.0279,0.0569
103,0,14.8191,0.8002,0.4400,0.9920,0.1264,0.0000,-0.1264,0.9920,0.0000,0.0000,0.0000,1.0000,0.2577,0.2263,0.1400
103,1,14.8268,0.8041,0.6052,0.9920,0.1264,0.0000,-0.1264,0.9920,0.0000,0.0000,0.0000,1.0000,0.1100,0.2168,0.3052
103,2,14.9097,0.7539,0.5173,0.9920,0.1264,0.0000,-0.1264,0.9920,0.0000,0.0000,0.0000,1.0000,0.1101,0.3070,0.2173
103,3,14.9543,0.5814,0.5889,0.9920,0.1264,0.0000,-0.1264,0.9920,0.0000,0.0000,0.0000,1.0000,0.2836,0.2073,0.2889
103,4,15.0773,0.5502,0.5062,0.9920,0.1264,0.0000,-0.1264,0.9920,0.0000,0.0000,0.0000,1.0000,0.2820,0.2947,0.2062
103,5,15.2262,0.7071,0.6614,0.9920,0.1264,0.0000,-0.1264,0.9920,0.0000,0.0000,0.0000,1.0000,0.1112,0.2100,0.3614
103,6,15.3160,0.7382,0.4265,0.9920,0.1264,0.0000,-0.1264,0.9920,0.0000,0.0000,0.0000,1.0000,0.1972,0.1336,0.1265
103,7,15.4230,0.7603,0.4491,0.9920,0.1264,0.0000,-0.1264,0.9920,0.0000,0.0000,0.0000,1.0000,0.1624,0.1625,0.0548
103,8,15.4447,0.8066,0.4472,0.9920,0.1264,0.0000,-0.1264,0.9920,0.0000,0.0000,0.0000,1.0000,0.0831,0.2046,0.1050
103,9,15.4664,0.8762,0.4544,0.9920,0.1264,0.0000,-0.1264,0.9920,0.0000,0.0000,0.0000,1.0000,0.0210,0.0279,0.0569
103,10,15.5175,0.8223,0.4546,0.9920,0.1264,0.0000,-0.1264,0.9920,0.0000,0.0000,0.0000,1.0000,0.0210,0.0279,0.0569
104,0,15.1034,0.8366,0.4400,0.9917,0.1287,0.0000,-0.1287,0.9917,0.0000,0.0000,0.0000,1.0000,0.2577,0.2263,0.1400
104,1,15.1110,0.8406,0.6052,0.9917,0.1287,0.0000,-0.1287,0.9917,0.0000,0.0000,0.0000,1.0000,0.1100,0.2168,0.3052
104,2,15.1940,0.7905,0.5173,0.9917,0.1287,0.0000,-0.1287,0.9917,0.0000,0.0000,0.0000,1.0000,0.1101,0.3070,0.2173
104,3,15.2390,0.6182,0.5889,0.9917,0.1287,0.0000,-0.1287,0.9917,0.0000,0.0000,0.0000,1.0000,0.2836,0.2073,0.2889
104,4,15.3621,0.5873,0.5062,0.9917,0.1287,0.0000,-0.1287,0.9917,0.0000,0.0000,0.0000,1.0000,0.2820,0.2947,0.2062
104,5,15.5107,0.7445,0.6614,0.9917,0.1287,0.0000,-0.1287,0.9917,0.0000,0.0000,0.0000,1.0000,0.1112,0.2100,0.3614
104,6,15.6004,0.7758,0.4265,0.9917,0.1287,0.0000,-0.1287,0.9917,0.0000,0.0000,0.0000,1.0000,0.1972,0.1336,0.1265
104,7,15.7073,0.7981,0.4491,0.9917,0.1287,0.0000,-0.1287,0.9917,0.0000,0.0000,0.0000,1.0000,0.1624,0.1625,0.0548
104,8,15.7289,0.8445,0.4472,0.9917,0.1287,0.0000,-0.1287,0.9917,0.0000,0.0000,0.0000,1.0000,0.0831,0.2046,0.1050
104,9,15.7505,0.9142,0.4544,0.9917,0.1287,0.0000,-0.1287,0.9917,0.0000,0.0000,0.0000,1.0000,0.0210,0.0279,0.0569
104,10,15.8017,0.8604,0.4546,0.9917,0.1287,0.0000,-0.1287,0.9917,0.0000,0.0000,0.0000,1.0000,0.0210,0.0279,0.0569
105,0,15.3706,0.8715,0.4400,0.9914,0.1306,0.0000,-0.1306,0.9914,0.0000,0.0000,0.0000,1.0000,0.2577,0.2263,0.1400
105,1,15.3782,0.8754,0.6052,0.9914,0.1306,0.0000,-0.1306,0.9914,0.0000,0.0000,0.0000,1.0000,0.1100,0.2168,0.3052
105,2,15.4613,0.8256,0.5173,0.9914,0.1306,0.0000,-0.1306,0.9914,0.0000,0.0000,0.0000,1.0000,0.1101,0.3070,0.2173
105,3,15.5066,0.6533,0.5889,0.9914,0.1306,0.0000,-0.1306,0.9914,0.0000,0.0000,0.0000,1.0000,0.2836,0.2073,0.2889
105,4,15.6298,0.6226,0.5062,0.9914,0.1306,0.0000,-0.1306,0.9914,0.0000,0.0000,0.0000,1.0000,0.2820,0.2947,0.2062
105,5,15.7781,0.7801,0.6614,0.9914,0.1306,0.0000,-0.1306,0.9914,0.0000,0.0000,0.0000,1.0000,0.1112,0.2100,0.3614
105,6,15.8677,0.8116,0.4265,0.9914,0.1306,0.0000,-0.1306,0.9914,0.0000,0.0000,0.0000,1.0000,0.1972,0.1336,0.1265
105,7,15.9746,0.8342,0.4491,0.9914,0.1306,0.0000,-0.1306,0.9914,0.0000,0.0000,0.0000,1.0000,0.1624,0.1625,0.0548
105,8,15.9961,0.8806,0.4472,0.9914,0.1306,0.0000,-0.1306,0.9914,0.0000,0.0000,0.0000,1.0000,0.0831,0.2046,0.1050
105,9,16.0175,0.9503,0.4544,0.9914,0.1306,0.0000,-0.1306,0.9914,0.0000,0.0000,0.0000,1.0000,0.0210,0.0279,0.0569
105,10,16.0689,0.8966,0.4546,0.9914,0.1306,0.0000,-0.1306,0.9914,0.0000,0.0000,0.0000,1.0000,0.0210,0.0279,0.0569
106,0,15.6203,0.9045,0.4400,0.9912,0.1323,0.0000,-0.1323,0.9912,0.0000,0.0000,0.0000,1.0000,0.2577,0.2263,0.1400
106,1,15.6279,0.9085,0.6052,0.9912,0.1323,0.0000,-0.1323,0.9912,0.0000,0.0000,0.0000,1.0000,0.1100,0.2168,0.3052
106,2,15.7111,0.8588,0.5173,0.9912,0.1323,0.0000,-0.1323,0.9912,0.0000,0.0000,0.0000,1.0000,0.1101,0.3070,0.2173
106,3,15.7567,0.6866,0.5889,0.9912,0.1323,0.0000,-0.1323,0.9912,0.0000,0.0000,0.0000,1.0000,0.2836,0.2073,0.2889
106,4,15.8799,0.6561,0.5062,0.9912,0.1323,0.0000,-0.1323,0.9912,0.0000,0.0000,0.0000,1.0000,0.2820,0.2947,0.2062
106,5,16.0280,0.8139,0.6614,0.9912,0.1323,0.0000,-0.1323,0.9912,0.0000,0.0000,0.0000,1.0000,0.1112,0.2100,0.3614
106,6,16.1176,0.8455,0.4265,0.9912,0.1323,0.0000,-0.1323,0.9912,0.0000,0.0000,0.0000,1.0000,0.1972,0.1336,0.1265
106,7,16.2244,0.8683,0.4491,0.9912,0.1323,0.0000,-0.1323,0.9912,0.0000,0.0000,0.0000,1.0000,0.1624,0.1625,0.0548
106,8,16.2458,0.9147,0.4472,0.9912,0.1323,0.0000,-0.1323,0.9912,0.0000,0.0000,0.0000,1.0000,0.0831,0.2046,0.1050
106,9,16.2671,0.9844,0.4544,0.9912,0.1323,0.0000,-0.1323,0.9912,0.0000,0.0000,0.0000,1.0000,0.0210,0.0279,0.0569
106,10,16.3185,0.9309,0.4546,0.9912,0.1323,0.0000,-0.1323,0.9912,0.0000,0.0000,0.0000,1.0000,0.0210,0.0279,0.0569
107,0,15.8544,0.9359,0.4400,0.9910,0.1338,0.0000,-0.1338,0.9910,0.0000,0.0000,0.0000,1.0000,0.2577,0.2263,0.1400
107,1,15.8620,0.9399,0.6052,0.9910,0.1338,0.0000,-0.1338,0.9910,0.0000,0.0000,0.0000,1.0000,0.1100,0.2168,0.3052
107,2,15.9453,0.8903,0.5173,0.9910,0.1338,0.0000,-0.1338,0.9910,0.0000,0.0000,0.0000,1.0000,0.1101,0.3070,0.2173
107,3,15.9912,0.7181,0.5889,0.9910,0.1338,0.0000,-0.1338,0.9910,0.0000,0.0000,0.0000,1.0000,0.2836,0.2073,0.2889
107,4,16.1144,0.6879,0.5062,0.9910,0.1338,0.0000,-0.1338,0.9910,0.0000,0.0000,0.0000,1.0000,0.2820,0.2947,0.2062
107,5,16.2622,0.8459,0.6614,0.9910,0.1338,0.0000,-0.1338,0.9910,0.0000,0.0000,0.0000,1.0000,0.1112,0.2100,0.3614
107,6,16.3518,0.8776,0.4265,0.9910,0.1338,0.0000,-0.1338,0.9910,0.0000,0.0000,0.0000,1.0000,0.1972,0.1336,0.1265
107,7,16.4586,0.9005,0.4491,0.9910,0.1338,0.0000,-0.1338,0.9910,0.0000,0.0000,0.0000,1.0000,0.1624,0.1625,0.0548
107,8,16.4799,0.9470,0.4472,0.9910,0.1338,0.0000,-0.1338,0.9910,0.0000,0.0000,0.0000,1.0000,0.0831,0.2046,0.1050
107,9,16.5011,1.0168,0.4544,0.9910,0.1338,0.0000,-0.1338,0.9910,0.0000,0.0000,0.0000,1.0000,0.0210,0.0279,0.0569
107,10,16.5526,0.9633,0.4546,0.9910,0.1338,0.0000,-0.1338,0.9910,0.0000,0.0000,0.0000,1.0000,0.0210,0.0279,0.0569
108,0,16.0766,0.9660,0.4400,0.9908,0.1352,0.0000,-0.1352,0.9908,0.0000,0.0000,0.0000,1.0000,0.2577,0.2263,0.1400
108,1,16.0842,0.9700,0.6052,0.9908,0.1352,0.0000,-0.1352,0.9908,0.0000,0.0000,0.0000,1.0000,0.1100,0.2168,0.3052
108,2,16.1676,0.9205,0.5173,0.9908,0.1352,0.0000,-0.1352,0.9908,0.0000,0.0000,0.0000,1.0000,0.1101,0.3070,0.2173
108,3,16.2137,0.7484,0.5889,0.9908,0.1352,0.0000,-0.1352,0.9908,0.0000,0.0000,0.0000,1.0000,0.2836,0.2073,0.2889
108,4,16.3370,0.7183,0.5062,0.9908,0.1352,0.0000,-0.1352,0.9908,0.0000,0.0000,0.0000,1.0000,0.2820,0.2947,0.2062
108,5,16.4845,0.8765,0.6614,0.9908,0.1352,0.0000,-0.1352,0.9908,0.0000,0.0000,0.0000,1.0000,0.1112,0.2100,0.3614
108,6,16.5740,0.9084,0.4265,0.9908,0.1352,0.0000,-0.1352,0.9908,0.0000,0.0000,0.0000,1.0000,0.1972,0.1336,0.1265
108,7,16.6808,0.9315,0.4491,0.9908,0.1352,0.0000,-0.1352,0.9908,0.0000,0.0000,0.0000,1.0000,0.1624,0.1625,0.0548
108,8,16.7021,0.9780,0.4472,0.9908,0.1352,0.0000,-0.1352,0.9908,0.0000,0.0000,0.0000,1.0000,0.0831,0.2046,0.1050
108,9,16.7232,1.0478,0.4544,0.9908,0.1352,0.0000,-0.1352,0.9908,0.0000,0.0000,0.0000,1.0000,0.0210,0.0279,0.0569
108,10,16.7748,0.9943,0.4546,0.9908,0.1352,0.0000,-0.1352,0.9908,0.0000,0.0000,0.0000,1.0000,0.0210,0.0279,0.0569
109,0,16.2910,0.9954,0.4400,0.9906,0.1365,0.0000,-0.1365,0.9906,0.0000,0.0000,0.0000,1.0000,0.2577,0.2263,0.1400
109,1,16.2987,0.9993,0.6052,0.9906,0.1365,0.0000,-0.1365,0.9906,0.0000,0.0000,0.0000,1.0000,0.1100,0.2168,0.3052
109,2,16.3821,0.9500,0.5173,0.9906,0.1365,0.0000,-0.1365,0.9906,0.0000,0.0000,0.0000,1.0000,0.1101,0.3070,0.2173
109,3,16.4284,0.7780,0.5889,0.9906,0.1365,0.0000,-0.1365,0.9906,0.0000,0.0000,0.0000,1.0000,0.2836,0.2073,0.2889
109,4,16.5517,0.7480,0.5062,0.9906,0.1365,0.0000,-0.1365,0.9906,0.0000,0.0000,0.0000,1.0000,0.2820,0.2947,0.2062
109,5,16.6991,0.9064,0.6614,0.9906,0.1365,0.0000,-0.1365,0.9906,0.0000,0.0000,0.0000,1.0000,0.1112,0.2100,0.3614
109,6,16.7886,0.9384,0.4265,0.9906,0.1365,0.0000,-0.1365,0.9906,0.0000,0.0000,0.0000,1.0000,0.1972,0.1336,0.1265
109,7,16.8953,0.9616,0.4491,0.9906,0.1365,0.0000,-0.1365,0.9906,0.0000,0.0000,0.0000,1.0000,0.1624,0.1625,0.0548
109,8,16.9165,1.0082,0.4472,0.9906,0.1365,0.0000,-0.1365,0.9906,0.0000,0.0000,0.0000,1.0000,0.0831,0.2046,0.1050
109,9,16.9375,1.0780,0.4544,0.9906,0.1365,0.0000,-0.1365,0.9906,0.0000,0.0000,0.0000,1.0000,0.0210,0.0279,0.0569
109,10,16.9892,1.0246,0.4546,0.9906,0.1365,0.0000,-0.1365,0.9906,0.0000,0.0000,0.0000,1.0000,0.0210,0.0279,0.0569
110,0,16.5012,1.0244,0.4400,0.9905,0.1378,0.0000,-0.1378,0.9905,0.0000,0.0000,0.0000,1.0000,0.2577,0.2263,0.1400
110,1,16.5089,1.0284,0.6052,0.9905,0.1378,0.0000,-0.1378,0.9905,0.0000,0.0000,0.0000,1.0000,0.1100,0.2168,0.3052
110,2,16.5924,0.9791,0.5173,0.9905,0.1378,0.0000,-0.1378,0.9905,0.0000,0.0000,0.0000,1.0000,0.1101,0.3070,0.2173
110,3,16.6389,0.8072,0.5889,0.9905,0.1378,0.0000,-0.1378,0.9905,0.0000,0.0000,0.0000,1.0000,0.2836,0.2073,0.2889
110,4,16.7623,0.7774,0.5062,0.9905,0.1378,0.0000,-0.1378,0.9905,0.0000,0.0000,0.0000,1.0000,0.2820,0.2947,0.2062
110,5,16.9094,0.9360,0.6614,0.9905,0.1378,0.0000,-0.1378,0.9905,0.0000,0.0000,0.0000,1.0000,0.1112,0.2100,0.3614
110,6,16.9988,0.9681,0.4265,0.9905,0.1378,0.0000,-0.1378,0.9905,0.0000,0.0000,0.0000,1.0000,0.1972,0.1336,0.1265
110,7,17.1056,0.9915,0.4491,0.9905,0.1378,0.0000,-0.1378,0.9905,0.0000,0.0000,0.0000,1.0000,0.1624,0.1625,0.0548
110,8,17.1267,1.0380,0.4472,0.9905,0.1378,0.0000,-0.1378,0.9905,0.0000,0.0000,0.0000,1.0000,0.0831,0.2046,0.1050
110,9,17.1476,1.1079,0.4544,0.9905,0.1378,0.0000,-0.1378,0.9905,0.0000,0.0000,0.0000,1.0000,0.0210,0.0279,0.0569
110,10,17.1993,1.0546,0.4546,0.9905,0.1378,0.0000,-0.1378,0.9905,0.0000,0.0000,0.0000,1.0000,0.0210,0.0279,0.0569
111,0,16.7096,1.0535,0.4400,0.9903,0.1390,0.0000,-0.1390,0.9903,0.0000,0.0000,0.0000,1.0000,0.2577,0.2263,0.1400
111,1,16.7172,1.0575,0.6052,0.9903,0.1390,0.0000,-0.1390,0.9903,0.0000,0.0000,0.0000,1.0000,0.1100,0.2168,0.3052
111,2,16.8007,1.0083,0.5173,0.9903,0.1390,0.0000,-0.1390,0.9903,0.0000,0.0000,0.0000,1.0000,0.1101,0.3070,0.2173
111,3,16.8475,0.8364,0.5889,0.9903,0.1390,0.0000,-0.1390,0.9903,0.0000,0.0000,0.0000,1.0000,0.2836,0.2073,0.2889
111,4,16.9709,0.8068,0.5062,0.9903,0.1390,0.0000,-0.1390,0.9903,0.0000,0.0000,0.0000,1.0000,0.2820,0.2947,0.2062
111,5,17.1179,0.9656,0.6614,0.9903,0.1390,0.0000,-0.1390,0.9903,0.0000,0.0000,0.0000,1.0000,0.1112,0.2100,0.3614
111,6,17.2073,0.9978,0.4265,0.9903,0.1390,0.0000,-0.1390,0.9903,0.0000,0.0000,0.0000,1.0000,0.1972,0.1336,0.1265
111,7,17.3139,1.0213,0.4491,0.9903,0.1390,0.0000,-0.1390,0.9903,0.0000,0.0000,0.0000,1.0000,0.1624,0.1625,0.0548
111,8,17.3351,1.0679,0.4472,0.9903,0.1390,0.0000,-0.1390,0.9903,0.0000,0.0000,0.0000,1.0000,0.0831,0.2046,0.1050
111,9,17.3558,1.1377,0.4544,0.9903,0.1390,0.0000,-0.1390,0.9903,0.0000,0.0000,0.0000,1.0000,0.0210,0.0279,0.0569
111,10,17.4076,1.0845,0.4546,0.9903,0.1390,0.0000,-0.1390,0.9903,0.0000,0.0000,0.0000,1.0000,0.0210,0.0279,0.0569
112,0,16.9175,1.0827,0.4400,0.9901,0.1403,0.0000,-0.1403,0.9901,0.0000,0.0000,0.0000,1.0000,0.2577,0.2263,0.1400
112,1,16.9251,1.0867,0.6052,0.9901,0.1403,0.0000,-0.1403,0.9901,0.0000,0.0000,0.0000,1.0000,0.1100,0.2168,0.3052
112,2,17.0087,1.0377,0.5173,0.9901,0.1403,0.0000,-0.1403,0.9901,0.0000,0.0000,0.0000,1.0000,0.1101,0.3070,0.2173
112,3,17.0557,0.8659,0.5889,0.9901,0.1403,0.0000,-0.1403,0.9901,0.0000,0.0000,0.0000,1.0000,0.2836,0.2073,0.2889
112,4,17.1791,0.8364,0.5062,0.9901,0.1403,0.0000,-0.1403,0.9901,0.0000,0.0000,0.0000,1.0000,0.2820,0.2947,0.2062
112,5,17.3259,0.9954,0.6614,0.9901,0.1403,0.0000,-0.1403,0.9901,0.0000,0.0000,0.0000,1.0000,0.1112,0.2100,0.3614
112,6,17.4152,1.0277,0.4265,0.9901,0.1403,0.0000,-0.1403,0.9901,0.0000,0.0000,0.0000,1.0000,0.1972,0.1336,0.1265
112,7,17.5219,1.0513,0.4491,0.9901,0.1403,0.0000,-0.1403,0.9901,0.0000,0.0000,0.0000,1.0000,0.1624,0.1625,0.0548
112,8,17.5430,1.0979,0.4472,0.9901,0.1403,0.0000,-0.1403,0.9901,0.0000,0.0000,0.0000,1.0000,0.0831,0.2046,0.1050
112,9,17.5637,1.1678,0.4544,0.9901,0.1403,0.0000,-0.1403,0.9901,0.0000,0.0000,0.0000,1.0000,0.0210,0.0279,0.0569
112,10,17.6155,1.1147,0.4546,0.9901,0.1403,0.0000,-0.1403,0.9901,0.0000,0.0000,0.0000,1.0000,0.0210,0.0279,0.0569
113,0,17.1260,1.1124,0.4400,0.9899,0.1414,0.0000,-0.1414,0.9899,0.0000,0.0000,0.0000,1.0000,0.2577,0.2263,0.1400
113,1,17.1336,1.1164,0.6052,0.9899,0.1414,0.0000,-0.1414,0.9899,0.0000,0.0000,0.0000,1.0000,0.1100,0.2168,0.3052
113,2,17.2173,1.0674,0.5173,0.9899,0.1414,0.0000,-0.1414,0.9899,0.0000,0.0000,0.0000,1.0000,0.1101,0.3070,0.2173
113,3,17.2644,0.8957,0.5889,0.9899,0.1414,0.0000,-0.1414,0.9899,0.0000,0.0000,0.0000,1.0000,0.2836,0.2073,0.2889
113,4,17.3879,0.8663,0.5062,0.9899,0.1414,0.0000,-0.1414,0.9899,0.0000,0.0000,0.0000,1.0000,0.2820,0.2947,0.2062
113,5,17.5345,1.0255,0.6614,0.9899,0.1414,0.0000,-0.1414,0.9899,0.0000,0.0000,0.0000,1.0000,0.1112,0.2100,0.3614
113,6,17.6238,1.0579,0.4265,0.9899,0.1414,0.0000,-0.1414,0.9899,0.0000,0.0000,0.0000,1.0000,0.1972,0.1336,0.1265
113,7,17.7304,1.0816,0.4491,0.9899,0.1414,0.0000,-0.1414,0.9899,0.0000,0.0000,0.0000,1.0000,0.1624,0.1625,0.0548
113,8,17.7514,1.1283,0.4472,0.9899,0.1414,0.0000,-0.1414,0.9899,0.0000,0.0000,0.0000,1.0000,0.0831,0.2046,0.1050
113,9,17.7721,1.1982,0.4544,0.9899,0.1414,0.0000,-0.1414,0.9899,0.0000,0.0000,0.0000,1.0000,0.0210,0.0279,0.0569
113,10,17.8240,1.1451,0.4546,0.9899,0.1414,0.0000,-0.1414,0.9899,0.0000,0.0000,0.0000,1.0000,0.0210,0.0279,0.0569
114,0,17.3359,1.1424,0.4400,0.9897,0.1429,0.0000,-0.1429,0.9897,0.0000,0.0000,0.0000,1.0000,0.2577,0.2263,0.1400
114,1,17.3436,1.1465,0.6052,0.9897,0.1429,0.0000,-0.1429,0.9897,0.0000,0.0000,0.0000,1.0000,0.1100,0.2168,0.3052
114,2,17.4273,1.0976,0.5173,0.9897,0.1429,0.0000,-0.1429,0.9897,0.0000,0.0000,0.0000,1.0000,0.1101,0.3070,0.2173
114,3,17.4747,0.9259,0.5889,0.9897,0.1429,0.0000,-0.1429,0.9897,0.0000,0.0000,0.0000,1.0000,0.2836,0.2073,0.2889
114,4,17.5982,0.8968,0.5062,0.9897,0.1429,0.0000,-0.1429,0.9897,0.0000,0.0000,0.0000,1.0000,0.2820,0.2947,0.2062
114,5,17.7446,1.0561,0.6614,0.9897,0.1429,0.0000,-0.1429,0.9897,0.0000,0.0000,0.0000,1.0000,0.1112,0.2100,0.3614
114,6,17.8338,1.0887,0.4265,0.9897,0.1429,0.0000,-0.1429,0.9897,0.0000,0.0000,0.0000,1.0000,0.1972,0.1336,0.1265
114,7,17.9404,1.1126,0.4491,0.9897,0.1429,0.0000,-0.1429,0.9897,0.0000,0.0000,0.0000,1.0000,0.1624,0.1625,0.0548
114,8,17.9614,1.1593,0.4472,0.9897,0.1429,0.0000,-0.1429,0.9897,0.0000,0.0000,0.0000,1.0000,0.0831,0.2046,0.1050
114,9,17.9819,1.2292,0.4544,0.9897,0.1429,0.0000,-0.1429,0.9897,0.0000,0.0000,0.0000,1.0000,0.0210,0.0279,0.0569
114,10,18.0339,1.1762,0.4546,0.9897,0.1429,0.0000,-0.1429,0.9897,0.0000,0.0000,0.0000,1.0000,0.0210,0.0279,0.0569
115,0,17.5478,1.1731,0.4400,0.9895,0.1445,0.0000,-0.1445,0.9895,0.0000,0.0000,0.0000,1.0000,0.2577,0.2263,0.1400
115,1,17.5554,1.1772,0.6052,0.9895,0.1445,0.0000,-0.1445,0.9895,0.0000,0.0000,0.0000,1.0000,0.1100,0.2168,0.3052
115,2,17.6392,1.1285,0.5173,0.9895,0.1445,0.0000,-0.1445,0.9895,0.0000,0.0000,0.0000,1.0000,0.1101,0.3070,0.2173
115,3,17.6869,0.9569,0.5889,0.9895,0.1445,0.0000,-0.1445,0.9895,0.0000,0.0000,0.0000,1.0000,0.2836,0.2073,0.2889
115,4,17.8105,0.9279,0.5062,0.9895,0.1445,0.0000,-0.1445,0.9895,0.0000,0.0000,0.0000,1.0000,0.2820,0.2947,0.2062
115,5,17.9566,1.0875,0.6614,0.9895,0.1445,0.0000,-0.1445,0.9895,0.0000,0.0000,0.0000,1.0000,0.1112,0.2100,0.3614
115,6,18.0458,1.1202,0.4265,0.9895,0.1445,0.0000,-0.1445,0.9895,0.0000,0.0000,0.0000,1.0000,0.1972,0.1336,0.1265
115,7,18.1523,1.1443,0.4491,0.9895,0.1445,0.0000,-0.1445,0.9895,0.0000,0.0000,0.0000,1.0000,0.1624,0.1625,0.0548
115,8,18.1732,1.1910,0.4472,0.9895,0.1445,0.0000,-0.1445,0.9895,0.0000,0.0000,0.0000,1.0000,0.0831,0.2046,0.1050
115,9,18.1936,1.2610,0.4544,0.9895,0.1445,0.0000,-0.1445,0.9895,0.0000,0.0000,0.0000,1.0000,0.0210,0.0279,0.0569
115,10,18.2457,1.2081,0.4546,0.9895,0.1445,0.0000,-0.1445,0.9895,0.0000,0.0000,0.0000,1.0000,0.0210,0.0279,0.0569
116,0,17.7619,1.2045,0.4400,0.9893,0.1462,0.0000,-0.1462,0.9893,0.0000,0.0000,0.0000,1.0000,0.2577,0.2263,0.1400
116,1,17.7695,1.2086,0.6052,0.9893,0.1462,0.0000,-0.1462,0.9893,0.0000,0.0000,0.0000,1.0000,0.1100,0.2168,0.3052
116,2,17.8534,1.1600,0.5173,0.9893,0.1462,0.0000,-0.1462,0.9893,0.0000,0.0000,0.0000,1.0000,0.1101,0.3070,0.2173
116,3,17.9014,0.9885,0.5889,0.9893,0.1462,0.0000,-0.1462,0.9893,0.0000,0.0000,0.0000,1.0000,0.2836,0.2073,0.2889
116,4,18.0250,0.9598,0.5062,0.9893,0.1462,0.0000,-0.1462,0.9893,0.0000,0.0000,0.0000,1.0000,0.2820,0.2947,0.2062
116,5,18.1708,1.1196,0.6614,0.9893,0.1462,0.0000,-0.1462,0.9893,0.0000,0.0000,0.0000,1.0000,0.1112,0.2100,0.3614
116,6,18.2599,1.1525,0.4265,0.9893,0.1462,0.0000,-0.1462,0.9893,0.0000,0.0000,0.0000,1.0000,0.1972,0.1336,0.1265
116,7,18.3664,1.1767,0.4491,0.9893,0.1462,0.0000,-0.1462,0.9893,0.0000,0.0000,0.0000,1.0000,0.1624,0.1625,0.0548
116,8,18.3872,1.2234,0.4472,0.9893,0.1462,0.0000,-0.1462,0.9893,0.0000,0.0000,0.0000,1.0000,0.0831,0.2046,0.1050
116,9,18.4075,1.2935,0.4544,0.9893,0.1462,0.0000,-0.1462,0.9893,0.0000,0.0000,0.0000,1.0000,0.0210,0.0279,0.0569
116,10,18.4597,1.2406,0.4546,0.9893,0.1462,0.0000,-0.1462,0.9893,0.0000,0.0000,0.0000,1.0000,0.0210,0.0279,0.0569
117,0,17.9784,1.2366,0.4400,0.9890,0.1480,0.0000,-0.1480,0.9890,0.0000,0.0000,0.0000,1.0000,0.2577,0.2263,0.1400
117,1,17.9860,1.2407,0.6052,0.9890,0.1480,0.0000,-0.1480,0.9890,0.0000,0.0000,0.0000,1.0000,0.1100,0.2168,0.3052
117,2,18.0699,1.1923,0.5173,0.9890,0.1480,0.0000,-0.1480,0.9890,0.0000,0.0000,0.0000,1.0000,0.1101,0.3070,0.2173
117,3,18.1183,1.0209,0.5889,0.9890,0.1480,0.0000,-0.1480,0.9890,0.0000,0.0000,0.0000,1.0000,0.2836,0.2073,0.2889
117,4,18.2419,0.9924,0.5062,0.9890,0.1480,0.0000,-0.1480,0.9890,0.0000,0.0000,0.0000,1.0000,0.2820,0.2947,0.2062
117,5,18.3874,1.1525,0.6614,0.9890,0.1480,0.0000,-0.1480,0.9890,0.0000,0.0000,0.0000,1.0000,0.1112,0.2100,0.3614
117,6,18.4765,1.1855,0.4265,0.9890,0.1480,0.0000,-0.1480,0.9890,0.0000,0.0000,0.0000,1.0000,0.1972,0.1336,0.1265
117,7,18.5830,1.2099,0.4491,0.9890,0.1480,0.0000,-0.1480,0.9890,0.0000,0.0000,0.0000,1.0000,0.1624,0.1625,0.0548
117,8,18.6037,1.2567,0.4472,0.9890,0.1480,0.0000,-0.1480,0.9890,0.0000,0.0000,0.0000,1.0000,0.0831,0.2046,0.1050
117,9,18.6238,1.3268,0.4544,0.9890,0.1480,0.0000,-0.1480,0.9890,0.0000,0.0000,0.0000,1.0000,0.0210,0.0279,0.0569
117,10,18.6761,1.2740,0.4546,0.9890,0.1480,0.0000,-0.1480,0.9890,0.0000,0.0000,0.0000,1.0000,0.0210,0.0279,0.0569
118,0,18.1973,1.2696,0.4400,0.9887,0.1501,0.0000,-0.1501,0.9887,0.0000,0.0000,0.0000,1.0000,0.2577,0.2263,0.1400
118,1,18.2049,1.2736,0.6052,0.9887,0.1501,0.0000,-0.1501,0.9887,0.0000,0.0000,0.0000,1.0000,0.1100,0.2168,0.3052
118,2,18.2889,1.2254,0.5173,0.9887,0.1501,0.0000,-0.1501,0.9887,0.0000,0.0000,0.0000,1.0000,0.1101,0.3070,0.2173
118,3,18.3376,1.0541,0.5889,0.9887,0.1501,0.0000,-0.1501,0.9887,0.0000,0.0000,0.0000,1.0000,0.2836,0.2073,0.2889
118,4,18.4614,1.0258,0.5062,0.9887,0.1501,0.0000,-0.1501,0.9887,0.0000,0.0000,0.0000,1.0000,0.2820,0.2947,0.2062
118,5,18.6065,1.1862,0.6614,0.9887,0.1501,0.0000,-0.1501,0.9887,0.0000,0.0000,0.0000,1.0000,0.1112,0.2100,0.3614
118,6,18.6955,1.2195,0.4265,0.9887,0.1501,0.0000,-0.1501,0.9887,0.0000,0.0000,0.0000,1.0000,0.1972,0.1336,0.1265
118,7,18.8020,1.2441,0.4491,0.9887,0.1501,0.0000,-0.1501,0.9887,0.0000,0.0000,0.0000,1.0000,0.1624,0.1625,0.0548
118,8,18.8226,1.2910,0.4472,0.9887,0.1501,0.0000,-0.1501,0.9887,0.0000,0.0000,0.0000,1.0000,0.0831,0.2046,0.1050
118,9,18.8426,1.3610,0.4544,0.9887,0.1501,0.0000,-0.1501,0.9887,0.0000,0.0000,0.0000,1.0000,0.0210,0.0279,0.0569
118,10,18.8950,1.3084,0.4546,0.9887,0.1501,0.0000,-0.1501,0.9887,0.0000,0.0000,0.0000,1.0000,0.0210,0.0279,0.0569
119,0,18.4188,1.3034,0.4400,0.9883,0.1525,0.0000,-0.1525,0.9883,0.0000,0.0000,0.0000,1.0000,0.2577,0.2263,0.1400
119,1,18.4263,1.3075,0.6052,0.9883,0.1525,0.0000,-0.1525,0.9883,0.0000,0.0000,0.0000,1.0000,0.1100,0.2168,0.3052
119,2,18.5105,1.2594,0.5173,0.9883,0.1525,0.0000,-0.1525,0.9883,0.0000,0.0000,0.0000,1.0000,0.1101,0.3070,0.2173
119,3,18.5596,1.0882,0.5889,0.9883,0.1525,0.0000,-0.1525,0.9883,0.0000,0.0000,0.0000,1.0000,0.2836,0.2073,0.2889
119,4,18.6834,1.0603,0.5062,0.9883,0.1525,0.0000,-0.1525,0.9883,0.0000,0.0000,0.0000,1.0000,0.2820,0.2947,0.2062
119,5,18.8282,1.2210,0.6614,0.9883,0.1525,0.0000,-0.1525,0.9883,0.0000,0.0000,0.0000,1.0000,0.1112,0.2100,0.3614
119,6,18.9171,1.2545,0.4265,0.9883,0.1525,0.0000,-0.1525,0.9883,0.0000,0.0000,0.0000,1.0000,0.1972,0.1336,0.1265
119,7,19.0235,1.2794,0.4491,0.9883,0.1525,0.0000,-0.1525,0.9883,0.0000,0.0000,0.0000,1.0000,0.1624,0.1625,0.0548
119,8,19.0440,1.3263,0.4472,0.9883,0.1525,0.0000,-0.1525,0.9883,0.0000,0.0000,0.0000,1.0000,0.0831,0.2046,0.1050
119,9,19.0638,1.3964,0.4544,0.9883,0.1525,0.0000,-0.1525,0.9883,0.0000,0.0000,0.0000,1.0000,0.0210,0.0279,0.0569
119,10,19.1163,1.3439,0.4546,0.9883,0.1525,0.0000,-0.1525,0.9883,0.0000,0.0000,0.0000,1.0000,0.0210,0.0279,0.0569
120,0,18.6432,1.3382,0.4400,0.9879,0.1552,0.0000,-0.1552,0.9879,0.0000,0.0000,0.0000,1.0000,0.2577,0.2263,0.1400
120,1,18.6508,1.3423,0.6052,0.9879,0.1552,0.0000,-0.1552,0.9879,0.0000,0.0000,0.0000,1.0000,0.1100,0.2168,0.3052
120,2,18.7351,1.2945,0.5173,0.9879,0.1552,0.0000,-0.1552,0.9879,0.0000,0.0000,0.0000,1.0000,0.1101,0.3070,0.2173
120,3,18.7847,1.1234,0.5889,0.9879,0.1552,0.0000,-0.1552,0.9879,0.0000,0.0000,0.0000,1.0000,0.2836,0.2073,0.2889
120,4,18.9086,1.0958,0.5062,0.9879,0.1552,0.0000,-0.1552,0.9879,0.0000,0.0000,0.0000,1.0000,0.2820,0.2947,0.2062
120,5,19.0529,1.2570,0.6614,0.9879,0.1552,0.0000,-0.1552,0.9879,0.0000,0.0000,0.0000,1.0000,0.1112,0.2100,0.3614
120,6,19.1418,1.2907,0.4265,0.9879,0.1552,0.0000,-0.1552,0.9879,0.0000,0.0000,0.0000,1.0000,0.1972,0.1336,0.1265
120,7,19.2480,1.3159,0.4491,0.9879,0.1552,0.0000,-0.1552,0.9879,0.0000,0.0000,0.0000,1.0000,0.1624,0.1625,0.0548
120,8,19.2684,1.3628,0.4472,0.9879,0.1552,0.0000,-0.1552,0.9879,0.0000,0.0000,0.0000,1.0000,0.0831,0.2046,0.1050
120,9,19.2880,1.4330,0.4544,0.9879,0.1552,0.0000,-0.1552,0.9879,0.0000,0.0000,0.0000,1.0000,0.0210,0.0279,0.0569
120,10,19.3407,1.3806,0.4546,0.9879,0.1552,0.0000,-0.1552,0.9879,0.0000,0.0000,0.0000,1.0000,0.0210,0.0279,0.0569
121,0,18.8712,1.3742,0.4400,0.9874,0.1581,0.0000,-0.1581,0.9874,0.0000,0.0000,0.0000,1.0000,0.2577,0.2263,0.1400
121,1,18.8788,1.3784,0.6052,0.9874,0.1581,0.0000,-0.1581,0.9874,0.0000,0.0000,0.0000,1.0000,0.1100,0.2168,0.3052
121,2,18.9632,1.3308,0.5173,0.9874,0.1581,0.0000,-0.1581,0.9874,0.0000,0.0000,0.0000,1.0000,0.1101,0.3070,0.2173
121,3,19.0133,1.1599,0.5889,0.9874,0.1581,0.0000,-0.1581,0.9874,0.0000,0.0000,0.0000,1.0000,0.2836,0.2073,0.2889
121,4,19.1373,1.1327,0.5062,0.9874,0.1581,0.0000,-0.1581,0.9874,0.0000,0.0000,0.0000,1.0000,0.2820,0.2947,0.2062
121,5,19.2811,1.2942,0.6614,0.9874,0.1581,0.0000,-0.1581,0.9874,0.0000,0.0000,0.0000,1.0000,0.1112,0.2100,0.3614
121,6,19.3699,1.3282,0.4265,0.9874,0.1581,0.0000,-0.1581,0.9874,0.0000,0.0000,0.0000,1.0000,0.1972,0.1336,0.1265
121,7,19.4761,1.3537,0.4491,0.9874,0.1581,0.0000,-0.1581,0.9874,0.0000,0.0000,0.0000,1.0000,0.1624,0.1625,0.0548
121,8,19.4963,1.4007,0.4472,0.9874,0.1581,0.0000,-0.1581,0.9874,0.0000,0.0000,0.0000,1.0000,0.0831,0.2046,0.1050
121,9,19.5157,1.4710,0.4544,0.9874,0.1581,0.0000,-0.1581,0.9874,0.0000,0.0000,0.0000,1.0000,0.0210,0.0279,0.0569
121,10,19.5686,1.4188,0.4546,0.9874,0.1581,0.0000,-0.1581,0.9874,0.0000,0.0000,0.0000,1.0000,0.0210,0.0279,0.0569
122,0,19.1033,1.4117,0.4400,0.9869,0.1615,0.0000,-0.1615,0.9869,0.0000,0.0000,0.0000,1.0000,0.2577,0.2263,0.1400
122,1,19.1109,1.4158,0.6052,0.9869,0.1615,0.0000,-0.1615,0.9869,0.0000,0.0000,0.0000,1.0000,0.1100,0.2168,0.3052
122,2,19.1955,1.3686,0.5173,0.9869,0.1615,0.0000,-0.1615,0.9869,0.0000,0.0000,0.0000,1.0000,0.1101,0.3070,0.2173
122,3,19.2461,1.1978,0.5889,0.9869,0.1615,0.0000,-0.1615,0.9869,0.0000,0.0000,0.0000,1.0000,0.2836,0.2073,0.2889
122,4,19.3702,1.1710,0.5062,0.9869,0.1615,0.0000,-0.1615,0.9869,0.0000,0.0000,0.0000,1.0000,0.2820,0.2947,0.2062
122,5,19.5135,1.3331,0.6614,0.9869,0.1615,0.0000,-0.1615,0.9869,0.0000,0.0000,0.0000,1.0000,0.1112,0.2100,0.3614
122,6,19.6021,1.3673,0.4265,0.9869,0.1615,0.0000,-0.1615,0.9869,0.0000,0.0000,0.0000,1.0000,0.1972,0.1336,0.1265
122,7,19.7083,1.3932,0.4491,0.9869,0.1615,0.0000,-0.1615,0.9869,0.0000,0.0000,0.0000,1.0000,0.1624,0.1625,0.0548
122,8,19.7283,1.4403,0.4472,0.9869,0.1615,0.0000,-0.1615,0.9869,0.0000,0.0000,0.0000,1.0000,0.0831,0.2046,0.1050
122,9,19.7475,1.5106,0.4544,0.9869,0.1615,0.0000,-0.1615,0.9869,0.0000,0.0000,0.0000,1.0000,0.0210,0.0279,0.0569
122,10,19.8005,1.4586,0.4546,0.9869,0.1615,0.0000,-0.1615,0.9869,0.0000,0.0000,0.0000,1.0000,0.0210,0.0279,0.0569
123,0,19.3405,1.4508,0.4400,0.9863,0.1653,0.0000,-0.1653,0.9863,0.0000,0.0000,0.0000,1.0000,0.2577,0.2263,0.1400
123,1,19.3480,1.4550,0.6052,0.9863,0.1653,0.0000,-0.1653,0.9863,0.0000,0.0000,0.0000,1.0000,0.1100,0.2168,0.3052
123,2,19.4328,1.4081,0.5173,0.9863,0.1653,0.0000,-0.1653,0.9863,0.0000,0.0000,0.0000,1.0000,0.1101,0.3070,0.2173
123,3,19.4841,1.2375,0.5889,0.9863,0.1653,0.0000,-0.1653,0.9863,0.0000,0.0000,0.0000,1.0000,0.2836,0.2073,0.2889
123,4,19.6082,1.2111,0.5062,0.9863,0.1653,0.0000,-0.1653,0.9863,0.0000,0.0000,0.0000,1.0000,0.2820,0.2947,0.2062
123,5,19.7509,1.3738,0.6614,0.9863,0.1653,0.0000,-0.1653,0.9863,0.0000,0.0000,0.0000,1.0000,0.1112,0.2100,0.3614
123,6,19.8394,1.4084,0.4265,0.9863,0.1653,0.0000,-0.1653,0.9863,0.0000,0.0000,0.0000,1.0000,0.1972,0.1336,0.1265
123,7,19.9454,1.4346,0.4491,0.9863,0.1653,0.0000,-0.1653,0.9863,0.0000,0.0000,0.0000,1.0000,0.1624,0.1625,0.0548
123,8,19.9653,1.4818,0.4472,0.9863,0.1653,0.0000,-0.1653,0.9863,0.0000,0.0000,0.0000,1.0000,0.0831,0.2046,0.1050
123,9,19.9843,1.5522,0.4544,0.9863,0.1653,0.0000,-0.1653,0.9863,0.0000,0.0000,0.0000,1.0000,0.0210,0.0279,0.0569
123,10,20.0374,1.5003,0.4546,0.9863,0.1653,0.0000,-0.1653,0.9863,0.0000,0.0000,0.0000,1.0000,0.0210,0.0279,0.0569
124,0,19.5834,1.4919,0.4400,0.9855,0.1695,0.0000,-0.1695,0.9855,0.0000,0.0000,0.0000,1.0000,0.2577,0.2263,0.1400
124,1,19.5909,1.4961,0.6052,0.9855,0.1695,0.0000,-0.1695,0.9855,0.0000,0.0000,0.0000,1.0000,0.1100,0.2168,0.3052
124,2,19.6759,1.4495,0.5173,0.9855,0.1695,0.0000,-0.1695,0.9855,0.0000,0.0000,0.0000,1.0000,0.1101,0.3070,0.2173
124,3,19.7279,1.2792,0.5889,0.9855,0.1695,0.0000,-0.1695,0.9855,0.0000,0.0000,0.0000,1.0000,0.2836,0.2073,0.2889
124,4,19.8522,1.2534,0.5062,0.9855,0.1695,0.0000,-0.1695,0.9855,0.0000,0.0000,0.0000,1.0000,0.2820,0.2947,0.2062
124,5,19.9942,1.4166,0.6614,0.9855,0.1695,0.0000,-0.1695,0.9855,0.0000,0.0000,0.0000,1.0000,0.1112,0.2100,0.3614
124,6,20.0825,1.4516,0.4265,0.9855,0.1695,0.0000,-0.1695,0.9855,0.0000,0.0000,0.0000,1.0000,0.1972,0.1336,0.1265
124,7,20.1884,1.4783,0.4491,0.9855,0.1695,0.0000,-0.1695,0.9855,0.0000,0.0000,0.0000,1.0000,0.1624,0.1625,0.0548
124,8,20.2081,1.5255,0.4472,0.9855,0.1695,0.0000,-0.1695,0.9855,0.0000,0.0000,0.0000,1.0000,0.0831,0.2046,0.1050
124,9,20.2267,1.5960,0.4544,0.9855,0.1695,0.0000,-0.1695,0.9855,0.0000,0.0000,0.0000,1.0000,0.0210,0.0279,0.0569
124,10,20.2802,1.5444,0.4546,0.9855,0.1695,0.0000,-0.1695,0.9855,0.0000,0.0000,0.0000,1.0000,0.0210,0.0279,0.0569
125,0,19.8328,1.5352,0.4400,0.9847,0.1743,0.0000,-0.1743,0.9847,0.0000,0.0000,0.0000,1.0000,0.2577,0.2263,0.1400
125,1,19.8403,1.5395,0.6052,0.9847,0.1743,0.0000,-0.1743,0.9847,0.0000,0.0000,0.0000,1.0000,0.1100,0.2168,0.3052
125,2,19.9255,1.4933,0.5173,0.9847,0.1743,0.0000,-0.1743,0.9847,0.0000,0.0000,0.0000,1.0000,0.1101,0.3070,0.2173
125,3,19.9784,1.3232,0.5889,0.9847,0.1743,0.0000,-0.1743,0.9847,0.0000,0.0000,0.0000,1.0000,0.2836,0.2073,0.2889
125,4,20.1028,1.2980,0.5062,0.9847,0.1743,0.0000,-0.1743,0.9847,0.0000,0.0000,0.0000,1.0000,0.2820,0.2947,0.2062
125,5,20.2440,1.4619,0.6614,0.9847,0.1743,0.0000,-0.1743,0.9847,0.0000,0.0000,0.0000,1.0000,0.1112,0.2100,0.3614
125,6,20.3322,1.4973,0.4265,0.9847,0.1743,0.0000,-0.1743,0.9847,0.0000,0.0000,0.0000,1.0000,0.1972,0.1336,0.1265
125,7,20.4379,1.5246,0.4491,0.9847,0.1743,0.0000,-0.1743,0.9847,0.0000,0.0000,0.0000,1.0000,0.1624,0.1625,0.0548
125,8,20.4574,1.5719,0.4472,0.9847,0.1743,0.0000,-0.1743,0.9847,0.0000,0.0000,0.0000,1.0000,0.0831,0.2046,0.1050
125,9,20.4757,1.6425,0.4544,0.9847,0.1743,0.0000,-0.1743,0.9847,0.0000,0.0000,0.0000,1.0000,0.0210,0.0279,0.0569
125,10,20.5293,1.5911,0.4546,0.9847,0.1743,0.0000,-0.1743,0.9847,0.0000,0.0000,0.0000,1.0000,0.0210,0.0279,0.0569
126,0,20.0893,1.5811,0.4400,0.9838,0.1794,0.0000,-0.1794,0.9838,0.0000,0.0000,0.0000,1.0000,0.2577,0.2263,0.1400
126,1,20.0967,1.5854,0.6052,0.9838,0.1794,0.0000,-0.1794,0.9838,0.0000,0.0000,0.0000,1.0000,0.1100,0.2168,0.3052
126,2,20.1822,1.5397,0.5173,0.9838,0.1794,0.0000,-0.1794,0.9838,0.0000,0.0000,0.0000,1.0000,0.1101,0.3070,0.2173
126,3,20.2359,1.3699,0.5889,0.9838,0.1794,0.0000,-0.1794,0.9838,0.0000,0.0000,0.0000,1.0000,0.2836,0.2073,0.2889
126,4,20.3605,1.3453,0.5062,0.9838,0.1794,0.0000,-0.1794,0.9838,0.0000,0.0000,0.0000,1.0000,0.2820,0.2947,0.2062
126,5,20.5008,1.5100,0.6614,0.9838,0.1794,0.0000,-0.1794,0.9838,0.0000,0.0000,0.0000,1.0000,0.1112,0.2100,0.3614
126,6,20.5888,1.5458,0.4265,0.9838,0.1794,0.0000,-0.1794,0.9838,0.0000,0.0000,0.0000,1.0000,0.1972,0.1336,0.1265
126,7,20.6944,1.5736,0.4491,0.9838,0.1794,0.0000,-0.1794,0.9838,0.0000,0.0000,0.0000,1.0000,0.1624,0.1625,0.0548
126,8,20.7136,1.6210,0.4472,0.9838,0.1794,0.0000,-0.1794,0.9838,0.0000,0.0000,0.0000,1.0000,0.0831,0.2046,0.1050
126,9,20.7315,1.6917,0.4544,0.9838,0.1794,0.0000,-0.1794,0.9838,0.0000,0.0000,0.0000,1.0000,0.0210,0.0279,0.0569
126,10,20.7855,1.6407,0.4546,0.9838,0.1794,0.0000,-0.1794,0.9838,0.0000,0.0000,0.0000,1.0000,0.0210,0.0279,0.0569
127,0,20.3531,1.6297,0.4400,0.9827,0.1851,0.0000,-0.1851,0.9827,0.0000,0.0000,0.0000,1.0000,0.2577,0.2263,0.1400
127,1,20.3606,1.6341,0.6052,0.9827,0.1851,0.0000,-0.1851,0.9827,0.0000,0.0000,0.0000,1.0000,0.1100,0.2168,0.3052
127,2,20.4463,1.5889,0.5173,0.9827,0.1851,0.0000,-0.1851,0.9827,0.0000,0.0000,0.0000,1.0000,0.1101,0.3070,0.2173
127,3,20.5010,1.4194,0.5889,0.9827,0.1851,0.0000,-0.1851,0.9827,0.0000,0.0000,0.0000,1.0000,0.2836,0.2073,0.2889
127,4,20.6257,1.3956,0.5062,0.9827,0.1851,0.0000,-0.1851,0.9827,0.0000,0.0000,0.0000,1.0000,0.2820,0.2947,0.2062
127,5,20.7651,1.5610,0.6614,0.9827,0.1851,0.0000,-0.1851,0.9827,0.0000,0.0000,0.0000,1.0000,0.1112,0.2100,0.3614
127,6,20.8529,1.5974,0.4265,0.9827,0.1851,0.0000,-0.1851,0.9827,0.0000,0.0000,0.0000,1.0000,0.1972,0.1336,0.1265
127,7,20.9583,1.6258,0.4491,0.9827,0.1851,0.0000,-0.1851,0.9827,0.0000,0.0000,0.0000,1.0000,0.1624,0.1625,0.0548
127,8,20.9773,1.6733,0.4472,0.9827,0.1851,0.0000,-0.1851,0.9827,0.0000,0.0000,0.0000,1.0000,0.0831,0.2046,0.1050
127,9,20.9948,1.7441,0.4544,0.9827,0.1851,0.0000,-0.1851,0.9827,0.0000,0.0000,0.0000,1.0000,0.0210,0.0279,0.0569
127,10,21.0490,1.6933,0.4546,0.9827,0.1851,0.0000,-0.1851,0.9827,0.0000,0.0000,0.0000,1.0000,0.0210,0.0279,0.0569
128,0,0.3847,-0.0080,0.4400,1.0000,-0.0004,0.0000,0.0004,1.0000,0.0000,0.0000,0.0000,1.0000,0.2577,0.2263,0.1400
128,1,0.3928,-0.0051,0.6052,1.0000,-0.0004,0.0000,0.0004,1.0000,0.0000,0.0000,0.0000,1.0000,0.1100,0.2168,0.3052
128,2,0.4687,-0.0654,0.5173,1.0000,-0.0004,0.0000,0.0004,1.0000,0.0000,0.0000,0.0000,1.0000,0.1101,0.3070,0.2173
128,3,0.4910,-0.2421,0.5889,1.0000,-0.0004,0.0000,0.0004,1.0000,0.0000,0.0000,0.0000,1.0000,0.2836,0.2073,0.2889
128,4,0.6091,-0.2887,0.5062,1.0000,-0.0004,0.0000,0.0004,1.0000,0.0000,0.0000,0.0000,1.0000,0.2820,0.2947,0.2062
128,5,0.7767,-0.1519,0.6614,1.0000,-0.0004,0.0000,0.0004,1.0000,0.0000,0.0000,0.0000,1.0000,0.1112,0.2100,0.3614
128,6,0.8697,-0.1325,0.4265,1.0000,-0.0004,0.0000,0.0004,1.0000,0.0000,0.0000,0.0000,1.0000,0.1972,0.1336,0.1265
128,7,0.9786,-0.1241,0.4491,1.0000,-0.0004,0.0000,0.0004,1.0000,0.0000,0.0000,0.0000,1.0000,0.1624,0.1625,0.0548
128,8,1.0061,-0.0809,0.4472,1.0000,-0.0004,0.0000,0.0004,1.0000,0.0000,0.0000,0.0000,1.0000,0.0831,0.2046,0.1050
128,9,1.0364,-0.0147,0.4544,1.0000,-0.0004,0.0000,0.0004,1.0000,0.0000,0.0000,0.0000,1.0000,0.0210,0.0279,0.0569
128,10,1.0803,-0.0746,0.4546,1.0000,-0.0004,0.0000,0.0004,1.0000,0.0000,0.0000,0.0000,1.0000,0.0210,0.0279,0.0569
129,0,0.8104,-0.0083,0.4400,1.0000,-0.0011,0.0000,0.0011,1.0000,0.0000,0.0000,0.0000,1.0000,0.2577,0.2263,0.1400
129,1,0.8185,-0.0054,0.6052,1.0000,-0.0011,0.0000,0.0011,1.0000,0.0000,0.0000,0.0000,1.0000,0.1100,0.2168,0.3052
129,2,0.8943,-0.0658,0.5173,1.0000,-0.0011,0.0000,0.0011,1.0000,0.0000,0.0000,0.0000,1.0000,0.1101,0.3070,0.2173
129,3,0.9165,-0.2425,0.5889,1.0000,-0.0011,0.0000,0.0011,1.0000,0.0000,0.0000,0.0000,1.0000,0.2836,0.2073,0.2889
129,4,1.0346,-0.2891,0.5062,1.0000,-0.0011,0.0000,0.0011,1.0000,0.0000,0.0000,0.0000,1.0000,0.2820,0.2947,0.2062
129,5,1.2023,-0.1525,0.6614,1.0000,-0.0011,0.0000,0.0011,1.0000,0.0000,0.0000,0.0000,1.0000,0.1112,0.2100,0.3614
129,6,1.2953,-0.1331,0.4265,1.0000,-0.0011,0.0000,0.0011,1.0000,0.0000,0.0000,0.0000,1.0000,0.1972,0.1336,0.1265
129,7,1.4042,-0.1248,0.4491,1.0000,-0.0011,0.0000,0.0011,1.0000,0.0000,0.0000,0.0000,1.0000,0.1624,0.1625,0.0548
129,8,1.4317,-0.0817,0.4472,1.0000,-0.0011,0.0000,0.0011,1.0000,0.0000,0.0000,0.0000,1.0000,0.0831,0.2046,0.1050
129,9,1.4621,-0.0154,0.4544,1.0000,-0.0011,0.0000,0.0011,1.0000,0.0000,0.0000,0.0000,1.0000,0.0210,0.0279,0.0569
129,10,1.5059,-0.0754,0.4546,1.0000,-0.0011,0.0000,0.0011,1.0000,0.0000,0.0000,0.0000,1.0000,0.0210,0.0279,0.0569
130,0,1.2356,-0.0089,0.4400,1.0000,-0.0020,0.0000,0.0020,1.0000,0.0000,0.0000,0.0000,1.0000,0.2577,0.2263,0.1400
130,1,1.2437,-0.0060,0.6052,1.0000,-0.0020,0.0000,0.0020,1.0000,0.0000,0.0000,0.0000,1.0000,0.1100,0.2168,0.3052
130,2,1.3195,-0.0665,0.5173,1.0000,-0.0020,0.0000,0.0020,1.0000,0.0000,0.0000,0.0000,1.0000,0.1101,0.3070,0.2173
130,3,1.3415,-0.2432,0.5889,1.0000,-0.0020,0.0000,0.0020,1.0000,0.0000,0.0000,0.0000,1.0000,0.2836,0.2073,0.2889
130,4,1.4595,-0.2900,0.5062,1.0000,-0.0020,0.0000,0.0020,1.0000,0.0000,0.0000,0.0000,1.0000,0.2820,0.2947,0.2062
130,5,1.6274,-0.1535,0.6614,1.0000,-0.0020,0.0000,0.0020,1.0000,0.0000,0.0000,0.0000,1.0000,0.1112,0.2100,0.3614
130,6,1.7204,-0.1342,0.4265,1.0000,-0.0020,0.0000,0.0020,1.0000,0.0000,0.0000,0.0000,1.0000,0.1972,0.1336,0.1265
130,7,1.8294,-0.1260,0.4491,1.0000,-0.0020,0.0000,0.0020,1.0000,0.0000,0.0000,0.0000,1.0000,0.1624,0.1625,0.0548
130,8,1.8568,-0.0829,0.4472,1.0000,-0.0020,0.0000,0.0020,1.0000,0.0000,0.0000,0.0000,1.0000,0.0831,0.2046,0.1050
130,9,1.8873,-0.0166,0.4544,1.0000,-0.0020,0.0000,0.0020,1.0000,0.0000,0.0000,0.0000,1.0000,0.0210,0.0279,0.0569
130,10,1.9311,-0.0766,0.4546,1.0000,-0.0020,0.0000,0.0020,1.0000,0.0000,0.0000,0.0000,1.0000,0.0210,0.0279,0.0569
131,0,1.6599,-0.0099,0.4400,1.0000,-0.0028,0.0000,0.0028,1.0000,0.0000,0.0000,0.0000,1.0000,0.2577,0.2263,0.1400
131,1,1.6681,-0.0070,0.6052,1.0000,-0.0028,0.0000,0.0028,1.0000,0.0000,0.0000,0.0000,1.0000,0.1100,0.2168,0.3052
131,2,1.7438,-0.0675,0.5173,1.0000,-0.0028,0.0000,0.0028,1.0000,0.0000,0.0000,0.0000,1.0000,0.1101,0.3070,0.2173
131,3,1.7657,-0.2443,0.5889,1.0000,-0.0028,0.0000,0.0028,1.0000,0.0000,0.0000,0.0000,1.0000,0.2836,0.2073,0.2889
131,4,1.8837,-0.2911,0.5062,1.0000,-0.0028,0.0000,0.0028,1.0000,0.0000,0.0000,0.0000,1.0000,0.2820,0.2947,0.2062
131,5,2.0516,-0.1548,0.6614,1.0000,-0.0028,0.0000,0.0028,1.0000,0.0000,0.0000,0.0000,1.0000,0.1112,0.2100,0.3614
131,6,2.1447,-0.1356,0.4265,1.0000,-0.0028,0.0000,0.0028,1.0000,0.0000,0.0000,0.0000,1.0000,0.1972,0.1336,0.1265
131,7,2.2536,-0.1275,0.4491,1.0000,-0.0028,0.0000,0.0028,1.0000,0.0000,0.0000,0.0000,1.0000,0.1624,0.1625,0.0548
131,8,2.2811,-0.0843,0.4472,1.0000,-0.0028,0.0000,0.0028,1.0000,0.0000,0.0000,0.0000,1.0000,0.0831,0.2046,0.1050
131,9,2.3116,-0.0181,0.4544,1.0000,-0.0028,0.0000,0.0028,1.0000,0.0000,0.0000,0.0000,1.0000,0.0210,0.0279,0.0569
131,10,2.3554,-0.0781,0.4546,1.0000,-0.0028,0.0000,0.0028,1.0000,0.0000,0.0000,0.0000,1.0000,0.0210,0.0279,0.0569
132,0,2.0832,-0.0112,0.4400,1.0000,-0.0037,0.0000,0.0037,1.0000,0.0000,0.0000,0.0000,1.0000,0.2577,0.2263,0.1400
132,1,2.0914,-0.0084,0.6052,1.0000,-0.0037,0.0000,0.0037,1.0000,0.0000,0.0000,0.0000,1.0000,0.1100,0.2168,0.3052
132,2,2.1670,-0.0690,0.5173,1.0000,-0.0037,0.0000,0.0037,1.0000,0.0000,0.0000,0.0000,1.0000,0.1101,0.3070,0.2173
132,3,2.1888,-0.2457,0.5889,1.0000,-0.0037,0.0000,0.0037,1.0000,0.0000,0.0000,0.0000,1.0000,0.2836,0.2073,0.2889
132,4,2.3067,-0.2927,0.5062,1.0000,-0.0037,0.0000,0.0037,1.0000,0.0000,0.0000,0.0000,1.0000,0.2820,0.2947,0.2062
132,5,2.4748,-0.1565,0.6614,1.0000,-0.0037,0.0000,0.0037,1.0000,0.0000,0.0000,0.0000,1.0000,0.1112,0.2100,0.3614
132,6,2.5679,-0.1374,0.4265,1.0000,-0.0037,0.0000,0.0037,1.0000,0.0000,0.0000,0.0000,1.0000,0.1972,0.1336,0.1265
132,7,2.6768,-0.1294,0.4491,1.0000,-0.0037,0.0000,0.0037,1.0000,0.0000,0.0000,0.0000,1.0000,0.1624,0.1625,0.0548
132,8,2.7044,-0.0863,0.4472,1.0000,-0.0037,0.0000,0.0037,1.0000,0.0000,0.0000,0.0000,1.0000,0.0831,0.2046,0.1050
132,9,2.7349,-0.0201,0.4544,1.0000,-0.0037,0.0000,0.0037,1.0000,0.0000,0.0000,0.0000,1.0000,0.0210,0.0279,0.0569
132,10,2.7786,-0.0802,0.4546,1.0000,-0.0037,0.0000,0.0037,1.0000,0.0000,0.0000,0.0000,1.0000,0.0210,0.0279,0.0569
133,0,2.5054,-0.0129,0.4400,1.0000,-0.0045,0.0000,0.0045,1.0000,0.0000,0.0000,0.0000,1.0000,0.2577,0.2263,0.1400
133,1,2.5135,-0.0101,0.6052,1.0000,-0.0045,0.0000,0.0045,1.0000,0.0000,0.0000,0.0000,1.0000,0.1100,0.2168,0.3052
133,2,2.5892,-0.0707,0.5173,1.0000,-0.0045,0.0000,0.0045,1.0000,0.0000,0.0000,0.0000,1.0000,0.1101,0.3070,0.2173
133,3,2.6108,-0.2475,0.5889,1.0000,-0.0045,0.0000,0.0045,1.0000,0.0000,0.0000,0.0000,1.0000,0.2836,0.2073,0.2889
133,4,2.7287,-0.2945,0.5062,1.0000,-0.0045,0.0000,0.0045,1.0000,0.0000,0.0000,0.0000,1.0000,0.2820,0.2947,0.2062
133,5,2.8969,-0.1585,0.6614,1.0000,-0.0045,0.0000,0.0045,1.0000,0.0000,0.0000,0.0000,1.0000,0.1112,0.2100,0.3614
133,6,2.9900,-0.1394,0.4265,1.0000,-0.0045,0.0000,0.0045,1.0000,0.0000,0.0000,0.0000,1.0000,0.1972,0.1336,0.1265
133,7,3.0989,-0.1315,0.4491,1.0000,-0.0045,0.0000,0.0045,1.0000,0.0000,0.0000,0.0000,1.0000,0.1624,0.1625,0.0548
133,8,3.1265,-0.0884,0.4472,1.0000,-0.0045,0.0000,0.0045,1.0000,0.0000,0.0000,0.0000,1.0000,0.0831,0.2046,0.1050
133,9,3.1571,-0.0223,0.4544,1.0000,-0.0045,0.0000,0.0045,1.0000,0.0000,0.0000,0.0000,1.0000,0.0210,0.0279,0.0569
133,10,3.2007,-0.0823,0.4546,1.0000,-0.0045,0.0000,0.0045,1.0000,0.0000,0.0000,0.0000,1.0000,0.0210,0.0279,0.0569
134,0,2.9262,-0.0150,0.4400,1.0000,-0.0052,0.0000,0.0052,1.0000,0.0000,0.0000,0.0000,1.0000,0.2577,0.2263,0.1400
134,1,2.9343,-0.0121,0.6052,1.0000,-0.0052,0.0000,0.0052,1.0000,0.0000,0.0000,0.0000,1.0000,0.1100,0.2168,0.3052
134,2,3.0099,-0.0728,0.5173,1.0000,-0.0052,0.0000,0.0052,1.0000,0.0000,0.0000,0.0000,1.0000,0.1101,0.3070,0.2173
134,3,3.0313,-0.2496,0.5889,1.0000,-0.0052,0.0000,0.0052,1.0000,0.0000,0.0000,0.0000,1.0000,0.2836,0.2073,0.2889
134,4,3.1492,-0.2967,0.5062,1.0000,-0.0052,0.0000,0.0052,1.0000,0.0000,0.0000,0.0000,1.0000,0.2820,0.2947,0.2062
134,5,3.3175,-0.1608,0.6614,1.0000,-0.0052,0.0000,0.0052,1.0000,0.0000,0.0000,0.0000,1.0000,0.1112,0.2100,0.3614
134,6,3.4106,-0.1418,0.4265,1.0000,-0.0052,0.0000,0.0052,1.0000,0.0000,0.0000,0.0000,1.0000,0.1972,0.1336,0.1265
134,7,3.5196,-0.1340,0.4491,1.0000,-0.0052,0.0000,0.0052,1.0000,0.0000,0.0000,0.0000,1.0000,0.1624,0.1625,0.0548
134,8,3.5472,-0.0909,0.4472,1.0000,-0.0052,0.0000,0.0052,1.0000,0.0000,0.0000,0.0000,1.0000,0.0831,0.2046,0.1050
134,9,3.5778,-0.0248,0.4544,1.0000,-0.0052,0.0000,0.0052,1.0000,0.0000,0.0000,0.0000,1.0000,0.0210,0.0279,0.0569
134,10,3.6214,-0.0849,0.4546,1.0000,-0.0052,0.0000,0.0052,1.0000,0.0000,0.0000,0.0000,1.0000,0.0210,0.0279,0.0569
135,0,3.3442,-0.0173,0.4400,1.0000,-0.0060,0.0000,0.0060,1.0000,0.0000,0.0000,0.0000,1.0000,0.2577,0.2263,0.1400
135,1,3.3523,-0.0144,0.6052,1.0000,-0.0060,0.0000,0.0060,1.0000,0.0000,0.0000,0.0000,1.0000,0.1100,0.2168,0.3052
135,2,3.4278,-0.0752,0.5173,1.0000,-0.0060,0.0000,0.0060,1.0000,0.0000,0.0000,0.0000,1.0000,0.1101,0.3070,0.2173
135,3,3.4492,-0.2520,0.5889,1.0000,-0.0060,0.0000,0.0060,1.0000,0.0000,0.0000,0.0000,1.0000,0.2836,0.2073,0.2889
135,4,3.5670,-0.2992,0.5062,1.0000,-0.0060,0.0000,0.0060,1.0000,0.0000,0.0000,0.0000,1.0000,0.2820,0.2947,0.2062
135,5,3.7354,-0.1635,0.6614,1.0000,-0.0060,0.0000,0.0060,1.0000,0.0000,0.0000,0.0000,1.0000,0.1112,0.2100,0.3614
135,6,3.8285,-0.1445,0.4265,1.0000,-0.0060,0.0000,0.0060,1.0000,0.0000,0.0000,0.0000,1.0000,0.1972,0.1336,0.1265
135,7,3.9375,-0.1368,0.4491,1.0000,-0.0060,0.0000,0.0060,1.0000,0.0000,0.0000,0.0000,1.0000,0.1624,0.1625,0.0548
135,8,3.9651,-0.0937,0.4472,1.0000,-0.0060,0.0000,0.0060,1.0000,0.0000,0.0000,0.0000,1.0000,0.0831,0.2046,0.1050
135,9,3.9958,-0.0276,0.4544,1.0000,-0.0060,0.0000,0.0060,1.0000,0.0000,0.0000,0.0000,1.0000,0.0210,0.0279,0.0569
135,10,4.0394,-0.0878,0.4546,1.0000,-0.0060,0.0000,0.0060,1.0000,0.0000,0.0000,0.0000,1.0000,0.0210,0.0279,0.0569
136,0,3.7561,-0.0199,0.4400,1.0000,-0.0069,0.0000,0.0069,1.0000,0.0000,0.0000,0.0000,1.0000,0.2577,0.2263,0.1400
136,1,3.7643,-0.0171,0.6052,1.0000,-0.0069,0.0000,0.0069,1.0000,0.0000,0.0000,0.0000,1.0000,0.1100,0.2168,0.3052
136,2,3.8397,-0.0779,0.5173,1.0000,-0.0069,0.0000,0.0069,1.0000,0.0000,0.0000,0.0000,1.0000,0.1101,0.3070,0.2173
136,3,3.8609,-0.2548,0.5889,1.0000,-0.0069,0.0000,0.0069,1.0000,0.0000,0.0000,0.0000,1.0000,0.2836,0.2073,0.2889
136,4,3.9787,-0.3021,0.5062,1.0000,-0.0069,0.0000,0.0069,1.0000,0.0000,0.0000,0.0000,1.0000,0.2820,0.2947,0.2062
136,5,4.1472,-0.1664,0.6614,1.0000,-0.0069,0.0000,0.0069,1.0000,0.0000,0.0000,0.0000,1.0000,0.1112,0.2100,0.3614
136,6,4.2404,-0.1476,0.4265,1.0000,-0.0069,0.0000,0.0069,1.0000,0.0000,0.0000,0.0000,1.0000,0.1972,0.1336,0.1265
136,7,4.3493,-0.1399,0.4491,1.0000,-0.0069,0.0000,0.0069,1.0000,0.0000,0.0000,0.0000,1.0000,0.1624,0.1625,0.0548
136,8,4.3770,-0.0969,0.4472,1.0000,-0.0069,0.0000,0.0069,1.0000,0.0000,0.0000,0.0000,1.0000,0.0831,0.2046,0.1050
136,9,4.4078,-0.0308,0.4544,1.0000,-0.0069,0.0000,0.0069,1.0000,0.0000,0.0000,0.0000,1.0000,0.0210,0.0279,0.0569
136,10,4.4513,-0.0910,0.4546,1.0000,-0.0069,0.0000,0.0069,1.0000,0.0000,0.0000,0.0000,1.0000,0.0210,0.0279,0.0569
137,0,4.1570,-0.0228,0.4400,1.0000,-0.0077,0.0000,0.0077,1.0000,0.0000,0.0000,0.0000,1.0000,0.2577,0.2263,0.1400
137,1,4.1651,-0.0200,0.6052,1.0000,-0.0077,0.0000,0.0077,1.0000,0.0000,0.0000,0.0000,1.0000,0.1100,0.2168,0.3052
137,2,4.2406,-0.0809,0.5173,1.0000,-0.0077,0.0000,0.0077,1.0000,0.0000,0.0000,0.0000,1.0000,0.1101,0.3070,0.2173
137,3,4.2616,-0.2577,0.5889,1.0000,-0.0077,0.0000,0.0077,1.0000,0.0000,0.0000,0.0000,1.0000,0.2836,0.2073,0.2889
137,4,4.3794,-0.3051,0.5062,1.0000,-0.0077,0.0000,0.0077,1.0000,0.0000,0.0000,0.0000,1.0000,0.2820,0.2947,0.2062
137,5,4.5480,-0.1696,0.6614,1.0000,-0.0077,0.0000,0.0077,1.0000,0.0000,0.0000,0.0000,1.0000,0.1112,0.2100,0.3614
137,6,4.6412,-0.1508,0.4265,1.0000,-0.0077,0.0000,0.0077,1.0000,0.0000,0.0000,0.0000,1.0000,0.1972,0.1336,0.1265
137,7,4.7501,-0.1433,0.4491,1.0000,-0.0077,0.0000,0.0077,1.0000,0.0000,0.0000,0.0000,1.0000,0.1624,0.1625,0.0548
137,8,4.7778,-0.1003,0.4472,1.0000,-0.0077,0.0000,0.0077,1.0000,0.0000,0.0000,0.0000,1.0000,0.0831,0.2046,0.1050
137,9,4.8087,-0.0342,0.4544,1.0000,-0.0077,0.0000,0.0077,1.0000,0.0000,0.0000,0.0000,1.0000,0.0210,0.0279,0.0569
137,10,4.8521,-0.0944,0.4546,1.0000,-0.0077,0.0000,0.0077,1.0000,0.0000,0.0000,0.0000,1.0000,0.0210,0.0279,0.0569
138,0,4.5427,-0.0258,0.4400,1.0000,-0.0081,0.0000,0.0081,1.0000,0.0000,0.0000,0.0000,1.0000,0.2577,0.2263,0.1400
138,1,4.5509,-0.0230,0.6052,1.0000,-0.0081,0.0000,0.0081,1.0000,0.0000,0.0000,0.0000,1.0000,0.1100,0.2168,0.3052
138,2,4.6263,-0.0839,0.5173,1.0000,-0.0081,0.0000,0.0081,1.0000,0.0000,0.0000,0.0000,1.0000,0.1101,0.3070,0.2173
138,3,4.6472,-0.2608,0.5889,1.0000,-0.0081,0.0000,0.0081,1.0000,0.0000,0.0000,0.0000,1.0000,0.2836,0.2073,0.2889
138,4,4.7649,-0.3083,0.5062,1.0000,-0.0081,0.0000,0.0081,1.0000,0.0000,0.0000,0.0000,1.0000,0.2820,0.2947,0.2062
138,5,4.9337,-0.1728,0.6614,1.0000,-0.0081,0.0000,0.0081,1.0000,0.0000,0.0000,0.0000,1.0000,0.1112,0.2100,0.3614
138,6,5.0268,-0.1541,0.4265,1.0000,-0.0081,0.0000,0.0081,1.0000,0.0000,0.0000,0.0000,1.0000,0.1972,0.1336,0.1265
138,7,5.1358,-0.1466,0.4491,1.0000,-0.0081,0.0000,0.0081,1.0000,0.0000,0.0000,0.0000,1.0000,0.1624,0.1625,0.0548
138,8,5.1635,-0.1036,0.4472,1.0000,-0.0081,0.0000,0.0081,1.0000,0.0000,0.0000,0.0000,1.0000,0.0831,0.2046,0.1050
138,9,5.1944,-0.0375,0.4544,1.0000,-0.0081,0.0000,0.0081,1.0000,0.0000,0.0000,0.0000,1.0000,0.0210,0.0279,0.0569
138,10,5.2378,-0.0978,0.4546,1.0000,-0.0081,0.0000,0.0081,1.0000,0.0000,0.0000,0.0000,1.0000,0.0210,0.0279,0.0569
139,0,4.9140,-0.0289,0.4400,1.0000,-0.0086,0.0000,0.0086,1.0000,0.0000,0.0000,0.0000,1.0000,0.2577,0.2263,0.1400
139,1,4.9222,-0.0261,0.6052,1.0000,-0.0086,0.0000,0.0086,1.0000,0.0000,0.0000,0.0000,1.0000,0.1100,0.2168,0.3052
139,2,4.9975,-0.0870,0.5173,1.0000,-0.0086,0.0000,0.0086,1.0000,0.0000,0.0000,0.0000,1.0000,0.1101,0.3070,0.2173
139,3,5.0184,-0.2639,0.5889,1.0000,-0.0086,0.0000,0.0086,1.0000,0.0000,0.0000,0.0000,1.0000,0.2836,0.2073,0.2889
139,4,5.1361,-0.3114,0.5062,1.0000,-0.0086,0.0000,0.0086,1.0000,0.0000,0.0000,0.0000,1.0000,0.2820,0.2947,0.2062
139,5,5.3049,-0.1761,0.6614,1.0000,-0.0086,0.0000,0.0086,1.0000,0.0000,0.0000,0.0000,1.0000,0.1112,0.2100,0.3614
139,6,5.3981,-0.1574,0.4265,1.0000,-0.0086,0.0000,0.0086,1.0000,0.0000,0.0000,0.0000,1.0000,0.1972,0.1336,0.1265
139,7,5.5070,-0.1499,0.4491,1.0000,-0.0086,0.0000,0.0086,1.0000,0.0000,0.0000,0.0000,1.0000,0.1624,0.1625,0.0548
139,8,5.5348,-0.1069,0.4472,1.0000,-0.0086,0.0000,0.0086,1.0000,0.0000,0.0000,0.0000,1.0000,0.0831,0.2046,0.1050
139,9,5.5657,-0.0409,0.4544,1.0000,-0.0086,0.0000,0.0086,1.0000,0.0000,0.0000,0.0000,1.0000,0.0210,0.0279,0.0569
139,10,5.6090,-0.1012,0.4546,1.0000,-0.0086,0.0000,0.0086,1.0000,0.0000,0.0000,0.0000,1.0000,0.0210,0.0279,0.0569
140,0,5.2755,-0.0320,0.4400,1.0000,-0.0086,0.0000,0.0086,1.0000,0.0000,0.0000,0.0000,1.0000,0.2577,0.2263,0.1400
140,1,5.2836,-0.0292,0.6052,1.0000,-0.0086,0.0000,0.0086,1.0000,0.0000,0.0000,0.0000,1.0000,0.1100,0.2168,0.3052
140,2,5.3590,-0.0901,0.5173,1.0000,-0.0086,0.0000,0.0086,1.0000,0.0000,0.0000,0.0000,1.0000,0.1101,0.3070,0.2173
140,3,5.3799,-0.2670,0.5889,1.0000,-0.0086,0.0000,0.0086,1.0000,0.0000,0.0000,0.0000,1.0000,0.2836,0.2073,0.2889
140,4,5.4976,-0.3146,0.5062,1.0000,-0.0086,0.0000,0.0086,1.0000,0.0000,0.0000,0.0000,1.0000,0.2820,0.2947,0.2062
140,5,5.6664,-0.1792,0.6614,1.0000,-0.0086,0.0000,0.0086,1.0000,0.0000,0.0000,0.0000,1.0000,0.1112,0.2100,0.3614
140,6,5.7595,-0.1605,0.4265,1.0000,-0.0086,0.0000,0.0086,1.0000,0.0000,0.0000,0.0000,1.0000,0.1972,0.1336,0.1265
140,7,5.8685,-0.1531,0.4491,1.0000,-0.0086,0.0000,0.0086,1.0000,0.0000,0.0000,0.0000,1.0000,0.1624,0.1625,0.0548
140,8,5.8963,-0.1101,0.4472,1.0000,-0.0086,0.0000,0.0086,1.0000,0.0000,0.0000,0.0000,1.0000,0.0831,0.2046,0.1050
140,9,5.9271,-0.0441,0.4544,1.0000,-0.0086,0.0000,0.0086,1.0000,0.0000,0.0000,0.0000,1.0000,0.0210,0.0279,0.0569
140,10,5.9705,-0.1043,0.4546,1.0000,-0.0086,0.0000,0.0086,1.0000,0.0000,0.0000,0.0000,1.0000,0.0210,0.0279,0.0569
141,0,5.6316,-0.0351,0.4400,1.0000,-0.0087,0.0000,0.0087,1.0000,0.0000,0.0000,0.0000,1.0000,0.2577,0.2263,0.1400
141,1,5.6397,-0.0323,0.6052,1.0000,-0.0087,0.0000,0.0087,1.0000,0.0000,0.0000,0.0000,1.0000,0.1100,0.2168,0.3052
141,2,5.7151,-0.0932,0.5173,1.0000,-0.0087,0.0000,0.0087,1.0000,0.0000,0.0000,0.0000,1.0000,0.1101,0.3070,0.2173
141,3,5.7359,-0.2701,0.5889,1.0000,-0.0087,0.0000,0.0087,1.0000,0.0000,0.0000,0.0000,1.0000,0.2836,0.2073,0.2889
141,4,5.8536,-0.3177,0.5062,1.0000,-0.0087,0.0000,0.0087,1.0000,0.0000,0.0000,0.0000,1.0000,0.2820,0.2947,0.2062
141,5,6.0224,-0.1823,0.6614,1.0000,-0.0087,0.0000,0.0087,1.0000,0.0000,0.0000,0.0000,1.0000,0.1112,0.2100,0.3614
141,6,6.1156,-0.1636,0.4265,1.0000,-0.0087,0.0000,0.0087,1.0000,0.0000,0.0000,0.0000,1.0000,0.1972,0.1336,0.1265
141,7,6.2245,-0.1562,0.4491,1.0000,-0.0087,0.0000,0.0087,1.0000,0.0000,0.0000,0.0000,1.0000,0.1624,0.1625,0.0548
141,8,6.2523,-0.1132,0.4472,1.0000,-0.0087,0.0000,0.0087,1.0000,0.0000,0.0000,0.0000,1.0000,0.0831,0.2046,0.1050
141,9,6.2832,-0.0472,0.4544,1.0000,-0.0087,0.0000,0.0087,1.0000,0.0000,0.0000,0.0000,1.0000,0.0210,0.0279,0.0569
141,10,6.3266,-0.1075,0.4546,1.0000,-0.0087,0.0000,0.0087,1.0000,0.0000,0.0000,0.0000,1.0000,0.0210,0.0279,0.0569
142,0,5.9845,-0.0382,0.4400,1.0000,-0.0086,0.0000,0.0086,1.0000,0.0000,0.0000,0.0000,1.0000,0.2577,0.2263,0.1400
142,1,5.9927,-0.0353,0.6052,1.0000,-0.0086,0.0000,0.0086,1.0000,0.0000,0.0000,0.0000,1.0000,0.1100,0.2168,0.3052
142,2,6.0680,-0.0963,0.5173,1.0000,-0.0086,0.0000,0.0086,1.0000,0.0000,0.0000,0.0000,1.0000,0.1101,0.3070,0.2173
142,3,6.0889,-0.2732,0.5889,1.0000,-0.0086,0.0000,0.0086,1.0000,0.0000,0.0000,0.0000,1.0000,0.2836,0.2073,0.2889
142,4,6.2066,-0.3207,0.5062,1.0000,-0.0086,0.0000,0.0086,1.0000,0.0000,0.0000,0.0000,1.0000,0.2820,0.2947,0.2062
142,5,6.3754,-0.1853,0.6614,1.0000,-0.0086,0.0000,0.0086,1.0000,0.0000,0.0000,0.0000,1.0000,0.1112,0.2100,0.3614
142,6,6.4686,-0.1666,0.4265,1.0000,-0.0086,0.0000,0.0086,1.0000,0.0000,0.0000,0.0000,1.0000,0.1972,0.1336,0.1265
142,7,6.5775,-0.1592,0.4491,1.0000,-0.0086,0.0000,0.0086,1.0000,0.0000,0.0000,0.0000,1.0000,0.1624,0.1625,0.0548
142,8,6.6053,-0.1162,0.4472,1.0000,-0.0086,0.0000,0.0086,1.0000,0.0000,0.0000,0.0000,1.0000,0.0831,0.2046,0.1050
142,9,6.6362,-0.0502,0.4544,1.0000,-0.0086,0.0000,0.0086,1.0000,0.0000,0.0000,0.0000,1.0000,0.0210,0.0279,0.0569
142,10,6.6795,-0.1104,0.4546,1.0000,-0.0086,0.0000,0.0086,1.0000,0.0000,0.0000,0.0000,1.0000,0.0210,0.0279,0.0569
143,0,6.3350,-0.0411,0.4400,1.0000,-0.0083,0.0000,0.0083,1.0000,0.0000,0.0000,0.0000,1.0000,0.2577,0.2263,0.1400
143,1,6.3432,-0.0383,0.6052,1.0000,-0.0083,0.0000,0.0083,1.0000,0.0000,0.0000,0.0000,1.0000,0.1100,0.2168,0.3052
143,2,6.4185,-0.0992,0.5173,1.0000,-0.0083,0.0000,0.0083,1.0000,0.0000,0.0000,0.0000,1.0000,0.1101,0.3070,0.2173
143,3,6.4395,-0.2761,0.5889,1.0000,-0.0083,0.0000,0.0083,1.0000,0.0000,0.0000,0.0000,1.0000,0.2836,0.2073,0.2889
143,4,6.5572,-0.3236,0.5062,1.0000,-0.0083,0.0000,0.0083,1.0000,0.0000,0.0000,0.0000,1.0000,0.2820,0.2947,0.2062
143,5,6.7259,-0.1882,0.6614,1.0000,-0.0083,0.0000,0.0083,1.0000,0.0000,0.0000,0.0000,1.0000,0.1112,0.2100,0.3614
143,6,6.8191,-0.1695,0.4265,1.0000,-0.0083,0.0000,0.0083,1.0000,0.0000,0.0000,0.0000,1.0000,0.1972,0.1336,0.1265
143,7,6.9280,-0.1620,0.4491,1.0000,-0.0083,0.0000,0.0083,1.0000,0.0000,0.0000,0.0000,1.0000,0.1624,0.1625,0.0548
143,8,6.9558,-0.1190,0.4472,1.0000,-0.0083,0.0000,0.0083,1.0000,0.0000,0.0000,0.0000,1.0000,0.0831,0.2046,0.1050
143,9,6.9867,-0.0529,0.4544,1.0000,-0.0083,0.0000,0.0083,1.0000,0.0000,0.0000,0.0000,1.0000,0.0210,0.0279,0.0569
143,10,7.0301,-0.1132,0.4546,1.0000,-0.0083,0.0000,0.0083,1.0000,0.0000,0.0000,0.0000,1.0000,0.0210,0.0279,0.0569
144,0,6.6829,-0.0440,0.4400,1.0000,-0.0079,0.0000,0.0079,1.0000,0.0000,0.0000,0.0000,1.0000,0.2577,0.2263,0.1400
144,1,6.6910,-0.0411,0.6052,1.0000,-0.0079,0.0000,0.0079,1.0000,0.0000,0.0000,0.0000,1.0000,0.1100,0.2168,0.3052
144,2,6.7664,-0.1020,0.5173,1.0000,-0.0079,0.0000,0.0079,1.0000,0.0000,0.0000,0.0000,1.0000,0.1101,0.3070,0.2173
144,3,6.7874,-0.2789,0.5889,1.0000,-0.0079,0.0000,0.0079,1.0000,0.0000,0.0000,0.0000,1.0000,0.2836,0.2073,0.2889
144,4,6.9052,-0.3263,0.5062,1.0000,-0.0079,0.0000,0.0079,1.0000,0.0000,0.0000,0.0000,1.0000,0.2820,0.2947,0.2062
144,5,7.0739,-0.1909,0.6614,1.0000,-0.0079,0.0000,0.0079,1.0000,0.0000,0.0000,0.0000,1.0000,0.1112,0.2100,0.3614
144,6,7.1670,-0.1721,0.4265,1.0000,-0.0079,0.0000,0.0079,1.0000,0.0000,0.0000,0.0000,1.0000,0.1972,0.1336,0.1265
144,7,7.2760,-0.1646,0.4491,1.0000,-0.0079,0.0000,0.0079,1.0000,0.0000,0.0000,0.0000,1.0000,0.1624,0.1625,0.0548
144,8,7.3037,-0.1216,0.4472,1.0000,-0.0079,0.0000,0.0079,1.0000,0.0000,0.0000,0.0000,1.0000,0.0831,0.2046,0.1050
144,9,7.3345,-0.0555,0.4544,1.0000,-0.0079,0.0000,0.0079,1.0000,0.0000,0.0000,0.0000,1.0000,0.0210,0.0279,0.0569
144,10,7.3780,-0.1158,0.4546,1.0000,-0.0079,0.0000,0.0079,1.0000,0.0000,0.0000,0.0000,1.0000,0.0210,0.0279,0.0569
145,0,7.0281,-0.0466,0.4400,1.0000,-0.0074,0.0000,0.0074,1.0000,0.0000,0.0000,0.0000,1.0000,0.2577,0.2263,0.1400
145,1,7.0362,-0.0438,0.6052,1.0000,-0.0074,0.0000,0.0074,1.0000,0.0000,0.0000,0.0000,1.0000,0.1100,0.2168,0.3052
145,2,7.1117,-0.1046,0.5173,1.0000,-0.0074,0.0000,0.0074,1.0000,0.0000,0.0000,0.0000,1.0000,0.1101,0.3070,0.2173
145,3,7.1328,-0.2815,0.5889,1.0000,-0.0074,0.0000,0.0074,1.0000,0.0000,0.0000,0.0000,1.0000,0.2836,0.2073,0.2889
145,4,7.2505,-0.3289,0.5062,1.0000,-0.0074,0.0000,0.0074,1.0000,0.0000,0.0000,0.0000,1.0000,0.2820,0.2947,0.2062
145,5,7.4191,-0.1933,0.6614,1.0000,-0.0074,0.0000,0.0074,1.0000,0.0000,0.0000,0.0000,1.0000,0.1112,0.2100,0.3614
145,6,7.5123,-0.1745,0.4265,1.0000,-0.0074,0.0000,0.0074,1.0000,0.0000,0.0000,0.0000,1.0000,0.1972,0.1336,0.1265
145,7,7.6212,-0.1669,0.4491,1.0000,-0.0074,0.0000,0.0074,1.0000,0.0000,0.0000,0.0000,1.0000,0.1624,0.1625,0.0548
145,8,7.6490,-0.1239,0.4472,1.0000,-0.0074,0.0000,0.0074,1.0000,0.0000,0.0000,0.0000,1.0000,0.0831,0.2046,0.1050
145,9,7.6797,-0.0578,0.4544,1.0000,-0.0074,0.0000,0.0074,1.0000,0.0000,0.0000,0.0000,1.0000,0.0210,0.0279,0.0569
145,10,7.7232,-0.1181,0.4546,1.0000,-0.0074,0.0000,0.0074,1.0000,0.0000,0.0000,0.0000,1.0000,0.0210,0.0279,0.0569
146,0,7.3708,-0.0491,0.4400,1.0000,-0.0068,0.0000,0.0068,1.0000,0.0000,0.0000,0.0000,1.0000,0.2577,0.2263,0.1400
146,1,7.3790,-0.0462,0.6052,1.0000,-0.0068,0.0000,0.0068,1.0000,0.0000,0.0000,0.0000,1.0000,0.1100,0.2168,0.3052
146,2,7.4545,-0.1071,0.5173,1.0000,-0.0068,0.0000,0.0068,1.0000,0.0000,0.0000,0.0000,1.0000,0.1101,0.3070,0.2173
146,3,7.4757,-0.2839,0.5889,1.0000,-0.0068,0.0000,0.0068,1.0000,0.0000,0.0000,0.0000,1.0000,0.2836,0.2073,0.2889
146,4,7.5934,-0.3312,0.5062,1.0000,-0.0068,0.0000,0.0068,1.0000,0.0000,0.0000,0.0000,1.0000,0.2820,0.2947,0.2062
146,5,7.7620,-0.1956,0.6614,1.0000,-0.0068,0.0000,0.0068,1.0000,0.0000,0.0000,0.0000,1.0000,0.1112,0.2100,0.3614
146,6,7.8551,-0.1767,0.4265,1.0000,-0.0068,0.0000,0.0068,1.0000,0.0000,0.0000,0.0000,1.0000,0.1972,0.1336,0.1265
146,7,7.9640,-0.1690,0.4491,1.0000,-0.0068,0.0000,0.0068,1.0000,0.0000,0.0000,0.0000,1.0000,0.1624,0.1625,0.0548
146,8,7.9917,-0.1260,0.4472,1.0000,-0.0068,0.0000,0.0068,1.0000,0.0000,0.0000,0.0000,1.0000,0.0831,0.2046,0.1050
146,9,8.0225,-0.0599,0.4544,1.0000,-0.0068,0.0000,0.0068,1.0000,0.0000,0.0000,0.0000,1.0000,0.0210,0.0279,0.0569
146,10,8.0660,-0.1201,0.4546,1.0000,-0.0068,0.0000,0.0068,1.0000,0.0000,0.0000,0.0000,1.0000,0.0210,0.0279,0.0569
147,0,7.7113,-0.0513,0.4400,1.0000,-0.0061,0.0000,0.0061,1.0000,0.0000,0.0000,0.0000,1.0000,0.2577,0.2263,0.1400
147,1,7.7194,-0.0485,0.6052,1.0000,-0.0061,0.0000,0.0061,1.0000,0.0000,0.0000,0.0000,1.0000,0.1100,0.2168,0.3052
147,2,7.7949,-0.1092,0.5173,1.0000,-0.0061,0.0000,0.0061,1.0000,0.0000,0.0000,0.0000,1.0000,0.1101,0.3070,0.2173
147,3,7.8163,-0.2861,0.5889,1.0000,-0.0061,0.0000,0.0061,1.0000,0.0000,0.0000,0.0000,1.0000,0.2836,0.2073,0.2889
147,4,7.9341,-0.3333,0.5062,1.0000,-0.0061,0.0000,0.0061,1.0000,0.0000,0.0000,0.0000,1.0000,0.2820,0.2947,0.2062
147,5,8.1025,-0.1975,0.6614,1.0000,-0.0061,0.0000,0.0061,1.0000,0.0000,0.0000,0.0000,1.0000,0.1112,0.2100,0.3614
147,6,8.1956,-0.1786,0.4265,1.0000,-0.0061,0.0000,0.0061,1.0000,0.0000,0.0000,0.0000,1.0000,0.1972,0.1336,0.1265
147,7,8.3046,-0.1708,0.4491,1.0000,-0.0061,0.0000,0.0061,1.0000,0.0000,0.0000,0.0000,1.0000,0.1624,0.1625,0.0548
147,8,8.3322,-0.1278,0.4472,1.0000,-0.0061,0.0000,0.0061,1.0000,0.0000,0.0000,0.0000,1.0000,0.0831,0.2046,0.1050
147,9,8.3629,-0.0617,0.4544,1.0000,-0.0061,0.0000,0.0061,1.0000,0.0000,0.0000,0.0000,1.0000,0.0210,0.0279,0.0569
147,10,8.4065,-0.1218,0.4546,1.0000,-0.0061,0.0000,0.0061,1.0000,0.0000,0.0000,0.0000,1.0000,0.0210,0.0279,0.0569
148,0,8.0492,-0.0533,0.4400,1.0000,-0.0055,0.0000,0.0055,1.0000,0.0000,0.0000,0.0000,1.0000,0.2577,0.2263,0.1400
148,1,8.0574,-0.0504,0.6052,1.0000,-0.0055,0.0000,0.0055,1.0000,0.0000,0.0000,0.0000,1.0000,0.1100,0.2168,0.3052
148,2,8.1329,-0.1112,0.5173,1.0000,-0.0055,0.0000,0.0055,1.0000,0.0000,0.0000,0.0000,1.0000,0.1101,0.3070,0.2173
148,3,8.1543,-0.2880,0.5889,1.0000,-0.0055,0.0000,0.0055,1.0000,0.0000,0.0000,0.0000,1.0000,0.2836,0.2073,0.2889
148,4,8.2722,-0.3351,0.5062,1.0000,-0.0055,0.0000,0.0055,1.0000,0.0000,0.0000,0.0000,1.0000,0.2820,0.2947,0.2062
148,5,8.4405,-0.1992,0.6614,1.0000,-0.0055,0.0000,0.0055,1.0000,0.0000,0.0000,0.0000,1.0000,0.1112,0.2100,0.3614
148,6,8.5336,-0.1803,0.4265,1.0000,-0.0055,0.0000,0.0055,1.0000,0.0000,0.0000,0.0000,1.0000,0.1972,0.1336,0.1265
148,7,8.6426,-0.1725,0.4491,1.0000,-0.0055,0.0000,0.0055,1.0000,0.0000,0.0000,0.0000,1.0000,0.1624,0.1625,0.0548
148,8,8.6702,-0.1294,0.4472,1.0000,-0.0055,0.0000,0.0055,1.0000,0.0000,0.0000,0.0000,1.0000,0.0831,0.2046,0.1050
148,9,8.7009,-0.0633,0.4544,1.0000,-0.0055,0.0000,0.0055,1.0000,0.0000,0.0000,0.0000,1.0000,0.0210,0.0279,0.0569
148,10,8.7445,-0.1234,0.4546,1.0000,-0.0055,0.0000,0.0055,1.0000,0.0000,0.0000,0.0000,1.0000,0.0210,0.0279,0.0569
149,0,8.3839,-0.0551,0.4400,1.0000,-0.0049,0.0000,0.0049,1.0000,0.0000,0.0000,0.0000,1.0000,0.2577,0.2263,0.1400
149,1,8.3920,-0.0522,0.6052,1.0000,-0.0049,0.0000,0.0049,1.0000,0.0000,0.0000,0.0000,1.0000,0.1100,0.2168,0.3052
149,2,8.4676,-0.1129,0.5173,1.0000,-0.0049,0.0000,0.0049,1.0000,0.0000,0.0000,0.0000,1.0000,0.1101,0.3070,0.2173
149,3,8.4892,-0.2897,0.5889,1.0000,-0.0049,0.0000,0.0049,1.0000,0.0000,0.0000,0.0000,1.0000,0.2836,0.2073,0.2889
149,4,8.6071,-0.3367,0.5062,1.0000,-0.0049,0.0000,0.0049,1.0000,0.0000,0.0000,0.0000,1.0000,0.2820,0.2947,0.2062
149,5,8.7753,-0.2008,0.6614,1.0000,-0.0049,0.0000,0.0049,1.0000,0.0000,0.0000,0.0000,1.0000,0.1112,0.2100,0.3614
149,6,8.8684,-0.1817,0.4265,1.0000,-0.0049,0.0000,0.0049,1.0000,0.0000,0.0000,0.0000,1.0000,0.1972,0.1336,0.1265
149,7,8.9774,-0.1738,0.4491,1.0000,-0.0049,0.0000,0.0049,1.0000,0.0000,0.0000,0.0000,1.0000,0.1624,0.1625,0.0548
149,8,9.0050,-0.1308,0.4472,1.0000,-0.0049,0.0000,0.0049,1.0000,0.0000,0.0000,0.0000,1.0000,0.0831,0.2046,0.1050
149,9,9.0356,-0.0646,0.4544,1.0000,-0.0049,0.0000,0.0049,1.0000,0.0000,0.0000,0.0000,1.0000,0.0210,0.0279,0.0569
149,10,9.0792,-0.1247,0.4546,1.0000,-0.0049,0.0000,0.0049,1.0000,0.0000,0.0000,0.0000,1.0000,0.0210,0.0279,0.0569
150,0,8.7142,-0.0566,0.4400,1.0000,-0.0043,0.0000,0.0043,1.0000,0.0000,0.0000,0.0000,1.0000,0.2577,0.2263,0.1400
150,1,8.7223,-0.0537,0.6052,1.0000,-0.0043,0.0000,0.0043,1.0000,0.0000,0.0000,0.0000,1.0000,0.1100,0.2168,0.3052
150,2,8.7980,-0.1143,0.5173,1.0000,-0.0043,0.0000,0.0043,1.0000,0.0000,0.0000,0.0000,1.0000,0.1101,0.3070,0.2173
150,3,8.8196,-0.2911,0.5889,1.0000,-0.0043,0.0000,0.0043,1.0000,0.0000,0.0000,0.0000,1.0000,0.2836,0.2073,0.2889
150,4,8.9375,-0.3381,0.5062,1.0000,-0.0043,0.0000,0.0043,1.0000,0.0000,0.0000,0.0000,1.0000,0.2820,0.2947,0.2062
150,5,9.1057,-0.2021,0.6614,1.0000,-0.0043,0.0000,0.0043,1.0000,0.0000,0.0000,0.0000,1.0000,0.1112,0.2100,0.3614
150,6,9.1988,-0.1830,0.4265,1.0000,-0.0043,0.0000,0.0043,1.0000,0.0000,0.0000,0.0000,1.0000,0.1972,0.1336,0.1265
150,7,9.3077,-0.1750,0.4491,1.0000,-0.0043,0.0000,0.0043,1.0000,0.0000,0.0000,0.0000,1.0000,0.1624,0.1625,0.0548
150,8,9.3353,-0.1319,0.4472,1.0000,-0.0043,0.0000,0.0043,1.0000,0.0000,0.0000,0.0000,1.0000,0.0831,0.2046,0.1050
150,9,9.3659,-0.0658,0.4544,1.0000,-0.0043,0.0000,0.0043,1.0000,0.0000,0.0000,0.0000,1.0000,0.0210,0.0279,0.0569
150,10,9.4095,-0.1259,0.4546,1.0000,-0.0043,0.0000,0.0043,1.0000,0.0000,0.0000,0.0000,1.0000,0.0210,0.0279,0.0569
151,0,9.0387,-0.0579,0.4400,1.0000,-0.0037,0.0000,0.0037,1.0000,0.0000,0.0000,0.0000,1.0000,0.2577,0.2263,0.1400
151,1,9.0468,-0.0550,0.6052,1.0000,-0.0037,0.0000,0.0037,1.0000,0.0000,0.0000,0.0000,1.0000,0.1100,0.2168,0.3052
151,2,9.1225,-0.1156,0.5173,1.0000,-0.0037,0.0000,0.0037,1.0000,0.0000,0.0000,0.0000,1.0000,0.1101,0.3070,0.2173
151,3,9.1442,-0.2924,0.5889,1.0000,-0.0037,0.0000,0.0037,1.0000,0.0000,0.0000,0.0000,1.0000,0.2836,0.2073,0.2889
151,4,9.2621,-0.3393,0.5062,1.0000,-0.0037,0.0000,0.0037,1.0000,0.0000,0.0000,0.0000,1.0000,0.2820,0.2947,0.2062
151,5,9.4303,-0.2032,0.6614,1.0000,-0.0037,0.0000,0.0037,1.0000,0.0000,0.0000,0.0000,1.0000,0.1112,0.2100,0.3614
151,6,9.5233,-0.1840,0.4265,1.0000,-0.0037,0.0000,0.0037,1.0000,0.0000,0.0000,0.0000,1.0000,0.1972,0.1336,0.1265
151,7,9.6323,-0.1760,0.4491,1.0000,-0.0037,0.0000,0.0037,1.0000,0.0000,0.0000,0.0000,1.0000,0.1624,0.1625,0.0548
151,8,9.6598,-0.1329,0.4472,1.0000,-0.0037,0.0000,0.0037,1.0000,0.0000,0.0000,0.0000,1.0000,0.0831,0.2046,0.1050
151,9,9.6904,-0.0667,0.4544,1.0000,-0.0037,0.0000,0.0037,1.0000,0.0000,0.0000,0.0000,1.0000,0.0210,0.0279,0.0569
151,10,9.7340,-0.1268,0.4546,1.0000,-0.0037,0.0000,0.0037,1.0000,0.0000,0.0000,0.0000,1.0000,0.0210,0.0279,0.0569
152,0,9.3560,-0.0590,0.4400,1.0000,-0.0032,0.0000,0.0032,1.0000,0.0000,0.0000,0.0000,1.0000,0.2577,0.2263,0.1400
152,1,9.3641,-0.0561,0.6052,1.0000,-0.0032,0.0000,0.0032,1.0000,0.0000,0.0000,0.0000,1.0000,0.1100,0.2168,0.3052
152,2,9.4398,-0.1167,0.5173,1.0000,-0.0032,0.0000,0.0032,1.0000,0.0000,0.0000,0.0000,1.0000,0.1101,0.3070,0.2173
152,3,9.4616,-0.2935,0.5889,1.0000,-0.0032,0.0000,0.0032,1.0000,0.0000,0.0000,0.0000,1.0000,0.2836,0.2073,0.2889
152,4,9.5796,-0.3403,0.5062,1.0000,-0.0032,0.0000,0.0032,1.0000,0.0000,0.0000,0.0000,1.0000,0.2820,0.2947,0.2062
152,5,9.7476,-0.2041,0.6614,1.0000,-0.0032,0.0000,0.0032,1.0000,0.0000,0.0000,0.0000,1.0000,0.1112,0.2100,0.3614
152,6,9.8407,-0.1849,0.4265,1.0000,-0.0032,0.0000,0.0032,1.0000,0.0000,0.0000,0.0000,1.0000,0.1972,0.1336,0.1265
152,7,9.9496,-0.1768,0.4491,1.0000,-0.0032,0.0000,0.0032,1.0000,0.0000,0.0000,0.0000,1.0000,0.1624,0.1625,0.0548
152,8,9.9772,-0.1337,0.4472,1.0000,-0.0032,0.0000,0.0032,1.0000,0.0000,0.0000,0.0000,1.0000,0.0831,0.2046,0.1050
152,9,10.0077,-0.0675,0.4544,1.0000,-0.0032,0.0000,0.0032,1.0000,0.0000,0.0000,0.0000,1.0000,0.0210,0.0279,0.0569
152,10,10.0514,-0.1275,0.4546,1.0000,-0.0032,0.0000,0.0032,1.0000,0.0000,0.0000,0.0000,1.0000,0.0210,0.0279,0.0569
153,0,9.6649,-0.0600,0.4400,1.0000,-0.0028,0.0000,0.0028,1.0000,0.0000,0.0000,0.0000,1.0000,0.2577,0.2263,0.1400
153,1,9.6730,-0.0571,0.6052,1.0000,-0.0028,0.0000,0.0028,1.0000,0.0000,0.0000,0.0000,1.0000,0.1100,0.2168,0.3052
153,2,9.7487,-0.1176,0.5173,1.0000,-0.0028,0.0000,0.0028,1.0000,0.0000,0.0000,0.0000,1.0000,0.1101,0.3070,0.2173
153,3,9.7706,-0.2944,0.5889,1.0000,-0.0028,0.0000,0.0028,1.0000,0.0000,0.0000,0.0000,1.0000,0.2836,0.2073,0.2889
153,4,9.8886,-0.3412,0.5062,1.0000,-0.0028,0.0000,0.0028,1.0000,0.0000,0.0000,0.0000,1.0000,0.2820,0.2947,0.2062
153,5,10.0566,-0.2048,0.6614,1.0000,-0.0028,0.0000,0.0028,1.0000,0.0000,0.0000,0.0000,1.0000,0.1112,0.2100,0.3614
153,6,10.1496,-0.1856,0.4265,1.0000,-0.0028,0.0000,0.0028,1.0000,0.0000,0.0000,0.0000,1.0000,0.1972,0.1336,0.1265
153,7,10.2585,-0.1775,0.4491,1.0000,-0.0028,0.0000,0.0028,1.0000,0.0000,0.0000,0.0000,1.0000,0.1624,0.1625,0.0548
153,8,10.2861,-0.1344,0.4472,1.0000,-0.0028,0.0000,0.0028,1.0000,0.0000,0.0000,0.0000,1.0000,0.0831,0.2046,0.1050
153,9,10.3165,-0.0682,0.4544,1.0000,-0.0028,0.0000,0.0028,1.0000,0.0000,0.0000,0.0000,1.0000,0.0210,0.0279,0.0569
153,10,10.3603,-0.1282,0.4546,1.0000,-0.0028,0.0000,0.0028,1.0000,0.0000,0.0000,0.0000,1.0000,0.0210,0.0279,0.0569
154,0,9.9642,-0.0607,0.4400,1.0000,-0.0022,0.0000,0.0022,1.0000,0.0000,0.0000,0.0000,1.0000,0.2577,0.2263,0.1400
154,1,9.9723,-0.0578,0.6052,1.0000,-0.0022,0.0000,0.0022,1.0000,0.0000,0.0000,0.0000,1.0000,0.1100,0.2168,0.3052
154,2,10.0481,-0.1183,0.5173,1.0000,-0.0022,0.0000,0.0022,1.0000,0.0000,0.0000,0.0000,1.0000,0.1101,0.3070,0.2173
154,3,10.0701,-0.2951,0.5889,1.0000,-0.0022,0.0000,0.0022,1.0000,0.0000,0.0000,0.0000,1.0000,0.2836,0.2073,0.2889
154,4,10.1881,-0.3418,0.5062,1.0000,-0.0022,0.0000,0.0022,1.0000,0.0000,0.0000,0.0000,1.0000,0.2820,0.2947,0.2062
154,5,10.3560,-0.2054,0.6614,1.0000,-0.0022,0.0000,0.0022,1.0000,0.0000,0.0000,0.0000,1.0000,0.1112,0.2100,0.3614
154,6,10.4490,-0.1861,0.4265,1.0000,-0.0022,0.0000,0.0022,1.0000,0.0000,0.0000,0.0000,1.0000,0.1972,0.1336,0.1265
154,7,10.5579,-0.1780,0.4491,1.0000,-0.0022,0.0000,0.0022,1.0000,0.0000,0.0000,0.0000,1.0000,0.1624,0.1625,0.0548
154,8,10.5854,-0.1348,0.4472,1.0000,-0.0022,0.0000,0.0022,1.0000,0.0000,0.0000,0.0000,1.0000,0.0831,0.2046,0.1050
154,9,10.6159,-0.0686,0.4544,1.0000,-0.0022,0.0000,0.0022,1.0000,0.0000,0.0000,0.0000,1.0000,0.0210,0.0279,0.0569
154,10,10.6596,-0.1286,0.4546,1.0000,-0.0022,0.0000,0.0022,1.0000,0.0000,0.0000,0.0000,1.0000,0.0210,0.0279,0.0569
155,0,10.2530,-0.0613,0.4400,1.0000,-0.0018,0.0000,0.0018,1.0000,0.0000,0.0000,0.0000,1.0000,0.2577,0.2263,0.1400
155,1,10.2611,-0.0584,0.6052,1.0000,-0.0018,0.0000,0.0018,1.0000,0.0000,0.0000,0.0000,1.0000,0.1100,0.2168,0.3052
155,2,10.3369,-0.1189,0.5173,1.0000,-0.0018,0.0000,0.0018,1.0000,0.0000,0.0000,0.0000,1.0000,0.1101,0.3070,0.2173
155,3,10.3590,-0.2956,0.5889,1.0000,-0.0018,0.0000,0.0018,1.0000,0.0000,0.0000,0.0000,1.0000,0.2836,0.2073,0.2889
155,4,10.4770,-0.3423,0.5062,1.0000,-0.0018,0.0000,0.0018,1.0000,0.0000,0.0000,0.0000,1.0000,0.2820,0.2947,0.2062
155,5,10.6448,-0.2058,0.6614,1.0000,-0.0018,0.0000,0.0018,1.0000,0.0000,0.0000,0.0000,1.0000,0.1112,0.2100,0.3614
155,6,10.7379,-0.1865,0.4265,1.0000,-0.0018,0.0000,0.0018,1.0000,0.0000,0.0000,0.0000,1.0000,0.1972,0.1336,0.1265
155,7,10.8468,-0.1783,0.4491,1.0000,-0.0018,0.0000,0.0018,1.0000,0.0000,0.0000,0.0000,1.0000,0.1624,0.1625,0.0548
155,8,10.8743,-0.1352,0.4472,1.0000,-0.0018,0.0000,0.0018,1.0000,0.0000,0.0000,0.0000,1.0000,0.0831,0.2046,0.1050
155,9,10.9047,-0.0689,0.4544,1.0000,-0.0018,0.0000,0.0018,1.0000,0.0000,0.0000,0.0000,1.0000,0.0210,0.0279,0.0569
155,10,10.9485,-0.1289,0.4546,1.0000,-0.0018,0.0000,0.0018,1.0000,0.0000,0.0000,0.0000,1.0000,0.0210,0.0279,0.0569
156,0,10.5308,-0.0618,0.4400,1.0000,-0.0013,0.0000,0.0013,1.0000,0.0000,0.0000,0.0000,1.0000,0.2577,0.2263,0.1400
156,1,10.5389,-0.0589,0.6052,1.0000,-0.0013,0.0000,0.0013,1.0000,0.0000,0.0000,0.0000,1.0000,0.1100,0.2168,0.3052
156,2,10.6147,-0.1193,0.5173,1.0000,-0.0013,0.0000,0.0013,1.0000,0.0000,0.0000,0.0000,1.0000,0.1101,0.3070,0.2173
156,3,10.6369,-0.2960,0.5889,1.0000,-0.0013,0.0000,0.0013,1.0000,0.0000,0.0000,0.0000,1.0000,0.2836,0.2073,0.2889
156,4,10.7549,-0.3427,0.5062,1.0000,-0.0013,0.0000,0.0013,1.0000,0.0000,0.0000,0.0000,1.0000,0.2820,0.2947,0.2062
156,5,10.9227,-0.2061,0.6614,1.0000,-0.0013,0.0000,0.0013,1.0000,0.0000,0.0000,0.0000,1.0000,0.1112,0.2100,0.3614
156,6,11.0157,-0.1867,0.4265,1.0000,-0.0013,0.0000,0.0013,1.0000,0.0000,0.0000,0.0000,1.0000,0.1972,0.1336,0.1265
156,7,11.1246,-0.1785,0.4491,1.0000,-0.0013,0.0000,0.0013,1.0000,0.0000,0.0000,0.0000,1.0000,0.1624,0.1625,0.0548
156,8,11.1521,-0.1353,0.4472,1.0000,-0.0013,0.0000,0.0013,1.0000,0.0000,0.0000,0.0000,1.0000,0.0831,0.2046,0.1050
156,9,11.1825,-0.0690,0.4544,1.0000,-0.0013,0.0000,0.0013,1.0000,0.0000,0.0000,0.0000,1.0000,0.0210,0.0279,0.0569
156,10,11.2263,-0.1290,0.4546,1.0000,-0.0013,0.0000,0.0013,1.0000,0.0000,0.0000,0.0000,1.0000,0.0210,0.0279,0.0569
157,0,10.7972,-0.0621,0.4400,1.0000,-0.0008,0.0000,0.0008,1.0000,0.0000,0.0000,0.0000,1.0000,0.2577,0.2263,0.1400
157,1,10.8053,-0.0592,0.6052,1.0000,-0.0008,0.0000,0.0008,1.0000,0.0000,0.0000,0.0000,1.0000,0.1100,0.2168,0.3052
157,2,10.8812,-0.1196,0.5173,1.0000,-0.0008,0.0000,0.0008,1.0000,0.0000,0.0000,0.0000,1.0000,0.1101,0.3070,0.2173
157,3,10.9035,-0.2963,0.5889,1.0000,-0.0008,0.0000,0.0008,1.0000,0.0000,0.0000,0.0000,1.0000,0.2836,0.2073,0.2889
157,4,11.0215,-0.3429,0.5062,1.0000,-0.0008,0.0000,0.0008,1.0000,0.0000,0.0000,0.0000,1.0000,0.2820,0.2947,0.2062
157,5,11.1892,-0.2062,0.6614,1.0000,-0.0008,0.0000,0.0008,1.0000,0.0000,0.0000,0.0000,1.0000,0.1112,0.2100,0.3614
157,6,11.2822,-0.1868,0.4265,1.0000,-0.0008,0.0000,0.0008,1.0000,0.0000,0.0000,0.0000,1.0000,0.1972,0.1336,0.1265
157,7,11.3912,-0.1784,0.4491,1.0000,-0.0008,0.0000,0.0008,1.0000,0.0000,0.0000,0.0000,1.0000,0.1624,0.1625,0.0548
157,8,11.4186,-0.1353,0.4472,1.0000,-0.0008,0.0000,0.0008,1.0000,0.0000,0.0000,0.0000,1.0000,0.0831,0.2046,0.1050
157,9,11.4489,-0.0690,0.4544,1.0000,-0.0008,0.0000,0.0008,1.0000,0.0000,0.0000,0.0000,1.0000,0.0210,0.0279,0.0569
157,10,11.4928,-0.1289,0.4546,1.0000,-0.0008,0.0000,0.0008,1.0000,0.0000,0.0000,0.0000,1.0000,0.0210,0.0279,0.0569
158,0,11.0522,-0.0622,0.4400,1.0000,-0.0001,0.0000,0.0001,1.0000,0.0000,0.0000,0.0000,1.0000,0.2577,0.2263,0.1400
158,1,11.0603,-0.0593,0.6052,1.0000,-0.0001,0.0000,0.0001,1.0000,0.0000,0.0000,0.0000,1.0000,0.1100,0.2168,0.3052
158,2,11.1362,-0.1196,0.5173,1.0000,-0.0001,0.0000,0.0001,1.0000,0.0000,0.0000,0.0000,1.0000,0.1101,0.3070,0.2173
158,3,11.1586,-0.2963,0.5889,1.0000,-0.0001,0.0000,0.0001,1.0000,0.0000,0.0000,0.0000,1.0000,0.2836,0.2073,0.2889
158,4,11.2767,-0.3429,0.5062,1.0000,-0.0001,0.0000,0.0001,1.0000,0.0000,0.0000,0.0000,1.0000,0.2820,0.2947,0.2062
158,5,11.4443,-0.2061,0.6614,1.0000,-0.0001,0.0000,0.0001,1.0000,0.0000,0.0000,0.0000,1.0000,0.1112,0.2100,0.3614
158,6,11.5373,-0.1866,0.4265,1.0000,-0.0001,0.0000,0.0001,1.0000,0.0000,0.0000,0.0000,1.0000,0.1972,0.1336,0.1265
158,7,11.6462,-0.1782,0.4491,1.0000,-0.0001,0.0000,0.0001,1.0000,0.0000,0.0000,0.0000,1.0000,0.1624,0.1625,0.0548
158,8,11.6736,-0.1350,0.4472,1.0000,-0.0001,0.0000,0.0001,1.0000,0.0000,0.0000,0.0000,1.0000,0.0831,0.2046,0.1050
158,9,11.7039,-0.0687,0.4544,1.0000,-0.0001,0.0000,0.0001,1.0000,0.0000,0.0000,0.0000,1.0000,0.0210,0.0279,0.0569
158,10,11.7478,-0.1286,0.4546,1.0000,-0.0001,0.0000,0.0001,1.0000,0.0000,0.0000,0.0000,1.0000,0.0210,0.0279,0.0569
159,0,11.2957,-0.0622,0.4400,1.0000,0.0006,0.0000,-0.0006,1.0000,0.0000,0.0000,0.0000,1.0000,0.2577,0.2263,0.1400
159,1,11.3038,-0.0593,0.6052,1.0000,0.0006,0.0000,-0.0006,1.0000,0.0000,0.0000,0.0000,1.0000,0.1100,0.2168,0.3052
159,2,11.3798,-0.1195,0.5173,1.0000,0.0006,0.0000,-0.0006,1.0000,0.0000,0.0000,0.0000,1.0000,0.1101,0.3070,0.2173
159,3,11.4023,-0.2962,0.5889,1.0000,0.0006,0.0000,-0.0006,1.0000,0.0000,0.0000,0.0000,1.0000,0.2836,0.2073,0.2889
159,4,11.5204,-0.3427,0.5062,1.0000,0.0006,0.0000,-0.0006,1.0000,0.0000,0.0000,0.0000,1.0000,0.2820,0.2947,0.2062
159,5,11.6879,-0.2058,0.6614,1.0000,0.0006,0.0000,-0.0006,1.0000,0.0000,0.0000,0.0000,1.0000,0.1112,0.2100,0.3614
159,6,11.7809,-0.1862,0.4265,1.0000,0.0006,0.0000,-0.0006,1.0000,0.0000,0.0000,0.0000,1.0000,0.1972,0.1336,0.1265
159,7,11.8898,-0.1777,0.4491,1.0000,0.0006,0.0000,-0.0006,1.0000,0.0000,0.0000,0.0000,1.0000,0.1624,0.1625,0.0548
159,8,11.9172,-0.1345,0.4472,1.0000,0.0006,0.0000,-0.0006,1.0000,0.0000,0.0000,0.0000,1.0000,0.0831,0.2046,0.1050
159,9,11.9474,-0.0682,0.4544,1.0000,0.0006,0.0000,-0.0006,1.0000,0.0000,0.0000,0.0000,1.0000,0.0210,0.0279,0.0569
159,10,11.9914,-0.1281,0.4546,1.0000,0.0006,0.0000,-0.0006,1.0000,0.0000,0.0000,0.0000,1.0000,0.0210,0.0279,0.0569
160,0,11.5282,-0.0620,0.4400,1.0000,0.0014,0.0000,-0.0014,1.0000,0.0000,0.0000,0.0000,1.0000,0.2577,0.2263,0.1400
160,1,11.5363,-0.0591,0.6052,1.0000,0.0014,0.0000,-0.0014,1.0000,0.0000,0.0000,0.0000,1.0000,0.1100,0.2168,0.3052
160,2,11.6123,-0.1193,0.5173,1.0000,0.0014,0.0000,-0.0014,1.0000,0.0000,0.0000,0.0000,1.0000,0.1101,0.3070,0.2173
160,3,11.6349,-0.2959,0.5889,1.0000,0.0014,0.0000,-0.0014,1.0000,0.0000,0.0000,0.0000,1.0000,0.2836,0.2073,0.2889
160,4,11.7531,-0.3423,0.5062,1.0000,0.0014,0.0000,-0.0014,1.0000,0.0000,0.0000,0.0000,1.0000,0.2820,0.2947,0.2062
160,5,11.9205,-0.2052,0.6614,1.0000,0.0014,0.0000,-0.0014,1.0000,0.0000,0.0000,0.0000,1.0000,0.1112,0.2100,0.3614
160,6,12.0135,-0.1856,0.4265,1.0000,0.0014,0.0000,-0.0014,1.0000,0.0000,0.0000,0.0000,1.0000,0.1972,0.1336,0.1265
160,7,12.1224,-0.1771,0.4491,1.0000,0.0014,0.0000,-0.0014,1.0000,0.0000,0.0000,0.0000,1.0000,0.1624,0.1625,0.0548
160,8,12.1497,-0.1338,0.4472,1.0000,0.0014,0.0000,-0.0014,1.0000,0.0000,0.0000,0.0000,1.0000,0.0831,0.2046,0.1050
160,9,12.1799,-0.0675,0.4544,1.0000,0.0014,0.0000,-0.0014,1.0000,0.0000,0.0000,0.0000,1.0000,0.0210,0.0279,0.0569
160,10,12.2239,-0.1273,0.4546,1.0000,0.0014,0.0000,-0.0014,1.0000,0.0000,0.0000,0.0000,1.0000,0.0210,0.0279,0.0569
161,0,11.7503,-0.0616,0.4400,1.0000,0.0024,0.0000,-0.0024,1.0000,0.0000,0.0000,0.0000,1.0000,0.2577,0.2263,0.1400
161,1,11.7584,-0.0587,0.6052,1.0000,0.0024,0.0000,-0.0024,1.0000,0.0000,0.0000,0.0000,1.0000,0.1100,0.2168,0.3052
161,2,11.8345,-0.1188,0.5173,1.0000,0.0024,0.0000,-0.0024,1.0000,0.0000,0.0000,0.0000,1.0000,0.1101,0.3070,0.2173
161,3,11.8573,-0.2955,0.5889,1.0000,0.0024,0.0000,-0.0024,1.0000,0.0000,0.0000,0.0000,1.0000,0.2836,0.2073,0.2889
161,4,11.9755,-0.3417,0.5062,1.0000,0.0024,0.0000,-0.0024,1.0000,0.0000,0.0000,0.0000,1.0000,0.2820,0.2947,0.2062
161,5,12.1428,-0.2045,0.6614,1.0000,0.0024,0.0000,-0.0024,1.0000,0.0000,0.0000,0.0000,1.0000,0.1112,0.2100,0.3614
161,6,12.2357,-0.1847,0.4265,1.0000,0.0024,0.0000,-0.0024,1.0000,0.0000,0.0000,0.0000,1.0000,0.1972,0.1336,0.1265
161,7,12.3446,-0.1761,0.4491,1.0000,0.0024,0.0000,-0.0024,1.0000,0.0000,0.0000,0.0000,1.0000,0.1624,0.1625,0.0548
161,8,12.3719,-0.1328,0.4472,1.0000,0.0024,0.0000,-0.0024,1.0000,0.0000,0.0000,0.0000,1.0000,0.0831,0.2046,0.1050
161,9,12.4021,-0.0664,0.4544,1.0000,0.0024,0.0000,-0.0024,1.0000,0.0000,0.0000,0.0000,1.0000,0.0210,0.0279,0.0569
161,10,12.4461,-0.1262,0.4546,1.0000,0.0024,0.0000,-0.0024,1.0000,0.0000,0.0000,0.0000,1.0000,0.0210,0.0279,0.0569
162,0,11.9635,-0.0610,0.4400,1.0000,0.0034,0.0000,-0.0034,1.0000,0.0000,0.0000,0.0000,1.0000,0.2577,0.2263,0.1400
162,1,11.9716,-0.0581,0.6052,1.0000,0.0034,0.0000,-0.0034,1.0000,0.0000,0.0000,0.0000,1.0000,0.1100,0.2168,0.3052
162,2,12.0477,-0.1181,0.5173,1.0000,0.0034,0.0000,-0.0034,1.0000,0.0000,0.0000,0.0000,1.0000,0.1101,0.3070,0.2173
162,3,12.0707,-0.2948,0.5889,1.0000,0.0034,0.0000,-0.0034,1.0000,0.0000,0.0000,0.0000,1.0000,0.2836,0.2073,0.2889
162,4,12.1889,-0.3409,0.5062,1.0000,0.0034,0.0000,-0.0034,1.0000,0.0000,0.0000,0.0000,1.0000,0.2820,0.2947,0.2062
162,5,12.3561,-0.2035,0.6614,1.0000,0.0034,0.0000,-0.0034,1.0000,0.0000,0.0000,0.0000,1.0000,0.1112,0.2100,0.3614
162,6,12.4490,-0.1837,0.4265,1.0000,0.0034,0.0000,-0.0034,1.0000,0.0000,0.0000,0.0000,1.0000,0.1972,0.1336,0.1265
162,7,12.5579,-0.1749,0.4491,1.0000,0.0034,0.0000,-0.0034,1.0000,0.0000,0.0000,0.0000,1.0000,0.1624,0.1625,0.0548
162,8,12.5851,-0.1316,0.4472,1.0000,0.0034,0.0000,-0.0034,1.0000,0.0000,0.0000,0.0000,1.0000,0.0831,0.2046,0.1050
162,9,12.6152,-0.0652,0.4544,1.0000,0.0034,0.0000,-0.0034,1.0000,0.0000,0.0000,0.0000,1.0000,0.0210,0.0279,0.0569
162,10,12.6593,-0.1249,0.4546,1.0000,0.0034,0.0000,-0.0034,1.0000,0.0000,0.0000,0.0000,1.0000,0.0210,0.0279,0.0569
163,0,12.1692,-0.0603,0.4400,1.0000,0.0045,0.0000,-0.0045,1.0000,0.0000,0.0000,0.0000,1.0000,0.2577,0.2263,0.1400
163,1,12.1773,-0.0573,0.6052,1.0000,0.0045,0.0000,-0.0045,1.0000,0.0000,0.0000,0.0000,1.0000,0.1100,0.2168,0.3052
163,2,12.2535,-0.1173,0.5173,1.0000,0.0045,0.0000,-0.0045,1.0000,0.0000,0.0000,0.0000,1.0000,0.1101,0.3070,0.2173
163,3,12.2767,-0.2939,0.5889,1.0000,0.0045,0.0000,-0.0045,1.0000,0.0000,0.0000,0.0000,1.0000,0.2836,0.2073,0.2889
163,4,12.3950,-0.3398,0.5062,1.0000,0.0045,0.0000,-0.0045,1.0000,0.0000,0.0000,0.0000,1.0000,0.2820,0.2947,0.2062
163,5,12.5619,-0.2023,0.6614,1.0000,0.0045,0.0000,-0.0045,1.0000,0.0000,0.0000,0.0000,1.0000,0.1112,0.2100,0.3614
163,6,12.6549,-0.1824,0.4265,1.0000,0.0045,0.0000,-0.0045,1.0000,0.0000,0.0000,0.0000,1.0000,0.1972,0.1336,0.1265
163,7,12.7637,-0.1735,0.4491,1.0000,0.0045,0.0000,-0.0045,1.0000,0.0000,0.0000,0.0000,1.0000,0.1624,0.1625,0.0548
163,8,12.7909,-0.1301,0.4472,1.0000,0.0045,0.0000,-0.0045,1.0000,0.0000,0.0000,0.0000,1.0000,0.0831,0.2046,0.1050
163,9,12.8209,-0.0637,0.4544,1.0000,0.0045,0.0000,-0.0045,1.0000,0.0000,0.0000,0.0000,1.0000,0.0210,0.0279,0.0569
163,10,12.8651,-0.1234,0.4546,1.0000,0.0045,0.0000,-0.0045,1.0000,0.0000,0.0000,0.0000,1.0000,0.0210,0.0279,0.0569
164,0,12.3692,-0.0593,0.4400,1.0000,0.0057,0.0000,-0.0057,1.0000,0.0000,0.0000,0.0000,1.0000,0.2577,0.2263,0.1400
164,1,12.3773,-0.0563,0.6052,1.0000,0.0057,0.0000,-0.0057,1.0000,0.0000,0.0000,0.0000,1.0000,0.1100,0.2168,0.3052
164,2,12.4535,-0.1162,0.5173,1.0000,0.0057,0.0000,-0.0057,1.0000,0.0000,0.0000,0.0000,1.0000,0.1101,0.3070,0.2173
164,3,12.4769,-0.2928,0.5889,1.0000,0.0057,0.0000,-0.0057,1.0000,0.0000,0.0000,0.0000,1.0000,0.2836,0.2073,0.2889
164,4,12.5953,-0.3386,0.5062,1.0000,0.0057,0.0000,-0.0057,1.0000,0.0000,0.0000,0.0000,1.0000,0.2820,0.2947,0.2062
164,5,12.7621,-0.2008,0.6614,1.0000,0.0057,0.0000,-0.0057,1.0000,0.0000,0.0000,0.0000,1.0000,0.1112,0.2100,0.3614
164,6,12.8550,-0.1808,0.4265,1.0000,0.0057,0.0000,-0.0057,1.0000,0.0000,0.0000,0.0000,1.0000,0.1972,0.1336,0.1265
164,7,12.9638,-0.1718,0.4491,1.0000,0.0057,0.0000,-0.0057,1.0000,0.0000,0.0000,0.0000,1.0000,0.1624,0.1625,0.0548
164,8,12.9910,-0.1284,0.4472,1.0000,0.0057,0.0000,-0.0057,1.0000,0.0000,0.0000,0.0000,1.0000,0.0831,0.2046,0.1050
164,9,13.0209,-0.0619,0.4544,1.0000,0.0057,0.0000,-0.0057,1.0000,0.0000,0.0000,0.0000,1.0000,0.0210,0.0279,0.0569
164,10,13.0651,-0.1216,0.4546,1.0000,0.0057,0.0000,-0.0057,1.0000,0.0000,0.0000,0.0000,1.0000,0.0210,0.0279,0.0569
165,0,12.5647,-0.0581,0.4400,1.0000,0.0071,0.0000,-0.0071,1.0000,0.0000,0.0000,0.0000,1.0000,0.2577,0.2263,0.1400
165,1,12.5727,-0.0551,0.6052,1.0000,0.0071,0.0000,-0.0071,1.0000,0.0000,0.0000,0.0000,1.0000,0.1100,0.2168,0.3052
165,2,12.6491,-0.1149,0.5173,1.0000,0.0071,0.0000,-0.0071,1.0000,0.0000,0.0000,0.0000,1.0000,0.1101,0.3070,0.2173
165,3,12.6727,-0.2914,0.5889,1.0000,0.0071,0.0000,-0.0071,1.0000,0.0000,0.0000,0.0000,1.0000,0.2836,0.2073,0.2889
165,4,12.7911,-0.3371,0.5062,1.0000,0.0071,0.0000,-0.0071,1.0000,0.0000,0.0000,0.0000,1.0000,0.2820,0.2947,0.2062
165,5,12.9578,-0.1991,0.6614,1.0000,0.0071,0.0000,-0.0071,1.0000,0.0000,0.0000,0.0000,1.0000,0.1112,0.2100,0.3614
165,6,13.0506,-0.1789,0.4265,1.0000,0.0071,0.0000,-0.0071,1.0000,0.0000,0.0000,0.0000,1.0000,0.1972,0.1336,0.1265
165,7,13.1595,-0.1698,0.4491,1.0000,0.0071,0.0000,-0.0071,1.0000,0.0000,0.0000,0.0000,1.0000,0.1624,0.1625,0.0548
165,8,13.1866,-0.1264,0.4472,1.0000,0.0071,0.0000,-0.0071,1.0000,0.0000,0.0000,0.0000,1.0000,0.0831,0.2046,0.1050
165,9,13.2164,-0.0599,0.4544,1.0000,0.0071,0.0000,-0.0071,1.0000,0.0000,0.0000,0.0000,1.0000,0.0210,0.0279,0.0569
165,10,13.2607,-0.1195,0.4546,1.0000,0.0071,0.0000,-0.0071,1.0000,0.0000,0.0000,0.0000,1.0000,0.0210,0.0279,0.0569
166,0,12.7563,-0.0567,0.4400,1.0000,0.0086,0.0000,-0.0086,1.0000,0.0000,0.0000,0.0000,1.0000,0.2577,0.2263,0.1400
166,1,12.7644,-0.0537,0.6052,1.0000,0.0086,0.0000,-0.0086,1.0000,0.0000,0.0000,0.0000,1.0000,0.1100,0.2168,0.3052
166,2,12.8408,-0.1133,0.5173,1.0000,0.0086,0.0000,-0.0086,1.0000,0.0000,0.0000,0.0000,1.0000,0.1101,0.3070,0.2173
166,3,12.8647,-0.2898,0.5889,1.0000,0.0086,0.0000,-0.0086,1.0000,0.0000,0.0000,0.0000,1.0000,0.2836,0.2073,0.2889
166,4,12.9832,-0.3353,0.5062,1.0000,0.0086,0.0000,-0.0086,1.0000,0.0000,0.0000,0.0000,1.0000,0.2820,0.2947,0.2062
166,5,13.1497,-0.1971,0.6614,1.0000,0.0086,0.0000,-0.0086,1.0000,0.0000,0.0000,0.0000,1.0000,0.1112,0.2100,0.3614
166,6,13.2425,-0.1768,0.4265,1.0000,0.0086,0.0000,-0.0086,1.0000,0.0000,0.0000,0.0000,1.0000,0.1972,0.1336,0.1265
166,7,13.3513,-0.1675,0.4491,1.0000,0.0086,0.0000,-0.0086,1.0000,0.0000,0.0000,0.0000,1.0000,0.1624,0.1625,0.0548
166,8,13.3783,-0.1240,0.4472,1.0000,0.0086,0.0000,-0.0086,1.0000,0.0000,0.0000,0.0000,1.0000,0.0831,0.2046,0.1050
166,9,13.4081,-0.0575,0.4544,1.0000,0.0086,0.0000,-0.0086,1.0000,0.0000,0.0000,0.0000,1.0000,0.0210,0.0279,0.0569
166,10,13.4525,-0.1170,0.4546,1.0000,0.0086,0.0000,-0.0086,1.0000,0.0000,0.0000,0.0000,1.0000,0.0210,0.0279,0.0569
167,0,12.9444,-0.0550,0.4400,1.0000,0.0099,0.0000,-0.0099,1.0000,0.0000,0.0000,0.0000,1.0000,0.2577,0.2263,0.1400
167,1,12.9525,-0.0520,0.6052,1.0000,0.0099,0.0000,-0.0099,1.0000,0.0000,0.0000,0.0000,1.0000,0.1100,0.2168,0.3052
167,2,13.0290,-0.1115,0.5173,1.0000,0.0099,0.0000,-0.0099,1.0000,0.0000,0.0000,0.0000,1.0000,0.1101,0.3070,0.2173
167,3,13.0532,-0.2880,0.5889,1.0000,0.0099,0.0000,-0.0099,1.0000,0.0000,0.0000,0.0000,1.0000,0.2836,0.2073,0.2889
167,4,13.1717,-0.3333,0.5062,1.0000,0.0099,0.0000,-0.0099,1.0000,0.0000,0.0000,0.0000,1.0000,0.2820,0.2947,0.2062
167,5,13.3379,-0.1949,0.6614,1.0000,0.0099,0.0000,-0.0099,1.0000,0.0000,0.0000,0.0000,1.0000,0.1112,0.2100,0.3614
167,6,13.4308,-0.1745,0.4265,1.0000,0.0099,0.0000,-0.0099,1.0000,0.0000,0.0000,0.0000,1.0000,0.1972,0.1336,0.1265
167,7,13.5396,-0.1650,0.4491,1.0000,0.0099,0.0000,-0.0099,1.0000,0.0000,0.0000,0.0000,1.0000,0.1624,0.1625,0.0548
167,8,13.5665,-0.1215,0.4472,1.0000,0.0099,0.0000,-0.0099,1.0000,0.0000,0.0000,0.0000,1.0000,0.0831,0.2046,0.1050
167,9,13.5962,-0.0549,0.4544,1.0000,0.0099,0.0000,-0.0099,1.0000,0.0000,0.0000,0.0000,1.0000,0.0210,0.0279,0.0569
167,10,13.6407,-0.1144,0.4546,1.0000,0.0099,0.0000,-0.0099,1.0000,0.0000,0.0000,0.0000,1.0000,0.0210,0.0279,0.0569
168,0,13.1289,-0.0531,0.4400,0.9999,0.0113,0.0000,-0.0113,0.9999,0.0000,0.0000,0.0000,1.0000,0.2577,0.2263,0.1400
168,1,13.1369,-0.0501,0.6052,0.9999,0.0113,0.0000,-0.0113,0.9999,0.0000,0.0000,0.0000,1.0000,0.1100,0.2168,0.3052
168,2,13.2135,-0.1095,0.5173,0.9999,0.0113,0.0000,-0.0113,0.9999,0.0000,0.0000,0.0000,1.0000,0.1101,0.3070,0.2173
168,3,13.2379,-0.2860,0.5889,0.9999,0.0113,0.0000,-0.0113,0.9999,0.0000,0.0000,0.0000,1.0000,0.2836,0.2073,0.2889
168,4,13.3565,-0.3311,0.5062,0.9999,0.0113,0.0000,-0.0113,0.9999,0.0000,0.0000,0.0000,1.0000,0.2820,0.2947,0.2062
168,5,13.5225,-0.1925,0.6614,0.9999,0.0113,0.0000,-0.0113,0.9999,0.0000,0.0000,0.0000,1.0000,0.1112,0.2100,0.3614
168,6,13.6153,-0.1719,0.4265,0.9999,0.0113,0.0000,-0.0113,0.9999,0.0000,0.0000,0.0000,1.0000,0.1972,0.1336,0.1265
168,7,13.7241,-0.1623,0.4491,0.9999,0.0113,0.0000,-0.0113,0.9999,0.0000,0.0000,0.0000,1.0000,0.1624,0.1625,0.0548
168,8,13.7510,-0.1188,0.4472,0.9999,0.0113,0.0000,-0.0113,0.9999,0.0000,0.0000,0.0000,1.0000,0.0831,0.2046,0.1050
168,9,13.7806,-0.0521,0.4544,0.9999,0.0113,0.0000,-0.0113,0.9999,0.0000,0.0000,0.0000,1.0000,0.0210,0.0279,0.0569
168,10,13.8252,-0.1116,0.4546,0.9999,0.0113,0.0000,-0.0113,0.9999,0.0000,0.0000,0.0000,1.0000,0.0210,0.0279,0.0569
169,0,13.3091,-0.0510,0.4400,0.9999,0.0127,0.0000,-0.0127,0.9999,0.0000,0.0000,0.0000,1.0000,0.2577,0.2263,0.1400
169,1,13.3172,-0.0480,0.6052,0.9999,0.0127,0.0000,-0.0127,0.9999,0.0000,0.0000,0.0000,1.0000,0.1100,0.2168,0.3052
169,2,13.3938,-0.1073,0.5173,0.9999,0.0127,0.0000,-0.0127,0.9999,0.0000,0.0000,0.0000,1.0000,0.1101,0.3070,0.2173
169,3,13.4185,-0.2837,0.5889,0.9999,0.0127,0.0000,-0.0127,0.9999,0.0000,0.0000,0.0000,1.0000,0.2836,0.2073,0.2889
169,4,13.5371,-0.3287,0.5062,0.9999,0.0127,0.0000,-0.0127,0.9999,0.0000,0.0000,0.0000,1.0000,0.2820,0.2947,0.2062
169,5,13.7030,-0.1898,0.6614,0.9999,0.0127,0.0000,-0.0127,0.9999,0.0000,0.0000,0.0000,1.0000,0.1112,0.2100,0.3614
169,6,13.7957,-0.1691,0.4265,0.9999,0.0127,0.0000,-0.0127,0.9999,0.0000,0.0000,0.0000,1.0000,0.1972,0.1336,0.1265
169,7,13.9045,-0.1594,0.4491,0.9999,0.0127,0.0000,-0.0127,0.9999,0.0000,0.0000,0.0000,1.0000,0.1624,0.1625,0.0548
169,8,13.9314,-0.1158,0.4472,0.9999,0.0127,0.0000,-0.0127,0.9999,0.0000,0.0000,0.0000,1.0000,0.0831,0.2046,0.1050
169,9,13.9608,-0.0491,0.4544,0.9999,0.0127,0.0000,-0.0127,0.9999,0.0000,0.0000,0.0000,1.0000,0.0210,0.0279,0.0569
169,10,14.0055,-0.1085,0.4546,0.9999,0.0127,0.0000,-0.0127,0.9999,0.0000,0.0000,0.0000,1.0000,0.0210,0.0279,0.0569
170,0,13.4845,-0.0487,0.4400,0.9999,0.0140,0.0000,-0.0140,0.9999,0.0000,0.0000,0.0000,1.0000,0.2577,0.2263,0.1400
170,1,13.4926,-0.0457,0.6052,0.9999,0.0140,0.0000,-0.0140,0.9999,0.0000,0.0000,0.0000,1.0000,0.1100,0.2168,0.3052
170,2,13.5693,-0.1049,0.5173,0.9999,0.0140,0.0000,-0.0140,0.9999,0.0000,0.0000,0.0000,1.0000,0.1101,0.3070,0.2173
170,3,13.5942,-0.2813,0.5889,0.9999,0.0140,0.0000,-0.0140,0.9999,0.0000,0.0000,0.0000,1.0000,0.2836,0.2073,0.2889
170,4,13.7129,-0.3261,0.5062,0.9999,0.0140,0.0000,-0.0140,0.9999,0.0000,0.0000,0.0000,1.0000,0.2820,0.2947,0.2062
170,5,13.8786,-0.1870,0.6614,0.9999,0.0140,0.0000,-0.0140,0.9999,0.0000,0.0000,0.0000,1.0000,0.1112,0.2100,0.3614
170,6,13.9713,-0.1662,0.4265,0.9999,0.0140,0.0000,-0.0140,0.9999,0.0000,0.0000,0.0000,1.0000,0.1972,0.1336,0.1265
170,7,14.0801,-0.1563,0.4491,0.9999,0.0140,0.0000,-0.0140,0.9999,0.0000,0.0000,0.0000,1.0000,0.1624,0.1625,0.0548
170,8,14.1069,-0.1127,0.4472,0.9999,0.0140,0.0000,-0.0140,0.9999,0.0000,0.0000,0.0000,1.0000,0.0831,0.2046,0.1050
170,9,14.1363,-0.0460,0.4544,0.9999,0.0140,0.0000,-0.0140,0.9999,0.0000,0.0000,0.0000,1.0000,0.0210,0.0279,0.0569
170,10,14.1810,-0.1053,0.4546,0.9999,0.0140,0.0000,-0.0140,0.9999,0.0000,0.0000,0.0000,1.0000,0.0210,0.0279,0.0569
171,0,13.6545,-0.0463,0.4400,0.9999,0.0153,0.0000,-0.0153,0.9999,0.0000,0.0000,0.0000,1.0000,0.2577,0.2263,0.1400
171,1,13.6625,-0.0432,0.6052,0.9999,0.0153,0.0000,-0.0153,0.9999,0.0000,0.0000,0.0000,1.0000,0.1100,0.2168,0.3052
171,2,13.7393,-0.1024,0.5173,0.9999,0.0153,0.0000,-0.0153,0.9999,0.0000,0.0000,0.0000,1.0000,0.1101,0.3070,0.2173
171,3,13.7644,-0.2787,0.5889,0.9999,0.0153,0.0000,-0.0153,0.9999,0.0000,0.0000,0.0000,1.0000,0.2836,0.2073,0.2889
171,4,13.8832,-0.3234,0.5062,0.9999,0.0153,0.0000,-0.0153,0.9999,0.0000,0.0000,0.0000,1.0000,0.2820,0.2947,0.2062
171,5,14.0487,-0.1840,0.6614,0.9999,0.0153,0.0000,-0.0153,0.9999,0.0000,0.0000,0.0000,1.0000,0.1112,0.2100,0.3614
171,6,14.1414,-0.1631,0.4265,0.9999,0.0153,0.0000,-0.0153,0.9999,0.0000,0.0000,0.0000,1.0000,0.1972,0.1336,0.1265
171,7,14.2502,-0.1530,0.4491,0.9999,0.0153,0.0000,-0.0153,0.9999,0.0000,0.0000,0.0000,1.0000,0.1624,0.1625,0.0548
171,8,14.2769,-0.1094,0.4472,0.9999,0.0153,0.0000,-0.0153,0.9999,0.0000,0.0000,0.0000,1.0000,0.0831,0.2046,0.1050
171,9,14.3062,-0.0427,0.4544,0.9999,0.0153,0.0000,-0.0153,0.9999,0.0000,0.0000,0.0000,1.0000,0.0210,0.0279,0.0569
171,10,14.3510,-0.1019,0.4546,0.9999,0.0153,0.0000,-0.0153,0.9999,0.0000,0.0000,0.0000,1.0000,0.0210,0.0279,0.0569
172,0,13.8181,-0.0437,0.4400,0.9999,0.0166,0.0000,-0.0166,0.9999,0.0000,0.0000,0.0000,1.0000,0.2577,0.2263,0.1400
172,1,13.8261,-0.0407,0.6052,0.9999,0.0166,0.0000,-0.0166,0.9999,0.0000,0.0000,0.0000,1.0000,0.1100,0.2168,0.3052
172,2,13.9030,-0.0997,0.5173,0.9999,0.0166,0.0000,-0.0166,0.9999,0.0000,0.0000,0.0000,1.0000,0.1101,0.3070,0.2173
172,3,13.9283,-0.2760,0.5889,0.9999,0.0166,0.0000,-0.0166,0.9999,0.0000,0.0000,0.0000,1.0000,0.2836,0.2073,0.2889
172,4,14.0472,-0.3205,0.5062,0.9999,0.0166,0.0000,-0.0166,0.9999,0.0000,0.0000,0.0000,1.0000,0.2820,0.2947,0.2062
172,5,14.2125,-0.1810,0.6614,0.9999,0.0166,0.0000,-0.0166,0.9999,0.0000,0.0000,0.0000,1.0000,0.1112,0.2100,0.3614
172,6,14.3052,-0.1599,0.4265,0.9999,0.0166,0.0000,-0.0166,0.9999,0.0000,0.0000,0.0000,1.0000,0.1972,0.1336,0.1265
172,7,14.4139,-0.1497,0.4491,0.9999,0.0166,0.0000,-0.0166,0.9999,0.0000,0.0000,0.0000,1.0000,0.1624,0.1625,0.0548
172,8,14.4406,-0.1061,0.4472,0.9999,0.0166,0.0000,-0.0166,0.9999,0.0000,0.0000,0.0000,1.0000,0.0831,0.2046,0.1050
172,9,14.4698,-0.0393,0.4544,0.9999,0.0166,0.0000,-0.0166,0.9999,0.0000,0.0000,0.0000,1.0000,0.0210,0.0279,0.0569
172,10,14.5147,-0.0984,0.4546,0.9999,0.0166,0.0000,-0.0166,0.9999,0.0000,0.0000,0.0000,1.0000,0.0210,0.0279,0.0569
173,0,13.9746,-0.0411,0.4400,0.9998,0.0179,0.0000,-0.0179,0.9998,0.0000,0.0000,0.0000,1.0000,0.2577,0.2263,0.1400
173,1,13.9827,-0.0380,0.6052,0.9998,0.0179,0.0000,-0.0179,0.9998,0.0000,0.0000,0.0000,1.0000,0.1100,0.2168,0.3052
173,2,14.0597,-0.0969,0.5173,0.9998,0.0179,0.0000,-0.0179,0.9998,0.0000,0.0000,0.0000,1.0000,0.1101,0.3070,0.2173
173,3,14.0852,-0.2732,0.5889,0.9998,0.0179,0.0000,-0.0179,0.9998,0.0000,0.0000,0.0000,1.0000,0.2836,0.2073,0.2889
173,4,14.2041,-0.3176,0.5062,0.9998,0.0179,0.0000,-0.0179,0.9998,0.0000,0.0000,0.0000,1.0000,0.2820,0.2947,0.2062
173,5,14.3692,-0.1778,0.6614,0.9998,0.0179,0.0000,-0.0179,0.9998,0.0000,0.0000,0.0000,1.0000,0.1112,0.2100,0.3614
173,6,14.4619,-0.1567,0.4265,0.9998,0.0179,0.0000,-0.0179,0.9998,0.0000,0.0000,0.0000,1.0000,0.1972,0.1336,0.1265
173,7,14.5706,-0.1463,0.4491,0.9998,0.0179,0.0000,-0.0179,0.9998,0.0000,0.0000,0.0000,1.0000,0.1624,0.1625,0.0548
173,8,14.5972,-0.1027,0.4472,0.9998,0.0179,0.0000,-0.0179,0.9998,0.0000,0.0000,0.0000,1.0000,0.0831,0.2046,0.1050
173,9,14.6264,-0.0358,0.4544,0.9998,0.0179,0.0000,-0.0179,0.9998,0.0000,0.0000,0.0000,1.0000,0.0210,0.0279,0.0569
173,10,14.6713,-0.0949,0.4546,0.9998,0.0179,0.0000,-0.0179,0.9998,0.0000,0.0000,0.0000,1.0000,0.0210,0.0279,0.0569
174,0,14.1240,-0.0384,0.4400,0.9998,0.0191,0.0000,-0.0191,0.9998,0.0000,0.0000,0.0000,1.0000,0.2577,0.2263,0.1400
174,1,14.1320,-0.0353,0.6052,0.9998,0.0191,0.0000,-0.0191,0.9998,0.0000,0.0000,0.0000,1.0000,0.1100,0.2168,0.3052
174,2,14.2091,-0.0941,0.5173,0.9998,0.0191,0.0000,-0.0191,0.9998,0.0000,0.0000,0.0000,1.0000,0.1101,0.3070,0.2173
174,3,14.2348,-0.2704,0.5889,0.9998,0.0191,0.0000,-0.0191,0.9998,0.0000,0.0000,0.0000,1.0000,0.2836,0.2073,0.2889
174,4,14.3538,-0.3146,0.5062,0.9998,0.0191,0.0000,-0.0191,0.9998,0.0000,0.0000,0.0000,1.0000,0.2820,0.2947,0.2062
174,5,14.5188,-0.1746,0.6614,0.9998,0.0191,0.0000,-0.0191,0.9998,0.0000,0.0000,0.0000,1.0000,0.1112,0.2100,0.3614
174,6,14.6114,-0.1534,0.4265,0.9998,0.0191,0.0000,-0.0191,0.9998,0.0000,0.0000,0.0000,1.0000,0.1972,0.1336,0.1265
174,7,14.7201,-0.1429,0.4491,0.9998,0.0191,0.0000,-0.0191,0.9998,0.0000,0.0000,0.0000,1.0000,0.1624,0.1625,0.0548
174,8,14.7467,-0.0992,0.4472,0.9998,0.0191,0.0000,-0.0191,0.9998,0.0000,0.0000,0.0000,1.0000,0.0831,0.2046,0.1050
174,9,14.7757,-0.0323,0.4544,0.9998,0.0191,0.0000,-0.0191,0.9998,0.0000,0.0000,0.0000,1.0000,0.0210,0.0279,0.0569
174,10,14.8207,-0.0914,0.4546,0.9998,0.0191,0.0000,-0.0191,0.9998,0.0000,0.0000,0.0000,1.0000,0.0210,0.0279,0.0569
175,0,14.2665,-0.0356,0.4400,0.9998,0.0202,0.0000,-0.0202,0.9998,0.0000,0.0000,0.0000,1.0000,0.2577,0.2263,0.1400
175,1,14.2746,-0.0325,0.6052,0.9998,0.0202,0.0000,-0.0202,0.9998,0.0000,0.0000,0.0000,1.0000,0.1100,0.2168,0.3052
175,2,14.3517,-0.0913,0.5173,0.9998,0.0202,0.0000,-0.0202,0.9998,0.0000,0.0000,0.0000,1.0000,0.1101,0.3070,0.2173
175,3,14.3776,-0.2675,0.5889,0.9998,0.0202,0.0000,-0.0202,0.9998,0.0000,0.0000,0.0000,1.0000,0.2836,0.2073,0.2889
175,4,14.4966,-0.3116,0.5062,0.9998,0.0202,0.0000,-0.0202,0.9998,0.0000,0.0000,0.0000,1.0000,0.2820,0.2947,0.2062
175,5,14.6614,-0.1714,0.6614,0.9998,0.0202,0.0000,-0.0202,0.9998,0.0000,0.0000,0.0000,1.0000,0.1112,0.2100,0.3614
175,6,14.7540,-0.1501,0.4265,0.9998,0.0202,0.0000,-0.0202,0.9998,0.0000,0.0000,0.0000,1.0000,0.1972,0.1336,0.1265
175,7,14.8627,-0.1395,0.4491,0.9998,0.0202,0.0000,-0.0202,0.9998,0.0000,0.0000,0.0000,1.0000,0.1624,0.1625,0.0548
175,8,14.8893,-0.0957,0.4472,0.9998,0.0202,0.0000,-0.0202,0.9998,0.0000,0.0000,0.0000,1.0000,0.0831,0.2046,0.1050
175,9,14.9182,-0.0288,0.4544,0.9998,0.0202,0.0000,-0.0202,0.9998,0.0000,0.0000,0.0000,1.0000,0.0210,0.0279,0.0569
175,10,14.9633,-0.0878,0.4546,0.9998,0.0202,0.0000,-0.0202,0.9998,0.0000,0.0000,0.0000,1.0000,0.0210,0.0279,0.0569
176,0,14.4032,-0.0328,0.4400,0.9998,0.0213,0.0000,-0.0213,0.9998,0.0000,0.0000,0.0000,1.0000,0.2577,0.2263,0.1400
176,1,14.4113,-0.0297,0.6052,0.9998,0.0213,0.0000,-0.0213,0.9998,0.0000,0.0000,0.0000,1.0000,0.1100,0.2168,0.3052
176,2,14.4884,-0.0884,0.5173,0.9998,0.0213,0.0000,-0.0213,0.9998,0.0000,0.0000,0.0000,1.0000,0.1101,0.3070,0.2173
176,3,14.5146,-0.2646,0.5889,0.9998,0.0213,0.0000,-0.0213,0.9998,0.0000,0.0000,0.0000,1.0000,0.2836,0.2073,0.2889
176,4,14.6337,-0.3086,0.5062,0.9998,0.0213,0.0000,-0.0213,0.9998,0.0000,0.0000,0.0000,1.0000,0.2820,0.2947,0.2062
176,5,14.7983,-0.1682,0.6614,0.9998,0.0213,0.0000,-0.0213,0.9998,0.0000,0.0000,0.0000,1.0000,0.1112,0.2100,0.3614
176,6,14.8909,-0.1468,0.4265,0.9998,0.0213,0.0000,-0.0213,0.9998,0.0000,0.0000,0.0000,1.0000,0.1972,0.1336,0.1265
176,7,14.9996,-0.1360,0.4491,0.9998,0.0213,0.0000,-0.0213,0.9998,0.0000,0.0000,0.0000,1.0000,0.1624,0.1625,0.0548
176,8,15.0260,-0.0923,0.4472,0.9998,0.0213,0.0000,-0.0213,0.9998,0.0000,0.0000,0.0000,1.0000,0.0831,0.2046,0.1050
176,9,15.0549,-0.0253,0.4544,0.9998,0.0213,0.0000,-0.0213,0.9998,0.0000,0.0000,0.0000,1.0000,0.0210,0.0279,0.0569
176,10,15.1001,-0.0843,0.4546,0.9998,0.0213,0.0000,-0.0213,0.9998,0.0000,0.0000,0.0000,1.0000,0.0210,0.0279,0.0569
177,0,14.5355,-0.0300,0.4400,0.9997,0.0224,0.0000,-0.0224,0.9997,0.0000,0.0000,0.0000,1.0000,0.2577,0.2263,0.1400
177,1,14.5435,-0.0269,0.6052,0.9997,0.0224,0.0000,-0.0224,0.9997,0.0000,0.0000,0.0000,1.0000,0.1100,0.2168,0.3052
177,2,14.6207,-0.0855,0.5173,0.9997,0.0224,0.0000,-0.0224,0.9997,0.0000,0.0000,0.0000,1.0000,0.1101,0.3070,0.2173
177,3,14.6471,-0.2616,0.5889,0.9997,0.0224,0.0000,-0.0224,0.9997,0.0000,0.0000,0.0000,1.0000,0.2836,0.2073,0.2889
177,4,14.7662,-0.3055,0.5062,0.9997,0.0224,0.0000,-0.0224,0.9997,0.0000,0.0000,0.0000,1.0000,0.2820,0.2947,0.2062
177,5,14.9307,-0.1650,0.6614,0.9997,0.0224,0.0000,-0.0224,0.9997,0.0000,0.0000,0.0000,1.0000,0.1112,0.2100,0.3614
177,6,15.0232,-0.1434,0.4265,0.9997,0.0224,0.0000,-0.0224,0.9997,0.0000,0.0000,0.0000,1.0000,0.1972,0.1336,0.1265
177,7,15.1319,-0.1325,0.4491,0.9997,0.0224,0.0000,-0.0224,0.9997,0.0000,0.0000,0.0000,1.0000,0.1624,0.1625,0.0548
177,8,15.1583,-0.0887,0.4472,0.9997,0.0224,0.0000,-0.0224,0.9997,0.0000,0.0000,0.0000,1.0000,0.0831,0.2046,0.1050
177,9,15.1871,-0.0218,0.4544,0.9997,0.0224,0.0000,-0.0224,0.9997,0.0000,0.0000,0.0000,1.0000,0.0210,0.0279,0.0569
177,10,15.2324,-0.0807,0.4546,0.9997,0.0224,0.0000,-0.0224,0.9997,0.0000,0.0000,0.0000,1.0000,0.0210,0.0279,0.0569
178,0,14.6642,-0.0271,0.4400,0.9997,0.0235,0.0000,-0.0235,0.9997,0.0000,0.0000,0.0000,1.0000,0.2577,0.2263,0.1400
178,1,14.6723,-0.0240,0.6052,0.9997,0.0235,0.0000,-0.0235,0.9997,0.0000,0.0000,0.0000,1.0000,0.1100,0.2168,0.3052
178,2,14.7496,-0.0825,0.5173,0.9997,0.0235,0.0000,-0.0235,0.9997,0.0000,0.0000,0.0000,1.0000,0.1101,0.3070,0.2173
178,3,14.7761,-0.2586,0.5889,0.9997,0.0235,0.0000,-0.0235,0.9997,0.0000,0.0000,0.0000,1.0000,0.2836,0.2073,0.2889
178,4,14.8953,-0.3023,0.5062,0.9997,0.0235,0.0000,-0.0235,0.9997,0.0000,0.0000,0.0000,1.0000,0.2820,0.2947,0.2062
178,5,15.0596,-0.1616,0.6614,0.9997,0.0235,0.0000,-0.0235,0.9997,0.0000,0.0000,0.0000,1.0000,0.1112,0.2100,0.3614
178,6,15.1521,-0.1399,0.4265,0.9997,0.0235,0.0000,-0.0235,0.9997,0.0000,0.0000,0.0000,1.0000,0.1972,0.1336,0.1265
178,7,15.2608,-0.1289,0.4491,0.9997,0.0235,0.0000,-0.0235,0.9997,0.0000,0.0000,0.0000,1.0000,0.1624,0.1625,0.0548
178,8,15.2872,-0.0851,0.4472,0.9997,0.0235,0.0000,-0.0235,0.9997,0.0000,0.0000,0.0000,1.0000,0.0831,0.2046,0.1050
178,9,15.3159,-0.0181,0.4544,0.9997,0.0235,0.0000,-0.0235,0.9997,0.0000,0.0000,0.0000,1.0000,0.0210,0.0279,0.0569
178,10,15.3612,-0.0770,0.4546,0.9997,0.0235,0.0000,-0.0235,0.9997,0.0000,0.0000,0.0000,1.0000,0.0210,0.0279,0.0569
179,0,14.7901,-0.0241,0.4400,0.9997,0.0246,0.0000,-0.0246,0.9997,0.0000,0.0000,0.0000,1.0000,0.2577,0.2263,0.1400
179,1,14.7981,-0.0210,0.6052,0.9997,0.0246,0.0000,-0.0246,0.9997,0.0000,0.0000,0.0000,1.0000,0.1100,0.2168,0.3052
179,2,14.8755,-0.0794,0.5173,0.9997,0.0246,0.0000,-0.0246,0.9997,0.0000,0.0000,0.0000,1.0000,0.1101,0.3070,0.2173
179,3,14.9022,-0.2555,0.5889,0.9997,0.0246,0.0000,-0.0246,0.9997,0.0000,0.0000,0.0000,1.0000,0.2836,0.2073,0.2889
179,4,15.0214,-0.2991,0.5062,0.9997,0.0246,0.0000,-0.0246,0.9997,0.0000,0.0000,0.0000,1.0000,0.2820,0.2947,0.2062
179,5,15.1856,-0.1582,0.6614,0.9997,0.0246,0.0000,-0.0246,0.9997,0.0000,0.0000,0.0000,1.0000,0.1112,0.2100,0.3614
179,6,15.2781,-0.1364,0.4265,0.9997,0.0246,0.0000,-0.0246,0.9997,0.0000,0.0000,0.0000,1.0000,0.1972,0.1336,0.1265
179,7,15.3868,-0.1253,0.4491,0.9997,0.0246,0.0000,-0.0246,0.9997,0.0000,0.0000,0.0000,1.0000,0.1624,0.1625,0.0548
179,8,15.4131,-0.0815,0.4472,0.9997,0.0246,0.0000,-0.0246,0.9997,0.0000,0.0000,0.0000,1.0000,0.0831,0.2046,0.1050
179,9,15.4418,-0.0144,0.4544,0.9997,0.0246,0.0000,-0.0246,0.9997,0.0000,0.0000,0.0000,1.0000,0.0210,0.0279,0.0569
179,10,15.4871,-0.0733,0.4546,0.9997,0.0246,0.0000,-0.0246,0.9997,0.0000,0.0000,0.0000,1.0000,0.0210,0.0279,0.0569
180,0,14.9133,-0.0210,0.4400,0.9997,0.0257,0.0000,-0.0257,0.9997,0.0000,0.0000,0.0000,1.0000,0.2577,0.2263,0.1400
180,1,14.9213,-0.0179,0.6052,0.9997,0.0257,0.0000,-0.0257,0.9997,0.0000,0.0000,0.0000,1.0000,0.1100,0.2168,0.3052
180,2,14.9988,-0.0762,0.5173,0.9997,0.0257,0.0000,-0.0257,0.9997,0.0000,0.0000,0.0000,1.0000,0.1101,0.3070,0.2173
180,3,15.0257,-0.2523,0.5889,0.9997,0.0257,0.0000,-0.0257,0.9997,0.0000,0.0000,0.0000,1.0000,0.2836,0.2073,0.2889
180,4,15.1449,-0.2958,0.5062,0.9997,0.0257,0.0000,-0.0257,0.9997,0.0000,0.0000,0.0000,1.0000,0.2820,0.2947,0.2062
180,5,15.3090,-0.1547,0.6614,0.9997,0.0257,0.0000,-0.0257,0.9997,0.0000,0.0000,0.0000,1.0000,0.1112,0.2100,0.3614
180,6,15.4014,-0.1328,0.4265,0.9997,0.0257,0.0000,-0.0257,0.9997,0.0000,0.0000,0.0000,1.0000,0.1972,0.1336,0.1265
180,7,15.5101,-0.1216,0.4491,0.9997,0.0257,0.0000,-0.0257,0.9997,0.0000,0.0000,0.0000,1.0000,0.1624,0.1625,0.0548
180,8,15.5364,-0.0777,0.4472,0.9997,0.0257,0.0000,-0.0257,0.9997,0.0000,0.0000,0.0000,1.0000,0.0831,0.2046,0.1050
180,9,15.5650,-0.0107,0.4544,0.9997,0.0257,0.0000,-0.0257,0.9997,0.0000,0.0000,0.0000,1.0000,0.0210,0.0279,0.0569
180,10,15.6104,-0.0694,0.4546,0.9997,0.0257,0.0000,-0.0257,0.9997,0.0000,0.0000,0.0000,1.0000,0.0210,0.0279,0.0569
181,0,15.0338,-0.0179,0.4400,0.9996,0.0268,0.0000,-0.0268,0.9996,0.0000,0.0000,0.0000,1.0000,0.2577,0.2263,0.1400
181,1,15.0418,-0.0148,0.6052,0.9996,0.0268,0.0000,-0.0268,0.9996,0.0000,0.0000,0.0000,1.0000,0.1100,0.2168,0.3052
181,2,15.1193,-0.0730,0.5173,0.9996,0.0268,0.0000,-0.0268,0.9996,0.0000,0.0000,0.0000,1.0000,0.1101,0.3070,0.2173
181,3,15.1465,-0.2491,0.5889,0.9996,0.0268,0.0000,-0.0268,0.9996,0.0000,0.0000,0.0000,1.0000,0.2836,0.2073,0.2889
181,4,15.2658,-0.2924,0.5062,0.9996,0.0268,0.0000,-0.0268,0.9996,0.0000,0.0000,0.0000,1.0000,0.2820,0.2947,0.2062
181,5,15.4296,-0.1511,0.6614,0.9996,0.0268,0.0000,-0.0268,0.9996,0.0000,0.0000,0.0000,1.0000,0.1112,0.2100,0.3614
181,6,15.5221,-0.1291,0.4265,0.9996,0.0268,0.0000,-0.0268,0.9996,0.0000,0.0000,0.0000,1.0000,0.1972,0.1336,0.1265
181,7,15.6307,-0.1178,0.4491,0.9996,0.0268,0.0000,-0.0268,0.9996,0.0000,0.0000,0.0000,1.0000,0.1624,0.1625,0.0548
181,8,15.6569,-0.0739,0.4472,0.9996,0.0268,0.0000,-0.0268,0.9996,0.0000,0.0000,0.0000,1.0000,0.0831,0.2046,0.1050
181,9,15.6855,-0.0068,0.4544,0.9996,0.0268,0.0000,-0.0268,0.9996,0.0000,0.0000,0.0000,1.0000,0.0210,0.0279,0.0569
181,10,15.7309,-0.0655,0.4546,0.9996,0.0268,0.0000,-0.0268,0.9996,0.0000,0.0000,0.0000,1.0000,0.0210,0.0279,0.0569
182,0,15.1516,-0.0147,0.4400,0.9996,0.0279,0.0000,-0.0279,0.9996,0.0000,0.0000,0.0000,1.0000,0.2577,0.2263,0.1400
182,1,15.1596,-0.0116,0.6052,0.9996,0.0279,0.0000,-0.0279,0.9996,0.0000,0.0000,0.0000,1.0000,0.1100,0.2168,0.3052
182,2,15.2372,-0.0698,0.5173,0.9996,0.0279,0.0000,-0.0279,0.9996,0.0000,0.0000,0.0000,1.0000,0.1101,0.3070,0.2173
182,3,15.2645,-0.2458,0.5889,0.9996,0.0279,0.0000,-0.0279,0.9996,0.0000,0.0000,0.0000,1.0000,0.2836,0.2073,0.2889
182,4,15.3838,-0.2889,0.5062,0.9996,0.0279,0.0000,-0.0279,0.9996,0.0000,0.0000,0.0000,1.0000,0.2820,0.2947,0.2062
182,5,15.5476,-0.1475,0.6614,0.9996,0.0279,0.0000,-0.0279,0.9996,0.0000,0.0000,0.0000,1.0000,0.1112,0.2100,0.3614
182,6,15.6400,-0.1254,0.4265,0.9996,0.0279,0.0000,-0.0279,0.9996,0.0000,0.0000,0.0000,1.0000,0.1972,0.1336,0.1265
182,7,15.7486,-0.1140,0.4491,0.9996,0.0279,0.0000,-0.0279,0.9996,0.0000,0.0000,0.0000,1.0000,0.1624,0.1625,0.0548
182,8,15.7748,-0.0700,0.4472,0.9996,0.0279,0.0000,-0.0279,0.9996,0.0000,0.0000,0.0000,1.0000,0.0831,0.2046,0.1050
182,9,15.8032,-0.0029,0.4544,0.9996,0.0279,0.0000,-0.0279,0.9996,0.0000,0.0000,0.0000,1.0000,0.0210,0.0279,0.0569
182,10,15.8488,-0.0616,0.4546,0.9996,0.0279,0.0000,-0.0279,0.9996,0.0000,0.0000,0.0000,1.0000,0.0210,0.0279,0.0569
183,0,15.2667,-0.0115,0.4400,0.9996,0.0290,0.0000,-0.0290,0.9996,0.0000,0.0000,0.0000,1.0000,0.2577,0.2263,0.1400
183,1,15.2747,-0.0084,0.6052,0.9996,0.0290,0.0000,-0.0290,0.9996,0.0000,0.0000,0.0000,1.0000,0.1100,0.2168,0.3052
183,2,15.3524,-0.0664,0.5173,0.9996,0.0290,0.0000,-0.0290,0.9996,0.0000,0.0000,0.0000,1.0000,0.1101,0.3070,0.2173
183,3,15.3799,-0.2424,0.5889,0.9996,0.0290,0.0000,-0.0290,0.9996,0.0000,0.0000,0.0000,1.0000,0.2836,0.2073,0.2889
183,4,15.4993,-0.2855,0.5062,0.9996,0.0290,0.0000,-0.0290,0.9996,0.0000,0.0000,0.0000,1.0000,0.2820,0.2947,0.2062
183,5,15.6628,-0.1439,0.6614,0.9996,0.0290,0.0000,-0.0290,0.9996,0.0000,0.0000,0.0000,1.0000,0.1112,0.2100,0.3614
183,6,15.7552,-0.1217,0.4265,0.9996,0.0290,0.0000,-0.0290,0.9996,0.0000,0.0000,0.0000,1.0000,0.1972,0.1336,0.1265
183,7,15.8638,-0.1101,0.4491,0.9996,0.0290,0.0000,-0.0290,0.9996,0.0000,0.0000,0.0000,1.0000,0.1624,0.1625,0.0548
183,8,15.8900,-0.0661,0.4472,0.9996,0.0290,0.0000,-0.0290,0.9996,0.0000,0.0000,0.0000,1.0000,0.0831,0.2046,0.1050
183,9,15.9183,0.0010,0.4544,0.9996,0.0290,0.0000,-0.0290,0.9996,0.0000,0.0000,0.0000,1.0000,0.0210,0.0279,0.0569
183,10,15.9640,-0.0576,0.4546,0.9996,0.0290,0.0000,-0.0290,0.9996,0.0000,0.0000,0.0000,1.0000,0.0210,0.0279,0.0569
184,0,15.3792,-0.0082,0.4400,0.9995,0.0301,0.0000,-0.0301,0.9995,0.0000,0.0000,0.0000,1.0000,0.2577,0.2263,0.1400
184,1,15.3872,-0.0051,0.6052,0.9995,0.0301,0.0000,-0.0301,0.9995,0.0000,0.0000,0.0000,1.0000,0.1100,0.2168,0.3052
184,2,15.4649,-0.0631,0.5173,0.9995,0.0301,0.0000,-0.0301,0.9995,0.0000,0.0000,0.0000,1.0000,0.1101,0.3070,0.2173
184,3,15.4926,-0.2390,0.5889,0.9995,0.0301,0.0000,-0.0301,0.9995,0.0000,0.0000,0.0000,1.0000,0.2836,0.2073,0.2889
184,4,15.6121,-0.2819,0.5062,0.9995,0.0301,0.0000,-0.0301,0.9995,0.0000,0.0000,0.0000,1.0000,0.2820,0.2947,0.2062
184,5,15.7755,-0.1401,0.6614,0.9995,0.0301,0.0000,-0.0301,0.9995,0.0000,0.0000,0.0000,1.0000,0.1112,0.2100,0.3614
184,6,15.8678,-0.1178,0.4265,0.9995,0.0301,0.0000,-0.0301,0.9995,0.0000,0.0000,0.0000,1.0000,0.1972,0.1336,0.1265
184,7,15.9764,-0.1062,0.4491,0.9995,0.0301,0.0000,-0.0301,0.9995,0.0000,0.0000,0.0000,1.0000,0.1624,0.1625,0.0548
184,8,16.0025,-0.0622,0.4472,0.9995,0.0301,0.0000,-0.0301,0.9995,0.0000,0.0000,0.0000,1.0000,0.0831,0.2046,0.1050
184,9,16.0308,0.0050,0.4544,0.9995,0.0301,0.0000,-0.0301,0.9995,0.0000,0.0000,0.0000,1.0000,0.0210,0.0279,0.0569
184,10,16.0765,-0.0535,0.4546,0.9995,0.0301,0.0000,-0.0301,0.9995,0.0000,0.0000,0.0000,1.0000,0.0210,0.0279,0.0569
185,0,15.4889,-0.0049,0.4400,0.9995,0.0312,0.0000,-0.0312,0.9995,0.0000,0.0000,0.0000,1.0000,0.2577,0.2263,0.1400
185,1,15.4969,-0.0017,0.6052,0.9995,0.0312,0.0000,-0.0312,0.9995,0.0000,0.0000,0.0000,1.0000,0.1100,0.2168,0.3052
185,2,15.5747,-0.0596,0.5173,0.9995,0.0312,0.0000,-0.0312,0.9995,0.0000,0.0000,0.0000,1.0000,0.1101,0.3070,0.2173
185,3,15.6026,-0.2356,0.5889,0.9995,0.0312,0.0000,-0.0312,0.9995,0.0000,0.0000,0.0000,1.0000,0.2836,0.2073,0.2889
185,4,15.7221,-0.2783,0.5062,0.9995,0.0312,0.0000,-0.0312,0.9995,0.0000,0.0000,0.0000,1.0000,0.2820,0.2947,0.2062
185,5,15.8853,-0.1364,0.6614,0.9995,0.0312,0.0000,-0.0312,0.9995,0.0000,0.0000,0.0000,1.0000,0.1112,0.2100,0.3614
185,6,15.9777,-0.1140,0.4265,0.9995,0.0312,0.0000,-0.0312,0.9995,0.0000,0.0000,0.0000,1.0000,0.1972,0.1336,0.1265
185,7,16.0863,-0.1022,0.4491,0.9995,0.0312,0.0000,-0.0312,0.9995,0.0000,0.0000,0.0000,1.0000,0.1624,0.1625,0.0548
185,8,16.1123,-0.0582,0.4472,0.9995,0.0312,0.0000,-0.0312,0.9995,0.0000,0.0000,0.0000,1.0000,0.0831,0.2046,0.1050
185,9,16.1405,0.0090,0.4544,0.9995,0.0312,0.0000,-0.0312,0.9995,0.0000,0.0000,0.0000,1.0000,0.0210,0.0279,0.0569
185,10,16.1863,-0.0495,0.4546,0.9995,0.0312,0.0000,-0.0312,0.9995,0.0000,0.0000,0.0000,1.0000,0.0210,0.0279,0.0569
186,0,15.5956,-0.0015,0.4400,0.9995,0.0322,0.0000,-0.0322,0.9995,0.0000,0.0000,0.0000,1.0000,0.2577,0.2263,0.1400
186,1,15.6036,0.0016,0.6052,0.9995,0.0322,0.0000,-0.0322,0.9995,0.0000,0.0000,0.0000,1.0000,0.1100,0.2168,0.3052
186,2,15.6814,-0.0562,0.5173,0.9995,0.0322,0.0000,-0.0322,0.9995,0.0000,0.0000,0.0000,1.0000,0.1101,0.3070,0.2173
186,3,15.7095,-0.2321,0.5889,0.9995,0.0322,0.0000,-0.0322,0.9995,0.0000,0.0000,0.0000,1.0000,0.2836,0.2073,0.2889
186,4,15.8291,-0.2748,0.5062,0.9995,0.0322,0.0000,-0.0322,0.9995,0.0000,0.0000,0.0000,1.0000,0.2820,0.2947,0.2062
186,5,15.9922,-0.1326,0.6614,0.9995,0.0322,0.0000,-0.0322,0.9995,0.0000,0.0000,0.0000,1.0000,0.1112,0.2100,0.3614
186,6,16.0845,-0.1101,0.4265,0.9995,0.0322,0.0000,-0.0322,0.9995,0.0000,0.0000,0.0000,1.0000,0.1972,0.1336,0.1265
186,7,16.1931,-0.0982,0.4491,0.9995,0.0322,0.0000,-0.0322,0.9995,0.0000,0.0000,0.0000,1.0000,0.1624,0.1625,0.0548
186,8,16.2191,-0.0542,0.4472,0.9995,0.0322,0.0000,-0.0322,0.9995,0.0000,0.0000,0.0000,1.0000,0.0831,0.2046,0.1050
186,9,16.2472,0.0131,0.4544,0.9995,0.0322,0.0000,-0.0322,0.9995,0.0000,0.0000,0.0000,1.0000,0.0210,0.0279,0.0569
186,10,16.2930,-0.0454,0.4546,0.9995,0.0322,0.0000,-0.0322,0.9995,0.0000,0.0000,0.0000,1.0000,0.0210,0.0279,0.0569
187,0,15.6990,0.0018,0.4400,0.9994,0.0333,0.0000,-0.0333,0.9994,0.0000,0.0000,0.0000,1.0000,0.2577,0.2263,0.1400
187,1,15.7070,0.0050,0.6052,0.9994,0.0333,0.0000,-0.0333,0.9994,0.0000,0.0000,0.0000,1.0000,0.1100,0.2168,0.3052
187,2,15.7849,-0.0528,0.5173,0.9994,0.0333,0.0000,-0.0333,0.9994,0.0000,0.0000,0.0000,1.0000,0.1101,0.3070,0.2173
187,3,15.8132,-0.2286,0.5889,0.9994,0.0333,0.0000,-0.0333,0.9994,0.0000,0.0000,0.0000,1.0000,0.2836,0.2073,0.2889
187,4,15.9327,-0.2712,0.5062,0.9994,0.0333,0.0000,-0.0333,0.9994,0.0000,0.0000,0.0000,1.0000,0.2820,0.2947,0.2062
187,5,16.0957,-0.1289,0.6614,0.9994,0.0333,0.0000,-0.0333,0.9994,0.0000,0.0000,0.0000,1.0000,0.1112,0.2100,0.3614
187,6,16.1880,-0.1063,0.4265,0.9994,0.0333,0.0000,-0.0333,0.9994,0.0000,0.0000,0.0000,1.0000,0.1972,0.1336,0.1265
187,7,16.2966,-0.0943,0.4491,0.9994,0.0333,0.0000,-0.0333,0.9994,0.0000,0.0000,0.0000,1.0000,0.1624,0.1625,0.0548
187,8,16.3225,-0.0502,0.4472,0.9994,0.0333,0.0000,-0.0333,0.9994,0.0000,0.0000,0.0000,1.0000,0.0831,0.2046,0.1050
187,9,16.3506,0.0171,0.4544,0.9994,0.0333,0.0000,-0.0333,0.9994,0.0000,0.0000,0.0000,1.0000,0.0210,0.0279,0.0569
187,10,16.3964,-0.0413,0.4546,0.9994,0.0333,0.0000,-0.0333,0.9994,0.0000,0.0000,0.0000,1.0000,0.0210,0.0279,0.0569
188,0,15.7989,0.0051,0.4400,0.9994,0.0343,0.0000,-0.0343,0.9994,0.0000,0.0000,0.0000,1.0000,0.2577,0.2263,0.1400
188,1,15.8069,0.0083,0.6052,0.9994,0.0343,0.0000,-0.0343,0.9994,0.0000,0.0000,0.0000,1.0000,0.1100,0.2168,0.3052
188,2,15.8848,-0.0493,0.5173,0.9994,0.0343,0.0000,-0.0343,0.9994,0.0000,0.0000,0.0000,1.0000,0.1101,0.3070,0.2173
188,3,15.9133,-0.2252,0.5889,0.9994,0.0343,0.0000,-0.0343,0.9994,0.0000,0.0000,0.0000,1.0000,0.2836,0.2073,0.2889
188,4,16.0329,-0.2676,0.5062,0.9994,0.0343,0.0000,-0.0343,0.9994,0.0000,0.0000,0.0000,1.0000,0.2820,0.2947,0.2062
188,5,16.1957,-0.1251,0.6614,0.9994,0.0343,0.0000,-0.0343,0.9994,0.0000,0.0000,0.0000,1.0000,0.1112,0.2100,0.3614
188,6,16.2880,-0.1024,0.4265,0.9994,0.0343,0.0000,-0.0343,0.9994,0.0000,0.0000,0.0000,1.0000,0.1972,0.1336,0.1265
188,7,16.3965,-0.0903,0.4491,0.9994,0.0343,0.0000,-0.0343,0.9994,0.0000,0.0000,0.0000,1.0000,0.1624,0.1625,0.0548
188,8,16.4225,-0.0462,0.4472,0.9994,0.0343,0.0000,-0.0343,0.9994,0.0000,0.0000,0.0000,1.0000,0.0831,0.2046,0.1050
188,9,16.4505,0.0211,0.4544,0.9994,0.0343,0.0000,-0.0343,0.9994,0.0000,0.0000,0.0000,1.0000,0.0210,0.0279,0.0569
188,10,16.4964,-0.0373,0.4546,0.9994,0.0343,0.0000,-0.0343,0.9994,0.0000,0.0000,0.0000,1.0000,0.0210,0.0279,0.0569
189,0,15.8955,0.0085,0.4400,0.9994,0.0353,0.0000,-0.0353,0.9994,0.0000,0.0000,0.0000,1.0000,0.2577,0.2263,0.1400
189,1,15.9035,0.0116,0.6052,0.9994,0.0353,0.0000,-0.0353,0.9994,0.0000,0.0000,0.0000,1.0000,0.1100,0.2168,0.3052
189,2,15.9814,-0.0459,0.5173,0.9994,0.0353,0.0000,-0.0353,0.9994,0.0000,0.0000,0.0000,1.0000,0.1101,0.3070,0.2173
189,3,16.0101,-0.2217,0.5889,0.9994,0.0353,0.0000,-0.0353,0.9994,0.0000,0.0000,0.0000,1.0000,0.2836,0.2073,0.2889
189,4,16.1297,-0.2640,0.5062,0.9994,0.0353,0.0000,-0.0353,0.9994,0.0000,0.0000,0.0000,1.0000,0.2820,0.2947,0.2062
189,5,16.2924,-0.1214,0.6614,0.9994,0.0353,0.0000,-0.0353,0.9994,0.0000,0.0000,0.0000,1.0000,0.1112,0.2100,0.3614
189,6,16.3847,-0.0986,0.4265,0.9994,0.0353,0.0000,-0.0353,0.9994,0.0000,0.0000,0.0000,1.0000,0.1972,0.1336,0.1265
189,7,16.4932,-0.0864,0.4491,0.9994,0.0353,0.0000,-0.0353,0.9994,0.0000,0.0000,0.0000,1.0000,0.1624,0.1625,0.0548
189,8,16.5190,-0.0422,0.4472,0.9994,0.0353,0.0000,-0.0353,0.9994,0.0000,0.0000,0.0000,1.0000,0.0831,0.2046,0.1050
189,9,16.5470,0.0251,0.4544,0.9994,0.0353,0.0000,-0.0353,0.9994,0.0000,0.0000,0.0000,1.0000,0.0210,0.0279,0.0569
189,10,16.5930,-0.0332,0.4546,0.9994,0.0353,0.0000,-0.0353,0.9994,0.0000,0.0000,0.0000,1.0000,0.0210,0.0279,0.0569
190,0,15.9891,0.0118,0.4400,0.9993,0.0363,0.0000,-0.0363,0.9993,0.0000,0.0000,0.0000,1.0000,0.2577,0.2263,0.1400
190,1,15.9971,0.0150,0.6052,0.9993,0.0363,0.0000,-0.0363,0.9993,0.0000,0.0000,0.0000,1.0000,0.1100,0.2168,0.3052
190,2,16.0751,-0.0425,0.5173,0.9993,0.0363,0.0000,-0.0363,0.9993,0.0000,0.0000,0.0000,1.0000,0.1101,0.3070,0.2173
190,3,16.1039,-0.2183,0.5889,0.9993,0.0363,0.0000,-0.0363,0.9993,0.0000,0.0000,0.0000,1.0000,0.2836,0.2073,0.2889
190,4,16.2236,-0.2605,0.5062,0.9993,0.0363,0.0000,-0.0363,0.9993,0.0000,0.0000,0.0000,1.0000,0.2820,0.2947,0.2062
190,5,16.3862,-0.1177,0.6614,0.9993,0.0363,0.0000,-0.0363,0.9993,0.0000,0.0000,0.0000,1.0000,0.1112,0.2100,0.3614
190,6,16.4784,-0.0948,0.4265,0.9993,0.0363,0.0000,-0.0363,0.9993,0.0000,0.0000,0.0000,1.0000,0.1972,0.1336,0.1265
190,7,16.5869,-0.0825,0.4491,0.9993,0.0363,0.0000,-0.0363,0.9993,0.0000,0.0000,0.0000,1.0000,0.1624,0.1625,0.0548
190,8,16.6127,-0.0383,0.4472,0.9993,0.0363,0.0000,-0.0363,0.9993,0.0000,0.0000,0.0000,1.0000,0.0831,0.2046,0.1050
190,9,16.6406,0.0290,0.4544,0.9993,0.0363,0.0000,-0.0363,0.9993,0.0000,0.0000,0.0000,1.0000,0.0210,0.0279,0.0569
190,10,16.6867,-0.0293,0.4546,0.9993,0.0363,0.0000,-0.0363,0.9993,0.0000,0.0000,0.0000,1.0000,0.0210,0.0279,0.0569
191,0,16.0805,0.0151,0.4400,0.9993,0.0373,0.0000,-0.0373,0.9993,0.0000,0.0000,0.0000,1.0000,0.2577,0.2263,0.1400
191,1,16.0885,0.0183,0.6052,0.9993,0.0373,0.0000,-0.0373,0.9993,0.0000,0.0000,0.0000,1.0000,0.1100,0.2168,0.3052
191,2,16.1666,-0.0391,0.5173,0.9993,0.0373,0.0000,-0.0373,0.9993,0.0000,0.0000,0.0000,1.0000,0.1101,0.3070,0.2173
191,3,16.1956,-0.2149,0.5889,0.9993,0.0373,0.0000,-0.0373,0.9993,0.0000,0.0000,0.0000,1.0000,0.2836,0.2073,0.2889
191,4,16.3153,-0.2569,0.5062,0.9993,0.0373,0.0000,-0.0373,0.9993,0.0000,0.0000,0.0000,1.0000,0.2820,0.2947,0.2062
191,5,16.4777,-0.1140,0.6614,0.9993,0.0373,0.0000,-0.0373,0.9993,0.0000,0.0000,0.0000,1.0000,0.1112,0.2100,0.3614
191,6,16.5699,-0.0910,0.4265,0.9993,0.0373,0.0000,-0.0373,0.9993,0.0000,0.0000,0.0000,1.0000,0.1972,0.1336,0.1265
191,7,16.6784,-0.0786,0.4491,0.9993,0.0373,0.0000,-0.0373,0.9993,0.0000,0.0000,0.0000,1.0000,0.1624,0.1625,0.0548
191,8,16.7042,-0.0344,0.4472,0.9993,0.0373,0.0000,-0.0373,0.9993,0.0000,0.0000,0.0000,1.0000,0.0831,0.2046,0.1050
191,9,16.7320,0.0330,0.4544,0.9993,0.0373,0.0000,-0.0373,0.9993,0.0000,0.0000,0.0000,1.0000,0.0210,0.0279,0.0569
191,10,16.7781,-0.0252,0.4546,0.9993,0.0373,0.0000,-0.0373,0.9993,0.0000,0.0000,0.0000,1.0000,0.0210,0.0279,0.0569
192,0,0.3847,-0.0078,0.4400,1.0000,0.0006,0.0000,-0.0006,1.0000,0.0000,0.0000,0.0000,1.0000,0.2577,0.2263,0.1400
192,1,0.3928,-0.0049,0.6052,1.0000,0.0006,0.0000,-0.0006,1.0000,0.0000,0.0000,0.0000,1.0000,0.1100,0.2168,0.3052
192,2,0.4687,-0.0651,0.5173,1.0000,0.0006,0.0000,-0.0006,1.0000,0.0000,0.0000,0.0000,1.0000,0.1101,0.3070,0.2173
192,3,0.4912,-0.2418,0.5889,1.0000,0.0006,0.0000,-0.0006,1.0000,0.0000,0.0000,0.0000,1.0000,0.2836,0.2073,0.2889
192,4,0.6093,-0.2883,0.5062,1.0000,0.0006,0.0000,-0.0006,1.0000,0.0000,0.0000,0.0000,1.0000,0.2820,0.2947,0.2062
192,5,0.7768,-0.1514,0.6614,1.0000,0.0006,0.0000,-0.0006,1.0000,0.0000,0.0000,0.0000,1.0000,0.1112,0.2100,0.3614
192,6,0.8698,-0.1318,0.4265,1.0000,0.0006,0.0000,-0.0006,1.0000,0.0000,0.0000,0.0000,1.0000,0.1972,0.1336,0.1265
192,7,0.9787,-0.1233,0.4491,1.0000,0.0006,0.0000,-0.0006,1.0000,0.0000,0.0000,0.0000,1.0000,0.1624,0.1625,0.0548
192,8,1.0061,-0.0801,0.4472,1.0000,0.0006,0.0000,-0.0006,1.0000,0.0000,0.0000,0.0000,1.0000,0.0831,0.2046,0.1050
192,9,1.0364,-0.0138,0.4544,1.0000,0.0006,0.0000,-0.0006,1.0000,0.0000,0.0000,0.0000,1.0000,0.0210,0.0279,0.0569
192,10,1.0803,-0.0737,0.4546,1.0000,0.0006,0.0000,-0.0006,1.0000,0.0000,0.0000,0.0000,1.0000,0.0210,0.0279,0.0569
193,0,0.8105,-0.0074,0.4400,1.0000,0.0015,0.0000,-0.0015,1.0000,0.0000,0.0000,0.0000,1.0000,0.2577,0.2263,0.1400
193,1,0.8186,-0.0045,0.6052,1.0000,0.0015,0.0000,-0.0015,1.0000,0.0000,0.0000,0.0000,1.0000,0.1100,0.2168,0.3052
193,2,0.8946,-0.0647,0.5173,1.0000,0.0015,0.0000,-0.0015,1.0000,0.0000,0.0000,0.0000,1.0000,0.1101,0.3070,0.2173
193,3,0.9172,-0.2413,0.5889,1.0000,0.0015,0.0000,-0.0015,1.0000,0.0000,0.0000,0.0000,1.0000,0.2836,0.2073,0.2889
193,4,1.0354,-0.2877,0.5062,1.0000,0.0015,0.0000,-0.0015,1.0000,0.0000,0.0000,0.0000,1.0000,0.2820,0.2947,0.2062
193,5,1.2028,-0.1506,0.6614,1.0000,0.0015,0.0000,-0.0015,1.0000,0.0000,0.0000,0.0000,1.0000,0.1112,0.2100,0.3614
193,6,1.2958,-0.1310,0.4265,1.0000,0.0015,0.0000,-0.0015,1.0000,0.0000,0.0000,0.0000,1.0000,0.1972,0.1336,0.1265
193,7,1.4046,-0.1224,0.4491,1.0000,0.0015,0.0000,-0.0015,1.0000,0.0000,0.0000,0.0000,1.0000,0.1624,0.1625,0.0548
193,8,1.4320,-0.0792,0.4472,1.0000,0.0015,0.0000,-0.0015,1.0000,0.0000,0.0000,0.0000,1.0000,0.0831,0.2046,0.1050
193,9,1.4622,-0.0128,0.4544,1.0000,0.0015,0.0000,-0.0015,1.0000,0.0000,0.0000,0.0000,1.0000,0.0210,0.0279,0.0569
193,10,1.5062,-0.0727,0.4546,1.0000,0.0015,0.0000,-0.0015,1.0000,0.0000,0.0000,0.0000,1.0000,0.0210,0.0279,0.0569
194,0,1.2363,-0.0066,0.4400,1.0000,0.0024,0.0000,-0.0024,1.0000,0.0000,0.0000,0.0000,1.0000,0.2577,0.2263,0.1400
194,1,1.2444,-0.0037,0.6052,1.0000,0.0024,0.0000,-0.0024,1.0000,0.0000,0.0000,0.0000,1.0000,0.1100,0.2168,0.3052
194,2,1.3205,-0.0638,0.5173,1.0000,0.0024,0.0000,-0.0024,1.0000,0.0000,0.0000,0.0000,1.0000,0.1101,0.3070,0.2173
194,3,1.3433,-0.2405,0.5889,1.0000,0.0024,0.0000,-0.0024,1.0000,0.0000,0.0000,0.0000,1.0000,0.2836,0.2073,0.2889
194,4,1.4615,-0.2867,0.5062,1.0000,0.0024,0.0000,-0.0024,1.0000,0.0000,0.0000,0.0000,1.0000,0.2820,0.2947,0.2062
194,5,1.6288,-0.1495,0.6614,1.0000,0.0024,0.0000,-0.0024,1.0000,0.0000,0.0000,0.0000,1.0000,0.1112,0.2100,0.3614
194,6,1.7217,-0.1298,0.4265,1.0000,0.0024,0.0000,-0.0024,1.0000,0.0000,0.0000,0.0000,1.0000,0.1972,0.1336,0.1265
194,7,1.8306,-0.1211,0.4491,1.0000,0.0024,0.0000,-0.0024,1.0000,0.0000,0.0000,0.0000,1.0000,0.1624,0.1625,0.0548
194,8,1.8579,-0.0779,0.4472,1.0000,0.0024,0.0000,-0.0024,1.0000,0.0000,0.0000,0.0000,1.0000,0.0831,0.2046,0.1050
194,9,1.8880,-0.0115,0.4544,1.0000,0.0024,0.0000,-0.0024,1.0000,0.0000,0.0000,0.0000,1.0000,0.0210,0.0279,0.0569
194,10,1.9321,-0.0713,0.4546,1.0000,0.0024,0.0000,-0.0024,1.0000,0.0000,0.0000,0.0000,1.0000,0.0210,0.0279,0.0569
195,0,1.6616,-0.0054,0.4400,1.0000,0.0033,0.0000,-0.0033,1.0000,0.0000,0.0000,0.0000,1.0000,0.2577,0.2263,0.1400
195,1,1.6697,-0.0025,0.6052,1.0000,0.0033,0.0000,-0.0033,1.0000,0.0000,0.0000,0.0000,1.0000,0.1100,0.2168,0.3052
195,2,1.7458,-0.0626,0.5173,1.0000,0.0033,0.0000,-0.0033,1.0000,0.0000,0.0000,0.0000,1.0000,0.1101,0.3070,0.2173
195,3,1.7688,-0.2392,0.5889,1.0000,0.0033,0.0000,-0.0033,1.0000,0.0000,0.0000,0.0000,1.0000,0.2836,0.2073,0.2889
195,4,1.8870,-0.2853,0.5062,1.0000,0.0033,0.0000,-0.0033,1.0000,0.0000,0.0000,0.0000,1.0000,0.2820,0.2947,0.2062
195,5,2.0542,-0.1479,0.6614,1.0000,0.0033,0.0000,-0.0033,1.0000,0.0000,0.0000,0.0000,1.0000,0.1112,0.2100,0.3614
195,6,2.1471,-0.1281,0.4265,1.0000,0.0033,0.0000,-0.0033,1.0000,0.0000,0.0000,0.0000,1.0000,0.1972,0.1336,0.1265
195,7,2.2560,-0.1194,0.4491,1.0000,0.0033,0.0000,-0.0033,1.0000,0.0000,0.0000,0.0000,1.0000,0.1624,0.1625,0.0548
195,8,2.2832,-0.0761,0.4472,1.0000,0.0033,0.0000,-0.0033,1.0000,0.0000,0.0000,0.0000,1.0000,0.0831,0.2046,0.1050
195,9,2.3133,-0.0097,0.4544,1.0000,0.0033,0.0000,-0.0033,1.0000,0.0000,0.0000,0.0000,1.0000,0.0210,0.0279,0.0569
195,10,2.3574,-0.0694,0.4546,1.0000,0.0033,0.0000,-0.0033,1.0000,0.0000,0.0000,0.0000,1.0000,0.0210,0.0279,0.0569
196,0,2.0854,-0.0039,0.4400,1.0000,0.0042,0.0000,-0.0042,1.0000,0.0000,0.0000,0.0000,1.0000,0.2577,0.2263,0.1400
196,1,2.0935,-0.0009,0.6052,1.0000,0.0042,0.0000,-0.0042,1.0000,0.0000,0.0000,0.0000,1.0000,0.1100,0.2168,0.3052
196,2,2.1696,-0.0609,0.5173,1.0000,0.0042,0.0000,-0.0042,1.0000,0.0000,0.0000,0.0000,1.0000,0.1101,0.3070,0.2173
196,3,2.1928,-0.2375,0.5889,1.0000,0.0042,0.0000,-0.0042,1.0000,0.0000,0.0000,0.0000,1.0000,0.2836,0.2073,0.2889
196,4,2.3111,-0.2835,0.5062,1.0000,0.0042,0.0000,-0.0042,1.0000,0.0000,0.0000,0.0000,1.0000,0.2820,0.2947,0.2062
196,5,2.4781,-0.1460,0.6614,1.0000,0.0042,0.0000,-0.0042,1.0000,0.0000,0.0000,0.0000,1.0000,0.1112,0.2100,0.3614
196,6,2.5710,-0.1261,0.4265,1.0000,0.0042,0.0000,-0.0042,1.0000,0.0000,0.0000,0.0000,1.0000,0.1972,0.1336,0.1265
196,7,2.6799,-0.1173,0.4491,1.0000,0.0042,0.0000,-0.0042,1.0000,0.0000,0.0000,0.0000,1.0000,0.1624,0.1625,0.0548
196,8,2.7071,-0.0740,0.4472,1.0000,0.0042,0.0000,-0.0042,1.0000,0.0000,0.0000,0.0000,1.0000,0.0831,0.2046,0.1050
196,9,2.7371,-0.0075,0.4544,1.0000,0.0042,0.0000,-0.0042,1.0000,0.0000,0.0000,0.0000,1.0000,0.0210,0.0279,0.0569
196,10,2.7813,-0.0672,0.4546,1.0000,0.0042,0.0000,-0.0042,1.0000,0.0000,0.0000,0.0000,1.0000,0.0210,0.0279,0.0569
197,0,2.5068,-0.0019,0.4400,1.0000,0.0055,0.0000,-0.0055,1.0000,0.0000,0.0000,0.0000,1.0000,0.2577,0.2263,0.1400
197,1,2.5148,0.0011,0.6052,1.0000,0.0055,0.0000,-0.0055,1.0000,0.0000,0.0000,0.0000,1.0000,0.1100,0.2168,0.3052
197,2,2.5911,-0.0588,0.5173,1.0000,0.0055,0.0000,-0.0055,1.0000,0.0000,0.0000,0.0000,1.0000,0.1101,0.3070,0.2173
197,3,2.6144,-0.2354,0.5889,1.0000,0.0055,0.0000,-0.0055,1.0000,0.0000,0.0000,0.0000,1.0000,0.2836,0.2073,0.2889
197,4,2.7328,-0.2813,0.5062,1.0000,0.0055,0.0000,-0.0055,1.0000,0.0000,0.0000,0.0000,1.0000,0.2820,0.2947,0.2062
197,5,2.8996,-0.1435,0.6614,1.0000,0.0055,0.0000,-0.0055,1.0000,0.0000,0.0000,0.0000,1.0000,0.1112,0.2100,0.3614
197,6,2.9925,-0.1235,0.4265,1.0000,0.0055,0.0000,-0.0055,1.0000,0.0000,0.0000,0.0000,1.0000,0.1972,0.1336,0.1265
197,7,3.1014,-0.1145,0.4491,1.0000,0.0055,0.0000,-0.0055,1.0000,0.0000,0.0000,0.0000,1.0000,0.1624,0.1625,0.0548
197,8,3.1285,-0.0712,0.4472,1.0000,0.0055,0.0000,-0.0055,1.0000,0.0000,0.0000,0.0000,1.0000,0.0831,0.2046,0.1050
197,9,3.1585,-0.0047,0.4544,1.0000,0.0055,0.0000,-0.0055,1.0000,0.0000,0.0000,0.0000,1.0000,0.0210,0.0279,0.0569
197,10,3.2027,-0.0644,0.4546,1.0000,0.0055,0.0000,-0.0055,1.0000,0.0000,0.0000,0.0000,1.0000,0.0210,0.0279,0.0569
198,0,2.9250,0.0006,0.4400,1.0000,0.0067,0.0000,-0.0067,1.0000,0.0000,0.0000,0.0000,1.0000,0.2577,0.2263,0.1400
198,1,2.9331,0.0036,0.6052,1.0000,0.0067,0.0000,-0.0067,1.0000,0.0000,0.0000,0.0000,1.0000,0.1100,0.2168,0.3052
198,2,3.0094,-0.0562,0.5173,1.0000,0.0067,0.0000,-0.0067,1.0000,0.0000,0.0000,0.0000,1.0000,0.1101,0.3070,0.2173
198,3,3.0330,-0.2328,0.5889,1.0000,0.0067,0.0000,-0.0067,1.0000,0.0000,0.0000,0.0000,1.0000,0.2836,0.2073,0.2889
198,4,3.1514,-0.2785,0.5062,1.0000,0.0067,0.0000,-0.0067,1.0000,0.0000,0.0000,0.0000,1.0000,0.2820,0.2947,0.2062
198,5,3.3180,-0.1405,0.6614,1.0000,0.0067,0.0000,-0.0067,1.0000,0.0000,0.0000,0.0000,1.0000,0.1112,0.2100,0.3614
198,6,3.4109,-0.1204,0.4265,1.0000,0.0067,0.0000,-0.0067,1.0000,0.0000,0.0000,0.0000,1.0000,0.1972,0.1336,0.1265
198,7,3.5197,-0.1113,0.4491,1.0000,0.0067,0.0000,-0.0067,1.0000,0.0000,0.0000,0.0000,1.0000,0.1624,0.1625,0.0548
198,8,3.5469,-0.0679,0.4472,1.0000,0.0067,0.0000,-0.0067,1.0000,0.0000,0.0000,0.0000,1.0000,0.0831,0.2046,0.1050
198,9,3.5767,-0.0014,0.4544,1.0000,0.0067,0.0000,-0.0067,1.0000,0.0000,0.0000,0.0000,1.0000,0.0210,0.0279,0.0569
198,10,3.6210,-0.0610,0.4546,1.0000,0.0067,0.0000,-0.0067,1.0000,0.0000,0.0000,0.0000,1.0000,0.0210,0.0279,0.0569
199,0,3.3395,0.0036,0.4400,1.0000,0.0081,0.0000,-0.0081,1.0000,0.0000,0.0000,0.0000,1.0000,0.2577,0.2263,0.1400
199,1,3.3476,0.0066,0.6052,1.0000,0.0081,0.0000,-0.0081,1.0000,0.0000,0.0000,0.0000,1.0000,0.1100,0.2168,0.3052
199,2,3.4240,-0.0531,0.5173,1.0000,0.0081,0.0000,-0.0081,1.0000,0.0000,0.0000,0.0000,1.0000,0.1101,0.3070,0.2173
199,3,3.4478,-0.2296,0.5889,1.0000,0.0081,0.0000,-0.0081,1.0000,0.0000,0.0000,0.0000,1.0000,0.2836,0.2073,0.2889
199,4,3.5663,-0.2751,0.5062,1.0000,0.0081,0.0000,-0.0081,1.0000,0.0000,0.0000,0.0000,1.0000,0.2820,0.2947,0.2062
199,5,3.7328,-0.1370,0.6614,1.0000,0.0081,0.0000,-0.0081,1.0000,0.0000,0.0000,0.0000,1.0000,0.1112,0.2100,0.3614
199,6,3.8256,-0.1167,0.4265,1.0000,0.0081,0.0000,-0.0081,1.0000,0.0000,0.0000,0.0000,1.0000,0.1972,0.1336,0.1265
199,7,3.9344,-0.1074,0.4491,1.0000,0.0081,0.0000,-0.0081,1.0000,0.0000,0.0000,0.0000,1.0000,0.1624,0.1625,0.0548
199,8,3.9615,-0.0640,0.4472,1.0000,0.0081,0.0000,-0.0081,1.0000,0.0000,0.0000,0.0000,1.0000,0.0831,0.2046,0.1050
199,9,3.9913,0.0025,0.4544,1.0000,0.0081,0.0000,-0.0081,1.0000,0.0000,0.0000,0.0000,1.0000,0.0210,0.0279,0.0569
199,10,4.0356,-0.0570,0.4546,1.0000,0.0081,0.0000,-0.0081,1.0000,0.0000,0.0000,0.0000,1.0000,0.0210,0.0279,0.0569
200,0,3.7499,0.0072,0.4400,1.0000,0.0097,0.0000,-0.0097,1.0000,0.0000,0.0000,0.0000,1.0000,0.2577,0.2263,0.1400
200,1,3.7580,0.0102,0.6052,1.0000,0.0097,0.0000,-0.0097,1.0000,0.0000,0.0000,0.0000,1.0000,0.1100,0.2168,0.3052
200,2,3.8345,-0.0493,0.5173,1.0000,0.0097,0.0000,-0.0097,1.0000,0.0000,0.0000,0.0000,1.0000,0.1101,0.3070,0.2173
200,3,3.8586,-0.2258,0.5889,1.0000,0.0097,0.0000,-0.0097,1.0000,0.0000,0.0000,0.0000,1.0000,0.2836,0.2073,0.2889
200,4,3.9771,-0.2712,0.5062,1.0000,0.0097,0.0000,-0.0097,1.0000,0.0000,0.0000,0.0000,1.0000,0.2820,0.2947,0.2062
200,5,4.1434,-0.1327,0.6614,1.0000,0.0097,0.0000,-0.0097,1.0000,0.0000,0.0000,0.0000,1.0000,0.1112,0.2100,0.3614
200,6,4.2362,-0.1123,0.4265,1.0000,0.0097,0.0000,-0.0097,1.0000,0.0000,0.0000,0.0000,1.0000,0.1972,0.1336,0.1265
200,7,4.3450,-0.1029,0.4491,1.0000,0.0097,0.0000,-0.0097,1.0000,0.0000,0.0000,0.0000,1.0000,0.1624,0.1625,0.0548
200,8,4.3720,-0.0594,0.4472,1.0000,0.0097,0.0000,-0.0097,1.0000,0.0000,0.0000,0.0000,1.0000,0.0831,0.2046,0.1050
200,9,4.4016,0.0072,0.4544,1.0000,0.0097,0.0000,-0.0097,1.0000,0.0000,0.0000,0.0000,1.0000,0.0210,0.0279,0.0569
200,10,4.4461,-0.0523,0.4546,1.0000,0.0097,0.0000,-0.0097,1.0000,0.0000,0.0000,0.0000,1.0000,0.0210,0.0279,0.0569
201,0,4.1559,0.0114,0.4400,0.9999,0.0113,0.0000,-0.0113,0.9999,0.0000,0.0000,0.0000,1.0000,0.2577,0.2263,0.1400
201,1,4.1640,0.0144,0.6052,0.9999,0.0113,0.0000,-0.0113,0.9999,0.0000,0.0000,0.0000,1.0000,0.1100,0.2168,0.3052
201,2,4.2406,-0.0450,0.5173,0.9999,0.0113,0.0000,-0.0113,0.9999,0.0000,0.0000,0.0000,1.0000,0.1101,0.3070,0.2173
201,3,4.2650,-0.2214,0.5889,0.9999,0.0113,0.0000,-0.0113,0.9999,0.0000,0.0000,0.0000,1.0000,0.2836,0.2073,0.2889
201,4,4.3836,-0.2666,0.5062,0.9999,0.0113,0.0000,-0.0113,0.9999,0.0000,0.0000,0.0000,1.0000,0.2820,0.2947,0.2062
201,5,4.5496,-0.1279,0.6614,0.9999,0.0113,0.0000,-0.0113,0.9999,0.0000,0.0000,0.0000,1.0000,0.1112,0.2100,0.3614
201,6,4.6424,-0.1073,0.4265,0.9999,0.0113,0.0000,-0.0113,0.9999,0.0000,0.0000,0.0000,1.0000,0.1972,0.1336,0.1265
201,7,4.7512,-0.0977,0.4491,0.9999,0.0113,0.0000,-0.0113,0.9999,0.0000,0.0000,0.0000,1.0000,0.1624,0.1625,0.0548
201,8,4.7781,-0.0542,0.4472,0.9999,0.0113,0.0000,-0.0113,0.9999,0.0000,0.0000,0.0000,1.0000,0.0831,0.2046,0.1050
201,9,4.8076,0.0124,0.4544,0.9999,0.0113,0.0000,-0.0113,0.9999,0.0000,0.0000,0.0000,1.0000,0.0210,0.0279,0.0569
201,10,4.8522,-0.0470,0.4546,0.9999,0.0113,0.0000,-0.0113,0.9999,0.0000,0.0000,0.0000,1.0000,0.0210,0.0279,0.0569
202,0,4.5579,0.0163,0.4400,0.9999,0.0131,0.0000,-0.0131,0.9999,0.0000,0.0000,0.0000,1.0000,0.2577,0.2263,0.1400
202,1,4.5660,0.0193,0.6052,0.9999,0.0131,0.0000,-0.0131,0.9999,0.0000,0.0000,0.0000,1.0000,0.1100,0.2168,0.3052
202,2,4.6427,-0.0400,0.5173,0.9999,0.0131,0.0000,-0.0131,0.9999,0.0000,0.0000,0.0000,1.0000,0.1101,0.3070,0.2173
202,3,4.6674,-0.2164,0.5889,0.9999,0.0131,0.0000,-0.0131,0.9999,0.0000,0.0000,0.0000,1.0000,0.2836,0.2073,0.2889
202,4,4.7861,-0.2614,0.5062,0.9999,0.0131,0.0000,-0.0131,0.9999,0.0000,0.0000,0.0000,1.0000,0.2820,0.2947,0.2062
202,5,4.9519,-0.1224,0.6614,0.9999,0.0131,0.0000,-0.0131,0.9999,0.0000,0.0000,0.0000,1.0000,0.1112,0.2100,0.3614
202,6,5.0446,-0.1017,0.4265,0.9999,0.0131,0.0000,-0.0131,0.9999,0.0000,0.0000,0.0000,1.0000,0.1972,0.1336,0.1265
202,7,5.1534,-0.0918,0.4491,0.9999,0.0131,0.0000,-0.0131,0.9999,0.0000,0.0000,0.0000,1.0000,0.1624,0.1625,0.0548
202,8,5.1802,-0.0483,0.4472,0.9999,0.0131,0.0000,-0.0131,0.9999,0.0000,0.0000,0.0000,1.0000,0.0831,0.2046,0.1050
202,9,5.2096,0.0184,0.4544,0.9999,0.0131,0.0000,-0.0131,0.9999,0.0000,0.0000,0.0000,1.0000,0.0210,0.0279,0.0569
202,10,5.2543,-0.0409,0.4546,0.9999,0.0131,0.0000,-0.0131,0.9999,0.0000,0.0000,0.0000,1.0000,0.0210,0.0279,0.0569
203,0,4.9568,0.0218,0.4400,0.9999,0.0151,0.0000,-0.0151,0.9999,0.0000,0.0000,0.0000,1.0000,0.2577,0.2263,0.1400
203,1,4.9648,0.0248,0.6052,0.9999,0.0151,0.0000,-0.0151,0.9999,0.0000,0.0000,0.0000,1.0000,0.1100,0.2168,0.3052
203,2,5.0416,-0.0343,0.5173,0.9999,0.0151,0.0000,-0.0151,0.9999,0.0000,0.0000,0.0000,1.0000,0.1101,0.3070,0.2173
203,3,5.0667,-0.2106,0.5889,0.9999,0.0151,0.0000,-0.0151,0.9999,0.0000,0.0000,0.0000,1.0000,0.2836,0.2073,0.2889
203,4,5.1855,-0.2554,0.5062,0.9999,0.0151,0.0000,-0.0151,0.9999,0.0000,0.0000,0.0000,1.0000,0.2820,0.2947,0.2062
203,5,5.3510,-0.1160,0.6614,0.9999,0.0151,0.0000,-0.0151,0.9999,0.0000,0.0000,0.0000,1.0000,0.1112,0.2100,0.3614
203,6,5.4437,-0.0951,0.4265,0.9999,0.0151,0.0000,-0.0151,0.9999,0.0000,0.0000,0.0000,1.0000,0.1972,0.1336,0.1265
203,7,5.5524,-0.0851,0.4491,0.9999,0.0151,0.0000,-0.0151,0.9999,0.0000,0.0000,0.0000,1.0000,0.1624,0.1625,0.0548
203,8,5.5792,-0.0415,0.4472,0.9999,0.0151,0.0000,-0.0151,0.9999,0.0000,0.0000,0.0000,1.0000,0.0831,0.2046,0.1050
203,9,5.6085,0.0253,0.4544,0.9999,0.0151,0.0000,-0.0151,0.9999,0.0000,0.0000,0.0000,1.0000,0.0210,0.0279,0.0569
203,10,5.6533,-0.0340,0.4546,0.9999,0.0151,0.0000,-0.0151,0.9999,0.0000,0.0000,0.0000,1.0000,0.0210,0.0279,0.0569
204,0,5.3537,0.0281,0.4400,0.9999,0.0172,0.0000,-0.0172,0.9999,0.0000,0.0000,0.0000,1.0000,0.2577,0.2263,0.1400
204,1,5.3617,0.0312,0.6052,0.9999,0.0172,0.0000,-0.0172,0.9999,0.0000,0.0000,0.0000,1.0000,0.1100,0.2168,0.3052
204,2,5.4386,-0.0278,0.5173,0.9999,0.0172,0.0000,-0.0172,0.9999,0.0000,0.0000,0.0000,1.0000,0.1101,0.3070,0.2173
204,3,5.4641,-0.2041,0.5889,0.9999,0.0172,0.0000,-0.0172,0.9999,0.0000,0.0000,0.0000,1.0000,0.2836,0.2073,0.2889
204,4,5.5830,-0.2485,0.5062,0.9999,0.0172,0.0000,-0.0172,0.9999,0.0000,0.0000,0.0000,1.0000,0.2820,0.2947,0.2062
204,5,5.7482,-0.1089,0.6614,0.9999,0.0172,0.0000,-0.0172,0.9999,0.0000,0.0000,0.0000,1.0000,0.1112,0.2100,0.3614
204,6,5.8408,-0.0878,0.4265,0.9999,0.0172,0.0000,-0.0172,0.9999,0.0000,0.0000,0.0000,1.0000,0.1972,0.1336,0.1265
204,7,5.9496,-0.0775,0.4491,0.9999,0.0172,0.0000,-0.0172,0.9999,0.0000,0.0000,0.0000,1.0000,0.1624,0.1625,0.0548
204,8,5.9762,-0.0338,0.4472,0.9999,0.0172,0.0000,-0.0172,0.9999,0.0000,0.0000,0.0000,1.0000,0.0831,0.2046,0.1050
204,9,6.0054,0.0330,0.4544,0.9999,0.0172,0.0000,-0.0172,0.9999,0.0000,0.0000,0.0000,1.0000,0.0210,0.0279,0.0569
204,10,6.0503,-0.0262,0.4546,0.9999,0.0172,0.0000,-0.0172,0.9999,0.0000,0.0000,0.0000,1.0000,0.0210,0.0279,0.0569
205,0,5.7495,0.0353,0.4400,0.9998,0.0195,0.0000,-0.0195,0.9998,0.0000,0.0000,0.0000,1.0000,0.2577,0.2263,0.1400
205,1,5.7575,0.0384,0.6052,0.9998,0.0195,0.0000,-0.0195,0.9998,0.0000,0.0000,0.0000,1.0000,0.1100,0.2168,0.3052
205,2,5.8346,-0.0204,0.5173,0.9998,0.0195,0.0000,-0.0195,0.9998,0.0000,0.0000,0.0000,1.0000,0.1101,0.3070,0.2173
205,3,5.8604,-0.1967,0.5889,0.9998,0.0195,0.0000,-0.0195,0.9998,0.0000,0.0000,0.0000,1.0000,0.2836,0.2073,0.2889
205,4,5.9794,-0.2408,0.5062,0.9998,0.0195,0.0000,-0.0195,0.9998,0.0000,0.0000,0.0000,1.0000,0.2820,0.2947,0.2062
205,5,6.1443,-0.1008,0.6614,0.9998,0.0195,0.0000,-0.0195,0.9998,0.0000,0.0000,0.0000,1.0000,0.1112,0.2100,0.3614
205,6,6.2369,-0.0795,0.4265,0.9998,0.0195,0.0000,-0.0195,0.9998,0.0000,0.0000,0.0000,1.0000,0.1972,0.1336,0.1265
205,7,6.3456,-0.0690,0.4491,0.9998,0.0195,0.0000,-0.0195,0.9998,0.0000,0.0000,0.0000,1.0000,0.1624,0.1625,0.0548
205,8,6.3722,-0.0253,0.4472,0.9998,0.0195,0.0000,-0.0195,0.9998,0.0000,0.0000,0.0000,1.0000,0.0831,0.2046,0.1050
205,9,6.4012,0.0416,0.4544,0.9998,0.0195,0.0000,-0.0195,0.9998,0.0000,0.0000,0.0000,1.0000,0.0210,0.0279,0.0569
205,10,6.4463,-0.0174,0.4546,0.9998,0.0195,0.0000,-0.0195,0.9998,0.0000,0.0000,0.0000,1.0000,0.0210,0.0279,0.0569
206,0,6.1447,0.0434,0.4400,0.9998,0.0219,0.0000,-0.0219,0.9998,0.0000,0.0000,0.0000,1.0000,0.2577,0.2263,0.1400
206,1,6.1527,0.0465,0.6052,0.9998,0.0219,0.0000,-0.0219,0.9998,0.0000,0.0000,0.0000,1.0000,0.1100,0.2168,0.3052
206,2,6.2299,-0.0121,0.5173,0.9998,0.0219,0.0000,-0.0219,0.9998,0.0000,0.0000,0.0000,1.0000,0.1101,0.3070,0.2173
206,3,6.2562,-0.1883,0.5889,0.9998,0.0219,0.0000,-0.0219,0.9998,0.0000,0.0000,0.0000,1.0000,0.2836,0.2073,0.2889
206,4,6.3752,-0.2322,0.5062,0.9998,0.0219,0.0000,-0.0219,0.9998,0.0000,0.0000,0.0000,1.0000,0.2820,0.2947,0.2062
206,5,6.5398,-0.0918,0.6614,0.9998,0.0219,0.0000,-0.0219,0.9998,0.0000,0.0000,0.0000,1.0000,0.1112,0.2100,0.3614
206,6,6.6324,-0.0702,0.4265,0.9998,0.0219,0.0000,-0.0219,0.9998,0.0000,0.0000,0.0000,1.0000,0.1972,0.1336,0.1265
206,7,6.7411,-0.0595,0.4491,0.9998,0.0219,0.0000,-0.0219,0.9998,0.0000,0.0000,0.0000,1.0000,0.1624,0.1625,0.0548
206,8,6.7675,-0.0157,0.4472,0.9998,0.0219,0.0000,-0.0219,0.9998,0.0000,0.0000,0.0000,1.0000,0.0831,0.2046,0.1050
206,9,6.7963,0.0513,0.4544,0.9998,0.0219,0.0000,-0.0219,0.9998,0.0000,0.0000,0.0000,1.0000,0.0210,0.0279,0.0569
206,10,6.8415,-0.0077,0.4546,0.9998,0.0219,0.0000,-0.0219,0.9998,0.0000,0.0000,0.0000,1.0000,0.0210,0.0279,0.0569
207,0,6.5389,0.0524,0.4400,0.9997,0.0245,0.0000,-0.0245,0.9997,0.0000,0.0000,0.0000,1.0000,0.2577,0.2263,0.1400
207,1,6.5469,0.0555,0.6052,0.9997,0.0245,0.0000,-0.0245,0.9997,0.0000,0.0000,0.0000,1.0000,0.1100,0.2168,0.3052
207,2,6.6243,-0.0029,0.5173,0.9997,0.0245,0.0000,-0.0245,0.9997,0.0000,0.0000,0.0000,1.0000,0.1101,0.3070,0.2173
207,3,6.6510,-0.1790,0.5889,0.9997,0.0245,0.0000,-0.0245,0.9997,0.0000,0.0000,0.0000,1.0000,0.2836,0.2073,0.2889
207,4,6.7702,-0.2226,0.5062,0.9997,0.0245,0.0000,-0.0245,0.9997,0.0000,0.0000,0.0000,1.0000,0.2820,0.2947,0.2062
207,5,6.9344,-0.0817,0.6614,0.9997,0.0245,0.0000,-0.0245,0.9997,0.0000,0.0000,0.0000,1.0000,0.1112,0.2100,0.3614
207,6,7.0269,-0.0599,0.4265,0.9997,0.0245,0.0000,-0.0245,0.9997,0.0000,0.0000,0.0000,1.0000,0.1972,0.1336,0.1265
207,7,7.1356,-0.0488,0.4491,0.9997,0.0245,0.0000,-0.0245,0.9997,0.0000,0.0000,0.0000,1.0000,0.1624,0.1625,0.0548
207,8,7.1619,-0.0050,0.4472,0.9997,0.0245,0.0000,-0.0245,0.9997,0.0000,0.0000,0.0000,1.0000,0.0831,0.2046,0.1050
207,9,7.1905,0.0620,0.4544,0.9997,0.0245,0.0000,-0.0245,0.9997,0.0000,0.0000,0.0000,1.0000,0.0210,0.0279,0.0569
207,10,7.2359,0.0032,0.4546,0.9997,0.0245,0.0000,-0.0245,0.9997,0.0000,0.0000,0.0000,1.0000,0.0210,0.0279,0.0569
208,0,6.9317,0.0625,0.4400,0.9996,0.0272,0.0000,-0.0272,0.9996,0.0000,0.0000,0.0000,1.0000,0.2577,0.2263,0.1400
208,1,6.9397,0.0656,0.6052,0.9996,0.0272,0.0000,-0.0272,0.9996,0.0000,0.0000,0.0000,1.0000,0.1100,0.2168,0.3052
208,2,7.0172,0.0074,0.5173,0.9996,0.0272,0.0000,-0.0272,0.9996,0.0000,0.0000,0.0000,1.0000,0.1101,0.3070,0.2173
208,3,7.0444,-0.1686,0.5889,0.9996,0.0272,0.0000,-0.0272,0.9996,0.0000,0.0000,0.0000,1.0000,0.2836,0.2073,0.2889
208,4,7.1638,-0.2119,0.5062,0.9996,0.0272,0.0000,-0.0272,0.9996,0.0000,0.0000,0.0000,1.0000,0.2820,0.2947,0.2062
208,5,7.3276,-0.0706,0.6614,0.9996,0.0272,0.0000,-0.0272,0.9996,0.0000,0.0000,0.0000,1.0000,0.1112,0.2100,0.3614
208,6,7.4200,-0.0485,0.4265,0.9996,0.0272,0.0000,-0.0272,0.9996,0.0000,0.0000,0.0000,1.0000,0.1972,0.1336,0.1265
208,7,7.5286,-0.0372,0.4491,0.9996,0.0272,0.0000,-0.0272,0.9996,0.0000,0.0000,0.0000,1.0000,0.1624,0.1625,0.0548
208,8,7.5548,0.0068,0.4472,0.9996,0.0272,0.0000,-0.0272,0.9996,0.0000,0.0000,0.0000,1.0000,0.0831,0.2046,0.1050
208,9,7.5833,0.0739,0.4544,0.9996,0.0272,0.0000,-0.0272,0.9996,0.0000,0.0000,0.0000,1.0000,0.0210,0.0279,0.0569
208,10,7.6288,0.0152,0.4546,0.9996,0.0272,0.0000,-0.0272,0.9996,0.0000,0.0000,0.0000,1.0000,0.0210,0.0279,0.0569
209,0,7.3226,0.0736,0.4400,0.9995,0.0301,0.0000,-0.0301,0.9995,0.0000,0.0000,0.0000,1.0000,0.2577,0.2263,0.1400
209,1,7.3306,0.0767,0.6052,0.9995,0.0301,0.0000,-0.0301,0.9995,0.0000,0.0000,0.0000,1.0000,0.1100,0.2168,0.3052
209,2,7.4083,0.0188,0.5173,0.9995,0.0301,0.0000,-0.0301,0.9995,0.0000,0.0000,0.0000,1.0000,0.1101,0.3070,0.2173
209,3,7.4360,-0.1572,0.5889,0.9995,0.0301,0.0000,-0.0301,0.9995,0.0000,0.0000,0.0000,1.0000,0.2836,0.2073,0.2889
209,4,7.5555,-0.2001,0.5062,0.9995,0.0301,0.0000,-0.0301,0.9995,0.0000,0.0000,0.0000,1.0000,0.2820,0.2947,0.2062
209,5,7.7189,-0.0583,0.6614,0.9995,0.0301,0.0000,-0.0301,0.9995,0.0000,0.0000,0.0000,1.0000,0.1112,0.2100,0.3614
209,6,7.8113,-0.0360,0.4265,0.9995,0.0301,0.0000,-0.0301,0.9995,0.0000,0.0000,0.0000,1.0000,0.1972,0.1336,0.1265
209,7,7.9199,-0.0244,0.4491,0.9995,0.0301,0.0000,-0.0301,0.9995,0.0000,0.0000,0.0000,1.0000,0.1624,0.1625,0.0548
209,8,7.9459,0.0196,0.4472,0.9995,0.0301,0.0000,-0.0301,0.9995,0.0000,0.0000,0.0000,1.0000,0.0831,0.2046,0.1050
209,9,7.9742,0.0868,0.4544,0.9995,0.0301,0.0000,-0.0301,0.9995,0.0000,0.0000,0.0000,1.0000,0.0210,0.0279,0.0569
209,10,8.0199,0.0283,0.4546,0.9995,0.0301,0.0000,-0.0301,0.9995,0.0000,0.0000,0.0000,1.0000,0.0210,0.0279,0.0569
210,0,7.7113,0.0858,0.4400,0.9995,0.0331,0.0000,-0.0331,0.9995,0.0000,0.0000,0.0000,1.0000,0.2577,0.2263,0.1400
210,1,7.7193,0.0889,0.6052,0.9995,0.0331,0.0000,-0.0331,0.9995,0.0000,0.0000,0.0000,1.0000,0.1100,0.2168,0.3052
210,2,7.7971,0.0312,0.5173,0.9995,0.0331,0.0000,-0.0331,0.9995,0.0000,0.0000,0.0000,1.0000,0.1101,0.3070,0.2173
210,3,7.8253,-0.1447,0.5889,0.9995,0.0331,0.0000,-0.0331,0.9995,0.0000,0.0000,0.0000,1.0000,0.2836,0.2073,0.2889
210,4,7.9449,-0.1872,0.5062,0.9995,0.0331,0.0000,-0.0331,0.9995,0.0000,0.0000,0.0000,1.0000,0.2820,0.2947,0.2062
210,5,8.1079,-0.0450,0.6614,0.9995,0.0331,0.0000,-0.0331,0.9995,0.0000,0.0000,0.0000,1.0000,0.1112,0.2100,0.3614
210,6,8.2002,-0.0224,0.4265,0.9995,0.0331,0.0000,-0.0331,0.9995,0.0000,0.0000,0.0000,1.0000,0.1972,0.1336,0.1265
210,7,8.3088,-0.0104,0.4491,0.9995,0.0331,0.0000,-0.0331,0.9995,0.0000,0.0000,0.0000,1.0000,0.1624,0.1625,0.0548
210,8,8.3347,0.0337,0.4472,0.9995,0.0331,0.0000,-0.0331,0.9995,0.0000,0.0000,0.0000,1.0000,0.0831,0.2046,0.1050
210,9,8.3628,0.1010,0.4544,0.9995,0.0331,0.0000,-0.0331,0.9995,0.0000,0.0000,0.0000,1.0000,0.0210,0.0279,0.0569
210,10,8.4087,0.0425,0.4546,0.9995,0.0331,0.0000,-0.0331,0.9995,0.0000,0.0000,0.0000,1.0000,0.0210,0.0279,0.0569
211,0,8.0970,0.0990,0.4400,0.9993,0.0362,0.0000,-0.0362,0.9993,0.0000,0.0000,0.0000,1.0000,0.2577,0.2263,0.1400
211,1,8.1050,0.1022,0.6052,0.9993,0.0362,0.0000,-0.0362,0.9993,0.0000,0.0000,0.0000,1.0000,0.1100,0.2168,0.3052
211,2,8.1830,0.0447,0.5173,0.9993,0.0362,0.0000,-0.0362,0.9993,0.0000,0.0000,0.0000,1.0000,0.1101,0.3070,0.2173
211,3,8.2118,-0.1311,0.5889,0.9993,0.0362,0.0000,-0.0362,0.9993,0.0000,0.0000,0.0000,1.0000,0.2836,0.2073,0.2889
211,4,8.3315,-0.1733,0.5062,0.9993,0.0362,0.0000,-0.0362,0.9993,0.0000,0.0000,0.0000,1.0000,0.2820,0.2947,0.2062
211,5,8.4940,-0.0305,0.6614,0.9993,0.0362,0.0000,-0.0362,0.9993,0.0000,0.0000,0.0000,1.0000,0.1112,0.2100,0.3614
211,6,8.5863,-0.0076,0.4265,0.9993,0.0362,0.0000,-0.0362,0.9993,0.0000,0.0000,0.0000,1.0000,0.1972,0.1336,0.1265
211,7,8.6948,0.0047,0.4491,0.9993,0.0362,0.0000,-0.0362,0.9993,0.0000,0.0000,0.0000,1.0000,0.1624,0.1625,0.0548
211,8,8.7206,0.0489,0.4472,0.9993,0.0362,0.0000,-0.0362,0.9993,0.0000,0.0000,0.0000,1.0000,0.0831,0.2046,0.1050
211,9,8.7485,0.1162,0.4544,0.9993,0.0362,0.0000,-0.0362,0.9993,0.0000,0.0000,0.0000,1.0000,0.0210,0.0279,0.0569
211,10,8.7945,0.0580,0.4546,0.9993,0.0362,0.0000,-0.0362,0.9993,0.0000,0.0000,0.0000,1.0000,0.0210,0.0279,0.0569
212,0,8.4790,0.1133,0.4400,0.9992,0.0394,0.0000,-0.0394,0.9992,0.0000,0.0000,0.0000,1.0000,0.2577,0.2263,0.1400
212,1,8.4870,0.1166,0.6052,0.9992,0.0394,0.0000,-0.0394,0.9992,0.0000,0.0000,0.0000,1.0000,0.1100,0.2168,0.3052
212,2,8.5652,0.0593,0.5173,0.9992,0.0394,0.0000,-0.0394,0.9992,0.0000,0.0000,0.0000,1.0000,0.1101,0.3070,0.2173
212,3,8.5946,-0.1164,0.5889,0.9992,0.0394,0.0000,-0.0394,0.9992,0.0000,0.0000,0.0000,1.0000,0.2836,0.2073,0.2889
212,4,8.7144,-0.1582,0.5062,0.9992,0.0394,0.0000,-0.0394,0.9992,0.0000,0.0000,0.0000,1.0000,0.2820,0.2947,0.2062
212,5,8.8765,-0.0149,0.6614,0.9992,0.0394,0.0000,-0.0394,0.9992,0.0000,0.0000,0.0000,1.0000,0.1112,0.2100,0.3614
212,6,8.9686,0.0082,0.4265,0.9992,0.0394,0.0000,-0.0394,0.9992,0.0000,0.0000,0.0000,1.0000,0.1972,0.1336,0.1265
212,7,9.0771,0.0209,0.4491,0.9992,0.0394,0.0000,-0.0394,0.9992,0.0000,0.0000,0.0000,1.0000,0.1624,0.1625,0.0548
212,8,9.1028,0.0652,0.4472,0.9992,0.0394,0.0000,-0.0394,0.9992,0.0000,0.0000,0.0000,1.0000,0.0831,0.2046,0.1050
212,9,9.1305,0.1326,0.4544,0.9992,0.0394,0.0000,-0.0394,0.9992,0.0000,0.0000,0.0000,1.0000,0.0210,0.0279,0.0569
212,10,9.1767,0.0745,0.4546,0.9992,0.0394,0.0000,-0.0394,0.9992,0.0000,0.0000,0.0000,1.0000,0.0210,0.0279,0.0569
213,0,8.8565,0.1287,0.4400,0.9991,0.0425,0.0000,-0.0425,0.9991,0.0000,0.0000,0.0000,1.0000,0.2577,0.2263,0.1400
213,1,8.8645,0.1319,0.6052,0.9991,0.0425,0.0000,-0.0425,0.9991,0.0000,0.0000,0.0000,1.0000,0.1100,0.2168,0.3052
213,2,8.9429,0.0749,0.5173,0.9991,0.0425,0.0000,-0.0425,0.9991,0.0000,0.0000,0.0000,1.0000,0.1101,0.3070,0.2173
213,3,8.9728,-0.1007,0.5889,0.9991,0.0425,0.0000,-0.0425,0.9991,0.0000,0.0000,0.0000,1.0000,0.2836,0.2073,0.2889
213,4,9.0927,-0.1421,0.5062,0.9991,0.0425,0.0000,-0.0425,0.9991,0.0000,0.0000,0.0000,1.0000,0.2820,0.2947,0.2062
213,5,9.2544,0.0017,0.6614,0.9991,0.0425,0.0000,-0.0425,0.9991,0.0000,0.0000,0.0000,1.0000,0.1112,0.2100,0.3614
213,6,9.3464,0.0251,0.4265,0.9991,0.0425,0.0000,-0.0425,0.9991,0.0000,0.0000,0.0000,1.0000,0.1972,0.1336,0.1265
213,7,9.4549,0.0381,0.4491,0.9991,0.0425,0.0000,-0.0425,0.9991,0.0000,0.0000,0.0000,1.0000,0.1624,0.1625,0.0548
213,8,9.4804,0.0824,0.4472,0.9991,0.0425,0.0000,-0.0425,0.9991,0.0000,0.0000,0.0000,1.0000,0.0831,0.2046,0.1050
213,9,9.5079,0.1500,0.4544,0.9991,0.0425,0.0000,-0.0425,0.9991,0.0000,0.0000,0.0000,1.0000,0.0210,0.0279,0.0569
213,10,9.5543,0.0920,0.4546,0.9991,0.0425,0.0000,-0.0425,0.9991,0.0000,0.0000,0.0000,1.0000,0.0210,0.0279,0.0569
214,0,9.2288,0.1449,0.4400,0.9990,0.0456,0.0000,-0.0456,0.9990,0.0000,0.0000,0.0000,1.0000,0.2577,0.2263,0.1400
214,1,9.2367,0.1482,0.6052,0.9990,0.0456,0.0000,-0.0456,0.9990,0.0000,0.0000,0.0000,1.0000,0.1100,0.2168,0.3052
214,2,9.3153,0.0914,0.5173,0.9990,0.0456,0.0000,-0.0456,0.9990,0.0000,0.0000,0.0000,1.0000,0.1101,0.3070,0.2173
214,3,9.3457,-0.0841,0.5889,0.9990,0.0456,0.0000,-0.0456,0.9990,0.0000,0.0000,0.0000,1.0000,0.2836,0.2073,0.2889
214,4,9.4658,-0.1251,0.5062,0.9990,0.0456,0.0000,-0.0456,0.9990,0.0000,0.0000,0.0000,1.0000,0.2820,0.2947,0.2062
214,5,9.6270,0.0192,0.6614,0.9990,0.0456,0.0000,-0.0456,0.9990,0.0000,0.0000,0.0000,1.0000,0.1112,0.2100,0.3614
214,6,9.7190,0.0429,0.4265,0.9990,0.0456,0.0000,-0.0456,0.9990,0.0000,0.0000,0.0000,1.0000,0.1972,0.1336,0.1265
214,7,9.8274,0.0562,0.4491,0.9990,0.0456,0.0000,-0.0456,0.9990,0.0000,0.0000,0.0000,1.0000,0.1624,0.1625,0.0548
214,8,9.8528,0.1006,0.4472,0.9990,0.0456,0.0000,-0.0456,0.9990,0.0000,0.0000,0.0000,1.0000,0.0831,0.2046,0.1050
214,9,9.8801,0.1683,0.4544,0.9990,0.0456,0.0000,-0.0456,0.9990,0.0000,0.0000,0.0000,1.0000,0.0210,0.0279,0.0569
214,10,9.9267,0.1104,0.4546,0.9990,0.0456,0.0000,-0.0456,0.9990,0.0000,0.0000,0.0000,1.0000,0.0210,0.0279,0.0569
215,0,9.5956,0.1621,0.4400,0.9988,0.0486,0.0000,-0.0486,0.9988,0.0000,0.0000,0.0000,1.0000,0.2577,0.2263,0.1400
215,1,9.6035,0.1654,0.6052,0.9988,0.0486,0.0000,-0.0486,0.9988,0.0000,0.0000,0.0000,1.0000,0.1100,0.2168,0.3052
215,2,9.6822,0.1089,0.5173,0.9988,0.0486,0.0000,-0.0486,0.9988,0.0000,0.0000,0.0000,1.0000,0.1101,0.3070,0.2173
215,3,9.7132,-0.0665,0.5889,0.9988,0.0486,0.0000,-0.0486,0.9988,0.0000,0.0000,0.0000,1.0000,0.2836,0.2073,0.2889
215,4,9.8334,-0.1072,0.5062,0.9988,0.0486,0.0000,-0.0486,0.9988,0.0000,0.0000,0.0000,1.0000,0.2820,0.2947,0.2062
215,5,9.9942,0.0376,0.6614,0.9988,0.0486,0.0000,-0.0486,0.9988,0.0000,0.0000,0.0000,1.0000,0.1112,0.2100,0.3614
215,6,10.0861,0.0615,0.4265,0.9988,0.0486,0.0000,-0.0486,0.9988,0.0000,0.0000,0.0000,1.0000,0.1972,0.1336,0.1265
215,7,10.1945,0.0752,0.4491,0.9988,0.0486,0.0000,-0.0486,0.9988,0.0000,0.0000,0.0000,1.0000,0.1624,0.1625,0.0548
215,8,10.2198,0.1197,0.4472,0.9988,0.0486,0.0000,-0.0486,0.9988,0.0000,0.0000,0.0000,1.0000,0.0831,0.2046,0.1050
215,9,10.2468,0.1874,0.4544,0.9988,0.0486,0.0000,-0.0486,0.9988,0.0000,0.0000,0.0000,1.0000,0.0210,0.0279,0.0569
215,10,10.2936,0.1297,0.4546,0.9988,0.0486,0.0000,-0.0486,0.9988,0.0000,0.0000,0.0000,1.0000,0.0210,0.0279,0.0569
216,0,9.9572,0.1801,0.4400,0.9987,0.0516,0.0000,-0.0516,0.9987,0.0000,0.0000,0.0000,1.0000,0.2577,0.2263,0.1400
216,1,9.9651,0.1834,0.6052,0.9987,0.0516,0.0000,-0.0516,0.9987,0.0000,0.0000,0.0000,1.0000,0.1100,0.2168,0.3052
216,2,10.0440,0.1271,0.5173,0.9987,0.0516,0.0000,-0.0516,0.9987,0.0000,0.0000,0.0000,1.0000,0.1101,0.3070,0.2173
216,3,10.0755,-0.0482,0.5889,0.9987,0.0516,0.0000,-0.0516,0.9987,0.0000,0.0000,0.0000,1.0000,0.2836,0.2073,0.2889
216,4,10.1959,-0.0885,0.5062,0.9987,0.0516,0.0000,-0.0516,0.9987,0.0000,0.0000,0.0000,1.0000,0.2820,0.2947,0.2062
216,5,10.3562,0.0568,0.6614,0.9987,0.0516,0.0000,-0.0516,0.9987,0.0000,0.0000,0.0000,1.0000,0.1112,0.2100,0.3614
216,6,10.4481,0.0810,0.4265,0.9987,0.0516,0.0000,-0.0516,0.9987,0.0000,0.0000,0.0000,1.0000,0.1972,0.1336,0.1265
216,7,10.5564,0.0950,0.4491,0.9987,0.0516,0.0000,-0.0516,0.9987,0.0000,0.0000,0.0000,1.0000,0.1624,0.1625,0.0548
216,8,10.5815,0.1396,0.4472,0.9987,0.0516,0.0000,-0.0516,0.9987,0.0000,0.0000,0.0000,1.0000,0.0831,0.2046,0.1050
216,9,10.6084,0.2074,0.4544,0.9987,0.0516,0.0000,-0.0516,0.9987,0.0000,0.0000,0.0000,1.0000,0.0210,0.0279,0.0569
216,10,10.6553,0.1498,0.4546,0.9987,0.0516,0.0000,-0.0516,0.9987,0.0000,0.0000,0.0000,1.0000,0.0210,0.0279,0.0569
217,0,10.3142,0.1990,0.4400,0.9985,0.0545,0.0000,-0.0545,0.9985,0.0000,0.0000,0.0000,1.0000,0.2577,0.2263,0.1400
217,1,10.3222,0.2023,0.6052,0.9985,0.0545,0.0000,-0.0545,0.9985,0.0000,0.0000,0.0000,1.0000,0.1100,0.2168,0.3052
217,2,10.4012,0.1462,0.5173,0.9985,0.0545,0.0000,-0.0545,0.9985,0.0000,0.0000,0.0000,1.0000,0.1101,0.3070,0.2173
217,3,10.4332,-0.0290,0.5889,0.9985,0.0545,0.0000,-0.0545,0.9985,0.0000,0.0000,0.0000,1.0000,0.2836,0.2073,0.2889
217,4,10.5537,-0.0690,0.5062,0.9985,0.0545,0.0000,-0.0545,0.9985,0.0000,0.0000,0.0000,1.0000,0.2820,0.2947,0.2062
217,5,10.7136,0.0768,0.6614,0.9985,0.0545,0.0000,-0.0545,0.9985,0.0000,0.0000,0.0000,1.0000,0.1112,0.2100,0.3614
217,6,10.8054,0.1013,0.4265,0.9985,0.0545,0.0000,-0.0545,0.9985,0.0000,0.0000,0.0000,1.0000,0.1972,0.1336,0.1265
217,7,10.9137,0.1156,0.4491,0.9985,0.0545,0.0000,-0.0545,0.9985,0.0000,0.0000,0.0000,1.0000,0.1624,0.1625,0.0548
217,8,10.9387,0.1603,0.4472,0.9985,0.0545,0.0000,-0.0545,0.9985,0.0000,0.0000,0.0000,1.0000,0.0831,0.2046,0.1050
217,9,10.9653,0.2281,0.4544,0.9985,0.0545,0.0000,-0.0545,0.9985,0.0000,0.0000,0.0000,1.0000,0.0210,0.0279,0.0569
217,10,11.0124,0.1707,0.4546,0.9985,0.0545,0.0000,-0.0545,0.9985,0.0000,0.0000,0.0000,1.0000,0.0210,0.0279,0.0569
218,0,10.6673,0.2186,0.4400,0.9984,0.0573,0.0000,-0.0573,0.9984,0.0000,0.0000,0.0000,1.0000,0.2577,0.2263,0.1400
218,1,10.6752,0.2220,0.6052,0.9984,0.0573,0.0000,-0.0573,0.9984,0.0000,0.0000,0.0000,1.0000,0.1100,0.2168,0.3052
218,2,10.7544,0.1661,0.5173,0.9984,0.0573,0.0000,-0.0573,0.9984,0.0000,0.0000,0.0000,1.0000,0.1101,0.3070,0.2173
218,3,10.7869,-0.0090,0.5889,0.9984,0.0573,0.0000,-0.0573,0.9984,0.0000,0.0000,0.0000,1.0000,0.2836,0.2073,0.2889
218,4,10.9075,-0.0486,0.5062,0.9984,0.0573,0.0000,-0.0573,0.9984,0.0000,0.0000,0.0000,1.0000,0.2820,0.2947,0.2062
218,5,11.0670,0.0975,0.6614,0.9984,0.0573,0.0000,-0.0573,0.9984,0.0000,0.0000,0.0000,1.0000,0.1112,0.2100,0.3614
218,6,11.1587,0.1223,0.4265,0.9984,0.0573,0.0000,-0.0573,0.9984,0.0000,0.0000,0.0000,1.0000,0.1972,0.1336,0.1265
218,7,11.2669,0.1370,0.4491,0.9984,0.0573,0.0000,-0.0573,0.9984,0.0000,0.0000,0.0000,1.0000,0.1624,0.1625,0.0548
218,8,11.2918,0.1817,0.4472,0.9984,0.0573,0.0000,-0.0573,0.9984,0.0000,0.0000,0.0000,1.0000,0.0831,0.2046,0.1050
218,9,11.3183,0.2496,0.4544,0.9984,0.0573,0.0000,-0.0573,0.9984,0.0000,0.0000,0.0000,1.0000,0.0210,0.0279,0.0569
218,10,11.3655,0.1923,0.4546,0.9984,0.0573,0.0000,-0.0573,0.9984,0.0000,0.0000,0.0000,1.0000,0.0210,0.0279,0.0569
219,0,11.0166,0.2390,0.4400,0.9982,0.0600,0.0000,-0.0600,0.9982,0.0000,0.0000,0.0000,1.0000,0.2577,0.2263,0.1400
219,1,11.0245,0.2424,0.6052,0.9982,0.0600,0.0000,-0.0600,0.9982,0.0000,0.0000,0.0000,1.0000,0.1100,0.2168,0.3052
219,2,11.1039,0.1868,0.5173,0.9982,0.0600,0.0000,-0.0600,0.9982,0.0000,0.0000,0.0000,1.0000,0.1101,0.3070,0.2173
219,3,11.1368,0.0117,0.5889,0.9982,0.0600,0.0000,-0.0600,0.9982,0.0000,0.0000,0.0000,1.0000,0.2836,0.2073,0.2889
219,4,11.2575,-0.0276,0.5062,0.9982,0.0600,0.0000,-0.0600,0.9982,0.0000,0.0000,0.0000,1.0000,0.2820,0.2947,0.2062
219,5,11.4166,0.1190,0.6614,0.9982,0.0600,0.0000,-0.0600,0.9982,0.0000,0.0000,0.0000,1.0000,0.1112,0.2100,0.3614
219,6,11.5083,0.1440,0.4265,0.9982,0.0600,0.0000,-0.0600,0.9982,0.0000,0.0000,0.0000,1.0000,0.1972,0.1336,0.1265
219,7,11.6165,0.1590,0.4491,0.9982,0.0600,0.0000,-0.0600,0.9982,0.0000,0.0000,0.0000,1.0000,0.1624,0.1625,0.0548
219,8,11.6412,0.2037,0.4472,0.9982,0.0600,0.0000,-0.0600,0.9982,0.0000,0.0000,0.0000,1.0000,0.0831,0.2046,0.1050
219,9,11.6675,0.2717,0.4544,0.9982,0.0600,0.0000,-0.0600,0.9982,0.0000,0.0000,0.0000,1.0000,0.0210,0.0279,0.0569
219,10,11.7149,0.2146,0.4546,0.9982,0.0600,0.0000,-0.0600,0.9982,0.0000,0.0000,0.0000,1.0000,0.0210,0.0279,0.0569
220,0,11.3622,0.2601,0.4400,0.9980,0.0626,0.0000,-0.0626,0.9980,0.0000,0.0000,0.0000,1.0000,0.2577,0.2263,0.1400
220,1,11.3701,0.2635,0.6052,0.9980,0.0626,0.0000,-0.0626,0.9980,0.0000,0.0000,0.0000,1.0000,0.1100,0.2168,0.3052
220,2,11.4496,0.2081,0.5173,0.9980,0.0626,0.0000,-0.0626,0.9980,0.0000,0.0000,0.0000,1.0000,0.1101,0.3070,0.2173
220,3,11.4830,0.0332,0.5889,0.9980,0.0626,0.0000,-0.0626,0.9980,0.0000,0.0000,0.0000,1.0000,0.2836,0.2073,0.2889
220,4,11.6038,-0.0059,0.5062,0.9980,0.0626,0.0000,-0.0626,0.9980,0.0000,0.0000,0.0000,1.0000,0.2820,0.2947,0.2062
220,5,11.7625,0.1412,0.6614,0.9980,0.0626,0.0000,-0.0626,0.9980,0.0000,0.0000,0.0000,1.0000,0.1112,0.2100,0.3614
220,6,11.8541,0.1665,0.4265,0.9980,0.0626,0.0000,-0.0626,0.9980,0.0000,0.0000,0.0000,1.0000,0.1972,0.1336,0.1265
220,7,11.9623,0.1817,0.4491,0.9980,0.0626,0.0000,-0.0626,0.9980,0.0000,0.0000,0.0000,1.0000,0.1624,0.1625,0.0548
220,8,11.9869,0.2265,0.4472,0.9980,0.0626,0.0000,-0.0626,0.9980,0.0000,0.0000,0.0000,1.0000,0.0831,0.2046,0.1050
220,9,12.0130,0.2946,0.4544,0.9980,0.0626,0.0000,-0.0626,0.9980,0.0000,0.0000,0.0000,1.0000,0.0210,0.0279,0.0569
220,10,12.0606,0.2375,0.4546,0.9980,0.0626,0.0000,-0.0626,0.9980,0.0000,0.0000,0.0000,1.0000,0.0210,0.0279,0.0569
221,0,11.7039,0.2819,0.4400,0.9979,0.0651,0.0000,-0.0651,0.9979,0.0000,0.0000,0.0000,1.0000,0.2577,0.2263,0.1400
221,1,11.7118,0.2853,0.6052,0.9979,0.0651,0.0000,-0.0651,0.9979,0.0000,0.0000,0.0000,1.0000,0.1100,0.2168,0.3052
221,2,11.7915,0.2301,0.5173,0.9979,0.0651,0.0000,-0.0651,0.9979,0.0000,0.0000,0.0000,1.0000,0.1101,0.3070,0.2173
221,3,11.8254,0.0552,0.5889,0.9979,0.0651,0.0000,-0.0651,0.9979,0.0000,0.0000,0.0000,1.0000,0.2836,0.2073,0.2889
221,4,11.9462,0.0165,0.5062,0.9979,0.0651,0.0000,-0.0651,0.9979,0.0000,0.0000,0.0000,1.0000,0.2820,0.2947,0.2062
221,5,12.1046,0.1640,0.6614,0.9979,0.0651,0.0000,-0.0651,0.9979,0.0000,0.0000,0.0000,1.0000,0.1112,0.2100,0.3614
221,6,12.1961,0.1895,0.4265,0.9979,0.0651,0.0000,-0.0651,0.9979,0.0000,0.0000,0.0000,1.0000,0.1972,0.1336,0.1265
221,7,12.3042,0.2050,0.4491,0.9979,0.0651,0.0000,-0.0651,0.9979,0.0000,0.0000,0.0000,1.0000,0.1624,0.1625,0.0548
221,8,12.3288,0.2498,0.4472,0.9979,0.0651,0.0000,-0.0651,0.9979,0.0000,0.0000,0.0000,1.0000,0.0831,0.2046,0.1050
221,9,12.3547,0.3180,0.4544,0.9979,0.0651,0.0000,-0.0651,0.9979,0.0000,0.0000,0.0000,1.0000,0.0210,0.0279,0.0569
221,10,12.4024,0.2611,0.4546,0.9979,0.0651,0.0000,-0.0651,0.9979,0.0000,0.0000,0.0000,1.0000,0.0210,0.0279,0.0569
222,0,12.0418,0.3043,0.4400,0.9977,0.0676,0.0000,-0.0676,0.9977,0.0000,0.0000,0.0000,1.0000,0.2577,0.2263,0.1400
222,1,12.0497,0.3077,0.6052,0.9977,0.0676,0.0000,-0.0676,0.9977,0.0000,0.0000,0.0000,1.0000,0.1100,0.2168,0.3052
222,2,12.1295,0.2527,0.5173,0.9977,0.0676,0.0000,-0.0676,0.9977,0.0000,0.0000,0.0000,1.0000,0.1101,0.3070,0.2173
222,3,12.1638,0.0779,0.5889,0.9977,0.0676,0.0000,-0.0676,0.9977,0.0000,0.0000,0.0000,1.0000,0.2836,0.2073,0.2889
222,4,12.2848,0.0395,0.5062,0.9977,0.0676,0.0000,-0.0676,0.9977,0.0000,0.0000,0.0000,1.0000,0.2820,0.2947,0.2062
222,5,12.4427,0.1873,0.6614,0.9977,0.0676,0.0000,-0.0676,0.9977,0.0000,0.0000,0.0000,1.0000,0.1112,0.2100,0.3614
222,6,12.5342,0.2131,0.4265,0.9977,0.0676,0.0000,-0.0676,0.9977,0.0000,0.0000,0.0000,1.0000,0.1972,0.1336,0.1265
222,7,12.6423,0.2288,0.4491,0.9977,0.0676,0.0000,-0.0676,0.9977,0.0000,0.0000,0.0000,1.0000,0.1624,0.1625,0.0548
222,8,12.6667,0.2738,0.4472,0.9977,0.0676,0.0000,-0.0676,0.9977,0.0000,0.0000,0.0000,1.0000,0.0831,0.2046,0.1050
222,9,12.6924,0.3420,0.4544,0.9977,0.0676,0.0000,-0.0676,0.9977,0.0000,0.0000,0.0000,1.0000,0.0210,0.0279,0.0569
222,10,12.7403,0.2852,0.4546,0.9977,0.0676,0.0000,-0.0676,0.9977,0.0000,0.0000,0.0000,1.0000,0.0210,0.0279,0.0569
223,0,12.3759,0.3272,0.4400,0.9975,0.0701,0.0000,-0.0701,0.9975,0.0000,0.0000,0.0000,1.0000,0.2577,0.2263,0.1400
223,1,12.3837,0.3307,0.6052,0.9975,0.0701,0.0000,-0.0701,0.9975,0.0000,0.0000,0.0000,1.0000,0.1100,0.2168,0.3052
223,2,12.4637,0.2759,0.5173,0.9975,0.0701,0.0000,-0.0701,0.9975,0.0000,0.0000,0.0000,1.0000,0.1101,0.3070,0.2173
223,3,12.4984,0.1012,0.5889,0.9975,0.0701,0.0000,-0.0701,0.9975,0.0000,0.0000,0.0000,1.0000,0.2836,0.2073,0.2889
223,4,12.6195,0.0631,0.5062,0.9975,0.0701,0.0000,-0.0701,0.9975,0.0000,0.0000,0.0000,1.0000,0.2820,0.2947,0.2062
223,5,12.7771,0.2113,0.6614,0.9975,0.0701,0.0000,-0.0701,0.9975,0.0000,0.0000,0.0000,1.0000,0.1112,0.2100,0.3614
223,6,12.8685,0.2372,0.4265,0.9975,0.0701,0.0000,-0.0701,0.9975,0.0000,0.0000,0.0000,1.0000,0.1972,0.1336,0.1265
223,7,12.9765,0.2532,0.4491,0.9975,0.0701,0.0000,-0.0701,0.9975,0.0000,0.0000,0.0000,1.0000,0.1624,0.1625,0.0548
223,8,13.0008,0.2983,0.4472,0.9975,0.0701,0.0000,-0.0701,0.9975,0.0000,0.0000,0.0000,1.0000,0.0831,0.2046,0.1050
223,9,13.0264,0.3665,0.4544,0.9975,0.0701,0.0000,-0.0701,0.9975,0.0000,0.0000,0.0000,1.0000,0.0210,0.0279,0.0569
223,10,13.0744,0.3098,0.4546,0.9975,0.0701,0.0000,-0.0701,0.9975,0.0000,0.0000,0.0000,1.0000,0.0210,0.0279,0.0569
224,0,12.7065,0.3508,0.4400,0.9974,0.0725,0.0000,-0.0725,0.9974,0.0000,0.0000,0.0000,1.0000,0.2577,0.2263,0.1400
224,1,12.7143,0.3542,0.6052,0.9974,0.0725,0.0000,-0.0725,0.9974,0.0000,0.0000,0.0000,1.0000,0.1100,0.2168,0.3052
224,2,12.7944,0.2996,0.5173,0.9974,0.0725,0.0000,-0.0725,0.9974,0.0000,0.0000,0.0000,1.0000,0.1101,0.3070,0.2173
224,3,12.8296,0.1250,0.5889,0.9974,0.0725,0.0000,-0.0725,0.9974,0.0000,0.0000,0.0000,1.0000,0.2836,0.2073,0.2889
224,4,12.9507,0.0872,0.5062,0.9974,0.0725,0.0000,-0.0725,0.9974,0.0000,0.0000,0.0000,1.0000,0.2820,0.2947,0.2062
224,5,13.1080,0.2358,0.6614,0.9974,0.0725,0.0000,-0.0725,0.9974,0.0000,0.0000,0.0000,1.0000,0.1112,0.2100,0.3614
224,6,13.1993,0.2620,0.4265,0.9974,0.0725,0.0000,-0.0725,0.9974,0.0000,0.0000,0.0000,1.0000,0.1972,0.1336,0.1265
224,7,13.3073,0.2782,0.4491,0.9974,0.0725,0.0000,-0.0725,0.9974,0.0000,0.0000,0.0000,1.0000,0.1624,0.1625,0.0548
224,8,13.3315,0.3233,0.4472,0.9974,0.0725,0.0000,-0.0725,0.9974,0.0000,0.0000,0.0000,1.0000,0.0831,0.2046,0.1050
224,9,13.3569,0.3916,0.4544,0.9974,0.0725,0.0000,-0.0725,0.9974,0.0000,0.0000,0.0000,1.0000,0.0210,0.0279,0.0569
224,10,13.4051,0.3351,0.4546,0.9974,0.0725,0.0000,-0.0725,0.9974,0.0000,0.0000,0.0000,1.0000,0.0210,0.0279,0.0569
225,0,13.0341,0.3749,0.4400,0.9972,0.0750,0.0000,-0.0750,0.9972,0.0000,0.0000,0.0000,1.0000,0.2577,0.2263,0.1400
225,1,13.0420,0.3784,0.6052,0.9972,0.0750,0.0000,-0.0750,0.9972,0.0000,0.0000,0.0000,1.0000,0.1100,0.2168,0.3052
225,2,13.1222,0.3240,0.5173,0.9972,0.0750,0.0000,-0.0750,0.9972,0.0000,0.0000,0.0000,1.0000,0.1101,0.3070,0.2173
225,3,13.1578,0.1494,0.5889,0.9972,0.0750,0.0000,-0.0750,0.9972,0.0000,0.0000,0.0000,1.0000,0.2836,0.2073,0.2889
225,4,13.2791,0.1119,0.5062,0.9972,0.0750,0.0000,-0.0750,0.9972,0.0000,0.0000,0.0000,1.0000,0.2820,0.2947,0.2062
225,5,13.4359,0.2609,0.6614,0.9972,0.0750,0.0000,-0.0750,0.9972,0.0000,0.0000,0.0000,1.0000,0.1112,0.2100,0.3614
225,6,13.5272,0.2874,0.4265,0.9972,0.0750,0.0000,-0.0750,0.9972,0.0000,0.0000,0.0000,1.0000,0.1972,0.1336,0.1265
225,7,13.6352,0.3039,0.4491,0.9972,0.0750,0.0000,-0.0750,0.9972,0.0000,0.0000,0.0000,1.0000,0.1624,0.1625,0.0548
225,8,13.6592,0.3490,0.4472,0.9972,0.0750,0.0000,-0.0750,0.9972,0.0000,0.0000,0.0000,1.0000,0.0831,0.2046,0.1050
225,9,13.6845,0.4174,0.4544,0.9972,0.0750,0.0000,-0.0750,0.9972,0.0000,0.0000,0.0000,1.0000,0.0210,0.0279,0.0569
225,10,13.7328,0.3610,0.4546,0.9972,0.0750,0.0000,-0.0750,0.9972,0.0000,0.0000,0.0000,1.0000,0.0210,0.0279,0.0569
226,0,13.3593,0.3997,0.4400,0.9970,0.0776,0.0000,-0.0776,0.9970,0.0000,0.0000,0.0000,1.0000,0.2577,0.2263,0.1400
226,1,13.3672,0.4032,0.6052,0.9970,0.0776,0.0000,-0.0776,0.9970,0.0000,0.0000,0.0000,1.0000,0.1100,0.2168,0.3052
226,2,13.4475,0.3490,0.5173,0.9970,0.0776,0.0000,-0.0776,0.9970,0.0000,0.0000,0.0000,1.0000,0.1101,0.3070,0.2173
226,3,13.4835,0.1745,0.5889,0.9970,0.0776,0.0000,-0.0776,0.9970,0.0000,0.0000,0.0000,1.0000,0.2836,0.2073,0.2889
226,4,13.6049,0.1373,0.5062,0.9970,0.0776,0.0000,-0.0776,0.9970,0.0000,0.0000,0.0000,1.0000,0.2820,0.2947,0.2062
226,5,13.7614,0.2867,0.6614,0.9970,0.0776,0.0000,-0.0776,0.9970,0.0000,0.0000,0.0000,1.0000,0.1112,0.2100,0.3614
226,6,13.8526,0.3134,0.4265,0.9970,0.0776,0.0000,-0.0776,0.9970,0.0000,0.0000,0.0000,1.0000,0.1972,0.1336,0.1265
226,7,13.9605,0.3302,0.4491,0.9970,0.0776,0.0000,-0.0776,0.9970,0.0000,0.0000,0.0000,1.0000,0.1624,0.1625,0.0548
226,8,13.9845,0.3754,0.4472,0.9970,0.0776,0.0000,-0.0776,0.9970,0.0000,0.0000,0.0000,1.0000,0.0831,0.2046,0.1050
226,9,14.0095,0.4439,0.4544,0.9970,0.0776,0.0000,-0.0776,0.9970,0.0000,0.0000,0.0000,1.0000,0.0210,0.0279,0.0569
226,10,14.0579,0.3875,0.4546,0.9970,0.0776,0.0000,-0.0776,0.9970,0.0000,0.0000,0.0000,1.0000,0.0210,0.0279,0.0569
227,0,13.6824,0.4251,0.4400,0.9968,0.0802,0.0000,-0.0802,0.9968,0.0000,0.0000,0.0000,1.0000,0.2577,0.2263,0.1400
227,1,13.6903,0.4287,0.6052,0.9968,0.0802,0.0000,-0.0802,0.9968,0.0000,0.0000,0.0000,1.0000,0.1100,0.2168,0.3052
227,2,13.7707,0.3747,0.5173,0.9968,0.0802,0.0000,-0.0802,0.9968,0.0000,0.0000,0.0000,1.0000,0.1101,0.3070,0.2173
227,3,13.8072,0.2003,0.5889,0.9968,0.0802,0.0000,-0.0802,0.9968,0.0000,0.0000,0.0000,1.0000,0.2836,0.2073,0.2889
227,4,13.9287,0.1634,0.5062,0.9968,0.0802,0.0000,-0.0802,0.9968,0.0000,0.0000,0.0000,1.0000,0.2820,0.2947,0.2062
227,5,14.0848,0.3132,0.6614,0.9968,0.0802,0.0000,-0.0802,0.9968,0.0000,0.0000,0.0000,1.0000,0.1112,0.2100,0.3614
227,6,14.1759,0.3401,0.4265,0.9968,0.0802,0.0000,-0.0802,0.9968,0.0000,0.0000,0.0000,1.0000,0.1972,0.1336,0.1265
227,7,14.2838,0.3572,0.4491,0.9968,0.0802,0.0000,-0.0802,0.9968,0.0000,0.0000,0.0000,1.0000,0.1624,0.1625,0.0548
227,8,14.3076,0.4025,0.4472,0.9968,0.0802,0.0000,-0.0802,0.9968,0.0000,0.0000,0.0000,1.0000,0.0831,0.2046,0.1050
227,9,14.3325,0.4710,0.4544,0.9968,0.0802,0.0000,-0.0802,0.9968,0.0000,0.0000,0.0000,1.0000,0.0210,0.0279,0.0569
227,10,14.3811,0.4148,0.4546,0.9968,0.0802,0.0000,-0.0802,0.9968,0.0000,0.0000,0.0000,1.0000,0.0210,0.0279,0.0569
228,0,14.0038,0.4513,0.4400,0.9966,0.0827,0.0000,-0.0827,0.9966,0.0000,0.0000,0.0000,1.0000,0.2577,0.2263,0.1400
228,1,14.0116,0.4549,0.6052,0.9966,0.0827,0.0000,-0.0827,0.9966,0.0000,0.0000,0.0000,1.0000,0.1100,0.2168,0.3052
228,2,14.0923,0.4010,0.5173,0.9966,0.0827,0.0000,-0.0827,0.9966,0.0000,0.0000,0.0000,1.0000,0.1101,0.3070,0.2173
228,3,14.1292,0.2268,0.5889,0.9966,0.0827,0.0000,-0.0827,0.9966,0.0000,0.0000,0.0000,1.0000,0.2836,0.2073,0.2889
228,4,14.2508,0.1902,0.5062,0.9966,0.0827,0.0000,-0.0827,0.9966,0.0000,0.0000,0.0000,1.0000,0.2820,0.2947,0.2062
228,5,14.4065,0.3404,0.6614,0.9966,0.0827,0.0000,-0.0827,0.9966,0.0000,0.0000,0.0000,1.0000,0.1112,0.2100,0.3614
228,6,14.4975,0.3675,0.4265,0.9966,0.0827,0.0000,-0.0827,0.9966,0.0000,0.0000,0.0000,1.0000,0.1972,0.1336,0.1265
228,7,14.6054,0.3849,0.4491,0.9966,0.0827,0.0000,-0.0827,0.9966,0.0000,0.0000,0.0000,1.0000,0.1624,0.1625,0.0548
228,8,14.6291,0.4302,0.4472,0.9966,0.0827,0.0000,-0.0827,0.9966,0.0000,0.0000,0.0000,1.0000,0.0831,0.2046,0.1050
228,9,14.6538,0.4988,0.4544,0.9966,0.0827,0.0000,-0.0827,0.9966,0.0000,0.0000,0.0000,1.0000,0.0210,0.0279,0.0569
228,10,14.7025,0.4428,0.4546,0.9966,0.0827,0.0000,-0.0827,0.9966,0.0000,0.0000,0.0000,1.0000,0.0210,0.0279,0.0569
229,0,14.3236,0.4782,0.4400,0.9964,0.0853,0.0000,-0.0853,0.9964,0.0000,0.0000,0.0000,1.0000,0.2577,0.2263,0.1400
229,1,14.3314,0.4817,0.6052,0.9964,0.0853,0.0000,-0.0853,0.9964,0.0000,0.0000,0.0000,1.0000,0.1100,0.2168,0.3052
229,2,14.4122,0.4281,0.5173,0.9964,0.0853,0.0000,-0.0853,0.9964,0.0000,0.0000,0.0000,1.0000,0.1101,0.3070,0.2173
229,3,14.4496,0.2540,0.5889,0.9964,0.0853,0.0000,-0.0853,0.9964,0.0000,0.0000,0.0000,1.0000,0.2836,0.2073,0.2889
229,4,14.5712,0.2177,0.5062,0.9964,0.0853,0.0000,-0.0853,0.9964,0.0000,0.0000,0.0000,1.0000,0.2820,0.2947,0.2062
229,5,14.7265,0.3683,0.6614,0.9964,0.0853,0.0000,-0.0853,0.9964,0.0000,0.0000,0.0000,1.0000,0.1112,0.2100,0.3614
229,6,14.8175,0.3957,0.4265,0.9964,0.0853,0.0000,-0.0853,0.9964,0.0000,0.0000,0.0000,1.0000,0.1972,0.1336,0.1265
229,7,14.9253,0.4134,0.4491,0.9964,0.0853,0.0000,-0.0853,0.9964,0.0000,0.0000,0.0000,1.0000,0.1624,0.1625,0.0548
229,8,14.9489,0.4587,0.4472,0.9964,0.0853,0.0000,-0.0853,0.9964,0.0000,0.0000,0.0000,1.0000,0.0831,0.2046,0.1050
229,9,14.9735,0.5274,0.4544,0.9964,0.0853,0.0000,-0.0853,0.9964,0.0000,0.0000,0.0000,1.0000,0.0210,0.0279,0.0569
229,10,15.0223,0.4715,0.4546,0.9964,0.0853,0.0000,-0.0853,0.9964,0.0000,0.0000,0.0000,1.0000,0.0210,0.0279,0.0569
230,0,14.6418,0.5057,0.4400,0.9961,0.0880,0.0000,-0.0880,0.9961,0.0000,0.0000,0.0000,1.0000,0.2577,0.2263,0.1400
230,1,14.6496,0.5093,0.6052,0.9961,0.0880,0.0000,-0.0880,0.9961,0.0000,0.0000,0.0000,1.0000,0.1100,0.2168,0.3052
230,2,14.7305,0.4559,0.5173,0.9961,0.0880,0.0000,-0.0880,0.9961,0.0000,0.0000,0.0000,1.0000,0.1101,0.3070,0.2173
230,3,14.7683,0.2819,0.5889,0.9961,0.0880,0.0000,-0.0880,0.9961,0.0000,0.0000,0.0000,1.0000,0.2836,0.2073,0.2889
230,4,14.8901,0.2460,0.5062,0.9961,0.0880,0.0000,-0.0880,0.9961,0.0000,0.0000,0.0000,1.0000,0.2820,0.2947,0.2062
230,5,15.0450,0.3970,0.6614,0.9961,0.0880,0.0000,-0.0880,0.9961,0.0000,0.0000,0.0000,1.0000,0.1112,0.2100,0.3614
230,6,15.1359,0.4246,0.4265,0.9961,0.0880,0.0000,-0.0880,0.9961,0.0000,0.0000,0.0000,1.0000,0.1972,0.1336,0.1265
230,7,15.2437,0.4425,0.4491,0.9961,0.0880,0.0000,-0.0880,0.9961,0.0000,0.0000,0.0000,1.0000,0.1624,0.1625,0.0548
230,8,15.2672,0.4880,0.4472,0.9961,0.0880,0.0000,-0.0880,0.9961,0.0000,0.0000,0.0000,1.0000,0.0831,0.2046,0.1050
230,9,15.2915,0.5567,0.4544,0.9961,0.0880,0.0000,-0.0880,0.9961,0.0000,0.0000,0.0000,1.0000,0.0210,0.0279,0.0569
230,10,15.3405,0.5009,0.4546,0.9961,0.0880,0.0000,-0.0880,0.9961,0.0000,0.0000,0.0000,1.0000,0.0210,0.0279,0.0569
231,0,14.9583,0.5340,0.4400,0.9959,0.0906,0.0000,-0.0906,0.9959,0.0000,0.0000,0.0000,1.0000,0.2577,0.2263,0.1400
231,1,14.9661,0.5376,0.6052,0.9959,0.0906,0.0000,-0.0906,0.9959,0.0000,0.0000,0.0000,1.0000,0.1100,0.2168,0.3052
231,2,15.0471,0.4844,0.5173,0.9959,0.0906,0.0000,-0.0906,0.9959,0.0000,0.0000,0.0000,1.0000,0.1101,0.3070,0.2173
231,3,15.0854,0.3105,0.5889,0.9959,0.0906,0.0000,-0.0906,0.9959,0.0000,0.0000,0.0000,1.0000,0.2836,0.2073,0.2889
231,4,15.2073,0.2749,0.5062,0.9959,0.0906,0.0000,-0.0906,0.9959,0.0000,0.0000,0.0000,1.0000,0.2820,0.2947,0.2062
231,5,15.3618,0.4263,0.6614,0.9959,0.0906,0.0000,-0.0906,0.9959,0.0000,0.0000,0.0000,1.0000,0.1112,0.2100,0.3614
231,6,15.4526,0.4541,0.4265,0.9959,0.0906,0.0000,-0.0906,0.9959,0.0000,0.0000,0.0000,1.0000,0.1972,0.1336,0.1265
231,7,15.5603,0.4724,0.4491,0.9959,0.0906,0.0000,-0.0906,0.9959,0.0000,0.0000,0.0000,1.0000,0.1624,0.1625,0.0548
231,8,15.5837,0.5179,0.4472,0.9959,0.0906,0.0000,-0.0906,0.9959,0.0000,0.0000,0.0000,1.0000,0.0831,0.2046,0.1050
231,9,15.6079,0.5866,0.4544,0.9959,0.0906,0.0000,-0.0906,0.9959,0.0000,0.0000,0.0000,1.0000,0.0210,0.0279,0.0569
231,10,15.6570,0.5310,0.4546,0.9959,0.0906,0.0000,-0.0906,0.9959,0.0000,0.0000,0.0000,1.0000,0.0210,0.0279,0.0569
232,0,15.2731,0.5629,0.4400,0.9956,0.0932,0.0000,-0.0932,0.9956,0.0000,0.0000,0.0000,1.0000,0.2577,0.2263,0.1400
232,1,15.2809,0.5666,0.6052,0.9956,0.0932,0.0000,-0.0932,0.9956,0.0000,0.0000,0.0000,1.0000,0.1100,0.2168,0.3052
232,2,15.3621,0.5136,0.5173,0.9956,0.0932,0.0000,-0.0932,0.9956,0.0000,0.0000,0.0000,1.0000,0.1101,0.3070,0.2173
232,3,15.4009,0.3398,0.5889,0.9956,0.0932,0.0000,-0.0932,0.9956,0.0000,0.0000,0.0000,1.0000,0.2836,0.2073,0.2889
232,4,15.5228,0.3045,0.5062,0.9956,0.0932,0.0000,-0.0932,0.9956,0.0000,0.0000,0.0000,1.0000,0.2820,0.2947,0.2062
232,5,15.6769,0.4563,0.6614,0.9956,0.0932,0.0000,-0.0932,0.9956,0.0000,0.0000,0.0000,1.0000,0.1112,0.2100,0.3614
232,6,15.7677,0.4844,0.4265,0.9956,0.0932,0.0000,-0.0932,0.9956,0.0000,0.0000,0.0000,1.0000,0.1972,0.1336,0.1265
232,7,15.8753,0.5029,0.4491,0.9956,0.0932,0.0000,-0.0932,0.9956,0.0000,0.0000,0.0000,1.0000,0.1624,0.1625,0.0548
232,8,15.8986,0.5485,0.4472,0.9956,0.0932,0.0000,-0.0932,0.9956,0.0000,0.0000,0.0000,1.0000,0.0831,0.2046,0.1050
232,9,15.9226,0.6173,0.4544,0.9956,0.0932,0.0000,-0.0932,0.9956,0.0000,0.0000,0.0000,1.0000,0.0210,0.0279,0.0569
232,10,15.9719,0.5617,0.4546,0.9956,0.0932,0.0000,-0.0932,0.9956,0.0000,0.0000,0.0000,1.0000,0.0210,0.0279,0.0569
233,0,15.5864,0.5926,0.4400,0.9954,0.0958,0.0000,-0.0958,0.9954,0.0000,0.0000,0.0000,1.0000,0.2577,0.2263,0.1400
233,1,15.5942,0.5962,0.6052,0.9954,0.0958,0.0000,-0.0958,0.9954,0.0000,0.0000,0.0000,1.0000,0.1100,0.2168,0.3052
233,2,15.6755,0.5435,0.5173,0.9954,0.0958,0.0000,-0.0958,0.9954,0.0000,0.0000,0.0000,1.0000,0.1101,0.3070,0.2173
233,3,15.7148,0.3697,0.5889,0.9954,0.0958,0.0000,-0.0958,0.9954,0.0000,0.0000,0.0000,1.0000,0.2836,0.2073,0.2889
233,4,15.8368,0.3348,0.5062,0.9954,0.0958,0.0000,-0.0958,0.9954,0.0000,0.0000,0.0000,1.0000,0.2820,0.2947,0.2062
233,5,15.9905,0.4870,0.6614,0.9954,0.0958,0.0000,-0.0958,0.9954,0.0000,0.0000,0.0000,1.0000,0.1112,0.2100,0.3614
233,6,16.0812,0.5153,0.4265,0.9954,0.0958,0.0000,-0.0958,0.9954,0.0000,0.0000,0.0000,1.0000,0.1972,0.1336,0.1265
233,7,16.1888,0.5341,0.4491,0.9954,0.0958,0.0000,-0.0958,0.9954,0.0000,0.0000,0.0000,1.0000,0.1624,0.1625,0.0548
233,8,16.2119,0.5797,0.4472,0.9954,0.0958,0.0000,-0.0958,0.9954,0.0000,0.0000,0.0000,1.0000,0.0831,0.2046,0.1050
233,9,16.2357,0.6486,0.4544,0.9954,0.0958,0.0000,-0.0958,0.9954,0.0000,0.0000,0.0000,1.0000,0.0210,0.0279,0.0569
233,10,16.2852,0.5932,0.4546,0.9954,0.0958,0.0000,-0.0958,0.9954,0.0000,0.0000,0.0000,1.0000,0.0210,0.0279,0.0569
234,0,15.8982,0.6229,0.4400,0.9951,0.0984,0.0000,-0.0984,0.9951,0.0000,0.0000,0.0000,1.0000,0.2577,0.2263,0.1400
234,1,15.9060,0.6266,0.6052,0.9951,0.0984,0.0000,-0.0984,0.9951,0.0000,0.0000,0.0000,1.0000,0.1100,0.2168,0.3052
234,2,15.9874,0.5740,0.5173,0.9951,0.0984,0.0000,-0.0984,0.9951,0.0000,0.0000,0.0000,1.0000,0.1101,0.3070,0.2173
234,3,16.0271,0.4004,0.5889,0.9951,0.0984,0.0000,-0.0984,0.9951,0.0000,0.0000,0.0000,1.0000,0.2836,0.2073,0.2889
234,4,16.1492,0.3657,0.5062,0.9951,0.0984,0.0000,-0.0984,0.9951,0.0000,0.0000,0.0000,1.0000,0.2820,0.2947,0.2062
234,5,16.3026,0.5184,0.6614,0.9951,0.0984,0.0000,-0.0984,0.9951,0.0000,0.0000,0.0000,1.0000,0.1112,0.2100,0.3614
234,6,16.3932,0.5469,0.4265,0.9951,0.0984,0.0000,-0.0984,0.9951,0.0000,0.0000,0.0000,1.0000,0.1972,0.1336,0.1265
234,7,16.5007,0.5660,0.4491,0.9951,0.0984,0.0000,-0.0984,0.9951,0.0000,0.0000,0.0000,1.0000,0.1624,0.1625,0.0548
234,8,16.5237,0.6117,0.4472,0.9951,0.0984,0.0000,-0.0984,0.9951,0.0000,0.0000,0.0000,1.0000,0.0831,0.2046,0.1050
234,9,16.5474,0.6807,0.4544,0.9951,0.0984,0.0000,-0.0984,0.9951,0.0000,0.0000,0.0000,1.0000,0.0210,0.0279,0.0569
234,10,16.5969,0.6254,0.4546,0.9951,0.0984,0.0000,-0.0984,0.9951,0.0000,0.0000,0.0000,1.0000,0.0210,0.0279,0.0569
235,0,16.2085,0.6539,0.4400,0.9949,0.1010,0.0000,-0.1010,0.9949,0.0000,0.0000,0.0000,1.0000,0.2577,0.2263,0.1400
235,1,16.2163,0.6576,0.6052,0.9949,0.1010,0.0000,-0.1010,0.9949,0.0000,0.0000,0.0000,1.0000,0.1100,0.2168,0.3052
235,2,16.2979,0.6053,0.5173,0.9949,0.1010,0.0000,-0.1010,0.9949,0.0000,0.0000,0.0000,1.0000,0.1101,0.3070,0.2173
235,3,16.3380,0.4317,0.5889,0.9949,0.1010,0.0000,-0.1010,0.9949,0.0000,0.0000,0.0000,1.0000,0.2836,0.2073,0.2889
235,4,16.4602,0.3974,0.5062,0.9949,0.1010,0.0000,-0.1010,0.9949,0.0000,0.0000,0.0000,1.0000,0.2820,0.2947,0.2062
235,5,16.6131,0.5504,0.6614,0.9949,0.1010,0.0000,-0.1010,0.9949,0.0000,0.0000,0.0000,1.0000,0.1112,0.2100,0.3614
235,6,16.7037,0.5792,0.4265,0.9949,0.1010,0.0000,-0.1010,0.9949,0.0000,0.0000,0.0000,1.0000,0.1972,0.1336,0.1265
235,7,16.8112,0.5986,0.4491,0.9949,0.1010,0.0000,-0.1010,0.9949,0.0000,0.0000,0.0000,1.0000,0.1624,0.1625,0.0548
235,8,16.8341,0.6443,0.4472,0.9949,0.1010,0.0000,-0.1010,0.9949,0.0000,0.0000,0.0000,1.0000,0.0831,0.2046,0.1050
235,9,16.8575,0.7133,0.4544,0.9949,0.1010,0.0000,-0.1010,0.9949,0.0000,0.0000,0.0000,1.0000,0.0210,0.0279,0.0569
235,10,16.9073,0.6582,0.4546,0.9949,0.1010,0.0000,-0.1010,0.9949,0.0000,0.0000,0.0000,1.0000,0.0210,0.0279,0.0569
236,0,16.5174,0.6855,0.4400,0.9946,0.1036,0.0000,-0.1036,0.9946,0.0000,0.0000,0.0000,1.0000,0.2577,0.2263,0.1400
236,1,16.5251,0.6893,0.6052,0.9946,0.1036,0.0000,-0.1036,0.9946,0.0000,0.0000,0.0000,1.0000,0.1100,0.2168,0.3052
236,2,16.6068,0.6371,0.5173,0.9946,0.1036,0.0000,-0.1036,0.9946,0.0000,0.0000,0.0000,1.0000,0.1101,0.3070,0.2173
236,3,16.6474,0.4637,0.5889,0.9946,0.1036,0.0000,-0.1036,0.9946,0.0000,0.0000,0.0000,1.0000,0.2836,0.2073,0.2889
236,4,16.7697,0.4297,0.5062,0.9946,0.1036,0.0000,-0.1036,0.9946,0.0000,0.0000,0.0000,1.0000,0.2820,0.2947,0.2062
236,5,16.9222,0.5831,0.6614,0.9946,0.1036,0.0000,-0.1036,0.9946,0.0000,0.0000,0.0000,1.0000,0.1112,0.2100,0.3614
236,6,17.0127,0.6122,0.4265,0.9946,0.1036,0.0000,-0.1036,0.9946,0.0000,0.0000,0.0000,1.0000,0.1972,0.1336,0.1265
236,7,17.1202,0.6318,0.4491,0.9946,0.1036,0.0000,-0.1036,0.9946,0.0000,0.0000,0.0000,1.0000,0.1624,0.1625,0.0548
236,8,17.1429,0.6776,0.4472,0.9946,0.1036,0.0000,-0.1036,0.9946,0.0000,0.0000,0.0000,1.0000,0.0831,0.2046,0.1050
236,9,17.1662,0.7467,0.4544,0.9946,0.1036,0.0000,-0.1036,0.9946,0.0000,0.0000,0.0000,1.0000,0.0210,0.0279,0.0569
236,10,17.2161,0.6917,0.4546,0.9946,0.1036,0.0000,-0.1036,0.9946,0.0000,0.0000,0.0000,1.0000,0.0210,0.0279,0.0569
237,0,16.8247,0.7179,0.4400,0.9943,0.1063,0.0000,-0.1063,0.9943,0.0000,0.0000,0.0000,1.0000,0.2577,0.2263,0.1400
237,1,16.8324,0.7216,0.6052,0.9943,0.1063,0.0000,-0.1063,0.9943,0.0000,0.0000,0.0000,1.0000,0.1100,0.2168,0.3052
237,2,16.9143,0.6697,0.5173,0.9943,0.1063,0.0000,-0.1063,0.9943,0.0000,0.0000,0.0000,1.0000,0.1101,0.3070,0.2173
237,3,16.9554,0.4964,0.5889,0.9943,0.1063,0.0000,-0.1063,0.9943,0.0000,0.0000,0.0000,1.0000,0.2836,0.2073,0.2889
237,4,17.0777,0.4627,0.5062,0.9943,0.1063,0.0000,-0.1063,0.9943,0.0000,0.0000,0.0000,1.0000,0.2820,0.2947,0.2062
237,5,17.2299,0.6165,0.6614,0.9943,0.1063,0.0000,-0.1063,0.9943,0.0000,0.0000,0.0000,1.0000,0.1112,0.2100,0.3614
237,6,17.3203,0.6458,0.4265,0.9943,0.1063,0.0000,-0.1063,0.9943,0.0000,0.0000,0.0000,1.0000,0.1972,0.1336,0.1265
237,7,17.4276,0.6658,0.4491,0.9943,0.1063,0.0000,-0.1063,0.9943,0.0000,0.0000,0.0000,1.0000,0.1624,0.1625,0.0548
237,8,17.4503,0.7116,0.4472,0.9943,0.1063,0.0000,-0.1063,0.9943,0.0000,0.0000,0.0000,1.0000,0.0831,0.2046,0.1050
237,9,17.4734,0.7808,0.4544,0.9943,0.1063,0.0000,-0.1063,0.9943,0.0000,0.0000,0.0000,1.0000,0.0210,0.0279,0.0569
237,10,17.5234,0.7259,0.4546,0.9943,0.1063,0.0000,-0.1063,0.9943,0.0000,0.0000,0.0000,1.0000,0.0210,0.0279,0.0569
238,0,17.1306,0.7509,0.4400,0.9940,0.1090,0.0000,-0.1090,0.9940,0.0000,0.0000,0.0000,1.0000,0.2577,0.2263,0.1400
238,1,17.1383,0.7546,0.6052,0.9940,0.1090,0.0000,-0.1090,0.9940,0.0000,0.0000,0.0000,1.0000,0.1100,0.2168,0.3052
238,2,17.2203,0.7030,0.5173,0.9940,0.1090,0.0000,-0.1090,0.9940,0.0000,0.0000,0.0000,1.0000,0.1101,0.3070,0.2173
238,3,17.2618,0.5297,0.5889,0.9940,0.1090,0.0000,-0.1090,0.9940,0.0000,0.0000,0.0000,1.0000,0.2836,0.2073,0.2889
238,4,17.3843,0.4964,0.5062,0.9940,0.1090,0.0000,-0.1090,0.9940,0.0000,0.0000,0.0000,1.0000,0.2820,0.2947,0.2062
238,5,17.5360,0.6506,0.6614,0.9940,0.1090,0.0000,-0.1090,0.9940,0.0000,0.0000,0.0000,1.0000,0.1112,0.2100,0.3614
238,6,17.6263,0.6802,0.4265,0.9940,0.1090,0.0000,-0.1090,0.9940,0.0000,0.0000,0.0000,1.0000,0.1972,0.1336,0.1265
238,7,17.7337,0.7004,0.4491,0.9940,0.1090,0.0000,-0.1090,0.9940,0.0000,0.0000,0.0000,1.0000,0.1624,0.1625,0.0548
238,8,17.7562,0.7463,0.4472,0.9940,0.1090,0.0000,-0.1090,0.9940,0.0000,0.0000,0.0000,1.0000,0.0831,0.2046,0.1050
238,9,17.7791,0.8155,0.4544,0.9940,0.1090,0.0000,-0.1090,0.9940,0.0000,0.0000,0.0000,1.0000,0.0210,0.0279,0.0569
238,10,17.8292,0.7607,0.4546,0.9940,0.1090,0.0000,-0.1090,0.9940,0.0000,0.0000,0.0000,1.0000,0.0210,0.0279,0.0569
239,0,17.4352,0.7846,0.4400,0.9937,0.1117,0.0000,-0.1117,0.9937,0.0000,0.0000,0.0000,1.0000,0.2577,0.2263,0.1400
239,1,17.4429,0.7883,0.6052,0.9937,0.1117,0.0000,-0.1117,0.9937,0.0000,0.0000,0.0000,1.0000,0.1100,0.2168,0.3052
239,2,17.5251,0.7369,0.5173,0.9937,0.1117,0.0000,-0.1117,0.9937,0.0000,0.0000,0.0000,1.0000,0.1101,0.3070,0.2173
239,3,17.5670,0.5638,0.5889,0.9937,0.1117,0.0000,-0.1117,0.9937,0.0000,0.0000,0.0000,1.0000,0.2836,0.2073,0.2889
239,4,17.6896,0.5308,0.5062,0.9937,0.1117,0.0000,-0.1117,0.9937,0.0000,0.0000,0.0000,1.0000,0.2820,0.2947,0.2062
239,5,17.8409,0.6854,0.6614,0.9937,0.1117,0.0000,-0.1117,0.9937,0.0000,0.0000,0.0000,1.0000,0.1112,0.2100,0.3614
239,6,17.9311,0.7152,0.4265,0.9937,0.1117,0.0000,-0.1117,0.9937,0.0000,0.0000,0.0000,1.0000,0.1972,0.1336,0.1265
239,7,18.0384,0.7357,0.4491,0.9937,0.1117,0.0000,-0.1117,0.9937,0.0000,0.0000,0.0000,1.0000,0.1624,0.1625,0.0548
239,8,18.0608,0.7817,0.4472,0.9937,0.1117,0.0000,-0.1117,0.9937,0.0000,0.0000,0.0000,1.0000,0.0831,0.2046,0.1050
239,9,18.0835,0.8510,0.4544,0.9937,0.1117,0.0000,-0.1117,0.9937,0.0000,0.0000,0.0000,1.0000,0.0210,0.0279,0.0569
239,10,18.1338,0.7963,0.4546,0.9937,0.1117,0.0000,-0.1117,0.9937,0.0000,0.0000,0.0000,1.0000,0.0210,0.0279,0.0569
240,0,17.7388,0.8190,0.4400,0.9934,0.1145,0.0000,-0.1145,0.9934,0.0000,0.0000,0.0000,1.0000,0.2577,0.2263,0.1400
240,1,17.7465,0.8228,0.6052,0.9934,0.1145,0.0000,-0.1145,0.9934,0.0000,0.0000,0.0000,1.0000,0.1100,0.2168,0.3052
240,2,17.8288,0.7716,0.5173,0.9934,0.1145,0.0000,-0.1145,0.9934,0.0000,0.0000,0.0000,1.0000,0.1101,0.3070,0.2173
240,3,17.8713,0.5986,0.5889,0.9934,0.1145,0.0000,-0.1145,0.9934,0.0000,0.0000,0.0000,1.0000,0.2836,0.2073,0.2889
240,4,17.9939,0.5659,0.5062,0.9934,0.1145,0.0000,-0.1145,0.9934,0.0000,0.0000,0.0000,1.0000,0.2820,0.2947,0.2062
240,5,18.1448,0.7210,0.6614,0.9934,0.1145,0.0000,-0.1145,0.9934,0.0000,0.0000,0.0000,1.0000,0.1112,0.2100,0.3614
240,6,18.2349,0.7510,0.4265,0.9934,0.1145,0.0000,-0.1145,0.9934,0.0000,0.0000,0.0000,1.0000,0.1972,0.1336,0.1265
240,7,18.3422,0.7718,0.4491,0.9934,0.1145,0.0000,-0.1145,0.9934,0.0000,0.0000,0.0000,1.0000,0.1624,0.1625,0.0548
240,8,18.3644,0.8179,0.4472,0.9934,0.1145,0.0000,-0.1145,0.9934,0.0000,0.0000,0.0000,1.0000,0.0831,0.2046,0.1050
240,9,18.3870,0.8872,0.4544,0.9934,0.1145,0.0000,-0.1145,0.9934,0.0000,0.0000,0.0000,1.0000,0.0210,0.0279,0.0569
240,10,18.4374,0.8327,0.4546,0.9934,0.1145,0.0000,-0.1145,0.9934,0.0000,0.0000,0.0000,1.0000,0.0210,0.0279,0.0569
241,0,18.0418,0.8542,0.4400,0.9931,0.1173,0.0000,-0.1173,0.9931,0.0000,0.0000,0.0000,1.0000,0.2577,0.2263,0.1400
241,1,18.0495,0.8580,0.6052,0.9931,0.1173,0.0000,-0.1173,0.9931,0.0000,0.0000,0.0000,1.0000,0.1100,0.2168,0.3052
241,2,18.1320,0.8071,0.5173,0.9931,0.1173,0.0000,-0.1173,0.9931,0.0000,0.0000,0.0000,1.0000,0.1101,0.3070,0.2173
241,3,18.1749,0.6342,0.5889,0.9931,0.1173,0.0000,-0.1173,0.9931,0.0000,0.0000,0.0000,1.0000,0.2836,0.2073,0.2889
241,4,18.2977,0.6019,0.5062,0.9931,0.1173,0.0000,-0.1173,0.9931,0.0000,0.0000,0.0000,1.0000,0.2820,0.2947,0.2062
241,5,18.4481,0.7574,0.6614,0.9931,0.1173,0.0000,-0.1173,0.9931,0.0000,0.0000,0.0000,1.0000,0.1112,0.2100,0.3614
241,6,18.5381,0.7877,0.4265,0.9931,0.1173,0.0000,-0.1173,0.9931,0.0000,0.0000,0.0000,1.0000,0.1972,0.1336,0.1265
241,7,18.6453,0.8088,0.4491,0.9931,0.1173,0.0000,-0.1173,0.9931,0.0000,0.0000,0.0000,1.0000,0.1624,0.1625,0.0548
241,8,18.6675,0.8549,0.4472,0.9931,0.1173,0.0000,-0.1173,0.9931,0.0000,0.0000,0.0000,1.0000,0.0831,0.2046,0.1050
241,9,18.6898,0.9243,0.4544,0.9931,0.1173,0.0000,-0.1173,0.9931,0.0000,0.0000,0.0000,1.0000,0.0210,0.0279,0.0569
241,10,18.7404,0.8700,0.4546,0.9931,0.1173,0.0000,-0.1173,0.9931,0.0000,0.0000,0.0000,1.0000,0.0210,0.0279,0.0569
242,0,18.3445,0.8903,0.4400,0.9927,0.1203,0.0000,-0.1203,0.9927,0.0000,0.0000,0.0000,1.0000,0.2577,0.2263,0.1400
242,1,18.3522,0.8942,0.6052,0.9927,0.1203,0.0000,-0.1203,0.9927,0.0000,0.0000,0.0000,1.0000,0.1100,0.2168,0.3052
242,2,18.4348,0.8434,0.5173,0.9927,0.1203,0.0000,-0.1203,0.9927,0.0000,0.0000,0.0000,1.0000,0.1101,0.3070,0.2173
242,3,18.4783,0.6707,0.5889,0.9927,0.1203,0.0000,-0.1203,0.9927,0.0000,0.0000,0.0000,1.0000,0.2836,0.2073,0.2889
242,4,18.6011,0.6387,0.5062,0.9927,0.1203,0.0000,-0.1203,0.9927,0.0000,0.0000,0.0000,1.0000,0.2820,0.2947,0.2062
242,5,18.7510,0.7947,0.6614,0.9927,0.1203,0.0000,-0.1203,0.9927,0.0000,0.0000,0.0000,1.0000,0.1112,0.2100,0.3614
242,6,18.8410,0.8252,0.4265,0.9927,0.1203,0.0000,-0.1203,0.9927,0.0000,0.0000,0.0000,1.0000,0.1972,0.1336,0.1265
242,7,18.9481,0.8467,0.4491,0.9927,0.1203,0.0000,-0.1203,0.9927,0.0000,0.0000,0.0000,1.0000,0.1624,0.1625,0.0548
242,8,18.9701,0.8929,0.4472,0.9927,0.1203,0.0000,-0.1203,0.9927,0.0000,0.0000,0.0000,1.0000,0.0831,0.2046,0.1050
242,9,18.9922,0.9623,0.4544,0.9927,0.1203,0.0000,-0.1203,0.9927,0.0000,0.0000,0.0000,1.0000,0.0210,0.0279,0.0569
242,10,19.0430,0.9081,0.4546,0.9927,0.1203,0.0000,-0.1203,0.9927,0.0000,0.0000,0.0000,1.0000,0.0210,0.0279,0.0569
243,0,18.6470,0.9273,0.4400,0.9924,0.1234,0.0000,-0.1234,0.9924,0.0000,0.0000,0.0000,1.0000,0.2577,0.2263,0.1400
243,1,18.6547,0.9312,0.6052,0.9924,0.1234,0.0000,-0.1234,0.9924,0.0000,0.0000,0.0000,1.0000,0.1100,0.2168,0.3052
243,2,18.7374,0.8807,0.5173,0.9924,0.1234,0.0000,-0.1234,0.9924,0.0000,0.0000,0.0000,1.0000,0.1101,0.3070,0.2173
243,3,18.7814,0.7081,0.5889,0.9924,0.1234,0.0000,-0.1234,0.9924,0.0000,0.0000,0.0000,1.0000,0.2836,0.2073,0.2889
243,4,18.9044,0.6765,0.5062,0.9924,0.1234,0.0000,-0.1234,0.9924,0.0000,0.0000,0.0000,1.0000,0.2820,0.2947,0.2062
243,5,19.0538,0.8330,0.6614,0.9924,0.1234,0.0000,-0.1234,0.9924,0.0000,0.0000,0.0000,1.0000,0.1112,0.2100,0.3614
243,6,19.1437,0.8638,0.4265,0.9924,0.1234,0.0000,-0.1234,0.9924,0.0000,0.0000,0.0000,1.0000,0.1972,0.1336,0.1265
243,7,19.2507,0.8856,0.4491,0.9924,0.1234,0.0000,-0.1234,0.9924,0.0000,0.0000,0.0000,1.0000,0.1624,0.1625,0.0548
243,8,19.2726,0.9318,0.4472,0.9924,0.1234,0.0000,-0.1234,0.9924,0.0000,0.0000,0.0000,1.0000,0.0831,0.2046,0.1050
243,9,19.2945,1.0013,0.4544,0.9924,0.1234,0.0000,-0.1234,0.9924,0.0000,0.0000,0.0000,1.0000,0.0210,0.0279,0.0569
243,10,19.3454,0.9473,0.4546,0.9924,0.1234,0.0000,-0.1234,0.9924,0.0000,0.0000,0.0000,1.0000,0.0210,0.0279,0.0569
244,0,18.9494,0.9653,0.4400,0.9919,0.1266,0.0000,-0.1266,0.9919,0.0000,0.0000,0.0000,1.0000,0.2577,0.2263,0.1400
244,1,18.9571,0.9692,0.6052,0.9919,0.1266,0.0000,-0.1266,0.9919,0.0000,0.0000,0.0000,1.0000,0.1100,0.2168,0.3052
244,2,19.0400,0.9190,0.5173,0.9919,0.1266,0.0000,-0.1266,0.9919,0.0000,0.0000,0.0000,1.0000,0.1101,0.3070,0.2173
244,3,19.0846,0.7465,0.5889,0.9919,0.1266,0.0000,-0.1266,0.9919,0.0000,0.0000,0.0000,1.0000,0.2836,0.2073,0.2889
244,4,19.2076,0.7153,0.5062,0.9919,0.1266,0.0000,-0.1266,0.9919,0.0000,0.0000,0.0000,1.0000,0.2820,0.2947,0.2062
244,5,19.3565,0.8723,0.6614,0.9919,0.1266,0.0000,-0.1266,0.9919,0.0000,0.0000,0.0000,1.0000,0.1112,0.2100,0.3614
244,6,19.4463,0.9034,0.4265,0.9919,0.1266,0.0000,-0.1266,0.9919,0.0000,0.0000,0.0000,1.0000,0.1972,0.1336,0.1265
244,7,19.5533,0.9255,0.4491,0.9919,0.1266,0.0000,-0.1266,0.9919,0.0000,0.0000,0.0000,1.0000,0.1624,0.1625,0.0548
244,8,19.5750,0.9718,0.4472,0.9919,0.1266,0.0000,-0.1266,0.9919,0.0000,0.0000,0.0000,1.0000,0.0831,0.2046,0.1050
244,9,19.5967,1.0414,0.4544,0.9919,0.1266,0.0000,-0.1266,0.9919,0.0000,0.0000,0.0000,1.0000,0.0210,0.0279,0.0569
244,10,19.6478,0.9876,0.4546,0.9919,0.1266,0.0000,-0.1266,0.9919,0.0000,0.0000,0.0000,1.0000,0.0210,0.0279,0.0569
245,0,19.2517,1.0043,0.4400,0.9915,0.1301,0.0000,-0.1301,0.9915,0.0000,0.0000,0.0000,1.0000,0.2577,0.2263,0.1400
245,1,19.2594,1.0082,0.6052,0.9915,0.1301,0.0000,-0.1301,0.9915,0.0000,0.0000,0.0000,1.0000,0.1100,0.2168,0.3052
245,2,19.3425,0.9583,0.5173,0.9915,0.1301,0.0000,-0.1301,0.9915,0.0000,0.0000,0.0000,1.0000,0.1101,0.3070,0.2173
245,3,19.3877,0.7860,0.5889,0.9915,0.1301,0.0000,-0.1301,0.9915,0.0000,0.0000,0.0000,1.0000,0.2836,0.2073,0.2889
245,4,19.5108,0.7553,0.5062,0.9915,0.1301,0.0000,-0.1301,0.9915,0.0000,0.0000,0.0000,1.0000,0.2820,0.2947,0.2062
245,5,19.6592,0.9127,0.6614,0.9915,0.1301,0.0000,-0.1301,0.9915,0.0000,0.0000,0.0000,1.0000,0.1112,0.2100,0.3614
245,6,19.7489,0.9441,0.4265,0.9915,0.1301,0.0000,-0.1301,0.9915,0.0000,0.0000,0.0000,1.0000,0.1972,0.1336,0.1265
245,7,19.8558,0.9666,0.4491,0.9915,0.1301,0.0000,-0.1301,0.9915,0.0000,0.0000,0.0000,1.0000,0.1624,0.1625,0.0548
245,8,19.8773,1.0130,0.4472,0.9915,0.1301,0.0000,-0.1301,0.9915,0.0000,0.0000,0.0000,1.0000,0.0831,0.2046,0.1050
245,9,19.8987,1.0827,0.4544,0.9915,0.1301,0.0000,-0.1301,0.9915,0.0000,0.0000,0.0000,1.0000,0.0210,0.0279,0.0569
245,10,19.9500,1.0290,0.4546,0.9915,0.1301,0.0000,-0.1301,0.9915,0.0000,0.0000,0.0000,1.0000,0.0210,0.0279,0.0569
246,0,19.5540,1.0444,0.4400,0.9910,0.1341,0.0000,-0.1341,0.9910,0.0000,0.0000,0.0000,1.0000,0.2577,0.2263,0.1400
246,1,19.5617,1.0483,0.6052,0.9910,0.1341,0.0000,-0.1341,0.9910,0.0000,0.0000,0.0000,1.0000,0.1100,0.2168,0.3052
246,2,19.6450,0.9988,0.5173,0.9910,0.1341,0.0000,-0.1341,0.9910,0.0000,0.0000,0.0000,1.0000,0.1101,0.3070,0.2173
246,3,19.6909,0.8267,0.5889,0.9910,0.1341,0.0000,-0.1341,0.9910,0.0000,0.0000,0.0000,1.0000,0.2836,0.2073,0.2889
246,4,19.8141,0.7964,0.5062,0.9910,0.1341,0.0000,-0.1341,0.9910,0.0000,0.0000,0.0000,1.0000,0.2820,0.2947,0.2062
246,5,19.9619,0.9544,0.6614,0.9910,0.1341,0.0000,-0.1341,0.9910,0.0000,0.0000,0.0000,1.0000,0.1112,0.2100,0.3614
246,6,20.0514,0.9862,0.4265,0.9910,0.1341,0.0000,-0.1341,0.9910,0.0000,0.0000,0.0000,1.0000,0.1972,0.1336,0.1265
246,7,20.1582,1.0092,0.4491,0.9910,0.1341,0.0000,-0.1341,0.9910,0.0000,0.0000,0.0000,1.0000,0.1624,0.1625,0.0548
246,8,20.1796,1.0556,0.4472,0.9910,0.1341,0.0000,-0.1341,0.9910,0.0000,0.0000,0.0000,1.0000,0.0831,0.2046,0.1050
246,9,20.2007,1.1254,0.4544,0.9910,0.1341,0.0000,-0.1341,0.9910,0.0000,0.0000,0.0000,1.0000,0.0210,0.0279,0.0569
246,10,20.2522,1.0719,0.4546,0.9910,0.1341,0.0000,-0.1341,0.9910,0.0000,0.0000,0.0000,1.0000,0.0210,0.0279,0.0569
247,0,19.8564,1.0858,0.4400,0.9904,0.1383,0.0000,-0.1383,0.9904,0.0000,0.0000,0.0000,1.0000,0.2577,0.2263,0.1400
247,1,19.8640,1.0898,0.6052,0.9904,0.1383,0.0000,-0.1383,0.9904,0.0000,0.0000,0.0000,1.0000,0.1100,0.2168,0.3052
247,2,19.9476,1.0405,0.5173,0.9904,0.1383,0.0000,-0.1383,0.9904,0.0000,0.0000,0.0000,1.0000,0.1101,0.3070,0.2173
247,3,19.9942,0.8686,0.5889,0.9904,0.1383,0.0000,-0.1383,0.9904,0.0000,0.0000,0.0000,1.0000,0.2836,0.2073,0.2889
247,4,20.1176,0.8389,0.5062,0.9904,0.1383,0.0000,-0.1383,0.9904,0.0000,0.0000,0.0000,1.0000,0.2820,0.2947,0.2062
247,5,20.2646,0.9976,0.6614,0.9904,0.1383,0.0000,-0.1383,0.9904,0.0000,0.0000,0.0000,1.0000,0.1112,0.2100,0.3614
247,6,20.3540,1.0298,0.4265,0.9904,0.1383,0.0000,-0.1383,0.9904,0.0000,0.0000,0.0000,1.0000,0.1972,0.1336,0.1265
247,7,20.4607,1.0531,0.4491,0.9904,0.1383,0.0000,-0.1383,0.9904,0.0000,0.0000,0.0000,1.0000,0.1624,0.1625,0.0548
247,8,20.4819,1.0997,0.4472,0.9904,0.1383,0.0000,-0.1383,0.9904,0.0000,0.0000,0.0000,1.0000,0.0831,0.2046,0.1050
247,9,20.5027,1.1696,0.4544,0.9904,0.1383,0.0000,-0.1383,0.9904,0.0000,0.0000,0.0000,1.0000,0.0210,0.0279,0.0569
247,10,20.5545,1.1163,0.4546,0.9904,0.1383,0.0000,-0.1383,0.9904,0.0000,0.0000,0.0000,1.0000,0.0210,0.0279,0.0569
248,0,20.1591,1.1286,0.4400,0.9897,0.1429,0.0000,-0.1429,0.9897,0.0000,0.0000,0.0000,1.0000,0.2577,0.2263,0.1400
248,1,20.1667,1.1326,0.6052,0.9897,0.1429,0.0000,-0.1429,0.9897,0.0000,0.0000,0.0000,1.0000,0.1100,0.2168,0.3052
248,2,20.2505,1.0838,0.5173,0.9897,0.1429,0.0000,-0.1429,0.9897,0.0000,0.0000,0.0000,1.0000,0.1101,0.3070,0.2173
248,3,20.2979,0.9121,0.5889,0.9897,0.1429,0.0000,-0.1429,0.9897,0.0000,0.0000,0.0000,1.0000,0.2836,0.2073,0.2889
248,4,20.4214,0.8829,0.5062,0.9897,0.1429,0.0000,-0.1429,0.9897,0.0000,0.0000,0.0000,1.0000,0.2820,0.2947,0.2062
248,5,20.5677,1.0423,0.6614,0.9897,0.1429,0.0000,-0.1429,0.9897,0.0000,0.0000,0.0000,1.0000,0.1112,0.2100,0.3614
248,6,20.6570,1.0749,0.4265,0.9897,0.1429,0.0000,-0.1429,0.9897,0.0000,0.0000,0.0000,1.0000,0.1972,0.1336,0.1265
248,7,20.7636,1.0988,0.4491,0.9897,0.1429,0.0000,-0.1429,0.9897,0.0000,0.0000,0.0000,1.0000,0.1624,0.1625,0.0548
248,8,20.7845,1.1454,0.4472,0.9897,0.1429,0.0000,-0.1429,0.9897,0.0000,0.0000,0.0000,1.0000,0.0831,0.2046,0.1050
248,9,20.8050,1.2154,0.4544,0.9897,0.1429,0.0000,-0.1429,0.9897,0.0000,0.0000,0.0000,1.0000,0.0210,0.0279,0.0569
248,10,20.8571,1.1624,0.4546,0.9897,0.1429,0.0000,-0.1429,0.9897,0.0000,0.0000,0.0000,1.0000,0.0210,0.0279,0.0569
249,0,20.4627,1.1730,0.4400,0.9889,0.1483,0.0000,-0.1483,0.9889,0.0000,0.0000,0.0000,1.0000,0.2577,0.2263,0.1400
249,1,20.4703,1.1771,0.6052,0.9889,0.1483,0.0000,-0.1483,0.9889,0.0000,0.0000,0.0000,1.0000,0.1100,0.2168,0.3052
249,2,20.5543,1.1287,0.5173,0.9889,0.1483,0.0000,-0.1483,0.9889,0.0000,0.0000,0.0000,1.0000,0.1101,0.3070,0.2173
249,3,20.6027,0.9573,0.5889,0.9889,0.1483,0.0000,-0.1483,0.9889,0.0000,0.0000,0.0000,1.0000,0.2836,0.2073,0.2889
249,4,20.7264,0.9288,0.5062,0.9889,0.1483,0.0000,-0.1483,0.9889,0.0000,0.0000,0.0000,1.0000,0.2820,0.2947,0.2062
249,5,20.8718,1.0890,0.6614,0.9889,0.1483,0.0000,-0.1483,0.9889,0.0000,0.0000,0.0000,1.0000,0.1112,0.2100,0.3614
249,6,20.9609,1.1220,0.4265,0.9889,0.1483,0.0000,-0.1483,0.9889,0.0000,0.0000,0.0000,1.0000,0.1972,0.1336,0.1265
249,7,21.0674,1.1465,0.4491,0.9889,0.1483,0.0000,-0.1483,0.9889,0.0000,0.0000,0.0000,1.0000,0.1624,0.1625,0.0548
249,8,21.0880,1.1933,0.4472,0.9889,0.1483,0.0000,-0.1483,0.9889,0.0000,0.0000,0.0000,1.0000,0.0831,0.2046,0.1050
249,9,21.1082,1.2633,0.4544,0.9889,0.1483,0.0000,-0.1483,0.9889,0.0000,0.0000,0.0000,1.0000,0.0210,0.0279,0.0569
249,10,21.1605,1.2106,0.4546,0.9889,0.1483,0.0000,-0.1483,0.9889,0.0000,0.0000,0.0000,1.0000,0.0210,0.0279,0.0569
250,0,20.7681,1.2196,0.4400,0.9880,0.1545,0.0000,-0.1545,0.9880,0.0000,0.0000,0.0000,1.0000,0.2577,0.2263,0.1400
250,1,20.7757,1.2237,0.6052,0.9880,0.1545,0.0000,-0.1545,0.9880,0.0000,0.0000,0.0000,1.0000,0.1100,0.2168,0.3052
250,2,20.8600,1.1758,0.5173,0.9880,0.1545,0.0000,-0.1545,0.9880,0.0000,0.0000,0.0000,1.0000,0.1101,0.3070,0.2173
250,3,20.9094,1.0047,0.5889,0.9880,0.1545,0.0000,-0.1545,0.9880,0.0000,0.0000,0.0000,1.0000,0.2836,0.2073,0.2889
250,4,21.0333,0.9770,0.5062,0.9880,0.1545,0.0000,-0.1545,0.9880,0.0000,0.0000,0.0000,1.0000,0.2820,0.2947,0.2062
250,5,21.1777,1.1380,0.6614,0.9880,0.1545,0.0000,-0.1545,0.9880,0.0000,0.0000,0.0000,1.0000,0.1112,0.2100,0.3614
250,6,21.2666,1.1717,0.4265,0.9880,0.1545,0.0000,-0.1545,0.9880,0.0000,0.0000,0.0000,1.0000,0.1972,0.1336,0.1265
250,7,21.3729,1.1968,0.4491,0.9880,0.1545,0.0000,-0.1545,0.9880,0.0000,0.0000,0.0000,1.0000,0.1624,0.1625,0.0548
250,8,21.3933,1.2437,0.4472,0.9880,0.1545,0.0000,-0.1545,0.9880,0.0000,0.0000,0.0000,1.0000,0.0831,0.2046,0.1050
250,9,21.4130,1.3139,0.4544,0.9880,0.1545,0.0000,-0.1545,0.9880,0.0000,0.0000,0.0000,1.0000,0.0210,0.0279,0.0569
250,10,21.4656,1.2615,0.4546,0.9880,0.1545,0.0000,-0.1545,0.9880,0.0000,0.0000,0.0000,1.0000,0.0210,0.0279,0.0569
251,0,21.0764,1.2685,0.4400,0.9869,0.1611,0.0000,-0.1611,0.9869,0.0000,0.0000,0.0000,1.0000,0.2577,0.2263,0.1400
251,1,21.0839,1.2727,0.6052,0.9869,0.1611,0.0000,-0.1611,0.9869,0.0000,0.0000,0.0000,1.0000,0.1100,0.2168,0.3052
251,2,21.1685,1.2254,0.5173,0.9869,0.1611,0.0000,-0.1611,0.9869,0.0000,0.0000,0.0000,1.0000,0.1101,0.3070,0.2173
251,3,21.2191,1.0546,0.5889,0.9869,0.1611,0.0000,-0.1611,0.9869,0.0000,0.0000,0.0000,1.0000,0.2836,0.2073,0.2889
251,4,21.3431,1.0278,0.5062,0.9869,0.1611,0.0000,-0.1611,0.9869,0.0000,0.0000,0.0000,1.0000,0.2820,0.2947,0.2062
251,5,21.4865,1.1898,0.6614,0.9869,0.1611,0.0000,-0.1611,0.9869,0.0000,0.0000,0.0000,1.0000,0.1112,0.2100,0.3614
251,6,21.5751,1.2240,0.4265,0.9869,0.1611,0.0000,-0.1611,0.9869,0.0000,0.0000,0.0000,1.0000,0.1972,0.1336,0.1265
251,7,21.6813,1.2498,0.4491,0.9869,0.1611,0.0000,-0.1611,0.9869,0.0000,0.0000,0.0000,1.0000,0.1624,0.1625,0.0548
251,8,21.7013,1.2969,0.4472,0.9869,0.1611,0.0000,-0.1611,0.9869,0.0000,0.0000,0.0000,1.0000,0.0831,0.2046,0.1050
251,9,21.7206,1.3672,0.4544,0.9869,0.1611,0.0000,-0.1611,0.9869,0.0000,0.0000,0.0000,1.0000,0.0210,0.0279,0.0569
251,10,21.7735,1.3152,0.4546,0.9869,0.1611,0.0000,-0.1611,0.9869,0.0000,0.0000,0.0000,1.0000,0.0210,0.0279,0.0569
252,0,21.3881,1.3204,0.4400,0.9856,0.1689,0.0000,-0.1689,0.9856,0.0000,0.0000,0.0000,1.0000,0.2577,0.2263,0.1400
252,1,21.3956,1.3246,0.6052,0.9856,0.1689,0.0000,-0.1689,0.9856,0.0000,0.0000,0.0000,1.0000,0.1100,0.2168,0.3052
252,2,21.4806,1.2780,0.5173,0.9856,0.1689,0.0000,-0.1689,0.9856,0.0000,0.0000,0.0000,1.0000,0.1101,0.3070,0.2173
252,3,21.5325,1.1076,0.5889,0.9856,0.1689,0.0000,-0.1689,0.9856,0.0000,0.0000,0.0000,1.0000,0.2836,0.2073,0.2889
252,4,21.6568,1.0817,0.5062,0.9856,0.1689,0.0000,-0.1689,0.9856,0.0000,0.0000,0.0000,1.0000,0.2820,0.2947,0.2062
252,5,21.7989,1.2449,0.6614,0.9856,0.1689,0.0000,-0.1689,0.9856,0.0000,0.0000,0.0000,1.0000,0.1112,0.2100,0.3614
252,6,21.8873,1.2798,0.4265,0.9856,0.1689,0.0000,-0.1689,0.9856,0.0000,0.0000,0.0000,1.0000,0.1972,0.1336,0.1265
252,7,21.9932,1.3065,0.4491,0.9856,0.1689,0.0000,-0.1689,0.9856,0.0000,0.0000,0.0000,1.0000,0.1624,0.1625,0.0548
252,8,22.0129,1.3537,0.4472,0.9856,0.1689,0.0000,-0.1689,0.9856,0.0000,0.0000,0.0000,1.0000,0.0831,0.2046,0.1050
252,9,22.0315,1.4241,0.4544,0.9856,0.1689,0.0000,-0.1689,0.9856,0.0000,0.0000,0.0000,1.0000,0.0210,0.0279,0.0569
252,10,22.0849,1.3725,0.4546,0.9856,0.1689,0.0000,-0.1689,0.9856,0.0000,0.0000,0.0000,1.0000,0.0210,0.0279,0.0569
253,0,21.7038,1.3755,0.4400,0.9841,0.1774,0.0000,-0.1774,0.9841,0.0000,0.0000,0.0000,1.0000,0.2577,0.2263,0.1400
253,1,21.7113,1.3798,0.6052,0.9841,0.1774,0.0000,-0.1774,0.9841,0.0000,0.0000,0.0000,1.0000,0.1100,0.2168,0.3052
253,2,21.7967,1.3339,0.5173,0.9841,0.1774,0.0000,-0.1774,0.9841,0.0000,0.0000,0.0000,1.0000,0.1101,0.3070,0.2173
253,3,21.8501,1.1640,0.5889,0.9841,0.1774,0.0000,-0.1774,0.9841,0.0000,0.0000,0.0000,1.0000,0.2836,0.2073,0.2889
253,4,21.9745,1.1392,0.5062,0.9841,0.1774,0.0000,-0.1774,0.9841,0.0000,0.0000,0.0000,1.0000,0.2820,0.2947,0.2062
253,5,22.1152,1.3036,0.6614,0.9841,0.1774,0.0000,-0.1774,0.9841,0.0000,0.0000,0.0000,1.0000,0.1112,0.2100,0.3614
253,6,22.2033,1.3393,0.4265,0.9841,0.1774,0.0000,-0.1774,0.9841,0.0000,0.0000,0.0000,1.0000,0.1972,0.1336,0.1265
253,7,22.3090,1.3669,0.4491,0.9841,0.1774,0.0000,-0.1774,0.9841,0.0000,0.0000,0.0000,1.0000,0.1624,0.1625,0.0548
253,8,22.3283,1.4142,0.4472,0.9841,0.1774,0.0000,-0.1774,0.9841,0.0000,0.0000,0.0000,1.0000,0.0831,0.2046,0.1050
253,9,22.3463,1.4849,0.4544,0.9841,0.1774,0.0000,-0.1774,0.9841,0.0000,0.0000,0.0000,1.0000,0.0210,0.0279,0.0569
253,10,22.4001,1.4337,0.4546,0.9841,0.1774,0.0000,-0.1774,0.9841,0.0000,0.0000,0.0000,1.0000,0.0210,0.0279,0.0569
254,0,22.0236,1.4343,0.4400,0.9825,0.1865,0.0000,-0.1865,0.9825,0.0000,0.0000,0.0000,1.0000,0.2577,0.2263,0.1400
254,1,22.0310,1.4387,0.6052,0.9825,0.1865,0.0000,-0.1865,0.9825,0.0000,0.0000,0.0000,1.0000,0.1100,0.2168,0.3052
254,2,22.1168,1.3936,0.5173,0.9825,0.1865,0.0000,-0.1865,0.9825,0.0000,0.0000,0.0000,1.0000,0.1101,0.3070,0.2173
254,3,22.1718,1.2242,0.5889,0.9825,0.1865,0.0000,-0.1865,0.9825,0.0000,0.0000,0.0000,1.0000,0.2836,0.2073,0.2889
254,4,22.2964,1.2005,0.5062,0.9825,0.1865,0.0000,-0.1865,0.9825,0.0000,0.0000,0.0000,1.0000,0.2820,0.2947,0.2062
254,5,22.4356,1.3662,0.6614,0.9825,0.1865,0.0000,-0.1865,0.9825,0.0000,0.0000,0.0000,1.0000,0.1112,0.2100,0.3614
254,6,22.5233,1.4027,0.4265,0.9825,0.1865,0.0000,-0.1865,0.9825,0.0000,0.0000,0.0000,1.0000,0.1972,0.1336,0.1265
254,7,22.6288,1.4312,0.4491,0.9825,0.1865,0.0000,-0.1865,0.9825,0.0000,0.0000,0.0000,1.0000,0.1624,0.1625,0.0548
254,8,22.6476,1.4788,0.4472,0.9825,0.1865,0.0000,-0.1865,0.9825,0.0000,0.0000,0.0000,1.0000,0.0831,0.2046,0.1050
254,9,22.6650,1.5496,0.4544,0.9825,0.1865,0.0000,-0.1865,0.9825,0.0000,0.0000,0.0000,1.0000,0.0210,0.0279,0.0569
254,10,22.7193,1.4989,0.4546,0.9825,0.1865,0.0000,-0.1865,0.9825,0.0000,0.0000,0.0000,1.0000,0.0210,0.0279,0.0569
255,0,22.3474,1.4972,0.4400,0.9804,0.1970,0.0000,-0.1970,0.9804,0.0000,0.0000,0.0000,1.0000,0.2577,0.2263,0.1400
255,1,22.3548,1.5016,0.6052,0.9804,0.1970,0.0000,-0.1970,0.9804,0.0000,0.0000,0.0000,1.0000,0.1100,0.2168,0.3052
255,2,22.4411,1.4574,0.5173,0.9804,0.1970,0.0000,-0.1970,0.9804,0.0000,0.0000,0.0000,1.0000,0.1101,0.3070,0.2173
255,3,22.4978,1.2886,0.5889,0.9804,0.1970,0.0000,-0.1970,0.9804,0.0000,0.0000,0.0000,1.0000,0.2836,0.2073,0.2889
255,4,22.6228,1.2663,0.5062,0.9804,0.1970,0.0000,-0.1970,0.9804,0.0000,0.0000,0.0000,1.0000,0.2820,0.2947,0.2062
255,5,22.7601,1.4334,0.6614,0.9804,0.1970,0.0000,-0.1970,0.9804,0.0000,0.0000,0.0000,1.0000,0.1112,0.2100,0.3614
255,6,22.8475,1.4709,0.4265,0.9804,0.1970,0.0000,-0.1970,0.9804,0.0000,0.0000,0.0000,1.0000,0.1972,0.1336,0.1265
255,7,22.9526,1.5005,0.4491,0.9804,0.1970,0.0000,-0.1970,0.9804,0.0000,0.0000,0.0000,1.0000,0.1624,0.1625,0.0548
255,8,22.9709,1.5483,0.4472,0.9804,0.1970,0.0000,-0.1970,0.9804,0.0000,0.0000,0.0000,1.0000,0.0831,0.2046,0.1050
255,9,22.9876,1.6193,0.4544,0.9804,0.1970,0.0000,-0.1970,0.9804,0.0000,0.0000,0.0000,1.0000,0.0210,0.0279,0.0569
255,10,23.0424,1.5692,0.4546,0.9804,0.1970,0.0000,-0.1970,0.9804,0.0000,0.0000,0.0000,1.0000,0.0210,0.0279,0.0569
256,0,0.3852,-0.0077,0.4400,1.0000,0.0013,0.0000,-0.0013,1.0000,0.0000,0.0000,0.0000,1.0000,0.2577,0.2263,0.1400
256,1,0.3933,-0.0048,0.6052,1.0000,0.0013,0.0000,-0.0013,1.0000,0.0000,0.0000,0.0000,1.0000,0.1100,0.2168,0.3052
256,2,0.4693,-0.0650,0.5173,1.0000,0.0013,0.0000,-0.0013,1.0000,0.0000,0.0000,0.0000,1.0000,0.1101,0.3070,0.2173
256,3,0.4919,-0.2416,0.5889,1.0000,0.0013,0.0000,-0.0013,1.0000,0.0000,0.0000,0.0000,1.0000,0.2836,0.2073,0.2889
256,4,0.6100,-0.2880,0.5062,1.0000,0.0013,0.0000,-0.0013,1.0000,0.0000,0.0000,0.0000,1.0000,0.2820,0.2947,0.2062
256,5,0.7775,-0.1510,0.6614,1.0000,0.0013,0.0000,-0.0013,1.0000,0.0000,0.0000,0.0000,1.0000,0.1112,0.2100,0.3614
256,6,0.8704,-0.1314,0.4265,1.0000,0.0013,0.0000,-0.0013,1.0000,0.0000,0.0000,0.0000,1.0000,0.1972,0.1336,0.1265
256,7,0.9793,-0.1228,0.4491,1.0000,0.0013,0.0000,-0.0013,1.0000,0.0000,0.0000,0.0000,1.0000,0.1624,0.1625,0.0548
256,8,1.0067,-0.0796,0.4472,1.0000,0.0013,0.0000,-0.0013,1.0000,0.0000,0.0000,0.0000,1.0000,0.0831,0.2046,0.1050
256,9,1.0369,-0.0133,0.4544,1.0000,0.0013,0.0000,-0.0013,1.0000,0.0000,0.0000,0.0000,1.0000,0.0210,0.0279,0.0569
256,10,1.0809,-0.0731,0.4546,1.0000,0.0013,0.0000,-0.0013,1.0000,0.0000,0.0000,0.0000,1.0000,0.0210,0.0279,0.0569
257,0,0.8126,-0.0069,0.4400,1.0000,0.0026,0.0000,-0.0026,1.0000,0.0000,0.0000,0.0000,1.0000,0.2577,0.2263,0.1400
257,1,0.8207,-0.0040,0.6052,1.0000,0.0026,0.0000,-0.0026,1.0000,0.0000,0.0000,0.0000,1.0000,0.1100,0.2168,0.3052
257,2,0.8968,-0.0641,0.5173,1.0000,0.0026,0.0000,-0.0026,1.0000,0.0000,0.0000,0.0000,1.0000,0.1101,0.3070,0.2173
257,3,0.9197,-0.2407,0.5889,1.0000,0.0026,0.0000,-0.0026,1.0000,0.0000,0.0000,0.0000,1.0000,0.2836,0.2073,0.2889
257,4,1.0379,-0.2869,0.5062,1.0000,0.0026,0.0000,-0.0026,1.0000,0.0000,0.0000,0.0000,1.0000,0.2820,0.2947,0.2062
257,5,1.2051,-0.1497,0.6614,1.0000,0.0026,0.0000,-0.0026,1.0000,0.0000,0.0000,0.0000,1.0000,0.1112,0.2100,0.3614
257,6,1.2981,-0.1299,0.4265,1.0000,0.0026,0.0000,-0.0026,1.0000,0.0000,0.0000,0.0000,1.0000,0.1972,0.1336,0.1265
257,7,1.4070,-0.1212,0.4491,1.0000,0.0026,0.0000,-0.0026,1.0000,0.0000,0.0000,0.0000,1.0000,0.1624,0.1625,0.0548
257,8,1.4342,-0.0780,0.4472,1.0000,0.0026,0.0000,-0.0026,1.0000,0.0000,0.0000,0.0000,1.0000,0.0831,0.2046,0.1050
257,9,1.4644,-0.0116,0.4544,1.0000,0.0026,0.0000,-0.0026,1.0000,0.0000,0.0000,0.0000,1.0000,0.0210,0.0279,0.0569
257,10,1.5084,-0.0714,0.4546,1.0000,0.0026,0.0000,-0.0026,1.0000,0.0000,0.0000,0.0000,1.0000,0.0210,0.0279,0.0569
258,0,1.2418,-0.0055,0.4400,1.0000,0.0043,0.0000,-0.0043,1.0000,0.0000,0.0000,0.0000,1.0000,0.2577,0.2263,0.1400
258,1,1.2499,-0.0025,0.6052,1.0000,0.0043,0.0000,-0.0043,1.0000,0.0000,0.0000,0.0000,1.0000,0.1100,0.2168,0.3052
258,2,1.3260,-0.0625,0.5173,1.0000,0.0043,0.0000,-0.0043,1.0000,0.0000,0.0000,0.0000,1.0000,0.1101,0.3070,0.2173
258,3,1.3492,-0.2391,0.5889,1.0000,0.0043,0.0000,-0.0043,1.0000,0.0000,0.0000,0.0000,1.0000,0.2836,0.2073,0.2889
258,4,1.4675,-0.2851,0.5062,1.0000,0.0043,0.0000,-0.0043,1.0000,0.0000,0.0000,0.0000,1.0000,0.2820,0.2947,0.2062
258,5,1.6345,-0.1476,0.6614,1.0000,0.0043,0.0000,-0.0043,1.0000,0.0000,0.0000,0.0000,1.0000,0.1112,0.2100,0.3614
258,6,1.7274,-0.1277,0.4265,1.0000,0.0043,0.0000,-0.0043,1.0000,0.0000,0.0000,0.0000,1.0000,0.1972,0.1336,0.1265
258,7,1.8363,-0.1188,0.4491,1.0000,0.0043,0.0000,-0.0043,1.0000,0.0000,0.0000,0.0000,1.0000,0.1624,0.1625,0.0548
258,8,1.8635,-0.0755,0.4472,1.0000,0.0043,0.0000,-0.0043,1.0000,0.0000,0.0000,0.0000,1.0000,0.0831,0.2046,0.1050
258,9,1.8935,-0.0091,0.4544,1.0000,0.0043,0.0000,-0.0043,1.0000,0.0000,0.0000,0.0000,1.0000,0.0210,0.0279,0.0569
258,10,1.9377,-0.0688,0.4546,1.0000,0.0043,0.0000,-0.0043,1.0000,0.0000,0.0000,0.0000,1.0000,0.0210,0.0279,0.0569
259,0,1.6729,-0.0032,0.4400,1.0000,0.0068,0.0000,-0.0068,1.0000,0.0000,0.0000,0.0000,1.0000,0.2577,0.2263,0.1400
259,1,1.6809,-0.0002,0.6052,1.0000,0.0068,0.0000,-0.0068,1.0000,0.0000,0.0000,0.0000,1.0000,0.1100,0.2168,0.3052
259,2,1.7573,-0.0600,0.5173,1.0000,0.0068,0.0000,-0.0068,1.0000,0.0000,0.0000,0.0000,1.0000,0.1101,0.3070,0.2173
259,3,1.7809,-0.2365,0.5889,1.0000,0.0068,0.0000,-0.0068,1.0000,0.0000,0.0000,0.0000,1.0000,0.2836,0.2073,0.2889
259,4,1.8993,-0.2822,0.5062,1.0000,0.0068,0.0000,-0.0068,1.0000,0.0000,0.0000,0.0000,1.0000,0.2820,0.2947,0.2062
259,5,2.0659,-0.1443,0.6614,1.0000,0.0068,0.0000,-0.0068,1.0000,0.0000,0.0000,0.0000,1.0000,0.1112,0.2100,0.3614
259,6,2.1588,-0.1242,0.4265,1.0000,0.0068,0.0000,-0.0068,1.0000,0.0000,0.0000,0.0000,1.0000,0.1972,0.1336,0.1265
259,7,2.2676,-0.1150,0.4491,1.0000,0.0068,0.0000,-0.0068,1.0000,0.0000,0.0000,0.0000,1.0000,0.1624,0.1625,0.0548
259,8,2.2948,-0.0716,0.4472,1.0000,0.0068,0.0000,-0.0068,1.0000,0.0000,0.0000,0.0000,1.0000,0.0831,0.2046,0.1050
259,9,2.3246,-0.0051,0.4544,1.0000,0.0068,0.0000,-0.0068,1.0000,0.0000,0.0000,0.0000,1.0000,0.0210,0.0279,0.0569
259,10,2.3689,-0.0647,0.4546,1.0000,0.0068,0.0000,-0.0068,1.0000,0.0000,0.0000,0.0000,1.0000,0.0210,0.0279,0.0569
260,0,2.1058,0.0002,0.4400,1.0000,0.0091,0.0000,-0.0091,1.0000,0.0000,0.0000,0.0000,1.0000,0.2577,0.2263,0.1400
260,1,2.1139,0.0032,0.6052,1.0000,0.0091,0.0000,-0.0091,1.0000,0.0000,0.0000,0.0000,1.0000,0.1100,0.2168,0.3052
260,2,2.1903,-0.0565,0.5173,1.0000,0.0091,0.0000,-0.0091,1.0000,0.0000,0.0000,0.0000,1.0000,0.1101,0.3070,0.2173
260,3,2.2143,-0.2329,0.5889,1.0000,0.0091,0.0000,-0.0091,1.0000,0.0000,0.0000,0.0000,1.0000,0.2836,0.2073,0.2889
260,4,2.3329,-0.2784,0.5062,1.0000,0.0091,0.0000,-0.0091,1.0000,0.0000,0.0000,0.0000,1.0000,0.2820,0.2947,0.2062
260,5,2.4992,-0.1401,0.6614,1.0000,0.0091,0.0000,-0.0091,1.0000,0.0000,0.0000,0.0000,1.0000,0.1112,0.2100,0.3614
260,6,2.5920,-0.1197,0.4265,1.0000,0.0091,0.0000,-0.0091,1.0000,0.0000,0.0000,0.0000,1.0000,0.1972,0.1336,0.1265
260,7,2.7009,-0.1103,0.4491,1.0000,0.0091,0.0000,-0.0091,1.0000,0.0000,0.0000,0.0000,1.0000,0.1624,0.1625,0.0548
260,8,2.7279,-0.0669,0.4472,1.0000,0.0091,0.0000,-0.0091,1.0000,0.0000,0.0000,0.0000,1.0000,0.0831,0.2046,0.1050
260,9,2.7576,-0.0003,0.4544,1.0000,0.0091,0.0000,-0.0091,1.0000,0.0000,0.0000,0.0000,1.0000,0.0210,0.0279,0.0569
260,10,2.8020,-0.0598,0.4546,1.0000,0.0091,0.0000,-0.0091,1.0000,0.0000,0.0000,0.0000,1.0000,0.0210,0.0279,0.0569
261,0,2.5407,0.0046,0.4400,0.9999,0.0115,0.0000,-0.0115,0.9999,0.0000,0.0000,0.0000,1.0000,0.2577,0.2263,0.1400
261,1,2.5487,0.0076,0.6052,0.9999,0.0115,0.0000,-0.0115,0.9999,0.0000,0.0000,0.0000,1.0000,0.1100,0.2168,0.3052
261,2,2.6253,-0.0519,0.5173,0.9999,0.0115,0.0000,-0.0115,0.9999,0.0000,0.0000,0.0000,1.0000,0.1101,0.3070,0.2173
261,3,2.6498,-0.2283,0.5889,0.9999,0.0115,0.0000,-0.0115,0.9999,0.0000,0.0000,0.0000,1.0000,0.2836,0.2073,0.2889
261,4,2.7684,-0.2734,0.5062,0.9999,0.0115,0.0000,-0.0115,0.9999,0.0000,0.0000,0.0000,1.0000,0.2820,0.2947,0.2062
261,5,2.9344,-0.1347,0.6614,0.9999,0.0115,0.0000,-0.0115,0.9999,0.0000,0.0000,0.0000,1.0000,0.1112,0.2100,0.3614
261,6,3.0272,-0.1141,0.4265,0.9999,0.0115,0.0000,-0.0115,0.9999,0.0000,0.0000,0.0000,1.0000,0.1972,0.1336,0.1265
261,7,3.1360,-0.1045,0.4491,0.9999,0.0115,0.0000,-0.0115,0.9999,0.0000,0.0000,0.0000,1.0000,0.1624,0.1625,0.0548
261,8,3.1629,-0.0610,0.4472,0.9999,0.0115,0.0000,-0.0115,0.9999,0.0000,0.0000,0.0000,1.0000,0.0831,0.2046,0.1050
261,9,3.1924,0.0057,0.4544,0.9999,0.0115,0.0000,-0.0115,0.9999,0.0000,0.0000,0.0000,1.0000,0.0210,0.0279,0.0569
261,10,3.2370,-0.0537,0.4546,0.9999,0.0115,0.0000,-0.0115,0.9999,0.0000,0.0000,0.0000,1.0000,0.0210,0.0279,0.0569
262,0,2.9772,0.0102,0.4400,0.9999,0.0148,0.0000,-0.0148,0.9999,0.0000,0.0000,0.0000,1.0000,0.2577,0.2263,0.1400
262,1,2.9852,0.0132,0.6052,0.9999,0.0148,0.0000,-0.0148,0.9999,0.0000,0.0000,0.0000,1.0000,0.1100,0.2168,0.3052
262,2,3.0620,-0.0460,0.5173,0.9999,0.0148,0.0000,-0.0148,0.9999,0.0000,0.0000,0.0000,1.0000,0.1101,0.3070,0.2173
262,3,3.0870,-0.2223,0.5889,0.9999,0.0148,0.0000,-0.0148,0.9999,0.0000,0.0000,0.0000,1.0000,0.2836,0.2073,0.2889
262,4,3.2058,-0.2671,0.5062,0.9999,0.0148,0.0000,-0.0148,0.9999,0.0000,0.0000,0.0000,1.0000,0.2820,0.2947,0.2062
262,5,3.3714,-0.1278,0.6614,0.9999,0.0148,0.0000,-0.0148,0.9999,0.0000,0.0000,0.0000,1.0000,0.1112,0.2100,0.3614
262,6,3.4641,-0.1069,0.4265,0.9999,0.0148,0.0000,-0.0148,0.9999,0.0000,0.0000,0.0000,1.0000,0.1972,0.1336,0.1265
262,7,3.5728,-0.0969,0.4491,0.9999,0.0148,0.0000,-0.0148,0.9999,0.0000,0.0000,0.0000,1.0000,0.1624,0.1625,0.0548
262,8,3.5996,-0.0533,0.4472,0.9999,0.0148,0.0000,-0.0148,0.9999,0.0000,0.0000,0.0000,1.0000,0.0831,0.2046,0.1050
262,9,3.6289,0.0134,0.4544,0.9999,0.0148,0.0000,-0.0148,0.9999,0.0000,0.0000,0.0000,1.0000,0.0210,0.0279,0.0569
262,10,3.6737,-0.0458,0.4546,0.9999,0.0148,0.0000,-0.0148,0.9999,0.0000,0.0000,0.0000,1.0000,0.0210,0.0279,0.0569
263,0,3.4148,0.0173,0.4400,0.9998,0.0186,0.0000,-0.0186,0.9998,0.0000,0.0000,0.0000,1.0000,0.2577,0.2263,0.1400
263,1,3.4229,0.0204,0.6052,0.9998,0.0186,0.0000,-0.0186,0.9998,0.0000,0.0000,0.0000,1.0000,0.1100,0.2168,0.3052
263,2,3.4999,-0.0385,0.5173,0.9998,0.0186,0.0000,-0.0186,0.9998,0.0000,0.0000,0.0000,1.0000,0.1101,0.3070,0.2173
263,3,3.5256,-0.2148,0.5889,0.9998,0.0186,0.0000,-0.0186,0.9998,0.0000,0.0000,0.0000,1.0000,0.2836,0.2073,0.2889
263,4,3.6445,-0.2591,0.5062,0.9998,0.0186,0.0000,-0.0186,0.9998,0.0000,0.0000,0.0000,1.0000,0.2820,0.2947,0.2062
263,5,3.8095,-0.1192,0.6614,0.9998,0.0186,0.0000,-0.0186,0.9998,0.0000,0.0000,0.0000,1.0000,0.1112,0.2100,0.3614
263,6,3.9022,-0.0979,0.4265,0.9998,0.0186,0.0000,-0.0186,0.9998,0.0000,0.0000,0.0000,1.0000,0.1972,0.1336,0.1265
263,7,4.0109,-0.0875,0.4491,0.9998,0.0186,0.0000,-0.0186,0.9998,0.0000,0.0000,0.0000,1.0000,0.1624,0.1625,0.0548
263,8,4.0375,-0.0438,0.4472,0.9998,0.0186,0.0000,-0.0186,0.9998,0.0000,0.0000,0.0000,1.0000,0.0831,0.2046,0.1050
263,9,4.0665,0.0230,0.4544,0.9998,0.0186,0.0000,-0.0186,0.9998,0.0000,0.0000,0.0000,1.0000,0.0210,0.0279,0.0569
263,10,4.1115,-0.0360,0.4546,0.9998,0.0186,0.0000,-0.0186,0.9998,0.0000,0.0000,0.0000,1.0000,0.0210,0.0279,0.0569
264,0,3.8533,0.0262,0.4400,0.9997,0.0226,0.0000,-0.0226,0.9997,0.0000,0.0000,0.0000,1.0000,0.2577,0.2263,0.1400
264,1,3.8613,0.0293,0.6052,0.9997,0.0226,0.0000,-0.0226,0.9997,0.0000,0.0000,0.0000,1.0000,0.1100,0.2168,0.3052
264,2,3.9386,-0.0293,0.5173,0.9997,0.0226,0.0000,-0.0226,0.9997,0.0000,0.0000,0.0000,1.0000,0.1101,0.3070,0.2173
264,3,3.9650,-0.2054,0.5889,0.9997,0.0226,0.0000,-0.0226,0.9997,0.0000,0.0000,0.0000,1.0000,0.2836,0.2073,0.2889
264,4,4.0841,-0.2493,0.5062,0.9997,0.0226,0.0000,-0.0226,0.9997,0.0000,0.0000,0.0000,1.0000,0.2820,0.2947,0.2062
264,5,4.2486,-0.1087,0.6614,0.9997,0.0226,0.0000,-0.0226,0.9997,0.0000,0.0000,0.0000,1.0000,0.1112,0.2100,0.3614
264,6,4.3411,-0.0871,0.4265,0.9997,0.0226,0.0000,-0.0226,0.9997,0.0000,0.0000,0.0000,1.0000,0.1972,0.1336,0.1265
264,7,4.4498,-0.0762,0.4491,0.9997,0.0226,0.0000,-0.0226,0.9997,0.0000,0.0000,0.0000,1.0000,0.1624,0.1625,0.0548
264,8,4.4762,-0.0324,0.4472,0.9997,0.0226,0.0000,-0.0226,0.9997,0.0000,0.0000,0.0000,1.0000,0.0831,0.2046,0.1050
264,9,4.5050,0.0345,0.4544,0.9997,0.0226,0.0000,-0.0226,0.9997,0.0000,0.0000,0.0000,1.0000,0.0210,0.0279,0.0569
264,10,4.5502,-0.0244,0.4546,0.9997,0.0226,0.0000,-0.0226,0.9997,0.0000,0.0000,0.0000,1.0000,0.0210,0.0279,0.0569
265,0,4.2924,0.0368,0.4400,0.9996,0.0265,0.0000,-0.0265,0.9996,0.0000,0.0000,0.0000,1.0000,0.2577,0.2263,0.1400
265,1,4.3004,0.0399,0.6052,0.9996,0.0265,0.0000,-0.0265,0.9996,0.0000,0.0000,0.0000,1.0000,0.1100,0.2168,0.3052
265,2,4.3779,-0.0183,0.5173,0.9996,0.0265,0.0000,-0.0265,0.9996,0.0000,0.0000,0.0000,1.0000,0.1101,0.3070,0.2173
265,3,4.4050,-0.1944,0.5889,0.9996,0.0265,0.0000,-0.0265,0.9996,0.0000,0.0000,0.0000,1.0000,0.2836,0.2073,0.2889
265,4,4.5243,-0.2377,0.5062,0.9996,0.0265,0.0000,-0.0265,0.9996,0.0000,0.0000,0.0000,1.0000,0.2820,0.2947,0.2062
265,5,4.6882,-0.0965,0.6614,0.9996,0.0265,0.0000,-0.0265,0.9996,0.0000,0.0000,0.0000,1.0000,0.1112,0.2100,0.3614
265,6,4.7806,-0.0746,0.4265,0.9996,0.0265,0.0000,-0.0265,0.9996,0.0000,0.0000,0.0000,1.0000,0.1972,0.1336,0.1265
265,7,4.8892,-0.0633,0.4491,0.9996,0.0265,0.0000,-0.0265,0.9996,0.0000,0.0000,0.0000,1.0000,0.1624,0.1625,0.0548
265,8,4.9155,-0.0194,0.4472,0.9996,0.0265,0.0000,-0.0265,0.9996,0.0000,0.0000,0.0000,1.0000,0.0831,0.2046,0.1050
265,9,4.9440,0.0477,0.4544,0.9996,0.0265,0.0000,-0.0265,0.9996,0.0000,0.0000,0.0000,1.0000,0.0210,0.0279,0.0569
265,10,4.9895,-0.0110,0.4546,0.9996,0.0265,0.0000,-0.0265,0.9996,0.0000,0.0000,0.0000,1.0000,0.0210,0.0279,0.0569
266,0,4.7322,0.0493,0.4400,0.9995,0.0308,0.0000,-0.0308,0.9995,0.0000,0.0000,0.0000,1.0000,0.2577,0.2263,0.1400
266,1,4.7402,0.0524,0.6052,0.9995,0.0308,0.0000,-0.0308,0.9995,0.0000,0.0000,0.0000,1.0000,0.1100,0.2168,0.3052
266,2,4.8179,-0.0055,0.5173,0.9995,0.0308,0.0000,-0.0308,0.9995,0.0000,0.0000,0.0000,1.0000,0.1101,0.3070,0.2173
266,3,4.8457,-0.1815,0.5889,0.9995,0.0308,0.0000,-0.0308,0.9995,0.0000,0.0000,0.0000,1.0000,0.2836,0.2073,0.2889
266,4,4.9652,-0.2243,0.5062,0.9995,0.0308,0.0000,-0.0308,0.9995,0.0000,0.0000,0.0000,1.0000,0.2820,0.2947,0.2062
266,5,5.1285,-0.0824,0.6614,0.9995,0.0308,0.0000,-0.0308,0.9995,0.0000,0.0000,0.0000,1.0000,0.1112,0.2100,0.3614
266,6,5.2208,-0.0601,0.4265,0.9995,0.0308,0.0000,-0.0308,0.9995,0.0000,0.0000,0.0000,1.0000,0.1972,0.1336,0.1265
266,7,5.3294,-0.0483,0.4491,0.9995,0.0308,0.0000,-0.0308,0.9995,0.0000,0.0000,0.0000,1.0000,0.1624,0.1625,0.0548
266,8,5.3555,-0.0043,0.4472,0.9995,0.0308,0.0000,-0.0308,0.9995,0.0000,0.0000,0.0000,1.0000,0.0831,0.2046,0.1050
266,9,5.3837,0.0629,0.4544,0.9995,0.0308,0.0000,-0.0308,0.9995,0.0000,0.0000,0.0000,1.0000,0.0210,0.0279,0.0569
266,10,5.4295,0.0044,0.4546,0.9995,0.0308,0.0000,-0.0308,0.9995,0.0000,0.0000,0.0000,1.0000,0.0210,0.0279,0.0569
267,0,5.1731,0.0636,0.4400,0.9994,0.0348,0.0000,-0.0348,0.9994,0.0000,0.0000,0.0000,1.0000,0.2577,0.2263,0.1400
267,1,5.1810,0.0667,0.6052,0.9994,0.0348,0.0000,-0.0348,0.9994,0.0000,0.0000,0.0000,1.0000,0.1100,0.2168,0.3052
267,2,5.2590,0.0091,0.5173,0.9994,0.0348,0.0000,-0.0348,0.9994,0.0000,0.0000,0.0000,1.0000,0.1101,0.3070,0.2173
267,3,5.2875,-0.1667,0.5889,0.9994,0.0348,0.0000,-0.0348,0.9994,0.0000,0.0000,0.0000,1.0000,0.2836,0.2073,0.2889
267,4,5.4072,-0.2091,0.5062,0.9994,0.0348,0.0000,-0.0348,0.9994,0.0000,0.0000,0.0000,1.0000,0.2820,0.2947,0.2062
267,5,5.5699,-0.0665,0.6614,0.9994,0.0348,0.0000,-0.0348,0.9994,0.0000,0.0000,0.0000,1.0000,0.1112,0.2100,0.3614
267,6,5.6622,-0.0438,0.4265,0.9994,0.0348,0.0000,-0.0348,0.9994,0.0000,0.0000,0.0000,1.0000,0.1972,0.1336,0.1265
267,7,5.7707,-0.0316,0.4491,0.9994,0.0348,0.0000,-0.0348,0.9994,0.0000,0.0000,0.0000,1.0000,0.1624,0.1625,0.0548
267,8,5.7966,0.0125,0.4472,0.9994,0.0348,0.0000,-0.0348,0.9994,0.0000,0.0000,0.0000,1.0000,0.0831,0.2046,0.1050
267,9,5.8246,0.0798,0.4544,0.9994,0.0348,0.0000,-0.0348,0.9994,0.0000,0.0000,0.0000,1.0000,0.0210,0.0279,0.0569
267,10,5.8705,0.0215,0.4546,0.9994,0.0348,0.0000,-0.0348,0.9994,0.0000,0.0000,0.0000,1.0000,0.0210,0.0279,0.0569
268,0,5.6155,0.0798,0.4400,0.9992,0.0394,0.0000,-0.0394,0.9992,0.0000,0.0000,0.0000,1.0000,0.2577,0.2263,0.1400
268,1,5.6235,0.0830,0.6052,0.9992,0.0394,0.0000,-0.0394,0.9992,0.0000,0.0000,0.0000,1.0000,0.1100,0.2168,0.3052
268,2,5.7017,0.0257,0.5173,0.9992,0.0394,0.0000,-0.0394,0.9992,0.0000,0.0000,0.0000,1.0000,0.1101,0.3070,0.2173
268,3,5.7310,-0.1499,0.5889,0.9992,0.0394,0.0000,-0.0394,0.9992,0.0000,0.0000,0.0000,1.0000,0.2836,0.2073,0.2889
268,4,5.8508,-0.1918,0.5062,0.9992,0.0394,0.0000,-0.0394,0.9992,0.0000,0.0000,0.0000,1.0000,0.2820,0.2947,0.2062
268,5,6.0129,-0.0485,0.6614,0.9992,0.0394,0.0000,-0.0394,0.9992,0.0000,0.0000,0.0000,1.0000,0.1112,0.2100,0.3614
268,6,6.1051,-0.0253,0.4265,0.9992,0.0394,0.0000,-0.0394,0.9992,0.0000,0.0000,0.0000,1.0000,0.1972,0.1336,0.1265
268,7,6.2136,-0.0126,0.4491,0.9992,0.0394,0.0000,-0.0394,0.9992,0.0000,0.0000,0.0000,1.0000,0.1624,0.1625,0.0548
268,8,6.2393,0.0316,0.4472,0.9992,0.0394,0.0000,-0.0394,0.9992,0.0000,0.0000,0.0000,1.0000,0.0831,0.2046,0.1050
268,9,6.2669,0.0990,0.4544,0.9992,0.0394,0.0000,-0.0394,0.9992,0.0000,0.0000,0.0000,1.0000,0.0210,0.0279,0.0569
268,10,6.3131,0.0409,0.4546,0.9992,0.0394,0.0000,-0.0394,0.9992,0.0000,0.0000,0.0000,1.0000,0.0210,0.0279,0.0569
269,0,6.0598,0.0981,0.4400,0.9990,0.0439,0.0000,-0.0439,0.9990,0.0000,0.0000,0.0000,1.0000,0.2577,0.2263,0.1400
269,1,6.0678,0.1014,0.6052,0.9990,0.0439,0.0000,-0.0439,0.9990,0.0000,0.0000,0.0000,1.0000,0.1100,0.2168,0.3052
269,2,6.1462,0.0445,0.5173,0.9990,0.0439,0.0000,-0.0439,0.9990,0.0000,0.0000,0.0000,1.0000,0.1101,0.3070,0.2173
269,3,6.1764,-0.1311,0.5889,0.9990,0.0439,0.0000,-0.0439,0.9990,0.0000,0.0000,0.0000,1.0000,0.2836,0.2073,0.2889
269,4,6.2964,-0.1724,0.5062,0.9990,0.0439,0.0000,-0.0439,0.9990,0.0000,0.0000,0.0000,1.0000,0.2820,0.2947,0.2062
269,5,6.4578,-0.0284,0.6614,0.9990,0.0439,0.0000,-0.0439,0.9990,0.0000,0.0000,0.0000,1.0000,0.1112,0.2100,0.3614
269,6,6.5499,-0.0048,0.4265,0.9990,0.0439,0.0000,-0.0439,0.9990,0.0000,0.0000,0.0000,1.0000,0.1972,0.1336,0.1265
269,7,6.6583,0.0084,0.4491,0.9990,0.0439,0.0000,-0.0439,0.9990,0.0000,0.0000,0.0000,1.0000,0.1624,0.1625,0.0548
269,8,6.6838,0.0527,0.4472,0.9990,0.0439,0.0000,-0.0439,0.9990,0.0000,0.0000,0.0000,1.0000,0.0831,0.2046,0.1050
269,9,6.7111,0.1203,0.4544,0.9990,0.0439,0.0000,-0.0439,0.9990,0.0000,0.0000,0.0000,1.0000,0.0210,0.0279,0.0569
269,10,6.7576,0.0624,0.4546,0.9990,0.0439,0.0000,-0.0439,0.9990,0.0000,0.0000,0.0000,1.0000,0.0210,0.0279,0.0569
270,0,6.5061,0.1185,0.4400,0.9988,0.0481,0.0000,-0.0481,0.9988,0.0000,0.0000,0.0000,1.0000,0.2577,0.2263,0.1400
270,1,6.5141,0.1218,0.6052,0.9988,0.0481,0.0000,-0.0481,0.9988,0.0000,0.0000,0.0000,1.0000,0.1100,0.2168,0.3052
270,2,6.5928,0.0652,0.5173,0.9988,0.0481,0.0000,-0.0481,0.9988,0.0000,0.0000,0.0000,1.0000,0.1101,0.3070,0.2173
270,3,6.6237,-0.1102,0.5889,0.9988,0.0481,0.0000,-0.0481,0.9988,0.0000,0.0000,0.0000,1.0000,0.2836,0.2073,0.2889
270,4,6.7439,-0.1510,0.5062,0.9988,0.0481,0.0000,-0.0481,0.9988,0.0000,0.0000,0.0000,1.0000,0.2820,0.2947,0.2062
270,5,6.9047,-0.0063,0.6614,0.9988,0.0481,0.0000,-0.0481,0.9988,0.0000,0.0000,0.0000,1.0000,0.1112,0.2100,0.3614
270,6,6.9966,0.0177,0.4265,0.9988,0.0481,0.0000,-0.0481,0.9988,0.0000,0.0000,0.0000,1.0000,0.1972,0.1336,0.1265
270,7,7.1050,0.0313,0.4491,0.9988,0.0481,0.0000,-0.0481,0.9988,0.0000,0.0000,0.0000,1.0000,0.1624,0.1625,0.0548
270,8,7.1303,0.0757,0.4472,0.9988,0.0481,0.0000,-0.0481,0.9988,0.0000,0.0000,0.0000,1.0000,0.0831,0.2046,0.1050
270,9,7.1574,0.1434,0.4544,0.9988,0.0481,0.0000,-0.0481,0.9988,0.0000,0.0000,0.0000,1.0000,0.0210,0.0279,0.0569
270,10,7.2041,0.0857,0.4546,0.9988,0.0481,0.0000,-0.0481,0.9988,0.0000,0.0000,0.0000,1.0000,0.0210,0.0279,0.0569
271,0,6.9543,0.1407,0.4400,0.9987,0.0518,0.0000,-0.0518,0.9987,0.0000,0.0000,0.0000,1.0000,0.2577,0.2263,0.1400
271,1,6.9622,0.1441,0.6052,0.9987,0.0518,0.0000,-0.0518,0.9987,0.0000,0.0000,0.0000,1.0000,0.1100,0.2168,0.3052
271,2,7.0412,0.0878,0.5173,0.9987,0.0518,0.0000,-0.0518,0.9987,0.0000,0.0000,0.0000,1.0000,0.1101,0.3070,0.2173
271,3,7.0727,-0.0875,0.5889,0.9987,0.0518,0.0000,-0.0518,0.9987,0.0000,0.0000,0.0000,1.0000,0.2836,0.2073,0.2889
271,4,7.1930,-0.1278,0.5062,0.9987,0.0518,0.0000,-0.0518,0.9987,0.0000,0.0000,0.0000,1.0000,0.2820,0.2947,0.2062
271,5,7.3533,0.0175,0.6614,0.9987,0.0518,0.0000,-0.0518,0.9987,0.0000,0.0000,0.0000,1.0000,0.1112,0.2100,0.3614
271,6,7.4452,0.0417,0.4265,0.9987,0.0518,0.0000,-0.0518,0.9987,0.0000,0.0000,0.0000,1.0000,0.1972,0.1336,0.1265
271,7,7.5535,0.0558,0.4491,0.9987,0.0518,0.0000,-0.0518,0.9987,0.0000,0.0000,0.0000,1.0000,0.1624,0.1625,0.0548
271,8,7.5786,0.1003,0.4472,0.9987,0.0518,0.0000,-0.0518,0.9987,0.0000,0.0000,0.0000,1.0000,0.0831,0.2046,0.1050
271,9,7.6055,0.1681,0.4544,0.9987,0.0518,0.0000,-0.0518,0.9987,0.0000,0.0000,0.0000,1.0000,0.0210,0.0279,0.0569
271,10,7.6524,0.1106,0.4546,0.9987,0.0518,0.0000,-0.0518,0.9987,0.0000,0.0000,0.0000,1.0000,0.0210,0.0279,0.0569
272,0,7.4039,0.1648,0.4400,0.9984,0.0560,0.0000,-0.0560,0.9984,0.0000,0.0000,0.0000,1.0000,0.2577,0.2263,0.1400
272,1,7.4119,0.1682,0.6052,0.9984,0.0560,0.0000,-0.0560,0.9984,0.0000,0.0000,0.0000,1.0000,0.1100,0.2168,0.3052
272,2,7.4910,0.1122,0.5173,0.9984,0.0560,0.0000,-0.0560,0.9984,0.0000,0.0000,0.0000,1.0000,0.1101,0.3070,0.2173
272,3,7.5233,-0.0629,0.5889,0.9984,0.0560,0.0000,-0.0560,0.9984,0.0000,0.0000,0.0000,1.0000,0.2836,0.2073,0.2889
272,4,7.6438,-0.1027,0.5062,0.9984,0.0560,0.0000,-0.0560,0.9984,0.0000,0.0000,0.0000,1.0000,0.2820,0.2947,0.2062
272,5,7.8035,0.0432,0.6614,0.9984,0.0560,0.0000,-0.0560,0.9984,0.0000,0.0000,0.0000,1.0000,0.1112,0.2100,0.3614
272,6,7.8952,0.0679,0.4265,0.9984,0.0560,0.0000,-0.0560,0.9984,0.0000,0.0000,0.0000,1.0000,0.1972,0.1336,0.1265
272,7,8.0035,0.0824,0.4491,0.9984,0.0560,0.0000,-0.0560,0.9984,0.0000,0.0000,0.0000,1.0000,0.1624,0.1625,0.0548
272,8,8.0284,0.1271,0.4472,0.9984,0.0560,0.0000,-0.0560,0.9984,0.0000,0.0000,0.0000,1.0000,0.0831,0.2046,0.1050
272,9,8.0550,0.1949,0.4544,0.9984,0.0560,0.0000,-0.0560,0.9984,0.0000,0.0000,0.0000,1.0000,0.0210,0.0279,0.0569
272,10,8.1021,0.1376,0.4546,0.9984,0.0560,0.0000,-0.0560,0.9984,0.0000,0.0000,0.0000,1.0000,0.0210,0.0279,0.0569
273,0,7.8542,0.1908,0.4400,0.9982,0.0599,0.0000,-0.0599,0.9982,0.0000,0.0000,0.0000,1.0000,0.2577,0.2263,0.1400
273,1,7.8621,0.1942,0.6052,0.9982,0.0599,0.0000,-0.0599,0.9982,0.0000,0.0000,0.0000,1.0000,0.1100,0.2168,0.3052
273,2,7.9415,0.1386,0.5173,0.9982,0.0599,0.0000,-0.0599,0.9982,0.0000,0.0000,0.0000,1.0000,0.1101,0.3070,0.2173
273,3,7.9744,-0.0365,0.5889,0.9982,0.0599,0.0000,-0.0599,0.9982,0.0000,0.0000,0.0000,1.0000,0.2836,0.2073,0.2889
273,4,8.0951,-0.0758,0.5062,0.9982,0.0599,0.0000,-0.0599,0.9982,0.0000,0.0000,0.0000,1.0000,0.2820,0.2947,0.2062
273,5,8.2542,0.0708,0.6614,0.9982,0.0599,0.0000,-0.0599,0.9982,0.0000,0.0000,0.0000,1.0000,0.1112,0.2100,0.3614
273,6,8.3459,0.0958,0.4265,0.9982,0.0599,0.0000,-0.0599,0.9982,0.0000,0.0000,0.0000,1.0000,0.1972,0.1336,0.1265
273,7,8.4541,0.1107,0.4491,0.9982,0.0599,0.0000,-0.0599,0.9982,0.0000,0.0000,0.0000,1.0000,0.1624,0.1625,0.0548
273,8,8.4788,0.1555,0.4472,0.9982,0.0599,0.0000,-0.0599,0.9982,0.0000,0.0000,0.0000,1.0000,0.0831,0.2046,0.1050
273,9,8.5051,0.2235,0.4544,0.9982,0.0599,0.0000,-0.0599,0.9982,0.0000,0.0000,0.0000,1.0000,0.0210,0.0279,0.0569
273,10,8.5525,0.1663,0.4546,0.9982,0.0599,0.0000,-0.0599,0.9982,0.0000,0.0000,0.0000,1.0000,0.0210,0.0279,0.0569
274,0,8.3040,0.2185,0.4400,0.9980,0.0634,0.0000,-0.0634,0.9980,0.0000,0.0000,0.0000,1.0000,0.2577,0.2263,0.1400
274,1,8.3119,0.2219,0.6052,0.9980,0.0634,0.0000,-0.0634,0.9980,0.0000,0.0000,0.0000,1.0000,0.1100,0.2168,0.3052
274,2,8.3915,0.1665,0.5173,0.9980,0.0634,0.0000,-0.0634,0.9980,0.0000,0.0000,0.0000,1.0000,0.1101,0.3070,0.2173
274,3,8.4251,-0.0084,0.5889,0.9980,0.0634,0.0000,-0.0634,0.9980,0.0000,0.0000,0.0000,1.0000,0.2836,0.2073,0.2889
274,4,8.5459,-0.0473,0.5062,0.9980,0.0634,0.0000,-0.0634,0.9980,0.0000,0.0000,0.0000,1.0000,0.2820,0.2947,0.2062
274,5,8.7045,0.0998,0.6614,0.9980,0.0634,0.0000,-0.0634,0.9980,0.0000,0.0000,0.0000,1.0000,0.1112,0.2100,0.3614
274,6,8.7960,0.1252,0.4265,0.9980,0.0634,0.0000,-0.0634,0.9980,0.0000,0.0000,0.0000,1.0000,0.1972,0.1336,0.1265
274,7,8.9042,0.1405,0.4491,0.9980,0.0634,0.0000,-0.0634,0.9980,0.0000,0.0000,0.0000,1.0000,0.1624,0.1625,0.0548
274,8,8.9288,0.1853,0.4472,0.9980,0.0634,0.0000,-0.0634,0.9980,0.0000,0.0000,0.0000,1.0000,0.0831,0.2046,0.1050
274,9,8.9548,0.2534,0.4544,0.9980,0.0634,0.0000,-0.0634,0.9980,0.0000,0.0000,0.0000,1.0000,0.0210,0.0279,0.0569
274,10,9.0024,0.1964,0.4546,0.9980,0.0634,0.0000,-0.0634,0.9980,0.0000,0.0000,0.0000,1.0000,0.0210,0.0279,0.0569
275,0,8.7525,0.2475,0.4400,0.9978,0.0664,0.0000,-0.0664,0.9978,0.0000,0.0000,0.0000,1.0000,0.2577,0.2263,0.1400
275,1,8.7604,0.2510,0.6052,0.9978,0.0664,0.0000,-0.0664,0.9978,0.0000,0.0000,0.0000,1.0000,0.1100,0.2168,0.3052
275,2,8.8401,0.1958,0.5173,0.9978,0.0664,0.0000,-0.0664,0.9978,0.0000,0.0000,0.0000,1.0000,0.1101,0.3070,0.2173
275,3,8.8742,0.0210,0.5889,0.9978,0.0664,0.0000,-0.0664,0.9978,0.0000,0.0000,0.0000,1.0000,0.2836,0.2073,0.2889
275,4,8.9951,-0.0175,0.5062,0.9978,0.0664,0.0000,-0.0664,0.9978,0.0000,0.0000,0.0000,1.0000,0.2820,0.2947,0.2062
275,5,9.1532,0.1301,0.6614,0.9978,0.0664,0.0000,-0.0664,0.9978,0.0000,0.0000,0.0000,1.0000,0.1112,0.2100,0.3614
275,6,9.2447,0.1557,0.4265,0.9978,0.0664,0.0000,-0.0664,0.9978,0.0000,0.0000,0.0000,1.0000,0.1972,0.1336,0.1265
275,7,9.3528,0.1713,0.4491,0.9978,0.0664,0.0000,-0.0664,0.9978,0.0000,0.0000,0.0000,1.0000,0.1624,0.1625,0.0548
275,8,9.3773,0.2163,0.4472,0.9978,0.0664,0.0000,-0.0664,0.9978,0.0000,0.0000,0.0000,1.0000,0.0831,0.2046,0.1050
275,9,9.4031,0.2844,0.4544,0.9978,0.0664,0.0000,-0.0664,0.9978,0.0000,0.0000,0.0000,1.0000,0.0210,0.0279,0.0569
275,10,9.4509,0.2276,0.4546,0.9978,0.0664,0.0000,-0.0664,0.9978,0.0000,0.0000,0.0000,1.0000,0.0210,0.0279,0.0569
276,0,9.1984,0.2777,0.4400,0.9976,0.0692,0.0000,-0.0692,0.9976,0.0000,0.0000,0.0000,1.0000,0.2577,0.2263,0.1400
276,1,9.2063,0.2812,0.6052,0.9976,0.0692,0.0000,-0.0692,0.9976,0.0000,0.0000,0.0000,1.0000,0.1100,0.2168,0.3052
276,2,9.2862,0.2263,0.5173,0.9976,0.0692,0.0000,-0.0692,0.9976,0.0000,0.0000,0.0000,1.0000,0.1101,0.3070,0.2173
276,3,9.3208,0.0516,0.5889,0.9976,0.0692,0.0000,-0.0692,0.9976,0.0000,0.0000,0.0000,1.0000,0.2836,0.2073,0.2889
276,4,9.4418,0.0133,0.5062,0.9976,0.0692,0.0000,-0.0692,0.9976,0.0000,0.0000,0.0000,1.0000,0.2820,0.2947,0.2062
276,5,9.5995,0.1614,0.6614,0.9976,0.0692,0.0000,-0.0692,0.9976,0.0000,0.0000,0.0000,1.0000,0.1112,0.2100,0.3614
276,6,9.6910,0.1873,0.4265,0.9976,0.0692,0.0000,-0.0692,0.9976,0.0000,0.0000,0.0000,1.0000,0.1972,0.1336,0.1265
276,7,9.7990,0.2032,0.4491,0.9976,0.0692,0.0000,-0.0692,0.9976,0.0000,0.0000,0.0000,1.0000,0.1624,0.1625,0.0548
276,8,9.8234,0.2482,0.4472,0.9976,0.0692,0.0000,-0.0692,0.9976,0.0000,0.0000,0.0000,1.0000,0.0831,0.2046,0.1050
276,9,9.8490,0.3164,0.4544,0.9976,0.0692,0.0000,-0.0692,0.9976,0.0000,0.0000,0.0000,1.0000,0.0210,0.0279,0.0569
276,10,9.8969,0.2597,0.4546,0.9976,0.0692,0.0000,-0.0692,0.9976,0.0000,0.0000,0.0000,1.0000,0.0210,0.0279,0.0569
277,0,9.6408,0.3089,0.4400,0.9974,0.0717,0.0000,-0.0717,0.9974,0.0000,0.0000,0.0000,1.0000,0.2577,0.2263,0.1400
277,1,9.6486,0.3123,0.6052,0.9974,0.0717,0.0000,-0.0717,0.9974,0.0000,0.0000,0.0000,1.0000,0.1100,0.2168,0.3052
277,2,9.7287,0.2576,0.5173,0.9974,0.0717,0.0000,-0.0717,0.9974,0.0000,0.0000,0.0000,1.0000,0.1101,0.3070,0.2173
277,3,9.7637,0.0830,0.5889,0.9974,0.0717,0.0000,-0.0717,0.9974,0.0000,0.0000,0.0000,1.0000,0.2836,0.2073,0.2889
277,4,9.8848,0.0451,0.5062,0.9974,0.0717,0.0000,-0.0717,0.9974,0.0000,0.0000,0.0000,1.0000,0.2820,0.2947,0.2062
277,5,10.0422,0.1936,0.6614,0.9974,0.0717,0.0000,-0.0717,0.9974,0.0000,0.0000,0.0000,1.0000,0.1112,0.2100,0.3614
277,6,10.1335,0.2197,0.4265,0.9974,0.0717,0.0000,-0.0717,0.9974,0.0000,0.0000,0.0000,1.0000,0.1972,0.1336,0.1265
277,7,10.2416,0.2359,0.4491,0.9974,0.0717,0.0000,-0.0717,0.9974,0.0000,0.0000,0.0000,1.0000,0.1624,0.1625,0.0548
277,8,10.2658,0.2809,0.4472,0.9974,0.0717,0.0000,-0.0717,0.9974,0.0000,0.0000,0.0000,1.0000,0.0831,0.2046,0.1050
277,9,10.2913,0.3492,0.4544,0.9974,0.0717,0.0000,-0.0717,0.9974,0.0000,0.0000,0.0000,1.0000,0.0210,0.0279,0.0569
277,10,10.3393,0.2926,0.4546,0.9974,0.0717,0.0000,-0.0717,0.9974,0.0000,0.0000,0.0000,1.0000,0.0210,0.0279,0.0569
278,0,10.0787,0.3408,0.4400,0.9972,0.0743,0.0000,-0.0743,0.9972,0.0000,0.0000,0.0000,1.0000,0.2577,0.2263,0.1400
278,1,10.0865,0.3443,0.6052,0.9972,0.0743,0.0000,-0.0743,0.9972,0.0000,0.0000,0.0000,1.0000,0.1100,0.2168,0.3052
278,2,10.1667,0.2898,0.5173,0.9972,0.0743,0.0000,-0.0743,0.9972,0.0000,0.0000,0.0000,1.0000,0.1101,0.3070,0.2173
278,3,10.2022,0.1153,0.5889,0.9972,0.0743,0.0000,-0.0743,0.9972,0.0000,0.0000,0.0000,1.0000,0.2836,0.2073,0.2889
278,4,10.3234,0.0777,0.5062,0.9972,0.0743,0.0000,-0.0743,0.9972,0.0000,0.0000,0.0000,1.0000,0.2820,0.2947,0.2062
278,5,10.4804,0.2266,0.6614,0.9972,0.0743,0.0000,-0.0743,0.9972,0.0000,0.0000,0.0000,1.0000,0.1112,0.2100,0.3614
278,6,10.5717,0.2529,0.4265,0.9972,0.0743,0.0000,-0.0743,0.9972,0.0000,0.0000,0.0000,1.0000,0.1972,0.1336,0.1265
278,7,10.6796,0.2694,0.4491,0.9972,0.0743,0.0000,-0.0743,0.9972,0.0000,0.0000,0.0000,1.0000,0.1624,0.1625,0.0548
278,8,10.7038,0.3145,0.4472,0.9972,0.0743,0.0000,-0.0743,0.9972,0.0000,0.0000,0.0000,1.0000,0.0831,0.2046,0.1050
278,9,10.7290,0.3829,0.4544,0.9972,0.0743,0.0000,-0.0743,0.9972,0.0000,0.0000,0.0000,1.0000,0.0210,0.0279,0.0569
278,10,10.7773,0.3264,0.4546,0.9972,0.0743,0.0000,-0.0743,0.9972,0.0000,0.0000,0.0000,1.0000,0.0210,0.0279,0.0569
279,0,10.5116,0.3735,0.4400,0.9970,0.0768,0.0000,-0.0768,0.9970,0.0000,0.0000,0.0000,1.0000,0.2577,0.2263,0.1400
279,1,10.5194,0.3770,0.6052,0.9970,0.0768,0.0000,-0.0768,0.9970,0.0000,0.0000,0.0000,1.0000,0.1100,0.2168,0.3052
279,2,10.5997,0.3227,0.5173,0.9970,0.0768,0.0000,-0.0768,0.9970,0.0000,0.0000,0.0000,1.0000,0.1101,0.3070,0.2173
279,3,10.6356,0.1483,0.5889,0.9970,0.0768,0.0000,-0.0768,0.9970,0.0000,0.0000,0.0000,1.0000,0.2836,0.2073,0.2889
279,4,10.7569,0.1110,0.5062,0.9970,0.0768,0.0000,-0.0768,0.9970,0.0000,0.0000,0.0000,1.0000,0.2820,0.2947,0.2062
279,5,10.9135,0.2603,0.6614,0.9970,0.0768,0.0000,-0.0768,0.9970,0.0000,0.0000,0.0000,1.0000,0.1112,0.2100,0.3614
279,6,11.0048,0.2868,0.4265,0.9970,0.0768,0.0000,-0.0768,0.9970,0.0000,0.0000,0.0000,1.0000,0.1972,0.1336,0.1265
279,7,11.1127,0.3036,0.4491,0.9970,0.0768,0.0000,-0.0768,0.9970,0.0000,0.0000,0.0000,1.0000,0.1624,0.1625,0.0548
279,8,11.1367,0.3487,0.4472,0.9970,0.0768,0.0000,-0.0768,0.9970,0.0000,0.0000,0.0000,1.0000,0.0831,0.2046,0.1050
279,9,11.1618,0.4172,0.4544,0.9970,0.0768,0.0000,-0.0768,0.9970,0.0000,0.0000,0.0000,1.0000,0.0210,0.0279,0.0569
279,10,11.2102,0.3608,0.4546,0.9970,0.0768,0.0000,-0.0768,0.9970,0.0000,0.0000,0.0000,1.0000,0.0210,0.0279,0.0569
280,0,10.9389,0.4067,0.4400,0.9969,0.0786,0.0000,-0.0786,0.9969,0.0000,0.0000,0.0000,1.0000,0.2577,0.2263,0.1400
280,1,10.9467,0.4103,0.6052,0.9969,0.0786,0.0000,-0.0786,0.9969,0.0000,0.0000,0.0000,1.0000,0.1100,0.2168,0.3052
280,2,11.0271,0.3561,0.5173,0.9969,0.0786,0.0000,-0.0786,0.9969,0.0000,0.0000,0.0000,1.0000,0.1101,0.3070,0.2173
280,3,11.0633,0.1817,0.5889,0.9969,0.0786,0.0000,-0.0786,0.9969,0.0000,0.0000,0.0000,1.0000,0.2836,0.2073,0.2889
280,4,11.1847,0.1447,0.5062,0.9969,0.0786,0.0000,-0.0786,0.9969,0.0000,0.0000,0.0000,1.0000,0.2820,0.2947,0.2062
280,5,11.3411,0.2942,0.6614,0.9969,0.0786,0.0000,-0.0786,0.9969,0.0000,0.0000,0.0000,1.0000,0.1112,0.2100,0.3614
280,6,11.4322,0.3210,0.4265,0.9969,0.0786,0.0000,-0.0786,0.9969,0.0000,0.0000,0.0000,1.0000,0.1972,0.1336,0.1265
280,7,11.5401,0.3379,0.4491,0.9969,0.0786,0.0000,-0.0786,0.9969,0.0000,0.0000,0.0000,1.0000,0.1624,0.1625,0.0548
280,8,11.5641,0.3831,0.4472,0.9969,0.0786,0.0000,-0.0786,0.9969,0.0000,0.0000,0.0000,1.0000,0.0831,0.2046,0.1050
280,9,11.5891,0.4516,0.4544,0.9969,0.0786,0.0000,-0.0786,0.9969,0.0000,0.0000,0.0000,1.0000,0.0210,0.0279,0.0569
280,10,11.6375,0.3953,0.4546,0.9969,0.0786,0.0000,-0.0786,0.9969,0.0000,0.0000,0.0000,1.0000,0.0210,0.0279,0.0569
281,0,11.3601,0.4403,0.4400,0.9967,0.0808,0.0000,-0.0808,0.9967,0.0000,0.0000,0.0000,1.0000,0.2577,0.2263,0.1400
281,1,11.3679,0.4439,0.6052,0.9967,0.0808,0.0000,-0.0808,0.9967,0.0000,0.0000,0.0000,1.0000,0.1100,0.2168,0.3052
281,2,11.4484,0.3899,0.5173,0.9967,0.0808,0.0000,-0.0808,0.9967,0.0000,0.0000,0.0000,1.0000,0.1101,0.3070,0.2173
281,3,11.4850,0.2156,0.5889,0.9967,0.0808,0.0000,-0.0808,0.9967,0.0000,0.0000,0.0000,1.0000,0.2836,0.2073,0.2889
281,4,11.6065,0.1788,0.5062,0.9967,0.0808,0.0000,-0.0808,0.9967,0.0000,0.0000,0.0000,1.0000,0.2820,0.2947,0.2062
281,5,11.7625,0.3287,0.6614,0.9967,0.0808,0.0000,-0.0808,0.9967,0.0000,0.0000,0.0000,1.0000,0.1112,0.2100,0.3614
281,6,11.8536,0.3556,0.4265,0.9967,0.0808,0.0000,-0.0808,0.9967,0.0000,0.0000,0.0000,1.0000,0.1972,0.1336,0.1265
281,7,11.9615,0.3728,0.4491,0.9967,0.0808,0.0000,-0.0808,0.9967,0.0000,0.0000,0.0000,1.0000,0.1624,0.1625,0.0548
281,8,11.9853,0.4181,0.4472,0.9967,0.0808,0.0000,-0.0808,0.9967,0.0000,0.0000,0.0000,1.0000,0.0831,0.2046,0.1050
281,9,12.0101,0.4866,0.4544,0.9967,0.0808,0.0000,-0.0808,0.9967,0.0000,0.0000,0.0000,1.0000,0.0210,0.0279,0.0569
281,10,12.0587,0.4305,0.4546,0.9967,0.0808,0.0000,-0.0808,0.9967,0.0000,0.0000,0.0000,1.0000,0.0210,0.0279,0.0569
282,0,11.7749,0.4743,0.4400,0.9966,0.0826,0.0000,-0.0826,0.9966,0.0000,0.0000,0.0000,1.0000,0.2577,0.2263,0.1400
282,1,11.7828,0.4778,0.6052,0.9966,0.0826,0.0000,-0.0826,0.9966,0.0000,0.0000,0.0000,1.0000,0.1100,0.2168,0.3052
282,2,11.8634,0.4240,0.5173,0.9966,0.0826,0.0000,-0.0826,0.9966,0.0000,0.0000,0.0000,1.0000,0.1101,0.3070,0.2173
282,3,11.9003,0.2498,0.5889,0.9966,0.0826,0.0000,-0.0826,0.9966,0.0000,0.0000,0.0000,1.0000,0.2836,0.2073,0.2889
282,4,12.0218,0.2132,0.5062,0.9966,0.0826,0.0000,-0.0826,0.9966,0.0000,0.0000,0.0000,1.0000,0.2820,0.2947,0.2062
282,5,12.1776,0.3634,0.6614,0.9966,0.0826,0.0000,-0.0826,0.9966,0.0000,0.0000,0.0000,1.0000,0.1112,0.2100,0.3614
282,6,12.2686,0.3905,0.4265,0.9966,0.0826,0.0000,-0.0826,0.9966,0.0000,0.0000,0.0000,1.0000,0.1972,0.1336,0.1265
282,7,12.3765,0.4078,0.4491,0.9966,0.0826,0.0000,-0.0826,0.9966,0.0000,0.0000,0.0000,1.0000,0.1624,0.1625,0.0548
282,8,12.4002,0.4532,0.4472,0.9966,0.0826,0.0000,-0.0826,0.9966,0.0000,0.0000,0.0000,1.0000,0.0831,0.2046,0.1050
282,9,12.4249,0.5217,0.4544,0.9966,0.0826,0.0000,-0.0826,0.9966,0.0000,0.0000,0.0000,1.0000,0.0210,0.0279,0.0569
282,10,12.4736,0.4657,0.4546,0.9966,0.0826,0.0000,-0.0826,0.9966,0.0000,0.0000,0.0000,1.0000,0.0210,0.0279,0.0569
283,0,12.1832,0.5084,0.4400,0.9964,0.0845,0.0000,-0.0845,0.9964,0.0000,0.0000,0.0000,1.0000,0.2577,0.2263,0.1400
283,1,12.1911,0.5120,0.6052,0.9964,0.0845,0.0000,-0.0845,0.9964,0.0000,0.0000,0.0000,1.0000,0.1100,0.2168,0.3052
283,2,12.2718,0.4583,0.5173,0.9964,0.0845,0.0000,-0.0845,0.9964,0.0000,0.0000,0.0000,1.0000,0.1101,0.3070,0.2173
283,3,12.3090,0.2842,0.5889,0.9964,0.0845,0.0000,-0.0845,0.9964,0.0000,0.0000,0.0000,1.0000,0.2836,0.2073,0.2889
283,4,12.4306,0.2478,0.5062,0.9964,0.0845,0.0000,-0.0845,0.9964,0.0000,0.0000,0.0000,1.0000,0.2820,0.2947,0.2062
283,5,12.5861,0.3983,0.6614,0.9964,0.0845,0.0000,-0.0845,0.9964,0.0000,0.0000,0.0000,1.0000,0.1112,0.2100,0.3614
283,6,12.6771,0.4256,0.4265,0.9964,0.0845,0.0000,-0.0845,0.9964,0.0000,0.0000,0.0000,1.0000,0.1972,0.1336,0.1265
283,7,12.7849,0.4431,0.4491,0.9964,0.0845,0.0000,-0.0845,0.9964,0.0000,0.0000,0.0000,1.0000,0.1624,0.1625,0.0548
283,8,12.8086,0.4885,0.4472,0.9964,0.0845,0.0000,-0.0845,0.9964,0.0000,0.0000,0.0000,1.0000,0.0831,0.2046,0.1050
283,9,12.8332,0.5571,0.4544,0.9964,0.0845,0.0000,-0.0845,0.9964,0.0000,0.0000,0.0000,1.0000,0.0210,0.0279,0.0569
283,10,12.8820,0.5011,0.4546,0.9964,0.0845,0.0000,-0.0845,0.9964,0.0000,0.0000,0.0000,1.0000,0.0210,0.0279,0.0569
284,0,12.5849,0.5428,0.4400,0.9962,0.0868,0.0000,-0.0868,0.9962,0.0000,0.0000,0.0000,1.0000,0.2577,0.2263,0.1400
284,1,12.5927,0.5464,0.6052,0.9962,0.0868,0.0000,-0.0868,0.9962,0.0000,0.0000,0.0000,1.0000,0.1100,0.2168,0.3052
284,2,12.6736,0.4930,0.5173,0.9962,0.0868,0.0000,-0.0868,0.9962,0.0000,0.0000,0.0000,1.0000,0.1101,0.3070,0.2173
284,3,12.7112,0.3189,0.5889,0.9962,0.0868,0.0000,-0.0868,0.9962,0.0000,0.0000,0.0000,1.0000,0.2836,0.2073,0.2889
284,4,12.8329,0.2828,0.5062,0.9962,0.0868,0.0000,-0.0868,0.9962,0.0000,0.0000,0.0000,1.0000,0.2820,0.2947,0.2062
284,5,12.9880,0.4336,0.6614,0.9962,0.0868,0.0000,-0.0868,0.9962,0.0000,0.0000,0.0000,1.0000,0.1112,0.2100,0.3614
284,6,13.0790,0.4611,0.4265,0.9962,0.0868,0.0000,-0.0868,0.9962,0.0000,0.0000,0.0000,1.0000,0.1972,0.1336,0.1265
284,7,13.1867,0.4789,0.4491,0.9962,0.0868,0.0000,-0.0868,0.9962,0.0000,0.0000,0.0000,1.0000,0.1624,0.1625,0.0548
284,8,13.2103,0.5243,0.4472,0.9962,0.0868,0.0000,-0.0868,0.9962,0.0000,0.0000,0.0000,1.0000,0.0831,0.2046,0.1050
284,9,13.2347,0.5930,0.4544,0.9962,0.0868,0.0000,-0.0868,0.9962,0.0000,0.0000,0.0000,1.0000,0.0210,0.0279,0.0569
284,10,13.2836,0.5372,0.4546,0.9962,0.0868,0.0000,-0.0868,0.9962,0.0000,0.0000,0.0000,1.0000,0.0210,0.0279,0.0569
285,0,12.9802,0.5776,0.4400,0.9960,0.0889,0.0000,-0.0889,0.9960,0.0000,0.0000,0.0000,1.0000,0.2577,0.2263,0.1400
285,1,12.9880,0.5812,0.6052,0.9960,0.0889,0.0000,-0.0889,0.9960,0.0000,0.0000,0.0000,1.0000,0.1100,0.2168,0.3052
285,2,13.0689,0.5279,0.5173,0.9960,0.0889,0.0000,-0.0889,0.9960,0.0000,0.0000,0.0000,1.0000,0.1101,0.3070,0.2173
285,3,13.1070,0.3539,0.5889,0.9960,0.0889,0.0000,-0.0889,0.9960,0.0000,0.0000,0.0000,1.0000,0.2836,0.2073,0.2889
285,4,13.2287,0.3181,0.5062,0.9960,0.0889,0.0000,-0.0889,0.9960,0.0000,0.0000,0.0000,1.0000,0.2820,0.2947,0.2062
285,5,13.3835,0.4692,0.6614,0.9960,0.0889,0.0000,-0.0889,0.9960,0.0000,0.0000,0.0000,1.0000,0.1112,0.2100,0.3614
285,6,13.4744,0.4969,0.4265,0.9960,0.0889,0.0000,-0.0889,0.9960,0.0000,0.0000,0.0000,1.0000,0.1972,0.1336,0.1265
285,7,13.5821,0.5150,0.4491,0.9960,0.0889,0.0000,-0.0889,0.9960,0.0000,0.0000,0.0000,1.0000,0.1624,0.1625,0.0548
285,8,13.6056,0.5604,0.4472,0.9960,0.0889,0.0000,-0.0889,0.9960,0.0000,0.0000,0.0000,1.0000,0.0831,0.2046,0.1050
285,9,13.6299,0.6292,0.4544,0.9960,0.0889,0.0000,-0.0889,0.9960,0.0000,0.0000,0.0000,1.0000,0.0210,0.0279,0.0569
285,10,13.6789,0.5734,0.4546,0.9960,0.0889,0.0000,-0.0889,0.9960,0.0000,0.0000,0.0000,1.0000,0.0210,0.0279,0.0569
286,0,13.3693,0.6127,0.4400,0.9958,0.0910,0.0000,-0.0910,0.9958,0.0000,0.0000,0.0000,1.0000,0.2577,0.2263,0.1400
286,1,13.3771,0.6163,0.6052,0.9958,0.0910,0.0000,-0.0910,0.9958,0.0000,0.0000,0.0000,1.0000,0.1100,0.2168,0.3052
286,2,13.4582,0.5632,0.5173,0.9958,0.0910,0.0000,-0.0910,0.9958,0.0000,0.0000,0.0000,1.0000,0.1101,0.3070,0.2173
286,3,13.4966,0.3892,0.5889,0.9958,0.0910,0.0000,-0.0910,0.9958,0.0000,0.0000,0.0000,1.0000,0.2836,0.2073,0.2889
286,4,13.6185,0.3537,0.5062,0.9958,0.0910,0.0000,-0.0910,0.9958,0.0000,0.0000,0.0000,1.0000,0.2820,0.2947,0.2062
286,5,13.7729,0.5052,0.6614,0.9958,0.0910,0.0000,-0.0910,0.9958,0.0000,0.0000,0.0000,1.0000,0.1112,0.2100,0.3614
286,6,13.8637,0.5330,0.4265,0.9958,0.0910,0.0000,-0.0910,0.9958,0.0000,0.0000,0.0000,1.0000,0.1972,0.1336,0.1265
286,7,13.9714,0.5513,0.4491,0.9958,0.0910,0.0000,-0.0910,0.9958,0.0000,0.0000,0.0000,1.0000,0.1624,0.1625,0.0548
286,8,13.9948,0.5968,0.4472,0.9958,0.0910,0.0000,-0.0910,0.9958,0.0000,0.0000,0.0000,1.0000,0.0831,0.2046,0.1050
286,9,14.0189,0.6656,0.4544,0.9958,0.0910,0.0000,-0.0910,0.9958,0.0000,0.0000,0.0000,1.0000,0.0210,0.0279,0.0569
286,10,14.0681,0.6100,0.4546,0.9958,0.0910,0.0000,-0.0910,0.9958,0.0000,0.0000,0.0000,1.0000,0.0210,0.0279,0.0569
287,0,13.7526,0.6480,0.4400,0.9957,0.0930,0.0000,-0.0930,0.9957,0.0000,0.0000,0.0000,1.0000,0.2577,0.2263,0.1400
287,1,13.7604,0.6516,0.6052,0.9957,0.0930,0.0000,-0.0930,0.9957,0.0000,0.0000,0.0000,1.0000,0.1100,0.2168,0.3052
287,2,13.8416,0.5987,0.5173,0.9957,0.0930,0.0000,-0.0930,0.9957,0.0000,0.0000,0.0000,1.0000,0.1101,0.3070,0.2173
287,3,13.8803,0.4248,0.5889,0.9957,0.0930,0.0000,-0.0930,0.9957,0.0000,0.0000,0.0000,1.0000,0.2836,0.2073,0.2889
287,4,14.0022,0.3895,0.5062,0.9957,0.0930,0.0000,-0.0930,0.9957,0.0000,0.0000,0.0000,1.0000,0.2820,0.2947,0.2062
287,5,14.1564,0.5413,0.6614,0.9957,0.0930,0.0000,-0.0930,0.9957,0.0000,0.0000,0.0000,1.0000,0.1112,0.2100,0.3614
287,6,14.2471,0.5693,0.4265,0.9957,0.0930,0.0000,-0.0930,0.9957,0.0000,0.0000,0.0000,1.0000,0.1972,0.1336,0.1265
287,7,14.3548,0.5878,0.4491,0.9957,0.0930,0.0000,-0.0930,0.9957,0.0000,0.0000,0.0000,1.0000,0.1624,0.1625,0.0548
287,8,14.3781,0.6334,0.4472,0.9957,0.0930,0.0000,-0.0930,0.9957,0.0000,0.0000,0.0000,1.0000,0.0831,0.2046,0.1050
287,9,14.4021,0.7022,0.4544,0.9957,0.0930,0.0000,-0.0930,0.9957,0.0000,0.0000,0.0000,1.0000,0.0210,0.0279,0.0569
287,10,14.4513,0.6467,0.4546,0.9957,0.0930,0.0000,-0.0930,0.9957,0.0000,0.0000,0.0000,1.0000,0.0210,0.0279,0.0569
288,0,14.1299,0.6837,0.4400,0.9954,0.0959,0.0000,-0.0959,0.9954,0.0000,0.0000,0.0000,1.0000,0.2577,0.2263,0.1400
288,1,14.1377,0.6873,0.6052,0.9954,0.0959,0.0000,-0.0959,0.9954,0.0000,0.0000,0.0000,1.0000,0.1100,0.2168,0.3052
288,2,14.2190,0.6346,0.5173,0.9954,0.0959,0.0000,-0.0959,0.9954,0.0000,0.0000,0.0000,1.0000,0.1101,0.3070,0.2173
288,3,14.2582,0.4608,0.5889,0.9954,0.0959,0.0000,-0.0959,0.9954,0.0000,0.0000,0.0000,1.0000,0.2836,0.2073,0.2889
288,4,14.3802,0.4259,0.5062,0.9954,0.0959,0.0000,-0.0959,0.9954,0.0000,0.0000,0.0000,1.0000,0.2820,0.2947,0.2062
288,5,14.5339,0.5781,0.6614,0.9954,0.0959,0.0000,-0.0959,0.9954,0.0000,0.0000,0.0000,1.0000,0.1112,0.2100,0.3614
288,6,14.6247,0.6064,0.4265,0.9954,0.0959,0.0000,-0.0959,0.9954,0.0000,0.0000,0.0000,1.0000,0.1972,0.1336,0.1265
288,7,14.7322,0.6252,0.4491,0.9954,0.0959,0.0000,-0.0959,0.9954,0.0000,0.0000,0.0000,1.0000,0.1624,0.1625,0.0548
288,8,14.7554,0.6709,0.4472,0.9954,0.0959,0.0000,-0.0959,0.9954,0.0000,0.0000,0.0000,1.0000,0.0831,0.2046,0.1050
288,9,14.7792,0.7398,0.4544,0.9954,0.0959,0.0000,-0.0959,0.9954,0.0000,0.0000,0.0000,1.0000,0.0210,0.0279,0.0569
288,10,14.8286,0.6844,0.4546,0.9954,0.0959,0.0000,-0.0959,0.9954,0.0000,0.0000,0.0000,1.0000,0.0210,0.0279,0.0569
289,0,14.5011,0.7199,0.4400,0.9951,0.0989,0.0000,-0.0989,0.9951,0.0000,0.0000,0.0000,1.0000,0.2577,0.2263,0.1400
289,1,14.5089,0.7235,0.6052,0.9951,0.0989,0.0000,-0.0989,0.9951,0.0000,0.0000,0.0000,1.0000,0.1100,0.2168,0.3052
289,2,14.5904,0.6711,0.5173,0.9951,0.0989,0.0000,-0.0989,0.9951,0.0000,0.0000,0.0000,1.0000,0.1101,0.3070,0.2173
289,3,14.6302,0.4974,0.5889,0.9951,0.0989,0.0000,-0.0989,0.9951,0.0000,0.0000,0.0000,1.0000,0.2836,0.2073,0.2889
289,4,14.7523,0.4628,0.5062,0.9951,0.0989,0.0000,-0.0989,0.9951,0.0000,0.0000,0.0000,1.0000,0.2820,0.2947,0.2062
289,5,14.9055,0.6156,0.6614,0.9951,0.0989,0.0000,-0.0989,0.9951,0.0000,0.0000,0.0000,1.0000,0.1112,0.2100,0.3614
289,6,14.9962,0.6442,0.4265,0.9951,0.0989,0.0000,-0.0989,0.9951,0.0000,0.0000,0.0000,1.0000,0.1972,0.1336,0.1265
289,7,15.1037,0.6633,0.4491,0.9951,0.0989,0.0000,-0.0989,0.9951,0.0000,0.0000,0.0000,1.0000,0.1624,0.1625,0.0548
289,8,15.1267,0.7090,0.4472,0.9951,0.0989,0.0000,-0.0989,0.9951,0.0000,0.0000,0.0000,1.0000,0.0831,0.2046,0.1050
289,9,15.1503,0.7780,0.4544,0.9951,0.0989,0.0000,-0.0989,0.9951,0.0000,0.0000,0.0000,1.0000,0.0210,0.0279,0.0569
289,10,15.1999,0.7227,0.4546,0.9951,0.0989,0.0000,-0.0989,0.9951,0.0000,0.0000,0.0000,1.0000,0.0210,0.0279,0.0569
290,0,14.8664,0.7566,0.4400,0.9948,0.1016,0.0000,-0.1016,0.9948,0.0000,0.0000,0.0000,1.0000,0.2577,0.2263,0.1400
290,1,14.8742,0.7603,0.6052,0.9948,0.1016,0.0000,-0.1016,0.9948,0.0000,0.0000,0.0000,1.0000,0.1100,0.2168,0.3052
290,2,14.9558,0.7080,0.5173,0.9948,0.1016,0.0000,-0.1016,0.9948,0.0000,0.0000,0.0000,1.0000,0.1101,0.3070,0.2173
290,3,14.9961,0.5345,0.5889,0.9948,0.1016,0.0000,-0.1016,0.9948,0.0000,0.0000,0.0000,1.0000,0.2836,0.2073,0.2889
290,4,15.1183,0.5002,0.5062,0.9948,0.1016,0.0000,-0.1016,0.9948,0.0000,0.0000,0.0000,1.0000,0.2820,0.2947,0.2062
290,5,15.2711,0.6534,0.6614,0.9948,0.1016,0.0000,-0.1016,0.9948,0.0000,0.0000,0.0000,1.0000,0.1112,0.2100,0.3614
290,6,15.3616,0.6822,0.4265,0.9948,0.1016,0.0000,-0.1016,0.9948,0.0000,0.0000,0.0000,1.0000,0.1972,0.1336,0.1265
290,7,15.4691,0.7016,0.4491,0.9948,0.1016,0.0000,-0.1016,0.9948,0.0000,0.0000,0.0000,1.0000,0.1624,0.1625,0.0548
290,8,15.4920,0.7474,0.4472,0.9948,0.1016,0.0000,-0.1016,0.9948,0.0000,0.0000,0.0000,1.0000,0.0831,0.2046,0.1050
290,9,15.5154,0.8164,0.4544,0.9948,0.1016,0.0000,-0.1016,0.9948,0.0000,0.0000,0.0000,1.0000,0.0210,0.0279,0.0569
290,10,15.5652,0.7613,0.4546,0.9948,0.1016,0.0000,-0.1016,0.9948,0.0000,0.0000,0.0000,1.0000,0.0210,0.0279,0.0569
291,0,15.2260,0.7937,0.4400,0.9945,0.1044,0.0000,-0.1044,0.9945,0.0000,0.0000,0.0000,1.0000,0.2577,0.2263,0.1400
291,1,15.2337,0.7974,0.6052,0.9945,0.1044,0.0000,-0.1044,0.9945,0.0000,0.0000,0.0000,1.0000,0.1100,0.2168,0.3052
291,2,15.3155,0.7454,0.5173,0.9945,0.1044,0.0000,-0.1044,0.9945,0.0000,0.0000,0.0000,1.0000,0.1101,0.3070,0.2173
291,3,15.3562,0.5720,0.5889,0.9945,0.1044,0.0000,-0.1044,0.9945,0.0000,0.0000,0.0000,1.0000,0.2836,0.2073,0.2889
291,4,15.4785,0.5381,0.5062,0.9945,0.1044,0.0000,-0.1044,0.9945,0.0000,0.0000,0.0000,1.0000,0.2820,0.2947,0.2062
291,5,15.6309,0.6916,0.6614,0.9945,0.1044,0.0000,-0.1044,0.9945,0.0000,0.0000,0.0000,1.0000,0.1112,0.2100,0.3614
291,6,15.7214,0.7207,0.4265,0.9945,0.1044,0.0000,-0.1044,0.9945,0.0000,0.0000,0.0000,1.0000,0.1972,0.1336,0.1265
291,7,15.8288,0.7404,0.4491,0.9945,0.1044,0.0000,-0.1044,0.9945,0.0000,0.0000,0.0000,1.0000,0.1624,0.1625,0.0548
291,8,15.8515,0.7863,0.4472,0.9945,0.1044,0.0000,-0.1044,0.9945,0.0000,0.0000,0.0000,1.0000,0.0831,0.2046,0.1050
291,9,15.8748,0.8554,0.4544,0.9945,0.1044,0.0000,-0.1044,0.9945,0.0000,0.0000,0.0000,1.0000,0.0210,0.0279,0.0569
291,10,15.9247,0.8004,0.4546,0.9945,0.1044,0.0000,-0.1044,0.9945,0.0000,0.0000,0.0000,1.0000,0.0210,0.0279,0.0569
292,0,15.5803,0.8313,0.4400,0.9942,0.1073,0.0000,-0.1073,0.9942,0.0000,0.0000,0.0000,1.0000,0.2577,0.2263,0.1400
292,1,15.5880,0.8350,0.6052,0.9942,0.1073,0.0000,-0.1073,0.9942,0.0000,0.0000,0.0000,1.0000,0.1100,0.2168,0.3052
292,2,15.6700,0.7832,0.5173,0.9942,0.1073,0.0000,-0.1073,0.9942,0.0000,0.0000,0.0000,1.0000,0.1101,0.3070,0.2173
292,3,15.7112,0.6100,0.5889,0.9942,0.1073,0.0000,-0.1073,0.9942,0.0000,0.0000,0.0000,1.0000,0.2836,0.2073,0.2889
292,4,15.8336,0.5764,0.5062,0.9942,0.1073,0.0000,-0.1073,0.9942,0.0000,0.0000,0.0000,1.0000,0.2820,0.2947,0.2062
292,5,15.9856,0.7304,0.6614,0.9942,0.1073,0.0000,-0.1073,0.9942,0.0000,0.0000,0.0000,1.0000,0.1112,0.2100,0.3614
292,6,16.0759,0.7598,0.4265,0.9942,0.1073,0.0000,-0.1073,0.9942,0.0000,0.0000,0.0000,1.0000,0.1972,0.1336,0.1265
292,7,16.1833,0.7798,0.4491,0.9942,0.1073,0.0000,-0.1073,0.9942,0.0000,0.0000,0.0000,1.0000,0.1624,0.1625,0.0548
292,8,16.2059,0.8257,0.4472,0.9942,0.1073,0.0000,-0.1073,0.9942,0.0000,0.0000,0.0000,1.0000,0.0831,0.2046,0.1050
292,9,16.2289,0.8949,0.4544,0.9942,0.1073,0.0000,-0.1073,0.9942,0.0000,0.0000,0.0000,1.0000,0.0210,0.0279,0.0569
292,10,16.2790,0.8400,0.4546,0.9942,0.1073,0.0000,-0.1073,0.9942,0.0000,0.0000,0.0000,1.0000,0.0210,0.0279,0.0569
293,0,15.9305,0.8696,0.4400,0.9938,0.1110,0.0000,-0.1110,0.9938,0.0000,0.0000,0.0000,1.0000,0.2577,0.2263,0.1400
293,1,15.9382,0.8734,0.6052,0.9938,0.1110,0.0000,-0.1110,0.9938,0.0000,0.0000,0.0000,1.0000,0.1100,0.2168,0.3052
293,2,16.0204,0.8219,0.5173,0.9938,0.1110,0.0000,-0.1110,0.9938,0.0000,0.0000,0.0000,1.0000,0.1101,0.3070,0.2173
293,3,16.0623,0.6488,0.5889,0.9938,0.1110,0.0000,-0.1110,0.9938,0.0000,0.0000,0.0000,1.0000,0.2836,0.2073,0.2889
293,4,16.1848,0.6157,0.5062,0.9938,0.1110,0.0000,-0.1110,0.9938,0.0000,0.0000,0.0000,1.0000,0.2820,0.2947,0.2062
293,5,16.3362,0.7702,0.6614,0.9938,0.1110,0.0000,-0.1110,0.9938,0.0000,0.0000,0.0000,1.0000,0.1112,0.2100,0.3614
293,6,16.4264,0.7999,0.4265,0.9938,0.1110,0.0000,-0.1110,0.9938,0.0000,0.0000,0.0000,1.0000,0.1972,0.1336,0.1265
293,7,16.5337,0.8204,0.4491,0.9938,0.1110,0.0000,-0.1110,0.9938,0.0000,0.0000,0.0000,1.0000,0.1624,0.1625,0.0548
293,8,16.5562,0.8664,0.4472,0.9938,0.1110,0.0000,-0.1110,0.9938,0.0000,0.0000,0.0000,1.0000,0.0831,0.2046,0.1050
293,9,16.5789,0.9356,0.4544,0.9938,0.1110,0.0000,-0.1110,0.9938,0.0000,0.0000,0.0000,1.0000,0.0210,0.0279,0.0569
293,10,16.6292,0.8810,0.4546,0.9938,0.1110,0.0000,-0.1110,0.9938,0.0000,0.0000,0.0000,1.0000,0.0210,0.0279,0.0569
294,0,16.2775,0.9088,0.4400,0.9934,0.1145,0.0000,-0.1145,0.9934,0.0000,0.0000,0.0000,1.0000,0.2577,0.2263,0.1400
294,1,16.2852,0.9126,0.6052,0.9934,0.1145,0.0000,-0.1145,0.9934,0.0000,0.0000,0.0000,1.0000,0.1100,0.2168,0.3052
294,2,16.3675,0.8614,0.5173,0.9934,0.1145,0.0000,-0.1145,0.9934,0.0000,0.0000,0.0000,1.0000,0.1101,0.3070,0.2173
294,3,16.4100,0.6885,0.5889,0.9934,0.1145,0.0000,-0.1145,0.9934,0.0000,0.0000,0.0000,1.0000,0.2836,0.2073,0.2889
294,4,16.5327,0.6558,0.5062,0.9934,0.1145,0.0000,-0.1145,0.9934,0.0000,0.0000,0.0000,1.0000,0.2820,0.2947,0.2062
294,5,16.6835,0.8109,0.6614,0.9934,0.1145,0.0000,-0.1145,0.9934,0.0000,0.0000,0.0000,1.0000,0.1112,0.2100,0.3614
294,6,16.7736,0.8409,0.4265,0.9934,0.1145,0.0000,-0.1145,0.9934,0.0000,0.0000,0.0000,1.0000,0.1972,0.1336,0.1265
294,7,16.8809,0.8617,0.4491,0.9934,0.1145,0.0000,-0.1145,0.9934,0.0000,0.0000,0.0000,1.0000,0.1624,0.1625,0.0548
294,8,16.9031,0.9078,0.4472,0.9934,0.1145,0.0000,-0.1145,0.9934,0.0000,0.0000,0.0000,1.0000,0.0831,0.2046,0.1050
294,9,16.9256,0.9771,0.4544,0.9934,0.1145,0.0000,-0.1145,0.9934,0.0000,0.0000,0.0000,1.0000,0.0210,0.0279,0.0569
294,10,16.9761,0.9226,0.4546,0.9934,0.1145,0.0000,-0.1145,0.9934,0.0000,0.0000,0.0000,1.0000,0.0210,0.0279,0.0569
295,0,16.6218,0.9490,0.4400,0.9930,0.1178,0.0000,-0.1178,0.9930,0.0000,0.0000,0.0000,1.0000,0.2577,0.2263,0.1400
295,1,16.6295,0.9528,0.6052,0.9930,0.1178,0.0000,-0.1178,0.9930,0.0000,0.0000,0.0000,1.0000,0.1100,0.2168,0.3052
295,2,16.7119,0.9019,0.5173,0.9930,0.1178,0.0000,-0.1178,0.9930,0.0000,0.0000,0.0000,1.0000,0.1101,0.3070,0.2173
295,3,16.7550,0.7290,0.5889,0.9930,0.1178,0.0000,-0.1178,0.9930,0.0000,0.0000,0.0000,1.0000,0.2836,0.2073,0.2889
295,4,16.8778,0.6968,0.5062,0.9930,0.1178,0.0000,-0.1178,0.9930,0.0000,0.0000,0.0000,1.0000,0.2820,0.2947,0.2062
295,5,17.0281,0.8524,0.6614,0.9930,0.1178,0.0000,-0.1178,0.9930,0.0000,0.0000,0.0000,1.0000,0.1112,0.2100,0.3614
295,6,17.1181,0.8827,0.4265,0.9930,0.1178,0.0000,-0.1178,0.9930,0.0000,0.0000,0.0000,1.0000,0.1972,0.1336,0.1265
295,7,17.2253,0.9038,0.4491,0.9930,0.1178,0.0000,-0.1178,0.9930,0.0000,0.0000,0.0000,1.0000,0.1624,0.1625,0.0548
295,8,17.2474,0.9500,0.4472,0.9930,0.1178,0.0000,-0.1178,0.9930,0.0000,0.0000,0.0000,1.0000,0.0831,0.2046,0.1050
295,9,17.2697,1.0194,0.4544,0.9930,0.1178,0.0000,-0.1178,0.9930,0.0000,0.0000,0.0000,1.0000,0.0210,0.0279,0.0569
295,10,17.3203,0.9651,0.4546,0.9930,0.1178,0.0000,-0.1178,0.9930,0.0000,0.0000,0.0000,1.0000,0.0210,0.0279,0.0569
296,0,16.9635,0.9900,0.4400,0.9926,0.1218,0.0000,-0.1218,0.9926,0.0000,0.0000,0.0000,1.0000,0.2577,0.2263,0.1400
296,1,16.9712,0.9939,0.6052,0.9926,0.1218,0.0000,-0.1218,0.9926,0.0000,0.0000,0.0000,1.0000,0.1100,0.2168,0.3052
296,2,17.0539,0.9433,0.5173,0.9926,0.1218,0.0000,-0.1218,0.9926,0.0000,0.0000,0.0000,1.0000,0.1101,0.3070,0.2173
296,3,17.0976,0.7706,0.5889,0.9926,0.1218,0.0000,-0.1218,0.9926,0.0000,0.0000,0.0000,1.0000,0.2836,0.2073,0.2889
296,4,17.2205,0.7389,0.5062,0.9926,0.1218,0.0000,-0.1218,0.9926,0.0000,0.0000,0.0000,1.0000,0.2820,0.2947,0.2062
296,5,17.3702,0.8950,0.6614,0.9926,0.1218,0.0000,-0.1218,0.9926,0.0000,0.0000,0.0000,1.0000,0.1112,0.2100,0.3614
296,6,17.4601,0.9257,0.4265,0.9926,0.1218,0.0000,-0.1218,0.9926,0.0000,0.0000,0.0000,1.0000,0.1972,0.1336,0.1265
296,7,17.5672,0.9473,0.4491,0.9926,0.1218,0.0000,-0.1218,0.9926,0.0000,0.0000,0.0000,1.0000,0.1624,0.1625,0.0548
296,8,17.5891,0.9935,0.4472,0.9926,0.1218,0.0000,-0.1218,0.9926,0.0000,0.0000,0.0000,1.0000,0.0831,0.2046,0.1050
296,9,17.6111,1.0630,0.4544,0.9926,0.1218,0.0000,-0.1218,0.9926,0.0000,0.0000,0.0000,1.0000,0.0210,0.0279,0.0569
296,10,17.6620,1.0089,0.4546,0.9926,0.1218,0.0000,-0.1218,0.9926,0.0000,0.0000,0.0000,1.0000,0.0210,0.0279,0.0569
297,0,17.3027,1.0321,0.4400,0.9921,0.1255,0.0000,-0.1255,0.9921,0.0000,0.0000,0.0000,1.0000,0.2577,0.2263,0.1400
297,1,17.3103,1.0360,0.6052,0.9921,0.1255,0.0000,-0.1255,0.9921,0.0000,0.0000,0.0000,1.0000,0.1100,0.2168,0.3052
297,2,17.3932,0.9857,0.5173,0.9921,0.1255,0.0000,-0.1255,0.9921,0.0000,0.0000,0.0000,1.0000,0.1101,0.3070,0.2173
297,3,17.4376,0.8132,0.5889,0.9921,0.1255,0.0000,-0.1255,0.9921,0.0000,0.0000,0.0000,1.0000,0.2836,0.2073,0.2889
297,4,17.5606,0.7819,0.5062,0.9921,0.1255,0.0000,-0.1255,0.9921,0.0000,0.0000,0.0000,1.0000,0.2820,0.2947,0.2062
297,5,17.7097,0.9386,0.6614,0.9921,0.1255,0.0000,-0.1255,0.9921,0.0000,0.0000,0.0000,1.0000,0.1112,0.2100,0.3614
297,6,17.7995,0.9697,0.4265,0.9921,0.1255,0.0000,-0.1255,0.9921,0.0000,0.0000,0.0000,1.0000,0.1972,0.1336,0.1265
297,7,17.9065,0.9917,0.4491,0.9921,0.1255,0.0000,-0.1255,0.9921,0.0000,0.0000,0.0000,1.0000,0.1624,0.1625,0.0548
297,8,17.9283,1.0380,0.4472,0.9921,0.1255,0.0000,-0.1255,0.9921,0.0000,0.0000,0.0000,1.0000,0.0831,0.2046,0.1050
297,9,17.9500,1.1075,0.4544,0.9921,0.1255,0.0000,-0.1255,0.9921,0.0000,0.0000,0.0000,1.0000,0.0210,0.0279,0.0569
297,10,18.0011,1.0536,0.4546,0.9921,0.1255,0.0000,-0.1255,0.9921,0.0000,0.0000,0.0000,1.0000,0.0210,0.0279,0.0569
298,0,17.6390,1.0752,0.4400,0.9916,0.1293,0.0000,-0.1293,0.9916,0.0000,0.0000,0.0000,1.0000,0.2577,0.2263,0.1400
298,1,17.6467,1.0791,0.6052,0.9916,0.1293,0.0000,-0.1293,0.9916,0.0000,0.0000,0.0000,1.0000,0.1100,0.2168,0.3052
298,2,17.7298,1.0291,0.5173,0.9916,0.1293,0.0000,-0.1293,0.9916,0.0000,0.0000,0.0000,1.0000,0.1101,0.3070,0.2173
298,3,17.7748,0.8568,0.5889,0.9916,0.1293,0.0000,-0.1293,0.9916,0.0000,0.0000,0.0000,1.0000,0.2836,0.2073,0.2889
298,4,17.8979,0.8259,0.5062,0.9916,0.1293,0.0000,-0.1293,0.9916,0.0000,0.0000,0.0000,1.0000,0.2820,0.2947,0.2062
298,5,18.0464,0.9832,0.6614,0.9916,0.1293,0.0000,-0.1293,0.9916,0.0000,0.0000,0.0000,1.0000,0.1112,0.2100,0.3614
298,6,18.1361,1.0146,0.4265,0.9916,0.1293,0.0000,-0.1293,0.9916,0.0000,0.0000,0.0000,1.0000,0.1972,0.1336,0.1265
298,7,18.2430,1.0370,0.4491,0.9916,0.1293,0.0000,-0.1293,0.9916,0.0000,0.0000,0.0000,1.0000,0.1624,0.1625,0.0548
298,8,18.2646,1.0834,0.4472,0.9916,0.1293,0.0000,-0.1293,0.9916,0.0000,0.0000,0.0000,1.0000,0.0831,0.2046,0.1050
298,9,18.2861,1.1531,0.4544,0.9916,0.1293,0.0000,-0.1293,0.9916,0.0000,0.0000,0.0000,1.0000,0.0210,0.0279,0.0569
298,10,18.3374,1.0993,0.4546,0.9916,0.1293,0.0000,-0.1293,0.9916,0.0000,0.0000,0.0000,1.0000,0.0210,0.0279,0.0569
299,0,17.9723,1.1191,0.4400,0.9911,0.1334,0.0000,-0.1334,0.9911,0.0000,0.0000,0.0000,1.0000,0.2577,0.2263,0.1400
299,1,17.9799,1.1231,0.6052,0.9911,0.1334,0.0000,-0.1334,0.9911,0.0000,0.0000,0.0000,1.0000,0.1100,0.2168,0.3052
299,2,18.0632,1.0734,0.5173,0.9911,0.1334,0.0000,-0.1334,0.9911,0.0000,0.0000,0.0000,1.0000,0.1101,0.3070,0.2173
299,3,18.1090,0.9013,0.5889,0.9911,0.1334,0.0000,-0.1334,0.9911,0.0000,0.0000,0.0000,1.0000,0.2836,0.2073,0.2889
299,4,18.2322,0.8710,0.5062,0.9911,0.1334,0.0000,-0.1334,0.9911,0.0000,0.0000,0.0000,1.0000,0.2820,0.2947,0.2062
299,5,18.3801,1.0289,0.6614,0.9911,0.1334,0.0000,-0.1334,0.9911,0.0000,0.0000,0.0000,1.0000,0.1112,0.2100,0.3614
299,6,18.4696,1.0606,0.4265,0.9911,0.1334,0.0000,-0.1334,0.9911,0.0000,0.0000,0.0000,1.0000,0.1972,0.1336,0.1265
299,7,18.5764,1.0835,0.4491,0.9911,0.1334,0.0000,-0.1334,0.9911,0.0000,0.0000,0.0000,1.0000,0.1624,0.1625,0.0548
299,8,18.5978,1.1300,0.4472,0.9911,0.1334,0.0000,-0.1334,0.9911,0.0000,0.0000,0.0000,1.0000,0.0831,0.2046,0.1050
299,9,18.6190,1.1997,0.4544,0.9911,0.1334,0.0000,-0.1334,0.9911,0.0000,0.0000,0.0000,1.0000,0.0210,0.0279,0.0569
299,10,18.6705,1.1462,0.4546,0.9911,0.1334,0.0000,-0.1334,0.9911,0.0000,0.0000,0.0000,1.0000,0.0210,0.0279,0.0569
300,0,18.3022,1.1641,0.4400,0.9905,0.1377,0.0000,-0.1377,0.9905,0.0000,0.0000,0.0000,1.0000,0.2577,0.2263,0.1400
300,1,18.3098,1.1681,0.6052,0.9905,0.1377,0.0000,-0.1377,0.9905,0.0000,0.0000,0.0000,1.0000,0.1100,0.2168,0.3052
300,2,18.3933,1.1188,0.5173,0.9905,0.1377,0.0000,-0.1377,0.9905,0.0000,0.0000,0.0000,1.0000,0.1101,0.3070,0.2173
300,3,18.4398,0.9468,0.5889,0.9905,0.1377,0.0000,-0.1377,0.9905,0.0000,0.0000,0.0000,1.0000,0.2836,0.2073,0.2889
300,4,18.5632,0.9170,0.5062,0.9905,0.1377,0.0000,-0.1377,0.9905,0.0000,0.0000,0.0000,1.0000,0.2820,0.2947,0.2062
300,5,18.7103,1.0756,0.6614,0.9905,0.1377,0.0000,-0.1377,0.9905,0.0000,0.0000,0.0000,1.0000,0.1112,0.2100,0.3614
300,6,18.7998,1.1077,0.4265,0.9905,0.1377,0.0000,-0.1377,0.9905,0.0000,0.0000,0.0000,1.0000,0.1972,0.1336,0.1265
300,7,18.9065,1.1310,0.4491,0.9905,0.1377,0.0000,-0.1377,0.9905,0.0000,0.0000,0.0000,1.0000,0.1624,0.1625,0.0548
300,8,18.9277,1.1776,0.4472,0.9905,0.1377,0.0000,-0.1377,0.9905,0.0000,0.0000,0.0000,1.0000,0.0831,0.2046,0.1050
300,9,18.9486,1.2474,0.4544,0.9905,0.1377,0.0000,-0.1377,0.9905,0.0000,0.0000,0.0000,1.0000,0.0210,0.0279,0.0569
300,10,19.0003,1.1942,0.4546,0.9905,0.1377,0.0000,-0.1377,0.9905,0.0000,0.0000,0.0000,1.0000,0.0210,0.0279,0.0569
301,0,18.6289,1.2100,0.4400,0.9899,0.1418,0.0000,-0.1418,0.9899,0.0000,0.0000,0.0000,1.0000,0.2577,0.2263,0.1400
301,1,18.6365,1.2140,0.6052,0.9899,0.1418,0.0000,-0.1418,0.9899,0.0000,0.0000,0.0000,1.0000,0.1100,0.2168,0.3052
301,2,18.7202,1.1651,0.5173,0.9899,0.1418,0.0000,-0.1418,0.9899,0.0000,0.0000,0.0000,1.0000,0.1101,0.3070,0.2173
301,3,18.7674,0.9934,0.5889,0.9899,0.1418,0.0000,-0.1418,0.9899,0.0000,0.0000,0.0000,1.0000,0.2836,0.2073,0.2889
301,4,18.8909,0.9641,0.5062,0.9899,0.1418,0.0000,-0.1418,0.9899,0.0000,0.0000,0.0000,1.0000,0.2820,0.2947,0.2062
301,5,19.0374,1.1233,0.6614,0.9899,0.1418,0.0000,-0.1418,0.9899,0.0000,0.0000,0.0000,1.0000,0.1112,0.2100,0.3614
301,6,19.1267,1.1558,0.4265,0.9899,0.1418,0.0000,-0.1418,0.9899,0.0000,0.0000,0.0000,1.0000,0.1972,0.1336,0.1265
301,7,19.2334,1.1795,0.4491,0.9899,0.1418,0.0000,-0.1418,0.9899,0.0000,0.0000,0.0000,1.0000,0.1624,0.1625,0.0548
301,8,19.2543,1.2262,0.4472,0.9899,0.1418,0.0000,-0.1418,0.9899,0.0000,0.0000,0.0000,1.0000,0.0831,0.2046,0.1050
301,9,19.2749,1.2961,0.4544,0.9899,0.1418,0.0000,-0.1418,0.9899,0.0000,0.0000,0.0000,1.0000,0.0210,0.0279,0.0569
301,10,19.3269,1.2430,0.4546,0.9899,0.1418,0.0000,-0.1418,0.9899,0.0000,0.0000,0.0000,1.0000,0.0210,0.0279,0.0569
302,0,18.9527,1.2569,0.4400,0.9893,0.1462,0.0000,-0.1462,0.9893,0.0000,0.0000,0.0000,1.0000,0.2577,0.2263,0.1400
302,1,18.9603,1.2610,0.6052,0.9893,0.1462,0.0000,-0.1462,0.9893,0.0000,0.0000,0.0000,1.0000,0.1100,0.2168,0.3052
302,2,19.0442,1.2124,0.5173,0.9893,0.1462,0.0000,-0.1462,0.9893,0.0000,0.0000,0.0000,1.0000,0.1101,0.3070,0.2173
302,3,19.0922,1.0409,0.5889,0.9893,0.1462,0.0000,-0.1462,0.9893,0.0000,0.0000,0.0000,1.0000,0.2836,0.2073,0.2889
302,4,19.2158,1.0122,0.5062,0.9893,0.1462,0.0000,-0.1462,0.9893,0.0000,0.0000,0.0000,1.0000,0.2820,0.2947,0.2062
302,5,19.3616,1.1720,0.6614,0.9893,0.1462,0.0000,-0.1462,0.9893,0.0000,0.0000,0.0000,1.0000,0.1112,0.2100,0.3614
302,6,19.4507,1.2049,0.4265,0.9893,0.1462,0.0000,-0.1462,0.9893,0.0000,0.0000,0.0000,1.0000,0.1972,0.1336,0.1265
302,7,19.5572,1.2291,0.4491,0.9893,0.1462,0.0000,-0.1462,0.9893,0.0000,0.0000,0.0000,1.0000,0.1624,0.1625,0.0548
302,8,19.5780,1.2759,0.4472,0.9893,0.1462,0.0000,-0.1462,0.9893,0.0000,0.0000,0.0000,1.0000,0.0831,0.2046,0.1050
302,9,19.5983,1.3459,0.4544,0.9893,0.1462,0.0000,-0.1462,0.9893,0.0000,0.0000,0.0000,1.0000,0.0210,0.0279,0.0569
302,10,19.6505,1.2930,0.4546,0.9893,0.1462,0.0000,-0.1462,0.9893,0.0000,0.0000,0.0000,1.0000,0.0210,0.0279,0.0569
303,0,19.2737,1.3049,0.4400,0.9886,0.1507,0.0000,-0.1507,0.9886,0.0000,0.0000,0.0000,1.0000,0.2577,0.2263,0.1400
303,1,19.2813,1.3090,0.6052,0.9886,0.1507,0.0000,-0.1507,0.9886,0.0000,0.0000,0.0000,1.0000,0.1100,0.2168,0.3052
303,2,19.3654,1.2608,0.5173,0.9886,0.1507,0.0000,-0.1507,0.9886,0.0000,0.0000,0.0000,1.0000,0.1101,0.3070,0.2173
303,3,19.4141,1.0895,0.5889,0.9886,0.1507,0.0000,-0.1507,0.9886,0.0000,0.0000,0.0000,1.0000,0.2836,0.2073,0.2889
303,4,19.5379,1.0614,0.5062,0.9886,0.1507,0.0000,-0.1507,0.9886,0.0000,0.0000,0.0000,1.0000,0.2820,0.2947,0.2062
303,5,19.6830,1.2219,0.6614,0.9886,0.1507,0.0000,-0.1507,0.9886,0.0000,0.0000,0.0000,1.0000,0.1112,0.2100,0.3614
303,6,19.7720,1.2552,0.4265,0.9886,0.1507,0.0000,-0.1507,0.9886,0.0000,0.0000,0.0000,1.0000,0.1972,0.1336,0.1265
303,7,19.8784,1.2799,0.4491,0.9886,0.1507,0.0000,-0.1507,0.9886,0.0000,0.0000,0.0000,1.0000,0.1624,0.1625,0.0548
303,8,19.8989,1.3267,0.4472,0.9886,0.1507,0.0000,-0.1507,0.9886,0.0000,0.0000,0.0000,1.0000,0.0831,0.2046,0.1050
303,9,19.9189,1.3968,0.4544,0.9886,0.1507,0.0000,-0.1507,0.9886,0.0000,0.0000,0.0000,1.0000,0.0210,0.0279,0.0569
303,10,19.9713,1.3442,0.4546,0.9886,0.1507,0.0000,-0.1507,0.9886,0.0000,0.0000,0.0000,1.0000,0.0210,0.0279,0.0569
304,0,19.5921,1.3540,0.4400,0.9879,0.1551,0.0000,-0.1551,0.9879,0.0000,0.0000,0.0000,1.0000,0.2577,0.2263,0.1400
304,1,19.5997,1.3581,0.6052,0.9879,0.1551,0.0000,-0.1551,0.9879,0.0000,0.0000,0.0000,1.0000,0.1100,0.2168,0.3052
304,2,19.6840,1.3103,0.5173,0.9879,0.1551,0.0000,-0.1551,0.9879,0.0000,0.0000,0.0000,1.0000,0.1101,0.3070,0.2173
304,3,19.7335,1.1392,0.5889,0.9879,0.1551,0.0000,-0.1551,0.9879,0.0000,0.0000,0.0000,1.0000,0.2836,0.2073,0.2889
304,4,19.8574,1.1116,0.5062,0.9879,0.1551,0.0000,-0.1551,0.9879,0.0000,0.0000,0.0000,1.0000,0.2820,0.2947,0.2062
304,5,20.0018,1.2728,0.6614,0.9879,0.1551,0.0000,-0.1551,0.9879,0.0000,0.0000,0.0000,1.0000,0.1112,0.2100,0.3614
304,6,20.0906,1.3064,0.4265,0.9879,0.1551,0.0000,-0.1551,0.9879,0.0000,0.0000,0.0000,1.0000,0.1972,0.1336,0.1265
304,7,20.1969,1.3316,0.4491,0.9879,0.1551,0.0000,-0.1551,0.9879,0.0000,0.0000,0.0000,1.0000,0.1624,0.1625,0.0548
304,8,20.2173,1.3786,0.4472,0.9879,0.1551,0.0000,-0.1551,0.9879,0.0000,0.0000,0.0000,1.0000,0.0831,0.2046,0.1050
304,9,20.2369,1.4488,0.4544,0.9879,0.1551,0.0000,-0.1551,0.9879,0.0000,0.0000,0.0000,1.0000,0.0210,0.0279,0.0569
304,10,20.2896,1.3964,0.4546,0.9879,0.1551,0.0000,-0.1551,0.9879,0.0000,0.0000,0.0000,1.0000,0.0210,0.0279,0.0569
305,0,19.9079,1.4042,0.4400,0.9871,0.1600,0.0000,-0.1600,0.9871,0.0000,0.0000,0.0000,1.0000,0.2577,0.2263,0.1400
305,1,19.9154,1.4083,0.6052,0.9871,0.1600,0.0000,-0.1600,0.9871,0.0000,0.0000,0.0000,1.0000,0.1100,0.2168,0.3052
305,2,20.0000,1.3610,0.5173,0.9871,0.1600,0.0000,-0.1600,0.9871,0.0000,0.0000,0.0000,1.0000,0.1101,0.3070,0.2173
305,3,20.0504,1.1901,0.5889,0.9871,0.1600,0.0000,-0.1600,0.9871,0.0000,0.0000,0.0000,1.0000,0.2836,0.2073,0.2889
305,4,20.1744,1.1631,0.5062,0.9871,0.1600,0.0000,-0.1600,0.9871,0.0000,0.0000,0.0000,1.0000,0.2820,0.2947,0.2062
305,5,20.3179,1.3250,0.6614,0.9871,0.1600,0.0000,-0.1600,0.9871,0.0000,0.0000,0.0000,1.0000,0.1112,0.2100,0.3614
305,6,20.4066,1.3591,0.4265,0.9871,0.1600,0.0000,-0.1600,0.9871,0.0000,0.0000,0.0000,1.0000,0.1972,0.1336,0.1265
305,7,20.5128,1.3848,0.4491,0.9871,0.1600,0.0000,-0.1600,0.9871,0.0000,0.0000,0.0000,1.0000,0.1624,0.1625,0.0548
305,8,20.5329,1.4319,0.4472,0.9871,0.1600,0.0000,-0.1600,0.9871,0.0000,0.0000,0.0000,1.0000,0.0831,0.2046,0.1050
305,9,20.5522,1.5021,0.4544,0.9871,0.1600,0.0000,-0.1600,0.9871,0.0000,0.0000,0.0000,1.0000,0.0210,0.0279,0.0569
305,10,20.6051,1.4500,0.4546,0.9871,0.1600,0.0000,-0.1600,0.9871,0.0000,0.0000,0.0000,1.0000,0.0210,0.0279,0.0569
306,0,20.2208,1.4555,0.4400,0.9863,0.1653,0.0000,-0.1653,0.9863,0.0000,0.0000,0.0000,1.0000,0.2577,0.2263,0.1400
306,1,20.2283,1.4597,0.6052,0.9863,0.1653,0.0000,-0.1653,0.9863,0.0000,0.0000,0.0000,1.0000,0.1100,0.2168,0.3052
306,2,20.3131,1.4128,0.5173,0.9863,0.1653,0.0000,-0.1653,0.9863,0.0000,0.0000,0.0000,1.0000,0.1101,0.3070,0.2173
306,3,20.3644,1.2422,0.5889,0.9863,0.1653,0.0000,-0.1653,0.9863,0.0000,0.0000,0.0000,1.0000,0.2836,0.2073,0.2889
306,4,20.4886,1.2159,0.5062,0.9863,0.1653,0.0000,-0.1653,0.9863,0.0000,0.0000,0.0000,1.0000,0.2820,0.2947,0.2062
306,5,20.6313,1.3785,0.6614,0.9863,0.1653,0.0000,-0.1653,0.9863,0.0000,0.0000,0.0000,1.0000,0.1112,0.2100,0.3614
306,6,20.7198,1.4131,0.4265,0.9863,0.1653,0.0000,-0.1653,0.9863,0.0000,0.0000,0.0000,1.0000,0.1972,0.1336,0.1265
306,7,20.8258,1.4394,0.4491,0.9863,0.1653,0.0000,-0.1653,0.9863,0.0000,0.0000,0.0000,1.0000,0.1624,0.1625,0.0548
306,8,20.8457,1.4865,0.4472,0.9863,0.1653,0.0000,-0.1653,0.9863,0.0000,0.0000,0.0000,1.0000,0.0831,0.2046,0.1050
306,9,20.8646,1.5569,0.4544,0.9863,0.1653,0.0000,-0.1653,0.9863,0.0000,0.0000,0.0000,1.0000,0.0210,0.0279,0.0569
306,10,20.9178,1.5051,0.4546,0.9863,0.1653,0.0000,-0.1653,0.9863,0.0000,0.0000,0.0000,1.0000,0.0210,0.0279,0.0569
307,0,20.5307,1.5081,0.4400,0.9853,0.1707,0.0000,-0.1707,0.9853,0.0000,0.0000,0.0000,1.0000,0.2577,0.2263,0.1400
307,1,20.5382,1.5124,0.6052,0.9853,0.1707,0.0000,-0.1707,0.9853,0.0000,0.0000,0.0000,1.0000,0.1100,0.2168,0.3052
307,2,20.6233,1.4659,0.5173,0.9853,0.1707,0.0000,-0.1707,0.9853,0.0000,0.0000,0.0000,1.0000,0.1101,0.3070,0.2173
307,3,20.6755,1.2956,0.5889,0.9853,0.1707,0.0000,-0.1707,0.9853,0.0000,0.0000,0.0000,1.0000,0.2836,0.2073,0.2889
307,4,20.7998,1.2700,0.5062,0.9853,0.1707,0.0000,-0.1707,0.9853,0.0000,0.0000,0.0000,1.0000,0.2820,0.2947,0.2062
307,5,20.9416,1.4334,0.6614,0.9853,0.1707,0.0000,-0.1707,0.9853,0.0000,0.0000,0.0000,1.0000,0.1112,0.2100,0.3614
307,6,21.0299,1.4685,0.4265,0.9853,0.1707,0.0000,-0.1707,0.9853,0.0000,0.0000,0.0000,1.0000,0.1972,0.1336,0.1265
307,7,21.1358,1.4953,0.4491,0.9853,0.1707,0.0000,-0.1707,0.9853,0.0000,0.0000,0.0000,1.0000,0.1624,0.1625,0.0548
307,8,21.1554,1.5426,0.4472,0.9853,0.1707,0.0000,-0.1707,0.9853,0.0000,0.0000,0.0000,1.0000,0.0831,0.2046,0.1050
307,9,21.1739,1.6131,0.4544,0.9853,0.1707,0.0000,-0.1707,0.9853,0.0000,0.0000,0.0000,1.0000,0.0210,0.0279,0.0569
307,10,21.2274,1.5616,0.4546,0.9853,0.1707,0.0000,-0.1707,0.9853,0.0000,0.0000,0.0000,1.0000,0.0210,0.0279,0.0569
308,0,20.8376,1.5620,0.4400,0.9843,0.1763,0.0000,-0.1763,0.9843,0.0000,0.0000,0.0000,1.0000,0.2577,0.2263,0.1400
308,1,20.8451,1.5662,0.6052,0.9843,0.1763,0.0000,-0.1763,0.9843,0.0000,0.0000,0.0000,1.0000,0.1100,0.2168,0.3052
308,2,20.9304,1.5203,0.5173,0.9843,0.1763,0.0000,-0.1763,0.9843,0.0000,0.0000,0.0000,1.0000,0.1101,0.3070,0.2173
308,3,20.9837,1.3503,0.5889,0.9843,0.1763,0.0000,-0.1763,0.9843,0.0000,0.0000,0.0000,1.0000,0.2836,0.2073,0.2889
308,4,21.1081,1.3253,0.5062,0.9843,0.1763,0.0000,-0.1763,0.9843,0.0000,0.0000,0.0000,1.0000,0.2820,0.2947,0.2062
308,5,21.2490,1.4896,0.6614,0.9843,0.1763,0.0000,-0.1763,0.9843,0.0000,0.0000,0.0000,1.0000,0.1112,0.2100,0.3614
308,6,21.3371,1.5251,0.4265,0.9843,0.1763,0.0000,-0.1763,0.9843,0.0000,0.0000,0.0000,1.0000,0.1972,0.1336,0.1265
308,7,21.4428,1.5526,0.4491,0.9843,0.1763,0.0000,-0.1763,0.9843,0.0000,0.0000,0.0000,1.0000,0.1624,0.1625,0.0548
308,8,21.4621,1.6000,0.4472,0.9843,0.1763,0.0000,-0.1763,0.9843,0.0000,0.0000,0.0000,1.0000,0.0831,0.2046,0.1050
308,9,21.4803,1.6706,0.4544,0.9843,0.1763,0.0000,-0.1763,0.9843,0.0000,0.0000,0.0000,1.0000,0.0210,0.0279,0.0569
308,10,21.5340,1.6194,0.4546,0.9843,0.1763,0.0000,-0.1763,0.9843,0.0000,0.0000,0.0000,1.0000,0.0210,0.0279,0.0569
309,0,21.1416,1.6171,0.4400,0.9832,0.1823,0.0000,-0.1823,0.9832,0.0000,0.0000,0.0000,1.0000,0.2577,0.2263,0.1400
309,1,21.1490,1.6214,0.6052,0.9832,0.1823,0.0000,-0.1823,0.9832,0.0000,0.0000,0.0000,1.0000,0.1100,0.2168,0.3052
309,2,21.2347,1.5760,0.5173,0.9832,0.1823,0.0000,-0.1823,0.9832,0.0000,0.0000,0.0000,1.0000,0.1101,0.3070,0.2173
309,3,21.2889,1.4063,0.5889,0.9832,0.1823,0.0000,-0.1823,0.9832,0.0000,0.0000,0.0000,1.0000,0.2836,0.2073,0.2889
309,4,21.4135,1.3821,0.5062,0.9832,0.1823,0.0000,-0.1823,0.9832,0.0000,0.0000,0.0000,1.0000,0.2820,0.2947,0.2062
309,5,21.5533,1.5472,0.6614,0.9832,0.1823,0.0000,-0.1823,0.9832,0.0000,0.0000,0.0000,1.0000,0.1112,0.2100,0.3614
309,6,21.6412,1.5833,0.4265,0.9832,0.1823,0.0000,-0.1823,0.9832,0.0000,0.0000,0.0000,1.0000,0.1972,0.1336,0.1265
309,7,21.7468,1.6114,0.4491,0.9832,0.1823,0.0000,-0.1823,0.9832,0.0000,0.0000,0.0000,1.0000,0.1624,0.1625,0.0548
309,8,21.7658,1.6589,0.4472,0.9832,0.1823,0.0000,-0.1823,0.9832,0.0000,0.0000,0.0000,1.0000,0.0831,0.2046,0.1050
309,9,21.7835,1.7296,0.4544,0.9832,0.1823,0.0000,-0.1823,0.9832,0.0000,0.0000,0.0000,1.0000,0.0210,0.0279,0.0569
309,10,21.8376,1.6787,0.4546,0.9832,0.1823,0.0000,-0.1823,0.9832,0.0000,0.0000,0.0000,1.0000,0.0210,0.0279,0.0569
310,0,21.4425,1.6736,0.4400,0.9821,0.1886,0.0000,-0.1886,0.9821,0.0000,0.0000,0.0000,1.0000,0.2577,0.2263,0.1400
310,1,21.4499,1.6780,0.6052,0.9821,0.1886,0.0000,-0.1886,0.9821,0.0000,0.0000,0.0000,1.0000,0.1100,0.2168,0.3052
310,2,21.5358,1.6331,0.5173,0.9821,0.1886,0.0000,-0.1886,0.9821,0.0000,0.0000,0.0000,1.0000,0.1101,0.3070,0.2173
310,3,21.5911,1.4638,0.5889,0.9821,0.1886,0.0000,-0.1886,0.9821,0.0000,0.0000,0.0000,1.0000,0.2836,0.2073,0.2889
310,4,21.7159,1.4404,0.5062,0.9821,0.1886,0.0000,-0.1886,0.9821,0.0000,0.0000,0.0000,1.0000,0.2820,0.2947,0.2062
310,5,21.8547,1.6063,0.6614,0.9821,0.1886,0.0000,-0.1886,0.9821,0.0000,0.0000,0.0000,1.0000,0.1112,0.2100,0.3614
310,6,21.9423,1.6430,0.4265,0.9821,0.1886,0.0000,-0.1886,0.9821,0.0000,0.0000,0.0000,1.0000,0.1972,0.1336,0.1265
310,7,22.0477,1.6718,0.4491,0.9821,0.1886,0.0000,-0.1886,0.9821,0.0000,0.0000,0.0000,1.0000,0.1624,0.1625,0.0548
310,8,22.0665,1.7194,0.4472,0.9821,0.1886,0.0000,-0.1886,0.9821,0.0000,0.0000,0.0000,1.0000,0.0831,0.2046,0.1050
310,9,22.0837,1.7902,0.4544,0.9821,0.1886,0.0000,-0.1886,0.9821,0.0000,0.0000,0.0000,1.0000,0.0210,0.0279,0.0569
310,10,22.1381,1.7397,0.4546,0.9821,0.1886,0.0000,-0.1886,0.9821,0.0000,0.0000,0.0000,1.0000,0.0210,0.0279,0.0569
311,0,21.7402,1.7315,0.4400,0.9808,0.1948,0.0000,-0.1948,0.9808,0.0000,0.0000,0.0000,1.0000,0.2577,0.2263,0.1400
311,1,21.7476,1.7359,0.6052,0.9808,0.1948,0.0000,-0.1948,0.9808,0.0000,0.0000,0.0000,1.0000,0.1100,0.2168,0.3052
311,2,21.8338,1.6916,0.5173,0.9808,0.1948,0.0000,-0.1948,0.9808,0.0000,0.0000,0.0000,1.0000,0.1101,0.3070,0.2173
311,3,21.8902,1.5226,0.5889,0.9808,0.1948,0.0000,-0.1948,0.9808,0.0000,0.0000,0.0000,1.0000,0.2836,0.2073,0.2889
311,4,22.0151,1.5000,0.5062,0.9808,0.1948,0.0000,-0.1948,0.9808,0.0000,0.0000,0.0000,1.0000,0.2820,0.2947,0.2062
311,5,22.1528,1.6668,0.6614,0.9808,0.1948,0.0000,-0.1948,0.9808,0.0000,0.0000,0.0000,1.0000,0.1112,0.2100,0.3614
311,6,22.2403,1.7041,0.4265,0.9808,0.1948,0.0000,-0.1948,0.9808,0.0000,0.0000,0.0000,1.0000,0.1972,0.1336,0.1265
311,7,22.3454,1.7335,0.4491,0.9808,0.1948,0.0000,-0.1948,0.9808,0.0000,0.0000,0.0000,1.0000,0.1624,0.1625,0.0548
311,8,22.3639,1.7812,0.4472,0.9808,0.1948,0.0000,-0.1948,0.9808,0.0000,0.0000,0.0000,1.0000,0.0831,0.2046,0.1050
311,9,22.3807,1.8522,0.4544,0.9808,0.1948,0.0000,-0.1948,0.9808,0.0000,0.0000,0.0000,1.0000,0.0210,0.0279,0.0569
311,10,22.4354,1.8020,0.4546,0.9808,0.1948,0.0000,-0.1948,0.9808,0.0000,0.0000,0.0000,1.0000,0.0210,0.0279,0.0569
312,0,22.0346,1.7907,0.4400,0.9795,0.2014,0.0000,-0.2014,0.9795,0.0000,0.0000,0.0000,1.0000,0.2577,0.2263,0.1400
312,1,22.0419,1.7952,0.6052,0.9795,0.2014,0.0000,-0.2014,0.9795,0.0000,0.0000,0.0000,1.0000,0.1100,0.2168,0.3052
312,2,22.1284,1.7514,0.5173,0.9795,0.2014,0.0000,-0.2014,0.9795,0.0000,0.0000,0.0000,1.0000,0.1101,0.3070,0.2173
312,3,22.1860,1.5828,0.5889,0.9795,0.2014,0.0000,-0.2014,0.9795,0.0000,0.0000,0.0000,1.0000,0.2836,0.2073,0.2889
312,4,22.3110,1.5611,0.5062,0.9795,0.2014,0.0000,-0.2014,0.9795,0.0000,0.0000,0.0000,1.0000,0.2820,0.2947,0.2062
312,5,22.4476,1.7288,0.6614,0.9795,0.2014,0.0000,-0.2014,0.9795,0.0000,0.0000,0.0000,1.0000,0.1112,0.2100,0.3614
312,6,22.5348,1.7667,0.4265,0.9795,0.2014,0.0000,-0.2014,0.9795,0.0000,0.0000,0.0000,1.0000,0.1972,0.1336,0.1265
312,7,22.6398,1.7968,0.4491,0.9795,0.2014,0.0000,-0.2014,0.9795,0.0000,0.0000,0.0000,1.0000,0.1624,0.1625,0.0548
312,8,22.6579,1.8447,0.4472,0.9795,0.2014,0.0000,-0.2014,0.9795,0.0000,0.0000,0.0000,1.0000,0.0831,0.2046,0.1050
312,9,22.6742,1.9157,0.4544,0.9795,0.2014,0.0000,-0.2014,0.9795,0.0000,0.0000,0.0000,1.0000,0.0210,0.0279,0.0569
312,10,22.7293,1.8659,0.4546,0.9795,0.2014,0.0000,-0.2014,0.9795,0.0000,0.0000,0.0000,1.0000,0.0210,0.0279,0.0569
313,0,22.3251,1.8512,0.4400,0.9781,0.2081,0.0000,-0.2081,0.9781,0.0000,0.0000,0.0000,1.0000,0.2577,0.2263,0.1400
313,1,22.3324,1.8557,0.6052,0.9781,0.2081,0.0000,-0.2081,0.9781,0.0000,0.0000,0.0000,1.0000,0.1100,0.2168,0.3052
313,2,22.4192,1.8125,0.5173,0.9781,0.2081,0.0000,-0.2081,0.9781,0.0000,0.0000,0.0000,1.0000,0.1101,0.3070,0.2173
313,3,22.4779,1.6444,0.5889,0.9781,0.2081,0.0000,-0.2081,0.9781,0.0000,0.0000,0.0000,1.0000,0.2836,0.2073,0.2889
313,4,22.6031,1.6234,0.5062,0.9781,0.2081,0.0000,-0.2081,0.9781,0.0000,0.0000,0.0000,1.0000,0.2820,0.2947,0.2062
313,5,22.7385,1.7921,0.6614,0.9781,0.2081,0.0000,-0.2081,0.9781,0.0000,0.0000,0.0000,1.0000,0.1112,0.2100,0.3614
313,6,22.8255,1.8305,0.4265,0.9781,0.2081,0.0000,-0.2081,0.9781,0.0000,0.0000,0.0000,1.0000,0.1972,0.1336,0.1265
313,7,22.9302,1.8614,0.4491,0.9781,0.2081,0.0000,-0.2081,0.9781,0.0000,0.0000,0.0000,1.0000,0.1624,0.1625,0.0548
313,8,22.9480,1.9094,0.4472,0.9781,0.2081,0.0000,-0.2081,0.9781,0.0000,0.0000,0.0000,1.0000,0.0831,0.2046,0.1050
313,9,22.9639,1.9805,0.4544,0.9781,0.2081,0.0000,-0.2081,0.9781,0.0000,0.0000,0.0000,1.0000,0.0210,0.0279,0.0569
313,10,23.0193,1.9311,0.4546,0.9781,0.2081,0.0000,-0.2081,0.9781,0.0000,0.0000,0.0000,1.0000,0.0210,0.0279,0.0569
314,0,22.6116,1.9129,0.4400,0.9766,0.2150,0.0000,-0.2150,0.9766,0.0000,0.0000,0.0000,1.0000,0.2577,0.2263,0.1400
314,1,22.6189,1.9175,0.6052,0.9766,0.2150,0.0000,-0.2150,0.9766,0.0000,0.0000,0.0000,1.0000,0.1100,0.2168,0.3052
314,2,22.7060,1.8749,0.5173,0.9766,0.2150,0.0000,-0.2150,0.9766,0.0000,0.0000,0.0000,1.0000,0.1101,0.3070,0.2173
314,3,22.7659,1.7072,0.5889,0.9766,0.2150,0.0000,-0.2150,0.9766,0.0000,0.0000,0.0000,1.0000,0.2836,0.2073,0.2889
314,4,22.8912,1.6871,0.5062,0.9766,0.2150,0.0000,-0.2150,0.9766,0.0000,0.0000,0.0000,1.0000,0.2820,0.2947,0.2062
314,5,23.0255,1.8568,0.6614,0.9766,0.2150,0.0000,-0.2150,0.9766,0.0000,0.0000,0.0000,1.0000,0.1112,0.2100,0.3614
314,6,23.1121,1.8958,0.4265,0.9766,0.2150,0.0000,-0.2150,0.9766,0.0000,0.0000,0.0000,1.0000,0.1972,0.1336,0.1265
314,7,23.2167,1.9274,0.4491,0.9766,0.2150,0.0000,-0.2150,0.9766,0.0000,0.0000,0.0000,1.0000,0.1624,0.1625,0.0548
314,8,23.2341,1.9755,0.4472,0.9766,0.2150,0.0000,-0.2150,0.9766,0.0000,0.0000,0.0000,1.0000,0.0831,0.2046,0.1050
314,9,23.2495,2.0468,0.4544,0.9766,0.2150,0.0000,-0.2150,0.9766,0.0000,0.0000,0.0000,1.0000,0.0210,0.0279,0.0569
314,10,23.3052,1.9977,0.4546,0.9766,0.2150,0.0000,-0.2150,0.9766,0.0000,0.0000,0.0000,1.0000,0.0210,0.0279,0.0569
315,0,22.8945,1.9759,0.4400,0.9751,0.2217,0.0000,-0.2217,0.9751,0.0000,0.0000,0.0000,1.0000,0.2577,0.2263,0.1400
315,1,22.9017,1.9805,0.6052,0.9751,0.2217,0.0000,-0.2217,0.9751,0.0000,0.0000,0.0000,1.0000,0.1100,0.2168,0.3052
315,2,22.9891,1.9386,0.5173,0.9751,0.2217,0.0000,-0.2217,0.9751,0.0000,0.0000,0.0000,1.0000,0.1101,0.3070,0.2173
315,3,23.0501,1.7712,0.5889,0.9751,0.2217,0.0000,-0.2217,0.9751,0.0000,0.0000,0.0000,1.0000,0.2836,0.2073,0.2889
315,4,23.1756,1.7521,0.5062,0.9751,0.2217,0.0000,-0.2217,0.9751,0.0000,0.0000,0.0000,1.0000,0.2820,0.2947,0.2062
315,5,23.3087,1.9226,0.6614,0.9751,0.2217,0.0000,-0.2217,0.9751,0.0000,0.0000,0.0000,1.0000,0.1112,0.2100,0.3614
315,6,23.3951,1.9622,0.4265,0.9751,0.2217,0.0000,-0.2217,0.9751,0.0000,0.0000,0.0000,1.0000,0.1972,0.1336,0.1265
315,7,23.4994,1.9946,0.4491,0.9751,0.2217,0.0000,-0.2217,0.9751,0.0000,0.0000,0.0000,1.0000,0.1624,0.1625,0.0548
315,8,23.5165,2.0428,0.4472,0.9751,0.2217,0.0000,-0.2217,0.9751,0.0000,0.0000,0.0000,1.0000,0.0831,0.2046,0.1050
315,9,23.5314,2.1141,0.4544,0.9751,0.2217,0.0000,-0.2217,0.9751,0.0000,0.0000,0.0000,1.0000,0.0210,0.0279,0.0569
315,10,23.5875,2.0655,0.4546,0.9751,0.2217,0.0000,-0.2217,0.9751,0.0000,0.0000,0.0000,1.0000,0.0210,0.0279,0.0569
316,0,23.1740,2.0401,0.4400,0.9736,0.2281,0.0000,-0.2281,0.9736,0.0000,0.0000,0.0000,1.0000,0.2577,0.2263,0.1400
316,1,23.1812,2.0448,0.6052,0.9736,0.2281,0.0000,-0.2281,0.9736,0.0000,0.0000,0.0000,1.0000,0.1100,0.2168,0.3052
316,2,23.2689,2.0034,0.5173,0.9736,0.2281,0.0000,-0.2281,0.9736,0.0000,0.0000,0.0000,1.0000,0.1101,0.3070,0.2173
316,3,23.3310,1.8365,0.5889,0.9736,0.2281,0.0000,-0.2281,0.9736,0.0000,0.0000,0.0000,1.0000,0.2836,0.2073,0.2889
316,4,23.4566,1.8181,0.5062,0.9736,0.2281,0.0000,-0.2281,0.9736,0.0000,0.0000,0.0000,1.0000,0.2820,0.2947,0.2062
316,5,23.5886,1.9895,0.6614,0.9736,0.2281,0.0000,-0.2281,0.9736,0.0000,0.0000,0.0000,1.0000,0.1112,0.2100,0.3614
316,6,23.6747,2.0297,0.4265,0.9736,0.2281,0.0000,-0.2281,0.9736,0.0000,0.0000,0.0000,1.0000,0.1972,0.1336,0.1265
316,7,23.7788,2.0628,0.4491,0.9736,0.2281,0.0000,-0.2281,0.9736,0.0000,0.0000,0.0000,1.0000,0.1624,0.1625,0.0548
316,8,23.7956,2.1111,0.4472,0.9736,0.2281,0.0000,-0.2281,0.9736,0.0000,0.0000,0.0000,1.0000,0.0831,0.2046,0.1050
316,9,23.8100,2.1825,0.4544,0.9736,0.2281,0.0000,-0.2281,0.9736,0.0000,0.0000,0.0000,1.0000,0.0210,0.0279,0.0569
316,10,23.8664,2.1342,0.4546,0.9736,0.2281,0.0000,-0.2281,0.9736,0.0000,0.0000,0.0000,1.0000,0.0210,0.0279,0.0569
317,0,23.4505,2.1056,0.4400,0.9721,0.2346,0.0000,-0.2346,0.9721,0.0000,0.0000,0.0000,1.0000,0.2577,0.2263,0.1400
317,1,23.4577,2.1103,0.6052,0.9721,0.2346,0.0000,-0.2346,0.9721,0.0000,0.0000,0.0000,1.0000,0.1100,0.2168,0.3052
317,2,23.5457,2.0695,0.5173,0.9721,0.2346,0.0000,-0.2346,0.9721,0.0000,0.0000,0.0000,1.0000,0.1101,0.3070,0.2173
317,3,23.6089,1.9030,0.5889,0.9721,0.2346,0.0000,-0.2346,0.9721,0.0000,0.0000,0.0000,1.0000,0.2836,0.2073,0.2889
317,4,23.7346,1.8855,0.5062,0.9721,0.2346,0.0000,-0.2346,0.9721,0.0000,0.0000,0.0000,1.0000,0.2820,0.2947,0.2062
317,5,23.8654,2.0578,0.6614,0.9721,0.2346,0.0000,-0.2346,0.9721,0.0000,0.0000,0.0000,1.0000,0.1112,0.2100,0.3614
317,6,23.9513,2.0986,0.4265,0.9721,0.2346,0.0000,-0.2346,0.9721,0.0000,0.0000,0.0000,1.0000,0.1972,0.1336,0.1265
317,7,24.0552,2.1323,0.4491,0.9721,0.2346,0.0000,-0.2346,0.9721,0.0000,0.0000,0.0000,1.0000,0.1624,0.1625,0.0548
317,8,24.0717,2.1807,0.4472,0.9721,0.2346,0.0000,-0.2346,0.9721,0.0000,0.0000,0.0000,1.0000,0.0831,0.2046,0.1050
317,9,24.0856,2.2522,0.4544,0.9721,0.2346,0.0000,-0.2346,0.9721,0.0000,0.0000,0.0000,1.0000,0.0210,0.0279,0.0569
317,10,24.1423,2.2043,0.4546,0.9721,0.2346,0.0000,-0.2346,0.9721,0.0000,0.0000,0.0000,1.0000,0.0210,0.0279,0.0569
318,0,23.7242,2.1723,0.4400,0.9706,0.2409,0.0000,-0.2409,0.9706,0.0000,0.0000,0.0000,1.0000,0.2577,0.2263,0.1400
318,1,23.7313,2.1771,0.6052,0.9706,0.2409,0.0000,-0.2409,0.9706,0.0000,0.0000,0.0000,1.0000,0.1100,0.2168,0.3052
318,2,23.8195,2.1368,0.5173,0.9706,0.2409,0.0000,-0.2409,0.9706,0.0000,0.0000,0.0000,1.0000,0.1101,0.3070,0.2173
318,3,23.8838,1.9707,0.5889,0.9706,0.2409,0.0000,-0.2409,0.9706,0.0000,0.0000,0.0000,1.0000,0.2836,0.2073,0.2889
318,4,24.0096,1.9540,0.5062,0.9706,0.2409,0.0000,-0.2409,0.9706,0.0000,0.0000,0.0000,1.0000,0.2820,0.2947,0.2062
318,5,24.1394,2.1272,0.6614,0.9706,0.2409,0.0000,-0.2409,0.9706,0.0000,0.0000,0.0000,1.0000,0.1112,0.2100,0.3614
318,6,24.2249,2.1685,0.4265,0.9706,0.2409,0.0000,-0.2409,0.9706,0.0000,0.0000,0.0000,1.0000,0.1972,0.1336,0.1265
318,7,24.3286,2.2029,0.4491,0.9706,0.2409,0.0000,-0.2409,0.9706,0.0000,0.0000,0.0000,1.0000,0.1624,0.1625,0.0548
318,8,24.3448,2.2514,0.4472,0.9706,0.2409,0.0000,-0.2409,0.9706,0.0000,0.0000,0.0000,1.0000,0.0831,0.2046,0.1050
318,9,24.3582,2.3231,0.4544,0.9706,0.2409,0.0000,-0.2409,0.9706,0.0000,0.0000,0.0000,1.0000,0.0210,0.0279,0.0569
318,10,24.4153,2.2755,0.4546,0.9706,0.2409,0.0000,-0.2409,0.9706,0.0000,0.0000,0.0000,1.0000,0.0210,0.0279,0.0569
319,0,23.9949,2.2401,0.4400,0.9690,0.2472,0.0000,-0.2472,0.9690,0.0000,0.0000,0.0000,1.0000,0.2577,0.2263,0.1400
319,1,24.0020,2.2450,0.6052,0.9690,0.2472,0.0000,-0.2472,0.9690,0.0000,0.0000,0.0000,1.0000,0.1100,0.2168,0.3052
319,2,24.0905,2.2053,0.5173,0.9690,0.2472,0.0000,-0.2472,0.9690,0.0000,0.0000,0.0000,1.0000,0.1101,0.3070,0.2173
319,3,24.1559,2.0396,0.5889,0.9690,0.2472,0.0000,-0.2472,0.9690,0.0000,0.0000,0.0000,1.0000,0.2836,0.2073,0.2889
319,4,24.2818,2.0237,0.5062,0.9690,0.2472,0.0000,-0.2472,0.9690,0.0000,0.0000,0.0000,1.0000,0.2820,0.2947,0.2062
319,5,24.4104,2.1977,0.6614,0.9690,0.2472,0.0000,-0.2472,0.9690,0.0000,0.0000,0.0000,1.0000,0.1112,0.2100,0.3614
319,6,24.4957,2.2396,0.4265,0.9690,0.2472,0.0000,-0.2472,0.9690,0.0000,0.0000,0.0000,1.0000,0.1972,0.1336,0.1265
319,7,24.5991,2.2747,0.4491,0.9690,0.2472,0.0000,-0.2472,0.9690,0.0000,0.0000,0.0000,1.0000,0.1624,0.1625,0.0548
319,8,24.6150,2.3233,0.4472,0.9690,0.2472,0.0000,-0.2472,0.9690,0.0000,0.0000,0.0000,1.0000,0.0831,0.2046,0.1050
319,9,24.6280,2.3950,0.4544,0.9690,0.2472,0.0000,-0.2472,0.9690,0.0000,0.0000,0.0000,1.0000,0.0210,0.0279,0.0569
319,10,24.6853,2.3479,0.4546,0.9690,0.2472,0.0000,-0.2472,0.9690,0.0000,0.0000,0.0000,1.0000,0.0210,0.0279,0.0569
320,0,0.3859,-0.0077,0.4400,1.0000,0.0012,0.0000,-0.0012,1.0000,0.0000,0.0000,0.0000,1.0000,0.2577,0.2263,0.1400
320,1,0.3940,-0.0048,0.6052,1.0000,0.0012,0.0000,-0.0012,1.0000,0.0000,0.0000,0.0000,1.0000,0.1100,0.2168,0.3052
320,2,0.4700,-0.0650,0.5173,1.0000,0.0012,0.0000,-0.0012,1.0000,0.0000,0.0000,0.0000,1.0000,0.1101,0.3070,0.2173
320,3,0.4926,-0.2417,0.5889,1.0000,0.0012,0.0000,-0.0012,1.0000,0.0000,0.0000,0.0000,1.0000,0.2836,0.2073,0.2889
320,4,0.6108,-0.2880,0.5062,1.0000,0.0012,0.0000,-0.0012,1.0000,0.0000,0.0000,0.0000,1.0000,0.2820,0.2947,0.2062
320,5,0.7782,-0.1510,0.6614,1.0000,0.0012,0.0000,-0.0012,1.0000,0.0000,0.0000,0.0000,1.0000,0.1112,0.2100,0.3614
320,6,0.8712,-0.1314,0.4265,1.0000,0.0012,0.0000,-0.0012,1.0000,0.0000,0.0000,0.0000,1.0000,0.1972,0.1336,0.1265
320,7,0.9801,-0.1228,0.4491,1.0000,0.0012,0.0000,-0.0012,1.0000,0.0000,0.0000,0.0000,1.0000,0.1624,0.1625,0.0548
320,8,1.0074,-0.0796,0.4472,1.0000,0.0012,0.0000,-0.0012,1.0000,0.0000,0.0000,0.0000,1.0000,0.0831,0.2046,0.1050
320,9,1.0376,-0.0133,0.4544,1.0000,0.0012,0.0000,-0.0012,1.0000,0.0000,0.0000,0.0000,1.0000,0.0210,0.0279,0.0569
320,10,1.0816,-0.0731,0.4546,1.0000,0.0012,0.0000,-0.0012,1.0000,0.0000,0.0000,0.0000,1.0000,0.0210,0.0279,0.0569
321,0,0.8146,-0.0069,0.4400,1.0000,0.0027,0.0000,-0.0027,1.0000,0.0000,0.0000,0.0000,1.0000,0.2577,0.2263,0.1400
321,1,0.8227,-0.0040,0.6052,1.0000,0.0027,0.0000,-0.0027,1.0000,0.0000,0.0000,0.0000,1.0000,0.1100,0.2168,0.3052
321,2,0.8987,-0.0641,0.5173,1.0000,0.0027,0.0000,-0.0027,1.0000,0.0000,0.0000,0.0000,1.0000,0.1101,0.3070,0.2173
321,3,0.9216,-0.2407,0.5889,1.0000,0.0027,0.0000,-0.0027,1.0000,0.0000,0.0000,0.0000,1.0000,0.2836,0.2073,0.2889
321,4,1.0398,-0.2869,0.5062,1.0000,0.0027,0.0000,-0.0027,1.0000,0.0000,0.0000,0.0000,1.0000,0.2820,0.2947,0.2062
321,5,1.2071,-0.1496,0.6614,1.0000,0.0027,0.0000,-0.0027,1.0000,0.0000,0.0000,0.0000,1.0000,0.1112,0.2100,0.3614
321,6,1.3000,-0.1299,0.4265,1.0000,0.0027,0.0000,-0.0027,1.0000,0.0000,0.0000,0.0000,1.0000,0.1972,0.1336,0.1265
321,7,1.4089,-0.1212,0.4491,1.0000,0.0027,0.0000,-0.0027,1.0000,0.0000,0.0000,0.0000,1.0000,0.1624,0.1625,0.0548
321,8,1.4362,-0.0779,0.4472,1.0000,0.0027,0.0000,-0.0027,1.0000,0.0000,0.0000,0.0000,1.0000,0.0831,0.2046,0.1050
321,9,1.4663,-0.0115,0.4544,1.0000,0.0027,0.0000,-0.0027,1.0000,0.0000,0.0000,0.0000,1.0000,0.0210,0.0279,0.0569
321,10,1.5104,-0.0713,0.4546,1.0000,0.0027,0.0000,-0.0027,1.0000,0.0000,0.0000,0.0000,1.0000,0.0210,0.0279,0.0569
322,0,1.2435,-0.0055,0.4400,1.0000,0.0042,0.0000,-0.0042,1.0000,0.0000,0.0000,0.0000,1.0000,0.2577,0.2263,0.1400
322,1,1.2516,-0.0025,0.6052,1.0000,0.0042,0.0000,-0.0042,1.0000,0.0000,0.0000,0.0000,1.0000,0.1100,0.2168,0.3052
322,2,1.3277,-0.0625,0.5173,1.0000,0.0042,0.0000,-0.0042,1.0000,0.0000,0.0000,0.0000,1.0000,0.1101,0.3070,0.2173
322,3,1.3509,-0.2391,0.5889,1.0000,0.0042,0.0000,-0.0042,1.0000,0.0000,0.0000,0.0000,1.0000,0.2836,0.2073,0.2889
322,4,1.4691,-0.2851,0.5062,1.0000,0.0042,0.0000,-0.0042,1.0000,0.0000,0.0000,0.0000,1.0000,0.2820,0.2947,0.2062
322,5,1.6362,-0.1476,0.6614,1.0000,0.0042,0.0000,-0.0042,1.0000,0.0000,0.0000,0.0000,1.0000,0.1112,0.2100,0.3614
322,6,1.7291,-0.1277,0.4265,1.0000,0.0042,0.0000,-0.0042,1.0000,0.0000,0.0000,0.0000,1.0000,0.1972,0.1336,0.1265
322,7,1.8380,-0.1189,0.4491,1.0000,0.0042,0.0000,-0.0042,1.0000,0.0000,0.0000,0.0000,1.0000,0.1624,0.1625,0.0548
322,8,1.8652,-0.0756,0.4472,1.0000,0.0042,0.0000,-0.0042,1.0000,0.0000,0.0000,0.0000,1.0000,0.0831,0.2046,0.1050
322,9,1.8952,-0.0091,0.4544,1.0000,0.0042,0.0000,-0.0042,1.0000,0.0000,0.0000,0.0000,1.0000,0.0210,0.0279,0.0569
322,10,1.9393,-0.0689,0.4546,1.0000,0.0042,0.0000,-0.0042,1.0000,0.0000,0.0000,0.0000,1.0000,0.0210,0.0279,0.0569
323,0,1.6716,-0.0034,0.4400,1.0000,0.0059,0.0000,-0.0059,1.0000,0.0000,0.0000,0.0000,1.0000,0.2577,0.2263,0.1400
323,1,1.6796,-0.0004,0.6052,1.0000,0.0059,0.0000,-0.0059,1.0000,0.0000,0.0000,0.0000,1.0000,0.1100,0.2168,0.3052
323,2,1.7559,-0.0603,0.5173,1.0000,0.0059,0.0000,-0.0059,1.0000,0.0000,0.0000,0.0000,1.0000,0.1101,0.3070,0.2173
323,3,1.7793,-0.2369,0.5889,1.0000,0.0059,0.0000,-0.0059,1.0000,0.0000,0.0000,0.0000,1.0000,0.2836,0.2073,0.2889
323,4,1.8977,-0.2827,0.5062,1.0000,0.0059,0.0000,-0.0059,1.0000,0.0000,0.0000,0.0000,1.0000,0.2820,0.2947,0.2062
323,5,2.0645,-0.1449,0.6614,1.0000,0.0059,0.0000,-0.0059,1.0000,0.0000,0.0000,0.0000,1.0000,0.1112,0.2100,0.3614
323,6,2.1574,-0.1248,0.4265,1.0000,0.0059,0.0000,-0.0059,1.0000,0.0000,0.0000,0.0000,1.0000,0.1972,0.1336,0.1265
323,7,2.2662,-0.1158,0.4491,1.0000,0.0059,0.0000,-0.0059,1.0000,0.0000,0.0000,0.0000,1.0000,0.1624,0.1625,0.0548
323,8,2.2934,-0.0725,0.4472,1.0000,0.0059,0.0000,-0.0059,1.0000,0.0000,0.0000,0.0000,1.0000,0.0831,0.2046,0.1050
323,9,2.3233,-0.0060,0.4544,1.0000,0.0059,0.0000,-0.0059,1.0000,0.0000,0.0000,0.0000,1.0000,0.0210,0.0279,0.0569
323,10,2.3675,-0.0656,0.4546,1.0000,0.0059,0.0000,-0.0059,1.0000,0.0000,0.0000,0.0000,1.0000,0.0210,0.0279,0.0569
324,0,2.0984,-0.0006,0.4400,1.0000,0.0075,0.0000,-0.0075,1.0000,0.0000,0.0000,0.0000,1.0000,0.2577,0.2263,0.1400
324,1,2.1065,0.0024,0.6052,1.0000,0.0075,0.0000,-0.0075,1.0000,0.0000,0.0000,0.0000,1.0000,0.1100,0.2168,0.3052
324,2,2.1828,-0.0574,0.5173,1.0000,0.0075,0.0000,-0.0075,1.0000,0.0000,0.0000,0.0000,1.0000,0.1101,0.3070,0.2173
324,3,2.2066,-0.2339,0.5889,1.0000,0.0075,0.0000,-0.0075,1.0000,0.0000,0.0000,0.0000,1.0000,0.2836,0.2073,0.2889
324,4,2.3250,-0.2795,0.5062,1.0000,0.0075,0.0000,-0.0075,1.0000,0.0000,0.0000,0.0000,1.0000,0.2820,0.2947,0.2062
324,5,2.4916,-0.1414,0.6614,1.0000,0.0075,0.0000,-0.0075,1.0000,0.0000,0.0000,0.0000,1.0000,0.1112,0.2100,0.3614
324,6,2.5844,-0.1212,0.4265,1.0000,0.0075,0.0000,-0.0075,1.0000,0.0000,0.0000,0.0000,1.0000,0.1972,0.1336,0.1265
324,7,2.6933,-0.1120,0.4491,1.0000,0.0075,0.0000,-0.0075,1.0000,0.0000,0.0000,0.0000,1.0000,0.1624,0.1625,0.0548
324,8,2.7203,-0.0686,0.4472,1.0000,0.0075,0.0000,-0.0075,1.0000,0.0000,0.0000,0.0000,1.0000,0.0831,0.2046,0.1050
324,9,2.7501,-0.0021,0.4544,1.0000,0.0075,0.0000,-0.0075,1.0000,0.0000,0.0000,0.0000,1.0000,0.0210,0.0279,0.0569
324,10,2.7945,-0.0617,0.4546,1.0000,0.0075,0.0000,-0.0075,1.0000,0.0000,0.0000,0.0000,1.0000,0.0210,0.0279,0.0569
325,0,2.5240,0.0029,0.4400,1.0000,0.0094,0.0000,-0.0094,1.0000,0.0000,0.0000,0.0000,1.0000,0.2577,0.2263,0.1400
325,1,2.5321,0.0059,0.6052,1.0000,0.0094,0.0000,-0.0094,1.0000,0.0000,0.0000,0.0000,1.0000,0.1100,0.2168,0.3052
325,2,2.6085,-0.0537,0.5173,1.0000,0.0094,0.0000,-0.0094,1.0000,0.0000,0.0000,0.0000,1.0000,0.1101,0.3070,0.2173
325,3,2.6326,-0.2302,0.5889,1.0000,0.0094,0.0000,-0.0094,1.0000,0.0000,0.0000,0.0000,1.0000,0.2836,0.2073,0.2889
325,4,2.7511,-0.2756,0.5062,1.0000,0.0094,0.0000,-0.0094,1.0000,0.0000,0.0000,0.0000,1.0000,0.2820,0.2947,0.2062
325,5,2.9174,-0.1372,0.6614,1.0000,0.0094,0.0000,-0.0094,1.0000,0.0000,0.0000,0.0000,1.0000,0.1112,0.2100,0.3614
325,6,3.0102,-0.1168,0.4265,1.0000,0.0094,0.0000,-0.0094,1.0000,0.0000,0.0000,0.0000,1.0000,0.1972,0.1336,0.1265
325,7,3.1191,-0.1074,0.4491,1.0000,0.0094,0.0000,-0.0094,1.0000,0.0000,0.0000,0.0000,1.0000,0.1624,0.1625,0.0548
325,8,3.1460,-0.0640,0.4472,1.0000,0.0094,0.0000,-0.0094,1.0000,0.0000,0.0000,0.0000,1.0000,0.0831,0.2046,0.1050
325,9,3.1757,0.0026,0.4544,1.0000,0.0094,0.0000,-0.0094,1.0000,0.0000,0.0000,0.0000,1.0000,0.0210,0.0279,0.0569
325,10,3.2202,-0.0569,0.4546,1.0000,0.0094,0.0000,-0.0094,1.0000,0.0000,0.0000,0.0000,1.0000,0.0210,0.0279,0.0569
326,0,2.9484,0.0072,0.4400,0.9999,0.0112,0.0000,-0.0112,0.9999,0.0000,0.0000,0.0000,1.0000,0.2577,0.2263,0.1400
326,1,2.9565,0.0102,0.6052,0.9999,0.0112,0.0000,-0.0112,0.9999,0.0000,0.0000,0.0000,1.0000,0.1100,0.2168,0.3052
326,2,3.0331,-0.0492,0.5173,0.9999,0.0112,0.0000,-0.0112,0.9999,0.0000,0.0000,0.0000,1.0000,0.1101,0.3070,0.2173
326,3,3.0575,-0.2257,0.5889,0.9999,0.0112,0.0000,-0.0112,0.9999,0.0000,0.0000,0.0000,1.0000,0.2836,0.2073,0.2889
326,4,3.1761,-0.2708,0.5062,0.9999,0.0112,0.0000,-0.0112,0.9999,0.0000,0.0000,0.0000,1.0000,0.2820,0.2947,0.2062
326,5,3.3421,-0.1322,0.6614,0.9999,0.0112,0.0000,-0.0112,0.9999,0.0000,0.0000,0.0000,1.0000,0.1112,0.2100,0.3614
326,6,3.4349,-0.1116,0.4265,0.9999,0.0112,0.0000,-0.0112,0.9999,0.0000,0.0000,0.0000,1.0000,0.1972,0.1336,0.1265
326,7,3.5437,-0.1020,0.4491,0.9999,0.0112,0.0000,-0.0112,0.9999,0.0000,0.0000,0.0000,1.0000,0.1624,0.1625,0.0548
326,8,3.5706,-0.0585,0.4472,0.9999,0.0112,0.0000,-0.0112,0.9999,0.0000,0.0000,0.0000,1.0000,0.0831,0.2046,0.1050
326,9,3.6002,0.0081,0.4544,0.9999,0.0112,0.0000,-0.0112,0.9999,0.0000,0.0000,0.0000,1.0000,0.0210,0.0279,0.0569
326,10,3.6447,-0.0513,0.4546,0.9999,0.0112,0.0000,-0.0112,0.9999,0.0000,0.0000,0.0000,1.0000,0.0210,0.0279,0.0569
327,0,3.3719,0.0123,0.4400,0.9999,0.0131,0.0000,-0.0131,0.9999,0.0000,0.0000,0.0000,1.0000,0.2577,0.2263,0.1400
327,1,3.3799,0.0153,0.6052,0.9999,0.0131,0.0000,-0.0131,0.9999,0.0000,0.0000,0.0000,1.0000,0.1100,0.2168,0.3052
327,2,3.4566,-0.0440,0.5173,0.9999,0.0131,0.0000,-0.0131,0.9999,0.0000,0.0000,0.0000,1.0000,0.1101,0.3070,0.2173
327,3,3.4813,-0.2204,0.5889,0.9999,0.0131,0.0000,-0.0131,0.9999,0.0000,0.0000,0.0000,1.0000,0.2836,0.2073,0.2889
327,4,3.6000,-0.2653,0.5062,0.9999,0.0131,0.0000,-0.0131,0.9999,0.0000,0.0000,0.0000,1.0000,0.2820,0.2947,0.2062
327,5,3.7658,-0.1263,0.6614,0.9999,0.0131,0.0000,-0.0131,0.9999,0.0000,0.0000,0.0000,1.0000,0.1112,0.2100,0.3614
327,6,3.8586,-0.1056,0.4265,0.9999,0.0131,0.0000,-0.0131,0.9999,0.0000,0.0000,0.0000,1.0000,0.1972,0.1336,0.1265
327,7,3.9673,-0.0958,0.4491,0.9999,0.0131,0.0000,-0.0131,0.9999,0.0000,0.0000,0.0000,1.0000,0.1624,0.1625,0.0548
327,8,3.9942,-0.0522,0.4472,0.9999,0.0131,0.0000,-0.0131,0.9999,0.0000,0.0000,0.0000,1.0000,0.0831,0.2046,0.1050
327,9,4.0236,0.0144,0.4544,0.9999,0.0131,0.0000,-0.0131,0.9999,0.0000,0.0000,0.0000,1.0000,0.0210,0.0279,0.0569
327,10,4.0683,-0.0449,0.4546,0.9999,0.0131,0.0000,-0.0131,0.9999,0.0000,0.0000,0.0000,1.0000,0.0210,0.0279,0.0569
328,0,3.7943,0.0182,0.4400,0.9999,0.0151,0.0000,-0.0151,0.9999,0.0000,0.0000,0.0000,1.0000,0.2577,0.2263,0.1400
328,1,3.8024,0.0212,0.6052,0.9999,0.0151,0.0000,-0.0151,0.9999,0.0000,0.0000,0.0000,1.0000,0.1100,0.2168,0.3052
328,2,3.8792,-0.0380,0.5173,0.9999,0.0151,0.0000,-0.0151,0.9999,0.0000,0.0000,0.0000,1.0000,0.1101,0.3070,0.2173
328,3,3.9042,-0.2143,0.5889,0.9999,0.0151,0.0000,-0.0151,0.9999,0.0000,0.0000,0.0000,1.0000,0.2836,0.2073,0.2889
328,4,4.0230,-0.2590,0.5062,0.9999,0.0151,0.0000,-0.0151,0.9999,0.0000,0.0000,0.0000,1.0000,0.2820,0.2947,0.2062
328,5,4.1885,-0.1197,0.6614,0.9999,0.0151,0.0000,-0.0151,0.9999,0.0000,0.0000,0.0000,1.0000,0.1112,0.2100,0.3614
328,6,4.2812,-0.0988,0.4265,0.9999,0.0151,0.0000,-0.0151,0.9999,0.0000,0.0000,0.0000,1.0000,0.1972,0.1336,0.1265
328,7,4.3900,-0.0888,0.4491,0.9999,0.0151,0.0000,-0.0151,0.9999,0.0000,0.0000,0.0000,1.0000,0.1624,0.1625,0.0548
328,8,4.4167,-0.0452,0.4472,0.9999,0.0151,0.0000,-0.0151,0.9999,0.0000,0.0000,0.0000,1.0000,0.0831,0.2046,0.1050
328,9,4.4460,0.0216,0.4544,0.9999,0.0151,0.0000,-0.0151,0.9999,0.0000,0.0000,0.0000,1.0000,0.0210,0.0279,0.0569
328,10,4.4908,-0.0377,0.4546,0.9999,0.0151,0.0000,-0.0151,0.9999,0.0000,0.0000,0.0000,1.0000,0.0210,0.0279,0.0569
329,0,4.2157,0.0248,0.4400,0.9999,0.0170,0.0000,-0.0170,0.9999,0.0000,0.0000,0.0000,1.0000,0.2577,0.2263,0.1400
329,1,4.2238,0.0279,0.6052,0.9999,0.0170,0.0000,-0.0170,0.9999,0.0000,0.0000,0.0000,1.0000,0.1100,0.2168,0.3052
329,2,4.3007,-0.0311,0.5173,0.9999,0.0170,0.0000,-0.0170,0.9999,0.0000,0.0000,0.0000,1.0000,0.1101,0.3070,0.2173
329,3,4.3261,-0.2074,0.5889,0.9999,0.0170,0.0000,-0.0170,0.9999,0.0000,0.0000,0.0000,1.0000,0.2836,0.2073,0.2889
329,4,4.4450,-0.2519,0.5062,0.9999,0.0170,0.0000,-0.0170,0.9999,0.0000,0.0000,0.0000,1.0000,0.2820,0.2947,0.2062
329,5,4.6102,-0.1123,0.6614,0.9999,0.0170,0.0000,-0.0170,0.9999,0.0000,0.0000,0.0000,1.0000,0.1112,0.2100,0.3614
329,6,4.7029,-0.0912,0.4265,0.9999,0.0170,0.0000,-0.0170,0.9999,0.0000,0.0000,0.0000,1.0000,0.1972,0.1336,0.1265
329,7,4.8116,-0.0810,0.4491,0.9999,0.0170,0.0000,-0.0170,0.9999,0.0000,0.0000,0.0000,1.0000,0.1624,0.1625,0.0548
329,8,4.8383,-0.0373,0.4472,0.9999,0.0170,0.0000,-0.0170,0.9999,0.0000,0.0000,0.0000,1.0000,0.0831,0.2046,0.1050
329,9,4.8675,0.0295,0.4544,0.9999,0.0170,0.0000,-0.0170,0.9999,0.0000,0.0000,0.0000,1.0000,0.0210,0.0279,0.0569
329,10,4.9124,-0.0297,0.4546,0.9999,0.0170,0.0000,-0.0170,0.9999,0.0000,0.0000,0.0000,1.0000,0.0210,0.0279,0.0569
330,0,4.6360,0.0323,0.4400,0.9998,0.0189,0.0000,-0.0189,0.9998,0.0000,0.0000,0.0000,1.0000,0.2577,0.2263,0.1400
330,1,4.6441,0.0353,0.6052,0.9998,0.0189,0.0000,-0.0189,0.9998,0.0000,0.0000,0.0000,1.0000,0.1100,0.2168,0.3052
330,2,4.7211,-0.0235,0.5173,0.9998,0.0189,0.0000,-0.0189,0.9998,0.0000,0.0000,0.0000,1.0000,0.1101,0.3070,0.2173
330,3,4.7468,-0.1998,0.5889,0.9998,0.0189,0.0000,-0.0189,0.9998,0.0000,0.0000,0.0000,1.0000,0.2836,0.2073,0.2889
330,4,4.8658,-0.2440,0.5062,0.9998,0.0189,0.0000,-0.0189,0.9998,0.0000,0.0000,0.0000,1.0000,0.2820,0.2947,0.2062
330,5,5.0308,-0.1041,0.6614,0.9998,0.0189,0.0000,-0.0189,0.9998,0.0000,0.0000,0.0000,1.0000,0.1112,0.2100,0.3614
330,6,5.1234,-0.0828,0.4265,0.9998,0.0189,0.0000,-0.0189,0.9998,0.0000,0.0000,0.0000,1.0000,0.1972,0.1336,0.1265
330,7,5.2321,-0.0724,0.4491,0.9998,0.0189,0.0000,-0.0189,0.9998,0.0000,0.0000,0.0000,1.0000,0.1624,0.1625,0.0548
330,8,5.2587,-0.0287,0.4472,0.9998,0.0189,0.0000,-0.0189,0.9998,0.0000,0.0000,0.0000,1.0000,0.0831,0.2046,0.1050
330,9,5.2877,0.0382,0.4544,0.9998,0.0189,0.0000,-0.0189,0.9998,0.0000,0.0000,0.0000,1.0000,0.0210,0.0279,0.0569
330,10,5.3327,-0.0209,0.4546,0.9998,0.0189,0.0000,-0.0189,0.9998,0.0000,0.0000,0.0000,1.0000,0.0210,0.0279,0.0569
331,0,5.0551,0.0405,0.4400,0.9998,0.0208,0.0000,-0.0208,0.9998,0.0000,0.0000,0.0000,1.0000,0.2577,0.2263,0.1400
331,1,5.0632,0.0436,0.6052,0.9998,0.0208,0.0000,-0.0208,0.9998,0.0000,0.0000,0.0000,1.0000,0.1100,0.2168,0.3052
331,2,5.1403,-0.0151,0.5173,0.9998,0.0208,0.0000,-0.0208,0.9998,0.0000,0.0000,0.0000,1.0000,0.1101,0.3070,0.2173
331,3,5.1664,-0.1913,0.5889,0.9998,0.0208,0.0000,-0.0208,0.9998,0.0000,0.0000,0.0000,1.0000,0.2836,0.2073,0.2889
331,4,5.2854,-0.2354,0.5062,0.9998,0.0208,0.0000,-0.0208,0.9998,0.0000,0.0000,0.0000,1.0000,0.2820,0.2947,0.2062
331,5,5.4501,-0.0951,0.6614,0.9998,0.0208,0.0000,-0.0208,0.9998,0.0000,0.0000,0.0000,1.0000,0.1112,0.2100,0.3614
331,6,5.5427,-0.0737,0.4265,0.9998,0.0208,0.0000,-0.0208,0.9998,0.0000,0.0000,0.0000,1.0000,0.1972,0.1336,0.1265
331,7,5.6514,-0.0630,0.4491,0.9998,0.0208,0.0000,-0.0208,0.9998,0.0000,0.0000,0.0000,1.0000,0.1624,0.1625,0.0548
331,8,5.6779,-0.0193,0.4472,0.9998,0.0208,0.0000,-0.0208,0.9998,0.0000,0.0000,0.0000,1.0000,0.0831,0.2046,0.1050
331,9,5.7068,0.0476,0.4544,0.9998,0.0208,0.0000,-0.0208,0.9998,0.0000,0.0000,0.0000,1.0000,0.0210,0.0279,0.0569
331,10,5.7520,-0.0113,0.4546,0.9998,0.0208,0.0000,-0.0208,0.9998,0.0000,0.0000,0.0000,1.0000,0.0210,0.0279,0.0569
332,0,5.4733,0.0495,0.4400,0.9997,0.0227,0.0000,-0.0227,0.9997,0.0000,0.0000,0.0000,1.0000,0.2577,0.2263,0.1400
332,1,5.4813,0.0526,0.6052,0.9997,0.0227,0.0000,-0.0227,0.9997,0.0000,0.0000,0.0000,1.0000,0.1100,0.2168,0.3052
332,2,5.5586,-0.0060,0.5173,0.9997,0.0227,0.0000,-0.0227,0.9997,0.0000,0.0000,0.0000,1.0000,0.1101,0.3070,0.2173
332,3,5.5850,-0.1821,0.5889,0.9997,0.0227,0.0000,-0.0227,0.9997,0.0000,0.0000,0.0000,1.0000,0.2836,0.2073,0.2889
332,4,5.7041,-0.2259,0.5062,0.9997,0.0227,0.0000,-0.0227,0.9997,0.0000,0.0000,0.0000,1.0000,0.2820,0.2947,0.2062
332,5,5.8685,-0.0853,0.6614,0.9997,0.0227,0.0000,-0.0227,0.9997,0.0000,0.0000,0.0000,1.0000,0.1112,0.2100,0.3614
332,6,5.9611,-0.0637,0.4265,0.9997,0.0227,0.0000,-0.0227,0.9997,0.0000,0.0000,0.0000,1.0000,0.1972,0.1336,0.1265
332,7,6.0698,-0.0529,0.4491,0.9997,0.0227,0.0000,-0.0227,0.9997,0.0000,0.0000,0.0000,1.0000,0.1624,0.1625,0.0548
332,8,6.0962,-0.0090,0.4472,0.9997,0.0227,0.0000,-0.0227,0.9997,0.0000,0.0000,0.0000,1.0000,0.0831,0.2046,0.1050
332,9,6.1250,0.0579,0.4544,0.9997,0.0227,0.0000,-0.0227,0.9997,0.0000,0.0000,0.0000,1.0000,0.0210,0.0279,0.0569
332,10,6.1702,-0.0010,0.4546,0.9997,0.0227,0.0000,-0.0227,0.9997,0.0000,0.0000,0.0000,1.0000,0.0210,0.0279,0.0569
333,0,5.8908,0.0593,0.4400,0.9997,0.0246,0.0000,-0.0246,0.9997,0.0000,0.0000,0.0000,1.0000,0.2577,0.2263,0.1400
333,1,5.8989,0.0624,0.6052,0.9997,0.0246,0.0000,-0.0246,0.9997,0.0000,0.0000,0.0000,1.0000,0.1100,0.2168,0.3052
333,2,5.9762,0.0040,0.5173,0.9997,0.0246,0.0000,-0.0246,0.9997,0.0000,0.0000,0.0000,1.0000,0.1101,0.3070,0.2173
333,3,6.0030,-0.1721,0.5889,0.9997,0.0246,0.0000,-0.0246,0.9997,0.0000,0.0000,0.0000,1.0000,0.2836,0.2073,0.2889
333,4,6.1222,-0.2157,0.5062,0.9997,0.0246,0.0000,-0.0246,0.9997,0.0000,0.0000,0.0000,1.0000,0.2820,0.2947,0.2062
333,5,6.2864,-0.0748,0.6614,0.9997,0.0246,0.0000,-0.0246,0.9997,0.0000,0.0000,0.0000,1.0000,0.1112,0.2100,0.3614
333,6,6.3788,-0.0530,0.4265,0.9997,0.0246,0.0000,-0.0246,0.9997,0.0000,0.0000,0.0000,1.0000,0.1972,0.1336,0.1265
333,7,6.4875,-0.0419,0.4491,0.9997,0.0246,0.0000,-0.0246,0.9997,0.0000,0.0000,0.0000,1.0000,0.1624,0.1625,0.0548
333,8,6.5138,0.0020,0.4472,0.9997,0.0246,0.0000,-0.0246,0.9997,0.0000,0.0000,0.0000,1.0000,0.0831,0.2046,0.1050
333,9,6.5425,0.0690,0.4544,0.9997,0.0246,0.0000,-0.0246,0.9997,0.0000,0.0000,0.0000,1.0000,0.0210,0.0279,0.0569
333,10,6.5879,0.0102,0.4546,0.9997,0.0246,0.0000,-0.0246,0.9997,0.0000,0.0000,0.0000,1.0000,0.0210,0.0279,0.0569
334,0,6.3083,0.0699,0.4400,0.9996,0.0265,0.0000,-0.0265,0.9996,0.0000,0.0000,0.0000,1.0000,0.2577,0.2263,0.1400
334,1,6.3163,0.0730,0.6052,0.9996,0.0265,0.0000,-0.0265,0.9996,0.0000,0.0000,0.0000,1.0000,0.1100,0.2168,0.3052
334,2,6.3938,0.0148,0.5173,0.9996,0.0265,0.0000,-0.0265,0.9996,0.0000,0.0000,0.0000,1.0000,0.1101,0.3070,0.2173
334,3,6.4208,-0.1613,0.5889,0.9996,0.0265,0.0000,-0.0265,0.9996,0.0000,0.0000,0.0000,1.0000,0.2836,0.2073,0.2889
334,4,6.5401,-0.2046,0.5062,0.9996,0.0265,0.0000,-0.0265,0.9996,0.0000,0.0000,0.0000,1.0000,0.2820,0.2947,0.2062
334,5,6.7041,-0.0634,0.6614,0.9996,0.0265,0.0000,-0.0265,0.9996,0.0000,0.0000,0.0000,1.0000,0.1112,0.2100,0.3614
334,6,6.7965,-0.0415,0.4265,0.9996,0.0265,0.0000,-0.0265,0.9996,0.0000,0.0000,0.0000,1.0000,0.1972,0.1336,0.1265
334,7,6.9051,-0.0302,0.4491,0.9996,0.0265,0.0000,-0.0265,0.9996,0.0000,0.0000,0.0000,1.0000,0.1624,0.1625,0.0548
334,8,6.9314,0.0137,0.4472,0.9996,0.0265,0.0000,-0.0265,0.9996,0.0000,0.0000,0.0000,1.0000,0.0831,0.2046,0.1050
334,9,6.9599,0.0808,0.4544,0.9996,0.0265,0.0000,-0.0265,0.9996,0.0000,0.0000,0.0000,1.0000,0.0210,0.0279,0.0569
334,10,7.0054,0.0221,0.4546,0.9996,0.0265,0.0000,-0.0265,0.9996,0.0000,0.0000,0.0000,1.0000,0.0210,0.0279,0.0569
335,0,6.7262,0.0813,0.4400,0.9996,0.0284,0.0000,-0.0284,0.9996,0.0000,0.0000,0.0000,1.0000,0.2577,0.2263,0.1400
335,1,6.7342,0.0844,0.6052,0.9996,0.0284,0.0000,-0.0284,0.9996,0.0000,0.0000,0.0000,1.0000,0.1100,0.2168,0.3052
335,2,6.8118,0.0263,0.5173,0.9996,0.0284,0.0000,-0.0284,0.9996,0.0000,0.0000,0.0000,1.0000,0.1101,0.3070,0.2173
335,3,6.8392,-0.1497,0.5889,0.9996,0.0284,0.0000,-0.0284,0.9996,0.0000,0.0000,0.0000,1.0000,0.2836,0.2073,0.2889
335,4,6.9586,-0.1928,0.5062,0.9996,0.0284,0.0000,-0.0284,0.9996,0.0000,0.0000,0.0000,1.0000,0.2820,0.2947,0.2062
335,5,7.1222,-0.0513,0.6614,0.9996,0.0284,0.0000,-0.0284,0.9996,0.0000,0.0000,0.0000,1.0000,0.1112,0.2100,0.3614
335,6,7.2146,-0.0292,0.4265,0.9996,0.0284,0.0000,-0.0284,0.9996,0.0000,0.0000,0.0000,1.0000,0.1972,0.1336,0.1265
335,7,7.3232,-0.0177,0.4491,0.9996,0.0284,0.0000,-0.0284,0.9996,0.0000,0.0000,0.0000,1.0000,0.1624,0.1625,0.0548
335,8,7.3494,0.0263,0.4472,0.9996,0.0284,0.0000,-0.0284,0.9996,0.0000,0.0000,0.0000,1.0000,0.0831,0.2046,0.1050
335,9,7.3778,0.0934,0.4544,0.9996,0.0284,0.0000,-0.0284,0.9996,0.0000,0.0000,0.0000,1.0000,0.0210,0.0279,0.0569
335,10,7.4234,0.0348,0.4546,0.9996,0.0284,0.0000,-0.0284,0.9996,0.0000,0.0000,0.0000,1.0000,0.0210,0.0279,0.0569
336,0,7.1450,0.0935,0.4400,0.9995,0.0303,0.0000,-0.0303,0.9995,0.0000,0.0000,0.0000,1.0000,0.2577,0.2263,0.1400
336,1,7.1530,0.0967,0.6052,0.9995,0.0303,0.0000,-0.0303,0.9995,0.0000,0.0000,0.0000,1.0000,0.1100,0.2168,0.3052
336,2,7.2307,0.0387,0.5173,0.9995,0.0303,0.0000,-0.0303,0.9995,0.0000,0.0000,0.0000,1.0000,0.1101,0.3070,0.2173
336,3,7.2585,-0.1372,0.5889,0.9995,0.0303,0.0000,-0.0303,0.9995,0.0000,0.0000,0.0000,1.0000,0.2836,0.2073,0.2889
336,4,7.3779,-0.1801,0.5062,0.9995,0.0303,0.0000,-0.0303,0.9995,0.0000,0.0000,0.0000,1.0000,0.2820,0.2947,0.2062
336,5,7.5413,-0.0383,0.6614,0.9995,0.0303,0.0000,-0.0303,0.9995,0.0000,0.0000,0.0000,1.0000,0.1112,0.2100,0.3614
336,6,7.6337,-0.0160,0.4265,0.9995,0.0303,0.0000,-0.0303,0.9995,0.0000,0.0000,0.0000,1.0000,0.1972,0.1336,0.1265
336,7,7.7423,-0.0043,0.4491,0.9995,0.0303,0.0000,-0.0303,0.9995,0.0000,0.0000,0.0000,1.0000,0.1624,0.1625,0.0548
336,8,7.7683,0.0397,0.4472,0.9995,0.0303,0.0000,-0.0303,0.9995,0.0000,0.0000,0.0000,1.0000,0.0831,0.2046,0.1050
336,9,7.7966,0.1069,0.4544,0.9995,0.0303,0.0000,-0.0303,0.9995,0.0000,0.0000,0.0000,1.0000,0.0210,0.0279,0.0569
336,10,7.8423,0.0484,0.4546,0.9995,0.0303,0.0000,-0.0303,0.9995,0.0000,0.0000,0.0000,1.0000,0.0210,0.0279,0.0569
337,0,7.5652,0.1066,0.4400,0.9995,0.0324,0.0000,-0.0324,0.9995,0.0000,0.0000,0.0000,1.0000,0.2577,0.2263,0.1400
337,1,7.5732,0.1098,0.6052,0.9995,0.0324,0.0000,-0.0324,0.9995,0.0000,0.0000,0.0000,1.0000,0.1100,0.2168,0.3052
337,2,7.6510,0.0520,0.5173,0.9995,0.0324,0.0000,-0.0324,0.9995,0.0000,0.0000,0.0000,1.0000,0.1101,0.3070,0.2173
337,3,7.6791,-0.1239,0.5889,0.9995,0.0324,0.0000,-0.0324,0.9995,0.0000,0.0000,0.0000,1.0000,0.2836,0.2073,0.2889
337,4,7.7987,-0.1666,0.5062,0.9995,0.0324,0.0000,-0.0324,0.9995,0.0000,0.0000,0.0000,1.0000,0.2820,0.2947,0.2062
337,5,7.9618,-0.0244,0.6614,0.9995,0.0324,0.0000,-0.0324,0.9995,0.0000,0.0000,0.0000,1.0000,0.1112,0.2100,0.3614
337,6,8.0541,-0.0019,0.4265,0.9995,0.0324,0.0000,-0.0324,0.9995,0.0000,0.0000,0.0000,1.0000,0.1972,0.1336,0.1265
337,7,8.1627,0.0100,0.4491,0.9995,0.0324,0.0000,-0.0324,0.9995,0.0000,0.0000,0.0000,1.0000,0.1624,0.1625,0.0548
337,8,8.1887,0.0541,0.4472,0.9995,0.0324,0.0000,-0.0324,0.9995,0.0000,0.0000,0.0000,1.0000,0.0831,0.2046,0.1050
337,9,8.2168,0.1213,0.4544,0.9995,0.0324,0.0000,-0.0324,0.9995,0.0000,0.0000,0.0000,1.0000,0.0210,0.0279,0.0569
337,10,8.2626,0.0629,0.4546,0.9995,0.0324,0.0000,-0.0324,0.9995,0.0000,0.0000,0.0000,1.0000,0.0210,0.0279,0.0569
338,0,7.9870,0.1206,0.4400,0.9994,0.0344,0.0000,-0.0344,0.9994,0.0000,0.0000,0.0000,1.0000,0.2577,0.2263,0.1400
338,1,7.9950,0.1238,0.6052,0.9994,0.0344,0.0000,-0.0344,0.9994,0.0000,0.0000,0.0000,1.0000,0.1100,0.2168,0.3052
338,2,8.0730,0.0662,0.5173,0.9994,0.0344,0.0000,-0.0344,0.9994,0.0000,0.0000,0.0000,1.0000,0.1101,0.3070,0.2173
338,3,8.1014,-0.1097,0.5889,0.9994,0.0344,0.0000,-0.0344,0.9994,0.0000,0.0000,0.0000,1.0000,0.2836,0.2073,0.2889
338,4,8.2211,-0.1521,0.5062,0.9994,0.0344,0.0000,-0.0344,0.9994,0.0000,0.0000,0.0000,1.0000,0.2820,0.2947,0.2062
338,5,8.3839,-0.0096,0.6614,0.9994,0.0344,0.0000,-0.0344,0.9994,0.0000,0.0000,0.0000,1.0000,0.1112,0.2100,0.3614
338,6,8.4761,0.0131,0.4265,0.9994,0.0344,0.0000,-0.0344,0.9994,0.0000,0.0000,0.0000,1.0000,0.1972,0.1336,0.1265
338,7,8.5847,0.0253,0.4491,0.9994,0.0344,0.0000,-0.0344,0.9994,0.0000,0.0000,0.0000,1.0000,0.1624,0.1625,0.0548
338,8,8.6106,0.0694,0.4472,0.9994,0.0344,0.0000,-0.0344,0.9994,0.0000,0.0000,0.0000,1.0000,0.0831,0.2046,0.1050
338,9,8.6386,0.1367,0.4544,0.9994,0.0344,0.0000,-0.0344,0.9994,0.0000,0.0000,0.0000,1.0000,0.0210,0.0279,0.0569
338,10,8.6845,0.0783,0.4546,0.9994,0.0344,0.0000,-0.0344,0.9994,0.0000,0.0000,0.0000,1.0000,0.0210,0.0279,0.0569
339,0,8.4104,0.1356,0.4400,0.9993,0.0366,0.0000,-0.0366,0.9993,0.0000,0.0000,0.0000,1.0000,0.2577,0.2263,0.1400
339,1,8.4184,0.1388,0.6052,0.9993,0.0366,0.0000,-0.0366,0.9993,0.0000,0.0000,0.0000,1.0000,0.1100,0.2168,0.3052
339,2,8.4964,0.0813,0.5173,0.9993,0.0366,0.0000,-0.0366,0.9993,0.0000,0.0000,0.0000,1.0000,0.1101,0.3070,0.2173
339,3,8.5253,-0.0944,0.5889,0.9993,0.0366,0.0000,-0.0366,0.9993,0.0000,0.0000,0.0000,1.0000,0.2836,0.2073,0.2889
339,4,8.6450,-0.1366,0.5062,0.9993,0.0366,0.0000,-0.0366,0.9993,0.0000,0.0000,0.0000,1.0000,0.2820,0.2947,0.2062
339,5,8.8075,0.0063,0.6614,0.9993,0.0366,0.0000,-0.0366,0.9993,0.0000,0.0000,0.0000,1.0000,0.1112,0.2100,0.3614
339,6,8.8997,0.0292,0.4265,0.9993,0.0366,0.0000,-0.0366,0.9993,0.0000,0.0000,0.0000,1.0000,0.1972,0.1336,0.1265
339,7,9.0082,0.0416,0.4491,0.9993,0.0366,0.0000,-0.0366,0.9993,0.0000,0.0000,0.0000,1.0000,0.1624,0.1625,0.0548
339,8,9.0340,0.0857,0.4472,0.9993,0.0366,0.0000,-0.0366,0.9993,0.0000,0.0000,0.0000,1.0000,0.0831,0.2046,0.1050
339,9,9.0619,0.1531,0.4544,0.9993,0.0366,0.0000,-0.0366,0.9993,0.0000,0.0000,0.0000,1.0000,0.0210,0.0279,0.0569
339,10,9.1079,0.0948,0.4546,0.9993,0.0366,0.0000,-0.0366,0.9993,0.0000,0.0000,0.0000,1.0000,0.0210,0.0279,0.0569
340,0,8.8349,0.1516,0.4400,0.9992,0.0391,0.0000,-0.0391,0.9992,0.0000,0.0000,0.0000,1.0000,0.2577,0.2263,0.1400
340,1,8.8429,0.1548,0.6052,0.9992,0.0391,0.0000,-0.0391,0.9992,0.0000,0.0000,0.0000,1.0000,0.1100,0.2168,0.3052
340,2,8.9211,0.0975,0.5173,0.9992,0.0391,0.0000,-0.0391,0.9992,0.0000,0.0000,0.0000,1.0000,0.1101,0.3070,0.2173
340,3,8.9504,-0.0782,0.5889,0.9992,0.0391,0.0000,-0.0391,0.9992,0.0000,0.0000,0.0000,1.0000,0.2836,0.2073,0.2889
340,4,9.0702,-0.1200,0.5062,0.9992,0.0391,0.0000,-0.0391,0.9992,0.0000,0.0000,0.0000,1.0000,0.2820,0.2947,0.2062
340,5,9.2323,0.0232,0.6614,0.9992,0.0391,0.0000,-0.0391,0.9992,0.0000,0.0000,0.0000,1.0000,0.1112,0.2100,0.3614
340,6,9.3245,0.0464,0.4265,0.9992,0.0391,0.0000,-0.0391,0.9992,0.0000,0.0000,0.0000,1.0000,0.1972,0.1336,0.1265
340,7,9.4330,0.0590,0.4491,0.9992,0.0391,0.0000,-0.0391,0.9992,0.0000,0.0000,0.0000,1.0000,0.1624,0.1625,0.0548
340,8,9.4586,0.1032,0.4472,0.9992,0.0391,0.0000,-0.0391,0.9992,0.0000,0.0000,0.0000,1.0000,0.0831,0.2046,0.1050
340,9,9.4863,0.1707,0.4544,0.9992,0.0391,0.0000,-0.0391,0.9992,0.0000,0.0000,0.0000,1.0000,0.0210,0.0279,0.0569
340,10,9.5325,0.1125,0.4546,0.9992,0.0391,0.0000,-0.0391,0.9992,0.0000,0.0000,0.0000,1.0000,0.0210,0.0279,0.0569
341,0,9.2601,0.1687,0.4400,0.9991,0.0418,0.0000,-0.0418,0.9991,0.0000,0.0000,0.0000,1.0000,0.2577,0.2263,0.1400
341,1,9.2680,0.1719,0.6052,0.9991,0.0418,0.0000,-0.0418,0.9991,0.0000,0.0000,0.0000,1.0000,0.1100,0.2168,0.3052
341,2,9.3464,0.1149,0.5173,0.9991,0.0418,0.0000,-0.0418,0.9991,0.0000,0.0000,0.0000,1.0000,0.1101,0.3070,0.2173
341,3,9.3761,-0.0608,0.5889,0.9991,0.0418,0.0000,-0.0418,0.9991,0.0000,0.0000,0.0000,1.0000,0.2836,0.2073,0.2889
341,4,9.4961,-0.1023,0.5062,0.9991,0.0418,0.0000,-0.0418,0.9991,0.0000,0.0000,0.0000,1.0000,0.2820,0.2947,0.2062
341,5,9.6578,0.0414,0.6614,0.9991,0.0418,0.0000,-0.0418,0.9991,0.0000,0.0000,0.0000,1.0000,0.1112,0.2100,0.3614
341,6,9.7499,0.0648,0.4265,0.9991,0.0418,0.0000,-0.0418,0.9991,0.0000,0.0000,0.0000,1.0000,0.1972,0.1336,0.1265
341,7,9.8584,0.0777,0.4491,0.9991,0.0418,0.0000,-0.0418,0.9991,0.0000,0.0000,0.0000,1.0000,0.1624,0.1625,0.0548
341,8,9.8839,0.1220,0.4472,0.9991,0.0418,0.0000,-0.0418,0.9991,0.0000,0.0000,0.0000,1.0000,0.0831,0.2046,0.1050
341,9,9.9114,0.1895,0.4544,0.9991,0.0418,0.0000,-0.0418,0.9991,0.0000,0.0000,0.0000,1.0000,0.0210,0.0279,0.0569
341,10,9.9578,0.1315,0.4546,0.9991,0.0418,0.0000,-0.0418,0.9991,0.0000,0.0000,0.0000,1.0000,0.0210,0.0279,0.0569
342,0,9.6855,0.1870,0.4400,0.9990,0.0447,0.0000,-0.0447,0.9990,0.0000,0.0000,0.0000,1.0000,0.2577,0.2263,0.1400
342,1,9.6934,0.1903,0.6052,0.9990,0.0447,0.0000,-0.0447,0.9990,0.0000,0.0000,0.0000,1.0000,0.1100,0.2168,0.3052
342,2,9.7720,0.1334,0.5173,0.9990,0.0447,0.0000,-0.0447,0.9990,0.0000,0.0000,0.0000,1.0000,0.1101,0.3070,0.2173
342,3,9.8022,-0.0421,0.5889,0.9990,0.0447,0.0000,-0.0447,0.9990,0.0000,0.0000,0.0000,1.0000,0.2836,0.2073,0.2889
342,4,9.9223,-0.0833,0.5062,0.9990,0.0447,0.0000,-0.0447,0.9990,0.0000,0.0000,0.0000,1.0000,0.2820,0.2947,0.2062
342,5,10.0836,0.0609,0.6614,0.9990,0.0447,0.0000,-0.0447,0.9990,0.0000,0.0000,0.0000,1.0000,0.1112,0.2100,0.3614
342,6,10.1756,0.0845,0.4265,0.9990,0.0447,0.0000,-0.0447,0.9990,0.0000,0.0000,0.0000,1.0000,0.1972,0.1336,0.1265
342,7,10.2841,0.0978,0.4491,0.9990,0.0447,0.0000,-0.0447,0.9990,0.0000,0.0000,0.0000,1.0000,0.1624,0.1625,0.0548
342,8,10.3095,0.1421,0.4472,0.9990,0.0447,0.0000,-0.0447,0.9990,0.0000,0.0000,0.0000,1.0000,0.0831,0.2046,0.1050
342,9,10.3368,0.2097,0.4544,0.9990,0.0447,0.0000,-0.0447,0.9990,0.0000,0.0000,0.0000,1.0000,0.0210,0.0279,0.0569
342,10,10.3833,0.1519,0.4546,0.9990,0.0447,0.0000,-0.0447,0.9990,0.0000,0.0000,0.0000,1.0000,0.0210,0.0279,0.0569
343,0,10.1108,0.2066,0.4400,0.9989,0.0479,0.0000,-0.0479,0.9989,0.0000,0.0000,0.0000,1.0000,0.2577,0.2263,0.1400
343,1,10.1188,0.2099,0.6052,0.9989,0.0479,0.0000,-0.0479,0.9989,0.0000,0.0000,0.0000,1.0000,0.1100,0.2168,0.3052
343,2,10.1975,0.1533,0.5173,0.9989,0.0479,0.0000,-0.0479,0.9989,0.0000,0.0000,0.0000,1.0000,0.1101,0.3070,0.2173
343,3,10.2283,-0.0222,0.5889,0.9989,0.0479,0.0000,-0.0479,0.9989,0.0000,0.0000,0.0000,1.0000,0.2836,0.2073,0.2889
343,4,10.3485,-0.0629,0.5062,0.9989,0.0479,0.0000,-0.0479,0.9989,0.0000,0.0000,0.0000,1.0000,0.2820,0.2947,0.2062
343,5,10.5094,0.0817,0.6614,0.9989,0.0479,0.0000,-0.0479,0.9989,0.0000,0.0000,0.0000,1.0000,0.1112,0.2100,0.3614
343,6,10.6013,0.1057,0.4265,0.9989,0.0479,0.0000,-0.0479,0.9989,0.0000,0.0000,0.0000,1.0000,0.1972,0.1336,0.1265
343,7,10.7097,0.1193,0.4491,0.9989,0.0479,0.0000,-0.0479,0.9989,0.0000,0.0000,0.0000,1.0000,0.1624,0.1625,0.0548
343,8,10.7350,0.1637,0.4472,0.9989,0.0479,0.0000,-0.0479,0.9989,0.0000,0.0000,0.0000,1.0000,0.0831,0.2046,0.1050
343,9,10.7621,0.2314,0.4544,0.9989,0.0479,0.0000,-0.0479,0.9989,0.0000,0.0000,0.0000,1.0000,0.0210,0.0279,0.0569
343,10,10.8088,0.1737,0.4546,0.9989,0.0479,0.0000,-0.0479,0.9989,0.0000,0.0000,0.0000,1.0000,0.0210,0.0279,0.0569
344,0,10.5359,0.2276,0.4400,0.9987,0.0513,0.0000,-0.0513,0.9987,0.0000,0.0000,0.0000,1.0000,0.2577,0.2263,0.1400
344,1,10.5439,0.2309,0.6052,0.9987,0.0513,0.0000,-0.0513,0.9987,0.0000,0.0000,0.0000,1.0000,0.1100,0.2168,0.3052
344,2,10.6228,0.1745,0.5173,0.9987,0.0513,0.0000,-0.0513,0.9987,0.0000,0.0000,0.0000,1.0000,0.1101,0.3070,0.2173
344,3,10.6542,-0.0008,0.5889,0.9987,0.0513,0.0000,-0.0513,0.9987,0.0000,0.0000,0.0000,1.0000,0.2836,0.2073,0.2889
344,4,10.7745,-0.0412,0.5062,0.9987,0.0513,0.0000,-0.0513,0.9987,0.0000,0.0000,0.0000,1.0000,0.2820,0.2947,0.2062
344,5,10.9349,0.1041,0.6614,0.9987,0.0513,0.0000,-0.0513,0.9987,0.0000,0.0000,0.0000,1.0000,0.1112,0.2100,0.3614
344,6,11.0268,0.1283,0.4265,0.9987,0.0513,0.0000,-0.0513,0.9987,0.0000,0.0000,0.0000,1.0000,0.1972,0.1336,0.1265
344,7,11.1351,0.1423,0.4491,0.9987,0.0513,0.0000,-0.0513,0.9987,0.0000,0.0000,0.0000,1.0000,0.1624,0.1625,0.0548
344,8,11.1602,0.1868,0.4472,0.9987,0.0513,0.0000,-0.0513,0.9987,0.0000,0.0000,0.0000,1.0000,0.0831,0.2046,0.1050
344,9,11.1871,0.2546,0.4544,0.9987,0.0513,0.0000,-0.0513,0.9987,0.0000,0.0000,0.0000,1.0000,0.0210,0.0279,0.0569
344,10,11.2340,0.1970,0.4546,0.9987,0.0513,0.0000,-0.0513,0.9987,0.0000,0.0000,0.0000,1.0000,0.0210,0.0279,0.0569
345,0,10.9604,0.2500,0.4400,0.9985,0.0549,0.0000,-0.0549,0.9985,0.0000,0.0000,0.0000,1.0000,0.2577,0.2263,0.1400
345,1,10.9684,0.2533,0.6052,0.9985,0.0549,0.0000,-0.0549,0.9985,0.0000,0.0000,0.0000,1.0000,0.1100,0.2168,0.3052
345,2,11.0475,0.1973,0.5173,0.9985,0.0549,0.0000,-0.0549,0.9985,0.0000,0.0000,0.0000,1.0000,0.1101,0.3070,0.2173
345,3,11.0795,0.0221,0.5889,0.9985,0.0549,0.0000,-0.0549,0.9985,0.0000,0.0000,0.0000,1.0000,0.2836,0.2073,0.2889
345,4,11.2000,-0.0179,0.5062,0.9985,0.0549,0.0000,-0.0549,0.9985,0.0000,0.0000,0.0000,1.0000,0.2820,0.2947,0.2062
345,5,11.3598,0.1279,0.6614,0.9985,0.0549,0.0000,-0.0549,0.9985,0.0000,0.0000,0.0000,1.0000,0.1112,0.2100,0.3614
345,6,11.4516,0.1525,0.4265,0.9985,0.0549,0.0000,-0.0549,0.9985,0.0000,0.0000,0.0000,1.0000,0.1972,0.1336,0.1265
345,7,11.5599,0.1669,0.4491,0.9985,0.0549,0.0000,-0.0549,0.9985,0.0000,0.0000,0.0000,1.0000,0.1624,0.1625,0.0548
345,8,11.5849,0.2115,0.4472,0.9985,0.0549,0.0000,-0.0549,0.9985,0.0000,0.0000,0.0000,1.0000,0.0831,0.2046,0.1050
345,9,11.6115,0.2794,0.4544,0.9985,0.0549,0.0000,-0.0549,0.9985,0.0000,0.0000,0.0000,1.0000,0.0210,0.0279,0.0569
345,10,11.6586,0.2220,0.4546,0.9985,0.0549,0.0000,-0.0549,0.9985,0.0000,0.0000,0.0000,1.0000,0.0210,0.0279,0.0569
346,0,11.3841,0.2739,0.4400,0.9983,0.0587,0.0000,-0.0587,0.9983,0.0000,0.0000,0.0000,1.0000,0.2577,0.2263,0.1400
346,1,11.3920,0.2773,0.6052,0.9983,0.0587,0.0000,-0.0587,0.9983,0.0000,0.0000,0.0000,1.0000,0.1100,0.2168,0.3052
346,2,11.4713,0.2216,0.5173,0.9983,0.0587,0.0000,-0.0587,0.9983,0.0000,0.0000,0.0000,1.0000,0.1101,0.3070,0.2173
346,3,11.5041,0.0465,0.5889,0.9983,0.0587,0.0000,-0.0587,0.9983,0.0000,0.0000,0.0000,1.0000,0.2836,0.2073,0.2889
346,4,11.6247,0.0070,0.5062,0.9983,0.0587,0.0000,-0.0587,0.9983,0.0000,0.0000,0.0000,1.0000,0.2820,0.2947,0.2062
346,5,11.7840,0.1534,0.6614,0.9983,0.0587,0.0000,-0.0587,0.9983,0.0000,0.0000,0.0000,1.0000,0.1112,0.2100,0.3614
346,6,11.8757,0.1783,0.4265,0.9983,0.0587,0.0000,-0.0587,0.9983,0.0000,0.0000,0.0000,1.0000,0.1972,0.1336,0.1265
346,7,11.9839,0.1931,0.4491,0.9983,0.0587,0.0000,-0.0587,0.9983,0.0000,0.0000,0.0000,1.0000,0.1624,0.1625,0.0548
346,8,12.0087,0.2378,0.4472,0.9983,0.0587,0.0000,-0.0587,0.9983,0.0000,0.0000,0.0000,1.0000,0.0831,0.2046,0.1050
346,9,12.0350,0.3058,0.4544,0.9983,0.0587,0.0000,-0.0587,0.9983,0.0000,0.0000,0.0000,1.0000,0.0210,0.0279,0.0569
346,10,12.0824,0.2486,0.4546,0.9983,0.0587,0.0000,-0.0587,0.9983,0.0000,0.0000,0.0000,1.0000,0.0210,0.0279,0.0569
347,0,11.8067,0.2995,0.4400,0.9980,0.0627,0.0000,-0.0627,0.9980,0.0000,0.0000,0.0000,1.0000,0.2577,0.2263,0.1400
347,1,11.8146,0.3029,0.6052,0.9980,0.0627,0.0000,-0.0627,0.9980,0.0000,0.0000,0.0000,1.0000,0.1100,0.2168,0.3052
347,2,11.8941,0.2474,0.5173,0.9980,0.0627,0.0000,-0.0627,0.9980,0.0000,0.0000,0.0000,1.0000,0.1101,0.3070,0.2173
347,3,11.9275,0.0725,0.5889,0.9980,0.0627,0.0000,-0.0627,0.9980,0.0000,0.0000,0.0000,1.0000,0.2836,0.2073,0.2889
347,4,12.0483,0.0335,0.5062,0.9980,0.0627,0.0000,-0.0627,0.9980,0.0000,0.0000,0.0000,1.0000,0.2820,0.2947,0.2062
347,5,12.2070,0.1805,0.6614,0.9980,0.0627,0.0000,-0.0627,0.9980,0.0000,0.0000,0.0000,1.0000,0.1112,0.2100,0.3614
347,6,12.2986,0.2058,0.4265,0.9980,0.0627,0.0000,-0.0627,0.9980,0.0000,0.0000,0.0000,1.0000,0.1972,0.1336,0.1265
347,7,12.4068,0.2210,0.4491,0.9980,0.0627,0.0000,-0.0627,0.9980,0.0000,0.0000,0.0000,1.0000,0.1624,0.1625,0.0548
347,8,12.4314,0.2659,0.4472,0.9980,0.0627,0.0000,-0.0627,0.9980,0.0000,0.0000,0.0000,1.0000,0.0831,0.2046,0.1050
347,9,12.4575,0.3339,0.4544,0.9980,0.0627,0.0000,-0.0627,0.9980,0.0000,0.0000,0.0000,1.0000,0.0210,0.0279,0.0569
347,10,12.5051,0.2769,0.4546,0.9980,0.0627,0.0000,-0.0627,0.9980,0.0000,0.0000,0.0000,1.0000,0.0210,0.0279,0.0569
348,0,12.2280,0.3267,0.4400,0.9978,0.0669,0.0000,-0.0669,0.9978,0.0000,0.0000,0.0000,1.0000,0.2577,0.2263,0.1400
348,1,12.2359,0.3301,0.6052,0.9978,0.0669,0.0000,-0.0669,0.9978,0.0000,0.0000,0.0000,1.0000,0.1100,0.2168,0.3052
348,2,12.3156,0.2750,0.5173,0.9978,0.0669,0.0000,-0.0669,0.9978,0.0000,0.0000,0.0000,1.0000,0.1101,0.3070,0.2173
348,3,12.3498,0.1002,0.5889,0.9978,0.0669,0.0000,-0.0669,0.9978,0.0000,0.0000,0.0000,1.0000,0.2836,0.2073,0.2889
348,4,12.4708,0.0617,0.5062,0.9978,0.0669,0.0000,-0.0669,0.9978,0.0000,0.0000,0.0000,1.0000,0.2820,0.2947,0.2062
348,5,12.6288,0.2094,0.6614,0.9978,0.0669,0.0000,-0.0669,0.9978,0.0000,0.0000,0.0000,1.0000,0.1112,0.2100,0.3614
348,6,12.7203,0.2351,0.4265,0.9978,0.0669,0.0000,-0.0669,0.9978,0.0000,0.0000,0.0000,1.0000,0.1972,0.1336,0.1265
348,7,12.8284,0.2508,0.4491,0.9978,0.0669,0.0000,-0.0669,0.9978,0.0000,0.0000,0.0000,1.0000,0.1624,0.1625,0.0548
348,8,12.8529,0.2957,0.4472,0.9978,0.0669,0.0000,-0.0669,0.9978,0.0000,0.0000,0.0000,1.0000,0.0831,0.2046,0.1050
348,9,12.8786,0.3639,0.4544,0.9978,0.0669,0.0000,-0.0669,0.9978,0.0000,0.0000,0.0000,1.0000,0.0210,0.0279,0.0569
348,10,12.9265,0.3071,0.4546,0.9978,0.0669,0.0000,-0.0669,0.9978,0.0000,0.0000,0.0000,1.0000,0.0210,0.0279,0.0569
349,0,12.6479,0.3556,0.4400,0.9975,0.0713,0.0000,-0.0713,0.9975,0.0000,0.0000,0.0000,1.0000,0.2577,0.2263,0.1400
349,1,12.6558,0.3590,0.6052,0.9975,0.0713,0.0000,-0.0713,0.9975,0.0000,0.0000,0.0000,1.0000,0.1100,0.2168,0.3052
349,2,12.7358,0.3043,0.5173,0.9975,0.0713,0.0000,-0.0713,0.9975,0.0000,0.0000,0.0000,1.0000,0.1101,0.3070,0.2173
349,3,12.7707,0.1296,0.5889,0.9975,0.0713,0.0000,-0.0713,0.9975,0.0000,0.0000,0.0000,1.0000,0.2836,0.2073,0.2889
349,4,12.8918,0.0917,0.5062,0.9975,0.0713,0.0000,-0.0713,0.9975,0.0000,0.0000,0.0000,1.0000,0.2820,0.2947,0.2062
349,5,13.0492,0.2401,0.6614,0.9975,0.0713,0.0000,-0.0713,0.9975,0.0000,0.0000,0.0000,1.0000,0.1112,0.2100,0.3614
349,6,13.1406,0.2661,0.4265,0.9975,0.0713,0.0000,-0.0713,0.9975,0.0000,0.0000,0.0000,1.0000,0.1972,0.1336,0.1265
349,7,13.2486,0.2823,0.4491,0.9975,0.0713,0.0000,-0.0713,0.9975,0.0000,0.0000,0.0000,1.0000,0.1624,0.1625,0.0548
349,8,13.2729,0.3273,0.4472,0.9975,0.0713,0.0000,-0.0713,0.9975,0.0000,0.0000,0.0000,1.0000,0.0831,0.2046,0.1050
349,9,13.2984,0.3956,0.4544,0.9975,0.0713,0.0000,-0.0713,0.9975,0.0000,0.0000,0.0000,1.0000,0.0210,0.0279,0.0569
349,10,13.3464,0.3390,0.4546,0.9975,0.0713,0.0000,-0.0713,0.9975,0.0000,0.0000,0.0000,1.0000,0.0210,0.0279,0.0569
350,0,13.0663,0.3862,0.4400,0.9971,0.0757,0.0000,-0.0757,0.9971,0.0000,0.0000,0.0000,1.0000,0.2577,0.2263,0.1400
350,1,13.0741,0.3897,0.6052,0.9971,0.0757,0.0000,-0.0757,0.9971,0.0000,0.0000,0.0000,1.0000,0.1100,0.2168,0.3052
350,2,13.1544,0.3353,0.5173,0.9971,0.0757,0.0000,-0.0757,0.9971,0.0000,0.0000,0.0000,1.0000,0.1101,0.3070,0.2173
350,3,13.1901,0.1608,0.5889,0.9971,0.0757,0.0000,-0.0757,0.9971,0.0000,0.0000,0.0000,1.0000,0.2836,0.2073,0.2889
350,4,13.3114,0.1234,0.5062,0.9971,0.0757,0.0000,-0.0757,0.9971,0.0000,0.0000,0.0000,1.0000,0.2820,0.2947,0.2062
350,5,13.4681,0.2725,0.6614,0.9971,0.0757,0.0000,-0.0757,0.9971,0.0000,0.0000,0.0000,1.0000,0.1112,0.2100,0.3614
350,6,13.5594,0.2990,0.4265,0.9971,0.0757,0.0000,-0.0757,0.9971,0.0000,0.0000,0.0000,1.0000,0.1972,0.1336,0.1265
350,7,13.6673,0.3156,0.4491,0.9971,0.0757,0.0000,-0.0757,0.9971,0.0000,0.0000,0.0000,1.0000,0.1624,0.1625,0.0548
350,8,13.6914,0.3607,0.4472,0.9971,0.0757,0.0000,-0.0757,0.9971,0.0000,0.0000,0.0000,1.0000,0.0831,0.2046,0.1050
350,9,13.7166,0.4291,0.4544,0.9971,0.0757,0.0000,-0.0757,0.9971,0.0000,0.0000,0.0000,1.0000,0.0210,0.0279,0.0569
350,10,13.7649,0.3727,0.4546,0.9971,0.0757,0.0000,-0.0757,0.9971,0.0000,0.0000,0.0000,1.0000,0.0210,0.0279,0.0569
351,0,13.4830,0.4186,0.4400,0.9968,0.0802,0.0000,-0.0802,0.9968,0.0000,0.0000,0.0000,1.0000,0.2577,0.2263,0.1400
351,1,13.4908,0.4221,0.6052,0.9968,0.0802,0.0000,-0.0802,0.9968,0.0000,0.0000,0.0000,1.0000,0.1100,0.2168,0.3052
351,2,13.5713,0.3681,0.5173,0.9968,0.0802,0.0000,-0.0802,0.9968,0.0000,0.0000,0.0000,1.0000,0.1101,0.3070,0.2173
351,3,13.6078,0.1938,0.5889,0.9968,0.0802,0.0000,-0.0802,0.9968,0.0000,0.0000,0.0000,1.0000,0.2836,0.2073,0.2889
351,4,13.7293,0.1569,0.5062,0.9968,0.0802,0.0000,-0.0802,0.9968,0.0000,0.0000,0.0000,1.0000,0.2820,0.2947,0.2062
351,5,13.8854,0.3067,0.6614,0.9968,0.0802,0.0000,-0.0802,0.9968,0.0000,0.0000,0.0000,1.0000,0.1112,0.2100,0.3614
351,6,13.9765,0.3336,0.4265,0.9968,0.0802,0.0000,-0.0802,0.9968,0.0000,0.0000,0.0000,1.0000,0.1972,0.1336,0.1265
351,7,14.0844,0.3507,0.4491,0.9968,0.0802,0.0000,-0.0802,0.9968,0.0000,0.0000,0.0000,1.0000,0.1624,0.1625,0.0548
351,8,14.1082,0.3960,0.4472,0.9968,0.0802,0.0000,-0.0802,0.9968,0.0000,0.0000,0.0000,1.0000,0.0831,0.2046,0.1050
351,9,14.1331,0.4645,0.4544,0.9968,0.0802,0.0000,-0.0802,0.9968,0.0000,0.0000,0.0000,1.0000,0.0210,0.0279,0.0569
351,10,14.1817,0.4083,0.4546,0.9968,0.0802,0.0000,-0.0802,0.9968,0.0000,0.0000,0.0000,1.0000,0.0210,0.0279,0.0569
352,0,13.8978,0.4528,0.4400,0.9964,0.0850,0.0000,-0.0850,0.9964,0.0000,0.0000,0.0000,1.0000,0.2577,0.2263,0.1400
352,1,13.9057,0.4564,0.6052,0.9964,0.0850,0.0000,-0.0850,0.9964,0.0000,0.0000,0.0000,1.0000,0.1100,0.2168,0.3052
352,2,13.9864,0.4027,0.5173,0.9964,0.0850,0.0000,-0.0850,0.9964,0.0000,0.0000,0.0000,1.0000,0.1101,0.3070,0.2173
352,3,14.0238,0.2286,0.5889,0.9964,0.0850,0.0000,-0.0850,0.9964,0.0000,0.0000,0.0000,1.0000,0.2836,0.2073,0.2889
352,4,14.1454,0.1923,0.5062,0.9964,0.0850,0.0000,-0.0850,0.9964,0.0000,0.0000,0.0000,1.0000,0.2820,0.2947,0.2062
352,5,14.3008,0.3428,0.6614,0.9964,0.0850,0.0000,-0.0850,0.9964,0.0000,0.0000,0.0000,1.0000,0.1112,0.2100,0.3614
352,6,14.3918,0.3702,0.4265,0.9964,0.0850,0.0000,-0.0850,0.9964,0.0000,0.0000,0.0000,1.0000,0.1972,0.1336,0.1265
352,7,14.4995,0.3878,0.4491,0.9964,0.0850,0.0000,-0.0850,0.9964,0.0000,0.0000,0.0000,1.0000,0.1624,0.1625,0.0548
352,8,14.5232,0.4332,0.4472,0.9964,0.0850,0.0000,-0.0850,0.9964,0.0000,0.0000,0.0000,1.0000,0.0831,0.2046,0.1050
352,9,14.5477,0.5018,0.4544,0.9964,0.0850,0.0000,-0.0850,0.9964,0.0000,0.0000,0.0000,1.0000,0.0210,0.0279,0.0569
352,10,14.5966,0.4459,0.4546,0.9964,0.0850,0.0000,-0.0850,0.9964,0.0000,0.0000,0.0000,1.0000,0.0210,0.0279,0.0569
353,0,14.3105,0.4888,0.4400,0.9960,0.0899,0.0000,-0.0899,0.9960,0.0000,0.0000,0.0000,1.0000,0.2577,0.2263,0.1400
353,1,14.3183,0.4924,0.6052,0.9960,0.0899,0.0000,-0.0899,0.9960,0.0000,0.0000,0.0000,1.0000,0.1100,0.2168,0.3052
353,2,14.3994,0.4392,0.5173,0.9960,0.0899,0.0000,-0.0899,0.9960,0.0000,0.0000,0.0000,1.0000,0.1101,0.3070,0.2173
353,3,14.4376,0.2652,0.5889,0.9960,0.0899,0.0000,-0.0899,0.9960,0.0000,0.0000,0.0000,1.0000,0.2836,0.2073,0.2889
353,4,14.5594,0.2295,0.5062,0.9960,0.0899,0.0000,-0.0899,0.9960,0.0000,0.0000,0.0000,1.0000,0.2820,0.2947,0.2062
353,5,14.7140,0.3808,0.6614,0.9960,0.0899,0.0000,-0.0899,0.9960,0.0000,0.0000,0.0000,1.0000,0.1112,0.2100,0.3614
353,6,14.8048,0.4086,0.4265,0.9960,0.0899,0.0000,-0.0899,0.9960,0.0000,0.0000,0.0000,1.0000,0.1972,0.1336,0.1265
353,7,14.9126,0.4268,0.4491,0.9960,0.0899,0.0000,-0.0899,0.9960,0.0000,0.0000,0.0000,1.0000,0.1624,0.1625,0.0548
353,8,14.9360,0.4723,0.4472,0.9960,0.0899,0.0000,-0.0899,0.9960,0.0000,0.0000,0.0000,1.0000,0.0831,0.2046,0.1050
353,9,14.9602,0.5410,0.4544,0.9960,0.0899,0.0000,-0.0899,0.9960,0.0000,0.0000,0.0000,1.0000,0.0210,0.0279,0.0569
353,10,15.0093,0.4853,0.4546,0.9960,0.0899,0.0000,-0.0899,0.9960,0.0000,0.0000,0.0000,1.0000,0.0210,0.0279,0.0569
354,0,14.7208,0.5266,0.4400,0.9955,0.0948,0.0000,-0.0948,0.9955,0.0000,0.0000,0.0000,1.0000,0.2577,0.2263,0.1400
354,1,14.7285,0.5303,0.6052,0.9955,0.0948,0.0000,-0.0948,0.9955,0.0000,0.0000,0.0000,1.0000,0.1100,0.2168,0.3052
354,2,14.8098,0.4775,0.5173,0.9955,0.0948,0.0000,-0.0948,0.9955,0.0000,0.0000,0.0000,1.0000,0.1101,0.3070,0.2173
354,3,14.8489,0.3037,0.5889,0.9955,0.0948,0.0000,-0.0948,0.9955,0.0000,0.0000,0.0000,1.0000,0.2836,0.2073,0.2889
354,4,14.9708,0.2686,0.5062,0.9955,0.0948,0.0000,-0.0948,0.9955,0.0000,0.0000,0.0000,1.0000,0.2820,0.2947,0.2062
354,5,15.1247,0.4207,0.6614,0.9955,0.0948,0.0000,-0.0948,0.9955,0.0000,0.0000,0.0000,1.0000,0.1112,0.2100,0.3614
354,6,15.2154,0.4489,0.4265,0.9955,0.0948,0.0000,-0.0948,0.9955,0.0000,0.0000,0.0000,1.0000,0.1972,0.1336,0.1265
354,7,15.3231,0.4676,0.4491,0.9955,0.0948,0.0000,-0.0948,0.9955,0.0000,0.0000,0.0000,1.0000,0.1624,0.1625,0.0548
354,8,15.3462,0.5132,0.4472,0.9955,0.0948,0.0000,-0.0948,0.9955,0.0000,0.0000,0.0000,1.0000,0.0831,0.2046,0.1050
354,9,15.3701,0.5820,0.4544,0.9955,0.0948,0.0000,-0.0948,0.9955,0.0000,0.0000,0.0000,1.0000,0.0210,0.0279,0.0569
354,10,15.4195,0.5266,0.4546,0.9955,0.0948,0.0000,-0.0948,0.9955,0.0000,0.0000,0.0000,1.0000,0.0210,0.0279,0.0569
355,0,15.1283,0.5663,0.4400,0.9950,0.0998,0.0000,-0.0998,0.9950,0.0000,0.0000,0.0000,1.0000,0.2577,0.2263,0.1400
355,1,15.1360,0.5700,0.6052,0.9950,0.0998,0.0000,-0.0998,0.9950,0.0000,0.0000,0.0000,1.0000,0.1100,0.2168,0.3052
355,2,15.2176,0.5175,0.5173,0.9950,0.0998,0.0000,-0.0998,0.9950,0.0000,0.0000,0.0000,1.0000,0.1101,0.3070,0.2173
355,3,15.2575,0.3440,0.5889,0.9950,0.0998,0.0000,-0.0998,0.9950,0.0000,0.0000,0.0000,1.0000,0.2836,0.2073,0.2889
355,4,15.3796,0.3095,0.5062,0.9950,0.0998,0.0000,-0.0998,0.9950,0.0000,0.0000,0.0000,1.0000,0.2820,0.2947,0.2062
355,5,15.5328,0.4623,0.6614,0.9950,0.0998,0.0000,-0.0998,0.9950,0.0000,0.0000,0.0000,1.0000,0.1112,0.2100,0.3614
355,6,15.6233,0.4910,0.4265,0.9950,0.0998,0.0000,-0.0998,0.9950,0.0000,0.0000,0.0000,1.0000,0.1972,0.1336,0.1265
355,7,15.7309,0.5102,0.4491,0.9950,0.0998,0.0000,-0.0998,0.9950,0.0000,0.0000,0.0000,1.0000,0.1624,0.1625,0.0548
355,8,15.7538,0.5559,0.4472,0.9950,0.0998,0.0000,-0.0998,0.9950,0.0000,0.0000,0.0000,1.0000,0.0831,0.2046,0.1050
355,9,15.7773,0.6249,0.4544,0.9950,0.0998,0.0000,-0.0998,0.9950,0.0000,0.0000,0.0000,1.0000,0.0210,0.0279,0.0569
355,10,15.8270,0.5697,0.4546,0.9950,0.0998,0.0000,-0.0998,0.9950,0.0000,0.0000,0.0000,1.0000,0.0210,0.0279,0.0569
356,0,15.5329,0.6077,0.4400,0.9945,0.1050,0.0000,-0.1050,0.9945,0.0000,0.0000,0.0000,1.0000,0.2577,0.2263,0.1400
356,1,15.5407,0.6114,0.6052,0.9945,0.1050,0.0000,-0.1050,0.9945,0.0000,0.0000,0.0000,1.0000,0.1100,0.2168,0.3052
356,2,15.6225,0.5594,0.5173,0.9945,0.1050,0.0000,-0.1050,0.9945,0.0000,0.0000,0.0000,1.0000,0.1101,0.3070,0.2173
356,3,15.6633,0.3861,0.5889,0.9945,0.1050,0.0000,-0.1050,0.9945,0.0000,0.0000,0.0000,1.0000,0.2836,0.2073,0.2889
356,4,15.7856,0.3522,0.5062,0.9945,0.1050,0.0000,-0.1050,0.9945,0.0000,0.0000,0.0000,1.0000,0.2820,0.2947,0.2062
356,5,15.9379,0.5058,0.6614,0.9945,0.1050,0.0000,-0.1050,0.9945,0.0000,0.0000,0.0000,1.0000,0.1112,0.2100,0.3614
356,6,16.0284,0.5350,0.4265,0.9945,0.1050,0.0000,-0.1050,0.9945,0.0000,0.0000,0.0000,1.0000,0.1972,0.1336,0.1265
356,7,16.1358,0.5548,0.4491,0.9945,0.1050,0.0000,-0.1050,0.9945,0.0000,0.0000,0.0000,1.0000,0.1624,0.1625,0.0548
356,8,16.1585,0.6006,0.4472,0.9945,0.1050,0.0000,-0.1050,0.9945,0.0000,0.0000,0.0000,1.0000,0.0831,0.2046,0.1050
356,9,16.1817,0.6697,0.4544,0.9945,0.1050,0.0000,-0.1050,0.9945,0.0000,0.0000,0.0000,1.0000,0.0210,0.0279,0.0569
356,10,16.2316,0.6148,0.4546,0.9945,0.1050,0.0000,-0.1050,0.9945,0.0000,0.0000,0.0000,1.0000,0.0210,0.0279,0.0569
357,0,15.9345,0.6509,0.4400,0.9939,0.1101,0.0000,-0.1101,0.9939,0.0000,0.0000,0.0000,1.0000,0.2577,0.2263,0.1400
357,1,15.9422,0.6547,0.6052,0.9939,0.1101,0.0000,-0.1101,0.9939,0.0000,0.0000,0.0000,1.0000,0.1100,0.2168,0.3052
357,2,16.0243,0.6031,0.5173,0.9939,0.1101,0.0000,-0.1101,0.9939,0.0000,0.0000,0.0000,1.0000,0.1101,0.3070,0.2173
357,3,16.0660,0.4299,0.5889,0.9939,0.1101,0.0000,-0.1101,0.9939,0.0000,0.0000,0.0000,1.0000,0.2836,0.2073,0.2889
357,4,16.1885,0.3967,0.5062,0.9939,0.1101,0.0000,-0.1101,0.9939,0.0000,0.0000,0.0000,1.0000,0.2820,0.2947,0.2062
357,5,16.3401,0.5511,0.6614,0.9939,0.1101,0.0000,-0.1101,0.9939,0.0000,0.0000,0.0000,1.0000,0.1112,0.2100,0.3614
357,6,16.4303,0.5808,0.4265,0.9939,0.1101,0.0000,-0.1101,0.9939,0.0000,0.0000,0.0000,1.0000,0.1972,0.1336,0.1265
357,7,16.5377,0.6011,0.4491,0.9939,0.1101,0.0000,-0.1101,0.9939,0.0000,0.0000,0.0000,1.0000,0.1624,0.1625,0.0548
357,8,16.5601,0.6470,0.4472,0.9939,0.1101,0.0000,-0.1101,0.9939,0.0000,0.0000,0.0000,1.0000,0.0831,0.2046,0.1050
357,9,16.5830,0.7163,0.4544,0.9939,0.1101,0.0000,-0.1101,0.9939,0.0000,0.0000,0.0000,1.0000,0.0210,0.0279,0.0569
357,10,16.6332,0.6616,0.4546,0.9939,0.1101,0.0000,-0.1101,0.9939,0.0000,0.0000,0.0000,1.0000,0.0210,0.0279,0.0569
358,0,16.3328,0.6958,0.4400,0.9933,0.1152,0.0000,-0.1152,0.9933,0.0000,0.0000,0.0000,1.0000,0.2577,0.2263,0.1400
358,1,16.3405,0.6997,0.6052,0.9933,0.1152,0.0000,-0.1152,0.9933,0.0000,0.0000,0.0000,1.0000,0.1100,0.2168,0.3052
358,2,16.4228,0.6485,0.5173,0.9933,0.1152,0.0000,-0.1152,0.9933,0.0000,0.0000,0.0000,1.0000,0.1101,0.3070,0.2173
358,3,16.4654,0.4756,0.5889,0.9933,0.1152,0.0000,-0.1152,0.9933,0.0000,0.0000,0.0000,1.0000,0.2836,0.2073,0.2889
358,4,16.5881,0.4430,0.5062,0.9933,0.1152,0.0000,-0.1152,0.9933,0.0000,0.0000,0.0000,1.0000,0.2820,0.2947,0.2062
358,5,16.7388,0.5982,0.6614,0.9933,0.1152,0.0000,-0.1152,0.9933,0.0000,0.0000,0.0000,1.0000,0.1112,0.2100,0.3614
358,6,16.8290,0.6282,0.4265,0.9933,0.1152,0.0000,-0.1152,0.9933,0.0000,0.0000,0.0000,1.0000,0.1972,0.1336,0.1265
358,7,16.9362,0.6491,0.4491,0.9933,0.1152,0.0000,-0.1152,0.9933,0.0000,0.0000,0.0000,1.0000,0.1624,0.1625,0.0548
358,8,16.9584,0.6952,0.4472,0.9933,0.1152,0.0000,-0.1152,0.9933,0.0000,0.0000,0.0000,1.0000,0.0831,0.2046,0.1050
358,9,16.9809,0.7645,0.4544,0.9933,0.1152,0.0000,-0.1152,0.9933,0.0000,0.0000,0.0000,1.0000,0.0210,0.0279,0.0569
358,10,17.0314,0.7101,0.4546,0.9933,0.1152,0.0000,-0.1152,0.9933,0.0000,0.0000,0.0000,1.0000,0.0210,0.0279,0.0569
359,0,16.7274,0.7424,0.4400,0.9927,0.1202,0.0000,-0.1202,0.9927,0.0000,0.0000,0.0000,1.0000,0.2577,0.2263,0.1400
359,1,16.7351,0.7463,0.6052,0.9927,0.1202,0.0000,-0.1202,0.9927,0.0000,0.0000,0.0000,1.0000,0.1100,0.2168,0.3052
359,2,16.8177,0.6955,0.5173,0.9927,0.1202,0.0000,-0.1202,0.9927,0.0000,0.0000,0.0000,1.0000,0.1101,0.3070,0.2173
359,3,16.8612,0.5228,0.5889,0.9927,0.1202,0.0000,-0.1202,0.9927,0.0000,0.0000,0.0000,1.0000,0.2836,0.2073,0.2889
359,4,16.9841,0.4908,0.5062,0.9927,0.1202,0.0000,-0.1202,0.9927,0.0000,0.0000,0.0000,1.0000,0.2820,0.2947,0.2062
359,5,17.1340,0.6468,0.6614,0.9927,0.1202,0.0000,-0.1202,0.9927,0.0000,0.0000,0.0000,1.0000,0.1112,0.2100,0.3614
359,6,17.2240,0.6773,0.4265,0.9927,0.1202,0.0000,-0.1202,0.9927,0.0000,0.0000,0.0000,1.0000,0.1972,0.1336,0.1265
359,7,17.3311,0.6988,0.4491,0.9927,0.1202,0.0000,-0.1202,0.9927,0.0000,0.0000,0.0000,1.0000,0.1624,0.1625,0.0548
359,8,17.3531,0.7449,0.4472,0.9927,0.1202,0.0000,-0.1202,0.9927,0.0000,0.0000,0.0000,1.0000,0.0831,0.2046,0.1050
359,9,17.3752,0.8144,0.4544,0.9927,0.1202,0.0000,-0.1202,0.9927,0.0000,0.0000,0.0000,1.0000,0.0210,0.0279,0.0569
359,10,17.4260,0.7602,0.4546,0.9927,0.1202,0.0000,-0.1202,0.9927,0.0000,0.0000,0.0000,1.0000,0.0210,0.0279,0.0569
360,0,17.1184,0.7905,0.4400,0.9921,0.1253,0.0000,-0.1253,0.9921,0.0000,0.0000,0.0000,1.0000,0.2577,0.2263,0.1400
360,1,17.1261,0.7944,0.6052,0.9921,0.1253,0.0000,-0.1253,0.9921,0.0000,0.0000,0.0000,1.0000,0.1100,0.2168,0.3052
360,2,17.2089,0.7441,0.5173,0.9921,0.1253,0.0000,-0.1253,0.9921,0.0000,0.0000,0.0000,1.0000,0.1101,0.3070,0.2173
360,3,17.2533,0.5716,0.5889,0.9921,0.1253,0.0000,-0.1253,0.9921,0.0000,0.0000,0.0000,1.0000,0.2836,0.2073,0.2889
360,4,17.3763,0.5403,0.5062,0.9921,0.1253,0.0000,-0.1253,0.9921,0.0000,0.0000,0.0000,1.0000,0.2820,0.2947,0.2062
360,5,17.5254,0.6970,0.6614,0.9921,0.1253,0.0000,-0.1253,0.9921,0.0000,0.0000,0.0000,1.0000,0.1112,0.2100,0.3614
360,6,17.6152,0.7280,0.4265,0.9921,0.1253,0.0000,-0.1253,0.9921,0.0000,0.0000,0.0000,1.0000,0.1972,0.1336,0.1265
360,7,17.7222,0.7500,0.4491,0.9921,0.1253,0.0000,-0.1253,0.9921,0.0000,0.0000,0.0000,1.0000,0.1624,0.1625,0.0548
360,8,17.7440,0.7963,0.4472,0.9921,0.1253,0.0000,-0.1253,0.9921,0.0000,0.0000,0.0000,1.0000,0.0831,0.2046,0.1050
360,9,17.7657,0.8658,0.4544,0.9921,0.1253,0.0000,-0.1253,0.9921,0.0000,0.0000,0.0000,1.0000,0.0210,0.0279,0.0569
360,10,17.8168,0.8119,0.4546,0.9921,0.1253,0.0000,-0.1253,0.9921,0.0000,0.0000,0.0000,1.0000,0.0210,0.0279,0.0569
361,0,17.5058,0.8403,0.4400,0.9915,0.1303,0.0000,-0.1303,0.9915,0.0000,0.0000,0.0000,1.0000,0.2577,0.2263,0.1400
361,1,17.5134,0.8442,0.6052,0.9915,0.1303,0.0000,-0.1303,0.9915,0.0000,0.0000,0.0000,1.0000,0.1100,0.2168,0.3052
361,2,17.5966,0.7943,0.5173,0.9915,0.1303,0.0000,-0.1303,0.9915,0.0000,0.0000,0.0000,1.0000,0.1101,0.3070,0.2173
361,3,17.6418,0.6220,0.5889,0.9915,0.1303,0.0000,-0.1303,0.9915,0.0000,0.0000,0.0000,1.0000,0.2836,0.2073,0.2889
361,4,17.7649,0.5913,0.5062,0.9915,0.1303,0.0000,-0.1303,0.9915,0.0000,0.0000,0.0000,1.0000,0.2820,0.2947,0.2062
361,5,17.9133,0.7488,0.6614,0.9915,0.1303,0.0000,-0.1303,0.9915,0.0000,0.0000,0.0000,1.0000,0.1112,0.2100,0.3614
361,6,18.0030,0.7802,0.4265,0.9915,0.1303,0.0000,-0.1303,0.9915,0.0000,0.0000,0.0000,1.0000,0.1972,0.1336,0.1265
361,7,18.1098,0.8027,0.4491,0.9915,0.1303,0.0000,-0.1303,0.9915,0.0000,0.0000,0.0000,1.0000,0.1624,0.1625,0.0548
361,8,18.1314,0.8491,0.4472,0.9915,0.1303,0.0000,-0.1303,0.9915,0.0000,0.0000,0.0000,1.0000,0.0831,0.2046,0.1050
361,9,18.1528,0.9188,0.4544,0.9915,0.1303,0.0000,-0.1303,0.9915,0.0000,0.0000,0.0000,1.0000,0.0210,0.0279,0.0569
361,10,18.2041,0.8651,0.4546,0.9915,0.1303,0.0000,-0.1303,0.9915,0.0000,0.0000,0.0000,1.0000,0.0210,0.0279,0.0569
362,0,17.8902,0.8915,0.4400,0.9908,0.1352,0.0000,-0.1352,0.9908,0.0000,0.0000,0.0000,1.0000,0.2577,0.2263,0.1400
362,1,17.8979,0.8955,0.6052,0.9908,0.1352,0.0000,-0.1352,0.9908,0.0000,0.0000,0.0000,1.0000,0.1100,0.2168,0.3052
362,2,17.9812,0.8460,0.5173,0.9908,0.1352,0.0000,-0.1352,0.9908,0.0000,0.0000,0.0000,1.0000,0.1101,0.3070,0.2173
362,3,18.0273,0.6740,0.5889,0.9908,0.1352,0.0000,-0.1352,0.9908,0.0000,0.0000,0.0000,1.0000,0.2836,0.2073,0.2889
362,4,18.1506,0.6439,0.5062,0.9908,0.1352,0.0000,-0.1352,0.9908,0.0000,0.0000,0.0000,1.0000,0.2820,0.2947,0.2062
362,5,18.2982,0.8021,0.6614,0.9908,0.1352,0.0000,-0.1352,0.9908,0.0000,0.0000,0.0000,1.0000,0.1112,0.2100,0.3614
362,6,18.3877,0.8339,0.4265,0.9908,0.1352,0.0000,-0.1352,0.9908,0.0000,0.0000,0.0000,1.0000,0.1972,0.1336,0.1265
362,7,18.4944,0.8570,0.4491,0.9908,0.1352,0.0000,-0.1352,0.9908,0.0000,0.0000,0.0000,1.0000,0.1624,0.1625,0.0548
362,8,18.5158,0.9035,0.4472,0.9908,0.1352,0.0000,-0.1352,0.9908,0.0000,0.0000,0.0000,1.0000,0.0831,0.2046,0.1050
362,9,18.5368,0.9733,0.4544,0.9908,0.1352,0.0000,-0.1352,0.9908,0.0000,0.0000,0.0000,1.0000,0.0210,0.0279,0.0569
362,10,18.5884,0.9199,0.4546,0.9908,0.1352,0.0000,-0.1352,0.9908,0.0000,0.0000,0.0000,1.0000,0.0210,0.0279,0.0569
363,0,18.2723,0.9444,0.4400,0.9902,0.1400,0.0000,-0.1400,0.9902,0.0000,0.0000,0.0000,1.0000,0.2577,0.2263,0.1400
363,1,18.2799,0.9484,0.6052,0.9902,0.1400,0.0000,-0.1400,0.9902,0.0000,0.0000,0.0000,1.0000,0.1100,0.2168,0.3052
363,2,18.3635,0.8993,0.5173,0.9902,0.1400,0.0000,-0.1400,0.9902,0.0000,0.0000,0.0000,1.0000,0.1101,0.3070,0.2173
363,3,18.4104,0.7275,0.5889,0.9902,0.1400,0.0000,-0.1400,0.9902,0.0000,0.0000,0.0000,1.0000,0.2836,0.2073,0.2889
363,4,18.5339,0.6980,0.5062,0.9902,0.1400,0.0000,-0.1400,0.9902,0.0000,0.0000,0.0000,1.0000,0.2820,0.2947,0.2062
363,5,18.6807,0.8569,0.6614,0.9902,0.1400,0.0000,-0.1400,0.9902,0.0000,0.0000,0.0000,1.0000,0.1112,0.2100,0.3614
363,6,18.7700,0.8892,0.4265,0.9902,0.1400,0.0000,-0.1400,0.9902,0.0000,0.0000,0.0000,1.0000,0.1972,0.1336,0.1265
363,7,18.8767,0.9128,0.4491,0.9902,0.1400,0.0000,-0.1400,0.9902,0.0000,0.0000,0.0000,1.0000,0.1624,0.1625,0.0548
363,8,18.8978,0.9594,0.4472,0.9902,0.1400,0.0000,-0.1400,0.9902,0.0000,0.0000,0.0000,1.0000,0.0831,0.2046,0.1050
363,9,18.9185,1.0293,0.4544,0.9902,0.1400,0.0000,-0.1400,0.9902,0.0000,0.0000,0.0000,1.0000,0.0210,0.0279,0.0569
363,10,18.9703,0.9761,0.4546,0.9902,0.1400,0.0000,-0.1400,0.9902,0.0000,0.0000,0.0000,1.0000,0.0210,0.0279,0.0569
364,0,18.6524,0.9989,0.4400,0.9895,0.1447,0.0000,-0.1447,0.9895,0.0000,0.0000,0.0000,1.0000,0.2577,0.2263,0.1400
364,1,18.6600,1.0029,0.6052,0.9895,0.1447,0.0000,-0.1447,0.9895,0.0000,0.0000,0.0000,1.0000,0.1100,0.2168,0.3052
364,2,18.7439,0.9542,0.5173,0.9895,0.1447,0.0000,-0.1447,0.9895,0.0000,0.0000,0.0000,1.0000,0.1101,0.3070,0.2173
364,3,18.7916,0.7826,0.5889,0.9895,0.1447,0.0000,-0.1447,0.9895,0.0000,0.0000,0.0000,1.0000,0.2836,0.2073,0.2889
364,4,18.9152,0.7537,0.5062,0.9895,0.1447,0.0000,-0.1447,0.9895,0.0000,0.0000,0.0000,1.0000,0.2820,0.2947,0.2062
364,5,19.0612,0.9133,0.6614,0.9895,0.1447,0.0000,-0.1447,0.9895,0.0000,0.0000,0.0000,1.0000,0.1112,0.2100,0.3614
364,6,19.1504,0.9461,0.4265,0.9895,0.1447,0.0000,-0.1447,0.9895,0.0000,0.0000,0.0000,1.0000,0.1972,0.1336,0.1265
364,7,19.2570,0.9702,0.4491,0.9895,0.1447,0.0000,-0.1447,0.9895,0.0000,0.0000,0.0000,1.0000,0.1624,0.1625,0.0548
364,8,19.2778,1.0169,0.4472,0.9895,0.1447,0.0000,-0.1447,0.9895,0.0000,0.0000,0.0000,1.0000,0.0831,0.2046,0.1050
364,9,19.2982,1.0869,0.4544,0.9895,0.1447,0.0000,-0.1447,0.9895,0.0000,0.0000,0.0000,1.0000,0.0210,0.0279,0.0569
364,10,19.3503,1.0339,0.4546,0.9895,0.1447,0.0000,-0.1447,0.9895,0.0000,0.0000,0.0000,1.0000,0.0210,0.0279,0.0569
365,0,19.0307,1.0549,0.4400,0.9888,0.1494,0.0000,-0.1494,0.9888,0.0000,0.0000,0.0000,1.0000,0.2577,0.2263,0.1400
365,1,19.0383,1.0590,0.6052,0.9888,0.1494,0.0000,-0.1494,0.9888,0.0000,0.0000,0.0000,1.0000,0.1100,0.2168,0.3052
365,2,19.1224,1.0107,0.5173,0.9888,0.1494,0.0000,-0.1494,0.9888,0.0000,0.0000,0.0000,1.0000,0.1101,0.3070,0.2173
365,3,19.1709,0.8393,0.5889,0.9888,0.1494,0.0000,-0.1494,0.9888,0.0000,0.0000,0.0000,1.0000,0.2836,0.2073,0.2889
365,4,19.2946,0.8110,0.5062,0.9888,0.1494,0.0000,-0.1494,0.9888,0.0000,0.0000,0.0000,1.0000,0.2820,0.2947,0.2062
365,5,19.4399,0.9713,0.6614,0.9888,0.1494,0.0000,-0.1494,0.9888,0.0000,0.0000,0.0000,1.0000,0.1112,0.2100,0.3614
365,6,19.5290,1.0045,0.4265,0.9888,0.1494,0.0000,-0.1494,0.9888,0.0000,0.0000,0.0000,1.0000,0.1972,0.1336,0.1265
365,7,19.6354,1.0291,0.4491,0.9888,0.1494,0.0000,-0.1494,0.9888,0.0000,0.0000,0.0000,1.0000,0.1624,0.1625,0.0548
365,8,19.6560,1.0759,0.4472,0.9888,0.1494,0.0000,-0.1494,0.9888,0.0000,0.0000,0.0000,1.0000,0.0831,0.2046,0.1050
365,9,19.6761,1.1460,0.4544,0.9888,0.1494,0.0000,-0.1494,0.9888,0.0000,0.0000,0.0000,1.0000,0.0210,0.0279,0.0569
365,10,19.7284,1.0933,0.4546,0.9888,0.1494,0.0000,-0.1494,0.9888,0.0000,0.0000,0.0000,1.0000,0.0210,0.0279,0.0569
366,0,19.4069,1.1125,0.4400,0.9881,0.1540,0.0000,-0.1540,0.9881,0.0000,0.0000,0.0000,1.0000,0.2577,0.2263,0.1400
366,1,19.4145,1.1166,0.6052,0.9881,0.1540,0.0000,-0.1540,0.9881,0.0000,0.0000,0.0000,1.0000,0.1100,0.2168,0.3052
366,2,19.4988,1.0687,0.5173,0.9881,0.1540,0.0000,-0.1540,0.9881,0.0000,0.0000,0.0000,1.0000,0.1101,0.3070,0.2173
366,3,19.5481,0.8975,0.5889,0.9881,0.1540,0.0000,-0.1540,0.9881,0.0000,0.0000,0.0000,1.0000,0.2836,0.2073,0.2889
366,4,19.6720,0.8698,0.5062,0.9881,0.1540,0.0000,-0.1540,0.9881,0.0000,0.0000,0.0000,1.0000,0.2820,0.2947,0.2062
366,5,19.8165,1.0308,0.6614,0.9881,0.1540,0.0000,-0.1540,0.9881,0.0000,0.0000,0.0000,1.0000,0.1112,0.2100,0.3614
366,6,19.9054,1.0644,0.4265,0.9881,0.1540,0.0000,-0.1540,0.9881,0.0000,0.0000,0.0000,1.0000,0.1972,0.1336,0.1265
366,7,20.0117,1.0894,0.4491,0.9881,0.1540,0.0000,-0.1540,0.9881,0.0000,0.0000,0.0000,1.0000,0.1624,0.1625,0.0548
366,8,20.0321,1.1363,0.4472,0.9881,0.1540,0.0000,-0.1540,0.9881,0.0000,0.0000,0.0000,1.0000,0.0831,0.2046,0.1050
366,9,20.0518,1.2065,0.4544,0.9881,0.1540,0.0000,-0.1540,0.9881,0.0000,0.0000,0.0000,1.0000,0.0210,0.0279,0.0569
366,10,20.1044,1.1541,0.4546,0.9881,0.1540,0.0000,-0.1540,0.9881,0.0000,0.0000,0.0000,1.0000,0.0210,0.0279,0.0569
367,0,19.7808,1.1714,0.4400,0.9873,0.1586,0.0000,-0.1586,0.9873,0.0000,0.0000,0.0000,1.0000,0.2577,0.2263,0.1400
367,1,19.7883,1.1756,0.6052,0.9873,0.1586,0.0000,-0.1586,0.9873,0.0000,0.0000,0.0000,1.0000,0.1100,0.2168,0.3052
367,2,19.8728,1.1281,0.5173,0.9873,0.1586,0.0000,-0.1586,0.9873,0.0000,0.0000,0.0000,1.0000,0.1101,0.3070,0.2173
367,3,19.9229,0.9572,0.5889,0.9873,0.1586,0.0000,-0.1586,0.9873,0.0000,0.0000,0.0000,1.0000,0.2836,0.2073,0.2889
367,4,20.0469,0.9300,0.5062,0.9873,0.1586,0.0000,-0.1586,0.9873,0.0000,0.0000,0.0000,1.0000,0.2820,0.2947,0.2062
367,5,20.1907,1.0917,0.6614,0.9873,0.1586,0.0000,-0.1586,0.9873,0.0000,0.0000,0.0000,1.0000,0.1112,0.2100,0.3614
367,6,20.2794,1.1257,0.4265,0.9873,0.1586,0.0000,-0.1586,0.9873,0.0000,0.0000,0.0000,1.0000,0.1972,0.1336,0.1265
367,7,20.3856,1.1512,0.4491,0.9873,0.1586,0.0000,-0.1586,0.9873,0.0000,0.0000,0.0000,1.0000,0.1624,0.1625,0.0548
367,8,20.4058,1.1982,0.4472,0.9873,0.1586,0.0000,-0.1586,0.9873,0.0000,0.0000,0.0000,1.0000,0.0831,0.2046,0.1050
367,9,20.4252,1.2685,0.4544,0.9873,0.1586,0.0000,-0.1586,0.9873,0.0000,0.0000,0.0000,1.0000,0.0210,0.0279,0.0569
367,10,20.4781,1.2163,0.4546,0.9873,0.1586,0.0000,-0.1586,0.9873,0.0000,0.0000,0.0000,1.0000,0.0210,0.0279,0.0569
368,0,20.1522,1.2318,0.4400,0.9866,0.1632,0.0000,-0.1632,0.9866,0.0000,0.0000,0.0000,1.0000,0.2577,0.2263,0.1400
368,1,20.1597,1.2360,0.6052,0.9866,0.1632,0.0000,-0.1632,0.9866,0.0000,0.0000,0.0000,1.0000,0.1100,0.2168,0.3052
368,2,20.2445,1.1889,0.5173,0.9866,0.1632,0.0000,-0.1632,0.9866,0.0000,0.0000,0.0000,1.0000,0.1101,0.3070,0.2173
368,3,20.2954,1.0182,0.5889,0.9866,0.1632,0.0000,-0.1632,0.9866,0.0000,0.0000,0.0000,1.0000,0.2836,0.2073,0.2889
368,4,20.4195,0.9916,0.5062,0.9866,0.1632,0.0000,-0.1632,0.9866,0.0000,0.0000,0.0000,1.0000,0.2820,0.2947,0.2062
368,5,20.5625,1.1539,0.6614,0.9866,0.1632,0.0000,-0.1632,0.9866,0.0000,0.0000,0.0000,1.0000,0.1112,0.2100,0.3614
368,6,20.6511,1.1883,0.4265,0.9866,0.1632,0.0000,-0.1632,0.9866,0.0000,0.0000,0.0000,1.0000,0.1972,0.1336,0.1265
368,7,20.7572,1.2144,0.4491,0.9866,0.1632,0.0000,-0.1632,0.9866,0.0000,0.0000,0.0000,1.0000,0.1624,0.1625,0.0548
368,8,20.7771,1.2615,0.4472,0.9866,0.1632,0.0000,-0.1632,0.9866,0.0000,0.0000,0.0000,1.0000,0.0831,0.2046,0.1050
368,9,20.7962,1.3318,0.4544,0.9866,0.1632,0.0000,-0.1632,0.9866,0.0000,0.0000,0.0000,1.0000,0.0210,0.0279,0.0569
368,10,20.8493,1.2799,0.4546,0.9866,0.1632,0.0000,-0.1632,0.9866,0.0000,0.0000,0.0000,1.0000,0.0210,0.0279,0.0569
369,0,20.5217,1.2936,0.4400,0.9858,0.1678,0.0000,-0.1678,0.9858,0.0000,0.0000,0.0000,1.0000,0.2577,0.2263,0.1400
369,1,20.5292,1.2978,0.6052,0.9858,0.1678,0.0000,-0.1678,0.9858,0.0000,0.0000,0.0000,1.0000,0.1100,0.2168,0.3052
369,2,20.6141,1.2511,0.5173,0.9858,0.1678,0.0000,-0.1678,0.9858,0.0000,0.0000,0.0000,1.0000,0.1101,0.3070,0.2173
369,3,20.6658,1.0807,0.5889,0.9858,0.1678,0.0000,-0.1678,0.9858,0.0000,0.0000,0.0000,1.0000,0.2836,0.2073,0.2889
369,4,20.7901,1.0547,0.5062,0.9858,0.1678,0.0000,-0.1678,0.9858,0.0000,0.0000,0.0000,1.0000,0.2820,0.2947,0.2062
369,5,20.9323,1.2176,0.6614,0.9858,0.1678,0.0000,-0.1678,0.9858,0.0000,0.0000,0.0000,1.0000,0.1112,0.2100,0.3614
369,6,21.0207,1.2525,0.4265,0.9858,0.1678,0.0000,-0.1678,0.9858,0.0000,0.0000,0.0000,1.0000,0.1972,0.1336,0.1265
369,7,21.1267,1.2790,0.4491,0.9858,0.1678,0.0000,-0.1678,0.9858,0.0000,0.0000,0.0000,1.0000,0.1624,0.1625,0.0548
369,8,21.1464,1.3262,0.4472,0.9858,0.1678,0.0000,-0.1678,0.9858,0.0000,0.0000,0.0000,1.0000,0.0831,0.2046,0.1050
369,9,21.1652,1.3966,0.4544,0.9858,0.1678,0.0000,-0.1678,0.9858,0.0000,0.0000,0.0000,1.0000,0.0210,0.0279,0.0569
369,10,21.2185,1.3450,0.4546,0.9858,0.1678,0.0000,-0.1678,0.9858,0.0000,0.0000,0.0000,1.0000,0.0210,0.0279,0.0569
370,0,20.8897,1.3569,0.4400,0.9850,0.1725,0.0000,-0.1725,0.9850,0.0000,0.0000,0.0000,1.0000,0.2577,0.2263,0.1400
370,1,20.8971,1.3612,0.6052,0.9850,0.1725,0.0000,-0.1725,0.9850,0.0000,0.0000,0.0000,1.0000,0.1100,0.2168,0.3052
370,2,20.9823,1.3149,0.5173,0.9850,0.1725,0.0000,-0.1725,0.9850,0.0000,0.0000,0.0000,1.0000,0.1101,0.3070,0.2173
370,3,21.0348,1.1447,0.5889,0.9850,0.1725,0.0000,-0.1725,0.9850,0.0000,0.0000,0.0000,1.0000,0.2836,0.2073,0.2889
370,4,21.1592,1.1193,0.5062,0.9850,0.1725,0.0000,-0.1725,0.9850,0.0000,0.0000,0.0000,1.0000,0.2820,0.2947,0.2062
370,5,21.3007,1.2829,0.6614,0.9850,0.1725,0.0000,-0.1725,0.9850,0.0000,0.0000,0.0000,1.0000,0.1112,0.2100,0.3614
370,6,21.3889,1.3182,0.4265,0.9850,0.1725,0.0000,-0.1725,0.9850,0.0000,0.0000,0.0000,1.0000,0.1972,0.1336,0.1265
370,7,21.4947,1.3452,0.4491,0.9850,0.1725,0.0000,-0.1725,0.9850,0.0000,0.0000,0.0000,1.0000,0.1624,0.1625,0.0548
370,8,21.5143,1.3925,0.4472,0.9850,0.1725,0.0000,-0.1725,0.9850,0.0000,0.0000,0.0000,1.0000,0.0831,0.2046,0.1050
370,9,21.5327,1.4630,0.4544,0.9850,0.1725,0.0000,-0.1725,0.9850,0.0000,0.0000,0.0000,1.0000,0.0210,0.0279,0.0569
370,10,21.5863,1.4116,0.4546,0.9850,0.1725,0.0000,-0.1725,0.9850,0.0000,0.0000,0.0000,1.0000,0.0210,0.0279,0.0569
371,0,21.2568,1.4219,0.4400,0.9842,0.1772,0.0000,-0.1772,0.9842,0.0000,0.0000,0.0000,1.0000,0.2577,0.2263,0.1400
371,1,21.2642,1.4262,0.6052,0.9842,0.1772,0.0000,-0.1772,0.9842,0.0000,0.0000,0.0000,1.0000,0.1100,0.2168,0.3052
371,2,21.3496,1.3803,0.5173,0.9842,0.1772,0.0000,-0.1772,0.9842,0.0000,0.0000,0.0000,1.0000,0.1101,0.3070,0.2173
371,3,21.4030,1.2104,0.5889,0.9842,0.1772,0.0000,-0.1772,0.9842,0.0000,0.0000,0.0000,1.0000,0.2836,0.2073,0.2889
371,4,21.5274,1.1855,0.5062,0.9842,0.1772,0.0000,-0.1772,0.9842,0.0000,0.0000,0.0000,1.0000,0.2820,0.2947,0.2062
371,5,21.6681,1.3499,0.6614,0.9842,0.1772,0.0000,-0.1772,0.9842,0.0000,0.0000,0.0000,1.0000,0.1112,0.2100,0.3614
371,6,21.7562,1.3855,0.4265,0.9842,0.1772,0.0000,-0.1772,0.9842,0.0000,0.0000,0.0000,1.0000,0.1972,0.1336,0.1265
371,7,21.8619,1.4131,0.4491,0.9842,0.1772,0.0000,-0.1772,0.9842,0.0000,0.0000,0.0000,1.0000,0.1624,0.1625,0.0548
371,8,21.8812,1.4605,0.4472,0.9842,0.1772,0.0000,-0.1772,0.9842,0.0000,0.0000,0.0000,1.0000,0.0831,0.2046,0.1050
371,9,21.8993,1.5311,0.4544,0.9842,0.1772,0.0000,-0.1772,0.9842,0.0000,0.0000,0.0000,1.0000,0.0210,0.0279,0.0569
371,10,21.9531,1.4799,0.4546,0.9842,0.1772,0.0000,-0.1772,0.9842,0.0000,0.0000,0.0000,1.0000,0.0210,0.0279,0.0569
372,0,21.6233,1.4886,0.4400,0.9833,0.1819,0.0000,-0.1819,0.9833,0.0000,0.0000,0.0000,1.0000,0.2577,0.2263,0.1400
372,1,21.6307,1.4929,0.6052,0.9833,0.1819,0.0000,-0.1819,0.9833,0.0000,0.0000,0.0000,1.0000,0.1100,0.2168,0.3052
372,2,21.7163,1.4475,0.5173,0.9833,0.1819,0.0000,-0.1819,0.9833,0.0000,0.0000,0.0000,1.0000,0.1101,0.3070,0.2173
372,3,21.7705,1.2778,0.5889,0.9833,0.1819,0.0000,-0.1819,0.9833,0.0000,0.0000,0.0000,1.0000,0.2836,0.2073,0.2889
372,4,21.8951,1.2536,0.5062,0.9833,0.1819,0.0000,-0.1819,0.9833,0.0000,0.0000,0.0000,1.0000,0.2820,0.2947,0.2062
372,5,22.0350,1.4186,0.6614,0.9833,0.1819,0.0000,-0.1819,0.9833,0.0000,0.0000,0.0000,1.0000,0.1112,0.2100,0.3614
372,6,22.1229,1.4547,0.4265,0.9833,0.1819,0.0000,-0.1819,0.9833,0.0000,0.0000,0.0000,1.0000,0.1972,0.1336,0.1265
372,7,22.2285,1.4827,0.4491,0.9833,0.1819,0.0000,-0.1819,0.9833,0.0000,0.0000,0.0000,1.0000,0.1624,0.1625,0.0548
372,8,22.2476,1.5302,0.4472,0.9833,0.1819,0.0000,-0.1819,0.9833,0.0000,0.0000,0.0000,1.0000,0.0831,0.2046,0.1050
372,9,22.2653,1.6009,0.4544,0.9833,0.1819,0.0000,-0.1819,0.9833,0.0000,0.0000,0.0000,1.0000,0.0210,0.0279,0.0569
372,10,22.3194,1.5500,0.4546,0.9833,0.1819,0.0000,-0.1819,0.9833,0.0000,0.0000,0.0000,1.0000,0.0210,0.0279,0.0569
373,0,21.9894,1.5571,0.4400,0.9824,0.1869,0.0000,-0.1869,0.9824,0.0000,0.0000,0.0000,1.0000,0.2577,0.2263,0.1400
373,1,21.9968,1.5615,0.6052,0.9824,0.1869,0.0000,-0.1869,0.9824,0.0000,0.0000,0.0000,1.0000,0.1100,0.2168,0.3052
373,2,22.0827,1.5164,0.5173,0.9824,0.1869,0.0000,-0.1869,0.9824,0.0000,0.0000,0.0000,1.0000,0.1101,0.3070,0.2173
373,3,22.1377,1.3470,0.5889,0.9824,0.1869,0.0000,-0.1869,0.9824,0.0000,0.0000,0.0000,1.0000,0.2836,0.2073,0.2889
373,4,22.2624,1.3234,0.5062,0.9824,0.1869,0.0000,-0.1869,0.9824,0.0000,0.0000,0.0000,1.0000,0.2820,0.2947,0.2062
373,5,22.4015,1.4891,0.6614,0.9824,0.1869,0.0000,-0.1869,0.9824,0.0000,0.0000,0.0000,1.0000,0.1112,0.2100,0.3614
373,6,22.4892,1.5257,0.4265,0.9824,0.1869,0.0000,-0.1869,0.9824,0.0000,0.0000,0.0000,1.0000,0.1972,0.1336,0.1265
373,7,22.5946,1.5543,0.4491,0.9824,0.1869,0.0000,-0.1869,0.9824,0.0000,0.0000,0.0000,1.0000,0.1624,0.1625,0.0548
373,8,22.6135,1.6018,0.4472,0.9824,0.1869,0.0000,-0.1869,0.9824,0.0000,0.0000,0.0000,1.0000,0.0831,0.2046,0.1050
373,9,22.6308,1.6726,0.4544,0.9824,0.1869,0.0000,-0.1869,0.9824,0.0000,0.0000,0.0000,1.0000,0.0210,0.0279,0.0569
373,10,22.6852,1.6220,0.4546,0.9824,0.1869,0.0000,-0.1869,0.9824,0.0000,0.0000,0.0000,1.0000,0.0210,0.0279,0.0569
374,0,22.3552,1.6275,0.4400,0.9814,0.1920,0.0000,-0.1920,0.9814,0.0000,0.0000,0.0000,1.0000,0.2577,0.2263,0.1400
374,1,22.3626,1.6319,0.6052,0.9814,0.1920,0.0000,-0.1920,0.9814,0.0000,0.0000,0.0000,1.0000,0.1100,0.2168,0.3052
374,2,22.4486,1.5872,0.5173,0.9814,0.1920,0.0000,-0.1920,0.9814,0.0000,0.0000,0.0000,1.0000,0.1101,0.3070,0.2173
374,3,22.5045,1.4181,0.5889,0.9814,0.1920,0.0000,-0.1920,0.9814,0.0000,0.0000,0.0000,1.0000,0.2836,0.2073,0.2889
374,4,22.6294,1.3952,0.5062,0.9814,0.1920,0.0000,-0.1920,0.9814,0.0000,0.0000,0.0000,1.0000,0.2820,0.2947,0.2062
374,5,22.7676,1.5616,0.6614,0.9814,0.1920,0.0000,-0.1920,0.9814,0.0000,0.0000,0.0000,1.0000,0.1112,0.2100,0.3614
374,6,22.8551,1.5986,0.4265,0.9814,0.1920,0.0000,-0.1920,0.9814,0.0000,0.0000,0.0000,1.0000,0.1972,0.1336,0.1265
374,7,22.9604,1.6277,0.4491,0.9814,0.1920,0.0000,-0.1920,0.9814,0.0000,0.0000,0.0000,1.0000,0.1624,0.1625,0.0548
374,8,22.9790,1.6754,0.4472,0.9814,0.1920,0.0000,-0.1920,0.9814,0.0000,0.0000,0.0000,1.0000,0.0831,0.2046,0.1050
374,9,22.9960,1.7463,0.4544,0.9814,0.1920,0.0000,-0.1920,0.9814,0.0000,0.0000,0.0000,1.0000,0.0210,0.0279,0.0569
374,10,23.0506,1.6959,0.4546,0.9814,0.1920,0.0000,-0.1920,0.9814,0.0000,0.0000,0.0000,1.0000,0.0210,0.0279,0.0569
375,0,22.7207,1.6997,0.4400,0.9804,0.1971,0.0000,-0.1971,0.9804,0.0000,0.0000,0.0000,1.0000,0.2577,0.2263,0.1400
375,1,22.7280,1.7042,0.6052,0.9804,0.1971,0.0000,-0.1971,0.9804,0.0000,0.0000,0.0000,1.0000,0.1100,0.2168,0.3052
375,2,22.8143,1.6600,0.5173,0.9804,0.1971,0.0000,-0.1971,0.9804,0.0000,0.0000,0.0000,1.0000,0.1101,0.3070,0.2173
375,3,22.8711,1.4912,0.5889,0.9804,0.1971,0.0000,-0.1971,0.9804,0.0000,0.0000,0.0000,1.0000,0.2836,0.2073,0.2889
375,4,22.9961,1.4689,0.5062,0.9804,0.1971,0.0000,-0.1971,0.9804,0.0000,0.0000,0.0000,1.0000,0.2820,0.2947,0.2062
375,5,23.1334,1.6360,0.6614,0.9804,0.1971,0.0000,-0.1971,0.9804,0.0000,0.0000,0.0000,1.0000,0.1112,0.2100,0.3614
375,6,23.2207,1.6735,0.4265,0.9804,0.1971,0.0000,-0.1971,0.9804,0.0000,0.0000,0.0000,1.0000,0.1972,0.1336,0.1265
375,7,23.3259,1.7032,0.4491,0.9804,0.1971,0.0000,-0.1971,0.9804,0.0000,0.0000,0.0000,1.0000,0.1624,0.1625,0.0548
375,8,23.3442,1.7509,0.4472,0.9804,0.1971,0.0000,-0.1971,0.9804,0.0000,0.0000,0.0000,1.0000,0.0831,0.2046,0.1050
375,9,23.3608,1.8219,0.4544,0.9804,0.1971,0.0000,-0.1971,0.9804,0.0000,0.0000,0.0000,1.0000,0.0210,0.0279,0.0569
375,10,23.4157,1.7718,0.4546,0.9804,0.1971,0.0000,-0.1971,0.9804,0.0000,0.0000,0.0000,1.0000,0.0210,0.0279,0.0569
376,0,23.0860,1.7740,0.4400,0.9793,0.2023,0.0000,-0.2023,0.9793,0.0000,0.0000,0.0000,1.0000,0.2577,0.2263,0.1400
376,1,23.0933,1.7784,0.6052,0.9793,0.2023,0.0000,-0.2023,0.9793,0.0000,0.0000,0.0000,1.0000,0.1100,0.2168,0.3052
376,2,23.1799,1.7347,0.5173,0.9793,0.2023,0.0000,-0.2023,0.9793,0.0000,0.0000,0.0000,1.0000,0.1101,0.3070,0.2173
376,3,23.2375,1.5662,0.5889,0.9793,0.2023,0.0000,-0.2023,0.9793,0.0000,0.0000,0.0000,1.0000,0.2836,0.2073,0.2889
376,4,23.3626,1.5446,0.5062,0.9793,0.2023,0.0000,-0.2023,0.9793,0.0000,0.0000,0.0000,1.0000,0.2820,0.2947,0.2062
376,5,23.4991,1.7124,0.6614,0.9793,0.2023,0.0000,-0.2023,0.9793,0.0000,0.0000,0.0000,1.0000,0.1112,0.2100,0.3614
376,6,23.5862,1.7504,0.4265,0.9793,0.2023,0.0000,-0.2023,0.9793,0.0000,0.0000,0.0000,1.0000,0.1972,0.1336,0.1265
376,7,23.6911,1.7806,0.4491,0.9793,0.2023,0.0000,-0.2023,0.9793,0.0000,0.0000,0.0000,1.0000,0.1624,0.1625,0.0548
376,8,23.7092,1.8285,0.4472,0.9793,0.2023,0.0000,-0.2023,0.9793,0.0000,0.0000,0.0000,1.0000,0.0831,0.2046,0.1050
376,9,23.7255,1.8995,0.4544,0.9793,0.2023,0.0000,-0.2023,0.9793,0.0000,0.0000,0.0000,1.0000,0.0210,0.0279,0.0569
376,10,23.7806,1.8497,0.4546,0.9793,0.2023,0.0000,-0.2023,0.9793,0.0000,0.0000,0.0000,1.0000,0.0210,0.0279,0.0569
377,0,23.4511,1.8502,0.4400,0.9782,0.2076,0.0000,-0.2076,0.9782,0.0000,0.0000,0.0000,1.0000,0.2577,0.2263,0.1400
377,1,23.4584,1.8547,0.6052,0.9782,0.2076,0.0000,-0.2076,0.9782,0.0000,0.0000,0.0000,1.0000,0.1100,0.2168,0.3052
377,2,23.5452,1.8115,0.5173,0.9782,0.2076,0.0000,-0.2076,0.9782,0.0000,0.0000,0.0000,1.0000,0.1101,0.3070,0.2173
377,3,23.6038,1.6433,0.5889,0.9782,0.2076,0.0000,-0.2076,0.9782,0.0000,0.0000,0.0000,1.0000,0.2836,0.2073,0.2889
377,4,23.7290,1.6223,0.5062,0.9782,0.2076,0.0000,-0.2076,0.9782,0.0000,0.0000,0.0000,1.0000,0.2820,0.2947,0.2062
377,5,23.8645,1.7909,0.6614,0.9782,0.2076,0.0000,-0.2076,0.9782,0.0000,0.0000,0.0000,1.0000,0.1112,0.2100,0.3614
377,6,23.9515,1.8293,0.4265,0.9782,0.2076,0.0000,-0.2076,0.9782,0.0000,0.0000,0.0000,1.0000,0.1972,0.1336,0.1265
377,7,24.0562,1.8601,0.4491,0.9782,0.2076,0.0000,-0.2076,0.9782,0.0000,0.0000,0.0000,1.0000,0.1624,0.1625,0.0548
377,8,24.0741,1.9081,0.4472,0.9782,0.2076,0.0000,-0.2076,0.9782,0.0000,0.0000,0.0000,1.0000,0.0831,0.2046,0.1050
377,9,24.0900,1.9792,0.4544,0.9782,0.2076,0.0000,-0.2076,0.9782,0.0000,0.0000,0.0000,1.0000,0.0210,0.0279,0.0569
377,10,24.1453,1.9298,0.4546,0.9782,0.2076,0.0000,-0.2076,0.9782,0.0000,0.0000,0.0000,1.0000,0.0210,0.0279,0.0569
378,0,23.8159,1.9284,0.4400,0.9771,0.2130,0.0000,-0.2130,0.9771,0.0000,0.0000,0.0000,1.0000,0.2577,0.2263,0.1400
378,1,23.8232,1.9330,0.6052,0.9771,0.2130,0.0000,-0.2130,0.9771,0.0000,0.0000,0.0000,1.0000,0.1100,0.2168,0.3052
378,2,23.9102,1.8902,0.5173,0.9771,0.2130,0.0000,-0.2130,0.9771,0.0000,0.0000,0.0000,1.0000,0.1101,0.3070,0.2173
378,3,23.9697,1.7224,0.5889,0.9771,0.2130,0.0000,-0.2130,0.9771,0.0000,0.0000,0.0000,1.0000,0.2836,0.2073,0.2889
378,4,24.0950,1.7021,0.5062,0.9771,0.2130,0.0000,-0.2130,0.9771,0.0000,0.0000,0.0000,1.0000,0.2820,0.2947,0.2062
378,5,24.2297,1.8714,0.6614,0.9771,0.2130,0.0000,-0.2130,0.9771,0.0000,0.0000,0.0000,1.0000,0.1112,0.2100,0.3614
378,6,24.3164,1.9103,0.4265,0.9771,0.2130,0.0000,-0.2130,0.9771,0.0000,0.0000,0.0000,1.0000,0.1972,0.1336,0.1265
378,7,24.4210,1.9417,0.4491,0.9771,0.2130,0.0000,-0.2130,0.9771,0.0000,0.0000,0.0000,1.0000,0.1624,0.1625,0.0548
378,8,24.4386,1.9897,0.4472,0.9771,0.2130,0.0000,-0.2130,0.9771,0.0000,0.0000,0.0000,1.0000,0.0831,0.2046,0.1050
378,9,24.4540,2.0610,0.4544,0.9771,0.2130,0.0000,-0.2130,0.9771,0.0000,0.0000,0.0000,1.0000,0.0210,0.0279,0.0569
378,10,24.5097,2.0118,0.4546,0.9771,0.2130,0.0000,-0.2130,0.9771,0.0000,0.0000,0.0000,1.0000,0.0210,0.0279,0.0569
379,0,24.1802,2.0086,0.4400,0.9759,0.2183,0.0000,-0.2183,0.9759,0.0000,0.0000,0.0000,1.0000,0.2577,0.2263,0.1400
379,1,24.1874,2.0132,0.6052,0.9759,0.2183,0.0000,-0.2183,0.9759,0.0000,0.0000,0.0000,1.0000,0.1100,0.2168,0.3052
379,2,24.2747,1.9710,0.5173,0.9759,0.2183,0.0000,-0.2183,0.9759,0.0000,0.0000,0.0000,1.0000,0.1101,0.3070,0.2173
379,3,24.3351,1.8034,0.5889,0.9759,0.2183,0.0000,-0.2183,0.9759,0.0000,0.0000,0.0000,1.0000,0.2836,0.2073,0.2889
379,4,24.4605,1.7838,0.5062,0.9759,0.2183,0.0000,-0.2183,0.9759,0.0000,0.0000,0.0000,1.0000,0.2820,0.2947,0.2062
379,5,24.5942,1.9539,0.6614,0.9759,0.2183,0.0000,-0.2183,0.9759,0.0000,0.0000,0.0000,1.0000,0.1112,0.2100,0.3614
379,6,24.6807,1.9932,0.4265,0.9759,0.2183,0.0000,-0.2183,0.9759,0.0000,0.0000,0.0000,1.0000,0.1972,0.1336,0.1265
379,7,24.7851,2.0252,0.4491,0.9759,0.2183,0.0000,-0.2183,0.9759,0.0000,0.0000,0.0000,1.0000,0.1624,0.1625,0.0548
379,8,24.8024,2.0734,0.4472,0.9759,0.2183,0.0000,-0.2183,0.9759,0.0000,0.0000,0.0000,1.0000,0.0831,0.2046,0.1050
379,9,24.8175,2.1447,0.4544,0.9759,0.2183,0.0000,-0.2183,0.9759,0.0000,0.0000,0.0000,1.0000,0.0210,0.0279,0.0569
379,10,24.8734,2.0958,0.4546,0.9759,0.2183,0.0000,-0.2183,0.9759,0.0000,0.0000,0.0000,1.0000,0.0210,0.0279,0.0569
380,0,24.5436,2.0908,0.4400,0.9747,0.2237,0.0000,-0.2237,0.9747,0.0000,0.0000,0.0000,1.0000,0.2577,0.2263,0.1400
380,1,24.5508,2.0954,0.6052,0.9747,0.2237,0.0000,-0.2237,0.9747,0.0000,0.0000,0.0000,1.0000,0.1100,0.2168,0.3052
380,2,24.6383,2.0536,0.5173,0.9747,0.2237,0.0000,-0.2237,0.9747,0.0000,0.0000,0.0000,1.0000,0.1101,0.3070,0.2173
380,3,24.6997,1.8864,0.5889,0.9747,0.2237,0.0000,-0.2237,0.9747,0.0000,0.0000,0.0000,1.0000,0.2836,0.2073,0.2889
380,4,24.8252,1.8675,0.5062,0.9747,0.2237,0.0000,-0.2237,0.9747,0.0000,0.0000,0.0000,1.0000,0.2820,0.2947,0.2062
380,5,24.9579,2.0383,0.6614,0.9747,0.2237,0.0000,-0.2237,0.9747,0.0000,0.0000,0.0000,1.0000,0.1112,0.2100,0.3614
380,6,25.0442,2.0781,0.4265,0.9747,0.2237,0.0000,-0.2237,0.9747,0.0000,0.0000,0.0000,1.0000,0.1972,0.1336,0.1265
380,7,25.1485,2.1107,0.4491,0.9747,0.2237,0.0000,-0.2237,0.9747,0.0000,0.0000,0.0000,1.0000,0.1624,0.1625,0.0548
380,8,25.1655,2.1589,0.4472,0.9747,0.2237,0.0000,-0.2237,0.9747,0.0000,0.0000,0.0000,1.0000,0.0831,0.2046,0.1050
380,9,25.1802,2.2303,0.4544,0.9747,0.2237,0.0000,-0.2237,0.9747,0.0000,0.0000,0.0000,1.0000,0.0210,0.0279,0.0569
380,10,25.2364,2.1817,0.4546,0.9747,0.2237,0.0000,-0.2237,0.9747,0.0000,0.0000,0.0000,1.0000,0.0210,0.0279,0.0569
381,0,24.9061,2.1748,0.4400,0.9734,0.2290,0.0000,-0.2290,0.9734,0.0000,0.0000,0.0000,1.0000,0.2577,0.2263,0.1400
381,1,24.9133,2.1795,0.6052,0.9734,0.2290,0.0000,-0.2290,0.9734,0.0000,0.0000,0.0000,1.0000,0.1100,0.2168,0.3052
381,2,25.0010,2.1381,0.5173,0.9734,0.2290,0.0000,-0.2290,0.9734,0.0000,0.0000,0.0000,1.0000,0.1101,0.3070,0.2173
381,3,25.0633,1.9713,0.5889,0.9734,0.2290,0.0000,-0.2290,0.9734,0.0000,0.0000,0.0000,1.0000,0.2836,0.2073,0.2889
381,4,25.1889,1.9531,0.5062,0.9734,0.2290,0.0000,-0.2290,0.9734,0.0000,0.0000,0.0000,1.0000,0.2820,0.2947,0.2062
381,5,25.3207,2.1246,0.6614,0.9734,0.2290,0.0000,-0.2290,0.9734,0.0000,0.0000,0.0000,1.0000,0.1112,0.2100,0.3614
381,6,25.4068,2.1649,0.4265,0.9734,0.2290,0.0000,-0.2290,0.9734,0.0000,0.0000,0.0000,1.0000,0.1972,0.1336,0.1265
381,7,25.5109,2.1980,0.4491,0.9734,0.2290,0.0000,-0.2290,0.9734,0.0000,0.0000,0.0000,1.0000,0.1624,0.1625,0.0548
381,8,25.5277,2.2463,0.4472,0.9734,0.2290,0.0000,-0.2290,0.9734,0.0000,0.0000,0.0000,1.0000,0.0831,0.2046,0.1050
381,9,25.5420,2.3178,0.4544,0.9734,0.2290,0.0000,-0.2290,0.9734,0.0000,0.0000,0.0000,1.0000,0.0210,0.0279,0.0569
381,10,25.5984,2.2695,0.4546,0.9734,0.2290,0.0000,-0.2290,0.9734,0.0000,0.0000,0.0000,1.0000,0.0210,0.0279,0.0569
382,0,25.2677,2.2607,0.4400,0.9721,0.2344,0.0000,-0.2344,0.9721,0.0000,0.0000,0.0000,1.0000,0.2577,0.2263,0.1400
382,1,25.2749,2.2654,0.6052,0.9721,0.2344,0.0000,-0.2344,0.9721,0.0000,0.0000,0.0000,1.0000,0.1100,0.2168,0.3052
382,2,25.3628,2.2245,0.5173,0.9721,0.2344,0.0000,-0.2344,0.9721,0.0000,0.0000,0.0000,1.0000,0.1101,0.3070,0.2173
382,3,25.4260,2.0580,0.5889,0.9721,0.2344,0.0000,-0.2344,0.9721,0.0000,0.0000,0.0000,1.0000,0.2836,0.2073,0.2889
382,4,25.5517,2.0405,0.5062,0.9721,0.2344,0.0000,-0.2344,0.9721,0.0000,0.0000,0.0000,1.0000,0.2820,0.2947,0.2062
382,5,25.6826,2.2128,0.6614,0.9721,0.2344,0.0000,-0.2344,0.9721,0.0000,0.0000,0.0000,1.0000,0.1112,0.2100,0.3614
382,6,25.7684,2.2535,0.4265,0.9721,0.2344,0.0000,-0.2344,0.9721,0.0000,0.0000,0.0000,1.0000,0.1972,0.1336,0.1265
382,7,25.8723,2.2872,0.4491,0.9721,0.2344,0.0000,-0.2344,0.9721,0.0000,0.0000,0.0000,1.0000,0.1624,0.1625,0.0548
382,8,25.8888,2.3356,0.4472,0.9721,0.2344,0.0000,-0.2344,0.9721,0.0000,0.0000,0.0000,1.0000,0.0831,0.2046,0.1050
382,9,25.9027,2.4072,0.4544,0.9721,0.2344,0.0000,-0.2344,0.9721,0.0000,0.0000,0.0000,1.0000,0.0210,0.0279,0.0569
382,10,25.9594,2.3592,0.4546,0.9721,0.2344,0.0000,-0.2344,0.9721,0.0000,0.0000,0.0000,1.0000,0.0210,0.0279,0.0569
383,0,25.6283,2.3484,0.4400,0.9709,0.2397,0.0000,-0.2397,0.9709,0.0000,0.0000,0.0000,1.0000,0.2577,0.2263,0.1400
383,1,25.6354,2.3532,0.6052,0.9709,0.2397,0.0000,-0.2397,0.9709,0.0000,0.0000,0.0000,1.0000,0.1100,0.2168,0.3052
383,2,25.7236,2.3128,0.5173,0.9709,0.2397,0.0000,-0.2397,0.9709,0.0000,0.0000,0.0000,1.0000,0.1101,0.3070,0.2173
383,3,25.7877,2.1466,0.5889,0.9709,0.2397,0.0000,-0.2397,0.9709,0.0000,0.0000,0.0000,1.0000,0.2836,0.2073,0.2889
383,4,25.9135,2.1298,0.5062,0.9709,0.2397,0.0000,-0.2397,0.9709,0.0000,0.0000,0.0000,1.0000,0.2820,0.2947,0.2062
383,5,26.0434,2.3028,0.6614,0.9709,0.2397,0.0000,-0.2397,0.9709,0.0000,0.0000,0.0000,1.0000,0.1112,0.2100,0.3614
383,6,26.1290,2.3440,0.4265,0.9709,0.2397,0.0000,-0.2397,0.9709,0.0000,0.0000,0.0000,1.0000,0.1972,0.1336,0.1265
383,7,26.2327,2.3782,0.4491,0.9709,0.2397,0.0000,-0.2397,0.9709,0.0000,0.0000,0.0000,1.0000,0.1624,0.1625,0.0548
383,8,26.2490,2.4267,0.4472,0.9709,0.2397,0.0000,-0.2397,0.9709,0.0000,0.0000,0.0000,1.0000,0.0831,0.2046,0.1050
383,9,26.2625,2.4984,0.4544,0.9709,0.2397,0.0000,-0.2397,0.9709,0.0000,0.0000,0.0000,1.0000,0.0210,0.0279,0.0569
383,10,26.3195,2.4507,0.4546,0.9709,0.2397,0.0000,-0.2397,0.9709,0.0000,0.0000,0.0000,1.0000,0.0210,0.0279,0.0569
384,0,0.3843,-0.0077,0.4400,1.0000,0.0011,0.0000,-0.0011,1.0000,0.0000,0.0000,0.0000,1.0000,0.2577,0.2263,0.1400
384,1,0.3924,-0.0048,0.6052,1.0000,0.0011,0.0000,-0.0011,1.0000,0.0000,0.0000,0.0000,1.0000,0.1100,0.2168,0.3052
384,2,0.4683,-0.0650,0.5173,1.0000,0.0011,0.0000,-0.0011,1.0000,0.0000,0.0000,0.0000,1.0000,0.1101,0.3070,0.2173
384,3,0.4909,-0.2417,0.5889,1.0000,0.0011,0.0000,-0.0011,1.0000,0.0000,0.0000,0.0000,1.0000,0.2836,0.2073,0.2889
384,4,0.6091,-0.2881,0.5062,1.0000,0.0011,0.0000,-0.0011,1.0000,0.0000,0.0000,0.0000,1.0000,0.2820,0.2947,0.2062
384,5,0.7765,-0.1511,0.6614,1.0000,0.0011,0.0000,-0.0011,1.0000,0.0000,0.0000,0.0000,1.0000,0.1112,0.2100,0.3614
384,6,0.8695,-0.1315,0.4265,1.0000,0.0011,0.0000,-0.0011,1.0000,0.0000,0.0000,0.0000,1.0000,0.1972,0.1336,0.1265
384,7,0.9784,-0.1230,0.4491,1.0000,0.0011,0.0000,-0.0011,1.0000,0.0000,0.0000,0.0000,1.0000,0.1624,0.1625,0.0548
384,8,1.0057,-0.0797,0.4472,1.0000,0.0011,0.0000,-0.0011,1.0000,0.0000,0.0000,0.0000,1.0000,0.0831,0.2046,0.1050
384,9,1.0360,-0.0134,0.4544,1.0000,0.0011,0.0000,-0.0011,1.0000,0.0000,0.0000,0.0000,1.0000,0.0210,0.0279,0.0569
384,10,1.0799,-0.0733,0.4546,1.0000,0.0011,0.0000,-0.0011,1.0000,0.0000,0.0000,0.0000,1.0000,0.0210,0.0279,0.0569
385,0,0.8091,-0.0071,0.4400,1.0000,0.0023,0.0000,-0.0023,1.0000,0.0000,0.0000,0.0000,1.0000,0.2577,0.2263,0.1400
385,1,0.8172,-0.0041,0.6052,1.0000,0.0023,0.0000,-0.0023,1.0000,0.0000,0.0000,0.0000,1.0000,0.1100,0.2168,0.3052
385,2,0.8932,-0.0643,0.5173,1.0000,0.0023,0.0000,-0.0023,1.0000,0.0000,0.0000,0.0000,1.0000,0.1101,0.3070,0.2173
385,3,0.9160,-0.2409,0.5889,1.0000,0.0023,0.0000,-0.0023,1.0000,0.0000,0.0000,0.0000,1.0000,0.2836,0.2073,0.2889
385,4,1.0342,-0.2871,0.5062,1.0000,0.0023,0.0000,-0.0023,1.0000,0.0000,0.0000,0.0000,1.0000,0.2820,0.2947,0.2062
385,5,1.2015,-0.1500,0.6614,1.0000,0.0023,0.0000,-0.0023,1.0000,0.0000,0.0000,0.0000,1.0000,0.1112,0.2100,0.3614
385,6,1.2945,-0.1303,0.4265,1.0000,0.0023,0.0000,-0.0023,1.0000,0.0000,0.0000,0.0000,1.0000,0.1972,0.1336,0.1265
385,7,1.4033,-0.1216,0.4491,1.0000,0.0023,0.0000,-0.0023,1.0000,0.0000,0.0000,0.0000,1.0000,0.1624,0.1625,0.0548
385,8,1.4307,-0.0783,0.4472,1.0000,0.0023,0.0000,-0.0023,1.0000,0.0000,0.0000,0.0000,1.0000,0.0831,0.2046,0.1050
385,9,1.4608,-0.0120,0.4544,1.0000,0.0023,0.0000,-0.0023,1.0000,0.0000,0.0000,0.0000,1.0000,0.0210,0.0279,0.0569
385,10,1.5048,-0.0718,0.4546,1.0000,0.0023,0.0000,-0.0023,1.0000,0.0000,0.0000,0.0000,1.0000,0.0210,0.0279,0.0569
386,0,1.2339,-0.0059,0.4400,1.0000,0.0036,0.0000,-0.0036,1.0000,0.0000,0.0000,0.0000,1.0000,0.2577,0.2263,0.1400
386,1,1.2420,-0.0029,0.6052,1.0000,0.0036,0.0000,-0.0036,1.0000,0.0000,0.0000,0.0000,1.0000,0.1100,0.2168,0.3052
386,2,1.3182,-0.0630,0.5173,1.0000,0.0036,0.0000,-0.0036,1.0000,0.0000,0.0000,0.0000,1.0000,0.1101,0.3070,0.2173
386,3,1.3412,-0.2396,0.5889,1.0000,0.0036,0.0000,-0.0036,1.0000,0.0000,0.0000,0.0000,1.0000,0.2836,0.2073,0.2889
386,4,1.4594,-0.2857,0.5062,1.0000,0.0036,0.0000,-0.0036,1.0000,0.0000,0.0000,0.0000,1.0000,0.2820,0.2947,0.2062
386,5,1.6266,-0.1483,0.6614,1.0000,0.0036,0.0000,-0.0036,1.0000,0.0000,0.0000,0.0000,1.0000,0.1112,0.2100,0.3614
386,6,1.7195,-0.1284,0.4265,1.0000,0.0036,0.0000,-0.0036,1.0000,0.0000,0.0000,0.0000,1.0000,0.1972,0.1336,0.1265
386,7,1.8284,-0.1196,0.4491,1.0000,0.0036,0.0000,-0.0036,1.0000,0.0000,0.0000,0.0000,1.0000,0.1624,0.1625,0.0548
386,8,1.8556,-0.0764,0.4472,1.0000,0.0036,0.0000,-0.0036,1.0000,0.0000,0.0000,0.0000,1.0000,0.0831,0.2046,0.1050
386,9,1.8857,-0.0099,0.4544,1.0000,0.0036,0.0000,-0.0036,1.0000,0.0000,0.0000,0.0000,1.0000,0.0210,0.0279,0.0569
386,10,1.9298,-0.0697,0.4546,1.0000,0.0036,0.0000,-0.0036,1.0000,0.0000,0.0000,0.0000,1.0000,0.0210,0.0279,0.0569
387,0,1.6596,-0.0041,0.4400,1.0000,0.0051,0.0000,-0.0051,1.0000,0.0000,0.0000,0.0000,1.0000,0.2577,0.2263,0.1400
387,1,1.6676,-0.0011,0.6052,1.0000,0.0051,0.0000,-0.0051,1.0000,0.0000,0.0000,0.0000,1.0000,0.1100,0.2168,0.3052
387,2,1.7439,-0.0611,0.5173,1.0000,0.0051,0.0000,-0.0051,1.0000,0.0000,0.0000,0.0000,1.0000,0.1101,0.3070,0.2173
387,3,1.7672,-0.2376,0.5889,1.0000,0.0051,0.0000,-0.0051,1.0000,0.0000,0.0000,0.0000,1.0000,0.2836,0.2073,0.2889
387,4,1.8855,-0.2835,0.5062,1.0000,0.0051,0.0000,-0.0051,1.0000,0.0000,0.0000,0.0000,1.0000,0.2820,0.2947,0.2062
387,5,2.0524,-0.1459,0.6614,1.0000,0.0051,0.0000,-0.0051,1.0000,0.0000,0.0000,0.0000,1.0000,0.1112,0.2100,0.3614
387,6,2.1453,-0.1259,0.4265,1.0000,0.0051,0.0000,-0.0051,1.0000,0.0000,0.0000,0.0000,1.0000,0.1972,0.1336,0.1265
387,7,2.2541,-0.1169,0.4491,1.0000,0.0051,0.0000,-0.0051,1.0000,0.0000,0.0000,0.0000,1.0000,0.1624,0.1625,0.0548
387,8,2.2813,-0.0736,0.4472,1.0000,0.0051,0.0000,-0.0051,1.0000,0.0000,0.0000,0.0000,1.0000,0.0831,0.2046,0.1050
387,9,2.3113,-0.0072,0.4544,1.0000,0.0051,0.0000,-0.0051,1.0000,0.0000,0.0000,0.0000,1.0000,0.0210,0.0279,0.0569
387,10,2.3555,-0.0668,0.4546,1.0000,0.0051,0.0000,-0.0051,1.0000,0.0000,0.0000,0.0000,1.0000,0.0210,0.0279,0.0569
388,0,2.0871,-0.0016,0.4400,1.0000,0.0066,0.0000,-0.0066,1.0000,0.0000,0.0000,0.0000,1.0000,0.2577,0.2263,0.1400
388,1,2.0952,0.0013,0.6052,1.0000,0.0066,0.0000,-0.0066,1.0000,0.0000,0.0000,0.0000,1.0000,0.1100,0.2168,0.3052
388,2,2.1715,-0.0585,0.5173,1.0000,0.0066,0.0000,-0.0066,1.0000,0.0000,0.0000,0.0000,1.0000,0.1101,0.3070,0.2173
388,3,2.1950,-0.2350,0.5889,1.0000,0.0066,0.0000,-0.0066,1.0000,0.0000,0.0000,0.0000,1.0000,0.2836,0.2073,0.2889
388,4,2.3134,-0.2807,0.5062,1.0000,0.0066,0.0000,-0.0066,1.0000,0.0000,0.0000,0.0000,1.0000,0.2820,0.2947,0.2062
388,5,2.4801,-0.1428,0.6614,1.0000,0.0066,0.0000,-0.0066,1.0000,0.0000,0.0000,0.0000,1.0000,0.1112,0.2100,0.3614
388,6,2.5730,-0.1227,0.4265,1.0000,0.0066,0.0000,-0.0066,1.0000,0.0000,0.0000,0.0000,1.0000,0.1972,0.1336,0.1265
388,7,2.6818,-0.1136,0.4491,1.0000,0.0066,0.0000,-0.0066,1.0000,0.0000,0.0000,0.0000,1.0000,0.1624,0.1625,0.0548
388,8,2.7090,-0.0702,0.4472,1.0000,0.0066,0.0000,-0.0066,1.0000,0.0000,0.0000,0.0000,1.0000,0.0831,0.2046,0.1050
388,9,2.7388,-0.0037,0.4544,1.0000,0.0066,0.0000,-0.0066,1.0000,0.0000,0.0000,0.0000,1.0000,0.0210,0.0279,0.0569
388,10,2.7831,-0.0633,0.4546,1.0000,0.0066,0.0000,-0.0066,1.0000,0.0000,0.0000,0.0000,1.0000,0.0210,0.0279,0.0569
389,0,2.5179,0.0015,0.4400,1.0000,0.0083,0.0000,-0.0083,1.0000,0.0000,0.0000,0.0000,1.0000,0.2577,0.2263,0.1400
389,1,2.5260,0.0045,0.6052,1.0000,0.0083,0.0000,-0.0083,1.0000,0.0000,0.0000,0.0000,1.0000,0.1100,0.2168,0.3052
389,2,2.6024,-0.0552,0.5173,1.0000,0.0083,0.0000,-0.0083,1.0000,0.0000,0.0000,0.0000,1.0000,0.1101,0.3070,0.2173
389,3,2.6263,-0.2317,0.5889,1.0000,0.0083,0.0000,-0.0083,1.0000,0.0000,0.0000,0.0000,1.0000,0.2836,0.2073,0.2889
389,4,2.7448,-0.2772,0.5062,1.0000,0.0083,0.0000,-0.0083,1.0000,0.0000,0.0000,0.0000,1.0000,0.2820,0.2947,0.2062
389,5,2.9112,-0.1390,0.6614,1.0000,0.0083,0.0000,-0.0083,1.0000,0.0000,0.0000,0.0000,1.0000,0.1112,0.2100,0.3614
389,6,3.0041,-0.1187,0.4265,1.0000,0.0083,0.0000,-0.0083,1.0000,0.0000,0.0000,0.0000,1.0000,0.1972,0.1336,0.1265
389,7,3.1129,-0.1094,0.4491,1.0000,0.0083,0.0000,-0.0083,1.0000,0.0000,0.0000,0.0000,1.0000,0.1624,0.1625,0.0548
389,8,3.1399,-0.0660,0.4472,1.0000,0.0083,0.0000,-0.0083,1.0000,0.0000,0.0000,0.0000,1.0000,0.0831,0.2046,0.1050
389,9,3.1697,0.0005,0.4544,1.0000,0.0083,0.0000,-0.0083,1.0000,0.0000,0.0000,0.0000,1.0000,0.0210,0.0279,0.0569
389,10,3.2141,-0.0590,0.4546,1.0000,0.0083,0.0000,-0.0083,1.0000,0.0000,0.0000,0.0000,1.0000,0.0210,0.0279,0.0569
390,0,2.9538,0.0055,0.4400,0.9999,0.0103,0.0000,-0.0103,0.9999,0.0000,0.0000,0.0000,1.0000,0.2577,0.2263,0.1400
390,1,2.9618,0.0085,0.6052,0.9999,0.0103,0.0000,-0.0103,0.9999,0.0000,0.0000,0.0000,1.0000,0.1100,0.2168,0.3052
390,2,3.0384,-0.0510,0.5173,0.9999,0.0103,0.0000,-0.0103,0.9999,0.0000,0.0000,0.0000,1.0000,0.1101,0.3070,0.2173
390,3,3.0626,-0.2275,0.5889,0.9999,0.0103,0.0000,-0.0103,0.9999,0.0000,0.0000,0.0000,1.0000,0.2836,0.2073,0.2889
390,4,3.1812,-0.2728,0.5062,0.9999,0.0103,0.0000,-0.0103,0.9999,0.0000,0.0000,0.0000,1.0000,0.2820,0.2947,0.2062
390,5,3.3473,-0.1343,0.6614,0.9999,0.0103,0.0000,-0.0103,0.9999,0.0000,0.0000,0.0000,1.0000,0.1112,0.2100,0.3614
390,6,3.4401,-0.1138,0.4265,0.9999,0.0103,0.0000,-0.0103,0.9999,0.0000,0.0000,0.0000,1.0000,0.1972,0.1336,0.1265
390,7,3.5489,-0.1043,0.4491,0.9999,0.0103,0.0000,-0.0103,0.9999,0.0000,0.0000,0.0000,1.0000,0.1624,0.1625,0.0548
390,8,3.5759,-0.0608,0.4472,0.9999,0.0103,0.0000,-0.0103,0.9999,0.0000,0.0000,0.0000,1.0000,0.0831,0.2046,0.1050
390,9,3.6055,0.0058,0.4544,0.9999,0.0103,0.0000,-0.0103,0.9999,0.0000,0.0000,0.0000,1.0000,0.0210,0.0279,0.0569
390,10,3.6500,-0.0537,0.4546,0.9999,0.0103,0.0000,-0.0103,0.9999,0.0000,0.0000,0.0000,1.0000,0.0210,0.0279,0.0569
391,0,3.3964,0.0104,0.4400,0.9999,0.0124,0.0000,-0.0124,0.9999,0.0000,0.0000,0.0000,1.0000,0.2577,0.2263,0.1400
391,1,3.4045,0.0134,0.6052,0.9999,0.0124,0.0000,-0.0124,0.9999,0.0000,0.0000,0.0000,1.0000,0.1100,0.2168,0.3052
391,2,3.4811,-0.0459,0.5173,0.9999,0.0124,0.0000,-0.0124,0.9999,0.0000,0.0000,0.0000,1.0000,0.1101,0.3070,0.2173
391,3,3.5057,-0.2223,0.5889,0.9999,0.0124,0.0000,-0.0124,0.9999,0.0000,0.0000,0.0000,1.0000,0.2836,0.2073,0.2889
391,4,3.6244,-0.2674,0.5062,0.9999,0.0124,0.0000,-0.0124,0.9999,0.0000,0.0000,0.0000,1.0000,0.2820,0.2947,0.2062
391,5,3.7903,-0.1285,0.6614,0.9999,0.0124,0.0000,-0.0124,0.9999,0.0000,0.0000,0.0000,1.0000,0.1112,0.2100,0.3614
391,6,3.8830,-0.1078,0.4265,0.9999,0.0124,0.0000,-0.0124,0.9999,0.0000,0.0000,0.0000,1.0000,0.1972,0.1336,0.1265
391,7,3.9918,-0.0981,0.4491,0.9999,0.0124,0.0000,-0.0124,0.9999,0.0000,0.0000,0.0000,1.0000,0.1624,0.1625,0.0548
391,8,4.0187,-0.0545,0.4472,0.9999,0.0124,0.0000,-0.0124,0.9999,0.0000,0.0000,0.0000,1.0000,0.0831,0.2046,0.1050
391,9,4.0481,0.0121,0.4544,0.9999,0.0124,0.0000,-0.0124,0.9999,0.0000,0.0000,0.0000,1.0000,0.0210,0.0279,0.0569
391,10,4.0928,-0.0472,0.4546,0.9999,0.0124,0.0000,-0.0124,0.9999,0.0000,0.0000,0.0000,1.0000,0.0210,0.0279,0.0569
392,0,3.8476,0.0165,0.4400,0.9999,0.0147,0.0000,-0.0147,0.9999,0.0000,0.0000,0.0000,1.0000,0.2577,0.2263,0.1400
392,1,3.8556,0.0195,0.6052,0.9999,0.0147,0.0000,-0.0147,0.9999,0.0000,0.0000,0.0000,1.0000,0.1100,0.2168,0.3052
392,2,3.9324,-0.0397,0.5173,0.9999,0.0147,0.0000,-0.0147,0.9999,0.0000,0.0000,0.0000,1.0000,0.1101,0.3070,0.2173
392,3,3.9574,-0.2160,0.5889,0.9999,0.0147,0.0000,-0.0147,0.9999,0.0000,0.0000,0.0000,1.0000,0.2836,0.2073,0.2889
392,4,4.0762,-0.2608,0.5062,0.9999,0.0147,0.0000,-0.0147,0.9999,0.0000,0.0000,0.0000,1.0000,0.2820,0.2947,0.2062
392,5,4.2417,-0.1216,0.6614,0.9999,0.0147,0.0000,-0.0147,0.9999,0.0000,0.0000,0.0000,1.0000,0.1112,0.2100,0.3614
392,6,4.3344,-0.1007,0.4265,0.9999,0.0147,0.0000,-0.0147,0.9999,0.0000,0.0000,0.0000,1.0000,0.1972,0.1336,0.1265
392,7,4.4432,-0.0907,0.4491,0.9999,0.0147,0.0000,-0.0147,0.9999,0.0000,0.0000,0.0000,1.0000,0.1624,0.1625,0.0548
392,8,4.4700,-0.0471,0.4472,0.9999,0.0147,0.0000,-0.0147,0.9999,0.0000,0.0000,0.0000,1.0000,0.0831,0.2046,0.1050
392,9,4.4993,0.0197,0.4544,0.9999,0.0147,0.0000,-0.0147,0.9999,0.0000,0.0000,0.0000,1.0000,0.0210,0.0279,0.0569
392,10,4.5441,-0.0396,0.4546,0.9999,0.0147,0.0000,-0.0147,0.9999,0.0000,0.0000,0.0000,1.0000,0.0210,0.0279,0.0569
393,0,4.3086,0.0238,0.4400,0.9998,0.0173,0.0000,-0.0173,0.9998,0.0000,0.0000,0.0000,1.0000,0.2577,0.2263,0.1400
393,1,4.3167,0.0268,0.6052,0.9998,0.0173,0.0000,-0.0173,0.9998,0.0000,0.0000,0.0000,1.0000,0.1100,0.2168,0.3052
393,2,4.3936,-0.0322,0.5173,0.9998,0.0173,0.0000,-0.0173,0.9998,0.0000,0.0000,0.0000,1.0000,0.1101,0.3070,0.2173
393,3,4.4191,-0.2085,0.5889,0.9998,0.0173,0.0000,-0.0173,0.9998,0.0000,0.0000,0.0000,1.0000,0.2836,0.2073,0.2889
393,4,4.5380,-0.2529,0.5062,0.9998,0.0173,0.0000,-0.0173,0.9998,0.0000,0.0000,0.0000,1.0000,0.2820,0.2947,0.2062
393,5,4.7032,-0.1132,0.6614,0.9998,0.0173,0.0000,-0.0173,0.9998,0.0000,0.0000,0.0000,1.0000,0.1112,0.2100,0.3614
393,6,4.7958,-0.0921,0.4265,0.9998,0.0173,0.0000,-0.0173,0.9998,0.0000,0.0000,0.0000,1.0000,0.1972,0.1336,0.1265
393,7,4.9046,-0.0818,0.4491,0.9998,0.0173,0.0000,-0.0173,0.9998,0.0000,0.0000,0.0000,1.0000,0.1624,0.1625,0.0548
393,8,4.9312,-0.0382,0.4472,0.9998,0.0173,0.0000,-0.0173,0.9998,0.0000,0.0000,0.0000,1.0000,0.0831,0.2046,0.1050
393,9,4.9604,0.0286,0.4544,0.9998,0.0173,0.0000,-0.0173,0.9998,0.0000,0.0000,0.0000,1.0000,0.0210,0.0279,0.0569
393,10,5.0053,-0.0305,0.4546,0.9998,0.0173,0.0000,-0.0173,0.9998,0.0000,0.0000,0.0000,1.0000,0.0210,0.0279,0.0569
394,0,4.7803,0.0325,0.4400,0.9998,0.0200,0.0000,-0.0200,0.9998,0.0000,0.0000,0.0000,1.0000,0.2577,0.2263,0.1400
394,1,4.7883,0.0355,0.6052,0.9998,0.0200,0.0000,-0.0200,0.9998,0.0000,0.0000,0.0000,1.0000,0.1100,0.2168,0.3052
394,2,4.8654,-0.0232,0.5173,0.9998,0.0200,0.0000,-0.0200,0.9998,0.0000,0.0000,0.0000,1.0000,0.1101,0.3070,0.2173
394,3,4.8913,-0.1995,0.5889,0.9998,0.0200,0.0000,-0.0200,0.9998,0.0000,0.0000,0.0000,1.0000,0.2836,0.2073,0.2889
394,4,5.0104,-0.2436,0.5062,0.9998,0.0200,0.0000,-0.0200,0.9998,0.0000,0.0000,0.0000,1.0000,0.2820,0.2947,0.2062
394,5,5.1752,-0.1035,0.6614,0.9998,0.0200,0.0000,-0.0200,0.9998,0.0000,0.0000,0.0000,1.0000,0.1112,0.2100,0.3614
394,6,5.2678,-0.0821,0.4265,0.9998,0.0200,0.0000,-0.0200,0.9998,0.0000,0.0000,0.0000,1.0000,0.1972,0.1336,0.1265
394,7,5.3765,-0.0715,0.4491,0.9998,0.0200,0.0000,-0.0200,0.9998,0.0000,0.0000,0.0000,1.0000,0.1624,0.1625,0.0548
394,8,5.4030,-0.0278,0.4472,0.9998,0.0200,0.0000,-0.0200,0.9998,0.0000,0.0000,0.0000,1.0000,0.0831,0.2046,0.1050
394,9,5.4320,0.0391,0.4544,0.9998,0.0200,0.0000,-0.0200,0.9998,0.0000,0.0000,0.0000,1.0000,0.0210,0.0279,0.0569
394,10,5.4771,-0.0199,0.4546,0.9998,0.0200,0.0000,-0.0200,0.9998,0.0000,0.0000,0.0000,1.0000,0.0210,0.0279,0.0569
395,0,5.2619,0.0426,0.4400,0.9997,0.0227,0.0000,-0.0227,0.9997,0.0000,0.0000,0.0000,1.0000,0.2577,0.2263,0.1400
395,1,5.2699,0.0457,0.6052,0.9997,0.0227,0.0000,-0.0227,0.9997,0.0000,0.0000,0.0000,1.0000,0.1100,0.2168,0.3052
395,2,5.3472,-0.0128,0.5173,0.9997,0.0227,0.0000,-0.0227,0.9997,0.0000,0.0000,0.0000,1.0000,0.1101,0.3070,0.2173
395,3,5.3736,-0.1890,0.5889,0.9997,0.0227,0.0000,-0.0227,0.9997,0.0000,0.0000,0.0000,1.0000,0.2836,0.2073,0.2889
395,4,5.4927,-0.2328,0.5062,0.9997,0.0227,0.0000,-0.0227,0.9997,0.0000,0.0000,0.0000,1.0000,0.2820,0.2947,0.2062
395,5,5.6572,-0.0922,0.6614,0.9997,0.0227,0.0000,-0.0227,0.9997,0.0000,0.0000,0.0000,1.0000,0.1112,0.2100,0.3614
395,6,5.7497,-0.0706,0.4265,0.9997,0.0227,0.0000,-0.0227,0.9997,0.0000,0.0000,0.0000,1.0000,0.1972,0.1336,0.1265
395,7,5.8584,-0.0598,0.4491,0.9997,0.0227,0.0000,-0.0227,0.9997,0.0000,0.0000,0.0000,1.0000,0.1624,0.1625,0.0548
395,8,5.8848,-0.0159,0.4472,0.9997,0.0227,0.0000,-0.0227,0.9997,0.0000,0.0000,0.0000,1.0000,0.0831,0.2046,0.1050
395,9,5.9136,0.0510,0.4544,0.9997,0.0227,0.0000,-0.0227,0.9997,0.0000,0.0000,0.0000,1.0000,0.0210,0.0279,0.0569
395,10,5.9588,-0.0079,0.4546,0.9997,0.0227,0.0000,-0.0227,0.9997,0.0000,0.0000,0.0000,1.0000,0.0210,0.0279,0.0569
396,0,5.7517,0.0543,0.4400,0.9997,0.0255,0.0000,-0.0255,0.9997,0.0000,0.0000,0.0000,1.0000,0.2577,0.2263,0.1400
396,1,5.7597,0.0574,0.6052,0.9997,0.0255,0.0000,-0.0255,0.9997,0.0000,0.0000,0.0000,1.0000,0.1100,0.2168,0.3052
396,2,5.8371,-0.0009,0.5173,0.9997,0.0255,0.0000,-0.0255,0.9997,0.0000,0.0000,0.0000,1.0000,0.1101,0.3070,0.2173
396,3,5.8640,-0.1770,0.5889,0.9997,0.0255,0.0000,-0.0255,0.9997,0.0000,0.0000,0.0000,1.0000,0.2836,0.2073,0.2889
396,4,5.9833,-0.2204,0.5062,0.9997,0.0255,0.0000,-0.0255,0.9997,0.0000,0.0000,0.0000,1.0000,0.2820,0.2947,0.2062
396,5,6.1473,-0.0794,0.6614,0.9997,0.0255,0.0000,-0.0255,0.9997,0.0000,0.0000,0.0000,1.0000,0.1112,0.2100,0.3614
396,6,6.2398,-0.0575,0.4265,0.9997,0.0255,0.0000,-0.0255,0.9997,0.0000,0.0000,0.0000,1.0000,0.1972,0.1336,0.1265
396,7,6.3484,-0.0464,0.4491,0.9997,0.0255,0.0000,-0.0255,0.9997,0.0000,0.0000,0.0000,1.0000,0.1624,0.1625,0.0548
396,8,6.3747,-0.0025,0.4472,0.9997,0.0255,0.0000,-0.0255,0.9997,0.0000,0.0000,0.0000,1.0000,0.0831,0.2046,0.1050
396,9,6.4033,0.0646,0.4544,0.9997,0.0255,0.0000,-0.0255,0.9997,0.0000,0.0000,0.0000,1.0000,0.0210,0.0279,0.0569
396,10,6.4487,0.0058,0.4546,0.9997,0.0255,0.0000,-0.0255,0.9997,0.0000,0.0000,0.0000,1.0000,0.0210,0.0279,0.0569
397,0,6.2472,0.0676,0.4400,0.9996,0.0285,0.0000,-0.0285,0.9996,0.0000,0.0000,0.0000,1.0000,0.2577,0.2263,0.1400
397,1,6.2552,0.0707,0.6052,0.9996,0.0285,0.0000,-0.0285,0.9996,0.0000,0.0000,0.0000,1.0000,0.1100,0.2168,0.3052
397,2,6.3328,0.0126,0.5173,0.9996,0.0285,0.0000,-0.0285,0.9996,0.0000,0.0000,0.0000,1.0000,0.1101,0.3070,0.2173
397,3,6.3602,-0.1634,0.5889,0.9996,0.0285,0.0000,-0.0285,0.9996,0.0000,0.0000,0.0000,1.0000,0.2836,0.2073,0.2889
397,4,6.4796,-0.2065,0.5062,0.9996,0.0285,0.0000,-0.0285,0.9996,0.0000,0.0000,0.0000,1.0000,0.2820,0.2947,0.2062
397,5,6.6432,-0.0649,0.6614,0.9996,0.0285,0.0000,-0.0285,0.9996,0.0000,0.0000,0.0000,1.0000,0.1112,0.2100,0.3614
397,6,6.7356,-0.0428,0.4265,0.9996,0.0285,0.0000,-0.0285,0.9996,0.0000,0.0000,0.0000,1.0000,0.1972,0.1336,0.1265
397,7,6.8442,-0.0313,0.4491,0.9996,0.0285,0.0000,-0.0285,0.9996,0.0000,0.0000,0.0000,1.0000,0.1624,0.1625,0.0548
397,8,6.8704,0.0127,0.4472,0.9996,0.0285,0.0000,-0.0285,0.9996,0.0000,0.0000,0.0000,1.0000,0.0831,0.2046,0.1050
397,9,6.8988,0.0798,0.4544,0.9996,0.0285,0.0000,-0.0285,0.9996,0.0000,0.0000,0.0000,1.0000,0.0210,0.0279,0.0569
397,10,6.9444,0.0212,0.4546,0.9996,0.0285,0.0000,-0.0285,0.9996,0.0000,0.0000,0.0000,1.0000,0.0210,0.0279,0.0569
398,0,6.7459,0.0825,0.4400,0.9995,0.0316,0.0000,-0.0316,0.9995,0.0000,0.0000,0.0000,1.0000,0.2577,0.2263,0.1400
398,1,6.7539,0.0857,0.6052,0.9995,0.0316,0.0000,-0.0316,0.9995,0.0000,0.0000,0.0000,1.0000,0.1100,0.2168,0.3052
398,2,6.8316,0.0278,0.5173,0.9995,0.0316,0.0000,-0.0316,0.9995,0.0000,0.0000,0.0000,1.0000,0.1101,0.3070,0.2173
398,3,6.8596,-0.1481,0.5889,0.9995,0.0316,0.0000,-0.0316,0.9995,0.0000,0.0000,0.0000,1.0000,0.2836,0.2073,0.2889
398,4,6.9791,-0.1909,0.5062,0.9995,0.0316,0.0000,-0.0316,0.9995,0.0000,0.0000,0.0000,1.0000,0.2820,0.2947,0.2062
398,5,7.1423,-0.0488,0.6614,0.9995,0.0316,0.0000,-0.0316,0.9995,0.0000,0.0000,0.0000,1.0000,0.1112,0.2100,0.3614
398,6,7.2346,-0.0264,0.4265,0.9995,0.0316,0.0000,-0.0316,0.9995,0.0000,0.0000,0.0000,1.0000,0.1972,0.1336,0.1265
398,7,7.3432,-0.0146,0.4491,0.9995,0.0316,0.0000,-0.0316,0.9995,0.0000,0.0000,0.0000,1.0000,0.1624,0.1625,0.0548
398,8,7.3692,0.0295,0.4472,0.9995,0.0316,0.0000,-0.0316,0.9995,0.0000,0.0000,0.0000,1.0000,0.0831,0.2046,0.1050
398,9,7.3974,0.0967,0.4544,0.9995,0.0316,0.0000,-0.0316,0.9995,0.0000,0.0000,0.0000,1.0000,0.0210,0.0279,0.0569
398,10,7.4432,0.0382,0.4546,0.9995,0.0316,0.0000,-0.0316,0.9995,0.0000,0.0000,0.0000,1.0000,0.0210,0.0279,0.0569
399,0,7.2459,0.0990,0.4400,0.9994,0.0347,0.0000,-0.0347,0.9994,0.0000,0.0000,0.0000,1.0000,0.2577,0.2263,0.1400
399,1,7.2538,0.1021,0.6052,0.9994,0.0347,0.0000,-0.0347,0.9994,0.0000,0.0000,0.0000,1.0000,0.1100,0.2168,0.3052
399,2,7.3318,0.0445,0.5173,0.9994,0.0347,0.0000,-0.0347,0.9994,0.0000,0.0000,0.0000,1.0000,0.1101,0.3070,0.2173
399,3,7.3603,-0.1313,0.5889,0.9994,0.0347,0.0000,-0.0347,0.9994,0.0000,0.0000,0.0000,1.0000,0.2836,0.2073,0.2889
399,4,7.4799,-0.1737,0.5062,0.9994,0.0347,0.0000,-0.0347,0.9994,0.0000,0.0000,0.0000,1.0000,0.2820,0.2947,0.2062
399,5,7.6427,-0.0312,0.6614,0.9994,0.0347,0.0000,-0.0347,0.9994,0.0000,0.0000,0.0000,1.0000,0.1112,0.2100,0.3614
399,6,7.7350,-0.0084,0.4265,0.9994,0.0347,0.0000,-0.0347,0.9994,0.0000,0.0000,0.0000,1.0000,0.1972,0.1336,0.1265
399,7,7.8435,0.0037,0.4491,0.9994,0.0347,0.0000,-0.0347,0.9994,0.0000,0.0000,0.0000,1.0000,0.1624,0.1625,0.0548
399,8,7.8694,0.0478,0.4472,0.9994,0.0347,0.0000,-0.0347,0.9994,0.0000,0.0000,0.0000,1.0000,0.0831,0.2046,0.1050
399,9,7.8974,0.1152,0.4544,0.9994,0.0347,0.0000,-0.0347,0.9994,0.0000,0.0000,0.0000,1.0000,0.0210,0.0279,0.0569
399,10,7.9433,0.0568,0.4546,0.9994,0.0347,0.0000,-0.0347,0.9994,0.0000,0.0000,0.0000,1.0000,0.0210,0.0279,0.0569
400,0,7.7459,0.1170,0.4400,0.9993,0.0378,0.0000,-0.0378,0.9993,0.0000,0.0000,0.0000,1.0000,0.2577,0.2263,0.1400
400,1,7.7539,0.1202,0.6052,0.9993,0.0378,0.0000,-0.0378,0.9993,0.0000,0.0000,0.0000,1.0000,0.1100,0.2168,0.3052
400,2,7.8320,0.0628,0.5173,0.9993,0.0378,0.0000,-0.0378,0.9993,0.0000,0.0000,0.0000,1.0000,0.1101,0.3070,0.2173
400,3,7.8611,-0.1130,0.5889,0.9993,0.0378,0.0000,-0.0378,0.9993,0.0000,0.0000,0.0000,1.0000,0.2836,0.2073,0.2889
400,4,7.9808,-0.1550,0.5062,0.9993,0.0378,0.0000,-0.0378,0.9993,0.0000,0.0000,0.0000,1.0000,0.2820,0.2947,0.2062
400,5,8.1431,-0.0119,0.6614,0.9993,0.0378,0.0000,-0.0378,0.9993,0.0000,0.0000,0.0000,1.0000,0.1112,0.2100,0.3614
400,6,8.2353,0.0111,0.4265,0.9993,0.0378,0.0000,-0.0378,0.9993,0.0000,0.0000,0.0000,1.0000,0.1972,0.1336,0.1265
400,7,8.3438,0.0236,0.4491,0.9993,0.0378,0.0000,-0.0378,0.9993,0.0000,0.0000,0.0000,1.0000,0.1624,0.1625,0.0548
400,8,8.3696,0.0678,0.4472,0.9993,0.0378,0.0000,-0.0378,0.9993,0.0000,0.0000,0.0000,1.0000,0.0831,0.2046,0.1050
400,9,8.3974,0.1352,0.4544,0.9993,0.0378,0.0000,-0.0378,0.9993,0.0000,0.0000,0.0000,1.0000,0.0210,0.0279,0.0569
400,10,8.4435,0.0770,0.4546,0.9993,0.0378,0.0000,-0.0378,0.9993,0.0000,0.0000,0.0000,1.0000,0.0210,0.0279,0.0569
401,0,8.2452,0.1365,0.4400,0.9992,0.0409,0.0000,-0.0409,0.9992,0.0000,0.0000,0.0000,1.0000,0.2577,0.2263,0.1400
401,1,8.2532,0.1397,0.6052,0.9992,0.0409,0.0000,-0.0409,0.9992,0.0000,0.0000,0.0000,1.0000,0.1100,0.2168,0.3052
401,2,8.3315,0.0826,0.5173,0.9992,0.0409,0.0000,-0.0409,0.9992,0.0000,0.0000,0.0000,1.0000,0.1101,0.3070,0.2173
401,3,8.3611,-0.0931,0.5889,0.9992,0.0409,0.0000,-0.0409,0.9992,0.0000,0.0000,0.0000,1.0000,0.2836,0.2073,0.2889
401,4,8.4810,-0.1347,0.5062,0.9992,0.0409,0.0000,-0.0409,0.9992,0.0000,0.0000,0.0000,1.0000,0.2820,0.2947,0.2062
401,5,8.6429,0.0089,0.6614,0.9992,0.0409,0.0000,-0.0409,0.9992,0.0000,0.0000,0.0000,1.0000,0.1112,0.2100,0.3614
401,6,8.7350,0.0322,0.4265,0.9992,0.0409,0.0000,-0.0409,0.9992,0.0000,0.0000,0.0000,1.0000,0.1972,0.1336,0.1265
401,7,8.8435,0.0450,0.4491,0.9992,0.0409,0.0000,-0.0409,0.9992,0.0000,0.0000,0.0000,1.0000,0.1624,0.1625,0.0548
401,8,8.8691,0.0893,0.4472,0.9992,0.0409,0.0000,-0.0409,0.9992,0.0000,0.0000,0.0000,1.0000,0.0831,0.2046,0.1050
401,9,8.8966,0.1568,0.4544,0.9992,0.0409,0.0000,-0.0409,0.9992,0.0000,0.0000,0.0000,1.0000,0.0210,0.0279,0.0569
401,10,8.9429,0.0987,0.4546,0.9992,0.0409,0.0000,-0.0409,0.9992,0.0000,0.0000,0.0000,1.0000,0.0210,0.0279,0.0569
402,0,8.7431,0.1576,0.4400,0.9990,0.0442,0.0000,-0.0442,0.9990,0.0000,0.0000,0.0000,1.0000,0.2577,0.2263,0.1400
402,1,8.7511,0.1608,0.6052,0.9990,0.0442,0.0000,-0.0442,0.9990,0.0000,0.0000,0.0000,1.0000,0.1100,0.2168,0.3052
402,2,8.8296,0.1039,0.5173,0.9990,0.0442,0.0000,-0.0442,0.9990,0.0000,0.0000,0.0000,1.0000,0.1101,0.3070,0.2173
402,3,8.8597,-0.0716,0.5889,0.9990,0.0442,0.0000,-0.0442,0.9990,0.0000,0.0000,0.0000,1.0000,0.2836,0.2073,0.2889
402,4,8.9798,-0.1128,0.5062,0.9990,0.0442,0.0000,-0.0442,0.9990,0.0000,0.0000,0.0000,1.0000,0.2820,0.2947,0.2062
402,5,9.1412,0.0312,0.6614,0.9990,0.0442,0.0000,-0.0442,0.9990,0.0000,0.0000,0.0000,1.0000,0.1112,0.2100,0.3614
402,6,9.2332,0.0548,0.4265,0.9990,0.0442,0.0000,-0.0442,0.9990,0.0000,0.0000,0.0000,1.0000,0.1972,0.1336,0.1265
402,7,9.3416,0.0680,0.4491,0.9990,0.0442,0.0000,-0.0442,0.9990,0.0000,0.0000,0.0000,1.0000,0.1624,0.1625,0.0548
402,8,9.3671,0.1124,0.4472,0.9990,0.0442,0.0000,-0.0442,0.9990,0.0000,0.0000,0.0000,1.0000,0.0831,0.2046,0.1050
402,9,9.3944,0.1800,0.4544,0.9990,0.0442,0.0000,-0.0442,0.9990,0.0000,0.0000,0.0000,1.0000,0.0210,0.0279,0.0569
402,10,9.4410,0.1221,0.4546,0.9990,0.0442,0.0000,-0.0442,0.9990,0.0000,0.0000,0.0000,1.0000,0.0210,0.0279,0.0569
403,0,9.2386,0.1802,0.4400,0.9989,0.0477,0.0000,-0.0477,0.9989,0.0000,0.0000,0.0000,1.0000,0.2577,0.2263,0.1400
403,1,9.2466,0.1835,0.6052,0.9989,0.0477,0.0000,-0.0477,0.9989,0.0000,0.0000,0.0000,1.0000,0.1100,0.2168,0.3052
403,2,9.3253,0.1269,0.5173,0.9989,0.0477,0.0000,-0.0477,0.9989,0.0000,0.0000,0.0000,1.0000,0.1101,0.3070,0.2173
403,3,9.3561,-0.0485,0.5889,0.9989,0.0477,0.0000,-0.0477,0.9989,0.0000,0.0000,0.0000,1.0000,0.2836,0.2073,0.2889
403,4,9.4763,-0.0893,0.5062,0.9989,0.0477,0.0000,-0.0477,0.9989,0.0000,0.0000,0.0000,1.0000,0.2820,0.2947,0.2062
403,5,9.6371,0.0553,0.6614,0.9989,0.0477,0.0000,-0.0477,0.9989,0.0000,0.0000,0.0000,1.0000,0.1112,0.2100,0.3614
403,6,9.7291,0.0792,0.4265,0.9989,0.0477,0.0000,-0.0477,0.9989,0.0000,0.0000,0.0000,1.0000,0.1972,0.1336,0.1265
403,7,9.8375,0.0928,0.4491,0.9989,0.0477,0.0000,-0.0477,0.9989,0.0000,0.0000,0.0000,1.0000,0.1624,0.1625,0.0548
403,8,9.8628,0.1373,0.4472,0.9989,0.0477,0.0000,-0.0477,0.9989,0.0000,0.0000,0.0000,1.0000,0.0831,0.2046,0.1050
403,9,9.8899,0.2049,0.4544,0.9989,0.0477,0.0000,-0.0477,0.9989,0.0000,0.0000,0.0000,1.0000,0.0210,0.0279,0.0569
403,10,9.9366,0.1472,0.4546,0.9989,0.0477,0.0000,-0.0477,0.9989,0.0000,0.0000,0.0000,1.0000,0.0210,0.0279,0.0569
404,0,9.7306,0.2045,0.4400,0.9987,0.0514,0.0000,-0.0514,0.9987,0.0000,0.0000,0.0000,1.0000,0.2577,0.2263,0.1400
404,1,9.7386,0.2078,0.6052,0.9987,0.0514,0.0000,-0.0514,0.9987,0.0000,0.0000,0.0000,1.0000,0.1100,0.2168,0.3052
404,2,9.8175,0.1515,0.5173,0.9987,0.0514,0.0000,-0.0514,0.9987,0.0000,0.0000,0.0000,1.0000,0.1101,0.3070,0.2173
404,3,9.8489,-0.0238,0.5889,0.9987,0.0514,0.0000,-0.0514,0.9987,0.0000,0.0000,0.0000,1.0000,0.2836,0.2073,0.2889
404,4,9.9693,-0.0642,0.5062,0.9987,0.0514,0.0000,-0.0514,0.9987,0.0000,0.0000,0.0000,1.0000,0.2820,0.2947,0.2062
404,5,10.1296,0.0810,0.6614,0.9987,0.0514,0.0000,-0.0514,0.9987,0.0000,0.0000,0.0000,1.0000,0.1112,0.2100,0.3614
404,6,10.2215,0.1053,0.4265,0.9987,0.0514,0.0000,-0.0514,0.9987,0.0000,0.0000,0.0000,1.0000,0.1972,0.1336,0.1265
404,7,10.3298,0.1193,0.4491,0.9987,0.0514,0.0000,-0.0514,0.9987,0.0000,0.0000,0.0000,1.0000,0.1624,0.1625,0.0548
404,8,10.3549,0.1638,0.4472,0.9987,0.0514,0.0000,-0.0514,0.9987,0.0000,0.0000,0.0000,1.0000,0.0831,0.2046,0.1050
404,9,10.3818,0.2316,0.4544,0.9987,0.0514,0.0000,-0.0514,0.9987,0.0000,0.0000,0.0000,1.0000,0.0210,0.0279,0.0569
404,10,10.4287,0.1740,0.4546,0.9987,0.0514,0.0000,-0.0514,0.9987,0.0000,0.0000,0.0000,1.0000,0.0210,0.0279,0.0569
405,0,10.2180,0.2304,0.4400,0.9985,0.0556,0.0000,-0.0556,0.9985,0.0000,0.0000,0.0000,1.0000,0.2577,0.2263,0.1400
405,1,10.2259,0.2338,0.6052,0.9985,0.0556,0.0000,-0.0556,0.9985,0.0000,0.0000,0.0000,1.0000,0.1100,0.2168,0.3052
405,2,10.3051,0.1778,0.5173,0.9985,0.0556,0.0000,-0.0556,0.9985,0.0000,0.0000,0.0000,1.0000,0.1101,0.3070,0.2173
405,3,10.3372,0.0026,0.5889,0.9985,0.0556,0.0000,-0.0556,0.9985,0.0000,0.0000,0.0000,1.0000,0.2836,0.2073,0.2889
405,4,10.4578,-0.0372,0.5062,0.9985,0.0556,0.0000,-0.0556,0.9985,0.0000,0.0000,0.0000,1.0000,0.2820,0.2947,0.2062
405,5,10.6175,0.1087,0.6614,0.9985,0.0556,0.0000,-0.0556,0.9985,0.0000,0.0000,0.0000,1.0000,0.1112,0.2100,0.3614
405,6,10.7093,0.1333,0.4265,0.9985,0.0556,0.0000,-0.0556,0.9985,0.0000,0.0000,0.0000,1.0000,0.1972,0.1336,0.1265
405,7,10.8175,0.1478,0.4491,0.9985,0.0556,0.0000,-0.0556,0.9985,0.0000,0.0000,0.0000,1.0000,0.1624,0.1625,0.0548
405,8,10.8425,0.1924,0.4472,0.9985,0.0556,0.0000,-0.0556,0.9985,0.0000,0.0000,0.0000,1.0000,0.0831,0.2046,0.1050
405,9,10.8690,0.2603,0.4544,0.9985,0.0556,0.0000,-0.0556,0.9985,0.0000,0.0000,0.0000,1.0000,0.0210,0.0279,0.0569
405,10,10.9162,0.2029,0.4546,0.9985,0.0556,0.0000,-0.0556,0.9985,0.0000,0.0000,0.0000,1.0000,0.0210,0.0279,0.0569
406,0,10.7001,0.2582,0.4400,0.9982,0.0602,0.0000,-0.0602,0.9982,0.0000,0.0000,0.0000,1.0000,0.2577,0.2263,0.1400
406,1,10.7080,0.2616,0.6052,0.9982,0.0602,0.0000,-0.0602,0.9982,0.0000,0.0000,0.0000,1.0000,0.1100,0.2168,0.3052
406,2,10.7874,0.2060,0.5173,0.9982,0.0602,0.0000,-0.0602,0.9982,0.0000,0.0000,0.0000,1.0000,0.1101,0.3070,0.2173
406,3,10.8204,0.0309,0.5889,0.9982,0.0602,0.0000,-0.0602,0.9982,0.0000,0.0000,0.0000,1.0000,0.2836,0.2073,0.2889
406,4,10.9411,-0.0084,0.5062,0.9982,0.0602,0.0000,-0.0602,0.9982,0.0000,0.0000,0.0000,1.0000,0.2820,0.2947,0.2062
406,5,11.1002,0.1383,0.6614,0.9982,0.0602,0.0000,-0.0602,0.9982,0.0000,0.0000,0.0000,1.0000,0.1112,0.2100,0.3614
406,6,11.1918,0.1633,0.4265,0.9982,0.0602,0.0000,-0.0602,0.9982,0.0000,0.0000,0.0000,1.0000,0.1972,0.1336,0.1265
406,7,11.3000,0.1782,0.4491,0.9982,0.0602,0.0000,-0.0602,0.9982,0.0000,0.0000,0.0000,1.0000,0.1624,0.1625,0.0548
406,8,11.3248,0.2230,0.4472,0.9982,0.0602,0.0000,-0.0602,0.9982,0.0000,0.0000,0.0000,1.0000,0.0831,0.2046,0.1050
406,9,11.3510,0.2910,0.4544,0.9982,0.0602,0.0000,-0.0602,0.9982,0.0000,0.0000,0.0000,1.0000,0.0210,0.0279,0.0569
406,10,11.3984,0.2339,0.4546,0.9982,0.0602,0.0000,-0.0602,0.9982,0.0000,0.0000,0.0000,1.0000,0.0210,0.0279,0.0569
407,0,11.1773,0.2880,0.4400,0.9979,0.0652,0.0000,-0.0652,0.9979,0.0000,0.0000,0.0000,1.0000,0.2577,0.2263,0.1400
407,1,11.1852,0.2914,0.6052,0.9979,0.0652,0.0000,-0.0652,0.9979,0.0000,0.0000,0.0000,1.0000,0.1100,0.2168,0.3052
407,2,11.2649,0.2361,0.5173,0.9979,0.0652,0.0000,-0.0652,0.9979,0.0000,0.0000,0.0000,1.0000,0.1101,0.3070,0.2173
407,3,11.2988,0.0613,0.5889,0.9979,0.0652,0.0000,-0.0652,0.9979,0.0000,0.0000,0.0000,1.0000,0.2836,0.2073,0.2889
407,4,11.4196,0.0226,0.5062,0.9979,0.0652,0.0000,-0.0652,0.9979,0.0000,0.0000,0.0000,1.0000,0.2820,0.2947,0.2062
407,5,11.5780,0.1700,0.6614,0.9979,0.0652,0.0000,-0.0652,0.9979,0.0000,0.0000,0.0000,1.0000,0.1112,0.2100,0.3614
407,6,11.6695,0.1955,0.4265,0.9979,0.0652,0.0000,-0.0652,0.9979,0.0000,0.0000,0.0000,1.0000,0.1972,0.1336,0.1265
407,7,11.7776,0.2110,0.4491,0.9979,0.0652,0.0000,-0.0652,0.9979,0.0000,0.0000,0.0000,1.0000,0.1624,0.1625,0.0548
407,8,11.8022,0.2559,0.4472,0.9979,0.0652,0.0000,-0.0652,0.9979,0.0000,0.0000,0.0000,1.0000,0.0831,0.2046,0.1050
407,9,11.8281,0.3240,0.4544,0.9979,0.0652,0.0000,-0.0652,0.9979,0.0000,0.0000,0.0000,1.0000,0.0210,0.0279,0.0569
407,10,11.8758,0.2671,0.4546,0.9979,0.0652,0.0000,-0.0652,0.9979,0.0000,0.0000,0.0000,1.0000,0.0210,0.0279,0.0569
408,0,11.6507,0.3199,0.4400,0.9975,0.0707,0.0000,-0.0707,0.9975,0.0000,0.0000,0.0000,1.0000,0.2577,0.2263,0.1400
408,1,11.6586,0.3234,0.6052,0.9975,0.0707,0.0000,-0.0707,0.9975,0.0000,0.0000,0.0000,1.0000,0.1100,0.2168,0.3052
408,2,11.7386,0.2686,0.5173,0.9975,0.0707,0.0000,-0.0707,0.9975,0.0000,0.0000,0.0000,1.0000,0.1101,0.3070,0.2173
408,3,11.7734,0.0940,0.5889,0.9975,0.0707,0.0000,-0.0707,0.9975,0.0000,0.0000,0.0000,1.0000,0.2836,0.2073,0.2889
408,4,11.8945,0.0559,0.5062,0.9975,0.0707,0.0000,-0.0707,0.9975,0.0000,0.0000,0.0000,1.0000,0.2820,0.2947,0.2062
408,5,12.0520,0.2042,0.6614,0.9975,0.0707,0.0000,-0.0707,0.9975,0.0000,0.0000,0.0000,1.0000,0.1112,0.2100,0.3614
408,6,12.1434,0.2302,0.4265,0.9975,0.0707,0.0000,-0.0707,0.9975,0.0000,0.0000,0.0000,1.0000,0.1972,0.1336,0.1265
408,7,12.2514,0.2463,0.4491,0.9975,0.0707,0.0000,-0.0707,0.9975,0.0000,0.0000,0.0000,1.0000,0.1624,0.1625,0.0548
408,8,12.2757,0.2914,0.4472,0.9975,0.0707,0.0000,-0.0707,0.9975,0.0000,0.0000,0.0000,1.0000,0.0831,0.2046,0.1050
408,9,12.3013,0.3596,0.4544,0.9975,0.0707,0.0000,-0.0707,0.9975,0.0000,0.0000,0.0000,1.0000,0.0210,0.0279,0.0569
408,10,12.3493,0.3030,0.4546,0.9975,0.0707,0.0000,-0.0707,0.9975,0.0000,0.0000,0.0000,1.0000,0.0210,0.0279,0.0569
409,0,12.1214,0.3545,0.4400,0.9971,0.0767,0.0000,-0.0767,0.9971,0.0000,0.0000,0.0000,1.0000,0.2577,0.2263,0.1400
409,1,12.1293,0.3580,0.6052,0.9971,0.0767,0.0000,-0.0767,0.9971,0.0000,0.0000,0.0000,1.0000,0.1100,0.2168,0.3052
409,2,12.2096,0.3037,0.5173,0.9971,0.0767,0.0000,-0.0767,0.9971,0.0000,0.0000,0.0000,1.0000,0.1101,0.3070,0.2173
409,3,12.2454,0.1292,0.5889,0.9971,0.0767,0.0000,-0.0767,0.9971,0.0000,0.0000,0.0000,1.0000,0.2836,0.2073,0.2889
409,4,12.3668,0.0919,0.5062,0.9971,0.0767,0.0000,-0.0767,0.9971,0.0000,0.0000,0.0000,1.0000,0.2820,0.2947,0.2062
409,5,12.5234,0.2411,0.6614,0.9971,0.0767,0.0000,-0.0767,0.9971,0.0000,0.0000,0.0000,1.0000,0.1112,0.2100,0.3614
409,6,12.6146,0.2677,0.4265,0.9971,0.0767,0.0000,-0.0767,0.9971,0.0000,0.0000,0.0000,1.0000,0.1972,0.1336,0.1265
409,7,12.7226,0.2844,0.4491,0.9971,0.0767,0.0000,-0.0767,0.9971,0.0000,0.0000,0.0000,1.0000,0.1624,0.1625,0.0548
409,8,12.7466,0.3296,0.4472,0.9971,0.0767,0.0000,-0.0767,0.9971,0.0000,0.0000,0.0000,1.0000,0.0831,0.2046,0.1050
409,9,12.7717,0.3980,0.4544,0.9971,0.0767,0.0000,-0.0767,0.9971,0.0000,0.0000,0.0000,1.0000,0.0210,0.0279,0.0569
409,10,12.8201,0.3417,0.4546,0.9971,0.0767,0.0000,-0.0767,0.9971,0.0000,0.0000,0.0000,1.0000,0.0210,0.0279,0.0569
410,0,12.5900,0.3917,0.4400,0.9966,0.0829,0.0000,-0.0829,0.9966,0.0000,0.0000,0.0000,1.0000,0.2577,0.2263,0.1400
410,1,12.5979,0.3953,0.6052,0.9966,0.0829,0.0000,-0.0829,0.9966,0.0000,0.0000,0.0000,1.0000,0.1100,0.2168,0.3052
410,2,12.6785,0.3415,0.5173,0.9966,0.0829,0.0000,-0.0829,0.9966,0.0000,0.0000,0.0000,1.0000,0.1101,0.3070,0.2173
410,3,12.7155,0.1672,0.5889,0.9966,0.0829,0.0000,-0.0829,0.9966,0.0000,0.0000,0.0000,1.0000,0.2836,0.2073,0.2889
410,4,12.8370,0.1307,0.5062,0.9966,0.0829,0.0000,-0.0829,0.9966,0.0000,0.0000,0.0000,1.0000,0.2820,0.2947,0.2062
410,5,12.9927,0.2809,0.6614,0.9966,0.0829,0.0000,-0.0829,0.9966,0.0000,0.0000,0.0000,1.0000,0.1112,0.2100,0.3614
410,6,13.0838,0.3081,0.4265,0.9966,0.0829,0.0000,-0.0829,0.9966,0.0000,0.0000,0.0000,1.0000,0.1972,0.1336,0.1265
410,7,13.1916,0.3255,0.4491,0.9966,0.0829,0.0000,-0.0829,0.9966,0.0000,0.0000,0.0000,1.0000,0.1624,0.1625,0.0548
410,8,13.2153,0.3708,0.4472,0.9966,0.0829,0.0000,-0.0829,0.9966,0.0000,0.0000,0.0000,1.0000,0.0831,0.2046,0.1050
410,9,13.2400,0.4394,0.4544,0.9966,0.0829,0.0000,-0.0829,0.9966,0.0000,0.0000,0.0000,1.0000,0.0210,0.0279,0.0569
410,10,13.2887,0.3833,0.4546,0.9966,0.0829,0.0000,-0.0829,0.9966,0.0000,0.0000,0.0000,1.0000,0.0210,0.0279,0.0569
411,0,13.0568,0.4318,0.4400,0.9960,0.0894,0.0000,-0.0894,0.9960,0.0000,0.0000,0.0000,1.0000,0.2577,0.2263,0.1400
411,1,13.0646,0.4354,0.6052,0.9960,0.0894,0.0000,-0.0894,0.9960,0.0000,0.0000,0.0000,1.0000,0.1100,0.2168,0.3052
411,2,13.1456,0.3821,0.5173,0.9960,0.0894,0.0000,-0.0894,0.9960,0.0000,0.0000,0.0000,1.0000,0.1101,0.3070,0.2173
411,3,13.1837,0.2082,0.5889,0.9960,0.0894,0.0000,-0.0894,0.9960,0.0000,0.0000,0.0000,1.0000,0.2836,0.2073,0.2889
411,4,13.3055,0.1724,0.5062,0.9960,0.0894,0.0000,-0.0894,0.9960,0.0000,0.0000,0.0000,1.0000,0.2820,0.2947,0.2062
411,5,13.4602,0.3236,0.6614,0.9960,0.0894,0.0000,-0.0894,0.9960,0.0000,0.0000,0.0000,1.0000,0.1112,0.2100,0.3614
411,6,13.5511,0.3514,0.4265,0.9960,0.0894,0.0000,-0.0894,0.9960,0.0000,0.0000,0.0000,1.0000,0.1972,0.1336,0.1265
411,7,13.6588,0.3695,0.4491,0.9960,0.0894,0.0000,-0.0894,0.9960,0.0000,0.0000,0.0000,1.0000,0.1624,0.1625,0.0548
411,8,13.6822,0.4149,0.4472,0.9960,0.0894,0.0000,-0.0894,0.9960,0.0000,0.0000,0.0000,1.0000,0.0831,0.2046,0.1050
411,9,13.7065,0.4837,0.4544,0.9960,0.0894,0.0000,-0.0894,0.9960,0.0000,0.0000,0.0000,1.0000,0.0210,0.0279,0.0569
411,10,13.7555,0.4280,0.4546,0.9960,0.0894,0.0000,-0.0894,0.9960,0.0000,0.0000,0.0000,1.0000,0.0210,0.0279,0.0569
412,0,13.5219,0.4749,0.4400,0.9954,0.0963,0.0000,-0.0963,0.9954,0.0000,0.0000,0.0000,1.0000,0.2577,0.2263,0.1400
412,1,13.5297,0.4786,0.6052,0.9954,0.0963,0.0000,-0.0963,0.9954,0.0000,0.0000,0.0000,1.0000,0.1100,0.2168,0.3052
412,2,13.6110,0.4258,0.5173,0.9954,0.0963,0.0000,-0.0963,0.9954,0.0000,0.0000,0.0000,1.0000,0.1101,0.3070,0.2173
412,3,13.6503,0.2521,0.5889,0.9954,0.0963,0.0000,-0.0963,0.9954,0.0000,0.0000,0.0000,1.0000,0.2836,0.2073,0.2889
412,4,13.7724,0.2172,0.5062,0.9954,0.0963,0.0000,-0.0963,0.9954,0.0000,0.0000,0.0000,1.0000,0.2820,0.2947,0.2062
412,5,13.9260,0.3695,0.6614,0.9954,0.0963,0.0000,-0.0963,0.9954,0.0000,0.0000,0.0000,1.0000,0.1112,0.2100,0.3614
412,6,14.0167,0.3979,0.4265,0.9954,0.0963,0.0000,-0.0963,0.9954,0.0000,0.0000,0.0000,1.0000,0.1972,0.1336,0.1265
412,7,14.1243,0.4167,0.4491,0.9954,0.0963,0.0000,-0.0963,0.9954,0.0000,0.0000,0.0000,1.0000,0.1624,0.1625,0.0548
412,8,14.1474,0.4624,0.4472,0.9954,0.0963,0.0000,-0.0963,0.9954,0.0000,0.0000,0.0000,1.0000,0.0831,0.2046,0.1050
412,9,14.1712,0.5313,0.4544,0.9954,0.0963,0.0000,-0.0963,0.9954,0.0000,0.0000,0.0000,1.0000,0.0210,0.0279,0.0569
412,10,14.2206,0.4759,0.4546,0.9954,0.0963,0.0000,-0.0963,0.9954,0.0000,0.0000,0.0000,1.0000,0.0210,0.0279,0.0569
413,0,13.9855,0.5211,0.4400,0.9946,0.1035,0.0000,-0.1035,0.9946,0.0000,0.0000,0.0000,1.0000,0.2577,0.2263,0.1400
413,1,13.9932,0.5249,0.6052,0.9946,0.1035,0.0000,-0.1035,0.9946,0.0000,0.0000,0.0000,1.0000,0.1100,0.2168,0.3052
413,2,14.0749,0.4727,0.5173,0.9946,0.1035,0.0000,-0.1035,0.9946,0.0000,0.0000,0.0000,1.0000,0.1101,0.3070,0.2173
413,3,14.1155,0.2993,0.5889,0.9946,0.1035,0.0000,-0.1035,0.9946,0.0000,0.0000,0.0000,1.0000,0.2836,0.2073,0.2889
413,4,14.2378,0.2653,0.5062,0.9946,0.1035,0.0000,-0.1035,0.9946,0.0000,0.0000,0.0000,1.0000,0.2820,0.2947,0.2062
413,5,14.3903,0.4187,0.6614,0.9946,0.1035,0.0000,-0.1035,0.9946,0.0000,0.0000,0.0000,1.0000,0.1112,0.2100,0.3614
413,6,14.4808,0.4477,0.4265,0.9946,0.1035,0.0000,-0.1035,0.9946,0.0000,0.0000,0.0000,1.0000,0.1972,0.1336,0.1265
413,7,14.5883,0.4674,0.4491,0.9946,0.1035,0.0000,-0.1035,0.9946,0.0000,0.0000,0.0000,1.0000,0.1624,0.1625,0.0548
413,8,14.6110,0.5132,0.4472,0.9946,0.1035,0.0000,-0.1035,0.9946,0.0000,0.0000,0.0000,1.0000,0.0831,0.2046,0.1050
413,9,14.6343,0.5822,0.4544,0.9946,0.1035,0.0000,-0.1035,0.9946,0.0000,0.0000,0.0000,1.0000,0.0210,0.0279,0.0569
413,10,14.6842,0.5272,0.4546,0.9946,0.1035,0.0000,-0.1035,0.9946,0.0000,0.0000,0.0000,1.0000,0.0210,0.0279,0.0569
414,0,14.4475,0.5707,0.4400,0.9938,0.1113,0.0000,-0.1113,0.9938,0.0000,0.0000,0.0000,1.0000,0.2577,0.2263,0.1400
414,1,14.4553,0.5745,0.6052,0.9938,0.1113,0.0000,-0.1113,0.9938,0.0000,0.0000,0.0000,1.0000,0.1100,0.2168,0.3052
414,2,14.5374,0.5230,0.5173,0.9938,0.1113,0.0000,-0.1113,0.9938,0.0000,0.0000,0.0000,1.0000,0.1101,0.3070,0.2173
414,3,14.5793,0.3499,0.5889,0.9938,0.1113,0.0000,-0.1113,0.9938,0.0000,0.0000,0.0000,1.0000,0.2836,0.2073,0.2889
414,4,14.7019,0.3169,0.5062,0.9938,0.1113,0.0000,-0.1113,0.9938,0.0000,0.0000,0.0000,1.0000,0.2820,0.2947,0.2062
414,5,14.8532,0.4715,0.6614,0.9938,0.1113,0.0000,-0.1113,0.9938,0.0000,0.0000,0.0000,1.0000,0.1112,0.2100,0.3614
414,6,14.9435,0.5012,0.4265,0.9938,0.1113,0.0000,-0.1113,0.9938,0.0000,0.0000,0.0000,1.0000,0.1972,0.1336,0.1265
414,7,15.0508,0.5217,0.4491,0.9938,0.1113,0.0000,-0.1113,0.9938,0.0000,0.0000,0.0000,1.0000,0.1624,0.1625,0.0548
414,8,15.0732,0.5676,0.4472,0.9938,0.1113,0.0000,-0.1113,0.9938,0.0000,0.0000,0.0000,1.0000,0.0831,0.2046,0.1050
414,9,15.0959,0.6369,0.4544,0.9938,0.1113,0.0000,-0.1113,0.9938,0.0000,0.0000,0.0000,1.0000,0.0210,0.0279,0.0569
414,10,15.1462,0.5823,0.4546,0.9938,0.1113,0.0000,-0.1113,0.9938,0.0000,0.0000,0.0000,1.0000,0.0210,0.0279,0.0569
415,0,14.9080,0.6238,0.4400,0.9929,0.1192,0.0000,-0.1192,0.9929,0.0000,0.0000,0.0000,1.0000,0.2577,0.2263,0.1400
415,1,14.9157,0.6277,0.6052,0.9929,0.1192,0.0000,-0.1192,0.9929,0.0000,0.0000,0.0000,1.0000,0.1100,0.2168,0.3052
415,2,14.9983,0.5769,0.5173,0.9929,0.1192,0.0000,-0.1192,0.9929,0.0000,0.0000,0.0000,1.0000,0.1101,0.3070,0.2173
415,3,15.0416,0.4041,0.5889,0.9929,0.1192,0.0000,-0.1192,0.9929,0.0000,0.0000,0.0000,1.0000,0.2836,0.2073,0.2889
415,4,15.1644,0.3720,0.5062,0.9929,0.1192,0.0000,-0.1192,0.9929,0.0000,0.0000,0.0000,1.0000,0.2820,0.2947,0.2062
415,5,15.3145,0.5278,0.6614,0.9929,0.1192,0.0000,-0.1192,0.9929,0.0000,0.0000,0.0000,1.0000,0.1112,0.2100,0.3614
415,6,15.4045,0.5582,0.4265,0.9929,0.1192,0.0000,-0.1192,0.9929,0.0000,0.0000,0.0000,1.0000,0.1972,0.1336,0.1265
415,7,15.5116,0.5796,0.4491,0.9929,0.1192,0.0000,-0.1192,0.9929,0.0000,0.0000,0.0000,1.0000,0.1624,0.1625,0.0548
415,8,15.5337,0.6257,0.4472,0.9929,0.1192,0.0000,-0.1192,0.9929,0.0000,0.0000,0.0000,1.0000,0.0831,0.2046,0.1050
415,9,15.5558,0.6952,0.4544,0.9929,0.1192,0.0000,-0.1192,0.9929,0.0000,0.0000,0.0000,1.0000,0.0210,0.0279,0.0569
415,10,15.6066,0.6409,0.4546,0.9929,0.1192,0.0000,-0.1192,0.9929,0.0000,0.0000,0.0000,1.0000,0.0210,0.0279,0.0569
416,0,15.3666,0.6805,0.4400,0.9918,0.1274,0.0000,-0.1274,0.9918,0.0000,0.0000,0.0000,1.0000,0.2577,0.2263,0.1400
416,1,15.3743,0.6844,0.6052,0.9918,0.1274,0.0000,-0.1274,0.9918,0.0000,0.0000,0.0000,1.0000,0.1100,0.2168,0.3052
416,2,15.4573,0.6342,0.5173,0.9918,0.1274,0.0000,-0.1274,0.9918,0.0000,0.0000,0.0000,1.0000,0.1101,0.3070,0.2173
416,3,15.5020,0.4618,0.5889,0.9918,0.1274,0.0000,-0.1274,0.9918,0.0000,0.0000,0.0000,1.0000,0.2836,0.2073,0.2889
416,4,15.6251,0.4308,0.5062,0.9918,0.1274,0.0000,-0.1274,0.9918,0.0000,0.0000,0.0000,1.0000,0.2820,0.2947,0.2062
416,5,15.7739,0.5878,0.6614,0.9918,0.1274,0.0000,-0.1274,0.9918,0.0000,0.0000,0.0000,1.0000,0.1112,0.2100,0.3614
416,6,15.8636,0.6190,0.4265,0.9918,0.1274,0.0000,-0.1274,0.9918,0.0000,0.0000,0.0000,1.0000,0.1972,0.1336,0.1265
416,7,15.9706,0.6412,0.4491,0.9918,0.1274,0.0000,-0.1274,0.9918,0.0000,0.0000,0.0000,1.0000,0.1624,0.1625,0.0548
416,8,15.9922,0.6875,0.4472,0.9918,0.1274,0.0000,-0.1274,0.9918,0.0000,0.0000,0.0000,1.0000,0.0831,0.2046,0.1050
416,9,16.0138,0.7572,0.4544,0.9918,0.1274,0.0000,-0.1274,0.9918,0.0000,0.0000,0.0000,1.0000,0.0210,0.0279,0.0569
416,10,16.0650,0.7033,0.4546,0.9918,0.1274,0.0000,-0.1274,0.9918,0.0000,0.0000,0.0000,1.0000,0.0210,0.0279,0.0569
417,0,15.8230,0.7407,0.4400,0.9907,0.1358,0.0000,-0.1358,0.9907,0.0000,0.0000,0.0000,1.0000,0.2577,0.2263,0.1400
417,1,15.8306,0.7447,0.6052,0.9907,0.1358,0.0000,-0.1358,0.9907,0.0000,0.0000,0.0000,1.0000,0.1100,0.2168,0.3052
417,2,15.9140,0.6952,0.5173,0.9907,0.1358,0.0000,-0.1358,0.9907,0.0000,0.0000,0.0000,1.0000,0.1101,0.3070,0.2173
417,3,15.9602,0.5232,0.5889,0.9907,0.1358,0.0000,-0.1358,0.9907,0.0000,0.0000,0.0000,1.0000,0.2836,0.2073,0.2889
417,4,16.0835,0.4932,0.5062,0.9907,0.1358,0.0000,-0.1358,0.9907,0.0000,0.0000,0.0000,1.0000,0.2820,0.2947,0.2062
417,5,16.2310,0.6515,0.6614,0.9907,0.1358,0.0000,-0.1358,0.9907,0.0000,0.0000,0.0000,1.0000,0.1112,0.2100,0.3614
417,6,16.3205,0.6834,0.4265,0.9907,0.1358,0.0000,-0.1358,0.9907,0.0000,0.0000,0.0000,1.0000,0.1972,0.1336,0.1265
417,7,16.4272,0.7065,0.4491,0.9907,0.1358,0.0000,-0.1358,0.9907,0.0000,0.0000,0.0000,1.0000,0.1624,0.1625,0.0548
417,8,16.4485,0.7530,0.4472,0.9907,0.1358,0.0000,-0.1358,0.9907,0.0000,0.0000,0.0000,1.0000,0.0831,0.2046,0.1050
417,9,16.4695,0.8228,0.4544,0.9907,0.1358,0.0000,-0.1358,0.9907,0.0000,0.0000,0.0000,1.0000,0.0210,0.0279,0.0569
417,10,16.5211,0.7695,0.4546,0.9907,0.1358,0.0000,-0.1358,0.9907,0.0000,0.0000,0.0000,1.0000,0.0210,0.0279,0.0569
418,0,16.2766,0.8045,0.4400,0.9895,0.1443,0.0000,-0.1443,0.9895,0.0000,0.0000,0.0000,1.0000,0.2577,0.2263,0.1400
418,1,16.2842,0.8085,0.6052,0.9895,0.1443,0.0000,-0.1443,0.9895,0.0000,0.0000,0.0000,1.0000,0.1100,0.2168,0.3052
418,2,16.3680,0.7598,0.5173,0.9895,0.1443,0.0000,-0.1443,0.9895,0.0000,0.0000,0.0000,1.0000,0.1101,0.3070,0.2173
418,3,16.4157,0.5882,0.5889,0.9895,0.1443,0.0000,-0.1443,0.9895,0.0000,0.0000,0.0000,1.0000,0.2836,0.2073,0.2889
418,4,16.5393,0.5592,0.5062,0.9895,0.1443,0.0000,-0.1443,0.9895,0.0000,0.0000,0.0000,1.0000,0.2820,0.2947,0.2062
418,5,16.6854,0.7188,0.6614,0.9895,0.1443,0.0000,-0.1443,0.9895,0.0000,0.0000,0.0000,1.0000,0.1112,0.2100,0.3614
418,6,16.7746,0.7515,0.4265,0.9895,0.1443,0.0000,-0.1443,0.9895,0.0000,0.0000,0.0000,1.0000,0.1972,0.1336,0.1265
418,7,16.8811,0.7755,0.4491,0.9895,0.1443,0.0000,-0.1443,0.9895,0.0000,0.0000,0.0000,1.0000,0.1624,0.1625,0.0548
418,8,16.9020,0.8222,0.4472,0.9895,0.1443,0.0000,-0.1443,0.9895,0.0000,0.0000,0.0000,1.0000,0.0831,0.2046,0.1050
418,9,16.9224,0.8922,0.4544,0.9895,0.1443,0.0000,-0.1443,0.9895,0.0000,0.0000,0.0000,1.0000,0.0210,0.0279,0.0569
418,10,16.9745,0.8392,0.4546,0.9895,0.1443,0.0000,-0.1443,0.9895,0.0000,0.0000,0.0000,1.0000,0.0210,0.0279,0.0569
419,0,16.7275,0.8719,0.4400,0.9883,0.1528,0.0000,-0.1528,0.9883,0.0000,0.0000,0.0000,1.0000,0.2577,0.2263,0.1400
419,1,16.7351,0.8760,0.6052,0.9883,0.1528,0.0000,-0.1528,0.9883,0.0000,0.0000,0.0000,1.0000,0.1100,0.2168,0.3052
419,2,16.8193,0.8280,0.5173,0.9883,0.1528,0.0000,-0.1528,0.9883,0.0000,0.0000,0.0000,1.0000,0.1101,0.3070,0.2173
419,3,16.8685,0.6568,0.5889,0.9883,0.1528,0.0000,-0.1528,0.9883,0.0000,0.0000,0.0000,1.0000,0.2836,0.2073,0.2889
419,4,16.9923,0.6289,0.5062,0.9883,0.1528,0.0000,-0.1528,0.9883,0.0000,0.0000,0.0000,1.0000,0.2820,0.2947,0.2062
419,5,17.1370,0.7897,0.6614,0.9883,0.1528,0.0000,-0.1528,0.9883,0.0000,0.0000,0.0000,1.0000,0.1112,0.2100,0.3614
419,6,17.2259,0.8232,0.4265,0.9883,0.1528,0.0000,-0.1528,0.9883,0.0000,0.0000,0.0000,1.0000,0.1972,0.1336,0.1265
419,7,17.3323,0.8481,0.4491,0.9883,0.1528,0.0000,-0.1528,0.9883,0.0000,0.0000,0.0000,1.0000,0.1624,0.1625,0.0548
419,8,17.3527,0.8950,0.4472,0.9883,0.1528,0.0000,-0.1528,0.9883,0.0000,0.0000,0.0000,1.0000,0.0831,0.2046,0.1050
419,9,17.3726,0.9651,0.4544,0.9883,0.1528,0.0000,-0.1528,0.9883,0.0000,0.0000,0.0000,1.0000,0.0210,0.0279,0.0569
419,10,17.4251,0.9126,0.4546,0.9883,0.1528,0.0000,-0.1528,0.9883,0.0000,0.0000,0.0000,1.0000,0.0210,0.0279,0.0569
420,0,17.1759,0.9428,0.4400,0.9869,0.1614,0.0000,-0.1614,0.9869,0.0000,0.0000,0.0000,1.0000,0.2577,0.2263,0.1400
420,1,17.1835,0.9470,0.6052,0.9869,0.1614,0.0000,-0.1614,0.9869,0.0000,0.0000,0.0000,1.0000,0.1100,0.2168,0.3052
420,2,17.2681,0.8997,0.5173,0.9869,0.1614,0.0000,-0.1614,0.9869,0.0000,0.0000,0.0000,1.0000,0.1101,0.3070,0.2173
420,3,17.3187,0.7290,0.5889,0.9869,0.1614,0.0000,-0.1614,0.9869,0.0000,0.0000,0.0000,1.0000,0.2836,0.2073,0.2889
420,4,17.4428,0.7022,0.5062,0.9869,0.1614,0.0000,-0.1614,0.9869,0.0000,0.0000,0.0000,1.0000,0.2820,0.2947,0.2062
420,5,17.5861,0.8642,0.6614,0.9869,0.1614,0.0000,-0.1614,0.9869,0.0000,0.0000,0.0000,1.0000,0.1112,0.2100,0.3614
420,6,17.6747,0.8985,0.4265,0.9869,0.1614,0.0000,-0.1614,0.9869,0.0000,0.0000,0.0000,1.0000,0.1972,0.1336,0.1265
420,7,17.7808,0.9243,0.4491,0.9869,0.1614,0.0000,-0.1614,0.9869,0.0000,0.0000,0.0000,1.0000,0.1624,0.1625,0.0548
420,8,17.8009,0.9714,0.4472,0.9869,0.1614,0.0000,-0.1614,0.9869,0.0000,0.0000,0.0000,1.0000,0.0831,0.2046,0.1050
420,9,17.8201,1.0417,0.4544,0.9869,0.1614,0.0000,-0.1614,0.9869,0.0000,0.0000,0.0000,1.0000,0.0210,0.0279,0.0569
420,10,17.8731,0.9897,0.4546,0.9869,0.1614,0.0000,-0.1614,0.9869,0.0000,0.0000,0.0000,1.0000,0.0210,0.0279,0.0569
421,0,17.6221,1.0174,0.4400,0.9854,0.1700,0.0000,-0.1700,0.9854,0.0000,0.0000,0.0000,1.0000,0.2577,0.2263,0.1400
421,1,17.6296,1.0217,0.6052,0.9854,0.1700,0.0000,-0.1700,0.9854,0.0000,0.0000,0.0000,1.0000,0.1100,0.2168,0.3052
421,2,17.7146,0.9752,0.5173,0.9854,0.1700,0.0000,-0.1700,0.9854,0.0000,0.0000,0.0000,1.0000,0.1101,0.3070,0.2173
421,3,17.7668,0.8048,0.5889,0.9854,0.1700,0.0000,-0.1700,0.9854,0.0000,0.0000,0.0000,1.0000,0.2836,0.2073,0.2889
421,4,17.8910,0.7791,0.5062,0.9854,0.1700,0.0000,-0.1700,0.9854,0.0000,0.0000,0.0000,1.0000,0.2820,0.2947,0.2062
421,5,18.0329,0.9424,0.6614,0.9854,0.1700,0.0000,-0.1700,0.9854,0.0000,0.0000,0.0000,1.0000,0.1112,0.2100,0.3614
421,6,18.1213,0.9774,0.4265,0.9854,0.1700,0.0000,-0.1700,0.9854,0.0000,0.0000,0.0000,1.0000,0.1972,0.1336,0.1265
421,7,18.2272,1.0042,0.4491,0.9854,0.1700,0.0000,-0.1700,0.9854,0.0000,0.0000,0.0000,1.0000,0.1624,0.1625,0.0548
421,8,18.2468,1.0514,0.4472,0.9854,0.1700,0.0000,-0.1700,0.9854,0.0000,0.0000,0.0000,1.0000,0.0831,0.2046,0.1050
421,9,18.2654,1.1219,0.4544,0.9854,0.1700,0.0000,-0.1700,0.9854,0.0000,0.0000,0.0000,1.0000,0.0210,0.0279,0.0569
421,10,18.3189,1.0704,0.4546,0.9854,0.1700,0.0000,-0.1700,0.9854,0.0000,0.0000,0.0000,1.0000,0.0210,0.0279,0.0569
422,0,18.0662,1.0957,0.4400,0.9840,0.1784,0.0000,-0.1784,0.9840,0.0000,0.0000,0.0000,1.0000,0.2577,0.2263,0.1400
422,1,18.0737,1.1000,0.6052,0.9840,0.1784,0.0000,-0.1784,0.9840,0.0000,0.0000,0.0000,1.0000,0.1100,0.2168,0.3052
422,2,18.1591,1.0542,0.5173,0.9840,0.1784,0.0000,-0.1784,0.9840,0.0000,0.0000,0.0000,1.0000,0.1101,0.3070,0.2173
422,3,18.2127,0.8843,0.5889,0.9840,0.1784,0.0000,-0.1784,0.9840,0.0000,0.0000,0.0000,1.0000,0.2836,0.2073,0.2889
422,4,18.3372,0.8596,0.5062,0.9840,0.1784,0.0000,-0.1784,0.9840,0.0000,0.0000,0.0000,1.0000,0.2820,0.2947,0.2062
422,5,18.4777,1.0241,0.6614,0.9840,0.1784,0.0000,-0.1784,0.9840,0.0000,0.0000,0.0000,1.0000,0.1112,0.2100,0.3614
422,6,18.5657,1.0599,0.4265,0.9840,0.1784,0.0000,-0.1784,0.9840,0.0000,0.0000,0.0000,1.0000,0.1972,0.1336,0.1265
422,7,18.6714,1.0876,0.4491,0.9840,0.1784,0.0000,-0.1784,0.9840,0.0000,0.0000,0.0000,1.0000,0.1624,0.1625,0.0548
422,8,18.6906,1.1350,0.4472,0.9840,0.1784,0.0000,-0.1784,0.9840,0.0000,0.0000,0.0000,1.0000,0.0831,0.2046,0.1050
422,9,18.7086,1.2057,0.4544,0.9840,0.1784,0.0000,-0.1784,0.9840,0.0000,0.0000,0.0000,1.0000,0.0210,0.0279,0.0569
422,10,18.7625,1.1545,0.4546,0.9840,0.1784,0.0000,-0.1784,0.9840,0.0000,0.0000,0.0000,1.0000,0.0210,0.0279,0.0569
423,0,18.5085,1.1774,0.4400,0.9824,0.1867,0.0000,-0.1867,0.9824,0.0000,0.0000,0.0000,1.0000,0.2577,0.2263,0.1400
423,1,18.5159,1.1818,0.6052,0.9824,0.1867,0.0000,-0.1867,0.9824,0.0000,0.0000,0.0000,1.0000,0.1100,0.2168,0.3052
423,2,18.6017,1.1367,0.5173,0.9824,0.1867,0.0000,-0.1867,0.9824,0.0000,0.0000,0.0000,1.0000,0.1101,0.3070,0.2173
423,3,18.6567,0.9673,0.5889,0.9824,0.1867,0.0000,-0.1867,0.9824,0.0000,0.0000,0.0000,1.0000,0.2836,0.2073,0.2889
423,4,18.7814,0.9437,0.5062,0.9824,0.1867,0.0000,-0.1867,0.9824,0.0000,0.0000,0.0000,1.0000,0.2820,0.2947,0.2062
423,5,18.9205,1.1094,0.6614,0.9824,0.1867,0.0000,-0.1867,0.9824,0.0000,0.0000,0.0000,1.0000,0.1112,0.2100,0.3614
423,6,19.0083,1.1459,0.4265,0.9824,0.1867,0.0000,-0.1867,0.9824,0.0000,0.0000,0.0000,1.0000,0.1972,0.1336,0.1265
423,7,19.1137,1.1745,0.4491,0.9824,0.1867,0.0000,-0.1867,0.9824,0.0000,0.0000,0.0000,1.0000,0.1624,0.1625,0.0548
423,8,19.1325,1.2220,0.4472,0.9824,0.1867,0.0000,-0.1867,0.9824,0.0000,0.0000,0.0000,1.0000,0.0831,0.2046,0.1050
423,9,19.1499,1.2928,0.4544,0.9824,0.1867,0.0000,-0.1867,0.9824,0.0000,0.0000,0.0000,1.0000,0.0210,0.0279,0.0569
423,10,19.2042,1.2422,0.4546,0.9824,0.1867,0.0000,-0.1867,0.9824,0.0000,0.0000,0.0000,1.0000,0.0210,0.0279,0.0569
424,0,18.9491,1.2627,0.4400,0.9808,0.1948,0.0000,-0.1948,0.9808,0.0000,0.0000,0.0000,1.0000,0.2577,0.2263,0.1400
424,1,18.9565,1.2671,0.6052,0.9808,0.1948,0.0000,-0.1948,0.9808,0.0000,0.0000,0.0000,1.0000,0.1100,0.2168,0.3052
424,2,19.0427,1.2228,0.5173,0.9808,0.1948,0.0000,-0.1948,0.9808,0.0000,0.0000,0.0000,1.0000,0.1101,0.3070,0.2173
424,3,19.0991,1.0538,0.5889,0.9808,0.1948,0.0000,-0.1948,0.9808,0.0000,0.0000,0.0000,1.0000,0.2836,0.2073,0.2889
424,4,19.2240,1.0312,0.5062,0.9808,0.1948,0.0000,-0.1948,0.9808,0.0000,0.0000,0.0000,1.0000,0.2820,0.2947,0.2062
424,5,19.3617,1.1981,0.6614,0.9808,0.1948,0.0000,-0.1948,0.9808,0.0000,0.0000,0.0000,1.0000,0.1112,0.2100,0.3614
424,6,19.4492,1.2353,0.4265,0.9808,0.1948,0.0000,-0.1948,0.9808,0.0000,0.0000,0.0000,1.0000,0.1972,0.1336,0.1265
424,7,19.5543,1.2648,0.4491,0.9808,0.1948,0.0000,-0.1948,0.9808,0.0000,0.0000,0.0000,1.0000,0.1624,0.1625,0.0548
424,8,19.5728,1.3125,0.4472,0.9808,0.1948,0.0000,-0.1948,0.9808,0.0000,0.0000,0.0000,1.0000,0.0831,0.2046,0.1050
424,9,19.5896,1.3834,0.4544,0.9808,0.1948,0.0000,-0.1948,0.9808,0.0000,0.0000,0.0000,1.0000,0.0210,0.0279,0.0569
424,10,19.6443,1.3332,0.4546,0.9808,0.1948,0.0000,-0.1948,0.9808,0.0000,0.0000,0.0000,1.0000,0.0210,0.0279,0.0569
425,0,19.3884,1.3515,0.4400,0.9792,0.2027,0.0000,-0.2027,0.9792,0.0000,0.0000,0.0000,1.0000,0.2577,0.2263,0.1400
425,1,19.3958,1.3560,0.6052,0.9792,0.2027,0.0000,-0.2027,0.9792,0.0000,0.0000,0.0000,1.0000,0.1100,0.2168,0.3052
425,2,19.4823,1.3123,0.5173,0.9792,0.2027,0.0000,-0.2027,0.9792,0.0000,0.0000,0.0000,1.0000,0.1101,0.3070,0.2173
425,3,19.5401,1.1438,0.5889,0.9792,0.2027,0.0000,-0.2027,0.9792,0.0000,0.0000,0.0000,1.0000,0.2836,0.2073,0.2889
425,4,19.6651,1.1222,0.5062,0.9792,0.2027,0.0000,-0.2027,0.9792,0.0000,0.0000,0.0000,1.0000,0.2820,0.2947,0.2062
425,5,19.8015,1.2901,0.6614,0.9792,0.2027,0.0000,-0.2027,0.9792,0.0000,0.0000,0.0000,1.0000,0.1112,0.2100,0.3614
425,6,19.8886,1.3281,0.4265,0.9792,0.2027,0.0000,-0.2027,0.9792,0.0000,0.0000,0.0000,1.0000,0.1972,0.1336,0.1265
425,7,19.9936,1.3584,0.4491,0.9792,0.2027,0.0000,-0.2027,0.9792,0.0000,0.0000,0.0000,1.0000,0.1624,0.1625,0.0548
425,8,20.0116,1.4063,0.4472,0.9792,0.2027,0.0000,-0.2027,0.9792,0.0000,0.0000,0.0000,1.0000,0.0831,0.2046,0.1050
425,9,20.0279,1.4773,0.4544,0.9792,0.2027,0.0000,-0.2027,0.9792,0.0000,0.0000,0.0000,1.0000,0.0210,0.0279,0.0569
425,10,20.0830,1.4276,0.4546,0.9792,0.2027,0.0000,-0.2027,0.9792,0.0000,0.0000,0.0000,1.0000,0.0210,0.0279,0.0569
426,0,19.8263,1.4436,0.4400,0.9776,0.2103,0.0000,-0.2103,0.9776,0.0000,0.0000,0.0000,1.0000,0.2577,0.2263,0.1400
426,1,19.8336,1.4481,0.6052,0.9776,0.2103,0.0000,-0.2103,0.9776,0.0000,0.0000,0.0000,1.0000,0.1100,0.2168,0.3052
426,2,19.9205,1.4051,0.5173,0.9776,0.2103,0.0000,-0.2103,0.9776,0.0000,0.0000,0.0000,1.0000,0.1101,0.3070,0.2173
426,3,19.9795,1.2371,0.5889,0.9776,0.2103,0.0000,-0.2103,0.9776,0.0000,0.0000,0.0000,1.0000,0.2836,0.2073,0.2889
426,4,20.1048,1.2165,0.5062,0.9776,0.2103,0.0000,-0.2103,0.9776,0.0000,0.0000,0.0000,1.0000,0.2820,0.2947,0.2062
426,5,20.2398,1.3855,0.6614,0.9776,0.2103,0.0000,-0.2103,0.9776,0.0000,0.0000,0.0000,1.0000,0.1112,0.2100,0.3614
426,6,20.3267,1.4241,0.4265,0.9776,0.2103,0.0000,-0.2103,0.9776,0.0000,0.0000,0.0000,1.0000,0.1972,0.1336,0.1265
426,7,20.4314,1.4552,0.4491,0.9776,0.2103,0.0000,-0.2103,0.9776,0.0000,0.0000,0.0000,1.0000,0.1624,0.1625,0.0548
426,8,20.4491,1.5032,0.4472,0.9776,0.2103,0.0000,-0.2103,0.9776,0.0000,0.0000,0.0000,1.0000,0.0831,0.2046,0.1050
426,9,20.4647,1.5744,0.4544,0.9776,0.2103,0.0000,-0.2103,0.9776,0.0000,0.0000,0.0000,1.0000,0.0210,0.0279,0.0569
426,10,20.5202,1.5251,0.4546,0.9776,0.2103,0.0000,-0.2103,0.9776,0.0000,0.0000,0.0000,1.0000,0.0210,0.0279,0.0569
427,0,20.2625,1.5388,0.4400,0.9760,0.2177,0.0000,-0.2177,0.9760,0.0000,0.0000,0.0000,1.0000,0.2577,0.2263,0.1400
427,1,20.2697,1.5434,0.6052,0.9760,0.2177,0.0000,-0.2177,0.9760,0.0000,0.0000,0.0000,1.0000,0.1100,0.2168,0.3052
427,2,20.3569,1.5011,0.5173,0.9760,0.2177,0.0000,-0.2177,0.9760,0.0000,0.0000,0.0000,1.0000,0.1101,0.3070,0.2173
427,3,20.4173,1.3335,0.5889,0.9760,0.2177,0.0000,-0.2177,0.9760,0.0000,0.0000,0.0000,1.0000,0.2836,0.2073,0.2889
427,4,20.5427,1.3138,0.5062,0.9760,0.2177,0.0000,-0.2177,0.9760,0.0000,0.0000,0.0000,1.0000,0.2820,0.2947,0.2062
427,5,20.6765,1.4838,0.6614,0.9760,0.2177,0.0000,-0.2177,0.9760,0.0000,0.0000,0.0000,1.0000,0.1112,0.2100,0.3614
427,6,20.7630,1.5231,0.4265,0.9760,0.2177,0.0000,-0.2177,0.9760,0.0000,0.0000,0.0000,1.0000,0.1972,0.1336,0.1265
427,7,20.8674,1.5550,0.4491,0.9760,0.2177,0.0000,-0.2177,0.9760,0.0000,0.0000,0.0000,1.0000,0.1624,0.1625,0.0548
427,8,20.8848,1.6032,0.4472,0.9760,0.2177,0.0000,-0.2177,0.9760,0.0000,0.0000,0.0000,1.0000,0.0831,0.2046,0.1050
427,9,20.8999,1.6745,0.4544,0.9760,0.2177,0.0000,-0.2177,0.9760,0.0000,0.0000,0.0000,1.0000,0.0210,0.0279,0.0569
427,10,20.9558,1.6256,0.4546,0.9760,0.2177,0.0000,-0.2177,0.9760,0.0000,0.0000,0.0000,1.0000,0.0210,0.0279,0.0569
428,0,20.6965,1.6370,0.4400,0.9744,0.2249,0.0000,-0.2249,0.9744,0.0000,0.0000,0.0000,1.0000,0.2577,0.2263,0.1400
428,1,20.7038,1.6417,0.6052,0.9744,0.2249,0.0000,-0.2249,0.9744,0.0000,0.0000,0.0000,1.0000,0.1100,0.2168,0.3052
428,2,20.7913,1.6000,0.5173,0.9744,0.2249,0.0000,-0.2249,0.9744,0.0000,0.0000,0.0000,1.0000,0.1101,0.3070,0.2173
428,3,20.8529,1.4329,0.5889,0.9744,0.2249,0.0000,-0.2249,0.9744,0.0000,0.0000,0.0000,1.0000,0.2836,0.2073,0.2889
428,4,20.9784,1.4141,0.5062,0.9744,0.2249,0.0000,-0.2249,0.9744,0.0000,0.0000,0.0000,1.0000,0.2820,0.2947,0.2062
428,5,21.1109,1.5851,0.6614,0.9744,0.2249,0.0000,-0.2249,0.9744,0.0000,0.0000,0.0000,1.0000,0.1112,0.2100,0.3614
428,6,21.1972,1.6250,0.4265,0.9744,0.2249,0.0000,-0.2249,0.9744,0.0000,0.0000,0.0000,1.0000,0.1972,0.1336,0.1265
428,7,21.3014,1.6577,0.4491,0.9744,0.2249,0.0000,-0.2249,0.9744,0.0000,0.0000,0.0000,1.0000,0.1624,0.1625,0.0548
428,8,21.3184,1.7060,0.4472,0.9744,0.2249,0.0000,-0.2249,0.9744,0.0000,0.0000,0.0000,1.0000,0.0831,0.2046,0.1050
428,9,21.3330,1.7774,0.4544,0.9744,0.2249,0.0000,-0.2249,0.9744,0.0000,0.0000,0.0000,1.0000,0.0210,0.0279,0.0569
428,10,21.3892,1.7289,0.4546,0.9744,0.2249,0.0000,-0.2249,0.9744,0.0000,0.0000,0.0000,1.0000,0.0210,0.0279,0.0569
429,0,21.1279,1.7380,0.4400,0.9727,0.2321,0.0000,-0.2321,0.9727,0.0000,0.0000,0.0000,1.0000,0.2577,0.2263,0.1400
429,1,21.1351,1.7427,0.6052,0.9727,0.2321,0.0000,-0.2321,0.9727,0.0000,0.0000,0.0000,1.0000,0.1100,0.2168,0.3052
429,2,21.2230,1.7016,0.5173,0.9727,0.2321,0.0000,-0.2321,0.9727,0.0000,0.0000,0.0000,1.0000,0.1101,0.3070,0.2173
429,3,21.2858,1.5350,0.5889,0.9727,0.2321,0.0000,-0.2321,0.9727,0.0000,0.0000,0.0000,1.0000,0.2836,0.2073,0.2889
429,4,21.4114,1.5171,0.5062,0.9727,0.2321,0.0000,-0.2321,0.9727,0.0000,0.0000,0.0000,1.0000,0.2820,0.2947,0.2062
429,5,21.5427,1.6891,0.6614,0.9727,0.2321,0.0000,-0.2321,0.9727,0.0000,0.0000,0.0000,1.0000,0.1112,0.2100,0.3614
429,6,21.6286,1.7296,0.4265,0.9727,0.2321,0.0000,-0.2321,0.9727,0.0000,0.0000,0.0000,1.0000,0.1972,0.1336,0.1265
429,7,21.7326,1.7631,0.4491,0.9727,0.2321,0.0000,-0.2321,0.9727,0.0000,0.0000,0.0000,1.0000,0.1624,0.1625,0.0548
429,8,21.7492,1.8115,0.4472,0.9727,0.2321,0.0000,-0.2321,0.9727,0.0000,0.0000,0.0000,1.0000,0.0831,0.2046,0.1050
429,9,21.7633,1.8830,0.4544,0.9727,0.2321,0.0000,-0.2321,0.9727,0.0000,0.0000,0.0000,1.0000,0.0210,0.0279,0.0569
429,10,21.8199,1.8349,0.4546,0.9727,0.2321,0.0000,-0.2321,0.9727,0.0000,0.0000,0.0000,1.0000,0.0210,0.0279,0.0569
430,0,21.5562,1.8414,0.4400,0.9710,0.2390,0.0000,-0.2390,0.9710,0.0000,0.0000,0.0000,1.0000,0.2577,0.2263,0.1400
430,1,21.5634,1.8462,0.6052,0.9710,0.2390,0.0000,-0.2390,0.9710,0.0000,0.0000,0.0000,1.0000,0.1100,0.2168,0.3052
430,2,21.6515,1.8058,0.5173,0.9710,0.2390,0.0000,-0.2390,0.9710,0.0000,0.0000,0.0000,1.0000,0.1101,0.3070,0.2173
430,3,21.7155,1.6396,0.5889,0.9710,0.2390,0.0000,-0.2390,0.9710,0.0000,0.0000,0.0000,1.0000,0.2836,0.2073,0.2889
430,4,21.8412,1.6226,0.5062,0.9710,0.2390,0.0000,-0.2390,0.9710,0.0000,0.0000,0.0000,1.0000,0.2820,0.2947,0.2062
430,5,21.9713,1.7955,0.6614,0.9710,0.2390,0.0000,-0.2390,0.9710,0.0000,0.0000,0.0000,1.0000,0.1112,0.2100,0.3614
430,6,22.0569,1.8367,0.4265,0.9710,0.2390,0.0000,-0.2390,0.9710,0.0000,0.0000,0.0000,1.0000,0.1972,0.1336,0.1265
430,7,22.1607,1.8709,0.4491,0.9710,0.2390,0.0000,-0.2390,0.9710,0.0000,0.0000,0.0000,1.0000,0.1624,0.1625,0.0548
430,8,22.1770,1.9194,0.4472,0.9710,0.2390,0.0000,-0.2390,0.9710,0.0000,0.0000,0.0000,1.0000,0.0831,0.2046,0.1050
430,9,22.1905,1.9910,0.4544,0.9710,0.2390,0.0000,-0.2390,0.9710,0.0000,0.0000,0.0000,1.0000,0.0210,0.0279,0.0569
430,10,22.2475,1.9433,0.4546,0.9710,0.2390,0.0000,-0.2390,0.9710,0.0000,0.0000,0.0000,1.0000,0.0210,0.0279,0.0569
431,0,21.9812,1.9474,0.4400,0.9693,0.2459,0.0000,-0.2459,0.9693,0.0000,0.0000,0.0000,1.0000,0.2577,0.2263,0.1400
431,1,21.9884,1.9522,0.6052,0.9693,0.2459,0.0000,-0.2459,0.9693,0.0000,0.0000,0.0000,1.0000,0.1100,0.2168,0.3052
431,2,22.0768,1.9124,0.5173,0.9693,0.2459,0.0000,-0.2459,0.9693,0.0000,0.0000,0.0000,1.0000,0.1101,0.3070,0.2173
431,3,22.1419,1.7466,0.5889,0.9693,0.2459,0.0000,-0.2459,0.9693,0.0000,0.0000,0.0000,1.0000,0.2836,0.2073,0.2889
431,4,22.2678,1.7306,0.5062,0.9693,0.2459,0.0000,-0.2459,0.9693,0.0000,0.0000,0.0000,1.0000,0.2820,0.2947,0.2062
431,5,22.3967,1.9044,0.6614,0.9693,0.2459,0.0000,-0.2459,0.9693,0.0000,0.0000,0.0000,1.0000,0.1112,0.2100,0.3614
431,6,22.4820,1.9462,0.4265,0.9693,0.2459,0.0000,-0.2459,0.9693,0.0000,0.0000,0.0000,1.0000,0.1972,0.1336,0.1265
431,7,22.5855,1.9811,0.4491,0.9693,0.2459,0.0000,-0.2459,0.9693,0.0000,0.0000,0.0000,1.0000,0.1624,0.1625,0.0548
431,8,22.6014,2.0297,0.4472,0.9693,0.2459,0.0000,-0.2459,0.9693,0.0000,0.0000,0.0000,1.0000,0.0831,0.2046,0.1050
431,9,22.6145,2.1014,0.4544,0.9693,0.2459,0.0000,-0.2459,0.9693,0.0000,0.0000,0.0000,1.0000,0.0210,0.0279,0.0569
431,10,22.6718,2.0541,0.4546,0.9693,0.2459,0.0000,-0.2459,0.9693,0.0000,0.0000,0.0000,1.0000,0.0210,0.0279,0.0569
432,0,22.4031,2.0557,0.4400,0.9675,0.2528,0.0000,-0.2528,0.9675,0.0000,0.0000,0.0000,1.0000,0.2577,0.2263,0.1400
432,1,22.4102,2.0605,0.6052,0.9675,0.2528,0.0000,-0.2528,0.9675,0.0000,0.0000,0.0000,1.0000,0.1100,0.2168,0.3052
432,2,22.4989,2.0214,0.5173,0.9675,0.2528,0.0000,-0.2528,0.9675,0.0000,0.0000,0.0000,1.0000,0.1101,0.3070,0.2173
432,3,22.5652,1.8561,0.5889,0.9675,0.2528,0.0000,-0.2528,0.9675,0.0000,0.0000,0.0000,1.0000,0.2836,0.2073,0.2889
432,4,22.6912,1.8409,0.5062,0.9675,0.2528,0.0000,-0.2528,0.9675,0.0000,0.0000,0.0000,1.0000,0.2820,0.2947,0.2062
432,5,22.8188,2.0157,0.6614,0.9675,0.2528,0.0000,-0.2528,0.9675,0.0000,0.0000,0.0000,1.0000,0.1112,0.2100,0.3614
432,6,22.9039,2.0580,0.4265,0.9675,0.2528,0.0000,-0.2528,0.9675,0.0000,0.0000,0.0000,1.0000,0.1972,0.1336,0.1265
432,7,23.0071,2.0937,0.4491,0.9675,0.2528,0.0000,-0.2528,0.9675,0.0000,0.0000,0.0000,1.0000,0.1624,0.1625,0.0548
432,8,23.0227,2.1424,0.4472,0.9675,0.2528,0.0000,-0.2528,0.9675,0.0000,0.0000,0.0000,1.0000,0.0831,0.2046,0.1050
432,9,23.0352,2.2142,0.4544,0.9675,0.2528,0.0000,-0.2528,0.9675,0.0000,0.0000,0.0000,1.0000,0.0210,0.0279,0.0569
432,10,23.0929,2.1674,0.4546,0.9675,0.2528,0.0000,-0.2528,0.9675,0.0000,0.0000,0.0000,1.0000,0.0210,0.0279,0.0569
433,0,22.8217,2.1664,0.4400,0.9656,0.2599,0.0000,-0.2599,0.9656,0.0000,0.0000,0.0000,1.0000,0.2577,0.2263,0.1400
433,1,22.8287,2.1713,0.6052,0.9656,0.2599,0.0000,-0.2599,0.9656,0.0000,0.0000,0.0000,1.0000,0.1100,0.2168,0.3052
433,2,22.9177,2.1328,0.5173,0.9656,0.2599,0.0000,-0.2599,0.9656,0.0000,0.0000,0.0000,1.0000,0.1101,0.3070,0.2173
433,3,22.9853,1.9680,0.5889,0.9656,0.2599,0.0000,-0.2599,0.9656,0.0000,0.0000,0.0000,1.0000,0.2836,0.2073,0.2889
433,4,23.1114,1.9537,0.5062,0.9656,0.2599,0.0000,-0.2599,0.9656,0.0000,0.0000,0.0000,1.0000,0.2820,0.2947,0.2062
433,5,23.2377,2.1294,0.6614,0.9656,0.2599,0.0000,-0.2599,0.9656,0.0000,0.0000,0.0000,1.0000,0.1112,0.2100,0.3614
433,6,23.3224,2.1724,0.4265,0.9656,0.2599,0.0000,-0.2599,0.9656,0.0000,0.0000,0.0000,1.0000,0.1972,0.1336,0.1265
433,7,23.4254,2.2088,0.4491,0.9656,0.2599,0.0000,-0.2599,0.9656,0.0000,0.0000,0.0000,1.0000,0.1624,0.1625,0.0548
433,8,23.4406,2.2576,0.4472,0.9656,0.2599,0.0000,-0.2599,0.9656,0.0000,0.0000,0.0000,1.0000,0.0831,0.2046,0.1050
433,9,23.4527,2.3295,0.4544,0.9656,0.2599,0.0000,-0.2599,0.9656,0.0000,0.0000,0.0000,1.0000,0.0210,0.0279,0.0569
433,10,23.5106,2.2831,0.4546,0.9656,0.2599,0.0000,-0.2599,0.9656,0.0000,0.0000,0.0000,1.0000,0.0210,0.0279,0.0569
434,0,23.2367,2.2794,0.4400,0.9637,0.2671,0.0000,-0.2671,0.9637,0.0000,0.0000,0.0000,1.0000,0.2577,0.2263,0.1400
434,1,23.2437,2.2843,0.6052,0.9637,0.2671,0.0000,-0.2671,0.9637,0.0000,0.0000,0.0000,1.0000,0.1100,0.2168,0.3052
434,2,23.3330,2.2465,0.5173,0.9637,0.2671,0.0000,-0.2671,0.9637,0.0000,0.0000,0.0000,1.0000,0.1101,0.3070,0.2173
434,3,23.4017,2.0822,0.5889,0.9637,0.2671,0.0000,-0.2671,0.9637,0.0000,0.0000,0.0000,1.0000,0.2836,0.2073,0.2889
434,4,23.5280,2.0689,0.5062,0.9637,0.2671,0.0000,-0.2671,0.9637,0.0000,0.0000,0.0000,1.0000,0.2820,0.2947,0.2062
434,5,23.6529,2.2455,0.6614,0.9637,0.2671,0.0000,-0.2671,0.9637,0.0000,0.0000,0.0000,1.0000,0.1112,0.2100,0.3614
434,6,23.7373,2.2892,0.4265,0.9637,0.2671,0.0000,-0.2671,0.9637,0.0000,0.0000,0.0000,1.0000,0.1972,0.1336,0.1265
434,7,23.8400,2.3263,0.4491,0.9637,0.2671,0.0000,-0.2671,0.9637,0.0000,0.0000,0.0000,1.0000,0.1624,0.1625,0.0548
434,8,23.8549,2.3753,0.4472,0.9637,0.2671,0.0000,-0.2671,0.9637,0.0000,0.0000,0.0000,1.0000,0.0831,0.2046,0.1050
434,9,23.8664,2.4473,0.4544,0.9637,0.2671,0.0000,-0.2671,0.9637,0.0000,0.0000,0.0000,1.0000,0.0210,0.0279,0.0569
434,10,23.9247,2.4013,0.4546,0.9637,0.2671,0.0000,-0.2671,0.9637,0.0000,0.0000,0.0000,1.0000,0.0210,0.0279,0.0569
435,0,23.6479,2.3947,0.4400,0.9615,0.2746,0.0000,-0.2746,0.9615,0.0000,0.0000,0.0000,1.0000,0.2577,0.2263,0.1400
435,1,23.6548,2.3998,0.6052,0.9615,0.2746,0.0000,-0.2746,0.9615,0.0000,0.0000,0.0000,1.0000,0.1100,0.2168,0.3052
435,2,23.7444,2.3626,0.5173,0.9615,0.2746,0.0000,-0.2746,0.9615,0.0000,0.0000,0.0000,1.0000,0.1101,0.3070,0.2173
435,3,23.8145,2.1989,0.5889,0.9615,0.2746,0.0000,-0.2746,0.9615,0.0000,0.0000,0.0000,1.0000,0.2836,0.2073,0.2889
435,4,23.9408,2.1866,0.5062,0.9615,0.2746,0.0000,-0.2746,0.9615,0.0000,0.0000,0.0000,1.0000,0.2820,0.2947,0.2062
435,5,24.0644,2.3642,0.6614,0.9615,0.2746,0.0000,-0.2746,0.9615,0.0000,0.0000,0.0000,1.0000,0.1112,0.2100,0.3614
435,6,24.1484,2.4085,0.4265,0.9615,0.2746,0.0000,-0.2746,0.9615,0.0000,0.0000,0.0000,1.0000,0.1972,0.1336,0.1265
435,7,24.2508,2.4464,0.4491,0.9615,0.2746,0.0000,-0.2746,0.9615,0.0000,0.0000,0.0000,1.0000,0.1624,0.1625,0.0548
435,8,24.2653,2.4955,0.4472,0.9615,0.2746,0.0000,-0.2746,0.9615,0.0000,0.0000,0.0000,1.0000,0.0831,0.2046,0.1050
435,9,24.2762,2.5676,0.4544,0.9615,0.2746,0.0000,-0.2746,0.9615,0.0000,0.0000,0.0000,1.0000,0.0210,0.0279,0.0569
435,10,24.3349,2.5220,0.4546,0.9615,0.2746,0.0000,-0.2746,0.9615,0.0000,0.0000,0.0000,1.0000,0.0210,0.0279,0.0569
436,0,24.0553,2.5126,0.4400,0.9593,0.2824,0.0000,-0.2824,0.9593,0.0000,0.0000,0.0000,1.0000,0.2577,0.2263,0.1400
436,1,24.0622,2.5176,0.6052,0.9593,0.2824,0.0000,-0.2824,0.9593,0.0000,0.0000,0.0000,1.0000,0.1100,0.2168,0.3052
436,2,24.1521,2.4812,0.5173,0.9593,0.2824,0.0000,-0.2824,0.9593,0.0000,0.0000,0.0000,1.0000,0.1101,0.3070,0.2173
436,3,24.2235,2.3180,0.5889,0.9593,0.2824,0.0000,-0.2824,0.9593,0.0000,0.0000,0.0000,1.0000,0.2836,0.2073,0.2889
436,4,24.3499,2.3068,0.5062,0.9593,0.2824,0.0000,-0.2824,0.9593,0.0000,0.0000,0.0000,1.0000,0.2820,0.2947,0.2062
436,5,24.4720,2.4854,0.6614,0.9593,0.2824,0.0000,-0.2824,0.9593,0.0000,0.0000,0.0000,1.0000,0.1112,0.2100,0.3614
436,6,24.5557,2.5303,0.4265,0.9593,0.2824,0.0000,-0.2824,0.9593,0.0000,0.0000,0.0000,1.0000,0.1972,0.1336,0.1265
436,7,24.6578,2.5691,0.4491,0.9593,0.2824,0.0000,-0.2824,0.9593,0.0000,0.0000,0.0000,1.0000,0.1624,0.1625,0.0548
436,8,24.6719,2.6183,0.4472,0.9593,0.2824,0.0000,-0.2824,0.9593,0.0000,0.0000,0.0000,1.0000,0.0831,0.2046,0.1050
436,9,24.6822,2.6905,0.4544,0.9593,0.2824,0.0000,-0.2824,0.9593,0.0000,0.0000,0.0000,1.0000,0.0210,0.0279,0.0569
436,10,24.7413,2.6454,0.4546,0.9593,0.2824,0.0000,-0.2824,0.9593,0.0000,0.0000,0.0000,1.0000,0.0210,0.0279,0.0569
437,0,24.4593,2.6330,0.4400,0.9568,0.2907,0.0000,-0.2907,0.9568,0.0000,0.0000,0.0000,1.0000,0.2577,0.2263,0.1400
437,1,24.4662,2.6382,0.6052,0.9568,0.2907,0.0000,-0.2907,0.9568,0.0000,0.0000,0.0000,1.0000,0.1100,0.2168,0.3052
437,2,24.5563,2.6025,0.5173,0.9568,0.2907,0.0000,-0.2907,0.9568,0.0000,0.0000,0.0000,1.0000,0.1101,0.3070,0.2173
437,3,24.6291,2.4400,0.5889,0.9568,0.2907,0.0000,-0.2907,0.9568,0.0000,0.0000,0.0000,1.0000,0.2836,0.2073,0.2889
437,4,24.7557,2.4298,0.5062,0.9568,0.2907,0.0000,-0.2907,0.9568,0.0000,0.0000,0.0000,1.0000,0.2820,0.2947,0.2062
437,5,24.8763,2.6094,0.6614,0.9568,0.2907,0.0000,-0.2907,0.9568,0.0000,0.0000,0.0000,1.0000,0.1112,0.2100,0.3614
437,6,24.9596,2.6551,0.4265,0.9568,0.2907,0.0000,-0.2907,0.9568,0.0000,0.0000,0.0000,1.0000,0.1972,0.1336,0.1265
437,7,25.0613,2.6948,0.4491,0.9568,0.2907,0.0000,-0.2907,0.9568,0.0000,0.0000,0.0000,1.0000,0.1624,0.1625,0.0548
437,8,25.0750,2.7441,0.4472,0.9568,0.2907,0.0000,-0.2907,0.9568,0.0000,0.0000,0.0000,1.0000,0.0831,0.2046,0.1050
437,9,25.0847,2.8163,0.4544,0.9568,0.2907,0.0000,-0.2907,0.9568,0.0000,0.0000,0.0000,1.0000,0.0210,0.0279,0.0569
437,10,25.1441,2.7718,0.4546,0.9568,0.2907,0.0000,-0.2907,0.9568,0.0000,0.0000,0.0000,1.0000,0.0210,0.0279,0.0569
438,0,24.8606,2.7564,0.4400,0.9543,0.2989,0.0000,-0.2989,0.9543,0.0000,0.0000,0.0000,1.0000,0.2577,0.2263,0.1400
438,1,24.8674,2.7616,0.6052,0.9543,0.2989,0.0000,-0.2989,0.9543,0.0000,0.0000,0.0000,1.0000,0.1100,0.2168,0.3052
438,2,24.9579,2.7268,0.5173,0.9543,0.2989,0.0000,-0.2989,0.9543,0.0000,0.0000,0.0000,1.0000,0.1101,0.3070,0.2173
438,3,25.0321,2.5649,0.5889,0.9543,0.2989,0.0000,-0.2989,0.9543,0.0000,0.0000,0.0000,1.0000,0.2836,0.2073,0.2889
438,4,25.1587,2.5558,0.5062,0.9543,0.2989,0.0000,-0.2989,0.9543,0.0000,0.0000,0.0000,1.0000,0.2820,0.2947,0.2062
438,5,25.2777,2.7364,0.6614,0.9543,0.2989,0.0000,-0.2989,0.9543,0.0000,0.0000,0.0000,1.0000,0.1112,0.2100,0.3614
438,6,25.3606,2.7828,0.4265,0.9543,0.2989,0.0000,-0.2989,0.9543,0.0000,0.0000,0.0000,1.0000,0.1972,0.1336,0.1265
438,7,25.4620,2.8234,0.4491,0.9543,0.2989,0.0000,-0.2989,0.9543,0.0000,0.0000,0.0000,1.0000,0.1624,0.1625,0.0548
438,8,25.4753,2.8728,0.4472,0.9543,0.2989,0.0000,-0.2989,0.9543,0.0000,0.0000,0.0000,1.0000,0.0831,0.2046,0.1050
438,9,25.4844,2.9451,0.4544,0.9543,0.2989,0.0000,-0.2989,0.9543,0.0000,0.0000,0.0000,1.0000,0.0210,0.0279,0.0569
438,10,25.5442,2.9011,0.4546,0.9543,0.2989,0.0000,-0.2989,0.9543,0.0000,0.0000,0.0000,1.0000,0.0210,0.0279,0.0569
439,0,25.2599,2.8831,0.4400,0.9515,0.3076,0.0000,-0.3076,0.9515,0.0000,0.0000,0.0000,1.0000,0.2577,0.2263,0.1400
439,1,25.2667,2.8884,0.6052,0.9515,0.3076,0.0000,-0.3076,0.9515,0.0000,0.0000,0.0000,1.0000,0.1100,0.2168,0.3052
439,2,25.3575,2.8544,0.5173,0.9515,0.3076,0.0000,-0.3076,0.9515,0.0000,0.0000,0.0000,1.0000,0.1101,0.3070,0.2173
439,3,25.4331,2.6931,0.5889,0.9515,0.3076,0.0000,-0.3076,0.9515,0.0000,0.0000,0.0000,1.0000,0.2836,0.2073,0.2889
439,4,25.5598,2.6852,0.5062,0.9515,0.3076,0.0000,-0.3076,0.9515,0.0000,0.0000,0.0000,1.0000,0.2820,0.2947,0.2062
439,5,25.6772,2.8669,0.6614,0.9515,0.3076,0.0000,-0.3076,0.9515,0.0000,0.0000,0.0000,1.0000,0.1112,0.2100,0.3614
439,6,25.7597,2.9141,0.4265,0.9515,0.3076,0.0000,-0.3076,0.9515,0.0000,0.0000,0.0000,1.0000,0.1972,0.1336,0.1265
439,7,25.8607,2.9556,0.4491,0.9515,0.3076,0.0000,-0.3076,0.9515,0.0000,0.0000,0.0000,1.0000,0.1624,0.1625,0.0548
439,8,25.8735,3.0051,0.4472,0.9515,0.3076,0.0000,-0.3076,0.9515,0.0000,0.0000,0.0000,1.0000,0.0831,0.2046,0.1050
439,9,25.8820,3.0775,0.4544,0.9515,0.3076,0.0000,-0.3076,0.9515,0.0000,0.0000,0.0000,1.0000,0.0210,0.0279,0.0569
439,10,25.9421,3.0340,0.4546,0.9515,0.3076,0.0000,-0.3076,0.9515,0.0000,0.0000,0.0000,1.0000,0.0210,0.0279,0.0569
440,0,25.6580,3.0135,0.4400,0.9486,0.3166,0.0000,-0.3166,0.9486,0.0000,0.0000,0.0000,1.0000,0.2577,0.2263,0.1400
440,1,25.6648,3.0188,0.6052,0.9486,0.3166,0.0000,-0.3166,0.9486,0.0000,0.0000,0.0000,1.0000,0.1100,0.2168,0.3052
440,2,25.7559,2.9857,0.5173,0.9486,0.3166,0.0000,-0.3166,0.9486,0.0000,0.0000,0.0000,1.0000,0.1101,0.3070,0.2173
440,3,25.8331,2.8252,0.5889,0.9486,0.3166,0.0000,-0.3166,0.9486,0.0000,0.0000,0.0000,1.0000,0.2836,0.2073,0.2889
440,4,25.9598,2.8184,0.5062,0.9486,0.3166,0.0000,-0.3166,0.9486,0.0000,0.0000,0.0000,1.0000,0.2820,0.2947,0.2062
440,5,26.0755,3.0013,0.6614,0.9486,0.3166,0.0000,-0.3166,0.9486,0.0000,0.0000,0.0000,1.0000,0.1112,0.2100,0.3614
440,6,26.1575,3.0492,0.4265,0.9486,0.3166,0.0000,-0.3166,0.9486,0.0000,0.0000,0.0000,1.0000,0.1972,0.1336,0.1265
440,7,26.2582,3.0916,0.4491,0.9486,0.3166,0.0000,-0.3166,0.9486,0.0000,0.0000,0.0000,1.0000,0.1624,0.1625,0.0548
440,8,26.2705,3.1413,0.4472,0.9486,0.3166,0.0000,-0.3166,0.9486,0.0000,0.0000,0.0000,1.0000,0.0831,0.2046,0.1050
440,9,26.2782,3.2138,0.4544,0.9486,0.3166,0.0000,-0.3166,0.9486,0.0000,0.0000,0.0000,1.0000,0.0210,0.0279,0.0569
440,10,26.3388,3.1708,0.4546,0.9486,0.3166,0.0000,-0.3166,0.9486,0.0000,0.0000,0.0000,1.0000,0.0210,0.0279,0.0569
441,0,26.0557,3.1480,0.4400,0.9454,0.3258,0.0000,-0.3258,0.9454,0.0000,0.0000,0.0000,1.0000,0.2577,0.2263,0.1400
441,1,26.0625,3.1534,0.6052,0.9454,0.3258,0.0000,-0.3258,0.9454,0.0000,0.0000,0.0000,1.0000,0.1100,0.2168,0.3052
441,2,26.1539,3.1211,0.5173,0.9454,0.3258,0.0000,-0.3258,0.9454,0.0000,0.0000,0.0000,1.0000,0.1101,0.3070,0.2173
441,3,26.2326,2.9613,0.5889,0.9454,0.3258,0.0000,-0.3258,0.9454,0.0000,0.0000,0.0000,1.0000,0.2836,0.2073,0.2889
441,4,26.3594,2.9558,0.5062,0.9454,0.3258,0.0000,-0.3258,0.9454,0.0000,0.0000,0.0000,1.0000,0.2820,0.2947,0.2062
441,5,26.4733,3.1398,0.6614,0.9454,0.3258,0.0000,-0.3258,0.9454,0.0000,0.0000,0.0000,1.0000,0.1112,0.2100,0.3614
441,6,26.5549,3.1885,0.4265,0.9454,0.3258,0.0000,-0.3258,0.9454,0.0000,0.0000,0.0000,1.0000,0.1972,0.1336,0.1265
441,7,26.6551,3.2319,0.4491,0.9454,0.3258,0.0000,-0.3258,0.9454,0.0000,0.0000,0.0000,1.0000,0.1624,0.1625,0.0548
441,8,26.6669,3.2817,0.4472,0.9454,0.3258,0.0000,-0.3258,0.9454,0.0000,0.0000,0.0000,1.0000,0.0831,0.2046,0.1050
441,9,26.6740,3.3543,0.4544,0.9454,0.3258,0.0000,-0.3258,0.9454,0.0000,0.0000,0.0000,1.0000,0.0210,0.0279,0.0569
441,10,26.7350,3.3119,0.4546,0.9454,0.3258,0.0000,-0.3258,0.9454,0.0000,0.0000,0.0000,1.0000,0.0210,0.0279,0.0569
442,0,26.4540,3.2870,0.4400,0.9423,0.3349,0.0000,-0.3349,0.9423,0.0000,0.0000,0.0000,1.0000,0.2577,0.2263,0.1400
442,1,26.4607,3.2924,0.6052,0.9423,0.3349,0.0000,-0.3349,0.9423,0.0000,0.0000,0.0000,1.0000,0.1100,0.2168,0.3052
442,2,26.5524,3.2610,0.5173,0.9423,0.3349,0.0000,-0.3349,0.9423,0.0000,0.0000,0.0000,1.0000,0.1101,0.3070,0.2173
442,3,26.6327,3.1020,0.5889,0.9423,0.3349,0.0000,-0.3349,0.9423,0.0000,0.0000,0.0000,1.0000,0.2836,0.2073,0.2889
442,4,26.7595,3.0978,0.5062,0.9423,0.3349,0.0000,-0.3349,0.9423,0.0000,0.0000,0.0000,1.0000,0.2820,0.2947,0.2062
442,5,26.8716,3.2828,0.6614,0.9423,0.3349,0.0000,-0.3349,0.9423,0.0000,0.0000,0.0000,1.0000,0.1112,0.2100,0.3614
442,6,26.9527,3.3323,0.4265,0.9423,0.3349,0.0000,-0.3349,0.9423,0.0000,0.0000,0.0000,1.0000,0.1972,0.1336,0.1265
442,7,27.0525,3.3767,0.4491,0.9423,0.3349,0.0000,-0.3349,0.9423,0.0000,0.0000,0.0000,1.0000,0.1624,0.1625,0.0548
442,8,27.0639,3.4266,0.4472,0.9423,0.3349,0.0000,-0.3349,0.9423,0.0000,0.0000,0.0000,1.0000,0.0831,0.2046,0.1050
442,9,27.0702,3.4992,0.4544,0.9423,0.3349,0.0000,-0.3349,0.9423,0.0000,0.0000,0.0000,1.0000,0.0210,0.0279,0.0569
442,10,27.1317,3.4575,0.4546,0.9423,0.3349,0.0000,-0.3349,0.9423,0.0000,0.0000,0.0000,1.0000,0.0210,0.0279,0.0569
443,0,26.8539,3.4309,0.4400,0.9389,0.3442,0.0000,-0.3442,0.9389,0.0000,0.0000,0.0000,1.0000,0.2577,0.2263,0.1400
443,1,26.8605,3.4364,0.6052,0.9389,0.3442,0.0000,-0.3442,0.9389,0.0000,0.0000,0.0000,1.0000,0.1100,0.2168,0.3052
443,2,26.9525,3.4059,0.5173,0.9389,0.3442,0.0000,-0.3442,0.9389,0.0000,0.0000,0.0000,1.0000,0.1101,0.3070,0.2173
443,3,27.0344,3.2477,0.5889,0.9389,0.3442,0.0000,-0.3442,0.9389,0.0000,0.0000,0.0000,1.0000,0.2836,0.2073,0.2889
443,4,27.1612,3.2447,0.5062,0.9389,0.3442,0.0000,-0.3442,0.9389,0.0000,0.0000,0.0000,1.0000,0.2820,0.2947,0.2062
443,5,27.2715,3.4308,0.6614,0.9389,0.3442,0.0000,-0.3442,0.9389,0.0000,0.0000,0.0000,1.0000,0.1112,0.2100,0.3614
443,6,27.3521,3.4811,0.4265,0.9389,0.3442,0.0000,-0.3442,0.9389,0.0000,0.0000,0.0000,1.0000,0.1972,0.1336,0.1265
443,7,27.4515,3.5265,0.4491,0.9389,0.3442,0.0000,-0.3442,0.9389,0.0000,0.0000,0.0000,1.0000,0.1624,0.1625,0.0548
443,8,27.4623,3.5765,0.4472,0.9389,0.3442,0.0000,-0.3442,0.9389,0.0000,0.0000,0.0000,1.0000,0.0831,0.2046,0.1050
443,9,27.4680,3.6492,0.4544,0.9389,0.3442,0.0000,-0.3442,0.9389,0.0000,0.0000,0.0000,1.0000,0.0210,0.0279,0.0569
443,10,27.5298,3.6080,0.4546,0.9389,0.3442,0.0000,-0.3442,0.9389,0.0000,0.0000,0.0000,1.0000,0.0210,0.0279,0.0569
444,0,27.2563,3.5802,0.4400,0.9355,0.3534,0.0000,-0.3534,0.9355,0.0000,0.0000,0.0000,1.0000,0.2577,0.2263,0.1400
444,1,27.2628,3.5858,0.6052,0.9355,0.3534,0.0000,-0.3534,0.9355,0.0000,0.0000,0.0000,1.0000,0.1100,0.2168,0.3052
444,2,27.3552,3.5562,0.5173,0.9355,0.3534,0.0000,-0.3534,0.9355,0.0000,0.0000,0.0000,1.0000,0.1101,0.3070,0.2173
444,3,27.4386,3.3989,0.5889,0.9355,0.3534,0.0000,-0.3534,0.9355,0.0000,0.0000,0.0000,1.0000,0.2836,0.2073,0.2889
444,4,27.5655,3.3971,0.5062,0.9355,0.3534,0.0000,-0.3534,0.9355,0.0000,0.0000,0.0000,1.0000,0.2820,0.2947,0.2062
444,5,27.6739,3.5843,0.6614,0.9355,0.3534,0.0000,-0.3534,0.9355,0.0000,0.0000,0.0000,1.0000,0.1112,0.2100,0.3614
444,6,27.7540,3.6354,0.4265,0.9355,0.3534,0.0000,-0.3534,0.9355,0.0000,0.0000,0.0000,1.0000,0.1972,0.1336,0.1265
444,7,27.8529,3.6818,0.4491,0.9355,0.3534,0.0000,-0.3534,0.9355,0.0000,0.0000,0.0000,1.0000,0.1624,0.1625,0.0548
444,8,27.8633,3.7318,0.4472,0.9355,0.3534,0.0000,-0.3534,0.9355,0.0000,0.0000,0.0000,1.0000,0.0831,0.2046,0.1050
444,9,27.8682,3.8046,0.4544,0.9355,0.3534,0.0000,-0.3534,0.9355,0.0000,0.0000,0.0000,1.0000,0.0210,0.0279,0.0569
444,10,27.9304,3.7641,0.4546,0.9355,0.3534,0.0000,-0.3534,0.9355,0.0000,0.0000,0.0000,1.0000,0.0210,0.0279,0.0569
445,0,27.6621,3.7354,0.4400,0.9320,0.3626,0.0000,-0.3626,0.9320,0.0000,0.0000,0.0000,1.0000,0.2577,0.2263,0.1400
445,1,27.6686,3.7411,0.6052,0.9320,0.3626,0.0000,-0.3626,0.9320,0.0000,0.0000,0.0000,1.0000,0.1100,0.2168,0.3052
445,2,27.7612,3.7124,0.5173,0.9320,0.3626,0.0000,-0.3626,0.9320,0.0000,0.0000,0.0000,1.0000,0.1101,0.3070,0.2173
445,3,27.8462,3.5558,0.5889,0.9320,0.3626,0.0000,-0.3626,0.9320,0.0000,0.0000,0.0000,1.0000,0.2836,0.2073,0.2889
445,4,27.9731,3.5553,0.5062,0.9320,0.3626,0.0000,-0.3626,0.9320,0.0000,0.0000,0.0000,1.0000,0.2820,0.2947,0.2062
445,5,28.0797,3.7436,0.6614,0.9320,0.3626,0.0000,-0.3626,0.9320,0.0000,0.0000,0.0000,1.0000,0.1112,0.2100,0.3614
445,6,28.1593,3.7955,0.4265,0.9320,0.3626,0.0000,-0.3626,0.9320,0.0000,0.0000,0.0000,1.0000,0.1972,0.1336,0.1265
445,7,28.2577,3.8428,0.4491,0.9320,0.3626,0.0000,-0.3626,0.9320,0.0000,0.0000,0.0000,1.0000,0.1624,0.1625,0.0548
445,8,28.2676,3.8930,0.4472,0.9320,0.3626,0.0000,-0.3626,0.9320,0.0000,0.0000,0.0000,1.0000,0.0831,0.2046,0.1050
445,9,28.2718,3.9658,0.4544,0.9320,0.3626,0.0000,-0.3626,0.9320,0.0000,0.0000,0.0000,1.0000,0.0210,0.0279,0.0569
445,10,28.3344,3.9259,0.4546,0.9320,0.3626,0.0000,-0.3626,0.9320,0.0000,0.0000,0.0000,1.0000,0.0210,0.0279,0.0569
446,0,28.0722,3.8969,0.4400,0.9284,0.3716,0.0000,-0.3716,0.9284,0.0000,0.0000,0.0000,1.0000,0.2577,0.2263,0.1400
446,1,28.0787,3.9026,0.6052,0.9284,0.3716,0.0000,-0.3716,0.9284,0.0000,0.0000,0.0000,1.0000,0.1100,0.2168,0.3052
446,2,28.1715,3.8748,0.5173,0.9284,0.3716,0.0000,-0.3716,0.9284,0.0000,0.0000,0.0000,1.0000,0.1101,0.3070,0.2173
446,3,28.2580,3.7191,0.5889,0.9284,0.3716,0.0000,-0.3716,0.9284,0.0000,0.0000,0.0000,1.0000,0.2836,0.2073,0.2889
446,4,28.3849,3.7198,0.5062,0.9284,0.3716,0.0000,-0.3716,0.9284,0.0000,0.0000,0.0000,1.0000,0.2820,0.2947,0.2062
446,5,28.4897,3.9091,0.6614,0.9284,0.3716,0.0000,-0.3716,0.9284,0.0000,0.0000,0.0000,1.0000,0.1112,0.2100,0.3614
446,6,28.5688,3.9618,0.4265,0.9284,0.3716,0.0000,-0.3716,0.9284,0.0000,0.0000,0.0000,1.0000,0.1972,0.1336,0.1265
446,7,28.6668,4.0100,0.4491,0.9284,0.3716,0.0000,-0.3716,0.9284,0.0000,0.0000,0.0000,1.0000,0.1624,0.1625,0.0548
446,8,28.6761,4.0603,0.4472,0.9284,0.3716,0.0000,-0.3716,0.9284,0.0000,0.0000,0.0000,1.0000,0.0831,0.2046,0.1050
446,9,28.6796,4.1331,0.4544,0.9284,0.3716,0.0000,-0.3716,0.9284,0.0000,0.0000,0.0000,1.0000,0.0210,0.0279,0.0569
446,10,28.7426,4.0939,0.4546,0.9284,0.3716,0.0000,-0.3716,0.9284,0.0000,0.0000,0.0000,1.0000,0.0210,0.0279,0.0569
447,0,28.4873,4.0650,0.4400,0.9247,0.3807,0.0000,-0.3807,0.9247,0.0000,0.0000,0.0000,1.0000,0.2577,0.2263,0.1400
447,1,28.4936,4.0708,0.6052,0.9247,0.3807,0.0000,-0.3807,0.9247,0.0000,0.0000,0.0000,1.0000,0.1100,0.2168,0.3052
447,2,28.5868,4.0439,0.5173,0.9247,0.3807,0.0000,-0.3807,0.9247,0.0000,0.0000,0.0000,1.0000,0.1101,0.3070,0.2173
447,3,28.6748,3.8890,0.5889,0.9247,0.3807,0.0000,-0.3807,0.9247,0.0000,0.0000,0.0000,1.0000,0.2836,0.2073,0.2889
447,4,28.8017,3.8910,0.5062,0.9247,0.3807,0.0000,-0.3807,0.9247,0.0000,0.0000,0.0000,1.0000,0.2820,0.2947,0.2062
447,5,28.9046,4.0813,0.6614,0.9247,0.3807,0.0000,-0.3807,0.9247,0.0000,0.0000,0.0000,1.0000,0.1112,0.2100,0.3614
447,6,28.9831,4.1347,0.4265,0.9247,0.3807,0.0000,-0.3807,0.9247,0.0000,0.0000,0.0000,1.0000,0.1972,0.1336,0.1265
447,7,29.0806,4.1840,0.4491,0.9247,0.3807,0.0000,-0.3807,0.9247,0.0000,0.0000,0.0000,1.0000,0.1624,0.1625,0.0548
447,8,29.0895,4.2344,0.4472,0.9247,0.3807,0.0000,-0.3807,0.9247,0.0000,0.0000,0.0000,1.0000,0.0831,0.2046,0.1050
447,9,29.0923,4.3072,0.4544,0.9247,0.3807,0.0000,-0.3807,0.9247,0.0000,0.0000,0.0000,1.0000,0.0210,0.0279,0.0569
447,10,29.1557,4.2685,0.4546,0.9247,0.3807,0.0000,-0.3807,0.9247,0.0000,0.0000,0.0000,1.0000,0.0210,0.0279,0.0569
448,0,0.3849,-0.0076,0.4400,1.0000,0.0019,0.0000,-0.0019,1.0000,0.0000,0.0000,0.0000,1.0000,0.2577,0.2263,0.1400
448,1,0.3930,-0.0047,0.6052,1.0000,0.0019,0.0000,-0.0019,1.0000,0.0000,0.0000,0.0000,1.0000,0.1100,0.2168,0.3052
448,2,0.4690,-0.0648,0.5173,1.0000,0.0019,0.0000,-0.0019,1.0000,0.0000,0.0000,0.0000,1.0000,0.1101,0.3070,0.2173
448,3,0.4918,-0.2415,0.5889,1.0000,0.0019,0.0000,-0.0019,1.0000,0.0000,0.0000,0.0000,1.0000,0.2836,0.2073,0.2889
448,4,0.6099,-0.2877,0.5062,1.0000,0.0019,0.0000,-0.0019,1.0000,0.0000,0.0000,0.0000,1.0000,0.2820,0.2947,0.2062
448,5,0.7773,-0.1506,0.6614,1.0000,0.0019,0.0000,-0.0019,1.0000,0.0000,0.0000,0.0000,1.0000,0.1112,0.2100,0.3614
448,6,0.8702,-0.1310,0.4265,1.0000,0.0019,0.0000,-0.0019,1.0000,0.0000,0.0000,0.0000,1.0000,0.1972,0.1336,0.1265
448,7,0.9791,-0.1223,0.4491,1.0000,0.0019,0.0000,-0.0019,1.0000,0.0000,0.0000,0.0000,1.0000,0.1624,0.1625,0.0548
448,8,1.0064,-0.0791,0.4472,1.0000,0.0019,0.0000,-0.0019,1.0000,0.0000,0.0000,0.0000,1.0000,0.0831,0.2046,0.1050
448,9,1.0366,-0.0127,0.4544,1.0000,0.0019,0.0000,-0.0019,1.0000,0.0000,0.0000,0.0000,1.0000,0.0210,0.0279,0.0569
448,10,1.0806,-0.0726,0.4546,1.0000,0.0019,0.0000,-0.0019,1.0000,0.0000,0.0000,0.0000,1.0000,0.0210,0.0279,0.0569
449,0,0.8111,-0.0064,0.4400,1.0000,0.0041,0.0000,-0.0041,1.0000,0.0000,0.0000,0.0000,1.0000,0.2577,0.2263,0.1400
449,1,0.8192,-0.0035,0.6052,1.0000,0.0041,0.0000,-0.0041,1.0000,0.0000,0.0000,0.0000,1.0000,0.1100,0.2168,0.3052
449,2,0.8953,-0.0635,0.5173,1.0000,0.0041,0.0000,-0.0041,1.0000,0.0000,0.0000,0.0000,1.0000,0.1101,0.3070,0.2173
449,3,0.9184,-0.2401,0.5889,1.0000,0.0041,0.0000,-0.0041,1.0000,0.0000,0.0000,0.0000,1.0000,0.2836,0.2073,0.2889
449,4,1.0367,-0.2861,0.5062,1.0000,0.0041,0.0000,-0.0041,1.0000,0.0000,0.0000,0.0000,1.0000,0.2820,0.2947,0.2062
449,5,1.2038,-0.1486,0.6614,1.0000,0.0041,0.0000,-0.0041,1.0000,0.0000,0.0000,0.0000,1.0000,0.1112,0.2100,0.3614
449,6,1.2967,-0.1287,0.4265,1.0000,0.0041,0.0000,-0.0041,1.0000,0.0000,0.0000,0.0000,1.0000,0.1972,0.1336,0.1265
449,7,1.4055,-0.1199,0.4491,1.0000,0.0041,0.0000,-0.0041,1.0000,0.0000,0.0000,0.0000,1.0000,0.1624,0.1625,0.0548
449,8,1.4328,-0.0766,0.4472,1.0000,0.0041,0.0000,-0.0041,1.0000,0.0000,0.0000,0.0000,1.0000,0.0831,0.2046,0.1050
449,9,1.4628,-0.0101,0.4544,1.0000,0.0041,0.0000,-0.0041,1.0000,0.0000,0.0000,0.0000,1.0000,0.0210,0.0279,0.0569
449,10,1.5069,-0.0699,0.4546,1.0000,0.0041,0.0000,-0.0041,1.0000,0.0000,0.0000,0.0000,1.0000,0.0210,0.0279,0.0569
450,0,1.2368,-0.0042,0.4400,1.0000,0.0066,0.0000,-0.0066,1.0000,0.0000,0.0000,0.0000,1.0000,0.2577,0.2263,0.1400
450,1,1.2449,-0.0013,0.6052,1.0000,0.0066,0.0000,-0.0066,1.0000,0.0000,0.0000,0.0000,1.0000,0.1100,0.2168,0.3052
450,2,1.3212,-0.0611,0.5173,1.0000,0.0066,0.0000,-0.0066,1.0000,0.0000,0.0000,0.0000,1.0000,0.1101,0.3070,0.2173
450,3,1.3448,-0.2376,0.5889,1.0000,0.0066,0.0000,-0.0066,1.0000,0.0000,0.0000,0.0000,1.0000,0.2836,0.2073,0.2889
450,4,1.4632,-0.2833,0.5062,1.0000,0.0066,0.0000,-0.0066,1.0000,0.0000,0.0000,0.0000,1.0000,0.2820,0.2947,0.2062
450,5,1.6299,-0.1454,0.6614,1.0000,0.0066,0.0000,-0.0066,1.0000,0.0000,0.0000,0.0000,1.0000,0.1112,0.2100,0.3614
450,6,1.7228,-0.1253,0.4265,1.0000,0.0066,0.0000,-0.0066,1.0000,0.0000,0.0000,0.0000,1.0000,0.1972,0.1336,0.1265
450,7,1.8316,-0.1162,0.4491,1.0000,0.0066,0.0000,-0.0066,1.0000,0.0000,0.0000,0.0000,1.0000,0.1624,0.1625,0.0548
450,8,1.8587,-0.0728,0.4472,1.0000,0.0066,0.0000,-0.0066,1.0000,0.0000,0.0000,0.0000,1.0000,0.0831,0.2046,0.1050
450,9,1.8886,-0.0063,0.4544,1.0000,0.0066,0.0000,-0.0066,1.0000,0.0000,0.0000,0.0000,1.0000,0.0210,0.0279,0.0569
450,10,1.9329,-0.0659,0.4546,1.0000,0.0066,0.0000,-0.0066,1.0000,0.0000,0.0000,0.0000,1.0000,0.0210,0.0279,0.0569
451,0,1.6616,-0.0009,0.4400,1.0000,0.0096,0.0000,-0.0096,1.0000,0.0000,0.0000,0.0000,1.0000,0.2577,0.2263,0.1400
451,1,1.6696,0.0021,0.6052,1.0000,0.0096,0.0000,-0.0096,1.0000,0.0000,0.0000,0.0000,1.0000,0.1100,0.2168,0.3052
451,2,1.7461,-0.0575,0.5173,1.0000,0.0096,0.0000,-0.0096,1.0000,0.0000,0.0000,0.0000,1.0000,0.1101,0.3070,0.2173
451,3,1.7702,-0.2340,0.5889,1.0000,0.0096,0.0000,-0.0096,1.0000,0.0000,0.0000,0.0000,1.0000,0.2836,0.2073,0.2889
451,4,1.8887,-0.2793,0.5062,1.0000,0.0096,0.0000,-0.0096,1.0000,0.0000,0.0000,0.0000,1.0000,0.2820,0.2947,0.2062
451,5,2.0550,-0.1409,0.6614,1.0000,0.0096,0.0000,-0.0096,1.0000,0.0000,0.0000,0.0000,1.0000,0.1112,0.2100,0.3614
451,6,2.1478,-0.1206,0.4265,1.0000,0.0096,0.0000,-0.0096,1.0000,0.0000,0.0000,0.0000,1.0000,0.1972,0.1336,0.1265
451,7,2.2566,-0.1111,0.4491,1.0000,0.0096,0.0000,-0.0096,1.0000,0.0000,0.0000,0.0000,1.0000,0.1624,0.1625,0.0548
451,8,2.2836,-0.0676,0.4472,1.0000,0.0096,0.0000,-0.0096,1.0000,0.0000,0.0000,0.0000,1.0000,0.0831,0.2046,0.1050
451,9,2.3133,-0.0011,0.4544,1.0000,0.0096,0.0000,-0.0096,1.0000,0.0000,0.0000,0.0000,1.0000,0.0210,0.0279,0.0569
451,10,2.3578,-0.0605,0.4546,1.0000,0.0096,0.0000,-0.0096,1.0000,0.0000,0.0000,0.0000,1.0000,0.0210,0.0279,0.0569
452,0,2.0848,0.0036,0.4400,0.9999,0.0120,0.0000,-0.0120,0.9999,0.0000,0.0000,0.0000,1.0000,0.2577,0.2263,0.1400
452,1,2.0929,0.0066,0.6052,0.9999,0.0120,0.0000,-0.0120,0.9999,0.0000,0.0000,0.0000,1.0000,0.1100,0.2168,0.3052
452,2,2.1695,-0.0528,0.5173,0.9999,0.0120,0.0000,-0.0120,0.9999,0.0000,0.0000,0.0000,1.0000,0.1101,0.3070,0.2173
452,3,2.1940,-0.2292,0.5889,0.9999,0.0120,0.0000,-0.0120,0.9999,0.0000,0.0000,0.0000,1.0000,0.2836,0.2073,0.2889
452,4,2.3127,-0.2743,0.5062,0.9999,0.0120,0.0000,-0.0120,0.9999,0.0000,0.0000,0.0000,1.0000,0.2820,0.2947,0.2062
452,5,2.4786,-0.1355,0.6614,0.9999,0.0120,0.0000,-0.0120,0.9999,0.0000,0.0000,0.0000,1.0000,0.1112,0.2100,0.3614
452,6,2.5714,-0.1149,0.4265,0.9999,0.0120,0.0000,-0.0120,0.9999,0.0000,0.0000,0.0000,1.0000,0.1972,0.1336,0.1265
452,7,2.6802,-0.1052,0.4491,0.9999,0.0120,0.0000,-0.0120,0.9999,0.0000,0.0000,0.0000,1.0000,0.1624,0.1625,0.0548
452,8,2.7071,-0.0616,0.4472,0.9999,0.0120,0.0000,-0.0120,0.9999,0.0000,0.0000,0.0000,1.0000,0.0831,0.2046,0.1050
452,9,2.7366,0.0050,0.4544,0.9999,0.0120,0.0000,-0.0120,0.9999,0.0000,0.0000,0.0000,1.0000,0.0210,0.0279,0.0569
452,10,2.7812,-0.0543,0.4546,0.9999,0.0120,0.0000,-0.0120,0.9999,0.0000,0.0000,0.0000,1.0000,0.0210,0.0279,0.0569
453,0,2.5064,0.0091,0.4400,0.9999,0.0148,0.0000,-0.0148,0.9999,0.0000,0.0000,0.0000,1.0000,0.2577,0.2263,0.1400
453,1,2.5145,0.0121,0.6052,0.9999,0.0148,0.0000,-0.0148,0.9999,0.0000,0.0000,0.0000,1.0000,0.1100,0.2168,0.3052
453,2,2.5913,-0.0470,0.5173,0.9999,0.0148,0.0000,-0.0148,0.9999,0.0000,0.0000,0.0000,1.0000,0.1101,0.3070,0.2173
453,3,2.6163,-0.2234,0.5889,0.9999,0.0148,0.0000,-0.0148,0.9999,0.0000,0.0000,0.0000,1.0000,0.2836,0.2073,0.2889
453,4,2.7351,-0.2681,0.5062,0.9999,0.0148,0.0000,-0.0148,0.9999,0.0000,0.0000,0.0000,1.0000,0.2820,0.2947,0.2062
453,5,2.9006,-0.1289,0.6614,0.9999,0.0148,0.0000,-0.0148,0.9999,0.0000,0.0000,0.0000,1.0000,0.1112,0.2100,0.3614
453,6,2.9933,-0.1080,0.4265,0.9999,0.0148,0.0000,-0.0148,0.9999,0.0000,0.0000,0.0000,1.0000,0.1972,0.1336,0.1265
453,7,3.1021,-0.0980,0.4491,0.9999,0.0148,0.0000,-0.0148,0.9999,0.0000,0.0000,0.0000,1.0000,0.1624,0.1625,0.0548
453,8,3.1288,-0.0544,0.4472,0.9999,0.0148,0.0000,-0.0148,0.9999,0.0000,0.0000,0.0000,1.0000,0.0831,0.2046,0.1050
453,9,3.1582,0.0124,0.4544,0.9999,0.0148,0.0000,-0.0148,0.9999,0.0000,0.0000,0.0000,1.0000,0.0210,0.0279,0.0569
453,10,3.2029,-0.0469,0.4546,0.9999,0.0148,0.0000,-0.0148,0.9999,0.0000,0.0000,0.0000,1.0000,0.0210,0.0279,0.0569
454,0,2.9262,0.0159,0.4400,0.9998,0.0179,0.0000,-0.0179,0.9998,0.0000,0.0000,0.0000,1.0000,0.2577,0.2263,0.1400
454,1,2.9342,0.0189,0.6052,0.9998,0.0179,0.0000,-0.0179,0.9998,0.0000,0.0000,0.0000,1.0000,0.1100,0.2168,0.3052
454,2,3.0112,-0.0400,0.5173,0.9998,0.0179,0.0000,-0.0179,0.9998,0.0000,0.0000,0.0000,1.0000,0.1101,0.3070,0.2173
454,3,3.0368,-0.2163,0.5889,0.9998,0.0179,0.0000,-0.0179,0.9998,0.0000,0.0000,0.0000,1.0000,0.2836,0.2073,0.2889
454,4,3.1557,-0.2607,0.5062,0.9998,0.0179,0.0000,-0.0179,0.9998,0.0000,0.0000,0.0000,1.0000,0.2820,0.2947,0.2062
454,5,3.3208,-0.1209,0.6614,0.9998,0.0179,0.0000,-0.0179,0.9998,0.0000,0.0000,0.0000,1.0000,0.1112,0.2100,0.3614
454,6,3.4134,-0.0998,0.4265,0.9998,0.0179,0.0000,-0.0179,0.9998,0.0000,0.0000,0.0000,1.0000,0.1972,0.1336,0.1265
454,7,3.5222,-0.0894,0.4491,0.9998,0.0179,0.0000,-0.0179,0.9998,0.0000,0.0000,0.0000,1.0000,0.1624,0.1625,0.0548
454,8,3.5488,-0.0457,0.4472,0.9998,0.0179,0.0000,-0.0179,0.9998,0.0000,0.0000,0.0000,1.0000,0.0831,0.2046,0.1050
454,9,3.5779,0.0211,0.4544,0.9998,0.0179,0.0000,-0.0179,0.9998,0.0000,0.0000,0.0000,1.0000,0.0210,0.0279,0.0569
454,10,3.6229,-0.0380,0.4546,0.9998,0.0179,0.0000,-0.0179,0.9998,0.0000,0.0000,0.0000,1.0000,0.0210,0.0279,0.0569
455,0,3.3439,0.0238,0.4400,0.9998,0.0208,0.0000,-0.0208,0.9998,0.0000,0.0000,0.0000,1.0000,0.2577,0.2263,0.1400
455,1,3.3520,0.0269,0.6052,0.9998,0.0208,0.0000,-0.0208,0.9998,0.0000,0.0000,0.0000,1.0000,0.1100,0.2168,0.3052
455,2,3.4291,-0.0318,0.5173,0.9998,0.0208,0.0000,-0.0208,0.9998,0.0000,0.0000,0.0000,1.0000,0.1101,0.3070,0.2173
455,3,3.4552,-0.2080,0.5889,0.9998,0.0208,0.0000,-0.0208,0.9998,0.0000,0.0000,0.0000,1.0000,0.2836,0.2073,0.2889
455,4,3.5742,-0.2521,0.5062,0.9998,0.0208,0.0000,-0.0208,0.9998,0.0000,0.0000,0.0000,1.0000,0.2820,0.2947,0.2062
455,5,3.7389,-0.1118,0.6614,0.9998,0.0208,0.0000,-0.0208,0.9998,0.0000,0.0000,0.0000,1.0000,0.1112,0.2100,0.3614
455,6,3.8315,-0.0904,0.4265,0.9998,0.0208,0.0000,-0.0208,0.9998,0.0000,0.0000,0.0000,1.0000,0.1972,0.1336,0.1265
455,7,3.9402,-0.0797,0.4491,0.9998,0.0208,0.0000,-0.0208,0.9998,0.0000,0.0000,0.0000,1.0000,0.1624,0.1625,0.0548
455,8,3.9667,-0.0359,0.4472,0.9998,0.0208,0.0000,-0.0208,0.9998,0.0000,0.0000,0.0000,1.0000,0.0831,0.2046,0.1050
455,9,3.9956,0.0310,0.4544,0.9998,0.0208,0.0000,-0.0208,0.9998,0.0000,0.0000,0.0000,1.0000,0.0210,0.0279,0.0569
455,10,4.0408,-0.0280,0.4546,0.9998,0.0208,0.0000,-0.0208,0.9998,0.0000,0.0000,0.0000,1.0000,0.0210,0.0279,0.0569
456,0,3.7594,0.0329,0.4400,0.9997,0.0235,0.0000,-0.0235,0.9997,0.0000,0.0000,0.0000,1.0000,0.2577,0.2263,0.1400
456,1,3.7674,0.0360,0.6052,0.9997,0.0235,0.0000,-0.0235,0.9997,0.0000,0.0000,0.0000,1.0000,0.1100,0.2168,0.3052
456,2,3.8447,-0.0225,0.5173,0.9997,0.0235,0.0000,-0.0235,0.9997,0.0000,0.0000,0.0000,1.0000,0.1101,0.3070,0.2173
456,3,3.8713,-0.1986,0.5889,0.9997,0.0235,0.0000,-0.0235,0.9997,0.0000,0.0000,0.0000,1.0000,0.2836,0.2073,0.2889
456,4,3.9904,-0.2423,0.5062,0.9997,0.0235,0.0000,-0.0235,0.9997,0.0000,0.0000,0.0000,1.0000,0.2820,0.2947,0.2062
456,5,4.1548,-0.1016,0.6614,0.9997,0.0235,0.0000,-0.0235,0.9997,0.0000,0.0000,0.0000,1.0000,0.1112,0.2100,0.3614
456,6,4.2473,-0.0800,0.4265,0.9997,0.0235,0.0000,-0.0235,0.9997,0.0000,0.0000,0.0000,1.0000,0.1972,0.1336,0.1265
456,7,4.3560,-0.0690,0.4491,0.9997,0.0235,0.0000,-0.0235,0.9997,0.0000,0.0000,0.0000,1.0000,0.1624,0.1625,0.0548
456,8,4.3823,-0.0252,0.4472,0.9997,0.0235,0.0000,-0.0235,0.9997,0.0000,0.0000,0.0000,1.0000,0.0831,0.2046,0.1050
456,9,4.4111,0.0418,0.4544,0.9997,0.0235,0.0000,-0.0235,0.9997,0.0000,0.0000,0.0000,1.0000,0.0210,0.0279,0.0569
456,10,4.4564,-0.0170,0.4546,0.9997,0.0235,0.0000,-0.0235,0.9997,0.0000,0.0000,0.0000,1.0000,0.0210,0.0279,0.0569
457,0,4.1723,0.0431,0.4400,0.9996,0.0265,0.0000,-0.0265,0.9996,0.0000,0.0000,0.0000,1.0000,0.2577,0.2263,0.1400
457,1,4.1803,0.0462,0.6052,0.9996,0.0265,0.0000,-0.0265,0.9996,0.0000,0.0000,0.0000,1.0000,0.1100,0.2168,0.3052
457,2,4.2578,-0.0120,0.5173,0.9996,0.0265,0.0000,-0.0265,0.9996,0.0000,0.0000,0.0000,1.0000,0.1101,0.3070,0.2173
457,3,4.2849,-0.1881,0.5889,0.9996,0.0265,0.0000,-0.0265,0.9996,0.0000,0.0000,0.0000,1.0000,0.2836,0.2073,0.2889
457,4,4.4042,-0.2314,0.5062,0.9996,0.0265,0.0000,-0.0265,0.9996,0.0000,0.0000,0.0000,1.0000,0.2820,0.2947,0.2062
457,5,4.5681,-0.0902,0.6614,0.9996,0.0265,0.0000,-0.0265,0.9996,0.0000,0.0000,0.0000,1.0000,0.1112,0.2100,0.3614
457,6,4.6606,-0.0683,0.4265,0.9996,0.0265,0.0000,-0.0265,0.9996,0.0000,0.0000,0.0000,1.0000,0.1972,0.1336,0.1265
457,7,4.7692,-0.0570,0.4491,0.9996,0.0265,0.0000,-0.0265,0.9996,0.0000,0.0000,0.0000,1.0000,0.1624,0.1625,0.0548
457,8,4.7954,-0.0131,0.4472,0.9996,0.0265,0.0000,-0.0265,0.9996,0.0000,0.0000,0.0000,1.0000,0.0831,0.2046,0.1050
457,9,4.8240,0.0540,0.4544,0.9996,0.0265,0.0000,-0.0265,0.9996,0.0000,0.0000,0.0000,1.0000,0.0210,0.0279,0.0569
457,10,4.8694,-0.0047,0.4546,0.9996,0.0265,0.0000,-0.0265,0.9996,0.0000,0.0000,0.0000,1.0000,0.0210,0.0279,0.0569
458,0,4.5827,0.0545,0.4400,0.9996,0.0294,0.0000,-0.0294,0.9996,0.0000,0.0000,0.0000,1.0000,0.2577,0.2263,0.1400
458,1,4.5907,0.0576,0.6052,0.9996,0.0294,0.0000,-0.0294,0.9996,0.0000,0.0000,0.0000,1.0000,0.1100,0.2168,0.3052
458,2,4.6683,-0.0004,0.5173,0.9996,0.0294,0.0000,-0.0294,0.9996,0.0000,0.0000,0.0000,1.0000,0.1101,0.3070,0.2173
458,3,4.6959,-0.1764,0.5889,0.9996,0.0294,0.0000,-0.0294,0.9996,0.0000,0.0000,0.0000,1.0000,0.2836,0.2073,0.2889
458,4,4.8153,-0.2194,0.5062,0.9996,0.0294,0.0000,-0.0294,0.9996,0.0000,0.0000,0.0000,1.0000,0.2820,0.2947,0.2062
458,5,4.9788,-0.0778,0.6614,0.9996,0.0294,0.0000,-0.0294,0.9996,0.0000,0.0000,0.0000,1.0000,0.1112,0.2100,0.3614
458,6,5.0712,-0.0555,0.4265,0.9996,0.0294,0.0000,-0.0294,0.9996,0.0000,0.0000,0.0000,1.0000,0.1972,0.1336,0.1265
458,7,5.1798,-0.0439,0.4491,0.9996,0.0294,0.0000,-0.0294,0.9996,0.0000,0.0000,0.0000,1.0000,0.1624,0.1625,0.0548
458,8,5.2059,0.0001,0.4472,0.9996,0.0294,0.0000,-0.0294,0.9996,0.0000,0.0000,0.0000,1.0000,0.0831,0.2046,0.1050
458,9,5.2343,0.0672,0.4544,0.9996,0.0294,0.0000,-0.0294,0.9996,0.0000,0.0000,0.0000,1.0000,0.0210,0.0279,0.0569
458,10,5.2799,0.0086,0.4546,0.9996,0.0294,0.0000,-0.0294,0.9996,0.0000,0.0000,0.0000,1.0000,0.0210,0.0279,0.0569
459,0,4.9903,0.0669,0.4400,0.9995,0.0324,0.0000,-0.0324,0.9995,0.0000,0.0000,0.0000,1.0000,0.2577,0.2263,0.1400
459,1,4.9983,0.0701,0.6052,0.9995,0.0324,0.0000,-0.0324,0.9995,0.0000,0.0000,0.0000,1.0000,0.1100,0.2168,0.3052
459,2,5.0761,0.0123,0.5173,0.9995,0.0324,0.0000,-0.0324,0.9995,0.0000,0.0000,0.0000,1.0000,0.1101,0.3070,0.2173
459,3,5.1042,-0.1636,0.5889,0.9995,0.0324,0.0000,-0.0324,0.9995,0.0000,0.0000,0.0000,1.0000,0.2836,0.2073,0.2889
459,4,5.2238,-0.2062,0.5062,0.9995,0.0324,0.0000,-0.0324,0.9995,0.0000,0.0000,0.0000,1.0000,0.2820,0.2947,0.2062
459,5,5.3868,-0.0641,0.6614,0.9995,0.0324,0.0000,-0.0324,0.9995,0.0000,0.0000,0.0000,1.0000,0.1112,0.2100,0.3614
459,6,5.4792,-0.0416,0.4265,0.9995,0.0324,0.0000,-0.0324,0.9995,0.0000,0.0000,0.0000,1.0000,0.1972,0.1336,0.1265
459,7,5.5877,-0.0297,0.4491,0.9995,0.0324,0.0000,-0.0324,0.9995,0.0000,0.0000,0.0000,1.0000,0.1624,0.1625,0.0548
459,8,5.6137,0.0144,0.4472,0.9995,0.0324,0.0000,-0.0324,0.9995,0.0000,0.0000,0.0000,1.0000,0.0831,0.2046,0.1050
459,9,5.6418,0.0817,0.4544,0.9995,0.0324,0.0000,-0.0324,0.9995,0.0000,0.0000,0.0000,1.0000,0.0210,0.0279,0.0569
459,10,5.6877,0.0232,0.4546,0.9995,0.0324,0.0000,-0.0324,0.9995,0.0000,0.0000,0.0000,1.0000,0.0210,0.0279,0.0569
460,0,5.3949,0.0805,0.4400,0.9994,0.0352,0.0000,-0.0352,0.9994,0.0000,0.0000,0.0000,1.0000,0.2577,0.2263,0.1400
460,1,5.4029,0.0837,0.6052,0.9994,0.0352,0.0000,-0.0352,0.9994,0.0000,0.0000,0.0000,1.0000,0.1100,0.2168,0.3052
460,2,5.4809,0.0261,0.5173,0.9994,0.0352,0.0000,-0.0352,0.9994,0.0000,0.0000,0.0000,1.0000,0.1101,0.3070,0.2173
460,3,5.5095,-0.1497,0.5889,0.9994,0.0352,0.0000,-0.0352,0.9994,0.0000,0.0000,0.0000,1.0000,0.2836,0.2073,0.2889
460,4,5.6292,-0.1920,0.5062,0.9994,0.0352,0.0000,-0.0352,0.9994,0.0000,0.0000,0.0000,1.0000,0.2820,0.2947,0.2062
460,5,5.7918,-0.0494,0.6614,0.9994,0.0352,0.0000,-0.0352,0.9994,0.0000,0.0000,0.0000,1.0000,0.1112,0.2100,0.3614
460,6,5.8841,-0.0267,0.4265,0.9994,0.0352,0.0000,-0.0352,0.9994,0.0000,0.0000,0.0000,1.0000,0.1972,0.1336,0.1265
460,7,5.9926,-0.0144,0.4491,0.9994,0.0352,0.0000,-0.0352,0.9994,0.0000,0.0000,0.0000,1.0000,0.1624,0.1625,0.0548
460,8,6.0185,0.0297,0.4472,0.9994,0.0352,0.0000,-0.0352,0.9994,0.0000,0.0000,0.0000,1.0000,0.0831,0.2046,0.1050
460,9,6.0464,0.0970,0.4544,0.9994,0.0352,0.0000,-0.0352,0.9994,0.0000,0.0000,0.0000,1.0000,0.0210,0.0279,0.0569
460,10,6.0924,0.0387,0.4546,0.9994,0.0352,0.0000,-0.0352,0.9994,0.0000,0.0000,0.0000,1.0000,0.0210,0.0279,0.0569
461,0,5.7959,0.0950,0.4400,0.9993,0.0378,0.0000,-0.0378,0.9993,0.0000,0.0000,0.0000,1.0000,0.2577,0.2263,0.1400
461,1,5.8039,0.0982,0.6052,0.9993,0.0378,0.0000,-0.0378,0.9993,0.0000,0.0000,0.0000,1.0000,0.1100,0.2168,0.3052
461,2,5.8820,0.0408,0.5173,0.9993,0.0378,0.0000,-0.0378,0.9993,0.0000,0.0000,0.0000,1.0000,0.1101,0.3070,0.2173
461,3,5.9110,-0.1349,0.5889,0.9993,0.0378,0.0000,-0.0378,0.9993,0.0000,0.0000,0.0000,1.0000,0.2836,0.2073,0.2889
461,4,6.0308,-0.1769,0.5062,0.9993,0.0378,0.0000,-0.0378,0.9993,0.0000,0.0000,0.0000,1.0000,0.2820,0.2947,0.2062
461,5,6.1931,-0.0339,0.6614,0.9993,0.0378,0.0000,-0.0378,0.9993,0.0000,0.0000,0.0000,1.0000,0.1112,0.2100,0.3614
461,6,6.2853,-0.0109,0.4265,0.9993,0.0378,0.0000,-0.0378,0.9993,0.0000,0.0000,0.0000,1.0000,0.1972,0.1336,0.1265
461,7,6.3938,0.0016,0.4491,0.9993,0.0378,0.0000,-0.0378,0.9993,0.0000,0.0000,0.0000,1.0000,0.1624,0.1625,0.0548
461,8,6.4196,0.0458,0.4472,0.9993,0.0378,0.0000,-0.0378,0.9993,0.0000,0.0000,0.0000,1.0000,0.0831,0.2046,0.1050
461,9,6.4474,0.1132,0.4544,0.9993,0.0378,0.0000,-0.0378,0.9993,0.0000,0.0000,0.0000,1.0000,0.0210,0.0279,0.0569
461,10,6.4935,0.0550,0.4546,0.9993,0.0378,0.0000,-0.0378,0.9993,0.0000,0.0000,0.0000,1.0000,0.0210,0.0279,0.0569
462,0,6.1921,0.1105,0.4400,0.9992,0.0407,0.0000,-0.0407,0.9992,0.0000,0.0000,0.0000,1.0000,0.2577,0.2263,0.1400
462,1,6.2000,0.1137,0.6052,0.9992,0.0407,0.0000,-0.0407,0.9992,0.0000,0.0000,0.0000,1.0000,0.1100,0.2168,0.3052
462,2,6.2783,0.0565,0.5173,0.9992,0.0407,0.0000,-0.0407,0.9992,0.0000,0.0000,0.0000,1.0000,0.1101,0.3070,0.2173
462,3,6.3079,-0.1191,0.5889,0.9992,0.0407,0.0000,-0.0407,0.9992,0.0000,0.0000,0.0000,1.0000,0.2836,0.2073,0.2889
462,4,6.4278,-0.1608,0.5062,0.9992,0.0407,0.0000,-0.0407,0.9992,0.0000,0.0000,0.0000,1.0000,0.2820,0.2947,0.2062
462,5,6.5897,-0.0173,0.6614,0.9992,0.0407,0.0000,-0.0407,0.9992,0.0000,0.0000,0.0000,1.0000,0.1112,0.2100,0.3614
462,6,6.6818,0.0060,0.4265,0.9992,0.0407,0.0000,-0.0407,0.9992,0.0000,0.0000,0.0000,1.0000,0.1972,0.1336,0.1265
462,7,6.7903,0.0188,0.4491,0.9992,0.0407,0.0000,-0.0407,0.9992,0.0000,0.0000,0.0000,1.0000,0.1624,0.1625,0.0548
462,8,6.8159,0.0631,0.4472,0.9992,0.0407,0.0000,-0.0407,0.9992,0.0000,0.0000,0.0000,1.0000,0.0831,0.2046,0.1050
462,9,6.8435,0.1306,0.4544,0.9992,0.0407,0.0000,-0.0407,0.9992,0.0000,0.0000,0.0000,1.0000,0.0210,0.0279,0.0569
462,10,6.8898,0.0725,0.4546,0.9992,0.0407,0.0000,-0.0407,0.9992,0.0000,0.0000,0.0000,1.0000,0.0210,0.0279,0.0569
463,0,6.5826,0.1268,0.4400,0.9990,0.0436,0.0000,-0.0436,0.9990,0.0000,0.0000,0.0000,1.0000,0.2577,0.2263,0.1400
463,1,6.5906,0.1301,0.6052,0.9990,0.0436,0.0000,-0.0436,0.9990,0.0000,0.0000,0.0000,1.0000,0.1100,0.2168,0.3052
463,2,6.6690,0.0731,0.5173,0.9990,0.0436,0.0000,-0.0436,0.9990,0.0000,0.0000,0.0000,1.0000,0.1101,0.3070,0.2173
463,3,6.6991,-0.1024,0.5889,0.9990,0.0436,0.0000,-0.0436,0.9990,0.0000,0.0000,0.0000,1.0000,0.2836,0.2073,0.2889
463,4,6.8191,-0.1437,0.5062,0.9990,0.0436,0.0000,-0.0436,0.9990,0.0000,0.0000,0.0000,1.0000,0.2820,0.2947,0.2062
463,5,6.9806,0.0003,0.6614,0.9990,0.0436,0.0000,-0.0436,0.9990,0.0000,0.0000,0.0000,1.0000,0.1112,0.2100,0.3614
463,6,7.0726,0.0238,0.4265,0.9990,0.0436,0.0000,-0.0436,0.9990,0.0000,0.0000,0.0000,1.0000,0.1972,0.1336,0.1265
463,7,7.1811,0.0370,0.4491,0.9990,0.0436,0.0000,-0.0436,0.9990,0.0000,0.0000,0.0000,1.0000,0.1624,0.1625,0.0548
463,8,7.2066,0.0813,0.4472,0.9990,0.0436,0.0000,-0.0436,0.9990,0.0000,0.0000,0.0000,1.0000,0.0831,0.2046,0.1050
463,9,7.2339,0.1489,0.4544,0.9990,0.0436,0.0000,-0.0436,0.9990,0.0000,0.0000,0.0000,1.0000,0.0210,0.0279,0.0569
463,10,7.2804,0.0909,0.4546,0.9990,0.0436,0.0000,-0.0436,0.9990,0.0000,0.0000,0.0000,1.0000,0.0210,0.0279,0.0569
464,0,6.9668,0.1440,0.4400,0.9989,0.0466,0.0000,-0.0466,0.9989,0.0000,0.0000,0.0000,1.0000,0.2577,0.2263,0.1400
464,1,6.9748,0.1473,0.6052,0.9989,0.0466,0.0000,-0.0466,0.9989,0.0000,0.0000,0.0000,1.0000,0.1100,0.2168,0.3052
464,2,7.0534,0.0906,0.5173,0.9989,0.0466,0.0000,-0.0466,0.9989,0.0000,0.0000,0.0000,1.0000,0.1101,0.3070,0.2173
464,3,7.0840,-0.0848,0.5889,0.9989,0.0466,0.0000,-0.0466,0.9989,0.0000,0.0000,0.0000,1.0000,0.2836,0.2073,0.2889
464,4,7.2042,-0.1258,0.5062,0.9989,0.0466,0.0000,-0.0466,0.9989,0.0000,0.0000,0.0000,1.0000,0.2820,0.2947,0.2062
464,5,7.3652,0.0187,0.6614,0.9989,0.0466,0.0000,-0.0466,0.9989,0.0000,0.0000,0.0000,1.0000,0.1112,0.2100,0.3614
464,6,7.4572,0.0425,0.4265,0.9989,0.0466,0.0000,-0.0466,0.9989,0.0000,0.0000,0.0000,1.0000,0.1972,0.1336,0.1265
464,7,7.5656,0.0560,0.4491,0.9989,0.0466,0.0000,-0.0466,0.9989,0.0000,0.0000,0.0000,1.0000,0.1624,0.1625,0.0548
464,8,7.5910,0.1004,0.4472,0.9989,0.0466,0.0000,-0.0466,0.9989,0.0000,0.0000,0.0000,1.0000,0.0831,0.2046,0.1050
464,9,7.6181,0.1680,0.4544,0.9989,0.0466,0.0000,-0.0466,0.9989,0.0000,0.0000,0.0000,1.0000,0.0210,0.0279,0.0569
464,10,7.6648,0.1102,0.4546,0.9989,0.0466,0.0000,-0.0466,0.9989,0.0000,0.0000,0.0000,1.0000,0.0210,0.0279,0.0569
465,0,7.3446,0.1622,0.4400,0.9987,0.0500,0.0000,-0.0500,0.9987,0.0000,0.0000,0.0000,1.0000,0.2577,0.2263,0.1400
465,1,7.3526,0.1655,0.6052,0.9987,0.0500,0.0000,-0.0500,0.9987,0.0000,0.0000,0.0000,1.0000,0.1100,0.2168,0.3052
465,2,7.4314,0.1090,0.5173,0.9987,0.0500,0.0000,-0.0500,0.9987,0.0000,0.0000,0.0000,1.0000,0.1101,0.3070,0.2173
465,3,7.4626,-0.0663,0.5889,0.9987,0.0500,0.0000,-0.0500,0.9987,0.0000,0.0000,0.0000,1.0000,0.2836,0.2073,0.2889
465,4,7.5829,-0.1069,0.5062,0.9987,0.0500,0.0000,-0.0500,0.9987,0.0000,0.0000,0.0000,1.0000,0.2820,0.2947,0.2062
465,5,7.7434,0.0382,0.6614,0.9987,0.0500,0.0000,-0.0500,0.9987,0.0000,0.0000,0.0000,1.0000,0.1112,0.2100,0.3614
465,6,7.8353,0.0623,0.4265,0.9987,0.0500,0.0000,-0.0500,0.9987,0.0000,0.0000,0.0000,1.0000,0.1972,0.1336,0.1265
465,7,7.9437,0.0761,0.4491,0.9987,0.0500,0.0000,-0.0500,0.9987,0.0000,0.0000,0.0000,1.0000,0.1624,0.1625,0.0548
465,8,7.9689,0.1206,0.4472,0.9987,0.0500,0.0000,-0.0500,0.9987,0.0000,0.0000,0.0000,1.0000,0.0831,0.2046,0.1050
465,9,7.9958,0.1884,0.4544,0.9987,0.0500,0.0000,-0.0500,0.9987,0.0000,0.0000,0.0000,1.0000,0.0210,0.0279,0.0569
465,10,8.0427,0.1307,0.4546,0.9987,0.0500,0.0000,-0.0500,0.9987,0.0000,0.0000,0.0000,1.0000,0.0210,0.0279,0.0569
466,0,7.7161,0.1813,0.4400,0.9986,0.0537,0.0000,-0.0537,0.9986,0.0000,0.0000,0.0000,1.0000,0.2577,0.2263,0.1400
466,1,7.7240,0.1846,0.6052,0.9986,0.0537,0.0000,-0.0537,0.9986,0.0000,0.0000,0.0000,1.0000,0.1100,0.2168,0.3052
466,2,7.8030,0.1285,0.5173,0.9986,0.0537,0.0000,-0.0537,0.9986,0.0000,0.0000,0.0000,1.0000,0.1101,0.3070,0.2173
466,3,7.8349,-0.0468,0.5889,0.9986,0.0537,0.0000,-0.0537,0.9986,0.0000,0.0000,0.0000,1.0000,0.2836,0.2073,0.2889
466,4,7.9553,-0.0869,0.5062,0.9986,0.0537,0.0000,-0.0537,0.9986,0.0000,0.0000,0.0000,1.0000,0.2820,0.2947,0.2062
466,5,8.1153,0.0587,0.6614,0.9986,0.0537,0.0000,-0.0537,0.9986,0.0000,0.0000,0.0000,1.0000,0.1112,0.2100,0.3614
466,6,8.2071,0.0832,0.4265,0.9986,0.0537,0.0000,-0.0537,0.9986,0.0000,0.0000,0.0000,1.0000,0.1972,0.1336,0.1265
466,7,8.3154,0.0974,0.4491,0.9986,0.0537,0.0000,-0.0537,0.9986,0.0000,0.0000,0.0000,1.0000,0.1624,0.1625,0.0548
466,8,8.3405,0.1420,0.4472,0.9986,0.0537,0.0000,-0.0537,0.9986,0.0000,0.0000,0.0000,1.0000,0.0831,0.2046,0.1050
466,9,8.3672,0.2099,0.4544,0.9986,0.0537,0.0000,-0.0537,0.9986,0.0000,0.0000,0.0000,1.0000,0.0210,0.0279,0.0569
466,10,8.4142,0.1524,0.4546,0.9986,0.0537,0.0000,-0.0537,0.9986,0.0000,0.0000,0.0000,1.0000,0.0210,0.0279,0.0569
467,0,8.0813,0.2015,0.4400,0.9983,0.0575,0.0000,-0.0575,0.9983,0.0000,0.0000,0.0000,1.0000,0.2577,0.2263,0.1400
467,1,8.0893,0.2048,0.6052,0.9983,0.0575,0.0000,-0.0575,0.9983,0.0000,0.0000,0.0000,1.0000,0.1100,0.2168,0.3052
467,2,8.1685,0.1490,0.5173,0.9983,0.0575,0.0000,-0.0575,0.9983,0.0000,0.0000,0.0000,1.0000,0.1101,0.3070,0.2173
467,3,8.2010,-0.0261,0.5889,0.9983,0.0575,0.0000,-0.0575,0.9983,0.0000,0.0000,0.0000,1.0000,0.2836,0.2073,0.2889
467,4,8.3216,-0.0658,0.5062,0.9983,0.0575,0.0000,-0.0575,0.9983,0.0000,0.0000,0.0000,1.0000,0.2820,0.2947,0.2062
467,5,8.4811,0.0804,0.6614,0.9983,0.0575,0.0000,-0.0575,0.9983,0.0000,0.0000,0.0000,1.0000,0.1112,0.2100,0.3614
467,6,8.5728,0.1053,0.4265,0.9983,0.0575,0.0000,-0.0575,0.9983,0.0000,0.0000,0.0000,1.0000,0.1972,0.1336,0.1265
467,7,8.6810,0.1199,0.4491,0.9983,0.0575,0.0000,-0.0575,0.9983,0.0000,0.0000,0.0000,1.0000,0.1624,0.1625,0.0548
467,8,8.7059,0.1646,0.4472,0.9983,0.0575,0.0000,-0.0575,0.9983,0.0000,0.0000,0.0000,1.0000,0.0831,0.2046,0.1050
467,9,8.7323,0.2325,0.4544,0.9983,0.0575,0.0000,-0.0575,0.9983,0.0000,0.0000,0.0000,1.0000,0.0210,0.0279,0.0569
467,10,8.7796,0.1753,0.4546,0.9983,0.0575,0.0000,-0.0575,0.9983,0.0000,0.0000,0.0000,1.0000,0.0210,0.0279,0.0569
468,0,8.4405,0.2227,0.4400,0.9981,0.0618,0.0000,-0.0618,0.9981,0.0000,0.0000,0.0000,1.0000,0.2577,0.2263,0.1400
468,1,8.4484,0.2261,0.6052,0.9981,0.0618,0.0000,-0.0618,0.9981,0.0000,0.0000,0.0000,1.0000,0.1100,0.2168,0.3052
468,2,8.5279,0.1706,0.5173,0.9981,0.0618,0.0000,-0.0618,0.9981,0.0000,0.0000,0.0000,1.0000,0.1101,0.3070,0.2173
468,3,8.5611,-0.0043,0.5889,0.9981,0.0618,0.0000,-0.0618,0.9981,0.0000,0.0000,0.0000,1.0000,0.2836,0.2073,0.2889
468,4,8.6819,-0.0434,0.5062,0.9981,0.0618,0.0000,-0.0618,0.9981,0.0000,0.0000,0.0000,1.0000,0.2820,0.2947,0.2062
468,5,8.8407,0.1035,0.6614,0.9981,0.0618,0.0000,-0.0618,0.9981,0.0000,0.0000,0.0000,1.0000,0.1112,0.2100,0.3614
468,6,8.9323,0.1287,0.4265,0.9981,0.0618,0.0000,-0.0618,0.9981,0.0000,0.0000,0.0000,1.0000,0.1972,0.1336,0.1265
468,7,9.0405,0.1438,0.4491,0.9981,0.0618,0.0000,-0.0618,0.9981,0.0000,0.0000,0.0000,1.0000,0.1624,0.1625,0.0548
468,8,9.0652,0.1886,0.4472,0.9981,0.0618,0.0000,-0.0618,0.9981,0.0000,0.0000,0.0000,1.0000,0.0831,0.2046,0.1050
468,9,9.0913,0.2566,0.4544,0.9981,0.0618,0.0000,-0.0618,0.9981,0.0000,0.0000,0.0000,1.0000,0.0210,0.0279,0.0569
468,10,9.1388,0.1996,0.4546,0.9981,0.0618,0.0000,-0.0618,0.9981,0.0000,0.0000,0.0000,1.0000,0.0210,0.0279,0.0569
469,0,8.7932,0.2452,0.4400,0.9978,0.0664,0.0000,-0.0664,0.9978,0.0000,0.0000,0.0000,1.0000,0.2577,0.2263,0.1400
469,1,8.8010,0.2486,0.6052,0.9978,0.0664,0.0000,-0.0664,0.9978,0.0000,0.0000,0.0000,1.0000,0.1100,0.2168,0.3052
469,2,8.8808,0.1935,0.5173,0.9978,0.0664,0.0000,-0.0664,0.9978,0.0000,0.0000,0.0000,1.0000,0.1101,0.3070,0.2173
469,3,8.9149,0.0187,0.5889,0.9978,0.0664,0.0000,-0.0664,0.9978,0.0000,0.0000,0.0000,1.0000,0.2836,0.2073,0.2889
469,4,9.0358,-0.0199,0.5062,0.9978,0.0664,0.0000,-0.0664,0.9978,0.0000,0.0000,0.0000,1.0000,0.2820,0.2947,0.2062
469,5,9.1939,0.1278,0.6614,0.9978,0.0664,0.0000,-0.0664,0.9978,0.0000,0.0000,0.0000,1.0000,0.1112,0.2100,0.3614
469,6,9.2854,0.1534,0.4265,0.9978,0.0664,0.0000,-0.0664,0.9978,0.0000,0.0000,0.0000,1.0000,0.1972,0.1336,0.1265
469,7,9.3935,0.1690,0.4491,0.9978,0.0664,0.0000,-0.0664,0.9978,0.0000,0.0000,0.0000,1.0000,0.1624,0.1625,0.0548
469,8,9.4180,0.2139,0.4472,0.9978,0.0664,0.0000,-0.0664,0.9978,0.0000,0.0000,0.0000,1.0000,0.0831,0.2046,0.1050
469,9,9.4438,0.2821,0.4544,0.9978,0.0664,0.0000,-0.0664,0.9978,0.0000,0.0000,0.0000,1.0000,0.0210,0.0279,0.0569
469,10,9.4916,0.2252,0.4546,0.9978,0.0664,0.0000,-0.0664,0.9978,0.0000,0.0000,0.0000,1.0000,0.0210,0.0279,0.0569
470,0,9.1387,0.2688,0.4400,0.9975,0.0712,0.0000,-0.0712,0.9975,0.0000,0.0000,0.0000,1.0000,0.2577,0.2263,0.1400
470,1,9.1466,0.2723,0.6052,0.9975,0.0712,0.0000,-0.0712,0.9975,0.0000,0.0000,0.0000,1.0000,0.1100,0.2168,0.3052
470,2,9.2266,0.2176,0.5173,0.9975,0.0712,0.0000,-0.0712,0.9975,0.0000,0.0000,0.0000,1.0000,0.1101,0.3070,0.2173
470,3,9.2615,0.0429,0.5889,0.9975,0.0712,0.0000,-0.0712,0.9975,0.0000,0.0000,0.0000,1.0000,0.2836,0.2073,0.2889
470,4,9.3826,0.0049,0.5062,0.9975,0.0712,0.0000,-0.0712,0.9975,0.0000,0.0000,0.0000,1.0000,0.2820,0.2947,0.2062
470,5,9.5401,0.1533,0.6614,0.9975,0.0712,0.0000,-0.0712,0.9975,0.0000,0.0000,0.0000,1.0000,0.1112,0.2100,0.3614
470,6,9.6315,0.1794,0.4265,0.9975,0.0712,0.0000,-0.0712,0.9975,0.0000,0.0000,0.0000,1.0000,0.1972,0.1336,0.1265
470,7,9.7395,0.1955,0.4491,0.9975,0.0712,0.0000,-0.0712,0.9975,0.0000,0.0000,0.0000,1.0000,0.1624,0.1625,0.0548
470,8,9.7637,0.2405,0.4472,0.9975,0.0712,0.0000,-0.0712,0.9975,0.0000,0.0000,0.0000,1.0000,0.0831,0.2046,0.1050
470,9,9.7892,0.3088,0.4544,0.9975,0.0712,0.0000,-0.0712,0.9975,0.0000,0.0000,0.0000,1.0000,0.0210,0.0279,0.0569
470,10,9.8373,0.2522,0.4546,0.9975,0.0712,0.0000,-0.0712,0.9975,0.0000,0.0000,0.0000,1.0000,0.0210,0.0279,0.0569
471,0,9.4765,0.2936,0.4400,0.9971,0.0762,0.0000,-0.0762,0.9971,0.0000,0.0000,0.0000,1.0000,0.2577,0.2263,0.1400
471,1,9.4843,0.2971,0.6052,0.9971,0.0762,0.0000,-0.0762,0.9971,0.0000,0.0000,0.0000,1.0000,0.1100,0.2168,0.3052
471,2,9.5646,0.2427,0.5173,0.9971,0.0762,0.0000,-0.0762,0.9971,0.0000,0.0000,0.0000,1.0000,0.1101,0.3070,0.2173
471,3,9.6004,0.0683,0.5889,0.9971,0.0762,0.0000,-0.0762,0.9971,0.0000,0.0000,0.0000,1.0000,0.2836,0.2073,0.2889
471,4,9.7217,0.0309,0.5062,0.9971,0.0762,0.0000,-0.0762,0.9971,0.0000,0.0000,0.0000,1.0000,0.2820,0.2947,0.2062
471,5,9.8784,0.1800,0.6614,0.9971,0.0762,0.0000,-0.0762,0.9971,0.0000,0.0000,0.0000,1.0000,0.1112,0.2100,0.3614
471,6,9.9696,0.2066,0.4265,0.9971,0.0762,0.0000,-0.0762,0.9971,0.0000,0.0000,0.0000,1.0000,0.1972,0.1336,0.1265
471,7,10.0776,0.2232,0.4491,0.9971,0.0762,0.0000,-0.0762,0.9971,0.0000,0.0000,0.0000,1.0000,0.1624,0.1625,0.0548
471,8,10.1016,0.2684,0.4472,0.9971,0.0762,0.0000,-0.0762,0.9971,0.0000,0.0000,0.0000,1.0000,0.0831,0.2046,0.1050
471,9,10.1268,0.3368,0.4544,0.9971,0.0762,0.0000,-0.0762,0.9971,0.0000,0.0000,0.0000,1.0000,0.0210,0.0279,0.0569
471,10,10.1751,0.2804,0.4546,0.9971,0.0762,0.0000,-0.0762,0.9971,0.0000,0.0000,0.0000,1.0000,0.0210,0.0279,0.0569
472,0,9.8056,0.3193,0.4400,0.9967,0.0812,0.0000,-0.0812,0.9967,0.0000,0.0000,0.0000,1.0000,0.2577,0.2263,0.1400
472,1,9.8134,0.3229,0.6052,0.9967,0.0812,0.0000,-0.0812,0.9967,0.0000,0.0000,0.0000,1.0000,0.1100,0.2168,0.3052
472,2,9.8940,0.2689,0.5173,0.9967,0.0812,0.0000,-0.0812,0.9967,0.0000,0.0000,0.0000,1.0000,0.1101,0.3070,0.2173
472,3,9.9306,0.0946,0.5889,0.9967,0.0812,0.0000,-0.0812,0.9967,0.0000,0.0000,0.0000,1.0000,0.2836,0.2073,0.2889
472,4,10.0521,0.0579,0.5062,0.9967,0.0812,0.0000,-0.0812,0.9967,0.0000,0.0000,0.0000,1.0000,0.2820,0.2947,0.2062
472,5,10.2081,0.2078,0.6614,0.9967,0.0812,0.0000,-0.0812,0.9967,0.0000,0.0000,0.0000,1.0000,0.1112,0.2100,0.3614
472,6,10.2992,0.2348,0.4265,0.9967,0.0812,0.0000,-0.0812,0.9967,0.0000,0.0000,0.0000,1.0000,0.1972,0.1336,0.1265
472,7,10.4070,0.2520,0.4491,0.9967,0.0812,0.0000,-0.0812,0.9967,0.0000,0.0000,0.0000,1.0000,0.1624,0.1625,0.0548
472,8,10.4308,0.2973,0.4472,0.9967,0.0812,0.0000,-0.0812,0.9967,0.0000,0.0000,0.0000,1.0000,0.0831,0.2046,0.1050
472,9,10.4557,0.3659,0.4544,0.9967,0.0812,0.0000,-0.0812,0.9967,0.0000,0.0000,0.0000,1.0000,0.0210,0.0279,0.0569
472,10,10.5043,0.3097,0.4546,0.9967,0.0812,0.0000,-0.0812,0.9967,0.0000,0.0000,0.0000,1.0000,0.0210,0.0279,0.0569
473,0,10.1254,0.3460,0.4400,0.9963,0.0865,0.0000,-0.0865,0.9963,0.0000,0.0000,0.0000,1.0000,0.2577,0.2263,0.1400
473,1,10.1332,0.3496,0.6052,0.9963,0.0865,0.0000,-0.0865,0.9963,0.0000,0.0000,0.0000,1.0000,0.1100,0.2168,0.3052
473,2,10.2141,0.2961,0.5173,0.9963,0.0865,0.0000,-0.0865,0.9963,0.0000,0.0000,0.0000,1.0000,0.1101,0.3070,0.2173
473,3,10.2517,0.1220,0.5889,0.9963,0.0865,0.0000,-0.0865,0.9963,0.0000,0.0000,0.0000,1.0000,0.2836,0.2073,0.2889
473,4,10.3734,0.0859,0.5062,0.9963,0.0865,0.0000,-0.0865,0.9963,0.0000,0.0000,0.0000,1.0000,0.2820,0.2947,0.2062
473,5,10.5285,0.2367,0.6614,0.9963,0.0865,0.0000,-0.0865,0.9963,0.0000,0.0000,0.0000,1.0000,0.1112,0.2100,0.3614
473,6,10.6195,0.2641,0.4265,0.9963,0.0865,0.0000,-0.0865,0.9963,0.0000,0.0000,0.0000,1.0000,0.1972,0.1336,0.1265
473,7,10.7272,0.2819,0.4491,0.9963,0.0865,0.0000,-0.0865,0.9963,0.0000,0.0000,0.0000,1.0000,0.1624,0.1625,0.0548
473,8,10.7508,0.3273,0.4472,0.9963,0.0865,0.0000,-0.0865,0.9963,0.0000,0.0000,0.0000,1.0000,0.0831,0.2046,0.1050
473,9,10.7752,0.3960,0.4544,0.9963,0.0865,0.0000,-0.0865,0.9963,0.0000,0.0000,0.0000,1.0000,0.0210,0.0279,0.0569
473,10,10.8242,0.3401,0.4546,0.9963,0.0865,0.0000,-0.0865,0.9963,0.0000,0.0000,0.0000,1.0000,0.0210,0.0279,0.0569
474,0,10.4356,0.3735,0.4400,0.9958,0.0916,0.0000,-0.0916,0.9958,0.0000,0.0000,0.0000,1.0000,0.2577,0.2263,0.1400
474,1,10.4434,0.3771,0.6052,0.9958,0.0916,0.0000,-0.0916,0.9958,0.0000,0.0000,0.0000,1.0000,0.1100,0.2168,0.3052
474,2,10.5245,0.3241,0.5173,0.9958,0.0916,0.0000,-0.0916,0.9958,0.0000,0.0000,0.0000,1.0000,0.1101,0.3070,0.2173
474,3,10.5630,0.1501,0.5889,0.9958,0.0916,0.0000,-0.0916,0.9958,0.0000,0.0000,0.0000,1.0000,0.2836,0.2073,0.2889
474,4,10.6848,0.1147,0.5062,0.9958,0.0916,0.0000,-0.0916,0.9958,0.0000,0.0000,0.0000,1.0000,0.2820,0.2947,0.2062
474,5,10.8392,0.2662,0.6614,0.9958,0.0916,0.0000,-0.0916,0.9958,0.0000,0.0000,0.0000,1.0000,0.1112,0.2100,0.3614
474,6,10.9300,0.2942,0.4265,0.9958,0.0916,0.0000,-0.0916,0.9958,0.0000,0.0000,0.0000,1.0000,0.1972,0.1336,0.1265
474,7,11.0377,0.3125,0.4491,0.9958,0.0916,0.0000,-0.0916,0.9958,0.0000,0.0000,0.0000,1.0000,0.1624,0.1625,0.0548
474,8,11.0610,0.3580,0.4472,0.9958,0.0916,0.0000,-0.0916,0.9958,0.0000,0.0000,0.0000,1.0000,0.0831,0.2046,0.1050
474,9,11.0851,0.4268,0.4544,0.9958,0.0916,0.0000,-0.0916,0.9958,0.0000,0.0000,0.0000,1.0000,0.0210,0.0279,0.0569
474,10,11.1343,0.3712,0.4546,0.9958,0.0916,0.0000,-0.0916,0.9958,0.0000,0.0000,0.0000,1.0000,0.0210,0.0279,0.0569
475,0,10.7359,0.4017,0.4400,0.9953,0.0968,0.0000,-0.0968,0.9953,0.0000,0.0000,0.0000,1.0000,0.2577,0.2263,0.1400
475,1,10.7436,0.4054,0.6052,0.9953,0.0968,0.0000,-0.0968,0.9953,0.0000,0.0000,0.0000,1.0000,0.1100,0.2168,0.3052
475,2,10.8250,0.3527,0.5173,0.9953,0.0968,0.0000,-0.0968,0.9953,0.0000,0.0000,0.0000,1.0000,0.1101,0.3070,0.2173
475,3,10.8644,0.1790,0.5889,0.9953,0.0968,0.0000,-0.0968,0.9953,0.0000,0.0000,0.0000,1.0000,0.2836,0.2073,0.2889
475,4,10.9865,0.1441,0.5062,0.9953,0.0968,0.0000,-0.0968,0.9953,0.0000,0.0000,0.0000,1.0000,0.2820,0.2947,0.2062
475,5,11.1400,0.2965,0.6614,0.9953,0.0968,0.0000,-0.0968,0.9953,0.0000,0.0000,0.0000,1.0000,0.1112,0.2100,0.3614
475,6,11.2307,0.3249,0.4265,0.9953,0.0968,0.0000,-0.0968,0.9953,0.0000,0.0000,0.0000,1.0000,0.1972,0.1336,0.1265
475,7,11.3383,0.3438,0.4491,0.9953,0.0968,0.0000,-0.0968,0.9953,0.0000,0.0000,0.0000,1.0000,0.1624,0.1625,0.0548
475,8,11.3614,0.3895,0.4472,0.9953,0.0968,0.0000,-0.0968,0.9953,0.0000,0.0000,0.0000,1.0000,0.0831,0.2046,0.1050
475,9,11.3851,0.4584,0.4544,0.9953,0.0968,0.0000,-0.0968,0.9953,0.0000,0.0000,0.0000,1.0000,0.0210,0.0279,0.0569
475,10,11.4346,0.4030,0.4546,0.9953,0.0968,0.0000,-0.0968,0.9953,0.0000,0.0000,0.0000,1.0000,0.0210,0.0279,0.0569
476,0,11.0265,0.4305,0.4400,0.9948,0.1019,0.0000,-0.1019,0.9948,0.0000,0.0000,0.0000,1.0000,0.2577,0.2263,0.1400
476,1,11.0343,0.4342,0.6052,0.9948,0.1019,0.0000,-0.1019,0.9948,0.0000,0.0000,0.0000,1.0000,0.1100,0.2168,0.3052
476,2,11.1159,0.3819,0.5173,0.9948,0.1019,0.0000,-0.1019,0.9948,0.0000,0.0000,0.0000,1.0000,0.1101,0.3070,0.2173
476,3,11.1562,0.2084,0.5889,0.9948,0.1019,0.0000,-0.1019,0.9948,0.0000,0.0000,0.0000,1.0000,0.2836,0.2073,0.2889
476,4,11.2784,0.1742,0.5062,0.9948,0.1019,0.0000,-0.1019,0.9948,0.0000,0.0000,0.0000,1.0000,0.2820,0.2947,0.2062
476,5,11.4312,0.3274,0.6614,0.9948,0.1019,0.0000,-0.1019,0.9948,0.0000,0.0000,0.0000,1.0000,0.1112,0.2100,0.3614
476,6,11.5218,0.3563,0.4265,0.9948,0.1019,0.0000,-0.1019,0.9948,0.0000,0.0000,0.0000,1.0000,0.1972,0.1336,0.1265
476,7,11.6292,0.3757,0.4491,0.9948,0.1019,0.0000,-0.1019,0.9948,0.0000,0.0000,0.0000,1.0000,0.1624,0.1625,0.0548
476,8,11.6521,0.4215,0.4472,0.9948,0.1019,0.0000,-0.1019,0.9948,0.0000,0.0000,0.0000,1.0000,0.0831,0.2046,0.1050
476,9,11.6755,0.4905,0.4544,0.9948,0.1019,0.0000,-0.1019,0.9948,0.0000,0.0000,0.0000,1.0000,0.0210,0.0279,0.0569
476,10,11.7253,0.4354,0.4546,0.9948,0.1019,0.0000,-0.1019,0.9948,0.0000,0.0000,0.0000,1.0000,0.0210,0.0279,0.0569
477,0,11.3081,0.4598,0.4400,0.9943,0.1068,0.0000,-0.1068,0.9943,0.0000,0.0000,0.0000,1.0000,0.2577,0.2263,0.1400
477,1,11.3159,0.4636,0.6052,0.9943,0.1068,0.0000,-0.1068,0.9943,0.0000,0.0000,0.0000,1.0000,0.1100,0.2168,0.3052
477,2,11.3978,0.4117,0.5173,0.9943,0.1068,0.0000,-0.1068,0.9943,0.0000,0.0000,0.0000,1.0000,0.1101,0.3070,0.2173
477,3,11.4389,0.2384,0.5889,0.9943,0.1068,0.0000,-0.1068,0.9943,0.0000,0.0000,0.0000,1.0000,0.2836,0.2073,0.2889
477,4,11.5613,0.2048,0.5062,0.9943,0.1068,0.0000,-0.1068,0.9943,0.0000,0.0000,0.0000,1.0000,0.2820,0.2947,0.2062
477,5,11.7133,0.3587,0.6614,0.9943,0.1068,0.0000,-0.1068,0.9943,0.0000,0.0000,0.0000,1.0000,0.1112,0.2100,0.3614
477,6,11.8037,0.3880,0.4265,0.9943,0.1068,0.0000,-0.1068,0.9943,0.0000,0.0000,0.0000,1.0000,0.1972,0.1336,0.1265
477,7,11.9111,0.4080,0.4491,0.9943,0.1068,0.0000,-0.1068,0.9943,0.0000,0.0000,0.0000,1.0000,0.1624,0.1625,0.0548
477,8,11.9337,0.4539,0.4472,0.9943,0.1068,0.0000,-0.1068,0.9943,0.0000,0.0000,0.0000,1.0000,0.0831,0.2046,0.1050
477,9,11.9568,0.5231,0.4544,0.9943,0.1068,0.0000,-0.1068,0.9943,0.0000,0.0000,0.0000,1.0000,0.0210,0.0279,0.0569
477,10,12.0068,0.4682,0.4546,0.9943,0.1068,0.0000,-0.1068,0.9943,0.0000,0.0000,0.0000,1.0000,0.0210,0.0279,0.0569
478,0,11.5813,0.4896,0.4400,0.9937,0.1116,0.0000,-0.1116,0.9937,0.0000,0.0000,0.0000,1.0000,0.2577,0.2263,0.1400
478,1,11.5890,0.4934,0.6052,0.9937,0.1116,0.0000,-0.1116,0.9937,0.0000,0.0000,0.0000,1.0000,0.1100,0.2168,0.3052
478,2,11.6712,0.4420,0.5173,0.9937,0.1116,0.0000,-0.1116,0.9937,0.0000,0.0000,0.0000,1.0000,0.1101,0.3070,0.2173
478,3,11.7132,0.2689,0.5889,0.9937,0.1116,0.0000,-0.1116,0.9937,0.0000,0.0000,0.0000,1.0000,0.2836,0.2073,0.2889
478,4,11.8357,0.2358,0.5062,0.9937,0.1116,0.0000,-0.1116,0.9937,0.0000,0.0000,0.0000,1.0000,0.2820,0.2947,0.2062
478,5,11.9870,0.3905,0.6614,0.9937,0.1116,0.0000,-0.1116,0.9937,0.0000,0.0000,0.0000,1.0000,0.1112,0.2100,0.3614
478,6,12.0772,0.4203,0.4265,0.9937,0.1116,0.0000,-0.1116,0.9937,0.0000,0.0000,0.0000,1.0000,0.1972,0.1336,0.1265
478,7,12.1845,0.4408,0.4491,0.9937,0.1116,0.0000,-0.1116,0.9937,0.0000,0.0000,0.0000,1.0000,0.1624,0.1625,0.0548
478,8,12.2069,0.4868,0.4472,0.9937,0.1116,0.0000,-0.1116,0.9937,0.0000,0.0000,0.0000,1.0000,0.0831,0.2046,0.1050
478,9,12.2296,0.5560,0.4544,0.9937,0.1116,0.0000,-0.1116,0.9937,0.0000,0.0000,0.0000,1.0000,0.0210,0.0279,0.0569
478,10,12.2799,0.5014,0.4546,0.9937,0.1116,0.0000,-0.1116,0.9937,0.0000,0.0000,0.0000,1.0000,0.0210,0.0279,0.0569
479,0,11.8466,0.5199,0.4400,0.9932,0.1163,0.0000,-0.1163,0.9932,0.0000,0.0000,0.0000,1.0000,0.2577,0.2263,0.1400
479,1,11.8543,0.5237,0.6052,0.9932,0.1163,0.0000,-0.1163,0.9932,0.0000,0.0000,0.0000,1.0000,0.1100,0.2168,0.3052
479,2,11.9367,0.4726,0.5173,0.9932,0.1163,0.0000,-0.1163,0.9932,0.0000,0.0000,0.0000,1.0000,0.1101,0.3070,0.2173
479,3,11.9795,0.2997,0.5889,0.9932,0.1163,0.0000,-0.1163,0.9932,0.0000,0.0000,0.0000,1.0000,0.2836,0.2073,0.2889
479,4,12.1022,0.2673,0.5062,0.9932,0.1163,0.0000,-0.1163,0.9932,0.0000,0.0000,0.0000,1.0000,0.2820,0.2947,0.2062
479,5,12.2528,0.4226,0.6614,0.9932,0.1163,0.0000,-0.1163,0.9932,0.0000,0.0000,0.0000,1.0000,0.1112,0.2100,0.3614
479,6,12.3429,0.4528,0.4265,0.9932,0.1163,0.0000,-0.1163,0.9932,0.0000,0.0000,0.0000,1.0000,0.1972,0.1336,0.1265
479,7,12.4501,0.4738,0.4491,0.9932,0.1163,0.0000,-0.1163,0.9932,0.0000,0.0000,0.0000,1.0000,0.1624,0.1625,0.0548
479,8,12.4723,0.5199,0.4472,0.9932,0.1163,0.0000,-0.1163,0.9932,0.0000,0.0000,0.0000,1.0000,0.0831,0.2046,0.1050
479,9,12.4946,0.5893,0.4544,0.9932,0.1163,0.0000,-0.1163,0.9932,0.0000,0.0000,0.0000,1.0000,0.0210,0.0279,0.0569
479,10,12.5452,0.5349,0.4546,0.9932,0.1163,0.0000,-0.1163,0.9932,0.0000,0.0000,0.0000,1.0000,0.0210,0.0279,0.0569
480,0,12.1045,0.5505,0.4400,0.9927,0.1209,0.0000,-0.1209,0.9927,0.0000,0.0000,0.0000,1.0000,0.2577,0.2263,0.1400
480,1,12.1122,0.5543,0.6052,0.9927,0.1209,0.0000,-0.1209,0.9927,0.0000,0.0000,0.0000,1.0000,0.1100,0.2168,0.3052
480,2,12.1948,0.5036,0.5173,0.9927,0.1209,0.0000,-0.1209,0.9927,0.0000,0.0000,0.0000,1.0000,0.1101,0.3070,0.2173
480,3,12.2384,0.3310,0.5889,0.9927,0.1209,0.0000,-0.1209,0.9927,0.0000,0.0000,0.0000,1.0000,0.2836,0.2073,0.2889
480,4,12.3613,0.2991,0.5062,0.9927,0.1209,0.0000,-0.1209,0.9927,0.0000,0.0000,0.0000,1.0000,0.2820,0.2947,0.2062
480,5,12.5111,0.4551,0.6614,0.9927,0.1209,0.0000,-0.1209,0.9927,0.0000,0.0000,0.0000,1.0000,0.1112,0.2100,0.3614
480,6,12.6010,0.4858,0.4265,0.9927,0.1209,0.0000,-0.1209,0.9927,0.0000,0.0000,0.0000,1.0000,0.1972,0.1336,0.1265
480,7,12.7081,0.5073,0.4491,0.9927,0.1209,0.0000,-0.1209,0.9927,0.0000,0.0000,0.0000,1.0000,0.1624,0.1625,0.0548
480,8,12.7301,0.5535,0.4472,0.9927,0.1209,0.0000,-0.1209,0.9927,0.0000,0.0000,0.0000,1.0000,0.0831,0.2046,0.1050
480,9,12.7522,0.6229,0.4544,0.9927,0.1209,0.0000,-0.1209,0.9927,0.0000,0.0000,0.0000,1.0000,0.0210,0.0279,0.0569
480,10,12.8030,0.5688,0.4546,0.9927,0.1209,0.0000,-0.1209,0.9927,0.0000,0.0000,0.0000,1.0000,0.0210,0.0279,0.0569
481,0,12.3550,0.5814,0.4400,0.9921,0.1255,0.0000,-0.1255,0.9921,0.0000,0.0000,0.0000,1.0000,0.2577,0.2263,0.1400
481,1,12.3627,0.5853,0.6052,0.9921,0.1255,0.0000,-0.1255,0.9921,0.0000,0.0000,0.0000,1.0000,0.1100,0.2168,0.3052
481,2,12.4456,0.5350,0.5173,0.9921,0.1255,0.0000,-0.1255,0.9921,0.0000,0.0000,0.0000,1.0000,0.1101,0.3070,0.2173
481,3,12.4900,0.3625,0.5889,0.9921,0.1255,0.0000,-0.1255,0.9921,0.0000,0.0000,0.0000,1.0000,0.2836,0.2073,0.2889
481,4,12.6130,0.3312,0.5062,0.9921,0.1255,0.0000,-0.1255,0.9921,0.0000,0.0000,0.0000,1.0000,0.2820,0.2947,0.2062
481,5,12.7621,0.4879,0.6614,0.9921,0.1255,0.0000,-0.1255,0.9921,0.0000,0.0000,0.0000,1.0000,0.1112,0.2100,0.3614
481,6,12.8519,0.5190,0.4265,0.9921,0.1255,0.0000,-0.1255,0.9921,0.0000,0.0000,0.0000,1.0000,0.1972,0.1336,0.1265
481,7,12.9589,0.5410,0.4491,0.9921,0.1255,0.0000,-0.1255,0.9921,0.0000,0.0000,0.0000,1.0000,0.1624,0.1625,0.0548
481,8,12.9807,0.5873,0.4472,0.9921,0.1255,0.0000,-0.1255,0.9921,0.0000,0.0000,0.0000,1.0000,0.0831,0.2046,0.1050
481,9,13.0024,0.6568,0.4544,0.9921,0.1255,0.0000,-0.1255,0.9921,0.0000,0.0000,0.0000,1.0000,0.0210,0.0279,0.0569
481,10,13.0535,0.6029,0.4546,0.9921,0.1255,0.0000,-0.1255,0.9921,0.0000,0.0000,0.0000,1.0000,0.0210,0.0279,0.0569
482,0,12.5988,0.6126,0.4400,0.9915,0.1299,0.0000,-0.1299,0.9915,0.0000,0.0000,0.0000,1.0000,0.2577,0.2263,0.1400
482,1,12.6064,0.6165,0.6052,0.9915,0.1299,0.0000,-0.1299,0.9915,0.0000,0.0000,0.0000,1.0000,0.1100,0.2168,0.3052
482,2,12.6895,0.5666,0.5173,0.9915,0.1299,0.0000,-0.1299,0.9915,0.0000,0.0000,0.0000,1.0000,0.1101,0.3070,0.2173
482,3,12.7347,0.3943,0.5889,0.9915,0.1299,0.0000,-0.1299,0.9915,0.0000,0.0000,0.0000,1.0000,0.2836,0.2073,0.2889
482,4,12.8578,0.3635,0.5062,0.9915,0.1299,0.0000,-0.1299,0.9915,0.0000,0.0000,0.0000,1.0000,0.2820,0.2947,0.2062
482,5,13.0062,0.5209,0.6614,0.9915,0.1299,0.0000,-0.1299,0.9915,0.0000,0.0000,0.0000,1.0000,0.1112,0.2100,0.3614
482,6,13.0959,0.5523,0.4265,0.9915,0.1299,0.0000,-0.1299,0.9915,0.0000,0.0000,0.0000,1.0000,0.1972,0.1336,0.1265
482,7,13.2028,0.5748,0.4491,0.9915,0.1299,0.0000,-0.1299,0.9915,0.0000,0.0000,0.0000,1.0000,0.1624,0.1625,0.0548
482,8,13.2244,0.6212,0.4472,0.9915,0.1299,0.0000,-0.1299,0.9915,0.0000,0.0000,0.0000,1.0000,0.0831,0.2046,0.1050
482,9,13.2458,0.6909,0.4544,0.9915,0.1299,0.0000,-0.1299,0.9915,0.0000,0.0000,0.0000,1.0000,0.0210,0.0279,0.0569
482,10,13.2971,0.6372,0.4546,0.9915,0.1299,0.0000,-0.1299,0.9915,0.0000,0.0000,0.0000,1.0000,0.0210,0.0279,0.0569
483,0,12.8363,0.6440,0.4400,0.9909,0.1343,0.0000,-0.1343,0.9909,0.0000,0.0000,0.0000,1.0000,0.2577,0.2263,0.1400
483,1,12.8440,0.6480,0.6052,0.9909,0.1343,0.0000,-0.1343,0.9909,0.0000,0.0000,0.0000,1.0000,0.1100,0.2168,0.3052
483,2,12.9273,0.5984,0.5173,0.9909,0.1343,0.0000,-0.1343,0.9909,0.0000,0.0000,0.0000,1.0000,0.1101,0.3070,0.2173
483,3,12.9732,0.4263,0.5889,0.9909,0.1343,0.0000,-0.1343,0.9909,0.0000,0.0000,0.0000,1.0000,0.2836,0.2073,0.2889
483,4,13.0965,0.3961,0.5062,0.9909,0.1343,0.0000,-0.1343,0.9909,0.0000,0.0000,0.0000,1.0000,0.2820,0.2947,0.2062
483,5,13.2442,0.5542,0.6614,0.9909,0.1343,0.0000,-0.1343,0.9909,0.0000,0.0000,0.0000,1.0000,0.1112,0.2100,0.3614
483,6,13.3337,0.5860,0.4265,0.9909,0.1343,0.0000,-0.1343,0.9909,0.0000,0.0000,0.0000,1.0000,0.1972,0.1336,0.1265
483,7,13.4405,0.6089,0.4491,0.9909,0.1343,0.0000,-0.1343,0.9909,0.0000,0.0000,0.0000,1.0000,0.1624,0.1625,0.0548
483,8,13.4619,0.6554,0.4472,0.9909,0.1343,0.0000,-0.1343,0.9909,0.0000,0.0000,0.0000,1.0000,0.0831,0.2046,0.1050
483,9,13.4830,0.7252,0.4544,0.9909,0.1343,0.0000,-0.1343,0.9909,0.0000,0.0000,0.0000,1.0000,0.0210,0.0279,0.0569
483,10,13.5345,0.6717,0.4546,0.9909,0.1343,0.0000,-0.1343,0.9909,0.0000,0.0000,0.0000,1.0000,0.0210,0.0279,0.0569
484,0,13.0683,0.6758,0.4400,0.9903,0.1387,0.0000,-0.1387,0.9903,0.0000,0.0000,0.0000,1.0000,0.2577,0.2263,0.1400
484,1,13.0759,0.6798,0.6052,0.9903,0.1387,0.0000,-0.1387,0.9903,0.0000,0.0000,0.0000,1.0000,0.1100,0.2168,0.3052
484,2,13.1595,0.6306,0.5173,0.9903,0.1387,0.0000,-0.1387,0.9903,0.0000,0.0000,0.0000,1.0000,0.1101,0.3070,0.2173
484,3,13.2061,0.4587,0.5889,0.9903,0.1387,0.0000,-0.1387,0.9903,0.0000,0.0000,0.0000,1.0000,0.2836,0.2073,0.2889
484,4,13.3295,0.4290,0.5062,0.9903,0.1387,0.0000,-0.1387,0.9903,0.0000,0.0000,0.0000,1.0000,0.2820,0.2947,0.2062
484,5,13.4766,0.5878,0.6614,0.9903,0.1387,0.0000,-0.1387,0.9903,0.0000,0.0000,0.0000,1.0000,0.1112,0.2100,0.3614
484,6,13.5660,0.6200,0.4265,0.9903,0.1387,0.0000,-0.1387,0.9903,0.0000,0.0000,0.0000,1.0000,0.1972,0.1336,0.1265
484,7,13.6726,0.6434,0.4491,0.9903,0.1387,0.0000,-0.1387,0.9903,0.0000,0.0000,0.0000,1.0000,0.1624,0.1625,0.0548
484,8,13.6938,0.6900,0.4472,0.9903,0.1387,0.0000,-0.1387,0.9903,0.0000,0.0000,0.0000,1.0000,0.0831,0.2046,0.1050
484,9,13.7146,0.7598,0.4544,0.9903,0.1387,0.0000,-0.1387,0.9903,0.0000,0.0000,0.0000,1.0000,0.0210,0.0279,0.0569
484,10,13.7664,0.7066,0.4546,0.9903,0.1387,0.0000,-0.1387,0.9903,0.0000,0.0000,0.0000,1.0000,0.0210,0.0279,0.0569
485,0,13.2954,0.7079,0.4400,0.9897,0.1429,0.0000,-0.1429,0.9897,0.0000,0.0000,0.0000,1.0000,0.2577,0.2263,0.1400
485,1,13.3030,0.7119,0.6052,0.9897,0.1429,0.0000,-0.1429,0.9897,0.0000,0.0000,0.0000,1.0000,0.1100,0.2168,0.3052
485,2,13.3868,0.6631,0.5173,0.9897,0.1429,0.0000,-0.1429,0.9897,0.0000,0.0000,0.0000,1.0000,0.1101,0.3070,0.2173
485,3,13.4342,0.4914,0.5889,0.9897,0.1429,0.0000,-0.1429,0.9897,0.0000,0.0000,0.0000,1.0000,0.2836,0.2073,0.2889
485,4,13.5577,0.4623,0.5062,0.9897,0.1429,0.0000,-0.1429,0.9897,0.0000,0.0000,0.0000,1.0000,0.2820,0.2947,0.2062
485,5,13.7040,0.6216,0.6614,0.9897,0.1429,0.0000,-0.1429,0.9897,0.0000,0.0000,0.0000,1.0000,0.1112,0.2100,0.3614
485,6,13.7933,0.6542,0.4265,0.9897,0.1429,0.0000,-0.1429,0.9897,0.0000,0.0000,0.0000,1.0000,0.1972,0.1336,0.1265
485,7,13.8999,0.6781,0.4491,0.9897,0.1429,0.0000,-0.1429,0.9897,0.0000,0.0000,0.0000,1.0000,0.1624,0.1625,0.0548
485,8,13.9208,0.7248,0.4472,0.9897,0.1429,0.0000,-0.1429,0.9897,0.0000,0.0000,0.0000,1.0000,0.0831,0.2046,0.1050
485,9,13.9413,0.7947,0.4544,0.9897,0.1429,0.0000,-0.1429,0.9897,0.0000,0.0000,0.0000,1.0000,0.0210,0.0279,0.0569
485,10,13.9934,0.7417,0.4546,0.9897,0.1429,0.0000,-0.1429,0.9897,0.0000,0.0000,0.0000,1.0000,0.0210,0.0279,0.0569
486,0,13.5179,0.7403,0.4400,0.9891,0.1470,0.0000,-0.1470,0.9891,0.0000,0.0000,0.0000,1.0000,0.2577,0.2263,0.1400
486,1,13.5255,0.7444,0.6052,0.9891,0.1470,0.0000,-0.1470,0.9891,0.0000,0.0000,0.0000,1.0000,0.1100,0.2168,0.3052
486,2,13.6094,0.6959,0.5173,0.9891,0.1470,0.0000,-0.1470,0.9891,0.0000,0.0000,0.0000,1.0000,0.1101,0.3070,0.2173
486,3,13.6576,0.5244,0.5889,0.9891,0.1470,0.0000,-0.1470,0.9891,0.0000,0.0000,0.0000,1.0000,0.2836,0.2073,0.2889
486,4,13.7812,0.4958,0.5062,0.9891,0.1470,0.0000,-0.1470,0.9891,0.0000,0.0000,0.0000,1.0000,0.2820,0.2947,0.2062
486,5,13.9269,0.6558,0.6614,0.9891,0.1470,0.0000,-0.1470,0.9891,0.0000,0.0000,0.0000,1.0000,0.1112,0.2100,0.3614
486,6,14.0160,0.6887,0.4265,0.9891,0.1470,0.0000,-0.1470,0.9891,0.0000,0.0000,0.0000,1.0000,0.1972,0.1336,0.1265
486,7,14.1225,0.7130,0.4491,0.9891,0.1470,0.0000,-0.1470,0.9891,0.0000,0.0000,0.0000,1.0000,0.1624,0.1625,0.0548
486,8,14.1433,0.7598,0.4472,0.9891,0.1470,0.0000,-0.1470,0.9891,0.0000,0.0000,0.0000,1.0000,0.0831,0.2046,0.1050
486,9,14.1635,0.8298,0.4544,0.9891,0.1470,0.0000,-0.1470,0.9891,0.0000,0.0000,0.0000,1.0000,0.0210,0.0279,0.0569
486,10,14.2157,0.7770,0.4546,0.9891,0.1470,0.0000,-0.1470,0.9891,0.0000,0.0000,0.0000,1.0000,0.0210,0.0279,0.0569
487,0,13.7356,0.7730,0.4400,0.9885,0.1511,0.0000,-0.1511,0.9885,0.0000,0.0000,0.0000,1.0000,0.2577,0.2263,0.1400
487,1,13.7432,0.7771,0.6052,0.9885,0.1511,0.0000,-0.1511,0.9885,0.0000,0.0000,0.0000,1.0000,0.1100,0.2168,0.3052
487,2,13.8273,0.7289,0.5173,0.9885,0.1511,0.0000,-0.1511,0.9885,0.0000,0.0000,0.0000,1.0000,0.1101,0.3070,0.2173
487,3,13.8761,0.5576,0.5889,0.9885,0.1511,0.0000,-0.1511,0.9885,0.0000,0.0000,0.0000,1.0000,0.2836,0.2073,0.2889
487,4,13.9999,0.5295,0.5062,0.9885,0.1511,0.0000,-0.1511,0.9885,0.0000,0.0000,0.0000,1.0000,0.2820,0.2947,0.2062
487,5,14.1449,0.6901,0.6614,0.9885,0.1511,0.0000,-0.1511,0.9885,0.0000,0.0000,0.0000,1.0000,0.1112,0.2100,0.3614
487,6,14.2339,0.7234,0.4265,0.9885,0.1511,0.0000,-0.1511,0.9885,0.0000,0.0000,0.0000,1.0000,0.1972,0.1336,0.1265
487,7,14.3403,0.7481,0.4491,0.9885,0.1511,0.0000,-0.1511,0.9885,0.0000,0.0000,0.0000,1.0000,0.1624,0.1625,0.0548
487,8,14.3608,0.7950,0.4472,0.9885,0.1511,0.0000,-0.1511,0.9885,0.0000,0.0000,0.0000,1.0000,0.0831,0.2046,0.1050
487,9,14.3808,0.8651,0.4544,0.9885,0.1511,0.0000,-0.1511,0.9885,0.0000,0.0000,0.0000,1.0000,0.0210,0.0279,0.0569
487,10,14.4332,0.8125,0.4546,0.9885,0.1511,0.0000,-0.1511,0.9885,0.0000,0.0000,0.0000,1.0000,0.0210,0.0279,0.0569
488,0,13.9480,0.8057,0.4400,0.9879,0.1552,0.0000,-0.1552,0.9879,0.0000,0.0000,0.0000,1.0000,0.2577,0.2263,0.1400
488,1,13.9556,0.8098,0.6052,0.9879,0.1552,0.0000,-0.1552,0.9879,0.0000,0.0000,0.0000,1.0000,0.1100,0.2168,0.3052
488,2,14.0399,0.7621,0.5173,0.9879,0.1552,0.0000,-0.1552,0.9879,0.0000,0.0000,0.0000,1.0000,0.1101,0.3070,0.2173
488,3,14.0895,0.5910,0.5889,0.9879,0.1552,0.0000,-0.1552,0.9879,0.0000,0.0000,0.0000,1.0000,0.2836,0.2073,0.2889
488,4,14.2134,0.5634,0.5062,0.9879,0.1552,0.0000,-0.1552,0.9879,0.0000,0.0000,0.0000,1.0000,0.2820,0.2947,0.2062
488,5,14.3577,0.7245,0.6614,0.9879,0.1552,0.0000,-0.1552,0.9879,0.0000,0.0000,0.0000,1.0000,0.1112,0.2100,0.3614
488,6,14.4465,0.7582,0.4265,0.9879,0.1552,0.0000,-0.1552,0.9879,0.0000,0.0000,0.0000,1.0000,0.1972,0.1336,0.1265
488,7,14.5528,0.7834,0.4491,0.9879,0.1552,0.0000,-0.1552,0.9879,0.0000,0.0000,0.0000,1.0000,0.1624,0.1625,0.0548
488,8,14.5732,0.8303,0.4472,0.9879,0.1552,0.0000,-0.1552,0.9879,0.0000,0.0000,0.0000,1.0000,0.0831,0.2046,0.1050
488,9,14.5928,0.9005,0.4544,0.9879,0.1552,0.0000,-0.1552,0.9879,0.0000,0.0000,0.0000,1.0000,0.0210,0.0279,0.0569
488,10,14.6455,0.8482,0.4546,0.9879,0.1552,0.0000,-0.1552,0.9879,0.0000,0.0000,0.0000,1.0000,0.0210,0.0279,0.0569
489,0,14.1548,0.8385,0.4400,0.9873,0.1592,0.0000,-0.1592,0.9873,0.0000,0.0000,0.0000,1.0000,0.2577,0.2263,0.1400
489,1,14.1623,0.8426,0.6052,0.9873,0.1592,0.0000,-0.1592,0.9873,0.0000,0.0000,0.0000,1.0000,0.1100,0.2168,0.3052
489,2,14.2469,0.7952,0.5173,0.9873,0.1592,0.0000,-0.1592,0.9873,0.0000,0.0000,0.0000,1.0000,0.1101,0.3070,0.2173
489,3,14.2971,0.6243,0.5889,0.9873,0.1592,0.0000,-0.1592,0.9873,0.0000,0.0000,0.0000,1.0000,0.2836,0.2073,0.2889
489,4,14.4211,0.5972,0.5062,0.9873,0.1592,0.0000,-0.1592,0.9873,0.0000,0.0000,0.0000,1.0000,0.2820,0.2947,0.2062
489,5,14.5648,0.7589,0.6614,0.9873,0.1592,0.0000,-0.1592,0.9873,0.0000,0.0000,0.0000,1.0000,0.1112,0.2100,0.3614
489,6,14.6535,0.7929,0.4265,0.9873,0.1592,0.0000,-0.1592,0.9873,0.0000,0.0000,0.0000,1.0000,0.1972,0.1336,0.1265
489,7,14.7597,0.8186,0.4491,0.9873,0.1592,0.0000,-0.1592,0.9873,0.0000,0.0000,0.0000,1.0000,0.1624,0.1625,0.0548
489,8,14.7798,0.8656,0.4472,0.9873,0.1592,0.0000,-0.1592,0.9873,0.0000,0.0000,0.0000,1.0000,0.0831,0.2046,0.1050
489,9,14.7992,0.9359,0.4544,0.9873,0.1592,0.0000,-0.1592,0.9873,0.0000,0.0000,0.0000,1.0000,0.0210,0.0279,0.0569
489,10,14.8521,0.8837,0.4546,0.9873,0.1592,0.0000,-0.1592,0.9873,0.0000,0.0000,0.0000,1.0000,0.0210,0.0279,0.0569
490,0,14.3556,0.8711,0.4400,0.9867,0.1628,0.0000,-0.1628,0.9867,0.0000,0.0000,0.0000,1.0000,0.2577,0.2263,0.1400
490,1,14.3632,0.8752,0.6052,0.9867,0.1628,0.0000,-0.1628,0.9867,0.0000,0.0000,0.0000,1.0000,0.1100,0.2168,0.3052
490,2,14.4479,0.8281,0.5173,0.9867,0.1628,0.0000,-0.1628,0.9867,0.0000,0.0000,0.0000,1.0000,0.1101,0.3070,0.2173
490,3,14.4987,0.6574,0.5889,0.9867,0.1628,0.0000,-0.1628,0.9867,0.0000,0.0000,0.0000,1.0000,0.2836,0.2073,0.2889
490,4,14.6228,0.6308,0.5062,0.9867,0.1628,0.0000,-0.1628,0.9867,0.0000,0.0000,0.0000,1.0000,0.2820,0.2947,0.2062
490,5,14.7659,0.7930,0.6614,0.9867,0.1628,0.0000,-0.1628,0.9867,0.0000,0.0000,0.0000,1.0000,0.1112,0.2100,0.3614
490,6,14.8545,0.8274,0.4265,0.9867,0.1628,0.0000,-0.1628,0.9867,0.0000,0.0000,0.0000,1.0000,0.1972,0.1336,0.1265
490,7,14.9606,0.8534,0.4491,0.9867,0.1628,0.0000,-0.1628,0.9867,0.0000,0.0000,0.0000,1.0000,0.1624,0.1625,0.0548
490,8,14.9806,0.9005,0.4472,0.9867,0.1628,0.0000,-0.1628,0.9867,0.0000,0.0000,0.0000,1.0000,0.0831,0.2046,0.1050
490,9,14.9997,0.9709,0.4544,0.9867,0.1628,0.0000,-0.1628,0.9867,0.0000,0.0000,0.0000,1.0000,0.0210,0.0279,0.0569
490,10,15.0527,0.9189,0.4546,0.9867,0.1628,0.0000,-0.1628,0.9867,0.0000,0.0000,0.0000,1.0000,0.0210,0.0279,0.0569
491,0,14.5506,0.9035,0.4400,0.9861,0.1664,0.0000,-0.1664,0.9861,0.0000,0.0000,0.0000,1.0000,0.2577,0.2263,0.1400
491,1,14.5582,0.9077,0.6052,0.9861,0.1664,0.0000,-0.1664,0.9861,0.0000,0.0000,0.0000,1.0000,0.1100,0.2168,0.3052
491,2,14.6430,0.8608,0.5173,0.9861,0.1664,0.0000,-0.1664,0.9861,0.0000,0.0000,0.0000,1.0000,0.1101,0.3070,0.2173
491,3,14.6945,0.6903,0.5889,0.9861,0.1664,0.0000,-0.1664,0.9861,0.0000,0.0000,0.0000,1.0000,0.2836,0.2073,0.2889
491,4,14.8187,0.6641,0.5062,0.9861,0.1664,0.0000,-0.1664,0.9861,0.0000,0.0000,0.0000,1.0000,0.2820,0.2947,0.2062
491,5,14.9612,0.8269,0.6614,0.9861,0.1664,0.0000,-0.1664,0.9861,0.0000,0.0000,0.0000,1.0000,0.1112,0.2100,0.3614
491,6,15.0497,0.8616,0.4265,0.9861,0.1664,0.0000,-0.1664,0.9861,0.0000,0.0000,0.0000,1.0000,0.1972,0.1336,0.1265
491,7,15.1557,0.8880,0.4491,0.9861,0.1664,0.0000,-0.1664,0.9861,0.0000,0.0000,0.0000,1.0000,0.1624,0.1625,0.0548
491,8,15.1755,0.9352,0.4472,0.9861,0.1664,0.0000,-0.1664,0.9861,0.0000,0.0000,0.0000,1.0000,0.0831,0.2046,0.1050
491,9,15.1943,1.0056,0.4544,0.9861,0.1664,0.0000,-0.1664,0.9861,0.0000,0.0000,0.0000,1.0000,0.0210,0.0279,0.0569
491,10,15.2476,0.9538,0.4546,0.9861,0.1664,0.0000,-0.1664,0.9861,0.0000,0.0000,0.0000,1.0000,0.0210,0.0279,0.0569
492,0,14.7400,0.9356,0.4400,0.9855,0.1700,0.0000,-0.1700,0.9855,0.0000,0.0000,0.0000,1.0000,0.2577,0.2263,0.1400
492,1,14.7475,0.9398,0.6052,0.9855,0.1700,0.0000,-0.1700,0.9855,0.0000,0.0000,0.0000,1.0000,0.1100,0.2168,0.3052
492,2,14.8326,0.8933,0.5173,0.9855,0.1700,0.0000,-0.1700,0.9855,0.0000,0.0000,0.0000,1.0000,0.1101,0.3070,0.2173
492,3,14.8847,0.7230,0.5889,0.9855,0.1700,0.0000,-0.1700,0.9855,0.0000,0.0000,0.0000,1.0000,0.2836,0.2073,0.2889
492,4,15.0090,0.6972,0.5062,0.9855,0.1700,0.0000,-0.1700,0.9855,0.0000,0.0000,0.0000,1.0000,0.2820,0.2947,0.2062
492,5,15.1509,0.8605,0.6614,0.9855,0.1700,0.0000,-0.1700,0.9855,0.0000,0.0000,0.0000,1.0000,0.1112,0.2100,0.3614
492,6,15.2392,0.8956,0.4265,0.9855,0.1700,0.0000,-0.1700,0.9855,0.0000,0.0000,0.0000,1.0000,0.1972,0.1336,0.1265
492,7,15.3451,0.9223,0.4491,0.9855,0.1700,0.0000,-0.1700,0.9855,0.0000,0.0000,0.0000,1.0000,0.1624,0.1625,0.0548
492,8,15.3648,0.9696,0.4472,0.9855,0.1700,0.0000,-0.1700,0.9855,0.0000,0.0000,0.0000,1.0000,0.0831,0.2046,0.1050
492,9,15.3833,1.0401,0.4544,0.9855,0.1700,0.0000,-0.1700,0.9855,0.0000,0.0000,0.0000,1.0000,0.0210,0.0279,0.0569
492,10,15.4368,0.9885,0.4546,0.9855,0.1700,0.0000,-0.1700,0.9855,0.0000,0.0000,0.0000,1.0000,0.0210,0.0279,0.0569
493,0,14.9241,0.9675,0.4400,0.9848,0.1734,0.0000,-0.1734,0.9848,0.0000,0.0000,0.0000,1.0000,0.2577,0.2263,0.1400
493,1,14.9315,0.9718,0.6052,0.9848,0.1734,0.0000,-0.1734,0.9848,0.0000,0.0000,0.0000,1.0000,0.1100,0.2168,0.3052
493,2,15.0168,0.9256,0.5173,0.9848,0.1734,0.0000,-0.1734,0.9848,0.0000,0.0000,0.0000,1.0000,0.1101,0.3070,0.2173
493,3,15.0695,0.7554,0.5889,0.9848,0.1734,0.0000,-0.1734,0.9848,0.0000,0.0000,0.0000,1.0000,0.2836,0.2073,0.2889
493,4,15.1938,0.7301,0.5062,0.9848,0.1734,0.0000,-0.1734,0.9848,0.0000,0.0000,0.0000,1.0000,0.2820,0.2947,0.2062
493,5,15.3352,0.8939,0.6614,0.9848,0.1734,0.0000,-0.1734,0.9848,0.0000,0.0000,0.0000,1.0000,0.1112,0.2100,0.3614
493,6,15.4234,0.9292,0.4265,0.9848,0.1734,0.0000,-0.1734,0.9848,0.0000,0.0000,0.0000,1.0000,0.1972,0.1336,0.1265
493,7,15.5292,0.9564,0.4491,0.9848,0.1734,0.0000,-0.1734,0.9848,0.0000,0.0000,0.0000,1.0000,0.1624,0.1625,0.0548
493,8,15.5487,1.0037,0.4472,0.9848,0.1734,0.0000,-0.1734,0.9848,0.0000,0.0000,0.0000,1.0000,0.0831,0.2046,0.1050
493,9,15.5670,1.0742,0.4544,0.9848,0.1734,0.0000,-0.1734,0.9848,0.0000,0.0000,0.0000,1.0000,0.0210,0.0279,0.0569
493,10,15.6206,1.0229,0.4546,0.9848,0.1734,0.0000,-0.1734,0.9848,0.0000,0.0000,0.0000,1.0000,0.0210,0.0279,0.0569
494,0,15.1031,0.9992,0.4400,0.9843,0.1766,0.0000,-0.1766,0.9843,0.0000,0.0000,0.0000,1.0000,0.2577,0.2263,0.1400
494,1,15.1106,1.0035,0.6052,0.9843,0.1766,0.0000,-0.1766,0.9843,0.0000,0.0000,0.0000,1.0000,0.1100,0.2168,0.3052
494,2,15.1959,0.9576,0.5173,0.9843,0.1766,0.0000,-0.1766,0.9843,0.0000,0.0000,0.0000,1.0000,0.1101,0.3070,0.2173
494,3,15.2492,0.7876,0.5889,0.9843,0.1766,0.0000,-0.1766,0.9843,0.0000,0.0000,0.0000,1.0000,0.2836,0.2073,0.2889
494,4,15.3736,0.7627,0.5062,0.9843,0.1766,0.0000,-0.1766,0.9843,0.0000,0.0000,0.0000,1.0000,0.2820,0.2947,0.2062
494,5,15.5144,0.9269,0.6614,0.9843,0.1766,0.0000,-0.1766,0.9843,0.0000,0.0000,0.0000,1.0000,0.1112,0.2100,0.3614
494,6,15.6025,0.9625,0.4265,0.9843,0.1766,0.0000,-0.1766,0.9843,0.0000,0.0000,0.0000,1.0000,0.1972,0.1336,0.1265
494,7,15.7082,0.9900,0.4491,0.9843,0.1766,0.0000,-0.1766,0.9843,0.0000,0.0000,0.0000,1.0000,0.1624,0.1625,0.0548
494,8,15.7276,1.0374,0.4472,0.9843,0.1766,0.0000,-0.1766,0.9843,0.0000,0.0000,0.0000,1.0000,0.0831,0.2046,0.1050
494,9,15.7457,1.1080,0.4544,0.9843,0.1766,0.0000,-0.1766,0.9843,0.0000,0.0000,0.0000,1.0000,0.0210,0.0279,0.0569
494,10,15.7995,1.0568,0.4546,0.9843,0.1766,0.0000,-0.1766,0.9843,0.0000,0.0000,0.0000,1.0000,0.0210,0.0279,0.0569
495,0,15.2775,1.0307,0.4400,0.9837,0.1796,0.0000,-0.1796,0.9837,0.0000,0.0000,0.0000,1.0000,0.2577,0.2263,0.1400
495,1,15.2849,1.0350,0.6052,0.9837,0.1796,0.0000,-0.1796,0.9837,0.0000,0.0000,0.0000,1.0000,0.1100,0.2168,0.3052
495,2,15.3704,0.9893,0.5173,0.9837,0.1796,0.0000,-0.1796,0.9837,0.0000,0.0000,0.0000,1.0000,0.1101,0.3070,0.2173
495,3,15.4242,0.8195,0.5889,0.9837,0.1796,0.0000,-0.1796,0.9837,0.0000,0.0000,0.0000,1.0000,0.2836,0.2073,0.2889
495,4,15.5488,0.7949,0.5062,0.9837,0.1796,0.0000,-0.1796,0.9837,0.0000,0.0000,0.0000,1.0000,0.2820,0.2947,0.2062
495,5,15.6891,0.9596,0.6614,0.9837,0.1796,0.0000,-0.1796,0.9837,0.0000,0.0000,0.0000,1.0000,0.1112,0.2100,0.3614
495,6,15.7770,0.9955,0.4265,0.9837,0.1796,0.0000,-0.1796,0.9837,0.0000,0.0000,0.0000,1.0000,0.1972,0.1336,0.1265
495,7,15.8827,1.0233,0.4491,0.9837,0.1796,0.0000,-0.1796,0.9837,0.0000,0.0000,0.0000,1.0000,0.1624,0.1625,0.0548
495,8,15.9018,1.0708,0.4472,0.9837,0.1796,0.0000,-0.1796,0.9837,0.0000,0.0000,0.0000,1.0000,0.0831,0.2046,0.1050
495,9,15.9197,1.1414,0.4544,0.9837,0.1796,0.0000,-0.1796,0.9837,0.0000,0.0000,0.0000,1.0000,0.0210,0.0279,0.0569
495,10,15.9737,1.0904,0.4546,0.9837,0.1796,0.0000,-0.1796,0.9837,0.0000,0.0000,0.0000,1.0000,0.0210,0.0279,0.0569
496,0,15.4477,1.0619,0.4400,0.9832,0.1827,0.0000,-0.1827,0.9832,0.0000,0.0000,0.0000,1.0000,0.2577,0.2263,0.1400
496,1,15.4551,1.0662,0.6052,0.9832,0.1827,0.0000,-0.1827,0.9832,0.0000,0.0000,0.0000,1.0000,0.1100,0.2168,0.3052
496,2,15.5408,1.0208,0.5173,0.9832,0.1827,0.0000,-0.1827,0.9832,0.0000,0.0000,0.0000,1.0000,0.1101,0.3070,0.2173
496,3,15.5951,0.8512,0.5889,0.9832,0.1827,0.0000,-0.1827,0.9832,0.0000,0.0000,0.0000,1.0000,0.2836,0.2073,0.2889
496,4,15.7197,0.8270,0.5062,0.9832,0.1827,0.0000,-0.1827,0.9832,0.0000,0.0000,0.0000,1.0000,0.2820,0.2947,0.2062
496,5,15.8595,0.9921,0.6614,0.9832,0.1827,0.0000,-0.1827,0.9832,0.0000,0.0000,0.0000,1.0000,0.1112,0.2100,0.3614
496,6,15.9473,1.0283,0.4265,0.9832,0.1827,0.0000,-0.1827,0.9832,0.0000,0.0000,0.0000,1.0000,0.1972,0.1336,0.1265
496,7,16.0529,1.0565,0.4491,0.9832,0.1827,0.0000,-0.1827,0.9832,0.0000,0.0000,0.0000,1.0000,0.1624,0.1625,0.0548
496,8,16.0719,1.1039,0.4472,0.9832,0.1827,0.0000,-0.1827,0.9832,0.0000,0.0000,0.0000,1.0000,0.0831,0.2046,0.1050
496,9,16.0896,1.1747,0.4544,0.9832,0.1827,0.0000,-0.1827,0.9832,0.0000,0.0000,0.0000,1.0000,0.0210,0.0279,0.0569
496,10,16.1437,1.1238,0.4546,0.9832,0.1827,0.0000,-0.1827,0.9832,0.0000,0.0000,0.0000,1.0000,0.0210,0.0279,0.0569
497,0,15.6139,1.0929,0.4400,0.9826,0.1856,0.0000,-0.1856,0.9826,0.0000,0.0000,0.0000,1.0000,0.2577,0.2263,0.1400
497,1,15.6213,1.0972,0.6052,0.9826,0.1856,0.0000,-0.1856,0.9826,0.0000,0.0000,0.0000,1.0000,0.1100,0.2168,0.3052
497,2,15.7071,1.0521,0.5173,0.9826,0.1856,0.0000,-0.1856,0.9826,0.0000,0.0000,0.0000,1.0000,0.1101,0.3070,0.2173
497,3,15.7619,0.8826,0.5889,0.9826,0.1856,0.0000,-0.1856,0.9826,0.0000,0.0000,0.0000,1.0000,0.2836,0.2073,0.2889
497,4,15.8865,0.8588,0.5062,0.9826,0.1856,0.0000,-0.1856,0.9826,0.0000,0.0000,0.0000,1.0000,0.2820,0.2947,0.2062
497,5,16.0258,1.0243,0.6614,0.9826,0.1856,0.0000,-0.1856,0.9826,0.0000,0.0000,0.0000,1.0000,0.1112,0.2100,0.3614
497,6,16.1136,1.0608,0.4265,0.9826,0.1856,0.0000,-0.1856,0.9826,0.0000,0.0000,0.0000,1.0000,0.1972,0.1336,0.1265
497,7,16.2191,1.0892,0.4491,0.9826,0.1856,0.0000,-0.1856,0.9826,0.0000,0.0000,0.0000,1.0000,0.1624,0.1625,0.0548
497,8,16.2380,1.1368,0.4472,0.9826,0.1856,0.0000,-0.1856,0.9826,0.0000,0.0000,0.0000,1.0000,0.0831,0.2046,0.1050
497,9,16.2554,1.2075,0.4544,0.9826,0.1856,0.0000,-0.1856,0.9826,0.0000,0.0000,0.0000,1.0000,0.0210,0.0279,0.0569
497,10,16.3097,1.1568,0.4546,0.9826,0.1856,0.0000,-0.1856,0.9826,0.0000,0.0000,0.0000,1.0000,0.0210,0.0279,0.0569
498,0,15.7760,1.1236,0.4400,0.9821,0.1883,0.0000,-0.1883,0.9821,0.0000,0.0000,0.0000,1.0000,0.2577,0.2263,0.1400
498,1,15.7834,1.1280,0.6052,0.9821,0.1883,0.0000,-0.1883,0.9821,0.0000,0.0000,0.0000,1.0000,0.1100,0.2168,0.3052
498,2,15.8693,1.0831,0.5173,0.9821,0.1883,0.0000,-0.1883,0.9821,0.0000,0.0000,0.0000,1.0000,0.1101,0.3070,0.2173
498,3,15.9246,0.9137,0.5889,0.9821,0.1883,0.0000,-0.1883,0.9821,0.0000,0.0000,0.0000,1.0000,0.2836,0.2073,0.2889
498,4,16.0493,0.8903,0.5062,0.9821,0.1883,0.0000,-0.1883,0.9821,0.0000,0.0000,0.0000,1.0000,0.2820,0.2947,0.2062
498,5,16.1882,1.0562,0.6614,0.9821,0.1883,0.0000,-0.1883,0.9821,0.0000,0.0000,0.0000,1.0000,0.1112,0.2100,0.3614
498,6,16.2759,1.0929,0.4265,0.9821,0.1883,0.0000,-0.1883,0.9821,0.0000,0.0000,0.0000,1.0000,0.1972,0.1336,0.1265
498,7,16.3812,1.1216,0.4491,0.9821,0.1883,0.0000,-0.1883,0.9821,0.0000,0.0000,0.0000,1.0000,0.1624,0.1625,0.0548
498,8,16.4000,1.1692,0.4472,0.9821,0.1883,0.0000,-0.1883,0.9821,0.0000,0.0000,0.0000,1.0000,0.0831,0.2046,0.1050
498,9,16.4173,1.2400,0.4544,0.9821,0.1883,0.0000,-0.1883,0.9821,0.0000,0.0000,0.0000,1.0000,0.0210,0.0279,0.0569
498,10,16.4717,1.1895,0.4546,0.9821,0.1883,0.0000,-0.1883,0.9821,0.0000,0.0000,0.0000,1.0000,0.0210,0.0279,0.0569
499,0,15.9341,1.1540,0.4400,0.9816,0.1908,0.0000,-0.1908,0.9816,0.0000,0.0000,0.0000,1.0000,0.2577,0.2263,0.1400
499,1,15.9415,1.1584,0.6052,0.9816,0.1908,0.0000,-0.1908,0.9816,0.0000,0.0000,0.0000,1.0000,0.1100,0.2168,0.3052
499,2,16.0275,1.1137,0.5173,0.9816,0.1908,0.0000,-0.1908,0.9816,0.0000,0.0000,0.0000,1.0000,0.1101,0.3070,0.2173
499,3,16.0832,0.9445,0.5889,0.9816,0.1908,0.0000,-0.1908,0.9816,0.0000,0.0000,0.0000,1.0000,0.2836,0.2073,0.2889
499,4,16.2080,0.9214,0.5062,0.9816,0.1908,0.0000,-0.1908,0.9816,0.0000,0.0000,0.0000,1.0000,0.2820,0.2947,0.2062
499,5,16.3464,1.0877,0.6614,0.9816,0.1908,0.0000,-0.1908,0.9816,0.0000,0.0000,0.0000,1.0000,0.1112,0.2100,0.3614
499,6,16.4340,1.1246,0.4265,0.9816,0.1908,0.0000,-0.1908,0.9816,0.0000,0.0000,0.0000,1.0000,0.1972,0.1336,0.1265
499,7,16.5393,1.1536,0.4491,0.9816,0.1908,0.0000,-0.1908,0.9816,0.0000,0.0000,0.0000,1.0000,0.1624,0.1625,0.0548
499,8,16.5579,1.2012,0.4472,0.9816,0.1908,0.0000,-0.1908,0.9816,0.0000,0.0000,0.0000,1.0000,0.0831,0.2046,0.1050
499,9,16.5750,1.2721,0.4544,0.9816,0.1908,0.0000,-0.1908,0.9816,0.0000,0.0000,0.0000,1.0000,0.0210,0.0279,0.0569
499,10,16.6296,1.2217,0.4546,0.9816,0.1908,0.0000,-0.1908,0.9816,0.0000,0.0000,0.0000,1.0000,0.0210,0.0279,0.0569
500,0,16.0878,1.1840,0.4400,0.9811,0.1934,0.0000,-0.1934,0.9811,0.0000,0.0000,0.0000,1.0000,0.2577,0.2263,0.1400
500,1,16.0951,1.1884,0.6052,0.9811,0.1934,0.0000,-0.1934,0.9811,0.0000,0.0000,0.0000,1.0000,0.1100,0.2168,0.3052
500,2,16.1813,1.1439,0.5173,0.9811,0.1934,0.0000,-0.1934,0.9811,0.0000,0.0000,0.0000,1.0000,0.1101,0.3070,0.2173
500,3,16.2374,0.9749,0.5889,0.9811,0.1934,0.0000,-0.1934,0.9811,0.0000,0.0000,0.0000,1.0000,0.2836,0.2073,0.2889
500,4,16.3623,0.9521,0.5062,0.9811,0.1934,0.0000,-0.1934,0.9811,0.0000,0.0000,0.0000,1.0000,0.2820,0.2947,0.2062
500,5,16.5003,1.1187,0.6614,0.9811,0.1934,0.0000,-0.1934,0.9811,0.0000,0.0000,0.0000,1.0000,0.1112,0.2100,0.3614
500,6,16.5877,1.1558,0.4265,0.9811,0.1934,0.0000,-0.1934,0.9811,0.0000,0.0000,0.0000,1.0000,0.1972,0.1336,0.1265
500,7,16.6930,1.1851,0.4491,0.9811,0.1934,0.0000,-0.1934,0.9811,0.0000,0.0000,0.0000,1.0000,0.1624,0.1625,0.0548
500,8,16.7115,1.2328,0.4472,0.9811,0.1934,0.0000,-0.1934,0.9811,0.0000,0.0000,0.0000,1.0000,0.0831,0.2046,0.1050
500,9,16.7284,1.3037,0.4544,0.9811,0.1934,0.0000,-0.1934,0.9811,0.0000,0.0000,0.0000,1.0000,0.0210,0.0279,0.0569
500,10,16.7830,1.2534,0.4546,0.9811,0.1934,0.0000,-0.1934,0.9811,0.0000,0.0000,0.0000,1.0000,0.0210,0.0279,0.0569
501,0,16.2365,1.2134,0.4400,0.9807,0.1957,0.0000,-0.1957,0.9807,0.0000,0.0000,0.0000,1.0000,0.2577,0.2263,0.1400
501,1,16.2439,1.2178,0.6052,0.9807,0.1957,0.0000,-0.1957,0.9807,0.0000,0.0000,0.0000,1.0000,0.1100,0.2168,0.3052
501,2,16.3301,1.1735,0.5173,0.9807,0.1957,0.0000,-0.1957,0.9807,0.0000,0.0000,0.0000,1.0000,0.1101,0.3070,0.2173
501,3,16.3867,1.0046,0.5889,0.9807,0.1957,0.0000,-0.1957,0.9807,0.0000,0.0000,0.0000,1.0000,0.2836,0.2073,0.2889
501,4,16.5116,0.9822,0.5062,0.9807,0.1957,0.0000,-0.1957,0.9807,0.0000,0.0000,0.0000,1.0000,0.2820,0.2947,0.2062
501,5,16.6492,1.1491,0.6614,0.9807,0.1957,0.0000,-0.1957,0.9807,0.0000,0.0000,0.0000,1.0000,0.1112,0.2100,0.3614
501,6,16.7365,1.1864,0.4265,0.9807,0.1957,0.0000,-0.1957,0.9807,0.0000,0.0000,0.0000,1.0000,0.1972,0.1336,0.1265
501,7,16.8417,1.2160,0.4491,0.9807,0.1957,0.0000,-0.1957,0.9807,0.0000,0.0000,0.0000,1.0000,0.1624,0.1625,0.0548
501,8,16.8601,1.2637,0.4472,0.9807,0.1957,0.0000,-0.1957,0.9807,0.0000,0.0000,0.0000,1.0000,0.0831,0.2046,0.1050
501,9,16.8768,1.3347,0.4544,0.9807,0.1957,0.0000,-0.1957,0.9807,0.0000,0.0000,0.0000,1.0000,0.0210,0.0279,0.0569
501,10,16.9316,1.2845,0.4546,0.9807,0.1957,0.0000,-0.1957,0.9807,0.0000,0.0000,0.0000,1.0000,0.0210,0.0279,0.0569
502,0,16.3796,1.2420,0.4400,0.9802,0.1981,0.0000,-0.1981,0.9802,0.0000,0.0000,0.0000,1.0000,0.2577,0.2263,0.1400
502,1,16.3870,1.2465,0.6052,0.9802,0.1981,0.0000,-0.1981,0.9802,0.0000,0.0000,0.0000,1.0000,0.1100,0.2168,0.3052
502,2,16.4733,1.2024,0.5173,0.9802,0.1981,0.0000,-0.1981,0.9802,0.0000,0.0000,0.0000,1.0000,0.1101,0.3070,0.2173
502,3,16.5303,1.0336,0.5889,0.9802,0.1981,0.0000,-0.1981,0.9802,0.0000,0.0000,0.0000,1.0000,0.2836,0.2073,0.2889
502,4,16.6552,1.0115,0.5062,0.9802,0.1981,0.0000,-0.1981,0.9802,0.0000,0.0000,0.0000,1.0000,0.2820,0.2947,0.2062
502,5,16.7924,1.1787,0.6614,0.9802,0.1981,0.0000,-0.1981,0.9802,0.0000,0.0000,0.0000,1.0000,0.1112,0.2100,0.3614
502,6,16.8797,1.2163,0.4265,0.9802,0.1981,0.0000,-0.1981,0.9802,0.0000,0.0000,0.0000,1.0000,0.1972,0.1336,0.1265
502,7,16.9848,1.2461,0.4491,0.9802,0.1981,0.0000,-0.1981,0.9802,0.0000,0.0000,0.0000,1.0000,0.1624,0.1625,0.0548
502,8,17.0031,1.2939,0.4472,0.9802,0.1981,0.0000,-0.1981,0.9802,0.0000,0.0000,0.0000,1.0000,0.0831,0.2046,0.1050
502,9,17.0197,1.3648,0.4544,0.9802,0.1981,0.0000,-0.1981,0.9802,0.0000,0.0000,0.0000,1.0000,0.0210,0.0279,0.0569
502,10,17.0746,1.3148,0.4546,0.9802,0.1981,0.0000,-0.1981,0.9802,0.0000,0.0000,0.0000,1.0000,0.0210,0.0279,0.0569
503,0,16.5164,1.2697,0.4400,0.9797,0.2004,0.0000,-0.2004,0.9797,0.0000,0.0000,0.0000,1.0000,0.2577,0.2263,0.1400
503,1,16.5238,1.2742,0.6052,0.9797,0.2004,0.0000,-0.2004,0.9797,0.0000,0.0000,0.0000,1.0000,0.1100,0.2168,0.3052
503,2,16.6102,1.2303,0.5173,0.9797,0.2004,0.0000,-0.2004,0.9797,0.0000,0.0000,0.0000,1.0000,0.1101,0.3070,0.2173
503,3,16.6676,1.0617,0.5889,0.9797,0.2004,0.0000,-0.2004,0.9797,0.0000,0.0000,0.0000,1.0000,0.2836,0.2073,0.2889
503,4,16.7926,1.0398,0.5062,0.9797,0.2004,0.0000,-0.2004,0.9797,0.0000,0.0000,0.0000,1.0000,0.2820,0.2947,0.2062
503,5,16.9294,1.2074,0.6614,0.9797,0.2004,0.0000,-0.2004,0.9797,0.0000,0.0000,0.0000,1.0000,0.1112,0.2100,0.3614
503,6,17.0166,1.2452,0.4265,0.9797,0.2004,0.0000,-0.2004,0.9797,0.0000,0.0000,0.0000,1.0000,0.1972,0.1336,0.1265
503,7,17.1216,1.2752,0.4491,0.9797,0.2004,0.0000,-0.2004,0.9797,0.0000,0.0000,0.0000,1.0000,0.1624,0.1625,0.0548
503,8,17.1398,1.3230,0.4472,0.9797,0.2004,0.0000,-0.2004,0.9797,0.0000,0.0000,0.0000,1.0000,0.0831,0.2046,0.1050
503,9,17.1562,1.3941,0.4544,0.9797,0.2004,0.0000,-0.2004,0.9797,0.0000,0.0000,0.0000,1.0000,0.0210,0.0279,0.0569
503,10,17.2112,1.3442,0.4546,0.9797,0.2004,0.0000,-0.2004,0.9797,0.0000,0.0000,0.0000,1.0000,0.0210,0.0279,0.0569
504,0,16.6463,1.2963,0.4400,0.9793,0.2026,0.0000,-0.2026,0.9793,0.0000,0.0000,0.0000,1.0000,0.2577,0.2263,0.1400
504,1,16.6536,1.3008,0.6052,0.9793,0.2026,0.0000,-0.2026,0.9793,0.0000,0.0000,0.0000,1.0000,0.1100,0.2168,0.3052
504,2,16.7401,1.2572,0.5173,0.9793,0.2026,0.0000,-0.2026,0.9793,0.0000,0.0000,0.0000,1.0000,0.1101,0.3070,0.2173
504,3,16.7979,1.0887,0.5889,0.9793,0.2026,0.0000,-0.2026,0.9793,0.0000,0.0000,0.0000,1.0000,0.2836,0.2073,0.2889
504,4,16.9229,1.0670,0.5062,0.9793,0.2026,0.0000,-0.2026,0.9793,0.0000,0.0000,0.0000,1.0000,0.2820,0.2947,0.2062
504,5,17.0594,1.2350,0.6614,0.9793,0.2026,0.0000,-0.2026,0.9793,0.0000,0.0000,0.0000,1.0000,0.1112,0.2100,0.3614
504,6,17.1465,1.2729,0.4265,0.9793,0.2026,0.0000,-0.2026,0.9793,0.0000,0.0000,0.0000,1.0000,0.1972,0.1336,0.1265
504,7,17.2514,1.3032,0.4491,0.9793,0.2026,0.0000,-0.2026,0.9793,0.0000,0.0000,0.0000,1.0000,0.1624,0.1625,0.0548
504,8,17.2695,1.3510,0.4472,0.9793,0.2026,0.0000,-0.2026,0.9793,0.0000,0.0000,0.0000,1.0000,0.0831,0.2046,0.1050
504,9,17.2857,1.4221,0.4544,0.9793,0.2026,0.0000,-0.2026,0.9793,0.0000,0.0000,0.0000,1.0000,0.0210,0.0279,0.0569
504,10,17.3409,1.3723,0.4546,0.9793,0.2026,0.0000,-0.2026,0.9793,0.0000,0.0000,0.0000,1.0000,0.0210,0.0279,0.0569
505,0,16.7684,1.3217,0.4400,0.9788,0.2046,0.0000,-0.2046,0.9788,0.0000,0.0000,0.0000,1.0000,0.2577,0.2263,0.1400
505,1,16.7758,1.3262,0.6052,0.9788,0.2046,0.0000,-0.2046,0.9788,0.0000,0.0000,0.0000,1.0000,0.1100,0.2168,0.3052
505,2,16.8624,1.2827,0.5173,0.9788,0.2046,0.0000,-0.2046,0.9788,0.0000,0.0000,0.0000,1.0000,0.1101,0.3070,0.2173
505,3,16.9205,1.1143,0.5889,0.9788,0.2046,0.0000,-0.2046,0.9788,0.0000,0.0000,0.0000,1.0000,0.2836,0.2073,0.2889
505,4,17.0456,1.0929,0.5062,0.9788,0.2046,0.0000,-0.2046,0.9788,0.0000,0.0000,0.0000,1.0000,0.2820,0.2947,0.2062
505,5,17.1817,1.2611,0.6614,0.9788,0.2046,0.0000,-0.2046,0.9788,0.0000,0.0000,0.0000,1.0000,0.1112,0.2100,0.3614
505,6,17.2687,1.2993,0.4265,0.9788,0.2046,0.0000,-0.2046,0.9788,0.0000,0.0000,0.0000,1.0000,0.1972,0.1336,0.1265
505,7,17.3736,1.3298,0.4491,0.9788,0.2046,0.0000,-0.2046,0.9788,0.0000,0.0000,0.0000,1.0000,0.1624,0.1625,0.0548
505,8,17.3916,1.3777,0.4472,0.9788,0.2046,0.0000,-0.2046,0.9788,0.0000,0.0000,0.0000,1.0000,0.0831,0.2046,0.1050
505,9,17.4077,1.4487,0.4544,0.9788,0.2046,0.0000,-0.2046,0.9788,0.0000,0.0000,0.0000,1.0000,0.0210,0.0279,0.0569
505,10,17.4629,1.3991,0.4546,0.9788,0.2046,0.0000,-0.2046,0.9788,0.0000,0.0000,0.0000,1.0000,0.0210,0.0279,0.0569
506,0,16.8820,1.3454,0.4400,0.9785,0.2064,0.0000,-0.2064,0.9785,0.0000,0.0000,0.0000,1.0000,0.2577,0.2263,0.1400
506,1,16.8893,1.3499,0.6052,0.9785,0.2064,0.0000,-0.2064,0.9785,0.0000,0.0000,0.0000,1.0000,0.1100,0.2168,0.3052
506,2,16.9761,1.3066,0.5173,0.9785,0.2064,0.0000,-0.2064,0.9785,0.0000,0.0000,0.0000,1.0000,0.1101,0.3070,0.2173
506,3,17.0344,1.1383,0.5889,0.9785,0.2064,0.0000,-0.2064,0.9785,0.0000,0.0000,0.0000,1.0000,0.2836,0.2073,0.2889
506,4,17.1596,1.1172,0.5062,0.9785,0.2064,0.0000,-0.2064,0.9785,0.0000,0.0000,0.0000,1.0000,0.2820,0.2947,0.2062
506,5,17.2954,1.2857,0.6614,0.9785,0.2064,0.0000,-0.2064,0.9785,0.0000,0.0000,0.0000,1.0000,0.1112,0.2100,0.3614
506,6,17.3823,1.3239,0.4265,0.9785,0.2064,0.0000,-0.2064,0.9785,0.0000,0.0000,0.0000,1.0000,0.1972,0.1336,0.1265
506,7,17.4872,1.3546,0.4491,0.9785,0.2064,0.0000,-0.2064,0.9785,0.0000,0.0000,0.0000,1.0000,0.1624,0.1625,0.0548
506,8,17.5050,1.4026,0.4472,0.9785,0.2064,0.0000,-0.2064,0.9785,0.0000,0.0000,0.0000,1.0000,0.0831,0.2046,0.1050
506,9,17.5210,1.4737,0.4544,0.9785,0.2064,0.0000,-0.2064,0.9785,0.0000,0.0000,0.0000,1.0000,0.0210,0.0279,0.0569
506,10,17.5763,1.4241,0.4546,0.9785,0.2064,0.0000,-0.2064,0.9785,0.0000,0.0000,0.0000,1.0000,0.0210,0.0279,0.0569
507,0,16.9858,1.3673,0.4400,0.9781,0.2081,0.0000,-0.2081,0.9781,0.0000,0.0000,0.0000,1.0000,0.2577,0.2263,0.1400
507,1,16.9931,1.3719,0.6052,0.9781,0.2081,0.0000,-0.2081,0.9781,0.0000,0.0000,0.0000,1.0000,0.1100,0.2168,0.3052
507,2,17.0799,1.3287,0.5173,0.9781,0.2081,0.0000,-0.2081,0.9781,0.0000,0.0000,0.0000,1.0000,0.1101,0.3070,0.2173
507,3,17.1386,1.1605,0.5889,0.9781,0.2081,0.0000,-0.2081,0.9781,0.0000,0.0000,0.0000,1.0000,0.2836,0.2073,0.2889
507,4,17.2638,1.1396,0.5062,0.9781,0.2081,0.0000,-0.2081,0.9781,0.0000,0.0000,0.0000,1.0000,0.2820,0.2947,0.2062
507,5,17.3993,1.3083,0.6614,0.9781,0.2081,0.0000,-0.2081,0.9781,0.0000,0.0000,0.0000,1.0000,0.1112,0.2100,0.3614
507,6,17.4862,1.3467,0.4265,0.9781,0.2081,0.0000,-0.2081,0.9781,0.0000,0.0000,0.0000,1.0000,0.1972,0.1336,0.1265
507,7,17.5909,1.3776,0.4491,0.9781,0.2081,0.0000,-0.2081,0.9781,0.0000,0.0000,0.0000,1.0000,0.1624,0.1625,0.0548
507,8,17.6088,1.4255,0.4472,0.9781,0.2081,0.0000,-0.2081,0.9781,0.0000,0.0000,0.0000,1.0000,0.0831,0.2046,0.1050
507,9,17.6246,1.4967,0.4544,0.9781,0.2081,0.0000,-0.2081,0.9781,0.0000,0.0000,0.0000,1.0000,0.0210,0.0279,0.0569
507,10,17.6800,1.4472,0.4546,0.9781,0.2081,0.0000,-0.2081,0.9781,0.0000,0.0000,0.0000,1.0000,0.0210,0.0279,0.0569
508,0,17.0793,1.3872,0.4400,0.9778,0.2094,0.0000,-0.2094,0.9778,0.0000,0.0000,0.0000,1.0000,0.2577,0.2263,0.1400
508,1,17.0866,1.3918,0.6052,0.9778,0.2094,0.0000,-0.2094,0.9778,0.0000,0.0000,0.0000,1.0000,0.1100,0.2168,0.3052
508,2,17.1734,1.3487,0.5173,0.9778,0.2094,0.0000,-0.2094,0.9778,0.0000,0.0000,0.0000,1.0000,0.1101,0.3070,0.2173
508,3,17.2323,1.1806,0.5889,0.9778,0.2094,0.0000,-0.2094,0.9778,0.0000,0.0000,0.0000,1.0000,0.2836,0.2073,0.2889
508,4,17.3575,1.1599,0.5062,0.9778,0.2094,0.0000,-0.2094,0.9778,0.0000,0.0000,0.0000,1.0000,0.2820,0.2947,0.2062
508,5,17.4928,1.3287,0.6614,0.9778,0.2094,0.0000,-0.2094,0.9778,0.0000,0.0000,0.0000,1.0000,0.1112,0.2100,0.3614
508,6,17.5796,1.3673,0.4265,0.9778,0.2094,0.0000,-0.2094,0.9778,0.0000,0.0000,0.0000,1.0000,0.1972,0.1336,0.1265
508,7,17.6844,1.3983,0.4491,0.9778,0.2094,0.0000,-0.2094,0.9778,0.0000,0.0000,0.0000,1.0000,0.1624,0.1625,0.0548
508,8,17.7021,1.4463,0.4472,0.9778,0.2094,0.0000,-0.2094,0.9778,0.0000,0.0000,0.0000,1.0000,0.0831,0.2046,0.1050
508,9,17.7178,1.5175,0.4544,0.9778,0.2094,0.0000,-0.2094,0.9778,0.0000,0.0000,0.0000,1.0000,0.0210,0.0279,0.0569
508,10,17.7733,1.4681,0.4546,0.9778,0.2094,0.0000,-0.2094,0.9778,0.0000,0.0000,0.0000,1.0000,0.0210,0.0279,0.0569
509,0,17.1621,1.4050,0.4400,0.9775,0.2107,0.0000,-0.2107,0.9775,0.0000,0.0000,0.0000,1.0000,0.2577,0.2263,0.1400
509,1,17.1694,1.4095,0.6052,0.9775,0.2107,0.0000,-0.2107,0.9775,0.0000,0.0000,0.0000,1.0000,0.1100,0.2168,0.3052
509,2,17.2563,1.3666,0.5173,0.9775,0.2107,0.0000,-0.2107,0.9775,0.0000,0.0000,0.0000,1.0000,0.1101,0.3070,0.2173
509,3,17.3154,1.1985,0.5889,0.9775,0.2107,0.0000,-0.2107,0.9775,0.0000,0.0000,0.0000,1.0000,0.2836,0.2073,0.2889
509,4,17.4407,1.1780,0.5062,0.9775,0.2107,0.0000,-0.2107,0.9775,0.0000,0.0000,0.0000,1.0000,0.2820,0.2947,0.2062
509,5,17.5757,1.3470,0.6614,0.9775,0.2107,0.0000,-0.2107,0.9775,0.0000,0.0000,0.0000,1.0000,0.1112,0.2100,0.3614
509,6,17.6625,1.3857,0.4265,0.9775,0.2107,0.0000,-0.2107,0.9775,0.0000,0.0000,0.0000,1.0000,0.1972,0.1336,0.1265
509,7,17.7672,1.4168,0.4491,0.9775,0.2107,0.0000,-0.2107,0.9775,0.0000,0.0000,0.0000,1.0000,0.1624,0.1625,0.0548
509,8,17.7848,1.4648,0.4472,0.9775,0.2107,0.0000,-0.2107,0.9775,0.0000,0.0000,0.0000,1.0000,0.0831,0.2046,0.1050
509,9,17.8005,1.5360,0.4544,0.9775,0.2107,0.0000,-0.2107,0.9775,0.0000,0.0000,0.0000,1.0000,0.0210,0.0279,0.0569
509,10,17.8560,1.4867,0.4546,0.9775,0.2107,0.0000,-0.2107,0.9775,0.0000,0.0000,0.0000,1.0000,0.0210,0.0279,0.0569
510,0,17.2346,1.4206,0.4400,0.9773,0.2119,0.0000,-0.2119,0.9773,0.0000,0.0000,0.0000,1.0000,0.2577,0.2263,0.1400
510,1,17.2419,1.4251,0.6052,0.9773,0.2119,0.0000,-0.2119,0.9773,0.0000,0.0000,0.0000,1.0000,0.1100,0.2168,0.3052
510,2,17.3288,1.3823,0.5173,0.9773,0.2119,0.0000,-0.2119,0.9773,0.0000,0.0000,0.0000,1.0000,0.1101,0.3070,0.2173
510,3,17.3881,1.2143,0.5889,0.9773,0.2119,0.0000,-0.2119,0.9773,0.0000,0.0000,0.0000,1.0000,0.2836,0.2073,0.2889
510,4,17.5134,1.1939,0.5062,0.9773,0.2119,0.0000,-0.2119,0.9773,0.0000,0.0000,0.0000,1.0000,0.2820,0.2947,0.2062
510,5,17.6482,1.3631,0.6614,0.9773,0.2119,0.0000,-0.2119,0.9773,0.0000,0.0000,0.0000,1.0000,0.1112,0.2100,0.3614
510,6,17.7350,1.4019,0.4265,0.9773,0.2119,0.0000,-0.2119,0.9773,0.0000,0.0000,0.0000,1.0000,0.1972,0.1336,0.1265
510,7,17.8396,1.4332,0.4491,0.9773,0.2119,0.0000,-0.2119,0.9773,0.0000,0.0000,0.0000,1.0000,0.1624,0.1625,0.0548
510,8,17.8572,1.4812,0.4472,0.9773,0.2119,0.0000,-0.2119,0.9773,0.0000,0.0000,0.0000,1.0000,0.0831,0.2046,0.1050
510,9,17.8728,1.5524,0.4544,0.9773,0.2119,0.0000,-0.2119,0.9773,0.0000,0.0000,0.0000,1.0000,0.0210,0.0279,0.0569
510,10,17.9284,1.5032,0.4546,0.9773,0.2119,0.0000,-0.2119,0.9773,0.0000,0.0000,0.0000,1.0000,0.0210,0.0279,0.0569
511,0,17.2973,1.4342,0.4400,0.9771,0.2129,0.0000,-0.2129,0.9771,0.0000,0.0000,0.0000,1.0000,0.2577,0.2263,0.1400
511,1,17.3046,1.4387,0.6052,0.9771,0.2129,0.0000,-0.2129,0.9771,0.0000,0.0000,0.0000,1.0000,0.1100,0.2168,0.3052
511,2,17.3916,1.3960,0.5173,0.9771,0.2129,0.0000,-0.2129,0.9771,0.0000,0.0000,0.0000,1.0000,0.1101,0.3070,0.2173
511,3,17.4511,1.2281,0.5889,0.9771,0.2129,0.0000,-0.2129,0.9771,0.0000,0.0000,0.0000,1.0000,0.2836,0.2073,0.2889
511,4,17.5764,1.2078,0.5062,0.9771,0.2129,0.0000,-0.2129,0.9771,0.0000,0.0000,0.0000,1.0000,0.2820,0.2947,0.2062
511,5,17.7111,1.3772,0.6614,0.9771,0.2129,0.0000,-0.2129,0.9771,0.0000,0.0000,0.0000,1.0000,0.1112,0.2100,0.3614
511,6,17.7978,1.4160,0.4265,0.9771,0.2129,0.0000,-0.2129,0.9771,0.0000,0.0000,0.0000,1.0000,0.1972,0.1336,0.1265
511,7,17.9024,1.4474,0.4491,0.9771,0.2129,0.0000,-0.2129,0.9771,0.0000,0.0000,0.0000,1.0000,0.1624,0.1625,0.0548
511,8,17.9200,1.4954,0.4472,0.9771,0.2129,0.0000,-0.2129,0.9771,0.0000,0.0000,0.0000,1.0000,0.0831,0.2046,0.1050
511,9,17.9355,1.5667,0.4544,0.9771,0.2129,0.0000,-0.2129,0.9771,0.0000,0.0000,0.0000,1.0000,0.0210,0.0279,0.0569
511,10,17.9911,1.5175,0.4546,0.9771,0.2129,0.0000,-0.2129,0.9771,0.0000,0.0000,0.0000,1.0000,0.0210,0.0279,0.0569
